W,L,qp,qr,seed,v_ref,r_robot,mean_speed,speed_count,mean_density,inflow_ped,outflow_ped,flow_ratio,tag
2.5,50.0,50.0,3.0,0,1.39,0.48,1.0684069629434585,37915,0.3159583333333343,198,200,1.0101010101010102,AMS-1073074102-0|qp50
2.5,50.0,50.0,3.0,12,1.39,0.48,1.1206366584438516,36079,0.3006583333333298,198,193,0.9747474747474748,AMS-1073074102-0|qp50
2.5,50.0,50.0,3.0,24,1.39,0.48,1.0559833728583738,37529,0.3127416666666674,198,194,0.9797979797979798,AMS-1073074102-0|qp50
1.2,50.0,14.0,3.0,6,1.39,0.48,1.272462938005409,8904,0.1545833333333353,56,55,0.9821428571428572,AMS-244428233-0|qp14
1.2,50.0,14.0,3.0,18,1.39,0.48,1.2161617472158792,9249,0.1605729166666677,56,56,1.0,AMS-244428233-0|qp14
1.2,50.0,6.0,3.0,0,1.39,0.48,1.2996716101694874,3776,0.0655555555555559,24,23,0.9583333333333334,AMS-244428233-0|qp6
1.2,50.0,6.0,3.0,12,1.39,0.48,1.2765149921094117,3802,0.0660069444444445,24,24,1.0,AMS-244428233-0|qp6
1.2,50.0,6.0,3.0,24,1.39,0.48,1.3308420473307416,3634,0.0630902777777774,24,24,1.0,AMS-244428233-0|qp6
2.5,50.0,12.0,3.0,6,1.39,0.48,1.2721357960457793,3844,0.0320333333333338,48,47,0.9791666666666666,AMS-4480498-0|qp12
2.5,50.0,12.0,3.0,18,1.39,0.48,1.266131045241803,3846,0.0320500000000003,48,48,1.0,AMS-4480498-0|qp12
2.5,50.0,30.0,3.0,0,1.39,0.48,1.1929746153092295,10203,0.0850250000000006,120,119,0.9916666666666668,AMS-4480498-0|qp30
2.5,50.0,30.0,3.0,12,1.39,0.48,1.2321399635406158,9874,0.0822833333333342,120,119,0.9916666666666668,AMS-4480498-0|qp30
2.5,50.0,30.0,3.0,24,1.39,0.48,1.2270896496336294,9961,0.0830083333333349,120,118,0.9833333333333332,AMS-4480498-0|qp30
3.6,50.0,18.0,3.0,6,1.39,0.48,1.2492237682681264,11427,0.0661284722222222,72,71,0.9861111111111112,AMS-4480626-0|qp18
3.6,50.0,18.0,3.0,18,1.39,0.48,1.212863813890234,11778,0.0681597222222228,72,73,1.0138888888888888,AMS-4480626-0|qp18
3.6,50.0,43.0,3.0,0,1.39,0.48,1.0245231754391768,33419,0.1933969907407404,172,176,1.0232558139534884,AMS-4480626-0|qp43
3.6,50.0,43.0,3.0,12,1.39,0.48,1.0408662381389229,32670,0.1890625000000008,170,168,0.9882352941176472,AMS-4480626-0|qp43
3.6,50.0,43.0,3.0,24,1.39,0.48,1.0690723741725905,32028,0.1853472222222216,172,173,1.005813953488372,AMS-4480626-0|qp43
3.6,50.0,18.0,3.0,6,1.39,0.48,1.35426482991284,10671,0.0617534722222224,72,73,1.0138888888888888,AMS-4480644-0|qp18
3.6,50.0,18.0,3.0,18,1.39,0.48,1.302017504285777,11083,0.0641377314814817,72,73,1.0138888888888888,AMS-4480644-0|qp18
3.6,50.0,43.0,3.0,0,1.39,0.48,1.1996807368677145,28879,0.1671238425925939,172,177,1.0290697674418603,AMS-4480644-0|qp43
3.6,50.0,43.0,3.0,12,1.39,0.48,1.2095073787771482,28460,0.1646990740740742,172,166,0.9651162790697676,AMS-4480644-0|qp43
3.6,50.0,43.0,3.0,24,1.39,0.48,1.2343702029983328,27882,0.1613541666666648,172,172,1.0,AMS-4480644-0|qp43
2.5,50.0,12.0,3.0,6,1.39,0.48,1.3045575160717373,7311,0.0609250000000017,48,47,0.9791666666666666,AMS-4495978-0|qp12
2.5,50.0,12.0,3.0,18,1.39,0.48,1.3141458785249374,7376,0.0614666666666676,48,48,1.0,AMS-4495978-0|qp12
2.5,50.0,30.0,3.0,0,1.39,0.48,1.1974177688185137,20339,0.1694916666666689,120,115,0.9583333333333334,AMS-4495978-0|qp30
2.5,50.0,30.0,3.0,12,1.39,0.48,1.2538240174220068,19286,0.1607166666666681,120,121,1.0083333333333333,AMS-4495978-0|qp30
2.5,50.0,30.0,3.0,24,1.39,0.48,1.2641050257055704,19062,0.1588500000000009,120,120,1.0,AMS-4495978-0|qp30
2.5,50.0,12.0,3.0,6,1.39,0.48,1.1812818706860204,7099,0.0591583333333345,48,48,1.0,AMS-4495979-0|qp12
2.5,50.0,12.0,3.0,18,1.39,0.48,1.171571985519355,7182,0.0598500000000008,48,48,1.0,AMS-4495979-0|qp12
2.5,50.0,30.0,3.0,0,1.39,0.48,1.1010161674784582,19298,0.160816666666667,120,124,1.0333333333333334,AMS-4495979-0|qp30
2.5,50.0,30.0,3.0,12,1.39,0.48,1.1603049526989395,17970,0.1497500000000001,120,120,1.0,AMS-4495979-0|qp30
2.5,50.0,30.0,3.0,24,1.39,0.48,1.163951311904588,17951,0.1495916666666672,120,121,1.0083333333333333,AMS-4495979-0|qp30
2.5,50.0,12.0,3.0,6,1.39,0.48,1.1745550122249837,8180,0.0681666666666675,48,49,1.0208333333333333,AMS-4496429-0|qp12
2.5,50.0,12.0,3.0,18,1.39,0.48,1.1555529576806172,8554,0.0712833333333342,48,49,1.0208333333333333,AMS-4496429-0|qp12
2.5,50.0,30.0,3.0,0,1.39,0.48,0.9372149947360624,26596,0.221633333333335,120,117,0.975,AMS-4496429-0|qp30
2.5,50.0,30.0,3.0,12,1.39,0.48,0.9962048800161508,24795,0.2066250000000036,120,119,0.9916666666666668,AMS-4496429-0|qp30
2.5,50.0,30.0,3.0,24,1.39,0.48,0.9421414353851308,26627,0.2218916666666706,120,117,0.975,AMS-4496429-0|qp30
2.5,50.0,12.0,3.0,6,1.39,0.48,1.329875541882329,7151,0.0595916666666684,48,48,1.0,AMS-7370864-0|qp12
2.5,50.0,12.0,3.0,18,1.39,0.48,1.3287747524752436,7272,0.0606000000000011,48,49,1.0208333333333333,AMS-7370864-0|qp12
2.5,50.0,30.0,3.0,0,1.39,0.48,1.217681943400963,19965,0.1663750000000015,120,117,0.975,AMS-7370864-0|qp30
2.5,50.0,30.0,3.0,12,1.39,0.48,1.2508250687990237,19259,0.1604916666666673,120,121,1.0083333333333333,AMS-7370864-0|qp30
2.5,50.0,30.0,3.0,24,1.39,0.48,1.2509691287682567,19306,0.1608833333333348,120,119,0.9916666666666668,AMS-7370864-0|qp30
4.0,50.0,80.0,3.0,6,1.39,0.48,0.982021354933448,65184,0.3394999999999977,320,325,1.015625,AMS-7371505-0|qp80
4.0,50.0,80.0,3.0,18,1.39,0.48,0.9745872324934182,65933,0.3434010416666644,320,311,0.971875,AMS-7371505-0|qp80
4.0,50.0,100.0,3.0,0,1.39,0.48,0.8192047321381932,96785,0.5040885416666656,400,400,1.0,AMS-7371505-3|qp100
4.0,50.0,100.0,3.0,12,1.39,0.48,0.7202836316268207,112082,0.5837604166666636,400,388,0.97,AMS-7371505-3|qp100
4.0,50.0,100.0,3.0,24,1.39,0.48,0.868237285585374,93044,0.484604166666667,400,402,1.005,AMS-7371505-3|qp100
4.0,50.0,60.0,3.0,6,1.39,0.48,1.1812825434322598,40638,0.2116562499999988,240,237,0.9875,AMS-7371505-3|qp60
4.0,50.0,60.0,3.0,18,1.39,0.48,1.125304622343735,42446,0.2210729166666667,240,243,1.0125,AMS-7371505-3|qp60
2.5,50.0,38.0,3.0,0,1.39,0.48,1.187033477991334,25808,0.2150666666666705,152,157,1.0328947368421053,LON-4082553-0|qp38
2.5,50.0,38.0,3.0,12,1.39,0.48,1.2358118582849669,24641,0.2053416666666687,152,154,1.013157894736842,LON-4082553-0|qp38
2.5,50.0,38.0,3.0,24,1.39,0.48,1.2410791750378922,24389,0.2032416666666698,152,151,0.993421052631579,LON-4082553-0|qp38
2.5,50.0,62.0,3.0,6,1.39,0.48,1.1571146700531556,42522,0.354349999999999,248,250,1.0080645161290325,LON-4082553-0|qp62
2.5,50.0,62.0,3.0,18,1.39,0.48,1.1021835951446757,44816,0.3734666666666666,248,245,0.9879032258064516,LON-4082553-0|qp62
2.5,50.0,38.0,3.0,0,1.39,0.48,1.1754616768071051,26133,0.217775000000004,152,156,1.0263157894736843,LON-4082554-0|qp38
2.5,50.0,38.0,3.0,12,1.39,0.48,1.2050078957757655,25330,0.2110833333333364,152,150,0.986842105263158,LON-4082554-0|qp38
2.5,50.0,38.0,3.0,24,1.39,0.48,1.2516234595886695,24263,0.2021916666666698,152,151,0.993421052631579,LON-4082554-0|qp38
2.5,50.0,62.0,3.0,6,1.39,0.48,1.0410229469096437,48634,0.4052833333333379,248,251,1.0120967741935485,LON-4082554-0|qp62
2.5,50.0,62.0,3.0,18,1.39,0.48,1.0342056987306332,33797,0.2816416666666708,144,165,1.1458333333333333,LON-4082554-0|qp62
2.5,50.0,38.0,3.0,0,1.39,0.48,1.1885804477496753,25818,0.2151500000000033,152,156,1.0263157894736843,LON-4082592-0|qp38
2.5,50.0,38.0,3.0,12,1.39,0.48,1.2306096131301218,24737,0.2061416666666687,152,152,1.0,LON-4082592-0|qp38
2.5,50.0,38.0,3.0,24,1.39,0.48,1.2430146245544755,24411,0.2034250000000044,152,151,0.993421052631579,LON-4082592-0|qp38
2.5,50.0,62.0,3.0,6,1.39,0.48,1.050760679253416,47405,0.3950416666666688,248,239,0.9637096774193548,LON-4082592-0|qp62
2.5,50.0,62.0,3.0,18,1.39,0.48,1.0512979164026184,47322,0.3943500000000007,248,250,1.0080645161290325,LON-4082592-0|qp62
2.5,50.0,50.0,3.0,0,1.39,0.48,1.1512680590452231,12736,0.1061333333333329,200,177,0.885,SIN-1105987650-1|qp50
2.5,50.0,50.0,3.0,12,1.39,0.48,1.2170323473079314,9398,0.0783166666666666,118,111,0.940677966101695,SIN-1105987650-1|qp50
2.5,50.0,50.0,3.0,24,1.39,0.48,1.1481596986817384,13275,0.1106249999999999,200,170,0.85,SIN-1105987650-1|qp50
2.0,50.0,10.0,3.0,6,1.39,0.48,1.2779333597778744,2521,0.0262604166666659,40,41,1.025,SIN-131164229-0|qp10
2.0,50.0,10.0,3.0,18,1.39,0.48,1.2555199683669562,2529,0.0263437499999991,40,38,0.95,SIN-131164229-0|qp10
2.0,50.0,24.0,3.0,0,1.39,0.48,1.2019928493704422,6433,0.0670104166666669,96,96,1.0,SIN-131164229-0|qp24
2.0,50.0,24.0,3.0,12,1.39,0.48,1.2061299875311935,6416,0.0668333333333332,96,97,1.0104166666666667,SIN-131164229-0|qp24
2.0,50.0,24.0,3.0,24,1.39,0.48,1.2104460093896747,6390,0.0665624999999994,96,96,1.0,SIN-131164229-0|qp24
1.8,50.0,22.0,3.0,6,1.39,0.48,1.1077572066095729,16582,0.191921296296301,86,86,1.0,SIN-139715353-1|qp22
1.8,50.0,22.0,3.0,18,1.39,0.48,1.1068386859524513,16316,0.1888425925925988,86,87,1.0116279069767442,SIN-139715353-1|qp22
1.8,50.0,9.0,3.0,0,1.39,0.48,1.1519855368653062,6361,0.0736226851851846,36,34,0.9444444444444444,SIN-139715353-1|qp9
1.8,50.0,9.0,3.0,12,1.39,0.48,1.2282333443818785,6034,0.0698379629629619,36,36,1.0,SIN-139715353-1|qp9
1.8,50.0,9.0,3.0,24,1.39,0.48,1.2070564119383442,6098,0.0705787037037033,36,36,1.0,SIN-139715353-1|qp9
3.0,50.0,15.0,3.0,6,1.39,0.48,1.2966445821757069,9358,0.0649861111111101,60,60,1.0,SIN-1464509030-0|qp15
3.0,50.0,15.0,3.0,18,1.39,0.48,1.223114654824328,9908,0.0688055555555542,60,59,0.9833333333333332,SIN-1464509030-0|qp15
3.0,50.0,36.0,3.0,0,1.39,0.48,1.10769314227998,26729,0.1856180555555555,144,146,1.0138888888888888,SIN-1464509030-0|qp36
3.0,50.0,36.0,3.0,12,1.39,0.48,1.1602023433438735,25007,0.1736597222222199,144,143,0.9930555555555556,SIN-1464509030-0|qp36
3.0,50.0,36.0,3.0,24,1.39,0.48,1.1656410873225769,24942,0.1732083333333326,144,141,0.9791666666666666,SIN-1464509030-0|qp36
2.0,50.0,10.0,3.0,6,1.39,0.48,1.3694697484704448,5884,0.0612916666666664,40,41,1.025,SIN-166571436-2|qp10
2.0,50.0,10.0,3.0,18,1.39,0.48,1.3496147946138857,5867,0.0611145833333325,40,39,0.975,SIN-166571436-2|qp10
2.0,50.0,24.0,3.0,0,1.39,0.48,1.241945016739631,15532,0.1617916666666666,96,96,1.0,SIN-166571436-2|qp24
2.0,50.0,24.0,3.0,12,1.39,0.48,1.286960148285469,15106,0.157354166666667,96,98,1.0208333333333333,SIN-166571436-2|qp24
2.0,50.0,24.0,3.0,24,1.39,0.48,1.2899799371364002,14953,0.1557604166666664,96,97,1.0104166666666667,SIN-166571436-2|qp24
2.0,50.0,10.0,3.0,6,1.39,0.48,1.3062397688974638,6231,0.0649062499999996,40,42,1.05,SIN-166571436-3|qp10
2.0,50.0,10.0,3.0,18,1.39,0.48,1.2802571063557435,6262,0.0652291666666654,40,39,0.975,SIN-166571436-3|qp10
2.0,50.0,24.0,3.0,0,1.39,0.48,1.148842204096023,17041,0.1775104166666666,96,96,1.0,SIN-166571436-3|qp24
2.0,50.0,24.0,3.0,12,1.39,0.48,1.203751065643662,16422,0.1710624999999998,96,98,1.0208333333333333,SIN-166571436-3|qp24
2.0,50.0,24.0,3.0,24,1.39,0.48,1.20863225646739,16158,0.1683124999999989,96,98,1.0208333333333333,SIN-166571436-3|qp24
1.8,50.0,22.0,3.0,6,1.39,0.48,1.250770310088397,14254,0.1649768518518555,88,85,0.9659090909090908,SIN-170969415-0|qp22
1.8,50.0,22.0,3.0,18,1.39,0.48,1.2297352553884562,14429,0.1670023148148188,88,88,1.0,SIN-170969415-0|qp22
1.8,50.0,9.0,3.0,0,1.39,0.48,1.2121149042465045,6005,0.0695023148148145,36,34,0.9444444444444444,SIN-170969415-0|qp9
1.8,50.0,9.0,3.0,12,1.39,0.48,1.2918569680014445,5719,0.0661921296296285,36,36,1.0,SIN-170969415-0|qp9
1.8,50.0,9.0,3.0,24,1.39,0.48,1.327428622732998,5569,0.0644560185185185,36,36,1.0,SIN-170969415-0|qp9
2.0,50.0,10.0,3.0,6,1.39,0.48,1.3316290933026296,6077,0.0633020833333334,40,41,1.025,SIN-190681368-0|qp10
2.0,50.0,10.0,3.0,18,1.39,0.48,1.3438771365712752,5909,0.0615520833333328,40,40,1.0,SIN-190681368-0|qp10
2.0,50.0,24.0,3.0,0,1.39,0.48,1.2027520148791362,16130,0.1680208333333349,96,95,0.9895833333333334,SIN-190681368-0|qp24
2.0,50.0,24.0,3.0,12,1.39,0.48,1.2251657128482785,15901,0.1656354166666651,96,99,1.03125,SIN-190681368-0|qp24
2.0,50.0,24.0,3.0,24,1.39,0.48,1.2368927164103627,15734,0.1638958333333325,96,98,1.0208333333333333,SIN-190681368-0|qp24
2.0,50.0,10.0,3.0,6,1.39,0.48,1.336110194655254,6062,0.0631458333333335,40,42,1.05,SIN-197634752-1|qp10
2.0,50.0,10.0,3.0,18,1.39,0.48,1.3046572414926365,6083,0.0633645833333328,40,39,0.975,SIN-197634752-1|qp10
2.0,50.0,24.0,3.0,0,1.39,0.48,1.1465312260423568,16957,0.1766354166666668,96,93,0.96875,SIN-197634752-1|qp24
2.0,50.0,24.0,3.0,12,1.39,0.48,1.212589070700854,16195,0.1686979166666661,96,98,1.0208333333333333,SIN-197634752-1|qp24
2.0,50.0,24.0,3.0,24,1.39,0.48,1.2279954195559708,15719,0.1637395833333319,96,96,1.0,SIN-197634752-1|qp24
2.0,50.0,10.0,3.0,6,1.39,0.48,1.330763005780365,6055,0.0630729166666669,40,41,1.025,SIN-198571185-1|qp10
2.0,50.0,10.0,3.0,18,1.39,0.48,1.3216341178433786,5991,0.0624062499999987,40,39,0.975,SIN-198571185-1|qp10
2.0,50.0,24.0,3.0,0,1.39,0.48,1.1899249738638502,16261,0.1693854166666661,96,96,1.0,SIN-198571185-1|qp24
2.0,50.0,24.0,3.0,12,1.39,0.48,1.227215837332678,15836,0.1649583333333316,96,98,1.0208333333333333,SIN-198571185-1|qp24
2.0,50.0,24.0,3.0,24,1.39,0.48,1.194510044096053,16328,0.1700833333333332,96,96,1.0,SIN-198571185-1|qp24
2.0,50.0,10.0,3.0,6,1.39,0.48,1.3431785535326708,5987,0.0623645833333333,40,41,1.025,SIN-198571185-2|qp10
2.0,50.0,10.0,3.0,18,1.39,0.48,1.32940832358343,5983,0.0623229166666654,40,39,0.975,SIN-198571185-2|qp10
2.0,50.0,24.0,3.0,0,1.39,0.48,1.204409429125251,15993,0.1665937499999988,96,94,0.9791666666666666,SIN-198571185-2|qp24
2.0,50.0,24.0,3.0,12,1.39,0.48,1.2324765109192777,15752,0.1640833333333313,96,98,1.0208333333333333,SIN-198571185-2|qp24
2.0,50.0,24.0,3.0,24,1.39,0.48,1.224698348923381,15929,0.1659270833333312,96,96,1.0,SIN-198571185-2|qp24
2.0,50.0,10.0,3.0,6,1.39,0.48,1.3462918900804506,5968,0.0621666666666665,40,41,1.025,SIN-198571185-3|qp10
2.0,50.0,10.0,3.0,18,1.39,0.48,1.3285291659701934,5983,0.0623229166666654,40,39,0.975,SIN-198571185-3|qp10
2.0,50.0,24.0,3.0,0,1.39,0.48,1.1873178645769706,16334,0.1701458333333337,96,96,1.0,SIN-198571185-3|qp24
2.0,50.0,24.0,3.0,12,1.39,0.48,1.2339492296034646,15836,0.1649583333333314,96,98,1.0208333333333333,SIN-198571185-3|qp24
2.0,50.0,24.0,3.0,24,1.39,0.48,1.2246775721594296,15833,0.1649270833333314,96,96,1.0,SIN-198571185-3|qp24
2.0,50.0,10.0,3.0,6,1.39,0.48,1.3240772251309092,6112,0.0636666666666662,40,42,1.05,SIN-200167221-1|qp10
2.0,50.0,10.0,3.0,18,1.39,0.48,1.330782798588891,5953,0.062010416666666,40,39,0.975,SIN-200167221-1|qp10
2.0,50.0,24.0,3.0,0,1.39,0.48,1.1766792132103372,16472,0.1715833333333351,96,95,0.9895833333333334,SIN-200167221-1|qp24
2.0,50.0,24.0,3.0,12,1.39,0.48,1.229068612037019,15901,0.1656354166666658,96,98,1.0208333333333333,SIN-200167221-1|qp24
2.0,50.0,24.0,3.0,24,1.39,0.48,1.2301594663278346,15740,0.163958333333332,96,98,1.0208333333333333,SIN-200167221-1|qp24
2.0,50.0,10.0,3.0,6,1.39,0.48,1.2376168997143355,6651,0.0692812500000001,40,42,1.05,SIN-200171267-0|qp10
2.0,50.0,10.0,3.0,18,1.39,0.48,1.244001555209904,6430,0.066979166666666,40,40,1.0,SIN-200171267-0|qp10
2.0,50.0,24.0,3.0,0,1.39,0.48,1.109783559620528,17603,0.1833645833333337,94,95,1.0106382978723405,SIN-200171267-0|qp24
2.0,50.0,24.0,3.0,12,1.39,0.48,1.198932163886168,16304,0.169833333333332,94,97,1.0319148936170213,SIN-200171267-0|qp24
2.0,50.0,24.0,3.0,24,1.39,0.48,1.1674143283582084,16750,0.1744791666666655,94,97,1.0319148936170213,SIN-200171267-0|qp24
2.0,50.0,10.0,3.0,6,1.39,0.48,1.2653859137640169,6517,0.0678854166666663,40,42,1.05,SIN-200171267-2|qp10
2.0,50.0,10.0,3.0,18,1.39,0.48,1.246178836633615,6464,0.0673333333333321,40,39,0.975,SIN-200171267-2|qp10
2.0,50.0,24.0,3.0,0,1.39,0.48,1.1345436668594555,17290,0.180104166666667,96,96,1.0,SIN-200171267-2|qp24
2.0,50.0,24.0,3.0,12,1.39,0.48,1.1911603299856726,16728,0.1742499999999991,96,98,1.0208333333333333,SIN-200171267-2|qp24
2.0,50.0,24.0,3.0,24,1.39,0.48,1.166852005696683,16852,0.1755416666666651,96,97,1.0104166666666667,SIN-200171267-2|qp24
2.0,50.0,10.0,3.0,6,1.39,0.48,1.260931782945749,6450,0.0671874999999997,40,42,1.05,SIN-200171268-0|qp10
2.0,50.0,10.0,3.0,18,1.39,0.48,1.265625892432123,6303,0.0656562499999983,40,39,0.975,SIN-200171268-0|qp10
2.0,50.0,24.0,3.0,0,1.39,0.48,1.1482636807147737,17013,0.1772187500000014,96,96,1.0,SIN-200171268-0|qp24
2.0,50.0,24.0,3.0,12,1.39,0.48,1.1875270627856889,16628,0.1732083333333321,96,99,1.03125,SIN-200171268-0|qp24
2.0,50.0,24.0,3.0,24,1.39,0.48,1.152395354321449,16962,0.176687499999999,96,96,1.0,SIN-200171268-0|qp24
2.0,50.0,10.0,3.0,6,1.39,0.48,1.2906206569804308,6332,0.0659583333333331,40,42,1.05,SIN-200171268-4|qp10
2.0,50.0,10.0,3.0,18,1.39,0.48,1.2916510197474351,6178,0.0643541666666655,40,40,1.0,SIN-200171268-4|qp10
2.0,50.0,24.0,3.0,0,1.39,0.48,1.130718762578377,17391,0.1811562499999997,96,96,1.0,SIN-200171268-4|qp24
2.0,50.0,24.0,3.0,12,1.39,0.48,1.1905505420628917,16511,0.1719895833333316,96,98,1.0208333333333333,SIN-200171268-4|qp24
2.0,50.0,24.0,3.0,24,1.39,0.48,1.1840160715364745,16551,0.1724062499999983,96,97,1.0104166666666667,SIN-200171268-4|qp24
1.8,50.0,27.0,3.0,6,1.39,0.48,1.16656727543797,18781,0.2173726851851888,108,105,0.9722222222222222,SIN-22811726-0|qp27
1.8,50.0,27.0,3.0,18,1.39,0.48,1.1187922998986934,19740,0.2284722222222246,108,110,1.0185185185185186,SIN-22811726-0|qp27
1.8,50.0,27.0,3.0,0,1.39,0.48,1.1069139139139836,19980,0.2312500000000016,108,110,1.0185185185185186,SIN-22811727-0|qp27
1.8,50.0,27.0,3.0,12,1.39,0.48,1.156795739545664,19059,0.2205902777777822,108,105,0.9722222222222222,SIN-22811727-0|qp27
1.8,50.0,27.0,3.0,24,1.39,0.48,1.2021563342318335,18179,0.2104050925925972,108,108,1.0,SIN-22811727-0|qp27
1.8,50.0,27.0,3.0,6,1.39,0.48,1.1783467959073806,5571,0.0644791666666658,108,109,1.0092592592592593,SIN-22811728-0|qp27
1.8,50.0,27.0,3.0,18,1.39,0.48,1.1686296429859442,5546,0.0641898148148138,108,107,0.9907407407407408,SIN-22811728-0|qp27
1.8,50.0,45.0,3.0,0,1.39,0.48,1.1147960411929858,7477,0.0865393518518467,67,83,1.2388059701492538,SIN-22811728-0|qp45
1.8,50.0,45.0,3.0,12,1.39,0.48,1.1369800838574533,9540,0.1104166666666675,180,178,0.9888888888888888,SIN-22811728-0|qp45
1.8,50.0,45.0,3.0,24,1.39,0.48,1.0811591086786654,10232,0.1184259259259263,180,179,0.9944444444444444,SIN-22811728-0|qp45
1.8,50.0,22.0,3.0,6,1.39,0.48,1.1891545704197894,15294,0.1770138888888939,88,86,0.9772727272727272,SIN-22928582-0|qp22
1.8,50.0,22.0,3.0,18,1.39,0.48,1.1686480051480088,15540,0.1798611111111172,88,87,0.9886363636363636,SIN-22928582-0|qp22
1.8,50.0,9.0,3.0,0,1.39,0.48,1.178922953451082,6230,0.0721064814814805,36,35,0.9722222222222222,SIN-22928582-0|qp9
1.8,50.0,9.0,3.0,12,1.39,0.48,1.254548993061477,5909,0.0683912037037025,36,36,1.0,SIN-22928582-0|qp9
1.8,50.0,9.0,3.0,24,1.39,0.48,1.2579827819041285,5924,0.0685648148148142,36,36,1.0,SIN-22928582-0|qp9
1.8,50.0,22.0,3.0,6,1.39,0.48,1.1801624054265587,15332,0.1774537037037082,88,87,0.9886363636363636,SIN-22928582-1|qp22
1.8,50.0,22.0,3.0,18,1.39,0.48,1.159207806381213,15577,0.1802893518518577,88,87,0.9886363636363636,SIN-22928582-1|qp22
1.8,50.0,9.0,3.0,0,1.39,0.48,1.1827571751048431,6202,0.0717824074074068,36,36,1.0,SIN-22928582-1|qp9
1.8,50.0,9.0,3.0,12,1.39,0.48,1.2414466455802038,6007,0.0695254629629617,36,36,1.0,SIN-22928582-1|qp9
1.8,50.0,9.0,3.0,24,1.39,0.48,1.2319107438016634,6050,0.0700231481481472,36,36,1.0,SIN-22928582-1|qp9
1.8,50.0,22.0,3.0,6,1.39,0.48,1.1854107107568623,15181,0.1757060185185224,88,88,1.0,SIN-22928582-2|qp22
1.8,50.0,22.0,3.0,18,1.39,0.48,1.1440785555907589,15785,0.182696759259265,88,88,1.0,SIN-22928582-2|qp22
1.8,50.0,9.0,3.0,0,1.39,0.48,1.160715418781762,6304,0.0729629629629627,36,34,0.9444444444444444,SIN-22928582-2|qp9
1.8,50.0,9.0,3.0,12,1.39,0.48,1.2326374172185846,6040,0.0699074074074061,36,36,1.0,SIN-22928582-2|qp9
1.8,50.0,9.0,3.0,24,1.39,0.48,1.250058724832226,5960,0.0689814814814807,36,36,1.0,SIN-22928582-2|qp9
3.0,50.0,15.0,3.0,6,1.39,0.48,1.0385879649332088,11749,0.0815902777777773,60,59,0.9833333333333332,SIN-546209379-0|qp15
3.0,50.0,15.0,3.0,18,1.39,0.48,0.909836770385448,13723,0.0952986111111109,60,57,0.95,SIN-546209379-0|qp15
3.0,50.0,36.0,3.0,0,1.39,0.48,0.7886133284796735,38459,0.2670763888888917,144,143,0.9930555555555556,SIN-546209379-0|qp36
3.0,50.0,36.0,3.0,12,1.39,0.48,0.796276898309612,37270,0.2588194444444491,144,146,1.0138888888888888,SIN-546209379-0|qp36
3.0,50.0,36.0,3.0,24,1.39,0.48,0.8529184073663254,35187,0.2443541666666689,144,144,1.0,SIN-546209379-0|qp36
3.0,50.0,15.0,3.0,6,1.39,0.48,1.365492415666764,8834,0.0613472222222212,60,60,1.0,SIN-546209379-1|qp15
3.0,50.0,15.0,3.0,18,1.39,0.48,1.2943374529822138,9305,0.0646180555555549,60,59,0.9833333333333332,SIN-546209379-1|qp15
3.0,50.0,36.0,3.0,0,1.39,0.48,1.1859562596725894,24554,0.1705138888888885,144,145,1.0069444444444444,SIN-546209379-1|qp36
3.0,50.0,36.0,3.0,12,1.39,0.48,1.2454282137615589,23166,0.1608749999999995,144,142,0.9861111111111112,SIN-546209379-1|qp36
3.0,50.0,36.0,3.0,24,1.39,0.48,1.22285075960679,23499,0.1631874999999992,144,147,1.0208333333333333,SIN-546209379-1|qp36
3.0,50.0,15.0,3.0,6,1.39,0.48,1.3631703720508357,8816,0.0612222222222209,60,60,1.0,SIN-546209379-2|qp15
3.0,50.0,15.0,3.0,18,1.39,0.48,1.2889115573594847,9362,0.0650138888888883,60,59,0.9833333333333332,SIN-546209379-2|qp15
3.0,50.0,36.0,3.0,0,1.39,0.48,1.1985107877986092,24194,0.1680138888888897,144,145,1.0069444444444444,SIN-546209379-2|qp36
3.0,50.0,36.0,3.0,12,1.39,0.48,1.2468160275743354,23210,0.1611805555555548,144,142,0.9861111111111112,SIN-546209379-2|qp36
3.0,50.0,36.0,3.0,24,1.39,0.48,1.2459542017902068,23014,0.1598194444444437,144,147,1.0208333333333333,SIN-546209379-2|qp36
1.8,50.0,22.0,3.0,6,1.39,0.48,1.2327837580051724,14678,0.1698842592592644,88,85,0.9659090909090908,SIN-74587409-1|qp22
1.8,50.0,22.0,3.0,18,1.39,0.48,1.2021841240018845,14903,0.1724884259259322,88,91,1.0340909090909092,SIN-74587409-1|qp22
1.8,50.0,9.0,3.0,0,1.39,0.48,1.2116666666667029,6006,0.0695138888888887,36,34,0.9444444444444444,SIN-74587409-1|qp9
1.8,50.0,9.0,3.0,12,1.39,0.48,1.2814454893765734,5742,0.0664583333333322,36,36,1.0,SIN-74587409-1|qp9
1.8,50.0,9.0,3.0,24,1.39,0.48,1.3329152358575886,5533,0.0640393518518512,36,36,1.0,SIN-74587409-1|qp9
1.8,50.0,22.0,3.0,6,1.39,0.48,1.2112815324430195,14826,0.1715972222222282,88,85,0.9659090909090908,SIN-74587409-2|qp22
1.8,50.0,22.0,3.0,18,1.39,0.48,1.196333310960472,14899,0.1724421296296356,88,91,1.0340909090909092,SIN-74587409-2|qp22
1.8,50.0,9.0,3.0,0,1.39,0.48,1.21063082556595,6008,0.069537037037037,36,34,0.9444444444444444,SIN-74587409-2|qp9
1.8,50.0,9.0,3.0,12,1.39,0.48,1.2968962464589695,5648,0.0653703703703697,36,36,1.0,SIN-74587409-2|qp9
1.8,50.0,9.0,3.0,24,1.39,0.48,1.3276823338735888,5553,0.0642708333333327,36,36,1.0,SIN-74587409-2|qp9
2.5,50.0,12.0,3.0,6,1.39,0.48,1.3493018948568911,7019,0.0584916666666684,48,47,0.9791666666666666,TYO-1323228545-3|qp12
2.5,50.0,12.0,3.0,18,1.39,0.48,1.3433436619718298,7100,0.0591666666666678,48,49,1.0208333333333333,TYO-1323228545-3|qp12
2.5,50.0,30.0,3.0,0,1.39,0.48,1.236407003298683,19705,0.1642083333333339,120,116,0.9666666666666668,TYO-1323228545-3|qp30
2.5,50.0,30.0,3.0,12,1.39,0.48,1.2859354006556858,18607,0.1550583333333327,120,119,0.9916666666666668,TYO-1323228545-3|qp30
2.5,50.0,30.0,3.0,24,1.39,0.48,1.2870298732001049,18612,0.1550999999999995,120,119,0.9916666666666668,TYO-1323228545-3|qp30
2.5,50.0,50.0,3.0,1,1.39,0.48,1.1128793556686878,35758,0.2979833333333319,198,198,1.0,AMS-1073074102-0|qp50
2.5,50.0,50.0,3.0,13,1.39,0.48,1.061951350192924,37328,0.3110666666666647,198,192,0.9696969696969696,AMS-1073074102-0|qp50
2.5,50.0,50.0,3.0,25,1.39,0.48,1.0149956223927754,38834,0.3236166666666693,198,195,0.9848484848484848,AMS-1073074102-0|qp50
1.2,50.0,14.0,3.0,7,1.39,0.48,1.2112234892891578,9383,0.1628993055555555,56,57,1.0178571428571428,AMS-244428233-0|qp14
1.2,50.0,14.0,3.0,19,1.39,0.48,1.24749142793934,9041,0.1569618055555567,56,54,0.9642857142857144,AMS-244428233-0|qp14
1.2,50.0,6.0,3.0,1,1.39,0.48,1.2791799010674094,3841,0.0666840277777784,24,24,1.0,AMS-244428233-0|qp6
1.2,50.0,6.0,3.0,13,1.39,0.48,1.2995877944325398,3736,0.0648611111111113,24,22,0.9166666666666666,AMS-244428233-0|qp6
1.2,50.0,6.0,3.0,25,1.39,0.48,1.279803363518783,3865,0.0671006944444448,24,23,0.9583333333333334,AMS-244428233-0|qp6
2.5,50.0,12.0,3.0,7,1.39,0.48,1.2425587334014343,3916,0.0326333333333339,48,48,1.0,AMS-4480498-0|qp12
2.5,50.0,12.0,3.0,19,1.39,0.48,1.2855393586005754,3773,0.0314416666666671,48,48,1.0,AMS-4480498-0|qp12
2.5,50.0,30.0,3.0,1,1.39,0.48,1.1972286669287822,10172,0.0847666666666677,120,120,1.0,AMS-4480498-0|qp30
2.5,50.0,30.0,3.0,13,1.39,0.48,1.1883487489046662,10271,0.0855916666666676,120,119,0.9916666666666668,AMS-4480498-0|qp30
2.5,50.0,30.0,3.0,25,1.39,0.48,1.1908901552367916,10178,0.0848166666666678,120,118,0.9833333333333332,AMS-4480498-0|qp30
3.6,50.0,18.0,3.0,7,1.39,0.48,1.167240816326526,12250,0.070891203703704,72,74,1.0277777777777777,AMS-4480626-0|qp18
3.6,50.0,18.0,3.0,19,1.39,0.48,1.2273496485289777,11523,0.0666840277777774,72,70,0.9722222222222222,AMS-4480626-0|qp18
3.6,50.0,43.0,3.0,1,1.39,0.48,1.0146580065990711,33641,0.1946817129629627,172,172,1.0,AMS-4480626-0|qp43
3.6,50.0,43.0,3.0,13,1.39,0.48,1.0075132524443493,33956,0.1965046296296308,170,177,1.0411764705882354,AMS-4480626-0|qp43
3.6,50.0,43.0,3.0,25,1.39,0.48,0.9849875333161298,34893,0.2019270833333333,172,173,1.005813953488372,AMS-4480626-0|qp43
3.6,50.0,18.0,3.0,7,1.39,0.48,1.2731540492957774,11360,0.0657407407407405,72,75,1.0416666666666667,AMS-4480644-0|qp18
3.6,50.0,18.0,3.0,19,1.39,0.48,1.303272431259003,11056,0.0639814814814812,72,70,0.9722222222222222,AMS-4480644-0|qp18
3.6,50.0,43.0,3.0,1,1.39,0.48,1.1943527243645622,28759,0.1664293981481478,172,171,0.994186046511628,AMS-4480644-0|qp43
3.6,50.0,43.0,3.0,13,1.39,0.48,1.2016305181672746,28678,0.1659606481481489,172,172,1.0,AMS-4480644-0|qp43
3.6,50.0,43.0,3.0,25,1.39,0.48,1.1729230925324423,29568,0.1711111111111105,172,173,1.005813953488372,AMS-4480644-0|qp43
2.5,50.0,12.0,3.0,7,1.39,0.48,1.283301786190295,7502,0.0625166666666674,48,48,1.0,AMS-4495978-0|qp12
2.5,50.0,12.0,3.0,19,1.39,0.48,1.3274641813882289,7189,0.0599083333333345,48,46,0.9583333333333334,AMS-4495978-0|qp12
2.5,50.0,30.0,3.0,1,1.39,0.48,1.2259624604713184,19606,0.1633833333333352,120,123,1.025,AMS-4495978-0|qp30
2.5,50.0,30.0,3.0,13,1.39,0.48,1.2075774079676964,19830,0.1652500000000018,120,119,0.9916666666666668,AMS-4495978-0|qp30
2.5,50.0,30.0,3.0,25,1.39,0.48,1.2141954285134695,19731,0.1644250000000012,120,121,1.0083333333333333,AMS-4495978-0|qp30
2.5,50.0,12.0,3.0,7,1.39,0.48,1.1546210033075983,7256,0.0604666666666679,48,48,1.0,AMS-4495979-0|qp12
2.5,50.0,12.0,3.0,19,1.39,0.48,1.173785794497494,7124,0.0593666666666678,48,48,1.0,AMS-4495979-0|qp12
2.5,50.0,30.0,3.0,1,1.39,0.48,1.100852402745979,19228,0.1602333333333334,120,119,0.9916666666666668,AMS-4495979-0|qp30
2.5,50.0,30.0,3.0,13,1.39,0.48,1.1182186977396598,18537,0.154475,120,120,1.0,AMS-4495979-0|qp30
2.5,50.0,30.0,3.0,25,1.39,0.48,1.181577898034745,17555,0.1462916666666668,120,119,0.9916666666666668,AMS-4495979-0|qp30
2.5,50.0,12.0,3.0,7,1.39,0.48,1.095099944165237,8955,0.0746250000000017,48,48,1.0,AMS-4496429-0|qp12
2.5,50.0,12.0,3.0,19,1.39,0.48,1.1137640768968256,8791,0.0732583333333341,48,47,0.9791666666666666,AMS-4496429-0|qp12
2.5,50.0,30.0,3.0,1,1.39,0.48,0.940643027948003,26764,0.2230333333333355,120,123,1.025,AMS-4496429-0|qp30
2.5,50.0,30.0,3.0,13,1.39,0.48,0.9448275205604538,26264,0.2188666666666683,120,119,0.9916666666666668,AMS-4496429-0|qp30
2.5,50.0,30.0,3.0,25,1.39,0.48,0.8826919831223411,28440,0.2370000000000009,120,124,1.0333333333333334,AMS-4496429-0|qp30
2.5,50.0,12.0,3.0,7,1.39,0.48,1.2967109679151043,7449,0.0620750000000009,48,49,1.0208333333333333,AMS-7370864-0|qp12
2.5,50.0,12.0,3.0,19,1.39,0.48,1.3351726065688296,7155,0.0596250000000013,48,46,0.9583333333333334,AMS-7370864-0|qp12
2.5,50.0,30.0,3.0,1,1.39,0.48,1.2289672660212196,19521,0.1626750000000021,120,123,1.025,AMS-7370864-0|qp30
2.5,50.0,30.0,3.0,13,1.39,0.48,1.2109772866164092,19636,0.1636333333333346,120,118,0.9833333333333332,AMS-7370864-0|qp30
2.5,50.0,30.0,3.0,25,1.39,0.48,1.2326793814432362,19400,0.1616666666666676,120,121,1.0083333333333333,AMS-7370864-0|qp30
4.0,50.0,80.0,3.0,7,1.39,0.48,1.0311220867665143,62259,0.3242656250000004,320,318,0.99375,AMS-7371505-0|qp80
4.0,50.0,80.0,3.0,19,1.39,0.48,1.0339340428959891,62010,0.3229687500000017,320,320,1.0,AMS-7371505-0|qp80
4.0,50.0,100.0,3.0,1,1.39,0.48,0.8293762502461135,96481,0.5025052083333339,400,395,0.9875,AMS-7371505-3|qp100
4.0,50.0,100.0,3.0,13,1.39,0.48,0.8488492706645351,93167,0.485244791666667,400,390,0.975,AMS-7371505-3|qp100
4.0,50.0,100.0,3.0,25,1.39,0.48,0.857172955740295,93787,0.488473958333333,400,398,0.995,AMS-7371505-3|qp100
4.0,50.0,60.0,3.0,7,1.39,0.48,1.1176173385511674,43187,0.2249322916666664,240,234,0.975,AMS-7371505-3|qp60
4.0,50.0,60.0,3.0,19,1.39,0.48,1.1618576490000283,41208,0.2146250000000004,240,237,0.9875,AMS-7371505-3|qp60
2.5,50.0,38.0,3.0,1,1.39,0.48,1.2218607737472855,24866,0.2072166666666692,152,155,1.019736842105263,LON-4082553-0|qp38
2.5,50.0,38.0,3.0,13,1.39,0.48,1.1987866881458835,25451,0.2120916666666698,152,150,0.986842105263158,LON-4082553-0|qp38
2.5,50.0,38.0,3.0,25,1.39,0.48,1.1595031924137496,26469,0.2205750000000036,152,150,0.986842105263158,LON-4082553-0|qp38
2.5,50.0,62.0,3.0,7,1.39,0.48,1.0300084414248267,48570,0.4047500000000004,248,245,0.9879032258064516,LON-4082553-0|qp62
2.5,50.0,62.0,3.0,19,1.39,0.48,1.124747738463172,43665,0.3638750000000044,248,248,1.0,LON-4082553-0|qp62
2.5,50.0,38.0,3.0,1,1.39,0.48,1.2008884983401618,25605,0.2133750000000027,152,152,1.0,LON-4082554-0|qp38
2.5,50.0,38.0,3.0,13,1.39,0.48,1.2000647837251035,25315,0.2109583333333349,152,151,0.993421052631579,LON-4082554-0|qp38
2.5,50.0,38.0,3.0,25,1.39,0.48,1.1500400044864836,26747,0.2228916666666683,152,148,0.9736842105263158,LON-4082554-0|qp38
2.5,50.0,62.0,3.0,7,1.39,0.48,1.0906142950535225,45890,0.382416666666668,248,242,0.9758064516129032,LON-4082554-0|qp62
2.5,50.0,62.0,3.0,19,1.39,0.48,1.0851370857624705,46139,0.3844916666666687,248,248,1.0,LON-4082554-0|qp62
2.5,50.0,38.0,3.0,1,1.39,0.48,1.2106582699619597,25248,0.2104000000000045,152,152,1.0,LON-4082592-0|qp38
2.5,50.0,38.0,3.0,13,1.39,0.48,1.174034891781551,25966,0.2163833333333364,152,151,0.993421052631579,LON-4082592-0|qp38
2.5,50.0,38.0,3.0,25,1.39,0.48,1.15867642055123,26451,0.220425000000002,152,149,0.9802631578947368,LON-4082592-0|qp38
2.5,50.0,62.0,3.0,7,1.39,0.48,0.9877227881287144,49969,0.416408333333331,248,232,0.935483870967742,LON-4082592-0|qp62
2.5,50.0,62.0,3.0,19,1.39,0.48,1.1175530823088218,43847,0.3653916666666695,248,236,0.9516129032258064,LON-4082592-0|qp62
2.5,50.0,50.0,3.0,1,1.39,0.48,1.1841829208326138,12202,0.1016833333333334,200,168,0.84,SIN-1105987650-1|qp50
2.5,50.0,50.0,3.0,13,1.39,0.48,1.136894842695008,13922,0.116016666666667,200,194,0.97,SIN-1105987650-1|qp50
2.5,50.0,50.0,3.0,25,1.39,0.48,1.2280020618556573,9700,0.0808333333333329,187,143,0.7647058823529411,SIN-1105987650-1|qp50
2.0,50.0,10.0,3.0,7,1.39,0.48,1.2174390243902504,2624,0.0273333333333325,40,40,1.0,SIN-131164229-0|qp10
2.0,50.0,10.0,3.0,19,1.39,0.48,1.2444268622153811,2591,0.0269895833333325,40,41,1.025,SIN-131164229-0|qp10
2.0,50.0,24.0,3.0,1,1.39,0.48,1.1967365129006984,6395,0.066614583333333,96,96,1.0,SIN-131164229-0|qp24
2.0,50.0,24.0,3.0,13,1.39,0.48,1.1773037646700226,6561,0.0683437499999998,96,97,1.0104166666666667,SIN-131164229-0|qp24
2.0,50.0,24.0,3.0,25,1.39,0.48,1.1857679285934244,6498,0.0676874999999997,96,96,1.0,SIN-131164229-0|qp24
1.8,50.0,22.0,3.0,7,1.39,0.48,1.098372135321927,16494,0.1909027777777842,88,91,1.0340909090909092,SIN-139715353-1|qp22
1.8,50.0,22.0,3.0,19,1.39,0.48,1.087432221689009,16672,0.1929629629629697,88,87,0.9886363636363636,SIN-139715353-1|qp22
1.8,50.0,9.0,3.0,1,1.39,0.48,1.1717417417417235,6327,0.0732291666666656,36,37,1.0277777777777777,SIN-139715353-1|qp9
1.8,50.0,9.0,3.0,13,1.39,0.48,1.0905548158011755,6759,0.0782291666666665,36,36,1.0,SIN-139715353-1|qp9
1.8,50.0,9.0,3.0,25,1.39,0.48,1.2009024552089844,6028,0.0697685185185182,36,38,1.0555555555555556,SIN-139715353-1|qp9
3.0,50.0,15.0,3.0,7,1.39,0.48,1.222624113475205,10011,0.0695208333333327,60,60,1.0,SIN-1464509030-0|qp15
3.0,50.0,15.0,3.0,19,1.39,0.48,1.2481782626594946,9716,0.0674722222222213,60,60,1.0,SIN-1464509030-0|qp15
3.0,50.0,36.0,3.0,1,1.39,0.48,1.124812182353159,26169,0.1817291666666663,144,145,1.0069444444444444,SIN-1464509030-0|qp36
3.0,50.0,36.0,3.0,13,1.39,0.48,1.1282397900100714,25906,0.1799027777777765,144,144,1.0,SIN-1464509030-0|qp36
3.0,50.0,36.0,3.0,25,1.39,0.48,1.107210558344718,26292,0.1825833333333321,144,140,0.9722222222222222,SIN-1464509030-0|qp36
2.0,50.0,10.0,3.0,7,1.39,0.48,1.2917379465000447,6243,0.06503125,40,42,1.05,SIN-166571436-2|qp10
2.0,50.0,10.0,3.0,19,1.39,0.48,1.3627855813166614,5909,0.0615520833333323,40,39,0.975,SIN-166571436-2|qp10
2.0,50.0,24.0,3.0,1,1.39,0.48,1.2616732804232806,15120,0.1575000000000009,96,96,1.0,SIN-166571436-2|qp24
2.0,50.0,24.0,3.0,13,1.39,0.48,1.2356867500638389,15668,0.1632083333333316,96,96,1.0,SIN-166571436-2|qp24
2.0,50.0,24.0,3.0,25,1.39,0.48,1.2632796295088105,15331,0.1596979166666663,96,100,1.0416666666666667,SIN-166571436-2|qp24
2.0,50.0,10.0,3.0,7,1.39,0.48,1.251392620040111,6477,0.0674687500000002,40,43,1.075,SIN-166571436-3|qp10
2.0,50.0,10.0,3.0,19,1.39,0.48,1.3029794028421111,6263,0.0652395833333322,40,39,0.975,SIN-166571436-3|qp10
2.0,50.0,24.0,3.0,1,1.39,0.48,1.179268366178504,16593,0.1728437500000006,96,96,1.0,SIN-166571436-3|qp24
2.0,50.0,24.0,3.0,13,1.39,0.48,1.1455439720442535,17170,0.1788541666666656,96,96,1.0,SIN-166571436-3|qp24
2.0,50.0,24.0,3.0,25,1.39,0.48,1.1630065205897755,17023,0.1773229166666648,96,99,1.03125,SIN-166571436-3|qp24
1.8,50.0,22.0,3.0,7,1.39,0.48,1.2240409385225608,14363,0.16623842592593,88,89,1.0113636363636365,SIN-170969415-0|qp22
1.8,50.0,22.0,3.0,19,1.39,0.48,1.2445343618512863,14260,0.1650462962963002,88,87,0.9886363636363636,SIN-170969415-0|qp22
1.8,50.0,9.0,3.0,1,1.39,0.48,1.2626507882110791,5836,0.0675462962962956,36,37,1.0277777777777777,SIN-170969415-0|qp9
1.8,50.0,9.0,3.0,13,1.39,0.48,1.252167808219215,5840,0.067592592592592,36,35,0.9722222222222222,SIN-170969415-0|qp9
1.8,50.0,9.0,3.0,25,1.39,0.48,1.3044454545454096,5500,0.0636574074074073,36,37,1.0277777777777777,SIN-170969415-0|qp9
2.0,50.0,10.0,3.0,7,1.39,0.48,1.2995413888436775,6149,0.0640520833333328,40,42,1.05,SIN-190681368-0|qp10
2.0,50.0,10.0,3.0,19,1.39,0.48,1.3276213991769756,6075,0.0632812499999987,40,39,0.975,SIN-190681368-0|qp10
2.0,50.0,24.0,3.0,1,1.39,0.48,1.2228699238578682,15760,0.1641666666666676,96,96,1.0,SIN-190681368-0|qp24
2.0,50.0,24.0,3.0,13,1.39,0.48,1.1899643997053793,16292,0.1697083333333318,96,96,1.0,SIN-190681368-0|qp24
2.0,50.0,24.0,3.0,25,1.39,0.48,1.1905722320719023,16357,0.1703854166666659,96,100,1.0416666666666667,SIN-190681368-0|qp24
2.0,50.0,10.0,3.0,7,1.39,0.48,1.272919303797432,6320,0.065833333333333,40,42,1.05,SIN-197634752-1|qp10
2.0,50.0,10.0,3.0,19,1.39,0.48,1.301595761759537,6229,0.0648854166666658,40,39,0.975,SIN-197634752-1|qp10
2.0,50.0,24.0,3.0,1,1.39,0.48,1.1862789128167566,16299,0.1697812500000013,96,96,1.0,SIN-197634752-1|qp24
2.0,50.0,24.0,3.0,13,1.39,0.48,1.1739763755800618,16593,0.1728437499999982,96,98,1.0208333333333333,SIN-197634752-1|qp24
2.0,50.0,24.0,3.0,25,1.39,0.48,1.1854149503271296,16508,0.1719583333333339,96,100,1.0416666666666667,SIN-197634752-1|qp24
2.0,50.0,10.0,3.0,7,1.39,0.48,1.2864976885062631,6273,0.0653437499999998,40,42,1.05,SIN-198571185-1|qp10
2.0,50.0,10.0,3.0,19,1.39,0.48,1.3190769732550789,6132,0.0638749999999992,40,39,0.975,SIN-198571185-1|qp10
2.0,50.0,24.0,3.0,1,1.39,0.48,1.2251981366855738,15671,0.1632395833333344,96,96,1.0,SIN-198571185-1|qp24
2.0,50.0,24.0,3.0,13,1.39,0.48,1.1953435537495294,16242,0.1691874999999984,96,97,1.0104166666666667,SIN-198571185-1|qp24
2.0,50.0,24.0,3.0,25,1.39,0.48,1.1880018237082182,16450,0.1713541666666678,96,100,1.0416666666666667,SIN-198571185-1|qp24
2.0,50.0,10.0,3.0,7,1.39,0.48,1.2849999999999675,6254,0.0651458333333331,40,42,1.05,SIN-198571185-2|qp10
2.0,50.0,10.0,3.0,19,1.39,0.48,1.3190412303665142,6112,0.0636666666666658,40,39,0.975,SIN-198571185-2|qp10
2.0,50.0,24.0,3.0,1,1.39,0.48,1.2156685606060855,15840,0.1650000000000002,96,97,1.0104166666666667,SIN-198571185-2|qp24
2.0,50.0,24.0,3.0,13,1.39,0.48,1.229958847736634,15795,0.1645312499999984,96,97,1.0104166666666667,SIN-198571185-2|qp24
2.0,50.0,24.0,3.0,25,1.39,0.48,1.2000526960784357,16320,0.1699999999999992,96,100,1.0416666666666667,SIN-198571185-2|qp24
2.0,50.0,10.0,3.0,7,1.39,0.48,1.284115298626604,6262,0.0652291666666664,40,42,1.05,SIN-198571185-3|qp10
2.0,50.0,10.0,3.0,19,1.39,0.48,1.318569794050365,6118,0.0637291666666658,40,39,0.975,SIN-198571185-3|qp10
2.0,50.0,24.0,3.0,1,1.39,0.48,1.2192692016169964,15832,0.164916666666668,96,97,1.0104166666666667,SIN-198571185-3|qp24
2.0,50.0,24.0,3.0,13,1.39,0.48,1.2050648136607556,16046,0.1671458333333328,96,96,1.0,SIN-198571185-3|qp24
2.0,50.0,24.0,3.0,25,1.39,0.48,1.1917252298885497,16421,0.1710520833333336,96,98,1.0208333333333333,SIN-198571185-3|qp24
2.0,50.0,10.0,3.0,7,1.39,0.48,1.2816587301586972,6300,0.0656249999999999,40,42,1.05,SIN-200167221-1|qp10
2.0,50.0,10.0,3.0,19,1.39,0.48,1.3303318002628344,6088,0.0634166666666657,40,39,0.975,SIN-200167221-1|qp10
2.0,50.0,24.0,3.0,1,1.39,0.48,1.224337410162683,15862,0.1652291666666663,96,97,1.0104166666666667,SIN-200167221-1|qp24
2.0,50.0,24.0,3.0,13,1.39,0.48,1.1946807727690951,16305,0.1698437499999987,96,96,1.0,SIN-200167221-1|qp24
2.0,50.0,24.0,3.0,25,1.39,0.48,1.1813918057663158,16475,0.1716145833333346,96,98,1.0208333333333333,SIN-200167221-1|qp24
2.0,50.0,10.0,3.0,7,1.39,0.48,1.2000522951771784,6884,0.0717083333333328,40,42,1.05,SIN-200171267-0|qp10
2.0,50.0,10.0,3.0,19,1.39,0.48,1.2286988457502823,6671,0.0694895833333326,40,40,1.0,SIN-200171267-0|qp10
2.0,50.0,24.0,3.0,1,1.39,0.48,1.160680787589516,16760,0.1745833333333329,96,97,1.0104166666666667,SIN-200171267-0|qp24
2.0,50.0,24.0,3.0,13,1.39,0.48,1.0978500920194,17931,0.1867812499999999,96,96,1.0,SIN-200171267-0|qp24
2.0,50.0,24.0,3.0,25,1.39,0.48,1.140631132787536,17223,0.1794062500000005,79,92,1.1645569620253164,SIN-200171267-0|qp24
2.0,50.0,10.0,3.0,7,1.39,0.48,1.2032491880720049,6774,0.0705625000000005,40,42,1.05,SIN-200171267-2|qp10
2.0,50.0,10.0,3.0,19,1.39,0.48,1.2509283658943116,6603,0.0687812499999987,40,39,0.975,SIN-200171267-2|qp10
2.0,50.0,24.0,3.0,1,1.39,0.48,1.1469488752556425,17115,0.1782812500000011,96,96,1.0,SIN-200171267-2|qp24
2.0,50.0,24.0,3.0,13,1.39,0.48,1.1313252321449028,17446,0.181729166666667,96,96,1.0,SIN-200171267-2|qp24
2.0,50.0,24.0,3.0,25,1.39,0.48,1.1150391098380448,18154,0.189104166666665,96,98,1.0208333333333333,SIN-200171267-2|qp24
2.0,50.0,10.0,3.0,7,1.39,0.48,1.2257989965029283,6577,0.0685104166666667,40,42,1.05,SIN-200171268-0|qp10
2.0,50.0,10.0,3.0,19,1.39,0.48,1.261168710228172,6443,0.0671145833333324,40,39,0.975,SIN-200171268-0|qp10
2.0,50.0,24.0,3.0,1,1.39,0.48,1.1600510901206265,16833,0.1753437500000008,96,96,1.0,SIN-200171268-0|qp24
2.0,50.0,24.0,3.0,13,1.39,0.48,1.1376262127461818,17213,0.1793020833333317,96,98,1.0208333333333333,SIN-200171268-0|qp24
2.0,50.0,24.0,3.0,25,1.39,0.48,1.139649577075771,17379,0.1810312499999987,96,100,1.0416666666666667,SIN-200171268-0|qp24
2.0,50.0,10.0,3.0,7,1.39,0.48,1.2358910815358406,6537,0.0680937499999999,40,42,1.05,SIN-200171268-4|qp10
2.0,50.0,10.0,3.0,19,1.39,0.48,1.2845570216776865,6366,0.0663124999999988,40,39,0.975,SIN-200171268-4|qp10
2.0,50.0,24.0,3.0,1,1.39,0.48,1.1591201192250464,16775,0.174739583333334,96,96,1.0,SIN-200171268-4|qp24
2.0,50.0,24.0,3.0,13,1.39,0.48,1.131531717380098,17451,0.1817812499999996,96,97,1.0104166666666667,SIN-200171268-4|qp24
2.0,50.0,24.0,3.0,25,1.39,0.48,1.1463558587201543,17299,0.1801979166666645,96,100,1.0416666666666667,SIN-200171268-4|qp24
1.8,50.0,27.0,3.0,7,1.39,0.48,1.1527080997383667,18729,0.2167708333333364,108,109,1.0092592592592593,SIN-22811726-0|qp27
1.8,50.0,27.0,3.0,19,1.39,0.48,1.1476520732476945,19004,0.2199537037037085,108,105,0.9722222222222222,SIN-22811726-0|qp27
1.8,50.0,27.0,3.0,1,1.39,0.48,1.1002256770311394,19940,0.2307870370370373,108,109,1.0092592592592593,SIN-22811727-0|qp27
1.8,50.0,27.0,3.0,13,1.39,0.48,1.1224449102714544,19559,0.2263773148148175,108,112,1.037037037037037,SIN-22811727-0|qp27
1.8,50.0,27.0,3.0,25,1.39,0.48,1.1487442420435108,19104,0.2211111111111142,108,108,1.0,SIN-22811727-0|qp27
1.8,50.0,27.0,3.0,7,1.39,0.48,1.1505835684062145,5672,0.065648148148147,108,107,0.9907407407407408,SIN-22811728-0|qp27
1.8,50.0,27.0,3.0,19,1.39,0.48,1.1288312586445437,5784,0.066944444444444,108,106,0.9814814814814816,SIN-22811728-0|qp27
1.8,50.0,45.0,3.0,1,1.39,0.48,0.8070757834758023,8775,0.1015624999999998,24,38,1.5833333333333333,SIN-22811728-0|qp45
1.8,50.0,45.0,3.0,13,1.39,0.48,1.1013465783664411,9966,0.1153472222222222,180,181,1.0055555555555555,SIN-22811728-0|qp45
1.8,50.0,45.0,3.0,25,1.39,0.48,1.0949234950674411,9934,0.1149768518518515,180,179,0.9944444444444444,SIN-22811728-0|qp45
1.8,50.0,22.0,3.0,7,1.39,0.48,1.154381117980391,15528,0.1797222222222285,88,87,0.9886363636363636,SIN-22928582-0|qp22
1.8,50.0,22.0,3.0,19,1.39,0.48,1.1826259702670106,15202,0.1759490740740811,88,87,0.9886363636363636,SIN-22928582-0|qp22
1.8,50.0,9.0,3.0,1,1.39,0.48,1.2255968301138944,6057,0.0701041666666656,36,37,1.0277777777777777,SIN-22928582-0|qp9
1.8,50.0,9.0,3.0,13,1.39,0.48,1.2040450538687906,6126,0.0709027777777774,36,36,1.0,SIN-22928582-0|qp9
1.8,50.0,9.0,3.0,25,1.39,0.48,1.2524317317662903,5786,0.0669675925925918,36,37,1.0277777777777777,SIN-22928582-0|qp9
1.8,50.0,22.0,3.0,7,1.39,0.48,1.139176686495364,15802,0.1828935185185249,88,89,1.0113636363636365,SIN-22928582-1|qp22
1.8,50.0,22.0,3.0,19,1.39,0.48,1.1991194884773764,15014,0.1737731481481544,88,88,1.0,SIN-22928582-1|qp22
1.8,50.0,9.0,3.0,1,1.39,0.48,1.189142353318347,6238,0.0721990740740735,36,37,1.0277777777777777,SIN-22928582-1|qp9
1.8,50.0,9.0,3.0,13,1.39,0.48,1.175140395660531,6268,0.0725462962962959,36,37,1.0277777777777777,SIN-22928582-1|qp9
1.8,50.0,9.0,3.0,25,1.39,0.48,1.2436368321593816,5821,0.0673726851851842,36,36,1.0,SIN-22928582-1|qp9
1.8,50.0,22.0,3.0,7,1.39,0.48,1.1416135179773632,15742,0.1821990740740799,88,90,1.0227272727272727,SIN-22928582-2|qp22
1.8,50.0,22.0,3.0,19,1.39,0.48,1.1666690382251543,15461,0.1789467592592658,88,87,0.9886363636363636,SIN-22928582-2|qp22
1.8,50.0,9.0,3.0,1,1.39,0.48,1.1836501114294624,6282,0.0727083333333324,36,37,1.0277777777777777,SIN-22928582-2|qp9
1.8,50.0,9.0,3.0,13,1.39,0.48,1.1960531002104924,6177,0.0714930555555554,36,35,0.9722222222222222,SIN-22928582-2|qp9
1.8,50.0,9.0,3.0,25,1.39,0.48,1.229295845997936,5922,0.0685416666666658,36,36,1.0,SIN-22928582-2|qp9
3.0,50.0,15.0,3.0,7,1.39,0.48,1.0063182488932652,12198,0.0847083333333325,60,60,1.0,SIN-546209379-0|qp15
3.0,50.0,15.0,3.0,19,1.39,0.48,0.943893710979124,13134,0.0912083333333333,60,61,1.0166666666666666,SIN-546209379-0|qp15
3.0,50.0,36.0,3.0,1,1.39,0.48,0.8133597963261968,36529,0.2536736111111121,144,144,1.0,SIN-546209379-0|qp36
3.0,50.0,36.0,3.0,13,1.39,0.48,0.7875222575102611,38414,0.2667638888888876,144,148,1.0277777777777777,SIN-546209379-0|qp36
3.0,50.0,36.0,3.0,25,1.39,0.48,0.7963226014338679,37241,0.2586180555555571,144,144,1.0,SIN-546209379-0|qp36
3.0,50.0,15.0,3.0,7,1.39,0.48,1.280359319184721,9518,0.0660972222222216,60,58,0.9666666666666668,SIN-546209379-1|qp15
3.0,50.0,15.0,3.0,19,1.39,0.48,1.3264647918511538,9032,0.0627222222222212,60,58,0.9666666666666668,SIN-546209379-1|qp15
3.0,50.0,36.0,3.0,1,1.39,0.48,1.222940452964571,23578,0.1637361111111109,144,148,1.0277777777777777,SIN-546209379-1|qp36
3.0,50.0,36.0,3.0,13,1.39,0.48,1.210501597712766,23784,0.1651666666666658,144,144,1.0,SIN-546209379-1|qp36
3.0,50.0,36.0,3.0,25,1.39,0.48,1.1940054665175532,24147,0.1676874999999988,144,143,0.9930555555555556,SIN-546209379-1|qp36
3.0,50.0,15.0,3.0,7,1.39,0.48,1.288775076955753,9421,0.0654236111111105,60,57,0.95,SIN-546209379-2|qp15
3.0,50.0,15.0,3.0,19,1.39,0.48,1.322694894696174,9069,0.0629791666666657,60,58,0.9666666666666668,SIN-546209379-2|qp15
3.0,50.0,36.0,3.0,1,1.39,0.48,1.2248477146608574,23607,0.1639374999999988,144,147,1.0208333333333333,SIN-546209379-2|qp36
3.0,50.0,36.0,3.0,13,1.39,0.48,1.211343900177091,23722,0.1647361111111097,144,145,1.0069444444444444,SIN-546209379-2|qp36
3.0,50.0,36.0,3.0,25,1.39,0.48,1.1927410747527831,24173,0.1678680555555541,144,143,0.9930555555555556,SIN-546209379-2|qp36
1.8,50.0,22.0,3.0,7,1.39,0.48,1.1842509313464125,15032,0.1739814814814861,88,90,1.0227272727272727,SIN-74587409-1|qp22
1.8,50.0,22.0,3.0,19,1.39,0.48,1.227076124567443,14450,0.1672453703703748,88,90,1.0227272727272727,SIN-74587409-1|qp22
1.8,50.0,9.0,3.0,1,1.39,0.48,1.2820810668538092,5699,0.0659606481481475,36,37,1.0277777777777777,SIN-74587409-1|qp9
1.8,50.0,9.0,3.0,13,1.39,0.48,1.2673448396095215,5736,0.0663888888888885,36,36,1.0,SIN-74587409-1|qp9
1.8,50.0,9.0,3.0,25,1.39,0.48,1.315478372433974,5456,0.0631481481481479,36,37,1.0277777777777777,SIN-74587409-1|qp9
1.8,50.0,22.0,3.0,7,1.39,0.48,1.1789425881728692,15084,0.1745833333333395,88,91,1.0340909090909092,SIN-74587409-2|qp22
1.8,50.0,22.0,3.0,19,1.39,0.48,1.2240406756290652,14505,0.167881944444449,88,89,1.0113636363636365,SIN-74587409-2|qp22
1.8,50.0,9.0,3.0,1,1.39,0.48,1.2826873793224256,5697,0.0659374999999993,36,37,1.0277777777777777,SIN-74587409-2|qp9
1.8,50.0,9.0,3.0,13,1.39,0.48,1.2677870855148703,5730,0.066319444444444,36,36,1.0,SIN-74587409-2|qp9
1.8,50.0,9.0,3.0,25,1.39,0.48,1.30919422620131,5473,0.0633449074074073,36,37,1.0277777777777777,SIN-74587409-2|qp9
2.5,50.0,12.0,3.0,7,1.39,0.48,1.3000866269625844,7388,0.0615666666666671,48,49,1.0208333333333333,TYO-1323228545-3|qp12
2.5,50.0,12.0,3.0,19,1.39,0.48,1.3536679427194054,7053,0.0587750000000007,48,47,0.9791666666666666,TYO-1323228545-3|qp12
2.5,50.0,30.0,3.0,1,1.39,0.48,1.2306079074055345,19526,0.1627166666666684,120,123,1.025,TYO-1323228545-3|qp30
2.5,50.0,30.0,3.0,13,1.39,0.48,1.2282047968571903,19346,0.1612166666666675,120,121,1.0083333333333333,TYO-1323228545-3|qp30
2.5,50.0,30.0,3.0,25,1.39,0.48,1.2388037500653866,19093,0.1591083333333348,120,124,1.0333333333333334,TYO-1323228545-3|qp30
2.5,50.0,50.0,3.0,2,1.39,0.48,1.073153831619366,37047,0.308725,198,193,0.9747474747474748,AMS-1073074102-0|qp50
2.5,50.0,50.0,3.0,14,1.39,0.48,1.0520019484965757,37978,0.3164833333333346,198,188,0.9494949494949496,AMS-1073074102-0|qp50
2.5,50.0,50.0,3.0,26,1.39,0.48,1.1426783516035013,34118,0.2843166666666644,200,182,0.91,AMS-1073074102-0|qp50
1.2,50.0,14.0,3.0,8,1.39,0.48,1.215288845697004,9261,0.1607812500000029,56,56,1.0,AMS-244428233-0|qp14
1.2,50.0,14.0,3.0,20,1.39,0.48,1.2499633658969669,9008,0.1563888888888907,56,56,1.0,AMS-244428233-0|qp14
1.2,50.0,6.0,3.0,2,1.39,0.48,1.2533687208700306,3862,0.0670486111111114,24,23,0.9583333333333334,AMS-244428233-0|qp6
1.2,50.0,6.0,3.0,14,1.39,0.48,1.284729194187585,3785,0.0657118055555557,24,24,1.0,AMS-244428233-0|qp6
1.2,50.0,6.0,3.0,26,1.39,0.48,1.31725068119893,3670,0.0637152777777775,24,24,1.0,AMS-244428233-0|qp6
2.5,50.0,12.0,3.0,8,1.39,0.48,1.2260364004044506,3956,0.032966666666667,48,48,1.0,AMS-4480498-0|qp12
2.5,50.0,12.0,3.0,20,1.39,0.48,1.282548761201869,3794,0.0316166666666669,48,48,1.0,AMS-4480498-0|qp12
2.5,50.0,30.0,3.0,2,1.39,0.48,1.210127925426426,10084,0.0840333333333349,120,122,1.0166666666666666,AMS-4480498-0|qp30
2.5,50.0,30.0,3.0,14,1.39,0.48,1.2013348460931426,10136,0.0844666666666675,120,119,0.9916666666666668,AMS-4480498-0|qp30
2.5,50.0,30.0,3.0,26,1.39,0.48,1.1930594817432243,10188,0.0849000000000015,120,118,0.9833333333333332,AMS-4480498-0|qp30
3.6,50.0,18.0,3.0,8,1.39,0.48,1.2028152219872543,11825,0.0684317129629641,72,73,1.0138888888888888,AMS-4480626-0|qp18
3.6,50.0,18.0,3.0,20,1.39,0.48,1.2016437191908735,11766,0.0680902777777779,72,72,1.0,AMS-4480626-0|qp18
3.6,50.0,43.0,3.0,2,1.39,0.48,1.05791373782217,32436,0.1877083333333342,172,171,0.994186046511628,AMS-4480626-0|qp43
3.6,50.0,43.0,3.0,14,1.39,0.48,1.0301412708389324,33411,0.1933506944444449,172,173,1.005813953488372,AMS-4480626-0|qp43
3.6,50.0,43.0,3.0,26,1.39,0.48,1.038007279344885,32970,0.1907986111111114,172,167,0.9709302325581396,AMS-4480626-0|qp43
3.6,50.0,18.0,3.0,8,1.39,0.48,1.2905768888888185,11250,0.0651041666666673,72,72,1.0,AMS-4480644-0|qp18
3.6,50.0,18.0,3.0,20,1.39,0.48,1.3066464188576328,11030,0.0638310185185183,72,72,1.0,AMS-4480644-0|qp18
3.6,50.0,43.0,3.0,2,1.39,0.48,1.2026598110061926,28784,0.1665740740740741,172,170,0.9883720930232558,AMS-4480644-0|qp43
3.6,50.0,43.0,3.0,14,1.39,0.48,1.2069476946649444,28716,0.1661805555555551,172,174,1.0116279069767442,AMS-4480644-0|qp43
3.6,50.0,43.0,3.0,26,1.39,0.48,1.219532710280437,28248,0.1634722222222227,172,171,0.994186046511628,AMS-4480644-0|qp43
2.5,50.0,12.0,3.0,8,1.39,0.48,1.2488098318240255,7730,0.0644166666666673,48,47,0.9791666666666666,AMS-4495978-0|qp12
2.5,50.0,12.0,3.0,20,1.39,0.48,1.3192862946912196,7384,0.0615333333333345,48,46,0.9583333333333334,AMS-4495978-0|qp12
2.5,50.0,30.0,3.0,2,1.39,0.48,1.2056856054987413,20223,0.1685249999999999,120,119,0.9916666666666668,AMS-4495978-0|qp30
2.5,50.0,30.0,3.0,14,1.39,0.48,1.2136517107973808,19903,0.1658583333333338,120,121,1.0083333333333333,AMS-4495978-0|qp30
2.5,50.0,30.0,3.0,26,1.39,0.48,1.218589264051762,19784,0.1648666666666679,120,120,1.0,AMS-4495978-0|qp30
2.5,50.0,12.0,3.0,8,1.39,0.48,1.133353592652642,7404,0.061700000000001,48,47,0.9791666666666666,AMS-4495979-0|qp12
2.5,50.0,12.0,3.0,20,1.39,0.48,1.1823918539325604,7120,0.0593333333333342,48,48,1.0,AMS-4495979-0|qp12
2.5,50.0,30.0,3.0,2,1.39,0.48,1.148640504939644,18220,0.1518333333333334,120,123,1.025,AMS-4495979-0|qp30
2.5,50.0,30.0,3.0,14,1.39,0.48,1.1215476126392845,18577,0.154808333333335,120,117,0.975,AMS-4495979-0|qp30
2.5,50.0,30.0,3.0,26,1.39,0.48,1.1553543743078696,18060,0.1505,120,119,0.9916666666666668,AMS-4495979-0|qp30
2.5,50.0,12.0,3.0,8,1.39,0.48,1.1185185610848996,8701,0.0725083333333347,48,48,1.0,AMS-4496429-0|qp12
2.5,50.0,12.0,3.0,20,1.39,0.48,1.1326215257920549,8743,0.0728583333333347,48,46,0.9583333333333334,AMS-4496429-0|qp12
2.5,50.0,30.0,3.0,2,1.39,0.48,0.9359156878880954,26734,0.2227833333333388,120,116,0.9666666666666668,AMS-4496429-0|qp30
2.5,50.0,30.0,3.0,14,1.39,0.48,0.9687595813392588,25701,0.2141750000000027,120,118,0.9833333333333332,AMS-4496429-0|qp30
2.5,50.0,30.0,3.0,26,1.39,0.48,0.9433256385998002,26425,0.2202083333333365,120,123,1.025,AMS-4496429-0|qp30
2.5,50.0,12.0,3.0,8,1.39,0.48,1.2662089000395838,7573,0.0631083333333343,48,47,0.9791666666666666,AMS-7370864-0|qp12
2.5,50.0,12.0,3.0,20,1.39,0.48,1.3529194444444417,7200,0.0600000000000012,48,46,0.9583333333333334,AMS-7370864-0|qp12
2.5,50.0,30.0,3.0,2,1.39,0.48,1.2144682654436043,20057,0.1671416666666685,120,118,0.9833333333333332,AMS-7370864-0|qp30
2.5,50.0,30.0,3.0,14,1.39,0.48,1.240013959259673,19342,0.1611833333333343,120,122,1.0166666666666666,AMS-7370864-0|qp30
2.5,50.0,30.0,3.0,26,1.39,0.48,1.2250911590955442,19636,0.1636333333333348,120,121,1.0083333333333333,AMS-7370864-0|qp30
4.0,50.0,80.0,3.0,8,1.39,0.48,0.9728479693484988,65250,0.3398437499999988,320,314,0.98125,AMS-7371505-0|qp80
4.0,50.0,80.0,3.0,20,1.39,0.48,0.9849652225445934,64122,0.3339687500000008,320,309,0.965625,AMS-7371505-0|qp80
4.0,50.0,100.0,3.0,2,1.39,0.48,0.8821704899220532,94117,0.4901927083333295,400,410,1.025,AMS-7371505-3|qp100
4.0,50.0,100.0,3.0,14,1.39,0.48,0.7709983152827925,103875,0.541015625000003,400,384,0.96,AMS-7371505-3|qp100
4.0,50.0,100.0,3.0,26,1.39,0.48,0.8544661589005285,94663,0.4930364583333376,400,406,1.015,AMS-7371505-3|qp100
4.0,50.0,60.0,3.0,8,1.39,0.48,1.111980818118938,43270,0.2253645833333325,240,238,0.9916666666666668,AMS-7371505-3|qp60
4.0,50.0,60.0,3.0,20,1.39,0.48,1.1525289114020665,41852,0.2179791666666662,240,240,1.0,AMS-7371505-3|qp60
2.5,50.0,38.0,3.0,2,1.39,0.48,1.2197879830703564,25281,0.2106750000000022,152,152,1.0,LON-4082553-0|qp38
2.5,50.0,38.0,3.0,14,1.39,0.48,1.1793719787930848,25652,0.2137666666666722,152,149,0.9802631578947368,LON-4082553-0|qp38
2.5,50.0,38.0,3.0,26,1.39,0.48,1.2088805792028277,25138,0.2094833333333359,152,151,0.993421052631579,LON-4082553-0|qp38
2.5,50.0,62.0,3.0,8,1.39,0.48,1.0195393058986038,49013,0.4084416666666711,248,248,1.0,LON-4082553-0|qp62
2.5,50.0,62.0,3.0,20,1.39,0.48,1.1235111735643284,44122,0.3676833333333397,248,245,0.9879032258064516,LON-4082553-0|qp62
2.5,50.0,38.0,3.0,2,1.39,0.48,1.2136687787792622,25409,0.2117416666666704,152,151,0.993421052631579,LON-4082554-0|qp38
2.5,50.0,38.0,3.0,14,1.39,0.48,1.2047979456145277,25117,0.2093083333333352,152,152,1.0,LON-4082554-0|qp38
2.5,50.0,38.0,3.0,26,1.39,0.48,1.2293196151358263,24736,0.2061333333333351,152,155,1.019736842105263,LON-4082554-0|qp38
2.5,50.0,62.0,3.0,8,1.39,0.48,1.0571177519316286,47116,0.3926333333333322,248,246,0.9919354838709676,LON-4082554-0|qp62
2.5,50.0,62.0,3.0,20,1.39,0.48,1.0564238126861627,46681,0.3890083333333345,248,241,0.9717741935483872,LON-4082554-0|qp62
2.5,50.0,38.0,3.0,2,1.39,0.48,1.213115666523066,25513,0.2126083333333367,152,151,0.993421052631579,LON-4082592-0|qp38
2.5,50.0,38.0,3.0,14,1.39,0.48,1.1955624604180235,25264,0.2105333333333365,152,150,0.986842105263158,LON-4082592-0|qp38
2.5,50.0,38.0,3.0,26,1.39,0.48,1.2015608707764376,25127,0.2093916666666701,152,155,1.019736842105263,LON-4082592-0|qp38
2.5,50.0,62.0,3.0,8,1.39,0.48,1.0692298813724026,46785,0.3898749999999964,248,247,0.995967741935484,LON-4082592-0|qp62
2.5,50.0,62.0,3.0,20,1.39,0.48,1.0871590488022675,45879,0.382324999999999,248,245,0.9879032258064516,LON-4082592-0|qp62
2.5,50.0,50.0,3.0,2,1.39,0.48,1.1030334029227686,14370,0.1197499999999991,200,199,0.995,SIN-1105987650-1|qp50
2.5,50.0,50.0,3.0,14,1.39,0.48,1.280630333882288,6679,0.0556583333333349,148,103,0.6959459459459459,SIN-1105987650-1|qp50
2.5,50.0,50.0,3.0,26,1.39,0.48,1.1385037878787831,13728,0.1143999999999994,200,194,0.97,SIN-1105987650-1|qp50
2.0,50.0,10.0,3.0,8,1.39,0.48,1.225376673040142,2615,0.0272395833333326,40,40,1.0,SIN-131164229-0|qp10
2.0,50.0,10.0,3.0,20,1.39,0.48,1.2745479888490534,2511,0.0261562499999993,40,40,1.0,SIN-131164229-0|qp10
2.0,50.0,24.0,3.0,2,1.39,0.48,1.1711032082324464,6608,0.0688333333333328,96,94,0.9791666666666666,SIN-131164229-0|qp24
2.0,50.0,24.0,3.0,14,1.39,0.48,1.1921599378882093,6440,0.0670833333333338,96,95,0.9895833333333334,SIN-131164229-0|qp24
2.0,50.0,24.0,3.0,26,1.39,0.48,1.1813153456998375,6523,0.0679479166666657,96,97,1.0104166666666667,SIN-131164229-0|qp24
1.8,50.0,22.0,3.0,8,1.39,0.48,1.0989927571813949,16292,0.1885648148148221,88,90,1.0227272727272727,SIN-139715353-1|qp22
1.8,50.0,22.0,3.0,20,1.39,0.48,1.1264493474207424,16090,0.186226851851859,88,88,1.0,SIN-139715353-1|qp22
1.8,50.0,9.0,3.0,2,1.39,0.48,1.1620667196187429,6295,0.0728587962962961,36,35,0.9722222222222222,SIN-139715353-1|qp9
1.8,50.0,9.0,3.0,14,1.39,0.48,1.1999363057324843,6123,0.0708680555555548,36,36,1.0,SIN-139715353-1|qp9
1.8,50.0,9.0,3.0,26,1.39,0.48,1.2198391909813924,6032,0.0698148148148145,36,37,1.0277777777777777,SIN-139715353-1|qp9
3.0,50.0,15.0,3.0,8,1.39,0.48,1.21363836603927,9988,0.0693611111111102,60,59,0.9833333333333332,SIN-1464509030-0|qp15
3.0,50.0,15.0,3.0,20,1.39,0.48,1.2391270491803568,9760,0.0677777777777772,60,59,0.9833333333333332,SIN-1464509030-0|qp15
3.0,50.0,36.0,3.0,2,1.39,0.48,1.1354873744231015,25781,0.1790347222222206,144,141,0.9791666666666666,SIN-1464509030-0|qp36
3.0,50.0,36.0,3.0,14,1.39,0.48,1.103714934696194,26415,0.1834374999999985,144,141,0.9791666666666666,SIN-1464509030-0|qp36
3.0,50.0,36.0,3.0,26,1.39,0.48,1.1611332537788046,25140,0.174583333333333,144,142,0.9861111111111112,SIN-1464509030-0|qp36
2.0,50.0,10.0,3.0,8,1.39,0.48,1.3156338028169003,6106,0.0636041666666655,40,39,0.975,SIN-166571436-2|qp10
2.0,50.0,10.0,3.0,20,1.39,0.48,1.3873914553664082,5758,0.0599791666666661,40,39,0.975,SIN-166571436-2|qp10
2.0,50.0,24.0,3.0,2,1.39,0.48,1.2227678969848288,15687,0.1634062500000001,96,92,0.9583333333333334,SIN-166571436-2|qp24
2.0,50.0,24.0,3.0,14,1.39,0.48,1.2803681063122596,15050,0.1567708333333323,96,97,1.0104166666666667,SIN-166571436-2|qp24
2.0,50.0,24.0,3.0,26,1.39,0.48,1.250200821542668,15337,0.1597604166666673,96,96,1.0,SIN-166571436-2|qp24
2.0,50.0,10.0,3.0,8,1.39,0.48,1.2839402130704396,6289,0.0655104166666654,40,39,0.975,SIN-166571436-3|qp10
2.0,50.0,10.0,3.0,20,1.39,0.48,1.3000465041693017,6236,0.0649583333333336,40,39,0.975,SIN-166571436-3|qp10
2.0,50.0,24.0,3.0,2,1.39,0.48,1.1595684010001914,16798,0.1749791666666669,96,93,0.96875,SIN-166571436-3|qp24
2.0,50.0,24.0,3.0,14,1.39,0.48,1.1834833706911858,16507,0.1719479166666652,96,98,1.0208333333333333,SIN-166571436-3|qp24
2.0,50.0,24.0,3.0,26,1.39,0.48,1.176494864048322,16550,0.1723958333333344,96,95,0.9895833333333334,SIN-166571436-3|qp24
1.8,50.0,22.0,3.0,8,1.39,0.48,1.2277487093623052,14334,0.1659027777777815,88,92,1.0454545454545454,SIN-170969415-0|qp22
1.8,50.0,22.0,3.0,20,1.39,0.48,1.246918907503832,14206,0.1644212962963018,88,87,0.9886363636363636,SIN-170969415-0|qp22
1.8,50.0,9.0,3.0,2,1.39,0.48,1.2929651881957958,5659,0.0654976851851853,36,35,0.9722222222222222,SIN-170969415-0|qp9
1.8,50.0,9.0,3.0,14,1.39,0.48,1.2951044829433798,5599,0.0648032407407406,36,36,1.0,SIN-170969415-0|qp9
1.8,50.0,9.0,3.0,26,1.39,0.48,1.2891478076378555,5656,0.0654629629629623,36,37,1.0277777777777777,SIN-170969415-0|qp9
2.0,50.0,10.0,3.0,8,1.39,0.48,1.2851748476098843,6234,0.0649374999999989,40,39,0.975,SIN-190681368-0|qp10
2.0,50.0,10.0,3.0,20,1.39,0.48,1.387626024768843,5733,0.0597187499999992,40,40,1.0,SIN-190681368-0|qp10
2.0,50.0,24.0,3.0,2,1.39,0.48,1.1878770984328362,16143,0.1681562500000009,96,92,0.9583333333333334,SIN-190681368-0|qp24
2.0,50.0,24.0,3.0,14,1.39,0.48,1.1895096194695465,16477,0.1716354166666657,96,98,1.0208333333333333,SIN-190681368-0|qp24
2.0,50.0,24.0,3.0,26,1.39,0.48,1.1672777811347854,16549,0.1723854166666679,96,96,1.0,SIN-190681368-0|qp24
2.0,50.0,10.0,3.0,8,1.39,0.48,1.2722736576917044,6351,0.0661562499999986,40,39,0.975,SIN-197634752-1|qp10
2.0,50.0,10.0,3.0,20,1.39,0.48,1.341212730318217,5970,0.0621874999999994,40,39,0.975,SIN-197634752-1|qp10
2.0,50.0,24.0,3.0,2,1.39,0.48,1.1625191438047269,16585,0.1727604166666674,96,92,0.9583333333333334,SIN-197634752-1|qp24
2.0,50.0,24.0,3.0,14,1.39,0.48,1.232711046179224,15743,0.1639895833333327,96,97,1.0104166666666667,SIN-197634752-1|qp24
2.0,50.0,24.0,3.0,26,1.39,0.48,1.1737121533887298,16481,0.1716770833333334,96,93,0.96875,SIN-197634752-1|qp24
2.0,50.0,10.0,3.0,8,1.39,0.48,1.261607535321823,6370,0.0663541666666657,40,38,0.95,SIN-198571185-1|qp10
2.0,50.0,10.0,3.0,20,1.39,0.48,1.364459066826145,5851,0.0609479166666659,40,40,1.0,SIN-198571185-1|qp10
2.0,50.0,24.0,3.0,2,1.39,0.48,1.1819411002037858,16197,0.16871875,96,94,0.9791666666666666,SIN-198571185-1|qp24
2.0,50.0,24.0,3.0,14,1.39,0.48,1.194151741903796,16304,0.1698333333333323,96,97,1.0104166666666667,SIN-198571185-1|qp24
2.0,50.0,24.0,3.0,26,1.39,0.48,1.2088358302122335,16020,0.1668750000000007,96,95,0.9895833333333334,SIN-198571185-1|qp24
2.0,50.0,10.0,3.0,8,1.39,0.48,1.2612246820536994,6369,0.0663437499999991,40,38,0.95,SIN-198571185-2|qp10
2.0,50.0,10.0,3.0,20,1.39,0.48,1.365987685992778,5847,0.0609062499999994,40,39,0.975,SIN-198571185-2|qp10
2.0,50.0,24.0,3.0,2,1.39,0.48,1.190438318743446,16107,0.1677812500000001,96,94,0.9791666666666666,SIN-198571185-2|qp24
2.0,50.0,24.0,3.0,14,1.39,0.48,1.205573679674982,16246,0.1692291666666657,96,97,1.0104166666666667,SIN-198571185-2|qp24
2.0,50.0,24.0,3.0,26,1.39,0.48,1.2054955348779235,16013,0.1668020833333321,96,95,0.9895833333333334,SIN-198571185-2|qp24
2.0,50.0,10.0,3.0,8,1.39,0.48,1.260440576983383,6378,0.0664374999999991,40,38,0.95,SIN-198571185-3|qp10
2.0,50.0,10.0,3.0,20,1.39,0.48,1.3427243697478617,5950,0.0619791666666662,40,40,1.0,SIN-198571185-3|qp10
2.0,50.0,24.0,3.0,2,1.39,0.48,1.1878975057251158,16157,0.1683020833333335,96,94,0.9791666666666666,SIN-198571185-3|qp24
2.0,50.0,24.0,3.0,14,1.39,0.48,1.2001449990744495,16207,0.1688229166666666,96,97,1.0104166666666667,SIN-198571185-3|qp24
2.0,50.0,24.0,3.0,26,1.39,0.48,1.1637471416536085,16618,0.1731041666666675,96,95,0.9895833333333334,SIN-198571185-3|qp24
2.0,50.0,10.0,3.0,8,1.39,0.48,1.2827194382381129,6266,0.0652708333333322,40,39,0.975,SIN-200167221-1|qp10
2.0,50.0,10.0,3.0,20,1.39,0.48,1.3786479019167268,5791,0.0603229166666662,40,40,1.0,SIN-200167221-1|qp10
2.0,50.0,24.0,3.0,2,1.39,0.48,1.1888721943981522,16173,0.1684687500000006,96,93,0.96875,SIN-200167221-1|qp24
2.0,50.0,24.0,3.0,14,1.39,0.48,1.2205990926604708,16091,0.1676145833333318,96,97,1.0104166666666667,SIN-200167221-1|qp24
2.0,50.0,24.0,3.0,26,1.39,0.48,1.20159592215014,16185,0.1685937500000003,96,94,0.9791666666666666,SIN-200167221-1|qp24
2.0,50.0,10.0,3.0,8,1.39,0.48,1.196017048794823,6804,0.070874999999999,40,41,1.025,SIN-200171267-0|qp10
2.0,50.0,10.0,3.0,20,1.39,0.48,1.2387410455722938,6561,0.0683437499999997,40,40,1.0,SIN-200171267-0|qp10
2.0,50.0,24.0,3.0,2,1.39,0.48,1.1732399342146125,16417,0.1710104166666676,96,93,0.96875,SIN-200171267-0|qp24
2.0,50.0,24.0,3.0,14,1.39,0.48,1.1714933973589192,16660,0.1735416666666653,94,96,1.0212765957446808,SIN-200171267-0|qp24
2.0,50.0,24.0,3.0,26,1.39,0.48,1.149966403394986,16966,0.1767291666666669,96,94,0.9791666666666666,SIN-200171267-0|qp24
2.0,50.0,10.0,3.0,8,1.39,0.48,1.2331236770486824,6614,0.0688958333333324,40,38,0.95,SIN-200171267-2|qp10
2.0,50.0,10.0,3.0,20,1.39,0.48,1.292008608321343,6273,0.0653437500000002,40,40,1.0,SIN-200171267-2|qp10
2.0,50.0,24.0,3.0,2,1.39,0.48,1.1409742571946222,17131,0.1784479166666677,96,95,0.9895833333333334,SIN-200171267-2|qp24
2.0,50.0,24.0,3.0,14,1.39,0.48,1.1634961167333195,16996,0.1770416666666651,96,97,1.0104166666666667,SIN-200171267-2|qp24
2.0,50.0,24.0,3.0,26,1.39,0.48,1.1418675327687868,17242,0.1796041666666686,96,96,1.0,SIN-200171267-2|qp24
2.0,50.0,10.0,3.0,8,1.39,0.48,1.2176724917143724,6638,0.0691458333333325,40,38,0.95,SIN-200171268-0|qp10
2.0,50.0,10.0,3.0,20,1.39,0.48,1.2935476611476904,6221,0.0648020833333335,40,39,0.975,SIN-200171268-0|qp10
2.0,50.0,24.0,3.0,2,1.39,0.48,1.1381843854798586,16997,0.1770520833333339,96,92,0.9583333333333334,SIN-200171268-0|qp24
2.0,50.0,24.0,3.0,14,1.39,0.48,1.1715477824866916,16753,0.1745104166666645,96,97,1.0104166666666667,SIN-200171268-0|qp24
2.0,50.0,24.0,3.0,26,1.39,0.48,1.139665155214482,17202,0.1791875000000024,96,96,1.0,SIN-200171268-0|qp24
2.0,50.0,10.0,3.0,8,1.39,0.48,1.2374392666157374,6545,0.0681770833333321,40,38,0.95,SIN-200171268-4|qp10
2.0,50.0,10.0,3.0,20,1.39,0.48,1.3290517098958807,6053,0.0630520833333331,40,39,0.975,SIN-200171268-4|qp10
2.0,50.0,24.0,3.0,2,1.39,0.48,1.128054314396863,17233,0.1795104166666666,96,92,0.9583333333333334,SIN-200171268-4|qp24
2.0,50.0,24.0,3.0,14,1.39,0.48,1.1686397759770863,16784,0.1748333333333315,96,95,0.9895833333333334,SIN-200171268-4|qp24
2.0,50.0,24.0,3.0,26,1.39,0.48,1.1725168026884114,16664,0.173583333333335,96,96,1.0,SIN-200171268-4|qp24
1.8,50.0,27.0,3.0,8,1.39,0.48,1.1212511424799383,19694,0.2279398148148151,108,109,1.0092592592592593,SIN-22811726-0|qp27
1.8,50.0,27.0,3.0,20,1.39,0.48,1.164665957446811,18800,0.2175925925925978,108,106,0.9814814814814816,SIN-22811726-0|qp27
1.8,50.0,27.0,3.0,2,1.39,0.48,1.1370329327298871,19221,0.2224652777777799,108,108,1.0,SIN-22811727-0|qp27
1.8,50.0,27.0,3.0,14,1.39,0.48,1.1502808988763993,19046,0.2204398148148189,108,107,0.9907407407407408,SIN-22811727-0|qp27
1.8,50.0,27.0,3.0,26,1.39,0.48,1.1299875550946503,19285,0.2232060185185213,108,109,1.0092592592592593,SIN-22811727-0|qp27
1.8,50.0,27.0,3.0,8,1.39,0.48,1.132726958923034,5794,0.0670601851851846,108,109,1.0092592592592593,SIN-22811728-0|qp27
1.8,50.0,27.0,3.0,20,1.39,0.48,1.1875290065264736,5516,0.0638425925925919,108,108,1.0,SIN-22811728-0|qp27
1.8,50.0,45.0,3.0,2,1.39,0.48,1.1091366906474984,9869,0.1142245370370369,180,180,1.0,SIN-22811728-0|qp45
1.8,50.0,45.0,3.0,14,1.39,0.48,1.0714280144263717,10259,0.1187384259259251,180,184,1.022222222222222,SIN-22811728-0|qp45
1.8,50.0,45.0,3.0,26,1.39,0.48,1.0923940572340314,10029,0.1160763888888894,180,183,1.0166666666666666,SIN-22811728-0|qp45
1.8,50.0,22.0,3.0,8,1.39,0.48,1.130525917994526,15877,0.1837615740740794,88,90,1.0227272727272727,SIN-22928582-0|qp22
1.8,50.0,22.0,3.0,20,1.39,0.48,1.1727775242813363,15341,0.1775578703703773,88,88,1.0,SIN-22928582-0|qp22
1.8,50.0,9.0,3.0,2,1.39,0.48,1.2259289980092885,6028,0.0697685185185178,36,35,0.9722222222222222,SIN-22928582-0|qp9
1.8,50.0,9.0,3.0,14,1.39,0.48,1.2417695961995234,5894,0.0682175925925921,36,36,1.0,SIN-22928582-0|qp9
1.8,50.0,9.0,3.0,26,1.39,0.48,1.2398317631224332,5944,0.0687962962962958,36,37,1.0277777777777777,SIN-22928582-0|qp9
1.8,50.0,22.0,3.0,8,1.39,0.48,1.1560094443365998,15459,0.1789236111111172,88,89,1.0113636363636365,SIN-22928582-1|qp22
1.8,50.0,22.0,3.0,20,1.39,0.48,1.1440920877869625,15811,0.1829976851851913,88,87,0.9886363636363636,SIN-22928582-1|qp22
1.8,50.0,9.0,3.0,2,1.39,0.48,1.193129930767988,6211,0.0718865740740735,36,35,0.9722222222222222,SIN-22928582-1|qp9
1.8,50.0,9.0,3.0,14,1.39,0.48,1.2797481951047696,5679,0.0657291666666663,36,36,1.0,SIN-22928582-1|qp9
1.8,50.0,9.0,3.0,26,1.39,0.48,1.2824654659905066,5719,0.0661921296296288,36,37,1.0277777777777777,SIN-22928582-1|qp9
1.8,50.0,22.0,3.0,8,1.39,0.48,1.126096488472857,15919,0.1842476851851917,88,89,1.0113636363636365,SIN-22928582-2|qp22
1.8,50.0,22.0,3.0,20,1.39,0.48,1.1649919067659362,15445,0.1787615740740813,88,86,0.9772727272727272,SIN-22928582-2|qp22
1.8,50.0,9.0,3.0,2,1.39,0.48,1.214136005256238,6088,0.0704629629629623,36,35,0.9722222222222222,SIN-22928582-2|qp9
1.8,50.0,9.0,3.0,14,1.39,0.48,1.2273408365529954,5953,0.0689004629629622,36,36,1.0,SIN-22928582-2|qp9
1.8,50.0,9.0,3.0,26,1.39,0.48,1.2279702639491703,5986,0.0692824074074069,36,37,1.0277777777777777,SIN-22928582-2|qp9
3.0,50.0,15.0,3.0,8,1.39,0.48,1.0225855771681067,11773,0.0817569444444431,60,60,1.0,SIN-546209379-0|qp15
3.0,50.0,15.0,3.0,20,1.39,0.48,0.9448387346275874,12929,0.0897847222222214,60,60,1.0,SIN-546209379-0|qp15
3.0,50.0,36.0,3.0,2,1.39,0.48,0.7770121287513778,38586,0.2679583333333332,144,142,0.9861111111111112,SIN-546209379-0|qp36
3.0,50.0,36.0,3.0,14,1.39,0.48,0.8450517829991017,34857,0.2420625000000006,144,141,0.9791666666666666,SIN-546209379-0|qp36
3.0,50.0,36.0,3.0,26,1.39,0.48,0.801590225463815,37567,0.2608819444444429,144,144,1.0,SIN-546209379-0|qp36
3.0,50.0,15.0,3.0,8,1.39,0.48,1.2889107850487502,9337,0.0648402777777768,60,59,0.9833333333333332,SIN-546209379-1|qp15
3.0,50.0,15.0,3.0,20,1.39,0.48,1.3145183234584428,9114,0.0632916666666655,60,59,0.9833333333333332,SIN-546209379-1|qp15
3.0,50.0,36.0,3.0,2,1.39,0.48,1.205582443257676,23968,0.1664444444444426,144,146,1.0138888888888888,SIN-546209379-1|qp36
3.0,50.0,36.0,3.0,14,1.39,0.48,1.196258752780305,24278,0.1685972222222197,144,145,1.0069444444444444,SIN-546209379-1|qp36
3.0,50.0,36.0,3.0,26,1.39,0.48,1.2442133629908023,23378,0.1623472222222207,144,144,1.0,SIN-546209379-1|qp36
3.0,50.0,15.0,3.0,8,1.39,0.48,1.2801234830743162,9394,0.0652361111111102,60,59,0.9833333333333332,SIN-546209379-2|qp15
3.0,50.0,15.0,3.0,20,1.39,0.48,1.3159046885318504,9086,0.063097222222221,60,59,0.9833333333333332,SIN-546209379-2|qp15
3.0,50.0,36.0,3.0,2,1.39,0.48,1.1963126501532688,24142,0.1676527777777775,144,146,1.0138888888888888,SIN-546209379-2|qp36
3.0,50.0,36.0,3.0,14,1.39,0.48,1.191314569400574,24373,0.1692569444444426,144,143,0.9930555555555556,SIN-546209379-2|qp36
3.0,50.0,36.0,3.0,26,1.39,0.48,1.2346132620138983,23556,0.1635833333333319,144,144,1.0,SIN-546209379-2|qp36
1.8,50.0,22.0,3.0,8,1.39,0.48,1.1781052561719685,15068,0.1743981481481532,88,88,1.0,SIN-74587409-1|qp22
1.8,50.0,22.0,3.0,20,1.39,0.48,1.215081051627821,14682,0.1699305555555618,88,87,0.9886363636363636,SIN-74587409-1|qp22
1.8,50.0,9.0,3.0,2,1.39,0.48,1.2859834039548002,5664,0.0655555555555557,36,35,0.9722222222222222,SIN-74587409-1|qp9
1.8,50.0,9.0,3.0,14,1.39,0.48,1.2850424028268523,5660,0.0655092592592594,36,36,1.0,SIN-74587409-1|qp9
1.8,50.0,9.0,3.0,26,1.39,0.48,1.2750008785801676,5691,0.0658680555555551,36,36,1.0,SIN-74587409-1|qp9
1.8,50.0,22.0,3.0,8,1.39,0.48,1.2244858905913767,14423,0.166932870370376,88,89,1.0113636363636365,SIN-74587409-2|qp22
1.8,50.0,22.0,3.0,20,1.39,0.48,1.1927994102271788,14921,0.1726967592592662,88,86,0.9772727272727272,SIN-74587409-2|qp22
1.8,50.0,9.0,3.0,2,1.39,0.48,1.2865002645969317,5669,0.065613425925926,36,35,0.9722222222222222,SIN-74587409-2|qp9
1.8,50.0,9.0,3.0,14,1.39,0.48,1.2848490199540854,5663,0.0655439814814816,36,36,1.0,SIN-74587409-2|qp9
1.8,50.0,9.0,3.0,26,1.39,0.48,1.2950695187165293,5610,0.0649305555555552,36,37,1.0277777777777777,SIN-74587409-2|qp9
2.5,50.0,12.0,3.0,8,1.39,0.48,1.2937211499527246,7409,0.0617416666666672,48,47,0.9791666666666666,TYO-1323228545-3|qp12
2.5,50.0,12.0,3.0,20,1.39,0.48,1.3723962874419828,7111,0.0592583333333342,48,46,0.9583333333333334,TYO-1323228545-3|qp12
2.5,50.0,30.0,3.0,2,1.39,0.48,1.2199500932601797,19837,0.1653083333333346,120,117,0.975,TYO-1323228545-3|qp30
2.5,50.0,30.0,3.0,14,1.39,0.48,1.246801127172207,19163,0.1596916666666666,120,122,1.0166666666666666,TYO-1323228545-3|qp30
2.5,50.0,30.0,3.0,26,1.39,0.48,1.2352825426260845,19413,0.1617750000000008,120,121,1.0083333333333333,TYO-1323228545-3|qp30
2.5,50.0,50.0,3.0,3,1.39,0.48,1.0694763440859918,37200,0.3099999999999992,198,192,0.9696969696969696,AMS-1073074102-0|qp50
2.5,50.0,50.0,3.0,15,1.39,0.48,1.1001298025578488,36517,0.3043083333333294,198,191,0.9646464646464646,AMS-1073074102-0|qp50
2.5,50.0,50.0,3.0,27,1.39,0.48,1.0538383785206549,37990,0.316583333333331,198,200,1.0101010101010102,AMS-1073074102-0|qp50
1.2,50.0,14.0,3.0,9,1.39,0.48,1.2476215086871083,9094,0.1578819444444469,56,56,1.0,AMS-244428233-0|qp14
1.2,50.0,14.0,3.0,21,1.39,0.48,1.2265704712494685,9252,0.160625000000001,56,57,1.0178571428571428,AMS-244428233-0|qp14
1.2,50.0,6.0,3.0,3,1.39,0.48,1.2289388580090688,3958,0.0687152777777785,24,23,0.9583333333333334,AMS-244428233-0|qp6
1.2,50.0,6.0,3.0,15,1.39,0.48,1.272608353033876,3807,0.0660937499999999,24,24,1.0,AMS-244428233-0|qp6
1.2,50.0,6.0,3.0,27,1.39,0.48,1.3478804960541522,3548,0.0615972222222224,24,24,1.0,AMS-244428233-0|qp6
2.5,50.0,12.0,3.0,9,1.39,0.48,1.27750854139291,3805,0.0317083333333337,48,47,0.9791666666666666,AMS-4480498-0|qp12
2.5,50.0,12.0,3.0,21,1.39,0.48,1.2489081191142832,3929,0.0327416666666671,48,50,1.0416666666666667,AMS-4480498-0|qp12
2.5,50.0,30.0,3.0,3,1.39,0.48,1.217575244169844,10034,0.0836166666666684,120,121,1.0083333333333333,AMS-4480498-0|qp30
2.5,50.0,30.0,3.0,15,1.39,0.48,1.2210640225488596,9934,0.0827833333333342,120,119,0.9916666666666668,AMS-4480498-0|qp30
2.5,50.0,30.0,3.0,27,1.39,0.48,1.2496534855279322,9812,0.0817666666666682,120,121,1.0083333333333333,AMS-4480498-0|qp30
3.6,50.0,18.0,3.0,9,1.39,0.48,1.247591996520255,11495,0.0665219907407413,72,71,0.9861111111111112,AMS-4480626-0|qp18
3.6,50.0,18.0,3.0,21,1.39,0.48,1.1695850861998056,12123,0.0701562500000006,72,72,1.0,AMS-4480626-0|qp18
3.6,50.0,43.0,3.0,3,1.39,0.48,1.0619433822621849,32428,0.1876620370370363,172,172,1.0,AMS-4480626-0|qp43
3.6,50.0,43.0,3.0,15,1.39,0.48,1.0613706150553517,32241,0.1865798611111104,172,174,1.0116279069767442,AMS-4480626-0|qp43
3.6,50.0,43.0,3.0,27,1.39,0.48,1.0228317975107986,33424,0.1934259259259267,172,175,1.0174418604651163,AMS-4480626-0|qp43
3.6,50.0,18.0,3.0,9,1.39,0.48,1.3421785285701515,10833,0.0626909722222223,72,71,0.9861111111111112,AMS-4480644-0|qp18
3.6,50.0,18.0,3.0,21,1.39,0.48,1.2985180852978349,11114,0.0643171296296298,72,72,1.0,AMS-4480644-0|qp18
3.6,50.0,43.0,3.0,3,1.39,0.48,1.21182166626009,28699,0.1660821759259253,172,169,0.9825581395348836,AMS-4480644-0|qp43
3.6,50.0,43.0,3.0,15,1.39,0.48,1.2552184892402125,27324,0.1581249999999998,172,174,1.0116279069767442,AMS-4480644-0|qp43
3.6,50.0,43.0,3.0,27,1.39,0.48,1.205004188481701,28650,0.1657986111111103,172,174,1.0116279069767442,AMS-4480644-0|qp43
2.5,50.0,12.0,3.0,9,1.39,0.48,1.3100532132623897,7329,0.0610750000000007,48,49,1.0208333333333333,AMS-4495978-0|qp12
2.5,50.0,12.0,3.0,21,1.39,0.48,1.2777083333333523,7632,0.0636000000000009,48,49,1.0208333333333333,AMS-4495978-0|qp12
2.5,50.0,30.0,3.0,3,1.39,0.48,1.200430377256405,20331,0.1694250000000028,120,117,0.975,AMS-4495978-0|qp30
2.5,50.0,30.0,3.0,15,1.39,0.48,1.2155484162440706,19921,0.1660083333333362,120,119,0.9916666666666668,AMS-4495978-0|qp30
2.5,50.0,30.0,3.0,27,1.39,0.48,1.2449085521610663,19574,0.1631166666666663,120,117,0.975,AMS-4495978-0|qp30
2.5,50.0,12.0,3.0,9,1.39,0.48,1.1614327002477265,7266,0.060550000000001,48,48,1.0,AMS-4495979-0|qp12
2.5,50.0,12.0,3.0,21,1.39,0.48,1.149599348091834,7363,0.0613583333333341,48,48,1.0,AMS-4495979-0|qp12
2.5,50.0,30.0,3.0,3,1.39,0.48,1.1085182462588483,19045,0.1587083333333339,120,120,1.0,AMS-4495979-0|qp30
2.5,50.0,30.0,3.0,15,1.39,0.48,1.169886004514624,17720,0.1476666666666662,120,120,1.0,AMS-4495979-0|qp30
2.5,50.0,30.0,3.0,27,1.39,0.48,1.1357724847766653,18557,0.1546416666666669,120,119,0.9916666666666668,AMS-4495979-0|qp30
2.5,50.0,12.0,3.0,9,1.39,0.48,1.0861131868131897,9100,0.0758333333333344,48,48,1.0,AMS-4496429-0|qp12
2.5,50.0,12.0,3.0,21,1.39,0.48,1.1308325750682535,8792,0.0732666666666683,48,50,1.0416666666666667,AMS-4496429-0|qp12
2.5,50.0,30.0,3.0,3,1.39,0.48,0.9369561011904678,26880,0.2240000000000045,120,120,1.0,AMS-4496429-0|qp30
2.5,50.0,30.0,3.0,15,1.39,0.48,0.9235281929849994,27028,0.2252333333333356,120,118,0.9833333333333332,AMS-4496429-0|qp30
2.5,50.0,30.0,3.0,27,1.39,0.48,0.954658566129166,26418,0.2201500000000038,120,117,0.975,AMS-4496429-0|qp30
2.5,50.0,12.0,3.0,9,1.39,0.48,1.311909239574819,7338,0.0611500000000006,48,49,1.0208333333333333,AMS-7370864-0|qp12
2.5,50.0,12.0,3.0,21,1.39,0.48,1.319417766290325,7351,0.0612583333333342,48,48,1.0,AMS-7370864-0|qp12
2.5,50.0,30.0,3.0,3,1.39,0.48,1.248855158219724,19435,0.1619583333333333,120,121,1.0083333333333333,AMS-7370864-0|qp30
2.5,50.0,30.0,3.0,15,1.39,0.48,1.2655703992004548,19013,0.1584416666666671,120,118,0.9833333333333332,AMS-7370864-0|qp30
2.5,50.0,30.0,3.0,27,1.39,0.48,1.2767309113951164,18938,0.1578166666666661,120,117,0.975,AMS-7370864-0|qp30
4.0,50.0,80.0,3.0,9,1.39,0.48,0.972118961361788,65971,0.3435989583333345,320,316,0.9875,AMS-7371505-0|qp80
4.0,50.0,80.0,3.0,21,1.39,0.48,0.9891012132087332,65199,0.3395781249999985,320,316,0.9875,AMS-7371505-0|qp80
4.0,50.0,100.0,3.0,3,1.39,0.48,0.7996214138421966,99898,0.5203020833333376,400,386,0.965,AMS-7371505-3|qp100
4.0,50.0,100.0,3.0,15,1.39,0.48,0.8115349324544755,98304,0.5119999999999979,400,382,0.955,AMS-7371505-3|qp100
4.0,50.0,100.0,3.0,27,1.39,0.48,0.8559865235677571,94387,0.4915989583333328,400,395,0.9875,AMS-7371505-3|qp100
4.0,50.0,60.0,3.0,9,1.39,0.48,1.1265517403575585,42520,0.221458333333334,240,238,0.9916666666666668,AMS-7371505-3|qp60
4.0,50.0,60.0,3.0,21,1.39,0.48,1.1428526335623788,42452,0.2211041666666684,240,239,0.9958333333333332,AMS-7371505-3|qp60
2.5,50.0,38.0,3.0,3,1.39,0.48,1.2262243589744002,24960,0.2080000000000031,152,152,1.0,LON-4082553-0|qp38
2.5,50.0,38.0,3.0,15,1.39,0.48,1.2358490795064052,24715,0.2059583333333356,152,153,1.006578947368421,LON-4082553-0|qp38
2.5,50.0,38.0,3.0,27,1.39,0.48,1.2198880478088232,25100,0.2091666666666693,152,154,1.013157894736842,LON-4082553-0|qp38
2.5,50.0,62.0,3.0,9,1.39,0.48,1.0884470869067189,45244,0.377033333333336,248,246,0.9919354838709676,LON-4082553-0|qp62
2.5,50.0,62.0,3.0,21,1.39,0.48,0.9764823288871792,51355,0.4279583333333348,248,251,1.0120967741935485,LON-4082553-0|qp62
2.5,50.0,38.0,3.0,3,1.39,0.48,1.2351559209460377,24692,0.2057666666666711,152,152,1.0,LON-4082554-0|qp38
2.5,50.0,38.0,3.0,15,1.39,0.48,1.2190147135053802,25079,0.2089916666666698,152,153,1.006578947368421,LON-4082554-0|qp38
2.5,50.0,38.0,3.0,27,1.39,0.48,1.2080421817608449,25319,0.2109916666666697,152,150,0.986842105263158,LON-4082554-0|qp38
2.5,50.0,62.0,3.0,9,1.39,0.48,1.0681509617624405,47257,0.3938083333333337,248,237,0.9556451612903226,LON-4082554-0|qp62
2.5,50.0,62.0,3.0,21,1.39,0.48,1.117252805985808,44904,0.3742000000000033,248,249,1.0040322580645162,LON-4082554-0|qp62
2.5,50.0,38.0,3.0,3,1.39,0.48,1.2446934010568145,24413,0.20344166666667,152,153,1.006578947368421,LON-4082592-0|qp38
2.5,50.0,38.0,3.0,15,1.39,0.48,1.2280328131895348,24929,0.2077416666666695,152,152,1.0,LON-4082592-0|qp38
2.5,50.0,38.0,3.0,27,1.39,0.48,1.2239196725916708,24923,0.2076916666666681,152,153,1.006578947368421,LON-4082592-0|qp38
2.5,50.0,62.0,3.0,9,1.39,0.48,1.099196068883291,45178,0.3764833333333326,248,250,1.0080645161290325,LON-4082592-0|qp62
2.5,50.0,62.0,3.0,21,1.39,0.48,1.0396142604254102,48582,0.4048500000000021,248,248,1.0,LON-4082592-0|qp62
2.5,50.0,50.0,3.0,3,1.39,0.48,1.1115282137127822,14337,0.1194749999999999,200,201,1.005,SIN-1105987650-1|qp50
2.5,50.0,50.0,3.0,15,1.39,0.48,1.168911481424824,13082,0.1090166666666664,200,188,0.94,SIN-1105987650-1|qp50
2.5,50.0,50.0,3.0,27,1.39,0.48,1.2732440351611567,7167,0.0597250000000021,4,26,6.5,SIN-1105987650-1|qp50
2.0,50.0,10.0,3.0,9,1.39,0.48,1.229384791746267,2617,0.0272604166666658,40,40,1.0,SIN-131164229-0|qp10
2.0,50.0,10.0,3.0,21,1.39,0.48,1.2339553674490236,2599,0.0270729166666659,40,41,1.025,SIN-131164229-0|qp10
2.0,50.0,24.0,3.0,3,1.39,0.48,1.1946804540506932,6431,0.0669895833333332,96,96,1.0,SIN-131164229-0|qp24
2.0,50.0,24.0,3.0,15,1.39,0.48,1.2183802149178222,6328,0.0659166666666667,96,97,1.0104166666666667,SIN-131164229-0|qp24
2.0,50.0,24.0,3.0,27,1.39,0.48,1.218374742839058,6319,0.0658229166666663,96,97,1.0104166666666667,SIN-131164229-0|qp24
1.8,50.0,22.0,3.0,9,1.39,0.48,1.1382934914259928,15687,0.1815625000000049,88,86,0.9772727272727272,SIN-139715353-1|qp22
1.8,50.0,22.0,3.0,21,1.39,0.48,1.0892167038802592,16571,0.1917939814814876,88,85,0.9659090909090908,SIN-139715353-1|qp22
1.8,50.0,9.0,3.0,3,1.39,0.48,1.1856813116841862,6282,0.0727083333333326,36,36,1.0,SIN-139715353-1|qp9
1.8,50.0,9.0,3.0,15,1.39,0.48,1.164614057107005,6374,0.0737731481481479,36,36,1.0,SIN-139715353-1|qp9
1.8,50.0,9.0,3.0,27,1.39,0.48,1.2476969075687676,5853,0.0677430555555543,36,35,0.9722222222222222,SIN-139715353-1|qp9
3.0,50.0,15.0,3.0,9,1.39,0.48,1.269290780141894,9588,0.0665833333333323,60,61,1.0166666666666666,SIN-1464509030-0|qp15
3.0,50.0,15.0,3.0,21,1.39,0.48,1.2446082949308697,9765,0.0678124999999991,60,61,1.0166666666666666,SIN-1464509030-0|qp15
3.0,50.0,36.0,3.0,3,1.39,0.48,1.166263934557728,24938,0.1731805555555546,144,146,1.0138888888888888,SIN-1464509030-0|qp36
3.0,50.0,36.0,3.0,15,1.39,0.48,1.1392615837595266,25812,0.1792500000000001,144,145,1.0069444444444444,SIN-1464509030-0|qp36
3.0,50.0,36.0,3.0,27,1.39,0.48,1.1621486325803017,25230,0.1752083333333331,144,145,1.0069444444444444,SIN-1464509030-0|qp36
2.0,50.0,10.0,3.0,9,1.39,0.48,1.3479415692820789,5990,0.0623958333333325,40,41,1.025,SIN-166571436-2|qp10
2.0,50.0,10.0,3.0,21,1.39,0.48,1.3303843615968616,6062,0.0631458333333332,40,42,1.05,SIN-166571436-2|qp10
2.0,50.0,24.0,3.0,3,1.39,0.48,1.2648416585046665,15315,0.1595312500000008,96,95,0.9895833333333334,SIN-166571436-2|qp24
2.0,50.0,24.0,3.0,15,1.39,0.48,1.318979061174167,14614,0.1522291666666665,96,97,1.0104166666666667,SIN-166571436-2|qp24
2.0,50.0,24.0,3.0,27,1.39,0.48,1.3129961142545852,14669,0.1528020833333318,96,97,1.0104166666666667,SIN-166571436-2|qp24
2.0,50.0,10.0,3.0,9,1.39,0.48,1.2528307645352812,6553,0.0682604166666663,40,40,1.0,SIN-166571436-3|qp10
2.0,50.0,10.0,3.0,21,1.39,0.48,1.2580728282672708,6481,0.0675104166666653,40,41,1.025,SIN-166571436-3|qp10
2.0,50.0,24.0,3.0,3,1.39,0.48,1.1707816325311449,16747,0.1744479166666665,96,95,0.9895833333333334,SIN-166571436-3|qp24
2.0,50.0,24.0,3.0,15,1.39,0.48,1.2576924074433704,15423,0.1606562499999999,96,97,1.0104166666666667,SIN-166571436-3|qp24
2.0,50.0,24.0,3.0,27,1.39,0.48,1.2187657164197925,16066,0.1673541666666675,96,98,1.0208333333333333,SIN-166571436-3|qp24
1.8,50.0,22.0,3.0,9,1.39,0.48,1.2404002250825967,14217,0.1645486111111137,88,86,0.9772727272727272,SIN-170969415-0|qp22
1.8,50.0,22.0,3.0,21,1.39,0.48,1.201444564337727,14828,0.1716203703703755,88,87,0.9886363636363636,SIN-170969415-0|qp22
1.8,50.0,9.0,3.0,3,1.39,0.48,1.2433819339701788,5967,0.0690624999999995,36,36,1.0,SIN-170969415-0|qp9
1.8,50.0,9.0,3.0,15,1.39,0.48,1.2619612216884175,5828,0.0674537037037029,36,36,1.0,SIN-170969415-0|qp9
1.8,50.0,9.0,3.0,27,1.39,0.48,1.307184692777576,5566,0.064421296296295,36,35,0.9722222222222222,SIN-170969415-0|qp9
2.0,50.0,10.0,3.0,9,1.39,0.48,1.3103497409325855,6176,0.0643333333333326,40,41,1.025,SIN-190681368-0|qp10
2.0,50.0,10.0,3.0,21,1.39,0.48,1.3072665369650107,6168,0.0642499999999995,40,40,1.0,SIN-190681368-0|qp10
2.0,50.0,24.0,3.0,3,1.39,0.48,1.2074527598209075,16088,0.167583333333335,96,96,1.0,SIN-190681368-0|qp24
2.0,50.0,24.0,3.0,15,1.39,0.48,1.2201553495364303,15964,0.1662916666666661,96,96,1.0,SIN-190681368-0|qp24
2.0,50.0,24.0,3.0,27,1.39,0.48,1.217849293563617,15925,0.1658854166666664,96,97,1.0104166666666667,SIN-190681368-0|qp24
2.0,50.0,10.0,3.0,9,1.39,0.48,1.3226192810456965,6120,0.063749999999999,40,41,1.025,SIN-197634752-1|qp10
2.0,50.0,10.0,3.0,21,1.39,0.48,1.282313065565993,6299,0.0656145833333327,40,41,1.025,SIN-197634752-1|qp10
2.0,50.0,24.0,3.0,3,1.39,0.48,1.171613888057392,16705,0.174010416666667,96,94,0.9791666666666666,SIN-197634752-1|qp24
2.0,50.0,24.0,3.0,15,1.39,0.48,1.2112373815568993,16147,0.1681979166666673,96,97,1.0104166666666667,SIN-197634752-1|qp24
2.0,50.0,24.0,3.0,27,1.39,0.48,1.2348692521475753,15832,0.1649166666666652,96,98,1.0208333333333333,SIN-197634752-1|qp24
2.0,50.0,10.0,3.0,9,1.39,0.48,1.3235549369575343,6107,0.0636145833333326,40,41,1.025,SIN-198571185-1|qp10
2.0,50.0,10.0,3.0,21,1.39,0.48,1.3059062905318075,6168,0.0642499999999997,40,40,1.0,SIN-198571185-1|qp10
2.0,50.0,24.0,3.0,3,1.39,0.48,1.1895464244344776,16403,0.1708645833333339,96,97,1.0104166666666667,SIN-198571185-1|qp24
2.0,50.0,24.0,3.0,15,1.39,0.48,1.2634410066809236,15417,0.1605937499999998,96,98,1.0208333333333333,SIN-198571185-1|qp24
2.0,50.0,24.0,3.0,27,1.39,0.48,1.210280141623738,16099,0.1676979166666662,96,97,1.0104166666666667,SIN-198571185-1|qp24
2.0,50.0,10.0,3.0,9,1.39,0.48,1.3229523497625115,6107,0.0636145833333326,40,41,1.025,SIN-198571185-2|qp10
2.0,50.0,10.0,3.0,21,1.39,0.48,1.3104147092175886,6173,0.0643020833333329,40,41,1.025,SIN-198571185-2|qp10
2.0,50.0,24.0,3.0,3,1.39,0.48,1.1869382954339156,16579,0.1726979166666671,96,96,1.0,SIN-198571185-2|qp24
2.0,50.0,24.0,3.0,15,1.39,0.48,1.2226470403220235,15897,0.1655937499999996,96,97,1.0104166666666667,SIN-198571185-2|qp24
2.0,50.0,24.0,3.0,27,1.39,0.48,1.2071437422553024,16140,0.1681249999999996,96,97,1.0104166666666667,SIN-198571185-2|qp24
2.0,50.0,10.0,3.0,9,1.39,0.48,1.3234517766496918,6107,0.0636145833333326,40,41,1.025,SIN-198571185-3|qp10
2.0,50.0,10.0,3.0,21,1.39,0.48,1.310457124331363,6169,0.0642604166666663,40,41,1.025,SIN-198571185-3|qp10
2.0,50.0,24.0,3.0,3,1.39,0.48,1.1829088714543867,16570,0.1726041666666662,96,96,1.0,SIN-198571185-3|qp24
2.0,50.0,24.0,3.0,15,1.39,0.48,1.2509892500639774,15628,0.162791666666665,96,98,1.0208333333333333,SIN-198571185-3|qp24
2.0,50.0,24.0,3.0,27,1.39,0.48,1.2102142324888605,16104,0.1677499999999995,96,97,1.0104166666666667,SIN-198571185-3|qp24
2.0,50.0,10.0,3.0,9,1.39,0.48,1.29962088353408,6225,0.0648437499999998,40,41,1.025,SIN-200167221-1|qp10
2.0,50.0,10.0,3.0,21,1.39,0.48,1.2911527377521863,6246,0.0650624999999996,40,41,1.025,SIN-200167221-1|qp10
2.0,50.0,24.0,3.0,3,1.39,0.48,1.209052964524871,16124,0.1679583333333334,96,97,1.0104166666666667,SIN-200167221-1|qp24
2.0,50.0,24.0,3.0,15,1.39,0.48,1.210001246805024,16041,0.1670937499999991,96,97,1.0104166666666667,SIN-200167221-1|qp24
2.0,50.0,24.0,3.0,27,1.39,0.48,1.2099092265605706,16084,0.1675416666666659,96,97,1.0104166666666667,SIN-200167221-1|qp24
2.0,50.0,10.0,3.0,9,1.39,0.48,1.2143500815176684,6747,0.0702812499999989,40,40,1.0,SIN-200171267-0|qp10
2.0,50.0,10.0,3.0,21,1.39,0.48,1.214004357298501,6885,0.0717187499999982,40,41,1.025,SIN-200171267-0|qp10
2.0,50.0,24.0,3.0,3,1.39,0.48,1.182607807807757,16650,0.1734375000000011,96,94,0.9791666666666666,SIN-200171267-0|qp24
2.0,50.0,24.0,3.0,15,1.39,0.48,1.1728872322801818,16902,0.1760624999999993,96,97,1.0104166666666667,SIN-200171267-0|qp24
2.0,50.0,24.0,3.0,27,1.39,0.48,1.2160892946473507,15992,0.1665833333333334,96,96,1.0,SIN-200171267-0|qp24
2.0,50.0,10.0,3.0,9,1.39,0.48,1.2317564332734423,6684,0.069625,40,40,1.0,SIN-200171267-2|qp10
2.0,50.0,10.0,3.0,21,1.39,0.48,1.2354958490566332,6625,0.0690104166666654,40,41,1.025,SIN-200171267-2|qp10
2.0,50.0,24.0,3.0,3,1.39,0.48,1.154413371717229,17021,0.1773020833333329,96,95,0.9895833333333334,SIN-200171267-2|qp24
2.0,50.0,24.0,3.0,15,1.39,0.48,1.1836162804658088,16658,0.1735208333333333,96,98,1.0208333333333333,SIN-200171267-2|qp24
2.0,50.0,24.0,3.0,27,1.39,0.48,1.1773172772366352,16733,0.1743020833333335,96,96,1.0,SIN-200171267-2|qp24
2.0,50.0,10.0,3.0,9,1.39,0.48,1.2493022542554355,6521,0.0679270833333331,40,41,1.025,SIN-200171268-0|qp10
2.0,50.0,10.0,3.0,21,1.39,0.48,1.2430100794135903,6548,0.0682083333333319,40,42,1.05,SIN-200171268-0|qp10
2.0,50.0,24.0,3.0,3,1.39,0.48,1.13555234072097,17281,0.1800104166666664,96,96,1.0,SIN-200171268-0|qp24
2.0,50.0,24.0,3.0,15,1.39,0.48,1.172172670437618,16795,0.1749479166666668,96,97,1.0104166666666667,SIN-200171268-0|qp24
2.0,50.0,24.0,3.0,27,1.39,0.48,1.1765430249281246,16688,0.1738333333333335,96,97,1.0104166666666667,SIN-200171268-0|qp24
2.0,50.0,10.0,3.0,9,1.39,0.48,1.2803081761005783,6360,0.0662499999999996,40,40,1.0,SIN-200171268-4|qp10
2.0,50.0,10.0,3.0,21,1.39,0.48,1.2717787931306408,6347,0.0661145833333327,40,41,1.025,SIN-200171268-4|qp10
2.0,50.0,24.0,3.0,3,1.39,0.48,1.1628211691867631,16798,0.1749791666666677,96,95,0.9895833333333334,SIN-200171268-4|qp24
2.0,50.0,24.0,3.0,15,1.39,0.48,1.1950400388255076,16484,0.1717083333333326,96,97,1.0104166666666667,SIN-200171268-4|qp24
2.0,50.0,24.0,3.0,27,1.39,0.48,1.1832885906040649,16688,0.1738333333333335,96,97,1.0104166666666667,SIN-200171268-4|qp24
1.8,50.0,27.0,3.0,9,1.39,0.48,1.150936680993802,19078,0.2208101851851876,108,108,1.0,SIN-22811726-0|qp27
1.8,50.0,27.0,3.0,21,1.39,0.48,1.1200208693882316,19646,0.2273842592592603,108,108,1.0,SIN-22811726-0|qp27
1.8,50.0,27.0,3.0,3,1.39,0.48,1.1641511824324189,18944,0.2192592592592626,108,108,1.0,SIN-22811727-0|qp27
1.8,50.0,27.0,3.0,15,1.39,0.48,1.1169789004158857,19953,0.2309375000000036,108,108,1.0,SIN-22811727-0|qp27
1.8,50.0,27.0,3.0,27,1.39,0.48,1.1881619971072204,18667,0.2160532407407454,108,112,1.037037037037037,SIN-22811727-0|qp27
1.8,50.0,27.0,3.0,9,1.39,0.48,1.1702905008019888,5611,0.0649421296296288,108,109,1.0092592592592593,SIN-22811728-0|qp27
1.8,50.0,27.0,3.0,21,1.39,0.48,1.1565587764538674,5623,0.0650810185185173,108,106,0.9814814814814816,SIN-22811728-0|qp27
1.8,50.0,45.0,3.0,3,1.39,0.48,1.0912853317465163,10083,0.1167013888888881,180,176,0.9777777777777776,SIN-22811728-0|qp45
1.8,50.0,45.0,3.0,15,1.39,0.48,1.063962154856159,10358,0.1198842592592597,180,180,1.0,SIN-22811728-0|qp45
1.8,50.0,45.0,3.0,27,1.39,0.48,1.0646944901713968,10327,0.1195254629629626,180,182,1.011111111111111,SIN-22811728-0|qp45
1.8,50.0,22.0,3.0,9,1.39,0.48,1.185575103291985,15006,0.17368055555556,88,88,1.0,SIN-22928582-0|qp22
1.8,50.0,22.0,3.0,21,1.39,0.48,1.1208093092165978,16199,0.1874884259259334,88,86,0.9772727272727272,SIN-22928582-0|qp22
1.8,50.0,9.0,3.0,3,1.39,0.48,1.1908681055155963,6255,0.0723958333333329,36,36,1.0,SIN-22928582-0|qp9
1.8,50.0,9.0,3.0,15,1.39,0.48,1.2195982807075647,6049,0.0700115740740734,36,36,1.0,SIN-22928582-0|qp9
1.8,50.0,9.0,3.0,27,1.39,0.48,1.2746817068905203,5718,0.0661805555555546,36,36,1.0,SIN-22928582-0|qp9
1.8,50.0,22.0,3.0,9,1.39,0.48,1.2347983475703346,14282,0.1653009259259288,88,86,0.9772727272727272,SIN-22928582-1|qp22
1.8,50.0,22.0,3.0,21,1.39,0.48,1.1743592759589598,15303,0.1771180555555617,88,85,0.9659090909090908,SIN-22928582-1|qp22
1.8,50.0,9.0,3.0,3,1.39,0.48,1.214119850187275,6141,0.0710763888888881,36,36,1.0,SIN-22928582-1|qp9
1.8,50.0,9.0,3.0,15,1.39,0.48,1.2436241158639412,5938,0.0687268518518511,36,36,1.0,SIN-22928582-1|qp9
1.8,50.0,9.0,3.0,27,1.39,0.48,1.2863488413231872,5653,0.0654282407407394,36,36,1.0,SIN-22928582-1|qp9
1.8,50.0,22.0,3.0,9,1.39,0.48,1.1674829931972566,15288,0.1769444444444493,88,87,0.9886363636363636,SIN-22928582-2|qp22
1.8,50.0,22.0,3.0,21,1.39,0.48,1.112335325651609,16229,0.1878356481481551,88,88,1.0,SIN-22928582-2|qp22
1.8,50.0,9.0,3.0,3,1.39,0.48,1.1759261006289383,6360,0.0736111111111108,36,36,1.0,SIN-22928582-2|qp9
1.8,50.0,9.0,3.0,15,1.39,0.48,1.1994280622164764,6172,0.0714351851851849,36,36,1.0,SIN-22928582-2|qp9
1.8,50.0,9.0,3.0,27,1.39,0.48,1.2418223427699635,5899,0.0682754629629617,36,36,1.0,SIN-22928582-2|qp9
3.0,50.0,15.0,3.0,9,1.39,0.48,0.9835209455656724,12437,0.0863680555555554,60,60,1.0,SIN-546209379-0|qp15
3.0,50.0,15.0,3.0,21,1.39,0.48,0.9622223949024824,12869,0.0893680555555556,60,61,1.0166666666666666,SIN-546209379-0|qp15
3.0,50.0,36.0,3.0,3,1.39,0.48,0.8034649555775011,36468,0.2532500000000033,144,141,0.9791666666666666,SIN-546209379-0|qp36
3.0,50.0,36.0,3.0,15,1.39,0.48,0.766096380632168,39261,0.2726458333333312,144,142,0.9861111111111112,SIN-546209379-0|qp36
3.0,50.0,36.0,3.0,27,1.39,0.48,0.7531833529250048,39983,0.2776597222222225,144,140,0.9722222222222222,SIN-546209379-0|qp36
3.0,50.0,15.0,3.0,9,1.39,0.48,1.3323720061525322,9102,0.0632083333333323,60,60,1.0,SIN-546209379-1|qp15
3.0,50.0,15.0,3.0,21,1.39,0.48,1.3208379949544853,9117,0.0633124999999987,60,61,1.0166666666666666,SIN-546209379-1|qp15
3.0,50.0,36.0,3.0,3,1.39,0.48,1.244037455127405,23121,0.160562499999998,144,146,1.0138888888888888,SIN-546209379-1|qp36
3.0,50.0,36.0,3.0,15,1.39,0.48,1.263396729625774,22872,0.1588333333333328,144,143,0.9930555555555556,SIN-546209379-1|qp36
3.0,50.0,36.0,3.0,27,1.39,0.48,1.243684370389769,23046,0.1600416666666652,144,141,0.9791666666666666,SIN-546209379-1|qp36
3.0,50.0,15.0,3.0,9,1.39,0.48,1.330490541135107,9092,0.0631388888888877,60,60,1.0,SIN-546209379-2|qp15
3.0,50.0,15.0,3.0,21,1.39,0.48,1.3158417030567766,9160,0.0636111111111096,60,61,1.0166666666666666,SIN-546209379-2|qp15
3.0,50.0,36.0,3.0,3,1.39,0.48,1.2507142236133368,23004,0.1597499999999982,144,147,1.0208333333333333,SIN-546209379-2|qp36
3.0,50.0,36.0,3.0,15,1.39,0.48,1.2538560645497472,23052,0.1600833333333318,144,143,0.9930555555555556,SIN-546209379-2|qp36
3.0,50.0,36.0,3.0,27,1.39,0.48,1.2610419961343429,22764,0.1580833333333319,144,141,0.9791666666666666,SIN-546209379-2|qp36
1.8,50.0,22.0,3.0,9,1.39,0.48,1.209246053347821,14696,0.1700925925925965,88,88,1.0,SIN-74587409-1|qp22
1.8,50.0,22.0,3.0,21,1.39,0.48,1.1631470246547044,15494,0.1793287037037101,88,84,0.9545454545454546,SIN-74587409-1|qp22
1.8,50.0,9.0,3.0,3,1.39,0.48,1.2505835722718948,5929,0.0686226851851841,36,36,1.0,SIN-74587409-1|qp9
1.8,50.0,9.0,3.0,15,1.39,0.48,1.2773860448808037,5704,0.0660185185185175,36,36,1.0,SIN-74587409-1|qp9
1.8,50.0,9.0,3.0,27,1.39,0.48,1.31785897435897,5460,0.063194444444443,36,35,0.9722222222222222,SIN-74587409-1|qp9
1.8,50.0,22.0,3.0,9,1.39,0.48,1.2099795765538537,14689,0.170011574074078,88,88,1.0,SIN-74587409-2|qp22
1.8,50.0,22.0,3.0,21,1.39,0.48,1.1575016160310108,15470,0.1790509259259317,88,86,0.9772727272727272,SIN-74587409-2|qp22
1.8,50.0,9.0,3.0,3,1.39,0.48,1.2333478043079067,5989,0.069317129629629,36,36,1.0,SIN-74587409-2|qp9
1.8,50.0,9.0,3.0,15,1.39,0.48,1.2545276872964322,5833,0.0675115740740735,36,36,1.0,SIN-74587409-2|qp9
1.8,50.0,9.0,3.0,27,1.39,0.48,1.3180911420204922,5464,0.0632407407407393,36,35,0.9722222222222222,SIN-74587409-2|qp9
2.5,50.0,12.0,3.0,9,1.39,0.48,1.3250055401662142,7220,0.0601666666666673,48,47,0.9791666666666666,TYO-1323228545-3|qp12
2.5,50.0,12.0,3.0,21,1.39,0.48,1.3133460024433536,7367,0.0613916666666675,48,49,1.0208333333333333,TYO-1323228545-3|qp12
2.5,50.0,30.0,3.0,3,1.39,0.48,1.2592464825430247,19190,0.1599166666666675,120,120,1.0,TYO-1323228545-3|qp30
2.5,50.0,30.0,3.0,15,1.39,0.48,1.253395329397556,19141,0.1595083333333342,120,121,1.0083333333333333,TYO-1323228545-3|qp30
2.5,50.0,30.0,3.0,27,1.39,0.48,1.2914508547008765,18720,0.1559999999999999,120,117,0.975,TYO-1323228545-3|qp30
2.5,50.0,50.0,3.0,4,1.39,0.48,1.0357414309917357,38365,0.3197083333333318,198,193,0.9747474747474748,AMS-1073074102-0|qp50
2.5,50.0,50.0,3.0,16,1.39,0.48,1.028412339518647,38478,0.3206499999999999,198,186,0.9393939393939394,AMS-1073074102-0|qp50
2.5,50.0,50.0,3.0,28,1.39,0.48,1.0811888448773923,37364,0.3113666666666657,200,194,0.97,AMS-1073074102-0|qp50
1.2,50.0,14.0,3.0,10,1.39,0.48,1.2275657030223468,9132,0.1585416666666676,56,58,1.0357142857142858,AMS-244428233-0|qp14
1.2,50.0,14.0,3.0,22,1.39,0.48,1.245238304898176,9085,0.1577256944444454,56,55,0.9821428571428572,AMS-244428233-0|qp14
1.2,50.0,6.0,3.0,4,1.39,0.48,1.2748429664819094,3789,0.0657812500000002,24,22,0.9166666666666666,AMS-244428233-0|qp6
1.2,50.0,6.0,3.0,16,1.39,0.48,1.3327526228603048,3622,0.0628819444444444,24,24,1.0,AMS-244428233-0|qp6
1.2,50.0,6.0,3.0,28,1.39,0.48,1.2916503570483937,3781,0.0656423611111111,24,24,1.0,AMS-244428233-0|qp6
2.5,50.0,12.0,3.0,10,1.39,0.48,1.2492548818088502,3892,0.0324333333333337,48,48,1.0,AMS-4480498-0|qp12
2.5,50.0,12.0,3.0,22,1.39,0.48,1.270662477088276,3819,0.0318250000000004,48,48,1.0,AMS-4480498-0|qp12
2.5,50.0,30.0,3.0,4,1.39,0.48,1.2323408521303305,9975,0.0831250000000014,120,122,1.0166666666666666,AMS-4480498-0|qp30
2.5,50.0,30.0,3.0,16,1.39,0.48,1.233357272911202,9886,0.0823833333333346,120,122,1.0166666666666666,AMS-4480498-0|qp30
2.5,50.0,30.0,3.0,28,1.39,0.48,1.2186971690590134,10032,0.0836000000000013,120,120,1.0,AMS-4480498-0|qp30
3.6,50.0,18.0,3.0,10,1.39,0.48,1.1836479570434058,11919,0.0689756944444464,72,71,0.9861111111111112,AMS-4480626-0|qp18
3.6,50.0,18.0,3.0,22,1.39,0.48,1.225752918956054,11648,0.0674074074074076,72,71,0.9861111111111112,AMS-4480626-0|qp18
3.6,50.0,43.0,3.0,4,1.39,0.48,1.0069653623359234,33836,0.1958101851851834,172,167,0.9709302325581396,AMS-4480626-0|qp43
3.6,50.0,43.0,3.0,16,1.39,0.48,1.0634744223906012,31942,0.184849537037036,172,168,0.9767441860465116,AMS-4480626-0|qp43
3.6,50.0,43.0,3.0,28,1.39,0.48,1.0154565450006066,33644,0.1946990740740732,172,171,0.994186046511628,AMS-4480626-0|qp43
3.6,50.0,18.0,3.0,10,1.39,0.48,1.2888890878167023,11171,0.0646469907407415,72,70,0.9722222222222222,AMS-4480644-0|qp18
3.6,50.0,18.0,3.0,22,1.39,0.48,1.3378760897792763,10782,0.062395833333333,72,71,0.9861111111111112,AMS-4480644-0|qp18
3.6,50.0,43.0,3.0,4,1.39,0.48,1.217994447805779,28097,0.1625983796296287,172,170,0.9883720930232558,AMS-4480644-0|qp43
3.6,50.0,43.0,3.0,16,1.39,0.48,1.232333991740013,27845,0.161140046296295,172,170,0.9883720930232558,AMS-4480644-0|qp43
3.6,50.0,43.0,3.0,28,1.39,0.48,1.1822455972041306,29186,0.1689004629629611,172,168,0.9767441860465116,AMS-4480644-0|qp43
2.5,50.0,12.0,3.0,10,1.39,0.48,1.2927895791583073,7485,0.0623750000000008,48,48,1.0,AMS-4495978-0|qp12
2.5,50.0,12.0,3.0,22,1.39,0.48,1.310190901705949,7386,0.0615500000000008,48,50,1.0416666666666667,AMS-4495978-0|qp12
2.5,50.0,30.0,3.0,4,1.39,0.48,1.2482844220588736,19457,0.1621416666666681,120,121,1.0083333333333333,AMS-4495978-0|qp30
2.5,50.0,30.0,3.0,16,1.39,0.48,1.2552686613520845,19318,0.1609833333333346,120,119,0.9916666666666668,AMS-4495978-0|qp30
2.5,50.0,30.0,3.0,28,1.39,0.48,1.2372369824740683,19685,0.164041666666669,120,120,1.0,AMS-4495978-0|qp30
2.5,50.0,12.0,3.0,10,1.39,0.48,1.1524594668865331,7278,0.0606500000000011,48,49,1.0208333333333333,AMS-4495979-0|qp12
2.5,50.0,12.0,3.0,22,1.39,0.48,1.1676457461645922,7170,0.059750000000001,48,48,1.0,AMS-4495979-0|qp12
2.5,50.0,30.0,3.0,4,1.39,0.48,1.1563561327243506,18173,0.1514416666666665,120,119,0.9916666666666668,AMS-4495979-0|qp30
2.5,50.0,30.0,3.0,16,1.39,0.48,1.1399288120856768,18402,0.1533499999999994,120,121,1.0083333333333333,AMS-4495979-0|qp30
2.5,50.0,30.0,3.0,28,1.39,0.48,1.204938384822613,17447,0.1453916666666659,120,120,1.0,AMS-4495979-0|qp30
2.5,50.0,12.0,3.0,10,1.39,0.48,1.128153793652579,8791,0.0732583333333344,48,48,1.0,AMS-4496429-0|qp12
2.5,50.0,12.0,3.0,22,1.39,0.48,1.1526306559102233,8553,0.0712750000000012,48,48,1.0,AMS-4496429-0|qp12
2.5,50.0,30.0,3.0,4,1.39,0.48,0.9337942013784356,26696,0.2224666666666699,120,119,0.9916666666666668,AMS-4496429-0|qp30
2.5,50.0,30.0,3.0,16,1.39,0.48,1.0142700729927034,24386,0.2032166666666698,120,122,1.0166666666666666,AMS-4496429-0|qp30
2.5,50.0,30.0,3.0,28,1.39,0.48,0.8809567610884975,28701,0.2391750000000048,120,120,1.0,AMS-4496429-0|qp30
2.5,50.0,12.0,3.0,10,1.39,0.48,1.293115738886658,7491,0.0624250000000011,48,48,1.0,AMS-7370864-0|qp12
2.5,50.0,12.0,3.0,22,1.39,0.48,1.3268956081543486,7309,0.0609083333333343,48,50,1.0416666666666667,AMS-7370864-0|qp12
2.5,50.0,30.0,3.0,4,1.39,0.48,1.246635312259039,19455,0.1621250000000013,120,119,0.9916666666666668,AMS-7370864-0|qp30
2.5,50.0,30.0,3.0,16,1.39,0.48,1.283290539100825,18772,0.1564333333333345,120,118,0.9833333333333332,AMS-7370864-0|qp30
2.5,50.0,30.0,3.0,28,1.39,0.48,1.2434401185367971,19572,0.1631000000000023,120,120,1.0,AMS-7370864-0|qp30
4.0,50.0,80.0,3.0,10,1.39,0.48,1.014485330286724,63021,0.3282343749999995,320,317,0.990625,AMS-7371505-0|qp80
4.0,50.0,80.0,3.0,22,1.39,0.48,0.9824377521744508,65183,0.3394947916666664,320,316,0.9875,AMS-7371505-0|qp80
4.0,50.0,100.0,3.0,4,1.39,0.48,0.860559271105956,92853,0.4836093750000018,400,388,0.97,AMS-7371505-3|qp100
4.0,50.0,100.0,3.0,16,1.39,0.48,0.8068522729579706,98506,0.5130520833333314,400,385,0.9625,AMS-7371505-3|qp100
4.0,50.0,100.0,3.0,28,1.39,0.48,0.81925132189931,96263,0.5013697916666664,400,389,0.9725,AMS-7371505-3|qp100
4.0,50.0,60.0,3.0,10,1.39,0.48,1.1944513447310914,40417,0.2105052083333302,240,243,1.0125,AMS-7371505-3|qp60
4.0,50.0,60.0,3.0,22,1.39,0.48,1.1650027883519023,41243,0.2148072916666664,240,242,1.0083333333333333,AMS-7371505-3|qp60
2.5,50.0,38.0,3.0,4,1.39,0.48,1.2324893677344628,24689,0.2057416666666707,152,148,0.9736842105263158,LON-4082553-0|qp38
2.5,50.0,38.0,3.0,16,1.39,0.48,1.245379034887509,24536,0.2044666666666695,152,154,1.013157894736842,LON-4082553-0|qp38
2.5,50.0,38.0,3.0,28,1.39,0.48,1.2275706508687068,24982,0.2081833333333371,152,152,1.0,LON-4082553-0|qp38
2.5,50.0,62.0,3.0,10,1.39,0.48,0.9742082327307224,50943,0.4245249999999961,248,242,0.9758064516129032,LON-4082553-0|qp62
2.5,50.0,62.0,3.0,22,1.39,0.48,1.0830927333805804,45248,0.377066666666666,248,248,1.0,LON-4082553-0|qp62
2.5,50.0,38.0,3.0,4,1.39,0.48,1.2420643697130926,24235,0.2019583333333377,152,152,1.0,LON-4082554-0|qp38
2.5,50.0,38.0,3.0,16,1.39,0.48,1.22629214389422,24796,0.2066333333333359,152,153,1.006578947368421,LON-4082554-0|qp38
2.5,50.0,38.0,3.0,28,1.39,0.48,1.2179276656831617,25078,0.2089833333333354,152,153,1.006578947368421,LON-4082554-0|qp38
2.5,50.0,62.0,3.0,10,1.39,0.48,1.1439309571741003,43712,0.3642666666666688,248,257,1.0362903225806452,LON-4082554-0|qp62
2.5,50.0,62.0,3.0,22,1.39,0.48,1.0036479782947805,49389,0.4115750000000009,248,241,0.9717741935483872,LON-4082554-0|qp62
2.5,50.0,38.0,3.0,4,1.39,0.48,1.2337106046396495,24527,0.2043916666666718,152,152,1.0,LON-4082592-0|qp38
2.5,50.0,38.0,3.0,16,1.39,0.48,1.2137244044299305,25102,0.209183333333336,152,154,1.013157894736842,LON-4082592-0|qp38
2.5,50.0,38.0,3.0,28,1.39,0.48,1.22176494071626,25049,0.2087416666666688,152,152,1.0,LON-4082592-0|qp38
2.5,50.0,62.0,3.0,10,1.39,0.48,1.1558221504016069,42699,0.3558250000000031,248,255,1.028225806451613,LON-4082592-0|qp62
2.5,50.0,62.0,3.0,22,1.39,0.48,1.0435546646441822,46145,0.384541666666669,248,235,0.9475806451612904,LON-4082592-0|qp62
2.5,50.0,50.0,3.0,4,1.39,0.48,1.1488523280307856,13767,0.1147249999999994,200,193,0.965,SIN-1105987650-1|qp50
2.5,50.0,50.0,3.0,16,1.39,0.48,1.1964501495994373,10361,0.0863416666666661,78,102,1.3076923076923077,SIN-1105987650-1|qp50
2.5,50.0,50.0,3.0,28,1.39,0.48,1.1382642111368912,13792,0.1149333333333328,200,192,0.96,SIN-1105987650-1|qp50
2.0,50.0,10.0,3.0,10,1.39,0.48,1.210519044062714,2678,0.0278958333333326,40,41,1.025,SIN-131164229-0|qp10
2.0,50.0,10.0,3.0,22,1.39,0.48,1.2415577889447322,2587,0.0269479166666659,40,39,0.975,SIN-131164229-0|qp10
2.0,50.0,24.0,3.0,4,1.39,0.48,1.227117890054034,6294,0.0655624999999993,96,96,1.0,SIN-131164229-0|qp24
2.0,50.0,24.0,3.0,16,1.39,0.48,1.2241707665449737,6301,0.0656354166666662,96,96,1.0,SIN-131164229-0|qp24
2.0,50.0,24.0,3.0,28,1.39,0.48,1.1832092524509763,6528,0.0679999999999995,96,96,1.0,SIN-131164229-0|qp24
1.8,50.0,22.0,3.0,10,1.39,0.48,1.0500541880440604,17347,0.2007754629629709,88,88,1.0,SIN-139715353-1|qp22
1.8,50.0,22.0,3.0,22,1.39,0.48,1.1800097770825242,15342,0.1775694444444514,88,88,1.0,SIN-139715353-1|qp22
1.8,50.0,9.0,3.0,4,1.39,0.48,1.1779556962025417,6320,0.0731481481481464,36,36,1.0,SIN-139715353-1|qp9
1.8,50.0,9.0,3.0,16,1.39,0.48,1.2176693722047272,6037,0.0698726851851838,36,36,1.0,SIN-139715353-1|qp9
1.8,50.0,9.0,3.0,28,1.39,0.48,1.1918769483182758,6095,0.0705439814814815,36,36,1.0,SIN-139715353-1|qp9
3.0,50.0,15.0,3.0,10,1.39,0.48,1.2381882280809806,9786,0.0679583333333322,60,60,1.0,SIN-1464509030-0|qp15
3.0,50.0,15.0,3.0,22,1.39,0.48,1.2597903325758588,9682,0.0672361111111102,60,60,1.0,SIN-1464509030-0|qp15
3.0,50.0,36.0,3.0,4,1.39,0.48,1.1618664335941624,25171,0.1747986111111096,144,143,0.9930555555555556,SIN-1464509030-0|qp36
3.0,50.0,36.0,3.0,16,1.39,0.48,1.1559283503928008,25206,0.1750416666666652,144,143,0.9930555555555556,SIN-1464509030-0|qp36
3.0,50.0,36.0,3.0,28,1.39,0.48,1.1615968503937362,25400,0.1763888888888872,144,143,0.9930555555555556,SIN-1464509030-0|qp36
2.0,50.0,10.0,3.0,10,1.39,0.48,1.3329392173188954,6005,0.0625520833333335,40,41,1.025,SIN-166571436-2|qp10
2.0,50.0,10.0,3.0,22,1.39,0.48,1.3503891509433812,5936,0.0618333333333334,40,40,1.0,SIN-166571436-2|qp10
2.0,50.0,24.0,3.0,4,1.39,0.48,1.2893628495339922,15020,0.156458333333333,96,94,0.9791666666666666,SIN-166571436-2|qp24
2.0,50.0,24.0,3.0,16,1.39,0.48,1.3103754497930369,14729,0.1534270833333311,96,96,1.0,SIN-166571436-2|qp24
2.0,50.0,24.0,3.0,28,1.39,0.48,1.2648663206989337,15223,0.1585729166666659,96,96,1.0,SIN-166571436-2|qp24
2.0,50.0,10.0,3.0,10,1.39,0.48,1.2846569481857035,6311,0.065739583333333,40,41,1.025,SIN-166571436-3|qp10
2.0,50.0,10.0,3.0,22,1.39,0.48,1.2858361071485038,6309,0.0657187499999994,40,41,1.025,SIN-166571436-3|qp10
2.0,50.0,24.0,3.0,4,1.39,0.48,1.205295792079243,16160,0.1683333333333313,96,94,0.9791666666666666,SIN-166571436-3|qp24
2.0,50.0,24.0,3.0,16,1.39,0.48,1.2165308144937286,16145,0.168177083333332,96,96,1.0,SIN-166571436-3|qp24
2.0,50.0,24.0,3.0,28,1.39,0.48,1.1733211962036316,16753,0.1745104166666661,96,95,0.9895833333333334,SIN-166571436-3|qp24
1.8,50.0,22.0,3.0,10,1.39,0.48,1.234766374634963,14382,0.1664583333333393,88,88,1.0,SIN-170969415-0|qp22
1.8,50.0,22.0,3.0,22,1.39,0.48,1.292957777132944,13784,0.1595370370370411,88,90,1.0227272727272727,SIN-170969415-0|qp22
1.8,50.0,9.0,3.0,4,1.39,0.48,1.301039052836206,5659,0.0654976851851844,36,36,1.0,SIN-170969415-0|qp9
1.8,50.0,9.0,3.0,16,1.39,0.48,1.2900687103593935,5676,0.0656944444444431,36,35,0.9722222222222222,SIN-170969415-0|qp9
1.8,50.0,9.0,3.0,28,1.39,0.48,1.30482470481379,5505,0.063715277777778,36,36,1.0,SIN-170969415-0|qp9
2.0,50.0,10.0,3.0,10,1.39,0.48,1.301472352845786,6167,0.0642395833333325,40,40,1.0,SIN-190681368-0|qp10
2.0,50.0,10.0,3.0,22,1.39,0.48,1.309406779661004,6136,0.0639166666666663,40,39,0.975,SIN-190681368-0|qp10
2.0,50.0,24.0,3.0,4,1.39,0.48,1.224006918239027,15900,0.1656249999999997,96,95,0.9895833333333334,SIN-190681368-0|qp24
2.0,50.0,24.0,3.0,16,1.39,0.48,1.220951876984459,16063,0.1673229166666651,96,95,0.9895833333333334,SIN-190681368-0|qp24
2.0,50.0,24.0,3.0,28,1.39,0.48,1.2021590697095703,16081,0.1675104166666639,96,94,0.9791666666666666,SIN-190681368-0|qp24
2.0,50.0,10.0,3.0,10,1.39,0.48,1.287431353767555,6264,0.0652500000000001,40,41,1.025,SIN-197634752-1|qp10
2.0,50.0,10.0,3.0,22,1.39,0.48,1.300495668912404,6234,0.0649374999999994,40,40,1.0,SIN-197634752-1|qp10
2.0,50.0,24.0,3.0,4,1.39,0.48,1.203457010785851,16225,0.1690104166666668,96,97,1.0104166666666667,SIN-197634752-1|qp24
2.0,50.0,24.0,3.0,16,1.39,0.48,1.2149962672639874,16074,0.1674374999999994,96,95,0.9895833333333334,SIN-197634752-1|qp24
2.0,50.0,24.0,3.0,28,1.39,0.48,1.202382280049561,16140,0.1681249999999978,96,95,0.9895833333333334,SIN-197634752-1|qp24
2.0,50.0,10.0,3.0,10,1.39,0.48,1.2919437751003977,6225,0.0648437499999995,40,40,1.0,SIN-198571185-1|qp10
2.0,50.0,10.0,3.0,22,1.39,0.48,1.3082624228645567,6158,0.064145833333333,40,39,0.975,SIN-198571185-1|qp10
2.0,50.0,24.0,3.0,4,1.39,0.48,1.2007463599657722,16346,0.1702708333333311,96,96,1.0,SIN-198571185-1|qp24
2.0,50.0,24.0,3.0,16,1.39,0.48,1.2099850541786856,16058,0.1672708333333329,96,95,0.9895833333333334,SIN-198571185-1|qp24
2.0,50.0,24.0,3.0,28,1.39,0.48,1.229428589588743,15733,0.1638854166666659,96,96,1.0,SIN-198571185-1|qp24
2.0,50.0,10.0,3.0,10,1.39,0.48,1.292273092369474,6225,0.0648437499999995,40,40,1.0,SIN-198571185-2|qp10
2.0,50.0,10.0,3.0,22,1.39,0.48,1.2980270357257726,6214,0.0647291666666664,40,39,0.975,SIN-198571185-2|qp10
2.0,50.0,24.0,3.0,4,1.39,0.48,1.225761701593699,15938,0.1660208333333324,96,94,0.9791666666666666,SIN-198571185-2|qp24
2.0,50.0,24.0,3.0,16,1.39,0.48,1.2100049763623386,16076,0.1674583333333323,96,95,0.9895833333333334,SIN-198571185-2|qp24
2.0,50.0,24.0,3.0,28,1.39,0.48,1.2329489867225414,15741,0.1639687499999992,96,96,1.0,SIN-198571185-2|qp24
2.0,50.0,10.0,3.0,10,1.39,0.48,1.2920892885819786,6227,0.0648645833333329,40,40,1.0,SIN-198571185-3|qp10
2.0,50.0,10.0,3.0,22,1.39,0.48,1.3025525379889946,6186,0.0644374999999996,40,39,0.975,SIN-198571185-3|qp10
2.0,50.0,24.0,3.0,4,1.39,0.48,1.226357201027399,15963,0.1662812499999985,96,96,1.0,SIN-198571185-3|qp24
2.0,50.0,24.0,3.0,16,1.39,0.48,1.2208500753391027,15928,0.1659166666666665,96,95,0.9895833333333334,SIN-198571185-3|qp24
2.0,50.0,24.0,3.0,28,1.39,0.48,1.2021908017401937,16090,0.1676041666666664,96,95,0.9895833333333334,SIN-198571185-3|qp24
2.0,50.0,10.0,3.0,10,1.39,0.48,1.2907689842999004,6242,0.0650208333333327,40,40,1.0,SIN-200167221-1|qp10
2.0,50.0,10.0,3.0,22,1.39,0.48,1.3188192062714172,6123,0.0637812499999996,40,39,0.975,SIN-200167221-1|qp10
2.0,50.0,24.0,3.0,4,1.39,0.48,1.1901292496171938,16325,0.1700520833333314,96,94,0.9791666666666666,SIN-200167221-1|qp24
2.0,50.0,24.0,3.0,16,1.39,0.48,1.2495692919957213,15579,0.1622812499999999,96,96,1.0,SIN-200167221-1|qp24
2.0,50.0,24.0,3.0,28,1.39,0.48,1.199582119164226,16129,0.1680104166666654,96,94,0.9791666666666666,SIN-200167221-1|qp24
2.0,50.0,10.0,3.0,10,1.39,0.48,1.211747863888465,6671,0.0694895833333327,40,39,0.975,SIN-200171267-0|qp10
2.0,50.0,10.0,3.0,22,1.39,0.48,1.2233563701922985,6656,0.0693333333333324,40,41,1.025,SIN-200171267-0|qp10
2.0,50.0,24.0,3.0,4,1.39,0.48,1.1929564954682628,16550,0.1723958333333322,96,94,0.9791666666666666,SIN-200171267-0|qp24
2.0,50.0,24.0,3.0,16,1.39,0.48,1.1849428880606667,16634,0.1732708333333322,94,97,1.0319148936170213,SIN-200171267-0|qp24
2.0,50.0,24.0,3.0,28,1.39,0.48,1.1802883743425172,16541,0.1723020833333319,94,95,1.0106382978723405,SIN-200171267-0|qp24
2.0,50.0,10.0,3.0,10,1.39,0.48,1.223703648325356,6688,0.069666666666667,40,41,1.025,SIN-200171267-2|qp10
2.0,50.0,10.0,3.0,22,1.39,0.48,1.2351184548060856,6627,0.0690312499999989,40,40,1.0,SIN-200171267-2|qp10
2.0,50.0,24.0,3.0,4,1.39,0.48,1.1781380503520045,16762,0.1746041666666653,96,96,1.0,SIN-200171267-2|qp24
2.0,50.0,24.0,3.0,16,1.39,0.48,1.1802604601264284,16778,0.1747708333333312,96,96,1.0,SIN-200171267-2|qp24
2.0,50.0,24.0,3.0,28,1.39,0.48,1.1384297091412474,17328,0.180499999999999,96,95,0.9895833333333334,SIN-200171267-2|qp24
2.0,50.0,10.0,3.0,10,1.39,0.48,1.2443631603265002,6493,0.0676354166666663,40,40,1.0,SIN-200171268-0|qp10
2.0,50.0,10.0,3.0,22,1.39,0.48,1.2565970287836463,6462,0.0673124999999992,40,40,1.0,SIN-200171268-0|qp10
2.0,50.0,24.0,3.0,4,1.39,0.48,1.1747588998690386,16798,0.1749791666666654,96,94,0.9791666666666666,SIN-200171268-0|qp24
2.0,50.0,24.0,3.0,16,1.39,0.48,1.1821727338477068,16592,0.1728333333333312,96,95,0.9895833333333334,SIN-200171268-0|qp24
2.0,50.0,24.0,3.0,28,1.39,0.48,1.1494666978539183,17101,0.1781354166666658,96,98,1.0208333333333333,SIN-200171268-0|qp24
2.0,50.0,10.0,3.0,10,1.39,0.48,1.2608526168659664,6439,0.0670729166666666,40,41,1.025,SIN-200171268-4|qp10
2.0,50.0,10.0,3.0,22,1.39,0.48,1.2703509045539476,6412,0.0667916666666656,40,39,0.975,SIN-200171268-4|qp10
2.0,50.0,24.0,3.0,4,1.39,0.48,1.1627995247995515,16835,0.1753645833333317,96,95,0.9895833333333334,SIN-200171268-4|qp24
2.0,50.0,24.0,3.0,16,1.39,0.48,1.1902922352373635,16562,0.1725208333333327,96,96,1.0,SIN-200171268-4|qp24
2.0,50.0,24.0,3.0,28,1.39,0.48,1.160307811383638,16796,0.1749583333333316,96,95,0.9895833333333334,SIN-200171268-4|qp24
1.8,50.0,27.0,3.0,10,1.39,0.48,1.1699399127937573,18806,0.2176620370370413,108,111,1.0277777777777777,SIN-22811726-0|qp27
1.8,50.0,27.0,3.0,22,1.39,0.48,1.196994770672182,18358,0.2124768518518579,108,108,1.0,SIN-22811726-0|qp27
1.8,50.0,27.0,3.0,4,1.39,0.48,1.1830860180062457,18438,0.2134027777777837,108,109,1.0092592592592593,SIN-22811727-0|qp27
1.8,50.0,27.0,3.0,16,1.39,0.48,1.150569012915622,19279,0.2231365740740787,108,107,0.9907407407407408,SIN-22811727-0|qp27
1.8,50.0,27.0,3.0,28,1.39,0.48,1.143875917618372,19616,0.227037037037039,108,110,1.0185185185185186,SIN-22811727-0|qp27
1.8,50.0,27.0,3.0,10,1.39,0.48,1.1519036777583118,5710,0.066087962962962,108,110,1.0185185185185186,SIN-22811728-0|qp27
1.8,50.0,27.0,3.0,22,1.39,0.48,1.1580081300813023,5658,0.0654861111111099,108,107,0.9907407407407408,SIN-22811728-0|qp27
1.8,50.0,45.0,3.0,4,1.39,0.48,1.0847701433514532,10115,0.11707175925926,180,182,1.011111111111111,SIN-22811728-0|qp45
1.8,50.0,45.0,3.0,16,1.39,0.48,1.1115913778877768,9696,0.1122222222222213,180,179,0.9944444444444444,SIN-22811728-0|qp45
1.8,50.0,45.0,3.0,28,1.39,0.48,1.131625574592559,9572,0.1107870370370367,180,183,1.0166666666666666,SIN-22811728-0|qp45
1.8,50.0,22.0,3.0,10,1.39,0.48,1.158200834135414,15585,0.1803819444444503,88,87,0.9886363636363636,SIN-22928582-0|qp22
1.8,50.0,22.0,3.0,22,1.39,0.48,1.2329676847559456,14668,0.1697685185185235,88,89,1.0113636363636365,SIN-22928582-0|qp22
1.8,50.0,9.0,3.0,4,1.39,0.48,1.2425818850267567,5984,0.0692592592592585,36,36,1.0,SIN-22928582-0|qp9
1.8,50.0,9.0,3.0,16,1.39,0.48,1.243747677757123,5921,0.0685300925925914,36,36,1.0,SIN-22928582-0|qp9
1.8,50.0,9.0,3.0,28,1.39,0.48,1.258834815977657,5733,0.0663541666666664,36,36,1.0,SIN-22928582-0|qp9
1.8,50.0,22.0,3.0,10,1.39,0.48,1.2027923082095278,14873,0.1721412037037106,88,88,1.0,SIN-22928582-1|qp22
1.8,50.0,22.0,3.0,22,1.39,0.48,1.1995457550912587,15124,0.1750462962963037,88,89,1.0113636363636365,SIN-22928582-1|qp22
1.8,50.0,9.0,3.0,4,1.39,0.48,1.2464989939637985,5964,0.0690277777777764,36,36,1.0,SIN-22928582-1|qp9
1.8,50.0,9.0,3.0,16,1.39,0.48,1.280980460572211,5732,0.066342592592591,36,35,0.9722222222222222,SIN-22928582-1|qp9
1.8,50.0,9.0,3.0,28,1.39,0.48,1.216857047428176,5988,0.0693055555555551,36,36,1.0,SIN-22928582-1|qp9
1.8,50.0,22.0,3.0,10,1.39,0.48,1.1456781113156242,15757,0.1823726851851917,88,87,0.9886363636363636,SIN-22928582-2|qp22
1.8,50.0,22.0,3.0,22,1.39,0.48,1.200890519635078,15126,0.1750694444444508,88,88,1.0,SIN-22928582-2|qp22
1.8,50.0,9.0,3.0,4,1.39,0.48,1.2017693421264382,6217,0.0719560185185173,36,36,1.0,SIN-22928582-2|qp9
1.8,50.0,9.0,3.0,16,1.39,0.48,1.2281987991994554,5996,0.0693981481481472,36,35,0.9722222222222222,SIN-22928582-2|qp9
1.8,50.0,9.0,3.0,28,1.39,0.48,1.2398260869565054,5865,0.0678819444444441,36,36,1.0,SIN-22928582-2|qp9
3.0,50.0,15.0,3.0,10,1.39,0.48,0.9848196166854758,12418,0.0862361111111108,60,59,0.9833333333333332,SIN-546209379-0|qp15
3.0,50.0,15.0,3.0,22,1.39,0.48,1.013395732853723,12233,0.0849513888888888,60,59,0.9833333333333332,SIN-546209379-0|qp15
3.0,50.0,36.0,3.0,4,1.39,0.48,0.7872272569304968,37407,0.2597708333333342,144,140,0.9722222222222222,SIN-546209379-0|qp36
3.0,50.0,36.0,3.0,16,1.39,0.48,0.8590619510481599,34156,0.2371944444444422,144,145,1.0069444444444444,SIN-546209379-0|qp36
3.0,50.0,36.0,3.0,28,1.39,0.48,0.7516307868640046,40134,0.2787083333333353,144,141,0.9791666666666666,SIN-546209379-0|qp36
3.0,50.0,15.0,3.0,10,1.39,0.48,1.3021592018219823,9221,0.0640347222222214,60,59,0.9833333333333332,SIN-546209379-1|qp15
3.0,50.0,15.0,3.0,22,1.39,0.48,1.3338755555554769,9000,0.0624999999999988,60,61,1.0166666666666666,SIN-546209379-1|qp15
3.0,50.0,36.0,3.0,4,1.39,0.48,1.2456910011151117,23314,0.1619027777777768,144,142,0.9861111111111112,SIN-546209379-1|qp36
3.0,50.0,36.0,3.0,16,1.39,0.48,1.2601025708752631,22716,0.1577499999999993,144,146,1.0138888888888888,SIN-546209379-1|qp36
3.0,50.0,36.0,3.0,28,1.39,0.48,1.2268919259882685,23780,0.1651388888888886,144,141,0.9791666666666666,SIN-546209379-1|qp36
3.0,50.0,15.0,3.0,10,1.39,0.48,1.3012345545198882,9226,0.0640694444444436,60,59,0.9833333333333332,SIN-546209379-2|qp15
3.0,50.0,15.0,3.0,22,1.39,0.48,1.3325471698112423,9010,0.0625694444444433,60,61,1.0166666666666666,SIN-546209379-2|qp15
3.0,50.0,36.0,3.0,4,1.39,0.48,1.248458985300964,23199,0.1611041666666657,144,142,0.9861111111111112,SIN-546209379-2|qp36
3.0,50.0,36.0,3.0,16,1.39,0.48,1.2581028516361967,22829,0.1585347222222219,144,146,1.0138888888888888,SIN-546209379-2|qp36
3.0,50.0,36.0,3.0,28,1.39,0.48,1.2249272987057038,23796,0.1652499999999989,144,141,0.9791666666666666,SIN-546209379-2|qp36
1.8,50.0,22.0,3.0,10,1.39,0.48,1.1944443700181109,14929,0.1727893518518573,88,87,0.9886363636363636,SIN-74587409-1|qp22
1.8,50.0,22.0,3.0,22,1.39,0.48,1.242040830449841,14450,0.1672453703703768,88,90,1.0227272727272727,SIN-74587409-1|qp22
1.8,50.0,9.0,3.0,4,1.39,0.48,1.329036822056972,5513,0.0638078703703699,36,36,1.0,SIN-74587409-1|qp9
1.8,50.0,9.0,3.0,16,1.39,0.48,1.2887235543018196,5672,0.0656481481481465,36,35,0.9722222222222222,SIN-74587409-1|qp9
1.8,50.0,9.0,3.0,28,1.39,0.48,1.3013306671514082,5501,0.0636689814814815,36,36,1.0,SIN-74587409-1|qp9
1.8,50.0,22.0,3.0,10,1.39,0.48,1.1932582461786192,14916,0.1726388888888945,88,87,0.9886363636363636,SIN-74587409-2|qp22
1.8,50.0,22.0,3.0,22,1.39,0.48,1.237291940051124,14479,0.1675810185185263,88,87,0.9886363636363636,SIN-74587409-2|qp22
1.8,50.0,9.0,3.0,4,1.39,0.48,1.316048982531981,5553,0.0642708333333328,36,36,1.0,SIN-74587409-2|qp9
1.8,50.0,9.0,3.0,16,1.39,0.48,1.288826746647832,5668,0.0656018518518502,36,35,0.9722222222222222,SIN-74587409-2|qp9
1.8,50.0,9.0,3.0,28,1.39,0.48,1.2856691216094636,5567,0.06443287037037,36,36,1.0,SIN-74587409-2|qp9
2.5,50.0,12.0,3.0,10,1.39,0.48,1.290763540290604,7570,0.0630833333333346,48,47,0.9791666666666666,TYO-1323228545-3|qp12
2.5,50.0,12.0,3.0,22,1.39,0.48,1.3484583041345646,7135,0.0594583333333344,48,50,1.0416666666666667,TYO-1323228545-3|qp12
2.5,50.0,30.0,3.0,4,1.39,0.48,1.2841500479897037,18754,0.1562833333333345,120,120,1.0,TYO-1323228545-3|qp30
2.5,50.0,30.0,3.0,16,1.39,0.48,1.3032626568585317,18488,0.1540666666666667,120,119,0.9916666666666668,TYO-1323228545-3|qp30
2.5,50.0,30.0,3.0,28,1.39,0.48,1.2532721253816026,19333,0.1611083333333347,120,119,0.9916666666666668,TYO-1323228545-3|qp30
2.5,50.0,50.0,3.0,5,1.39,0.48,1.0832068023900003,36987,0.3082250000000003,198,191,0.9646464646464646,AMS-1073074102-0|qp50
2.5,50.0,50.0,3.0,17,1.39,0.48,1.0626026634125554,37696,0.3141333333333322,198,194,0.9797979797979798,AMS-1073074102-0|qp50
2.5,50.0,50.0,3.0,29,1.39,0.48,1.0765477155987897,36990,0.3082500000000008,200,195,0.975,AMS-1073074102-0|qp50
1.2,50.0,14.0,3.0,11,1.39,0.48,1.253729078330727,8962,0.1555902777777802,56,55,0.9821428571428572,AMS-244428233-0|qp14
1.2,50.0,14.0,3.0,23,1.39,0.48,1.2095099095217243,9284,0.1611805555555562,56,57,1.0178571428571428,AMS-244428233-0|qp14
1.2,50.0,6.0,3.0,5,1.39,0.48,1.3469710592863158,3559,0.0617881944444447,24,24,1.0,AMS-244428233-0|qp6
1.2,50.0,6.0,3.0,17,1.39,0.48,1.3237240277038038,3754,0.0651736111111108,24,23,0.9583333333333334,AMS-244428233-0|qp6
1.2,50.0,6.0,3.0,29,1.39,0.48,1.3514084109512154,3543,0.0615104166666669,24,24,1.0,AMS-244428233-0|qp6
2.5,50.0,12.0,3.0,11,1.39,0.48,1.2726273178375351,3829,0.0319083333333339,48,48,1.0,AMS-4480498-0|qp12
2.5,50.0,12.0,3.0,23,1.39,0.48,1.2428862305930064,3929,0.0327416666666673,48,47,0.9791666666666666,AMS-4480498-0|qp12
2.5,50.0,30.0,3.0,5,1.39,0.48,1.2267909027151604,9981,0.0831750000000011,120,119,0.9916666666666668,AMS-4480498-0|qp30
2.5,50.0,30.0,3.0,17,1.39,0.48,1.2414233128834586,9780,0.0815000000000013,120,120,1.0,AMS-4480498-0|qp30
2.5,50.0,30.0,3.0,29,1.39,0.48,1.229311111111139,9900,0.0825000000000008,120,120,1.0,AMS-4480498-0|qp30
3.6,50.0,18.0,3.0,11,1.39,0.48,1.2263584357922983,11712,0.0677777777777784,72,72,1.0,AMS-4480626-0|qp18
3.6,50.0,18.0,3.0,23,1.39,0.48,1.171580719329978,12178,0.0704745370370381,72,70,0.9722222222222222,AMS-4480626-0|qp18
3.6,50.0,43.0,3.0,5,1.39,0.48,1.031502837821461,33124,0.1916898148148134,172,169,0.9825581395348836,AMS-4480626-0|qp43
3.6,50.0,43.0,3.0,17,1.39,0.48,1.03029383283919,33046,0.1912384259259254,172,174,1.0116279069767442,AMS-4480626-0|qp43
3.6,50.0,43.0,3.0,29,1.39,0.48,1.0382993299480128,33281,0.1925983796296296,172,175,1.0174418604651163,AMS-4480626-0|qp43
3.6,50.0,18.0,3.0,11,1.39,0.48,1.335718620689577,10875,0.0629340277777778,72,71,0.9861111111111112,AMS-4480644-0|qp18
3.6,50.0,18.0,3.0,23,1.39,0.48,1.2847923860115409,11295,0.0653645833333331,72,72,1.0,AMS-4480644-0|qp18
3.6,50.0,43.0,3.0,5,1.39,0.48,1.2170904325032266,28231,0.1633738425925911,172,172,1.0,AMS-4480644-0|qp43
3.6,50.0,43.0,3.0,17,1.39,0.48,1.221773843029866,28069,0.1624363425925913,172,171,0.994186046511628,AMS-4480644-0|qp43
3.6,50.0,43.0,3.0,29,1.39,0.48,1.2155731797789069,28307,0.1638136574074082,172,172,1.0,AMS-4480644-0|qp43
2.5,50.0,12.0,3.0,11,1.39,0.48,1.3476920939281058,7197,0.059975000000001,48,49,1.0208333333333333,AMS-4495978-0|qp12
2.5,50.0,12.0,3.0,23,1.39,0.48,1.286929018511097,7509,0.0625750000000008,48,48,1.0,AMS-4495978-0|qp12
2.5,50.0,30.0,3.0,5,1.39,0.48,1.2332016738110363,19596,0.1633000000000009,120,120,1.0,AMS-4495978-0|qp30
2.5,50.0,30.0,3.0,17,1.39,0.48,1.248809425807809,19436,0.1619666666666684,120,118,0.9833333333333332,AMS-4495978-0|qp30
2.5,50.0,30.0,3.0,29,1.39,0.48,1.2284294021628734,19604,0.1633666666666674,120,123,1.025,AMS-4495978-0|qp30
2.5,50.0,12.0,3.0,11,1.39,0.48,1.1730754189944572,7160,0.0596666666666676,48,48,1.0,AMS-4495979-0|qp12
2.5,50.0,12.0,3.0,23,1.39,0.48,1.1471217261500564,7369,0.0614083333333338,48,49,1.0208333333333333,AMS-4495979-0|qp12
2.5,50.0,30.0,3.0,5,1.39,0.48,1.1398641452016245,18402,0.1533500000000011,120,120,1.0,AMS-4495979-0|qp30
2.5,50.0,30.0,3.0,17,1.39,0.48,1.1978917867764665,17484,0.1456999999999991,120,122,1.0166666666666666,AMS-4495979-0|qp30
2.5,50.0,30.0,3.0,29,1.39,0.48,1.1626106045255309,17766,0.1480499999999992,120,117,0.975,AMS-4495979-0|qp30
2.5,50.0,12.0,3.0,11,1.39,0.48,1.1146668162441673,8914,0.074283333333335,48,49,1.0208333333333333,AMS-4496429-0|qp12
2.5,50.0,12.0,3.0,23,1.39,0.48,1.1081528447985496,8911,0.0742583333333346,48,49,1.0208333333333333,AMS-4496429-0|qp12
2.5,50.0,30.0,3.0,5,1.39,0.48,0.9635346903892402,25742,0.2145166666666662,120,123,1.025,AMS-4496429-0|qp30
2.5,50.0,30.0,3.0,17,1.39,0.48,0.9614251947146044,25807,0.2150583333333374,120,118,0.9833333333333332,AMS-4496429-0|qp30
2.5,50.0,30.0,3.0,29,1.39,0.48,0.9314367131043636,26846,0.2237166666666703,120,116,0.9666666666666668,AMS-4496429-0|qp30
2.5,50.0,12.0,3.0,11,1.39,0.48,1.3437512174760753,7187,0.0598916666666677,48,49,1.0208333333333333,AMS-7370864-0|qp12
2.5,50.0,12.0,3.0,23,1.39,0.48,1.2911525605027323,7479,0.0623250000000007,48,48,1.0,AMS-7370864-0|qp12
2.5,50.0,30.0,3.0,5,1.39,0.48,1.2675869369607962,18893,0.1574416666666677,120,118,0.9833333333333332,AMS-7370864-0|qp30
2.5,50.0,30.0,3.0,17,1.39,0.48,1.281148036253773,18867,0.1572250000000003,120,119,0.9916666666666668,AMS-7370864-0|qp30
2.5,50.0,30.0,3.0,29,1.39,0.48,1.2435163930207656,19429,0.1619083333333341,120,123,1.025,AMS-7370864-0|qp30
4.0,50.0,80.0,3.0,11,1.39,0.48,0.9998389295397688,63823,0.3324114583333323,320,310,0.96875,AMS-7371505-0|qp80
4.0,50.0,80.0,3.0,23,1.39,0.48,0.9752167386855004,65955,0.3435156249999989,320,314,0.98125,AMS-7371505-0|qp80
4.0,50.0,100.0,3.0,5,1.39,0.48,0.8718108258018409,91947,0.4788906249999968,400,400,1.0,AMS-7371505-3|qp100
4.0,50.0,100.0,3.0,17,1.39,0.48,0.8736010108711899,91802,0.4781354166666661,400,392,0.98,AMS-7371505-3|qp100
4.0,50.0,100.0,3.0,29,1.39,0.48,0.8153093283011086,98035,0.5105989583333348,400,391,0.9775,AMS-7371505-3|qp100
4.0,50.0,60.0,3.0,11,1.39,0.48,1.1447733021525748,41906,0.2182604166666676,240,238,0.9916666666666668,AMS-7371505-3|qp60
4.0,50.0,60.0,3.0,23,1.39,0.48,1.130714318899885,43048,0.2242083333333337,240,239,0.9958333333333332,AMS-7371505-3|qp60
2.5,50.0,38.0,3.0,5,1.39,0.48,1.233479190192018,24796,0.2066333333333362,152,150,0.986842105263158,LON-4082553-0|qp38
2.5,50.0,38.0,3.0,17,1.39,0.48,1.236379484282357,24781,0.2065083333333364,152,153,1.006578947368421,LON-4082553-0|qp38
2.5,50.0,38.0,3.0,29,1.39,0.48,1.235170672591477,24755,0.2062916666666696,152,154,1.013157894736842,LON-4082553-0|qp38
2.5,50.0,62.0,3.0,11,1.39,0.48,1.124736734415668,43986,0.3665500000000001,248,252,1.0161290322580645,LON-4082553-0|qp62
2.5,50.0,62.0,3.0,23,1.39,0.48,0.9902876892563246,50923,0.4243583333333285,248,246,0.9919354838709676,LON-4082553-0|qp62
2.5,50.0,38.0,3.0,5,1.39,0.48,1.2218049250793186,24893,0.2074416666666692,152,151,0.993421052631579,LON-4082554-0|qp38
2.5,50.0,38.0,3.0,17,1.39,0.48,1.2326272855134253,24885,0.2073750000000015,152,155,1.019736842105263,LON-4082554-0|qp38
2.5,50.0,38.0,3.0,29,1.39,0.48,1.2197631316158155,25035,0.2086250000000034,152,152,1.0,LON-4082554-0|qp38
2.5,50.0,62.0,3.0,11,1.39,0.48,1.0485955374572555,47641,0.3970083333333357,248,250,1.0080645161290325,LON-4082554-0|qp62
2.5,50.0,62.0,3.0,23,1.39,0.48,1.0601616009378367,47772,0.3981000000000023,248,249,1.0040322580645162,LON-4082554-0|qp62
2.5,50.0,38.0,3.0,5,1.39,0.48,1.224797653016153,24883,0.2073583333333362,152,150,0.986842105263158,LON-4082592-0|qp38
2.5,50.0,38.0,3.0,17,1.39,0.48,1.2409816621463363,24703,0.2058583333333356,152,155,1.019736842105263,LON-4082592-0|qp38
2.5,50.0,38.0,3.0,29,1.39,0.48,1.227088236475462,24899,0.2074916666666708,152,154,1.013157894736842,LON-4082592-0|qp38
2.5,50.0,62.0,3.0,11,1.39,0.48,1.035581355496605,46684,0.3890333333333365,248,239,0.9637096774193548,LON-4082592-0|qp62
2.5,50.0,62.0,3.0,23,1.39,0.48,1.0618351813767994,47167,0.3930583333333332,248,244,0.9838709677419356,LON-4082592-0|qp62
2.5,50.0,50.0,3.0,5,1.39,0.48,1.2653741591928096,7136,0.0594666666666686,139,104,0.7482014388489209,SIN-1105987650-1|qp50
2.5,50.0,50.0,3.0,17,1.39,0.48,1.1771622088006497,11590,0.0965833333333333,199,155,0.7788944723618091,SIN-1105987650-1|qp50
2.5,50.0,50.0,3.0,29,1.39,0.48,1.1536922492401542,13160,0.1096666666666664,200,180,0.9,SIN-1105987650-1|qp50
2.0,50.0,10.0,3.0,11,1.39,0.48,1.2546812671098957,2557,0.0266354166666658,40,41,1.025,SIN-131164229-0|qp10
2.0,50.0,10.0,3.0,23,1.39,0.48,1.2183615182262275,2661,0.0277187499999992,40,40,1.0,SIN-131164229-0|qp10
2.0,50.0,24.0,3.0,5,1.39,0.48,1.1972924131484826,6419,0.0668645833333326,96,95,0.9895833333333334,SIN-131164229-0|qp24
2.0,50.0,24.0,3.0,17,1.39,0.48,1.2106205923836415,6381,0.0664687500000001,96,95,0.9895833333333334,SIN-131164229-0|qp24
2.0,50.0,24.0,3.0,29,1.39,0.48,1.2238512210797026,6224,0.0648333333333329,96,95,0.9895833333333334,SIN-131164229-0|qp24
1.8,50.0,22.0,3.0,11,1.39,0.48,1.1328465052248602,15981,0.1849652777777851,88,89,1.0113636363636365,SIN-139715353-1|qp22
1.8,50.0,22.0,3.0,23,1.39,0.48,1.0761039821676357,16599,0.192118055555561,88,89,1.0113636363636365,SIN-139715353-1|qp22
1.8,50.0,9.0,3.0,5,1.39,0.48,1.2287579087578966,6006,0.0695138888888882,36,35,0.9722222222222222,SIN-139715353-1|qp9
1.8,50.0,9.0,3.0,17,1.39,0.48,1.2364182895851277,5905,0.0683449074074067,36,37,1.0277777777777777,SIN-139715353-1|qp9
1.8,50.0,9.0,3.0,29,1.39,0.48,1.1358302975106576,6588,0.0762499999999985,36,36,1.0,SIN-139715353-1|qp9
3.0,50.0,15.0,3.0,11,1.39,0.48,1.2498991769547023,9720,0.067499999999999,60,60,1.0,SIN-1464509030-0|qp15
3.0,50.0,15.0,3.0,23,1.39,0.48,1.1949275647974524,10147,0.0704652777777774,60,60,1.0,SIN-1464509030-0|qp15
3.0,50.0,36.0,3.0,5,1.39,0.48,1.156308853480302,25041,0.1738958333333315,144,144,1.0,SIN-1464509030-0|qp36
3.0,50.0,36.0,3.0,17,1.39,0.48,1.1772586068855149,24980,0.173472222222222,144,146,1.0138888888888888,SIN-1464509030-0|qp36
3.0,50.0,36.0,3.0,29,1.39,0.48,1.143458244952514,25458,0.176791666666665,144,142,0.9861111111111112,SIN-1464509030-0|qp36
2.0,50.0,10.0,3.0,11,1.39,0.48,1.3589375315710328,5939,0.0618645833333332,40,39,0.975,SIN-166571436-2|qp10
2.0,50.0,10.0,3.0,23,1.39,0.48,1.2780912797992652,6376,0.0664166666666663,40,40,1.0,SIN-166571436-2|qp10
2.0,50.0,24.0,3.0,5,1.39,0.48,1.286428187558732,14886,0.1550624999999996,96,96,1.0,SIN-166571436-2|qp24
2.0,50.0,24.0,3.0,17,1.39,0.48,1.3017696114990644,14749,0.1536354166666678,96,95,0.9895833333333334,SIN-166571436-2|qp24
2.0,50.0,24.0,3.0,29,1.39,0.48,1.312582082390846,14589,0.1519687500000007,96,94,0.9791666666666666,SIN-166571436-2|qp24
2.0,50.0,10.0,3.0,11,1.39,0.48,1.314331437855459,6155,0.0641145833333337,40,39,0.975,SIN-166571436-3|qp10
2.0,50.0,10.0,3.0,23,1.39,0.48,1.2208955888905555,6733,0.0701354166666664,40,40,1.0,SIN-166571436-3|qp10
2.0,50.0,24.0,3.0,5,1.39,0.48,1.217716615053999,15823,0.1648229166666658,96,96,1.0,SIN-166571436-3|qp24
2.0,50.0,24.0,3.0,17,1.39,0.48,1.2211108324974986,15952,0.1661666666666667,96,96,1.0,SIN-166571436-3|qp24
2.0,50.0,24.0,3.0,29,1.39,0.48,1.2369124246698395,15598,0.1624791666666662,96,94,0.9791666666666666,SIN-166571436-3|qp24
1.8,50.0,22.0,3.0,11,1.39,0.48,1.2700407113776486,14001,0.1620486111111167,88,88,1.0,SIN-170969415-0|qp22
1.8,50.0,22.0,3.0,23,1.39,0.48,1.2139265322969353,14537,0.1682523148148198,88,89,1.0113636363636365,SIN-170969415-0|qp22
1.8,50.0,9.0,3.0,5,1.39,0.48,1.3055321409597909,5647,0.0653587962962961,36,35,0.9722222222222222,SIN-170969415-0|qp9
1.8,50.0,9.0,3.0,17,1.39,0.48,1.305170055785529,5557,0.0643171296296286,36,38,1.0555555555555556,SIN-170969415-0|qp9
1.8,50.0,9.0,3.0,29,1.39,0.48,1.3346539027982731,5432,0.0628703703703698,36,36,1.0,SIN-170969415-0|qp9
2.0,50.0,10.0,3.0,11,1.39,0.48,1.3741306584362771,5832,0.0607499999999995,40,39,0.975,SIN-190681368-0|qp10
2.0,50.0,10.0,3.0,23,1.39,0.48,1.2516431637032677,6524,0.0679583333333331,40,39,0.975,SIN-190681368-0|qp10
2.0,50.0,24.0,3.0,5,1.39,0.48,1.2109435266034312,15919,0.1658229166666663,96,97,1.0104166666666667,SIN-190681368-0|qp24
2.0,50.0,24.0,3.0,17,1.39,0.48,1.240500572446251,15722,0.1637708333333326,96,97,1.0104166666666667,SIN-190681368-0|qp24
2.0,50.0,24.0,3.0,29,1.39,0.48,1.2289856447226872,15813,0.1647187500000003,96,94,0.9791666666666666,SIN-190681368-0|qp24
2.0,50.0,10.0,3.0,11,1.39,0.48,1.3111295303104769,6153,0.0640937500000003,40,38,0.95,SIN-197634752-1|qp10
2.0,50.0,10.0,3.0,23,1.39,0.48,1.2254595725601782,6691,0.0696979166666664,40,40,1.0,SIN-197634752-1|qp10
2.0,50.0,24.0,3.0,5,1.39,0.48,1.187500924670187,16222,0.1689791666666662,96,96,1.0,SIN-197634752-1|qp24
2.0,50.0,24.0,3.0,17,1.39,0.48,1.2428328521013652,15585,0.1623437500000004,96,96,1.0,SIN-197634752-1|qp24
2.0,50.0,24.0,3.0,29,1.39,0.48,1.2346198606049017,15639,0.1629062499999984,96,95,0.9895833333333334,SIN-197634752-1|qp24
2.0,50.0,10.0,3.0,11,1.39,0.48,1.3257909465021178,6075,0.0632812500000003,40,39,0.975,SIN-198571185-1|qp10
2.0,50.0,10.0,3.0,23,1.39,0.48,1.2461755245826458,6529,0.0680104166666662,40,40,1.0,SIN-198571185-1|qp10
2.0,50.0,24.0,3.0,5,1.39,0.48,1.200316798406637,16067,0.1673645833333329,96,97,1.0104166666666667,SIN-198571185-1|qp24
2.0,50.0,24.0,3.0,17,1.39,0.48,1.2484817565385558,15485,0.1613020833333331,96,96,1.0,SIN-198571185-1|qp24
2.0,50.0,24.0,3.0,29,1.39,0.48,1.2531464761286275,15395,0.1603645833333331,96,96,1.0,SIN-198571185-1|qp24
2.0,50.0,10.0,3.0,11,1.39,0.48,1.3094398441306014,6159,0.0641562500000002,40,38,0.95,SIN-198571185-2|qp10
2.0,50.0,10.0,3.0,23,1.39,0.48,1.2479692780338087,6510,0.0678124999999996,40,40,1.0,SIN-198571185-2|qp10
2.0,50.0,24.0,3.0,5,1.39,0.48,1.213044160080277,15942,0.1660624999999999,96,98,1.0208333333333333,SIN-198571185-2|qp24
2.0,50.0,24.0,3.0,17,1.39,0.48,1.2274460408886494,15799,0.1645729166666666,96,96,1.0,SIN-198571185-2|qp24
2.0,50.0,24.0,3.0,29,1.39,0.48,1.2390242805755365,15568,0.1621666666666667,96,94,0.9791666666666666,SIN-198571185-2|qp24
2.0,50.0,10.0,3.0,11,1.39,0.48,1.3097223124391637,6158,0.0641458333333335,40,38,0.95,SIN-198571185-3|qp10
2.0,50.0,10.0,3.0,23,1.39,0.48,1.2454248966467754,6531,0.0680312499999995,40,40,1.0,SIN-198571185-3|qp10
2.0,50.0,24.0,3.0,5,1.39,0.48,1.1949571172949758,16207,0.1688229166666658,96,97,1.0104166666666667,SIN-198571185-3|qp24
2.0,50.0,24.0,3.0,17,1.39,0.48,1.2037237404721892,16137,0.1680937499999991,96,96,1.0,SIN-198571185-3|qp24
2.0,50.0,24.0,3.0,29,1.39,0.48,1.260118574499969,15349,0.1598854166666663,96,95,0.9895833333333334,SIN-198571185-3|qp24
2.0,50.0,10.0,3.0,11,1.39,0.48,1.330777262181034,6034,0.0628541666666668,40,38,0.95,SIN-200167221-1|qp10
2.0,50.0,10.0,3.0,23,1.39,0.48,1.2489161585366015,6560,0.0683333333333328,40,40,1.0,SIN-200167221-1|qp10
2.0,50.0,24.0,3.0,5,1.39,0.48,1.2015454827692966,16105,0.1677604166666666,96,97,1.0104166666666667,SIN-200167221-1|qp24
2.0,50.0,24.0,3.0,17,1.39,0.48,1.2253374117053375,15856,0.1651666666666665,96,98,1.0208333333333333,SIN-200167221-1|qp24
2.0,50.0,24.0,3.0,29,1.39,0.48,1.260022287774505,15255,0.1589062499999994,96,96,1.0,SIN-200167221-1|qp24
2.0,50.0,10.0,3.0,11,1.39,0.48,1.225379279143467,6631,0.0690729166666674,40,39,0.975,SIN-200171267-0|qp10
2.0,50.0,10.0,3.0,23,1.39,0.48,1.1783952894438212,7048,0.0734166666666659,40,41,1.025,SIN-200171267-0|qp10
2.0,50.0,24.0,3.0,5,1.39,0.48,1.1554642920959612,16789,0.1748854166666669,96,98,1.0208333333333333,SIN-200171267-0|qp24
2.0,50.0,24.0,3.0,17,1.39,0.48,1.163689896711387,16846,0.1754791666666665,96,98,1.0208333333333333,SIN-200171267-0|qp24
2.0,50.0,24.0,3.0,29,1.39,0.48,1.2141404236595643,15909,0.1657187499999985,96,96,1.0,SIN-200171267-0|qp24
2.0,50.0,10.0,3.0,11,1.39,0.48,1.264322400990152,6464,0.0673333333333333,40,39,0.975,SIN-200171267-2|qp10
2.0,50.0,10.0,3.0,23,1.39,0.48,1.1812972202423528,7015,0.0730729166666659,40,41,1.025,SIN-200171267-2|qp10
2.0,50.0,24.0,3.0,5,1.39,0.48,1.160363032388132,16858,0.1756041666666667,96,97,1.0104166666666667,SIN-200171267-2|qp24
2.0,50.0,24.0,3.0,17,1.39,0.48,1.172701227830834,16859,0.1756145833333352,96,96,1.0,SIN-200171267-2|qp24
2.0,50.0,24.0,3.0,29,1.39,0.48,1.1879286577992765,16540,0.1722916666666649,96,95,0.9895833333333334,SIN-200171267-2|qp24
2.0,50.0,10.0,3.0,11,1.39,0.48,1.2657183054557375,6397,0.0666354166666666,40,39,0.975,SIN-200171268-0|qp10
2.0,50.0,10.0,3.0,23,1.39,0.48,1.1981327138086413,6887,0.0717395833333327,40,41,1.025,SIN-200171268-0|qp10
2.0,50.0,24.0,3.0,5,1.39,0.48,1.1711314596554383,16545,0.1723437500000004,96,97,1.0104166666666667,SIN-200171268-0|qp24
2.0,50.0,24.0,3.0,17,1.39,0.48,1.1669143128411896,16852,0.1755416666666673,96,96,1.0,SIN-200171268-0|qp24
2.0,50.0,24.0,3.0,29,1.39,0.48,1.1849367319625514,16438,0.1712291666666652,96,93,0.96875,SIN-200171268-0|qp24
2.0,50.0,10.0,3.0,11,1.39,0.48,1.289787840405375,6316,0.0657916666666668,40,39,0.975,SIN-200171268-4|qp10
2.0,50.0,10.0,3.0,23,1.39,0.48,1.2074692082111589,6820,0.0710416666666659,40,40,1.0,SIN-200171268-4|qp10
2.0,50.0,24.0,3.0,5,1.39,0.48,1.1925359355637666,16140,0.1681250000000009,96,97,1.0104166666666667,SIN-200171268-4|qp24
2.0,50.0,24.0,3.0,17,1.39,0.48,1.189182642565862,16431,0.1711562500000014,96,97,1.0104166666666667,SIN-200171268-4|qp24
2.0,50.0,24.0,3.0,29,1.39,0.48,1.2039362820909514,16165,0.1683854166666664,96,95,0.9895833333333334,SIN-200171268-4|qp24
1.8,50.0,27.0,3.0,11,1.39,0.48,1.1654200396718428,18653,0.2158912037037088,108,110,1.0185185185185186,SIN-22811726-0|qp27
1.8,50.0,27.0,3.0,23,1.39,0.48,1.1324120628744478,19531,0.2260532407407458,108,109,1.0092592592592593,SIN-22811726-0|qp27
1.8,50.0,27.0,3.0,5,1.39,0.48,1.1487167359667776,19240,0.2226851851851898,108,111,1.0277777777777777,SIN-22811727-0|qp27
1.8,50.0,27.0,3.0,17,1.39,0.48,1.134923586347458,19630,0.227199074074077,108,109,1.0092592592592593,SIN-22811727-0|qp27
1.8,50.0,27.0,3.0,29,1.39,0.48,1.1661643688065797,18568,0.2149074074074111,108,106,0.9814814814814816,SIN-22811727-0|qp27
1.8,50.0,27.0,3.0,11,1.39,0.48,1.183406493742079,5513,0.0638078703703694,108,107,0.9907407407407408,SIN-22811728-0|qp27
1.8,50.0,27.0,3.0,23,1.39,0.48,1.153891547049458,5643,0.0653124999999986,108,109,1.0092592592592593,SIN-22811728-0|qp27
1.8,50.0,45.0,3.0,5,1.39,0.48,1.0678686918177356,10205,0.1181134259259251,180,181,1.0055555555555555,SIN-22811728-0|qp45
1.8,50.0,45.0,3.0,17,1.39,0.48,0.2873209471767075,27450,0.3177083333333321,27,45,1.6666666666666667,SIN-22811728-0|qp45
1.8,50.0,45.0,3.0,29,1.39,0.48,1.0738764100049198,10195,0.1179976851851864,180,179,0.9944444444444444,SIN-22811728-0|qp45
1.8,50.0,22.0,3.0,11,1.39,0.48,1.2041358435336995,15032,0.1739814814814883,88,88,1.0,SIN-22928582-0|qp22
1.8,50.0,22.0,3.0,23,1.39,0.48,1.1431045977734826,15899,0.1840162037037103,88,89,1.0113636363636365,SIN-22928582-0|qp22
1.8,50.0,9.0,3.0,5,1.39,0.48,1.281369863013684,5767,0.0667476851851847,36,36,1.0,SIN-22928582-0|qp9
1.8,50.0,9.0,3.0,17,1.39,0.48,1.2437877246524578,5898,0.0682638888888882,36,37,1.0277777777777777,SIN-22928582-0|qp9
1.8,50.0,9.0,3.0,29,1.39,0.48,1.258000342700514,5836,0.0675462962962956,36,36,1.0,SIN-22928582-0|qp9
1.8,50.0,22.0,3.0,11,1.39,0.48,1.221051306477866,14696,0.1700925925925974,88,88,1.0,SIN-22928582-1|qp22
1.8,50.0,22.0,3.0,23,1.39,0.48,1.1423045215296086,15769,0.1825115740740805,88,89,1.0113636363636365,SIN-22928582-1|qp22
1.8,50.0,9.0,3.0,5,1.39,0.48,1.2630536170212647,5875,0.0679976851851848,36,36,1.0,SIN-22928582-1|qp9
1.8,50.0,9.0,3.0,17,1.39,0.48,1.2162011637573036,6015,0.0696180555555551,36,36,1.0,SIN-22928582-1|qp9
1.8,50.0,9.0,3.0,29,1.39,0.48,1.249525182296122,5897,0.0682523148148141,36,36,1.0,SIN-22928582-1|qp9
1.8,50.0,22.0,3.0,11,1.39,0.48,1.185369254942963,15274,0.1767824074074135,88,89,1.0113636363636365,SIN-22928582-2|qp22
1.8,50.0,22.0,3.0,23,1.39,0.48,1.1360523989899205,15840,0.1833333333333404,88,89,1.0113636363636365,SIN-22928582-2|qp22
1.8,50.0,9.0,3.0,5,1.39,0.48,1.2481833501853614,5934,0.0686805555555551,36,36,1.0,SIN-22928582-2|qp9
1.8,50.0,9.0,3.0,17,1.39,0.48,1.227787817938451,5976,0.0691666666666659,36,36,1.0,SIN-22928582-2|qp9
1.8,50.0,9.0,3.0,29,1.39,0.48,1.2495763865260676,5878,0.0680324074074067,36,36,1.0,SIN-22928582-2|qp9
3.0,50.0,15.0,3.0,11,1.39,0.48,0.9424515788680156,13269,0.0921458333333334,60,57,0.95,SIN-546209379-0|qp15
3.0,50.0,15.0,3.0,23,1.39,0.48,0.9877954433699068,12202,0.0847361111111103,60,56,0.9333333333333332,SIN-546209379-0|qp15
3.0,50.0,36.0,3.0,5,1.39,0.48,0.7991513163202068,37187,0.2582430555555527,144,143,0.9930555555555556,SIN-546209379-0|qp36
3.0,50.0,36.0,3.0,17,1.39,0.48,0.8594088032220996,34760,0.2413888888888887,144,144,1.0,SIN-546209379-0|qp36
3.0,50.0,36.0,3.0,29,1.39,0.48,0.7792760717230276,38816,0.2695555555555566,144,143,0.9930555555555556,SIN-546209379-0|qp36
3.0,50.0,15.0,3.0,11,1.39,0.48,1.3322679278486127,9092,0.0631388888888877,60,60,1.0,SIN-546209379-1|qp15
3.0,50.0,15.0,3.0,23,1.39,0.48,1.2673457508730652,9449,0.065618055555555,60,62,1.0333333333333334,SIN-546209379-1|qp15
3.0,50.0,36.0,3.0,5,1.39,0.48,1.2699527385159288,22640,0.1572222222222214,144,143,0.9930555555555556,SIN-546209379-1|qp36
3.0,50.0,36.0,3.0,17,1.39,0.48,1.250278807205068,23206,0.1611527777777776,144,147,1.0208333333333333,SIN-546209379-1|qp36
3.0,50.0,36.0,3.0,29,1.39,0.48,1.2475960378984403,23220,0.1612499999999994,144,144,1.0,SIN-546209379-1|qp36
3.0,50.0,15.0,3.0,11,1.39,0.48,1.3441271959083343,8994,0.0624583333333321,60,60,1.0,SIN-546209379-2|qp15
3.0,50.0,15.0,3.0,23,1.39,0.48,1.2588753416017957,9514,0.0660694444444438,60,60,1.0,SIN-546209379-2|qp15
3.0,50.0,36.0,3.0,5,1.39,0.48,1.2663387231792829,22697,0.1576180555555547,144,143,0.9930555555555556,SIN-546209379-2|qp36
3.0,50.0,36.0,3.0,17,1.39,0.48,1.2338609561922742,23489,0.1631180555555553,144,146,1.0138888888888888,SIN-546209379-2|qp36
3.0,50.0,36.0,3.0,29,1.39,0.48,1.2388216151409752,23354,0.1621805555555547,144,147,1.0208333333333333,SIN-546209379-2|qp36
1.8,50.0,22.0,3.0,11,1.39,0.48,1.215609443507483,14825,0.171585648148154,88,88,1.0,SIN-74587409-1|qp22
1.8,50.0,22.0,3.0,23,1.39,0.48,1.1522660609993804,15410,0.1783564814814869,88,89,1.0113636363636365,SIN-74587409-1|qp22
1.8,50.0,9.0,3.0,5,1.39,0.48,1.3173845877492236,5567,0.0644328703703702,36,36,1.0,SIN-74587409-1|qp9
1.8,50.0,9.0,3.0,17,1.39,0.48,1.3128204664617933,5531,0.0640162037037024,36,37,1.0277777777777777,SIN-74587409-1|qp9
1.8,50.0,9.0,3.0,29,1.39,0.48,1.3306933772411664,5466,0.063263888888888,36,36,1.0,SIN-74587409-1|qp9
1.8,50.0,22.0,3.0,11,1.39,0.48,1.2394884910484736,14467,0.1674421296296352,88,89,1.0113636363636365,SIN-74587409-2|qp22
1.8,50.0,22.0,3.0,23,1.39,0.48,1.1570074602659974,15415,0.1784143518518582,88,89,1.0113636363636365,SIN-74587409-2|qp22
1.8,50.0,9.0,3.0,5,1.39,0.48,1.311483732570598,5594,0.0647453703703701,36,36,1.0,SIN-74587409-2|qp9
1.8,50.0,9.0,3.0,17,1.39,0.48,1.312780990242173,5534,0.0640509259259246,36,37,1.0277777777777777,SIN-74587409-2|qp9
1.8,50.0,9.0,3.0,29,1.39,0.48,1.330538461538501,5460,0.0631944444444436,36,36,1.0,SIN-74587409-2|qp9
2.5,50.0,12.0,3.0,11,1.39,0.48,1.3449728450077354,7181,0.0598416666666669,48,49,1.0208333333333333,TYO-1323228545-3|qp12
2.5,50.0,12.0,3.0,23,1.39,0.48,1.3021562245728158,7374,0.0614500000000007,48,49,1.0208333333333333,TYO-1323228545-3|qp12
2.5,50.0,30.0,3.0,5,1.39,0.48,1.257384389270979,19051,0.1587583333333344,120,119,0.9916666666666668,TYO-1323228545-3|qp30
2.5,50.0,30.0,3.0,17,1.39,0.48,1.289715020355708,18668,0.1555666666666672,120,118,0.9833333333333332,TYO-1323228545-3|qp30
2.5,50.0,30.0,3.0,29,1.39,0.48,1.2612542711454768,19023,0.1585249999999994,120,123,1.025,TYO-1323228545-3|qp30
2.5,50.0,50.0,3.0,6,1.39,0.48,1.1009281141599454,35459,0.2954916666666642,198,176,0.8888888888888888,AMS-1073074102-0|qp50
2.5,50.0,50.0,3.0,18,1.39,0.48,0.9474881539157832,41997,0.3499749999999995,200,191,0.955,AMS-1073074102-0|qp50
1.2,50.0,14.0,3.0,0,1.39,0.48,1.2234150612960213,9136,0.1586111111111112,56,58,1.0357142857142858,AMS-244428233-0|qp14
1.2,50.0,14.0,3.0,12,1.39,0.48,1.2479751194046216,9003,0.1563020833333346,56,57,1.0178571428571428,AMS-244428233-0|qp14
1.2,50.0,14.0,3.0,24,1.39,0.48,1.2529112242639566,9034,0.1568402777777786,56,58,1.0357142857142858,AMS-244428233-0|qp14
1.2,50.0,6.0,3.0,6,1.39,0.48,1.3152882810405333,3729,0.0647395833333332,24,24,1.0,AMS-244428233-0|qp6
1.2,50.0,6.0,3.0,18,1.39,0.48,1.3448226351351424,3552,0.0616666666666667,24,24,1.0,AMS-244428233-0|qp6
2.5,50.0,12.0,3.0,0,1.39,0.48,1.2328052213974972,3907,0.0325583333333338,48,48,1.0,AMS-4480498-0|qp12
2.5,50.0,12.0,3.0,12,1.39,0.48,1.2736235294117713,3825,0.0318750000000004,48,47,0.9791666666666666,AMS-4480498-0|qp12
2.5,50.0,12.0,3.0,24,1.39,0.48,1.29604632587858,3756,0.0313000000000002,48,48,1.0,AMS-4480498-0|qp12
2.5,50.0,30.0,3.0,6,1.39,0.48,1.2171565113500398,10044,0.0837000000000011,120,121,1.0083333333333333,AMS-4480498-0|qp30
2.5,50.0,30.0,3.0,18,1.39,0.48,1.209054844788236,10083,0.0840250000000005,120,119,0.9916666666666668,AMS-4480498-0|qp30
3.6,50.0,18.0,3.0,0,1.39,0.48,1.1787410071942304,11954,0.0691782407407409,72,74,1.0277777777777777,AMS-4480626-0|qp18
3.6,50.0,18.0,3.0,12,1.39,0.48,1.1987516869095465,11856,0.0686111111111117,72,71,0.9861111111111112,AMS-4480626-0|qp18
3.6,50.0,18.0,3.0,24,1.39,0.48,1.2168071618263958,11673,0.067552083333334,72,72,1.0,AMS-4480626-0|qp18
3.6,50.0,43.0,3.0,6,1.39,0.48,1.0613567353556,32077,0.1856307870370398,172,173,1.005813953488372,AMS-4480626-0|qp43
3.6,50.0,43.0,3.0,18,1.39,0.48,1.0071894505495165,34125,0.1974826388888902,172,176,1.0232558139534884,AMS-4480626-0|qp43
3.6,50.0,18.0,3.0,0,1.39,0.48,1.2921506936258855,11029,0.0638252314814814,72,72,1.0,AMS-4480644-0|qp18
3.6,50.0,18.0,3.0,12,1.39,0.48,1.2933523741520443,11204,0.0648379629629628,72,72,1.0,AMS-4480644-0|qp18
3.6,50.0,18.0,3.0,24,1.39,0.48,1.3239800811508111,10844,0.0627546296296295,72,73,1.0138888888888888,AMS-4480644-0|qp18
3.6,50.0,43.0,3.0,6,1.39,0.48,1.2485832938691424,27451,0.1588599537037045,172,170,0.9883720930232558,AMS-4480644-0|qp43
3.6,50.0,43.0,3.0,18,1.39,0.48,1.217848917062992,28395,0.1643229166666679,172,172,1.0,AMS-4480644-0|qp43
2.5,50.0,12.0,3.0,0,1.39,0.48,1.2742295472597545,7554,0.0629499999999998,48,50,1.0416666666666667,AMS-4495978-0|qp12
2.5,50.0,12.0,3.0,12,1.39,0.48,1.3177902059746716,7331,0.0610916666666675,48,49,1.0208333333333333,AMS-4495978-0|qp12
2.5,50.0,12.0,3.0,24,1.39,0.48,1.3388500421230582,7122,0.0593500000000011,48,49,1.0208333333333333,AMS-4495978-0|qp12
2.5,50.0,30.0,3.0,6,1.39,0.48,1.2353190290865488,19528,0.1627333333333353,120,121,1.0083333333333333,AMS-4495978-0|qp30
2.5,50.0,30.0,3.0,18,1.39,0.48,1.1873307496075582,20384,0.1698666666666672,120,119,0.9916666666666668,AMS-4495978-0|qp30
2.5,50.0,12.0,3.0,0,1.39,0.48,1.1397412398921891,7420,0.0618333333333338,48,48,1.0,AMS-4495979-0|qp12
2.5,50.0,12.0,3.0,12,1.39,0.48,1.177630842429343,7146,0.0595500000000009,48,49,1.0208333333333333,AMS-4495979-0|qp12
2.5,50.0,12.0,3.0,24,1.39,0.48,1.1909559552471365,7061,0.0588416666666677,48,47,0.9791666666666666,AMS-4495979-0|qp12
2.5,50.0,30.0,3.0,6,1.39,0.48,1.1626641144015832,17762,0.1480166666666678,120,119,0.9916666666666668,AMS-4495979-0|qp30
2.5,50.0,30.0,3.0,18,1.39,0.48,1.159111172873837,17990,0.1499166666666663,120,119,0.9916666666666668,AMS-4495979-0|qp30
2.5,50.0,12.0,3.0,0,1.39,0.48,1.083507705665306,9214,0.0767833333333338,48,50,1.0416666666666667,AMS-4496429-0|qp12
2.5,50.0,12.0,3.0,12,1.39,0.48,1.1766813317479592,8410,0.0700833333333342,48,49,1.0208333333333333,AMS-4496429-0|qp12
2.5,50.0,12.0,3.0,24,1.39,0.48,1.1777655945419556,8208,0.0684000000000009,48,50,1.0416666666666667,AMS-4496429-0|qp12
2.5,50.0,30.0,3.0,6,1.39,0.48,0.9574053375912768,26304,0.2192000000000017,120,120,1.0,AMS-4496429-0|qp30
2.5,50.0,30.0,3.0,18,1.39,0.48,0.9002266827538234,27351,0.227925000000001,120,116,0.9666666666666668,AMS-4496429-0|qp30
2.5,50.0,12.0,3.0,0,1.39,0.48,1.2625997375328315,7620,0.0635000000000002,48,49,1.0208333333333333,AMS-7370864-0|qp12
2.5,50.0,12.0,3.0,12,1.39,0.48,1.356378286683669,7074,0.0589500000000006,48,49,1.0208333333333333,AMS-7370864-0|qp12
2.5,50.0,12.0,3.0,24,1.39,0.48,1.34070331219175,7095,0.0591250000000009,48,49,1.0208333333333333,AMS-7370864-0|qp12
2.5,50.0,30.0,3.0,6,1.39,0.48,1.2529377472414307,19212,0.1601000000000018,120,120,1.0,AMS-7370864-0|qp30
2.5,50.0,30.0,3.0,18,1.39,0.48,1.2096446496687532,19924,0.1660333333333331,120,120,1.0,AMS-7370864-0|qp30
4.0,50.0,80.0,3.0,0,1.39,0.48,1.0131511737963734,64449,0.3356718750000008,320,325,1.015625,AMS-7371505-0|qp80
4.0,50.0,80.0,3.0,12,1.39,0.48,1.0304169170549835,61571,0.3206822916666674,320,314,0.98125,AMS-7371505-0|qp80
4.0,50.0,80.0,3.0,24,1.39,0.48,1.027025023019801,61903,0.322411458333336,320,314,0.98125,AMS-7371505-0|qp80
4.0,50.0,100.0,3.0,6,1.39,0.48,0.8071316201382889,100942,0.525739583333336,400,385,0.9625,AMS-7371505-3|qp100
4.0,50.0,100.0,3.0,18,1.39,0.48,0.8311581172346798,96985,0.5051302083333306,400,399,0.9975,AMS-7371505-3|qp100
4.0,50.0,60.0,3.0,0,1.39,0.48,1.1362200707150665,42141,0.2194843750000002,240,244,1.0166666666666666,AMS-7371505-3|qp60
4.0,50.0,60.0,3.0,12,1.39,0.48,1.1916762167080377,40663,0.2117864583333313,240,243,1.0125,AMS-7371505-3|qp60
4.0,50.0,60.0,3.0,24,1.39,0.48,1.1947145506244456,40445,0.2106510416666666,240,236,0.9833333333333332,AMS-7371505-3|qp60
2.5,50.0,38.0,3.0,6,1.39,0.48,1.240994398896131,24638,0.2053166666666716,152,152,1.0,LON-4082553-0|qp38
2.5,50.0,38.0,3.0,18,1.39,0.48,1.2283246555591811,24968,0.2080666666666684,152,154,1.013157894736842,LON-4082553-0|qp38
2.5,50.0,62.0,3.0,0,1.39,0.48,1.059825710887744,46245,0.3853749999999981,248,250,1.0080645161290325,LON-4082553-0|qp62
2.5,50.0,62.0,3.0,12,1.39,0.48,0.7611999464565397,52294,0.4357833333333336,138,175,1.2681159420289856,LON-4082553-0|qp62
2.5,50.0,62.0,3.0,24,1.39,0.48,1.0758006048966693,45297,0.3774750000000036,248,232,0.935483870967742,LON-4082553-0|qp62
2.5,50.0,38.0,3.0,6,1.39,0.48,1.2551680019621354,24464,0.2038666666666687,152,150,0.986842105263158,LON-4082554-0|qp38
2.5,50.0,38.0,3.0,18,1.39,0.48,1.2040842971966452,25505,0.2125416666666681,152,155,1.019736842105263,LON-4082554-0|qp38
2.5,50.0,62.0,3.0,0,1.39,0.48,1.0802907767202503,45602,0.3800166666666688,248,244,0.9838709677419356,LON-4082554-0|qp62
2.5,50.0,62.0,3.0,12,1.39,0.48,1.1744066241678508,42511,0.3542583333333367,248,251,1.0120967741935485,LON-4082554-0|qp62
2.5,50.0,62.0,3.0,24,1.39,0.48,1.1068630196937328,45700,0.3808333333333317,248,247,0.995967741935484,LON-4082554-0|qp62
2.5,50.0,38.0,3.0,6,1.39,0.48,1.264811114322372,24221,0.2018416666666687,152,152,1.0,LON-4082592-0|qp38
2.5,50.0,38.0,3.0,18,1.39,0.48,1.2183900398406862,25100,0.2091666666666674,152,156,1.0263157894736843,LON-4082592-0|qp38
2.5,50.0,62.0,3.0,0,1.39,0.48,1.0570969255043228,46902,0.390850000000001,248,249,1.0040322580645162,LON-4082592-0|qp62
2.5,50.0,62.0,3.0,12,1.39,0.48,1.1862465066284835,41865,0.348875000000004,248,252,1.0161290322580645,LON-4082592-0|qp62
2.5,50.0,62.0,3.0,24,1.39,0.48,1.15233181692857,43524,0.3627000000000029,248,248,1.0,LON-4082592-0|qp62
2.5,50.0,50.0,3.0,6,1.39,0.48,1.1451293289265707,13918,0.1159833333333322,200,200,1.0,SIN-1105987650-1|qp50
2.5,50.0,50.0,3.0,18,1.39,0.48,1.2523791998100071,8423,0.0701916666666677,37,54,1.4594594594594594,SIN-1105987650-1|qp50
2.0,50.0,10.0,3.0,0,1.39,0.48,1.1885745454545549,2750,0.0286458333333326,40,41,1.025,SIN-131164229-0|qp10
2.0,50.0,10.0,3.0,12,1.39,0.48,1.244645638629298,2568,0.0267499999999992,40,40,1.0,SIN-131164229-0|qp10
2.0,50.0,10.0,3.0,24,1.39,0.48,1.2688026782197674,2539,0.0264479166666658,40,40,1.0,SIN-131164229-0|qp10
2.0,50.0,24.0,3.0,6,1.39,0.48,1.2043969418005895,6409,0.0667604166666662,96,96,1.0,SIN-131164229-0|qp24
2.0,50.0,24.0,3.0,18,1.39,0.48,1.1895410442014496,6493,0.0676354166666661,96,94,0.9791666666666666,SIN-131164229-0|qp24
1.8,50.0,22.0,3.0,0,1.39,0.48,1.1117198713189749,16164,0.1870833333333408,88,90,1.0227272727272727,SIN-139715353-1|qp22
1.8,50.0,22.0,3.0,12,1.39,0.48,1.1283139132077529,15877,0.1837615740740808,88,88,1.0,SIN-139715353-1|qp22
1.8,50.0,22.0,3.0,24,1.39,0.48,1.1035418314572578,16435,0.1902199074074145,88,88,1.0,SIN-139715353-1|qp22
1.8,50.0,9.0,3.0,6,1.39,0.48,1.1767781966698296,6366,0.0736805555555545,36,36,1.0,SIN-139715353-1|qp9
1.8,50.0,9.0,3.0,18,1.39,0.48,1.2581449126413022,5838,0.0675694444444439,36,36,1.0,SIN-139715353-1|qp9
3.0,50.0,15.0,3.0,0,1.39,0.48,1.2406551158499983,9754,0.0677361111111105,60,60,1.0,SIN-1464509030-0|qp15
3.0,50.0,15.0,3.0,12,1.39,0.48,1.248009503150438,9681,0.0672291666666657,60,60,1.0,SIN-1464509030-0|qp15
3.0,50.0,15.0,3.0,24,1.39,0.48,1.2588346213292654,9705,0.0673958333333324,60,61,1.0166666666666666,SIN-1464509030-0|qp15
3.0,50.0,36.0,3.0,6,1.39,0.48,1.1751029252438223,24921,0.1730624999999991,144,142,0.9861111111111112,SIN-1464509030-0|qp36
3.0,50.0,36.0,3.0,18,1.39,0.48,1.1458749852762615,25469,0.176868055555554,144,146,1.0138888888888888,SIN-1464509030-0|qp36
2.0,50.0,10.0,3.0,0,1.39,0.48,1.2567342861534003,6507,0.0677812499999994,40,39,0.975,SIN-166571436-2|qp10
2.0,50.0,10.0,3.0,12,1.39,0.48,1.342140345000862,5971,0.0621979166666658,40,40,1.0,SIN-166571436-2|qp10
2.0,50.0,10.0,3.0,24,1.39,0.48,1.354176364530414,6101,0.063552083333333,40,40,1.0,SIN-166571436-2|qp10
2.0,50.0,24.0,3.0,6,1.39,0.48,1.2720914686610352,15109,0.1573854166666665,96,94,0.9791666666666666,SIN-166571436-2|qp24
2.0,50.0,24.0,3.0,18,1.39,0.48,1.2849549789902193,14993,0.156177083333333,96,97,1.0104166666666667,SIN-166571436-2|qp24
2.0,50.0,10.0,3.0,0,1.39,0.48,1.2058970609738515,6839,0.0712395833333329,40,39,0.975,SIN-166571436-3|qp10
2.0,50.0,10.0,3.0,12,1.39,0.48,1.2775110759493875,6320,0.0658333333333327,40,39,0.975,SIN-166571436-3|qp10
2.0,50.0,10.0,3.0,24,1.39,0.48,1.2930178710178846,6435,0.0670312499999993,40,41,1.025,SIN-166571436-3|qp10
2.0,50.0,24.0,3.0,6,1.39,0.48,1.2343588601958535,15722,0.1637708333333338,96,95,0.9895833333333334,SIN-166571436-3|qp24
2.0,50.0,24.0,3.0,18,1.39,0.48,1.2338881136623403,15766,0.1642291666666662,96,94,0.9791666666666666,SIN-166571436-3|qp24
1.8,50.0,22.0,3.0,0,1.39,0.48,1.209990444338255,14651,0.1695717592592655,88,90,1.0227272727272727,SIN-170969415-0|qp22
1.8,50.0,22.0,3.0,12,1.39,0.48,1.2344534835210377,14382,0.1664583333333389,88,89,1.0113636363636365,SIN-170969415-0|qp22
1.8,50.0,22.0,3.0,24,1.39,0.48,1.231360393433521,14437,0.1670949074074112,88,88,1.0,SIN-170969415-0|qp22
1.8,50.0,9.0,3.0,6,1.39,0.48,1.3266371521503657,5534,0.0640509259259258,36,37,1.0277777777777777,SIN-170969415-0|qp9
1.8,50.0,9.0,3.0,18,1.39,0.48,1.3227992733878111,5505,0.0637152777777772,36,36,1.0,SIN-170969415-0|qp9
2.0,50.0,10.0,3.0,0,1.39,0.48,1.2183251084193438,6687,0.0696562499999995,40,40,1.0,SIN-190681368-0|qp10
2.0,50.0,10.0,3.0,12,1.39,0.48,1.3264145009104702,6041,0.0629270833333329,40,39,0.975,SIN-190681368-0|qp10
2.0,50.0,10.0,3.0,24,1.39,0.48,1.3286605415860808,6204,0.0646249999999992,40,41,1.025,SIN-190681368-0|qp10
2.0,50.0,24.0,3.0,6,1.39,0.48,1.22486965920651,15728,0.1638333333333325,96,94,0.9791666666666666,SIN-190681368-0|qp24
2.0,50.0,24.0,3.0,18,1.39,0.48,1.230550161812333,15759,0.1641562499999999,96,97,1.0104166666666667,SIN-190681368-0|qp24
2.0,50.0,10.0,3.0,0,1.39,0.48,1.2050777126099916,6820,0.0710416666666658,40,39,0.975,SIN-197634752-1|qp10
2.0,50.0,10.0,3.0,12,1.39,0.48,1.306271680985597,6169,0.0642604166666658,40,39,0.975,SIN-197634752-1|qp10
2.0,50.0,10.0,3.0,24,1.39,0.48,1.3077746167219966,6327,0.0659062499999995,40,40,1.0,SIN-197634752-1|qp10
2.0,50.0,24.0,3.0,6,1.39,0.48,1.205339306974102,15959,0.1662395833333355,96,91,0.9479166666666666,SIN-197634752-1|qp24
2.0,50.0,24.0,3.0,18,1.39,0.48,1.199015137472977,16185,0.1685937499999991,96,95,0.9895833333333334,SIN-197634752-1|qp24
2.0,50.0,10.0,3.0,0,1.39,0.48,1.243377906093324,6581,0.068552083333333,40,40,1.0,SIN-198571185-1|qp10
2.0,50.0,10.0,3.0,12,1.39,0.48,1.3209140316205743,6072,0.0632499999999992,40,41,1.025,SIN-198571185-1|qp10
2.0,50.0,10.0,3.0,24,1.39,0.48,1.320350456072981,6249,0.0650937499999996,40,41,1.025,SIN-198571185-1|qp10
2.0,50.0,24.0,3.0,6,1.39,0.48,1.2245259117082157,15630,0.1628125000000002,96,94,0.9791666666666666,SIN-198571185-1|qp24
2.0,50.0,24.0,3.0,18,1.39,0.48,1.212490291870238,15966,0.1663124999999992,96,94,0.9791666666666666,SIN-198571185-1|qp24
2.0,50.0,10.0,3.0,0,1.39,0.48,1.2434134103694918,6577,0.0685104166666664,40,40,1.0,SIN-198571185-2|qp10
2.0,50.0,10.0,3.0,12,1.39,0.48,1.308726916162795,6119,0.0637395833333326,40,40,1.0,SIN-198571185-2|qp10
2.0,50.0,10.0,3.0,24,1.39,0.48,1.325931498079398,6248,0.0650833333333327,40,41,1.025,SIN-198571185-2|qp10
2.0,50.0,24.0,3.0,6,1.39,0.48,1.23755345182895,15528,0.1617499999999988,96,95,0.9895833333333334,SIN-198571185-2|qp24
2.0,50.0,24.0,3.0,18,1.39,0.48,1.2425574085952962,15590,0.1623958333333323,96,94,0.9791666666666666,SIN-198571185-2|qp24
2.0,50.0,10.0,3.0,0,1.39,0.48,1.239415142813987,6617,0.0689270833333329,40,40,1.0,SIN-198571185-3|qp10
2.0,50.0,10.0,3.0,12,1.39,0.48,1.320809743252161,6076,0.0632916666666659,40,41,1.025,SIN-198571185-3|qp10
2.0,50.0,10.0,3.0,24,1.39,0.48,1.3379546558704565,6175,0.0643229166666662,40,41,1.025,SIN-198571185-3|qp10
2.0,50.0,24.0,3.0,6,1.39,0.48,1.228831826633312,15597,0.16246875,96,94,0.9791666666666666,SIN-198571185-3|qp24
2.0,50.0,24.0,3.0,18,1.39,0.48,1.2338324500351352,15661,0.1631354166666664,96,93,0.96875,SIN-198571185-3|qp24
2.0,50.0,10.0,3.0,0,1.39,0.48,1.2263530655391364,6622,0.0689791666666664,40,39,0.975,SIN-200167221-1|qp10
2.0,50.0,10.0,3.0,12,1.39,0.48,1.3044550452781616,6184,0.0644166666666663,40,40,1.0,SIN-200167221-1|qp10
2.0,50.0,10.0,3.0,24,1.39,0.48,1.3223589001447278,6219,0.0647812499999996,40,41,1.025,SIN-200167221-1|qp10
2.0,50.0,24.0,3.0,6,1.39,0.48,1.2150751737207508,15830,0.1648958333333337,96,93,0.96875,SIN-200167221-1|qp24
2.0,50.0,24.0,3.0,18,1.39,0.48,1.205378088809096,16147,0.1681979166666664,96,94,0.9791666666666666,SIN-200167221-1|qp24
2.0,50.0,10.0,3.0,0,1.39,0.48,1.14568677070155,7113,0.0740937500000008,40,40,1.0,SIN-200171267-0|qp10
2.0,50.0,10.0,3.0,12,1.39,0.48,1.2010544561606515,6923,0.0721145833333322,40,40,1.0,SIN-200171267-0|qp10
2.0,50.0,10.0,3.0,24,1.39,0.48,1.248476840855114,6736,0.0701666666666665,40,41,1.025,SIN-200171267-0|qp10
2.0,50.0,24.0,3.0,6,1.39,0.48,1.1842522599041054,16483,0.1716979166666667,96,95,0.9895833333333334,SIN-200171267-0|qp24
2.0,50.0,24.0,3.0,18,1.39,0.48,1.169763684591295,16588,0.1727916666666668,96,96,1.0,SIN-200171267-0|qp24
2.0,50.0,10.0,3.0,0,1.39,0.48,1.165343275182914,7108,0.0740416666666659,40,39,0.975,SIN-200171267-2|qp10
2.0,50.0,10.0,3.0,12,1.39,0.48,1.238737657602941,6583,0.0685729166666662,40,39,0.975,SIN-200171267-2|qp10
2.0,50.0,10.0,3.0,24,1.39,0.48,1.2556420233463166,6682,0.0696041666666659,40,41,1.025,SIN-200171267-2|qp10
2.0,50.0,24.0,3.0,6,1.39,0.48,1.180207197382734,16506,0.1719375000000016,96,94,0.9791666666666666,SIN-200171267-2|qp24
2.0,50.0,24.0,3.0,18,1.39,0.48,1.1674305225653288,16840,0.1754166666666664,96,94,0.9791666666666666,SIN-200171267-2|qp24
2.0,50.0,10.0,3.0,0,1.39,0.48,1.186360613071162,6916,0.0720416666666661,40,40,1.0,SIN-200171268-0|qp10
2.0,50.0,10.0,3.0,12,1.39,0.48,1.2408234933292683,6521,0.0679270833333329,40,40,1.0,SIN-200171268-0|qp10
2.0,50.0,10.0,3.0,24,1.39,0.48,1.2660428376120445,6583,0.0685729166666655,40,41,1.025,SIN-200171268-0|qp10
2.0,50.0,24.0,3.0,6,1.39,0.48,1.1762884218199408,16462,0.1714791666666668,96,94,0.9791666666666666,SIN-200171268-0|qp24
2.0,50.0,24.0,3.0,18,1.39,0.48,1.1567043972976268,16874,0.1757708333333319,96,95,0.9895833333333334,SIN-200171268-0|qp24
2.0,50.0,10.0,3.0,0,1.39,0.48,1.2282390221820043,6627,0.0690312499999993,40,39,0.975,SIN-200171268-4|qp10
2.0,50.0,10.0,3.0,12,1.39,0.48,1.281276426641256,6291,0.0655312499999996,40,39,0.975,SIN-200171268-4|qp10
2.0,50.0,10.0,3.0,24,1.39,0.48,1.2817451010646648,6481,0.0675104166666662,40,40,1.0,SIN-200171268-4|qp10
2.0,50.0,24.0,3.0,6,1.39,0.48,1.2190999999999677,15900,0.1656249999999988,96,95,0.9895833333333334,SIN-200171268-4|qp24
2.0,50.0,24.0,3.0,18,1.39,0.48,1.1811848856160134,16567,0.1725729166666653,96,96,1.0,SIN-200171268-4|qp24
1.8,50.0,27.0,3.0,0,1.39,0.48,1.1602088315001506,18819,0.2178125000000029,108,105,0.9722222222222222,SIN-22811726-0|qp27
1.8,50.0,27.0,3.0,12,1.39,0.48,1.199203486788396,18355,0.2124421296296363,108,107,0.9907407407407408,SIN-22811726-0|qp27
1.8,50.0,27.0,3.0,24,1.39,0.48,1.208384277075365,18190,0.2105324074074138,108,110,1.0185185185185186,SIN-22811726-0|qp27
1.8,50.0,27.0,3.0,6,1.39,0.48,1.10404452781756,20257,0.2344560185185212,108,105,0.9722222222222222,SIN-22811727-0|qp27
1.8,50.0,27.0,3.0,18,1.39,0.48,1.1473894518056706,19245,0.2227430555555573,108,108,1.0,SIN-22811727-0|qp27
1.8,50.0,27.0,3.0,0,1.39,0.48,1.1728114448196334,5627,0.0651273148148138,108,109,1.0092592592592593,SIN-22811728-0|qp27
1.8,50.0,27.0,3.0,12,1.39,0.48,1.2010933186085038,5433,0.0628819444444437,108,110,1.0185185185185186,SIN-22811728-0|qp27
1.8,50.0,27.0,3.0,24,1.39,0.48,1.1871173469387994,5488,0.0635185185185176,108,106,0.9814814814814816,SIN-22811728-0|qp27
1.8,50.0,45.0,3.0,6,1.39,0.48,1.1609734318156693,9071,0.1049884259259262,149,162,1.087248322147651,SIN-22811728-0|qp45
1.8,50.0,45.0,3.0,18,1.39,0.48,0.3800799682114178,20133,0.2330208333333293,6,26,4.333333333333333,SIN-22811728-0|qp45
1.8,50.0,22.0,3.0,0,1.39,0.48,1.1529984623270029,15608,0.180648148148155,88,88,1.0,SIN-22928582-0|qp22
1.8,50.0,22.0,3.0,12,1.39,0.48,1.163341940481548,15491,0.1792939814814884,88,88,1.0,SIN-22928582-0|qp22
1.8,50.0,22.0,3.0,24,1.39,0.48,1.175056172478734,15399,0.1782291666666719,88,88,1.0,SIN-22928582-0|qp22
1.8,50.0,9.0,3.0,6,1.39,0.48,1.263648901753807,5873,0.0679745370370371,36,37,1.0277777777777777,SIN-22928582-0|qp9
1.8,50.0,9.0,3.0,18,1.39,0.48,1.2640824742267895,5820,0.0673611111111109,36,36,1.0,SIN-22928582-0|qp9
1.8,50.0,22.0,3.0,0,1.39,0.48,1.1721329658069024,15237,0.1763541666666732,88,90,1.0227272727272727,SIN-22928582-1|qp22
1.8,50.0,22.0,3.0,12,1.39,0.48,1.2257861160652648,14578,0.1687268518518581,88,89,1.0113636363636365,SIN-22928582-1|qp22
1.8,50.0,22.0,3.0,24,1.39,0.48,1.1602643003064377,15664,0.1812962962963026,88,88,1.0,SIN-22928582-1|qp22
1.8,50.0,9.0,3.0,6,1.39,0.48,1.2507573467674398,5955,0.0689236111111114,36,36,1.0,SIN-22928582-1|qp9
1.8,50.0,9.0,3.0,18,1.39,0.48,1.2712663680220384,5804,0.0671759259259256,36,36,1.0,SIN-22928582-1|qp9
1.8,50.0,22.0,3.0,0,1.39,0.48,1.1289139421270005,15966,0.1847916666666734,88,90,1.0227272727272727,SIN-22928582-2|qp22
1.8,50.0,22.0,3.0,12,1.39,0.48,1.1494406973784168,15716,0.1818981481481553,88,89,1.0113636363636365,SIN-22928582-2|qp22
1.8,50.0,22.0,3.0,24,1.39,0.48,1.1547500961168653,15606,0.1806250000000052,88,88,1.0,SIN-22928582-2|qp22
1.8,50.0,9.0,3.0,6,1.39,0.48,1.2631047975502023,5878,0.0680324074074078,36,36,1.0,SIN-22928582-2|qp9
1.8,50.0,9.0,3.0,18,1.39,0.48,1.249393323165555,5901,0.068298611111111,36,36,1.0,SIN-22928582-2|qp9
3.0,50.0,15.0,3.0,0,1.39,0.48,0.9402402607245955,13194,0.0916249999999989,60,61,1.0166666666666666,SIN-546209379-0|qp15
3.0,50.0,15.0,3.0,12,1.39,0.48,0.9938134630980946,12330,0.0856250000000003,60,57,0.95,SIN-546209379-0|qp15
3.0,50.0,15.0,3.0,24,1.39,0.48,0.8931458511548653,14028,0.0974166666666658,60,61,1.0166666666666666,SIN-546209379-0|qp15
3.0,50.0,36.0,3.0,6,1.39,0.48,0.7976841790720757,36812,0.2556388888888884,144,140,0.9722222222222222,SIN-546209379-0|qp36
3.0,50.0,36.0,3.0,18,1.39,0.48,0.7624948574040521,39377,0.2734513888888881,144,143,0.9930555555555556,SIN-546209379-0|qp36
3.0,50.0,15.0,3.0,0,1.39,0.48,1.3000730711369872,9306,0.0646249999999989,60,61,1.0166666666666666,SIN-546209379-1|qp15
3.0,50.0,15.0,3.0,12,1.39,0.48,1.304346501251427,9189,0.0638124999999992,60,58,0.9666666666666668,SIN-546209379-1|qp15
3.0,50.0,15.0,3.0,24,1.39,0.48,1.3388339222615506,9056,0.062888888888888,60,60,1.0,SIN-546209379-1|qp15
3.0,50.0,36.0,3.0,6,1.39,0.48,1.2692469038898686,22932,0.1592499999999988,144,142,0.9861111111111112,SIN-546209379-1|qp36
3.0,50.0,36.0,3.0,18,1.39,0.48,1.2075528438470111,24175,0.1678819444444429,144,146,1.0138888888888888,SIN-546209379-1|qp36
3.0,50.0,15.0,3.0,0,1.39,0.48,1.2986137339056654,9320,0.064722222222221,60,61,1.0166666666666666,SIN-546209379-2|qp15
3.0,50.0,15.0,3.0,12,1.39,0.48,1.3108222782588916,9121,0.0633402777777768,60,58,0.9666666666666668,SIN-546209379-2|qp15
3.0,50.0,15.0,3.0,24,1.39,0.48,1.3351339433359717,9071,0.0629930555555549,60,60,1.0,SIN-546209379-2|qp15
3.0,50.0,36.0,3.0,6,1.39,0.48,1.2584250949258875,23176,0.1609444444444436,144,144,1.0,SIN-546209379-2|qp36
3.0,50.0,36.0,3.0,18,1.39,0.48,1.2037079161001285,24267,0.1685208333333323,144,146,1.0138888888888888,SIN-546209379-2|qp36
1.8,50.0,22.0,3.0,0,1.39,0.48,1.147044743021127,15332,0.1774537037037096,88,89,1.0113636363636365,SIN-74587409-1|qp22
1.8,50.0,22.0,3.0,12,1.39,0.48,1.178677158095697,15187,0.1757754629629682,88,88,1.0,SIN-74587409-1|qp22
1.8,50.0,22.0,3.0,24,1.39,0.48,1.223712545844572,14451,0.1672569444444492,88,87,0.9886363636363636,SIN-74587409-1|qp22
1.8,50.0,9.0,3.0,6,1.39,0.48,1.328613665044192,5547,0.0642013888888886,36,37,1.0277777777777777,SIN-74587409-1|qp9
1.8,50.0,9.0,3.0,18,1.39,0.48,1.3433425414364453,5430,0.0628472222222215,36,36,1.0,SIN-74587409-1|qp9
1.8,50.0,22.0,3.0,0,1.39,0.48,1.158532654792191,15327,0.177395833333339,88,89,1.0113636363636365,SIN-74587409-2|qp22
1.8,50.0,22.0,3.0,12,1.39,0.48,1.1768992758393326,15190,0.175810185185191,88,88,1.0,SIN-74587409-2|qp22
1.8,50.0,22.0,3.0,24,1.39,0.48,1.2221083668655457,14414,0.1668287037037085,88,87,0.9886363636363636,SIN-74587409-2|qp22
1.8,50.0,9.0,3.0,6,1.39,0.48,1.3283441558441784,5544,0.0641666666666664,36,37,1.0277777777777777,SIN-74587409-2|qp9
1.8,50.0,9.0,3.0,18,1.39,0.48,1.3404411764705693,5440,0.0629629629629623,36,36,1.0,SIN-74587409-2|qp9
2.5,50.0,12.0,3.0,0,1.39,0.48,1.2764359490275354,7455,0.0621250000000008,48,49,1.0208333333333333,TYO-1323228545-3|qp12
2.5,50.0,12.0,3.0,12,1.39,0.48,1.357030474840578,7055,0.0587916666666675,48,49,1.0208333333333333,TYO-1323228545-3|qp12
2.5,50.0,12.0,3.0,24,1.39,0.48,1.3627161735134192,6962,0.0580166666666671,48,50,1.0416666666666667,TYO-1323228545-3|qp12
2.5,50.0,30.0,3.0,6,1.39,0.48,1.26683188282754,18844,0.157033333333334,120,119,0.9916666666666668,TYO-1323228545-3|qp30
2.5,50.0,30.0,3.0,18,1.39,0.48,1.2211143146181505,19770,0.1647500000000006,120,119,0.9916666666666668,TYO-1323228545-3|qp30
2.5,50.0,50.0,3.0,7,1.39,0.48,1.023033949290847,39559,0.3296583333333344,200,184,0.92,AMS-1073074102-0|qp50
2.5,50.0,50.0,3.0,19,1.39,0.48,1.1088940523079631,35291,0.2940916666666666,198,198,1.0,AMS-1073074102-0|qp50
1.2,50.0,14.0,3.0,1,1.39,0.48,1.214000865051826,9248,0.1605555555555566,56,58,1.0357142857142858,AMS-244428233-0|qp14
1.2,50.0,14.0,3.0,13,1.39,0.48,1.2081045333333245,9375,0.1627604166666676,56,56,1.0,AMS-244428233-0|qp14
1.2,50.0,14.0,3.0,25,1.39,0.48,1.2133873564451527,9317,0.1617534722222235,56,56,1.0,AMS-244428233-0|qp14
1.2,50.0,6.0,3.0,7,1.39,0.48,1.2774784482758663,3712,0.0644444444444445,24,24,1.0,AMS-244428233-0|qp6
1.2,50.0,6.0,3.0,19,1.39,0.48,1.3111264554562592,3693,0.0641145833333333,24,24,1.0,AMS-244428233-0|qp6
2.5,50.0,12.0,3.0,1,1.39,0.48,1.2709234828495777,3790,0.0315833333333332,48,47,0.9791666666666666,AMS-4480498-0|qp12
2.5,50.0,12.0,3.0,13,1.39,0.48,1.2422233580373232,3913,0.0326083333333337,48,49,1.0208333333333333,AMS-4480498-0|qp12
2.5,50.0,12.0,3.0,25,1.39,0.48,1.2399515429737205,3921,0.0326750000000005,48,48,1.0,AMS-4480498-0|qp12
2.5,50.0,30.0,3.0,7,1.39,0.48,1.170184438040358,10410,0.0867500000000011,120,119,0.9916666666666668,AMS-4480498-0|qp30
2.5,50.0,30.0,3.0,19,1.39,0.48,1.2218334506688475,9943,0.0828583333333342,120,119,0.9916666666666668,AMS-4480498-0|qp30
3.6,50.0,18.0,3.0,1,1.39,0.48,1.2171661962193,11691,0.0676562500000006,72,73,1.0138888888888888,AMS-4480626-0|qp18
3.6,50.0,18.0,3.0,13,1.39,0.48,1.1585320879298235,12419,0.071869212962963,72,72,1.0,AMS-4480626-0|qp18
3.6,50.0,18.0,3.0,25,1.39,0.48,1.176445885691133,12335,0.0713831018518533,72,71,0.9861111111111112,AMS-4480626-0|qp18
3.6,50.0,43.0,3.0,7,1.39,0.48,1.006876129408329,34310,0.1985532407407386,172,172,1.0,AMS-4480626-0|qp43
3.6,50.0,43.0,3.0,19,1.39,0.48,1.084761874604207,31580,0.1827546296296266,172,172,1.0,AMS-4480626-0|qp43
3.6,50.0,18.0,3.0,1,1.39,0.48,1.3103911119139904,11071,0.0640682870370371,72,73,1.0138888888888888,AMS-4480644-0|qp18
3.6,50.0,18.0,3.0,13,1.39,0.48,1.2675772301284622,11524,0.066689814814815,72,72,1.0,AMS-4480644-0|qp18
3.6,50.0,18.0,3.0,25,1.39,0.48,1.2835485283812085,11416,0.0660648148148153,72,72,1.0,AMS-4480644-0|qp18
3.6,50.0,43.0,3.0,7,1.39,0.48,1.1728502758877142,29541,0.170954861111112,172,173,1.005813953488372,AMS-4480644-0|qp43
3.6,50.0,43.0,3.0,19,1.39,0.48,1.2591574359905338,27535,0.159346064814814,172,173,1.005813953488372,AMS-4480644-0|qp43
2.5,50.0,12.0,3.0,1,1.39,0.48,1.2831660179841575,7451,0.0620916666666675,48,46,0.9583333333333334,AMS-4495978-0|qp12
2.5,50.0,12.0,3.0,13,1.39,0.48,1.2584121840570042,7715,0.0642916666666676,48,49,1.0208333333333333,AMS-4495978-0|qp12
2.5,50.0,12.0,3.0,25,1.39,0.48,1.2680901821994923,7629,0.0635750000000009,48,48,1.0,AMS-4495978-0|qp12
2.5,50.0,30.0,3.0,7,1.39,0.48,1.1833546810070117,20455,0.170458333333336,120,115,0.9583333333333334,AMS-4495978-0|qp30
2.5,50.0,30.0,3.0,19,1.39,0.48,1.2384355969499516,19541,0.1628416666666672,120,119,0.9916666666666668,AMS-4495978-0|qp30
2.5,50.0,12.0,3.0,1,1.39,0.48,1.156841227948303,7199,0.0599916666666677,48,48,1.0,AMS-4495979-0|qp12
2.5,50.0,12.0,3.0,13,1.39,0.48,1.1486964236964434,7326,0.0610500000000009,48,48,1.0,AMS-4495979-0|qp12
2.5,50.0,12.0,3.0,25,1.39,0.48,1.1514515022636636,7289,0.060741666666668,48,48,1.0,AMS-4495979-0|qp12
2.5,50.0,30.0,3.0,7,1.39,0.48,1.0981080796376217,18986,0.1582166666666677,120,121,1.0083333333333333,AMS-4495979-0|qp30
2.5,50.0,30.0,3.0,19,1.39,0.48,1.1498509834000166,18253,0.1521083333333328,120,121,1.0083333333333333,AMS-4495979-0|qp30
2.5,50.0,12.0,3.0,1,1.39,0.48,1.089201867496652,8996,0.0749666666666672,48,46,0.9583333333333334,AMS-4496429-0|qp12
2.5,50.0,12.0,3.0,13,1.39,0.48,1.1023018530921775,8958,0.0746499999999996,48,46,0.9583333333333334,AMS-4496429-0|qp12
2.5,50.0,12.0,3.0,25,1.39,0.48,1.0919078218479947,9026,0.0752166666666681,48,47,0.9791666666666666,AMS-4496429-0|qp12
2.5,50.0,30.0,3.0,7,1.39,0.48,0.9233001768346256,27144,0.2262000000000029,120,117,0.975,AMS-4496429-0|qp30
2.5,50.0,30.0,3.0,19,1.39,0.48,0.9789377274885006,25276,0.210633333333336,120,119,0.9916666666666668,AMS-4496429-0|qp30
2.5,50.0,12.0,3.0,1,1.39,0.48,1.308304546082625,7237,0.0603083333333347,48,46,0.9583333333333334,AMS-7370864-0|qp12
2.5,50.0,12.0,3.0,13,1.39,0.48,1.27050967067429,7652,0.0637666666666676,48,49,1.0208333333333333,AMS-7370864-0|qp12
2.5,50.0,12.0,3.0,25,1.39,0.48,1.3150122682660794,7336,0.0611333333333345,48,48,1.0,AMS-7370864-0|qp12
2.5,50.0,30.0,3.0,7,1.39,0.48,1.213678322379874,19933,0.1661083333333354,120,116,0.9666666666666668,AMS-7370864-0|qp30
2.5,50.0,30.0,3.0,19,1.39,0.48,1.2763052037884035,18794,0.1566166666666661,120,120,1.0,AMS-7370864-0|qp30
4.0,50.0,80.0,3.0,1,1.39,0.48,0.9797067969790392,65279,0.3399947916666685,320,318,0.99375,AMS-7371505-0|qp80
4.0,50.0,80.0,3.0,13,1.39,0.48,0.9505904156738268,67986,0.3540937499999994,320,321,1.003125,AMS-7371505-0|qp80
4.0,50.0,80.0,3.0,25,1.39,0.48,1.015244870999083,62829,0.3272343749999985,320,315,0.984375,AMS-7371505-0|qp80
4.0,50.0,100.0,3.0,7,1.39,0.48,0.8305584833770498,96583,0.5030364583333345,400,387,0.9675,AMS-7371505-3|qp100
4.0,50.0,100.0,3.0,19,1.39,0.48,0.8624968444473214,93486,0.4869062500000021,400,391,0.9775,AMS-7371505-3|qp100
4.0,50.0,60.0,3.0,1,1.39,0.48,1.0839544185007894,44755,0.2330989583333325,240,242,1.0083333333333333,AMS-7371505-3|qp60
4.0,50.0,60.0,3.0,13,1.39,0.48,1.151450545775818,41867,0.2180572916666671,240,239,0.9958333333333332,AMS-7371505-3|qp60
4.0,50.0,60.0,3.0,25,1.39,0.48,1.1190722340326176,43276,0.2253958333333337,240,238,0.9916666666666668,AMS-7371505-3|qp60
2.5,50.0,38.0,3.0,7,1.39,0.48,1.1806368197607804,25910,0.2159166666666705,152,155,1.019736842105263,LON-4082553-0|qp38
2.5,50.0,38.0,3.0,19,1.39,0.48,1.2646751960379428,24230,0.2019166666666694,152,151,0.993421052631579,LON-4082553-0|qp38
2.5,50.0,62.0,3.0,1,1.39,0.48,1.0313858712849289,47407,0.395058333333339,248,230,0.9274193548387096,LON-4082553-0|qp62
2.5,50.0,62.0,3.0,13,1.39,0.48,1.0230490106543575,49275,0.4106250000000025,248,247,0.995967741935484,LON-4082553-0|qp62
2.5,50.0,62.0,3.0,25,1.39,0.48,1.07361223089453,46636,0.3886333333333328,248,247,0.995967741935484,LON-4082553-0|qp62
2.5,50.0,38.0,3.0,7,1.39,0.48,1.1782017090087389,26097,0.217475000000003,152,154,1.013157894736842,LON-4082554-0|qp38
2.5,50.0,38.0,3.0,19,1.39,0.48,1.256564020774532,24453,0.2037750000000041,152,152,1.0,LON-4082554-0|qp38
2.5,50.0,62.0,3.0,1,1.39,0.48,1.013006599225621,50612,0.42176666666667,248,247,0.995967741935484,LON-4082554-0|qp62
2.5,50.0,62.0,3.0,13,1.39,0.48,1.0214842550719372,48206,0.4017166666666663,248,245,0.9879032258064516,LON-4082554-0|qp62
2.5,50.0,62.0,3.0,25,1.39,0.48,1.005917095369943,50540,0.4211666666666643,248,247,0.995967741935484,LON-4082554-0|qp62
2.5,50.0,38.0,3.0,7,1.39,0.48,1.181682877875608,25908,0.2159000000000022,152,153,1.006578947368421,LON-4082592-0|qp38
2.5,50.0,38.0,3.0,19,1.39,0.48,1.2425295786060957,24680,0.2056666666666698,152,152,1.0,LON-4082592-0|qp38
2.5,50.0,62.0,3.0,1,1.39,0.48,1.0899152542373782,46020,0.383500000000002,248,246,0.9919354838709676,LON-4082592-0|qp62
2.5,50.0,62.0,3.0,13,1.39,0.48,1.1042210535580306,45446,0.3787166666666701,248,252,1.0161290322580645,LON-4082592-0|qp62
2.5,50.0,62.0,3.0,25,1.39,0.48,1.072030690978076,46398,0.3866499999999986,248,250,1.0080645161290325,LON-4082592-0|qp62
2.5,50.0,50.0,3.0,7,1.39,0.48,1.1286732204362615,13936,0.1161333333333329,200,193,0.965,SIN-1105987650-1|qp50
2.5,50.0,50.0,3.0,19,1.39,0.48,1.1443951643951655,12987,0.108225000000001,200,173,0.865,SIN-1105987650-1|qp50
2.0,50.0,10.0,3.0,1,1.39,0.48,1.22333207261724,2644,0.0275416666666659,40,41,1.025,SIN-131164229-0|qp10
2.0,50.0,10.0,3.0,13,1.39,0.48,1.2333510840623874,2629,0.0273854166666658,40,41,1.025,SIN-131164229-0|qp10
2.0,50.0,10.0,3.0,25,1.39,0.48,1.2237888675623712,2605,0.0271354166666658,40,40,1.0,SIN-131164229-0|qp10
2.0,50.0,24.0,3.0,7,1.39,0.48,1.1823688247928998,6518,0.0678958333333331,96,95,0.9895833333333334,SIN-131164229-0|qp24
2.0,50.0,24.0,3.0,19,1.39,0.48,1.1931506637851126,6478,0.0674791666666667,96,96,1.0,SIN-131164229-0|qp24
1.8,50.0,22.0,3.0,1,1.39,0.48,1.0791718279950324,16953,0.1962152777777838,88,86,0.9772727272727272,SIN-139715353-1|qp22
1.8,50.0,22.0,3.0,13,1.39,0.48,1.0998042824713243,16299,0.1886458333333407,88,87,0.9886363636363636,SIN-139715353-1|qp22
1.8,50.0,22.0,3.0,25,1.39,0.48,1.0324542612320091,17272,0.1999074074074138,88,87,0.9886363636363636,SIN-139715353-1|qp22
1.8,50.0,9.0,3.0,7,1.39,0.48,1.1560341853535674,6377,0.0738078703703692,36,36,1.0,SIN-139715353-1|qp9
1.8,50.0,9.0,3.0,19,1.39,0.48,1.211862046095191,6031,0.0698032407407405,36,36,1.0,SIN-139715353-1|qp9
3.0,50.0,15.0,3.0,1,1.39,0.48,1.224306239324788,9953,0.069118055555555,60,61,1.0166666666666666,SIN-1464509030-0|qp15
3.0,50.0,15.0,3.0,13,1.39,0.48,1.216641105841982,9911,0.0688263888888879,60,60,1.0,SIN-1464509030-0|qp15
3.0,50.0,15.0,3.0,25,1.39,0.48,1.2382006109979429,9820,0.0681944444444438,60,60,1.0,SIN-1464509030-0|qp15
3.0,50.0,36.0,3.0,7,1.39,0.48,1.1120519371568114,26224,0.1821111111111095,144,145,1.0069444444444444,SIN-1464509030-0|qp36
3.0,50.0,36.0,3.0,19,1.39,0.48,1.174110439338942,24810,0.1722916666666657,144,145,1.0069444444444444,SIN-1464509030-0|qp36
2.0,50.0,10.0,3.0,1,1.39,0.48,1.3076241761774214,6221,0.0648020833333325,40,39,0.975,SIN-166571436-2|qp10
2.0,50.0,10.0,3.0,13,1.39,0.48,1.2864299153339942,6378,0.0664375000000007,40,40,1.0,SIN-166571436-2|qp10
2.0,50.0,10.0,3.0,25,1.39,0.48,1.2917263529788878,6227,0.0648645833333333,40,39,0.975,SIN-166571436-2|qp10
2.0,50.0,24.0,3.0,7,1.39,0.48,1.2425982617719262,15418,0.1606041666666664,96,94,0.9791666666666666,SIN-166571436-2|qp24
2.0,50.0,24.0,3.0,19,1.39,0.48,1.2633601975822426,15386,0.1602708333333344,96,97,1.0104166666666667,SIN-166571436-2|qp24
2.0,50.0,10.0,3.0,1,1.39,0.48,1.2507815845824015,6538,0.068104166666666,40,39,0.975,SIN-166571436-3|qp10
2.0,50.0,10.0,3.0,13,1.39,0.48,1.2460368802902388,6616,0.0689166666666674,40,41,1.025,SIN-166571436-3|qp10
2.0,50.0,10.0,3.0,25,1.39,0.48,1.2297761875760596,6568,0.0684166666666663,40,40,1.0,SIN-166571436-3|qp10
2.0,50.0,24.0,3.0,7,1.39,0.48,1.1817650986342707,16475,0.171614583333334,96,95,0.9895833333333334,SIN-166571436-3|qp24
2.0,50.0,24.0,3.0,19,1.39,0.48,1.200262000732876,16374,0.1705624999999997,96,97,1.0104166666666667,SIN-166571436-3|qp24
1.8,50.0,22.0,3.0,1,1.39,0.48,1.2082943482963804,14792,0.1712037037037097,88,88,1.0,SIN-170969415-0|qp22
1.8,50.0,22.0,3.0,13,1.39,0.48,1.205820611981842,14739,0.1705902777777818,88,87,0.9886363636363636,SIN-170969415-0|qp22
1.8,50.0,22.0,3.0,25,1.39,0.48,1.1755636993603058,15008,0.1737037037037081,88,87,0.9886363636363636,SIN-170969415-0|qp22
1.8,50.0,9.0,3.0,7,1.39,0.48,1.266121487170473,5729,0.0663078703703691,36,36,1.0,SIN-170969415-0|qp9
1.8,50.0,9.0,3.0,19,1.39,0.48,1.3104190096136663,5513,0.0638078703703691,36,36,1.0,SIN-170969415-0|qp9
2.0,50.0,10.0,3.0,1,1.39,0.48,1.2890349628222997,6321,0.0658437499999995,40,40,1.0,SIN-190681368-0|qp10
2.0,50.0,10.0,3.0,13,1.39,0.48,1.2891935483871315,6324,0.0658750000000008,40,41,1.025,SIN-190681368-0|qp10
2.0,50.0,10.0,3.0,25,1.39,0.48,1.274793283700231,6313,0.0657604166666665,40,40,1.0,SIN-190681368-0|qp10
2.0,50.0,24.0,3.0,7,1.39,0.48,1.1845569080949088,16430,0.1711458333333329,96,94,0.9791666666666666,SIN-190681368-0|qp24
2.0,50.0,24.0,3.0,19,1.39,0.48,1.2097873655581832,16178,0.1685208333333313,96,97,1.0104166666666667,SIN-190681368-0|qp24
2.0,50.0,10.0,3.0,1,1.39,0.48,1.2785870584557248,6398,0.0666458333333328,40,40,1.0,SIN-197634752-1|qp10
2.0,50.0,10.0,3.0,13,1.39,0.48,1.273848183793887,6442,0.0671041666666672,40,41,1.025,SIN-197634752-1|qp10
2.0,50.0,10.0,3.0,25,1.39,0.48,1.240620297865741,6513,0.0678437499999995,40,40,1.0,SIN-197634752-1|qp10
2.0,50.0,24.0,3.0,7,1.39,0.48,1.1476620918125775,16904,0.1760833333333321,96,94,0.9791666666666666,SIN-197634752-1|qp24
2.0,50.0,24.0,3.0,19,1.39,0.48,1.2028117134262524,16289,0.1696770833333331,96,98,1.0208333333333333,SIN-197634752-1|qp24
2.0,50.0,10.0,3.0,1,1.39,0.48,1.2825090909090484,6325,0.0658854166666661,40,39,0.975,SIN-198571185-1|qp10
2.0,50.0,10.0,3.0,13,1.39,0.48,1.2550907971683902,6498,0.0676875000000002,40,40,1.0,SIN-198571185-1|qp10
2.0,50.0,10.0,3.0,25,1.39,0.48,1.2650031416901617,6366,0.0663124999999996,40,39,0.975,SIN-198571185-1|qp10
2.0,50.0,24.0,3.0,7,1.39,0.48,1.2095489431303024,15896,0.1655833333333336,96,95,0.9895833333333334,SIN-198571185-1|qp24
2.0,50.0,24.0,3.0,19,1.39,0.48,1.2419000892060996,15694,0.1634791666666669,96,98,1.0208333333333333,SIN-198571185-1|qp24
2.0,50.0,10.0,3.0,1,1.39,0.48,1.2865324242904264,6307,0.0656979166666662,40,39,0.975,SIN-198571185-2|qp10
2.0,50.0,10.0,3.0,13,1.39,0.48,1.2563863216266484,6492,0.0676250000000002,40,41,1.025,SIN-198571185-2|qp10
2.0,50.0,10.0,3.0,25,1.39,0.48,1.2651076536224373,6363,0.0662812499999997,40,39,0.975,SIN-198571185-2|qp10
2.0,50.0,24.0,3.0,7,1.39,0.48,1.1991481297377693,16094,0.1676458333333325,96,95,0.9895833333333334,SIN-198571185-2|qp24
2.0,50.0,24.0,3.0,19,1.39,0.48,1.2406527830849905,15702,0.1635624999999995,96,97,1.0104166666666667,SIN-198571185-2|qp24
2.0,50.0,10.0,3.0,1,1.39,0.48,1.2864106632814534,6302,0.0656458333333328,40,39,0.975,SIN-198571185-3|qp10
2.0,50.0,10.0,3.0,13,1.39,0.48,1.2548261538461865,6500,0.0677083333333335,40,40,1.0,SIN-198571185-3|qp10
2.0,50.0,10.0,3.0,25,1.39,0.48,1.2651272784411622,6364,0.0662916666666663,40,39,0.975,SIN-198571185-3|qp10
2.0,50.0,24.0,3.0,7,1.39,0.48,1.2152231832817515,15839,0.1649895833333329,96,95,0.9895833333333334,SIN-198571185-3|qp24
2.0,50.0,24.0,3.0,19,1.39,0.48,1.2425329428989995,15709,0.163635416666666,96,94,0.9791666666666666,SIN-198571185-3|qp24
2.0,50.0,10.0,3.0,1,1.39,0.48,1.2972060702874968,6260,0.0652083333333325,40,38,0.95,SIN-200167221-1|qp10
2.0,50.0,10.0,3.0,13,1.39,0.48,1.2995876618187956,6257,0.0651770833333343,40,40,1.0,SIN-200167221-1|qp10
2.0,50.0,10.0,3.0,25,1.39,0.48,1.2596180230744505,6414,0.0668124999999995,40,40,1.0,SIN-200167221-1|qp10
2.0,50.0,24.0,3.0,7,1.39,0.48,1.178143439381919,16439,0.1712395833333349,96,97,1.0104166666666667,SIN-200167221-1|qp24
2.0,50.0,24.0,3.0,19,1.39,0.48,1.217647646397807,16018,0.1668541666666634,96,96,1.0,SIN-200167221-1|qp24
2.0,50.0,10.0,3.0,1,1.39,0.48,1.2367366037735397,6625,0.069010416666666,40,40,1.0,SIN-200171267-0|qp10
2.0,50.0,10.0,3.0,13,1.39,0.48,1.19767424905223,6858,0.0714375,40,42,1.05,SIN-200171267-0|qp10
2.0,50.0,10.0,3.0,25,1.39,0.48,1.2073030080703724,6815,0.0709895833333329,40,40,1.0,SIN-200171267-0|qp10
2.0,50.0,24.0,3.0,7,1.39,0.48,1.156993901355886,16889,0.175927083333332,96,97,1.0104166666666667,SIN-200171267-0|qp24
2.0,50.0,24.0,3.0,19,1.39,0.48,1.176995423892118,16608,0.1729999999999983,94,96,1.0212765957446808,SIN-200171267-0|qp24
2.0,50.0,10.0,3.0,1,1.39,0.48,1.219764549089253,6753,0.0703437499999994,40,41,1.025,SIN-200171267-2|qp10
2.0,50.0,10.0,3.0,13,1.39,0.48,1.200970915931152,6911,0.0719895833333339,40,40,1.0,SIN-200171267-2|qp10
2.0,50.0,10.0,3.0,25,1.39,0.48,1.1984130722802282,6793,0.0707604166666663,40,40,1.0,SIN-200171267-2|qp10
2.0,50.0,24.0,3.0,7,1.39,0.48,1.13416922809257,17243,0.1796145833333342,96,94,0.9791666666666666,SIN-200171267-2|qp24
2.0,50.0,24.0,3.0,19,1.39,0.48,1.1742098376256478,16813,0.1751354166666657,96,97,1.0104166666666667,SIN-200171267-2|qp24
2.0,50.0,10.0,3.0,1,1.39,0.48,1.2346039903264423,6616,0.0689166666666662,40,40,1.0,SIN-200171268-0|qp10
2.0,50.0,10.0,3.0,13,1.39,0.48,1.2091745005875725,6808,0.0709166666666665,40,40,1.0,SIN-200171268-0|qp10
2.0,50.0,10.0,3.0,25,1.39,0.48,1.1937453683117785,6747,0.0702812499999995,40,41,1.025,SIN-200171268-0|qp10
2.0,50.0,24.0,3.0,7,1.39,0.48,1.117832703970681,17478,0.1820625000000009,96,95,0.9895833333333334,SIN-200171268-0|qp24
2.0,50.0,24.0,3.0,19,1.39,0.48,1.1451228722477125,17213,0.1793020833333324,96,97,1.0104166666666667,SIN-200171268-0|qp24
2.0,50.0,10.0,3.0,1,1.39,0.48,1.2693197701506054,6439,0.0670729166666659,40,39,0.975,SIN-200171268-4|qp10
2.0,50.0,10.0,3.0,13,1.39,0.48,1.2404232164450106,6616,0.0689166666666675,40,41,1.025,SIN-200171268-4|qp10
2.0,50.0,10.0,3.0,25,1.39,0.48,1.2470642768849742,6472,0.0674166666666661,40,39,0.975,SIN-200171268-4|qp10
2.0,50.0,24.0,3.0,7,1.39,0.48,1.1515067766646858,16970,0.1767708333333345,96,95,0.9895833333333334,SIN-200171268-4|qp24
2.0,50.0,24.0,3.0,19,1.39,0.48,1.1776292537313564,16750,0.1744791666666651,96,97,1.0104166666666667,SIN-200171268-4|qp24
1.8,50.0,27.0,3.0,1,1.39,0.48,1.1314806977704537,19376,0.2242592592592608,108,111,1.0277777777777777,SIN-22811726-0|qp27
1.8,50.0,27.0,3.0,13,1.39,0.48,1.1149027474480495,19691,0.2279050925925934,108,111,1.0277777777777777,SIN-22811726-0|qp27
1.8,50.0,27.0,3.0,25,1.39,0.48,1.1853572398804493,18405,0.2130208333333384,108,108,1.0,SIN-22811726-0|qp27
1.8,50.0,27.0,3.0,7,1.39,0.48,1.098410336332997,19891,0.2302199074074074,108,110,1.0185185185185186,SIN-22811727-0|qp27
1.8,50.0,27.0,3.0,19,1.39,0.48,1.1461116055069598,19103,0.221099537037041,108,107,0.9907407407407408,SIN-22811727-0|qp27
1.8,50.0,27.0,3.0,1,1.39,0.48,1.1528725855041504,5643,0.0653124999999986,108,106,0.9814814814814816,SIN-22811728-0|qp27
1.8,50.0,27.0,3.0,13,1.39,0.48,1.1684157885336648,5599,0.06480324074074,108,110,1.0185185185185186,SIN-22811728-0|qp27
1.8,50.0,27.0,3.0,25,1.39,0.48,1.155678356358484,5646,0.0653472222222214,108,108,1.0,SIN-22811728-0|qp27
1.8,50.0,45.0,3.0,7,1.39,0.48,1.1014377833753048,9925,0.114872685185185,180,180,1.0,SIN-22811728-0|qp45
1.8,50.0,45.0,3.0,19,1.39,0.48,1.0460406915655762,10469,0.121168981481481,180,176,0.9777777777777776,SIN-22811728-0|qp45
1.8,50.0,22.0,3.0,1,1.39,0.48,1.143977308343258,15953,0.18464120370371,88,87,0.9886363636363636,SIN-22928582-0|qp22
1.8,50.0,22.0,3.0,13,1.39,0.48,1.1513803817132924,15771,0.1825347222222283,88,88,1.0,SIN-22928582-0|qp22
1.8,50.0,22.0,3.0,25,1.39,0.48,1.1164025188602325,16039,0.1856365740740798,88,86,0.9772727272727272,SIN-22928582-0|qp22
1.8,50.0,9.0,3.0,7,1.39,0.48,1.209273236651231,6068,0.0702314814814808,36,36,1.0,SIN-22928582-0|qp9
1.8,50.0,9.0,3.0,19,1.39,0.48,1.272403980446951,5728,0.066296296296295,36,36,1.0,SIN-22928582-0|qp9
1.8,50.0,22.0,3.0,1,1.39,0.48,1.2148150652512155,14789,0.1711689814814865,88,90,1.0227272727272727,SIN-22928582-1|qp22
1.8,50.0,22.0,3.0,13,1.39,0.48,1.1399142064092915,15852,0.183472222222229,88,87,0.9886363636363636,SIN-22928582-1|qp22
1.8,50.0,22.0,3.0,25,1.39,0.48,1.1548936859846506,15426,0.1785416666666708,88,87,0.9886363636363636,SIN-22928582-1|qp22
1.8,50.0,9.0,3.0,7,1.39,0.48,1.2175942847648529,6019,0.0696643518518508,36,36,1.0,SIN-22928582-1|qp9
1.8,50.0,9.0,3.0,19,1.39,0.48,1.2480285035629692,5894,0.0682175925925911,36,36,1.0,SIN-22928582-1|qp9
1.8,50.0,22.0,3.0,1,1.39,0.48,1.1344680983504616,16065,0.1859375000000071,88,87,0.9886363636363636,SIN-22928582-2|qp22
1.8,50.0,22.0,3.0,13,1.39,0.48,1.1160867692307783,16250,0.188078703703711,88,87,0.9886363636363636,SIN-22928582-2|qp22
1.8,50.0,22.0,3.0,25,1.39,0.48,1.1137410116538158,16132,0.1867129629629692,88,87,0.9886363636363636,SIN-22928582-2|qp22
1.8,50.0,9.0,3.0,7,1.39,0.48,1.1983482944344144,6127,0.0709143518518514,36,36,1.0,SIN-22928582-2|qp9
1.8,50.0,9.0,3.0,19,1.39,0.48,1.2471594005449829,5872,0.0679629629629624,36,36,1.0,SIN-22928582-2|qp9
3.0,50.0,15.0,3.0,1,1.39,0.48,0.9707452926809748,12693,0.088145833333333,60,60,1.0,SIN-546209379-0|qp15
3.0,50.0,15.0,3.0,13,1.39,0.48,0.9523735228237972,12947,0.0899097222222219,60,58,0.9666666666666668,SIN-546209379-0|qp15
3.0,50.0,15.0,3.0,25,1.39,0.48,0.9363290468985952,13220,0.0918055555555553,60,59,0.9833333333333332,SIN-546209379-0|qp15
3.0,50.0,36.0,3.0,7,1.39,0.48,0.7823227908454957,37752,0.2621666666666647,144,140,0.9722222222222222,SIN-546209379-0|qp36
3.0,50.0,36.0,3.0,19,1.39,0.48,0.8675934088690253,33803,0.2347430555555556,144,145,1.0069444444444444,SIN-546209379-0|qp36
3.0,50.0,15.0,3.0,1,1.39,0.48,1.274909947643934,9550,0.0663194444444437,60,58,0.9666666666666668,SIN-546209379-1|qp15
3.0,50.0,15.0,3.0,13,1.39,0.48,1.2719130991779524,9367,0.0650486111111104,60,61,1.0166666666666666,SIN-546209379-1|qp15
3.0,50.0,15.0,3.0,25,1.39,0.48,1.304080973403646,9287,0.0644930555555546,60,59,0.9833333333333332,SIN-546209379-1|qp15
3.0,50.0,36.0,3.0,7,1.39,0.48,1.1955499566313026,24211,0.1681319444444435,144,141,0.9791666666666666,SIN-546209379-1|qp36
3.0,50.0,36.0,3.0,19,1.39,0.48,1.2597374027215915,23001,0.159729166666666,144,144,1.0,SIN-546209379-1|qp36
3.0,50.0,15.0,3.0,1,1.39,0.48,1.2890298349555156,9452,0.0656388888888882,60,58,0.9666666666666668,SIN-546209379-2|qp15
3.0,50.0,15.0,3.0,13,1.39,0.48,1.2803120308813951,9326,0.0647638888888882,60,61,1.0166666666666666,SIN-546209379-2|qp15
3.0,50.0,15.0,3.0,25,1.39,0.48,1.302423524342917,9284,0.0644722222222214,60,59,0.9833333333333332,SIN-546209379-2|qp15
3.0,50.0,36.0,3.0,7,1.39,0.48,1.1679197802641423,24757,0.1719236111111099,144,141,0.9791666666666666,SIN-546209379-2|qp36
3.0,50.0,36.0,3.0,19,1.39,0.48,1.2680967586719534,22861,0.1587569444444429,144,145,1.0069444444444444,SIN-546209379-2|qp36
1.8,50.0,22.0,3.0,1,1.39,0.48,1.1844916991864656,15119,0.174988425925931,88,90,1.0227272727272727,SIN-74587409-1|qp22
1.8,50.0,22.0,3.0,13,1.39,0.48,1.175487008747902,15318,0.1772916666666725,88,88,1.0,SIN-74587409-1|qp22
1.8,50.0,22.0,3.0,25,1.39,0.48,1.194353459972802,14740,0.1706018518518575,88,86,0.9772727272727272,SIN-74587409-1|qp22
1.8,50.0,9.0,3.0,7,1.39,0.48,1.2531049991350351,5781,0.0669097222222212,36,36,1.0,SIN-74587409-1|qp9
1.8,50.0,9.0,3.0,19,1.39,0.48,1.3213256746900357,5484,0.0634722222222214,36,36,1.0,SIN-74587409-1|qp9
1.8,50.0,22.0,3.0,1,1.39,0.48,1.162647665720961,15508,0.179490740740746,88,90,1.0227272727272727,SIN-74587409-2|qp22
1.8,50.0,22.0,3.0,13,1.39,0.48,1.174129356480892,15322,0.1773379629629687,88,87,0.9886363636363636,SIN-74587409-2|qp22
1.8,50.0,22.0,3.0,25,1.39,0.48,1.158361574556776,15344,0.1775925925925991,88,86,0.9772727272727272,SIN-74587409-2|qp22
1.8,50.0,9.0,3.0,7,1.39,0.48,1.2547098562271994,5773,0.0668171296296286,36,36,1.0,SIN-74587409-2|qp9
1.8,50.0,9.0,3.0,19,1.39,0.48,1.336384515651076,5399,0.0624884259259252,36,36,1.0,SIN-74587409-2|qp9
2.5,50.0,12.0,3.0,1,1.39,0.48,1.3185018050541593,7202,0.0600166666666679,48,46,0.9583333333333334,TYO-1323228545-3|qp12
2.5,50.0,12.0,3.0,13,1.39,0.48,1.2971453613807586,7416,0.0618000000000008,48,49,1.0208333333333333,TYO-1323228545-3|qp12
2.5,50.0,12.0,3.0,25,1.39,0.48,1.3044714014637917,7378,0.0614833333333347,48,48,1.0,TYO-1323228545-3|qp12
2.5,50.0,30.0,3.0,7,1.39,0.48,1.2280849747343887,19394,0.161616666666668,120,117,0.975,TYO-1323228545-3|qp30
2.5,50.0,30.0,3.0,19,1.39,0.48,1.278988937347027,18802,0.1566833333333342,120,120,1.0,TYO-1323228545-3|qp30
2.5,50.0,50.0,3.0,8,1.39,0.48,0.9979667525643816,39582,0.3298499999999981,198,194,0.9797979797979798,AMS-1073074102-0|qp50
2.5,50.0,50.0,3.0,20,1.39,0.48,1.065172332636042,38240,0.3186666666666651,198,192,0.9696969696969696,AMS-1073074102-0|qp50
1.2,50.0,14.0,3.0,2,1.39,0.48,1.2011106341881823,9319,0.161788194444445,56,58,1.0357142857142858,AMS-244428233-0|qp14
1.2,50.0,14.0,3.0,14,1.39,0.48,1.233574328030747,9115,0.1582465277777784,56,58,1.0357142857142858,AMS-244428233-0|qp14
1.2,50.0,14.0,3.0,26,1.39,0.48,1.242814895947404,9130,0.1585069444444458,56,57,1.0178571428571428,AMS-244428233-0|qp14
1.2,50.0,6.0,3.0,8,1.39,0.48,1.2775771847200672,3822,0.0663541666666666,24,25,1.0416666666666667,AMS-244428233-0|qp6
1.2,50.0,6.0,3.0,20,1.39,0.48,1.309400376445263,3719,0.0645659722222221,24,24,1.0,AMS-244428233-0|qp6
2.5,50.0,12.0,3.0,2,1.39,0.48,1.22019573400252,3985,0.0332083333333338,48,48,1.0,AMS-4480498-0|qp12
2.5,50.0,12.0,3.0,14,1.39,0.48,1.249564549180345,3904,0.0325333333333337,48,48,1.0,AMS-4480498-0|qp12
2.5,50.0,12.0,3.0,26,1.39,0.48,1.245354609929072,3948,0.0329000000000004,48,48,1.0,AMS-4480498-0|qp12
2.5,50.0,30.0,3.0,8,1.39,0.48,1.1785216138328345,10410,0.0867500000000006,120,120,1.0,AMS-4480498-0|qp30
2.5,50.0,30.0,3.0,20,1.39,0.48,1.2221299638988976,9972,0.083100000000001,120,122,1.0166666666666666,AMS-4480498-0|qp30
3.6,50.0,18.0,3.0,2,1.39,0.48,1.2170895205770558,11785,0.068200231481482,72,74,1.0277777777777777,AMS-4480626-0|qp18
3.6,50.0,18.0,3.0,14,1.39,0.48,1.197895627167353,11823,0.0684201388888894,72,72,1.0,AMS-4480626-0|qp18
3.6,50.0,18.0,3.0,26,1.39,0.48,1.2055987412825604,11758,0.0680439814814818,72,73,1.0138888888888888,AMS-4480626-0|qp18
3.6,50.0,43.0,3.0,8,1.39,0.48,1.0305752662439407,33428,0.1934490740740731,172,174,1.0116279069767442,AMS-4480626-0|qp43
3.6,50.0,43.0,3.0,20,1.39,0.48,1.0339683935937654,32968,0.1907870370370354,172,170,0.9883720930232558,AMS-4480626-0|qp43
3.6,50.0,18.0,3.0,2,1.39,0.48,1.3092281396186185,11116,0.0643287037037038,72,73,1.0138888888888888,AMS-4480644-0|qp18
3.6,50.0,18.0,3.0,14,1.39,0.48,1.3092693855156907,10936,0.0632870370370363,72,73,1.0138888888888888,AMS-4480644-0|qp18
3.6,50.0,18.0,3.0,26,1.39,0.48,1.3121208562912614,11071,0.0640682870370366,72,73,1.0138888888888888,AMS-4480644-0|qp18
3.6,50.0,43.0,3.0,8,1.39,0.48,1.2219925439377253,28165,0.1629918981481485,172,174,1.0116279069767442,AMS-4480644-0|qp43
3.6,50.0,43.0,3.0,20,1.39,0.48,1.2252652684623049,28179,0.1630729166666662,172,170,0.9883720930232558,AMS-4480644-0|qp43
2.5,50.0,12.0,3.0,2,1.39,0.48,1.2480462856411736,7821,0.0651750000000009,48,49,1.0208333333333333,AMS-4495978-0|qp12
2.5,50.0,12.0,3.0,14,1.39,0.48,1.293561257388428,7444,0.0620333333333344,48,46,0.9583333333333334,AMS-4495978-0|qp12
2.5,50.0,12.0,3.0,26,1.39,0.48,1.3039080614721137,7418,0.0618166666666675,48,47,0.9791666666666666,AMS-4495978-0|qp12
2.5,50.0,30.0,3.0,8,1.39,0.48,1.1974657500371166,20219,0.1684916666666682,120,121,1.0083333333333333,AMS-4495978-0|qp30
2.5,50.0,30.0,3.0,20,1.39,0.48,1.2255966225098351,19778,0.1648166666666691,120,123,1.025,AMS-4495978-0|qp30
2.5,50.0,12.0,3.0,2,1.39,0.48,1.1381300484652557,7428,0.0619000000000005,48,50,1.0416666666666667,AMS-4495979-0|qp12
2.5,50.0,12.0,3.0,14,1.39,0.48,1.1564953012714108,7236,0.0603000000000011,48,48,1.0,AMS-4495979-0|qp12
2.5,50.0,12.0,3.0,26,1.39,0.48,1.151566920565826,7352,0.0612666666666678,48,48,1.0,AMS-4495979-0|qp12
2.5,50.0,30.0,3.0,8,1.39,0.48,1.1090861131834429,18766,0.1563833333333344,120,118,0.9833333333333332,AMS-4495979-0|qp30
2.5,50.0,30.0,3.0,20,1.39,0.48,1.1343904138966012,18652,0.1554333333333332,120,120,1.0,AMS-4495979-0|qp30
2.5,50.0,12.0,3.0,2,1.39,0.48,1.0156116859403093,9858,0.0821500000000013,48,47,0.9791666666666666,AMS-4496429-0|qp12
2.5,50.0,12.0,3.0,14,1.39,0.48,1.1266501612159725,8684,0.0723666666666683,48,47,0.9791666666666666,AMS-4496429-0|qp12
2.5,50.0,12.0,3.0,26,1.39,0.48,1.1423808413937886,8581,0.0715083333333342,48,49,1.0208333333333333,AMS-4496429-0|qp12
2.5,50.0,30.0,3.0,8,1.39,0.48,0.9620871559633162,25724,0.2143666666666693,120,120,1.0,AMS-4496429-0|qp30
2.5,50.0,30.0,3.0,20,1.39,0.48,0.9840992654357552,25185,0.209875000000005,120,121,1.0083333333333333,AMS-4496429-0|qp30
2.5,50.0,12.0,3.0,2,1.39,0.48,1.2790255189739048,7563,0.0630250000000006,48,48,1.0,AMS-7370864-0|qp12
2.5,50.0,12.0,3.0,14,1.39,0.48,1.3121416871416034,7326,0.0610500000000012,48,47,0.9791666666666666,AMS-7370864-0|qp12
2.5,50.0,12.0,3.0,26,1.39,0.48,1.322604593929475,7314,0.060950000000001,48,46,0.9583333333333334,AMS-7370864-0|qp12
2.5,50.0,30.0,3.0,8,1.39,0.48,1.1830022507095102,20438,0.1703166666666689,120,121,1.0083333333333333,AMS-7370864-0|qp30
2.5,50.0,30.0,3.0,20,1.39,0.48,1.2749574456837909,18917,0.1576416666666683,120,119,0.9916666666666668,AMS-7370864-0|qp30
4.0,50.0,80.0,3.0,2,1.39,0.48,0.9582574603459368,66954,0.3487187500000003,320,316,0.9875,AMS-7371505-0|qp80
4.0,50.0,80.0,3.0,14,1.39,0.48,1.05879685207423,59976,0.3123749999999991,320,325,1.015625,AMS-7371505-0|qp80
4.0,50.0,80.0,3.0,26,1.39,0.48,1.0124843287619294,62854,0.3273645833333317,320,311,0.971875,AMS-7371505-0|qp80
4.0,50.0,100.0,3.0,8,1.39,0.48,0.8318321290295628,96598,0.5031145833333333,400,391,0.9775,AMS-7371505-3|qp100
4.0,50.0,100.0,3.0,20,1.39,0.48,0.9138650548214896,88925,0.4631510416666687,400,385,0.9625,AMS-7371505-3|qp100
4.0,50.0,60.0,3.0,2,1.39,0.48,1.097843352548084,43716,0.2276874999999996,240,238,0.9916666666666668,AMS-7371505-3|qp60
4.0,50.0,60.0,3.0,14,1.39,0.48,1.115307598124317,43287,0.2254531249999991,240,237,0.9875,AMS-7371505-3|qp60
4.0,50.0,60.0,3.0,26,1.39,0.48,1.123804870084496,42874,0.2233020833333358,240,236,0.9833333333333332,AMS-7371505-3|qp60
2.5,50.0,38.0,3.0,8,1.39,0.48,1.219372499306764,25243,0.2103583333333371,152,151,0.993421052631579,LON-4082553-0|qp38
2.5,50.0,38.0,3.0,20,1.39,0.48,1.2285760387252302,24790,0.2065833333333368,152,152,1.0,LON-4082553-0|qp38
2.5,50.0,62.0,3.0,2,1.39,0.48,1.0744483761721055,46064,0.3838666666666669,248,247,0.995967741935484,LON-4082553-0|qp62
2.5,50.0,62.0,3.0,14,1.39,0.48,1.0934334189085335,44795,0.3732916666666703,248,241,0.9717741935483872,LON-4082553-0|qp62
2.5,50.0,62.0,3.0,26,1.39,0.48,0.9862849436964344,50796,0.4232999999999997,248,245,0.9879032258064516,LON-4082553-0|qp62
2.5,50.0,38.0,3.0,8,1.39,0.48,1.219464321169058,25183,0.2098583333333358,152,151,0.993421052631579,LON-4082554-0|qp38
2.5,50.0,38.0,3.0,20,1.39,0.48,1.2385473495643438,24562,0.2046833333333371,152,153,1.006578947368421,LON-4082554-0|qp38
2.5,50.0,62.0,3.0,2,1.39,0.48,1.007071586076412,50792,0.4232666666666661,248,251,1.0120967741935485,LON-4082554-0|qp62
2.5,50.0,62.0,3.0,14,1.39,0.48,1.102021479545075,42459,0.3538250000000005,180,210,1.1666666666666667,LON-4082554-0|qp62
2.5,50.0,62.0,3.0,26,1.39,0.48,1.0920568510564543,45628,0.3802333333333316,248,244,0.9838709677419356,LON-4082554-0|qp62
2.5,50.0,38.0,3.0,8,1.39,0.48,1.2081326482585597,25496,0.212466666666669,152,152,1.0,LON-4082592-0|qp38
2.5,50.0,38.0,3.0,20,1.39,0.48,1.228732337505002,24770,0.2064166666666713,152,151,0.993421052631579,LON-4082592-0|qp38
2.5,50.0,62.0,3.0,2,1.39,0.48,1.081882407366502,45394,0.3782833333333367,248,246,0.9919354838709676,LON-4082592-0|qp62
2.5,50.0,62.0,3.0,14,1.39,0.48,1.1292141369320368,44168,0.3680666666666695,248,247,0.995967741935484,LON-4082592-0|qp62
2.5,50.0,62.0,3.0,26,1.39,0.48,1.097051304693419,45298,0.3774833333333315,248,242,0.9758064516129032,LON-4082592-0|qp62
2.5,50.0,50.0,3.0,8,1.39,0.48,1.1302418012017594,13813,0.115108333333333,200,195,0.975,SIN-1105987650-1|qp50
2.5,50.0,50.0,3.0,20,1.39,0.48,1.1636704856361075,11696,0.0974666666666668,150,165,1.1,SIN-1105987650-1|qp50
2.0,50.0,10.0,3.0,2,1.39,0.48,1.2077095808383176,2672,0.0278333333333326,40,40,1.0,SIN-131164229-0|qp10
2.0,50.0,10.0,3.0,14,1.39,0.48,1.237754548974071,2583,0.0269062499999992,40,40,1.0,SIN-131164229-0|qp10
2.0,50.0,10.0,3.0,26,1.39,0.48,1.2200037878787875,2640,0.0274999999999992,40,40,1.0,SIN-131164229-0|qp10
2.0,50.0,24.0,3.0,8,1.39,0.48,1.173285083041303,6563,0.0683645833333332,96,94,0.9791666666666666,SIN-131164229-0|qp24
2.0,50.0,24.0,3.0,20,1.39,0.48,1.2140106700141022,6373,0.0663854166666661,96,97,1.0104166666666667,SIN-131164229-0|qp24
1.8,50.0,22.0,3.0,2,1.39,0.48,1.1033662935323671,16080,0.1861111111111179,88,89,1.0113636363636365,SIN-139715353-1|qp22
1.8,50.0,22.0,3.0,14,1.39,0.48,1.1053003058103974,16350,0.1892361111111172,88,89,1.0113636363636365,SIN-139715353-1|qp22
1.8,50.0,22.0,3.0,26,1.39,0.48,1.10054733091713,16279,0.1884143518518585,88,87,0.9886363636363636,SIN-139715353-1|qp22
1.8,50.0,9.0,3.0,8,1.39,0.48,1.1979690272624446,6199,0.0717476851851849,36,35,0.9722222222222222,SIN-139715353-1|qp9
1.8,50.0,9.0,3.0,20,1.39,0.48,1.216179379714984,5965,0.0690393518518507,36,37,1.0277777777777777,SIN-139715353-1|qp9
3.0,50.0,15.0,3.0,2,1.39,0.48,1.2002464268112512,10145,0.0704513888888883,60,60,1.0,SIN-1464509030-0|qp15
3.0,50.0,15.0,3.0,14,1.39,0.48,1.2287264437690448,9870,0.0685416666666653,60,59,0.9833333333333332,SIN-1464509030-0|qp15
3.0,50.0,15.0,3.0,26,1.39,0.48,1.2584133110786608,9586,0.0665694444444433,60,60,1.0,SIN-1464509030-0|qp15
3.0,50.0,36.0,3.0,8,1.39,0.48,1.1481595669569586,25494,0.1770416666666668,144,147,1.0208333333333333,SIN-1464509030-0|qp36
3.0,50.0,36.0,3.0,20,1.39,0.48,1.1565921433384565,25227,0.1751874999999994,144,144,1.0,SIN-1464509030-0|qp36
2.0,50.0,10.0,3.0,2,1.39,0.48,1.3259286898839324,6030,0.0628124999999989,40,40,1.0,SIN-166571436-2|qp10
2.0,50.0,10.0,3.0,14,1.39,0.48,1.32009829619919,6104,0.0635833333333329,40,40,1.0,SIN-166571436-2|qp10
2.0,50.0,10.0,3.0,26,1.39,0.48,1.3217166167166177,6006,0.0625624999999996,40,40,1.0,SIN-166571436-2|qp10
2.0,50.0,24.0,3.0,8,1.39,0.48,1.250474731007424,15335,0.1597395833333345,96,93,0.96875,SIN-166571436-2|qp24
2.0,50.0,24.0,3.0,20,1.39,0.48,1.2974853958235089,14893,0.1551354166666664,96,96,1.0,SIN-166571436-2|qp24
2.0,50.0,10.0,3.0,2,1.39,0.48,1.252566604708813,6456,0.0672499999999994,40,41,1.025,SIN-166571436-3|qp10
2.0,50.0,10.0,3.0,14,1.39,0.48,1.2537611435597706,6506,0.0677708333333329,40,40,1.0,SIN-166571436-3|qp10
2.0,50.0,10.0,3.0,26,1.39,0.48,1.2780520102105954,6268,0.0652916666666663,40,41,1.025,SIN-166571436-3|qp10
2.0,50.0,24.0,3.0,8,1.39,0.48,1.184911841864374,16391,0.1707395833333336,96,93,0.96875,SIN-166571436-3|qp24
2.0,50.0,24.0,3.0,20,1.39,0.48,1.2042858025072396,16193,0.1686770833333311,96,96,1.0,SIN-166571436-3|qp24
1.8,50.0,22.0,3.0,2,1.39,0.48,1.224983502983546,14245,0.1648726851851897,88,87,0.9886363636363636,SIN-170969415-0|qp22
1.8,50.0,22.0,3.0,14,1.39,0.48,1.2433365935447878,14314,0.1656712962963031,88,89,1.0113636363636365,SIN-170969415-0|qp22
1.8,50.0,22.0,3.0,26,1.39,0.48,1.219729655362176,14537,0.1682523148148196,88,87,0.9886363636363636,SIN-170969415-0|qp22
1.8,50.0,9.0,3.0,8,1.39,0.48,1.2810687554394913,5745,0.0664930555555552,36,35,0.9722222222222222,SIN-170969415-0|qp9
1.8,50.0,9.0,3.0,20,1.39,0.48,1.3328964757708976,5448,0.0630555555555552,36,36,1.0,SIN-170969415-0|qp9
2.0,50.0,10.0,3.0,2,1.39,0.48,1.3011294002607725,6136,0.0639166666666652,40,40,1.0,SIN-190681368-0|qp10
2.0,50.0,10.0,3.0,14,1.39,0.48,1.27968173940442,6347,0.066114583333333,40,40,1.0,SIN-190681368-0|qp10
2.0,50.0,10.0,3.0,26,1.39,0.48,1.3042141566759726,6089,0.063427083333333,40,41,1.025,SIN-190681368-0|qp10
2.0,50.0,24.0,3.0,8,1.39,0.48,1.1658826364621464,16598,0.1728958333333329,96,93,0.96875,SIN-190681368-0|qp24
2.0,50.0,24.0,3.0,20,1.39,0.48,1.2088650382432593,16212,0.1688749999999991,96,96,1.0,SIN-190681368-0|qp24
2.0,50.0,10.0,3.0,2,1.39,0.48,1.292571566420089,6218,0.064770833333332,40,40,1.0,SIN-197634752-1|qp10
2.0,50.0,10.0,3.0,14,1.39,0.48,1.2919763351454852,6254,0.0651458333333331,40,40,1.0,SIN-197634752-1|qp10
2.0,50.0,10.0,3.0,26,1.39,0.48,1.2822518778967569,6257,0.065177083333333,40,41,1.025,SIN-197634752-1|qp10
2.0,50.0,24.0,3.0,8,1.39,0.48,1.1538175455245747,16859,0.1756145833333332,96,93,0.96875,SIN-197634752-1|qp24
2.0,50.0,24.0,3.0,20,1.39,0.48,1.2153766396002263,16010,0.1667708333333321,96,96,1.0,SIN-197634752-1|qp24
2.0,50.0,10.0,3.0,2,1.39,0.48,1.2841122986122349,6269,0.0653020833333322,40,40,1.0,SIN-198571185-1|qp10
2.0,50.0,10.0,3.0,14,1.39,0.48,1.2963523931898246,6226,0.0648541666666665,40,40,1.0,SIN-198571185-1|qp10
2.0,50.0,10.0,3.0,26,1.39,0.48,1.2830445266034418,6221,0.0648020833333328,40,41,1.025,SIN-198571185-1|qp10
2.0,50.0,24.0,3.0,8,1.39,0.48,1.1606033600288117,16607,0.172989583333334,96,93,0.96875,SIN-198571185-1|qp24
2.0,50.0,24.0,3.0,20,1.39,0.48,1.2571874390481472,15381,0.1602187500000002,96,96,1.0,SIN-198571185-1|qp24
2.0,50.0,10.0,3.0,2,1.39,0.48,1.3033766867176229,6151,0.0640729166666656,40,40,1.0,SIN-198571185-2|qp10
2.0,50.0,10.0,3.0,14,1.39,0.48,1.3000370072405227,6215,0.0647395833333328,40,40,1.0,SIN-198571185-2|qp10
2.0,50.0,10.0,3.0,26,1.39,0.48,1.293158917868139,6173,0.0643020833333327,40,41,1.025,SIN-198571185-2|qp10
2.0,50.0,24.0,3.0,8,1.39,0.48,1.1891570339399,16264,0.1694166666666672,96,93,0.96875,SIN-198571185-2|qp24
2.0,50.0,24.0,3.0,20,1.39,0.48,1.2507307617755068,15477,0.1612187500000005,96,96,1.0,SIN-198571185-2|qp24
2.0,50.0,10.0,3.0,2,1.39,0.48,1.3039121236778022,6145,0.0640104166666655,40,40,1.0,SIN-198571185-3|qp10
2.0,50.0,10.0,3.0,14,1.39,0.48,1.3008526756930787,6204,0.0646249999999994,40,40,1.0,SIN-198571185-3|qp10
2.0,50.0,10.0,3.0,26,1.39,0.48,1.2790139044270432,6257,0.0651770833333326,40,41,1.025,SIN-198571185-3|qp10
2.0,50.0,24.0,3.0,8,1.39,0.48,1.1721536126289125,16470,0.1715625,96,93,0.96875,SIN-198571185-3|qp24
2.0,50.0,24.0,3.0,20,1.39,0.48,1.257618180635912,15379,0.1601979166666666,96,96,1.0,SIN-198571185-3|qp24
2.0,50.0,10.0,3.0,2,1.39,0.48,1.287457763475479,6215,0.0647395833333321,40,40,1.0,SIN-200167221-1|qp10
2.0,50.0,10.0,3.0,14,1.39,0.48,1.2936344672657023,6232,0.0649166666666665,40,40,1.0,SIN-200167221-1|qp10
2.0,50.0,10.0,3.0,26,1.39,0.48,1.2863371437771671,6211,0.0646979166666663,40,41,1.025,SIN-200167221-1|qp10
2.0,50.0,24.0,3.0,8,1.39,0.48,1.1765765490243147,16349,0.1703020833333321,96,93,0.96875,SIN-200167221-1|qp24
2.0,50.0,24.0,3.0,20,1.39,0.48,1.2405472731905918,15696,0.1634999999999989,96,96,1.0,SIN-200167221-1|qp24
2.0,50.0,10.0,3.0,2,1.39,0.48,1.1900587285273976,6811,0.0709479166666654,40,40,1.0,SIN-200171267-0|qp10
2.0,50.0,10.0,3.0,14,1.39,0.48,1.1961523781561814,6812,0.0709583333333332,40,41,1.025,SIN-200171267-0|qp10
2.0,50.0,10.0,3.0,26,1.39,0.48,1.2280976508521513,6513,0.0678437499999998,40,41,1.025,SIN-200171267-0|qp10
2.0,50.0,24.0,3.0,8,1.39,0.48,1.1149354180828883,17652,0.1838749999999988,96,94,0.9791666666666666,SIN-200171267-0|qp24
2.0,50.0,24.0,3.0,20,1.39,0.48,1.1981647619629516,16363,0.1704479166666657,96,95,0.9895833333333334,SIN-200171267-0|qp24
2.0,50.0,10.0,3.0,2,1.39,0.48,1.218857314689537,6651,0.069281249999999,40,40,1.0,SIN-200171267-2|qp10
2.0,50.0,10.0,3.0,14,1.39,0.48,1.217514801657763,6756,0.0703749999999997,40,40,1.0,SIN-200171267-2|qp10
2.0,50.0,10.0,3.0,26,1.39,0.48,1.2359807368903797,6541,0.068135416666667,40,41,1.025,SIN-200171267-2|qp10
2.0,50.0,24.0,3.0,8,1.39,0.48,1.134331313131255,17325,0.1804687500000009,96,93,0.96875,SIN-200171267-2|qp24
2.0,50.0,24.0,3.0,20,1.39,0.48,1.1645838472834094,17025,0.1773437499999996,96,95,0.9895833333333334,SIN-200171267-2|qp24
2.0,50.0,10.0,3.0,2,1.39,0.48,1.230545565376423,6562,0.0683541666666658,40,41,1.025,SIN-200171268-0|qp10
2.0,50.0,10.0,3.0,14,1.39,0.48,1.2406709362610362,6558,0.0683124999999994,40,40,1.0,SIN-200171268-0|qp10
2.0,50.0,10.0,3.0,26,1.39,0.48,1.2326383763837674,6504,0.0677499999999999,40,41,1.025,SIN-200171268-0|qp10
2.0,50.0,24.0,3.0,8,1.39,0.48,1.1318443453586768,17269,0.1798854166666667,96,93,0.96875,SIN-200171268-0|qp24
2.0,50.0,24.0,3.0,20,1.39,0.48,1.1669526505100365,16959,0.1766562499999994,96,96,1.0,SIN-200171268-0|qp24
2.0,50.0,10.0,3.0,2,1.39,0.48,1.2908742553534227,6211,0.0646979166666656,40,40,1.0,SIN-200171268-4|qp10
2.0,50.0,10.0,3.0,14,1.39,0.48,1.274538606402986,6372,0.0663749999999994,40,40,1.0,SIN-200171268-4|qp10
2.0,50.0,10.0,3.0,26,1.39,0.48,1.2459857958931595,6477,0.0674687500000002,40,41,1.025,SIN-200171268-4|qp10
2.0,50.0,24.0,3.0,8,1.39,0.48,1.126838480082616,17422,0.1814791666666671,96,93,0.96875,SIN-200171268-4|qp24
2.0,50.0,24.0,3.0,20,1.39,0.48,1.2028933081193,16393,0.1707604166666661,96,96,1.0,SIN-200171268-4|qp24
1.8,50.0,27.0,3.0,2,1.39,0.48,1.152699788583578,18920,0.2189814814814859,108,110,1.0185185185185186,SIN-22811726-0|qp27
1.8,50.0,27.0,3.0,14,1.39,0.48,1.1426660376369626,19077,0.220798611111114,108,107,0.9907407407407408,SIN-22811726-0|qp27
1.8,50.0,27.0,3.0,26,1.39,0.48,1.1699653904391056,18492,0.2140277777777815,108,106,0.9814814814814816,SIN-22811726-0|qp27
1.8,50.0,27.0,3.0,8,1.39,0.48,1.0776398967515686,20533,0.2376504629629634,108,106,0.9814814814814816,SIN-22811727-0|qp27
1.8,50.0,27.0,3.0,20,1.39,0.48,1.1408904535100457,19316,0.2235648148148174,108,108,1.0,SIN-22811727-0|qp27
1.8,50.0,27.0,3.0,2,1.39,0.48,1.1577595725734673,5615,0.0649884259259251,108,107,0.9907407407407408,SIN-22811728-0|qp27
1.8,50.0,27.0,3.0,14,1.39,0.48,1.1804844855743184,5511,0.0637847222222215,108,107,0.9907407407407408,SIN-22811728-0|qp27
1.8,50.0,27.0,3.0,26,1.39,0.48,1.1788888888888776,5553,0.0642708333333324,108,107,0.9907407407407408,SIN-22811728-0|qp27
1.8,50.0,45.0,3.0,8,1.39,0.48,1.096667336279633,9956,0.1152314814814816,180,178,0.9888888888888888,SIN-22811728-0|qp45
1.8,50.0,45.0,3.0,20,1.39,0.48,1.1101660857084057,9754,0.1128935185185185,180,183,1.0166666666666666,SIN-22811728-0|qp45
1.8,50.0,22.0,3.0,2,1.39,0.48,1.148377592556732,15477,0.1791319444444504,88,88,1.0,SIN-22928582-0|qp22
1.8,50.0,22.0,3.0,14,1.39,0.48,1.1701943072524157,15388,0.1781018518518586,88,88,1.0,SIN-22928582-0|qp22
1.8,50.0,22.0,3.0,26,1.39,0.48,1.139996845624876,15851,0.1834606481481544,88,87,0.9886363636363636,SIN-22928582-0|qp22
1.8,50.0,9.0,3.0,8,1.39,0.48,1.2275692256673674,6031,0.0698032407407402,36,35,0.9722222222222222,SIN-22928582-0|qp9
1.8,50.0,9.0,3.0,20,1.39,0.48,1.2672525008623443,5798,0.0671064814814808,36,37,1.0277777777777777,SIN-22928582-0|qp9
1.8,50.0,22.0,3.0,2,1.39,0.48,1.1703875917719897,15119,0.1749884259259328,88,88,1.0,SIN-22928582-1|qp22
1.8,50.0,22.0,3.0,14,1.39,0.48,1.1531293817718349,15690,0.1815972222222281,88,89,1.0113636363636365,SIN-22928582-1|qp22
1.8,50.0,22.0,3.0,26,1.39,0.48,1.1404696325442651,15757,0.1823726851851913,88,87,0.9886363636363636,SIN-22928582-1|qp22
1.8,50.0,9.0,3.0,8,1.39,0.48,1.2038970946274763,6161,0.0713078703703701,36,37,1.0277777777777777,SIN-22928582-1|qp9
1.8,50.0,9.0,3.0,20,1.39,0.48,1.3196745189713772,5561,0.0643634259259255,36,37,1.0277777777777777,SIN-22928582-1|qp9
1.8,50.0,22.0,3.0,2,1.39,0.48,1.121679220203842,15799,0.1828587962963025,88,89,1.0113636363636365,SIN-22928582-2|qp22
1.8,50.0,22.0,3.0,14,1.39,0.48,1.163205673758861,15510,0.1795138888888946,88,88,1.0,SIN-22928582-2|qp22
1.8,50.0,22.0,3.0,26,1.39,0.48,1.1466362067863805,15649,0.1811226851851913,88,88,1.0,SIN-22928582-2|qp22
1.8,50.0,9.0,3.0,8,1.39,0.48,1.2016090274395037,6159,0.0712847222222217,36,36,1.0,SIN-22928582-2|qp9
1.8,50.0,9.0,3.0,20,1.39,0.48,1.272370293250017,5763,0.0667013888888887,36,37,1.0277777777777777,SIN-22928582-2|qp9
3.0,50.0,15.0,3.0,2,1.39,0.48,0.9651294774383417,12898,0.0895694444444438,60,59,0.9833333333333332,SIN-546209379-0|qp15
3.0,50.0,15.0,3.0,14,1.39,0.48,0.9739952267303514,12570,0.0872916666666676,60,63,1.05,SIN-546209379-0|qp15
3.0,50.0,15.0,3.0,26,1.39,0.48,0.9804773629864798,12590,0.0874305555555559,60,58,0.9666666666666668,SIN-546209379-0|qp15
3.0,50.0,36.0,3.0,8,1.39,0.48,0.8234362246994138,36511,0.2535486111111097,144,144,1.0,SIN-546209379-0|qp36
3.0,50.0,36.0,3.0,20,1.39,0.48,0.8232664772410627,35898,0.2492916666666671,144,147,1.0208333333333333,SIN-546209379-0|qp36
3.0,50.0,15.0,3.0,2,1.39,0.48,1.2830109702843715,9389,0.0652013888888878,60,60,1.0,SIN-546209379-1|qp15
3.0,50.0,15.0,3.0,14,1.39,0.48,1.3126909569798804,9112,0.0632777777777768,60,61,1.0166666666666666,SIN-546209379-1|qp15
3.0,50.0,15.0,3.0,26,1.39,0.48,1.3227707670360984,9113,0.063284722222221,60,58,0.9666666666666668,SIN-546209379-1|qp15
3.0,50.0,36.0,3.0,8,1.39,0.48,1.209904037886409,24072,0.1671666666666639,144,145,1.0069444444444444,SIN-546209379-1|qp36
3.0,50.0,36.0,3.0,20,1.39,0.48,1.2620463727384497,22772,0.1581388888888889,144,143,0.9930555555555556,SIN-546209379-1|qp36
3.0,50.0,15.0,3.0,2,1.39,0.48,1.2845408054549343,9386,0.0651805555555544,60,60,1.0,SIN-546209379-2|qp15
3.0,50.0,15.0,3.0,14,1.39,0.48,1.3106207724198828,9166,0.063652777777777,60,60,1.0,SIN-546209379-2|qp15
3.0,50.0,15.0,3.0,26,1.39,0.48,1.3229118227681491,9118,0.0633194444444432,60,59,0.9833333333333332,SIN-546209379-2|qp15
3.0,50.0,36.0,3.0,8,1.39,0.48,1.2082803288218216,24086,0.1672638888888875,144,146,1.0138888888888888,SIN-546209379-2|qp36
3.0,50.0,36.0,3.0,20,1.39,0.48,1.2515038476587903,23001,0.1597291666666662,144,144,1.0,SIN-546209379-2|qp36
1.8,50.0,22.0,3.0,2,1.39,0.48,1.2013266352265934,14631,0.169340277777785,88,88,1.0,SIN-74587409-1|qp22
1.8,50.0,22.0,3.0,14,1.39,0.48,1.1844510819062846,15066,0.1743750000000062,88,88,1.0,SIN-74587409-1|qp22
1.8,50.0,22.0,3.0,26,1.39,0.48,1.1849591590787385,14936,0.1728703703703744,88,87,0.9886363636363636,SIN-74587409-1|qp22
1.8,50.0,9.0,3.0,8,1.39,0.48,1.2666198891198728,5772,0.0668055555555549,36,37,1.0277777777777777,SIN-74587409-1|qp9
1.8,50.0,9.0,3.0,20,1.39,0.48,1.3016663670681028,5563,0.0643865740740737,36,36,1.0,SIN-74587409-1|qp9
1.8,50.0,22.0,3.0,2,1.39,0.48,1.2071420731289388,14577,0.1687152777777846,88,89,1.0113636363636365,SIN-74587409-2|qp22
1.8,50.0,22.0,3.0,14,1.39,0.48,1.1827263157894743,15200,0.1759259259259318,88,88,1.0,SIN-74587409-2|qp22
1.8,50.0,22.0,3.0,26,1.39,0.48,1.1906078986386337,14838,0.1717361111111165,88,87,0.9886363636363636,SIN-74587409-2|qp22
1.8,50.0,9.0,3.0,8,1.39,0.48,1.2660536796536637,5775,0.0668402777777773,36,37,1.0277777777777777,SIN-74587409-2|qp9
1.8,50.0,9.0,3.0,20,1.39,0.48,1.3474390924306958,5377,0.0622337962962956,36,36,1.0,SIN-74587409-2|qp9
2.5,50.0,12.0,3.0,2,1.39,0.48,1.2816679968076108,7518,0.0626500000000008,48,49,1.0208333333333333,TYO-1323228545-3|qp12
2.5,50.0,12.0,3.0,14,1.39,0.48,1.3283554191657765,7169,0.0597416666666678,48,49,1.0208333333333333,TYO-1323228545-3|qp12
2.5,50.0,12.0,3.0,26,1.39,0.48,1.3289729431253785,7244,0.0603666666666677,48,47,0.9791666666666666,TYO-1323228545-3|qp12
2.5,50.0,30.0,3.0,8,1.39,0.48,1.2189991398067224,19763,0.1646916666666686,120,121,1.0083333333333333,TYO-1323228545-3|qp30
2.5,50.0,30.0,3.0,20,1.39,0.48,1.2577083551187052,19126,0.1593833333333348,120,121,1.0083333333333333,TYO-1323228545-3|qp30
2.5,50.0,50.0,3.0,9,1.39,0.48,1.0714842159552307,36841,0.3070083333333358,200,196,0.98,AMS-1073074102-0|qp50
2.5,50.0,50.0,3.0,21,1.39,0.48,0.9668293331399126,41373,0.3447749999999996,198,193,0.9747474747474748,AMS-1073074102-0|qp50
1.2,50.0,14.0,3.0,3,1.39,0.48,1.2141632653061671,9310,0.1616319444444452,56,57,1.0178571428571428,AMS-244428233-0|qp14
1.2,50.0,14.0,3.0,15,1.39,0.48,1.2448899647887557,9088,0.1577777777777795,56,56,1.0,AMS-244428233-0|qp14
1.2,50.0,14.0,3.0,27,1.39,0.48,1.2422923515231237,9126,0.1584375000000018,56,56,1.0,AMS-244428233-0|qp14
1.2,50.0,6.0,3.0,9,1.39,0.48,1.323334239130425,3680,0.0638888888888888,24,24,1.0,AMS-244428233-0|qp6
1.2,50.0,6.0,3.0,21,1.39,0.48,1.285476890195071,3743,0.064982638888889,24,24,1.0,AMS-244428233-0|qp6
2.5,50.0,12.0,3.0,3,1.39,0.48,1.2392153846153766,3900,0.0325000000000004,48,47,0.9791666666666666,AMS-4480498-0|qp12
2.5,50.0,12.0,3.0,15,1.39,0.48,1.25832558139535,3870,0.0322500000000004,48,48,1.0,AMS-4480498-0|qp12
2.5,50.0,12.0,3.0,27,1.39,0.48,1.2606262939958597,3864,0.0322000000000004,48,48,1.0,AMS-4480498-0|qp12
2.5,50.0,30.0,3.0,9,1.39,0.48,1.2098000000000049,10050,0.0837500000000008,120,119,0.9916666666666668,AMS-4480498-0|qp30
2.5,50.0,30.0,3.0,21,1.39,0.48,1.1943908629441795,10244,0.0853666666666682,120,119,0.9916666666666668,AMS-4480498-0|qp30
3.6,50.0,18.0,3.0,3,1.39,0.48,1.1756398065415126,12199,0.0705960648148164,72,70,0.9722222222222222,AMS-4480626-0|qp18
3.6,50.0,18.0,3.0,15,1.39,0.48,1.2257979045804663,11549,0.0668344907407406,72,73,1.0138888888888888,AMS-4480626-0|qp18
3.6,50.0,18.0,3.0,27,1.39,0.48,1.188458957361503,12219,0.0707118055555558,72,74,1.0277777777777777,AMS-4480626-0|qp18
3.6,50.0,43.0,3.0,9,1.39,0.48,1.0632778002677794,32113,0.1858391203703705,172,171,0.994186046511628,AMS-4480626-0|qp43
3.6,50.0,43.0,3.0,21,1.39,0.48,1.036613795198986,32910,0.1904513888888902,172,173,1.005813953488372,AMS-4480626-0|qp43
3.6,50.0,18.0,3.0,3,1.39,0.48,1.2944787679159349,11233,0.0650057870370379,72,72,1.0,AMS-4480644-0|qp18
3.6,50.0,18.0,3.0,15,1.39,0.48,1.3219539702915628,10906,0.0631134259259261,72,72,1.0,AMS-4480644-0|qp18
3.6,50.0,18.0,3.0,27,1.39,0.48,1.3374044819985431,10888,0.0630092592592593,72,74,1.0277777777777777,AMS-4480644-0|qp18
3.6,50.0,43.0,3.0,9,1.39,0.48,1.213470684270301,28176,0.163055555555556,172,168,0.9767441860465116,AMS-4480644-0|qp43
3.6,50.0,43.0,3.0,21,1.39,0.48,1.211638192728452,28330,0.1639467592592593,172,172,1.0,AMS-4480644-0|qp43
2.5,50.0,12.0,3.0,3,1.39,0.48,1.2881611653080938,7483,0.062358333333334,48,50,1.0416666666666667,AMS-4495978-0|qp12
2.5,50.0,12.0,3.0,15,1.39,0.48,1.301313172042992,7440,0.0620000000000008,48,48,1.0,AMS-4495978-0|qp12
2.5,50.0,12.0,3.0,27,1.39,0.48,1.283586005830894,7546,0.0628833333333342,48,47,0.9791666666666666,AMS-4495978-0|qp12
2.5,50.0,30.0,3.0,9,1.39,0.48,1.204582540794929,19978,0.1664833333333347,120,117,0.975,AMS-4495978-0|qp30
2.5,50.0,30.0,3.0,21,1.39,0.48,1.2095256423073542,20006,0.1667166666666696,120,121,1.0083333333333333,AMS-4495978-0|qp30
2.5,50.0,12.0,3.0,3,1.39,0.48,1.1618048442906768,7225,0.0602083333333345,48,49,1.0208333333333333,AMS-4495979-0|qp12
2.5,50.0,12.0,3.0,15,1.39,0.48,1.158112605741202,7211,0.0600916666666679,48,48,1.0,AMS-4495979-0|qp12
2.5,50.0,12.0,3.0,27,1.39,0.48,1.1629523809523532,7245,0.060375000000001,48,47,0.9791666666666666,AMS-4495979-0|qp12
2.5,50.0,30.0,3.0,9,1.39,0.48,1.154758177243491,17885,0.1490416666666656,120,118,0.9833333333333332,AMS-4495979-0|qp30
2.5,50.0,30.0,3.0,21,1.39,0.48,1.1338493792202262,18364,0.1530333333333342,120,119,0.9916666666666668,AMS-4495979-0|qp30
2.5,50.0,12.0,3.0,3,1.39,0.48,1.126611398963772,8685,0.0723750000000012,48,48,1.0,AMS-4496429-0|qp12
2.5,50.0,12.0,3.0,15,1.39,0.48,1.1559492492142982,8591,0.0715916666666678,48,48,1.0,AMS-4496429-0|qp12
2.5,50.0,12.0,3.0,27,1.39,0.48,1.1251151334631648,8729,0.0727416666666675,48,48,1.0,AMS-4496429-0|qp12
2.5,50.0,30.0,3.0,9,1.39,0.48,0.9234584025087617,27105,0.2258750000000023,120,118,0.9833333333333332,AMS-4496429-0|qp30
2.5,50.0,30.0,3.0,21,1.39,0.48,0.9119400762665938,27535,0.2294583333333374,120,119,0.9916666666666668,AMS-4496429-0|qp30
2.5,50.0,12.0,3.0,3,1.39,0.48,1.2962900391945498,7399,0.0616583333333341,48,48,1.0,AMS-7370864-0|qp12
2.5,50.0,12.0,3.0,15,1.39,0.48,1.312803966852316,7361,0.0613416666666681,48,48,1.0,AMS-7370864-0|qp12
2.5,50.0,12.0,3.0,27,1.39,0.48,1.32499178082191,7300,0.0608333333333346,48,47,0.9791666666666666,AMS-7370864-0|qp12
2.5,50.0,30.0,3.0,9,1.39,0.48,1.2279762087099015,19587,0.1632250000000012,120,119,0.9916666666666668,AMS-7370864-0|qp30
2.5,50.0,30.0,3.0,21,1.39,0.48,1.2188644467882477,19911,0.1659250000000028,120,120,1.0,AMS-7370864-0|qp30
4.0,50.0,80.0,3.0,3,1.39,0.48,0.9744937641465424,65829,0.3428593750000018,320,320,1.0,AMS-7371505-0|qp80
4.0,50.0,80.0,3.0,15,1.39,0.48,1.0128916894803806,63558,0.3310312499999985,320,313,0.978125,AMS-7371505-0|qp80
4.0,50.0,80.0,3.0,27,1.39,0.48,0.9644106309900208,66673,0.3472552083333355,320,322,1.00625,AMS-7371505-0|qp80
4.0,50.0,100.0,3.0,9,1.39,0.48,0.8313948244939722,97575,0.5082031250000004,400,390,0.975,AMS-7371505-3|qp100
4.0,50.0,100.0,3.0,21,1.39,0.48,0.8489240627390776,94104,0.4901249999999976,400,397,0.9925,AMS-7371505-3|qp100
4.0,50.0,60.0,3.0,3,1.39,0.48,1.1429957785893217,42166,0.2196145833333338,240,239,0.9958333333333332,AMS-7371505-3|qp60
4.0,50.0,60.0,3.0,15,1.39,0.48,1.1227044703344402,42659,0.2221822916666675,240,235,0.9791666666666666,AMS-7371505-3|qp60
4.0,50.0,60.0,3.0,27,1.39,0.48,1.179740020168785,40657,0.2117552083333324,240,242,1.0083333333333333,AMS-7371505-3|qp60
2.5,50.0,38.0,3.0,9,1.39,0.48,1.226644002719623,25003,0.2083583333333369,152,153,1.006578947368421,LON-4082553-0|qp38
2.5,50.0,38.0,3.0,21,1.39,0.48,1.2125222270518352,25307,0.2108916666666692,152,157,1.0328947368421053,LON-4082553-0|qp38
2.5,50.0,62.0,3.0,3,1.39,0.48,1.0578412417597998,47481,0.3956749999999986,248,249,1.0040322580645162,LON-4082553-0|qp62
2.5,50.0,62.0,3.0,15,1.39,0.48,1.1012454472772926,45028,0.3752333333333318,248,246,0.9919354838709676,LON-4082553-0|qp62
2.5,50.0,62.0,3.0,27,1.39,0.48,1.0532155363166358,46549,0.3879083333333346,248,235,0.9475806451612904,LON-4082553-0|qp62
2.5,50.0,38.0,3.0,9,1.39,0.48,1.2054406432286775,25372,0.2114333333333358,152,153,1.006578947368421,LON-4082554-0|qp38
2.5,50.0,38.0,3.0,21,1.39,0.48,1.2239224515821112,25094,0.2091166666666697,152,154,1.013157894736842,LON-4082554-0|qp38
2.5,50.0,62.0,3.0,3,1.39,0.48,0.8951623785124612,54841,0.4570083333333343,248,227,0.9153225806451613,LON-4082554-0|qp62
2.5,50.0,62.0,3.0,15,1.39,0.48,1.0875546814212378,46268,0.3855666666666704,248,237,0.9556451612903226,LON-4082554-0|qp62
2.5,50.0,62.0,3.0,27,1.39,0.48,1.074156018248379,46251,0.3854250000000042,248,252,1.0161290322580645,LON-4082554-0|qp62
2.5,50.0,38.0,3.0,9,1.39,0.48,1.239723088134046,24701,0.2058416666666694,152,152,1.0,LON-4082592-0|qp38
2.5,50.0,38.0,3.0,21,1.39,0.48,1.1989617528948462,25649,0.2137416666666688,152,156,1.0263157894736843,LON-4082592-0|qp38
2.5,50.0,62.0,3.0,3,1.39,0.48,1.0911849563226474,44989,0.3749083333333382,248,242,0.9758064516129032,LON-4082592-0|qp62
2.5,50.0,62.0,3.0,15,1.39,0.48,1.0518831809793865,46602,0.3883500000000033,248,238,0.9596774193548387,LON-4082592-0|qp62
2.5,50.0,62.0,3.0,27,1.39,0.48,1.1237880068532655,43775,0.3647916666666679,248,252,1.0161290322580645,LON-4082592-0|qp62
2.5,50.0,50.0,3.0,9,1.39,0.48,1.1557580905461715,11773,0.098108333333334,150,153,1.02,SIN-1105987650-1|qp50
2.5,50.0,50.0,3.0,21,1.39,0.48,1.1993233657099165,9163,0.0763583333333334,119,125,1.050420168067227,SIN-1105987650-1|qp50
2.0,50.0,10.0,3.0,3,1.39,0.48,1.1981763826607053,2676,0.0278749999999992,40,40,1.0,SIN-131164229-0|qp10
2.0,50.0,10.0,3.0,15,1.39,0.48,1.2422718521370806,2597,0.0270520833333326,40,41,1.025,SIN-131164229-0|qp10
2.0,50.0,10.0,3.0,27,1.39,0.48,1.2530565440885808,2529,0.0263437499999992,40,39,0.975,SIN-131164229-0|qp10
2.0,50.0,24.0,3.0,9,1.39,0.48,1.2145651832048832,6359,0.066239583333333,96,96,1.0,SIN-131164229-0|qp24
2.0,50.0,24.0,3.0,21,1.39,0.48,1.1860876897133352,6523,0.0679479166666661,96,97,1.0104166666666667,SIN-131164229-0|qp24
1.8,50.0,22.0,3.0,3,1.39,0.48,1.0862209302325507,16684,0.1931018518518577,88,88,1.0,SIN-139715353-1|qp22
1.8,50.0,22.0,3.0,15,1.39,0.48,1.15913790899797,15648,0.1811111111111172,88,90,1.0227272727272727,SIN-139715353-1|qp22
1.8,50.0,22.0,3.0,27,1.39,0.48,1.0598411682569313,17188,0.1989351851851926,88,87,0.9886363636363636,SIN-139715353-1|qp22
1.8,50.0,9.0,3.0,9,1.39,0.48,1.2106380143261517,6003,0.069479166666666,36,36,1.0,SIN-139715353-1|qp9
1.8,50.0,9.0,3.0,21,1.39,0.48,1.1757158712541862,6307,0.0729976851851852,36,36,1.0,SIN-139715353-1|qp9
3.0,50.0,15.0,3.0,3,1.39,0.48,1.2417046621483492,9738,0.0676249999999993,60,60,1.0,SIN-1464509030-0|qp15
3.0,50.0,15.0,3.0,15,1.39,0.48,1.2395168195719055,9810,0.0681249999999994,60,60,1.0,SIN-1464509030-0|qp15
3.0,50.0,15.0,3.0,27,1.39,0.48,1.2598481065334777,9612,0.0667499999999989,60,60,1.0,SIN-1464509030-0|qp15
3.0,50.0,36.0,3.0,9,1.39,0.48,1.146011323701613,25610,0.1778472222222225,144,145,1.0069444444444444,SIN-1464509030-0|qp36
3.0,50.0,36.0,3.0,21,1.39,0.48,1.1505541760278144,25371,0.1761874999999991,144,146,1.0138888888888888,SIN-1464509030-0|qp36
2.0,50.0,10.0,3.0,3,1.39,0.48,1.2970479285134418,6155,0.0641145833333335,40,42,1.05,SIN-166571436-2|qp10
2.0,50.0,10.0,3.0,15,1.39,0.48,1.3227900552486338,6154,0.0641041666666658,40,42,1.05,SIN-166571436-2|qp10
2.0,50.0,10.0,3.0,27,1.39,0.48,1.3442761394101554,5968,0.062166666666667,40,40,1.0,SIN-166571436-2|qp10
2.0,50.0,24.0,3.0,9,1.39,0.48,1.2635546361964682,15228,0.1586250000000015,96,94,0.9791666666666666,SIN-166571436-2|qp24
2.0,50.0,24.0,3.0,21,1.39,0.48,1.2357111917957375,15699,0.1635312499999997,96,95,0.9895833333333334,SIN-166571436-2|qp24
2.0,50.0,10.0,3.0,3,1.39,0.48,1.2382974800246145,6508,0.0677916666666665,40,42,1.05,SIN-166571436-3|qp10
2.0,50.0,10.0,3.0,15,1.39,0.48,1.2774496958352983,6411,0.0667812499999993,40,41,1.025,SIN-166571436-3|qp10
2.0,50.0,10.0,3.0,27,1.39,0.48,1.2888094859143415,6283,0.065447916666667,40,40,1.0,SIN-166571436-3|qp10
2.0,50.0,24.0,3.0,9,1.39,0.48,1.1940907138034476,16293,0.1697187500000004,96,94,0.9791666666666666,SIN-166571436-3|qp24
2.0,50.0,24.0,3.0,21,1.39,0.48,1.1858119658120114,16614,0.1730624999999996,96,95,0.9895833333333334,SIN-166571436-3|qp24
1.8,50.0,22.0,3.0,3,1.39,0.48,1.2071905764138748,14729,0.1704745370370425,88,88,1.0,SIN-170969415-0|qp22
1.8,50.0,22.0,3.0,15,1.39,0.48,1.258252358822721,14202,0.1643750000000041,88,87,0.9886363636363636,SIN-170969415-0|qp22
1.8,50.0,22.0,3.0,27,1.39,0.48,1.255201980898498,14135,0.1635995370370412,88,87,0.9886363636363636,SIN-170969415-0|qp22
1.8,50.0,9.0,3.0,9,1.39,0.48,1.314472452286619,5554,0.0642824074074063,36,36,1.0,SIN-170969415-0|qp9
1.8,50.0,9.0,3.0,21,1.39,0.48,1.270814033874891,5786,0.0669675925925923,36,36,1.0,SIN-170969415-0|qp9
2.0,50.0,10.0,3.0,3,1.39,0.48,1.2773077540536542,6229,0.064885416666667,40,42,1.05,SIN-190681368-0|qp10
2.0,50.0,10.0,3.0,15,1.39,0.48,1.3122829945143717,6198,0.0645624999999991,40,42,1.05,SIN-190681368-0|qp10
2.0,50.0,10.0,3.0,27,1.39,0.48,1.2998458792991237,6164,0.0642083333333338,40,40,1.0,SIN-190681368-0|qp10
2.0,50.0,24.0,3.0,9,1.39,0.48,1.166854595831808,16602,0.1729375000000008,96,94,0.9791666666666666,SIN-190681368-0|qp24
2.0,50.0,24.0,3.0,21,1.39,0.48,1.1955908256881371,16350,0.1703125,96,96,1.0,SIN-190681368-0|qp24
2.0,50.0,10.0,3.0,3,1.39,0.48,1.2648664875968103,6329,0.0659270833333332,40,42,1.05,SIN-197634752-1|qp10
2.0,50.0,10.0,3.0,15,1.39,0.48,1.2761921819031417,6421,0.0668854166666665,40,42,1.05,SIN-197634752-1|qp10
2.0,50.0,10.0,3.0,27,1.39,0.48,1.3083897202341916,6148,0.064041666666667,40,40,1.0,SIN-197634752-1|qp10
2.0,50.0,24.0,3.0,9,1.39,0.48,1.216795153493601,15929,0.1659270833333342,96,97,1.0104166666666667,SIN-197634752-1|qp24
2.0,50.0,24.0,3.0,21,1.39,0.48,1.1472641952135654,17048,0.1775833333333342,96,93,0.96875,SIN-197634752-1|qp24
2.0,50.0,10.0,3.0,3,1.39,0.48,1.2561369346734028,6368,0.066333333333333,40,42,1.05,SIN-198571185-1|qp10
2.0,50.0,10.0,3.0,15,1.39,0.48,1.3012565528197075,6295,0.0655729166666661,40,42,1.05,SIN-198571185-1|qp10
2.0,50.0,10.0,3.0,27,1.39,0.48,1.3135255570117634,6104,0.0635833333333338,40,40,1.0,SIN-198571185-1|qp10
2.0,50.0,24.0,3.0,9,1.39,0.48,1.2305050182189805,15643,0.162947916666668,96,95,0.9895833333333334,SIN-198571185-1|qp24
2.0,50.0,24.0,3.0,21,1.39,0.48,1.1702293987964634,16783,0.1748229166666652,96,93,0.96875,SIN-198571185-1|qp24
2.0,50.0,10.0,3.0,3,1.39,0.48,1.2562494080505466,6335,0.0659895833333331,40,41,1.025,SIN-198571185-2|qp10
2.0,50.0,10.0,3.0,15,1.39,0.48,1.303369928400964,6285,0.0654687499999994,40,42,1.05,SIN-198571185-2|qp10
2.0,50.0,10.0,3.0,27,1.39,0.48,1.3139491803278356,6100,0.0635416666666671,40,40,1.0,SIN-198571185-2|qp10
2.0,50.0,24.0,3.0,9,1.39,0.48,1.2224747056951708,15715,0.1636979166666678,96,95,0.9895833333333334,SIN-198571185-2|qp24
2.0,50.0,24.0,3.0,21,1.39,0.48,1.167266255339402,16856,0.1755833333333337,96,93,0.96875,SIN-198571185-2|qp24
2.0,50.0,10.0,3.0,3,1.39,0.48,1.2566908746448089,6334,0.0659791666666664,40,42,1.05,SIN-198571185-3|qp10
2.0,50.0,10.0,3.0,15,1.39,0.48,1.3017358130662944,6291,0.0655312499999994,40,42,1.05,SIN-198571185-3|qp10
2.0,50.0,10.0,3.0,27,1.39,0.48,1.3033891145409915,6155,0.0641145833333337,40,40,1.0,SIN-198571185-3|qp10
2.0,50.0,24.0,3.0,9,1.39,0.48,1.2307806810195907,15653,0.1630520833333346,96,95,0.9895833333333334,SIN-198571185-3|qp24
2.0,50.0,24.0,3.0,21,1.39,0.48,1.1893625280524638,16487,0.1717395833333327,96,93,0.96875,SIN-198571185-3|qp24
2.0,50.0,10.0,3.0,3,1.39,0.48,1.2759827144686655,6248,0.0650833333333332,40,42,1.05,SIN-200167221-1|qp10
2.0,50.0,10.0,3.0,15,1.39,0.48,1.3157018111254997,6184,0.0644166666666659,40,41,1.025,SIN-200167221-1|qp10
2.0,50.0,10.0,3.0,27,1.39,0.48,1.324191517561264,6036,0.0628750000000006,40,40,1.0,SIN-200167221-1|qp10
2.0,50.0,24.0,3.0,9,1.39,0.48,1.2242993508972635,15714,0.1636875000000019,96,93,0.96875,SIN-200167221-1|qp24
2.0,50.0,24.0,3.0,21,1.39,0.48,1.1856457184413676,16501,0.1718854166666662,96,96,1.0,SIN-200167221-1|qp24
2.0,50.0,10.0,3.0,3,1.39,0.48,1.1812605286087994,6886,0.0717291666666659,40,40,1.0,SIN-200171267-0|qp10
2.0,50.0,10.0,3.0,15,1.39,0.48,1.2348651120256149,6561,0.0683437499999999,40,43,1.075,SIN-200171267-0|qp10
2.0,50.0,10.0,3.0,27,1.39,0.48,1.227069558713522,6685,0.069635416666666,40,38,0.95,SIN-200171267-0|qp10
2.0,50.0,24.0,3.0,9,1.39,0.48,1.1707201485830443,16691,0.1738645833333326,94,95,1.0106382978723405,SIN-200171267-0|qp24
2.0,50.0,24.0,3.0,21,1.39,0.48,1.116471861471911,17556,0.1828750000000006,94,93,0.9893617021276596,SIN-200171267-0|qp24
2.0,50.0,10.0,3.0,3,1.39,0.48,1.196701516713324,6791,0.0707395833333327,40,41,1.025,SIN-200171267-2|qp10
2.0,50.0,10.0,3.0,15,1.39,0.48,1.2286356866249757,6714,0.0699374999999992,40,42,1.05,SIN-200171267-2|qp10
2.0,50.0,10.0,3.0,27,1.39,0.48,1.2473048128342,6545,0.0681770833333328,40,40,1.0,SIN-200171267-2|qp10
2.0,50.0,24.0,3.0,9,1.39,0.48,1.1879912344776868,16428,0.1711250000000005,96,95,0.9895833333333334,SIN-200171267-2|qp24
2.0,50.0,24.0,3.0,21,1.39,0.48,1.1507738963084426,17147,0.1786145833333322,96,94,0.9791666666666666,SIN-200171267-2|qp24
2.0,50.0,10.0,3.0,3,1.39,0.48,1.2201219512195418,6560,0.0683333333333327,40,42,1.05,SIN-200171268-0|qp10
2.0,50.0,10.0,3.0,15,1.39,0.48,1.2433454490383278,6603,0.0687812499999998,40,42,1.05,SIN-200171268-0|qp10
2.0,50.0,10.0,3.0,27,1.39,0.48,1.231832797427629,6531,0.0680312499999995,40,40,1.0,SIN-200171268-0|qp10
2.0,50.0,24.0,3.0,9,1.39,0.48,1.1363640048641657,17269,0.1798854166666678,96,96,1.0,SIN-200171268-0|qp24
2.0,50.0,24.0,3.0,21,1.39,0.48,1.1324713734967802,17379,0.1810312499999998,96,94,0.9791666666666666,SIN-200171268-0|qp24
2.0,50.0,10.0,3.0,3,1.39,0.48,1.2528667186282492,6415,0.0668229166666668,40,42,1.05,SIN-200171268-4|qp10
2.0,50.0,10.0,3.0,15,1.39,0.48,1.2660636490035664,6473,0.0674270833333327,40,42,1.05,SIN-200171268-4|qp10
2.0,50.0,10.0,3.0,27,1.39,0.48,1.27205136235512,6386,0.0665208333333328,40,40,1.0,SIN-200171268-4|qp10
2.0,50.0,24.0,3.0,9,1.39,0.48,1.1588984957953266,16886,0.1758958333333337,96,94,0.9791666666666666,SIN-200171268-4|qp24
2.0,50.0,24.0,3.0,21,1.39,0.48,1.138790502953544,17437,0.181635416666667,96,95,0.9895833333333334,SIN-200171268-4|qp24
1.8,50.0,27.0,3.0,3,1.39,0.48,1.1669386894406324,18969,0.219548611111115,108,108,1.0,SIN-22811726-0|qp27
1.8,50.0,27.0,3.0,15,1.39,0.48,1.1848670256158638,18387,0.2128125000000053,108,109,1.0092592592592593,SIN-22811726-0|qp27
1.8,50.0,27.0,3.0,27,1.39,0.48,1.191284123755502,18682,0.2162268518518563,108,111,1.0277777777777777,SIN-22811726-0|qp27
1.8,50.0,27.0,3.0,9,1.39,0.48,1.1277386030734184,19457,0.2251967592592609,108,109,1.0092592592592593,SIN-22811727-0|qp27
1.8,50.0,27.0,3.0,21,1.39,0.48,1.1048723104766125,19892,0.2302314814814821,108,108,1.0,SIN-22811727-0|qp27
1.8,50.0,27.0,3.0,3,1.39,0.48,1.1540212014134308,5660,0.0655092592592581,108,109,1.0092592592592593,SIN-22811728-0|qp27
1.8,50.0,27.0,3.0,15,1.39,0.48,1.1602320637732548,5645,0.0653356481481477,108,108,1.0,SIN-22811728-0|qp27
1.8,50.0,27.0,3.0,27,1.39,0.48,1.1686719576719409,5670,0.0656249999999993,108,110,1.0185185185185186,SIN-22811728-0|qp27
1.8,50.0,45.0,3.0,9,1.39,0.48,1.1052515690914697,9719,0.1124884259259262,180,179,0.9944444444444444,SIN-22811728-0|qp45
1.8,50.0,45.0,3.0,21,1.39,0.48,1.093123995176844,9952,0.1151851851851855,180,176,0.9777777777777776,SIN-22811728-0|qp45
1.8,50.0,22.0,3.0,3,1.39,0.48,1.1468112066220746,15705,0.1817708333333394,88,89,1.0113636363636365,SIN-22928582-0|qp22
1.8,50.0,22.0,3.0,15,1.39,0.48,1.190853827388433,15167,0.1755439814814867,88,88,1.0,SIN-22928582-0|qp22
1.8,50.0,22.0,3.0,27,1.39,0.48,1.1933035891334725,15129,0.1751041666666738,88,87,0.9886363636363636,SIN-22928582-0|qp22
1.8,50.0,9.0,3.0,9,1.39,0.48,1.2573473217331743,5862,0.0678472222222213,36,36,1.0,SIN-22928582-0|qp9
1.8,50.0,9.0,3.0,21,1.39,0.48,1.2141401378405192,6094,0.0705324074074074,36,35,0.9722222222222222,SIN-22928582-0|qp9
1.8,50.0,22.0,3.0,3,1.39,0.48,1.1426018571157586,15831,0.1832291666666728,88,87,0.9886363636363636,SIN-22928582-1|qp22
1.8,50.0,22.0,3.0,15,1.39,0.48,1.2194839192221525,14707,0.1702199074074104,88,88,1.0,SIN-22928582-1|qp22
1.8,50.0,22.0,3.0,27,1.39,0.48,1.1862147004486845,15156,0.1754166666666731,88,87,0.9886363636363636,SIN-22928582-1|qp22
1.8,50.0,9.0,3.0,9,1.39,0.48,1.2687467766889935,5817,0.0673263888888878,36,36,1.0,SIN-22928582-1|qp9
1.8,50.0,9.0,3.0,21,1.39,0.48,1.2381509370816814,5976,0.0691666666666668,36,36,1.0,SIN-22928582-1|qp9
1.8,50.0,22.0,3.0,3,1.39,0.48,1.141901668577232,15702,0.1817361111111168,88,87,0.9886363636363636,SIN-22928582-2|qp22
1.8,50.0,22.0,3.0,15,1.39,0.48,1.1643939882603636,15503,0.179432870370376,88,87,0.9886363636363636,SIN-22928582-2|qp22
1.8,50.0,22.0,3.0,27,1.39,0.48,1.1581255989267376,15653,0.1811689814814889,88,87,0.9886363636363636,SIN-22928582-2|qp22
1.8,50.0,9.0,3.0,9,1.39,0.48,1.2666815988972944,5804,0.0671759259259251,36,36,1.0,SIN-22928582-2|qp9
1.8,50.0,9.0,3.0,21,1.39,0.48,1.21034280117534,6126,0.0709027777777774,36,36,1.0,SIN-22928582-2|qp9
3.0,50.0,15.0,3.0,3,1.39,0.48,0.9295362187476764,13239,0.0919374999999994,60,59,0.9833333333333332,SIN-546209379-0|qp15
3.0,50.0,15.0,3.0,15,1.39,0.48,0.9746460314985383,12826,0.0890694444444442,60,60,1.0,SIN-546209379-0|qp15
3.0,50.0,15.0,3.0,27,1.39,0.48,0.997255502700964,12403,0.0861319444444439,60,61,1.0166666666666666,SIN-546209379-0|qp15
3.0,50.0,36.0,3.0,9,1.39,0.48,0.8185192155578893,36663,0.2546041666666631,144,147,1.0208333333333333,SIN-546209379-0|qp36
3.0,50.0,36.0,3.0,21,1.39,0.48,0.7996577916993062,38310,0.266041666666666,144,141,0.9791666666666666,SIN-546209379-0|qp36
3.0,50.0,15.0,3.0,3,1.39,0.48,1.2980816591057092,9258,0.0642916666666661,60,62,1.0333333333333334,SIN-546209379-1|qp15
3.0,50.0,15.0,3.0,15,1.39,0.48,1.3237589354448993,9093,0.0631458333333323,60,60,1.0,SIN-546209379-1|qp15
3.0,50.0,15.0,3.0,27,1.39,0.48,1.3313172072567148,9095,0.0631597222222213,60,61,1.0166666666666666,SIN-546209379-1|qp15
3.0,50.0,36.0,3.0,9,1.39,0.48,1.2330543492009012,23717,0.1647013888888882,144,148,1.0277777777777777,SIN-546209379-1|qp36
3.0,50.0,36.0,3.0,21,1.39,0.48,1.2217892033014028,23748,0.1649166666666658,144,140,0.9722222222222222,SIN-546209379-1|qp36
3.0,50.0,15.0,3.0,3,1.39,0.48,1.2984209390178816,9265,0.0643402777777773,60,62,1.0333333333333334,SIN-546209379-2|qp15
3.0,50.0,15.0,3.0,15,1.39,0.48,1.3301815364180334,9034,0.0627361111111101,60,59,0.9833333333333332,SIN-546209379-2|qp15
3.0,50.0,15.0,3.0,27,1.39,0.48,1.3288860870518366,9121,0.0633402777777768,60,61,1.0166666666666666,SIN-546209379-2|qp15
3.0,50.0,36.0,3.0,9,1.39,0.48,1.2141542619541317,24050,0.1670138888888885,144,148,1.0277777777777777,SIN-546209379-2|qp36
3.0,50.0,36.0,3.0,21,1.39,0.48,1.216383443180477,23821,0.1654236111111104,144,141,0.9791666666666666,SIN-546209379-2|qp36
1.8,50.0,22.0,3.0,3,1.39,0.48,1.165207840042079,15204,0.1759722222222257,88,87,0.9886363636363636,SIN-74587409-1|qp22
1.8,50.0,22.0,3.0,15,1.39,0.48,1.213597812141291,14809,0.1714004629629684,88,87,0.9886363636363636,SIN-74587409-1|qp22
1.8,50.0,22.0,3.0,27,1.39,0.48,1.1946004939590384,14981,0.1733912037037084,88,87,0.9886363636363636,SIN-74587409-1|qp22
1.8,50.0,9.0,3.0,9,1.39,0.48,1.3001371571072111,5614,0.0649768518518509,36,36,1.0,SIN-74587409-1|qp9
1.8,50.0,9.0,3.0,21,1.39,0.48,1.267619951674165,5794,0.0670601851851853,36,36,1.0,SIN-74587409-1|qp9
1.8,50.0,22.0,3.0,3,1.39,0.48,1.1744150893795815,15216,0.1761111111111153,88,88,1.0,SIN-74587409-2|qp22
1.8,50.0,22.0,3.0,15,1.39,0.48,1.2262673186634414,14724,0.1704166666666718,88,89,1.0113636363636365,SIN-74587409-2|qp22
1.8,50.0,22.0,3.0,27,1.39,0.48,1.219200358151394,14519,0.1680439814814873,88,86,0.9772727272727272,SIN-74587409-2|qp22
1.8,50.0,9.0,3.0,9,1.39,0.48,1.3003707664883926,5610,0.0649305555555546,36,36,1.0,SIN-74587409-2|qp9
1.8,50.0,9.0,3.0,21,1.39,0.48,1.2685852478839366,5789,0.0670023148148149,36,36,1.0,SIN-74587409-2|qp9
2.5,50.0,12.0,3.0,3,1.39,0.48,1.3053778080327396,7345,0.061208333333334,48,49,1.0208333333333333,TYO-1323228545-3|qp12
2.5,50.0,12.0,3.0,15,1.39,0.48,1.3353387007217972,7204,0.0600333333333346,48,48,1.0,TYO-1323228545-3|qp12
2.5,50.0,12.0,3.0,27,1.39,0.48,1.327238764819385,7254,0.0604500000000013,48,48,1.0,TYO-1323228545-3|qp12
2.5,50.0,30.0,3.0,9,1.39,0.48,1.2148013413271743,19682,0.1640166666666668,120,118,0.9833333333333332,TYO-1323228545-3|qp30
2.5,50.0,30.0,3.0,21,1.39,0.48,1.2327435713554966,19522,0.1626833333333333,120,120,1.0,TYO-1323228545-3|qp30
2.5,50.0,50.0,3.0,10,1.39,0.48,1.0303090496467684,39217,0.3268083333333328,200,192,0.96,AMS-1073074102-0|qp50
2.5,50.0,50.0,3.0,22,1.39,0.48,1.0930996782812796,36678,0.3056499999999982,198,191,0.9646464646464646,AMS-1073074102-0|qp50
1.2,50.0,14.0,3.0,4,1.39,0.48,1.2549095951192033,9015,0.1565104166666661,56,57,1.0178571428571428,AMS-244428233-0|qp14
1.2,50.0,14.0,3.0,16,1.39,0.48,1.2630754590236828,8932,0.1550694444444471,56,55,0.9821428571428572,AMS-244428233-0|qp14
1.2,50.0,14.0,3.0,28,1.39,0.48,1.263018528916366,8905,0.1546006944444478,56,55,0.9821428571428572,AMS-244428233-0|qp14
1.2,50.0,6.0,3.0,10,1.39,0.48,1.3127093994075243,3713,0.0644618055555557,24,24,1.0,AMS-244428233-0|qp6
1.2,50.0,6.0,3.0,22,1.39,0.48,1.290123324396781,3730,0.0647569444444446,24,24,1.0,AMS-244428233-0|qp6
2.5,50.0,12.0,3.0,4,1.39,0.48,1.2599248509976524,3859,0.0321583333333338,48,48,1.0,AMS-4480498-0|qp12
2.5,50.0,12.0,3.0,16,1.39,0.48,1.283955696202535,3792,0.0316000000000003,48,48,1.0,AMS-4480498-0|qp12
2.5,50.0,12.0,3.0,28,1.39,0.48,1.2840184453227752,3795,0.0316250000000007,48,48,1.0,AMS-4480498-0|qp12
2.5,50.0,30.0,3.0,10,1.39,0.48,1.201815940027584,10138,0.0844833333333341,120,121,1.0083333333333333,AMS-4480498-0|qp30
2.5,50.0,30.0,3.0,22,1.39,0.48,1.228969801030232,9901,0.0825083333333339,120,120,1.0,AMS-4480498-0|qp30
3.6,50.0,18.0,3.0,4,1.39,0.48,1.2310516301997498,11563,0.0669155092592598,72,74,1.0277777777777777,AMS-4480626-0|qp18
3.6,50.0,18.0,3.0,16,1.39,0.48,1.1789060854063145,12341,0.0714178240740746,72,71,0.9861111111111112,AMS-4480626-0|qp18
3.6,50.0,18.0,3.0,28,1.39,0.48,1.2198732777683472,11758,0.0680439814814813,72,72,1.0,AMS-4480626-0|qp18
3.6,50.0,43.0,3.0,10,1.39,0.48,1.0428561917443713,33044,0.1912268518518514,172,174,1.0116279069767442,AMS-4480626-0|qp43
3.6,50.0,43.0,3.0,22,1.39,0.48,1.055291153243375,32543,0.1883275462962982,172,172,1.0,AMS-4480626-0|qp43
3.6,50.0,18.0,3.0,4,1.39,0.48,1.3394746612214332,10774,0.0623495370370375,72,74,1.0277777777777777,AMS-4480644-0|qp18
3.6,50.0,18.0,3.0,16,1.39,0.48,1.3297072419105642,11033,0.0638483796296295,72,70,0.9722222222222222,AMS-4480644-0|qp18
3.6,50.0,18.0,3.0,28,1.39,0.48,1.3208399236433392,11001,0.0636631944444436,72,71,0.9861111111111112,AMS-4480644-0|qp18
3.6,50.0,43.0,3.0,10,1.39,0.48,1.2173676665967097,28602,0.1655208333333337,172,170,0.9883720930232558,AMS-4480644-0|qp43
3.6,50.0,43.0,3.0,22,1.39,0.48,1.248058119903745,27839,0.1611053240740744,172,171,0.994186046511628,AMS-4480644-0|qp43
2.5,50.0,12.0,3.0,4,1.39,0.48,1.2948262910798316,7455,0.0621250000000011,48,49,1.0208333333333333,AMS-4495978-0|qp12
2.5,50.0,12.0,3.0,16,1.39,0.48,1.3210744362945015,7362,0.0613500000000011,48,49,1.0208333333333333,AMS-4495978-0|qp12
2.5,50.0,12.0,3.0,28,1.39,0.48,1.3300177692728414,7316,0.0609666666666673,48,47,0.9791666666666666,AMS-4495978-0|qp12
2.5,50.0,30.0,3.0,10,1.39,0.48,1.2179138310648645,19984,0.1665333333333359,120,118,0.9833333333333332,AMS-4495978-0|qp30
2.5,50.0,30.0,3.0,22,1.39,0.48,1.2605958318022012,19049,0.1587416666666684,120,119,0.9916666666666668,AMS-4495978-0|qp30
2.5,50.0,12.0,3.0,4,1.39,0.48,1.1745694716242725,7154,0.0596166666666676,48,48,1.0,AMS-4495979-0|qp12
2.5,50.0,12.0,3.0,16,1.39,0.48,1.1870588235294015,7089,0.0590750000000009,48,48,1.0,AMS-4495979-0|qp12
2.5,50.0,12.0,3.0,28,1.39,0.48,1.1739587657395958,7227,0.0602250000000008,48,48,1.0,AMS-4495979-0|qp12
2.5,50.0,30.0,3.0,10,1.39,0.48,1.1758639222412817,17490,0.1457499999999995,120,120,1.0,AMS-4495979-0|qp30
2.5,50.0,30.0,3.0,22,1.39,0.48,1.1937456236010315,17423,0.1451916666666664,120,119,0.9916666666666668,AMS-4495979-0|qp30
2.5,50.0,12.0,3.0,4,1.39,0.48,1.1723638108951455,8334,0.0694500000000016,48,48,1.0,AMS-4496429-0|qp12
2.5,50.0,12.0,3.0,16,1.39,0.48,1.162834645669293,8509,0.0709083333333351,48,46,0.9583333333333334,AMS-4496429-0|qp12
2.5,50.0,12.0,3.0,28,1.39,0.48,1.128449674397357,8753,0.072941666666668,48,47,0.9791666666666666,AMS-4496429-0|qp12
2.5,50.0,30.0,3.0,10,1.39,0.48,0.95477738167477,26368,0.2197333333333347,120,113,0.9416666666666668,AMS-4496429-0|qp30
2.5,50.0,30.0,3.0,22,1.39,0.48,0.9184599069767384,26875,0.2239583333333363,120,120,1.0,AMS-4496429-0|qp30
2.5,50.0,12.0,3.0,4,1.39,0.48,1.3005681665547506,7445,0.0620416666666678,48,49,1.0208333333333333,AMS-7370864-0|qp12
2.5,50.0,12.0,3.0,16,1.39,0.48,1.3467384916748435,7147,0.0595583333333345,48,49,1.0208333333333333,AMS-7370864-0|qp12
2.5,50.0,12.0,3.0,28,1.39,0.48,1.338723814773998,7256,0.0604666666666678,48,47,0.9791666666666666,AMS-7370864-0|qp12
2.5,50.0,30.0,3.0,10,1.39,0.48,1.2395651508972558,19616,0.1634666666666694,120,120,1.0,AMS-7370864-0|qp30
2.5,50.0,30.0,3.0,22,1.39,0.48,1.2599500026314592,19001,0.1583416666666688,120,118,0.9833333333333332,AMS-7370864-0|qp30
4.0,50.0,80.0,3.0,4,1.39,0.48,1.0241484857824663,61649,0.3210885416666654,320,314,0.98125,AMS-7371505-0|qp80
4.0,50.0,80.0,3.0,16,1.39,0.48,1.0405994895858324,60735,0.3163281249999986,320,320,1.0,AMS-7371505-0|qp80
4.0,50.0,80.0,3.0,28,1.39,0.48,1.0208713833634042,61936,0.3225833333333349,320,321,1.003125,AMS-7371505-0|qp80
4.0,50.0,100.0,3.0,10,1.39,0.48,0.8064988609325003,98765,0.5144010416666692,400,388,0.97,AMS-7371505-3|qp100
4.0,50.0,100.0,3.0,22,1.39,0.48,0.8101503262740426,99916,0.5203958333333328,400,400,1.0,AMS-7371505-3|qp100
4.0,50.0,60.0,3.0,4,1.39,0.48,1.1855536062857297,40471,0.2107864583333329,240,243,1.0125,AMS-7371505-3|qp60
4.0,50.0,60.0,3.0,16,1.39,0.48,1.1401171137137975,42352,0.2205833333333324,240,235,0.9791666666666666,AMS-7371505-3|qp60
4.0,50.0,60.0,3.0,28,1.39,0.48,1.1310740452800658,42447,0.2210781249999995,240,244,1.0166666666666666,AMS-7371505-3|qp60
2.5,50.0,38.0,3.0,10,1.39,0.48,1.206402019639769,25153,0.2096083333333362,152,152,1.0,LON-4082553-0|qp38
2.5,50.0,38.0,3.0,22,1.39,0.48,1.2418283930091434,24661,0.2055083333333336,152,154,1.013157894736842,LON-4082553-0|qp38
2.5,50.0,62.0,3.0,4,1.39,0.48,1.164446690247524,41559,0.3463250000000006,248,241,0.9717741935483872,LON-4082553-0|qp62
2.5,50.0,62.0,3.0,16,1.39,0.48,1.1202319287888067,44712,0.3726000000000042,248,247,0.995967741935484,LON-4082553-0|qp62
2.5,50.0,62.0,3.0,28,1.39,0.48,1.030984749097983,48784,0.4065333333333349,248,250,1.0080645161290325,LON-4082553-0|qp62
2.5,50.0,38.0,3.0,10,1.39,0.48,1.2020595778259502,25345,0.2112083333333357,152,154,1.013157894736842,LON-4082554-0|qp38
2.5,50.0,38.0,3.0,22,1.39,0.48,1.2272173913042566,24955,0.207958333333333,152,151,0.993421052631579,LON-4082554-0|qp38
2.5,50.0,62.0,3.0,4,1.39,0.48,0.9533890296644596,52487,0.437391666666669,248,245,0.9879032258064516,LON-4082554-0|qp62
2.5,50.0,62.0,3.0,16,1.39,0.48,1.132100746608593,43932,0.3660999999999982,248,239,0.9637096774193548,LON-4082554-0|qp62
2.5,50.0,62.0,3.0,28,1.39,0.48,1.080709102399288,45889,0.382408333333335,248,254,1.0241935483870968,LON-4082554-0|qp62
2.5,50.0,38.0,3.0,10,1.39,0.48,1.2086297885868351,25164,0.2097000000000028,152,154,1.013157894736842,LON-4082592-0|qp38
2.5,50.0,38.0,3.0,22,1.39,0.48,1.25288607594928,24490,0.2040833333333331,152,154,1.013157894736842,LON-4082592-0|qp38
2.5,50.0,62.0,3.0,4,1.39,0.48,1.1328985871126702,43811,0.3650916666666659,248,249,1.0040322580645162,LON-4082592-0|qp62
2.5,50.0,62.0,3.0,16,1.39,0.48,1.090590234656014,45897,0.3824750000000032,248,247,0.995967741935484,LON-4082592-0|qp62
2.5,50.0,62.0,3.0,28,1.39,0.48,1.1164870000670306,44731,0.3727583333333325,248,255,1.028225806451613,LON-4082592-0|qp62
2.5,50.0,50.0,3.0,10,1.39,0.48,1.2194787866152177,9593,0.0799416666666663,126,140,1.1111111111111112,SIN-1105987650-1|qp50
2.5,50.0,50.0,3.0,22,1.39,0.48,1.1534356465005973,13488,0.1124,200,187,0.935,SIN-1105987650-1|qp50
2.0,50.0,10.0,3.0,4,1.39,0.48,1.25701644479247,2554,0.0266041666666659,40,40,1.0,SIN-131164229-0|qp10
2.0,50.0,10.0,3.0,16,1.39,0.48,1.2569257812499963,2560,0.0266666666666659,40,41,1.025,SIN-131164229-0|qp10
2.0,50.0,10.0,3.0,28,1.39,0.48,1.241054852320652,2607,0.0271562499999993,40,41,1.025,SIN-131164229-0|qp10
2.0,50.0,24.0,3.0,10,1.39,0.48,1.1786287982898138,6549,0.0682187499999995,96,96,1.0,SIN-131164229-0|qp24
2.0,50.0,24.0,3.0,22,1.39,0.48,1.2106675023503717,6382,0.0664791666666662,96,96,1.0,SIN-131164229-0|qp24
1.8,50.0,22.0,3.0,4,1.39,0.48,1.1138093202223074,16373,0.1895023148148228,88,90,1.0227272727272727,SIN-139715353-1|qp22
1.8,50.0,22.0,3.0,16,1.39,0.48,1.1333610503282352,15995,0.1851273148148211,88,87,0.9886363636363636,SIN-139715353-1|qp22
1.8,50.0,22.0,3.0,28,1.39,0.48,1.1006195771721703,16366,0.1894212962962993,88,90,1.0227272727272727,SIN-139715353-1|qp22
1.8,50.0,9.0,3.0,10,1.39,0.48,1.2074771241830002,6120,0.0708333333333326,36,37,1.0277777777777777,SIN-139715353-1|qp9
1.8,50.0,9.0,3.0,22,1.39,0.48,1.1881165112092869,6111,0.0707291666666661,36,36,1.0,SIN-139715353-1|qp9
3.0,50.0,15.0,3.0,4,1.39,0.48,1.2379892625607474,9872,0.0685555555555545,60,60,1.0,SIN-1464509030-0|qp15
3.0,50.0,15.0,3.0,16,1.39,0.48,1.2445818779535267,9734,0.0675972222222218,60,59,0.9833333333333332,SIN-1464509030-0|qp15
3.0,50.0,15.0,3.0,28,1.39,0.48,1.267064086558437,9612,0.0667499999999986,60,60,1.0,SIN-1464509030-0|qp15
3.0,50.0,36.0,3.0,10,1.39,0.48,1.1403998439632914,25635,0.1780208333333343,144,143,0.9930555555555556,SIN-1464509030-0|qp36
3.0,50.0,36.0,3.0,22,1.39,0.48,1.1592841305036048,25256,0.1753888888888889,144,141,0.9791666666666666,SIN-1464509030-0|qp36
2.0,50.0,10.0,3.0,4,1.39,0.48,1.34544181393798,5998,0.0624791666666663,40,41,1.025,SIN-166571436-2|qp10
2.0,50.0,10.0,3.0,16,1.39,0.48,1.353708221925105,5984,0.0623333333333334,40,40,1.0,SIN-166571436-2|qp10
2.0,50.0,10.0,3.0,28,1.39,0.48,1.3547120067170608,5955,0.0620312499999993,40,40,1.0,SIN-166571436-2|qp10
2.0,50.0,24.0,3.0,10,1.39,0.48,1.26717865644008,15124,0.1575416666666668,96,96,1.0,SIN-166571436-2|qp24
2.0,50.0,24.0,3.0,22,1.39,0.48,1.3423718846261723,14284,0.1487916666666671,96,96,1.0,SIN-166571436-2|qp24
2.0,50.0,10.0,3.0,4,1.39,0.48,1.2821443105337298,6389,0.066552083333333,40,41,1.025,SIN-166571436-3|qp10
2.0,50.0,10.0,3.0,16,1.39,0.48,1.2986702806122208,6272,0.0653333333333335,40,40,1.0,SIN-166571436-3|qp10
2.0,50.0,10.0,3.0,28,1.39,0.48,1.2831512671179075,6353,0.066177083333332,40,40,1.0,SIN-166571436-3|qp10
2.0,50.0,24.0,3.0,10,1.39,0.48,1.2045151063036117,16086,0.1675625000000016,96,97,1.0104166666666667,SIN-166571436-3|qp24
2.0,50.0,24.0,3.0,22,1.39,0.48,1.2598788389270603,15434,0.1607708333333337,96,96,1.0,SIN-166571436-3|qp24
1.8,50.0,22.0,3.0,4,1.39,0.48,1.2633721345426268,14003,0.1620717592592626,88,88,1.0,SIN-170969415-0|qp22
1.8,50.0,22.0,3.0,16,1.39,0.48,1.2406757984485417,14309,0.1656134259259309,88,88,1.0,SIN-170969415-0|qp22
1.8,50.0,22.0,3.0,28,1.39,0.48,1.2115283186445351,14637,0.1694097222222242,88,88,1.0,SIN-170969415-0|qp22
1.8,50.0,9.0,3.0,10,1.39,0.48,1.2877542746342283,5673,0.0656597222222215,36,37,1.0277777777777777,SIN-170969415-0|qp9
1.8,50.0,9.0,3.0,22,1.39,0.48,1.305663018123084,5573,0.0645023148148137,36,36,1.0,SIN-170969415-0|qp9
2.0,50.0,10.0,3.0,4,1.39,0.48,1.3168480909829368,6155,0.064114583333333,40,41,1.025,SIN-190681368-0|qp10
2.0,50.0,10.0,3.0,16,1.39,0.48,1.3295958600295428,6087,0.0634062499999998,40,40,1.0,SIN-190681368-0|qp10
2.0,50.0,10.0,3.0,28,1.39,0.48,1.3326261790501592,6043,0.0629479166666659,40,40,1.0,SIN-190681368-0|qp10
2.0,50.0,24.0,3.0,10,1.39,0.48,1.2071833789499575,16076,0.1674583333333337,96,98,1.0208333333333333,SIN-190681368-0|qp24
2.0,50.0,24.0,3.0,22,1.39,0.48,1.2411268233645585,15699,0.163531249999999,96,98,1.0208333333333333,SIN-190681368-0|qp24
2.0,50.0,10.0,3.0,4,1.39,0.48,1.2879473350253825,6304,0.0656666666666662,40,41,1.025,SIN-197634752-1|qp10
2.0,50.0,10.0,3.0,16,1.39,0.48,1.318147666287173,6149,0.0640520833333335,40,40,1.0,SIN-197634752-1|qp10
2.0,50.0,10.0,3.0,28,1.39,0.48,1.317558914350738,6153,0.0640937499999991,40,40,1.0,SIN-197634752-1|qp10
2.0,50.0,24.0,3.0,10,1.39,0.48,1.1784902469955851,16559,0.1724895833333332,96,95,0.9895833333333334,SIN-197634752-1|qp24
2.0,50.0,24.0,3.0,22,1.39,0.48,1.219028299524172,15972,0.1663750000000001,96,99,1.03125,SIN-197634752-1|qp24
2.0,50.0,10.0,3.0,4,1.39,0.48,1.3145722665797626,6137,0.0639270833333328,40,41,1.025,SIN-198571185-1|qp10
2.0,50.0,10.0,3.0,16,1.39,0.48,1.3408413223140174,6050,0.0630208333333336,40,40,1.0,SIN-198571185-1|qp10
2.0,50.0,10.0,3.0,28,1.39,0.48,1.3413350000000146,6000,0.0624999999999991,40,40,1.0,SIN-198571185-1|qp10
2.0,50.0,24.0,3.0,10,1.39,0.48,1.1948312314540088,16176,0.1684999999999991,96,96,1.0,SIN-198571185-1|qp24
2.0,50.0,24.0,3.0,22,1.39,0.48,1.2405257784584127,15672,0.1632500000000006,96,98,1.0208333333333333,SIN-198571185-1|qp24
2.0,50.0,10.0,3.0,4,1.39,0.48,1.2992964743589763,6240,0.0649999999999995,40,41,1.025,SIN-198571185-2|qp10
2.0,50.0,10.0,3.0,16,1.39,0.48,1.329372439783684,6103,0.0635729166666668,40,40,1.0,SIN-198571185-2|qp10
2.0,50.0,10.0,3.0,28,1.39,0.48,1.3416072618254635,6004,0.0625416666666658,40,40,1.0,SIN-198571185-2|qp10
2.0,50.0,24.0,3.0,10,1.39,0.48,1.202035629749591,16054,0.1672291666666659,96,95,0.9895833333333334,SIN-198571185-2|qp24
2.0,50.0,24.0,3.0,22,1.39,0.48,1.261509543836956,15455,0.1609895833333322,96,98,1.0208333333333333,SIN-198571185-2|qp24
2.0,50.0,10.0,3.0,4,1.39,0.48,1.299023725553064,6238,0.0649791666666661,40,41,1.025,SIN-198571185-3|qp10
2.0,50.0,10.0,3.0,16,1.39,0.48,1.3302456600065218,6106,0.0636041666666668,40,40,1.0,SIN-198571185-3|qp10
2.0,50.0,10.0,3.0,28,1.39,0.48,1.3413907395070097,6004,0.0625416666666658,40,40,1.0,SIN-198571185-3|qp10
2.0,50.0,24.0,3.0,10,1.39,0.48,1.1979888198757849,16100,0.1677083333333318,96,96,1.0,SIN-198571185-3|qp24
2.0,50.0,24.0,3.0,22,1.39,0.48,1.2406872128637232,15672,0.1632500000000006,96,98,1.0208333333333333,SIN-198571185-3|qp24
2.0,50.0,10.0,3.0,4,1.39,0.48,1.3170604575163414,6120,0.0637499999999994,40,41,1.025,SIN-200167221-1|qp10
2.0,50.0,10.0,3.0,16,1.39,0.48,1.3212179591836468,6125,0.0638020833333335,40,40,1.0,SIN-200167221-1|qp10
2.0,50.0,10.0,3.0,28,1.39,0.48,1.331486286746606,6089,0.0634270833333325,40,40,1.0,SIN-200167221-1|qp10
2.0,50.0,24.0,3.0,10,1.39,0.48,1.1728231476473652,16641,0.1733437499999997,96,95,0.9895833333333334,SIN-200167221-1|qp24
2.0,50.0,24.0,3.0,22,1.39,0.48,1.2551733505821543,15460,0.1610416666666646,96,98,1.0208333333333333,SIN-200167221-1|qp24
2.0,50.0,10.0,3.0,4,1.39,0.48,1.2016500146929283,6806,0.0708958333333329,40,41,1.025,SIN-200171267-0|qp10
2.0,50.0,10.0,3.0,16,1.39,0.48,1.239737833358425,6637,0.0691354166666676,40,40,1.0,SIN-200171267-0|qp10
2.0,50.0,10.0,3.0,28,1.39,0.48,1.2380934324283457,6593,0.0686770833333323,40,40,1.0,SIN-200171267-0|qp10
2.0,50.0,24.0,3.0,10,1.39,0.48,1.1680952664838185,16774,0.1747291666666647,96,100,1.0416666666666667,SIN-200171267-0|qp24
2.0,50.0,24.0,3.0,22,1.39,0.48,1.1941317438112191,16441,0.1712604166666646,96,99,1.03125,SIN-200171267-0|qp24
2.0,50.0,10.0,3.0,4,1.39,0.48,1.239615616520956,6634,0.0691041666666662,40,41,1.025,SIN-200171267-2|qp10
2.0,50.0,10.0,3.0,16,1.39,0.48,1.2724727838257923,6430,0.0669791666666674,40,40,1.0,SIN-200171267-2|qp10
2.0,50.0,10.0,3.0,28,1.39,0.48,1.2415667574931972,6606,0.0688124999999987,40,40,1.0,SIN-200171267-2|qp10
2.0,50.0,24.0,3.0,10,1.39,0.48,1.168236524441238,16734,0.1743125000000015,96,96,1.0,SIN-200171267-2|qp24
2.0,50.0,24.0,3.0,22,1.39,0.48,1.2203474301397448,16032,0.1669999999999992,96,97,1.0104166666666667,SIN-200171267-2|qp24
2.0,50.0,10.0,3.0,4,1.39,0.48,1.2476594768242333,6537,0.0680937499999992,40,41,1.025,SIN-200171268-0|qp10
2.0,50.0,10.0,3.0,16,1.39,0.48,1.263411600062177,6431,0.066989583333334,40,40,1.0,SIN-200171268-0|qp10
2.0,50.0,10.0,3.0,28,1.39,0.48,1.2652926447574449,6390,0.0665624999999991,40,40,1.0,SIN-200171268-0|qp10
2.0,50.0,24.0,3.0,10,1.39,0.48,1.1350233699462335,17116,0.1782916666666669,96,97,1.0104166666666667,SIN-200171268-0|qp24
2.0,50.0,24.0,3.0,22,1.39,0.48,1.21002924886428,16069,0.1673854166666669,96,98,1.0208333333333333,SIN-200171268-0|qp24
2.0,50.0,10.0,3.0,4,1.39,0.48,1.267067039106147,6444,0.0671249999999997,40,41,1.025,SIN-200171268-4|qp10
2.0,50.0,10.0,3.0,16,1.39,0.48,1.2972263820296064,6277,0.0653854166666674,40,40,1.0,SIN-200171268-4|qp10
2.0,50.0,10.0,3.0,28,1.39,0.48,1.2662795031056004,6440,0.0670833333333322,40,40,1.0,SIN-200171268-4|qp10
2.0,50.0,24.0,3.0,10,1.39,0.48,1.192016223191779,16273,0.1695104166666663,96,96,1.0,SIN-200171268-4|qp24
2.0,50.0,24.0,3.0,22,1.39,0.48,1.2226783815896498,15991,0.1665729166666669,96,98,1.0208333333333333,SIN-200171268-4|qp24
1.8,50.0,27.0,3.0,4,1.39,0.48,1.188297802558172,18294,0.2117361111111151,108,108,1.0,SIN-22811726-0|qp27
1.8,50.0,27.0,3.0,16,1.39,0.48,1.229384581080345,17939,0.207627314814821,108,110,1.0185185185185186,SIN-22811726-0|qp27
1.8,50.0,27.0,3.0,28,1.39,0.48,1.171428647639445,18745,0.2169560185185242,108,109,1.0092592592592593,SIN-22811726-0|qp27
1.8,50.0,27.0,3.0,10,1.39,0.48,1.1125112175447294,19835,0.2295717592592625,108,109,1.0092592592592593,SIN-22811727-0|qp27
1.8,50.0,27.0,3.0,22,1.39,0.48,1.142265335529014,19432,0.2249074074074113,108,107,0.9907407407407408,SIN-22811727-0|qp27
1.8,50.0,27.0,3.0,4,1.39,0.48,1.1714379665837238,5626,0.06511574074074,108,109,1.0092592592592593,SIN-22811728-0|qp27
1.8,50.0,27.0,3.0,16,1.39,0.48,1.185253564338565,5541,0.0641319444444438,108,111,1.0277777777777777,SIN-22811728-0|qp27
1.8,50.0,27.0,3.0,28,1.39,0.48,1.2037564575645905,5420,0.0627314814814809,108,109,1.0092592592592593,SIN-22811728-0|qp27
1.8,50.0,45.0,3.0,10,1.39,0.48,1.0915502183406065,10076,0.1166203703703687,180,181,1.0055555555555555,SIN-22811728-0|qp45
1.8,50.0,45.0,3.0,22,1.39,0.48,1.0691385118875791,10389,0.1202430555555562,180,179,0.9944444444444444,SIN-22811728-0|qp45
1.8,50.0,22.0,3.0,4,1.39,0.48,1.2035921359546942,15005,0.1736689814814875,88,90,1.0227272727272727,SIN-22928582-0|qp22
1.8,50.0,22.0,3.0,16,1.39,0.48,1.1633644435802952,15429,0.1785763888888946,88,88,1.0,SIN-22928582-0|qp22
1.8,50.0,22.0,3.0,28,1.39,0.48,1.1487069517347226,15622,0.1808101851851891,88,89,1.0113636363636365,SIN-22928582-0|qp22
1.8,50.0,9.0,3.0,10,1.39,0.48,1.240135021097042,5925,0.0685763888888875,36,37,1.0277777777777777,SIN-22928582-0|qp9
1.8,50.0,9.0,3.0,22,1.39,0.48,1.2453837032017545,5903,0.0683217592592582,36,36,1.0,SIN-22928582-0|qp9
1.8,50.0,22.0,3.0,4,1.39,0.48,1.235743229130432,14363,0.1662384259259305,88,88,1.0,SIN-22928582-1|qp22
1.8,50.0,22.0,3.0,16,1.39,0.48,1.1714266189391522,15365,0.1778356481481536,88,88,1.0,SIN-22928582-1|qp22
1.8,50.0,22.0,3.0,28,1.39,0.48,1.146245296256156,15679,0.1814699074074109,88,90,1.0227272727272727,SIN-22928582-1|qp22
1.8,50.0,9.0,3.0,10,1.39,0.48,1.1985161185809092,6173,0.0714467592592586,36,37,1.0277777777777777,SIN-22928582-1|qp9
1.8,50.0,9.0,3.0,22,1.39,0.48,1.2033105134474278,6135,0.071006944444444,36,36,1.0,SIN-22928582-1|qp9
1.8,50.0,22.0,3.0,4,1.39,0.48,1.161748472177567,15545,0.1799189814814865,88,88,1.0,SIN-22928582-2|qp22
1.8,50.0,22.0,3.0,16,1.39,0.48,1.1419449901768284,15779,0.18262731481482,88,87,0.9886363636363636,SIN-22928582-2|qp22
1.8,50.0,22.0,3.0,28,1.39,0.48,1.153455014511421,15505,0.1794560185185239,88,88,1.0,SIN-22928582-2|qp22
1.8,50.0,9.0,3.0,10,1.39,0.48,1.2115364455364384,6105,0.0706597222222215,36,37,1.0277777777777777,SIN-22928582-2|qp9
1.8,50.0,9.0,3.0,22,1.39,0.48,1.2323949087254982,5971,0.0691087962962957,36,36,1.0,SIN-22928582-2|qp9
3.0,50.0,15.0,3.0,4,1.39,0.48,1.0051704312114658,12175,0.0845486111111107,60,58,0.9666666666666668,SIN-546209379-0|qp15
3.0,50.0,15.0,3.0,16,1.39,0.48,1.0285981939403892,11849,0.0822847222222217,60,62,1.0333333333333334,SIN-546209379-0|qp15
3.0,50.0,15.0,3.0,28,1.39,0.48,1.047742661702287,11549,0.080201388888888,60,60,1.0,SIN-546209379-0|qp15
3.0,50.0,36.0,3.0,10,1.39,0.48,0.7736841552714927,38101,0.264590277777778,144,143,0.9930555555555556,SIN-546209379-0|qp36
3.0,50.0,36.0,3.0,22,1.39,0.48,0.8004451642262147,37357,0.259423611111111,144,145,1.0069444444444444,SIN-546209379-0|qp36
3.0,50.0,15.0,3.0,4,1.39,0.48,1.339607821475874,9052,0.06286111111111,60,58,0.9666666666666668,SIN-546209379-1|qp15
3.0,50.0,15.0,3.0,16,1.39,0.48,1.329659065751554,9034,0.0627361111111109,60,58,0.9666666666666668,SIN-546209379-1|qp15
3.0,50.0,15.0,3.0,28,1.39,0.48,1.3249747419283775,9106,0.0632361111111102,60,59,0.9833333333333332,SIN-546209379-1|qp15
3.0,50.0,36.0,3.0,10,1.39,0.48,1.2133748890672529,23663,0.1643263888888897,144,145,1.0069444444444444,SIN-546209379-1|qp36
3.0,50.0,36.0,3.0,22,1.39,0.48,1.259043783292099,23091,0.1603541666666655,144,143,0.9930555555555556,SIN-546209379-1|qp36
3.0,50.0,15.0,3.0,4,1.39,0.48,1.3328692587288922,9079,0.0630486111111103,60,58,0.9666666666666668,SIN-546209379-2|qp15
3.0,50.0,15.0,3.0,16,1.39,0.48,1.3329475086005456,9011,0.0625763888888886,60,58,0.9666666666666668,SIN-546209379-2|qp15
3.0,50.0,15.0,3.0,28,1.39,0.48,1.3300783318622826,9064,0.0629444444444436,60,59,0.9833333333333332,SIN-546209379-2|qp15
3.0,50.0,36.0,3.0,10,1.39,0.48,1.211641522085253,23862,0.1657083333333324,144,143,0.9930555555555556,SIN-546209379-2|qp36
3.0,50.0,36.0,3.0,22,1.39,0.48,1.2539494744126538,23117,0.1605347222222208,144,143,0.9930555555555556,SIN-546209379-2|qp36
1.8,50.0,22.0,3.0,4,1.39,0.48,1.2535450558778092,14138,0.1636342592592638,88,91,1.0340909090909092,SIN-74587409-1|qp22
1.8,50.0,22.0,3.0,16,1.39,0.48,1.2168792866941147,14580,0.168750000000005,88,90,1.0227272727272727,SIN-74587409-1|qp22
1.8,50.0,22.0,3.0,28,1.39,0.48,1.165999609781464,15376,0.1779629629629664,88,89,1.0113636363636365,SIN-74587409-1|qp22
1.8,50.0,9.0,3.0,10,1.39,0.48,1.2685013956734117,5732,0.0663425925925915,36,36,1.0,SIN-74587409-1|qp9
1.8,50.0,9.0,3.0,22,1.39,0.48,1.31432976600761,5513,0.0638078703703694,36,36,1.0,SIN-74587409-1|qp9
1.8,50.0,22.0,3.0,4,1.39,0.48,1.2466985713280592,14209,0.1644560185185228,88,91,1.0340909090909092,SIN-74587409-2|qp22
1.8,50.0,22.0,3.0,16,1.39,0.48,1.227237226785461,14366,0.166273148148153,88,89,1.0113636363636365,SIN-74587409-2|qp22
1.8,50.0,22.0,3.0,28,1.39,0.48,1.167278110359177,15368,0.1778703703703738,88,89,1.0113636363636365,SIN-74587409-2|qp22
1.8,50.0,9.0,3.0,10,1.39,0.48,1.2685784057212612,5733,0.0663541666666655,36,36,1.0,SIN-74587409-2|qp9
1.8,50.0,9.0,3.0,22,1.39,0.48,1.3141007976794683,5516,0.0638425925925917,36,36,1.0,SIN-74587409-2|qp9
2.5,50.0,12.0,3.0,4,1.39,0.48,1.322182495858666,7244,0.0603666666666675,48,49,1.0208333333333333,TYO-1323228545-3|qp12
2.5,50.0,12.0,3.0,16,1.39,0.48,1.3532668539326016,7120,0.0593333333333346,48,49,1.0208333333333333,TYO-1323228545-3|qp12
2.5,50.0,12.0,3.0,28,1.39,0.48,1.356330469080166,7099,0.0591583333333341,48,48,1.0,TYO-1323228545-3|qp12
2.5,50.0,30.0,3.0,10,1.39,0.48,1.2554591279945833,19243,0.1603583333333344,120,116,0.9666666666666668,TYO-1323228545-3|qp30
2.5,50.0,30.0,3.0,22,1.39,0.48,1.2876046207498093,18352,0.152933333333333,120,119,0.9916666666666668,TYO-1323228545-3|qp30
2.5,50.0,50.0,3.0,11,1.39,0.48,1.065617242937306,37627,0.3135583333333363,198,192,0.9696969696969696,AMS-1073074102-0|qp50
2.5,50.0,50.0,3.0,23,1.39,0.48,1.0441394375409152,38225,0.3185416666666652,200,191,0.955,AMS-1073074102-0|qp50
1.2,50.0,14.0,3.0,5,1.39,0.48,1.2531630604505677,8966,0.1556597222222238,56,56,1.0,AMS-244428233-0|qp14
1.2,50.0,14.0,3.0,17,1.39,0.48,1.263523147629128,8921,0.1548784722222233,56,56,1.0,AMS-244428233-0|qp14
1.2,50.0,14.0,3.0,29,1.39,0.48,1.2313675213675286,9243,0.1604687500000015,56,56,1.0,AMS-244428233-0|qp14
1.2,50.0,6.0,3.0,11,1.39,0.48,1.3203161307754658,3701,0.0642534722222219,24,24,1.0,AMS-244428233-0|qp6
1.2,50.0,6.0,3.0,23,1.39,0.48,1.2941031874662647,3702,0.0642708333333338,24,25,1.0416666666666667,AMS-244428233-0|qp6
2.5,50.0,12.0,3.0,5,1.39,0.48,1.248718997698793,3911,0.032591666666667,48,48,1.0,AMS-4480498-0|qp12
2.5,50.0,12.0,3.0,17,1.39,0.48,1.272848928384711,3826,0.0318833333333337,48,50,1.0416666666666667,AMS-4480498-0|qp12
2.5,50.0,12.0,3.0,29,1.39,0.48,1.2675449569976345,3837,0.0319750000000004,48,47,0.9791666666666666,AMS-4480498-0|qp12
2.5,50.0,30.0,3.0,11,1.39,0.48,1.2303429035203346,9857,0.0821416666666676,120,122,1.0166666666666666,AMS-4480498-0|qp30
2.5,50.0,30.0,3.0,23,1.39,0.48,1.1798157919984646,10423,0.0868583333333346,120,122,1.0166666666666666,AMS-4480498-0|qp30
3.6,50.0,18.0,3.0,5,1.39,0.48,1.2240752949341422,11528,0.0667129629629639,72,72,1.0,AMS-4480626-0|qp18
3.6,50.0,18.0,3.0,17,1.39,0.48,1.2373942748421929,11563,0.0669155092592597,72,71,0.9861111111111112,AMS-4480626-0|qp18
3.6,50.0,18.0,3.0,29,1.39,0.48,1.2355441884456384,11632,0.0673148148148146,72,71,0.9861111111111112,AMS-4480626-0|qp18
3.6,50.0,43.0,3.0,11,1.39,0.48,1.0106519337016446,34390,0.1990162037037045,172,169,0.9825581395348836,AMS-4480626-0|qp43
3.6,50.0,43.0,3.0,23,1.39,0.48,1.0273462009621366,33469,0.1936863425925932,172,172,1.0,AMS-4480626-0|qp43
3.6,50.0,18.0,3.0,5,1.39,0.48,1.324158998895917,10868,0.0628935185185183,72,72,1.0,AMS-4480644-0|qp18
3.6,50.0,18.0,3.0,17,1.39,0.48,1.3248929747530274,10932,0.0632638888888887,72,73,1.0138888888888888,AMS-4480644-0|qp18
3.6,50.0,18.0,3.0,29,1.39,0.48,1.3327055823695158,10981,0.0635474537037035,72,72,1.0,AMS-4480644-0|qp18
3.6,50.0,43.0,3.0,11,1.39,0.48,1.2151782050836384,28759,0.1664293981481471,172,173,1.005813953488372,AMS-4480644-0|qp43
3.6,50.0,43.0,3.0,23,1.39,0.48,1.189184660563284,28945,0.1675057870370374,172,178,1.0348837209302326,AMS-4480644-0|qp43
2.5,50.0,12.0,3.0,5,1.39,0.48,1.3041690369767978,7383,0.0615250000000011,48,49,1.0208333333333333,AMS-4495978-0|qp12
2.5,50.0,12.0,3.0,17,1.39,0.48,1.2937481717856854,7521,0.0626750000000012,48,48,1.0,AMS-4495978-0|qp12
2.5,50.0,12.0,3.0,29,1.39,0.48,1.2934282658109515,7479,0.0623250000000011,48,47,0.9791666666666666,AMS-4495978-0|qp12
2.5,50.0,30.0,3.0,11,1.39,0.48,1.2707031003678484,19030,0.1585833333333338,120,118,0.9833333333333332,AMS-4495978-0|qp30
2.5,50.0,30.0,3.0,23,1.39,0.48,1.1676576662990574,20851,0.1737583333333354,120,119,0.9916666666666668,AMS-4495978-0|qp30
2.5,50.0,12.0,3.0,5,1.39,0.48,1.1584414327202184,7231,0.0602583333333344,48,48,1.0,AMS-4495979-0|qp12
2.5,50.0,12.0,3.0,17,1.39,0.48,1.1680924137931092,7250,0.0604166666666679,48,48,1.0,AMS-4495979-0|qp12
2.5,50.0,12.0,3.0,29,1.39,0.48,1.166872405203402,7226,0.0602166666666674,48,48,1.0,AMS-4495979-0|qp12
2.5,50.0,30.0,3.0,11,1.39,0.48,1.138470281146316,18389,0.1532416666666667,120,122,1.0166666666666666,AMS-4495979-0|qp30
2.5,50.0,30.0,3.0,23,1.39,0.48,1.0672179539021802,19784,0.1648666666666681,120,122,1.0166666666666666,AMS-4495979-0|qp30
2.5,50.0,12.0,3.0,5,1.39,0.48,1.1514889619539297,8516,0.0709666666666678,48,49,1.0208333333333333,AMS-4496429-0|qp12
2.5,50.0,12.0,3.0,17,1.39,0.48,1.1270570125427692,8770,0.0730833333333345,48,48,1.0,AMS-4496429-0|qp12
2.5,50.0,12.0,3.0,29,1.39,0.48,1.1215080262265642,8846,0.0737166666666684,48,47,0.9791666666666666,AMS-4496429-0|qp12
2.5,50.0,30.0,3.0,11,1.39,0.48,0.932750592394754,26587,0.2215583333333355,120,119,0.9916666666666668,AMS-4496429-0|qp30
2.5,50.0,30.0,3.0,23,1.39,0.48,0.9186895814913244,27144,0.2262000000000027,120,118,0.9833333333333332,AMS-4496429-0|qp30
2.5,50.0,12.0,3.0,5,1.39,0.48,1.3226735537189644,7260,0.060500000000001,48,49,1.0208333333333333,AMS-7370864-0|qp12
2.5,50.0,12.0,3.0,17,1.39,0.48,1.3362047942358566,7217,0.0601416666666679,48,48,1.0,AMS-7370864-0|qp12
2.5,50.0,12.0,3.0,29,1.39,0.48,1.3144509219089069,7376,0.0614666666666678,48,47,0.9791666666666666,AMS-7370864-0|qp12
2.5,50.0,30.0,3.0,11,1.39,0.48,1.2616850656113097,19204,0.1600333333333343,120,119,0.9916666666666668,AMS-7370864-0|qp30
2.5,50.0,30.0,3.0,23,1.39,0.48,1.233060695404736,19672,0.1639333333333361,120,117,0.975,AMS-7370864-0|qp30
4.0,50.0,80.0,3.0,5,1.39,0.48,1.0780607507848794,59884,0.3118958333333361,320,320,1.0,AMS-7371505-0|qp80
4.0,50.0,80.0,3.0,17,1.39,0.48,0.9871037922302452,64764,0.3373124999999999,320,311,0.971875,AMS-7371505-0|qp80
4.0,50.0,80.0,3.0,29,1.39,0.48,0.9860425355104462,64981,0.3384427083333307,320,313,0.978125,AMS-7371505-0|qp80
4.0,50.0,100.0,3.0,11,1.39,0.48,0.8759370459523456,92226,0.4803437499999985,400,400,1.0,AMS-7371505-3|qp100
4.0,50.0,100.0,3.0,23,1.39,0.48,0.8190627778227448,98984,0.5155416666666669,400,402,1.005,AMS-7371505-3|qp100
4.0,50.0,60.0,3.0,5,1.39,0.48,1.1505135784667213,41610,0.2167187499999976,240,238,0.9916666666666668,AMS-7371505-3|qp60
4.0,50.0,60.0,3.0,17,1.39,0.48,1.162689710068145,41458,0.2159270833333329,240,243,1.0125,AMS-7371505-3|qp60
4.0,50.0,60.0,3.0,29,1.39,0.48,1.1524668027374432,41645,0.2169010416666661,240,240,1.0,AMS-7371505-3|qp60
2.5,50.0,38.0,3.0,11,1.39,0.48,1.1915191205706657,25653,0.2137750000000029,152,150,0.986842105263158,LON-4082553-0|qp38
2.5,50.0,38.0,3.0,23,1.39,0.48,1.1995542597739153,25553,0.2129416666666692,152,155,1.019736842105263,LON-4082553-0|qp38
2.5,50.0,62.0,3.0,5,1.39,0.48,1.045614418350577,47606,0.3967166666666688,248,247,0.995967741935484,LON-4082553-0|qp62
2.5,50.0,62.0,3.0,17,1.39,0.48,1.08928151563497,45763,0.3813583333333325,248,248,1.0,LON-4082553-0|qp62
2.5,50.0,62.0,3.0,29,1.39,0.48,1.0770084573825949,43867,0.3655583333333356,248,234,0.9435483870967742,LON-4082553-0|qp62
2.5,50.0,38.0,3.0,11,1.39,0.48,1.1834012557296822,25961,0.2163416666666688,152,148,0.9736842105263158,LON-4082554-0|qp38
2.5,50.0,38.0,3.0,23,1.39,0.48,1.1907837921197155,25938,0.2161500000000042,152,152,1.0,LON-4082554-0|qp38
2.5,50.0,62.0,3.0,5,1.39,0.48,1.0620397077306512,46943,0.3911916666666706,248,243,0.9798387096774194,LON-4082554-0|qp62
2.5,50.0,62.0,3.0,17,1.39,0.48,1.0561268346019594,47558,0.3963166666666673,248,248,1.0,LON-4082554-0|qp62
2.5,50.0,62.0,3.0,29,1.39,0.48,1.0192298989899793,49500,0.4125000000000025,248,245,0.9879032258064516,LON-4082554-0|qp62
2.5,50.0,38.0,3.0,11,1.39,0.48,1.2086358431713098,25327,0.2110583333333354,152,151,0.993421052631579,LON-4082592-0|qp38
2.5,50.0,38.0,3.0,23,1.39,0.48,1.1964587391880792,25666,0.2138833333333368,152,153,1.006578947368421,LON-4082592-0|qp38
2.5,50.0,62.0,3.0,5,1.39,0.48,0.992361171495184,50602,0.4216833333333376,248,245,0.9879032258064516,LON-4082592-0|qp62
2.5,50.0,62.0,3.0,17,1.39,0.48,1.0476397021917982,47816,0.3984666666666707,248,250,1.0080645161290325,LON-4082592-0|qp62
2.5,50.0,62.0,3.0,29,1.39,0.48,1.129313725490248,43758,0.3646500000000024,248,252,1.0161290322580645,LON-4082592-0|qp62
2.5,50.0,50.0,3.0,11,1.39,0.48,1.1379461086426907,13954,0.1162833333333328,200,202,1.01,SIN-1105987650-1|qp50
2.5,50.0,50.0,3.0,23,1.39,0.48,1.1518133871092624,12893,0.1074416666666665,174,171,0.9827586206896552,SIN-1105987650-1|qp50
2.0,50.0,10.0,3.0,5,1.39,0.48,1.24904317386231,2571,0.0267812499999992,40,39,0.975,SIN-131164229-0|qp10
2.0,50.0,10.0,3.0,17,1.39,0.48,1.24713181291069,2587,0.0269479166666659,40,41,1.025,SIN-131164229-0|qp10
2.0,50.0,10.0,3.0,29,1.39,0.48,1.241755133669114,2581,0.0268854166666658,40,41,1.025,SIN-131164229-0|qp10
2.0,50.0,24.0,3.0,11,1.39,0.48,1.212342964824132,6368,0.066333333333333,96,97,1.0104166666666667,SIN-131164229-0|qp24
2.0,50.0,24.0,3.0,23,1.39,0.48,1.164906316107578,6618,0.0689374999999993,96,96,1.0,SIN-131164229-0|qp24
1.8,50.0,22.0,3.0,5,1.39,0.48,1.0952624511718971,16384,0.189629629629637,88,87,0.9886363636363636,SIN-139715353-1|qp22
1.8,50.0,22.0,3.0,17,1.39,0.48,1.109992072203954,16398,0.1897916666666728,88,89,1.0113636363636365,SIN-139715353-1|qp22
1.8,50.0,22.0,3.0,29,1.39,0.48,1.1337978262234805,15917,0.1842245370370435,86,89,1.0348837209302326,SIN-139715353-1|qp22
1.8,50.0,9.0,3.0,11,1.39,0.48,1.253516371077796,5864,0.06787037037037,36,37,1.0277777777777777,SIN-139715353-1|qp9
1.8,50.0,9.0,3.0,23,1.39,0.48,1.167346711259762,6279,0.072673611111111,36,35,0.9722222222222222,SIN-139715353-1|qp9
3.0,50.0,15.0,3.0,5,1.39,0.48,1.260458363579804,9643,0.0669652777777771,60,60,1.0,SIN-1464509030-0|qp15
3.0,50.0,15.0,3.0,17,1.39,0.48,1.2552722772276903,9696,0.0673333333333328,60,59,0.9833333333333332,SIN-1464509030-0|qp15
3.0,50.0,15.0,3.0,29,1.39,0.48,1.2526698036006283,9776,0.0678888888888883,60,60,1.0,SIN-1464509030-0|qp15
3.0,50.0,36.0,3.0,11,1.39,0.48,1.1282512334258383,25944,0.1801666666666673,144,143,0.9930555555555556,SIN-1464509030-0|qp36
3.0,50.0,36.0,3.0,23,1.39,0.48,1.126953136984212,26076,0.1810833333333312,144,149,1.0347222222222223,SIN-1464509030-0|qp36
2.0,50.0,10.0,3.0,5,1.39,0.48,1.3525942200439136,5917,0.061635416666666,40,40,1.0,SIN-166571436-2|qp10
2.0,50.0,10.0,3.0,17,1.39,0.48,1.3309670475244326,6039,0.0629062499999989,40,40,1.0,SIN-166571436-2|qp10
2.0,50.0,10.0,3.0,29,1.39,0.48,1.3451221133078943,6019,0.0626979166666662,40,41,1.025,SIN-166571436-2|qp10
2.0,50.0,24.0,3.0,11,1.39,0.48,1.3072463175122313,14664,0.1527500000000005,96,96,1.0,SIN-166571436-2|qp24
2.0,50.0,24.0,3.0,23,1.39,0.48,1.2373460448337672,15524,0.1617083333333321,96,96,1.0,SIN-166571436-2|qp24
2.0,50.0,10.0,3.0,5,1.39,0.48,1.281168216932023,6343,0.0660729166666653,40,41,1.025,SIN-166571436-3|qp10
2.0,50.0,10.0,3.0,17,1.39,0.48,1.2754629629629708,6372,0.0663749999999991,40,39,0.975,SIN-166571436-3|qp10
2.0,50.0,10.0,3.0,29,1.39,0.48,1.2537654792845403,6541,0.0681354166666656,40,41,1.025,SIN-166571436-3|qp10
2.0,50.0,24.0,3.0,11,1.39,0.48,1.2473122580645015,15500,0.1614583333333335,96,96,1.0,SIN-166571436-3|qp24
2.0,50.0,24.0,3.0,23,1.39,0.48,1.1791228070175042,16416,0.1710000000000006,96,98,1.0208333333333333,SIN-166571436-3|qp24
1.8,50.0,22.0,3.0,5,1.39,0.48,1.235460874408264,14364,0.1662500000000056,88,88,1.0,SIN-170969415-0|qp22
1.8,50.0,22.0,3.0,17,1.39,0.48,1.2329625520111178,14420,0.1668981481481538,88,88,1.0,SIN-170969415-0|qp22
1.8,50.0,22.0,3.0,29,1.39,0.48,1.2849665649076285,13758,0.1592361111111143,88,89,1.0113636363636365,SIN-170969415-0|qp22
1.8,50.0,9.0,3.0,11,1.39,0.48,1.330599781897526,5502,0.0636805555555546,36,36,1.0,SIN-170969415-0|qp9
1.8,50.0,9.0,3.0,23,1.39,0.48,1.2312912506346343,5909,0.068391203703703,36,35,0.9722222222222222,SIN-170969415-0|qp9
2.0,50.0,10.0,3.0,5,1.39,0.48,1.299840554034439,6209,0.0646770833333324,40,40,1.0,SIN-190681368-0|qp10
2.0,50.0,10.0,3.0,17,1.39,0.48,1.3044194695989737,6184,0.0644166666666654,40,39,0.975,SIN-190681368-0|qp10
2.0,50.0,10.0,3.0,29,1.39,0.48,1.3074802514912471,6203,0.0646145833333325,40,41,1.025,SIN-190681368-0|qp10
2.0,50.0,24.0,3.0,11,1.39,0.48,1.2223835012594142,15880,0.1654166666666664,96,96,1.0,SIN-190681368-0|qp24
2.0,50.0,24.0,3.0,23,1.39,0.48,1.1657565217390995,16675,0.1736979166666648,96,96,1.0,SIN-190681368-0|qp24
2.0,50.0,10.0,3.0,5,1.39,0.48,1.301211681187454,6198,0.0645624999999987,40,40,1.0,SIN-197634752-1|qp10
2.0,50.0,10.0,3.0,17,1.39,0.48,1.2625717852684222,6408,0.0667499999999989,40,40,1.0,SIN-197634752-1|qp10
2.0,50.0,10.0,3.0,29,1.39,0.48,1.281846903489501,6362,0.0662708333333321,40,40,1.0,SIN-197634752-1|qp10
2.0,50.0,24.0,3.0,11,1.39,0.48,1.2316909936898026,15689,0.1634270833333336,96,95,0.9895833333333334,SIN-197634752-1|qp24
2.0,50.0,24.0,3.0,23,1.39,0.48,1.1363788743162602,17003,0.1771145833333337,96,94,0.9791666666666666,SIN-197634752-1|qp24
2.0,50.0,10.0,3.0,5,1.39,0.48,1.3272969396194951,6045,0.0629687499999993,40,40,1.0,SIN-198571185-1|qp10
2.0,50.0,10.0,3.0,17,1.39,0.48,1.276504746835449,6320,0.0658333333333323,40,39,0.975,SIN-198571185-1|qp10
2.0,50.0,10.0,3.0,29,1.39,0.48,1.2987961476725804,6230,0.0648958333333326,40,41,1.025,SIN-198571185-1|qp10
2.0,50.0,24.0,3.0,11,1.39,0.48,1.2477418317468008,15548,0.1619583333333334,96,96,1.0,SIN-198571185-1|qp24
2.0,50.0,24.0,3.0,23,1.39,0.48,1.178515791395326,16433,0.1711770833333318,96,97,1.0104166666666667,SIN-198571185-1|qp24
2.0,50.0,10.0,3.0,5,1.39,0.48,1.3061119269048531,6129,0.0638437499999989,40,39,0.975,SIN-198571185-2|qp10
2.0,50.0,10.0,3.0,17,1.39,0.48,1.2871531676022538,6235,0.0649479166666654,40,39,0.975,SIN-198571185-2|qp10
2.0,50.0,10.0,3.0,29,1.39,0.48,1.2978961704855292,6241,0.0650104166666659,40,41,1.025,SIN-198571185-2|qp10
2.0,50.0,24.0,3.0,11,1.39,0.48,1.254799560325829,15466,0.1611041666666659,96,96,1.0,SIN-198571185-2|qp24
2.0,50.0,24.0,3.0,23,1.39,0.48,1.1569020052518273,16756,0.1745416666666663,96,97,1.0104166666666667,SIN-198571185-2|qp24
2.0,50.0,10.0,3.0,5,1.39,0.48,1.328862433862407,6048,0.062999999999999,40,40,1.0,SIN-198571185-3|qp10
2.0,50.0,10.0,3.0,17,1.39,0.48,1.276579113924056,6320,0.0658333333333323,40,39,0.975,SIN-198571185-3|qp10
2.0,50.0,10.0,3.0,29,1.39,0.48,1.2978329860554876,6239,0.0649895833333326,40,41,1.025,SIN-198571185-3|qp10
2.0,50.0,24.0,3.0,11,1.39,0.48,1.255460701959987,15357,0.1599687500000008,96,96,1.0,SIN-198571185-3|qp24
2.0,50.0,24.0,3.0,23,1.39,0.48,1.1781778622211194,16316,0.169958333333331,96,98,1.0208333333333333,SIN-198571185-3|qp24
2.0,50.0,10.0,3.0,5,1.39,0.48,1.2913120282639827,6227,0.0648645833333325,40,40,1.0,SIN-200167221-1|qp10
2.0,50.0,10.0,3.0,17,1.39,0.48,1.300955763642245,6194,0.0645208333333324,40,40,1.0,SIN-200167221-1|qp10
2.0,50.0,10.0,3.0,29,1.39,0.48,1.2986354900704966,6244,0.0650416666666655,40,41,1.025,SIN-200167221-1|qp10
2.0,50.0,24.0,3.0,11,1.39,0.48,1.198279982663585,16151,0.1682395833333326,96,95,0.9895833333333334,SIN-200167221-1|qp24
2.0,50.0,24.0,3.0,23,1.39,0.48,1.183846294937597,16356,0.1703750000000013,96,98,1.0208333333333333,SIN-200167221-1|qp24
2.0,50.0,10.0,3.0,5,1.39,0.48,1.257753373078104,6374,0.0663958333333325,40,38,0.95,SIN-200171267-0|qp10
2.0,50.0,10.0,3.0,17,1.39,0.48,1.2460664819944671,6498,0.067687499999999,38,38,1.0,SIN-200171267-0|qp10
2.0,50.0,10.0,3.0,29,1.39,0.48,1.2206508434094894,6699,0.0697812500000003,40,40,1.0,SIN-200171267-0|qp10
2.0,50.0,24.0,3.0,11,1.39,0.48,1.1799975626104235,16411,0.1709479166666658,96,97,1.0104166666666667,SIN-200171267-0|qp24
2.0,50.0,24.0,3.0,23,1.39,0.48,1.1615409521525106,16678,0.1737291666666653,96,96,1.0,SIN-200171267-0|qp24
2.0,50.0,10.0,3.0,5,1.39,0.48,1.2703286899358042,6389,0.0665520833333321,40,41,1.025,SIN-200171267-2|qp10
2.0,50.0,10.0,3.0,17,1.39,0.48,1.2262199879952045,6664,0.0694166666666654,40,39,0.975,SIN-200171267-2|qp10
2.0,50.0,10.0,3.0,29,1.39,0.48,1.2376700782661352,6644,0.0692083333333323,40,41,1.025,SIN-200171267-2|qp10
2.0,50.0,24.0,3.0,11,1.39,0.48,1.1809681107099632,16620,0.1731250000000011,96,96,1.0,SIN-200171267-2|qp24
2.0,50.0,24.0,3.0,23,1.39,0.48,1.1323268874478616,17272,0.1799166666666668,96,96,1.0,SIN-200171267-2|qp24
2.0,50.0,10.0,3.0,5,1.39,0.48,1.2449523516753545,6506,0.0677708333333318,40,40,1.0,SIN-200171268-0|qp10
2.0,50.0,10.0,3.0,17,1.39,0.48,1.2297997269003234,6591,0.0686562499999987,40,39,0.975,SIN-200171268-0|qp10
2.0,50.0,10.0,3.0,29,1.39,0.48,1.2388213042820722,6609,0.068843749999999,40,40,1.0,SIN-200171268-0|qp10
2.0,50.0,24.0,3.0,11,1.39,0.48,1.1824272434533871,16459,0.1714479166666662,96,96,1.0,SIN-200171268-0|qp24
2.0,50.0,24.0,3.0,23,1.39,0.48,1.1302791423452114,17303,0.1802395833333329,96,97,1.0104166666666667,SIN-200171268-0|qp24
2.0,50.0,10.0,3.0,5,1.39,0.48,1.26845030617049,6369,0.0663437499999988,40,39,0.975,SIN-200171268-4|qp10
2.0,50.0,10.0,3.0,17,1.39,0.48,1.2577538031667252,6442,0.0671041666666657,40,40,1.0,SIN-200171268-4|qp10
2.0,50.0,10.0,3.0,29,1.39,0.48,1.2633985518410389,6491,0.0676145833333327,40,41,1.025,SIN-200171268-4|qp10
2.0,50.0,24.0,3.0,11,1.39,0.48,1.223073905340373,15804,0.1646249999999995,96,96,1.0,SIN-200171268-4|qp24
2.0,50.0,24.0,3.0,23,1.39,0.48,1.1450944716584617,17148,0.1786250000000005,96,98,1.0208333333333333,SIN-200171268-4|qp24
1.8,50.0,27.0,3.0,5,1.39,0.48,1.1586851483074074,19082,0.2208564814814874,108,110,1.0185185185185186,SIN-22811726-0|qp27
1.8,50.0,27.0,3.0,17,1.39,0.48,1.134101883517991,19591,0.226747685185186,108,107,0.9907407407407408,SIN-22811726-0|qp27
1.8,50.0,27.0,3.0,29,1.39,0.48,1.1778748498416618,18314,0.2119675925925968,108,111,1.0277777777777777,SIN-22811726-0|qp27
1.8,50.0,27.0,3.0,11,1.39,0.48,1.2018324780664678,18123,0.2097569444444484,108,109,1.0092592592592593,SIN-22811727-0|qp27
1.8,50.0,27.0,3.0,23,1.39,0.48,1.1011584819205305,20078,0.2323842592592629,108,110,1.0185185185185186,SIN-22811727-0|qp27
1.8,50.0,27.0,3.0,5,1.39,0.48,1.1784514151793697,5547,0.0642013888888887,108,109,1.0092592592592593,SIN-22811728-0|qp27
1.8,50.0,27.0,3.0,17,1.39,0.48,1.1530534082923471,5692,0.065879629629628,108,108,1.0,SIN-22811728-0|qp27
1.8,50.0,27.0,3.0,29,1.39,0.48,1.1565189761694514,5665,0.0655671296296291,108,108,1.0,SIN-22811728-0|qp27
1.8,50.0,45.0,3.0,11,1.39,0.48,1.1532177692960226,9432,0.1091666666666674,180,179,0.9944444444444444,SIN-22811728-0|qp45
1.8,50.0,45.0,3.0,23,1.39,0.48,1.0932165861513583,9936,0.115,180,180,1.0,SIN-22811728-0|qp45
1.8,50.0,22.0,3.0,5,1.39,0.48,1.1568038075768363,15653,0.1811689814814878,88,87,0.9886363636363636,SIN-22928582-0|qp22
1.8,50.0,22.0,3.0,17,1.39,0.48,1.1648055376690565,15530,0.1797453703703763,88,88,1.0,SIN-22928582-0|qp22
1.8,50.0,22.0,3.0,29,1.39,0.48,1.213972602739659,14965,0.1732060185185239,88,89,1.0113636363636365,SIN-22928582-0|qp22
1.8,50.0,9.0,3.0,11,1.39,0.48,1.2816371527778168,5760,0.0666666666666663,36,37,1.0277777777777777,SIN-22928582-0|qp9
1.8,50.0,9.0,3.0,23,1.39,0.48,1.1789615384615475,6240,0.072222222222222,36,35,0.9722222222222222,SIN-22928582-0|qp9
1.8,50.0,22.0,3.0,5,1.39,0.48,1.146721478001401,15751,0.1823032407407472,88,87,0.9886363636363636,SIN-22928582-1|qp22
1.8,50.0,22.0,3.0,17,1.39,0.48,1.23898695531504,14412,0.1668055555555618,88,88,1.0,SIN-22928582-1|qp22
1.8,50.0,22.0,3.0,29,1.39,0.48,1.2285951319848551,14585,0.1688078703703757,88,88,1.0,SIN-22928582-1|qp22
1.8,50.0,9.0,3.0,11,1.39,0.48,1.240224907687178,5958,0.0689583333333329,36,37,1.0277777777777777,SIN-22928582-1|qp9
1.8,50.0,9.0,3.0,23,1.39,0.48,1.1526740903387798,6376,0.0737962962962959,36,35,0.9722222222222222,SIN-22928582-1|qp9
1.8,50.0,22.0,3.0,5,1.39,0.48,1.1467112129311654,15714,0.1818750000000077,88,87,0.9886363636363636,SIN-22928582-2|qp22
1.8,50.0,22.0,3.0,17,1.39,0.48,1.1633287946573427,15423,0.1785069444444514,88,89,1.0113636363636365,SIN-22928582-2|qp22
1.8,50.0,22.0,3.0,29,1.39,0.48,1.196897470039885,15020,0.1738425925925985,88,87,0.9886363636363636,SIN-22928582-2|qp22
1.8,50.0,9.0,3.0,11,1.39,0.48,1.2572676295667289,5885,0.0681134259259256,36,37,1.0277777777777777,SIN-22928582-2|qp9
1.8,50.0,9.0,3.0,23,1.39,0.48,1.159914691943137,6330,0.0732638888888883,36,35,0.9722222222222222,SIN-22928582-2|qp9
3.0,50.0,15.0,3.0,5,1.39,0.48,0.9541401077752112,12990,0.0902083333333331,60,57,0.95,SIN-546209379-0|qp15
3.0,50.0,15.0,3.0,17,1.39,0.48,1.0347215923405988,11907,0.0826874999999991,60,59,0.9833333333333332,SIN-546209379-0|qp15
3.0,50.0,15.0,3.0,29,1.39,0.48,0.912813794088241,14006,0.0972638888888894,60,60,1.0,SIN-546209379-0|qp15
3.0,50.0,36.0,3.0,11,1.39,0.48,0.8002388526145504,35838,0.2488750000000037,144,144,1.0,SIN-546209379-0|qp36
3.0,50.0,36.0,3.0,23,1.39,0.48,0.756432131562301,39525,0.2744791666666665,144,144,1.0,SIN-546209379-0|qp36
3.0,50.0,15.0,3.0,5,1.39,0.48,1.3245094195796738,9183,0.0637708333333325,60,59,0.9833333333333332,SIN-546209379-1|qp15
3.0,50.0,15.0,3.0,17,1.39,0.48,1.3374991730068972,9069,0.0629791666666662,60,58,0.9666666666666668,SIN-546209379-1|qp15
3.0,50.0,15.0,3.0,29,1.39,0.48,1.3273514878664538,9107,0.0632430555555548,60,60,1.0,SIN-546209379-1|qp15
3.0,50.0,36.0,3.0,11,1.39,0.48,1.2172864828514134,23792,0.1652222222222208,144,142,0.9861111111111112,SIN-546209379-1|qp36
3.0,50.0,36.0,3.0,23,1.39,0.48,1.2181718163807629,23723,0.1647430555555555,144,144,1.0,SIN-546209379-1|qp36
3.0,50.0,15.0,3.0,5,1.39,0.48,1.331738223344692,9107,0.0632430555555548,60,59,0.9833333333333332,SIN-546209379-2|qp15
3.0,50.0,15.0,3.0,17,1.39,0.48,1.3349873917333213,9121,0.0633402777777775,60,58,0.9666666666666668,SIN-546209379-2|qp15
3.0,50.0,15.0,3.0,29,1.39,0.48,1.326037632644109,9141,0.0634791666666659,60,60,1.0,SIN-546209379-2|qp15
3.0,50.0,36.0,3.0,11,1.39,0.48,1.2214484009788729,23702,0.16459722222222,144,143,0.9930555555555556,SIN-546209379-2|qp36
3.0,50.0,36.0,3.0,23,1.39,0.48,1.2318245778611885,23452,0.16286111111111,144,145,1.0069444444444444,SIN-546209379-2|qp36
1.8,50.0,22.0,3.0,5,1.39,0.48,1.1849849889919557,14989,0.1734837962963004,88,90,1.0227272727272727,SIN-74587409-1|qp22
1.8,50.0,22.0,3.0,17,1.39,0.48,1.2004932007306977,14781,0.1710763888888948,88,89,1.0113636363636365,SIN-74587409-1|qp22
1.8,50.0,22.0,3.0,29,1.39,0.48,1.241336335296084,14435,0.167071759259264,88,87,0.9886363636363636,SIN-74587409-1|qp22
1.8,50.0,9.0,3.0,11,1.39,0.48,1.336808666911529,5446,0.0630324074074065,36,36,1.0,SIN-74587409-1|qp9
1.8,50.0,9.0,3.0,23,1.39,0.48,1.217757229320792,5948,0.0688425925925919,36,36,1.0,SIN-74587409-1|qp9
1.8,50.0,22.0,3.0,5,1.39,0.48,1.1810579595077706,15114,0.17493055555556,88,88,1.0,SIN-74587409-2|qp22
1.8,50.0,22.0,3.0,17,1.39,0.48,1.1954167507568387,14865,0.1720486111111167,88,89,1.0113636363636365,SIN-74587409-2|qp22
1.8,50.0,22.0,3.0,29,1.39,0.48,1.2442844240655289,14394,0.1665972222222265,88,87,0.9886363636363636,SIN-74587409-2|qp22
1.8,50.0,9.0,3.0,11,1.39,0.48,1.3481223354958665,5395,0.0624421296296289,36,37,1.0277777777777777,SIN-74587409-2|qp9
1.8,50.0,9.0,3.0,23,1.39,0.48,1.249884403036586,5796,0.0670833333333321,36,36,1.0,SIN-74587409-2|qp9
2.5,50.0,12.0,3.0,5,1.39,0.48,1.3397193183445122,6983,0.0581916666666674,48,49,1.0208333333333333,TYO-1323228545-3|qp12
2.5,50.0,12.0,3.0,17,1.39,0.48,1.3361117271971372,7214,0.060116666666668,48,48,1.0,TYO-1323228545-3|qp12
2.5,50.0,12.0,3.0,29,1.39,0.48,1.331698322473326,7213,0.0601083333333344,48,47,0.9791666666666666,TYO-1323228545-3|qp12
2.5,50.0,30.0,3.0,11,1.39,0.48,1.2762185409366074,18834,0.1569500000000007,120,118,0.9833333333333332,TYO-1323228545-3|qp30
2.5,50.0,30.0,3.0,23,1.39,0.48,1.2236101137801398,19775,0.1647916666666667,120,119,0.9916666666666668,TYO-1323228545-3|qp30
