W,L,qp,qr,seed,v_ref,r_robot,mean_speed,speed_count,mean_density,inflow_ped,outflow_ped,flow_ratio,tag
2.5,50.0,50.0,4.0,0,1.39,0.48,0.977798326728368,40878,0.3406499999999977,200,205,1.025,AMS-1073074102-0|qp50
2.5,50.0,50.0,4.0,12,1.39,0.48,1.1157006913151042,35729,0.2977416666666656,200,189,0.945,AMS-1073074102-0|qp50
2.5,50.0,50.0,4.0,24,1.39,0.48,1.06362802777331,37734,0.3144499999999993,200,195,0.975,AMS-1073074102-0|qp50
1.2,50.0,14.0,4.0,6,1.39,0.48,1.274776338028185,8875,0.1540798611111124,56,55,0.9821428571428572,AMS-244428233-0|qp14
1.2,50.0,14.0,4.0,18,1.39,0.48,1.2130196417008086,9266,0.1608680555555563,56,56,1.0,AMS-244428233-0|qp14
1.2,50.0,6.0,4.0,0,1.39,0.48,1.2964562978610974,3787,0.0657465277777782,24,23,0.9583333333333334,AMS-244428233-0|qp6
1.2,50.0,6.0,4.0,12,1.39,0.48,1.2747422409258244,3802,0.0660069444444443,24,24,1.0,AMS-244428233-0|qp6
1.2,50.0,6.0,4.0,24,1.39,0.48,1.330500963391113,3633,0.0630729166666663,24,24,1.0,AMS-244428233-0|qp6
2.5,50.0,12.0,4.0,6,1.39,0.48,1.2669788441692398,3876,0.0323000000000004,48,47,0.9791666666666666,AMS-4480498-0|qp12
2.5,50.0,12.0,4.0,18,1.39,0.48,1.2637982888255082,3857,0.0321416666666669,48,48,1.0,AMS-4480498-0|qp12
2.5,50.0,30.0,4.0,0,1.39,0.48,1.20883567055105,10126,0.0843833333333342,120,121,1.0083333333333333,AMS-4480498-0|qp30
2.5,50.0,30.0,4.0,12,1.39,0.48,1.227579963789975,9942,0.0828500000000009,120,119,0.9916666666666668,AMS-4480498-0|qp30
2.5,50.0,30.0,4.0,24,1.39,0.48,1.2341960943034007,9883,0.0823583333333349,120,118,0.9833333333333332,AMS-4480498-0|qp30
3.6,50.0,18.0,4.0,6,1.39,0.48,1.243144522752973,11493,0.0665104166666665,72,72,1.0,AMS-4480626-0|qp18
3.6,50.0,18.0,4.0,18,1.39,0.48,1.1851424999999391,12000,0.0694444444444454,72,73,1.0138888888888888,AMS-4480626-0|qp18
3.6,50.0,43.0,4.0,0,1.39,0.48,0.9968072323956249,34622,0.2003587962962977,172,175,1.0174418604651163,AMS-4480626-0|qp43
3.6,50.0,43.0,4.0,12,1.39,0.48,1.0154129095615636,33603,0.1944618055555565,172,171,0.994186046511628,AMS-4480626-0|qp43
3.6,50.0,43.0,4.0,24,1.39,0.48,1.055096758212795,32297,0.1869039351851841,172,175,1.0174418604651163,AMS-4480626-0|qp43
3.6,50.0,18.0,4.0,6,1.39,0.48,1.359418692293177,10614,0.0614236111111113,72,73,1.0138888888888888,AMS-4480644-0|qp18
3.6,50.0,18.0,4.0,18,1.39,0.48,1.3059958524929438,11091,0.0641840277777779,72,72,1.0,AMS-4480644-0|qp18
3.6,50.0,43.0,4.0,0,1.39,0.48,1.1848068158629386,29402,0.1701504629629632,172,175,1.0174418604651163,AMS-4480644-0|qp43
3.6,50.0,43.0,4.0,12,1.39,0.48,1.2237030195381031,28150,0.1629050925925921,172,165,0.9593023255813954,AMS-4480644-0|qp43
3.6,50.0,43.0,4.0,24,1.39,0.48,1.2128507378379685,28326,0.1639236111111106,172,171,0.994186046511628,AMS-4480644-0|qp43
2.5,50.0,12.0,4.0,6,1.39,0.48,1.3091797891278187,7303,0.0608583333333348,48,47,0.9791666666666666,AMS-4495978-0|qp12
2.5,50.0,12.0,4.0,18,1.39,0.48,1.2925496997998551,7495,0.0624583333333341,48,49,1.0208333333333333,AMS-4495978-0|qp12
2.5,50.0,30.0,4.0,0,1.39,0.48,1.1885642575174598,20519,0.1709916666666675,120,114,0.95,AMS-4495978-0|qp30
2.5,50.0,30.0,4.0,12,1.39,0.48,1.263845872899943,19166,0.1597166666666683,120,120,1.0,AMS-4495978-0|qp30
2.5,50.0,30.0,4.0,24,1.39,0.48,1.2503801789685882,19333,0.1611083333333342,120,116,0.9666666666666668,AMS-4495978-0|qp30
2.5,50.0,12.0,4.0,6,1.39,0.48,1.1781342450460572,7166,0.0597166666666678,48,48,1.0,AMS-4495979-0|qp12
2.5,50.0,12.0,4.0,18,1.39,0.48,1.161379879054427,7276,0.0606333333333343,48,48,1.0,AMS-4495979-0|qp12
2.5,50.0,30.0,4.0,0,1.39,0.48,1.0674797242497565,19728,0.1644000000000013,120,122,1.0166666666666666,AMS-4495979-0|qp30
2.5,50.0,30.0,4.0,12,1.39,0.48,1.178972137274895,17658,0.1471499999999981,120,120,1.0,AMS-4495979-0|qp30
2.5,50.0,30.0,4.0,24,1.39,0.48,1.1306021712390673,18699,0.1558250000000007,120,119,0.9916666666666668,AMS-4495979-0|qp30
2.5,50.0,12.0,4.0,6,1.39,0.48,1.1436300400849289,8482,0.0706833333333346,48,49,1.0208333333333333,AMS-4496429-0|qp12
2.5,50.0,12.0,4.0,18,1.39,0.48,1.0989146084837702,9029,0.0752416666666682,48,48,1.0,AMS-4496429-0|qp12
2.5,50.0,30.0,4.0,0,1.39,0.48,0.9648231086229808,25722,0.2143500000000039,120,115,0.9583333333333334,AMS-4496429-0|qp30
2.5,50.0,30.0,4.0,12,1.39,0.48,0.9041349401016606,28131,0.2344250000000056,120,118,0.9833333333333332,AMS-4496429-0|qp30
2.5,50.0,30.0,4.0,24,1.39,0.48,0.9849539070227524,25275,0.2106250000000032,120,120,1.0,AMS-4496429-0|qp30
2.5,50.0,12.0,4.0,6,1.39,0.48,1.3454557069847406,7044,0.0587000000000016,48,47,0.9791666666666666,AMS-7370864-0|qp12
2.5,50.0,12.0,4.0,18,1.39,0.48,1.3240604485776613,7312,0.0609333333333343,48,49,1.0208333333333333,AMS-7370864-0|qp12
2.5,50.0,30.0,4.0,0,1.39,0.48,1.2045516559565093,20230,0.1685833333333344,120,116,0.9666666666666668,AMS-7370864-0|qp30
2.5,50.0,30.0,4.0,12,1.39,0.48,1.252918070166398,19297,0.1608083333333337,120,121,1.0083333333333333,AMS-7370864-0|qp30
2.5,50.0,30.0,4.0,24,1.39,0.48,1.2764010799936307,18889,0.1574083333333348,120,120,1.0,AMS-7370864-0|qp30
4.0,50.0,80.0,4.0,6,1.39,0.48,0.9820617951490552,64730,0.3371354166666644,320,323,1.009375,AMS-7371505-0|qp80
4.0,50.0,80.0,4.0,18,1.39,0.48,0.9766040600657596,65861,0.3430260416666659,320,314,0.98125,AMS-7371505-0|qp80
4.0,50.0,100.0,4.0,0,1.39,0.48,0.7977061305631422,102617,0.5344635416666695,400,400,1.0,AMS-7371505-3|qp100
4.0,50.0,100.0,4.0,12,1.39,0.48,0.8104629703682554,100028,0.5209791666666662,400,390,0.975,AMS-7371505-3|qp100
4.0,50.0,100.0,4.0,24,1.39,0.48,0.7161934891713188,102414,0.533406250000001,400,352,0.88,AMS-7371505-3|qp100
4.0,50.0,60.0,4.0,6,1.39,0.48,1.1405345949142358,42275,0.2201822916666674,240,240,1.0,AMS-7371505-3|qp60
4.0,50.0,60.0,4.0,18,1.39,0.48,1.131253416910122,42436,0.2210208333333359,240,244,1.0166666666666666,AMS-7371505-3|qp60
2.5,50.0,38.0,4.0,0,1.39,0.48,1.1798094027954684,25971,0.2164250000000036,152,157,1.0328947368421053,LON-4082553-0|qp38
2.5,50.0,38.0,4.0,12,1.39,0.48,1.2075791676537675,25326,0.2110500000000015,152,151,0.993421052631579,LON-4082553-0|qp38
2.5,50.0,38.0,4.0,24,1.39,0.48,1.227659746344605,24758,0.2063166666666691,152,151,0.993421052631579,LON-4082553-0|qp38
2.5,50.0,62.0,4.0,6,1.39,0.48,0.9059309424223896,56185,0.4682083333333428,248,241,0.9717741935483872,LON-4082553-0|qp62
2.5,50.0,62.0,4.0,18,1.39,0.48,1.1068086334769225,45034,0.3752833333333354,248,250,1.0080645161290325,LON-4082553-0|qp62
2.5,50.0,38.0,4.0,0,1.39,0.48,1.1669999238559672,26266,0.2188833333333372,152,157,1.0328947368421053,LON-4082554-0|qp38
2.5,50.0,38.0,4.0,12,1.39,0.48,1.2217255483819145,24937,0.2078083333333351,152,150,0.986842105263158,LON-4082554-0|qp38
2.5,50.0,38.0,4.0,24,1.39,0.48,1.2286725235754008,24814,0.206783333333337,152,151,0.993421052631579,LON-4082554-0|qp38
2.5,50.0,62.0,4.0,6,1.39,0.48,0.9430917754220411,52258,0.4354833333333398,248,236,0.9516129032258064,LON-4082554-0|qp62
2.5,50.0,62.0,4.0,18,1.39,0.48,1.084520270561288,46422,0.3868500000000021,248,249,1.0040322580645162,LON-4082554-0|qp62
2.5,50.0,38.0,4.0,0,1.39,0.48,1.1715906053084524,26185,0.2182083333333379,152,154,1.013157894736842,LON-4082592-0|qp38
2.5,50.0,38.0,4.0,12,1.39,0.48,1.2186900626821429,25047,0.2087250000000028,152,151,0.993421052631579,LON-4082592-0|qp38
2.5,50.0,38.0,4.0,24,1.39,0.48,1.232873816519699,24504,0.2042000000000031,152,151,0.993421052631579,LON-4082592-0|qp38
2.5,50.0,62.0,4.0,6,1.39,0.48,1.1433274829168598,42732,0.3561000000000026,248,244,0.9838709677419356,LON-4082592-0|qp62
2.5,50.0,62.0,4.0,18,1.39,0.48,1.0066010780051444,49907,0.4158916666666697,248,249,1.0040322580645162,LON-4082592-0|qp62
2.5,50.0,50.0,4.0,0,1.39,0.48,1.2245234604105542,8184,0.0682000000000021,104,106,1.0192307692307692,SIN-1105987650-1|qp50
2.5,50.0,50.0,4.0,12,1.39,0.48,1.1825372305984343,10811,0.0900916666666675,117,139,1.188034188034188,SIN-1105987650-1|qp50
2.5,50.0,50.0,4.0,24,1.39,0.48,1.133989815678133,13943,0.116191666666666,200,196,0.98,SIN-1105987650-1|qp50
2.0,50.0,10.0,4.0,6,1.39,0.48,1.2600505443234933,2572,0.0267916666666659,40,41,1.025,SIN-131164229-0|qp10
2.0,50.0,10.0,4.0,18,1.39,0.48,1.2565607625099395,2518,0.0262291666666658,40,38,0.95,SIN-131164229-0|qp10
2.0,50.0,24.0,4.0,0,1.39,0.48,1.187281538461546,6500,0.0677083333333331,96,97,1.0104166666666667,SIN-131164229-0|qp24
2.0,50.0,24.0,4.0,12,1.39,0.48,1.1978554957725058,6505,0.0677604166666666,96,98,1.0208333333333333,SIN-131164229-0|qp24
2.0,50.0,24.0,4.0,24,1.39,0.48,1.211634736180918,6368,0.0663333333333328,96,97,1.0104166666666667,SIN-131164229-0|qp24
1.8,50.0,22.0,4.0,6,1.39,0.48,1.1449376338667123,15874,0.1837268518518579,88,87,0.9886363636363636,SIN-139715353-1|qp22
1.8,50.0,22.0,4.0,18,1.39,0.48,1.0529828326180235,17242,0.1995601851851913,88,88,1.0,SIN-139715353-1|qp22
1.8,50.0,9.0,4.0,0,1.39,0.48,1.1379222187790856,6454,0.0746990740740736,36,36,1.0,SIN-139715353-1|qp9
1.8,50.0,9.0,4.0,12,1.39,0.48,1.1801198443580194,6425,0.0743634259259248,36,36,1.0,SIN-139715353-1|qp9
1.8,50.0,9.0,4.0,24,1.39,0.48,1.1856628818167387,6253,0.072372685185185,36,36,1.0,SIN-139715353-1|qp9
3.0,50.0,15.0,4.0,6,1.39,0.48,1.2851385070839825,9458,0.0656805555555544,60,60,1.0,SIN-1464509030-0|qp15
3.0,50.0,15.0,4.0,18,1.39,0.48,1.2492956872478584,9669,0.0671458333333321,60,59,0.9833333333333332,SIN-1464509030-0|qp15
3.0,50.0,36.0,4.0,0,1.39,0.48,1.121690929027897,26447,0.1836597222222204,144,147,1.0208333333333333,SIN-1464509030-0|qp36
3.0,50.0,36.0,4.0,12,1.39,0.48,1.164412882576522,24995,0.173576388888889,144,142,0.9861111111111112,SIN-1464509030-0|qp36
3.0,50.0,36.0,4.0,24,1.39,0.48,1.178164810690408,24695,0.1714930555555552,144,142,0.9861111111111112,SIN-1464509030-0|qp36
2.0,50.0,10.0,4.0,6,1.39,0.48,1.3699303313509166,5885,0.0613020833333332,40,41,1.025,SIN-166571436-2|qp10
2.0,50.0,10.0,4.0,18,1.39,0.48,1.3301492537312916,5963,0.0621145833333327,40,39,0.975,SIN-166571436-2|qp10
2.0,50.0,24.0,4.0,0,1.39,0.48,1.2357763656203795,15579,0.1622812500000009,96,96,1.0,SIN-166571436-2|qp24
2.0,50.0,24.0,4.0,12,1.39,0.48,1.2968829261781083,14982,0.1560624999999992,96,99,1.03125,SIN-166571436-2|qp24
2.0,50.0,24.0,4.0,24,1.39,0.48,1.2826840408382758,14888,0.1550833333333325,96,98,1.0208333333333333,SIN-166571436-2|qp24
2.0,50.0,10.0,4.0,6,1.39,0.48,1.2985965192399975,6263,0.065239583333333,40,42,1.05,SIN-166571436-3|qp10
2.0,50.0,10.0,4.0,18,1.39,0.48,1.2904928098238309,6189,0.0644687499999993,40,39,0.975,SIN-166571436-3|qp10
2.0,50.0,24.0,4.0,0,1.39,0.48,1.167507642510338,16683,0.1737812499999997,96,96,1.0,SIN-166571436-3|qp24
2.0,50.0,24.0,4.0,12,1.39,0.48,1.2054302453314043,16386,0.170687499999999,96,99,1.03125,SIN-166571436-3|qp24
2.0,50.0,24.0,4.0,24,1.39,0.48,1.200911395535783,16173,0.1684687499999994,96,97,1.0104166666666667,SIN-166571436-3|qp24
1.8,50.0,22.0,4.0,6,1.39,0.48,1.2653771567089829,14026,0.1623379629629668,88,85,0.9659090909090908,SIN-170969415-0|qp22
1.8,50.0,22.0,4.0,18,1.39,0.48,1.2370687012263164,14352,0.1661111111111166,88,89,1.0113636363636365,SIN-170969415-0|qp22
1.8,50.0,9.0,4.0,0,1.39,0.48,1.211873645607641,5999,0.0694328703703703,36,35,0.9722222222222222,SIN-170969415-0|qp9
1.8,50.0,9.0,4.0,12,1.39,0.48,1.2919619811650225,5734,0.0663657407407398,36,36,1.0,SIN-170969415-0|qp9
1.8,50.0,9.0,4.0,24,1.39,0.48,1.2752703403005778,5789,0.0670023148148146,36,36,1.0,SIN-170969415-0|qp9
2.0,50.0,10.0,4.0,6,1.39,0.48,1.311148046051585,6167,0.0642395833333336,40,41,1.025,SIN-190681368-0|qp10
2.0,50.0,10.0,4.0,18,1.39,0.48,1.3168722835171685,5982,0.0623124999999994,40,39,0.975,SIN-190681368-0|qp10
2.0,50.0,24.0,4.0,0,1.39,0.48,1.1692847209625856,16539,0.1722812500000007,96,95,0.9895833333333334,SIN-190681368-0|qp24
2.0,50.0,24.0,4.0,12,1.39,0.48,1.1990912426614424,16352,0.1703333333333319,96,98,1.0208333333333333,SIN-190681368-0|qp24
2.0,50.0,24.0,4.0,24,1.39,0.48,1.1913493872020695,16237,0.1691354166666669,96,97,1.0104166666666667,SIN-190681368-0|qp24
2.0,50.0,10.0,4.0,6,1.39,0.48,1.3141784725614936,6141,0.0639687500000001,40,42,1.05,SIN-197634752-1|qp10
2.0,50.0,10.0,4.0,18,1.39,0.48,1.2950790546046804,6135,0.0639062499999995,40,39,0.975,SIN-197634752-1|qp10
2.0,50.0,24.0,4.0,0,1.39,0.48,1.1717744883040837,16416,0.1709999999999998,96,95,0.9895833333333334,SIN-197634752-1|qp24
2.0,50.0,24.0,4.0,12,1.39,0.48,1.205494855463005,16328,0.1700833333333324,96,98,1.0208333333333333,SIN-197634752-1|qp24
2.0,50.0,24.0,4.0,24,1.39,0.48,1.2372840141524608,15545,0.1619270833333327,96,98,1.0208333333333333,SIN-197634752-1|qp24
2.0,50.0,10.0,4.0,6,1.39,0.48,1.3373038563830029,6016,0.0626666666666663,40,41,1.025,SIN-198571185-1|qp10
2.0,50.0,10.0,4.0,18,1.39,0.48,1.3148071808510189,6016,0.0626666666666655,40,39,0.975,SIN-198571185-1|qp10
2.0,50.0,24.0,4.0,0,1.39,0.48,1.1920283661587905,16146,0.1681875000000005,96,93,0.96875,SIN-198571185-1|qp24
2.0,50.0,24.0,4.0,12,1.39,0.48,1.2125164086687443,16150,0.1682291666666659,96,98,1.0208333333333333,SIN-198571185-1|qp24
2.0,50.0,24.0,4.0,24,1.39,0.48,1.2109721960710695,15933,0.1659687499999991,96,97,1.0104166666666667,SIN-198571185-1|qp24
2.0,50.0,10.0,4.0,6,1.39,0.48,1.335874149095156,6023,0.0627395833333334,40,41,1.025,SIN-198571185-2|qp10
2.0,50.0,10.0,4.0,18,1.39,0.48,1.3198289036544355,6020,0.062708333333332,40,39,0.975,SIN-198571185-2|qp10
2.0,50.0,24.0,4.0,0,1.39,0.48,1.1984289804556103,16066,0.1673541666666667,96,96,1.0,SIN-198571185-2|qp24
2.0,50.0,24.0,4.0,12,1.39,0.48,1.2037748385112257,16255,0.1693229166666673,96,98,1.0208333333333333,SIN-198571185-2|qp24
2.0,50.0,24.0,4.0,24,1.39,0.48,1.2031075921637533,15977,0.1664270833333321,96,96,1.0,SIN-198571185-2|qp24
2.0,50.0,10.0,4.0,6,1.39,0.48,1.3361710963455362,6020,0.0627083333333333,40,41,1.025,SIN-198571185-3|qp10
2.0,50.0,10.0,4.0,18,1.39,0.48,1.320790349417588,6010,0.0626041666666655,40,39,0.975,SIN-198571185-3|qp10
2.0,50.0,24.0,4.0,0,1.39,0.48,1.176378332214966,16393,0.1707604166666676,96,93,0.96875,SIN-198571185-3|qp24
2.0,50.0,24.0,4.0,12,1.39,0.48,1.208403288080702,16058,0.1672708333333321,96,99,1.03125,SIN-198571185-3|qp24
2.0,50.0,24.0,4.0,24,1.39,0.48,1.2027145348113135,16058,0.1672708333333318,96,97,1.0104166666666667,SIN-198571185-3|qp24
2.0,50.0,10.0,4.0,6,1.39,0.48,1.3258260583100177,6071,0.0632395833333332,40,42,1.05,SIN-200167221-1|qp10
2.0,50.0,10.0,4.0,18,1.39,0.48,1.2953426892949964,6128,0.0638333333333325,40,39,0.975,SIN-200167221-1|qp10
2.0,50.0,24.0,4.0,0,1.39,0.48,1.1856850073855434,16248,0.1692500000000014,96,96,1.0,SIN-200167221-1|qp24
2.0,50.0,24.0,4.0,12,1.39,0.48,1.2033294585500425,16345,0.1702604166666653,96,98,1.0208333333333333,SIN-200167221-1|qp24
2.0,50.0,24.0,4.0,24,1.39,0.48,1.1834973551482482,16258,0.1693541666666647,96,98,1.0208333333333333,SIN-200167221-1|qp24
2.0,50.0,10.0,4.0,6,1.39,0.48,1.2221571831822968,6731,0.070114583333333,40,42,1.05,SIN-200171267-0|qp10
2.0,50.0,10.0,4.0,18,1.39,0.48,1.2116468104357856,6631,0.0690729166666665,40,40,1.0,SIN-200171267-0|qp10
2.0,50.0,24.0,4.0,0,1.39,0.48,1.0996153187603364,17521,0.1825104166666664,96,94,0.9791666666666666,SIN-200171267-0|qp24
2.0,50.0,24.0,4.0,12,1.39,0.48,1.2093651681900297,16083,0.1675312499999997,94,97,1.0319148936170213,SIN-200171267-0|qp24
2.0,50.0,24.0,4.0,24,1.39,0.48,1.2178444807644169,15908,0.1657083333333317,94,95,1.0106382978723405,SIN-200171267-0|qp24
2.0,50.0,10.0,4.0,6,1.39,0.48,1.24987577639753,6601,0.0687604166666663,40,42,1.05,SIN-200171267-2|qp10
2.0,50.0,10.0,4.0,18,1.39,0.48,1.2325967865340042,6535,0.0680729166666652,40,39,0.975,SIN-200171267-2|qp10
2.0,50.0,24.0,4.0,0,1.39,0.48,1.122571641448881,17448,0.1817500000000006,96,96,1.0,SIN-200171267-2|qp24
2.0,50.0,24.0,4.0,12,1.39,0.48,1.1767467586535223,16814,0.1751458333333313,96,98,1.0208333333333333,SIN-200171267-2|qp24
2.0,50.0,24.0,4.0,24,1.39,0.48,1.1615798922800806,16710,0.1740624999999989,96,98,1.0208333333333333,SIN-200171267-2|qp24
2.0,50.0,10.0,4.0,6,1.39,0.48,1.247975225569671,6539,0.0681145833333331,40,42,1.05,SIN-200171268-0|qp10
2.0,50.0,10.0,4.0,18,1.39,0.48,1.252630417651649,6345,0.0660937499999986,40,39,0.975,SIN-200171268-0|qp10
2.0,50.0,24.0,4.0,0,1.39,0.48,1.1274461076114166,17303,0.1802395833333336,96,96,1.0,SIN-200171268-0|qp24
2.0,50.0,24.0,4.0,12,1.39,0.48,1.1491213752387792,17277,0.1799687499999994,96,98,1.0208333333333333,SIN-200171268-0|qp24
2.0,50.0,24.0,4.0,24,1.39,0.48,1.148304117407269,17171,0.178864583333332,96,97,1.0104166666666667,SIN-200171268-0|qp24
2.0,50.0,10.0,4.0,6,1.39,0.48,1.2717277812305887,6436,0.0670416666666666,40,42,1.05,SIN-200171268-4|qp10
2.0,50.0,10.0,4.0,18,1.39,0.48,1.2794617109900186,6242,0.0650208333333322,40,39,0.975,SIN-200171268-4|qp10
2.0,50.0,24.0,4.0,0,1.39,0.48,1.1229680966836653,17459,0.1818645833333354,96,94,0.9791666666666666,SIN-200171268-4|qp24
2.0,50.0,24.0,4.0,12,1.39,0.48,1.1756619785176128,16851,0.1755312499999992,96,98,1.0208333333333333,SIN-200171268-4|qp24
2.0,50.0,24.0,4.0,24,1.39,0.48,1.1673035246487362,16796,0.1749583333333319,96,97,1.0104166666666667,SIN-200171268-4|qp24
1.8,50.0,27.0,4.0,6,1.39,0.48,1.0976511328782412,20214,0.2339583333333344,108,106,0.9814814814814816,SIN-22811726-0|qp27
1.8,50.0,27.0,4.0,18,1.39,0.48,1.1629443798244503,18914,0.218912037037041,108,112,1.037037037037037,SIN-22811726-0|qp27
1.8,50.0,27.0,4.0,0,1.39,0.48,1.1028857402178796,19832,0.2295370370370373,108,107,0.9907407407407408,SIN-22811727-0|qp27
1.8,50.0,27.0,4.0,12,1.39,0.48,1.149556055218626,19124,0.2213425925925976,108,108,1.0,SIN-22811727-0|qp27
1.8,50.0,27.0,4.0,24,1.39,0.48,1.1616054949664834,19072,0.2207407407407445,108,105,0.9722222222222222,SIN-22811727-0|qp27
1.8,50.0,27.0,4.0,6,1.39,0.48,1.180726449275359,5520,0.0638888888888879,108,109,1.0092592592592593,SIN-22811728-0|qp27
1.8,50.0,27.0,4.0,18,1.39,0.48,1.1658009275776056,5606,0.0648842592592583,108,107,0.9907407407407408,SIN-22811728-0|qp27
1.8,50.0,45.0,4.0,0,1.39,0.48,1.1030239311104448,9987,0.1155902777777776,180,185,1.0277777777777777,SIN-22811728-0|qp45
1.8,50.0,45.0,4.0,12,1.39,0.48,1.154022890148695,9349,0.1082060185185194,180,178,0.9888888888888888,SIN-22811728-0|qp45
1.8,50.0,45.0,4.0,24,1.39,0.48,1.1243918092909682,9816,0.113611111111111,180,184,1.022222222222222,SIN-22811728-0|qp45
1.8,50.0,22.0,4.0,6,1.39,0.48,1.1850042525351865,15285,0.176909722222227,88,85,0.9659090909090908,SIN-22928582-0|qp22
1.8,50.0,22.0,4.0,18,1.39,0.48,1.1621381346684696,15579,0.1803125000000063,88,87,0.9886363636363636,SIN-22928582-0|qp22
1.8,50.0,9.0,4.0,0,1.39,0.48,1.1606446490949909,6298,0.0728935185185179,36,36,1.0,SIN-22928582-0|qp9
1.8,50.0,9.0,4.0,12,1.39,0.48,1.2356263516886068,6011,0.0695717592592581,36,36,1.0,SIN-22928582-0|qp9
1.8,50.0,9.0,4.0,24,1.39,0.48,1.2530950775455183,5932,0.0686574074074068,36,36,1.0,SIN-22928582-0|qp9
1.8,50.0,22.0,4.0,6,1.39,0.48,1.1682228372811594,15536,0.17981481481482,88,87,0.9886363636363636,SIN-22928582-1|qp22
1.8,50.0,22.0,4.0,18,1.39,0.48,1.1783242605102735,15247,0.1764699074074133,88,89,1.0113636363636365,SIN-22928582-1|qp22
1.8,50.0,9.0,4.0,0,1.39,0.48,1.1422905289437106,6409,0.0741782407407403,36,36,1.0,SIN-22928582-1|qp9
1.8,50.0,9.0,4.0,12,1.39,0.48,1.2264096662831234,6083,0.0704050925925917,36,36,1.0,SIN-22928582-1|qp9
1.8,50.0,9.0,4.0,24,1.39,0.48,1.2326067527308853,6042,0.0699305555555542,36,36,1.0,SIN-22928582-1|qp9
1.8,50.0,22.0,4.0,6,1.39,0.48,1.17233631438084,15319,0.177303240740744,88,88,1.0,SIN-22928582-2|qp22
1.8,50.0,22.0,4.0,18,1.39,0.48,1.1495273330356623,15677,0.1814467592592661,88,88,1.0,SIN-22928582-2|qp22
1.8,50.0,9.0,4.0,0,1.39,0.48,1.1470892968264226,6428,0.0743981481481479,36,35,0.9722222222222222,SIN-22928582-2|qp9
1.8,50.0,9.0,4.0,12,1.39,0.48,1.2044720296631073,6203,0.0717939814814802,36,36,1.0,SIN-22928582-2|qp9
1.8,50.0,9.0,4.0,24,1.39,0.48,1.2385409015025055,5990,0.0693287037037028,36,36,1.0,SIN-22928582-2|qp9
3.0,50.0,15.0,4.0,6,1.39,0.48,0.9747476103957792,12659,0.0879097222222231,60,63,1.05,SIN-546209379-0|qp15
3.0,50.0,15.0,4.0,18,1.39,0.48,0.9287807945549734,13517,0.0938680555555549,60,60,1.0,SIN-546209379-0|qp15
3.0,50.0,36.0,4.0,0,1.39,0.48,0.8073585887638179,36507,0.2535208333333331,144,141,0.9791666666666666,SIN-546209379-0|qp36
3.0,50.0,36.0,4.0,12,1.39,0.48,0.8185361586313987,36008,0.2500555555555556,144,143,0.9930555555555556,SIN-546209379-0|qp36
3.0,50.0,36.0,4.0,24,1.39,0.48,0.8075805078929434,36425,0.2529513888888858,144,142,0.9861111111111112,SIN-546209379-0|qp36
3.0,50.0,15.0,4.0,6,1.39,0.48,1.3730488919351402,8754,0.0607916666666655,60,60,1.0,SIN-546209379-1|qp15
3.0,50.0,15.0,4.0,18,1.39,0.48,1.3042301862277392,9236,0.0641388888888882,60,59,0.9833333333333332,SIN-546209379-1|qp15
3.0,50.0,36.0,4.0,0,1.39,0.48,1.2156367432150432,23950,0.1663194444444442,144,146,1.0138888888888888,SIN-546209379-1|qp36
3.0,50.0,36.0,4.0,12,1.39,0.48,1.2336571647706176,23469,0.1629791666666658,144,142,0.9861111111111112,SIN-546209379-1|qp36
3.0,50.0,36.0,4.0,24,1.39,0.48,1.2555994036656943,22806,0.1583749999999988,144,146,1.0138888888888888,SIN-546209379-1|qp36
3.0,50.0,15.0,4.0,6,1.39,0.48,1.3698136363636608,8800,0.0611111111111101,60,59,0.9833333333333332,SIN-546209379-2|qp15
3.0,50.0,15.0,4.0,18,1.39,0.48,1.3027547047371169,9246,0.0642083333333326,60,59,0.9833333333333332,SIN-546209379-2|qp15
3.0,50.0,36.0,4.0,0,1.39,0.48,1.214957418385259,23954,0.1663472222222223,144,145,1.0069444444444444,SIN-546209379-2|qp36
3.0,50.0,36.0,4.0,12,1.39,0.48,1.231399395821845,23503,0.1632152777777774,144,142,0.9861111111111112,SIN-546209379-2|qp36
3.0,50.0,36.0,4.0,24,1.39,0.48,1.2542679987730343,22821,0.1584791666666659,144,147,1.0208333333333333,SIN-546209379-2|qp36
1.8,50.0,22.0,4.0,6,1.39,0.48,1.1875652978906477,15123,0.1750347222222288,88,84,0.9545454545454546,SIN-74587409-1|qp22
1.8,50.0,22.0,4.0,18,1.39,0.48,1.227038442956738,14489,0.1676967592592656,88,92,1.0454545454545454,SIN-74587409-1|qp22
1.8,50.0,9.0,4.0,0,1.39,0.48,1.2153148614609943,5955,0.0689236111111112,36,35,0.9722222222222222,SIN-74587409-1|qp9
1.8,50.0,9.0,4.0,12,1.39,0.48,1.2871108797501687,5763,0.0667013888888872,36,36,1.0,SIN-74587409-1|qp9
1.8,50.0,9.0,4.0,24,1.39,0.48,1.321138738738742,5550,0.0642361111111111,36,36,1.0,SIN-74587409-1|qp9
1.8,50.0,22.0,4.0,6,1.39,0.48,1.1769907376995592,15223,0.1761921296296351,88,84,0.9545454545454546,SIN-74587409-2|qp22
1.8,50.0,22.0,4.0,18,1.39,0.48,1.203882035726333,14835,0.1717013888888958,88,92,1.0454545454545454,SIN-74587409-2|qp22
1.8,50.0,9.0,4.0,0,1.39,0.48,1.2149991603694752,5955,0.0689236111111112,36,35,0.9722222222222222,SIN-74587409-2|qp9
1.8,50.0,9.0,4.0,12,1.39,0.48,1.2871250000000372,5760,0.066666666666665,36,36,1.0,SIN-74587409-2|qp9
1.8,50.0,9.0,4.0,24,1.39,0.48,1.3212860230547585,5552,0.0642592592592592,36,36,1.0,SIN-74587409-2|qp9
2.5,50.0,12.0,4.0,6,1.39,0.48,1.34580977579731,7181,0.0598416666666687,48,49,1.0208333333333333,TYO-1323228545-3|qp12
2.5,50.0,12.0,4.0,18,1.39,0.48,1.3496965034964938,7150,0.0595833333333344,48,49,1.0208333333333333,TYO-1323228545-3|qp12
2.5,50.0,30.0,4.0,0,1.39,0.48,1.2197206117553074,20008,0.1667333333333344,120,117,0.975,TYO-1323228545-3|qp30
2.5,50.0,30.0,4.0,12,1.39,0.48,1.28131856990397,18740,0.156166666666667,120,118,0.9833333333333332,TYO-1323228545-3|qp30
2.5,50.0,30.0,4.0,24,1.39,0.48,1.2894288770053024,18700,0.1558333333333337,120,119,0.9916666666666668,TYO-1323228545-3|qp30
2.5,50.0,50.0,4.0,1,1.39,0.48,1.0797626483448046,36823,0.3068583333333311,200,196,0.98,AMS-1073074102-0|qp50
2.5,50.0,50.0,4.0,13,1.39,0.48,1.0312967502999688,38342,0.3195166666666656,200,190,0.95,AMS-1073074102-0|qp50
2.5,50.0,50.0,4.0,25,1.39,0.48,1.0118888156560626,39448,0.3287333333333298,200,194,0.97,AMS-1073074102-0|qp50
1.2,50.0,14.0,4.0,7,1.39,0.48,1.2063051314673672,9432,0.1637500000000001,56,57,1.0178571428571428,AMS-244428233-0|qp14
1.2,50.0,14.0,4.0,19,1.39,0.48,1.2465361212523034,9039,0.1569270833333345,56,54,0.9642857142857144,AMS-244428233-0|qp14
1.2,50.0,6.0,4.0,1,1.39,0.48,1.2809835637881355,3833,0.0665451388888895,24,24,1.0,AMS-244428233-0|qp6
1.2,50.0,6.0,4.0,13,1.39,0.48,1.2919286480686605,3728,0.0647222222222223,24,22,0.9166666666666666,AMS-244428233-0|qp6
1.2,50.0,6.0,4.0,25,1.39,0.48,1.2807470817120856,3855,0.0669270833333337,24,23,0.9583333333333334,AMS-244428233-0|qp6
2.5,50.0,12.0,4.0,7,1.39,0.48,1.2343724696356329,3952,0.0329333333333338,48,48,1.0,AMS-4480498-0|qp12
2.5,50.0,12.0,4.0,19,1.39,0.48,1.288767558971636,3773,0.031441666666667,48,47,0.9791666666666666,AMS-4480498-0|qp12
2.5,50.0,30.0,4.0,1,1.39,0.48,1.206280039721921,10070,0.0839166666666677,120,120,1.0,AMS-4480498-0|qp30
2.5,50.0,30.0,4.0,13,1.39,0.48,1.1911753221397627,10244,0.0853666666666671,120,119,0.9916666666666668,AMS-4480498-0|qp30
2.5,50.0,30.0,4.0,25,1.39,0.48,1.1878454767726212,10225,0.0852083333333346,120,118,0.9833333333333332,AMS-4480498-0|qp30
3.6,50.0,18.0,4.0,7,1.39,0.48,1.1591703198571155,12318,0.0712847222222231,72,74,1.0277777777777777,AMS-4480626-0|qp18
3.6,50.0,18.0,4.0,19,1.39,0.48,1.2180292347377073,11630,0.06730324074074,72,70,0.9722222222222222,AMS-4480626-0|qp18
3.6,50.0,43.0,4.0,1,1.39,0.48,1.0168201473175382,33533,0.1940567129629641,172,171,0.994186046511628,AMS-4480626-0|qp43
3.6,50.0,43.0,4.0,13,1.39,0.48,1.0156675115551166,33535,0.1940682870370362,172,171,0.994186046511628,AMS-4480626-0|qp43
3.6,50.0,43.0,4.0,25,1.39,0.48,0.9898602101154084,34838,0.2016087962962954,172,174,1.0116279069767442,AMS-4480626-0|qp43
3.6,50.0,18.0,4.0,7,1.39,0.48,1.2520858948826716,11549,0.066834490740741,72,75,1.0416666666666667,AMS-4480644-0|qp18
3.6,50.0,18.0,4.0,19,1.39,0.48,1.319878987898741,10908,0.0631249999999994,72,70,0.9722222222222222,AMS-4480644-0|qp18
3.6,50.0,43.0,4.0,1,1.39,0.48,1.1920145530145425,28860,0.167013888888889,172,170,0.9883720930232558,AMS-4480644-0|qp43
3.6,50.0,43.0,4.0,13,1.39,0.48,1.1942027022333552,28791,0.166614583333334,172,170,0.9883720930232558,AMS-4480644-0|qp43
3.6,50.0,43.0,4.0,25,1.39,0.48,1.16327285532226,29818,0.1725578703703688,172,171,0.994186046511628,AMS-4480644-0|qp43
2.5,50.0,12.0,4.0,7,1.39,0.48,1.265352057478721,7655,0.0637916666666678,48,47,0.9791666666666666,AMS-4495978-0|qp12
2.5,50.0,12.0,4.0,19,1.39,0.48,1.3159193747428992,7293,0.0607750000000014,48,46,0.9583333333333334,AMS-4495978-0|qp12
2.5,50.0,30.0,4.0,1,1.39,0.48,1.2138573939242254,19915,0.1659583333333362,120,123,1.025,AMS-4495978-0|qp30
2.5,50.0,30.0,4.0,13,1.39,0.48,1.1836423743755389,20418,0.1701500000000019,120,122,1.0166666666666666,AMS-4495978-0|qp30
2.5,50.0,30.0,4.0,25,1.39,0.48,1.188663905733814,20283,0.1690250000000015,120,123,1.025,AMS-4495978-0|qp30
2.5,50.0,12.0,4.0,7,1.39,0.48,1.147304169514687,7315,0.0609583333333346,48,48,1.0,AMS-4495979-0|qp12
2.5,50.0,12.0,4.0,19,1.39,0.48,1.1548870721906774,7217,0.0601416666666679,48,48,1.0,AMS-4495979-0|qp12
2.5,50.0,30.0,4.0,1,1.39,0.48,1.1355050367546649,18365,0.1530416666666667,120,118,0.9833333333333332,AMS-4495979-0|qp30
2.5,50.0,30.0,4.0,13,1.39,0.48,1.1463813781072876,18344,0.1528666666666662,120,122,1.0166666666666666,AMS-4495979-0|qp30
2.5,50.0,30.0,4.0,25,1.39,0.48,1.137839435232301,18273,0.1522750000000007,120,120,1.0,AMS-4495979-0|qp30
2.5,50.0,12.0,4.0,7,1.39,0.48,1.1032169241101095,8934,0.0744500000000015,48,46,0.9583333333333334,AMS-4496429-0|qp12
2.5,50.0,12.0,4.0,19,1.39,0.48,1.1629867967170175,8407,0.0700583333333341,48,47,0.9791666666666666,AMS-4496429-0|qp12
2.5,50.0,30.0,4.0,1,1.39,0.48,0.9229979012482106,27159,0.2263250000000042,120,123,1.025,AMS-4496429-0|qp30
2.5,50.0,30.0,4.0,13,1.39,0.48,0.9504822267190944,26191,0.218258333333337,120,122,1.0166666666666666,AMS-4496429-0|qp30
2.5,50.0,30.0,4.0,25,1.39,0.48,0.8976443851231708,27721,0.2310083333333382,120,122,1.0166666666666666,AMS-4496429-0|qp30
2.5,50.0,12.0,4.0,7,1.39,0.48,1.303248744741427,7369,0.061408333333334,48,49,1.0208333333333333,AMS-7370864-0|qp12
2.5,50.0,12.0,4.0,19,1.39,0.48,1.3374768453550288,7126,0.0593833333333345,48,47,0.9791666666666666,AMS-7370864-0|qp12
2.5,50.0,30.0,4.0,1,1.39,0.48,1.2383583088727763,19419,0.1618250000000013,120,124,1.0333333333333334,AMS-7370864-0|qp30
2.5,50.0,30.0,4.0,13,1.39,0.48,1.2127231895028892,19815,0.1651250000000015,120,121,1.0083333333333333,AMS-7370864-0|qp30
2.5,50.0,30.0,4.0,25,1.39,0.48,1.2158518631332529,19698,0.1641500000000022,120,122,1.0166666666666666,AMS-7370864-0|qp30
4.0,50.0,80.0,4.0,7,1.39,0.48,0.9600525647996576,66204,0.3448125000000007,320,310,0.96875,AMS-7371505-0|qp80
4.0,50.0,80.0,4.0,19,1.39,0.48,1.0591621554915134,60775,0.3165364583333312,320,321,1.003125,AMS-7371505-0|qp80
4.0,50.0,100.0,4.0,1,1.39,0.48,0.8214433266265181,96915,0.5047656249999973,400,394,0.985,AMS-7371505-3|qp100
4.0,50.0,100.0,4.0,13,1.39,0.48,0.725230171835005,110222,0.574072916666664,400,382,0.955,AMS-7371505-3|qp100
4.0,50.0,100.0,4.0,25,1.39,0.48,0.8013441642500612,99653,0.5190260416666646,400,386,0.965,AMS-7371505-3|qp100
4.0,50.0,60.0,4.0,7,1.39,0.48,1.096673737995972,43839,0.2283281250000015,240,235,0.9791666666666666,AMS-7371505-3|qp60
4.0,50.0,60.0,4.0,19,1.39,0.48,1.1403313059033124,41925,0.2183593749999986,240,240,1.0,AMS-7371505-3|qp60
2.5,50.0,38.0,4.0,1,1.39,0.48,1.1937537126778175,25588,0.213233333333336,152,156,1.0263157894736843,LON-4082553-0|qp38
2.5,50.0,38.0,4.0,13,1.39,0.48,1.1771521461470078,25837,0.2153083333333349,152,150,0.986842105263158,LON-4082553-0|qp38
2.5,50.0,38.0,4.0,25,1.39,0.48,1.1676995626544913,26295,0.2191250000000042,152,151,0.993421052631579,LON-4082553-0|qp38
2.5,50.0,62.0,4.0,7,1.39,0.48,1.056459501524473,46903,0.3908583333333351,248,243,0.9798387096774194,LON-4082553-0|qp62
2.5,50.0,62.0,4.0,19,1.39,0.48,1.0419576305262024,47251,0.3937583333333334,248,244,0.9838709677419356,LON-4082553-0|qp62
2.5,50.0,38.0,4.0,1,1.39,0.48,1.2117349819106809,25153,0.2096083333333345,152,154,1.013157894736842,LON-4082554-0|qp38
2.5,50.0,38.0,4.0,13,1.39,0.48,1.1862760620787456,25516,0.2126333333333364,152,150,0.986842105263158,LON-4082554-0|qp38
2.5,50.0,38.0,4.0,25,1.39,0.48,1.1532896717856254,26568,0.2214000000000014,152,147,0.9671052631578948,LON-4082554-0|qp38
2.5,50.0,62.0,4.0,7,1.39,0.48,0.9880884504369388,50582,0.4215166666666727,248,241,0.9717741935483872,LON-4082554-0|qp62
2.5,50.0,62.0,4.0,19,1.39,0.48,1.036114585093796,47336,0.3944666666666659,248,238,0.9596774193548387,LON-4082554-0|qp62
2.5,50.0,38.0,4.0,1,1.39,0.48,1.1933200810726536,25656,0.2138000000000034,152,155,1.019736842105263,LON-4082592-0|qp38
2.5,50.0,38.0,4.0,13,1.39,0.48,1.187060622696298,25502,0.2125166666666688,152,150,0.986842105263158,LON-4082592-0|qp38
2.5,50.0,38.0,4.0,25,1.39,0.48,1.149510277434587,26709,0.2225750000000029,152,150,0.986842105263158,LON-4082592-0|qp38
2.5,50.0,62.0,4.0,7,1.39,0.48,0.9557438416025849,51718,0.4309833333333383,248,237,0.9556451612903226,LON-4082592-0|qp62
2.5,50.0,62.0,4.0,19,1.39,0.48,1.0960190538763657,45660,0.3805000000000036,248,241,0.9717741935483872,LON-4082592-0|qp62
2.5,50.0,50.0,4.0,1,1.39,0.48,1.215441580392948,9466,0.0788833333333329,120,136,1.1333333333333333,SIN-1105987650-1|qp50
2.5,50.0,50.0,4.0,13,1.39,0.48,1.229615384615381,8736,0.0728000000000005,30,66,2.2,SIN-1105987650-1|qp50
2.5,50.0,50.0,4.0,25,1.39,0.48,1.2040728635970224,10403,0.0866916666666669,131,145,1.1068702290076335,SIN-1105987650-1|qp50
2.0,50.0,10.0,4.0,7,1.39,0.48,1.2182366412213794,2620,0.0272916666666658,40,40,1.0,SIN-131164229-0|qp10
2.0,50.0,10.0,4.0,19,1.39,0.48,1.2398653328203335,2599,0.0270729166666658,40,40,1.0,SIN-131164229-0|qp10
2.0,50.0,24.0,4.0,1,1.39,0.48,1.1809549274254965,6545,0.0681770833333329,96,97,1.0104166666666667,SIN-131164229-0|qp24
2.0,50.0,24.0,4.0,13,1.39,0.48,1.1677799547852326,6635,0.0691145833333327,96,97,1.0104166666666667,SIN-131164229-0|qp24
2.0,50.0,24.0,4.0,25,1.39,0.48,1.169174646602839,6579,0.0685312500000001,96,96,1.0,SIN-131164229-0|qp24
1.8,50.0,22.0,4.0,7,1.39,0.48,1.108509282519427,16321,0.1889004629629699,88,88,1.0,SIN-139715353-1|qp22
1.8,50.0,22.0,4.0,19,1.39,0.48,1.0705332069435016,16879,0.1953587962963011,88,88,1.0,SIN-139715353-1|qp22
1.8,50.0,9.0,4.0,1,1.39,0.48,1.1938445479363755,6227,0.0720717592592586,36,37,1.0277777777777777,SIN-139715353-1|qp9
1.8,50.0,9.0,4.0,13,1.39,0.48,1.1478049162361434,6387,0.0739236111111107,36,35,0.9722222222222222,SIN-139715353-1|qp9
1.8,50.0,9.0,4.0,25,1.39,0.48,1.155492277992251,6216,0.0719444444444444,36,37,1.0277777777777777,SIN-139715353-1|qp9
3.0,50.0,15.0,4.0,7,1.39,0.48,1.2130297636705578,10113,0.070229166666666,60,60,1.0,SIN-1464509030-0|qp15
3.0,50.0,15.0,4.0,19,1.39,0.48,1.229252553858564,9887,0.0686597222222215,60,60,1.0,SIN-1464509030-0|qp15
3.0,50.0,36.0,4.0,1,1.39,0.48,1.1399588429431151,25755,0.1788541666666663,144,145,1.0069444444444444,SIN-1464509030-0|qp36
3.0,50.0,36.0,4.0,13,1.39,0.48,1.1127631278104086,26242,0.1822361111111104,144,144,1.0,SIN-1464509030-0|qp36
3.0,50.0,36.0,4.0,25,1.39,0.48,1.1167557515337267,26080,0.1811111111111095,144,142,0.9861111111111112,SIN-1464509030-0|qp36
2.0,50.0,10.0,4.0,7,1.39,0.48,1.3023297665369296,6168,0.0642499999999999,40,42,1.05,SIN-166571436-2|qp10
2.0,50.0,10.0,4.0,19,1.39,0.48,1.3608441888005656,5911,0.0615729166666657,40,39,0.975,SIN-166571436-2|qp10
2.0,50.0,24.0,4.0,1,1.39,0.48,1.2509531301212595,15255,0.1589062500000004,96,94,0.9791666666666666,SIN-166571436-2|qp24
2.0,50.0,24.0,4.0,13,1.39,0.48,1.2508546677010843,15468,0.1611249999999993,96,96,1.0,SIN-166571436-2|qp24
2.0,50.0,24.0,4.0,25,1.39,0.48,1.2407472442963423,15604,0.1625416666666665,96,100,1.0416666666666667,SIN-166571436-2|qp24
2.0,50.0,10.0,4.0,7,1.39,0.48,1.2472073732718525,6510,0.0678125000000003,40,42,1.05,SIN-166571436-3|qp10
2.0,50.0,10.0,4.0,19,1.39,0.48,1.3060695958948272,6236,0.0649583333333321,40,39,0.975,SIN-166571436-3|qp10
2.0,50.0,24.0,4.0,1,1.39,0.48,1.1652975162308885,16789,0.1748854166666676,96,97,1.0104166666666667,SIN-166571436-3|qp24
2.0,50.0,24.0,4.0,13,1.39,0.48,1.1646598316937355,16874,0.1757708333333337,96,96,1.0,SIN-166571436-3|qp24
2.0,50.0,24.0,4.0,25,1.39,0.48,1.1726505809817322,16868,0.1757083333333333,96,100,1.0416666666666667,SIN-166571436-3|qp24
1.8,50.0,22.0,4.0,7,1.39,0.48,1.21415234428705,14546,0.1683564814814874,88,89,1.0113636363636365,SIN-170969415-0|qp22
1.8,50.0,22.0,4.0,19,1.39,0.48,1.2236743287084604,14487,0.167673611111114,88,88,1.0,SIN-170969415-0|qp22
1.8,50.0,9.0,4.0,1,1.39,0.48,1.259984636394652,5858,0.0678009259259255,36,37,1.0277777777777777,SIN-170969415-0|qp9
1.8,50.0,9.0,4.0,13,1.39,0.48,1.2366841127807204,5923,0.0685532407407402,36,36,1.0,SIN-170969415-0|qp9
1.8,50.0,9.0,4.0,25,1.39,0.48,1.2744387302712807,5639,0.0652662037037033,36,37,1.0277777777777777,SIN-170969415-0|qp9
2.0,50.0,10.0,4.0,7,1.39,0.48,1.2829289845758014,6224,0.0648333333333328,40,42,1.05,SIN-190681368-0|qp10
2.0,50.0,10.0,4.0,19,1.39,0.48,1.331580602449544,6042,0.0629374999999986,40,39,0.975,SIN-190681368-0|qp10
2.0,50.0,24.0,4.0,1,1.39,0.48,1.22324518775642,15845,0.1650520833333331,96,97,1.0104166666666667,SIN-190681368-0|qp24
2.0,50.0,24.0,4.0,13,1.39,0.48,1.1996453377589242,16269,0.1694687499999985,96,98,1.0208333333333333,SIN-190681368-0|qp24
2.0,50.0,24.0,4.0,25,1.39,0.48,1.190565667708524,16317,0.1699687500000011,96,99,1.03125,SIN-190681368-0|qp24
2.0,50.0,10.0,4.0,7,1.39,0.48,1.2690235424237275,6329,0.0659270833333332,40,42,1.05,SIN-197634752-1|qp10
2.0,50.0,10.0,4.0,19,1.39,0.48,1.3245889851283124,6119,0.0637395833333323,40,39,0.975,SIN-197634752-1|qp10
2.0,50.0,24.0,4.0,1,1.39,0.48,1.1642386634844977,16760,0.1745833333333335,96,96,1.0,SIN-197634752-1|qp24
2.0,50.0,24.0,4.0,13,1.39,0.48,1.173400624849794,16644,0.1733749999999989,96,97,1.0104166666666667,SIN-197634752-1|qp24
2.0,50.0,24.0,4.0,25,1.39,0.48,1.189177681671429,16417,0.1710104166666662,96,100,1.0416666666666667,SIN-197634752-1|qp24
2.0,50.0,10.0,4.0,7,1.39,0.48,1.2685752645711184,6331,0.0659479166666666,40,42,1.05,SIN-198571185-1|qp10
2.0,50.0,10.0,4.0,19,1.39,0.48,1.318861337683549,6130,0.0638541666666658,40,39,0.975,SIN-198571185-1|qp10
2.0,50.0,24.0,4.0,1,1.39,0.48,1.1903512231191145,16229,0.1690520833333353,96,96,1.0,SIN-198571185-1|qp24
2.0,50.0,24.0,4.0,13,1.39,0.48,1.1012532299741769,17802,0.185437499999999,96,95,0.9895833333333334,SIN-198571185-1|qp24
2.0,50.0,24.0,4.0,25,1.39,0.48,1.1967113351364638,16268,0.169458333333333,96,100,1.0416666666666667,SIN-198571185-1|qp24
2.0,50.0,10.0,4.0,7,1.39,0.48,1.2609249646059075,6357,0.06621875,40,42,1.05,SIN-198571185-2|qp10
2.0,50.0,10.0,4.0,19,1.39,0.48,1.3149608099281729,6124,0.0637916666666658,40,39,0.975,SIN-198571185-2|qp10
2.0,50.0,24.0,4.0,1,1.39,0.48,1.1969509027949694,16172,0.1684583333333345,96,96,1.0,SIN-198571185-2|qp24
2.0,50.0,24.0,4.0,13,1.39,0.48,1.2243401574803274,15875,0.1653645833333327,96,95,0.9895833333333334,SIN-198571185-2|qp24
2.0,50.0,24.0,4.0,25,1.39,0.48,1.2124404984423816,16050,0.1671874999999995,96,98,1.0208333333333333,SIN-198571185-2|qp24
2.0,50.0,10.0,4.0,7,1.39,0.48,1.2706204495092996,6318,0.0658124999999999,40,42,1.05,SIN-198571185-3|qp10
2.0,50.0,10.0,4.0,19,1.39,0.48,1.31494207864254,6129,0.0638437499999991,40,39,0.975,SIN-198571185-3|qp10
2.0,50.0,24.0,4.0,1,1.39,0.48,1.2024827885629406,16123,0.1679479166666672,96,96,1.0,SIN-198571185-3|qp24
2.0,50.0,24.0,4.0,13,1.39,0.48,1.1964874155924048,16290,0.1696874999999989,96,95,0.9895833333333334,SIN-198571185-3|qp24
2.0,50.0,24.0,4.0,25,1.39,0.48,1.1893191644845114,16421,0.1710520833333331,96,98,1.0208333333333333,SIN-198571185-3|qp24
2.0,50.0,10.0,4.0,7,1.39,0.48,1.287425695110228,6258,0.0651874999999999,40,42,1.05,SIN-200167221-1|qp10
2.0,50.0,10.0,4.0,19,1.39,0.48,1.334667323804857,6087,0.0634062499999989,40,39,0.975,SIN-200167221-1|qp10
2.0,50.0,24.0,4.0,1,1.39,0.48,1.1761782117790722,16385,0.1706770833333326,96,96,1.0,SIN-200167221-1|qp24
2.0,50.0,24.0,4.0,13,1.39,0.48,1.1580859421497582,16802,0.175020833333333,96,94,0.9791666666666666,SIN-200167221-1|qp24
2.0,50.0,24.0,4.0,25,1.39,0.48,1.175506764919091,16556,0.1724583333333338,96,98,1.0208333333333333,SIN-200167221-1|qp24
2.0,50.0,10.0,4.0,7,1.39,0.48,1.1901704545454188,6688,0.0696666666666662,40,41,1.025,SIN-200171267-0|qp10
2.0,50.0,10.0,4.0,19,1.39,0.48,1.2521822393822617,6475,0.0674479166666664,38,39,1.0263157894736843,SIN-200171267-0|qp10
2.0,50.0,24.0,4.0,1,1.39,0.48,1.1618487898394343,16692,0.1738750000000026,96,97,1.0104166666666667,SIN-200171267-0|qp24
2.0,50.0,24.0,4.0,13,1.39,0.48,1.145890998882941,17009,0.1771770833333346,96,95,0.9895833333333334,SIN-200171267-0|qp24
2.0,50.0,24.0,4.0,25,1.39,0.48,1.185271523178796,16610,0.1730208333333316,96,99,1.03125,SIN-200171267-0|qp24
2.0,50.0,10.0,4.0,7,1.39,0.48,1.1994532627865628,6804,0.0708750000000003,40,42,1.05,SIN-200171267-2|qp10
2.0,50.0,10.0,4.0,19,1.39,0.48,1.23833908477121,6665,0.0694270833333321,40,39,0.975,SIN-200171267-2|qp10
2.0,50.0,24.0,4.0,1,1.39,0.48,1.136645142692438,17345,0.180677083333334,96,96,1.0,SIN-200171267-2|qp24
2.0,50.0,24.0,4.0,13,1.39,0.48,1.1357155192263322,17372,0.1809583333333318,96,96,1.0,SIN-200171267-2|qp24
2.0,50.0,24.0,4.0,25,1.39,0.48,1.1459876937365694,17227,0.1794479166666654,96,100,1.0416666666666667,SIN-200171267-2|qp24
2.0,50.0,10.0,4.0,7,1.39,0.48,1.2137824456113695,6665,0.0694270833333332,40,42,1.05,SIN-200171268-0|qp10
2.0,50.0,10.0,4.0,19,1.39,0.48,1.2593209876543412,6480,0.0674999999999988,40,39,0.975,SIN-200171268-0|qp10
2.0,50.0,24.0,4.0,1,1.39,0.48,1.1451166754834927,17013,0.17721875,96,96,1.0,SIN-200171268-0|qp24
2.0,50.0,24.0,4.0,13,1.39,0.48,1.1158285875387737,17735,0.1847395833333316,96,98,1.0208333333333333,SIN-200171268-0|qp24
2.0,50.0,24.0,4.0,25,1.39,0.48,1.1369462662524388,17382,0.1810624999999989,96,98,1.0208333333333333,SIN-200171268-0|qp24
2.0,50.0,10.0,4.0,7,1.39,0.48,1.2485952970296692,6464,0.0673333333333333,40,42,1.05,SIN-200171268-4|qp10
2.0,50.0,10.0,4.0,19,1.39,0.48,1.3151970163775193,6167,0.064239583333332,40,39,0.975,SIN-200171268-4|qp10
2.0,50.0,24.0,4.0,1,1.39,0.48,1.1798710263396897,16515,0.1720312500000022,96,96,1.0,SIN-200171268-4|qp24
2.0,50.0,24.0,4.0,13,1.39,0.48,1.143829041863747,17127,0.1784062499999994,96,96,1.0,SIN-200171268-4|qp24
2.0,50.0,24.0,4.0,25,1.39,0.48,1.1612095440586057,16932,0.1763749999999998,96,100,1.0416666666666667,SIN-200171268-4|qp24
1.8,50.0,27.0,4.0,7,1.39,0.48,1.1503944512098168,18887,0.2185995370370398,108,108,1.0,SIN-22811726-0|qp27
1.8,50.0,27.0,4.0,19,1.39,0.48,1.1235102396961347,19483,0.2254976851851889,108,105,0.9722222222222222,SIN-22811726-0|qp27
1.8,50.0,27.0,4.0,1,1.39,0.48,1.113429619440653,19629,0.2271874999999995,108,110,1.0185185185185186,SIN-22811727-0|qp27
1.8,50.0,27.0,4.0,13,1.39,0.48,1.1015353219791857,19846,0.2296990740740756,108,110,1.0185185185185186,SIN-22811727-0|qp27
1.8,50.0,27.0,4.0,25,1.39,0.48,1.1207923566878648,19625,0.2271412037037058,108,108,1.0,SIN-22811727-0|qp27
1.8,50.0,27.0,4.0,7,1.39,0.48,1.147451567453338,5678,0.0657175925925916,108,107,0.9907407407407408,SIN-22811728-0|qp27
1.8,50.0,27.0,4.0,19,1.39,0.48,1.1253128770901613,5801,0.067141203703703,108,106,0.9814814814814816,SIN-22811728-0|qp27
1.8,50.0,45.0,4.0,1,1.39,0.48,1.0707648034337862,10251,0.118645833333334,180,178,0.9888888888888888,SIN-22811728-0|qp45
1.8,50.0,45.0,4.0,13,1.39,0.48,1.068479953289214,10276,0.1189351851851838,180,179,0.9944444444444444,SIN-22811728-0|qp45
1.8,50.0,45.0,4.0,25,1.39,0.48,1.0953899721448377,10052,0.1163425925925912,180,182,1.011111111111111,SIN-22811728-0|qp45
1.8,50.0,22.0,4.0,7,1.39,0.48,1.141417976673408,15776,0.1825925925925987,88,88,1.0,SIN-22928582-0|qp22
1.8,50.0,22.0,4.0,19,1.39,0.48,1.136399798272655,15863,0.1835995370370441,88,87,0.9886363636363636,SIN-22928582-0|qp22
1.8,50.0,9.0,4.0,1,1.39,0.48,1.209539516655758,6124,0.0708796296296289,36,37,1.0277777777777777,SIN-22928582-0|qp9
1.8,50.0,9.0,4.0,13,1.39,0.48,1.196698525838361,6173,0.0714467592592589,36,36,1.0,SIN-22928582-0|qp9
1.8,50.0,9.0,4.0,25,1.39,0.48,1.2131428571428169,5985,0.0692708333333326,36,36,1.0,SIN-22928582-0|qp9
1.8,50.0,22.0,4.0,7,1.39,0.48,1.1710300766659654,15261,0.1766319444444515,88,90,1.0227272727272727,SIN-22928582-1|qp22
1.8,50.0,22.0,4.0,19,1.39,0.48,1.15538327862518,15537,0.1798263888888948,88,87,0.9886363636363636,SIN-22928582-1|qp22
1.8,50.0,9.0,4.0,1,1.39,0.48,1.222728919631067,6072,0.0702777777777765,36,37,1.0277777777777777,SIN-22928582-1|qp9
1.8,50.0,9.0,4.0,13,1.39,0.48,1.1701970443350074,6293,0.0728356481481476,36,35,0.9722222222222222,SIN-22928582-1|qp9
1.8,50.0,9.0,4.0,25,1.39,0.48,1.2382494004795743,5838,0.0675694444444435,36,36,1.0,SIN-22928582-1|qp9
1.8,50.0,22.0,4.0,7,1.39,0.48,1.123381214089406,16012,0.1853240740740799,88,90,1.0227272727272727,SIN-22928582-2|qp22
1.8,50.0,22.0,4.0,19,1.39,0.48,1.1348310189588096,15771,0.1825347222222287,88,87,0.9886363636363636,SIN-22928582-2|qp22
1.8,50.0,9.0,4.0,1,1.39,0.48,1.196565020974484,6198,0.0717361111111103,36,37,1.0277777777777777,SIN-22928582-2|qp9
1.8,50.0,9.0,4.0,13,1.39,0.48,1.18394567663134,6222,0.0720138888888888,36,35,0.9722222222222222,SIN-22928582-2|qp9
1.8,50.0,9.0,4.0,25,1.39,0.48,1.1861027732462903,6130,0.0709490740740734,36,36,1.0,SIN-22928582-2|qp9
3.0,50.0,15.0,4.0,7,1.39,0.48,0.9435960665658234,13220,0.091805555555555,60,57,0.95,SIN-546209379-0|qp15
3.0,50.0,15.0,4.0,19,1.39,0.48,0.987544299700585,12359,0.0858263888888889,60,59,0.9833333333333332,SIN-546209379-0|qp15
3.0,50.0,36.0,4.0,1,1.39,0.48,0.8556875923404507,34519,0.239715277777775,144,145,1.0069444444444444,SIN-546209379-0|qp36
3.0,50.0,36.0,4.0,13,1.39,0.48,0.7430470032330115,40210,0.2792361111111131,144,140,0.9722222222222222,SIN-546209379-0|qp36
3.0,50.0,36.0,4.0,25,1.39,0.48,0.7851094267107773,37468,0.2601944444444448,144,140,0.9722222222222222,SIN-546209379-0|qp36
3.0,50.0,15.0,4.0,7,1.39,0.48,1.2888226574907675,9445,0.065590277777777,60,57,0.95,SIN-546209379-1|qp15
3.0,50.0,15.0,4.0,19,1.39,0.48,1.3173696916492574,9113,0.0632847222222211,60,58,0.9666666666666668,SIN-546209379-1|qp15
3.0,50.0,36.0,4.0,1,1.39,0.48,1.217016967706552,23751,0.1649374999999992,144,150,1.0416666666666667,SIN-546209379-1|qp36
3.0,50.0,36.0,4.0,13,1.39,0.48,1.1993326680803496,24051,0.1670208333333324,144,144,1.0,SIN-546209379-1|qp36
3.0,50.0,36.0,4.0,25,1.39,0.48,1.1767570534189358,24598,0.1708194444444433,144,142,0.9861111111111112,SIN-546209379-1|qp36
3.0,50.0,15.0,4.0,7,1.39,0.48,1.2879511059371629,9449,0.0656180555555548,60,57,0.95,SIN-546209379-2|qp15
3.0,50.0,15.0,4.0,19,1.39,0.48,1.3178270412642266,9112,0.0632777777777767,60,57,0.95,SIN-546209379-2|qp15
3.0,50.0,36.0,4.0,1,1.39,0.48,1.2143356584586646,23798,0.1652638888888876,144,150,1.0416666666666667,SIN-546209379-2|qp36
3.0,50.0,36.0,4.0,13,1.39,0.48,1.2039392041421455,23949,0.1663124999999993,144,146,1.0138888888888888,SIN-546209379-2|qp36
3.0,50.0,36.0,4.0,25,1.39,0.48,1.1972122443900064,24109,0.1674236111111099,144,144,1.0,SIN-546209379-2|qp36
1.8,50.0,22.0,4.0,7,1.39,0.48,1.1603023996878454,15377,0.1779745370370437,88,90,1.0227272727272727,SIN-74587409-1|qp22
1.8,50.0,22.0,4.0,19,1.39,0.48,1.1885976873203326,14961,0.1731597222222278,88,90,1.0227272727272727,SIN-74587409-1|qp22
1.8,50.0,9.0,4.0,1,1.39,0.48,1.253304853041671,5852,0.0677314814814812,36,37,1.0277777777777777,SIN-74587409-1|qp9
1.8,50.0,9.0,4.0,13,1.39,0.48,1.244457463066766,5889,0.0681597222222217,36,35,0.9722222222222222,SIN-74587409-1|qp9
1.8,50.0,9.0,4.0,25,1.39,0.48,1.2844273167233804,5579,0.0645717592592586,36,37,1.0277777777777777,SIN-74587409-1|qp9
1.8,50.0,22.0,4.0,7,1.39,0.48,1.1487364899639736,15544,0.179907407407415,88,90,1.0227272727272727,SIN-74587409-2|qp22
1.8,50.0,22.0,4.0,19,1.39,0.48,1.185603092096458,15006,0.1736805555555612,88,90,1.0227272727272727,SIN-74587409-2|qp22
1.8,50.0,9.0,4.0,1,1.39,0.48,1.2538612677259289,5853,0.0677430555555552,36,37,1.0277777777777777,SIN-74587409-2|qp9
1.8,50.0,9.0,4.0,13,1.39,0.48,1.2447715304909437,5887,0.0681365740740736,36,35,0.9722222222222222,SIN-74587409-2|qp9
1.8,50.0,9.0,4.0,25,1.39,0.48,1.2464457103400235,5793,0.0670486111111101,36,37,1.0277777777777777,SIN-74587409-2|qp9
2.5,50.0,12.0,4.0,7,1.39,0.48,1.3078930860493116,7333,0.061108333333334,48,49,1.0208333333333333,TYO-1323228545-3|qp12
2.5,50.0,12.0,4.0,19,1.39,0.48,1.3449137687305417,7074,0.0589500000000009,48,46,0.9583333333333334,TYO-1323228545-3|qp12
2.5,50.0,30.0,4.0,1,1.39,0.48,1.2293886170486727,19415,0.1617916666666688,120,123,1.025,TYO-1323228545-3|qp30
2.5,50.0,30.0,4.0,13,1.39,0.48,1.2170506419400349,19628,0.1635666666666684,120,121,1.0083333333333333,TYO-1323228545-3|qp30
2.5,50.0,30.0,4.0,25,1.39,0.48,1.2402676844251002,19127,0.1593916666666678,120,123,1.025,TYO-1323228545-3|qp30
2.5,50.0,50.0,4.0,2,1.39,0.48,1.0249016017126655,38771,0.3230916666666611,198,194,0.9797979797979798,AMS-1073074102-0|qp50
2.5,50.0,50.0,4.0,14,1.39,0.48,1.0081662510813594,39302,0.3275166666666664,200,195,0.975,AMS-1073074102-0|qp50
2.5,50.0,50.0,4.0,26,1.39,0.48,1.1113568032540642,36387,0.3032249999999999,198,191,0.9646464646464646,AMS-1073074102-0|qp50
1.2,50.0,14.0,4.0,8,1.39,0.48,1.2120481277651838,9267,0.1608854166666695,56,56,1.0,AMS-244428233-0|qp14
1.2,50.0,14.0,4.0,20,1.39,0.48,1.2499445799157465,9022,0.1566319444444462,56,56,1.0,AMS-244428233-0|qp14
1.2,50.0,6.0,4.0,2,1.39,0.48,1.2554552469135936,3888,0.0675000000000002,24,23,0.9583333333333334,AMS-244428233-0|qp6
1.2,50.0,6.0,4.0,14,1.39,0.48,1.285636363636365,3795,0.0658854166666669,24,24,1.0,AMS-244428233-0|qp6
1.2,50.0,6.0,4.0,26,1.39,0.48,1.316433433160923,3673,0.0637673611111108,24,24,1.0,AMS-244428233-0|qp6
2.5,50.0,12.0,4.0,8,1.39,0.48,1.22181612660136,3981,0.0331750000000004,48,48,1.0,AMS-4480498-0|qp12
2.5,50.0,12.0,4.0,20,1.39,0.48,1.2730449555671493,3826,0.0318833333333335,48,48,1.0,AMS-4480498-0|qp12
2.5,50.0,30.0,4.0,2,1.39,0.48,1.191903647357124,10254,0.0854500000000015,120,121,1.0083333333333333,AMS-4480498-0|qp30
2.5,50.0,30.0,4.0,14,1.39,0.48,1.2008239810986527,10158,0.0846500000000009,120,119,0.9916666666666668,AMS-4480498-0|qp30
2.5,50.0,30.0,4.0,26,1.39,0.48,1.1966266246553745,10156,0.0846333333333346,120,118,0.9833333333333332,AMS-4480498-0|qp30
3.6,50.0,18.0,4.0,8,1.39,0.48,1.1864396951623124,12072,0.0698611111111124,72,73,1.0138888888888888,AMS-4480626-0|qp18
3.6,50.0,18.0,4.0,20,1.39,0.48,1.2090648708549745,11731,0.0678877314814809,72,72,1.0,AMS-4480626-0|qp18
3.6,50.0,43.0,4.0,2,1.39,0.48,1.027390769784413,33347,0.1929803240740739,172,170,0.9883720930232558,AMS-4480626-0|qp43
3.6,50.0,43.0,4.0,14,1.39,0.48,1.0083412071950242,34079,0.1972164351851849,172,172,1.0,AMS-4480626-0|qp43
3.6,50.0,43.0,4.0,26,1.39,0.48,1.032617979220037,33205,0.1921585648148158,172,170,0.9883720930232558,AMS-4480626-0|qp43
3.6,50.0,18.0,4.0,8,1.39,0.48,1.29201000089286,11199,0.0648090277777779,72,71,0.9861111111111112,AMS-4480644-0|qp18
3.6,50.0,18.0,4.0,20,1.39,0.48,1.3040414742370547,11043,0.0639062499999997,72,72,1.0,AMS-4480644-0|qp18
3.6,50.0,43.0,4.0,2,1.39,0.48,1.2056469317351526,28697,0.1660706018518518,172,170,0.9883720930232558,AMS-4480644-0|qp43
3.6,50.0,43.0,4.0,14,1.39,0.48,1.2094002993281618,28731,0.166267361111111,172,174,1.0116279069767442,AMS-4480644-0|qp43
3.6,50.0,43.0,4.0,26,1.39,0.48,1.2209555288462215,28288,0.1637037037037042,172,172,1.0,AMS-4480644-0|qp43
2.5,50.0,12.0,4.0,8,1.39,0.48,1.2587514754098008,7625,0.0635416666666677,48,47,0.9791666666666666,AMS-4495978-0|qp12
2.5,50.0,12.0,4.0,20,1.39,0.48,1.341166321601106,7245,0.060375000000001,48,46,0.9583333333333334,AMS-4495978-0|qp12
2.5,50.0,30.0,4.0,2,1.39,0.48,1.2066447009859984,20183,0.1681916666666684,120,120,1.0,AMS-4495978-0|qp30
2.5,50.0,30.0,4.0,14,1.39,0.48,1.2232941714983396,19662,0.1638500000000025,120,121,1.0083333333333333,AMS-4495978-0|qp30
2.5,50.0,30.0,4.0,26,1.39,0.48,1.1944475794475928,20202,0.1683500000000009,120,119,0.9916666666666668,AMS-4495978-0|qp30
2.5,50.0,12.0,4.0,8,1.39,0.48,1.1331507218998966,7411,0.0617583333333344,48,47,0.9791666666666666,AMS-4495979-0|qp12
2.5,50.0,12.0,4.0,20,1.39,0.48,1.1758089368258682,7139,0.0594916666666675,48,48,1.0,AMS-4495979-0|qp12
2.5,50.0,30.0,4.0,2,1.39,0.48,1.0976606550580468,19296,0.1608000000000014,120,121,1.0083333333333333,AMS-4495979-0|qp30
2.5,50.0,30.0,4.0,14,1.39,0.48,1.1438240279980332,18287,0.1523916666666674,120,121,1.0083333333333333,AMS-4495979-0|qp30
2.5,50.0,30.0,4.0,26,1.39,0.48,1.1320894871655105,18349,0.1529083333333328,120,118,0.9833333333333332,AMS-4495979-0|qp30
2.5,50.0,12.0,4.0,8,1.39,0.48,1.097722772277195,8888,0.074066666666668,48,48,1.0,AMS-4496429-0|qp12
2.5,50.0,12.0,4.0,20,1.39,0.48,1.167033739456417,8536,0.0711333333333346,48,47,0.9791666666666666,AMS-4496429-0|qp12
2.5,50.0,30.0,4.0,2,1.39,0.48,0.9341633876709948,26685,0.2223750000000024,120,116,0.9666666666666668,AMS-4496429-0|qp30
2.5,50.0,30.0,4.0,14,1.39,0.48,0.9158283722956398,27548,0.2295666666666701,120,123,1.025,AMS-4496429-0|qp30
2.5,50.0,30.0,4.0,26,1.39,0.48,0.9323402895281074,26595,0.221625000000002,120,120,1.0,AMS-4496429-0|qp30
2.5,50.0,12.0,4.0,8,1.39,0.48,1.2617254125412207,7575,0.063125000000001,48,47,0.9791666666666666,AMS-7370864-0|qp12
2.5,50.0,12.0,4.0,20,1.39,0.48,1.3445462068965477,7250,0.0604166666666678,48,46,0.9583333333333334,AMS-7370864-0|qp12
2.5,50.0,30.0,4.0,2,1.39,0.48,1.2187469891610705,19928,0.1660666666666683,120,120,1.0,AMS-7370864-0|qp30
2.5,50.0,30.0,4.0,14,1.39,0.48,1.2534815510672712,19161,0.1596750000000017,120,121,1.0083333333333333,AMS-7370864-0|qp30
2.5,50.0,30.0,4.0,26,1.39,0.48,1.2339923973904874,19467,0.1622250000000012,120,121,1.0083333333333333,AMS-7370864-0|qp30
4.0,50.0,80.0,4.0,8,1.39,0.48,0.9486133942611392,67402,0.3510520833333354,320,319,0.996875,AMS-7371505-0|qp80
4.0,50.0,80.0,4.0,20,1.39,0.48,0.9844741164874904,63921,0.332921875000002,320,308,0.9625,AMS-7371505-0|qp80
4.0,50.0,100.0,4.0,2,1.39,0.48,0.7164793385509721,113206,0.5896145833333376,400,386,0.965,AMS-7371505-3|qp100
4.0,50.0,100.0,4.0,14,1.39,0.48,0.7681234398944015,103759,0.5404114583333357,400,381,0.9525,AMS-7371505-3|qp100
4.0,50.0,100.0,4.0,26,1.39,0.48,0.9115782371551098,88187,0.459307291666666,400,397,0.9925,AMS-7371505-3|qp100
4.0,50.0,60.0,4.0,8,1.39,0.48,1.0977214089663347,43720,0.2277083333333322,240,240,1.0,AMS-7371505-3|qp60
4.0,50.0,60.0,4.0,20,1.39,0.48,1.1509924009623436,41979,0.2186406249999998,240,243,1.0125,AMS-7371505-3|qp60
2.5,50.0,38.0,4.0,2,1.39,0.48,1.2084334561995915,25502,0.2125166666666685,152,153,1.006578947368421,LON-4082553-0|qp38
2.5,50.0,38.0,4.0,14,1.39,0.48,1.2058718634060697,25067,0.2088916666666697,152,152,1.0,LON-4082553-0|qp38
2.5,50.0,38.0,4.0,26,1.39,0.48,1.2185414245059925,24949,0.2079083333333368,152,151,0.993421052631579,LON-4082553-0|qp38
2.5,50.0,62.0,4.0,8,1.39,0.48,1.0043306255726023,50226,0.4185500000000038,248,248,1.0,LON-4082553-0|qp62
2.5,50.0,62.0,4.0,20,1.39,0.48,0.9990612322365552,42151,0.3512583333333374,118,162,1.3728813559322033,LON-4082553-0|qp62
2.5,50.0,38.0,4.0,2,1.39,0.48,1.17873914368441,26252,0.2187666666666687,152,147,0.9671052631578948,LON-4082554-0|qp38
2.5,50.0,38.0,4.0,14,1.39,0.48,1.1931189583744677,25345,0.2112083333333364,152,153,1.006578947368421,LON-4082554-0|qp38
2.5,50.0,38.0,4.0,26,1.39,0.48,1.2231278685884313,24838,0.2069833333333376,152,156,1.0263157894736843,LON-4082554-0|qp38
2.5,50.0,62.0,4.0,8,1.39,0.48,0.4952021515243271,78456,0.6538000000000023,132,173,1.3106060606060606,LON-4082554-0|qp62
2.5,50.0,62.0,4.0,20,1.39,0.48,1.0473425352346997,48106,0.4008833333333351,248,243,0.9798387096774194,LON-4082554-0|qp62
2.5,50.0,38.0,4.0,2,1.39,0.48,1.188055587679833,25941,0.2161750000000035,152,148,0.9736842105263158,LON-4082592-0|qp38
2.5,50.0,38.0,4.0,14,1.39,0.48,1.1998900313628846,25189,0.2099083333333374,152,151,0.993421052631579,LON-4082592-0|qp38
2.5,50.0,38.0,4.0,26,1.39,0.48,1.2084088195494482,25126,0.209383333333337,152,155,1.019736842105263,LON-4082592-0|qp38
2.5,50.0,62.0,4.0,8,1.39,0.48,1.0423988662180024,47981,0.3998416666666674,248,246,0.9919354838709676,LON-4082592-0|qp62
2.5,50.0,62.0,4.0,20,1.39,0.48,1.0789974199097214,46510,0.3875833333333332,248,251,1.0120967741935485,LON-4082592-0|qp62
2.5,50.0,50.0,4.0,2,1.39,0.48,1.1756617647058685,9656,0.0804666666666667,71,90,1.267605633802817,SIN-1105987650-1|qp50
2.5,50.0,50.0,4.0,14,1.39,0.48,1.1347913310880322,13658,0.1138166666666668,200,190,0.95,SIN-1105987650-1|qp50
2.5,50.0,50.0,4.0,26,1.39,0.48,1.159236908846759,13406,0.1117166666666664,200,194,0.97,SIN-1105987650-1|qp50
2.0,50.0,10.0,4.0,8,1.39,0.48,1.2145164960181931,2637,0.0274687499999992,40,40,1.0,SIN-131164229-0|qp10
2.0,50.0,10.0,4.0,20,1.39,0.48,1.2759944089456736,2504,0.0260833333333326,40,40,1.0,SIN-131164229-0|qp10
2.0,50.0,24.0,4.0,2,1.39,0.48,1.1426235572654588,6758,0.0703958333333325,96,95,0.9895833333333334,SIN-131164229-0|qp24
2.0,50.0,24.0,4.0,14,1.39,0.48,1.2035943617854423,6385,0.0665104166666667,96,95,0.9895833333333334,SIN-131164229-0|qp24
2.0,50.0,24.0,4.0,26,1.39,0.48,1.1850521792510835,6516,0.0678749999999995,96,97,1.0104166666666667,SIN-131164229-0|qp24
1.8,50.0,22.0,4.0,8,1.39,0.48,1.1031318379071946,16361,0.1893634259259312,88,90,1.0227272727272727,SIN-139715353-1|qp22
1.8,50.0,22.0,4.0,20,1.39,0.48,1.1172466017006817,16111,0.1864699074074143,88,89,1.0113636363636365,SIN-139715353-1|qp22
1.8,50.0,9.0,4.0,2,1.39,0.48,1.2036240405030172,6123,0.0708680555555551,36,36,1.0,SIN-139715353-1|qp9
1.8,50.0,9.0,4.0,14,1.39,0.48,1.2064221237485653,6093,0.0705208333333329,36,37,1.0277777777777777,SIN-139715353-1|qp9
1.8,50.0,9.0,4.0,26,1.39,0.48,1.18050327528355,6259,0.0724421296296293,36,37,1.0277777777777777,SIN-139715353-1|qp9
3.0,50.0,15.0,4.0,8,1.39,0.48,1.224550151975694,9870,0.0685416666666658,60,59,0.9833333333333332,SIN-1464509030-0|qp15
3.0,50.0,15.0,4.0,20,1.39,0.48,1.2432175783651205,9762,0.0677916666666661,60,58,0.9666666666666668,SIN-1464509030-0|qp15
3.0,50.0,36.0,4.0,2,1.39,0.48,1.1222232063773747,25967,0.1803263888888887,144,142,0.9861111111111112,SIN-1464509030-0|qp36
3.0,50.0,36.0,4.0,14,1.39,0.48,1.1101458436464595,26261,0.1823680555555547,144,143,0.9930555555555556,SIN-1464509030-0|qp36
3.0,50.0,36.0,4.0,26,1.39,0.48,1.1692810985460211,24760,0.1719444444444447,144,141,0.9791666666666666,SIN-1464509030-0|qp36
2.0,50.0,10.0,4.0,8,1.39,0.48,1.302231404958677,6171,0.0642812499999987,40,38,0.95,SIN-166571436-2|qp10
2.0,50.0,10.0,4.0,20,1.39,0.48,1.3901529636710908,5753,0.0599270833333328,40,39,0.975,SIN-166571436-2|qp10
2.0,50.0,24.0,4.0,2,1.39,0.48,1.2556985705817283,15181,0.1581354166666685,96,92,0.9583333333333334,SIN-166571436-2|qp24
2.0,50.0,24.0,4.0,14,1.39,0.48,1.287335025380687,14972,0.1559583333333329,96,97,1.0104166666666667,SIN-166571436-2|qp24
2.0,50.0,24.0,4.0,26,1.39,0.48,1.259355512067804,15330,0.1596874999999993,96,98,1.0208333333333333,SIN-166571436-2|qp24
2.0,50.0,10.0,4.0,8,1.39,0.48,1.2583393501805005,6371,0.0663645833333322,40,38,0.95,SIN-166571436-3|qp10
2.0,50.0,10.0,4.0,20,1.39,0.48,1.309427925016126,6188,0.0644583333333335,40,39,0.975,SIN-166571436-3|qp10
2.0,50.0,24.0,4.0,2,1.39,0.48,1.146877721548854,16994,0.1770208333333329,96,92,0.9583333333333334,SIN-166571436-3|qp24
2.0,50.0,24.0,4.0,14,1.39,0.48,1.1866560067579583,16573,0.1726354166666658,96,97,1.0104166666666667,SIN-166571436-3|qp24
2.0,50.0,24.0,4.0,26,1.39,0.48,1.1944341133004697,16240,0.1691666666666687,96,96,1.0,SIN-166571436-3|qp24
1.8,50.0,22.0,4.0,8,1.39,0.48,1.2316699328106997,14288,0.1653703703703744,88,91,1.0340909090909092,SIN-170969415-0|qp22
1.8,50.0,22.0,4.0,20,1.39,0.48,1.2314399556510078,14431,0.1670254629629666,88,85,0.9659090909090908,SIN-170969415-0|qp22
1.8,50.0,9.0,4.0,2,1.39,0.48,1.2897165991902824,5681,0.0657523148148146,36,35,0.9722222222222222,SIN-170969415-0|qp9
1.8,50.0,9.0,4.0,14,1.39,0.48,1.2842079207920811,5656,0.065462962962963,36,36,1.0,SIN-170969415-0|qp9
1.8,50.0,9.0,4.0,26,1.39,0.48,1.268779049601067,5766,0.0667361111111106,36,37,1.0277777777777777,SIN-170969415-0|qp9
2.0,50.0,10.0,4.0,8,1.39,0.48,1.2611452425960945,6348,0.0661249999999987,40,39,0.975,SIN-190681368-0|qp10
2.0,50.0,10.0,4.0,20,1.39,0.48,1.3687059632238858,5819,0.060614583333333,40,40,1.0,SIN-190681368-0|qp10
2.0,50.0,24.0,4.0,2,1.39,0.48,1.1929137296488923,16031,0.1669895833333341,96,93,0.96875,SIN-190681368-0|qp24
2.0,50.0,24.0,4.0,14,1.39,0.48,1.2157815136553822,16001,0.1666770833333335,96,99,1.03125,SIN-190681368-0|qp24
2.0,50.0,24.0,4.0,26,1.39,0.48,1.1843359255403263,16331,0.1701145833333342,96,96,1.0,SIN-190681368-0|qp24
2.0,50.0,10.0,4.0,8,1.39,0.48,1.2591389798783363,6411,0.0667812499999989,40,39,0.975,SIN-197634752-1|qp10
2.0,50.0,10.0,4.0,20,1.39,0.48,1.336351396276561,6016,0.0626666666666666,40,40,1.0,SIN-197634752-1|qp10
2.0,50.0,24.0,4.0,2,1.39,0.48,1.1627570996979526,16550,0.172395833333334,96,94,0.9791666666666666,SIN-197634752-1|qp24
2.0,50.0,24.0,4.0,14,1.39,0.48,1.2116057662174575,15955,0.1661979166666656,96,97,1.0104166666666667,SIN-197634752-1|qp24
2.0,50.0,24.0,4.0,26,1.39,0.48,1.1666785927250811,16770,0.174687500000001,96,95,0.9895833333333334,SIN-197634752-1|qp24
2.0,50.0,10.0,4.0,8,1.39,0.48,1.2504511512134422,6428,0.0669583333333325,40,38,0.95,SIN-198571185-1|qp10
2.0,50.0,10.0,4.0,20,1.39,0.48,1.362473998294934,5865,0.0610937499999995,40,39,0.975,SIN-198571185-1|qp10
2.0,50.0,24.0,4.0,2,1.39,0.48,1.1578168802262458,16623,0.1731562500000009,96,92,0.9583333333333334,SIN-198571185-1|qp24
2.0,50.0,24.0,4.0,14,1.39,0.48,1.2303934655478928,15732,0.1638749999999998,96,97,1.0104166666666667,SIN-198571185-1|qp24
2.0,50.0,24.0,4.0,26,1.39,0.48,1.182920692798501,16455,0.1714062499999997,96,94,0.9791666666666666,SIN-198571185-1|qp24
2.0,50.0,10.0,4.0,8,1.39,0.48,1.2512912772585711,6420,0.0668749999999992,40,38,0.95,SIN-198571185-2|qp10
2.0,50.0,10.0,4.0,20,1.39,0.48,1.3874488380159165,5766,0.0600624999999995,40,40,1.0,SIN-198571185-2|qp10
2.0,50.0,24.0,4.0,2,1.39,0.48,1.1714020404423575,16369,0.1705104166666672,96,91,0.9479166666666666,SIN-198571185-2|qp24
2.0,50.0,24.0,4.0,14,1.39,0.48,1.228442845420676,15843,0.1650312499999998,96,97,1.0104166666666667,SIN-198571185-2|qp24
2.0,50.0,24.0,4.0,26,1.39,0.48,1.1892509984638844,16275,0.1695312499999999,96,96,1.0,SIN-198571185-2|qp24
2.0,50.0,10.0,4.0,8,1.39,0.48,1.2505332711442818,6432,0.0669999999999992,40,38,0.95,SIN-198571185-3|qp10
2.0,50.0,10.0,4.0,20,1.39,0.48,1.3387229763699966,5967,0.0621562499999998,40,39,0.975,SIN-198571185-3|qp10
2.0,50.0,24.0,4.0,2,1.39,0.48,1.1749127410300777,16388,0.1707083333333358,96,93,0.96875,SIN-198571185-3|qp24
2.0,50.0,24.0,4.0,14,1.39,0.48,1.2252801013941408,15780,0.1643749999999987,96,97,1.0104166666666667,SIN-198571185-3|qp24
2.0,50.0,24.0,4.0,26,1.39,0.48,1.1810723828029748,16468,0.1715416666666672,96,94,0.9791666666666666,SIN-198571185-3|qp24
2.0,50.0,10.0,4.0,8,1.39,0.48,1.2648157440802907,6377,0.0664270833333326,40,38,0.95,SIN-200167221-1|qp10
2.0,50.0,10.0,4.0,20,1.39,0.48,1.3764481628428111,5797,0.0603854166666664,40,40,1.0,SIN-200167221-1|qp10
2.0,50.0,24.0,4.0,2,1.39,0.48,1.1766390066999286,16269,0.1694687499999995,96,92,0.9583333333333334,SIN-200167221-1|qp24
2.0,50.0,24.0,4.0,14,1.39,0.48,1.2235433369105335,15841,0.1650104166666672,96,97,1.0104166666666667,SIN-200167221-1|qp24
2.0,50.0,24.0,4.0,26,1.39,0.48,1.1884899618179323,16238,0.1691458333333344,96,95,0.9895833333333334,SIN-200167221-1|qp24
2.0,50.0,10.0,4.0,8,1.39,0.48,1.2088399174528297,6784,0.070666666666666,40,41,1.025,SIN-200171267-0|qp10
2.0,50.0,10.0,4.0,20,1.39,0.48,1.2583472738537578,6456,0.0672499999999994,40,40,1.0,SIN-200171267-0|qp10
2.0,50.0,24.0,4.0,2,1.39,0.48,1.1821592931215066,16297,0.1697604166666663,96,93,0.96875,SIN-200171267-0|qp24
2.0,50.0,24.0,4.0,14,1.39,0.48,1.1733783218871023,16745,0.1744270833333353,96,95,0.9895833333333334,SIN-200171267-0|qp24
2.0,50.0,24.0,4.0,26,1.39,0.48,1.1611100563630576,16855,0.1755729166666658,95,94,0.9894736842105264,SIN-200171267-0|qp24
2.0,50.0,10.0,4.0,8,1.39,0.48,1.19787927506577,6842,0.0712708333333327,40,38,0.95,SIN-200171267-2|qp10
2.0,50.0,10.0,4.0,20,1.39,0.48,1.2780135582531624,6343,0.066072916666667,40,39,0.975,SIN-200171267-2|qp10
2.0,50.0,24.0,4.0,2,1.39,0.48,1.138029651162868,17200,0.1791666666666659,96,93,0.96875,SIN-200171267-2|qp24
2.0,50.0,24.0,4.0,14,1.39,0.48,1.1623636470726733,16978,0.1768541666666648,96,97,1.0104166666666667,SIN-200171267-2|qp24
2.0,50.0,24.0,4.0,26,1.39,0.48,1.1442864641044788,17147,0.178614583333335,96,94,0.9791666666666666,SIN-200171267-2|qp24
2.0,50.0,10.0,4.0,8,1.39,0.48,1.2103823749066496,6695,0.069739583333333,40,38,0.95,SIN-200171268-0|qp10
2.0,50.0,10.0,4.0,20,1.39,0.48,1.2656128024980162,6405,0.0667187500000001,40,39,0.975,SIN-200171268-0|qp10
2.0,50.0,24.0,4.0,2,1.39,0.48,1.1129765311963782,17470,0.1819791666666671,96,93,0.96875,SIN-200171268-0|qp24
2.0,50.0,24.0,4.0,14,1.39,0.48,1.157370313605245,16964,0.1767083333333314,96,97,1.0104166666666667,SIN-200171268-0|qp24
2.0,50.0,24.0,4.0,26,1.39,0.48,1.1216410020684604,17404,0.1812916666666662,96,95,0.9895833333333334,SIN-200171268-0|qp24
2.0,50.0,10.0,4.0,8,1.39,0.48,1.2162020958083837,6680,0.0695833333333326,40,38,0.95,SIN-200171268-4|qp10
2.0,50.0,10.0,4.0,20,1.39,0.48,1.3104300551768562,6162,0.0641875000000001,40,39,0.975,SIN-200171268-4|qp10
2.0,50.0,24.0,4.0,2,1.39,0.48,1.1335196181162592,17178,0.1789374999999995,96,92,0.9583333333333334,SIN-200171268-4|qp24
2.0,50.0,24.0,4.0,14,1.39,0.48,1.2014722495088404,16288,0.169666666666665,96,98,1.0208333333333333,SIN-200171268-4|qp24
2.0,50.0,24.0,4.0,26,1.39,0.48,1.1822718966987278,16418,0.1710208333333331,96,95,0.9895833333333334,SIN-200171268-4|qp24
1.8,50.0,27.0,4.0,8,1.39,0.48,1.1518312584998365,19118,0.2212731481481507,108,111,1.0277777777777777,SIN-22811726-0|qp27
1.8,50.0,27.0,4.0,20,1.39,0.48,1.182647668959526,18318,0.2120138888888946,108,106,0.9814814814814816,SIN-22811726-0|qp27
1.8,50.0,27.0,4.0,2,1.39,0.48,1.0869675054972534,20465,0.2368634259259265,108,107,0.9907407407407408,SIN-22811727-0|qp27
1.8,50.0,27.0,4.0,14,1.39,0.48,1.1390790899241758,19383,0.2243402777777809,108,107,0.9907407407407408,SIN-22811727-0|qp27
1.8,50.0,27.0,4.0,26,1.39,0.48,1.0985755886930786,19917,0.2305208333333338,108,110,1.0185185185185186,SIN-22811727-0|qp27
1.8,50.0,27.0,4.0,8,1.39,0.48,1.107193903471643,5905,0.0683449074074067,108,106,0.9814814814814816,SIN-22811728-0|qp27
1.8,50.0,27.0,4.0,20,1.39,0.48,1.1727829512893988,5584,0.0646296296296292,108,107,0.9907407407407408,SIN-22811728-0|qp27
1.8,50.0,45.0,4.0,2,1.39,0.48,1.1021998787388956,9896,0.114537037037037,180,180,1.0,SIN-22811728-0|qp45
1.8,50.0,45.0,4.0,14,1.39,0.48,1.0764837856373166,10207,0.1181365740740745,180,181,1.0055555555555555,SIN-22811728-0|qp45
1.8,50.0,45.0,4.0,26,1.39,0.48,1.0839578200453364,10147,0.11744212962963,180,180,1.0,SIN-22811728-0|qp45
1.8,50.0,22.0,4.0,8,1.39,0.48,1.1198412796825248,16129,0.186678240740746,88,90,1.0227272727272727,SIN-22928582-0|qp22
1.8,50.0,22.0,4.0,20,1.39,0.48,1.1561046062789369,15544,0.1799074074074141,88,86,0.9772727272727272,SIN-22928582-0|qp22
1.8,50.0,9.0,4.0,2,1.39,0.48,1.2061400651465746,6140,0.0710648148148142,36,35,0.9722222222222222,SIN-22928582-0|qp9
1.8,50.0,9.0,4.0,14,1.39,0.48,1.2121136475611762,6089,0.0704745370370366,36,36,1.0,SIN-22928582-0|qp9
1.8,50.0,9.0,4.0,26,1.39,0.48,1.2196298744216392,6052,0.0700462962962958,36,37,1.0277777777777777,SIN-22928582-0|qp9
1.8,50.0,22.0,4.0,8,1.39,0.48,1.1650840253710573,15293,0.1770023148148199,88,90,1.0227272727272727,SIN-22928582-1|qp22
1.8,50.0,22.0,4.0,20,1.39,0.48,1.165606207565449,15465,0.1789930555555617,88,85,0.9659090909090908,SIN-22928582-1|qp22
1.8,50.0,9.0,4.0,2,1.39,0.48,1.1837286239411815,6257,0.0724189814814812,36,35,0.9722222222222222,SIN-22928582-1|qp9
1.8,50.0,9.0,4.0,14,1.39,0.48,1.2262202879142947,5974,0.0691435185185177,36,37,1.0277777777777777,SIN-22928582-1|qp9
1.8,50.0,9.0,4.0,26,1.39,0.48,1.1999610894941284,6168,0.0713888888888885,36,37,1.0277777777777777,SIN-22928582-1|qp9
1.8,50.0,22.0,4.0,8,1.39,0.48,1.131228569621031,15807,0.1829513888888947,88,91,1.0340909090909092,SIN-22928582-2|qp22
1.8,50.0,22.0,4.0,20,1.39,0.48,1.1382905982905804,15912,0.1841666666666738,88,88,1.0,SIN-22928582-2|qp22
1.8,50.0,9.0,4.0,2,1.39,0.48,1.1926951612903185,6200,0.0717592592592587,36,35,0.9722222222222222,SIN-22928582-2|qp9
1.8,50.0,9.0,4.0,14,1.39,0.48,1.2064551994767791,6116,0.0707870370370366,36,37,1.0277777777777777,SIN-22928582-2|qp9
1.8,50.0,9.0,4.0,26,1.39,0.48,1.2026981806367385,6156,0.07125,36,37,1.0277777777777777,SIN-22928582-2|qp9
3.0,50.0,15.0,4.0,8,1.39,0.48,0.9645669600754544,12724,0.0883611111111103,60,59,0.9833333333333332,SIN-546209379-0|qp15
3.0,50.0,15.0,4.0,20,1.39,0.48,0.9613181531673588,12692,0.0881388888888882,60,61,1.0166666666666666,SIN-546209379-0|qp15
3.0,50.0,36.0,4.0,2,1.39,0.48,0.7602676448784546,39119,0.2716597222222233,144,143,0.9930555555555556,SIN-546209379-0|qp36
3.0,50.0,36.0,4.0,14,1.39,0.48,0.7777943267913227,38673,0.2685625000000025,144,144,1.0,SIN-546209379-0|qp36
3.0,50.0,36.0,4.0,26,1.39,0.48,0.7972115614300103,37677,0.2616458333333351,144,145,1.0069444444444444,SIN-546209379-0|qp36
3.0,50.0,15.0,4.0,8,1.39,0.48,1.289141999142002,9324,0.064749999999999,60,59,0.9833333333333332,SIN-546209379-1|qp15
3.0,50.0,15.0,4.0,20,1.39,0.48,1.3246116343490664,9025,0.0626736111111098,60,59,0.9833333333333332,SIN-546209379-1|qp15
3.0,50.0,36.0,4.0,2,1.39,0.48,1.2055865127176209,23904,0.1659999999999994,144,146,1.0138888888888888,SIN-546209379-1|qp36
3.0,50.0,36.0,4.0,14,1.39,0.48,1.212718381396118,23823,0.1654374999999977,144,145,1.0069444444444444,SIN-546209379-1|qp36
3.0,50.0,36.0,4.0,26,1.39,0.48,1.2404268578989752,23427,0.1626874999999991,144,144,1.0,SIN-546209379-1|qp36
3.0,50.0,15.0,4.0,8,1.39,0.48,1.2801480613549283,9388,0.0651944444444433,60,59,0.9833333333333332,SIN-546209379-2|qp15
3.0,50.0,15.0,4.0,20,1.39,0.48,1.3193934715483442,9068,0.0629722222222211,60,59,0.9833333333333332,SIN-546209379-2|qp15
3.0,50.0,36.0,4.0,2,1.39,0.48,1.2105282734986,23927,0.1661597222222202,144,146,1.0138888888888888,SIN-546209379-2|qp36
3.0,50.0,36.0,4.0,14,1.39,0.48,1.1996944248118946,24053,0.1670347222222215,144,146,1.0138888888888888,SIN-546209379-2|qp36
3.0,50.0,36.0,4.0,26,1.39,0.48,1.2345745133044057,23526,0.1633749999999989,144,145,1.0069444444444444,SIN-546209379-2|qp36
1.8,50.0,22.0,4.0,8,1.39,0.48,1.1677459878978815,15204,0.1759722222222281,88,86,0.9772727272727272,SIN-74587409-1|qp22
1.8,50.0,22.0,4.0,20,1.39,0.48,1.1924190425318664,14977,0.1733449074074141,88,86,0.9772727272727272,SIN-74587409-1|qp22
1.8,50.0,9.0,4.0,2,1.39,0.48,1.289582305252026,5674,0.065671296296296,36,36,1.0,SIN-74587409-1|qp9
1.8,50.0,9.0,4.0,14,1.39,0.48,1.2660744736384193,5747,0.0665162037037036,36,37,1.0277777777777777,SIN-74587409-1|qp9
1.8,50.0,9.0,4.0,26,1.39,0.48,1.250400616332785,5841,0.0676041666666663,36,37,1.0277777777777777,SIN-74587409-1|qp9
1.8,50.0,22.0,4.0,8,1.39,0.48,1.194909679158768,14836,0.1717129629629668,88,87,0.9886363636363636,SIN-74587409-2|qp22
1.8,50.0,22.0,4.0,20,1.39,0.48,1.1898353964536466,14945,0.1729745370370413,88,85,0.9659090909090908,SIN-74587409-2|qp22
1.8,50.0,9.0,4.0,2,1.39,0.48,1.2782299173844234,5689,0.065844907407407,36,36,1.0,SIN-74587409-2|qp9
1.8,50.0,9.0,4.0,14,1.39,0.48,1.2661458152079343,5747,0.0665162037037036,36,37,1.0277777777777777,SIN-74587409-2|qp9
1.8,50.0,9.0,4.0,26,1.39,0.48,1.2534268605645515,5845,0.067650462962963,36,37,1.0277777777777777,SIN-74587409-2|qp9
2.5,50.0,12.0,4.0,8,1.39,0.48,1.279007878221363,7489,0.0624083333333339,48,47,0.9791666666666666,TYO-1323228545-3|qp12
2.5,50.0,12.0,4.0,20,1.39,0.48,1.3696340270987517,7159,0.0596583333333347,48,46,0.9583333333333334,TYO-1323228545-3|qp12
2.5,50.0,30.0,4.0,2,1.39,0.48,1.2223002116296675,19846,0.165383333333334,120,121,1.0083333333333333,TYO-1323228545-3|qp30
2.5,50.0,30.0,4.0,14,1.39,0.48,1.2505631524008172,19160,0.1596666666666686,120,122,1.0166666666666666,TYO-1323228545-3|qp30
2.5,50.0,30.0,4.0,26,1.39,0.48,1.2246193283773967,19505,0.1625416666666674,120,121,1.0083333333333333,TYO-1323228545-3|qp30
2.5,50.0,50.0,4.0,3,1.39,0.48,1.0087410818195508,39526,0.3293833333333368,198,194,0.9797979797979798,AMS-1073074102-0|qp50
2.5,50.0,50.0,4.0,15,1.39,0.48,1.0459217681581343,37146,0.3095499999999988,200,199,0.995,AMS-1073074102-0|qp50
2.5,50.0,50.0,4.0,27,1.39,0.48,1.0655997068643297,36843,0.3070249999999985,200,201,1.005,AMS-1073074102-0|qp50
1.2,50.0,14.0,4.0,9,1.39,0.48,1.2486152324431972,9099,0.1579687500000025,56,56,1.0,AMS-244428233-0|qp14
1.2,50.0,14.0,4.0,21,1.39,0.48,1.2264774951076385,9198,0.1596875000000009,56,56,1.0,AMS-244428233-0|qp14
1.2,50.0,6.0,4.0,3,1.39,0.48,1.2303941384537362,3958,0.0687152777777784,24,23,0.9583333333333334,AMS-244428233-0|qp6
1.2,50.0,6.0,4.0,15,1.39,0.48,1.2712673838887338,3811,0.0661631944444443,24,24,1.0,AMS-244428233-0|qp6
1.2,50.0,6.0,4.0,27,1.39,0.48,1.3465870115266052,3557,0.0617534722222225,24,24,1.0,AMS-244428233-0|qp6
2.5,50.0,12.0,4.0,9,1.39,0.48,1.27062727745966,3842,0.0320166666666671,48,47,0.9791666666666666,AMS-4480498-0|qp12
2.5,50.0,12.0,4.0,21,1.39,0.48,1.2603667355371977,3872,0.032266666666667,48,49,1.0208333333333333,AMS-4480498-0|qp12
2.5,50.0,30.0,4.0,3,1.39,0.48,1.2110504368546606,10072,0.0839333333333348,120,121,1.0083333333333333,AMS-4480498-0|qp30
2.5,50.0,30.0,4.0,15,1.39,0.48,1.2134077380952728,10080,0.084000000000001,120,119,0.9916666666666668,AMS-4480498-0|qp30
2.5,50.0,30.0,4.0,27,1.39,0.48,1.228477390956386,9996,0.083300000000001,120,122,1.0166666666666666,AMS-4480498-0|qp30
3.6,50.0,18.0,4.0,9,1.39,0.48,1.2337379393521948,11608,0.0671759259259256,72,72,1.0,AMS-4480626-0|qp18
3.6,50.0,18.0,4.0,21,1.39,0.48,1.201264121876087,11684,0.0676157407407408,72,73,1.0138888888888888,AMS-4480626-0|qp18
3.6,50.0,43.0,4.0,3,1.39,0.48,1.027419239480219,33556,0.1941898148148157,172,172,1.0,AMS-4480626-0|qp43
3.6,50.0,43.0,4.0,15,1.39,0.48,1.0516239921216162,32494,0.1880439814814809,172,175,1.0174418604651163,AMS-4480626-0|qp43
3.6,50.0,43.0,4.0,27,1.39,0.48,1.0144038951044794,33786,0.1955208333333332,170,176,1.035294117647059,AMS-4480626-0|qp43
3.6,50.0,18.0,4.0,9,1.39,0.48,1.3383525717979836,10829,0.0626678240740735,72,72,1.0,AMS-4480644-0|qp18
3.6,50.0,18.0,4.0,21,1.39,0.48,1.2850130173265084,11139,0.0644618055555559,72,72,1.0,AMS-4480644-0|qp18
3.6,50.0,43.0,4.0,3,1.39,0.48,1.2109578424216072,28773,0.1665104166666671,172,172,1.0,AMS-4480644-0|qp43
3.6,50.0,43.0,4.0,15,1.39,0.48,1.2455874959011628,27447,0.1588368055555564,172,174,1.0116279069767442,AMS-4480644-0|qp43
3.6,50.0,43.0,4.0,27,1.39,0.48,1.1943374328772245,28865,0.1670428240740736,172,173,1.005813953488372,AMS-4480644-0|qp43
2.5,50.0,12.0,4.0,9,1.39,0.48,1.3105958726254023,7317,0.0609750000000007,48,50,1.0416666666666667,AMS-4495978-0|qp12
2.5,50.0,12.0,4.0,21,1.39,0.48,1.294095617529904,7530,0.062750000000001,48,49,1.0208333333333333,AMS-4495978-0|qp12
2.5,50.0,30.0,4.0,3,1.39,0.48,1.2357632985492903,19645,0.1637083333333346,120,119,0.9916666666666668,AMS-4495978-0|qp30
2.5,50.0,30.0,4.0,15,1.39,0.48,1.233155156584595,19606,0.1633833333333341,120,118,0.9833333333333332,AMS-4495978-0|qp30
2.5,50.0,30.0,4.0,27,1.39,0.48,1.2227444494562438,19953,0.1662750000000021,120,122,1.0166666666666666,AMS-4495978-0|qp30
2.5,50.0,12.0,4.0,9,1.39,0.48,1.153997538293213,7312,0.0609333333333339,48,48,1.0,AMS-4495979-0|qp12
2.5,50.0,12.0,4.0,21,1.39,0.48,1.146820575131658,7407,0.0617250000000007,48,48,1.0,AMS-4495979-0|qp12
2.5,50.0,30.0,4.0,3,1.39,0.48,1.1133121119646376,19006,0.1583833333333337,120,121,1.0083333333333333,AMS-4495979-0|qp30
2.5,50.0,30.0,4.0,15,1.39,0.48,1.1014167927777143,19163,0.159691666666668,120,121,1.0083333333333333,AMS-4495979-0|qp30
2.5,50.0,30.0,4.0,27,1.39,0.48,1.191883043576459,17716,0.1476333333333329,120,122,1.0166666666666666,AMS-4495979-0|qp30
2.5,50.0,12.0,4.0,9,1.39,0.48,1.1522207883622786,8524,0.0710333333333342,48,48,1.0,AMS-4496429-0|qp12
2.5,50.0,12.0,4.0,21,1.39,0.48,1.1356480844230408,8718,0.0726500000000014,48,50,1.0416666666666667,AMS-4496429-0|qp12
2.5,50.0,30.0,4.0,3,1.39,0.48,0.8921918863103345,28569,0.2380750000000043,120,121,1.0083333333333333,AMS-4496429-0|qp30
2.5,50.0,30.0,4.0,15,1.39,0.48,0.958787608214545,25759,0.2146583333333361,120,118,0.9833333333333332,AMS-4496429-0|qp30
2.5,50.0,30.0,4.0,27,1.39,0.48,0.9583497414288524,26105,0.2175416666666706,120,119,0.9916666666666668,AMS-4496429-0|qp30
2.5,50.0,12.0,4.0,9,1.39,0.48,1.3271133877890136,7223,0.0601916666666676,48,49,1.0208333333333333,AMS-7370864-0|qp12
2.5,50.0,12.0,4.0,21,1.39,0.48,1.299780337530159,7466,0.0622166666666677,48,49,1.0208333333333333,AMS-7370864-0|qp12
2.5,50.0,30.0,4.0,3,1.39,0.48,1.2395682792407048,19596,0.1633000000000017,120,121,1.0083333333333333,AMS-7370864-0|qp30
2.5,50.0,30.0,4.0,15,1.39,0.48,1.257619644068558,19161,0.1596750000000013,120,120,1.0,AMS-7370864-0|qp30
2.5,50.0,30.0,4.0,27,1.39,0.48,1.2468268984914792,19555,0.1629583333333336,120,117,0.975,AMS-7370864-0|qp30
4.0,50.0,80.0,4.0,9,1.39,0.48,0.9999009242944532,64698,0.3369687500000008,320,314,0.98125,AMS-7371505-0|qp80
4.0,50.0,80.0,4.0,21,1.39,0.48,1.037771113711682,61524,0.3204375000000002,320,319,0.996875,AMS-7371505-0|qp80
4.0,50.0,100.0,4.0,3,1.39,0.48,0.7696027741520666,102662,0.5346979166666669,400,387,0.9675,AMS-7371505-3|qp100
4.0,50.0,100.0,4.0,15,1.39,0.48,0.8199928462663237,97851,0.5096406250000025,400,390,0.975,AMS-7371505-3|qp100
4.0,50.0,100.0,4.0,27,1.39,0.48,0.8240794349118271,97967,0.5102447916666645,400,391,0.9775,AMS-7371505-3|qp100
4.0,50.0,60.0,4.0,9,1.39,0.48,1.1038240869166474,43260,0.2253125000000022,240,241,1.0041666666666669,AMS-7371505-3|qp60
4.0,50.0,60.0,4.0,21,1.39,0.48,1.1470722857276687,42166,0.2196145833333332,240,242,1.0083333333333333,AMS-7371505-3|qp60
2.5,50.0,38.0,4.0,3,1.39,0.48,1.21586047247837,25271,0.2105916666666706,152,151,0.993421052631579,LON-4082553-0|qp38
2.5,50.0,38.0,4.0,15,1.39,0.48,1.224602863541862,25004,0.2083666666666702,152,151,0.993421052631579,LON-4082553-0|qp38
2.5,50.0,38.0,4.0,27,1.39,0.48,1.1757136295786823,26127,0.2177250000000017,152,153,1.006578947368421,LON-4082553-0|qp38
2.5,50.0,62.0,4.0,9,1.39,0.48,0.5709045015332312,69132,0.5760999999999998,120,162,1.35,LON-4082553-0|qp62
2.5,50.0,62.0,4.0,21,1.39,0.48,0.9881945199099584,51532,0.4294333333333348,248,242,0.9758064516129032,LON-4082553-0|qp62
2.5,50.0,38.0,4.0,3,1.39,0.48,1.203848597764263,25495,0.2124583333333373,152,153,1.006578947368421,LON-4082554-0|qp38
2.5,50.0,38.0,4.0,15,1.39,0.48,1.216456874602214,25136,0.2094666666666691,152,152,1.0,LON-4082554-0|qp38
2.5,50.0,38.0,4.0,27,1.39,0.48,1.217367289235844,25111,0.2092583333333351,152,153,1.006578947368421,LON-4082554-0|qp38
2.5,50.0,62.0,4.0,9,1.39,0.48,0.8053305044595863,48547,0.4045583333333364,86,125,1.4534883720930232,LON-4082554-0|qp62
2.5,50.0,62.0,4.0,21,1.39,0.48,1.0962464177063629,45362,0.3780166666666645,248,250,1.0080645161290325,LON-4082554-0|qp62
2.5,50.0,38.0,4.0,3,1.39,0.48,1.2139184965381014,25275,0.2106250000000039,152,153,1.006578947368421,LON-4082592-0|qp38
2.5,50.0,38.0,4.0,15,1.39,0.48,1.2176786354760711,25093,0.2091083333333362,152,152,1.0,LON-4082592-0|qp38
2.5,50.0,38.0,4.0,27,1.39,0.48,1.2122697681804344,25192,0.2099333333333368,152,153,1.006578947368421,LON-4082592-0|qp38
2.5,50.0,62.0,4.0,9,1.39,0.48,1.1113451061431172,26615,0.2217916666666707,11,50,4.545454545454546,LON-4082592-0|qp62
2.5,50.0,62.0,4.0,21,1.39,0.48,1.0566286528865432,47702,0.397516666666666,248,251,1.0120967741935485,LON-4082592-0|qp62
2.5,50.0,50.0,4.0,3,1.39,0.48,1.260682532012546,8278,0.0689833333333343,95,99,1.0421052631578946,SIN-1105987650-1|qp50
2.5,50.0,50.0,4.0,15,1.39,0.48,1.1239042069357574,14072,0.1172666666666655,200,197,0.985,SIN-1105987650-1|qp50
2.5,50.0,50.0,4.0,27,1.39,0.48,1.17223751865984,12058,0.1004833333333329,165,163,0.987878787878788,SIN-1105987650-1|qp50
2.0,50.0,10.0,4.0,9,1.39,0.48,1.2254389965792396,2631,0.0274062499999991,40,40,1.0,SIN-131164229-0|qp10
2.0,50.0,10.0,4.0,21,1.39,0.48,1.2284524264424943,2617,0.0272604166666659,40,40,1.0,SIN-131164229-0|qp10
2.0,50.0,24.0,4.0,3,1.39,0.48,1.1752293158616511,6563,0.0683645833333333,96,96,1.0,SIN-131164229-0|qp24
2.0,50.0,24.0,4.0,15,1.39,0.48,1.2188962787015083,6315,0.0657812500000002,96,96,1.0,SIN-131164229-0|qp24
2.0,50.0,24.0,4.0,27,1.39,0.48,1.2073979511426431,6345,0.066093749999999,96,95,0.9895833333333334,SIN-131164229-0|qp24
1.8,50.0,22.0,4.0,9,1.39,0.48,1.0586987723147934,16861,0.1951504629629697,88,88,1.0,SIN-139715353-1|qp22
1.8,50.0,22.0,4.0,21,1.39,0.48,1.078752825026749,16814,0.1946064814814886,88,87,0.9886363636363636,SIN-139715353-1|qp22
1.8,50.0,9.0,4.0,3,1.39,0.48,1.1501340523882964,6490,0.0751157407407404,36,36,1.0,SIN-139715353-1|qp9
1.8,50.0,9.0,4.0,15,1.39,0.48,1.199211846577129,6179,0.0715162037037031,36,36,1.0,SIN-139715353-1|qp9
1.8,50.0,9.0,4.0,27,1.39,0.48,1.2052561321541877,5993,0.0693634259259248,36,35,0.9722222222222222,SIN-139715353-1|qp9
3.0,50.0,15.0,4.0,9,1.39,0.48,1.2460488652627628,9782,0.0679305555555548,60,60,1.0,SIN-1464509030-0|qp15
3.0,50.0,15.0,4.0,21,1.39,0.48,1.240492605813363,9805,0.0680902777777769,60,61,1.0166666666666666,SIN-1464509030-0|qp15
3.0,50.0,36.0,4.0,3,1.39,0.48,1.1723885723522005,24747,0.1718541666666659,144,143,0.9930555555555556,SIN-1464509030-0|qp36
3.0,50.0,36.0,4.0,15,1.39,0.48,1.1482855919670056,25694,0.1784305555555552,144,148,1.0277777777777777,SIN-1464509030-0|qp36
3.0,50.0,36.0,4.0,27,1.39,0.48,1.149790171392783,25497,0.1770624999999993,144,143,0.9930555555555556,SIN-1464509030-0|qp36
2.0,50.0,10.0,4.0,9,1.39,0.48,1.343629407850908,6012,0.0626249999999992,40,40,1.0,SIN-166571436-2|qp10
2.0,50.0,10.0,4.0,21,1.39,0.48,1.3224130006566446,6092,0.0634583333333333,40,41,1.025,SIN-166571436-2|qp10
2.0,50.0,24.0,4.0,3,1.39,0.48,1.260040199701698,15423,0.1606562500000009,96,96,1.0,SIN-166571436-2|qp24
2.0,50.0,24.0,4.0,15,1.39,0.48,1.309819550912377,14741,0.1535520833333335,96,97,1.0104166666666667,SIN-166571436-2|qp24
2.0,50.0,24.0,4.0,27,1.39,0.48,1.3032189365165776,14744,0.1535833333333333,96,97,1.0104166666666667,SIN-166571436-2|qp24
2.0,50.0,10.0,4.0,9,1.39,0.48,1.2585409307325603,6511,0.0678229166666663,40,40,1.0,SIN-166571436-3|qp10
2.0,50.0,10.0,4.0,21,1.39,0.48,1.268724696356315,6422,0.0668958333333321,40,41,1.025,SIN-166571436-3|qp10
2.0,50.0,24.0,4.0,3,1.39,0.48,1.1944536484346038,16418,0.1710208333333326,96,99,1.03125,SIN-166571436-3|qp24
2.0,50.0,24.0,4.0,15,1.39,0.48,1.2111050064818198,16199,0.1687395833333322,96,98,1.0208333333333333,SIN-166571436-3|qp24
2.0,50.0,24.0,4.0,27,1.39,0.48,1.2081101438538315,16197,0.1687187499999994,96,96,1.0,SIN-166571436-3|qp24
1.8,50.0,22.0,4.0,9,1.39,0.48,1.238123772102121,14252,0.1649537037037072,88,85,0.9659090909090908,SIN-170969415-0|qp22
1.8,50.0,22.0,4.0,21,1.39,0.48,1.195748057862318,14932,0.17282407407408,88,87,0.9886363636363636,SIN-170969415-0|qp22
1.8,50.0,9.0,4.0,3,1.39,0.48,1.2375354343838667,5997,0.0694097222222219,36,36,1.0,SIN-170969415-0|qp9
1.8,50.0,9.0,4.0,15,1.39,0.48,1.2667718028266295,5802,0.0671527777777771,36,36,1.0,SIN-170969415-0|qp9
1.8,50.0,9.0,4.0,27,1.39,0.48,1.2745897346368755,5728,0.0662962962962952,36,36,1.0,SIN-170969415-0|qp9
2.0,50.0,10.0,4.0,9,1.39,0.48,1.312601362309386,6166,0.0642291666666657,40,41,1.025,SIN-190681368-0|qp10
2.0,50.0,10.0,4.0,21,1.39,0.48,1.2895952836201865,6276,0.0653749999999998,40,41,1.025,SIN-190681368-0|qp10
2.0,50.0,24.0,4.0,3,1.39,0.48,1.1680341469279578,16634,0.1732708333333342,96,94,0.9791666666666666,SIN-190681368-0|qp24
2.0,50.0,24.0,4.0,15,1.39,0.48,1.2128298857671829,16195,0.1686979166666669,96,96,1.0,SIN-190681368-0|qp24
2.0,50.0,24.0,4.0,27,1.39,0.48,1.2049203881079775,16078,0.1674791666666678,96,95,0.9895833333333334,SIN-190681368-0|qp24
2.0,50.0,10.0,4.0,9,1.39,0.48,1.3175142531356367,6139,0.0639479166666657,40,41,1.025,SIN-197634752-1|qp10
2.0,50.0,10.0,4.0,21,1.39,0.48,1.2615577732730785,6413,0.0668020833333324,40,41,1.025,SIN-197634752-1|qp10
2.0,50.0,24.0,4.0,3,1.39,0.48,1.1828335542966997,16594,0.1728541666666669,96,96,1.0,SIN-197634752-1|qp24
2.0,50.0,24.0,4.0,15,1.39,0.48,1.2447652341243916,15590,0.1623958333333323,96,96,1.0,SIN-197634752-1|qp24
2.0,50.0,24.0,4.0,27,1.39,0.48,1.220451955943823,15798,0.164562499999999,96,97,1.0104166666666667,SIN-197634752-1|qp24
2.0,50.0,10.0,4.0,9,1.39,0.48,1.333747316267495,6055,0.0630729166666659,40,41,1.025,SIN-198571185-1|qp10
2.0,50.0,10.0,4.0,21,1.39,0.48,1.2905707872374943,6237,0.0649687499999994,40,42,1.05,SIN-198571185-1|qp10
2.0,50.0,24.0,4.0,3,1.39,0.48,1.154588111397102,17092,0.1780416666666656,96,94,0.9791666666666666,SIN-198571185-1|qp24
2.0,50.0,24.0,4.0,15,1.39,0.48,1.225115853273531,15839,0.1649895833333339,96,97,1.0104166666666667,SIN-198571185-1|qp24
2.0,50.0,24.0,4.0,27,1.39,0.48,1.2451391119964268,15563,0.1621145833333323,96,97,1.0104166666666667,SIN-198571185-1|qp24
2.0,50.0,10.0,4.0,9,1.39,0.48,1.3332638544250914,6045,0.0629687499999992,40,41,1.025,SIN-198571185-2|qp10
2.0,50.0,10.0,4.0,21,1.39,0.48,1.2985794632814216,6223,0.0648229166666665,40,42,1.05,SIN-198571185-2|qp10
2.0,50.0,24.0,4.0,3,1.39,0.48,1.145041462275126,17124,0.178375,96,95,0.9895833333333334,SIN-198571185-2|qp24
2.0,50.0,24.0,4.0,15,1.39,0.48,1.23325925925922,15795,0.1645312499999999,96,97,1.0104166666666667,SIN-198571185-2|qp24
2.0,50.0,24.0,4.0,27,1.39,0.48,1.2363237259019162,15717,0.1637187499999995,96,98,1.0208333333333333,SIN-198571185-2|qp24
2.0,50.0,10.0,4.0,9,1.39,0.48,1.333673232908407,6041,0.0629270833333325,40,41,1.025,SIN-198571185-3|qp10
2.0,50.0,10.0,4.0,21,1.39,0.48,1.297151534526903,6256,0.0651666666666661,40,42,1.05,SIN-198571185-3|qp10
2.0,50.0,24.0,4.0,3,1.39,0.48,1.1529711583371829,17128,0.1784166666666654,96,94,0.9791666666666666,SIN-198571185-3|qp24
2.0,50.0,24.0,4.0,15,1.39,0.48,1.2289633264137536,15897,0.1655937499999993,96,97,1.0104166666666667,SIN-198571185-3|qp24
2.0,50.0,24.0,4.0,27,1.39,0.48,1.2249572324653373,15783,0.1644062500000002,96,96,1.0,SIN-198571185-3|qp24
2.0,50.0,10.0,4.0,9,1.39,0.48,1.2993433124094131,6213,0.064718749999999,40,40,1.0,SIN-200167221-1|qp10
2.0,50.0,10.0,4.0,21,1.39,0.48,1.29264743589748,6240,0.0649999999999993,40,42,1.05,SIN-200167221-1|qp10
2.0,50.0,24.0,4.0,3,1.39,0.48,1.1668671245147593,16745,0.1744270833333328,96,96,1.0,SIN-200167221-1|qp24
2.0,50.0,24.0,4.0,15,1.39,0.48,1.216615846038459,16004,0.1667083333333323,96,96,1.0,SIN-200167221-1|qp24
2.0,50.0,24.0,4.0,27,1.39,0.48,1.209881329605495,16095,0.1676562499999991,96,97,1.0104166666666667,SIN-200167221-1|qp24
2.0,50.0,10.0,4.0,9,1.39,0.48,1.1848288128056472,6747,0.070281249999999,40,37,0.925,SIN-200171267-0|qp10
2.0,50.0,10.0,4.0,21,1.39,0.48,1.2043815887157026,6735,0.0701562499999993,40,39,0.975,SIN-200171267-0|qp10
2.0,50.0,24.0,4.0,3,1.39,0.48,1.190432563790954,16460,0.171458333333333,94,95,1.0106382978723405,SIN-200171267-0|qp24
2.0,50.0,24.0,4.0,15,1.39,0.48,1.1615607580824685,17043,0.1775312500000006,96,96,1.0,SIN-200171267-0|qp24
2.0,50.0,24.0,4.0,27,1.39,0.48,1.244782803117452,15654,0.1630624999999991,96,99,1.03125,SIN-200171267-0|qp24
2.0,50.0,10.0,4.0,9,1.39,0.48,1.231498205741581,6688,0.0696666666666665,40,40,1.0,SIN-200171267-2|qp10
2.0,50.0,10.0,4.0,21,1.39,0.48,1.2184371275328114,6712,0.0699166666666655,40,41,1.025,SIN-200171267-2|qp10
2.0,50.0,24.0,4.0,3,1.39,0.48,1.146479230281677,17357,0.1808020833333337,96,95,0.9895833333333334,SIN-200171267-2|qp24
2.0,50.0,24.0,4.0,15,1.39,0.48,1.1798473007093435,16634,0.1732708333333334,96,97,1.0104166666666667,SIN-200171267-2|qp24
2.0,50.0,24.0,4.0,27,1.39,0.48,1.169516445607581,16813,0.1751354166666664,96,98,1.0208333333333333,SIN-200171267-2|qp24
2.0,50.0,10.0,4.0,9,1.39,0.48,1.2472932330826594,6517,0.0678854166666662,40,40,1.0,SIN-200171268-0|qp10
2.0,50.0,10.0,4.0,21,1.39,0.48,1.2372012195122273,6560,0.0683333333333319,40,42,1.05,SIN-200171268-0|qp10
2.0,50.0,24.0,4.0,3,1.39,0.48,1.1318385342112396,17465,0.1819270833333338,96,96,1.0,SIN-200171268-0|qp24
2.0,50.0,24.0,4.0,15,1.39,0.48,1.1641090307719308,16931,0.1763645833333332,96,97,1.0104166666666667,SIN-200171268-0|qp24
2.0,50.0,24.0,4.0,27,1.39,0.48,1.1624656726972944,16969,0.1767604166666669,96,96,1.0,SIN-200171268-0|qp24
2.0,50.0,10.0,4.0,9,1.39,0.48,1.2646103694504336,6442,0.0671041666666663,40,40,1.0,SIN-200171268-4|qp10
2.0,50.0,10.0,4.0,21,1.39,0.48,1.2602435241197814,6447,0.067156249999999,40,42,1.05,SIN-200171268-4|qp10
2.0,50.0,24.0,4.0,3,1.39,0.48,1.1547892313141734,16938,0.1764374999999988,96,95,0.9895833333333334,SIN-200171268-4|qp24
2.0,50.0,24.0,4.0,15,1.39,0.48,1.2171163606741957,15959,0.1662395833333311,96,97,1.0104166666666667,SIN-200171268-4|qp24
2.0,50.0,24.0,4.0,27,1.39,0.48,1.1624562447910678,16798,0.1749791666666653,96,98,1.0208333333333333,SIN-200171268-4|qp24
1.8,50.0,27.0,4.0,9,1.39,0.48,1.1433398201230378,19013,0.2200578703703741,108,108,1.0,SIN-22811726-0|qp27
1.8,50.0,27.0,4.0,21,1.39,0.48,1.154723321200657,18957,0.2194097222222252,108,109,1.0092592592592593,SIN-22811726-0|qp27
1.8,50.0,27.0,4.0,3,1.39,0.48,1.1125392762134287,19923,0.2305902777777785,108,108,1.0,SIN-22811727-0|qp27
1.8,50.0,27.0,4.0,15,1.39,0.48,1.1087726267094824,19888,0.2301851851851875,108,105,0.9722222222222222,SIN-22811727-0|qp27
1.8,50.0,27.0,4.0,27,1.39,0.48,1.1224310689311026,20020,0.2317129629629666,108,108,1.0,SIN-22811727-0|qp27
1.8,50.0,27.0,4.0,9,1.39,0.48,1.1578057426444457,5642,0.0653009259259249,108,107,0.9907407407407408,SIN-22811728-0|qp27
1.8,50.0,27.0,4.0,21,1.39,0.48,1.157896233120132,5628,0.0651388888888877,108,108,1.0,SIN-22811728-0|qp27
1.8,50.0,45.0,4.0,3,1.39,0.48,1.0913732114467682,10064,0.1164814814814807,180,179,0.9944444444444444,SIN-22811728-0|qp45
1.8,50.0,45.0,4.0,15,1.39,0.48,0.9560450465999316,11588,0.1341203703703709,180,175,0.9722222222222222,SIN-22811728-0|qp45
1.8,50.0,45.0,4.0,27,1.39,0.48,1.0990982142857166,10080,0.1166666666666669,180,187,1.038888888888889,SIN-22811728-0|qp45
1.8,50.0,22.0,4.0,9,1.39,0.48,1.165368973433876,15245,0.1764467592592638,88,86,0.9772727272727272,SIN-22928582-0|qp22
1.8,50.0,22.0,4.0,21,1.39,0.48,1.1281107107355697,16096,0.1862962962963025,88,87,0.9886363636363636,SIN-22928582-0|qp22
1.8,50.0,9.0,4.0,3,1.39,0.48,1.185897313622639,6291,0.0728125000000002,36,36,1.0,SIN-22928582-0|qp9
1.8,50.0,9.0,4.0,15,1.39,0.48,1.193932148626831,6190,0.0716435185185184,36,36,1.0,SIN-22928582-0|qp9
1.8,50.0,9.0,4.0,27,1.39,0.48,1.240071150262579,5903,0.0683217592592578,36,36,1.0,SIN-22928582-0|qp9
1.8,50.0,22.0,4.0,9,1.39,0.48,1.2311193249180246,14339,0.1659606481481516,88,87,0.9886363636363636,SIN-22928582-1|qp22
1.8,50.0,22.0,4.0,21,1.39,0.48,1.1485786737669643,15774,0.1825694444444524,88,88,1.0,SIN-22928582-1|qp22
1.8,50.0,9.0,4.0,3,1.39,0.48,1.2304680497925355,6025,0.0697337962962959,36,36,1.0,SIN-22928582-1|qp9
1.8,50.0,9.0,4.0,15,1.39,0.48,1.2385487376693007,5981,0.0692245370370363,36,36,1.0,SIN-22928582-1|qp9
1.8,50.0,9.0,4.0,27,1.39,0.48,1.2305371831458796,5957,0.0689467592592578,36,36,1.0,SIN-22928582-1|qp9
1.8,50.0,22.0,4.0,9,1.39,0.48,1.142667822958788,15567,0.180173611111116,88,87,0.9886363636363636,SIN-22928582-2|qp22
1.8,50.0,22.0,4.0,21,1.39,0.48,1.1219708895552298,16008,0.1852777777777834,88,87,0.9886363636363636,SIN-22928582-2|qp22
1.8,50.0,9.0,4.0,3,1.39,0.48,1.1695486600846312,6381,0.0738541666666664,36,36,1.0,SIN-22928582-2|qp9
1.8,50.0,9.0,4.0,15,1.39,0.48,1.1746466571383305,6297,0.0728819444444443,36,36,1.0,SIN-22928582-2|qp9
1.8,50.0,9.0,4.0,27,1.39,0.48,1.1986354712041922,6112,0.0707407407407393,36,36,1.0,SIN-22928582-2|qp9
3.0,50.0,15.0,4.0,9,1.39,0.48,0.9917113716672188,12452,0.0864722222222215,60,61,1.0166666666666666,SIN-546209379-0|qp15
3.0,50.0,15.0,4.0,21,1.39,0.48,0.928907161010616,13378,0.0929027777777768,60,59,0.9833333333333332,SIN-546209379-0|qp15
3.0,50.0,36.0,4.0,3,1.39,0.48,0.8014266217084308,37368,0.2595000000000003,144,143,0.9930555555555556,SIN-546209379-0|qp36
3.0,50.0,36.0,4.0,15,1.39,0.48,0.8019855099787125,37129,0.2578402777777762,144,143,0.9930555555555556,SIN-546209379-0|qp36
3.0,50.0,36.0,4.0,27,1.39,0.48,0.7190768897135192,41501,0.2882013888888901,144,141,0.9791666666666666,SIN-546209379-0|qp36
3.0,50.0,15.0,4.0,9,1.39,0.48,1.341964424680412,8995,0.0624652777777768,60,60,1.0,SIN-546209379-1|qp15
3.0,50.0,15.0,4.0,21,1.39,0.48,1.3142415332680124,9183,0.063770833333332,60,62,1.0333333333333334,SIN-546209379-1|qp15
3.0,50.0,36.0,4.0,3,1.39,0.48,1.2230296718245406,23524,0.1633611111111101,144,147,1.0208333333333333,SIN-546209379-1|qp36
3.0,50.0,36.0,4.0,15,1.39,0.48,1.2500103932098192,23092,0.1603611111111103,144,143,0.9930555555555556,SIN-546209379-1|qp36
3.0,50.0,36.0,4.0,27,1.39,0.48,1.247358253562664,23087,0.1603263888888869,144,141,0.9791666666666666,SIN-546209379-1|qp36
3.0,50.0,15.0,4.0,9,1.39,0.48,1.3407558268590762,9010,0.0625694444444432,60,60,1.0,SIN-546209379-2|qp15
3.0,50.0,15.0,4.0,21,1.39,0.48,1.3137512242899283,9189,0.0638124999999987,60,61,1.0166666666666666,SIN-546209379-2|qp15
3.0,50.0,36.0,4.0,3,1.39,0.48,1.233928815879589,23376,0.1623333333333315,144,146,1.0138888888888888,SIN-546209379-2|qp36
3.0,50.0,36.0,4.0,15,1.39,0.48,1.256672187595374,22943,0.1593263888888884,144,143,0.9930555555555556,SIN-546209379-2|qp36
3.0,50.0,36.0,4.0,27,1.39,0.48,1.2431184278573315,23204,0.161138888888887,144,141,0.9791666666666666,SIN-546209379-2|qp36
1.8,50.0,22.0,4.0,9,1.39,0.48,1.1945506717979562,14811,0.1714236111111157,88,87,0.9886363636363636,SIN-74587409-1|qp22
1.8,50.0,22.0,4.0,21,1.39,0.48,1.132382386149812,15942,0.1845138888888953,88,87,0.9886363636363636,SIN-74587409-1|qp22
1.8,50.0,9.0,4.0,3,1.39,0.48,1.2319581939799396,5980,0.0692129629629628,36,36,1.0,SIN-74587409-1|qp9
1.8,50.0,9.0,4.0,15,1.39,0.48,1.2654111727966848,5764,0.0667129629629626,36,36,1.0,SIN-74587409-1|qp9
1.8,50.0,9.0,4.0,27,1.39,0.48,1.297804005722463,5592,0.0647222222222212,36,35,0.9722222222222222,SIN-74587409-1|qp9
1.8,50.0,22.0,4.0,9,1.39,0.48,1.2020308570651408,14713,0.1702893518518567,88,88,1.0,SIN-74587409-2|qp22
1.8,50.0,22.0,4.0,21,1.39,0.48,1.1871064586213744,15189,0.1757986111111168,88,86,0.9772727272727272,SIN-74587409-2|qp22
1.8,50.0,9.0,4.0,3,1.39,0.48,1.2205548216644653,6056,0.0700925925925923,36,36,1.0,SIN-74587409-2|qp9
1.8,50.0,9.0,4.0,15,1.39,0.48,1.2647503467406556,5768,0.0667592592592589,36,36,1.0,SIN-74587409-2|qp9
1.8,50.0,9.0,4.0,27,1.39,0.48,1.2976561102164983,5589,0.064687499999999,36,35,0.9722222222222222,SIN-74587409-2|qp9
2.5,50.0,12.0,4.0,9,1.39,0.48,1.3379719298245611,7125,0.0593750000000009,48,49,1.0208333333333333,TYO-1323228545-3|qp12
2.5,50.0,12.0,4.0,21,1.39,0.48,1.3124317383076771,7398,0.0616500000000007,48,48,1.0,TYO-1323228545-3|qp12
2.5,50.0,30.0,4.0,3,1.39,0.48,1.2530118732825697,19287,0.160725000000001,120,120,1.0,TYO-1323228545-3|qp30
2.5,50.0,30.0,4.0,15,1.39,0.48,1.2574417258615287,19005,0.1583750000000006,120,119,0.9916666666666668,TYO-1323228545-3|qp30
2.5,50.0,30.0,4.0,27,1.39,0.48,1.2837723439240745,18853,0.1571083333333328,120,117,0.975,TYO-1323228545-3|qp30
2.5,50.0,50.0,4.0,4,1.39,0.48,1.0570585241729586,37335,0.3111249999999997,198,193,0.9747474747474748,AMS-1073074102-0|qp50
2.5,50.0,50.0,4.0,16,1.39,0.48,1.016861074371789,39316,0.3276333333333365,198,193,0.9747474747474748,AMS-1073074102-0|qp50
2.5,50.0,50.0,4.0,28,1.39,0.48,1.0066474161853871,39999,0.3333250000000005,198,190,0.9595959595959596,AMS-1073074102-0|qp50
1.2,50.0,14.0,4.0,10,1.39,0.48,1.2294816839803282,9145,0.1587673611111121,56,58,1.0357142857142858,AMS-244428233-0|qp14
1.2,50.0,14.0,4.0,22,1.39,0.48,1.2458371888080992,9078,0.1576041666666678,56,55,0.9821428571428572,AMS-244428233-0|qp14
1.2,50.0,6.0,4.0,4,1.39,0.48,1.2777789529349424,3782,0.0656597222222225,24,22,0.9166666666666666,AMS-244428233-0|qp6
1.2,50.0,6.0,4.0,16,1.39,0.48,1.3332475795297434,3615,0.0627604166666667,24,24,1.0,AMS-244428233-0|qp6
1.2,50.0,6.0,4.0,28,1.39,0.48,1.2931236730360895,3768,0.0654166666666668,24,24,1.0,AMS-244428233-0|qp6
2.5,50.0,12.0,4.0,10,1.39,0.48,1.2612632944228406,3855,0.0321250000000003,48,49,1.0208333333333333,AMS-4480498-0|qp12
2.5,50.0,12.0,4.0,22,1.39,0.48,1.2839163799947426,3779,0.031491666666667,48,48,1.0,AMS-4480498-0|qp12
2.5,50.0,30.0,4.0,4,1.39,0.48,1.2370658014802798,9863,0.0821916666666679,120,122,1.0166666666666666,AMS-4480498-0|qp30
2.5,50.0,30.0,4.0,16,1.39,0.48,1.2347849898580137,9860,0.0821666666666681,120,120,1.0,AMS-4480498-0|qp30
2.5,50.0,30.0,4.0,28,1.39,0.48,1.227786059629334,9928,0.082733333333335,120,121,1.0083333333333333,AMS-4480498-0|qp30
3.6,50.0,18.0,4.0,10,1.39,0.48,1.151405085843889,12348,0.071458333333335,72,71,0.9861111111111112,AMS-4480626-0|qp18
3.6,50.0,18.0,4.0,22,1.39,0.48,1.2348485897214176,11558,0.0668865740740748,72,71,0.9861111111111112,AMS-4480626-0|qp18
3.6,50.0,43.0,4.0,4,1.39,0.48,1.0059084679100845,33562,0.1942245370370365,172,168,0.9767441860465116,AMS-4480626-0|qp43
3.6,50.0,43.0,4.0,16,1.39,0.48,1.0444258285434649,32708,0.1892824074074062,172,165,0.9593023255813954,AMS-4480626-0|qp43
3.6,50.0,43.0,4.0,28,1.39,0.48,1.0133670614844446,33602,0.1944560185185166,172,173,1.005813953488372,AMS-4480626-0|qp43
3.6,50.0,18.0,4.0,10,1.39,0.48,1.2876252469025191,11138,0.0644560185185189,72,70,0.9722222222222222,AMS-4480644-0|qp18
3.6,50.0,18.0,4.0,22,1.39,0.48,1.3400760385756756,10784,0.0624074074074069,72,70,0.9722222222222222,AMS-4480644-0|qp18
3.6,50.0,43.0,4.0,4,1.39,0.48,1.2083477493379635,28325,0.1639178240740736,172,170,0.9883720930232558,AMS-4480644-0|qp43
3.6,50.0,43.0,4.0,16,1.39,0.48,1.227882336090579,27927,0.1616145833333317,172,169,0.9825581395348836,AMS-4480644-0|qp43
3.6,50.0,43.0,4.0,28,1.39,0.48,1.185594751485562,29113,0.1684780092592577,172,167,0.9709302325581396,AMS-4480644-0|qp43
2.5,50.0,12.0,4.0,10,1.39,0.48,1.2926610756123451,7512,0.062600000000001,48,48,1.0,AMS-4495978-0|qp12
2.5,50.0,12.0,4.0,22,1.39,0.48,1.3229890109890283,7280,0.0606666666666677,48,50,1.0416666666666667,AMS-4495978-0|qp12
2.5,50.0,30.0,4.0,4,1.39,0.48,1.2200288988539476,20070,0.1672500000000018,120,121,1.0083333333333333,AMS-4495978-0|qp30
2.5,50.0,30.0,4.0,16,1.39,0.48,1.2390411800860914,19524,0.162700000000003,120,119,0.9916666666666668,AMS-4495978-0|qp30
2.5,50.0,30.0,4.0,28,1.39,0.48,1.2261574074074972,19872,0.1656000000000008,120,120,1.0,AMS-4495978-0|qp30
2.5,50.0,12.0,4.0,10,1.39,0.48,1.1480914458327849,7283,0.0606916666666679,48,49,1.0208333333333333,AMS-4495979-0|qp12
2.5,50.0,12.0,4.0,22,1.39,0.48,1.1676259192451934,7207,0.0600583333333344,48,49,1.0208333333333333,AMS-4495979-0|qp12
2.5,50.0,30.0,4.0,4,1.39,0.48,1.1552543845360066,18417,0.1534750000000007,120,119,0.9916666666666668,AMS-4495979-0|qp30
2.5,50.0,30.0,4.0,16,1.39,0.48,1.1429561049994723,18362,0.1530166666666661,120,122,1.0166666666666666,AMS-4495979-0|qp30
2.5,50.0,30.0,4.0,28,1.39,0.48,1.1724895665238368,17971,0.1497583333333322,120,121,1.0083333333333333,AMS-4495979-0|qp30
2.5,50.0,12.0,4.0,10,1.39,0.48,1.1098295454545275,8976,0.0748000000000009,48,47,0.9791666666666666,AMS-4496429-0|qp12
2.5,50.0,12.0,4.0,22,1.39,0.48,1.1169650381505591,8781,0.0731750000000014,48,48,1.0,AMS-4496429-0|qp12
2.5,50.0,30.0,4.0,4,1.39,0.48,0.9776518992277936,25642,0.2136833333333358,120,121,1.0083333333333333,AMS-4496429-0|qp30
2.5,50.0,30.0,4.0,16,1.39,0.48,0.9207122328666056,27140,0.2261666666666688,120,118,0.9833333333333332,AMS-4496429-0|qp30
2.5,50.0,30.0,4.0,28,1.39,0.48,0.9811830797130406,25366,0.2113833333333374,120,118,0.9833333333333332,AMS-4496429-0|qp30
2.5,50.0,12.0,4.0,10,1.39,0.48,1.2908375634517684,7486,0.0623833333333343,48,47,0.9791666666666666,AMS-7370864-0|qp12
2.5,50.0,12.0,4.0,22,1.39,0.48,1.3463582925122617,7145,0.0595416666666676,48,49,1.0208333333333333,AMS-7370864-0|qp12
2.5,50.0,30.0,4.0,4,1.39,0.48,1.2662672859155175,19163,0.1596916666666681,120,119,0.9916666666666668,AMS-7370864-0|qp30
2.5,50.0,30.0,4.0,16,1.39,0.48,1.279081930653657,18833,0.1569416666666676,120,118,0.9833333333333332,AMS-7370864-0|qp30
2.5,50.0,30.0,4.0,28,1.39,0.48,1.253126229678066,19314,0.1609500000000019,120,119,0.9916666666666668,AMS-7370864-0|qp30
4.0,50.0,80.0,4.0,10,1.39,0.48,1.0034672284496866,63607,0.3312864583333318,320,318,0.99375,AMS-7371505-0|qp80
4.0,50.0,80.0,4.0,22,1.39,0.48,1.0004940748932252,63290,0.3296354166666675,320,316,0.9875,AMS-7371505-0|qp80
4.0,50.0,100.0,4.0,4,1.39,0.48,0.7632644871721549,105162,0.5477187499999961,400,393,0.9825,AMS-7371505-3|qp100
4.0,50.0,100.0,4.0,16,1.39,0.48,0.723040182648448,109500,0.5703124999999987,400,379,0.9475,AMS-7371505-3|qp100
4.0,50.0,100.0,4.0,28,1.39,0.48,0.80508957386221,100085,0.5212760416666691,400,404,1.01,AMS-7371505-3|qp100
4.0,50.0,60.0,4.0,10,1.39,0.48,1.1703229521450331,40811,0.2125572916666647,240,240,1.0,AMS-7371505-3|qp60
4.0,50.0,60.0,4.0,22,1.39,0.48,1.133324758083666,42370,0.2206770833333338,240,236,0.9833333333333332,AMS-7371505-3|qp60
2.5,50.0,38.0,4.0,4,1.39,0.48,1.2291735169061355,24695,0.2057916666666703,152,154,1.013157894736842,LON-4082553-0|qp38
2.5,50.0,38.0,4.0,16,1.39,0.48,1.1867559894213378,25712,0.2142666666666692,152,153,1.006578947368421,LON-4082553-0|qp38
2.5,50.0,38.0,4.0,28,1.39,0.48,1.2168816436617764,25212,0.210100000000004,152,153,1.006578947368421,LON-4082553-0|qp38
2.5,50.0,62.0,4.0,10,1.39,0.48,1.174094810261206,42295,0.3524583333333373,248,252,1.0161290322580645,LON-4082553-0|qp62
2.5,50.0,62.0,4.0,22,1.39,0.48,1.0861534952426664,46034,0.3836166666666662,248,250,1.0080645161290325,LON-4082553-0|qp62
2.5,50.0,38.0,4.0,4,1.39,0.48,1.2406511723569138,24310,0.2025833333333348,152,152,1.0,LON-4082554-0|qp38
2.5,50.0,38.0,4.0,16,1.39,0.48,1.2322038124347148,24866,0.20721666666667,152,153,1.006578947368421,LON-4082554-0|qp38
2.5,50.0,38.0,4.0,28,1.39,0.48,1.2301230017228837,24959,0.2079916666666689,152,153,1.006578947368421,LON-4082554-0|qp38
2.5,50.0,62.0,4.0,10,1.39,0.48,0.3746592465190422,91283,0.7606916666666663,44,92,2.090909090909091,LON-4082554-0|qp62
2.5,50.0,62.0,4.0,22,1.39,0.48,1.0717312849162173,35800,0.2983333333333357,64,108,1.6875,LON-4082554-0|qp62
2.5,50.0,38.0,4.0,4,1.39,0.48,1.2306256874006236,24549,0.2045750000000007,152,154,1.013157894736842,LON-4082592-0|qp38
2.5,50.0,38.0,4.0,16,1.39,0.48,1.21308891614903,25271,0.210591666666669,152,153,1.006578947368421,LON-4082592-0|qp38
2.5,50.0,38.0,4.0,28,1.39,0.48,1.2206475566911894,25048,0.2087333333333371,152,153,1.006578947368421,LON-4082592-0|qp38
2.5,50.0,62.0,4.0,10,1.39,0.48,1.145969146838929,43626,0.3635500000000033,248,253,1.0201612903225807,LON-4082592-0|qp62
2.5,50.0,62.0,4.0,22,1.39,0.48,1.0986580841762672,45286,0.3773833333333373,248,245,0.9879032258064516,LON-4082592-0|qp62
2.5,50.0,50.0,4.0,4,1.39,0.48,1.1830650302836958,12548,0.1045666666666671,174,179,1.028735632183908,SIN-1105987650-1|qp50
2.5,50.0,50.0,4.0,16,1.39,0.48,1.1752864716948703,11694,0.09745,148,153,1.0337837837837838,SIN-1105987650-1|qp50
2.5,50.0,50.0,4.0,28,1.39,0.48,1.1191185886035555,14057,0.1171416666666663,200,192,0.96,SIN-1105987650-1|qp50
2.0,50.0,10.0,4.0,10,1.39,0.48,1.204741539605782,2689,0.0280104166666659,40,40,1.0,SIN-131164229-0|qp10
2.0,50.0,10.0,4.0,22,1.39,0.48,1.2307017543859755,2622,0.0273124999999992,40,39,0.975,SIN-131164229-0|qp10
2.0,50.0,24.0,4.0,4,1.39,0.48,1.2002534203980229,6432,0.0669999999999993,96,96,1.0,SIN-131164229-0|qp24
2.0,50.0,24.0,4.0,16,1.39,0.48,1.2118278394000814,6401,0.0666770833333325,96,97,1.0104166666666667,SIN-131164229-0|qp24
2.0,50.0,24.0,4.0,28,1.39,0.48,1.2037183494842103,6398,0.0666458333333335,96,96,1.0,SIN-131164229-0|qp24
1.8,50.0,22.0,4.0,10,1.39,0.48,1.0693477612830118,16773,0.1941319444444499,88,86,0.9772727272727272,SIN-139715353-1|qp22
1.8,50.0,22.0,4.0,22,1.39,0.48,1.1382724833052549,16023,0.1854513888888959,88,89,1.0113636363636365,SIN-139715353-1|qp22
1.8,50.0,9.0,4.0,4,1.39,0.48,1.1718939152596557,6278,0.0726620370370357,36,36,1.0,SIN-139715353-1|qp9
1.8,50.0,9.0,4.0,16,1.39,0.48,1.2216118366672066,6049,0.0700115740740731,36,35,0.9722222222222222,SIN-139715353-1|qp9
1.8,50.0,9.0,4.0,28,1.39,0.48,1.2113459604424932,5966,0.0690509259259257,36,36,1.0,SIN-139715353-1|qp9
3.0,50.0,15.0,4.0,10,1.39,0.48,1.2260802904983346,9914,0.0688472222222214,60,61,1.0166666666666666,SIN-1464509030-0|qp15
3.0,50.0,15.0,4.0,22,1.39,0.48,1.2556327543423806,9672,0.0671666666666659,60,60,1.0,SIN-1464509030-0|qp15
3.0,50.0,36.0,4.0,4,1.39,0.48,1.1685928525845182,25072,0.1741111111111091,144,141,0.9791666666666666,SIN-1464509030-0|qp36
3.0,50.0,36.0,4.0,16,1.39,0.48,1.1535038606216828,25255,0.1753819444444433,144,143,0.9930555555555556,SIN-1464509030-0|qp36
3.0,50.0,36.0,4.0,28,1.39,0.48,1.155974733517603,25330,0.1759027777777774,144,143,0.9930555555555556,SIN-1464509030-0|qp36
2.0,50.0,10.0,4.0,10,1.39,0.48,1.3321170195032423,5999,0.0624895833333333,40,40,1.0,SIN-166571436-2|qp10
2.0,50.0,10.0,4.0,22,1.39,0.48,1.3543851078167015,5936,0.0618333333333336,40,40,1.0,SIN-166571436-2|qp10
2.0,50.0,24.0,4.0,4,1.39,0.48,1.2916042709376376,14985,0.1560937499999993,96,96,1.0,SIN-166571436-2|qp24
2.0,50.0,24.0,4.0,16,1.39,0.48,1.255686680023335,15473,0.1611770833333322,96,96,1.0,SIN-166571436-2|qp24
2.0,50.0,24.0,4.0,28,1.39,0.48,1.2484303830227474,15456,0.1609999999999988,96,95,0.9895833333333334,SIN-166571436-2|qp24
2.0,50.0,10.0,4.0,10,1.39,0.48,1.2959038275972934,6218,0.0647708333333331,40,41,1.025,SIN-166571436-3|qp10
2.0,50.0,10.0,4.0,22,1.39,0.48,1.2814236329352509,6364,0.0662916666666662,40,40,1.0,SIN-166571436-3|qp10
2.0,50.0,24.0,4.0,4,1.39,0.48,1.2075040069042116,16222,0.1689791666666661,96,96,1.0,SIN-166571436-3|qp24
2.0,50.0,24.0,4.0,16,1.39,0.48,1.201714812538502,16270,0.1694791666666655,96,95,0.9895833333333334,SIN-166571436-3|qp24
2.0,50.0,24.0,4.0,28,1.39,0.48,1.1744040801717772,16764,0.1746249999999992,96,95,0.9895833333333334,SIN-166571436-3|qp24
1.8,50.0,22.0,4.0,10,1.39,0.48,1.2264842236368665,14452,0.1672685185185247,88,88,1.0,SIN-170969415-0|qp22
1.8,50.0,22.0,4.0,22,1.39,0.48,1.303404612465361,13702,0.158587962962968,88,91,1.0340909090909092,SIN-170969415-0|qp22
1.8,50.0,9.0,4.0,4,1.39,0.48,1.2995184335861871,5669,0.0656134259259249,36,36,1.0,SIN-170969415-0|qp9
1.8,50.0,9.0,4.0,16,1.39,0.48,1.2938893797490565,5659,0.0654976851851837,36,35,0.9722222222222222,SIN-170969415-0|qp9
1.8,50.0,9.0,4.0,28,1.39,0.48,1.3016380401373904,5531,0.0640162037037039,36,36,1.0,SIN-170969415-0|qp9
2.0,50.0,10.0,4.0,10,1.39,0.48,1.2804008238276217,6312,0.0657499999999999,40,40,1.0,SIN-190681368-0|qp10
2.0,50.0,10.0,4.0,22,1.39,0.48,1.2959470369772312,6193,0.0645104166666663,40,39,0.975,SIN-190681368-0|qp10
2.0,50.0,24.0,4.0,4,1.39,0.48,1.1973358337432578,16264,0.169416666666665,96,95,0.9895833333333334,SIN-190681368-0|qp24
2.0,50.0,24.0,4.0,16,1.39,0.48,1.2221451024771046,15906,0.1656874999999997,96,96,1.0,SIN-190681368-0|qp24
2.0,50.0,24.0,4.0,28,1.39,0.48,1.169915274606406,16642,0.1733541666666667,96,93,0.96875,SIN-190681368-0|qp24
2.0,50.0,10.0,4.0,10,1.39,0.48,1.266126506967271,6387,0.0665312499999999,40,40,1.0,SIN-197634752-1|qp10
2.0,50.0,10.0,4.0,22,1.39,0.48,1.2872924932550331,6301,0.0656354166666662,40,40,1.0,SIN-197634752-1|qp10
2.0,50.0,24.0,4.0,4,1.39,0.48,1.1966861705369711,16407,0.1709062499999998,96,94,0.9791666666666666,SIN-197634752-1|qp24
2.0,50.0,24.0,4.0,16,1.39,0.48,1.204535083415187,16304,0.1698333333333333,96,96,1.0,SIN-197634752-1|qp24
2.0,50.0,24.0,4.0,28,1.39,0.48,1.2014898600751918,16223,0.1689895833333312,96,95,0.9895833333333334,SIN-197634752-1|qp24
2.0,50.0,10.0,4.0,10,1.39,0.48,1.303015180878545,6192,0.0644999999999999,40,41,1.025,SIN-198571185-1|qp10
2.0,50.0,10.0,4.0,22,1.39,0.48,1.300169546261902,6193,0.0645104166666665,40,39,0.975,SIN-198571185-1|qp10
2.0,50.0,24.0,4.0,4,1.39,0.48,1.2239316292731983,16001,0.1666770833333336,96,98,1.0208333333333333,SIN-198571185-1|qp24
2.0,50.0,24.0,4.0,16,1.39,0.48,1.2002345337027274,16245,0.1692187499999993,96,95,0.9895833333333334,SIN-198571185-1|qp24
2.0,50.0,24.0,4.0,28,1.39,0.48,1.194722885663504,16329,0.170093749999998,96,96,1.0,SIN-198571185-1|qp24
2.0,50.0,10.0,4.0,10,1.39,0.48,1.3031981254040028,6188,0.0644583333333332,40,41,1.025,SIN-198571185-2|qp10
2.0,50.0,10.0,4.0,22,1.39,0.48,1.2936724525875862,6222,0.0648124999999997,40,39,0.975,SIN-198571185-2|qp10
2.0,50.0,24.0,4.0,4,1.39,0.48,1.198586989968642,16249,0.169260416666665,96,96,1.0,SIN-198571185-2|qp24
2.0,50.0,24.0,4.0,16,1.39,0.48,1.2017303885177408,16164,0.168375,96,95,0.9895833333333334,SIN-198571185-2|qp24
2.0,50.0,24.0,4.0,28,1.39,0.48,1.1807436114811285,16514,0.1720208333333316,96,96,1.0,SIN-198571185-2|qp24
2.0,50.0,10.0,4.0,10,1.39,0.48,1.302924071082385,6190,0.0644791666666666,40,41,1.025,SIN-198571185-3|qp10
2.0,50.0,10.0,4.0,22,1.39,0.48,1.293763250883386,6226,0.0648541666666664,40,39,0.975,SIN-198571185-3|qp10
2.0,50.0,24.0,4.0,4,1.39,0.48,1.2114212349957252,16162,0.1683541666666655,96,95,0.9895833333333334,SIN-198571185-3|qp24
2.0,50.0,24.0,4.0,16,1.39,0.48,1.2026496626014238,16153,0.1682604166666667,96,95,0.9895833333333334,SIN-198571185-3|qp24
2.0,50.0,24.0,4.0,28,1.39,0.48,1.1909279169211662,16370,0.1705208333333313,96,96,1.0,SIN-198571185-3|qp24
2.0,50.0,10.0,4.0,10,1.39,0.48,1.2874779823859013,6245,0.0650520833333329,40,40,1.0,SIN-200167221-1|qp10
2.0,50.0,10.0,4.0,22,1.39,0.48,1.3106042884990134,6156,0.0641249999999994,40,39,0.975,SIN-200167221-1|qp10
2.0,50.0,24.0,4.0,4,1.39,0.48,1.1987894382160182,16323,0.1700312499999997,96,95,0.9895833333333334,SIN-200167221-1|qp24
2.0,50.0,24.0,4.0,16,1.39,0.48,1.2212303075769573,15996,0.1666249999999994,96,95,0.9895833333333334,SIN-200167221-1|qp24
2.0,50.0,24.0,4.0,28,1.39,0.48,1.182605612461323,16499,0.1718645833333327,96,96,1.0,SIN-200167221-1|qp24
2.0,50.0,10.0,4.0,10,1.39,0.48,1.2250210463018565,6652,0.0692916666666664,40,40,1.0,SIN-200171267-0|qp10
2.0,50.0,10.0,4.0,22,1.39,0.48,1.222554777164996,6709,0.0698854166666654,40,40,1.0,SIN-200171267-0|qp10
2.0,50.0,24.0,4.0,4,1.39,0.48,1.1435060438915978,17042,0.1775208333333323,94,95,1.0106382978723405,SIN-200171267-0|qp24
2.0,50.0,24.0,4.0,16,1.39,0.48,1.1811819548872853,16625,0.1731770833333331,96,97,1.0104166666666667,SIN-200171267-0|qp24
2.0,50.0,24.0,4.0,28,1.39,0.48,1.1388739318739909,17086,0.1779791666666652,96,96,1.0,SIN-200171267-0|qp24
2.0,50.0,10.0,4.0,10,1.39,0.48,1.2139250814332236,6754,0.0703541666666668,40,41,1.025,SIN-200171267-2|qp10
2.0,50.0,10.0,4.0,22,1.39,0.48,1.238896624791881,6607,0.0688229166666655,40,40,1.0,SIN-200171267-2|qp10
2.0,50.0,24.0,4.0,4,1.39,0.48,1.1699614517850858,16862,0.1756458333333333,96,96,1.0,SIN-200171267-2|qp24
2.0,50.0,24.0,4.0,16,1.39,0.48,1.1556685587220417,17089,0.1780104166666653,96,96,1.0,SIN-200171267-2|qp24
2.0,50.0,24.0,4.0,28,1.39,0.48,1.130380755777265,17439,0.18165625,96,96,1.0,SIN-200171267-2|qp24
2.0,50.0,10.0,4.0,10,1.39,0.48,1.230426792223566,6584,0.0685833333333328,40,40,1.0,SIN-200171268-0|qp10
2.0,50.0,10.0,4.0,22,1.39,0.48,1.2491879029781954,6514,0.067854166666666,40,40,1.0,SIN-200171268-0|qp10
2.0,50.0,24.0,4.0,4,1.39,0.48,1.1408679157182275,17133,0.1784687499999993,96,93,0.96875,SIN-200171268-0|qp24
2.0,50.0,24.0,4.0,16,1.39,0.48,1.1658240455300537,16868,0.1757083333333322,96,95,0.9895833333333334,SIN-200171268-0|qp24
2.0,50.0,24.0,4.0,28,1.39,0.48,1.1449681640282643,17119,0.1783229166666665,96,96,1.0,SIN-200171268-0|qp24
2.0,50.0,10.0,4.0,10,1.39,0.48,1.2478983940704096,6476,0.067458333333333,40,41,1.025,SIN-200171268-4|qp10
2.0,50.0,10.0,4.0,22,1.39,0.48,1.2737162056571272,6399,0.0666562499999995,40,39,0.975,SIN-200171268-4|qp10
2.0,50.0,24.0,4.0,4,1.39,0.48,1.1997504250667994,16468,0.171541666666666,96,95,0.9895833333333334,SIN-200171268-4|qp24
2.0,50.0,24.0,4.0,16,1.39,0.48,1.179054883499255,16781,0.174802083333332,96,95,0.9895833333333334,SIN-200171268-4|qp24
2.0,50.0,24.0,4.0,28,1.39,0.48,1.1314496853530325,17321,0.180427083333333,96,96,1.0,SIN-200171268-4|qp24
1.8,50.0,27.0,4.0,10,1.39,0.48,1.114759153201065,19556,0.2263425925925947,108,109,1.0092592592592593,SIN-22811726-0|qp27
1.8,50.0,27.0,4.0,22,1.39,0.48,1.1674867331776515,18844,0.2181018518518571,108,107,0.9907407407407408,SIN-22811726-0|qp27
1.8,50.0,27.0,4.0,4,1.39,0.48,1.1425332097621024,19422,0.2247916666666685,108,109,1.0092592592592593,SIN-22811727-0|qp27
1.8,50.0,27.0,4.0,16,1.39,0.48,1.1579050973891918,19304,0.2234259259259313,108,107,0.9907407407407408,SIN-22811727-0|qp27
1.8,50.0,27.0,4.0,28,1.39,0.48,1.1039930274859404,19792,0.2290740740740772,108,107,0.9907407407407408,SIN-22811727-0|qp27
1.8,50.0,27.0,4.0,10,1.39,0.48,1.1502826238660118,5732,0.0663425925925916,108,111,1.0277777777777777,SIN-22811728-0|qp27
1.8,50.0,27.0,4.0,22,1.39,0.48,1.1428079076277156,5716,0.0661574074074065,108,106,0.9814814814814816,SIN-22811728-0|qp27
1.8,50.0,45.0,4.0,4,1.39,0.48,1.1104714387536825,9821,0.1136689814814812,180,181,1.0055555555555555,SIN-22811728-0|qp45
1.8,50.0,45.0,4.0,16,1.39,0.48,1.120905328504909,9665,0.1118634259259261,180,178,0.9888888888888888,SIN-22811728-0|qp45
1.8,50.0,45.0,4.0,28,1.39,0.48,1.1290936555891171,9599,0.1110995370370372,180,180,1.0,SIN-22811728-0|qp45
1.8,50.0,22.0,4.0,10,1.39,0.48,1.1444186194195938,15747,0.1822569444444505,88,88,1.0,SIN-22928582-0|qp22
1.8,50.0,22.0,4.0,22,1.39,0.48,1.219361859340393,14887,0.1723032407407476,88,88,1.0,SIN-22928582-0|qp22
1.8,50.0,9.0,4.0,4,1.39,0.48,1.2270969866622914,6073,0.0702893518518506,36,36,1.0,SIN-22928582-0|qp9
1.8,50.0,9.0,4.0,16,1.39,0.48,1.228852240546381,6003,0.0694791666666657,36,35,0.9722222222222222,SIN-22928582-0|qp9
1.8,50.0,9.0,4.0,28,1.39,0.48,1.2477829457364191,5805,0.0671874999999996,36,36,1.0,SIN-22928582-0|qp9
1.8,50.0,22.0,4.0,10,1.39,0.48,1.2166505053264172,14644,0.1694907407407471,88,88,1.0,SIN-22928582-1|qp22
1.8,50.0,22.0,4.0,22,1.39,0.48,1.2148862339754456,14899,0.1724421296296359,88,89,1.0113636363636365,SIN-22928582-1|qp22
1.8,50.0,9.0,4.0,4,1.39,0.48,1.2793939917127255,5792,0.0670370370370361,36,36,1.0,SIN-22928582-1|qp9
1.8,50.0,9.0,4.0,16,1.39,0.48,1.2315247160988518,5988,0.0693055555555542,36,35,0.9722222222222222,SIN-22928582-1|qp9
1.8,50.0,9.0,4.0,28,1.39,0.48,1.2553249439751566,5801,0.0671412037037028,36,36,1.0,SIN-22928582-1|qp9
1.8,50.0,22.0,4.0,10,1.39,0.48,1.1642262214137322,15392,0.1781481481481542,88,88,1.0,SIN-22928582-2|qp22
1.8,50.0,22.0,4.0,22,1.39,0.48,1.181502523618491,15454,0.1788657407407475,88,88,1.0,SIN-22928582-2|qp22
1.8,50.0,9.0,4.0,4,1.39,0.48,1.2139453569686274,6149,0.0711689814814802,36,36,1.0,SIN-22928582-2|qp9
1.8,50.0,9.0,4.0,16,1.39,0.48,1.2067371502927666,6148,0.0711574074074068,36,35,0.9722222222222222,SIN-22928582-2|qp9
1.8,50.0,9.0,4.0,28,1.39,0.48,1.233263336155784,5905,0.0683449074074073,36,36,1.0,SIN-22928582-2|qp9
3.0,50.0,15.0,4.0,10,1.39,0.48,1.0103049680275813,12198,0.0847083333333326,60,60,1.0,SIN-546209379-0|qp15
3.0,50.0,15.0,4.0,22,1.39,0.48,0.9884595006823064,12457,0.086506944444445,60,60,1.0,SIN-546209379-0|qp15
3.0,50.0,36.0,4.0,4,1.39,0.48,0.7637868475050876,39962,0.2775138888888895,144,139,0.9652777777777778,SIN-546209379-0|qp36
3.0,50.0,36.0,4.0,16,1.39,0.48,0.8169025610353075,36782,0.2554305555555552,144,144,1.0,SIN-546209379-0|qp36
3.0,50.0,36.0,4.0,28,1.39,0.48,0.8118211177404281,36538,0.2537361111111103,144,143,0.9930555555555556,SIN-546209379-0|qp36
3.0,50.0,15.0,4.0,10,1.39,0.48,1.3049145159534423,9183,0.0637708333333323,60,60,1.0,SIN-546209379-1|qp15
3.0,50.0,15.0,4.0,22,1.39,0.48,1.3336117854777505,9062,0.0629305555555548,60,61,1.0166666666666666,SIN-546209379-1|qp15
3.0,50.0,36.0,4.0,4,1.39,0.48,1.2308726365211808,23641,0.1641736111111098,144,141,0.9791666666666666,SIN-546209379-1|qp36
3.0,50.0,36.0,4.0,16,1.39,0.48,1.259245125592909,22772,0.1581388888888888,144,147,1.0208333333333333,SIN-546209379-1|qp36
3.0,50.0,36.0,4.0,28,1.39,0.48,1.2461337620578996,23325,0.161979166666665,144,142,0.9861111111111112,SIN-546209379-1|qp36
3.0,50.0,15.0,4.0,10,1.39,0.48,1.304419997821637,9181,0.0637569444444435,60,60,1.0,SIN-546209379-2|qp15
3.0,50.0,15.0,4.0,22,1.39,0.48,1.3238191395960583,9112,0.063277777777777,60,61,1.0166666666666666,SIN-546209379-2|qp15
3.0,50.0,36.0,4.0,4,1.39,0.48,1.2448026936603516,23314,0.1619027777777779,144,140,0.9722222222222222,SIN-546209379-2|qp36
3.0,50.0,36.0,4.0,16,1.39,0.48,1.2610050184892074,22716,0.1577499999999999,144,146,1.0138888888888888,SIN-546209379-2|qp36
3.0,50.0,36.0,4.0,28,1.39,0.48,1.2591213877833622,23116,0.160527777777777,144,142,0.9861111111111112,SIN-546209379-2|qp36
1.8,50.0,22.0,4.0,10,1.39,0.48,1.1936772806664298,14886,0.1722916666666724,88,88,1.0,SIN-74587409-1|qp22
1.8,50.0,22.0,4.0,22,1.39,0.48,1.2367510809141569,14571,0.1686458333333389,88,89,1.0113636363636365,SIN-74587409-1|qp22
1.8,50.0,9.0,4.0,4,1.39,0.48,1.2702630212839765,5779,0.0668865740740731,36,36,1.0,SIN-74587409-1|qp9
1.8,50.0,9.0,4.0,16,1.39,0.48,1.3226506024096223,5478,0.0634027777777768,36,35,0.9722222222222222,SIN-74587409-1|qp9
1.8,50.0,9.0,4.0,28,1.39,0.48,1.2825970096119454,5618,0.0650231481481476,36,36,1.0,SIN-74587409-1|qp9
1.8,50.0,22.0,4.0,10,1.39,0.48,1.1918632421614597,14990,0.1734953703703765,88,88,1.0,SIN-74587409-2|qp22
1.8,50.0,22.0,4.0,22,1.39,0.48,1.2433563918096506,14456,0.167314814814821,88,90,1.0227272727272727,SIN-74587409-2|qp22
1.8,50.0,9.0,4.0,4,1.39,0.48,1.2679696394687083,5797,0.0670949074074064,36,36,1.0,SIN-74587409-2|qp9
1.8,50.0,9.0,4.0,16,1.39,0.48,1.3223033400255368,5479,0.0634143518518508,36,35,0.9722222222222222,SIN-74587409-2|qp9
1.8,50.0,9.0,4.0,28,1.39,0.48,1.2826138790035415,5620,0.0650462962962958,36,36,1.0,SIN-74587409-2|qp9
2.5,50.0,12.0,4.0,10,1.39,0.48,1.3103422105698768,7247,0.0603916666666675,48,46,0.9583333333333334,TYO-1323228545-3|qp12
2.5,50.0,12.0,4.0,22,1.39,0.48,1.3507706344750314,7124,0.0593666666666678,48,50,1.0416666666666667,TYO-1323228545-3|qp12
2.5,50.0,30.0,4.0,4,1.39,0.48,1.27451862039772,18904,0.1575333333333359,120,121,1.0083333333333333,TYO-1323228545-3|qp30
2.5,50.0,30.0,4.0,16,1.39,0.48,1.2972350804922068,18449,0.1537416666666677,120,119,0.9916666666666668,TYO-1323228545-3|qp30
2.5,50.0,30.0,4.0,28,1.39,0.48,1.251111860887754,19265,0.1605416666666674,120,120,1.0,TYO-1323228545-3|qp30
2.5,50.0,50.0,4.0,5,1.39,0.48,1.0412723396414454,37993,0.3166083333333316,200,189,0.945,AMS-1073074102-0|qp50
2.5,50.0,50.0,4.0,17,1.39,0.48,1.0894673883625938,36950,0.3079166666666658,198,197,0.9949494949494948,AMS-1073074102-0|qp50
2.5,50.0,50.0,4.0,29,1.39,0.48,0.981596652922632,41230,0.3435833333333318,198,197,0.9949494949494948,AMS-1073074102-0|qp50
1.2,50.0,14.0,4.0,11,1.39,0.48,1.2556095928611242,8965,0.1556423611111128,56,55,0.9821428571428572,AMS-244428233-0|qp14
1.2,50.0,14.0,4.0,23,1.39,0.48,1.2114350453171867,9268,0.1609027777777794,56,57,1.0178571428571428,AMS-244428233-0|qp14
1.2,50.0,6.0,4.0,5,1.39,0.48,1.3482516891891887,3552,0.0616666666666668,24,24,1.0,AMS-244428233-0|qp6
1.2,50.0,6.0,4.0,17,1.39,0.48,1.3244836740111694,3767,0.0653993055555554,24,23,0.9583333333333334,AMS-244428233-0|qp6
1.2,50.0,6.0,4.0,29,1.39,0.48,1.3517374191735063,3557,0.0617534722222224,24,24,1.0,AMS-244428233-0|qp6
2.5,50.0,12.0,4.0,11,1.39,0.48,1.288663129973453,3770,0.0314166666666671,48,48,1.0,AMS-4480498-0|qp12
2.5,50.0,12.0,4.0,23,1.39,0.48,1.241323304436492,3922,0.0326833333333339,48,48,1.0,AMS-4480498-0|qp12
2.5,50.0,30.0,4.0,5,1.39,0.48,1.209614510230311,10117,0.0843083333333343,120,119,0.9916666666666668,AMS-4480498-0|qp30
2.5,50.0,30.0,4.0,17,1.39,0.48,1.2232273690584516,9909,0.0825750000000016,120,119,0.9916666666666668,AMS-4480498-0|qp30
2.5,50.0,30.0,4.0,29,1.39,0.48,1.215981327176008,9961,0.0830083333333346,120,120,1.0,AMS-4480498-0|qp30
3.6,50.0,18.0,4.0,11,1.39,0.48,1.19438218985346,12083,0.0699247685185192,72,72,1.0,AMS-4480626-0|qp18
3.6,50.0,18.0,4.0,23,1.39,0.48,1.1768867378175183,12087,0.0699479166666677,72,71,0.9861111111111112,AMS-4480626-0|qp18
3.6,50.0,43.0,4.0,5,1.39,0.48,1.0233363376896227,33285,0.1926215277777753,172,166,0.9651162790697676,AMS-4480626-0|qp43
3.6,50.0,43.0,4.0,17,1.39,0.48,1.0221813438878382,33351,0.1930034722222212,172,174,1.0116279069767442,AMS-4480626-0|qp43
3.6,50.0,43.0,4.0,29,1.39,0.48,1.035330145857306,33046,0.1912384259259261,172,174,1.0116279069767442,AMS-4480626-0|qp43
3.6,50.0,18.0,4.0,11,1.39,0.48,1.339936679820066,10897,0.0630613425925928,72,71,0.9861111111111112,AMS-4480644-0|qp18
3.6,50.0,18.0,4.0,23,1.39,0.48,1.2724918809795545,11393,0.0659317129629629,72,72,1.0,AMS-4480644-0|qp18
3.6,50.0,43.0,4.0,5,1.39,0.48,1.217292308782357,28227,0.1633506944444429,172,170,0.9883720930232558,AMS-4480644-0|qp43
3.6,50.0,43.0,4.0,17,1.39,0.48,1.2004858074816038,28818,0.1667708333333315,172,170,0.9883720930232558,AMS-4480644-0|qp43
3.6,50.0,43.0,4.0,29,1.39,0.48,1.23426069275501,28033,0.1622280092592588,172,172,1.0,AMS-4480644-0|qp43
2.5,50.0,12.0,4.0,11,1.39,0.48,1.3132611036339856,7430,0.0619166666666677,48,49,1.0208333333333333,AMS-4495978-0|qp12
2.5,50.0,12.0,4.0,23,1.39,0.48,1.2577171535194795,7771,0.0647583333333342,48,48,1.0,AMS-4495978-0|qp12
2.5,50.0,30.0,4.0,5,1.39,0.48,1.206016353968118,19934,0.1661166666666683,120,121,1.0083333333333333,AMS-4495978-0|qp30
2.5,50.0,30.0,4.0,17,1.39,0.48,1.2290007115990804,19674,0.1639500000000019,120,122,1.0166666666666666,AMS-4495978-0|qp30
2.5,50.0,30.0,4.0,29,1.39,0.48,1.225012161751322,19734,0.1644500000000022,120,121,1.0083333333333333,AMS-4495978-0|qp30
2.5,50.0,12.0,4.0,11,1.39,0.48,1.1689132867133245,7150,0.0595833333333342,48,49,1.0208333333333333,AMS-4495979-0|qp12
2.5,50.0,12.0,4.0,23,1.39,0.48,1.1480859954171396,7419,0.0618250000000004,48,50,1.0416666666666667,AMS-4495979-0|qp12
2.5,50.0,30.0,4.0,5,1.39,0.48,1.1358434838848714,18554,0.1546166666666677,120,118,0.9833333333333332,AMS-4495979-0|qp30
2.5,50.0,30.0,4.0,17,1.39,0.48,1.1583405101026565,18114,0.1509500000000001,120,120,1.0,AMS-4495979-0|qp30
2.5,50.0,30.0,4.0,29,1.39,0.48,1.1322845594179662,18555,0.1546250000000008,120,120,1.0,AMS-4495979-0|qp30
2.5,50.0,12.0,4.0,11,1.39,0.48,1.103485600794484,9063,0.0755250000000008,48,49,1.0208333333333333,AMS-4496429-0|qp12
2.5,50.0,12.0,4.0,23,1.39,0.48,1.0944801596098312,9022,0.0751833333333348,48,49,1.0208333333333333,AMS-4496429-0|qp12
2.5,50.0,30.0,4.0,5,1.39,0.48,0.9605639636152694,25835,0.2152916666666688,120,124,1.0333333333333334,AMS-4496429-0|qp30
2.5,50.0,30.0,4.0,17,1.39,0.48,0.9182091806660758,27144,0.2262000000000046,120,119,0.9916666666666668,AMS-4496429-0|qp30
2.5,50.0,30.0,4.0,29,1.39,0.48,0.8820073443734222,28321,0.2360083333333331,120,116,0.9666666666666668,AMS-4496429-0|qp30
2.5,50.0,12.0,4.0,11,1.39,0.48,1.3232939097336245,7356,0.0613000000000008,48,49,1.0208333333333333,AMS-7370864-0|qp12
2.5,50.0,12.0,4.0,23,1.39,0.48,1.2824478127908376,7521,0.0626750000000007,48,49,1.0208333333333333,AMS-7370864-0|qp12
2.5,50.0,30.0,4.0,5,1.39,0.48,1.2588267157507314,19015,0.1584583333333346,120,121,1.0083333333333333,AMS-7370864-0|qp30
2.5,50.0,30.0,4.0,17,1.39,0.48,1.2668057818659666,19025,0.1585416666666672,120,118,0.9833333333333332,AMS-7370864-0|qp30
2.5,50.0,30.0,4.0,29,1.39,0.48,1.2457866043613766,19260,0.1605000000000007,120,123,1.025,AMS-7370864-0|qp30
4.0,50.0,80.0,4.0,11,1.39,0.48,1.007718073088733,63293,0.3296510416666646,320,317,0.990625,AMS-7371505-0|qp80
4.0,50.0,80.0,4.0,23,1.39,0.48,0.9775542532734312,65526,0.3412812499999999,320,314,0.98125,AMS-7371505-0|qp80
4.0,50.0,100.0,4.0,5,1.39,0.48,0.8223308955116416,96671,0.5034947916666673,400,392,0.98,AMS-7371505-3|qp100
4.0,50.0,100.0,4.0,17,1.39,0.48,0.7908877276828741,100853,0.5252760416666683,400,384,0.96,AMS-7371505-3|qp100
4.0,50.0,100.0,4.0,29,1.39,0.48,0.805962117423773,97987,0.5103489583333338,400,383,0.9575,AMS-7371505-3|qp100
4.0,50.0,60.0,4.0,11,1.39,0.48,1.1493124685471874,41729,0.2173385416666676,240,240,1.0,AMS-7371505-3|qp60
4.0,50.0,60.0,4.0,23,1.39,0.48,1.128351609974205,42951,0.2237031249999995,240,240,1.0,AMS-7371505-3|qp60
2.5,50.0,38.0,4.0,5,1.39,0.48,1.226292800967932,24795,0.2066250000000034,152,150,0.986842105263158,LON-4082553-0|qp38
2.5,50.0,38.0,4.0,17,1.39,0.48,1.2253925694361103,24951,0.2079250000000034,152,154,1.013157894736842,LON-4082553-0|qp38
2.5,50.0,38.0,4.0,29,1.39,0.48,1.2343988222482476,24793,0.2066083333333375,152,152,1.0,LON-4082553-0|qp38
2.5,50.0,62.0,4.0,11,1.39,0.48,0.9926143043118224,50698,0.4224833333333306,248,250,1.0080645161290325,LON-4082553-0|qp62
2.5,50.0,62.0,4.0,23,1.39,0.48,1.053713712877506,47882,0.3990166666666718,248,248,1.0,LON-4082553-0|qp62
2.5,50.0,38.0,4.0,5,1.39,0.48,1.194723297743326,25569,0.2130750000000034,152,149,0.9802631578947368,LON-4082554-0|qp38
2.5,50.0,38.0,4.0,17,1.39,0.48,1.2337997101916236,24844,0.2070333333333364,152,159,1.0460526315789471,LON-4082554-0|qp38
2.5,50.0,38.0,4.0,29,1.39,0.48,1.2259415453887914,24874,0.2072833333333367,152,153,1.006578947368421,LON-4082554-0|qp38
2.5,50.0,62.0,4.0,11,1.39,0.48,0.9865426873932834,49148,0.4095666666666703,248,239,0.9637096774193548,LON-4082554-0|qp62
2.5,50.0,62.0,4.0,23,1.39,0.48,1.0373225603357996,47650,0.3970833333333342,248,245,0.9879032258064516,LON-4082554-0|qp62
2.5,50.0,38.0,4.0,5,1.39,0.48,1.2095573216769662,25165,0.2097083333333353,152,152,1.0,LON-4082592-0|qp38
2.5,50.0,38.0,4.0,17,1.39,0.48,1.2267864303472895,24938,0.2078166666666689,152,154,1.013157894736842,LON-4082592-0|qp38
2.5,50.0,38.0,4.0,29,1.39,0.48,1.2195086279042662,25093,0.2091083333333368,152,154,1.013157894736842,LON-4082592-0|qp38
2.5,50.0,62.0,4.0,11,1.39,0.48,1.0687600675085245,46809,0.3900749999999973,248,250,1.0080645161290325,LON-4082592-0|qp62
2.5,50.0,62.0,4.0,23,1.39,0.48,1.0555330159388023,48310,0.4025833333333332,248,251,1.0120967741935485,LON-4082592-0|qp62
2.5,50.0,50.0,4.0,5,1.39,0.48,1.2085115683974954,9379,0.0781583333333334,183,136,0.7431693989071039,SIN-1105987650-1|qp50
2.5,50.0,50.0,4.0,17,1.39,0.48,1.1332270361410386,13641,0.1136750000000002,200,185,0.925,SIN-1105987650-1|qp50
2.5,50.0,50.0,4.0,29,1.39,0.48,1.14697471402772,13288,0.1107333333333338,200,182,0.91,SIN-1105987650-1|qp50
2.0,50.0,10.0,4.0,11,1.39,0.48,1.2542873831775705,2568,0.0267499999999992,40,41,1.025,SIN-131164229-0|qp10
2.0,50.0,10.0,4.0,23,1.39,0.48,1.2072452407614778,2679,0.0279062499999993,40,40,1.0,SIN-131164229-0|qp10
2.0,50.0,24.0,4.0,5,1.39,0.48,1.1868843140267518,6509,0.0678020833333324,96,96,1.0,SIN-131164229-0|qp24
2.0,50.0,24.0,4.0,17,1.39,0.48,1.2121158690176297,6352,0.0661666666666665,96,95,0.9895833333333334,SIN-131164229-0|qp24
2.0,50.0,24.0,4.0,29,1.39,0.48,1.2123235201013112,6318,0.0658124999999992,96,96,1.0,SIN-131164229-0|qp24
1.8,50.0,22.0,4.0,11,1.39,0.48,1.1029248772205706,16493,0.1908912037037096,88,88,1.0,SIN-139715353-1|qp22
1.8,50.0,22.0,4.0,23,1.39,0.48,1.0634002023930242,16799,0.1944328703703762,88,89,1.0113636363636365,SIN-139715353-1|qp22
1.8,50.0,9.0,4.0,5,1.39,0.48,1.2146042929706575,6103,0.0706365740740731,36,35,0.9722222222222222,SIN-139715353-1|qp9
1.8,50.0,9.0,4.0,17,1.39,0.48,1.22612121212124,5940,0.0687499999999993,36,37,1.0277777777777777,SIN-139715353-1|qp9
1.8,50.0,9.0,4.0,29,1.39,0.48,1.2039911706998394,6116,0.0707870370370365,36,36,1.0,SIN-139715353-1|qp9
3.0,50.0,15.0,4.0,11,1.39,0.48,1.235848846620768,9884,0.0686388888888879,60,61,1.0166666666666666,SIN-1464509030-0|qp15
3.0,50.0,15.0,4.0,23,1.39,0.48,1.2151451240333035,9957,0.0691458333333326,60,60,1.0,SIN-1464509030-0|qp15
3.0,50.0,36.0,4.0,5,1.39,0.48,1.1557774687065392,25165,0.1747569444444425,144,144,1.0,SIN-1464509030-0|qp36
3.0,50.0,36.0,4.0,17,1.39,0.48,1.1469955104431004,25615,0.1778819444444424,144,145,1.0069444444444444,SIN-1464509030-0|qp36
3.0,50.0,36.0,4.0,29,1.39,0.48,1.1453007548356906,25436,0.1766388888888898,144,147,1.0208333333333333,SIN-1464509030-0|qp36
2.0,50.0,10.0,4.0,11,1.39,0.48,1.3601449519636617,5933,0.0618020833333331,40,39,0.975,SIN-166571436-2|qp10
2.0,50.0,10.0,4.0,23,1.39,0.48,1.2715625000000146,6400,0.0666666666666663,40,41,1.025,SIN-166571436-2|qp10
2.0,50.0,24.0,4.0,5,1.39,0.48,1.2849121866201336,14918,0.1553958333333317,96,95,0.9895833333333334,SIN-166571436-2|qp24
2.0,50.0,24.0,4.0,17,1.39,0.48,1.2990722899683214,14843,0.1546145833333337,96,97,1.0104166666666667,SIN-166571436-2|qp24
2.0,50.0,24.0,4.0,29,1.39,0.48,1.300313852813853,14784,0.1540000000000007,96,95,0.9895833333333334,SIN-166571436-2|qp24
2.0,50.0,10.0,4.0,11,1.39,0.48,1.30664782819318,6193,0.0645104166666669,40,39,0.975,SIN-166571436-3|qp10
2.0,50.0,10.0,4.0,23,1.39,0.48,1.207009072285648,6834,0.0711874999999997,40,40,1.0,SIN-166571436-3|qp10
2.0,50.0,24.0,4.0,5,1.39,0.48,1.2000709484689756,16068,0.1673749999999997,96,96,1.0,SIN-166571436-3|qp24
2.0,50.0,24.0,4.0,17,1.39,0.48,1.226614785992215,15934,0.1659791666666664,96,97,1.0104166666666667,SIN-166571436-3|qp24
2.0,50.0,24.0,4.0,29,1.39,0.48,1.1768918999940157,16679,0.1737395833333321,96,95,0.9895833333333334,SIN-166571436-3|qp24
1.8,50.0,22.0,4.0,11,1.39,0.48,1.2585273125573306,14151,0.1637847222222283,88,88,1.0,SIN-170969415-0|qp22
1.8,50.0,22.0,4.0,23,1.39,0.48,1.20506471273029,14603,0.1690162037037101,88,89,1.0113636363636365,SIN-170969415-0|qp22
1.8,50.0,9.0,4.0,5,1.39,0.48,1.2931247809323392,5706,0.0660416666666663,36,35,0.9722222222222222,SIN-170969415-0|qp9
1.8,50.0,9.0,4.0,17,1.39,0.48,1.2974776065926494,5582,0.0646064814814804,36,36,1.0,SIN-170969415-0|qp9
1.8,50.0,9.0,4.0,29,1.39,0.48,1.3002109402932056,5594,0.0647453703703691,36,36,1.0,SIN-170969415-0|qp9
2.0,50.0,10.0,4.0,11,1.39,0.48,1.3706153846154523,5850,0.0609374999999994,40,39,0.975,SIN-190681368-0|qp10
2.0,50.0,10.0,4.0,23,1.39,0.48,1.2354136363636532,6600,0.0687499999999999,40,40,1.0,SIN-190681368-0|qp10
2.0,50.0,24.0,4.0,5,1.39,0.48,1.2211791613722411,15740,0.1639583333333333,96,94,0.9791666666666666,SIN-190681368-0|qp24
2.0,50.0,24.0,4.0,17,1.39,0.48,1.2493559058182435,15417,0.1605937499999994,96,96,1.0,SIN-190681368-0|qp24
2.0,50.0,24.0,4.0,29,1.39,0.48,1.2469333247106078,15463,0.1610729166666661,96,96,1.0,SIN-190681368-0|qp24
2.0,50.0,10.0,4.0,11,1.39,0.48,1.3054713313897597,6174,0.0643125000000002,40,39,0.975,SIN-197634752-1|qp10
2.0,50.0,10.0,4.0,23,1.39,0.48,1.2181644160854874,6739,0.0701979166666665,40,41,1.025,SIN-197634752-1|qp10
2.0,50.0,24.0,4.0,5,1.39,0.48,1.1671273122959478,16542,0.1723124999999992,96,95,0.9895833333333334,SIN-197634752-1|qp24
2.0,50.0,24.0,4.0,17,1.39,0.48,1.2123327743618262,16101,0.1677187499999998,96,97,1.0104166666666667,SIN-197634752-1|qp24
2.0,50.0,24.0,4.0,29,1.39,0.48,1.2302990689963111,15682,0.1633541666666665,96,95,0.9895833333333334,SIN-197634752-1|qp24
2.0,50.0,10.0,4.0,11,1.39,0.48,1.3196691236691886,6105,0.0635937500000003,40,39,0.975,SIN-198571185-1|qp10
2.0,50.0,10.0,4.0,23,1.39,0.48,1.2583159349094435,6514,0.067854166666666,40,40,1.0,SIN-198571185-1|qp10
2.0,50.0,24.0,4.0,5,1.39,0.48,1.1998686340430609,16062,0.1673124999999992,96,94,0.9791666666666666,SIN-198571185-1|qp24
2.0,50.0,24.0,4.0,17,1.39,0.48,1.2397749216701757,15639,0.1629062499999999,96,98,1.0208333333333333,SIN-198571185-1|qp24
2.0,50.0,24.0,4.0,29,1.39,0.48,1.2415894892767432,15527,0.1617395833333339,96,95,0.9895833333333334,SIN-198571185-1|qp24
2.0,50.0,10.0,4.0,11,1.39,0.48,1.304216146254714,6181,0.0643854166666668,40,38,0.95,SIN-198571185-2|qp10
2.0,50.0,10.0,4.0,23,1.39,0.48,1.226808797127483,6684,0.0696249999999999,40,40,1.0,SIN-198571185-2|qp10
2.0,50.0,24.0,4.0,5,1.39,0.48,1.2081088664421609,16038,0.1670624999999998,96,94,0.9791666666666666,SIN-198571185-2|qp24
2.0,50.0,24.0,4.0,17,1.39,0.48,1.2210498869062438,15916,0.165791666666668,96,97,1.0104166666666667,SIN-198571185-2|qp24
2.0,50.0,24.0,4.0,29,1.39,0.48,1.2619797782126465,15330,0.1596874999999984,96,97,1.0104166666666667,SIN-198571185-2|qp24
2.0,50.0,10.0,4.0,11,1.39,0.48,1.3046346589072744,6186,0.0644375,40,38,0.95,SIN-198571185-3|qp10
2.0,50.0,10.0,4.0,23,1.39,0.48,1.2502068648483151,6526,0.0679791666666662,40,40,1.0,SIN-198571185-3|qp10
2.0,50.0,24.0,4.0,5,1.39,0.48,1.208721518197112,16019,0.1668645833333332,96,94,0.9791666666666666,SIN-198571185-3|qp24
2.0,50.0,24.0,4.0,17,1.39,0.48,1.2171324999999664,16000,0.166666666666666,96,96,1.0,SIN-198571185-3|qp24
2.0,50.0,24.0,4.0,29,1.39,0.48,1.217122166246868,15880,0.1654166666666655,96,98,1.0208333333333333,SIN-198571185-3|qp24
2.0,50.0,10.0,4.0,11,1.39,0.48,1.336102172831381,6029,0.0628020833333333,40,40,1.0,SIN-200167221-1|qp10
2.0,50.0,10.0,4.0,23,1.39,0.48,1.2315036803364992,6657,0.0693437499999999,40,40,1.0,SIN-200167221-1|qp10
2.0,50.0,24.0,4.0,5,1.39,0.48,1.206591793198619,15938,0.1660208333333333,96,94,0.9791666666666666,SIN-200167221-1|qp24
2.0,50.0,24.0,4.0,17,1.39,0.48,1.208198472334339,16103,0.1677395833333333,96,96,1.0,SIN-200167221-1|qp24
2.0,50.0,24.0,4.0,29,1.39,0.48,1.2275033454406497,15693,0.1634687499999991,96,96,1.0,SIN-200167221-1|qp24
2.0,50.0,10.0,4.0,11,1.39,0.48,1.2510194250194715,6435,0.0670312500000002,40,38,0.95,SIN-200171267-0|qp10
2.0,50.0,10.0,4.0,23,1.39,0.48,1.161062828674241,7226,0.0752708333333318,40,41,1.025,SIN-200171267-0|qp10
2.0,50.0,24.0,4.0,5,1.39,0.48,1.1176529669821895,17324,0.1804583333333335,94,98,1.0425531914893618,SIN-200171267-0|qp24
2.0,50.0,24.0,4.0,17,1.39,0.48,1.150398219723576,17076,0.177875,94,96,1.0212765957446808,SIN-200171267-0|qp24
2.0,50.0,24.0,4.0,29,1.39,0.48,1.159944177207688,16839,0.1754062499999994,96,94,0.9791666666666666,SIN-200171267-0|qp24
2.0,50.0,10.0,4.0,11,1.39,0.48,1.2444720873786954,6592,0.0686666666666664,40,39,0.975,SIN-200171267-2|qp10
2.0,50.0,10.0,4.0,23,1.39,0.48,1.1668685730384725,7099,0.0739479166666661,40,41,1.025,SIN-200171267-2|qp10
2.0,50.0,24.0,4.0,5,1.39,0.48,1.15594156422588,16839,0.1754062499999999,96,97,1.0104166666666667,SIN-200171267-2|qp24
2.0,50.0,24.0,4.0,17,1.39,0.48,1.1711915295227853,16953,0.1765937500000002,96,96,1.0,SIN-200171267-2|qp24
2.0,50.0,24.0,4.0,29,1.39,0.48,1.1771354166666763,16704,0.1739999999999987,96,97,1.0104166666666667,SIN-200171267-2|qp24
2.0,50.0,10.0,4.0,11,1.39,0.48,1.250721762224713,6401,0.0666770833333333,40,40,1.0,SIN-200171268-0|qp10
2.0,50.0,10.0,4.0,23,1.39,0.48,1.1814302141727926,6957,0.0724687499999996,40,41,1.025,SIN-200171268-0|qp10
2.0,50.0,24.0,4.0,5,1.39,0.48,1.142359200470289,17010,0.1771874999999999,96,97,1.0104166666666667,SIN-200171268-0|qp24
2.0,50.0,24.0,4.0,17,1.39,0.48,1.1754102472232104,16746,0.174437500000001,96,97,1.0104166666666667,SIN-200171268-0|qp24
2.0,50.0,24.0,4.0,29,1.39,0.48,1.1523743132274045,16927,0.1763229166666669,96,96,1.0,SIN-200171268-0|qp24
2.0,50.0,10.0,4.0,11,1.39,0.48,1.275793775542341,6362,0.0662708333333337,40,38,0.95,SIN-200171268-4|qp10
2.0,50.0,10.0,4.0,23,1.39,0.48,1.1849489722581716,6957,0.0724687499999993,40,40,1.0,SIN-200171268-4|qp10
2.0,50.0,24.0,4.0,5,1.39,0.48,1.190860890448858,16239,0.1691562500000002,96,96,1.0,SIN-200171268-4|qp24
2.0,50.0,24.0,4.0,17,1.39,0.48,1.183592391304329,16560,0.1724999999999995,96,97,1.0104166666666667,SIN-200171268-4|qp24
2.0,50.0,24.0,4.0,29,1.39,0.48,1.1884098380616055,16426,0.1711041666666657,96,96,1.0,SIN-200171268-4|qp24
1.8,50.0,27.0,4.0,11,1.39,0.48,1.1579337797226543,18967,0.219525462962967,108,111,1.0277777777777777,SIN-22811726-0|qp27
1.8,50.0,27.0,4.0,23,1.39,0.48,1.100100114558926,20077,0.2323726851851856,108,108,1.0,SIN-22811726-0|qp27
1.8,50.0,27.0,4.0,5,1.39,0.48,1.166313660795122,18791,0.2174884259259318,108,109,1.0092592592592593,SIN-22811727-0|qp27
1.8,50.0,27.0,4.0,17,1.39,0.48,1.142816525532508,19485,0.225520833333335,108,108,1.0,SIN-22811727-0|qp27
1.8,50.0,27.0,4.0,29,1.39,0.48,1.135520364332664,19323,0.2236458333333352,108,108,1.0,SIN-22811727-0|qp27
1.8,50.0,27.0,4.0,11,1.39,0.48,1.17964343891404,5525,0.0639467592592587,108,106,0.9814814814814816,SIN-22811728-0|qp27
1.8,50.0,27.0,4.0,23,1.39,0.48,1.141981478245689,5723,0.0662384259259243,108,109,1.0092592592592593,SIN-22811728-0|qp27
1.8,50.0,45.0,4.0,5,1.39,0.48,1.0875810945273618,10050,0.1163194444444447,180,178,0.9888888888888888,SIN-22811728-0|qp45
1.8,50.0,45.0,4.0,17,1.39,0.48,1.0815938150461009,10089,0.1167708333333328,180,178,0.9888888888888888,SIN-22811728-0|qp45
1.8,50.0,45.0,4.0,29,1.39,0.48,1.0554512148091086,10372,0.1200462962962952,180,179,0.9944444444444444,SIN-22811728-0|qp45
1.8,50.0,22.0,4.0,11,1.39,0.48,1.2090989363836075,14949,0.17302083333334,88,88,1.0,SIN-22928582-0|qp22
1.8,50.0,22.0,4.0,23,1.39,0.48,1.125846593734482,16088,0.1862037037037099,88,89,1.0113636363636365,SIN-22928582-0|qp22
1.8,50.0,9.0,4.0,5,1.39,0.48,1.2600136147038643,5876,0.0680092592592594,36,35,0.9722222222222222,SIN-22928582-0|qp9
1.8,50.0,9.0,4.0,17,1.39,0.48,1.2468305171531269,5859,0.0678124999999995,36,36,1.0,SIN-22928582-0|qp9
1.8,50.0,9.0,4.0,29,1.39,0.48,1.229665159886189,5973,0.0691319444444438,36,36,1.0,SIN-22928582-0|qp9
1.8,50.0,22.0,4.0,11,1.39,0.48,1.1867091586584908,15297,0.1770486111111176,88,89,1.0113636363636365,SIN-22928582-1|qp22
1.8,50.0,22.0,4.0,23,1.39,0.48,1.160185064511941,15346,0.1776157407407472,88,89,1.0113636363636365,SIN-22928582-1|qp22
1.8,50.0,9.0,4.0,5,1.39,0.48,1.2394099949857813,5983,0.0692476851851853,36,35,0.9722222222222222,SIN-22928582-1|qp9
1.8,50.0,9.0,4.0,17,1.39,0.48,1.2718923641447066,5723,0.0662384259259248,36,36,1.0,SIN-22928582-1|qp9
1.8,50.0,9.0,4.0,29,1.39,0.48,1.2089473684210854,6042,0.069930555555555,36,36,1.0,SIN-22928582-1|qp9
1.8,50.0,22.0,4.0,11,1.39,0.48,1.1619192305241757,15699,0.1817013888888961,88,88,1.0,SIN-22928582-2|qp22
1.8,50.0,22.0,4.0,23,1.39,0.48,1.117205115470587,16108,0.1864351851851913,88,89,1.0113636363636365,SIN-22928582-2|qp22
1.8,50.0,9.0,4.0,5,1.39,0.48,1.1897196261682133,6206,0.0718287037037032,36,35,0.9722222222222222,SIN-22928582-2|qp9
1.8,50.0,9.0,4.0,17,1.39,0.48,1.2325466151520534,5953,0.0689004629629622,36,36,1.0,SIN-22928582-2|qp9
1.8,50.0,9.0,4.0,29,1.39,0.48,1.2212109634551855,6020,0.0696759259259252,36,36,1.0,SIN-22928582-2|qp9
3.0,50.0,15.0,4.0,11,1.39,0.48,1.0034873915510971,12333,0.0856458333333329,60,57,0.95,SIN-546209379-0|qp15
3.0,50.0,15.0,4.0,23,1.39,0.48,0.9561747751901942,13011,0.0903541666666659,60,57,0.95,SIN-546209379-0|qp15
3.0,50.0,36.0,4.0,5,1.39,0.48,0.7964372339571039,37353,0.2593958333333373,144,145,1.0069444444444444,SIN-546209379-0|qp36
3.0,50.0,36.0,4.0,17,1.39,0.48,0.7950570578691022,36980,0.2568055555555554,144,142,0.9861111111111112,SIN-546209379-0|qp36
3.0,50.0,36.0,4.0,29,1.39,0.48,0.7942877076233873,37267,0.2587986111111066,144,142,0.9861111111111112,SIN-546209379-0|qp36
3.0,50.0,15.0,4.0,11,1.39,0.48,1.336518428602891,9062,0.0629305555555544,60,62,1.0333333333333334,SIN-546209379-1|qp15
3.0,50.0,15.0,4.0,23,1.39,0.48,1.2698607568026723,9408,0.0653333333333326,60,60,1.0,SIN-546209379-1|qp15
3.0,50.0,36.0,4.0,5,1.39,0.48,1.261351481465277,22849,0.1586736111111104,144,144,1.0,SIN-546209379-1|qp36
3.0,50.0,36.0,4.0,17,1.39,0.48,1.2480365474339186,23148,0.1607499999999983,144,147,1.0208333333333333,SIN-546209379-1|qp36
3.0,50.0,36.0,4.0,29,1.39,0.48,1.223186711522351,23780,0.165138888888888,144,147,1.0208333333333333,SIN-546209379-1|qp36
3.0,50.0,15.0,4.0,11,1.39,0.48,1.334087253497792,9077,0.0630347222222211,60,61,1.0166666666666666,SIN-546209379-2|qp15
3.0,50.0,15.0,4.0,23,1.39,0.48,1.2711750292957835,9387,0.0651874999999993,60,60,1.0,SIN-546209379-2|qp15
3.0,50.0,36.0,4.0,5,1.39,0.48,1.2541980249706086,22987,0.1596319444444442,144,144,1.0,SIN-546209379-2|qp36
3.0,50.0,36.0,4.0,17,1.39,0.48,1.2433145826177083,23288,0.1617222222222214,144,146,1.0138888888888888,SIN-546209379-2|qp36
3.0,50.0,36.0,4.0,29,1.39,0.48,1.249144014130083,23213,0.161201388888888,144,148,1.0277777777777777,SIN-546209379-2|qp36
1.8,50.0,22.0,4.0,11,1.39,0.48,1.178578316392915,15348,0.1776388888888953,88,88,1.0,SIN-74587409-1|qp22
1.8,50.0,22.0,4.0,23,1.39,0.48,1.1351618060885282,15636,0.1809722222222295,88,89,1.0113636363636365,SIN-74587409-1|qp22
1.8,50.0,9.0,4.0,5,1.39,0.48,1.3091548791405423,5585,0.0646412037037036,36,35,0.9722222222222222,SIN-74587409-1|qp9
1.8,50.0,9.0,4.0,17,1.39,0.48,1.286121720506901,5603,0.064849537037036,36,36,1.0,SIN-74587409-1|qp9
1.8,50.0,9.0,4.0,29,1.39,0.48,1.2843560135015446,5629,0.0651504629629618,36,36,1.0,SIN-74587409-1|qp9
1.8,50.0,22.0,4.0,11,1.39,0.48,1.235045310998099,14566,0.1685879629629674,88,89,1.0113636363636365,SIN-74587409-2|qp22
1.8,50.0,22.0,4.0,23,1.39,0.48,1.123384644742726,15721,0.1819560185185245,88,89,1.0113636363636365,SIN-74587409-2|qp22
1.8,50.0,9.0,4.0,5,1.39,0.48,1.3046354073809818,5609,0.0649189814814813,36,35,0.9722222222222222,SIN-74587409-2|qp9
1.8,50.0,9.0,4.0,17,1.39,0.48,1.2747889811054505,5663,0.0655439814814808,36,36,1.0,SIN-74587409-2|qp9
1.8,50.0,9.0,4.0,29,1.39,0.48,1.283895596590944,5632,0.065185185185184,36,36,1.0,SIN-74587409-2|qp9
2.5,50.0,12.0,4.0,11,1.39,0.48,1.3389920866306535,7203,0.0600250000000003,48,49,1.0208333333333333,TYO-1323228545-3|qp12
2.5,50.0,12.0,4.0,23,1.39,0.48,1.3029639140424067,7399,0.061658333333334,48,48,1.0,TYO-1323228545-3|qp12
2.5,50.0,30.0,4.0,5,1.39,0.48,1.2667450165227816,18762,0.1563500000000013,120,121,1.0083333333333333,TYO-1323228545-3|qp30
2.5,50.0,30.0,4.0,17,1.39,0.48,1.2722365488698115,18846,0.1570500000000004,120,118,0.9833333333333332,TYO-1323228545-3|qp30
2.5,50.0,30.0,4.0,29,1.39,0.48,1.2473058126235017,19234,0.1602833333333342,120,121,1.0083333333333333,TYO-1323228545-3|qp30
2.5,50.0,50.0,4.0,6,1.39,0.48,1.0115709520144092,38970,0.3247499999999975,200,193,0.965,AMS-1073074102-0|qp50
2.5,50.0,50.0,4.0,18,1.39,0.48,1.0311649888573629,39039,0.3253250000000002,198,191,0.9646464646464646,AMS-1073074102-0|qp50
1.2,50.0,14.0,4.0,0,1.39,0.48,1.221941439965084,9153,0.15890625,56,58,1.0357142857142858,AMS-244428233-0|qp14
1.2,50.0,14.0,4.0,12,1.39,0.48,1.2492554257094934,8985,0.1559895833333348,56,57,1.0178571428571428,AMS-244428233-0|qp14
1.2,50.0,14.0,4.0,24,1.39,0.48,1.251829942503379,9044,0.1570138888888899,56,58,1.0357142857142858,AMS-244428233-0|qp14
1.2,50.0,6.0,4.0,6,1.39,0.48,1.3153546480387264,3722,0.0646180555555553,24,24,1.0,AMS-244428233-0|qp6
1.2,50.0,6.0,4.0,18,1.39,0.48,1.3441692437447348,3557,0.0617534722222223,24,24,1.0,AMS-244428233-0|qp6
2.5,50.0,12.0,4.0,0,1.39,0.48,1.215076575445647,3983,0.0331916666666672,48,47,0.9791666666666666,AMS-4480498-0|qp12
2.5,50.0,12.0,4.0,12,1.39,0.48,1.2868091844813987,3789,0.0315750000000003,48,48,1.0,AMS-4480498-0|qp12
2.5,50.0,12.0,4.0,24,1.39,0.48,1.3072744360902115,3724,0.0310333333333335,48,47,0.9791666666666666,AMS-4480498-0|qp12
2.5,50.0,30.0,4.0,6,1.39,0.48,1.210910806515684,10068,0.0839000000000011,120,121,1.0083333333333333,AMS-4480498-0|qp30
2.5,50.0,30.0,4.0,18,1.39,0.48,1.1852916101530553,10322,0.0860166666666675,120,119,0.9916666666666668,AMS-4480498-0|qp30
3.6,50.0,18.0,4.0,0,1.39,0.48,1.1845108421583412,11898,0.0688541666666671,72,75,1.0416666666666667,AMS-4480626-0|qp18
3.6,50.0,18.0,4.0,12,1.39,0.48,1.213007859217463,11706,0.0677430555555551,72,72,1.0,AMS-4480626-0|qp18
3.6,50.0,18.0,4.0,24,1.39,0.48,1.2185614247427787,11567,0.0669386574074078,72,73,1.0138888888888888,AMS-4480626-0|qp18
3.6,50.0,43.0,4.0,6,1.39,0.48,1.0616514813437825,32268,0.1867361111111122,172,173,1.005813953488372,AMS-4480626-0|qp43
3.6,50.0,43.0,4.0,18,1.39,0.48,1.015666223600713,33855,0.1959201388888894,172,178,1.0348837209302326,AMS-4480626-0|qp43
3.6,50.0,18.0,4.0,0,1.39,0.48,1.2933715533715495,10989,0.0635937499999991,72,71,0.9861111111111112,AMS-4480644-0|qp18
3.6,50.0,18.0,4.0,12,1.39,0.48,1.302511694854228,11116,0.0643287037037036,72,74,1.0277777777777777,AMS-4480644-0|qp18
3.6,50.0,18.0,4.0,24,1.39,0.48,1.328741585639444,10696,0.0618981481481478,72,73,1.0138888888888888,AMS-4480644-0|qp18
3.6,50.0,43.0,4.0,6,1.39,0.48,1.2628878123968958,27249,0.1576909722222238,172,168,0.9767441860465116,AMS-4480644-0|qp43
3.6,50.0,43.0,4.0,18,1.39,0.48,1.2029825294077798,28734,0.1662847222222226,172,172,1.0,AMS-4480644-0|qp43
2.5,50.0,12.0,4.0,0,1.39,0.48,1.2622544933576667,7678,0.0639833333333335,48,50,1.0416666666666667,AMS-4495978-0|qp12
2.5,50.0,12.0,4.0,12,1.39,0.48,1.3442033469273331,7111,0.0592583333333339,48,49,1.0208333333333333,AMS-4495978-0|qp12
2.5,50.0,12.0,4.0,24,1.39,0.48,1.3468326553514445,7129,0.0594083333333344,48,49,1.0208333333333333,AMS-4495978-0|qp12
2.5,50.0,30.0,4.0,6,1.39,0.48,1.2143571966843725,19905,0.1658750000000027,120,120,1.0,AMS-4495978-0|qp30
2.5,50.0,30.0,4.0,18,1.39,0.48,1.179910888196362,20536,0.1711333333333349,120,120,1.0,AMS-4495978-0|qp30
2.5,50.0,12.0,4.0,0,1.39,0.48,1.1330633755837312,7495,0.0624583333333338,48,48,1.0,AMS-4495979-0|qp12
2.5,50.0,12.0,4.0,12,1.39,0.48,1.1743704532736516,7148,0.0595666666666676,48,49,1.0208333333333333,AMS-4495979-0|qp12
2.5,50.0,12.0,4.0,24,1.39,0.48,1.1726857380919322,7201,0.0600083333333345,48,47,0.9791666666666666,AMS-4495979-0|qp12
2.5,50.0,30.0,4.0,6,1.39,0.48,1.1516172506738993,18179,0.1514916666666667,120,120,1.0,AMS-4495979-0|qp30
2.5,50.0,30.0,4.0,18,1.39,0.48,1.1155840665999364,18979,0.1581583333333342,120,120,1.0,AMS-4495979-0|qp30
2.5,50.0,12.0,4.0,0,1.39,0.48,1.0560454785827784,9455,0.0787916666666679,48,50,1.0416666666666667,AMS-4496429-0|qp12
2.5,50.0,12.0,4.0,12,1.39,0.48,1.1618994677705925,8455,0.0704583333333349,48,48,1.0,AMS-4496429-0|qp12
2.5,50.0,12.0,4.0,24,1.39,0.48,1.1467497367497803,8547,0.0712250000000013,48,49,1.0208333333333333,AMS-4496429-0|qp12
2.5,50.0,30.0,4.0,6,1.39,0.48,0.9146641053787338,27330,0.2277500000000001,120,116,0.9666666666666668,AMS-4496429-0|qp30
2.5,50.0,30.0,4.0,18,1.39,0.48,0.9520405508798866,26140,0.2178333333333371,120,120,1.0,AMS-4496429-0|qp30
2.5,50.0,12.0,4.0,0,1.39,0.48,1.268043163574178,7599,0.0633250000000003,48,50,1.0416666666666667,AMS-7370864-0|qp12
2.5,50.0,12.0,4.0,12,1.39,0.48,1.3444041958042376,7150,0.059583333333334,48,49,1.0208333333333333,AMS-7370864-0|qp12
2.5,50.0,12.0,4.0,24,1.39,0.48,1.3433520257956646,7133,0.0594416666666677,48,49,1.0208333333333333,AMS-7370864-0|qp12
2.5,50.0,30.0,4.0,6,1.39,0.48,1.247151256569157,19219,0.1601583333333338,120,122,1.0166666666666666,AMS-7370864-0|qp30
2.5,50.0,30.0,4.0,18,1.39,0.48,1.1899631340936094,20344,0.1695333333333347,120,119,0.9916666666666668,AMS-7370864-0|qp30
4.0,50.0,80.0,4.0,0,1.39,0.48,0.9698512367068576,66952,0.3487083333333322,320,325,1.015625,AMS-7371505-0|qp80
4.0,50.0,80.0,4.0,12,1.39,0.48,0.9754434368869458,64733,0.337151041666668,320,314,0.98125,AMS-7371505-0|qp80
4.0,50.0,80.0,4.0,24,1.39,0.48,0.9737214250972268,65792,0.3426666666666681,320,326,1.01875,AMS-7371505-0|qp80
4.0,50.0,100.0,4.0,6,1.39,0.48,0.6465581656983358,119108,0.6203541666666649,400,341,0.8525,AMS-7371505-3|qp100
4.0,50.0,100.0,4.0,18,1.39,0.48,0.7667666861826655,102480,0.5337500000000028,379,353,0.9313984168865436,AMS-7371505-3|qp100
4.0,50.0,60.0,4.0,0,1.39,0.48,1.1352945218463055,42204,0.2198125000000001,240,238,0.9916666666666668,AMS-7371505-3|qp60
4.0,50.0,60.0,4.0,12,1.39,0.48,1.1877769062967056,40799,0.2124947916666659,240,246,1.025,AMS-7371505-3|qp60
4.0,50.0,60.0,4.0,24,1.39,0.48,1.153832459485401,41960,0.2185416666666665,240,234,0.975,AMS-7371505-3|qp60
2.5,50.0,38.0,4.0,6,1.39,0.48,1.2426008072737356,24527,0.2043916666666693,152,154,1.013157894736842,LON-4082553-0|qp38
2.5,50.0,38.0,4.0,18,1.39,0.48,1.2081569939012906,25415,0.2117916666666689,152,152,1.0,LON-4082553-0|qp38
2.5,50.0,62.0,4.0,0,1.39,0.48,0.8398419466148797,50426,0.4202166666666672,143,182,1.2727272727272727,LON-4082553-0|qp62
2.5,50.0,62.0,4.0,12,1.39,0.48,1.0342973286875885,48216,0.4018000000000034,248,250,1.0080645161290325,LON-4082553-0|qp62
2.5,50.0,62.0,4.0,24,1.39,0.48,1.1369478347138977,43343,0.3611916666666694,248,240,0.967741935483871,LON-4082553-0|qp62
2.5,50.0,38.0,4.0,6,1.39,0.48,1.2623649628985352,24123,0.2010250000000024,152,152,1.0,LON-4082554-0|qp38
2.5,50.0,38.0,4.0,18,1.39,0.48,1.18955186946605,25863,0.2155250000000027,152,156,1.0263157894736843,LON-4082554-0|qp38
2.5,50.0,62.0,4.0,0,1.39,0.48,1.0664063406148667,46557,0.3879750000000004,248,248,1.0,LON-4082554-0|qp62
2.5,50.0,62.0,4.0,12,1.39,0.48,1.172188340172674,42402,0.3533500000000055,248,255,1.028225806451613,LON-4082554-0|qp62
2.5,50.0,62.0,4.0,24,1.39,0.48,1.0687386941166743,46436,0.3869666666666681,248,241,0.9717741935483872,LON-4082554-0|qp62
2.5,50.0,38.0,4.0,6,1.39,0.48,1.2689720367279442,23960,0.1996666666666688,152,152,1.0,LON-4082592-0|qp38
2.5,50.0,38.0,4.0,18,1.39,0.48,1.212110540860702,25330,0.2110833333333349,152,156,1.0263157894736843,LON-4082592-0|qp38
2.5,50.0,62.0,4.0,0,1.39,0.48,1.0824646347138922,42980,0.3581666666666657,172,206,1.197674418604651,LON-4082592-0|qp62
2.5,50.0,62.0,4.0,12,1.39,0.48,1.1349032067049512,43908,0.3658999999999992,248,252,1.0161290322580645,LON-4082592-0|qp62
2.5,50.0,62.0,4.0,24,1.39,0.48,1.1591879776090974,43053,0.3587750000000004,248,252,1.0161290322580645,LON-4082592-0|qp62
2.5,50.0,50.0,4.0,6,1.39,0.48,1.2278828592421809,9527,0.0793916666666665,130,137,1.053846153846154,SIN-1105987650-1|qp50
2.5,50.0,50.0,4.0,18,1.39,0.48,1.1717673271265665,12567,0.1047250000000005,200,177,0.885,SIN-1105987650-1|qp50
2.0,50.0,10.0,4.0,0,1.39,0.48,1.1784729241877367,2770,0.0288541666666659,40,41,1.025,SIN-131164229-0|qp10
2.0,50.0,10.0,4.0,12,1.39,0.48,1.2405179744878376,2587,0.0269479166666659,40,40,1.0,SIN-131164229-0|qp10
2.0,50.0,10.0,4.0,24,1.39,0.48,1.267642660369926,2541,0.0264687499999991,40,40,1.0,SIN-131164229-0|qp10
2.0,50.0,24.0,4.0,6,1.39,0.48,1.2015092274006858,6394,0.0666041666666664,96,96,1.0,SIN-131164229-0|qp24
2.0,50.0,24.0,4.0,18,1.39,0.48,1.1969779966148628,6499,0.0676979166666659,96,95,0.9895833333333334,SIN-131164229-0|qp24
1.8,50.0,22.0,4.0,0,1.39,0.48,1.1085577812018217,16225,0.1877893518518589,88,88,1.0,SIN-139715353-1|qp22
1.8,50.0,22.0,4.0,12,1.39,0.48,1.0635462797016335,17297,0.2001967592592648,88,88,1.0,SIN-139715353-1|qp22
1.8,50.0,22.0,4.0,24,1.39,0.48,1.096839187805023,16597,0.1920949074074133,88,88,1.0,SIN-139715353-1|qp22
1.8,50.0,9.0,4.0,6,1.39,0.48,1.2300985869208168,6086,0.0704398148148147,36,37,1.0277777777777777,SIN-139715353-1|qp9
1.8,50.0,9.0,4.0,18,1.39,0.48,1.2160417011418032,6043,0.0699421296296291,36,36,1.0,SIN-139715353-1|qp9
3.0,50.0,15.0,4.0,0,1.39,0.48,1.2436433068428994,9689,0.0672847222222216,60,60,1.0,SIN-1464509030-0|qp15
3.0,50.0,15.0,4.0,12,1.39,0.48,1.2432619389218524,9758,0.0677638888888879,60,60,1.0,SIN-1464509030-0|qp15
3.0,50.0,15.0,4.0,24,1.39,0.48,1.2519709670824428,9782,0.0679305555555544,60,61,1.0166666666666666,SIN-1464509030-0|qp15
3.0,50.0,36.0,4.0,6,1.39,0.48,1.15572978690075,25528,0.1772777777777757,144,143,0.9930555555555556,SIN-1464509030-0|qp36
3.0,50.0,36.0,4.0,18,1.39,0.48,1.1328768980477573,25816,0.1792777777777777,144,148,1.0277777777777777,SIN-1464509030-0|qp36
2.0,50.0,10.0,4.0,0,1.39,0.48,1.2374761544284898,6605,0.0688020833333326,40,39,0.975,SIN-166571436-2|qp10
2.0,50.0,10.0,4.0,12,1.39,0.48,1.3425402414487164,5964,0.0621249999999989,40,39,0.975,SIN-166571436-2|qp10
2.0,50.0,10.0,4.0,24,1.39,0.48,1.3565500246426954,6087,0.0634062499999998,40,40,1.0,SIN-166571436-2|qp10
2.0,50.0,24.0,4.0,6,1.39,0.48,1.2886610568831904,14855,0.1547395833333354,96,94,0.9791666666666666,SIN-166571436-2|qp24
2.0,50.0,24.0,4.0,18,1.39,0.48,1.2726406322640988,15057,0.1568437499999994,96,93,0.96875,SIN-166571436-2|qp24
2.0,50.0,10.0,4.0,0,1.39,0.48,1.1969433522644768,6867,0.0715312499999992,40,39,0.975,SIN-166571436-3|qp10
2.0,50.0,10.0,4.0,12,1.39,0.48,1.2714462357176608,6389,0.0665520833333328,40,39,0.975,SIN-166571436-3|qp10
2.0,50.0,10.0,4.0,24,1.39,0.48,1.2799953803511137,6494,0.0676458333333331,40,41,1.025,SIN-166571436-3|qp10
2.0,50.0,24.0,4.0,6,1.39,0.48,1.2310668282106707,15682,0.1633541666666669,96,92,0.9583333333333334,SIN-166571436-3|qp24
2.0,50.0,24.0,4.0,18,1.39,0.48,1.1764372104218368,16619,0.1731145833333331,96,93,0.96875,SIN-166571436-3|qp24
1.8,50.0,22.0,4.0,0,1.39,0.48,1.2281129982668595,14425,0.166956018518523,88,90,1.0227272727272727,SIN-170969415-0|qp22
1.8,50.0,22.0,4.0,12,1.39,0.48,1.2217221041080537,14581,0.1687615740740787,88,89,1.0113636363636365,SIN-170969415-0|qp22
1.8,50.0,22.0,4.0,24,1.39,0.48,1.2376655755971924,14359,0.1661921296296348,88,88,1.0,SIN-170969415-0|qp22
1.8,50.0,9.0,4.0,6,1.39,0.48,1.3118564798286516,5602,0.0648379629629627,36,37,1.0277777777777777,SIN-170969415-0|qp9
1.8,50.0,9.0,4.0,18,1.39,0.48,1.302955771305261,5562,0.0643749999999993,36,36,1.0,SIN-170969415-0|qp9
2.0,50.0,10.0,4.0,0,1.39,0.48,1.1927332457293296,6849,0.071343749999999,40,40,1.0,SIN-190681368-0|qp10
2.0,50.0,10.0,4.0,12,1.39,0.48,1.2847677770660062,6244,0.065041666666666,40,40,1.0,SIN-190681368-0|qp10
2.0,50.0,10.0,4.0,24,1.39,0.48,1.3335346358792315,6193,0.064510416666666,40,41,1.025,SIN-190681368-0|qp10
2.0,50.0,24.0,4.0,6,1.39,0.48,1.1927192001986844,16104,0.1677500000000014,96,93,0.96875,SIN-190681368-0|qp24
2.0,50.0,24.0,4.0,18,1.39,0.48,1.1786022548188029,16498,0.1718541666666649,96,96,1.0,SIN-190681368-0|qp24
2.0,50.0,10.0,4.0,0,1.39,0.48,1.20615042937521,6754,0.0703541666666663,40,39,0.975,SIN-197634752-1|qp10
2.0,50.0,10.0,4.0,12,1.39,0.48,1.2874559436078423,6242,0.0650208333333326,40,39,0.975,SIN-197634752-1|qp10
2.0,50.0,10.0,4.0,24,1.39,0.48,1.326754329698541,6236,0.0649583333333327,40,40,1.0,SIN-197634752-1|qp10
2.0,50.0,24.0,4.0,6,1.39,0.48,1.2019459593455315,16136,0.1680833333333344,96,95,0.9895833333333334,SIN-197634752-1|qp24
2.0,50.0,24.0,4.0,18,1.39,0.48,1.2001922957633195,16121,0.1679270833333317,96,95,0.9895833333333334,SIN-197634752-1|qp24
2.0,50.0,10.0,4.0,0,1.39,0.48,1.2258116202456095,6678,0.0695624999999997,40,40,1.0,SIN-198571185-1|qp10
2.0,50.0,10.0,4.0,12,1.39,0.48,1.3114337093346626,6117,0.0637187499999996,40,41,1.025,SIN-198571185-1|qp10
2.0,50.0,10.0,4.0,24,1.39,0.48,1.3220615088899712,6243,0.0650312499999995,40,41,1.025,SIN-198571185-1|qp10
2.0,50.0,24.0,4.0,6,1.39,0.48,1.260649487246892,15212,0.1584583333333334,96,96,1.0,SIN-198571185-1|qp24
2.0,50.0,24.0,4.0,18,1.39,0.48,1.19225851924495,16316,0.1699583333333329,96,93,0.96875,SIN-198571185-1|qp24
2.0,50.0,10.0,4.0,0,1.39,0.48,1.2253597122302442,6672,0.0694999999999998,40,40,1.0,SIN-198571185-2|qp10
2.0,50.0,10.0,4.0,12,1.39,0.48,1.3179707044108182,6076,0.0632916666666662,40,41,1.025,SIN-198571185-2|qp10
2.0,50.0,10.0,4.0,24,1.39,0.48,1.3269421752362818,6243,0.0650312499999995,40,41,1.025,SIN-198571185-2|qp10
2.0,50.0,24.0,4.0,6,1.39,0.48,1.219258373205728,15884,0.1654583333333345,96,94,0.9791666666666666,SIN-198571185-2|qp24
2.0,50.0,24.0,4.0,18,1.39,0.48,1.225621669627017,15764,0.1642083333333337,96,94,0.9791666666666666,SIN-198571185-2|qp24
2.0,50.0,10.0,4.0,0,1.39,0.48,1.2259547701063622,6677,0.0695520833333331,40,40,1.0,SIN-198571185-3|qp10
2.0,50.0,10.0,4.0,12,1.39,0.48,1.3107873629072062,6109,0.0636354166666662,40,41,1.025,SIN-198571185-3|qp10
2.0,50.0,10.0,4.0,24,1.39,0.48,1.31678900540199,6294,0.0655624999999997,40,41,1.025,SIN-198571185-3|qp10
2.0,50.0,24.0,4.0,6,1.39,0.48,1.2021625481186928,16106,0.1677708333333335,96,94,0.9791666666666666,SIN-198571185-3|qp24
2.0,50.0,24.0,4.0,18,1.39,0.48,1.2238237343977898,15783,0.1644062499999997,96,94,0.9791666666666666,SIN-198571185-3|qp24
2.0,50.0,10.0,4.0,0,1.39,0.48,1.210621831195971,6706,0.0698541666666661,40,39,0.975,SIN-200167221-1|qp10
2.0,50.0,10.0,4.0,12,1.39,0.48,1.2985024232633526,6190,0.0644791666666662,40,41,1.025,SIN-200167221-1|qp10
2.0,50.0,10.0,4.0,24,1.39,0.48,1.328238434163715,6182,0.0643958333333327,40,41,1.025,SIN-200167221-1|qp10
2.0,50.0,24.0,4.0,6,1.39,0.48,1.2094836359067531,15919,0.1658229166666686,96,92,0.9583333333333334,SIN-200167221-1|qp24
2.0,50.0,24.0,4.0,18,1.39,0.48,1.2353578954090076,15661,0.1631354166666659,96,93,0.96875,SIN-200167221-1|qp24
2.0,50.0,10.0,4.0,0,1.39,0.48,1.130430504305067,7317,0.0762187499999998,40,38,0.95,SIN-200171267-0|qp10
2.0,50.0,10.0,4.0,12,1.39,0.48,1.2609137670197013,6610,0.068854166666667,40,41,1.025,SIN-200171267-0|qp10
2.0,50.0,10.0,4.0,24,1.39,0.48,1.2392825574543411,6788,0.0707083333333325,40,41,1.025,SIN-200171267-0|qp10
2.0,50.0,24.0,4.0,6,1.39,0.48,1.183031563493988,16348,0.170291666666666,94,95,1.0106382978723405,SIN-200171267-0|qp24
2.0,50.0,24.0,4.0,18,1.39,0.48,1.1469635438001304,17089,0.1780104166666667,96,96,1.0,SIN-200171267-0|qp24
2.0,50.0,10.0,4.0,0,1.39,0.48,1.148732511428201,7219,0.075197916666666,40,39,0.975,SIN-200171267-2|qp10
2.0,50.0,10.0,4.0,12,1.39,0.48,1.2303786393121354,6629,0.0690520833333331,40,39,0.975,SIN-200171267-2|qp10
2.0,50.0,10.0,4.0,24,1.39,0.48,1.246422209026148,6736,0.070166666666666,40,41,1.025,SIN-200171267-2|qp10
2.0,50.0,24.0,4.0,6,1.39,0.48,1.1767987951807126,16600,0.1729166666666688,96,94,0.9791666666666666,SIN-200171267-2|qp24
2.0,50.0,24.0,4.0,18,1.39,0.48,1.1553786145815166,17049,0.17759375,96,96,1.0,SIN-200171267-2|qp24
2.0,50.0,10.0,4.0,0,1.39,0.48,1.165685077381816,7043,0.0733645833333326,40,39,0.975,SIN-200171268-0|qp10
2.0,50.0,10.0,4.0,12,1.39,0.48,1.21723812378243,6673,0.0695104166666666,40,40,1.0,SIN-200171268-0|qp10
2.0,50.0,10.0,4.0,24,1.39,0.48,1.2634277491669397,6602,0.0687708333333323,40,41,1.025,SIN-200171268-0|qp10
2.0,50.0,24.0,4.0,6,1.39,0.48,1.158393717651237,16809,0.1750937500000007,96,94,0.9791666666666666,SIN-200171268-0|qp24
2.0,50.0,24.0,4.0,18,1.39,0.48,1.1636689745732458,16754,0.1745208333333331,96,95,0.9895833333333334,SIN-200171268-0|qp24
2.0,50.0,10.0,4.0,0,1.39,0.48,1.180500430169223,6974,0.0726458333333329,40,39,0.975,SIN-200171268-4|qp10
2.0,50.0,10.0,4.0,12,1.39,0.48,1.2655094043887385,6380,0.0664583333333326,40,39,0.975,SIN-200171268-4|qp10
2.0,50.0,10.0,4.0,24,1.39,0.48,1.306181357809795,6319,0.0658229166666657,40,40,1.0,SIN-200171268-4|qp10
2.0,50.0,24.0,4.0,6,1.39,0.48,1.1924154141151446,16167,0.1684062500000014,96,94,0.9791666666666666,SIN-200171268-4|qp24
2.0,50.0,24.0,4.0,18,1.39,0.48,1.1549360478760995,17044,0.1775416666666659,96,94,0.9791666666666666,SIN-200171268-4|qp24
1.8,50.0,27.0,4.0,0,1.39,0.48,1.1175787411722633,19399,0.224525462962965,108,107,0.9907407407407408,SIN-22811726-0|qp27
1.8,50.0,27.0,4.0,12,1.39,0.48,1.1626032947699945,18757,0.2170949074074114,108,110,1.0185185185185186,SIN-22811726-0|qp27
1.8,50.0,27.0,4.0,24,1.39,0.48,1.1829367574191971,18769,0.2172337962963016,108,109,1.0092592592592593,SIN-22811726-0|qp27
1.8,50.0,27.0,4.0,6,1.39,0.48,1.146826913038946,19158,0.2217361111111137,108,110,1.0185185185185186,SIN-22811727-0|qp27
1.8,50.0,27.0,4.0,18,1.39,0.48,1.1672115641532643,18713,0.2165856481481511,108,108,1.0,SIN-22811727-0|qp27
1.8,50.0,27.0,4.0,0,1.39,0.48,1.1476321316065885,5714,0.0661342592592585,108,108,1.0,SIN-22811728-0|qp27
1.8,50.0,27.0,4.0,12,1.39,0.48,1.1869127027519633,5487,0.0635069444444439,108,110,1.0185185185185186,SIN-22811728-0|qp27
1.8,50.0,27.0,4.0,24,1.39,0.48,1.19184898710868,5430,0.0628472222222213,108,107,0.9907407407407408,SIN-22811728-0|qp27
1.8,50.0,45.0,4.0,6,1.39,0.48,1.1409887186036585,9396,0.1087500000000004,180,177,0.9833333333333332,SIN-22811728-0|qp45
1.8,50.0,45.0,4.0,18,1.39,0.48,1.0997213496808074,9869,0.1142245370370371,180,180,1.0,SIN-22811728-0|qp45
1.8,50.0,22.0,4.0,0,1.39,0.48,1.131078480694242,15902,0.1840509259259332,88,89,1.0113636363636365,SIN-22928582-0|qp22
1.8,50.0,22.0,4.0,12,1.39,0.48,1.1469576249682414,15764,0.1824537037037108,88,89,1.0113636363636365,SIN-22928582-0|qp22
1.8,50.0,22.0,4.0,24,1.39,0.48,1.144911009407571,15732,0.1820833333333395,88,88,1.0,SIN-22928582-0|qp22
1.8,50.0,9.0,4.0,6,1.39,0.48,1.2435091243931171,5973,0.0691319444444445,36,37,1.0277777777777777,SIN-22928582-0|qp9
1.8,50.0,9.0,4.0,18,1.39,0.48,1.2594121691302655,5818,0.0673379629629623,36,36,1.0,SIN-22928582-0|qp9
1.8,50.0,22.0,4.0,0,1.39,0.48,1.1357004371792223,15783,0.182673611111118,88,91,1.0340909090909092,SIN-22928582-1|qp22
1.8,50.0,22.0,4.0,12,1.39,0.48,1.2283396460298357,14521,0.1680671296296348,88,89,1.0113636363636365,SIN-22928582-1|qp22
1.8,50.0,22.0,4.0,24,1.39,0.48,1.1455734789787917,15746,0.1822453703703775,88,88,1.0,SIN-22928582-1|qp22
1.8,50.0,9.0,4.0,6,1.39,0.48,1.2359677954847446,6024,0.0697222222222221,36,36,1.0,SIN-22928582-1|qp9
1.8,50.0,9.0,4.0,18,1.39,0.48,1.2351870491528103,5961,0.0689930555555548,36,36,1.0,SIN-22928582-1|qp9
1.8,50.0,22.0,4.0,0,1.39,0.48,1.1205600149337098,16071,0.1860069444444518,88,91,1.0340909090909092,SIN-22928582-2|qp22
1.8,50.0,22.0,4.0,12,1.39,0.48,1.1387558936316866,15907,0.1841087962963031,88,89,1.0113636363636365,SIN-22928582-2|qp22
1.8,50.0,22.0,4.0,24,1.39,0.48,1.1359079812206525,15975,0.1848958333333406,88,87,0.9886363636363636,SIN-22928582-2|qp22
1.8,50.0,9.0,4.0,6,1.39,0.48,1.2355134596211537,6018,0.0696527777777776,36,37,1.0277777777777777,SIN-22928582-2|qp9
1.8,50.0,9.0,4.0,18,1.39,0.48,1.2297871983914048,5968,0.0690740740740736,36,36,1.0,SIN-22928582-2|qp9
3.0,50.0,15.0,4.0,0,1.39,0.48,0.978450946643756,12782,0.0887638888888885,60,60,1.0,SIN-546209379-0|qp15
3.0,50.0,15.0,4.0,12,1.39,0.48,0.9859765880811696,12216,0.0848333333333333,60,58,0.9666666666666668,SIN-546209379-0|qp15
3.0,50.0,15.0,4.0,24,1.39,0.48,0.9688598203827063,12805,0.0889236111111102,60,62,1.0333333333333334,SIN-546209379-0|qp15
3.0,50.0,36.0,4.0,6,1.39,0.48,0.8054612338809205,37378,0.2595694444444427,144,145,1.0069444444444444,SIN-546209379-0|qp36
3.0,50.0,36.0,4.0,18,1.39,0.48,0.7874884570235989,38335,0.2662152777777778,144,144,1.0,SIN-546209379-0|qp36
3.0,50.0,15.0,4.0,0,1.39,0.48,1.3041377063424038,9208,0.0639444444444436,60,61,1.0166666666666666,SIN-546209379-1|qp15
3.0,50.0,15.0,4.0,12,1.39,0.48,1.3117280979984005,9143,0.0634930555555549,60,58,0.9666666666666668,SIN-546209379-1|qp15
3.0,50.0,15.0,4.0,24,1.39,0.48,1.332658088639667,9093,0.0631458333333326,60,60,1.0,SIN-546209379-1|qp15
3.0,50.0,36.0,4.0,6,1.39,0.48,1.2583785887237564,23128,0.16061111111111,144,143,0.9930555555555556,SIN-546209379-1|qp36
3.0,50.0,36.0,4.0,18,1.39,0.48,1.2144496829106062,23968,0.1664444444444424,144,147,1.0208333333333333,SIN-546209379-1|qp36
3.0,50.0,15.0,4.0,0,1.39,0.48,1.3007338456543844,9239,0.0641597222222213,60,61,1.0166666666666666,SIN-546209379-2|qp15
3.0,50.0,15.0,4.0,12,1.39,0.48,1.3263348066297584,9050,0.0628472222222215,60,58,0.9666666666666668,SIN-546209379-2|qp15
3.0,50.0,15.0,4.0,24,1.39,0.48,1.337019794316098,9043,0.0627986111111104,60,60,1.0,SIN-546209379-2|qp15
3.0,50.0,36.0,4.0,6,1.39,0.48,1.2546491001465372,23226,0.1612916666666659,144,144,1.0,SIN-546209379-2|qp36
3.0,50.0,36.0,4.0,18,1.39,0.48,1.2036128471504244,24161,0.1677847222222195,144,147,1.0208333333333333,SIN-546209379-2|qp36
1.8,50.0,22.0,4.0,0,1.39,0.48,1.1622621244069335,15176,0.1756481481481542,88,89,1.0113636363636365,SIN-74587409-1|qp22
1.8,50.0,22.0,4.0,12,1.39,0.48,1.1996342527346464,14901,0.1724652777777835,88,87,0.9886363636363636,SIN-74587409-1|qp22
1.8,50.0,22.0,4.0,24,1.39,0.48,1.1986096364491676,14881,0.1722337962963012,88,89,1.0113636363636365,SIN-74587409-1|qp22
1.8,50.0,9.0,4.0,6,1.39,0.48,1.2933631736001587,5697,0.0659374999999997,36,37,1.0277777777777777,SIN-74587409-1|qp9
1.8,50.0,9.0,4.0,18,1.39,0.48,1.295968464432878,5581,0.0645949074074066,36,36,1.0,SIN-74587409-1|qp9
1.8,50.0,22.0,4.0,0,1.39,0.48,1.1308242908813964,15759,0.1823958333333396,88,89,1.0113636363636365,SIN-74587409-2|qp22
1.8,50.0,22.0,4.0,12,1.39,0.48,1.2093781717301122,14779,0.1710532407407459,88,87,0.9886363636363636,SIN-74587409-2|qp22
1.8,50.0,22.0,4.0,24,1.39,0.48,1.199512408366401,14869,0.1720949074074124,88,89,1.0113636363636365,SIN-74587409-2|qp22
1.8,50.0,9.0,4.0,6,1.39,0.48,1.294396551724154,5684,0.0657870370370367,36,37,1.0277777777777777,SIN-74587409-2|qp9
1.8,50.0,9.0,4.0,18,1.39,0.48,1.2952120995167162,5587,0.064664351851851,36,36,1.0,SIN-74587409-2|qp9
2.5,50.0,12.0,4.0,0,1.39,0.48,1.2740110978993655,7569,0.0630750000000011,48,50,1.0416666666666667,TYO-1323228545-3|qp12
2.5,50.0,12.0,4.0,12,1.39,0.48,1.3421090112298488,7302,0.060850000000001,48,49,1.0208333333333333,TYO-1323228545-3|qp12
2.5,50.0,12.0,4.0,24,1.39,0.48,1.3588367809578508,7058,0.0588166666666676,48,49,1.0208333333333333,TYO-1323228545-3|qp12
2.5,50.0,30.0,4.0,6,1.39,0.48,1.2513134157152312,19179,0.1598250000000016,120,119,0.9916666666666668,TYO-1323228545-3|qp30
2.5,50.0,30.0,4.0,18,1.39,0.48,1.2013111378929937,19914,0.1659499999999993,120,119,0.9916666666666668,TYO-1323228545-3|qp30
2.5,50.0,50.0,4.0,7,1.39,0.48,1.0407516712441878,38594,0.3216166666666669,200,197,0.985,AMS-1073074102-0|qp50
2.5,50.0,50.0,4.0,19,1.39,0.48,1.0647509547845806,37443,0.3120249999999984,198,188,0.9494949494949496,AMS-1073074102-0|qp50
1.2,50.0,14.0,4.0,1,1.39,0.48,1.2139324382848906,9236,0.1603472222222233,56,58,1.0357142857142858,AMS-244428233-0|qp14
1.2,50.0,14.0,4.0,13,1.39,0.48,1.2086897140418211,9372,0.1627083333333343,56,56,1.0,AMS-244428233-0|qp14
1.2,50.0,14.0,4.0,25,1.39,0.48,1.2172975859858446,9362,0.1625347222222235,56,55,0.9821428571428572,AMS-244428233-0|qp14
1.2,50.0,6.0,4.0,7,1.39,0.48,1.277197846567972,3715,0.0644965277777778,24,24,1.0,AMS-244428233-0|qp6
1.2,50.0,6.0,4.0,19,1.39,0.48,1.3057594594594508,3700,0.0642361111111111,24,24,1.0,AMS-244428233-0|qp6
2.5,50.0,12.0,4.0,1,1.39,0.48,1.2696510705788815,3783,0.0315249999999999,48,47,0.9791666666666666,AMS-4480498-0|qp12
2.5,50.0,12.0,4.0,13,1.39,0.48,1.2485125448028795,3906,0.0325500000000004,48,48,1.0,AMS-4480498-0|qp12
2.5,50.0,12.0,4.0,25,1.39,0.48,1.2589409632314728,3862,0.0321833333333338,48,49,1.0208333333333333,AMS-4480498-0|qp12
2.5,50.0,30.0,4.0,7,1.39,0.48,1.1657024554646076,10385,0.0865416666666678,120,118,0.9833333333333332,AMS-4480498-0|qp30
2.5,50.0,30.0,4.0,19,1.39,0.48,1.2177982017982265,10010,0.0834166666666678,120,118,0.9833333333333332,AMS-4480498-0|qp30
3.6,50.0,18.0,4.0,1,1.39,0.48,1.1909043536728692,11898,0.0688541666666671,72,72,1.0,AMS-4480626-0|qp18
3.6,50.0,18.0,4.0,13,1.39,0.48,1.1495033086183846,12543,0.0725868055555559,72,72,1.0,AMS-4480626-0|qp18
3.6,50.0,18.0,4.0,25,1.39,0.48,1.1576140912730284,12490,0.0722800925925938,72,71,0.9861111111111112,AMS-4480626-0|qp18
3.6,50.0,43.0,4.0,7,1.39,0.48,1.010274871794879,34125,0.1974826388888887,172,172,1.0,AMS-4480626-0|qp43
3.6,50.0,43.0,4.0,19,1.39,0.48,1.065107904758968,32297,0.1869039351851832,172,173,1.005813953488372,AMS-4480626-0|qp43
3.6,50.0,18.0,4.0,1,1.39,0.48,1.296720064435266,11174,0.0646643518518519,72,73,1.0138888888888888,AMS-4480644-0|qp18
3.6,50.0,18.0,4.0,13,1.39,0.48,1.2619818574514363,11575,0.0669849537037035,72,72,1.0,AMS-4480644-0|qp18
3.6,50.0,18.0,4.0,25,1.39,0.48,1.2717047619047528,11550,0.0668402777777783,72,71,0.9861111111111112,AMS-4480644-0|qp18
3.6,50.0,43.0,4.0,7,1.39,0.48,1.1871150551634095,29186,0.168900462962962,172,169,0.9825581395348836,AMS-4480644-0|qp43
3.6,50.0,43.0,4.0,19,1.39,0.48,1.255674755523322,27610,0.1597800925925915,172,173,1.005813953488372,AMS-4480644-0|qp43
2.5,50.0,12.0,4.0,1,1.39,0.48,1.2893253698927634,7367,0.0613916666666677,48,46,0.9583333333333334,AMS-4495978-0|qp12
2.5,50.0,12.0,4.0,13,1.39,0.48,1.268314797854214,7643,0.0636916666666679,48,49,1.0208333333333333,AMS-4495978-0|qp12
2.5,50.0,12.0,4.0,25,1.39,0.48,1.2702500982061002,7637,0.0636416666666674,48,48,1.0,AMS-4495978-0|qp12
2.5,50.0,30.0,4.0,7,1.39,0.48,1.1839275942934793,20468,0.1705666666666689,120,118,0.9833333333333332,AMS-4495978-0|qp30
2.5,50.0,30.0,4.0,19,1.39,0.48,1.2508517023698384,19326,0.1610499999999999,120,120,1.0,AMS-4495978-0|qp30
2.5,50.0,12.0,4.0,1,1.39,0.48,1.1539800581636634,7221,0.060175000000001,48,48,1.0,AMS-4495979-0|qp12
2.5,50.0,12.0,4.0,13,1.39,0.48,1.1408594704684498,7365,0.0613750000000008,48,48,1.0,AMS-4495979-0|qp12
2.5,50.0,12.0,4.0,25,1.39,0.48,1.1539134615384408,7280,0.060666666666668,48,47,0.9791666666666666,AMS-4495979-0|qp12
2.5,50.0,30.0,4.0,7,1.39,0.48,1.1438085573230905,18230,0.1519166666666664,120,123,1.025,AMS-4495979-0|qp30
2.5,50.0,30.0,4.0,19,1.39,0.48,1.1298438920075022,18705,0.1558749999999994,120,123,1.025,AMS-4495979-0|qp30
2.5,50.0,12.0,4.0,1,1.39,0.48,1.0994197836863364,8876,0.0739666666666671,48,46,0.9583333333333334,AMS-4496429-0|qp12
2.5,50.0,12.0,4.0,13,1.39,0.48,1.1012249468144375,8931,0.0744250000000001,48,47,0.9791666666666666,AMS-4496429-0|qp12
2.5,50.0,12.0,4.0,25,1.39,0.48,1.0812486332823037,9146,0.0762166666666684,48,47,0.9791666666666666,AMS-4496429-0|qp12
2.5,50.0,30.0,4.0,7,1.39,0.48,0.9380484120690028,26481,0.2206750000000021,120,117,0.975,AMS-4496429-0|qp30
2.5,50.0,30.0,4.0,19,1.39,0.48,0.950966463414601,26240,0.2186666666666718,120,120,1.0,AMS-4496429-0|qp30
2.5,50.0,12.0,4.0,1,1.39,0.48,1.29658253751705,7330,0.0610833333333346,48,46,0.9583333333333334,AMS-7370864-0|qp12
2.5,50.0,12.0,4.0,13,1.39,0.48,1.2808152461619526,7556,0.0629666666666677,48,49,1.0208333333333333,AMS-7370864-0|qp12
2.5,50.0,12.0,4.0,25,1.39,0.48,1.2783031105228284,7555,0.0629583333333342,48,48,1.0,AMS-7370864-0|qp12
2.5,50.0,30.0,4.0,7,1.39,0.48,1.2005562453438534,20135,0.167791666666668,120,118,0.9833333333333332,AMS-7370864-0|qp30
2.5,50.0,30.0,4.0,19,1.39,0.48,1.261338182959974,19108,0.159233333333334,120,120,1.0,AMS-7370864-0|qp30
4.0,50.0,80.0,4.0,1,1.39,0.48,0.960209221988534,66580,0.3467708333333323,320,310,0.96875,AMS-7371505-0|qp80
4.0,50.0,80.0,4.0,13,1.39,0.48,1.014539039132647,64192,0.3343333333333328,320,322,1.00625,AMS-7371505-0|qp80
4.0,50.0,80.0,4.0,25,1.39,0.48,1.024090340179652,62320,0.3245833333333346,320,318,0.99375,AMS-7371505-0|qp80
4.0,50.0,100.0,4.0,7,1.39,0.48,0.8799441504041619,92391,0.4812031250000041,400,406,1.015,AMS-7371505-3|qp100
4.0,50.0,100.0,4.0,19,1.39,0.48,0.8467042215142118,95416,0.4969583333333383,400,395,0.9875,AMS-7371505-3|qp100
4.0,50.0,60.0,4.0,1,1.39,0.48,1.12656313020111,43141,0.2246927083333329,240,242,1.0083333333333333,AMS-7371505-3|qp60
4.0,50.0,60.0,4.0,13,1.39,0.48,1.162267490800651,41579,0.2165572916666656,240,242,1.0083333333333333,AMS-7371505-3|qp60
4.0,50.0,60.0,4.0,25,1.39,0.48,1.1014899759057497,43994,0.2291354166666637,240,238,0.9916666666666668,AMS-7371505-3|qp60
2.5,50.0,38.0,4.0,7,1.39,0.48,1.1690037478966322,26148,0.2179000000000036,152,153,1.006578947368421,LON-4082553-0|qp38
2.5,50.0,38.0,4.0,19,1.39,0.48,1.2312148148147977,24975,0.2081250000000039,152,147,0.9671052631578948,LON-4082553-0|qp38
2.5,50.0,62.0,4.0,1,1.39,0.48,1.0630709889555687,47444,0.3953666666666672,248,247,0.995967741935484,LON-4082553-0|qp62
2.5,50.0,62.0,4.0,13,1.39,0.48,1.106361065966017,44917,0.3743083333333338,248,248,1.0,LON-4082553-0|qp62
2.5,50.0,62.0,4.0,25,1.39,0.48,0.9213758744178064,53893,0.4491083333333346,248,246,0.9919354838709676,LON-4082553-0|qp62
2.5,50.0,38.0,4.0,7,1.39,0.48,1.1760344299923946,26140,0.2178333333333362,152,154,1.013157894736842,LON-4082554-0|qp38
2.5,50.0,38.0,4.0,19,1.39,0.48,1.259319058167141,24378,0.2031500000000022,152,153,1.006578947368421,LON-4082554-0|qp38
2.5,50.0,62.0,4.0,1,1.39,0.48,1.0885090575356522,45763,0.3813583333333329,248,249,1.0040322580645162,LON-4082554-0|qp62
2.5,50.0,62.0,4.0,13,1.39,0.48,1.0703934043105172,46212,0.3851000000000015,248,242,0.9758064516129032,LON-4082554-0|qp62
2.5,50.0,62.0,4.0,25,1.39,0.48,0.7374237123616926,49451,0.4120916666666681,75,130,1.7333333333333334,LON-4082554-0|qp62
2.5,50.0,38.0,4.0,7,1.39,0.48,1.1625906853464811,26410,0.220083333333336,152,154,1.013157894736842,LON-4082592-0|qp38
2.5,50.0,38.0,4.0,19,1.39,0.48,1.2570333907621174,24378,0.2031500000000024,152,155,1.019736842105263,LON-4082592-0|qp38
2.5,50.0,62.0,4.0,1,1.39,0.48,1.0872109292503702,45456,0.3787999999999997,248,249,1.0040322580645162,LON-4082592-0|qp62
2.5,50.0,62.0,4.0,13,1.39,0.48,1.1111536833662434,44891,0.3740916666666719,248,249,1.0040322580645162,LON-4082592-0|qp62
2.5,50.0,62.0,4.0,25,1.39,0.48,0.9610432837784412,53207,0.443391666666675,248,246,0.9919354838709676,LON-4082592-0|qp62
2.5,50.0,50.0,4.0,7,1.39,0.48,1.2491927176907185,8349,0.0695750000000007,103,119,1.1553398058252426,SIN-1105987650-1|qp50
2.5,50.0,50.0,4.0,19,1.39,0.48,1.2262028254288546,9910,0.0825833333333341,186,140,0.7526881720430108,SIN-1105987650-1|qp50
2.0,50.0,10.0,4.0,1,1.39,0.48,1.2126329588014877,2670,0.0278124999999993,40,41,1.025,SIN-131164229-0|qp10
2.0,50.0,10.0,4.0,13,1.39,0.48,1.2258605003790823,2638,0.0274791666666658,40,40,1.0,SIN-131164229-0|qp10
2.0,50.0,10.0,4.0,25,1.39,0.48,1.227838461538452,2600,0.0270833333333325,40,40,1.0,SIN-131164229-0|qp10
2.0,50.0,24.0,4.0,7,1.39,0.48,1.1684827898550885,6624,0.0689999999999993,96,96,1.0,SIN-131164229-0|qp24
2.0,50.0,24.0,4.0,19,1.39,0.48,1.2114447236180832,6368,0.0663333333333334,96,97,1.0104166666666667,SIN-131164229-0|qp24
1.8,50.0,22.0,4.0,1,1.39,0.48,1.0446928171748326,17514,0.2027083333333396,86,88,1.0232558139534884,SIN-139715353-1|qp22
1.8,50.0,22.0,4.0,13,1.39,0.48,1.0739563881337928,16922,0.1958564814814887,88,88,1.0,SIN-139715353-1|qp22
1.8,50.0,22.0,4.0,25,1.39,0.48,1.0421507449605345,17115,0.1980902777777842,88,85,0.9659090909090908,SIN-139715353-1|qp22
1.8,50.0,9.0,4.0,7,1.39,0.48,1.174244569589661,6215,0.0719328703703699,36,36,1.0,SIN-139715353-1|qp9
1.8,50.0,9.0,4.0,19,1.39,0.48,1.2195136929460728,6025,0.0697337962962954,36,36,1.0,SIN-139715353-1|qp9
3.0,50.0,15.0,4.0,1,1.39,0.48,1.2146996817819868,10056,0.0698333333333328,60,61,1.0166666666666666,SIN-1464509030-0|qp15
3.0,50.0,15.0,4.0,13,1.39,0.48,1.202584314508073,10022,0.0695972222222212,60,60,1.0,SIN-1464509030-0|qp15
3.0,50.0,15.0,4.0,25,1.39,0.48,1.2373980008159593,9804,0.0680833333333327,60,60,1.0,SIN-1464509030-0|qp15
3.0,50.0,36.0,4.0,7,1.39,0.48,1.1079049832368195,26248,0.1822777777777774,144,143,0.9930555555555556,SIN-1464509030-0|qp36
3.0,50.0,36.0,4.0,19,1.39,0.48,1.1767246329922705,24727,0.1717152777777774,144,144,1.0,SIN-1464509030-0|qp36
2.0,50.0,10.0,4.0,1,1.39,0.48,1.2939077167859667,6285,0.0654687499999992,40,38,0.95,SIN-166571436-2|qp10
2.0,50.0,10.0,4.0,13,1.39,0.48,1.2886769327467398,6364,0.0662916666666673,40,40,1.0,SIN-166571436-2|qp10
2.0,50.0,10.0,4.0,25,1.39,0.48,1.2947775628625997,6204,0.0646250000000001,40,39,0.975,SIN-166571436-2|qp10
2.0,50.0,24.0,4.0,7,1.39,0.48,1.2540917407213548,15304,0.159416666666666,96,95,0.9895833333333334,SIN-166571436-2|qp24
2.0,50.0,24.0,4.0,19,1.39,0.48,1.2860948349977086,15121,0.1575104166666655,96,98,1.0208333333333333,SIN-166571436-2|qp24
2.0,50.0,10.0,4.0,1,1.39,0.48,1.2298769692422775,6665,0.0694270833333324,40,39,0.975,SIN-166571436-3|qp10
2.0,50.0,10.0,4.0,13,1.39,0.48,1.256815042210317,6515,0.0678645833333338,40,41,1.025,SIN-166571436-3|qp10
2.0,50.0,10.0,4.0,25,1.39,0.48,1.2219155990956372,6635,0.0691145833333327,40,39,0.975,SIN-166571436-3|qp10
2.0,50.0,24.0,4.0,7,1.39,0.48,1.179523664679385,16438,0.1712291666666668,96,94,0.9791666666666666,SIN-166571436-3|qp24
2.0,50.0,24.0,4.0,19,1.39,0.48,1.2007387573784438,16433,0.1711770833333319,96,97,1.0104166666666667,SIN-166571436-3|qp24
1.8,50.0,22.0,4.0,1,1.39,0.48,1.2094452722839493,14764,0.1708796296296351,88,87,0.9886363636363636,SIN-170969415-0|qp22
1.8,50.0,22.0,4.0,13,1.39,0.48,1.20918994223584,14715,0.1703125000000042,88,88,1.0,SIN-170969415-0|qp22
1.8,50.0,22.0,4.0,25,1.39,0.48,1.167209302325547,15222,0.1761805555555586,88,87,0.9886363636363636,SIN-170969415-0|qp22
1.8,50.0,9.0,4.0,7,1.39,0.48,1.2165865464863537,5991,0.069340277777777,36,36,1.0,SIN-170969415-0|qp9
1.8,50.0,9.0,4.0,19,1.39,0.48,1.3038522522522764,5550,0.0642361111111099,36,36,1.0,SIN-170969415-0|qp9
2.0,50.0,10.0,4.0,1,1.39,0.48,1.2689915572232295,6396,0.0666249999999993,40,40,1.0,SIN-190681368-0|qp10
2.0,50.0,10.0,4.0,13,1.39,0.48,1.2735283048455774,6377,0.0664270833333339,40,41,1.025,SIN-190681368-0|qp10
2.0,50.0,10.0,4.0,25,1.39,0.48,1.272314375987292,6330,0.0659374999999999,40,40,1.0,SIN-190681368-0|qp10
2.0,50.0,24.0,4.0,7,1.39,0.48,1.179307004011061,16205,0.1688020833333333,96,96,1.0,SIN-190681368-0|qp24
2.0,50.0,24.0,4.0,19,1.39,0.48,1.1973412067066345,16342,0.170229166666665,96,97,1.0104166666666667,SIN-190681368-0|qp24
2.0,50.0,10.0,4.0,1,1.39,0.48,1.2481379100850165,6584,0.0685833333333328,40,40,1.0,SIN-197634752-1|qp10
2.0,50.0,10.0,4.0,13,1.39,0.48,1.2804162739554268,6366,0.0663125000000011,40,41,1.025,SIN-197634752-1|qp10
2.0,50.0,10.0,4.0,25,1.39,0.48,1.2373599632689871,6534,0.0680624999999993,40,39,0.975,SIN-197634752-1|qp10
2.0,50.0,24.0,4.0,7,1.39,0.48,1.1687921772197427,16567,0.172572916666666,96,95,0.9895833333333334,SIN-197634752-1|qp24
2.0,50.0,24.0,4.0,19,1.39,0.48,1.185852176027219,16452,0.1713750000000002,96,97,1.0104166666666667,SIN-197634752-1|qp24
2.0,50.0,10.0,4.0,1,1.39,0.48,1.2790366179474728,6363,0.0662812499999994,40,39,0.975,SIN-198571185-1|qp10
2.0,50.0,10.0,4.0,13,1.39,0.48,1.2805601757414495,6373,0.0663854166666676,40,41,1.025,SIN-198571185-1|qp10
2.0,50.0,10.0,4.0,25,1.39,0.48,1.2695276461294722,6330,0.0659374999999996,40,39,0.975,SIN-198571185-1|qp10
2.0,50.0,24.0,4.0,7,1.39,0.48,1.1844162840526349,16335,0.1701562499999993,96,94,0.9791666666666666,SIN-198571185-1|qp24
2.0,50.0,24.0,4.0,19,1.39,0.48,1.2190669916260368,16002,0.1666874999999985,96,99,1.03125,SIN-198571185-1|qp24
2.0,50.0,10.0,4.0,1,1.39,0.48,1.2776369376479488,6335,0.0659895833333328,40,39,0.975,SIN-198571185-2|qp10
2.0,50.0,10.0,4.0,13,1.39,0.48,1.24933108832087,6533,0.0680520833333336,40,41,1.025,SIN-198571185-2|qp10
2.0,50.0,10.0,4.0,25,1.39,0.48,1.2689578398862402,6333,0.0659687499999996,40,39,0.975,SIN-198571185-2|qp10
2.0,50.0,24.0,4.0,7,1.39,0.48,1.203945861854344,16070,0.1673958333333353,96,94,0.9791666666666666,SIN-198571185-2|qp24
2.0,50.0,24.0,4.0,19,1.39,0.48,1.2143333333333208,16080,0.1674999999999985,96,99,1.03125,SIN-198571185-2|qp24
2.0,50.0,10.0,4.0,1,1.39,0.48,1.2818281101614055,6318,0.0658124999999994,40,39,0.975,SIN-198571185-3|qp10
2.0,50.0,10.0,4.0,13,1.39,0.48,1.249901990811675,6530,0.0680208333333336,40,41,1.025,SIN-198571185-3|qp10
2.0,50.0,10.0,4.0,25,1.39,0.48,1.2693981042653315,6330,0.0659374999999996,40,39,0.975,SIN-198571185-3|qp10
2.0,50.0,24.0,4.0,7,1.39,0.48,1.2135627352572118,15940,0.1660416666666663,96,94,0.9791666666666666,SIN-198571185-3|qp24
2.0,50.0,24.0,4.0,19,1.39,0.48,1.2120336457880518,16109,0.1678020833333317,96,98,1.0208333333333333,SIN-198571185-3|qp24
2.0,50.0,10.0,4.0,1,1.39,0.48,1.2681097941359556,6412,0.0667916666666656,40,38,0.95,SIN-200167221-1|qp10
2.0,50.0,10.0,4.0,13,1.39,0.48,1.2853820598007044,6321,0.0658437500000007,40,40,1.0,SIN-200167221-1|qp10
2.0,50.0,10.0,4.0,25,1.39,0.48,1.2591134473559664,6373,0.0663854166666666,40,40,1.0,SIN-200167221-1|qp10
2.0,50.0,24.0,4.0,7,1.39,0.48,1.1806105378838674,16379,0.1706145833333333,96,96,1.0,SIN-200167221-1|qp24
2.0,50.0,24.0,4.0,19,1.39,0.48,1.2103330428286805,16064,0.1673333333333323,96,96,1.0,SIN-200167221-1|qp24
2.0,50.0,10.0,4.0,1,1.39,0.48,1.1984451219511756,6888,0.0717499999999989,40,41,1.025,SIN-200171267-0|qp10
2.0,50.0,10.0,4.0,13,1.39,0.48,1.1657974107270157,7029,0.0732187499999998,40,40,1.0,SIN-200171267-0|qp10
2.0,50.0,10.0,4.0,25,1.39,0.48,1.1826259253882396,6889,0.0717604166666655,40,39,0.975,SIN-200171267-0|qp10
2.0,50.0,24.0,4.0,7,1.39,0.48,1.1570859977290393,16733,0.1743020833333319,96,98,1.0208333333333333,SIN-200171267-0|qp24
2.0,50.0,24.0,4.0,19,1.39,0.48,1.1599917598587073,16990,0.1769791666666669,96,96,1.0,SIN-200171267-0|qp24
2.0,50.0,10.0,4.0,1,1.39,0.48,1.1945867052022834,6920,0.0720833333333328,40,40,1.0,SIN-200171267-2|qp10
2.0,50.0,10.0,4.0,13,1.39,0.48,1.2042325649256198,6854,0.0713958333333337,40,41,1.025,SIN-200171267-2|qp10
2.0,50.0,10.0,4.0,25,1.39,0.48,1.196938745603691,6824,0.071083333333333,40,39,0.975,SIN-200171267-2|qp10
2.0,50.0,24.0,4.0,7,1.39,0.48,1.13563431966448,17168,0.178833333333334,96,95,0.9895833333333334,SIN-200171267-2|qp24
2.0,50.0,24.0,4.0,19,1.39,0.48,1.1572141566089251,17151,0.1786562500000002,96,95,0.9895833333333334,SIN-200171267-2|qp24
2.0,50.0,10.0,4.0,1,1.39,0.48,1.2099955357142558,6720,0.0699999999999993,40,39,0.975,SIN-200171268-0|qp10
2.0,50.0,10.0,4.0,13,1.39,0.48,1.21291771310389,6769,0.070510416666667,40,41,1.025,SIN-200171268-0|qp10
2.0,50.0,10.0,4.0,25,1.39,0.48,1.199446181330888,6717,0.0699687499999997,40,40,1.0,SIN-200171268-0|qp10
2.0,50.0,24.0,4.0,7,1.39,0.48,1.123304146129276,17245,0.1796354166666673,96,94,0.9791666666666666,SIN-200171268-0|qp24
2.0,50.0,24.0,4.0,19,1.39,0.48,1.1535153643546885,17085,0.177968749999999,96,96,1.0,SIN-200171268-0|qp24
2.0,50.0,10.0,4.0,1,1.39,0.48,1.233246753246725,6622,0.0689791666666659,40,39,0.975,SIN-200171268-4|qp10
2.0,50.0,10.0,4.0,13,1.39,0.48,1.2267080095636895,6692,0.0697083333333336,40,41,1.025,SIN-200171268-4|qp10
2.0,50.0,10.0,4.0,25,1.39,0.48,1.245198224399137,6533,0.0680520833333327,40,40,1.0,SIN-200171268-4|qp10
2.0,50.0,24.0,4.0,7,1.39,0.48,1.160544575147789,16747,0.1744479166666664,96,94,0.9791666666666666,SIN-200171268-4|qp24
2.0,50.0,24.0,4.0,19,1.39,0.48,1.1537885592719523,16922,0.1762708333333308,96,95,0.9895833333333334,SIN-200171268-4|qp24
1.8,50.0,27.0,4.0,1,1.39,0.48,1.1573107007928565,18793,0.2175115740740779,108,109,1.0092592592592593,SIN-22811726-0|qp27
1.8,50.0,27.0,4.0,13,1.39,0.48,1.100813499999958,20000,0.2314814814814841,108,110,1.0185185185185186,SIN-22811726-0|qp27
1.8,50.0,27.0,4.0,25,1.39,0.48,1.1239730258416158,19426,0.2248379629629658,108,108,1.0,SIN-22811726-0|qp27
1.8,50.0,27.0,4.0,7,1.39,0.48,1.0688336463378247,20234,0.2341898148148157,108,107,0.9907407407407408,SIN-22811727-0|qp27
1.8,50.0,27.0,4.0,19,1.39,0.48,1.1024991247811924,19995,0.2314236111111141,108,106,0.9814814814814816,SIN-22811727-0|qp27
1.8,50.0,27.0,4.0,1,1.39,0.48,1.1393479014914918,5766,0.0667361111111099,108,109,1.0092592592592593,SIN-22811728-0|qp27
1.8,50.0,27.0,4.0,13,1.39,0.48,1.1438104414856298,5708,0.0660648148148139,108,108,1.0,SIN-22811728-0|qp27
1.8,50.0,27.0,4.0,25,1.39,0.48,1.1556544780074216,5661,0.0655208333333329,108,109,1.0092592592592593,SIN-22811728-0|qp27
1.8,50.0,45.0,4.0,7,1.39,0.48,1.0401166761525278,10542,0.1220138888888883,180,175,0.9722222222222222,SIN-22811728-0|qp45
1.8,50.0,45.0,4.0,19,1.39,0.48,1.0754941406250142,10240,0.1185185185185181,180,180,1.0,SIN-22811728-0|qp45
1.8,50.0,22.0,4.0,1,1.39,0.48,1.1411440971130289,15899,0.1840162037037101,88,87,0.9886363636363636,SIN-22928582-0|qp22
1.8,50.0,22.0,4.0,13,1.39,0.48,1.1424378171793734,15961,0.1847337962963037,88,87,0.9886363636363636,SIN-22928582-0|qp22
1.8,50.0,22.0,4.0,25,1.39,0.48,1.0987888349514372,16480,0.1907407407407468,88,86,0.9772727272727272,SIN-22928582-0|qp22
1.8,50.0,9.0,4.0,7,1.39,0.48,1.1849879051765386,6201,0.0717708333333332,36,36,1.0,SIN-22928582-0|qp9
1.8,50.0,9.0,4.0,19,1.39,0.48,1.2343185632762883,5958,0.0689583333333325,36,36,1.0,SIN-22928582-0|qp9
1.8,50.0,22.0,4.0,1,1.39,0.48,1.1296090010567712,16087,0.1861921296296368,88,89,1.0113636363636365,SIN-22928582-1|qp22
1.8,50.0,22.0,4.0,13,1.39,0.48,1.134774656679149,16020,0.1854166666666736,88,87,0.9886363636363636,SIN-22928582-1|qp22
1.8,50.0,22.0,4.0,25,1.39,0.48,1.1277300613496557,15974,0.1848842592592632,88,87,0.9886363636363636,SIN-22928582-1|qp22
1.8,50.0,9.0,4.0,7,1.39,0.48,1.179332688587963,6204,0.0718055555555552,36,36,1.0,SIN-22928582-1|qp9
1.8,50.0,9.0,4.0,19,1.39,0.48,1.2077217477004147,6088,0.0704629629629621,36,36,1.0,SIN-22928582-1|qp9
1.8,50.0,22.0,4.0,1,1.39,0.48,1.1070901016000547,16437,0.1902430555555627,88,87,0.9886363636363636,SIN-22928582-2|qp22
1.8,50.0,22.0,4.0,13,1.39,0.48,1.1276171875000105,16128,0.186666666666674,88,87,0.9886363636363636,SIN-22928582-2|qp22
1.8,50.0,22.0,4.0,25,1.39,0.48,1.1012660852594836,16397,0.1897800925925997,88,86,0.9772727272727272,SIN-22928582-2|qp22
1.8,50.0,9.0,4.0,7,1.39,0.48,1.170686415034197,6279,0.0726736111111109,36,36,1.0,SIN-22928582-2|qp9
1.8,50.0,9.0,4.0,19,1.39,0.48,1.2013873021054546,6127,0.0709143518518512,36,36,1.0,SIN-22928582-2|qp9
3.0,50.0,15.0,4.0,1,1.39,0.48,0.94354904477835,13243,0.0919652777777775,60,59,0.9833333333333332,SIN-546209379-0|qp15
3.0,50.0,15.0,4.0,13,1.39,0.48,0.935086161087036,13173,0.0914791666666663,60,57,0.95,SIN-546209379-0|qp15
3.0,50.0,15.0,4.0,25,1.39,0.48,0.8967535750396849,13846,0.0961527777777776,60,58,0.9666666666666668,SIN-546209379-0|qp15
3.0,50.0,36.0,4.0,7,1.39,0.48,0.8425321647283388,35598,0.2472083333333272,144,144,1.0,SIN-546209379-0|qp36
3.0,50.0,36.0,4.0,19,1.39,0.48,0.7674611886068393,39357,0.2733124999999988,144,140,0.9722222222222222,SIN-546209379-0|qp36
3.0,50.0,15.0,4.0,1,1.39,0.48,1.2838285774454543,9497,0.0659513888888883,60,57,0.95,SIN-546209379-1|qp15
3.0,50.0,15.0,4.0,13,1.39,0.48,1.272063458262337,9392,0.0652222222222214,60,60,1.0,SIN-546209379-1|qp15
3.0,50.0,15.0,4.0,25,1.39,0.48,1.2907736511652024,9397,0.0652569444444435,60,59,0.9833333333333332,SIN-546209379-1|qp15
3.0,50.0,36.0,4.0,7,1.39,0.48,1.2002455366431817,24029,0.1668680555555553,144,141,0.9791666666666666,SIN-546209379-1|qp36
3.0,50.0,36.0,4.0,19,1.39,0.48,1.2728488550959882,22753,0.1580069444444432,144,145,1.0069444444444444,SIN-546209379-1|qp36
3.0,50.0,15.0,4.0,1,1.39,0.48,1.280407862924365,9513,0.0660624999999994,60,57,0.95,SIN-546209379-2|qp15
3.0,50.0,15.0,4.0,13,1.39,0.48,1.281092157493818,9321,0.0647291666666657,60,61,1.0166666666666666,SIN-546209379-2|qp15
3.0,50.0,15.0,4.0,25,1.39,0.48,1.2984205447136514,9326,0.0647638888888881,60,60,1.0,SIN-546209379-2|qp15
3.0,50.0,36.0,4.0,7,1.39,0.48,1.1984148067954226,24016,0.1667777777777767,144,140,0.9722222222222222,SIN-546209379-2|qp36
3.0,50.0,36.0,4.0,19,1.39,0.48,1.2765102031821582,22689,0.1575624999999983,144,144,1.0,SIN-546209379-2|qp36
1.8,50.0,22.0,4.0,1,1.39,0.48,1.1612367262367496,15444,0.1787500000000046,88,90,1.0227272727272727,SIN-74587409-1|qp22
1.8,50.0,22.0,4.0,13,1.39,0.48,1.155388247304289,15673,0.1814004629629704,88,88,1.0,SIN-74587409-1|qp22
1.8,50.0,22.0,4.0,25,1.39,0.48,1.1304309308358869,15803,0.1829050925925973,88,86,0.9772727272727272,SIN-74587409-1|qp22
1.8,50.0,9.0,4.0,7,1.39,0.48,1.237588628189714,5839,0.0675810185185179,36,36,1.0,SIN-74587409-1|qp9
1.8,50.0,9.0,4.0,19,1.39,0.48,1.3065055223610562,5523,0.0639236111111103,36,36,1.0,SIN-74587409-1|qp9
1.8,50.0,22.0,4.0,1,1.39,0.48,1.1814608374059163,15142,0.1752546296296352,88,91,1.0340909090909092,SIN-74587409-2|qp22
1.8,50.0,22.0,4.0,13,1.39,0.48,1.1550165879801055,15674,0.1814120370370444,88,88,1.0,SIN-74587409-2|qp22
1.8,50.0,22.0,4.0,25,1.39,0.48,1.1426876404494035,15575,0.1802662037037078,88,88,1.0,SIN-74587409-2|qp22
1.8,50.0,9.0,4.0,7,1.39,0.48,1.23744349315064,5840,0.067592592592592,36,36,1.0,SIN-74587409-2|qp9
1.8,50.0,9.0,4.0,19,1.39,0.48,1.3062081447964036,5525,0.0639467592592584,36,36,1.0,SIN-74587409-2|qp9
2.5,50.0,12.0,4.0,1,1.39,0.48,1.314662929030491,7313,0.0609416666666681,48,46,0.9583333333333334,TYO-1323228545-3|qp12
2.5,50.0,12.0,4.0,13,1.39,0.48,1.2902147362769645,7451,0.0620916666666676,48,49,1.0208333333333333,TYO-1323228545-3|qp12
2.5,50.0,12.0,4.0,25,1.39,0.48,1.2947138817826784,7427,0.0618916666666673,48,48,1.0,TYO-1323228545-3|qp12
2.5,50.0,30.0,4.0,7,1.39,0.48,1.2170104717364727,19672,0.1639333333333351,120,117,0.975,TYO-1323228545-3|qp30
2.5,50.0,30.0,4.0,19,1.39,0.48,1.2743049374866704,18876,0.1572999999999997,120,118,0.9833333333333332,TYO-1323228545-3|qp30
2.5,50.0,50.0,4.0,8,1.39,0.48,1.0180263364574182,38198,0.3183166666666636,174,178,1.0229885057471264,AMS-1073074102-0|qp50
2.5,50.0,50.0,4.0,20,1.39,0.48,1.0779656756757443,37000,0.3083333333333346,198,190,0.9595959595959596,AMS-1073074102-0|qp50
1.2,50.0,14.0,4.0,2,1.39,0.48,1.1988453276046858,9310,0.1616319444444453,56,58,1.0357142857142858,AMS-244428233-0|qp14
1.2,50.0,14.0,4.0,14,1.39,0.48,1.2313434796890663,9133,0.1585590277777783,56,58,1.0357142857142858,AMS-244428233-0|qp14
1.2,50.0,14.0,4.0,26,1.39,0.48,1.2419664951275402,9133,0.1585590277777788,56,57,1.0178571428571428,AMS-244428233-0|qp14
1.2,50.0,6.0,4.0,8,1.39,0.48,1.2751435281837422,3832,0.0665277777777777,24,25,1.0416666666666667,AMS-244428233-0|qp6
1.2,50.0,6.0,4.0,20,1.39,0.48,1.3107559860102065,3717,0.06453125,24,24,1.0,AMS-244428233-0|qp6
2.5,50.0,12.0,4.0,2,1.39,0.48,1.2301926977687705,3944,0.0328666666666671,48,48,1.0,AMS-4480498-0|qp12
2.5,50.0,12.0,4.0,14,1.39,0.48,1.254988393087458,3877,0.0323083333333338,48,47,0.9791666666666666,AMS-4480498-0|qp12
2.5,50.0,12.0,4.0,26,1.39,0.48,1.2576956745623051,3884,0.032366666666667,48,48,1.0,AMS-4480498-0|qp12
2.5,50.0,30.0,4.0,8,1.39,0.48,1.1803735881841748,10359,0.086325000000001,120,120,1.0,AMS-4480498-0|qp30
2.5,50.0,30.0,4.0,20,1.39,0.48,1.2440434026000426,9769,0.0814083333333335,120,122,1.0166666666666666,AMS-4480498-0|qp30
3.6,50.0,18.0,4.0,2,1.39,0.48,1.17466644892632,12247,0.070873842592593,72,74,1.0277777777777777,AMS-4480626-0|qp18
3.6,50.0,18.0,4.0,14,1.39,0.48,1.1985048477632023,11758,0.068043981481482,72,72,1.0,AMS-4480626-0|qp18
3.6,50.0,18.0,4.0,26,1.39,0.48,1.211605391111521,11723,0.0678414351851853,72,73,1.0138888888888888,AMS-4480626-0|qp18
3.6,50.0,43.0,4.0,8,1.39,0.48,0.9894766258706824,34889,0.2019039351851842,172,174,1.0116279069767442,AMS-4480626-0|qp43
3.6,50.0,43.0,4.0,20,1.39,0.48,1.0234966317815524,33252,0.1924305555555548,172,170,0.9883720930232558,AMS-4480626-0|qp43
3.6,50.0,18.0,4.0,2,1.39,0.48,1.309030653766217,11059,0.0639988425925922,72,73,1.0138888888888888,AMS-4480644-0|qp18
3.6,50.0,18.0,4.0,14,1.39,0.48,1.3027554461762518,10971,0.0634895833333328,72,73,1.0138888888888888,AMS-4480644-0|qp18
3.6,50.0,18.0,4.0,26,1.39,0.48,1.3058457106850798,11109,0.0642881944444437,72,72,1.0,AMS-4480644-0|qp18
3.6,50.0,43.0,4.0,8,1.39,0.48,1.2076168175306312,28613,0.1655844907407406,172,175,1.0174418604651163,AMS-4480644-0|qp43
3.6,50.0,43.0,4.0,20,1.39,0.48,1.2170439230904844,28345,0.1640335648148141,172,170,0.9883720930232558,AMS-4480644-0|qp43
2.5,50.0,12.0,4.0,2,1.39,0.48,1.2424871729091371,7796,0.0649666666666676,48,48,1.0,AMS-4495978-0|qp12
2.5,50.0,12.0,4.0,14,1.39,0.48,1.313802624384823,7316,0.0609666666666678,48,47,0.9791666666666666,AMS-4495978-0|qp12
2.5,50.0,12.0,4.0,26,1.39,0.48,1.310272320823759,7381,0.0615083333333339,48,48,1.0,AMS-4495978-0|qp12
2.5,50.0,30.0,4.0,8,1.39,0.48,1.1888202302470074,20326,0.1693833333333347,120,121,1.0083333333333333,AMS-4495978-0|qp30
2.5,50.0,30.0,4.0,20,1.39,0.48,1.2462685567010237,19400,0.1616666666666669,120,122,1.0166666666666666,AMS-4495978-0|qp30
2.5,50.0,12.0,4.0,2,1.39,0.48,1.121046696736521,7538,0.0628166666666675,48,50,1.0416666666666667,AMS-4495979-0|qp12
2.5,50.0,12.0,4.0,14,1.39,0.48,1.131946091644197,7420,0.0618333333333344,48,48,1.0,AMS-4495979-0|qp12
2.5,50.0,12.0,4.0,26,1.39,0.48,1.1522839673913057,7360,0.0613333333333345,48,48,1.0,AMS-4495979-0|qp12
2.5,50.0,30.0,4.0,8,1.39,0.48,1.1105129966187697,18928,0.1577333333333335,120,119,0.9916666666666668,AMS-4495979-0|qp30
2.5,50.0,30.0,4.0,20,1.39,0.48,1.1087124980365024,19099,0.1591583333333349,120,120,1.0,AMS-4495979-0|qp30
2.5,50.0,12.0,4.0,2,1.39,0.48,1.0775024316437585,9253,0.0771083333333345,48,47,0.9791666666666666,AMS-4496429-0|qp12
2.5,50.0,12.0,4.0,14,1.39,0.48,1.1426217580095697,8521,0.0710083333333343,48,47,0.9791666666666666,AMS-4496429-0|qp12
2.5,50.0,12.0,4.0,26,1.39,0.48,1.131343097184384,8808,0.0734000000000014,48,49,1.0208333333333333,AMS-4496429-0|qp12
2.5,50.0,30.0,4.0,8,1.39,0.48,0.911601365336456,27539,0.2294916666666708,120,121,1.0083333333333333,AMS-4496429-0|qp30
2.5,50.0,30.0,4.0,20,1.39,0.48,0.9509851670616936,26158,0.2179833333333366,120,121,1.0083333333333333,AMS-4496429-0|qp30
2.5,50.0,12.0,4.0,2,1.39,0.48,1.2754968454258253,7608,0.0634000000000008,48,48,1.0,AMS-7370864-0|qp12
2.5,50.0,12.0,4.0,14,1.39,0.48,1.3130835734869544,7287,0.0607250000000013,48,47,0.9791666666666666,AMS-7370864-0|qp12
2.5,50.0,12.0,4.0,26,1.39,0.48,1.3181295258915422,7319,0.0609916666666679,48,47,0.9791666666666666,AMS-7370864-0|qp12
2.5,50.0,30.0,4.0,8,1.39,0.48,1.204830360265899,20013,0.1667750000000013,120,121,1.0083333333333333,AMS-7370864-0|qp30
2.5,50.0,30.0,4.0,20,1.39,0.48,1.2744152542372311,18880,0.1573333333333344,120,120,1.0,AMS-7370864-0|qp30
4.0,50.0,80.0,4.0,2,1.39,0.48,0.9604615131529683,66867,0.3482656249999961,320,319,0.996875,AMS-7371505-0|qp80
4.0,50.0,80.0,4.0,14,1.39,0.48,1.0276774141150078,61565,0.320651041666666,320,316,0.9875,AMS-7371505-0|qp80
4.0,50.0,80.0,4.0,26,1.39,0.48,1.032276875608853,61580,0.3207291666666637,320,315,0.984375,AMS-7371505-0|qp80
4.0,50.0,100.0,4.0,8,1.39,0.48,0.7945565941012106,100461,0.5232343750000009,400,384,0.96,AMS-7371505-3|qp100
4.0,50.0,100.0,4.0,20,1.39,0.48,0.7721589015077822,103196,0.5374791666666636,400,384,0.96,AMS-7371505-3|qp100
4.0,50.0,60.0,4.0,2,1.39,0.48,1.09737162948899,43799,0.2281197916666649,240,240,1.0,AMS-7371505-3|qp60
4.0,50.0,60.0,4.0,14,1.39,0.48,1.1527469394602043,41741,0.2174010416666682,240,235,0.9791666666666666,AMS-7371505-3|qp60
4.0,50.0,60.0,4.0,26,1.39,0.48,1.1068028378003467,43132,0.2246458333333322,240,237,0.9875,AMS-7371505-3|qp60
2.5,50.0,38.0,4.0,8,1.39,0.48,1.199530201342302,25777,0.2148083333333366,152,153,1.006578947368421,LON-4082553-0|qp38
2.5,50.0,38.0,4.0,20,1.39,0.48,1.2529945575986463,24254,0.2021166666666696,152,152,1.0,LON-4082553-0|qp38
2.5,50.0,62.0,4.0,2,1.39,0.48,1.0538807658647216,46849,0.390408333333334,248,253,1.0201612903225807,LON-4082553-0|qp62
2.5,50.0,62.0,4.0,14,1.39,0.48,1.0291637091451442,48464,0.403866666666669,248,247,0.995967741935484,LON-4082553-0|qp62
2.5,50.0,62.0,4.0,26,1.39,0.48,1.0471022523756734,47461,0.3955083333333345,248,245,0.9879032258064516,LON-4082553-0|qp62
2.5,50.0,38.0,4.0,8,1.39,0.48,1.1965755714508302,25724,0.2143666666666701,152,152,1.0,LON-4082554-0|qp38
2.5,50.0,38.0,4.0,20,1.39,0.48,1.2308007630179312,24639,0.2053250000000035,152,153,1.006578947368421,LON-4082554-0|qp38
2.5,50.0,62.0,4.0,2,1.39,0.48,0.9721687049595328,51759,0.4313250000000021,248,246,0.9919354838709676,LON-4082554-0|qp62
2.5,50.0,62.0,4.0,14,1.39,0.48,1.1288721666515331,43588,0.3632333333333363,248,244,0.9838709677419356,LON-4082554-0|qp62
2.5,50.0,62.0,4.0,26,1.39,0.48,0.948882029386944,51996,0.4333000000000029,248,235,0.9475806451612904,LON-4082554-0|qp62
2.5,50.0,38.0,4.0,8,1.39,0.48,1.2039319839320552,25641,0.2136750000000032,152,151,0.993421052631579,LON-4082592-0|qp38
2.5,50.0,38.0,4.0,20,1.39,0.48,1.23563851888053,24549,0.204575000000003,152,152,1.0,LON-4082592-0|qp38
2.5,50.0,62.0,4.0,2,1.39,0.48,1.080551463355809,45751,0.3812583333333351,248,250,1.0080645161290325,LON-4082592-0|qp62
2.5,50.0,62.0,4.0,14,1.39,0.48,1.0819604396583382,44944,0.3745333333333351,248,241,0.9717741935483872,LON-4082592-0|qp62
2.5,50.0,62.0,4.0,26,1.39,0.48,1.0989851861798503,44688,0.3724000000000003,248,238,0.9596774193548387,LON-4082592-0|qp62
2.5,50.0,50.0,4.0,8,1.39,0.48,1.1668776933322884,12763,0.1063583333333333,176,178,1.0113636363636365,SIN-1105987650-1|qp50
2.5,50.0,50.0,4.0,20,1.39,0.48,1.3002681581366746,6526,0.0543833333333351,147,100,0.6802721088435374,SIN-1105987650-1|qp50
2.0,50.0,10.0,4.0,2,1.39,0.48,1.2103488372092963,2666,0.0277708333333326,40,40,1.0,SIN-131164229-0|qp10
2.0,50.0,10.0,4.0,14,1.39,0.48,1.2456493001555318,2572,0.0267916666666659,40,40,1.0,SIN-131164229-0|qp10
2.0,50.0,10.0,4.0,26,1.39,0.48,1.216255190637978,2649,0.0275937499999992,40,39,0.975,SIN-131164229-0|qp10
2.0,50.0,24.0,4.0,8,1.39,0.48,1.1684318492630446,6581,0.068552083333333,96,95,0.9895833333333334,SIN-131164229-0|qp24
2.0,50.0,24.0,4.0,20,1.39,0.48,1.212568605927541,6377,0.0664270833333326,96,95,0.9895833333333334,SIN-131164229-0|qp24
1.8,50.0,22.0,4.0,2,1.39,0.48,1.0986154035584734,16243,0.1879976851851924,88,88,1.0,SIN-139715353-1|qp22
1.8,50.0,22.0,4.0,14,1.39,0.48,1.074182583936403,16858,0.1951157407407459,88,87,0.9886363636363636,SIN-139715353-1|qp22
1.8,50.0,22.0,4.0,26,1.39,0.48,1.0858473861720142,16604,0.1921759259259332,88,87,0.9886363636363636,SIN-139715353-1|qp22
1.8,50.0,9.0,4.0,8,1.39,0.48,1.194779258307902,6229,0.0720949074074072,36,37,1.0277777777777777,SIN-139715353-1|qp9
1.8,50.0,9.0,4.0,20,1.39,0.48,1.228896505601046,5981,0.0692245370370362,36,38,1.0555555555555556,SIN-139715353-1|qp9
3.0,50.0,15.0,4.0,2,1.39,0.48,1.207821311962023,10107,0.0701874999999997,60,61,1.0166666666666666,SIN-1464509030-0|qp15
3.0,50.0,15.0,4.0,14,1.39,0.48,1.228973633700425,9899,0.0687430555555543,60,59,0.9833333333333332,SIN-1464509030-0|qp15
3.0,50.0,15.0,4.0,26,1.39,0.48,1.2476278013012572,9683,0.0672430555555545,60,60,1.0,SIN-1464509030-0|qp15
3.0,50.0,36.0,4.0,8,1.39,0.48,1.1491894026138387,25327,0.1758819444444431,144,145,1.0069444444444444,SIN-1464509030-0|qp36
3.0,50.0,36.0,4.0,20,1.39,0.48,1.1604279969740945,25117,0.1744236111111109,144,144,1.0,SIN-1464509030-0|qp36
2.0,50.0,10.0,4.0,2,1.39,0.48,1.3283585313175132,6019,0.0626979166666656,40,40,1.0,SIN-166571436-2|qp10
2.0,50.0,10.0,4.0,14,1.39,0.48,1.3337079396651512,6033,0.0628437500000001,40,40,1.0,SIN-166571436-2|qp10
2.0,50.0,10.0,4.0,26,1.39,0.48,1.3225674775074978,6002,0.0625208333333332,40,40,1.0,SIN-166571436-2|qp10
2.0,50.0,24.0,4.0,8,1.39,0.48,1.248184244791566,15360,0.1600000000000008,96,93,0.96875,SIN-166571436-2|qp24
2.0,50.0,24.0,4.0,20,1.39,0.48,1.2859542644419146,15043,0.1566979166666657,96,96,1.0,SIN-166571436-2|qp24
2.0,50.0,10.0,4.0,2,1.39,0.48,1.2454591445654029,6523,0.067947916666666,40,40,1.0,SIN-166571436-3|qp10
2.0,50.0,10.0,4.0,14,1.39,0.48,1.25569865968262,6491,0.0676145833333328,40,40,1.0,SIN-166571436-3|qp10
2.0,50.0,10.0,4.0,26,1.39,0.48,1.2607422486689628,6386,0.0665208333333335,40,41,1.025,SIN-166571436-3|qp10
2.0,50.0,24.0,4.0,8,1.39,0.48,1.157137752367276,16791,0.1749062499999993,96,94,0.9791666666666666,SIN-166571436-3|qp24
2.0,50.0,24.0,4.0,20,1.39,0.48,1.2099464450600008,16245,0.1692187499999982,96,95,0.9895833333333334,SIN-166571436-3|qp24
1.8,50.0,22.0,4.0,2,1.39,0.48,1.22730224695359,14197,0.1643171296296349,88,87,0.9886363636363636,SIN-170969415-0|qp22
1.8,50.0,22.0,4.0,14,1.39,0.48,1.2124323405412916,14706,0.1702083333333392,88,88,1.0,SIN-170969415-0|qp22
1.8,50.0,22.0,4.0,26,1.39,0.48,1.2138045866520206,14564,0.1685648148148191,88,88,1.0,SIN-170969415-0|qp22
1.8,50.0,9.0,4.0,8,1.39,0.48,1.279734051799042,5753,0.0665856481481476,36,35,0.9722222222222222,SIN-170969415-0|qp9
1.8,50.0,9.0,4.0,20,1.39,0.48,1.3391842733786206,5443,0.0629976851851847,36,38,1.0555555555555556,SIN-170969415-0|qp9
2.0,50.0,10.0,4.0,2,1.39,0.48,1.3013935230618394,6114,0.0636874999999987,40,40,1.0,SIN-190681368-0|qp10
2.0,50.0,10.0,4.0,14,1.39,0.48,1.282750553272189,6326,0.0658958333333328,40,40,1.0,SIN-190681368-0|qp10
2.0,50.0,10.0,4.0,26,1.39,0.48,1.3052136049950729,6086,0.063395833333333,40,41,1.025,SIN-190681368-0|qp10
2.0,50.0,24.0,4.0,8,1.39,0.48,1.1734333272360575,16401,0.1708437500000003,96,93,0.96875,SIN-190681368-0|qp24
2.0,50.0,24.0,4.0,20,1.39,0.48,1.2105075860367622,16214,0.168895833333332,96,97,1.0104166666666667,SIN-190681368-0|qp24
2.0,50.0,10.0,4.0,2,1.39,0.48,1.2786739891754373,6282,0.0654374999999991,40,39,0.975,SIN-197634752-1|qp10
2.0,50.0,10.0,4.0,14,1.39,0.48,1.307696292698701,6177,0.0643437499999998,40,40,1.0,SIN-197634752-1|qp10
2.0,50.0,10.0,4.0,26,1.39,0.48,1.2570979349186504,6392,0.0665833333333336,40,41,1.025,SIN-197634752-1|qp10
2.0,50.0,24.0,4.0,8,1.39,0.48,1.130020311049151,17232,0.1795000000000002,96,95,0.9895833333333334,SIN-197634752-1|qp24
2.0,50.0,24.0,4.0,20,1.39,0.48,1.1975391801364437,16271,0.1694895833333318,96,95,0.9895833333333334,SIN-197634752-1|qp24
2.0,50.0,10.0,4.0,2,1.39,0.48,1.2763385639562663,6309,0.065718749999999,40,40,1.0,SIN-198571185-1|qp10
2.0,50.0,10.0,4.0,14,1.39,0.48,1.2988150056351389,6211,0.0646979166666667,40,40,1.0,SIN-198571185-1|qp10
2.0,50.0,10.0,4.0,26,1.39,0.48,1.277951961569259,6245,0.0650520833333328,40,41,1.025,SIN-198571185-1|qp10
2.0,50.0,24.0,4.0,8,1.39,0.48,1.1685868646624915,16566,0.1725625000000005,96,93,0.96875,SIN-198571185-1|qp24
2.0,50.0,24.0,4.0,20,1.39,0.48,1.2316172643605203,15755,0.1641145833333316,96,94,0.9791666666666666,SIN-198571185-1|qp24
2.0,50.0,10.0,4.0,2,1.39,0.48,1.2984053747774156,6177,0.0643437499999989,40,40,1.0,SIN-198571185-2|qp10
2.0,50.0,10.0,4.0,14,1.39,0.48,1.314131463056577,6131,0.0638645833333332,40,41,1.025,SIN-198571185-2|qp10
2.0,50.0,10.0,4.0,26,1.39,0.48,1.2928490351872886,6167,0.0642395833333328,40,41,1.025,SIN-198571185-2|qp10
2.0,50.0,24.0,4.0,8,1.39,0.48,1.1918591010125246,16196,0.1687083333333342,96,93,0.96875,SIN-198571185-2|qp24
2.0,50.0,24.0,4.0,20,1.39,0.48,1.2328960112144625,15694,0.1634791666666648,96,96,1.0,SIN-198571185-2|qp24
2.0,50.0,10.0,4.0,2,1.39,0.48,1.2829783163265456,6272,0.0653333333333325,40,40,1.0,SIN-198571185-3|qp10
2.0,50.0,10.0,4.0,14,1.39,0.48,1.298960850652466,6207,0.06465625,40,41,1.025,SIN-198571185-3|qp10
2.0,50.0,10.0,4.0,26,1.39,0.48,1.2921240084183292,6177,0.0643437499999994,40,41,1.025,SIN-198571185-3|qp10
2.0,50.0,24.0,4.0,8,1.39,0.48,1.1834899699404071,16301,0.1698020833333327,96,94,0.9791666666666666,SIN-198571185-3|qp24
2.0,50.0,24.0,4.0,20,1.39,0.48,1.232888167112455,15702,0.1635624999999983,96,96,1.0,SIN-198571185-3|qp24
2.0,50.0,10.0,4.0,2,1.39,0.48,1.287745050700162,6213,0.0647187499999991,40,40,1.0,SIN-200167221-1|qp10
2.0,50.0,10.0,4.0,14,1.39,0.48,1.3006814145002197,6193,0.0645104166666666,40,41,1.025,SIN-200167221-1|qp10
2.0,50.0,10.0,4.0,26,1.39,0.48,1.2570537124802532,6330,0.0659374999999999,40,41,1.025,SIN-200167221-1|qp10
2.0,50.0,24.0,4.0,8,1.39,0.48,1.1682110564960757,16479,0.1716562500000011,96,93,0.96875,SIN-200167221-1|qp24
2.0,50.0,24.0,4.0,20,1.39,0.48,1.1950746723559909,16405,0.1708854166666655,96,96,1.0,SIN-200167221-1|qp24
2.0,50.0,10.0,4.0,2,1.39,0.48,1.1833905454545617,6875,0.0716145833333324,40,41,1.025,SIN-200171267-0|qp10
2.0,50.0,10.0,4.0,14,1.39,0.48,1.219591836734672,6713,0.0699270833333331,40,41,1.025,SIN-200171267-0|qp10
2.0,50.0,10.0,4.0,26,1.39,0.48,1.227756769021329,6611,0.0688645833333331,40,41,1.025,SIN-200171267-0|qp10
2.0,50.0,24.0,4.0,8,1.39,0.48,1.1534007978410736,17046,0.1775625000000004,96,95,0.9895833333333334,SIN-200171267-0|qp24
2.0,50.0,24.0,4.0,20,1.39,0.48,1.213849901332027,16216,0.1689166666666643,96,96,1.0,SIN-200171267-0|qp24
2.0,50.0,10.0,4.0,2,1.39,0.48,1.2146472966901474,6677,0.0695520833333326,40,40,1.0,SIN-200171267-2|qp10
2.0,50.0,10.0,4.0,14,1.39,0.48,1.2127102666077278,6789,0.0707187499999996,40,40,1.0,SIN-200171267-2|qp10
2.0,50.0,10.0,4.0,26,1.39,0.48,1.2217419451972276,6642,0.0691875000000001,40,41,1.025,SIN-200171267-2|qp10
2.0,50.0,24.0,4.0,8,1.39,0.48,1.1376366904388582,17247,0.1796562499999999,96,93,0.96875,SIN-200171267-2|qp24
2.0,50.0,24.0,4.0,20,1.39,0.48,1.1605206389925324,17152,0.1786666666666642,96,95,0.9895833333333334,SIN-200171267-2|qp24
2.0,50.0,10.0,4.0,2,1.39,0.48,1.221848942598203,6620,0.068958333333333,40,41,1.025,SIN-200171268-0|qp10
2.0,50.0,10.0,4.0,14,1.39,0.48,1.232359261501191,6608,0.0688333333333329,40,41,1.025,SIN-200171268-0|qp10
2.0,50.0,10.0,4.0,26,1.39,0.48,1.2135992801439717,6668,0.0694583333333328,40,41,1.025,SIN-200171268-0|qp10
2.0,50.0,24.0,4.0,8,1.39,0.48,1.117250998288595,17530,0.1826041666666665,96,93,0.96875,SIN-200171268-0|qp24
2.0,50.0,24.0,4.0,20,1.39,0.48,1.1591369539551135,16940,0.1764583333333313,96,96,1.0,SIN-200171268-0|qp24
2.0,50.0,10.0,4.0,2,1.39,0.48,1.2730346912794586,6284,0.0654583333333325,40,41,1.025,SIN-200171268-4|qp10
2.0,50.0,10.0,4.0,14,1.39,0.48,1.270786306080954,6397,0.0666354166666661,40,40,1.0,SIN-200171268-4|qp10
2.0,50.0,10.0,4.0,26,1.39,0.48,1.2433909287256988,6482,0.0675208333333334,40,41,1.025,SIN-200171268-4|qp10
2.0,50.0,24.0,4.0,8,1.39,0.48,1.1312827451205576,17369,0.1809270833333334,96,93,0.96875,SIN-200171268-4|qp24
2.0,50.0,24.0,4.0,20,1.39,0.48,1.1897748649796682,16479,0.171656249999998,96,96,1.0,SIN-200171268-4|qp24
1.8,50.0,27.0,4.0,2,1.39,0.48,1.180947100822231,18488,0.2139814814814861,108,111,1.0277777777777777,SIN-22811726-0|qp27
1.8,50.0,27.0,4.0,14,1.39,0.48,1.1417014987294536,19283,0.2231828703703746,108,109,1.0092592592592593,SIN-22811726-0|qp27
1.8,50.0,27.0,4.0,26,1.39,0.48,1.1477428768504188,18847,0.2181365740740777,108,108,1.0,SIN-22811726-0|qp27
1.8,50.0,27.0,4.0,8,1.39,0.48,1.0557151647103076,21128,0.2445370370370385,108,104,0.9629629629629628,SIN-22811727-0|qp27
1.8,50.0,27.0,4.0,20,1.39,0.48,1.133629989764592,19540,0.2261574074074092,108,106,0.9814814814814816,SIN-22811727-0|qp27
1.8,50.0,27.0,4.0,2,1.39,0.48,1.15330088495575,5650,0.0653935185185174,108,108,1.0,SIN-22811728-0|qp27
1.8,50.0,27.0,4.0,14,1.39,0.48,1.1550459201695606,5662,0.0655324074074061,108,108,1.0,SIN-22811728-0|qp27
1.8,50.0,27.0,4.0,26,1.39,0.48,1.141098689956321,5725,0.066261574074073,108,107,0.9907407407407408,SIN-22811728-0|qp27
1.8,50.0,45.0,4.0,8,1.39,0.48,1.0498824204186898,10461,0.1210763888888889,180,177,0.9833333333333332,SIN-22811728-0|qp45
1.8,50.0,45.0,4.0,20,1.39,0.48,1.0826069730586323,10096,0.116851851851851,180,182,1.011111111111111,SIN-22811728-0|qp45
1.8,50.0,22.0,4.0,2,1.39,0.48,1.1544456791737645,15298,0.1770601851851916,88,89,1.0113636363636365,SIN-22928582-0|qp22
1.8,50.0,22.0,4.0,14,1.39,0.48,1.1510236972862786,15698,0.1816898148148221,88,89,1.0113636363636365,SIN-22928582-0|qp22
1.8,50.0,22.0,4.0,26,1.39,0.48,1.1159499968903652,16079,0.1860995370370436,88,87,0.9886363636363636,SIN-22928582-0|qp22
1.8,50.0,9.0,4.0,8,1.39,0.48,1.2156060606060453,6072,0.0702777777777771,36,36,1.0,SIN-22928582-0|qp9
1.8,50.0,9.0,4.0,20,1.39,0.48,1.2734338184337948,5772,0.0668055555555549,36,38,1.0555555555555556,SIN-22928582-0|qp9
1.8,50.0,22.0,4.0,2,1.39,0.48,1.1586374088430678,15221,0.1761689814814891,88,87,0.9886363636363636,SIN-22928582-1|qp22
1.8,50.0,22.0,4.0,14,1.39,0.48,1.138918290383408,15910,0.1841435185185258,88,88,1.0,SIN-22928582-1|qp22
1.8,50.0,22.0,4.0,26,1.39,0.48,1.111947924342917,16284,0.1884722222222288,88,87,0.9886363636363636,SIN-22928582-1|qp22
1.8,50.0,9.0,4.0,8,1.39,0.48,1.1990815339993424,6206,0.0718287037037034,36,37,1.0277777777777777,SIN-22928582-1|qp9
1.8,50.0,9.0,4.0,20,1.39,0.48,1.2746878803686033,5751,0.0665624999999992,36,38,1.0555555555555556,SIN-22928582-1|qp9
1.8,50.0,22.0,4.0,2,1.39,0.48,1.1396829768156953,15614,0.1807175925925992,88,89,1.0113636363636365,SIN-22928582-2|qp22
1.8,50.0,22.0,4.0,14,1.39,0.48,1.1165213392200235,16308,0.1887500000000069,88,89,1.0113636363636365,SIN-22928582-2|qp22
1.8,50.0,22.0,4.0,26,1.39,0.48,1.1259652996845573,15850,0.1834490740740785,88,88,1.0,SIN-22928582-2|qp22
1.8,50.0,9.0,4.0,8,1.39,0.48,1.1958027485852745,6185,0.0715856481481477,36,36,1.0,SIN-22928582-2|qp9
1.8,50.0,9.0,4.0,20,1.39,0.48,1.2576432358474166,5847,0.0676736111111107,36,38,1.0555555555555556,SIN-22928582-2|qp9
3.0,50.0,15.0,4.0,2,1.39,0.48,0.9150338768520409,13431,0.0932708333333329,60,61,1.0166666666666666,SIN-546209379-0|qp15
3.0,50.0,15.0,4.0,14,1.39,0.48,1.0065922107675065,12222,0.084875,60,62,1.0333333333333334,SIN-546209379-0|qp15
3.0,50.0,15.0,4.0,26,1.39,0.48,0.9209199999999852,13500,0.0937499999999988,60,57,0.95,SIN-546209379-0|qp15
3.0,50.0,36.0,4.0,8,1.39,0.48,0.8219530378472467,36753,0.2552291666666643,144,143,0.9930555555555556,SIN-546209379-0|qp36
3.0,50.0,36.0,4.0,20,1.39,0.48,0.7976135691629476,37202,0.2583472222222231,144,146,1.0138888888888888,SIN-546209379-0|qp36
3.0,50.0,15.0,4.0,2,1.39,0.48,1.2836695781849272,9388,0.0651944444444436,60,60,1.0,SIN-546209379-1|qp15
3.0,50.0,15.0,4.0,14,1.39,0.48,1.316339266095434,9102,0.0632083333333326,60,60,1.0,SIN-546209379-1|qp15
3.0,50.0,15.0,4.0,26,1.39,0.48,1.3133715095985992,9168,0.0636666666666654,60,60,1.0,SIN-546209379-1|qp15
3.0,50.0,36.0,4.0,8,1.39,0.48,1.1951847584561206,24302,0.1687638888888878,144,146,1.0138888888888888,SIN-546209379-1|qp36
3.0,50.0,36.0,4.0,20,1.39,0.48,1.2394147560765427,23204,0.1611388888888884,144,143,0.9930555555555556,SIN-546209379-1|qp36
3.0,50.0,15.0,4.0,2,1.39,0.48,1.2817271856032475,9391,0.0652152777777769,60,60,1.0,SIN-546209379-2|qp15
3.0,50.0,15.0,4.0,14,1.39,0.48,1.3151351647149616,9137,0.063451388888888,60,60,1.0,SIN-546209379-2|qp15
3.0,50.0,15.0,4.0,26,1.39,0.48,1.305230134607026,9212,0.063972222222221,60,59,0.9833333333333332,SIN-546209379-2|qp15
3.0,50.0,36.0,4.0,8,1.39,0.48,1.2185095931819567,23819,0.16540972222222,144,145,1.0069444444444444,SIN-546209379-2|qp36
3.0,50.0,36.0,4.0,20,1.39,0.48,1.2497357440890289,23008,0.1597777777777778,144,143,0.9930555555555556,SIN-546209379-2|qp36
1.8,50.0,22.0,4.0,2,1.39,0.48,1.160997313413302,15261,0.1766319444444515,88,89,1.0113636363636365,SIN-74587409-1|qp22
1.8,50.0,22.0,4.0,14,1.39,0.48,1.1517042766732608,15643,0.1810532407407462,88,88,1.0,SIN-74587409-1|qp22
1.8,50.0,22.0,4.0,26,1.39,0.48,1.159557313803695,15293,0.1770023148148191,88,85,0.9659090909090908,SIN-74587409-1|qp22
1.8,50.0,9.0,4.0,8,1.39,0.48,1.2729944482997753,5764,0.0667129629629623,36,36,1.0,SIN-74587409-1|qp9
1.8,50.0,9.0,4.0,20,1.39,0.48,1.3225997449444065,5489,0.0635300925925918,36,38,1.0555555555555556,SIN-74587409-1|qp9
1.8,50.0,22.0,4.0,2,1.39,0.48,1.1709983416252274,15075,0.1744791666666741,88,88,1.0,SIN-74587409-2|qp22
1.8,50.0,22.0,4.0,14,1.39,0.48,1.142750300804258,15791,0.1827662037037105,88,87,0.9886363636363636,SIN-74587409-2|qp22
1.8,50.0,22.0,4.0,26,1.39,0.48,1.1303896021354929,15734,0.1821064814814867,88,87,0.9886363636363636,SIN-74587409-2|qp22
1.8,50.0,9.0,4.0,8,1.39,0.48,1.2728174878556386,5764,0.0667129629629623,36,36,1.0,SIN-74587409-2|qp9
1.8,50.0,9.0,4.0,20,1.39,0.48,1.3239521723256378,5478,0.063402777777777,36,38,1.0555555555555556,SIN-74587409-2|qp9
2.5,50.0,12.0,4.0,2,1.39,0.48,1.282428115015924,7512,0.0626000000000006,48,48,1.0,TYO-1323228545-3|qp12
2.5,50.0,12.0,4.0,14,1.39,0.48,1.3256024430870914,7204,0.0600333333333345,48,47,0.9791666666666666,TYO-1323228545-3|qp12
2.5,50.0,12.0,4.0,26,1.39,0.48,1.322165246081992,7274,0.0606166666666674,48,47,0.9791666666666666,TYO-1323228545-3|qp12
2.5,50.0,30.0,4.0,8,1.39,0.48,1.224351631672173,19765,0.164708333333335,120,120,1.0,TYO-1323228545-3|qp30
2.5,50.0,30.0,4.0,20,1.39,0.48,1.260263116350029,19003,0.1583583333333335,120,121,1.0083333333333333,TYO-1323228545-3|qp30
2.5,50.0,50.0,4.0,9,1.39,0.48,1.0591050832980051,37456,0.3121333333333305,198,185,0.9343434343434344,AMS-1073074102-0|qp50
2.5,50.0,50.0,4.0,21,1.39,0.48,0.969370906542256,41377,0.3448083333333337,198,190,0.9595959595959596,AMS-1073074102-0|qp50
1.2,50.0,14.0,4.0,3,1.39,0.48,1.21408163265311,9310,0.1616319444444449,56,56,1.0,AMS-244428233-0|qp14
1.2,50.0,14.0,4.0,15,1.39,0.48,1.2457325261420182,9085,0.1577256944444461,56,56,1.0,AMS-244428233-0|qp14
1.2,50.0,14.0,4.0,27,1.39,0.48,1.2429624753127184,9114,0.1582291666666685,56,56,1.0,AMS-244428233-0|qp14
1.2,50.0,6.0,4.0,9,1.39,0.48,1.321579089924153,3692,0.0640972222222222,24,24,1.0,AMS-244428233-0|qp6
1.2,50.0,6.0,4.0,21,1.39,0.48,1.282968874700758,3759,0.0652604166666668,24,24,1.0,AMS-244428233-0|qp6
2.5,50.0,12.0,4.0,3,1.39,0.48,1.225864680636195,3961,0.0330083333333338,48,47,0.9791666666666666,AMS-4480498-0|qp12
2.5,50.0,12.0,4.0,15,1.39,0.48,1.2635523240716706,3851,0.0320916666666672,48,49,1.0208333333333333,AMS-4480498-0|qp12
2.5,50.0,12.0,4.0,27,1.39,0.48,1.2617094017094015,3861,0.0321750000000005,48,48,1.0,AMS-4480498-0|qp12
2.5,50.0,30.0,4.0,9,1.39,0.48,1.2175004997001813,10006,0.0833833333333342,120,119,0.9916666666666668,AMS-4480498-0|qp30
2.5,50.0,30.0,4.0,21,1.39,0.48,1.1953658061373735,10265,0.0855416666666681,120,120,1.0,AMS-4480498-0|qp30
3.6,50.0,18.0,4.0,3,1.39,0.48,1.181087298303678,12085,0.0699363425925937,72,71,0.9861111111111112,AMS-4480626-0|qp18
3.6,50.0,18.0,4.0,15,1.39,0.48,1.1997439387494528,11755,0.0680266203703704,72,73,1.0138888888888888,AMS-4480626-0|qp18
3.6,50.0,18.0,4.0,27,1.39,0.48,1.219783161104533,11806,0.0683217592592595,72,72,1.0,AMS-4480626-0|qp18
3.6,50.0,43.0,4.0,9,1.39,0.48,1.0464934349463122,32673,0.1890798611111123,172,173,1.005813953488372,AMS-4480626-0|qp43
3.6,50.0,43.0,4.0,21,1.39,0.48,0.96491957707659,35562,0.2057986111111115,172,174,1.0116279069767442,AMS-4480626-0|qp43
3.6,50.0,18.0,4.0,3,1.39,0.48,1.2988989266547195,11180,0.0646990740740749,72,72,1.0,AMS-4480644-0|qp18
3.6,50.0,18.0,4.0,15,1.39,0.48,1.3284060511022784,10841,0.0627372685185183,72,74,1.0277777777777777,AMS-4480644-0|qp18
3.6,50.0,18.0,4.0,27,1.39,0.48,1.339987088444179,10843,0.062748842592593,72,74,1.0277777777777777,AMS-4480644-0|qp18
3.6,50.0,43.0,4.0,9,1.39,0.48,1.2100998558418825,28441,0.16458912037037,172,169,0.9825581395348836,AMS-4480644-0|qp43
3.6,50.0,43.0,4.0,21,1.39,0.48,1.219015956501573,28139,0.1628414351851851,172,173,1.005813953488372,AMS-4480644-0|qp43
2.5,50.0,12.0,4.0,3,1.39,0.48,1.2633918052101667,7639,0.0636583333333346,48,48,1.0,AMS-4495978-0|qp12
2.5,50.0,12.0,4.0,15,1.39,0.48,1.307404703974029,7398,0.0616500000000009,48,48,1.0,AMS-4495978-0|qp12
2.5,50.0,12.0,4.0,27,1.39,0.48,1.2709692671394648,7614,0.0634500000000007,48,47,0.9791666666666666,AMS-4495978-0|qp12
2.5,50.0,30.0,4.0,9,1.39,0.48,1.220343341109692,19718,0.1643166666666682,120,119,0.9916666666666668,AMS-4495978-0|qp30
2.5,50.0,30.0,4.0,21,1.39,0.48,1.1913783797046236,20379,0.1698250000000024,120,120,1.0,AMS-4495978-0|qp30
2.5,50.0,12.0,4.0,3,1.39,0.48,1.1495532176527046,7319,0.0609916666666677,48,49,1.0208333333333333,AMS-4495979-0|qp12
2.5,50.0,12.0,4.0,15,1.39,0.48,1.1487482918829983,7318,0.0609833333333346,48,48,1.0,AMS-4495979-0|qp12
2.5,50.0,12.0,4.0,27,1.39,0.48,1.1526488340191765,7290,0.0607500000000011,48,47,0.9791666666666666,AMS-4495979-0|qp12
2.5,50.0,30.0,4.0,9,1.39,0.48,1.1158100198678915,18623,0.155191666666667,120,118,0.9833333333333332,AMS-4495979-0|qp30
2.5,50.0,30.0,4.0,21,1.39,0.48,1.1356178665496144,18224,0.1518666666666676,120,119,0.9916666666666668,AMS-4495979-0|qp30
2.5,50.0,12.0,4.0,3,1.39,0.48,1.097629233511633,8976,0.074800000000001,48,48,1.0,AMS-4496429-0|qp12
2.5,50.0,12.0,4.0,15,1.39,0.48,1.1043681904975713,8903,0.0741916666666676,48,47,0.9791666666666666,AMS-4496429-0|qp12
2.5,50.0,12.0,4.0,27,1.39,0.48,1.094360497702048,8921,0.0743416666666673,48,47,0.9791666666666666,AMS-4496429-0|qp12
2.5,50.0,30.0,4.0,9,1.39,0.48,0.8677886354152271,28756,0.2396333333333324,120,116,0.9666666666666668,AMS-4496429-0|qp30
2.5,50.0,30.0,4.0,21,1.39,0.48,0.9051543865970172,27755,0.2312916666666691,120,118,0.9833333333333332,AMS-4496429-0|qp30
2.5,50.0,12.0,4.0,3,1.39,0.48,1.2998728182925798,7391,0.0615916666666674,48,49,1.0208333333333333,AMS-7370864-0|qp12
2.5,50.0,12.0,4.0,15,1.39,0.48,1.3143332880249858,7357,0.0613083333333344,48,48,1.0,AMS-7370864-0|qp12
2.5,50.0,12.0,4.0,27,1.39,0.48,1.3078873812754277,7370,0.0614166666666676,48,47,0.9791666666666666,AMS-7370864-0|qp12
2.5,50.0,30.0,4.0,9,1.39,0.48,1.2323956247112304,19473,0.1622750000000008,120,118,0.9833333333333332,AMS-7370864-0|qp30
2.5,50.0,30.0,4.0,21,1.39,0.48,1.2174898051654526,19863,0.1655250000000022,120,120,1.0,AMS-7370864-0|qp30
4.0,50.0,80.0,4.0,3,1.39,0.48,0.9552479072762567,66779,0.3478072916666674,320,314,0.98125,AMS-7371505-0|qp80
4.0,50.0,80.0,4.0,15,1.39,0.48,0.991921119396936,65035,0.338723958333334,320,320,1.0,AMS-7371505-0|qp80
4.0,50.0,80.0,4.0,27,1.39,0.48,0.96238007407507,67229,0.3501510416666657,320,321,1.003125,AMS-7371505-0|qp80
4.0,50.0,100.0,4.0,9,1.39,0.48,0.799418311845273,99280,0.5170833333333301,400,381,0.9525,AMS-7371505-3|qp100
4.0,50.0,100.0,4.0,21,1.39,0.48,0.8081020197314345,98726,0.5141979166666661,400,390,0.975,AMS-7371505-3|qp100
4.0,50.0,60.0,4.0,3,1.39,0.48,1.1110454241045535,43303,0.2255364583333312,240,234,0.975,AMS-7371505-3|qp60
4.0,50.0,60.0,4.0,15,1.39,0.48,1.1412717728465769,41910,0.2182812500000001,240,235,0.9791666666666666,AMS-7371505-3|qp60
4.0,50.0,60.0,4.0,27,1.39,0.48,1.1867142750874735,40329,0.210046874999998,240,242,1.0083333333333333,AMS-7371505-3|qp60
2.5,50.0,38.0,4.0,9,1.39,0.48,1.1981020175403911,25427,0.2118916666666682,152,152,1.0,LON-4082553-0|qp38
2.5,50.0,38.0,4.0,21,1.39,0.48,1.2122035643564786,25250,0.2104166666666681,152,155,1.019736842105263,LON-4082553-0|qp38
2.5,50.0,62.0,4.0,3,1.39,0.48,1.0277624175200444,49406,0.411716666666667,248,249,1.0040322580645162,LON-4082553-0|qp62
2.5,50.0,62.0,4.0,15,1.39,0.48,0.9611265668591698,50898,0.4241500000000011,248,241,0.9717741935483872,LON-4082553-0|qp62
2.5,50.0,62.0,4.0,27,1.39,0.48,1.0690108135724503,46978,0.3914833333333322,248,250,1.0080645161290325,LON-4082553-0|qp62
2.5,50.0,38.0,4.0,9,1.39,0.48,1.2114280044451329,25196,0.2099666666666715,152,156,1.0263157894736843,LON-4082554-0|qp38
2.5,50.0,38.0,4.0,21,1.39,0.48,1.2080129164370077,25394,0.2116166666666695,152,155,1.019736842105263,LON-4082554-0|qp38
2.5,50.0,62.0,4.0,3,1.39,0.48,1.0029120425029014,50820,0.4234999999999964,248,239,0.9637096774193548,LON-4082554-0|qp62
2.5,50.0,62.0,4.0,15,1.39,0.48,1.1000301249079965,40830,0.3402500000000013,248,210,0.8467741935483871,LON-4082554-0|qp62
2.5,50.0,62.0,4.0,27,1.39,0.48,1.1707890514395105,42380,0.3531666666666697,248,255,1.028225806451613,LON-4082554-0|qp62
2.5,50.0,38.0,4.0,9,1.39,0.48,1.2251565896465486,24842,0.2070166666666691,152,156,1.0263157894736843,LON-4082592-0|qp38
2.5,50.0,38.0,4.0,21,1.39,0.48,1.204116195251956,25526,0.2127166666666696,152,153,1.006578947368421,LON-4082592-0|qp38
2.5,50.0,62.0,4.0,3,1.39,0.48,1.042977208560128,48878,0.4073166666666658,248,250,1.0080645161290325,LON-4082592-0|qp62
2.5,50.0,62.0,4.0,15,1.39,0.48,1.030210430388213,48282,0.4023499999999981,248,246,0.9919354838709676,LON-4082592-0|qp62
2.5,50.0,62.0,4.0,27,1.39,0.48,0.4581182843781992,78269,0.6522416666666665,64,114,1.78125,LON-4082592-0|qp62
2.5,50.0,50.0,4.0,9,1.39,0.48,1.1950948017781164,11023,0.0918583333333344,200,150,0.75,SIN-1105987650-1|qp50
2.5,50.0,50.0,4.0,21,1.39,0.48,1.2236296444266748,10012,0.0834333333333332,130,147,1.1307692307692307,SIN-1105987650-1|qp50
2.0,50.0,10.0,4.0,3,1.39,0.48,1.191602968460126,2695,0.0280729166666659,40,40,1.0,SIN-131164229-0|qp10
2.0,50.0,10.0,4.0,15,1.39,0.48,1.2424836349634194,2597,0.0270520833333326,40,41,1.025,SIN-131164229-0|qp10
2.0,50.0,10.0,4.0,27,1.39,0.48,1.2429248238058033,2554,0.0266041666666659,40,39,0.975,SIN-131164229-0|qp10
2.0,50.0,24.0,4.0,9,1.39,0.48,1.2093075228202486,6354,0.0661874999999998,96,96,1.0,SIN-131164229-0|qp24
2.0,50.0,24.0,4.0,21,1.39,0.48,1.183259702408359,6519,0.0679062499999994,96,97,1.0104166666666667,SIN-131164229-0|qp24
1.8,50.0,22.0,4.0,3,1.39,0.48,1.0845986712156428,16707,0.1933680555555619,88,87,0.9886363636363636,SIN-139715353-1|qp22
1.8,50.0,22.0,4.0,15,1.39,0.48,1.1017637422643336,16482,0.1907638888888951,88,88,1.0,SIN-139715353-1|qp22
1.8,50.0,22.0,4.0,27,1.39,0.48,1.1203322238271824,15923,0.1842939814814881,88,85,0.9659090909090908,SIN-139715353-1|qp22
1.8,50.0,9.0,4.0,9,1.39,0.48,1.2114005924950415,6076,0.0703240740740736,36,36,1.0,SIN-139715353-1|qp9
1.8,50.0,9.0,4.0,21,1.39,0.48,1.1920025530557103,6267,0.0725347222222225,36,36,1.0,SIN-139715353-1|qp9
3.0,50.0,15.0,4.0,3,1.39,0.48,1.2247168106045945,9958,0.0691527777777772,60,60,1.0,SIN-1464509030-0|qp15
3.0,50.0,15.0,4.0,15,1.39,0.48,1.2408748977923534,9784,0.0679444444444434,60,60,1.0,SIN-1464509030-0|qp15
3.0,50.0,15.0,4.0,27,1.39,0.48,1.2241380002005682,9971,0.0692430555555546,60,60,1.0,SIN-1464509030-0|qp15
3.0,50.0,36.0,4.0,9,1.39,0.48,1.1326063603693532,25879,0.1797152777777771,144,146,1.0138888888888888,SIN-1464509030-0|qp36
3.0,50.0,36.0,4.0,21,1.39,0.48,1.129742274007535,25919,0.1799930555555545,144,142,0.9861111111111112,SIN-1464509030-0|qp36
2.0,50.0,10.0,4.0,3,1.39,0.48,1.2937765182186591,6175,0.0643229166666671,40,41,1.025,SIN-166571436-2|qp10
2.0,50.0,10.0,4.0,15,1.39,0.48,1.330606756313555,6098,0.0635208333333329,40,42,1.05,SIN-166571436-2|qp10
2.0,50.0,10.0,4.0,27,1.39,0.48,1.3348238031914612,6016,0.0626666666666672,40,40,1.0,SIN-166571436-2|qp10
2.0,50.0,24.0,4.0,9,1.39,0.48,1.263901796880146,15193,0.1582604166666674,96,94,0.9791666666666666,SIN-166571436-2|qp24
2.0,50.0,24.0,4.0,21,1.39,0.48,1.2288396357658302,15814,0.1647291666666661,96,96,1.0,SIN-166571436-2|qp24
2.0,50.0,10.0,4.0,3,1.39,0.48,1.2238490623109832,6612,0.0688749999999998,40,42,1.05,SIN-166571436-3|qp10
2.0,50.0,10.0,4.0,15,1.39,0.48,1.2600337423312984,6520,0.067916666666666,40,41,1.025,SIN-166571436-3|qp10
2.0,50.0,10.0,4.0,27,1.39,0.48,1.2731713072203583,6357,0.06621875,40,40,1.0,SIN-166571436-3|qp10
2.0,50.0,24.0,4.0,9,1.39,0.48,1.1924489795918318,16366,0.1704791666666678,96,93,0.96875,SIN-166571436-3|qp24
2.0,50.0,24.0,4.0,21,1.39,0.48,1.136574916503582,17366,0.1808958333333342,96,95,0.9895833333333334,SIN-166571436-3|qp24
1.8,50.0,22.0,4.0,3,1.39,0.48,1.2209898685651346,14608,0.1690740740740791,88,89,1.0113636363636365,SIN-170969415-0|qp22
1.8,50.0,22.0,4.0,15,1.39,0.48,1.2524959412720005,14167,0.1639699074074118,88,87,0.9886363636363636,SIN-170969415-0|qp22
1.8,50.0,22.0,4.0,27,1.39,0.48,1.2678675317268335,14026,0.1623379629629671,88,88,1.0,SIN-170969415-0|qp22
1.8,50.0,9.0,4.0,9,1.39,0.48,1.3031315648922686,5617,0.065011574074073,36,36,1.0,SIN-170969415-0|qp9
1.8,50.0,9.0,4.0,21,1.39,0.48,1.2752450811184282,5794,0.0670601851851853,36,36,1.0,SIN-170969415-0|qp9
2.0,50.0,10.0,4.0,3,1.39,0.48,1.264625676967223,6278,0.0653958333333337,40,41,1.025,SIN-190681368-0|qp10
2.0,50.0,10.0,4.0,15,1.39,0.48,1.301835392266973,6233,0.0649270833333322,40,42,1.05,SIN-190681368-0|qp10
2.0,50.0,10.0,4.0,27,1.39,0.48,1.2970382372002258,6172,0.0642916666666672,40,40,1.0,SIN-190681368-0|qp10
2.0,50.0,24.0,4.0,9,1.39,0.48,1.1875111355177046,16389,0.1707187499999997,96,94,0.9791666666666666,SIN-190681368-0|qp24
2.0,50.0,24.0,4.0,21,1.39,0.48,1.195016280641463,16277,0.1695520833333325,96,96,1.0,SIN-190681368-0|qp24
2.0,50.0,10.0,4.0,3,1.39,0.48,1.2338606720884164,6517,0.0678854166666662,40,42,1.05,SIN-197634752-1|qp10
2.0,50.0,10.0,4.0,15,1.39,0.48,1.264562702452578,6483,0.0675312500000001,40,42,1.05,SIN-197634752-1|qp10
2.0,50.0,10.0,4.0,27,1.39,0.48,1.279532769893128,6271,0.0653229166666667,40,40,1.0,SIN-197634752-1|qp10
2.0,50.0,24.0,4.0,9,1.39,0.48,1.19961857585137,16150,0.1682291666666675,96,96,1.0,SIN-197634752-1|qp24
2.0,50.0,24.0,4.0,21,1.39,0.48,1.1704348086842289,16674,0.173687499999999,96,94,0.9791666666666666,SIN-197634752-1|qp24
2.0,50.0,10.0,4.0,3,1.39,0.48,1.2444828665310967,6391,0.0665729166666667,40,41,1.025,SIN-198571185-1|qp10
2.0,50.0,10.0,4.0,15,1.39,0.48,1.298658943024924,6301,0.0656354166666662,40,41,1.025,SIN-198571185-1|qp10
2.0,50.0,10.0,4.0,27,1.39,0.48,1.290449854885488,6202,0.0646041666666669,40,40,1.0,SIN-198571185-1|qp10
2.0,50.0,24.0,4.0,9,1.39,0.48,1.2235848697965797,15783,0.16440625,96,96,1.0,SIN-198571185-1|qp24
2.0,50.0,24.0,4.0,21,1.39,0.48,1.1694194711538988,16640,0.1733333333333334,96,93,0.96875,SIN-198571185-1|qp24
2.0,50.0,10.0,4.0,3,1.39,0.48,1.2449365700861772,6385,0.0665104166666667,40,41,1.025,SIN-198571185-2|qp10
2.0,50.0,10.0,4.0,15,1.39,0.48,1.3075637530072253,6235,0.0649479166666662,40,41,1.025,SIN-198571185-2|qp10
2.0,50.0,10.0,4.0,27,1.39,0.48,1.29053692357301,6202,0.0646041666666669,40,40,1.0,SIN-198571185-2|qp10
2.0,50.0,24.0,4.0,9,1.39,0.48,1.2280274301605016,15822,0.1648125000000004,96,94,0.9791666666666666,SIN-198571185-2|qp24
2.0,50.0,24.0,4.0,21,1.39,0.48,1.1994820865045983,16161,0.1683437499999998,96,94,0.9791666666666666,SIN-198571185-2|qp24
2.0,50.0,10.0,4.0,3,1.39,0.48,1.244519561815374,6390,0.0665625,40,41,1.025,SIN-198571185-3|qp10
2.0,50.0,10.0,4.0,15,1.39,0.48,1.305912221688298,6243,0.0650312499999995,40,41,1.025,SIN-198571185-3|qp10
2.0,50.0,10.0,4.0,27,1.39,0.48,1.2904500725923211,6199,0.0645729166666669,40,40,1.0,SIN-198571185-3|qp10
2.0,50.0,24.0,4.0,9,1.39,0.48,1.2294907524701963,15788,0.1644583333333335,96,94,0.9791666666666666,SIN-198571185-3|qp24
2.0,50.0,24.0,4.0,21,1.39,0.48,1.1902038068425789,16339,0.1701979166666662,96,94,0.9791666666666666,SIN-198571185-3|qp24
2.0,50.0,10.0,4.0,3,1.39,0.48,1.255040970690233,6346,0.0661041666666666,40,41,1.025,SIN-200167221-1|qp10
2.0,50.0,10.0,4.0,15,1.39,0.48,1.3049951876804726,6234,0.0649374999999994,40,41,1.025,SIN-200167221-1|qp10
2.0,50.0,10.0,4.0,27,1.39,0.48,1.3187347410095358,6062,0.0631458333333339,40,40,1.0,SIN-200167221-1|qp10
2.0,50.0,24.0,4.0,9,1.39,0.48,1.1873034887310745,16195,0.1686979166666684,96,93,0.96875,SIN-200167221-1|qp24
2.0,50.0,24.0,4.0,21,1.39,0.48,1.1708930697785962,16796,0.1749583333333342,96,93,0.96875,SIN-200167221-1|qp24
2.0,50.0,10.0,4.0,3,1.39,0.48,1.1655289564220457,6976,0.072666666666666,40,40,1.0,SIN-200171267-0|qp10
2.0,50.0,10.0,4.0,15,1.39,0.48,1.2087477744807131,6740,0.0702083333333336,40,42,1.05,SIN-200171267-0|qp10
2.0,50.0,10.0,4.0,27,1.39,0.48,1.2306550416982376,6595,0.0686979166666656,40,40,1.0,SIN-200171267-0|qp10
2.0,50.0,24.0,4.0,9,1.39,0.48,1.1646614042376229,16849,0.1755104166666662,96,95,0.9895833333333334,SIN-200171267-0|qp24
2.0,50.0,24.0,4.0,21,1.39,0.48,1.1540267467892598,16974,0.1768125,96,93,0.96875,SIN-200171267-0|qp24
2.0,50.0,10.0,4.0,3,1.39,0.48,1.1902603861907866,6836,0.0712083333333326,40,41,1.025,SIN-200171267-2|qp10
2.0,50.0,10.0,4.0,15,1.39,0.48,1.221194801358745,6771,0.0705312499999996,40,42,1.05,SIN-200171267-2|qp10
2.0,50.0,10.0,4.0,27,1.39,0.48,1.233198668482348,6609,0.0688437499999996,40,40,1.0,SIN-200171267-2|qp10
2.0,50.0,24.0,4.0,9,1.39,0.48,1.1398874198949105,17321,0.1804270833333366,96,94,0.9791666666666666,SIN-200171267-2|qp24
2.0,50.0,24.0,4.0,21,1.39,0.48,1.0598903321976312,18784,0.1956666666666672,96,93,0.96875,SIN-200171267-2|qp24
2.0,50.0,10.0,4.0,3,1.39,0.48,1.2037541328524493,6654,0.0693124999999993,40,42,1.05,SIN-200171268-0|qp10
2.0,50.0,10.0,4.0,15,1.39,0.48,1.2355629238884822,6635,0.0691145833333332,40,42,1.05,SIN-200171268-0|qp10
2.0,50.0,10.0,4.0,27,1.39,0.48,1.22676327769345,6590,0.068645833333333,40,40,1.0,SIN-200171268-0|qp10
2.0,50.0,24.0,4.0,9,1.39,0.48,1.150803398769387,17065,0.1777604166666679,96,95,0.9895833333333334,SIN-200171268-0|qp24
2.0,50.0,24.0,4.0,21,1.39,0.48,1.1050839342046352,17752,0.1849166666666669,96,93,0.96875,SIN-200171268-0|qp24
2.0,50.0,10.0,4.0,3,1.39,0.48,1.2261730272160898,6577,0.0685104166666668,40,42,1.05,SIN-200171268-4|qp10
2.0,50.0,10.0,4.0,15,1.39,0.48,1.2620175709001278,6488,0.0675833333333329,40,42,1.05,SIN-200171268-4|qp10
2.0,50.0,10.0,4.0,27,1.39,0.48,1.2665298798564195,6409,0.0667604166666661,40,40,1.0,SIN-200171268-4|qp10
2.0,50.0,24.0,4.0,9,1.39,0.48,1.1473803980910031,17182,0.1789791666666669,96,93,0.96875,SIN-200171268-4|qp24
2.0,50.0,24.0,4.0,21,1.39,0.48,1.1144923285198929,17728,0.1846666666666675,96,94,0.9791666666666666,SIN-200171268-4|qp24
1.8,50.0,27.0,4.0,3,1.39,0.48,1.1524220460944523,19178,0.2219675925925948,108,111,1.0277777777777777,SIN-22811726-0|qp27
1.8,50.0,27.0,4.0,15,1.39,0.48,1.0558053214657417,21122,0.2444675925925974,108,103,0.9537037037037036,SIN-22811726-0|qp27
1.8,50.0,27.0,4.0,27,1.39,0.48,1.1164649380381395,20093,0.2325578703703732,108,109,1.0092592592592593,SIN-22811726-0|qp27
1.8,50.0,27.0,4.0,9,1.39,0.48,1.0878080912352992,20343,0.2354513888888905,108,108,1.0,SIN-22811727-0|qp27
1.8,50.0,27.0,4.0,21,1.39,0.48,1.0986849818669877,20129,0.232974537037038,108,108,1.0,SIN-22811727-0|qp27
1.8,50.0,27.0,4.0,3,1.39,0.48,1.1496141649048688,5676,0.0656944444444433,108,107,0.9907407407407408,SIN-22811728-0|qp27
1.8,50.0,27.0,4.0,15,1.39,0.48,1.1469197131362547,5717,0.066168981481481,108,108,1.0,SIN-22811728-0|qp27
1.8,50.0,27.0,4.0,27,1.39,0.48,1.179904898618323,5573,0.0645023148148142,108,108,1.0,SIN-22811728-0|qp27
1.8,50.0,45.0,4.0,9,1.39,0.48,1.0665448147786205,10231,0.1184143518518512,180,182,1.011111111111111,SIN-22811728-0|qp45
1.8,50.0,45.0,4.0,21,1.39,0.48,1.125008800082814,9659,0.111793981481482,180,180,1.0,SIN-22811728-0|qp45
1.8,50.0,22.0,4.0,3,1.39,0.48,1.1386931853999722,15863,0.1835995370370423,88,88,1.0,SIN-22928582-0|qp22
1.8,50.0,22.0,4.0,15,1.39,0.48,1.1543973754618817,15698,0.1816898148148213,88,88,1.0,SIN-22928582-0|qp22
1.8,50.0,22.0,4.0,27,1.39,0.48,1.171068835882831,15428,0.1785648148148222,88,89,1.0113636363636365,SIN-22928582-0|qp22
1.8,50.0,9.0,4.0,9,1.39,0.48,1.2587211703958476,5810,0.0672453703703694,36,36,1.0,SIN-22928582-0|qp9
1.8,50.0,9.0,4.0,21,1.39,0.48,1.216069505628999,6129,0.0709375000000001,36,36,1.0,SIN-22928582-0|qp9
1.8,50.0,22.0,4.0,3,1.39,0.48,1.1409372833280542,15865,0.1836226851851907,88,86,0.9772727272727272,SIN-22928582-1|qp22
1.8,50.0,22.0,4.0,15,1.39,0.48,1.194034632034668,15015,0.1737847222222277,88,88,1.0,SIN-22928582-1|qp22
1.8,50.0,22.0,4.0,27,1.39,0.48,1.2224550531190637,14684,0.1699537037037103,88,88,1.0,SIN-22928582-1|qp22
1.8,50.0,9.0,4.0,9,1.39,0.48,1.212691487616843,6097,0.0705671296296285,36,36,1.0,SIN-22928582-1|qp9
1.8,50.0,9.0,4.0,21,1.39,0.48,1.18187113156644,6301,0.0729282407407411,36,35,0.9722222222222222,SIN-22928582-1|qp9
1.8,50.0,22.0,4.0,3,1.39,0.48,1.1178332609639354,16121,0.186585648148152,88,87,0.9886363636363636,SIN-22928582-2|qp22
1.8,50.0,22.0,4.0,15,1.39,0.48,1.1620460142579596,15430,0.1785879629629675,88,88,1.0,SIN-22928582-2|qp22
1.8,50.0,22.0,4.0,27,1.39,0.48,1.171088106295164,15504,0.1794444444444513,88,87,0.9886363636363636,SIN-22928582-2|qp22
1.8,50.0,9.0,4.0,9,1.39,0.48,1.2278939469734649,5997,0.0694097222222209,36,36,1.0,SIN-22928582-2|qp9
1.8,50.0,9.0,4.0,21,1.39,0.48,1.1989282823377292,6177,0.0714930555555555,36,36,1.0,SIN-22928582-2|qp9
3.0,50.0,15.0,4.0,3,1.39,0.48,0.9516680837906928,12937,0.0898402777777771,60,63,1.05,SIN-546209379-0|qp15
3.0,50.0,15.0,4.0,15,1.39,0.48,1.0145288174892686,12076,0.0838611111111108,60,60,1.0,SIN-546209379-0|qp15
3.0,50.0,15.0,4.0,27,1.39,0.48,0.9805195830701248,12664,0.0879444444444439,60,59,0.9833333333333332,SIN-546209379-0|qp15
3.0,50.0,36.0,4.0,9,1.39,0.48,0.7309010444760161,40786,0.283236111111118,144,137,0.9513888888888888,SIN-546209379-0|qp36
3.0,50.0,36.0,4.0,21,1.39,0.48,0.7519810026921373,39374,0.2734305555555588,144,142,0.9861111111111112,SIN-546209379-0|qp36
3.0,50.0,15.0,4.0,3,1.39,0.48,1.305202987983172,9237,0.0641458333333328,60,62,1.0333333333333334,SIN-546209379-1|qp15
3.0,50.0,15.0,4.0,15,1.39,0.48,1.3197895890411602,9125,0.0633680555555548,60,59,0.9833333333333332,SIN-546209379-1|qp15
3.0,50.0,15.0,4.0,27,1.39,0.48,1.3278358782818782,9103,0.0632152777777769,60,59,0.9833333333333332,SIN-546209379-1|qp15
3.0,50.0,36.0,4.0,9,1.39,0.48,1.238868541808226,23536,0.1634444444444424,144,146,1.0138888888888888,SIN-546209379-1|qp36
3.0,50.0,36.0,4.0,21,1.39,0.48,1.203167413306835,24108,0.1674166666666655,144,139,0.9652777777777778,SIN-546209379-1|qp36
3.0,50.0,15.0,4.0,3,1.39,0.48,1.3048811324833065,9254,0.0642638888888884,60,62,1.0333333333333334,SIN-546209379-2|qp15
3.0,50.0,15.0,4.0,15,1.39,0.48,1.3211747913922418,9108,0.0632499999999992,60,59,0.9833333333333332,SIN-546209379-2|qp15
3.0,50.0,15.0,4.0,27,1.39,0.48,1.3291642841433835,9094,0.0631527777777769,60,59,0.9833333333333332,SIN-546209379-2|qp15
3.0,50.0,36.0,4.0,9,1.39,0.48,1.241988429397826,23335,0.1620486111111094,144,148,1.0277777777777777,SIN-546209379-2|qp36
3.0,50.0,36.0,4.0,21,1.39,0.48,1.2073874060852727,24091,0.1672986111111104,144,140,0.9722222222222222,SIN-546209379-2|qp36
1.8,50.0,22.0,4.0,3,1.39,0.48,1.18643226196064,14903,0.1724884259259305,88,86,0.9772727272727272,SIN-74587409-1|qp22
1.8,50.0,22.0,4.0,15,1.39,0.48,1.2120886586842927,14866,0.1720601851851902,88,88,1.0,SIN-74587409-1|qp22
1.8,50.0,22.0,4.0,27,1.39,0.48,1.1813242069238077,15194,0.1758564814814869,88,87,0.9886363636363636,SIN-74587409-1|qp22
1.8,50.0,9.0,4.0,9,1.39,0.48,1.3004501434720008,5576,0.0645370370370358,36,36,1.0,SIN-74587409-1|qp9
1.8,50.0,9.0,4.0,21,1.39,0.48,1.2589144229120477,5831,0.0674884259259261,36,36,1.0,SIN-74587409-1|qp9
1.8,50.0,22.0,4.0,3,1.39,0.48,1.1421056977703967,15743,0.1822106481481523,88,86,0.9772727272727272,SIN-74587409-2|qp22
1.8,50.0,22.0,4.0,15,1.39,0.48,1.2096989405927754,14914,0.1726157407407459,88,88,1.0,SIN-74587409-2|qp22
1.8,50.0,22.0,4.0,27,1.39,0.48,1.2111279782164983,14690,0.1700231481481543,88,86,0.9772727272727272,SIN-74587409-2|qp22
1.8,50.0,9.0,4.0,9,1.39,0.48,1.3007376166546816,5572,0.0644907407407395,36,36,1.0,SIN-74587409-2|qp9
1.8,50.0,9.0,4.0,21,1.39,0.48,1.2570268872802766,5802,0.067152777777778,36,36,1.0,SIN-74587409-2|qp9
2.5,50.0,12.0,4.0,3,1.39,0.48,1.302572242572309,7371,0.0614250000000007,48,48,1.0,TYO-1323228545-3|qp12
2.5,50.0,12.0,4.0,15,1.39,0.48,1.335969239296079,7217,0.0601416666666678,48,48,1.0,TYO-1323228545-3|qp12
2.5,50.0,12.0,4.0,27,1.39,0.48,1.330892906431119,7246,0.0603833333333346,48,47,0.9791666666666666,TYO-1323228545-3|qp12
2.5,50.0,30.0,4.0,9,1.39,0.48,1.2276722322117108,19465,0.1622083333333338,120,117,0.975,TYO-1323228545-3|qp30
2.5,50.0,30.0,4.0,21,1.39,0.48,1.2398890258940076,19464,0.162200000000002,120,120,1.0,TYO-1323228545-3|qp30
2.5,50.0,50.0,4.0,10,1.39,0.48,1.085589845532159,30686,0.2557166666666599,96,139,1.4479166666666667,AMS-1073074102-0|qp50
2.5,50.0,50.0,4.0,22,1.39,0.48,1.0935275905529769,36498,0.3041499999999988,198,196,0.98989898989899,AMS-1073074102-0|qp50
1.2,50.0,14.0,4.0,4,1.39,0.48,1.2548751802950897,9013,0.1564756944444441,56,57,1.0178571428571428,AMS-244428233-0|qp14
1.2,50.0,14.0,4.0,16,1.39,0.48,1.260686637495739,8913,0.1547395833333347,56,55,0.9821428571428572,AMS-244428233-0|qp14
1.2,50.0,14.0,4.0,28,1.39,0.48,1.2618738799283429,8928,0.1550000000000033,56,55,0.9821428571428572,AMS-244428233-0|qp14
1.2,50.0,6.0,4.0,10,1.39,0.48,1.3131217931407353,3703,0.0642881944444446,24,24,1.0,AMS-244428233-0|qp6
1.2,50.0,6.0,4.0,22,1.39,0.48,1.2903979564399004,3719,0.0645659722222224,24,24,1.0,AMS-244428233-0|qp6
2.5,50.0,12.0,4.0,4,1.39,0.48,1.2561590261590092,3861,0.0321750000000003,48,48,1.0,AMS-4480498-0|qp12
2.5,50.0,12.0,4.0,16,1.39,0.48,1.2680799169693862,3854,0.0321166666666669,48,48,1.0,AMS-4480498-0|qp12
2.5,50.0,12.0,4.0,28,1.39,0.48,1.2921889095250565,3769,0.0314083333333338,48,48,1.0,AMS-4480498-0|qp12
2.5,50.0,30.0,4.0,10,1.39,0.48,1.191582488299496,10256,0.0854666666666675,120,122,1.0166666666666666,AMS-4480498-0|qp30
2.5,50.0,30.0,4.0,22,1.39,0.48,1.206537508671106,10091,0.0840916666666673,120,119,0.9916666666666668,AMS-4480498-0|qp30
3.6,50.0,18.0,4.0,4,1.39,0.48,1.2249324033410651,11613,0.0672048611111114,72,73,1.0138888888888888,AMS-4480626-0|qp18
3.6,50.0,18.0,4.0,16,1.39,0.48,1.2106269961337512,11898,0.068854166666667,72,70,0.9722222222222222,AMS-4480626-0|qp18
3.6,50.0,18.0,4.0,28,1.39,0.48,1.2307566727131654,11577,0.0669965277777773,72,72,1.0,AMS-4480626-0|qp18
3.6,50.0,43.0,4.0,10,1.39,0.48,1.0279316423172464,33471,0.1936979166666673,172,172,1.0,AMS-4480626-0|qp43
3.6,50.0,43.0,4.0,22,1.39,0.48,1.0434531481649494,33051,0.1912673611111111,172,174,1.0116279069767442,AMS-4480626-0|qp43
3.6,50.0,18.0,4.0,4,1.39,0.48,1.3347125581395118,10750,0.0622106481481483,72,74,1.0277777777777777,AMS-4480644-0|qp18
3.6,50.0,18.0,4.0,16,1.39,0.48,1.3236775476986562,11059,0.0639988425925923,72,70,0.9722222222222222,AMS-4480644-0|qp18
3.6,50.0,18.0,4.0,28,1.39,0.48,1.323600991098488,10897,0.063061342592592,72,71,0.9861111111111112,AMS-4480644-0|qp18
3.6,50.0,43.0,4.0,10,1.39,0.48,1.21038019636516,28722,0.1662152777777774,172,171,0.994186046511628,AMS-4480644-0|qp43
3.6,50.0,43.0,4.0,22,1.39,0.48,1.237720177574077,27932,0.1616435185185194,172,171,0.994186046511628,AMS-4480644-0|qp43
2.5,50.0,12.0,4.0,4,1.39,0.48,1.3037126234609844,7391,0.0615916666666676,48,48,1.0,AMS-4495978-0|qp12
2.5,50.0,12.0,4.0,16,1.39,0.48,1.3128919907846652,7379,0.0614916666666678,48,49,1.0208333333333333,AMS-4495978-0|qp12
2.5,50.0,12.0,4.0,28,1.39,0.48,1.313594003241504,7404,0.061700000000001,48,47,0.9791666666666666,AMS-4495978-0|qp12
2.5,50.0,30.0,4.0,10,1.39,0.48,1.2191979573445653,19974,0.1664500000000021,120,118,0.9833333333333332,AMS-4495978-0|qp30
2.5,50.0,30.0,4.0,22,1.39,0.48,1.2473901540696486,19277,0.1606416666666684,120,119,0.9916666666666668,AMS-4495978-0|qp30
2.5,50.0,12.0,4.0,4,1.39,0.48,1.1675281523703664,7193,0.0599416666666676,48,48,1.0,AMS-4495979-0|qp12
2.5,50.0,12.0,4.0,16,1.39,0.48,1.1745933081338256,7143,0.059525000000001,48,48,1.0,AMS-4495979-0|qp12
2.5,50.0,12.0,4.0,28,1.39,0.48,1.170077134986239,7260,0.0605000000000008,48,48,1.0,AMS-4495979-0|qp12
2.5,50.0,30.0,4.0,10,1.39,0.48,1.1509170570404983,18145,0.1512083333333341,120,121,1.0083333333333333,AMS-4495979-0|qp30
2.5,50.0,30.0,4.0,22,1.39,0.48,1.1719777127420463,17768,0.1480666666666653,120,120,1.0,AMS-4495979-0|qp30
2.5,50.0,12.0,4.0,4,1.39,0.48,1.1285306787751817,8589,0.0715750000000015,48,49,1.0208333333333333,AMS-4496429-0|qp12
2.5,50.0,12.0,4.0,16,1.39,0.48,1.158801502523776,8519,0.070991666666668,48,47,0.9791666666666666,AMS-4496429-0|qp12
2.5,50.0,12.0,4.0,28,1.39,0.48,1.133461935928364,8709,0.0725750000000011,48,50,1.0416666666666667,AMS-4496429-0|qp12
2.5,50.0,30.0,4.0,10,1.39,0.48,0.8970704525288437,28175,0.2347916666666681,120,119,0.9916666666666668,AMS-4496429-0|qp30
2.5,50.0,30.0,4.0,22,1.39,0.48,0.9538210417543852,26129,0.2177416666666669,120,121,1.0083333333333333,AMS-4496429-0|qp30
2.5,50.0,12.0,4.0,4,1.39,0.48,1.3160312243221224,7302,0.0608500000000008,48,50,1.0416666666666667,AMS-7370864-0|qp12
2.5,50.0,12.0,4.0,16,1.39,0.48,1.335058203991138,7216,0.0601333333333345,48,49,1.0208333333333333,AMS-7370864-0|qp12
2.5,50.0,12.0,4.0,28,1.39,0.48,1.3263472070098807,7304,0.0608666666666678,48,47,0.9791666666666666,AMS-7370864-0|qp12
2.5,50.0,30.0,4.0,10,1.39,0.48,1.2452399015788556,19508,0.1625666666666683,120,119,0.9916666666666668,AMS-7370864-0|qp30
2.5,50.0,30.0,4.0,22,1.39,0.48,1.273307003127835,18863,0.1571916666666679,120,119,0.9916666666666668,AMS-7370864-0|qp30
4.0,50.0,80.0,4.0,4,1.39,0.48,1.011969464197938,63139,0.3288489583333344,320,317,0.990625,AMS-7371505-0|qp80
4.0,50.0,80.0,4.0,16,1.39,0.48,0.9787954342057568,63691,0.3317239583333334,320,318,0.99375,AMS-7371505-0|qp80
4.0,50.0,80.0,4.0,28,1.39,0.48,0.9857843317972956,65100,0.3390625000000007,320,316,0.9875,AMS-7371505-0|qp80
4.0,50.0,100.0,4.0,10,1.39,0.48,0.8188195929277028,97280,0.506666666666666,400,393,0.9825,AMS-7371505-3|qp100
4.0,50.0,100.0,4.0,22,1.39,0.48,0.8572941690093185,93912,0.4891250000000022,400,399,0.9975,AMS-7371505-3|qp100
4.0,50.0,60.0,4.0,4,1.39,0.48,1.1871058566929316,40347,0.2101406250000008,240,245,1.0208333333333333,AMS-7371505-3|qp60
4.0,50.0,60.0,4.0,16,1.39,0.48,1.165372096965754,41293,0.2150677083333319,240,239,0.9958333333333332,AMS-7371505-3|qp60
4.0,50.0,60.0,4.0,28,1.39,0.48,1.1042967068199894,43666,0.227427083333331,240,247,1.0291666666666666,AMS-7371505-3|qp60
2.5,50.0,38.0,4.0,10,1.39,0.48,1.1846478708924573,25715,0.2142916666666706,152,152,1.0,LON-4082553-0|qp38
2.5,50.0,38.0,4.0,22,1.39,0.48,1.2285296005133095,24932,0.207766666666668,152,153,1.006578947368421,LON-4082553-0|qp38
2.5,50.0,62.0,4.0,4,1.39,0.48,1.0518856301334418,48212,0.4017666666666658,248,249,1.0040322580645162,LON-4082553-0|qp62
2.5,50.0,62.0,4.0,16,1.39,0.48,0.9932958898644296,50120,0.4176666666666702,248,240,0.967741935483871,LON-4082553-0|qp62
2.5,50.0,62.0,4.0,28,1.39,0.48,1.0719942602040609,47040,0.3919999999999983,248,253,1.0201612903225807,LON-4082553-0|qp62
2.5,50.0,38.0,4.0,10,1.39,0.48,1.20466933312213,25252,0.210433333333337,152,154,1.013157894736842,LON-4082554-0|qp38
2.5,50.0,38.0,4.0,22,1.39,0.48,1.2318522096111664,24846,0.2070500000000008,152,152,1.0,LON-4082554-0|qp38
2.5,50.0,62.0,4.0,4,1.39,0.48,1.0569479555479273,47152,0.3929333333333328,248,247,0.995967741935484,LON-4082554-0|qp62
2.5,50.0,62.0,4.0,16,1.39,0.48,1.0640126833373404,33272,0.2772666666666618,156,166,1.064102564102564,LON-4082554-0|qp62
2.5,50.0,62.0,4.0,28,1.39,0.48,1.0465250220571696,48737,0.4061416666666655,248,255,1.028225806451613,LON-4082554-0|qp62
2.5,50.0,38.0,4.0,10,1.39,0.48,1.1965338159499508,25417,0.2118083333333356,152,154,1.013157894736842,LON-4082592-0|qp38
2.5,50.0,38.0,4.0,22,1.39,0.48,1.2341719128329234,24780,0.2065000000000002,152,151,0.993421052631579,LON-4082592-0|qp38
2.5,50.0,62.0,4.0,4,1.39,0.48,1.0855349691923972,46255,0.3854583333333294,248,248,1.0,LON-4082592-0|qp62
2.5,50.0,62.0,4.0,16,1.39,0.48,1.1343043798309027,38038,0.3169833333333327,248,211,0.8508064516129032,LON-4082592-0|qp62
2.5,50.0,62.0,4.0,28,1.39,0.48,1.0716777686142454,47289,0.3940749999999973,248,253,1.0201612903225807,LON-4082592-0|qp62
2.5,50.0,50.0,4.0,10,1.39,0.48,1.1497642163661452,12978,0.1081500000000002,200,181,0.905,SIN-1105987650-1|qp50
2.5,50.0,50.0,4.0,22,1.39,0.48,1.1839347471452035,12260,0.1021666666666677,200,176,0.88,SIN-1105987650-1|qp50
2.0,50.0,10.0,4.0,4,1.39,0.48,1.24637281553397,2575,0.0268229166666659,40,40,1.0,SIN-131164229-0|qp10
2.0,50.0,10.0,4.0,16,1.39,0.48,1.2466821525358087,2583,0.0269062499999993,40,41,1.025,SIN-131164229-0|qp10
2.0,50.0,10.0,4.0,28,1.39,0.48,1.2414861751151836,2604,0.0271249999999992,40,41,1.025,SIN-131164229-0|qp10
2.0,50.0,24.0,4.0,10,1.39,0.48,1.1590141268409977,6654,0.0693124999999994,96,95,0.9895833333333334,SIN-131164229-0|qp24
2.0,50.0,24.0,4.0,22,1.39,0.48,1.2270631377551176,6272,0.0653333333333336,96,96,1.0,SIN-131164229-0|qp24
1.8,50.0,22.0,4.0,4,1.39,0.48,1.1327239133157971,15966,0.184791666666674,88,88,1.0,SIN-139715353-1|qp22
1.8,50.0,22.0,4.0,16,1.39,0.48,1.0774447497312267,16742,0.1937731481481548,88,87,0.9886363636363636,SIN-139715353-1|qp22
1.8,50.0,22.0,4.0,28,1.39,0.48,1.072586227192434,16990,0.1966435185185236,88,89,1.0113636363636365,SIN-139715353-1|qp22
1.8,50.0,9.0,4.0,10,1.39,0.48,1.2079819524200135,6095,0.0705439814814809,36,37,1.0277777777777777,SIN-139715353-1|qp9
1.8,50.0,9.0,4.0,22,1.39,0.48,1.2062109246462678,6078,0.0703472222222222,36,37,1.0277777777777777,SIN-139715353-1|qp9
3.0,50.0,15.0,4.0,4,1.39,0.48,1.2369093670885705,9875,0.0685763888888881,60,60,1.0,SIN-1464509030-0|qp15
3.0,50.0,15.0,4.0,16,1.39,0.48,1.2638184105682062,9538,0.0662361111111107,60,59,0.9833333333333332,SIN-1464509030-0|qp15
3.0,50.0,15.0,4.0,28,1.39,0.48,1.2296048387096508,9920,0.0688888888888878,60,58,0.9666666666666668,SIN-1464509030-0|qp15
3.0,50.0,36.0,4.0,10,1.39,0.48,1.1133542881090557,26247,0.1822708333333321,144,144,1.0,SIN-1464509030-0|qp36
3.0,50.0,36.0,4.0,22,1.39,0.48,1.155347882710384,25339,0.1759652777777765,144,144,1.0,SIN-1464509030-0|qp36
2.0,50.0,10.0,4.0,4,1.39,0.48,1.348978260869565,5980,0.0622916666666663,40,41,1.025,SIN-166571436-2|qp10
2.0,50.0,10.0,4.0,16,1.39,0.48,1.3412799339388637,6055,0.0630729166666668,40,40,1.0,SIN-166571436-2|qp10
2.0,50.0,10.0,4.0,28,1.39,0.48,1.3597487352445377,5930,0.0617708333333326,40,40,1.0,SIN-166571436-2|qp10
2.0,50.0,24.0,4.0,10,1.39,0.48,1.2622200224377846,15153,0.1578437499999993,96,96,1.0,SIN-166571436-2|qp24
2.0,50.0,24.0,4.0,22,1.39,0.48,1.3420108009538496,14258,0.1485208333333338,96,97,1.0104166666666667,SIN-166571436-2|qp24
2.0,50.0,10.0,4.0,4,1.39,0.48,1.283993720565145,6370,0.0663541666666663,40,41,1.025,SIN-166571436-3|qp10
2.0,50.0,10.0,4.0,16,1.39,0.48,1.2851802298126602,6353,0.0661770833333337,40,40,1.0,SIN-166571436-3|qp10
2.0,50.0,10.0,4.0,28,1.39,0.48,1.2646660482374863,6468,0.0673749999999989,40,40,1.0,SIN-166571436-3|qp10
2.0,50.0,24.0,4.0,10,1.39,0.48,1.2031618056845397,16149,0.1682187499999992,96,97,1.0104166666666667,SIN-166571436-3|qp24
2.0,50.0,24.0,4.0,22,1.39,0.48,1.2374951014474342,15821,0.1648020833333329,96,99,1.03125,SIN-166571436-3|qp24
1.8,50.0,22.0,4.0,4,1.39,0.48,1.2657032645189028,13999,0.1620254629629671,88,88,1.0,SIN-170969415-0|qp22
1.8,50.0,22.0,4.0,16,1.39,0.48,1.2369200806844547,14377,0.1664004629629681,88,89,1.0113636363636365,SIN-170969415-0|qp22
1.8,50.0,22.0,4.0,28,1.39,0.48,1.1869931328755114,14999,0.1735995370370405,88,88,1.0,SIN-170969415-0|qp22
1.8,50.0,9.0,4.0,10,1.39,0.48,1.2720763888888844,5760,0.0666666666666656,36,37,1.0277777777777777,SIN-170969415-0|qp9
1.8,50.0,9.0,4.0,22,1.39,0.48,1.3008355650776655,5601,0.0648263888888881,36,37,1.0277777777777777,SIN-170969415-0|qp9
2.0,50.0,10.0,4.0,4,1.39,0.48,1.3019284678588674,6207,0.0646562499999991,40,41,1.025,SIN-190681368-0|qp10
2.0,50.0,10.0,4.0,16,1.39,0.48,1.311045741069959,6187,0.0644479166666665,40,40,1.0,SIN-190681368-0|qp10
2.0,50.0,10.0,4.0,28,1.39,0.48,1.3010223228728712,6182,0.0643958333333322,40,40,1.0,SIN-190681368-0|qp10
2.0,50.0,24.0,4.0,10,1.39,0.48,1.1913040523844762,16188,0.1686250000000006,96,95,0.9895833333333334,SIN-190681368-0|qp24
2.0,50.0,24.0,4.0,22,1.39,0.48,1.246796729122398,15531,0.161781249999999,96,98,1.0208333333333333,SIN-190681368-0|qp24
2.0,50.0,10.0,4.0,4,1.39,0.48,1.277001104275125,6339,0.0660312499999997,40,41,1.025,SIN-197634752-1|qp10
2.0,50.0,10.0,4.0,16,1.39,0.48,1.309431708104592,6194,0.0645208333333336,40,40,1.0,SIN-197634752-1|qp10
2.0,50.0,10.0,4.0,28,1.39,0.48,1.310883163182643,6171,0.0642812499999991,40,40,1.0,SIN-197634752-1|qp10
2.0,50.0,24.0,4.0,10,1.39,0.48,1.1851265900195622,16352,0.1703333333333339,96,98,1.0208333333333333,SIN-197634752-1|qp24
2.0,50.0,24.0,4.0,22,1.39,0.48,1.2442331563120084,15629,0.1628020833333342,96,97,1.0104166666666667,SIN-197634752-1|qp24
2.0,50.0,10.0,4.0,4,1.39,0.48,1.3031459234342475,6243,0.0650312499999993,40,41,1.025,SIN-198571185-1|qp10
2.0,50.0,10.0,4.0,16,1.39,0.48,1.3344997535731562,6087,0.0634062500000002,40,40,1.0,SIN-198571185-1|qp10
2.0,50.0,10.0,4.0,28,1.39,0.48,1.3416243739566094,5990,0.0623958333333325,40,40,1.0,SIN-198571185-1|qp10
2.0,50.0,24.0,4.0,10,1.39,0.48,1.2034450027917258,16119,0.1679062499999991,96,96,1.0,SIN-198571185-1|qp24
2.0,50.0,24.0,4.0,22,1.39,0.48,1.2202256158873832,15912,0.1657500000000005,96,96,1.0,SIN-198571185-1|qp24
2.0,50.0,10.0,4.0,4,1.39,0.48,1.3020106331561168,6207,0.0646562499999994,40,41,1.025,SIN-198571185-2|qp10
2.0,50.0,10.0,4.0,16,1.39,0.48,1.311774245864389,6166,0.0642291666666669,40,40,1.0,SIN-198571185-2|qp10
2.0,50.0,10.0,4.0,28,1.39,0.48,1.34212222407749,5989,0.0623854166666658,40,40,1.0,SIN-198571185-2|qp10
2.0,50.0,24.0,4.0,10,1.39,0.48,1.1658825663663288,16537,0.1722604166666662,96,96,1.0,SIN-198571185-2|qp24
2.0,50.0,24.0,4.0,22,1.39,0.48,1.2161827487205223,16022,0.1668958333333339,96,99,1.03125,SIN-198571185-2|qp24
2.0,50.0,10.0,4.0,4,1.39,0.48,1.2946869009584692,6260,0.0652083333333327,40,41,1.025,SIN-198571185-3|qp10
2.0,50.0,10.0,4.0,16,1.39,0.48,1.3245121355269294,6139,0.063947916666667,40,40,1.0,SIN-198571185-3|qp10
2.0,50.0,10.0,4.0,28,1.39,0.48,1.3419252585919406,5994,0.0624374999999992,40,40,1.0,SIN-198571185-3|qp10
2.0,50.0,24.0,4.0,10,1.39,0.48,1.2020257355237407,16009,0.1667604166666667,96,96,1.0,SIN-198571185-3|qp24
2.0,50.0,24.0,4.0,22,1.39,0.48,1.219523031483703,15913,0.1657604166666667,96,99,1.03125,SIN-198571185-3|qp24
2.0,50.0,10.0,4.0,4,1.39,0.48,1.3042982030111705,6177,0.0643437499999994,40,41,1.025,SIN-200167221-1|qp10
2.0,50.0,10.0,4.0,16,1.39,0.48,1.3147921403052667,6158,0.0641458333333335,40,40,1.0,SIN-200167221-1|qp10
2.0,50.0,10.0,4.0,28,1.39,0.48,1.3169967585089295,6170,0.0642708333333324,40,40,1.0,SIN-200167221-1|qp10
2.0,50.0,24.0,4.0,10,1.39,0.48,1.1774978671541485,16410,0.170937499999998,96,95,0.9895833333333334,SIN-200167221-1|qp24
2.0,50.0,24.0,4.0,22,1.39,0.48,1.239696989150682,15577,0.1622604166666668,96,97,1.0104166666666667,SIN-200167221-1|qp24
2.0,50.0,10.0,4.0,4,1.39,0.48,1.243759536161129,6554,0.0682708333333324,40,41,1.025,SIN-200171267-0|qp10
2.0,50.0,10.0,4.0,16,1.39,0.48,1.225943241224771,6695,0.0697395833333331,40,40,1.0,SIN-200171267-0|qp10
2.0,50.0,10.0,4.0,28,1.39,0.48,1.2575431300061746,6492,0.0676249999999988,38,40,1.0526315789473684,SIN-200171267-0|qp10
2.0,50.0,24.0,4.0,10,1.39,0.48,1.2000618658747677,16164,0.1683749999999997,96,99,1.03125,SIN-200171267-0|qp24
2.0,50.0,24.0,4.0,22,1.39,0.48,1.2286971853157893,15881,0.1654270833333326,96,96,1.0,SIN-200171267-0|qp24
2.0,50.0,10.0,4.0,4,1.39,0.48,1.2427977629987934,6616,0.0689166666666659,40,41,1.025,SIN-200171267-2|qp10
2.0,50.0,10.0,4.0,16,1.39,0.48,1.27106310226917,6434,0.0670208333333338,40,40,1.0,SIN-200171267-2|qp10
2.0,50.0,10.0,4.0,28,1.39,0.48,1.2460411622276149,6608,0.068833333333332,40,40,1.0,SIN-200171267-2|qp10
2.0,50.0,24.0,4.0,10,1.39,0.48,1.1509630150635723,17061,0.1777187499999992,96,97,1.0104166666666667,SIN-200171267-2|qp24
2.0,50.0,24.0,4.0,22,1.39,0.48,1.2177827491921491,16092,0.1676249999999985,96,98,1.0208333333333333,SIN-200171267-2|qp24
2.0,50.0,10.0,4.0,4,1.39,0.48,1.2418668486502915,6594,0.0686874999999993,40,41,1.025,SIN-200171268-0|qp10
2.0,50.0,10.0,4.0,16,1.39,0.48,1.2519591272280055,6508,0.0677916666666674,40,40,1.0,SIN-200171268-0|qp10
2.0,50.0,10.0,4.0,28,1.39,0.48,1.2559271935283272,6428,0.0669583333333326,40,40,1.0,SIN-200171268-0|qp10
2.0,50.0,24.0,4.0,10,1.39,0.48,1.1437664088138595,17064,0.1777499999999995,96,96,1.0,SIN-200171268-0|qp24
2.0,50.0,24.0,4.0,22,1.39,0.48,1.1987175384615592,16250,0.1692708333333349,96,97,1.0104166666666667,SIN-200171268-0|qp24
2.0,50.0,10.0,4.0,4,1.39,0.48,1.2603041474654384,6510,0.0678124999999994,40,41,1.025,SIN-200171268-4|qp10
2.0,50.0,10.0,4.0,16,1.39,0.48,1.2754184952977796,6380,0.0664583333333342,40,40,1.0,SIN-200171268-4|qp10
2.0,50.0,10.0,4.0,28,1.39,0.48,1.2637680037169086,6457,0.0672604166666655,40,40,1.0,SIN-200171268-4|qp10
2.0,50.0,24.0,4.0,10,1.39,0.48,1.1738327233455204,16667,0.173614583333333,96,97,1.0104166666666667,SIN-200171268-4|qp24
2.0,50.0,24.0,4.0,22,1.39,0.48,1.2483777677361292,15491,0.1613645833333338,96,96,1.0,SIN-200171268-4|qp24
1.8,50.0,27.0,4.0,4,1.39,0.48,1.1623834473909265,18704,0.2164814814814852,108,106,0.9814814814814816,SIN-22811726-0|qp27
1.8,50.0,27.0,4.0,16,1.39,0.48,1.1892220214688354,18818,0.2178009259259311,108,110,1.0185185185185186,SIN-22811726-0|qp27
1.8,50.0,27.0,4.0,28,1.39,0.48,1.1628392583594196,18931,0.2191087962963006,108,112,1.037037037037037,SIN-22811726-0|qp27
1.8,50.0,27.0,4.0,10,1.39,0.48,1.0885669275832923,20313,0.2351041666666664,108,110,1.0185185185185186,SIN-22811727-0|qp27
1.8,50.0,27.0,4.0,22,1.39,0.48,1.136334284972724,19265,0.2229745370370415,108,108,1.0,SIN-22811727-0|qp27
1.8,50.0,27.0,4.0,4,1.39,0.48,1.1789330694494469,5558,0.064328703703703,108,109,1.0092592592592593,SIN-22811728-0|qp27
1.8,50.0,27.0,4.0,16,1.39,0.48,1.1918981311835808,5458,0.0631712962962958,108,109,1.0092592592592593,SIN-22811728-0|qp27
1.8,50.0,27.0,4.0,28,1.39,0.48,1.1759698004673864,5563,0.0643865740740728,108,109,1.0092592592592593,SIN-22811728-0|qp27
1.8,50.0,45.0,4.0,10,1.39,0.48,1.0930894715772612,9992,0.1156481481481467,180,180,1.0,SIN-22811728-0|qp45
1.8,50.0,45.0,4.0,22,1.39,0.48,1.102459790912757,9948,0.115138888888889,180,178,0.9888888888888888,SIN-22811728-0|qp45
1.8,50.0,22.0,4.0,4,1.39,0.48,1.177195994277544,15378,0.1779861111111169,88,89,1.0113636363636365,SIN-22928582-0|qp22
1.8,50.0,22.0,4.0,16,1.39,0.48,1.146592569069572,15745,0.1822337962963025,88,88,1.0,SIN-22928582-0|qp22
1.8,50.0,22.0,4.0,28,1.39,0.48,1.139088597940752,15734,0.1821064814814859,88,88,1.0,SIN-22928582-0|qp22
1.8,50.0,9.0,4.0,10,1.39,0.48,1.2184393539881306,6068,0.0702314814814808,36,37,1.0277777777777777,SIN-22928582-0|qp9
1.8,50.0,9.0,4.0,22,1.39,0.48,1.228755443886099,5970,0.0690972222222214,36,37,1.0277777777777777,SIN-22928582-0|qp9
1.8,50.0,22.0,4.0,4,1.39,0.48,1.2206937011115877,14574,0.1686805555555617,88,88,1.0,SIN-22928582-1|qp22
1.8,50.0,22.0,4.0,16,1.39,0.48,1.1688284819214432,15322,0.17733796296297,88,88,1.0,SIN-22928582-1|qp22
1.8,50.0,22.0,4.0,28,1.39,0.48,1.110415872039376,16255,0.1881365740740777,88,90,1.0227272727272727,SIN-22928582-1|qp22
1.8,50.0,9.0,4.0,10,1.39,0.48,1.2093682310469274,6094,0.0705324074074067,36,37,1.0277777777777777,SIN-22928582-1|qp9
1.8,50.0,9.0,4.0,22,1.39,0.48,1.254326495726496,5850,0.067708333333333,36,37,1.0277777777777777,SIN-22928582-1|qp9
1.8,50.0,22.0,4.0,4,1.39,0.48,1.1728688842868098,15452,0.1788425925925988,88,88,1.0,SIN-22928582-2|qp22
1.8,50.0,22.0,4.0,16,1.39,0.48,1.146423575788426,15728,0.1820370370370436,88,90,1.0227272727272727,SIN-22928582-2|qp22
1.8,50.0,22.0,4.0,28,1.39,0.48,1.121301103586663,15948,0.1845833333333394,88,87,0.9886363636363636,SIN-22928582-2|qp22
1.8,50.0,9.0,4.0,10,1.39,0.48,1.197521117608832,6156,0.0712499999999996,36,37,1.0277777777777777,SIN-22928582-2|qp9
1.8,50.0,9.0,4.0,22,1.39,0.48,1.2196608767576496,6045,0.0699652777777772,36,37,1.0277777777777777,SIN-22928582-2|qp9
3.0,50.0,15.0,4.0,4,1.39,0.48,0.9277951298941184,13511,0.0938263888888886,60,58,0.9666666666666668,SIN-546209379-0|qp15
3.0,50.0,15.0,4.0,16,1.39,0.48,1.0367976760081707,11704,0.0812777777777776,60,61,1.0166666666666666,SIN-546209379-0|qp15
3.0,50.0,15.0,4.0,28,1.39,0.48,0.9739062129943784,12667,0.0879652777777774,60,58,0.9666666666666668,SIN-546209379-0|qp15
3.0,50.0,36.0,4.0,10,1.39,0.48,0.8165370000819822,36581,0.2540347222222263,144,143,0.9930555555555556,SIN-546209379-0|qp36
3.0,50.0,36.0,4.0,22,1.39,0.48,0.8202841470104079,36460,0.2531944444444425,144,143,0.9930555555555556,SIN-546209379-0|qp36
3.0,50.0,15.0,4.0,4,1.39,0.48,1.3245596420385743,9163,0.0636319444444433,60,58,0.9666666666666668,SIN-546209379-1|qp15
3.0,50.0,15.0,4.0,16,1.39,0.48,1.328576338840176,9019,0.0626319444444439,60,58,0.9666666666666668,SIN-546209379-1|qp15
3.0,50.0,15.0,4.0,28,1.39,0.48,1.322357410262028,9082,0.0630694444444433,60,59,0.9833333333333332,SIN-546209379-1|qp15
3.0,50.0,36.0,4.0,10,1.39,0.48,1.2119778180743923,23713,0.1646736111111114,144,144,1.0,SIN-546209379-1|qp36
3.0,50.0,36.0,4.0,22,1.39,0.48,1.2385803891448308,23436,0.1627499999999991,144,143,0.9930555555555556,SIN-546209379-1|qp36
3.0,50.0,15.0,4.0,4,1.39,0.48,1.3266184686164433,9129,0.0633958333333323,60,58,0.9666666666666668,SIN-546209379-2|qp15
3.0,50.0,15.0,4.0,16,1.39,0.48,1.328080079857979,9016,0.0626111111111106,60,58,0.9666666666666668,SIN-546209379-2|qp15
3.0,50.0,15.0,4.0,28,1.39,0.48,1.324070445789742,9085,0.0630902777777767,60,59,0.9833333333333332,SIN-546209379-2|qp15
3.0,50.0,36.0,4.0,10,1.39,0.48,1.2145216251637825,23653,0.1642569444444432,144,144,1.0,SIN-546209379-2|qp36
3.0,50.0,36.0,4.0,22,1.39,0.48,1.2441836603270384,23293,0.1617569444444432,144,143,0.9930555555555556,SIN-546209379-2|qp36
1.8,50.0,22.0,4.0,4,1.39,0.48,1.209116104868918,14685,0.1699652777777806,88,88,1.0,SIN-74587409-1|qp22
1.8,50.0,22.0,4.0,16,1.39,0.48,1.2020952251208954,14681,0.1699189814814851,88,89,1.0113636363636365,SIN-74587409-1|qp22
1.8,50.0,22.0,4.0,28,1.39,0.48,1.1643313670836652,15427,0.1785532407407442,88,89,1.0113636363636365,SIN-74587409-1|qp22
1.8,50.0,9.0,4.0,10,1.39,0.48,1.28905407785802,5677,0.0657060185185173,36,37,1.0277777777777777,SIN-74587409-1|qp9
1.8,50.0,9.0,4.0,22,1.39,0.48,1.301432403433478,5592,0.0647222222222213,36,37,1.0277777777777777,SIN-74587409-1|qp9
1.8,50.0,22.0,4.0,4,1.39,0.48,1.208069279978223,14694,0.1700694444444472,88,88,1.0,SIN-74587409-2|qp22
1.8,50.0,22.0,4.0,16,1.39,0.48,1.2080823224751212,14674,0.1698379629629674,88,89,1.0113636363636365,SIN-74587409-2|qp22
1.8,50.0,22.0,4.0,28,1.39,0.48,1.1651936425559288,15415,0.1784143518518552,88,89,1.0113636363636365,SIN-74587409-2|qp22
1.8,50.0,9.0,4.0,10,1.39,0.48,1.2888955434208171,5677,0.0657060185185173,36,37,1.0277777777777777,SIN-74587409-2|qp9
1.8,50.0,9.0,4.0,22,1.39,0.48,1.30160707901323,5594,0.0647453703703695,36,37,1.0277777777777777,SIN-74587409-2|qp9
2.5,50.0,12.0,4.0,4,1.39,0.48,1.3251194916425104,7239,0.060325000000001,48,49,1.0208333333333333,TYO-1323228545-3|qp12
2.5,50.0,12.0,4.0,16,1.39,0.48,1.361190138849545,7058,0.0588166666666677,48,50,1.0416666666666667,TYO-1323228545-3|qp12
2.5,50.0,12.0,4.0,28,1.39,0.48,1.3422745588439509,7197,0.0599750000000011,48,47,0.9791666666666666,TYO-1323228545-3|qp12
2.5,50.0,30.0,4.0,10,1.39,0.48,1.246997119045161,19438,0.1619833333333341,120,118,0.9833333333333332,TYO-1323228545-3|qp30
2.5,50.0,30.0,4.0,22,1.39,0.48,1.277912618753679,18631,0.1552583333333338,120,119,0.9916666666666668,TYO-1323228545-3|qp30
2.5,50.0,50.0,4.0,11,1.39,0.48,1.0185558918586175,38986,0.3248833333333305,187,189,1.0106951871657754,AMS-1073074102-0|qp50
2.5,50.0,50.0,4.0,23,1.39,0.48,1.0155411331788289,39676,0.3306333333333334,198,192,0.9696969696969696,AMS-1073074102-0|qp50
1.2,50.0,14.0,4.0,5,1.39,0.48,1.2537239524982948,8926,0.1549652777777791,56,56,1.0,AMS-244428233-0|qp14
1.2,50.0,14.0,4.0,17,1.39,0.48,1.262768937696046,8924,0.1549305555555568,56,56,1.0,AMS-244428233-0|qp14
1.2,50.0,14.0,4.0,29,1.39,0.48,1.232452891487989,9234,0.160312500000001,56,56,1.0,AMS-244428233-0|qp14
1.2,50.0,6.0,4.0,11,1.39,0.48,1.3149075314928966,3731,0.0647743055555553,24,24,1.0,AMS-244428233-0|qp6
1.2,50.0,6.0,4.0,23,1.39,0.48,1.2941869259859826,3702,0.0642708333333335,24,25,1.0416666666666667,AMS-244428233-0|qp6
2.5,50.0,12.0,4.0,5,1.39,0.48,1.2589267285861665,3876,0.0323000000000004,48,48,1.0,AMS-4480498-0|qp12
2.5,50.0,12.0,4.0,17,1.39,0.48,1.272091264667512,3835,0.0319583333333338,48,48,1.0,AMS-4480498-0|qp12
2.5,50.0,12.0,4.0,29,1.39,0.48,1.265967741935461,3844,0.0320333333333337,48,48,1.0,AMS-4480498-0|qp12
2.5,50.0,30.0,4.0,11,1.39,0.48,1.2262454618797691,9916,0.0826333333333343,120,120,1.0,AMS-4480498-0|qp30
2.5,50.0,30.0,4.0,23,1.39,0.48,1.1858562572646352,10324,0.0860333333333345,120,123,1.025,AMS-4480498-0|qp30
3.6,50.0,18.0,4.0,5,1.39,0.48,1.2198487467589223,11570,0.0669560185185194,72,72,1.0,AMS-4480626-0|qp18
3.6,50.0,18.0,4.0,17,1.39,0.48,1.2155573533168842,11743,0.0679571759259264,72,71,0.9861111111111112,AMS-4480626-0|qp18
3.6,50.0,18.0,4.0,29,1.39,0.48,1.2342371568711612,11621,0.0672511574074074,72,72,1.0,AMS-4480626-0|qp18
3.6,50.0,43.0,4.0,11,1.39,0.48,1.0154684356319994,34295,0.1984664351851846,172,172,1.0,AMS-4480626-0|qp43
3.6,50.0,43.0,4.0,23,1.39,0.48,0.9947702640378492,34692,0.2007638888888894,172,172,1.0,AMS-4480626-0|qp43
3.6,50.0,18.0,4.0,5,1.39,0.48,1.3157385632923675,10886,0.0629976851851849,72,72,1.0,AMS-4480644-0|qp18
3.6,50.0,18.0,4.0,17,1.39,0.48,1.326147360703838,10912,0.0631481481481478,72,73,1.0138888888888888,AMS-4480644-0|qp18
3.6,50.0,18.0,4.0,29,1.39,0.48,1.3282320441988678,11041,0.0638946759259261,72,72,1.0,AMS-4480644-0|qp18
3.6,50.0,43.0,4.0,11,1.39,0.48,1.1993449211638652,29111,0.1684664351851852,172,173,1.005813953488372,AMS-4480644-0|qp43
3.6,50.0,43.0,4.0,23,1.39,0.48,1.1829562206453517,29169,0.1688020833333335,172,178,1.0348837209302326,AMS-4480644-0|qp43
2.5,50.0,12.0,4.0,5,1.39,0.48,1.3065312753858205,7386,0.061550000000001,48,48,1.0,AMS-4495978-0|qp12
2.5,50.0,12.0,4.0,17,1.39,0.48,1.289435836313091,7551,0.0629250000000012,48,48,1.0,AMS-4495978-0|qp12
2.5,50.0,12.0,4.0,29,1.39,0.48,1.30323885008062,7444,0.0620333333333345,48,47,0.9791666666666666,AMS-4495978-0|qp12
2.5,50.0,30.0,4.0,11,1.39,0.48,1.2083211715065934,20145,0.167875000000002,120,118,0.9833333333333332,AMS-4495978-0|qp30
2.5,50.0,30.0,4.0,23,1.39,0.48,1.1675747714983915,20897,0.1741416666666688,120,116,0.9666666666666668,AMS-4495978-0|qp30
2.5,50.0,12.0,4.0,5,1.39,0.48,1.1452141882673832,7330,0.0610833333333346,48,47,0.9791666666666666,AMS-4495979-0|qp12
2.5,50.0,12.0,4.0,17,1.39,0.48,1.16170893054025,7256,0.0604666666666679,48,49,1.0208333333333333,AMS-4495979-0|qp12
2.5,50.0,12.0,4.0,29,1.39,0.48,1.147652480346956,7378,0.0614833333333343,48,48,1.0,AMS-4495979-0|qp12
2.5,50.0,30.0,4.0,11,1.39,0.48,1.1687723828234633,17815,0.1484583333333327,120,119,0.9916666666666668,AMS-4495979-0|qp30
2.5,50.0,30.0,4.0,23,1.39,0.48,1.1191892179842655,18772,0.1564333333333327,120,123,1.025,AMS-4495979-0|qp30
2.5,50.0,12.0,4.0,5,1.39,0.48,1.1250615579334566,8691,0.0724250000000019,48,49,1.0208333333333333,AMS-4496429-0|qp12
2.5,50.0,12.0,4.0,17,1.39,0.48,1.1230953999546895,8826,0.0735500000000012,48,49,1.0208333333333333,AMS-4496429-0|qp12
2.5,50.0,12.0,4.0,29,1.39,0.48,1.125488440616517,8824,0.0735333333333348,48,47,0.9791666666666666,AMS-4496429-0|qp12
2.5,50.0,30.0,4.0,11,1.39,0.48,0.9604147926036738,26013,0.2167750000000026,120,122,1.0166666666666666,AMS-4496429-0|qp30
2.5,50.0,30.0,4.0,23,1.39,0.48,0.9021161558292854,27928,0.2327333333333354,120,121,1.0083333333333333,AMS-4496429-0|qp30
2.5,50.0,12.0,4.0,5,1.39,0.48,1.3315781445014108,7211,0.0600916666666676,48,49,1.0208333333333333,AMS-7370864-0|qp12
2.5,50.0,12.0,4.0,17,1.39,0.48,1.320137228260892,7360,0.0613333333333346,48,48,1.0,AMS-7370864-0|qp12
2.5,50.0,12.0,4.0,29,1.39,0.48,1.316072160721627,7317,0.0609750000000011,48,47,0.9791666666666666,AMS-7370864-0|qp12
2.5,50.0,30.0,4.0,11,1.39,0.48,1.2399071747268908,19499,0.1624916666666666,120,118,0.9833333333333332,AMS-7370864-0|qp30
2.5,50.0,30.0,4.0,23,1.39,0.48,1.1997996249137226,20262,0.1688500000000017,120,117,0.975,AMS-7370864-0|qp30
4.0,50.0,80.0,4.0,5,1.39,0.48,0.987183399026191,64695,0.336953125,320,313,0.978125,AMS-7371505-0|qp80
4.0,50.0,80.0,4.0,17,1.39,0.48,1.0255384247067496,62655,0.3263281249999978,320,319,0.996875,AMS-7371505-0|qp80
4.0,50.0,80.0,4.0,29,1.39,0.48,0.9676541733524836,66062,0.3440729166666647,320,318,0.99375,AMS-7371505-0|qp80
4.0,50.0,100.0,4.0,11,1.39,0.48,0.8692623625183566,92376,0.4811249999999992,400,394,0.985,AMS-7371505-3|qp100
4.0,50.0,100.0,4.0,23,1.39,0.48,0.7578802914147267,105005,0.5469010416666673,400,386,0.965,AMS-7371505-3|qp100
4.0,50.0,60.0,4.0,5,1.39,0.48,1.1345798757646226,42178,0.2196770833333346,240,238,0.9916666666666668,AMS-7371505-3|qp60
4.0,50.0,60.0,4.0,17,1.39,0.48,1.1487496728450055,42029,0.2189010416666664,240,242,1.0083333333333333,AMS-7371505-3|qp60
4.0,50.0,60.0,4.0,29,1.39,0.48,1.1648115110711783,41143,0.2142864583333328,240,241,1.0041666666666669,AMS-7371505-3|qp60
2.5,50.0,38.0,4.0,11,1.39,0.48,1.200342420082371,25495,0.2124583333333346,152,151,0.993421052631579,LON-4082553-0|qp38
2.5,50.0,38.0,4.0,23,1.39,0.48,1.2000583970214511,25515,0.2126250000000029,152,155,1.019736842105263,LON-4082553-0|qp38
2.5,50.0,62.0,4.0,5,1.39,0.48,1.0325707319123796,47574,0.3964500000000055,241,235,0.975103734439834,LON-4082553-0|qp62
2.5,50.0,62.0,4.0,17,1.39,0.48,1.1150911493326905,44652,0.3721000000000036,248,252,1.0161290322580645,LON-4082553-0|qp62
2.5,50.0,62.0,4.0,29,1.39,0.48,1.0680857062913511,46461,0.3871749999999997,248,243,0.9798387096774194,LON-4082553-0|qp62
2.5,50.0,38.0,4.0,11,1.39,0.48,1.190881475454292,25809,0.2150750000000009,152,148,0.9736842105263158,LON-4082554-0|qp38
2.5,50.0,38.0,4.0,23,1.39,0.48,1.190201625387089,25840,0.2153333333333367,152,154,1.013157894736842,LON-4082554-0|qp38
2.5,50.0,62.0,4.0,5,1.39,0.48,1.0674603758080614,46247,0.3853916666666655,248,243,0.9798387096774194,LON-4082554-0|qp62
2.5,50.0,62.0,4.0,17,1.39,0.48,1.1190649526387333,44340,0.3694999999999974,248,257,1.0362903225806452,LON-4082554-0|qp62
2.5,50.0,62.0,4.0,29,1.39,0.48,0.2060834296506454,141892,1.182433333333323,20,68,3.4,LON-4082554-0|qp62
2.5,50.0,38.0,4.0,11,1.39,0.48,1.187447552447549,25740,0.2145000000000018,152,149,0.9802631578947368,LON-4082592-0|qp38
2.5,50.0,38.0,4.0,23,1.39,0.48,1.1939689916426717,25606,0.2133833333333376,152,153,1.006578947368421,LON-4082592-0|qp38
2.5,50.0,62.0,4.0,5,1.39,0.48,1.0583858173859069,46141,0.3845083333333332,248,239,0.9637096774193548,LON-4082592-0|qp62
2.5,50.0,62.0,4.0,17,1.39,0.48,1.0826616117850731,46160,0.3846666666666667,248,250,1.0080645161290325,LON-4082592-0|qp62
2.5,50.0,62.0,4.0,29,1.39,0.48,1.078409294794753,45703,0.3808583333333314,248,250,1.0080645161290325,LON-4082592-0|qp62
2.5,50.0,50.0,4.0,11,1.39,0.48,1.2050049347516387,9119,0.0759916666666663,114,119,1.043859649122807,SIN-1105987650-1|qp50
2.5,50.0,50.0,4.0,23,1.39,0.48,1.1499359338252986,12331,0.1027583333333332,200,164,0.82,SIN-1105987650-1|qp50
2.0,50.0,10.0,4.0,5,1.39,0.48,1.2461607142857158,2576,0.0268333333333325,40,40,1.0,SIN-131164229-0|qp10
2.0,50.0,10.0,4.0,17,1.39,0.48,1.2358021390374152,2618,0.0272708333333325,40,41,1.025,SIN-131164229-0|qp10
2.0,50.0,10.0,4.0,29,1.39,0.48,1.237650928792562,2584,0.0269166666666658,40,39,0.975,SIN-131164229-0|qp10
2.0,50.0,24.0,4.0,11,1.39,0.48,1.2132587809103936,6349,0.0661354166666664,96,96,1.0,SIN-131164229-0|qp24
2.0,50.0,24.0,4.0,23,1.39,0.48,1.1700015067048193,6637,0.0691354166666664,96,97,1.0104166666666667,SIN-131164229-0|qp24
1.8,50.0,22.0,4.0,5,1.39,0.48,1.1002298710032616,16357,0.1893171296296366,88,89,1.0113636363636365,SIN-139715353-1|qp22
1.8,50.0,22.0,4.0,17,1.39,0.48,1.097654479759966,16329,0.1889930555555629,88,87,0.9886363636363636,SIN-139715353-1|qp22
1.8,50.0,22.0,4.0,29,1.39,0.48,1.1634046137894904,15432,0.1786111111111158,88,90,1.0227272727272727,SIN-139715353-1|qp22
1.8,50.0,9.0,4.0,11,1.39,0.48,1.2291607113179648,6017,0.0696412037037029,36,36,1.0,SIN-139715353-1|qp9
1.8,50.0,9.0,4.0,23,1.39,0.48,1.1640455840455926,6318,0.0731249999999995,36,35,0.9722222222222222,SIN-139715353-1|qp9
3.0,50.0,15.0,4.0,5,1.39,0.48,1.235411979325024,9867,0.0685208333333324,60,60,1.0,SIN-1464509030-0|qp15
3.0,50.0,15.0,4.0,17,1.39,0.48,1.2492972751485032,9762,0.067791666666666,60,59,0.9833333333333332,SIN-1464509030-0|qp15
3.0,50.0,15.0,4.0,29,1.39,0.48,1.2550041008816717,9754,0.0677361111111106,60,61,1.0166666666666666,SIN-1464509030-0|qp15
3.0,50.0,36.0,4.0,11,1.39,0.48,1.1197932165884674,26211,0.1820208333333337,144,144,1.0,SIN-1464509030-0|qp36
3.0,50.0,36.0,4.0,23,1.39,0.48,1.1129294893795656,26223,0.1821041666666656,144,148,1.0277777777777777,SIN-1464509030-0|qp36
2.0,50.0,10.0,4.0,5,1.39,0.48,1.3485388898262023,5927,0.0617395833333328,40,41,1.025,SIN-166571436-2|qp10
2.0,50.0,10.0,4.0,17,1.39,0.48,1.3354335548172855,6020,0.0627083333333323,40,40,1.0,SIN-166571436-2|qp10
2.0,50.0,10.0,4.0,29,1.39,0.48,1.3388793388430111,6050,0.0630208333333329,40,41,1.025,SIN-166571436-2|qp10
2.0,50.0,24.0,4.0,11,1.39,0.48,1.2985172926235768,14804,0.1542083333333326,96,96,1.0,SIN-166571436-2|qp24
2.0,50.0,24.0,4.0,23,1.39,0.48,1.242279568503271,15481,0.1612604166666658,96,95,0.9895833333333334,SIN-166571436-2|qp24
2.0,50.0,10.0,4.0,5,1.39,0.48,1.262937976060915,6433,0.0670104166666652,40,40,1.0,SIN-166571436-3|qp10
2.0,50.0,10.0,4.0,17,1.39,0.48,1.2697790661234838,6382,0.0664791666666657,40,39,0.975,SIN-166571436-3|qp10
2.0,50.0,10.0,4.0,29,1.39,0.48,1.2449003802281668,6575,0.0684895833333321,40,40,1.0,SIN-166571436-3|qp10
2.0,50.0,24.0,4.0,11,1.39,0.48,1.2011557573154688,16301,0.169802083333333,96,96,1.0,SIN-166571436-3|qp24
2.0,50.0,24.0,4.0,23,1.39,0.48,1.182119241521776,16454,0.1713958333333319,96,99,1.03125,SIN-166571436-3|qp24
1.8,50.0,22.0,4.0,5,1.39,0.48,1.2289237104767237,14327,0.1658217592592651,88,88,1.0,SIN-170969415-0|qp22
1.8,50.0,22.0,4.0,17,1.39,0.48,1.2262939715823074,14498,0.1678009259259317,88,88,1.0,SIN-170969415-0|qp22
1.8,50.0,22.0,4.0,29,1.39,0.48,1.2741143844989835,13883,0.1606828703703753,88,88,1.0,SIN-170969415-0|qp22
1.8,50.0,9.0,4.0,11,1.39,0.48,1.3244380299477183,5543,0.0641550925925921,36,37,1.0277777777777777,SIN-170969415-0|qp9
1.8,50.0,9.0,4.0,23,1.39,0.48,1.2252817493692272,5945,0.0688078703703694,36,35,0.9722222222222222,SIN-170969415-0|qp9
2.0,50.0,10.0,4.0,5,1.39,0.48,1.2959166264284363,6213,0.0647187499999991,40,40,1.0,SIN-190681368-0|qp10
2.0,50.0,10.0,4.0,17,1.39,0.48,1.294545601291374,6195,0.0645312499999989,40,39,0.975,SIN-190681368-0|qp10
2.0,50.0,10.0,4.0,29,1.39,0.48,1.2940291106846196,6252,0.0651249999999991,40,41,1.025,SIN-190681368-0|qp10
2.0,50.0,24.0,4.0,11,1.39,0.48,1.217219214303685,15884,0.1654583333333331,96,94,0.9791666666666666,SIN-190681368-0|qp24
2.0,50.0,24.0,4.0,23,1.39,0.48,1.182323930734846,16343,0.1702395833333327,96,98,1.0208333333333333,SIN-190681368-0|qp24
2.0,50.0,10.0,4.0,5,1.39,0.48,1.300152536929971,6228,0.0648749999999992,40,41,1.025,SIN-197634752-1|qp10
2.0,50.0,10.0,4.0,17,1.39,0.48,1.262567693744176,6426,0.0669374999999989,40,40,1.0,SIN-197634752-1|qp10
2.0,50.0,10.0,4.0,29,1.39,0.48,1.2991140660045253,6242,0.0650208333333323,40,40,1.0,SIN-197634752-1|qp10
2.0,50.0,24.0,4.0,11,1.39,0.48,1.2134010311870929,15904,0.1656666666666675,96,96,1.0,SIN-197634752-1|qp24
2.0,50.0,24.0,4.0,23,1.39,0.48,1.1651737382223617,16663,0.1735729166666641,96,95,0.9895833333333334,SIN-197634752-1|qp24
2.0,50.0,10.0,4.0,5,1.39,0.48,1.3135160340313985,6112,0.0636666666666661,40,40,1.0,SIN-198571185-1|qp10
2.0,50.0,10.0,4.0,17,1.39,0.48,1.2592433953415731,6397,0.0666354166666658,40,39,0.975,SIN-198571185-1|qp10
2.0,50.0,10.0,4.0,29,1.39,0.48,1.299351151183415,6211,0.064697916666666,40,40,1.0,SIN-198571185-1|qp10
2.0,50.0,24.0,4.0,11,1.39,0.48,1.249339665019522,15583,0.1623229166666678,96,97,1.0104166666666667,SIN-198571185-1|qp24
2.0,50.0,24.0,4.0,23,1.39,0.48,1.1730470211866868,16567,0.1725729166666658,96,97,1.0104166666666667,SIN-198571185-1|qp24
2.0,50.0,10.0,4.0,5,1.39,0.48,1.306661769507004,6126,0.0638124999999988,40,39,0.975,SIN-198571185-2|qp10
2.0,50.0,10.0,4.0,17,1.39,0.48,1.2715522151898817,6320,0.0658333333333324,40,39,0.975,SIN-198571185-2|qp10
2.0,50.0,10.0,4.0,29,1.39,0.48,1.2992217209152734,6206,0.0646458333333327,40,40,1.0,SIN-198571185-2|qp10
2.0,50.0,24.0,4.0,11,1.39,0.48,1.233413166064708,15783,0.1644062500000013,96,97,1.0104166666666667,SIN-198571185-2|qp24
2.0,50.0,24.0,4.0,23,1.39,0.48,1.166421471172939,16599,0.1729062499999994,96,96,1.0,SIN-198571185-2|qp24
2.0,50.0,10.0,4.0,5,1.39,0.48,1.3068501878777812,6121,0.0637604166666655,40,39,0.975,SIN-198571185-3|qp10
2.0,50.0,10.0,4.0,17,1.39,0.48,1.271679594744349,6317,0.0658020833333323,40,39,0.975,SIN-198571185-3|qp10
2.0,50.0,10.0,4.0,29,1.39,0.48,1.2985916626428768,6213,0.0647187499999993,40,40,1.0,SIN-198571185-3|qp10
2.0,50.0,24.0,4.0,11,1.39,0.48,1.228792026745682,15853,0.1651354166666679,96,97,1.0104166666666667,SIN-198571185-3|qp24
2.0,50.0,24.0,4.0,23,1.39,0.48,1.1672233946336767,16585,0.1727604166666664,96,96,1.0,SIN-198571185-3|qp24
2.0,50.0,10.0,4.0,5,1.39,0.48,1.288106546854921,6232,0.0649166666666658,40,40,1.0,SIN-200167221-1|qp10
2.0,50.0,10.0,4.0,17,1.39,0.48,1.3011490733279731,6205,0.0646354166666657,40,40,1.0,SIN-200167221-1|qp10
2.0,50.0,10.0,4.0,29,1.39,0.48,1.288922516241516,6311,0.0657395833333321,40,40,1.0,SIN-200167221-1|qp10
2.0,50.0,24.0,4.0,11,1.39,0.48,1.2037122969837055,15947,0.1661145833333331,96,96,1.0,SIN-200167221-1|qp24
2.0,50.0,24.0,4.0,23,1.39,0.48,1.1527474473233346,16943,0.1764895833333342,96,97,1.0104166666666667,SIN-200167221-1|qp24
2.0,50.0,10.0,4.0,5,1.39,0.48,1.2021521446719263,6691,0.069697916666666,40,40,1.0,SIN-200171267-0|qp10
2.0,50.0,10.0,4.0,17,1.39,0.48,1.263208333333342,6480,0.0674999999999988,40,40,1.0,SIN-200171267-0|qp10
2.0,50.0,10.0,4.0,29,1.39,0.48,1.2249327489799304,6617,0.0689270833333332,40,39,0.975,SIN-200171267-0|qp10
2.0,50.0,24.0,4.0,11,1.39,0.48,1.1542468100189045,16928,0.1763333333333332,96,97,1.0104166666666667,SIN-200171267-0|qp24
2.0,50.0,24.0,4.0,23,1.39,0.48,1.1426941418898884,16985,0.1769270833333331,96,97,1.0104166666666667,SIN-200171267-0|qp24
2.0,50.0,10.0,4.0,5,1.39,0.48,1.234636212373304,6611,0.0688645833333317,40,40,1.0,SIN-200171267-2|qp10
2.0,50.0,10.0,4.0,17,1.39,0.48,1.230214779212986,6658,0.0693541666666651,40,39,0.975,SIN-200171267-2|qp10
2.0,50.0,10.0,4.0,29,1.39,0.48,1.22859258151364,6686,0.0696458333333323,40,41,1.025,SIN-200171267-2|qp10
2.0,50.0,24.0,4.0,11,1.39,0.48,1.1638656211013911,16833,0.1753437500000011,96,96,1.0,SIN-200171267-2|qp24
2.0,50.0,24.0,4.0,23,1.39,0.48,1.096728043745104,17922,0.1866874999999987,96,97,1.0104166666666667,SIN-200171267-2|qp24
2.0,50.0,10.0,4.0,5,1.39,0.48,1.2398588524086935,6518,0.0678958333333323,40,39,0.975,SIN-200171268-0|qp10
2.0,50.0,10.0,4.0,17,1.39,0.48,1.2199503311258375,6644,0.0692083333333317,40,40,1.0,SIN-200171268-0|qp10
2.0,50.0,10.0,4.0,29,1.39,0.48,1.2166795827124015,6710,0.0698958333333327,40,41,1.025,SIN-200171268-0|qp10
2.0,50.0,24.0,4.0,11,1.39,0.48,1.1601656510678389,16903,0.1760729166666671,96,95,0.9895833333333334,SIN-200171268-0|qp24
2.0,50.0,24.0,4.0,23,1.39,0.48,1.118042470379455,17471,0.1819895833333333,96,98,1.0208333333333333,SIN-200171268-0|qp24
2.0,50.0,10.0,4.0,5,1.39,0.48,1.2761058451816578,6330,0.065937499999999,40,39,0.975,SIN-200171268-4|qp10
2.0,50.0,10.0,4.0,17,1.39,0.48,1.2441782815132552,6529,0.0680104166666654,40,40,1.0,SIN-200171268-4|qp10
2.0,50.0,10.0,4.0,29,1.39,0.48,1.2507647951441914,6590,0.0686458333333323,40,41,1.025,SIN-200171268-4|qp10
2.0,50.0,24.0,4.0,11,1.39,0.48,1.176825984108666,16487,0.1717395833333322,96,96,1.0,SIN-200171268-4|qp24
2.0,50.0,24.0,4.0,23,1.39,0.48,1.152463103427952,17007,0.1771562499999987,96,96,1.0,SIN-200171268-4|qp24
1.8,50.0,27.0,4.0,5,1.39,0.48,1.1781862506095608,18459,0.2136458333333374,108,109,1.0092592592592593,SIN-22811726-0|qp27
1.8,50.0,27.0,4.0,17,1.39,0.48,1.1619764929110252,18973,0.2195949074074102,108,110,1.0185185185185186,SIN-22811726-0|qp27
1.8,50.0,27.0,4.0,29,1.39,0.48,1.134852910164491,18968,0.2195370370370406,108,107,0.9907407407407408,SIN-22811726-0|qp27
1.8,50.0,27.0,4.0,11,1.39,0.48,1.1949320291776342,18096,0.209444444444448,108,108,1.0,SIN-22811727-0|qp27
1.8,50.0,27.0,4.0,23,1.39,0.48,1.0871121031746231,20160,0.2333333333333355,108,110,1.0185185185185186,SIN-22811727-0|qp27
1.8,50.0,27.0,4.0,5,1.39,0.48,1.1584992962702287,5684,0.0657870370370361,108,109,1.0092592592592593,SIN-22811728-0|qp27
1.8,50.0,27.0,4.0,17,1.39,0.48,1.1533269163458155,5714,0.066134259259258,108,108,1.0,SIN-22811728-0|qp27
1.8,50.0,27.0,4.0,29,1.39,0.48,1.1180800681430985,5870,0.0679398148148142,108,107,0.9907407407407408,SIN-22811728-0|qp27
1.8,50.0,45.0,4.0,11,1.39,0.48,1.1267849339298737,9611,0.111238425925926,180,181,1.0055555555555555,SIN-22811728-0|qp45
1.8,50.0,45.0,4.0,23,1.39,0.48,1.1109386207603127,9759,0.1129513888888879,180,181,1.0055555555555555,SIN-22811728-0|qp45
1.8,50.0,22.0,4.0,5,1.39,0.48,1.1561368610789402,15534,0.1797916666666733,88,90,1.0227272727272727,SIN-22928582-0|qp22
1.8,50.0,22.0,4.0,17,1.39,0.48,1.1621458373451654,15579,0.1803125000000053,88,88,1.0,SIN-22928582-0|qp22
1.8,50.0,22.0,4.0,29,1.39,0.48,1.2054760010606775,15084,0.1745833333333389,88,89,1.0113636363636365,SIN-22928582-0|qp22
1.8,50.0,9.0,4.0,11,1.39,0.48,1.2784718126626566,5765,0.0667245370370367,36,37,1.0277777777777777,SIN-22928582-0|qp9
1.8,50.0,9.0,4.0,23,1.39,0.48,1.178577841911184,6237,0.0721874999999996,36,35,0.9722222222222222,SIN-22928582-0|qp9
1.8,50.0,22.0,4.0,5,1.39,0.48,1.1402206162038926,15774,0.1825694444444513,88,87,0.9886363636363636,SIN-22928582-1|qp22
1.8,50.0,22.0,4.0,17,1.39,0.48,1.1920829997331397,14988,0.1734722222222291,88,87,0.9886363636363636,SIN-22928582-1|qp22
1.8,50.0,22.0,4.0,29,1.39,0.48,1.1627091915550296,15536,0.1798148148148209,88,88,1.0,SIN-22928582-1|qp22
1.8,50.0,9.0,4.0,11,1.39,0.48,1.227420265780763,6020,0.0696759259259258,36,37,1.0277777777777777,SIN-22928582-1|qp9
1.8,50.0,9.0,4.0,23,1.39,0.48,1.1507591952216367,6362,0.0736342592592588,36,35,0.9722222222222222,SIN-22928582-1|qp9
1.8,50.0,22.0,4.0,5,1.39,0.48,1.1290952887442878,15983,0.184988425925933,88,88,1.0,SIN-22928582-2|qp22
1.8,50.0,22.0,4.0,17,1.39,0.48,1.138228477863864,15879,0.1837847222222284,88,87,0.9886363636363636,SIN-22928582-2|qp22
1.8,50.0,22.0,4.0,29,1.39,0.48,1.186309326252876,15065,0.1743634259259318,88,87,0.9886363636363636,SIN-22928582-2|qp22
1.8,50.0,9.0,4.0,11,1.39,0.48,1.2354004004004342,5994,0.0693749999999999,36,37,1.0277777777777777,SIN-22928582-2|qp9
1.8,50.0,9.0,4.0,23,1.39,0.48,1.16325540988786,6331,0.0732754629629627,36,35,0.9722222222222222,SIN-22928582-2|qp9
3.0,50.0,15.0,4.0,5,1.39,0.48,0.9738028834790764,12693,0.0881458333333328,60,60,1.0,SIN-546209379-0|qp15
3.0,50.0,15.0,4.0,17,1.39,0.48,0.9418352116965906,13132,0.0911944444444444,60,60,1.0,SIN-546209379-0|qp15
3.0,50.0,15.0,4.0,29,1.39,0.48,1.0081580879354006,12259,0.0851319444444438,60,61,1.0166666666666666,SIN-546209379-0|qp15
3.0,50.0,36.0,4.0,11,1.39,0.48,0.7858540153752259,37593,0.261062500000004,144,142,0.9861111111111112,SIN-546209379-0|qp36
3.0,50.0,36.0,4.0,23,1.39,0.48,0.710518626560183,41822,0.290430555555552,144,142,0.9861111111111112,SIN-546209379-0|qp36
3.0,50.0,15.0,4.0,5,1.39,0.48,1.3317748300811227,9122,0.0633472222222214,60,59,0.9833333333333332,SIN-546209379-1|qp15
3.0,50.0,15.0,4.0,17,1.39,0.48,1.342704081632604,9016,0.0626111111111109,60,58,0.9666666666666668,SIN-546209379-1|qp15
3.0,50.0,15.0,4.0,29,1.39,0.48,1.328712719298235,9120,0.0633333333333324,60,60,1.0,SIN-546209379-1|qp15
3.0,50.0,36.0,4.0,11,1.39,0.48,1.211733618771815,23823,0.1654374999999995,144,143,0.9930555555555556,SIN-546209379-1|qp36
3.0,50.0,36.0,4.0,23,1.39,0.48,1.2076818830242737,23834,0.165513888888888,144,146,1.0138888888888888,SIN-546209379-1|qp36
3.0,50.0,15.0,4.0,5,1.39,0.48,1.329894829097288,9128,0.063388888888888,60,59,0.9833333333333332,SIN-546209379-2|qp15
3.0,50.0,15.0,4.0,17,1.39,0.48,1.3411277279272842,9027,0.0626874999999997,60,58,0.9666666666666668,SIN-546209379-2|qp15
3.0,50.0,15.0,4.0,29,1.39,0.48,1.332607644991204,9104,0.0632222222222213,60,60,1.0,SIN-546209379-2|qp15
3.0,50.0,36.0,4.0,11,1.39,0.48,1.2053116135491957,23972,0.1664722222222216,144,143,0.9930555555555556,SIN-546209379-2|qp36
3.0,50.0,36.0,4.0,23,1.39,0.48,1.2141508879466243,23819,0.165409722222221,144,144,1.0,SIN-546209379-2|qp36
1.8,50.0,22.0,4.0,5,1.39,0.48,1.1947437804218652,14792,0.171203703703709,88,90,1.0227272727272727,SIN-74587409-1|qp22
1.8,50.0,22.0,4.0,17,1.39,0.48,1.1875985710505637,15116,0.1749537037037102,88,88,1.0,SIN-74587409-1|qp22
1.8,50.0,22.0,4.0,29,1.39,0.48,1.2090763729590868,14822,0.1715509259259297,88,88,1.0,SIN-74587409-1|qp22
1.8,50.0,9.0,4.0,11,1.39,0.48,1.2937996820350106,5661,0.0655208333333327,36,36,1.0,SIN-74587409-1|qp9
1.8,50.0,9.0,4.0,23,1.39,0.48,1.2240926051560472,5896,0.0682407407407402,36,35,0.9722222222222222,SIN-74587409-1|qp9
1.8,50.0,22.0,4.0,5,1.39,0.48,1.1893156377773415,14919,0.1726736111111166,88,88,1.0,SIN-74587409-2|qp22
1.8,50.0,22.0,4.0,17,1.39,0.48,1.215933482962683,14703,0.1701736111111171,88,88,1.0,SIN-74587409-2|qp22
1.8,50.0,22.0,4.0,29,1.39,0.48,1.22996850609334,14606,0.1690509259259311,88,89,1.0113636363636365,SIN-74587409-2|qp22
1.8,50.0,9.0,4.0,11,1.39,0.48,1.2942902542373216,5664,0.0655555555555549,36,36,1.0,SIN-74587409-2|qp9
1.8,50.0,9.0,4.0,23,1.39,0.48,1.2242079375848132,5896,0.0682407407407398,36,36,1.0,SIN-74587409-2|qp9
2.5,50.0,12.0,4.0,5,1.39,0.48,1.3365982404691634,7161,0.0596750000000008,48,49,1.0208333333333333,TYO-1323228545-3|qp12
2.5,50.0,12.0,4.0,17,1.39,0.48,1.3339740044248047,7232,0.0602666666666681,48,46,0.9583333333333334,TYO-1323228545-3|qp12
2.5,50.0,12.0,4.0,29,1.39,0.48,1.3303079218665437,7372,0.0614333333333341,48,47,0.9791666666666666,TYO-1323228545-3|qp12
2.5,50.0,30.0,4.0,11,1.39,0.48,1.2703613511391076,19095,0.1591250000000005,120,118,0.9833333333333332,TYO-1323228545-3|qp30
2.5,50.0,30.0,4.0,23,1.39,0.48,1.214355477563433,19945,0.1662083333333357,120,118,0.9833333333333332,TYO-1323228545-3|qp30
