W,L,qp,qr,seed,v_ref,r_robot,mean_speed,speed_count,mean_density,inflow_ped,outflow_ped,flow_ratio,tag
1.2,50.0,14.0,12.0,0,1.39,0.48,1.224046470846169,9124,0.1584027777777778,56,58,1.0357142857142858,AMS-244428233-0|qp14
1.2,50.0,14.0,12.0,12,1.39,0.48,1.2478215398308636,8988,0.1560416666666676,56,57,1.0178571428571428,AMS-244428233-0|qp14
1.2,50.0,14.0,12.0,24,1.39,0.48,1.2506594379288087,9038,0.1569097222222231,56,58,1.0357142857142858,AMS-244428233-0|qp14
1.2,50.0,6.0,12.0,6,1.39,0.48,1.318472521551762,3712,0.0644444444444443,24,24,1.0,AMS-244428233-0|qp6
1.2,50.0,6.0,12.0,18,1.39,0.48,1.343398931684011,3557,0.0617534722222222,24,24,1.0,AMS-244428233-0|qp6
2.5,50.0,12.0,12.0,0,1.39,0.48,1.215767289247856,3962,0.033016666666667,48,48,1.0,AMS-4480498-0|qp12
2.5,50.0,12.0,12.0,12,1.39,0.48,1.3030294906166269,3730,0.0310833333333336,48,47,0.9791666666666666,AMS-4480498-0|qp12
2.5,50.0,12.0,12.0,24,1.39,0.48,1.2879962943356162,3778,0.0314833333333337,48,47,0.9791666666666666,AMS-4480498-0|qp12
2.5,50.0,30.0,12.0,6,1.39,0.48,1.1867342364291915,10261,0.0855083333333348,120,121,1.0083333333333333,AMS-4480498-0|qp30
2.5,50.0,30.0,12.0,18,1.39,0.48,1.1777986629202388,10321,0.0860083333333337,120,119,0.9916666666666668,AMS-4480498-0|qp30
3.6,50.0,18.0,12.0,0,1.39,0.48,1.1016119192867218,12786,0.0739930555555564,72,74,1.0277777777777777,AMS-4480626-0|qp18
3.6,50.0,18.0,12.0,12,1.39,0.48,1.1390478457509878,12603,0.0729340277777792,72,71,0.9861111111111112,AMS-4480626-0|qp18
3.6,50.0,18.0,12.0,24,1.39,0.48,1.1554653336584015,12303,0.0711979166666672,72,71,0.9861111111111112,AMS-4480626-0|qp18
3.6,50.0,18.0,12.0,6,1.39,0.48,1.337777983691635,10792,0.0624537037037037,72,73,1.0138888888888888,AMS-4480644-0|qp18
3.6,50.0,18.0,12.0,18,1.39,0.48,1.2746682527094253,11349,0.0656770833333344,72,73,1.0138888888888888,AMS-4480644-0|qp18
3.6,50.0,43.0,12.0,0,1.39,0.48,1.1301841668565922,30733,0.1778530092592617,172,175,1.0174418604651163,AMS-4480644-0|qp43
3.6,50.0,43.0,12.0,12,1.39,0.48,1.175448010357018,29352,0.1698611111111111,172,168,0.9767441860465116,AMS-4480644-0|qp43
3.6,50.0,43.0,12.0,24,1.39,0.48,1.1965481967670428,28643,0.1657581018518507,172,176,1.0232558139534884,AMS-4480644-0|qp43
2.5,50.0,12.0,12.0,6,1.39,0.48,1.2635692430491516,7517,0.062641666666668,48,48,1.0,AMS-4495978-0|qp12
2.5,50.0,12.0,12.0,18,1.39,0.48,1.2766644780039302,7615,0.0634583333333347,48,48,1.0,AMS-4495978-0|qp12
2.5,50.0,30.0,12.0,0,1.39,0.48,1.1410734701527776,21342,0.1778500000000025,120,119,0.9916666666666668,AMS-4495978-0|qp30
2.5,50.0,30.0,12.0,12,1.39,0.48,1.189998520491255,20277,0.1689750000000003,120,121,1.0083333333333333,AMS-4495978-0|qp30
2.5,50.0,30.0,12.0,24,1.39,0.48,1.1947108457515043,20266,0.1688833333333356,120,120,1.0,AMS-4495978-0|qp30
2.5,50.0,12.0,12.0,6,1.39,0.48,1.126461415433831,7503,0.0625250000000013,48,49,1.0208333333333333,AMS-4495979-0|qp12
2.5,50.0,12.0,12.0,18,1.39,0.48,1.117291448058765,7624,0.0635333333333341,48,48,1.0,AMS-4495979-0|qp12
2.5,50.0,12.0,12.0,0,1.39,0.48,1.0270938928126334,9628,0.0802333333333345,48,50,1.0416666666666667,AMS-4496429-0|qp12
2.5,50.0,12.0,12.0,12,1.39,0.48,1.1721611025306329,8417,0.0701416666666683,48,49,1.0208333333333333,AMS-4496429-0|qp12
2.5,50.0,12.0,12.0,24,1.39,0.48,1.066870939800819,9236,0.0769666666666678,48,48,1.0,AMS-4496429-0|qp12
2.5,50.0,12.0,12.0,6,1.39,0.48,1.3156079679071255,7229,0.0602416666666685,48,48,1.0,AMS-7370864-0|qp12
2.5,50.0,12.0,12.0,18,1.39,0.48,1.3128809879223728,7369,0.0614083333333346,48,48,1.0,AMS-7370864-0|qp12
2.5,50.0,30.0,12.0,0,1.39,0.48,1.1608543531326443,20893,0.1741083333333357,120,119,0.9916666666666668,AMS-7370864-0|qp30
2.5,50.0,30.0,12.0,12,1.39,0.48,1.204628500000018,20000,0.1666666666666679,120,118,0.9833333333333332,AMS-7370864-0|qp30
2.5,50.0,30.0,12.0,24,1.39,0.48,1.231167592125172,19810,0.1650833333333356,120,121,1.0083333333333333,AMS-7370864-0|qp30
2.5,50.0,38.0,12.0,6,1.39,0.48,1.1769984153364863,25873,0.215608333333337,152,154,1.013157894736842,LON-4082553-0|qp38
2.5,50.0,38.0,12.0,18,1.39,0.48,1.1568309832533048,26453,0.2204416666666689,152,154,1.013157894736842,LON-4082553-0|qp38
2.5,50.0,38.0,12.0,0,1.39,0.48,1.0912807951721848,28170,0.234750000000003,152,155,1.019736842105263,LON-4082554-0|qp38
2.5,50.0,38.0,12.0,12,1.39,0.48,1.174283453626179,25909,0.2159083333333375,152,150,0.986842105263158,LON-4082554-0|qp38
2.5,50.0,38.0,12.0,24,1.39,0.48,1.1937542061194106,25558,0.2129833333333377,152,153,1.006578947368421,LON-4082554-0|qp38
2.5,50.0,38.0,12.0,6,1.39,0.48,1.1825962095187428,25907,0.2158916666666697,152,156,1.0263157894736843,LON-4082592-0|qp38
2.5,50.0,38.0,12.0,18,1.39,0.48,1.1278763460552477,27302,0.2275166666666691,152,151,0.993421052631579,LON-4082592-0|qp38
2.0,50.0,10.0,12.0,0,1.39,0.48,1.16470588235295,2805,0.0292187499999993,40,40,1.0,SIN-131164229-0|qp10
2.0,50.0,10.0,12.0,12,1.39,0.48,1.2305981595092137,2608,0.0271666666666659,40,40,1.0,SIN-131164229-0|qp10
2.0,50.0,10.0,12.0,24,1.39,0.48,1.2237495256166937,2635,0.0274479166666657,40,40,1.0,SIN-131164229-0|qp10
2.0,50.0,24.0,12.0,6,1.39,0.48,1.1549532851115103,6636,0.0691249999999991,96,94,0.9791666666666666,SIN-131164229-0|qp24
2.0,50.0,24.0,12.0,18,1.39,0.48,1.1624173522812231,6685,0.0696354166666661,96,95,0.9895833333333334,SIN-131164229-0|qp24
1.8,50.0,9.0,12.0,0,1.39,0.48,1.06530750036698,6813,0.0788541666666659,36,35,0.9722222222222222,SIN-139715353-1|qp9
1.8,50.0,9.0,12.0,12,1.39,0.48,1.1234254807692683,6656,0.0770370370370372,36,37,1.0277777777777777,SIN-139715353-1|qp9
1.8,50.0,9.0,12.0,24,1.39,0.48,1.1677841973766472,6404,0.0741203703703698,36,36,1.0,SIN-139715353-1|qp9
3.0,50.0,15.0,12.0,6,1.39,0.48,1.2590157480315245,9652,0.067027777777777,60,60,1.0,SIN-1464509030-0|qp15
3.0,50.0,15.0,12.0,18,1.39,0.48,1.2015270887080325,10078,0.0699861111111101,60,60,1.0,SIN-1464509030-0|qp15
3.0,50.0,36.0,12.0,0,1.39,0.48,1.041360818130034,28064,0.1948888888888879,144,144,1.0,SIN-1464509030-0|qp36
3.0,50.0,36.0,12.0,12,1.39,0.48,1.0741713744214176,27437,0.1905347222222191,144,145,1.0069444444444444,SIN-1464509030-0|qp36
3.0,50.0,36.0,12.0,24,1.39,0.48,1.0461353292561306,28124,0.1953055555555533,144,143,0.9930555555555556,SIN-1464509030-0|qp36
2.0,50.0,10.0,12.0,6,1.39,0.48,1.2490823420361503,6473,0.067427083333333,40,41,1.025,SIN-166571436-2|qp10
2.0,50.0,10.0,12.0,18,1.39,0.48,1.2312382275744458,6477,0.0674687499999998,40,41,1.025,SIN-166571436-2|qp10
2.0,50.0,24.0,12.0,0,1.39,0.48,1.027927810280006,19144,0.1994166666666665,96,96,1.0,SIN-166571436-2|qp24
2.0,50.0,24.0,12.0,12,1.39,0.48,1.233694039396258,15636,0.1628749999999989,96,98,1.0208333333333333,SIN-166571436-2|qp24
2.0,50.0,24.0,12.0,24,1.39,0.48,0.2508032960757343,61285,0.6383854166666696,31,47,1.5161290322580645,SIN-166571436-2|qp24
2.0,50.0,10.0,12.0,6,1.39,0.48,1.2356822001527938,6545,0.0681770833333324,40,40,1.0,SIN-166571436-3|qp10
2.0,50.0,10.0,12.0,18,1.39,0.48,1.1872219780219366,6825,0.0710937499999999,40,39,0.975,SIN-166571436-3|qp10
1.8,50.0,22.0,12.0,0,1.39,0.48,1.1616434742465158,15163,0.1754976851851926,88,89,1.0113636363636365,SIN-170969415-0|qp22
1.8,50.0,22.0,12.0,12,1.39,0.48,1.2208597847087472,14492,0.167731481481486,88,88,1.0,SIN-170969415-0|qp22
1.8,50.0,22.0,12.0,24,1.39,0.48,1.2217110057056282,14547,0.1683680555555605,88,88,1.0,SIN-170969415-0|qp22
1.8,50.0,9.0,12.0,6,1.39,0.48,1.3284148336666213,5501,0.0636689814814815,36,36,1.0,SIN-170969415-0|qp9
1.8,50.0,9.0,12.0,18,1.39,0.48,1.2443231738464022,5873,0.0679745370370361,36,36,1.0,SIN-170969415-0|qp9
2.0,50.0,10.0,12.0,0,1.39,0.48,1.1439239253393816,7072,0.0736666666666658,40,40,1.0,SIN-190681368-0|qp10
2.0,50.0,10.0,12.0,12,1.39,0.48,1.226930888147933,6598,0.0687291666666667,40,40,1.0,SIN-190681368-0|qp10
2.0,50.0,10.0,12.0,24,1.39,0.48,1.2879714240854097,6369,0.0663437499999996,40,41,1.025,SIN-190681368-0|qp10
2.0,50.0,10.0,12.0,6,1.39,0.48,1.258880866426004,6371,0.0663645833333327,40,39,0.975,SIN-197634752-1|qp10
2.0,50.0,10.0,12.0,18,1.39,0.48,1.206136224801414,6548,0.068208333333333,40,39,0.975,SIN-197634752-1|qp10
2.0,50.0,10.0,12.0,0,1.39,0.48,1.146167749223403,7082,0.0737708333333317,40,40,1.0,SIN-198571185-1|qp10
2.0,50.0,10.0,12.0,12,1.39,0.48,1.2655282360406266,6304,0.0656666666666657,40,41,1.025,SIN-198571185-1|qp10
2.0,50.0,10.0,12.0,24,1.39,0.48,1.2483107799908777,6577,0.0685104166666662,40,40,1.0,SIN-198571185-1|qp10
2.0,50.0,24.0,12.0,6,1.39,0.48,1.154518280482613,16493,0.1718020833333337,96,92,0.9583333333333334,SIN-198571185-1|qp24
2.0,50.0,24.0,12.0,18,1.39,0.48,1.1284113134625926,17077,0.1778854166666658,96,96,1.0,SIN-198571185-1|qp24
2.0,50.0,10.0,12.0,0,1.39,0.48,1.1446355561821702,7093,0.0738854166666651,40,40,1.0,SIN-198571185-2|qp10
2.0,50.0,10.0,12.0,12,1.39,0.48,1.264292752701858,6292,0.0655416666666656,40,41,1.025,SIN-198571185-2|qp10
2.0,50.0,10.0,12.0,24,1.39,0.48,1.2515966767371682,6620,0.0689583333333319,40,40,1.0,SIN-198571185-2|qp10
2.0,50.0,10.0,12.0,6,1.39,0.48,1.279141152457219,6369,0.0663437499999995,40,41,1.025,SIN-198571185-3|qp10
2.0,50.0,10.0,12.0,18,1.39,0.48,1.255591296121051,6342,0.0660624999999989,40,39,0.975,SIN-198571185-3|qp10
2.0,50.0,24.0,12.0,0,1.39,0.48,0.1853520128729881,67739,0.705614583333335,19,36,1.894736842105263,SIN-198571185-3|qp24
2.0,50.0,24.0,12.0,12,1.39,0.48,1.1264095606489124,17321,0.1804270833333332,96,99,1.03125,SIN-198571185-3|qp24
2.0,50.0,24.0,12.0,24,1.39,0.48,1.1236483031148456,17208,0.1792500000000008,96,92,0.9583333333333334,SIN-198571185-3|qp24
2.0,50.0,10.0,12.0,6,1.39,0.48,1.2870893508966872,6301,0.0656354166666655,40,41,1.025,SIN-200167221-1|qp10
2.0,50.0,10.0,12.0,18,1.39,0.48,1.228884080370903,6470,0.0673958333333324,40,41,1.025,SIN-200167221-1|qp10
2.0,50.0,10.0,12.0,0,1.39,0.48,1.1032400430570597,7432,0.0774166666666648,40,38,0.95,SIN-200171267-0|qp10
2.0,50.0,10.0,12.0,12,1.39,0.48,1.1520744905130162,7115,0.0741145833333325,40,40,1.0,SIN-200171267-0|qp10
2.0,50.0,10.0,12.0,24,1.39,0.48,1.1572629695885603,7267,0.0756979166666669,40,41,1.025,SIN-200171267-0|qp10
2.0,50.0,10.0,12.0,6,1.39,0.48,1.254122554224182,6593,0.0686770833333333,40,42,1.05,SIN-200171267-2|qp10
2.0,50.0,10.0,12.0,18,1.39,0.48,1.1638265746332637,6954,0.0724374999999985,40,39,0.975,SIN-200171267-2|qp10
2.0,50.0,10.0,12.0,0,1.39,0.48,1.1075401929260626,7464,0.0777499999999983,40,39,0.975,SIN-200171268-0|qp10
2.0,50.0,10.0,12.0,12,1.39,0.48,1.160355460385463,7005,0.0729687499999999,40,40,1.0,SIN-200171268-0|qp10
2.0,50.0,10.0,12.0,24,1.39,0.48,1.1895776450511992,7032,0.0732499999999984,40,41,1.025,SIN-200171268-0|qp10
2.0,50.0,24.0,12.0,6,1.39,0.48,1.0711731201051358,18259,0.1901979166666679,96,94,0.9791666666666666,SIN-200171268-0|qp24
2.0,50.0,24.0,12.0,18,1.39,0.48,1.0493717695955715,18767,0.1954895833333336,96,96,1.0,SIN-200171268-0|qp24
2.0,50.0,10.0,12.0,0,1.39,0.48,1.1556030469742071,7089,0.0738437499999996,40,40,1.0,SIN-200171268-4|qp10
2.0,50.0,10.0,12.0,12,1.39,0.48,1.1976829449309907,6737,0.0701770833333332,40,39,0.975,SIN-200171268-4|qp10
2.0,50.0,10.0,12.0,24,1.39,0.48,1.20442140371231,6896,0.0718333333333329,40,40,1.0,SIN-200171268-4|qp10
2.0,50.0,24.0,12.0,6,1.39,0.48,1.082119427627933,18170,0.1892708333333333,96,93,0.96875,SIN-200171268-4|qp24
2.0,50.0,24.0,12.0,18,1.39,0.48,1.0948071266026838,18017,0.1876770833333332,96,96,1.0,SIN-200171268-4|qp24
1.8,50.0,27.0,12.0,0,1.39,0.48,1.0878828163466283,6093,0.0705208333333323,108,109,1.0092592592592593,SIN-22811728-0|qp27
1.8,50.0,27.0,12.0,12,1.39,0.48,1.14643207282913,5712,0.0661111111111102,108,109,1.0092592592592593,SIN-22811728-0|qp27
1.8,50.0,27.0,12.0,24,1.39,0.48,1.1395047252362789,5714,0.0661342592592591,108,108,1.0,SIN-22811728-0|qp27
1.8,50.0,9.0,12.0,6,1.39,0.48,1.197527173913061,6256,0.0724074074074078,36,36,1.0,SIN-22928582-0|qp9
1.8,50.0,9.0,12.0,18,1.39,0.48,1.168625517021949,6286,0.0727546296296292,36,36,1.0,SIN-22928582-0|qp9
1.8,50.0,22.0,12.0,0,1.39,0.48,1.111306928218901,16007,0.1852662037037116,88,91,1.0340909090909092,SIN-22928582-1|qp22
1.8,50.0,22.0,12.0,12,1.39,0.48,1.2309447502263833,14353,0.1661226851851909,88,91,1.0340909090909092,SIN-22928582-1|qp22
1.8,50.0,22.0,12.0,24,1.39,0.48,1.1387031062187474,15807,0.1829513888888979,88,88,1.0,SIN-22928582-1|qp22
1.8,50.0,9.0,12.0,6,1.39,0.48,1.2776913813865634,5813,0.0672800925925924,36,36,1.0,SIN-22928582-1|qp9
1.8,50.0,9.0,12.0,18,1.39,0.48,1.1722719339996712,6303,0.0729513888888867,36,37,1.0277777777777777,SIN-22928582-1|qp9
1.8,50.0,9.0,12.0,0,1.39,0.48,1.104876580373312,6644,0.0768981481481473,36,34,0.9444444444444444,SIN-22928582-2|qp9
1.8,50.0,9.0,12.0,12,1.39,0.48,1.183546892474883,6259,0.072442129629629,36,36,1.0,SIN-22928582-2|qp9
1.8,50.0,9.0,12.0,24,1.39,0.48,1.1802130345589483,6337,0.0733449074074064,36,36,1.0,SIN-22928582-2|qp9
3.0,50.0,15.0,12.0,6,1.39,0.48,0.99179353410799,12651,0.0878541666666668,60,60,1.0,SIN-546209379-0|qp15
3.0,50.0,15.0,12.0,18,1.39,0.48,0.9828745741224688,12621,0.0876458333333326,60,60,1.0,SIN-546209379-0|qp15
3.0,50.0,15.0,12.0,0,1.39,0.48,1.2891289907864478,9334,0.0648194444444434,60,61,1.0166666666666666,SIN-546209379-1|qp15
3.0,50.0,15.0,12.0,12,1.39,0.48,1.307567331806714,9171,0.0636874999999994,60,57,0.95,SIN-546209379-1|qp15
3.0,50.0,15.0,12.0,24,1.39,0.48,1.3249471043734826,9169,0.0636736111111103,60,62,1.0333333333333334,SIN-546209379-1|qp15
3.0,50.0,36.0,12.0,6,1.39,0.48,1.223305861576032,23782,0.1651527777777769,144,146,1.0138888888888888,SIN-546209379-1|qp36
3.0,50.0,36.0,12.0,18,1.39,0.48,1.1891028894164035,24434,0.1696805555555536,144,147,1.0208333333333333,SIN-546209379-1|qp36
3.0,50.0,15.0,12.0,0,1.39,0.48,1.283492725716815,9348,0.0649166666666658,60,61,1.0166666666666666,SIN-546209379-2|qp15
3.0,50.0,15.0,12.0,12,1.39,0.48,1.3120461031832469,9110,0.0632638888888881,60,58,0.9666666666666668,SIN-546209379-2|qp15
3.0,50.0,15.0,12.0,24,1.39,0.48,1.322689797694205,9194,0.063847222222221,60,61,1.0166666666666666,SIN-546209379-2|qp15
3.0,50.0,36.0,12.0,6,1.39,0.48,1.2272206751055272,23700,0.1645833333333325,144,145,1.0069444444444444,SIN-546209379-2|qp36
3.0,50.0,36.0,12.0,18,1.39,0.48,1.1817251223491096,24520,0.170277777777776,144,147,1.0208333333333333,SIN-546209379-2|qp36
1.8,50.0,9.0,12.0,0,1.39,0.48,1.0930016509080362,6663,0.0771180555555554,36,36,1.0,SIN-74587409-1|qp9
1.8,50.0,9.0,12.0,12,1.39,0.48,1.2333061916879091,5895,0.068229166666666,36,36,1.0,SIN-74587409-1|qp9
1.8,50.0,9.0,12.0,24,1.39,0.48,1.2266633433034255,6018,0.069652777777776,36,36,1.0,SIN-74587409-1|qp9
1.8,50.0,9.0,12.0,6,1.39,0.48,1.2503753443526309,5808,0.0672222222222222,36,37,1.0277777777777777,SIN-74587409-2|qp9
1.8,50.0,9.0,12.0,18,1.39,0.48,1.216965747702583,5985,0.0692708333333331,36,37,1.0277777777777777,SIN-74587409-2|qp9
2.5,50.0,12.0,12.0,0,1.39,0.48,1.2250308404009416,7782,0.0648499999999996,48,50,1.0416666666666667,TYO-1323228545-3|qp12
2.5,50.0,12.0,12.0,12,1.39,0.48,1.3132483989644823,7339,0.0611583333333333,48,51,1.0625,TYO-1323228545-3|qp12
2.5,50.0,12.0,12.0,24,1.39,0.48,1.3397230769231343,7150,0.0595833333333346,48,50,1.0416666666666667,TYO-1323228545-3|qp12
2.5,50.0,30.0,12.0,6,1.39,0.48,1.0683304363329458,22437,0.186975000000002,120,115,0.9583333333333334,TYO-1323228545-3|qp30
2.5,50.0,30.0,12.0,18,1.39,0.48,1.1649730123997224,20565,0.1713750000000002,120,117,0.975,TYO-1323228545-3|qp30
1.2,50.0,14.0,12.0,1,1.39,0.48,1.210919689119091,9264,0.1608333333333342,56,58,1.0357142857142858,AMS-244428233-0|qp14
1.2,50.0,14.0,12.0,13,1.39,0.48,1.206090289608165,9392,0.1630555555555565,56,56,1.0,AMS-244428233-0|qp14
1.2,50.0,14.0,12.0,25,1.39,0.48,1.216326968461646,9322,0.1618402777777791,56,56,1.0,AMS-244428233-0|qp14
1.2,50.0,6.0,12.0,7,1.39,0.48,1.278304674905969,3722,0.0646180555555557,24,24,1.0,AMS-244428233-0|qp6
1.2,50.0,6.0,12.0,19,1.39,0.48,1.312109120521164,3684,0.0639583333333334,24,24,1.0,AMS-244428233-0|qp6
2.5,50.0,12.0,12.0,1,1.39,0.48,1.2603768646950793,3821,0.0318416666666667,48,46,0.9583333333333334,AMS-4480498-0|qp12
2.5,50.0,12.0,12.0,13,1.39,0.48,1.2382076669205446,3939,0.0328250000000004,48,47,0.9791666666666666,AMS-4480498-0|qp12
2.5,50.0,12.0,12.0,25,1.39,0.48,1.231314791403274,3955,0.0329583333333338,48,48,1.0,AMS-4480498-0|qp12
2.5,50.0,30.0,12.0,7,1.39,0.48,1.1483854759195975,10548,0.0879000000000008,120,119,0.9916666666666668,AMS-4480498-0|qp30
2.5,50.0,30.0,12.0,19,1.39,0.48,1.2039261977978506,10081,0.0840083333333343,120,119,0.9916666666666668,AMS-4480498-0|qp30
3.6,50.0,18.0,12.0,1,1.39,0.48,1.1259944400317452,12590,0.0728587962962971,72,74,1.0277777777777777,AMS-4480626-0|qp18
3.6,50.0,18.0,12.0,13,1.39,0.48,1.1118529276869158,13082,0.0757060185185183,72,75,1.0416666666666667,AMS-4480626-0|qp18
3.6,50.0,18.0,12.0,25,1.39,0.48,1.1149279494490365,12977,0.0750983796296312,72,71,0.9861111111111112,AMS-4480626-0|qp18
3.6,50.0,18.0,12.0,7,1.39,0.48,1.2404973372272998,11642,0.0673726851851855,72,74,1.0277777777777777,AMS-4480644-0|qp18
3.6,50.0,18.0,12.0,19,1.39,0.48,1.2869244669316344,11068,0.0640509259259251,72,70,0.9722222222222222,AMS-4480644-0|qp18
3.6,50.0,43.0,12.0,1,1.39,0.48,1.1444886571228703,30107,0.174230324074074,172,172,1.0,AMS-4480644-0|qp43
3.6,50.0,43.0,12.0,13,1.39,0.48,1.1612362489938295,29816,0.1725462962962983,172,172,1.0,AMS-4480644-0|qp43
3.6,50.0,43.0,12.0,25,1.39,0.48,1.0936525549285503,31723,0.1835821759259252,172,174,1.0116279069767442,AMS-4480644-0|qp43
2.5,50.0,12.0,12.0,7,1.39,0.48,1.2545968477269325,7677,0.0639750000000012,48,47,0.9791666666666666,AMS-4495978-0|qp12
2.5,50.0,12.0,12.0,19,1.39,0.48,1.2755410398521974,7578,0.0631500000000014,48,46,0.9583333333333334,AMS-4495978-0|qp12
2.5,50.0,30.0,12.0,1,1.39,0.48,1.1106470860314537,21620,0.180166666666667,120,124,1.0333333333333334,AMS-4495978-0|qp30
2.5,50.0,30.0,12.0,13,1.39,0.48,1.146875505062508,21037,0.1753083333333351,120,121,1.0083333333333333,AMS-4495978-0|qp30
2.5,50.0,30.0,12.0,25,1.39,0.48,1.1662114216281327,20575,0.1714583333333371,120,125,1.0416666666666667,AMS-4495978-0|qp30
2.5,50.0,12.0,12.0,7,1.39,0.48,1.0987813759916687,7689,0.0640750000000011,48,47,0.9791666666666666,AMS-4495979-0|qp12
2.5,50.0,12.0,12.0,19,1.39,0.48,1.1220779737435558,7541,0.0628416666666681,48,48,1.0,AMS-4495979-0|qp12
2.5,50.0,12.0,12.0,1,1.39,0.48,1.0573624247635316,9304,0.0775333333333345,48,47,0.9791666666666666,AMS-4496429-0|qp12
2.5,50.0,12.0,12.0,13,1.39,0.48,1.0369198707929317,9597,0.0799750000000002,48,47,0.9791666666666666,AMS-4496429-0|qp12
2.5,50.0,12.0,12.0,25,1.39,0.48,1.0702732837778643,9148,0.0762333333333346,48,49,1.0208333333333333,AMS-4496429-0|qp12
2.5,50.0,12.0,12.0,7,1.39,0.48,1.2826445839454554,7487,0.0623916666666676,48,48,1.0,AMS-7370864-0|qp12
2.5,50.0,12.0,12.0,19,1.39,0.48,1.3071553014835942,7347,0.0612250000000015,48,47,0.9791666666666666,AMS-7370864-0|qp12
2.5,50.0,30.0,12.0,1,1.39,0.48,1.1750931829328166,20390,0.1699166666666681,120,123,1.025,AMS-7370864-0|qp30
2.5,50.0,30.0,12.0,13,1.39,0.48,1.1651764763156576,20541,0.1711750000000018,120,121,1.0083333333333333,AMS-7370864-0|qp30
2.5,50.0,30.0,12.0,25,1.39,0.48,1.169461602466796,20431,0.1702583333333344,120,122,1.0166666666666666,AMS-7370864-0|qp30
2.5,50.0,38.0,12.0,7,1.39,0.48,1.1065713869570035,27463,0.2288583333333354,152,151,0.993421052631579,LON-4082553-0|qp38
2.5,50.0,38.0,12.0,19,1.39,0.48,1.1765349917462915,26049,0.2170750000000038,152,152,1.0,LON-4082553-0|qp38
2.5,50.0,38.0,12.0,1,1.39,0.48,1.134661353104729,26975,0.2247916666666711,152,156,1.0263157894736843,LON-4082554-0|qp38
2.5,50.0,38.0,12.0,13,1.39,0.48,1.1294216410980085,26921,0.2243416666666685,152,154,1.013157894736842,LON-4082554-0|qp38
2.5,50.0,38.0,12.0,25,1.39,0.48,1.0806566951566707,28080,0.2339999999999991,152,150,0.986842105263158,LON-4082554-0|qp38
2.5,50.0,38.0,12.0,7,1.39,0.48,1.1039354628893734,27674,0.2306166666666717,152,155,1.019736842105263,LON-4082592-0|qp38
2.5,50.0,38.0,12.0,19,1.39,0.48,1.1804294549225995,26033,0.2169416666666697,152,152,1.0,LON-4082592-0|qp38
2.0,50.0,10.0,12.0,1,1.39,0.48,1.1749089584850607,2746,0.0286041666666659,40,41,1.025,SIN-131164229-0|qp10
2.0,50.0,10.0,12.0,13,1.39,0.48,1.2129000751314878,2662,0.0277291666666659,40,41,1.025,SIN-131164229-0|qp10
2.0,50.0,10.0,12.0,25,1.39,0.48,1.200101541933052,2659,0.0276979166666659,40,40,1.0,SIN-131164229-0|qp10
2.0,50.0,24.0,12.0,7,1.39,0.48,1.1476698309107274,6742,0.0702291666666667,96,96,1.0,SIN-131164229-0|qp24
2.0,50.0,24.0,12.0,19,1.39,0.48,1.1415198821796684,6790,0.070729166666666,96,99,1.03125,SIN-131164229-0|qp24
1.8,50.0,9.0,12.0,1,1.39,0.48,1.1049910394265066,6696,0.0775,36,37,1.0277777777777777,SIN-139715353-1|qp9
1.8,50.0,9.0,12.0,13,1.39,0.48,1.1229660238751429,6534,0.0756249999999995,36,36,1.0,SIN-139715353-1|qp9
1.8,50.0,9.0,12.0,25,1.39,0.48,1.0973734177214844,6636,0.0768055555555545,36,36,1.0,SIN-139715353-1|qp9
3.0,50.0,15.0,12.0,7,1.39,0.48,1.1960573722341976,10214,0.070930555555555,60,60,1.0,SIN-1464509030-0|qp15
3.0,50.0,15.0,12.0,19,1.39,0.48,1.2051672307385688,10046,0.0697638888888877,60,59,0.9833333333333332,SIN-1464509030-0|qp15
3.0,50.0,36.0,12.0,1,1.39,0.48,1.078747061416379,27224,0.1890555555555531,144,145,1.0069444444444444,SIN-1464509030-0|qp36
3.0,50.0,36.0,12.0,13,1.39,0.48,1.0576464976333018,27253,0.1892569444444417,144,143,0.9930555555555556,SIN-1464509030-0|qp36
3.0,50.0,36.0,12.0,25,1.39,0.48,1.0274972545963283,28229,0.1960347222222191,144,141,0.9791666666666666,SIN-1464509030-0|qp36
2.0,50.0,10.0,12.0,7,1.39,0.48,1.2299251794166737,6549,0.0682187499999999,40,42,1.05,SIN-166571436-2|qp10
2.0,50.0,10.0,12.0,19,1.39,0.48,1.3374143406318155,5983,0.0623229166666665,40,39,0.975,SIN-166571436-2|qp10
2.0,50.0,24.0,12.0,1,1.39,0.48,1.171177185941884,16446,0.1713125000000019,96,94,0.9791666666666666,SIN-166571436-2|qp24
2.0,50.0,24.0,12.0,13,1.39,0.48,1.1747512468069403,16442,0.171270833333333,96,97,1.0104166666666667,SIN-166571436-2|qp24
2.0,50.0,24.0,12.0,25,1.39,0.48,1.1549098243948153,16856,0.1755833333333311,96,100,1.0416666666666667,SIN-166571436-2|qp24
2.0,50.0,10.0,12.0,7,1.39,0.48,1.2204394281414346,6645,0.0692187500000005,40,43,1.075,SIN-166571436-3|qp10
2.0,50.0,10.0,12.0,19,1.39,0.48,1.2392191551014389,6557,0.0683020833333332,40,39,0.975,SIN-166571436-3|qp10
1.8,50.0,22.0,12.0,1,1.39,0.48,1.1444803990535517,15637,0.1809837962963002,88,88,1.0,SIN-170969415-0|qp22
1.8,50.0,22.0,12.0,13,1.39,0.48,1.0954187918638236,16273,0.188344907407416,88,87,0.9886363636363636,SIN-170969415-0|qp22
1.8,50.0,22.0,12.0,25,1.39,0.48,1.1419720306759789,15517,0.1795949074074137,88,87,0.9886363636363636,SIN-170969415-0|qp22
1.8,50.0,9.0,12.0,7,1.39,0.48,1.208617656820396,6026,0.0697453703703697,36,36,1.0,SIN-170969415-0|qp9
1.8,50.0,9.0,12.0,19,1.39,0.48,1.322576146789018,5450,0.0630787037037023,36,36,1.0,SIN-170969415-0|qp9
2.0,50.0,10.0,12.0,1,1.39,0.48,1.222436128644388,6654,0.069312499999999,40,40,1.0,SIN-190681368-0|qp10
2.0,50.0,10.0,12.0,13,1.39,0.48,1.2259571278669192,6671,0.0694895833333344,40,41,1.025,SIN-190681368-0|qp10
2.0,50.0,10.0,12.0,25,1.39,0.48,1.1933477096965617,6724,0.0700416666666659,40,40,1.0,SIN-190681368-0|qp10
2.0,50.0,10.0,12.0,7,1.39,0.48,1.2231867633726017,6618,0.0689375000000009,40,42,1.05,SIN-197634752-1|qp10
2.0,50.0,10.0,12.0,19,1.39,0.48,1.253280644661419,6453,0.06721875,40,40,1.0,SIN-197634752-1|qp10
2.0,50.0,10.0,12.0,1,1.39,0.48,1.2323855133193242,6682,0.0696041666666665,40,39,0.975,SIN-198571185-1|qp10
2.0,50.0,10.0,12.0,13,1.39,0.48,1.1924853372434183,6820,0.0710416666666669,40,41,1.025,SIN-198571185-1|qp10
2.0,50.0,10.0,12.0,25,1.39,0.48,1.2169548928517433,6673,0.0695104166666657,40,39,0.975,SIN-198571185-1|qp10
2.0,50.0,24.0,12.0,7,1.39,0.48,1.0730089911192129,18129,0.1888437500000014,96,95,0.9895833333333334,SIN-198571185-1|qp24
2.0,50.0,24.0,12.0,19,1.39,0.48,1.03565034592863,18790,0.1957291666666674,96,98,1.0208333333333333,SIN-198571185-1|qp24
2.0,50.0,10.0,12.0,1,1.39,0.48,1.2013718787157788,6728,0.0700833333333328,40,39,0.975,SIN-198571185-2|qp10
2.0,50.0,10.0,12.0,13,1.39,0.48,1.2149895240946125,6682,0.0696041666666672,40,41,1.025,SIN-198571185-2|qp10
2.0,50.0,10.0,12.0,25,1.39,0.48,1.212511278195436,6650,0.0692708333333324,40,39,0.975,SIN-198571185-2|qp10
2.0,50.0,10.0,12.0,7,1.39,0.48,1.2743279569892272,6324,0.0658750000000003,40,43,1.075,SIN-198571185-3|qp10
2.0,50.0,10.0,12.0,19,1.39,0.48,1.255865038359189,6387,0.0665312499999996,40,40,1.0,SIN-198571185-3|qp10
2.0,50.0,24.0,12.0,1,1.39,0.48,1.0509139697511551,18447,0.1921562500000007,96,97,1.0104166666666667,SIN-198571185-3|qp24
2.0,50.0,24.0,12.0,13,1.39,0.48,1.039769346034467,18686,0.1946458333333325,96,96,1.0,SIN-198571185-3|qp24
2.0,50.0,24.0,12.0,25,1.39,0.48,1.0137711253091302,19408,0.202166666666667,96,98,1.0208333333333333,SIN-198571185-3|qp24
2.0,50.0,10.0,12.0,7,1.39,0.48,1.272727986187392,6371,0.0663645833333334,40,43,1.075,SIN-200167221-1|qp10
2.0,50.0,10.0,12.0,19,1.39,0.48,1.2627631990003323,6402,0.0666874999999994,40,40,1.0,SIN-200167221-1|qp10
2.0,50.0,10.0,12.0,1,1.39,0.48,1.1663756764454103,7022,0.0731458333333319,40,41,1.025,SIN-200171267-0|qp10
2.0,50.0,10.0,12.0,13,1.39,0.48,1.152955023118977,7137,0.0743437499999997,40,40,1.0,SIN-200171267-0|qp10
2.0,50.0,10.0,12.0,25,1.39,0.48,1.1154068740659793,7361,0.0766770833333323,40,41,1.025,SIN-200171267-0|qp10
2.0,50.0,10.0,12.0,7,1.39,0.48,1.16298671618337,7001,0.0729270833333331,40,43,1.075,SIN-200171267-2|qp10
2.0,50.0,10.0,12.0,19,1.39,0.48,1.2175692079941025,6755,0.0703645833333319,40,40,1.0,SIN-200171267-2|qp10
2.0,50.0,10.0,12.0,1,1.39,0.48,1.1686869988544903,6984,0.0727499999999993,40,39,0.975,SIN-200171268-0|qp10
2.0,50.0,10.0,12.0,13,1.39,0.48,1.170338645418354,7028,0.0732083333333333,40,41,1.025,SIN-200171268-0|qp10
2.0,50.0,10.0,12.0,25,1.39,0.48,1.1336786469344062,7095,0.0739062499999997,40,40,1.0,SIN-200171268-0|qp10
2.0,50.0,24.0,12.0,7,1.39,0.48,1.0841627586206737,18125,0.1888020833333321,96,95,0.9895833333333334,SIN-200171268-0|qp24
2.0,50.0,24.0,12.0,19,1.39,0.48,1.0630273562726982,18716,0.1949583333333318,96,99,1.03125,SIN-200171268-0|qp24
2.0,50.0,10.0,12.0,1,1.39,0.48,1.2086921802018755,6637,0.0691354166666659,40,39,0.975,SIN-200171268-4|qp10
2.0,50.0,10.0,12.0,13,1.39,0.48,1.2140688319428183,6712,0.0699166666666678,40,40,1.0,SIN-200171268-4|qp10
2.0,50.0,10.0,12.0,25,1.39,0.48,1.1559088986038175,7091,0.0738645833333322,40,40,1.0,SIN-200171268-4|qp10
2.0,50.0,24.0,12.0,7,1.39,0.48,1.0624355908250909,18398,0.1916458333333337,96,97,1.0104166666666667,SIN-200171268-4|qp24
2.0,50.0,24.0,12.0,19,1.39,0.48,0.3610872179728464,41574,0.4330624999999996,29,46,1.5862068965517242,SIN-200171268-4|qp24
1.8,50.0,27.0,12.0,1,1.39,0.48,1.094520593630144,5997,0.0694097222222213,108,108,1.0,SIN-22811728-0|qp27
1.8,50.0,27.0,12.0,13,1.39,0.48,1.1021625740897532,5905,0.0683449074074074,108,105,0.9722222222222222,SIN-22811728-0|qp27
1.8,50.0,27.0,12.0,25,1.39,0.48,1.1072238248769672,5893,0.0682060185185177,108,108,1.0,SIN-22811728-0|qp27
1.8,50.0,9.0,12.0,7,1.39,0.48,1.1406353891563965,6437,0.0745023148148146,36,36,1.0,SIN-22928582-0|qp9
1.8,50.0,9.0,12.0,19,1.39,0.48,1.230559770696363,5931,0.0686458333333318,36,37,1.0277777777777777,SIN-22928582-0|qp9
1.8,50.0,22.0,12.0,1,1.39,0.48,1.15944583574136,15573,0.1802430555555603,88,91,1.0340909090909092,SIN-22928582-1|qp22
1.8,50.0,22.0,12.0,13,1.39,0.48,1.0759497421916762,16873,0.1952893518518597,88,87,0.9886363636363636,SIN-22928582-1|qp22
1.8,50.0,22.0,12.0,25,1.39,0.48,1.1181820997212408,16145,0.1868634259259312,88,88,1.0,SIN-22928582-1|qp22
1.8,50.0,9.0,12.0,7,1.39,0.48,1.1916420094293163,6151,0.0711921296296288,36,37,1.0277777777777777,SIN-22928582-1|qp9
1.8,50.0,9.0,12.0,19,1.39,0.48,1.204135325997722,6089,0.0704745370370351,36,37,1.0277777777777777,SIN-22928582-1|qp9
1.8,50.0,9.0,12.0,1,1.39,0.48,1.1563657623947392,6414,0.07423611111111,36,37,1.0277777777777777,SIN-22928582-2|qp9
1.8,50.0,9.0,12.0,13,1.39,0.48,1.130982472324754,6504,0.0752777777777774,36,35,0.9722222222222222,SIN-22928582-2|qp9
1.8,50.0,9.0,12.0,25,1.39,0.48,1.16636609845464,6277,0.0726504629629627,36,36,1.0,SIN-22928582-2|qp9
3.0,50.0,15.0,12.0,7,1.39,0.48,1.0208018280016722,12035,0.0835763888888887,60,58,0.9666666666666668,SIN-546209379-0|qp15
3.0,50.0,15.0,12.0,19,1.39,0.48,0.9649968789013594,12816,0.0889999999999993,60,58,0.9666666666666668,SIN-546209379-0|qp15
3.0,50.0,15.0,12.0,1,1.39,0.48,1.2559380804952822,9690,0.0672916666666661,60,58,0.9666666666666668,SIN-546209379-1|qp15
3.0,50.0,15.0,12.0,13,1.39,0.48,1.2556973293768383,9436,0.0655277777777768,60,60,1.0,SIN-546209379-1|qp15
3.0,50.0,15.0,12.0,25,1.39,0.48,1.2879593357461587,9394,0.0652361111111103,60,59,0.9833333333333332,SIN-546209379-1|qp15
3.0,50.0,36.0,12.0,7,1.39,0.48,1.1321712178279368,25488,0.1769999999999994,144,144,1.0,SIN-546209379-1|qp36
3.0,50.0,36.0,12.0,19,1.39,0.48,1.239467026841584,23322,0.1619583333333337,144,145,1.0069444444444444,SIN-546209379-1|qp36
3.0,50.0,15.0,12.0,1,1.39,0.48,1.2582089706489483,9676,0.0671944444444439,60,58,0.9666666666666668,SIN-546209379-2|qp15
3.0,50.0,15.0,12.0,13,1.39,0.48,1.2517516629711578,9471,0.0657708333333323,60,59,0.9833333333333332,SIN-546209379-2|qp15
3.0,50.0,15.0,12.0,25,1.39,0.48,1.2808689186317652,9414,0.0653749999999992,60,59,0.9833333333333332,SIN-546209379-2|qp15
3.0,50.0,36.0,12.0,7,1.39,0.48,1.1385595425866282,25360,0.1761111111111103,144,142,0.9861111111111112,SIN-546209379-2|qp36
3.0,50.0,36.0,12.0,19,1.39,0.48,1.2269521014122555,23508,0.1632499999999996,144,146,1.0138888888888888,SIN-546209379-2|qp36
1.8,50.0,9.0,12.0,1,1.39,0.48,1.2241563025209865,5950,0.0688657407407393,36,37,1.0277777777777777,SIN-74587409-1|qp9
1.8,50.0,9.0,12.0,13,1.39,0.48,1.1620070310003567,6258,0.0724305555555558,36,37,1.0277777777777777,SIN-74587409-1|qp9
1.8,50.0,9.0,12.0,25,1.39,0.48,1.232025230139738,5866,0.067893518518518,36,36,1.0,SIN-74587409-1|qp9
1.8,50.0,9.0,12.0,7,1.39,0.48,1.187426977354731,6094,0.0705324074074076,36,35,0.9722222222222222,SIN-74587409-2|qp9
1.8,50.0,9.0,12.0,19,1.39,0.48,1.2711437620975086,5683,0.0657754629629621,36,36,1.0,SIN-74587409-2|qp9
2.5,50.0,12.0,12.0,1,1.39,0.48,1.2897421434327283,7446,0.0620500000000012,48,46,0.9583333333333334,TYO-1323228545-3|qp12
2.5,50.0,12.0,12.0,13,1.39,0.48,1.2517452830188496,7844,0.0653666666666678,48,46,0.9583333333333334,TYO-1323228545-3|qp12
2.5,50.0,12.0,12.0,25,1.39,0.48,1.2608033461691486,7531,0.0627583333333336,48,49,1.0208333333333333,TYO-1323228545-3|qp12
2.5,50.0,30.0,12.0,7,1.39,0.48,1.1539776702284792,20869,0.1739083333333344,120,120,1.0,TYO-1323228545-3|qp30
2.5,50.0,30.0,12.0,19,1.39,0.48,1.2188603930729014,19691,0.1640916666666681,120,119,0.9916666666666668,TYO-1323228545-3|qp30
1.2,50.0,14.0,12.0,2,1.39,0.48,1.202667455112312,9301,0.1614756944444455,56,58,1.0357142857142858,AMS-244428233-0|qp14
1.2,50.0,14.0,12.0,14,1.39,0.48,1.2294762737809188,9146,0.1587847222222227,56,58,1.0357142857142858,AMS-244428233-0|qp14
1.2,50.0,14.0,12.0,26,1.39,0.48,1.24338410958902,9125,0.1584201388888901,56,57,1.0178571428571428,AMS-244428233-0|qp14
1.2,50.0,6.0,12.0,8,1.39,0.48,1.2759628952182116,3827,0.0664409722222223,24,25,1.0416666666666667,AMS-244428233-0|qp6
1.2,50.0,6.0,12.0,20,1.39,0.48,1.3140820734341077,3704,0.0643055555555556,24,24,1.0,AMS-244428233-0|qp6
2.5,50.0,12.0,12.0,2,1.39,0.48,1.227678706744139,3959,0.0329916666666673,48,48,1.0,AMS-4480498-0|qp12
2.5,50.0,12.0,12.0,14,1.39,0.48,1.2790916271722148,3798,0.0316500000000002,48,46,0.9583333333333334,AMS-4480498-0|qp12
2.5,50.0,12.0,12.0,26,1.39,0.48,1.2588937483920686,3887,0.032391666666667,48,48,1.0,AMS-4480498-0|qp12
2.5,50.0,30.0,12.0,8,1.39,0.48,1.1575368759455198,10576,0.0881333333333339,120,120,1.0,AMS-4480498-0|qp30
2.5,50.0,30.0,12.0,20,1.39,0.48,1.2054385270243442,10102,0.0841833333333339,120,121,1.0083333333333333,AMS-4480498-0|qp30
3.6,50.0,18.0,12.0,2,1.39,0.48,1.147093596059156,12586,0.0728356481481489,72,74,1.0277777777777777,AMS-4480626-0|qp18
3.6,50.0,18.0,12.0,14,1.39,0.48,1.1559458136118392,12254,0.0709143518518521,72,72,1.0,AMS-4480626-0|qp18
3.6,50.0,18.0,12.0,26,1.39,0.48,1.1567131100790595,12273,0.0710243055555558,72,73,1.0138888888888888,AMS-4480626-0|qp18
3.6,50.0,18.0,12.0,8,1.39,0.48,1.2958140577370725,11154,0.0645486111111113,72,74,1.0277777777777777,AMS-4480644-0|qp18
3.6,50.0,18.0,12.0,20,1.39,0.48,1.30289937618661,11061,0.0640104166666669,72,71,0.9861111111111112,AMS-4480644-0|qp18
3.6,50.0,43.0,12.0,2,1.39,0.48,1.139300105346395,30376,0.1757870370370385,172,172,1.0,AMS-4480644-0|qp43
3.6,50.0,43.0,12.0,14,1.39,0.48,1.160588018741623,29880,0.1729166666666666,172,172,1.0,AMS-4480644-0|qp43
3.6,50.0,43.0,12.0,26,1.39,0.48,1.1799327615780983,29150,0.1686921296296308,172,169,0.9825581395348836,AMS-4480644-0|qp43
2.5,50.0,12.0,12.0,8,1.39,0.48,1.2290539503962838,7822,0.0651833333333338,48,47,0.9791666666666666,AMS-4495978-0|qp12
2.5,50.0,12.0,12.0,20,1.39,0.48,1.314767237889615,7411,0.0617583333333344,48,46,0.9583333333333334,AMS-4495978-0|qp12
2.5,50.0,30.0,12.0,2,1.39,0.48,1.1541603307356334,21044,0.1753666666666673,120,118,0.9833333333333332,AMS-4495978-0|qp30
2.5,50.0,30.0,12.0,14,1.39,0.48,1.1098891433806908,21830,0.1819166666666687,120,118,0.9833333333333332,AMS-4495978-0|qp30
2.5,50.0,30.0,12.0,26,1.39,0.48,1.1535015378700522,20808,0.1734000000000027,120,121,1.0083333333333333,AMS-4495978-0|qp30
2.5,50.0,12.0,12.0,8,1.39,0.48,1.0979888413131098,7707,0.0642250000000013,48,47,0.9791666666666666,AMS-4495979-0|qp12
2.5,50.0,12.0,12.0,20,1.39,0.48,1.129708802117787,7555,0.0629583333333343,48,48,1.0,AMS-4495979-0|qp12
2.5,50.0,12.0,12.0,2,1.39,0.48,1.041151250908317,9633,0.0802750000000004,48,47,0.9791666666666666,AMS-4496429-0|qp12
2.5,50.0,12.0,12.0,14,1.39,0.48,1.11333258628412,8924,0.074366666666668,48,48,1.0,AMS-4496429-0|qp12
2.5,50.0,12.0,12.0,26,1.39,0.48,1.0774886731391706,9270,0.0772500000000009,48,48,1.0,AMS-4496429-0|qp12
2.5,50.0,12.0,12.0,8,1.39,0.48,1.2549868386417085,7598,0.0633166666666677,48,47,0.9791666666666666,AMS-7370864-0|qp12
2.5,50.0,12.0,12.0,20,1.39,0.48,1.3330994793093889,7298,0.0608166666666679,48,46,0.9583333333333334,AMS-7370864-0|qp12
2.5,50.0,30.0,12.0,2,1.39,0.48,1.172544900033873,20657,0.1721416666666664,120,118,0.9833333333333332,AMS-7370864-0|qp30
2.5,50.0,30.0,12.0,14,1.39,0.48,1.1543821361468638,20757,0.1729750000000017,120,121,1.0083333333333333,AMS-7370864-0|qp30
2.5,50.0,30.0,12.0,26,1.39,0.48,1.187674510775329,20185,0.1682083333333349,120,121,1.0083333333333333,AMS-7370864-0|qp30
2.5,50.0,38.0,12.0,8,1.39,0.48,1.1502414269189387,26799,0.223325000000002,152,155,1.019736842105263,LON-4082553-0|qp38
2.5,50.0,38.0,12.0,20,1.39,0.48,1.1484344817096472,26298,0.2191500000000053,152,153,1.006578947368421,LON-4082553-0|qp38
2.5,50.0,38.0,12.0,2,1.39,0.48,1.1402209678018722,26927,0.2243916666666686,152,151,0.993421052631579,LON-4082554-0|qp38
2.5,50.0,38.0,12.0,14,1.39,0.48,1.1296931732933428,26660,0.2221666666666711,152,149,0.9802631578947368,LON-4082554-0|qp38
2.5,50.0,38.0,12.0,26,1.39,0.48,1.1666096153846357,26000,0.2166666666666707,152,153,1.006578947368421,LON-4082554-0|qp38
2.5,50.0,38.0,12.0,8,1.39,0.48,1.1328135417438223,26998,0.2249833333333357,152,150,0.986842105263158,LON-4082592-0|qp38
2.5,50.0,38.0,12.0,20,1.39,0.48,1.1796482723853534,25787,0.2148916666666706,152,151,0.993421052631579,LON-4082592-0|qp38
2.0,50.0,10.0,12.0,2,1.39,0.48,1.192139431943929,2711,0.0282395833333325,40,40,1.0,SIN-131164229-0|qp10
2.0,50.0,10.0,12.0,14,1.39,0.48,1.2145606060606144,2640,0.0274999999999992,40,40,1.0,SIN-131164229-0|qp10
2.0,50.0,10.0,12.0,26,1.39,0.48,1.185086428834129,2719,0.0283229166666659,40,40,1.0,SIN-131164229-0|qp10
2.0,50.0,24.0,12.0,8,1.39,0.48,1.1164046579330529,6870,0.0715624999999997,96,94,0.9791666666666666,SIN-131164229-0|qp24
2.0,50.0,24.0,12.0,20,1.39,0.48,1.1508624291256222,6702,0.0698124999999992,96,95,0.9895833333333334,SIN-131164229-0|qp24
1.8,50.0,9.0,12.0,2,1.39,0.48,1.132321895676254,6499,0.075219907407408,36,36,1.0,SIN-139715353-1|qp9
1.8,50.0,9.0,12.0,14,1.39,0.48,1.1150371517027908,6460,0.0747685185185186,36,37,1.0277777777777777,SIN-139715353-1|qp9
1.8,50.0,9.0,12.0,26,1.39,0.48,1.1598161939470546,6311,0.0730439814814816,36,37,1.0277777777777777,SIN-139715353-1|qp9
3.0,50.0,15.0,12.0,8,1.39,0.48,1.221764171878174,9914,0.0688472222222215,60,60,1.0,SIN-1464509030-0|qp15
3.0,50.0,15.0,12.0,20,1.39,0.48,1.206739930382928,10055,0.0698263888888878,60,59,0.9833333333333332,SIN-1464509030-0|qp15
3.0,50.0,36.0,12.0,2,1.39,0.48,1.0786333171079014,26707,0.1854652777777755,144,143,0.9930555555555556,SIN-1464509030-0|qp36
3.0,50.0,36.0,12.0,14,1.39,0.48,1.0918235758008266,26629,0.1849236111111102,144,143,0.9930555555555556,SIN-1464509030-0|qp36
3.0,50.0,36.0,12.0,26,1.39,0.48,1.0943730110622547,26396,0.1833055555555537,144,141,0.9791666666666666,SIN-1464509030-0|qp36
2.0,50.0,10.0,12.0,8,1.39,0.48,1.3028372017529368,6161,0.0641770833333321,40,38,0.95,SIN-166571436-2|qp10
2.0,50.0,10.0,12.0,20,1.39,0.48,1.366225222146244,5852,0.0609583333333326,40,39,0.975,SIN-166571436-2|qp10
2.0,50.0,24.0,12.0,2,1.39,0.48,1.1950963036839033,16043,0.167114583333334,96,93,0.96875,SIN-166571436-2|qp24
2.0,50.0,24.0,12.0,14,1.39,0.48,1.094751674107099,17920,0.1866666666666649,96,96,1.0,SIN-166571436-2|qp24
2.0,50.0,24.0,12.0,26,1.39,0.48,1.2155452261306243,15920,0.165833333333333,96,98,1.0208333333333333,SIN-166571436-2|qp24
2.0,50.0,10.0,12.0,8,1.39,0.48,1.1900313152400708,6706,0.0698541666666664,40,38,0.95,SIN-166571436-3|qp10
2.0,50.0,10.0,12.0,20,1.39,0.48,1.258207326578298,6415,0.0668229166666664,40,39,0.975,SIN-166571436-3|qp10
1.8,50.0,22.0,12.0,2,1.39,0.48,1.2158416397585616,14246,0.1648842592592659,88,89,1.0113636363636365,SIN-170969415-0|qp22
1.8,50.0,22.0,12.0,14,1.39,0.48,1.2172472752043688,14680,0.1699074074074125,88,88,1.0,SIN-170969415-0|qp22
1.8,50.0,22.0,12.0,26,1.39,0.48,1.200819438796262,14754,0.170763888888893,88,86,0.9772727272727272,SIN-170969415-0|qp22
1.8,50.0,9.0,12.0,8,1.39,0.48,1.3102036805431283,5597,0.0647800925925917,36,36,1.0,SIN-170969415-0|qp9
1.8,50.0,9.0,12.0,20,1.39,0.48,1.22839683074847,5932,0.0686574074074074,36,36,1.0,SIN-170969415-0|qp9
2.0,50.0,10.0,12.0,2,1.39,0.48,1.2826194293042836,6238,0.0649791666666661,40,38,0.95,SIN-190681368-0|qp10
2.0,50.0,10.0,12.0,14,1.39,0.48,1.2725459400031198,6367,0.0663229166666656,40,40,1.0,SIN-190681368-0|qp10
2.0,50.0,10.0,12.0,26,1.39,0.48,1.2550734713224991,6329,0.065927083333333,40,41,1.025,SIN-190681368-0|qp10
2.0,50.0,10.0,12.0,8,1.39,0.48,1.239175891758913,6504,0.0677499999999988,40,39,0.975,SIN-197634752-1|qp10
2.0,50.0,10.0,12.0,20,1.39,0.48,1.291415929203501,6215,0.0647395833333344,40,39,0.975,SIN-197634752-1|qp10
2.0,50.0,10.0,12.0,2,1.39,0.48,1.2171324643831738,6598,0.0687291666666662,40,40,1.0,SIN-198571185-1|qp10
2.0,50.0,10.0,12.0,14,1.39,0.48,1.2515834767641822,6391,0.0665729166666673,40,39,0.975,SIN-198571185-1|qp10
2.0,50.0,10.0,12.0,26,1.39,0.48,1.1855663189269878,6710,0.0698958333333341,40,39,0.975,SIN-198571185-1|qp10
2.0,50.0,24.0,12.0,8,1.39,0.48,1.0120960744341048,19131,0.1992812500000004,96,95,0.9895833333333334,SIN-198571185-1|qp24
2.0,50.0,24.0,12.0,20,1.39,0.48,1.10645775485916,17647,0.1838229166666637,96,96,1.0,SIN-198571185-1|qp24
2.0,50.0,10.0,12.0,2,1.39,0.48,1.201043063626903,6711,0.0699062499999996,40,40,1.0,SIN-198571185-2|qp10
2.0,50.0,10.0,12.0,14,1.39,0.48,1.3095198567708146,6144,0.0639999999999998,40,40,1.0,SIN-198571185-2|qp10
2.0,50.0,10.0,12.0,26,1.39,0.48,1.205869926060075,6627,0.0690312499999996,40,39,0.975,SIN-198571185-2|qp10
2.0,50.0,10.0,12.0,8,1.39,0.48,1.1940235014130594,6723,0.0700312499999988,40,38,0.95,SIN-198571185-3|qp10
2.0,50.0,10.0,12.0,20,1.39,0.48,1.2900900321543074,6220,0.0647916666666667,40,39,0.975,SIN-198571185-3|qp10
2.0,50.0,24.0,12.0,2,1.39,0.48,1.052819311246751,18352,0.1911666666666665,96,91,0.9479166666666666,SIN-198571185-3|qp24
2.0,50.0,24.0,12.0,14,1.39,0.48,1.0523855844362806,18813,0.1959687500000015,96,97,1.0104166666666667,SIN-198571185-3|qp24
2.0,50.0,24.0,12.0,26,1.39,0.48,1.0998070175438297,17670,0.1840625000000009,96,95,0.9895833333333334,SIN-198571185-3|qp24
2.0,50.0,10.0,12.0,8,1.39,0.48,1.2091306981674914,6603,0.0687812499999993,40,38,0.95,SIN-200167221-1|qp10
2.0,50.0,10.0,12.0,20,1.39,0.48,1.3341322175731842,5975,0.0622395833333339,40,40,1.0,SIN-200167221-1|qp10
2.0,50.0,10.0,12.0,2,1.39,0.48,1.176603555427108,6919,0.0720729166666656,40,39,0.975,SIN-200171267-0|qp10
2.0,50.0,10.0,12.0,14,1.39,0.48,1.1613457996883254,7059,0.0735312499999982,38,40,1.0526315789473684,SIN-200171267-0|qp10
2.0,50.0,10.0,12.0,26,1.39,0.48,1.201415347865031,6698,0.0697708333333335,40,41,1.025,SIN-200171267-0|qp10
2.0,50.0,10.0,12.0,8,1.39,0.48,1.1796297903109023,6915,0.0720312499999998,40,38,0.95,SIN-200171267-2|qp10
2.0,50.0,10.0,12.0,20,1.39,0.48,1.2280396609142914,6606,0.0688124999999999,40,39,0.975,SIN-200171267-2|qp10
2.0,50.0,10.0,12.0,2,1.39,0.48,1.1726393678161076,6960,0.0724999999999987,40,39,0.975,SIN-200171268-0|qp10
2.0,50.0,10.0,12.0,14,1.39,0.48,1.179820367955946,6903,0.0719062499999992,40,40,1.0,SIN-200171268-0|qp10
2.0,50.0,10.0,12.0,26,1.39,0.48,1.1645979145836378,7001,0.0729270833333337,40,41,1.025,SIN-200171268-0|qp10
2.0,50.0,24.0,12.0,8,1.39,0.48,1.0526010032902924,18539,0.1931145833333337,96,94,0.9791666666666666,SIN-200171268-0|qp24
2.0,50.0,24.0,12.0,20,1.39,0.48,1.0602557214999284,18614,0.1938958333333335,96,95,0.9895833333333334,SIN-200171268-0|qp24
2.0,50.0,10.0,12.0,2,1.39,0.48,1.2704918808135142,6343,0.0660729166666657,40,41,1.025,SIN-200171268-4|qp10
2.0,50.0,10.0,12.0,14,1.39,0.48,1.2159427966101513,6608,0.0688333333333336,40,40,1.0,SIN-200171268-4|qp10
2.0,50.0,10.0,12.0,26,1.39,0.48,1.2093754737001818,6597,0.0687187500000012,40,41,1.025,SIN-200171268-4|qp10
2.0,50.0,24.0,12.0,8,1.39,0.48,1.0719473972601865,18250,0.1901041666666667,96,94,0.9791666666666666,SIN-200171268-4|qp24
2.0,50.0,24.0,12.0,20,1.39,0.48,1.129139972144845,17232,0.1794999999999988,96,93,0.96875,SIN-200171268-4|qp24
1.8,50.0,27.0,12.0,2,1.39,0.48,1.0886472060050112,5995,0.0693865740740732,108,109,1.0092592592592593,SIN-22811728-0|qp27
1.8,50.0,27.0,12.0,14,1.39,0.48,1.102748943364338,5915,0.0684606481481474,108,106,0.9814814814814816,SIN-22811728-0|qp27
1.8,50.0,27.0,12.0,26,1.39,0.48,1.1166808728264437,5866,0.0678935185185181,108,105,0.9722222222222222,SIN-22811728-0|qp27
1.8,50.0,9.0,12.0,8,1.39,0.48,1.1720144230769138,6240,0.0722222222222215,36,37,1.0277777777777777,SIN-22928582-0|qp9
1.8,50.0,9.0,12.0,20,1.39,0.48,1.2019301110385203,6124,0.0708796296296292,36,37,1.0277777777777777,SIN-22928582-0|qp9
1.8,50.0,22.0,12.0,2,1.39,0.48,1.2107256173265508,14498,0.1678009259259318,88,88,1.0,SIN-22928582-1|qp22
1.8,50.0,22.0,12.0,14,1.39,0.48,1.0544203702622093,17123,0.1981828703703749,88,87,0.9886363636363636,SIN-22928582-1|qp22
1.8,50.0,22.0,12.0,26,1.39,0.48,1.1926668013195894,14853,0.1719097222222267,88,88,1.0,SIN-22928582-1|qp22
1.8,50.0,9.0,12.0,8,1.39,0.48,1.272189565217372,5750,0.0665509259259249,36,38,1.0555555555555556,SIN-22928582-1|qp9
1.8,50.0,9.0,12.0,20,1.39,0.48,1.209250954990852,6021,0.0696875,36,37,1.0277777777777777,SIN-22928582-1|qp9
1.8,50.0,9.0,12.0,2,1.39,0.48,1.158326011923437,6374,0.0737731481481477,36,35,0.9722222222222222,SIN-22928582-2|qp9
1.8,50.0,9.0,12.0,14,1.39,0.48,1.1666299732662326,6359,0.073599537037037,36,37,1.0277777777777777,SIN-22928582-2|qp9
1.8,50.0,9.0,12.0,26,1.39,0.48,1.1421733707514532,6414,0.0742361111111112,36,37,1.0277777777777777,SIN-22928582-2|qp9
3.0,50.0,15.0,12.0,8,1.39,0.48,0.9530741058209246,12833,0.0891180555555554,60,60,1.0,SIN-546209379-0|qp15
3.0,50.0,15.0,12.0,20,1.39,0.48,0.9923438003220671,12420,0.0862499999999997,60,60,1.0,SIN-546209379-0|qp15
3.0,50.0,15.0,12.0,2,1.39,0.48,1.2653909205548537,9516,0.0660833333333325,60,60,1.0,SIN-546209379-1|qp15
3.0,50.0,15.0,12.0,14,1.39,0.48,1.310323748902581,9112,0.0632777777777768,60,60,1.0,SIN-546209379-1|qp15
3.0,50.0,15.0,12.0,26,1.39,0.48,1.3059416185600703,9181,0.0637569444444433,60,59,0.9833333333333332,SIN-546209379-1|qp15
3.0,50.0,36.0,12.0,8,1.39,0.48,1.2108684946372072,23961,0.1663958333333311,144,147,1.0208333333333333,SIN-546209379-1|qp36
3.0,50.0,36.0,12.0,20,1.39,0.48,1.2264787889155573,23384,0.1623888888888885,144,144,1.0,SIN-546209379-1|qp36
3.0,50.0,15.0,12.0,2,1.39,0.48,1.2650978535353492,9504,0.0659999999999991,60,60,1.0,SIN-546209379-2|qp15
3.0,50.0,15.0,12.0,14,1.39,0.48,1.3116805708013466,9110,0.0632638888888881,60,62,1.0333333333333334,SIN-546209379-2|qp15
3.0,50.0,15.0,12.0,26,1.39,0.48,1.2981131667207615,9243,0.0641874999999988,60,59,0.9833333333333332,SIN-546209379-2|qp15
3.0,50.0,36.0,12.0,8,1.39,0.48,1.1890694524259762,24362,0.1691805555555539,144,146,1.0138888888888888,SIN-546209379-2|qp36
3.0,50.0,36.0,12.0,20,1.39,0.48,1.2316993267870229,23321,0.1619513888888888,144,144,1.0,SIN-546209379-2|qp36
1.8,50.0,9.0,12.0,2,1.39,0.48,1.232681687277658,5903,0.0683217592592586,36,35,0.9722222222222222,SIN-74587409-1|qp9
1.8,50.0,9.0,12.0,14,1.39,0.48,1.2125669344042866,5976,0.0691666666666658,36,36,1.0,SIN-74587409-1|qp9
1.8,50.0,9.0,12.0,26,1.39,0.48,1.1925459317584997,6096,0.0705555555555559,36,36,1.0,SIN-74587409-1|qp9
1.8,50.0,9.0,12.0,8,1.39,0.48,1.253473447500418,5781,0.0669097222222218,36,37,1.0277777777777777,SIN-74587409-2|qp9
1.8,50.0,9.0,12.0,20,1.39,0.48,1.239019237375457,5822,0.0673842592592586,36,37,1.0277777777777777,SIN-74587409-2|qp9
2.5,50.0,12.0,12.0,2,1.39,0.48,1.2654051553205092,7565,0.063041666666667,48,48,1.0,TYO-1323228545-3|qp12
2.5,50.0,12.0,12.0,14,1.39,0.48,1.3051586644590694,7248,0.0604000000000005,48,47,0.9791666666666666,TYO-1323228545-3|qp12
2.5,50.0,12.0,12.0,26,1.39,0.48,1.3067878952368244,7369,0.0614083333333345,48,48,1.0,TYO-1323228545-3|qp12
2.5,50.0,30.0,12.0,8,1.39,0.48,1.0997688581315035,21675,0.1806250000000031,120,116,0.9666666666666668,TYO-1323228545-3|qp30
2.5,50.0,30.0,12.0,20,1.39,0.48,1.20848935740952,19826,0.1652166666666691,120,116,0.9666666666666668,TYO-1323228545-3|qp30
1.2,50.0,14.0,12.0,3,1.39,0.48,1.2162863293864814,9290,0.1612847222222227,56,56,1.0,AMS-244428233-0|qp14
1.2,50.0,14.0,12.0,15,1.39,0.48,1.2450065948560314,9098,0.1579513888888914,56,56,1.0,AMS-244428233-0|qp14
1.2,50.0,14.0,12.0,27,1.39,0.48,1.2431014460999188,9128,0.1584722222222235,56,56,1.0,AMS-244428233-0|qp14
1.2,50.0,6.0,12.0,9,1.39,0.48,1.3203656554712817,3692,0.0640972222222222,24,24,1.0,AMS-244428233-0|qp6
1.2,50.0,6.0,12.0,21,1.39,0.48,1.284850507207729,3746,0.0650347222222224,24,24,1.0,AMS-244428233-0|qp6
2.5,50.0,12.0,12.0,3,1.39,0.48,1.2206806150743554,3967,0.0330583333333338,48,47,0.9791666666666666,AMS-4480498-0|qp12
2.5,50.0,12.0,12.0,15,1.39,0.48,1.257966451612902,3875,0.0322916666666671,48,49,1.0208333333333333,AMS-4480498-0|qp12
2.5,50.0,12.0,12.0,27,1.39,0.48,1.2582342295760065,3868,0.0322333333333337,48,49,1.0208333333333333,AMS-4480498-0|qp12
2.5,50.0,30.0,12.0,9,1.39,0.48,1.1982823297137215,10130,0.0844166666666676,120,119,0.9916666666666668,AMS-4480498-0|qp30
2.5,50.0,30.0,12.0,21,1.39,0.48,1.1752789782003366,10413,0.086775000000002,120,121,1.0083333333333333,AMS-4480498-0|qp30
3.6,50.0,18.0,12.0,3,1.39,0.48,1.1144275574756997,12962,0.0750115740740765,72,72,1.0,AMS-4480626-0|qp18
3.6,50.0,18.0,12.0,15,1.39,0.48,1.1634571916415744,12299,0.0711747685185189,72,73,1.0138888888888888,AMS-4480626-0|qp18
3.6,50.0,18.0,12.0,27,1.39,0.48,1.1767306753458238,12290,0.0711226851851858,72,73,1.0138888888888888,AMS-4480626-0|qp18
3.6,50.0,18.0,12.0,9,1.39,0.48,1.3332514090363354,10823,0.0626331018518518,72,72,1.0,AMS-4480644-0|qp18
3.6,50.0,18.0,12.0,21,1.39,0.48,1.2932260391308237,11091,0.0641840277777782,72,73,1.0138888888888888,AMS-4480644-0|qp18
3.6,50.0,43.0,12.0,3,1.39,0.48,1.1829095504849465,29276,0.1694212962962983,172,171,0.994186046511628,AMS-4480644-0|qp43
3.6,50.0,43.0,12.0,15,1.39,0.48,1.1843881608519256,28921,0.1673668981481475,172,171,0.994186046511628,AMS-4480644-0|qp43
3.6,50.0,43.0,12.0,27,1.39,0.48,1.1548449393385565,30085,0.1741030092592577,172,173,1.005813953488372,AMS-4480644-0|qp43
2.5,50.0,12.0,12.0,9,1.39,0.48,1.2518592899714995,7718,0.0643166666666679,48,48,1.0,AMS-4495978-0|qp12
2.5,50.0,12.0,12.0,21,1.39,0.48,1.260127256200522,7701,0.0641750000000007,48,49,1.0208333333333333,AMS-4495978-0|qp12
2.5,50.0,30.0,12.0,3,1.39,0.48,1.1619999042191682,20881,0.1740083333333371,120,120,1.0,AMS-4495978-0|qp30
2.5,50.0,30.0,12.0,15,1.39,0.48,1.201580869478134,19989,0.1665750000000009,120,122,1.0166666666666666,AMS-4495978-0|qp30
2.5,50.0,30.0,12.0,27,1.39,0.48,1.1854029573051492,20424,0.170200000000001,120,115,0.9583333333333334,AMS-4495978-0|qp30
2.5,50.0,12.0,12.0,9,1.39,0.48,1.1152241153342046,7630,0.0635833333333344,48,48,1.0,AMS-4495979-0|qp12
2.5,50.0,12.0,12.0,21,1.39,0.48,1.073064192577749,7976,0.0664666666666676,48,47,0.9791666666666666,AMS-4495979-0|qp12
2.5,50.0,12.0,12.0,3,1.39,0.48,1.1026860152398423,8924,0.0743666666666677,48,50,1.0416666666666667,AMS-4496429-0|qp12
2.5,50.0,12.0,12.0,15,1.39,0.48,1.1473494530800137,8685,0.0723750000000018,48,48,1.0,AMS-4496429-0|qp12
2.5,50.0,12.0,12.0,27,1.39,0.48,1.0609012187299518,9354,0.0779500000000013,48,47,0.9791666666666666,AMS-4496429-0|qp12
2.5,50.0,12.0,12.0,9,1.39,0.48,1.2835725741780248,7482,0.0623500000000007,48,50,1.0416666666666667,AMS-7370864-0|qp12
2.5,50.0,12.0,12.0,21,1.39,0.48,1.276944701069047,7577,0.0631416666666676,48,49,1.0208333333333333,AMS-7370864-0|qp12
2.5,50.0,30.0,12.0,3,1.39,0.48,1.2017472396299842,20106,0.1675500000000026,120,121,1.0083333333333333,AMS-7370864-0|qp30
2.5,50.0,30.0,12.0,15,1.39,0.48,1.240611434757895,19397,0.1616416666666681,120,119,0.9916666666666668,AMS-7370864-0|qp30
2.5,50.0,30.0,12.0,27,1.39,0.48,1.2130884196800584,19939,0.1661583333333355,120,117,0.975,AMS-7370864-0|qp30
2.5,50.0,38.0,12.0,9,1.39,0.48,1.1135256782242478,27572,0.2297666666666702,152,152,1.0,LON-4082553-0|qp38
2.5,50.0,38.0,12.0,21,1.39,0.48,1.1269256557618503,27144,0.2262000000000021,152,152,1.0,LON-4082553-0|qp38
2.5,50.0,38.0,12.0,3,1.39,0.48,1.1501712444261851,26687,0.2223916666666707,152,153,1.006578947368421,LON-4082554-0|qp38
2.5,50.0,38.0,12.0,15,1.39,0.48,1.1686746481028334,26144,0.2178666666666705,152,150,0.986842105263158,LON-4082554-0|qp38
2.5,50.0,38.0,12.0,27,1.39,0.48,1.1389875527895463,26994,0.224950000000004,152,154,1.013157894736842,LON-4082554-0|qp38
2.5,50.0,38.0,12.0,9,1.39,0.48,1.151791630504426,26501,0.2208416666666705,152,156,1.0263157894736843,LON-4082592-0|qp38
2.5,50.0,38.0,12.0,21,1.39,0.48,1.1413407862865683,26835,0.223625000000004,152,155,1.019736842105263,LON-4082592-0|qp38
2.0,50.0,10.0,12.0,3,1.39,0.48,1.1728980776206193,2757,0.0287187499999992,40,40,1.0,SIN-131164229-0|qp10
2.0,50.0,10.0,12.0,15,1.39,0.48,1.2350249520153551,2605,0.027135416666666,40,41,1.025,SIN-131164229-0|qp10
2.0,50.0,10.0,12.0,27,1.39,0.48,1.2290177880897186,2586,0.0269374999999992,40,39,0.975,SIN-131164229-0|qp10
2.0,50.0,24.0,12.0,9,1.39,0.48,1.1531505006725242,6691,0.0696979166666657,96,95,0.9895833333333334,SIN-131164229-0|qp24
2.0,50.0,24.0,12.0,21,1.39,0.48,1.1407043090639024,6730,0.0701041666666654,96,96,1.0,SIN-131164229-0|qp24
1.8,50.0,9.0,12.0,3,1.39,0.48,1.0750417386298208,6948,0.0804166666666661,36,36,1.0,SIN-139715353-1|qp9
1.8,50.0,9.0,12.0,15,1.39,0.48,1.1399074930619966,6486,0.0750694444444446,36,37,1.0277777777777777,SIN-139715353-1|qp9
1.8,50.0,9.0,12.0,27,1.39,0.48,1.131766610143362,6487,0.0750810185185193,36,36,1.0,SIN-139715353-1|qp9
3.0,50.0,15.0,12.0,9,1.39,0.48,1.210499352137988,10033,0.0696736111111101,60,59,0.9833333333333332,SIN-1464509030-0|qp15
3.0,50.0,15.0,12.0,21,1.39,0.48,1.212311908320885,10035,0.0696874999999995,60,60,1.0,SIN-1464509030-0|qp15
3.0,50.0,36.0,12.0,3,1.39,0.48,1.0961073749002903,26319,0.1827708333333311,144,140,0.9722222222222222,SIN-1464509030-0|qp36
3.0,50.0,36.0,12.0,15,1.39,0.48,1.0599068243858245,27475,0.1907986111111072,144,143,0.9930555555555556,SIN-1464509030-0|qp36
3.0,50.0,36.0,12.0,27,1.39,0.48,1.1120555341303997,25930,0.1800694444444434,144,142,0.9861111111111112,SIN-1464509030-0|qp36
2.0,50.0,10.0,12.0,9,1.39,0.48,1.302528605962899,6205,0.0646354166666658,40,39,0.975,SIN-166571436-2|qp10
2.0,50.0,10.0,12.0,21,1.39,0.48,1.2287877857910388,6517,0.0678854166666659,40,41,1.025,SIN-166571436-2|qp10
2.0,50.0,24.0,12.0,3,1.39,0.48,1.219672421425381,15813,0.1647187500000016,96,95,0.9895833333333334,SIN-166571436-2|qp24
2.0,50.0,24.0,12.0,15,1.39,0.48,0.1410982215401763,44308,0.4615416666666739,0,15,1.0,SIN-166571436-2|qp24
2.0,50.0,24.0,12.0,27,1.39,0.48,1.228443471084909,15753,0.1640937499999987,96,99,1.03125,SIN-166571436-2|qp24
2.0,50.0,10.0,12.0,9,1.39,0.48,1.221073885731352,6686,0.0696458333333332,40,39,0.975,SIN-166571436-3|qp10
2.0,50.0,10.0,12.0,21,1.39,0.48,1.2423876706027026,6521,0.0679270833333323,40,42,1.05,SIN-166571436-3|qp10
1.8,50.0,22.0,12.0,3,1.39,0.48,1.2198635517882717,14511,0.1679513888888935,88,88,1.0,SIN-170969415-0|qp22
1.8,50.0,22.0,12.0,15,1.39,0.48,1.2685150482680534,14088,0.1630555555555599,88,88,1.0,SIN-170969415-0|qp22
1.8,50.0,22.0,12.0,27,1.39,0.48,1.189629555466592,14982,0.1734027777777849,88,88,1.0,SIN-170969415-0|qp22
1.8,50.0,9.0,12.0,9,1.39,0.48,1.300779059449856,5635,0.0652199074074067,36,36,1.0,SIN-170969415-0|qp9
1.8,50.0,9.0,12.0,21,1.39,0.48,1.2669342560553931,5780,0.0668981481481476,36,36,1.0,SIN-170969415-0|qp9
2.0,50.0,10.0,12.0,3,1.39,0.48,1.1597744581136784,6828,0.0711249999999989,40,40,1.0,SIN-190681368-0|qp10
2.0,50.0,10.0,12.0,15,1.39,0.48,1.2340497497345766,6593,0.0686770833333327,40,40,1.0,SIN-190681368-0|qp10
2.0,50.0,10.0,12.0,27,1.39,0.48,1.21556182344867,6559,0.0683229166666658,40,39,0.975,SIN-190681368-0|qp10
2.0,50.0,10.0,12.0,9,1.39,0.48,1.2839627701529948,6339,0.0660312499999991,40,40,1.0,SIN-197634752-1|qp10
2.0,50.0,10.0,12.0,21,1.39,0.48,1.1923573419392894,6817,0.0710104166666659,40,42,1.05,SIN-197634752-1|qp10
2.0,50.0,10.0,12.0,3,1.39,0.48,1.1696822157434617,6860,0.0714583333333323,40,41,1.025,SIN-198571185-1|qp10
2.0,50.0,10.0,12.0,15,1.39,0.48,1.26510502567294,6427,0.0669479166666655,40,40,1.0,SIN-198571185-1|qp10
2.0,50.0,10.0,12.0,27,1.39,0.48,1.324154502214162,6097,0.0635104166666668,40,41,1.025,SIN-198571185-1|qp10
2.0,50.0,24.0,12.0,9,1.39,0.48,1.0982043886437884,17682,0.1841875000000003,96,92,0.9583333333333334,SIN-198571185-1|qp24
2.0,50.0,24.0,12.0,21,1.39,0.48,1.074831640538776,18116,0.1887083333333337,96,93,0.96875,SIN-198571185-1|qp24
2.0,50.0,10.0,12.0,3,1.39,0.48,1.1455200456556036,7009,0.0730104166666653,40,41,1.025,SIN-198571185-2|qp10
2.0,50.0,10.0,12.0,15,1.39,0.48,1.2720394011032363,6345,0.0660937499999995,40,41,1.025,SIN-198571185-2|qp10
2.0,50.0,10.0,12.0,27,1.39,0.48,1.252382806416412,6421,0.0668854166666667,40,40,1.0,SIN-198571185-2|qp10
2.0,50.0,10.0,12.0,9,1.39,0.48,1.2122628281622607,6704,0.0698333333333336,40,41,1.025,SIN-198571185-3|qp10
2.0,50.0,10.0,12.0,21,1.39,0.48,1.2344724770642417,6540,0.0681249999999991,40,42,1.05,SIN-198571185-3|qp10
2.0,50.0,24.0,12.0,3,1.39,0.48,1.023236897274607,19080,0.1987499999999984,96,97,1.0104166666666667,SIN-198571185-3|qp24
2.0,50.0,24.0,12.0,15,1.39,0.48,1.1762048192770909,16600,0.1729166666666664,96,97,1.0104166666666667,SIN-198571185-3|qp24
2.0,50.0,24.0,12.0,27,1.39,0.48,1.119984528993813,17452,0.1817916666666675,96,96,1.0,SIN-198571185-3|qp24
2.0,50.0,10.0,12.0,9,1.39,0.48,1.2080916030534017,6681,0.069593749999999,40,39,0.975,SIN-200167221-1|qp10
2.0,50.0,10.0,12.0,21,1.39,0.48,1.2014556106354355,6657,0.0693437499999994,40,42,1.05,SIN-200167221-1|qp10
2.0,50.0,10.0,12.0,3,1.39,0.48,1.1869057104913932,6777,0.0705937499999993,40,40,1.0,SIN-200171267-0|qp10
2.0,50.0,10.0,12.0,15,1.39,0.48,1.26368173258005,6372,0.0663750000000002,40,42,1.05,SIN-200171267-0|qp10
2.0,50.0,10.0,12.0,27,1.39,0.48,1.1985369822485037,6760,0.0704166666666649,38,40,1.0526315789473684,SIN-200171267-0|qp10
2.0,50.0,10.0,12.0,9,1.39,0.48,1.1680480565370677,7075,0.0736979166666662,40,41,1.025,SIN-200171267-2|qp10
2.0,50.0,10.0,12.0,21,1.39,0.48,1.189579222286734,6892,0.0717916666666652,40,42,1.05,SIN-200171267-2|qp10
2.0,50.0,10.0,12.0,3,1.39,0.48,1.137651482900549,7047,0.0734062499999993,40,41,1.025,SIN-200171268-0|qp10
2.0,50.0,10.0,12.0,15,1.39,0.48,1.1834719605854256,6901,0.0718854166666663,40,41,1.025,SIN-200171268-0|qp10
2.0,50.0,10.0,12.0,27,1.39,0.48,1.177009655569942,6939,0.0722812499999986,40,39,0.975,SIN-200171268-0|qp10
2.0,50.0,24.0,12.0,9,1.39,0.48,1.04218621344871,18946,0.197354166666668,96,92,0.9583333333333334,SIN-200171268-0|qp24
2.0,50.0,24.0,12.0,21,1.39,0.48,1.0126799426640969,19534,0.2034791666666672,96,93,0.96875,SIN-200171268-0|qp24
2.0,50.0,10.0,12.0,3,1.39,0.48,1.1794504373178067,6860,0.0714583333333334,40,42,1.05,SIN-200171268-4|qp10
2.0,50.0,10.0,12.0,15,1.39,0.48,1.2348300347484622,6619,0.068947916666666,40,41,1.025,SIN-200171268-4|qp10
2.0,50.0,10.0,12.0,27,1.39,0.48,1.2315486453201645,6496,0.0676666666666666,40,40,1.0,SIN-200171268-4|qp10
2.0,50.0,24.0,12.0,9,1.39,0.48,1.0732130932179558,18269,0.1903020833333339,96,93,0.96875,SIN-200171268-4|qp24
2.0,50.0,24.0,12.0,21,1.39,0.48,1.035887227057217,19189,0.1998854166666684,96,96,1.0,SIN-200171268-4|qp24
1.8,50.0,27.0,12.0,3,1.39,0.48,1.1327579606751377,5747,0.0665162037037027,108,109,1.0092592592592593,SIN-22811728-0|qp27
1.8,50.0,27.0,12.0,15,1.39,0.48,1.1275734662313066,5819,0.0673495370370363,108,108,1.0,SIN-22811728-0|qp27
1.8,50.0,27.0,12.0,27,1.39,0.48,1.1089662658650492,5988,0.0693055555555551,108,109,1.0092592592592593,SIN-22811728-0|qp27
1.8,50.0,9.0,12.0,9,1.39,0.48,1.2051161657189138,6155,0.0712384259259247,36,35,0.9722222222222222,SIN-22928582-0|qp9
1.8,50.0,9.0,12.0,21,1.39,0.48,1.1767613906969543,6299,0.0729050925925926,36,36,1.0,SIN-22928582-0|qp9
1.8,50.0,22.0,12.0,3,1.39,0.48,1.1456911398864411,15677,0.1814467592592663,88,88,1.0,SIN-22928582-1|qp22
1.8,50.0,22.0,12.0,15,1.39,0.48,1.2506514864010296,14229,0.1646875000000046,88,89,1.0113636363636365,SIN-22928582-1|qp22
1.8,50.0,22.0,12.0,27,1.39,0.48,1.1902443773078617,14895,0.1723958333333392,88,88,1.0,SIN-22928582-1|qp22
1.8,50.0,9.0,12.0,9,1.39,0.48,1.1642359249329637,6341,0.0733912037037022,36,36,1.0,SIN-22928582-1|qp9
1.8,50.0,9.0,12.0,21,1.39,0.48,1.1392533621889218,6469,0.0748726851851837,36,36,1.0,SIN-22928582-1|qp9
1.8,50.0,9.0,12.0,3,1.39,0.48,1.132801402225274,6561,0.0759374999999994,36,36,1.0,SIN-22928582-2|qp9
1.8,50.0,9.0,12.0,15,1.39,0.48,1.1718113629109594,6266,0.0725231481481481,36,36,1.0,SIN-22928582-2|qp9
1.8,50.0,9.0,12.0,27,1.39,0.48,1.1478688010043958,6372,0.0737499999999994,36,36,1.0,SIN-22928582-2|qp9
3.0,50.0,15.0,12.0,9,1.39,0.48,1.0327092270165867,11889,0.0825624999999996,60,61,1.0166666666666666,SIN-546209379-0|qp15
3.0,50.0,15.0,12.0,21,1.39,0.48,0.9597915683498464,12714,0.0882916666666665,60,62,1.0333333333333334,SIN-546209379-0|qp15
3.0,50.0,15.0,12.0,3,1.39,0.48,1.29123350852737,9323,0.0647430555555549,60,61,1.0166666666666666,SIN-546209379-1|qp15
3.0,50.0,15.0,12.0,15,1.39,0.48,1.310760418939624,9166,0.0636527777777768,60,60,1.0,SIN-546209379-1|qp15
3.0,50.0,15.0,12.0,27,1.39,0.48,1.309627780792184,9215,0.0639930555555546,60,60,1.0,SIN-546209379-1|qp15
3.0,50.0,36.0,12.0,9,1.39,0.48,1.1946846438862926,24290,0.1686805555555566,144,147,1.0208333333333333,SIN-546209379-1|qp36
3.0,50.0,36.0,12.0,21,1.39,0.48,1.1755934598304436,24770,0.1720138888888892,144,145,1.0069444444444444,SIN-546209379-1|qp36
3.0,50.0,15.0,12.0,3,1.39,0.48,1.2794969690525004,9403,0.0652986111111104,60,61,1.0166666666666666,SIN-546209379-2|qp15
3.0,50.0,15.0,12.0,15,1.39,0.48,1.302362059620657,9225,0.0640624999999993,60,59,0.9833333333333332,SIN-546209379-2|qp15
3.0,50.0,15.0,12.0,27,1.39,0.48,1.3145141612200386,9180,0.0637499999999991,60,60,1.0,SIN-546209379-2|qp15
3.0,50.0,36.0,12.0,9,1.39,0.48,1.2144248120300023,23940,0.1662499999999996,144,147,1.0208333333333333,SIN-546209379-2|qp36
3.0,50.0,36.0,12.0,21,1.39,0.48,1.1564743974097451,25017,0.1737291666666645,144,141,0.9791666666666666,SIN-546209379-2|qp36
1.8,50.0,9.0,12.0,3,1.39,0.48,1.1408113933795314,6495,0.0751736111111107,36,37,1.0277777777777777,SIN-74587409-1|qp9
1.8,50.0,9.0,12.0,15,1.39,0.48,1.1557140607778364,6351,0.0735069444444444,36,36,1.0,SIN-74587409-1|qp9
1.8,50.0,9.0,12.0,27,1.39,0.48,1.222743031951047,5884,0.0681018518518516,36,35,0.9722222222222222,SIN-74587409-1|qp9
1.8,50.0,9.0,12.0,9,1.39,0.48,1.2583997228957278,5774,0.0668287037037026,36,36,1.0,SIN-74587409-2|qp9
1.8,50.0,9.0,12.0,21,1.39,0.48,1.203984863441946,6078,0.0703472222222233,36,36,1.0,SIN-74587409-2|qp9
2.5,50.0,12.0,12.0,3,1.39,0.48,1.2671865203762331,7656,0.0638000000000004,48,49,1.0208333333333333,TYO-1323228545-3|qp12
2.5,50.0,12.0,12.0,15,1.39,0.48,1.3233772791023526,7130,0.0594166666666678,48,48,1.0,TYO-1323228545-3|qp12
2.5,50.0,12.0,12.0,27,1.39,0.48,1.2951116253743449,7346,0.0612166666666675,48,48,1.0,TYO-1323228545-3|qp12
2.5,50.0,30.0,12.0,9,1.39,0.48,1.0897804354772256,21907,0.1825583333333367,120,117,0.975,TYO-1323228545-3|qp30
2.5,50.0,30.0,12.0,21,1.39,0.48,1.1202693744164856,21420,0.178500000000002,120,118,0.9833333333333332,TYO-1323228545-3|qp30
1.2,50.0,14.0,12.0,4,1.39,0.48,1.2562523708579347,8963,0.1556076388888882,56,56,1.0,AMS-244428233-0|qp14
1.2,50.0,14.0,12.0,16,1.39,0.48,1.2616519503743788,8947,0.1553298611111136,56,55,0.9821428571428572,AMS-244428233-0|qp14
1.2,50.0,14.0,12.0,28,1.39,0.48,1.2628252579632344,8916,0.15479166666667,56,55,0.9821428571428572,AMS-244428233-0|qp14
1.2,50.0,6.0,12.0,10,1.39,0.48,1.3108456773498904,3713,0.0644618055555558,24,24,1.0,AMS-244428233-0|qp6
1.2,50.0,6.0,12.0,22,1.39,0.48,1.2891626538255725,3738,0.0648958333333337,24,24,1.0,AMS-244428233-0|qp6
2.5,50.0,12.0,12.0,4,1.39,0.48,1.2738902022589809,3807,0.0317250000000003,48,48,1.0,AMS-4480498-0|qp12
2.5,50.0,12.0,12.0,16,1.39,0.48,1.2776121752820833,3811,0.0317583333333337,48,47,0.9791666666666666,AMS-4480498-0|qp12
2.5,50.0,12.0,12.0,28,1.39,0.48,1.2887384044526715,3773,0.0314416666666672,48,48,1.0,AMS-4480498-0|qp12
2.5,50.0,30.0,12.0,10,1.39,0.48,1.1722504099546245,10367,0.0863916666666676,120,121,1.0083333333333333,AMS-4480498-0|qp30
2.5,50.0,30.0,12.0,22,1.39,0.48,1.202036525172784,10130,0.0844166666666673,120,119,0.9916666666666668,AMS-4480498-0|qp30
3.6,50.0,18.0,12.0,4,1.39,0.48,1.1672687044169183,12203,0.0706192129629639,72,71,0.9861111111111112,AMS-4480626-0|qp18
3.6,50.0,18.0,12.0,16,1.39,0.48,1.1713301566789946,12382,0.0716550925925936,72,71,0.9861111111111112,AMS-4480626-0|qp18
3.6,50.0,18.0,12.0,28,1.39,0.48,1.122221530318389,12847,0.0743460648148172,72,71,0.9861111111111112,AMS-4480626-0|qp18
3.6,50.0,18.0,12.0,10,1.39,0.48,1.2784460418885828,11268,0.0652083333333342,72,70,0.9722222222222222,AMS-4480644-0|qp18
3.6,50.0,18.0,12.0,22,1.39,0.48,1.3317171623868505,10826,0.0626504629629628,72,70,0.9722222222222222,AMS-4480644-0|qp18
3.6,50.0,43.0,12.0,4,1.39,0.48,1.1996099290779332,28482,0.1648263888888894,172,169,0.9825581395348836,AMS-4480644-0|qp43
3.6,50.0,43.0,12.0,16,1.39,0.48,1.1628534538412998,29431,0.1703182870370354,172,169,0.9825581395348836,AMS-4480644-0|qp43
3.6,50.0,43.0,12.0,28,1.39,0.48,1.133264926590542,30650,0.177372685185185,172,171,0.994186046511628,AMS-4480644-0|qp43
2.5,50.0,12.0,12.0,10,1.39,0.48,1.24583000643914,7765,0.0647083333333347,48,48,1.0,AMS-4495978-0|qp12
2.5,50.0,12.0,12.0,22,1.39,0.48,1.285080849926515,7483,0.0623583333333345,48,50,1.0416666666666667,AMS-4495978-0|qp12
2.5,50.0,30.0,12.0,4,1.39,0.48,1.1551325197825866,20978,0.1748166666666693,120,122,1.0166666666666666,AMS-4495978-0|qp30
2.5,50.0,30.0,12.0,16,1.39,0.48,1.1825247427731505,20410,0.1700833333333361,120,120,1.0,AMS-4495978-0|qp30
2.5,50.0,30.0,12.0,28,1.39,0.48,1.1520785186588656,21116,0.1759666666666698,120,118,0.9833333333333332,AMS-4495978-0|qp30
2.5,50.0,12.0,12.0,10,1.39,0.48,1.101991679667211,7692,0.0641000000000013,48,49,1.0208333333333333,AMS-4495979-0|qp12
2.5,50.0,12.0,12.0,22,1.39,0.48,1.1411483124916095,7437,0.061975000000001,48,48,1.0,AMS-4495979-0|qp12
2.5,50.0,12.0,12.0,4,1.39,0.48,1.069873143228903,9223,0.076858333333335,48,49,1.0208333333333333,AMS-4496429-0|qp12
2.5,50.0,12.0,12.0,16,1.39,0.48,1.0938718510405347,9130,0.0760833333333341,48,46,0.9583333333333334,AMS-4496429-0|qp12
2.5,50.0,12.0,12.0,28,1.39,0.48,1.1081124048365414,8932,0.0744333333333345,48,47,0.9791666666666666,AMS-4496429-0|qp12
2.5,50.0,12.0,12.0,10,1.39,0.48,1.2927208338901386,7483,0.0623583333333344,48,48,1.0,AMS-7370864-0|qp12
2.5,50.0,12.0,12.0,22,1.39,0.48,1.3103079218665434,7372,0.0614333333333341,48,49,1.0208333333333333,AMS-7370864-0|qp12
2.5,50.0,30.0,12.0,4,1.39,0.48,1.2112806921037609,19997,0.1666416666666683,120,119,0.9916666666666668,AMS-7370864-0|qp30
2.5,50.0,30.0,12.0,16,1.39,0.48,1.2428670532201271,19316,0.1609666666666672,120,119,0.9916666666666668,AMS-7370864-0|qp30
2.5,50.0,30.0,12.0,28,1.39,0.48,1.201529897112256,20119,0.1676583333333358,120,117,0.975,AMS-7370864-0|qp30
2.5,50.0,38.0,12.0,10,1.39,0.48,1.1423040066399868,26506,0.2208833333333382,152,152,1.0,LON-4082553-0|qp38
2.5,50.0,38.0,12.0,22,1.39,0.48,1.1647800061003577,26228,0.2185666666666675,152,151,0.993421052631579,LON-4082553-0|qp38
2.5,50.0,38.0,12.0,4,1.39,0.48,1.1767061948945885,25973,0.2164416666666701,152,152,1.0,LON-4082554-0|qp38
2.5,50.0,38.0,12.0,16,1.39,0.48,1.135312663429222,26770,0.2230833333333378,152,153,1.006578947368421,LON-4082554-0|qp38
2.5,50.0,38.0,12.0,28,1.39,0.48,1.1681692020283054,26229,0.2185750000000045,152,151,0.993421052631579,LON-4082554-0|qp38
2.5,50.0,38.0,12.0,10,1.39,0.48,1.1444272887787126,26619,0.2218250000000041,152,153,1.006578947368421,LON-4082592-0|qp38
2.5,50.0,38.0,12.0,22,1.39,0.48,1.162408917682974,26240,0.2186666666666672,152,150,0.986842105263158,LON-4082592-0|qp38
2.0,50.0,10.0,12.0,4,1.39,0.48,1.2109495101733152,2654,0.0276458333333326,40,40,1.0,SIN-131164229-0|qp10
2.0,50.0,10.0,12.0,16,1.39,0.48,1.2323056300268045,2611,0.0271979166666659,40,41,1.025,SIN-131164229-0|qp10
2.0,50.0,10.0,12.0,28,1.39,0.48,1.1903213889914843,2707,0.028197916666666,40,40,1.0,SIN-131164229-0|qp10
2.0,50.0,24.0,12.0,10,1.39,0.48,1.1512518718179092,6678,0.0695624999999989,96,97,1.0104166666666667,SIN-131164229-0|qp24
2.0,50.0,24.0,12.0,22,1.39,0.48,1.1923352922981842,6466,0.0673541666666672,96,96,1.0,SIN-131164229-0|qp24
1.8,50.0,9.0,12.0,4,1.39,0.48,1.1781293375394444,6340,0.0733796296296298,36,36,1.0,SIN-139715353-1|qp9
1.8,50.0,9.0,12.0,16,1.39,0.48,1.1397971822263442,6459,0.0747569444444446,36,35,0.9722222222222222,SIN-139715353-1|qp9
1.8,50.0,9.0,12.0,28,1.39,0.48,1.1668606900999594,6202,0.0717824074074071,36,37,1.0277777777777777,SIN-139715353-1|qp9
3.0,50.0,15.0,12.0,10,1.39,0.48,1.185633733997895,10233,0.0710624999999988,60,60,1.0,SIN-1464509030-0|qp15
3.0,50.0,15.0,12.0,22,1.39,0.48,1.2194114120115471,10007,0.0694930555555544,60,59,0.9833333333333332,SIN-1464509030-0|qp15
3.0,50.0,36.0,12.0,4,1.39,0.48,1.0631387874360083,27380,0.1901388888888872,144,145,1.0069444444444444,SIN-1464509030-0|qp36
3.0,50.0,36.0,12.0,16,1.39,0.48,1.1054404066459496,26362,0.1830694444444426,144,143,0.9930555555555556,SIN-1464509030-0|qp36
3.0,50.0,36.0,12.0,28,1.39,0.48,1.0671007488840405,27107,0.1882430555555555,144,140,0.9722222222222222,SIN-1464509030-0|qp36
2.0,50.0,10.0,12.0,10,1.39,0.48,1.3171294774893123,6086,0.0633958333333335,40,40,1.0,SIN-166571436-2|qp10
2.0,50.0,10.0,12.0,22,1.39,0.48,1.3582136810023575,5906,0.0615208333333337,40,40,1.0,SIN-166571436-2|qp10
2.0,50.0,24.0,12.0,4,1.39,0.48,1.268051574055936,15279,0.1591562499999998,96,95,0.9895833333333334,SIN-166571436-2|qp24
2.0,50.0,24.0,12.0,16,1.39,0.48,1.1666702605571035,16695,0.1739062500000014,96,94,0.9791666666666666,SIN-166571436-2|qp24
2.0,50.0,24.0,12.0,28,1.39,0.48,1.1787403774521965,16108,0.167791666666667,96,99,1.03125,SIN-166571436-2|qp24
2.0,50.0,10.0,12.0,10,1.39,0.48,1.2261243585873776,6626,0.069020833333333,40,40,1.0,SIN-166571436-3|qp10
2.0,50.0,10.0,12.0,22,1.39,0.48,1.199315985130099,6725,0.0700520833333321,40,41,1.025,SIN-166571436-3|qp10
1.8,50.0,22.0,12.0,4,1.39,0.48,1.2439493043922252,13729,0.1589004629629646,67,83,1.2388059701492538,SIN-170969415-0|qp22
1.8,50.0,22.0,12.0,16,1.39,0.48,1.2589958783399735,14072,0.1628703703703742,88,87,0.9886363636363636,SIN-170969415-0|qp22
1.8,50.0,22.0,12.0,28,1.39,0.48,1.1691403187875598,15308,0.1771759259259307,88,87,0.9886363636363636,SIN-170969415-0|qp22
1.8,50.0,9.0,12.0,10,1.39,0.48,1.2718271562175187,5774,0.066828703703703,36,37,1.0277777777777777,SIN-170969415-0|qp9
1.8,50.0,9.0,12.0,22,1.39,0.48,1.290323036187114,5665,0.0655671296296291,36,37,1.0277777777777777,SIN-170969415-0|qp9
2.0,50.0,10.0,12.0,4,1.39,0.48,1.2627363964246394,6377,0.0664270833333331,40,41,1.025,SIN-190681368-0|qp10
2.0,50.0,10.0,12.0,16,1.39,0.48,1.2474854606672687,6534,0.0680624999999985,40,39,0.975,SIN-190681368-0|qp10
2.0,50.0,10.0,12.0,28,1.39,0.48,1.2759771041599468,6202,0.0646041666666652,40,40,1.0,SIN-190681368-0|qp10
2.0,50.0,10.0,12.0,10,1.39,0.48,1.233235744941749,6524,0.0679583333333334,40,40,1.0,SIN-197634752-1|qp10
2.0,50.0,10.0,12.0,22,1.39,0.48,1.2378414298808318,6546,0.0681875000000001,40,39,0.975,SIN-197634752-1|qp10
2.0,50.0,10.0,12.0,4,1.39,0.48,1.2275612321562734,6655,0.0693229166666661,40,40,1.0,SIN-198571185-1|qp10
2.0,50.0,10.0,12.0,16,1.39,0.48,1.241207501143458,6559,0.068322916666667,40,40,1.0,SIN-198571185-1|qp10
2.0,50.0,10.0,12.0,28,1.39,0.48,1.2900241390408833,6214,0.0647291666666654,40,40,1.0,SIN-198571185-1|qp10
2.0,50.0,24.0,12.0,10,1.39,0.48,1.105229283990358,17402,0.181270833333333,96,94,0.9791666666666666,SIN-198571185-1|qp24
2.0,50.0,24.0,12.0,22,1.39,0.48,1.148196624572165,16946,0.1765208333333326,96,93,0.96875,SIN-198571185-1|qp24
2.0,50.0,10.0,12.0,4,1.39,0.48,1.246146531566635,6415,0.0668229166666666,40,41,1.025,SIN-198571185-2|qp10
2.0,50.0,10.0,12.0,16,1.39,0.48,1.2471721813725365,6528,0.0680000000000004,40,40,1.0,SIN-198571185-2|qp10
2.0,50.0,10.0,12.0,28,1.39,0.48,1.2760114594938785,6283,0.0654479166666651,40,40,1.0,SIN-198571185-2|qp10
2.0,50.0,10.0,12.0,10,1.39,0.48,1.232218148487617,6546,0.0681874999999984,40,40,1.0,SIN-198571185-3|qp10
2.0,50.0,10.0,12.0,22,1.39,0.48,1.2295865004560549,6578,0.0685208333333323,40,39,0.975,SIN-198571185-3|qp10
2.0,50.0,24.0,12.0,4,1.39,0.48,1.1082659320686374,17606,0.1833958333333324,96,95,0.9895833333333334,SIN-198571185-3|qp24
2.0,50.0,24.0,12.0,16,1.39,0.48,1.1101686665157684,17668,0.1840416666666669,96,97,1.0104166666666667,SIN-198571185-3|qp24
2.0,50.0,24.0,12.0,28,1.39,0.48,1.038011192423596,18584,0.1935833333333343,96,95,0.9895833333333334,SIN-198571185-3|qp24
2.0,50.0,10.0,12.0,10,1.39,0.48,1.204319199761113,6698,0.0697708333333328,40,40,1.0,SIN-200167221-1|qp10
2.0,50.0,10.0,12.0,22,1.39,0.48,1.2830224058477535,6293,0.0655520833333333,40,39,0.975,SIN-200167221-1|qp10
2.0,50.0,10.0,12.0,4,1.39,0.48,1.193575731497425,6972,0.0726249999999989,40,41,1.025,SIN-200171267-0|qp10
2.0,50.0,10.0,12.0,16,1.39,0.48,1.1370860468338533,7217,0.075177083333333,40,41,1.025,SIN-200171267-0|qp10
2.0,50.0,10.0,12.0,28,1.39,0.48,1.1847760545006565,6899,0.0718645833333322,40,39,0.975,SIN-200171267-0|qp10
2.0,50.0,10.0,12.0,10,1.39,0.48,1.1711853232048104,6977,0.0726770833333327,40,40,1.0,SIN-200171267-2|qp10
2.0,50.0,10.0,12.0,22,1.39,0.48,1.2105352403420722,6782,0.0706458333333332,40,40,1.0,SIN-200171267-2|qp10
2.0,50.0,10.0,12.0,4,1.39,0.48,1.1893942923704115,6868,0.0715416666666665,40,41,1.025,SIN-200171268-0|qp10
2.0,50.0,10.0,12.0,16,1.39,0.48,1.1994536082474103,6790,0.0707291666666664,40,40,1.0,SIN-200171268-0|qp10
2.0,50.0,10.0,12.0,28,1.39,0.48,1.1662227011494386,6960,0.0724999999999988,40,40,1.0,SIN-200171268-0|qp10
2.0,50.0,24.0,12.0,10,1.39,0.48,1.0575117042458178,18583,0.1935729166666665,96,97,1.0104166666666667,SIN-200171268-0|qp24
2.0,50.0,24.0,12.0,22,1.39,0.48,1.119539662495716,17422,0.1814791666666648,96,99,1.03125,SIN-200171268-0|qp24
2.0,50.0,10.0,12.0,4,1.39,0.48,1.2026541752729327,6778,0.070604166666666,40,40,1.0,SIN-200171268-4|qp10
2.0,50.0,10.0,12.0,16,1.39,0.48,1.2267342273696904,6562,0.0683541666666673,40,40,1.0,SIN-200171268-4|qp10
2.0,50.0,10.0,12.0,28,1.39,0.48,1.1755880665519285,6972,0.0726249999999989,40,41,1.025,SIN-200171268-4|qp10
2.0,50.0,24.0,12.0,10,1.39,0.48,1.0611639137353974,18223,0.1898229166666653,96,95,0.9895833333333334,SIN-200171268-4|qp24
2.0,50.0,24.0,12.0,22,1.39,0.48,1.1376489046429414,17209,0.1792604166666669,96,94,0.9791666666666666,SIN-200171268-4|qp24
1.8,50.0,27.0,12.0,4,1.39,0.48,1.0906029313790866,6004,0.0694907407407401,108,108,1.0,SIN-22811728-0|qp27
1.8,50.0,27.0,12.0,16,1.39,0.48,1.1615498938428843,5652,0.0654166666666661,108,111,1.0277777777777777,SIN-22811728-0|qp27
1.8,50.0,27.0,12.0,28,1.39,0.48,1.1137572254335424,5882,0.068078703703703,108,107,0.9907407407407408,SIN-22811728-0|qp27
1.8,50.0,9.0,12.0,10,1.39,0.48,1.191058518398441,6169,0.0714004629629615,36,37,1.0277777777777777,SIN-22928582-0|qp9
1.8,50.0,9.0,12.0,22,1.39,0.48,1.2027142157662776,6127,0.0709143518518512,36,37,1.0277777777777777,SIN-22928582-0|qp9
1.8,50.0,22.0,12.0,4,1.39,0.48,1.0727233840304198,16832,0.1948148148148224,88,91,1.0340909090909092,SIN-22928582-1|qp22
1.8,50.0,22.0,12.0,16,1.39,0.48,1.195513386880863,14940,0.1729166666666728,88,89,1.0113636363636365,SIN-22928582-1|qp22
1.8,50.0,22.0,12.0,28,1.39,0.48,1.118042676177613,16262,0.1882175925925976,88,90,1.0227272727272727,SIN-22928582-1|qp22
1.8,50.0,9.0,12.0,10,1.39,0.48,1.1653846153846066,6357,0.0735763888888885,36,37,1.0277777777777777,SIN-22928582-1|qp9
1.8,50.0,9.0,12.0,22,1.39,0.48,1.1597179567533709,6382,0.0738657407407394,36,38,1.0555555555555556,SIN-22928582-1|qp9
1.8,50.0,9.0,12.0,4,1.39,0.48,1.1874665178571555,6272,0.0725925925925927,36,36,1.0,SIN-22928582-2|qp9
1.8,50.0,9.0,12.0,16,1.39,0.48,1.1737827536922214,6297,0.0728819444444438,36,37,1.0277777777777777,SIN-22928582-2|qp9
1.8,50.0,9.0,12.0,28,1.39,0.48,1.1858353748162598,6123,0.0708680555555556,36,36,1.0,SIN-22928582-2|qp9
3.0,50.0,15.0,12.0,10,1.39,0.48,0.9696038047323396,12721,0.0883402777777781,60,59,0.9833333333333332,SIN-546209379-0|qp15
3.0,50.0,15.0,12.0,22,1.39,0.48,1.0522410721858992,11789,0.0818680555555553,60,60,1.0,SIN-546209379-0|qp15
3.0,50.0,15.0,12.0,4,1.39,0.48,1.325398840135642,9139,0.0634652777777765,60,58,0.9666666666666668,SIN-546209379-1|qp15
3.0,50.0,15.0,12.0,16,1.39,0.48,1.3357074260189228,8955,0.0621874999999997,60,58,0.9666666666666668,SIN-546209379-1|qp15
3.0,50.0,15.0,12.0,28,1.39,0.48,1.273378691983117,9480,0.0658333333333323,60,60,1.0,SIN-546209379-1|qp15
3.0,50.0,36.0,12.0,10,1.39,0.48,1.1776801672542454,24394,0.1694027777777773,144,144,1.0,SIN-546209379-1|qp36
3.0,50.0,36.0,12.0,22,1.39,0.48,1.1812026807473777,24620,0.1709722222222207,144,142,0.9861111111111112,SIN-546209379-1|qp36
3.0,50.0,15.0,12.0,4,1.39,0.48,1.3261872946330322,9130,0.0634027777777767,60,58,0.9666666666666668,SIN-546209379-2|qp15
3.0,50.0,15.0,12.0,16,1.39,0.48,1.338612231182738,8928,0.0619999999999995,60,58,0.9666666666666668,SIN-546209379-2|qp15
3.0,50.0,15.0,12.0,28,1.39,0.48,1.262375875405079,9567,0.0664374999999991,60,59,0.9833333333333332,SIN-546209379-2|qp15
3.0,50.0,36.0,12.0,10,1.39,0.48,1.1787135316502315,24439,0.1697152777777774,144,144,1.0,SIN-546209379-2|qp36
3.0,50.0,36.0,12.0,22,1.39,0.48,1.2102012751593485,23997,0.1666458333333315,144,140,0.9722222222222222,SIN-546209379-2|qp36
1.8,50.0,9.0,12.0,4,1.39,0.48,1.2195882062263332,6071,0.0702662037037031,36,35,0.9722222222222222,SIN-74587409-1|qp9
1.8,50.0,9.0,12.0,16,1.39,0.48,1.2403359481582383,5864,0.067870370370369,36,36,1.0,SIN-74587409-1|qp9
1.8,50.0,9.0,12.0,28,1.39,0.48,1.2141260647359369,5870,0.0679398148148144,36,36,1.0,SIN-74587409-1|qp9
1.8,50.0,9.0,12.0,10,1.39,0.48,1.237975584944041,5898,0.068263888888888,36,36,1.0,SIN-74587409-2|qp9
1.8,50.0,9.0,12.0,22,1.39,0.48,1.2484582404390352,5831,0.0674884259259259,36,37,1.0277777777777777,SIN-74587409-2|qp9
2.5,50.0,12.0,12.0,4,1.39,0.48,1.3014252654506284,7346,0.0612166666666671,48,49,1.0208333333333333,TYO-1323228545-3|qp12
2.5,50.0,12.0,12.0,16,1.39,0.48,1.3217757138896702,7214,0.0601166666666676,48,49,1.0208333333333333,TYO-1323228545-3|qp12
2.5,50.0,12.0,12.0,28,1.39,0.48,1.339923312883456,7172,0.0597666666666678,48,47,0.9791666666666666,TYO-1323228545-3|qp12
2.5,50.0,30.0,12.0,10,1.39,0.48,1.2008643020823346,20074,0.1672833333333345,120,115,0.9583333333333334,TYO-1323228545-3|qp30
2.5,50.0,30.0,12.0,22,1.39,0.48,1.0990130543468195,21602,0.1800166666666686,120,120,1.0,TYO-1323228545-3|qp30
1.2,50.0,14.0,12.0,5,1.39,0.48,1.2523094070441134,8972,0.1557638888888906,56,56,1.0,AMS-244428233-0|qp14
1.2,50.0,14.0,12.0,17,1.39,0.48,1.2629572246547112,8907,0.1546354166666679,56,56,1.0,AMS-244428233-0|qp14
1.2,50.0,14.0,12.0,29,1.39,0.48,1.2313418323249854,9256,0.1606944444444453,56,56,1.0,AMS-244428233-0|qp14
1.2,50.0,6.0,12.0,11,1.39,0.48,1.3166639849825676,3729,0.064739583333333,24,24,1.0,AMS-244428233-0|qp6
1.2,50.0,6.0,12.0,23,1.39,0.48,1.2927025572005666,3715,0.064496527777778,24,25,1.0416666666666667,AMS-244428233-0|qp6
2.5,50.0,12.0,12.0,5,1.39,0.48,1.248688734924293,3897,0.0324750000000004,48,47,0.9791666666666666,AMS-4480498-0|qp12
2.5,50.0,12.0,12.0,17,1.39,0.48,1.2751059931954716,3821,0.0318416666666671,48,47,0.9791666666666666,AMS-4480498-0|qp12
2.5,50.0,12.0,12.0,29,1.39,0.48,1.2531460963668963,3881,0.0323416666666672,48,47,0.9791666666666666,AMS-4480498-0|qp12
2.5,50.0,30.0,12.0,11,1.39,0.48,1.1958453821186128,10167,0.0847250000000011,120,119,0.9916666666666668,AMS-4480498-0|qp30
2.5,50.0,30.0,12.0,23,1.39,0.48,1.1536123928806865,10619,0.0884916666666675,120,120,1.0,AMS-4480498-0|qp30
3.6,50.0,18.0,12.0,5,1.39,0.48,1.1388826185102234,12404,0.0717824074074074,72,71,0.9861111111111112,AMS-4480626-0|qp18
3.6,50.0,18.0,12.0,17,1.39,0.48,1.1739615353004076,12167,0.0704108796296307,72,72,1.0,AMS-4480626-0|qp18
3.6,50.0,18.0,12.0,29,1.39,0.48,1.1654359387590367,12410,0.0718171296296294,72,72,1.0,AMS-4480626-0|qp18
3.6,50.0,18.0,12.0,11,1.39,0.48,1.3322287659886989,10867,0.0628877314814816,72,71,0.9861111111111112,AMS-4480644-0|qp18
3.6,50.0,18.0,12.0,23,1.39,0.48,1.2542775368603671,11530,0.0667245370370371,72,71,0.9861111111111112,AMS-4480644-0|qp18
3.6,50.0,43.0,12.0,5,1.39,0.48,1.157339657800999,29515,0.1708043981481469,172,167,0.9709302325581396,AMS-4480644-0|qp43
3.6,50.0,43.0,12.0,17,1.39,0.48,1.161679997300297,29631,0.1714756944444425,172,172,1.0,AMS-4480644-0|qp43
3.6,50.0,43.0,12.0,29,1.39,0.48,1.1425483466438342,30302,0.1753587962962949,172,173,1.005813953488372,AMS-4480644-0|qp43
2.5,50.0,12.0,12.0,11,1.39,0.48,1.2947603748327297,7470,0.0622500000000012,48,48,1.0,AMS-4495978-0|qp12
2.5,50.0,12.0,12.0,23,1.39,0.48,1.2306208985360827,7924,0.0660333333333341,48,48,1.0,AMS-4495978-0|qp12
2.5,50.0,30.0,12.0,5,1.39,0.48,1.1683467663624325,20596,0.1716333333333354,120,123,1.025,AMS-4495978-0|qp30
2.5,50.0,30.0,12.0,17,1.39,0.48,1.1468273452622737,21181,0.176508333333335,120,118,0.9833333333333332,AMS-4495978-0|qp30
2.5,50.0,30.0,12.0,29,1.39,0.48,1.1389628548561703,21241,0.1770083333333355,120,119,0.9916666666666668,AMS-4495978-0|qp30
2.5,50.0,12.0,12.0,11,1.39,0.48,1.1210597251586032,7568,0.0630666666666676,48,49,1.0208333333333333,AMS-4495979-0|qp12
2.5,50.0,12.0,12.0,23,1.39,0.48,1.0951293602780074,7769,0.0647416666666673,48,49,1.0208333333333333,AMS-4495979-0|qp12
2.5,50.0,12.0,12.0,5,1.39,0.48,1.1285806377345111,8687,0.0723916666666679,48,49,1.0208333333333333,AMS-4496429-0|qp12
2.5,50.0,12.0,12.0,17,1.39,0.48,1.0884726635258049,9127,0.0760583333333348,48,47,0.9791666666666666,AMS-4496429-0|qp12
2.5,50.0,12.0,12.0,29,1.39,0.48,1.1059950914770411,8964,0.0747000000000019,48,47,0.9791666666666666,AMS-4496429-0|qp12
2.5,50.0,12.0,12.0,11,1.39,0.48,1.3075696032280375,7435,0.0619583333333345,48,49,1.0208333333333333,AMS-7370864-0|qp12
2.5,50.0,12.0,12.0,23,1.39,0.48,1.255790364583327,7680,0.0640000000000004,48,48,1.0,AMS-7370864-0|qp12
2.5,50.0,30.0,12.0,5,1.39,0.48,1.2245767751858796,19505,0.1625416666666674,120,119,0.9916666666666668,AMS-7370864-0|qp30
2.5,50.0,30.0,12.0,17,1.39,0.48,1.209082398878668,19976,0.1664666666666682,120,117,0.975,AMS-7370864-0|qp30
2.5,50.0,30.0,12.0,29,1.39,0.48,1.1816267615936462,20507,0.1708916666666682,120,120,1.0,AMS-7370864-0|qp30
2.5,50.0,38.0,12.0,11,1.39,0.48,1.1204786079534952,27183,0.226525000000001,152,150,0.986842105263158,LON-4082553-0|qp38
2.5,50.0,38.0,12.0,23,1.39,0.48,1.1154888150933138,27403,0.228358333333338,152,152,1.0,LON-4082553-0|qp38
2.5,50.0,38.0,12.0,5,1.39,0.48,1.1204206277350357,26508,0.2209000000000021,152,129,0.8486842105263158,LON-4082554-0|qp38
2.5,50.0,38.0,12.0,17,1.39,0.48,1.1769720365675758,26034,0.2169500000000025,152,152,1.0,LON-4082554-0|qp38
2.5,50.0,38.0,12.0,29,1.39,0.48,1.1542124995313734,26673,0.2222750000000042,152,156,1.0263157894736843,LON-4082554-0|qp38
2.5,50.0,38.0,12.0,11,1.39,0.48,1.1462959479288048,26579,0.22149166666667,152,149,0.9802631578947368,LON-4082592-0|qp38
2.5,50.0,38.0,12.0,23,1.39,0.48,1.0993648692167668,27947,0.2328916666666688,152,154,1.013157894736842,LON-4082592-0|qp38
2.0,50.0,10.0,12.0,5,1.39,0.48,1.2224027459954268,2622,0.0273124999999991,40,39,0.975,SIN-131164229-0|qp10
2.0,50.0,10.0,12.0,17,1.39,0.48,1.2056422703509944,2678,0.0278958333333327,40,41,1.025,SIN-131164229-0|qp10
2.0,50.0,10.0,12.0,29,1.39,0.48,1.2062767957878866,2659,0.0276979166666658,40,40,1.0,SIN-131164229-0|qp10
2.0,50.0,24.0,12.0,11,1.39,0.48,1.1737500000000092,6584,0.0685833333333323,96,97,1.0104166666666667,SIN-131164229-0|qp24
2.0,50.0,24.0,12.0,23,1.39,0.48,1.1211903726257686,6897,0.071843749999999,96,97,1.0104166666666667,SIN-131164229-0|qp24
1.8,50.0,9.0,12.0,5,1.39,0.48,1.1789337539432152,6340,0.0733796296296297,36,36,1.0,SIN-139715353-1|qp9
1.8,50.0,9.0,12.0,17,1.39,0.48,1.1627171000788237,6345,0.0734374999999991,36,36,1.0,SIN-139715353-1|qp9
1.8,50.0,9.0,12.0,29,1.39,0.48,1.1100466375808864,6647,0.0769328703703701,36,35,0.9722222222222222,SIN-139715353-1|qp9
3.0,50.0,15.0,12.0,11,1.39,0.48,1.2023245312653177,10187,0.0707430555555546,60,61,1.0166666666666666,SIN-1464509030-0|qp15
3.0,50.0,15.0,12.0,23,1.39,0.48,1.170805459438652,10404,0.0722499999999995,60,60,1.0,SIN-1464509030-0|qp15
3.0,50.0,36.0,12.0,5,1.39,0.48,1.0971787539083109,26226,0.1821249999999991,144,143,0.9930555555555556,SIN-1464509030-0|qp36
3.0,50.0,36.0,12.0,17,1.39,0.48,1.065790963567537,27201,0.1888958333333319,144,142,0.9861111111111112,SIN-1464509030-0|qp36
3.0,50.0,36.0,12.0,29,1.39,0.48,1.0973217470497207,26353,0.1830069444444432,144,146,1.0138888888888888,SIN-1464509030-0|qp36
2.0,50.0,10.0,12.0,11,1.39,0.48,1.2487842835131495,6490,0.0676041666666659,40,40,1.0,SIN-166571436-2|qp10
2.0,50.0,10.0,12.0,23,1.39,0.48,1.2481549532996707,6531,0.06803125,40,41,1.025,SIN-166571436-2|qp10
2.0,50.0,24.0,12.0,5,1.39,0.48,1.2449532343513905,15289,0.1592604166666664,96,95,0.9895833333333334,SIN-166571436-2|qp24
2.0,50.0,24.0,12.0,17,1.39,0.48,1.2516540917005092,15507,0.16153125,96,96,1.0,SIN-166571436-2|qp24
2.0,50.0,24.0,12.0,29,1.39,0.48,1.233419728714288,15703,0.1635729166666677,96,94,0.9791666666666666,SIN-166571436-2|qp24
2.0,50.0,10.0,12.0,11,1.39,0.48,1.2537801275074405,6431,0.0669895833333329,40,40,1.0,SIN-166571436-3|qp10
2.0,50.0,10.0,12.0,23,1.39,0.48,1.1514669824463797,7178,0.0747708333333327,40,40,1.0,SIN-166571436-3|qp10
1.8,50.0,22.0,12.0,5,1.39,0.48,1.2237241714048015,14422,0.1669212962963017,88,90,1.0227272727272727,SIN-170969415-0|qp22
1.8,50.0,22.0,12.0,17,1.39,0.48,1.2226691910499328,14525,0.1681134259259305,88,87,0.9886363636363636,SIN-170969415-0|qp22
1.8,50.0,22.0,12.0,29,1.39,0.48,1.2337173322182309,14349,0.1660763888888932,88,87,0.9886363636363636,SIN-170969415-0|qp22
1.8,50.0,9.0,12.0,11,1.39,0.48,1.3081338526912598,5648,0.0653703703703696,36,35,0.9722222222222222,SIN-170969415-0|qp9
1.8,50.0,9.0,12.0,23,1.39,0.48,1.2053495692511664,6036,0.069861111111111,36,35,0.9722222222222222,SIN-170969415-0|qp9
2.0,50.0,10.0,12.0,5,1.39,0.48,1.2355105795767924,6522,0.0679374999999995,40,40,1.0,SIN-190681368-0|qp10
2.0,50.0,10.0,12.0,17,1.39,0.48,1.2291519705566618,6521,0.0679270833333323,40,39,0.975,SIN-190681368-0|qp10
2.0,50.0,10.0,12.0,29,1.39,0.48,1.270596827391268,6367,0.0663229166666664,40,41,1.025,SIN-190681368-0|qp10
2.0,50.0,10.0,12.0,11,1.39,0.48,1.2963806577662609,6142,0.063979166666667,40,38,0.95,SIN-197634752-1|qp10
2.0,50.0,10.0,12.0,23,1.39,0.48,1.1387935323383305,7236,0.0753749999999987,40,40,1.0,SIN-197634752-1|qp10
2.0,50.0,10.0,12.0,5,1.39,0.48,1.2487378190255034,6465,0.0673437499999992,40,39,0.975,SIN-198571185-1|qp10
2.0,50.0,10.0,12.0,17,1.39,0.48,1.1807520235467288,6795,0.0707812499999987,40,39,0.975,SIN-198571185-1|qp10
2.0,50.0,10.0,12.0,29,1.39,0.48,1.2276947754354146,6546,0.0681874999999991,40,40,1.0,SIN-198571185-1|qp10
2.0,50.0,24.0,12.0,11,1.39,0.48,1.1293052284503038,16984,0.1769166666666643,96,95,0.9895833333333334,SIN-198571185-1|qp24
2.0,50.0,24.0,12.0,23,1.39,0.48,1.0726203911685352,18253,0.1901354166666658,96,97,1.0104166666666667,SIN-198571185-1|qp24
2.0,50.0,10.0,12.0,5,1.39,0.48,1.2415805753170266,6466,0.0673541666666655,40,40,1.0,SIN-198571185-2|qp10
2.0,50.0,10.0,12.0,17,1.39,0.48,1.1574065488264311,6902,0.0718958333333317,40,39,0.975,SIN-198571185-2|qp10
2.0,50.0,10.0,12.0,29,1.39,0.48,1.2492366412214009,6419,0.0668645833333318,40,40,1.0,SIN-198571185-2|qp10
2.0,50.0,10.0,12.0,11,1.39,0.48,1.252967802146581,6429,0.0669687499999999,40,39,0.975,SIN-198571185-3|qp10
2.0,50.0,10.0,12.0,23,1.39,0.48,1.1524456902593063,7135,0.0743229166666658,40,40,1.0,SIN-198571185-3|qp10
2.0,50.0,24.0,12.0,5,1.39,0.48,1.0486033367751493,18401,0.1916770833333334,96,95,0.9895833333333334,SIN-198571185-3|qp24
2.0,50.0,24.0,12.0,17,1.39,0.48,1.099123770304256,17484,0.1821250000000008,96,95,0.9895833333333334,SIN-198571185-3|qp24
2.0,50.0,24.0,12.0,29,1.39,0.48,1.0663738888888887,18000,0.1874999999999986,96,95,0.9895833333333334,SIN-198571185-3|qp24
2.0,50.0,10.0,12.0,11,1.39,0.48,1.2812917063870912,6294,0.0655625000000004,40,39,0.975,SIN-200167221-1|qp10
2.0,50.0,10.0,12.0,23,1.39,0.48,1.2154989511537533,6674,0.0695208333333328,40,40,1.0,SIN-200167221-1|qp10
2.0,50.0,10.0,12.0,5,1.39,0.48,1.2546063730084178,6402,0.0666874999999996,40,39,0.975,SIN-200171267-0|qp10
2.0,50.0,10.0,12.0,17,1.39,0.48,1.214884167035569,6777,0.0705937499999982,40,39,0.975,SIN-200171267-0|qp10
2.0,50.0,10.0,12.0,29,1.39,0.48,1.2201258327165403,6755,0.0703645833333324,40,39,0.975,SIN-200171267-0|qp10
2.0,50.0,10.0,12.0,11,1.39,0.48,1.206318641089514,6829,0.0711354166666663,40,39,0.975,SIN-200171267-2|qp10
2.0,50.0,10.0,12.0,23,1.39,0.48,1.130013664935782,7318,0.0762291666666661,40,41,1.025,SIN-200171267-2|qp10
2.0,50.0,10.0,12.0,5,1.39,0.48,1.1705762564991118,6924,0.0721249999999999,40,40,1.0,SIN-200171268-0|qp10
2.0,50.0,10.0,12.0,17,1.39,0.48,1.1479448373408805,7070,0.0736458333333312,40,40,1.0,SIN-200171268-0|qp10
2.0,50.0,10.0,12.0,29,1.39,0.48,1.1946741836286705,6829,0.0711354166666654,40,40,1.0,SIN-200171268-0|qp10
2.0,50.0,24.0,12.0,11,1.39,0.48,1.0843936964335077,18085,0.1883854166666659,96,95,0.9895833333333334,SIN-200171268-0|qp24
2.0,50.0,24.0,12.0,23,1.39,0.48,1.0559770299145028,18720,0.1950000000000003,96,97,1.0104166666666667,SIN-200171268-0|qp24
2.0,50.0,10.0,12.0,5,1.39,0.48,1.215349433962254,6625,0.069010416666666,40,40,1.0,SIN-200171268-4|qp10
2.0,50.0,10.0,12.0,17,1.39,0.48,1.1772475735187709,6903,0.0719062499999985,40,39,0.975,SIN-200171268-4|qp10
2.0,50.0,10.0,12.0,29,1.39,0.48,1.2125288546907622,6758,0.0703958333333318,40,39,0.975,SIN-200171268-4|qp10
2.0,50.0,24.0,12.0,11,1.39,0.48,1.1195335576210228,17537,0.1826770833333336,96,97,1.0104166666666667,SIN-200171268-4|qp24
2.0,50.0,24.0,12.0,23,1.39,0.48,1.033349924032026,19087,0.1988229166666694,96,97,1.0104166666666667,SIN-200171268-4|qp24
1.8,50.0,27.0,12.0,5,1.39,0.48,1.1345555555555478,5760,0.0666666666666663,108,107,0.9907407407407408,SIN-22811728-0|qp27
1.8,50.0,27.0,12.0,17,1.39,0.48,1.1098163127738527,5934,0.0686805555555542,108,108,1.0,SIN-22811728-0|qp27
1.8,50.0,27.0,12.0,29,1.39,0.48,1.1049427416638562,5938,0.0687268518518514,108,107,0.9907407407407408,SIN-22811728-0|qp27
1.8,50.0,9.0,12.0,11,1.39,0.48,1.1903625862345903,6233,0.0721412037037039,36,35,0.9722222222222222,SIN-22928582-0|qp9
1.8,50.0,9.0,12.0,23,1.39,0.48,1.1205888667382422,6521,0.075474537037037,36,35,0.9722222222222222,SIN-22928582-0|qp9
1.8,50.0,22.0,12.0,5,1.39,0.48,1.2040674081564011,14835,0.1717013888888953,88,89,1.0113636363636365,SIN-22928582-1|qp22
1.8,50.0,22.0,12.0,17,1.39,0.48,1.2111869618696178,14634,0.1693750000000052,88,87,0.9886363636363636,SIN-22928582-1|qp22
1.8,50.0,22.0,12.0,29,1.39,0.48,0.2927752905426693,43109,0.4989467592592627,28,46,1.6428571428571428,SIN-22928582-1|qp22
1.8,50.0,9.0,12.0,11,1.39,0.48,1.147344940152366,6433,0.0744560185185188,36,36,1.0,SIN-22928582-1|qp9
1.8,50.0,9.0,12.0,23,1.39,0.48,1.194799934938196,6148,0.0711574074074069,36,35,0.9722222222222222,SIN-22928582-1|qp9
1.8,50.0,9.0,12.0,5,1.39,0.48,1.166777481574402,6377,0.0738078703703708,36,35,0.9722222222222222,SIN-22928582-2|qp9
1.8,50.0,9.0,12.0,17,1.39,0.48,1.1809156510583931,6236,0.0721759259259254,36,35,0.9722222222222222,SIN-22928582-2|qp9
1.8,50.0,9.0,12.0,29,1.39,0.48,1.1709933142311664,6282,0.0727083333333336,36,35,0.9722222222222222,SIN-22928582-2|qp9
3.0,50.0,15.0,12.0,11,1.39,0.48,0.9819243104553982,12472,0.0866111111111112,60,59,0.9833333333333332,SIN-546209379-0|qp15
3.0,50.0,15.0,12.0,23,1.39,0.48,0.9645573536410884,12606,0.0875416666666657,60,57,0.95,SIN-546209379-0|qp15
3.0,50.0,15.0,12.0,5,1.39,0.48,1.328439521877406,9119,0.0633263888888878,60,59,0.9833333333333332,SIN-546209379-1|qp15
3.0,50.0,15.0,12.0,17,1.39,0.48,1.327504657534189,9125,0.0633680555555552,60,59,0.9833333333333332,SIN-546209379-1|qp15
3.0,50.0,15.0,12.0,29,1.39,0.48,1.298040287153099,9333,0.064812499999999,60,59,0.9833333333333332,SIN-546209379-1|qp15
3.0,50.0,36.0,12.0,11,1.39,0.48,1.1847948854555808,24401,0.1694513888888892,144,143,0.9930555555555556,SIN-546209379-1|qp36
3.0,50.0,36.0,12.0,23,1.39,0.48,1.132200015614073,25618,0.1779027777777766,144,144,1.0,SIN-546209379-1|qp36
3.0,50.0,15.0,12.0,5,1.39,0.48,1.3278844678285775,9123,0.0633541666666656,60,59,0.9833333333333332,SIN-546209379-2|qp15
3.0,50.0,15.0,12.0,17,1.39,0.48,1.3282007679648309,9115,0.0632986111111108,60,59,0.9833333333333332,SIN-546209379-2|qp15
3.0,50.0,15.0,12.0,29,1.39,0.48,1.2934992008524049,9385,0.0651736111111103,60,59,0.9833333333333332,SIN-546209379-2|qp15
3.0,50.0,36.0,12.0,11,1.39,0.48,1.1818063672402583,24469,0.1699236111111108,144,143,0.9930555555555556,SIN-546209379-2|qp36
3.0,50.0,36.0,12.0,23,1.39,0.48,1.163550623021791,24959,0.173326388888888,144,146,1.0138888888888888,SIN-546209379-2|qp36
1.8,50.0,9.0,12.0,5,1.39,0.48,1.202198162729652,6096,0.0705555555555549,36,36,1.0,SIN-74587409-1|qp9
1.8,50.0,9.0,12.0,17,1.39,0.48,1.244239111573858,5763,0.0667013888888879,36,35,0.9722222222222222,SIN-74587409-1|qp9
1.8,50.0,9.0,12.0,29,1.39,0.48,1.2571525364837006,5756,0.0666203703703694,36,36,1.0,SIN-74587409-1|qp9
1.8,50.0,9.0,12.0,11,1.39,0.48,1.2266744848383588,5969,0.0690856481481475,36,36,1.0,SIN-74587409-2|qp9
1.8,50.0,9.0,12.0,23,1.39,0.48,1.153195482742166,6287,0.0727662037037033,36,35,0.9722222222222222,SIN-74587409-2|qp9
2.5,50.0,12.0,12.0,5,1.39,0.48,1.3084139451563512,7257,0.060475000000001,48,48,1.0,TYO-1323228545-3|qp12
2.5,50.0,12.0,12.0,17,1.39,0.48,1.323734332425094,7340,0.0611666666666682,48,48,1.0,TYO-1323228545-3|qp12
2.5,50.0,12.0,12.0,29,1.39,0.48,1.301361122352631,7413,0.0617750000000011,48,47,0.9791666666666666,TYO-1323228545-3|qp12
2.5,50.0,30.0,12.0,11,1.39,0.48,1.0685774133167318,22438,0.1869833333333353,120,115,0.9583333333333334,TYO-1323228545-3|qp30
2.5,50.0,30.0,12.0,23,1.39,0.48,1.0700516220907526,22471,0.1872583333333362,120,119,0.9916666666666668,TYO-1323228545-3|qp30
1.2,50.0,14.0,12.0,6,1.39,0.48,1.2729349538600143,8886,0.1542708333333349,56,55,0.9821428571428572,AMS-244428233-0|qp14
1.2,50.0,14.0,12.0,18,1.39,0.48,1.2154528750540032,9252,0.160625000000001,56,56,1.0,AMS-244428233-0|qp14
1.2,50.0,6.0,12.0,0,1.39,0.48,1.301375927889708,3772,0.0654861111111115,24,23,0.9583333333333334,AMS-244428233-0|qp6
1.2,50.0,6.0,12.0,12,1.39,0.48,1.2748183254344323,3798,0.0659375,24,24,1.0,AMS-244428233-0|qp6
1.2,50.0,6.0,12.0,24,1.39,0.48,1.331147495872296,3634,0.0630902777777775,24,24,1.0,AMS-244428233-0|qp6
2.5,50.0,12.0,12.0,6,1.39,0.48,1.2844453186467315,3813,0.0317750000000004,48,47,0.9791666666666666,AMS-4480498-0|qp12
2.5,50.0,12.0,12.0,18,1.39,0.48,1.2746026750589994,3813,0.0317750000000004,48,48,1.0,AMS-4480498-0|qp12
2.5,50.0,30.0,12.0,0,1.39,0.48,1.1598649286861191,10587,0.0882250000000007,120,121,1.0083333333333333,AMS-4480498-0|qp30
2.5,50.0,30.0,12.0,12,1.39,0.48,1.207357590217723,10059,0.0838250000000011,120,120,1.0,AMS-4480498-0|qp30
2.5,50.0,30.0,12.0,24,1.39,0.48,1.2126667331273588,10031,0.0835916666666681,120,119,0.9916666666666668,AMS-4480498-0|qp30
3.6,50.0,18.0,12.0,6,1.39,0.48,1.1550377086007773,12464,0.0721296296296304,72,71,0.9861111111111112,AMS-4480626-0|qp18
3.6,50.0,18.0,12.0,18,1.39,0.48,1.115251184098103,12879,0.0745312500000019,72,72,1.0,AMS-4480626-0|qp18
3.6,50.0,18.0,12.0,0,1.39,0.48,1.2488740792704165,11404,0.0659953703703704,72,72,1.0,AMS-4480644-0|qp18
3.6,50.0,18.0,12.0,12,1.39,0.48,1.2902597402597014,11242,0.0650578703703705,72,72,1.0,AMS-4480644-0|qp18
3.6,50.0,18.0,12.0,24,1.39,0.48,1.3106347746089608,10870,0.0629050925925926,72,73,1.0138888888888888,AMS-4480644-0|qp18
3.6,50.0,43.0,12.0,6,1.39,0.48,1.2221198435278289,28120,0.1627314814814821,172,168,0.9767441860465116,AMS-4480644-0|qp43
3.6,50.0,43.0,12.0,18,1.39,0.48,1.161118130766275,29916,0.1731250000000007,172,171,0.994186046511628,AMS-4480644-0|qp43
2.5,50.0,12.0,12.0,0,1.39,0.48,1.2090122530632794,7998,0.0666500000000002,48,49,1.0208333333333333,AMS-4495978-0|qp12
2.5,50.0,12.0,12.0,12,1.39,0.48,1.2958391702586498,7424,0.0618666666666677,48,49,1.0208333333333333,AMS-4495978-0|qp12
2.5,50.0,12.0,12.0,24,1.39,0.48,1.2553556870480411,7605,0.0633750000000007,48,49,1.0208333333333333,AMS-4495978-0|qp12
2.5,50.0,30.0,12.0,6,1.39,0.48,1.1814786220377227,20465,0.1705416666666686,120,121,1.0083333333333333,AMS-4495978-0|qp30
2.5,50.0,30.0,12.0,18,1.39,0.48,1.154719923002881,20780,0.1731666666666684,120,119,0.9916666666666668,AMS-4495978-0|qp30
2.5,50.0,12.0,12.0,0,1.39,0.48,1.0666720921497523,7987,0.0665583333333338,48,48,1.0,AMS-4495979-0|qp12
2.5,50.0,12.0,12.0,12,1.39,0.48,1.1064654946208343,7622,0.063516666666668,48,49,1.0208333333333333,AMS-4495979-0|qp12
2.5,50.0,12.0,12.0,24,1.39,0.48,1.1616769336071238,7305,0.0608750000000011,48,47,0.9791666666666666,AMS-4495979-0|qp12
2.5,50.0,12.0,12.0,6,1.39,0.48,1.075222667678004,9229,0.0769083333333344,48,47,0.9791666666666666,AMS-4496429-0|qp12
2.5,50.0,12.0,12.0,18,1.39,0.48,1.1114541587372628,8933,0.0744416666666682,48,48,1.0,AMS-4496429-0|qp12
2.5,50.0,12.0,12.0,0,1.39,0.48,1.2443086900129818,7710,0.0642500000000002,48,50,1.0416666666666667,AMS-7370864-0|qp12
2.5,50.0,12.0,12.0,12,1.39,0.48,1.312977759472856,7284,0.0607000000000008,48,50,1.0416666666666667,AMS-7370864-0|qp12
2.5,50.0,12.0,12.0,24,1.39,0.48,1.315664460987104,7254,0.0604500000000011,48,49,1.0208333333333333,AMS-7370864-0|qp12
2.5,50.0,30.0,12.0,6,1.39,0.48,1.21591891211293,19855,0.1654583333333348,120,121,1.0083333333333333,AMS-7370864-0|qp30
2.5,50.0,30.0,12.0,18,1.39,0.48,1.1837760724124988,20328,0.1694000000000003,120,118,0.9833333333333332,AMS-7370864-0|qp30
2.5,50.0,38.0,12.0,0,1.39,0.48,1.112282364859988,27638,0.23031666666667,152,154,1.013157894736842,LON-4082553-0|qp38
2.5,50.0,38.0,12.0,12,1.39,0.48,1.185022084463369,25810,0.2150833333333379,152,154,1.013157894736842,LON-4082553-0|qp38
2.5,50.0,38.0,12.0,24,1.39,0.48,1.1786738392718878,25932,0.216100000000005,152,154,1.013157894736842,LON-4082553-0|qp38
2.5,50.0,38.0,12.0,6,1.39,0.48,1.1822781190835454,25881,0.2156750000000028,152,155,1.019736842105263,LON-4082554-0|qp38
2.5,50.0,38.0,12.0,18,1.39,0.48,1.119263100436706,27480,0.2290000000000012,152,152,1.0,LON-4082554-0|qp38
2.5,50.0,38.0,12.0,0,1.39,0.48,1.108830767016859,27796,0.2316333333333367,152,156,1.0263157894736843,LON-4082592-0|qp38
2.5,50.0,38.0,12.0,12,1.39,0.48,1.174874769514442,26032,0.2169333333333368,152,150,0.986842105263158,LON-4082592-0|qp38
2.5,50.0,38.0,12.0,24,1.39,0.48,1.1864635617290893,25701,0.2141750000000032,152,154,1.013157894736842,LON-4082592-0|qp38
2.0,50.0,10.0,12.0,6,1.39,0.48,1.2445773832497196,2591,0.0269895833333325,40,41,1.025,SIN-131164229-0|qp10
2.0,50.0,10.0,12.0,18,1.39,0.48,1.2335453840186306,2578,0.0268541666666658,40,38,0.95,SIN-131164229-0|qp10
2.0,50.0,24.0,12.0,0,1.39,0.48,1.140652013571329,6779,0.0706145833333329,96,96,1.0,SIN-131164229-0|qp24
2.0,50.0,24.0,12.0,12,1.39,0.48,1.173813288733492,6577,0.0685104166666658,96,95,0.9895833333333334,SIN-131164229-0|qp24
2.0,50.0,24.0,12.0,24,1.39,0.48,1.1589979060723978,6686,0.0696458333333325,96,96,1.0,SIN-131164229-0|qp24
1.8,50.0,9.0,12.0,6,1.39,0.48,1.1362632468130982,6511,0.0753587962962971,36,37,1.0277777777777777,SIN-139715353-1|qp9
1.8,50.0,9.0,12.0,18,1.39,0.48,1.1387886241352705,6505,0.0752893518518508,36,37,1.0277777777777777,SIN-139715353-1|qp9
3.0,50.0,15.0,12.0,0,1.39,0.48,1.224349934336884,9899,0.0687430555555552,60,60,1.0,SIN-1464509030-0|qp15
3.0,50.0,15.0,12.0,12,1.39,0.48,1.2089268537073607,9980,0.0693055555555548,60,60,1.0,SIN-1464509030-0|qp15
3.0,50.0,15.0,12.0,24,1.39,0.48,1.222259229534553,9968,0.0692222222222213,60,60,1.0,SIN-1464509030-0|qp15
3.0,50.0,36.0,12.0,6,1.39,0.48,1.076835630103122,27067,0.1879652777777768,144,143,0.9930555555555556,SIN-1464509030-0|qp36
3.0,50.0,36.0,12.0,18,1.39,0.48,1.0554968876664743,27632,0.1918888888888882,144,147,1.0208333333333333,SIN-1464509030-0|qp36
2.0,50.0,10.0,12.0,0,1.39,0.48,1.1701048699899683,6961,0.0725104166666658,40,40,1.0,SIN-166571436-2|qp10
2.0,50.0,10.0,12.0,12,1.39,0.48,1.3257445400397214,6044,0.0629583333333329,40,39,0.975,SIN-166571436-2|qp10
2.0,50.0,10.0,12.0,24,1.39,0.48,1.2361056603773597,6625,0.0690104166666656,40,40,1.0,SIN-166571436-2|qp10
2.0,50.0,24.0,12.0,6,1.39,0.48,1.2547132930709546,15399,0.1604062500000009,96,94,0.9791666666666666,SIN-166571436-2|qp24
2.0,50.0,24.0,12.0,18,1.39,0.48,0.3846826597508073,27762,0.2891875000000015,18,34,1.8888888888888888,SIN-166571436-2|qp24
2.0,50.0,10.0,12.0,0,1.39,0.48,1.121213723894786,7374,0.0768124999999998,40,40,1.0,SIN-166571436-3|qp10
2.0,50.0,10.0,12.0,12,1.39,0.48,1.2100638930163614,6730,0.0701041666666669,40,40,1.0,SIN-166571436-3|qp10
2.0,50.0,10.0,12.0,24,1.39,0.48,1.2018281906417607,6903,0.0719062499999989,40,40,1.0,SIN-166571436-3|qp10
1.8,50.0,22.0,12.0,6,1.39,0.48,1.2574234910739492,14116,0.1633796296296341,88,89,1.0113636363636365,SIN-170969415-0|qp22
1.8,50.0,22.0,12.0,18,1.39,0.48,1.1988687567860952,14736,0.1705555555555617,88,89,1.0113636363636365,SIN-170969415-0|qp22
1.8,50.0,9.0,12.0,0,1.39,0.48,1.1890965528508837,6121,0.0708449074074065,36,36,1.0,SIN-170969415-0|qp9
1.8,50.0,9.0,12.0,12,1.39,0.48,1.2816634832436702,5759,0.0666550925925921,36,36,1.0,SIN-170969415-0|qp9
1.8,50.0,9.0,12.0,24,1.39,0.48,1.326598920863319,5560,0.0643518518518517,36,36,1.0,SIN-170969415-0|qp9
2.0,50.0,10.0,12.0,6,1.39,0.48,1.2356834094368367,6570,0.0684375000000004,40,40,1.0,SIN-190681368-0|qp10
2.0,50.0,10.0,12.0,18,1.39,0.48,1.2814002276792444,6149,0.0640520833333331,40,39,0.975,SIN-190681368-0|qp10
2.0,50.0,10.0,12.0,0,1.39,0.48,1.1207004633415296,7338,0.0764374999999992,40,40,1.0,SIN-197634752-1|qp10
2.0,50.0,10.0,12.0,12,1.39,0.48,1.2723948117684487,6322,0.065854166666666,40,40,1.0,SIN-197634752-1|qp10
2.0,50.0,10.0,12.0,24,1.39,0.48,1.2652824123679904,6533,0.0680520833333327,40,40,1.0,SIN-197634752-1|qp10
2.0,50.0,10.0,12.0,6,1.39,0.48,1.2793105073032855,6367,0.0663229166666662,40,41,1.025,SIN-198571185-1|qp10
2.0,50.0,10.0,12.0,18,1.39,0.48,1.2478514464424824,6395,0.0666145833333322,40,40,1.0,SIN-198571185-1|qp10
2.0,50.0,24.0,12.0,0,1.39,0.48,1.0542630951090035,18442,0.1921041666666659,96,95,0.9895833333333334,SIN-198571185-1|qp24
2.0,50.0,24.0,12.0,12,1.39,0.48,1.070074906367057,18423,0.1919062500000002,96,98,1.0208333333333333,SIN-198571185-1|qp24
2.0,50.0,24.0,12.0,24,1.39,0.48,1.0963416993910542,17571,0.1830312500000006,96,96,1.0,SIN-198571185-1|qp24
2.0,50.0,10.0,12.0,6,1.39,0.48,1.298830097087385,6180,0.0643749999999999,40,41,1.025,SIN-198571185-2|qp10
2.0,50.0,10.0,12.0,18,1.39,0.48,1.2500266583032251,6377,0.0664270833333321,40,39,0.975,SIN-198571185-2|qp10
2.0,50.0,10.0,12.0,0,1.39,0.48,1.1476095561210264,7074,0.0736874999999984,40,40,1.0,SIN-198571185-3|qp10
2.0,50.0,10.0,12.0,12,1.39,0.48,1.263047346679394,6294,0.065562499999999,40,41,1.025,SIN-198571185-3|qp10
2.0,50.0,10.0,12.0,24,1.39,0.48,1.252035665709544,6617,0.0689270833333318,40,40,1.0,SIN-198571185-3|qp10
2.0,50.0,24.0,12.0,6,1.39,0.48,1.1186830213040468,17039,0.1774895833333339,96,96,1.0,SIN-198571185-3|qp24
2.0,50.0,24.0,12.0,18,1.39,0.48,1.077232916000238,18131,0.1888645833333331,96,96,1.0,SIN-198571185-3|qp24
2.0,50.0,10.0,12.0,0,1.39,0.48,1.1420260144210634,7073,0.0736770833333331,40,39,0.975,SIN-200167221-1|qp10
2.0,50.0,10.0,12.0,12,1.39,0.48,1.2259458232445646,6608,0.068833333333334,40,40,1.0,SIN-200167221-1|qp10
2.0,50.0,10.0,12.0,24,1.39,0.48,1.2687498077810304,6503,0.0677395833333335,40,41,1.025,SIN-200167221-1|qp10
2.0,50.0,10.0,12.0,6,1.39,0.48,1.2478201634877428,6606,0.0688125000000006,40,43,1.075,SIN-200171267-0|qp10
2.0,50.0,10.0,12.0,18,1.39,0.48,1.1323244688335024,7107,0.0740312499999984,40,41,1.025,SIN-200171267-0|qp10
2.0,50.0,10.0,12.0,0,1.39,0.48,1.1022707248698669,7491,0.0780312499999987,40,39,0.975,SIN-200171267-2|qp10
2.0,50.0,10.0,12.0,12,1.39,0.48,1.1890470656595165,6884,0.0717083333333329,40,40,1.0,SIN-200171267-2|qp10
2.0,50.0,10.0,12.0,24,1.39,0.48,1.216325283677636,6874,0.0716041666666655,40,40,1.0,SIN-200171267-2|qp10
2.0,50.0,10.0,12.0,6,1.39,0.48,1.1960759678597652,6845,0.0713020833333328,40,42,1.05,SIN-200171268-0|qp10
2.0,50.0,10.0,12.0,18,1.39,0.48,1.1612190201728698,6940,0.0722916666666652,40,38,0.95,SIN-200171268-0|qp10
2.0,50.0,24.0,12.0,0,1.39,0.48,1.0069053153572085,19359,0.2016562500000004,96,94,0.9791666666666666,SIN-200171268-0|qp24
2.0,50.0,24.0,12.0,12,1.39,0.48,1.0749450549450608,18473,0.1924270833333341,96,98,1.0208333333333333,SIN-200171268-0|qp24
2.0,50.0,24.0,12.0,24,1.39,0.48,1.069540705267738,18376,0.1914166666666678,96,95,0.9895833333333334,SIN-200171268-0|qp24
2.0,50.0,10.0,12.0,6,1.39,0.48,1.2018547453703745,6912,0.0720000000000002,40,42,1.05,SIN-200171268-4|qp10
2.0,50.0,10.0,12.0,18,1.39,0.48,1.2569415059115847,6428,0.0669583333333326,40,41,1.025,SIN-200171268-4|qp10
2.0,50.0,24.0,12.0,0,1.39,0.48,1.0008528784648274,19698,0.2051875000000002,96,97,1.0104166666666667,SIN-200171268-4|qp24
2.0,50.0,24.0,12.0,12,1.39,0.48,1.1283041988501123,17219,0.1793645833333327,96,98,1.0208333333333333,SIN-200171268-4|qp24
2.0,50.0,24.0,12.0,24,1.39,0.48,1.0700395974261971,18183,0.1894062499999998,96,95,0.9895833333333334,SIN-200171268-4|qp24
1.8,50.0,27.0,12.0,6,1.39,0.48,1.1302396551724123,5800,0.0671296296296296,108,109,1.0092592592592593,SIN-22811728-0|qp27
1.8,50.0,27.0,12.0,18,1.39,0.48,1.143146186440684,5664,0.0655555555555547,108,106,0.9814814814814816,SIN-22811728-0|qp27
1.8,50.0,9.0,12.0,0,1.39,0.48,1.138835862932286,6391,0.0739699074074065,36,34,0.9444444444444444,SIN-22928582-0|qp9
1.8,50.0,9.0,12.0,12,1.39,0.48,1.2124384316267471,6172,0.0714351851851847,36,36,1.0,SIN-22928582-0|qp9
1.8,50.0,9.0,12.0,24,1.39,0.48,1.188520833333343,6240,0.072222222222221,36,36,1.0,SIN-22928582-0|qp9
1.8,50.0,22.0,12.0,6,1.39,0.48,1.1992746841366435,14959,0.1731365740740787,88,88,1.0,SIN-22928582-1|qp22
1.8,50.0,22.0,12.0,18,1.39,0.48,1.031871489166558,17446,0.2019212962963031,88,87,0.9886363636363636,SIN-22928582-1|qp22
1.8,50.0,9.0,12.0,0,1.39,0.48,1.1825959661679004,6148,0.071157407407407,36,36,1.0,SIN-22928582-1|qp9
1.8,50.0,9.0,12.0,12,1.39,0.48,1.1783441609887972,6311,0.0730439814814804,36,36,1.0,SIN-22928582-1|qp9
1.8,50.0,9.0,12.0,24,1.39,0.48,1.216851821862352,6175,0.0714699074074058,36,36,1.0,SIN-22928582-1|qp9
1.8,50.0,9.0,12.0,6,1.39,0.48,1.21471834455577,6089,0.070474537037037,36,37,1.0277777777777777,SIN-22928582-2|qp9
1.8,50.0,9.0,12.0,18,1.39,0.48,1.1234443080699557,6518,0.0754398148148142,36,37,1.0277777777777777,SIN-22928582-2|qp9
3.0,50.0,15.0,12.0,0,1.39,0.48,0.9498021390374785,13090,0.0909027777777772,60,60,1.0,SIN-546209379-0|qp15
3.0,50.0,15.0,12.0,12,1.39,0.48,1.0161116608939118,12126,0.0842083333333328,60,58,0.9666666666666668,SIN-546209379-0|qp15
3.0,50.0,15.0,12.0,24,1.39,0.48,1.0225711449371573,12088,0.0839444444444439,60,59,0.9833333333333332,SIN-546209379-0|qp15
3.0,50.0,15.0,12.0,6,1.39,0.48,1.3565162454873876,8864,0.0615555555555544,60,60,1.0,SIN-546209379-1|qp15
3.0,50.0,15.0,12.0,18,1.39,0.48,1.288123726814571,9327,0.0647708333333328,60,59,0.9833333333333332,SIN-546209379-1|qp15
3.0,50.0,36.0,12.0,0,1.39,0.48,1.1387178786221863,25606,0.1778194444444455,144,147,1.0208333333333333,SIN-546209379-1|qp36
3.0,50.0,36.0,12.0,12,1.39,0.48,1.2194801029666746,23697,0.1645625000000008,144,144,1.0,SIN-546209379-1|qp36
3.0,50.0,36.0,12.0,24,1.39,0.48,1.2237655137117844,23447,0.1628263888888884,144,146,1.0138888888888888,SIN-546209379-1|qp36
3.0,50.0,15.0,12.0,6,1.39,0.48,1.3525923839567595,8876,0.0616388888888877,60,60,1.0,SIN-546209379-2|qp15
3.0,50.0,15.0,12.0,18,1.39,0.48,1.2890901287553131,9320,0.0647222222222214,60,59,0.9833333333333332,SIN-546209379-2|qp15
3.0,50.0,36.0,12.0,0,1.39,0.48,1.1541039752929902,25256,0.1753888888888909,144,146,1.0138888888888888,SIN-546209379-2|qp36
3.0,50.0,36.0,12.0,12,1.39,0.48,1.2158473582852642,23886,0.1658750000000004,144,144,1.0,SIN-546209379-2|qp36
3.0,50.0,36.0,12.0,24,1.39,0.48,1.2427622468409014,23108,0.1604722222222225,144,147,1.0208333333333333,SIN-546209379-2|qp36
1.8,50.0,9.0,12.0,6,1.39,0.48,1.2200299550674123,6009,0.0695486111111113,36,37,1.0277777777777777,SIN-74587409-1|qp9
1.8,50.0,9.0,12.0,18,1.39,0.48,1.217288985458794,5983,0.069247685185185,36,37,1.0277777777777777,SIN-74587409-1|qp9
1.8,50.0,9.0,12.0,0,1.39,0.48,1.0924996249062646,6665,0.0771412037037036,36,36,1.0,SIN-74587409-2|qp9
1.8,50.0,9.0,12.0,12,1.39,0.48,1.233893491124298,5915,0.0684606481481479,36,35,0.9722222222222222,SIN-74587409-2|qp9
1.8,50.0,9.0,12.0,24,1.39,0.48,1.227126704356503,6014,0.0696064814814797,36,36,1.0,SIN-74587409-2|qp9
2.5,50.0,12.0,12.0,6,1.39,0.48,1.3158965758211931,7155,0.0596250000000016,48,49,1.0208333333333333,TYO-1323228545-3|qp12
2.5,50.0,12.0,12.0,18,1.39,0.48,1.3020371878393016,7368,0.0614000000000006,48,48,1.0,TYO-1323228545-3|qp12
2.5,50.0,30.0,12.0,0,1.39,0.48,0.9575293930094648,25091,0.2090916666666679,120,114,0.95,TYO-1323228545-3|qp30
2.5,50.0,30.0,12.0,12,1.39,0.48,1.2149871400474717,19829,0.1652416666666693,120,117,0.975,TYO-1323228545-3|qp30
2.5,50.0,30.0,12.0,24,1.39,0.48,1.1382369574437792,21219,0.1768250000000029,120,121,1.0083333333333333,TYO-1323228545-3|qp30
1.2,50.0,14.0,12.0,7,1.39,0.48,1.2114768968093264,9371,0.1626909722222217,56,57,1.0178571428571428,AMS-244428233-0|qp14
1.2,50.0,14.0,12.0,19,1.39,0.48,1.2470035421739636,9034,0.1568402777777789,56,54,0.9642857142857144,AMS-244428233-0|qp14
1.2,50.0,6.0,12.0,1,1.39,0.48,1.2813502219900563,3829,0.0664756944444451,24,24,1.0,AMS-244428233-0|qp6
1.2,50.0,6.0,12.0,13,1.39,0.48,1.297991337303726,3694,0.0641319444444444,24,22,0.9166666666666666,AMS-244428233-0|qp6
1.2,50.0,6.0,12.0,25,1.39,0.48,1.281054819433643,3849,0.066822916666667,24,23,0.9583333333333334,AMS-244428233-0|qp6
2.5,50.0,12.0,12.0,7,1.39,0.48,1.2404878048780532,3936,0.0328000000000004,48,48,1.0,AMS-4480498-0|qp12
2.5,50.0,12.0,12.0,19,1.39,0.48,1.2745475941422515,3824,0.0318666666666671,48,47,0.9791666666666666,AMS-4480498-0|qp12
2.5,50.0,30.0,12.0,1,1.39,0.48,1.1758320403413176,10312,0.085933333333334,120,119,0.9916666666666668,AMS-4480498-0|qp30
2.5,50.0,30.0,12.0,13,1.39,0.48,1.1743138200405003,10369,0.0864083333333346,120,119,0.9916666666666668,AMS-4480498-0|qp30
2.5,50.0,30.0,12.0,25,1.39,0.48,1.173228148291548,10331,0.0860916666666685,120,117,0.975,AMS-4480498-0|qp30
3.6,50.0,18.0,12.0,7,1.39,0.48,1.1031664122137523,13100,0.0758101851851861,72,71,0.9861111111111112,AMS-4480626-0|qp18
3.6,50.0,18.0,12.0,19,1.39,0.48,1.119848280244623,12589,0.0728530092592607,72,69,0.9583333333333334,AMS-4480626-0|qp18
3.6,50.0,18.0,12.0,1,1.39,0.48,1.2879476914864998,11241,0.065052083333333,72,73,1.0138888888888888,AMS-4480644-0|qp18
3.6,50.0,18.0,12.0,13,1.39,0.48,1.2589298924731491,11625,0.0672743055555558,72,72,1.0,AMS-4480644-0|qp18
3.6,50.0,18.0,12.0,25,1.39,0.48,1.246191815856767,11730,0.0678819444444452,72,72,1.0,AMS-4480644-0|qp18
3.6,50.0,43.0,12.0,7,1.39,0.48,1.1198289516390474,30810,0.1782986111111122,172,171,0.994186046511628,AMS-4480644-0|qp43
3.6,50.0,43.0,12.0,19,1.39,0.48,1.1994961980486774,28801,0.1666724537037026,172,174,1.0116279069767442,AMS-4480644-0|qp43
2.5,50.0,12.0,12.0,1,1.39,0.48,1.2601016501650124,7575,0.063125000000001,48,46,0.9583333333333334,AMS-4495978-0|qp12
2.5,50.0,12.0,12.0,13,1.39,0.48,1.2085657617453502,8067,0.0672250000000005,48,47,0.9791666666666666,AMS-4495978-0|qp12
2.5,50.0,12.0,12.0,25,1.39,0.48,1.25445789405178,7683,0.0640250000000012,48,49,1.0208333333333333,AMS-4495978-0|qp12
2.5,50.0,30.0,12.0,7,1.39,0.48,1.112052075158084,21661,0.1805083333333356,120,114,0.95,AMS-4495978-0|qp30
2.5,50.0,30.0,12.0,19,1.39,0.48,1.2048084386505702,20098,0.1674833333333362,120,118,0.9833333333333332,AMS-4495978-0|qp30
2.5,50.0,12.0,12.0,1,1.39,0.48,1.0856960227272574,7744,0.064533333333334,48,48,1.0,AMS-4495979-0|qp12
2.5,50.0,12.0,12.0,13,1.39,0.48,1.070537226646452,7911,0.0659250000000015,48,49,1.0208333333333333,AMS-4495979-0|qp12
2.5,50.0,12.0,12.0,25,1.39,0.48,1.094415584415571,7700,0.0641666666666677,48,47,0.9791666666666666,AMS-4495979-0|qp12
2.5,50.0,12.0,12.0,7,1.39,0.48,1.0834333958724,9061,0.075508333333335,48,49,1.0208333333333333,AMS-4496429-0|qp12
2.5,50.0,12.0,12.0,19,1.39,0.48,1.1201926345608968,8825,0.0735416666666682,48,48,1.0,AMS-4496429-0|qp12
2.5,50.0,12.0,12.0,1,1.39,0.48,1.2840891342399312,7427,0.0618916666666676,48,46,0.9583333333333334,AMS-7370864-0|qp12
2.5,50.0,12.0,12.0,13,1.39,0.48,1.2478849889910346,7721,0.0643416666666677,48,49,1.0208333333333333,AMS-7370864-0|qp12
2.5,50.0,12.0,12.0,25,1.39,0.48,1.2734088200238194,7551,0.0629250000000011,48,49,1.0208333333333333,AMS-7370864-0|qp12
2.5,50.0,30.0,12.0,7,1.39,0.48,1.1384156962983811,21126,0.1760500000000016,120,115,0.9583333333333334,AMS-7370864-0|qp30
2.5,50.0,30.0,12.0,19,1.39,0.48,1.233879899316748,19467,0.1622250000000012,120,118,0.9833333333333332,AMS-7370864-0|qp30
2.5,50.0,38.0,12.0,1,1.39,0.48,1.1376514510611575,27187,0.2265583333333378,152,154,1.013157894736842,LON-4082553-0|qp38
2.5,50.0,38.0,12.0,13,1.39,0.48,1.1306538163859217,27133,0.2261083333333371,152,154,1.013157894736842,LON-4082553-0|qp38
2.5,50.0,38.0,12.0,25,1.39,0.48,1.0773938135622645,28417,0.2368083333333336,152,149,0.9802631578947368,LON-4082553-0|qp38
2.5,50.0,38.0,12.0,7,1.39,0.48,1.084986480717247,28108,0.2342333333333366,152,152,1.0,LON-4082554-0|qp38
2.5,50.0,38.0,12.0,19,1.39,0.48,1.1730311506187352,26099,0.2174916666666711,152,151,0.993421052631579,LON-4082554-0|qp38
2.5,50.0,38.0,12.0,1,1.39,0.48,1.1525679973062894,26729,0.2227416666666704,152,154,1.013157894736842,LON-4082592-0|qp38
2.5,50.0,38.0,12.0,13,1.39,0.48,1.1282465580584076,26947,0.2245583333333381,152,151,0.993421052631579,LON-4082592-0|qp38
2.5,50.0,38.0,12.0,25,1.39,0.48,1.0991861934505196,27697,0.2308083333333338,152,149,0.9802631578947368,LON-4082592-0|qp38
2.0,50.0,10.0,12.0,7,1.39,0.48,1.1962570251030389,2669,0.0278020833333325,40,40,1.0,SIN-131164229-0|qp10
2.0,50.0,10.0,12.0,19,1.39,0.48,1.212048192771101,2656,0.0276666666666658,40,40,1.0,SIN-131164229-0|qp10
2.0,50.0,24.0,12.0,1,1.39,0.48,1.1458144729005253,6716,0.0699583333333326,96,94,0.9791666666666666,SIN-131164229-0|qp24
2.0,50.0,24.0,12.0,13,1.39,0.48,1.1544833782569603,6678,0.0695624999999999,96,97,1.0104166666666667,SIN-131164229-0|qp24
2.0,50.0,24.0,12.0,25,1.39,0.48,1.1470313432835897,6700,0.0697916666666658,96,95,0.9895833333333334,SIN-131164229-0|qp24
1.8,50.0,9.0,12.0,7,1.39,0.48,1.1370190242405267,6518,0.0754398148148141,36,37,1.0277777777777777,SIN-139715353-1|qp9
1.8,50.0,9.0,12.0,19,1.39,0.48,1.1463449367088805,6320,0.0731481481481474,36,36,1.0,SIN-139715353-1|qp9
3.0,50.0,15.0,12.0,1,1.39,0.48,1.1640129511474768,10501,0.0729236111111108,60,58,0.9666666666666668,SIN-1464509030-0|qp15
3.0,50.0,15.0,12.0,13,1.39,0.48,1.1753636721053504,10174,0.0706527777777766,60,60,1.0,SIN-1464509030-0|qp15
3.0,50.0,15.0,12.0,25,1.39,0.48,1.20359269551405,10076,0.0699722222222217,60,59,0.9833333333333332,SIN-1464509030-0|qp15
3.0,50.0,36.0,12.0,7,1.39,0.48,1.0431035719408972,27884,0.1936388888888858,144,144,1.0,SIN-1464509030-0|qp36
3.0,50.0,36.0,12.0,19,1.39,0.48,1.094658528289051,26459,0.1837430555555523,144,142,0.9861111111111112,SIN-1464509030-0|qp36
2.0,50.0,10.0,12.0,1,1.39,0.48,1.2861137291862603,6366,0.0663124999999993,40,39,0.975,SIN-166571436-2|qp10
2.0,50.0,10.0,12.0,13,1.39,0.48,1.1928334312573692,6808,0.0709166666666668,40,41,1.025,SIN-166571436-2|qp10
2.0,50.0,10.0,12.0,25,1.39,0.48,1.1496938921470063,6991,0.0728229166666661,40,39,0.975,SIN-166571436-2|qp10
2.0,50.0,24.0,12.0,7,1.39,0.48,1.1385574455386256,16755,0.1745312500000002,96,97,1.0104166666666667,SIN-166571436-2|qp24
2.0,50.0,24.0,12.0,19,1.39,0.48,1.1705718571857031,16665,0.1735937499999987,96,98,1.0208333333333333,SIN-166571436-2|qp24
2.0,50.0,10.0,12.0,1,1.39,0.48,1.2154057709647947,6654,0.0693124999999991,40,39,0.975,SIN-166571436-3|qp10
2.0,50.0,10.0,12.0,13,1.39,0.48,1.2245846383296333,6705,0.0698437499999993,40,41,1.025,SIN-166571436-3|qp10
2.0,50.0,10.0,12.0,25,1.39,0.48,1.179031126698767,6843,0.071281249999999,40,39,0.975,SIN-166571436-3|qp10
1.8,50.0,22.0,12.0,7,1.39,0.48,1.1890808973486835,14710,0.1702546296296339,88,89,1.0113636363636365,SIN-170969415-0|qp22
1.8,50.0,22.0,12.0,19,1.39,0.48,1.127658416154952,15797,0.1828356481481538,88,87,0.9886363636363636,SIN-170969415-0|qp22
1.8,50.0,9.0,12.0,1,1.39,0.48,1.2465677966101465,5900,0.0682870370370364,36,37,1.0277777777777777,SIN-170969415-0|qp9
1.8,50.0,9.0,12.0,13,1.39,0.48,1.1162818750954666,6549,0.0757986111111108,36,35,0.9722222222222222,SIN-170969415-0|qp9
1.8,50.0,9.0,12.0,25,1.39,0.48,1.279190915542889,5636,0.0652314814814813,36,37,1.0277777777777777,SIN-170969415-0|qp9
2.0,50.0,10.0,12.0,7,1.39,0.48,1.262327790973842,6315,0.0657812499999996,40,41,1.025,SIN-190681368-0|qp10
2.0,50.0,10.0,12.0,19,1.39,0.48,1.2762924032489449,6279,0.0654062499999995,40,40,1.0,SIN-190681368-0|qp10
2.0,50.0,10.0,12.0,1,1.39,0.48,1.231446757525795,6677,0.0695520833333328,40,39,0.975,SIN-197634752-1|qp10
2.0,50.0,10.0,12.0,13,1.39,0.48,1.2358038922156034,6680,0.0695833333333337,40,41,1.025,SIN-197634752-1|qp10
2.0,50.0,10.0,12.0,25,1.39,0.48,1.19102925887414,6733,0.0701354166666668,40,39,0.975,SIN-197634752-1|qp10
2.0,50.0,10.0,12.0,7,1.39,0.48,1.239060722521104,6505,0.0677604166666664,40,43,1.075,SIN-198571185-1|qp10
2.0,50.0,10.0,12.0,19,1.39,0.48,1.257993154947131,6428,0.0669583333333333,40,40,1.0,SIN-198571185-1|qp10
2.0,50.0,24.0,12.0,1,1.39,0.48,1.033460258780048,18935,0.1972395833333356,96,95,0.9895833333333334,SIN-198571185-1|qp24
2.0,50.0,24.0,12.0,13,1.39,0.48,1.0900313725490114,17850,0.1859374999999993,96,96,1.0,SIN-198571185-1|qp24
2.0,50.0,24.0,12.0,25,1.39,0.48,1.0707982842181294,17951,0.1869895833333342,96,99,1.03125,SIN-198571185-1|qp24
2.0,50.0,10.0,12.0,7,1.39,0.48,1.2424533251041192,6481,0.0675104166666664,40,43,1.075,SIN-198571185-2|qp10
2.0,50.0,10.0,12.0,19,1.39,0.48,1.2555341478696953,6384,0.0664999999999997,40,40,1.0,SIN-198571185-2|qp10
2.0,50.0,10.0,12.0,1,1.39,0.48,1.227878096975186,6579,0.0685312499999991,40,39,0.975,SIN-198571185-3|qp10
2.0,50.0,10.0,12.0,13,1.39,0.48,1.203274871039081,6785,0.0706770833333333,40,41,1.025,SIN-198571185-3|qp10
2.0,50.0,10.0,12.0,25,1.39,0.48,1.2120363417930111,6659,0.0693645833333323,40,39,0.975,SIN-198571185-3|qp10
2.0,50.0,24.0,12.0,7,1.39,0.48,1.128986799857273,16818,0.1751874999999998,96,93,0.96875,SIN-198571185-3|qp24
2.0,50.0,24.0,12.0,19,1.39,0.48,1.0880988089986483,18136,0.1889166666666671,96,98,1.0208333333333333,SIN-198571185-3|qp24
2.0,50.0,10.0,12.0,1,1.39,0.48,1.219125526791052,6644,0.0692083333333321,40,39,0.975,SIN-200167221-1|qp10
2.0,50.0,10.0,12.0,13,1.39,0.48,1.284975338106629,6285,0.065468750000001,40,40,1.0,SIN-200167221-1|qp10
2.0,50.0,10.0,12.0,25,1.39,0.48,1.191712085308004,6752,0.0703333333333326,40,39,0.975,SIN-200167221-1|qp10
2.0,50.0,10.0,12.0,7,1.39,0.48,1.1316592171203872,7383,0.0769062499999979,40,41,1.025,SIN-200171267-0|qp10
2.0,50.0,10.0,12.0,19,1.39,0.48,1.1845236728838082,6970,0.0726041666666657,40,41,1.025,SIN-200171267-0|qp10
2.0,50.0,10.0,12.0,1,1.39,0.48,1.186087144712121,6931,0.0721979166666659,40,39,0.975,SIN-200171267-2|qp10
2.0,50.0,10.0,12.0,13,1.39,0.48,1.2043953794414666,6839,0.0712395833333334,40,41,1.025,SIN-200171267-2|qp10
2.0,50.0,10.0,12.0,25,1.39,0.48,1.124129744651439,7245,0.0754687499999991,40,40,1.0,SIN-200171267-2|qp10
2.0,50.0,10.0,12.0,7,1.39,0.48,1.1775898181817903,6875,0.0716145833333332,40,43,1.075,SIN-200171268-0|qp10
2.0,50.0,10.0,12.0,19,1.39,0.48,1.1978807069219672,6790,0.0707291666666664,40,39,0.975,SIN-200171268-0|qp10
2.0,50.0,24.0,12.0,1,1.39,0.48,1.0521046530010176,18977,0.1976770833333332,96,98,1.0208333333333333,SIN-200171268-0|qp24
2.0,50.0,24.0,12.0,13,1.39,0.48,1.0527212957023775,18708,0.1948750000000008,96,96,1.0,SIN-200171268-0|qp24
2.0,50.0,24.0,12.0,25,1.39,0.48,1.043137109581773,18890,0.1967708333333337,96,98,1.0208333333333333,SIN-200171268-0|qp24
2.0,50.0,10.0,12.0,7,1.39,0.48,1.2274019233704512,6551,0.0682395833333339,40,41,1.025,SIN-200171268-4|qp10
2.0,50.0,10.0,12.0,19,1.39,0.48,1.2223800298062872,6710,0.0698958333333318,40,40,1.0,SIN-200171268-4|qp10
2.0,50.0,24.0,12.0,1,1.39,0.48,1.0351011259382654,19184,0.1998333333333325,96,97,1.0104166666666667,SIN-200171268-4|qp24
2.0,50.0,24.0,12.0,13,1.39,0.48,1.0786882275422986,18212,0.1897083333333334,96,94,0.9791666666666666,SIN-200171268-4|qp24
2.0,50.0,24.0,12.0,25,1.39,0.48,0.8177585319841724,23324,0.2429583333333354,90,83,0.9222222222222224,SIN-200171268-4|qp24
1.8,50.0,27.0,12.0,7,1.39,0.48,1.0899395871790647,5959,0.0689699074074064,108,107,0.9907407407407408,SIN-22811728-0|qp27
1.8,50.0,27.0,12.0,19,1.39,0.48,1.1164622161979072,5902,0.0683101851851848,108,107,0.9907407407407408,SIN-22811728-0|qp27
1.8,50.0,9.0,12.0,1,1.39,0.48,1.167777256374134,6393,0.0739930555555541,36,37,1.0277777777777777,SIN-22928582-0|qp9
1.8,50.0,9.0,12.0,13,1.39,0.48,1.1228913640525124,6554,0.0758564814814811,36,35,0.9722222222222222,SIN-22928582-0|qp9
1.8,50.0,9.0,12.0,25,1.39,0.48,1.1651192572434417,6247,0.0723032407407408,36,36,1.0,SIN-22928582-0|qp9
1.8,50.0,22.0,12.0,7,1.39,0.48,1.1293081204148387,15812,0.1830092592592656,88,93,1.056818181818182,SIN-22928582-1|qp22
1.8,50.0,22.0,12.0,19,1.39,0.48,1.1161825570490331,15995,0.18512731481482,88,88,1.0,SIN-22928582-1|qp22
1.8,50.0,9.0,12.0,1,1.39,0.48,1.25809450699417,5862,0.0678472222222218,36,37,1.0277777777777777,SIN-22928582-1|qp9
1.8,50.0,9.0,12.0,13,1.39,0.48,1.0767651360047077,6838,0.0791435185185183,36,35,0.9722222222222222,SIN-22928582-1|qp9
1.8,50.0,9.0,12.0,25,1.39,0.48,1.2540284441397735,5836,0.0675462962962952,36,36,1.0,SIN-22928582-1|qp9
1.8,50.0,9.0,12.0,7,1.39,0.48,1.1290758221680504,6568,0.0760185185185173,36,36,1.0,SIN-22928582-2|qp9
1.8,50.0,9.0,12.0,19,1.39,0.48,1.2038896232650582,6052,0.0700462962962952,36,37,1.0277777777777777,SIN-22928582-2|qp9
3.0,50.0,15.0,12.0,1,1.39,0.48,0.9877022882755188,12717,0.0883124999999995,60,60,1.0,SIN-546209379-0|qp15
3.0,50.0,15.0,12.0,13,1.39,0.48,0.9696705826321412,12598,0.0874861111111111,60,59,0.9833333333333332,SIN-546209379-0|qp15
3.0,50.0,15.0,12.0,25,1.39,0.48,0.9602980694980184,12950,0.0899305555555549,60,59,0.9833333333333332,SIN-546209379-0|qp15
3.0,50.0,15.0,12.0,7,1.39,0.48,1.2764580699536625,9492,0.065916666666666,60,58,0.9666666666666668,SIN-546209379-1|qp15
3.0,50.0,15.0,12.0,19,1.39,0.48,1.3040864547037974,9184,0.0637777777777766,60,58,0.9666666666666668,SIN-546209379-1|qp15
3.0,50.0,36.0,12.0,1,1.39,0.48,1.19665674480137,24189,0.1679791666666659,144,149,1.0347222222222223,SIN-546209379-1|qp36
3.0,50.0,36.0,12.0,13,1.39,0.48,1.1672423567523775,24695,0.1714930555555552,144,146,1.0138888888888888,SIN-546209379-1|qp36
3.0,50.0,36.0,12.0,25,1.39,0.48,1.1258210530429833,25583,0.1776597222222201,144,142,0.9861111111111112,SIN-546209379-1|qp36
3.0,50.0,15.0,12.0,7,1.39,0.48,1.2764943133951274,9496,0.0659444444444437,60,59,0.9833333333333332,SIN-546209379-2|qp15
3.0,50.0,15.0,12.0,19,1.39,0.48,1.29909002169195,9220,0.0640277777777767,60,58,0.9666666666666668,SIN-546209379-2|qp15
3.0,50.0,36.0,12.0,1,1.39,0.48,1.1622141968620072,24921,0.1730624999999994,144,148,1.0277777777777777,SIN-546209379-2|qp36
3.0,50.0,36.0,12.0,13,1.39,0.48,1.163187962664932,24856,0.1726111111111105,144,144,1.0,SIN-546209379-2|qp36
3.0,50.0,36.0,12.0,25,1.39,0.48,1.125041548004499,25633,0.1780069444444431,144,141,0.9791666666666666,SIN-546209379-2|qp36
1.8,50.0,9.0,12.0,7,1.39,0.48,1.2007246616044474,6058,0.0701157407407399,36,36,1.0,SIN-74587409-1|qp9
1.8,50.0,9.0,12.0,19,1.39,0.48,1.2595319594830805,5726,0.0662731481481467,36,37,1.0277777777777777,SIN-74587409-1|qp9
1.8,50.0,9.0,12.0,1,1.39,0.48,1.2237384589558296,5957,0.0689467592592578,36,37,1.0277777777777777,SIN-74587409-2|qp9
1.8,50.0,9.0,12.0,13,1.39,0.48,1.1611805111821447,6260,0.0724537037037039,36,37,1.0277777777777777,SIN-74587409-2|qp9
1.8,50.0,9.0,12.0,25,1.39,0.48,1.2303794452951706,5877,0.0680208333333326,36,36,1.0,SIN-74587409-2|qp9
2.5,50.0,12.0,12.0,7,1.39,0.48,1.2915545368746926,7417,0.0618083333333342,48,48,1.0,TYO-1323228545-3|qp12
2.5,50.0,12.0,12.0,19,1.39,0.48,1.324123739814938,7241,0.0603416666666679,48,46,0.9583333333333334,TYO-1323228545-3|qp12
2.5,50.0,30.0,12.0,1,1.39,0.48,1.1416496818334256,20901,0.1741750000000038,120,121,1.0083333333333333,TYO-1323228545-3|qp30
2.5,50.0,30.0,12.0,13,1.39,0.48,1.1415214404169154,21105,0.1758750000000018,120,122,1.0166666666666666,TYO-1323228545-3|qp30
2.5,50.0,30.0,12.0,25,1.39,0.48,1.129463372676386,20927,0.1743916666666684,120,118,0.9833333333333332,TYO-1323228545-3|qp30
1.2,50.0,14.0,12.0,8,1.39,0.48,1.2128640724372055,9277,0.1610590277777807,56,56,1.0,AMS-244428233-0|qp14
1.2,50.0,14.0,12.0,20,1.39,0.48,1.25050244010646,9016,0.1565277777777795,56,56,1.0,AMS-244428233-0|qp14
1.2,50.0,6.0,12.0,2,1.39,0.48,1.2552546296296427,3888,0.0675000000000002,24,23,0.9583333333333334,AMS-244428233-0|qp6
1.2,50.0,6.0,12.0,14,1.39,0.48,1.2854317401637192,3787,0.065746527777778,24,24,1.0,AMS-244428233-0|qp6
1.2,50.0,6.0,12.0,26,1.39,0.48,1.3163789817588,3673,0.0637673611111108,24,24,1.0,AMS-244428233-0|qp6
2.5,50.0,12.0,12.0,8,1.39,0.48,1.2360634758126472,3907,0.0325583333333336,48,47,0.9791666666666666,AMS-4480498-0|qp12
2.5,50.0,12.0,12.0,20,1.39,0.48,1.2967478586723495,3736,0.0311333333333334,48,49,1.0208333333333333,AMS-4480498-0|qp12
2.5,50.0,30.0,12.0,2,1.39,0.48,1.1937915526007146,10228,0.0852333333333346,120,121,1.0083333333333333,AMS-4480498-0|qp30
2.5,50.0,30.0,12.0,14,1.39,0.48,1.1582158820732418,10515,0.087625000000001,120,119,0.9916666666666668,AMS-4480498-0|qp30
2.5,50.0,30.0,12.0,26,1.39,0.48,1.1696711033950633,10368,0.0864000000000007,120,120,1.0,AMS-4480498-0|qp30
3.6,50.0,18.0,12.0,8,1.39,0.48,1.1455856867778678,12464,0.072129629629631,72,73,1.0138888888888888,AMS-4480626-0|qp18
3.6,50.0,18.0,12.0,20,1.39,0.48,1.1681518778373816,12115,0.0701099537037044,72,72,1.0,AMS-4480626-0|qp18
3.6,50.0,18.0,12.0,2,1.39,0.48,1.3011059162021787,11122,0.0643634259259258,72,74,1.0277777777777777,AMS-4480644-0|qp18
3.6,50.0,18.0,12.0,14,1.39,0.48,1.2824823076233376,11163,0.0646006944444448,72,73,1.0138888888888888,AMS-4480644-0|qp18
3.6,50.0,18.0,12.0,26,1.39,0.48,1.2938447138527926,11218,0.0649189814814811,72,73,1.0138888888888888,AMS-4480644-0|qp18
3.6,50.0,43.0,12.0,8,1.39,0.48,1.161152849305032,29709,0.1719270833333338,172,173,1.005813953488372,AMS-4480644-0|qp43
3.6,50.0,43.0,12.0,20,1.39,0.48,1.1854800840018012,29047,0.1680960648148135,172,173,1.005813953488372,AMS-4480644-0|qp43
2.5,50.0,12.0,12.0,2,1.39,0.48,1.2286881747426148,7966,0.0663833333333341,48,48,1.0,AMS-4495978-0|qp12
2.5,50.0,12.0,12.0,14,1.39,0.48,1.2824161524013211,7454,0.0621166666666676,48,48,1.0,AMS-4495978-0|qp12
2.5,50.0,12.0,12.0,26,1.39,0.48,1.2574647522959694,7731,0.0644250000000011,48,47,0.9791666666666666,AMS-4495978-0|qp12
2.5,50.0,30.0,12.0,8,1.39,0.48,1.1196687945231327,21618,0.1801500000000018,120,119,0.9916666666666668,AMS-4495978-0|qp30
2.5,50.0,30.0,12.0,20,1.39,0.48,1.2241323232323036,19800,0.1650000000000011,120,121,1.0083333333333333,AMS-4495978-0|qp30
2.5,50.0,12.0,12.0,2,1.39,0.48,1.0759270054492405,7891,0.0657583333333343,48,50,1.0416666666666667,AMS-4495979-0|qp12
2.5,50.0,12.0,12.0,14,1.39,0.48,1.1239312169312072,7560,0.0630000000000015,48,48,1.0,AMS-4495979-0|qp12
2.5,50.0,12.0,12.0,26,1.39,0.48,1.1052697795071291,7710,0.0642500000000012,48,48,1.0,AMS-4495979-0|qp12
2.5,50.0,12.0,12.0,8,1.39,0.48,1.0983338901881887,8979,0.074825000000001,48,47,0.9791666666666666,AMS-4496429-0|qp12
2.5,50.0,12.0,12.0,20,1.39,0.48,1.1018239753873105,9101,0.0758416666666678,48,47,0.9791666666666666,AMS-4496429-0|qp12
2.5,50.0,12.0,12.0,2,1.39,0.48,1.2512879081171269,7749,0.0645750000000011,48,48,1.0,AMS-7370864-0|qp12
2.5,50.0,12.0,12.0,14,1.39,0.48,1.3056184228508128,7317,0.060975000000001,48,47,0.9791666666666666,AMS-7370864-0|qp12
2.5,50.0,12.0,12.0,26,1.39,0.48,1.2710028803351916,7638,0.063650000000001,48,47,0.9791666666666666,AMS-7370864-0|qp12
2.5,50.0,30.0,12.0,8,1.39,0.48,1.1529732835392676,20886,0.1740500000000022,120,121,1.0083333333333333,AMS-7370864-0|qp30
2.5,50.0,30.0,12.0,20,1.39,0.48,1.2270619877049298,19520,0.1626666666666691,120,120,1.0,AMS-7370864-0|qp30
2.5,50.0,38.0,12.0,2,1.39,0.48,1.1392342225355785,26953,0.2246083333333356,152,154,1.013157894736842,LON-4082553-0|qp38
2.5,50.0,38.0,12.0,14,1.39,0.48,1.1113021292217444,27240,0.2270000000000024,152,150,0.986842105263158,LON-4082553-0|qp38
2.5,50.0,38.0,12.0,26,1.39,0.48,1.1616482343070422,26222,0.2185166666666693,152,150,0.986842105263158,LON-4082553-0|qp38
2.5,50.0,38.0,12.0,8,1.39,0.48,1.1391745195518113,26954,0.2246166666666706,152,150,0.986842105263158,LON-4082554-0|qp38
2.5,50.0,38.0,12.0,20,1.39,0.48,1.17882339226736,25735,0.2144583333333366,152,153,1.006578947368421,LON-4082554-0|qp38
2.5,50.0,38.0,12.0,2,1.39,0.48,1.148010618013254,26747,0.2228916666666711,152,151,0.993421052631579,LON-4082592-0|qp38
2.5,50.0,38.0,12.0,14,1.39,0.48,1.1380350744861334,26515,0.2209583333333362,152,151,0.993421052631579,LON-4082592-0|qp38
2.5,50.0,38.0,12.0,26,1.39,0.48,1.170150268474545,25887,0.2157250000000036,152,153,1.006578947368421,LON-4082592-0|qp38
2.0,50.0,10.0,12.0,8,1.39,0.48,1.2051460674157193,2670,0.0278124999999993,40,41,1.025,SIN-131164229-0|qp10
2.0,50.0,10.0,12.0,20,1.39,0.48,1.2167374005304914,2639,0.0274895833333325,40,40,1.0,SIN-131164229-0|qp10
2.0,50.0,24.0,12.0,2,1.39,0.48,1.1404610139341718,6746,0.0702708333333325,96,97,1.0104166666666667,SIN-131164229-0|qp24
2.0,50.0,24.0,12.0,14,1.39,0.48,1.1682544019429335,6588,0.0686249999999994,96,97,1.0104166666666667,SIN-131164229-0|qp24
2.0,50.0,24.0,12.0,26,1.39,0.48,1.133305047549383,6835,0.0711979166666649,96,97,1.0104166666666667,SIN-131164229-0|qp24
1.8,50.0,9.0,12.0,8,1.39,0.48,1.1510877413278855,6371,0.0737384259259261,36,37,1.0277777777777777,SIN-139715353-1|qp9
1.8,50.0,9.0,12.0,20,1.39,0.48,1.123887272170303,6529,0.0755671296296294,36,37,1.0277777777777777,SIN-139715353-1|qp9
3.0,50.0,15.0,12.0,2,1.39,0.48,1.1954336684407727,10146,0.0704583333333325,60,60,1.0,SIN-1464509030-0|qp15
3.0,50.0,15.0,12.0,14,1.39,0.48,1.1901580911233711,10184,0.0707222222222209,60,61,1.0166666666666666,SIN-1464509030-0|qp15
3.0,50.0,15.0,12.0,26,1.39,0.48,1.2032644135188957,10060,0.0698611111111101,60,60,1.0,SIN-1464509030-0|qp15
3.0,50.0,36.0,12.0,8,1.39,0.48,1.014656443629077,28889,0.2006180555555515,144,143,0.9930555555555556,SIN-1464509030-0|qp36
3.0,50.0,36.0,12.0,20,1.39,0.48,1.1008197527129615,26447,0.1836597222222221,144,146,1.0138888888888888,SIN-1464509030-0|qp36
2.0,50.0,10.0,12.0,2,1.39,0.48,1.3145308886686695,6054,0.0630624999999995,40,40,1.0,SIN-166571436-2|qp10
2.0,50.0,10.0,12.0,14,1.39,0.48,1.2651587928582493,6329,0.0659270833333332,40,41,1.025,SIN-166571436-2|qp10
2.0,50.0,10.0,12.0,26,1.39,0.48,1.2607908975175242,6284,0.0654583333333332,40,39,0.975,SIN-166571436-2|qp10
2.0,50.0,24.0,12.0,8,1.39,0.48,1.1825327564893735,16180,0.1685416666666682,96,94,0.9791666666666666,SIN-166571436-2|qp24
2.0,50.0,24.0,12.0,20,1.39,0.48,1.2178306878306946,15876,0.1653749999999998,96,94,0.9791666666666666,SIN-166571436-2|qp24
2.0,50.0,10.0,12.0,2,1.39,0.48,1.1822830715019998,6811,0.070947916666666,40,40,1.0,SIN-166571436-3|qp10
2.0,50.0,10.0,12.0,14,1.39,0.48,1.2305766908212374,6624,0.0689999999999991,40,40,1.0,SIN-166571436-3|qp10
2.0,50.0,10.0,12.0,26,1.39,0.48,1.2376639726453378,6434,0.0670208333333331,40,41,1.025,SIN-166571436-3|qp10
1.8,50.0,22.0,12.0,8,1.39,0.48,1.2208331021087298,14416,0.1668518518518566,88,89,1.0113636363636365,SIN-170969415-0|qp22
1.8,50.0,22.0,12.0,20,1.39,0.48,1.2455945186226056,14230,0.1646990740740783,88,86,0.9772727272727272,SIN-170969415-0|qp22
1.8,50.0,9.0,12.0,2,1.39,0.48,1.2860922372821662,5681,0.0657523148148146,36,35,0.9722222222222222,SIN-170969415-0|qp9
1.8,50.0,9.0,12.0,14,1.39,0.48,1.276748725162654,5687,0.0658217592592593,36,36,1.0,SIN-170969415-0|qp9
1.8,50.0,9.0,12.0,26,1.39,0.48,1.2631184486372815,5724,0.0662499999999993,36,37,1.0277777777777777,SIN-170969415-0|qp9
2.0,50.0,10.0,12.0,8,1.39,0.48,1.2190956468424037,6524,0.0679583333333325,40,39,0.975,SIN-190681368-0|qp10
2.0,50.0,10.0,12.0,20,1.39,0.48,1.2992419539290587,6121,0.0637604166666669,40,39,0.975,SIN-190681368-0|qp10
2.0,50.0,10.0,12.0,2,1.39,0.48,1.2560474246231326,6368,0.0663333333333324,40,38,0.95,SIN-197634752-1|qp10
2.0,50.0,10.0,12.0,14,1.39,0.48,1.2979518656113542,6191,0.0644895833333328,40,40,1.0,SIN-197634752-1|qp10
2.0,50.0,10.0,12.0,26,1.39,0.48,1.2268083462133057,6470,0.0673958333333337,40,40,1.0,SIN-197634752-1|qp10
2.0,50.0,10.0,12.0,8,1.39,0.48,1.1860337178349585,6762,0.070437499999999,40,38,0.95,SIN-198571185-1|qp10
2.0,50.0,10.0,12.0,20,1.39,0.48,1.3109885057470905,6090,0.0634374999999998,40,39,0.975,SIN-198571185-1|qp10
2.0,50.0,24.0,12.0,2,1.39,0.48,1.1202789171452656,15847,0.1650729166666668,58,72,1.2413793103448276,SIN-198571185-1|qp24
2.0,50.0,24.0,12.0,14,1.39,0.48,1.1372502179598645,17205,0.1792187499999991,96,97,1.0104166666666667,SIN-198571185-1|qp24
2.0,50.0,24.0,12.0,26,1.39,0.48,1.1009236700938738,17896,0.1864166666666653,96,96,1.0,SIN-198571185-1|qp24
2.0,50.0,10.0,12.0,8,1.39,0.48,1.2193753799392066,6580,0.0685416666666664,40,39,0.975,SIN-198571185-2|qp10
2.0,50.0,10.0,12.0,20,1.39,0.48,1.3104891661194642,6092,0.0634583333333332,40,39,0.975,SIN-198571185-2|qp10
2.0,50.0,10.0,12.0,2,1.39,0.48,1.1998194029850997,6700,0.0697916666666663,40,40,1.0,SIN-198571185-3|qp10
2.0,50.0,10.0,12.0,14,1.39,0.48,1.29765929778932,6152,0.064083333333333,40,40,1.0,SIN-198571185-3|qp10
2.0,50.0,10.0,12.0,26,1.39,0.48,1.2047942107643763,6633,0.0690937499999996,40,39,0.975,SIN-198571185-3|qp10
2.0,50.0,24.0,12.0,8,1.39,0.48,1.0893628730284113,17626,0.1836041666666672,96,92,0.9583333333333334,SIN-198571185-3|qp24
2.0,50.0,24.0,12.0,20,1.39,0.48,1.0490379692832628,18752,0.1953333333333326,96,93,0.96875,SIN-198571185-3|qp24
2.0,50.0,10.0,12.0,2,1.39,0.48,1.2367710550319349,6578,0.068520833333333,40,41,1.025,SIN-200167221-1|qp10
2.0,50.0,10.0,12.0,14,1.39,0.48,1.2558898505113918,6355,0.0661979166666667,40,41,1.025,SIN-200167221-1|qp10
2.0,50.0,10.0,12.0,26,1.39,0.48,1.2059390407888968,6693,0.0697187499999996,40,41,1.025,SIN-200167221-1|qp10
2.0,50.0,10.0,12.0,8,1.39,0.48,1.2309800362976266,6612,0.0688749999999987,40,38,0.95,SIN-200171267-0|qp10
2.0,50.0,10.0,12.0,20,1.39,0.48,1.2490457719161852,6445,0.0671354166666659,40,40,1.0,SIN-200171267-0|qp10
2.0,50.0,10.0,12.0,2,1.39,0.48,1.1824241540256857,6856,0.0714166666666665,40,40,1.0,SIN-200171267-2|qp10
2.0,50.0,10.0,12.0,14,1.39,0.48,1.1784553660982726,6979,0.072697916666665,40,40,1.0,SIN-200171267-2|qp10
2.0,50.0,10.0,12.0,26,1.39,0.48,1.1827222704894411,6906,0.0719375000000007,40,41,1.025,SIN-200171267-2|qp10
2.0,50.0,10.0,12.0,8,1.39,0.48,1.153077032607135,7023,0.0731562499999988,40,38,0.95,SIN-200171268-0|qp10
2.0,50.0,10.0,12.0,20,1.39,0.48,1.2272543701024388,6636,0.0691250000000004,40,39,0.975,SIN-200171268-0|qp10
2.0,50.0,24.0,12.0,2,1.39,0.48,1.0276429980276538,19266,0.2006875000000006,96,93,0.96875,SIN-200171268-0|qp24
2.0,50.0,24.0,12.0,14,1.39,0.48,1.0447850636552354,18773,0.1955520833333339,96,94,0.9791666666666666,SIN-200171268-0|qp24
2.0,50.0,24.0,12.0,26,1.39,0.48,0.4702793439995634,34939,0.3639479166666686,54,62,1.148148148148148,SIN-200171268-0|qp24
2.0,50.0,10.0,12.0,8,1.39,0.48,1.1844491837034814,6799,0.0708229166666658,40,38,0.95,SIN-200171268-4|qp10
2.0,50.0,10.0,12.0,20,1.39,0.48,1.2643966059081972,6364,0.0662916666666668,40,39,0.975,SIN-200171268-4|qp10
2.0,50.0,24.0,12.0,2,1.39,0.48,0.1255204515868637,91411,0.9521979166666668,6,16,2.6666666666666665,SIN-200171268-4|qp24
2.0,50.0,24.0,12.0,14,1.39,0.48,0.3655667088011677,40347,0.4202812500000017,11,24,2.1818181818181817,SIN-200171268-4|qp24
2.0,50.0,24.0,12.0,26,1.39,0.48,1.051235378182384,18893,0.1968020833333349,96,95,0.9895833333333334,SIN-200171268-4|qp24
1.8,50.0,27.0,12.0,8,1.39,0.48,1.0822481004294762,6054,0.0700694444444441,108,108,1.0,SIN-22811728-0|qp27
1.8,50.0,27.0,12.0,20,1.39,0.48,1.108221697317364,5927,0.0685995370370363,108,108,1.0,SIN-22811728-0|qp27
1.8,50.0,9.0,12.0,2,1.39,0.48,1.181992614001282,6228,0.0720833333333319,36,35,0.9722222222222222,SIN-22928582-0|qp9
1.8,50.0,9.0,12.0,14,1.39,0.48,1.176828417380271,6306,0.0729861111111116,36,37,1.0277777777777777,SIN-22928582-0|qp9
1.8,50.0,9.0,12.0,26,1.39,0.48,1.1577187993680542,6330,0.0732638888888891,36,37,1.0277777777777777,SIN-22928582-0|qp9
1.8,50.0,22.0,12.0,8,1.39,0.48,1.2074851930015216,14689,0.1700115740740797,88,90,1.0227272727272727,SIN-22928582-1|qp22
1.8,50.0,22.0,12.0,20,1.39,0.48,1.2341169924184383,14377,0.1664004629629684,88,89,1.0113636363636365,SIN-22928582-1|qp22
1.8,50.0,9.0,12.0,2,1.39,0.48,1.2144391525702054,6089,0.0704745370370366,36,36,1.0,SIN-22928582-1|qp9
1.8,50.0,9.0,12.0,14,1.39,0.48,1.2698184040509877,5727,0.0662847222222219,36,37,1.0277777777777777,SIN-22928582-1|qp9
1.8,50.0,9.0,12.0,26,1.39,0.48,1.2069818481847796,6060,0.0701388888888889,36,37,1.0277777777777777,SIN-22928582-1|qp9
1.8,50.0,9.0,12.0,8,1.39,0.48,1.1991358423517875,6191,0.0716550925925923,36,37,1.0277777777777777,SIN-22928582-2|qp9
1.8,50.0,9.0,12.0,20,1.39,0.48,1.1691550632911245,6320,0.0731481481481478,36,37,1.0277777777777777,SIN-22928582-2|qp9
3.0,50.0,15.0,12.0,2,1.39,0.48,1.0308211217786876,11874,0.082458333333333,60,60,1.0,SIN-546209379-0|qp15
3.0,50.0,15.0,12.0,14,1.39,0.48,1.0176052938238718,12014,0.0834305555555549,60,62,1.0333333333333334,SIN-546209379-0|qp15
3.0,50.0,15.0,12.0,26,1.39,0.48,0.9021826312752372,13864,0.0962777777777776,60,59,0.9833333333333332,SIN-546209379-0|qp15
3.0,50.0,15.0,12.0,8,1.39,0.48,1.2803866695150714,9362,0.0650138888888879,60,59,0.9833333333333332,SIN-546209379-1|qp15
3.0,50.0,15.0,12.0,20,1.39,0.48,1.30111268835994,9158,0.0635972222222212,60,59,0.9833333333333332,SIN-546209379-1|qp15
3.0,50.0,36.0,12.0,2,1.39,0.48,1.176376343646564,24467,0.1699097222222214,144,147,1.0208333333333333,SIN-546209379-1|qp36
3.0,50.0,36.0,12.0,14,1.39,0.48,1.1992509937065483,24152,0.1677222222222205,144,147,1.0208333333333333,SIN-546209379-1|qp36
3.0,50.0,36.0,12.0,26,1.39,0.48,1.2020465579484214,24099,0.1673541666666649,144,148,1.0277777777777777,SIN-546209379-1|qp36
3.0,50.0,15.0,12.0,8,1.39,0.48,1.2766836626301408,9414,0.0653749999999993,60,59,0.9833333333333332,SIN-546209379-2|qp15
3.0,50.0,15.0,12.0,20,1.39,0.48,1.301176084818056,9149,0.063534722222221,60,59,0.9833333333333332,SIN-546209379-2|qp15
3.0,50.0,36.0,12.0,2,1.39,0.48,1.1868656530925488,24139,0.1676319444444441,144,147,1.0208333333333333,SIN-546209379-2|qp36
3.0,50.0,36.0,12.0,14,1.39,0.48,1.2048591607810746,24070,0.1671527777777768,144,146,1.0138888888888888,SIN-546209379-2|qp36
3.0,50.0,36.0,12.0,26,1.39,0.48,1.217986797292157,23783,0.165159722222221,144,148,1.0277777777777777,SIN-546209379-2|qp36
1.8,50.0,9.0,12.0,8,1.39,0.48,1.2213540790580193,5945,0.0688078703703689,36,37,1.0277777777777777,SIN-74587409-1|qp9
1.8,50.0,9.0,12.0,20,1.39,0.48,1.2179433580579837,5932,0.0686574074074073,36,36,1.0,SIN-74587409-1|qp9
1.8,50.0,9.0,12.0,2,1.39,0.48,1.23279247202442,5898,0.0682638888888882,36,35,0.9722222222222222,SIN-74587409-2|qp9
1.8,50.0,9.0,12.0,14,1.39,0.48,1.212068850267381,5984,0.0692592592592585,36,36,1.0,SIN-74587409-2|qp9
1.8,50.0,9.0,12.0,26,1.39,0.48,1.2283073005093086,5890,0.0681712962962957,36,37,1.0277777777777777,SIN-74587409-2|qp9
2.5,50.0,12.0,12.0,8,1.39,0.48,1.2733637204385957,7569,0.0630750000000007,48,47,0.9791666666666666,TYO-1323228545-3|qp12
2.5,50.0,12.0,12.0,20,1.39,0.48,1.3475482054890984,7105,0.0592083333333344,48,46,0.9583333333333334,TYO-1323228545-3|qp12
2.5,50.0,30.0,12.0,2,1.39,0.48,1.0742702726747242,22481,0.1873416666666683,120,117,0.975,TYO-1323228545-3|qp30
2.5,50.0,30.0,12.0,14,1.39,0.48,1.1683830662942891,20409,0.1700750000000012,120,117,0.975,TYO-1323228545-3|qp30
2.5,50.0,30.0,12.0,26,1.39,0.48,1.1501906328624665,20668,0.1722333333333346,120,120,1.0,TYO-1323228545-3|qp30
1.2,50.0,14.0,12.0,9,1.39,0.48,1.249471074380232,9075,0.1575520833333357,56,56,1.0,AMS-244428233-0|qp14
1.2,50.0,14.0,12.0,21,1.39,0.48,1.2283949945593091,9190,0.1595486111111126,56,56,1.0,AMS-244428233-0|qp14
1.2,50.0,6.0,12.0,3,1.39,0.48,1.228185026468336,3967,0.0688715277777784,24,23,0.9583333333333334,AMS-244428233-0|qp6
1.2,50.0,6.0,12.0,15,1.39,0.48,1.2713906414300649,3804,0.0660416666666666,24,24,1.0,AMS-244428233-0|qp6
1.2,50.0,6.0,12.0,27,1.39,0.48,1.3491299435028632,3540,0.0614583333333335,24,24,1.0,AMS-244428233-0|qp6
2.5,50.0,12.0,12.0,9,1.39,0.48,1.2754635935044545,3818,0.031816666666667,48,47,0.9791666666666666,AMS-4480498-0|qp12
2.5,50.0,12.0,12.0,21,1.39,0.48,1.2503845167905734,3901,0.0325083333333337,48,49,1.0208333333333333,AMS-4480498-0|qp12
2.5,50.0,30.0,12.0,3,1.39,0.48,1.1886097299405345,10257,0.0854750000000016,120,120,1.0,AMS-4480498-0|qp30
2.5,50.0,30.0,12.0,15,1.39,0.48,1.2003963535473885,10092,0.0841000000000002,120,119,0.9916666666666668,AMS-4480498-0|qp30
2.5,50.0,30.0,12.0,27,1.39,0.48,1.2012642324303144,10188,0.0849000000000018,120,120,1.0,AMS-4480498-0|qp30
3.6,50.0,18.0,12.0,9,1.39,0.48,1.1521498919048982,12489,0.0722743055555572,72,73,1.0138888888888888,AMS-4480626-0|qp18
3.6,50.0,18.0,12.0,21,1.39,0.48,1.1359771857051764,12536,0.0725462962962975,72,72,1.0,AMS-4480626-0|qp18
3.6,50.0,18.0,12.0,3,1.39,0.48,1.2874277585133604,11247,0.0650868055555561,72,72,1.0,AMS-4480644-0|qp18
3.6,50.0,18.0,12.0,15,1.39,0.48,1.3204653083700364,10896,0.0630555555555556,72,73,1.0138888888888888,AMS-4480644-0|qp18
3.6,50.0,18.0,12.0,27,1.39,0.48,1.3088322087269684,11115,0.0643229166666668,72,73,1.0138888888888888,AMS-4480644-0|qp18
3.6,50.0,43.0,12.0,9,1.39,0.48,1.1408687353977005,30389,0.1758622685185207,172,171,0.994186046511628,AMS-4480644-0|qp43
3.6,50.0,43.0,12.0,21,1.39,0.48,1.1540370171673573,29824,0.172592592592592,172,170,0.9883720930232558,AMS-4480644-0|qp43
2.5,50.0,12.0,12.0,3,1.39,0.48,1.2214706626201928,7908,0.0659000000000012,48,48,1.0,AMS-4495978-0|qp12
2.5,50.0,12.0,12.0,15,1.39,0.48,1.290943320380519,7463,0.0621916666666676,48,49,1.0208333333333333,AMS-4495978-0|qp12
2.5,50.0,12.0,12.0,27,1.39,0.48,1.2436805644643874,7795,0.0649583333333339,48,47,0.9791666666666666,AMS-4495978-0|qp12
2.5,50.0,30.0,12.0,9,1.39,0.48,1.1465492183391806,20917,0.1743083333333349,120,117,0.975,AMS-4495978-0|qp30
2.5,50.0,30.0,12.0,21,1.39,0.48,1.1485034207526184,21048,0.1754000000000023,120,121,1.0083333333333333,AMS-4495978-0|qp30
2.5,50.0,12.0,12.0,3,1.39,0.48,1.1037375178316922,7711,0.0642583333333339,48,49,1.0208333333333333,AMS-4495979-0|qp12
2.5,50.0,12.0,12.0,15,1.39,0.48,1.125499268714237,7521,0.0626750000000008,48,49,1.0208333333333333,AMS-4495979-0|qp12
2.5,50.0,12.0,12.0,27,1.39,0.48,1.1016567588523984,7738,0.0644833333333337,48,47,0.9791666666666666,AMS-4495979-0|qp12
2.5,50.0,12.0,12.0,9,1.39,0.48,1.0383053691275248,9536,0.0794666666666678,48,48,1.0,AMS-4496429-0|qp12
2.5,50.0,12.0,12.0,21,1.39,0.48,1.0935691565207943,9117,0.0759750000000009,48,49,1.0208333333333333,AMS-4496429-0|qp12
2.5,50.0,12.0,12.0,3,1.39,0.48,1.272601905770315,7556,0.0629666666666675,48,49,1.0208333333333333,AMS-7370864-0|qp12
2.5,50.0,12.0,12.0,15,1.39,0.48,1.296621821606322,7433,0.0619416666666675,48,48,1.0,AMS-7370864-0|qp12
2.5,50.0,12.0,12.0,27,1.39,0.48,1.281407850964725,7515,0.0626250000000008,48,47,0.9791666666666666,AMS-7370864-0|qp12
2.5,50.0,30.0,12.0,9,1.39,0.48,1.1690331666100342,20593,0.171608333333335,120,119,0.9916666666666668,AMS-7370864-0|qp30
2.5,50.0,30.0,12.0,21,1.39,0.48,1.1673101617185873,20715,0.1726250000000017,120,120,1.0,AMS-7370864-0|qp30
2.5,50.0,38.0,12.0,3,1.39,0.48,1.1716397316664269,26236,0.2186333333333369,152,154,1.013157894736842,LON-4082553-0|qp38
2.5,50.0,38.0,12.0,15,1.39,0.48,1.1499724829432,26529,0.2210750000000007,152,150,0.986842105263158,LON-4082553-0|qp38
2.5,50.0,38.0,12.0,27,1.39,0.48,1.1617683204370255,26364,0.2197000000000047,152,152,1.0,LON-4082553-0|qp38
2.5,50.0,38.0,12.0,9,1.39,0.48,1.1553056197657214,26389,0.219908333333338,152,155,1.019736842105263,LON-4082554-0|qp38
2.5,50.0,38.0,12.0,21,1.39,0.48,1.1330417421525527,27047,0.2253916666666697,152,154,1.013157894736842,LON-4082554-0|qp38
2.5,50.0,38.0,12.0,3,1.39,0.48,1.1688508641410351,26211,0.2184250000000047,152,154,1.013157894736842,LON-4082592-0|qp38
2.5,50.0,38.0,12.0,15,1.39,0.48,1.1460709863805527,26653,0.2221083333333375,152,151,0.993421052631579,LON-4082592-0|qp38
2.5,50.0,38.0,12.0,27,1.39,0.48,1.1580361386699909,26509,0.2209083333333368,152,153,1.006578947368421,LON-4082592-0|qp38
2.0,50.0,10.0,12.0,9,1.39,0.48,1.2011323584551843,2667,0.0277812499999992,40,40,1.0,SIN-131164229-0|qp10
2.0,50.0,10.0,12.0,21,1.39,0.48,1.202053004852555,2679,0.0279062499999993,40,41,1.025,SIN-131164229-0|qp10
2.0,50.0,24.0,12.0,3,1.39,0.48,1.1378138368490944,6779,0.0706145833333327,96,95,0.9895833333333334,SIN-131164229-0|qp24
2.0,50.0,24.0,12.0,15,1.39,0.48,1.1857550077041612,6490,0.0676041666666658,96,95,0.9895833333333334,SIN-131164229-0|qp24
2.0,50.0,24.0,12.0,27,1.39,0.48,1.1706194018521356,6587,0.0686145833333323,96,97,1.0104166666666667,SIN-131164229-0|qp24
1.8,50.0,9.0,12.0,9,1.39,0.48,1.1407762205451932,6493,0.075150462962963,36,35,0.9722222222222222,SIN-139715353-1|qp9
1.8,50.0,9.0,12.0,21,1.39,0.48,1.127811105983719,6501,0.0752430555555555,36,37,1.0277777777777777,SIN-139715353-1|qp9
3.0,50.0,15.0,12.0,3,1.39,0.48,1.1888228962818514,10220,0.0709722222222214,60,60,1.0,SIN-1464509030-0|qp15
3.0,50.0,15.0,12.0,15,1.39,0.48,1.2002562843676747,10184,0.0707222222222215,60,60,1.0,SIN-1464509030-0|qp15
3.0,50.0,15.0,12.0,27,1.39,0.48,1.2360918253079431,9823,0.0682152777777766,60,61,1.0166666666666666,SIN-1464509030-0|qp15
3.0,50.0,36.0,12.0,9,1.39,0.48,1.0696596962997258,27593,0.1916180555555522,144,146,1.0138888888888888,SIN-1464509030-0|qp36
3.0,50.0,36.0,12.0,21,1.39,0.48,1.0579976721347697,27493,0.1909236111111076,144,144,1.0,SIN-1464509030-0|qp36
2.0,50.0,10.0,12.0,3,1.39,0.48,1.270998251470384,6291,0.0655312500000001,40,40,1.0,SIN-166571436-2|qp10
2.0,50.0,10.0,12.0,15,1.39,0.48,1.2676901408450834,6390,0.0665624999999984,40,40,1.0,SIN-166571436-2|qp10
2.0,50.0,10.0,12.0,27,1.39,0.48,1.303869969040225,6137,0.0639270833333334,40,40,1.0,SIN-166571436-2|qp10
2.0,50.0,24.0,12.0,9,1.39,0.48,1.1416352201257145,17013,0.1772187500000004,96,93,0.96875,SIN-166571436-2|qp24
2.0,50.0,24.0,12.0,21,1.39,0.48,1.169580596565295,16595,0.1728645833333302,96,94,0.9791666666666666,SIN-166571436-2|qp24
2.0,50.0,10.0,12.0,3,1.39,0.48,1.1914367647059056,6800,0.0708333333333331,40,41,1.025,SIN-166571436-3|qp10
2.0,50.0,10.0,12.0,15,1.39,0.48,1.242140695915286,6610,0.0688541666666656,40,41,1.025,SIN-166571436-3|qp10
2.0,50.0,10.0,12.0,27,1.39,0.48,1.2258608616227435,6569,0.0684270833333321,40,39,0.975,SIN-166571436-3|qp10
1.8,50.0,22.0,12.0,9,1.39,0.48,1.2361639783052394,14197,0.1643171296296321,88,86,0.9772727272727272,SIN-170969415-0|qp22
1.8,50.0,22.0,12.0,21,1.39,0.48,1.1775304576884993,15185,0.1757523148148218,88,87,0.9886363636363636,SIN-170969415-0|qp22
1.8,50.0,9.0,12.0,3,1.39,0.48,1.2133963504849636,6083,0.0704050925925921,36,36,1.0,SIN-170969415-0|qp9
1.8,50.0,9.0,12.0,15,1.39,0.48,1.2666281476371304,5798,0.0671064814814806,36,36,1.0,SIN-170969415-0|qp9
1.8,50.0,9.0,12.0,27,1.39,0.48,1.3171894353369789,5490,0.0635416666666657,36,36,1.0,SIN-170969415-0|qp9
2.0,50.0,10.0,12.0,9,1.39,0.48,1.2329814702308242,6584,0.0685833333333334,40,39,0.975,SIN-190681368-0|qp10
2.0,50.0,10.0,12.0,21,1.39,0.48,1.2260000000000315,6635,0.069114583333333,40,41,1.025,SIN-190681368-0|qp10
2.0,50.0,10.0,12.0,3,1.39,0.48,1.211121467227936,6652,0.0692916666666666,40,40,1.0,SIN-197634752-1|qp10
2.0,50.0,10.0,12.0,15,1.39,0.48,1.2143059657413005,6772,0.0705416666666667,40,41,1.025,SIN-197634752-1|qp10
2.0,50.0,10.0,12.0,27,1.39,0.48,1.2467143523557485,6431,0.0669895833333328,40,39,0.975,SIN-197634752-1|qp10
2.0,50.0,10.0,12.0,9,1.39,0.48,1.1960553172607251,6761,0.0704270833333336,40,39,0.975,SIN-198571185-1|qp10
2.0,50.0,10.0,12.0,21,1.39,0.48,1.226534981905931,6632,0.0690833333333325,40,42,1.05,SIN-198571185-1|qp10
2.0,50.0,24.0,12.0,3,1.39,0.48,1.0755195518453389,18208,0.1896666666666685,96,97,1.0104166666666667,SIN-198571185-1|qp24
2.0,50.0,24.0,12.0,15,1.39,0.48,1.1786485324818654,16286,0.169645833333333,96,97,1.0104166666666667,SIN-198571185-1|qp24
2.0,50.0,24.0,12.0,27,1.39,0.48,1.071032396457838,18181,0.1893854166666665,96,94,0.9791666666666666,SIN-198571185-1|qp24
2.0,50.0,10.0,12.0,9,1.39,0.48,1.2113769953751743,6703,0.0698229166666669,40,41,1.025,SIN-198571185-2|qp10
2.0,50.0,10.0,12.0,21,1.39,0.48,1.1989591685226593,6735,0.0701562499999989,40,41,1.025,SIN-198571185-2|qp10
2.0,50.0,10.0,12.0,3,1.39,0.48,1.1690614981055294,6862,0.0714791666666656,40,41,1.025,SIN-198571185-3|qp10
2.0,50.0,10.0,12.0,15,1.39,0.48,1.2651151571739772,6426,0.0669374999999989,40,40,1.0,SIN-198571185-3|qp10
2.0,50.0,10.0,12.0,27,1.39,0.48,1.3239967213114332,6100,0.0635416666666668,40,41,1.025,SIN-198571185-3|qp10
2.0,50.0,24.0,12.0,9,1.39,0.48,1.0416957605984496,18847,0.1963229166666681,96,91,0.9479166666666666,SIN-198571185-3|qp24
2.0,50.0,24.0,12.0,21,1.39,0.48,1.084829602405643,17958,0.1870625000000001,96,93,0.96875,SIN-198571185-3|qp24
2.0,50.0,10.0,12.0,3,1.39,0.48,1.1728069917744113,6808,0.0709166666666657,40,40,1.0,SIN-200167221-1|qp10
2.0,50.0,10.0,12.0,15,1.39,0.48,1.2376629859325454,6611,0.0688645833333326,40,41,1.025,SIN-200167221-1|qp10
2.0,50.0,10.0,12.0,27,1.39,0.48,1.266016093404826,6338,0.0660208333333334,40,40,1.0,SIN-200167221-1|qp10
2.0,50.0,10.0,12.0,9,1.39,0.48,1.234812641083488,6645,0.0692187499999995,38,39,1.0263157894736843,SIN-200171267-0|qp10
2.0,50.0,10.0,12.0,21,1.39,0.48,1.1569953514579732,7099,0.0739479166666657,40,39,0.975,SIN-200171267-0|qp10
2.0,50.0,10.0,12.0,3,1.39,0.48,1.1384074384787697,7152,0.074499999999999,40,40,1.0,SIN-200171267-2|qp10
2.0,50.0,10.0,12.0,15,1.39,0.48,1.1665897764488269,7023,0.0731562499999989,40,41,1.025,SIN-200171267-2|qp10
2.0,50.0,10.0,12.0,27,1.39,0.48,1.1977792302105863,6885,0.071718749999999,40,39,0.975,SIN-200171267-2|qp10
2.0,50.0,10.0,12.0,9,1.39,0.48,1.185930773705616,6876,0.0716249999999998,40,39,0.975,SIN-200171268-0|qp10
2.0,50.0,10.0,12.0,21,1.39,0.48,1.150529970242336,7057,0.0735104166666652,40,42,1.05,SIN-200171268-0|qp10
2.0,50.0,24.0,12.0,3,1.39,0.48,1.0353448095982931,19170,0.1996874999999985,96,97,1.0104166666666667,SIN-200171268-0|qp24
2.0,50.0,24.0,12.0,15,1.39,0.48,1.0724857746707432,18453,0.1922187499999991,96,99,1.03125,SIN-200171268-0|qp24
2.0,50.0,24.0,12.0,27,1.39,0.48,1.061318793753398,18570,0.1934375000000002,96,96,1.0,SIN-200171268-0|qp24
2.0,50.0,10.0,12.0,9,1.39,0.48,1.2198388554216535,6640,0.0691666666666669,40,40,1.0,SIN-200171268-4|qp10
2.0,50.0,10.0,12.0,21,1.39,0.48,1.1583044096728494,7030,0.0732291666666652,40,41,1.025,SIN-200171268-4|qp10
2.0,50.0,24.0,12.0,3,1.39,0.48,0.4901890964760582,35273,0.3674270833333324,46,61,1.326086956521739,SIN-200171268-4|qp24
2.0,50.0,24.0,12.0,15,1.39,0.48,1.09481618471191,17844,0.1858749999999996,96,98,1.0208333333333333,SIN-200171268-4|qp24
2.0,50.0,24.0,12.0,27,1.39,0.48,1.0907515853322478,18135,0.1889062500000002,96,94,0.9791666666666666,SIN-200171268-4|qp24
1.8,50.0,27.0,12.0,9,1.39,0.48,1.1144862838643714,5869,0.0679282407407401,108,108,1.0,SIN-22811728-0|qp27
1.8,50.0,27.0,12.0,21,1.39,0.48,1.111963833023507,5917,0.0684837962962957,108,110,1.0185185185185186,SIN-22811728-0|qp27
1.8,50.0,9.0,12.0,3,1.39,0.48,1.1374423963133742,6510,0.0753472222222217,36,36,1.0,SIN-22928582-0|qp9
1.8,50.0,9.0,12.0,15,1.39,0.48,1.1845860794084646,6221,0.0720023148148148,36,36,1.0,SIN-22928582-0|qp9
1.8,50.0,9.0,12.0,27,1.39,0.48,1.2108298823919177,6037,0.0698726851851846,36,35,0.9722222222222222,SIN-22928582-0|qp9
1.8,50.0,22.0,12.0,9,1.39,0.48,1.1137344398339937,15906,0.1840972222222299,88,88,1.0,SIN-22928582-1|qp22
1.8,50.0,22.0,12.0,21,1.39,0.48,1.181791273114268,15034,0.1740046296296335,88,86,0.9772727272727272,SIN-22928582-1|qp22
1.8,50.0,9.0,12.0,3,1.39,0.48,1.1862654271517985,6239,0.0722106481481474,36,36,1.0,SIN-22928582-1|qp9
1.8,50.0,9.0,12.0,15,1.39,0.48,1.1973401826484118,6132,0.0709722222222218,36,37,1.0277777777777777,SIN-22928582-1|qp9
1.8,50.0,9.0,12.0,27,1.39,0.48,1.1930213598565118,6133,0.070983796296295,36,36,1.0,SIN-22928582-1|qp9
1.8,50.0,9.0,12.0,9,1.39,0.48,1.190575644559744,6167,0.0713773148148136,36,36,1.0,SIN-22928582-2|qp9
1.8,50.0,9.0,12.0,21,1.39,0.48,1.1270648516366086,6538,0.0756712962962958,36,37,1.0277777777777777,SIN-22928582-2|qp9
3.0,50.0,15.0,12.0,3,1.39,0.48,1.0131034482758912,12006,0.0833749999999989,60,61,1.0166666666666666,SIN-546209379-0|qp15
3.0,50.0,15.0,12.0,15,1.39,0.48,0.977638034358788,12515,0.0869097222222224,60,59,0.9833333333333332,SIN-546209379-0|qp15
3.0,50.0,15.0,12.0,27,1.39,0.48,0.9418644961941464,13269,0.0921458333333333,60,61,1.0166666666666666,SIN-546209379-0|qp15
3.0,50.0,15.0,12.0,9,1.39,0.48,1.323613703744425,9107,0.0632430555555546,60,61,1.0166666666666666,SIN-546209379-1|qp15
3.0,50.0,15.0,12.0,21,1.39,0.48,1.2943636363636335,9295,0.06454861111111,60,61,1.0166666666666666,SIN-546209379-1|qp15
3.0,50.0,36.0,12.0,3,1.39,0.48,1.2062412153348263,23763,0.1650208333333332,144,148,1.0277777777777777,SIN-546209379-1|qp36
3.0,50.0,36.0,12.0,15,1.39,0.48,1.2028081214867852,23838,0.1655416666666665,144,140,0.9722222222222222,SIN-546209379-1|qp36
3.0,50.0,36.0,12.0,27,1.39,0.48,1.1965587594093456,24311,0.1688263888888882,144,142,0.9861111111111112,SIN-546209379-1|qp36
3.0,50.0,15.0,12.0,9,1.39,0.48,1.3180851063830346,9165,0.0636458333333321,60,61,1.0166666666666666,SIN-546209379-2|qp15
3.0,50.0,15.0,12.0,21,1.39,0.48,1.2896133661775613,9337,0.0648402777777767,60,61,1.0166666666666666,SIN-546209379-2|qp15
3.0,50.0,36.0,12.0,3,1.39,0.48,1.188846742502608,24175,0.1678819444444435,144,147,1.0208333333333333,SIN-546209379-2|qp36
3.0,50.0,36.0,12.0,15,1.39,0.48,1.1999216144097324,23984,0.1665555555555557,144,142,0.9861111111111112,SIN-546209379-2|qp36
3.0,50.0,36.0,12.0,27,1.39,0.48,1.206422699102066,23719,0.1647152777777769,144,141,0.9791666666666666,SIN-546209379-2|qp36
1.8,50.0,9.0,12.0,9,1.39,0.48,1.2541390671059374,5767,0.0667476851851841,36,36,1.0,SIN-74587409-1|qp9
1.8,50.0,9.0,12.0,21,1.39,0.48,1.2049020253581642,6073,0.0702893518518529,36,36,1.0,SIN-74587409-1|qp9
1.8,50.0,9.0,12.0,3,1.39,0.48,1.1417154420921651,6424,0.0743518518518517,36,37,1.0277777777777777,SIN-74587409-2|qp9
1.8,50.0,9.0,12.0,15,1.39,0.48,1.1555032288549447,6349,0.0734837962962963,36,36,1.0,SIN-74587409-2|qp9
1.8,50.0,9.0,12.0,27,1.39,0.48,1.2229598775926496,5882,0.0680787037037034,36,35,0.9722222222222222,SIN-74587409-2|qp9
2.5,50.0,12.0,12.0,9,1.39,0.48,1.2901902949571828,7357,0.0613083333333338,48,48,1.0,TYO-1323228545-3|qp12
2.5,50.0,12.0,12.0,21,1.39,0.48,1.2940913314748774,7533,0.0627750000000005,48,49,1.0208333333333333,TYO-1323228545-3|qp12
2.5,50.0,30.0,12.0,3,1.39,0.48,1.0814650567799535,22279,0.1856583333333363,120,117,0.975,TYO-1323228545-3|qp30
2.5,50.0,30.0,12.0,15,1.39,0.48,1.226785168584997,19634,0.1636166666666677,120,120,1.0,TYO-1323228545-3|qp30
2.5,50.0,30.0,12.0,27,1.39,0.48,0.9389712592130472,25643,0.2136916666666702,120,115,0.9583333333333334,TYO-1323228545-3|qp30
1.2,50.0,14.0,12.0,10,1.39,0.48,1.2268651832460862,9168,0.1591666666666681,56,58,1.0357142857142858,AMS-244428233-0|qp14
1.2,50.0,14.0,12.0,22,1.39,0.48,1.2469908378408143,9059,0.1572743055555562,56,55,0.9821428571428572,AMS-244428233-0|qp14
1.2,50.0,6.0,12.0,4,1.39,0.48,1.2763256674596777,3783,0.0656770833333336,24,22,0.9166666666666666,AMS-244428233-0|qp6
1.2,50.0,6.0,12.0,16,1.39,0.48,1.333234643054793,3614,0.0627430555555556,24,24,1.0,AMS-244428233-0|qp6
1.2,50.0,6.0,12.0,28,1.39,0.48,1.292239872915006,3777,0.0655729166666667,24,24,1.0,AMS-244428233-0|qp6
2.5,50.0,12.0,12.0,10,1.39,0.48,1.260085558724408,3857,0.032141666666667,48,49,1.0208333333333333,AMS-4480498-0|qp12
2.5,50.0,12.0,12.0,22,1.39,0.48,1.268276673640199,3824,0.031866666666667,48,48,1.0,AMS-4480498-0|qp12
2.5,50.0,30.0,12.0,4,1.39,0.48,1.206674896306535,10126,0.0843833333333346,120,121,1.0083333333333333,AMS-4480498-0|qp30
2.5,50.0,30.0,12.0,16,1.39,0.48,1.2089963304572096,10083,0.0840250000000013,120,122,1.0166666666666666,AMS-4480498-0|qp30
2.5,50.0,30.0,12.0,28,1.39,0.48,1.197883895131076,10146,0.0845500000000016,120,120,1.0,AMS-4480498-0|qp30
3.6,50.0,18.0,12.0,10,1.39,0.48,1.116897356143105,12860,0.0744212962962985,72,70,0.9722222222222222,AMS-4480626-0|qp18
3.6,50.0,18.0,12.0,22,1.39,0.48,1.1855481561641497,12013,0.0695196759259271,72,71,0.9861111111111112,AMS-4480626-0|qp18
3.6,50.0,18.0,12.0,4,1.39,0.48,1.337231643682408,10732,0.0621064814814818,72,73,1.0138888888888888,AMS-4480644-0|qp18
3.6,50.0,18.0,12.0,16,1.39,0.48,1.3243320316047027,11011,0.0637210648148147,72,70,0.9722222222222222,AMS-4480644-0|qp18
3.6,50.0,18.0,12.0,28,1.39,0.48,1.2774451783355674,11355,0.065711805555555,72,71,0.9861111111111112,AMS-4480644-0|qp18
3.6,50.0,43.0,12.0,10,1.39,0.48,1.173497596557987,29749,0.1721585648148148,172,171,0.994186046511628,AMS-4480644-0|qp43
3.6,50.0,43.0,12.0,22,1.39,0.48,1.1416557755775825,30300,0.1753472222222203,172,169,0.9825581395348836,AMS-4480644-0|qp43
2.5,50.0,12.0,12.0,4,1.39,0.48,1.2767222222222403,7560,0.0630000000000016,48,49,1.0208333333333333,AMS-4495978-0|qp12
2.5,50.0,12.0,12.0,16,1.39,0.48,1.296398333557331,7441,0.0620083333333344,48,47,0.9791666666666666,AMS-4495978-0|qp12
2.5,50.0,12.0,12.0,28,1.39,0.48,1.3032852715267589,7421,0.0618416666666677,48,47,0.9791666666666666,AMS-4495978-0|qp12
2.5,50.0,30.0,12.0,10,1.39,0.48,1.173177073265098,20692,0.1724333333333353,120,116,0.9666666666666668,AMS-4495978-0|qp30
2.5,50.0,30.0,12.0,22,1.39,0.48,1.1974194198227197,19856,0.1654666666666678,120,120,1.0,AMS-4495978-0|qp30
2.5,50.0,12.0,12.0,4,1.39,0.48,1.109335521996066,7615,0.0634583333333345,48,48,1.0,AMS-4495979-0|qp12
2.5,50.0,12.0,12.0,16,1.39,0.48,1.1284398671096243,7525,0.0627083333333343,48,49,1.0208333333333333,AMS-4495979-0|qp12
2.5,50.0,12.0,12.0,28,1.39,0.48,1.120447058823539,7650,0.063750000000001,48,48,1.0,AMS-4495979-0|qp12
2.5,50.0,12.0,12.0,10,1.39,0.48,1.0974388379204838,9156,0.0763000000000014,48,48,1.0,AMS-4496429-0|qp12
2.5,50.0,12.0,12.0,22,1.39,0.48,1.130380271952072,8678,0.0723166666666686,48,49,1.0208333333333333,AMS-4496429-0|qp12
2.5,50.0,12.0,12.0,4,1.39,0.48,1.297035487788447,7411,0.0617583333333343,48,49,1.0208333333333333,AMS-7370864-0|qp12
2.5,50.0,12.0,12.0,16,1.39,0.48,1.3099333061113545,7347,0.0612250000000011,48,48,1.0,AMS-7370864-0|qp12
2.5,50.0,12.0,12.0,28,1.39,0.48,1.3136056184372065,7333,0.0611083333333339,48,48,1.0,AMS-7370864-0|qp12
2.5,50.0,30.0,12.0,10,1.39,0.48,1.201061687989737,20166,0.1680500000000008,120,118,0.9833333333333332,AMS-7370864-0|qp30
2.5,50.0,30.0,12.0,22,1.39,0.48,1.22661449245617,19486,0.1623833333333348,120,119,0.9916666666666668,AMS-7370864-0|qp30
2.5,50.0,38.0,12.0,4,1.39,0.48,1.163644863365034,26311,0.2192583333333393,152,153,1.006578947368421,LON-4082553-0|qp38
2.5,50.0,38.0,12.0,16,1.39,0.48,1.1992578417833906,25345,0.211208333333338,152,153,1.006578947368421,LON-4082553-0|qp38
2.5,50.0,38.0,12.0,28,1.39,0.48,1.1645588291344666,26237,0.2186416666666716,152,152,1.0,LON-4082553-0|qp38
2.5,50.0,38.0,12.0,10,1.39,0.48,1.1087599404480828,27539,0.229491666666672,152,153,1.006578947368421,LON-4082554-0|qp38
2.5,50.0,38.0,12.0,22,1.39,0.48,1.1582587367380568,26297,0.2191416666666659,152,152,1.0,LON-4082554-0|qp38
2.5,50.0,38.0,12.0,4,1.39,0.48,1.179708133601237,25868,0.2155666666666691,152,152,1.0,LON-4082592-0|qp38
2.5,50.0,38.0,12.0,16,1.39,0.48,1.1894500962332004,25459,0.2121583333333374,152,150,0.986842105263158,LON-4082592-0|qp38
2.5,50.0,38.0,12.0,28,1.39,0.48,1.1573025149881349,26521,0.2210083333333344,152,151,0.993421052631579,LON-4082592-0|qp38
2.0,50.0,10.0,12.0,10,1.39,0.48,1.189930069930053,2717,0.0283020833333326,40,41,1.025,SIN-131164229-0|qp10
2.0,50.0,10.0,12.0,22,1.39,0.48,1.2309267734553868,2622,0.0273124999999991,40,40,1.0,SIN-131164229-0|qp10
2.0,50.0,24.0,12.0,4,1.39,0.48,1.167850850546791,6584,0.0685833333333323,96,96,1.0,SIN-131164229-0|qp24
2.0,50.0,24.0,12.0,16,1.39,0.48,1.1667107262230123,6582,0.068562499999999,96,95,0.9895833333333334,SIN-131164229-0|qp24
2.0,50.0,24.0,12.0,28,1.39,0.48,1.1608373566686767,6628,0.0690416666666656,96,97,1.0104166666666667,SIN-131164229-0|qp24
1.8,50.0,9.0,12.0,10,1.39,0.48,1.1641440434365968,6262,0.0724768518518514,36,37,1.0277777777777777,SIN-139715353-1|qp9
1.8,50.0,9.0,12.0,22,1.39,0.48,1.1913661379087102,6178,0.0715046296296292,36,37,1.0277777777777777,SIN-139715353-1|qp9
3.0,50.0,15.0,12.0,4,1.39,0.48,1.1994893951295913,10184,0.0707222222222216,60,59,0.9833333333333332,SIN-1464509030-0|qp15
3.0,50.0,15.0,12.0,16,1.39,0.48,1.2143683683683273,9990,0.0693749999999996,60,58,0.9666666666666668,SIN-1464509030-0|qp15
3.0,50.0,15.0,12.0,28,1.39,0.48,1.1847432928005908,10362,0.0719583333333326,60,58,0.9666666666666668,SIN-1464509030-0|qp15
3.0,50.0,36.0,12.0,10,1.39,0.48,1.0772304572270937,27120,0.1883333333333317,144,142,0.9861111111111112,SIN-1464509030-0|qp36
3.0,50.0,36.0,12.0,22,1.39,0.48,1.0903459649911875,26679,0.1852708333333297,144,142,0.9861111111111112,SIN-1464509030-0|qp36
2.0,50.0,10.0,12.0,4,1.39,0.48,1.3192822105951485,6116,0.0637083333333333,40,41,1.025,SIN-166571436-2|qp10
2.0,50.0,10.0,12.0,16,1.39,0.48,1.2418424689083272,6513,0.0678437500000004,40,40,1.0,SIN-166571436-2|qp10
2.0,50.0,10.0,12.0,28,1.39,0.48,1.3270278330020082,6036,0.0628749999999991,40,41,1.025,SIN-166571436-2|qp10
2.0,50.0,24.0,12.0,10,1.39,0.48,1.2131142459514583,15808,0.1646666666666658,96,96,1.0,SIN-166571436-2|qp24
2.0,50.0,24.0,12.0,22,1.39,0.48,1.3252357251486129,14466,0.1506874999999997,96,96,1.0,SIN-166571436-2|qp24
2.0,50.0,10.0,12.0,4,1.39,0.48,1.2406491941557474,6639,0.0691562499999996,40,41,1.025,SIN-166571436-3|qp10
2.0,50.0,10.0,12.0,16,1.39,0.48,1.2364413030116692,6508,0.0677916666666657,40,39,0.975,SIN-166571436-3|qp10
2.0,50.0,10.0,12.0,28,1.39,0.48,1.1972429494712205,6808,0.0709166666666657,40,40,1.0,SIN-166571436-3|qp10
1.8,50.0,22.0,12.0,10,1.39,0.48,1.20941272876266,14644,0.1694907407407448,88,88,1.0,SIN-170969415-0|qp22
1.8,50.0,22.0,12.0,22,1.39,0.48,1.287622731545131,13831,0.1600810185185232,88,90,1.0227272727272727,SIN-170969415-0|qp22
1.8,50.0,9.0,12.0,4,1.39,0.48,1.2942433339219577,5663,0.0655439814814804,36,36,1.0,SIN-170969415-0|qp9
1.8,50.0,9.0,12.0,16,1.39,0.48,1.2698184961106116,5785,0.0669560185185175,36,35,0.9722222222222222,SIN-170969415-0|qp9
1.8,50.0,9.0,12.0,28,1.39,0.48,1.2698465337801954,5669,0.0656134259259255,36,37,1.0277777777777777,SIN-170969415-0|qp9
2.0,50.0,10.0,12.0,10,1.39,0.48,1.2007304710792976,6708,0.0698749999999999,40,40,1.0,SIN-190681368-0|qp10
2.0,50.0,10.0,12.0,22,1.39,0.48,1.2787780073096948,6293,0.0655520833333328,40,39,0.975,SIN-190681368-0|qp10
2.0,50.0,10.0,12.0,4,1.39,0.48,1.234933394579697,6531,0.0680312499999997,40,41,1.025,SIN-197634752-1|qp10
2.0,50.0,10.0,12.0,16,1.39,0.48,1.259589998446946,6439,0.0670729166666664,40,40,1.0,SIN-197634752-1|qp10
2.0,50.0,10.0,12.0,28,1.39,0.48,1.2077308388654222,6628,0.0690416666666654,40,40,1.0,SIN-197634752-1|qp10
2.0,50.0,10.0,12.0,10,1.39,0.48,1.2323098075160317,6546,0.0681874999999984,40,40,1.0,SIN-198571185-1|qp10
2.0,50.0,10.0,12.0,22,1.39,0.48,1.2296593673965843,6576,0.068499999999999,40,39,0.975,SIN-198571185-1|qp10
2.0,50.0,24.0,12.0,4,1.39,0.48,1.0914015025964046,18102,0.1885624999999985,96,95,0.9895833333333334,SIN-198571185-1|qp24
2.0,50.0,24.0,12.0,16,1.39,0.48,0.1989226416845238,64686,0.6738125,7,24,3.4285714285714284,SIN-198571185-1|qp24
2.0,50.0,24.0,12.0,28,1.39,0.48,1.0688354122971573,18118,0.1887291666666658,96,95,0.9895833333333334,SIN-198571185-1|qp24
2.0,50.0,10.0,12.0,10,1.39,0.48,1.2143046653748573,6709,0.0698854166666652,40,40,1.0,SIN-198571185-2|qp10
2.0,50.0,10.0,12.0,22,1.39,0.48,1.2203861236802331,6630,0.0690624999999988,40,39,0.975,SIN-198571185-2|qp10
2.0,50.0,10.0,12.0,4,1.39,0.48,1.2345817403272692,6539,0.0681145833333325,40,40,1.0,SIN-198571185-3|qp10
2.0,50.0,10.0,12.0,16,1.39,0.48,1.2492736486486342,6512,0.0678333333333337,40,40,1.0,SIN-198571185-3|qp10
2.0,50.0,10.0,12.0,28,1.39,0.48,1.2900578871201218,6219,0.0647812499999988,40,40,1.0,SIN-198571185-3|qp10
2.0,50.0,24.0,12.0,10,1.39,0.48,1.0923553789384253,17615,0.1834895833333331,96,93,0.96875,SIN-198571185-3|qp24
2.0,50.0,24.0,12.0,22,1.39,0.48,1.1395693104259792,16996,0.1770416666666659,96,96,1.0,SIN-198571185-3|qp24
2.0,50.0,10.0,12.0,4,1.39,0.48,1.256499922081961,6417,0.0668437499999993,40,41,1.025,SIN-200167221-1|qp10
2.0,50.0,10.0,12.0,16,1.39,0.48,1.2549745958429517,6495,0.0676562499999994,40,39,0.975,SIN-200167221-1|qp10
2.0,50.0,10.0,12.0,28,1.39,0.48,1.225559265442401,6589,0.0686354166666651,40,41,1.025,SIN-200167221-1|qp10
2.0,50.0,10.0,12.0,10,1.39,0.48,1.2312077587513273,6599,0.0687395833333342,38,41,1.0789473684210529,SIN-200171267-0|qp10
2.0,50.0,10.0,12.0,22,1.39,0.48,1.168737244897951,7056,0.0734999999999988,38,39,1.0263157894736843,SIN-200171267-0|qp10
2.0,50.0,10.0,12.0,4,1.39,0.48,1.2075620867009491,6805,0.0708854166666659,40,40,1.0,SIN-200171267-2|qp10
2.0,50.0,10.0,12.0,16,1.39,0.48,1.2320586893720404,6577,0.068510416666667,40,40,1.0,SIN-200171267-2|qp10
2.0,50.0,10.0,12.0,28,1.39,0.48,1.188399189463028,6909,0.0719687499999982,40,40,1.0,SIN-200171267-2|qp10
2.0,50.0,10.0,12.0,10,1.39,0.48,1.1566558349816265,7078,0.0737291666666651,40,41,1.025,SIN-200171268-0|qp10
2.0,50.0,10.0,12.0,22,1.39,0.48,1.1966481832773903,6853,0.0713854166666662,40,40,1.0,SIN-200171268-0|qp10
2.0,50.0,24.0,12.0,4,1.39,0.48,1.06763304338429,18509,0.1928020833333337,96,94,0.9791666666666666,SIN-200171268-0|qp24
2.0,50.0,24.0,12.0,16,1.39,0.48,1.0900788182770649,18143,0.1889895833333328,96,96,1.0,SIN-200171268-0|qp24
2.0,50.0,24.0,12.0,28,1.39,0.48,1.081633929551164,18226,0.1898541666666665,96,96,1.0,SIN-200171268-0|qp24
2.0,50.0,10.0,12.0,10,1.39,0.48,1.2177604717979724,6613,0.0688854166666664,40,41,1.025,SIN-200171268-4|qp10
2.0,50.0,10.0,12.0,22,1.39,0.48,1.2423042948522642,6566,0.0683958333333322,40,38,0.95,SIN-200171268-4|qp10
2.0,50.0,24.0,12.0,4,1.39,0.48,1.0690210589323603,18377,0.1914270833333335,96,94,0.9791666666666666,SIN-200171268-4|qp24
2.0,50.0,24.0,12.0,16,1.39,0.48,1.141883693746435,17110,0.1782291666666677,96,97,1.0104166666666667,SIN-200171268-4|qp24
2.0,50.0,24.0,12.0,28,1.39,0.48,1.0457002287112422,18801,0.1958437499999997,96,95,0.9895833333333334,SIN-200171268-4|qp24
1.8,50.0,27.0,12.0,10,1.39,0.48,1.079541984732815,6157,0.0712615740740736,108,108,1.0,SIN-22811728-0|qp27
1.8,50.0,27.0,12.0,22,1.39,0.48,1.1022328308207785,5970,0.0690972222222214,108,109,1.0092592592592593,SIN-22811728-0|qp27
1.8,50.0,9.0,12.0,4,1.39,0.48,1.1976088703197885,6223,0.0720254629629618,36,36,1.0,SIN-22928582-0|qp9
1.8,50.0,9.0,12.0,16,1.39,0.48,1.155912785245374,6398,0.0740509259259255,36,35,0.9722222222222222,SIN-22928582-0|qp9
1.8,50.0,9.0,12.0,28,1.39,0.48,1.2084804582210171,5936,0.0687037037037038,36,37,1.0277777777777777,SIN-22928582-0|qp9
1.8,50.0,22.0,12.0,10,1.39,0.48,1.221567004621044,14499,0.1678125000000049,88,86,0.9772727272727272,SIN-22928582-1|qp22
1.8,50.0,22.0,12.0,22,1.39,0.48,1.0850390484200456,16646,0.1926620370370442,88,88,1.0,SIN-22928582-1|qp22
1.8,50.0,9.0,12.0,4,1.39,0.48,1.2421533824514517,5972,0.0691203703703709,36,36,1.0,SIN-22928582-1|qp9
1.8,50.0,9.0,12.0,16,1.39,0.48,1.1863991603423074,6193,0.0716782407407399,36,35,0.9722222222222222,SIN-22928582-1|qp9
1.8,50.0,9.0,12.0,28,1.39,0.48,1.1261860320422994,6429,0.0744097222222221,36,37,1.0277777777777777,SIN-22928582-1|qp9
1.8,50.0,9.0,12.0,10,1.39,0.48,1.178523382447145,6244,0.0722685185185189,36,37,1.0277777777777777,SIN-22928582-2|qp9
1.8,50.0,9.0,12.0,22,1.39,0.48,1.181300175915562,6253,0.0723726851851843,36,37,1.0277777777777777,SIN-22928582-2|qp9
3.0,50.0,15.0,12.0,4,1.39,0.48,1.0330405405405143,11988,0.0832499999999996,60,62,1.0333333333333334,SIN-546209379-0|qp15
3.0,50.0,15.0,12.0,16,1.39,0.48,0.967600500547439,12786,0.0887916666666674,60,60,1.0,SIN-546209379-0|qp15
3.0,50.0,15.0,12.0,28,1.39,0.48,0.9809228214455225,12646,0.0878194444444439,60,61,1.0166666666666666,SIN-546209379-0|qp15
3.0,50.0,15.0,12.0,10,1.39,0.48,1.286683843263606,9315,0.0646874999999991,60,59,0.9833333333333332,SIN-546209379-1|qp15
3.0,50.0,15.0,12.0,22,1.39,0.48,1.3251073670300078,9081,0.0630624999999989,60,60,1.0,SIN-546209379-1|qp15
3.0,50.0,36.0,12.0,4,1.39,0.48,1.2330484330482872,23517,0.1633124999999992,144,140,0.9722222222222222,SIN-546209379-1|qp36
3.0,50.0,36.0,12.0,16,1.39,0.48,1.2309076548692126,23423,0.1626597222222228,144,146,1.0138888888888888,SIN-546209379-1|qp36
3.0,50.0,36.0,12.0,28,1.39,0.48,1.213303926077699,23917,0.1660902777777752,144,142,0.9861111111111112,SIN-546209379-1|qp36
3.0,50.0,15.0,12.0,10,1.39,0.48,1.2958621062886149,9239,0.0641597222222211,60,59,0.9833333333333332,SIN-546209379-2|qp15
3.0,50.0,15.0,12.0,22,1.39,0.48,1.3295568358076049,9026,0.0626805555555543,60,60,1.0,SIN-546209379-2|qp15
3.0,50.0,36.0,12.0,4,1.39,0.48,1.2200172638846165,23749,0.1649236111111106,144,139,0.9652777777777778,SIN-546209379-2|qp36
3.0,50.0,36.0,12.0,16,1.39,0.48,1.2190649218651952,23613,0.163979166666667,144,146,1.0138888888888888,SIN-546209379-2|qp36
3.0,50.0,36.0,12.0,28,1.39,0.48,1.2028187056921646,24121,0.1675069444444416,144,144,1.0,SIN-546209379-2|qp36
1.8,50.0,9.0,12.0,10,1.39,0.48,1.2036547048122954,6047,0.0699884259259252,36,36,1.0,SIN-74587409-1|qp9
1.8,50.0,9.0,12.0,22,1.39,0.48,1.2481334705781446,5829,0.0674652777777778,36,37,1.0277777777777777,SIN-74587409-1|qp9
1.8,50.0,9.0,12.0,4,1.39,0.48,1.2197167325428298,6072,0.0702777777777771,36,35,0.9722222222222222,SIN-74587409-2|qp9
1.8,50.0,9.0,12.0,16,1.39,0.48,1.2400511334583115,5867,0.0679050925925913,36,36,1.0,SIN-74587409-2|qp9
1.8,50.0,9.0,12.0,28,1.39,0.48,1.230001731601715,5775,0.0668402777777775,36,36,1.0,SIN-74587409-2|qp9
2.5,50.0,12.0,12.0,10,1.39,0.48,1.2863173255505431,7538,0.062816666666668,48,48,1.0,TYO-1323228545-3|qp12
2.5,50.0,12.0,12.0,22,1.39,0.48,1.3313238345552814,7229,0.060241666666668,48,50,1.0416666666666667,TYO-1323228545-3|qp12
2.5,50.0,30.0,12.0,4,1.39,0.48,1.1953265458156723,20135,0.1677916666666683,120,118,0.9833333333333332,TYO-1323228545-3|qp30
2.5,50.0,30.0,12.0,16,1.39,0.48,1.2765496297085803,18769,0.1564083333333338,120,123,1.025,TYO-1323228545-3|qp30
2.5,50.0,30.0,12.0,28,1.39,0.48,1.0110979165787088,23663,0.1971916666666706,120,116,0.9666666666666668,TYO-1323228545-3|qp30
1.2,50.0,14.0,12.0,11,1.39,0.48,1.2556264669721673,8947,0.1553298611111132,56,55,0.9821428571428572,AMS-244428233-0|qp14
1.2,50.0,14.0,12.0,23,1.39,0.48,1.207686928456128,9295,0.1613715277777801,56,57,1.0178571428571428,AMS-244428233-0|qp14
1.2,50.0,6.0,12.0,5,1.39,0.48,1.3480680539932484,3556,0.0617361111111114,24,24,1.0,AMS-244428233-0|qp6
1.2,50.0,6.0,12.0,17,1.39,0.48,1.3208055995774084,3786,0.0657291666666665,24,23,0.9583333333333334,AMS-244428233-0|qp6
1.2,50.0,6.0,12.0,29,1.39,0.48,1.3504662333993107,3539,0.0614409722222225,24,24,1.0,AMS-244428233-0|qp6
2.5,50.0,12.0,12.0,11,1.39,0.48,1.2729128500392377,3821,0.031841666666667,48,48,1.0,AMS-4480498-0|qp12
2.5,50.0,12.0,12.0,23,1.39,0.48,1.2572344275006224,3869,0.0322416666666672,48,48,1.0,AMS-4480498-0|qp12
2.5,50.0,30.0,12.0,5,1.39,0.48,1.1938604378420656,10232,0.0852666666666682,120,120,1.0,AMS-4480498-0|qp30
2.5,50.0,30.0,12.0,17,1.39,0.48,1.183125794155046,10231,0.0852583333333349,120,119,0.9916666666666668,AMS-4480498-0|qp30
2.5,50.0,30.0,12.0,29,1.39,0.48,1.1824258629071704,10285,0.085708333333334,120,120,1.0,AMS-4480498-0|qp30
3.6,50.0,18.0,12.0,11,1.39,0.48,1.1810959470636455,12090,0.069965277777779,72,72,1.0,AMS-4480626-0|qp18
3.6,50.0,18.0,12.0,23,1.39,0.48,1.112925338491327,12925,0.0747974537037055,72,71,0.9861111111111112,AMS-4480626-0|qp18
3.6,50.0,18.0,12.0,5,1.39,0.48,1.3011596440247988,11012,0.063726851851852,72,71,0.9861111111111112,AMS-4480644-0|qp18
3.6,50.0,18.0,12.0,17,1.39,0.48,1.323452315577543,10926,0.0632291666666663,72,73,1.0138888888888888,AMS-4480644-0|qp18
3.6,50.0,18.0,12.0,29,1.39,0.48,1.2986032280950273,11276,0.0652546296296297,72,72,1.0,AMS-4480644-0|qp18
3.6,50.0,43.0,12.0,11,1.39,0.48,1.1572152695007294,30204,0.1747916666666661,172,172,1.0,AMS-4480644-0|qp43
3.6,50.0,43.0,12.0,23,1.39,0.48,1.105463383637905,31475,0.1821469907407418,172,173,1.005813953488372,AMS-4480644-0|qp43
2.5,50.0,12.0,12.0,5,1.39,0.48,1.264313211994176,7637,0.0636416666666679,48,48,1.0,AMS-4495978-0|qp12
2.5,50.0,12.0,12.0,17,1.39,0.48,1.2563391012396905,7744,0.0645333333333344,48,48,1.0,AMS-4495978-0|qp12
2.5,50.0,12.0,12.0,29,1.39,0.48,1.2713993399339982,7575,0.0631250000000016,48,47,0.9791666666666666,AMS-4495978-0|qp12
2.5,50.0,30.0,12.0,11,1.39,0.48,1.1986997332279496,20242,0.1686833333333354,120,118,0.9833333333333332,AMS-4495978-0|qp30
2.5,50.0,30.0,12.0,23,1.39,0.48,1.1284782709954282,21469,0.1789083333333364,120,120,1.0,AMS-4495978-0|qp30
2.5,50.0,12.0,12.0,5,1.39,0.48,1.1154273335959006,7617,0.0634750000000013,48,48,1.0,AMS-4495979-0|qp12
2.5,50.0,12.0,12.0,17,1.39,0.48,1.1028474310367369,7649,0.0637416666666676,48,48,1.0,AMS-4495979-0|qp12
2.5,50.0,12.0,12.0,29,1.39,0.48,1.1152745227122969,7595,0.0632916666666681,48,49,1.0208333333333333,AMS-4495979-0|qp12
2.5,50.0,12.0,12.0,11,1.39,0.48,1.1092329133683183,8969,0.0747416666666676,48,49,1.0208333333333333,AMS-4496429-0|qp12
2.5,50.0,12.0,12.0,23,1.39,0.48,1.1136340235030608,8935,0.0744583333333346,48,48,1.0,AMS-4496429-0|qp12
2.5,50.0,12.0,12.0,5,1.39,0.48,1.2838702341136707,7475,0.0622916666666676,48,48,1.0,AMS-7370864-0|qp12
2.5,50.0,12.0,12.0,17,1.39,0.48,1.2989468027942197,7444,0.0620333333333344,48,48,1.0,AMS-7370864-0|qp12
2.5,50.0,12.0,12.0,29,1.39,0.48,1.2855472504004328,7492,0.0624333333333345,48,47,0.9791666666666666,AMS-7370864-0|qp12
2.5,50.0,30.0,12.0,11,1.39,0.48,1.2079951956760602,19982,0.1665166666666666,120,117,0.975,AMS-7370864-0|qp30
2.5,50.0,30.0,12.0,23,1.39,0.48,1.1387154456282331,21307,0.1775583333333352,120,119,0.9916666666666668,AMS-7370864-0|qp30
2.5,50.0,38.0,12.0,5,1.39,0.48,1.1432858112695132,26514,0.220950000000004,152,153,1.006578947368421,LON-4082553-0|qp38
2.5,50.0,38.0,12.0,17,1.39,0.48,1.1672389231417069,26113,0.2176083333333374,152,151,0.993421052631579,LON-4082553-0|qp38
2.5,50.0,38.0,12.0,29,1.39,0.48,1.154630248002101,26653,0.2221083333333388,152,155,1.019736842105263,LON-4082553-0|qp38
2.5,50.0,38.0,12.0,11,1.39,0.48,1.126957401412596,27184,0.2265333333333361,152,149,0.9802631578947368,LON-4082554-0|qp38
2.5,50.0,38.0,12.0,23,1.39,0.48,1.0860790733700254,28404,0.2367000000000035,152,154,1.013157894736842,LON-4082554-0|qp38
2.5,50.0,38.0,12.0,5,1.39,0.48,1.1218912310599412,26993,0.2249416666666681,152,152,1.0,LON-4082592-0|qp38
2.5,50.0,38.0,12.0,17,1.39,0.48,1.1779925464883807,26028,0.2169000000000029,152,154,1.013157894736842,LON-4082592-0|qp38
2.5,50.0,38.0,12.0,29,1.39,0.48,1.1553748454535673,26691,0.2224250000000053,152,154,1.013157894736842,LON-4082592-0|qp38
2.0,50.0,10.0,12.0,11,1.39,0.48,1.2429903288201145,2585,0.0269270833333325,40,41,1.025,SIN-131164229-0|qp10
2.0,50.0,10.0,12.0,23,1.39,0.48,1.1748854128774109,2749,0.0286354166666659,40,40,1.0,SIN-131164229-0|qp10
2.0,50.0,24.0,12.0,5,1.39,0.48,1.1305734819595377,6818,0.0710208333333327,96,95,0.9895833333333334,SIN-131164229-0|qp24
2.0,50.0,24.0,12.0,17,1.39,0.48,1.1814627048552635,6529,0.0680104166666663,96,95,0.9895833333333334,SIN-131164229-0|qp24
2.0,50.0,24.0,12.0,29,1.39,0.48,1.155144850599128,6593,0.0686770833333326,96,95,0.9895833333333334,SIN-131164229-0|qp24
1.8,50.0,9.0,12.0,11,1.39,0.48,1.2107598039215997,6120,0.070833333333333,36,36,1.0,SIN-139715353-1|qp9
1.8,50.0,9.0,12.0,23,1.39,0.48,1.1128795811518388,6685,0.0773726851851852,36,35,0.9722222222222222,SIN-139715353-1|qp9
3.0,50.0,15.0,12.0,5,1.39,0.48,1.2224665526607097,9941,0.0690347222222212,60,60,1.0,SIN-1464509030-0|qp15
3.0,50.0,15.0,12.0,17,1.39,0.48,1.2112129353233496,10050,0.0697916666666662,60,58,0.9666666666666668,SIN-1464509030-0|qp15
3.0,50.0,15.0,12.0,29,1.39,0.48,1.2002556845905872,10247,0.0711597222222218,60,60,1.0,SIN-1464509030-0|qp15
3.0,50.0,36.0,12.0,11,1.39,0.48,1.0109864123790575,28629,0.1988124999999956,144,141,0.9791666666666666,SIN-1464509030-0|qp36
3.0,50.0,36.0,12.0,23,1.39,0.48,1.042774119667927,27944,0.1940555555555531,144,146,1.0138888888888888,SIN-1464509030-0|qp36
2.0,50.0,10.0,12.0,5,1.39,0.48,1.2503420271747427,6403,0.0666979166666659,40,40,1.0,SIN-166571436-2|qp10
2.0,50.0,10.0,12.0,17,1.39,0.48,1.2858339933470773,6313,0.0657604166666653,40,40,1.0,SIN-166571436-2|qp10
2.0,50.0,10.0,12.0,29,1.39,0.48,1.269890127138634,6371,0.0663645833333327,40,39,0.975,SIN-166571436-2|qp10
2.0,50.0,24.0,12.0,11,1.39,0.48,1.220535894206551,15880,0.1654166666666666,96,97,1.0104166666666667,SIN-166571436-2|qp24
2.0,50.0,24.0,12.0,23,1.39,0.48,1.125282018412723,17162,0.1787708333333325,96,96,1.0,SIN-166571436-2|qp24
2.0,50.0,10.0,12.0,5,1.39,0.48,1.2312822085889368,6520,0.0679166666666656,40,40,1.0,SIN-166571436-3|qp10
2.0,50.0,10.0,12.0,17,1.39,0.48,1.2186131934033078,6670,0.0694791666666649,40,39,0.975,SIN-166571436-3|qp10
2.0,50.0,10.0,12.0,29,1.39,0.48,1.2287501907523548,6553,0.068260416666666,40,39,0.975,SIN-166571436-3|qp10
1.8,50.0,22.0,12.0,11,1.39,0.48,1.228343105470014,14497,0.1677893518518583,88,90,1.0227272727272727,SIN-170969415-0|qp22
1.8,50.0,22.0,12.0,23,1.39,0.48,1.189061506191227,14779,0.1710532407407453,88,89,1.0113636363636365,SIN-170969415-0|qp22
1.8,50.0,9.0,12.0,5,1.39,0.48,1.3079665539939491,5621,0.0650578703703707,36,36,1.0,SIN-170969415-0|qp9
1.8,50.0,9.0,12.0,17,1.39,0.48,1.2821847998589608,5671,0.0656365740740728,36,36,1.0,SIN-170969415-0|qp9
1.8,50.0,9.0,12.0,29,1.39,0.48,1.271347750865084,5780,0.066898148148148,36,35,0.9722222222222222,SIN-170969415-0|qp9
2.0,50.0,10.0,12.0,11,1.39,0.48,1.3356019900498122,6030,0.0628124999999999,40,39,0.975,SIN-190681368-0|qp10
2.0,50.0,10.0,12.0,23,1.39,0.48,1.1384188684465546,7229,0.0753020833333327,40,40,1.0,SIN-190681368-0|qp10
2.0,50.0,10.0,12.0,5,1.39,0.48,1.21481127853198,6703,0.0698229166666658,40,41,1.025,SIN-197634752-1|qp10
2.0,50.0,10.0,12.0,17,1.39,0.48,1.2141539160733288,6601,0.0687604166666648,40,40,1.0,SIN-197634752-1|qp10
2.0,50.0,10.0,12.0,29,1.39,0.48,1.2152416077073986,6643,0.0691979166666658,40,40,1.0,SIN-197634752-1|qp10
2.0,50.0,10.0,12.0,11,1.39,0.48,1.2642298634009057,6369,0.0663437500000002,40,39,0.975,SIN-198571185-1|qp10
2.0,50.0,10.0,12.0,23,1.39,0.48,1.1622206425931387,7034,0.0732708333333325,40,40,1.0,SIN-198571185-1|qp10
2.0,50.0,24.0,12.0,5,1.39,0.48,1.052070838765728,18408,0.1917499999999993,96,96,1.0,SIN-198571185-1|qp24
2.0,50.0,24.0,12.0,17,1.39,0.48,1.1518985610655337,16818,0.1751875000000003,96,96,1.0,SIN-198571185-1|qp24
2.0,50.0,24.0,12.0,29,1.39,0.48,1.1159164814598637,17098,0.1781041666666671,96,97,1.0104166666666667,SIN-198571185-1|qp24
2.0,50.0,10.0,12.0,11,1.39,0.48,1.255422381546193,6416,0.0668333333333332,40,39,0.975,SIN-198571185-2|qp10
2.0,50.0,10.0,12.0,23,1.39,0.48,1.136548440518924,7246,0.0754791666666658,40,40,1.0,SIN-198571185-2|qp10
2.0,50.0,10.0,12.0,5,1.39,0.48,1.2430792917628797,6495,0.0676562499999987,40,40,1.0,SIN-198571185-3|qp10
2.0,50.0,10.0,12.0,17,1.39,0.48,1.1575808088128747,6899,0.0718645833333317,40,39,0.975,SIN-198571185-3|qp10
2.0,50.0,10.0,12.0,29,1.39,0.48,1.2276906617759764,6543,0.0681562499999992,40,40,1.0,SIN-198571185-3|qp10
2.0,50.0,24.0,12.0,11,1.39,0.48,1.1051315037164038,17490,0.1821874999999997,96,95,0.9895833333333334,SIN-198571185-3|qp24
2.0,50.0,24.0,12.0,23,1.39,0.48,1.00989649104643,19322,0.2012708333333338,96,99,1.03125,SIN-198571185-3|qp24
2.0,50.0,10.0,12.0,5,1.39,0.48,1.201580283793855,6695,0.069739583333333,40,40,1.0,SIN-200167221-1|qp10
2.0,50.0,10.0,12.0,17,1.39,0.48,1.2472581391760675,6481,0.0675104166666653,40,40,1.0,SIN-200167221-1|qp10
2.0,50.0,10.0,12.0,29,1.39,0.48,1.259985981308443,6420,0.0668749999999992,40,40,1.0,SIN-200167221-1|qp10
2.0,50.0,10.0,12.0,11,1.39,0.48,1.2138133964217526,6763,0.0704479166666662,40,39,0.975,SIN-200171267-0|qp10
2.0,50.0,10.0,12.0,23,1.39,0.48,1.09203389830509,7552,0.0786666666666657,40,41,1.025,SIN-200171267-0|qp10
2.0,50.0,10.0,12.0,5,1.39,0.48,1.216689748607538,6643,0.0691979166666656,40,40,1.0,SIN-200171267-2|qp10
2.0,50.0,10.0,12.0,17,1.39,0.48,1.1898955114054544,6795,0.0707812499999986,40,39,0.975,SIN-200171267-2|qp10
2.0,50.0,10.0,12.0,29,1.39,0.48,1.1960234604105855,6820,0.0710416666666654,40,40,1.0,SIN-200171267-2|qp10
2.0,50.0,10.0,12.0,11,1.39,0.48,1.2113484325784245,6667,0.0694479166666659,40,39,0.975,SIN-200171268-0|qp10
2.0,50.0,10.0,12.0,23,1.39,0.48,1.12907371617892,7244,0.075458333333332,40,40,1.0,SIN-200171268-0|qp10
2.0,50.0,24.0,12.0,5,1.39,0.48,1.0307231881021963,19096,0.198916666666666,96,98,1.0208333333333333,SIN-200171268-0|qp24
2.0,50.0,24.0,12.0,17,1.39,0.48,1.090150388365528,18153,0.1890937499999993,96,97,1.0104166666666667,SIN-200171268-0|qp24
2.0,50.0,24.0,12.0,29,1.39,0.48,1.073272737168682,18373,0.1913854166666692,96,94,0.9791666666666666,SIN-200171268-0|qp24
2.0,50.0,10.0,12.0,11,1.39,0.48,1.2757312252965023,6325,0.0658854166666665,40,39,0.975,SIN-200171268-4|qp10
2.0,50.0,10.0,12.0,23,1.39,0.48,1.153963210702358,7176,0.07475,40,40,1.0,SIN-200171268-4|qp10
2.0,50.0,24.0,12.0,5,1.39,0.48,1.0692531582168965,17969,0.1871770833333329,96,97,1.0104166666666667,SIN-200171268-4|qp24
2.0,50.0,24.0,12.0,17,1.39,0.48,1.0751419867261418,18382,0.1914791666666682,96,96,1.0,SIN-200171268-4|qp24
2.0,50.0,24.0,12.0,29,1.39,0.48,1.0675444937298202,18261,0.1902187500000008,96,97,1.0104166666666667,SIN-200171268-4|qp24
1.8,50.0,27.0,12.0,11,1.39,0.48,1.0987253920587343,5994,0.0693749999999998,108,106,0.9814814814814816,SIN-22811728-0|qp27
1.8,50.0,27.0,12.0,23,1.39,0.48,1.115180968564159,5885,0.0681134259259251,108,109,1.0092592592592593,SIN-22811728-0|qp27
1.8,50.0,9.0,12.0,5,1.39,0.48,1.1935991588482644,6182,0.0715509259259258,36,35,0.9722222222222222,SIN-22928582-0|qp9
1.8,50.0,9.0,12.0,17,1.39,0.48,1.192670463791729,6145,0.0711226851851845,36,35,0.9722222222222222,SIN-22928582-0|qp9
1.8,50.0,9.0,12.0,29,1.39,0.48,1.1621614828778126,6366,0.0736805555555559,36,35,0.9722222222222222,SIN-22928582-0|qp9
1.8,50.0,22.0,12.0,11,1.39,0.48,1.2103426981541,14736,0.170555555555562,88,89,1.0113636363636365,SIN-22928582-1|qp22
1.8,50.0,22.0,12.0,23,1.39,0.48,1.0626804677246326,16762,0.1940046296296331,88,89,1.0113636363636365,SIN-22928582-1|qp22
1.8,50.0,9.0,12.0,5,1.39,0.48,1.1958681672025588,6220,0.0719907407407406,36,36,1.0,SIN-22928582-1|qp9
1.8,50.0,9.0,12.0,17,1.39,0.48,1.1678429817605316,6305,0.0729745370370358,36,36,1.0,SIN-22928582-1|qp9
1.8,50.0,9.0,12.0,29,1.39,0.48,1.1923706475756866,6146,0.0711342592592585,36,36,1.0,SIN-22928582-1|qp9
1.8,50.0,9.0,12.0,11,1.39,0.48,1.196777526638717,6194,0.0716898148148147,36,35,0.9722222222222222,SIN-22928582-2|qp9
1.8,50.0,9.0,12.0,23,1.39,0.48,1.092213468113581,6727,0.0778587962962963,36,35,0.9722222222222222,SIN-22928582-2|qp9
3.0,50.0,15.0,12.0,5,1.39,0.48,1.0074430565760393,12249,0.0850624999999997,60,60,1.0,SIN-546209379-0|qp15
3.0,50.0,15.0,12.0,17,1.39,0.48,0.9979915399007142,12293,0.0853680555555553,60,59,0.9833333333333332,SIN-546209379-0|qp15
3.0,50.0,15.0,12.0,29,1.39,0.48,0.96719778529682,13004,0.0903055555555556,60,59,0.9833333333333332,SIN-546209379-0|qp15
3.0,50.0,15.0,12.0,11,1.39,0.48,1.3258753155525815,9111,0.063270833333332,60,59,0.9833333333333332,SIN-546209379-1|qp15
3.0,50.0,15.0,12.0,23,1.39,0.48,1.263098606418864,9472,0.065777777777777,60,61,1.0166666666666666,SIN-546209379-1|qp15
3.0,50.0,36.0,12.0,5,1.39,0.48,1.18194759323148,24348,0.1690833333333324,144,143,0.9930555555555556,SIN-546209379-1|qp36
3.0,50.0,36.0,12.0,17,1.39,0.48,1.2149890072721228,23652,0.1642499999999994,144,145,1.0069444444444444,SIN-546209379-1|qp36
3.0,50.0,36.0,12.0,29,1.39,0.48,1.1690767318794824,24944,0.1732222222222222,144,148,1.0277777777777777,SIN-546209379-1|qp36
3.0,50.0,15.0,12.0,11,1.39,0.48,1.333336273428835,9070,0.0629861111111096,60,59,0.9833333333333332,SIN-546209379-2|qp15
3.0,50.0,15.0,12.0,23,1.39,0.48,1.2400217910137243,9637,0.0669236111111103,60,60,1.0,SIN-546209379-2|qp15
3.0,50.0,36.0,12.0,5,1.39,0.48,1.22951073475322,23382,0.1623749999999993,144,143,0.9930555555555556,SIN-546209379-2|qp36
3.0,50.0,36.0,12.0,17,1.39,0.48,1.2021616674294198,24037,0.1669236111111095,144,146,1.0138888888888888,SIN-546209379-2|qp36
3.0,50.0,36.0,12.0,29,1.39,0.48,1.196663503980958,24241,0.1683402777777787,144,147,1.0208333333333333,SIN-546209379-2|qp36
1.8,50.0,9.0,12.0,11,1.39,0.48,1.2136719138359804,6035,0.0698495370370369,36,36,1.0,SIN-74587409-1|qp9
1.8,50.0,9.0,12.0,23,1.39,0.48,0.8079335514724575,7946,0.0919675925925928,19,25,1.3157894736842106,SIN-74587409-1|qp9
1.8,50.0,9.0,12.0,5,1.39,0.48,1.201784953286343,6101,0.0706134259259253,36,36,1.0,SIN-74587409-2|qp9
1.8,50.0,9.0,12.0,17,1.39,0.48,1.2425268444752584,5774,0.0668287037037027,36,35,0.9722222222222222,SIN-74587409-2|qp9
1.8,50.0,9.0,12.0,29,1.39,0.48,1.265246675997234,5716,0.0661574074074064,36,36,1.0,SIN-74587409-2|qp9
2.5,50.0,12.0,12.0,11,1.39,0.48,1.3153165075034787,7330,0.0610833333333338,48,48,1.0,TYO-1323228545-3|qp12
2.5,50.0,12.0,12.0,23,1.39,0.48,1.2826631369953585,7555,0.0629583333333338,48,48,1.0,TYO-1323228545-3|qp12
2.5,50.0,30.0,12.0,5,1.39,0.48,1.2394802070805315,19123,0.1593583333333335,120,124,1.0333333333333334,TYO-1323228545-3|qp30
2.5,50.0,30.0,12.0,17,1.39,0.48,1.23935722353425,19478,0.162316666666669,120,119,0.9916666666666668,TYO-1323228545-3|qp30
2.5,50.0,30.0,12.0,29,1.39,0.48,1.0430912484806527,23036,0.1919666666666688,120,118,0.9833333333333332,TYO-1323228545-3|qp30
