<?xml version='1.0' encoding='utf-8'?>
<osm version="0.6" generator="Overpass API 0.7.62.11 87bfad18">
<note>The data included in this document is from www.openstreetmap.org. The data is made available under ODbL.</note>
<meta osm_base="2026-09-03T09:09:40Z" />

  <node id="46469028" lat="52.3896533" lon="4.8590236" />
  <node id="271890526" lat="52.3938249" lon="4.8572348" />
  <node id="271890527" lat="52.3920434" lon="4.8576450" />
  <node id="271890528" lat="52.3917077" lon="4.8578732" />
  <node id="271890529" lat="52.3910859" lon="4.8582815" />
  <node id="271890530" lat="52.3911121" lon="4.8587794" />
  <node id="271890531" lat="52.3903945" lon="4.8590283" />
  <node id="271890532" lat="52.3895286" lon="4.8502677" />
  <node id="442238196" lat="52.3926376" lon="4.8574731" />
  <node id="442238198" lat="52.3925793" lon="4.8575270" />
  <node id="442238201" lat="52.3925964" lon="4.8583736" />
  <node id="442238204" lat="52.3927835" lon="4.8607068" />
  <node id="442238206" lat="52.3928439" lon="4.8607861" />
  <node id="442238211" lat="52.3945229" lon="4.8604182" />
  <node id="442238214" lat="52.3945738" lon="4.8603569" />
  <node id="442238217" lat="52.3947052" lon="4.8596766" />
  <node id="442238231" lat="52.3937893" lon="4.8585482" />
  <node id="442238236" lat="52.3937227" lon="4.8575360" />
  <node id="442238238" lat="52.3936747" lon="4.8574323" />
  <node id="442238241" lat="52.3931120" lon="4.8574499" />
  <node id="442284377" lat="52.3951521" lon="4.8561771" />
  <node id="442284380" lat="52.3951578" lon="4.8573472" />
  <node id="442284383" lat="52.3951156" lon="4.8579500" />
  <node id="442284387" lat="52.3937784" lon="4.8578738" />
  <node id="442284390" lat="52.3937554" lon="4.8574239" />
  <node id="442284397" lat="52.3938207" lon="4.8569393" />
  <node id="442284399" lat="52.3948915" lon="4.8568951" />
  <node id="442284403" lat="52.3948557" lon="4.8558205" />
  <node id="569702177" lat="52.4081916" lon="4.9004336" />
  <node id="569702183" lat="52.4091161" lon="4.9004094" />
  <node id="569702186" lat="52.4082632" lon="4.9000053" />
  <node id="569702266" lat="52.4117645" lon="4.9016740" />
  <node id="617404324" lat="52.3838576" lon="4.7787572" />
  <node id="617404325" lat="52.3837920" lon="4.7816473" />
  <node id="617404326" lat="52.3831699" lon="4.7816580" />
  <node id="617404327" lat="52.3830979" lon="4.7808212" />
  <node id="617404328" lat="52.3830782" lon="4.7802097" />
  <node id="617404329" lat="52.3831044" lon="4.7797912" />
  <node id="617404330" lat="52.3831699" lon="4.7793943" />
  <node id="617404331" lat="52.3832812" lon="4.7791368" />
  <node id="617404332" lat="52.3834122" lon="4.7789651" />
  <node id="617404333" lat="52.3836021" lon="4.7788149" />
  <node id="617412095" lat="52.3838706" lon="4.7803491" />
  <node id="617412096" lat="52.3837658" lon="4.7803599" />
  <node id="693363841" lat="52.3956884" lon="4.8555896" />
  <node id="693365132" lat="52.3946294" lon="4.8580940" />
  <node id="693365913" lat="52.3958841" lon="4.8588517" />
  <node id="693366355" lat="52.3949276" lon="4.8556942" />
  <node id="693369309" lat="52.3949271" lon="4.8555756" />
  <node id="693369804" lat="52.3940595" lon="4.8581326" />
  <node id="693370509" lat="52.3941623" lon="4.8577996" />
  <node id="693371032" lat="52.3937355" lon="4.8582396" />
  <node id="693372045" lat="52.3956320" lon="4.8583124" />
  <node id="693372090" lat="52.3938595" lon="4.8583255" />
  <node id="693372880" lat="52.3938221" lon="4.8585520" />
  <node id="693372907" lat="52.3843984" lon="4.7651795" />
  <node id="693373255" lat="52.3958821" lon="4.8588346" />
  <node id="693374537" lat="52.3946457" lon="4.8580158" />
  <node id="693375045" lat="52.3945834" lon="4.8581057" />
  <node id="693375201" lat="52.3948392" lon="4.8584902" />
  <node id="693375318" lat="52.3940104" lon="4.8584063" />
  <node id="693375728" lat="52.3953757" lon="4.8602324" />
  <node id="693375793" lat="52.3948982" lon="4.8581488" />
  <node id="693377543" lat="52.3947410" lon="4.8582393" />
  <node id="693378522" lat="52.3948928" lon="4.8582446" />
  <node id="693378524" lat="52.3937381" lon="4.8584058" />
  <node id="693379120" lat="52.3956938" lon="4.8565479" />
  <node id="693379122" lat="52.3937346" lon="4.8581946" />
  <node id="693379722" lat="52.3939792" lon="4.8582254" />
  <node id="693380466" lat="52.3950868" lon="4.8560251" />
  <node id="693380669" lat="52.3939758" lon="4.8585030" />
  <node id="693381205" lat="52.3952250" lon="4.8606000" />
  <node id="693460556" lat="52.3930680" lon="4.8632205" />
  <node id="693460715" lat="52.3956353" lon="4.8584058" />
  <node id="693460815" lat="52.3947672" lon="4.8603504" />
  <node id="693460820" lat="52.3923177" lon="4.8563507" />
  <node id="693460845" lat="52.3944905" lon="4.8622067" />
  <node id="693461321" lat="52.3951776" lon="4.8600518" />
  <node id="693461596" lat="52.3957374" lon="4.8586477" />
  <node id="693461757" lat="52.3930959" lon="4.8608253" />
  <node id="693462194" lat="52.3937215" lon="4.8574902" />
  <node id="693462396" lat="52.3941316" lon="4.8579312" />
  <node id="693462653" lat="52.3941925" lon="4.8577608" />
  <node id="693462735" lat="52.3953598" lon="4.8591683" />
  <node id="693462867" lat="52.3949932" lon="4.8580404" />
  <node id="693462984" lat="52.3959876" lon="4.8590009" />
  <node id="693463079" lat="52.3937406" lon="4.8584703" />
  <node id="693463264" lat="52.3943996" lon="4.8576012" />
  <node id="693463388" lat="52.3948819" lon="4.8597241" />
  <node id="693464221" lat="52.3938254" lon="4.8605322" />
  <node id="693464562" lat="52.3946124" lon="4.8602397" />
  <node id="693464726" lat="52.3949648" lon="4.8558198" />
  <node id="693464752" lat="52.3936708" lon="4.8634182" />
  <node id="693464779" lat="52.3954229" lon="4.8587554" />
  <node id="693464908" lat="52.3955266" lon="4.8573951" />
  <node id="693464997" lat="52.3945565" lon="4.8603826" />
  <node id="693465117" lat="52.3950990" lon="4.8583379" />
  <node id="693465619" lat="52.3946716" lon="4.8595936" />
  <node id="693465758" lat="52.3936690" lon="4.8597145" />
  <node id="693466246" lat="52.3950324" lon="4.8605896" />
  <node id="693466364" lat="52.3925425" lon="4.8581496" />
  <node id="693466406" lat="52.3945809" lon="4.8585122" />
  <node id="693466773" lat="52.3939456" lon="4.8630379" />
  <node id="693467016" lat="52.3954680" lon="4.8582690" />
  <node id="693467216" lat="52.3948543" lon="4.8557023" />
  <node id="693467281" lat="52.3949392" lon="4.8608928" />
  <node id="693467401" lat="52.3936933" lon="4.8574435" />
  <node id="693467430" lat="52.3950616" lon="4.8580420" />
  <node id="693468217" lat="52.3947335" lon="4.8594716" />
  <node id="693468434" lat="52.3952346" lon="4.8605942" />
  <node id="693468841" lat="52.3932258" lon="4.8605524" />
  <node id="693469133" lat="52.3942115" lon="4.8614942" />
  <node id="693469278" lat="52.3936004" lon="4.8587352" />
  <node id="693469338" lat="52.3936147" lon="4.8635065" />
  <node id="693470546" lat="52.3933913" lon="4.8586376" />
  <node id="693471115" lat="52.3946041" lon="4.8578627" />
  <node id="693471127" lat="52.3925939" lon="4.8589446" />
  <node id="693471419" lat="52.3956547" lon="4.8584897" />
  <node id="693473022" lat="52.3943341" lon="4.8576428" />
  <node id="693473273" lat="52.3944944" lon="4.8607884" />
  <node id="693473489" lat="52.3925477" lon="4.8583156" />
  <node id="693475095" lat="52.3926703" lon="4.8598991" />
  <node id="693476200" lat="52.3955330" lon="4.8571969" />
  <node id="693476440" lat="52.3939804" lon="4.8620551" />
  <node id="693477483" lat="52.3945780" lon="4.8578319" />
  <node id="693477890" lat="52.3948834" lon="4.8584507" />
  <node id="693478209" lat="52.3923298" lon="4.8566484" />
  <node id="693478452" lat="52.3924005" lon="4.8574802" />
  <node id="693478566" lat="52.3931393" lon="4.8604241" />
  <node id="693479200" lat="52.3952489" lon="4.8597433" />
  <node id="693479422" lat="52.3936067" lon="4.8635070" />
  <node id="693479455" lat="52.3954929" lon="4.8580170" />
  <node id="693479768" lat="52.3952179" lon="4.8605784" />
  <node id="693479809" lat="52.3941352" lon="4.8627146" />
  <node id="693479941" lat="52.3926823" lon="4.8559264" />
  <node id="693480000" lat="52.3947617" lon="4.8582437" />
  <node id="693481166" lat="52.3946385" lon="4.8579405" />
  <node id="693481876" lat="52.3945328" lon="4.8607519" />
  <node id="693481955" lat="52.3946488" lon="4.8616772" />
  <node id="693482139" lat="52.3930700" lon="4.8605003" />
  <node id="693482643" lat="52.3936603" lon="4.8586262" />
  <node id="693485248" lat="52.3939022" lon="4.8621811" />
  <node id="693486879" lat="52.3929536" lon="4.8631920" />
  <node id="693488035" lat="52.3956882" lon="4.8574236" />
  <node id="693488287" lat="52.3948390" lon="4.8599639" />
  <node id="693488374" lat="52.3944325" lon="4.8621556" />
  <node id="693489574" lat="52.3949133" lon="4.8595767" />
  <node id="693489945" lat="52.3926009" lon="4.8599108" />
  <node id="693490197" lat="52.3956826" lon="4.8585612" />
  <node id="693490874" lat="52.3951078" lon="4.8603218" />
  <node id="693490981" lat="52.3940705" lon="4.8628461" />
  <node id="693491265" lat="52.3925351" lon="4.8575192" />
  <node id="693492070" lat="52.3937084" lon="4.8574607" />
  <node id="693492812" lat="52.3929979" lon="4.8607610" />
  <node id="693493452" lat="52.3942588" lon="4.8577072" />
  <node id="693493588" lat="52.3949252" lon="4.8547965" />
  <node id="693494220" lat="52.3930860" lon="4.8604495" />
  <node id="693495064" lat="52.3937968" lon="4.8583592" />
  <node id="693496268" lat="52.3947102" lon="4.8599084" />
  <node id="693496674" lat="52.3938361" lon="4.8584461" />
  <node id="693496692" lat="52.3925167" lon="4.8589089" />
  <node id="693496818" lat="52.3949103" lon="4.8546139" />
  <node id="693496973" lat="52.3960055" lon="4.8588759" />
  <node id="693497390" lat="52.3948312" lon="4.8585622" />
  <node id="693500254" lat="52.3945563" lon="4.8602421" />
  <node id="693500875" lat="52.3953038" lon="4.8594733" />
  <node id="693501153" lat="52.3955123" lon="4.8577052" />
  <node id="693501479" lat="52.3941893" lon="4.8626437" />
  <node id="693501642" lat="52.3927020" lon="4.8573887" />
  <node id="693501711" lat="52.3950626" lon="4.8586597" />
  <node id="693503184" lat="52.3946262" lon="4.8578949" />
  <node id="693503378" lat="52.3956779" lon="4.8577041" />
  <node id="693503672" lat="52.3943071" lon="4.8576643" />
  <node id="693503888" lat="52.3945034" lon="4.8607730" />
  <node id="693504105" lat="52.3925600" lon="4.8574296" />
  <node id="693504341" lat="52.3956924" lon="4.8556067" />
  <node id="693505069" lat="52.3939192" lon="4.8630669" />
  <node id="693505567" lat="52.3954473" lon="4.8585559" />
  <node id="693506525" lat="52.3936433" lon="4.8575503" />
  <node id="693506848" lat="52.3939999" lon="4.8620249" />
  <node id="693507796" lat="52.3944871" lon="4.8577259" />
  <node id="693507909" lat="52.3930451" lon="4.8634767" />
  <node id="693508616" lat="52.3931475" lon="4.8607203" />
  <node id="693508962" lat="52.3945881" lon="4.8603281" />
  <node id="693509291" lat="52.3934843" lon="4.8597572" />
  <node id="693509526" lat="52.3945401" lon="4.8604026" />
  <node id="693509553" lat="52.3943984" lon="4.8623495" />
  <node id="693510593" lat="52.3946451" lon="4.8579767" />
  <node id="693510611" lat="52.3930772" lon="4.8604650" />
  <node id="693511087" lat="52.3943578" lon="4.8576146" />
  <node id="693511285" lat="52.3946840" lon="4.8608454" />
  <node id="693511707" lat="52.3950016" lon="4.8580988" />
  <node id="693511726" lat="52.3930715" lon="4.8604819" />
  <node id="693512217" lat="52.3938069" lon="4.8584324" />
  <node id="693514193" lat="52.3932150" lon="4.8607936" />
  <node id="694781265" lat="52.4090018" lon="4.9003143" />
  <node id="694783432" lat="52.4088442" lon="4.8998356" />
  <node id="694785854" lat="52.4090322" lon="4.9001331" />
  <node id="694786935" lat="52.4090711" lon="4.9001368" />
  <node id="694787677" lat="52.4082739" lon="4.8995516" />
  <node id="694790026" lat="52.4081257" lon="4.9004631" />
  <node id="694792268" lat="52.4090896" lon="4.8999387" />
  <node id="717773345" lat="52.3942228" lon="4.8569222" />
  <node id="717777625" lat="52.3936057" lon="4.8605786" />
  <node id="717778178" lat="52.3934189" lon="4.8572527" />
  <node id="717784108" lat="52.3943608" lon="4.8569209" />
  <node id="717811952" lat="52.3831556" lon="4.7800192" />
  <node id="717838294" lat="52.3932164" lon="4.8604350" />
  <node id="717840962" lat="52.3927024" lon="4.8572827" />
  <node id="876417420" lat="52.3930083" lon="4.8631790" />
  <node id="886681869" lat="52.4157602" lon="5.0071640" />
  <node id="886682717" lat="52.4160234" lon="5.0059374" />
  <node id="886682733" lat="52.4127134" lon="4.9933996" />
  <node id="886683597" lat="52.4115732" lon="4.9963944" />
  <node id="886684370" lat="52.4124247" lon="5.0010922" />
  <node id="886685281" lat="52.4152448" lon="5.0081059" />
  <node id="886685400" lat="52.4149621" lon="5.0049162" />
  <node id="886685725" lat="52.4122993" lon="5.0009642" />
  <node id="886685830" lat="52.4137913" lon="4.9982322" />
  <node id="886686064" lat="52.4158597" lon="5.0051687" />
  <node id="886686080" lat="52.4143469" lon="4.9974678" />
  <node id="886686829" lat="52.4145979" lon="5.0010526" />
  <node id="886686901" lat="52.4120206" lon="4.9963103" />
  <node id="886687382" lat="52.4114260" lon="4.9966431" />
  <node id="886688280" lat="52.4134243" lon="5.0003951" />
  <node id="886688978" lat="52.4156462" lon="5.0076063" />
  <node id="886689085" lat="52.4154558" lon="5.0052573" />
  <node id="886690066" lat="52.4153505" lon="5.0036064" />
  <node id="886690105" lat="52.4124389" lon="4.9929475" />
  <node id="886690410" lat="52.4154653" lon="5.0028798" />
  <node id="886691318" lat="52.4114191" lon="4.9971154" />
  <node id="886692255" lat="52.4121162" lon="5.0003699" />
  <node id="886693450" lat="52.4159196" lon="5.0066143" />
  <node id="886693599" lat="52.4132406" lon="4.9998763" />
  <node id="886694456" lat="52.4142572" lon="5.0002211" />
  <node id="886694578" lat="52.4126766" lon="4.9978731" />
  <node id="886695416" lat="52.4126070" lon="4.9981590" />
  <node id="886696172" lat="52.4128264" lon="5.0018692" />
  <node id="886697214" lat="52.4157748" lon="5.0073440" />
  <node id="886697358" lat="52.4158335" lon="5.0066128" />
  <node id="886697472" lat="52.4163185" lon="5.0045877" />
  <node id="886698389" lat="52.4159867" lon="5.0062244" />
  <node id="886698410" lat="52.4131838" lon="4.9948200" />
  <node id="886699103" lat="52.4143235" lon="4.9994995" />
  <node id="886699707" lat="52.4117919" lon="4.9960410" />
  <node id="886700695" lat="52.4126540" lon="5.0003394" />
  <node id="886701880" lat="52.4144056" lon="5.0059204" />
  <node id="886702021" lat="52.4153439" lon="5.0060009" />
  <node id="886702621" lat="52.4130803" lon="4.9964696" />
  <node id="886702879" lat="52.4130697" lon="4.9925157" />
  <node id="886704072" lat="52.4150609" lon="5.0024614" />
  <node id="886704333" lat="52.4120104" lon="4.9957623" />
  <node id="886704628" lat="52.4160725" lon="5.0048789" />
  <node id="886705562" lat="52.4114653" lon="4.9965415" />
  <node id="886707572" lat="52.4155731" lon="5.0077272" />
  <node id="886707661" lat="52.4145567" lon="5.0028845" />
  <node id="886708198" lat="52.4148161" lon="5.0008672" />
  <node id="886708791" lat="52.4129222" lon="4.9922215" />
  <node id="886708866" lat="52.4131149" lon="4.9994951" />
  <node id="886709047" lat="52.4149831" lon="5.0013526" />
  <node id="886710453" lat="52.4125503" lon="5.0000733" />
  <node id="886712781" lat="52.4112965" lon="4.9985079" />
  <node id="886714911" lat="52.4159967" lon="5.0055251" />
  <node id="886714992" lat="52.4122381" lon="4.9965024" />
  <node id="886715962" lat="52.4129392" lon="4.9990036" />
  <node id="886716339" lat="52.4126949" lon="4.9944970" />
  <node id="886716900" lat="52.4126968" lon="5.0015761" />
  <node id="886717717" lat="52.4154198" lon="5.0080257" />
  <node id="886717896" lat="52.4139135" lon="5.0017543" />
  <node id="886718578" lat="52.4159391" lon="5.0064722" />
  <node id="886718586" lat="52.4136365" lon="4.9958324" />
  <node id="886719628" lat="52.4118783" lon="4.9959125" />
  <node id="886720623" lat="52.4127575" lon="5.0002183" />
  <node id="886721882" lat="52.4156247" lon="5.0066760" />
  <node id="886722712" lat="52.4128628" lon="4.9960285" />
  <node id="886723099" lat="52.4161836" lon="5.0051750" />
  <node id="886724614" lat="52.4153742" lon="5.0034679" />
  <node id="886724810" lat="52.4120169" lon="4.9956807" />
  <node id="886725010" lat="52.4157326" lon="5.0038231" />
  <node id="886726318" lat="52.4112946" lon="4.9968972" />
  <node id="886727825" lat="52.4155053" lon="5.0078844" />
  <node id="886727948" lat="52.4138324" lon="5.0014415" />
  <node id="886729136" lat="52.4134674" lon="4.9998411" />
  <node id="886730270" lat="52.4138256" lon="4.9989179" />
  <node id="886730440" lat="52.4133457" lon="4.9995513" />
  <node id="886731609" lat="52.4122622" lon="4.9970868" />
  <node id="886732841" lat="52.4108419" lon="4.9975097" />
  <node id="886734049" lat="52.4157854" lon="5.0070400" />
  <node id="886734085" lat="52.4143320" lon="4.9976421" />
  <node id="886735319" lat="52.4160246" lon="5.0056928" />
  <node id="886736221" lat="52.4130874" lon="4.9994001" />
  <node id="886737068" lat="52.4125630" lon="5.0013632" />
  <node id="886738194" lat="52.4152673" lon="5.0081254" />
  <node id="886738379" lat="52.4148129" lon="5.0044592" />
  <node id="886739272" lat="52.4157534" lon="5.0048845" />
  <node id="886739302" lat="52.4142090" lon="4.9971276" />
  <node id="886740528" lat="52.4119147" lon="4.9959487" />
  <node id="886741109" lat="52.4163368" lon="5.0044813" />
  <node id="886741612" lat="52.4114338" lon="4.9968262" />
  <node id="886742144" lat="52.4164694" lon="5.0040191" />
  <node id="886742956" lat="52.4132863" lon="5.0000114" />
  <node id="886743798" lat="52.4124751" lon="4.9952184" />
  <node id="886744175" lat="52.4157057" lon="5.0075079" />
  <node id="886745465" lat="52.4153487" lon="5.0035726" />
  <node id="886745667" lat="52.4155318" lon="5.0031305" />
  <node id="886746416" lat="52.4113619" lon="4.9969753" />
  <node id="886746709" lat="52.4124946" lon="4.9950812" />
  <node id="886747192" lat="52.4121980" lon="5.0005458" />
  <node id="886748173" lat="52.4132392" lon="4.9997980" />
  <node id="886748967" lat="52.4139586" lon="4.9994902" />
  <node id="886749088" lat="52.4128767" lon="4.9984012" />
  <node id="886749898" lat="52.4124823" lon="4.9978172" />
  <node id="886750637" lat="52.4130240" lon="5.0023537" />
  <node id="886751375" lat="52.4157702" lon="5.0072376" />
  <node id="886751502" lat="52.4157006" lon="5.0069395" />
  <node id="886752149" lat="52.4160101" lon="5.0060977" />
  <node id="886752186" lat="52.4131041" lon="4.9945957" />
  <node id="886752792" lat="52.4145918" lon="5.0002199" />
  <node id="886753268" lat="52.4116844" lon="4.9962219" />
  <node id="886754233" lat="52.4123388" lon="5.0009126" />
  <node id="886755460" lat="52.4147507" lon="5.0069041" />
  <node id="886755656" lat="52.4152017" lon="5.0056254" />
  <node id="886756438" lat="52.4132489" lon="4.9968869" />
  <node id="886756811" lat="52.4159451" lon="5.0054040" />
  <node id="886756825" lat="52.4132817" lon="4.9921595" />
  <node id="886758253" lat="52.4147840" lon="5.0016340" />
  <node id="886758382" lat="52.4120486" lon="4.9958687" />
  <node id="886759216" lat="52.4114363" lon="4.9966008" />
  <node id="886760480" lat="52.4135846" lon="5.0008000" />
  <node id="886761450" lat="52.4156108" lon="5.0077179" />
  <node id="886761529" lat="52.4150728" lon="5.0043263" />
  <node id="886762650" lat="52.4133599" lon="4.9977865" />
  <node id="886762654" lat="52.4127199" lon="4.9925472" />
  <node id="886762859" lat="52.4152822" lon="5.0022943" />
  <node id="886763659" lat="52.4120129" lon="4.9986464" />
  <node id="886764653" lat="52.4119714" lon="4.9999787" />
  <node id="886765273" lat="52.4122682" lon="5.0008872" />
  <node id="886766463" lat="52.4143760" lon="5.0004546" />
  <node id="886766670" lat="52.4124971" lon="4.9974407" />
  <node id="886767712" lat="52.4123018" lon="4.9954681" />
  <node id="886767820" lat="52.4128021" lon="4.9986620" />
  <node id="886768327" lat="52.4125703" lon="4.9946228" />
  <node id="886768842" lat="52.4127788" lon="5.0017619" />
  <node id="886769622" lat="52.4154746" lon="5.0079465" />
  <node id="886769794" lat="52.4154557" lon="5.0053627" />
  <node id="886770392" lat="52.4159832" lon="5.0063598" />
  <node id="886770412" lat="52.4132586" lon="4.9950049" />
  <node id="886771015" lat="52.4139968" lon="4.9987415" />
  <node id="886771297" lat="52.4118545" lon="4.9959238" />
  <node id="886771751" lat="52.4127246" lon="5.0002766" />
  <node id="886772735" lat="52.4135112" lon="5.0036173" />
  <node id="886772764" lat="52.4162412" lon="5.0049388" />
  <node id="886772808" lat="52.4154826" lon="5.0063511" />
  <node id="886773093" lat="52.4129729" lon="4.9962559" />
  <node id="886773197" lat="52.4161068" lon="5.0050675" />
  <node id="886773214" lat="52.4128189" lon="4.9929527" />
  <node id="886774774" lat="52.4153566" lon="5.0034144" />
  <node id="886774883" lat="52.4120131" lon="4.9957160" />
  <node id="886775021" lat="52.4160307" lon="5.0047126" />
  <node id="886775429" lat="52.4162955" lon="5.0047219" />
  <node id="886775958" lat="52.4112566" lon="4.9968947" />
  <node id="886776603" lat="52.4154704" lon="5.0078099" />
  <node id="886776733" lat="52.4138079" lon="5.0013406" />
  <node id="886777989" lat="52.4155563" lon="5.0076606" />
  <node id="886778130" lat="52.4135382" lon="5.0000287" />
  <node id="886778776" lat="52.4130925" lon="4.9919636" />
  <node id="886778861" lat="52.4131895" lon="4.9997222" />
  <node id="886781008" lat="52.4126399" lon="5.0003290" />
  <node id="886781860" lat="52.4108420" lon="4.9975576" />
  <node id="886782703" lat="52.4143905" lon="4.9975916" />
  <node id="886783489" lat="52.4160207" lon="5.0055944" />
  <node id="886783684" lat="52.4160885" lon="5.0049831" />
  <node id="886785298" lat="52.4130480" lon="4.9970795" />
  <node id="886785392" lat="52.4130518" lon="4.9992528" />
  <node id="886786391" lat="52.4126262" lon="5.0014585" />
  <node id="886788541" lat="52.4152912" lon="5.0081252" />
  <node id="886788762" lat="52.4142243" lon="5.0026821" />
  <node id="886790393" lat="52.4156025" lon="5.0044214" />
  <node id="886790424" lat="52.4140547" lon="4.9967634" />
  <node id="886792640" lat="52.4118991" lon="4.9959207" />
  <node id="886793961" lat="52.4126694" lon="4.9999707" />
  <node id="886796530" lat="52.4132667" lon="4.9999630" />
  <node id="886797424" lat="52.4126308" lon="4.9955618" />
  <node id="886797795" lat="52.4127125" lon="4.9931315" />
  <node id="886798878" lat="52.4162005" lon="5.0051220" />
  <node id="886799178" lat="52.4153727" lon="5.0035215" />
  <node id="886799465" lat="52.4156085" lon="5.0034093" />
  <node id="886800369" lat="52.4113306" lon="4.9969250" />
  <node id="886800776" lat="52.4126177" lon="4.9948499" />
  <node id="886801600" lat="52.4123113" lon="5.0008429" />
  <node id="886801738" lat="52.4138544" lon="5.0015636" />
  <node id="886802736" lat="52.4133876" lon="4.9996611" />
  <node id="886803739" lat="52.4138779" lon="4.9990909" />
  <node id="886803898" lat="52.4132694" lon="4.9993190" />
  <node id="886805010" lat="52.4123989" lon="4.9975734" />
  <node id="886805964" lat="52.4112155" lon="4.9969289" />
  <node id="1198453662" lat="52.3835168" lon="4.7827304" />
  <node id="1198456921" lat="52.3830250" lon="4.7815095" />
  <node id="1198457458" lat="52.3839605" lon="4.7830321" />
  <node id="1198457610" lat="52.3849612" lon="4.7785489" />
  <node id="1198457926" lat="52.3833901" lon="4.7822123" />
  <node id="1198459127" lat="52.3835501" lon="4.7818448" />
  <node id="1198459765" lat="52.3857404" lon="4.7774482" />
  <node id="1198460854" lat="52.3835996" lon="4.7812112" />
  <node id="1198461577" lat="52.3834710" lon="4.7790585" />
  <node id="1198463656" lat="52.3836508" lon="4.7827697" />
  <node id="1198463830" lat="52.3849582" lon="4.7782640" />
  <node id="1198464067" lat="52.3833008" lon="4.7819114" />
  <node id="1198466157" lat="52.3836540" lon="4.7818011" />
  <node id="1198471794" lat="52.3848333" lon="4.7778036" />
  <node id="1198472105" lat="52.3837757" lon="4.7803845" />
  <node id="1198473332" lat="52.3834251" lon="4.7828534" />
  <node id="1198476397" lat="52.3838739" lon="4.7838919" />
  <node id="1198476542" lat="52.3849954" lon="4.7790015" />
  <node id="1198478395" lat="52.3835456" lon="4.7815286" />
  <node id="1198479003" lat="52.3848483" lon="4.7775990" />
  <node id="1198479296" lat="52.3834094" lon="4.7826857" />
  <node id="1198481336" lat="52.3837829" lon="4.7835600" />
  <node id="1198483319" lat="52.3839875" lon="4.7830401" />
  <node id="1198483520" lat="52.3851052" lon="4.7785970" />
  <node id="1198483939" lat="52.3834427" lon="4.7823288" />
  <node id="1198485009" lat="52.3839132" lon="4.7802915" />
  <node id="1198485607" lat="52.3858691" lon="4.7776267" />
  <node id="1198486998" lat="52.3835011" lon="4.7817638" />
  <node id="1198488070" lat="52.3833921" lon="4.7792420" />
  <node id="1198491005" lat="52.3849887" lon="4.7783291" />
  <node id="1198491527" lat="52.3835453" lon="4.7814113" />
  <node id="1198491723" lat="52.3855300" lon="4.7780974" />
  <node id="1198492989" lat="52.3840015" lon="4.7822897" />
  <node id="1198493569" lat="52.3832768" lon="4.7797011" />
  <node id="1198494765" lat="52.3849429" lon="4.7792038" />
  <node id="1198495046" lat="52.3838073" lon="4.7787823" />
  <node id="1198496430" lat="52.3848277" lon="4.7779837" />
  <node id="1198496671" lat="52.3831575" lon="4.7820580" />
  <node id="1198496818" lat="52.3838736" lon="4.7803514" />
  <node id="1198499542" lat="52.3838331" lon="4.7837024" />
  <node id="1198499651" lat="52.3849907" lon="4.7790479" />
  <node id="1198502917" lat="52.3837039" lon="4.7833763" />
  <node id="1198504759" lat="52.3850243" lon="4.7788456" />
  <node id="1198504915" lat="52.3834932" lon="4.7823854" />
  <node id="1198505036" lat="52.3830860" lon="4.7815316" />
  <node id="1198505129" lat="52.3851239" lon="4.7787783" />
  <node id="1198505928" lat="52.3836928" lon="4.7816394" />
  <node id="1198506584" lat="52.3858629" lon="4.7777830" />
  <node id="1198507439" lat="52.3849254" lon="4.7793418" />
  <node id="1198507655" lat="52.3832222" lon="4.7793921" />
  <node id="1198509710" lat="52.3833405" lon="4.7820733" />
  <node id="1198509856" lat="52.3835451" lon="4.7813789" />
  <node id="1198509964" lat="52.3853039" lon="4.7784180" />
  <node id="1198511275" lat="52.3837822" lon="4.7820953" />
  <node id="1198511867" lat="52.3831504" lon="4.7799386" />
  <node id="1198512671" lat="52.3830135" lon="4.7813327" />
  <node id="1198513066" lat="52.3835027" lon="4.7814904" />
  <node id="1198513398" lat="52.3849296" lon="4.7792442" />
  <node id="1198513756" lat="52.3836109" lon="4.7788783" />
  <node id="1198515501" lat="52.3838713" lon="4.7814032" />
  <node id="1198516051" lat="52.3834665" lon="4.7814488" />
  <node id="1198516446" lat="52.3835525" lon="4.7819023" />
  <node id="1198518673" lat="52.3837244" lon="4.7828335" />
  <node id="1198518768" lat="52.3849767" lon="4.7790922" />
  <node id="1198520390" lat="52.3836232" lon="4.7818223" />
  <node id="1198522837" lat="52.3833830" lon="4.7802837" />
  <node id="1198523881" lat="52.3835625" lon="4.7831554" />
  <node id="1198526718" lat="52.3850008" lon="4.7789593" />
  <node id="1198527155" lat="52.3835332" lon="4.7824073" />
  <node id="1198527687" lat="52.3850816" lon="4.7789175" />
  <node id="1198529627" lat="52.3836701" lon="4.7816650" />
  <node id="1198532155" lat="52.3857403" lon="4.7778735" />
  <node id="1198533612" lat="52.3833766" lon="4.7818364" />
  <node id="1198534019" lat="52.3849402" lon="4.7793974" />
  <node id="1198534553" lat="52.3832484" lon="4.7795311" />
  <node id="1198534739" lat="52.3849877" lon="4.7796602" />
  <node id="1198537005" lat="52.3848401" lon="4.7776433" />
  <node id="1198537455" lat="52.3833836" lon="4.7827357" />
  <node id="1198537682" lat="52.3837324" lon="4.7807692" />
  <node id="1198540429" lat="52.3837103" lon="4.7820413" />
  <node id="1198543581" lat="52.3835052" lon="4.7816664" />
  <node id="1198543843" lat="52.3839987" lon="4.7840840" />
  <node id="1198546804" lat="52.3839755" lon="4.7802898" />
  <node id="1198548074" lat="52.3847316" lon="4.7773106" />
  <node id="1198548515" lat="52.3836093" lon="4.7824037" />
  <node id="1198549907" lat="52.3832218" lon="4.7813880" />
  <node id="1198553864" lat="52.3830861" lon="4.7818403" />
  <node id="1198555164" lat="52.3838409" lon="4.7829266" />
  <node id="1198555407" lat="52.3849681" lon="4.7791441" />
  <node id="1198560556" lat="52.3836961" lon="4.7809954" />
  <node id="1198565895" lat="52.3835959" lon="4.7827405" />
  <node id="1198566175" lat="52.3848515" lon="4.7781837" />
  <node id="1198566670" lat="52.3831167" lon="4.7819160" />
  <node id="1198567070" lat="52.3850239" lon="4.7792284" />
  <node id="1198569173" lat="52.3836577" lon="4.7817043" />
  <node id="1198572457" lat="52.3834585" lon="4.7816379" />
  <node id="1198572890" lat="52.3849351" lon="4.7796629" />
  <node id="1198573513" lat="52.3838416" lon="4.7787720" />
  <node id="1198576769" lat="52.3848452" lon="4.7777224" />
  <node id="1198577070" lat="52.3833556" lon="4.7825958" />
  <node id="1198577205" lat="52.3837375" lon="4.7805578" />
  <node id="1198577329" lat="52.3852220" lon="4.7785648" />
  <node id="1198579001" lat="52.3839924" lon="4.7816263" />
  <node id="1198581788" lat="52.3838982" lon="4.7840875" />
  <node id="1198581986" lat="52.3849218" lon="4.7792853" />
  <node id="1198584318" lat="52.3839905" lon="4.7815182" />
  <node id="1198585267" lat="52.3847885" lon="4.7774878" />
  <node id="1506205716" lat="52.3894821" lon="4.8454813" />
  <node id="1506205720" lat="52.3906045" lon="4.8454670" />
  <node id="1506205743" lat="52.3932873" lon="4.8451611" />
  <node id="1506205749" lat="52.3947441" lon="4.8450939" />
  <node id="1506205750" lat="52.3949650" lon="4.8467334" />
  <node id="1585013813" lat="52.3940724" lon="4.8603556" />
  <node id="1711336905" lat="52.4081987" lon="4.9065221" />
  <node id="1711336906" lat="52.4117983" lon="4.9022144" />
  <node id="1711336907" lat="52.4084401" lon="4.9063403" />
  <node id="1711336908" lat="52.4070510" lon="4.9004949" />
  <node id="1711336914" lat="52.4064856" lon="4.9059426" />
  <node id="1711336915" lat="52.4044090" lon="4.9016726" />
  <node id="1711336916" lat="52.4109475" lon="4.9033731" />
  <node id="1711336917" lat="52.4054113" lon="4.8997630" />
  <node id="1711336918" lat="52.4089645" lon="4.9059427" />
  <node id="1806778727" lat="52.3856330" lon="4.7779743" />
  <node id="1826733183" lat="52.3955502" lon="4.8599549" />
  <node id="1826834760" lat="52.3960281" lon="4.8589020" />
  <node id="1826851085" lat="52.3960426" lon="4.8589235" />
  <node id="1856292469" lat="52.4089650" lon="4.9004262" />
  <node id="1995035887" lat="52.3949506" lon="4.8458895" />
  <node id="1995035955" lat="52.3949555" lon="4.8474643" />
  <node id="2738248697" lat="52.3936409" lon="4.8572439" />
  <node id="2738248752" lat="52.3938227" lon="4.8570855" />
  <node id="2738248876" lat="52.3945533" lon="4.8569117" />
  <node id="2738248945" lat="52.3948275" lon="4.8568986" />
  <node id="2782087276" lat="52.3950497" lon="4.8559554" />
  <node id="2782087280" lat="52.3948729" lon="4.8558199" />
  <node id="2782087282" lat="52.3951607" lon="4.8566571" />
  <node id="2787922485" lat="52.3933579" lon="4.8605234" />
  <node id="2787922486" lat="52.3933599" lon="4.8605517" />
  <node id="2787922560" lat="52.3934720" lon="4.8604986" />
  <node id="2787922562" lat="52.3934738" lon="4.8605266" />
  <node id="2814565755" lat="52.4146463" lon="4.9987096" />
  <node id="2814565756" lat="52.4124171" lon="4.9933840" />
  <node id="2814565757" lat="52.4156035" lon="5.0015087" />
  <node id="2814565758" lat="52.4123862" lon="4.9931312" />
  <node id="2814565760" lat="52.4143867" lon="4.9979648" />
  <node id="2814565761" lat="52.4141515" lon="4.9973966" />
  <node id="2888279669" lat="52.4159719" lon="5.0054635" />
  <node id="2888279670" lat="52.4158763" lon="5.0066671" />
  <node id="2888279671" lat="52.4157347" lon="5.0069892" />
  <node id="2888280868" lat="52.4139846" lon="4.9969219" />
  <node id="2888280871" lat="52.4141474" lon="4.9972840" />
  <node id="2888280875" lat="52.4130725" lon="4.9948592" />
  <node id="2888280876" lat="52.4128803" lon="4.9943959" />
  <node id="2889318241" lat="52.4120488" lon="4.9955985" />
  <node id="2889318243" lat="52.4122414" lon="4.9954319" />
  <node id="2889321835" lat="52.4125341" lon="4.9946612" />
  <node id="2889321836" lat="52.4125647" lon="4.9954092" />
  <node id="3569448342" lat="52.4130854" lon="4.9920235" />
  <node id="3648973507" lat="52.4125111" lon="4.9935940" />
  <node id="3649768208" lat="52.4144738" lon="4.9982006" />
  <node id="3649776647" lat="52.4139380" lon="4.9988409" />
  <node id="3649776649" lat="52.4136356" lon="4.9984319" />
  <node id="3649776650" lat="52.4124429" lon="4.9958113" />
  <node id="3649776652" lat="52.4139629" lon="4.9989466" />
  <node id="3649776654" lat="52.4137076" lon="4.9986786" />
  <node id="3649776655" lat="52.4123420" lon="4.9955674" />
  <node id="3649776656" lat="52.4140514" lon="4.9988680" />
  <node id="3649776657" lat="52.4129067" lon="4.9967594" />
  <node id="3649776658" lat="52.4127980" lon="4.9965785" />
  <node id="4205439739" lat="52.3834547" lon="4.7812880">
    <tag k="amenity" v="parking" />
  </node>
  <node id="4914897282" lat="52.3948529" lon="4.8588284" />
  <node id="4914897285" lat="52.3923493" lon="4.8558638" />
  <node id="4914897286" lat="52.3930222" lon="4.8632146" />
  <node id="4914897287" lat="52.3945507" lon="4.8605012" />
  <node id="4914897288" lat="52.3932811" lon="4.8631566" />
  <node id="4914897307" lat="52.3945524" lon="4.8606706" />
  <node id="4914897309" lat="52.3950918" lon="4.8588362" />
  <node id="4914897313" lat="52.3946061" lon="4.8604777" />
  <node id="4914900026" lat="52.3923339" lon="4.8560377" />
  <node id="4914900027" lat="52.3924847" lon="4.8558629" />
  <node id="4914900028" lat="52.3924977" lon="4.8563203" />
  <node id="4914900037" lat="52.3925356" lon="4.8561728" />
  <node id="4914900040" lat="52.3944766" lon="4.8608333" />
  <node id="4914900044" lat="52.3924671" lon="4.8560915" />
  <node id="5150013421" lat="52.4077267" lon="4.9007715" />
  <node id="5150013428" lat="52.4081751" lon="4.9007524" />
  <node id="6042845702" lat="52.3855756" lon="4.7773050" />
  <node id="6042845704" lat="52.3849746" lon="4.7772915" />
  <node id="6042845714" lat="52.3852510" lon="4.7773002" />
  <node id="6042869936" lat="52.3845398" lon="4.7691649" />
  <node id="6042869943" lat="52.3845437" lon="4.7695410" />
  <node id="6042869945" lat="52.3845251" lon="4.7680997" />
  <node id="6291693117" lat="52.3947917" lon="4.8604416" />
  <node id="6291693118" lat="52.3946953" lon="4.8608332" />
  <node id="6291693119" lat="52.3945611" lon="4.8607571" />
  <node id="6291693121" lat="52.3946822" lon="4.8607125" />
  <node id="6291693122" lat="52.3946465" lon="4.8607352" />
  <node id="6291693123" lat="52.3945301" lon="4.8605808" />
  <node id="6291714327" lat="52.3946371" lon="4.8603193" />
  <node id="6291714328" lat="52.3947777" lon="4.8594746" />
  <node id="6291714329" lat="52.3948944" lon="4.8581749" />
  <node id="6291714330" lat="52.3948646" lon="4.8586819" />
  <node id="6291714331" lat="52.3948947" lon="4.8581648" />
  <node id="6291714438" lat="52.3952089" lon="4.8562943" />
  <node id="6291714439" lat="52.3951625" lon="4.8568400" />
  <node id="6291714440" lat="52.3952103" lon="4.8570308" />
  <node id="6291714441" lat="52.3952074" lon="4.8574190" />
  <node id="6291714442" lat="52.3951877" lon="4.8579224" />
  <node id="6291714444" lat="52.3951666" lon="4.8582169" />
  <node id="6291714449" lat="52.3944413" lon="4.8576294" />
  <node id="6352039862" lat="52.3846062" lon="4.7816070">
    <tag k="operator" v="ProRail" />
    <tag k="railway" v="signal" />
    <tag k="railway:position:exact" v="6.83" />
    <tag k="railway:signal:direction" v="forward" />
    <tag k="railway:signal:main" v="NL" />
    <tag k="railway:signal:main:form" v="light" />
    <tag k="railway:signal:main:states" v="NL:201;NL:202;NL:206;NL:209;NL:210;NL:212;NL:214;NL:215" />
    <tag k="railway:signal:position" v="right" />
    <tag k="railway:signal:speed_limit" v="NL" />
    <tag k="railway:signal:speed_limit:form" v="light" />
    <tag k="railway:signal:speed_limit:speed" v="40" />
    <tag k="railway:signal:speed_limit:states" v="4;off" />
    <tag k="railway:signal:traversable" v="NL:291c" />
    <tag k="railway:signal:traversable:form" v="sign" />
    <tag k="railway:signal:traversable:type" v="on_no_contact_on_sight" />
    <tag k="ref" v="1895" />
    <tag k="source" v="ProRail" />
    <tag k="start_date" v="2014-02-25" />
  </node>
  <node id="6352039863" lat="52.3845652" lon="4.7816056">
    <tag k="operator" v="ProRail" />
    <tag k="railway" v="signal" />
    <tag k="railway:position:exact" v="6.83" />
    <tag k="railway:signal:direction" v="backward" />
    <tag k="railway:signal:main" v="NL" />
    <tag k="railway:signal:main:form" v="light" />
    <tag k="railway:signal:main:states" v="NL:201;NL:202;NL:206;NL:209;NL:210;NL:212;NL:214;NL:215" />
    <tag k="railway:signal:position" v="left" />
    <tag k="railway:signal:speed_limit" v="NL" />
    <tag k="railway:signal:speed_limit:form" v="light" />
    <tag k="railway:signal:speed_limit:speed" v="40" />
    <tag k="railway:signal:speed_limit:states" v="4;off" />
    <tag k="railway:signal:traversable" v="NL:291c" />
    <tag k="railway:signal:traversable:form" v="sign" />
    <tag k="railway:signal:traversable:type" v="on_no_contact_on_sight" />
    <tag k="ref" v="1893" />
    <tag k="source" v="ProRail" />
    <tag k="start_date" v="2009-03-18" />
  </node>
  <node id="6360833842" lat="52.3954801" lon="4.8572215">
    <tag k="description" v="Warning lights; flashes when train is approaching" />
    <tag k="description:nl" v="waarschuwingsinstallatie" />
    <tag k="operator" v="ProRail" />
    <tag k="railway" v="signal" />
    <tag k="railway:position:exact" v="50.69" />
    <tag k="ref" v="wi" />
    <tag k="source" v="ProRail" />
    <tag k="start_date" v="2009-12-14" />
  </node>
  <node id="6360833843" lat="52.3954457" lon="4.8572174">
    <tag k="description" v="Warning lights; flashes when train is approaching" />
    <tag k="description:nl" v="waarschuwingsinstallatie" />
    <tag k="operator" v="ProRail" />
    <tag k="railway" v="signal" />
    <tag k="railway:position:exact" v="50.69" />
    <tag k="ref" v="wi" />
    <tag k="source" v="ProRail" />
    <tag k="start_date" v="2009-12-14" />
  </node>
  <node id="6367920808" lat="52.3953919" lon="4.8556258" />
  <node id="6384424899" lat="52.4140997" lon="4.9997016" />
  <node id="6443189117" lat="52.4125825" lon="4.9947667" />
  <node id="6445161499" lat="52.4124561" lon="4.9951630" />
  <node id="6445180367" lat="52.4127859" lon="4.9958186" />
  <node id="6445219866" lat="52.4135330" lon="4.9958986" />
  <node id="6445261966" lat="52.4157984" lon="5.0063445" />
  <node id="6445261967" lat="52.4152062" lon="5.0047330" />
  <node id="6445261974" lat="52.4152768" lon="5.0047942" />
  <node id="6445261975" lat="52.4155051" lon="5.0077284" />
  <node id="6445261978" lat="52.4157671" lon="5.0064548" />
  <node id="6456270797" lat="52.3858371" lon="4.8017946" />
  <node id="6456270798" lat="52.3859122" lon="4.8017137" />
  <node id="6456483525" lat="52.3844901" lon="4.7649967" />
  <node id="6456483526" lat="52.3844934" lon="4.7651184" />
  <node id="6456483527" lat="52.3845034" lon="4.7658496" />
  <node id="6456483528" lat="52.3845084" lon="4.7665794" />
  <node id="6456483529" lat="52.3845142" lon="4.7671453" />
  <node id="6456483530" lat="52.3845159" lon="4.7674966" />
  <node id="6456483531" lat="52.3845485" lon="4.7706525" />
  <node id="6456483532" lat="52.3845560" lon="4.7715354" />
  <node id="6456483533" lat="52.3845635" lon="4.7724949" />
  <node id="6456483534" lat="52.3845768" lon="4.7735145" />
  <node id="6456483535" lat="52.3845827" lon="4.7745464" />
  <node id="6456483536" lat="52.3845902" lon="4.7756549" />
  <node id="6456483537" lat="52.3845952" lon="4.7764025" />
  <node id="6456483538" lat="52.3845968" lon="4.7770094" />
  <node id="6456483539" lat="52.3846018" lon="4.7778527" />
  <node id="6456483540" lat="52.3846102" lon="4.7789310" />
  <node id="6456483541" lat="52.3846202" lon="4.7800272" />
  <node id="6456483542" lat="52.3846277" lon="4.7811370" />
  <node id="6456483543" lat="52.3846419" lon="4.7822346" />
  <node id="6456483544" lat="52.3846469" lon="4.7833348" />
  <node id="6456483545" lat="52.3846544" lon="4.7844419" />
  <node id="6456483546" lat="52.3846611" lon="4.7855504" />
  <node id="6456483547" lat="52.3846719" lon="4.7866629" />
  <node id="6456483548" lat="52.3846744" lon="4.7877523" />
  <node id="6456483549" lat="52.3846853" lon="4.7888498" />
  <node id="6456483550" lat="52.3846853" lon="4.7898913" />
  <node id="6456483551" lat="52.3847036" lon="4.7908863" />
  <node id="6456483552" lat="52.3847203" lon="4.7918225" />
  <node id="6456483553" lat="52.3847378" lon="4.7926891" />
  <node id="6456483554" lat="52.3847670" lon="4.7935488" />
  <node id="6456483555" lat="52.3848279" lon="4.7945001" />
  <node id="6456483556" lat="52.3848980" lon="4.7953898" />
  <node id="6456483557" lat="52.3849831" lon="4.7962495" />
  <node id="6456483558" lat="52.3850849" lon="4.7971174" />
  <node id="6456483559" lat="52.3852100" lon="4.7979744" />
  <node id="6456483560" lat="52.3853309" lon="4.7987521" />
  <node id="6456483561" lat="52.3854536" lon="4.7994560" />
  <node id="6456483562" lat="52.3855729" lon="4.8000847" />
  <node id="6456483563" lat="52.3856830" lon="4.8006383" />
  <node id="6456483564" lat="52.3857764" lon="4.8010838" />
  <node id="6456483565" lat="52.3858448" lon="4.8014091" />
  <node id="6456483576" lat="52.3856813" lon="4.8011453" />
  <node id="6456483577" lat="52.3855929" lon="4.8007011" />
  <node id="6456483578" lat="52.3854786" lon="4.8001490" />
  <node id="6456483579" lat="52.3853526" lon="4.7995339" />
  <node id="6456483580" lat="52.3852600" lon="4.7990159" />
  <node id="6456483581" lat="52.3851983" lon="4.7986455" />
  <node id="6456483582" lat="52.3849998" lon="4.7973976" />
  <node id="6456483583" lat="52.3847795" lon="4.7956099" />
  <node id="6456483584" lat="52.3846194" lon="4.7931551" />
  <node id="6456485185" lat="52.3845760" lon="4.7910120" />
  <node id="6456485186" lat="52.3845493" lon="4.7868679" />
  <node id="6456485187" lat="52.3845359" lon="4.7835603" />
  <node id="6456485188" lat="52.3844959" lon="4.7793834" />
  <node id="6456485189" lat="52.3844659" lon="4.7754635" />
  <node id="6456485190" lat="52.3844458" lon="4.7719864" />
  <node id="6456485191" lat="52.3844189" lon="4.7683070" />
  <node id="6456485514" lat="52.3850103" lon="4.7793343" />
  <node id="6456485517" lat="52.3850490" lon="4.7790679" />
  <node id="6468330050" lat="52.3938250" lon="4.8582596" />
  <node id="6468330051" lat="52.3937877" lon="4.8582430" />
  <node id="6468330052" lat="52.3941085" lon="4.8577916" />
  <node id="6468330053" lat="52.3945148" lon="4.8576467" />
  <node id="6468330056" lat="52.3938566" lon="4.8582287" />
  <node id="6468330062" lat="52.3939822" lon="4.8581157" />
  <node id="7399084523" lat="52.3834094" lon="4.7816733" />
  <node id="7399084531" lat="52.3834384" lon="4.7817019" />
  <node id="7399084540" lat="52.3834142" lon="4.7818022" />
  <node id="7399084547" lat="52.3834426" lon="4.7818340" />
  <node id="7934466570" lat="52.3959963" lon="4.8588965" />
  <node id="7953824927" lat="52.3947940" lon="4.8616616" />
  <node id="7953824928" lat="52.3948463" lon="4.8615527" />
  <node id="7953824929" lat="52.3948212" lon="4.8615887" />
  <node id="7953824930" lat="52.3948107" lon="4.8616059" />
  <node id="7953824931" lat="52.3948570" lon="4.8615369" />
  <node id="7953824932" lat="52.3948849" lon="4.8614965" />
  <node id="7953824933" lat="52.3947858" lon="4.8616826" />
  <node id="7953824934" lat="52.3949330" lon="4.8614131" />
  <node id="7953824935" lat="52.3949546" lon="4.8613716" />
  <node id="7953824936" lat="52.3949121" lon="4.8614492" />
  <node id="7953824937" lat="52.3949986" lon="4.8612916" />
  <node id="7953824938" lat="52.3951613" lon="4.8609575" />
  <node id="7953824939" lat="52.3951789" lon="4.8609127" />
  <node id="7953824940" lat="52.3951697" lon="4.8609261" />
  <node id="7953824941" lat="52.3952006" lon="4.8608811" />
  <node id="7953824942" lat="52.3951897" lon="4.8608997" />
  <node id="7953824943" lat="52.3951512" lon="4.8609822" />
  <node id="7953824944" lat="52.3953655" lon="4.8605234" />
  <node id="7953824945" lat="52.3954219" lon="4.8603897" />
  <node id="7953824946" lat="52.3954231" lon="4.8603783" />
  <node id="7953824947" lat="52.3954283" lon="4.8603625" />
  <node id="7953824948" lat="52.3954475" lon="4.8603293" />
  <node id="7953824949" lat="52.3954352" lon="4.8603439" />
  <node id="7953824950" lat="52.3954202" lon="4.8603950" />
  <node id="7953824951" lat="52.3954582" lon="4.8603084" />
  <node id="7953824952" lat="52.3952091" lon="4.8608629" />
  <node id="7953824953" lat="52.3952421" lon="4.8605847" />
  <node id="7953824954" lat="52.3952651" lon="4.8605436" />
  <node id="7953824955" lat="52.3952497" lon="4.8604927" />
  <node id="7953824956" lat="52.3953314" lon="4.8603298" />
  <node id="7953824957" lat="52.3954294" lon="4.8601156" />
  <node id="7953824958" lat="52.3954386" lon="4.8601718" />
  <node id="7953824959" lat="52.3956144" lon="4.8599503" />
  <node id="7953824960" lat="52.3956942" lon="4.8597768" />
  <node id="7953824961" lat="52.3955388" lon="4.8601244" />
  <node id="7953824962" lat="52.3954049" lon="4.8602463" />
  <node id="7953824963" lat="52.3953341" lon="4.8603993" />
  <node id="7953824964" lat="52.3954346" lon="4.8601027" />
  <node id="7953824965" lat="52.3954401" lon="4.8600871" />
  <node id="7953824966" lat="52.3954858" lon="4.8600484" />
  <node id="7953824967" lat="52.3954982" lon="4.8599989" />
  <node id="7953824968" lat="52.3954729" lon="4.8600928" />
  <node id="7953824969" lat="52.3954444" lon="4.8599824" />
  <node id="7953824970" lat="52.3954513" lon="4.8599291" />
  <node id="7953824971" lat="52.3956096" lon="4.8595669" />
  <node id="7953824972" lat="52.3956009" lon="4.8598763" />
  <node id="7953824973" lat="52.3956211" lon="4.8598263" />
  <node id="7953824974" lat="52.3956697" lon="4.8597070" />
  <node id="7953824975" lat="52.3957552" lon="4.8595097" />
  <node id="7953824976" lat="52.3957694" lon="4.8596074" />
  <node id="7953824977" lat="52.3958605" lon="4.8593927" />
  <node id="7953824978" lat="52.3958145" lon="4.8595016" />
  <node id="7953824979" lat="52.3959054" lon="4.8592778" />
  <node id="7953824980" lat="52.3959091" lon="4.8592864" />
  <node id="7953824981" lat="52.3958993" lon="4.8592503" />
  <node id="7953824982" lat="52.3959379" lon="4.8591184" />
  <node id="7953824983" lat="52.3959080" lon="4.8591800" />
  <node id="7953824984" lat="52.3958509" lon="4.8593019" />
  <node id="7953824985" lat="52.3959632" lon="4.8590543" />
  <node id="7953824986" lat="52.3960005" lon="4.8589246" />
  <node id="7953824987" lat="52.3960030" lon="4.8589163" />
  <node id="7953824988" lat="52.3959971" lon="4.8589012" />
  <node id="7953824989" lat="52.3960019" lon="4.8589104" />
  <node id="7953824990" lat="52.3959994" lon="4.8589319" />
  <node id="7953824991" lat="52.3959930" lon="4.8589906" />
  <node id="7953824992" lat="52.3959959" lon="4.8589800" />
  <node id="7953824993" lat="52.3959966" lon="4.8589661" />
  <node id="7953824994" lat="52.3953100" lon="4.8606468" />
  <node id="7953824995" lat="52.3951080" lon="4.8610705" />
  <node id="7953824996" lat="52.3945968" lon="4.8620212" />
  <node id="7953824997" lat="52.3947031" lon="4.8618300" />
  <node id="7953824998" lat="52.3947261" lon="4.8614873" />
  <node id="7953824999" lat="52.3948702" lon="4.8610968" />
  <node id="7953825000" lat="52.3948012" lon="4.8612878" />
  <node id="7953825001" lat="52.3945951" lon="4.8618043" />
  <node id="7953825002" lat="52.3945430" lon="4.8619217" />
  <node id="7953825003" lat="52.3942224" lon="4.8625617" />
  <node id="7953825004" lat="52.3943062" lon="4.8624056" />
  <node id="7953825005" lat="52.3940264" lon="4.8628984" />
  <node id="7953825006" lat="52.3938584" lon="4.8631587" />
  <node id="7953825007" lat="52.3938002" lon="4.8632432" />
  <node id="7953825008" lat="52.3938451" lon="4.8631852" />
  <node id="7953825009" lat="52.3940408" lon="4.8628965" />
  <node id="7953825010" lat="52.3940120" lon="4.8629409" />
  <node id="7953825011" lat="52.3942518" lon="4.8625603" />
  <node id="7953825012" lat="52.3943047" lon="4.8624843" />
  <node id="7953825013" lat="52.3944127" lon="4.8623334" />
  <node id="7953825014" lat="52.3944302" lon="4.8622914" />
  <node id="7953825015" lat="52.3944135" lon="4.8623103" />
  <node id="7953825016" lat="52.3944716" lon="4.8622381" />
  <node id="7953825017" lat="52.3944504" lon="4.8622726" />
  <node id="7953825040" lat="52.3937114" lon="4.8633716" />
  <node id="7966539173" lat="52.3949866" lon="4.8607422" />
  <node id="7966539174" lat="52.3950715" lon="4.8604554" />
  <node id="7966539177" lat="52.3951444" lon="4.8601866" />
  <node id="7966539178" lat="52.3951933" lon="4.8599885" />
  <node id="7966539179" lat="52.3952133" lon="4.8599011" />
  <node id="7966604387" lat="52.3952893" lon="4.8595504" />
  <node id="7966604388" lat="52.3953327" lon="4.8593219" />
  <node id="7966604389" lat="52.3953937" lon="4.8589604" />
  <node id="7966604390" lat="52.3955353" lon="4.8569952" />
  <node id="7966604391" lat="52.3955339" lon="4.8566354" />
  <node id="7966604392" lat="52.3955314" lon="4.8560759" />
  <node id="7966604393" lat="52.3955191" lon="4.8557277" />
  <node id="7966604394" lat="52.3955263" lon="4.8557387" />
  <node id="7966604395" lat="52.3955237" lon="4.8557320" />
  <node id="7966604396" lat="52.3955269" lon="4.8557466" />
  <node id="7966604397" lat="52.3955128" lon="4.8556181" />
  <node id="7966604398" lat="52.3955132" lon="4.8556692" />
  <node id="7966604399" lat="52.3955138" lon="4.8557275" />
  <node id="7966604400" lat="52.3952173" lon="4.8557293" />
  <node id="7966604401" lat="52.3952228" lon="4.8557291" />
  <node id="7966604402" lat="52.3952218" lon="4.8556318" />
  <node id="7966604403" lat="52.3954633" lon="4.8556215" />
  <node id="7966604404" lat="52.3954631" lon="4.8556685" />
  <node id="7966604405" lat="52.3954120" lon="4.8556674" />
  <node id="7966604406" lat="52.3954124" lon="4.8557224" />
  <node id="7966604407" lat="52.3954054" lon="4.8557227" />
  <node id="7966604408" lat="52.3954018" lon="4.8557254" />
  <node id="7966604409" lat="52.3953623" lon="4.8556552" />
  <node id="7966604410" lat="52.3953554" lon="4.8556624" />
  <node id="7966604411" lat="52.3953961" lon="4.8557343" />
  <node id="7966604412" lat="52.3953945" lon="4.8557390" />
  <node id="7966604413" lat="52.3953929" lon="4.8557462" />
  <node id="7966604414" lat="52.3953926" lon="4.8557511" />
  <node id="7966604415" lat="52.3953989" lon="4.8559694" />
  <node id="7966604416" lat="52.3954058" lon="4.8563104" />
  <node id="7966604417" lat="52.3953966" lon="4.8568698" />
  <node id="7966604418" lat="52.3953977" lon="4.8571089" />
  <node id="7966604419" lat="52.3953954" lon="4.8572470" />
  <node id="7966604420" lat="52.3953903" lon="4.8575187" />
  <node id="7966604421" lat="52.3953842" lon="4.8577380" />
  <node id="7966604422" lat="52.3953698" lon="4.8579964" />
  <node id="7966604423" lat="52.3953505" lon="4.8582337" />
  <node id="7966604424" lat="52.3953154" lon="4.8585209" />
  <node id="7966604425" lat="52.3953002" lon="4.8586477" />
  <node id="7966604426" lat="52.3952818" lon="4.8587807" />
  <node id="7966604427" lat="52.3952616" lon="4.8589279" />
  <node id="7966604428" lat="52.3952369" lon="4.8590967" />
  <node id="7966604429" lat="52.3952208" lon="4.8591873" />
  <node id="7966604430" lat="52.3951831" lon="4.8593905" />
  <node id="7966604431" lat="52.3951537" lon="4.8595386" />
  <node id="7966604432" lat="52.3951025" lon="4.8597810" />
  <node id="7966604433" lat="52.3950533" lon="4.8599914" />
  <node id="7966604434" lat="52.3949971" lon="4.8602126" />
  <node id="7966604435" lat="52.3949615" lon="4.8603418" />
  <node id="7966604436" lat="52.3948999" lon="4.8605521" />
  <node id="7966604437" lat="52.3948518" lon="4.8607068" />
  <node id="7966604438" lat="52.3947735" lon="4.8609407" />
  <node id="7966604439" lat="52.3947053" lon="4.8611327" />
  <node id="7966604440" lat="52.3946432" lon="4.8612963" />
  <node id="7966604441" lat="52.3945767" lon="4.8614666" />
  <node id="7966604442" lat="52.3945096" lon="4.8616241" />
  <node id="7966604443" lat="52.3944190" lon="4.8618269" />
  <node id="7966604444" lat="52.3943457" lon="4.8619842" />
  <node id="7966604445" lat="52.3942772" lon="4.8621283" />
  <node id="7966604446" lat="52.3942277" lon="4.8622280" />
  <node id="7966604447" lat="52.3941567" lon="4.8623629" />
  <node id="7966604448" lat="52.3940850" lon="4.8624907" />
  <node id="7966604449" lat="52.3939929" lon="4.8626473" />
  <node id="7966604450" lat="52.3938945" lon="4.8628034" />
  <node id="7966604451" lat="52.3938237" lon="4.8629074" />
  <node id="7966604452" lat="52.3937313" lon="4.8630397" />
  <node id="7966604453" lat="52.3936457" lon="4.8631618" />
  <node id="7966604454" lat="52.3935704" lon="4.8632660" />
  <node id="7966604455" lat="52.3934484" lon="4.8634351" />
  <node id="7966604456" lat="52.3933432" lon="4.8635726" />
  <node id="7966604457" lat="52.3932442" lon="4.8636996" />
  <node id="7966604458" lat="52.3932490" lon="4.8637096" />
  <node id="7966604459" lat="52.3930902" lon="4.8639111" />
  <node id="7966604460" lat="52.3929793" lon="4.8640530" />
  <node id="7966604461" lat="52.3929649" lon="4.8640717" />
  <node id="7966604462" lat="52.3929991" lon="4.8640121" />
  <node id="7966604463" lat="52.3930154" lon="4.8639805" />
  <node id="7966604464" lat="52.3930304" lon="4.8639470" />
  <node id="7966604465" lat="52.3930422" lon="4.8639157" />
  <node id="7966604466" lat="52.3930485" lon="4.8638945" />
  <node id="7966604467" lat="52.3930558" lon="4.8638683" />
  <node id="7966604468" lat="52.3930642" lon="4.8638299" />
  <node id="7966604469" lat="52.3930674" lon="4.8638108" />
  <node id="7966604470" lat="52.3930715" lon="4.8637841" />
  <node id="7966604471" lat="52.3930745" lon="4.8637556" />
  <node id="7966604472" lat="52.3930761" lon="4.8637322" />
  <node id="7966604473" lat="52.3930771" lon="4.8636940" />
  <node id="7966604474" lat="52.3930524" lon="4.8635014" />
  <node id="7966604475" lat="52.3930767" lon="4.8636629" />
  <node id="7966604476" lat="52.3930753" lon="4.8636311" />
  <node id="7966604477" lat="52.3930715" lon="4.8635964" />
  <node id="7966604478" lat="52.3930665" lon="4.8635650" />
  <node id="7966604479" lat="52.3930574" lon="4.8635212" />
  <node id="7966604480" lat="52.3946027" lon="4.8604834" />
  <node id="7966604481" lat="52.3946079" lon="4.8604734" />
  <node id="7966604482" lat="52.3945853" lon="4.8604954" />
  <node id="7966604483" lat="52.3945729" lon="4.8604939" />
  <node id="7966604484" lat="52.3945795" lon="4.8604946" />
  <node id="7966604485" lat="52.3945988" lon="4.8604879" />
  <node id="7966604486" lat="52.3945902" lon="4.8604944" />
  <node id="7966604487" lat="52.3945646" lon="4.8604938" />
  <node id="7966604488" lat="52.3945550" lon="4.8604978" />
  <node id="7966604489" lat="52.3945596" lon="4.8604951" />
  <node id="7966604490" lat="52.3945691" lon="4.8604934" />
  <node id="7966604491" lat="52.3945456" lon="4.8606579" />
  <node id="7966604492" lat="52.3945356" lon="4.8606271" />
  <node id="7966604493" lat="52.3945305" lon="4.8605961" />
  <node id="7966604494" lat="52.3945303" lon="4.8605678" />
  <node id="7966604495" lat="52.3945337" lon="4.8605346" />
  <node id="7966604496" lat="52.3945436" lon="4.8605097" />
  <node id="7966604497" lat="52.3945402" lon="4.8606437" />
  <node id="7966604498" lat="52.3945325" lon="4.8606120" />
  <node id="7966604499" lat="52.3945314" lon="4.8605515" />
  <node id="7966604500" lat="52.3945377" lon="4.8605220" />
  <node id="7966604501" lat="52.3947055" lon="4.8606219" />
  <node id="7966604502" lat="52.3947266" lon="4.8605328" />
  <node id="7966604503" lat="52.3946092" lon="4.8604696" />
  <node id="7966604504" lat="52.3946111" lon="4.8604613" />
  <node id="7966604505" lat="52.3946268" lon="4.8603762" />
  <node id="7966604506" lat="52.3946173" lon="4.8604268" />
  <node id="7966604507" lat="52.3946754" lon="4.8601079" />
  <node id="7966604508" lat="52.3947450" lon="4.8596891" />
  <node id="7966604510" lat="52.3948530" lon="4.8601404" />
  <node id="7966604511" lat="52.3948055" lon="4.8601527" />
  <node id="7966604512" lat="52.3949892" lon="4.8594709" />
  <node id="7966604513" lat="52.3950230" lon="4.8592898" />
  <node id="7966604514" lat="52.3948888" lon="4.8583502" />
  <node id="7966604515" lat="52.3948751" lon="4.8585600" />
  <node id="7966604516" lat="52.3949600" lon="4.8593375" />
  <node id="7966604517" lat="52.3950348" lon="4.8588784" />
  <node id="7966604518" lat="52.3950003" lon="4.8591066" />
  <node id="7966604519" lat="52.3949976" lon="4.8580693" />
  <node id="7966604520" lat="52.3951182" lon="4.8580728" />
  <node id="7966604521" lat="52.3951092" lon="4.8580594" />
  <node id="7966604522" lat="52.3950944" lon="4.8580509" />
  <node id="7966604523" lat="52.3950760" lon="4.8580546" />
  <node id="7966604524" lat="52.3950825" lon="4.8580519" />
  <node id="7966604525" lat="52.3951135" lon="4.8580649" />
  <node id="7966604526" lat="52.3951218" lon="4.8580830" />
  <node id="7966604527" lat="52.3951012" lon="4.8580528" />
  <node id="7966604528" lat="52.3950633" lon="4.8580646" />
  <node id="7966604529" lat="52.3951045" lon="4.8579771" />
  <node id="7966604530" lat="52.3950924" lon="4.8580019" />
  <node id="7966604531" lat="52.3951252" lon="4.8581030" />
  <node id="7966604532" lat="52.3950606" lon="4.8580198" />
  <node id="7966604533" lat="52.3951208" lon="4.8579351" />
  <node id="7966604534" lat="52.3951295" lon="4.8578995" />
  <node id="7966604535" lat="52.3951366" lon="4.8578526" />
  <node id="7966604536" lat="52.3951257" lon="4.8579153" />
  <node id="7966604537" lat="52.3951372" lon="4.8578327" />
  <node id="7966604538" lat="52.3951331" lon="4.8578788" />
  <node id="7966604539" lat="52.3951395" lon="4.8577972" />
  <node id="7966604540" lat="52.3951536" lon="4.8574916" />
  <node id="7966604541" lat="52.3951479" lon="4.8576276" />
  <node id="7966604542" lat="52.3951608" lon="4.8572237" />
  <node id="7966604543" lat="52.3951628" lon="4.8569730" />
  <node id="7966604544" lat="52.3951621" lon="4.8570954" />
  <node id="7966604545" lat="52.3951597" lon="4.8564748" />
  <node id="7966604546" lat="52.3951605" lon="4.8565373" />
  <node id="7966604547" lat="52.3951517" lon="4.8562029" />
  <node id="7966604548" lat="52.3951583" lon="4.8564163" />
  <node id="7966604549" lat="52.3951511" lon="4.8561597" />
  <node id="7966604550" lat="52.3951454" lon="4.8561255" />
  <node id="7966604551" lat="52.3951363" lon="4.8560937" />
  <node id="7966604552" lat="52.3951225" lon="4.8560645" />
  <node id="7966604553" lat="52.3951002" lon="4.8560359" />
  <node id="7966604554" lat="52.3951115" lon="4.8560492" />
  <node id="7966604555" lat="52.3951417" lon="4.8561120" />
  <node id="7966604556" lat="52.3951485" lon="4.8561412" />
  <node id="7966604557" lat="52.3951308" lon="4.8560812" />
  <node id="7966604558" lat="52.3949833" lon="4.8558469" />
  <node id="7966604559" lat="52.3950023" lon="4.8558762" />
  <node id="7966604560" lat="52.3949589" lon="4.8558112" />
  <node id="7966604561" lat="52.3949503" lon="4.8557936" />
  <node id="7966604562" lat="52.3949476" lon="4.8557866" />
  <node id="7966604563" lat="52.3949390" lon="4.8557617" />
  <node id="7966604564" lat="52.3949286" lon="4.8557080" />
  <node id="7966604565" lat="52.3949320" lon="4.8557323" />
  <node id="7966604566" lat="52.3949535" lon="4.8557997" />
  <node id="7966604567" lat="52.3949353" lon="4.8557474" />
  <node id="7966604568" lat="52.3949424" lon="4.8557729" />
  <node id="7966604569" lat="52.3949300" lon="4.8557198" />
  <node id="7966604589" lat="52.3952123" lon="4.8557063" />
  <node id="7966604590" lat="52.3952043" lon="4.8557187" />
  <node id="7966604591" lat="52.3952085" lon="4.8557110" />
  <node id="7966604592" lat="52.3952172" lon="4.8557039" />
  <node id="7966604593" lat="52.3952025" lon="4.8557277" />
  <node id="7966604594" lat="52.3952054" lon="4.8559536" />
  <node id="7966604595" lat="52.3952103" lon="4.8566604" />
  <node id="7966604596" lat="52.3952101" lon="4.8572249" />
  <node id="7966604597" lat="52.3952042" lon="4.8575477" />
  <node id="7966604598" lat="52.3951943" lon="4.8577991" />
  <node id="7966604599" lat="52.3951999" lon="4.8576710" />
  <node id="7966604600" lat="52.3951789" lon="4.8580684" />
  <node id="7966604601" lat="52.3951518" lon="4.8583678" />
  <node id="7966604602" lat="52.3951028" lon="4.8587458" />
  <node id="7966604603" lat="52.3951140" lon="4.8586631" />
  <node id="7966604604" lat="52.3951333" lon="4.8585235" />
  <node id="7966604605" lat="52.3950671" lon="4.8590196" />
  <node id="7966604606" lat="52.3950061" lon="4.8593842" />
  <node id="7966604607" lat="52.3950383" lon="4.8592024" />
  <node id="7966604608" lat="52.3949248" lon="4.8597690" />
  <node id="7966604609" lat="52.3949407" lon="4.8596994" />
  <node id="7966604610" lat="52.3949708" lon="4.8595601" />
  <node id="7966604611" lat="52.3949108" lon="4.8598411" />
  <node id="7966604612" lat="52.3946741" lon="4.8607318" />
  <node id="7966604613" lat="52.3946623" lon="4.8607407" />
  <node id="7966604614" lat="52.3946768" lon="4.8607258" />
  <node id="7966604615" lat="52.3946582" lon="4.8607394" />
  <node id="7966604616" lat="52.3946696" lon="4.8607374" />
  <node id="7966604617" lat="52.3946857" lon="4.8608464" />
  <node id="7966604618" lat="52.3946879" lon="4.8608462" />
  <node id="7966604619" lat="52.3946932" lon="4.8608391" />
  <node id="7966604620" lat="52.3946907" lon="4.8608436" />
  <node id="7966604621" lat="52.3945651" lon="4.8607587" />
  <node id="7966604622" lat="52.3945752" lon="4.8607685" />
  <node id="7966604623" lat="52.3945553" lon="4.8607534" />
  <node id="7966604624" lat="52.3945410" lon="4.8607508" />
  <node id="7966604625" lat="52.3945224" lon="4.8607554" />
  <node id="7966604626" lat="52.3945106" lon="4.8607642" />
  <node id="7966604627" lat="52.3944987" lon="4.8607805" />
  <node id="7966604628" lat="52.3945480" lon="4.8607514" />
  <node id="7966604629" lat="52.3945163" lon="4.8607592" />
  <node id="7966604631" lat="52.3943467" lon="4.8611605" />
  <node id="7966604636" lat="52.3938356" lon="4.8622873" />
  <node id="7966604637" lat="52.3937122" lon="4.8624862" />
  <node id="7966604649" lat="52.3932733" lon="4.8631611" />
  <node id="7966604650" lat="52.3932215" lon="4.8631802" />
  <node id="7966604651" lat="52.3932927" lon="4.8631505" />
  <node id="7966604652" lat="52.3933146" lon="4.8631302" />
  <node id="7966604653" lat="52.3933475" lon="4.8630764" />
  <node id="7966604654" lat="52.3933399" lon="4.8630919" />
  <node id="7966604655" lat="52.3933035" lon="4.8631418" />
  <node id="7966604656" lat="52.3933241" lon="4.8631189" />
  <node id="7966604657" lat="52.3933527" lon="4.8630621" />
  <node id="7966604658" lat="52.3934143" lon="4.8629621" />
  <node id="7966604659" lat="52.3935329" lon="4.8627715" />
  <node id="7966604662" lat="52.3930330" lon="4.8632238" />
  <node id="7966604663" lat="52.3930528" lon="4.8632244" />
  <node id="7966604664" lat="52.3930427" lon="4.8632250" />
  <node id="7966604665" lat="52.3931582" lon="4.8632064" />
  <node id="7966604668" lat="52.3929766" lon="4.8630757" />
  <node id="7966604698" lat="52.3928270" lon="4.8617037" />
  <node id="7966694043" lat="52.3931412" lon="4.8604244" />
  <node id="7966694044" lat="52.3932159" lon="4.8604083" />
  <node id="7966694045" lat="52.3932181" lon="4.8604346" />
  <node id="7966694046" lat="52.3931026" lon="4.8604342" />
  <node id="7966730122" lat="52.3932095" lon="4.8608046" />
  <node id="7966730123" lat="52.3932087" lon="4.8607950" />
  <node id="7966730225" lat="52.3928693" lon="4.8622641" />
  <node id="7966730232" lat="52.3927951" lon="4.8612930" />
  <node id="7966730241" lat="52.3948414" lon="4.8584430" />
  <node id="7966730245" lat="52.3941709" lon="4.8576880" />
  <node id="7966730247" lat="52.3946081" lon="4.8602635" />
  <node id="7966730249" lat="52.3948426" lon="4.8580997" />
  <node id="7966730251" lat="52.3940667" lon="4.8579795" />
  <node id="7966730253" lat="52.3940736" lon="4.8579257" />
  <node id="7966730254" lat="52.3946460" lon="4.8578285" />
  <node id="7966730257" lat="52.3943924" lon="4.8575181" />
  <node id="7966730259" lat="52.3937384" lon="4.8584381" />
  <node id="7966730260" lat="52.3946852" lon="4.8580205" />
  <node id="7966730262" lat="52.3935308" lon="4.8573461" />
  <node id="7966730263" lat="52.3946610" lon="4.8578516" />
  <node id="7966730265" lat="52.3946761" lon="4.8598572" />
  <node id="7966730266" lat="52.3937495" lon="4.8584994" />
  <node id="7966730267" lat="52.3948163" lon="4.8582951" />
  <node id="7966730268" lat="52.3941934" lon="4.8584360" />
  <node id="7966730270" lat="52.3941381" lon="4.8577191" />
  <node id="7966730271" lat="52.3932144" lon="4.8607797" />
  <node id="7966730272" lat="52.3940411" lon="4.8580497" />
  <node id="7966730273" lat="52.3945999" lon="4.8602960" />
  <node id="7966730275" lat="52.3937997" lon="4.8582662" />
  <node id="7966730276" lat="52.3947894" lon="4.8581133" />
  <node id="7966730278" lat="52.3937668" lon="4.8574595" />
  <node id="7966730280" lat="52.3940538" lon="4.8580228" />
  <node id="7966730281" lat="52.3948941" lon="4.8581870" />
  <node id="7966730283" lat="52.3948062" lon="4.8582792" />
  <node id="7966730284" lat="52.3933317" lon="4.8574409" />
  <node id="7966730285" lat="52.3944262" lon="4.8575310" />
  <node id="7966730288" lat="52.3947626" lon="4.8581073" />
  <node id="7966730291" lat="52.3946777" lon="4.8579295" />
  <node id="7966730292" lat="52.3940181" lon="4.8580809" />
  <node id="7966730294" lat="52.3948110" lon="4.8587534" />
  <node id="7966730295" lat="52.3945347" lon="4.8583037" />
  <node id="7966730299" lat="52.3948378" lon="4.8583703" />
  <node id="7966730300" lat="52.3937628" lon="4.8585237" />
  <node id="7966730303" lat="52.3941536" lon="4.8577009" />
  <node id="7966730304" lat="52.3946351" lon="4.8601010" />
  <node id="7966730306" lat="52.3937921" lon="4.8582567" />
  <node id="7966730307" lat="52.3947389" lon="4.8580942" />
  <node id="7966730309" lat="52.3937430" lon="4.8573989" />
  <node id="7966730311" lat="52.3940296" lon="4.8580652" />
  <node id="7966730313" lat="52.3945499" lon="4.8576974" />
  <node id="7966730316" lat="52.3946803" lon="4.8579994" />
  <node id="7966730318" lat="52.3937105" lon="4.8573612" />
  <node id="7966730319" lat="52.3946783" lon="4.8579771" />
  <node id="7966730321" lat="52.3934750" lon="4.8573560" />
  <node id="7966730322" lat="52.3948412" lon="4.8584178" />
  <node id="7966730325" lat="52.3947298" lon="4.8595007" />
  <node id="7966730326" lat="52.3947688" lon="4.8582460" />
  <node id="7966730329" lat="52.3948322" lon="4.8583332" />
  <node id="7966730330" lat="52.3941247" lon="4.8577431" />
  <node id="7966730331" lat="52.3931462" lon="4.8607813" />
  <node id="7966730332" lat="52.3948248" lon="4.8583131" />
  <node id="7966730336" lat="52.3937870" lon="4.8582275" />
  <node id="7966730337" lat="52.3947825" lon="4.8582546" />
  <node id="7966730338" lat="52.3940020" lon="4.8580960" />
  <node id="7966730341" lat="52.3944164" lon="4.8575227" />
  <node id="7966730344" lat="52.3944057" lon="4.8575182" />
  <node id="7966730346" lat="52.3947186" lon="4.8582424" />
  <node id="7966730347" lat="52.3937263" lon="4.8573761" />
  <node id="7966730348" lat="52.3946762" lon="4.8579044" />
  <node id="7966730350" lat="52.3933308" lon="4.8573607" />
  <node id="7966730351" lat="52.3942618" lon="4.8584110" />
  <node id="7966730354" lat="52.3947876" lon="4.8589746" />
  <node id="7966730355" lat="52.3940949" lon="4.8578455" />
  <node id="7966730356" lat="52.3947945" lon="4.8582656" />
  <node id="7966730359" lat="52.3948401" lon="4.8583951" />
  <node id="7966730361" lat="52.3932020" lon="4.8607750" />
  <node id="7966730362" lat="52.3948407" lon="4.8584648" />
  <node id="7966730364" lat="52.3948164" lon="4.8581108" />
  <node id="7966730366" lat="52.3947170" lon="4.8580743" />
  <node id="7966730368" lat="52.3941113" lon="4.8577762" />
  <node id="7966730369" lat="52.3938129" lon="4.8582694" />
  <node id="7966730370" lat="52.3946717" lon="4.8578804" />
  <node id="7966730373" lat="52.3943796" lon="4.8575239" />
  <node id="7966730375" lat="52.3937729" lon="4.8574899" />
  <node id="7966730376" lat="52.3946976" lon="4.8580483" />
  <node id="7966730378" lat="52.3936163" lon="4.8573423" />
  <node id="7966730379" lat="52.3944813" lon="4.8583251" />
  <node id="7966730381" lat="52.3947550" lon="4.8582414" />
  <node id="7966730382" lat="52.3947638" lon="4.8592019" />
  <node id="7967064213" lat="52.3930428" lon="4.8607488" />
  <node id="7967064215" lat="52.3928245" lon="4.8607831" />
  <node id="7967064216" lat="52.3927953" lon="4.8607521" />
  <node id="7967064217" lat="52.3927870" lon="4.8607287" />
  <node id="7967064218" lat="52.3928068" lon="4.8607695" />
  <node id="7967147388" lat="52.3943607" lon="4.8569161" />
  <node id="7967147391" lat="52.3949105" lon="4.8546536" />
  <node id="7967147393" lat="52.3939208" lon="4.8581733" />
  <node id="7967147398" lat="52.3937166" lon="4.8574765" />
  <node id="7967147399" lat="52.3937012" lon="4.8574503" />
  <node id="7967147400" lat="52.3936870" lon="4.8574373" />
  <node id="7967147401" lat="52.3938120" lon="4.8585544" />
  <node id="7967147402" lat="52.3942342" lon="4.8583332" />
  <node id="7967147403" lat="52.3941962" lon="4.8583407" />
  <node id="7967147404" lat="52.3944247" lon="4.8582473" />
  <node id="7967147405" lat="52.3943747" lon="4.8582719" />
  <node id="7967147406" lat="52.3942642" lon="4.8583209" />
  <node id="7967147407" lat="52.3945088" lon="4.8581794" />
  <node id="7967147408" lat="52.3944593" lon="4.8582238" />
  <node id="7967147409" lat="52.3946020" lon="4.8581049" />
  <node id="7967147410" lat="52.3946544" lon="4.8580823" />
  <node id="7967147411" lat="52.3941217" lon="4.8580016" />
  <node id="7967147412" lat="52.3940998" lon="4.8580516" />
  <node id="7967147413" lat="52.3940777" lon="4.8580851" />
  <node id="7967147414" lat="52.3937979" lon="4.8584230" />
  <node id="7967147415" lat="52.3937917" lon="4.8584087" />
  <node id="7967147416" lat="52.3937911" lon="4.8583742" />
  <node id="7967147417" lat="52.3937893" lon="4.8583917" />
  <node id="7967147418" lat="52.3939355" lon="4.8584294" />
  <node id="7967147420" lat="52.3941853" lon="4.8604885" />
  <node id="7967147421" lat="52.3938405" lon="4.8605667" />
  <node id="7967147422" lat="52.3947312" lon="4.8582403" />
  <node id="7967147428" lat="52.3935965" lon="4.8604705" />
  <node id="7967147429" lat="52.3938169" lon="4.8604130" />
  <node id="7967147430" lat="52.3940802" lon="4.8603537" />
  <node id="7967147444" lat="52.3936012" lon="4.8587458" />
  <node id="7967147445" lat="52.3935887" lon="4.8587497" />
  <node id="7967147448" lat="52.3945026" lon="4.8596305" />
  <node id="7967147451" lat="52.3936658" lon="4.8573499" />
  <node id="7967147452" lat="52.3935752" lon="4.8573414" />
  <node id="7967147453" lat="52.3930327" lon="4.8606248" />
  <node id="7967147454" lat="52.3930177" lon="4.8606144" />
  <node id="7967147455" lat="52.3930042" lon="4.8606111" />
  <node id="7967147456" lat="52.3929855" lon="4.8606103" />
  <node id="7967147457" lat="52.3929909" lon="4.8606762" />
  <node id="7967147458" lat="52.3928551" lon="4.8607063" />
  <node id="7967147459" lat="52.3928275" lon="4.8606677" />
  <node id="7967147460" lat="52.3928134" lon="4.8604241" />
  <node id="7967147461" lat="52.3928646" lon="4.8604125" />
  <node id="7967147462" lat="52.3927290" lon="4.8588067" />
  <node id="7967147463" lat="52.3933772" lon="4.8586576" />
  <node id="7967147464" lat="52.3933754" lon="4.8586359" />
  <node id="7967147465" lat="52.3926830" lon="4.8586661" />
  <node id="7967147466" lat="52.3926654" lon="4.8575934" />
  <node id="7967148407" lat="52.3927544" lon="4.8603536" />
  <node id="7967148408" lat="52.3927319" lon="4.8600282" />
  <node id="7967148409" lat="52.3927147" lon="4.8598225" />
  <node id="7967148410" lat="52.3926110" lon="4.8585944" />
  <node id="7967148411" lat="52.3926397" lon="4.8589349" />
  <node id="7967148412" lat="52.3925814" lon="4.8575196" />
  <node id="7967148413" lat="52.3926047" lon="4.8574805" />
  <node id="7967148414" lat="52.3925863" lon="4.8575048" />
  <node id="7967148415" lat="52.3926178" lon="4.8574744" />
  <node id="7967148416" lat="52.3925972" lon="4.8574880" />
  <node id="7967148417" lat="52.3925387" lon="4.8574862" />
  <node id="7967148418" lat="52.3925472" lon="4.8574557" />
  <node id="7967148419" lat="52.3925758" lon="4.8574103" />
  <node id="7967148420" lat="52.3925939" lon="4.8573978" />
  <node id="7967148421" lat="52.3926133" lon="4.8573928" />
  <node id="7967148423" lat="52.3923214" lon="4.8565000" />
  <node id="7967148424" lat="52.3923192" lon="4.8564493" />
  <node id="7967148436" lat="52.3923232" lon="4.8565476" />
  <node id="7967148438" lat="52.3924602" lon="4.8581945" />
  <node id="7967148439" lat="52.3925644" lon="4.8586048" />
  <node id="7967148440" lat="52.3926341" lon="4.8594103" />
  <node id="7967148445" lat="52.3927912" lon="4.8607417" />
  <node id="7967148446" lat="52.3927853" lon="4.8607191" />
  <node id="7967148447" lat="52.3928013" lon="4.8607622" />
  <node id="7967148448" lat="52.3928148" lon="4.8607773" />
  <node id="7967148449" lat="52.3928335" lon="4.8607858" />
  <node id="7974453015" lat="52.3924269" lon="4.8574739" />
  <node id="8010811081" lat="52.4085852" lon="4.9002551" />
  <node id="8010811082" lat="52.4108180" lon="4.9014869" />
  <node id="8010811084" lat="52.4108016" lon="4.9015926" />
  <node id="8010852985" lat="52.4106045" lon="4.9015039" />
  <node id="8010852986" lat="52.4117532" lon="4.9017463" />
  <node id="8331848796" lat="52.3831495" lon="4.7802603" />
  <node id="8331848812" lat="52.3830876" lon="4.7813144" />
  <node id="8332213795" lat="52.3833910" lon="4.7825262" />
  <node id="8332213798" lat="52.3832280" lon="4.7820458" />
  <node id="9282790924" lat="52.3834528" lon="4.7791885" />
  <node id="9282790925" lat="52.3833256" lon="4.7811825" />
  <node id="9282790926" lat="52.3833386" lon="4.7812131" />
  <node id="9282790928" lat="52.3834542" lon="4.7812033" />
  <node id="9282790929" lat="52.3834897" lon="4.7811547" />
  <node id="9282790930" lat="52.3835518" lon="4.7812731" />
  <node id="9282790931" lat="52.3832173" lon="4.7812306" />
  <node id="9282790932" lat="52.3832187" lon="4.7815079" />
  <node id="9282790933" lat="52.3836641" lon="4.7811042" />
  <node id="9282790934" lat="52.3836445" lon="4.7811514" />
  <node id="9282790935" lat="52.3837044" lon="4.7805666" />
  <node id="9282790936" lat="52.3837320" lon="4.7803930" />
  <node id="9282790937" lat="52.3837221" lon="4.7803535" />
  <node id="9282790938" lat="52.3836685" lon="4.7803113" />
  <node id="9282790939" lat="52.3835916" lon="4.7802950" />
  <node id="9282790940" lat="52.3835823" lon="4.7813080" />
  <node id="9282790941" lat="52.3836871" lon="4.7811722" />
  <node id="9282790978" lat="52.3839140" lon="4.7786905" />
  <node id="9282790979" lat="52.3839261" lon="4.7786915" />
  <node id="9282790980" lat="52.3839399" lon="4.7786981" />
  <node id="9282790981" lat="52.3839580" lon="4.7787366" />
  <node id="9282790982" lat="52.3839645" lon="4.7792076" />
  <node id="9282790983" lat="52.3838920" lon="4.7792103" />
  <node id="9282790984" lat="52.3838662" lon="4.7791791" />
  <node id="9282790985" lat="52.3838544" lon="4.7791349" />
  <node id="9282790986" lat="52.3838486" lon="4.7787908" />
  <node id="9282790997" lat="52.3839082" lon="4.7787212" />
  <node id="9282790998" lat="52.3839079" lon="4.7787594" />
  <node id="9282790999" lat="52.3839114" lon="4.7788212" />
  <node id="9282791000" lat="52.3839105" lon="4.7788608" />
  <node id="9282791001" lat="52.3839119" lon="4.7791192" />
  <node id="9282791002" lat="52.3839001" lon="4.7791211" />
  <node id="9282791003" lat="52.3838967" lon="4.7787080" />
  <node id="9282791004" lat="52.3838955" lon="4.7786896" />
  <node id="9282791005" lat="52.3838904" lon="4.7786750" />
  <node id="9282791006" lat="52.3838846" lon="4.7786717" />
  <node id="9282791007" lat="52.3838023" lon="4.7786915" />
  <node id="9282791008" lat="52.3836612" lon="4.7787415" />
  <node id="9282791009" lat="52.3835698" lon="4.7788138" />
  <node id="9282791010" lat="52.3835104" lon="4.7788528" />
  <node id="9282791011" lat="52.3834292" lon="4.7789405" />
  <node id="9282791012" lat="52.3833296" lon="4.7790744" />
  <node id="9282791013" lat="52.3832605" lon="4.7792131" />
  <node id="9282791014" lat="52.3832127" lon="4.7793413" />
  <node id="9282791015" lat="52.3831816" lon="4.7794319" />
  <node id="9282791016" lat="52.3831506" lon="4.7795479" />
  <node id="9282811417" lat="52.3831425" lon="4.7796064" />
  <node id="9282811418" lat="52.3831396" lon="4.7796517" />
  <node id="9282811419" lat="52.3831298" lon="4.7796979" />
  <node id="9282811420" lat="52.3831172" lon="4.7797866" />
  <node id="9282811421" lat="52.3831069" lon="4.7798380" />
  <node id="9282811422" lat="52.3831029" lon="4.7799738" />
  <node id="9282811423" lat="52.3830934" lon="4.7801519" />
  <node id="9282811424" lat="52.3831051" lon="4.7803110" />
  <node id="9282811425" lat="52.3831056" lon="4.7804845" />
  <node id="9282811426" lat="52.3831284" lon="4.7812845" />
  <node id="9282811427" lat="52.3831309" lon="4.7815356" />
  <node id="9282811428" lat="52.3831283" lon="4.7815773" />
  <node id="9282811429" lat="52.3831322" lon="4.7815912" />
  <node id="9282811430" lat="52.3831377" lon="4.7816010" />
  <node id="9282811431" lat="52.3831051" lon="4.7816490" />
  <node id="9282811432" lat="52.3831010" lon="4.7816412" />
  <node id="9282811433" lat="52.3831091" lon="4.7816523" />
  <node id="9282811434" lat="52.3831160" lon="4.7819249" />
  <node id="9282811435" lat="52.3834764" lon="4.7818183" />
  <node id="9282811436" lat="52.3834920" lon="4.7817928" />
  <node id="9282811437" lat="52.3835064" lon="4.7817258" />
  <node id="9282811438" lat="52.3834223" lon="4.7816985" />
  <node id="9282811439" lat="52.3834246" lon="4.7816513" />
  <node id="9282811440" lat="52.3830619" lon="4.7817419" />
  <node id="9282811441" lat="52.3830481" lon="4.7816626" />
  <node id="9282811442" lat="52.3834534" lon="4.7815891" />
  <node id="9282811443" lat="52.3834776" lon="4.7814929" />
  <node id="9282867382" lat="52.3839658" lon="4.7808222" />
  <node id="9282867383" lat="52.3839646" lon="4.7806704" />
  <node id="9282867384" lat="52.3839848" lon="4.7808873" />
  <node id="9282867385" lat="52.3839738" lon="4.7806241" />
  <node id="9282867386" lat="52.3839813" lon="4.7805477" />
  <node id="9282884519" lat="52.3833595" lon="4.7814552" />
  <node id="9282884520" lat="52.3834021" lon="4.7814183" />
  <node id="9282884521" lat="52.3833682" lon="4.7813551" />
  <node id="9282884522" lat="52.3833791" lon="4.7813438" />
  <node id="9282884523" lat="52.3833941" lon="4.7813297" />
  <node id="9282884524" lat="52.3834125" lon="4.7813221" />
  <node id="9282884525" lat="52.3834252" lon="4.7813316" />
  <node id="9282884526" lat="52.3834269" lon="4.7813485" />
  <node id="9282884527" lat="52.3834211" lon="4.7813731" />
  <node id="9282884528" lat="52.3834200" lon="4.7813966" />
  <node id="9282884529" lat="52.3834304" lon="4.7814174" />
  <node id="9282884530" lat="52.3834563" lon="4.7814278" />
  <node id="9282884531" lat="52.3834666" lon="4.7814306" />
  <node id="9282884532" lat="52.3834810" lon="4.7813825" />
  <node id="9282884533" lat="52.3834885" lon="4.7813900" />
  <node id="9282884534" lat="52.3834994" lon="4.7814004" />
  <node id="9282884535" lat="52.3835012" lon="4.7814334" />
  <node id="9282884536" lat="52.3834966" lon="4.7814466" />
  <node id="9282884537" lat="52.3834827" lon="4.7814561" />
  <node id="9282884538" lat="52.3834709" lon="4.7814661" />
  <node id="9282884545" lat="52.3837292" lon="4.7806345" />
  <node id="9282884546" lat="52.3837326" lon="4.7810024" />
  <node id="9282884547" lat="52.3837199" lon="4.7810854" />
  <node id="9282884548" lat="52.3833256" lon="4.7811755" />
  <node id="9282884549" lat="52.3833538" lon="4.7811344" />
  <node id="9282884550" lat="52.3833688" lon="4.7810920" />
  <node id="9282884551" lat="52.3833757" lon="4.7810571" />
  <node id="9282884552" lat="52.3833757" lon="4.7810109" />
  <node id="9282884553" lat="52.3833883" lon="4.7810099" />
  <node id="9282884554" lat="52.3834171" lon="4.7810109" />
  <node id="9282884555" lat="52.3834540" lon="4.7810392" />
  <node id="9282884556" lat="52.3834954" lon="4.7811222" />
  <node id="9282884557" lat="52.3835219" lon="4.7811637" />
  <node id="9282884558" lat="52.3835217" lon="4.7812051" />
  <node id="9282884559" lat="52.3835110" lon="4.7813042" />
  <node id="9282884560" lat="52.3833653" lon="4.7811344" />
  <node id="9282884561" lat="52.3832864" lon="4.7812052" />
  <node id="9282884562" lat="52.3833077" lon="4.7811939" />
  <node id="9282884563" lat="52.3833411" lon="4.7811637" />
  <node id="9282884564" lat="52.3833564" lon="4.7811962" />
  <node id="9282884576" lat="52.3832415" lon="4.7812089" />
  <node id="9282884577" lat="52.3832404" lon="4.7811269" />
  <node id="9282884578" lat="52.3832427" lon="4.7810590" />
  <node id="9282884579" lat="52.3832409" lon="4.7809175" />
  <node id="9282884580" lat="52.3832484" lon="4.7807788" />
  <node id="9282884581" lat="52.3832599" lon="4.7807468" />
  <node id="9282884582" lat="52.3832853" lon="4.7806996" />
  <node id="9282884583" lat="52.3833296" lon="4.7806128" />
  <node id="9282884584" lat="52.3833555" lon="4.7805525" />
  <node id="9282884585" lat="52.3833682" lon="4.7804855" />
  <node id="9282884588" lat="52.3835339" lon="4.7802951" />
  <node id="9282884589" lat="52.3835299" lon="4.7804237" />
  <node id="9282884590" lat="52.3833781" lon="4.7804123" />
  <node id="9282884591" lat="52.3833786" lon="4.7803940" />
  <node id="9661823983" lat="52.4097738" lon="4.8999470">
    <tag k="amenity" v="bench" />
  </node>
  <node id="9661823997" lat="52.4118154" lon="4.9017704" />
  <node id="9661823998" lat="52.4099233" lon="4.9007601" />
  <node id="9661824002" lat="52.4099187" lon="4.9008497" />
  <node id="9661824003" lat="52.4086357" lon="4.8997174" />
  <node id="9661824011" lat="52.4116373" lon="4.9014545" />
  <node id="9661824012" lat="52.4093627" lon="4.9002807" />
  <node id="9661824014" lat="52.4097836" lon="4.9006926" />
  <node id="9661824015" lat="52.4107536" lon="4.9008804" />
  <node id="9661824016" lat="52.4107276" lon="4.9010528" />
  <node id="9661842820" lat="52.4107521" lon="4.9011160" />
  <node id="9661842823" lat="52.4116319" lon="4.9014994" />
  <node id="9661842828" lat="52.4081824" lon="4.9004835" />
  <node id="9661842829" lat="52.4108950" lon="4.9011801" />
  <node id="9661842833" lat="52.4099053" lon="4.9008438" />
  <node id="9661842835" lat="52.4108798" lon="4.9011731" />
  <node id="9661842840" lat="52.4098447" lon="4.8998167">
    <tag k="amenity" v="bench" />
  </node>
  <node id="9661842843" lat="52.4085052" lon="4.9000206">
    <tag k="amenity" v="bench" />
  </node>
  <node id="9661842845" lat="52.4100783" lon="4.9008426" />
  <node id="9661842851" lat="52.4100178" lon="4.9008010" />
  <node id="9661842854" lat="52.4117115" lon="4.9015387" />
  <node id="9661842861" lat="52.4111681" lon="4.9012926" />
  <node id="9661842863" lat="52.4099390" lon="4.9007613" />
  <node id="9661842864" lat="52.4102929" lon="4.9006800" />
  <node id="9661842869" lat="52.4093347" lon="4.9005071" />
  <node id="9661842872" lat="52.4108642" lon="4.9012703" />
  <node id="9661842873" lat="52.4107307" lon="4.9010040" />
  <node id="9661842874" lat="52.4111785" lon="4.9012099" />
  <node id="9661842875" lat="52.4097671" lon="4.9007824" />
  <node id="9661842876" lat="52.4093757" lon="4.9006086" />
  <node id="9661842878" lat="52.4108821" lon="4.9012783" />
  <node id="9661842882" lat="52.4110160" lon="4.9012276" />
  <node id="9661842885" lat="52.4118365" lon="4.9016010" />
  <node id="9661842886" lat="52.4102489" lon="4.9009279" />
  <node id="9661842888" lat="52.4116928" lon="4.9016418" />
  <node id="9661842889" lat="52.4084666" lon="4.8996399" />
  <node id="9661842890" lat="52.4098173" lon="4.9004800" />
  <node id="9661842947" lat="52.4097099" lon="4.9011860" />
  <node id="9661842948" lat="52.4106256" lon="4.9013994" />
  <node id="9661842949" lat="52.4105899" lon="4.9015723" />
  <node id="9661842950" lat="52.4098832" lon="4.9012787" />
  <node id="9661842952" lat="52.4107859" lon="4.9016630" />
  <node id="9661842953" lat="52.4097272" lon="4.9011150" />
  <node id="9661842954" lat="52.4099055" lon="4.9011940" />
  <node id="9661842955" lat="52.4095219" lon="4.9011056" />
  <node id="9661842956" lat="52.4097419" lon="4.9010081" />
  <node id="9661842958" lat="52.4095513" lon="4.9009229" />
  <node id="9661865726" lat="52.4088648" lon="4.8999469">
    <tag k="amenity" v="bench" />
  </node>
  <node id="9661865743" lat="52.4106885" lon="4.9001827">
    <tag k="amenity" v="bench" />
  </node>
  <node id="9661865758" lat="52.4106995" lon="4.9002781">
    <tag k="amenity" v="bench" />
  </node>
  <node id="9682362672" lat="52.4117036" lon="4.9020798" />
  <node id="9682362681" lat="52.4116739" lon="4.9020564" />
  <node id="10273172639" lat="52.4133050" lon="4.9920655" />
  <node id="10273172641" lat="52.4131446" lon="4.9918879" />
  <node id="10736067701" lat="52.4099136" lon="4.8982996" />
  <node id="10736067702" lat="52.4092687" lon="4.8988803" />
  <node id="10736067704" lat="52.4095218" lon="4.8980401" />
  <node id="10736085607" lat="52.4095073" lon="4.8981162" />
  <node id="10736085608" lat="52.4103985" lon="4.8984094" />
  <node id="10736085609" lat="52.4100439" lon="4.8982942" />
  <node id="10736085610" lat="52.4091210" lon="4.8988151" />
  <node id="10736085617" lat="52.4092945" lon="4.8987158" />
  <node id="10736085618" lat="52.4101000" lon="4.8982676" />
  <node id="10736085620" lat="52.4091572" lon="4.8986523" />
  <node id="10736085625" lat="52.4103849" lon="4.8984958" />
  <node id="10736085626" lat="52.4099273" lon="4.8982132" />
  <node id="10736085628" lat="52.4100927" lon="4.8983160" />
  <node id="10736085635" lat="52.4100497" lon="4.8982453" />
  <node id="10736085637" lat="52.4099977" lon="4.8983319" />
  <node id="10736085638" lat="52.4100149" lon="4.8982468" />
  <node id="10822768208" lat="52.3894894" lon="4.8481228" />
  <node id="10899345769" lat="52.3927684" lon="4.8613584" />
  <node id="10899345770" lat="52.3927918" lon="4.8612160" />
  <node id="10899345772" lat="52.3927594" lon="4.8611710" />
  <node id="10899345777" lat="52.3929267" lon="4.8611823" />
  <node id="10899345778" lat="52.3928463" lon="4.8625477" />
  <node id="10899345780" lat="52.3928111" lon="4.8619277" />
  <node id="10899345781" lat="52.3929012" lon="4.8627383" />
  <node id="10899345782" lat="52.3928817" lon="4.8629384" />
  <node id="10899345783" lat="52.3929185" lon="4.8611255" />
  <node id="10899345784" lat="52.3928075" lon="4.8619789" />
  <node id="12135831559" lat="52.4073067" lon="4.9064067" />
  <node id="12618231035" lat="52.4122765" lon="4.9954332" />
  <node id="12618231036" lat="52.4122626" lon="4.9954319" />
  <node id="12618231041" lat="52.4126144" lon="4.9949129" />
  <node id="12618231042" lat="52.4126193" lon="4.9948941" />
  <node id="12618231045" lat="52.4128022" lon="4.9943382" />
  <node id="12618231050" lat="52.4133649" lon="4.9955238" />
  <node id="12618231051" lat="52.4130447" lon="4.9948841" />
  <node id="12618231052" lat="52.4123866" lon="4.9931748" />
  <node id="12618231053" lat="52.4124001" lon="4.9933109" />
  <node id="12618231054" lat="52.4123898" lon="4.9932285" />
  <node id="12618231055" lat="52.4123956" lon="4.9930736" />
  <node id="12618231056" lat="52.4124087" lon="4.9930300" />
  <node id="12618231057" lat="52.4142784" lon="4.9977033" />
  <node id="12618231058" lat="52.4143092" lon="4.9976681" />
  <node id="12618231060" lat="52.4135290" lon="4.9959777" />
  <node id="12618231061" lat="52.4133228" lon="4.9955110" />
  <node id="12783971634" lat="52.3847552" lon="4.7773842" />
  <node id="12783998999" lat="52.3848809" lon="4.7787391" />
  <node id="12783999000" lat="52.3848710" lon="4.7782808" />
  <node id="12784040035" lat="52.3852205" lon="4.7796471" />
  <node id="12784040036" lat="52.3851033" lon="4.7795558" />
  <node id="12784040037" lat="52.3851500" lon="4.7790017" />
  <node id="12784040038" lat="52.3852392" lon="4.7789971" />
  <node id="12784040039" lat="52.3851679" lon="4.7795439" />
  <node id="12784040101" lat="52.3851093" lon="4.7784717" />
  <node id="12784040102" lat="52.3849688" lon="4.7789419" />
  <node id="12784040103" lat="52.3850346" lon="4.7785734" />
  <node id="12784040104" lat="52.3848733" lon="4.7788636" />
  <node id="12784040105" lat="52.3850037" lon="4.7788401" />
  <node id="13130781055" lat="52.4077908" lon="4.9066656" />
  <node id="13130781056" lat="52.4079839" lon="4.9066463" />
  <node id="13130781057" lat="52.4078979" lon="4.9066763" />
  <node id="13252110189" lat="52.3949341" lon="4.8450800" />
  <node id="13694743413" lat="52.4116865" lon="4.9020731" />
  <node id="13807171656" lat="52.3834140" lon="4.7811070" />
  <node id="13807171657" lat="52.3836275" lon="4.7803026" />
  <node id="13807171658" lat="52.3832123" lon="4.7812765" />
  <node id="13807171659" lat="52.3831770" lon="4.7814051" />
  <node id="13807171660" lat="52.3834932" lon="4.7812635" />
  <node id="13807171661" lat="52.3831699" lon="4.7812995" />
  <node id="13807171662" lat="52.3832823" lon="4.7814457" />
  <node id="13807171663" lat="52.3832781" lon="4.7815030" />
  <way id="37711989">
    <nd ref="717840962" />
    <nd ref="717778178" />
    <nd ref="2738248697" />
    <nd ref="271890526" />
    <nd ref="2738248752" />
    <nd ref="442284397" />
    <nd ref="717773345" />
    <nd ref="7967147388" />
    <nd ref="717784108" />
    <nd ref="2738248876" />
    <nd ref="2738248945" />
    <nd ref="442284399" />
    <nd ref="2782087280" />
    <nd ref="442284403" />
    <nd ref="693467216" />
    <nd ref="693366355" />
    <nd ref="7966604564" />
    <nd ref="7966604569" />
    <nd ref="7966604565" />
    <nd ref="7966604567" />
    <nd ref="7966604563" />
    <nd ref="7966604568" />
    <nd ref="7966604562" />
    <nd ref="7966604561" />
    <nd ref="7966604566" />
    <nd ref="7966604560" />
    <nd ref="693464726" />
    <nd ref="7966604558" />
    <nd ref="7966604559" />
    <nd ref="2782087276" />
    <nd ref="693380466" />
    <nd ref="7966604553" />
    <nd ref="7966604554" />
    <nd ref="7966604552" />
    <nd ref="7966604557" />
    <nd ref="7966604551" />
    <nd ref="7966604555" />
    <nd ref="7966604550" />
    <nd ref="7966604556" />
    <nd ref="7966604549" />
    <nd ref="442284377" />
    <nd ref="7966604547" />
    <nd ref="7966604548" />
    <nd ref="7966604545" />
    <nd ref="7966604546" />
    <nd ref="2782087282" />
    <nd ref="6291714439" />
    <nd ref="7966604543" />
    <nd ref="7966604544" />
    <nd ref="7966604542" />
    <nd ref="442284380" />
    <nd ref="7966604540" />
    <nd ref="7966604541" />
    <nd ref="7966604539" />
    <nd ref="7966604537" />
    <nd ref="7966604535" />
    <nd ref="7966604538" />
    <nd ref="7966604534" />
    <nd ref="7966604536" />
    <nd ref="7966604533" />
    <nd ref="442284383" />
    <nd ref="7966604529" />
    <nd ref="7966604530" />
    <nd ref="7966604532" />
    <nd ref="693467430" />
    <nd ref="7966604519" />
    <nd ref="693462867" />
    <nd ref="7966730249" />
    <nd ref="7966730364" />
    <nd ref="7966730276" />
    <nd ref="7966730288" />
    <nd ref="7966730307" />
    <nd ref="7966730366" />
    <nd ref="7966730376" />
    <nd ref="7966730260" />
    <nd ref="7966730316" />
    <nd ref="7966730319" />
    <nd ref="7966730291" />
    <nd ref="7966730348" />
    <nd ref="7966730370" />
    <nd ref="7966730263" />
    <nd ref="7966730254" />
    <nd ref="7966730313" />
    <nd ref="6468330053" />
    <nd ref="7966730285" />
    <nd ref="7966730341" />
    <nd ref="7966730344" />
    <nd ref="7966730257" />
    <nd ref="7966730373" />
    <nd ref="7966730245" />
    <nd ref="7966730303" />
    <nd ref="7966730270" />
    <nd ref="7966730330" />
    <nd ref="7966730368" />
    <nd ref="6468330052" />
    <nd ref="7966730355" />
    <nd ref="7966730253" />
    <nd ref="7966730251" />
    <nd ref="7966730280" />
    <nd ref="7966730272" />
    <nd ref="7966730311" />
    <nd ref="7966730292" />
    <nd ref="7966730338" />
    <nd ref="6468330062" />
    <nd ref="7967147393" />
    <nd ref="6468330056" />
    <nd ref="6468330050" />
    <nd ref="7966730369" />
    <nd ref="7966730275" />
    <nd ref="7966730306" />
    <nd ref="6468330051" />
    <nd ref="7966730336" />
    <nd ref="442284387" />
    <nd ref="7966730375" />
    <nd ref="7966730278" />
    <nd ref="442284390" />
    <nd ref="7966730309" />
    <nd ref="7966730347" />
    <nd ref="7966730318" />
    <nd ref="7967147451" />
    <nd ref="7966730378" />
    <nd ref="7967147452" />
    <nd ref="7966730262" />
    <nd ref="7966730321" />
    <nd ref="7966730350" />
    <nd ref="693501642" />
    <nd ref="7967148421" />
    <nd ref="7967148420" />
    <nd ref="7967148419" />
    <nd ref="693504105" />
    <nd ref="7967148418" />
    <nd ref="7967148417" />
    <nd ref="693491265" />
    <nd ref="693466364" />
    <nd ref="693473489" />
    <nd ref="7967148439" />
    <nd ref="693471127" />
    <nd ref="7967148440" />
    <nd ref="693475095" />
    <nd ref="693489945" />
    <nd ref="693496692" />
    <nd ref="7967148438" />
    <nd ref="693478452" />
    <nd ref="693478209" />
    <nd ref="7967148436" />
    <nd ref="7967148423" />
    <nd ref="7967148424" />
    <nd ref="693460820" />
    <nd ref="4914900028" />
    <nd ref="4914900037" />
    <nd ref="4914900044" />
    <nd ref="4914900026" />
    <nd ref="4914897285" />
    <nd ref="4914900027" />
    <nd ref="693479941" />
    <nd ref="717840962" />
    <tag k="landuse" v="forest" />
    <tag k="source" v="3dShapes" />
  </way>
  <way id="48614521">
    <nd ref="617404324" />
    <nd ref="617412095" />
    <nd ref="617412096" />
    <nd ref="617404325" />
    <nd ref="617404326" />
    <nd ref="617404327" />
    <nd ref="617404328" />
    <nd ref="617404329" />
    <nd ref="617404330" />
    <nd ref="617404331" />
    <nd ref="617404332" />
    <nd ref="617404333" />
    <nd ref="617404324" />
    <tag k="landuse" v="commercial" />
    <tag k="name" v="de 1800 Roeden" />
    <tag k="note" v="cultureel bedrijventerrein; not directly accessible from Haarlemmerweg." />
    <tag k="website" v="https://www.de1800roeden.nl/" />
  </way>
  <way id="55156410">
    <nd ref="6291714330" />
    <nd ref="7966604515" />
    <nd ref="693477890" />
    <nd ref="7966604514" />
    <nd ref="693378522" />
    <nd ref="7966730281" />
    <nd ref="6291714329" />
    <nd ref="6291714331" />
    <nd ref="693375793" />
    <nd ref="693511707" />
    <nd ref="7966604519" />
    <nd ref="693467430" />
    <nd ref="7966604528" />
    <nd ref="7966604523" />
    <nd ref="7966604524" />
    <nd ref="7966604522" />
    <nd ref="7966604527" />
    <nd ref="7966604521" />
    <nd ref="7966604525" />
    <nd ref="7966604520" />
    <nd ref="7966604526" />
    <nd ref="7966604531" />
    <nd ref="693465117" />
    <nd ref="693501711" />
    <nd ref="7966604517" />
    <nd ref="7966604518" />
    <nd ref="7966604516" />
    <nd ref="693489574" />
    <nd ref="693463388" />
    <nd ref="693488287" />
    <nd ref="7966604511" />
    <nd ref="693460815" />
    <nd ref="7966604502" />
    <nd ref="7966604501" />
    <nd ref="6291693121" />
    <nd ref="7966604614" />
    <nd ref="7966604612" />
    <nd ref="7966604616" />
    <nd ref="7966604613" />
    <nd ref="7966604615" />
    <nd ref="6291693122" />
    <nd ref="4914897307" />
    <nd ref="7966604491" />
    <nd ref="7966604497" />
    <nd ref="7966604492" />
    <nd ref="7966604498" />
    <nd ref="7966604493" />
    <nd ref="6291693123" />
    <nd ref="7966604494" />
    <nd ref="7966604499" />
    <nd ref="7966604495" />
    <nd ref="7966604500" />
    <nd ref="7966604496" />
    <nd ref="4914897287" />
    <nd ref="7966604488" />
    <nd ref="7966604489" />
    <nd ref="7966604487" />
    <nd ref="7966604490" />
    <nd ref="7966604483" />
    <nd ref="7966604484" />
    <nd ref="7966604482" />
    <nd ref="7966604486" />
    <nd ref="7966604485" />
    <nd ref="7966604480" />
    <nd ref="4914897313" />
    <nd ref="7966604481" />
    <nd ref="7966604503" />
    <nd ref="7966604504" />
    <nd ref="7966604506" />
    <nd ref="7966604505" />
    <nd ref="6291714327" />
    <nd ref="7966604507" />
    <nd ref="693496268" />
    <nd ref="7966604508" />
    <nd ref="6291714328" />
    <nd ref="4914897282" />
    <nd ref="6291714330" />
    <tag k="landuse" v="forest" />
    <tag k="source" v="3dShapes" />
  </way>
  <way id="55156549">
    <nd ref="6291693119" />
    <nd ref="7966604621" />
    <nd ref="7966604622" />
    <nd ref="693511285" />
    <nd ref="7966604617" />
    <nd ref="7966604618" />
    <nd ref="7966604620" />
    <nd ref="7966604619" />
    <nd ref="6291693118" />
    <nd ref="6291693117" />
    <nd ref="7966604510" />
    <nd ref="7966604611" />
    <nd ref="7966604608" />
    <nd ref="7966604609" />
    <nd ref="7966604610" />
    <nd ref="7966604512" />
    <nd ref="7966604606" />
    <nd ref="7966604513" />
    <nd ref="7966604607" />
    <nd ref="7966604605" />
    <nd ref="4914897309" />
    <nd ref="7966604602" />
    <nd ref="7966604603" />
    <nd ref="7966604604" />
    <nd ref="7966604601" />
    <nd ref="6291714444" />
    <nd ref="7966604600" />
    <nd ref="6291714442" />
    <nd ref="7966604598" />
    <nd ref="7966604599" />
    <nd ref="7966604597" />
    <nd ref="6291714441" />
    <nd ref="7966604596" />
    <nd ref="6291714440" />
    <nd ref="7966604595" />
    <nd ref="6291714438" />
    <nd ref="7966604594" />
    <nd ref="7966604593" />
    <nd ref="7966604590" />
    <nd ref="7966604591" />
    <nd ref="7966604589" />
    <nd ref="7966604592" />
    <nd ref="7966604400" />
    <nd ref="7966604401" />
    <nd ref="7966604402" />
    <nd ref="6367920808" />
    <nd ref="7966604403" />
    <nd ref="7966604404" />
    <nd ref="7966604405" />
    <nd ref="7966604406" />
    <nd ref="7966604407" />
    <nd ref="7966604408" />
    <nd ref="7966604409" />
    <nd ref="7966604410" />
    <nd ref="7966604411" />
    <nd ref="7966604412" />
    <nd ref="7966604413" />
    <nd ref="7966604414" />
    <nd ref="7966604415" />
    <nd ref="7966604416" />
    <nd ref="7966604417" />
    <nd ref="7966604418" />
    <nd ref="7966604419" />
    <nd ref="7966604420" />
    <nd ref="7966604421" />
    <nd ref="7966604422" />
    <nd ref="7966604423" />
    <nd ref="7966604424" />
    <nd ref="7966604425" />
    <nd ref="7966604426" />
    <nd ref="7966604427" />
    <nd ref="7966604428" />
    <nd ref="7966604429" />
    <nd ref="7966604430" />
    <nd ref="7966604431" />
    <nd ref="7966604432" />
    <nd ref="7966604433" />
    <nd ref="7966604434" />
    <nd ref="7966604435" />
    <nd ref="7966604436" />
    <nd ref="7966604437" />
    <nd ref="7966604438" />
    <nd ref="7966604439" />
    <nd ref="7966604440" />
    <nd ref="7966604441" />
    <nd ref="7966604442" />
    <nd ref="7966604443" />
    <nd ref="7966604444" />
    <nd ref="7966604445" />
    <nd ref="7966604446" />
    <nd ref="7966604447" />
    <nd ref="7966604448" />
    <nd ref="7966604449" />
    <nd ref="7966604450" />
    <nd ref="7966604451" />
    <nd ref="7966604452" />
    <nd ref="7966604453" />
    <nd ref="7966604454" />
    <nd ref="7966604455" />
    <nd ref="7966604456" />
    <nd ref="7966604457" />
    <nd ref="7966604458" />
    <nd ref="7966604459" />
    <nd ref="7966604460" />
    <nd ref="7966604461" />
    <nd ref="7966604462" />
    <nd ref="7966604463" />
    <nd ref="7966604464" />
    <nd ref="7966604465" />
    <nd ref="7966604466" />
    <nd ref="7966604467" />
    <nd ref="7966604468" />
    <nd ref="7966604469" />
    <nd ref="7966604470" />
    <nd ref="7966604471" />
    <nd ref="7966604472" />
    <nd ref="7966604473" />
    <nd ref="7966604475" />
    <nd ref="7966604476" />
    <nd ref="7966604477" />
    <nd ref="7966604478" />
    <nd ref="7966604479" />
    <nd ref="7966604474" />
    <nd ref="693507909" />
    <nd ref="693486879" />
    <nd ref="10899345782" />
    <nd ref="10899345778" />
    <nd ref="10899345784" />
    <nd ref="10899345780" />
    <nd ref="10899345769" />
    <nd ref="10899345772" />
    <nd ref="10899345783" />
    <nd ref="10899345777" />
    <nd ref="10899345770" />
    <nd ref="7966730232" />
    <nd ref="7966604698" />
    <nd ref="7966730225" />
    <nd ref="10899345781" />
    <nd ref="7966604668" />
    <nd ref="876417420" />
    <nd ref="4914897286" />
    <nd ref="7966604662" />
    <nd ref="7966604664" />
    <nd ref="7966604663" />
    <nd ref="693460556" />
    <nd ref="7966604665" />
    <nd ref="7966604650" />
    <nd ref="7966604649" />
    <nd ref="4914897288" />
    <nd ref="7966604651" />
    <nd ref="7966604655" />
    <nd ref="7966604652" />
    <nd ref="7966604656" />
    <nd ref="7966604654" />
    <nd ref="7966604653" />
    <nd ref="7966604657" />
    <nd ref="7966604658" />
    <nd ref="7966604659" />
    <nd ref="7966604637" />
    <nd ref="7966604636" />
    <nd ref="693485248" />
    <nd ref="693476440" />
    <nd ref="693506848" />
    <nd ref="693469133" />
    <nd ref="7966604631" />
    <nd ref="4914900040" />
    <nd ref="693473273" />
    <nd ref="7966604627" />
    <nd ref="693503888" />
    <nd ref="7966604626" />
    <nd ref="7966604629" />
    <nd ref="7966604625" />
    <nd ref="693481876" />
    <nd ref="7966604624" />
    <nd ref="7966604628" />
    <nd ref="7966604623" />
    <nd ref="6291693119" />
    <tag k="landuse" v="grass" />
    <tag k="source" v="3dShapes" />
  </way>
  <way id="55303717">
    <nd ref="569702177" />
    <nd ref="9661842828" />
    <nd ref="694790026" />
    <nd ref="694787677" />
    <nd ref="9661842889" />
    <nd ref="9661824003" />
    <nd ref="694783432" />
    <nd ref="694792268" />
    <nd ref="694786935" />
    <nd ref="694785854" />
    <nd ref="694781265" />
    <nd ref="569702183" />
    <nd ref="9661842869" />
    <nd ref="9661824012" />
    <nd ref="9661842890" />
    <nd ref="9661824014" />
    <nd ref="9661823998" />
    <nd ref="9661842833" />
    <nd ref="9661842875" />
    <nd ref="9661842876" />
    <nd ref="1856292469" />
    <nd ref="8010811081" />
    <nd ref="569702186" />
    <nd ref="569702177" />
    <tag k="landuse" v="grass" />
    <tag k="source" v="3dShapes" />
  </way>
  <way id="74081725">
    <nd ref="693508616" />
    <nd ref="7966730331" />
    <nd ref="7966730361" />
    <nd ref="7966730271" />
    <nd ref="693514193" />
    <nd ref="7966730123" />
    <nd ref="7966730122" />
    <nd ref="693461757" />
    <nd ref="693482139" />
    <nd ref="693511726" />
    <nd ref="693510611" />
    <nd ref="693494220" />
    <nd ref="7966694046" />
    <nd ref="693478566" />
    <nd ref="7966694043" />
    <nd ref="7966694044" />
    <nd ref="7966694045" />
    <nd ref="717838294" />
    <nd ref="693468841" />
    <nd ref="2787922485" />
    <nd ref="2787922486" />
    <nd ref="2787922562" />
    <nd ref="2787922560" />
    <nd ref="7967147428" />
    <nd ref="717777625" />
    <nd ref="693464221" />
    <nd ref="7967147429" />
    <nd ref="1585013813" />
    <nd ref="7967147430" />
    <nd ref="693500254" />
    <nd ref="7967147448" />
    <nd ref="693465619" />
    <nd ref="693466406" />
    <nd ref="693469278" />
    <nd ref="7967147444" />
    <nd ref="7967147445" />
    <nd ref="693465758" />
    <nd ref="693509291" />
    <nd ref="693470546" />
    <nd ref="693482643" />
    <nd ref="693506525" />
    <nd ref="7967147466" />
    <nd ref="7967147465" />
    <nd ref="7967147464" />
    <nd ref="7967147463" />
    <nd ref="7967147462" />
    <nd ref="7967147461" />
    <nd ref="7967147460" />
    <nd ref="7967147459" />
    <nd ref="7967147458" />
    <nd ref="7967147457" />
    <nd ref="7967147456" />
    <nd ref="7967147455" />
    <nd ref="7967147454" />
    <nd ref="7967147453" />
    <nd ref="7967064213" />
    <nd ref="693492812" />
    <nd ref="442238206" />
    <nd ref="7967148449" />
    <nd ref="7967064215" />
    <nd ref="7967148448" />
    <nd ref="7967064218" />
    <nd ref="7967148447" />
    <nd ref="7967064216" />
    <nd ref="7967148445" />
    <nd ref="7967064217" />
    <nd ref="7967148446" />
    <nd ref="442238204" />
    <nd ref="7967148407" />
    <nd ref="7967148408" />
    <nd ref="7967148409" />
    <nd ref="7967148411" />
    <nd ref="7967148410" />
    <nd ref="442238201" />
    <nd ref="442238198" />
    <nd ref="7967148412" />
    <nd ref="7967148414" />
    <nd ref="7967148416" />
    <nd ref="7967148413" />
    <nd ref="7967148415" />
    <nd ref="442238196" />
    <nd ref="442238241" />
    <nd ref="7966730284" />
    <nd ref="442238238" />
    <nd ref="7967147400" />
    <nd ref="693467401" />
    <nd ref="7967147399" />
    <nd ref="693492070" />
    <nd ref="7967147398" />
    <nd ref="693462194" />
    <nd ref="442238236" />
    <nd ref="693379122" />
    <nd ref="693371032" />
    <nd ref="693378524" />
    <nd ref="7966730259" />
    <nd ref="693463079" />
    <nd ref="7966730266" />
    <nd ref="7966730300" />
    <nd ref="442238231" />
    <nd ref="7967147401" />
    <nd ref="693372880" />
    <nd ref="693380669" />
    <nd ref="7966730268" />
    <nd ref="7966730351" />
    <nd ref="7966730379" />
    <nd ref="7966730295" />
    <nd ref="7966730346" />
    <nd ref="7967147422" />
    <nd ref="693377543" />
    <nd ref="7966730381" />
    <nd ref="693480000" />
    <nd ref="7966730326" />
    <nd ref="7966730337" />
    <nd ref="7966730356" />
    <nd ref="7966730283" />
    <nd ref="7966730267" />
    <nd ref="7966730332" />
    <nd ref="7966730329" />
    <nd ref="7966730299" />
    <nd ref="7966730359" />
    <nd ref="7966730322" />
    <nd ref="7966730241" />
    <nd ref="7966730362" />
    <nd ref="693375201" />
    <nd ref="693497390" />
    <nd ref="7966730294" />
    <nd ref="7966730354" />
    <nd ref="7966730382" />
    <nd ref="693468217" />
    <nd ref="7966730325" />
    <nd ref="442238217" />
    <nd ref="7966730265" />
    <nd ref="7966730304" />
    <nd ref="693464562" />
    <nd ref="7966730247" />
    <nd ref="7966730273" />
    <nd ref="693508962" />
    <nd ref="442238214" />
    <nd ref="693464997" />
    <nd ref="693509526" />
    <nd ref="442238211" />
    <nd ref="7967147420" />
    <nd ref="7967147421" />
    <nd ref="693508616" />
    <tag k="landuse" v="grass" />
    <tag k="source" v="3dShapes" />
  </way>
  <way id="74082462">
    <nd ref="7966604399" />
    <nd ref="7966604398" />
    <nd ref="7966604404" />
    <nd ref="7966604403" />
    <nd ref="7966604397" />
    <nd ref="693363841" />
    <nd ref="693504341" />
    <nd ref="693379120" />
    <nd ref="693488035" />
    <nd ref="693503378" />
    <nd ref="693372045" />
    <nd ref="693460715" />
    <nd ref="693471419" />
    <nd ref="693490197" />
    <nd ref="693461596" />
    <nd ref="693373255" />
    <nd ref="693365913" />
    <nd ref="7953824971" />
    <nd ref="7953824970" />
    <nd ref="7953824969" />
    <nd ref="7953824965" />
    <nd ref="7953824964" />
    <nd ref="7953824957" />
    <nd ref="693375728" />
    <nd ref="7953824956" />
    <nd ref="7953824955" />
    <nd ref="693479768" />
    <nd ref="693381205" />
    <nd ref="693468434" />
    <nd ref="7953824953" />
    <nd ref="7953824954" />
    <nd ref="7953824963" />
    <nd ref="7953824962" />
    <nd ref="7953824958" />
    <nd ref="7953824968" />
    <nd ref="7953824966" />
    <nd ref="7953824967" />
    <nd ref="1826733183" />
    <nd ref="7953824972" />
    <nd ref="7953824973" />
    <nd ref="7953824974" />
    <nd ref="7953824975" />
    <nd ref="7953824984" />
    <nd ref="7953824983" />
    <nd ref="7953824982" />
    <nd ref="7953824985" />
    <nd ref="693462984" />
    <nd ref="7953824991" />
    <nd ref="7953824992" />
    <nd ref="7953824993" />
    <nd ref="7953824990" />
    <nd ref="7953824986" />
    <nd ref="7953824987" />
    <nd ref="7953824989" />
    <nd ref="7953824988" />
    <nd ref="7934466570" />
    <nd ref="693496973" />
    <nd ref="1826834760" />
    <nd ref="1826851085" />
    <nd ref="7953824981" />
    <nd ref="7953824979" />
    <nd ref="7953824980" />
    <nd ref="7953824977" />
    <nd ref="7953824978" />
    <nd ref="7953824976" />
    <nd ref="7953824960" />
    <nd ref="7953824959" />
    <nd ref="7953824961" />
    <nd ref="7953824951" />
    <nd ref="7953824948" />
    <nd ref="7953824949" />
    <nd ref="7953824947" />
    <nd ref="7953824946" />
    <nd ref="7953824945" />
    <nd ref="7953824950" />
    <nd ref="7953824944" />
    <nd ref="7953824994" />
    <nd ref="7953824952" />
    <nd ref="7953824941" />
    <nd ref="7953824942" />
    <nd ref="7953824939" />
    <nd ref="7953824940" />
    <nd ref="7953824938" />
    <nd ref="7953824943" />
    <nd ref="7953824995" />
    <nd ref="7953824937" />
    <nd ref="7953824935" />
    <nd ref="7953824934" />
    <nd ref="7953824936" />
    <nd ref="7953824932" />
    <nd ref="7953824931" />
    <nd ref="7953824928" />
    <nd ref="7953824929" />
    <nd ref="7953824930" />
    <nd ref="7953824927" />
    <nd ref="7953824933" />
    <nd ref="7953824997" />
    <nd ref="7953824996" />
    <nd ref="693460845" />
    <nd ref="7953825016" />
    <nd ref="7953825017" />
    <nd ref="7953825014" />
    <nd ref="7953825015" />
    <nd ref="7953825013" />
    <nd ref="693509553" />
    <nd ref="7953825012" />
    <nd ref="7953825011" />
    <nd ref="693501479" />
    <nd ref="693490981" />
    <nd ref="7953825009" />
    <nd ref="7953825010" />
    <nd ref="693466773" />
    <nd ref="7953825008" />
    <nd ref="7953825040" />
    <nd ref="693469338" />
    <nd ref="693479422" />
    <nd ref="693464752" />
    <nd ref="7953825007" />
    <nd ref="7953825006" />
    <nd ref="693505069" />
    <nd ref="7953825005" />
    <nd ref="693479809" />
    <nd ref="7953825003" />
    <nd ref="7953825004" />
    <nd ref="693488374" />
    <nd ref="7953825002" />
    <nd ref="7953825001" />
    <nd ref="693481955" />
    <nd ref="7953824998" />
    <nd ref="7953825000" />
    <nd ref="7953824999" />
    <nd ref="693467281" />
    <nd ref="7966539173" />
    <nd ref="693466246" />
    <nd ref="7966539174" />
    <nd ref="693490874" />
    <nd ref="7966539177" />
    <nd ref="693461321" />
    <nd ref="7966539178" />
    <nd ref="7966539179" />
    <nd ref="693479200" />
    <nd ref="7966604387" />
    <nd ref="693500875" />
    <nd ref="7966604388" />
    <nd ref="693462735" />
    <nd ref="7966604389" />
    <nd ref="693464779" />
    <nd ref="693505567" />
    <nd ref="693467016" />
    <nd ref="693479455" />
    <nd ref="693501153" />
    <nd ref="693464908" />
    <nd ref="693476200" />
    <nd ref="7966604390" />
    <nd ref="7966604391" />
    <nd ref="7966604392" />
    <nd ref="7966604396" />
    <nd ref="7966604394" />
    <nd ref="7966604395" />
    <nd ref="7966604393" />
    <nd ref="7966604399" />
    <tag k="landuse" v="grass" />
    <tag k="source" v="3dShapes" />
  </way>
  <way id="75134446">
    <nd ref="886697472" />
    <nd ref="886775429" />
    <nd ref="886772764" />
    <nd ref="886798878" />
    <nd ref="886723099" />
    <nd ref="886773197" />
    <nd ref="886783684" />
    <nd ref="886704628" />
    <nd ref="886775021" />
    <nd ref="886725010" />
    <nd ref="886799465" />
    <nd ref="886745667" />
    <nd ref="886690410" />
    <nd ref="886762859" />
    <nd ref="886709047" />
    <nd ref="886708198" />
    <nd ref="886752792" />
    <nd ref="886699103" />
    <nd ref="3649776656" />
    <nd ref="886771015" />
    <nd ref="886685830" />
    <nd ref="886756438" />
    <nd ref="886702621" />
    <nd ref="886773093" />
    <nd ref="886722712" />
    <nd ref="6445180367" />
    <nd ref="886797424" />
    <nd ref="2889321836" />
    <nd ref="886743798" />
    <nd ref="6445161499" />
    <nd ref="886746709" />
    <nd ref="12618231041" />
    <nd ref="12618231042" />
    <nd ref="886800776" />
    <nd ref="6443189117" />
    <nd ref="2889321835" />
    <nd ref="886768327" />
    <nd ref="886716339" />
    <nd ref="12618231045" />
    <nd ref="12618231051" />
    <nd ref="12618231061" />
    <nd ref="12618231060" />
    <nd ref="2814565761" />
    <nd ref="12618231057" />
    <nd ref="2814565760" />
    <nd ref="3649768208" />
    <nd ref="2814565755" />
    <nd ref="2814565757" />
    <nd ref="886742144" />
    <nd ref="886741109" />
    <nd ref="886697472" />
    <tag k="landuse" v="meadow" />
    <tag k="source" v="3dShapes" />
  </way>
  <way id="103825477">
    <nd ref="1198548515" />
    <nd ref="1198527155" />
    <nd ref="1198504915" />
    <nd ref="1198483939" />
    <nd ref="1198457926" />
    <nd ref="1198509710" />
    <nd ref="1198464067" />
    <nd ref="1198516446" />
    <nd ref="1198459127" />
    <nd ref="1198520390" />
    <nd ref="1198466157" />
    <nd ref="1198569173" />
    <nd ref="1198529627" />
    <nd ref="1198505928" />
    <nd ref="1198579001" />
    <nd ref="1198492989" />
    <nd ref="1198511275" />
    <nd ref="1198540429" />
    <nd ref="1198548515" />
    <tag k="landuse" v="forest" />
    <tag k="source" v="3dShapes" />
  </way>
  <way id="103825631">
    <nd ref="1198472105" />
    <nd ref="1198496818" />
    <nd ref="1198515501" />
    <nd ref="1198491527" />
    <nd ref="1198509856" />
    <nd ref="9282790940" />
    <nd ref="9282790941" />
    <nd ref="9282884547" />
    <nd ref="9282884546" />
    <nd ref="1198537682" />
    <nd ref="9282884545" />
    <nd ref="1198577205" />
    <nd ref="1198472105" />
    <tag k="landuse" v="grass" />
    <tag k="source" v="3dShapes" />
  </way>
  <way id="103827004">
    <nd ref="1198537455" />
    <nd ref="1198479296" />
    <nd ref="1198453662" />
    <nd ref="1198565895" />
    <nd ref="1198463656" />
    <nd ref="1198518673" />
    <nd ref="1198555164" />
    <nd ref="1198457458" />
    <nd ref="1198483319" />
    <nd ref="1198543843" />
    <nd ref="1198581788" />
    <nd ref="1198476397" />
    <nd ref="1198499542" />
    <nd ref="1198481336" />
    <nd ref="1198502917" />
    <nd ref="1198523881" />
    <nd ref="1198473332" />
    <nd ref="1198537455" />
    <tag k="landuse" v="forest" />
    <tag k="source" v="3dShapes" />
  </way>
  <way id="103827366">
    <nd ref="1198513066" />
    <nd ref="1198543581" />
    <nd ref="9282811437" />
    <nd ref="1198486998" />
    <nd ref="9282811436" />
    <nd ref="9282811435" />
    <nd ref="7399084547" />
    <nd ref="1198533612" />
    <nd ref="7399084540" />
    <nd ref="7399084531" />
    <nd ref="9282811438" />
    <nd ref="7399084523" />
    <nd ref="9282811439" />
    <nd ref="1198572457" />
    <nd ref="9282811442" />
    <nd ref="9282811443" />
    <nd ref="1198513066" />
    <tag k="landuse" v="grass" />
    <tag k="source" v="3dShapes" />
  </way>
  <way id="103827918">
    <nd ref="1198515501" />
    <nd ref="1198496818" />
    <nd ref="1198485009" />
    <nd ref="1198546804" />
    <nd ref="9282867386" />
    <nd ref="9282867385" />
    <nd ref="9282867383" />
    <nd ref="9282867382" />
    <nd ref="9282867384" />
    <nd ref="1198584318" />
    <nd ref="1198478395" />
    <nd ref="1198491527" />
    <nd ref="1198515501" />
    <tag k="landuse" v="forest" />
    <tag k="source" v="3dShapes" />
  </way>
  <way id="103828664">
    <nd ref="1198579001" />
    <nd ref="1198505928" />
    <nd ref="1198529627" />
    <nd ref="1198569173" />
    <nd ref="1198466157" />
    <nd ref="1198520390" />
    <nd ref="1198459127" />
    <nd ref="1198478395" />
    <nd ref="1198584318" />
    <nd ref="1198579001" />
    <tag k="landuse" v="forest" />
  </way>
  <way id="159029412">
    <nd ref="1711336906" />
    <nd ref="9682362672" />
    <nd ref="13694743413" />
    <nd ref="9682362681" />
    <nd ref="5150013428" />
    <nd ref="5150013421" />
    <nd ref="1711336908" />
    <nd ref="1711336917" />
    <nd ref="1711336915" />
    <nd ref="1711336914" />
    <nd ref="12135831559" />
    <nd ref="13130781055" />
    <nd ref="13130781057" />
    <nd ref="13130781056" />
    <nd ref="1711336905" />
    <nd ref="1711336907" />
    <nd ref="1711336918" />
    <nd ref="1711336916" />
    <nd ref="1711336906" />
    <tag k="landuse" v="residential" />
    <tag k="name" v="De Bongerd" />
    <tag k="place" v="neighbourhood" />
    <tag k="wikidata" v="Q28764851" />
    <tag k="wikipedia" v="nl:De Bongerd (Amsterdam)" />
  </way>
  <way id="188867780">
    <nd ref="2782087280" />
    <nd ref="442284399" />
    <nd ref="2738248945" />
    <nd ref="2738248876" />
    <nd ref="717784108" />
    <nd ref="7967147388" />
    <nd ref="717773345" />
    <nd ref="442284397" />
    <nd ref="2738248752" />
    <nd ref="271890526" />
    <nd ref="717778178" />
    <nd ref="717840962" />
    <nd ref="7974453015" />
    <nd ref="271890527" />
    <nd ref="271890528" />
    <nd ref="271890529" />
    <nd ref="271890530" />
    <nd ref="271890531" />
    <nd ref="46469028" />
    <nd ref="271890532" />
    <nd ref="10822768208" />
    <nd ref="1506205716" />
    <nd ref="1506205720" />
    <nd ref="1506205743" />
    <nd ref="1506205749" />
    <nd ref="13252110189" />
    <nd ref="1995035887" />
    <nd ref="1506205750" />
    <nd ref="1995035955" />
    <nd ref="693496818" />
    <nd ref="7967147391" />
    <nd ref="693493588" />
    <nd ref="693369309" />
    <nd ref="693366355" />
    <nd ref="693467216" />
    <nd ref="442284403" />
    <nd ref="2782087280" />
    <tag k="landuse" v="industrial" />
  </way>
  <way id="360431959">
    <nd ref="886803739" />
    <nd ref="3649776652" />
    <nd ref="3649776656" />
    <nd ref="886771015" />
    <nd ref="3649776647" />
    <nd ref="886730270" />
    <nd ref="886803739" />
    <tag k="landuse" v="grass" />
  </way>
  <way id="671879678">
    <nd ref="693512217" />
    <nd ref="693496674" />
    <nd ref="7967147418" />
    <nd ref="693375318" />
    <nd ref="7967147403" />
    <nd ref="7967147402" />
    <nd ref="7967147406" />
    <nd ref="7967147405" />
    <nd ref="7967147404" />
    <nd ref="7967147408" />
    <nd ref="7967147407" />
    <nd ref="693375045" />
    <nd ref="7967147409" />
    <nd ref="693365132" />
    <nd ref="7967147410" />
    <nd ref="693374537" />
    <nd ref="693510593" />
    <nd ref="693481166" />
    <nd ref="693503184" />
    <nd ref="693471115" />
    <nd ref="693477483" />
    <nd ref="693507796" />
    <nd ref="6291714449" />
    <nd ref="693463264" />
    <nd ref="693511087" />
    <nd ref="693473022" />
    <nd ref="693503672" />
    <nd ref="693493452" />
    <nd ref="693462653" />
    <nd ref="693370509" />
    <nd ref="693462396" />
    <nd ref="7967147411" />
    <nd ref="7967147412" />
    <nd ref="7967147413" />
    <nd ref="693369804" />
    <nd ref="693379722" />
    <nd ref="693372090" />
    <nd ref="693495064" />
    <nd ref="7967147416" />
    <nd ref="7967147417" />
    <nd ref="7967147415" />
    <nd ref="7967147414" />
    <nd ref="693512217" />
    <tag k="landuse" v="forest" />
  </way>
  <way id="688502511">
    <nd ref="6456483525" />
    <nd ref="693372907" />
    <nd ref="6456485191" />
    <nd ref="6456485190" />
    <nd ref="6456485189" />
    <nd ref="6456485188" />
    <nd ref="6456485187" />
    <nd ref="6456485186" />
    <nd ref="6456485185" />
    <nd ref="6456483584" />
    <nd ref="6456483583" />
    <nd ref="6456483582" />
    <nd ref="6456483581" />
    <nd ref="6456483580" />
    <nd ref="6456483579" />
    <nd ref="6456483578" />
    <nd ref="6456483577" />
    <nd ref="6456483576" />
    <nd ref="6456270797" />
    <nd ref="6456270798" />
    <nd ref="6456483565" />
    <nd ref="6456483564" />
    <nd ref="6456483563" />
    <nd ref="6456483562" />
    <nd ref="6456483561" />
    <nd ref="6456483560" />
    <nd ref="6456483559" />
    <nd ref="6456483558" />
    <nd ref="6456483557" />
    <nd ref="6456483556" />
    <nd ref="6456483555" />
    <nd ref="6456483554" />
    <nd ref="6456483553" />
    <nd ref="6456483552" />
    <nd ref="6456483551" />
    <nd ref="6456483550" />
    <nd ref="6456483549" />
    <nd ref="6456483548" />
    <nd ref="6456483547" />
    <nd ref="6456483546" />
    <nd ref="6456483545" />
    <nd ref="6456483544" />
    <nd ref="6456483543" />
    <nd ref="6456483542" />
    <nd ref="6456483541" />
    <nd ref="6456483540" />
    <nd ref="6456483539" />
    <nd ref="6456483538" />
    <nd ref="6456483537" />
    <nd ref="6456483536" />
    <nd ref="6456483535" />
    <nd ref="6456483534" />
    <nd ref="6456483533" />
    <nd ref="6456483532" />
    <nd ref="6456483531" />
    <nd ref="6042869943" />
    <nd ref="6042869936" />
    <nd ref="6042869945" />
    <nd ref="6456483530" />
    <nd ref="6456483529" />
    <nd ref="6456483528" />
    <nd ref="6456483527" />
    <nd ref="6456483526" />
    <nd ref="6456483525" />
    <tag k="landuse" v="railway" />
  </way>
  <way id="688502570">
    <nd ref="6042845704" />
    <nd ref="6042845714" />
    <nd ref="6042845702" />
    <nd ref="1198459765" />
    <nd ref="1198485607" />
    <nd ref="1198506584" />
    <nd ref="1198532155" />
    <nd ref="1806778727" />
    <nd ref="1198491723" />
    <nd ref="1198509964" />
    <nd ref="1198577329" />
    <nd ref="1198505129" />
    <nd ref="1198527687" />
    <nd ref="6456485517" />
    <nd ref="1198567070" />
    <nd ref="6456485514" />
    <nd ref="1198534739" />
    <nd ref="1198572890" />
    <nd ref="1198534019" />
    <nd ref="1198507439" />
    <nd ref="1198581986" />
    <nd ref="1198513398" />
    <nd ref="1198494765" />
    <nd ref="1198555407" />
    <nd ref="1198518768" />
    <nd ref="1198499651" />
    <nd ref="1198476542" />
    <nd ref="1198526718" />
    <nd ref="1198504759" />
    <nd ref="1198483520" />
    <nd ref="12784040101" />
    <nd ref="12784040103" />
    <nd ref="12784040105" />
    <nd ref="12784040102" />
    <nd ref="12784040104" />
    <nd ref="12783998999" />
    <nd ref="1198457610" />
    <nd ref="1198491005" />
    <nd ref="1198463830" />
    <nd ref="12783999000" />
    <nd ref="1198566175" />
    <nd ref="1198496430" />
    <nd ref="1198471794" />
    <nd ref="1198576769" />
    <nd ref="1198537005" />
    <nd ref="1198479003" />
    <nd ref="1198585267" />
    <nd ref="12783971634" />
    <nd ref="1198548074" />
    <nd ref="6042845704" />
    <tag k="landuse" v="grass" />
    <tag k="source" v="3dShapes" />
  </way>
  <way id="896303673">
    <nd ref="8331848812" />
    <nd ref="1198505036" />
    <nd ref="9282811432" />
    <nd ref="9282811431" />
    <nd ref="9282811433" />
    <nd ref="1198572457" />
    <nd ref="9282811439" />
    <nd ref="7399084523" />
    <nd ref="9282811438" />
    <nd ref="7399084531" />
    <nd ref="7399084540" />
    <nd ref="1198533612" />
    <nd ref="1198553864" />
    <nd ref="9282811440" />
    <nd ref="9282811441" />
    <nd ref="1198456921" />
    <nd ref="1198512671" />
    <nd ref="8331848812" />
    <tag k="landuse" v="forest" />
    <tag k="source" v="3dShapes" />
  </way>
  <way id="896349607">
    <nd ref="1198509710" />
    <nd ref="1198457926" />
    <nd ref="1198483939" />
    <nd ref="1198504915" />
    <nd ref="1198527155" />
    <nd ref="1198548515" />
    <nd ref="1198453662" />
    <nd ref="1198479296" />
    <nd ref="1198537455" />
    <nd ref="1198577070" />
    <nd ref="8332213795" />
    <nd ref="8332213798" />
    <nd ref="1198496671" />
    <nd ref="9282811434" />
    <nd ref="1198566670" />
    <nd ref="1198464067" />
    <nd ref="1198509710" />
    <tag k="landuse" v="grass" />
    <tag k="source" v="3dShapes" />
  </way>
  <way id="1006121217">
    <nd ref="1198516051" />
    <nd ref="9282884538" />
    <nd ref="9282811443" />
    <nd ref="9282811442" />
    <nd ref="9282811430" />
    <nd ref="9282811429" />
    <nd ref="9282811428" />
    <nd ref="9282811427" />
    <nd ref="9282811426" />
    <nd ref="9282811425" />
    <nd ref="9282811424" />
    <nd ref="9282811423" />
    <nd ref="9282811422" />
    <nd ref="9282811421" />
    <nd ref="9282811420" />
    <nd ref="9282811419" />
    <nd ref="9282811418" />
    <nd ref="9282811417" />
    <nd ref="9282791016" />
    <nd ref="9282791015" />
    <nd ref="9282791014" />
    <nd ref="9282791013" />
    <nd ref="9282791012" />
    <nd ref="9282791011" />
    <nd ref="9282791010" />
    <nd ref="9282791009" />
    <nd ref="9282791008" />
    <nd ref="9282791007" />
    <nd ref="9282791006" />
    <nd ref="9282791005" />
    <nd ref="9282791004" />
    <nd ref="9282791003" />
    <nd ref="9282791002" />
    <nd ref="9282791001" />
    <nd ref="9282791000" />
    <nd ref="9282790999" />
    <nd ref="9282790998" />
    <nd ref="9282790997" />
    <nd ref="9282790978" />
    <nd ref="9282790979" />
    <nd ref="9282790980" />
    <nd ref="9282790981" />
    <nd ref="9282790982" />
    <nd ref="9282790983" />
    <nd ref="9282790984" />
    <nd ref="9282790985" />
    <nd ref="9282790986" />
    <nd ref="1198573513" />
    <nd ref="1198495046" />
    <nd ref="1198513756" />
    <nd ref="1198461577" />
    <nd ref="9282790924" />
    <nd ref="1198488070" />
    <nd ref="1198507655" />
    <nd ref="1198534553" />
    <nd ref="1198493569" />
    <nd ref="1198511867" />
    <nd ref="717811952" />
    <nd ref="8331848796" />
    <nd ref="9282790931" />
    <nd ref="13807171658" />
    <nd ref="13807171661" />
    <nd ref="13807171659" />
    <nd ref="1198549907" />
    <nd ref="9282790932" />
    <nd ref="13807171663" />
    <nd ref="13807171662" />
    <nd ref="9282884519" />
    <nd ref="1198516051" />
    <tag k="landuse" v="forest" />
    <tag k="source" v="3dShapes" />
  </way>
  <way id="1006128788">
    <nd ref="9282884538" />
    <nd ref="9282884537" />
    <nd ref="9282884536" />
    <nd ref="9282884535" />
    <nd ref="9282884534" />
    <nd ref="9282884533" />
    <nd ref="9282884532" />
    <nd ref="9282884531" />
    <nd ref="9282884530" />
    <nd ref="9282884529" />
    <nd ref="9282884528" />
    <nd ref="9282884527" />
    <nd ref="9282884526" />
    <nd ref="9282884525" />
    <nd ref="9282884524" />
    <nd ref="9282884523" />
    <nd ref="9282884522" />
    <nd ref="9282884521" />
    <nd ref="9282884520" />
    <nd ref="9282884519" />
    <nd ref="1198516051" />
    <nd ref="9282884538" />
    <tag k="landuse" v="grass" />
  </way>
  <way id="1006128790">
    <nd ref="9282790930" />
    <nd ref="9282884557" />
    <nd ref="9282884556" />
    <nd ref="9282884555" />
    <nd ref="9282884554" />
    <nd ref="9282884553" />
    <nd ref="9282884552" />
    <nd ref="9282884551" />
    <nd ref="9282884550" />
    <nd ref="9282884549" />
    <nd ref="9282884548" />
    <nd ref="9282790925" />
    <nd ref="9282884562" />
    <nd ref="9282884561" />
    <nd ref="9282884576" />
    <nd ref="9282884577" />
    <nd ref="9282884578" />
    <nd ref="9282884579" />
    <nd ref="9282884580" />
    <nd ref="9282884581" />
    <nd ref="9282884582" />
    <nd ref="9282884583" />
    <nd ref="9282884584" />
    <nd ref="9282884585" />
    <nd ref="9282884590" />
    <nd ref="9282884589" />
    <nd ref="9282884588" />
    <nd ref="9282790939" />
    <nd ref="13807171657" />
    <nd ref="9282790938" />
    <nd ref="9282790937" />
    <nd ref="9282790936" />
    <nd ref="9282790935" />
    <nd ref="1198560556" />
    <nd ref="9282790933" />
    <nd ref="9282790934" />
    <nd ref="1198460854" />
    <nd ref="9282790930" />
    <tag k="landuse" v="grass" />
    <tag k="source" v="3dShapes" />
  </way>
  <way id="1006128791">
    <nd ref="9282790930" />
    <nd ref="9282884559" />
    <nd ref="13807171660" />
    <nd ref="9282884558" />
    <nd ref="9282790929" />
    <nd ref="9282790928" />
    <nd ref="13807171656" />
    <nd ref="9282884560" />
    <nd ref="9282884563" />
    <nd ref="9282884564" />
    <nd ref="9282790926" />
    <nd ref="9282790925" />
    <nd ref="9282884548" />
    <nd ref="9282884549" />
    <nd ref="9282884550" />
    <nd ref="9282884551" />
    <nd ref="9282884552" />
    <nd ref="9282884553" />
    <nd ref="9282884554" />
    <nd ref="9282884555" />
    <nd ref="9282884556" />
    <nd ref="9282884557" />
    <nd ref="9282790930" />
    <tag k="landuse" v="forest" />
  </way>
  <way id="1006128794">
    <nd ref="1198522837" />
    <nd ref="9282884588" />
    <nd ref="9282884589" />
    <nd ref="9282884590" />
    <nd ref="9282884591" />
    <nd ref="1198522837" />
    <tag k="landuse" v="allotments" />
  </way>
  <way id="1051390131">
    <nd ref="9661842885" />
    <nd ref="9661823997" />
    <nd ref="8010852986" />
    <nd ref="569702266" />
    <nd ref="9661842888" />
    <nd ref="9661842878" />
    <nd ref="9661842829" />
    <nd ref="9661842882" />
    <nd ref="9661842861" />
    <nd ref="9661842874" />
    <nd ref="9661824011" />
    <nd ref="9661842823" />
    <nd ref="9661842854" />
    <nd ref="9661842885" />
    <tag k="landuse" v="grass" />
    <tag k="source" v="3dShapes" />
  </way>
  <way id="1051390132">
    <nd ref="9661842845" />
    <nd ref="9661842886" />
    <nd ref="9661842864" />
    <nd ref="9661824015" />
    <nd ref="9661842873" />
    <nd ref="9661824016" />
    <nd ref="9661842820" />
    <nd ref="9661842835" />
    <nd ref="9661842872" />
    <nd ref="9661824002" />
    <nd ref="9661842863" />
    <nd ref="9661842851" />
    <nd ref="9661842845" />
    <tag k="landuse" v="grass" />
  </way>
  <way id="1051390889">
    <nd ref="9661842947" />
    <nd ref="9661842950" />
    <nd ref="9661842954" />
    <nd ref="9661842953" />
    <nd ref="9661842956" />
    <nd ref="9661842958" />
    <nd ref="9661842955" />
    <nd ref="9661842947" />
    <tag k="landuse" v="grass" />
    <tag k="source" v="3dShapes" />
  </way>
  <way id="1051390890">
    <nd ref="9661842952" />
    <nd ref="8010811084" />
    <nd ref="8010811082" />
    <nd ref="9661842948" />
    <nd ref="8010852985" />
    <nd ref="9661842949" />
    <nd ref="9661842952" />
    <tag k="landuse" v="grass" />
    <tag k="source" v="3dShapes" />
  </way>
  <way id="1154394311">
    <nd ref="10736085607" />
    <nd ref="10736067704" />
    <nd ref="10736085626" />
    <nd ref="10736067701" />
    <nd ref="10736085607" />
    <tag k="landuse" v="grass" />
  </way>
  <way id="1154394314">
    <nd ref="10736085637" />
    <nd ref="10736085638" />
    <nd ref="10736085635" />
    <nd ref="10736085609" />
    <nd ref="10736085628" />
    <nd ref="10736085618" />
    <nd ref="10736085608" />
    <nd ref="10736085625" />
    <nd ref="10736085637" />
    <tag k="landuse" v="grass" />
  </way>
  <way id="1154394315">
    <nd ref="10736085617" />
    <nd ref="10736067702" />
    <nd ref="10736085610" />
    <nd ref="10736085620" />
    <nd ref="10736085617" />
    <tag k="landuse" v="grass" />
  </way>
  <way id="1362847551">
    <nd ref="886734049" />
    <nd ref="886681869" />
    <nd ref="886751375" />
    <nd ref="886697214" />
    <nd ref="886744175" />
    <nd ref="886688978" />
    <nd ref="886761450" />
    <nd ref="886707572" />
    <nd ref="886777989" />
    <nd ref="6445261975" />
    <nd ref="886776603" />
    <nd ref="886727825" />
    <nd ref="886769622" />
    <nd ref="886717717" />
    <nd ref="886788541" />
    <nd ref="886738194" />
    <nd ref="886685281" />
    <nd ref="886755460" />
    <nd ref="886701880" />
    <nd ref="886772735" />
    <nd ref="886750637" />
    <nd ref="886696172" />
    <nd ref="886768842" />
    <nd ref="886716900" />
    <nd ref="886786391" />
    <nd ref="886737068" />
    <nd ref="886684370" />
    <nd ref="886754233" />
    <nd ref="886685725" />
    <nd ref="886765273" />
    <nd ref="886801600" />
    <nd ref="886747192" />
    <nd ref="886692255" />
    <nd ref="886764653" />
    <nd ref="886712781" />
    <nd ref="886781860" />
    <nd ref="886732841" />
    <nd ref="886805964" />
    <nd ref="886775958" />
    <nd ref="886726318" />
    <nd ref="886800369" />
    <nd ref="886746416" />
    <nd ref="886691318" />
    <nd ref="886763659" />
    <nd ref="886710453" />
    <nd ref="886781008" />
    <nd ref="886700695" />
    <nd ref="886771751" />
    <nd ref="886720623" />
    <nd ref="886793961" />
    <nd ref="886741612" />
    <nd ref="886687382" />
    <nd ref="886759216" />
    <nd ref="886705562" />
    <nd ref="886683597" />
    <nd ref="886753268" />
    <nd ref="886699707" />
    <nd ref="886771297" />
    <nd ref="886719628" />
    <nd ref="886792640" />
    <nd ref="886740528" />
    <nd ref="886686901" />
    <nd ref="886731609" />
    <nd ref="886805010" />
    <nd ref="886749898" />
    <nd ref="886695416" />
    <nd ref="886767820" />
    <nd ref="886715962" />
    <nd ref="886785392" />
    <nd ref="886736221" />
    <nd ref="886708866" />
    <nd ref="886778861" />
    <nd ref="886730440" />
    <nd ref="886803898" />
    <nd ref="886749088" />
    <nd ref="886694578" />
    <nd ref="886766670" />
    <nd ref="886714992" />
    <nd ref="886758382" />
    <nd ref="886704333" />
    <nd ref="886774883" />
    <nd ref="886724810" />
    <nd ref="2889318241" />
    <nd ref="2889318243" />
    <nd ref="12618231036" />
    <nd ref="12618231035" />
    <nd ref="886767712" />
    <nd ref="3649776655" />
    <nd ref="3649776650" />
    <nd ref="3649776658" />
    <nd ref="3649776657" />
    <nd ref="886785298" />
    <nd ref="886762650" />
    <nd ref="3649776649" />
    <nd ref="3649776654" />
    <nd ref="886730270" />
    <nd ref="886803739" />
    <nd ref="886748967" />
    <nd ref="6384424899" />
    <nd ref="886694456" />
    <nd ref="886766463" />
    <nd ref="886686829" />
    <nd ref="886758253" />
    <nd ref="886704072" />
    <nd ref="886774774" />
    <nd ref="886724614" />
    <nd ref="886799178" />
    <nd ref="886745465" />
    <nd ref="886690066" />
    <nd ref="886790393" />
    <nd ref="886739272" />
    <nd ref="886686064" />
    <nd ref="886756811" />
    <nd ref="2888279669" />
    <nd ref="886714911" />
    <nd ref="886783489" />
    <nd ref="886735319" />
    <nd ref="886682717" />
    <nd ref="886752149" />
    <nd ref="886698389" />
    <nd ref="886770392" />
    <nd ref="886718578" />
    <nd ref="886693450" />
    <nd ref="2888279670" />
    <nd ref="886697358" />
    <nd ref="6445261978" />
    <nd ref="6445261966" />
    <nd ref="886769794" />
    <nd ref="886689085" />
    <nd ref="6445261974" />
    <nd ref="6445261967" />
    <nd ref="886761529" />
    <nd ref="886707661" />
    <nd ref="886778130" />
    <nd ref="886729136" />
    <nd ref="886802736" />
    <nd ref="886748173" />
    <nd ref="886693599" />
    <nd ref="886796530" />
    <nd ref="886742956" />
    <nd ref="886688280" />
    <nd ref="886760480" />
    <nd ref="886776733" />
    <nd ref="886727948" />
    <nd ref="886801738" />
    <nd ref="886717896" />
    <nd ref="886788762" />
    <nd ref="886738379" />
    <nd ref="886685400" />
    <nd ref="886755656" />
    <nd ref="886702021" />
    <nd ref="886772808" />
    <nd ref="886721882" />
    <nd ref="886751502" />
    <nd ref="2888279671" />
    <nd ref="886734049" />
    <tag k="landuse" v="meadow" />
  </way>
  <way id="1362847555">
    <nd ref="886690105" />
    <nd ref="886762654" />
    <nd ref="886708791" />
    <nd ref="3569448342" />
    <nd ref="886778776" />
    <nd ref="10273172641" />
    <nd ref="10273172639" />
    <nd ref="886756825" />
    <nd ref="886702879" />
    <nd ref="886773214" />
    <nd ref="886797795" />
    <nd ref="886682733" />
    <nd ref="886752186" />
    <nd ref="886698410" />
    <nd ref="886770412" />
    <nd ref="886718586" />
    <nd ref="886790424" />
    <nd ref="886739302" />
    <nd ref="886686080" />
    <nd ref="886782703" />
    <nd ref="886734085" />
    <nd ref="12618231058" />
    <nd ref="2888280871" />
    <nd ref="2888280868" />
    <nd ref="6445219866" />
    <nd ref="12618231050" />
    <nd ref="2888280875" />
    <nd ref="2888280876" />
    <nd ref="3648973507" />
    <nd ref="2814565756" />
    <nd ref="12618231053" />
    <nd ref="12618231054" />
    <nd ref="12618231052" />
    <nd ref="2814565758" />
    <nd ref="12618231055" />
    <nd ref="12618231056" />
    <nd ref="886690105" />
    <tag k="landuse" v="meadow" />
    <tag k="source" v="3dShapes" />
  </way>
  <way id="1380908602">
    <nd ref="12784040036" />
    <nd ref="12784040037" />
    <nd ref="12784040038" />
    <nd ref="12784040035" />
    <nd ref="12784040039" />
    <nd ref="12784040036" />
    <tag k="landuse" v="forest" />
    <tag k="leaf_type" v="broadleaved" />
  </way>

<note>The data included in this document is from www.openstreetmap.org. The data is made available under ODbL.</note>
<meta osm_base="2026-09-03T09:10:40Z" />

  <node id="46282027" lat="52.3477943" lon="4.9700709" />
  <node id="46449795" lat="52.3851037" lon="4.8317066" />
  <node id="46449796" lat="52.3851487" lon="4.8438168" />
  <node id="46460365" lat="52.3874327" lon="4.8317147" />
  <node id="46460673" lat="52.3865283" lon="4.8188668">
    <tag k="bus" v="yes" />
    <tag k="name" v="Seineweg" />
    <tag k="public_transport" v="stop_position" />
  </node>
  <node id="46461157" lat="52.3875165" lon="4.8298435" />
  <node id="46462040" lat="52.3878954" lon="4.8199687" />
  <node id="46462043" lat="52.3878128" lon="4.8298465" />
  <node id="46465933" lat="52.3885408" lon="4.8199734" />
  <node id="46465935" lat="52.3886711" lon="4.8324873" />
  <node id="312183906" lat="52.3480733" lon="4.9692439" />
  <node id="312183907" lat="52.3482006" lon="4.9686705" />
  <node id="312183908" lat="52.3482890" lon="4.9680752" />
  <node id="312183910" lat="52.3483171" lon="4.9673503" />
  <node id="312183911" lat="52.3482841" lon="4.9666932" />
  <node id="312183912" lat="52.3482422" lon="4.9662052" />
  <node id="312183914" lat="52.3481840" lon="4.9655221" />
  <node id="312183915" lat="52.3480571" lon="4.9651433" />
  <node id="312183917" lat="52.3480552" lon="4.9648188" />
  <node id="312183918" lat="52.3478813" lon="4.9639952" />
  <node id="312183920" lat="52.3478152" lon="4.9630760" />
  <node id="312183921" lat="52.3478551" lon="4.9620044" />
  <node id="415299112" lat="52.3575538" lon="4.9440903" />
  <node id="415299113" lat="52.3575417" lon="4.9441898" />
  <node id="415299114" lat="52.3554880" lon="4.9489678" />
  <node id="415299115" lat="52.3556573" lon="4.9486980" />
  <node id="415299116" lat="52.3574233" lon="4.9457707" />
  <node id="418952596" lat="52.3850911" lon="4.8353882" />
  <node id="418964691" lat="52.3852321" lon="4.8408322" />
  <node id="473695216" lat="52.3544960" lon="4.9507867">
    <tag k="alt_name" v="Science Park Amsterdam" />
    <tag k="bus" v="yes" />
    <tag k="highway" v="bus_stop" />
    <tag k="name" v="Science Park" />
    <tag k="public_transport" v="platform" />
    <tag k="ref:IFOPT" v="NL:Q:30000554" />
    <tag k="shelter" v="yes" />
    <tag k="zone" v="5715" />
  </node>
  <node id="473695260" lat="52.3546283" lon="4.9507583">
    <tag k="alt_name" v="Science Park Amsterdam" />
    <tag k="bus" v="yes" />
    <tag k="highway" v="bus_stop" />
    <tag k="name" v="Science Park" />
    <tag k="public_transport" v="platform" />
    <tag k="ref:IFOPT" v="NL:Q:30000555" />
    <tag k="shelter" v="yes" />
    <tag k="zone" v="5715" />
  </node>
  <node id="544099656" lat="52.2940115" lon="5.0700933" />
  <node id="544099657" lat="52.2940742" lon="5.0701736" />
  <node id="544099670" lat="52.2938149" lon="5.0693091" />
  <node id="544099672" lat="52.2938096" lon="5.0693285" />
  <node id="544099677" lat="52.2941579" lon="5.0697860" />
  <node id="544099678" lat="52.2941477" lon="5.0698183" />
  <node id="544099685" lat="52.2933468" lon="5.0723076" />
  <node id="544099699" lat="52.2922268" lon="5.0728425" />
  <node id="544099711" lat="52.2941017" lon="5.0702373" />
  <node id="544099713" lat="52.2942661" lon="5.0707573" />
  <node id="544099715" lat="52.2942615" lon="5.0708045" />
  <node id="544099732" lat="52.2942794" lon="5.0708716" />
  <node id="544099734" lat="52.2944249" lon="5.0711490" />
  <node id="544099735" lat="52.2944630" lon="5.0712726" />
  <node id="544099745" lat="52.2937081" lon="5.0717416" />
  <node id="544099750" lat="52.2948824" lon="5.0720241" />
  <node id="544099762" lat="52.2927469" lon="5.0731469" />
  <node id="544099764" lat="52.2923860" lon="5.0729919" />
  <node id="544099766" lat="52.2927009" lon="5.0731271" />
  <node id="544099767" lat="52.2927485" lon="5.0731894" />
  <node id="544099769" lat="52.2927942" lon="5.0732414" />
  <node id="544099770" lat="52.2928303" lon="5.0733096" />
  <node id="544099772" lat="52.2927373" lon="5.0732222" />
  <node id="544099774" lat="52.2926924" lon="5.0731809" />
  <node id="544099775" lat="52.2923797" lon="5.0730200" />
  <node id="544099777" lat="52.2929155" lon="5.0733196" />
  <node id="544099778" lat="52.2930337" lon="5.0733619" />
  <node id="544099780" lat="52.2931299" lon="5.0734132" />
  <node id="544099782" lat="52.2931984" lon="5.0735150" />
  <node id="544099783" lat="52.2933177" lon="5.0737802" />
  <node id="544099785" lat="52.2933715" lon="5.0739772" />
  <node id="544099786" lat="52.2933885" lon="5.0741116" />
  <node id="544099787" lat="52.2933915" lon="5.0742792" />
  <node id="544099788" lat="52.2933701" lon="5.0742777" />
  <node id="544099789" lat="52.2933676" lon="5.0741444" />
  <node id="544099790" lat="52.2933533" lon="5.0740172" />
  <node id="544099791" lat="52.2933330" lon="5.0739128" />
  <node id="544099792" lat="52.2932140" lon="5.0736023" />
  <node id="544099793" lat="52.2930926" lon="5.0734203" />
  <node id="544099795" lat="52.2930547" lon="5.0733949" />
  <node id="544099796" lat="52.2929006" lon="5.0733460" />
  <node id="593945640" lat="52.4458410" lon="4.8363124" />
  <node id="593945642" lat="52.4459627" lon="4.8365119" />
  <node id="593945643" lat="52.4459102" lon="4.8362694" />
  <node id="593945645" lat="52.4458711" lon="4.8364418" />
  <node id="593945649" lat="52.4459369" lon="4.8364009" />
  <node id="593945650" lat="52.4458832" lon="4.8361524" />
  <node id="593945689" lat="52.4455307" lon="4.8378472" />
  <node id="593945690" lat="52.4457621" lon="4.8377160" />
  <node id="593945691" lat="52.4457291" lon="4.8375588" />
  <node id="593945692" lat="52.4454906" lon="4.8377846" />
  <node id="593945693" lat="52.4454149" lon="4.8378273" />
  <node id="593945694" lat="52.4454733" lon="4.8377037" />
  <node id="593945715" lat="52.4457057" lon="4.8384596" />
  <node id="593945719" lat="52.4457689" lon="4.8384333" />
  <node id="593945720" lat="52.4457614" lon="4.8384047" />
  <node id="593945721" lat="52.4456971" lon="4.8384191" />
  <node id="593946192" lat="52.4462023" lon="4.8376038" />
  <node id="593946194" lat="52.4463162" lon="4.8381101" />
  <node id="593946195" lat="52.4461150" lon="4.8376558" />
  <node id="593946221" lat="52.4462217" lon="4.8381353" />
  <node id="693364685" lat="52.3857654" lon="4.8192310" />
  <node id="693368502" lat="52.3875693" lon="4.8261106" />
  <node id="693369968" lat="52.3866124" lon="4.8201623" />
  <node id="693370325" lat="52.3875457" lon="4.8223851" />
  <node id="693372550" lat="52.3875343" lon="4.8222869" />
  <node id="693372812" lat="52.3874085" lon="4.8200647" />
  <node id="693373340" lat="52.3857744" lon="4.8195838" />
  <node id="693373786" lat="52.3874910" lon="4.8220393" />
  <node id="693374703" lat="52.3857516" lon="4.8192226" />
  <node id="693377786" lat="52.3874547" lon="4.8202094" />
  <node id="693379887" lat="52.3852337" lon="4.8198892" />
  <node id="693380359" lat="52.3875470" lon="4.8223741" />
  <node id="693380528" lat="52.3874419" lon="4.8201149" />
  <node id="693381334" lat="52.3857663" lon="4.8196052" />
  <node id="693381899" lat="52.3875025" lon="4.8220419" />
  <node id="693460334" lat="52.3868244" lon="4.8182795" />
  <node id="693460557" lat="52.3865656" lon="4.8187133" />
  <node id="693460643" lat="52.3857810" lon="4.8192628" />
  <node id="693460684" lat="52.3877515" lon="4.8276947" />
  <node id="693460964" lat="52.3874805" lon="4.8220290" />
  <node id="693461121" lat="52.3861222" lon="4.8185149" />
  <node id="693461188" lat="52.3866399" lon="4.8195061" />
  <node id="693461385" lat="52.3875869" lon="4.8288753" />
  <node id="693461708" lat="52.3867094" lon="4.8195285" />
  <node id="693461742" lat="52.3874737" lon="4.8220126" />
  <node id="693461927" lat="52.3857518" lon="4.8198221" />
  <node id="693462183" lat="52.3873952" lon="4.8181696" />
  <node id="693462189" lat="52.3874180" lon="4.8180154" />
  <node id="693462303" lat="52.3862927" lon="4.8179740" />
  <node id="693462308" lat="52.3865001" lon="4.8203993" />
  <node id="693462356" lat="52.3852656" lon="4.8197449" />
  <node id="693462805" lat="52.3852879" lon="4.8196948" />
  <node id="693463002" lat="52.3861195" lon="4.8184694" />
  <node id="693463042" lat="52.3876691" lon="4.8219574" />
  <node id="693463164" lat="52.3867221" lon="4.8179615" />
  <node id="693463241" lat="52.3866632" lon="4.8219164" />
  <node id="693463265" lat="52.3867061" lon="4.8198381" />
  <node id="693463410" lat="52.3860171" lon="4.8189288" />
  <node id="693463446" lat="52.3875407" lon="4.8297587" />
  <node id="693463529" lat="52.3868560" lon="4.8195400" />
  <node id="693463841" lat="52.3865889" lon="4.8201836" />
  <node id="693464009" lat="52.3860754" lon="4.8190192" />
  <node id="693464077" lat="52.3858242" lon="4.8198967" />
  <node id="693464335" lat="52.3887567" lon="4.8189360" />
  <node id="693464442" lat="52.3873934" lon="4.8180280" />
  <node id="693464570" lat="52.3866619" lon="4.8216370" />
  <node id="693464754" lat="52.3873653" lon="4.8187851" />
  <node id="693464835" lat="52.3857833" lon="4.8192831" />
  <node id="693464874" lat="52.3877112" lon="4.8222896" />
  <node id="693465438" lat="52.3876659" lon="4.8199893" />
  <node id="693465476" lat="52.3865952" lon="4.8195034" />
  <node id="693465683" lat="52.3875836" lon="4.8289564" />
  <node id="693465690" lat="52.3873095" lon="4.8219051" />
  <node id="693465827" lat="52.3868768" lon="4.8179650" />
  <node id="693465949" lat="52.3868696" lon="4.8182045" />
  <node id="693466078" lat="52.3868473" lon="4.8194236" />
  <node id="693466131" lat="52.3874716" lon="4.8219933" />
  <node id="693466400" lat="52.3865338" lon="4.8201601" />
  <node id="693466631" lat="52.3874132" lon="4.8181161" />
  <node id="693466763" lat="52.3879421" lon="4.8189808" />
  <node id="693466776" lat="52.3862369" lon="4.8179934" />
  <node id="693466783" lat="52.3865074" lon="4.8216395" />
  <node id="693466977" lat="52.3866685" lon="4.8188003" />
  <node id="693467389" lat="52.3861179" lon="4.8187190" />
  <node id="693467598" lat="52.3879813" lon="4.8181000" />
  <node id="693468027" lat="52.3868789" lon="4.8219064" />
  <node id="693468082" lat="52.3865749" lon="4.8195502" />
  <node id="693468237" lat="52.3859764" lon="4.8189788" />
  <node id="693468272" lat="52.3877514" lon="4.8297518" />
  <node id="693468314" lat="52.3868557" lon="4.8194734" />
  <node id="693468560" lat="52.3865547" lon="4.8201818" />
  <node id="693468692" lat="52.3860576" lon="4.8189202" />
  <node id="693468766" lat="52.3858649" lon="4.8198707" />
  <node id="693468915" lat="52.3884272" lon="4.8189354" />
  <node id="693469022" lat="52.3869154" lon="4.8182805" />
  <node id="693469134" lat="52.3859889" lon="4.8181180" />
  <node id="693469339" lat="52.3877754" lon="4.8187939" />
  <node id="693469457" lat="52.3857806" lon="4.8195478" />
  <node id="693469547" lat="52.3875281" lon="4.8222803" />
  <node id="693470336" lat="52.3852663" lon="4.8199943" />
  <node id="693470385" lat="52.3887557" lon="4.8185771" />
  <node id="693470451" lat="52.3876141" lon="4.8200587" />
  <node id="693470538" lat="52.3865849" lon="4.8195202" />
  <node id="693470940" lat="52.3873776" lon="4.8219048" />
  <node id="693471507" lat="52.3869007" lon="4.8181313" />
  <node id="693471636" lat="52.3868329" lon="4.8193972" />
  <node id="693473617" lat="52.3865338" lon="4.8201145" />
  <node id="693474453" lat="52.3857547" lon="4.8191044" />
  <node id="693474670" lat="52.3879337" lon="4.8190479" />
  <node id="693474707" lat="52.3860116" lon="4.8180956" />
  <node id="693476143" lat="52.3861175" lon="4.8188016" />
  <node id="693476487" lat="52.3878778" lon="4.8180172" />
  <node id="693477023" lat="52.3865732" lon="4.8195969" />
  <node id="693477315" lat="52.3884067" lon="4.8181781" />
  <node id="693477318" lat="52.3859657" lon="4.8190691" />
  <node id="693477437" lat="52.3867333" lon="4.8198244" />
  <node id="693477724" lat="52.3868936" lon="4.8180085" />
  <node id="693478428" lat="52.3858859" lon="4.8198208" />
  <node id="693479206" lat="52.3859661" lon="4.8181580" />
  <node id="693479223" lat="52.3866551" lon="4.8203968" />
  <node id="693479528" lat="52.3858860" lon="4.8192042" />
  <node id="693480402" lat="52.3852183" lon="4.8198936" />
  <node id="693481028" lat="52.3875391" lon="4.8223007" />
  <node id="693481040" lat="52.3873620" lon="4.8202772" />
  <node id="693481482" lat="52.3869260" lon="4.8180195" />
  <node id="693481627" lat="52.3868165" lon="4.8193841" />
  <node id="693481687" lat="52.3874514" lon="4.8201587" />
  <node id="693482114" lat="52.3864982" lon="4.8201156" />
  <node id="693482848" lat="52.3879939" lon="4.8190603" />
  <node id="693484123" lat="52.3879822" lon="4.8195093" />
  <node id="693484778" lat="52.3857557" lon="4.8196234" />
  <node id="693485314" lat="52.3875437" lon="4.8179818" />
  <node id="693485521" lat="52.3875027" lon="4.8220965" />
  <node id="693486412" lat="52.3865736" lon="4.8196767" />
  <node id="693487089" lat="52.3859752" lon="4.8191205" />
  <node id="693487246" lat="52.3866545" lon="4.8203376" />
  <node id="693487350" lat="52.3867676" lon="4.8197841" />
  <node id="693487830" lat="52.3868868" lon="4.8179986" />
  <node id="693487961" lat="52.3867783" lon="4.8194278" />
  <node id="693489255" lat="52.3874262" lon="4.8180775" />
  <node id="693489556" lat="52.3885715" lon="4.8189779" />
  <node id="693489583" lat="52.3859612" lon="4.8181885" />
  <node id="693490369" lat="52.3858205" lon="4.8191871" />
  <node id="693491093" lat="52.3857137" lon="4.8196509" />
  <node id="693491459" lat="52.3868776" lon="4.8221104" />
  <node id="693491848" lat="52.3874962" lon="4.8182108" />
  <node id="693492587" lat="52.3875441" lon="4.8223381" />
  <node id="693492602" lat="52.3866543" lon="4.8202887" />
  <node id="693492699" lat="52.3866087" lon="4.8197927" />
  <node id="693493352" lat="52.3867983" lon="4.8193876" />
  <node id="693494176" lat="52.3864995" lon="4.8203404" />
  <node id="693495425" lat="52.3880746" lon="4.8189878" />
  <node id="693496277" lat="52.3859955" lon="4.8183203" />
  <node id="693496899" lat="52.3877745" lon="4.8187149" />
  <node id="693497187" lat="52.3857359" lon="4.8196427" />
  <node id="693498710" lat="52.3875185" lon="4.8181195" />
  <node id="693499690" lat="52.3865840" lon="4.8197498" />
  <node id="693500564" lat="52.3868061" lon="4.8197170" />
  <node id="693500948" lat="52.3868795" lon="4.8179827" />
  <node id="693501095" lat="52.3867600" lon="4.8194946" />
  <node id="693501150" lat="52.3873784" lon="4.8200481" />
  <node id="693501606" lat="52.3853464" lon="4.8199245" />
  <node id="693502586" lat="52.3874476" lon="4.8179642" />
  <node id="693502935" lat="52.3859591" lon="4.8182831" />
  <node id="693503500" lat="52.3857841" lon="4.8191374" />
  <node id="693504009" lat="52.3853304" lon="4.8196695" />
  <node id="693504522" lat="52.3874614" lon="4.8182744" />
  <node id="693504656" lat="52.3876196" lon="4.8219704" />
  <node id="693505268" lat="52.3866456" lon="4.8198256" />
  <node id="693505909" lat="52.3868302" lon="4.8196468" />
  <node id="693506581" lat="52.3866159" lon="4.8201167" />
  <node id="693507595" lat="52.3867573" lon="4.8182787" />
  <node id="693507914" lat="52.3873989" lon="4.8187152" />
  <node id="693508059" lat="52.3857747" lon="4.8192449" />
  <node id="693508873" lat="52.3866768" lon="4.8195223" />
  <node id="693509027" lat="52.3868241" lon="4.8196735" />
  <node id="693509383" lat="52.3866583" lon="4.8179657" />
  <node id="693509429" lat="52.3867419" lon="4.8195181" />
  <node id="693509449" lat="52.3866278" lon="4.8200792" />
  <node id="693509631" lat="52.3854660" lon="4.8199040" />
  <node id="693509984" lat="52.3873427" lon="4.8182238" />
  <node id="693510001" lat="52.3874353" lon="4.8179937" />
  <node id="693510274" lat="52.3887559" lon="4.8190384" />
  <node id="693510308" lat="52.3863539" lon="4.8179685" />
  <node id="693510446" lat="52.3852725" lon="4.8197225" />
  <node id="693510805" lat="52.3888584" lon="4.8435932" />
  <node id="693511505" lat="52.3853080" lon="4.8196765" />
  <node id="693512056" lat="52.3873875" lon="4.8183466" />
  <node id="693512114" lat="52.3876463" lon="4.8219804" />
  <node id="693512632" lat="52.3866802" lon="4.8198384" />
  <node id="693513100" lat="52.3868462" lon="4.8195934" />
  <node id="693513918" lat="52.3860141" lon="4.8191210" />
  <node id="693514041" lat="52.3857564" lon="4.8198915" />
  <node id="693514552" lat="52.3874043" lon="4.8180244" />
  <node id="717738323" lat="52.3560532" lon="4.9513701" />
  <node id="717752440" lat="52.3562322" lon="4.9516647" />
  <node id="717753614" lat="52.3866622" lon="4.8212814" />
  <node id="717788018" lat="52.3564372" lon="4.9507538" />
  <node id="717824612" lat="52.3560159" lon="4.9514486" />
  <node id="717834264" lat="52.3561662" lon="4.9503036" />
  <node id="773271820" lat="52.3556325" lon="4.9508129" />
  <node id="876360746" lat="52.3569722" lon="4.9416933" />
  <node id="876362532" lat="52.3570893" lon="4.9395516" />
  <node id="876363642" lat="52.3574383" lon="4.9383300" />
  <node id="876368427" lat="52.3569872" lon="4.9411769" />
  <node id="876376082" lat="52.3569790" lon="4.9421918" />
  <node id="876376156" lat="52.3570021" lon="4.9402468" />
  <node id="876380189" lat="52.3518564" lon="4.9539641" />
  <node id="876380774" lat="52.3547649" lon="4.9514316" />
  <node id="876382896" lat="52.3569725" lon="4.9415938" />
  <node id="876397071" lat="52.3548250" lon="4.9515364" />
  <node id="876397452" lat="52.3569731" lon="4.9420173" />
  <node id="876397527" lat="52.3576987" lon="4.9375219" />
  <node id="876402480" lat="52.3569813" lon="4.9419926" />
  <node id="876412059" lat="52.3575680" lon="4.9415208" />
  <node id="876413433" lat="52.3569731" lon="4.9414604" />
  <node id="876416721" lat="52.3569786" lon="4.9417926" />
  <node id="876417479" lat="52.3569656" lon="4.9426715" />
  <node id="876421521" lat="52.3570368" lon="4.9398462" />
  <node id="876423680" lat="52.3547393" lon="4.9513058" />
  <node id="876423920" lat="52.3569810" lon="4.9422013" />
  <node id="876424771" lat="52.3569878" lon="4.9411099" />
  <node id="876425426" lat="52.3572143" lon="4.9390145" />
  <node id="876426808" lat="52.3569724" lon="4.9421805" />
  <node id="876427704" lat="52.3569820" lon="4.9417216" />
  <node id="876428035" lat="52.3546379" lon="4.9512122" />
  <node id="876428177" lat="52.3568078" lon="4.9439297" />
  <node id="876429626" lat="52.3571502" lon="4.9412833" />
  <node id="876434095" lat="52.3569705" lon="4.9426951" />
  <node id="876435957" lat="52.3569855" lon="4.9412132" />
  <node id="876436171" lat="52.3575729" lon="4.9379363" />
  <node id="876436410" lat="52.3571453" lon="4.9392982" />
  <node id="876440446" lat="52.3570828" lon="4.9409508" />
  <node id="876440667" lat="52.3569747" lon="4.9412422" />
  <node id="876440762" lat="52.3569800" lon="4.9422107" />
  <node id="879197808" lat="52.2880957" lon="5.0707418" />
  <node id="879197824" lat="52.2907807" lon="5.0713647" />
  <node id="879199088" lat="52.2889261" lon="5.0708189" />
  <node id="879201738" lat="52.2893069" lon="5.0710965" />
  <node id="879202064" lat="52.2908394" lon="5.0752942" />
  <node id="879202336" lat="52.2920413" lon="5.0727585" />
  <node id="879205458" lat="52.2862188" lon="5.0687121" />
  <node id="879205493" lat="52.2884778" lon="5.0710300" />
  <node id="879205730" lat="52.2923047" lon="5.0701178" />
  <node id="879208199" lat="52.2896634" lon="5.0715305" />
  <node id="879208610" lat="52.2938932" lon="5.0738462" />
  <node id="879210646" lat="52.2879842" lon="5.0706412" />
  <node id="879210662" lat="52.2900551" lon="5.0691070" />
  <node id="879212028" lat="52.2904975" lon="5.0717666" />
  <node id="879212685" lat="52.2883140" lon="5.0688902" />
  <node id="879213342" lat="52.2920683" lon="5.0747818" />
  <node id="879214121" lat="52.2904682" lon="5.0716986" />
  <node id="879215314" lat="52.2913667" lon="5.0705846" />
  <node id="879221664" lat="52.2870776" lon="5.0694104" />
  <node id="879221688" lat="52.2884495" lon="5.0710158" />
  <node id="879221904" lat="52.2920834" lon="5.0717721" />
  <node id="879223060" lat="52.2894660" lon="5.0711767" />
  <node id="879223400" lat="52.2949172" lon="5.0720600" />
  <node id="879225859" lat="52.2890862" lon="5.0709409" />
  <node id="879228387" lat="52.2922089" lon="5.0728525" />
  <node id="879228650" lat="52.2866176" lon="5.0688975" />
  <node id="879228662" lat="52.2878807" lon="5.0703592" />
  <node id="879229153" lat="52.2937887" lon="5.0692539" />
  <node id="879230253" lat="52.2903236" lon="5.0717099" />
  <node id="879230678" lat="52.2925135" lon="5.0737109" />
  <node id="879231469" lat="52.2903288" lon="5.0670257" />
  <node id="879232080" lat="52.2863071" lon="5.0687665" />
  <node id="879232090" lat="52.2904841" lon="5.0692843" />
  <node id="879233798" lat="52.2941597" lon="5.0734339" />
  <node id="879236084" lat="52.2895289" lon="5.0715612" />
  <node id="879237211" lat="52.2906118" lon="5.0693120" />
  <node id="879239105" lat="52.2880536" lon="5.0696157" />
  <node id="879239338" lat="52.2920965" lon="5.0712685" />
  <node id="879240098" lat="52.2919927" lon="5.0748465" />
  <node id="879240767" lat="52.2895541" lon="5.0714340" />
  <node id="879243586" lat="52.2903659" lon="5.0689460" />
  <node id="879244488" lat="52.2884450" lon="5.0711317" />
  <node id="879246362" lat="52.2874424" lon="5.0697803" />
  <node id="879250258" lat="52.2892294" lon="5.0710160" />
  <node id="879250421" lat="52.2907802" lon="5.0756762" />
  <node id="879250550" lat="52.2920636" lon="5.0727721" />
  <node id="879250971" lat="52.2904250" lon="5.0691048" />
  <node id="879252111" lat="52.2863136" lon="5.0686755" />
  <node id="879252123" lat="52.2888288" lon="5.0708670" />
  <node id="879253783" lat="52.2891576" lon="5.0708578" />
  <node id="879254299" lat="52.2931677" lon="5.0745831" />
  <node id="879254306" lat="52.2913567" lon="5.0686626" />
  <node id="879256654" lat="52.2878627" lon="5.0704770" />
  <node id="879256696" lat="52.2903116" lon="5.0691615" />
  <node id="879258866" lat="52.2912850" lon="5.0708698" />
  <node id="879261145" lat="52.2925303" lon="5.0692623" />
  <node id="879263536" lat="52.2901395" lon="5.0715918" />
  <node id="879265383" lat="52.2913044" lon="5.0704651" />
  <node id="879267468" lat="52.2868442" lon="5.0691973" />
  <node id="879267484" lat="52.2884191" lon="5.0710003" />
  <node id="879267741" lat="52.2920348" lon="5.0716833" />
  <node id="879268173" lat="52.2909183" lon="5.0743993" />
  <node id="879269125" lat="52.2894933" lon="5.0712575" />
  <node id="879269466" lat="52.2949415" lon="5.0721024" />
  <node id="879271938" lat="52.2885978" lon="5.0711331" />
  <node id="879274333" lat="52.2868145" lon="5.0690646" />
  <node id="879274348" lat="52.2877843" lon="5.0702204" />
  <node id="879275198" lat="52.2913230" lon="5.0743719" />
  <node id="879275855" lat="52.2902618" lon="5.0717115" />
  <node id="879276159" lat="52.2923695" lon="5.0735558" />
  <node id="879277041" lat="52.2903452" lon="5.0677901" />
  <node id="879277810" lat="52.2867023" lon="5.0690726" />
  <node id="879277828" lat="52.2906075" lon="5.0715849" />
  <node id="879279199" lat="52.2948741" lon="5.0722186" />
  <node id="879280987" lat="52.2894738" lon="5.0714567" />
  <node id="879284299" lat="52.2862027" lon="5.0686990" />
  <node id="879284313" lat="52.2877587" lon="5.0702250" />
  <node id="879284596" lat="52.2923405" lon="5.0699810" />
  <node id="879285692" lat="52.2914730" lon="5.0743084" />
  <node id="879286998" lat="52.2896973" lon="5.0715393" />
  <node id="879287777" lat="52.2938036" lon="5.0739579" />
  <node id="879290532" lat="52.2912694" lon="5.0741209" />
  <node id="879290736" lat="52.2883856" lon="5.0710973" />
  <node id="879292187" lat="52.2905387" lon="5.0717536" />
  <node id="879292348" lat="52.2875498" lon="5.0699374" />
  <node id="879293116" lat="52.2883453" lon="5.0687301" />
  <node id="879294513" lat="52.2921887" lon="5.0749403" />
  <node id="879295049" lat="52.2894359" lon="5.0713340" />
  <node id="879295474" lat="52.2918677" lon="5.0726267" />
  <node id="879296066" lat="52.2917675" lon="5.0697192" />
  <node id="879297212" lat="52.2864324" lon="5.0687596" />
  <node id="879297226" lat="52.2885795" lon="5.0710008" />
  <node id="879300235" lat="52.2892637" lon="5.0708995" />
  <node id="879300778" lat="52.2931042" lon="5.0744804" />
  <node id="879302282" lat="52.2903393" lon="5.0669738" />
  <node id="879303150" lat="52.2889841" lon="5.0709154" />
  <node id="879303159" lat="52.2883322" lon="5.0686851" />
  <node id="879303439" lat="52.2906508" lon="5.0759435" />
  <node id="879311170" lat="52.2922733" lon="5.0729148" />
  <node id="879312845" lat="52.2902972" lon="5.0715888" />
  <node id="879313917" lat="52.2914840" lon="5.0703296" />
  <node id="879314024" lat="52.2909700" lon="5.0741136" />
  <node id="879316450" lat="52.2873089" lon="5.0696824" />
  <node id="879316487" lat="52.2906075" lon="5.0694451" />
  <node id="879319070" lat="52.2893363" lon="5.0709595" />
  <node id="879322782" lat="52.2885297" lon="5.0711469" />
  <node id="879325781" lat="52.2880994" lon="5.0706391" />
  <node id="879326008" lat="52.2921657" lon="5.0708931" />
  <node id="879326666" lat="52.2909951" lon="5.0759531" />
  <node id="879327652" lat="52.2895812" lon="5.0714814" />
  <node id="879328024" lat="52.2917154" lon="5.0726120" />
  <node id="879329347" lat="52.2913231" lon="5.0742429" />
  <node id="879329841" lat="52.2903632" lon="5.0690104" />
  <node id="879330539" lat="52.2865767" lon="5.0689661" />
  <node id="879330558" lat="52.2905131" lon="5.0716746" />
  <node id="879332494" lat="52.2872970" lon="5.0695860" />
  <node id="879333014" lat="52.2946689" lon="5.0725849" />
  <node id="879333031" lat="52.2918395" lon="5.0694877" />
  <node id="879336029" lat="52.2896238" lon="5.0716468" />
  <node id="879336334" lat="52.2907569" lon="5.0758118" />
  <node id="879339225" lat="52.2862007" lon="5.0686546" />
  <node id="879339238" lat="52.2879433" lon="5.0695605" />
  <node id="879339407" lat="52.2924542" lon="5.0695368" />
  <node id="879339979" lat="52.2919402" lon="5.0746572" />
  <node id="879340734" lat="52.2899165" lon="5.0715716" />
  <node id="879341484" lat="52.2935591" lon="5.0742400" />
  <node id="879344894" lat="52.2877448" lon="5.0703077" />
  <node id="879345851" lat="52.2905672" lon="5.0717421" />
  <node id="879348336" lat="52.2922245" lon="5.0750028" />
  <node id="879348927" lat="52.2893681" lon="5.0711879" />
  <node id="879349279" lat="52.2920107" lon="5.0727352" />
  <node id="879350701" lat="52.2862132" lon="5.0686029" />
  <node id="879350706" lat="52.2883475" lon="5.0709391" />
  <node id="879351145" lat="52.2910903" lon="5.0762580" />
  <node id="879352264" lat="52.2890011" lon="5.0708202" />
  <node id="879352695" lat="52.2934552" lon="5.0743536" />
  <node id="879354585" lat="52.2924984" lon="5.0754379" />
  <node id="879354614" lat="52.2888964" lon="5.0709355" />
  <node id="879354631" lat="52.2895789" lon="5.0690511" />
  <node id="879354888" lat="52.2905800" lon="5.0759536" />
  <node id="879357440" lat="52.2906249" lon="5.0717023" />
  <node id="879358767" lat="52.2909308" lon="5.0742737" />
  <node id="879360466" lat="52.2922680" lon="5.0750772" />
  <node id="879361214" lat="52.2901548" lon="5.0717138" />
  <node id="879361907" lat="52.2920347" lon="5.0733012" />
  <node id="879363405" lat="52.2903449" lon="5.0678344" />
  <node id="879364121" lat="52.2871863" lon="5.0695340" />
  <node id="879364130" lat="52.2913148" lon="5.0706984" />
  <node id="879364913" lat="52.2894149" lon="5.0710652" />
  <node id="879366129" lat="52.2887741" lon="5.0710087" />
  <node id="879367493" lat="52.2880010" lon="5.0705310" />
  <node id="879367583" lat="52.2922090" lon="5.0706205" />
  <node id="879368063" lat="52.2909773" lon="5.0754848" />
  <node id="879368722" lat="52.2896033" lon="5.0714999" />
  <node id="879369144" lat="52.2917301" lon="5.0725358" />
  <node id="879370290" lat="52.2881757" lon="5.0708706" />
  <node id="879370294" lat="52.2909641" lon="5.0711346" />
  <node id="879371352" lat="52.2877365" lon="5.0701943" />
  <node id="879371691" lat="52.2912461" lon="5.0741057" />
  <node id="879373121" lat="52.2895579" lon="5.0716029" />
  <node id="879373359" lat="52.2907178" lon="5.0759016" />
  <node id="879375019" lat="52.2862748" lon="5.0687411" />
  <node id="879375026" lat="52.2885029" lon="5.0710267" />
  <node id="879375116" lat="52.2922528" lon="5.0703772" />
  <node id="879375625" lat="52.2896351" lon="5.0715148" />
  <node id="879375937" lat="52.2940204" lon="5.0736515" />
  <node id="879378698" lat="52.2874682" lon="5.0698991" />
  <node id="879380201" lat="52.2881197" lon="5.0695637" />
  <node id="879382015" lat="52.2920143" lon="5.0748835" />
  <node id="879382657" lat="52.2904985" lon="5.0716823" />
  <node id="879384274" lat="52.2862351" lon="5.0686259" />
  <node id="879384281" lat="52.2882155" lon="5.0707968" />
  <node id="879384586" lat="52.2910566" lon="5.0761106" />
  <node id="879384914" lat="52.2890913" lon="5.0708351" />
  <node id="879385170" lat="52.2931759" lon="5.0746075" />
  <node id="879386757" lat="52.2891667" lon="5.0709745" />
  <node id="879388436" lat="52.2910468" lon="5.0711782" />
  <node id="879390477" lat="52.2924101" lon="5.0753105" />
  <node id="879390924" lat="52.2912995" lon="5.0741552" />
  <node id="879391266" lat="52.2897828" lon="5.0716746" />
  <node id="879391772" lat="52.2921213" lon="5.0730399" />
  <node id="879392834" lat="52.2903618" lon="5.0683515" />
  <node id="879393821" lat="52.2864892" lon="5.0688962" />
  <node id="879393846" lat="52.2903687" lon="5.0691889" />
  <node id="879395741" lat="52.2873980" lon="5.0697152" />
  <node id="879396086" lat="52.2944872" lon="5.0728876" />
  <node id="879397011" lat="52.2919344" lon="5.0751263" />
  <node id="879397604" lat="52.2886602" lon="5.0710592" />
  <node id="879397767" lat="52.2903339" lon="5.0746057" />
  <node id="879398500" lat="52.2910721" lon="5.0700740" />
  <node id="879399229" lat="52.2879653" lon="5.0695790" />
  <node id="879399315" lat="52.2920434" lon="5.0715817" />
  <node id="879399716" lat="52.2920234" lon="5.0747664" />
  <node id="879400099" lat="52.2895267" lon="5.0713806" />
  <node id="879400355" lat="52.2921017" lon="5.0730088" />
  <node id="891919107" lat="52.3479768" lon="4.9615458" />
  <node id="891929084" lat="52.3480116" lon="4.9613455" />
  <node id="894210376" lat="52.4459717" lon="4.8372438" />
  <node id="894210528" lat="52.4460634" lon="4.8378677" />
  <node id="894210592" lat="52.4458176" lon="4.8379275" />
  <node id="894210633" lat="52.4470079" lon="4.8378042" />
  <node id="894210960" lat="52.4469581" lon="4.8379149" />
  <node id="894211171" lat="52.4457344" lon="4.8373212" />
  <node id="894211201" lat="52.4460580" lon="4.8359410" />
  <node id="894211329" lat="52.4456334" lon="4.8388199" />
  <node id="894211603" lat="52.4453310" lon="4.8362211" />
  <node id="894211767" lat="52.4456131" lon="4.8341731" />
  <node id="894211920" lat="52.4470006" lon="4.8355808" />
  <node id="894212215" lat="52.4477982" lon="4.8347756" />
  <node id="894212301" lat="52.4454765" lon="4.8342989" />
  <node id="894212362" lat="52.4481560" lon="4.8348745" />
  <node id="894212365" lat="52.4465916" lon="4.8354932" />
  <node id="894212428" lat="52.4457193" lon="4.8359897" />
  <node id="894212458" lat="52.4462680" lon="4.8357245" />
  <node id="894212589" lat="52.4460436" lon="4.8380566" />
  <node id="894212595" lat="52.4461084" lon="4.8366607" />
  <node id="894212631" lat="52.4475150" lon="4.8348301" />
  <node id="894212887" lat="52.4481854" lon="4.8347754" />
  <node id="894212936" lat="52.4479185" lon="4.8347462" />
  <node id="894212974" lat="52.4460582" lon="4.8375969" />
  <node id="894213056" lat="52.4466467" lon="4.8357522" />
  <node id="894213227" lat="52.4457962" lon="4.8359896" />
  <node id="894213679" lat="52.4466588" lon="4.8372699" />
  <node id="894213730" lat="52.4469412" lon="4.8356071" />
  <node id="894213742" lat="52.4481211" lon="4.8349056" />
  <node id="894213769" lat="52.4455397" lon="4.8342735" />
  <node id="894214090" lat="52.4465704" lon="4.8355213" />
  <node id="894214112" lat="52.4466681" lon="4.8360627" />
  <node id="894214144" lat="52.4460492" lon="4.8376634" />
  <node id="894214156" lat="52.4449247" lon="4.8358587" />
  <node id="894214187" lat="52.4480804" lon="4.8342318" />
  <node id="894214213" lat="52.4466604" lon="4.8354445" />
  <node id="894214311" lat="52.4470190" lon="4.8377858" />
  <node id="894214355" lat="52.4459250" lon="4.8372991" />
  <node id="894214428" lat="52.4468439" lon="4.8378705" />
  <node id="894214433" lat="52.4479099" lon="4.8347093" />
  <node id="894214725" lat="52.4455784" lon="4.8351122" />
  <node id="894214823" lat="52.4459622" lon="4.8368272" />
  <node id="894214960" lat="52.4453180" lon="4.8354560" />
  <node id="894215277" lat="52.4478762" lon="4.8347631" />
  <node id="894215444" lat="52.4475362" lon="4.8349621" />
  <node id="894215457" lat="52.4468160" lon="4.8380024" />
  <node id="894215725" lat="52.4464487" lon="4.8355692" />
  <node id="894215765" lat="52.4456310" lon="4.8367802" />
  <node id="894216309" lat="52.4461006" lon="4.8375548" />
  <node id="894216481" lat="52.4460758" lon="4.8360242" />
  <node id="894216807" lat="52.4476808" lon="4.8344756" />
  <node id="894217042" lat="52.4455944" lon="4.8355824" />
  <node id="894217193" lat="52.4459775" lon="4.8368081" />
  <node id="894217272" lat="52.4467126" lon="4.8362033" />
  <node id="894217362" lat="52.4470194" lon="4.8378714" />
  <node id="894217447" lat="52.4467068" lon="4.8372263" />
  <node id="894217854" lat="52.4466578" lon="4.8354274" />
  <node id="894217933" lat="52.4477026" lon="4.8346446" />
  <node id="894218048" lat="52.4459380" lon="4.8359508" />
  <node id="894218075" lat="52.4469046" lon="4.8353478" />
  <node id="894218141" lat="52.4479460" lon="4.8348526" />
  <node id="894218148" lat="52.4453460" lon="4.8354556" />
  <node id="894218184" lat="52.4471027" lon="4.8370058" />
  <node id="894218325" lat="52.4471532" lon="4.8377107" />
  <node id="894218366" lat="52.4460253" lon="4.8357859" />
  <node id="894218424" lat="52.4475241" lon="4.8349158" />
  <node id="894218430" lat="52.4469352" lon="4.8378266" />
  <node id="894218519" lat="52.4461002" lon="4.8374505" />
  <node id="894218711" lat="52.4455589" lon="4.8350230" />
  <node id="894219055" lat="52.4464266" lon="4.8380910" />
  <node id="894219086" lat="52.4459606" lon="4.8373069" />
  <node id="894219242" lat="52.4459561" lon="4.8380481" />
  <node id="894219330" lat="52.4457449" lon="4.8351433" />
  <node id="894220306" lat="52.4460759" lon="4.8365443" />
  <node id="894220791" lat="52.4481732" lon="4.8348471" />
  <node id="894220909" lat="52.4456290" lon="4.8348044" />
  <node id="894220993" lat="52.4450153" lon="4.8343296" />
  <node id="894221529" lat="52.4462542" lon="4.8357896" />
  <node id="894221592" lat="52.4462318" lon="4.8358640" />
  <node id="894221611" lat="52.4471761" lon="4.8378052" />
  <node id="894221799" lat="52.4460714" lon="4.8380069" />
  <node id="894221863" lat="52.4457356" lon="4.8350804" />
  <node id="894221928" lat="52.4466918" lon="4.8362152" />
  <node id="894221933" lat="52.4473893" lon="4.8349152" />
  <node id="894221991" lat="52.4477232" lon="4.8347719" />
  <node id="894222146" lat="52.4477139" lon="4.8352033" />
  <node id="894222170" lat="52.4476516" lon="4.8344860" />
  <node id="894222176" lat="52.4466792" lon="4.8357425" />
  <node id="894222192" lat="52.4452224" lon="4.8362367" />
  <node id="894222200" lat="52.4469090" lon="4.8353775" />
  <node id="894222255" lat="52.4461465" lon="4.8374563" />
  <node id="894222409" lat="52.4467526" lon="4.8361802" />
  <node id="894222414" lat="52.4478012" lon="4.8352439" />
  <node id="894222551" lat="52.4462209" lon="4.8359291" />
  <node id="894222601" lat="52.4481465" lon="4.8346669" />
  <node id="894222964" lat="52.4478752" lon="4.8348511" />
  <node id="894222969" lat="52.4447845" lon="4.8353422" />
  <node id="894223205" lat="52.4460066" lon="4.8380711" />
  <node id="894223503" lat="52.4456013" lon="4.8352124" />
  <node id="894223555" lat="52.4473882" lon="4.8350384" />
  <node id="894223795" lat="52.4456478" lon="4.8348374" />
  <node id="894223813" lat="52.4471486" lon="4.8353679" />
  <node id="894223836" lat="52.4455084" lon="4.8388875" />
  <node id="894223961" lat="52.4464647" lon="4.8356293" />
  <node id="894224068" lat="52.4470322" lon="4.8353110" />
  <node id="894224082" lat="52.4455862" lon="4.8348020" />
  <node id="894224083" lat="52.4483319" lon="4.8353903" />
  <node id="894224111" lat="52.4459508" lon="4.8368527" />
  <node id="894224383" lat="52.4470327" lon="4.8378865" />
  <node id="894224420" lat="52.4464846" lon="4.8356940" />
  <node id="894224487" lat="52.4449236" lon="4.8361846" />
  <node id="894224501" lat="52.4475212" lon="4.8348764" />
  <node id="894224574" lat="52.4450362" lon="4.8344339" />
  <node id="894224642" lat="52.4452893" lon="4.8353221" />
  <node id="894224740" lat="52.4456199" lon="4.8348595" />
  <node id="894224746" lat="52.4465617" lon="4.8354657" />
  <node id="894224796" lat="52.4482793" lon="4.8350734" />
  <node id="894224838" lat="52.4457320" lon="4.8348679" />
  <node id="894225019" lat="52.4473946" lon="4.8353043" />
  <node id="894225165" lat="52.4459202" lon="4.8359062" />
  <node id="894225248" lat="52.4457028" lon="4.8374111" />
  <node id="894225328" lat="52.4452533" lon="4.8353291" />
  <node id="894225361" lat="52.4453518" lon="4.8376197" />
  <node id="894225364" lat="52.4462881" lon="4.8357660" />
  <node id="894225368" lat="52.4456440" lon="4.8349728" />
  <node id="894225441" lat="52.4459138" lon="4.8372257" />
  <node id="894225693" lat="52.4468326" lon="4.8378645" />
  <node id="894225907" lat="52.4475394" lon="4.8349851" />
  <node id="894225912" lat="52.4452363" lon="4.8376141" />
  <node id="894226330" lat="52.4473845" lon="4.8349713" />
  <node id="894226362" lat="52.4480613" lon="4.8349288" />
  <node id="894226367" lat="52.4455529" lon="4.8352370" />
  <node id="894226459" lat="52.4474048" lon="4.8353971" />
  <node id="894226783" lat="52.4466987" lon="4.8356959" />
  <node id="894226835" lat="52.4469910" lon="4.8355389" />
  <node id="894226845" lat="52.4475705" lon="4.8348665" />
  <node id="894226911" lat="52.4479063" lon="4.8351290" />
  <node id="894226948" lat="52.4462914" lon="4.8373794" />
  <node id="894226972" lat="52.4454236" lon="4.8371622" />
  <node id="894227021" lat="52.4456943" lon="4.8348285" />
  <node id="894227062" lat="52.4463051" lon="4.8375003" />
  <node id="894227129" lat="52.4466788" lon="4.8359420" />
  <node id="894227181" lat="52.4454628" lon="4.8342718" />
  <node id="894227243" lat="52.4454342" lon="4.8369903" />
  <node id="894227482" lat="52.4473828" lon="4.8349525" />
  <node id="894227488" lat="52.4472229" lon="4.8377710" />
  <node id="894227525" lat="52.4453835" lon="4.8356613" />
  <node id="894227731" lat="52.4455600" lon="4.8341013" />
  <node id="894227810" lat="52.4458638" lon="4.8372389" />
  <node id="894227866" lat="52.4460638" lon="4.8374856" />
  <node id="894227979" lat="52.4462210" lon="4.8359616" />
  <node id="894227983" lat="52.4458488" lon="4.8373243" />
  <node id="894228046" lat="52.4458124" lon="4.8358921" />
  <node id="894228080" lat="52.4466283" lon="4.8357849" />
  <node id="894228235" lat="52.4477241" lon="4.8352737" />
  <node id="894228277" lat="52.4460789" lon="4.8375348" />
  <node id="894228336" lat="52.4477176" lon="4.8352283" />
  <node id="894228498" lat="52.4461608" lon="4.8375744" />
  <node id="894228527" lat="52.4478990" lon="4.8347720" />
  <node id="894228633" lat="52.4465970" lon="4.8357528" />
  <node id="894228651" lat="52.4462594" lon="4.8356875" />
  <node id="894228767" lat="52.4479674" lon="4.8348755" />
  <node id="894228782" lat="52.4466054" lon="4.8355583" />
  <node id="894228819" lat="52.4466139" lon="4.8357619" />
  <node id="894228889" lat="52.4461431" lon="4.8367113" />
  <node id="894228970" lat="52.4476910" lon="4.8347674" />
  <node id="916598627" lat="52.3521705" lon="4.9503000" />
  <node id="916598630" lat="52.3530940" lon="4.9481335" />
  <node id="916598641" lat="52.3529477" lon="4.9485653" />
  <node id="916598666" lat="52.3535392" lon="4.9470346" />
  <node id="916598667" lat="52.3531175" lon="4.9481608" />
  <node id="1161222382" lat="52.3546533" lon="4.9511252" />
  <node id="1196949561" lat="52.3563860" lon="4.9494054" />
  <node id="1196949563" lat="52.3568543" lon="4.9486490" />
  <node id="1506205715" lat="52.3896013" lon="4.8436703" />
  <node id="1506205728" lat="52.3913706" lon="4.8380602" />
  <node id="1506205730" lat="52.3913727" lon="4.8390995" />
  <node id="1506205733" lat="52.3914190" lon="4.8430188" />
  <node id="1506206716" lat="52.3909225" lon="4.8364937" />
  <node id="1506206718" lat="52.3913597" lon="4.8370316" />
  <node id="1574274415" lat="52.3576583" lon="4.9417530" />
  <node id="1574274426" lat="52.3571417" lon="4.9417219" />
  <node id="1625262358" lat="52.3879290" lon="4.8191330" />
  <node id="1625262361" lat="52.3879984" lon="4.8189151" />
  <node id="1625262391" lat="52.3877730" lon="4.8193193" />
  <node id="1625262404" lat="52.3884644" lon="4.8198472" />
  <node id="1625262411" lat="52.3882994" lon="4.8197831" />
  <node id="1625262421" lat="52.3877288" lon="4.8191423" />
  <node id="1625262430" lat="52.3884650" lon="4.8199791" />
  <node id="1625262432" lat="52.3884062" lon="4.8197670" />
  <node id="1625262442" lat="52.3879268" lon="4.8211539" />
  <node id="1625262449" lat="52.3879039" lon="4.8213015" />
  <node id="1625262480" lat="52.3878057" lon="4.8214356" />
  <node id="1625262482" lat="52.3884595" lon="4.8198044" />
  <node id="1625262501" lat="52.3878204" lon="4.8195446" />
  <node id="1625262509" lat="52.3879003" lon="4.8197289" />
  <node id="1625262526" lat="52.3879180" lon="4.8195969" />
  <node id="1625262529" lat="52.3878974" lon="4.8205290" />
  <node id="1625262531" lat="52.3879317" lon="4.8205290" />
  <node id="1625262537" lat="52.3878122" lon="4.8214678" />
  <node id="1625262550" lat="52.3879106" lon="4.8214133" />
  <node id="1625262555" lat="52.3880658" lon="4.8194937" />
  <node id="1625262563" lat="52.3883907" lon="4.8200553" />
  <node id="1625262578" lat="52.3882754" lon="4.8198108" />
  <node id="1625262584" lat="52.3879252" lon="4.8212988" />
  <node id="1625262587" lat="52.3879499" lon="4.8201364" />
  <node id="1625262596" lat="52.3879051" lon="4.8213873" />
  <node id="1625262611" lat="52.3878974" lon="4.8210225" />
  <node id="1625262621" lat="52.3882966" lon="4.8200328" />
  <node id="1625262642" lat="52.3879252" lon="4.8214157" />
  <node id="1625262643" lat="52.3877959" lon="4.8191477" />
  <node id="1625262647" lat="52.3877844" lon="4.8193944" />
  <node id="1625262664" lat="52.3879104" lon="4.8196595" />
  <node id="1625262677" lat="52.3884310" lon="4.8200516" />
  <node id="1625262679" lat="52.3879481" lon="4.8211513" />
  <node id="1625262680" lat="52.3882749" lon="4.8199952" />
  <node id="1625262686" lat="52.3884539" lon="4.8200221" />
  <node id="1625262690" lat="52.3878177" lon="4.8193878" />
  <node id="1625262692" lat="52.3879400" lon="4.8210972" />
  <node id="1625262695" lat="52.3879254" lon="4.8210974" />
  <node id="1625262699" lat="52.3878302" lon="4.8214731" />
  <node id="1625262700" lat="52.3883476" lon="4.8200544" />
  <node id="1625262708" lat="52.3879467" lon="4.8191357" />
  <node id="1625262725" lat="52.3879219" lon="4.8210279" />
  <node id="1625262727" lat="52.3878940" lon="4.8201369" />
  <node id="1625262729" lat="52.3879514" lon="4.8214141" />
  <node id="1625262732" lat="52.3877457" lon="4.8192135" />
  <node id="1625285569" lat="52.3879628" lon="4.8217816">
    <tag k="amenity" v="bench" />
    <tag k="backrest" v="yes" />
  </node>
  <node id="1625285593" lat="52.3878025" lon="4.8215615" />
  <node id="1625285596" lat="52.3878073" lon="4.8215375" />
  <node id="1625285611" lat="52.3879563" lon="4.8217977">
    <tag k="amenity" v="waste_basket" />
    <tag k="check_date" v="2025-08-30" />
  </node>
  <node id="1625285629" lat="52.3879399" lon="4.8207678">
    <tag k="amenity" v="bench" />
    <tag k="backrest" v="yes" />
  </node>
  <node id="1625285631" lat="52.3879612" lon="4.8212988">
    <tag k="amenity" v="bench" />
    <tag k="backrest" v="yes" />
  </node>
  <node id="1625285634" lat="52.3878335" lon="4.8215321" />
  <node id="1625285645" lat="52.3879366" lon="4.8207892">
    <tag k="amenity" v="waste_basket" />
    <tag k="check_date" v="2025-08-30" />
  </node>
  <node id="1625285649" lat="52.3878041" lon="4.8217977" />
  <node id="1625285682" lat="52.3879563" lon="4.8213122">
    <tag k="amenity" v="waste_basket" />
    <tag k="check_date" v="2025-08-30" />
  </node>
  <node id="1625285696" lat="52.3878171" lon="4.8216233" />
  <node id="1625285707" lat="52.3878139" lon="4.8217977" />
  <node id="1625285719" lat="52.3879170" lon="4.8210976">
    <tag k="amenity" v="waste_basket" />
    <tag k="check_date" v="2025-08-30" />
  </node>
  <node id="1625285724" lat="52.3878302" lon="4.8216099" />
  <node id="1625294560" lat="52.3864507" lon="4.8185479" />
  <node id="1625294575" lat="52.3866546" lon="4.8184512" />
  <node id="1625294576" lat="52.3884807" lon="4.8187388" />
  <node id="1625294577" lat="52.3867205" lon="4.8185877" />
  <node id="1625294578" lat="52.3883121" lon="4.8187522" />
  <node id="1625294581" lat="52.3864070" lon="4.8185188" />
  <node id="1625294592" lat="52.3887573" lon="4.8187066" />
  <node id="1625294594" lat="52.3887573" lon="4.8187602" />
  <node id="1625294600" lat="52.3885953" lon="4.8187790" />
  <node id="1625294604" lat="52.3879798" lon="4.8187897" />
  <node id="1625294611" lat="52.3879814" lon="4.8187629" />
  <node id="1625294613" lat="52.3883006" lon="4.8187924" />
  <node id="1625326932" lat="52.3867275" lon="4.8189721" />
  <node id="1625326941" lat="52.3868595" lon="4.8189089" />
  <node id="1625326944" lat="52.3877784" lon="4.8190392" />
  <node id="1625327004" lat="52.3876900" lon="4.8190472" />
  <node id="1625327033" lat="52.3876475" lon="4.8189989" />
  <node id="1625327046" lat="52.3877506" lon="4.8189909" />
  <node id="1625327048" lat="52.3871378" lon="4.8189170" />
  <node id="1625327049" lat="52.3867275" lon="4.8189426" />
  <node id="1625327052" lat="52.3868191" lon="4.8189828" />
  <node id="1625327055" lat="52.3873899" lon="4.8189572" />
  <node id="1625327085" lat="52.3876207" lon="4.8189840" />
  <node id="1625327089" lat="52.3877048" lon="4.8189587" />
  <node id="1625327098" lat="52.3873080" lon="4.8189492" />
  <node id="1625376157" lat="52.3880835" lon="4.8201277" />
  <node id="1625376158" lat="52.3880842" lon="4.8199949" />
  <node id="1625376163" lat="52.3880811" lon="4.8196021" />
  <node id="1625376166" lat="52.3880724" lon="4.8198015" />
  <node id="1625376185" lat="52.3880610" lon="4.8196681" />
  <node id="1625376190" lat="52.3881198" lon="4.8195789" />
  <node id="1821374618" lat="52.3550641" lon="4.9505432" />
  <node id="1821374623" lat="52.3553209" lon="4.9509674" />
  <node id="1821374627" lat="52.3548045" lon="4.9509626" />
  <node id="1851357083" lat="52.3570419" lon="4.9435526" />
  <node id="1995086557" lat="52.3898272" lon="4.8436593" />
  <node id="1995086575" lat="52.3914033" lon="4.8433012" />
  <node id="1995086577" lat="52.3905521" lon="4.8434852" />
  <node id="2001415495" lat="52.3571417" lon="4.9417957" />
  <node id="2001415513" lat="52.3577839" lon="4.9422389" />
  <node id="2001415525" lat="52.3571426" lon="4.9419301" />
  <node id="2001415722" lat="52.3575044" lon="4.9415108" />
  <node id="2001415960" lat="52.3577597" lon="4.9422301" />
  <node id="2001416175" lat="52.3571937" lon="4.9415644" />
  <node id="2031785849" lat="52.4473848" lon="4.8349841" />
  <node id="2031785868" lat="52.4475261" lon="4.8349303" />
  <node id="2031785871" lat="52.4475725" lon="4.8348816" />
  <node id="2031785888" lat="52.4476626" lon="4.8344819" />
  <node id="2031785891" lat="52.4476706" lon="4.8344791" />
  <node id="2031785893" lat="52.4477080" lon="4.8348108" />
  <node id="2031785898" lat="52.4477180" lon="4.8348068" />
  <node id="2031785901" lat="52.4477193" lon="4.8352434" />
  <node id="2031785906" lat="52.4478002" lon="4.8347918" />
  <node id="2031785909" lat="52.4478759" lon="4.8347748" />
  <node id="2031785913" lat="52.4478970" lon="4.8347904" />
  <node id="2031785916" lat="52.4479429" lon="4.8348666" />
  <node id="2031785917" lat="52.4479440" lon="4.8351358" />
  <node id="2031785925" lat="52.4479601" lon="4.8350745" />
  <node id="2031785940" lat="52.4479664" lon="4.8348911" />
  <node id="2031785941" lat="52.4480069" lon="4.8349833" />
  <node id="2031785946" lat="52.4480409" lon="4.8349295" />
  <node id="2031785948" lat="52.4480528" lon="4.8349383" />
  <node id="2031785954" lat="52.4481101" lon="4.8341663" />
  <node id="2031785962" lat="52.4481266" lon="4.8342369" />
  <node id="2031785966" lat="52.4481741" lon="4.8346569" />
  <node id="2031785989" lat="52.4482825" lon="4.8350261" />
  <node id="2031785994" lat="52.4483446" lon="4.8353848" />
  <node id="2038477363" lat="52.4454999" lon="4.8370378" />
  <node id="2038477369" lat="52.4458860" lon="4.8360255" />
  <node id="2038477396" lat="52.4459485" lon="4.8359983" />
  <node id="2038477426" lat="52.4456645" lon="4.8352248" />
  <node id="2038477431" lat="52.4452948" lon="4.8363300" />
  <node id="2038477463" lat="52.4455252" lon="4.8362239" />
  <node id="2038477477" lat="52.4448280" lon="4.8353280" />
  <node id="2038477484" lat="52.4457534" lon="4.8351743" />
  <node id="2038477490" lat="52.4452013" lon="4.8357220" />
  <node id="2038477509" lat="52.4458228" lon="4.8361898" />
  <node id="2038477525" lat="52.4460494" lon="4.8364895" />
  <node id="2038477593" lat="52.4456136" lon="4.8351663" />
  <node id="2038477668" lat="52.4453501" lon="4.8362972" />
  <node id="2038477696" lat="52.4454770" lon="4.8369591" />
  <node id="2038477725" lat="52.4451937" lon="4.8351412" />
  <node id="2038477739" lat="52.4458729" lon="4.8368172" />
  <node id="2038477763" lat="52.4451087" lon="4.8351499" />
  <node id="2038477771" lat="52.4457009" lon="4.8348337" />
  <node id="2192582372" lat="52.4457369" lon="4.8373889" />
  <node id="2192582377" lat="52.4458326" lon="4.8378838" />
  <node id="2192582380" lat="52.4459847" lon="4.8380295" />
  <node id="2192582384" lat="52.4460086" lon="4.8380385" />
  <node id="2192582387" lat="52.4460311" lon="4.8376606" />
  <node id="2192582389" lat="52.4460334" lon="4.8380315" />
  <node id="2192582392" lat="52.4460376" lon="4.8375834" />
  <node id="2192582394" lat="52.4460450" lon="4.8378696" />
  <node id="2192582397" lat="52.4460470" lon="4.8379823" />
  <node id="2192582399" lat="52.4460627" lon="4.8375097" />
  <node id="2280433775" lat="52.4456558" lon="4.8384420" />
  <node id="2280433779" lat="52.4463259" lon="4.8381576" />
  <node id="2280433783" lat="52.4470657" lon="4.8370293" />
  <node id="2440949754" lat="52.2862590" lon="5.0686410" />
  <node id="2853601834" lat="52.3558160" lon="4.9471309" />
  <node id="2853601844" lat="52.3559690" lon="4.9467655" />
  <node id="2853601866" lat="52.3562183" lon="4.9461709" />
  <node id="2853602123" lat="52.3543814" lon="4.9503602">
    <tag k="addr:city" v="Amsterdam" />
    <tag k="addr:housenumber" v="3198" />
    <tag k="addr:postcode" v="1098XK" />
    <tag k="addr:street" v="Carolina MacGillavrylaan" />
    <tag k="amenity" v="cafe" />
    <tag k="check_date" v="2025-09-09" />
    <tag k="check_date:opening_hours" v="2022-05-30" />
    <tag k="internet_access" v="yes" />
    <tag k="name" v="Bico" />
    <tag k="outdoor_seating" v="yes" />
    <tag k="panoramax" v="33151d94-9fea-4700-844f-8c0c7371be3b" />
    <tag k="source" v="BAG" />
    <tag k="source:date" v="2014-05-07" />
    <tag k="toilets" v="yes" />
    <tag k="toilets:access" v="customers" />
    <tag k="toilets:disposal" v="flush" />
    <tag k="toilets:position" v="seated;urinal" />
    <tag k="toilets:wheelchair" v="no" />
    <tag k="wheelchair" v="no" />
  </node>
  <node id="2853605501" lat="52.3552042" lon="4.9500971" />
  <node id="2853605505" lat="52.3552980" lon="4.9499464" />
  <node id="2853605508" lat="52.3553881" lon="4.9481544" />
  <node id="2853605510" lat="52.3554287" lon="4.9506217" />
  <node id="2853605511" lat="52.3554451" lon="4.9480171" />
  <node id="2853605515" lat="52.3554741" lon="4.9505487" />
  <node id="2853605516" lat="52.3555679" lon="4.9477248" />
  <node id="2853605604" lat="52.3564121" lon="4.9457065" />
  <node id="2853605613" lat="52.3565041" lon="4.9454862" />
  <node id="2853605617" lat="52.3565799" lon="4.9453157" />
  <node id="2853605618" lat="52.3565924" lon="4.9453211" />
  <node id="2853605674" lat="52.3568897" lon="4.9445736" />
  <node id="2853605687" lat="52.3570055" lon="4.9442209" />
  <node id="2853605694" lat="52.3570675" lon="4.9439947" />
  <node id="2853605706" lat="52.3571250" lon="4.9435794" />
  <node id="2895369740" lat="52.4459379" lon="4.8342638">
    <tag k="addr:city" v="Zaandam" />
    <tag k="addr:housenumber" v="1" />
    <tag k="addr:postcode" v="1503LA" />
    <tag k="addr:street" v="Tjotterlaan" />
    <tag k="amenity" v="place_of_worship" />
    <tag k="denomination" v="catholic_apostolic" />
    <tag k="name" v="Nieuw-Appostolische kerk" />
    <tag k="phone" v="+31 33 463 3424" />
    <tag k="religion" v="christian" />
    <tag k="source" v="BAG" />
    <tag k="source:date" v="2014-06-02" />
    <tag k="website" v="https://www.nak-nl.org/amsterdam/zaandam" />
  </node>
  <node id="2895377093" lat="52.4459480" lon="4.8364259">
    <tag k="addr:city" v="Zaandam" />
    <tag k="addr:housenumber" v="14B" />
    <tag k="addr:postcode" v="1503LB" />
    <tag k="addr:street" v="Tjotterlaan" />
    <tag k="amenity" v="veterinary" />
    <tag k="name" v="Plus Dierenkliniek De Saen" />
    <tag k="opening_hours" v="Mo-Fr 08:00-20:00, Sa 11:00-16:00, Su 13:00-15:00" />
    <tag k="phone" v="+31 75 617 3911" />
    <tag k="source" v="BAG" />
    <tag k="source:date" v="2014-06-02" />
    <tag k="website" v="https://www.plusdierenklinieken.nl/de-saen/" />
  </node>
  <node id="2895379271" lat="52.4461262" lon="4.8341585">
    <tag k="addr:city" v="Zaandam" />
    <tag k="addr:housenumber" v="155" />
    <tag k="addr:postcode" v="1503KW" />
    <tag k="addr:street" v="Ds. Martin Luther Kingweg" />
    <tag k="amenity" v="place_of_worship" />
    <tag k="name" v="Cemhuis Zaandam" />
    <tag k="religion" v="muslim" />
    <tag k="source" v="BAG" />
    <tag k="source:date" v="2014-06-02" />
    <tag k="website" v="https://www.facebook.com/cemhuis.zaanstad/?locale=nl_NL" />
  </node>
  <node id="2994783973" lat="52.3564680" lon="4.9495453" />
  <node id="2994783974" lat="52.3565737" lon="4.9496640" />
  <node id="2994783975" lat="52.3568085" lon="4.9496620" />
  <node id="2994783977" lat="52.3569634" lon="4.9489496" />
  <node id="3012399684" lat="52.3865168" lon="4.8189602">
    <tag k="bench" v="yes" />
    <tag k="bin" v="yes" />
    <tag k="bus" v="yes" />
    <tag k="highway" v="bus_stop" />
    <tag k="name" v="Seineweg" />
    <tag k="public_transport" v="platform" />
    <tag k="ref:IFOPT" v="NL:Q:30002312" />
    <tag k="shelter" v="yes" />
  </node>
  <node id="3012399685" lat="52.3863024" lon="4.8185525">
    <tag k="bench" v="yes" />
    <tag k="bin" v="yes" />
    <tag k="bus" v="yes" />
    <tag k="highway" v="bus_stop" />
    <tag k="name" v="Seineweg" />
    <tag k="public_transport" v="platform" />
    <tag k="ref:IFOPT" v="NL:Q:30002311" />
    <tag k="shelter" v="yes" />
  </node>
  <node id="3130904385" lat="52.3550421" lon="4.9496120">
    <tag k="amenity" v="waste_disposal" />
  </node>
  <node id="3324103180" lat="52.3878271" lon="4.8218681">
    <tag k="bench" v="yes" />
    <tag k="bin" v="yes" />
    <tag k="bus" v="yes" />
    <tag k="highway" v="bus_stop" />
    <tag k="lit" v="yes" />
    <tag k="name" v="Naritaweg" />
    <tag k="public_transport" v="platform" />
    <tag k="ref:IFOPT" v="NL:Q:30002316" />
    <tag k="shelter" v="yes" />
    <tag k="tactile_paving" v="yes" />
  </node>
  <node id="3324103181" lat="52.3879159" lon="4.8210861">
    <tag k="bench" v="yes" />
    <tag k="bin" v="yes" />
    <tag k="bus" v="yes" />
    <tag k="highway" v="bus_stop" />
    <tag k="lit" v="yes" />
    <tag k="name" v="Naritaweg" />
    <tag k="public_transport" v="platform" />
    <tag k="ref:IFOPT" v="NL:Q:30002317" />
    <tag k="shelter" v="yes" />
    <tag k="tactile_paving" v="yes" />
  </node>
  <node id="3739706215" lat="52.3545279" lon="4.9503331">
    <tag k="addr:city" v="Amsterdam" />
    <tag k="addr:housenumber" v="3192" />
    <tag k="addr:postcode" v="1098XK" />
    <tag k="addr:street" v="Carolina MacGillavrylaan" />
    <tag k="alt_name" v="SPAR city Amsterdam Sciencepark" />
    <tag k="branch" v="Amsterdam Sciencepark" />
    <tag k="brand" v="SPAR city" />
    <tag k="brand:website" v="https://www.spar.nl/city/" />
    <tag k="brand:wikidata" v="Q124630664" />
    <tag k="diet:halal" v="yes" />
    <tag k="diet:kosher" v="yes" />
    <tag k="email" v="sciencepark@despar.info" />
    <tag k="internet_access" v="wlan" />
    <tag k="name" v="SPAR city" />
    <tag k="opening_hours" v="Mo-Su 08:00-22:00" />
    <tag k="operator" v="SPAR" />
    <tag k="operator:wikidata" v="Q610492" />
    <tag k="phone" v="+31 20 205 1061" />
    <tag k="shop" v="convenience" />
    <tag k="website" v="https://www.spar.nl/winkels/spar-city-amsterdam-sciencepark-793/" />
  </node>
  <node id="3916179126" lat="52.3551103" lon="4.9486593" />
  <node id="3916179127" lat="52.3551246" lon="4.9486282" />
  <node id="3916179132" lat="52.3552110" lon="4.9484136" />
  <node id="3916179133" lat="52.3548187" lon="4.9494729" />
  <node id="3916179135" lat="52.3553364" lon="4.9481687" />
  <node id="3916179136" lat="52.3553177" lon="4.9482481" />
  <node id="3916179137" lat="52.3552171" lon="4.9488551" />
  <node id="3916179138" lat="52.3552221" lon="4.9488058" />
  <node id="3916179139" lat="52.3552186" lon="4.9487954" />
  <node id="3916179140" lat="52.3551667" lon="4.9487044" />
  <node id="3916179141" lat="52.3551201" lon="4.9487112" />
  <node id="3916179142" lat="52.3550689" lon="4.9488739" />
  <node id="3916179143" lat="52.3550612" lon="4.9489058" />
  <node id="3916179144" lat="52.3550568" lon="4.9489300" />
  <node id="3937887284" lat="52.3488030" lon="4.9608108" />
  <node id="3937887286" lat="52.3486993" lon="4.9610623" />
  <node id="3937887292" lat="52.3483517" lon="4.9594999" />
  <node id="3937887294" lat="52.3488850" lon="4.9606180" />
  <node id="3937887297" lat="52.3490605" lon="4.9602027" />
  <node id="3937887306" lat="52.3488068" lon="4.9584022" />
  <node id="3937887309" lat="52.3478909" lon="4.9605689" />
  <node id="3937887319" lat="52.3490927" lon="4.9601276" />
  <node id="3937887344" lat="52.3489812" lon="4.9603959" />
  <node id="3937887350" lat="52.3486599" lon="4.9611675" />
  <node id="3937887353" lat="52.3487313" lon="4.9609819" />
  <node id="3937888264" lat="52.3490453" lon="4.9602384" />
  <node id="3937888266" lat="52.3487590" lon="4.9609172" />
  <node id="3937894239" lat="52.3489542" lon="4.9604539" />
  <node id="3937894240" lat="52.3485834" lon="4.9613975" />
  <node id="3937894248" lat="52.3489315" lon="4.9605074" />
  <node id="3938072584" lat="52.3886947" lon="4.8360071" />
  <node id="3938072587" lat="52.3887146" lon="4.8367395" />
  <node id="3938072588" lat="52.3887011" lon="4.8365437" />
  <node id="3938072589" lat="52.3886953" lon="4.8360613" />
  <node id="3938072590" lat="52.3895434" lon="4.8364825" />
  <node id="3938072591" lat="52.3886016" lon="4.8358072" />
  <node id="3938072593" lat="52.3886992" lon="4.8361931" />
  <node id="3938072596" lat="52.3886934" lon="4.8358924" />
  <node id="3938072597" lat="52.3886060" lon="4.8360630" />
  <node id="3938072599" lat="52.3887026" lon="4.8364862" />
  <node id="3938072602" lat="52.3886731" lon="4.8365011" />
  <node id="3938072605" lat="52.3895359" lon="4.8367246" />
  <node id="3938072606" lat="52.3885942" lon="4.8361534" />
  <node id="3956787574" lat="52.3484511" lon="4.9619338" />
  <node id="3956787579" lat="52.3484891" lon="4.9685523" />
  <node id="3956787598" lat="52.3484907" lon="4.9617474" />
  <node id="4422115074" lat="52.3886992" lon="4.8362750" />
  <node id="4621136508" lat="52.3545216" lon="4.9508372">
    <tag k="bus" v="yes" />
    <tag k="name" v="Science Park" />
    <tag k="public_transport" v="stop_position" />
  </node>
  <node id="4621136513" lat="52.3545954" lon="4.9507177">
    <tag k="bus" v="yes" />
    <tag k="name" v="Science Park" />
    <tag k="public_transport" v="stop_position" />
  </node>
  <node id="4621843970" lat="52.3862942" lon="4.8186621">
    <tag k="bus" v="yes" />
    <tag k="name" v="Seineweg" />
    <tag k="public_transport" v="stop_position" />
  </node>
  <node id="4621843971" lat="52.3878758" lon="4.8218659">
    <tag k="bus" v="yes" />
    <tag k="name" v="Naritaweg" />
    <tag k="public_transport" v="stop_position" />
  </node>
  <node id="4621843972" lat="52.3878707" lon="4.8210803">
    <tag k="bus" v="yes" />
    <tag k="name" v="Naritaweg" />
    <tag k="public_transport" v="stop_position" />
  </node>
  <node id="4781686719" lat="52.3562801" lon="4.9452618" />
  <node id="4781686720" lat="52.3566780" lon="4.9443044" />
  <node id="4781689222" lat="52.3569474" lon="4.9433043" />
  <node id="4781689223" lat="52.3570011" lon="4.9428413" />
  <node id="4781689224" lat="52.3570157" lon="4.9422445" />
  <node id="4781689225" lat="52.3570032" lon="4.9413997" />
  <node id="4781689226" lat="52.3569912" lon="4.9410960" />
  <node id="4781689229" lat="52.3569917" lon="4.9408639" />
  <node id="4781787798" lat="52.3521585" lon="4.9541570">
    <tag k="barrier" v="gate" />
    <tag k="traffic_calming" v="hump" />
  </node>
  <node id="4781882087" lat="52.3479260" lon="4.9703428" />
  <node id="4781882094" lat="52.3478149" lon="4.9702083" />
  <node id="4781902926" lat="52.3479517" lon="4.9615432" />
  <node id="4781902956" lat="52.3484991" lon="4.9679742" />
  <node id="4957588498" lat="52.3575382" lon="4.9379976" />
  <node id="4957588512" lat="52.3576708" lon="4.9375000" />
  <node id="4957588943" lat="52.3574862" lon="4.9381749" />
  <node id="4957588944" lat="52.3575159" lon="4.9380712" />
  <node id="4957588947" lat="52.3575110" lon="4.9380660" />
  <node id="4957588948" lat="52.3575656" lon="4.9379286" />
  <node id="4957593603" lat="52.3546717" lon="4.9484060">
    <tag k="railway" v="buffer_stop" />
  </node>
  <node id="4957593686" lat="52.3548231" lon="4.9486214">
    <tag k="railway" v="buffer_stop" />
  </node>
  <node id="4957593690" lat="52.3547808" lon="4.9485763">
    <tag k="railway" v="buffer_stop" />
  </node>
  <node id="4990555686" lat="52.3576385" lon="4.9371997" />
  <node id="4990555687" lat="52.3576431" lon="4.9372320" />
  <node id="4990555688" lat="52.3576556" lon="4.9373207" />
  <node id="4990555689" lat="52.3576620" lon="4.9373654" />
  <node id="4990555690" lat="52.3576512" lon="4.9374003" />
  <node id="4990555691" lat="52.3576627" lon="4.9374134" />
  <node id="4990555692" lat="52.3576859" lon="4.9374395" />
  <node id="4990555693" lat="52.3576637" lon="4.9374920" />
  <node id="4990555694" lat="52.3576783" lon="4.9375084" />
  <node id="4990555695" lat="52.3576810" lon="4.9375020" />
  <node id="4990555696" lat="52.3576959" lon="4.9375187" />
  <node id="4990555697" lat="52.3576077" lon="4.9378487" />
  <node id="4990555699" lat="52.3576725" lon="4.9375841" />
  <node id="5022004010" lat="52.3891561" lon="4.8367389" />
  <node id="5062235453" lat="52.3480076" lon="4.9613911" />
  <node id="5062235454" lat="52.3484817" lon="4.9617889" />
  <node id="5062235455" lat="52.3479869" lon="4.9614947" />
  <node id="5062235456" lat="52.3484597" lon="4.9618918" />
  <node id="5062235457" lat="52.3484727" lon="4.9618309" />
  <node id="5062235458" lat="52.3484684" lon="4.9618512" />
  <node id="5062235459" lat="52.3484520" lon="4.9619284" />
  <node id="5062235460" lat="52.3479787" lon="4.9615355" />
  <node id="5062235461" lat="52.3479951" lon="4.9614535" />
  <node id="5062235462" lat="52.3479992" lon="4.9614331" />
  <node id="5062235468" lat="52.3480162" lon="4.9613484" />
  <node id="5062235474" lat="52.3479668" lon="4.9615368" />
  <node id="5062235476" lat="52.3479302" lon="4.9615497" />
  <node id="5345010554" lat="52.3569913" lon="4.9407778" />
  <node id="5345407313" lat="52.3527823" lon="4.9488764" />
  <node id="5345407319" lat="52.3538507" lon="4.9506777" />
  <node id="5345408422" lat="52.3538913" lon="4.9508543" />
  <node id="5345408424" lat="52.3529098" lon="4.9487799" />
  <node id="5345408425" lat="52.3529185" lon="4.9487474" />
  <node id="5345408427" lat="52.3529515" lon="4.9486694" />
  <node id="5345408428" lat="52.3529795" lon="4.9486027" />
  <node id="5345408429" lat="52.3532246" lon="4.9478228" />
  <node id="5345408430" lat="52.3532135" lon="4.9478101" />
  <node id="5347276844" lat="52.3552909" lon="4.9512092" />
  <node id="5347276845" lat="52.3551132" lon="4.9513507" />
  <node id="5347276846" lat="52.3550846" lon="4.9515898" />
  <node id="5347276856" lat="52.3551615" lon="4.9515165" />
  <node id="5347276857" lat="52.3552697" lon="4.9514619" />
  <node id="5347276858" lat="52.3552983" lon="4.9514535" />
  <node id="5400928374" lat="52.2909979" lon="5.0740339" />
  <node id="5400928375" lat="52.2910515" lon="5.0740103" />
  <node id="5400928376" lat="52.2910981" lon="5.0740230" />
  <node id="5413344790" lat="52.3887421" lon="4.8367388" />
  <node id="5413344791" lat="52.3890934" lon="4.8367400" />
  <node id="5413344794" lat="52.3894530" lon="4.8367264" />
  <node id="5413344798" lat="52.3886917" lon="4.8358053" />
  <node id="5413344799" lat="52.3888878" lon="4.8438389" />
  <node id="5413344800" lat="52.3886888" lon="4.8438996" />
  <node id="5413344802" lat="52.3888865" lon="4.8367377" />
  <node id="5413344807" lat="52.3893473" lon="4.8367277" />
  <node id="5413344811" lat="52.3886992" lon="4.8363454" />
  <node id="5413344814" lat="52.3889529" lon="4.8367356" />
  <node id="5533629654" lat="52.3483099" lon="4.9676469" />
  <node id="5533629655" lat="52.3479867" lon="4.9695434" />
  <node id="5533629656" lat="52.3478997" lon="4.9697983" />
  <node id="5533629666" lat="52.3483062" lon="4.9670247" />
  <node id="5533629715" lat="52.3482040" lon="4.9657053" />
  <node id="5533629716" lat="52.3481994" lon="4.9656228" />
  <node id="5533629717" lat="52.3482128" lon="4.9658499" />
  <node id="5533629718" lat="52.3480634" lon="4.9651817" />
  <node id="5533629719" lat="52.3480784" lon="4.9652477" />
  <node id="5533629720" lat="52.3481197" lon="4.9653643" />
  <node id="5533629737" lat="52.3480550" lon="4.9650760" />
  <node id="5533629738" lat="52.3480563" lon="4.9650300" />
  <node id="5533629739" lat="52.3480661" lon="4.9648887" />
  <node id="5533629740" lat="52.3480654" lon="4.9649468" />
  <node id="5533629741" lat="52.3479402" lon="4.9643200" />
  <node id="5533629790" lat="52.3478410" lon="4.9635402" />
  <node id="5533629846" lat="52.3478289" lon="4.9622735" />
  <node id="5533629847" lat="52.3478103" lon="4.9625769" />
  <node id="5906232254" lat="52.2916376" lon="5.0700604" />
  <node id="5906271914" lat="52.2917085" lon="5.0726479" />
  <node id="5906271945" lat="52.2919869" lon="5.0732290" />
  <node id="6360832656" lat="52.3545599" lon="4.9483791">
    <tag k="operator" v="ProRail" />
    <tag k="railway" v="signal" />
    <tag k="railway:position:exact" v="905.083" />
    <tag k="railway:signal:direction" v="backward" />
    <tag k="railway:signal:distant" v="NL" />
    <tag k="railway:signal:distant:form" v="light" />
    <tag k="railway:signal:distant:states" v="NL:217;NL:218;NL:219" />
    <tag k="ref" v="SRV14" />
    <tag k="source" v="ProRail" />
    <tag k="start_date" v="2014-03-11" />
  </node>
  <node id="6360832657" lat="52.3544953" lon="4.9483123">
    <tag k="operator" v="ProRail" />
    <tag k="railway" v="signal" />
    <tag k="railway:position:exact" v="905.083" />
    <tag k="railway:signal:direction" v="backward" />
    <tag k="railway:signal:distant" v="NL" />
    <tag k="railway:signal:distant:form" v="light" />
    <tag k="railway:signal:distant:states" v="NL:217;NL:218;NL:219" />
    <tag k="ref" v="SRV24" />
    <tag k="source" v="ProRail" />
    <tag k="start_date" v="2014-03-11" />
  </node>
  <node id="6360832658" lat="52.3544325" lon="4.9482423">
    <tag k="operator" v="ProRail" />
    <tag k="railway" v="signal" />
    <tag k="railway:position:exact" v="905.083" />
    <tag k="railway:signal:direction" v="backward" />
    <tag k="railway:signal:distant" v="NL" />
    <tag k="railway:signal:distant:form" v="light" />
    <tag k="railway:signal:distant:states" v="NL:217;NL:218;NL:219" />
    <tag k="ref" v="SRV34" />
    <tag k="source" v="ProRail" />
    <tag k="start_date" v="2014-03-11" />
  </node>
  <node id="6373723941" lat="52.3544998" lon="4.9483016">
    <tag k="railway" v="derail" />
    <tag k="ref" v="St3235" />
  </node>
  <node id="6373723942" lat="52.3544371" lon="4.9482313">
    <tag k="railway" v="derail" />
    <tag k="ref" v="St3234" />
  </node>
  <node id="6373723944" lat="52.3545627" lon="4.9483722">
    <tag k="railway" v="derail" />
    <tag k="ref" v="St3236" />
  </node>
  <node id="6423620166" lat="52.3547165" lon="4.9504091" />
  <node id="6423620167" lat="52.3547303" lon="4.9504323" />
  <node id="6423620168" lat="52.3555706" lon="4.9490716" />
  <node id="6423620169" lat="52.3555573" lon="4.9490507" />
  <node id="6423620171" lat="52.3550495" lon="4.9498294" />
  <node id="6423620172" lat="52.3549667" lon="4.9499535" />
  <node id="6423620173" lat="52.3549234" lon="4.9500174" />
  <node id="6423620174" lat="52.3548892" lon="4.9500765" />
  <node id="6423620175" lat="52.3548076" lon="4.9502579" />
  <node id="6423620176" lat="52.3551180" lon="4.9498044" />
  <node id="6423620183" lat="52.3549178" lon="4.9516432" />
  <node id="6423620184" lat="52.3549329" lon="4.9516253" />
  <node id="6423620285" lat="52.3549348" lon="4.9516183" />
  <node id="6423620286" lat="52.3549356" lon="4.9516027" />
  <node id="6423620287" lat="52.3548777" lon="4.9513504" />
  <node id="6423620288" lat="52.3548688" lon="4.9513287" />
  <node id="6423620289" lat="52.3548492" lon="4.9513157" />
  <node id="6423620290" lat="52.3547369" lon="4.9513055" />
  <node id="6423620291" lat="52.3547048" lon="4.9511933" />
  <node id="6423620292" lat="52.3547042" lon="4.9511846" />
  <node id="6423620293" lat="52.3547189" lon="4.9511636" />
  <node id="6423620294" lat="52.3547635" lon="4.9511043" />
  <node id="6423620295" lat="52.3547694" lon="4.9510904" />
  <node id="6423620296" lat="52.3547953" lon="4.9509857" />
  <node id="6423620297" lat="52.3547926" lon="4.9509904" />
  <node id="6423620298" lat="52.3549083" lon="4.9516513" />
  <node id="6423620332" lat="52.3542265" lon="4.9507836" />
  <node id="6456270903" lat="52.3887610" lon="4.8182884" />
  <node id="6458258943" lat="52.3887027" lon="4.8182904" />
  <node id="6458258944" lat="52.3886544" lon="4.8182649" />
  <node id="6458258945" lat="52.3886357" lon="4.8181832" />
  <node id="6458258946" lat="52.3885578" lon="4.8182062" />
  <node id="6458258947" lat="52.3884784" lon="4.8182037" />
  <node id="6458258948" lat="52.3883879" lon="4.8180926" />
  <node id="6647021739" lat="52.2912268" lon="5.0741932" />
  <node id="6647021740" lat="52.2910805" lon="5.0741123" />
  <node id="6835334139" lat="52.3560422" lon="4.9410447" />
  <node id="6835334140" lat="52.3559078" lon="4.9413827" />
  <node id="6835334142" lat="52.3545661" lon="4.9445879" />
  <node id="6835334143" lat="52.3526375" lon="4.9492218" />
  <node id="6835334144" lat="52.3526259" lon="4.9492093" />
  <node id="6835334145" lat="52.3511075" lon="4.9528346" />
  <node id="6835334146" lat="52.3499012" lon="4.9556595" />
  <node id="6835334147" lat="52.3487666" lon="4.9583533" />
  <node id="6835334150" lat="52.3479420" lon="4.9606459" />
  <node id="6835334154" lat="52.3480060" lon="4.9612460" />
  <node id="7050435612" lat="52.3484250" lon="4.9688634" />
  <node id="7050435613" lat="52.3482969" lon="4.9694343" />
  <node id="7050435614" lat="52.3481812" lon="4.9698590" />
  <node id="7050435615" lat="52.3481427" lon="4.9699693" />
  <node id="7104558708" lat="52.3553779" lon="4.9515947" />
  <node id="7170196756" lat="52.3559211" lon="4.9475605">
    <tag k="access" v="permit" />
    <tag k="amenity" v="parking_entrance" />
    <tag k="level" v="0" />
  </node>
  <node id="7170196757" lat="52.3557636" lon="4.9477340">
    <tag k="access" v="permit" />
    <tag k="amenity" v="parking_entrance" />
    <tag k="level" v="0" />
  </node>
  <node id="7239351125" lat="52.3483769" lon="4.9690889" />
  <node id="7239351126" lat="52.3482425" lon="4.9696486" />
  <node id="7239351133" lat="52.3484845" lon="4.9685871" />
  <node id="7899415466" lat="52.3569679" lon="4.9426333" />
  <node id="7899415467" lat="52.3569683" lon="4.9424965" />
  <node id="7899415468" lat="52.3569705" lon="4.9422454" />
  <node id="7899415469" lat="52.3569777" lon="4.9422232" />
  <node id="7899415470" lat="52.3569706" lon="4.9423069" />
  <node id="7899424792" lat="52.3576621" lon="4.9375872" />
  <node id="8165316003" lat="52.2904852" lon="5.0758653" />
  <node id="8165316013" lat="52.2904259" lon="5.0757674" />
  <node id="8165322127" lat="52.2903807" lon="5.0755719" />
  <node id="8228826222" lat="52.3910615" lon="4.8366304" />
  <node id="8364364180" lat="52.3549766" lon="4.9510904">
    <tag k="addr:city" v="Amsterdam" />
    <tag k="addr:housenumber" v="113" />
    <tag k="addr:postcode" v="1098XG" />
    <tag k="addr:street" v="Science Park" />
    <tag k="amenity" v="university" />
    <tag k="education" v="university" />
    <tag k="isced:level" v="6" />
    <tag k="name" v="Amsterdam University College" />
    <tag k="name:en" v="Amsterdam University College" />
    <tag k="name:zh" v="阿姆斯特丹大学学院" />
    <tag k="name:zh-Hant" v="阿姆斯特丹大學學院" />
    <tag k="short_name" v="AUC" />
    <tag k="source" v="BAG" />
    <tag k="source:date" v="2021-01-08" />
    <tag k="toilets:wheelchair" v="yes" />
    <tag k="website" v="https://www.auc.nl" />
    <tag k="wheelchair" v="yes" />
    <tag k="wikidata" v="Q4748849" />
    <tag k="wikimedia_commons" v="Category:Amsterdam University College" />
    <tag k="wikipedia" v="nl:Amsterdam University College" />
  </node>
  <node id="8364364181" lat="52.3552599" lon="4.9508666" />
  <node id="8364364182" lat="52.3548068" lon="4.9509664" />
  <node id="8364364183" lat="52.3551152" lon="4.9506276" />
  <node id="8364364184" lat="52.3550837" lon="4.9513500" />
  <node id="8496348618" lat="52.2905630" lon="5.0749320" />
  <node id="8496348619" lat="52.2903954" lon="5.0756679" />
  <node id="8496348620" lat="52.2903714" lon="5.0753956" />
  <node id="8560192084" lat="52.3484484" lon="4.9619319" />
  <node id="8560192085" lat="52.3484498" lon="4.9619266" />
  <node id="8560192086" lat="52.3484927" lon="4.9617388" />
  <node id="8560192090" lat="52.3484322" lon="4.9619765" />
  <node id="8560192091" lat="52.3483949" lon="4.9622947" />
  <node id="8560192093" lat="52.3483589" lon="4.9626809" />
  <node id="8560192094" lat="52.3483609" lon="4.9628866" />
  <node id="8560192097" lat="52.3484378" lon="4.9648631" />
  <node id="8560192098" lat="52.3484502" lon="4.9648853" />
  <node id="8560192099" lat="52.3484600" lon="4.9651772" />
  <node id="8560192100" lat="52.3484463" lon="4.9651798" />
  <node id="8560192102" lat="52.3485100" lon="4.9668113" />
  <node id="8560192104" lat="52.3485225" lon="4.9673480" />
  <node id="8560192105" lat="52.3485113" lon="4.9676025" />
  <node id="8560192106" lat="52.3484966" lon="4.9679237" />
  <node id="8560192107" lat="52.3484927" lon="4.9679729" />
  <node id="8560192108" lat="52.3485304" lon="4.9679815" />
  <node id="8560192110" lat="52.3479298" lon="4.9703328" />
  <node id="8560192129" lat="52.3483353" lon="4.9692824" />
  <node id="8560192131" lat="52.3481971" lon="4.9698106" />
  <node id="8560192132" lat="52.3482127" lon="4.9697585" />
  <node id="8560192134" lat="52.3480235" lon="4.9702874" />
  <node id="8560192135" lat="52.3480993" lon="4.9700933" />
  <node id="8560192136" lat="52.3479906" lon="4.9703817" />
  <node id="8560538108" lat="52.3484673" lon="4.9686671" />
  <node id="8566933033" lat="52.3484946" lon="4.9617306" />
  <node id="8568736228" lat="52.3485710" lon="4.9614478" />
  <node id="8568736251" lat="52.3485770" lon="4.9614275">
    <tag k="barrier" v="gate" />
  </node>
  <node id="8568736254" lat="52.3486152" lon="4.9612956" />
  <node id="8568736256" lat="52.3485855" lon="4.9613987" />
  <node id="8568736257" lat="52.3485572" lon="4.9614953" />
  <node id="8568736258" lat="52.3485570" lon="4.9614994" />
  <node id="8568736259" lat="52.3485362" lon="4.9615803" />
  <node id="8568736260" lat="52.3485222" lon="4.9616356" />
  <node id="8568795733" lat="52.3486611" lon="4.9611645" />
  <node id="8568795830" lat="52.3486588" lon="4.9611707" />
  <node id="8568796028" lat="52.3486520" lon="4.9611901" />
  <node id="8568796029" lat="52.3479375" lon="4.9703390" />
  <node id="8571114379" lat="52.3479271" lon="4.9615509" />
  <node id="8571159383" lat="52.3478189" lon="4.9701995" />
  <node id="8571159384" lat="52.3478137" lon="4.9701932" />
  <node id="8571159385" lat="52.3478155" lon="4.9701892" />
  <node id="8571159388" lat="52.3477755" lon="4.9701367" />
  <node id="8571159399" lat="52.3478031" lon="4.9700414" />
  <node id="8571159401" lat="52.3478827" lon="4.9698476" />
  <node id="8571159402" lat="52.3478550" lon="4.9699146" />
  <node id="8571159403" lat="52.3479609" lon="4.9696274" />
  <node id="8571159404" lat="52.3479453" lon="4.9696710" />
  <node id="8571159409" lat="52.3480413" lon="4.9693666" />
  <node id="8571159416" lat="52.3481278" lon="4.9690364" />
  <node id="8571159417" lat="52.3481660" lon="4.9688645" />
  <node id="8571159418" lat="52.3481860" lon="4.9687601" />
  <node id="8571159419" lat="52.3481555" lon="4.9689122" />
  <node id="8571159427" lat="52.3482269" lon="4.9684476" />
  <node id="8571159428" lat="52.3482202" lon="4.9685504" />
  <node id="8571159429" lat="52.3482275" lon="4.9684080" />
  <node id="8571159431" lat="52.3482678" lon="4.9682545" />
  <node id="8571159432" lat="52.3482782" lon="4.9681821" />
  <node id="8571159433" lat="52.3482510" lon="4.9683172" />
  <node id="8571159435" lat="52.3482324" lon="4.9683715" />
  <node id="8571159439" lat="52.3482969" lon="4.9679133" />
  <node id="8571159445" lat="52.3483148" lon="4.9671926" />
  <node id="8571159452" lat="52.3482782" lon="4.9665996" />
  <node id="8571159453" lat="52.3482752" lon="4.9665673" />
  <node id="8571159457" lat="52.3482642" lon="4.9664468" />
  <node id="8571159463" lat="52.3482256" lon="4.9660271" />
  <node id="8571159467" lat="52.3482017" lon="4.9656604" />
  <node id="8571159468" lat="52.3481931" lon="4.9655573" />
  <node id="8571159469" lat="52.3481512" lon="4.9654439" />
  <node id="8571159486" lat="52.3480564" lon="4.9651133" />
  <node id="8571159487" lat="52.3480555" lon="4.9650494" />
  <node id="8571159492" lat="52.3479944" lon="4.9645709" />
  <node id="8571159493" lat="52.3480680" lon="4.9649235" />
  <node id="8571159498" lat="52.3479167" lon="4.9641991" />
  <node id="8571159506" lat="52.3478590" lon="4.9638204" />
  <node id="8571159513" lat="52.3478289" lon="4.9633537" />
  <node id="8571159516" lat="52.3478230" lon="4.9632285" />
  <node id="8571159519" lat="52.3478073" lon="4.9629175" />
  <node id="8571159520" lat="52.3478040" lon="4.9627298" />
  <node id="8571159521" lat="52.3478067" lon="4.9626359" />
  <node id="8571159525" lat="52.3478354" lon="4.9621947" />
  <node id="8571159526" lat="52.3478445" lon="4.9620914" />
  <node id="8571159527" lat="52.3478819" lon="4.9617865" />
  <node id="8571159535" lat="52.3477630" lon="4.9610591" />
  <node id="8571159615" lat="52.3485827" lon="4.9614082" />
  <node id="8633152237" lat="52.3479386" lon="4.9606406" />
  <node id="8633152238" lat="52.3479169" lon="4.9606068">
    <tag k="barrier" v="gate" />
  </node>
  <node id="8633153875" lat="52.3491556" lon="4.9574346" />
  <node id="8633153887" lat="52.3499119" lon="4.9556716" />
  <node id="8633153888" lat="52.3487132" lon="4.9586481" />
  <node id="8633153889" lat="52.3487912" lon="4.9583852">
    <tag k="barrier" v="gate" />
  </node>
  <node id="8633153890" lat="52.3487747" lon="4.9583671" />
  <node id="8693075581" lat="52.3560384" lon="4.9513916" />
  <node id="8693075582" lat="52.3560450" lon="4.9514039" />
  <node id="8693075586" lat="52.3559177" lon="4.9512872" />
  <node id="8872086996" lat="52.2909487" lon="5.0759323" />
  <node id="8872109384" lat="52.2908962" lon="5.0743912" />
  <node id="8872109385" lat="52.2906755" lon="5.0750914" />
  <node id="8872109388" lat="52.2908007" lon="5.0748915" />
  <node id="8872109389" lat="52.2914349" lon="5.0744303" />
  <node id="8872109391" lat="52.2909781" lon="5.0744989" />
  <node id="8872109392" lat="52.2910323" lon="5.0751160" />
  <node id="8922852581" lat="52.2903610" lon="5.0752046" />
  <node id="8922852592" lat="52.2909550" lon="5.0746151" />
  <node id="8922852593" lat="52.2909995" lon="5.0744161" />
  <node id="8922852594" lat="52.2910297" lon="5.0743133" />
  <node id="8922852596" lat="52.2909259" lon="5.0747792" />
  <node id="8922852597" lat="52.2908849" lon="5.0750141" />
  <node id="8922852598" lat="52.2907384" lon="5.0758734" />
  <node id="8922852599" lat="52.2907020" lon="5.0759243" />
  <node id="8922852600" lat="52.2906821" lon="5.0759361" />
  <node id="8922852601" lat="52.2906481" lon="5.0759672" />
  <node id="8922852602" lat="52.2906155" lon="5.0759602" />
  <node id="8922852603" lat="52.2905341" lon="5.0759175" />
  <node id="8922852604" lat="52.2904544" lon="5.0758215" />
  <node id="8922852605" lat="52.2903732" lon="5.0754763" />
  <node id="8922852615" lat="52.2902685" lon="5.0747263" />
  <node id="8922858917" lat="52.2903673" lon="5.0753100" />
  <node id="8922858918" lat="52.2903660" lon="5.0752509" />
  <node id="8922858919" lat="52.2903528" lon="5.0751195" />
  <node id="8922858920" lat="52.2903473" lon="5.0750778" />
  <node id="8922858921" lat="52.2903371" lon="5.0750158" />
  <node id="8922858922" lat="52.2903248" lon="5.0749392" />
  <node id="8922858925" lat="52.2902974" lon="5.0748243" />
  <node id="8922858963" lat="52.2921669" lon="5.0749537" />
  <node id="8922858964" lat="52.2921369" lon="5.0749283" />
  <node id="8922858965" lat="52.2921322" lon="5.0749405" />
  <node id="8922858966" lat="52.2920855" lon="5.0748858" />
  <node id="8922858967" lat="52.2921057" lon="5.0748273" />
  <node id="8922858983" lat="52.2920119" lon="5.0747513" />
  <node id="8922858984" lat="52.2910799" lon="5.0748552" />
  <node id="8922858985" lat="52.2911878" lon="5.0743152" />
  <node id="8922858986" lat="52.2911936" lon="5.0743123" />
  <node id="8922858987" lat="52.2912177" lon="5.0741881" />
  <node id="8922858989" lat="52.2909963" lon="5.0753348" />
  <node id="8922858990" lat="52.2911137" lon="5.0762985" />
  <node id="8922858991" lat="52.2911019" lon="5.0762936" />
  <node id="8922858992" lat="52.2910944" lon="5.0762768" />
  <node id="8922858993" lat="52.2910846" lon="5.0762068" />
  <node id="8922858994" lat="52.2910761" lon="5.0761668" />
  <node id="8922858995" lat="52.2910064" lon="5.0759724" />
  <node id="8922858996" lat="52.2909801" lon="5.0759403" />
  <node id="8922859014" lat="52.2918386" lon="5.0750641" />
  <node id="8922859015" lat="52.2918576" lon="5.0750179" />
  <node id="8922859016" lat="52.2918721" lon="5.0750264" />
  <node id="8922859117" lat="52.2923797" lon="5.0756172" />
  <node id="8922859151" lat="52.2919874" lon="5.0752209" />
  <node id="8922859152" lat="52.2919955" lon="5.0752235" />
  <node id="8922859153" lat="52.2920200" lon="5.0752339" />
  <node id="8922859154" lat="52.2920417" lon="5.0752471" />
  <node id="8922859155" lat="52.2920792" lon="5.0752777" />
  <node id="8922859156" lat="52.2922234" lon="5.0754192" />
  <node id="8922859157" lat="52.2923443" lon="5.0755546" />
  <node id="8922859158" lat="52.2923513" lon="5.0755642" />
  <node id="8922859159" lat="52.2923620" lon="5.0755859" />
  <node id="8922859160" lat="52.2923751" lon="5.0756112" />
  <node id="8922859250" lat="52.2916946" lon="5.0749339" />
  <node id="8922859251" lat="52.2916566" lon="5.0749037" />
  <node id="8922859252" lat="52.2916231" lon="5.0748830" />
  <node id="8922859253" lat="52.2915937" lon="5.0748679" />
  <node id="8922859254" lat="52.2914365" lon="5.0748254" />
  <node id="8922859255" lat="52.2914024" lon="5.0748151" />
  <node id="8922859256" lat="52.2913899" lon="5.0748177" />
  <node id="8922859257" lat="52.2913808" lon="5.0748217" />
  <node id="8922859258" lat="52.2913717" lon="5.0748361" />
  <node id="8922859259" lat="52.2912027" lon="5.0755981" />
  <node id="8922859260" lat="52.2912827" lon="5.0751918" />
  <node id="8922859261" lat="52.2913209" lon="5.0750241" />
  <node id="8922859262" lat="52.2912472" lon="5.0753612" />
  <node id="8922859263" lat="52.2913618" lon="5.0748580" />
  <node id="8922859264" lat="52.2911636" lon="5.0758375" />
  <node id="8922859265" lat="52.2911366" lon="5.0760455" />
  <node id="8922859266" lat="52.2911276" lon="5.0762384" />
  <node id="8922859267" lat="52.2911197" lon="5.0761880" />
  <node id="8922859268" lat="52.2911231" lon="5.0762195" />
  <node id="8922859269" lat="52.2911213" lon="5.0761561" />
  <node id="8922859270" lat="52.2911340" lon="5.0762559" />
  <node id="8922859271" lat="52.2911380" lon="5.0762592" />
  <node id="8922859272" lat="52.2911412" lon="5.0762601" />
  <node id="8922859273" lat="52.2911443" lon="5.0762587" />
  <node id="8922859309" lat="52.2918039" lon="5.0750394" />
  <node id="8922859310" lat="52.2918005" lon="5.0750207" />
  <node id="8922859338" lat="52.2911071" lon="5.0762983" />
  <node id="8922859351" lat="52.2910973" lon="5.0762869" />
  <node id="8922859358" lat="52.2911510" lon="5.0762737" />
  <node id="8922859359" lat="52.2911340" lon="5.0762887" />
  <node id="8922859360" lat="52.2911188" lon="5.0762970" />
  <node id="8923173249" lat="52.2913110" lon="5.0743576" />
  <node id="8923173250" lat="52.2913087" lon="5.0743463" />
  <node id="8923173251" lat="52.2913110" lon="5.0743246" />
  <node id="8923173252" lat="52.2913173" lon="5.0743057" />
  <node id="8923173253" lat="52.2907971" lon="5.0758927" />
  <node id="8923173254" lat="52.2907951" lon="5.0758849" />
  <node id="8923173255" lat="52.2907955" lon="5.0758677" />
  <node id="8923173256" lat="52.2908065" lon="5.0758125" />
  <node id="8923173257" lat="52.2908307" lon="5.0756760" />
  <node id="8923173258" lat="52.2908445" lon="5.0755897" />
  <node id="8923173259" lat="52.2909248" lon="5.0750683" />
  <node id="8923173260" lat="52.2910127" lon="5.0746003" />
  <node id="8923173261" lat="52.2909755" lon="5.0747877" />
  <node id="8923173262" lat="52.2908795" lon="5.0753513" />
  <node id="8923173263" lat="52.2910705" lon="5.0743467" />
  <node id="8923173264" lat="52.2910874" lon="5.0742784" />
  <node id="8923173265" lat="52.2910522" lon="5.0744142" />
  <node id="8923173266" lat="52.2911117" lon="5.0741675" />
  <node id="8923173267" lat="52.2911183" lon="5.0741619" />
  <node id="8923173268" lat="52.2908013" lon="5.0758993" />
  <node id="8923173269" lat="52.2908684" lon="5.0756245" />
  <node id="8923173270" lat="52.2909105" lon="5.0753391" />
  <node id="8923173271" lat="52.2910110" lon="5.0747593" />
  <node id="8923173272" lat="52.2909571" lon="5.0750556" />
  <node id="8923173273" lat="52.2908310" lon="5.0759116" />
  <node id="8923173274" lat="52.2910698" lon="5.0744656" />
  <node id="8923173275" lat="52.2911301" lon="5.0741727" />
  <node id="8923173276" lat="52.2911267" lon="5.0741685" />
  <node id="8923173277" lat="52.2911324" lon="5.0741449" />
  <node id="8923173278" lat="52.2911238" lon="5.0741402" />
  <node id="8926133864" lat="52.2923907" lon="5.0685091" />
  <node id="8926133865" lat="52.2923826" lon="5.0685039" />
  <node id="8926133866" lat="52.2923575" lon="5.0685855" />
  <node id="8926133867" lat="52.2923820" lon="5.0686077" />
  <node id="8926133868" lat="52.2923272" lon="5.0688454" />
  <node id="8926133869" lat="52.2922799" lon="5.0690529" />
  <node id="8926133870" lat="52.2922430" lon="5.0692245" />
  <node id="8926133871" lat="52.2914296" lon="5.0727423" />
  <node id="8926133872" lat="52.2920549" lon="5.0699173" />
  <node id="8926133873" lat="52.2918997" lon="5.0705455" />
  <node id="8926133874" lat="52.2916918" lon="5.0714803" />
  <node id="8926133875" lat="52.2915963" lon="5.0719382" />
  <node id="8926133876" lat="52.2921992" lon="5.0693781" />
  <node id="8926133877" lat="52.2913886" lon="5.0728305" />
  <node id="8926133878" lat="52.2914157" lon="5.0726636" />
  <node id="8926133879" lat="52.2914182" lon="5.0728006" />
  <node id="8926133880" lat="52.2913938" lon="5.0729135" />
  <node id="8926133881" lat="52.2913730" lon="5.0729036" />
  <node id="8926133882" lat="52.2924487" lon="5.0682573" />
  <node id="8926133883" lat="52.2924651" lon="5.0682719" />
  <node id="8926133884" lat="52.2923556" lon="5.0685519" />
  <node id="8926133885" lat="52.2923208" lon="5.0686840" />
  <node id="8926133886" lat="52.2922870" lon="5.0688234" />
  <node id="8926133887" lat="52.2922269" lon="5.0691161" />
  <node id="8926133888" lat="52.2921974" lon="5.0692533" />
  <node id="8926133889" lat="52.2921418" lon="5.0694580" />
  <node id="8926133890" lat="52.2920023" lon="5.0699857" />
  <node id="8926133891" lat="52.2918346" lon="5.0706755" />
  <node id="8926133892" lat="52.2917661" lon="5.0709715" />
  <node id="8926133893" lat="52.2916805" lon="5.0713624" />
  <node id="8926133894" lat="52.2916168" lon="5.0716685" />
  <node id="8926133895" lat="52.2915389" lon="5.0720443" />
  <node id="8926133896" lat="52.2914699" lon="5.0723773" />
  <node id="8926133897" lat="52.2914307" lon="5.0725740" />
  <node id="8926133898" lat="52.2914016" lon="5.0727518" />
  <node id="8926134112" lat="52.2926313" lon="5.0690519" />
  <node id="8926134113" lat="52.2926468" lon="5.0689916" />
  <node id="8926134114" lat="52.2919505" lon="5.0716590" />
  <node id="8926134115" lat="52.2918657" lon="5.0720712" />
  <node id="8926134116" lat="52.2918311" lon="5.0720042" />
  <node id="8926134117" lat="52.2919182" lon="5.0715751" />
  <node id="8926134118" lat="52.2919338" lon="5.0715515" />
  <node id="8926134119" lat="52.2919522" lon="5.0715345" />
  <node id="8926134120" lat="52.2919834" lon="5.0715298" />
  <node id="8926134121" lat="52.2919926" lon="5.0714760" />
  <node id="8926134122" lat="52.2919638" lon="5.0714374" />
  <node id="8926134123" lat="52.2919586" lon="5.0714062" />
  <node id="8926134124" lat="52.2919615" lon="5.0713544" />
  <node id="8926134125" lat="52.2920659" lon="5.0708469" />
  <node id="8926134126" lat="52.2921247" lon="5.0705686" />
  <node id="8926134127" lat="52.2922436" lon="5.0700546" />
  <node id="8926134128" lat="52.2923451" lon="5.0696462" />
  <node id="8926134129" lat="52.2924218" lon="5.0693679" />
  <node id="8926134130" lat="52.2925170" lon="5.0690307" />
  <node id="8926134131" lat="52.2925716" lon="5.0690062" />
  <node id="8926134132" lat="52.2926076" lon="5.0690368" />
  <node id="8926134133" lat="52.2926255" lon="5.0689774" />
  <node id="8926134144" lat="52.2930250" lon="5.0684016" />
  <node id="8926134145" lat="52.2930169" lon="5.0683992" />
  <node id="8926134146" lat="52.2930065" lon="5.0684044" />
  <node id="8926134147" lat="52.2927599" lon="5.0686256" />
  <node id="8926134148" lat="52.2927368" lon="5.0686482" />
  <node id="8926134149" lat="52.2927247" lon="5.0686699" />
  <node id="8926134150" lat="52.2926537" lon="5.0689009" />
  <node id="8926134170" lat="52.2931115" lon="5.0685268" />
  <node id="8926134171" lat="52.2916857" lon="5.0727637" />
  <node id="8926134178" lat="52.2916972" lon="5.0727683" />
  <node id="8926134179" lat="52.2917088" lon="5.0727843" />
  <node id="8926134180" lat="52.2917174" lon="5.0728022" />
  <node id="8926134181" lat="52.2917099" lon="5.0728428" />
  <node id="8926134182" lat="52.2917007" lon="5.0729286" />
  <node id="8926134183" lat="52.2916863" lon="5.0730607" />
  <node id="8926134184" lat="52.2917382" lon="5.0731078" />
  <node id="8926134185" lat="52.2919747" lon="5.0732370" />
  <node id="8926134186" lat="52.2919586" lon="5.0732314" />
  <node id="8926134187" lat="52.2920258" lon="5.0732852" />
  <node id="8926134188" lat="52.2920284" lon="5.0732437" />
  <node id="8926134258" lat="52.2916539" lon="5.0704982" />
  <node id="8926134259" lat="52.2913557" lon="5.0718279" />
  <node id="8926134260" lat="52.2913731" lon="5.0718601" />
  <node id="9507356283" lat="52.3479202" lon="4.9605161" />
  <node id="9543420693" lat="52.3859632" lon="4.8181761" />
  <node id="9723617224" lat="52.3854671" lon="4.8198180" />
  <node id="9905959930" lat="52.3538891" lon="4.9508508" />
  <node id="9905959931" lat="52.3539231" lon="4.9507949" />
  <node id="9905959932" lat="52.3539071" lon="4.9507678" />
  <node id="9905959933" lat="52.3539057" lon="4.9507695" />
  <node id="9905959934" lat="52.3538169" lon="4.9507305" />
  <node id="9905959935" lat="52.3538147" lon="4.9507268" />
  <node id="9905959956" lat="52.3537819" lon="4.9505265" />
  <node id="9905966447" lat="52.3539880" lon="4.9511871" />
  <node id="9905966452" lat="52.3539869" lon="4.9510770">
    <tag k="barrier" v="gate" />
  </node>
  <node id="9905966462" lat="52.3518837" lon="4.9540024" />
  <node id="9905966463" lat="52.3520994" lon="4.9543259" />
  <node id="9905966465" lat="52.3521833" lon="4.9540874" />
  <node id="9905966466" lat="52.3521822" lon="4.9540860" />
  <node id="9905966467" lat="52.3522200" lon="4.9540103" />
  <node id="9905966468" lat="52.3521909" lon="4.9539636" />
  <node id="9905966469" lat="52.3522240" lon="4.9538688" />
  <node id="9905966482" lat="52.3522301" lon="4.9538556" />
  <node id="9905966483" lat="52.3522577" lon="4.9538080" />
  <node id="9905966484" lat="52.3522937" lon="4.9537561" />
  <node id="9905966485" lat="52.3524815" lon="4.9535033" />
  <node id="9905966486" lat="52.3527417" lon="4.9531100" />
  <node id="9905966487" lat="52.3534996" lon="4.9516649" />
  <node id="9905966488" lat="52.3538665" lon="4.9514093" />
  <node id="9905966489" lat="52.3539133" lon="4.9513659" />
  <node id="9905966490" lat="52.3539798" lon="4.9512056" />
  <node id="9905966491" lat="52.3539842" lon="4.9511945">
    <tag k="barrier" v="full-height_turnstile" />
  </node>
  <node id="9905966492" lat="52.3540179" lon="4.9511297" />
  <node id="9905966493" lat="52.3539668" lon="4.9510429" />
  <node id="9905966494" lat="52.3539576" lon="4.9510224" />
  <node id="9905966495" lat="52.3539453" lon="4.9509823" />
  <node id="9905966496" lat="52.3539413" lon="4.9509559" />
  <node id="9905966497" lat="52.3539269" lon="4.9507957" />
  <node id="9905966498" lat="52.3538475" lon="4.9506750" />
  <node id="9905966499" lat="52.3537768" lon="4.9505329" />
  <node id="9905966500" lat="52.3538866" lon="4.9504022" />
  <node id="9907186517" lat="52.3553065" lon="4.9494441" />
  <node id="9907186518" lat="52.3548348" lon="4.9501985" />
  <node id="9907186521" lat="52.3549939" lon="4.9499135" />
  <node id="9907271131" lat="52.3530666" lon="4.9482816" />
  <node id="9907271144" lat="52.3529230" lon="4.9487368" />
  <node id="9907271145" lat="52.3529327" lon="4.9487137" />
  <node id="9907271157" lat="52.3535361" lon="4.9470310" />
  <node id="9907271162" lat="52.3528377" lon="4.9489543" />
  <node id="9907271163" lat="52.3528340" lon="4.9489629" />
  <node id="9920638585" lat="52.3527039" lon="4.9531671" />
  <node id="9920638620" lat="52.3533198" lon="4.9520077" />
  <node id="9920638650" lat="52.3521779" lon="4.9541027" />
  <node id="9954474019" lat="52.3866853" lon="4.8213042">
    <tag k="amenity" v="water_point" />
  </node>
  <node id="9978541378" lat="52.3550323" lon="4.9503119" />
  <node id="9978541379" lat="52.3545517" lon="4.9510874" />
  <node id="9978541380" lat="52.3545684" lon="4.9511136" />
  <node id="9978541381" lat="52.3545260" lon="4.9513662" />
  <node id="9978541382" lat="52.3546793" lon="4.9516206" />
  <node id="9978541383" lat="52.3547068" lon="4.9516659" />
  <node id="9978541384" lat="52.3547203" lon="4.9516734" />
  <node id="9978541385" lat="52.3547212" lon="4.9516687" />
  <node id="9978541411" lat="52.3548862" lon="4.9516473" />
  <node id="9978570753" lat="52.3548912" lon="4.9516568" />
  <node id="9978583317" lat="52.3549161" lon="4.9507477" />
  <node id="9978583318" lat="52.3547911" lon="4.9509940" />
  <node id="9978583319" lat="52.3547712" lon="4.9510823" />
  <node id="9978583320" lat="52.3547671" lon="4.9510964" />
  <node id="9978583321" lat="52.3547097" lon="4.9511756" />
  <node id="9978583322" lat="52.3547050" lon="4.9511818" />
  <node id="9978583323" lat="52.3547043" lon="4.9511896" />
  <node id="9978583324" lat="52.3547339" lon="4.9512997" />
  <node id="9978583325" lat="52.3547352" lon="4.9513036" />
  <node id="9978583326" lat="52.3548564" lon="4.9513171" />
  <node id="9978583327" lat="52.3548628" lon="4.9513216" />
  <node id="9978583328" lat="52.3548737" lon="4.9513376" />
  <node id="9978583329" lat="52.3549354" lon="4.9516086" />
  <node id="9978583330" lat="52.3549300" lon="4.9516341" />
  <node id="9978583331" lat="52.3549266" lon="4.9516404" />
  <node id="9978583332" lat="52.3549225" lon="4.9516454" />
  <node id="9978583333" lat="52.3549192" lon="4.9516477" />
  <node id="9978583335" lat="52.3551700" lon="4.9505571" />
  <node id="9978583336" lat="52.3551501" lon="4.9505717" />
  <node id="9978583337" lat="52.3549681" lon="4.9506636" />
  <node id="9978583340" lat="52.3549267" lon="4.9507653" />
  <node id="9978583341" lat="52.3549787" lon="4.9506812" />
  <node id="9978583342" lat="52.3552545" lon="4.9501810" />
  <node id="9978583345" lat="52.3551939" lon="4.9502817" />
  <node id="9978583352" lat="52.3552182" lon="4.9501205" />
  <node id="9978583353" lat="52.3550701" lon="4.9502865" />
  <node id="9979447173" lat="52.3551471" lon="4.9512690" />
  <node id="9979447174" lat="52.3551507" lon="4.9512742" />
  <node id="9979447175" lat="52.3551599" lon="4.9512832" />
  <node id="9979447176" lat="52.3551692" lon="4.9512891" />
  <node id="9979447177" lat="52.3551772" lon="4.9512910" />
  <node id="9979447178" lat="52.3551836" lon="4.9512905" />
  <node id="9979447179" lat="52.3551898" lon="4.9512895" />
  <node id="9979447180" lat="52.3551952" lon="4.9512869" />
  <node id="9979447181" lat="52.3552012" lon="4.9512836" />
  <node id="9979447183" lat="52.3552444" lon="4.9514692" />
  <node id="9979447184" lat="52.3552296" lon="4.9514745" />
  <node id="9979447185" lat="52.3552161" lon="4.9514802" />
  <node id="9979447186" lat="52.3551950" lon="4.9514913" />
  <node id="9979447187" lat="52.3551761" lon="4.9515045" />
  <node id="9979447188" lat="52.3551488" lon="4.9515288" />
  <node id="9979447189" lat="52.3551476" lon="4.9515785" />
  <node id="9979447208" lat="52.3551062" lon="4.9514148" />
  <node id="9979447209" lat="52.3551093" lon="4.9513986" />
  <node id="9979447210" lat="52.3551116" lon="4.9513817" />
  <node id="9979447211" lat="52.3551129" lon="4.9513662" />
  <node id="9979447212" lat="52.3551129" lon="4.9513356" />
  <node id="9979447213" lat="52.3551121" lon="4.9513246" />
  <node id="9979447214" lat="52.3551069" lon="4.9513126" />
  <node id="9979447215" lat="52.3551416" lon="4.9512566" />
  <node id="9979538290" lat="52.3550617" lon="4.9516021" />
  <node id="9979538293" lat="52.3551827" lon="4.9515672" />
  <node id="9979538294" lat="52.3551819" lon="4.9515632" />
  <node id="9979538296" lat="52.3550614" lon="4.9515980" />
  <node id="9979538299" lat="52.3550844" lon="4.9515936" />
  <node id="9979538301" lat="52.3549212" lon="4.9515705" />
  <node id="9979538302" lat="52.3548770" lon="4.9513775" />
  <node id="9979538303" lat="52.3548722" lon="4.9513804" />
  <node id="9979538304" lat="52.3549165" lon="4.9515734" />
  <node id="9979538305" lat="52.3548831" lon="4.9513737" />
  <node id="9979538306" lat="52.3549273" lon="4.9515667" />
  <node id="9979561011" lat="52.3553007" lon="4.9516627" />
  <node id="9979561012" lat="52.3553289" lon="4.9516174" />
  <node id="9979591444" lat="52.3547897" lon="4.9512068">
    <tag k="amenity" v="waste_basket" />
    <tag k="waste" v="trash" />
  </node>
  <node id="9979913996" lat="52.3552989" lon="4.9514636" />
  <node id="9979913997" lat="52.3553207" lon="4.9511583" />
  <node id="9979913998" lat="52.3553235" lon="4.9511588" />
  <node id="9979914000" lat="52.3552976" lon="4.9514633" />
  <node id="9981202162" lat="52.3552997" lon="4.9508017" />
  <node id="9981202163" lat="52.3553038" lon="4.9507967" />
  <node id="9981202164" lat="52.3553079" lon="4.9507941" />
  <node id="9981202165" lat="52.3553131" lon="4.9507955" />
  <node id="9981202166" lat="52.3553167" lon="4.9508014" />
  <node id="9981202170" lat="52.3553409" lon="4.9509238" />
  <node id="9981202171" lat="52.3553418" lon="4.9509099" />
  <node id="9981202172" lat="52.3553412" lon="4.9508983" />
  <node id="9981202175" lat="52.3552967" lon="4.9514939" />
  <node id="9981202179" lat="52.3552962" lon="4.9515008" />
  <node id="9981202183" lat="52.3552956" lon="4.9515094" />
  <node id="9981202190" lat="52.3553039" lon="4.9516435" />
  <node id="9981202191" lat="52.3552964" lon="4.9516555" />
  <node id="9981202192" lat="52.3552735" lon="4.9515928" />
  <node id="9981202193" lat="52.3552538" lon="4.9515984" />
  <node id="9981289419" lat="52.3552752" lon="4.9518453" />
  <node id="9981289420" lat="52.3552727" lon="4.9518390" />
  <node id="9981289421" lat="52.3552711" lon="4.9518321" />
  <node id="9981289422" lat="52.3552708" lon="4.9518236" />
  <node id="9981289423" lat="52.3552719" lon="4.9518140" />
  <node id="9981289424" lat="52.3552745" lon="4.9518071" />
  <node id="9981289425" lat="52.3553150" lon="4.9517411" />
  <node id="9981289426" lat="52.3553187" lon="4.9517366" />
  <node id="9981289427" lat="52.3553245" lon="4.9517336" />
  <node id="9981289428" lat="52.3553295" lon="4.9517331" />
  <node id="9981289429" lat="52.3553349" lon="4.9517350" />
  <node id="9981289430" lat="52.3553389" lon="4.9517395" />
  <node id="9981289431" lat="52.3553324" lon="4.9517439" />
  <node id="9981289432" lat="52.3553430" lon="4.9517473" />
  <node id="9981289433" lat="52.3552786" lon="4.9518497" />
  <node id="9981289434" lat="52.3552758" lon="4.9518339" />
  <node id="9981289457" lat="52.3553052" lon="4.9515779" />
  <node id="9981289458" lat="52.3553124" lon="4.9516439" />
  <node id="9981289459" lat="52.3552953" lon="4.9515136" />
  <node id="9981289462" lat="52.3548191" lon="4.9513130" />
  <node id="9981289463" lat="52.3547524" lon="4.9511190" />
  <node id="9981289465" lat="52.3550591" lon="4.9516022" />
  <node id="9981289466" lat="52.3550572" lon="4.9516015" />
  <node id="9981289467" lat="52.3550539" lon="4.9515986" />
  <node id="9981289468" lat="52.3550516" lon="4.9515931" />
  <node id="9981289469" lat="52.3550360" lon="4.9514324" />
  <node id="9981289470" lat="52.3550363" lon="4.9514275" />
  <node id="9981289471" lat="52.3550370" lon="4.9514248" />
  <node id="9981289472" lat="52.3550390" lon="4.9514206" />
  <node id="9981289473" lat="52.3550150" lon="4.9514060" />
  <node id="9981289474" lat="52.3550130" lon="4.9514015" />
  <node id="9981289475" lat="52.3550092" lon="4.9513982" />
  <node id="9981289476" lat="52.3550048" lon="4.9513980" />
  <node id="9981289477" lat="52.3549771" lon="4.9514126" />
  <node id="9981289478" lat="52.3549734" lon="4.9514150" />
  <node id="9981289479" lat="52.3549706" lon="4.9514192" />
  <node id="9981289480" lat="52.3549693" lon="4.9514268" />
  <node id="9981289481" lat="52.3549767" lon="4.9515529" />
  <node id="9981289482" lat="52.3549771" lon="4.9515624" />
  <node id="9981289483" lat="52.3549793" lon="4.9515716" />
  <node id="9981289484" lat="52.3549824" lon="4.9515803" />
  <node id="9981289485" lat="52.3549871" lon="4.9515883" />
  <node id="9981289486" lat="52.3549924" lon="4.9515940" />
  <node id="9981289487" lat="52.3549979" lon="4.9515980" />
  <node id="9981289488" lat="52.3550209" lon="4.9516039" />
  <node id="9981289489" lat="52.3550254" lon="4.9516027" />
  <node id="9981289490" lat="52.3550290" lon="4.9515994" />
  <node id="9981289491" lat="52.3550314" lon="4.9515935" />
  <node id="9981289492" lat="52.3550321" lon="4.9515859" />
  <node id="9981289493" lat="52.3550159" lon="4.9514100" />
  <node id="9981289500" lat="52.3554249" lon="4.9516515" />
  <node id="9981289501" lat="52.3554262" lon="4.9515855" />
  <node id="9981289502" lat="52.3554252" lon="4.9515647" />
  <node id="9981289503" lat="52.3554224" lon="4.9515532" />
  <node id="9981289504" lat="52.3554131" lon="4.9515508" />
  <node id="9981289505" lat="52.3554053" lon="4.9515489" />
  <node id="9981289506" lat="52.3553959" lon="4.9515487" />
  <node id="9981289507" lat="52.3553166" lon="4.9515739" />
  <node id="9981289508" lat="52.3553214" lon="4.9516295" />
  <node id="9981289509" lat="52.3553675" lon="4.9515772" />
  <node id="9981289510" lat="52.3553354" lon="4.9516284" />
  <node id="9981289511" lat="52.3554106" lon="4.9516277" />
  <node id="9981289514" lat="52.3554040" lon="4.9516383" />
  <node id="9981289531" lat="52.3553893" lon="4.9500261" />
  <node id="9981289538" lat="52.3553008" lon="4.9499512" />
  <node id="9981289540" lat="52.3552408" lon="4.9500381" />
  <node id="9981289541" lat="52.3552214" lon="4.9500065" />
  <node id="9981289542" lat="52.3552271" lon="4.9500601" />
  <node id="9981289543" lat="52.3552075" lon="4.9500290" />
  <node id="9981289546" lat="52.3552338" lon="4.9500494">
    <tag k="access" v="private" />
    <tag k="amenity" v="bicycle_parking" />
    <tag k="bicycle_parking" v="building" />
    <tag k="entrance" v="yes" />
  </node>
  <node id="9981289547" lat="52.3552570" lon="4.9503572">
    <tag k="amenity" v="waste_basket" />
    <tag k="waste" v="trash" />
  </node>
  <node id="9981289551" lat="52.3552518" lon="4.9503406" />
  <node id="9981289552" lat="52.3553060" lon="4.9499395" />
  <node id="9981289553" lat="52.3554062" lon="4.9497148" />
  <node id="9981289554" lat="52.3554039" lon="4.9497120" />
  <node id="9981289555" lat="52.3551279" lon="4.9501574" />
  <node id="9981289556" lat="52.3551516" lon="4.9501951" />
  <node id="9981289562" lat="52.3552886" lon="4.9502380" />
  <node id="9981289563" lat="52.3558366" lon="4.9511526" />
  <node id="9981289567" lat="52.3553504" lon="4.9506237" />
  <node id="9981289587" lat="52.3554476" lon="4.9511553" />
  <node id="9981289619" lat="52.3552479" lon="4.9504017" />
  <node id="9981289623" lat="52.3553909" lon="4.9505587" />
  <node id="9981289629" lat="52.3550392" lon="4.9505020" />
  <node id="9981289631" lat="52.3554436" lon="4.9511009" />
  <node id="9981289632" lat="52.3554573" lon="4.9512918" />
  <node id="9981289634" lat="52.3554441" lon="4.9516443" />
  <node id="9981289635" lat="52.3556909" lon="4.9520547" />
  <node id="9982066222" lat="52.3557139" lon="4.9520930" />
  <node id="9982066223" lat="52.3557265" lon="4.9519974" />
  <node id="9982066274" lat="52.3562288" lon="4.9516699" />
  <node id="9982066275" lat="52.3562245" lon="4.9516713" />
  <node id="9982066276" lat="52.3561073" lon="4.9514756" />
  <node id="9982066277" lat="52.3561104" lon="4.9514883" />
  <node id="9982066278" lat="52.3561183" lon="4.9514930" />
  <node id="9982066279" lat="52.3561104" lon="4.9514642" />
  <node id="9982066280" lat="52.3561251" lon="4.9514885" />
  <node id="9982066281" lat="52.3561823" lon="4.9516010" />
  <node id="9982066282" lat="52.3561856" lon="4.9516135" />
  <node id="9982066283" lat="52.3561934" lon="4.9516183" />
  <node id="9982066284" lat="52.3561853" lon="4.9515876" />
  <node id="9982066285" lat="52.3562009" lon="4.9516132" />
  <node id="9982066286" lat="52.3562199" lon="4.9516704" />
  <node id="9982066306" lat="52.3559110" lon="4.9516508" />
  <node id="9982066307" lat="52.3559170" lon="4.9516553" />
  <node id="9982066308" lat="52.3559219" lon="4.9516619" />
  <node id="9982066309" lat="52.3559255" lon="4.9516680" />
  <node id="9982066310" lat="52.3559292" lon="4.9516791" />
  <node id="9982066311" lat="52.3559310" lon="4.9516871" />
  <node id="9982066312" lat="52.3559321" lon="4.9516982" />
  <node id="9982066313" lat="52.3559317" lon="4.9517095" />
  <node id="9982066314" lat="52.3559298" lon="4.9517206" />
  <node id="9982066315" lat="52.3558888" lon="4.9518534" />
  <node id="9982066316" lat="52.3558871" lon="4.9518590" />
  <node id="9982066317" lat="52.3558839" lon="4.9518625" />
  <node id="9982066318" lat="52.3558797" lon="4.9518635" />
  <node id="9982066319" lat="52.3558758" lon="4.9518616" />
  <node id="9982066320" lat="52.3557322" lon="4.9516758" />
  <node id="9982066321" lat="52.3557292" lon="4.9516708" />
  <node id="9982066325" lat="52.3556674" lon="4.9515844" />
  <node id="9982066326" lat="52.3556747" lon="4.9515820" />
  <node id="9982066328" lat="52.3557652" lon="4.9516065" />
  <node id="9982066329" lat="52.3557724" lon="4.9516076" />
  <node id="9982066330" lat="52.3559076" lon="4.9516489" />
  <node id="9982066331" lat="52.3554596" lon="4.9513390" />
  <node id="9982066332" lat="52.3554613" lon="4.9513487" />
  <node id="9982066333" lat="52.3554638" lon="4.9513584" />
  <node id="9982066334" lat="52.3554933" lon="4.9514272" />
  <node id="9982066335" lat="52.3554995" lon="4.9514419" />
  <node id="9982066336" lat="52.3555031" lon="4.9514471" />
  <node id="9982066337" lat="52.3555096" lon="4.9514520" />
  <node id="9982066338" lat="52.3555735" lon="4.9514716" />
  <node id="9982066345" lat="52.3553944" lon="4.9509100" />
  <node id="9982066346" lat="52.3555508" lon="4.9515843" />
  <node id="9982066348" lat="52.3555184" lon="4.9517679" />
  <node id="9982066349" lat="52.3554466" lon="4.9515697" />
  <node id="9982066350" lat="52.3554494" lon="4.9515631" />
  <node id="9982066351" lat="52.3554537" lon="4.9515612" />
  <node id="9982162772" lat="52.3566735" lon="4.9507824" />
  <node id="9982162773" lat="52.3566806" lon="4.9507899" />
  <node id="9982162774" lat="52.3566844" lon="4.9507985" />
  <node id="9982162775" lat="52.3566864" lon="4.9508087" />
  <node id="9982162776" lat="52.3567048" lon="4.9509676" />
  <node id="9982162777" lat="52.3567060" lon="4.9509937" />
  <node id="9982162778" lat="52.3566978" lon="4.9510206" />
  <node id="9982162779" lat="52.3566376" lon="4.9510796" />
  <node id="9982162780" lat="52.3566024" lon="4.9510185" />
  <node id="9982162781" lat="52.3566217" lon="4.9510983" />
  <node id="9982162782" lat="52.3566028" lon="4.9511205" />
  <node id="9982162783" lat="52.3565863" lon="4.9511232" />
  <node id="9982162784" lat="52.3565684" lon="4.9511211" />
  <node id="9982162785" lat="52.3565449" lon="4.9510952" />
  <node id="9982162786" lat="52.3565352" lon="4.9510762" />
  <node id="9982162787" lat="52.3565336" lon="4.9510494" />
  <node id="9982162788" lat="52.3565701" lon="4.9508697" />
  <node id="9982162789" lat="52.3565582" lon="4.9508978" />
  <node id="9982162793" lat="52.3566651" lon="4.9507805" />
  <node id="9982162794" lat="52.3566479" lon="4.9507825" />
  <node id="9982162795" lat="52.3566229" lon="4.9508046" />
  <node id="9982162796" lat="52.3561092" lon="4.9502601" />
  <node id="9982162802" lat="52.3561505" lon="4.9503290" />
  <node id="9982162807" lat="52.3561276" lon="4.9502312" />
  <node id="9982162808" lat="52.3561362" lon="4.9502216" />
  <node id="9982162809" lat="52.3561516" lon="4.9502105" />
  <node id="9982162810" lat="52.3561673" lon="4.9502051" />
  <node id="9982162811" lat="52.3561837" lon="4.9502060" />
  <node id="9982162812" lat="52.3561990" lon="4.9502119" />
  <node id="9982162813" lat="52.3562127" lon="4.9502230" />
  <node id="9982162814" lat="52.3562222" lon="4.9502324" />
  <node id="9982162815" lat="52.3564074" lon="4.9505203" />
  <node id="9982162816" lat="52.3564140" lon="4.9505345" />
  <node id="9982284317" lat="52.3564195" lon="4.9505515" />
  <node id="9982284318" lat="52.3564231" lon="4.9505755" />
  <node id="9982284319" lat="52.3564414" lon="4.9507368" />
  <node id="9982284320" lat="52.3564411" lon="4.9507469" />
  <node id="9982284321" lat="52.3564404" lon="4.9507521" />
  <node id="9982284378" lat="52.3565994" lon="4.9510243" />
  <node id="9982284379" lat="52.3565879" lon="4.9510431" />
  <node id="9982284380" lat="52.3565759" lon="4.9510235" />
  <node id="9982284381" lat="52.3565874" lon="4.9510047" />
  <node id="9982284401" lat="52.3563106" lon="4.9514894" />
  <node id="9982284402" lat="52.3563123" lon="4.9514758" />
  <node id="9982284403" lat="52.3563112" lon="4.9514574" />
  <node id="9982284404" lat="52.3563072" lon="4.9514334" />
  <node id="9982284405" lat="52.3562552" lon="4.9513011" />
  <node id="9982284406" lat="52.3562501" lon="4.9512865" />
  <node id="9982284407" lat="52.3562422" lon="4.9512785" />
  <node id="9982284408" lat="52.3562330" lon="4.9512768" />
  <node id="9982284409" lat="52.3562233" lon="4.9512808" />
  <node id="9982284410" lat="52.3562039" lon="4.9513107" />
  <node id="9982284411" lat="52.3562572" lon="4.9513817" />
  <node id="9982284412" lat="52.3562540" lon="4.9513692" />
  <node id="9982284413" lat="52.3562465" lon="4.9513638" />
  <node id="9982284414" lat="52.3562541" lon="4.9513941" />
  <node id="9982284415" lat="52.3562389" lon="4.9513683" />
  <node id="9982284417" lat="52.3564196" lon="4.9514518" />
  <node id="9982284418" lat="52.3564209" lon="4.9514565" />
  <node id="9982284419" lat="52.3564199" lon="4.9514619" />
  <node id="9982284420" lat="52.3563653" lon="4.9515138" />
  <node id="9982284421" lat="52.3563626" lon="4.9515143" />
  <node id="9982284422" lat="52.3563599" lon="4.9515107" />
  <node id="9982284423" lat="52.3562910" lon="4.9513196" />
  <node id="9982284424" lat="52.3562968" lon="4.9513109" />
  <node id="9982284425" lat="52.3562910" lon="4.9513261" />
  <node id="9982284426" lat="52.3562930" lon="4.9513141" />
  <node id="9982284427" lat="52.3563010" lon="4.9513115" />
  <node id="9982284439" lat="52.3565167" lon="4.9513662" />
  <node id="9982284440" lat="52.3565223" lon="4.9513492" />
  <node id="9982284441" lat="52.3564996" lon="4.9512520" />
  <node id="9982284442" lat="52.3564686" lon="4.9512494" />
  <node id="9982284443" lat="52.3565116" lon="4.9512682" />
  <node id="9982284444" lat="52.3564915" lon="4.9512478" />
  <node id="9982284445" lat="52.3565058" lon="4.9512582" />
  <node id="9982284446" lat="52.3565156" lon="4.9512803" />
  <node id="9982284447" lat="52.3565232" lon="4.9513381" />
  <node id="9982284448" lat="52.3565199" lon="4.9513584" />
  <node id="9982284449" lat="52.3565120" lon="4.9513737" />
  <node id="9982284450" lat="52.3564487" lon="4.9514346" />
  <node id="9982284451" lat="52.3564444" lon="4.9514350" />
  <node id="9982284452" lat="52.3564418" lon="4.9514303" />
  <node id="9982284453" lat="52.3564319" lon="4.9513509" />
  <node id="9982284454" lat="52.3564218" lon="4.9513302" />
  <node id="9982284455" lat="52.3564337" lon="4.9513633" />
  <node id="9982284456" lat="52.3564280" lon="4.9513398" />
  <node id="9982284457" lat="52.3564142" lon="4.9513242" />
  <node id="9982284458" lat="52.3563282" lon="4.9512794" />
  <node id="9982284459" lat="52.3563284" lon="4.9512697" />
  <node id="9982284460" lat="52.3563305" lon="4.9512825" />
  <node id="9982284461" lat="52.3563273" lon="4.9512747" />
  <node id="9982284462" lat="52.3563312" lon="4.9512669" />
  <node id="9982284505" lat="52.3552644" lon="4.9508593" />
  <node id="9983036143" lat="52.3573965" lon="4.9494554" />
  <node id="9983036343" lat="52.3557092" lon="4.9492786" />
  <node id="9983036344" lat="52.3556326" lon="4.9493828" />
  <node id="9983036345" lat="52.3555614" lon="4.9494738" />
  <node id="9983036346" lat="52.3554151" lon="4.9497063" />
  <node id="9983036347" lat="52.3553505" lon="4.9500341" />
  <node id="9983036348" lat="52.3557048" lon="4.9492714" />
  <node id="9983036349" lat="52.3557086" lon="4.9492651" />
  <node id="9983036350" lat="52.3557710" lon="4.9493670" />
  <node id="9983036351" lat="52.3557661" lon="4.9493747" />
  <node id="9983036372" lat="52.3556468" lon="4.9499848" />
  <node id="9983036374" lat="52.3556423" lon="4.9499774" />
  <node id="9984031774" lat="52.3567818" lon="4.9503320" />
  <node id="9984031775" lat="52.3568061" lon="4.9497354" />
  <node id="9984031776" lat="52.3568279" lon="4.9496899" />
  <node id="9984031777" lat="52.3568583" lon="4.9496930" />
  <node id="9984031778" lat="52.3570572" lon="4.9494057" />
  <node id="9984031788" lat="52.3571699" lon="4.9494173" />
  <node id="9984092330" lat="52.3566195" lon="4.9496438" />
  <node id="9984092331" lat="52.3565655" lon="4.9496377" />
  <node id="9984092333" lat="52.3564332" lon="4.9496283" />
  <node id="9984092334" lat="52.3563939" lon="4.9496339" />
  <node id="9984092335" lat="52.3563891" lon="4.9496358" />
  <node id="9984092336" lat="52.3564669" lon="4.9495278" />
  <node id="9984092337" lat="52.3564649" lon="4.9495335" />
  <node id="9984092338" lat="52.3564647" lon="4.9495387" />
  <node id="9984092339" lat="52.3564656" lon="4.9495427" />
  <node id="9984092340" lat="52.3565867" lon="4.9495580" />
  <node id="9984092353" lat="52.3569727" lon="4.9493877" />
  <node id="9984092354" lat="52.3570045" lon="4.9494403" />
  <node id="9984092355" lat="52.3568634" lon="4.9496689" />
  <node id="9984092356" lat="52.3568321" lon="4.9496155" />
  <node id="9984092357" lat="52.3568174" lon="4.9496386" />
  <node id="9984092358" lat="52.3568108" lon="4.9496478" />
  <node id="9984092359" lat="52.3567366" lon="4.9503267" />
  <node id="9984092360" lat="52.3565482" lon="4.9503095" />
  <node id="9984105977" lat="52.3563898" lon="4.9500025">
    <tag k="amenity" v="waste_basket" />
    <tag k="waste" v="trash" />
  </node>
  <node id="9985776727" lat="52.3553668" lon="4.9500613" />
  <node id="9985776728" lat="52.3553854" lon="4.9500323" />
  <node id="9985776729" lat="52.3553936" lon="4.9500195" />
  <node id="9985776730" lat="52.3553964" lon="4.9500161" />
  <node id="9985776731" lat="52.3553982" lon="4.9500152" />
  <node id="9985776732" lat="52.3554001" lon="4.9500170" />
  <node id="9985776733" lat="52.3554578" lon="4.9501329" />
  <node id="9985776734" lat="52.3554597" lon="4.9501367" />
  <node id="9985776735" lat="52.3554618" lon="4.9501390" />
  <node id="9985776736" lat="52.3554638" lon="4.9501390" />
  <node id="9985776737" lat="52.3554659" lon="4.9501376" />
  <node id="9985776738" lat="52.3554685" lon="4.9501339" />
  <node id="9985776739" lat="52.3554553" lon="4.9501119" />
  <node id="9985776740" lat="52.3555637" lon="4.9499385" />
  <node id="9985776741" lat="52.3556004" lon="4.9500001" />
  <node id="9985776742" lat="52.3554921" lon="4.9501735" />
  <node id="9985776743" lat="52.3554847" lon="4.9501606" />
  <node id="9985776744" lat="52.3554795" lon="4.9501685" />
  <node id="9985776745" lat="52.3554779" lon="4.9501722" />
  <node id="9985776746" lat="52.3554767" lon="4.9501764" />
  <node id="9985776747" lat="52.3554769" lon="4.9501816" />
  <node id="9985776748" lat="52.3554777" lon="4.9501856" />
  <node id="9985776749" lat="52.3554920" lon="4.9502191" />
  <node id="9985776750" lat="52.3554938" lon="4.9502223" />
  <node id="9985776751" lat="52.3554977" lon="4.9502236" />
  <node id="9985776752" lat="52.3555009" lon="4.9502229" />
  <node id="9985776757" lat="52.3555035" lon="4.9502200" />
  <node id="9985776758" lat="52.3555985" lon="4.9500678" />
  <node id="9985776759" lat="52.3555999" lon="4.9500642" />
  <node id="9985776760" lat="52.3556007" lon="4.9500578" />
  <node id="9985776761" lat="52.3555997" lon="4.9500523" />
  <node id="9985776762" lat="52.3555969" lon="4.9500471" />
  <node id="9985776763" lat="52.3555891" lon="4.9500343" />
  <node id="9985776764" lat="52.3556104" lon="4.9499997" />
  <node id="9985776765" lat="52.3556053" lon="4.9499913" />
  <node id="9985776766" lat="52.3556281" lon="4.9499541" />
  <node id="9985776767" lat="52.3556480" lon="4.9499869" />
  <node id="9985776768" lat="52.3557055" lon="4.9498949" />
  <node id="9985776769" lat="52.3557096" lon="4.9498884" />
  <node id="9985776770" lat="52.3557107" lon="4.9498852" />
  <node id="9985776771" lat="52.3557110" lon="4.9498815" />
  <node id="9985776772" lat="52.3557108" lon="4.9498776" />
  <node id="9985776773" lat="52.3557101" lon="4.9498745" />
  <node id="9985776774" lat="52.3557082" lon="4.9498704" />
  <node id="9985776775" lat="52.3556454" lon="4.9498120" />
  <node id="9985776776" lat="52.3556438" lon="4.9498104" />
  <node id="9985776777" lat="52.3556428" lon="4.9498083" />
  <node id="9985776778" lat="52.3556425" lon="4.9498055" />
  <node id="9985776779" lat="52.3556426" lon="4.9498031" />
  <node id="9985776780" lat="52.3556434" lon="4.9498006" />
  <node id="9985776781" lat="52.3556447" lon="4.9497990" />
  <node id="9985776782" lat="52.3557829" lon="4.9497003" />
  <node id="9985776783" lat="52.3557893" lon="4.9496955" />
  <node id="9985776784" lat="52.3557951" lon="4.9496901" />
  <node id="9985776785" lat="52.3558009" lon="4.9496840" />
  <node id="9985776786" lat="52.3558059" lon="4.9496777" />
  <node id="9985776787" lat="52.3558105" lon="4.9496702" />
  <node id="9985776788" lat="52.3558149" lon="4.9496621" />
  <node id="9985776789" lat="52.3558189" lon="4.9496540" />
  <node id="9985776790" lat="52.3558227" lon="4.9496443" />
  <node id="9985776791" lat="52.3558305" lon="4.9496204" />
  <node id="9985776792" lat="52.3558361" lon="4.9496016" />
  <node id="9985776793" lat="52.3558382" lon="4.9495934" />
  <node id="9985776794" lat="52.3558395" lon="4.9495856" />
  <node id="9985776795" lat="52.3558402" lon="4.9495776" />
  <node id="9985776797" lat="52.3558427" lon="4.9493418" />
  <node id="9985776798" lat="52.3558422" lon="4.9493330" />
  <node id="9985776799" lat="52.3558407" lon="4.9493260" />
  <node id="9985776800" lat="52.3558387" lon="4.9493195" />
  <node id="9985776801" lat="52.3558353" lon="4.9493130" />
  <node id="9985776802" lat="52.3558318" lon="4.9493077" />
  <node id="9985776803" lat="52.3557592" lon="4.9492441" />
  <node id="9985776804" lat="52.3557274" lon="4.9492959" />
  <node id="9985776829" lat="52.3558853" lon="4.9489805" />
  <node id="9985776830" lat="52.3559465" lon="4.9490800" />
  <node id="9985776831" lat="52.3559422" lon="4.9490871" />
  <node id="9985776832" lat="52.3558810" lon="4.9489876" />
  <node id="9985776909" lat="52.3557385" lon="4.9493139" />
  <node id="9985776924" lat="52.3560092" lon="4.9497879">
    <tag k="amenity" v="vending_machine" />
    <tag k="vending" v="parking_tickets" />
  </node>
  <node id="9985776931" lat="52.3563863" lon="4.9503408" />
  <node id="9985776932" lat="52.3563841" lon="4.9503399" />
  <node id="9985776933" lat="52.3563810" lon="4.9503371" />
  <node id="9985776934" lat="52.3563080" lon="4.9502365" />
  <node id="9985776935" lat="52.3562999" lon="4.9502207" />
  <node id="9985776936" lat="52.3562947" lon="4.9502055" />
  <node id="9985776937" lat="52.3562910" lon="4.9501914" />
  <node id="9985776938" lat="52.3562892" lon="4.9501821" />
  <node id="9985776939" lat="52.3562874" lon="4.9501686" />
  <node id="9985776940" lat="52.3562866" lon="4.9501553" />
  <node id="9985776941" lat="52.3562867" lon="4.9501421" />
  <node id="9985776942" lat="52.3562876" lon="4.9501301" />
  <node id="9985776943" lat="52.3562887" lon="4.9501212" />
  <node id="9985776944" lat="52.3563297" lon="4.9499077" />
  <node id="9985776945" lat="52.3563308" lon="4.9499031" />
  <node id="9985776946" lat="52.3563324" lon="4.9499003" />
  <node id="9985776947" lat="52.3563347" lon="4.9498977" />
  <node id="9985776948" lat="52.3563380" lon="4.9498969" />
  <node id="9985776949" lat="52.3563409" lon="4.9498979" />
  <node id="9985776950" lat="52.3563434" lon="4.9499011" />
  <node id="9985776951" lat="52.3563453" lon="4.9499053" />
  <node id="9985776952" lat="52.3563924" lon="4.9503184" />
  <node id="9985776953" lat="52.3563931" lon="4.9503243" />
  <node id="9985776954" lat="52.3563933" lon="4.9503291" />
  <node id="9985776955" lat="52.3563927" lon="4.9503330" />
  <node id="9985776956" lat="52.3563912" lon="4.9503370" />
  <node id="9985776957" lat="52.3563885" lon="4.9503404" />
  <node id="9985776960" lat="52.3565891" lon="4.9506973" />
  <node id="9985776961" lat="52.3566190" lon="4.9507383" />
  <node id="9985776962" lat="52.3564548" lon="4.9507332" />
  <node id="9985776963" lat="52.3564597" lon="4.9507507" />
  <node id="9985776964" lat="52.3565172" lon="4.9508469" />
  <node id="9985776965" lat="52.3565354" lon="4.9508579" />
  <node id="9985776966" lat="52.3565514" lon="4.9508519" />
  <node id="9985776967" lat="52.3566135" lon="4.9507869" />
  <node id="9985776969" lat="52.3566217" lon="4.9507621" />
  <node id="9985776970" lat="52.3564296" lon="4.9505103" />
  <node id="9985776972" lat="52.3564302" lon="4.9505055" />
  <node id="9985776973" lat="52.3564324" lon="4.9505022" />
  <node id="9985776974" lat="52.3564357" lon="4.9505017" />
  <node id="9985776975" lat="52.3564384" lon="4.9505046" />
  <node id="9985777009" lat="52.3565645" lon="4.9498982" />
  <node id="9985777010" lat="52.3565540" lon="4.9498973" />
  <node id="9985777011" lat="52.3564902" lon="4.9498924" />
  <node id="9985777012" lat="52.3564837" lon="4.9498910" />
  <node id="9985777013" lat="52.3564783" lon="4.9498870" />
  <node id="9985777014" lat="52.3564744" lon="4.9498806" />
  <node id="9985777015" lat="52.3564715" lon="4.9498728" />
  <node id="9985777016" lat="52.3564709" lon="4.9498641" />
  <node id="9985777017" lat="52.3564707" lon="4.9498568" />
  <node id="9985777018" lat="52.3564663" lon="4.9498562" />
  <node id="9985777019" lat="52.3564252" lon="4.9498510" />
  <node id="9985777020" lat="52.3564348" lon="4.9496490" />
  <node id="9985777021" lat="52.3563578" lon="4.9496935" />
  <node id="9985777022" lat="52.3563553" lon="4.9496984" />
  <node id="9985777023" lat="52.3563532" lon="4.9497030" />
  <node id="9985777024" lat="52.3563519" lon="4.9497080" />
  <node id="9985777025" lat="52.3563516" lon="4.9497158" />
  <node id="9985777026" lat="52.3563553" lon="4.9497785" />
  <node id="9985777027" lat="52.3563626" lon="4.9498622" />
  <node id="9985777028" lat="52.3563717" lon="4.9499420" />
  <node id="9985777029" lat="52.3563725" lon="4.9499472" />
  <node id="9985777030" lat="52.3563741" lon="4.9499510" />
  <node id="9985777031" lat="52.3563762" lon="4.9499538" />
  <node id="9985777032" lat="52.3563792" lon="4.9499552" />
  <node id="9985777033" lat="52.3563824" lon="4.9499544" />
  <node id="9985777034" lat="52.3563849" lon="4.9499524" />
  <node id="9985777035" lat="52.3564368" lon="4.9498666" />
  <node id="9985777036" lat="52.3564381" lon="4.9498644" />
  <node id="9985777037" lat="52.3564402" lon="4.9498636" />
  <node id="9985777038" lat="52.3564422" lon="4.9498640" />
  <node id="9985777039" lat="52.3564438" lon="4.9498664" />
  <node id="9985777040" lat="52.3564448" lon="4.9498700" />
  <node id="9985777041" lat="52.3564380" lon="4.9500242" />
  <node id="9985777042" lat="52.3564376" lon="4.9500282" />
  <node id="9985777043" lat="52.3564371" lon="4.9500320" />
  <node id="9985777044" lat="52.3564359" lon="4.9500347" />
  <node id="9985777045" lat="52.3564340" lon="4.9500357" />
  <node id="9985777046" lat="52.3563910" lon="4.9500096" />
  <node id="9985777047" lat="52.3563880" lon="4.9500093" />
  <node id="9985777048" lat="52.3563851" lon="4.9500110" />
  <node id="9985777049" lat="52.3563825" lon="4.9500138" />
  <node id="9985777050" lat="52.3563808" lon="4.9500197" />
  <node id="9985777051" lat="52.3563810" lon="4.9500270" />
  <node id="9985777052" lat="52.3564152" lon="4.9503289" />
  <node id="9985777053" lat="52.3564179" lon="4.9503491" />
  <node id="9985777054" lat="52.3564204" lon="4.9503614" />
  <node id="9985777055" lat="52.3564240" lon="4.9503734" />
  <node id="9985777056" lat="52.3564268" lon="4.9503819" />
  <node id="9985777057" lat="52.3564306" lon="4.9503902" />
  <node id="9985777058" lat="52.3564356" lon="4.9503996" />
  <node id="9985777059" lat="52.3566418" lon="4.9506661" />
  <node id="9985777060" lat="52.3567364" lon="4.9505224" />
  <node id="9985777089" lat="52.3568241" lon="4.9503962" />
  <node id="9985781385" lat="52.3564627" lon="4.9498558" />
  <node id="9988306061" lat="52.3555063" lon="4.9495467" />
  <node id="9988306062" lat="52.3555555" lon="4.9494703" />
  <node id="9988306063" lat="52.3555787" lon="4.9494366" />
  <node id="9988306064" lat="52.3556190" lon="4.9493793" />
  <node id="9988306065" lat="52.3556539" lon="4.9493326" />
  <node id="9988306066" lat="52.3556831" lon="4.9492932" />
  <node id="9988306067" lat="52.3557043" lon="4.9492614" />
  <node id="9988306068" lat="52.3557308" lon="4.9492191" />
  <node id="9988306069" lat="52.3552770" lon="4.9502187" />
  <node id="9988306089" lat="52.3553372" lon="4.9509739" />
  <node id="9988306095" lat="52.3551698" lon="4.9512110" />
  <node id="9988306104" lat="52.3550642" lon="4.9515975" />
  <node id="9988306107" lat="52.3552330" lon="4.9516013" />
  <node id="9988306108" lat="52.3551944" lon="4.9516548" />
  <node id="9988306109" lat="52.3551822" lon="4.9516723" />
  <node id="9988306110" lat="52.3551740" lon="4.9516890" />
  <node id="9988306111" lat="52.3551681" lon="4.9517057" />
  <node id="9988306112" lat="52.3551638" lon="4.9517218" />
  <node id="9988306113" lat="52.3551607" lon="4.9517364" />
  <node id="9988306114" lat="52.3551582" lon="4.9517518" />
  <node id="9988329545" lat="52.3559333" lon="4.9490585" />
  <node id="9988329546" lat="52.3560099" lon="4.9489343" />
  <node id="9988329547" lat="52.3560674" lon="4.9490294" />
  <node id="9988329548" lat="52.3561134" lon="4.9489548" />
  <node id="9988329549" lat="52.3562718" lon="4.9491929" />
  <node id="9988329550" lat="52.3561329" lon="4.9489632" />
  <node id="9988329552" lat="52.3561256" lon="4.9489749" />
  <node id="9988329554" lat="52.3562268" lon="4.9492649" />
  <node id="9988329555" lat="52.3562232" lon="4.9492708" />
  <node id="9988329556" lat="52.3562197" lon="4.9492762" />
  <node id="9988329557" lat="52.3562148" lon="4.9492816" />
  <node id="9988329558" lat="52.3560521" lon="4.9493934" />
  <node id="9988329559" lat="52.3560463" lon="4.9493967" />
  <node id="9988329560" lat="52.3560401" lon="4.9493969" />
  <node id="9988329561" lat="52.3560347" lon="4.9493965" />
  <node id="9988329562" lat="52.3560308" lon="4.9493955" />
  <node id="9988329563" lat="52.3560260" lon="4.9493922" />
  <node id="9988329564" lat="52.3560187" lon="4.9493849" />
  <node id="9988329565" lat="52.3560106" lon="4.9493701" />
  <node id="9988329566" lat="52.3558662" lon="4.9491300" />
  <node id="9988329567" lat="52.3558601" lon="4.9491184" />
  <node id="9988329568" lat="52.3558571" lon="4.9491090" />
  <node id="9988329569" lat="52.3558557" lon="4.9491001" />
  <node id="9988329570" lat="52.3558555" lon="4.9490884" />
  <node id="9988329571" lat="52.3558996" lon="4.9490179" />
  <node id="9988329572" lat="52.3560824" lon="4.9495604" />
  <node id="9988329573" lat="52.3560836" lon="4.9495572" />
  <node id="9988329574" lat="52.3560857" lon="4.9495551" />
  <node id="9988329575" lat="52.3560918" lon="4.9495534" />
  <node id="9988329576" lat="52.3560944" lon="4.9495528" />
  <node id="9988329577" lat="52.3560970" lon="4.9495542" />
  <node id="9988329578" lat="52.3560988" lon="4.9495568" />
  <node id="9988329579" lat="52.3561384" lon="4.9496600" />
  <node id="9988329580" lat="52.3561401" lon="4.9496654" />
  <node id="9988329581" lat="52.3561414" lon="4.9496718" />
  <node id="9988329582" lat="52.3561420" lon="4.9496783" />
  <node id="9988329583" lat="52.3561787" lon="4.9498308" />
  <node id="9988329584" lat="52.3561659" lon="4.9498305" />
  <node id="9988329585" lat="52.3561548" lon="4.9498213" />
  <node id="9988329586" lat="52.3561481" lon="4.9498071" />
  <node id="9988329587" lat="52.3561463" lon="4.9497998" />
  <node id="9988329588" lat="52.3561497" lon="4.9498124" />
  <node id="9988329589" lat="52.3561717" lon="4.9498320" />
  <node id="9988329590" lat="52.3561453" lon="4.9497911" />
  <node id="9988329591" lat="52.3561600" lon="4.9498273" />
  <node id="9988329592" lat="52.3561835" lon="4.9498278" />
  <node id="9988329593" lat="52.3562820" lon="4.9497468" />
  <node id="9988329594" lat="52.3562843" lon="4.9497456" />
  <node id="9988329595" lat="52.3562870" lon="4.9497462" />
  <node id="9988329596" lat="52.3562892" lon="4.9497484" />
  <node id="9988329597" lat="52.3562902" lon="4.9497523" />
  <node id="9988329598" lat="52.3562902" lon="4.9497569" />
  <node id="9988329599" lat="52.3562576" lon="4.9499542" />
  <node id="9988329600" lat="52.3562556" lon="4.9499648" />
  <node id="9988329601" lat="52.3562529" lon="4.9499751" />
  <node id="9988329602" lat="52.3562495" lon="4.9499853" />
  <node id="9988329603" lat="52.3562452" lon="4.9499933" />
  <node id="9988329604" lat="52.3562399" lon="4.9500006" />
  <node id="9988329605" lat="52.3562344" lon="4.9500065" />
  <node id="9988329606" lat="52.3562285" lon="4.9500108" />
  <node id="9988329607" lat="52.3561721" lon="4.9500308" />
  <node id="9988329608" lat="52.3561666" lon="4.9500327" />
  <node id="9988329609" lat="52.3561569" lon="4.9500329" />
  <node id="9988329610" lat="52.3561466" lon="4.9500296" />
  <node id="9988329611" lat="52.3561365" lon="4.9500214" />
  <node id="9988329612" lat="52.3561273" lon="4.9500098" />
  <node id="9988329613" lat="52.3561202" lon="4.9499959" />
  <node id="9988329614" lat="52.3561156" lon="4.9499815" />
  <node id="9988329615" lat="52.3561133" lon="4.9499669" />
  <node id="9988329616" lat="52.3560822" lon="4.9495657" />
  <node id="9988329617" lat="52.3556365" lon="4.9503954" />
  <node id="9988329618" lat="52.3556353" lon="4.9503889" />
  <node id="9988329619" lat="52.3556429" lon="4.9504114" />
  <node id="9988329620" lat="52.3556402" lon="4.9504065" />
  <node id="9988329621" lat="52.3556504" lon="4.9504209" />
  <node id="9988329622" lat="52.3556477" lon="4.9504181" />
  <node id="9988329623" lat="52.3556642" lon="4.9504263" />
  <node id="9988329624" lat="52.3556558" lon="4.9504245" />
  <node id="9988329625" lat="52.3556602" lon="4.9504258" />
  <node id="9988329626" lat="52.3556727" lon="4.9504244" />
  <node id="9988329627" lat="52.3556778" lon="4.9504211" />
  <node id="9988329628" lat="52.3557484" lon="4.9503372" />
  <node id="9988329629" lat="52.3557499" lon="4.9503304" />
  <node id="9988329630" lat="52.3557493" lon="4.9503236" />
  <node id="9988329631" lat="52.3557481" lon="4.9503209" />
  <node id="9988329632" lat="52.3557495" lon="4.9503338" />
  <node id="9988329633" lat="52.3557464" lon="4.9503187" />
  <node id="9988329634" lat="52.3557498" lon="4.9503266" />
  <node id="9988329635" lat="52.3557471" lon="4.9503388" />
  <node id="9988329636" lat="52.3556689" lon="4.9504262" />
  <node id="9988329637" lat="52.3556451" lon="4.9504147" />
  <node id="9988329638" lat="52.3556377" lon="4.9504001" />
  <node id="9988329639" lat="52.3556821" lon="4.9504163" />
  <node id="9988329640" lat="52.3556527" lon="4.9504228" />
  <node id="9988329641" lat="52.3556348" lon="4.9503820" />
  <node id="9988329642" lat="52.3556339" lon="4.9502501" />
  <node id="9988329643" lat="52.3556341" lon="4.9502449" />
  <node id="9988329644" lat="52.3556346" lon="4.9502407" />
  <node id="9988329645" lat="52.3556359" lon="4.9502376" />
  <node id="9988329646" lat="52.3556376" lon="4.9502350" />
  <node id="9988329647" lat="52.3556397" lon="4.9502335" />
  <node id="9988329648" lat="52.3556427" lon="4.9502334" />
  <node id="9988329649" lat="52.3556451" lon="4.9502343" />
  <node id="9988329650" lat="52.3556154" lon="4.9500915" />
  <node id="9988329651" lat="52.3556203" lon="4.9500935" />
  <node id="9988329652" lat="52.3556234" lon="4.9501000" />
  <node id="9988329653" lat="52.3556257" lon="4.9503766" />
  <node id="9988329654" lat="52.3556254" lon="4.9503807" />
  <node id="9988329655" lat="52.3556237" lon="4.9503850" />
  <node id="9988329656" lat="52.3556216" lon="4.9503877" />
  <node id="9988329657" lat="52.3556193" lon="4.9503888" />
  <node id="9988329658" lat="52.3556166" lon="4.9503888" />
  <node id="9988329659" lat="52.3556136" lon="4.9503872" />
  <node id="9988329660" lat="52.3555440" lon="4.9502706" />
  <node id="9988329661" lat="52.3555419" lon="4.9502664" />
  <node id="9988329662" lat="52.3555410" lon="4.9502607" />
  <node id="9988329663" lat="52.3555410" lon="4.9502555" />
  <node id="9988329664" lat="52.3555419" lon="4.9502513" />
  <node id="9988329665" lat="52.3556133" lon="4.9500926" />
  <node id="9988329666" lat="52.3556219" lon="4.9500964" />
  <node id="9988329667" lat="52.3556105" lon="4.9500949" />
  <node id="9988329668" lat="52.3556183" lon="4.9500921" />
  <node id="9988329669" lat="52.3556237" lon="4.9501043" />
  <node id="9988347570" lat="52.3551795" lon="4.9515643" />
  <node id="9988347573" lat="52.3552964" lon="4.9514983" />
  <node id="9988347577" lat="52.3550340" lon="4.9503223" />
  <node id="9988347578" lat="52.3546986" lon="4.9516308" />
  <node id="9988347579" lat="52.3545551" lon="4.9513834" />
  <node id="9988347580" lat="52.3545502" lon="4.9513725" />
  <node id="9988347581" lat="52.3545452" lon="4.9513539" />
  <node id="9988347582" lat="52.3545432" lon="4.9513325" />
  <node id="9988347583" lat="52.3545437" lon="4.9513131" />
  <node id="9988347584" lat="52.3545870" lon="4.9510575" />
  <node id="9988347585" lat="52.3546037" lon="4.9510160" />
  <node id="9988347586" lat="52.3546559" lon="4.9509285" />
  <node id="9988347587" lat="52.3548227" lon="4.9506625" />
  <node id="9988347588" lat="52.3549028" lon="4.9505338" />
  <node id="9988347589" lat="52.3549967" lon="4.9503817" />
  <node id="9988347590" lat="52.3550545" lon="4.9502888" />
  <node id="9988666345" lat="52.3564914" lon="4.9479549" />
  <node id="9988666346" lat="52.3563494" lon="4.9481847" />
  <node id="9988666347" lat="52.3561630" lon="4.9484852" />
  <node id="9988666348" lat="52.3560831" lon="4.9486137" />
  <node id="9988666349" lat="52.3560382" lon="4.9486867" />
  <node id="9988666350" lat="52.3559943" lon="4.9487659" />
  <node id="9988666351" lat="52.3560130" lon="4.9487315" />
  <node id="9988666352" lat="52.3559770" lon="4.9487998" />
  <node id="9988666353" lat="52.3559593" lon="4.9488358" />
  <node id="9988666354" lat="52.3559454" lon="4.9488646" />
  <node id="9988666355" lat="52.3559286" lon="4.9488970" />
  <node id="9988666356" lat="52.3559157" lon="4.9489205" />
  <node id="9988666357" lat="52.3558537" lon="4.9490218" />
  <node id="9988666360" lat="52.3564954" lon="4.9479618" />
  <node id="9988666361" lat="52.3562995" lon="4.9482766" />
  <node id="9988666362" lat="52.3562120" lon="4.9484169" />
  <node id="9988666363" lat="52.3561254" lon="4.9485561" />
  <node id="9988666364" lat="52.3560664" lon="4.9486525" />
  <node id="9988666365" lat="52.3560172" lon="4.9487397" />
  <node id="9988666366" lat="52.3559671" lon="4.9488348" />
  <node id="9988666367" lat="52.3559313" lon="4.9489107" />
  <node id="9988666368" lat="52.3559403" lon="4.9488928" />
  <node id="9988666369" lat="52.3559196" lon="4.9489310" />
  <node id="9988666370" lat="52.3558873" lon="4.9489837" />
  <node id="9988683879" lat="52.3564870" lon="4.9493778" />
  <node id="9988683880" lat="52.3565957" lon="4.9492366" />
  <node id="9988683883" lat="52.3568601" lon="4.9486575" />
  <node id="9988683884" lat="52.3568607" lon="4.9486605" />
  <node id="9988683885" lat="52.3568609" lon="4.9486644" />
  <node id="9988683886" lat="52.3568596" lon="4.9486685" />
  <node id="9988683887" lat="52.3566568" lon="4.9491048" />
  <node id="9988683888" lat="52.3566525" lon="4.9491137" />
  <node id="9988683889" lat="52.3566478" lon="4.9491206" />
  <node id="9988683890" lat="52.3566387" lon="4.9491269" />
  <node id="9988683891" lat="52.3566331" lon="4.9491277" />
  <node id="9988683892" lat="52.3566279" lon="4.9491274" />
  <node id="9988683896" lat="52.3565164" lon="4.9493322" />
  <node id="9988683897" lat="52.3565174" lon="4.9493366" />
  <node id="9988683898" lat="52.3565194" lon="4.9493405" />
  <node id="9988683899" lat="52.3565225" lon="4.9493425" />
  <node id="9988683900" lat="52.3565256" lon="4.9493427" />
  <node id="9988683901" lat="52.3565282" lon="4.9493414" />
  <node id="9988683902" lat="52.3565944" lon="4.9492603" />
  <node id="9988683903" lat="52.3565963" lon="4.9492578" />
  <node id="9988683904" lat="52.3565973" lon="4.9492545" />
  <node id="9988683905" lat="52.3565976" lon="4.9492502" />
  <node id="9988683906" lat="52.3565974" lon="4.9492464" />
  <node id="9988683907" lat="52.3565920" lon="4.9492151" />
  <node id="9988683908" lat="52.3565904" lon="4.9492081" />
  <node id="9988683909" lat="52.3565876" lon="4.9492004" />
  <node id="9988683910" lat="52.3565840" lon="4.9491941" />
  <node id="9988683911" lat="52.3565800" lon="4.9491893" />
  <node id="9988683912" lat="52.3565751" lon="4.9491851" />
  <node id="9988683913" lat="52.3565688" lon="4.9491820" />
  <node id="9988683914" lat="52.3565619" lon="4.9491815" />
  <node id="9988683915" lat="52.3565560" lon="4.9491832" />
  <node id="9988683916" lat="52.3565507" lon="4.9491862" />
  <node id="9988683917" lat="52.3565463" lon="4.9491907" />
  <node id="9988683918" lat="52.3565423" lon="4.9491966" />
  <node id="9988683919" lat="52.3565389" lon="4.9492031" />
  <node id="9988683920" lat="52.3565360" lon="4.9492131" />
  <node id="9988683921" lat="52.3565162" lon="4.9493290" />
  <node id="9988683925" lat="52.3565729" lon="4.9491035" />
  <node id="9988683928" lat="52.3569653" lon="4.9489466" />
  <node id="9988683929" lat="52.3569178" lon="4.9488677" />
  <node id="9988683930" lat="52.3569143" lon="4.9488619" />
  <node id="9988683931" lat="52.3569092" lon="4.9488569" />
  <node id="9988683932" lat="52.3569043" lon="4.9488538" />
  <node id="9988683933" lat="52.3568991" lon="4.9488523" />
  <node id="9988683934" lat="52.3568942" lon="4.9488519" />
  <node id="9988683935" lat="52.3568445" lon="4.9488640" />
  <node id="9988683936" lat="52.3568405" lon="4.9488660" />
  <node id="9988683937" lat="52.3568362" lon="4.9488693" />
  <node id="9988683938" lat="52.3568325" lon="4.9488738" />
  <node id="9988683939" lat="52.3568291" lon="4.9488796" />
  <node id="9988683940" lat="52.3568124" lon="4.9489164" />
  <node id="9988683941" lat="52.3567011" lon="4.9491556" />
  <node id="9988683942" lat="52.3566989" lon="4.9491602" />
  <node id="9988683943" lat="52.3566977" lon="4.9491647" />
  <node id="9988683944" lat="52.3566975" lon="4.9491703" />
  <node id="9988683945" lat="52.3566982" lon="4.9491740" />
  <node id="9988683946" lat="52.3566993" lon="4.9491774" />
  <node id="9988683947" lat="52.3567264" lon="4.9492083" />
  <node id="9988683948" lat="52.3567258" lon="4.9492227" />
  <node id="9988683949" lat="52.3569298" lon="4.9488928" />
  <node id="9988683950" lat="52.3569237" lon="4.9488930" />
  <node id="9988683952" lat="52.3565579" lon="4.9494762" />
  <node id="9988683953" lat="52.3567064" lon="4.9492436" />
  <node id="9988683954" lat="52.3567163" lon="4.9492439" />
  <node id="9988683955" lat="52.3565965" lon="4.9495422" />
  <node id="9988683972" lat="52.3566934" lon="4.9492048" />
  <node id="9988683973" lat="52.3566910" lon="4.9492005" />
  <node id="9988683974" lat="52.3566879" lon="4.9491979" />
  <node id="9988683975" lat="52.3566846" lon="4.9491979" />
  <node id="9988683976" lat="52.3566816" lon="4.9491993" />
  <node id="9988683977" lat="52.3566789" lon="4.9492017" />
  <node id="9988683978" lat="52.3566092" lon="4.9493531" />
  <node id="9988683979" lat="52.3565819" lon="4.9493880" />
  <node id="9988683985" lat="52.3565067" lon="4.9492103" />
  <node id="9988683986" lat="52.3565072" lon="4.9492110" />
  <node id="9988683987" lat="52.3564860" lon="4.9493859" />
  <node id="9988683988" lat="52.3564854" lon="4.9493908" />
  <node id="9988683989" lat="52.3564840" lon="4.9493945" />
  <node id="9988683990" lat="52.3564826" lon="4.9493969" />
  <node id="9988683991" lat="52.3563448" lon="4.9495671" />
  <node id="9988683992" lat="52.3563433" lon="4.9495686" />
  <node id="9988683993" lat="52.3563418" lon="4.9495693" />
  <node id="9988683994" lat="52.3563404" lon="4.9495694" />
  <node id="9988683995" lat="52.3563393" lon="4.9495686" />
  <node id="9988683996" lat="52.3563379" lon="4.9495670" />
  <node id="9988683997" lat="52.3563368" lon="4.9495644" />
  <node id="9988683998" lat="52.3563151" lon="4.9493903" />
  <node id="9988683999" lat="52.3563148" lon="4.9493826" />
  <node id="9988684000" lat="52.3563159" lon="4.9493757" />
  <node id="9988684001" lat="52.3563207" lon="4.9493668" />
  <node id="9988684002" lat="52.3563273" lon="4.9493559" />
  <node id="9988684003" lat="52.3563445" lon="4.9493368" />
  <node id="9988684009" lat="52.3557089" lon="4.9498610">
    <tag k="amenity" v="waste_basket" />
    <tag k="waste" v="trash" />
  </node>
  <node id="9988767746" lat="52.3561452" lon="4.9484022" />
  <node id="9988767747" lat="52.3560813" lon="4.9484636" />
  <node id="9988767748" lat="52.3559670" lon="4.9486617" />
  <node id="9988767749" lat="52.3559906" lon="4.9486192" />
  <node id="9988767750" lat="52.3560364" lon="4.9485372" />
  <node id="9988767751" lat="52.3561324" lon="4.9483818" />
  <node id="9988767754" lat="52.3559421" lon="4.9487093" />
  <node id="9988767777" lat="52.3545183" lon="4.9510293" />
  <node id="9988767778" lat="52.3545296" lon="4.9510481" />
  <node id="9988767779" lat="52.3546192" lon="4.9509030" />
  <node id="9988767780" lat="52.3548302" lon="4.9505635" />
  <node id="9988767781" lat="52.3550403" lon="4.9502223" />
  <node id="9988767783" lat="52.3550145" lon="4.9501989" />
  <node id="9988767787" lat="52.3550899" lon="4.9501430" />
  <node id="9988767788" lat="52.3551236" lon="4.9500897" />
  <node id="9988767789" lat="52.3552097" lon="4.9499506" />
  <node id="9988767790" lat="52.3552922" lon="4.9498174" />
  <node id="9988767791" lat="52.3553689" lon="4.9496936" />
  <node id="9988767792" lat="52.3554402" lon="4.9495785" />
  <node id="9988767793" lat="52.3555002" lon="4.9494828" />
  <node id="9988767794" lat="52.3555531" lon="4.9494031" />
  <node id="9988767795" lat="52.3555925" lon="4.9493460" />
  <node id="9988767796" lat="52.3555721" lon="4.9493102" />
  <node id="9988767799" lat="52.3554292" lon="4.9495191" />
  <node id="9988767800" lat="52.3555316" lon="4.9493692" />
  <node id="9988767801" lat="52.3553857" lon="4.9495857" />
  <node id="9988767803" lat="52.3550402" lon="4.9501501" />
  <node id="9988767806" lat="52.3549292" lon="4.9503609" />
  <node id="9988767807" lat="52.3549837" lon="4.9502574" />
  <node id="9988767808" lat="52.3550667" lon="4.9501037" />
  <node id="9988767809" lat="52.3548997" lon="4.9504130" />
  <node id="9988773255" lat="52.3558955" lon="4.9488777" />
  <node id="9988773256" lat="52.3559112" lon="4.9488485" />
  <node id="9988773257" lat="52.3559662" lon="4.9487381" />
  <node id="9988773258" lat="52.3559864" lon="4.9487001" />
  <node id="9988773259" lat="52.3560163" lon="4.9486480" />
  <node id="9988773260" lat="52.3560368" lon="4.9486144" />
  <node id="9988773261" lat="52.3560749" lon="4.9485522" />
  <node id="9988773262" lat="52.3564684" lon="4.9479171" />
  <node id="9988773263" lat="52.3559485" lon="4.9487171" />
  <node id="9988773264" lat="52.3559040" lon="4.9488178" />
  <node id="9988773265" lat="52.3558755" lon="4.9488940" />
  <node id="9988773266" lat="52.3558808" lon="4.9489021" />
  <node id="9988805204" lat="52.3571704" lon="4.9494038" />
  <node id="9988805205" lat="52.3569761" lon="4.9493821" />
  <node id="9988814152" lat="52.3561052" lon="4.9484792">
    <tag k="amenity" v="vending_machine" />
    <tag k="vending" v="parking_tickets" />
  </node>
  <node id="9988814154" lat="52.3560710" lon="4.9490236" />
  <node id="9988822035" lat="52.3566185" lon="4.9496690" />
  <node id="9988822036" lat="52.3565644" lon="4.9496629" />
  <node id="9988822037" lat="52.3567621" lon="4.9496581" />
  <node id="9988822038" lat="52.3566725" lon="4.9496489" />
  <node id="9988822039" lat="52.3566696" lon="4.9495485" />
  <node id="9988822040" lat="52.3566723" lon="4.9495637" />
  <node id="9988822041" lat="52.3566717" lon="4.9495417" />
  <node id="9988822042" lat="52.3566697" lon="4.9495561" />
  <node id="9988822043" lat="52.3566770" lon="4.9495679" />
  <node id="9988822044" lat="52.3567509" lon="4.9495759" />
  <node id="9988822045" lat="52.3567597" lon="4.9495769" />
  <node id="9988822046" lat="52.3567673" lon="4.9495759" />
  <node id="9988822047" lat="52.3567752" lon="4.9495731" />
  <node id="9988822048" lat="52.3567818" lon="4.9495686" />
  <node id="9988822049" lat="52.3567877" lon="4.9495632" />
  <node id="9988822050" lat="52.3566969" lon="4.9495031" />
  <node id="9988822051" lat="52.3567301" lon="4.9495582" />
  <node id="9988822052" lat="52.3567387" lon="4.9495583" />
  <node id="9988822053" lat="52.3567650" lon="4.9495157" />
  <node id="9988822054" lat="52.3567911" lon="4.9495590" />
  <node id="9988822097" lat="52.3567611" lon="4.9496839" />
  <node id="9988822102" lat="52.3566715" lon="4.9496747" />
  <node id="9988835036" lat="52.3565491" lon="4.9502873" />
  <node id="9992794324" lat="52.3571253" lon="4.9435758" />
  <node id="9992794325" lat="52.3571020" lon="4.9435734" />
  <node id="9992794326" lat="52.3570948" lon="4.9435777" />
  <node id="9992794327" lat="52.3570877" lon="4.9435862" />
  <node id="9992794328" lat="52.3570828" lon="4.9435947" />
  <node id="9992794329" lat="52.3570790" lon="4.9436086" />
  <node id="9992794330" lat="52.3570320" lon="4.9437637" />
  <node id="9992794331" lat="52.3570090" lon="4.9438366" />
  <node id="9992794332" lat="52.3569924" lon="4.9438885" />
  <node id="9992794333" lat="52.3569779" lon="4.9439404" />
  <node id="9992794334" lat="52.3569647" lon="4.9439934" />
  <node id="9992794335" lat="52.3569548" lon="4.9440432" />
  <node id="9992794336" lat="52.3569200" lon="4.9442108" />
  <node id="9992794337" lat="52.3569092" lon="4.9442644" />
  <node id="9992794338" lat="52.3569018" lon="4.9442922" />
  <node id="9992794339" lat="52.3568904" lon="4.9443275" />
  <node id="9992794340" lat="52.3568677" lon="4.9443931" />
  <node id="9992794341" lat="52.3568394" lon="4.9444695" />
  <node id="9992794342" lat="52.3568166" lon="4.9445289" />
  <node id="9992794343" lat="52.3567879" lon="4.9445971" />
  <node id="9992794344" lat="52.3567568" lon="4.9446671" />
  <node id="9992794345" lat="52.3567277" lon="4.9447287" />
  <node id="9992794346" lat="52.3566979" lon="4.9447746" />
  <node id="9992794347" lat="52.3566659" lon="4.9448364" />
  <node id="9992794348" lat="52.3566208" lon="4.9449319" />
  <node id="9992794349" lat="52.3565071" lon="4.9451901" />
  <node id="9992794350" lat="52.3563066" lon="4.9456740" />
  <node id="9992794351" lat="52.3560638" lon="4.9462848" />
  <node id="9992794352" lat="52.3559461" lon="4.9465715" />
  <node id="9992794353" lat="52.3557753" lon="4.9469594" />
  <node id="9992794354" lat="52.3557180" lon="4.9470922" />
  <node id="9992794355" lat="52.3555233" lon="4.9475615" />
  <node id="9992794356" lat="52.3554822" lon="4.9475154" />
  <node id="9992794357" lat="52.3555968" lon="4.9472402" />
  <node id="9992794358" lat="52.3557201" lon="4.9469427" />
  <node id="9992794359" lat="52.3558443" lon="4.9466484" />
  <node id="9992794360" lat="52.3559049" lon="4.9465010" />
  <node id="9992794361" lat="52.3559650" lon="4.9463583" />
  <node id="9992794362" lat="52.3560237" lon="4.9462220" />
  <node id="9992794363" lat="52.3560785" lon="4.9460940" />
  <node id="9992794364" lat="52.3561338" lon="4.9459645" />
  <node id="9992794365" lat="52.3561738" lon="4.9458650" />
  <node id="9992794366" lat="52.3562254" lon="4.9457358" />
  <node id="9992794367" lat="52.3562481" lon="4.9456820" />
  <node id="9992794368" lat="52.3563116" lon="4.9455342" />
  <node id="9992794369" lat="52.3563593" lon="4.9454226" />
  <node id="9992794370" lat="52.3564235" lon="4.9452717" />
  <node id="9992794371" lat="52.3564859" lon="4.9451196" />
  <node id="9992794372" lat="52.3565457" lon="4.9449751" />
  <node id="9992794373" lat="52.3565860" lon="4.9448833" />
  <node id="9992794374" lat="52.3566424" lon="4.9447539" />
  <node id="9992794375" lat="52.3566767" lon="4.9446659" />
  <node id="9992794376" lat="52.3567265" lon="4.9445457" />
  <node id="9992794377" lat="52.3567820" lon="4.9444117" />
  <node id="9992794378" lat="52.3567913" lon="4.9443837" />
  <node id="9992794379" lat="52.3568402" lon="4.9442368" />
  <node id="9992794380" lat="52.3568845" lon="4.9440995" />
  <node id="9992794381" lat="52.3569250" lon="4.9439559" />
  <node id="9992794382" lat="52.3569637" lon="4.9438168" />
  <node id="9992794383" lat="52.3569996" lon="4.9436909" />
  <node id="9992794384" lat="52.3570257" lon="4.9436055" />
  <node id="9992794385" lat="52.3570537" lon="4.9435086" />
  <node id="9992794386" lat="52.3570656" lon="4.9434605" />
  <node id="9992794387" lat="52.3570756" lon="4.9434086" />
  <node id="9992794388" lat="52.3570837" lon="4.9433600" />
  <node id="9992794389" lat="52.3570922" lon="4.9432902" />
  <node id="9992794390" lat="52.3570952" lon="4.9432195" />
  <node id="9992794391" lat="52.3571063" lon="4.9429582" />
  <node id="9992794392" lat="52.3571188" lon="4.9426566" />
  <node id="9992794393" lat="52.3571322" lon="4.9423498" />
  <node id="9992794394" lat="52.3571386" lon="4.9421966" />
  <node id="9992794395" lat="52.3571417" lon="4.9421232" />
  <node id="9992794396" lat="52.3571427" lon="4.9420928" />
  <node id="9992794397" lat="52.3571420" lon="4.9416933" />
  <node id="9992794398" lat="52.3571433" lon="4.9416749" />
  <node id="9992794399" lat="52.3571479" lon="4.9416509" />
  <node id="9992794400" lat="52.3571543" lon="4.9416283" />
  <node id="9992794401" lat="52.3571626" lon="4.9416089" />
  <node id="9992794402" lat="52.3571726" lon="4.9415896" />
  <node id="9992794403" lat="52.3571831" lon="4.9415761" />
  <node id="9992794404" lat="52.3572054" lon="4.9415554" />
  <node id="9992794405" lat="52.3572162" lon="4.9415490" />
  <node id="9992794406" lat="52.3572332" lon="4.9415434" />
  <node id="9992794407" lat="52.3572670" lon="4.9415386" />
  <node id="9992794408" lat="52.3573261" lon="4.9415316" />
  <node id="9992794409" lat="52.3573869" lon="4.9415252" />
  <node id="9992794410" lat="52.3574481" lon="4.9415177" />
  <node id="9992794411" lat="52.3575268" lon="4.9415087" />
  <node id="9992794412" lat="52.3575389" lon="4.9415099" />
  <node id="9992794413" lat="52.3575507" lon="4.9415127" />
  <node id="9992794414" lat="52.3575617" lon="4.9415165" />
  <node id="9992794415" lat="52.3575833" lon="4.9415306" />
  <node id="9992794416" lat="52.3575973" lon="4.9415431" />
  <node id="9992794417" lat="52.3576101" lon="4.9415578" />
  <node id="9992794418" lat="52.3576212" lon="4.9415752" />
  <node id="9992794419" lat="52.3576318" lon="4.9415938" />
  <node id="9992794420" lat="52.3576393" lon="4.9416141" />
  <node id="9992794421" lat="52.3576474" lon="4.9416412" />
  <node id="9992794422" lat="52.3576529" lon="4.9416674" />
  <node id="9992794423" lat="52.3576567" lon="4.9416926" />
  <node id="9992794424" lat="52.3576583" lon="4.9417153" />
  <node id="9992794425" lat="52.3576589" lon="4.9417322" />
  <node id="9992794426" lat="52.3576401" lon="4.9421858" />
  <node id="9993565242" lat="52.3569745" lon="4.9427040" />
  <node id="9993565243" lat="52.3569784" lon="4.9427144" />
  <node id="9993565244" lat="52.3569784" lon="4.9427241" />
  <node id="9993565245" lat="52.3569760" lon="4.9427366" />
  <node id="9993565246" lat="52.3569663" lon="4.9427557" />
  <node id="9993565247" lat="52.3569630" lon="4.9428042" />
  <node id="9993565248" lat="52.3569600" lon="4.9428653" />
  <node id="9993565249" lat="52.3569593" lon="4.9429073" />
  <node id="9993565250" lat="52.3569607" lon="4.9429349" />
  <node id="9993565251" lat="52.3569649" lon="4.9429542" />
  <node id="9993565252" lat="52.3569636" lon="4.9429801" />
  <node id="9993565253" lat="52.3569620" lon="4.9429978" />
  <node id="9993565254" lat="52.3569600" lon="4.9430089" />
  <node id="9993565255" lat="52.3569542" lon="4.9430238" />
  <node id="9993565256" lat="52.3569469" lon="4.9430405" />
  <node id="9993565257" lat="52.3569388" lon="4.9431207" />
  <node id="9993565258" lat="52.3569309" lon="4.9431961" />
  <node id="9993565259" lat="52.3569227" lon="4.9432643" />
  <node id="9993565260" lat="52.3569117" lon="4.9433428" />
  <node id="9993565261" lat="52.3568903" lon="4.9434838" />
  <node id="9993565262" lat="52.3568793" lon="4.9435416" />
  <node id="9993565263" lat="52.3568560" lon="4.9436595" />
  <node id="9993565264" lat="52.3568358" lon="4.9437503" />
  <node id="9993565265" lat="52.3568164" lon="4.9438302" />
  <node id="9993565266" lat="52.3567794" lon="4.9439658" />
  <node id="9993565267" lat="52.3567552" lon="4.9440469" />
  <node id="9993565268" lat="52.3567152" lon="4.9441684" />
  <node id="9993565269" lat="52.3566964" lon="4.9442207" />
  <node id="9993565270" lat="52.3566684" lon="4.9442957" />
  <node id="9993565271" lat="52.3566398" lon="4.9443672" />
  <node id="9993565272" lat="52.3558234" lon="4.9463121" />
  <node id="9993565273" lat="52.3548278" lon="4.9486795" />
  <node id="9993565274" lat="52.3548163" lon="4.9487050" />
  <node id="9993565275" lat="52.3548036" lon="4.9487269" />
  <node id="9993565276" lat="52.3547961" lon="4.9487336" />
  <node id="9993565277" lat="52.3569182" lon="4.9434620" />
  <node id="9993565278" lat="52.3540191" lon="4.9502710" />
  <node id="9993565279" lat="52.3540240" lon="4.9503452" />
  <node id="9993565280" lat="52.3540333" lon="4.9503740" />
  <node id="9993565281" lat="52.3540269" lon="4.9502302" />
  <node id="9993565282" lat="52.3540189" lon="4.9503138" />
  <node id="9993565283" lat="52.3540582" lon="4.9504357" />
  <node id="9993565284" lat="52.3540744" lon="4.9504682" />
  <node id="9993565285" lat="52.3540463" lon="4.9503987" />
  <node id="9993565286" lat="52.3541161" lon="4.9505143" />
  <node id="9993565287" lat="52.3541405" lon="4.9505235" />
  <node id="9993565288" lat="52.3541918" lon="4.9505072" />
  <node id="9993565289" lat="52.3540941" lon="4.9504949" />
  <node id="9993565290" lat="52.3541655" lon="4.9505217" />
  <node id="9993565291" lat="52.3571585" lon="4.9416184" />
  <node id="9993565292" lat="52.3569781" lon="4.9407055" />
  <node id="9993565294" lat="52.3569888" lon="4.9406791" />
  <node id="9993565307" lat="52.3569925" lon="4.9402379" />
  <node id="9993565308" lat="52.3569795" lon="4.9405799" />
  <node id="9993565309" lat="52.3569768" lon="4.9406496" />
  <node id="9993565313" lat="52.3569761" lon="4.9406571" />
  <node id="9993565314" lat="52.3569720" lon="4.9406664" />
  <node id="9993565315" lat="52.3569732" lon="4.9406998" />
  <node id="9993565316" lat="52.3569777" lon="4.9407064" />
  <node id="9993565318" lat="52.3569872" lon="4.9409523" />
  <node id="9993565319" lat="52.3569943" lon="4.9414396" />
  <node id="9993565320" lat="52.3569915" lon="4.9411583" />
  <node id="9993565321" lat="52.3569953" lon="4.9417256" />
  <node id="9993565322" lat="52.3569970" lon="4.9423531" />
  <node id="9993565323" lat="52.3569967" lon="4.9425746" />
  <node id="9993565324" lat="52.3569898" lon="4.9427090" />
  <node id="9993565325" lat="52.3569755" lon="4.9429144" />
  <node id="9993565326" lat="52.3569610" lon="4.9430778" />
  <node id="9993565327" lat="52.3569381" lon="4.9432931" />
  <node id="9993565328" lat="52.3568838" lon="4.9436475" />
  <node id="9993565329" lat="52.3568387" lon="4.9438279" />
  <node id="9993565330" lat="52.3560867" lon="4.9457188" />
  <node id="9993565331" lat="52.3559291" lon="4.9460930" />
  <node id="9993565332" lat="52.3557633" lon="4.9464855" />
  <node id="9993565333" lat="52.3556064" lon="4.9468580" />
  <node id="9993565334" lat="52.3555208" lon="4.9470614" />
  <node id="9993565335" lat="52.3554912" lon="4.9471353" />
  <node id="9993565336" lat="52.3553143" lon="4.9475520" />
  <node id="9993565337" lat="52.3553578" lon="4.9474494" />
  <node id="9993565338" lat="52.3552706" lon="4.9476595" />
  <node id="9993565339" lat="52.3551860" lon="4.9478607" />
  <node id="9993565340" lat="52.3550205" lon="4.9482507" />
  <node id="9993565341" lat="52.3548582" lon="4.9486336" />
  <node id="9993565342" lat="52.3547860" lon="4.9487666" />
  <node id="9993565343" lat="52.3547709" lon="4.9487966" />
  <node id="9993565344" lat="52.3546732" lon="4.9490281" />
  <node id="9993565345" lat="52.3545401" lon="4.9493453" />
  <node id="9993565346" lat="52.3543824" lon="4.9497212" />
  <node id="9993565347" lat="52.3542388" lon="4.9499766" />
  <node id="9993565348" lat="52.3541212" lon="4.9501176" />
  <node id="9993565349" lat="52.3541786" lon="4.9506040" />
  <node id="9993565350" lat="52.3541948" lon="4.9505607" />
  <node id="9993565351" lat="52.3542057" lon="4.9505215" />
  <node id="9993565352" lat="52.3542142" lon="4.9504807" />
  <node id="9993565353" lat="52.3542188" lon="4.9504489" />
  <node id="9993565354" lat="52.3542231" lon="4.9504109" />
  <node id="9993565355" lat="52.3542298" lon="4.9503281" />
  <node id="9993565356" lat="52.3542324" lon="4.9502966" />
  <node id="9993565357" lat="52.3542368" lon="4.9502751" />
  <node id="9993565358" lat="52.3542442" lon="4.9502536" />
  <node id="9993565359" lat="52.3542530" lon="4.9502367" />
  <node id="9993565360" lat="52.3542999" lon="4.9501560" />
  <node id="9993565361" lat="52.3543323" lon="4.9501020" />
  <node id="9993565362" lat="52.3543784" lon="4.9500263" />
  <node id="9993565363" lat="52.3544556" lon="4.9498853" />
  <node id="9993565364" lat="52.3544967" lon="4.9498148" />
  <node id="9993565365" lat="52.3545378" lon="4.9497391" />
  <node id="9993565366" lat="52.3545832" lon="4.9496497" />
  <node id="9993565367" lat="52.3546045" lon="4.9496052" />
  <node id="9993565368" lat="52.3546889" lon="4.9494104" />
  <node id="9993565369" lat="52.3547510" lon="4.9492543" />
  <node id="9993565370" lat="52.3548285" lon="4.9490722" />
  <node id="9993565371" lat="52.3548762" lon="4.9489598" />
  <node id="9993565372" lat="52.3549096" lon="4.9488782" />
  <node id="9993565373" lat="52.3549703" lon="4.9487289" />
  <node id="9993565374" lat="52.3549981" lon="4.9486641" />
  <node id="9993565375" lat="52.3550798" lon="4.9484747" />
  <node id="9993565376" lat="52.3551353" lon="4.9483426" />
  <node id="9993565377" lat="52.3552162" lon="4.9481535" />
  <node id="9993565378" lat="52.3552963" lon="4.9479708" />
  <node id="9993565379" lat="52.3553549" lon="4.9478210" />
  <node id="9993565380" lat="52.3554491" lon="4.9475941" />
  <node id="9993565381" lat="52.3555019" lon="4.9476114" />
  <node id="9993565382" lat="52.3554574" lon="4.9477191" />
  <node id="9993565383" lat="52.3554129" lon="4.9478250" />
  <node id="9993565384" lat="52.3554036" lon="4.9478549" />
  <node id="9993565385" lat="52.3553696" lon="4.9479658" />
  <node id="9993565386" lat="52.3553071" lon="4.9481538" />
  <node id="9993565387" lat="52.3553354" lon="4.9480763" />
  <node id="9993565388" lat="52.3553169" lon="4.9481268" />
  <node id="9993565389" lat="52.3553032" lon="4.9481661" />
  <node id="9993565390" lat="52.3552983" lon="4.9481860" />
  <node id="9993565391" lat="52.3552947" lon="4.9482049" />
  <node id="9993565392" lat="52.3552920" lon="4.9482251" />
  <node id="9993565393" lat="52.3552900" lon="4.9482530" />
  <node id="9993565394" lat="52.3552888" lon="4.9482707" />
  <node id="9993565395" lat="52.3552877" lon="4.9482858" />
  <node id="9993565396" lat="52.3552856" lon="4.9482984" />
  <node id="9993565397" lat="52.3552815" lon="4.9483118" />
  <node id="9993565398" lat="52.3552685" lon="4.9483383" />
  <node id="9993565399" lat="52.3552633" lon="4.9483483" />
  <node id="9993565400" lat="52.3552570" lon="4.9483573" />
  <node id="9993565401" lat="52.3552313" lon="4.9483889" />
  <node id="9993565402" lat="52.3551942" lon="4.9484381" />
  <node id="9993565403" lat="52.3551796" lon="4.9484608" />
  <node id="9993565404" lat="52.3551266" lon="4.9485605" />
  <node id="9993565405" lat="52.3550719" lon="4.9486615" />
  <node id="9993565406" lat="52.3550366" lon="4.9487471" />
  <node id="9993565407" lat="52.3549496" lon="4.9489562" />
  <node id="9993565408" lat="52.3548641" lon="4.9491609" />
  <node id="9993565409" lat="52.3547811" lon="4.9493587" />
  <node id="9993565410" lat="52.3546999" lon="4.9495528" />
  <node id="9993565411" lat="52.3546868" lon="4.9495834" />
  <node id="9993565426" lat="52.3542038" lon="4.9507344" />
  <node id="9993565427" lat="52.3541877" lon="4.9507337" />
  <node id="9993565428" lat="52.3541644" lon="4.9506965" />
  <node id="9993565429" lat="52.3541609" lon="4.9507026" />
  <node id="9993565430" lat="52.3541500" lon="4.9506814" />
  <node id="9993565444" lat="52.3551090" lon="4.9480432" />
  <node id="9993565449" lat="52.3555348" lon="4.9471856" />
  <node id="9993565450" lat="52.3555655" lon="4.9471136" />
  <node id="9993565451" lat="52.3555233" lon="4.9470643" />
  <node id="9993565460" lat="52.3561568" lon="4.9455520" />
  <node id="9993565461" lat="52.3562127" lon="4.9454215" />
  <node id="9993565462" lat="52.3563517" lon="4.9450902" />
  <node id="9993565463" lat="52.3564369" lon="4.9448859" />
  <node id="9993565464" lat="52.3565197" lon="4.9446883" />
  <node id="9993565465" lat="52.3566035" lon="4.9444893" />
  <node id="9993565466" lat="52.3567333" lon="4.9441573" />
  <node id="9993565467" lat="52.3567732" lon="4.9440415" />
  <node id="9993565468" lat="52.3567921" lon="4.9439797" />
  <node id="9993565469" lat="52.3568231" lon="4.9438810" />
  <node id="9993565471" lat="52.3569135" lon="4.9434937" />
  <node id="9993565472" lat="52.3569647" lon="4.9431910" />
  <node id="9993565473" lat="52.3569924" lon="4.9429542" />
  <node id="9993565474" lat="52.3569803" lon="4.9430693" />
  <node id="9993565475" lat="52.3570082" lon="4.9427099" />
  <node id="9993565476" lat="52.3570137" lon="4.9425703" />
  <node id="9993565477" lat="52.3570172" lon="4.9423963" />
  <node id="9993565478" lat="52.3570045" lon="4.9416648" />
  <node id="9993565479" lat="52.3570098" lon="4.9419306" />
  <node id="9993565480" lat="52.3570049" lon="4.9413955" />
  <node id="9993565481" lat="52.3570093" lon="4.9413853" />
  <node id="9993565482" lat="52.3570121" lon="4.9413765" />
  <node id="9993565483" lat="52.3570632" lon="4.9413405" />
  <node id="9993565484" lat="52.3570694" lon="4.9413341" />
  <node id="9993565485" lat="52.3570748" lon="4.9413274" />
  <node id="9993565486" lat="52.3570789" lon="4.9413199" />
  <node id="9993565487" lat="52.3570805" lon="4.9413119" />
  <node id="9993565488" lat="52.3570820" lon="4.9413041" />
  <node id="9993565489" lat="52.3570816" lon="4.9412064" />
  <node id="9993565490" lat="52.3570810" lon="4.9411964" />
  <node id="9993565491" lat="52.3570788" lon="4.9411887" />
  <node id="9993565492" lat="52.3570756" lon="4.9411826" />
  <node id="9993565501" lat="52.3569915" lon="4.9411095" />
  <node id="9993565502" lat="52.3570234" lon="4.9411069" />
  <node id="9993565503" lat="52.3570233" lon="4.9410932" />
  <node id="9993565504" lat="52.3569855" lon="4.9407383" />
  <node id="9993565506" lat="52.3569757" lon="4.9406484" />
  <node id="9993565507" lat="52.3569734" lon="4.9406542" />
  <node id="9993565511" lat="52.3569945" lon="4.9406883" />
  <node id="9993565512" lat="52.3569982" lon="4.9407182" />
  <node id="9993565514" lat="52.3569982" lon="4.9407026" />
  <node id="9993565515" lat="52.3569946" lon="4.9407325" />
  <node id="9993565516" lat="52.3570811" lon="4.9408304" />
  <node id="9993606887" lat="52.3571064" lon="4.9411008" />
  <node id="9993606888" lat="52.3571125" lon="4.9411308" />
  <node id="9993606889" lat="52.3571186" lon="4.9411274" />
  <node id="9993606890" lat="52.3571126" lon="4.9410974" />
  <node id="9994479770" lat="52.3564572" lon="4.9478986" />
  <node id="9994794604" lat="52.3571298" lon="4.9435800" />
  <node id="9994802905" lat="52.3547123" lon="4.9496306" />
  <node id="9994802914" lat="52.3565531" lon="4.9452731" />
  <node id="9994802915" lat="52.3564287" lon="4.9455646" />
  <node id="9994802916" lat="52.3562605" lon="4.9459617" />
  <node id="9994803817" lat="52.3560969" lon="4.9463527" />
  <node id="9994803818" lat="52.3559356" lon="4.9467370" />
  <node id="9994803819" lat="52.3557809" lon="4.9471077" />
  <node id="9994803820" lat="52.3556305" lon="4.9474638" />
  <node id="9994803821" lat="52.3554957" lon="4.9477817" />
  <node id="9994803822" lat="52.3553713" lon="4.9480840" />
  <node id="9994803823" lat="52.3553255" lon="4.9482023" />
  <node id="9994803824" lat="52.3553206" lon="4.9482264" />
  <node id="9994803825" lat="52.3553157" lon="4.9482688" />
  <node id="9994803826" lat="52.3553151" lon="4.9482872" />
  <node id="9994803827" lat="52.3553111" lon="4.9483056" />
  <node id="9994803828" lat="52.3553071" lon="4.9483188" />
  <node id="9994803829" lat="52.3553007" lon="4.9483346" />
  <node id="9994803830" lat="52.3552430" lon="4.9484304" />
  <node id="9994803831" lat="52.3552182" lon="4.9484789" />
  <node id="9994803832" lat="52.3552057" lon="4.9484995" />
  <node id="9994803833" lat="52.3551442" lon="4.9485931" />
  <node id="9994803834" lat="52.3551152" lon="4.9486461" />
  <node id="9994803835" lat="52.3550766" lon="4.9487843" />
  <node id="9994803836" lat="52.3550634" lon="4.9488494" />
  <node id="9994803837" lat="52.3550451" lon="4.9489392" />
  <node id="9994803838" lat="52.3550405" lon="4.9489640" />
  <node id="9994803839" lat="52.3550356" lon="4.9489859" />
  <node id="9994803840" lat="52.3550313" lon="4.9490010" />
  <node id="9994803841" lat="52.3550258" lon="4.9490163" />
  <node id="9994803842" lat="52.3550089" lon="4.9490536" />
  <node id="9994803843" lat="52.3549722" lon="4.9491368" />
  <node id="9994803844" lat="52.3549361" lon="4.9492189" />
  <node id="9994803845" lat="52.3549076" lon="4.9492830" />
  <node id="9994803846" lat="52.3548874" lon="4.9493293" />
  <node id="9994803847" lat="52.3548707" lon="4.9493672" />
  <node id="9994803848" lat="52.3548563" lon="4.9494002" />
  <node id="9994803849" lat="52.3548430" lon="4.9494309" />
  <node id="9994803850" lat="52.3548317" lon="4.9494528" />
  <node id="9994803851" lat="52.3547136" lon="4.9496330" />
  <node id="9994803882" lat="52.3570867" lon="4.9440036" />
  <node id="9994803883" lat="52.3570893" lon="4.9439847" />
  <node id="9994803884" lat="52.3571512" lon="4.9435826" />
  <node id="9994803885" lat="52.3571463" lon="4.9436155" />
  <node id="9994803896" lat="52.3570903" lon="4.9439774" />
  <node id="9994803897" lat="52.3571037" lon="4.9438941" />
  <node id="9994803898" lat="52.3571188" lon="4.9437961" />
  <node id="9994803899" lat="52.3571315" lon="4.9437134" />
  <node id="9994803900" lat="52.3571326" lon="4.9437059" />
  <node id="9994803901" lat="52.3571453" lon="4.9436226" />
  <node id="9994803903" lat="52.3570835" lon="4.9439826" />
  <node id="9994803904" lat="52.3570846" lon="4.9439753" />
  <node id="9994803907" lat="52.3570977" lon="4.9438917" />
  <node id="9994803908" lat="52.3570988" lon="4.9438840" />
  <node id="9994803911" lat="52.3571119" lon="4.9438013" />
  <node id="9994803912" lat="52.3571129" lon="4.9437939" />
  <node id="9994803915" lat="52.3571256" lon="4.9437108" />
  <node id="9994803916" lat="52.3571268" lon="4.9437034" />
  <node id="9994803919" lat="52.3571404" lon="4.9436207" />
  <node id="9994803920" lat="52.3571415" lon="4.9436135" />
  <node id="9994803922" lat="52.3541746" lon="4.9508785" />
  <node id="9994803923" lat="52.3541903" lon="4.9508950" />
  <node id="9994803924" lat="52.3542015" lon="4.9509049" />
  <node id="9994803925" lat="52.3542231" lon="4.9509177" />
  <node id="9994803926" lat="52.3542285" lon="4.9509191" />
  <node id="9994803927" lat="52.3542344" lon="4.9509177" />
  <node id="9994803928" lat="52.3542381" lon="4.9509139" />
  <node id="9994803929" lat="52.3542416" lon="4.9509080" />
  <node id="9994803930" lat="52.3544588" lon="4.9505420" />
  <node id="9994803931" lat="52.3552558" lon="4.9493234" />
  <node id="9994803932" lat="52.3570212" lon="4.9464975" />
  <node id="9994803933" lat="52.3572505" lon="4.9461272" />
  <node id="9994803934" lat="52.3572911" lon="4.9460603" />
  <node id="9994803935" lat="52.3573159" lon="4.9460211" />
  <node id="9994803936" lat="52.3573305" lon="4.9459947" />
  <node id="9994803937" lat="52.3573576" lon="4.9459424" />
  <node id="9994803938" lat="52.3573781" lon="4.9458938" />
  <node id="9994803939" lat="52.3574005" lon="4.9458353" />
  <node id="9994803940" lat="52.3574383" lon="4.9457207" />
  <node id="9994803941" lat="52.3574521" lon="4.9456636" />
  <node id="9994803942" lat="52.3574630" lon="4.9456085" />
  <node id="9994803943" lat="52.3574708" lon="4.9455570" />
  <node id="9994803944" lat="52.3574777" lon="4.9454962" />
  <node id="9994803945" lat="52.3574844" lon="4.9453840" />
  <node id="9994803946" lat="52.3574933" lon="4.9451703" />
  <node id="9994803947" lat="52.3575100" lon="4.9447676" />
  <node id="9994803948" lat="52.3575270" lon="4.9443823" />
  <node id="9994803949" lat="52.3575339" lon="4.9442785" />
  <node id="9994803950" lat="52.3578030" lon="4.9422458" />
  <node id="9994845644" lat="52.3553310" lon="4.9481842" />
  <node id="9994845645" lat="52.3553449" lon="4.9481499" />
  <node id="9994845651" lat="52.3553892" lon="4.9481517" />
  <node id="9994845652" lat="52.3555342" lon="4.9478032" />
  <node id="9994845653" lat="52.3555301" lon="4.9477987" />
  <node id="9994845654" lat="52.3555276" lon="4.9478048" />
  <node id="9994845657" lat="52.3555317" lon="4.9478094" />
  <node id="9994845658" lat="52.3555023" lon="4.9478804" />
  <node id="9994845659" lat="52.3554974" lon="4.9478747" />
  <node id="9994845660" lat="52.3554947" lon="4.9478811" />
  <node id="9994845663" lat="52.3554997" lon="4.9478868" />
  <node id="9994845664" lat="52.3554701" lon="4.9479578" />
  <node id="9994845665" lat="52.3554652" lon="4.9479521" />
  <node id="9994845666" lat="52.3554625" lon="4.9479584" />
  <node id="9994845667" lat="52.3554675" lon="4.9479643" />
  <node id="9994845670" lat="52.3559358" lon="4.9468435" />
  <node id="9994845671" lat="52.3559316" lon="4.9468389" />
  <node id="9994845672" lat="52.3559291" lon="4.9468451" />
  <node id="9994845675" lat="52.3559333" lon="4.9468496" />
  <node id="9994845676" lat="52.3559039" lon="4.9469207" />
  <node id="9994845677" lat="52.3558989" lon="4.9469150" />
  <node id="9994845678" lat="52.3558962" lon="4.9469213" />
  <node id="9994845681" lat="52.3559012" lon="4.9469270" />
  <node id="9994845682" lat="52.3558358" lon="4.9470829" />
  <node id="9994845683" lat="52.3558316" lon="4.9470783" />
  <node id="9994845684" lat="52.3558291" lon="4.9470844" />
  <node id="9994845685" lat="52.3558333" lon="4.9470890" />
  <node id="9994845688" lat="52.3558716" lon="4.9469980" />
  <node id="9994845689" lat="52.3558667" lon="4.9469924" />
  <node id="9994845690" lat="52.3558640" lon="4.9469987" />
  <node id="9994845691" lat="52.3558691" lon="4.9470045" />
  <node id="9994845694" lat="52.3563122" lon="4.9459459" />
  <node id="9994845695" lat="52.3562789" lon="4.9460242" />
  <node id="9994845696" lat="52.3562747" lon="4.9460196" />
  <node id="9994845697" lat="52.3562722" lon="4.9460257" />
  <node id="9994845698" lat="52.3562764" lon="4.9460303" />
  <node id="9994845701" lat="52.3562470" lon="4.9461013" />
  <node id="9994845702" lat="52.3562420" lon="4.9460957" />
  <node id="9994845703" lat="52.3562393" lon="4.9461020" />
  <node id="9994845704" lat="52.3562443" lon="4.9461077" />
  <node id="9994845707" lat="52.3563098" lon="4.9459337" />
  <node id="9994845708" lat="52.3563071" lon="4.9459400" />
  <node id="9994845711" lat="52.3563147" lon="4.9459393" />
  <node id="9994845712" lat="52.3563420" lon="4.9458563" />
  <node id="9994845713" lat="52.3563393" lon="4.9458627" />
  <node id="9994845714" lat="52.3563443" lon="4.9458684" />
  <node id="9994863017" lat="52.3563788" lon="4.9457848" />
  <node id="9994863018" lat="52.3563747" lon="4.9457802" />
  <node id="9994863019" lat="52.3563722" lon="4.9457864" />
  <node id="9994863022" lat="52.3563469" lon="4.9458620" />
  <node id="9994863023" lat="52.3563763" lon="4.9457909" />
  <node id="9994863024" lat="52.3565300" lon="4.9454954" />
  <node id="9994863025" lat="52.3565251" lon="4.9454899" />
  <node id="9994863026" lat="52.3565226" lon="4.9454960" />
  <node id="9994863029" lat="52.3565564" lon="4.9454124" />
  <node id="9994863030" lat="52.3565538" lon="4.9454184" />
  <node id="9994863031" lat="52.3565587" lon="4.9454239" />
  <node id="9994863034" lat="52.3565612" lon="4.9454178" />
  <node id="9994863035" lat="52.3565875" lon="4.9453341" />
  <node id="9994863036" lat="52.3565849" lon="4.9453402" />
  <node id="9994863037" lat="52.3565898" lon="4.9453456" />
  <node id="9999155125" lat="52.3565985" lon="4.9453239" />
  <node id="9999155126" lat="52.3565922" lon="4.9453394" />
  <node id="9999155127" lat="52.3565205" lon="4.9455185" />
  <node id="9999155128" lat="52.3565275" lon="4.9455016" />
  <node id="9999671582" lat="52.3559741" lon="4.9483052">
    <tag k="amenity" v="charging_station" />
    <tag k="amperage" v="16" />
    <tag k="authentication:membership_card" v="yes" />
    <tag k="authentication:nfc" v="yes" />
    <tag k="capacity" v="2" />
    <tag k="fee" v="yes" />
    <tag k="motorcar" v="yes" />
    <tag k="socket:type2" v="2" />
    <tag k="voltage" v="230" />
  </node>
  <node id="9999671585" lat="52.3559363" lon="4.9483650" />
  <node id="9999671586" lat="52.3560118" lon="4.9482454" />
  <node id="9999671608" lat="52.3562001" lon="4.9479397" />
  <node id="9999671609" lat="52.3565112" lon="4.9474357" />
  <node id="9999671610" lat="52.3565117" lon="4.9474364" />
  <node id="9999671611" lat="52.3565255" lon="4.9474127" />
  <node id="9999671612" lat="52.3561993" lon="4.9479411" />
  <node id="9999671613" lat="52.3561863" lon="4.9479196" />
  <node id="9999671614" lat="52.3565130" lon="4.9473919" />
  <node id="9999692120" lat="52.3560171" lon="4.9482113">
    <tag k="amenity" v="recycling" />
    <tag k="recycling:waste" v="yes" />
    <tag k="recycling_type" v="container" />
  </node>
  <node id="9999692121" lat="52.3560295" lon="4.9481906">
    <tag k="amenity" v="recycling" />
    <tag k="recycling:waste" v="yes" />
    <tag k="recycling_type" v="container" />
  </node>
  <node id="9999692122" lat="52.3560424" lon="4.9481698">
    <tag k="amenity" v="recycling" />
    <tag k="recycling:waste" v="yes" />
    <tag k="recycling_type" v="container" />
  </node>
  <node id="9999695097" lat="52.3559459" lon="4.9483831" />
  <node id="9999695098" lat="52.3559463" lon="4.9483852" />
  <node id="9999695099" lat="52.3559462" lon="4.9483870" />
  <node id="9999695100" lat="52.3558352" lon="4.9485436" />
  <node id="9999695101" lat="52.3557442" lon="4.9486735" />
  <node id="9999695102" lat="52.3557319" lon="4.9486532" />
  <node id="9999695103" lat="52.3559993" lon="4.9482208" />
  <node id="9999695104" lat="52.3560129" lon="4.9482438" />
  <node id="9999695106" lat="52.3552566" lon="4.9484292" />
  <node id="9999695107" lat="52.3553396" lon="4.9485658" />
  <node id="9999723718" lat="52.3553467" lon="4.9484591" />
  <node id="9999723719" lat="52.3553548" lon="4.9484693" />
  <node id="9999723720" lat="52.3553520" lon="4.9484627" />
  <node id="9999723721" lat="52.3553552" lon="4.9484773" />
  <node id="9999723722" lat="52.3553428" lon="4.9485636" />
  <node id="9999723723" lat="52.3553365" lon="4.9485678" />
  <node id="9999723724" lat="52.3553293" lon="4.9485645" />
  <node id="9999723725" lat="52.3552933" lon="4.9484984" />
  <node id="9999723726" lat="52.3552958" lon="4.9484859" />
  <node id="9999723727" lat="52.3552947" lon="4.9485051" />
  <node id="9999723728" lat="52.3552938" lon="4.9484914" />
  <node id="9999723729" lat="52.3552990" lon="4.9484820" />
  <node id="9999723730" lat="52.3553411" lon="4.9484613" />
  <node id="9999723782" lat="52.3556084" lon="4.9486933">
    <tag k="amenity" v="waste_basket" />
    <tag k="waste" v="trash" />
  </node>
  <node id="9999723799" lat="52.3558760" lon="4.9469874">
    <tag k="entrance" v="yes" />
  </node>
  <node id="9999723800" lat="52.3565541" lon="4.9454354">
    <tag k="entrance" v="yes" />
  </node>
  <node id="9999723801" lat="52.3552823" lon="4.9484268" />
  <node id="9999723802" lat="52.3553071" lon="4.9484268" />
  <node id="9999723803" lat="52.3553293" lon="4.9484207" />
  <node id="9999723804" lat="52.3553373" lon="4.9484141" />
  <node id="9999723805" lat="52.3553699" lon="4.9483768" />
  <node id="9999723806" lat="52.3553944" lon="4.9483419" />
  <node id="9999723807" lat="52.3553716" lon="4.9483009" />
  <node id="9999723808" lat="52.3553650" lon="4.9482203" />
  <node id="9999723809" lat="52.3553520" lon="4.9483995" />
  <node id="9999753478" lat="52.3547448" lon="4.9483221">
    <tag k="amenity" v="waste_basket" />
    <tag k="waste" v="trash" />
  </node>
  <node id="9999779629" lat="52.3552205" lon="4.9488480" />
  <node id="9999779630" lat="52.3552228" lon="4.9488386" />
  <node id="9999779631" lat="52.3552238" lon="4.9488275" />
  <node id="9999779632" lat="52.3552237" lon="4.9488164" />
  <node id="9999779633" lat="52.3551618" lon="4.9486968" />
  <node id="9999779634" lat="52.3551550" lon="4.9486921" />
  <node id="9999779635" lat="52.3551471" lon="4.9486890" />
  <node id="9999779636" lat="52.3551394" lon="4.9486900" />
  <node id="9999779637" lat="52.3551325" lon="4.9486940" />
  <node id="9999779638" lat="52.3551253" lon="4.9487008" />
  <node id="9999779639" lat="52.3550918" lon="4.9487973" />
  <node id="9999779640" lat="52.3550781" lon="4.9488421" />
  <node id="9999779641" lat="52.3550533" lon="4.9489517" />
  <node id="9999779642" lat="52.3550481" lon="4.9489956" />
  <node id="9999779643" lat="52.3550481" lon="4.9490107" />
  <node id="9999779644" lat="52.3550491" lon="4.9490182" />
  <node id="9999779645" lat="52.3550524" lon="4.9490293" />
  <node id="9999779646" lat="52.3550572" lon="4.9490388" />
  <node id="9999779647" lat="52.3550635" lon="4.9490463" />
  <node id="9999779648" lat="52.3550694" lon="4.9490505" />
  <node id="9999779649" lat="52.3550756" lon="4.9490517" />
  <node id="9999779650" lat="52.3550817" lon="4.9490515" />
  <node id="9999779651" lat="52.3550877" lon="4.9490484" />
  <node id="9999779652" lat="52.3550935" lon="4.9490435" />
  <node id="9999779653" lat="52.3550980" lon="4.9490378" />
  <node id="9999779655" lat="52.3552038" lon="4.9485024" />
  <node id="10001575665" lat="52.3552184" lon="4.9494797">
    <tag k="amenity" v="recycling" />
    <tag k="recycling:glass_bottles" v="yes" />
    <tag k="recycling_type" v="container" />
  </node>
  <node id="10001575666" lat="52.3552330" lon="4.9494566">
    <tag k="amenity" v="recycling" />
    <tag k="recycling:books" v="yes" />
    <tag k="recycling:cardboard" v="yes" />
    <tag k="recycling:magazines" v="yes" />
    <tag k="recycling:newspaper" v="yes" />
    <tag k="recycling:paper" v="yes" />
    <tag k="recycling:paper_packaging" v="yes" />
    <tag k="recycling_type" v="container" />
  </node>
  <node id="10001575667" lat="52.3552479" lon="4.9494337">
    <tag k="amenity" v="recycling" />
    <tag k="recycling:waste" v="yes" />
    <tag k="recycling_type" v="container" />
  </node>
  <node id="10001575668" lat="52.3552626" lon="4.9494106">
    <tag k="amenity" v="recycling" />
    <tag k="recycling:waste" v="yes" />
    <tag k="recycling_type" v="container" />
  </node>
  <node id="10001575669" lat="52.3553660" lon="4.9492835" />
  <node id="10001575670" lat="52.3553258" lon="4.9493448" />
  <node id="10001575671" lat="52.3553905" lon="4.9491904" />
  <node id="10001575672" lat="52.3554088" lon="4.9492154" />
  <node id="10001575673" lat="52.3555270" lon="4.9490267" />
  <node id="10001575674" lat="52.3552858" lon="4.9494044" />
  <node id="10001575675" lat="52.3552691" lon="4.9493752" />
  <node id="10001575676" lat="52.3555129" lon="4.9490020" />
  <node id="10001575720" lat="52.3555544" lon="4.9489357" />
  <node id="10001575721" lat="52.3555688" lon="4.9489593" />
  <node id="10001575722" lat="52.3556413" lon="4.9488320" />
  <node id="10001575723" lat="52.3556343" lon="4.9488183" />
  <node id="10001575724" lat="52.3556408" lon="4.9488416" />
  <node id="10001575725" lat="52.3556388" lon="4.9488232" />
  <node id="10001575726" lat="52.3556290" lon="4.9488173" />
  <node id="10001575727" lat="52.3556671" lon="4.9487896" />
  <node id="10001575728" lat="52.3556591" lon="4.9487789" />
  <node id="10001575729" lat="52.3556732" lon="4.9487888" />
  <node id="10001575730" lat="52.3556617" lon="4.9487850" />
  <node id="10001575731" lat="52.3556582" lon="4.9487716" />
  <node id="10001575732" lat="52.3557162" lon="4.9486787" />
  <node id="10001575733" lat="52.3557285" lon="4.9486990" />
  <node id="10001575734" lat="52.3553566" lon="4.9493686" />
  <node id="10001575735" lat="52.3554351" lon="4.9492458" />
  <node id="10002037619" lat="52.3547207" lon="4.9502365">
    <tag k="amenity" v="recycling" />
    <tag k="recycling:glass_bottles" v="yes" />
    <tag k="recycling_type" v="container" />
  </node>
  <node id="10002037620" lat="52.3547354" lon="4.9502134">
    <tag k="amenity" v="recycling" />
    <tag k="recycling:books" v="yes" />
    <tag k="recycling:cardboard" v="yes" />
    <tag k="recycling:magazines" v="yes" />
    <tag k="recycling:newspaper" v="yes" />
    <tag k="recycling:paper" v="yes" />
    <tag k="recycling:paper_packaging" v="yes" />
    <tag k="recycling_type" v="container" />
  </node>
  <node id="10002037621" lat="52.3547499" lon="4.9501934">
    <tag k="amenity" v="recycling" />
    <tag k="recycling:waste" v="yes" />
    <tag k="recycling_type" v="container" />
  </node>
  <node id="10002037622" lat="52.3547629" lon="4.9501726">
    <tag k="amenity" v="recycling" />
    <tag k="recycling:waste" v="yes" />
    <tag k="recycling_type" v="container" />
  </node>
  <node id="10002037635" lat="52.3550431" lon="4.9497330" />
  <node id="10002037651" lat="52.3548360" lon="4.9500806" />
  <node id="10002037652" lat="52.3548946" lon="4.9499926" />
  <node id="10002037653" lat="52.3550544" lon="4.9497528" />
  <node id="10002037654" lat="52.3547819" lon="4.9501683" />
  <node id="10002037655" lat="52.3547670" lon="4.9501421" />
  <node id="10002037656" lat="52.3550395" lon="4.9497266" />
  <node id="10025345640" lat="52.3493254" lon="4.9595056" />
  <node id="10033937733" lat="52.3507765" lon="4.9560729" />
  <node id="10033937734" lat="52.3507713" lon="4.9560849" />
  <node id="10033937735" lat="52.3490948" lon="4.9601228" />
  <node id="10033937736" lat="52.3490743" lon="4.9601038" />
  <node id="10033937737" lat="52.3494562" lon="4.9591966" />
  <node id="10033937738" lat="52.3496288" lon="4.9587887" />
  <node id="10033937739" lat="52.3497993" lon="4.9583822" />
  <node id="10033937740" lat="52.3499698" lon="4.9579761" />
  <node id="10033937741" lat="52.3501395" lon="4.9575724" />
  <node id="10033937742" lat="52.3503083" lon="4.9571748" />
  <node id="10033937744" lat="52.3506295" lon="4.9564113" />
  <node id="10033937745" lat="52.3507745" lon="4.9560776" />
  <node id="10033937746" lat="52.3509159" lon="4.9557553" />
  <node id="10033937747" lat="52.3509977" lon="4.9555633" />
  <node id="10033937748" lat="52.3510323" lon="4.9554926" />
  <node id="10033937749" lat="52.3511170" lon="4.9553204" />
  <node id="10033937750" lat="52.3511864" lon="4.9551973" />
  <node id="10033937751" lat="52.3513299" lon="4.9549408" />
  <node id="10033937752" lat="52.3514376" lon="4.9547517" />
  <node id="10033937753" lat="52.3514629" lon="4.9547045" />
  <node id="10033937754" lat="52.3515952" lon="4.9544588" />
  <node id="10033937755" lat="52.3516813" lon="4.9542956" />
  <node id="10033937756" lat="52.3517712" lon="4.9541287" />
  <node id="10033937757" lat="52.3518253" lon="4.9540249" />
  <node id="10033937798" lat="52.3518730" lon="4.9539874" />
  <node id="10033940749" lat="52.3519682" lon="4.9541291" />
  <node id="10033940782" lat="52.3521396" lon="4.9542098" />
  <node id="10033995949" lat="52.3499214" lon="4.9556494">
    <tag k="barrier" v="gate" />
  </node>
  <node id="10033995955" lat="52.3501800" lon="4.9550433" />
  <node id="10754699884" lat="52.3479264" lon="4.9615546" />
  <node id="10897733234" lat="52.3876872" lon="4.8219232" />
  <node id="10897733235" lat="52.3876718" lon="4.8203806" />
  <node id="10897733239" lat="52.3876781" lon="4.8210940" />
  <node id="10897733245" lat="52.3876212" lon="4.8219721" />
  <node id="10897733257" lat="52.3876627" lon="4.8206503" />
  <node id="11112533998" lat="52.4459167" lon="4.8373137">
    <tag k="amenity" v="bench" />
    <tag k="backrest" v="yes" />
    <tag k="check_date" v="2026-08-25" />
  </node>
  <node id="11112533999" lat="52.4452909" lon="4.8377804" />
  <node id="11112534000" lat="52.4453751" lon="4.8377321" />
  <node id="11112534001" lat="52.4457180" lon="4.8374206" />
  <node id="11112534002" lat="52.4457342" lon="4.8374210" />
  <node id="11432779753" lat="52.2922214" lon="5.0728328" />
  <node id="11432779755" lat="52.2940837" lon="5.0701631" />
  <node id="11432779756" lat="52.2924598" lon="5.0724455" />
  <node id="11432779757" lat="52.2938152" lon="5.0693089" />
  <node id="11432779759" lat="52.2941427" lon="5.0697537" />
  <node id="11432832851" lat="52.2948892" lon="5.0720106" />
  <node id="11432832854" lat="52.2941103" lon="5.0702288" />
  <node id="11432832861" lat="52.2945125" lon="5.0713893" />
  <node id="11432832862" lat="52.2948125" lon="5.0719278" />
  <node id="11432833169" lat="52.2943095" lon="5.0708931" />
  <node id="11432833171" lat="52.2940372" lon="5.0701065" />
  <node id="11432836094" lat="52.2923794" lon="5.0730072" />
  <node id="11432836096" lat="52.2928205" lon="5.0730267" />
  <node id="11432836097" lat="52.2928049" lon="5.0729861" />
  <node id="11432836098" lat="52.2933207" lon="5.0722768" />
  <node id="11432836099" lat="52.2936864" lon="5.0717156" />
  <node id="11432836100" lat="52.2927224" lon="5.0731078" />
  <node id="11432836101" lat="52.2923792" lon="5.0730003" />
  <node id="11432836102" lat="52.2924738" lon="5.0730361" />
  <node id="11432836103" lat="52.2925943" lon="5.0730748" />
  <node id="11432836104" lat="52.2926379" lon="5.0731423" />
  <node id="11432836105" lat="52.2926157" lon="5.0731286" />
  <node id="11432836106" lat="52.2925430" lon="5.0731041" />
  <node id="11432836107" lat="52.2924778" lon="5.0730833" />
  <node id="11432836108" lat="52.2924034" lon="5.0730399" />
  <node id="11432836109" lat="52.2931678" lon="5.0734559" />
  <node id="11432836110" lat="52.2931303" lon="5.0734493" />
  <node id="11432836111" lat="52.2931620" lon="5.0734974" />
  <node id="11432836112" lat="52.2932734" lon="5.0737445" />
  <node id="11432836113" lat="52.2933507" lon="5.0738747" />
  <node id="11432836114" lat="52.2927080" lon="5.0731889" />
  <node id="11638960592" lat="52.3870688" lon="4.8239435" />
  <node id="11638960593" lat="52.3872030" lon="4.8239449" />
  <node id="11638960594" lat="52.3872014" lon="4.8238389" />
  <node id="11638960595" lat="52.3873913" lon="4.8238295" />
  <node id="11638960596" lat="52.3873669" lon="4.8223034" />
  <node id="11638960597" lat="52.3872861" lon="4.8223047" />
  <node id="11638960598" lat="52.3872918" lon="4.8229524" />
  <node id="11638960599" lat="52.3873070" lon="4.8229531" />
  <node id="11638960600" lat="52.3873057" lon="4.8231348" />
  <node id="11638960601" lat="52.3872898" lon="4.8231355" />
  <node id="11638960602" lat="52.3872939" lon="4.8237973" />
  <node id="11638960603" lat="52.3867397" lon="4.8238094" />
  <node id="11638960604" lat="52.3867410" lon="4.8239449" />
  <node id="11687526525" lat="52.3893471" lon="4.8367283" />
  <node id="12161816580" lat="52.2937732" lon="5.0692900" />
  <node id="12161816585" lat="52.2936517" lon="5.0691410" />
  <node id="12258219099" lat="52.3572682" lon="4.9495590" />
  <node id="12258219100" lat="52.3572666" lon="4.9496274" />
  <node id="12258302304" lat="52.3568250" lon="4.9505039" />
  <node id="12258302305" lat="52.3568333" lon="4.9503993" />
  <node id="12258302306" lat="52.3568570" lon="4.9503087" />
  <node id="12258302307" lat="52.3568750" lon="4.9498380" />
  <node id="12258302308" lat="52.3570176" lon="4.9496060" />
  <node id="12258302309" lat="52.3570954" lon="4.9495362" />
  <node id="12258302312" lat="52.3568857" lon="4.9498206" />
  <node id="12373787421" lat="52.3525612" lon="4.9493642">
    <tag k="access" v="no" />
    <tag k="barrier" v="swing_gate" />
  </node>
  <node id="12401771267" lat="52.3544371" lon="4.9482314">
    <tag k="operator" v="Derden - Overig - NS Onderhoud &amp; Service (vastgesteld op 03-04-2018)" />
    <tag k="railway" v="signal" />
    <tag k="railway:position:exact" v="905.082514" />
    <tag k="railway:signal:direction" v="backward" />
    <tag k="railway:signal:position" v="left" />
    <tag k="railway:signal:speed_limit" v="NL:314" />
    <tag k="railway:signal:speed_limit:form" v="sign" />
    <tag k="railway:signal:speed_limit:speed" v="5" />
    <tag k="source" v="ProRail" />
  </node>
  <node id="12401771272" lat="52.3545631" lon="4.9483714">
    <tag k="operator" v="Derden - Overig - NS Onderhoud &amp; Service (vastgesteld op 03-04-2018)" />
    <tag k="railway" v="signal" />
    <tag k="railway:position:exact" v="905.082226" />
    <tag k="railway:signal:direction" v="backward" />
    <tag k="railway:signal:position" v="left" />
    <tag k="railway:signal:speed_limit" v="NL:314" />
    <tag k="railway:signal:speed_limit:form" v="sign" />
    <tag k="railway:signal:speed_limit:speed" v="5" />
    <tag k="source" v="ProRail" />
  </node>
  <node id="12401771287" lat="52.3544925" lon="4.9483189">
    <tag k="operator" v="Derden - Overig - NS Onderhoud &amp; Service (vastgesteld op 03-04-2018)" />
    <tag k="railway" v="signal" />
    <tag k="railway:position:exact" v="905.083788" />
    <tag k="railway:signal:direction" v="backward" />
    <tag k="railway:signal:position" v="left" />
    <tag k="railway:signal:speed_limit" v="NL:314" />
    <tag k="railway:signal:speed_limit:form" v="sign" />
    <tag k="railway:signal:speed_limit:speed" v="5" />
    <tag k="source" v="ProRail" />
  </node>
  <node id="12420861270" lat="52.2905110" lon="5.0718667" />
  <node id="12420861271" lat="52.2912499" lon="5.0723375" />
  <node id="12601530914" lat="52.2913633" lon="5.0718487" />
  <node id="12601530915" lat="52.2915234" lon="5.0710615" />
  <node id="12777200879" lat="52.3567367" lon="4.9505639" />
  <node id="12777200880" lat="52.3567341" lon="4.9505834" />
  <node id="12777200881" lat="52.3567259" lon="4.9505988" />
  <node id="12777200882" lat="52.3566696" lon="4.9506561" />
  <node id="12777200883" lat="52.3566581" lon="4.9506672" />
  <node id="12777200884" lat="52.3566487" lon="4.9506672" />
  <node id="12777201228" lat="52.3573932" lon="4.9495683" />
  <node id="12777201229" lat="52.3573478" lon="4.9495634" />
  <node id="12777201230" lat="52.3573420" lon="4.9495695" />
  <node id="12777201231" lat="52.3573420" lon="4.9495889" />
  <node id="12777201232" lat="52.3573138" lon="4.9496399" />
  <node id="12777201233" lat="52.3568465" lon="4.9503111" />
  <node id="12777201234" lat="52.3568432" lon="4.9503420" />
  <node id="12777201235" lat="52.3568342" lon="4.9503379" />
  <node id="12777201236" lat="52.3568215" lon="4.9505109" />
  <node id="12777201237" lat="52.3568055" lon="4.9505116" />
  <node id="12777201238" lat="52.3567969" lon="4.9505062" />
  <node id="12777201239" lat="52.3567879" lon="4.9504814" />
  <node id="12777201240" lat="52.3567867" lon="4.9504559" />
  <node id="12777201241" lat="52.3567884" lon="4.9503327" />
  <node id="12777201244" lat="52.3573440" lon="4.9494372">
    <tag k="barrier" v="gate" />
  </node>
  <node id="12777201247" lat="52.3573979" lon="4.9494434" />
  <node id="12777201248" lat="52.3570463" lon="4.9494032" />
  <node id="12777201249" lat="52.3570304" lon="4.9494206" />
  <node id="12777201250" lat="52.3568044" lon="4.9497787" />
  <node id="12777201251" lat="52.3567853" lon="4.9502452" />
  <node id="12777201252" lat="52.3568592" lon="4.9502503" />
  <node id="12777207656" lat="52.3557325" lon="4.9519506" />
  <node id="12777207657" lat="52.3557366" lon="4.9519030" />
  <node id="12777207658" lat="52.3557317" lon="4.9518654" />
  <node id="12777207659" lat="52.3556764" lon="4.9516757" />
  <node id="12777207660" lat="52.3556662" lon="4.9516468" />
  <node id="12777207661" lat="52.3556482" lon="4.9516227" />
  <node id="12777207662" lat="52.3556273" lon="4.9516039" />
  <node id="12777207663" lat="52.3556725" lon="4.9515945" />
  <node id="12777207664" lat="52.3557473" lon="4.9515201" />
  <node id="12777207665" lat="52.3557661" lon="4.9515174" />
  <node id="12777207666" lat="52.3557780" lon="4.9515054" />
  <node id="12777207667" lat="52.3553435" lon="4.9506323" />
  <node id="12777207668" lat="52.3553345" lon="4.9506558" />
  <node id="12777207669" lat="52.3553341" lon="4.9506786" />
  <node id="12777207670" lat="52.3553373" lon="4.9506933" />
  <node id="12777207675" lat="52.3550933" lon="4.9504214" />
  <node id="12777207676" lat="52.3552595" lon="4.9502813" />
  <node id="12777207677" lat="52.3552550" lon="4.9502943" />
  <node id="12777207678" lat="52.3552427" lon="4.9504861" />
  <node id="12777207679" lat="52.3552388" lon="4.9505012" />
  <node id="12777207680" lat="52.3552315" lon="4.9505129" />
  <node id="12777207681" lat="52.3552216" lon="4.9505217" />
  <node id="12777207682" lat="52.3551671" lon="4.9503113" />
  <node id="12777207684" lat="52.3560295" lon="4.9515992" />
  <node id="12777207685" lat="52.3560155" lon="4.9515791" />
  <node id="12777207686" lat="52.3559922" lon="4.9514779" />
  <node id="12777207687" lat="52.3559926" lon="4.9515020" />
  <node id="12777207688" lat="52.3559967" lon="4.9514611" />
  <node id="12777207689" lat="52.3560045" lon="4.9515409" />
  <node id="12777207690" lat="52.3560481" lon="4.9516167" />
  <node id="13090667815" lat="52.3878944" lon="4.8197980" />
  <node id="13090667832" lat="52.3885011" lon="4.8194971" />
  <node id="13090667833" lat="52.3885012" lon="4.8195922" />
  <node id="13090667834" lat="52.3879790" lon="4.8201294" />
  <node id="13090667835" lat="52.3884401" lon="4.8197732" />
  <node id="13342196413" lat="52.3887146" lon="4.8367249" />
  <node id="13342196414" lat="52.3887023" lon="4.8367266" />
  <node id="13689415478" lat="52.3887015" lon="4.8364423" />
  <node id="13801258865" lat="52.2913822" lon="5.0705608" />
  <node id="13801258868" lat="52.2914804" lon="5.0706056" />
  <node id="13801258869" lat="52.2916449" lon="5.0703581" />
  <node id="13801258870" lat="52.2916682" lon="5.0704020" />
  <node id="13804981936" lat="52.2871893" lon="5.0694570" />
  <node id="13804981947" lat="52.2871047" lon="5.0693575" />
  <node id="13804981952" lat="52.2869687" lon="5.0692110" />
  <node id="13804981959" lat="52.2871406" lon="5.0694200" />
  <node id="13805050040" lat="52.2903918" lon="5.0669861" />
  <node id="13805050041" lat="52.2912062" lon="5.0684138" />
  <node id="13805050043" lat="52.2910312" lon="5.0681073" />
  <node id="13805050044" lat="52.2904889" lon="5.0671437" />
  <node id="13805050045" lat="52.2908341" lon="5.0677704" />
  <node id="13805050046" lat="52.2903694" lon="5.0669659" />
  <node id="13805050047" lat="52.2905570" lon="5.0672652" />
  <node id="13806078052" lat="52.2903748" lon="5.0690573" />
  <node id="13806078056" lat="52.2903716" lon="5.0688230" />
  <node id="13806079141" lat="52.2912997" lon="5.0704571" />
  <node id="13806079147" lat="52.2912482" lon="5.0705572" />
  <node id="13806079148" lat="52.2911400" lon="5.0703366" />
  <node id="13806079154" lat="52.2904124" lon="5.0690929" />
  <node id="13806079156" lat="52.2905608" lon="5.0692388" />
  <node id="13806079158" lat="52.2904888" lon="5.0691494" />
  <node id="13806081949" lat="52.2890187" lon="5.0688776" />
  <node id="13806086847" lat="52.2874359" lon="5.0698365" />
  <node id="13806086850" lat="52.2893131" lon="5.0709758" />
  <node id="13806086851" lat="52.2874345" lon="5.0697899" />
  <node id="13806086852" lat="52.2901164" lon="5.0716198" />
  <node id="13806086854" lat="52.2876154" lon="5.0700350" />
  <node id="13806086856" lat="52.2902971" lon="5.0716221" />
  <node id="13806086857" lat="52.2873751" lon="5.0697390" />
  <node id="13806086858" lat="52.2892649" lon="5.0709348" />
  <node id="13806086859" lat="52.2877755" lon="5.0701594" />
  <node id="13806086861" lat="52.2878410" lon="5.0699288" />
  <node id="13806086862" lat="52.2895510" lon="5.0714862" />
  <node id="13806086863" lat="52.2893768" lon="5.0710609" />
  <node id="13806086865" lat="52.2894544" lon="5.0712120" />
  <node id="13806086866" lat="52.2897516" lon="5.0715848" />
  <node id="13806086867" lat="52.2889208" lon="5.0708540" />
  <node id="13806086868" lat="52.2879721" lon="5.0705446" />
  <node id="13806086870" lat="52.2894974" lon="5.0713662" />
  <node id="13806086873" lat="52.2889963" lon="5.0708509" />
  <node id="13806086875" lat="52.2885177" lon="5.0710689" />
  <node id="13806086876" lat="52.2873904" lon="5.0697292" />
  <node id="13806086877" lat="52.2896061" lon="5.0715458" />
  <node id="13806086879" lat="52.2891564" lon="5.0708826" />
  <node id="13806086880" lat="52.2884254" lon="5.0710487" />
  <node id="13806086882" lat="52.2886227" lon="5.0710235" />
  <node id="13806086883" lat="52.2882327" lon="5.0708618" />
  <node id="13806090720" lat="52.2913361" lon="5.0707987" />
  <way id="35401800">
    <nd ref="9992794388" />
    <nd ref="9992794389" />
    <nd ref="9992794390" />
    <nd ref="9992794391" />
    <nd ref="9992794392" />
    <nd ref="9992794393" />
    <nd ref="9992794394" />
    <nd ref="9992794395" />
    <nd ref="9992794396" />
    <nd ref="2001415525" />
    <nd ref="2001415495" />
    <nd ref="1574274426" />
    <nd ref="9992794397" />
    <nd ref="9992794398" />
    <nd ref="9992794399" />
    <nd ref="9992794400" />
    <nd ref="9993565291" />
    <nd ref="9992794401" />
    <nd ref="9992794402" />
    <nd ref="9992794403" />
    <nd ref="2001416175" />
    <nd ref="9992794404" />
    <nd ref="9992794405" />
    <nd ref="9992794406" />
    <nd ref="9992794407" />
    <nd ref="9992794408" />
    <nd ref="9992794409" />
    <nd ref="9992794410" />
    <nd ref="2001415722" />
    <nd ref="9992794411" />
    <nd ref="9992794412" />
    <nd ref="9992794413" />
    <nd ref="9992794414" />
    <nd ref="876412059" />
    <nd ref="9992794415" />
    <nd ref="9992794416" />
    <nd ref="9992794417" />
    <nd ref="9992794418" />
    <nd ref="9992794419" />
    <nd ref="9992794420" />
    <nd ref="9992794421" />
    <nd ref="9992794422" />
    <nd ref="9992794423" />
    <nd ref="9992794424" />
    <nd ref="9992794425" />
    <nd ref="1574274415" />
    <nd ref="9992794426" />
    <nd ref="2001415960" />
    <nd ref="2001415513" />
    <nd ref="9994803950" />
    <nd ref="415299112" />
    <nd ref="415299113" />
    <nd ref="9994803949" />
    <nd ref="9994803948" />
    <nd ref="9994803947" />
    <nd ref="9994803946" />
    <nd ref="9994803945" />
    <nd ref="9994803944" />
    <nd ref="9994803943" />
    <nd ref="9994803942" />
    <nd ref="9994803941" />
    <nd ref="9994803940" />
    <nd ref="415299116" />
    <nd ref="9994803939" />
    <nd ref="9994803938" />
    <nd ref="9994803937" />
    <nd ref="9994803936" />
    <nd ref="9994803935" />
    <nd ref="9994803934" />
    <nd ref="9994803933" />
    <nd ref="9994803932" />
    <nd ref="415299115" />
    <nd ref="415299114" />
    <nd ref="9994803931" />
    <nd ref="9994803930" />
    <nd ref="9994803929" />
    <nd ref="9994803928" />
    <nd ref="9994803927" />
    <nd ref="9994803926" />
    <nd ref="9994803925" />
    <nd ref="9994803924" />
    <nd ref="9994803923" />
    <nd ref="9994803922" />
    <nd ref="6423620332" />
    <nd ref="9993565426" />
    <nd ref="9993565427" />
    <nd ref="9993565428" />
    <nd ref="9993565429" />
    <nd ref="9993565430" />
    <nd ref="9993565349" />
    <nd ref="9993565350" />
    <nd ref="9993565351" />
    <nd ref="9993565352" />
    <nd ref="9993565353" />
    <nd ref="9993565354" />
    <nd ref="9993565355" />
    <nd ref="9993565356" />
    <nd ref="9993565357" />
    <nd ref="9993565358" />
    <nd ref="9993565359" />
    <nd ref="9993565360" />
    <nd ref="9993565361" />
    <nd ref="9993565362" />
    <nd ref="9993565363" />
    <nd ref="9993565364" />
    <nd ref="9993565365" />
    <nd ref="9993565366" />
    <nd ref="9993565367" />
    <nd ref="9993565368" />
    <nd ref="9993565369" />
    <nd ref="9993565370" />
    <nd ref="9993565371" />
    <nd ref="9993565372" />
    <nd ref="9993565373" />
    <nd ref="9993565374" />
    <nd ref="9993565375" />
    <nd ref="9993565376" />
    <nd ref="9993565377" />
    <nd ref="9993565378" />
    <nd ref="9993565379" />
    <nd ref="9993565380" />
    <nd ref="9992794356" />
    <nd ref="9992794357" />
    <nd ref="9992794358" />
    <nd ref="9992794359" />
    <nd ref="9992794360" />
    <nd ref="9992794361" />
    <nd ref="9992794362" />
    <nd ref="9992794363" />
    <nd ref="9992794364" />
    <nd ref="9992794365" />
    <nd ref="9992794366" />
    <nd ref="9992794367" />
    <nd ref="9992794368" />
    <nd ref="9992794369" />
    <nd ref="9992794370" />
    <nd ref="9992794371" />
    <nd ref="9992794372" />
    <nd ref="9992794373" />
    <nd ref="9992794374" />
    <nd ref="9992794375" />
    <nd ref="9992794376" />
    <nd ref="9992794377" />
    <nd ref="9992794378" />
    <nd ref="9992794379" />
    <nd ref="9992794380" />
    <nd ref="9992794381" />
    <nd ref="9992794382" />
    <nd ref="9992794383" />
    <nd ref="9992794384" />
    <nd ref="1851357083" />
    <nd ref="9992794385" />
    <nd ref="9992794386" />
    <nd ref="9992794387" />
    <nd ref="9992794388" />
    <tag k="landuse" v="residential" />
  </way>
  <way id="55156268">
    <nd ref="693470451" />
    <nd ref="693465438" />
    <nd ref="10897733235" />
    <nd ref="10897733257" />
    <nd ref="10897733239" />
    <nd ref="10897733234" />
    <nd ref="693463042" />
    <nd ref="693512114" />
    <nd ref="10897733245" />
    <nd ref="693504656" />
    <nd ref="693470451" />
    <tag k="landuse" v="forest" />
    <tag k="leaf_type" v="broadleaved" />
    <tag k="source" v="3dShapes" />
  </way>
  <way id="55157676">
    <nd ref="693479223" />
    <nd ref="717753614" />
    <nd ref="693464570" />
    <nd ref="693466783" />
    <nd ref="693462308" />
    <nd ref="693479223" />
    <tag k="landuse" v="forest" />
    <tag k="source" v="3dShapes" />
  </way>
  <way id="55157913">
    <nd ref="693476143" />
    <nd ref="693467389" />
    <nd ref="693460557" />
    <nd ref="693507914" />
    <nd ref="693496899" />
    <nd ref="693469339" />
    <nd ref="693464754" />
    <nd ref="693466977" />
    <nd ref="693476143" />
    <tag k="landuse" v="grass" />
    <tag k="source" v="3dShapes" />
  </way>
  <way id="55158302">
    <nd ref="693479223" />
    <nd ref="693487246" />
    <nd ref="693492602" />
    <nd ref="693481040" />
    <nd ref="693470940" />
    <nd ref="693465690" />
    <nd ref="693468027" />
    <nd ref="693463241" />
    <nd ref="693464570" />
    <nd ref="717753614" />
    <nd ref="693479223" />
    <tag k="landuse" v="grass" />
    <tag k="source" v="3dShapes" />
  </way>
  <way id="55158363">
    <nd ref="693469022" />
    <nd ref="693460334" />
    <nd ref="693465949" />
    <nd ref="693471507" />
    <nd ref="693481482" />
    <nd ref="693464442" />
    <nd ref="693514552" />
    <nd ref="693462189" />
    <nd ref="693510001" />
    <nd ref="693502586" />
    <nd ref="693489255" />
    <nd ref="693466631" />
    <nd ref="693462183" />
    <nd ref="693509984" />
    <nd ref="693469022" />
    <tag k="landuse" v="grass" />
    <tag k="source" v="3dShapes" />
  </way>
  <way id="55158441">
    <nd ref="693487089" />
    <nd ref="693477318" />
    <nd ref="693468237" />
    <nd ref="693463410" />
    <nd ref="693468692" />
    <nd ref="693464009" />
    <nd ref="693513918" />
    <nd ref="693487089" />
    <tag k="landuse" v="grass" />
    <tag k="source" v="3dShapes" />
  </way>
  <way id="55158889">
    <nd ref="693494176" />
    <nd ref="693482114" />
    <nd ref="693473617" />
    <nd ref="693466400" />
    <nd ref="693468560" />
    <nd ref="693463841" />
    <nd ref="693369968" />
    <nd ref="693506581" />
    <nd ref="693509449" />
    <nd ref="693501150" />
    <nd ref="693372812" />
    <nd ref="693380528" />
    <nd ref="693481687" />
    <nd ref="693377786" />
    <nd ref="693466131" />
    <nd ref="693461742" />
    <nd ref="693460964" />
    <nd ref="693373786" />
    <nd ref="693381899" />
    <nd ref="693485521" />
    <nd ref="693491459" />
    <nd ref="693468027" />
    <nd ref="693465690" />
    <nd ref="693470940" />
    <nd ref="693481040" />
    <nd ref="693492602" />
    <nd ref="693487246" />
    <nd ref="693494176" />
    <tag k="landuse" v="forest" />
    <tag k="source" v="3dShapes" />
  </way>
  <way id="55159086">
    <nd ref="693463265" />
    <nd ref="693512632" />
    <nd ref="693505268" />
    <nd ref="693492699" />
    <nd ref="693499690" />
    <nd ref="693486412" />
    <nd ref="693477023" />
    <nd ref="693468082" />
    <nd ref="693470538" />
    <nd ref="693465476" />
    <nd ref="693461188" />
    <nd ref="693508873" />
    <nd ref="693461708" />
    <nd ref="693509429" />
    <nd ref="693501095" />
    <nd ref="693487961" />
    <nd ref="693493352" />
    <nd ref="693481627" />
    <nd ref="693471636" />
    <nd ref="693466078" />
    <nd ref="693468314" />
    <nd ref="693463529" />
    <nd ref="693513100" />
    <nd ref="693505909" />
    <nd ref="693509027" />
    <nd ref="693500564" />
    <nd ref="693487350" />
    <nd ref="693477437" />
    <nd ref="693463265" />
    <tag k="landuse" v="forest" />
    <tag k="leaf_type" v="broadleaved" />
    <tag k="source" v="3dShapes" />
  </way>
  <way id="55159157">
    <nd ref="693480402" />
    <nd ref="693379887" />
    <nd ref="693462356" />
    <nd ref="693510446" />
    <nd ref="693462805" />
    <nd ref="693511505" />
    <nd ref="693504009" />
    <nd ref="693491093" />
    <nd ref="693497187" />
    <nd ref="693484778" />
    <nd ref="693381334" />
    <nd ref="693373340" />
    <nd ref="693469457" />
    <nd ref="693464835" />
    <nd ref="693460643" />
    <nd ref="693508059" />
    <nd ref="693364685" />
    <nd ref="693374703" />
    <nd ref="693474453" />
    <nd ref="693503500" />
    <nd ref="693490369" />
    <nd ref="693479528" />
    <nd ref="693478428" />
    <nd ref="693468766" />
    <nd ref="693464077" />
    <nd ref="693514041" />
    <nd ref="693461927" />
    <nd ref="9723617224" />
    <nd ref="693509631" />
    <nd ref="693501606" />
    <nd ref="693470336" />
    <nd ref="693480402" />
    <tag k="landuse" v="grass" />
    <tag k="source" v="3dShapes" />
  </way>
  <way id="55159261">
    <nd ref="693510274" />
    <nd ref="693489556" />
    <nd ref="693495425" />
    <nd ref="693482848" />
    <nd ref="693474670" />
    <nd ref="693466763" />
    <nd ref="1625262361" />
    <nd ref="693468915" />
    <nd ref="693464335" />
    <nd ref="693510274" />
    <tag k="landuse" v="grass" />
    <tag k="source" v="3dShapes" />
  </way>
  <way id="55159519">
    <nd ref="693468272" />
    <nd ref="693463446" />
    <nd ref="693465683" />
    <nd ref="693461385" />
    <nd ref="693368502" />
    <nd ref="693370325" />
    <nd ref="693380359" />
    <nd ref="693492587" />
    <nd ref="693481028" />
    <nd ref="693372550" />
    <nd ref="693469547" />
    <nd ref="693464874" />
    <nd ref="693460684" />
    <nd ref="693468272" />
    <tag k="landuse" v="forest" />
    <tag k="leaf_type" v="broadleaved" />
    <tag k="source" v="3dShapes" />
  </way>
  <way id="55159624">
    <nd ref="693460334" />
    <nd ref="693507595" />
    <nd ref="693496277" />
    <nd ref="693502935" />
    <nd ref="693489583" />
    <nd ref="9543420693" />
    <nd ref="693479206" />
    <nd ref="693469134" />
    <nd ref="693474707" />
    <nd ref="693466776" />
    <nd ref="693462303" />
    <nd ref="693510308" />
    <nd ref="693509383" />
    <nd ref="693463164" />
    <nd ref="693465827" />
    <nd ref="693500948" />
    <nd ref="693487830" />
    <nd ref="693477724" />
    <nd ref="693481482" />
    <nd ref="693471507" />
    <nd ref="693465949" />
    <nd ref="693460334" />
    <tag k="landuse" v="forest" />
    <tag k="source" v="3dShapes" />
  </way>
  <way id="74080572">
    <nd ref="9993565292" />
    <nd ref="9993565294" />
    <nd ref="9993565511" />
    <nd ref="9993565514" />
    <nd ref="9993565512" />
    <nd ref="9993565515" />
    <nd ref="9993565516" />
    <nd ref="876440446" />
    <nd ref="9993606890" />
    <nd ref="9993606887" />
    <nd ref="9993606888" />
    <nd ref="9993606889" />
    <nd ref="876429626" />
    <nd ref="9993565291" />
    <nd ref="9992794400" />
    <nd ref="9992794399" />
    <nd ref="9992794398" />
    <nd ref="9992794397" />
    <nd ref="1574274426" />
    <nd ref="2001415495" />
    <nd ref="2001415525" />
    <nd ref="9992794396" />
    <nd ref="9992794395" />
    <nd ref="9992794394" />
    <nd ref="9992794393" />
    <nd ref="9992794392" />
    <nd ref="9992794391" />
    <nd ref="9992794390" />
    <nd ref="9992794389" />
    <nd ref="9992794388" />
    <nd ref="9992794387" />
    <nd ref="9992794386" />
    <nd ref="9992794385" />
    <nd ref="1851357083" />
    <nd ref="9992794384" />
    <nd ref="9992794383" />
    <nd ref="9992794382" />
    <nd ref="9992794381" />
    <nd ref="9992794380" />
    <nd ref="9992794379" />
    <nd ref="9992794378" />
    <nd ref="9992794377" />
    <nd ref="9992794376" />
    <nd ref="9992794375" />
    <nd ref="9992794374" />
    <nd ref="9992794373" />
    <nd ref="9992794372" />
    <nd ref="9992794371" />
    <nd ref="9992794370" />
    <nd ref="9992794369" />
    <nd ref="9992794368" />
    <nd ref="9992794367" />
    <nd ref="9992794366" />
    <nd ref="9992794365" />
    <nd ref="9992794364" />
    <nd ref="9992794363" />
    <nd ref="9992794362" />
    <nd ref="9992794361" />
    <nd ref="9992794360" />
    <nd ref="9992794359" />
    <nd ref="9992794358" />
    <nd ref="9992794357" />
    <nd ref="9992794356" />
    <nd ref="9993565380" />
    <nd ref="9993565379" />
    <nd ref="9993565378" />
    <nd ref="9993565377" />
    <nd ref="9993565376" />
    <nd ref="9993565375" />
    <nd ref="9993565374" />
    <nd ref="9993565373" />
    <nd ref="9993565372" />
    <nd ref="9993565371" />
    <nd ref="9993565370" />
    <nd ref="9993565369" />
    <nd ref="9993565368" />
    <nd ref="9993565367" />
    <nd ref="9993565366" />
    <nd ref="9993565365" />
    <nd ref="9993565364" />
    <nd ref="9993565363" />
    <nd ref="9993565362" />
    <nd ref="9993565361" />
    <nd ref="9993565360" />
    <nd ref="9993565359" />
    <nd ref="9993565358" />
    <nd ref="9993565357" />
    <nd ref="9993565356" />
    <nd ref="9993565355" />
    <nd ref="9993565354" />
    <nd ref="9993565353" />
    <nd ref="9993565352" />
    <nd ref="9993565288" />
    <nd ref="9993565290" />
    <nd ref="9993565287" />
    <nd ref="9993565286" />
    <nd ref="9993565289" />
    <nd ref="9993565284" />
    <nd ref="9993565283" />
    <nd ref="9993565285" />
    <nd ref="9993565280" />
    <nd ref="9993565279" />
    <nd ref="9993565282" />
    <nd ref="9993565278" />
    <nd ref="9993565281" />
    <nd ref="9993565348" />
    <nd ref="9993565347" />
    <nd ref="9993565346" />
    <nd ref="9993565345" />
    <nd ref="9993565344" />
    <nd ref="9993565343" />
    <nd ref="9993565342" />
    <nd ref="9993565341" />
    <nd ref="9993565340" />
    <nd ref="9993565444" />
    <nd ref="9993565339" />
    <nd ref="9993565338" />
    <nd ref="9993565336" />
    <nd ref="9993565337" />
    <nd ref="9993565335" />
    <nd ref="9993565449" />
    <nd ref="9993565450" />
    <nd ref="9993565451" />
    <nd ref="9993565334" />
    <nd ref="9993565333" />
    <nd ref="9993565332" />
    <nd ref="9993565330" />
    <nd ref="9993565460" />
    <nd ref="9993565461" />
    <nd ref="4781686719" />
    <nd ref="9993565462" />
    <nd ref="9993565463" />
    <nd ref="9993565464" />
    <nd ref="9993565465" />
    <nd ref="4781686720" />
    <nd ref="9993565466" />
    <nd ref="9993565467" />
    <nd ref="9993565468" />
    <nd ref="9993565469" />
    <nd ref="9993565329" />
    <nd ref="9993565328" />
    <nd ref="9993565471" />
    <nd ref="4781689222" />
    <nd ref="9993565472" />
    <nd ref="9993565474" />
    <nd ref="9993565473" />
    <nd ref="4781689223" />
    <nd ref="9993565475" />
    <nd ref="9993565476" />
    <nd ref="9993565477" />
    <nd ref="4781689224" />
    <nd ref="9993565479" />
    <nd ref="9993565478" />
    <nd ref="4781689225" />
    <nd ref="9993565480" />
    <nd ref="9993565481" />
    <nd ref="9993565482" />
    <nd ref="9993565483" />
    <nd ref="9993565484" />
    <nd ref="9993565485" />
    <nd ref="9993565486" />
    <nd ref="9993565487" />
    <nd ref="9993565488" />
    <nd ref="9993565489" />
    <nd ref="9993565490" />
    <nd ref="9993565491" />
    <nd ref="9993565492" />
    <nd ref="9993565503" />
    <nd ref="4781689226" />
    <nd ref="4781689229" />
    <nd ref="5345010554" />
    <nd ref="9993565504" />
    <nd ref="9993565292" />
    <tag k="landuse" v="forest" />
    <tag k="source" v="BGT" />
  </way>
  <way id="74083828">
    <nd ref="9993565503" />
    <nd ref="9993565492" />
    <nd ref="9993565491" />
    <nd ref="9993565490" />
    <nd ref="9993565489" />
    <nd ref="9993565488" />
    <nd ref="9993565487" />
    <nd ref="9993565486" />
    <nd ref="9993565485" />
    <nd ref="9993565484" />
    <nd ref="9993565483" />
    <nd ref="9993565482" />
    <nd ref="9993565481" />
    <nd ref="9993565480" />
    <nd ref="4781689225" />
    <nd ref="9993565478" />
    <nd ref="9993565479" />
    <nd ref="4781689224" />
    <nd ref="9993565477" />
    <nd ref="9993565476" />
    <nd ref="9993565475" />
    <nd ref="4781689223" />
    <nd ref="9993565473" />
    <nd ref="9993565474" />
    <nd ref="9993565472" />
    <nd ref="4781689222" />
    <nd ref="9993565471" />
    <nd ref="9993565328" />
    <nd ref="9993565329" />
    <nd ref="9993565469" />
    <nd ref="876428177" />
    <nd ref="9993565468" />
    <nd ref="9993565467" />
    <nd ref="9993565466" />
    <nd ref="4781686720" />
    <nd ref="9993565465" />
    <nd ref="9993565464" />
    <nd ref="9993565463" />
    <nd ref="9993565462" />
    <nd ref="4781686719" />
    <nd ref="9993565461" />
    <nd ref="9993565460" />
    <nd ref="9993565330" />
    <nd ref="9993565332" />
    <nd ref="9993565333" />
    <nd ref="9993565334" />
    <nd ref="9993565451" />
    <nd ref="9993565335" />
    <nd ref="9993565337" />
    <nd ref="9993565336" />
    <nd ref="9993565338" />
    <nd ref="9993565339" />
    <nd ref="9993565444" />
    <nd ref="9993565340" />
    <nd ref="9993565341" />
    <nd ref="9993565342" />
    <nd ref="9993565343" />
    <nd ref="9993565276" />
    <nd ref="9993565275" />
    <nd ref="9993565274" />
    <nd ref="9993565273" />
    <nd ref="9993565272" />
    <nd ref="9993565271" />
    <nd ref="9993565270" />
    <nd ref="9993565269" />
    <nd ref="9993565268" />
    <nd ref="9993565267" />
    <nd ref="9993565266" />
    <nd ref="9993565265" />
    <nd ref="9993565264" />
    <nd ref="9993565263" />
    <nd ref="9993565262" />
    <nd ref="9993565261" />
    <nd ref="9993565260" />
    <nd ref="9993565259" />
    <nd ref="9993565258" />
    <nd ref="9993565257" />
    <nd ref="9993565256" />
    <nd ref="9993565255" />
    <nd ref="9993565254" />
    <nd ref="9993565253" />
    <nd ref="9993565252" />
    <nd ref="9993565251" />
    <nd ref="9993565250" />
    <nd ref="9993565249" />
    <nd ref="9993565248" />
    <nd ref="9993565247" />
    <nd ref="9993565246" />
    <nd ref="9993565245" />
    <nd ref="9993565244" />
    <nd ref="9993565243" />
    <nd ref="9993565242" />
    <nd ref="876434095" />
    <nd ref="876417479" />
    <nd ref="7899415466" />
    <nd ref="7899415467" />
    <nd ref="7899415470" />
    <nd ref="7899415468" />
    <nd ref="7899415469" />
    <nd ref="876440762" />
    <nd ref="876423920" />
    <nd ref="876376082" />
    <nd ref="876426808" />
    <nd ref="876397452" />
    <nd ref="876402480" />
    <nd ref="876416721" />
    <nd ref="876427704" />
    <nd ref="876360746" />
    <nd ref="876382896" />
    <nd ref="876413433" />
    <nd ref="876440667" />
    <nd ref="876435957" />
    <nd ref="876368427" />
    <nd ref="876424771" />
    <nd ref="9993565501" />
    <nd ref="9993565502" />
    <nd ref="9993565503" />
    <tag k="landuse" v="grass" />
    <tag k="source" v="BGT" />
  </way>
  <way id="74408419">
    <nd ref="13806086856" />
    <nd ref="879382657" />
    <nd ref="879214121" />
    <nd ref="879230253" />
    <nd ref="879275855" />
    <nd ref="879361214" />
    <nd ref="879391266" />
    <nd ref="879336029" />
    <nd ref="879373121" />
    <nd ref="879236084" />
    <nd ref="879280987" />
    <nd ref="879295049" />
    <nd ref="879348927" />
    <nd ref="879201738" />
    <nd ref="879250258" />
    <nd ref="879386757" />
    <nd ref="879225859" />
    <nd ref="879303150" />
    <nd ref="879354614" />
    <nd ref="879366129" />
    <nd ref="879397604" />
    <nd ref="879271938" />
    <nd ref="879322782" />
    <nd ref="879244488" />
    <nd ref="879290736" />
    <nd ref="879370290" />
    <nd ref="879197808" />
    <nd ref="879210646" />
    <nd ref="879256654" />
    <nd ref="879344894" />
    <nd ref="879378698" />
    <nd ref="13806086847" />
    <nd ref="13806086851" />
    <nd ref="13806086876" />
    <nd ref="13806086857" />
    <nd ref="879316450" />
    <nd ref="879364121" />
    <nd ref="879221664" />
    <nd ref="879267468" />
    <nd ref="879277810" />
    <nd ref="879330539" />
    <nd ref="879393821" />
    <nd ref="879232080" />
    <nd ref="879375019" />
    <nd ref="879205458" />
    <nd ref="879284299" />
    <nd ref="879339225" />
    <nd ref="879350701" />
    <nd ref="879384274" />
    <nd ref="2440949754" />
    <nd ref="879252111" />
    <nd ref="879297212" />
    <nd ref="879228650" />
    <nd ref="879274333" />
    <nd ref="13804981952" />
    <nd ref="13804981947" />
    <nd ref="13804981959" />
    <nd ref="13804981936" />
    <nd ref="879332494" />
    <nd ref="879395741" />
    <nd ref="879246362" />
    <nd ref="879292348" />
    <nd ref="13806086854" />
    <nd ref="879371352" />
    <nd ref="879284313" />
    <nd ref="13806086868" />
    <nd ref="13806086883" />
    <nd ref="13806086880" />
    <nd ref="13806086875" />
    <nd ref="13806086882" />
    <nd ref="13806086867" />
    <nd ref="13806086873" />
    <nd ref="13806086879" />
    <nd ref="13806086858" />
    <nd ref="13806086850" />
    <nd ref="13806086863" />
    <nd ref="13806086865" />
    <nd ref="13806086870" />
    <nd ref="13806086862" />
    <nd ref="13806086877" />
    <nd ref="13806086866" />
    <nd ref="13806086852" />
    <nd ref="13806086856" />
    <tag k="landuse" v="grass" />
    <tag k="source" v="3dShapes" />
  </way>
  <way id="74408600">
    <nd ref="879250971" />
    <nd ref="13806079154" />
    <nd ref="13806078052" />
    <nd ref="879329841" />
    <nd ref="879243586" />
    <nd ref="13806078056" />
    <nd ref="879392834" />
    <nd ref="879363405" />
    <nd ref="879277041" />
    <nd ref="879231469" />
    <nd ref="879302282" />
    <nd ref="13805050046" />
    <nd ref="13805050040" />
    <nd ref="13805050044" />
    <nd ref="13805050047" />
    <nd ref="13805050045" />
    <nd ref="13805050043" />
    <nd ref="13805050041" />
    <nd ref="879254306" />
    <nd ref="879333031" />
    <nd ref="879296066" />
    <nd ref="5906232254" />
    <nd ref="879313917" />
    <nd ref="13801258865" />
    <nd ref="879215314" />
    <nd ref="879265383" />
    <nd ref="13806079141" />
    <nd ref="879398500" />
    <nd ref="879237211" />
    <nd ref="13806079156" />
    <nd ref="13806079158" />
    <nd ref="879250971" />
    <tag k="landuse" v="meadow" />
    <tag k="source" v="3dShapes" />
  </way>
  <way id="74410210">
    <nd ref="879303159" />
    <nd ref="13806081949" />
    <nd ref="879354631" />
    <nd ref="879210662" />
    <nd ref="879256696" />
    <nd ref="879393846" />
    <nd ref="879232090" />
    <nd ref="879316487" />
    <nd ref="13806079148" />
    <nd ref="13806079147" />
    <nd ref="879364130" />
    <nd ref="879370294" />
    <nd ref="879197824" />
    <nd ref="879277828" />
    <nd ref="879330558" />
    <nd ref="879382657" />
    <nd ref="13806086856" />
    <nd ref="879312845" />
    <nd ref="879263536" />
    <nd ref="879340734" />
    <nd ref="879286998" />
    <nd ref="879208199" />
    <nd ref="879375625" />
    <nd ref="879368722" />
    <nd ref="879327652" />
    <nd ref="879240767" />
    <nd ref="879400099" />
    <nd ref="879269125" />
    <nd ref="879223060" />
    <nd ref="879364913" />
    <nd ref="879319070" />
    <nd ref="879300235" />
    <nd ref="879253783" />
    <nd ref="879384914" />
    <nd ref="879352264" />
    <nd ref="879199088" />
    <nd ref="879252123" />
    <nd ref="879297226" />
    <nd ref="879375026" />
    <nd ref="879205493" />
    <nd ref="879221688" />
    <nd ref="879267484" />
    <nd ref="879350706" />
    <nd ref="879384281" />
    <nd ref="879325781" />
    <nd ref="879367493" />
    <nd ref="879228662" />
    <nd ref="879274348" />
    <nd ref="13806086859" />
    <nd ref="13806086861" />
    <nd ref="879339238" />
    <nd ref="879399229" />
    <nd ref="879239105" />
    <nd ref="879380201" />
    <nd ref="879212685" />
    <nd ref="879293116" />
    <nd ref="879303159" />
    <tag k="landuse" v="meadow" />
    <tag k="source" v="3dShapes" />
  </way>
  <way id="75744947">
    <nd ref="894217447" />
    <nd ref="2280433783" />
    <nd ref="894218325" />
    <nd ref="894214311" />
    <nd ref="894210633" />
    <nd ref="894217362" />
    <nd ref="894224383" />
    <nd ref="894210960" />
    <nd ref="894218430" />
    <nd ref="894214428" />
    <nd ref="894225693" />
    <nd ref="894217447" />
    <tag k="landuse" v="grass" />
    <tag k="source" v="3dShapes" />
  </way>
  <way id="75744977">
    <nd ref="894228782" />
    <nd ref="894212365" />
    <nd ref="894214213" />
    <nd ref="894226783" />
    <nd ref="894222176" />
    <nd ref="894222409" />
    <nd ref="894217272" />
    <nd ref="894227129" />
    <nd ref="894213056" />
    <nd ref="894228782" />
    <tag k="landuse" v="forest" />
    <tag k="source" v="3dShapes" />
  </way>
  <way id="75744982">
    <nd ref="894222969" />
    <nd ref="2038477477" />
    <nd ref="894214156" />
    <nd ref="2038477490" />
    <nd ref="2038477763" />
    <nd ref="2038477725" />
    <nd ref="894225328" />
    <nd ref="894224642" />
    <nd ref="894214960" />
    <nd ref="894218148" />
    <nd ref="894227525" />
    <nd ref="894217042" />
    <nd ref="894226367" />
    <nd ref="894223503" />
    <nd ref="894219330" />
    <nd ref="2038477484" />
    <nd ref="2038477426" />
    <nd ref="894228046" />
    <nd ref="894222192" />
    <nd ref="894226972" />
    <nd ref="894224111" />
    <nd ref="894214823" />
    <nd ref="894217193" />
    <nd ref="894228889" />
    <nd ref="894226948" />
    <nd ref="894222255" />
    <nd ref="894218519" />
    <nd ref="894210376" />
    <nd ref="894225441" />
    <nd ref="894227810" />
    <nd ref="894211171" />
    <nd ref="894225912" />
    <nd ref="894224487" />
    <nd ref="894222969" />
    <tag k="landuse" v="grass" />
    <tag k="source" v="3dShapes" />
  </way>
  <way id="75745017">
    <nd ref="894214213" />
    <nd ref="894212365" />
    <nd ref="894228782" />
    <nd ref="894223961" />
    <nd ref="894215725" />
    <nd ref="894214090" />
    <nd ref="894224746" />
    <nd ref="894217854" />
    <nd ref="894214213" />
    <tag k="landuse" v="forest" />
    <tag k="source" v="3dShapes" />
  </way>
  <way id="75745084">
    <nd ref="894222200" />
    <nd ref="894218075" />
    <nd ref="894224068" />
    <nd ref="894223813" />
    <nd ref="894225019" />
    <nd ref="894226459" />
    <nd ref="894226835" />
    <nd ref="894211920" />
    <nd ref="894213730" />
    <nd ref="894222200" />
    <tag k="landuse" v="forest" />
    <tag k="source" v="3dShapes" />
  </way>
  <way id="75745148">
    <nd ref="894220993" />
    <nd ref="894227731" />
    <nd ref="894211767" />
    <nd ref="894224838" />
    <nd ref="2038477771" />
    <nd ref="894221863" />
    <nd ref="2038477593" />
    <nd ref="894214725" />
    <nd ref="894218711" />
    <nd ref="894225368" />
    <nd ref="894224740" />
    <nd ref="894227021" />
    <nd ref="894223795" />
    <nd ref="894220909" />
    <nd ref="894224082" />
    <nd ref="894213769" />
    <nd ref="894212301" />
    <nd ref="894227181" />
    <nd ref="894224574" />
    <nd ref="894220993" />
    <tag k="landuse" v="grass" />
    <tag k="source" v="3dShapes" />
  </way>
  <way id="75745204">
    <nd ref="2031785849" />
    <nd ref="2031785868" />
    <nd ref="2031785871" />
    <nd ref="2031785906" />
    <nd ref="2031785909" />
    <nd ref="2031785913" />
    <nd ref="2031785916" />
    <nd ref="2031785940" />
    <nd ref="2031785946" />
    <nd ref="2031785948" />
    <nd ref="2031785941" />
    <nd ref="2031785925" />
    <nd ref="2031785917" />
    <nd ref="894228336" />
    <nd ref="894222146" />
    <nd ref="894226911" />
    <nd ref="894222964" />
    <nd ref="894215444" />
    <nd ref="894225907" />
    <nd ref="894223555" />
    <nd ref="2031785849" />
    <tag k="landuse" v="forest" />
    <tag k="source" v="3dShapes" />
  </way>
  <way id="75745231">
    <nd ref="894210960" />
    <nd ref="894215457" />
    <nd ref="894213679" />
    <nd ref="894217447" />
    <nd ref="894225693" />
    <nd ref="894214428" />
    <nd ref="894218430" />
    <nd ref="894210960" />
    <tag k="landuse" v="forest" />
    <tag k="leaf_type" v="broadleaved" />
    <tag k="source" v="3dShapes" />
  </way>
  <way id="75745377">
    <nd ref="2192582399" />
    <nd ref="2192582392" />
    <nd ref="2192582387" />
    <nd ref="2192582394" />
    <nd ref="2192582397" />
    <nd ref="2192582389" />
    <nd ref="2192582384" />
    <nd ref="2192582380" />
    <nd ref="2192582377" />
    <nd ref="11112534002" />
    <nd ref="2192582372" />
    <nd ref="894227983" />
    <nd ref="894214355" />
    <nd ref="894219086" />
    <nd ref="894227866" />
    <nd ref="2192582399" />
    <tag k="landuse" v="grass" />
    <tag k="source" v="3dShapes" />
  </way>
  <way id="75745533">
    <nd ref="2031785893" />
    <nd ref="894226845" />
    <nd ref="894218424" />
    <nd ref="894226330" />
    <nd ref="894227482" />
    <nd ref="894221933" />
    <nd ref="894224501" />
    <nd ref="894212631" />
    <nd ref="894228970" />
    <nd ref="894222170" />
    <nd ref="2031785888" />
    <nd ref="2031785893" />
    <tag k="landuse" v="forest" />
    <tag k="source" v="3dShapes" />
  </way>
  <way id="75745558">
    <nd ref="894216481" />
    <nd ref="894211201" />
    <nd ref="894221592" />
    <nd ref="894221529" />
    <nd ref="894225364" />
    <nd ref="894224420" />
    <nd ref="894223961" />
    <nd ref="894228782" />
    <nd ref="894213056" />
    <nd ref="894227129" />
    <nd ref="894217272" />
    <nd ref="894221928" />
    <nd ref="894214112" />
    <nd ref="894228080" />
    <nd ref="894228819" />
    <nd ref="894228633" />
    <nd ref="894222551" />
    <nd ref="894227979" />
    <nd ref="894216481" />
    <tag k="landuse" v="forest" />
    <tag k="source" v="3dShapes" />
  </way>
  <way id="75745563">
    <nd ref="894224383" />
    <nd ref="894217362" />
    <nd ref="894210633" />
    <nd ref="894214311" />
    <nd ref="894218325" />
    <nd ref="2280433783" />
    <nd ref="894218184" />
    <nd ref="894227488" />
    <nd ref="894221611" />
    <nd ref="894224383" />
    <tag k="landuse" v="forest" />
    <tag k="leaf_type" v="broadleaved" />
    <tag k="source" v="3dShapes" />
  </way>
  <way id="75745643">
    <nd ref="894218048" />
    <nd ref="2038477463" />
    <nd ref="894215765" />
    <nd ref="894220306" />
    <nd ref="894212595" />
    <nd ref="2038477739" />
    <nd ref="2038477363" />
    <nd ref="2038477696" />
    <nd ref="894227243" />
    <nd ref="2038477431" />
    <nd ref="2038477668" />
    <nd ref="894211603" />
    <nd ref="894212428" />
    <nd ref="894213227" />
    <nd ref="894225165" />
    <nd ref="894218048" />
    <tag k="landuse" v="grass" />
    <tag k="source" v="3dShapes" />
  </way>
  <way id="75745708">
    <nd ref="894223961" />
    <nd ref="894224420" />
    <nd ref="894225364" />
    <nd ref="894221529" />
    <nd ref="894221592" />
    <nd ref="894211201" />
    <nd ref="894218366" />
    <nd ref="894228651" />
    <nd ref="894212458" />
    <nd ref="894223961" />
    <tag k="landuse" v="forest" />
    <tag k="leaf_type" v="broadleaved" />
    <tag k="source" v="3dShapes" />
  </way>
  <way id="149559143">
    <nd ref="1625262708" />
    <nd ref="1625262358" />
    <nd ref="1625262526" />
    <nd ref="1625262664" />
    <nd ref="1625262509" />
    <nd ref="13090667815" />
    <nd ref="1625262727" />
    <nd ref="1625262587" />
    <nd ref="1625262708" />
    <tag k="landuse" v="grass" />
  </way>
  <way id="149559152">
    <nd ref="1625262679" />
    <nd ref="1625262442" />
    <nd ref="1625262584" />
    <nd ref="1625262449" />
    <nd ref="1625262596" />
    <nd ref="1625262550" />
    <nd ref="1625262642" />
    <nd ref="1625262729" />
    <nd ref="1625262679" />
    <tag k="landuse" v="grass" />
    <tag k="source" v="3dShapes" />
  </way>
  <way id="149559155">
    <nd ref="1625262686" />
    <nd ref="1625262677" />
    <nd ref="1625262563" />
    <nd ref="1625262700" />
    <nd ref="1625262621" />
    <nd ref="1625262680" />
    <nd ref="1625262578" />
    <nd ref="1625262411" />
    <nd ref="1625262432" />
    <nd ref="13090667835" />
    <nd ref="1625262482" />
    <nd ref="1625262404" />
    <nd ref="1625262430" />
    <nd ref="1625262686" />
    <tag k="landuse" v="forest" />
    <tag k="leaf_type" v="broadleaved" />
  </way>
  <way id="149559157">
    <nd ref="1625262699" />
    <nd ref="1625262537" />
    <nd ref="1625262480" />
    <nd ref="1625262647" />
    <nd ref="1625262391" />
    <nd ref="1625262732" />
    <nd ref="1625262421" />
    <nd ref="1625262643" />
    <nd ref="1625262690" />
    <nd ref="1625262501" />
    <nd ref="1625262699" />
    <tag k="landuse" v="grass" />
  </way>
  <way id="149559169">
    <nd ref="1625262531" />
    <nd ref="1625262529" />
    <nd ref="1625262611" />
    <nd ref="1625262725" />
    <nd ref="1625262695" />
    <nd ref="1625262692" />
    <nd ref="1625262531" />
    <tag k="landuse" v="grass" />
    <tag k="source" v="3dShapes" />
  </way>
  <way id="149563028">
    <nd ref="1625285634" />
    <nd ref="1625285724" />
    <nd ref="1625285696" />
    <nd ref="1625285707" />
    <nd ref="1625285649" />
    <nd ref="1625285593" />
    <nd ref="1625285596" />
    <nd ref="1625285634" />
    <tag k="landuse" v="grass" />
  </way>
  <way id="149566790">
    <nd ref="1625294611" />
    <nd ref="1625294604" />
    <nd ref="1625294613" />
    <nd ref="1625294600" />
    <nd ref="1625294594" />
    <nd ref="1625294592" />
    <nd ref="1625294576" />
    <nd ref="1625294578" />
    <nd ref="1625294611" />
    <tag k="landuse" v="grass" />
  </way>
  <way id="149571172">
    <nd ref="1625326944" />
    <nd ref="1625327004" />
    <nd ref="1625327033" />
    <nd ref="1625327085" />
    <nd ref="1625327052" />
    <nd ref="1625326932" />
    <nd ref="1625327049" />
    <nd ref="1625326941" />
    <nd ref="1625327048" />
    <nd ref="1625327098" />
    <nd ref="1625327055" />
    <nd ref="1625327089" />
    <nd ref="1625327046" />
    <nd ref="1625326944" />
    <tag k="landuse" v="grass" />
  </way>
  <way id="192628860">
    <nd ref="2031785891" />
    <nd ref="894216807" />
    <nd ref="894217933" />
    <nd ref="894221991" />
    <nd ref="894214433" />
    <nd ref="894212936" />
    <nd ref="894222601" />
    <nd ref="894214187" />
    <nd ref="2031785954" />
    <nd ref="2031785962" />
    <nd ref="2031785966" />
    <nd ref="894212887" />
    <nd ref="894220791" />
    <nd ref="894212362" />
    <nd ref="894213742" />
    <nd ref="894226362" />
    <nd ref="894228767" />
    <nd ref="894218141" />
    <nd ref="894228527" />
    <nd ref="894215277" />
    <nd ref="894212215" />
    <nd ref="2031785898" />
    <nd ref="2031785891" />
    <tag k="landuse" v="forest" />
    <tag k="source" v="3dShapes" />
  </way>
  <way id="192628861">
    <nd ref="2031785994" />
    <nd ref="894224083" />
    <nd ref="894224796" />
    <nd ref="894222414" />
    <nd ref="894228235" />
    <nd ref="2031785901" />
    <nd ref="2031785989" />
    <nd ref="2031785994" />
    <tag k="landuse" v="forest" />
    <tag k="source" v="3dShapes" />
  </way>
  <way id="193340996">
    <nd ref="2038477525" />
    <nd ref="2038477396" />
    <nd ref="2038477369" />
    <nd ref="2038477509" />
    <nd ref="593945650" />
    <nd ref="593945643" />
    <nd ref="593945640" />
    <nd ref="593945645" />
    <nd ref="593945649" />
    <nd ref="593945642" />
    <nd ref="2038477525" />
    <tag k="landuse" v="grass" />
  </way>
  <way id="218837772">
    <nd ref="593945715" />
    <nd ref="593945721" />
    <nd ref="2280433775" />
    <nd ref="593945689" />
    <nd ref="593945690" />
    <nd ref="593945691" />
    <nd ref="593945694" />
    <nd ref="593945692" />
    <nd ref="593945693" />
    <nd ref="894211329" />
    <nd ref="894223836" />
    <nd ref="11112533999" />
    <nd ref="11112534000" />
    <nd ref="894225361" />
    <nd ref="894225248" />
    <nd ref="11112534001" />
    <nd ref="894210592" />
    <nd ref="894219242" />
    <nd ref="894223205" />
    <nd ref="894212589" />
    <nd ref="894221799" />
    <nd ref="894210528" />
    <nd ref="894214144" />
    <nd ref="894212974" />
    <nd ref="894228277" />
    <nd ref="894216309" />
    <nd ref="894228498" />
    <nd ref="894227062" />
    <nd ref="894219055" />
    <nd ref="2280433779" />
    <nd ref="593946194" />
    <nd ref="593946192" />
    <nd ref="593946195" />
    <nd ref="593946221" />
    <nd ref="593945720" />
    <nd ref="593945719" />
    <nd ref="593945715" />
    <tag k="landuse" v="grass" />
  </way>
  <way id="388416035">
    <nd ref="9993565411" />
    <nd ref="9993565410" />
    <nd ref="9993565409" />
    <nd ref="9993565408" />
    <nd ref="9993565407" />
    <nd ref="9993565406" />
    <nd ref="9993565405" />
    <nd ref="9993565404" />
    <nd ref="9993565403" />
    <nd ref="9993565402" />
    <nd ref="3916179132" />
    <nd ref="9993565401" />
    <nd ref="9993565400" />
    <nd ref="9993565399" />
    <nd ref="9993565398" />
    <nd ref="9993565397" />
    <nd ref="9993565396" />
    <nd ref="9993565395" />
    <nd ref="9993565394" />
    <nd ref="9993565393" />
    <nd ref="9993565392" />
    <nd ref="9993565391" />
    <nd ref="9993565390" />
    <nd ref="9993565389" />
    <nd ref="9993565386" />
    <nd ref="9993565388" />
    <nd ref="9993565387" />
    <nd ref="9993565385" />
    <nd ref="9993565384" />
    <nd ref="9993565383" />
    <nd ref="9993565382" />
    <nd ref="9993565381" />
    <nd ref="9992794355" />
    <nd ref="9992794354" />
    <nd ref="9992794353" />
    <nd ref="9992794352" />
    <nd ref="9992794351" />
    <nd ref="9992794350" />
    <nd ref="9992794349" />
    <nd ref="9992794348" />
    <nd ref="9992794347" />
    <nd ref="9992794346" />
    <nd ref="9992794345" />
    <nd ref="9992794344" />
    <nd ref="9992794343" />
    <nd ref="9992794342" />
    <nd ref="9992794341" />
    <nd ref="9992794340" />
    <nd ref="9992794339" />
    <nd ref="9992794338" />
    <nd ref="9992794337" />
    <nd ref="9992794336" />
    <nd ref="9992794335" />
    <nd ref="9992794334" />
    <nd ref="9992794333" />
    <nd ref="9992794332" />
    <nd ref="9992794331" />
    <nd ref="9992794330" />
    <nd ref="9992794329" />
    <nd ref="9992794328" />
    <nd ref="9992794327" />
    <nd ref="9992794326" />
    <nd ref="9992794325" />
    <nd ref="9992794324" />
    <nd ref="2853605706" />
    <nd ref="9994794604" />
    <nd ref="9994803884" />
    <nd ref="9994803885" />
    <nd ref="9994803920" />
    <nd ref="9994803919" />
    <nd ref="9994803901" />
    <nd ref="9994803900" />
    <nd ref="9994803916" />
    <nd ref="9994803915" />
    <nd ref="9994803899" />
    <nd ref="9994803898" />
    <nd ref="9994803912" />
    <nd ref="9994803911" />
    <nd ref="9994803908" />
    <nd ref="9994803907" />
    <nd ref="9994803897" />
    <nd ref="9994803896" />
    <nd ref="9994803904" />
    <nd ref="9994803903" />
    <nd ref="9994803883" />
    <nd ref="9994803882" />
    <nd ref="2853605694" />
    <nd ref="2853605687" />
    <nd ref="2853605674" />
    <nd ref="2853605617" />
    <nd ref="9994802914" />
    <nd ref="9994802915" />
    <nd ref="9994802916" />
    <nd ref="9994803817" />
    <nd ref="9994803818" />
    <nd ref="9994803819" />
    <nd ref="9994803820" />
    <nd ref="9994803821" />
    <nd ref="9994803822" />
    <nd ref="9994845645" />
    <nd ref="3916179135" />
    <nd ref="9994845644" />
    <nd ref="9994803823" />
    <nd ref="9994803824" />
    <nd ref="3916179136" />
    <nd ref="9994803825" />
    <nd ref="9994803826" />
    <nd ref="9994803827" />
    <nd ref="9994803828" />
    <nd ref="9994803829" />
    <nd ref="9994803830" />
    <nd ref="9994803831" />
    <nd ref="9994803832" />
    <nd ref="9999779655" />
    <nd ref="9994803833" />
    <nd ref="3916179127" />
    <nd ref="9994803834" />
    <nd ref="3916179126" />
    <nd ref="9994803835" />
    <nd ref="9994803836" />
    <nd ref="9994803837" />
    <nd ref="9994803838" />
    <nd ref="9994803839" />
    <nd ref="9994803840" />
    <nd ref="9994803841" />
    <nd ref="9994803842" />
    <nd ref="9994803843" />
    <nd ref="9994803844" />
    <nd ref="9994803845" />
    <nd ref="9994803846" />
    <nd ref="9994803847" />
    <nd ref="9994803848" />
    <nd ref="9994803849" />
    <nd ref="9994803850" />
    <nd ref="3916179133" />
    <nd ref="9994803851" />
    <nd ref="9994802905" />
    <nd ref="9993565411" />
    <tag k="landuse" v="grass" />
    <tag k="source" v="BGT" />
  </way>
  <way id="388416036">
    <nd ref="3916179137" />
    <nd ref="9999779653" />
    <nd ref="9999779652" />
    <nd ref="9999779651" />
    <nd ref="9999779650" />
    <nd ref="9999779649" />
    <nd ref="9999779648" />
    <nd ref="9999779647" />
    <nd ref="9999779646" />
    <nd ref="9999779645" />
    <nd ref="9999779644" />
    <nd ref="9999779643" />
    <nd ref="9999779642" />
    <nd ref="9999779641" />
    <nd ref="3916179144" />
    <nd ref="3916179143" />
    <nd ref="3916179142" />
    <nd ref="9999779640" />
    <nd ref="9999779639" />
    <nd ref="3916179141" />
    <nd ref="9999779638" />
    <nd ref="9999779637" />
    <nd ref="9999779636" />
    <nd ref="9999779635" />
    <nd ref="9999779634" />
    <nd ref="9999779633" />
    <nd ref="3916179140" />
    <nd ref="3916179139" />
    <nd ref="3916179138" />
    <nd ref="9999779632" />
    <nd ref="9999779631" />
    <nd ref="9999779630" />
    <nd ref="9999779629" />
    <nd ref="3916179137" />
    <tag k="landuse" v="grass" />
  </way>
  <way id="561386504">
    <nd ref="3938072587" />
    <nd ref="5413344790" />
    <nd ref="5413344802" />
    <nd ref="5413344814" />
    <nd ref="5413344791" />
    <nd ref="5022004010" />
    <nd ref="5413344807" />
    <nd ref="11687526525" />
    <nd ref="5413344794" />
    <nd ref="3938072605" />
    <nd ref="3938072590" />
    <nd ref="1506206716" />
    <nd ref="8228826222" />
    <nd ref="1506206718" />
    <nd ref="1506205728" />
    <nd ref="1506205730" />
    <nd ref="1506205733" />
    <nd ref="1995086575" />
    <nd ref="1995086577" />
    <nd ref="1995086557" />
    <nd ref="1506205715" />
    <nd ref="693510805" />
    <nd ref="5413344799" />
    <nd ref="5413344800" />
    <nd ref="46449796" />
    <nd ref="418964691" />
    <nd ref="418952596" />
    <nd ref="46449795" />
    <nd ref="46460365" />
    <nd ref="46461157" />
    <nd ref="46462043" />
    <nd ref="46462040" />
    <nd ref="46465933" />
    <nd ref="46465935" />
    <nd ref="3938072591" />
    <nd ref="5413344798" />
    <nd ref="3938072596" />
    <nd ref="3938072584" />
    <nd ref="3938072589" />
    <nd ref="3938072597" />
    <nd ref="3938072606" />
    <nd ref="3938072593" />
    <nd ref="4422115074" />
    <nd ref="5413344811" />
    <nd ref="13689415478" />
    <nd ref="3938072599" />
    <nd ref="3938072602" />
    <nd ref="3938072588" />
    <nd ref="13342196414" />
    <nd ref="13342196413" />
    <nd ref="3938072587" />
    <tag k="alt_name" v="Sloterdijk Centrum" />
    <tag k="landuse" v="commercial" />
    <tag k="name" v="Teleport" />
    <tag k="wikidata" v="Q2401884" />
    <tag k="wikimedia_commons" v="Category:Sloterdijk (Nieuw-West)" />
    <tag k="wikipedia" v="nl:Sloterdijk Centrum" />
  </way>
  <way id="685460932">
    <nd ref="6423620166" />
    <nd ref="6423620167" />
    <nd ref="6423620176" />
    <nd ref="6423620168" />
    <nd ref="6423620169" />
    <nd ref="10001575735" />
    <nd ref="10001575734" />
    <nd ref="9907186517" />
    <nd ref="6423620171" />
    <nd ref="9907186521" />
    <nd ref="6423620172" />
    <nd ref="6423620173" />
    <nd ref="6423620174" />
    <nd ref="9907186518" />
    <nd ref="6423620175" />
    <nd ref="6423620166" />
    <tag k="landuse" v="grass" />
    <tag k="source" v="BGT" />
  </way>
  <way id="685460934">
    <nd ref="12777207675" />
    <nd ref="9981289629" />
    <nd ref="1161222382" />
    <nd ref="876428035" />
    <nd ref="876380774" />
    <nd ref="876397071" />
    <nd ref="9978541411" />
    <nd ref="9978570753" />
    <nd ref="6423620298" />
    <nd ref="6423620183" />
    <nd ref="9978583333" />
    <nd ref="9978583332" />
    <nd ref="9978583331" />
    <nd ref="9978583330" />
    <nd ref="6423620184" />
    <nd ref="6423620285" />
    <nd ref="9978583329" />
    <nd ref="6423620286" />
    <nd ref="9979538306" />
    <nd ref="9979538301" />
    <nd ref="9979538304" />
    <nd ref="9979538303" />
    <nd ref="9979538302" />
    <nd ref="9979538305" />
    <nd ref="6423620287" />
    <nd ref="9978583328" />
    <nd ref="6423620288" />
    <nd ref="9978583327" />
    <nd ref="9978583326" />
    <nd ref="6423620289" />
    <nd ref="9981289462" />
    <nd ref="876423680" />
    <nd ref="6423620290" />
    <nd ref="9978583325" />
    <nd ref="9978583324" />
    <nd ref="6423620291" />
    <nd ref="9978583323" />
    <nd ref="6423620292" />
    <nd ref="9978583322" />
    <nd ref="9978583321" />
    <nd ref="6423620293" />
    <nd ref="9981289463" />
    <nd ref="6423620294" />
    <nd ref="9978583320" />
    <nd ref="6423620295" />
    <nd ref="9978583319" />
    <nd ref="9978583318" />
    <nd ref="6423620297" />
    <nd ref="6423620296" />
    <nd ref="8364364182" />
    <nd ref="1821374627" />
    <nd ref="9978583340" />
    <nd ref="9978583317" />
    <nd ref="9978583337" />
    <nd ref="9978583341" />
    <nd ref="1821374618" />
    <nd ref="8364364183" />
    <nd ref="9978583336" />
    <nd ref="9978583335" />
    <nd ref="12777207681" />
    <nd ref="12777207680" />
    <nd ref="12777207679" />
    <nd ref="12777207678" />
    <nd ref="9981289619" />
    <nd ref="9981289551" />
    <nd ref="12777207677" />
    <nd ref="12777207676" />
    <nd ref="9981289562" />
    <nd ref="9988306069" />
    <nd ref="9978583342" />
    <nd ref="9978583345" />
    <nd ref="12777207682" />
    <nd ref="12777207675" />
    <tag k="landuse" v="grass" />
    <tag k="source" v="BGT" />
  </way>
  <way id="688637346">
    <nd ref="6456270903" />
    <nd ref="693470385" />
    <nd ref="1625294577" />
    <nd ref="1625294560" />
    <nd ref="1625294581" />
    <nd ref="693461121" />
    <nd ref="693463002" />
    <nd ref="1625294575" />
    <nd ref="693512056" />
    <nd ref="693504522" />
    <nd ref="693491848" />
    <nd ref="693498710" />
    <nd ref="693485314" />
    <nd ref="693476487" />
    <nd ref="693467598" />
    <nd ref="6458258948" />
    <nd ref="693477315" />
    <nd ref="6458258947" />
    <nd ref="6458258946" />
    <nd ref="6458258945" />
    <nd ref="6458258944" />
    <nd ref="6458258943" />
    <nd ref="6456270903" />
    <tag k="landuse" v="grass" />
  </way>
  <way id="964639163">
    <nd ref="8922852615" />
    <nd ref="879397767" />
    <nd ref="8496348618" />
    <nd ref="8872109385" />
    <nd ref="8872109388" />
    <nd ref="8872109384" />
    <nd ref="879268173" />
    <nd ref="879358767" />
    <nd ref="879314024" />
    <nd ref="5400928374" />
    <nd ref="5400928375" />
    <nd ref="5400928376" />
    <nd ref="6647021740" />
    <nd ref="8922852594" />
    <nd ref="8922852593" />
    <nd ref="8872109391" />
    <nd ref="8922852592" />
    <nd ref="8922852596" />
    <nd ref="8922852597" />
    <nd ref="879202064" />
    <nd ref="879250421" />
    <nd ref="879336334" />
    <nd ref="8922852598" />
    <nd ref="879373359" />
    <nd ref="8922852599" />
    <nd ref="8922852600" />
    <nd ref="879303439" />
    <nd ref="8922852601" />
    <nd ref="8922852602" />
    <nd ref="879354888" />
    <nd ref="8922852603" />
    <nd ref="8165316003" />
    <nd ref="8922852604" />
    <nd ref="8165316013" />
    <nd ref="8496348619" />
    <nd ref="8165322127" />
    <nd ref="8922852605" />
    <nd ref="8496348620" />
    <nd ref="8922858917" />
    <nd ref="8922858918" />
    <nd ref="8922852581" />
    <nd ref="8922858919" />
    <nd ref="8922858920" />
    <nd ref="8922858921" />
    <nd ref="8922858922" />
    <nd ref="8922858925" />
    <nd ref="8922852615" />
    <tag k="landuse" v="grass" />
    <tag k="source" v="3dShapes" />
  </way>
  <way id="964639177">
    <nd ref="8922859117" />
    <nd ref="8922859160" />
    <nd ref="8922859159" />
    <nd ref="8922859158" />
    <nd ref="8922859157" />
    <nd ref="8922859156" />
    <nd ref="8922859155" />
    <nd ref="8922859154" />
    <nd ref="8922859153" />
    <nd ref="8922859152" />
    <nd ref="8922859151" />
    <nd ref="879397011" />
    <nd ref="8922859016" />
    <nd ref="8922859015" />
    <nd ref="8922859014" />
    <nd ref="8922859309" />
    <nd ref="8922859310" />
    <nd ref="8922859250" />
    <nd ref="8922859251" />
    <nd ref="8922859252" />
    <nd ref="8922859253" />
    <nd ref="8922859254" />
    <nd ref="8922859255" />
    <nd ref="8922859256" />
    <nd ref="8922859257" />
    <nd ref="8922859258" />
    <nd ref="8922859263" />
    <nd ref="8922859261" />
    <nd ref="8922859260" />
    <nd ref="8922859262" />
    <nd ref="8922859259" />
    <nd ref="8922859264" />
    <nd ref="8922859265" />
    <nd ref="8922859269" />
    <nd ref="8922859267" />
    <nd ref="8922859268" />
    <nd ref="8922859266" />
    <nd ref="8922859270" />
    <nd ref="8922859271" />
    <nd ref="8922859272" />
    <nd ref="8922859273" />
    <nd ref="8922859358" />
    <nd ref="8922859359" />
    <nd ref="8922859360" />
    <nd ref="8922858990" />
    <nd ref="8922859338" />
    <nd ref="8922858991" />
    <nd ref="8922859351" />
    <nd ref="8922858992" />
    <nd ref="879351145" />
    <nd ref="8922858993" />
    <nd ref="8922858994" />
    <nd ref="879384586" />
    <nd ref="8922858995" />
    <nd ref="879326666" />
    <nd ref="8922858996" />
    <nd ref="8872086996" />
    <nd ref="879368063" />
    <nd ref="8922858989" />
    <nd ref="8872109392" />
    <nd ref="8922858984" />
    <nd ref="8922858985" />
    <nd ref="8922858986" />
    <nd ref="8922858987" />
    <nd ref="6647021739" />
    <nd ref="879371691" />
    <nd ref="879290532" />
    <nd ref="879390924" />
    <nd ref="879329347" />
    <nd ref="8923173252" />
    <nd ref="8923173251" />
    <nd ref="8923173250" />
    <nd ref="8923173249" />
    <nd ref="879275198" />
    <nd ref="8872109389" />
    <nd ref="879285692" />
    <nd ref="879339979" />
    <nd ref="8922858983" />
    <nd ref="879399716" />
    <nd ref="879240098" />
    <nd ref="879382015" />
    <nd ref="879213342" />
    <nd ref="8922858967" />
    <nd ref="8922858966" />
    <nd ref="8922858965" />
    <nd ref="8922858964" />
    <nd ref="8922858963" />
    <nd ref="879294513" />
    <nd ref="879348336" />
    <nd ref="879360466" />
    <nd ref="879390477" />
    <nd ref="879354585" />
    <nd ref="8922859117" />
    <tag k="landuse" v="meadow" />
    <tag k="source" v="3dShapes" />
  </way>
  <way id="964678477">
    <nd ref="8923173268" />
    <nd ref="8923173253" />
    <nd ref="8923173254" />
    <nd ref="8923173255" />
    <nd ref="8923173256" />
    <nd ref="8923173257" />
    <nd ref="8923173258" />
    <nd ref="8923173262" />
    <nd ref="8923173259" />
    <nd ref="8923173261" />
    <nd ref="8923173260" />
    <nd ref="8923173265" />
    <nd ref="8923173263" />
    <nd ref="8923173264" />
    <nd ref="8923173266" />
    <nd ref="8923173267" />
    <nd ref="8923173278" />
    <nd ref="8923173277" />
    <nd ref="8923173276" />
    <nd ref="8923173275" />
    <nd ref="8923173274" />
    <nd ref="8923173271" />
    <nd ref="8923173272" />
    <nd ref="8923173270" />
    <nd ref="8923173269" />
    <nd ref="8923173273" />
    <nd ref="8923173268" />
    <tag k="landuse" v="grass" />
  </way>
  <way id="964901403">
    <nd ref="8926133883" />
    <nd ref="8926133882" />
    <nd ref="8926133884" />
    <nd ref="8926133885" />
    <nd ref="8926133886" />
    <nd ref="8926133887" />
    <nd ref="8926133888" />
    <nd ref="8926133889" />
    <nd ref="8926133890" />
    <nd ref="8926133891" />
    <nd ref="8926133892" />
    <nd ref="8926133893" />
    <nd ref="8926133894" />
    <nd ref="8926133895" />
    <nd ref="8926133896" />
    <nd ref="8926133897" />
    <nd ref="8926133878" />
    <nd ref="8926133898" />
    <nd ref="8926133877" />
    <nd ref="8926133881" />
    <nd ref="8926133880" />
    <nd ref="8926133879" />
    <nd ref="8926133871" />
    <nd ref="8926133875" />
    <nd ref="8926133874" />
    <nd ref="8926133873" />
    <nd ref="8926133872" />
    <nd ref="8926133876" />
    <nd ref="8926133870" />
    <nd ref="8926133869" />
    <nd ref="8926133868" />
    <nd ref="8926133867" />
    <nd ref="8926133866" />
    <nd ref="8926133865" />
    <nd ref="8926133864" />
    <nd ref="8926133883" />
    <tag k="landuse" v="grass" />
  </way>
  <way id="964901411">
    <nd ref="8926134132" />
    <nd ref="8926134131" />
    <nd ref="8926134130" />
    <nd ref="8926134129" />
    <nd ref="8926134128" />
    <nd ref="8926134127" />
    <nd ref="8926134126" />
    <nd ref="8926134125" />
    <nd ref="8926134124" />
    <nd ref="8926134123" />
    <nd ref="8926134122" />
    <nd ref="8926134121" />
    <nd ref="8926134120" />
    <nd ref="8926134119" />
    <nd ref="8926134118" />
    <nd ref="8926134117" />
    <nd ref="8926134116" />
    <nd ref="8926134115" />
    <nd ref="8926134114" />
    <nd ref="879267741" />
    <nd ref="879399315" />
    <nd ref="879239338" />
    <nd ref="879326008" />
    <nd ref="879367583" />
    <nd ref="879375116" />
    <nd ref="879205730" />
    <nd ref="879284596" />
    <nd ref="879339407" />
    <nd ref="879261145" />
    <nd ref="8926134132" />
    <tag k="landuse" v="grass" />
  </way>
  <way id="1089624852">
    <nd ref="9979447215" />
    <nd ref="9979447173" />
    <nd ref="9979447174" />
    <nd ref="9979447175" />
    <nd ref="9979447176" />
    <nd ref="9979447177" />
    <nd ref="9979447178" />
    <nd ref="9979447179" />
    <nd ref="9979447180" />
    <nd ref="9979447181" />
    <nd ref="5347276844" />
    <nd ref="9979913997" />
    <nd ref="9979913998" />
    <nd ref="9988306089" />
    <nd ref="9981202170" />
    <nd ref="9981202171" />
    <nd ref="9981202172" />
    <nd ref="9981202166" />
    <nd ref="9981202165" />
    <nd ref="9981202164" />
    <nd ref="9981202163" />
    <nd ref="9981202162" />
    <nd ref="9982284505" />
    <nd ref="8364364181" />
    <nd ref="1821374623" />
    <nd ref="9988306095" />
    <nd ref="9979447215" />
    <tag k="landuse" v="grass" />
    <tag k="source" v="BGT" />
  </way>
  <way id="1089633683">
    <nd ref="9981289432" />
    <nd ref="9981289430" />
    <nd ref="9981289429" />
    <nd ref="9981289428" />
    <nd ref="9981289427" />
    <nd ref="9981289426" />
    <nd ref="9981289425" />
    <nd ref="9981289424" />
    <nd ref="9981289423" />
    <nd ref="9981289422" />
    <nd ref="9981289421" />
    <nd ref="9981289420" />
    <nd ref="9981289419" />
    <nd ref="9981289433" />
    <nd ref="9981289434" />
    <nd ref="9981289431" />
    <nd ref="9981289432" />
    <tag k="landuse" v="grass" />
    <tag k="source" v="BGT" />
  </way>
  <way id="1089633691">
    <nd ref="5347276858" />
    <nd ref="5347276857" />
    <nd ref="9979447183" />
    <nd ref="9979447184" />
    <nd ref="9979447185" />
    <nd ref="9979447186" />
    <nd ref="9979447187" />
    <nd ref="5347276856" />
    <nd ref="9979447188" />
    <nd ref="9979447189" />
    <nd ref="9988347570" />
    <nd ref="9979538294" />
    <nd ref="9979538293" />
    <nd ref="9981289459" />
    <nd ref="9981202183" />
    <nd ref="9981202179" />
    <nd ref="9988347573" />
    <nd ref="9981202175" />
    <nd ref="9979913996" />
    <nd ref="9979914000" />
    <nd ref="5347276858" />
    <tag k="landuse" v="grass" />
    <tag k="source" v="BGT" />
  </way>
  <way id="1089633695">
    <nd ref="9979447214" />
    <nd ref="8364364184" />
    <nd ref="9981289472" />
    <nd ref="9981289471" />
    <nd ref="9981289470" />
    <nd ref="9981289469" />
    <nd ref="9981289468" />
    <nd ref="9981289467" />
    <nd ref="9981289466" />
    <nd ref="9981289465" />
    <nd ref="9979538290" />
    <nd ref="9979538296" />
    <nd ref="9988306104" />
    <nd ref="9979538299" />
    <nd ref="5347276846" />
    <nd ref="9979447208" />
    <nd ref="9979447209" />
    <nd ref="9979447210" />
    <nd ref="9979447211" />
    <nd ref="5347276845" />
    <nd ref="9979447212" />
    <nd ref="9979447213" />
    <nd ref="9979447214" />
    <tag k="landuse" v="grass" />
    <tag k="source" v="BGT" />
  </way>
  <way id="1089633696">
    <nd ref="9981289493" />
    <nd ref="9981289492" />
    <nd ref="9981289491" />
    <nd ref="9981289490" />
    <nd ref="9981289489" />
    <nd ref="9981289488" />
    <nd ref="9981289487" />
    <nd ref="9981289486" />
    <nd ref="9981289485" />
    <nd ref="9981289484" />
    <nd ref="9981289483" />
    <nd ref="9981289482" />
    <nd ref="9981289481" />
    <nd ref="9981289480" />
    <nd ref="9981289479" />
    <nd ref="9981289478" />
    <nd ref="9981289477" />
    <nd ref="9981289476" />
    <nd ref="9981289475" />
    <nd ref="9981289474" />
    <nd ref="9981289473" />
    <nd ref="9981289493" />
    <tag k="landuse" v="grass" />
    <tag k="source" v="BGT" />
  </way>
  <way id="1089633698">
    <nd ref="9981289510" />
    <nd ref="9979561012" />
    <nd ref="9981289508" />
    <nd ref="9981289507" />
    <nd ref="9981289506" />
    <nd ref="9981289505" />
    <nd ref="9981289504" />
    <nd ref="9981289503" />
    <nd ref="9981289502" />
    <nd ref="9981289501" />
    <nd ref="9981289500" />
    <nd ref="9981289511" />
    <nd ref="9981289514" />
    <nd ref="7104558708" />
    <nd ref="9981289509" />
    <nd ref="9981289510" />
    <tag k="landuse" v="grass" />
    <tag k="source" v="BGT" />
  </way>
  <way id="1089633717">
    <nd ref="9981289542" />
    <nd ref="2853605501" />
    <nd ref="9978583352" />
    <nd ref="9981289556" />
    <nd ref="9978583353" />
    <nd ref="9988347590" />
    <nd ref="9988347577" />
    <nd ref="9988347589" />
    <nd ref="9988347588" />
    <nd ref="9988347587" />
    <nd ref="9988347586" />
    <nd ref="9988347585" />
    <nd ref="9988347584" />
    <nd ref="9988347583" />
    <nd ref="9988347582" />
    <nd ref="9988347581" />
    <nd ref="9988347580" />
    <nd ref="9988347579" />
    <nd ref="9988347578" />
    <nd ref="9978541385" />
    <nd ref="9978541384" />
    <nd ref="9978541383" />
    <nd ref="9978541382" />
    <nd ref="9978541381" />
    <nd ref="9978541380" />
    <nd ref="9978541379" />
    <nd ref="9978541378" />
    <nd ref="9981289555" />
    <nd ref="9981289543" />
    <nd ref="9981289542" />
    <tag k="landuse" v="grass" />
    <tag k="source" v="BGT" />
  </way>
  <way id="1089633721">
    <nd ref="9981289541" />
    <nd ref="9981289554" />
    <nd ref="9988306061" />
    <nd ref="9988306062" />
    <nd ref="9988306063" />
    <nd ref="9988306064" />
    <nd ref="9988306065" />
    <nd ref="9988306066" />
    <nd ref="9988306067" />
    <nd ref="9988306068" />
    <nd ref="9985776803" />
    <nd ref="9985776804" />
    <nd ref="9983036349" />
    <nd ref="9983036348" />
    <nd ref="9983036343" />
    <nd ref="9983036344" />
    <nd ref="9983036345" />
    <nd ref="9983036346" />
    <nd ref="9981289553" />
    <nd ref="9981289552" />
    <nd ref="9981289538" />
    <nd ref="2853605505" />
    <nd ref="9981289540" />
    <nd ref="9981289541" />
    <tag k="landuse" v="grass" />
    <tag k="source" v="BGT" />
  </way>
  <way id="1089633723">
    <nd ref="9982066338" />
    <nd ref="9982066337" />
    <nd ref="9982066336" />
    <nd ref="9982066335" />
    <nd ref="9982066334" />
    <nd ref="9982066333" />
    <nd ref="9982066332" />
    <nd ref="9982066331" />
    <nd ref="9981289632" />
    <nd ref="9981289587" />
    <nd ref="9981289631" />
    <nd ref="9982066345" />
    <nd ref="12777207670" />
    <nd ref="12777207669" />
    <nd ref="12777207668" />
    <nd ref="12777207667" />
    <nd ref="9981289567" />
    <nd ref="9981289623" />
    <nd ref="2853605510" />
    <nd ref="2853605515" />
    <nd ref="773271820" />
    <nd ref="9981289563" />
    <nd ref="8693075586" />
    <nd ref="12777207666" />
    <nd ref="12777207665" />
    <nd ref="12777207664" />
    <nd ref="9982066338" />
    <tag k="landuse" v="grass" />
    <tag k="source" v="BGT" />
  </way>
  <way id="1089725579">
    <nd ref="9982066351" />
    <nd ref="9982066346" />
    <nd ref="12777207662" />
    <nd ref="12777207661" />
    <nd ref="12777207660" />
    <nd ref="12777207659" />
    <nd ref="12777207658" />
    <nd ref="12777207657" />
    <nd ref="12777207656" />
    <nd ref="9982066223" />
    <nd ref="9982066222" />
    <nd ref="9981289635" />
    <nd ref="9982066348" />
    <nd ref="9981289634" />
    <nd ref="9982066349" />
    <nd ref="9982066350" />
    <nd ref="9982066351" />
    <tag k="landuse" v="grass" />
    <tag k="source" v="BGT" />
  </way>
  <way id="1089725582">
    <nd ref="12777207690" />
    <nd ref="9982066286" />
    <nd ref="9982066275" />
    <nd ref="9982066274" />
    <nd ref="717752440" />
    <nd ref="9982066285" />
    <nd ref="9982066283" />
    <nd ref="9982066282" />
    <nd ref="9982066281" />
    <nd ref="9982066284" />
    <nd ref="9982066280" />
    <nd ref="9982066278" />
    <nd ref="9982066277" />
    <nd ref="9982066276" />
    <nd ref="9982066279" />
    <nd ref="717738323" />
    <nd ref="8693075581" />
    <nd ref="8693075582" />
    <nd ref="717824612" />
    <nd ref="12777207688" />
    <nd ref="12777207686" />
    <nd ref="12777207687" />
    <nd ref="12777207689" />
    <nd ref="12777207685" />
    <nd ref="12777207684" />
    <nd ref="12777207690" />
    <tag k="landuse" v="grass" />
    <tag k="source" v="BGT" />
  </way>
  <way id="1089725583">
    <nd ref="9982066330" />
    <nd ref="9982066329" />
    <nd ref="9982066328" />
    <nd ref="9982066326" />
    <nd ref="9982066325" />
    <nd ref="12777207663" />
    <nd ref="9982066321" />
    <nd ref="9982066320" />
    <nd ref="9982066319" />
    <nd ref="9982066318" />
    <nd ref="9982066317" />
    <nd ref="9982066316" />
    <nd ref="9982066315" />
    <nd ref="9982066314" />
    <nd ref="9982066313" />
    <nd ref="9982066312" />
    <nd ref="9982066311" />
    <nd ref="9982066310" />
    <nd ref="9982066309" />
    <nd ref="9982066308" />
    <nd ref="9982066307" />
    <nd ref="9982066306" />
    <nd ref="9982066330" />
    <tag k="landuse" v="grass" />
    <tag k="source" v="BGT" />
  </way>
  <way id="1089748951">
    <nd ref="9982162795" />
    <nd ref="9982162794" />
    <nd ref="9982162793" />
    <nd ref="9982162772" />
    <nd ref="9982162773" />
    <nd ref="9982162774" />
    <nd ref="9982162775" />
    <nd ref="9982162776" />
    <nd ref="9982162777" />
    <nd ref="9982162778" />
    <nd ref="9982162779" />
    <nd ref="9982162780" />
    <nd ref="9982284378" />
    <nd ref="9982284381" />
    <nd ref="9982284380" />
    <nd ref="9982284379" />
    <nd ref="9982162781" />
    <nd ref="9982162782" />
    <nd ref="9982162783" />
    <nd ref="9982162784" />
    <nd ref="9982162785" />
    <nd ref="9982162786" />
    <nd ref="9982162787" />
    <nd ref="9982162789" />
    <nd ref="9982162788" />
    <nd ref="9982162795" />
    <tag k="landuse" v="grass" />
    <tag k="source" v="BGT" />
  </way>
  <way id="1089748955">
    <nd ref="717788018" />
    <nd ref="9982284321" />
    <nd ref="9982284320" />
    <nd ref="9982284319" />
    <nd ref="9982284318" />
    <nd ref="9982284317" />
    <nd ref="9982162816" />
    <nd ref="9982162815" />
    <nd ref="9982162814" />
    <nd ref="9982162813" />
    <nd ref="9982162812" />
    <nd ref="9982162811" />
    <nd ref="9982162810" />
    <nd ref="9982162809" />
    <nd ref="9982162808" />
    <nd ref="9982162807" />
    <nd ref="9982162796" />
    <nd ref="9982162802" />
    <nd ref="717834264" />
    <nd ref="717788018" />
    <tag k="landuse" v="grass" />
    <tag k="source" v="BGT" />
  </way>
  <way id="1089748974">
    <nd ref="9982284410" />
    <nd ref="9982284409" />
    <nd ref="9982284408" />
    <nd ref="9982284407" />
    <nd ref="9982284406" />
    <nd ref="9982284405" />
    <nd ref="9982284404" />
    <nd ref="9982284403" />
    <nd ref="9982284402" />
    <nd ref="9982284401" />
    <nd ref="9982284414" />
    <nd ref="9982284411" />
    <nd ref="9982284412" />
    <nd ref="9982284413" />
    <nd ref="9982284415" />
    <nd ref="9982284410" />
    <tag k="landuse" v="grass" />
    <tag k="source" v="BGT" />
  </way>
  <way id="1089748975">
    <nd ref="9982284427" />
    <nd ref="9982284424" />
    <nd ref="9982284426" />
    <nd ref="9982284423" />
    <nd ref="9982284425" />
    <nd ref="9982284422" />
    <nd ref="9982284421" />
    <nd ref="9982284420" />
    <nd ref="9982284419" />
    <nd ref="9982284418" />
    <nd ref="9982284417" />
    <nd ref="9982284427" />
    <tag k="landuse" v="grass" />
    <tag k="source" v="BGT" />
  </way>
  <way id="1089748976">
    <nd ref="9982284462" />
    <nd ref="9982284459" />
    <nd ref="9982284461" />
    <nd ref="9982284458" />
    <nd ref="9982284460" />
    <nd ref="9982284457" />
    <nd ref="9982284454" />
    <nd ref="9982284456" />
    <nd ref="9982284453" />
    <nd ref="9982284455" />
    <nd ref="9982284452" />
    <nd ref="9982284451" />
    <nd ref="9982284450" />
    <nd ref="9982284449" />
    <nd ref="9982284439" />
    <nd ref="9982284448" />
    <nd ref="9982284440" />
    <nd ref="9982284447" />
    <nd ref="9982284446" />
    <nd ref="9982284443" />
    <nd ref="9982284445" />
    <nd ref="9982284441" />
    <nd ref="9982284444" />
    <nd ref="9982284442" />
    <nd ref="9982284462" />
    <tag k="landuse" v="grass" />
    <tag k="source" v="BGT" />
  </way>
  <way id="1090189524">
    <nd ref="9983036351" />
    <nd ref="9983036350" />
    <nd ref="9985776909" />
    <nd ref="9985776804" />
    <nd ref="9985776803" />
    <nd ref="9985776802" />
    <nd ref="9985776801" />
    <nd ref="9985776800" />
    <nd ref="9985776799" />
    <nd ref="9985776798" />
    <nd ref="9985776797" />
    <nd ref="9985776795" />
    <nd ref="9985776794" />
    <nd ref="9985776793" />
    <nd ref="9985776792" />
    <nd ref="9985776791" />
    <nd ref="9985776790" />
    <nd ref="9985776789" />
    <nd ref="9985776788" />
    <nd ref="9985776787" />
    <nd ref="9985776786" />
    <nd ref="9985776785" />
    <nd ref="9985776784" />
    <nd ref="9985776783" />
    <nd ref="9985776782" />
    <nd ref="9985776781" />
    <nd ref="9985776780" />
    <nd ref="9985776779" />
    <nd ref="9985776778" />
    <nd ref="9985776777" />
    <nd ref="9985776776" />
    <nd ref="9985776775" />
    <nd ref="9985776774" />
    <nd ref="9985776773" />
    <nd ref="9985776772" />
    <nd ref="9985776771" />
    <nd ref="9985776770" />
    <nd ref="9985776769" />
    <nd ref="9985776768" />
    <nd ref="9985776767" />
    <nd ref="9983036372" />
    <nd ref="9983036374" />
    <nd ref="9985776766" />
    <nd ref="9985776765" />
    <nd ref="9985776764" />
    <nd ref="9985776763" />
    <nd ref="9985776762" />
    <nd ref="9985776761" />
    <nd ref="9985776760" />
    <nd ref="9985776759" />
    <nd ref="9985776758" />
    <nd ref="9985776757" />
    <nd ref="9985776752" />
    <nd ref="9985776751" />
    <nd ref="9985776750" />
    <nd ref="9985776749" />
    <nd ref="9985776748" />
    <nd ref="9985776747" />
    <nd ref="9985776746" />
    <nd ref="9985776745" />
    <nd ref="9985776744" />
    <nd ref="9985776743" />
    <nd ref="9985776742" />
    <nd ref="9985776741" />
    <nd ref="9985776740" />
    <nd ref="9985776739" />
    <nd ref="9985776738" />
    <nd ref="9985776737" />
    <nd ref="9985776736" />
    <nd ref="9985776735" />
    <nd ref="9985776734" />
    <nd ref="9985776733" />
    <nd ref="9985776732" />
    <nd ref="9985776731" />
    <nd ref="9985776730" />
    <nd ref="9985776729" />
    <nd ref="9981289531" />
    <nd ref="9985776728" />
    <nd ref="9985776727" />
    <nd ref="9983036347" />
    <nd ref="9983036351" />
    <tag k="landuse" v="grass" />
    <tag k="source" v="BGT" />
  </way>
  <way id="1090189538">
    <nd ref="9985776957" />
    <nd ref="9985776956" />
    <nd ref="9985776955" />
    <nd ref="9985776954" />
    <nd ref="9985776953" />
    <nd ref="9985776952" />
    <nd ref="9985776951" />
    <nd ref="9985776950" />
    <nd ref="9985776949" />
    <nd ref="9985776948" />
    <nd ref="9985776947" />
    <nd ref="9985776946" />
    <nd ref="9985776945" />
    <nd ref="9985776944" />
    <nd ref="9985776943" />
    <nd ref="9985776942" />
    <nd ref="9985776941" />
    <nd ref="9985776940" />
    <nd ref="9985776939" />
    <nd ref="9985776938" />
    <nd ref="9985776937" />
    <nd ref="9985776936" />
    <nd ref="9985776935" />
    <nd ref="9985776934" />
    <nd ref="9985776933" />
    <nd ref="9985776932" />
    <nd ref="9985776931" />
    <nd ref="9985776957" />
    <tag k="landuse" v="grass" />
    <tag k="source" v="BGT" />
  </way>
  <way id="1090189539">
    <nd ref="9985776975" />
    <nd ref="9985776974" />
    <nd ref="9985776973" />
    <nd ref="9985776972" />
    <nd ref="9985776970" />
    <nd ref="9985776962" />
    <nd ref="9985776963" />
    <nd ref="9985776964" />
    <nd ref="9985776965" />
    <nd ref="9985776966" />
    <nd ref="9985776967" />
    <nd ref="9985776969" />
    <nd ref="9985776961" />
    <nd ref="9985776960" />
    <nd ref="9985776975" />
    <tag k="landuse" v="grass" />
    <tag k="source" v="BGT" />
  </way>
  <way id="1090189543">
    <nd ref="9984092360" />
    <nd ref="9984092359" />
    <nd ref="9985777060" />
    <nd ref="12777200879" />
    <nd ref="12777200880" />
    <nd ref="12777200881" />
    <nd ref="12777200882" />
    <nd ref="12777200883" />
    <nd ref="12777200884" />
    <nd ref="9985777059" />
    <nd ref="9985777058" />
    <nd ref="9985777057" />
    <nd ref="9985777056" />
    <nd ref="9985777055" />
    <nd ref="9985777054" />
    <nd ref="9985777053" />
    <nd ref="9985777052" />
    <nd ref="9985777051" />
    <nd ref="9985777050" />
    <nd ref="9985777049" />
    <nd ref="9985777048" />
    <nd ref="9985777047" />
    <nd ref="9985777046" />
    <nd ref="9985777045" />
    <nd ref="9985777044" />
    <nd ref="9985777043" />
    <nd ref="9985777042" />
    <nd ref="9985777041" />
    <nd ref="9985777040" />
    <nd ref="9985777039" />
    <nd ref="9985777038" />
    <nd ref="9985777037" />
    <nd ref="9985777036" />
    <nd ref="9985777035" />
    <nd ref="9985777034" />
    <nd ref="9985777033" />
    <nd ref="9985777032" />
    <nd ref="9985777031" />
    <nd ref="9985777030" />
    <nd ref="9985777029" />
    <nd ref="9985777028" />
    <nd ref="9985777027" />
    <nd ref="9985777026" />
    <nd ref="9985777025" />
    <nd ref="9985777024" />
    <nd ref="9985777023" />
    <nd ref="9985777022" />
    <nd ref="9985777021" />
    <nd ref="9984092335" />
    <nd ref="9984092334" />
    <nd ref="9984092333" />
    <nd ref="9985777020" />
    <nd ref="9985777019" />
    <nd ref="9985781385" />
    <nd ref="9985777018" />
    <nd ref="9985777017" />
    <nd ref="9985777016" />
    <nd ref="9985777015" />
    <nd ref="9985777014" />
    <nd ref="9985777013" />
    <nd ref="9985777012" />
    <nd ref="9985777011" />
    <nd ref="9985777010" />
    <nd ref="9985777009" />
    <nd ref="9988835036" />
    <nd ref="9984092360" />
    <tag k="landuse" v="grass" />
    <tag k="source" v="BGT" />
  </way>
  <way id="1090493035">
    <nd ref="9988329571" />
    <nd ref="9988329570" />
    <nd ref="9988329569" />
    <nd ref="9988329568" />
    <nd ref="9988329567" />
    <nd ref="9988329566" />
    <nd ref="9988329565" />
    <nd ref="9988329564" />
    <nd ref="9988329563" />
    <nd ref="9988329562" />
    <nd ref="9988329561" />
    <nd ref="9988329560" />
    <nd ref="9988329559" />
    <nd ref="9988329558" />
    <nd ref="9988329557" />
    <nd ref="9988329556" />
    <nd ref="9988329555" />
    <nd ref="9988329554" />
    <nd ref="9988329549" />
    <nd ref="9988329550" />
    <nd ref="9988329552" />
    <nd ref="9988329548" />
    <nd ref="9988814154" />
    <nd ref="9988329547" />
    <nd ref="9988329546" />
    <nd ref="9988329545" />
    <nd ref="9985776830" />
    <nd ref="9985776831" />
    <nd ref="9988329571" />
    <tag k="landuse" v="grass" />
    <tag k="source" v="BGT" />
  </way>
  <way id="1090493036">
    <nd ref="9988329616" />
    <nd ref="9988329615" />
    <nd ref="9988329614" />
    <nd ref="9988329613" />
    <nd ref="9988329612" />
    <nd ref="9988329611" />
    <nd ref="9988329610" />
    <nd ref="9988329609" />
    <nd ref="9988329608" />
    <nd ref="9988329607" />
    <nd ref="9988329606" />
    <nd ref="9988329605" />
    <nd ref="9988329604" />
    <nd ref="9988329603" />
    <nd ref="9988329602" />
    <nd ref="9988329601" />
    <nd ref="9988329600" />
    <nd ref="9988329599" />
    <nd ref="9988329598" />
    <nd ref="9988329597" />
    <nd ref="9988329596" />
    <nd ref="9988329595" />
    <nd ref="9988329594" />
    <nd ref="9988329593" />
    <nd ref="9988329592" />
    <nd ref="9988329583" />
    <nd ref="9988329589" />
    <nd ref="9988329584" />
    <nd ref="9988329591" />
    <nd ref="9988329585" />
    <nd ref="9988329588" />
    <nd ref="9988329586" />
    <nd ref="9988329587" />
    <nd ref="9988329590" />
    <nd ref="9988329582" />
    <nd ref="9988329581" />
    <nd ref="9988329580" />
    <nd ref="9988329579" />
    <nd ref="9988329578" />
    <nd ref="9988329577" />
    <nd ref="9988329576" />
    <nd ref="9988329575" />
    <nd ref="9988329574" />
    <nd ref="9988329573" />
    <nd ref="9988329572" />
    <nd ref="9988329616" />
    <tag k="landuse" v="grass" />
    <tag k="source" v="BGT" />
  </way>
  <way id="1090493037">
    <nd ref="9988329649" />
    <nd ref="9988329648" />
    <nd ref="9988329647" />
    <nd ref="9988329646" />
    <nd ref="9988329645" />
    <nd ref="9988329644" />
    <nd ref="9988329643" />
    <nd ref="9988329642" />
    <nd ref="9988329641" />
    <nd ref="9988329618" />
    <nd ref="9988329617" />
    <nd ref="9988329638" />
    <nd ref="9988329620" />
    <nd ref="9988329619" />
    <nd ref="9988329637" />
    <nd ref="9988329622" />
    <nd ref="9988329621" />
    <nd ref="9988329640" />
    <nd ref="9988329624" />
    <nd ref="9988329625" />
    <nd ref="9988329623" />
    <nd ref="9988329636" />
    <nd ref="9988329626" />
    <nd ref="9988329627" />
    <nd ref="9988329639" />
    <nd ref="9988329635" />
    <nd ref="9988329628" />
    <nd ref="9988329632" />
    <nd ref="9988329629" />
    <nd ref="9988329634" />
    <nd ref="9988329630" />
    <nd ref="9988329631" />
    <nd ref="9988329633" />
    <nd ref="9988329649" />
    <tag k="landuse" v="grass" />
    <tag k="source" v="BGT" />
  </way>
  <way id="1090493038">
    <nd ref="9988329669" />
    <nd ref="9988329652" />
    <nd ref="9988329666" />
    <nd ref="9988329651" />
    <nd ref="9988329668" />
    <nd ref="9988329650" />
    <nd ref="9988329665" />
    <nd ref="9988329667" />
    <nd ref="9988329664" />
    <nd ref="9988329663" />
    <nd ref="9988329662" />
    <nd ref="9988329661" />
    <nd ref="9988329660" />
    <nd ref="9988329659" />
    <nd ref="9988329658" />
    <nd ref="9988329657" />
    <nd ref="9988329656" />
    <nd ref="9988329655" />
    <nd ref="9988329654" />
    <nd ref="9988329653" />
    <nd ref="9988329669" />
    <tag k="landuse" v="grass" />
    <tag k="source" v="BGT" />
  </way>
  <way id="1090497084">
    <nd ref="9988306107" />
    <nd ref="9981289457" />
    <nd ref="9981289458" />
    <nd ref="9979561011" />
    <nd ref="9981202191" />
    <nd ref="9981202190" />
    <nd ref="9981202192" />
    <nd ref="9981202193" />
    <nd ref="9988306114" />
    <nd ref="9988306113" />
    <nd ref="9988306112" />
    <nd ref="9988306111" />
    <nd ref="9988306110" />
    <nd ref="9988306109" />
    <nd ref="9988306108" />
    <nd ref="9988306107" />
    <tag k="landuse" v="grass" />
    <tag k="source" v="BGT" />
  </way>
  <way id="1090533427">
    <nd ref="9988329571" />
    <nd ref="9988329570" />
    <nd ref="9988666357" />
    <nd ref="9988666356" />
    <nd ref="9988666355" />
    <nd ref="9988666354" />
    <nd ref="9988666353" />
    <nd ref="9988666352" />
    <nd ref="9988666350" />
    <nd ref="9988666351" />
    <nd ref="9988666349" />
    <nd ref="9988666348" />
    <nd ref="9988666347" />
    <nd ref="9988666346" />
    <nd ref="9988666345" />
    <nd ref="9988666360" />
    <nd ref="9988666361" />
    <nd ref="9988666362" />
    <nd ref="9988666363" />
    <nd ref="9988666364" />
    <nd ref="9988666365" />
    <nd ref="9988666366" />
    <nd ref="9988666368" />
    <nd ref="9988666367" />
    <nd ref="9988666369" />
    <nd ref="9988666370" />
    <nd ref="9985776829" />
    <nd ref="9985776832" />
    <nd ref="9988329571" />
    <tag k="landuse" v="grass" />
    <tag k="source" v="BGT" />
  </way>
  <way id="1090533450">
    <nd ref="9988683925" />
    <nd ref="9988683892" />
    <nd ref="9988683891" />
    <nd ref="9988683890" />
    <nd ref="9988683889" />
    <nd ref="9988683888" />
    <nd ref="9988683887" />
    <nd ref="9988683886" />
    <nd ref="9988683885" />
    <nd ref="9988683884" />
    <nd ref="9988683883" />
    <nd ref="1196949563" />
    <nd ref="9988683925" />
    <tag k="landuse" v="grass" />
    <tag k="source" v="BGT" />
  </way>
  <way id="1090533451">
    <nd ref="9988683921" />
    <nd ref="9988683920" />
    <nd ref="9988683919" />
    <nd ref="9988683918" />
    <nd ref="9988683917" />
    <nd ref="9988683916" />
    <nd ref="9988683915" />
    <nd ref="9988683914" />
    <nd ref="9988683913" />
    <nd ref="9988683912" />
    <nd ref="9988683911" />
    <nd ref="9988683910" />
    <nd ref="9988683909" />
    <nd ref="9988683908" />
    <nd ref="9988683907" />
    <nd ref="9988683880" />
    <nd ref="9988683906" />
    <nd ref="9988683905" />
    <nd ref="9988683904" />
    <nd ref="9988683903" />
    <nd ref="9988683902" />
    <nd ref="9988683901" />
    <nd ref="9988683900" />
    <nd ref="9988683899" />
    <nd ref="9988683898" />
    <nd ref="9988683897" />
    <nd ref="9988683896" />
    <nd ref="9988683921" />
    <tag k="landuse" v="grass" />
    <tag k="source" v="BGT" />
  </way>
  <way id="1090533453">
    <nd ref="9988683948" />
    <nd ref="9988683946" />
    <nd ref="9988683945" />
    <nd ref="9988683944" />
    <nd ref="9988683943" />
    <nd ref="9988683942" />
    <nd ref="9988683941" />
    <nd ref="9988683940" />
    <nd ref="9988683939" />
    <nd ref="9988683938" />
    <nd ref="9988683937" />
    <nd ref="9988683936" />
    <nd ref="9988683935" />
    <nd ref="9988683934" />
    <nd ref="9988683933" />
    <nd ref="9988683932" />
    <nd ref="9988683931" />
    <nd ref="9988683930" />
    <nd ref="9988683929" />
    <nd ref="9988683928" />
    <nd ref="2994783977" />
    <nd ref="9988683949" />
    <nd ref="9988683950" />
    <nd ref="9988683947" />
    <nd ref="9988683948" />
    <tag k="landuse" v="grass" />
    <tag k="source" v="BGT" />
  </way>
  <way id="1090533456">
    <nd ref="9988683954" />
    <nd ref="9988683953" />
    <nd ref="9988683952" />
    <nd ref="9988683955" />
    <nd ref="9984092340" />
    <nd ref="2994783973" />
    <nd ref="9984092339" />
    <nd ref="9984092338" />
    <nd ref="9984092337" />
    <nd ref="9984092336" />
    <nd ref="9988683979" />
    <nd ref="9988683978" />
    <nd ref="9988683977" />
    <nd ref="9988683976" />
    <nd ref="9988683975" />
    <nd ref="9988683974" />
    <nd ref="9988683973" />
    <nd ref="9988683972" />
    <nd ref="9988683954" />
    <tag k="landuse" v="grass" />
    <tag k="source" v="BGT" />
  </way>
  <way id="1090533463">
    <nd ref="1196949561" />
    <nd ref="9988684003" />
    <nd ref="9988684002" />
    <nd ref="9988684001" />
    <nd ref="9988684000" />
    <nd ref="9988683999" />
    <nd ref="9988683998" />
    <nd ref="9988683997" />
    <nd ref="9988683996" />
    <nd ref="9988683995" />
    <nd ref="9988683994" />
    <nd ref="9988683993" />
    <nd ref="9988683992" />
    <nd ref="9988683991" />
    <nd ref="9988683990" />
    <nd ref="9988683989" />
    <nd ref="9988683988" />
    <nd ref="9988683987" />
    <nd ref="9988683879" />
    <nd ref="9988683986" />
    <nd ref="9988683985" />
    <nd ref="1196949561" />
    <tag k="landuse" v="grass" />
    <tag k="source" v="BGT" />
  </way>
  <way id="1090546213">
    <nd ref="9988767783" />
    <nd ref="9988767803" />
    <nd ref="9988767808" />
    <nd ref="9988767801" />
    <nd ref="9988767799" />
    <nd ref="9988767800" />
    <nd ref="9988767796" />
    <nd ref="9988767795" />
    <nd ref="9988767794" />
    <nd ref="9988767793" />
    <nd ref="9988767792" />
    <nd ref="9988767791" />
    <nd ref="9988767790" />
    <nd ref="9988767789" />
    <nd ref="9988767788" />
    <nd ref="9988767787" />
    <nd ref="9988767781" />
    <nd ref="9988767780" />
    <nd ref="9988767779" />
    <nd ref="9988767778" />
    <nd ref="9988767777" />
    <nd ref="9988767809" />
    <nd ref="9988767806" />
    <nd ref="9988767807" />
    <nd ref="9988767783" />
    <tag k="landuse" v="grass" />
    <tag k="source" v="BGT" />
  </way>
  <way id="1090547012">
    <nd ref="9988773266" />
    <nd ref="9988773265" />
    <nd ref="9988773264" />
    <nd ref="9988773263" />
    <nd ref="9988767754" />
    <nd ref="9988767748" />
    <nd ref="9988767749" />
    <nd ref="9988767750" />
    <nd ref="9988767747" />
    <nd ref="9988767751" />
    <nd ref="9988767746" />
    <nd ref="9994479770" />
    <nd ref="9988773262" />
    <nd ref="9988773261" />
    <nd ref="9988773260" />
    <nd ref="9988773259" />
    <nd ref="9988773258" />
    <nd ref="9988773257" />
    <nd ref="9988773256" />
    <nd ref="9988773255" />
    <nd ref="9988773266" />
    <tag k="landuse" v="grass" />
    <tag k="source" v="BGT" />
  </way>
  <way id="1090549987">
    <nd ref="9984092354" />
    <nd ref="9984092353" />
    <nd ref="9988805205" />
    <nd ref="9988805204" />
    <nd ref="9984031788" />
    <nd ref="9984031778" />
    <nd ref="9984031777" />
    <nd ref="9984031776" />
    <nd ref="9984031775" />
    <nd ref="2994783975" />
    <nd ref="9984092358" />
    <nd ref="9984092357" />
    <nd ref="9984092356" />
    <nd ref="9984092355" />
    <nd ref="9984092354" />
    <tag k="landuse" v="grass" />
    <tag k="source" v="BGT" />
  </way>
  <way id="1090552803">
    <nd ref="9984092330" />
    <nd ref="9984092331" />
    <nd ref="9988822036" />
    <nd ref="2994783974" />
    <nd ref="9988822035" />
    <nd ref="9984092330" />
    <tag k="landuse" v="grass" />
    <tag k="source" v="BGT" />
  </way>
  <way id="1090552804">
    <nd ref="9988822097" />
    <nd ref="9988822102" />
    <nd ref="9988822038" />
    <nd ref="9988822037" />
    <nd ref="9988822097" />
    <tag k="landuse" v="grass" />
    <tag k="source" v="BGT" />
  </way>
  <way id="1090552805">
    <nd ref="9988822050" />
    <nd ref="9988822051" />
    <nd ref="9988822052" />
    <nd ref="9988822053" />
    <nd ref="9988822054" />
    <nd ref="9988822049" />
    <nd ref="9988822048" />
    <nd ref="9988822047" />
    <nd ref="9988822046" />
    <nd ref="9988822045" />
    <nd ref="9988822044" />
    <nd ref="9988822043" />
    <nd ref="9988822040" />
    <nd ref="9988822042" />
    <nd ref="9988822039" />
    <nd ref="9988822041" />
    <nd ref="9988822050" />
    <tag k="landuse" v="grass" />
    <tag k="source" v="BGT" />
  </way>
  <way id="1091852635">
    <nd ref="9999671614" />
    <nd ref="9999671613" />
    <nd ref="9999671612" />
    <nd ref="9999671608" />
    <nd ref="9999671610" />
    <nd ref="9999671609" />
    <nd ref="9999671611" />
    <nd ref="9999671614" />
    <tag k="landuse" v="grass" />
    <tag k="source" v="BGT" />
  </way>
  <way id="1091856155">
    <nd ref="9999671585" />
    <nd ref="9999671582" />
    <nd ref="9999671586" />
    <nd ref="9999695104" />
    <nd ref="9999695103" />
    <nd ref="9999695102" />
    <nd ref="9999695101" />
    <nd ref="9999695100" />
    <nd ref="9999695099" />
    <nd ref="9999695098" />
    <nd ref="9999695097" />
    <nd ref="9999671585" />
    <tag k="landuse" v="grass" />
    <tag k="source" v="BGT" />
  </way>
  <way id="1091856158">
    <nd ref="9999723730" />
    <nd ref="9999723729" />
    <nd ref="9999723726" />
    <nd ref="9999723728" />
    <nd ref="9999723725" />
    <nd ref="9999723727" />
    <nd ref="9999723724" />
    <nd ref="9999723723" />
    <nd ref="9999695107" />
    <nd ref="9999723722" />
    <nd ref="9999723721" />
    <nd ref="9999723719" />
    <nd ref="9999723720" />
    <nd ref="9999723718" />
    <nd ref="9999723730" />
    <tag k="landuse" v="grass" />
    <tag k="source" v="BGT" />
  </way>
  <way id="1091856167">
    <nd ref="9994802914" />
    <nd ref="2853605617" />
    <nd ref="2853605618" />
    <nd ref="9999155125" />
    <nd ref="9999155126" />
    <nd ref="9994863035" />
    <nd ref="9994863036" />
    <nd ref="9994863037" />
    <nd ref="9994863034" />
    <nd ref="9994863029" />
    <nd ref="9994863030" />
    <nd ref="9994863031" />
    <nd ref="9999723800" />
    <nd ref="9994863024" />
    <nd ref="9994863025" />
    <nd ref="9994863026" />
    <nd ref="9999155128" />
    <nd ref="9999155127" />
    <nd ref="2853605613" />
    <nd ref="2853605604" />
    <nd ref="9994863017" />
    <nd ref="9994863018" />
    <nd ref="9994863019" />
    <nd ref="9994863023" />
    <nd ref="9994863022" />
    <nd ref="9994845712" />
    <nd ref="9994845713" />
    <nd ref="9994845714" />
    <nd ref="9994845711" />
    <nd ref="9994845707" />
    <nd ref="9994845708" />
    <nd ref="9994845694" />
    <nd ref="9994845695" />
    <nd ref="9994845696" />
    <nd ref="9994845697" />
    <nd ref="9994845698" />
    <nd ref="9994845701" />
    <nd ref="9994845702" />
    <nd ref="9994845703" />
    <nd ref="9994845704" />
    <nd ref="2853601866" />
    <nd ref="2853601844" />
    <nd ref="9994845670" />
    <nd ref="9994845671" />
    <nd ref="9994845672" />
    <nd ref="9994845675" />
    <nd ref="9994845676" />
    <nd ref="9994845677" />
    <nd ref="9994845678" />
    <nd ref="9994845681" />
    <nd ref="9999723799" />
    <nd ref="9994845688" />
    <nd ref="9994845689" />
    <nd ref="9994845690" />
    <nd ref="9994845691" />
    <nd ref="9994845682" />
    <nd ref="9994845683" />
    <nd ref="9994845684" />
    <nd ref="9994845685" />
    <nd ref="2853601834" />
    <nd ref="2853605516" />
    <nd ref="9994845652" />
    <nd ref="9994845653" />
    <nd ref="9994845654" />
    <nd ref="9994845657" />
    <nd ref="9994845658" />
    <nd ref="9994845659" />
    <nd ref="9994845660" />
    <nd ref="9994845663" />
    <nd ref="9994845664" />
    <nd ref="9994845665" />
    <nd ref="9994845666" />
    <nd ref="9994845667" />
    <nd ref="2853605511" />
    <nd ref="9994845651" />
    <nd ref="2853605508" />
    <nd ref="9999723808" />
    <nd ref="9999723807" />
    <nd ref="9999723806" />
    <nd ref="9999723805" />
    <nd ref="9999723809" />
    <nd ref="9999723804" />
    <nd ref="9999723803" />
    <nd ref="9999723802" />
    <nd ref="9999723801" />
    <nd ref="9999695106" />
    <nd ref="9994803830" />
    <nd ref="9994803829" />
    <nd ref="9994803828" />
    <nd ref="9994803827" />
    <nd ref="9994803826" />
    <nd ref="9994803825" />
    <nd ref="3916179136" />
    <nd ref="9994803824" />
    <nd ref="9994803823" />
    <nd ref="9994845644" />
    <nd ref="3916179135" />
    <nd ref="9994845645" />
    <nd ref="9994803822" />
    <nd ref="9994803821" />
    <nd ref="9994803820" />
    <nd ref="9994803819" />
    <nd ref="9994803818" />
    <nd ref="9994803817" />
    <nd ref="9994802916" />
    <nd ref="9994802915" />
    <nd ref="9994802914" />
    <tag k="landuse" v="grass" />
    <tag k="source" v="BGT" />
  </way>
  <way id="1092059038">
    <nd ref="10001575674" />
    <nd ref="10001575670" />
    <nd ref="10001575669" />
    <nd ref="10001575672" />
    <nd ref="10001575673" />
    <nd ref="10001575676" />
    <nd ref="10001575671" />
    <nd ref="10001575675" />
    <nd ref="10001575674" />
    <tag k="landuse" v="grass" />
    <tag k="source" v="BGT" />
  </way>
  <way id="1092059039">
    <nd ref="10001575726" />
    <nd ref="10001575723" />
    <nd ref="10001575725" />
    <nd ref="10001575722" />
    <nd ref="10001575724" />
    <nd ref="10001575721" />
    <nd ref="10001575720" />
    <nd ref="10001575726" />
    <tag k="landuse" v="grass" />
    <tag k="source" v="BGT" />
  </way>
  <way id="1092059040">
    <nd ref="10001575733" />
    <nd ref="10001575732" />
    <nd ref="10001575731" />
    <nd ref="10001575728" />
    <nd ref="10001575730" />
    <nd ref="10001575727" />
    <nd ref="10001575729" />
    <nd ref="10001575733" />
    <tag k="landuse" v="grass" />
    <tag k="source" v="BGT" />
  </way>
  <way id="1092105449">
    <nd ref="10002037654" />
    <nd ref="10002037651" />
    <nd ref="10002037652" />
    <nd ref="10002037653" />
    <nd ref="10002037635" />
    <nd ref="10002037656" />
    <nd ref="10002037655" />
    <nd ref="10002037654" />
    <tag k="landuse" v="grass" />
    <tag k="source" v="BGT" />
  </way>
  <way id="1156475382">
    <nd ref="4781882087" />
    <nd ref="4781882094" />
    <nd ref="8571159383" />
    <nd ref="8571159384" />
    <nd ref="8571159385" />
    <nd ref="8571159388" />
    <nd ref="46282027" />
    <nd ref="8571159399" />
    <nd ref="8571159402" />
    <nd ref="8571159401" />
    <nd ref="5533629656" />
    <nd ref="8571159404" />
    <nd ref="8571159403" />
    <nd ref="5533629655" />
    <nd ref="8571159409" />
    <nd ref="312183906" />
    <nd ref="8571159416" />
    <nd ref="8571159419" />
    <nd ref="8571159417" />
    <nd ref="8571159418" />
    <nd ref="312183907" />
    <nd ref="8571159428" />
    <nd ref="8571159427" />
    <nd ref="8571159429" />
    <nd ref="8571159435" />
    <nd ref="8571159433" />
    <nd ref="8571159431" />
    <nd ref="8571159432" />
    <nd ref="312183908" />
    <nd ref="8571159439" />
    <nd ref="5533629654" />
    <nd ref="312183910" />
    <nd ref="8571159445" />
    <nd ref="5533629666" />
    <nd ref="312183911" />
    <nd ref="8571159452" />
    <nd ref="8571159453" />
    <nd ref="8571159457" />
    <nd ref="312183912" />
    <nd ref="8571159463" />
    <nd ref="5533629717" />
    <nd ref="5533629715" />
    <nd ref="8571159467" />
    <nd ref="5533629716" />
    <nd ref="8571159468" />
    <nd ref="312183914" />
    <nd ref="8571159469" />
    <nd ref="5533629720" />
    <nd ref="5533629719" />
    <nd ref="5533629718" />
    <nd ref="312183915" />
    <nd ref="8571159486" />
    <nd ref="5533629737" />
    <nd ref="8571159487" />
    <nd ref="5533629738" />
    <nd ref="5533629740" />
    <nd ref="8571159493" />
    <nd ref="5533629739" />
    <nd ref="312183917" />
    <nd ref="8571159492" />
    <nd ref="5533629741" />
    <nd ref="8571159498" />
    <nd ref="312183918" />
    <nd ref="8571159506" />
    <nd ref="5533629790" />
    <nd ref="8571159513" />
    <nd ref="8571159516" />
    <nd ref="312183920" />
    <nd ref="8571159519" />
    <nd ref="8571159520" />
    <nd ref="8571159521" />
    <nd ref="5533629847" />
    <nd ref="5533629846" />
    <nd ref="8571159525" />
    <nd ref="8571159526" />
    <nd ref="312183921" />
    <nd ref="8571159527" />
    <nd ref="10754699884" />
    <nd ref="8571114379" />
    <nd ref="5062235476" />
    <nd ref="4781902926" />
    <nd ref="5062235474" />
    <nd ref="891919107" />
    <nd ref="5062235460" />
    <nd ref="5062235455" />
    <nd ref="5062235461" />
    <nd ref="5062235462" />
    <nd ref="5062235453" />
    <nd ref="5062235468" />
    <nd ref="891929084" />
    <nd ref="6835334154" />
    <nd ref="8571159535" />
    <nd ref="6835334150" />
    <nd ref="8633152237" />
    <nd ref="8633152238" />
    <nd ref="3937887309" />
    <nd ref="9507356283" />
    <nd ref="3937887292" />
    <nd ref="8633153888" />
    <nd ref="3937887306" />
    <nd ref="8633153889" />
    <nd ref="8633153890" />
    <nd ref="6835334147" />
    <nd ref="8633153875" />
    <nd ref="6835334146" />
    <nd ref="8633153887" />
    <nd ref="10033995949" />
    <nd ref="10033995955" />
    <nd ref="6835334145" />
    <nd ref="916598627" />
    <nd ref="12373787421" />
    <nd ref="6835334144" />
    <nd ref="6835334143" />
    <nd ref="5345407313" />
    <nd ref="9907271163" />
    <nd ref="9907271162" />
    <nd ref="5345408424" />
    <nd ref="5345408425" />
    <nd ref="9907271144" />
    <nd ref="9907271145" />
    <nd ref="5345408427" />
    <nd ref="5345408428" />
    <nd ref="916598641" />
    <nd ref="9907271131" />
    <nd ref="916598667" />
    <nd ref="916598630" />
    <nd ref="5345408429" />
    <nd ref="5345408430" />
    <nd ref="916598666" />
    <nd ref="9907271157" />
    <nd ref="6835334142" />
    <nd ref="6835334140" />
    <nd ref="6835334139" />
    <nd ref="4990555686" />
    <nd ref="4990555687" />
    <nd ref="4990555688" />
    <nd ref="4990555689" />
    <nd ref="4990555690" />
    <nd ref="4990555691" />
    <nd ref="4990555692" />
    <nd ref="4990555693" />
    <nd ref="4957588512" />
    <nd ref="4990555694" />
    <nd ref="4990555695" />
    <nd ref="4990555696" />
    <nd ref="876397527" />
    <nd ref="4990555699" />
    <nd ref="7899424792" />
    <nd ref="4990555697" />
    <nd ref="876436171" />
    <nd ref="4957588948" />
    <nd ref="4957588498" />
    <nd ref="4957588947" />
    <nd ref="4957588944" />
    <nd ref="4957588943" />
    <nd ref="876363642" />
    <nd ref="876425426" />
    <nd ref="876436410" />
    <nd ref="876362532" />
    <nd ref="876421521" />
    <nd ref="876376156" />
    <nd ref="9993565307" />
    <nd ref="9993565308" />
    <nd ref="9993565309" />
    <nd ref="9993565506" />
    <nd ref="9993565507" />
    <nd ref="9993565313" />
    <nd ref="9993565314" />
    <nd ref="9993565315" />
    <nd ref="9993565316" />
    <nd ref="9993565318" />
    <nd ref="9993565320" />
    <nd ref="9993565319" />
    <nd ref="9993565321" />
    <nd ref="9993565322" />
    <nd ref="9993565323" />
    <nd ref="9993565324" />
    <nd ref="9993565325" />
    <nd ref="9993565326" />
    <nd ref="9993565327" />
    <nd ref="9993565277" />
    <nd ref="9993565471" />
    <nd ref="9993565328" />
    <nd ref="9993565329" />
    <nd ref="9993565469" />
    <nd ref="9993565467" />
    <nd ref="9993565466" />
    <nd ref="4781686720" />
    <nd ref="9993565465" />
    <nd ref="9993565464" />
    <nd ref="9993565463" />
    <nd ref="9993565462" />
    <nd ref="4781686719" />
    <nd ref="9993565461" />
    <nd ref="9993565460" />
    <nd ref="9993565330" />
    <nd ref="9993565331" />
    <nd ref="9993565332" />
    <nd ref="9993565333" />
    <nd ref="9993565334" />
    <nd ref="9993565451" />
    <nd ref="9993565450" />
    <nd ref="9993565449" />
    <nd ref="9993565335" />
    <nd ref="9993565337" />
    <nd ref="9993565336" />
    <nd ref="9993565338" />
    <nd ref="9993565339" />
    <nd ref="9993565444" />
    <nd ref="9993565340" />
    <nd ref="9993565341" />
    <nd ref="9993565342" />
    <nd ref="9993565343" />
    <nd ref="9993565344" />
    <nd ref="9993565345" />
    <nd ref="9993565346" />
    <nd ref="9993565347" />
    <nd ref="9993565348" />
    <nd ref="9993565281" />
    <nd ref="9905966500" />
    <nd ref="9905959956" />
    <nd ref="9905966499" />
    <nd ref="9905966498" />
    <nd ref="9905959935" />
    <nd ref="9905959934" />
    <nd ref="5345407319" />
    <nd ref="9905959933" />
    <nd ref="9905959932" />
    <nd ref="9905959931" />
    <nd ref="9905959930" />
    <nd ref="5345408422" />
    <nd ref="9905966497" />
    <nd ref="9905966496" />
    <nd ref="9905966495" />
    <nd ref="9905966494" />
    <nd ref="9905966493" />
    <nd ref="9905966452" />
    <nd ref="9905966492" />
    <nd ref="9905966447" />
    <nd ref="9905966491" />
    <nd ref="9905966490" />
    <nd ref="9905966489" />
    <nd ref="9905966488" />
    <nd ref="9905966487" />
    <nd ref="9920638620" />
    <nd ref="9905966486" />
    <nd ref="9920638585" />
    <nd ref="9905966485" />
    <nd ref="9905966484" />
    <nd ref="9905966483" />
    <nd ref="9905966482" />
    <nd ref="9905966469" />
    <nd ref="9905966468" />
    <nd ref="9905966467" />
    <nd ref="9905966466" />
    <nd ref="9905966465" />
    <nd ref="9920638650" />
    <nd ref="4781787798" />
    <nd ref="10033940782" />
    <nd ref="9905966463" />
    <nd ref="10033940749" />
    <nd ref="9905966462" />
    <nd ref="10033937798" />
    <nd ref="876380189" />
    <nd ref="10033937757" />
    <nd ref="10033937756" />
    <nd ref="10033937755" />
    <nd ref="10033937754" />
    <nd ref="10033937753" />
    <nd ref="10033937752" />
    <nd ref="10033937751" />
    <nd ref="10033937750" />
    <nd ref="10033937749" />
    <nd ref="10033937748" />
    <nd ref="10033937747" />
    <nd ref="10033937746" />
    <nd ref="10033937733" />
    <nd ref="10033937745" />
    <nd ref="10033937734" />
    <nd ref="10033937744" />
    <nd ref="10033937742" />
    <nd ref="10033937741" />
    <nd ref="10033937740" />
    <nd ref="10033937739" />
    <nd ref="10033937738" />
    <nd ref="10033937737" />
    <nd ref="10025345640" />
    <nd ref="10033937736" />
    <nd ref="10033937735" />
    <nd ref="3937887319" />
    <nd ref="3937887297" />
    <nd ref="3937888264" />
    <nd ref="3937887344" />
    <nd ref="3937894239" />
    <nd ref="3937894248" />
    <nd ref="3937887294" />
    <nd ref="3937887284" />
    <nd ref="3937888266" />
    <nd ref="3937887353" />
    <nd ref="3937887286" />
    <nd ref="8568795733" />
    <nd ref="3937887350" />
    <nd ref="8568795830" />
    <nd ref="8568796028" />
    <nd ref="8568736254" />
    <nd ref="3937894240" />
    <nd ref="8568736256" />
    <nd ref="8571159615" />
    <nd ref="8568736251" />
    <nd ref="8568736228" />
    <nd ref="8568736257" />
    <nd ref="8568736258" />
    <nd ref="8568736259" />
    <nd ref="8568736260" />
    <nd ref="8566933033" />
    <nd ref="8560192086" />
    <nd ref="3956787598" />
    <nd ref="5062235454" />
    <nd ref="5062235457" />
    <nd ref="5062235458" />
    <nd ref="5062235456" />
    <nd ref="5062235459" />
    <nd ref="8560192085" />
    <nd ref="8560192084" />
    <nd ref="3956787574" />
    <nd ref="8560192090" />
    <nd ref="8560192091" />
    <nd ref="8560192093" />
    <nd ref="8560192094" />
    <nd ref="8560192097" />
    <nd ref="8560192098" />
    <nd ref="8560192099" />
    <nd ref="8560192100" />
    <nd ref="8560192102" />
    <nd ref="8560192104" />
    <nd ref="8560192105" />
    <nd ref="8560192106" />
    <nd ref="8560192107" />
    <nd ref="4781902956" />
    <nd ref="8560192108" />
    <nd ref="3956787579" />
    <nd ref="7239351133" />
    <nd ref="8560538108" />
    <nd ref="7050435612" />
    <nd ref="7239351125" />
    <nd ref="8560192129" />
    <nd ref="7050435613" />
    <nd ref="7239351126" />
    <nd ref="8560192132" />
    <nd ref="8560192131" />
    <nd ref="7050435614" />
    <nd ref="7050435615" />
    <nd ref="8560192135" />
    <nd ref="8560192134" />
    <nd ref="8560192136" />
    <nd ref="8568796029" />
    <nd ref="8560192110" />
    <nd ref="4781882087" />
    <tag k="alt_name" v="Emplacement Watergraafsmeer" />
    <tag k="landuse" v="railway" />
    <tag k="operator" v="Rangeerterrein Watergraafsmeer" />
    <tag k="wikidata" v="Q2308177" />
    <tag k="wikimedia_commons" v="Category:Emplacement Watergraafsmeer" />
    <tag k="wikipedia" v="nl:Rangeerterrein Watergraafsmeer" />
  </way>
  <way id="1232511605">
    <nd ref="544099762" />
    <nd ref="11432836096" />
    <nd ref="544099685" />
    <nd ref="544099745" />
    <nd ref="544099732" />
    <nd ref="11432833169" />
    <nd ref="544099734" />
    <nd ref="544099735" />
    <nd ref="11432832861" />
    <nd ref="11432832862" />
    <nd ref="544099750" />
    <nd ref="11432832851" />
    <nd ref="879223400" />
    <nd ref="879269466" />
    <nd ref="879279199" />
    <nd ref="879333014" />
    <nd ref="879396086" />
    <nd ref="879233798" />
    <nd ref="879375937" />
    <nd ref="879208610" />
    <nd ref="879287777" />
    <nd ref="879341484" />
    <nd ref="879352695" />
    <nd ref="879385170" />
    <nd ref="879254299" />
    <nd ref="879300778" />
    <nd ref="879230678" />
    <nd ref="879276159" />
    <nd ref="879361907" />
    <nd ref="8926134187" />
    <nd ref="8926134188" />
    <nd ref="879391772" />
    <nd ref="879400355" />
    <nd ref="5906271945" />
    <nd ref="8926134185" />
    <nd ref="8926134186" />
    <nd ref="8926134184" />
    <nd ref="8926134183" />
    <nd ref="8926134182" />
    <nd ref="8926134181" />
    <nd ref="8926134180" />
    <nd ref="8926134179" />
    <nd ref="8926134178" />
    <nd ref="8926134171" />
    <nd ref="5906271914" />
    <nd ref="879328024" />
    <nd ref="879369144" />
    <nd ref="879295474" />
    <nd ref="879349279" />
    <nd ref="879202336" />
    <nd ref="879250550" />
    <nd ref="879228387" />
    <nd ref="879311170" />
    <nd ref="11432836094" />
    <nd ref="544099775" />
    <nd ref="11432836108" />
    <nd ref="11432836107" />
    <nd ref="11432836106" />
    <nd ref="11432836105" />
    <nd ref="11432836104" />
    <nd ref="544099774" />
    <nd ref="11432836114" />
    <nd ref="544099772" />
    <nd ref="544099770" />
    <nd ref="544099796" />
    <nd ref="544099795" />
    <nd ref="544099793" />
    <nd ref="11432836110" />
    <nd ref="11432836111" />
    <nd ref="544099792" />
    <nd ref="11432836112" />
    <nd ref="544099791" />
    <nd ref="544099790" />
    <nd ref="544099789" />
    <nd ref="544099788" />
    <nd ref="544099787" />
    <nd ref="544099786" />
    <nd ref="544099785" />
    <nd ref="11432836113" />
    <nd ref="544099783" />
    <nd ref="544099782" />
    <nd ref="11432836109" />
    <nd ref="544099780" />
    <nd ref="544099778" />
    <nd ref="544099777" />
    <nd ref="544099769" />
    <nd ref="544099767" />
    <nd ref="544099762" />
    <tag k="landuse" v="meadow" />
  </way>
  <way id="1232511606">
    <nd ref="11432836094" />
    <nd ref="879311170" />
    <nd ref="879228387" />
    <nd ref="11432779753" />
    <nd ref="544099699" />
    <nd ref="544099656" />
    <nd ref="11432833171" />
    <nd ref="544099657" />
    <nd ref="11432779755" />
    <nd ref="11432832854" />
    <nd ref="544099711" />
    <nd ref="544099713" />
    <nd ref="544099715" />
    <nd ref="11432836099" />
    <nd ref="11432836098" />
    <nd ref="11432836097" />
    <nd ref="11432836100" />
    <nd ref="544099766" />
    <nd ref="11432836103" />
    <nd ref="11432836102" />
    <nd ref="544099764" />
    <nd ref="11432836101" />
    <nd ref="11432836094" />
    <tag k="landuse" v="meadow" />
  </way>
  <way id="1252130794">
    <nd ref="11638960604" />
    <nd ref="11638960603" />
    <nd ref="11638960602" />
    <nd ref="11638960601" />
    <nd ref="11638960600" />
    <nd ref="11638960599" />
    <nd ref="11638960598" />
    <nd ref="11638960597" />
    <nd ref="11638960596" />
    <nd ref="11638960595" />
    <nd ref="11638960594" />
    <nd ref="11638960593" />
    <nd ref="11638960592" />
    <nd ref="11638960604" />
    <tag k="landcover" v="grass" />
    <tag k="landuse" v="grass" />
  </way>
  <way id="1313963286">
    <nd ref="879229153" />
    <nd ref="11432779757" />
    <nd ref="544099670" />
    <nd ref="544099672" />
    <nd ref="11432779759" />
    <nd ref="544099677" />
    <nd ref="544099678" />
    <nd ref="11432779756" />
    <nd ref="879221904" />
    <nd ref="879267741" />
    <nd ref="879399315" />
    <nd ref="879239338" />
    <nd ref="879326008" />
    <nd ref="879367583" />
    <nd ref="879375116" />
    <nd ref="879205730" />
    <nd ref="879284596" />
    <nd ref="879339407" />
    <nd ref="879261145" />
    <nd ref="8926134132" />
    <nd ref="8926134112" />
    <nd ref="8926134113" />
    <nd ref="8926134133" />
    <nd ref="8926134150" />
    <nd ref="8926134149" />
    <nd ref="8926134148" />
    <nd ref="8926134147" />
    <nd ref="8926134146" />
    <nd ref="8926134145" />
    <nd ref="8926134144" />
    <nd ref="8926134170" />
    <nd ref="12161816585" />
    <nd ref="12161816580" />
    <nd ref="879229153" />
    <tag k="landuse" v="meadow" />
    <tag k="source" v="3dShapes" />
  </way>
  <way id="1342476408">
    <nd ref="13801258869" />
    <nd ref="13801258870" />
    <nd ref="8926134258" />
    <nd ref="12601530915" />
    <nd ref="8926134259" />
    <nd ref="12601530914" />
    <nd ref="8926134260" />
    <nd ref="12420861271" />
    <nd ref="12420861270" />
    <nd ref="879212028" />
    <nd ref="879292187" />
    <nd ref="879345851" />
    <nd ref="879357440" />
    <nd ref="879388436" />
    <nd ref="879258866" />
    <nd ref="13806090720" />
    <nd ref="13801258868" />
    <nd ref="13801258869" />
    <tag k="landuse" v="meadow" />
  </way>
  <way id="1380106675">
    <nd ref="12777201247" />
    <nd ref="12777201244" />
    <nd ref="9984031788" />
    <nd ref="12777201248" />
    <nd ref="12777201249" />
    <nd ref="9984031777" />
    <nd ref="12777201250" />
    <nd ref="12777201251" />
    <nd ref="9984031774" />
    <nd ref="12777201241" />
    <nd ref="12777201240" />
    <nd ref="12777201239" />
    <nd ref="12777201238" />
    <nd ref="12777201237" />
    <nd ref="12777201236" />
    <nd ref="12258302304" />
    <nd ref="9985777089" />
    <nd ref="12258302305" />
    <nd ref="12777201235" />
    <nd ref="12777201234" />
    <nd ref="12777201233" />
    <nd ref="12258302306" />
    <nd ref="12777201252" />
    <nd ref="12258302307" />
    <nd ref="12258302312" />
    <nd ref="12258302308" />
    <nd ref="12258302309" />
    <nd ref="12258219099" />
    <nd ref="12258219100" />
    <nd ref="12777201232" />
    <nd ref="12777201231" />
    <nd ref="12777201230" />
    <nd ref="12777201229" />
    <nd ref="12777201228" />
    <nd ref="9983036143" />
    <nd ref="12777201247" />
    <tag k="construction" v="education" />
    <tag k="landuse" v="construction" />
  </way>
  <way id="1424243436">
    <nd ref="13090667833" />
    <nd ref="13090667832" />
    <nd ref="1625262555" />
    <nd ref="693484123" />
    <nd ref="13090667834" />
    <nd ref="1625376157" />
    <nd ref="1625376158" />
    <nd ref="1625376166" />
    <nd ref="1625376185" />
    <nd ref="1625376163" />
    <nd ref="1625376190" />
    <nd ref="13090667833" />
    <tag k="landuse" v="grass" />
  </way>

<note>The data included in this document is from www.openstreetmap.org. The data is made available under ODbL.</note>
<meta osm_base="2026-07-24T11:04:51Z" />

  <node id="46582644" lat="52.4262026" lon="4.8272915" />
  <node id="46583138" lat="52.4267420" lon="4.8295860" />
  <node id="46583662" lat="52.4270982" lon="4.8268851" />
  <node id="46584614" lat="52.4275567" lon="4.8326244" />
  <node id="46585125" lat="52.4276696" lon="4.8308032" />
  <node id="46585914" lat="52.4280000" lon="4.8302001" />
  <node id="46586515" lat="52.4279214" lon="4.8322865" />
  <node id="46586768" lat="52.4281569" lon="4.8289099" />
  <node id="46586769" lat="52.4281152" lon="4.8294963" />
  <node id="46587058" lat="52.4283821" lon="4.8261207" />
  <node id="46590123" lat="52.4292458" lon="4.8254946" />
  <node id="46590381" lat="52.4292013" lon="4.8382161" />
  <node id="46590382" lat="52.4295939" lon="4.8404370" />
  <node id="46590883" lat="52.4298523" lon="4.8421107" />
  <node id="46592115" lat="52.4303042" lon="4.8450974" />
  <node id="46592675" lat="52.4311390" lon="4.8235924" />
  <node id="46592676" lat="52.4304513" lon="4.8461158" />
  <node id="46592678" lat="52.4304719" lon="4.8463072" />
  <node id="46593322" lat="52.4307719" lon="4.8504840" />
  <node id="46593591" lat="52.4308241" lon="4.8510943" />
  <node id="46595292" lat="52.4312906" lon="4.8557163" />
  <node id="46595964" lat="52.4314953" lon="4.8556607" />
  <node id="46597104" lat="52.4319000" lon="4.8223001" />
  <node id="46597427" lat="52.4319800" lon="4.8221901" />
  <node id="46598818" lat="52.4323956" lon="4.8211773" />
  <node id="46604091" lat="52.4341500" lon="4.8165501" />
  <node id="46604280" lat="52.4326325" lon="4.8124879" />
  <node id="46605150" lat="52.4346958" lon="4.8175004" />
  <node id="46611961" lat="52.4380537" lon="4.8134261" />
  <node id="46613392" lat="52.4384484" lon="4.8132048" />
  <node id="46613639" lat="52.4378166" lon="4.8026465" />
  <node id="46614666" lat="52.4384818" lon="4.8059089" />
  <node id="46616459" lat="52.4404060" lon="4.8119350" />
  <node id="46617051" lat="52.4386075" lon="4.8098581" />
  <node id="46619333" lat="52.4404000" lon="4.8015001" />
  <node id="46620377" lat="52.4410000" lon="4.8530001" />
  <node id="46624371" lat="52.4428000" lon="4.8518001" />
  <node id="46625464" lat="52.4431300" lon="4.8515358" />
  <node id="46627293" lat="52.4442000" lon="4.8504001" />
  <node id="46630165" lat="52.4453427" lon="4.7985271" />
  <node id="46650898" lat="52.4538080" lon="4.7943371" />
  <node id="46651633" lat="52.4542950" lon="4.7983336" />
  <node id="46651635" lat="52.4537691" lon="4.7994832" />
  <node id="46652493" lat="52.4539656" lon="4.8011554" />
  <node id="46652966" lat="52.4540894" lon="4.8023645" />
  <node id="46654285" lat="52.4549000" lon="4.8392001" />
  <node id="46660769" lat="52.4571150" lon="4.8383195" />
  <node id="46665036" lat="52.4584000" lon="4.8363001" />
  <node id="46665588" lat="52.4587232" lon="4.8136523" />
  <node id="46666989" lat="52.4590868" lon="4.8138448" />
  <node id="46669199" lat="52.4607429" lon="4.8136452" />
  <node id="46672220" lat="52.4607000" lon="4.8288001" />
  <node id="46672842" lat="52.4620112" lon="4.8176571" />
  <node id="46675758" lat="52.4618488" lon="4.8275912" />
  <node id="46675760" lat="52.4618000" lon="4.8284001" />
  <node id="46681347" lat="52.4633703" lon="4.8132263" />
  <node id="46681940" lat="52.4634472" lon="4.8111034" />
  <node id="46681944" lat="52.4637000" lon="4.8119001" />
  <node id="46682422" lat="52.4622884" lon="4.8183078" />
  <node id="46682704" lat="52.4635660" lon="4.8061844" />
  <node id="46682918" lat="52.4643963" lon="4.8205504" />
  <node id="46683458" lat="52.4628282" lon="4.8188978" />
  <node id="46683801" lat="52.4645921" lon="4.8203842" />
  <node id="46686880" lat="52.4655000" lon="4.8216001" />
  <node id="46687957" lat="52.4659348" lon="4.8339328" />
  <node id="46688942" lat="52.4647478" lon="4.8281914" />
  <node id="46688948" lat="52.4666674" lon="4.8361514" />
  <node id="46688949" lat="52.4666370" lon="4.8388245" />
  <node id="46689220" lat="52.4663785" lon="4.8346831" />
  <node id="46689762" lat="52.4666717" lon="4.8409495" />
  <node id="46691575" lat="52.4673411" lon="4.8422046" />
  <node id="46693405" lat="52.4682000" lon="4.8240001" />
  <node id="46694190" lat="52.4687214" lon="4.8485886" />
  <node id="46694401" lat="52.4687712" lon="4.8458458" />
  <node id="46694626" lat="52.4687871" lon="4.8485840" />
  <node id="46697249" lat="52.4700197" lon="4.8269798" />
  <node id="46698773" lat="52.4705150" lon="4.8296445" />
  <node id="46698998" lat="52.4704630" lon="4.8463722" />
  <node id="46701645" lat="52.4717000" lon="4.8427001" />
  <node id="46701885" lat="52.4719214" lon="4.8420833" />
  <node id="123824086" lat="52.4317983" lon="4.8224751" />
  <node id="264752719" lat="52.4668930" lon="4.8413636" />
  <node id="295551524" lat="52.3063129" lon="4.8466041">
    <tag k="bus" v="yes" />
    <tag k="name" v="Amstelveen, KLM Hoofdkantoor" />
    <tag k="public_transport" v="stop_position" />
  </node>
  <node id="295563215" lat="52.3075122" lon="4.8452215" />
  <node id="295563216" lat="52.3060428" lon="4.8453159" />
  <node id="295563217" lat="52.3054287" lon="4.8452644" />
  <node id="295563220" lat="52.3053500" lon="4.8454017" />
  <node id="295563221" lat="52.3053238" lon="4.8460283" />
  <node id="295563222" lat="52.3052660" lon="4.8461227" />
  <node id="295563223" lat="52.3049354" lon="4.8460798" />
  <node id="295563224" lat="52.3049512" lon="4.8448781" />
  <node id="295563230" lat="52.3052293" lon="4.8429238" />
  <node id="295563231" lat="52.3052870" lon="4.8426465" />
  <node id="295563232" lat="52.3055337" lon="4.8425865" />
  <node id="295563233" lat="52.3057804" lon="4.8425435" />
  <node id="295563234" lat="52.3059850" lon="4.8421573" />
  <node id="295563235" lat="52.3061740" lon="4.8409986" />
  <node id="295563236" lat="52.3064259" lon="4.8411102" />
  <node id="295563242" lat="52.3077484" lon="4.8418226" />
  <node id="299963970" lat="52.3007178" lon="4.8459427" />
  <node id="299963976" lat="52.3042694" lon="4.8400534" />
  <node id="299963987" lat="52.3037748" lon="4.8397822" />
  <node id="299963990" lat="52.3039480" lon="4.8415331" />
  <node id="299964043" lat="52.3094694" lon="4.8415534" />
  <node id="299964051" lat="52.3118928" lon="4.8437627" />
  <node id="299964077" lat="52.3031604" lon="4.8449300" />
  <node id="299964087" lat="52.3034963" lon="4.8451189" />
  <node id="299964141" lat="52.3016124" lon="4.8450865" />
  <node id="299964159" lat="52.3018434" lon="4.8428120" />
  <node id="299964211" lat="52.3119768" lon="4.8412889" />
  <node id="299964257" lat="52.3102694" lon="4.8415534" />
  <node id="299964289" lat="52.3109273" lon="4.8414539" />
  <node id="299964307" lat="52.3118703" lon="4.8445799" />
  <node id="299964338" lat="52.3032391" lon="4.8464406" />
  <node id="299964357" lat="52.3112002" lon="4.8412736" />
  <node id="299964361" lat="52.3034333" lon="4.8464063" />
  <node id="299964369" lat="52.3038694" lon="4.8395534" />
  <node id="299964380" lat="52.3023138" lon="4.8429288" />
  <node id="299964429" lat="52.3041789" lon="4.8397736" />
  <node id="299964451" lat="52.3036345" lon="4.8464513" />
  <node id="299964455" lat="52.3118404" lon="4.8457798" />
  <node id="299964500" lat="52.3119453" lon="4.8421062" />
  <node id="299964515" lat="52.3024382" lon="4.8441183" />
  <node id="299964519" lat="52.3022076" lon="4.8439982" />
  <node id="299964527" lat="52.3027704" lon="4.8446025" />
  <node id="299964536" lat="52.3083694" lon="4.8417534" />
  <node id="299969557" lat="52.2949572" lon="4.8659626" />
  <node id="299969558" lat="52.2956586" lon="4.8660307" />
  <node id="299969559" lat="52.2969961" lon="4.8668083" />
  <node id="299969560" lat="52.2976921" lon="4.8658203" />
  <node id="299969562" lat="52.2995775" lon="4.8579151" />
  <node id="299969564" lat="52.3001566" lon="4.8550927" />
  <node id="299969565" lat="52.3002034" lon="4.8549281" />
  <node id="299969566" lat="52.3015609" lon="4.8492780" />
  <node id="299969567" lat="52.3029087" lon="4.8499459" />
  <node id="299969628" lat="52.3079666" lon="4.8476052" />
  <node id="299969629" lat="52.3065084" lon="4.8468046" />
  <node id="299981869" lat="52.2922587" lon="4.8440699" />
  <node id="299982390" lat="52.2962684" lon="4.8450958" />
  <node id="299982392" lat="52.2962014" lon="4.8455260" />
  <node id="299982393" lat="52.2978230" lon="4.8457184" />
  <node id="299982394" lat="52.2992662" lon="4.8458558" />
  <node id="299982395" lat="52.3000715" lon="4.8459551" />
  <node id="299983791" lat="52.2904588" lon="4.8630125" />
  <node id="299983792" lat="52.2908399" lon="4.8613542" />
  <node id="299983793" lat="52.2908487" lon="4.8610378" />
  <node id="299983794" lat="52.2910003" lon="4.8525788" />
  <node id="299983795" lat="52.2917576" lon="4.8439330" />
  <node id="300009598" lat="52.3117505" lon="4.8490192" />
  <node id="351491736" lat="52.3076277" lon="4.8416252" />
  <node id="351491739" lat="52.3072288" lon="4.8416166" />
  <node id="351491741" lat="52.3071029" lon="4.8416852" />
  <node id="351491745" lat="52.3066515" lon="4.8415136" />
  <node id="351491748" lat="52.3060690" lon="4.8413076" />
  <node id="351491753" lat="52.3051453" lon="4.8438911" />
  <node id="351491755" lat="52.3050614" lon="4.8441314" />
  <node id="351491762" lat="52.3074492" lon="4.8453931" />
  <node id="373257858" lat="52.4276401" lon="4.8313853" />
  <node id="416625393" lat="52.4304053" lon="4.8245068" />
  <node id="693403567" lat="52.3053033" lon="4.8459640" />
  <node id="693406060" lat="52.3074503" lon="4.8451213" />
  <node id="693408659" lat="52.3077042" lon="4.8477264" />
  <node id="693422758" lat="52.2986965" lon="4.8583486" />
  <node id="693424948" lat="52.2983834" lon="4.8599056" />
  <node id="693425505" lat="52.3076065" lon="4.8477842" />
  <node id="693453594" lat="52.2985279" lon="4.8590285" />
  <node id="693464008" lat="52.3075218" lon="4.8438728" />
  <node id="693483594" lat="52.3069579" lon="4.8451053" />
  <node id="693505610" lat="52.2982522" lon="4.8604539" />
  <node id="717758529" lat="52.3368139" lon="4.8026621" />
  <node id="717760859" lat="52.3368459" lon="4.8027105" />
  <node id="717766594" lat="52.3367012" lon="4.8027574" />
  <node id="739517525" lat="52.4410267" lon="4.8008606" />
  <node id="881320918" lat="52.3363991" lon="4.8030197" />
  <node id="881321320" lat="52.3373081" lon="4.8043995" />
  <node id="881321651" lat="52.3388341" lon="4.8028799" />
  <node id="881323410" lat="52.3377364" lon="4.8041772" />
  <node id="881323602" lat="52.3382227" lon="4.8014517" />
  <node id="881323604" lat="52.3397252" lon="4.8037064" />
  <node id="881324237" lat="52.3368912" lon="4.8023879" />
  <node id="881324780" lat="52.3401532" lon="4.8065447" />
  <node id="881324798" lat="52.3377678" lon="4.8037486" />
  <node id="881324897" lat="52.3366661" lon="4.8020218" />
  <node id="881325129" lat="52.3365795" lon="4.8017236" />
  <node id="881325543" lat="52.3360563" lon="4.8034929" />
  <node id="881325919" lat="52.3370128" lon="4.8050097" />
  <node id="881326373" lat="52.3347260" lon="4.8000617" />
  <node id="881326762" lat="52.3345865" lon="4.8012798" />
  <node id="881326953" lat="52.3344836" lon="4.8010244" />
  <node id="881327558" lat="52.3365984" lon="4.8046388" />
  <node id="881328130" lat="52.3369404" lon="4.8051435" />
  <node id="881328302" lat="52.3395548" lon="4.8015527" />
  <node id="881328375" lat="52.3364203" lon="4.8024774" />
  <node id="881329633" lat="52.3391948" lon="4.8019209" />
  <node id="881329671" lat="52.3378079" lon="4.8036877" />
  <node id="881329830" lat="52.3402365" lon="4.8055041" />
  <node id="881330878" lat="52.3370512" lon="4.8050717" />
  <node id="881331056" lat="52.3397684" lon="4.8035160" />
  <node id="881331316" lat="52.3339508" lon="4.8030151" />
  <node id="881331604" lat="52.3391225" lon="4.8062152" />
  <node id="881331672" lat="52.3352904" lon="4.8000453" />
  <node id="881332287" lat="52.3400503" lon="4.8062451" />
  <node id="881332312" lat="52.3377621" lon="4.8039608" />
  <node id="881332401" lat="52.3395719" lon="4.8016724" />
  <node id="881332706" lat="52.3356050" lon="4.8003215" />
  <node id="881333212" lat="52.3360996" lon="4.8037253" />
  <node id="881333379" lat="52.3373097" lon="4.8043735" />
  <node id="881333760" lat="52.3349143" lon="4.8008268" />
  <node id="881333854" lat="52.3338524" lon="4.8026525" />
  <node id="881334759" lat="52.3392503" lon="4.8065758" />
  <node id="881334875" lat="52.3382488" lon="4.8013995" />
  <node id="881335821" lat="52.3364667" lon="4.8021268" />
  <node id="881335909" lat="52.3395378" lon="4.8018239" />
  <node id="881336162" lat="52.3363325" lon="4.8016484" />
  <node id="881336774" lat="52.3351360" lon="4.8001587" />
  <node id="881336814" lat="52.3374613" lon="4.8045987" />
  <node id="881336843" lat="52.3371001" lon="4.8030047" />
  <node id="881337008" lat="52.3354260" lon="4.8002042" />
  <node id="881337169" lat="52.3339124" lon="4.8029254" />
  <node id="881337390" lat="52.3384434" lon="4.8050633" />
  <node id="881337539" lat="52.3368421" lon="4.8024518" />
  <node id="881337862" lat="52.3402347" lon="4.8046788" />
  <node id="881337984" lat="52.3364932" lon="4.8019901" />
  <node id="881338080" lat="52.3353372" lon="4.7999913" />
  <node id="881338288" lat="52.3364798" lon="4.8016761" />
  <node id="881338561" lat="52.3354798" lon="4.8002865" />
  <node id="881338685" lat="52.3367147" lon="4.8025397" />
  <node id="881338795" lat="52.3370575" lon="4.8046788" />
  <node id="881339154" lat="52.3353248" lon="4.8004160" />
  <node id="881339771" lat="52.3348532" lon="4.8001807" />
  <node id="881339989" lat="52.3391682" lon="4.8066021" />
  <node id="881340038" lat="52.3350372" lon="4.8000147" />
  <node id="881340091" lat="52.3381329" lon="4.8017679" />
  <node id="881340094" lat="52.3397369" lon="4.8035653" />
  <node id="881340244" lat="52.3347839" lon="4.8004723" />
  <node id="881340719" lat="52.3399821" lon="4.8029408" />
  <node id="881340898" lat="52.3395021" lon="4.8019309" />
  <node id="881340928" lat="52.3374707" lon="4.8034796" />
  <node id="881341010" lat="52.3402070" lon="4.8029811" />
  <node id="881341786" lat="52.3374329" lon="4.8036787" />
  <node id="881342087" lat="52.3348431" lon="4.8009132" />
  <node id="881342812" lat="52.3402653" lon="4.8045397" />
  <node id="881342926" lat="52.3384272" lon="4.8076269" />
  <node id="881343094" lat="52.3393922" lon="4.8013959" />
  <node id="881343686" lat="52.3368640" lon="4.8026199" />
  <node id="881343794" lat="52.3372767" lon="4.8044631" />
  <node id="881343918" lat="52.3393226" lon="4.8020855" />
  <node id="881344207" lat="52.3401534" lon="4.8046511" />
  <node id="881344368" lat="52.3352395" lon="4.8000234" />
  <node id="881345024" lat="52.3391385" lon="4.8063912" />
  <node id="881345051" lat="52.3374173" lon="4.8035412" />
  <node id="881345184" lat="52.3381911" lon="4.8014923" />
  <node id="881345187" lat="52.3399815" lon="4.8031652" />
  <node id="881346682" lat="52.3401761" lon="4.8065156" />
  <node id="881346719" lat="52.3383224" lon="4.8021879" />
  <node id="881346866" lat="52.3365744" lon="4.8020142" />
  <node id="881346967" lat="52.3350479" lon="4.8001768" />
  <node id="881347281" lat="52.3364957" lon="4.8018155" />
  <node id="881347889" lat="52.3360646" lon="4.8034123" />
  <node id="881348614" lat="52.3350661" lon="4.8005685" />
  <node id="881348764" lat="52.3347536" lon="4.8003606" />
  <node id="881349446" lat="52.3365949" lon="4.8046705" />
  <node id="881350245" lat="52.3370452" lon="4.8053158" />
  <node id="881350459" lat="52.3396668" lon="4.8015431" />
  <node id="881350559" lat="52.3363867" lon="4.8024290" />
  <node id="881351192" lat="52.3364701" lon="4.8026062" />
  <node id="881351604" lat="52.3393189" lon="4.8036786" />
  <node id="881351933" lat="52.3394866" lon="4.8019142" />
  <node id="881351972" lat="52.3378168" lon="4.8037163" />
  <node id="881352126" lat="52.3402038" lon="4.8055303" />
  <node id="881353413" lat="52.3377973" lon="4.8041630" />
  <node id="881353604" lat="52.3398242" lon="4.8034491" />
  <node id="881353897" lat="52.3339504" lon="4.8029361" />
  <node id="881355090" lat="52.3400401" lon="4.8066189" />
  <node id="881355112" lat="52.3399086" lon="4.8048427" />
  <node id="881355282" lat="52.3354164" lon="4.8003589" />
  <node id="881355557" lat="52.3358655" lon="4.8034264" />
  <node id="881355630" lat="52.3355022" lon="4.8003228" />
  <node id="881356219" lat="52.3360711" lon="4.8036452" />
  <node id="881356381" lat="52.3373116" lon="4.8036920" />
  <node id="881356960" lat="52.3349508" lon="4.8007662" />
  <node id="881357157" lat="52.3338725" lon="4.8025282" />
  <node id="881357959" lat="52.3349382" lon="4.7998692" />
  <node id="881358344" lat="52.3392432" lon="4.8065595" />
  <node id="881358508" lat="52.3388147" lon="4.8012857" />
  <node id="881358513" lat="52.3395188" lon="4.8039966" />
  <node id="881359984" lat="52.3400450" lon="4.8029635" />
  <node id="881360113" lat="52.3395327" lon="4.8018010" />
  <node id="881360455" lat="52.3364159" lon="4.8017545" />
  <node id="881361107" lat="52.3374506" lon="4.8045960" />
  <node id="881361150" lat="52.3370413" lon="4.8030300" />
  <node id="881361621" lat="52.3339232" lon="4.8030015" />
  <node id="881362635" lat="52.3402248" lon="4.8055128" />
  <node id="881362815" lat="52.3364137" lon="4.8019361" />
  <node id="881363071" lat="52.3350576" lon="4.7998302" />
  <node id="881363139" lat="52.3364107" lon="4.8016051" />
  <node id="881363524" lat="52.3365070" lon="4.8025626" />
  <node id="881363662" lat="52.3369765" lon="4.8047115" />
  <node id="881364182" lat="52.3353639" lon="4.8004445" />
  <node id="881365380" lat="52.3390583" lon="4.8063534" />
  <node id="881365716" lat="52.3340301" lon="4.8022994" />
  <node id="881366116" lat="52.3369757" lon="4.8023810" />
  <node id="881366348" lat="52.3338544" lon="4.8030071" />
  <node id="881366465" lat="52.3398469" lon="4.8025605" />
  <node id="881366485" lat="52.3378082" lon="4.8037509" />
  <node id="881366589" lat="52.3401980" lon="4.8029165" />
  <node id="881366917" lat="52.3372231" lon="4.8018015" />
  <node id="881367428" lat="52.3373484" lon="4.8036858" />
  <node id="881368030" lat="52.3339976" lon="4.8027100" />
  <node id="881369116" lat="52.3384413" lon="4.8076381" />
  <node id="881369243" lat="52.3392072" lon="4.8013495" />
  <node id="881369793" lat="52.3358786" lon="4.8035758" />
  <node id="881369936" lat="52.3372013" lon="4.8045503" />
  <node id="881370092" lat="52.3393333" lon="4.8020854" />
  <node id="881370352" lat="52.3401503" lon="4.8043549" />
  <node id="881371451" lat="52.3390932" lon="4.8063125" />
  <node id="881371737" lat="52.3381686" lon="4.8015386" />
  <node id="881371741" lat="52.3400074" lon="4.8031124" />
  <node id="881372489" lat="52.3369346" lon="4.8026172" />
  <node id="881372770" lat="52.3350827" lon="4.8001603" />
  <node id="881372950" lat="52.3401983" lon="4.8064004" />
  <node id="881372991" lat="52.3383066" lon="4.8021851" />
  <node id="881373122" lat="52.3395480" lon="4.8017160" />
  <node id="881373497" lat="52.3365683" lon="4.8018483" />
  <node id="881373942" lat="52.3360836" lon="4.8033431" />
  <node id="881374019" lat="52.3370832" lon="4.8045376" />
  <node id="881374142" lat="52.3372571" lon="4.8040781" />
  <node id="881374601" lat="52.3351183" lon="4.8004983" />
  <node id="881374717" lat="52.3347677" lon="4.8003326" />
  <node id="881375992" lat="52.3374307" lon="4.8059664" />
  <node id="881376168" lat="52.3382357" lon="4.8012473" />
  <node id="881376242" lat="52.3357784" lon="4.8034203" />
  <node id="881376925" lat="52.3363531" lon="4.8027888" />
  <node id="881377366" lat="52.3388342" lon="4.8028942" />
  <node id="881377639" lat="52.3358822" lon="4.8012219" />
  <node id="881377676" lat="52.3378152" lon="4.8037364" />
  <node id="881377802" lat="52.3401931" lon="4.8055276" />
  <node id="881378996" lat="52.3377495" lon="4.8040831" />
  <node id="881379148" lat="52.3398646" lon="4.8033738" />
  <node id="881379419" lat="52.3339569" lon="4.8028402" />
  <node id="881379800" lat="52.3381306" lon="4.8043757" />
  <node id="881380059" lat="52.3369096" lon="4.8028146" />
  <node id="881380547" lat="52.3400830" lon="4.8066031" />
  <node id="881380567" lat="52.3392689" lon="4.8037501" />
  <node id="881380714" lat="52.3353946" lon="4.8003243" />
  <node id="881381010" lat="52.3359617" lon="4.8032843" />
  <node id="881381622" lat="52.3360567" lon="4.8035821" />
  <node id="881381784" lat="52.3372993" lon="4.8037038" />
  <node id="881382358" lat="52.3349719" lon="4.8007249" />
  <node id="881382469" lat="52.3339304" lon="4.8023695" />
  <node id="881383768" lat="52.3389085" lon="4.8068999" />
  <node id="881383844" lat="52.3355482" lon="4.8002411" />
  <node id="881383933" lat="52.3382780" lon="4.8012323" />
  <node id="881385341" lat="52.3399032" lon="4.8030153" />
  <node id="881385714" lat="52.3400649" lon="4.8037354" />
  <node id="881385761" lat="52.3375047" lon="4.8033178" />
  <node id="881385903" lat="52.3395325" lon="4.8017722" />
  <node id="881386032" lat="52.3351174" lon="4.8001679" />
  <node id="881386602" lat="52.3349189" lon="4.8002571" />
  <node id="881387351" lat="52.3373871" lon="4.8045173" />
  <node id="881387388" lat="52.3376731" lon="4.8040515" />
  <node id="881387923" lat="52.3345938" lon="4.8012755" />
  <node id="881389460" lat="52.3402345" lon="4.8057736" />
  <node id="881389655" lat="52.3363581" lon="4.8019094" />
  <node id="881390048" lat="52.3358112" lon="4.8034530" />
  <node id="881390242" lat="52.3362154" lon="4.8013029" />
  <node id="881390457" lat="52.3365673" lon="4.8047222" />
  <node id="881391167" lat="52.3351422" lon="4.7998320" />
  <node id="881391180" lat="52.3361360" lon="4.8032475" />
  <node id="881391414" lat="52.3369448" lon="4.8047148" />
  <node id="881391552" lat="52.3349803" lon="4.8000438" />
  <node id="881392104" lat="52.3354202" lon="4.8004915" />
  <node id="881392273" lat="52.3340091" lon="4.8017521" />
  <node id="881393498" lat="52.3390475" lon="4.8063449" />
  <node id="881394070" lat="52.3339316" lon="4.8026066" />
  <node id="881394197" lat="52.3350942" lon="4.8000112" />
  <node id="881394205" lat="52.3351729" lon="4.8001602" />
  <node id="881394810" lat="52.3370105" lon="4.8023230" />
  <node id="881395317" lat="52.3337191" lon="4.8027871" />
  <node id="881395527" lat="52.3400001" lon="4.8028552" />
  <node id="881395585" lat="52.3377942" lon="4.8037569" />
  <node id="881395741" lat="52.3393627" lon="4.8016849" />
  <node id="881396302" lat="52.3372184" lon="4.8017093" />
  <node id="881396631" lat="52.3351633" lon="4.8000103" />
  <node id="881397947" lat="52.3342026" lon="4.8021886" />
  <node id="881398774" lat="52.3363201" lon="4.8041278" />
  <node id="881399391" lat="52.3384537" lon="4.8076408" />
  <node id="881399567" lat="52.3383727" lon="4.8017546" />
  <node id="881399817" lat="52.3348181" lon="4.8002325" />
  <node id="881400271" lat="52.3363771" lon="4.8044102" />
  <node id="881400423" lat="52.3371399" lon="4.8046317" />
  <node id="881400600" lat="52.3397914" lon="4.8028356" />
  <node id="881400910" lat="52.3378581" lon="4.8020233" />
  <node id="881401065" lat="52.3401519" lon="4.8036087" />
  <node id="881401976" lat="52.3390723" lon="4.8063503" />
  <node id="881402202" lat="52.3381478" lon="4.8015907" />
  <node id="881402203" lat="52.3399923" lon="4.8029810" />
  <node id="881402965" lat="52.3369844" lon="4.8025775" />
  <node id="881403007" lat="52.3366230" lon="4.8028457" />
  <node id="881403554" lat="52.3402100" lon="4.8062708" />
  <node id="881403598" lat="52.3382889" lon="4.8021912" />
  <node id="881403763" lat="52.3395656" lon="4.8016984" />
  <node id="881404213" lat="52.3366532" lon="4.8018613" />
  <node id="881404845" lat="52.3361028" lon="4.8032939" />
  <node id="881404958" lat="52.3370202" lon="4.8046275" />
  <node id="881405126" lat="52.3372260" lon="4.8042050" />
  <node id="881405608" lat="52.3351569" lon="4.8004661" />
  <node id="881405737" lat="52.3346773" lon="4.8001092" />
  <node id="881406177" lat="52.3352910" lon="4.8002274" />
  <node id="881406949" lat="52.3391823" lon="4.8066106" />
  <node id="881407145" lat="52.3382502" lon="4.8012903" />
  <node id="881407889" lat="52.3359379" lon="4.8034614" />
  <node id="881408601" lat="52.3364331" lon="4.8021014" />
  <node id="881408763" lat="52.3401894" lon="4.8055190" />
  <node id="881409152" lat="52.3356924" lon="4.8006320" />
  <node id="881409921" lat="52.3399151" lon="4.8032639" />
  <node id="881409994" lat="52.3353322" lon="4.8000870" />
  <node id="881410159" lat="52.3339167" lon="4.8027646" />
  <node id="881410399" lat="52.3380727" lon="4.8044632" />
  <node id="881410586" lat="52.3392061" lon="4.8066420" />
  <node id="881410922" lat="52.3402360" lon="4.8045896" />
  <node id="881410935" lat="52.3387794" lon="4.8029379" />
  <node id="881411004" lat="52.3348528" lon="4.8003314" />
  <node id="881411164" lat="52.3361437" lon="4.8029972" />
  <node id="881411503" lat="52.3368473" lon="4.8025926" />
  <node id="881411545" lat="52.3371947" lon="4.8043003" />
  <node id="881411605" lat="52.3372888" lon="4.8037298" />
  <node id="881411758" lat="52.3352354" lon="4.8001842" />
  <node id="881411866" lat="52.3349891" lon="4.8006835" />
  <node id="881412339" lat="52.3352747" lon="4.7998719" />
  <node id="881412598" lat="52.3389443" lon="4.8069583" />
  <node id="881412671" lat="52.3350028" lon="4.8001920" />
  <node id="881412722" lat="52.3382429" lon="4.8012271" />
  <node id="881412725" lat="52.3397163" lon="4.8036663" />
  <node id="881413405" lat="52.3399333" lon="4.8030178" />
  <node id="881413588" lat="52.3400675" lon="4.8049176" />
  <node id="881413600" lat="52.3374755" lon="4.8033808" />
  <node id="881413673" lat="52.3401802" lon="4.8032374" />
  <node id="881414424" lat="52.3388790" lon="4.8059402" />
  <node id="881414703" lat="52.3346797" lon="4.8011588" />
  <node id="881415408" lat="52.3402410" lon="4.8057312" />
  <node id="881415425" lat="52.3375888" lon="4.8033397" />
  <node id="881415546" lat="52.3362910" lon="4.8018262" />
  <node id="881415660" lat="52.3397718" lon="4.8015313" />
  <node id="881415718" lat="52.3358376" lon="4.8034527" />
  <node id="881416110" lat="52.3362414" lon="4.8031540" />
  <node id="881416566" lat="52.3352218" lon="4.8004403" />
  <node id="881417356" lat="52.3385049" lon="4.8054319" />
  <node id="881417665" lat="52.3339232" lon="4.8026546" />
  <node id="881418119" lat="52.3369278" lon="4.8023500" />
  <node id="881418385" lat="52.3336584" lon="4.8026699" />
  <node id="881418512" lat="52.3400282" lon="4.8028994" />
  <node id="881418530" lat="52.3377818" lon="4.8037570" />
  <node id="881418576" lat="52.3348572" lon="4.7999105" />
  <node id="881418616" lat="52.3377254" lon="4.8019401" />
  <node id="881418840" lat="52.3366694" lon="4.8017340" />
  <node id="881419777" lat="52.3345645" lon="4.8013224" />
  <node id="881420027" lat="52.3353677" lon="4.8002813" />
  <node id="881420114" lat="52.3365859" lon="4.8046131" />
  <node id="881420453" lat="52.3390514" lon="4.8015957" />
  <node id="881420455" lat="52.3395275" lon="4.8040051" />
  <node id="881420489" lat="52.3364332" lon="4.8025161" />
  <node id="881421064" lat="52.3390358" lon="4.8019176" />
  <node id="881421079" lat="52.3377830" lon="4.8036564" />
  <node id="881421132" lat="52.3401581" lon="4.8034304" />
  <node id="881421174" lat="52.3352057" lon="4.7998369" />
  <node id="881421770" lat="52.3390670" lon="4.8063561" />
  <node id="881422111" lat="52.3339861" lon="4.8031746" />
  <node id="881422402" lat="52.3384767" lon="4.8051175" />
  <node id="881422628" lat="52.3369723" lon="4.8024414" />
  <node id="881423103" lat="52.3400586" lon="4.8058108" />
  <node id="881423135" lat="52.3381805" lon="4.8023593" />
  <node id="881423246" lat="52.3395706" lon="4.8016910" />
  <node id="881423551" lat="52.3368991" lon="4.8018327" />
  <node id="881423988" lat="52.3361457" lon="4.8037994" />
  <node id="881424160" lat="52.3373095" lon="4.8043448" />
  <node id="881424567" lat="52.3351857" lon="4.8004468" />
  <node id="881424678" lat="52.3338445" lon="4.8028330" />
  <node id="881425757" lat="52.3392085" lon="4.8066457" />
  <node id="881425950" lat="52.3382522" lon="4.8013449" />
  <node id="881426629" lat="52.3358872" lon="4.8035469" />
  <node id="881427458" lat="52.3364452" lon="4.8021181" />
  <node id="881427705" lat="52.3401587" lon="4.8028251" />
  <node id="881428145" lat="52.3360426" lon="4.8011856" />
  <node id="881428454" lat="52.3349925" lon="4.7998368" />
  <node id="881429102" lat="52.3374773" lon="4.8045899" />
  <node id="881429696" lat="52.3339118" lon="4.8028070" />
  <node id="881430177" lat="52.3384353" lon="4.8050503" />
  <node id="881430488" lat="52.3368560" lon="4.8024286" />
  <node id="881431121" lat="52.3402344" lon="4.8046184" />
  <node id="881431586" lat="52.3364293" lon="4.8025204" />
  <node id="881431669" lat="52.3365427" lon="4.8017155" />
  <node id="881432219" lat="52.3368170" lon="4.8025528" />
  <node id="881432283" lat="52.3371458" lon="4.8044159" />
  <node id="881432376" lat="52.3372827" lon="4.8039139" />
  <node id="881432944" lat="52.3355693" lon="4.8002644" />
  <node id="881433880" lat="52.3391557" lon="4.8066168" />
  <node id="881434088" lat="52.3382365" lon="4.8012348" />
  <node id="881434090" lat="52.3397161" lon="4.8036173" />
  <node id="881434183" lat="52.3349604" lon="4.8002249" />
  <node id="881435190" lat="52.3399527" lon="4.8030118" />
  <node id="881435422" lat="52.3400576" lon="4.8052742" />
  <node id="881435489" lat="52.3374704" lon="4.8034154" />
  <node id="881435542" lat="52.3349185" lon="4.8000952" />
  <node id="881435580" lat="52.3402088" lon="4.8030128" />
  <node id="881436373" lat="52.3376398" lon="4.8039999" />
  <node id="881436780" lat="52.3347738" lon="4.8009772" />
  <node id="881436890" lat="52.3338503" lon="4.8029795" />
  <node id="881437791" lat="52.3402697" lon="4.8056410" />
  <node id="881437904" lat="52.3379503" lon="4.8068237" />
  <node id="881438027" lat="52.3395565" lon="4.8014484" />
  <node id="892894090" lat="52.3047716" lon="4.8459797" />
  <node id="892894990" lat="52.3060885" lon="4.8493853" />
  <node id="892895083" lat="52.3076411" lon="4.8420925" />
  <node id="892895699" lat="52.3064198" lon="4.8491835" />
  <node id="892896490" lat="52.3062725" lon="4.8477536" />
  <node id="892897458" lat="52.3057752" lon="4.8454943" />
  <node id="892897545" lat="52.3057448" lon="4.8476830" />
  <node id="892898133" lat="52.3074927" lon="4.8478211" />
  <node id="892898358" lat="52.3063619" lon="4.8441184" />
  <node id="892898462" lat="52.3054161" lon="4.8461521" />
  <node id="892898565" lat="52.3050649" lon="4.8432339" />
  <node id="892899073" lat="52.3116898" lon="4.8504234" />
  <node id="892899323" lat="52.3059477" lon="4.8491655" />
  <node id="892899454" lat="52.3053799" lon="4.8452702" />
  <node id="892899618" lat="52.3072978" lon="4.8481355" />
  <node id="892899983" lat="52.3061784" lon="4.8449777" />
  <node id="892900155" lat="52.3051136" lon="4.8428927" />
  <node id="892900188" lat="52.3061664" lon="4.8464075" />
  <node id="892900236" lat="52.3116398" lon="4.8504840" />
  <node id="892900410" lat="52.3074381" lon="4.8423328" />
  <node id="892900434" lat="52.3060355" lon="4.8447362" />
  <node id="892900606" lat="52.3061199" lon="4.8493722" />
  <node id="892901529" lat="52.3076659" lon="4.8419747" />
  <node id="892901566" lat="52.3051174" lon="4.8429291" />
  <node id="892902033" lat="52.3050648" lon="4.8425912" />
  <node id="892902160" lat="52.3074606" lon="4.8442968" />
  <node id="892902650" lat="52.3065174" lon="4.8491632" />
  <node id="892902659" lat="52.3065325" lon="4.8490098" />
  <node id="892902885" lat="52.3064471" lon="4.8491958" />
  <node id="892902979" lat="52.3062304" lon="4.8477541" />
  <node id="892903224" lat="52.3057829" lon="4.8455126" />
  <node id="892903641" lat="52.3063144" lon="4.8477648" />
  <node id="892903985" lat="52.3062192" lon="4.8441380" />
  <node id="892904226" lat="52.3076073" lon="4.8418109" />
  <node id="892904600" lat="52.3054387" lon="4.8454864" />
  <node id="892904649" lat="52.3048551" lon="4.8450607" />
  <node id="892906390" lat="52.3054752" lon="4.8454826" />
  <node id="892906562" lat="52.3072551" lon="4.8418149" />
  <node id="892907497" lat="52.3058950" lon="4.8485323" />
  <node id="892907827" lat="52.3057499" lon="4.8450619" />
  <node id="892907892" lat="52.3054473" lon="4.8451542" />
  <node id="892908227" lat="52.3068664" lon="4.8477800" />
  <node id="892908656" lat="52.3067120" lon="4.8477948" />
  <node id="892909608" lat="52.3050542" lon="4.8433557" />
  <node id="892909610" lat="52.3061338" lon="4.8447386" />
  <node id="892909964" lat="52.3081168" lon="4.8490817" />
  <node id="892910056" lat="52.3073043" lon="4.8481776" />
  <node id="892910181" lat="52.3065165" lon="4.8450793" />
  <node id="892910208" lat="52.3053077" lon="4.8457043" />
  <node id="892910242" lat="52.3059784" lon="4.8486782" />
  <node id="892910258" lat="52.3066638" lon="4.8482144" />
  <node id="892910320" lat="52.3063661" lon="4.8442340" />
  <node id="892910383" lat="52.3062417" lon="4.8491544" />
  <node id="892910532" lat="52.3063451" lon="4.8494593" />
  <node id="892910537" lat="52.3061886" lon="4.8477663" />
  <node id="892910665" lat="52.3066104" lon="4.8478936" />
  <node id="892911214" lat="52.3073877" lon="4.8418371" />
  <node id="892911458" lat="52.3062069" lon="4.8449912" />
  <node id="892911555" lat="52.3061103" lon="4.8453689" />
  <node id="892911599" lat="52.3048324" lon="4.8452662" />
  <node id="892911634" lat="52.3059899" lon="4.8488510" />
  <node id="892911693" lat="52.3054536" lon="4.8446947" />
  <node id="892911800" lat="52.3054735" lon="4.8478702" />
  <node id="892911806" lat="52.3074897" lon="4.8451966" />
  <node id="892911966" lat="52.3061857" lon="4.8492778" />
  <node id="892911967" lat="52.3077404" lon="4.8417565" />
  <node id="892911970" lat="52.3051371" lon="4.8418963" />
  <node id="892912062" lat="52.3053742" lon="4.8461795" />
  <node id="892912167" lat="52.3061971" lon="4.8491603" />
  <node id="892912406" lat="52.3056977" lon="4.8486211" />
  <node id="892912497" lat="52.3059809" lon="4.8464398" />
  <node id="892912949" lat="52.3066028" lon="4.8450253" />
  <node id="892913055" lat="52.3054243" lon="4.8452302" />
  <node id="892913081" lat="52.3057812" lon="4.8455620" />
  <node id="892913694" lat="52.3076656" lon="4.8419219" />
  <node id="892914046" lat="52.3061039" lon="4.8459452" />
  <node id="892914703" lat="52.3072007" lon="4.8479462" />
  <node id="892915451" lat="52.3055747" lon="4.8480272" />
  <node id="892915739" lat="52.3061389" lon="4.8450644" />
  <node id="892915866" lat="52.3062134" lon="4.8493136" />
  <node id="892915930" lat="52.3081331" lon="4.8489771" />
  <node id="892915940" lat="52.3053620" lon="4.8490514" />
  <node id="892915986" lat="52.3079701" lon="4.8476072" />
  <node id="892915989" lat="52.3061488" lon="4.8477897" />
  <node id="892916128" lat="52.3064552" lon="4.8492597" />
  <node id="892916237" lat="52.3065899" lon="4.8483784" />
  <node id="892916737" lat="52.3056173" lon="4.8490553" />
  <node id="892917153" lat="52.3061502" lon="4.8492028" />
  <node id="892917256" lat="52.3060026" lon="4.8479230" />
  <node id="892917388" lat="52.3062840" lon="4.8494287" />
  <node id="892917451" lat="52.3062575" lon="4.8451895" />
  <node id="892917502" lat="52.3063128" lon="4.8476433" />
  <node id="892917623" lat="52.3057903" lon="4.8476194" />
  <node id="892917746" lat="52.3059975" lon="4.8475536" />
  <node id="892917757" lat="52.3061360" lon="4.8438735" />
  <node id="892917889" lat="52.3062296" lon="4.8449823" />
  <node id="892917995" lat="52.3065146" lon="4.8481124" />
  <node id="892918315" lat="52.3047755" lon="4.8460227" />
  <node id="892919040" lat="52.3076460" lon="4.8423510" />
  <node id="892919340" lat="52.3064165" lon="4.8478530" />
  <node id="892919413" lat="52.3066011" lon="4.8488197" />
  <node id="892919482" lat="52.3060300" lon="4.8464259" />
  <node id="892919555" lat="52.3075074" lon="4.8451435" />
  <node id="892920045" lat="52.3074020" lon="4.8478000" />
  <node id="892920136" lat="52.3073549" lon="4.8417141" />
  <node id="892920221" lat="52.3061339" lon="4.8492202" />
  <node id="892920334" lat="52.3052606" lon="4.8482968" />
  <node id="892920485" lat="52.3056605" lon="4.8450996" />
  <node id="892921047" lat="52.3069545" lon="4.8478484" />
  <node id="892921374" lat="52.3053199" lon="4.8490455" />
  <node id="892921631" lat="52.3055056" lon="4.8474622" />
  <node id="892921778" lat="52.3057111" lon="4.8454766" />
  <node id="892921936" lat="52.3074681" lon="4.8452087" />
  <node id="892922051" lat="52.3062835" lon="4.8449038" />
  <node id="892922274" lat="52.3060285" lon="4.8491053" />
  <node id="892922430" lat="52.3056778" lon="4.8488244" />
  <node id="892922498" lat="52.3069377" lon="4.8477948" />
  <node id="892922552" lat="52.3060455" lon="4.8460564" />
  <node id="892923019" lat="52.3077621" lon="4.8481408" />
  <node id="892923044" lat="52.3079101" lon="4.8489315" />
  <node id="892923275" lat="52.3063650" lon="4.8494321" />
  <node id="892924028" lat="52.3065513" lon="4.8480461" />
  <node id="892924030" lat="52.3062925" lon="4.8439873" />
  <node id="892924080" lat="52.3059305" lon="4.8485900" />
  <node id="892924317" lat="52.3066063" lon="4.8486907" />
  <node id="892924372" lat="52.3066027" lon="4.8486456" />
  <node id="892924700" lat="52.3060396" lon="4.8474820" />
  <node id="892924756" lat="52.3062828" lon="4.8491953" />
  <node id="892924881" lat="52.3062564" lon="4.8453873" />
  <node id="892925112" lat="52.3064955" lon="4.8475390" />
  <node id="892926020" lat="52.3056814" lon="4.8447648" />
  <node id="892926309" lat="52.3072470" lon="4.8480650" />
  <node id="892926353" lat="52.3079500" lon="4.8490388" />
  <node id="892926411" lat="52.3057864" lon="4.8491189" />
  <node id="892926430" lat="52.3059520" lon="4.8476001" />
  <node id="892926544" lat="52.3060559" lon="4.8492946" />
  <node id="892926664" lat="52.3057311" lon="4.8477635" />
  <node id="892926822" lat="52.3051249" lon="4.8421020" />
  <node id="892927019" lat="52.3060564" lon="4.8459887" />
  <node id="892927049" lat="52.3067801" lon="4.8452424" />
  <node id="892927054" lat="52.3051706" lon="4.8403210" />
  <node id="892927129" lat="52.3062987" lon="4.8493172" />
  <node id="892927526" lat="52.3063285" lon="4.8470122" />
  <node id="892927753" lat="52.3064020" lon="4.8452216" />
  <node id="892928232" lat="52.3117093" lon="4.8502702" />
  <node id="892928500" lat="52.3064496" lon="4.8493161" />
  <node id="892928565" lat="52.3062624" lon="4.8449560" />
  <node id="892928816" lat="52.3054995" lon="4.8477961" />
  <node id="892928902" lat="52.3066342" lon="4.8485446" />
  <node id="892929043" lat="52.3061265" lon="4.8493097" />
  <node id="892929563" lat="52.3063917" lon="4.8478206" />
  <node id="892929622" lat="52.3075352" lon="4.8417707" />
  <node id="892929662" lat="52.3060163" lon="4.8489893" />
  <node id="892930373" lat="52.3050868" lon="4.8431606" />
  <node id="892930486" lat="52.3072901" lon="4.8482018" />
  <node id="892930807" lat="52.3067168" lon="4.8450872" />
  <node id="892930946" lat="52.3053616" lon="4.8453343" />
  <node id="892931390" lat="52.3062513" lon="4.8492743" />
  <node id="892931404" lat="52.3052926" lon="4.8489866" />
  <node id="892931570" lat="52.3053454" lon="4.8459092" />
  <node id="892931750" lat="52.3057108" lon="4.8481998" />
  <node id="892931784" lat="52.3078187" lon="4.8489653" />
  <node id="892932200" lat="52.3060654" lon="4.8478546" />
  <node id="892934106" lat="52.3058712" lon="4.8476184" />
  <node id="892934681" lat="52.3058423" lon="4.8448601" />
  <node id="892935737" lat="52.3064340" lon="4.8451507" />
  <node id="892935898" lat="52.3057209" lon="4.8452205" />
  <node id="892936074" lat="52.3060430" lon="4.8463821" />
  <node id="892936268" lat="52.3061483" lon="4.8449598" />
  <node id="892936282" lat="52.3059951" lon="4.8448766" />
  <node id="892936545" lat="52.3067018" lon="4.8482912" />
  <node id="892936872" lat="52.3060433" lon="4.8447847" />
  <node id="892937142" lat="52.3062429" lon="4.8441989" />
  <node id="892937166" lat="52.3072834" lon="4.8418736" />
  <node id="892937333" lat="52.3072966" lon="4.8478642" />
  <node id="892937668" lat="52.3065146" lon="4.8486466" />
  <node id="892937977" lat="52.3054356" lon="4.8453693" />
  <node id="892938410" lat="52.3053590" lon="4.8483877" />
  <node id="892938472" lat="52.3062922" lon="4.8492114" />
  <node id="892938765" lat="52.3067962" lon="4.8451293" />
  <node id="892939375" lat="52.3077655" lon="4.8478399" />
  <node id="892939498" lat="52.3061178" lon="4.8492434" />
  <node id="892939854" lat="52.3077216" lon="4.8478863" />
  <node id="892940203" lat="52.3074496" lon="4.8477895" />
  <node id="892941618" lat="52.3060712" lon="4.8491369" />
  <node id="892942082" lat="52.3068034" lon="4.8478305" />
  <node id="892942326" lat="52.3075179" lon="4.8442986" />
  <node id="892942588" lat="52.3062272" lon="4.8458710" />
  <node id="892942655" lat="52.3060175" lon="4.8448580" />
  <node id="892942832" lat="52.3038747" lon="4.8404781" />
  <node id="892943352" lat="52.3065611" lon="4.8484670" />
  <node id="892943353" lat="52.3064738" lon="4.8483850" />
  <node id="892943427" lat="52.3061122" lon="4.8478238" />
  <node id="892943671" lat="52.3066680" lon="4.8478614" />
  <node id="892943839" lat="52.3076363" lon="4.8418400" />
  <node id="892943875" lat="52.3057174" lon="4.8479521" />
  <node id="892944192" lat="52.3052645" lon="4.8488465" />
  <node id="892944381" lat="52.3055911" lon="4.8474683" />
  <node id="892944750" lat="52.3070850" lon="4.8479210" />
  <node id="892945459" lat="52.3060727" lon="4.8464138" />
  <node id="892945584" lat="52.3053278" lon="4.8456813" />
  <node id="892946030" lat="52.3060323" lon="4.8448335" />
  <node id="892946138" lat="52.3058341" lon="4.8491320" />
  <node id="892946679" lat="52.3052791" lon="4.8482413" />
  <node id="892947010" lat="52.3060619" lon="4.8493338" />
  <node id="892947153" lat="52.3071815" lon="4.8479452" />
  <node id="892947255" lat="52.3065918" lon="4.8478484" />
  <node id="892947533" lat="52.3061430" lon="4.8493400" />
  <node id="892947568" lat="52.3076625" lon="4.8420393" />
  <node id="892947575" lat="52.3065259" lon="4.8492859" />
  <node id="892947710" lat="52.3078374" lon="4.8490121" />
  <node id="892948684" lat="52.3071114" lon="4.8478842" />
  <node id="892949060" lat="52.3048629" lon="4.8461507" />
  <node id="892949317" lat="52.3075982" lon="4.8421577" />
  <node id="892949619" lat="52.3066020" lon="4.8487331" />
  <node id="892949805" lat="52.3063804" lon="4.8491712" />
  <node id="892949903" lat="52.3061693" lon="4.8438467" />
  <node id="892950549" lat="52.3052586" lon="4.8486594" />
  <node id="892950916" lat="52.3059243" lon="4.8448713" />
  <node id="892951137" lat="52.3062627" lon="4.8439334" />
  <node id="892951276" lat="52.3066712" lon="4.8484464" />
  <node id="892951280" lat="52.3077549" lon="4.8417798" />
  <node id="892951399" lat="52.3061332" lon="4.8449053" />
  <node id="892951649" lat="52.3062574" lon="4.8452334" />
  <node id="892951767" lat="52.3051497" lon="4.8418221" />
  <node id="892952301" lat="52.3058644" lon="4.8491455" />
  <node id="892952354" lat="52.3070188" lon="4.8478768" />
  <node id="892952490" lat="52.3064796" lon="4.8454181" />
  <node id="892952516" lat="52.3071493" lon="4.8479767" />
  <node id="892952724" lat="52.3060543" lon="4.8463328" />
  <node id="892952749" lat="52.3077402" lon="4.8478820" />
  <node id="892953002" lat="52.3057179" lon="4.8479530" />
  <node id="892953120" lat="52.3066982" lon="4.8483312" />
  <node id="892953144" lat="52.3059554" lon="4.8453507" />
  <node id="892953270" lat="52.3047945" lon="4.8460593" />
  <node id="892953361" lat="52.3047792" lon="4.8460299" />
  <node id="892953620" lat="52.3055463" lon="4.8454808" />
  <node id="892953740" lat="52.3048248" lon="4.8461082" />
  <node id="892953786" lat="52.3063996" lon="4.8452498" />
  <node id="892953792" lat="52.3065672" lon="4.8489392" />
  <node id="892953973" lat="52.3047927" lon="4.8456599" />
  <node id="892954022" lat="52.3053327" lon="4.8451583" />
  <node id="892954233" lat="52.3066362" lon="4.8450281" />
  <node id="892954672" lat="52.3054237" lon="4.8460702" />
  <node id="892954686" lat="52.3062555" lon="4.8455465" />
  <node id="892955119" lat="52.3065170" lon="4.8490802" />
  <node id="892955161" lat="52.3077589" lon="4.8418561" />
  <node id="892955166" lat="52.3057600" lon="4.8448186" />
  <node id="892955195" lat="52.3074704" lon="4.8417891" />
  <node id="892955289" lat="52.3068773" lon="4.8478326" />
  <node id="892955486" lat="52.3078975" lon="4.8490598" />
  <node id="892955871" lat="52.3067230" lon="4.8478431" />
  <node id="892955907" lat="52.3055936" lon="4.8451490" />
  <node id="892955908" lat="52.3063318" lon="4.8440398" />
  <node id="892955973" lat="52.3059641" lon="4.8455842" />
  <node id="892956128" lat="52.3061900" lon="4.8451113" />
  <node id="892956280" lat="52.3061432" lon="4.8449407" />
  <node id="892956741" lat="52.3066137" lon="4.8481387" />
  <node id="892957069" lat="52.3061357" lon="4.8452196" />
  <node id="892957074" lat="52.3063544" lon="4.8477873" />
  <node id="892957076" lat="52.3075712" lon="4.8417879" />
  <node id="892957216" lat="52.3059906" lon="4.8456084" />
  <node id="892957232" lat="52.3066130" lon="4.8489411" />
  <node id="892957291" lat="52.3060677" lon="4.8494153" />
  <node id="892957412" lat="52.3062239" lon="4.8451475" />
  <node id="892957454" lat="52.3070503" lon="4.8452313" />
  <node id="892957738" lat="52.3075878" lon="4.8477064" />
  <node id="892957884" lat="52.3064067" lon="4.8468059" />
  <node id="892957926" lat="52.3064260" lon="4.8452528" />
  <node id="892958075" lat="52.3072985" lon="4.8419161" />
  <node id="892958622" lat="52.3067481" lon="4.8482207" />
  <node id="893491423" lat="52.4674291" lon="4.8422525" />
  <node id="893491676" lat="52.4674134" lon="4.8422043" />
  <node id="893491738" lat="52.4686606" lon="4.8454007" />
  <node id="893491748" lat="52.4707799" lon="4.8453353" />
  <node id="893492062" lat="52.4687089" lon="4.8455513" />
  <node id="893492591" lat="52.4685941" lon="4.8460556" />
  <node id="893492784" lat="52.4681051" lon="4.8470327" />
  <node id="893492913" lat="52.4680667" lon="4.8435520" />
  <node id="893493067" lat="52.4696753" lon="4.8474400" />
  <node id="893493096" lat="52.4666434" lon="4.8392172" />
  <node id="893493469" lat="52.4680308" lon="4.8466204" />
  <node id="893493508" lat="52.4706307" lon="4.8458275" />
  <node id="893493589" lat="52.4688033" lon="4.8485771" />
  <node id="893493767" lat="52.4679735" lon="4.8467632" />
  <node id="893493884" lat="52.4683764" lon="4.8476506" />
  <node id="893494062" lat="52.4715310" lon="4.8431597" />
  <node id="893494248" lat="52.4678406" lon="4.8426959" />
  <node id="893494355" lat="52.4684397" lon="4.8446538" />
  <node id="893494689" lat="52.4687714" lon="4.8485906" />
  <node id="893494824" lat="52.4685771" lon="4.8482454" />
  <node id="893494861" lat="52.4713451" lon="4.8435990" />
  <node id="893495260" lat="52.4686778" lon="4.8485154" />
  <node id="893495427" lat="52.4677859" lon="4.8425752" />
  <node id="893495851" lat="52.4680058" lon="4.8433053" />
  <node id="893496255" lat="52.4686886" lon="4.8454799" />
  <node id="893496633" lat="52.4714310" lon="4.8434058" />
  <node id="893496670" lat="52.4709562" lon="4.8447237" />
  <node id="893497661" lat="52.4704216" lon="4.8464780" />
  <node id="893498271" lat="52.4688785" lon="4.8484893" />
  <node id="893498424" lat="52.4685458" lon="4.8481538" />
  <node id="893498817" lat="52.4679766" lon="4.8466895" />
  <node id="893498960" lat="52.4682983" lon="4.8474515" />
  <node id="893499236" lat="52.4681133" lon="4.8437241" />
  <node id="893499795" lat="52.4711335" lon="4.8441109" />
  <node id="893500143" lat="52.4683761" lon="4.8444398" />
  <node id="893500297" lat="52.4676027" lon="4.8424420" />
  <node id="893500711" lat="52.4674045" lon="4.8421505" />
  <node id="893500992" lat="52.4680128" lon="4.8468733" />
  <node id="893501211" lat="52.4682517" lon="4.8440819" />
  <node id="893501393" lat="52.4686340" lon="4.8453091" />
  <node id="893501810" lat="52.4685380" lon="4.8449606" />
  <node id="893502622" lat="52.4699870" lon="4.8470703" />
  <node id="893502698" lat="52.4703547" lon="4.8465789" />
  <node id="893503314" lat="52.4677458" lon="4.8425290" />
  <node id="893503356" lat="52.4715676" lon="4.8430435" />
  <node id="893503746" lat="52.4692129" lon="4.8480481" />
  <node id="893503810" lat="52.4679100" lon="4.8429331" />
  <node id="893504089" lat="52.4683767" lon="4.8462898" />
  <node id="893504142" lat="52.4710638" lon="4.8443566" />
  <node id="893504267" lat="52.4712511" lon="4.8437989" />
  <node id="893504543" lat="52.4687157" lon="4.8459171" />
  <node id="893504683" lat="52.4679901" lon="4.8468210" />
  <node id="893504752" lat="52.4684448" lon="4.8478682" />
  <node id="893504854" lat="52.4674853" lon="4.8423315" />
  <node id="893504898" lat="52.4684921" lon="4.8448175" />
  <node id="893504937" lat="52.4685950" lon="4.8483402" />
  <node id="894210676" lat="52.4379613" lon="4.8534907" />
  <node id="894212067" lat="52.4377413" lon="4.8509024" />
  <node id="894212130" lat="52.4357192" lon="4.8531707" />
  <node id="894213081" lat="52.4575415" lon="4.8378720" />
  <node id="894214054" lat="52.4367499" lon="4.8529735" />
  <node id="894214175" lat="52.4391085" lon="4.8528364" />
  <node id="894214270" lat="52.4389374" lon="4.8514546" />
  <node id="894214603" lat="52.4387418" lon="4.8505547" />
  <node id="894215060" lat="52.4355529" lon="4.8515497" />
  <node id="894215174" lat="52.4357310" lon="4.8532952" />
  <node id="894216110" lat="52.4398203" lon="4.8511724" />
  <node id="894216155" lat="52.4399714" lon="4.8525479" />
  <node id="894216358" lat="52.4387588" lon="4.8505821" />
  <node id="894216829" lat="52.4379433" lon="4.8524897" />
  <node id="894216996" lat="52.4390628" lon="4.8531529" />
  <node id="894217480" lat="52.4377656" lon="4.8518153" />
  <node id="894217637" lat="52.4365508" lon="4.8512346" />
  <node id="894217639" lat="52.4377478" lon="4.8508639" />
  <node id="894219323" lat="52.4389407" lon="4.8521752" />
  <node id="894219356" lat="52.4579303" lon="4.8371769" />
  <node id="894219527" lat="52.4389379" lon="4.8523072" />
  <node id="894221410" lat="52.4367279" lon="4.8521359" />
  <node id="894222343" lat="52.4367361" lon="4.8528514" />
  <node id="894223702" lat="52.4387874" lon="4.8508209" />
  <node id="894224204" lat="52.4359007" lon="4.8541279" />
  <node id="894224775" lat="52.4392428" lon="4.8513569" />
  <node id="894224942" lat="52.4389649" lon="4.8523124" />
  <node id="894225166" lat="52.4372495" lon="4.8519666" />
  <node id="894225751" lat="52.4379375" lon="4.8526273" />
  <node id="894225952" lat="52.4369205" lon="4.8538224" />
  <node id="894226096" lat="52.4380422" lon="4.8534843" />
  <node id="894226440" lat="52.4357357" lon="4.8532937" />
  <node id="894226906" lat="52.4377487" lon="4.8518045" />
  <node id="894227220" lat="52.4368506" lon="4.8538214" />
  <node id="894227244" lat="52.4358314" lon="4.8541502" />
  <node id="894227259" lat="52.4389473" lon="4.8521476" />
  <node id="894227563" lat="52.4573330" lon="4.8381219" />
  <node id="894227641" lat="52.4356623" lon="4.8524562" />
  <node id="894228324" lat="52.4356663" lon="4.8527251" />
  <node id="894228376" lat="52.4386829" lon="4.8522565" />
  <node id="894228460" lat="52.4387276" lon="4.8523746" />
  <node id="894228776" lat="52.4379268" lon="4.8524899" />
  <node id="894228780" lat="52.4356331" lon="4.8524630" />
  <node id="894228867" lat="52.4577402" lon="4.8375511" />
  <node id="1160828387" lat="52.2985172" lon="4.8581992" />
  <node id="1160828758" lat="52.2988345" lon="4.8583025" />
  <node id="1160829026" lat="52.2978919" lon="4.8611342" />
  <node id="1160829202" lat="52.2984429" lon="4.8600571" />
  <node id="1160830336" lat="52.2980461" lon="4.8581860" />
  <node id="1160830497" lat="52.2987244" lon="4.8585024" />
  <node id="1160830684" lat="52.2980953" lon="4.8604079" />
  <node id="1160831060" lat="52.3000132" lon="4.8572701" />
  <node id="1160831930" lat="52.2994610" lon="4.8665798" />
  <node id="1160833001" lat="52.2981256" lon="4.8601172" />
  <node id="1160833790" lat="52.2968549" lon="4.8577313" />
  <node id="1160833960" lat="52.2984944" lon="4.8580628" />
  <node id="1160834413" lat="52.2984877" lon="4.8595240" />
  <node id="1160834524" lat="52.2968898" lon="4.8580151" />
  <node id="1160834780" lat="52.2999491" lon="4.8643200" />
  <node id="1160834995" lat="52.2980779" lon="4.8585213" />
  <node id="1160835246" lat="52.3004256" lon="4.8625073" />
  <node id="1160835411" lat="52.3000192" lon="4.8569910" />
  <node id="1160835789" lat="52.2995329" lon="4.8660134" />
  <node id="1160835801" lat="52.2980859" lon="4.8602074" />
  <node id="1160836857" lat="52.2978958" lon="4.8578585" />
  <node id="1160837034" lat="52.2982691" lon="4.8580031" />
  <node id="1160837148" lat="52.2975585" lon="4.8574986" />
  <node id="1160837485" lat="52.2983859" lon="4.8596921" />
  <node id="1160837617" lat="52.2970237" lon="4.8576656" />
  <node id="1160837754" lat="52.2982188" lon="4.8593623" />
  <node id="1160837917" lat="52.3000816" lon="4.8639998" />
  <node id="1160837922" lat="52.3015791" lon="4.8581302" />
  <node id="1160838189" lat="52.2980727" lon="4.8580467" />
  <node id="1160838472" lat="52.3010397" lon="4.8600375" />
  <node id="1160839327" lat="52.2983102" lon="4.8585745" />
  <node id="1160839559" lat="52.3016859" lon="4.8579904" />
  <node id="1160839707" lat="52.2982007" lon="4.8578902" />
  <node id="1160839894" lat="52.2982373" lon="4.8607584" />
  <node id="1160840091" lat="52.2998331" lon="4.8581369" />
  <node id="1160840312" lat="52.2978783" lon="4.8580323" />
  <node id="1160840393" lat="52.2986377" lon="4.8589598" />
  <node id="1160840482" lat="52.2992725" lon="4.8671830" />
  <node id="1160840759" lat="52.2981301" lon="4.8597622" />
  <node id="1160840885" lat="52.3011610" lon="4.8593647" />
  <node id="1160841386" lat="52.2984111" lon="4.8586620" />
  <node id="1160841788" lat="52.2979805" lon="4.8611109" />
  <node id="1160841887" lat="52.2983744" lon="4.8603153" />
  <node id="1160842435" lat="52.2980397" lon="4.8581432" />
  <node id="1160842515" lat="52.2987041" lon="4.8585360" />
  <node id="1160842638" lat="52.2980799" lon="4.8604640" />
  <node id="1160842815" lat="52.2999645" lon="4.8575149" />
  <node id="1160843250" lat="52.2994513" lon="4.8667078" />
  <node id="1160844036" lat="52.2974239" lon="4.8575929" />
  <node id="1160844181" lat="52.2984814" lon="4.8581119" />
  <node id="1160844668" lat="52.2985457" lon="4.8594921" />
  <node id="1160844774" lat="52.2967197" lon="4.8579631" />
  <node id="1160845027" lat="52.2999156" lon="4.8644124" />
  <node id="1160845234" lat="52.2980424" lon="4.8585392" />
  <node id="1160845562" lat="52.3008610" lon="4.8605773" />
  <node id="1160845764" lat="52.3000243" lon="4.8570685" />
  <node id="1160846247" lat="52.2994728" lon="4.8662707" />
  <node id="1160846267" lat="52.2980958" lon="4.8602483" />
  <node id="1160847458" lat="52.3003041" lon="4.8628982" />
  <node id="1160847709" lat="52.2975219" lon="4.8576092" />
  <node id="1160847828" lat="52.2983708" lon="4.8581326" />
  <node id="1160847902" lat="52.2978752" lon="4.8610582" />
  <node id="1160847939" lat="52.3015910" lon="4.8581225" />
  <node id="1160848234" lat="52.2976277" lon="4.8578884" />
  <node id="1160848295" lat="52.2982634" lon="4.8593518" />
  <node id="1160848413" lat="52.2990022" lon="4.8684385" />
  <node id="1160848415" lat="52.3015113" lon="4.8582496" />
  <node id="1160848576" lat="52.2968933" lon="4.8575908" />
  <node id="1160848805" lat="52.3010115" lon="4.8601625" />
  <node id="1160849828" lat="52.2982958" lon="4.8584957" />
  <node id="1160850025" lat="52.3003834" lon="4.8627309" />
  <node id="1160850517" lat="52.2982105" lon="4.8579470" />
  <node id="1160850904" lat="52.2997446" lon="4.8578853" />
  <node id="1160851065" lat="52.2978147" lon="4.8580063" />
  <node id="1160851124" lat="52.2986635" lon="4.8590002" />
  <node id="1160851265" lat="52.2992321" lon="4.8673184" />
  <node id="1160851531" lat="52.3011123" lon="4.8595623" />
  <node id="1160851850" lat="52.2967952" lon="4.8577574" />
  <node id="1160851956" lat="52.2983770" lon="4.8586884" />
  <node id="1160852222" lat="52.2980443" lon="4.8611139" />
  <node id="1160852318" lat="52.2983372" lon="4.8603386" />
  <node id="1160852700" lat="52.3016485" lon="4.8579825" />
  <node id="1160852955" lat="52.2980174" lon="4.8581138" />
  <node id="1160853068" lat="52.2984036" lon="4.8589556" />
  <node id="1160853310" lat="52.2981057" lon="4.8605824" />
  <node id="1160853378" lat="52.3005339" lon="4.8617415" />
  <node id="1160853648" lat="52.2998663" lon="4.8579152" />
  <node id="1160854268" lat="52.2994231" lon="4.8668327" />
  <node id="1160855393" lat="52.2967608" lon="4.8576815" />
  <node id="1160855558" lat="52.2982170" lon="4.8585849" />
  <node id="1160855682" lat="52.2968190" lon="4.8572574" />
  <node id="1160855932" lat="52.2977977" lon="4.8611837" />
  <node id="1160856037" lat="52.2981950" lon="4.8597019" />
  <node id="1160856142" lat="52.2973102" lon="4.8577471" />
  <node id="1160856484" lat="52.3001646" lon="4.8633025" />
  <node id="1160856635" lat="52.2974089" lon="4.8576992" />
  <node id="1160856844" lat="52.3008035" lon="4.8609832" />
  <node id="1160856956" lat="52.3000249" lon="4.8571924" />
  <node id="1160857186" lat="52.2994506" lon="4.8663986" />
  <node id="1160857831" lat="52.2974934" lon="4.8576262" />
  <node id="1160857930" lat="52.2983544" lon="4.8580967" />
  <node id="1160857985" lat="52.2980236" lon="4.8603752" />
  <node id="1160858385" lat="52.2975065" lon="4.8578063" />
  <node id="1160858465" lat="52.2983187" lon="4.8590912" />
  <node id="1160858600" lat="52.2990160" lon="4.8685415" />
  <node id="1160859149" lat="52.3009718" lon="4.8602641" />
  <node id="1160859839" lat="52.2980347" lon="4.8601785" />
  <node id="1160860674" lat="52.2982955" lon="4.8584332" />
  <node id="1160861338" lat="52.2979697" lon="4.8578709" />
  <node id="1160861407" lat="52.2987306" lon="4.8583761" />
  <node id="1160861496" lat="52.2978109" lon="4.8611281" />
  <node id="1160861741" lat="52.2995730" lon="4.8577689" />
  <node id="1160861956" lat="52.2977487" lon="4.8579471" />
  <node id="1160862189" lat="52.2986019" lon="4.8592522" />
  <node id="1160862410" lat="52.2990363" lon="4.8681661" />
  <node id="1160863358" lat="52.3010638" lon="4.8598636" />
  <node id="1160863722" lat="52.2968107" lon="4.8577700" />
  <node id="1160863949" lat="52.2983055" lon="4.8579692" />
  <node id="1160864304" lat="52.3002379" lon="4.8630477" />
  <node id="1160864425" lat="52.2981326" lon="4.8611978" />
  <node id="1160864615" lat="52.2984156" lon="4.8596732" />
  <node id="1160864774" lat="52.2969715" lon="4.8576832" />
  <node id="1160865153" lat="52.3000742" lon="4.8640687" />
  <node id="1160865156" lat="52.3016657" lon="4.8579962" />
  <node id="1160865403" lat="52.2981007" lon="4.8579641" />
  <node id="1160865672" lat="52.2981516" lon="4.8606784" />
  <node id="1160865726" lat="52.3004964" lon="4.8619035" />
  <node id="1160865944" lat="52.2998502" lon="4.8580123" />
  <node id="1160866402" lat="52.2993325" lon="4.8670366" />
  <node id="1160867739" lat="52.2967741" lon="4.8576855" />
  <node id="1160868131" lat="52.2981851" lon="4.8585645" />
  <node id="1160868350" lat="52.2974890" lon="4.8574666" />
  <node id="1160869193" lat="52.2982449" lon="4.8596827" />
  <node id="1160869406" lat="52.2971694" lon="4.8577191" />
  <node id="1160869867" lat="52.3001226" lon="4.8634911" />
  <node id="1160870087" lat="52.2975923" lon="4.8577719" />
  <node id="1160870171" lat="52.2982814" lon="4.8587209" />
  <node id="1160870482" lat="52.3007565" lon="4.8611577" />
  <node id="1160871166" lat="52.2980918" lon="4.8603569" />
  <node id="1160871301" lat="52.2987253" lon="4.8581981" />
  <node id="1160872599" lat="52.2982939" lon="4.8580744" />
  <node id="1160872682" lat="52.2980113" lon="4.8603259" />
  <node id="1160873346" lat="52.2990615" lon="4.8686230" />
  <node id="1160873531" lat="52.2969190" lon="4.8575650" />
  <node id="1160873694" lat="52.2981007" lon="4.8601496" />
  <node id="1160873848" lat="52.3008893" lon="4.8604635" />
  <node id="1160874526" lat="52.2984817" lon="4.8581712" />
  <node id="1160875032" lat="52.2984242" lon="4.8600118" />
  <node id="1160875372" lat="52.2998284" lon="4.8647811" />
  <node id="1160875635" lat="52.2980263" lon="4.8582883" />
  <node id="1160875736" lat="52.2987445" lon="4.8584167" />
  <node id="1160875895" lat="52.2978310" lon="4.8610916" />
  <node id="1160876386" lat="52.2976832" lon="4.8579311" />
  <node id="1160876646" lat="52.2990063" lon="4.8683338" />
  <node id="1160877179" lat="52.2981989" lon="4.8597975" />
  <node id="1160877727" lat="52.2968368" lon="4.8577739" />
  <node id="1160877875" lat="52.2983465" lon="4.8579761" />
  <node id="1160878180" lat="52.3002019" lon="4.8631582" />
  <node id="1160878374" lat="52.2984494" lon="4.8596134" />
  <node id="1160878468" lat="52.2969304" lon="4.8577812" />
  <node id="1160878853" lat="52.3000331" lon="4.8641775" />
  <node id="1160879124" lat="52.2981923" lon="4.8580264" />
  <node id="1160879352" lat="52.2986826" lon="4.8583135" />
  <node id="1160879846" lat="52.3004466" lon="4.8621540" />
  <node id="1160880138" lat="52.2998840" lon="4.8565280" />
  <node id="1160880793" lat="52.2997650" lon="4.8650438" />
  <node id="1160882323" lat="52.2967846" lon="4.8577279" />
  <node id="1160882575" lat="52.2981575" lon="4.8584720" />
  <node id="1160883155" lat="52.2983247" lon="4.8596854" />
  <node id="1160883284" lat="52.2970757" lon="4.8576819" />
  <node id="1160883767" lat="52.3000925" lon="4.8637419" />
  <node id="1160884282" lat="52.2980441" lon="4.8580537" />
  <node id="1160884494" lat="52.2983887" lon="4.8588249" />
  <node id="1160884845" lat="52.3006400" lon="4.8613847" />
  <node id="1160886799" lat="52.2983080" lon="4.8586437" />
  <node id="1160887691" lat="52.2978562" lon="4.8576753" />
  <node id="1160887979" lat="52.2982068" lon="4.8584474" />
  <node id="1160888124" lat="52.2968012" lon="4.8574052" />
  <node id="1160888770" lat="52.2974143" lon="4.8577882" />
  <node id="1160888919" lat="52.2986350" lon="4.8588598" />
  <node id="1160889449" lat="52.2969659" lon="4.8575730" />
  <node id="1160889698" lat="52.2980481" lon="4.8601164" />
  <node id="1160889884" lat="52.3014735" lon="4.8583483" />
  <node id="1606319486" lat="52.3375153" lon="4.8020279" />
  <node id="1606319497" lat="52.3377272" lon="4.8020214" />
  <node id="1606319636" lat="52.3375132" lon="4.8019536" />
  <node id="1867257548" lat="52.4565324" lon="4.8385061" />
  <node id="1867257551" lat="52.4567800" lon="4.8384728" />
  <node id="1867257556" lat="52.4569112" lon="4.8384309" />
  <node id="1992464067" lat="52.3391872" lon="4.8066174" />
  <node id="2167103379" lat="52.3071705" lon="4.8482407" />
  <node id="2167103391" lat="52.3070441" lon="4.8482588" />
  <node id="2167103394" lat="52.3069204" lon="4.8482522" />
  <node id="2167103431" lat="52.3066908" lon="4.8482522" />
  <node id="2167103649" lat="52.3064486" lon="4.8482883" />
  <node id="2167103789" lat="52.3067676" lon="4.8482379" />
  <node id="2167103791" lat="52.3068639" lon="4.8482552" />
  <node id="2167103797" lat="52.3068183" lon="4.8482516" />
  <node id="2167103801" lat="52.3067133" lon="4.8482018" />
  <node id="2167103805" lat="52.3066659" lon="4.8481498" />
  <node id="2167103809" lat="52.3066156" lon="4.8480777" />
  <node id="2167103814" lat="52.3065815" lon="4.8479168" />
  <node id="2167103817" lat="52.3065796" lon="4.8480167" />
  <node id="2167103820" lat="52.3065699" lon="4.8479725" />
  <node id="2167103889" lat="52.3070406" lon="4.8478347" />
  <node id="2167103973" lat="52.3075100" lon="4.8478116" />
  <node id="2167103976" lat="52.3074980" lon="4.8477668" />
  <node id="2167104003" lat="52.3078155" lon="4.8487896" />
  <node id="2376040182" lat="52.4665799" lon="4.8354606" />
  <node id="2783661399" lat="52.3046580" lon="4.8470348">
    <tag k="addr:city" v="Amstelveen" />
    <tag k="addr:housenumber" v="22" />
    <tag k="addr:postcode" v="1182HD" />
    <tag k="addr:street" v="Amsterdamseweg" />
    <tag k="amenity" v="pub" />
    <tag k="email" v="contact@anna-amstelveen.nl" />
    <tag k="name" v="AnnA" />
    <tag k="opening_hours" v="We-Fr 15:00-23:00; Sa 14:00-23:00; Su 14:00-20:00" />
    <tag k="phone" v="+31 6 55823662" />
    <tag k="smoking" v="no" />
    <tag k="source" v="BAG" />
    <tag k="source:date" v="2014-03-24" />
    <tag k="start_date" v="01-12-2017" />
    <tag k="website" v="https://www.anna-amstelveen.nl" />
  </node>
  <node id="2808308230" lat="52.3388972" lon="4.8069297" />
  <node id="2808308231" lat="52.3389121" lon="4.8069055" />
  <node id="2808308232" lat="52.3389211" lon="4.8069688" />
  <node id="2808308233" lat="52.3389360" lon="4.8069447" />
  <node id="2808308261" lat="52.3391134" lon="4.8066845" />
  <node id="2889587377" lat="52.4637379" lon="4.8117911" />
  <node id="2889589169" lat="52.4639530" lon="4.8120165" />
  <node id="2889589758" lat="52.4640274" lon="4.8120945" />
  <node id="2889591513" lat="52.4641838" lon="4.8117348" />
  <node id="2893272352" lat="52.4598703" lon="4.8143281" />
  <node id="2896236080" lat="52.4366344" lon="4.8520907" />
  <node id="2961654033" lat="52.4277873" lon="4.8333916" />
  <node id="2961654034" lat="52.4276728" lon="4.8335176" />
  <node id="2961657111" lat="52.4294761" lon="4.8396216" />
  <node id="3197729174" lat="52.4369959" lon="4.8089376" />
  <node id="3227432350" lat="52.4540118" lon="4.8154871" />
  <node id="3227432351" lat="52.4543569" lon="4.8141734" />
  <node id="3227432352" lat="52.4561218" lon="4.8188065" />
  <node id="3227432353" lat="52.4558462" lon="4.8127953" />
  <node id="3227432354" lat="52.4584531" lon="4.8136649" />
  <node id="3227432355" lat="52.4585396" lon="4.8148928" />
  <node id="3227432356" lat="52.4585341" lon="4.8140890" />
  <node id="3227432357" lat="52.4591175" lon="4.8144070" />
  <node id="3227432358" lat="52.4592479" lon="4.8144535" />
  <node id="3227432359" lat="52.4594838" lon="4.8148918" />
  <node id="3227432360" lat="52.4594898" lon="4.8156889" />
  <node id="3227432961" lat="52.4607503" lon="4.8157624" />
  <node id="3227432962" lat="52.4607658" lon="4.8175460" />
  <node id="3227432963" lat="52.4607721" lon="4.8140673" />
  <node id="3227432967" lat="52.4625435" lon="4.8135890" />
  <node id="3227432968" lat="52.4630552" lon="4.8136210" />
  <node id="3227432969" lat="52.4674205" lon="4.8234062" />
  <node id="3227432970" lat="52.4713639" lon="4.8373399" />
  <node id="3227432971" lat="52.4715207" lon="4.8390173" />
  <node id="3228996028" lat="52.4553102" lon="4.8186467" />
  <node id="3228996029" lat="52.4558369" lon="4.8180030" />
  <node id="3228996030" lat="52.4569127" lon="4.8183797" />
  <node id="3228996031" lat="52.4583509" lon="4.8181893" />
  <node id="3252801315" lat="52.4306882" lon="4.7998771" />
  <node id="3252801316" lat="52.4316739" lon="4.7950238" />
  <node id="3252801317" lat="52.4328018" lon="4.8074570" />
  <node id="3252801318" lat="52.4329234" lon="4.8030570" />
  <node id="3252801319" lat="52.4342154" lon="4.8055495" />
  <node id="3252801320" lat="52.4354944" lon="4.8043637" />
  <node id="3252801321" lat="52.4359981" lon="4.8083393" />
  <node id="3252801322" lat="52.4365073" lon="4.8080947" />
  <node id="3252801323" lat="52.4381142" lon="4.8087957" />
  <node id="3486291222" lat="52.4316880" lon="4.8045251" />
  <node id="3924307582" lat="52.3058420" lon="4.8483217">
    <tag k="amenity" v="bench" />
    <tag k="armrest" v="no" />
    <tag k="backrest" v="yes" />
    <tag k="check_date" v="2023-08-15" />
    <tag k="material" v="wood" />
  </node>
  <node id="3924335058" lat="52.3053998" lon="4.8462498" />
  <node id="4116450404" lat="52.4397572" lon="4.8091165" />
  <node id="4163516453" lat="52.4608235" lon="4.8176576" />
  <node id="4163558370" lat="52.4605006" lon="4.8157602" />
  <node id="4498286074" lat="52.4376012" lon="4.8074356" />
  <node id="4750790267" lat="52.4396780" lon="4.8535362" />
  <node id="4857302980" lat="52.4382761" lon="4.8086061" />
  <node id="4874384471" lat="52.3028309" lon="4.8443120" />
  <node id="4974056350" lat="52.4391961" lon="4.8536894" />
  <node id="4974056351" lat="52.4391514" lon="4.8536996" />
  <node id="4974056358" lat="52.4397314" lon="4.8533337" />
  <node id="4974056359" lat="52.4397462" lon="4.8534882" />
  <node id="4974056360" lat="52.4396781" lon="4.8535085" />
  <node id="4974056361" lat="52.4391391" lon="4.8535919" />
  <node id="4974056362" lat="52.4392692" lon="4.8535715" />
  <node id="4974056363" lat="52.4396632" lon="4.8534475" />
  <node id="4974056364" lat="52.4396643" lon="4.8533634" />
  <node id="5160418924" lat="52.3036828" lon="4.8402606" />
  <node id="5160418925" lat="52.3038981" lon="4.8403811" />
  <node id="5160418926" lat="52.3031235" lon="4.8435971" />
  <node id="5288520678" lat="52.4324897" lon="4.8553824" />
  <node id="5306416251" lat="52.3064699" lon="4.8466124">
    <tag k="bus" v="yes" />
    <tag k="name" v="Amstelveen, KLM Hoofdkantoor" />
    <tag k="public_transport" v="stop_position" />
  </node>
  <node id="5470043738" lat="52.3063021" lon="4.8467420">
    <tag k="bench" v="yes" />
    <tag k="bin" v="yes" />
    <tag k="bus" v="yes" />
    <tag k="highway" v="bus_stop" />
    <tag k="lit" v="yes" />
    <tag k="name" v="KLM Hoofdkantoor" />
    <tag k="public_transport" v="platform" />
    <tag k="ref:IFOPT" v="NL:Q:57242270" />
    <tag k="shelter" v="yes" />
    <tag k="tactile_paving" v="yes" />
  </node>
  <node id="5696062997" lat="52.4594865" lon="4.8331532" />
  <node id="5799436515" lat="52.4376361" lon="4.8079546" />
  <node id="5799436516" lat="52.4371748" lon="4.8103441" />
  <node id="5799442273" lat="52.4374634" lon="4.8108517" />
  <node id="5799442274" lat="52.4370310" lon="4.8115276" />
  <node id="5799442275" lat="52.4373737" lon="4.8120002" />
  <node id="5799442276" lat="52.4372612" lon="4.8128114" />
  <node id="6220908944" lat="52.4597527" lon="4.8324746" />
  <node id="6924598064" lat="52.4363736" lon="4.8038963" />
  <node id="6924598065" lat="52.4351664" lon="4.8050567" />
  <node id="6924598066" lat="52.4367105" lon="4.8060216" />
  <node id="6924598067" lat="52.4348782" lon="4.8048008" />
  <node id="6924598068" lat="52.4343230" lon="4.8058134" />
  <node id="6924598069" lat="52.4356873" lon="4.8065377" />
  <node id="7101405287" lat="52.4364906" lon="4.8545794" />
  <node id="7101405288" lat="52.4365758" lon="4.8552218" />
  <node id="7101405289" lat="52.4367228" lon="4.8551963" />
  <node id="7101405290" lat="52.4367702" lon="4.8552311" />
  <node id="7101405291" lat="52.4368225" lon="4.8553304" />
  <node id="7101405292" lat="52.4368421" lon="4.8555932" />
  <node id="7101405293" lat="52.4368618" lon="4.8557756" />
  <node id="7101405294" lat="52.4369304" lon="4.8560331" />
  <node id="7101405295" lat="52.4369991" lon="4.8563147" />
  <node id="7101405296" lat="52.4392425" lon="4.8547242" />
  <node id="7101405297" lat="52.4391199" lon="4.8535628" />
  <node id="7101405298" lat="52.4389400" lon="4.8536540" />
  <node id="7101405299" lat="52.4387814" lon="4.8537666" />
  <node id="7101405300" lat="52.4384609" lon="4.8539866" />
  <node id="7101405301" lat="52.4382647" lon="4.8541314" />
  <node id="7101405302" lat="52.4379753" lon="4.8542950" />
  <node id="7101405303" lat="52.4376287" lon="4.8544372" />
  <node id="7101405304" lat="52.4373670" lon="4.8545096" />
  <node id="7101405305" lat="52.4370384" lon="4.8545418" />
  <node id="7101405306" lat="52.4366606" lon="4.8545391" />
  <node id="7101405368" lat="52.4401312" lon="4.8532433" />
  <node id="7101418282" lat="52.4397927" lon="4.8532362" />
  <node id="7101418283" lat="52.4396317" lon="4.8532865" />
  <node id="7101418284" lat="52.4395916" lon="4.8532973" />
  <node id="7101418285" lat="52.4395417" lon="4.8533020" />
  <node id="7101418286" lat="52.4394677" lon="4.8533107" />
  <node id="7101418287" lat="52.4393872" lon="4.8533361" />
  <node id="7101418288" lat="52.4393042" lon="4.8533643" />
  <node id="7101418289" lat="52.4392196" lon="4.8533938" />
  <node id="7101418290" lat="52.4391661" lon="4.8534106" />
  <node id="7101418291" lat="52.4391211" lon="4.8534307" />
  <node id="7101418292" lat="52.4390549" lon="4.8534602" />
  <node id="7101418293" lat="52.4389764" lon="4.8535071" />
  <node id="7101418294" lat="52.4389396" lon="4.8535219" />
  <node id="7101418295" lat="52.4389298" lon="4.8535661" />
  <node id="7101418296" lat="52.4389372" lon="4.8535997" />
  <node id="7101418297" lat="52.4396680" lon="4.8533234" />
  <node id="7101418298" lat="52.4397980" lon="4.8532832" />
  <node id="7101418299" lat="52.4395896" lon="4.8530431" />
  <node id="7101418300" lat="52.4395945" lon="4.8530927" />
  <node id="7101418301" lat="52.4394105" lon="4.8532201" />
  <node id="7101418302" lat="52.4391931" lon="4.8532845" />
  <node id="7101418303" lat="52.4390876" lon="4.8533234" />
  <node id="7101418304" lat="52.4389118" lon="4.8534146" />
  <node id="7101418305" lat="52.4387050" lon="4.8535487" />
  <node id="7101418306" lat="52.4383019" lon="4.8538558" />
  <node id="7101418307" lat="52.4380975" lon="4.8539940" />
  <node id="7101418308" lat="52.4378425" lon="4.8541012" />
  <node id="7101418309" lat="52.4377018" lon="4.8541482" />
  <node id="7101418310" lat="52.4375138" lon="4.8541764" />
  <node id="7101418311" lat="52.4373552" lon="4.8542354" />
  <node id="7101418312" lat="52.4372415" lon="4.8542769" />
  <node id="7101418313" lat="52.4370118" lon="4.8543105" />
  <node id="7101418314" lat="52.4368458" lon="4.8543158" />
  <node id="7101418315" lat="52.4366758" lon="4.8543145" />
  <node id="7101418316" lat="52.4365343" lon="4.8542997" />
  <node id="7101418317" lat="52.4363671" lon="4.8542776" />
  <node id="7101418318" lat="52.4363573" lon="4.8540898" />
  <node id="7101418319" lat="52.4373658" lon="4.8537794" />
  <node id="7101418320" lat="52.4384695" lon="4.8534307" />
  <node id="7101418321" lat="52.4392756" lon="4.8532000" />
  <node id="7101418322" lat="52.4394359" lon="4.8531410" />
  <node id="7155079631" lat="52.4376411" lon="4.8075049" />
  <node id="7155079632" lat="52.4378828" lon="4.8069474" />
  <node id="7155079633" lat="52.4382448" lon="4.8063198" />
  <node id="7309268068" lat="52.3062083" lon="4.8477068" />
  <node id="7309296188" lat="52.3059590" lon="4.8479237" />
  <node id="7309296223" lat="52.3061860" lon="4.8468920" />
  <node id="7309296224" lat="52.3061614" lon="4.8468117" />
  <node id="7309296228" lat="52.3062152" lon="4.8469838" />
  <node id="7309296255" lat="52.3060574" lon="4.8467976" />
  <node id="7309296267" lat="52.3061197" lon="4.8477659" />
  <node id="7309296271" lat="52.3078657" lon="4.8490435" />
  <node id="7309296276" lat="52.3060164" lon="4.8478463" />
  <node id="7309296285" lat="52.3062249" lon="4.8470851" />
  <node id="7309296288" lat="52.3059033" lon="4.8478319" />
  <node id="7574163339" lat="52.3083058" lon="4.8502815" />
  <node id="7574898306" lat="52.3077697" lon="4.8501485" />
  <node id="7574898307" lat="52.3081393" lon="4.8501820" />
  <node id="7600232482" lat="52.4643247" lon="4.8114458" />
  <node id="7600232483" lat="52.4637236" lon="4.8118143" />
  <node id="7600272717" lat="52.4630901" lon="4.8108745" />
  <node id="7600272718" lat="52.4634613" lon="4.8086990" />
  <node id="7600272720" lat="52.4637234" lon="4.8071842" />
  <node id="7600272721" lat="52.4636948" lon="4.8068424" />
  <node id="7600272722" lat="52.4630403" lon="4.8060894" />
  <node id="7600272723" lat="52.4575915" lon="4.8064113" />
  <node id="7600272724" lat="52.4542841" lon="4.8065737" />
  <node id="7814580550" lat="52.4632337" lon="4.8100393" />
  <node id="7923530094" lat="52.4390997" lon="4.8514027" />
  <node id="7923530095" lat="52.4391608" lon="4.8514302" />
  <node id="7923530096" lat="52.4391822" lon="4.8514999" />
  <node id="7923530097" lat="52.4391829" lon="4.8515793" />
  <node id="7923530098" lat="52.4391688" lon="4.8516719" />
  <node id="7923530099" lat="52.4391404" lon="4.8517291" />
  <node id="7923530100" lat="52.4391502" lon="4.8518794" />
  <node id="7923530101" lat="52.4391555" lon="4.8520380" />
  <node id="7923530102" lat="52.4391721" lon="4.8522773" />
  <node id="7923530103" lat="52.4391574" lon="4.8524982" />
  <node id="7923530104" lat="52.4390763" lon="4.8525762" />
  <node id="7923530186" lat="52.4368788" lon="4.8534577" />
  <node id="7923530187" lat="52.4369405" lon="4.8534630" />
  <node id="7923530188" lat="52.4369932" lon="4.8534653" />
  <node id="7923530189" lat="52.4370745" lon="4.8534357" />
  <node id="7923530190" lat="52.4371491" lon="4.8533671" />
  <node id="7923530191" lat="52.4371594" lon="4.8532242" />
  <node id="7923530192" lat="52.4371870" lon="4.8530705" />
  <node id="7923530193" lat="52.4371688" lon="4.8528806" />
  <node id="7923530194" lat="52.4371343" lon="4.8528318" />
  <node id="7923530195" lat="52.4370658" lon="4.8527685" />
  <node id="7923530196" lat="52.4369949" lon="4.8527281" />
  <node id="7923530197" lat="52.4369595" lon="4.8526598" />
  <node id="7923530198" lat="52.4369186" lon="4.8526372" />
  <node id="7923530199" lat="52.4368635" lon="4.8526158" />
  <node id="7923530200" lat="52.4368181" lon="4.8526158" />
  <node id="7923530201" lat="52.4367841" lon="4.8526282" />
  <node id="7923530208" lat="52.4371893" lon="4.8519861" />
  <node id="7923530209" lat="52.4371887" lon="4.8520638" />
  <node id="7923530210" lat="52.4371877" lon="4.8521737" />
  <node id="7923530211" lat="52.4372230" lon="4.8522559" />
  <node id="7923530212" lat="52.4372730" lon="4.8523144" />
  <node id="7923530213" lat="52.4373509" lon="4.8523296" />
  <node id="7923530214" lat="52.4374249" lon="4.8523250" />
  <node id="7923530215" lat="52.4374838" lon="4.8522060" />
  <node id="7923530216" lat="52.4375061" lon="4.8520778" />
  <node id="7923530217" lat="52.4374886" lon="4.8519892" />
  <node id="7923530218" lat="52.4374857" lon="4.8519176" />
  <node id="7923530219" lat="52.4374783" lon="4.8518923" />
  <node id="8270183098" lat="52.3064736" lon="4.8465024">
    <tag k="bench" v="yes" />
    <tag k="bin" v="yes" />
    <tag k="bus" v="yes" />
    <tag k="highway" v="bus_stop" />
    <tag k="lit" v="yes" />
    <tag k="name" v="KLM Hoofdkantoor" />
    <tag k="public_transport" v="platform" />
    <tag k="ref:IFOPT" v="NL:Q:57242250" />
    <tag k="shelter" v="yes" />
    <tag k="tactile_paving" v="yes" />
  </node>
  <node id="8529703832" lat="52.4637256" lon="4.8070906" />
  <node id="8529703833" lat="52.4637205" lon="4.8070079" />
  <node id="8529703834" lat="52.4637104" lon="4.8069257" />
  <node id="8529703835" lat="52.4637080" lon="4.8072981" />
  <node id="8827054581" lat="52.3075651" lon="4.8453615" />
  <node id="8827054582" lat="52.3083673" lon="4.8416533" />
  <node id="8827054583" lat="52.3078370" lon="4.8417213" />
  <node id="8855459286" lat="52.3033933" lon="4.8483444" />
  <node id="8855459287" lat="52.3033322" lon="4.8483132" />
  <node id="8855459288" lat="52.3031592" lon="4.8495130" />
  <node id="8855459289" lat="52.3035617" lon="4.8471323" />
  <node id="8936134454" lat="52.2998250" lon="4.8584060" />
  <node id="8936134455" lat="52.2999268" lon="4.8600231" />
  <node id="8936134456" lat="52.2988273" lon="4.8651075" />
  <node id="8963576766" lat="52.3004725" lon="4.8542772" />
  <node id="8963576767" lat="52.3013102" lon="4.8539951" />
  <node id="8963576768" lat="52.3010536" lon="4.8546328" />
  <node id="8963576769" lat="52.3031573" lon="4.8494976" />
  <node id="8963576770" lat="52.3037816" lon="4.8502831" />
  <node id="8963576771" lat="52.3032103" lon="4.8519948" />
  <node id="8963576772" lat="52.3029204" lon="4.8526119" />
  <node id="8963576773" lat="52.3025239" lon="4.8537938" />
  <node id="8963576774" lat="52.3021081" lon="4.8556450" />
  <node id="8963576775" lat="52.3021039" lon="4.8559134" />
  <node id="8963576776" lat="52.3020463" lon="4.8563248" />
  <node id="8963576777" lat="52.3022446" lon="4.8565340" />
  <node id="8963576778" lat="52.3029417" lon="4.8569384" />
  <node id="8963576780" lat="52.3032834" lon="4.8569036" />
  <node id="8963576781" lat="52.3032210" lon="4.8571593" />
  <node id="8963576782" lat="52.3030632" lon="4.8571929" />
  <node id="8963576783" lat="52.3028095" lon="4.8571546" />
  <node id="8963576784" lat="52.3027733" lon="4.8573603" />
  <node id="8963576785" lat="52.3029694" lon="4.8574683" />
  <node id="8963576786" lat="52.3029310" lon="4.8576043" />
  <node id="8963576787" lat="52.3023490" lon="4.8572278" />
  <node id="8963576788" lat="52.3023320" lon="4.8573045" />
  <node id="8963576789" lat="52.3022638" lon="4.8575625" />
  <node id="8963579244" lat="52.3022211" lon="4.8576043" />
  <node id="8963579245" lat="52.3021550" lon="4.8575276" />
  <node id="8963579246" lat="52.3021273" lon="4.8573359" />
  <node id="8963579247" lat="52.3020079" lon="4.8572975" />
  <node id="8963579248" lat="52.3018950" lon="4.8572278" />
  <node id="8963579249" lat="52.3017606" lon="4.8571964" />
  <node id="8963579250" lat="52.3016711" lon="4.8576531" />
  <node id="8963579251" lat="52.3016903" lon="4.8579355" />
  <node id="8963579268" lat="52.2988079" lon="4.8685687" />
  <node id="8963579269" lat="52.2982877" lon="4.8682724" />
  <node id="8963579270" lat="52.2988740" lon="4.8655670" />
  <node id="8963579271" lat="52.2987418" lon="4.8654799" />
  <node id="8963579272" lat="52.2987013" lon="4.8652079" />
  <node id="8963579273" lat="52.2988548" lon="4.8650476" />
  <node id="8963583135" lat="52.2995179" lon="4.8621992" />
  <node id="8963583136" lat="52.2996714" lon="4.8614706" />
  <node id="8963583137" lat="52.2998952" lon="4.8601214" />
  <node id="8963583138" lat="52.2999634" lon="4.8594590" />
  <node id="8963583139" lat="52.2999144" lon="4.8587304" />
  <node id="8963583140" lat="52.2997758" lon="4.8582388" />
  <node id="8963583141" lat="52.2998313" lon="4.8582214" />
  <node id="8963583142" lat="52.2997588" lon="4.8579704" />
  <node id="8963583143" lat="52.2997801" lon="4.8578867" />
  <node id="8963583144" lat="52.2998504" lon="4.8579355" />
  <node id="8963583145" lat="52.3000103" lon="4.8571964" />
  <node id="8963583146" lat="52.2999869" lon="4.8569001" />
  <node id="8963583147" lat="52.2995861" lon="4.8556520" />
  <node id="8963583148" lat="52.2996479" lon="4.8554044" />
  <node id="8963583149" lat="52.2998952" lon="4.8551151" />
  <node id="8963583150" lat="52.3001233" lon="4.8552929" />
  <node id="8963583151" lat="52.3001937" lon="4.8552371" />
  <node id="8963583152" lat="52.3002491" lon="4.8550488" />
  <node id="8963583153" lat="52.3003152" lon="4.8549512" />
  <node id="8963583154" lat="52.3004687" lon="4.8542749" />
  <node id="8963583155" lat="52.3010955" lon="4.8546584" />
  <node id="8963583156" lat="52.3015752" lon="4.8531767" />
  <node id="8963583157" lat="52.3019930" lon="4.8520890" />
  <node id="8963583158" lat="52.3020463" lon="4.8521343" />
  <node id="8963583159" lat="52.3023192" lon="4.8514580" />
  <node id="8963583160" lat="52.3024045" lon="4.8509699" />
  <node id="8963583161" lat="52.3026075" lon="4.8500791" />
  <node id="8963583163" lat="52.3026454" lon="4.8500530" />
  <node id="8963600227" lat="52.2997635" lon="4.8548798" />
  <node id="8963600228" lat="52.2995619" lon="4.8548562" />
  <node id="8963600229" lat="52.2992767" lon="4.8547196" />
  <node id="8963600230" lat="52.2990837" lon="4.8542062" />
  <node id="8963600231" lat="52.2989167" lon="4.8539377" />
  <node id="8963600232" lat="52.2986459" lon="4.8548656" />
  <node id="8963600233" lat="52.2986257" lon="4.8552754" />
  <node id="8963600234" lat="52.2991356" lon="4.8552001" />
  <node id="8963600235" lat="52.2994281" lon="4.8553469" />
  <node id="8963600236" lat="52.2995561" lon="4.8563352" />
  <node id="8963600237" lat="52.2998553" lon="4.8565585" />
  <node id="9024994980" lat="52.4364881" lon="4.8047162" />
  <node id="9024994981" lat="52.4364444" lon="4.8042545" />
  <node id="9429188327" lat="52.3037898" lon="4.8461884" />
  <node id="9429188328" lat="52.3042605" lon="4.8483047" />
  <node id="9429188329" lat="52.3046017" lon="4.8465344" />
  <node id="9429188330" lat="52.3036570" lon="4.8463225" />
  <node id="9429188331" lat="52.3033486" lon="4.8483181" />
  <node id="9429188332" lat="52.3033954" lon="4.8483369" />
  <node id="9429188333" lat="52.3035225" lon="4.8473820" />
  <node id="9429188334" lat="52.3036488" lon="4.8464727" />
  <node id="9429188339" lat="52.3028714" lon="4.8499757" />
  <node id="9469590369" lat="52.4377334" lon="4.8131738" />
  <node id="9533394332" lat="52.3027614" lon="4.8498729" />
  <node id="9581638516" lat="52.4313725" lon="4.7951791" />
  <node id="9707025631" lat="52.3042261" lon="4.8461240" />
  <node id="9707025632" lat="52.3045885" lon="4.8462582" />
  <node id="9707025633" lat="52.3047657" lon="4.8464003" />
  <node id="9707025634" lat="52.3051499" lon="4.8426392" />
  <node id="9707025635" lat="52.3053569" lon="4.8404671" />
  <node id="9767897068" lat="52.3349206" lon="4.7998782" />
  <node id="9767897070" lat="52.3351033" lon="4.7998312" />
  <node id="9767897074" lat="52.3348192" lon="4.7999566" />
  <node id="10121955031" lat="52.2990062" lon="4.8685007" />
  <node id="10121955032" lat="52.2990293" lon="4.8685705" />
  <node id="10121955057" lat="52.2994449" lon="4.8667520" />
  <node id="10121955058" lat="52.2994587" lon="4.8666445" />
  <node id="10121955059" lat="52.2994495" lon="4.8664530" />
  <node id="10121955060" lat="52.2995969" lon="4.8657583" />
  <node id="10121955364" lat="52.3000099" lon="4.8642100" />
  <node id="10121955365" lat="52.3000488" lon="4.8641444" />
  <node id="10121955366" lat="52.3000618" lon="4.8641086" />
  <node id="10121955367" lat="52.3000901" lon="4.8638615" />
  <node id="10121955371" lat="52.3001071" lon="4.8635794" />
  <node id="10121955372" lat="52.3001547" lon="4.8633535" />
  <node id="10121955375" lat="52.3004266" lon="4.8625754" />
  <node id="10121955376" lat="52.3004217" lon="4.8626112" />
  <node id="10121955377" lat="52.3004084" lon="4.8626631" />
  <node id="10121955378" lat="52.3002859" lon="4.8629390" />
  <node id="10121955398" lat="52.3004234" lon="4.8623853" />
  <node id="10121955399" lat="52.3006063" lon="4.8614845" />
  <node id="10121955401" lat="52.3007309" lon="4.8612147" />
  <node id="10121955402" lat="52.3007767" lon="4.8610912" />
  <node id="10121955403" lat="52.3008142" lon="4.8609115" />
  <node id="10121955404" lat="52.3010490" lon="4.8600003" />
  <node id="10121955405" lat="52.3008442" lon="4.8606846" />
  <node id="10121955423" lat="52.3010553" lon="4.8599551" />
  <node id="10121955424" lat="52.3010957" lon="4.8596476" />
  <node id="10121955426" lat="52.3011393" lon="4.8594415" />
  <node id="10121955427" lat="52.3012238" lon="4.8591359" />
  <node id="10121955428" lat="52.3015381" lon="4.8581898" />
  <node id="10121955429" lat="52.3015606" lon="4.8581474" />
  <node id="10121955445" lat="52.3013423" lon="4.8587350" />
  <node id="10262482527" lat="52.3368113" lon="4.8049246" />
  <node id="10568724621" lat="52.3355269" lon="4.8002517" />
  <node id="10711231396" lat="52.3371398" lon="4.8027098" />
  <node id="10711231397" lat="52.3370492" lon="4.8028419" />
  <node id="10711231398" lat="52.3369747" lon="4.8027210" />
  <node id="10711231399" lat="52.3370411" lon="4.8026305" />
  <node id="10711231400" lat="52.3370572" lon="4.8026569" />
  <node id="10711231401" lat="52.3371206" lon="4.8026488" />
  <node id="10711231402" lat="52.3371225" lon="4.8026793" />
  <node id="10793265578" lat="52.3384772" lon="4.8051029" />
  <node id="11304814445" lat="52.4587208" lon="4.8139633" />
  <node id="11304814446" lat="52.4589027" lon="4.8141678" />
  <node id="11304814447" lat="52.4590352" lon="4.8143320" />
  <node id="11304814448" lat="52.4585320" lon="4.8139408" />
  <node id="11304814453" lat="52.4585334" lon="4.8140403" />
  <node id="11304814454" lat="52.4587683" lon="4.8148929" />
  <node id="12090841443" lat="52.3060657" lon="4.8472466" />
  <node id="12090841444" lat="52.3062112" lon="4.8475490" />
  <node id="12090841445" lat="52.3061003" lon="4.8471640" />
  <node id="12090841447" lat="52.3061291" lon="4.8470188" />
  <node id="12090841449" lat="52.3060601" lon="4.8474280" />
  <node id="12090841450" lat="52.3061383" lon="4.8473975" />
  <node id="12090841523" lat="52.3062868" lon="4.8472002" />
  <node id="12090846212" lat="52.3058656" lon="4.8489586" />
  <node id="12090880217" lat="52.3081741" lon="4.8491201" />
  <node id="12090880219" lat="52.3081832" lon="4.8489830" />
  <node id="12090880230" lat="52.3081753" lon="4.8489476" />
  <node id="12090880231" lat="52.3079157" lon="4.8490347" />
  <node id="12090880232" lat="52.3081346" lon="4.8490778" />
  <node id="12100643250" lat="52.3049984" lon="4.8401784" />
  <node id="12100643251" lat="52.3048329" lon="4.8413953" />
  <node id="12100643252" lat="52.3046000" lon="4.8432299" />
  <node id="12100693991" lat="52.2989791" lon="4.8686251" />
  <node id="12106054471" lat="52.3051358" lon="4.8462428" />
  <node id="12106054472" lat="52.3050439" lon="4.8462376" />
  <node id="12106054473" lat="52.3054591" lon="4.8462547" />
  <node id="12106054474" lat="52.3054730" lon="4.8454828" />
  <node id="12106054475" lat="52.3054734" lon="4.8455872" />
  <node id="12106054476" lat="52.3048183" lon="4.8462382" />
  <node id="12106054477" lat="52.3053995" lon="4.8463152" />
  <node id="12106054478" lat="52.3054338" lon="4.8463038" />
  <node id="12106054479" lat="52.3048952" lon="4.8462675" />
  <node id="12106054480" lat="52.3050450" lon="4.8461726" />
  <node id="12106054481" lat="52.3047982" lon="4.8460984" />
  <node id="12106961896" lat="52.4295447" lon="4.8252472" />
  <node id="12106961899" lat="52.4278880" lon="4.8264149" />
  <node id="12193520507" lat="52.3080345" lon="4.8501725" />
  <node id="12193566534" lat="52.3058333" lon="4.8481963" />
  <node id="12193566540" lat="52.3057497" lon="4.8482799" />
  <node id="12193566560" lat="52.3064649" lon="4.8493331" />
  <node id="12193566561" lat="52.3058001" lon="4.8481284" />
  <node id="12201507725" lat="52.3373267" lon="4.8044878" />
  <node id="12557678828" lat="52.2996976" lon="4.8613456" />
  <node id="12557678829" lat="52.2994294" lon="4.8625499" />
  <node id="12557678830" lat="52.2999633" lon="4.8594734" />
  <node id="12557678831" lat="52.2999305" lon="4.8590362" />
  <node id="12557678832" lat="52.2997156" lon="4.8580290" />
  <node id="13246819213" lat="52.4282246" lon="4.8292167" />
  <node id="13416308764" lat="52.4377223" lon="4.8518819" />
  <node id="13416308765" lat="52.4373906" lon="4.8520104" />
  <node id="13416308766" lat="52.4375174" lon="4.8531078" />
  <node id="13416308767" lat="52.4368981" lon="4.8532993" />
  <node id="13416308768" lat="52.4369465" lon="4.8537733" />
  <node id="13416308769" lat="52.4378974" lon="4.8534651" />
  <node id="13834755891" lat="52.3045688" lon="4.8476184" />
  <node id="13834755892" lat="52.3044777" lon="4.8481638" />
  <node id="13834755893" lat="52.3044821" lon="4.8487845" />
  <node id="13834755894" lat="52.3048430" lon="4.8488006" />
  <node id="13834755895" lat="52.3048529" lon="4.8476256" />
  <node id="13959230532" lat="52.3064744" lon="4.8468129">
    <tag k="information" v="board" />
    <tag k="tourism" v="information" />
  </node>
  <node id="13959237646" lat="52.3058708" lon="4.8480443">
    <tag k="artwork_type" v="sculpture" />
    <tag k="tourism" v="artwork" />
  </node>
  <node id="13959239937" lat="52.3058383" lon="4.8483877">
    <tag k="amenity" v="waste_basket" />
  </node>
  <way id="6338272">
    <nd ref="46681944" />
    <nd ref="46681347" />
    <nd ref="3227432968" />
    <nd ref="3227432967" />
    <nd ref="46672842" />
    <nd ref="4163516453" />
    <nd ref="3227432962" />
    <nd ref="3227432961" />
    <nd ref="4163558370" />
    <nd ref="3227432360" />
    <nd ref="3227432359" />
    <nd ref="11304814454" />
    <nd ref="3227432355" />
    <nd ref="3227432356" />
    <nd ref="11304814453" />
    <nd ref="11304814448" />
    <nd ref="11304814445" />
    <nd ref="11304814446" />
    <nd ref="11304814447" />
    <nd ref="3227432357" />
    <nd ref="3227432358" />
    <nd ref="2893272352" />
    <nd ref="3227432963" />
    <nd ref="46669199" />
    <nd ref="46666989" />
    <nd ref="46665588" />
    <nd ref="3227432354" />
    <nd ref="3227432353" />
    <nd ref="3227432351" />
    <nd ref="3227432350" />
    <nd ref="3228996028" />
    <nd ref="3228996029" />
    <nd ref="3227432352" />
    <nd ref="3228996030" />
    <nd ref="3228996031" />
    <nd ref="46682422" />
    <nd ref="46683458" />
    <nd ref="46682918" />
    <nd ref="46683801" />
    <nd ref="46686880" />
    <nd ref="3227432969" />
    <nd ref="46693405" />
    <nd ref="46697249" />
    <nd ref="46698773" />
    <nd ref="3227432970" />
    <nd ref="3227432971" />
    <nd ref="46701885" />
    <nd ref="46701645" />
    <nd ref="893503356" />
    <nd ref="893494062" />
    <nd ref="893496633" />
    <nd ref="893494861" />
    <nd ref="893504267" />
    <nd ref="893499795" />
    <nd ref="893504142" />
    <nd ref="893496670" />
    <nd ref="893491748" />
    <nd ref="893493508" />
    <nd ref="46698998" />
    <nd ref="893497661" />
    <nd ref="893502698" />
    <nd ref="893502622" />
    <nd ref="893493067" />
    <nd ref="893503746" />
    <nd ref="893498271" />
    <nd ref="893493589" />
    <nd ref="46694626" />
    <nd ref="893494689" />
    <nd ref="46694190" />
    <nd ref="893495260" />
    <nd ref="893504937" />
    <nd ref="893494824" />
    <nd ref="893498424" />
    <nd ref="893504752" />
    <nd ref="893493884" />
    <nd ref="893498960" />
    <nd ref="893492784" />
    <nd ref="893500992" />
    <nd ref="893504683" />
    <nd ref="893493767" />
    <nd ref="893498817" />
    <nd ref="893493469" />
    <nd ref="893504089" />
    <nd ref="893492591" />
    <nd ref="893504543" />
    <nd ref="46694401" />
    <nd ref="893492062" />
    <nd ref="893496255" />
    <nd ref="893491738" />
    <nd ref="893501393" />
    <nd ref="893501810" />
    <nd ref="893504898" />
    <nd ref="893494355" />
    <nd ref="893500143" />
    <nd ref="893501211" />
    <nd ref="893499236" />
    <nd ref="893492913" />
    <nd ref="893495851" />
    <nd ref="893503810" />
    <nd ref="893494248" />
    <nd ref="893495427" />
    <nd ref="893503314" />
    <nd ref="893500297" />
    <nd ref="893504854" />
    <nd ref="893491423" />
    <nd ref="893491676" />
    <nd ref="893500711" />
    <nd ref="46691575" />
    <nd ref="264752719" />
    <nd ref="46689762" />
    <nd ref="893493096" />
    <nd ref="46688949" />
    <nd ref="46688948" />
    <nd ref="2376040182" />
    <nd ref="46689220" />
    <nd ref="46687957" />
    <nd ref="46688942" />
    <nd ref="46675758" />
    <nd ref="46675760" />
    <nd ref="46672220" />
    <nd ref="6220908944" />
    <nd ref="5696062997" />
    <nd ref="46665036" />
    <nd ref="894219356" />
    <nd ref="894228867" />
    <nd ref="894213081" />
    <nd ref="894227563" />
    <nd ref="46660769" />
    <nd ref="1867257556" />
    <nd ref="1867257551" />
    <nd ref="1867257548" />
    <nd ref="46654285" />
    <nd ref="46627293" />
    <nd ref="46625464" />
    <nd ref="46624371" />
    <nd ref="46620377" />
    <nd ref="7101405368" />
    <nd ref="5288520678" />
    <nd ref="46595964" />
    <nd ref="46595292" />
    <nd ref="46593591" />
    <nd ref="46593322" />
    <nd ref="46592678" />
    <nd ref="46592676" />
    <nd ref="46592115" />
    <nd ref="46590883" />
    <nd ref="46590382" />
    <nd ref="2961657111" />
    <nd ref="46590381" />
    <nd ref="2961654034" />
    <nd ref="2961654033" />
    <nd ref="46584614" />
    <nd ref="46586515" />
    <nd ref="373257858" />
    <nd ref="46585125" />
    <nd ref="46585914" />
    <nd ref="46586769" />
    <nd ref="13246819213" />
    <nd ref="46586768" />
    <nd ref="46583138" />
    <nd ref="46582644" />
    <nd ref="46583662" />
    <nd ref="12106961899" />
    <nd ref="46587058" />
    <nd ref="46590123" />
    <nd ref="12106961896" />
    <nd ref="416625393" />
    <nd ref="46592675" />
    <nd ref="123824086" />
    <nd ref="46597104" />
    <nd ref="46597427" />
    <nd ref="46598818" />
    <nd ref="46605150" />
    <nd ref="46604091" />
    <nd ref="46604280" />
    <nd ref="3252801317" />
    <nd ref="3486291222" />
    <nd ref="3252801315" />
    <nd ref="9581638516" />
    <nd ref="3252801316" />
    <nd ref="3252801318" />
    <nd ref="3252801319" />
    <nd ref="6924598068" />
    <nd ref="6924598067" />
    <nd ref="6924598065" />
    <nd ref="3252801320" />
    <nd ref="6924598064" />
    <nd ref="9024994981" />
    <nd ref="9024994980" />
    <nd ref="6924598066" />
    <nd ref="6924598069" />
    <nd ref="3252801321" />
    <nd ref="3252801322" />
    <nd ref="3197729174" />
    <nd ref="5799436515" />
    <nd ref="3252801323" />
    <nd ref="5799436516" />
    <nd ref="5799442273" />
    <nd ref="5799442274" />
    <nd ref="5799442275" />
    <nd ref="5799442276" />
    <nd ref="9469590369" />
    <nd ref="46611961" />
    <nd ref="46613392" />
    <nd ref="46616459" />
    <nd ref="4116450404" />
    <nd ref="46617051" />
    <nd ref="4857302980" />
    <nd ref="7155079631" />
    <nd ref="4498286074" />
    <nd ref="7155079632" />
    <nd ref="7155079633" />
    <nd ref="46614666" />
    <nd ref="46613639" />
    <nd ref="46619333" />
    <nd ref="739517525" />
    <nd ref="46630165" />
    <nd ref="46650898" />
    <nd ref="46651633" />
    <nd ref="46651635" />
    <nd ref="46652493" />
    <nd ref="46652966" />
    <nd ref="7600272724" />
    <nd ref="7600272723" />
    <nd ref="7600272722" />
    <nd ref="46682704" />
    <nd ref="7600272721" />
    <nd ref="8529703834" />
    <nd ref="8529703833" />
    <nd ref="8529703832" />
    <nd ref="7600272720" />
    <nd ref="8529703835" />
    <nd ref="7600272718" />
    <nd ref="7814580550" />
    <nd ref="7600272717" />
    <nd ref="46681940" />
    <nd ref="7600232482" />
    <nd ref="2889591513" />
    <nd ref="2889589758" />
    <nd ref="2889589169" />
    <nd ref="2889587377" />
    <nd ref="7600232483" />
    <nd ref="46681944" />
    <tag k="landuse" v="residential" />
  </way>
  <way id="27327930">
    <nd ref="299969564" />
    <nd ref="8963600227" />
    <nd ref="8963600228" />
    <nd ref="8963600229" />
    <nd ref="8963600230" />
    <nd ref="8963600231" />
    <nd ref="8963600232" />
    <nd ref="8963600233" />
    <nd ref="8963600234" />
    <nd ref="8963600235" />
    <nd ref="8963600236" />
    <nd ref="8963600237" />
    <nd ref="299969562" />
    <nd ref="299969560" />
    <nd ref="299969559" />
    <nd ref="299969558" />
    <nd ref="299969557" />
    <nd ref="299983791" />
    <nd ref="299983792" />
    <nd ref="299983793" />
    <nd ref="299983794" />
    <nd ref="299983795" />
    <nd ref="299981869" />
    <nd ref="299982390" />
    <nd ref="299982392" />
    <nd ref="299982393" />
    <nd ref="299982394" />
    <nd ref="299982395" />
    <nd ref="299963970" />
    <nd ref="299964141" />
    <nd ref="299964159" />
    <nd ref="299964380" />
    <nd ref="299964519" />
    <nd ref="299964515" />
    <nd ref="299964527" />
    <nd ref="4874384471" />
    <nd ref="5160418926" />
    <nd ref="892942832" />
    <nd ref="5160418925" />
    <nd ref="5160418924" />
    <nd ref="299963987" />
    <nd ref="299964369" />
    <nd ref="299964429" />
    <nd ref="299963976" />
    <nd ref="299963990" />
    <nd ref="299964077" />
    <nd ref="299964087" />
    <nd ref="299964338" />
    <nd ref="299964361" />
    <nd ref="299964451" />
    <nd ref="8855459289" />
    <nd ref="8855459287" />
    <nd ref="8855459286" />
    <nd ref="8855459288" />
    <nd ref="299969567" />
    <nd ref="9533394332" />
    <nd ref="299969566" />
    <nd ref="299969565" />
    <nd ref="299969564" />
    <tag k="landuse" v="residential" />
  </way>
  <way id="27328820">
    <nd ref="299964257" />
    <nd ref="299964043" />
    <nd ref="299964536" />
    <nd ref="8827054582" />
    <nd ref="8827054583" />
    <nd ref="8827054581" />
    <nd ref="892952490" />
    <nd ref="299969629" />
    <nd ref="892925112" />
    <nd ref="299969628" />
    <nd ref="892923044" />
    <nd ref="7574898306" />
    <nd ref="12193520507" />
    <nd ref="7574898307" />
    <nd ref="7574163339" />
    <nd ref="892900236" />
    <nd ref="892899073" />
    <nd ref="892928232" />
    <nd ref="300009598" />
    <nd ref="299964455" />
    <nd ref="299964307" />
    <nd ref="299964051" />
    <nd ref="299964500" />
    <nd ref="299964211" />
    <nd ref="299964357" />
    <nd ref="299964289" />
    <nd ref="299964257" />
    <tag k="landuse" v="residential" />
  </way>
  <way id="31466426">
    <nd ref="295563215" />
    <nd ref="295563242" />
    <nd ref="351491736" />
    <nd ref="351491739" />
    <nd ref="351491741" />
    <nd ref="351491745" />
    <nd ref="295563236" />
    <nd ref="295563235" />
    <nd ref="351491748" />
    <nd ref="295563234" />
    <nd ref="295563233" />
    <nd ref="295563232" />
    <nd ref="295563231" />
    <nd ref="295563230" />
    <nd ref="351491753" />
    <nd ref="351491755" />
    <nd ref="295563224" />
    <nd ref="295563223" />
    <nd ref="295563222" />
    <nd ref="295563221" />
    <nd ref="295563220" />
    <nd ref="295563217" />
    <nd ref="295563216" />
    <nd ref="351491762" />
    <nd ref="295563215" />
    <tag k="landuse" v="commercial" />
    <tag k="name" v="KLM" />
  </way>
  <way id="74600321">
    <nd ref="881420455" />
    <nd ref="881358513" />
    <nd ref="881351604" />
    <nd ref="881377366" />
    <nd ref="881321651" />
    <nd ref="881343918" />
    <nd ref="881370092" />
    <nd ref="881400600" />
    <nd ref="881385341" />
    <nd ref="881413405" />
    <nd ref="881435190" />
    <nd ref="881340719" />
    <nd ref="881402203" />
    <nd ref="881371741" />
    <nd ref="881345187" />
    <nd ref="881409921" />
    <nd ref="881379148" />
    <nd ref="881353604" />
    <nd ref="881331056" />
    <nd ref="881340094" />
    <nd ref="881434090" />
    <nd ref="881412725" />
    <nd ref="881323604" />
    <nd ref="881420455" />
    <tag k="landuse" v="grass" />
    <tag k="source" v="3dShapes" />
  </way>
  <way id="74600646">
    <nd ref="881340091" />
    <nd ref="881402202" />
    <nd ref="881371737" />
    <nd ref="881345184" />
    <nd ref="881323602" />
    <nd ref="881334875" />
    <nd ref="881425950" />
    <nd ref="881407145" />
    <nd ref="881376168" />
    <nd ref="881434088" />
    <nd ref="881412722" />
    <nd ref="881383933" />
    <nd ref="881358508" />
    <nd ref="881369243" />
    <nd ref="881343094" />
    <nd ref="881438027" />
    <nd ref="881415660" />
    <nd ref="881350459" />
    <nd ref="881328302" />
    <nd ref="881420453" />
    <nd ref="881399567" />
    <nd ref="881340091" />
    <tag k="landuse" v="forest" />
    <tag k="source" v="3dShapes" />
  </way>
  <way id="74602126">
    <nd ref="9767897074" />
    <nd ref="881418576" />
    <nd ref="9767897068" />
    <nd ref="881357959" />
    <nd ref="881428454" />
    <nd ref="881363071" />
    <nd ref="9767897070" />
    <nd ref="881391167" />
    <nd ref="881421174" />
    <nd ref="881412339" />
    <nd ref="881338080" />
    <nd ref="10568724621" />
    <nd ref="881383844" />
    <nd ref="881432944" />
    <nd ref="881332706" />
    <nd ref="881390242" />
    <nd ref="881363139" />
    <nd ref="881338288" />
    <nd ref="881431669" />
    <nd ref="881325129" />
    <nd ref="881418840" />
    <nd ref="881396302" />
    <nd ref="881366917" />
    <nd ref="881423551" />
    <nd ref="881404213" />
    <nd ref="881373497" />
    <nd ref="881347281" />
    <nd ref="881360455" />
    <nd ref="881336162" />
    <nd ref="881428145" />
    <nd ref="881409152" />
    <nd ref="881355630" />
    <nd ref="881338561" />
    <nd ref="881337008" />
    <nd ref="881409994" />
    <nd ref="881331672" />
    <nd ref="881344368" />
    <nd ref="881396631" />
    <nd ref="881394197" />
    <nd ref="881340038" />
    <nd ref="881391552" />
    <nd ref="881435542" />
    <nd ref="881339771" />
    <nd ref="881399817" />
    <nd ref="881374717" />
    <nd ref="881348764" />
    <nd ref="881326953" />
    <nd ref="881382469" />
    <nd ref="881357157" />
    <nd ref="881333854" />
    <nd ref="881424678" />
    <nd ref="881436890" />
    <nd ref="881366348" />
    <nd ref="881395317" />
    <nd ref="881418385" />
    <nd ref="881392273" />
    <nd ref="881405737" />
    <nd ref="881326373" />
    <nd ref="9767897074" />
    <tag k="landuse" v="grass" />
    <tag k="source" v="3dShapes" />
  </way>
  <way id="74602455">
    <nd ref="881398774" />
    <nd ref="881420114" />
    <nd ref="881327558" />
    <nd ref="881349446" />
    <nd ref="881390457" />
    <nd ref="881400271" />
    <nd ref="881369793" />
    <nd ref="881426629" />
    <nd ref="881407889" />
    <nd ref="881376925" />
    <nd ref="881351192" />
    <nd ref="881363524" />
    <nd ref="881338685" />
    <nd ref="881432219" />
    <nd ref="881411503" />
    <nd ref="881343686" />
    <nd ref="717758529" />
    <nd ref="717766594" />
    <nd ref="881403007" />
    <nd ref="881320918" />
    <nd ref="881416110" />
    <nd ref="881391180" />
    <nd ref="881404845" />
    <nd ref="881373942" />
    <nd ref="881347889" />
    <nd ref="881325543" />
    <nd ref="881381622" />
    <nd ref="881356219" />
    <nd ref="881333212" />
    <nd ref="881423988" />
    <nd ref="881398774" />
    <tag k="landuse" v="forest" />
    <tag k="source" v="3dShapes" />
  </way>
  <way id="74602745">
    <nd ref="881415425" />
    <nd ref="881423135" />
    <nd ref="881403598" />
    <nd ref="881372991" />
    <nd ref="881346719" />
    <nd ref="881410935" />
    <nd ref="881380567" />
    <nd ref="881355112" />
    <nd ref="881331604" />
    <nd ref="10793265578" />
    <nd ref="881379800" />
    <nd ref="881410399" />
    <nd ref="881332312" />
    <nd ref="881340928" />
    <nd ref="881435489" />
    <nd ref="881413600" />
    <nd ref="881385761" />
    <nd ref="881324798" />
    <nd ref="881418530" />
    <nd ref="881395585" />
    <nd ref="881366485" />
    <nd ref="881377676" />
    <nd ref="881351972" />
    <nd ref="881329671" />
    <nd ref="881421079" />
    <nd ref="881415425" />
    <tag k="landuse" v="grass" />
    <tag k="source" v="3dShapes" />
  </way>
  <way id="74603097">
    <nd ref="881337539" />
    <nd ref="881430488" />
    <nd ref="881324237" />
    <nd ref="881418119" />
    <nd ref="881394810" />
    <nd ref="881366116" />
    <nd ref="881422628" />
    <nd ref="881402965" />
    <nd ref="881372489" />
    <nd ref="881337539" />
    <tag k="landuse" v="grass" />
    <tag k="source" v="3dShapes" />
  </way>
  <way id="74603197">
    <nd ref="881376242" />
    <nd ref="881350559" />
    <nd ref="881328375" />
    <nd ref="881420489" />
    <nd ref="881431586" />
    <nd ref="881411164" />
    <nd ref="881381010" />
    <nd ref="881355557" />
    <nd ref="881415718" />
    <nd ref="881390048" />
    <nd ref="881376242" />
    <tag k="landuse" v="forest" />
    <tag k="source" v="3dShapes" />
  </way>
  <way id="74603908">
    <nd ref="881331604" />
    <nd ref="881422402" />
    <nd ref="881337390" />
    <nd ref="881430177" />
    <nd ref="881410399" />
    <nd ref="881379800" />
    <nd ref="10793265578" />
    <nd ref="881331604" />
    <tag k="landuse" v="forest" />
    <tag k="source" v="3dShapes" />
  </way>
  <way id="74604089">
    <nd ref="881391414" />
    <nd ref="881404958" />
    <nd ref="881374019" />
    <nd ref="881432283" />
    <nd ref="881411545" />
    <nd ref="881405126" />
    <nd ref="881424160" />
    <nd ref="881333379" />
    <nd ref="881321320" />
    <nd ref="881343794" />
    <nd ref="881369936" />
    <nd ref="881400423" />
    <nd ref="881338795" />
    <nd ref="881363662" />
    <nd ref="881391414" />
    <tag k="landuse" v="forest" />
    <tag k="source" v="3dShapes" />
  </way>
  <way id="74604369">
    <nd ref="881341010" />
    <nd ref="881366589" />
    <nd ref="881427705" />
    <nd ref="881335909" />
    <nd ref="881360113" />
    <nd ref="881385903" />
    <nd ref="881373122" />
    <nd ref="881403763" />
    <nd ref="881423246" />
    <nd ref="881332401" />
    <nd ref="881395741" />
    <nd ref="881418616" />
    <nd ref="1606319497" />
    <nd ref="1606319486" />
    <nd ref="1606319636" />
    <nd ref="881324897" />
    <nd ref="881346866" />
    <nd ref="881337984" />
    <nd ref="881362815" />
    <nd ref="881389655" />
    <nd ref="881415546" />
    <nd ref="881355282" />
    <nd ref="881380714" />
    <nd ref="881420027" />
    <nd ref="881406177" />
    <nd ref="881411758" />
    <nd ref="881394205" />
    <nd ref="881336774" />
    <nd ref="881386032" />
    <nd ref="881372770" />
    <nd ref="881346967" />
    <nd ref="881412671" />
    <nd ref="881434183" />
    <nd ref="881386602" />
    <nd ref="881411004" />
    <nd ref="881340244" />
    <nd ref="881365716" />
    <nd ref="881394070" />
    <nd ref="881417665" />
    <nd ref="881410159" />
    <nd ref="881429696" />
    <nd ref="881337169" />
    <nd ref="881361621" />
    <nd ref="881422111" />
    <nd ref="881331316" />
    <nd ref="881353897" />
    <nd ref="881379419" />
    <nd ref="881368030" />
    <nd ref="881397947" />
    <nd ref="881419777" />
    <nd ref="881326762" />
    <nd ref="881387923" />
    <nd ref="881414703" />
    <nd ref="881436780" />
    <nd ref="881342087" />
    <nd ref="881333760" />
    <nd ref="881356960" />
    <nd ref="881382358" />
    <nd ref="881411866" />
    <nd ref="881348614" />
    <nd ref="881374601" />
    <nd ref="881405608" />
    <nd ref="881424567" />
    <nd ref="881416566" />
    <nd ref="881339154" />
    <nd ref="881364182" />
    <nd ref="881392104" />
    <nd ref="881377639" />
    <nd ref="881408601" />
    <nd ref="881427458" />
    <nd ref="881335821" />
    <nd ref="881400910" />
    <nd ref="881421064" />
    <nd ref="881329633" />
    <nd ref="881351933" />
    <nd ref="881340898" />
    <nd ref="881366465" />
    <nd ref="881395527" />
    <nd ref="881418512" />
    <nd ref="881359984" />
    <nd ref="881385714" />
    <nd ref="881413588" />
    <nd ref="881435422" />
    <nd ref="881423103" />
    <nd ref="881332287" />
    <nd ref="881355090" />
    <nd ref="881380547" />
    <nd ref="881324780" />
    <nd ref="881346682" />
    <nd ref="881372950" />
    <nd ref="881403554" />
    <nd ref="881389460" />
    <nd ref="881415408" />
    <nd ref="881437791" />
    <nd ref="881342812" />
    <nd ref="881410922" />
    <nd ref="881431121" />
    <nd ref="881337862" />
    <nd ref="881362635" />
    <nd ref="881329830" />
    <nd ref="881352126" />
    <nd ref="881377802" />
    <nd ref="881408763" />
    <nd ref="881344207" />
    <nd ref="881370352" />
    <nd ref="881401065" />
    <nd ref="881421132" />
    <nd ref="881413673" />
    <nd ref="881435580" />
    <nd ref="881341010" />
    <tag k="landuse" v="grass" />
    <tag k="source" v="3dShapes" />
  </way>
  <way id="74605393">
    <nd ref="881378996" />
    <nd ref="881353413" />
    <nd ref="881414424" />
    <nd ref="881371451" />
    <nd ref="881401976" />
    <nd ref="881421770" />
    <nd ref="881365380" />
    <nd ref="881393498" />
    <nd ref="881417356" />
    <nd ref="881323410" />
    <nd ref="881429102" />
    <nd ref="881336814" />
    <nd ref="881361107" />
    <nd ref="881387351" />
    <nd ref="881387388" />
    <nd ref="881436373" />
    <nd ref="881341786" />
    <nd ref="881361150" />
    <nd ref="881380059" />
    <nd ref="717760859" />
    <nd ref="717758529" />
    <nd ref="881343686" />
    <nd ref="881336843" />
    <nd ref="881345051" />
    <nd ref="881378996" />
    <tag k="landuse" v="forest" />
    <tag k="source" v="3dShapes" />
  </way>
  <way id="74605446">
    <nd ref="881391414" />
    <nd ref="881363662" />
    <nd ref="881338795" />
    <nd ref="881400423" />
    <nd ref="881369936" />
    <nd ref="881343794" />
    <nd ref="881321320" />
    <nd ref="881333379" />
    <nd ref="881424160" />
    <nd ref="881405126" />
    <nd ref="881374142" />
    <nd ref="881432376" />
    <nd ref="881411605" />
    <nd ref="881381784" />
    <nd ref="881356381" />
    <nd ref="881367428" />
    <nd ref="881341786" />
    <nd ref="881436373" />
    <nd ref="12201507725" />
    <nd ref="881325919" />
    <nd ref="881330878" />
    <nd ref="881387351" />
    <nd ref="881361107" />
    <nd ref="881336814" />
    <nd ref="881429102" />
    <nd ref="881323410" />
    <nd ref="881417356" />
    <nd ref="881393498" />
    <nd ref="881365380" />
    <nd ref="881421770" />
    <nd ref="881401976" />
    <nd ref="881371451" />
    <nd ref="881345024" />
    <nd ref="881358344" />
    <nd ref="881334759" />
    <nd ref="881425757" />
    <nd ref="881410586" />
    <nd ref="1992464067" />
    <nd ref="881406949" />
    <nd ref="881339989" />
    <nd ref="881433880" />
    <nd ref="2808308261" />
    <nd ref="881412598" />
    <nd ref="2808308233" />
    <nd ref="2808308232" />
    <nd ref="2808308230" />
    <nd ref="2808308231" />
    <nd ref="881383768" />
    <nd ref="881399391" />
    <nd ref="881369116" />
    <nd ref="881342926" />
    <nd ref="881437904" />
    <nd ref="881375992" />
    <nd ref="881350245" />
    <nd ref="881328130" />
    <nd ref="10262482527" />
    <nd ref="881391414" />
    <tag k="landuse" v="grass" />
    <tag k="source" v="3dShapes" />
  </way>
  <way id="75637038">
    <nd ref="892922430" />
    <nd ref="12090846212" />
    <nd ref="892899323" />
    <nd ref="892922274" />
    <nd ref="892939498" />
    <nd ref="892926544" />
    <nd ref="892947010" />
    <nd ref="892929043" />
    <nd ref="892911966" />
    <nd ref="892931390" />
    <nd ref="892927129" />
    <nd ref="892938472" />
    <nd ref="892949805" />
    <nd ref="892895699" />
    <nd ref="892902885" />
    <nd ref="892916128" />
    <nd ref="892928500" />
    <nd ref="892923275" />
    <nd ref="892910532" />
    <nd ref="892917388" />
    <nd ref="892915866" />
    <nd ref="892947533" />
    <nd ref="892900606" />
    <nd ref="892894990" />
    <nd ref="892957291" />
    <nd ref="892952301" />
    <nd ref="892946138" />
    <nd ref="892926411" />
    <nd ref="892916737" />
    <nd ref="892922430" />
    <tag k="landuse" v="forest" />
    <tag k="leaf_type" v="broadleaved" />
    <tag k="source" v="3dShapes" />
  </way>
  <way id="75637131">
    <nd ref="892915940" />
    <nd ref="892921374" />
    <nd ref="892931404" />
    <nd ref="892944192" />
    <nd ref="892950549" />
    <nd ref="892920334" />
    <nd ref="892946679" />
    <nd ref="892911800" />
    <nd ref="892928816" />
    <nd ref="892921631" />
    <nd ref="892944381" />
    <nd ref="892915451" />
    <nd ref="892938410" />
    <nd ref="892915940" />
    <tag k="landuse" v="grass" />
    <tag k="source" v="3dShapes" />
  </way>
  <way id="75637139">
    <nd ref="892919482" />
    <nd ref="892936074" />
    <nd ref="892952724" />
    <nd ref="892922552" />
    <nd ref="892927019" />
    <nd ref="892914046" />
    <nd ref="892911555" />
    <nd ref="892924881" />
    <nd ref="892954686" />
    <nd ref="892942588" />
    <nd ref="892900188" />
    <nd ref="892945459" />
    <nd ref="892919482" />
    <tag k="landuse" v="grass" />
    <tag k="source" v="3dShapes" />
  </way>
  <way id="75637222">
    <nd ref="892924028" />
    <nd ref="892956741" />
    <nd ref="892910258" />
    <nd ref="2167103431" />
    <nd ref="892936545" />
    <nd ref="892953120" />
    <nd ref="892951276" />
    <nd ref="892928902" />
    <nd ref="892924372" />
    <nd ref="892924317" />
    <nd ref="892937668" />
    <nd ref="892943352" />
    <nd ref="892916237" />
    <nd ref="892943353" />
    <nd ref="2167103649" />
    <nd ref="892917995" />
    <nd ref="892924028" />
    <tag k="landuse" v="forest" />
    <tag k="leaf_type" v="broadleaved" />
    <tag k="source" v="3dShapes" />
  </way>
  <way id="75637264">
    <nd ref="892953620" />
    <nd ref="892906390" />
    <nd ref="12106054474" />
    <nd ref="892904600" />
    <nd ref="892937977" />
    <nd ref="892953144" />
    <nd ref="892911555" />
    <nd ref="892914046" />
    <nd ref="892927019" />
    <nd ref="892922552" />
    <nd ref="892952724" />
    <nd ref="892936074" />
    <nd ref="892919482" />
    <nd ref="892912497" />
    <nd ref="892957216" />
    <nd ref="892955973" />
    <nd ref="892913081" />
    <nd ref="892903224" />
    <nd ref="892897458" />
    <nd ref="892921778" />
    <nd ref="892953620" />
    <tag k="landuse" v="forest" />
    <tag k="source" v="3dShapes" />
  </way>
  <way id="75637344">
    <nd ref="892954233" />
    <nd ref="892930807" />
    <nd ref="892938765" />
    <nd ref="693483594" />
    <nd ref="693406060" />
    <nd ref="892902160" />
    <nd ref="892942326" />
    <nd ref="693464008" />
    <nd ref="892919040" />
    <nd ref="892900410" />
    <nd ref="892949317" />
    <nd ref="892895083" />
    <nd ref="892947568" />
    <nd ref="892901529" />
    <nd ref="892913694" />
    <nd ref="892943839" />
    <nd ref="892904226" />
    <nd ref="892957076" />
    <nd ref="892929622" />
    <nd ref="892955195" />
    <nd ref="892911214" />
    <nd ref="892958075" />
    <nd ref="892937166" />
    <nd ref="892906562" />
    <nd ref="892920136" />
    <nd ref="892911967" />
    <nd ref="892951280" />
    <nd ref="892955161" />
    <nd ref="892919555" />
    <nd ref="892911806" />
    <nd ref="892921936" />
    <nd ref="892957454" />
    <nd ref="892927049" />
    <nd ref="892957926" />
    <nd ref="892953786" />
    <nd ref="892927753" />
    <nd ref="892935737" />
    <nd ref="892910181" />
    <nd ref="892912949" />
    <nd ref="892954233" />
    <tag k="landuse" v="forest" />
    <tag k="leaf_type" v="broadleaved" />
    <tag k="source" v="3dShapes" />
  </way>
  <way id="75637349">
    <nd ref="892922430" />
    <nd ref="892912406" />
    <nd ref="892931750" />
    <nd ref="12193566561" />
    <nd ref="12193566534" />
    <nd ref="12193566540" />
    <nd ref="892907497" />
    <nd ref="892924080" />
    <nd ref="892910242" />
    <nd ref="892911634" />
    <nd ref="892929662" />
    <nd ref="892941618" />
    <nd ref="892917153" />
    <nd ref="892920221" />
    <nd ref="892939498" />
    <nd ref="892922274" />
    <nd ref="892899323" />
    <nd ref="12090846212" />
    <nd ref="892922430" />
    <tag k="landuse" v="forest" />
    <tag k="leaf_type" v="broadleaved" />
    <tag k="source" v="3dShapes" />
  </way>
  <way id="75637405">
    <nd ref="892911693" />
    <nd ref="892900434" />
    <nd ref="892936872" />
    <nd ref="892946030" />
    <nd ref="892942655" />
    <nd ref="892936282" />
    <nd ref="892950916" />
    <nd ref="892934681" />
    <nd ref="892955166" />
    <nd ref="892926020" />
    <nd ref="892911693" />
    <tag k="landuse" v="forest" />
    <tag k="source" v="3dShapes" />
  </way>
  <way id="75637433">
    <nd ref="892924030" />
    <nd ref="892955908" />
    <nd ref="892898358" />
    <nd ref="892910320" />
    <nd ref="892922051" />
    <nd ref="892928565" />
    <nd ref="892917889" />
    <nd ref="892937142" />
    <nd ref="892924030" />
    <tag k="landuse" v="grass" />
    <tag k="source" v="3dShapes" />
  </way>
  <way id="75637518">
    <nd ref="892899618" />
    <nd ref="892910056" />
    <nd ref="892930486" />
    <nd ref="2167103379" />
    <nd ref="2167103391" />
    <nd ref="2167103394" />
    <nd ref="2167103791" />
    <nd ref="2167103797" />
    <nd ref="2167103789" />
    <nd ref="892958622" />
    <nd ref="2167103801" />
    <nd ref="2167103805" />
    <nd ref="2167103809" />
    <nd ref="2167103817" />
    <nd ref="2167103820" />
    <nd ref="2167103814" />
    <nd ref="892910665" />
    <nd ref="892943671" />
    <nd ref="892955871" />
    <nd ref="892942082" />
    <nd ref="892955289" />
    <nd ref="892921047" />
    <nd ref="892952354" />
    <nd ref="892944750" />
    <nd ref="892952516" />
    <nd ref="892926309" />
    <nd ref="892899618" />
    <tag k="landuse" v="forest" />
    <tag k="leaf_type" v="broadleaved" />
    <tag k="source" v="3dShapes" />
  </way>
  <way id="75637783">
    <nd ref="693403567" />
    <nd ref="892910208" />
    <nd ref="892945584" />
    <nd ref="892954022" />
    <nd ref="892907892" />
    <nd ref="892955907" />
    <nd ref="892920485" />
    <nd ref="892907827" />
    <nd ref="892915739" />
    <nd ref="892956128" />
    <nd ref="892957412" />
    <nd ref="892917451" />
    <nd ref="892951649" />
    <nd ref="892957069" />
    <nd ref="892935898" />
    <nd ref="892913055" />
    <nd ref="892899454" />
    <nd ref="892930946" />
    <nd ref="892931570" />
    <nd ref="693403567" />
    <tag k="landuse" v="forest" />
    <tag k="source" v="3dShapes" />
  </way>
  <way id="75638397">
    <nd ref="892917757" />
    <nd ref="892949903" />
    <nd ref="892951137" />
    <nd ref="892903985" />
    <nd ref="892911458" />
    <nd ref="892899983" />
    <nd ref="892936268" />
    <nd ref="892956280" />
    <nd ref="892951399" />
    <nd ref="892909610" />
    <nd ref="892917757" />
    <tag k="landuse" v="forest" />
    <tag k="leaf_type" v="broadleaved" />
    <tag k="source" v="3dShapes" />
  </way>
  <way id="75639171">
    <nd ref="892917153" />
    <nd ref="892941618" />
    <nd ref="892929662" />
    <nd ref="892911634" />
    <nd ref="892910242" />
    <nd ref="892924080" />
    <nd ref="892907497" />
    <nd ref="12193566540" />
    <nd ref="12193566534" />
    <nd ref="12193566561" />
    <nd ref="892931750" />
    <nd ref="892943875" />
    <nd ref="7309296288" />
    <nd ref="7309296188" />
    <nd ref="892917256" />
    <nd ref="892932200" />
    <nd ref="892943427" />
    <nd ref="892915989" />
    <nd ref="892910537" />
    <nd ref="892902979" />
    <nd ref="892896490" />
    <nd ref="892903641" />
    <nd ref="892957074" />
    <nd ref="892929563" />
    <nd ref="892919340" />
    <nd ref="892924028" />
    <nd ref="892917995" />
    <nd ref="2167103649" />
    <nd ref="892943353" />
    <nd ref="892916237" />
    <nd ref="892943352" />
    <nd ref="892937668" />
    <nd ref="892924317" />
    <nd ref="892949619" />
    <nd ref="892919413" />
    <nd ref="892957232" />
    <nd ref="892953792" />
    <nd ref="892902659" />
    <nd ref="892955119" />
    <nd ref="892902650" />
    <nd ref="892947575" />
    <nd ref="12193566560" />
    <nd ref="892923275" />
    <nd ref="892928500" />
    <nd ref="892916128" />
    <nd ref="892902885" />
    <nd ref="892895699" />
    <nd ref="892949805" />
    <nd ref="892938472" />
    <nd ref="892924756" />
    <nd ref="892910383" />
    <nd ref="892912167" />
    <nd ref="892917153" />
    <tag k="landuse" v="grass" />
    <tag k="source" v="3dShapes" />
  </way>
  <way id="75639322">
    <nd ref="299969629" />
    <nd ref="892925112" />
    <nd ref="892915986" />
    <nd ref="892923044" />
    <nd ref="892915930" />
    <nd ref="12090880230" />
    <nd ref="12090880219" />
    <nd ref="12090880217" />
    <nd ref="12090880232" />
    <nd ref="892909964" />
    <nd ref="892926353" />
    <nd ref="12090880231" />
    <nd ref="892955486" />
    <nd ref="7309296271" />
    <nd ref="892947710" />
    <nd ref="892931784" />
    <nd ref="2167104003" />
    <nd ref="892923019" />
    <nd ref="892939854" />
    <nd ref="892952749" />
    <nd ref="892939375" />
    <nd ref="693408659" />
    <nd ref="693425505" />
    <nd ref="892957738" />
    <nd ref="2167103976" />
    <nd ref="2167103973" />
    <nd ref="892898133" />
    <nd ref="892940203" />
    <nd ref="892920045" />
    <nd ref="892937333" />
    <nd ref="892914703" />
    <nd ref="892947153" />
    <nd ref="892948684" />
    <nd ref="2167103889" />
    <nd ref="892922498" />
    <nd ref="892908227" />
    <nd ref="892908656" />
    <nd ref="892947255" />
    <nd ref="892917502" />
    <nd ref="12090841523" />
    <nd ref="892927526" />
    <nd ref="892957884" />
    <nd ref="299969629" />
    <tag k="landuse" v="forest" />
    <tag k="leaf_type" v="broadleaved" />
  </way>
  <way id="75745037">
    <nd ref="894227220" />
    <nd ref="894224204" />
    <nd ref="894227244" />
    <nd ref="894215174" />
    <nd ref="894226440" />
    <nd ref="894214054" />
    <nd ref="894227220" />
    <tag k="landuse" v="grass" />
    <tag k="source" v="3dShapes" />
  </way>
  <way id="75745183">
    <nd ref="894217637" />
    <nd ref="2896236080" />
    <nd ref="894222343" />
    <nd ref="894212130" />
    <nd ref="894228324" />
    <nd ref="894228780" />
    <nd ref="894227641" />
    <nd ref="894215060" />
    <nd ref="894217637" />
    <tag k="landuse" v="grass" />
    <tag k="source" v="3dShapes" />
  </way>
  <way id="75745236">
    <nd ref="894226096" />
    <nd ref="894225751" />
    <nd ref="894228460" />
    <nd ref="894219527" />
    <nd ref="894224942" />
    <nd ref="894216996" />
    <nd ref="894226096" />
    <tag k="landuse" v="grass" />
    <tag k="source" v="3dShapes" />
  </way>
  <way id="75745291">
    <nd ref="894225166" />
    <nd ref="7923530219" />
    <nd ref="894226906" />
    <nd ref="894217480" />
    <nd ref="894210676" />
    <nd ref="894225952" />
    <nd ref="7923530186" />
    <nd ref="7923530201" />
    <nd ref="894221410" />
    <nd ref="7923530208" />
    <nd ref="894225166" />
    <tag k="landuse" v="grass" />
    <tag k="source" v="3dShapes" />
  </way>
  <way id="75745338">
    <nd ref="894224775" />
    <nd ref="894216110" />
    <nd ref="894216155" />
    <nd ref="894214175" />
    <nd ref="7923530104" />
    <nd ref="894214270" />
    <nd ref="7923530094" />
    <nd ref="894224775" />
    <tag k="landuse" v="grass" />
    <tag k="source" v="3dShapes" />
  </way>
  <way id="75745482">
    <nd ref="894223702" />
    <nd ref="894227259" />
    <nd ref="894219323" />
    <nd ref="894228376" />
    <nd ref="894216829" />
    <nd ref="894228776" />
    <nd ref="894212067" />
    <nd ref="894217639" />
    <nd ref="894214603" />
    <nd ref="894216358" />
    <nd ref="894223702" />
    <tag k="landuse" v="grass" />
    <tag k="source" v="3dShapes" />
  </way>
  <way id="100413809">
    <nd ref="1160871166" />
    <nd ref="693505610" />
    <nd ref="693424948" />
    <nd ref="1160877179" />
    <nd ref="1160833001" />
    <nd ref="1160873694" />
    <nd ref="1160889698" />
    <nd ref="1160840759" />
    <nd ref="1160856037" />
    <nd ref="1160869193" />
    <nd ref="1160883155" />
    <nd ref="1160837485" />
    <nd ref="1160864615" />
    <nd ref="1160878374" />
    <nd ref="1160834413" />
    <nd ref="1160844668" />
    <nd ref="1160875032" />
    <nd ref="1160829202" />
    <nd ref="1160841887" />
    <nd ref="1160852318" />
    <nd ref="1160839894" />
    <nd ref="1160865672" />
    <nd ref="1160853310" />
    <nd ref="1160842638" />
    <nd ref="1160830684" />
    <nd ref="1160871166" />
    <tag k="landuse" v="forest" />
    <tag k="source" v="3dShapes" />
  </way>
  <way id="100413847">
    <nd ref="1160880138" />
    <nd ref="1160835411" />
    <nd ref="1160845764" />
    <nd ref="1160856956" />
    <nd ref="1160831060" />
    <nd ref="1160842815" />
    <nd ref="1160853648" />
    <nd ref="1160865944" />
    <nd ref="1160840091" />
    <nd ref="1160850904" />
    <nd ref="1160861741" />
    <nd ref="1160880138" />
    <tag k="landuse" v="grass" />
    <tag k="source" v="3dShapes" />
  </way>
  <way id="100414303">
    <nd ref="1160870171" />
    <nd ref="1160884494" />
    <nd ref="1160853068" />
    <nd ref="693453594" />
    <nd ref="1160879352" />
    <nd ref="693422758" />
    <nd ref="1160861407" />
    <nd ref="1160875736" />
    <nd ref="1160830497" />
    <nd ref="1160842515" />
    <nd ref="1160888919" />
    <nd ref="1160840393" />
    <nd ref="1160851124" />
    <nd ref="1160862189" />
    <nd ref="1160844668" />
    <nd ref="1160834413" />
    <nd ref="1160878374" />
    <nd ref="1160864615" />
    <nd ref="1160837485" />
    <nd ref="1160883155" />
    <nd ref="1160869193" />
    <nd ref="1160856037" />
    <nd ref="1160840759" />
    <nd ref="1160837754" />
    <nd ref="1160848295" />
    <nd ref="1160858465" />
    <nd ref="1160870171" />
    <tag k="landuse" v="grass" />
    <tag k="source" v="3dShapes" />
  </way>
  <way id="100414393">
    <nd ref="1160886799" />
    <nd ref="1160839327" />
    <nd ref="1160849828" />
    <nd ref="1160860674" />
    <nd ref="1160847828" />
    <nd ref="1160857930" />
    <nd ref="1160872599" />
    <nd ref="1160887979" />
    <nd ref="1160855558" />
    <nd ref="1160868131" />
    <nd ref="1160882575" />
    <nd ref="1160837034" />
    <nd ref="1160863949" />
    <nd ref="1160877875" />
    <nd ref="1160833960" />
    <nd ref="1160844181" />
    <nd ref="1160874526" />
    <nd ref="1160828387" />
    <nd ref="1160841386" />
    <nd ref="1160851956" />
    <nd ref="1160886799" />
    <tag k="landuse" v="grass" />
    <tag k="source" v="3dShapes" />
  </way>
  <way id="100415124">
    <nd ref="1160888124" />
    <nd ref="1160855682" />
    <nd ref="1160868350" />
    <nd ref="1160837148" />
    <nd ref="1160887691" />
    <nd ref="1160839707" />
    <nd ref="1160850517" />
    <nd ref="1160879124" />
    <nd ref="1160865403" />
    <nd ref="1160861338" />
    <nd ref="1160836857" />
    <nd ref="1160847709" />
    <nd ref="1160857831" />
    <nd ref="1160844036" />
    <nd ref="1160888124" />
    <tag k="landuse" v="grass" />
    <tag k="source" v="3dShapes" />
  </way>
  <way id="100415320">
    <nd ref="1160855393" />
    <nd ref="1160867739" />
    <nd ref="1160882323" />
    <nd ref="1160851850" />
    <nd ref="1160863722" />
    <nd ref="1160877727" />
    <nd ref="1160833790" />
    <nd ref="1160848576" />
    <nd ref="1160873531" />
    <nd ref="1160889449" />
    <nd ref="1160856635" />
    <nd ref="1160870087" />
    <nd ref="1160884282" />
    <nd ref="1160838189" />
    <nd ref="1160865403" />
    <nd ref="1160879124" />
    <nd ref="1160834995" />
    <nd ref="1160845234" />
    <nd ref="1160875635" />
    <nd ref="1160830336" />
    <nd ref="1160842435" />
    <nd ref="1160852955" />
    <nd ref="1160840312" />
    <nd ref="1160851065" />
    <nd ref="1160861956" />
    <nd ref="1160876386" />
    <nd ref="1160848234" />
    <nd ref="1160858385" />
    <nd ref="1160888770" />
    <nd ref="1160856142" />
    <nd ref="1160869406" />
    <nd ref="1160883284" />
    <nd ref="1160837617" />
    <nd ref="1160864774" />
    <nd ref="1160878468" />
    <nd ref="1160834524" />
    <nd ref="1160844774" />
    <nd ref="1160855393" />
    <tag k="landuse" v="forest" />
    <tag k="source" v="3dShapes" />
  </way>
  <way id="100416162">
    <nd ref="1160828758" />
    <nd ref="1160851124" />
    <nd ref="1160840393" />
    <nd ref="1160888919" />
    <nd ref="1160842515" />
    <nd ref="1160830497" />
    <nd ref="1160875736" />
    <nd ref="1160861407" />
    <nd ref="693422758" />
    <nd ref="1160879352" />
    <nd ref="1160828387" />
    <nd ref="1160874526" />
    <nd ref="1160844181" />
    <nd ref="1160833960" />
    <nd ref="1160871301" />
    <nd ref="1160828758" />
    <tag k="landuse" v="forest" />
    <tag k="source" v="3dShapes" />
  </way>
  <way id="100416791">
    <nd ref="1160859839" />
    <nd ref="1160835801" />
    <nd ref="1160846267" />
    <nd ref="1160871166" />
    <nd ref="1160830684" />
    <nd ref="1160842638" />
    <nd ref="1160853310" />
    <nd ref="1160865672" />
    <nd ref="1160839894" />
    <nd ref="1160864425" />
    <nd ref="1160852222" />
    <nd ref="1160841788" />
    <nd ref="1160829026" />
    <nd ref="1160855932" />
    <nd ref="1160861496" />
    <nd ref="1160875895" />
    <nd ref="1160847902" />
    <nd ref="1160857985" />
    <nd ref="1160872682" />
    <nd ref="1160859839" />
    <tag k="landuse" v="grass" />
    <tag k="source" v="3dShapes" />
  </way>
  <way id="508007216">
    <nd ref="4974056358" />
    <nd ref="4974056359" />
    <nd ref="4974056360" />
    <nd ref="4750790267" />
    <nd ref="4974056350" />
    <nd ref="4974056351" />
    <nd ref="4974056361" />
    <nd ref="4974056362" />
    <nd ref="4974056363" />
    <nd ref="4974056364" />
    <nd ref="4974056358" />
    <tag k="landuse" v="grass" />
  </way>
  <way id="760175711">
    <nd ref="7101405287" />
    <nd ref="7101405288" />
    <nd ref="7101405289" />
    <nd ref="7101405290" />
    <nd ref="7101405291" />
    <nd ref="7101405292" />
    <nd ref="7101405293" />
    <nd ref="7101405294" />
    <nd ref="7101405295" />
    <nd ref="7101405296" />
    <nd ref="7101405297" />
    <nd ref="7101405298" />
    <nd ref="7101405299" />
    <nd ref="7101405300" />
    <nd ref="7101405301" />
    <nd ref="7101405302" />
    <nd ref="7101405303" />
    <nd ref="7101405304" />
    <nd ref="7101405305" />
    <nd ref="7101405306" />
    <nd ref="7101405287" />
    <tag k="landuse" v="greenfield" />
  </way>
  <way id="760175731">
    <nd ref="7101418282" />
    <nd ref="7101418283" />
    <nd ref="7101418284" />
    <nd ref="7101418285" />
    <nd ref="7101418286" />
    <nd ref="7101418287" />
    <nd ref="7101418288" />
    <nd ref="7101418289" />
    <nd ref="7101418290" />
    <nd ref="7101418291" />
    <nd ref="7101418292" />
    <nd ref="7101418293" />
    <nd ref="7101418294" />
    <nd ref="7101418295" />
    <nd ref="7101418296" />
    <nd ref="7101405298" />
    <nd ref="4974056361" />
    <nd ref="4974056362" />
    <nd ref="4974056363" />
    <nd ref="4974056364" />
    <nd ref="7101418297" />
    <nd ref="7101418298" />
    <nd ref="7101418282" />
    <tag k="landuse" v="grass" />
  </way>
  <way id="760175732">
    <nd ref="7101418299" />
    <nd ref="7101418300" />
    <nd ref="7101418301" />
    <nd ref="7101418302" />
    <nd ref="7101418303" />
    <nd ref="7101418304" />
    <nd ref="7101418305" />
    <nd ref="7101418306" />
    <nd ref="7101418307" />
    <nd ref="7101418308" />
    <nd ref="7101418309" />
    <nd ref="7101418310" />
    <nd ref="7101418311" />
    <nd ref="7101418312" />
    <nd ref="7101418313" />
    <nd ref="7101418314" />
    <nd ref="7101418315" />
    <nd ref="7101418316" />
    <nd ref="7101418317" />
    <nd ref="7101418318" />
    <nd ref="7101418319" />
    <nd ref="7101418320" />
    <nd ref="7101418321" />
    <nd ref="7101418322" />
    <nd ref="7101418299" />
    <tag k="landuse" v="grass" />
  </way>
  <way id="782699088">
    <nd ref="12090841444" />
    <nd ref="7309268068" />
    <nd ref="7309296267" />
    <nd ref="7309296276" />
    <nd ref="7309296188" />
    <nd ref="7309296288" />
    <nd ref="892953002" />
    <nd ref="892926664" />
    <nd ref="892897545" />
    <nd ref="892917623" />
    <nd ref="892934106" />
    <nd ref="892926430" />
    <nd ref="892917746" />
    <nd ref="892924700" />
    <nd ref="7309296255" />
    <nd ref="7309296224" />
    <nd ref="7309296223" />
    <nd ref="7309296228" />
    <nd ref="7309296285" />
    <nd ref="12090841447" />
    <nd ref="12090841445" />
    <nd ref="12090841443" />
    <nd ref="12090841449" />
    <nd ref="12090841450" />
    <nd ref="12090841444" />
    <tag k="landuse" v="forest" />
    <tag k="leaf_type" v="broadleaved" />
  </way>
  <way id="849272955">
    <nd ref="7923530094" />
    <nd ref="7923530095" />
    <nd ref="7923530096" />
    <nd ref="7923530097" />
    <nd ref="7923530098" />
    <nd ref="7923530099" />
    <nd ref="7923530100" />
    <nd ref="7923530101" />
    <nd ref="7923530102" />
    <nd ref="7923530103" />
    <nd ref="7923530104" />
    <nd ref="894214270" />
    <nd ref="7923530094" />
    <tag k="landuse" v="forest" />
  </way>
  <way id="849272975">
    <nd ref="7923530186" />
    <nd ref="7923530187" />
    <nd ref="7923530188" />
    <nd ref="7923530189" />
    <nd ref="7923530190" />
    <nd ref="7923530191" />
    <nd ref="7923530192" />
    <nd ref="7923530193" />
    <nd ref="7923530194" />
    <nd ref="7923530195" />
    <nd ref="7923530196" />
    <nd ref="7923530197" />
    <nd ref="7923530198" />
    <nd ref="7923530199" />
    <nd ref="7923530200" />
    <nd ref="7923530201" />
    <nd ref="7923530186" />
    <tag k="landuse" v="forest" />
  </way>
  <way id="849272978">
    <nd ref="7923530208" />
    <nd ref="7923530209" />
    <nd ref="7923530210" />
    <nd ref="7923530211" />
    <nd ref="7923530212" />
    <nd ref="7923530213" />
    <nd ref="7923530214" />
    <nd ref="7923530215" />
    <nd ref="7923530216" />
    <nd ref="7923530217" />
    <nd ref="7923530218" />
    <nd ref="7923530219" />
    <nd ref="7923530208" />
    <tag k="landuse" v="forest" />
  </way>
  <way id="965957032">
    <nd ref="8936134454" />
    <nd ref="12557678831" />
    <nd ref="12557678830" />
    <nd ref="8936134455" />
    <nd ref="12557678828" />
    <nd ref="12557678829" />
    <nd ref="8936134456" />
    <nd ref="299969560" />
    <nd ref="299969562" />
    <nd ref="12557678832" />
    <nd ref="8936134454" />
    <tag k="landuse" v="residential" />
    <tag k="name" v="The Mayor" />
    <tag k="old_name" v="De Bovenlanden" />
    <tag k="residential" v="urban" />
    <tag k="website" v="https://woneninthemayor.nl" />
    <tag k="wikidata" v="Q107588253" />
  </way>
  <way id="968847087">
    <nd ref="8963579251" />
    <nd ref="8963579250" />
    <nd ref="8963579249" />
    <nd ref="8963579248" />
    <nd ref="8963579247" />
    <nd ref="8963579246" />
    <nd ref="8963579245" />
    <nd ref="8963579244" />
    <nd ref="8963576789" />
    <nd ref="8963576788" />
    <nd ref="8963576787" />
    <nd ref="8963576786" />
    <nd ref="8963576785" />
    <nd ref="8963576784" />
    <nd ref="8963576783" />
    <nd ref="8963576782" />
    <nd ref="8963576781" />
    <nd ref="8963576780" />
    <nd ref="8963576778" />
    <nd ref="8963576777" />
    <nd ref="8963576776" />
    <nd ref="8963576775" />
    <nd ref="8963576774" />
    <nd ref="8963576773" />
    <nd ref="8963576772" />
    <nd ref="8963576771" />
    <nd ref="8963576770" />
    <nd ref="9429188328" />
    <nd ref="9429188329" />
    <nd ref="9429188327" />
    <nd ref="9429188330" />
    <nd ref="9429188334" />
    <nd ref="9429188333" />
    <nd ref="9429188331" />
    <nd ref="9429188332" />
    <nd ref="8963576769" />
    <nd ref="9429188339" />
    <nd ref="8963583163" />
    <nd ref="8963583161" />
    <nd ref="8963583160" />
    <nd ref="8963583159" />
    <nd ref="8963583158" />
    <nd ref="8963583157" />
    <nd ref="8963583156" />
    <nd ref="8963576767" />
    <nd ref="8963583155" />
    <nd ref="8963576768" />
    <nd ref="8963576766" />
    <nd ref="8963583154" />
    <nd ref="8963583153" />
    <nd ref="8963583152" />
    <nd ref="8963583151" />
    <nd ref="8963583150" />
    <nd ref="8963583149" />
    <nd ref="8963583148" />
    <nd ref="8963583147" />
    <nd ref="8963583146" />
    <nd ref="8963583145" />
    <nd ref="8963583144" />
    <nd ref="8963583143" />
    <nd ref="8963583142" />
    <nd ref="8963583141" />
    <nd ref="8963583140" />
    <nd ref="8963583139" />
    <nd ref="8963583138" />
    <nd ref="8963583137" />
    <nd ref="8963583136" />
    <nd ref="8963583135" />
    <nd ref="8963579273" />
    <nd ref="8963579272" />
    <nd ref="8963579271" />
    <nd ref="8963579270" />
    <nd ref="8963579269" />
    <nd ref="8963579268" />
    <nd ref="12100693991" />
    <nd ref="1160873346" />
    <nd ref="10121955032" />
    <nd ref="1160858600" />
    <nd ref="10121955031" />
    <nd ref="1160848413" />
    <nd ref="1160876646" />
    <nd ref="1160862410" />
    <nd ref="1160851265" />
    <nd ref="1160840482" />
    <nd ref="1160866402" />
    <nd ref="1160854268" />
    <nd ref="10121955057" />
    <nd ref="1160843250" />
    <nd ref="10121955058" />
    <nd ref="1160831930" />
    <nd ref="10121955059" />
    <nd ref="1160857186" />
    <nd ref="1160846247" />
    <nd ref="1160835789" />
    <nd ref="10121955060" />
    <nd ref="1160880793" />
    <nd ref="1160875372" />
    <nd ref="1160845027" />
    <nd ref="1160834780" />
    <nd ref="10121955364" />
    <nd ref="1160878853" />
    <nd ref="10121955365" />
    <nd ref="10121955366" />
    <nd ref="1160865153" />
    <nd ref="1160837917" />
    <nd ref="10121955367" />
    <nd ref="1160883767" />
    <nd ref="10121955371" />
    <nd ref="1160869867" />
    <nd ref="10121955372" />
    <nd ref="1160856484" />
    <nd ref="1160878180" />
    <nd ref="1160864304" />
    <nd ref="10121955378" />
    <nd ref="1160847458" />
    <nd ref="1160850025" />
    <nd ref="10121955377" />
    <nd ref="10121955376" />
    <nd ref="10121955375" />
    <nd ref="1160835246" />
    <nd ref="10121955398" />
    <nd ref="1160879846" />
    <nd ref="1160865726" />
    <nd ref="1160853378" />
    <nd ref="10121955399" />
    <nd ref="1160884845" />
    <nd ref="10121955401" />
    <nd ref="1160870482" />
    <nd ref="10121955402" />
    <nd ref="1160856844" />
    <nd ref="10121955403" />
    <nd ref="10121955405" />
    <nd ref="1160845562" />
    <nd ref="1160873848" />
    <nd ref="1160859149" />
    <nd ref="1160848805" />
    <nd ref="1160838472" />
    <nd ref="10121955404" />
    <nd ref="10121955423" />
    <nd ref="1160863358" />
    <nd ref="10121955424" />
    <nd ref="1160851531" />
    <nd ref="10121955426" />
    <nd ref="1160840885" />
    <nd ref="10121955427" />
    <nd ref="10121955445" />
    <nd ref="1160889884" />
    <nd ref="1160848415" />
    <nd ref="10121955428" />
    <nd ref="10121955429" />
    <nd ref="1160837922" />
    <nd ref="1160847939" />
    <nd ref="1160852700" />
    <nd ref="1160865156" />
    <nd ref="1160839559" />
    <nd ref="8963579251" />
    <tag k="landuse" v="construction" />
    <tag k="name" v="VeenIX" />
  </way>
  <way id="1056409745">
    <nd ref="9707025635" />
    <nd ref="892951767" />
    <nd ref="892911970" />
    <nd ref="892926822" />
    <nd ref="892902033" />
    <nd ref="9707025634" />
    <nd ref="892900155" />
    <nd ref="892901566" />
    <nd ref="892930373" />
    <nd ref="892898565" />
    <nd ref="892909608" />
    <nd ref="892904649" />
    <nd ref="892911599" />
    <nd ref="892953973" />
    <nd ref="892894090" />
    <nd ref="892918315" />
    <nd ref="892953361" />
    <nd ref="892953270" />
    <nd ref="892953740" />
    <nd ref="9707025633" />
    <nd ref="9707025632" />
    <nd ref="9707025631" />
    <nd ref="12100643252" />
    <nd ref="12100643251" />
    <nd ref="12100643250" />
    <nd ref="892927054" />
    <nd ref="9707025635" />
    <tag k="landuse" v="construction" />
    <tag k="name" v="VeenIX" />
  </way>
  <way id="1151370720">
    <nd ref="10711231396" />
    <nd ref="10711231397" />
    <nd ref="10711231398" />
    <nd ref="10711231399" />
    <nd ref="10711231400" />
    <nd ref="10711231401" />
    <nd ref="10711231402" />
    <nd ref="10711231396" />
    <tag k="landuse" v="grass" />
  </way>
  <way id="1305447363">
    <nd ref="7309296285" />
    <nd ref="12090841444" />
    <nd ref="12090841450" />
    <nd ref="12090841449" />
    <nd ref="12090841443" />
    <nd ref="12090841445" />
    <nd ref="12090841447" />
    <nd ref="7309296285" />
    <tag k="landuse" v="grass" />
  </way>
  <way id="1307230707">
    <nd ref="12106054476" />
    <nd ref="12106054481" />
    <nd ref="892953740" />
    <nd ref="892949060" />
    <nd ref="12106054480" />
    <nd ref="12106054472" />
    <nd ref="12106054479" />
    <nd ref="12106054476" />
    <tag k="landuse" v="forest" />
    <tag k="leaf_type" v="broadleaved" />
  </way>
  <way id="1307230708">
    <nd ref="12106054480" />
    <nd ref="12106054472" />
    <nd ref="12106054471" />
    <nd ref="3924335058" />
    <nd ref="12106054477" />
    <nd ref="12106054478" />
    <nd ref="12106054473" />
    <nd ref="12106054475" />
    <nd ref="12106054474" />
    <nd ref="892904600" />
    <nd ref="892954672" />
    <nd ref="892898462" />
    <nd ref="892912062" />
    <nd ref="12106054480" />
    <tag k="landuse" v="grass" />
  </way>
  <way id="1462634713">
    <nd ref="13416308764" />
    <nd ref="13416308765" />
    <nd ref="13416308766" />
    <nd ref="13416308767" />
    <nd ref="13416308768" />
    <nd ref="13416308769" />
    <nd ref="13416308764" />
    <tag k="landuse" v="construction" />
  </way>
  <way id="1514576024">
    <nd ref="13834755895" />
    <nd ref="13834755894" />
    <nd ref="13834755893" />
    <nd ref="13834755892" />
    <nd ref="13834755891" />
    <nd ref="13834755895" />
    <tag k="addr:city" v="Amstelveen" />
    <tag k="addr:housenumber" v="7A" />
    <tag k="addr:postcode" v="1182GM" />
    <tag k="addr:street" v="Dr. Schaepmanlaan" />
    <tag k="amenity" v="school" />
    <tag k="branch" v="Noord" />
    <tag k="description" v="nieuwkomersonderwijs" />
    <tag k="education" v="school" />
    <tag k="email" v="infonoord@amsteltaal.nl" />
    <tag k="isced:level" v="0;1" />
    <tag k="landuse" v="education" />
    <tag k="name" v="Amsteltaal" />
    <tag k="operator" v="Amstelwijs" />
    <tag k="operator:website" v="https://www.amstelwijs.nl" />
    <tag k="operator:wikidata" v="Q139583682" />
    <tag k="phone" v="+31 20 8208993" />
    <tag k="school" v="primary" />
    <tag k="website" v="https://amsteltaal.nl" />
  </way>

<note>The data included in this document is from www.openstreetmap.org. The data is made available under ODbL.</note>
<meta osm_base="2026-09-03T09:12:41Z" />

  <node id="46241945" lat="52.3386390" lon="4.8254020">
    <tag k="description:nl" v="railinzetplaats" />
    <tag k="highway" v="turning_circle" />
    <tag k="railway" v="level_crossing" />
  </node>
  <node id="46244233" lat="52.3392103" lon="4.8217695" />
  <node id="46244235" lat="52.3393762" lon="4.8273034" />
  <node id="46248799" lat="52.3404101" lon="4.8201830" />
  <node id="46252023" lat="52.3409664" lon="4.8226254" />
  <node id="46256263" lat="52.3419655" lon="4.8226515" />
  <node id="46256732" lat="52.3423260" lon="4.8252050" />
  <node id="46258092" lat="52.3424021" lon="4.8258484" />
  <node id="46258094" lat="52.3423672" lon="4.8273112" />
  <node id="293889892" lat="52.3193050" lon="4.8702589" />
  <node id="293889893" lat="52.3194868" lon="4.8714189" />
  <node id="293889912" lat="52.3168653" lon="4.8746877" />
  <node id="293889913" lat="52.3165190" lon="4.8728510" />
  <node id="293889914" lat="52.3162199" lon="4.8712459" />
  <node id="293889915" lat="52.3170961" lon="4.8708082" />
  <node id="293889916" lat="52.3173795" lon="4.8711515" />
  <node id="293889917" lat="52.3179304" lon="4.8708940" />
  <node id="293889918" lat="52.3180668" lon="4.8704734" />
  <node id="293889919" lat="52.3183291" lon="4.8703533" />
  <node id="293889920" lat="52.3184236" lon="4.8705593" />
  <node id="298195325" lat="52.3174587" lon="4.8748783" />
  <node id="298196273" lat="52.3181747" lon="4.8718774" />
  <node id="298196274" lat="52.3183822" lon="4.8734449" />
  <node id="298196275" lat="52.3180359" lon="4.8736251" />
  <node id="298196276" lat="52.3181093" lon="4.8740457" />
  <node id="298196277" lat="52.3180621" lon="4.8740715" />
  <node id="298196278" lat="52.3181461" lon="4.8745178" />
  <node id="298196721" lat="52.3193025" lon="4.8714235" />
  <node id="298196722" lat="52.3190664" lon="4.8714595" />
  <node id="298196723" lat="52.3189109" lon="4.8715250" />
  <node id="298196725" lat="52.3185258" lon="4.8717029" />
  <node id="299963951" lat="52.3155769" lon="4.8812698" />
  <node id="299963965" lat="52.3060161" lon="4.8832439" />
  <node id="299963971" lat="52.3164642" lon="4.8569904" />
  <node id="299963974" lat="52.3091856" lon="4.8834843" />
  <node id="299963980" lat="52.3011361" lon="4.8818172" />
  <node id="299963982" lat="52.2979122" lon="4.8746437" />
  <node id="299963984" lat="52.3008830" lon="4.8804630" />
  <node id="299963986" lat="52.3035127" lon="4.8830723" />
  <node id="299963992" lat="52.3110905" lon="4.8832268" />
  <node id="299964009" lat="52.3125694" lon="4.8846037" />
  <node id="299964010" lat="52.2979804" lon="4.8784117" />
  <node id="299964012" lat="52.2977127" lon="4.8773989" />
  <node id="299964013" lat="52.3125883" lon="4.8837754" />
  <node id="299964041" lat="52.3106069" lon="4.8830845" />
  <node id="299964049" lat="52.3096098" lon="4.8832304" />
  <node id="299964067" lat="52.3021641" lon="4.8827646" />
  <node id="299964074" lat="52.3152907" lon="4.8838471" />
  <node id="299964090" lat="52.3216811" lon="4.8780730" />
  <node id="299964100" lat="52.3015245" lon="4.8826841" />
  <node id="299964105" lat="52.2986418" lon="4.8791842" />
  <node id="299964112" lat="52.3155529" lon="4.8838526" />
  <node id="299964116" lat="52.2990774" lon="4.8795704" />
  <node id="299964137" lat="52.3068098" lon="4.8833876" />
  <node id="299964149" lat="52.3214081" lon="4.8623831" />
  <node id="299964153" lat="52.3213813" lon="4.8610279" />
  <node id="299964155" lat="52.3215550" lon="4.8703740" />
  <node id="299964194" lat="52.3132077" lon="4.8837918" />
  <node id="299964273" lat="52.3164373" lon="4.8812012" />
  <node id="299964291" lat="52.3043839" lon="4.8831581" />
  <node id="299964298" lat="52.3167027" lon="4.8809179" />
  <node id="299964376" lat="52.3171621" lon="4.8809248" />
  <node id="299964386" lat="52.3035137" lon="4.8826926" />
  <node id="299964507" lat="52.3061893" lon="4.8832439" />
  <node id="299969570" lat="52.2987308" lon="4.8697869" />
  <node id="299969571" lat="52.3021456" lon="4.8718750" />
  <node id="299969573" lat="52.3029807" lon="4.8684987" />
  <node id="299969574" lat="52.3024645" lon="4.8680997" />
  <node id="299969575" lat="52.3030182" lon="4.8658436" />
  <node id="299969577" lat="52.3021079" lon="4.8653217" />
  <node id="299969578" lat="52.3027648" lon="4.8625438" />
  <node id="299969580" lat="52.3030839" lon="4.8626359" />
  <node id="299969581" lat="52.3039379" lon="4.8623136" />
  <node id="299969583" lat="52.3042664" lon="4.8607634" />
  <node id="299969585" lat="52.3043696" lon="4.8592593" />
  <node id="299969589" lat="52.3041913" lon="4.8583078" />
  <node id="300008028" lat="52.3200010" lon="4.8779669" />
  <node id="300008030" lat="52.3199777" lon="4.8760849" />
  <node id="300008032" lat="52.3198698" lon="4.8686981" />
  <node id="300008035" lat="52.3172361" lon="4.8790212" />
  <node id="300008036" lat="52.3166877" lon="4.8759153" />
  <node id="300008039" lat="52.3156296" lon="4.8699715" />
  <node id="300008348" lat="52.3153442" lon="4.8569243" />
  <node id="301439989" lat="52.3192290" lon="4.8690122" />
  <node id="304482550" lat="52.3042392" lon="4.8576667" />
  <node id="304482551" lat="52.3050125" lon="4.8572042" />
  <node id="304482552" lat="52.3064635" lon="4.8572115" />
  <node id="304482553" lat="52.3064815" lon="4.8567927" />
  <node id="304482554" lat="52.3066163" lon="4.8566899" />
  <node id="304482555" lat="52.3109765" lon="4.8567443" />
  <node id="304483584" lat="52.3122537" lon="4.8716144" />
  <node id="304483585" lat="52.3107894" lon="4.8719538" />
  <node id="304483586" lat="52.3070805" lon="4.8718930" />
  <node id="304483588" lat="52.3046415" lon="4.8718755" />
  <node id="304483589" lat="52.3035961" lon="4.8712866" />
  <node id="304483590" lat="52.3037612" lon="4.8704696" />
  <node id="304483592" lat="52.3034849" lon="4.8702859" />
  <node id="304483593" lat="52.3025362" lon="4.8702375" />
  <node id="304483594" lat="52.3027748" lon="4.8724112" />
  <node id="304483595" lat="52.3024024" lon="4.8738937" />
  <node id="304483597" lat="52.3034698" lon="4.8743883" />
  <node id="304483598" lat="52.3064581" lon="4.8744077" />
  <node id="304483599" lat="52.3064344" lon="4.8759010" />
  <node id="304483600" lat="52.3069028" lon="4.8759592" />
  <node id="304483602" lat="52.3068553" lon="4.8777822" />
  <node id="304483603" lat="52.3079937" lon="4.8778113" />
  <node id="304483604" lat="52.3080115" lon="4.8763082" />
  <node id="304483606" lat="52.3086221" lon="4.8763082" />
  <node id="304483607" lat="52.3086636" lon="4.8732052" />
  <node id="304483608" lat="52.3117207" lon="4.8728491" />
  <node id="304483609" lat="52.3124090" lon="4.8727417" />
  <node id="304483611" lat="52.3158170" lon="4.8712320" />
  <node id="305149978" lat="52.3158675" lon="4.8678793">
    <tag k="amenity" v="post_box" />
  </node>
  <node id="310234097" lat="52.3213073" lon="4.8568336" />
  <node id="314412837" lat="52.3404301" lon="4.8221270" />
  <node id="420538109" lat="52.3414166" lon="4.8273087" />
  <node id="540232349" lat="52.3074560" lon="4.8664729" />
  <node id="563351542" lat="52.3213387" lon="4.8576576" />
  <node id="563351547" lat="52.3215967" lon="4.8577344" />
  <node id="563351551" lat="52.3216588" lon="4.8608162" />
  <node id="638364489" lat="52.3166558" lon="4.8757532" />
  <node id="693400816" lat="52.3170238" lon="4.8683570" />
  <node id="693410602" lat="52.3136047" lon="4.8711099" />
  <node id="693417378" lat="52.3152387" lon="4.8639757" />
  <node id="693425420" lat="52.3150794" lon="4.8679715" />
  <node id="693427090" lat="52.3170140" lon="4.8682364" />
  <node id="693428481" lat="52.3142895" lon="4.8725500" />
  <node id="693434392" lat="52.3032293" lon="4.8650866" />
  <node id="693485825" lat="52.3170120" lon="4.8680462" />
  <node id="724099195" lat="52.3166623" lon="4.8757861" />
  <node id="881329521" lat="52.3403903" lon="4.8272459" />
  <node id="881333412" lat="52.3390077" lon="4.8262694" />
  <node id="881338814" lat="52.3389467" lon="4.8229483" />
  <node id="881341804" lat="52.3390799" lon="4.8227445" />
  <node id="881348150" lat="52.3391496" lon="4.8271669" />
  <node id="881351776" lat="52.3402218" lon="4.8272623" />
  <node id="881356420" lat="52.3390274" lon="4.8272716" />
  <node id="881359812" lat="52.3412437" lon="4.8273832" />
  <node id="881367446" lat="52.3390793" lon="4.8218261" />
  <node id="881374191" lat="52.3391474" lon="4.8264262" />
  <node id="881381818" lat="52.3389220" lon="4.8218273" />
  <node id="881397385" lat="52.3390026" lon="4.8218274" />
  <node id="881399278" lat="52.3423770" lon="4.8272857" />
  <node id="881405144" lat="52.3389700" lon="4.8239388" />
  <node id="881409762" lat="52.3390689" lon="4.8272699" />
  <node id="881411622" lat="52.3389299" lon="4.8221293" />
  <node id="881416364" lat="52.3392155" lon="4.8273787" />
  <node id="881419406" lat="52.3391341" lon="4.8272197" />
  <node id="881420714" lat="52.3395031" lon="4.8273690" />
  <node id="881424192" lat="52.3389712" lon="4.8241937" />
  <node id="881429148" lat="52.3390972" lon="4.8272557" />
  <node id="881432405" lat="52.3389354" lon="4.8223373" />
  <node id="881436412" lat="52.3391246" lon="4.8244913" />
  <node id="892893835" lat="52.3160462" lon="4.8231617" />
  <node id="892893958" lat="52.3129194" lon="4.8286905" />
  <node id="892894117" lat="52.3147386" lon="4.8255006" />
  <node id="892894195" lat="52.3152897" lon="4.8231510" />
  <node id="892894285" lat="52.3167983" lon="4.8242080" />
  <node id="892894741" lat="52.3156665" lon="4.8241176" />
  <node id="892894794" lat="52.3147661" lon="4.8288055" />
  <node id="892895214" lat="52.3168685" lon="4.8239921" />
  <node id="892895426" lat="52.3148542" lon="4.8269448" />
  <node id="892895596" lat="52.3147143" lon="4.8233358" />
  <node id="892895635" lat="52.3149037" lon="4.8241184" />
  <node id="892895660" lat="52.3171202" lon="4.8259830" />
  <node id="892895735" lat="52.3147503" lon="4.8283712" />
  <node id="892895836" lat="52.3163438" lon="4.8239759" />
  <node id="892895873" lat="52.3144019" lon="4.8257357" />
  <node id="892896029" lat="52.3171632" lon="4.8254914" />
  <node id="892896061" lat="52.3149457" lon="4.8235341" />
  <node id="892896146" lat="52.3170904" lon="4.8241361" />
  <node id="892896302" lat="52.3144705" lon="4.8275406" />
  <node id="892896358" lat="52.3143750" lon="4.8243994" />
  <node id="892898019" lat="52.3161312" lon="4.8264003" />
  <node id="892898615" lat="52.3144424" lon="4.8265800" />
  <node id="892898704" lat="52.3166626" lon="4.8258171" />
  <node id="892898846" lat="52.3164705" lon="4.8237921" />
  <node id="892898919" lat="52.3157460" lon="4.8268338" />
  <node id="892899051" lat="52.3144112" lon="4.8273626" />
  <node id="892899130" lat="52.3149703" lon="4.8248435" />
  <node id="892899217" lat="52.3169518" lon="4.8243257" />
  <node id="892899500" lat="52.3156769" lon="4.8246602" />
  <node id="892899572" lat="52.3169035" lon="4.8249928" />
  <node id="892899597" lat="52.3160664" lon="4.8235722" />
  <node id="892899624" lat="52.3153527" lon="4.8230108" />
  <node id="892899726" lat="52.3162836" lon="4.8249479" />
  <node id="892900087" lat="52.3152084" lon="4.8235726" />
  <node id="892900100" lat="52.3150147" lon="4.8235562" />
  <node id="892900406" lat="52.3130247" lon="4.8277966" />
  <node id="892900515" lat="52.3148363" lon="4.8239995" />
  <node id="892900659" lat="52.3147941" lon="4.8254691" />
  <node id="892900828" lat="52.3130309" lon="4.8275141" />
  <node id="892901118" lat="52.3151068" lon="4.8233417" />
  <node id="892901537" lat="52.3148985" lon="4.8235923" />
  <node id="892901790" lat="52.3144772" lon="4.8240706" />
  <node id="892901926" lat="52.3147212" lon="4.8256503" />
  <node id="892902093" lat="52.3171227" lon="4.8238129" />
  <node id="892902787" lat="52.3147986" lon="4.8253427" />
  <node id="892902991" lat="52.3151933" lon="4.8240213" />
  <node id="892903228" lat="52.3167914" lon="4.8260115" />
  <node id="892903491" lat="52.3142807" lon="4.8258382" />
  <node id="892903565" lat="52.3157352" lon="4.8245676" />
  <node id="892903583" lat="52.3132867" lon="4.8291483" />
  <node id="892903654" lat="52.3145329" lon="4.8268405" />
  <node id="892903987" lat="52.3165411" lon="4.8288427" />
  <node id="892903997" lat="52.3167646" lon="4.8239371" />
  <node id="892904182" lat="52.3148918" lon="4.8280082" />
  <node id="892904216" lat="52.3160415" lon="4.8221732" />
  <node id="892904354" lat="52.3151424" lon="4.8233737" />
  <node id="892904628" lat="52.3146790" lon="4.8280251" />
  <node id="892904742" lat="52.3143559" lon="4.8276042" />
  <node id="892904978" lat="52.3176927" lon="4.8283620" />
  <node id="892905010" lat="52.3133369" lon="4.8239202" />
  <node id="892905118" lat="52.3142731" lon="4.8284905" />
  <node id="892905253" lat="52.3148516" lon="4.8263955" />
  <node id="892905264" lat="52.3145260" lon="4.8258576" />
  <node id="892905605" lat="52.3157705" lon="4.8267108" />
  <node id="892905953" lat="52.3167186" lon="4.8240439" />
  <node id="892906017" lat="52.3149029" lon="4.8246894" />
  <node id="892906140" lat="52.3156031" lon="4.8247516" />
  <node id="892906272" lat="52.3164227" lon="4.8237742" />
  <node id="892906411" lat="52.3163469" lon="4.8236822" />
  <node id="892906481" lat="52.3146314" lon="4.8255123" />
  <node id="892906569" lat="52.3173279" lon="4.8285449" />
  <node id="892906648" lat="52.3144647" lon="4.8240214" />
  <node id="892906730" lat="52.3144148" lon="4.8272209" />
  <node id="892906914" lat="52.3154977" lon="4.8240168" />
  <node id="892907008" lat="52.3165894" lon="4.8261295" />
  <node id="892907245" lat="52.3171213" lon="4.8252807" />
  <node id="892907423" lat="52.3145205" lon="4.8275383" />
  <node id="892907531" lat="52.3144384" lon="4.8276385" />
  <node id="892907560" lat="52.3149086" lon="4.8253257" />
  <node id="892907604" lat="52.3144873" lon="4.8258171" />
  <node id="892908034" lat="52.3156999" lon="4.8266970" />
  <node id="892908155" lat="52.3163123" lon="4.8243342" />
  <node id="892908192" lat="52.3148802" lon="4.8256251" />
  <node id="892908497" lat="52.3161109" lon="4.8224325" />
  <node id="892908554" lat="52.3152185" lon="4.8238462" />
  <node id="892908725" lat="52.3147168" lon="4.8245975" />
  <node id="892909070" lat="52.3155582" lon="4.8247710" />
  <node id="892909213" lat="52.3154804" lon="4.8259380" />
  <node id="892909383" lat="52.3144653" lon="4.8289869" />
  <node id="892909749" lat="52.3150522" lon="4.8247033" />
  <node id="892909814" lat="52.3150184" lon="4.8249736" />
  <node id="892909898" lat="52.3171013" lon="4.8284121" />
  <node id="892910101" lat="52.3163513" lon="4.8275637" />
  <node id="892910286" lat="52.3164095" lon="4.8262344" />
  <node id="892910322" lat="52.3129011" lon="4.8253562" />
  <node id="892910330" lat="52.3176857" lon="4.8251835" />
  <node id="892910390" lat="52.3152718" lon="4.8231630" />
  <node id="892910398" lat="52.3143990" lon="4.8291095" />
  <node id="892910426" lat="52.3148514" lon="4.8243006" />
  <node id="892910463" lat="52.3170695" lon="4.8240828" />
  <node id="892910474" lat="52.3146543" lon="4.8269953" />
  <node id="892910702" lat="52.3148654" lon="4.8258824" />
  <node id="892910765" lat="52.3148027" lon="4.8251394" />
  <node id="892910840" lat="52.3160116" lon="4.8221512" />
  <node id="892911014" lat="52.3144197" lon="4.8251711" />
  <node id="892911202" lat="52.3150312" lon="4.8247875" />
  <node id="892911509" lat="52.3151135" lon="4.8234399" />
  <node id="892911692" lat="52.3150647" lon="4.8247990" />
  <node id="892911754" lat="52.3145381" lon="4.8259882" />
  <node id="892911774" lat="52.3170212" lon="4.8250888" />
  <node id="892911809" lat="52.3147110" lon="4.8261804" />
  <node id="892911860" lat="52.3158773" lon="4.8221530" />
  <node id="892911936" lat="52.3170134" lon="4.8238832" />
  <node id="892911996" lat="52.3162115" lon="4.8243174" />
  <node id="892912152" lat="52.3147696" lon="4.8255105" />
  <node id="892912174" lat="52.3165471" lon="4.8257713" />
  <node id="892912402" lat="52.3147729" lon="4.8285833" />
  <node id="892912555" lat="52.3146661" lon="4.8256997" />
  <node id="892912616" lat="52.3161078" lon="4.8234223" />
  <node id="892912704" lat="52.3144283" lon="4.8254999" />
  <node id="892913228" lat="52.3167299" lon="4.8244558" />
  <node id="892913950" lat="52.3145663" lon="4.8261112" />
  <node id="892914031" lat="52.3167763" lon="4.8286422" />
  <node id="892914098" lat="52.3150283" lon="4.8248999" />
  <node id="892914307" lat="52.3149562" lon="4.8278444" />
  <node id="892914464" lat="52.3161253" lon="4.8225587" />
  <node id="892914697" lat="52.3147426" lon="4.8241245" />
  <node id="892914970" lat="52.3148024" lon="4.8242271" />
  <node id="892915099" lat="52.3160810" lon="4.8273010" />
  <node id="892915103" lat="52.3150518" lon="4.8241950" />
  <node id="892915354" lat="52.3146388" lon="4.8264168" />
  <node id="892915755" lat="52.3152300" lon="4.8288538" />
  <node id="892915927" lat="52.3165334" lon="4.8245307" />
  <node id="892915936" lat="52.3142183" lon="4.8278891" />
  <node id="892916041" lat="52.3161453" lon="4.8234468" />
  <node id="892916412" lat="52.3145650" lon="4.8255953" />
  <node id="892916628" lat="52.3167319" lon="4.8279246" />
  <node id="892916858" lat="52.3168898" lon="4.8259774" />
  <node id="892916909" lat="52.3151645" lon="4.8237488" />
  <node id="892916951" lat="52.3149923" lon="4.8247776" />
  <node id="892917045" lat="52.3154901" lon="4.8222286" />
  <node id="892917471" lat="52.3153710" lon="4.8288461" />
  <node id="892917513" lat="52.3150974" lon="4.8232829" />
  <node id="892917752" lat="52.3153251" lon="4.8253834" />
  <node id="892917780" lat="52.3151694" lon="4.8242944" />
  <node id="892918078" lat="52.3163725" lon="4.8237934" />
  <node id="892918298" lat="52.3142194" lon="4.8239822" />
  <node id="892918351" lat="52.3145721" lon="4.8255301" />
  <node id="892918370" lat="52.3153401" lon="4.8231679" />
  <node id="892918433" lat="52.3147201" lon="4.8255651" />
  <node id="892918476" lat="52.3150160" lon="4.8225347" />
  <node id="892918685" lat="52.3147630" lon="4.8243558" />
  <node id="892918822" lat="52.3151614" lon="4.8250223" />
  <node id="892918839" lat="52.3132390" lon="4.8255463" />
  <node id="892918929" lat="52.3155712" lon="4.8244227" />
  <node id="892918958" lat="52.3143583" lon="4.8257250" />
  <node id="892919011" lat="52.3146906" lon="4.8247622" />
  <node id="892919219" lat="52.3144831" lon="4.8288895" />
  <node id="892919234" lat="52.3170904" lon="4.8261839" />
  <node id="892919255" lat="52.3153373" lon="4.8255054" />
  <node id="892919311" lat="52.3171717" lon="4.8256836" />
  <node id="892919536" lat="52.3153134" lon="4.8248139" />
  <node id="892919666" lat="52.3157650" lon="4.8249309" />
  <node id="892919807" lat="52.3164782" lon="4.8256549" />
  <node id="892919865" lat="52.3172970" lon="4.8275476" />
  <node id="892919879" lat="52.3148373" lon="4.8249396" />
  <node id="892919996" lat="52.3142923" lon="4.8240133" />
  <node id="892920133" lat="52.3166807" lon="4.8238851" />
  <node id="892920163" lat="52.3145355" lon="4.8279702" />
  <node id="892920230" lat="52.3141751" lon="4.8240648" />
  <node id="892920368" lat="52.3130028" lon="4.8274439" />
  <node id="892920407" lat="52.3146858" lon="4.8249641" />
  <node id="892920707" lat="52.3147075" lon="4.8234291" />
  <node id="892920829" lat="52.3144332" lon="4.8251260" />
  <node id="892920933" lat="52.3150123" lon="4.8226541" />
  <node id="892921107" lat="52.3148589" lon="4.8259954" />
  <node id="892921243" lat="52.3172093" lon="4.8286456" />
  <node id="892921372" lat="52.3154416" lon="4.8247984" />
  <node id="892922060" lat="52.3163967" lon="4.8261834" />
  <node id="892922241" lat="52.3153220" lon="4.8231388" />
  <node id="892922269" lat="52.3148037" lon="4.8238426" />
  <node id="892922277" lat="52.3166458" lon="4.8242211" />
  <node id="892922347" lat="52.3144492" lon="4.8240063" />
  <node id="892922522" lat="52.3162991" lon="4.8236605" />
  <node id="892922607" lat="52.3152039" lon="4.8237735" />
  <node id="892922637" lat="52.3168443" lon="4.8243987" />
  <node id="892922684" lat="52.3144309" lon="4.8241285" />
  <node id="892922701" lat="52.3169314" lon="4.8243847" />
  <node id="892922804" lat="52.3166012" lon="4.8244739" />
  <node id="892922837" lat="52.3154565" lon="4.8239195" />
  <node id="892923010" lat="52.3167761" lon="4.8286024" />
  <node id="892923063" lat="52.3144208" lon="4.8252373" />
  <node id="892923113" lat="52.3150928" lon="4.8237791" />
  <node id="892923202" lat="52.3145672" lon="4.8263205" />
  <node id="892923267" lat="52.3170402" lon="4.8258825" />
  <node id="892923285" lat="52.3142508" lon="4.8283562" />
  <node id="892923358" lat="52.3170730" lon="4.8237825" />
  <node id="892923960" lat="52.3147962" lon="4.8244833" />
  <node id="892923997" lat="52.3141810" lon="4.8241194" />
  <node id="892924084" lat="52.3153255" lon="4.8224002" />
  <node id="892924107" lat="52.3149123" lon="4.8266526" />
  <node id="892924169" lat="52.3148314" lon="4.8244668" />
  <node id="892924315" lat="52.3151537" lon="4.8225373" />
  <node id="892924342" lat="52.3147755" lon="4.8238072" />
  <node id="892924381" lat="52.3171444" lon="4.8258527" />
  <node id="892924420" lat="52.3129313" lon="4.8284910" />
  <node id="892925108" lat="52.3151629" lon="4.8245050" />
  <node id="892925116" lat="52.3150854" lon="4.8225265" />
  <node id="892925134" lat="52.3170367" lon="4.8282764" />
  <node id="892925333" lat="52.3145345" lon="4.8255878" />
  <node id="892925386" lat="52.3151537" lon="4.8248329" />
  <node id="892925565" lat="52.3144478" lon="4.8286795" />
  <node id="892925638" lat="52.3151902" lon="4.8239017" />
  <node id="892925762" lat="52.3164564" lon="4.8236696" />
  <node id="892925844" lat="52.3147023" lon="4.8246683" />
  <node id="892925933" lat="52.3158247" lon="4.8221314" />
  <node id="892926056" lat="52.3149639" lon="4.8285880" />
  <node id="892926120" lat="52.3157671" lon="4.8241927" />
  <node id="892926216" lat="52.3159099" lon="4.8241481" />
  <node id="892926246" lat="52.3151980" lon="4.8225906" />
  <node id="892926283" lat="52.3169999" lon="4.8259694" />
  <node id="892926363" lat="52.3158069" lon="4.8241052" />
  <node id="892926414" lat="52.3159382" lon="4.8242179" />
  <node id="892926493" lat="52.3142725" lon="4.8239907" />
  <node id="892926506" lat="52.3167888" lon="4.8241115" />
  <node id="892927016" lat="52.3144696" lon="4.8255741" />
  <node id="892927048" lat="52.3166699" lon="4.8245071" />
  <node id="892927230" lat="52.3174660" lon="4.8284771" />
  <node id="892927266" lat="52.3166676" lon="4.8260242" />
  <node id="892927329" lat="52.3148054" lon="4.8243517" />
  <node id="892927375" lat="52.3144096" lon="4.8264234" />
  <node id="892927456" lat="52.3167868" lon="4.8259639" />
  <node id="892927462" lat="52.3148848" lon="4.8238432" />
  <node id="892927510" lat="52.3156822" lon="4.8239911" />
  <node id="892927520" lat="52.3166632" lon="4.8257288" />
  <node id="892927568" lat="52.3129044" lon="4.8255244" />
  <node id="892927634" lat="52.3166368" lon="4.8250517" />
  <node id="892927702" lat="52.3152433" lon="4.8249077" />
  <node id="892927725" lat="52.3154532" lon="4.8233587" />
  <node id="892927822" lat="52.3145140" lon="4.8256423" />
  <node id="892927924" lat="52.3153275" lon="4.8228282" />
  <node id="892928675" lat="52.3170752" lon="4.8288738" />
  <node id="892928825" lat="52.3164997" lon="4.8241487" />
  <node id="892928899" lat="52.3145485" lon="4.8262236" />
  <node id="892928907" lat="52.3167448" lon="4.8239523" />
  <node id="892928944" lat="52.3156452" lon="4.8222415" />
  <node id="892929012" lat="52.3147665" lon="4.8290651" />
  <node id="892929165" lat="52.3141805" lon="4.8240237" />
  <node id="892929234" lat="52.3144511" lon="4.8275250" />
  <node id="892929318" lat="52.3144587" lon="4.8240972" />
  <node id="892929358" lat="52.3144907" lon="4.8276449" />
  <node id="892929444" lat="52.3133698" lon="4.8240185" />
  <node id="892929493" lat="52.3145609" lon="4.8250326" />
  <node id="892929501" lat="52.3152434" lon="4.8239758" />
  <node id="892929637" lat="52.3161143" lon="4.8254600" />
  <node id="892930123" lat="52.3171462" lon="4.8287348" />
  <node id="892930219" lat="52.3171449" lon="4.8258047" />
  <node id="892930397" lat="52.3147562" lon="4.8236493" />
  <node id="892930421" lat="52.3159444" lon="4.8241683" />
  <node id="892930724" lat="52.3161696" lon="4.8253647" />
  <node id="892930841" lat="52.3137837" lon="4.8291506" />
  <node id="892931059" lat="52.3144314" lon="4.8270508" />
  <node id="892931124" lat="52.3142600" lon="4.8243051" />
  <node id="892931152" lat="52.3159523" lon="4.8221409" />
  <node id="892931780" lat="52.3169327" lon="4.8280884" />
  <node id="892931795" lat="52.3155403" lon="4.8247491" />
  <node id="892932104" lat="52.3151174" lon="4.8244819" />
  <node id="892932141" lat="52.3174764" lon="4.8279431" />
  <node id="892932352" lat="52.3153743" lon="4.8256239" />
  <node id="892932576" lat="52.3149164" lon="4.8260395" />
  <node id="892932777" lat="52.3142263" lon="4.8242555" />
  <node id="892932918" lat="52.3158460" lon="4.8243551" />
  <node id="892933051" lat="52.3163941" lon="4.8250034" />
  <node id="892933101" lat="52.3148813" lon="4.8285891" />
  <node id="892933172" lat="52.3147276" lon="4.8282157" />
  <node id="892933769" lat="52.3156348" lon="4.8244904" />
  <node id="892933844" lat="52.3152145" lon="4.8242874" />
  <node id="892934097" lat="52.3153949" lon="4.8233490" />
  <node id="892934122" lat="52.3129423" lon="4.8256264" />
  <node id="892934243" lat="52.3153759" lon="4.8255237" />
  <node id="892934563" lat="52.3160805" lon="4.8222805" />
  <node id="892934856" lat="52.3167724" lon="4.8287021" />
  <node id="892935230" lat="52.3165218" lon="4.8250395" />
  <node id="892935251" lat="52.3155036" lon="4.8261014" />
  <node id="892935330" lat="52.3162509" lon="4.8255764" />
  <node id="892935442" lat="52.3161704" lon="4.8248845" />
  <node id="892935519" lat="52.3148561" lon="4.8245395" />
  <node id="892935973" lat="52.3154183" lon="4.8222525" />
  <node id="892936097" lat="52.3129283" lon="4.8289104" />
  <node id="892936294" lat="52.3144880" lon="4.8250693" />
  <node id="892936317" lat="52.3146966" lon="4.8280814" />
  <node id="892936496" lat="52.3154543" lon="4.8240198" />
  <node id="892936512" lat="52.3175736" lon="4.8255816" />
  <node id="892936551" lat="52.3144164" lon="4.8241718" />
  <node id="892936559" lat="52.3144380" lon="4.8290508" />
  <node id="892936734" lat="52.3170148" lon="4.8242419" />
  <node id="892936782" lat="52.3159765" lon="4.8265369" />
  <node id="892936805" lat="52.3156892" lon="4.8265541" />
  <node id="892936835" lat="52.3147426" lon="4.8245358" />
  <node id="892936871" lat="52.3146915" lon="4.8248337" />
  <node id="892936886" lat="52.3175060" lon="4.8259555" />
  <node id="892936980" lat="52.3167607" lon="4.8287755" />
  <node id="892937039" lat="52.3155481" lon="4.8245444" />
  <node id="892937082" lat="52.3131321" lon="4.8257308" />
  <node id="892937177" lat="52.3144683" lon="4.8275532" />
  <node id="892937222" lat="52.3129485" lon="4.8291315" />
  <node id="892937634" lat="52.3148288" lon="4.8238103" />
  <node id="892937671" lat="52.3156578" lon="4.8248877" />
  <node id="892937710" lat="52.3158071" lon="4.8251665" />
  <node id="892937871" lat="52.3155214" lon="4.8244174" />
  <node id="892937975" lat="52.3155458" lon="4.8261549" />
  <node id="892938157" lat="52.3144315" lon="4.8276646" />
  <node id="892938181" lat="52.3166514" lon="4.8239795" />
  <node id="892938275" lat="52.3143124" lon="4.8257631" />
  <node id="892938310" lat="52.3169387" lon="4.8239747" />
  <node id="892938417" lat="52.3148019" lon="4.8241499" />
  <node id="892938449" lat="52.3147813" lon="4.8251362" />
  <node id="892938476" lat="52.3128725" lon="4.8273999" />
  <node id="892938601" lat="52.3144812" lon="4.8274751" />
  <node id="892938665" lat="52.3162492" lon="4.8263550" />
  <node id="892938721" lat="52.3155578" lon="4.8245998" />
  <node id="892938764" lat="52.3147514" lon="4.8255332" />
  <node id="892938804" lat="52.3156546" lon="4.8264608" />
  <node id="892938815" lat="52.3148824" lon="4.8244323" />
  <node id="892938818" lat="52.3144246" lon="4.8274545" />
  <node id="892938833" lat="52.3142446" lon="4.8239728" />
  <node id="892938851" lat="52.3146986" lon="4.8252578" />
  <node id="892938914" lat="52.3157843" lon="4.8220797" />
  <node id="892938930" lat="52.3148146" lon="4.8258314" />
  <node id="892939028" lat="52.3146149" lon="4.8280172" />
  <node id="892939059" lat="52.3170516" lon="4.8242717" />
  <node id="892939170" lat="52.3153089" lon="4.8226877" />
  <node id="892939315" lat="52.3149322" lon="4.8243913" />
  <node id="892939499" lat="52.3159992" lon="4.8238537" />
  <node id="892939598" lat="52.3157282" lon="4.8242787" />
  <node id="892939629" lat="52.3148442" lon="4.8249922" />
  <node id="892939757" lat="52.3161358" lon="4.8229319" />
  <node id="892940096" lat="52.3142766" lon="4.8259243" />
  <node id="892940113" lat="52.3167463" lon="4.8250199" />
  <node id="892940635" lat="52.3176713" lon="4.8283118" />
  <node id="892940978" lat="52.3159916" lon="4.8253633" />
  <node id="892941100" lat="52.3147146" lon="4.8254269" />
  <node id="892941151" lat="52.3156918" lon="4.8243594" />
  <node id="892941605" lat="52.3146584" lon="4.8280171" />
  <node id="892941968" lat="52.3145831" lon="4.8277707" />
  <node id="892941986" lat="52.3150429" lon="4.8287783" />
  <node id="892942025" lat="52.3165603" lon="4.8260793" />
  <node id="892942156" lat="52.3158628" lon="4.8239409" />
  <node id="892942175" lat="52.3148099" lon="4.8239573" />
  <node id="892942196" lat="52.3171441" lon="4.8241650" />
  <node id="892942238" lat="52.3168356" lon="4.8257961" />
  <node id="892942286" lat="52.3148908" lon="4.8244812" />
  <node id="892942328" lat="52.3147148" lon="4.8255748" />
  <node id="892942415" lat="52.3142628" lon="4.8281011" />
  <node id="892942431" lat="52.3146056" lon="4.8262266" />
  <node id="892942557" lat="52.3146670" lon="4.8255413" />
  <node id="892942587" lat="52.3146925" lon="4.8250985" />
  <node id="892942618" lat="52.3171462" lon="4.8238770" />
  <node id="892942622" lat="52.3170809" lon="4.8264084" />
  <node id="892942638" lat="52.3152743" lon="4.8237635" />
  <node id="892942679" lat="52.3153372" lon="4.8237369" />
  <node id="892942697" lat="52.3145511" lon="4.8248779" />
  <node id="892942733" lat="52.3153720" lon="4.8223118" />
  <node id="892942803" lat="52.3168571" lon="4.8239664" />
  <node id="892942968" lat="52.3167472" lon="4.8285429" />
  <node id="892943079" lat="52.3151915" lon="4.8241596" />
  <node id="892943149" lat="52.3147091" lon="4.8242483" />
  <node id="892943197" lat="52.3145746" lon="4.8245001" />
  <node id="892943247" lat="52.3143288" lon="4.8240857" />
  <node id="892943390" lat="52.3167439" lon="4.8242310" />
  <node id="892943399" lat="52.3145043" lon="4.8260820" />
  <node id="892943432" lat="52.3160182" lon="4.8252404" />
  <node id="892943528" lat="52.3142215" lon="4.8276767" />
  <node id="892943589" lat="52.3171404" lon="4.8238351" />
  <node id="892943600" lat="52.3146620" lon="4.8254285" />
  <node id="892943636" lat="52.3148392" lon="4.8288233" />
  <node id="892943714" lat="52.3150971" lon="4.8239710" />
  <node id="892943721" lat="52.3147806" lon="4.8253072" />
  <node id="892943742" lat="52.3150654" lon="4.8236416" />
  <node id="892943766" lat="52.3170681" lon="4.8251390" />
  <node id="892943832" lat="52.3160648" lon="4.8264899" />
  <node id="892943848" lat="52.3151127" lon="4.8249044" />
  <node id="892943903" lat="52.3151477" lon="4.8236406" />
  <node id="892943941" lat="52.3146537" lon="4.8233056" />
  <node id="892943979" lat="52.3149575" lon="4.8250485" />
  <node id="892944061" lat="52.3149503" lon="4.8246961" />
  <node id="892944087" lat="52.3158096" lon="4.8244499" />
  <node id="892944242" lat="52.3145098" lon="4.8245798" />
  <node id="892944288" lat="52.3144508" lon="4.8245031" />
  <node id="892944380" lat="52.3149906" lon="4.8287010" />
  <node id="892944434" lat="52.3145413" lon="4.8257115" />
  <node id="892944495" lat="52.3126695" lon="4.8274730" />
  <node id="892944524" lat="52.3145050" lon="4.8279493" />
  <node id="892944530" lat="52.3149945" lon="4.8248544" />
  <node id="892944556" lat="52.3129708" lon="4.8282290" />
  <node id="892944712" lat="52.3149095" lon="4.8239772" />
  <node id="892944792" lat="52.3167540" lon="4.8258538" />
  <node id="892944844" lat="52.3170577" lon="4.8241845" />
  <node id="892944895" lat="52.3155799" lon="4.8239193" />
  <node id="892944909" lat="52.3170942" lon="4.8252018" />
  <node id="892945095" lat="52.3152945" lon="4.8253726" />
  <node id="892945298" lat="52.3143475" lon="4.8286170" />
  <node id="892945493" lat="52.3144832" lon="4.8279071" />
  <node id="892945532" lat="52.3164139" lon="4.8244891" />
  <node id="892945688" lat="52.3151292" lon="4.8235415" />
  <node id="892945938" lat="52.3131935" lon="4.8256590" />
  <node id="892945950" lat="52.3147203" lon="4.8232902" />
  <node id="892946082" lat="52.3149906" lon="4.8235379" />
  <node id="892946128" lat="52.3129591" lon="4.8274029" />
  <node id="892946226" lat="52.3171458" lon="4.8253612" />
  <node id="892946238" lat="52.3143025" lon="4.8260436" />
  <node id="892946441" lat="52.3155915" lon="4.8237661" />
  <node id="892946513" lat="52.3157837" lon="4.8267901" />
  <node id="892946902" lat="52.3147453" lon="4.8289609" />
  <node id="892947257" lat="52.3160024" lon="4.8246808" />
  <node id="892947348" lat="52.3155346" lon="4.8242127" />
  <node id="892947377" lat="52.3165227" lon="4.8237171" />
  <node id="892947382" lat="52.3154304" lon="4.8258402" />
  <node id="892947530" lat="52.3144649" lon="4.8277231" />
  <node id="892947571" lat="52.3148233" lon="4.8241905" />
  <node id="892947597" lat="52.3146151" lon="4.8255602" />
  <node id="892947730" lat="52.3151768" lon="4.8249111" />
  <node id="892947851" lat="52.3148918" lon="4.8249188" />
  <node id="892948006" lat="52.3156532" lon="4.8247155" />
  <node id="892948583" lat="52.3149982" lon="4.8227877" />
  <node id="892948677" lat="52.3165968" lon="4.8277854" />
  <node id="892949128" lat="52.3149772" lon="4.8253473" />
  <node id="892949260" lat="52.3147512" lon="4.8291003" />
  <node id="892949404" lat="52.3171469" lon="4.8270050" />
  <node id="892949472" lat="52.3143067" lon="4.8291535" />
  <node id="892949741" lat="52.3145665" lon="4.8246324" />
  <node id="892949841" lat="52.3160812" lon="4.8248338" />
  <node id="892949921" lat="52.3158937" lon="4.8242023" />
  <node id="892950056" lat="52.3146175" lon="4.8263086" />
  <node id="892950070" lat="52.3163273" lon="4.8238683" />
  <node id="892950345" lat="52.3155521" lon="4.8262370" />
  <node id="892950464" lat="52.3142536" lon="4.8279949" />
  <node id="892950576" lat="52.3142177" lon="4.8277617" />
  <node id="892950581" lat="52.3158775" lon="4.8250744" />
  <node id="892950714" lat="52.3125903" lon="4.8260988" />
  <node id="892950802" lat="52.3144364" lon="4.8239833" />
  <node id="892951389" lat="52.3172065" lon="4.8272263" />
  <node id="892951397" lat="52.3154897" lon="4.8241829" />
  <node id="892951493" lat="52.3152417" lon="4.8240992" />
  <node id="892951694" lat="52.3168074" lon="4.8241708" />
  <node id="892951823" lat="52.3149401" lon="4.8248100" />
  <node id="892951844" lat="52.3167354" lon="4.8288421" />
  <node id="892951856" lat="52.3152200" lon="4.8251985" />
  <node id="892952032" lat="52.3152088" lon="4.8227945" />
  <node id="892952079" lat="52.3143036" lon="4.8275835" />
  <node id="892952294" lat="52.3143682" lon="4.8241535" />
  <node id="892952352" lat="52.3144922" lon="4.8259439" />
  <node id="892952384" lat="52.3149300" lon="4.8274709" />
  <node id="892952460" lat="52.3149600" lon="4.8230952" />
  <node id="892952480" lat="52.3147445" lon="4.8237557" />
  <node id="892952685" lat="52.3152407" lon="4.8248261" />
  <node id="892952752" lat="52.3166411" lon="4.8285043" />
  <node id="892952936" lat="52.3143040" lon="4.8285680" />
  <node id="892953030" lat="52.3147259" lon="4.8243216" />
  <node id="892953053" lat="52.3149954" lon="4.8242906" />
  <node id="892953300" lat="52.3171766" lon="4.8286906" />
  <node id="892953344" lat="52.3148717" lon="4.8275062" />
  <node id="892953376" lat="52.3157313" lon="4.8221660" />
  <node id="892953626" lat="52.3143962" lon="4.8241849" />
  <node id="892953694" lat="52.3165605" lon="4.8287381" />
  <node id="892953718" lat="52.3176483" lon="4.8252901" />
  <node id="892953772" lat="52.3149011" lon="4.8236841" />
  <node id="892953790" lat="52.3130340" lon="4.8276345" />
  <node id="892953875" lat="52.3146103" lon="4.8243165" />
  <node id="892953885" lat="52.3149708" lon="4.8282055" />
  <node id="892953921" lat="52.3170150" lon="4.8239157" />
  <node id="892953947" lat="52.3150823" lon="4.8240614" />
  <node id="892953985" lat="52.3155928" lon="4.8245744" />
  <node id="892954180" lat="52.3153046" lon="4.8225060" />
  <node id="892954303" lat="52.3173770" lon="4.8277325" />
  <node id="892954347" lat="52.3150492" lon="4.8235895" />
  <node id="892954358" lat="52.3169588" lon="4.8250404" />
  <node id="892954537" lat="52.3145586" lon="4.8280617" />
  <node id="892954696" lat="52.3147641" lon="4.8240393" />
  <node id="892954711" lat="52.3159054" lon="4.8245448" />
  <node id="892954879" lat="52.3162577" lon="4.8263069" />
  <node id="892954956" lat="52.3145329" lon="4.8274390" />
  <node id="892955050" lat="52.3151083" lon="4.8288342" />
  <node id="892955056" lat="52.3144739" lon="4.8277797" />
  <node id="892955102" lat="52.3154325" lon="4.8248442" />
  <node id="892955226" lat="52.3143955" lon="4.8286660" />
  <node id="892955344" lat="52.3155620" lon="4.8246457" />
  <node id="892955416" lat="52.3125899" lon="4.8274180" />
  <node id="892955437" lat="52.3156395" lon="4.8265192" />
  <node id="892955487" lat="52.3146433" lon="4.8259496" />
  <node id="892955638" lat="52.3149354" lon="4.8257103" />
  <node id="892955688" lat="52.3147662" lon="4.8257423" />
  <node id="892955781" lat="52.3148848" lon="4.8242203" />
  <node id="892955910" lat="52.3165970" lon="4.8286644" />
  <node id="892955921" lat="52.3169222" lon="4.8258840" />
  <node id="892956009" lat="52.3161766" lon="4.8242209" />
  <node id="892956054" lat="52.3146852" lon="4.8241286" />
  <node id="892956116" lat="52.3144867" lon="4.8258057" />
  <node id="892956132" lat="52.3142688" lon="4.8275982" />
  <node id="892956191" lat="52.3170851" lon="4.8266012" />
  <node id="892956217" lat="52.3146047" lon="4.8265107" />
  <node id="892956266" lat="52.3141982" lon="4.8241875" />
  <node id="892956325" lat="52.3149783" lon="4.8231605" />
  <node id="892956440" lat="52.3164680" lon="4.8244430" />
  <node id="892956445" lat="52.3151868" lon="4.8233473" />
  <node id="892956852" lat="52.3154248" lon="4.8257118" />
  <node id="892957073" lat="52.3146557" lon="4.8241851" />
  <node id="892957090" lat="52.3167995" lon="4.8244645" />
  <node id="892957110" lat="52.3147177" lon="4.8255052" />
  <node id="892957219" lat="52.3145069" lon="4.8256746" />
  <node id="892957267" lat="52.3156953" lon="4.8222111" />
  <node id="892957295" lat="52.3134762" lon="4.8246850" />
  <node id="892957314" lat="52.3164028" lon="4.8256752" />
  <node id="892957410" lat="52.3142001" lon="4.8239962" />
  <node id="892957447" lat="52.3152288" lon="4.8232604" />
  <node id="892957525" lat="52.3170991" lon="4.8267718" />
  <node id="892957573" lat="52.3158594" lon="4.8244045" />
  <node id="892957612" lat="52.3130571" lon="4.8257331" />
  <node id="892957818" lat="52.3156756" lon="4.8247871" />
  <node id="892957823" lat="52.3129968" lon="4.8256914" />
  <node id="892958062" lat="52.3163968" lon="4.8240607" />
  <node id="892958130" lat="52.3153387" lon="4.8248805" />
  <node id="892958135" lat="52.3149694" lon="4.8230198" />
  <node id="892958214" lat="52.3171472" lon="4.8238589" />
  <node id="892958301" lat="52.3145020" lon="4.8286856" />
  <node id="892958423" lat="52.3144503" lon="4.8267743" />
  <node id="1057076071" lat="52.3392577" lon="4.8263982" />
  <node id="1159341010" lat="52.3083182" lon="4.8763082" />
  <node id="1160828302" lat="52.3051172" lon="4.8665864" />
  <node id="1160828324" lat="52.3169528" lon="4.8685029" />
  <node id="1160828421" lat="52.3043266" lon="4.8655623" />
  <node id="1160828531" lat="52.3059029" lon="4.8662909" />
  <node id="1160829318" lat="52.3073708" lon="4.8663067" />
  <node id="1160829823" lat="52.3065494" lon="4.8662091" />
  <node id="1160830208" lat="52.3153193" lon="4.8687696" />
  <node id="1160830570" lat="52.3170066" lon="4.8688055" />
  <node id="1160830679" lat="52.3064061" lon="4.8665613" />
  <node id="1160830964" lat="52.3057499" lon="4.8662873" />
  <node id="1160831114" lat="52.3133966" lon="4.8713637" />
  <node id="1160831327" lat="52.3051291" lon="4.8635571" />
  <node id="1160831372" lat="52.3143815" lon="4.8642232" />
  <node id="1160831456" lat="52.3070524" lon="4.8668965" />
  <node id="1160831468" lat="52.3074695" lon="4.8662529" />
  <node id="1160833076" lat="52.3150280" lon="4.8700437" />
  <node id="1160833161" lat="52.3057863" lon="4.8669800" />
  <node id="1160833519" lat="52.3058921" lon="4.8664392" />
  <node id="1160833914" lat="52.3049705" lon="4.8664903" />
  <node id="1160833972" lat="52.3042521" lon="4.8655497" />
  <node id="1160834044" lat="52.3073642" lon="4.8662193" />
  <node id="1160834370" lat="52.3167979" lon="4.8669964" />
  <node id="1160834520" lat="52.3063614" lon="4.8663451" />
  <node id="1160834725" lat="52.3053194" lon="4.8659774" />
  <node id="1160834802" lat="52.3060187" lon="4.8665182" />
  <node id="1160835191" lat="52.3066152" lon="4.8664447" />
  <node id="1160835271" lat="52.3168415" lon="4.8705389" />
  <node id="1160835365" lat="52.3053740" lon="4.8661572" />
  <node id="1160835522" lat="52.3047318" lon="4.8642882" />
  <node id="1160835545" lat="52.3152920" lon="4.8684604" />
  <node id="1160835578" lat="52.3071574" lon="4.8665152" />
  <node id="1160835728" lat="52.3034262" lon="4.8651312" />
  <node id="1160836149" lat="52.3049176" lon="4.8662753" />
  <node id="1160836260" lat="52.3150949" lon="4.8675489" />
  <node id="1160836374" lat="52.3059461" lon="4.8669049" />
  <node id="1160836458" lat="52.3179478" lon="4.8690528" />
  <node id="1160836663" lat="52.3060676" lon="4.8660544" />
  <node id="1160836973" lat="52.3168658" lon="4.8690295" />
  <node id="1160837137" lat="52.3074951" lon="4.8661527" />
  <node id="1160837504" lat="52.3049867" lon="4.8643726" />
  <node id="1160837558" lat="52.3152206" lon="4.8675256" />
  <node id="1160837610" lat="52.3061109" lon="4.8663329" />
  <node id="1160837630" lat="52.3156853" lon="4.8679434" />
  <node id="1160837703" lat="52.3174430" lon="4.8688466" />
  <node id="1160837941" lat="52.3052755" lon="4.8661883" />
  <node id="1160838429" lat="52.3073088" lon="4.8670858" />
  <node id="1160838505" lat="52.3175460" lon="4.8704506" />
  <node id="1160838915" lat="52.3050208" lon="4.8645196" />
  <node id="1160838939" lat="52.3139871" lon="4.8719941" />
  <node id="1160838969" lat="52.3039239" lon="4.8654541" />
  <node id="1160839031" lat="52.3061275" lon="4.8659285" />
  <node id="1160839145" lat="52.3047314" lon="4.8656587" />
  <node id="1160839185" lat="52.3029339" lon="4.8646466" />
  <node id="1160839287" lat="52.3049362" lon="4.8672614" />
  <node id="1160839349" lat="52.3149782" lon="4.8677792" />
  <node id="1160839385" lat="52.3060573" lon="4.8668520" />
  <node id="1160839577" lat="52.3062895" lon="4.8661043" />
  <node id="1160839662" lat="52.3150184" lon="4.8686275" />
  <node id="1160839837" lat="52.3027132" lon="4.8647011" />
  <node id="1160840050" lat="52.3058425" lon="4.8663004" />
  <node id="1160840245" lat="52.3051681" lon="4.8637207" />
  <node id="1160840272" lat="52.3148813" lon="4.8654268" />
  <node id="1160840309" lat="52.3072103" lon="4.8670321" />
  <node id="1160840460" lat="52.3153470" lon="4.8697693" />
  <node id="1160840491" lat="52.3057046" lon="4.8664588" />
  <node id="1160840548" lat="52.3164607" lon="4.8709083" />
  <node id="1160840765" lat="52.3049058" lon="4.8644399" />
  <node id="1160840832" lat="52.3053757" lon="4.8666658" />
  <node id="1160840990" lat="52.3050209" lon="4.8658218" />
  <node id="1160841350" lat="52.3169666" lon="4.8671155" />
  <node id="1160841420" lat="52.3042559" lon="4.8658284" />
  <node id="1160841508" lat="52.3071427" lon="4.8661837" />
  <node id="1160841844" lat="52.3169243" lon="4.8670013" />
  <node id="1160841928" lat="52.3146884" lon="4.8679713" />
  <node id="1160841973" lat="52.3068623" lon="4.8663224" />
  <node id="1160842258" lat="52.3064183" lon="4.8662016" />
  <node id="1160842566" lat="52.3171844" lon="4.8691878" />
  <node id="1160842586" lat="52.3032034" lon="4.8651818" />
  <node id="1160842631" lat="52.3062666" lon="4.8665822" />
  <node id="1160842777" lat="52.3054083" lon="4.8660353" />
  <node id="1160842908" lat="52.3161282" lon="4.8699175" />
  <node id="1160842920" lat="52.3051268" lon="4.8636591" />
  <node id="1160842944" lat="52.3146316" lon="4.8640438" />
  <node id="1160842992" lat="52.3070727" lon="4.8670473" />
  <node id="1160843553" lat="52.3049190" lon="4.8649467" />
  <node id="1160843572" lat="52.3150417" lon="4.8697610" />
  <node id="1160843620" lat="52.3056251" lon="4.8667371" />
  <node id="1160843683" lat="52.3170133" lon="4.8686005" />
  <node id="1160843833" lat="52.3058614" lon="4.8665051" />
  <node id="1160843946" lat="52.3160839" lon="4.8691636" />
  <node id="1160844134" lat="52.3050196" lon="4.8665408" />
  <node id="1160844248" lat="52.3072801" lon="4.8662476" />
  <node id="1160844720" lat="52.3152260" lon="4.8681809" />
  <node id="1160844767" lat="52.3064446" lon="4.8663473" />
  <node id="1160844992" lat="52.3053378" lon="4.8660359" />
  <node id="1160845519" lat="52.3075129" lon="4.8676927" />
  <node id="1160845598" lat="52.3164587" lon="4.8708067" />
  <node id="1160845720" lat="52.3054544" lon="4.8662124" />
  <node id="1160845887" lat="52.3050414" lon="4.8630997" />
  <node id="1160845913" lat="52.3153373" lon="4.8685219" />
  <node id="1160845960" lat="52.3074340" lon="4.8662987" />
  <node id="1160846127" lat="52.3054052" lon="4.8633708" />
  <node id="1160846182" lat="52.3034077" lon="4.8651415" />
  <node id="1160846632" lat="52.3049003" lon="4.8660558" />
  <node id="1160846758" lat="52.3150941" lon="4.8673657" />
  <node id="1160847080" lat="52.3059237" lon="4.8669326" />
  <node id="1160847106" lat="52.3157835" lon="4.8678984" />
  <node id="1160847476" lat="52.3060061" lon="4.8660924" />
  <node id="1160847785" lat="52.3052327" lon="4.8632177" />
  <node id="1160847787" lat="52.3168522" lon="4.8691489" />
  <node id="1160847857" lat="52.3137956" lon="4.8710162" />
  <node id="1160847893" lat="52.3074640" lon="4.8661746" />
  <node id="1160848180" lat="52.3048848" lon="4.8647724" />
  <node id="1160848200" lat="52.3152399" lon="4.8677610" />
  <node id="1160848201" lat="52.3154396" lon="4.8673485" />
  <node id="1160848230" lat="52.3062013" lon="4.8662707" />
  <node id="1160848271" lat="52.3175778" lon="4.8690908" />
  <node id="1160848385" lat="52.3049808" lon="4.8656958" />
  <node id="1160848395" lat="52.3153743" lon="4.8692666" />
  <node id="1160848427" lat="52.3052288" lon="4.8660257" />
  <node id="1160848488" lat="52.3162403" lon="4.8710320" />
  <node id="1160848620" lat="52.3174292" lon="4.8691511" />
  <node id="1160848668" lat="52.3167777" lon="4.8691755" />
  <node id="1160848764" lat="52.3073538" lon="4.8670945" />
  <node id="1160848922" lat="52.3052750" lon="4.8660048" />
  <node id="1160849278" lat="52.3050476" lon="4.8644810" />
  <node id="1160849329" lat="52.3039083" lon="4.8654291" />
  <node id="1160849391" lat="52.3056809" lon="4.8663725" />
  <node id="1160849625" lat="52.3031575" lon="4.8647817" />
  <node id="1160849774" lat="52.3046176" lon="4.8670386" />
  <node id="1160849875" lat="52.3150454" lon="4.8677327" />
  <node id="1160849879" lat="52.3155833" lon="4.8678139" />
  <node id="1160849933" lat="52.3071904" lon="4.8664234" />
  <node id="1160850338" lat="52.3062444" lon="4.8660598" />
  <node id="1160850470" lat="52.3149355" lon="4.8686499" />
  <node id="1160850613" lat="52.3168863" lon="4.8671001" />
  <node id="1160850874" lat="52.3055446" lon="4.8660721" />
  <node id="1160851028" lat="52.3051717" lon="4.8637753" />
  <node id="1160851039" lat="52.3151119" lon="4.8667513" />
  <node id="1160851063" lat="52.3072609" lon="4.8670543" />
  <node id="1160851223" lat="52.3153761" lon="4.8696799" />
  <node id="1160851271" lat="52.3055708" lon="4.8664715" />
  <node id="1160851467" lat="52.3048330" lon="4.8647369" />
  <node id="1160851502" lat="52.3053066" lon="4.8666412" />
  <node id="1160851612" lat="52.3050581" lon="4.8658245" />
  <node id="1160851747" lat="52.3132334" lon="4.8694515" />
  <node id="1160851928" lat="52.3169798" lon="4.8685681" />
  <node id="1160851971" lat="52.3037416" lon="4.8651450" />
  <node id="1160852055" lat="52.3071121" lon="4.8661545" />
  <node id="1160852137" lat="52.3175278" lon="4.8686094" />
  <node id="1160852403" lat="52.3069982" lon="4.8662560" />
  <node id="1160852718" lat="52.3058830" lon="4.8667499" />
  <node id="1160853149" lat="52.3171169" lon="4.8692785" />
  <node id="1160853180" lat="52.3030785" lon="4.8650847" />
  <node id="1160853230" lat="52.3150456" lon="4.8650335" />
  <node id="1160853297" lat="52.3069483" lon="4.8671523" />
  <node id="1160853581" lat="52.3054155" lon="4.8659752" />
  <node id="1160853847" lat="52.3049788" lon="4.8642306" />
  <node id="1160853881" lat="52.3146852" lon="4.8642809" />
  <node id="1160853948" lat="52.3073932" lon="4.8664481" />
  <node id="1160854774" lat="52.3054110" lon="4.8664665" />
  <node id="1160854858" lat="52.3049689" lon="4.8649843" />
  <node id="1160854920" lat="52.3055298" lon="4.8667433" />
  <node id="1160855184" lat="52.3058527" lon="4.8665217" />
  <node id="1160855590" lat="52.3026064" lon="4.8644651" />
  <node id="1160855628" lat="52.3149888" lon="4.8647597" />
  <node id="1160855671" lat="52.3072439" lon="4.8662323" />
  <node id="1160856079" lat="52.3145479" lon="4.8685477" />
  <node id="1160856139" lat="52.3065593" lon="4.8663258" />
  <node id="1160856443" lat="52.3053772" lon="4.8660591" />
  <node id="1160856676" lat="52.3177161" lon="4.8692577" />
  <node id="1160856729" lat="52.3169332" lon="4.8670995" />
  <node id="1160856784" lat="52.3132742" lon="4.8693261" />
  <node id="1160856814" lat="52.3068665" lon="4.8676795" />
  <node id="1160857067" lat="52.3075014" lon="4.8664112" />
  <node id="1160857123" lat="52.3050232" lon="4.8648730" />
  <node id="1160857158" lat="52.3033894" lon="4.8651974" />
  <node id="1160857193" lat="52.3059332" lon="4.8661591" />
  <node id="1160857263" lat="52.3047537" lon="4.8658458" />
  <node id="1160857372" lat="52.3049704" lon="4.8660253" />
  <node id="1160857421" lat="52.3150621" lon="4.8670592" />
  <node id="1160857422" lat="52.3155177" lon="4.8676562" />
  <node id="1160857480" lat="52.3062259" lon="4.8666647" />
  <node id="1160857694" lat="52.3156587" lon="4.8679545" />
  <node id="1160857721" lat="52.3059647" lon="4.8661534" />
  <node id="1160857952" lat="52.3138715" lon="4.8709790" />
  <node id="1160857981" lat="52.3074003" lon="4.8661807" />
  <node id="1160858104" lat="52.3057731" lon="4.8663386" />
  <node id="1160858234" lat="52.3167800" lon="4.8685521" />
  <node id="1160858330" lat="52.3152376" lon="4.8679377" />
  <node id="1160858380" lat="52.3062855" lon="4.8662917" />
  <node id="1160858569" lat="52.3154952" lon="4.8693369" />
  <node id="1160858612" lat="52.3050489" lon="4.8659103" />
  <node id="1160858817" lat="52.3148854" lon="4.8682602" />
  <node id="1160858868" lat="52.3174798" lon="4.8691643" />
  <node id="1160859030" lat="52.3134404" lon="4.8712360" />
  <node id="1160859084" lat="52.3075406" lon="4.8671013" />
  <node id="1160859297" lat="52.3053081" lon="4.8661086" />
  <node id="1160859614" lat="52.3170266" lon="4.8670053" />
  <node id="1160859677" lat="52.3050903" lon="4.8643003" />
  <node id="1160859748" lat="52.3042990" lon="4.8655436" />
  <node id="1160859831" lat="52.3058137" lon="4.8664335" />
  <node id="1160860148" lat="52.3175843" lon="4.8684371" />
  <node id="1160860305" lat="52.3032209" lon="4.8647646" />
  <node id="1160860601" lat="52.3047347" lon="4.8665833" />
  <node id="1160860802" lat="52.3072608" lon="4.8663953" />
  <node id="1160861121" lat="52.3066988" lon="4.8662064" />
  <node id="1160861279" lat="52.3154278" lon="4.8690028" />
  <node id="1160861451" lat="52.3026143" lon="4.8645923" />
  <node id="1160861491" lat="52.3064880" lon="4.8664687" />
  <node id="1160861548" lat="52.3176150" lon="4.8691123" />
  <node id="1160861694" lat="52.3056594" lon="4.8661459" />
  <node id="1160861883" lat="52.3050400" lon="4.8643010" />
  <node id="1160861907" lat="52.3151741" lon="4.8671628" />
  <node id="1160861952" lat="52.3070648" lon="4.8665163" />
  <node id="1160862100" lat="52.3170053" lon="4.8681851" />
  <node id="1160862354" lat="52.3153754" lon="4.8695168" />
  <node id="1160862439" lat="52.3055120" lon="4.8663648" />
  <node id="1160862917" lat="52.3172329" lon="4.8691580" />
  <node id="1160862923" lat="52.3179073" lon="4.8693014" />
  <node id="1160863284" lat="52.3051724" lon="4.8666117" />
  <node id="1160863631" lat="52.3149200" lon="4.8716056" />
  <node id="1160863860" lat="52.3049485" lon="4.8648262" />
  <node id="1160863900" lat="52.3142536" lon="4.8725353" />
  <node id="1160863964" lat="52.3037755" lon="4.8652386" />
  <node id="1160864080" lat="52.3068288" lon="4.8661439" />
  <node id="1160864231" lat="52.3175402" lon="4.8685834" />
  <node id="1160864769" lat="52.3070627" lon="4.8663643" />
  <node id="1160865170" lat="52.3059339" lon="4.8667010" />
  <node id="1160865668" lat="52.3069607" lon="4.8664808" />
  <node id="1160865881" lat="52.3054551" lon="4.8659981" />
  <node id="1160866114" lat="52.3149198" lon="4.8685579" />
  <node id="1160866161" lat="52.3073371" lon="4.8664856" />
  <node id="1160866419" lat="52.3061689" lon="4.8659252" />
  <node id="1160866745" lat="52.3053740" lon="4.8664685" />
  <node id="1160866812" lat="52.3049845" lon="4.8650244" />
  <node id="1160866899" lat="52.3060227" lon="4.8668864" />
  <node id="1160867248" lat="52.3058156" lon="4.8665286" />
  <node id="1160868164" lat="52.3027253" lon="4.8645328" />
  <node id="1160868323" lat="52.3071929" lon="4.8662323" />
  <node id="1160868801" lat="52.3058434" lon="4.8662222" />
  <node id="1160869281" lat="52.3145508" lon="4.8683051" />
  <node id="1160869291" lat="52.3151548" lon="4.8655976" />
  <node id="1160869389" lat="52.3066622" lon="4.8663450" />
  <node id="1160869885" lat="52.3056414" lon="4.8666108" />
  <node id="1160870120" lat="52.3177893" lon="4.8692936" />
  <node id="1160870338" lat="52.3152305" lon="4.8639715" />
  <node id="1160870402" lat="52.3066424" lon="4.8673584" />
  <node id="1160870506" lat="52.3171103" lon="4.8684247" />
  <node id="1160870642" lat="52.3055786" lon="4.8662972" />
  <node id="1160870900" lat="52.3075029" lon="4.8664449" />
  <node id="1160871087" lat="52.3039050" lon="4.8655758" />
  <node id="1160871152" lat="52.3059609" lon="4.8660625" />
  <node id="1160871318" lat="52.3047418" lon="4.8657841" />
  <node id="1160871522" lat="52.3051796" lon="4.8661990" />
  <node id="1160871603" lat="52.3147008" lon="4.8678649" />
  <node id="1160871635" lat="52.3061816" lon="4.8666236" />
  <node id="1160871649" lat="52.3156558" lon="4.8675652" />
  <node id="1160871741" lat="52.3170319" lon="4.8686046" />
  <node id="1160872074" lat="52.3063809" lon="4.8661853" />
  <node id="1160872276" lat="52.3168435" lon="4.8696618" />
  <node id="1160872345" lat="52.3152357" lon="4.8686320" />
  <node id="1160872640" lat="52.3138032" lon="4.8706293" />
  <node id="1160872677" lat="52.3072049" lon="4.8661234" />
  <node id="1160872878" lat="52.3058026" lon="4.8663567" />
  <node id="1160873047" lat="52.3160313" lon="4.8698681" />
  <node id="1160873089" lat="52.3152319" lon="4.8681747" />
  <node id="1160873124" lat="52.3071148" lon="4.8670423" />
  <node id="1160873318" lat="52.3155211" lon="4.8695261" />
  <node id="1160873356" lat="52.3050153" lon="4.8658831" />
  <node id="1160873449" lat="52.3167685" lon="4.8696883" />
  <node id="1160873547" lat="52.3148850" lon="4.8681823" />
  <node id="1160873586" lat="52.3175445" lon="4.8691956" />
  <node id="1160873732" lat="52.3132354" lon="4.8700839" />
  <node id="1160873791" lat="52.3075323" lon="4.8676473" />
  <node id="1160874453" lat="52.3053396" lon="4.8633225" />
  <node id="1160874620" lat="52.3058724" lon="4.8663823" />
  <node id="1160875003" lat="52.3048515" lon="4.8660286" />
  <node id="1160875067" lat="52.3150779" lon="4.8681966" />
  <node id="1160875111" lat="52.3073240" lon="4.8663399" />
  <node id="1160875408" lat="52.3065856" lon="4.8662257" />
  <node id="1160875544" lat="52.3169091" lon="4.8695722" />
  <node id="1160875581" lat="52.3153501" lon="4.8688260" />
  <node id="1160875885" lat="52.3064358" lon="4.8667287" />
  <node id="1160876105" lat="52.3057551" lon="4.8662097" />
  <node id="1160876184" lat="52.3133793" lon="4.8712688" />
  <node id="1160876304" lat="52.3052138" lon="4.8632061" />
  <node id="1160876332" lat="52.3148398" lon="4.8656973" />
  <node id="1160876381" lat="52.3070546" lon="4.8667637" />
  <node id="1160876596" lat="52.3153712" lon="4.8693266" />
  <node id="1160877068" lat="52.3173168" lon="4.8691478" />
  <node id="1160877221" lat="52.3152414" lon="4.8646698" />
  <node id="1160877270" lat="52.3058621" lon="4.8669746" />
  <node id="1160877840" lat="52.3049424" lon="4.8664339" />
  <node id="1160877911" lat="52.3039566" lon="4.8653511" />
  <node id="1160877985" lat="52.3067592" lon="4.8661966" />
  <node id="1160878127" lat="52.3175609" lon="4.8685790" />
  <node id="1160878337" lat="52.3169247" lon="4.8670996" />
  <node id="1160878463" lat="52.3071270" lon="4.8664296" />
  <node id="1160878891" lat="52.3059747" lon="4.8666235" />
  <node id="1160880076" lat="52.3054798" lon="4.8660092" />
  <node id="1160880345" lat="52.3046561" lon="4.8646149" />
  <node id="1160880389" lat="52.3152110" lon="4.8684676" />
  <node id="1160880450" lat="52.3072836" lon="4.8664679" />
  <node id="1160880713" lat="52.3034604" lon="4.8651308" />
  <node id="1160880803" lat="52.3062615" lon="4.8660032" />
  <node id="1160881344" lat="52.3049308" lon="4.8662455" />
  <node id="1160881506" lat="52.3150785" lon="4.8676636" />
  <node id="1160881578" lat="52.3059649" lon="4.8669005" />
  <node id="1160882013" lat="52.3061613" lon="4.8660068" />
  <node id="1160882146" lat="52.3132367" lon="4.8693457" />
  <node id="1160882257" lat="52.3149316" lon="4.8686254" />
  <node id="1160882492" lat="52.3168679" lon="4.8688043" />
  <node id="1160882919" lat="52.3058646" lon="4.8661342" />
  <node id="1160883205" lat="52.3147649" lon="4.8683166" />
  <node id="1160883278" lat="52.3060594" lon="4.8664148" />
  <node id="1160883411" lat="52.3173926" lon="4.8688090" />
  <node id="1160883791" lat="52.3058195" lon="4.8667398" />
  <node id="1160884769" lat="52.3066420" lon="4.8671377" />
  <node id="1160884857" lat="52.3179584" lon="4.8692876" />
  <node id="1160885041" lat="52.3051453" lon="4.8658810" />
  <node id="1160885607" lat="52.3074666" lon="4.8664800" />
  <node id="1160885935" lat="52.3039274" lon="4.8654946" />
  <node id="1160886106" lat="52.3060092" lon="4.8660078" />
  <node id="1160886395" lat="52.3047284" lon="4.8657243" />
  <node id="1160886741" lat="52.3052396" lon="4.8663357" />
  <node id="1160886853" lat="52.3148745" lon="4.8678355" />
  <node id="1160886910" lat="52.3061023" lon="4.8667891" />
  <node id="1160887354" lat="52.3063258" lon="4.8661429" />
  <node id="1160887599" lat="52.3151448" lon="4.8686277" />
  <node id="1160887988" lat="52.3030378" lon="4.8650592" />
  <node id="1160888381" lat="52.3058239" lon="4.8663322" />
  <node id="1160888642" lat="52.3161747" lon="4.8697992" />
  <node id="1160888663" lat="52.3052764" lon="4.8632608" />
  <node id="1160888697" lat="52.3147545" lon="4.8646823" />
  <node id="1160888764" lat="52.3071653" lon="4.8670279" />
  <node id="1160889038" lat="52.3155462" lon="4.8697130" />
  <node id="1160889159" lat="52.3057712" lon="4.8665114" />
  <node id="1160889537" lat="52.3176261" lon="4.8692267" />
  <node id="1160889540" lat="52.3178456" lon="4.8693067" />
  <node id="1160889742" lat="52.3132268" lon="4.8699848" />
  <node id="1160889796" lat="52.3054207" lon="4.8666676" />
  <node id="1162236392" lat="52.3189460" lon="4.8700752" />
  <node id="1162236538" lat="52.3171005" lon="4.8706820" />
  <node id="1162236718" lat="52.3174486" lon="4.8710823" />
  <node id="1162236869" lat="52.3185343" lon="4.8700314" />
  <node id="1162236977" lat="52.3163885" lon="4.8710581" />
  <node id="1162237021" lat="52.3184993" lon="4.8702446" />
  <node id="1162237131" lat="52.3179507" lon="4.8706867" />
  <node id="1162237231" lat="52.3162759" lon="4.8710629" />
  <node id="1162237313" lat="52.3186536" lon="4.8699350" />
  <node id="1162237425" lat="52.3181572" lon="4.8704368" />
  <node id="1162237511" lat="52.3173887" lon="4.8710586" />
  <node id="1162237629" lat="52.3163999" lon="4.8721617" />
  <node id="1162237659" lat="52.3180721" lon="4.8705078" />
  <node id="1162237694" lat="52.3169545" lon="4.8707422" />
  <node id="1162237748" lat="52.3174720" lon="4.8686005" />
  <node id="1162237818" lat="52.3187240" lon="4.8699141" />
  <node id="1162237827" lat="52.3174157" lon="4.8710875" />
  <node id="1162238170" lat="52.3170287" lon="4.8707024" />
  <node id="1162238350" lat="52.3165000" lon="4.8723985" />
  <node id="1162238352" lat="52.3179810" lon="4.8702845" />
  <node id="1162238487" lat="52.3215590" lon="4.8709788" />
  <node id="1162238500" lat="52.3165152" lon="4.8709955" />
  <node id="1162238538" lat="52.3187884" lon="4.8699434" />
  <node id="1162238997" lat="52.3170603" lon="4.8686108" />
  <node id="1162239068" lat="52.3165967" lon="4.8709607" />
  <node id="1162239079" lat="52.3182204" lon="4.8702312" />
  <node id="1162239098" lat="52.3179545" lon="4.8708329" />
  <node id="1162239113" lat="52.3163009" lon="4.8710795" />
  <node id="1369130907" lat="52.3400983" lon="4.8252164">
    <tag k="bench" v="yes" />
    <tag k="bin" v="yes" />
    <tag k="bus" v="yes" />
    <tag k="highway" v="bus_stop" />
    <tag k="name" v="John M. Keynesplein" />
    <tag k="public_transport" v="platform" />
    <tag k="ref:IFOPT" v="NL:Q:30004115" />
    <tag k="shelter" v="no" />
  </node>
  <node id="1656744062" lat="52.3407960" lon="4.8224065" />
  <node id="1720610862" lat="52.3392810" lon="4.8256548" />
  <node id="1720610865" lat="52.3393887" lon="4.8272739" />
  <node id="1720610869" lat="52.3404925" lon="4.8272430" />
  <node id="1720610873" lat="52.3424500" lon="4.8264309" />
  <node id="1720610882" lat="52.3393818" lon="4.8264143" />
  <node id="1720610885" lat="52.3404799" lon="4.8256338" />
  <node id="1720610888" lat="52.3424328" lon="4.8271408" />
  <node id="1720610893" lat="52.3393260" lon="4.8200805" />
  <node id="1720610911" lat="52.3392757" lon="4.8264108" />
  <node id="1720610915" lat="52.3391976" lon="4.8202213" />
  <node id="1720610917" lat="52.3399506" lon="4.8200682" />
  <node id="1758767156" lat="52.3125877" lon="4.8253176" />
  <node id="1758767163" lat="52.3129025" lon="4.8252831" />
  <node id="1758767173" lat="52.3132485" lon="4.8254975" />
  <node id="1758767181" lat="52.3132909" lon="4.8254840" />
  <node id="1758767182" lat="52.3133248" lon="4.8255081" />
  <node id="1758767183" lat="52.3133480" lon="4.8255636" />
  <node id="1758767184" lat="52.3133485" lon="4.8256410" />
  <node id="1758767185" lat="52.3133509" lon="4.8253728" />
  <node id="1758767186" lat="52.3133650" lon="4.8238931" />
  <node id="1758767188" lat="52.3133654" lon="4.8257220" />
  <node id="1758767190" lat="52.3133863" lon="4.8253203" />
  <node id="1758767192" lat="52.3133873" lon="4.8250124" />
  <node id="1758767194" lat="52.3134101" lon="4.8257249" />
  <node id="1758767196" lat="52.3134550" lon="4.8240146" />
  <node id="1758767198" lat="52.3134679" lon="4.8238011" />
  <node id="1758767200" lat="52.3134818" lon="4.8249598" />
  <node id="1758767202" lat="52.3134828" lon="4.8250164" />
  <node id="1758767204" lat="52.3135005" lon="4.8240935" />
  <node id="1758767206" lat="52.3135018" lon="4.8243023" />
  <node id="1758767208" lat="52.3135364" lon="4.8243039" />
  <node id="1758767212" lat="52.3135426" lon="4.8246807" />
  <node id="1758767220" lat="52.3136747" lon="4.8236224" />
  <node id="1758767222" lat="52.3140336" lon="4.8235005" />
  <node id="1758767223" lat="52.3140443" lon="4.8236509" />
  <node id="1758767224" lat="52.3140523" lon="4.8233764" />
  <node id="1758767225" lat="52.3140764" lon="4.8237422" />
  <node id="1758767226" lat="52.3140822" lon="4.8233012" />
  <node id="1758767227" lat="52.3140902" lon="4.8232770" />
  <node id="1758767228" lat="52.3141398" lon="4.8238283" />
  <node id="1758767238" lat="52.3142184" lon="4.8238721" />
  <node id="1758767246" lat="52.3142907" lon="4.8238707" />
  <node id="1758767262" lat="52.3143567" lon="4.8238327" />
  <node id="1758767266" lat="52.3143982" lon="4.8233253" />
  <node id="1758767267" lat="52.3144051" lon="4.8237052" />
  <node id="1758767268" lat="52.3144107" lon="4.8237703" />
  <node id="1758767269" lat="52.3144161" lon="4.8236825" />
  <node id="1758767271" lat="52.3144246" lon="4.8239331" />
  <node id="1758767275" lat="52.3144293" lon="4.8234134" />
  <node id="1758767277" lat="52.3144295" lon="4.8236723" />
  <node id="1758767279" lat="52.3144306" lon="4.8238788" />
  <node id="1758767281" lat="52.3144331" lon="4.8236062" />
  <node id="1758767283" lat="52.3144383" lon="4.8232510" />
  <node id="1758767284" lat="52.3144415" lon="4.8238526" />
  <node id="1758767298" lat="52.3144422" lon="4.8235295" />
  <node id="1758767299" lat="52.3144422" lon="4.8236236" />
  <node id="1758767300" lat="52.3144448" lon="4.8238200" />
  <node id="1758767302" lat="52.3144700" lon="4.8232392" />
  <node id="1758767304" lat="52.3144953" lon="4.8232663" />
  <node id="1758767305" lat="52.3145422" lon="4.8232715" />
  <node id="1758767306" lat="52.3145701" lon="4.8232745" />
  <node id="1758767307" lat="52.3145891" lon="4.8233008" />
  <node id="1758767308" lat="52.3146113" lon="4.8233103" />
  <node id="1758767309" lat="52.3146870" lon="4.8233440" />
  <node id="1760090460" lat="52.3139481" lon="4.8233951" />
  <node id="1761434577" lat="52.3146333" lon="4.8234579" />
  <node id="1761434581" lat="52.3146374" lon="4.8234810" />
  <node id="1761434590" lat="52.3146261" lon="4.8234064" />
  <node id="1761434595" lat="52.3146499" lon="4.8234966" />
  <node id="1761434599" lat="52.3146604" lon="4.8233641" />
  <node id="1761434607" lat="52.3146637" lon="4.8234954" />
  <node id="1761434610" lat="52.3146850" lon="4.8234404" />
  <node id="2103982577" lat="52.3400423" lon="4.8275260" />
  <node id="2103982584" lat="52.3390135" lon="4.8272950" />
  <node id="2103982585" lat="52.3401309" lon="4.8272217" />
  <node id="2103982588" lat="52.3400945" lon="4.8273461" />
  <node id="2103982597" lat="52.3400590" lon="4.8274747" />
  <node id="2103982598" lat="52.3400443" lon="4.8275766" />
  <node id="2103982606" lat="52.3401259" lon="4.8274077" />
  <node id="2103982611" lat="52.3390184" lon="4.8275954" />
  <node id="2103982642" lat="52.3400885" lon="4.8274291" />
  <node id="2781454094" lat="52.3157899" lon="4.8682828" />
  <node id="2781455156" lat="52.3167580" lon="4.8681466" />
  <node id="2781455239" lat="52.3167693" lon="4.8675463" />
  <node id="2807115454" lat="52.3048442" lon="4.8670565">
    <tag k="addr:city" v="Amstelveen" />
    <tag k="addr:housenumber" v="129" />
    <tag k="addr:postcode" v="1181NC" />
    <tag k="addr:street" v="Burgemeester Haspelslaan" />
    <tag k="amenity" v="childcare" />
    <tag k="name" v="BLOS" />
    <tag k="source" v="BAG" />
    <tag k="source:date" v="2014-03-24" />
    <tag k="website" v="https://www.blos.nl/amstelveen/burgemeester-haspelslaan-129/kinderdagverblijf" />
  </node>
  <node id="2807116240" lat="52.3053432" lon="4.8670976">
    <tag k="addr:city" v="Amstelveen" />
    <tag k="addr:housenumber" v="131" />
    <tag k="addr:postcode" v="1181NC" />
    <tag k="addr:street" v="Burgemeester Haspelslaan" />
    <tag k="amenity" v="clinic" />
    <tag k="healthcare" v="clinic" />
    <tag k="name" v="Annatommie MC" />
    <tag k="opening_hours" v="Mo-We,Fr 07:00-18:00; Th 07:00-20:00" />
    <tag k="source" v="BAG" />
    <tag k="source:date" v="2014-03-24" />
    <tag k="website" v="https://annatommiemc.nl/" />
  </node>
  <node id="2807191298" lat="52.3155164" lon="4.8675239" />
  <node id="2807191512" lat="52.3155664" lon="4.8644673" />
  <node id="2807191579" lat="52.3156926" lon="4.8644729" />
  <node id="2808307759" lat="52.3402325" lon="4.8264244">
    <tag k="addr:city" v="Amsterdam" />
    <tag k="addr:housenumber" v="400" />
    <tag k="addr:postcode" v="1066JS" />
    <tag k="addr:street" v="Johan Huizingalaan" />
    <tag k="amenity" v="cafe" />
    <tag k="brand" v="STACH" />
    <tag k="brand:wikidata" v="Q124807442" />
    <tag k="name" v="STACH" />
    <tag k="opening_hours" v="Mo-Fr 08:30-15:00" />
    <tag k="phone" v="+31 20 2614703" />
    <tag k="source" v="BAG" />
    <tag k="source:date" v="2014-03-24" />
    <tag k="website" v="https://stach-food.nl/" />
  </node>
  <node id="2808308217" lat="52.3387011" lon="4.8257291" />
  <node id="2808308218" lat="52.3387059" lon="4.8258955" />
  <node id="2808308222" lat="52.3387446" lon="4.8257252" />
  <node id="2808308223" lat="52.3387483" lon="4.8258931" />
  <node id="2965183535" lat="52.3082870" lon="4.8567107" />
  <node id="3439980453" lat="52.3148584" lon="4.8241166">
    <tag k="amenity" v="bench" />
    <tag k="backrest" v="yes" />
  </node>
  <node id="3560504583" lat="52.3215159" lon="4.8682456" />
  <node id="4090705790" lat="52.3404559" lon="4.8243653">
    <tag k="bench" v="no" />
    <tag k="bin" v="yes" />
    <tag k="bus" v="yes" />
    <tag k="highway" v="bus_stop" />
    <tag k="lit" v="yes" />
    <tag k="name" v="John M. Keynesplein" />
    <tag k="public_transport" v="platform" />
    <tag k="ref:IFOPT" v="NL:Q:30004145" />
    <tag k="shelter" v="no" />
    <tag k="tactile_paving" v="yes" />
  </node>
  <node id="4090705798" lat="52.3401470" lon="4.8252211">
    <tag k="bus" v="yes" />
    <tag k="name" v="John M. Keynesplein" />
    <tag k="public_transport" v="stop_position" />
  </node>
  <node id="4203243981" lat="52.3012018" lon="4.8819298" />
  <node id="4328153892" lat="52.3068595" lon="4.8775051" />
  <node id="4328184525" lat="52.2979947" lon="4.8741523" />
  <node id="4633338788" lat="52.3385753" lon="4.8256402">
    <tag k="railway" v="switch" />
    <tag k="ref" v="1011" />
  </node>
  <node id="4753838322" lat="52.3068657" lon="4.8773840" />
  <node id="4869936145" lat="52.3159789" lon="4.8698888" />
  <node id="4869936146" lat="52.3157990" lon="4.8688549" />
  <node id="4869936147" lat="52.3157006" lon="4.8684987" />
  <node id="4869936148" lat="52.3160306" lon="4.8699273" />
  <node id="4894347219" lat="52.3167571" lon="4.8682498" />
  <node id="4894347220" lat="52.3163250" lon="4.8682324" />
  <node id="4894347221" lat="52.3162816" lon="4.8680097" />
  <node id="4894347222" lat="52.3162783" lon="4.8679333" />
  <node id="4894347223" lat="52.3163037" lon="4.8679051" />
  <node id="4894347224" lat="52.3163906" lon="4.8678287" />
  <node id="4894347225" lat="52.3164447" lon="4.8677147" />
  <node id="4894347226" lat="52.3164832" lon="4.8675631" />
  <node id="4894347227" lat="52.3164865" lon="4.8674424" />
  <node id="4894347228" lat="52.3164890" lon="4.8672547" />
  <node id="4894347229" lat="52.3164939" lon="4.8670401" />
  <node id="4894347230" lat="52.3164931" lon="4.8669905" />
  <node id="4894347231" lat="52.3165103" lon="4.8669704" />
  <node id="4894347232" lat="52.3165783" lon="4.8669704" />
  <node id="4894347233" lat="52.3167866" lon="4.8669757" />
  <node id="4894347234" lat="52.3167776" lon="4.8672386" />
  <node id="5048998130" lat="52.3404130" lon="4.8242153">
    <tag k="access" v="permissive" />
    <tag k="amenity" v="parking_entrance" />
    <tag k="name" v="Uitgang PwC Parkeergarage" />
  </node>
  <node id="5064860337" lat="52.3385944" lon="4.8264578" />
  <node id="5064860338" lat="52.3385937" lon="4.8266829" />
  <node id="5064860339" lat="52.3385936" lon="4.8268478" />
  <node id="5064860340" lat="52.3385950" lon="4.8270129" />
  <node id="5064860341" lat="52.3385964" lon="4.8271407" />
  <node id="5064860342" lat="52.3386022" lon="4.8256409">
    <tag k="source" v="ProRail" />
  </node>
  <node id="5064860457" lat="52.3385721" lon="4.8272773" />
  <node id="5064860458" lat="52.3386010" lon="4.8272758" />
  <node id="5116792304" lat="52.2988079" lon="4.8793408" />
  <node id="5160670604" lat="52.3044468" lon="4.8659632" />
  <node id="5160670605" lat="52.3045274" lon="4.8656994" />
  <node id="5160670606" lat="52.3045477" lon="4.8657604" />
  <node id="5160670607" lat="52.3045773" lon="4.8658294" />
  <node id="5160670608" lat="52.3047340" lon="4.8659317" />
  <node id="5160670609" lat="52.3046736" lon="4.8660948" />
  <node id="5160670611" lat="52.3045323" lon="4.8659688" />
  <node id="5370104085" lat="52.3385668" lon="4.8257722">
    <tag k="name" v="Amsterdam Riekerpolder aansl." />
    <tag k="railway" v="junction" />
    <tag k="ref" v="Asra" />
    <tag k="ref:ProRailID" v="566.0" />
  </node>
  <node id="5669629565" lat="52.3051797" lon="4.8718447" />
  <node id="5672088068" lat="52.3049297" lon="4.8643715" />
  <node id="5682002559" lat="52.3061287" lon="4.8718277" />
  <node id="5891084248" lat="52.3060833" lon="4.8667799" />
  <node id="5891084250" lat="52.3065327" lon="4.8676657" />
  <node id="5891084252" lat="52.3065463" lon="4.8666880" />
  <node id="5891084259" lat="52.3061489" lon="4.8667075" />
  <node id="5891084263" lat="52.3065351" lon="4.8674182" />
  <node id="5891084271" lat="52.3057282" lon="4.8676784" />
  <node id="5891084274" lat="52.3065339" lon="4.8673042" />
  <node id="6360832966" lat="52.3386876" lon="4.8265654">
    <tag k="description" v="Warning lights; flashes when train is approaching" />
    <tag k="description:nl" v="waarschuwingsinstallatie" />
    <tag k="operator" v="ProRail" />
    <tag k="railway" v="signal" />
    <tag k="railway:position:exact" v="158.437" />
    <tag k="ref" v="wi" />
    <tag k="source" v="ProRail" />
    <tag k="start_date" v="2009-02-23" />
  </node>
  <node id="6639049950" lat="52.3159021" lon="4.8706653">
    <tag k="name" v="Kronenburg" />
    <tag k="public_transport" v="stop_position" />
    <tag k="railway" v="tram_stop" />
    <tag k="tram" v="yes" />
    <tag k="wikidata" v="Q2109813" />
    <tag k="wikimedia_commons" v="Category:Sneltramhalte Kronenburg" />
    <tag k="wikipedia" v="nl:Kronenburg (verkeersplein)" />
  </node>
  <node id="6639049951" lat="52.3158787" lon="4.8705431">
    <tag k="name" v="Kronenburg" />
    <tag k="public_transport" v="stop_position" />
    <tag k="railway" v="tram_stop" />
    <tag k="tram" v="yes" />
    <tag k="wikidata" v="Q2109813" />
    <tag k="wikimedia_commons" v="Category:Sneltramhalte Kronenburg" />
    <tag k="wikipedia" v="nl:Kronenburg (verkeersplein)" />
  </node>
  <node id="7242765533" lat="52.3018605" lon="4.8827694" />
  <node id="7309007994" lat="52.3046338" lon="4.8673017" />
  <node id="7309008003" lat="52.3043996" lon="4.8678425" />
  <node id="7309008011" lat="52.3045602" lon="4.8672485" />
  <node id="7309008032" lat="52.3044731" lon="4.8678957" />
  <node id="7344321419" lat="52.3386920" lon="4.8224344" />
  <node id="7344321420" lat="52.3386958" lon="4.8218133" />
  <node id="7345859405" lat="52.3043196" lon="4.8673510" />
  <node id="7345859406" lat="52.3043021" lon="4.8673663" />
  <node id="7345859407" lat="52.3042764" lon="4.8673548" />
  <node id="7345859408" lat="52.3042939" lon="4.8672823" />
  <node id="7345859409" lat="52.3042682" lon="4.8672632" />
  <node id="7345859410" lat="52.3042927" lon="4.8671600" />
  <node id="7345859411" lat="52.3042367" lon="4.8671199" />
  <node id="7345859412" lat="52.3038233" lon="4.8668373" />
  <node id="7345859413" lat="52.3038046" lon="4.8667132" />
  <node id="7345859414" lat="52.3039786" lon="4.8668239" />
  <node id="7345859415" lat="52.3041409" lon="4.8669328" />
  <node id="7345859416" lat="52.3043032" lon="4.8670512" />
  <node id="7345859417" lat="52.3043184" lon="4.8670741" />
  <node id="7345859418" lat="52.3043383" lon="4.8671295" />
  <node id="7345859419" lat="52.3043336" lon="4.8672402" />
  <node id="7345859420" lat="52.3043278" lon="4.8673033" />
  <node id="7345859422" lat="52.3074704" lon="4.8670987" />
  <node id="7345859425" lat="52.3075404" lon="4.8671154" />
  <node id="7346103318" lat="52.3065844" lon="4.8673604" />
  <node id="7346103319" lat="52.3065845" lon="4.8676871" />
  <node id="7346225161" lat="52.3149059" lon="4.8676504" />
  <node id="7346225162" lat="52.3147809" lon="4.8676840" />
  <node id="7346225163" lat="52.3147933" lon="4.8674311" />
  <node id="7346225164" lat="52.3150487" lon="4.8669448" />
  <node id="7346225165" lat="52.3149781" lon="4.8668393" />
  <node id="7346225166" lat="52.3143779" lon="4.8668800" />
  <node id="7346225168" lat="52.3147738" lon="4.8661679" />
  <node id="7346225169" lat="52.3143808" lon="4.8656719" />
  <node id="7346225170" lat="52.3143336" lon="4.8652065" />
  <node id="7346225171" lat="52.3146944" lon="4.8650647" />
  <node id="7346225172" lat="52.3146600" lon="4.8645526" />
  <node id="7346225173" lat="52.3143929" lon="4.8645354" />
  <node id="7346225174" lat="52.3141793" lon="4.8636352" />
  <node id="7346225175" lat="52.3145438" lon="4.8638133" />
  <node id="7346412119" lat="52.3161519" lon="4.8676991" />
  <node id="7346412120" lat="52.3161610" lon="4.8677594" />
  <node id="7346412121" lat="52.3160782" lon="4.8678064" />
  <node id="7346412122" lat="52.3160568" lon="4.8677822" />
  <node id="7346412123" lat="52.3159421" lon="4.8678225" />
  <node id="7346412124" lat="52.3159298" lon="4.8678573" />
  <node id="7346412125" lat="52.3159003" lon="4.8678641" />
  <node id="7346412126" lat="52.3158634" lon="4.8678332" />
  <node id="7346412127" lat="52.3158215" lon="4.8676240" />
  <node id="7346412128" lat="52.3158517" lon="4.8676618" />
  <node id="7346412129" lat="52.3159060" lon="4.8676857" />
  <node id="7346412130" lat="52.3160404" lon="4.8677004" />
  <node id="7346412131" lat="52.3161101" lon="4.8676924" />
  <node id="7346412132" lat="52.3161142" lon="4.8679915" />
  <node id="7346412133" lat="52.3160913" lon="4.8682852" />
  <node id="7346412135" lat="52.3157524" lon="4.8682255" />
  <node id="7346412136" lat="52.3158896" lon="4.8681162" />
  <node id="7346412137" lat="52.3160634" lon="4.8680116" />
  <node id="7346412138" lat="52.3161077" lon="4.8679888" />
  <node id="7346412139" lat="52.3161978" lon="4.8677460" />
  <node id="7346412140" lat="52.3161700" lon="4.8675891" />
  <node id="7346412141" lat="52.3162060" lon="4.8675757" />
  <node id="7346412142" lat="52.3162667" lon="4.8675931" />
  <node id="7346412143" lat="52.3163249" lon="4.8676159" />
  <node id="7346412144" lat="52.3163003" lon="4.8676575" />
  <node id="7346412145" lat="52.3162446" lon="4.8677192" />
  <node id="7365246704" lat="52.3387525" lon="4.8257042" />
  <node id="7365246705" lat="52.3383495" lon="4.8246673" />
  <node id="7365246706" lat="52.3387164" lon="4.8267699" />
  <node id="7365246708" lat="52.3386111" lon="4.8254741" />
  <node id="7365246709" lat="52.3387430" lon="4.8253262" />
  <node id="7365246710" lat="52.3383407" lon="4.8246673" />
  <node id="7365246711" lat="52.3387364" lon="4.8272574" />
  <node id="7365246712" lat="52.3386941" lon="4.8261795" />
  <node id="7365246714" lat="52.3386239" lon="4.8254740" />
  <node id="7365246715" lat="52.3386995" lon="4.8253274" />
  <node id="7365246716" lat="52.3383432" lon="4.8239065" />
  <node id="7365246718" lat="52.3386564" lon="4.8254713" />
  <node id="7365246720" lat="52.3386812" lon="4.8243057" />
  <node id="7365246722" lat="52.3383550" lon="4.8230350" />
  <node id="7365246724" lat="52.3386784" lon="4.8254695" />
  <node id="7365246725" lat="52.3386964" lon="4.8272648" />
  <node id="7365246726" lat="52.3386645" lon="4.8230743" />
  <node id="7365246728" lat="52.3383586" lon="4.8223637" />
  <node id="7365246729" lat="52.3386864" lon="4.8257062" />
  <node id="7365246731" lat="52.3383605" lon="4.8217971" />
  <node id="7365246734" lat="52.3384093" lon="4.8217670" />
  <node id="7365246736" lat="52.3383722" lon="4.8217970" />
  <node id="7365246739" lat="52.3383991" lon="4.8223619" />
  <node id="7365246740" lat="52.3386955" lon="4.8216760" />
  <node id="7365246743" lat="52.3383864" lon="4.8230327" />
  <node id="7365246745" lat="52.3387227" lon="4.8216773" />
  <node id="7365246746" lat="52.3383720" lon="4.8217680" />
  <node id="7365246749" lat="52.3383653" lon="4.8239287" />
  <node id="7365246750" lat="52.3388068" lon="4.8272505" />
  <node id="7368482422" lat="52.3384445" lon="4.8267578" />
  <node id="7368482471" lat="52.3383880" lon="4.8267584" />
  <node id="7406025811" lat="52.3144584" lon="4.8636840" />
  <node id="7406025812" lat="52.3144108" lon="4.8638340" />
  <node id="7406025813" lat="52.3143814" lon="4.8639176" />
  <node id="7406025814" lat="52.3141961" lon="4.8637854" />
  <node id="7406025815" lat="52.3142245" lon="4.8636883" />
  <node id="7406025816" lat="52.3141760" lon="4.8636640" />
  <node id="7406025817" lat="52.3141986" lon="4.8637234" />
  <node id="7406025818" lat="52.3140483" lon="4.8635472" />
  <node id="7406025819" lat="52.3141396" lon="4.8636504" />
  <node id="7406025820" lat="52.3140884" lon="4.8637758" />
  <node id="7406025821" lat="52.3141713" lon="4.8635402" />
  <node id="7406025822" lat="52.3136816" lon="4.8636581" />
  <node id="7406025823" lat="52.3138783" lon="4.8635357" />
  <node id="7406025824" lat="52.3137252" lon="4.8635531" />
  <node id="7406025825" lat="52.3136735" lon="4.8635916" />
  <node id="7406025826" lat="52.3139627" lon="4.8637812" />
  <node id="7406025827" lat="52.3139352" lon="4.8637222" />
  <node id="7406025828" lat="52.3136907" lon="4.8637159" />
  <node id="7406032489" lat="52.3142356" lon="4.8638136" />
  <node id="7406032492" lat="52.3139755" lon="4.8635509" />
  <node id="7462518525" lat="52.3156387" lon="4.8715870" />
  <node id="7462518526" lat="52.3156217" lon="4.8714679" />
  <node id="7462518528" lat="52.3155076" lon="4.8713627" />
  <node id="7462518540" lat="52.3152541" lon="4.8714616" />
  <node id="7462518541" lat="52.3152645" lon="4.8714771" />
  <node id="7462518542" lat="52.3152844" lon="4.8715281" />
  <node id="7462518543" lat="52.3152920" lon="4.8715761" />
  <node id="7462518544" lat="52.3152892" lon="4.8716520" />
  <node id="7462518545" lat="52.3152806" lon="4.8716985" />
  <node id="7462518546" lat="52.3152901" lon="4.8717232" />
  <node id="7462518547" lat="52.3153090" lon="4.8717387" />
  <node id="7462518548" lat="52.3155570" lon="4.8716148" />
  <node id="7462518549" lat="52.3156349" lon="4.8715306" />
  <node id="7462518550" lat="52.3155658" lon="4.8714127" />
  <node id="7462518551" lat="52.3146392" lon="4.8724860" />
  <node id="7462518552" lat="52.3146738" lon="4.8726729" />
  <node id="7462518553" lat="52.3148656" lon="4.8725708" />
  <node id="7462518554" lat="52.3149478" lon="4.8725152" />
  <node id="7462518555" lat="52.3149262" lon="4.8723664" />
  <node id="7462518563" lat="52.3151422" lon="4.8722613" />
  <node id="7462518564" lat="52.3149787" lon="4.8718592" />
  <node id="7462518565" lat="52.3149664" lon="4.8718177" />
  <node id="7462518567" lat="52.3149891" lon="4.8718982" />
  <node id="7462518568" lat="52.3150147" lon="4.8719168" />
  <node id="7462518569" lat="52.3150412" lon="4.8719276" />
  <node id="7462518570" lat="52.3157539" lon="4.8716056" />
  <node id="7462518571" lat="52.3153656" lon="4.8721405" />
  <node id="7462518572" lat="52.3155891" lon="4.8720340" />
  <node id="7462518573" lat="52.3155738" lon="4.8718938" />
  <node id="7462518574" lat="52.3157305" lon="4.8718201" />
  <node id="7462518575" lat="52.3158258" lon="4.8717721" />
  <node id="7462518576" lat="52.3157737" lon="4.8715746" />
  <node id="7462518577" lat="52.3157955" lon="4.8715250" />
  <node id="7462518578" lat="52.3158078" lon="4.8714740" />
  <node id="7462518580" lat="52.3158040" lon="4.8714291" />
  <node id="7462518581" lat="52.3158002" lon="4.8713811" />
  <node id="7462518582" lat="52.3157898" lon="4.8713377" />
  <node id="7462518583" lat="52.3157709" lon="4.8713129" />
  <node id="7462518584" lat="52.3157558" lon="4.8712928" />
  <node id="7462520085" lat="52.3158248" lon="4.8712055" />
  <node id="7462520086" lat="52.3157330" lon="4.8712835" />
  <node id="7462520087" lat="52.3157018" lon="4.8712714" />
  <node id="7462520089" lat="52.3160182" lon="4.8723807" />
  <node id="7462520090" lat="52.3158917" lon="4.8717384" />
  <node id="7462520091" lat="52.3159766" lon="4.8722518" />
  <node id="7462520092" lat="52.3159263" lon="4.8723186" />
  <node id="7462520093" lat="52.3159739" lon="4.8722938" />
  <node id="7462520094" lat="52.3159659" lon="4.8725417" />
  <node id="7462520095" lat="52.3160297" lon="4.8726561" />
  <node id="7462520096" lat="52.3159652" lon="4.8725643" />
  <node id="7462520097" lat="52.3159551" lon="4.8725857" />
  <node id="7462520098" lat="52.3157783" lon="4.8726785" />
  <node id="7462520099" lat="52.3157992" lon="4.8728028" />
  <node id="7462520100" lat="52.3158158" lon="4.8728260" />
  <node id="7462520101" lat="52.3159051" lon="4.8727799" />
  <node id="7462520102" lat="52.3160579" lon="4.8725975" />
  <node id="7462520103" lat="52.3159014" lon="4.8716383" />
  <node id="7462520105" lat="52.3160125" lon="4.8722855" />
  <node id="7463259114" lat="52.3025751" lon="4.8645518" />
  <node id="7463259122" lat="52.3025864" lon="4.8644910" />
  <node id="7463259123" lat="52.3028018" lon="4.8648942" />
  <node id="7463259128" lat="52.3027595" lon="4.8648286" />
  <node id="7463259129" lat="52.3027780" lon="4.8647386" />
  <node id="7463259138" lat="52.3046338" lon="4.8654351">
    <tag k="amenity" v="bench" />
  </node>
  <node id="7608008932" lat="52.3165112" lon="4.8707077" />
  <node id="7608008933" lat="52.3172360" lon="4.8703876" />
  <node id="7638121563" lat="52.3157683" lon="4.8704686" />
  <node id="7638121564" lat="52.3159495" lon="4.8703869" />
  <node id="7638121565" lat="52.3160191" lon="4.8708644" />
  <node id="7638121566" lat="52.3160123" lon="4.8708914" />
  <node id="7638121567" lat="52.3159876" lon="4.8709417" />
  <node id="7638121568" lat="52.3159491" lon="4.8709710" />
  <node id="7638121569" lat="52.3159304" lon="4.8709752" />
  <node id="7638121570" lat="52.3159112" lon="4.8709715" />
  <node id="7638121571" lat="52.3158798" lon="4.8709526" />
  <node id="7638121572" lat="52.3158633" lon="4.8709323" />
  <node id="7638121573" lat="52.3158513" lon="4.8709082" />
  <node id="7638121574" lat="52.3158368" lon="4.8708569" />
  <node id="7638121575" lat="52.3158380" lon="4.8708155" />
  <node id="7638121576" lat="52.3160029" lon="4.8707373" />
  <node id="7638121577" lat="52.3160216" lon="4.8707938" />
  <node id="7638121578" lat="52.3157611" lon="4.8704314" />
  <node id="7638121579" lat="52.3157588" lon="4.8703924" />
  <node id="7638121580" lat="52.3157622" lon="4.8703603" />
  <node id="7638121581" lat="52.3157745" lon="4.8703136" />
  <node id="7638121582" lat="52.3157847" lon="4.8702916" />
  <node id="7638121583" lat="52.3158101" lon="4.8702618" />
  <node id="7638121584" lat="52.3158406" lon="4.8702450" />
  <node id="7638162885" lat="52.3158742" lon="4.8702478" />
  <node id="7638162886" lat="52.3158923" lon="4.8702577" />
  <node id="7638162887" lat="52.3159259" lon="4.8702989" />
  <node id="7638162888" lat="52.3159385" lon="4.8703307" />
  <node id="7700512325" lat="52.3081683" lon="4.8834429" />
  <node id="8168395336" lat="52.3046257" lon="4.8660407" />
  <node id="8168395341" lat="52.3044609" lon="4.8659214" />
  <node id="8189155635" lat="52.3158091" lon="4.8704109" />
  <node id="8189155636" lat="52.3157727" lon="4.8704280" />
  <node id="8189155637" lat="52.3157788" lon="4.8704806" />
  <node id="8189155638" lat="52.3157723" lon="4.8704701" />
  <node id="8189155639" lat="52.3157761" lon="4.8704685" />
  <node id="8189155640" lat="52.3157822" lon="4.8704792" />
  <node id="8189155641" lat="52.3158328" lon="4.8708350" />
  <node id="8189155642" lat="52.3158366" lon="4.8708300" />
  <node id="8189155643" lat="52.3158403" lon="4.8708279" />
  <node id="8189155644" lat="52.3158415" lon="4.8708793" />
  <node id="8189155645" lat="52.3158941" lon="4.8709635" />
  <node id="8189155646" lat="52.3159679" lon="4.8709604" />
  <node id="8189155654" lat="52.3160024" lon="4.8709159" />
  <node id="8189155655" lat="52.3160227" lon="4.8708293" />
  <node id="8189155656" lat="52.3160054" lon="4.8707502" />
  <node id="8189155657" lat="52.3160095" lon="4.8707482" />
  <node id="8189155658" lat="52.3160141" lon="4.8707490" />
  <node id="8189155659" lat="52.3159437" lon="4.8703554" />
  <node id="8189155660" lat="52.3159439" lon="4.8704029" />
  <node id="8189155661" lat="52.3158182" lon="4.8704628" />
  <node id="8189155662" lat="52.3159416" lon="4.8703898" />
  <node id="8189155663" lat="52.3157666" lon="4.8703370" />
  <node id="8189155664" lat="52.3157958" lon="4.8702759" />
  <node id="8189155665" lat="52.3158232" lon="4.8702514" />
  <node id="8189155666" lat="52.3158581" lon="4.8702438" />
  <node id="8189155667" lat="52.3159088" lon="4.8702731" />
  <node id="8910003981" lat="52.3101894" lon="4.8729839" />
  <node id="8910022367" lat="52.3139662" lon="4.8709579" />
  <node id="9674769389" lat="52.3390138" lon="4.8273122" />
  <node id="10567875088" lat="52.3400381" lon="4.8250196">
    <tag k="amenity" v="bench" />
    <tag k="backrest" v="no" />
  </node>
  <node id="10567875093" lat="52.3393552" lon="4.8247780">
    <tag k="amenity" v="bench" />
  </node>
  <node id="10567875094" lat="52.3400361" lon="4.8251183">
    <tag k="amenity" v="bench" />
  </node>
  <node id="10567875097" lat="52.3400467" lon="4.8256414" />
  <node id="10567875100" lat="52.3393785" lon="4.8248512">
    <tag k="amenity" v="bench" />
  </node>
  <node id="10951641144" lat="52.3165252" lon="4.8705297">
    <tag k="bus" v="yes" />
    <tag k="name" v="Amstelveen, Kronenburg" />
    <tag k="public_transport" v="stop_position" />
  </node>
  <node id="10951641145" lat="52.3165665" lon="4.8705954">
    <tag k="bus" v="yes" />
    <tag k="highway" v="bus_stop" />
    <tag k="name" v="Kronenburg" />
    <tag k="public_transport" v="platform" />
    <tag k="ref:IFOPT" v="NL:Q:30007392" />
  </node>
  <node id="11023557477" lat="52.3065233" lon="4.8567608" />
  <node id="11023601186" lat="52.3057166" lon="4.8668021" />
  <node id="11023601199" lat="52.3060951" lon="4.8667992" />
  <node id="11023601202" lat="52.3057134" lon="4.8669365" />
  <node id="11023613569" lat="52.3064603" lon="4.8666135" />
  <node id="11023613570" lat="52.3061247" lon="4.8666543" />
  <node id="11023613571" lat="52.3062973" lon="4.8664696" />
  <node id="11023613573" lat="52.3060577" lon="4.8665729" />
  <node id="11023613575" lat="52.3060004" lon="4.8667322" />
  <node id="11023622408" lat="52.3057501" lon="4.8669687" />
  <node id="11023647961" lat="52.3058839" lon="4.8661592" />
  <node id="11023647963" lat="52.3062185" lon="4.8659646" />
  <node id="11023647964" lat="52.3074997" lon="4.8663818" />
  <node id="11023647967" lat="52.3075001" lon="4.8663941" />
  <node id="11023647970" lat="52.3065643" lon="4.8661557" />
  <node id="11023647971" lat="52.3065624" lon="4.8662273" />
  <node id="11023647972" lat="52.3055988" lon="4.8664847" />
  <node id="11023647973" lat="52.3063226" lon="4.8660599" />
  <node id="11023647976" lat="52.3074685" lon="4.8661933" />
  <node id="11023647978" lat="52.3060807" lon="4.8659770" />
  <node id="11023647980" lat="52.3061481" lon="4.8658417" />
  <node id="11023647981" lat="52.3074061" lon="4.8661312" />
  <node id="11023647982" lat="52.3073109" lon="4.8661825" />
  <node id="11023647983" lat="52.3064751" lon="4.8661501" />
  <node id="11023647984" lat="52.3060131" lon="4.8660260" />
  <node id="11023647986" lat="52.3074999" lon="4.8663732" />
  <node id="11023647988" lat="52.3067825" lon="4.8661084" />
  <node id="11023647991" lat="52.3064139" lon="4.8661281" />
  <node id="11023647993" lat="52.3047001" lon="4.8659230" />
  <node id="11023647994" lat="52.3061416" lon="4.8659489" />
  <node id="11023647997" lat="52.3066052" lon="4.8662090" />
  <node id="11023653905" lat="52.3068412" lon="4.8661076" />
  <node id="11023653906" lat="52.3065384" lon="4.8663552" />
  <node id="11023653907" lat="52.3074246" lon="4.8661659" />
  <node id="11023653908" lat="52.3072340" lon="4.8661503" />
  <node id="11023653910" lat="52.3074945" lon="4.8661367" />
  <node id="11023653911" lat="52.3070264" lon="4.8661108" />
  <node id="11023653912" lat="52.3065858" lon="4.8663351" />
  <node id="11023653913" lat="52.3073531" lon="4.8661447" />
  <node id="11023653916" lat="52.3060091" lon="4.8657902" />
  <node id="11023653917" lat="52.3067027" lon="4.8661472" />
  <node id="11036488431" lat="52.3143809" lon="4.8667283" />
  <node id="11036488454" lat="52.3140246" lon="4.8635574" />
  <node id="11036488456" lat="52.3137547" lon="4.8635416" />
  <node id="11036488461" lat="52.3148499" lon="4.8658219" />
  <node id="11036488468" lat="52.3144286" lon="4.8667179" />
  <node id="11036488472" lat="52.3145276" lon="4.8656634" />
  <node id="11036488473" lat="52.3147516" lon="4.8661971" />
  <node id="11053791910" lat="52.3151140" lon="4.8682415" />
  <node id="11053791911" lat="52.3148851" lon="4.8682086" />
  <node id="11062999403" lat="52.3149940" lon="4.8697981" />
  <node id="11062999404" lat="52.3150540" lon="4.8697925" />
  <node id="11063007486" lat="52.3153572" lon="4.8703073" />
  <node id="11063007487" lat="52.3153763" lon="4.8704075" />
  <node id="11063007488" lat="52.3156006" lon="4.8702886" />
  <node id="11063007489" lat="52.3156329" lon="4.8701849" />
  <node id="11063007490" lat="52.3152351" lon="4.8701519" />
  <node id="11063007491" lat="52.3136245" lon="4.8712554" />
  <node id="11063007492" lat="52.3155431" lon="4.8700169" />
  <node id="11063007493" lat="52.3152034" lon="4.8703188" />
  <node id="11063007494" lat="52.3151474" lon="4.8703594" />
  <node id="11063007495" lat="52.3150742" lon="4.8704358" />
  <node id="11063007496" lat="52.3150384" lon="4.8704527" />
  <node id="11063007497" lat="52.3148926" lon="4.8705433" />
  <node id="11063007498" lat="52.3148378" lon="4.8705669" />
  <node id="11063007499" lat="52.3147917" lon="4.8705320" />
  <node id="11063007500" lat="52.3147640" lon="4.8705358" />
  <node id="11063007501" lat="52.3147501" lon="4.8705603" />
  <node id="11063007502" lat="52.3147467" lon="4.8706178" />
  <node id="11063007503" lat="52.3147305" lon="4.8706744" />
  <node id="11063007504" lat="52.3146365" lon="4.8707272" />
  <node id="11063029905" lat="52.3153700" lon="4.8691813" />
  <node id="11063029906" lat="52.3153769" lon="4.8688917" />
  <node id="11063029907" lat="52.3150217" lon="4.8686559" />
  <node id="11063031305" lat="52.3145864" lon="4.8707244" />
  <node id="11063031306" lat="52.3145431" lon="4.8706565" />
  <node id="11063031307" lat="52.3145045" lon="4.8706338" />
  <node id="11063031308" lat="52.3143552" lon="4.8707074" />
  <node id="11063031309" lat="52.3143073" lon="4.8708404" />
  <node id="11063031310" lat="52.3141937" lon="4.8709206" />
  <node id="11063031311" lat="52.3141084" lon="4.8709508" />
  <node id="11063031312" lat="52.3140691" lon="4.8708942" />
  <node id="11063031313" lat="52.3139792" lon="4.8709847" />
  <node id="11063031314" lat="52.3138327" lon="4.8711187" />
  <node id="11063031315" lat="52.3136309" lon="4.8712224" />
  <node id="11063031316" lat="52.3136240" lon="4.8712583" />
  <node id="11063031317" lat="52.3136424" lon="4.8712677" />
  <node id="11063031320" lat="52.3145662" lon="4.8708263" />
  <node id="11063031321" lat="52.3148637" lon="4.8706754" />
  <node id="11063031323" lat="52.3154288" lon="4.8702547" />
  <node id="11063031324" lat="52.3155407" lon="4.8701509" />
  <node id="11063031325" lat="52.3155591" lon="4.8700887" />
  <node id="11063031326" lat="52.3155822" lon="4.8700830" />
  <node id="11063031327" lat="52.3155776" lon="4.8700509" />
  <node id="11063031328" lat="52.3155603" lon="4.8700660" />
  <node id="11063031329" lat="52.3155487" lon="4.8700207" />
  <node id="11063031330" lat="52.3155095" lon="4.8699943" />
  <node id="11063031331" lat="52.3154473" lon="4.8700151" />
  <node id="11063031332" lat="52.3152466" lon="4.8701170" />
  <node id="11194187239" lat="52.3156456" lon="4.8812643" />
  <node id="11194973892" lat="52.3045778" lon="4.8653217" />
  <node id="11194973896" lat="52.3043647" lon="4.8650797" />
  <node id="11194973897" lat="52.3043494" lon="4.8651646" />
  <node id="11194973899" lat="52.3045960" lon="4.8652465" />
  <node id="11266502845" lat="52.3199104" lon="4.8718869" />
  <node id="11266514602" lat="52.3199192" lon="4.8725877" />
  <node id="11998799975" lat="52.3172866" lon="4.8703811" />
  <node id="11998799976" lat="52.3173487" lon="4.8703912" />
  <node id="11998799978" lat="52.3179639" lon="4.8702959" />
  <node id="11998799979" lat="52.3175841" lon="4.8704510" />
  <node id="11998799980" lat="52.3176159" lon="4.8704433" />
  <node id="11998799982" lat="52.3180276" lon="4.8702565" />
  <node id="11998799983" lat="52.3181131" lon="4.8701790" />
  <node id="12010195786" lat="52.3095132" lon="4.8832739" />
  <node id="12010195788" lat="52.3095674" lon="4.8832558" />
  <node id="12093684691" lat="52.3065530" lon="4.8664499" />
  <node id="12093684692" lat="52.3066925" lon="4.8664369" />
  <node id="12093684696" lat="52.3063860" lon="4.8666876" />
  <node id="12093718140" lat="52.3049576" lon="4.8656791" />
  <node id="12093718141" lat="52.3049389" lon="4.8658114" />
  <node id="12093718142" lat="52.3049228" lon="4.8657205" />
  <node id="12093718143" lat="52.3048085" lon="4.8661802" />
  <node id="12093718144" lat="52.3050127" lon="4.8658240" />
  <node id="12093718145" lat="52.3056852" lon="4.8673286" />
  <node id="12093718146" lat="52.3056136" lon="4.8670810" />
  <node id="12093718147" lat="52.3056941" lon="4.8670148" />
  <node id="12093718149" lat="52.3049024" lon="4.8658054" />
  <node id="12093718150" lat="52.3055662" lon="4.8672551" />
  <node id="12093718152" lat="52.3052407" lon="4.8659783" />
  <node id="12093718153" lat="52.3052553" lon="4.8660086" />
  <node id="12093718154" lat="52.3050140" lon="4.8658529" />
  <node id="12093718156" lat="52.3056281" lon="4.8668254" />
  <node id="12093718159" lat="52.3051012" lon="4.8658516" />
  <node id="12093718161" lat="52.3052758" lon="4.8660741" />
  <node id="12093718162" lat="52.3052863" lon="4.8660596" />
  <node id="12093724468" lat="52.3042459" lon="4.8656810" />
  <node id="12093724471" lat="52.3041574" lon="4.8654861" />
  <node id="12093724478" lat="52.3041424" lon="4.8656150" />
  <node id="12093724482" lat="52.3044858" lon="4.8656710" />
  <node id="12093724484" lat="52.3042206" lon="4.8658030" />
  <node id="12105402867" lat="52.3143694" lon="4.8637641" />
  <node id="12105681869" lat="52.3141776" lon="4.8719148" />
  <node id="12105681875" lat="52.3140315" lon="4.8720720" />
  <node id="12105681892" lat="52.3146589" lon="4.8717143" />
  <node id="12105681894" lat="52.3140966" lon="4.8721157" />
  <node id="12106031813" lat="52.3064794" lon="4.8659102" />
  <node id="12106031814" lat="52.3065694" lon="4.8658072" />
  <node id="12106031815" lat="52.3062007" lon="4.8657157" />
  <node id="12106031816" lat="52.3063194" lon="4.8657190" />
  <node id="12106031817" lat="52.3066088" lon="4.8657748" />
  <node id="12106031822" lat="52.3063508" lon="4.8657718" />
  <node id="12106031823" lat="52.3065839" lon="4.8659049" />
  <node id="12106031825" lat="52.3062663" lon="4.8655915" />
  <node id="12106031826" lat="52.3062963" lon="4.8654348" />
  <node id="12106031828" lat="52.3064654" lon="4.8658534" />
  <node id="12106031830" lat="52.3065357" lon="4.8658409" />
  <node id="12106031832" lat="52.3062571" lon="4.8654811" />
  <node id="12106031833" lat="52.3063078" lon="4.8654674" />
  <node id="12106031834" lat="52.3065774" lon="4.8657254" />
  <node id="12106031835" lat="52.3063819" lon="4.8658559" />
  <node id="12106038958" lat="52.3074809" lon="4.8664761" />
  <node id="12106038966" lat="52.3074599" lon="4.8663426" />
  <node id="12106038967" lat="52.3074551" lon="4.8662693" />
  <node id="12106038968" lat="52.3074512" lon="4.8664006" />
  <node id="12106038970" lat="52.3074530" lon="4.8663104" />
  <node id="12106038971" lat="52.3074421" lon="4.8664025" />
  <node id="12108197185" lat="52.3151589" lon="4.8704527" />
  <node id="12108197191" lat="52.3152237" lon="4.8705776" />
  <node id="12108197198" lat="52.3143887" lon="4.8710082" />
  <node id="12108198001" lat="52.3149412" lon="4.8707216" />
  <node id="12108198003" lat="52.3139014" lon="4.8712348" />
  <node id="12108198004" lat="52.3135564" lon="4.8713843" />
  <node id="12108198006" lat="52.3138617" lon="4.8711573" />
  <node id="12108198007" lat="52.3152668" lon="4.8703582" />
  <node id="12108198008" lat="52.3153851" lon="4.8704657" />
  <node id="12209800010" lat="52.3083465" lon="4.8834502" />
  <node id="12211562266" lat="52.3158650" lon="4.8244157" />
  <node id="12277247168" lat="52.3403941" lon="4.8267520" />
  <node id="12277247175" lat="52.3405688" lon="4.8273336" />
  <node id="12277247177" lat="52.3403641" lon="4.8269778" />
  <node id="12277247185" lat="52.3402777" lon="4.8267089" />
  <node id="12277247197" lat="52.3402122" lon="4.8271391" />
  <node id="12277250303" lat="52.3412441" lon="4.8273185" />
  <node id="12277250307" lat="52.3402281" lon="4.8273883" />
  <node id="12277250311" lat="52.3403614" lon="4.8267551" />
  <node id="12277250329" lat="52.3405001" lon="4.8271144" />
  <node id="12277250332" lat="52.3394976" lon="4.8272449" />
  <node id="12277250337" lat="52.3404802" lon="4.8255938" />
  <node id="12277250338" lat="52.3405158" lon="4.8272468" />
  <node id="12277250340" lat="52.3402840" lon="4.8270260" />
  <node id="12277250347" lat="52.3405060" lon="4.8255918" />
  <node id="12277250351" lat="52.3402979" lon="4.8269782" />
  <node id="12277250355" lat="52.3402618" lon="4.8267683" />
  <node id="12277250356" lat="52.3402667" lon="4.8273418" />
  <node id="12277250362" lat="52.3403940" lon="4.8270030" />
  <node id="12277250366" lat="52.3400930" lon="4.8272496" />
  <node id="12277250367" lat="52.3403989" lon="4.8269787" />
  <node id="12277250368" lat="52.3394979" lon="4.8272744" />
  <node id="12277250369" lat="52.3403708" lon="4.8267034" />
  <node id="12277250372" lat="52.3402665" lon="4.8272577" />
  <node id="12277250373" lat="52.3400929" lon="4.8272180" />
  <node id="12277250374" lat="52.3399019" lon="4.8272270" />
  <node id="12277250387" lat="52.3403894" lon="4.8267208" />
  <node id="12277250388" lat="52.3402702" lon="4.8270092" />
  <node id="12277250397" lat="52.3402683" lon="4.8272416" />
  <node id="12277250400" lat="52.3402284" lon="4.8271276" />
  <node id="12277250405" lat="52.3402622" lon="4.8269780" />
  <node id="12277250411" lat="52.3402616" lon="4.8267347" />
  <node id="12277250417" lat="52.3402459" lon="4.8274057" />
  <node id="12277250419" lat="52.3402966" lon="4.8267705" />
  <node id="12277250420" lat="52.3403786" lon="4.8270237" />
  <node id="12401771090" lat="52.3385748" lon="4.8256941">
    <tag k="operator" v="ProRail" />
    <tag k="railway" v="signal" />
    <tag k="railway:position:exact" v="58.496361" />
    <tag k="railway:signal:direction" v="backward" />
    <tag k="railway:signal:position" v="left" />
    <tag k="railway:signal:speed_limit" v="NL:314" />
    <tag k="railway:signal:speed_limit:form" v="sign" />
    <tag k="railway:signal:speed_limit:speed" v="80" />
    <tag k="source" v="ProRail" />
  </node>
  <node id="12468747715" lat="52.3086306" lon="4.8756732" />
  <node id="12468747716" lat="52.3086275" lon="4.8759020" />
  <node id="12485148160" lat="52.3159371" lon="4.8693836" />
  <node id="12485148161" lat="52.3158716" lon="4.8694292" />
  <node id="12485148162" lat="52.3157943" lon="4.8685314" />
  <node id="12485148164" lat="52.3157332" lon="4.8685013" />
  <node id="12485148171" lat="52.3157780" lon="4.8689067" />
  <node id="12485169202" lat="52.3156961" lon="4.8641890" />
  <node id="12485169204" lat="52.3156960" lon="4.8641996" />
  <node id="12485169206" lat="52.3157326" lon="4.8675593" />
  <node id="12555007395" lat="52.3199491" lon="4.8743722" />
  <node id="12555014681" lat="52.3216308" lon="4.8751501" />
  <node id="12571176611" lat="52.3162428" lon="4.8718407" />
  <node id="12571176612" lat="52.3161677" lon="4.8709524" />
  <node id="12571176613" lat="52.3162185" lon="4.8719570" />
  <node id="12571176614" lat="52.3162814" lon="4.8720698" />
  <node id="12571176615" lat="52.3163180" lon="4.8716955" />
  <node id="12571176616" lat="52.3160090" lon="4.8712155" />
  <node id="12571176617" lat="52.3163526" lon="4.8707821" />
  <node id="12571176618" lat="52.3160379" lon="4.8721447" />
  <node id="12571176619" lat="52.3162482" lon="4.8723329" />
  <node id="12571176620" lat="52.3158739" lon="4.8712367" />
  <node id="12571176621" lat="52.3161324" lon="4.8710833" />
  <node id="12571176622" lat="52.3159451" lon="4.8712467" />
  <node id="12571176623" lat="52.3160774" lon="4.8718390" />
  <node id="12571176624" lat="52.3161219" lon="4.8715906" />
  <node id="12571176625" lat="52.3160120" lon="4.8715872" />
  <node id="12571176626" lat="52.3161720" lon="4.8723651" />
  <node id="12571176627" lat="52.3160416" lon="4.8718411" />
  <node id="12571176628" lat="52.3159896" lon="4.8712339" />
  <node id="12571176629" lat="52.3162312" lon="4.8710403" />
  <node id="12571176631" lat="52.3162606" lon="4.8721364" />
  <node id="12571176632" lat="52.3164634" lon="4.8724038" />
  <node id="12571176633" lat="52.3164117" lon="4.8723534" />
  <node id="12571176634" lat="52.3161649" lon="4.8719276" />
  <node id="12571176635" lat="52.3162758" lon="4.8717547" />
  <node id="12571176638" lat="52.3163539" lon="4.8721813" />
  <node id="12571176639" lat="52.3163611" lon="4.8708540" />
  <node id="12571176640" lat="52.3161103" lon="4.8722399" />
  <node id="12571176641" lat="52.3160775" lon="4.8715931" />
  <node id="12571176642" lat="52.3160487" lon="4.8711976" />
  <node id="12571176643" lat="52.3160458" lon="4.8715326" />
  <node id="13005083332" lat="52.3158352" lon="4.8699842" />
  <node id="13005083333" lat="52.3156527" lon="4.8699998" />
  <node id="13005083334" lat="52.3155678" lon="4.8685980" />
  <node id="13005083335" lat="52.3157943" lon="4.8699861" />
  <node id="13005083336" lat="52.3148828" lon="4.8703724" />
  <node id="13005083337" lat="52.3156768" lon="4.8696953" />
  <node id="13005083338" lat="52.3157312" lon="4.8693164" />
  <node id="13005083339" lat="52.3156882" lon="4.8695715" />
  <node id="13005083340" lat="52.3157687" lon="4.8700031" />
  <node id="13005083341" lat="52.3155459" lon="4.8694031" />
  <node id="13005083342" lat="52.3157206" lon="4.8695554" />
  <node id="13005083343" lat="52.3154965" lon="4.8688106" />
  <node id="13005083344" lat="52.3148844" lon="4.8705177" />
  <node id="13005083345" lat="52.3156691" lon="4.8701115" />
  <node id="13005083346" lat="52.3147975" lon="4.8704519" />
  <node id="13005083347" lat="52.3148305" lon="4.8703203" />
  <node id="13005083348" lat="52.3155801" lon="4.8692608" />
  <node id="13005083349" lat="52.3156929" lon="4.8693071" />
  <node id="13005083351" lat="52.3156210" lon="4.8688925" />
  <node id="13005083352" lat="52.3156230" lon="4.8692895" />
  <node id="13005083353" lat="52.3157346" lon="4.8700301" />
  <node id="13005083354" lat="52.3156324" lon="4.8687204" />
  <node id="13005083355" lat="52.3155894" lon="4.8690852" />
  <node id="13005083356" lat="52.3156100" lon="4.8685605" />
  <node id="13005083357" lat="52.3156553" lon="4.8685359" />
  <node id="13005083358" lat="52.3149197" lon="4.8704495" />
  <node id="13005083360" lat="52.3158622" lon="4.8696847" />
  <node id="13005083361" lat="52.3155082" lon="4.8686362" />
  <node id="13005083362" lat="52.3157542" lon="4.8699126" />
  <node id="13005083363" lat="52.3154673" lon="4.8686386" />
  <node id="13005083364" lat="52.3154658" lon="4.8689636" />
  <node id="13005083365" lat="52.3155105" lon="4.8688506" />
  <node id="13005083366" lat="52.3159165" lon="4.8700006" />
  <node id="13005083367" lat="52.3157664" lon="4.8695870" />
  <node id="13005083368" lat="52.3156387" lon="4.8687664" />
  <node id="13005083369" lat="52.3157145" lon="4.8688503" />
  <node id="13005083370" lat="52.3157054" lon="4.8688001" />
  <node id="13005083371" lat="52.3154149" lon="4.8686754" />
  <node id="13005083372" lat="52.3154574" lon="4.8689134" />
  <node id="13005121280" lat="52.3133117" lon="4.8695284" />
  <node id="13005121286" lat="52.3133847" lon="4.8699224" />
  <node id="13005159116" lat="52.3174860" lon="4.8683890" />
  <node id="13109058923" lat="52.3059342" lon="4.8668267" />
  <node id="13109058924" lat="52.3057472" lon="4.8667918" />
  <node id="13358771448" lat="52.3162925" lon="4.8248646" />
  <node id="13358771449" lat="52.3158795" lon="4.8244112" />
  <node id="13358771450" lat="52.3171795" lon="4.8257923" />
  <node id="13358771451" lat="52.3171242" lon="4.8251091" />
  <node id="13358771452" lat="52.3161363" lon="4.8247494" />
  <node id="13358771453" lat="52.3168044" lon="4.8249323" />
  <node id="13358771454" lat="52.3168927" lon="4.8249167" />
  <node id="13358771455" lat="52.3172105" lon="4.8256448" />
  <node id="13358771456" lat="52.3170594" lon="4.8250077" />
  <node id="13358771457" lat="52.3165576" lon="4.8249668" />
  <node id="13358771458" lat="52.3169850" lon="4.8249530" />
  <node id="13358771459" lat="52.3171504" lon="4.8251864" />
  <node id="13358771460" lat="52.3172025" lon="4.8254957" />
  <node id="13358771461" lat="52.3166421" lon="4.8249662" />
  <node id="13358771462" lat="52.3159004" lon="4.8244258" />
  <node id="13358771463" lat="52.3158594" lon="4.8244461" />
  <node id="13358771464" lat="52.3164116" lon="4.8249191" />
  <node id="13358771465" lat="52.3171852" lon="4.8253133" />
  <node id="13358771466" lat="52.3171597" lon="4.8258125" />
  <node id="13358787354" lat="52.3152010" lon="4.8236384" />
  <node id="13358787355" lat="52.3153978" lon="4.8239002" />
  <node id="13358787356" lat="52.3150403" lon="4.8232704" />
  <node id="13358787359" lat="52.3151705" lon="4.8236520" />
  <node id="13358788700" lat="52.3171175" lon="4.8260604" />
  <node id="13360323910" lat="52.3147252" lon="4.8259166" />
  <node id="13360323915" lat="52.3161498" lon="4.8254739" />
  <node id="13360323922" lat="52.3155314" lon="4.8247032" />
  <node id="13360361753" lat="52.3152688" lon="4.8252484" />
  <node id="13360361754" lat="52.3156204" lon="4.8263742" />
  <node id="13360361757" lat="52.3146625" lon="4.8255054" />
  <node id="13360361758" lat="52.3147960" lon="4.8250521" />
  <node id="13360361759" lat="52.3147641" lon="4.8254525" />
  <node id="13360361761" lat="52.3147785" lon="4.8254100" />
  <node id="13360361762" lat="52.3151422" lon="4.8250508" />
  <node id="13431490165" lat="52.3170449" lon="4.8289485" />
  <node id="13431503583" lat="52.3148131" lon="4.8243432" />
  <node id="13431503584" lat="52.3148346" lon="4.8243193" />
  <node id="13431503585" lat="52.3147759" lon="4.8239084" />
  <node id="13431503587" lat="52.3147293" lon="4.8236047" />
  <node id="13431503588" lat="52.3147245" lon="4.8239997" />
  <node id="13447136011" lat="52.3176998" lon="4.8284292" />
  <node id="13730172694" lat="52.3095084" lon="4.8832927" />
  <node id="13961590794" lat="52.3386625" lon="4.8253279" />
  <node id="13961590795" lat="52.3386664" lon="4.8253281" />
  <node id="13961590796" lat="52.3383254" lon="4.8267580" />
  <node id="13961590797" lat="52.3384065" lon="4.8213768" />
  <node id="13961590798" lat="52.3386670" lon="4.8254704" />
  <node id="13961590799" lat="52.3383360" lon="4.8254533" />
  <node id="13961590800" lat="52.3384247" lon="4.8207594" />
  <node id="13961609101" lat="52.3384204" lon="4.8213777" />
  <node id="13961609102" lat="52.3383447" lon="4.8246673" />
  <node id="13961609103" lat="52.3386671" lon="4.8252794" />
  <node id="13961609104" lat="52.3386230" lon="4.8222232" />
  <node id="13961609105" lat="52.3386138" lon="4.8206096" />
  <node id="13961609106" lat="52.3386130" lon="4.8221861" />
  <node id="13961609107" lat="52.3384094" lon="4.8218614" />
  <node id="13961609108" lat="52.3384040" lon="4.8218612" />
  <node id="13961609109" lat="52.3385362" lon="4.8272814" />
  <node id="13961609110" lat="52.3384330" lon="4.8206072" />
  <node id="13961609111" lat="52.3386123" lon="4.8217043" />
  <node id="13961609112" lat="52.3384450" lon="4.8272798" />
  <node id="13961609113" lat="52.3383292" lon="4.8262505" />
  <way id="6319947">
    <nd ref="46244233" />
    <nd ref="1720610915" />
    <nd ref="1720610893" />
    <nd ref="1720610917" />
    <nd ref="46248799" />
    <nd ref="314412837" />
    <nd ref="1656744062" />
    <nd ref="46252023" />
    <nd ref="46256263" />
    <nd ref="46256732" />
    <nd ref="46258092" />
    <nd ref="1720610873" />
    <nd ref="1720610888" />
    <nd ref="881399278" />
    <nd ref="46258094" />
    <nd ref="420538109" />
    <nd ref="46244235" />
    <nd ref="1057076071" />
    <nd ref="46244233" />
    <tag k="landuse" v="commercial" />
    <tag k="layer" v="-1" />
    <tag k="name" v="Riekerpolder" />
  </way>
  <way id="26791230">
    <nd ref="298196721" />
    <nd ref="298196722" />
    <nd ref="298196723" />
    <nd ref="298196725" />
    <nd ref="298196273" />
    <nd ref="298196274" />
    <nd ref="298196275" />
    <nd ref="298196276" />
    <nd ref="298196277" />
    <nd ref="298196278" />
    <nd ref="298195325" />
    <nd ref="293889912" />
    <nd ref="293889913" />
    <nd ref="293889914" />
    <nd ref="293889915" />
    <nd ref="293889916" />
    <nd ref="293889917" />
    <nd ref="293889918" />
    <nd ref="293889919" />
    <nd ref="293889920" />
    <nd ref="293889892" />
    <nd ref="293889893" />
    <nd ref="298196721" />
    <tag k="landuse" v="commercial" />
  </way>
  <way id="27728075">
    <nd ref="299963986" />
    <nd ref="299964386" />
    <nd ref="299964067" />
    <nd ref="7242765533" />
    <nd ref="299964100" />
    <nd ref="4203243981" />
    <nd ref="299963980" />
    <nd ref="299963984" />
    <nd ref="299964116" />
    <nd ref="5116792304" />
    <nd ref="299964105" />
    <nd ref="299964010" />
    <nd ref="299964012" />
    <nd ref="299963982" />
    <nd ref="4328184525" />
    <nd ref="299969570" />
    <nd ref="299969571" />
    <nd ref="304483594" />
    <nd ref="304483595" />
    <nd ref="304483597" />
    <nd ref="304483598" />
    <nd ref="304483599" />
    <nd ref="304483600" />
    <nd ref="4753838322" />
    <nd ref="4328153892" />
    <nd ref="304483602" />
    <nd ref="304483603" />
    <nd ref="304483604" />
    <nd ref="1159341010" />
    <nd ref="304483606" />
    <nd ref="12468747716" />
    <nd ref="12468747715" />
    <nd ref="304483607" />
    <nd ref="8910003981" />
    <nd ref="304483608" />
    <nd ref="304483609" />
    <nd ref="304483611" />
    <nd ref="7462520105" />
    <nd ref="638364489" />
    <nd ref="724099195" />
    <nd ref="300008036" />
    <nd ref="300008035" />
    <nd ref="299964376" />
    <nd ref="299964298" />
    <nd ref="299964273" />
    <nd ref="11194187239" />
    <nd ref="299963951" />
    <nd ref="299964112" />
    <nd ref="299964074" />
    <nd ref="299964194" />
    <nd ref="299964013" />
    <nd ref="299964009" />
    <nd ref="299963992" />
    <nd ref="299964041" />
    <nd ref="299964049" />
    <nd ref="12010195788" />
    <nd ref="12010195786" />
    <nd ref="13730172694" />
    <nd ref="299963974" />
    <nd ref="12209800010" />
    <nd ref="7700512325" />
    <nd ref="299964137" />
    <nd ref="299964507" />
    <nd ref="299963965" />
    <nd ref="299964291" />
    <nd ref="299963986" />
    <tag k="landuse" v="residential" />
  </way>
  <way id="27868352">
    <nd ref="310234097" />
    <nd ref="563351542" />
    <nd ref="563351547" />
    <nd ref="563351551" />
    <nd ref="299964153" />
    <nd ref="299964149" />
    <nd ref="3560504583" />
    <nd ref="299964155" />
    <nd ref="1162238487" />
    <nd ref="12555014681" />
    <nd ref="299964090" />
    <nd ref="300008028" />
    <nd ref="300008030" />
    <nd ref="12555007395" />
    <nd ref="11266514602" />
    <nd ref="11266502845" />
    <nd ref="300008032" />
    <nd ref="301439989" />
    <nd ref="300008039" />
    <nd ref="8910022367" />
    <nd ref="304483584" />
    <nd ref="304483585" />
    <nd ref="304483586" />
    <nd ref="5682002559" />
    <nd ref="5669629565" />
    <nd ref="304483588" />
    <nd ref="304483589" />
    <nd ref="304483590" />
    <nd ref="304483592" />
    <nd ref="304483593" />
    <nd ref="299969573" />
    <nd ref="299969574" />
    <nd ref="299969575" />
    <nd ref="299969577" />
    <nd ref="299969578" />
    <nd ref="299969580" />
    <nd ref="299969581" />
    <nd ref="299969583" />
    <nd ref="299969585" />
    <nd ref="299969589" />
    <nd ref="304482550" />
    <nd ref="304482551" />
    <nd ref="304482552" />
    <nd ref="304482553" />
    <nd ref="11023557477" />
    <nd ref="304482554" />
    <nd ref="2965183535" />
    <nd ref="304482555" />
    <nd ref="300008348" />
    <nd ref="299963971" />
    <nd ref="310234097" />
    <tag k="landuse" v="residential" />
  </way>
  <way id="74600783">
    <nd ref="881356420" />
    <nd ref="881333412" />
    <nd ref="881424192" />
    <nd ref="881405144" />
    <nd ref="881338814" />
    <nd ref="881432405" />
    <nd ref="881411622" />
    <nd ref="881381818" />
    <nd ref="881397385" />
    <nd ref="881367446" />
    <nd ref="881341804" />
    <nd ref="881436412" />
    <nd ref="881374191" />
    <nd ref="881348150" />
    <nd ref="881419406" />
    <nd ref="881429148" />
    <nd ref="881409762" />
    <nd ref="881356420" />
    <tag k="landuse" v="forest" />
    <tag k="leaf_type" v="broadleaved" />
    <tag k="source" v="3dShapes" />
  </way>
  <way id="74601994">
    <nd ref="12277250372" />
    <nd ref="12277250356" />
    <nd ref="12277247175" />
    <nd ref="12277250303" />
    <nd ref="881359812" />
    <nd ref="12277250417" />
    <nd ref="12277250307" />
    <nd ref="881351776" />
    <nd ref="12277247197" />
    <nd ref="12277250400" />
    <nd ref="12277250329" />
    <nd ref="12277250337" />
    <nd ref="12277250347" />
    <nd ref="12277250338" />
    <nd ref="12277250397" />
    <nd ref="12277250372" />
    <tag k="landuse" v="grass" />
    <tag k="source" v="3dShapes" />
  </way>
  <way id="75637037">
    <nd ref="892905605" />
    <nd ref="892936805" />
    <nd ref="892938804" />
    <nd ref="13360361754" />
    <nd ref="892937975" />
    <nd ref="892909213" />
    <nd ref="892956852" />
    <nd ref="892934243" />
    <nd ref="892917752" />
    <nd ref="13360361753" />
    <nd ref="892918822" />
    <nd ref="892943848" />
    <nd ref="892947730" />
    <nd ref="892927702" />
    <nd ref="892958130" />
    <nd ref="892955102" />
    <nd ref="892931795" />
    <nd ref="892909070" />
    <nd ref="892906140" />
    <nd ref="892937671" />
    <nd ref="892937710" />
    <nd ref="892940978" />
    <nd ref="892929637" />
    <nd ref="13360323915" />
    <nd ref="892935330" />
    <nd ref="892957314" />
    <nd ref="892912174" />
    <nd ref="892898704" />
    <nd ref="892944792" />
    <nd ref="892923267" />
    <nd ref="892955921" />
    <nd ref="892927456" />
    <nd ref="892927266" />
    <nd ref="892942025" />
    <nd ref="892922060" />
    <nd ref="892954879" />
    <nd ref="892898019" />
    <nd ref="892936782" />
    <nd ref="892905605" />
    <tag k="landuse" v="forest" />
    <tag k="leaf_type" v="broadleaved" />
    <tag k="source" v="3dShapes" />
  </way>
  <way id="75637142">
    <nd ref="892945688" />
    <nd ref="13358787354" />
    <nd ref="892942638" />
    <nd ref="13358787355" />
    <nd ref="892936496" />
    <nd ref="892951397" />
    <nd ref="892937871" />
    <nd ref="892937039" />
    <nd ref="892938721" />
    <nd ref="892955344" />
    <nd ref="13360323922" />
    <nd ref="892921372" />
    <nd ref="892919536" />
    <nd ref="892952685" />
    <nd ref="892925386" />
    <nd ref="892911692" />
    <nd ref="892925108" />
    <nd ref="892933844" />
    <nd ref="892951493" />
    <nd ref="892929501" />
    <nd ref="892908554" />
    <nd ref="892922607" />
    <nd ref="13358787359" />
    <nd ref="892945688" />
    <tag k="landuse" v="forest" />
    <tag k="leaf_type" v="broadleaved" />
    <tag k="source" v="3dShapes" />
  </way>
  <way id="75637209">
    <nd ref="892932918" />
    <nd ref="892957573" />
    <nd ref="12211562266" />
    <nd ref="13358771463" />
    <nd ref="892954711" />
    <nd ref="892947257" />
    <nd ref="892949841" />
    <nd ref="892935442" />
    <nd ref="892899726" />
    <nd ref="892933051" />
    <nd ref="892935230" />
    <nd ref="892927634" />
    <nd ref="892940113" />
    <nd ref="892899572" />
    <nd ref="892954358" />
    <nd ref="892911774" />
    <nd ref="892943766" />
    <nd ref="892944909" />
    <nd ref="892907245" />
    <nd ref="892946226" />
    <nd ref="892896029" />
    <nd ref="892919311" />
    <nd ref="892930219" />
    <nd ref="892924381" />
    <nd ref="892942238" />
    <nd ref="892927520" />
    <nd ref="892919807" />
    <nd ref="892930724" />
    <nd ref="892943432" />
    <nd ref="892950581" />
    <nd ref="892919666" />
    <nd ref="892957818" />
    <nd ref="892948006" />
    <nd ref="892899500" />
    <nd ref="892903565" />
    <nd ref="892944087" />
    <nd ref="892932918" />
    <tag k="landuse" v="forest" />
    <tag k="leaf_type" v="broadleaved" />
    <tag k="source" v="3dShapes" />
  </way>
  <way id="75637324">
    <nd ref="892929493" />
    <nd ref="892943600" />
    <nd ref="13360361757" />
    <nd ref="892906481" />
    <nd ref="892923063" />
    <nd ref="892911014" />
    <nd ref="892920829" />
    <nd ref="892936294" />
    <nd ref="892929493" />
    <tag k="landuse" v="forest" />
    <tag k="source" v="3dShapes" />
  </way>
  <way id="75637558">
    <nd ref="892921243" />
    <nd ref="892909898" />
    <nd ref="892925134" />
    <nd ref="892931780" />
    <nd ref="892916628" />
    <nd ref="892948677" />
    <nd ref="892910101" />
    <nd ref="892915099" />
    <nd ref="892898919" />
    <nd ref="892946513" />
    <nd ref="892943832" />
    <nd ref="892938665" />
    <nd ref="892910286" />
    <nd ref="892907008" />
    <nd ref="892903228" />
    <nd ref="892916858" />
    <nd ref="892926283" />
    <nd ref="892895660" />
    <nd ref="13358788700" />
    <nd ref="892919234" />
    <nd ref="892942622" />
    <nd ref="892956191" />
    <nd ref="892957525" />
    <nd ref="892949404" />
    <nd ref="892951389" />
    <nd ref="892919865" />
    <nd ref="892954303" />
    <nd ref="892932141" />
    <nd ref="892940635" />
    <nd ref="892904978" />
    <nd ref="13447136011" />
    <nd ref="892927230" />
    <nd ref="892906569" />
    <nd ref="892921243" />
    <tag k="landuse" v="forest" />
    <tag k="source" v="3dShapes" />
  </way>
  <way id="75637900">
    <nd ref="892949260" />
    <nd ref="892946902" />
    <nd ref="892894794" />
    <nd ref="892912402" />
    <nd ref="892895735" />
    <nd ref="892933172" />
    <nd ref="892936317" />
    <nd ref="892904628" />
    <nd ref="892941605" />
    <nd ref="892953344" />
    <nd ref="892904182" />
    <nd ref="892933101" />
    <nd ref="892943636" />
    <nd ref="892929012" />
    <nd ref="892949260" />
    <tag k="landuse" v="forest" />
    <tag k="leaf_type" v="broadleaved" />
    <tag k="source" v="3dShapes" />
  </way>
  <way id="75637921">
    <nd ref="892926246" />
    <nd ref="892952032" />
    <nd ref="892917513" />
    <nd ref="892901118" />
    <nd ref="892904354" />
    <nd ref="892956445" />
    <nd ref="892957447" />
    <nd ref="892910390" />
    <nd ref="892894195" />
    <nd ref="892922241" />
    <nd ref="892918370" />
    <nd ref="892934097" />
    <nd ref="892944895" />
    <nd ref="892894741" />
    <nd ref="892939598" />
    <nd ref="892941151" />
    <nd ref="892933769" />
    <nd ref="892953985" />
    <nd ref="892918929" />
    <nd ref="892947348" />
    <nd ref="892906914" />
    <nd ref="892922837" />
    <nd ref="892942679" />
    <nd ref="892900087" />
    <nd ref="892911509" />
    <nd ref="13358787356" />
    <nd ref="892958135" />
    <nd ref="892948583" />
    <nd ref="892920933" />
    <nd ref="892918476" />
    <nd ref="892925116" />
    <nd ref="892924315" />
    <nd ref="892926246" />
    <tag k="landuse" v="forest" />
    <tag k="source" v="3dShapes" />
  </way>
  <way id="75638288">
    <nd ref="892923063" />
    <nd ref="892912704" />
    <nd ref="892927016" />
    <nd ref="892927822" />
    <nd ref="892925333" />
    <nd ref="892918351" />
    <nd ref="892906481" />
    <nd ref="892923063" />
    <tag k="landuse" v="forest" />
    <tag k="source" v="3dShapes" />
  </way>
  <way id="75638369">
    <nd ref="892938449" />
    <nd ref="892943721" />
    <nd ref="13360361761" />
    <nd ref="13360361759" />
    <nd ref="892894117" />
    <nd ref="892957110" />
    <nd ref="892941100" />
    <nd ref="892938851" />
    <nd ref="892942587" />
    <nd ref="892920407" />
    <nd ref="892936871" />
    <nd ref="892919011" />
    <nd ref="892925844" />
    <nd ref="892908725" />
    <nd ref="892936835" />
    <nd ref="892923960" />
    <nd ref="892924169" />
    <nd ref="892935519" />
    <nd ref="892906017" />
    <nd ref="892951823" />
    <nd ref="892919879" />
    <nd ref="13360361758" />
    <nd ref="892938449" />
    <tag k="landuse" v="forest" />
    <tag k="leaf_type" v="broadleaved" />
    <tag k="source" v="3dShapes" />
  </way>
  <way id="75638513">
    <nd ref="1758767156" />
    <nd ref="1758767163" />
    <nd ref="892910322" />
    <nd ref="892927568" />
    <nd ref="892934122" />
    <nd ref="892957823" />
    <nd ref="892957612" />
    <nd ref="892937082" />
    <nd ref="892945938" />
    <nd ref="892918839" />
    <nd ref="1758767173" />
    <nd ref="1758767181" />
    <nd ref="1758767182" />
    <nd ref="1758767183" />
    <nd ref="1758767184" />
    <nd ref="1758767188" />
    <nd ref="1758767194" />
    <nd ref="1758767185" />
    <nd ref="1758767190" />
    <nd ref="1758767192" />
    <nd ref="1758767202" />
    <nd ref="1758767200" />
    <nd ref="892957295" />
    <nd ref="1758767212" />
    <nd ref="1758767208" />
    <nd ref="892923063" />
    <nd ref="892912704" />
    <nd ref="892927016" />
    <nd ref="892927822" />
    <nd ref="892957219" />
    <nd ref="892956116" />
    <nd ref="892907604" />
    <nd ref="892895873" />
    <nd ref="892918958" />
    <nd ref="892938275" />
    <nd ref="892903491" />
    <nd ref="892940096" />
    <nd ref="892946238" />
    <nd ref="892927375" />
    <nd ref="892898615" />
    <nd ref="892958423" />
    <nd ref="892931059" />
    <nd ref="892906730" />
    <nd ref="892899051" />
    <nd ref="892938818" />
    <nd ref="892929234" />
    <nd ref="892896302" />
    <nd ref="892937177" />
    <nd ref="892907531" />
    <nd ref="892938157" />
    <nd ref="892904742" />
    <nd ref="892952079" />
    <nd ref="892956132" />
    <nd ref="892943528" />
    <nd ref="892950576" />
    <nd ref="892915936" />
    <nd ref="892950464" />
    <nd ref="892942415" />
    <nd ref="892923285" />
    <nd ref="892905118" />
    <nd ref="892952936" />
    <nd ref="892945298" />
    <nd ref="892955226" />
    <nd ref="892925565" />
    <nd ref="892958301" />
    <nd ref="892919219" />
    <nd ref="892909383" />
    <nd ref="892936559" />
    <nd ref="892910398" />
    <nd ref="892949472" />
    <nd ref="892930841" />
    <nd ref="892903583" />
    <nd ref="892937222" />
    <nd ref="892936097" />
    <nd ref="892893958" />
    <nd ref="892924420" />
    <nd ref="892944556" />
    <nd ref="892900406" />
    <nd ref="892953790" />
    <nd ref="892900828" />
    <nd ref="892920368" />
    <nd ref="892946128" />
    <nd ref="892938476" />
    <nd ref="892944495" />
    <nd ref="892955416" />
    <nd ref="892950714" />
    <nd ref="1758767156" />
    <tag k="landuse" v="meadow" />
    <tag k="meadow" v="pasture" />
    <tag k="name" v="Bizonweide" />
    <tag k="source" v="3dShapes" />
  </way>
  <way id="75638596">
    <nd ref="12211562266" />
    <nd ref="892957573" />
    <nd ref="892932918" />
    <nd ref="892949921" />
    <nd ref="892926414" />
    <nd ref="892911996" />
    <nd ref="892945532" />
    <nd ref="892915927" />
    <nd ref="892927048" />
    <nd ref="892957090" />
    <nd ref="892922701" />
    <nd ref="892939059" />
    <nd ref="892942196" />
    <nd ref="892910330" />
    <nd ref="892953718" />
    <nd ref="892936512" />
    <nd ref="892936886" />
    <nd ref="892924381" />
    <nd ref="892930219" />
    <nd ref="13358771466" />
    <nd ref="13358771450" />
    <nd ref="13358771455" />
    <nd ref="13358771460" />
    <nd ref="13358771465" />
    <nd ref="13358771459" />
    <nd ref="13358771451" />
    <nd ref="13358771456" />
    <nd ref="13358771458" />
    <nd ref="13358771454" />
    <nd ref="13358771453" />
    <nd ref="13358771461" />
    <nd ref="13358771457" />
    <nd ref="13358771464" />
    <nd ref="13358771448" />
    <nd ref="13358771452" />
    <nd ref="13358771462" />
    <nd ref="13358771449" />
    <nd ref="12211562266" />
    <tag k="landuse" v="forest" />
    <tag k="leaf_type" v="broadleaved" />
    <tag k="source" v="3dShapes" />
  </way>
  <way id="75638648">
    <nd ref="892938815" />
    <nd ref="892939315" />
    <nd ref="892953053" />
    <nd ref="892915103" />
    <nd ref="892953947" />
    <nd ref="892943714" />
    <nd ref="892923113" />
    <nd ref="892943742" />
    <nd ref="892954347" />
    <nd ref="892900100" />
    <nd ref="892946082" />
    <nd ref="892896061" />
    <nd ref="892901537" />
    <nd ref="892953772" />
    <nd ref="892927462" />
    <nd ref="892944712" />
    <nd ref="892895635" />
    <nd ref="892955781" />
    <nd ref="892910426" />
    <nd ref="13431503584" />
    <nd ref="892947571" />
    <nd ref="892900515" />
    <nd ref="892937634" />
    <nd ref="892895596" />
    <nd ref="892945950" />
    <nd ref="892952460" />
    <nd ref="892956325" />
    <nd ref="892943903" />
    <nd ref="892916909" />
    <nd ref="892925638" />
    <nd ref="892902991" />
    <nd ref="892943079" />
    <nd ref="892917780" />
    <nd ref="892932104" />
    <nd ref="892909749" />
    <nd ref="892911202" />
    <nd ref="892916951" />
    <nd ref="892944061" />
    <nd ref="892942286" />
    <nd ref="892938815" />
    <tag k="landuse" v="forest" />
    <tag k="source" v="3dShapes" />
  </way>
  <way id="75638673">
    <nd ref="892941605" />
    <nd ref="892939028" />
    <nd ref="892910474" />
    <nd ref="892911809" />
    <nd ref="13360323910" />
    <nd ref="892901926" />
    <nd ref="892955688" />
    <nd ref="892938930" />
    <nd ref="892910702" />
    <nd ref="892921107" />
    <nd ref="892905253" />
    <nd ref="892895426" />
    <nd ref="892953344" />
    <nd ref="892941605" />
    <tag k="landuse" v="forest" />
    <tag k="source" v="3dShapes" />
  </way>
  <way id="75638822">
    <nd ref="892907604" />
    <nd ref="892895873" />
    <nd ref="892918958" />
    <nd ref="892938275" />
    <nd ref="892903491" />
    <nd ref="892940096" />
    <nd ref="892946238" />
    <nd ref="892927375" />
    <nd ref="892898615" />
    <nd ref="892958423" />
    <nd ref="892931059" />
    <nd ref="892906730" />
    <nd ref="892899051" />
    <nd ref="892938818" />
    <nd ref="892929234" />
    <nd ref="892896302" />
    <nd ref="892938601" />
    <nd ref="892903654" />
    <nd ref="892923202" />
    <nd ref="892928899" />
    <nd ref="892943399" />
    <nd ref="892952352" />
    <nd ref="892907604" />
    <tag k="landuse" v="forest" />
    <tag k="leaf_type" v="broadleaved" />
    <tag k="source" v="3dShapes" />
  </way>
  <way id="75638867">
    <nd ref="892938914" />
    <nd ref="892925933" />
    <nd ref="892911860" />
    <nd ref="892931152" />
    <nd ref="892910840" />
    <nd ref="892904216" />
    <nd ref="892934563" />
    <nd ref="892908497" />
    <nd ref="892914464" />
    <nd ref="892939757" />
    <nd ref="892893835" />
    <nd ref="892942156" />
    <nd ref="892926363" />
    <nd ref="892926120" />
    <nd ref="892927510" />
    <nd ref="892946441" />
    <nd ref="892927725" />
    <nd ref="892899624" />
    <nd ref="892927924" />
    <nd ref="892939170" />
    <nd ref="892954180" />
    <nd ref="892924084" />
    <nd ref="892942733" />
    <nd ref="892935973" />
    <nd ref="892917045" />
    <nd ref="892928944" />
    <nd ref="892957267" />
    <nd ref="892953376" />
    <nd ref="892938914" />
    <tag k="landuse" v="forest" />
    <tag k="source" v="3dShapes" />
  </way>
  <way id="75638964">
    <nd ref="1758767308" />
    <nd ref="892943941" />
    <nd ref="1758767309" />
    <nd ref="892920707" />
    <nd ref="892930397" />
    <nd ref="892922269" />
    <nd ref="892942175" />
    <nd ref="892938417" />
    <nd ref="892914970" />
    <nd ref="13431503583" />
    <nd ref="892927329" />
    <nd ref="892918685" />
    <nd ref="892953030" />
    <nd ref="892943149" />
    <nd ref="892914697" />
    <nd ref="892954696" />
    <nd ref="13431503585" />
    <nd ref="892924342" />
    <nd ref="13431503587" />
    <nd ref="1761434610" />
    <nd ref="1761434599" />
    <nd ref="1761434590" />
    <nd ref="1761434577" />
    <nd ref="1761434581" />
    <nd ref="1761434595" />
    <nd ref="1761434607" />
    <nd ref="892952480" />
    <nd ref="13431503588" />
    <nd ref="892956054" />
    <nd ref="892957073" />
    <nd ref="892953875" />
    <nd ref="892943197" />
    <nd ref="892949741" />
    <nd ref="892944242" />
    <nd ref="892944288" />
    <nd ref="892896358" />
    <nd ref="892931124" />
    <nd ref="892932777" />
    <nd ref="892956266" />
    <nd ref="892923997" />
    <nd ref="892920230" />
    <nd ref="892929165" />
    <nd ref="892957410" />
    <nd ref="892918298" />
    <nd ref="892938833" />
    <nd ref="892926493" />
    <nd ref="892919996" />
    <nd ref="892943247" />
    <nd ref="892952294" />
    <nd ref="892953626" />
    <nd ref="892936551" />
    <nd ref="892922684" />
    <nd ref="892929318" />
    <nd ref="892901790" />
    <nd ref="892906648" />
    <nd ref="892922347" />
    <nd ref="892950802" />
    <nd ref="1758767271" />
    <nd ref="1758767279" />
    <nd ref="1758767284" />
    <nd ref="1758767300" />
    <nd ref="1758767268" />
    <nd ref="1758767267" />
    <nd ref="1758767269" />
    <nd ref="1758767277" />
    <nd ref="1758767299" />
    <nd ref="1758767281" />
    <nd ref="1758767298" />
    <nd ref="1758767275" />
    <nd ref="1758767266" />
    <nd ref="1758767283" />
    <nd ref="1758767302" />
    <nd ref="1758767304" />
    <nd ref="1758767305" />
    <nd ref="1758767306" />
    <nd ref="1758767307" />
    <nd ref="1758767308" />
    <tag k="landuse" v="forest" />
    <tag k="source" v="3dShapes" />
  </way>
  <way id="75639038">
    <nd ref="892912616" />
    <nd ref="892916041" />
    <nd ref="892922522" />
    <nd ref="892906411" />
    <nd ref="892925762" />
    <nd ref="892947377" />
    <nd ref="892920133" />
    <nd ref="892938181" />
    <nd ref="892898846" />
    <nd ref="892906272" />
    <nd ref="892918078" />
    <nd ref="892950070" />
    <nd ref="892895836" />
    <nd ref="892958062" />
    <nd ref="892928825" />
    <nd ref="892922277" />
    <nd ref="892943390" />
    <nd ref="892894285" />
    <nd ref="892951694" />
    <nd ref="892926506" />
    <nd ref="892905953" />
    <nd ref="892928907" />
    <nd ref="892903997" />
    <nd ref="892942803" />
    <nd ref="892895214" />
    <nd ref="892938310" />
    <nd ref="892953921" />
    <nd ref="892911936" />
    <nd ref="892923358" />
    <nd ref="892902093" />
    <nd ref="892943589" />
    <nd ref="892958214" />
    <nd ref="892942618" />
    <nd ref="892910463" />
    <nd ref="892896146" />
    <nd ref="892944844" />
    <nd ref="892936734" />
    <nd ref="892899217" />
    <nd ref="892922637" />
    <nd ref="892913228" />
    <nd ref="892922804" />
    <nd ref="892956440" />
    <nd ref="892908155" />
    <nd ref="892956009" />
    <nd ref="892930421" />
    <nd ref="892926216" />
    <nd ref="892939499" />
    <nd ref="892899597" />
    <nd ref="892912616" />
    <tag k="landuse" v="forest" />
    <tag k="source" v="3dShapes" />
  </way>
  <way id="75639041">
    <nd ref="892916412" />
    <nd ref="892947597" />
    <nd ref="892942557" />
    <nd ref="892912555" />
    <nd ref="892955487" />
    <nd ref="892915354" />
    <nd ref="892941968" />
    <nd ref="892954537" />
    <nd ref="892920163" />
    <nd ref="892944524" />
    <nd ref="892945493" />
    <nd ref="892955056" />
    <nd ref="892947530" />
    <nd ref="892929358" />
    <nd ref="892907423" />
    <nd ref="892954956" />
    <nd ref="892956217" />
    <nd ref="892950056" />
    <nd ref="892942431" />
    <nd ref="892913950" />
    <nd ref="892911754" />
    <nd ref="892905264" />
    <nd ref="892944434" />
    <nd ref="892916412" />
    <tag k="landuse" v="forest" />
    <tag k="leaf_type" v="broadleaved" />
    <tag k="source" v="3dShapes" />
  </way>
  <way id="75639150">
    <nd ref="892901926" />
    <nd ref="892942328" />
    <nd ref="892918433" />
    <nd ref="892938764" />
    <nd ref="892912152" />
    <nd ref="892900659" />
    <nd ref="892902787" />
    <nd ref="892910765" />
    <nd ref="892939629" />
    <nd ref="892947851" />
    <nd ref="892899130" />
    <nd ref="892944530" />
    <nd ref="892943979" />
    <nd ref="892907560" />
    <nd ref="892908192" />
    <nd ref="892910702" />
    <nd ref="892938930" />
    <nd ref="892955688" />
    <nd ref="892901926" />
    <tag k="landuse" v="forest" />
    <tag k="leaf_type" v="broadleaved" />
    <tag k="source" v="3dShapes" />
  </way>
  <way id="75639345">
    <nd ref="892953300" />
    <nd ref="892930123" />
    <nd ref="892928675" />
    <nd ref="13431490165" />
    <nd ref="892951844" />
    <nd ref="892936980" />
    <nd ref="892934856" />
    <nd ref="892914031" />
    <nd ref="892923010" />
    <nd ref="892942968" />
    <nd ref="892952752" />
    <nd ref="892955910" />
    <nd ref="892953694" />
    <nd ref="892903987" />
    <nd ref="892917471" />
    <nd ref="892915755" />
    <nd ref="892955050" />
    <nd ref="892941986" />
    <nd ref="892944380" />
    <nd ref="892926056" />
    <nd ref="892953885" />
    <nd ref="892914307" />
    <nd ref="892952384" />
    <nd ref="892924107" />
    <nd ref="892932576" />
    <nd ref="892955638" />
    <nd ref="892949128" />
    <nd ref="892909814" />
    <nd ref="892914098" />
    <nd ref="13360361762" />
    <nd ref="892951856" />
    <nd ref="892945095" />
    <nd ref="892919255" />
    <nd ref="892932352" />
    <nd ref="892947382" />
    <nd ref="892935251" />
    <nd ref="892950345" />
    <nd ref="892955437" />
    <nd ref="892908034" />
    <nd ref="892898919" />
    <nd ref="892915099" />
    <nd ref="892910101" />
    <nd ref="892948677" />
    <nd ref="892916628" />
    <nd ref="892931780" />
    <nd ref="892925134" />
    <nd ref="892909898" />
    <nd ref="892921243" />
    <nd ref="892953300" />
    <tag k="landuse" v="forest" />
    <tag k="source" v="3dShapes" />
  </way>
  <way id="100413888">
    <nd ref="1160863860" />
    <nd ref="1160838915" />
    <nd ref="1160849278" />
    <nd ref="1160859677" />
    <nd ref="1160874453" />
    <nd ref="1160846127" />
    <nd ref="1160857123" />
    <nd ref="1160863860" />
    <tag k="landuse" v="grass" />
    <tag k="source" v="3dShapes" />
  </way>
  <way id="100413965">
    <nd ref="12093724482" />
    <nd ref="5160670605" />
    <nd ref="5160670606" />
    <nd ref="5160670607" />
    <nd ref="11023647993" />
    <nd ref="5160670608" />
    <nd ref="5160670609" />
    <nd ref="8168395336" />
    <nd ref="5160670611" />
    <nd ref="8168395341" />
    <nd ref="12093724482" />
    <tag k="landuse" v="forest" />
    <tag k="source" v="3dShapes" />
  </way>
  <way id="100414028">
    <nd ref="1160866114" />
    <nd ref="1160880389" />
    <nd ref="1160835545" />
    <nd ref="1160845913" />
    <nd ref="1160861279" />
    <nd ref="11063029905" />
    <nd ref="11063029906" />
    <nd ref="1160875581" />
    <nd ref="1160830208" />
    <nd ref="1160872345" />
    <nd ref="1160887599" />
    <nd ref="1160839662" />
    <nd ref="11063029907" />
    <nd ref="1160850470" />
    <nd ref="1160882257" />
    <nd ref="1160866114" />
    <tag k="landuse" v="grass" />
  </way>
  <way id="100414109">
    <nd ref="1160854774" />
    <nd ref="1160869885" />
    <nd ref="1160883791" />
    <nd ref="1160852718" />
    <nd ref="1160865170" />
    <nd ref="1160878891" />
    <nd ref="1160834802" />
    <nd ref="1160883278" />
    <nd ref="1160837610" />
    <nd ref="1160848230" />
    <nd ref="1160858380" />
    <nd ref="1160834520" />
    <nd ref="1160844767" />
    <nd ref="11023653906" />
    <nd ref="1160856139" />
    <nd ref="11023653912" />
    <nd ref="1160869389" />
    <nd ref="1160841973" />
    <nd ref="1160852403" />
    <nd ref="1160864769" />
    <nd ref="1160878463" />
    <nd ref="1160849933" />
    <nd ref="1160860802" />
    <nd ref="1160875111" />
    <nd ref="1160829318" />
    <nd ref="1160845960" />
    <nd ref="12106038970" />
    <nd ref="12106038966" />
    <nd ref="12106038968" />
    <nd ref="11023647986" />
    <nd ref="11023647964" />
    <nd ref="11023647967" />
    <nd ref="1160857067" />
    <nd ref="1160870900" />
    <nd ref="12106038958" />
    <nd ref="1160885607" />
    <nd ref="540232349" />
    <nd ref="12106038971" />
    <nd ref="1160853948" />
    <nd ref="1160866161" />
    <nd ref="1160880450" />
    <nd ref="1160835578" />
    <nd ref="1160861952" />
    <nd ref="1160876381" />
    <nd ref="1160831456" />
    <nd ref="1160842992" />
    <nd ref="1160873124" />
    <nd ref="1160888764" />
    <nd ref="1160840309" />
    <nd ref="1160851063" />
    <nd ref="1160838429" />
    <nd ref="1160848764" />
    <nd ref="7345859422" />
    <nd ref="1160859084" />
    <nd ref="7345859425" />
    <nd ref="1160873791" />
    <nd ref="1160845519" />
    <nd ref="1160856814" />
    <nd ref="7346103319" />
    <nd ref="7346103318" />
    <nd ref="1160870402" />
    <nd ref="1160884769" />
    <nd ref="1160853297" />
    <nd ref="1160865668" />
    <nd ref="12093684692" />
    <nd ref="1160835191" />
    <nd ref="12093684691" />
    <nd ref="1160861491" />
    <nd ref="11023613569" />
    <nd ref="1160875885" />
    <nd ref="12093684696" />
    <nd ref="1160830679" />
    <nd ref="11023613571" />
    <nd ref="1160842631" />
    <nd ref="1160857480" />
    <nd ref="1160871635" />
    <nd ref="11023613570" />
    <nd ref="11023613573" />
    <nd ref="11023613575" />
    <nd ref="1160886910" />
    <nd ref="11023601199" />
    <nd ref="1160839385" />
    <nd ref="1160866899" />
    <nd ref="1160881578" />
    <nd ref="1160836374" />
    <nd ref="1160847080" />
    <nd ref="1160877270" />
    <nd ref="1160833161" />
    <nd ref="11023622408" />
    <nd ref="11023601202" />
    <nd ref="11023601186" />
    <nd ref="1160843620" />
    <nd ref="12093718156" />
    <nd ref="1160854920" />
    <nd ref="1160889796" />
    <nd ref="1160840832" />
    <nd ref="1160851502" />
    <nd ref="1160863284" />
    <nd ref="1160828302" />
    <nd ref="1160844134" />
    <nd ref="1160833914" />
    <nd ref="1160877840" />
    <nd ref="1160836149" />
    <nd ref="1160881344" />
    <nd ref="1160866745" />
    <nd ref="1160854774" />
    <tag k="landuse" v="forest" />
    <tag k="source" v="3dShapes" />
  </way>
  <way id="100414270">
    <nd ref="1160858234" />
    <nd ref="1160834370" />
    <nd ref="1160841844" />
    <nd ref="1160878337" />
    <nd ref="1160850613" />
    <nd ref="1160882492" />
    <nd ref="1160836973" />
    <nd ref="1160847787" />
    <nd ref="1160848668" />
    <nd ref="1160858234" />
    <tag k="landuse" v="forest" />
    <tag k="source" v="3dShapes" />
  </way>
  <way id="100414309">
    <nd ref="1160857694" />
    <nd ref="1160849879" />
    <nd ref="1160857422" />
    <nd ref="1160848201" />
    <nd ref="1160869291" />
    <nd ref="1160853230" />
    <nd ref="1160855628" />
    <nd ref="1160877221" />
    <nd ref="1160870338" />
    <nd ref="693417378" />
    <nd ref="12485169202" />
    <nd ref="12485169204" />
    <nd ref="2807191579" />
    <nd ref="2807191512" />
    <nd ref="2807191298" />
    <nd ref="1160871649" />
    <nd ref="12485169206" />
    <nd ref="1160847106" />
    <nd ref="1160837630" />
    <nd ref="1160857694" />
    <tag k="landuse" v="grass" />
    <tag k="source" v="3dShapes" />
  </way>
  <way id="100414354">
    <nd ref="1160839287" />
    <nd ref="1160849774" />
    <nd ref="1160860601" />
    <nd ref="12093718143" />
    <nd ref="1160875003" />
    <nd ref="1160846632" />
    <nd ref="1160857372" />
    <nd ref="1160871522" />
    <nd ref="1160886741" />
    <nd ref="1160854774" />
    <nd ref="1160866745" />
    <nd ref="1160881344" />
    <nd ref="1160836149" />
    <nd ref="1160877840" />
    <nd ref="1160833914" />
    <nd ref="1160844134" />
    <nd ref="1160828302" />
    <nd ref="1160839287" />
    <tag k="landuse" v="grass" />
    <tag k="source" v="3dShapes" />
  </way>
  <way id="100414479">
    <nd ref="1160830570" />
    <nd ref="1160883411" />
    <nd ref="1160837703" />
    <nd ref="1160848271" />
    <nd ref="1160861548" />
    <nd ref="1160836458" />
    <nd ref="1160884857" />
    <nd ref="1160862923" />
    <nd ref="1160889540" />
    <nd ref="1160870120" />
    <nd ref="1160856676" />
    <nd ref="1160889537" />
    <nd ref="1160873586" />
    <nd ref="1160858868" />
    <nd ref="1160848620" />
    <nd ref="1160877068" />
    <nd ref="1160862917" />
    <nd ref="1160842566" />
    <nd ref="1160830570" />
    <tag k="landuse" v="forest" />
    <tag k="source" v="3dShapes" />
  </way>
  <way id="100414503">
    <nd ref="1160880345" />
    <nd ref="1160835522" />
    <nd ref="1160845887" />
    <nd ref="1160876304" />
    <nd ref="1160831327" />
    <nd ref="1160842920" />
    <nd ref="1160853847" />
    <nd ref="5672088068" />
    <nd ref="1160840765" />
    <nd ref="1160851467" />
    <nd ref="1160880345" />
    <tag k="landuse" v="grass" />
    <tag k="source" v="3dShapes" />
  </way>
  <way id="100414921">
    <nd ref="4869936146" />
    <nd ref="12485148171" />
    <nd ref="4869936147" />
    <nd ref="12485148164" />
    <nd ref="4869936146" />
    <tag k="landuse" v="grass" />
    <tag k="source" v="3dShapes" />
  </way>
  <way id="100415757">
    <nd ref="1160840460" />
    <nd ref="1160851223" />
    <nd ref="1160862354" />
    <nd ref="1160876596" />
    <nd ref="1160848395" />
    <nd ref="1160858569" />
    <nd ref="1160873318" />
    <nd ref="1160889038" />
    <nd ref="1160840460" />
    <tag k="landuse" v="forest" />
    <tag k="source" v="3dShapes" />
  </way>
  <way id="100415882">
    <nd ref="1160863900" />
    <nd ref="12105681894" />
    <nd ref="12105681875" />
    <nd ref="1160838939" />
    <nd ref="12105681869" />
    <nd ref="12105681892" />
    <nd ref="1160863631" />
    <nd ref="7462518565" />
    <nd ref="7462518564" />
    <nd ref="7462518567" />
    <nd ref="7462518568" />
    <nd ref="7462518569" />
    <nd ref="7462518570" />
    <nd ref="7462518576" />
    <nd ref="7462518577" />
    <nd ref="7462518578" />
    <nd ref="7462518580" />
    <nd ref="7462518581" />
    <nd ref="7462518582" />
    <nd ref="7462518583" />
    <nd ref="7462518584" />
    <nd ref="7462520086" />
    <nd ref="7462520087" />
    <nd ref="7462520085" />
    <nd ref="7462520103" />
    <nd ref="7462520105" />
    <nd ref="7462520089" />
    <nd ref="7462520102" />
    <nd ref="7462520095" />
    <nd ref="7462520101" />
    <nd ref="7462520100" />
    <nd ref="7462520099" />
    <nd ref="7462520098" />
    <nd ref="7462520097" />
    <nd ref="7462520096" />
    <nd ref="7462520094" />
    <nd ref="7462520092" />
    <nd ref="7462520093" />
    <nd ref="7462520091" />
    <nd ref="7462520090" />
    <nd ref="7462518575" />
    <nd ref="7462518574" />
    <nd ref="7462518573" />
    <nd ref="7462518572" />
    <nd ref="7462518571" />
    <nd ref="7462518563" />
    <nd ref="7462518555" />
    <nd ref="7462518554" />
    <nd ref="7462518553" />
    <nd ref="7462518552" />
    <nd ref="7462518551" />
    <nd ref="693428481" />
    <nd ref="1160863900" />
    <tag k="landuse" v="grass" />
    <tag k="source" v="3dShapes" />
  </way>
  <way id="100416771">
    <nd ref="1160851467" />
    <nd ref="1160840765" />
    <nd ref="5672088068" />
    <nd ref="1160853847" />
    <nd ref="1160842920" />
    <nd ref="1160831327" />
    <nd ref="1160876304" />
    <nd ref="1160847785" />
    <nd ref="1160888663" />
    <nd ref="1160840245" />
    <nd ref="1160851028" />
    <nd ref="1160861883" />
    <nd ref="1160837504" />
    <nd ref="1160848180" />
    <nd ref="1160851467" />
    <tag k="landuse" v="grass" />
    <tag k="source" v="3dShapes" />
  </way>
  <way id="100416937">
    <nd ref="1160878337" />
    <nd ref="1160841844" />
    <nd ref="1160859614" />
    <nd ref="693485825" />
    <nd ref="1160862100" />
    <nd ref="693427090" />
    <nd ref="693400816" />
    <nd ref="1160870506" />
    <nd ref="1160871741" />
    <nd ref="1160843683" />
    <nd ref="1160851928" />
    <nd ref="1160828324" />
    <nd ref="1160841350" />
    <nd ref="1160856729" />
    <nd ref="1160878337" />
    <tag k="landuse" v="forest" />
    <tag k="source" v="3dShapes" />
  </way>
  <way id="100417154">
    <nd ref="1160843553" />
    <nd ref="1160854858" />
    <nd ref="1160866812" />
    <nd ref="1160857263" />
    <nd ref="1160871318" />
    <nd ref="1160886395" />
    <nd ref="1160839145" />
    <nd ref="1160843553" />
    <tag k="landuse" v="grass" />
    <tag k="source" v="3dShapes" />
  </way>
  <way id="100540710">
    <nd ref="1162238352" />
    <nd ref="11998799982" />
    <nd ref="11998799983" />
    <nd ref="1162239079" />
    <nd ref="1162236869" />
    <nd ref="1162237313" />
    <nd ref="1162237818" />
    <nd ref="1162238538" />
    <nd ref="1162236392" />
    <nd ref="1162237021" />
    <nd ref="1162237425" />
    <nd ref="1162237659" />
    <nd ref="1162237131" />
    <nd ref="1162239098" />
    <nd ref="1162236718" />
    <nd ref="1162237827" />
    <nd ref="1162237511" />
    <nd ref="1162236538" />
    <nd ref="1162238170" />
    <nd ref="1162237694" />
    <nd ref="1162239068" />
    <nd ref="1162238500" />
    <nd ref="1162236977" />
    <nd ref="1162239113" />
    <nd ref="1162237231" />
    <nd ref="1160848488" />
    <nd ref="1160840548" />
    <nd ref="1160845598" />
    <nd ref="7608008932" />
    <nd ref="1160835271" />
    <nd ref="7608008933" />
    <nd ref="11998799975" />
    <nd ref="11998799976" />
    <nd ref="1160838505" />
    <nd ref="11998799979" />
    <nd ref="11998799980" />
    <nd ref="11998799978" />
    <nd ref="1162238352" />
    <tag k="landuse" v="grass" />
    <tag k="source" v="3dShapes" />
  </way>
  <way id="159993073">
    <nd ref="1720610885" />
    <nd ref="1720610869" />
    <nd ref="881329521" />
    <nd ref="1720610865" />
    <nd ref="1720610882" />
    <nd ref="1720610911" />
    <nd ref="1720610862" />
    <nd ref="10567875097" />
    <nd ref="1720610885" />
    <tag k="landuse" v="commercial" />
    <tag k="layer" v="-1" />
  </way>
  <way id="164227402">
    <nd ref="1758767300" />
    <nd ref="1758767284" />
    <nd ref="1758767279" />
    <nd ref="1758767271" />
    <nd ref="892950802" />
    <nd ref="892922347" />
    <nd ref="892906648" />
    <nd ref="892901790" />
    <nd ref="892929318" />
    <nd ref="892922684" />
    <nd ref="892936551" />
    <nd ref="892953626" />
    <nd ref="892952294" />
    <nd ref="892943247" />
    <nd ref="892919996" />
    <nd ref="892926493" />
    <nd ref="892938833" />
    <nd ref="892918298" />
    <nd ref="892957410" />
    <nd ref="892929165" />
    <nd ref="892920230" />
    <nd ref="892923997" />
    <nd ref="892956266" />
    <nd ref="892932777" />
    <nd ref="892931124" />
    <nd ref="892896358" />
    <nd ref="892944288" />
    <nd ref="892944242" />
    <nd ref="892949741" />
    <nd ref="892942697" />
    <nd ref="892929493" />
    <nd ref="892936294" />
    <nd ref="892920829" />
    <nd ref="892911014" />
    <nd ref="892923063" />
    <nd ref="1758767208" />
    <nd ref="1758767206" />
    <nd ref="1758767204" />
    <nd ref="1758767196" />
    <nd ref="892929444" />
    <nd ref="892905010" />
    <nd ref="1758767186" />
    <nd ref="1758767198" />
    <nd ref="1758767220" />
    <nd ref="1760090460" />
    <nd ref="1758767227" />
    <nd ref="1758767226" />
    <nd ref="1758767224" />
    <nd ref="1758767222" />
    <nd ref="1758767223" />
    <nd ref="1758767225" />
    <nd ref="1758767228" />
    <nd ref="1758767238" />
    <nd ref="1758767246" />
    <nd ref="1758767262" />
    <nd ref="1758767268" />
    <nd ref="1758767300" />
    <tag k="landuse" v="meadow" />
    <tag k="meadow" v="pasture" />
    <tag k="source" v="3dShapes" />
  </way>
  <way id="200404880">
    <nd ref="2103982588" />
    <nd ref="12277250366" />
    <nd ref="12277250368" />
    <nd ref="12277250332" />
    <nd ref="12277250374" />
    <nd ref="12277250373" />
    <nd ref="2103982585" />
    <nd ref="2103982606" />
    <nd ref="2103982642" />
    <nd ref="2103982597" />
    <nd ref="2103982577" />
    <nd ref="2103982598" />
    <nd ref="2103982611" />
    <nd ref="9674769389" />
    <nd ref="2103982584" />
    <nd ref="881356420" />
    <nd ref="881409762" />
    <nd ref="881429148" />
    <nd ref="881419406" />
    <nd ref="881348150" />
    <nd ref="881416364" />
    <nd ref="881420714" />
    <nd ref="2103982588" />
    <tag k="landuse" v="grass" />
  </way>
  <way id="497939803">
    <nd ref="2781455156" />
    <nd ref="4894347219" />
    <nd ref="4894347220" />
    <nd ref="4894347221" />
    <nd ref="4894347222" />
    <nd ref="4894347223" />
    <nd ref="4894347224" />
    <nd ref="4894347225" />
    <nd ref="4894347226" />
    <nd ref="4894347227" />
    <nd ref="4894347228" />
    <nd ref="4894347229" />
    <nd ref="4894347230" />
    <nd ref="4894347231" />
    <nd ref="4894347232" />
    <nd ref="4894347233" />
    <nd ref="4894347234" />
    <nd ref="2781455239" />
    <nd ref="2781455156" />
    <tag k="addr:city" v="Amstelveen" />
    <tag k="addr:housenumber" v="6" />
    <tag k="addr:postcode" v="1181ER" />
    <tag k="addr:street" v="Laan Rozenburg" />
    <tag k="amenity" v="school" />
    <tag k="education" v="school" />
    <tag k="email" v="info@obs-michielderuyter.nl" />
    <tag k="isced:level" v="0;1" />
    <tag k="landuse" v="education" />
    <tag k="name" v="De Verrekijker" />
    <tag k="official_name" v="Openbare Basisschool De Verrekijker" />
    <tag k="old_name" v="Michiel de Ruyter School" />
    <tag k="operator" v="Amstelwijs" />
    <tag k="operator:type" v="private_non_profit" />
    <tag k="operator:website" v="https://www.amstelwijs.nl" />
    <tag k="operator:wikidata" v="Q139583682" />
    <tag k="phone" v="+31 20 6431596" />
    <tag k="school" v="primary" />
    <tag k="website" v="https://www.deverrekijkeramstelveen.nl" />
  </way>
  <way id="623840269">
    <nd ref="5891084252" />
    <nd ref="5891084274" />
    <nd ref="5891084263" />
    <nd ref="5891084250" />
    <nd ref="5891084271" />
    <nd ref="13109058924" />
    <nd ref="13109058923" />
    <nd ref="5891084248" />
    <nd ref="5891084259" />
    <nd ref="5891084252" />
    <tag k="addr:city" v="Amstelveen" />
    <tag k="addr:housenumber" v="137" />
    <tag k="addr:postcode" v="1181NC" />
    <tag k="addr:street" v="Burgemeester Haspelslaan" />
    <tag k="amenity" v="school" />
    <tag k="education" v="school" />
    <tag k="isced:level" v="0;1" />
    <tag k="landuse" v="education" />
    <tag k="name" v="Mio Mondo" />
    <tag k="official_name" v="Montessori Kindcentrum Mio Mondo" />
    <tag k="old_name" v="1e Montessorischool" />
    <tag k="operator" v="Amstelwijs" />
    <tag k="operator:website" v="https://www.amstelwijs.nl" />
    <tag k="operator:wikidata" v="Q139583682" />
    <tag k="pedagogy" v="montessori" />
    <tag k="phone" v="+31 20 6416117" />
    <tag k="school" v="primary" />
    <tag k="website" v="https://mkcmiomondo.nl" />
  </way>
  <way id="782669189">
    <nd ref="7309008032" />
    <nd ref="7309008003" />
    <nd ref="7309008011" />
    <nd ref="7309007994" />
    <nd ref="7309008032" />
    <tag k="landuse" v="grass" />
  </way>
  <way id="785824111">
    <nd ref="7345859405" />
    <nd ref="7345859406" />
    <nd ref="7345859407" />
    <nd ref="7345859408" />
    <nd ref="7345859409" />
    <nd ref="7345859410" />
    <nd ref="7345859411" />
    <nd ref="7345859412" />
    <nd ref="7345859413" />
    <nd ref="7345859414" />
    <nd ref="7345859415" />
    <nd ref="7345859416" />
    <nd ref="7345859417" />
    <nd ref="7345859418" />
    <nd ref="7345859419" />
    <nd ref="7345859420" />
    <nd ref="7345859405" />
    <tag k="landuse" v="grass" />
  </way>
  <way id="785875665">
    <nd ref="1160860148" />
    <nd ref="13005159116" />
    <nd ref="693400816" />
    <nd ref="1160870506" />
    <nd ref="1160871741" />
    <nd ref="1162238997" />
    <nd ref="1162237748" />
    <nd ref="1160852137" />
    <nd ref="1160864231" />
    <nd ref="1160878127" />
    <nd ref="1160860148" />
    <tag k="landuse" v="grass" />
  </way>
  <way id="785875673">
    <nd ref="7346412119" />
    <nd ref="7346412120" />
    <nd ref="7346412121" />
    <nd ref="7346412122" />
    <nd ref="7346412123" />
    <nd ref="7346412124" />
    <nd ref="7346412125" />
    <nd ref="7346412126" />
    <nd ref="7346412127" />
    <nd ref="7346412128" />
    <nd ref="7346412129" />
    <nd ref="7346412130" />
    <nd ref="7346412131" />
    <nd ref="7346412119" />
    <tag k="landuse" v="grass" />
  </way>
  <way id="785875674">
    <nd ref="7346412132" />
    <nd ref="7346412133" />
    <nd ref="2781454094" />
    <nd ref="7346412135" />
    <nd ref="7346412136" />
    <nd ref="7346412137" />
    <nd ref="7346412138" />
    <nd ref="7346412132" />
    <tag k="landuse" v="grass" />
  </way>
  <way id="785875675">
    <nd ref="7346412139" />
    <nd ref="7346412140" />
    <nd ref="7346412141" />
    <nd ref="7346412142" />
    <nd ref="7346412143" />
    <nd ref="7346412144" />
    <nd ref="7346412145" />
    <nd ref="7346412139" />
    <tag k="landuse" v="grass" />
  </way>
  <way id="787789771">
    <nd ref="7365246725" />
    <nd ref="7365246714" />
    <nd ref="7365246708" />
    <nd ref="5064860342" />
    <nd ref="5064860337" />
    <nd ref="5064860338" />
    <nd ref="5064860339" />
    <nd ref="5064860340" />
    <nd ref="5064860341" />
    <nd ref="5064860458" />
    <nd ref="7365246725" />
    <tag k="landuse" v="grass" />
  </way>
  <way id="787789772">
    <nd ref="7365246746" />
    <nd ref="7365246736" />
    <nd ref="7365246731" />
    <nd ref="7365246728" />
    <nd ref="7365246722" />
    <nd ref="7365246716" />
    <nd ref="7365246710" />
    <nd ref="13961609102" />
    <nd ref="7365246705" />
    <nd ref="7365246749" />
    <nd ref="7365246743" />
    <nd ref="7365246739" />
    <nd ref="7365246734" />
    <nd ref="7365246746" />
    <tag k="landuse" v="grass" />
  </way>
  <way id="787789774">
    <nd ref="7365246711" />
    <nd ref="7365246750" />
    <nd ref="7365246745" />
    <nd ref="7365246740" />
    <nd ref="7344321420" />
    <nd ref="7344321419" />
    <nd ref="7365246726" />
    <nd ref="7365246720" />
    <nd ref="7365246715" />
    <nd ref="7365246709" />
    <nd ref="7365246704" />
    <nd ref="2808308222" />
    <nd ref="2808308223" />
    <nd ref="2808308218" />
    <nd ref="2808308217" />
    <nd ref="7365246729" />
    <nd ref="7365246724" />
    <nd ref="13961590798" />
    <nd ref="7365246718" />
    <nd ref="7365246712" />
    <nd ref="7365246706" />
    <nd ref="7365246711" />
    <tag k="landuse" v="grass" />
  </way>
  <way id="797865086">
    <nd ref="7462518528" />
    <nd ref="7462518540" />
    <nd ref="7462518541" />
    <nd ref="7462518542" />
    <nd ref="7462518543" />
    <nd ref="7462518544" />
    <nd ref="7462518545" />
    <nd ref="7462518546" />
    <nd ref="7462518547" />
    <nd ref="7462518548" />
    <nd ref="7462518525" />
    <nd ref="7462518549" />
    <nd ref="7462518526" />
    <nd ref="7462518550" />
    <nd ref="7462518528" />
    <tag k="landuse" v="grass" />
  </way>
  <way id="817862516">
    <nd ref="7638121575" />
    <nd ref="8189155643" />
    <nd ref="8189155642" />
    <nd ref="8189155641" />
    <nd ref="7638121574" />
    <nd ref="8189155644" />
    <nd ref="7638121573" />
    <nd ref="7638121572" />
    <nd ref="7638121571" />
    <nd ref="8189155645" />
    <nd ref="7638121570" />
    <nd ref="7638121569" />
    <nd ref="7638121568" />
    <nd ref="8189155646" />
    <nd ref="7638121567" />
    <nd ref="8189155654" />
    <nd ref="7638121566" />
    <nd ref="7638121565" />
    <nd ref="8189155655" />
    <nd ref="7638121577" />
    <nd ref="8189155658" />
    <nd ref="8189155657" />
    <nd ref="8189155656" />
    <nd ref="7638121576" />
    <nd ref="7638121575" />
    <tag k="landuse" v="grass" />
  </way>
  <way id="817862517">
    <nd ref="7638121564" />
    <nd ref="8189155659" />
    <nd ref="7638162888" />
    <nd ref="7638162887" />
    <nd ref="8189155667" />
    <nd ref="7638162886" />
    <nd ref="7638162885" />
    <nd ref="8189155666" />
    <nd ref="7638121584" />
    <nd ref="8189155665" />
    <nd ref="7638121583" />
    <nd ref="8189155664" />
    <nd ref="7638121582" />
    <nd ref="7638121581" />
    <nd ref="8189155663" />
    <nd ref="7638121580" />
    <nd ref="7638121579" />
    <nd ref="7638121578" />
    <nd ref="7638121563" />
    <nd ref="8189155638" />
    <nd ref="8189155639" />
    <nd ref="8189155637" />
    <nd ref="8189155640" />
    <nd ref="8189155636" />
    <nd ref="8189155635" />
    <nd ref="8189155661" />
    <nd ref="8189155660" />
    <nd ref="8189155662" />
    <nd ref="7638121564" />
    <tag k="landuse" v="grass" />
  </way>
  <way id="1186987755">
    <nd ref="1160834725" />
    <nd ref="1160844992" />
    <nd ref="1160856443" />
    <nd ref="1160842777" />
    <nd ref="1160853581" />
    <nd ref="1160865881" />
    <nd ref="1160880076" />
    <nd ref="1160850874" />
    <nd ref="1160861694" />
    <nd ref="1160876105" />
    <nd ref="1160830964" />
    <nd ref="1160858104" />
    <nd ref="1160872878" />
    <nd ref="1160888381" />
    <nd ref="1160840050" />
    <nd ref="1160868801" />
    <nd ref="1160882919" />
    <nd ref="11023647961" />
    <nd ref="11023653916" />
    <nd ref="11023647980" />
    <nd ref="1160866419" />
    <nd ref="1160839031" />
    <nd ref="1160886106" />
    <nd ref="1160871152" />
    <nd ref="1160857193" />
    <nd ref="1160828531" />
    <nd ref="1160874620" />
    <nd ref="1160859831" />
    <nd ref="1160849391" />
    <nd ref="1160870642" />
    <nd ref="1160845720" />
    <nd ref="1160835365" />
    <nd ref="1160859297" />
    <nd ref="12093718162" />
    <nd ref="1160848922" />
    <nd ref="1160834725" />
    <tag k="landuse" v="grass" />
    <tag k="source" v="3dShapes" />
  </way>
  <way id="1188550199">
    <nd ref="1160851039" />
    <nd ref="1160861907" />
    <nd ref="1160837558" />
    <nd ref="1160848200" />
    <nd ref="1160858330" />
    <nd ref="1160873089" />
    <nd ref="1160844720" />
    <nd ref="11053791910" />
    <nd ref="1160856079" />
    <nd ref="1160869281" />
    <nd ref="1160883205" />
    <nd ref="1160858817" />
    <nd ref="11053791911" />
    <nd ref="1160873547" />
    <nd ref="1160875067" />
    <nd ref="693425420" />
    <nd ref="1160841928" />
    <nd ref="1160871603" />
    <nd ref="1160886853" />
    <nd ref="1160839349" />
    <nd ref="1160849875" />
    <nd ref="1160881506" />
    <nd ref="1160836260" />
    <nd ref="7346225161" />
    <nd ref="7346225162" />
    <nd ref="7346225163" />
    <nd ref="1160846758" />
    <nd ref="1160857421" />
    <nd ref="7346225164" />
    <nd ref="7346225165" />
    <nd ref="7346225166" />
    <nd ref="11036488431" />
    <nd ref="11036488468" />
    <nd ref="11036488473" />
    <nd ref="7346225168" />
    <nd ref="11036488461" />
    <nd ref="1160876332" />
    <nd ref="11036488472" />
    <nd ref="7346225169" />
    <nd ref="7346225170" />
    <nd ref="7346225171" />
    <nd ref="7346225172" />
    <nd ref="7346225173" />
    <nd ref="1160831372" />
    <nd ref="7406025813" />
    <nd ref="7406032489" />
    <nd ref="7406025814" />
    <nd ref="7406025817" />
    <nd ref="7406025816" />
    <nd ref="7406025819" />
    <nd ref="7406025820" />
    <nd ref="7406025826" />
    <nd ref="7406025827" />
    <nd ref="7406025828" />
    <nd ref="7406025822" />
    <nd ref="7406025825" />
    <nd ref="7406025824" />
    <nd ref="11036488456" />
    <nd ref="7406025823" />
    <nd ref="7406032492" />
    <nd ref="11036488454" />
    <nd ref="7406025818" />
    <nd ref="7406025821" />
    <nd ref="7346225174" />
    <nd ref="7406025815" />
    <nd ref="12105402867" />
    <nd ref="7406025812" />
    <nd ref="7406025811" />
    <nd ref="7346225175" />
    <nd ref="1160842944" />
    <nd ref="1160853881" />
    <nd ref="1160888697" />
    <nd ref="1160840272" />
    <nd ref="1160851039" />
    <tag k="landuse" v="grass" />
    <tag k="source" v="3dShapes" />
  </way>
  <way id="1191565084">
    <nd ref="11063007492" />
    <nd ref="11063031330" />
    <nd ref="11063031331" />
    <nd ref="11063031332" />
    <nd ref="11063007490" />
    <nd ref="11063007493" />
    <nd ref="11063007494" />
    <nd ref="11063007495" />
    <nd ref="11063007496" />
    <nd ref="11063007497" />
    <nd ref="11063007498" />
    <nd ref="11063007499" />
    <nd ref="11063007500" />
    <nd ref="11063007501" />
    <nd ref="11063007502" />
    <nd ref="11063007503" />
    <nd ref="11063007504" />
    <nd ref="11063031305" />
    <nd ref="11063031306" />
    <nd ref="11063031307" />
    <nd ref="11063031308" />
    <nd ref="11063031309" />
    <nd ref="11063031310" />
    <nd ref="11063031311" />
    <nd ref="11063031312" />
    <nd ref="11063031313" />
    <nd ref="11063031314" />
    <nd ref="11063031315" />
    <nd ref="11063007491" />
    <nd ref="11063031316" />
    <nd ref="1160831114" />
    <nd ref="1160876184" />
    <nd ref="1160859030" />
    <nd ref="1160873732" />
    <nd ref="1160889742" />
    <nd ref="1160851747" />
    <nd ref="1160882146" />
    <nd ref="1160856784" />
    <nd ref="13005121280" />
    <nd ref="13005121286" />
    <nd ref="693410602" />
    <nd ref="1160847857" />
    <nd ref="1160857952" />
    <nd ref="1160872640" />
    <nd ref="1160833076" />
    <nd ref="11062999403" />
    <nd ref="11062999404" />
    <nd ref="1160843572" />
    <nd ref="1160840460" />
    <nd ref="1160889038" />
    <nd ref="11063007489" />
    <nd ref="11063007488" />
    <nd ref="11063007487" />
    <nd ref="12108198008" />
    <nd ref="12108197191" />
    <nd ref="12108198001" />
    <nd ref="12108197198" />
    <nd ref="12108198003" />
    <nd ref="12108198004" />
    <nd ref="11063031317" />
    <nd ref="12108198006" />
    <nd ref="11063031320" />
    <nd ref="11063031321" />
    <nd ref="12108197185" />
    <nd ref="12108198007" />
    <nd ref="11063007486" />
    <nd ref="11063031323" />
    <nd ref="11063031324" />
    <nd ref="11063031325" />
    <nd ref="11063031326" />
    <nd ref="11063031327" />
    <nd ref="11063031328" />
    <nd ref="11063031329" />
    <nd ref="11063007492" />
    <tag k="landuse" v="grass" />
    <tag k="source" v="3dShapes" />
  </way>
  <way id="1208182197">
    <nd ref="11194973897" />
    <nd ref="11194973892" />
    <nd ref="11194973899" />
    <nd ref="11194973896" />
    <nd ref="11194973897" />
    <tag k="landuse" v="forest" />
    <tag k="leaf_type" v="broadleaved" />
  </way>
  <way id="1305768627">
    <nd ref="1160873356" />
    <nd ref="12093718154" />
    <nd ref="12093718144" />
    <nd ref="1160840990" />
    <nd ref="1160851612" />
    <nd ref="12093718159" />
    <nd ref="1160885041" />
    <nd ref="12093718152" />
    <nd ref="12093718153" />
    <nd ref="12093718161" />
    <nd ref="1160859297" />
    <nd ref="1160835365" />
    <nd ref="1160845720" />
    <nd ref="1160870642" />
    <nd ref="1160849391" />
    <nd ref="1160859831" />
    <nd ref="1160874620" />
    <nd ref="1160828531" />
    <nd ref="1160857193" />
    <nd ref="1160871152" />
    <nd ref="11023647984" />
    <nd ref="11023647978" />
    <nd ref="11023647994" />
    <nd ref="11023647963" />
    <nd ref="1160880803" />
    <nd ref="11023647973" />
    <nd ref="11023647991" />
    <nd ref="11023647983" />
    <nd ref="11023647970" />
    <nd ref="11023653917" />
    <nd ref="11023647988" />
    <nd ref="11023653905" />
    <nd ref="11023653911" />
    <nd ref="1160872677" />
    <nd ref="11023653908" />
    <nd ref="11023647982" />
    <nd ref="11023653913" />
    <nd ref="11023647981" />
    <nd ref="11023653910" />
    <nd ref="1160837137" />
    <nd ref="11023647986" />
    <nd ref="12106038968" />
    <nd ref="12106038966" />
    <nd ref="12106038970" />
    <nd ref="1160845960" />
    <nd ref="12106038967" />
    <nd ref="1160831468" />
    <nd ref="11023647976" />
    <nd ref="1160847893" />
    <nd ref="11023653907" />
    <nd ref="1160857981" />
    <nd ref="1160834044" />
    <nd ref="1160844248" />
    <nd ref="1160855671" />
    <nd ref="1160868323" />
    <nd ref="1160841508" />
    <nd ref="1160852055" />
    <nd ref="1160864080" />
    <nd ref="1160877985" />
    <nd ref="1160861121" />
    <nd ref="11023647997" />
    <nd ref="1160875408" />
    <nd ref="11023647971" />
    <nd ref="1160829823" />
    <nd ref="1160842258" />
    <nd ref="1160872074" />
    <nd ref="1160887354" />
    <nd ref="1160839577" />
    <nd ref="1160850338" />
    <nd ref="1160882013" />
    <nd ref="1160836663" />
    <nd ref="1160847476" />
    <nd ref="1160857721" />
    <nd ref="1160833519" />
    <nd ref="1160843833" />
    <nd ref="1160855184" />
    <nd ref="1160867248" />
    <nd ref="1160889159" />
    <nd ref="1160840491" />
    <nd ref="11023647972" />
    <nd ref="1160851271" />
    <nd ref="1160862439" />
    <nd ref="1160837941" />
    <nd ref="1160848427" />
    <nd ref="1160858612" />
    <nd ref="1160873356" />
    <tag k="landuse" v="grass" />
    <tag k="source" v="3dShapes" />
  </way>
  <way id="1305768628">
    <nd ref="12093718147" />
    <nd ref="12093718145" />
    <nd ref="12093718150" />
    <nd ref="12093718146" />
    <nd ref="12093718147" />
    <tag k="landuse" v="forest" />
    <tag k="leaf_type" v="broadleaved" />
  </way>
  <way id="1305768630">
    <nd ref="12093718142" />
    <nd ref="12093718149" />
    <nd ref="12093718141" />
    <nd ref="1160848385" />
    <nd ref="12093718140" />
    <nd ref="12093718142" />
    <tag k="landuse" v="forest" />
    <tag k="leaf_type" v="broadleaved" />
  </way>
  <way id="1305769807">
    <nd ref="12093724471" />
    <nd ref="1160833972" />
    <nd ref="1160859748" />
    <nd ref="1160828421" />
    <nd ref="12093724482" />
    <nd ref="8168395341" />
    <nd ref="5160670604" />
    <nd ref="1160841420" />
    <nd ref="12093724484" />
    <nd ref="12093724468" />
    <nd ref="12093724478" />
    <nd ref="12093724471" />
    <tag k="landuse" v="grass" />
  </way>
  <way id="1305769808">
    <nd ref="12093724471" />
    <nd ref="12093724478" />
    <nd ref="12093724468" />
    <nd ref="12093724484" />
    <nd ref="1160871087" />
    <nd ref="1160885935" />
    <nd ref="1160838969" />
    <nd ref="1160849329" />
    <nd ref="1160880713" />
    <nd ref="1160835728" />
    <nd ref="1160846182" />
    <nd ref="1160857158" />
    <nd ref="693434392" />
    <nd ref="1160842586" />
    <nd ref="1160853180" />
    <nd ref="1160887988" />
    <nd ref="7463259123" />
    <nd ref="7463259128" />
    <nd ref="7463259129" />
    <nd ref="1160839837" />
    <nd ref="1160861451" />
    <nd ref="7463259114" />
    <nd ref="7463259122" />
    <nd ref="1160855590" />
    <nd ref="1160868164" />
    <nd ref="1160839185" />
    <nd ref="1160849625" />
    <nd ref="1160860305" />
    <nd ref="1160851971" />
    <nd ref="1160863964" />
    <nd ref="1160877911" />
    <nd ref="12093724471" />
    <tag k="landuse" v="forest" />
    <tag k="source" v="3dShapes" />
  </way>
  <way id="1307227661">
    <nd ref="12106031833" />
    <nd ref="12106031826" />
    <nd ref="12106031832" />
    <nd ref="12106031815" />
    <nd ref="12106031835" />
    <nd ref="12106031813" />
    <nd ref="12106031823" />
    <nd ref="12106031817" />
    <nd ref="12106031834" />
    <nd ref="12106031814" />
    <nd ref="12106031830" />
    <nd ref="12106031828" />
    <nd ref="12106031822" />
    <nd ref="12106031816" />
    <nd ref="12106031825" />
    <nd ref="12106031833" />
    <tag k="landuse" v="forest" />
    <tag k="leaf_type" v="broadleaved" />
  </way>
  <way id="1327084205">
    <nd ref="12277250405" />
    <nd ref="12277250388" />
    <nd ref="12277250340" />
    <nd ref="12277250420" />
    <nd ref="12277250362" />
    <nd ref="12277250367" />
    <nd ref="12277247177" />
    <nd ref="12277250311" />
    <nd ref="12277247168" />
    <nd ref="12277250387" />
    <nd ref="12277250369" />
    <nd ref="12277247185" />
    <nd ref="12277250411" />
    <nd ref="12277250355" />
    <nd ref="12277250419" />
    <nd ref="12277250351" />
    <nd ref="12277250405" />
    <tag k="landuse" v="grass" />
  </way>
  <way id="1349628762">
    <nd ref="12485148161" />
    <nd ref="12485148160" />
    <nd ref="1160873047" />
    <nd ref="1160888642" />
    <nd ref="1160843946" />
    <nd ref="1160848668" />
    <nd ref="1160847787" />
    <nd ref="1160836973" />
    <nd ref="1160882492" />
    <nd ref="1160830570" />
    <nd ref="1160842566" />
    <nd ref="1160853149" />
    <nd ref="1160875544" />
    <nd ref="1160872276" />
    <nd ref="1160873449" />
    <nd ref="1160842908" />
    <nd ref="4869936148" />
    <nd ref="4869936145" />
    <nd ref="12485148161" />
    <tag k="landuse" v="grass" />
    <tag k="source" v="3dShapes" />
  </way>
  <way id="1349628763">
    <nd ref="12485148160" />
    <nd ref="12485148161" />
    <nd ref="12485148171" />
    <nd ref="4869936146" />
    <nd ref="12485148164" />
    <nd ref="12485148162" />
    <nd ref="12485148160" />
    <tag k="landuse" v="forest" />
    <tag k="leaf_type" v="broadleaved" />
  </way>
  <way id="1358357561">
    <nd ref="12571176632" />
    <nd ref="1162238350" />
    <nd ref="1162237629" />
    <nd ref="12571176615" />
    <nd ref="12571176629" />
    <nd ref="1160840548" />
    <nd ref="1160845598" />
    <nd ref="7608008932" />
    <nd ref="12571176617" />
    <nd ref="12571176639" />
    <nd ref="12571176612" />
    <nd ref="12571176635" />
    <nd ref="12571176638" />
    <nd ref="12571176633" />
    <nd ref="12571176632" />
    <tag k="landuse" v="grass" />
  </way>
  <way id="1358357562">
    <nd ref="12571176627" />
    <nd ref="12571176640" />
    <nd ref="12571176618" />
    <nd ref="12571176620" />
    <nd ref="12571176622" />
    <nd ref="12571176625" />
    <nd ref="12571176627" />
    <tag k="landuse" v="grass" />
  </way>
  <way id="1358357563">
    <nd ref="12571176631" />
    <nd ref="12571176614" />
    <nd ref="12571176611" />
    <nd ref="12571176621" />
    <nd ref="12571176642" />
    <nd ref="12571176624" />
    <nd ref="12571176613" />
    <nd ref="12571176631" />
    <tag k="landuse" v="grass" />
  </way>
  <way id="1358357565">
    <nd ref="12571176626" />
    <nd ref="12571176619" />
    <nd ref="12571176634" />
    <nd ref="12571176641" />
    <nd ref="12571176616" />
    <nd ref="12571176628" />
    <nd ref="12571176643" />
    <nd ref="12571176623" />
    <nd ref="12571176626" />
    <tag k="landuse" v="grass" />
  </way>
  <way id="1415256681">
    <nd ref="13005083335" />
    <nd ref="13005083340" />
    <nd ref="13005083362" />
    <nd ref="13005083339" />
    <nd ref="13005083352" />
    <nd ref="13005083355" />
    <nd ref="13005083361" />
    <nd ref="13005083334" />
    <nd ref="13005083351" />
    <nd ref="13005083349" />
    <nd ref="13005083342" />
    <nd ref="13005083335" />
    <tag k="landuse" v="grass" />
  </way>
  <way id="1415256682">
    <nd ref="13005083356" />
    <nd ref="13005083354" />
    <nd ref="13005083370" />
    <nd ref="13005083357" />
    <nd ref="13005083356" />
    <tag k="landuse" v="grass" />
  </way>
  <way id="1415256683">
    <nd ref="13005083347" />
    <nd ref="13005083346" />
    <nd ref="13005083344" />
    <nd ref="13005083358" />
    <nd ref="13005083336" />
    <nd ref="13005083347" />
    <tag k="landuse" v="forest" />
    <tag k="leaf_type" v="broadleaved" />
  </way>
  <way id="1415256684">
    <nd ref="13005083345" />
    <nd ref="13005083353" />
    <nd ref="13005083337" />
    <nd ref="13005083348" />
    <nd ref="13005083365" />
    <nd ref="13005083364" />
    <nd ref="13005083341" />
    <nd ref="13005083333" />
    <nd ref="13005083345" />
    <tag k="landuse" v="grass" />
  </way>
  <way id="1415256685">
    <nd ref="13005083368" />
    <nd ref="13005083338" />
    <nd ref="13005083367" />
    <nd ref="13005083332" />
    <nd ref="13005083366" />
    <nd ref="13005083360" />
    <nd ref="13005083369" />
    <nd ref="13005083368" />
    <tag k="landuse" v="grass" />
  </way>
  <way id="1415256686">
    <nd ref="13005083363" />
    <nd ref="13005083371" />
    <nd ref="13005083372" />
    <nd ref="13005083343" />
    <nd ref="13005083363" />
    <tag k="landuse" v="grass" />
  </way>
  <way id="1531856058">
    <nd ref="13961609105" />
    <nd ref="13961609110" />
    <nd ref="13961590800" />
    <nd ref="13961609101" />
    <nd ref="13961590797" />
    <nd ref="13961609108" />
    <nd ref="13961609107" />
    <nd ref="7365246739" />
    <nd ref="7365246743" />
    <nd ref="7365246749" />
    <nd ref="7365246705" />
    <nd ref="13961609102" />
    <nd ref="13961590799" />
    <nd ref="13961609113" />
    <nd ref="13961590796" />
    <nd ref="7368482471" />
    <nd ref="7368482422" />
    <nd ref="13961609112" />
    <nd ref="13961609109" />
    <nd ref="5064860457" />
    <nd ref="5064860458" />
    <nd ref="5064860341" />
    <nd ref="5064860340" />
    <nd ref="5064860339" />
    <nd ref="5064860338" />
    <nd ref="5064860337" />
    <nd ref="5064860342" />
    <nd ref="7365246708" />
    <nd ref="7365246714" />
    <nd ref="7365246725" />
    <nd ref="7365246711" />
    <nd ref="7365246706" />
    <nd ref="7365246712" />
    <nd ref="7365246718" />
    <nd ref="13961590798" />
    <nd ref="13961590794" />
    <nd ref="13961590795" />
    <nd ref="13961609103" />
    <nd ref="13961609104" />
    <nd ref="13961609106" />
    <nd ref="13961609111" />
    <nd ref="13961609105" />
    <tag k="landuse" v="railway" />
    <tag k="name" v="Amsterdam Riekerpolder aansluiting" />
  </way>

<note>The data included in this document is from www.openstreetmap.org. The data is made available under ODbL.</note>
<meta osm_base="2026-09-03T09:12:41Z" />

  <node id="46064499" lat="52.2944492" lon="4.7922044" />
  <node id="46070774" lat="52.2971906" lon="4.7910684" />
  <node id="46071260" lat="52.2974549" lon="4.7864320" />
  <node id="46073602" lat="52.2971295" lon="4.7933671" />
  <node id="46076698" lat="52.2985711" lon="4.7931026" />
  <node id="46077605" lat="52.2987128" lon="4.7882446" />
  <node id="46080818" lat="52.2995020" lon="4.7943112" />
  <node id="46083447" lat="52.3003714" lon="4.7898496" />
  <node id="46087250" lat="52.3008388" lon="4.7956254" />
  <node id="46089668" lat="52.2998852" lon="4.7946202" />
  <node id="46092059" lat="52.3023854" lon="4.7927467" />
  <node id="46092941" lat="52.3017852" lon="4.7974269" />
  <node id="46094237" lat="52.3030660" lon="4.7939495" />
  <node id="46103404" lat="52.3038895" lon="4.8022543" />
  <node id="46105275" lat="52.3049605" lon="4.8048684" />
  <node id="46112986" lat="52.3074149" lon="4.8066371" />
  <node id="46120764" lat="52.3081812" lon="4.7997706" />
  <node id="46124841" lat="52.3097243" lon="4.8027563" />
  <node id="46131960" lat="52.3097709" lon="4.8130754" />
  <node id="46133689" lat="52.3114711" lon="4.8140882" />
  <node id="46136206" lat="52.3109430" lon="4.8112628" />
  <node id="46136209" lat="52.3119767" lon="4.8131597" />
  <node id="46139831" lat="52.3130419" lon="4.8074262" />
  <node id="46142814" lat="52.3143485" lon="4.8092215" />
  <node id="46422759" lat="52.3793520" lon="4.7386563" />
  <node id="46429845" lat="52.3805629" lon="4.7364215" />
  <node id="46431197" lat="52.3810000" lon="4.7369000" />
  <node id="46431199" lat="52.3807953" lon="4.7408459" />
  <node id="46431617" lat="52.3811000" lon="4.7369000" />
  <node id="46433506" lat="52.3815426" lon="4.7360843" />
  <node id="46433507" lat="52.3818045" lon="4.7417873" />
  <node id="46434458" lat="52.3818113" lon="4.7355770" />
  <node id="46436372" lat="52.3820607" lon="4.7350696" />
  <node id="46440261" lat="52.3831637" lon="4.7429949" />
  <node id="46441931" lat="52.3833484" lon="4.7432989" />
  <node id="46444549" lat="52.3838039" lon="4.7411486" />
  <node id="46445435" lat="52.3841234" lon="4.7315023" />
  <node id="46447790" lat="52.3855032" lon="4.7300154" />
  <node id="46449777" lat="52.3855722" lon="4.7296646" />
  <node id="46449778" lat="52.3851939" lon="4.7365768" />
  <node id="46450689" lat="52.3855103" lon="4.7349033" />
  <node id="46451538" lat="52.3856878" lon="4.7337962" />
  <node id="46452560" lat="52.3859124" lon="4.7295933" />
  <node id="46452561" lat="52.3859307" lon="4.7317639" />
  <node id="46487994" lat="52.3944314" lon="4.9341491">
    <tag k="bus" v="yes" />
    <tag k="name" v="Nieuwe Purmerweg" />
    <tag k="public_transport" v="stop_position" />
  </node>
  <node id="46500858" lat="52.3987704" lon="4.9469665" />
  <node id="256070761" lat="52.3116967" lon="4.8133500" />
  <node id="256070762" lat="52.3084852" lon="4.8119510" />
  <node id="256070763" lat="52.3076704" lon="4.8109171" />
  <node id="256070764" lat="52.3063913" lon="4.8091873" />
  <node id="256070765" lat="52.3058088" lon="4.8075908" />
  <node id="256072580" lat="52.3081704" lon="4.8115733" />
  <node id="256073747" lat="52.3076718" lon="4.8005784" />
  <node id="256074300" lat="52.3090469" lon="4.8040416" />
  <node id="256074909" lat="52.3097761" lon="4.8059832" />
  <node id="256074910" lat="52.3091452" lon="4.8071660" />
  <node id="256074911" lat="52.3087686" lon="4.8070072" />
  <node id="256074912" lat="52.3084432" lon="4.8075736" />
  <node id="256075017" lat="52.3092386" lon="4.8069823" />
  <node id="256107319" lat="52.3087791" lon="4.8006128" />
  <node id="256107699" lat="52.3085692" lon="4.8010419" />
  <node id="295581331" lat="52.4034466" lon="4.9458233" />
  <node id="295581338" lat="52.3863231" lon="4.9478311" />
  <node id="295581340" lat="52.3906699" lon="4.9250611" />
  <node id="295581345" lat="52.4019117" lon="4.9494078" />
  <node id="295581346" lat="52.3890955" lon="4.9443429" />
  <node id="295581350" lat="52.4056082" lon="4.9399694" />
  <node id="295581351" lat="52.3896320" lon="4.9425395" />
  <node id="295581356" lat="52.3913372" lon="4.9332234" />
  <node id="295581357" lat="52.4018620" lon="4.9350382" />
  <node id="295581362" lat="52.3911925" lon="4.9293966" />
  <node id="295581366" lat="52.3976713" lon="4.9275650" />
  <node id="295581368" lat="52.3944574" lon="4.9246194" />
  <node id="296163287" lat="52.4011391" lon="4.9318494" />
  <node id="299679731" lat="52.3932195" lon="4.9444792" />
  <node id="299679733" lat="52.3951065" lon="4.9389569" />
  <node id="299681033" lat="52.3864439" lon="4.9502054" />
  <node id="299681034" lat="52.3895052" lon="4.9496409" />
  <node id="299681035" lat="52.3898176" lon="4.9511712" />
  <node id="299681036" lat="52.3903519" lon="4.9509137" />
  <node id="299681037" lat="52.3881134" lon="4.9503613" />
  <node id="299681039" lat="52.3880328" lon="4.9500519" />
  <node id="300946068" lat="52.3945353" lon="4.9353191" />
  <node id="300946070" lat="52.3934617" lon="4.9351161" />
  <node id="300946072" lat="52.3945282" lon="4.9402364" />
  <node id="300946074" lat="52.3942366" lon="4.9389296" />
  <node id="300946076" lat="52.3939263" lon="4.9382063" />
  <node id="300946078" lat="52.3928519" lon="4.9358715" />
  <node id="300946089" lat="52.3912721" lon="4.9403852" />
  <node id="300946093" lat="52.3910492" lon="4.9404447" />
  <node id="304553020" lat="52.3976420" lon="4.9418037" />
  <node id="304553307" lat="52.3993572" lon="4.9332328" />
  <node id="304553308" lat="52.4005738" lon="4.9330269" />
  <node id="304553959" lat="52.3988851" lon="4.9470896" />
  <node id="353191554" lat="52.3911068" lon="4.9246260" />
  <node id="353191555" lat="52.3934929" lon="4.9241596" />
  <node id="545834052" lat="52.3949493" lon="4.9251780" />
  <node id="569191350" lat="52.4015028" lon="4.9471184" />
  <node id="569191356" lat="52.4014524" lon="4.9472525" />
  <node id="569191376" lat="52.4013267" lon="4.9485714" />
  <node id="569191394" lat="52.4012814" lon="4.9486818" />
  <node id="569191399" lat="52.4019337" lon="4.9491140" />
  <node id="611869764" lat="52.3931323" lon="4.9359019" />
  <node id="611869766" lat="52.3915869" lon="4.9386200" />
  <node id="617693737" lat="52.3098069" lon="4.8058353" />
  <node id="617693738" lat="52.3097503" lon="4.8059428" />
  <node id="617693740" lat="52.3093166" lon="4.8051087" />
  <node id="617693820" lat="52.3088373" lon="4.8106885" />
  <node id="694170517" lat="52.4014396" lon="4.9486295" />
  <node id="694170562" lat="52.4015908" lon="4.9478929" />
  <node id="694170659" lat="52.4027341" lon="4.9474207" />
  <node id="694170703" lat="52.4011805" lon="4.9490504" />
  <node id="694170743" lat="52.4014925" lon="4.9474529" />
  <node id="694170883" lat="52.4012346" lon="4.9488774" />
  <node id="694171029" lat="52.4002467" lon="4.9488748" />
  <node id="694171041" lat="52.4025910" lon="4.9477646" />
  <node id="694171088" lat="52.4013426" lon="4.9486745" />
  <node id="694171133" lat="52.4014562" lon="4.9488684" />
  <node id="694171183" lat="52.4007924" lon="4.9484542" />
  <node id="694171228" lat="52.4006441" lon="4.9471626" />
  <node id="694171235" lat="52.4013555" lon="4.9490840" />
  <node id="694171243" lat="52.4012628" lon="4.9496584" />
  <node id="694171330" lat="52.4013786" lon="4.9484804" />
  <node id="694171373" lat="52.4015820" lon="4.9477942" />
  <node id="694171570" lat="52.4013269" lon="4.9490961" />
  <node id="694171759" lat="52.4003593" lon="4.9481789" />
  <node id="694171765" lat="52.4026679" lon="4.9473696" />
  <node id="694171811" lat="52.4013065" lon="4.9488847" />
  <node id="694171871" lat="52.4016617" lon="4.9496149" />
  <node id="694171909" lat="52.4013343" lon="4.9484247" />
  <node id="694171963" lat="52.4004945" lon="4.9484417" />
  <node id="694171970" lat="52.4027005" lon="4.9473890" />
  <node id="694172022" lat="52.4011374" lon="4.9487180" />
  <node id="694172077" lat="52.4019886" lon="4.9483997" />
  <node id="694172129" lat="52.4019296" lon="4.9474015" />
  <node id="694172136" lat="52.4023080" lon="4.9481372" />
  <node id="694172180" lat="52.4003317" lon="4.9479338" />
  <node id="694172186" lat="52.4014505" lon="4.9487002" />
  <node id="694172194" lat="52.4011296" lon="4.9495021" />
  <node id="694172240" lat="52.4022515" lon="4.9482690" />
  <node id="694172285" lat="52.4012191" lon="4.9490786" />
  <node id="694172331" lat="52.4014541" lon="4.9475441" />
  <node id="694172338" lat="52.4021404" lon="4.9478353" />
  <node id="694172489" lat="52.4011215" lon="4.9490585" />
  <node id="694172549" lat="52.4018298" lon="4.9496379" />
  <node id="694172637" lat="52.4025561" lon="4.9474466" />
  <node id="694172684" lat="52.4013431" lon="4.9488135" />
  <node id="694172727" lat="52.4002944" lon="4.9481118" />
  <node id="694172756" lat="52.4015929" lon="4.9496156" />
  <node id="694172791" lat="52.4008274" lon="4.9483676" />
  <node id="694172903" lat="52.4011347" lon="4.9488196" />
  <node id="694172949" lat="52.4015345" lon="4.9486151" />
  <node id="694172996" lat="52.4015863" lon="4.9475936" />
  <node id="694173060" lat="52.4013219" lon="4.9494251" />
  <node id="694173208" lat="52.4007054" lon="4.9473016" />
  <node id="694173363" lat="52.4012668" lon="4.9487755" />
  <node id="694173411" lat="52.4008183" lon="4.9474224" />
  <node id="694173518" lat="52.4025197" lon="4.9479299" />
  <node id="694173565" lat="52.4011359" lon="4.9489969" />
  <node id="694173608" lat="52.4014558" lon="4.9487589" />
  <node id="694173622" lat="52.4015474" lon="4.9499191" />
  <node id="694173653" lat="52.4019171" lon="4.9477397" />
  <node id="694173701" lat="52.4003569" lon="4.9479600" />
  <node id="694173707" lat="52.4019642" lon="4.9489928" />
  <node id="694173715" lat="52.4011807" lon="4.9495711" />
  <node id="694173823" lat="52.4015987" lon="4.9482804" />
  <node id="694173917" lat="52.4020419" lon="4.9481254" />
  <node id="694174080" lat="52.4011139" lon="4.9491949" />
  <node id="694174339" lat="52.4012891" lon="4.9472213" />
  <node id="694174387" lat="52.4013390" lon="4.9486130" />
  <node id="694174491" lat="52.4011768" lon="4.9487470" />
  <node id="694174538" lat="52.4019045" lon="4.9483545" />
  <node id="694174602" lat="52.4016067" lon="4.9474302" />
  <node id="694174689" lat="52.4018790" lon="4.9490454" />
  <node id="694174704" lat="52.4011149" lon="4.9494542" />
  <node id="694174859" lat="52.4016092" lon="4.9480291" />
  <node id="694174929" lat="52.4015815" lon="4.9476739" />
  <node id="694174945" lat="52.4022269" lon="4.9481782" />
  <node id="694175201" lat="52.4012244" lon="4.9487679" />
  <node id="694175449" lat="52.4011871" lon="4.9488618" />
  <node id="694175511" lat="52.4018827" lon="4.9495147" />
  <node id="694175544" lat="52.4011702" lon="4.9482472" />
  <node id="694175596" lat="52.4003575" lon="4.9485514" />
  <node id="694175603" lat="52.4019762" lon="4.9489031" />
  <node id="694175654" lat="52.4010570" lon="4.9486252" />
  <node id="694175703" lat="52.4016098" lon="4.9481680" />
  <node id="694175766" lat="52.4024701" lon="4.9480244" />
  <node id="694175888" lat="52.4015253" lon="4.9488749" />
  <node id="694175895" lat="52.4012108" lon="4.9494242" />
  <node id="694175989" lat="52.4014148" lon="4.9485468" />
  <node id="694176033" lat="52.4013857" lon="4.9469822" />
  <node id="694176298" lat="52.4012816" lon="4.9487486" />
  <node id="694176392" lat="52.4008786" lon="4.9474869" />
  <node id="694176418" lat="52.4019205" lon="4.9494214" />
  <node id="694176508" lat="52.4025580" lon="4.9473513" />
  <node id="694176570" lat="52.4013309" lon="4.9488577" />
  <node id="694176631" lat="52.4015768" lon="4.9496531" />
  <node id="694176664" lat="52.4011701" lon="4.9482152" />
  <node id="694176711" lat="52.4002900" lon="4.9489364" />
  <node id="694237569" lat="52.3918218" lon="4.9387308" />
  <node id="694237662" lat="52.4022690" lon="4.9469745" />
  <node id="694237701" lat="52.3933219" lon="4.9366826" />
  <node id="694237734" lat="52.4018294" lon="4.9465939" />
  <node id="694237743" lat="52.3943470" lon="4.9288395" />
  <node id="694237753" lat="52.3943849" lon="4.9325577" />
  <node id="694237775" lat="52.3926856" lon="4.9362077" />
  <node id="694237777" lat="52.3957418" lon="4.9419533" />
  <node id="694237785" lat="52.3931253" lon="4.9334802" />
  <node id="694237844" lat="52.3927176" lon="4.9362997" />
  <node id="694237863" lat="52.3919100" lon="4.9386800" />
  <node id="694237955" lat="52.3956363" lon="4.9414002" />
  <node id="694237961" lat="52.3931508" lon="4.9323875" />
  <node id="694238020" lat="52.3924281" lon="4.9371160" />
  <node id="694238095" lat="52.3924279" lon="4.9370707" />
  <node id="694238105" lat="52.3930707" lon="4.9337245" />
  <node id="694238166" lat="52.3931300" lon="4.9360775" />
  <node id="694238170" lat="52.4022017" lon="4.9458700" />
  <node id="694238179" lat="52.3957297" lon="4.9406424" />
  <node id="694238239" lat="52.3923378" lon="4.9373629" />
  <node id="694238307" lat="52.3932471" lon="4.9347510" />
  <node id="694238409" lat="52.3929825" lon="4.9374736" />
  <node id="694238420" lat="52.3930236" lon="4.9330417" />
  <node id="694238482" lat="52.3935641" lon="4.9360778" />
  <node id="694238492" lat="52.3931416" lon="4.9341952" />
  <node id="694238550" lat="52.3932354" lon="4.9350839" />
  <node id="694238600" lat="52.3939685" lon="4.9300691" />
  <node id="694238673" lat="52.4022696" lon="4.9466831" />
  <node id="694238733" lat="52.3933748" lon="4.9364257" />
  <node id="694238885" lat="52.3927777" lon="4.9359673" />
  <node id="694238979" lat="52.3957640" lon="4.9409278" />
  <node id="694238989" lat="52.3916357" lon="4.9387165" />
  <node id="694239069" lat="52.3934224" lon="4.9316932" />
  <node id="694239084" lat="52.4022780" lon="4.9467525" />
  <node id="694239127" lat="52.3931885" lon="4.9364245" />
  <node id="694239181" lat="52.3943776" lon="4.9326999" />
  <node id="694239203" lat="52.3929995" lon="4.9356388" />
  <node id="694239211" lat="52.3931387" lon="4.9334114" />
  <node id="694239232" lat="52.4022325" lon="4.9465208" />
  <node id="694239369" lat="52.4020999" lon="4.9459028" />
  <node id="694239417" lat="52.3935151" lon="4.9319222" />
  <node id="694239524" lat="52.3924931" lon="4.9371828" />
  <node id="694239665" lat="52.3926267" lon="4.9370739" />
  <node id="694239685" lat="52.3930377" lon="4.9338338" />
  <node id="694239801" lat="52.3960582" lon="4.9423226" />
  <node id="694239819" lat="52.3971347" lon="4.9433612" />
  <node id="694239909" lat="52.3932389" lon="4.9354664" />
  <node id="694239996" lat="52.3932207" lon="4.9343899" />
  <node id="694240081" lat="52.3930247" lon="4.9372095" />
  <node id="694240093" lat="52.3930625" lon="4.9333264" />
  <node id="694240169" lat="52.3935690" lon="4.9335328" />
  <node id="694240229" lat="52.3933586" lon="4.9350513" />
  <node id="694240346" lat="52.4022546" lon="4.9470388" />
  <node id="694240386" lat="52.3932627" lon="4.9365304" />
  <node id="694240465" lat="52.3925323" lon="4.9366624" />
  <node id="694240553" lat="52.3919263" lon="4.9386284" />
  <node id="694240636" lat="52.3934323" lon="4.9312316" />
  <node id="694240690" lat="52.3935492" lon="4.9362992" />
  <node id="694240769" lat="52.3930687" lon="4.9368649" />
  <node id="694240803" lat="52.4022724" lon="4.9463815" />
  <node id="694240842" lat="52.3933542" lon="4.9358699" />
  <node id="694240846" lat="52.4020491" lon="4.9458471" />
  <node id="694240910" lat="52.3922600" lon="4.9374111" />
  <node id="694240983" lat="52.3930746" lon="4.9345229" />
  <node id="694241056" lat="52.3942846" lon="4.9335869" />
  <node id="694241068" lat="52.3925395" lon="4.9374319" />
  <node id="694241079" lat="52.3931177" lon="4.9329349" />
  <node id="694241142" lat="52.3934694" lon="4.9358105" />
  <node id="694241155" lat="52.3966309" lon="4.9428259" />
  <node id="694241204" lat="52.3943592" lon="4.9334042" />
  <node id="694241214" lat="52.3933213" lon="4.9355781" />
  <node id="694241263" lat="52.3941231" lon="4.9297076" />
  <node id="694241340" lat="52.4021165" lon="4.9472861" />
  <node id="694241372" lat="52.3944832" lon="4.9336490" />
  <node id="694241385" lat="52.3925074" lon="4.9377104" />
  <node id="694241394" lat="52.3930203" lon="4.9332406" />
  <node id="694241425" lat="52.3942466" lon="4.9280536" />
  <node id="694241458" lat="52.3921332" lon="4.9381452" />
  <node id="694241475" lat="52.3936037" lon="4.9333864" />
  <node id="694241591" lat="52.3934059" lon="4.9355932" />
  <node id="694241631" lat="52.3918657" lon="4.9384287" />
  <node id="694241782" lat="52.4022786" lon="4.9469076" />
  <node id="694241821" lat="52.3931231" lon="4.9363774" />
  <node id="694241856" lat="52.4019112" lon="4.9463851" />
  <node id="694241875" lat="52.3944235" lon="4.9325994" />
  <node id="694241897" lat="52.3930800" lon="4.9356696" />
  <node id="694241906" lat="52.3931672" lon="4.9335548" />
  <node id="694241980" lat="52.3927569" lon="4.9363013" />
  <node id="694242004" lat="52.3918825" lon="4.9386613" />
  <node id="694242051" lat="52.3985200" lon="4.9450069" />
  <node id="694242083" lat="52.3957511" lon="4.9410776" />
  <node id="694242089" lat="52.3936548" lon="4.9316545" />
  <node id="694242236" lat="52.3939429" lon="4.9337470" />
  <node id="694242247" lat="52.3924960" lon="4.9372350" />
  <node id="694242344" lat="52.3931431" lon="4.9358275" />
  <node id="694242354" lat="52.4021016" lon="4.9457560" />
  <node id="694242367" lat="52.3975164" lon="4.9439011" />
  <node id="694242442" lat="52.3920709" lon="4.9380066" />
  <node id="694242524" lat="52.3931669" lon="4.9346341" />
  <node id="694242591" lat="52.3947483" lon="4.9329232" />
  <node id="694242604" lat="52.3929442" lon="4.9376648" />
  <node id="694242614" lat="52.3930100" lon="4.9331051" />
  <node id="694242703" lat="52.3931208" lon="4.9338718" />
  <node id="694242771" lat="52.3943899" lon="4.9335553" />
  <node id="694242787" lat="52.3932635" lon="4.9353062" />
  <node id="694242927" lat="52.4022059" lon="4.9471568" />
  <node id="694242974" lat="52.3930888" lon="4.9379452" />
  <node id="694243059" lat="52.3923494" lon="4.9376019" />
  <node id="694243069" lat="52.3932668" lon="4.9333615" />
  <node id="694243136" lat="52.3934559" lon="4.9353714" />
  <node id="694243156" lat="52.3916869" lon="4.9385740" />
  <node id="694243299" lat="52.3935152" lon="4.9364028" />
  <node id="694243357" lat="52.3943233" lon="4.9325037" />
  <node id="694243386" lat="52.3930384" lon="4.9356356" />
  <node id="694243398" lat="52.3930510" lon="4.9342586" />
  <node id="694243452" lat="52.4022653" lon="4.9464320" />
  <node id="694243679" lat="52.3922985" lon="4.9373801" />
  <node id="694243867" lat="52.3934676" lon="4.9366648" />
  <node id="694243901" lat="52.3911133" lon="4.9284473" />
  <node id="694244024" lat="52.3940058" lon="4.9335935" />
  <node id="694244037" lat="52.3924606" lon="4.9373196" />
  <node id="694244055" lat="52.3912583" lon="4.9303893" />
  <node id="694244111" lat="52.3931002" lon="4.9357184" />
  <node id="694244123" lat="52.3957111" lon="4.9405755" />
  <node id="694244124" lat="52.3974039" lon="4.9436669" />
  <node id="694244181" lat="52.3940488" lon="4.9334506" />
  <node id="694244192" lat="52.3924083" lon="4.9373038" />
  <node id="694244265" lat="52.3932334" lon="4.9346270" />
  <node id="694244354" lat="52.3958705" lon="4.9428308" />
  <node id="694244364" lat="52.3930108" lon="4.9331543" />
  <node id="694244430" lat="52.3921554" lon="4.9381547" />
  <node id="694244444" lat="52.3936629" lon="4.9333797" />
  <node id="694244496" lat="52.3939985" lon="4.9340289" />
  <node id="694244504" lat="52.3933060" lon="4.9351776" />
  <node id="694244582" lat="52.4020316" lon="4.9456699" />
  <node id="694244608" lat="52.3944893" lon="4.9270764" />
  <node id="694244623" lat="52.4021051" lon="4.9468665" />
  <node id="694244705" lat="52.3940910" lon="4.9287635" />
  <node id="694244741" lat="52.3929536" lon="4.9356558" />
  <node id="694244743" lat="52.3955767" lon="4.9424432" />
  <node id="694244819" lat="52.3957618" lon="4.9408630" />
  <node id="694244825" lat="52.3917305" lon="4.9387524" />
  <node id="694244906" lat="52.3918597" lon="4.9387344" />
  <node id="694244913" lat="52.3934624" lon="4.9325570" />
  <node id="694245049" lat="52.3927685" lon="4.9360770" />
  <node id="694245120" lat="52.3934245" lon="4.9359072" />
  <node id="694245184" lat="52.3922337" lon="4.9374952" />
  <node id="694245188" lat="52.4021397" lon="4.9453541" />
  <node id="694245261" lat="52.3931093" lon="4.9347847" />
  <node id="694245275" lat="52.3924401" lon="4.9371515" />
  <node id="694245335" lat="52.3942414" lon="4.9337332" />
  <node id="694245346" lat="52.3924464" lon="4.9369862" />
  <node id="694245358" lat="52.3930450" lon="4.9337281" />
  <node id="694245367" lat="52.3913360" lon="4.9319320" />
  <node id="694245423" lat="52.3936289" lon="4.9358601" />
  <node id="694245434" lat="52.3957430" lon="4.9407053" />
  <node id="694245485" lat="52.3943635" lon="4.9334852" />
  <node id="694245638" lat="52.3932985" lon="4.9347640" />
  <node id="694245723" lat="52.4021983" lon="4.9472919" />
  <node id="694245814" lat="52.3929359" lon="4.9378103" />
  <node id="694245825" lat="52.3931268" lon="4.9339101" />
  <node id="694245889" lat="52.3920599" lon="4.9382560" />
  <node id="694245900" lat="52.3937873" lon="4.9328849" />
  <node id="694245960" lat="52.3933580" lon="4.9354142" />
  <node id="694245981" lat="52.3917767" lon="4.9385145" />
  <node id="694246080" lat="52.4022547" lon="4.9466058" />
  <node id="694246126" lat="52.3934146" lon="4.9368494" />
  <node id="694246148" lat="52.3949714" lon="4.9251926" />
  <node id="694246224" lat="52.3928104" lon="4.9358589" />
  <node id="694246286" lat="52.3942861" lon="4.9324770" />
  <node id="694246337" lat="52.3916685" lon="4.9385646" />
  <node id="694246408" lat="52.3931767" lon="4.9376581" />
  <node id="694246432" lat="52.3937130" lon="4.9301026" />
  <node id="694246576" lat="52.3941255" lon="4.9340812" />
  <node id="694246592" lat="52.3924899" lon="4.9372740" />
  <node id="694246661" lat="52.3984377" lon="4.9452808" />
  <node id="694246671" lat="52.3931877" lon="4.9359353" />
  <node id="694246675" lat="52.4020703" lon="4.9452832" />
  <node id="694246687" lat="52.3956663" lon="4.9404189" />
  <node id="694246756" lat="52.3919885" lon="4.9381952" />
  <node id="694246760" lat="52.4022188" lon="4.9459294" />
  <node id="694246839" lat="52.3931975" lon="4.9348607" />
  <node id="694246920" lat="52.3947658" lon="4.9329310" />
  <node id="694246933" lat="52.3925676" lon="4.9371075" />
  <node id="694246945" lat="52.3930385" lon="4.9340825" />
  <node id="694247019" lat="52.3935409" lon="4.9359993" />
  <node id="694248638" lat="52.3942988" lon="4.9335157" />
  <node id="694248659" lat="52.3931622" lon="4.9351111" />
  <node id="694248719" lat="52.3956946" lon="4.9420908" />
  <node id="694248802" lat="52.3940718" lon="4.9290806" />
  <node id="694248866" lat="52.3932619" lon="4.9348863" />
  <node id="694248871" lat="52.4019064" lon="4.9456897" />
  <node id="694248945" lat="52.4022335" lon="4.9470952" />
  <node id="694249246" lat="52.3929186" lon="4.9356890" />
  <node id="694291872" lat="52.4000664" lon="4.9486944" />
  <node id="694291880" lat="52.4001138" lon="4.9487390" />
  <node id="695214678" lat="52.3930022" lon="4.9336089" />
  <node id="695214733" lat="52.3929716" lon="4.9336697" />
  <node id="726817233" lat="52.3792492" lon="4.7352691">
    <tag k="bench" v="yes" />
    <tag k="bus" v="yes" />
    <tag k="highway" v="bus_stop" />
    <tag k="name" v="Nauerna" />
    <tag k="public_transport" v="platform" />
    <tag k="ref:IFOPT" v="NL:Q:55232320" />
    <tag k="shelter" v="yes" />
    <tag k="zone" v="5523" />
  </node>
  <node id="746562897" lat="52.3015596" lon="4.7966790" />
  <node id="892894150" lat="52.3056902" lon="4.8133574" />
  <node id="892894942" lat="52.3057325" lon="4.8123401" />
  <node id="892898608" lat="52.3056068" lon="4.8134795" />
  <node id="892899481" lat="52.3057544" lon="4.8117709" />
  <node id="892899903" lat="52.3065720" lon="4.8102196" />
  <node id="892900644" lat="52.3059085" lon="4.8105375" />
  <node id="892901708" lat="52.3057085" lon="4.8130222" />
  <node id="892904341" lat="52.3056742" lon="4.8134739" />
  <node id="892906598" lat="52.3058321" lon="4.8108933" />
  <node id="892907675" lat="52.3046169" lon="4.8113292" />
  <node id="892908990" lat="52.3055537" lon="4.8102424" />
  <node id="892909303" lat="52.3056002" lon="4.8131608" />
  <node id="892909706" lat="52.3056250" lon="4.8104676" />
  <node id="892910002" lat="52.3062165" lon="4.8106406" />
  <node id="892910978" lat="52.3063302" lon="4.8106820" />
  <node id="892912365" lat="52.3046412" lon="4.8114933" />
  <node id="892914115" lat="52.3086058" lon="4.8128037" />
  <node id="892915530" lat="52.3083354" lon="4.8125286" />
  <node id="892916374" lat="52.3057050" lon="4.8100929" />
  <node id="892917576" lat="52.3056938" lon="4.8130507" />
  <node id="892917910" lat="52.3053209" lon="4.8105113" />
  <node id="892918861" lat="52.3104220" lon="4.8142834" />
  <node id="892920499" lat="52.3058602" lon="4.8107055" />
  <node id="892921071" lat="52.3046153" lon="4.8112281" />
  <node id="892922358" lat="52.3056372" lon="4.8104273" />
  <node id="892922708" lat="52.3070405" lon="4.8108402" />
  <node id="892922950" lat="52.3061673" lon="4.8106144" />
  <node id="892924785" lat="52.3059201" lon="4.8100880" />
  <node id="892925481" lat="52.3051129" lon="4.8106822" />
  <node id="892926050" lat="52.3058840" lon="4.8105847" />
  <node id="892927024" lat="52.3048613" lon="4.8112002" />
  <node id="892928594" lat="52.3059370" lon="4.8105104" />
  <node id="892929451" lat="52.3056531" lon="4.8103468" />
  <node id="892929708" lat="52.3090307" lon="4.8131952" />
  <node id="892929812" lat="52.3072853" lon="4.8111713" />
  <node id="892929898" lat="52.3060066" lon="4.8104961" />
  <node id="892932528" lat="52.3081292" lon="4.8122945" />
  <node id="892936435" lat="52.3056278" lon="4.8132371" />
  <node id="892937730" lat="52.3100445" lon="4.8139818" />
  <node id="892939978" lat="52.3113709" lon="4.8148841" />
  <node id="892941582" lat="52.3107605" lon="4.8145228" />
  <node id="892941647" lat="52.3055882" lon="4.8105216" />
  <node id="892943452" lat="52.3060642" lon="4.8104954" />
  <node id="892944767" lat="52.3062743" lon="4.8106667" />
  <node id="892945113" lat="52.3056581" lon="4.8133416" />
  <node id="892945557" lat="52.3056649" lon="4.8102329" />
  <node id="892946189" lat="52.3062283" lon="4.8097785" />
  <node id="892947226" lat="52.3046340" lon="4.8111651" />
  <node id="892947237" lat="52.3117360" lon="4.8151170" />
  <node id="892947266" lat="52.3058209" lon="4.8099174" />
  <node id="892947430" lat="52.3052283" lon="4.8124068" />
  <node id="892947613" lat="52.3061217" lon="4.8105347" />
  <node id="892948711" lat="52.3047605" lon="4.8113807" />
  <node id="892950132" lat="52.3093949" lon="4.8134760" />
  <node id="892950222" lat="52.3046834" lon="4.8110480" />
  <node id="892954455" lat="52.3047480" lon="4.8109790" />
  <node id="892954953" lat="52.3047514" lon="4.8113556" />
  <node id="892955217" lat="52.3058560" lon="4.8099779" />
  <node id="892955610" lat="52.3056219" lon="4.8135278" />
  <node id="892956064" lat="52.3049278" lon="4.8108267" />
  <node id="892956575" lat="52.3048164" lon="4.8112745" />
  <node id="892957124" lat="52.3057811" lon="4.8113757" />
  <node id="988895986" lat="52.4009166" lon="4.9495983" />
  <node id="988895987" lat="52.3993054" lon="4.9478799" />
  <node id="988914174" lat="52.4011190" lon="4.9361593" />
  <node id="988914178" lat="52.4025416" lon="4.9358462" />
  <node id="1079768882" lat="52.3941606" lon="4.9345553">
    <tag k="bench" v="yes" />
    <tag k="bin" v="yes" />
    <tag k="bus" v="yes" />
    <tag k="highway" v="bus_stop" />
    <tag k="lit" v="yes" />
    <tag k="name" v="Nieuwe Purmerweg" />
    <tag k="public_transport" v="platform" />
    <tag k="ref:IFOPT" v="NL:Q:30001063" />
    <tag k="shelter" v="yes" />
    <tag k="tactile_paving" v="yes" />
    <tag k="zone" v="5711" />
  </node>
  <node id="1160828338" lat="52.3117658" lon="4.8148245" />
  <node id="1160830507" lat="52.3053178" lon="4.8100866" />
  <node id="1160831194" lat="52.3058678" lon="4.8052713" />
  <node id="1160831700" lat="52.3083017" lon="4.8124047" />
  <node id="1160833925" lat="52.3116858" lon="4.8147397" />
  <node id="1160834452" lat="52.3117741" lon="4.8150243" />
  <node id="1160835863" lat="52.3057509" lon="4.8071453" />
  <node id="1160836997" lat="52.3109228" lon="4.8145061" />
  <node id="1160839190" lat="52.3074092" lon="4.8069450" />
  <node id="1160839799" lat="52.3046423" lon="4.8103249" />
  <node id="1160841366" lat="52.3117809" lon="4.8148685" />
  <node id="1160843308" lat="52.3056689" lon="4.8075511" />
  <node id="1160844153" lat="52.3117197" lon="4.8147624" />
  <node id="1160845350" lat="52.3051118" lon="4.8052366" />
  <node id="1160846311" lat="52.3057944" lon="4.8070768" />
  <node id="1160847810" lat="52.3085059" lon="4.8126188" />
  <node id="1160849449" lat="52.3051249" lon="4.8056300" />
  <node id="1160850974" lat="52.3059699" lon="4.8056851" />
  <node id="1160851150" lat="52.3062619" lon="4.8097654" />
  <node id="1160851307" lat="52.3053021" lon="4.8063538" />
  <node id="1160851934" lat="52.3117834" lon="4.8149278" />
  <node id="1160854391" lat="52.3055500" lon="4.8072442" />
  <node id="1160855517" lat="52.3101264" lon="4.8139563" />
  <node id="1160856723" lat="52.3047394" lon="4.8041671" />
  <node id="1160857231" lat="52.3059801" lon="4.8075478" />
  <node id="1160857900" lat="52.3050276" lon="4.8102377" />
  <node id="1160857913" lat="52.3088357" lon="4.8129088" />
  <node id="1160859216" lat="52.3053803" lon="4.8060281" />
  <node id="1160859918" lat="52.3048817" lon="4.8047169" />
  <node id="1160861815" lat="52.3059094" lon="4.8055551" />
  <node id="1160862248" lat="52.3071615" lon="4.8109386" />
  <node id="1160862582" lat="52.3051860" lon="4.8058299" />
  <node id="1160863893" lat="52.3111901" lon="4.8145994" />
  <node id="1160866484" lat="52.3054749" lon="4.8070041" />
  <node id="1160868015" lat="52.3049295" lon="4.8100550" />
  <node id="1160868071" lat="52.3105661" lon="4.8142718" />
  <node id="1160871231" lat="52.3057974" lon="4.8078766" />
  <node id="1160872543" lat="52.3048501" lon="4.8104966" />
  <node id="1160872569" lat="52.3091036" lon="4.8131400" />
  <node id="1160874482" lat="52.3117498" lon="4.8147890" />
  <node id="1160874837" lat="52.3069824" lon="4.8071678" />
  <node id="1160875745" lat="52.3054255" lon="4.8096882" />
  <node id="1160876239" lat="52.3058790" lon="4.8053891" />
  <node id="1160876522" lat="52.3078761" lon="4.8118803" />
  <node id="1160877857" lat="52.3116353" lon="4.8147226" />
  <node id="1160880900" lat="52.3053909" lon="4.8067002" />
  <node id="1160882529" lat="52.3107901" lon="4.8144318" />
  <node id="1160887899" lat="52.3046234" lon="4.8104470" />
  <node id="1160887935" lat="52.3096338" lon="4.8135805" />
  <node id="1160889709" lat="52.3048357" lon="4.8084633" />
  <node id="1161201136" lat="52.3050762" lon="4.8082416" />
  <node id="1198454004" lat="52.3802432" lon="4.7346962" />
  <node id="1198454404" lat="52.3796042" lon="4.7323558" />
  <node id="1198455850" lat="52.3819105" lon="4.7350144" />
  <node id="1198456784" lat="52.3807527" lon="4.7362067" />
  <node id="1198457369" lat="52.3792826" lon="4.7352712" />
  <node id="1198458381" lat="52.3800647" lon="4.7347761" />
  <node id="1198458490" lat="52.3801559" lon="4.7336164" />
  <node id="1198459179" lat="52.3783604" lon="4.7367611" />
  <node id="1198459609" lat="52.3800326" lon="4.7347649" />
  <node id="1198460256" lat="52.3801557" lon="4.7347848" />
  <node id="1198460515" lat="52.3795757" lon="4.7337517" />
  <node id="1198462888" lat="52.3814870" lon="4.7351195" />
  <node id="1198463158" lat="52.3797907" lon="4.7342970" />
  <node id="1198464752" lat="52.3800042" lon="4.7350752" />
  <node id="1198466253" lat="52.3782362" lon="4.7367970" />
  <node id="1198466868" lat="52.3800411" lon="4.7343941" />
  <node id="1198467863" lat="52.3800935" lon="4.7351537" />
  <node id="1198468263" lat="52.3796929" lon="4.7332662" />
  <node id="1198469826" lat="52.3815864" lon="4.7346091" />
  <node id="1198470510" lat="52.3836373" lon="4.7308042" />
  <node id="1198470666" lat="52.3794782" lon="4.7323373" />
  <node id="1198471336" lat="52.3790857" lon="4.7347627" />
  <node id="1198472290" lat="52.3813582" lon="4.7349308" />
  <node id="1198472526" lat="52.3799047" lon="4.7352626" />
  <node id="1198472657" lat="52.3808640" lon="4.7322977" />
  <node id="1198473812" lat="52.3810269" lon="4.7367600" />
  <node id="1198475504" lat="52.3802658" lon="4.7356989" />
  <node id="1198475823" lat="52.3796997" lon="4.7337325" />
  <node id="1198477002" lat="52.3813323" lon="4.7348203" />
  <node id="1198477516" lat="52.3801432" lon="4.7344387" />
  <node id="1198477635" lat="52.3800729" lon="4.7329085" />
  <node id="1198478467" lat="52.3791030" lon="4.7353980" />
  <node id="1198478947" lat="52.3799746" lon="4.7350536" />
  <node id="1198479790" lat="52.3802946" lon="4.7346648" />
  <node id="1198480302" lat="52.3796168" lon="4.7323556" />
  <node id="1198482678" lat="52.3803067" lon="4.7348345" />
  <node id="1198483254" lat="52.3787970" lon="4.7361907" />
  <node id="1198484515" lat="52.3795186" lon="4.7338760" />
  <node id="1198484520" lat="52.3800912" lon="4.7345412" />
  <node id="1198485054" lat="52.3785271" lon="4.7364900" />
  <node id="1198485458" lat="52.3800125" lon="4.7348955" />
  <node id="1198485665" lat="52.3785429" lon="4.7362509" />
  <node id="1198485873" lat="52.3810809" lon="4.7369740" />
  <node id="1198485948" lat="52.3801958" lon="4.7347352" />
  <node id="1198486573" lat="52.3794457" lon="4.7335152" />
  <node id="1198489131" lat="52.3785581" lon="4.7362000" />
  <node id="1198490361" lat="52.3797688" lon="4.7343764" />
  <node id="1198492111" lat="52.3800235" lon="4.7350057" />
  <node id="1198493055" lat="52.3783190" lon="4.7370060" />
  <node id="1198493642" lat="52.3800629" lon="4.7344571" />
  <node id="1198494187" lat="52.3801005" lon="4.7350021" />
  <node id="1198494365" lat="52.3795893" lon="4.7334771" />
  <node id="1198495987" lat="52.3794621" lon="4.7340399" />
  <node id="1198496989" lat="52.3814266" lon="4.7349299" />
  <node id="1198498013" lat="52.3817021" lon="4.7347976" />
  <node id="1198498701" lat="52.3802312" lon="4.7353632" />
  <node id="1198499901" lat="52.3813952" lon="4.7348091" />
  <node id="1198500966" lat="52.3792170" lon="4.7351765" />
  <node id="1198501340" lat="52.3799566" lon="4.7350992" />
  <node id="1198501892" lat="52.3803626" lon="4.7346282" />
  <node id="1198502160" lat="52.3797038" lon="4.7322007" />
  <node id="1198504199" lat="52.3802446" lon="4.7349276" />
  <node id="1198504656" lat="52.3784055" lon="4.7369160" />
  <node id="1198505322" lat="52.3788806" lon="4.7356024" />
  <node id="1198505345" lat="52.3800955" lon="4.7344613" />
  <node id="1198505990" lat="52.3781926" lon="4.7369385" />
  <node id="1198506722" lat="52.3790327" lon="4.7329300" />
  <node id="1198506809" lat="52.3809799" lon="4.7369749" />
  <node id="1198508562" lat="52.3804448" lon="4.7348273" />
  <node id="1198510275" lat="52.3802245" lon="4.7357608" />
  <node id="1198512372" lat="52.3810877" lon="4.7369330" />
  <node id="1198514188" lat="52.3800337" lon="4.7337428" />
  <node id="1198514622" lat="52.3816950" lon="4.7347340" />
  <node id="1198514822" lat="52.3797747" lon="4.7342562" />
  <node id="1198515616" lat="52.3814868" lon="4.7348995" />
  <node id="1198516797" lat="52.3818716" lon="4.7350334" />
  <node id="1198518047" lat="52.3802966" lon="4.7355106" />
  <node id="1198519046" lat="52.3814672" lon="4.7347772" />
  <node id="1198519532" lat="52.3802495" lon="4.7337659" />
  <node id="1198520451" lat="52.3782644" lon="4.7368766" />
  <node id="1198521176" lat="52.3797715" lon="4.7348363" />
  <node id="1198521678" lat="52.3793829" lon="4.7325123" />
  <node id="1198522036" lat="52.3804554" lon="4.7346386" />
  <node id="1198524646" lat="52.3838965" lon="4.7406853" />
  <node id="1198524727" lat="52.3792900" lon="4.7326824" />
  <node id="1198525627" lat="52.3802077" lon="4.7350613" />
  <node id="1198526434" lat="52.3783551" lon="4.7369850" />
  <node id="1198529751" lat="52.3781385" lon="4.7368621" />
  <node id="1198530169" lat="52.3809875" lon="4.7367480" />
  <node id="1198532613" lat="52.3805249" lon="4.7362939" />
  <node id="1198532762" lat="52.3802020" lon="4.7355377" />
  <node id="1198533187" lat="52.3798594" lon="4.7341809" />
  <node id="1198535329" lat="52.3797778" lon="4.7324660" />
  <node id="1198535989" lat="52.3803726" lon="4.7348232" />
  <node id="1198538456" lat="52.3801624" lon="4.7356374" />
  <node id="1198540517" lat="52.3782929" lon="4.7370082" />
  <node id="1198540931" lat="52.3819607" lon="4.7351043" />
  <node id="1198542599" lat="52.3806858" lon="4.7363311" />
  <node id="1198543041" lat="52.3796909" lon="4.7336214" />
  <node id="1198545612" lat="52.3794406" lon="4.7340051" />
  <node id="1198545852" lat="52.3800767" lon="4.7334888" />
  <node id="1198549018" lat="52.3815108" lon="4.7348749" />
  <node id="1198549594" lat="52.3793510" lon="4.7319909" />
  <node id="1198550906" lat="52.3783332" lon="4.7369976" />
  <node id="1198553453" lat="52.3803667" lon="4.7356648" />
  <node id="1198556775" lat="52.3800443" lon="4.7349095" />
  <node id="1198558061" lat="52.3782968" lon="4.7368999" />
  <node id="1198558947" lat="52.3800588" lon="4.7345333" />
  <node id="1198559894" lat="52.3801295" lon="4.7348715" />
  <node id="1198560177" lat="52.3796598" lon="4.7335771" />
  <node id="1198561922" lat="52.3792223" lon="4.7325823" />
  <node id="1198563101" lat="52.3801888" lon="4.7351915" />
  <node id="1198567584" lat="52.3799515" lon="4.7351646" />
  <node id="1198567812" lat="52.3811746" lon="4.7319908" />
  <node id="1198569283" lat="52.3783686" lon="4.7363412" />
  <node id="1198569677" lat="52.3809500" lon="4.7367100" />
  <node id="1198570097" lat="52.3799944" lon="4.7343785" />
  <node id="1198570734" lat="52.3792090" lon="4.7322578" />
  <node id="1198570935" lat="52.3803753" lon="4.7360343" />
  <node id="1198571169" lat="52.3801171" lon="4.7352973" />
  <node id="1198574739" lat="52.3796818" lon="4.7326259" />
  <node id="1198577654" lat="52.3801195" lon="4.7355475" />
  <node id="1198577784" lat="52.3803865" lon="4.7331896" />
  <node id="1198579083" lat="52.3782667" lon="4.7370045" />
  <node id="1198579431" lat="52.3811736" lon="4.7365683" />
  <node id="1198580546" lat="52.3803571" lon="4.7358595" />
  <node id="1198581125" lat="52.3796679" lon="4.7336766" />
  <node id="1198582553" lat="52.3809953" lon="4.7347174" />
  <node id="1198583142" lat="52.3800942" lon="4.7344223" />
  <node id="1198583297" lat="52.3799019" lon="4.7332274" />
  <node id="1198584411" lat="52.3786222" lon="4.7363111" />
  <node id="1198585153" lat="52.3799928" lon="4.7349882" />
  <node id="1404335479" lat="52.3084738" lon="4.8113618" />
  <node id="1404335481" lat="52.3086875" lon="4.8109657" />
  <node id="1803374513" lat="52.3986066" lon="4.9467909" />
  <node id="1803374515" lat="52.3982493" lon="4.9463787" />
  <node id="1803374516" lat="52.3985224" lon="4.9449878" />
  <node id="1888069883" lat="52.3093854" lon="4.8049796" />
  <node id="1966406033" lat="52.3971163" lon="4.9271310" />
  <node id="1970326733" lat="52.4050921" lon="4.9414913" />
  <node id="1970326734" lat="52.4025883" lon="4.9477363" />
  <node id="1970326736" lat="52.4055954" lon="4.9396840" />
  <node id="1970326737" lat="52.4013488" lon="4.9495913" />
  <node id="1973873432" lat="52.3981102" lon="4.9418720" />
  <node id="1973873433" lat="52.3973133" lon="4.9426279" />
  <node id="1973873434" lat="52.4000876" lon="4.9387093" />
  <node id="1973873445" lat="52.3961166" lon="4.9413020" />
  <node id="1973873447" lat="52.3976874" lon="4.9416898" />
  <node id="1973873449" lat="52.3942728" lon="4.9369249" />
  <node id="1973873450" lat="52.3985085" lon="4.9449509" />
  <node id="1973873456" lat="52.3955676" lon="4.9417114" />
  <node id="1973873458" lat="52.3962724" lon="4.9414978" />
  <node id="1973873460" lat="52.3953754" lon="4.9394842" />
  <node id="2256691901" lat="52.3922390" lon="4.9341123">
    <tag k="alt_name" v="Meerpadkerkje" />
    <tag k="amenity" v="place_of_worship" />
    <tag k="denomination" v="mennonite" />
    <tag k="description" v="kleinste zaalkerkje Amsterdam" />
    <tag k="name" v="Meerpadkerk" />
    <tag k="religion" v="christian" />
    <tag k="website" v="https://www.vdga.nl" />
    <tag k="wikidata" v="Q17308550" />
    <tag k="wikimedia_commons" v="Category:Doopsgezinde Gemeente, Amsterdam-Noord" />
    <tag k="wikipedia" v="nl:Meerpadkerkje" />
  </node>
  <node id="2267615258" lat="52.3055379" lon="4.8095597" />
  <node id="2275654677" lat="52.3932685" lon="4.9353608">
    <tag k="amenity" v="bench" />
    <tag k="backrest" v="yes" />
    <tag k="check_date" v="2021-08-08" />
  </node>
  <node id="2275659380" lat="52.3927900" lon="4.9360603" />
  <node id="2473197728" lat="52.3923006" lon="4.9376096" />
  <node id="2473197729" lat="52.3925284" lon="4.9373570" />
  <node id="2473197730" lat="52.3925738" lon="4.9370642" />
  <node id="2742062475" lat="52.3803320" lon="4.7340478">
    <tag k="addr:city" v="Zwanenburg" />
    <tag k="addr:housenumber" v="2" />
    <tag k="addr:postcode" v="1161AP" />
    <tag k="addr:street" v="Kinheim" />
    <tag k="amenity" v="fast_food" />
    <tag k="cuisine" v="friture" />
    <tag k="name" v="Foodmaster" />
    <tag k="source" v="BAG" />
    <tag k="source:date" v="2014-03-24" />
    <tag k="takeaway" v="yes" />
  </node>
  <node id="2745226914" lat="52.3085553" lon="4.8110891" />
  <node id="2745226983" lat="52.3086600" lon="4.8112369" />
  <node id="2745227013" lat="52.3085973" lon="4.8110110" />
  <node id="2848142855" lat="52.3996848" lon="4.9462758" />
  <node id="2848142893" lat="52.3997750" lon="4.9463725" />
  <node id="2848310797" lat="52.3982988" lon="4.9462143" />
  <node id="2848310979" lat="52.3984065" lon="4.9465069" />
  <node id="3315443312" lat="52.3944686" lon="4.9342105">
    <tag k="bench" v="yes" />
    <tag k="bin" v="yes" />
    <tag k="bus" v="yes" />
    <tag k="highway" v="bus_stop" />
    <tag k="lit" v="yes" />
    <tag k="name" v="Nieuwe Purmerweg" />
    <tag k="public_transport" v="platform" />
    <tag k="ref:IFOPT" v="NL:Q:30001062" />
    <tag k="shelter" v="yes" />
    <tag k="tactile_paving" v="yes" />
    <tag k="zone" v="5711" />
  </node>
  <node id="3569672094" lat="52.4053606" lon="4.9406995" />
  <node id="3798636067" lat="52.3788678" lon="4.7335653" />
  <node id="3798636069" lat="52.3790147" lon="4.7332891" />
  <node id="3798636072" lat="52.3789272" lon="4.7346245" />
  <node id="3798636073" lat="52.3791866" lon="4.7334989" />
  <node id="3798636075" lat="52.3793471" lon="4.7337202" />
  <node id="3798636302" lat="52.3841145" lon="4.7395951" />
  <node id="3798636312" lat="52.3844348" lon="4.7318788" />
  <node id="3798636313" lat="52.3844694" lon="4.7397737" />
  <node id="3798636316" lat="52.3847811" lon="4.7311992" />
  <node id="4142819072" lat="52.3947368" lon="4.9248351" />
  <node id="4142819082" lat="52.3910378" lon="4.9246227" />
  <node id="4142819087" lat="52.3930330" lon="4.9241991" />
  <node id="4197563509" lat="52.3905510" lon="4.9516621" />
  <node id="4197563511" lat="52.3910093" lon="4.9377817" />
  <node id="4197563512" lat="52.3910748" lon="4.9404049" />
  <node id="4197563513" lat="52.3911272" lon="4.9383932" />
  <node id="4197563514" lat="52.3912450" lon="4.9403780" />
  <node id="4197563515" lat="52.3912647" lon="4.9513617" />
  <node id="4197563517" lat="52.3914578" lon="4.9341070" />
  <node id="4197563518" lat="52.3914709" lon="4.9387151" />
  <node id="4197563519" lat="52.3917394" lon="4.9379587" />
  <node id="4197563520" lat="52.3917983" lon="4.9359953" />
  <node id="4197563521" lat="52.3919292" lon="4.9353891" />
  <node id="4197563522" lat="52.3920962" lon="4.9381733" />
  <node id="4197563523" lat="52.3923548" lon="4.9368858" />
  <node id="4197563524" lat="52.3923745" lon="4.9354213" />
  <node id="4197563525" lat="52.3924268" lon="4.9360972" />
  <node id="4197563526" lat="52.3929441" lon="4.9338495" />
  <node id="4197563527" lat="52.3929670" lon="4.9347615" />
  <node id="4197563528" lat="52.3931994" lon="4.9339300" />
  <node id="4197563529" lat="52.3933696" lon="4.9316072" />
  <node id="4197563531" lat="52.3946425" lon="4.9360017" />
  <node id="4197563532" lat="52.3948809" lon="4.9375203" />
  <node id="4197563533" lat="52.3952384" lon="4.9391973" />
  <node id="4197563535" lat="52.3952961" lon="4.9254362" />
  <node id="4331562827" lat="52.4022587" lon="4.9462659" />
  <node id="4384560107" lat="52.3927182" lon="4.9364223" />
  <node id="4384679373" lat="52.3940118" lon="4.9289232" />
  <node id="4385122649" lat="52.3928599" lon="4.9358197" />
  <node id="4385122650" lat="52.3930907" lon="4.9358707" />
  <node id="4385122652" lat="52.3929303" lon="4.9358036" />
  <node id="4385122665" lat="52.3930890" lon="4.9359404" />
  <node id="4385122673" lat="52.3929008" lon="4.9358921" />
  <node id="4614279441" lat="52.3819779" lon="4.7352498" />
  <node id="4614279451" lat="52.3838215" lon="4.7320488" />
  <node id="4614279462" lat="52.3822162" lon="4.7345510" />
  <node id="4614279463" lat="52.3822775" lon="4.7343468" />
  <node id="4614279464" lat="52.3826470" lon="4.7333758" />
  <node id="4614279465" lat="52.3828117" lon="4.7330586" />
  <node id="4614279466" lat="52.3830354" lon="4.7327252" />
  <node id="4614279467" lat="52.3834651" lon="4.7323469" />
  <node id="4614279471" lat="52.3810486" lon="4.7368676" />
  <node id="4614279472" lat="52.3810365" lon="4.7368340" />
  <node id="4614279474" lat="52.3810616" lon="4.7367472" />
  <node id="4614279475" lat="52.3811003" lon="4.7366954" />
  <node id="4629696019" lat="52.3941958" lon="4.9345874">
    <tag k="bus" v="yes" />
    <tag k="name" v="Nieuwe Purmerweg" />
    <tag k="public_transport" v="stop_position" />
  </node>
  <node id="4686087067" lat="52.3939171" lon="4.9310041" />
  <node id="4699951418" lat="52.3074440" lon="4.8073854">
    <tag k="amenity" v="bicycle_parking" />
    <tag k="covered" v="yes" />
    <tag k="fee" v="no" />
    <tag k="supervised" v="no" />
  </node>
  <node id="5359555354" lat="52.3792898" lon="4.7353298">
    <tag k="bus" v="yes" />
    <tag k="name" v="Zwanenburg, Nauerna" />
    <tag k="public_transport" v="stop_position" />
  </node>
  <node id="5634720193" lat="52.4005696" lon="4.9463177">
    <tag k="amenity" v="drinking_water" />
    <tag k="operator" v="Waternet" />
    <tag k="operator:wikidata" v="Q2137469" />
    <tag k="operator:wikipedia" v="nl:Waternet (bedrijf)" />
  </node>
  <node id="5652157605" lat="52.2945296" lon="4.7920501" />
  <node id="5964838230" lat="52.3933322" lon="4.9356474">
    <tag k="amenity" v="bench" />
    <tag k="backrest" v="yes" />
  </node>
  <node id="6040606447" lat="52.3127129" lon="4.8121045" />
  <node id="6969797589" lat="52.3908894" lon="4.9249820" />
  <node id="6969797590" lat="52.3907210" lon="4.9250458" />
  <node id="6970138548" lat="52.3074159" lon="4.8081444" />
  <node id="6970138556" lat="52.3075181" lon="4.8081880" />
  <node id="6997359803" lat="52.3066498" lon="4.8079876" />
  <node id="6997359805" lat="52.3059414" lon="4.8076174" />
  <node id="6997359808" lat="52.3064333" lon="4.8085670" />
  <node id="6997359809" lat="52.3064002" lon="4.8087618" />
  <node id="6997359811" lat="52.3063742" lon="4.8087118" />
  <node id="6997359819" lat="52.3069220" lon="4.8077918" />
  <node id="6997359820" lat="52.3058188" lon="4.8078381" />
  <node id="6997359822" lat="52.3062840" lon="4.8086206" />
  <node id="6997359823" lat="52.3068433" lon="4.8078669" />
  <node id="6997359826" lat="52.3062155" lon="4.8088198" />
  <node id="6997359827" lat="52.3067646" lon="4.8079071" />
  <node id="6997367930" lat="52.3074393" lon="4.8103664" />
  <node id="6997367931" lat="52.3086055" lon="4.8109169" />
  <node id="6997367933" lat="52.3083856" lon="4.8118551" />
  <node id="6997367935" lat="52.3086250" lon="4.8113562" />
  <node id="6997367936" lat="52.3086853" lon="4.8112724" />
  <node id="6997367937" lat="52.3075754" lon="4.8105622" />
  <node id="6997367938" lat="52.3064143" lon="4.8092345" />
  <node id="6997367939" lat="52.3064980" lon="4.8090924" />
  <node id="6997367940" lat="52.3084419" lon="4.8112233" />
  <node id="6997367941" lat="52.3076613" lon="4.8109049" />
  <node id="6997367942" lat="52.3084659" lon="4.8118148" />
  <node id="6997367944" lat="52.3086621" lon="4.8113263" />
  <node id="6997367945" lat="52.3087017" lon="4.8111591" />
  <node id="6997367946" lat="52.3073014" lon="4.8102327" />
  <node id="6997367947" lat="52.3068567" lon="4.8098726" />
  <node id="6997367951" lat="52.3085725" lon="4.8114903" />
  <node id="6997367954" lat="52.3083610" lon="4.8115976" />
  <node id="6997367955" lat="52.3085938" lon="4.8113991" />
  <node id="6997367956" lat="52.3089027" lon="4.8107812" />
  <node id="6997367957" lat="52.3074164" lon="4.8103959" />
  <node id="6997367959" lat="52.3085742" lon="4.8115815" />
  <node id="6997367960" lat="52.3081789" lon="4.8116405" />
  <node id="6997367964" lat="52.3083068" lon="4.8118122" />
  <node id="7049105779" lat="52.3876900" lon="4.9502124" />
  <node id="7049105780" lat="52.3904702" lon="4.9419690" />
  <node id="7490432854" lat="52.3117294" lon="4.8150970" />
  <node id="7669446627" lat="52.3793225" lon="4.7349166" />
  <node id="7669446628" lat="52.3793772" lon="4.7338624" />
  <node id="7669446630" lat="52.3791480" lon="4.7349343" />
  <node id="7669446631" lat="52.3784133" lon="4.7363602" />
  <node id="7669446632" lat="52.3795146" lon="4.7348522" />
  <node id="7669446634" lat="52.3794253" lon="4.7341106" />
  <node id="7669446636" lat="52.3795894" lon="4.7347171" />
  <node id="7669446637" lat="52.3788772" lon="4.7355130" />
  <node id="7669446638" lat="52.3791513" lon="4.7346368" />
  <node id="7669446639" lat="52.3794898" lon="4.7339236" />
  <node id="7669446641" lat="52.3788835" lon="4.7353716" />
  <node id="7669446642" lat="52.3787321" lon="4.7337810" />
  <node id="7669446643" lat="52.3793813" lon="4.7350931" />
  <node id="7669446644" lat="52.3788615" lon="4.7346991" />
  <node id="7669446645" lat="52.3796108" lon="4.7341556" />
  <node id="7669446646" lat="52.3788113" lon="4.7336703" />
  <node id="7669446647" lat="52.3789080" lon="4.7353609" />
  <node id="7669446648" lat="52.3783303" lon="4.7362255" />
  <node id="7669446649" lat="52.3787780" lon="4.7339170" />
  <node id="7669446650" lat="52.3793191" lon="4.7348276" />
  <node id="7669446651" lat="52.3788024" lon="4.7346064" />
  <node id="7669446652" lat="52.3783102" lon="4.7364176" />
  <node id="7669446653" lat="52.3795084" lon="4.7343949" />
  <node id="7669446655" lat="52.3789583" lon="4.7337015" />
  <node id="7669446656" lat="52.3794562" lon="4.7347677" />
  <node id="7669446657" lat="52.3791626" lon="4.7339922" />
  <node id="7669446659" lat="52.3795572" lon="4.7346571" />
  <node id="7669446660" lat="52.3794429" lon="4.7339678" />
  <node id="7669446662" lat="52.3796247" lon="4.7342692" />
  <node id="7669446664" lat="52.3797081" lon="4.7343956" />
  <node id="7669446665" lat="52.3794653" lon="4.7338977" />
  <node id="7669477241" lat="52.3800189" lon="4.7340563" />
  <node id="7669477243" lat="52.3799158" lon="4.7340571" />
  <node id="7669477246" lat="52.3799924" lon="4.7342336" />
  <node id="7669477249" lat="52.3798591" lon="4.7340569" />
  <node id="7669477251" lat="52.3791491" lon="4.7324899" />
  <node id="7669477254" lat="52.3792169" lon="4.7324697" />
  <node id="7669477256" lat="52.3792279" lon="4.7325330" />
  <node id="7669477258" lat="52.3792581" lon="4.7323297" />
  <node id="7669477261" lat="52.3793298" lon="4.7324345" />
  <node id="7669477262" lat="52.3801343" lon="4.7342224" />
  <node id="7734686951" lat="52.3054331" lon="4.8095440" />
  <node id="7734686952" lat="52.3051028" lon="4.8095885" />
  <node id="7734686953" lat="52.3052068" lon="4.8094930" />
  <node id="7734686955" lat="52.3054491" lon="4.8094470" />
  <node id="7734686956" lat="52.3051855" lon="4.8097773" />
  <node id="7734686958" lat="52.3054331" lon="4.8092651" />
  <node id="7734686959" lat="52.3051560" lon="4.8097773" />
  <node id="7740167164" lat="52.3065514" lon="4.8068217" />
  <node id="7740167165" lat="52.3064559" lon="4.8067837" />
  <node id="7740167166" lat="52.3064311" lon="4.8066523" />
  <node id="7740167167" lat="52.3065228" lon="4.8068769" />
  <node id="7740167168" lat="52.3069912" lon="4.8074493" />
  <node id="7740167169" lat="52.3064848" lon="4.8067284" />
  <node id="7740167170" lat="52.3064014" lon="4.8067057" />
  <node id="7740167171" lat="52.3069631" lon="4.8074989" />
  <node id="7921489351" lat="52.3064762" lon="4.8100711" />
  <node id="8105003851" lat="52.3055599" lon="4.8096232" />
  <node id="8243216053" lat="52.3092213" lon="4.8047044" />
  <node id="8243216054" lat="52.3091814" lon="4.8045928" />
  <node id="8243216055" lat="52.3091485" lon="4.8042493" />
  <node id="8315200455" lat="52.3071966" lon="4.8073494" />
  <node id="8315200456" lat="52.3071511" lon="4.8073474" />
  <node id="8315200457" lat="52.3074405" lon="4.8068485" />
  <node id="8315200458" lat="52.3074471" lon="4.8067331" />
  <node id="8315200460" lat="52.3066009" lon="4.8055342" />
  <node id="8315200461" lat="52.3062794" lon="4.8050863" />
  <node id="8315200462" lat="52.3060515" lon="4.8048341" />
  <node id="8315200463" lat="52.3058284" lon="4.8047456" />
  <node id="8315200476" lat="52.3058440" lon="4.8046732" />
  <node id="8315200477" lat="52.3058186" lon="4.8048529" />
  <node id="8326191197" lat="52.3936915" lon="4.9342628" />
  <node id="8326191208" lat="52.3938976" lon="4.9344605" />
  <node id="8326191213" lat="52.3939083" lon="4.9342159" />
  <node id="8558389525" lat="52.3079078" lon="4.8001169" />
  <node id="8858018680" lat="52.3998638" lon="4.9321281" />
  <node id="8878252298" lat="52.3049205" lon="4.8104238" />
  <node id="8878252299" lat="52.3049724" lon="4.8104883" />
  <node id="8878252300" lat="52.3049109" lon="4.8105392" />
  <node id="8878252301" lat="52.3047684" lon="4.8106411" />
  <node id="8878252302" lat="52.3046775" lon="4.8106960" />
  <node id="8878252303" lat="52.3046316" lon="4.8107174" />
  <node id="8878252304" lat="52.3045898" lon="4.8107121" />
  <node id="8878252305" lat="52.3045431" lon="4.8106799" />
  <node id="8878252306" lat="52.3045030" lon="4.8106263" />
  <node id="8878252307" lat="52.3044874" lon="4.8105794" />
  <node id="8878252308" lat="52.3044981" lon="4.8104937" />
  <node id="8878252309" lat="52.3045300" lon="4.8104240" />
  <node id="8878252310" lat="52.3049771" lon="4.8104559" />
  <node id="8878252311" lat="52.3046767" lon="4.8105808" />
  <node id="8878252312" lat="52.3046357" lon="4.8105285" />
  <node id="9606383195" lat="52.3927728" lon="4.9360902" />
  <node id="9606383196" lat="52.3926867" lon="4.9367244" />
  <node id="9606383197" lat="52.3926728" lon="4.9367237" />
  <node id="9655513460" lat="52.3065394" lon="4.8068139" />
  <node id="9655513461" lat="52.3065158" lon="4.8068609" />
  <node id="9655513462" lat="52.3065164" lon="4.8068431" />
  <node id="9655513463" lat="52.3065279" lon="4.8068186" />
  <node id="9655513492" lat="52.3086908" lon="4.8112909" />
  <node id="9655513493" lat="52.3086777" lon="4.8113234" />
  <node id="9655513494" lat="52.3086428" lon="4.8113368" />
  <node id="9655513495" lat="52.3086879" lon="4.8113097" />
  <node id="9655513539" lat="52.3079762" lon="4.8089323" />
  <node id="9655513540" lat="52.3079837" lon="4.8089359" />
  <node id="9655513541" lat="52.3079924" lon="4.8089329" />
  <node id="9655513542" lat="52.3080055" lon="4.8089071" />
  <node id="9655513543" lat="52.3080062" lon="4.8088925" />
  <node id="9655513544" lat="52.3080017" lon="4.8088776" />
  <node id="9655513545" lat="52.3074122" lon="4.8081342" />
  <node id="9655513546" lat="52.3074133" lon="4.8081214" />
  <node id="9655513547" lat="52.3074482" lon="4.8081229" />
  <node id="9655513548" lat="52.3074833" lon="4.8081448" />
  <node id="9655513549" lat="52.3074188" lon="4.8081167" />
  <node id="9708093262" lat="52.3939313" lon="4.9347427" />
  <node id="9708093263" lat="52.3934919" lon="4.9349030" />
  <node id="9708093264" lat="52.3935812" lon="4.9349945" />
  <node id="9708093265" lat="52.3936383" lon="4.9350799" />
  <node id="9708093266" lat="52.3936668" lon="4.9351043" />
  <node id="9708093267" lat="52.3937103" lon="4.9351063" />
  <node id="9708093268" lat="52.3937549" lon="4.9350840" />
  <node id="9708093269" lat="52.3937946" lon="4.9350474" />
  <node id="9708093270" lat="52.3938070" lon="4.9350027" />
  <node id="9708093271" lat="52.3938393" lon="4.9350291" />
  <node id="9708093272" lat="52.3938269" lon="4.9350840" />
  <node id="9708093273" lat="52.3938405" lon="4.9351449" />
  <node id="9708093274" lat="52.3938233" lon="4.9352350" />
  <node id="9708093275" lat="52.3937884" lon="4.9352619" />
  <node id="9708093276" lat="52.3937642" lon="4.9352607" />
  <node id="9708093277" lat="52.3937499" lon="4.9352105" />
  <node id="9708093278" lat="52.3937271" lon="4.9351813" />
  <node id="9708093279" lat="52.3935768" lon="4.9351019" />
  <node id="9708093280" lat="52.3935141" lon="4.9350342" />
  <node id="9708093281" lat="52.3934728" lon="4.9349782" />
  <node id="9708093282" lat="52.3936623" lon="4.9355958" />
  <node id="9708093283" lat="52.3937520" lon="4.9355444" />
  <node id="9708093284" lat="52.3937877" lon="4.9354534" />
  <node id="9708093338" lat="52.3936807" lon="4.9357712" />
  <node id="9708093339" lat="52.3934872" lon="4.9351919" />
  <node id="9708093340" lat="52.3932999" lon="4.9343259" />
  <node id="9708093341" lat="52.3932830" lon="4.9340461" />
  <node id="9708093342" lat="52.3933991" lon="4.9341145" />
  <node id="9708093343" lat="52.3933544" lon="4.9342609" />
  <node id="9708093344" lat="52.3933608" lon="4.9343560" />
  <node id="9708093345" lat="52.3934139" lon="4.9347276" />
  <node id="9708093368" lat="52.3930018" lon="4.9323944" />
  <node id="9708093369" lat="52.3930093" lon="4.9324227" />
  <node id="9708093370" lat="52.3930072" lon="4.9324475" />
  <node id="9708093371" lat="52.3928862" lon="4.9329430" />
  <node id="9708093372" lat="52.3928301" lon="4.9329041" />
  <node id="9708093373" lat="52.3929554" lon="4.9324050" />
  <node id="9708093374" lat="52.3929705" lon="4.9323856" />
  <node id="9708093375" lat="52.3929856" lon="4.9323856" />
  <node id="9708093376" lat="52.3928278" lon="4.9329338" />
  <node id="9708093377" lat="52.3928857" lon="4.9329699" />
  <node id="9708093378" lat="52.3928655" lon="4.9331603" />
  <node id="9708093379" lat="52.3928784" lon="4.9332736" />
  <node id="9708093380" lat="52.3928869" lon="4.9333320" />
  <node id="9708093381" lat="52.3928762" lon="4.9333810" />
  <node id="9708093382" lat="52.3928663" lon="4.9333903" />
  <node id="9708093383" lat="52.3928449" lon="4.9333927" />
  <node id="9708093384" lat="52.3928342" lon="4.9333810" />
  <node id="9708093385" lat="52.3928185" lon="4.9332105" />
  <node id="9708093386" lat="52.3928399" lon="4.9331989" />
  <node id="9708093387" lat="52.3928314" lon="4.9330401" />
  <node id="9708093388" lat="52.3928057" lon="4.9330366" />
  <node id="9708093389" lat="52.3928050" lon="4.9330062" />
  <node id="9708093391" lat="52.3929097" lon="4.9334394" />
  <node id="9708093392" lat="52.3928520" lon="4.9334557" />
  <node id="9708093393" lat="52.3928655" lon="4.9335141" />
  <node id="9708093394" lat="52.3928877" lon="4.9334351" />
  <node id="10557760642" lat="52.3987144" lon="4.9469062" />
  <node id="10559757669" lat="52.3985379" lon="4.9466104" />
  <node id="10559757670" lat="52.3985355" lon="4.9467179" />
  <node id="10559802941" lat="52.3984271" lon="4.9457872" />
  <node id="10559802942" lat="52.3984857" lon="4.9455921" />
  <node id="10559802996" lat="52.3984216" lon="4.9465188">
    <tag k="barrier" v="gate" />
  </node>
  <node id="10582642175" lat="52.3963795" lon="4.9406478" />
  <node id="10582642205" lat="52.3974160" lon="4.9380485" />
  <node id="10582642206" lat="52.3978102" lon="4.9370722" />
  <node id="10583888675" lat="52.3963486" lon="4.9425274" />
  <node id="10583888676" lat="52.3964009" lon="4.9425829" />
  <node id="10583888679" lat="52.3974773" lon="4.9438313" />
  <node id="10583888680" lat="52.3974121" lon="4.9437639" />
  <node id="10583888681" lat="52.3974185" lon="4.9437460" />
  <node id="10583888682" lat="52.3974214" lon="4.9437295" />
  <node id="10583888683" lat="52.3974211" lon="4.9437069" />
  <node id="10583888684" lat="52.3974156" lon="4.9436880" />
  <node id="10583888685" lat="52.3975106" lon="4.9439187" />
  <node id="10583888694" lat="52.3974618" lon="4.9438698" />
  <node id="10583888695" lat="52.3980168" lon="4.9444299" />
  <node id="10583888700" lat="52.3985196" lon="4.9454795" />
  <node id="10583888702" lat="52.3984271" lon="4.9454047" />
  <node id="10583888703" lat="52.3983943" lon="4.9454736" />
  <node id="10583888704" lat="52.3983662" lon="4.9454388" />
  <node id="10583888705" lat="52.3985188" lon="4.9449685" />
  <node id="10583888706" lat="52.3985218" lon="4.9449972" />
  <node id="10583888707" lat="52.3985214" lon="4.9449777" />
  <node id="10583888708" lat="52.3985136" lon="4.9449574" />
  <node id="10583888709" lat="52.3962706" lon="4.9425491" />
  <node id="10583888710" lat="52.3962959" lon="4.9424779" />
  <node id="10583888711" lat="52.3955598" lon="4.9424967" />
  <node id="10583888712" lat="52.3956334" lon="4.9418353" />
  <node id="10583888743" lat="52.3955696" lon="4.9415809" />
  <node id="10583888744" lat="52.3957378" lon="4.9411399" />
  <node id="10583888745" lat="52.3957573" lon="4.9410361" />
  <node id="10583888746" lat="52.3957632" lon="4.9409576" />
  <node id="10583888747" lat="52.3957634" lon="4.9408907" />
  <node id="10583888748" lat="52.3957477" lon="4.9407353" />
  <node id="10583888749" lat="52.3957373" lon="4.9406756" />
  <node id="10583888750" lat="52.3957615" lon="4.9409928" />
  <node id="10583888751" lat="52.3957591" lon="4.9408298" />
  <node id="10583888752" lat="52.3957517" lon="4.9407647" />
  <node id="10583888753" lat="52.3955673" lon="4.9400712" />
  <node id="10583888760" lat="52.3957442" lon="4.9411130" />
  <node id="10583888761" lat="52.3956112" lon="4.9418128" />
  <node id="10583888762" lat="52.3955925" lon="4.9417842" />
  <node id="10583888763" lat="52.3955777" lon="4.9417499" />
  <node id="10583888764" lat="52.3955620" lon="4.9416601" />
  <node id="10583888765" lat="52.3955646" lon="4.9416083" />
  <node id="10583888766" lat="52.3955750" lon="4.9415592" />
  <node id="10583888777" lat="52.3957310" lon="4.9411573" />
  <node id="10589695205" lat="52.3985505" lon="4.9408574" />
  <node id="10589695206" lat="52.3985422" lon="4.9408703" />
  <node id="10589695207" lat="52.3985563" lon="4.9408503" />
  <node id="10589695208" lat="52.3985673" lon="4.9408381" />
  <node id="10589695209" lat="52.3985794" lon="4.9408282" />
  <node id="10589695210" lat="52.3985938" lon="4.9408216" />
  <node id="10589695211" lat="52.3986151" lon="4.9408164" />
  <node id="10589695212" lat="52.3986381" lon="4.9408154" />
  <node id="10589695213" lat="52.3986489" lon="4.9408183" />
  <node id="10589695214" lat="52.3986503" lon="4.9408164" />
  <node id="10589695215" lat="52.3986540" lon="4.9408166" />
  <node id="10589695216" lat="52.3986589" lon="4.9408171" />
  <node id="10589695217" lat="52.3986681" lon="4.9408206" />
  <node id="10589695218" lat="52.3986782" lon="4.9408272" />
  <node id="10589695219" lat="52.3986879" lon="4.9408352" />
  <node id="10589695220" lat="52.3986992" lon="4.9408475" />
  <node id="10589695221" lat="52.3988207" lon="4.9409777" />
  <node id="10589695222" lat="52.3988563" lon="4.9410161" />
  <node id="10589695223" lat="52.3988771" lon="4.9410340" />
  <node id="10589695224" lat="52.3988995" lon="4.9410489" />
  <node id="10589695225" lat="52.3989185" lon="4.9410590" />
  <node id="10589695226" lat="52.3989296" lon="4.9410628" />
  <node id="10589695227" lat="52.3989592" lon="4.9410706" />
  <node id="10589695228" lat="52.3989834" lon="4.9410729" />
  <node id="10589695229" lat="52.3990018" lon="4.9410715" />
  <node id="10589695230" lat="52.3990182" lon="4.9410701" />
  <node id="10589695231" lat="52.3990360" lon="4.9410644" />
  <node id="10589695232" lat="52.3990619" lon="4.9410545" />
  <node id="10589695233" lat="52.3992248" lon="4.9409852" />
  <node id="10589695234" lat="52.3992257" lon="4.9409772" />
  <node id="10589695235" lat="52.3992285" lon="4.9409719" />
  <node id="10589695236" lat="52.3992342" lon="4.9409664" />
  <node id="10589695237" lat="52.3992441" lon="4.9409546" />
  <node id="10589695238" lat="52.3992507" lon="4.9409442" />
  <node id="10589695239" lat="52.3992567" lon="4.9409310" />
  <node id="10589695240" lat="52.3992609" lon="4.9409189" />
  <node id="10589695241" lat="52.3992688" lon="4.9408871" />
  <node id="10589695242" lat="52.3992705" lon="4.9408803" />
  <node id="10589695243" lat="52.3992755" lon="4.9408739" />
  <node id="10589695244" lat="52.3992800" lon="4.9408734" />
  <node id="10589695245" lat="52.3992861" lon="4.9408786" />
  <node id="10589695246" lat="52.3992884" lon="4.9408871" />
  <node id="10589695247" lat="52.3993204" lon="4.9408706" />
  <node id="10589695248" lat="52.3993100" lon="4.9408084" />
  <node id="10589695249" lat="52.3993019" lon="4.9407301" />
  <node id="10589695250" lat="52.3992986" lon="4.9406570" />
  <node id="10589695251" lat="52.3992992" lon="4.9406008" />
  <node id="10589695252" lat="52.3993001" lon="4.9405801" />
  <node id="10589695253" lat="52.3993029" lon="4.9405409" />
  <node id="10589695254" lat="52.3993094" lon="4.9404820" />
  <node id="10589695255" lat="52.3993163" lon="4.9404400" />
  <node id="10589695256" lat="52.3993264" lon="4.9403872" />
  <node id="10589695257" lat="52.3993385" lon="4.9403377" />
  <node id="10589695258" lat="52.3993448" lon="4.9403155" />
  <node id="10589695259" lat="52.3993688" lon="4.9402405" />
  <node id="10589695260" lat="52.3994464" lon="4.9400363" />
  <node id="10589695261" lat="52.3994500" lon="4.9400302" />
  <node id="10589695262" lat="52.3994542" lon="4.9400290" />
  <node id="10589695263" lat="52.3994562" lon="4.9400300" />
  <node id="10589695264" lat="52.3994582" lon="4.9400323" />
  <node id="10589695265" lat="52.3995185" lon="4.9398819" />
  <node id="10589695266" lat="52.3995175" lon="4.9398757" />
  <node id="10589695267" lat="52.3995169" lon="4.9398705" />
  <node id="10589695268" lat="52.3995169" lon="4.9398658" />
  <node id="10589695269" lat="52.3995175" lon="4.9398595" />
  <node id="10589695270" lat="52.3995185" lon="4.9398540" />
  <node id="10589695271" lat="52.3995221" lon="4.9398441" />
  <node id="10589695272" lat="52.4000064" lon="4.9386210" />
  <node id="10589695273" lat="52.3980369" lon="4.9420577" />
  <node id="10589695274" lat="52.3980548" lon="4.9420119" />
  <node id="10589695275" lat="52.3981279" lon="4.9418374" />
  <node id="10589695276" lat="52.3982248" lon="4.9415993" />
  <node id="10589695277" lat="52.3984112" lon="4.9411874" />
  <node id="10589695302" lat="52.3985355" lon="4.9408834" />
  <node id="10589769598" lat="52.3991358" lon="4.9335603" />
  <node id="10589769600" lat="52.3986798" lon="4.9348843" />
  <node id="10589774410" lat="52.3991425" lon="4.9336582" />
  <node id="10589774411" lat="52.3991385" lon="4.9336987" />
  <node id="10589774412" lat="52.3991293" lon="4.9337440" />
  <node id="10589774413" lat="52.3991425" lon="4.9336275" />
  <node id="10589774414" lat="52.3992363" lon="4.9333262" />
  <node id="10589774415" lat="52.3992090" lon="4.9333450" />
  <node id="10589774416" lat="52.3991845" lon="4.9333696" />
  <node id="10589774417" lat="52.3991461" lon="4.9334427" />
  <node id="10589774418" lat="52.3991372" lon="4.9334885" />
  <node id="10589774419" lat="52.3991347" lon="4.9335365" />
  <node id="10589774420" lat="52.3991609" lon="4.9334012" />
  <node id="10589774421" lat="52.3992645" lon="4.9333144" />
  <node id="10589774422" lat="52.3991388" lon="4.9335841" />
  <node id="10589774423" lat="52.3990527" lon="4.9339633" />
  <node id="10589774424" lat="52.3990355" lon="4.9340011" />
  <node id="10589774425" lat="52.3988709" lon="4.9344076" />
  <node id="10589774426" lat="52.3989394" lon="4.9342265" />
  <node id="10589774427" lat="52.3990988" lon="4.9338313" />
  <node id="10589808260" lat="52.3970799" lon="4.9388915" />
  <node id="10589808261" lat="52.3976718" lon="4.9374180" />
  <node id="10589808275" lat="52.3977152" lon="4.9373123" />
  <node id="10589808276" lat="52.3976194" lon="4.9375457" />
  <node id="10589832548" lat="52.3965285" lon="4.9402741" />
  <node id="10589837718" lat="52.3985419" lon="4.9352280" />
  <node id="10589837719" lat="52.3981911" lon="4.9361123" />
  <node id="10589837725" lat="52.3986294" lon="4.9350098" />
  <node id="10589837726" lat="52.3985752" lon="4.9351442" />
  <node id="10589871476" lat="52.3993463" lon="4.9477775" />
  <node id="10589871477" lat="52.3993427" lon="4.9477736" />
  <node id="10589871480" lat="52.3992809" lon="4.9477076" />
  <node id="10589883356" lat="52.3956026" lon="4.9425428" />
  <node id="10589883357" lat="52.3955886" lon="4.9425276" />
  <node id="10594491148" lat="52.3997641" lon="4.9392365" />
  <node id="10594491308" lat="52.3994603" lon="4.9400271" />
  <node id="10594491309" lat="52.3995176" lon="4.9398841" />
  <node id="10604232375" lat="52.3983796" lon="4.9412571" />
  <node id="10605046868" lat="52.3983689" lon="4.9412808" />
  <node id="10605064738" lat="52.3972952" lon="4.9426094" />
  <node id="10605064746" lat="52.3973596" lon="4.9425133" />
  <node id="10606353756" lat="52.3972798" lon="4.9425926" />
  <node id="10606368982" lat="52.3973784" lon="4.9424646" />
  <node id="10606368985" lat="52.3974028" lon="4.9424035" />
  <node id="10606368986" lat="52.3974226" lon="4.9423538" />
  <node id="10606368989" lat="52.3974487" lon="4.9422883" />
  <node id="10606368990" lat="52.3974694" lon="4.9422365" />
  <node id="10606368993" lat="52.3974937" lon="4.9421754" />
  <node id="10606368994" lat="52.3975140" lon="4.9421245" />
  <node id="10606368997" lat="52.3975370" lon="4.9420651" />
  <node id="10606368998" lat="52.3975573" lon="4.9420142" />
  <node id="10606369001" lat="52.3975803" lon="4.9419564" />
  <node id="10606369002" lat="52.3976000" lon="4.9419070" />
  <node id="10606369005" lat="52.3976230" lon="4.9418495" />
  <node id="10606404312" lat="52.3972106" lon="4.9425196" />
  <node id="10606404313" lat="52.3972683" lon="4.9425805" />
  <node id="10606404315" lat="52.3971998" lon="4.9425082" />
  <node id="10606404321" lat="52.3971335" lon="4.9424359" />
  <node id="10606404325" lat="52.3971213" lon="4.9424233" />
  <node id="10606404327" lat="52.3971047" lon="4.9424052" />
  <node id="10606404329" lat="52.3970881" lon="4.9423872" />
  <node id="10606404331" lat="52.3970549" lon="4.9423510" />
  <node id="10606404332" lat="52.3970715" lon="4.9423691" />
  <node id="10606404335" lat="52.3970439" lon="4.9423380" />
  <node id="10606404341" lat="52.3969775" lon="4.9422656" />
  <node id="10606404345" lat="52.3969659" lon="4.9422536" />
  <node id="10606404349" lat="52.3968995" lon="4.9421812" />
  <node id="10606404353" lat="52.3968888" lon="4.9421706" />
  <node id="10606404359" lat="52.3968224" lon="4.9420982" />
  <node id="10606404363" lat="52.3968119" lon="4.9420857" />
  <node id="10606404369" lat="52.3967456" lon="4.9420133" />
  <node id="10606404373" lat="52.3967342" lon="4.9420012" />
  <node id="10606404379" lat="52.3966679" lon="4.9419289" />
  <node id="10606404389" lat="52.3965904" lon="4.9418441" />
  <node id="10606404390" lat="52.3966568" lon="4.9419165" />
  <node id="10606404399" lat="52.3965121" lon="4.9417587" />
  <node id="10606404400" lat="52.3965790" lon="4.9418317" />
  <node id="10606404494" lat="52.3966633" lon="4.9419236" />
  <node id="10606404515" lat="52.3965077" lon="4.9417540" />
  <node id="10606404516" lat="52.3965051" lon="4.9417511" />
  <node id="10606404523" lat="52.3964292" lon="4.9416686" />
  <node id="10606404535" lat="52.3965010" lon="4.9417466" />
  <node id="10606404538" lat="52.3964342" lon="4.9416741" />
  <node id="10606404540" lat="52.3964058" lon="4.9416436" />
  <node id="10606404541" lat="52.3964223" lon="4.9416612" />
  <node id="10610584273" lat="52.3992850" lon="4.9408763" />
  <node id="10610584274" lat="52.3992824" lon="4.9408741" />
  <node id="10610584275" lat="52.3992774" lon="4.9408733" />
  <node id="10610584276" lat="52.3992735" lon="4.9408754" />
  <node id="10610584277" lat="52.3992721" lon="4.9408771" />
  <node id="10610584278" lat="52.3992626" lon="4.9409126" />
  <node id="10610584279" lat="52.3992590" lon="4.9409243" />
  <node id="10610584280" lat="52.3992538" lon="4.9409373" />
  <node id="10610584281" lat="52.3992396" lon="4.9409604" />
  <node id="10610584282" lat="52.3992304" lon="4.9409701" />
  <node id="10610584283" lat="52.3992269" lon="4.9409744" />
  <node id="10610584284" lat="52.3992249" lon="4.9409815" />
  <node id="10610710416" lat="52.3996449" lon="4.9458391" />
  <node id="10610710417" lat="52.3993922" lon="4.9455200" />
  <node id="10610710418" lat="52.3994096" lon="4.9455415" />
  <node id="10610710419" lat="52.3993773" lon="4.9454939" />
  <node id="10610710420" lat="52.3993635" lon="4.9454575" />
  <node id="10610710421" lat="52.3993543" lon="4.9454080" />
  <node id="10610710422" lat="52.3993511" lon="4.9453651" />
  <node id="10610710423" lat="52.3993526" lon="4.9453260" />
  <node id="10610710424" lat="52.3993552" lon="4.9452878" />
  <node id="10610710427" lat="52.3996409" lon="4.9458485" />
  <node id="10610710428" lat="52.3994792" lon="4.9456514" />
  <node id="10610710429" lat="52.3993753" lon="4.9455236" />
  <node id="10610710430" lat="52.3993627" lon="4.9455023" />
  <node id="10610710431" lat="52.3993540" lon="4.9454849" />
  <node id="10610710432" lat="52.3993434" lon="4.9454571" />
  <node id="10610710433" lat="52.3993365" lon="4.9454288" />
  <node id="10610710434" lat="52.3993316" lon="4.9454066" />
  <node id="10610710435" lat="52.3993281" lon="4.9453769" />
  <node id="10610710436" lat="52.3993267" lon="4.9453500" />
  <node id="10610710437" lat="52.3993270" lon="4.9453203" />
  <node id="10610710438" lat="52.3993296" lon="4.9452944" />
  <node id="10610710439" lat="52.3993322" lon="4.9452736" />
  <node id="10610710440" lat="52.3993365" lon="4.9452522" />
  <node id="10610710441" lat="52.3993587" lon="4.9452680" />
  <node id="10614989445" lat="52.3988090" lon="4.9470079" />
  <node id="10614989446" lat="52.3986830" lon="4.9468724" />
  <node id="10614989483" lat="52.3988126" lon="4.9469957" />
  <node id="10614989568" lat="52.3982611" lon="4.9446874" />
  <node id="10614989640" lat="52.3993361" lon="4.9475747" />
  <node id="10633389126" lat="52.3993174" lon="4.9476198" />
  <node id="10633389139" lat="52.3984118" lon="4.9465110" />
  <node id="10633389156" lat="52.3983962" lon="4.9458901" />
  <node id="10637213710" lat="52.3998095" lon="4.9463739">
    <tag k="amenity" v="vending_machine" />
    <tag k="operator" v="Gemeente Amsterdam" />
    <tag k="vending" v="parking_tickets" />
  </node>
  <node id="10637213718" lat="52.3987954" lon="4.9469773" />
  <node id="10637213719" lat="52.3988925" lon="4.9466734" />
  <node id="10637213720" lat="52.3991592" lon="4.9458391" />
  <node id="10637213721" lat="52.3991641" lon="4.9458235" />
  <node id="10637213722" lat="52.3991724" lon="4.9458061" />
  <node id="10637213723" lat="52.3991851" lon="4.9457820" />
  <node id="10637213724" lat="52.3991981" lon="4.9457641" />
  <node id="10637213725" lat="52.3992078" lon="4.9457532" />
  <node id="10637213726" lat="52.3992202" lon="4.9457415" />
  <node id="10637213727" lat="52.3992366" lon="4.9457301" />
  <node id="10637213728" lat="52.3992507" lon="4.9457245" />
  <node id="10637213729" lat="52.3992706" lon="4.9457188" />
  <node id="10637213730" lat="52.3992884" lon="4.9457183" />
  <node id="10637213731" lat="52.3993048" lon="4.9457212" />
  <node id="10637213732" lat="52.3993229" lon="4.9457282" />
  <node id="10637213733" lat="52.3993434" lon="4.9457424" />
  <node id="10637213734" lat="52.3993952" lon="4.9457905" />
  <node id="10637213735" lat="52.3995834" lon="4.9459641" />
  <node id="10637213736" lat="52.3998280" lon="4.9462050" />
  <node id="10637213737" lat="52.3998313" lon="4.9462327" />
  <node id="10637213741" lat="52.3990211" lon="4.9472358" />
  <node id="10637213742" lat="52.3996858" lon="4.9461530" />
  <node id="10637213743" lat="52.3996904" lon="4.9462353" />
  <node id="10637213744" lat="52.3996758" lon="4.9461149" />
  <node id="10637213745" lat="52.3996907" lon="4.9461937" />
  <node id="10637213746" lat="52.3989553" lon="4.9465526" />
  <node id="10637213747" lat="52.3989943" lon="4.9464312" />
  <node id="10637213748" lat="52.3990139" lon="4.9463826" />
  <node id="10637213749" lat="52.3991330" lon="4.9460152" />
  <node id="10637213750" lat="52.3991648" lon="4.9459181" />
  <node id="10637213751" lat="52.3991768" lon="4.9458886" />
  <node id="10637213752" lat="52.3991847" lon="4.9458714" />
  <node id="10637213753" lat="52.3991963" lon="4.9458511" />
  <node id="10637213754" lat="52.3992065" lon="4.9458334" />
  <node id="10637213755" lat="52.3992199" lon="4.9458148" />
  <node id="10637213756" lat="52.3992345" lon="4.9457999" />
  <node id="10637213757" lat="52.3992513" lon="4.9457851" />
  <node id="10637213758" lat="52.3992664" lon="4.9457782" />
  <node id="10637213759" lat="52.3993954" lon="4.9458498" />
  <node id="10637213760" lat="52.3992870" lon="4.9457745" />
  <node id="10637213761" lat="52.3993201" lon="4.9457808" />
  <node id="10655311896" lat="52.4002917" lon="4.9483479" />
  <node id="10655311945" lat="52.3995195" lon="4.9474487">
    <tag k="amenity" v="recycling" />
    <tag k="recycling:waste" v="yes" />
    <tag k="recycling_type" v="container" />
  </node>
  <node id="10655311947" lat="52.3990409" lon="4.9472571" />
  <node id="10655312007" lat="52.4002277" lon="4.9482795" />
  <node id="10655312016" lat="52.4006688" lon="4.9471893" />
  <node id="10655312017" lat="52.4006583" lon="4.9472144" />
  <node id="10655312018" lat="52.4006557" lon="4.9472116" />
  <node id="10655312019" lat="52.4006455" lon="4.9472370" />
  <node id="10655312029" lat="52.4003592" lon="4.9490116" />
  <node id="10655312030" lat="52.4002600" lon="4.9489008" />
  <node id="10655312031" lat="52.4002533" lon="4.9488900" />
  <node id="10655312033" lat="52.4002691" lon="4.9489126" />
  <node id="10655312034" lat="52.4002440" lon="4.9488600" />
  <node id="10655312035" lat="52.4002462" lon="4.9488294" />
  <node id="10655312036" lat="52.4002438" lon="4.9488444" />
  <node id="10655312037" lat="52.4002510" lon="4.9488160" />
  <node id="10655312038" lat="52.4001082" lon="4.9487376" />
  <node id="10655312039" lat="52.4001020" lon="4.9487317" />
  <node id="10655312040" lat="52.4000908" lon="4.9487204" />
  <node id="10655312041" lat="52.3993998" lon="4.9479805" />
  <node id="10683529945" lat="52.3974743" lon="4.9438281" />
  <node id="10731500852" lat="52.4021303" lon="4.9353624" />
  <node id="10731500868" lat="52.4030756" lon="4.9365173" />
  <node id="10731766434" lat="52.3931952" lon="4.9335264" />
  <node id="10733653384" lat="52.3930713" lon="4.9331985" />
  <node id="10733653393" lat="52.3940315" lon="4.9301324" />
  <node id="10733653395" lat="52.3942339" lon="4.9293139" />
  <node id="10733653398" lat="52.3935290" lon="4.9327069" />
  <node id="10733664508" lat="52.3938301" lon="4.9309485" />
  <node id="10733664509" lat="52.3941496" lon="4.9300654" />
  <node id="10733664512" lat="52.3940774" lon="4.9303567" />
  <node id="10733664516" lat="52.3940737" lon="4.9287590" />
  <node id="10733664525" lat="52.3941444" lon="4.9287695" />
  <node id="10733664530" lat="52.3942704" lon="4.9295777" />
  <node id="10733664543" lat="52.3935051" lon="4.9322595" />
  <node id="10733664544" lat="52.3935543" lon="4.9326195" />
  <node id="10733664547" lat="52.3938829" lon="4.9311423" />
  <node id="11055094349" lat="52.3941228" lon="4.9334151">
    <tag k="artwork_type" v="sculpture" />
    <tag k="material" v="metal" />
    <tag k="name" v="Zonder tafel" />
    <tag k="tourism" v="artwork" />
  </node>
  <node id="11217996230" lat="52.3837837" lon="4.7412440" />
  <node id="11218009741" lat="52.3837266" lon="4.7415137" />
  <node id="11282071746" lat="52.3921502" lon="4.9377642" />
  <node id="11282071747" lat="52.3921855" lon="4.9377003" />
  <node id="11282071748" lat="52.3923571" lon="4.9368601" />
  <node id="11282071749" lat="52.3923604" lon="4.9368242" />
  <node id="11282076935" lat="52.3934609" lon="4.9312489" />
  <node id="11282076936" lat="52.3937971" lon="4.9297400" />
  <node id="11282076938" lat="52.3939372" lon="4.9291776" />
  <node id="11282076939" lat="52.3930183" lon="4.9329194" />
  <node id="11282076940" lat="52.3934977" lon="4.9310944" />
  <node id="11282076943" lat="52.3934718" lon="4.9310729" />
  <node id="11282076944" lat="52.3933098" lon="4.9317207" />
  <node id="11282076945" lat="52.3939705" lon="4.9290332" />
  <node id="11282076947" lat="52.3933238" lon="4.9316671" />
  <node id="11282076950" lat="52.3930418" lon="4.9329368" />
  <node id="11282076952" lat="52.3940000" lon="4.9290546" />
  <node id="11282076953" lat="52.3940488" lon="4.9287235" />
  <node id="11282076954" lat="52.3936467" lon="4.9303630" />
  <node id="11282076955" lat="52.3939629" lon="4.9291965" />
  <node id="11282076959" lat="52.3931927" lon="4.9322022" />
  <node id="11282076964" lat="52.3935872" lon="4.9306018" />
  <node id="11282076965" lat="52.3930892" lon="4.9326290" />
  <node id="11282076967" lat="52.3938752" lon="4.9294370" />
  <node id="11284720270" lat="52.3939820" lon="4.9244320" />
  <node id="11284720288" lat="52.3933631" lon="4.9241698" />
  <node id="11284720289" lat="52.3933442" lon="4.9241702" />
  <node id="11284720291" lat="52.3932843" lon="4.9241806" />
  <node id="11284720293" lat="52.3932638" lon="4.9241450" />
  <node id="11284720294" lat="52.3927119" lon="4.9242777" />
  <node id="11284720295" lat="52.3927121" lon="4.9242807" />
  <node id="11284720296" lat="52.3927087" lon="4.9242814" />
  <node id="11284720297" lat="52.3927090" lon="4.9242860" />
  <node id="11284720298" lat="52.3926820" lon="4.9242924" />
  <node id="11284720299" lat="52.3926816" lon="4.9242879" />
  <node id="11284720300" lat="52.3926779" lon="4.9242888" />
  <node id="11284720302" lat="52.3915935" lon="4.9245445" />
  <node id="11284720305" lat="52.3915292" lon="4.9245600" />
  <node id="11284720306" lat="52.3913912" lon="4.9245933" />
  <node id="11284720307" lat="52.3913666" lon="4.9246138" />
  <node id="11284720308" lat="52.3913398" lon="4.9246200" />
  <node id="11284720309" lat="52.3913361" lon="4.9246211" />
  <node id="11284720310" lat="52.3913332" lon="4.9246238" />
  <node id="11284720311" lat="52.3913307" lon="4.9246291" />
  <node id="11284720312" lat="52.3913239" lon="4.9246448" />
  <node id="11284720313" lat="52.3913212" lon="4.9246509" />
  <node id="11284720314" lat="52.3913187" lon="4.9246543" />
  <node id="11284720315" lat="52.3913151" lon="4.9246554" />
  <node id="11284720316" lat="52.3913086" lon="4.9246554" />
  <node id="11284720317" lat="52.3913029" lon="4.9246545" />
  <node id="11284720318" lat="52.3912806" lon="4.9246449" />
  <node id="11284720319" lat="52.3912481" lon="4.9246316" />
  <node id="11284720320" lat="52.3912156" lon="4.9246180" />
  <node id="11284720321" lat="52.3911845" lon="4.9246042" />
  <node id="11284720322" lat="52.3911741" lon="4.9246005" />
  <node id="11284720323" lat="52.3911633" lon="4.9246002" />
  <node id="11284720324" lat="52.3911525" lon="4.9246016" />
  <node id="11284720325" lat="52.3911411" lon="4.9246052" />
  <node id="11284720326" lat="52.3911313" lon="4.9246100" />
  <node id="11284720327" lat="52.3911243" lon="4.9246141" />
  <node id="11284720328" lat="52.3911153" lon="4.9246207" />
  <node id="11287174615" lat="52.3921598" lon="4.9244143" />
  <node id="11287174616" lat="52.3922149" lon="4.9244014" />
  <node id="11287174617" lat="52.3922137" lon="4.9243869" />
  <node id="11287174618" lat="52.3926812" lon="4.9242881" />
  <node id="11287174622" lat="52.3921583" lon="4.9244001" />
  <node id="11287178680" lat="52.3937127" lon="4.9242912" />
  <node id="11287178701" lat="52.3932963" lon="4.9241784" />
  <node id="11287178706" lat="52.3936214" lon="4.9242402" />
  <node id="11287178707" lat="52.3939332" lon="4.9244096" />
  <node id="11287178708" lat="52.3937512" lon="4.9243119" />
  <node id="11287178709" lat="52.3949108" lon="4.9254301" />
  <node id="11287178731" lat="52.3940834" lon="4.9244730" />
  <node id="11287178732" lat="52.3941379" lon="4.9244943" />
  <node id="11287178733" lat="52.3941921" lon="4.9245158" />
  <node id="11287178734" lat="52.3942460" lon="4.9245369" />
  <node id="11287178735" lat="52.3943842" lon="4.9245911" />
  <node id="11287178736" lat="52.3945253" lon="4.9246437" />
  <node id="11287178737" lat="52.3945730" lon="4.9246612" />
  <node id="11287178738" lat="52.3946098" lon="4.9246763" />
  <node id="11287178739" lat="52.3946450" lon="4.9247036" />
  <node id="11287178740" lat="52.3946765" lon="4.9247366" />
  <node id="11287178741" lat="52.3947044" lon="4.9247733" />
  <node id="11287178742" lat="52.3947078" lon="4.9247781" />
  <node id="11287178743" lat="52.3947980" lon="4.9249588" />
  <node id="11287178744" lat="52.3948091" lon="4.9249806" />
  <node id="11287178745" lat="52.3948194" lon="4.9250012" />
  <node id="11287178746" lat="52.3948328" lon="4.9250235" />
  <node id="11287178747" lat="52.3948465" lon="4.9250448" />
  <node id="11287178748" lat="52.3948591" lon="4.9250615" />
  <node id="11287178749" lat="52.3948729" lon="4.9250781" />
  <node id="11287178750" lat="52.3948844" lon="4.9250894" />
  <node id="11287178752" lat="52.3949001" lon="4.9251037" />
  <node id="11287178753" lat="52.3949019" lon="4.9251065" />
  <node id="11287178754" lat="52.3949030" lon="4.9251108" />
  <node id="11287178755" lat="52.3949033" lon="4.9251153" />
  <node id="11287178756" lat="52.3949030" lon="4.9251196" />
  <node id="11287178757" lat="52.3949020" lon="4.9251226" />
  <node id="11287233628" lat="52.3910391" lon="4.9246350" />
  <node id="11287233629" lat="52.3910389" lon="4.9246269" />
  <node id="11287233630" lat="52.3910313" lon="4.9246487" />
  <node id="11287233631" lat="52.3910367" lon="4.9246421" />
  <node id="11287233632" lat="52.3910245" lon="4.9246583" />
  <node id="11287233633" lat="52.3910933" lon="4.9246265" />
  <node id="11287233634" lat="52.3910832" lon="4.9246180" />
  <node id="11287233635" lat="52.3910790" lon="4.9246102" />
  <node id="11287233636" lat="52.3910877" lon="4.9246230" />
  <node id="11287233637" lat="52.3910986" lon="4.9246277" />
  <node id="11288846006" lat="52.3932900" lon="4.9241796" />
  <node id="11288846013" lat="52.3929625" lon="4.9242164" />
  <node id="11289091788" lat="52.3913621" lon="4.9246148" />
  <node id="11289091957" lat="52.3926954" lon="4.9242892">
    <tag k="barrier" v="bollard" />
    <tag k="bollard" v="fixed" />
    <tag k="material" v="metal" />
  </node>
  <node id="11289237335" lat="52.3906634" lon="4.9253278" />
  <node id="11289237339" lat="52.3913021" lon="4.9311638" />
  <node id="11289237340" lat="52.3909498" lon="4.9270155" />
  <node id="11289237341" lat="52.3910275" lon="4.9276144" />
  <node id="11289237342" lat="52.3909170" lon="4.9267929" />
  <node id="11289239625" lat="52.3910382" lon="4.9246389" />
  <node id="11289239626" lat="52.3910392" lon="4.9246305" />
  <node id="11294046781" lat="52.3941053" lon="4.9289236" />
  <node id="11294174300" lat="52.3942843" lon="4.9287947" />
  <node id="11343217018" lat="52.3946505" lon="4.9264408" />
  <node id="11343217019" lat="52.3945947" lon="4.9266556" />
  <node id="11343217020" lat="52.3947036" lon="4.9262411" />
  <node id="11343217021" lat="52.3940764" lon="4.9287437" />
  <node id="11343217022" lat="52.3942450" lon="4.9280602" />
  <node id="11343217027" lat="52.3943858" lon="4.9274920" />
  <node id="11343217028" lat="52.3943799" lon="4.9275155" />
  <node id="11378527440" lat="52.3939257" lon="4.9341415" />
  <node id="11378527443" lat="52.3937375" lon="4.9340444" />
  <node id="11378527446" lat="52.3938984" lon="4.9340919" />
  <node id="11378527449" lat="52.3939832" lon="4.9345381" />
  <node id="11378527450" lat="52.3938626" lon="4.9341260" />
  <node id="11378543699" lat="52.3932616" lon="4.9341671" />
  <node id="11378543705" lat="52.3932635" lon="4.9341076" />
  <node id="11378546618" lat="52.3940113" lon="4.9330949" />
  <node id="11378546619" lat="52.3937908" lon="4.9329619" />
  <node id="11378546625" lat="52.3938080" lon="4.9328950" />
  <node id="11378546628" lat="52.3940271" lon="4.9330341" />
  <node id="11378546631" lat="52.3939556" lon="4.9329879" />
  <node id="11390091455" lat="52.3936410" lon="4.9334037" />
  <node id="11390091456" lat="52.3935464" lon="4.9335491" />
  <node id="11688004467" lat="52.3807844" lon="4.7363550" />
  <node id="11688032069" lat="52.3807094" lon="4.7362873" />
  <node id="11688032070" lat="52.3808135" lon="4.7363333" />
  <node id="11688057716" lat="52.3816841" lon="4.7345179" />
  <node id="11688057731" lat="52.3815628" lon="4.7349790" />
  <node id="11688057744" lat="52.3815642" lon="4.7347531" />
  <node id="11688057749" lat="52.3816241" lon="4.7348654" />
  <node id="11688057752" lat="52.3835858" lon="4.7325193" />
  <node id="11688057758" lat="52.3819105" lon="4.7340185" />
  <node id="11688063272" lat="52.3825793" lon="4.7335536" />
  <node id="11688063277" lat="52.3819318" lon="4.7340540" />
  <node id="11688081198" lat="52.3801526" lon="4.7371012" />
  <node id="11688081199" lat="52.3794312" lon="4.7366350" />
  <node id="11688081204" lat="52.3795243" lon="4.7360990" />
  <node id="11688081205" lat="52.3800269" lon="4.7369250" />
  <node id="11688081209" lat="52.3801049" lon="4.7370761" />
  <node id="11688081210" lat="52.3795204" lon="4.7365391" />
  <node id="11688081217" lat="52.3800789" lon="4.7372392" />
  <node id="11688081218" lat="52.3795141" lon="4.7365849" />
  <node id="11688081219" lat="52.3793274" lon="4.7363164" />
  <node id="11688081222" lat="52.3800292" lon="4.7371367" />
  <node id="11688081223" lat="52.3796025" lon="4.7363700" />
  <node id="11688081225" lat="52.3796440" lon="4.7364279" />
  <node id="11688081226" lat="52.3800764" lon="4.7370111" />
  <node id="11688081227" lat="52.3800157" lon="4.7371426" />
  <node id="11688081228" lat="52.3795051" lon="4.7366250" />
  <node id="11688081234" lat="52.3799529" lon="4.7370548" />
  <node id="11688081235" lat="52.3794652" lon="4.7366489" />
  <node id="11688081236" lat="52.3801697" lon="4.7370679" />
  <node id="11688081238" lat="52.3801301" lon="4.7370692" />
  <node id="11688081239" lat="52.3796372" lon="4.7362660" />
  <node id="11688081248" lat="52.3800632" lon="4.7371620" />
  <node id="11688081253" lat="52.3792431" lon="4.7364846" />
  <node id="11688081255" lat="52.3794037" lon="4.7367022" />
  <node id="11688081257" lat="52.3793700" lon="4.7363711" />
  <node id="11688126943" lat="52.3785833" lon="4.7365819" />
  <node id="11688126944" lat="52.3782454" lon="4.7368488" />
  <node id="11688126945" lat="52.3781733" lon="4.7367856" />
  <node id="11688256012" lat="52.3783730" lon="4.7352919" />
  <node id="11688256044" lat="52.3785158" lon="4.7352371" />
  <node id="11688256047" lat="52.3785242" lon="4.7350195" />
  <node id="11688256057" lat="52.3785399" lon="4.7351925" />
  <node id="11688256063" lat="52.3784836" lon="4.7351926" />
  <node id="11688340678" lat="52.3783255" lon="4.7363058" />
  <node id="11688340685" lat="52.3783833" lon="4.7364068" />
  <node id="11688340688" lat="52.3784061" lon="4.7353398" />
  <node id="11688340693" lat="52.3783543" lon="4.7364505" />
  <node id="11690571009" lat="52.3810328" lon="4.7317704" />
  <node id="11690590860" lat="52.3857620" lon="4.7296248" />
  <node id="11690598669" lat="52.3855383" lon="4.7298372" />
  <node id="11690660608" lat="52.3836317" lon="4.7309274" />
  <node id="11690660609" lat="52.3835739" lon="4.7310299" />
  <node id="11690660613" lat="52.3835370" lon="4.7310901" />
  <node id="11690660616" lat="52.3836517" lon="4.7308278" />
  <node id="11690660617" lat="52.3836048" lon="4.7309831" />
  <node id="11690660618" lat="52.3834304" lon="4.7312844" />
  <node id="11690661614" lat="52.3788349" lon="4.7359168" />
  <node id="11690672780" lat="52.3801833" lon="4.7344802" />
  <node id="11690672786" lat="52.3794105" lon="4.7355828" />
  <node id="11690672790" lat="52.3800196" lon="4.7368615" />
  <node id="11690672791" lat="52.3802028" lon="4.7346964" />
  <node id="11690672793" lat="52.3789245" lon="4.7364374" />
  <node id="11690672795" lat="52.3804597" lon="4.7346243" />
  <node id="11690672798" lat="52.3788973" lon="4.7363845" />
  <node id="11690672802" lat="52.3802975" lon="4.7346178" />
  <node id="11690672805" lat="52.3788488" lon="4.7362910" />
  <node id="11690672806" lat="52.3793187" lon="4.7355056" />
  <node id="11690672808" lat="52.3799699" lon="4.7369681">
    <tag k="amenity" v="bench" />
  </node>
  <node id="11690672810" lat="52.3790227" lon="4.7363015" />
  <node id="11690672813" lat="52.3802467" lon="4.7346555" />
  <node id="11690672814" lat="52.3803709" lon="4.7346042" />
  <node id="11690672816" lat="52.3793581" lon="4.7355058" />
  <node id="11690672817" lat="52.3792932" lon="4.7354610" />
  <node id="11690672818" lat="52.3799352" lon="4.7370230" />
  <node id="11690672820" lat="52.3789958" lon="4.7362755" />
  <node id="11690672823" lat="52.3801628" lon="4.7347440" />
  <node id="11690672824" lat="52.3788759" lon="4.7363439" />
  <node id="11937234210" lat="52.3807222" lon="4.7320966" />
  <node id="11937234211" lat="52.3808929" lon="4.7317913" />
  <node id="11937234212" lat="52.3809652" lon="4.7318993" />
  <node id="12014908793" lat="52.3938338" lon="4.9360833" />
  <node id="12014908794" lat="52.3943531" lon="4.9348853" />
  <node id="12014908795" lat="52.3944536" lon="4.9346483" />
  <node id="12014908796" lat="52.3946699" lon="4.9340618" />
  <node id="12014908797" lat="52.3946212" lon="4.9340218" />
  <node id="12014908798" lat="52.3945526" lon="4.9342065" />
  <node id="12014908799" lat="52.3945222" lon="4.9341666" />
  <node id="12014908800" lat="52.3942683" lon="4.9346717" />
  <node id="12014908801" lat="52.3941305" lon="4.9350834" />
  <node id="12014908802" lat="52.3939008" lon="4.9358162" />
  <node id="12014908803" lat="52.3943461" lon="4.9345236" />
  <node id="12014908804" lat="52.3943499" lon="4.9339018" />
  <node id="12014908805" lat="52.3942688" lon="4.9338286" />
  <node id="12014908806" lat="52.3941639" lon="4.9343154" />
  <node id="12014908807" lat="52.3941961" lon="4.9343359" />
  <node id="12014908808" lat="52.3940424" lon="4.9349401" />
  <node id="12014908809" lat="52.3939645" lon="4.9348976" />
  <node id="12014908810" lat="52.3939177" lon="4.9351189" />
  <node id="12014908811" lat="52.3938637" lon="4.9354355" />
  <node id="12014908812" lat="52.3938211" lon="4.9356466" />
  <node id="12014908813" lat="52.3937463" lon="4.9359070" />
  <node id="12014908814" lat="52.3937536" lon="4.9359138" />
  <node id="12014908815" lat="52.3940974" lon="4.9347563" />
  <node id="12014908816" lat="52.3941006" lon="4.9346610" />
  <node id="12014908817" lat="52.3941141" lon="4.9343052" />
  <node id="12014908818" lat="52.3939749" lon="4.9348091" />
  <node id="12014908819" lat="52.3941267" lon="4.9345302" />
  <node id="12014908820" lat="52.3940123" lon="4.9346320" />
  <node id="12014908821" lat="52.3941237" lon="4.9344774" />
  <node id="12014908822" lat="52.3941618" lon="4.9343665" />
  <node id="12014908823" lat="52.3941774" lon="4.9343852" />
  <node id="12341392610" lat="52.3056059" lon="4.8096612" />
  <node id="12341392619" lat="52.3050398" lon="4.8103767" />
  <node id="12341392624" lat="52.3055769" lon="4.8097784" />
  <node id="12341392630" lat="52.3051263" lon="4.8101843" />
  <node id="12341392631" lat="52.3051132" lon="4.8103597" />
  <node id="12341392637" lat="52.3052982" lon="4.8101541" />
  <node id="12341392638" lat="52.3050753" lon="4.8103318" />
  <node id="12341392645" lat="52.3051488" lon="4.8102792" />
  <node id="12341392648" lat="52.3052150" lon="4.8102571" />
  <node id="12785703269" lat="52.3939903" lon="4.9329824">
    <tag k="access" v="yes" />
    <tag k="amenity" v="charging_station" />
    <tag k="brand" v="TotalEnergies" />
    <tag k="brand:wikidata" v="Q154037" />
    <tag k="capacity" v="2" />
    <tag k="charge" v="0.42 EUR/KwH" />
    <tag k="fee" v="yes" />
    <tag k="operator" v="TotalEnergies" />
    <tag k="operator:wikidata" v="Q154037" />
    <tag k="parking:fee" v="yes" />
    <tag k="socket:type2" v="2" />
    <tag k="socket:type2:output" v="17.3 kW" />
    <tag k="source" v="local knowledge;survey" />
  </node>
  <node id="12828926374" lat="52.3910920" lon="4.9397464" />
  <node id="12981100466" lat="52.3936721" lon="4.9343856">
    <tag k="amenity" v="social_facility" />
    <tag k="check_date" v="2025-07-06" />
    <tag k="name" v="Philarood" />
    <tag k="social_facility" v="nursing_home" />
    <tag k="social_facility:for" v="senior" />
    <tag k="website" v="https://www.philadelphia.nl/locaties/philaroodddd" />
  </node>
  <node id="13041971049" lat="52.3998272" lon="4.9476619">
    <tag k="amenity" v="public_bookcase" />
    <tag k="lit" v="no" />
    <tag k="name" v="Bosplaatbieb" />
    <tag k="public_bookcase:type" v="wooden_cabinet" />
    <tag k="wikimedia_commons" v="File:Boekenkastje.jpg" />
  </node>
  <node id="13265334329" lat="52.3820142" lon="4.7412980" />
  <node id="13265334330" lat="52.3809811" lon="4.7405174" />
  <node id="13909779614" lat="52.3064129" lon="4.8069801">
    <tag k="amenity" v="parking_entrance" />
  </node>
  <node id="13947607609" lat="52.3934806" lon="4.9361167" />
  <way id="6319911">
    <nd ref="46105275" />
    <nd ref="46103404" />
    <nd ref="46092941" />
    <nd ref="46089668" />
    <nd ref="46080818" />
    <nd ref="46073602" />
    <nd ref="46064499" />
    <nd ref="5652157605" />
    <nd ref="46071260" />
    <nd ref="46077605" />
    <nd ref="46070774" />
    <nd ref="46076698" />
    <nd ref="46083447" />
    <nd ref="46092059" />
    <nd ref="46087250" />
    <nd ref="746562897" />
    <nd ref="46094237" />
    <nd ref="256073747" />
    <nd ref="8558389525" />
    <nd ref="46120764" />
    <nd ref="256107319" />
    <nd ref="256107699" />
    <nd ref="46124841" />
    <nd ref="256074300" />
    <nd ref="8243216055" />
    <nd ref="8243216054" />
    <nd ref="8243216053" />
    <nd ref="1888069883" />
    <nd ref="617693740" />
    <nd ref="617693737" />
    <nd ref="617693738" />
    <nd ref="256074909" />
    <nd ref="256075017" />
    <nd ref="256074910" />
    <nd ref="256074911" />
    <nd ref="256074912" />
    <nd ref="46136206" />
    <nd ref="46139831" />
    <nd ref="46142814" />
    <nd ref="6040606447" />
    <nd ref="46136209" />
    <nd ref="256070761" />
    <nd ref="46133689" />
    <nd ref="46131960" />
    <nd ref="256070762" />
    <nd ref="256072580" />
    <nd ref="256070763" />
    <nd ref="6997367941" />
    <nd ref="256070764" />
    <nd ref="256070765" />
    <nd ref="46105275" />
    <tag k="landuse" v="industrial" />
    <tag k="name" v="Schiphol-Oost" />
    <tag k="postal_code" v="1117" />
  </way>
  <way id="6320006">
    <nd ref="46422759" />
    <nd ref="46429845" />
    <nd ref="46431197" />
    <nd ref="46431617" />
    <nd ref="46433506" />
    <nd ref="46434458" />
    <nd ref="4614279441" />
    <nd ref="46436372" />
    <nd ref="4614279462" />
    <nd ref="4614279463" />
    <nd ref="11688063272" />
    <nd ref="4614279464" />
    <nd ref="4614279465" />
    <nd ref="4614279466" />
    <nd ref="4614279467" />
    <nd ref="11688057752" />
    <nd ref="4614279451" />
    <nd ref="46445435" />
    <nd ref="3798636312" />
    <nd ref="3798636316" />
    <nd ref="46447790" />
    <nd ref="11690598669" />
    <nd ref="46449777" />
    <nd ref="11690590860" />
    <nd ref="46452560" />
    <nd ref="46452561" />
    <nd ref="46451538" />
    <nd ref="46450689" />
    <nd ref="46449778" />
    <nd ref="3798636313" />
    <nd ref="3798636302" />
    <nd ref="1198524646" />
    <nd ref="46444549" />
    <nd ref="11217996230" />
    <nd ref="11218009741" />
    <nd ref="46441931" />
    <nd ref="46440261" />
    <nd ref="13265334329" />
    <nd ref="46433507" />
    <nd ref="13265334330" />
    <nd ref="46431199" />
    <nd ref="46422759" />
    <tag k="landuse" v="industrial" />
    <tag k="name" v="De Weeren" />
  </way>
  <way id="27414442">
    <nd ref="299679731" />
    <nd ref="300946072" />
    <nd ref="300946074" />
    <nd ref="300946076" />
    <nd ref="611869764" />
    <nd ref="300946078" />
    <nd ref="2275659380" />
    <nd ref="9606383195" />
    <nd ref="4384560107" />
    <nd ref="4197563522" />
    <nd ref="611869766" />
    <nd ref="300946089" />
    <nd ref="300946093" />
    <nd ref="7049105780" />
    <nd ref="295581351" />
    <nd ref="295581346" />
    <nd ref="295581338" />
    <nd ref="299681033" />
    <nd ref="7049105779" />
    <nd ref="299681039" />
    <nd ref="299681037" />
    <nd ref="299681034" />
    <nd ref="299681035" />
    <nd ref="299681036" />
    <nd ref="4197563509" />
    <nd ref="4197563515" />
    <nd ref="299679731" />
    <tag k="landuse" v="residential" />
  </way>
  <way id="55221691">
    <nd ref="694172549" />
    <nd ref="694171871" />
    <nd ref="694172756" />
    <nd ref="694176631" />
    <nd ref="694173622" />
    <nd ref="694171243" />
    <nd ref="694173715" />
    <nd ref="694172194" />
    <nd ref="694174704" />
    <nd ref="694174080" />
    <nd ref="694172489" />
    <nd ref="694173565" />
    <nd ref="694170703" />
    <nd ref="694172285" />
    <nd ref="694175895" />
    <nd ref="694173060" />
    <nd ref="694171570" />
    <nd ref="694171235" />
    <nd ref="694174689" />
    <nd ref="694174538" />
    <nd ref="694173653" />
    <nd ref="694172129" />
    <nd ref="694172637" />
    <nd ref="694176508" />
    <nd ref="694171765" />
    <nd ref="694171970" />
    <nd ref="694170659" />
    <nd ref="694171041" />
    <nd ref="694173518" />
    <nd ref="694175766" />
    <nd ref="694172136" />
    <nd ref="694172240" />
    <nd ref="694174945" />
    <nd ref="694172338" />
    <nd ref="694173917" />
    <nd ref="694172077" />
    <nd ref="694175603" />
    <nd ref="694173707" />
    <nd ref="569191399" />
    <nd ref="694176418" />
    <nd ref="694175511" />
    <nd ref="694172549" />
    <tag k="landuse" v="grass" />
    <tag k="source" v="3dShapes" />
  </way>
  <way id="55221746">
    <nd ref="694171963" />
    <nd ref="694176711" />
    <nd ref="10655312033" />
    <nd ref="10655312030" />
    <nd ref="10655312031" />
    <nd ref="694171029" />
    <nd ref="10655312034" />
    <nd ref="10655312036" />
    <nd ref="10655312035" />
    <nd ref="10655312037" />
    <nd ref="694175596" />
    <nd ref="694173411" />
    <nd ref="694176392" />
    <nd ref="694171963" />
    <tag k="landuse" v="grass" />
    <tag k="source" v="3dShapes" />
  </way>
  <way id="55221951">
    <nd ref="694171811" />
    <nd ref="694170883" />
    <nd ref="694175449" />
    <nd ref="694172903" />
    <nd ref="694171183" />
    <nd ref="694172791" />
    <nd ref="694175654" />
    <nd ref="694172022" />
    <nd ref="694174491" />
    <nd ref="694175201" />
    <nd ref="694173363" />
    <nd ref="694176298" />
    <nd ref="569191394" />
    <nd ref="569191376" />
    <nd ref="694174387" />
    <nd ref="694171088" />
    <nd ref="694172684" />
    <nd ref="694176570" />
    <nd ref="694171811" />
    <tag k="landuse" v="forest" />
    <tag k="source" v="3dShapes" />
  </way>
  <way id="55221972">
    <nd ref="694176033" />
    <nd ref="569191350" />
    <nd ref="569191356" />
    <nd ref="694174602" />
    <nd ref="694172996" />
    <nd ref="694174929" />
    <nd ref="694171373" />
    <nd ref="694170562" />
    <nd ref="694174859" />
    <nd ref="694175703" />
    <nd ref="694173823" />
    <nd ref="694172949" />
    <nd ref="694175888" />
    <nd ref="694171133" />
    <nd ref="694173608" />
    <nd ref="694172186" />
    <nd ref="694170517" />
    <nd ref="694175989" />
    <nd ref="694171330" />
    <nd ref="694171909" />
    <nd ref="694175544" />
    <nd ref="694176664" />
    <nd ref="694172331" />
    <nd ref="694170743" />
    <nd ref="694174339" />
    <nd ref="694176033" />
    <tag k="landuse" v="grass" />
    <tag k="source" v="3dShapes" />
  </way>
  <way id="55222047">
    <nd ref="694171759" />
    <nd ref="10655311896" />
    <nd ref="10655312007" />
    <nd ref="694172727" />
    <nd ref="694173701" />
    <nd ref="694172180" />
    <nd ref="694171228" />
    <nd ref="10655312016" />
    <nd ref="10655312017" />
    <nd ref="10655312018" />
    <nd ref="10655312019" />
    <nd ref="694173208" />
    <nd ref="694171759" />
    <tag k="landuse" v="grass" />
    <tag k="source" v="3dShapes" />
  </way>
  <way id="55238896">
    <nd ref="694240803" />
    <nd ref="694243452" />
    <nd ref="694239232" />
    <nd ref="694246080" />
    <nd ref="694238673" />
    <nd ref="694239084" />
    <nd ref="694241782" />
    <nd ref="694237662" />
    <nd ref="694240346" />
    <nd ref="694248945" />
    <nd ref="694242927" />
    <nd ref="694245723" />
    <nd ref="694241340" />
    <nd ref="694244623" />
    <nd ref="694237734" />
    <nd ref="694241856" />
    <nd ref="694239369" />
    <nd ref="694240846" />
    <nd ref="694248871" />
    <nd ref="694246675" />
    <nd ref="694245188" />
    <nd ref="694244582" />
    <nd ref="694242354" />
    <nd ref="694238170" />
    <nd ref="694246760" />
    <nd ref="4331562827" />
    <nd ref="694240803" />
    <tag k="landuse" v="grass" />
    <tag k="source" v="3dShapes" />
  </way>
  <way id="55239542">
    <nd ref="694242703" />
    <nd ref="694245825" />
    <nd ref="694238492" />
    <nd ref="694242524" />
    <nd ref="694246839" />
    <nd ref="694238550" />
    <nd ref="694242787" />
    <nd ref="694241214" />
    <nd ref="694245120" />
    <nd ref="13947607609" />
    <nd ref="694240690" />
    <nd ref="694243299" />
    <nd ref="694240842" />
    <nd ref="694239909" />
    <nd ref="694248659" />
    <nd ref="694245261" />
    <nd ref="694240983" />
    <nd ref="694243398" />
    <nd ref="694246945" />
    <nd ref="694239685" />
    <nd ref="694245358" />
    <nd ref="694238105" />
    <nd ref="694242703" />
    <tag k="landuse" v="forest" />
    <tag k="leaf_type" v="broadleaved" />
    <tag k="source" v="3dShapes" />
  </way>
  <way id="55239660">
    <nd ref="694238307" />
    <nd ref="694244265" />
    <nd ref="694239996" />
    <nd ref="694245638" />
    <nd ref="694240229" />
    <nd ref="694243136" />
    <nd ref="694245423" />
    <nd ref="694238482" />
    <nd ref="694247019" />
    <nd ref="694241142" />
    <nd ref="694241591" />
    <nd ref="694245960" />
    <nd ref="694244504" />
    <nd ref="694248866" />
    <nd ref="694238307" />
    <tag k="landuse" v="grass" />
    <tag k="source" v="3dShapes" />
  </way>
  <way id="55239669">
    <nd ref="694241372" />
    <nd ref="694242771" />
    <nd ref="694245485" />
    <nd ref="694241204" />
    <nd ref="694239181" />
    <nd ref="694237753" />
    <nd ref="694241875" />
    <nd ref="694242591" />
    <nd ref="694246920" />
    <nd ref="694241372" />
    <tag k="landuse" v="grass" />
    <tag k="source" v="3dShapes" />
  </way>
  <way id="55239874">
    <nd ref="694240093" />
    <nd ref="694241394" />
    <nd ref="694244364" />
    <nd ref="694242614" />
    <nd ref="694238420" />
    <nd ref="11282076950" />
    <nd ref="11282076939" />
    <nd ref="11282076965" />
    <nd ref="694237961" />
    <nd ref="11282076959" />
    <nd ref="11282076944" />
    <nd ref="11282076947" />
    <nd ref="694240636" />
    <nd ref="11282076935" />
    <nd ref="11282076940" />
    <nd ref="11282076943" />
    <nd ref="11282076964" />
    <nd ref="11282076954" />
    <nd ref="694246432" />
    <nd ref="11282076936" />
    <nd ref="11282076967" />
    <nd ref="11282076938" />
    <nd ref="11282076955" />
    <nd ref="11282076952" />
    <nd ref="11282076945" />
    <nd ref="11282076953" />
    <nd ref="10733664516" />
    <nd ref="694244705" />
    <nd ref="10733664525" />
    <nd ref="11294046781" />
    <nd ref="694248802" />
    <nd ref="694239069" />
    <nd ref="694241079" />
    <nd ref="10733653384" />
    <nd ref="694240093" />
    <tag k="landuse" v="grass" />
    <tag k="source" v="3dShapes" />
  </way>
  <way id="55239908">
    <nd ref="694241385" />
    <nd ref="694243059" />
    <nd ref="2473197728" />
    <nd ref="694244430" />
    <nd ref="694241458" />
    <nd ref="694245889" />
    <nd ref="694240553" />
    <nd ref="694237863" />
    <nd ref="694242004" />
    <nd ref="694244906" />
    <nd ref="694237569" />
    <nd ref="694244825" />
    <nd ref="694238989" />
    <nd ref="694246337" />
    <nd ref="694243156" />
    <nd ref="694245981" />
    <nd ref="694241631" />
    <nd ref="694246756" />
    <nd ref="694242442" />
    <nd ref="11282071746" />
    <nd ref="11282071747" />
    <nd ref="694245184" />
    <nd ref="694240910" />
    <nd ref="694243679" />
    <nd ref="694238239" />
    <nd ref="694244192" />
    <nd ref="694244037" />
    <nd ref="694246592" />
    <nd ref="694242247" />
    <nd ref="694239524" />
    <nd ref="694245275" />
    <nd ref="694238020" />
    <nd ref="694238095" />
    <nd ref="694245346" />
    <nd ref="694240465" />
    <nd ref="694237775" />
    <nd ref="694238885" />
    <nd ref="694246224" />
    <nd ref="694249246" />
    <nd ref="694244741" />
    <nd ref="694239203" />
    <nd ref="694243386" />
    <nd ref="694241897" />
    <nd ref="694244111" />
    <nd ref="694242344" />
    <nd ref="694246671" />
    <nd ref="694238733" />
    <nd ref="694243867" />
    <nd ref="694246126" />
    <nd ref="694246408" />
    <nd ref="694242974" />
    <nd ref="694245814" />
    <nd ref="694242604" />
    <nd ref="694238409" />
    <nd ref="694240081" />
    <nd ref="694240769" />
    <nd ref="694237701" />
    <nd ref="694240386" />
    <nd ref="694239127" />
    <nd ref="694241821" />
    <nd ref="694238166" />
    <nd ref="694245049" />
    <nd ref="694241980" />
    <nd ref="694237844" />
    <nd ref="9606383196" />
    <nd ref="9606383197" />
    <nd ref="694239665" />
    <nd ref="2473197730" />
    <nd ref="694246933" />
    <nd ref="2473197729" />
    <nd ref="694241068" />
    <nd ref="694241385" />
    <tag k="landuse" v="grass" />
    <tag k="source" v="3dShapes" />
  </way>
  <way id="55251670">
    <nd ref="694237785" />
    <nd ref="694239211" />
    <nd ref="694239417" />
    <nd ref="694238600" />
    <nd ref="11294174300" />
    <nd ref="694237743" />
    <nd ref="10733653395" />
    <nd ref="694241263" />
    <nd ref="10733653393" />
    <nd ref="10733664508" />
    <nd ref="694242089" />
    <nd ref="10733664543" />
    <nd ref="10731766434" />
    <nd ref="694241906" />
    <nd ref="694237785" />
    <tag k="landuse" v="grass" />
    <tag k="source" v="3dShapes" />
  </way>
  <way id="55251675">
    <nd ref="694243069" />
    <nd ref="694244913" />
    <nd ref="10733664544" />
    <nd ref="10733653398" />
    <nd ref="694245900" />
    <nd ref="694244444" />
    <nd ref="11390091455" />
    <nd ref="694241475" />
    <nd ref="694240169" />
    <nd ref="11390091456" />
    <nd ref="694243069" />
    <tag k="landuse" v="grass" />
    <tag k="source" v="3dShapes" />
  </way>
  <way id="55251692">
    <nd ref="694242236" />
    <nd ref="694244024" />
    <nd ref="694244181" />
    <nd ref="694246286" />
    <nd ref="694243357" />
    <nd ref="694248638" />
    <nd ref="694241056" />
    <nd ref="694245335" />
    <nd ref="694246576" />
    <nd ref="11378527449" />
    <nd ref="9708093262" />
    <nd ref="8326191208" />
    <nd ref="8326191213" />
    <nd ref="8326191197" />
    <nd ref="11378527443" />
    <nd ref="11378527450" />
    <nd ref="11378527446" />
    <nd ref="11378527440" />
    <nd ref="694244496" />
    <nd ref="694242236" />
    <tag k="landuse" v="grass" />
  </way>
  <way id="75637374">
    <nd ref="892948711" />
    <nd ref="892912365" />
    <nd ref="892907675" />
    <nd ref="892921071" />
    <nd ref="892947226" />
    <nd ref="892950222" />
    <nd ref="892954455" />
    <nd ref="892956064" />
    <nd ref="892925481" />
    <nd ref="892917910" />
    <nd ref="892908990" />
    <nd ref="892916374" />
    <nd ref="892947266" />
    <nd ref="892955217" />
    <nd ref="892945557" />
    <nd ref="892929451" />
    <nd ref="892922358" />
    <nd ref="892909706" />
    <nd ref="892941647" />
    <nd ref="892927024" />
    <nd ref="892956575" />
    <nd ref="892954953" />
    <nd ref="892948711" />
    <tag k="landuse" v="grass" />
    <tag k="source" v="3dShapes" />
  </way>
  <way id="75638718">
    <nd ref="892956575" />
    <nd ref="892927024" />
    <nd ref="892941647" />
    <nd ref="892909706" />
    <nd ref="892922358" />
    <nd ref="892929451" />
    <nd ref="892945557" />
    <nd ref="892955217" />
    <nd ref="892924785" />
    <nd ref="892910978" />
    <nd ref="892944767" />
    <nd ref="892910002" />
    <nd ref="892922950" />
    <nd ref="892947613" />
    <nd ref="892943452" />
    <nd ref="892929898" />
    <nd ref="892928594" />
    <nd ref="892900644" />
    <nd ref="892926050" />
    <nd ref="892920499" />
    <nd ref="892906598" />
    <nd ref="892957124" />
    <nd ref="892899481" />
    <nd ref="892894942" />
    <nd ref="892901708" />
    <nd ref="892917576" />
    <nd ref="892909303" />
    <nd ref="892936435" />
    <nd ref="892945113" />
    <nd ref="892894150" />
    <nd ref="892904341" />
    <nd ref="892955610" />
    <nd ref="892898608" />
    <nd ref="892947430" />
    <nd ref="892956575" />
    <tag k="landuse" v="forest" />
    <tag k="source" v="3dShapes" />
  </way>
  <way id="100414587">
    <nd ref="1160851150" />
    <nd ref="7921489351" />
    <nd ref="1160862248" />
    <nd ref="1160876522" />
    <nd ref="1160831700" />
    <nd ref="1160847810" />
    <nd ref="1160857913" />
    <nd ref="1160872569" />
    <nd ref="1160887935" />
    <nd ref="1160855517" />
    <nd ref="1160868071" />
    <nd ref="1160882529" />
    <nd ref="1160836997" />
    <nd ref="1160863893" />
    <nd ref="1160877857" />
    <nd ref="1160833925" />
    <nd ref="1160844153" />
    <nd ref="1160874482" />
    <nd ref="1160828338" />
    <nd ref="1160841366" />
    <nd ref="1160851934" />
    <nd ref="1160834452" />
    <nd ref="892947237" />
    <nd ref="7490432854" />
    <nd ref="892939978" />
    <nd ref="892941582" />
    <nd ref="892918861" />
    <nd ref="892937730" />
    <nd ref="892950132" />
    <nd ref="892929708" />
    <nd ref="892914115" />
    <nd ref="892915530" />
    <nd ref="892932528" />
    <nd ref="892929812" />
    <nd ref="892922708" />
    <nd ref="892899903" />
    <nd ref="892946189" />
    <nd ref="1160851150" />
    <tag k="landuse" v="grass" />
    <tag k="source" v="3dShapes" />
  </way>
  <way id="100414709">
    <nd ref="1160849449" />
    <nd ref="1160859918" />
    <nd ref="1160856723" />
    <nd ref="1160845350" />
    <nd ref="1160859216" />
    <nd ref="1160835863" />
    <nd ref="1160846311" />
    <nd ref="1160857231" />
    <nd ref="6997359805" />
    <nd ref="6997359820" />
    <nd ref="1160871231" />
    <nd ref="1160843308" />
    <nd ref="1160854391" />
    <nd ref="1160866484" />
    <nd ref="1160880900" />
    <nd ref="1160851307" />
    <nd ref="1160862582" />
    <nd ref="1160849449" />
    <tag k="landuse" v="grass" />
    <tag k="source" v="3dShapes" />
  </way>
  <way id="100415880">
    <nd ref="1160875745" />
    <nd ref="2267615258" />
    <nd ref="8105003851" />
    <nd ref="1160830507" />
    <nd ref="12341392630" />
    <nd ref="1160857900" />
    <nd ref="12341392619" />
    <nd ref="8878252310" />
    <nd ref="8878252298" />
    <nd ref="1160872543" />
    <nd ref="8878252311" />
    <nd ref="8878252312" />
    <nd ref="1160887899" />
    <nd ref="1160839799" />
    <nd ref="1160868015" />
    <nd ref="1160875745" />
    <tag k="landuse" v="forest" />
    <tag k="leaf_type" v="broadleaved" />
    <tag k="source" v="3dShapes" />
  </way>
  <way id="103824338">
    <nd ref="1198530169" />
    <nd ref="1198473812" />
    <nd ref="4614279472" />
    <nd ref="4614279471" />
    <nd ref="1198512372" />
    <nd ref="1198485873" />
    <nd ref="1198506809" />
    <nd ref="1198532613" />
    <nd ref="1198570935" />
    <nd ref="1198510275" />
    <nd ref="1198538456" />
    <nd ref="1198577654" />
    <nd ref="1198472526" />
    <nd ref="1198567584" />
    <nd ref="1198464752" />
    <nd ref="1198492111" />
    <nd ref="1198556775" />
    <nd ref="1198458381" />
    <nd ref="1198484520" />
    <nd ref="1198505345" />
    <nd ref="1198583142" />
    <nd ref="1198477516" />
    <nd ref="1198460256" />
    <nd ref="1198559894" />
    <nd ref="1198494187" />
    <nd ref="1198467863" />
    <nd ref="1198571169" />
    <nd ref="1198532762" />
    <nd ref="1198475504" />
    <nd ref="1198580546" />
    <nd ref="1198542599" />
    <nd ref="1198569677" />
    <nd ref="1198530169" />
    <tag k="landuse" v="forest" />
    <tag k="source" v="3dShapes" />
  </way>
  <way id="103824922">
    <nd ref="1198466253" />
    <nd ref="11688126945" />
    <nd ref="7669446652" />
    <nd ref="11688340693" />
    <nd ref="11688340685" />
    <nd ref="11688340678" />
    <nd ref="7669446648" />
    <nd ref="1198569283" />
    <nd ref="7669446631" />
    <nd ref="7669446637" />
    <nd ref="1198505322" />
    <nd ref="1198489131" />
    <nd ref="1198485665" />
    <nd ref="1198466253" />
    <tag k="landuse" v="forest" />
    <tag k="leaf_type" v="broadleaved" />
  </way>
  <way id="103825650">
    <nd ref="11688057731" />
    <nd ref="1198462888" />
    <nd ref="1198508562" />
    <nd ref="1198535989" />
    <nd ref="1198482678" />
    <nd ref="1198504199" />
    <nd ref="1198525627" />
    <nd ref="1198563101" />
    <nd ref="1198498701" />
    <nd ref="1198518047" />
    <nd ref="1198553453" />
    <nd ref="1198456784" />
    <nd ref="11688032070" />
    <nd ref="11688004467" />
    <nd ref="11688032069" />
    <nd ref="1198542599" />
    <nd ref="1198580546" />
    <nd ref="1198475504" />
    <nd ref="1198532762" />
    <nd ref="1198571169" />
    <nd ref="1198467863" />
    <nd ref="1198494187" />
    <nd ref="1198559894" />
    <nd ref="1198460256" />
    <nd ref="1198485948" />
    <nd ref="1198454004" />
    <nd ref="1198479790" />
    <nd ref="1198501892" />
    <nd ref="1198522036" />
    <nd ref="1198472290" />
    <nd ref="1198496989" />
    <nd ref="1198515616" />
    <nd ref="1198549018" />
    <nd ref="11688057731" />
    <tag k="landuse" v="forest" />
    <tag k="source" v="3dShapes" />
  </way>
  <way id="103826078">
    <nd ref="1198542599" />
    <nd ref="11688032069" />
    <nd ref="11688004467" />
    <nd ref="11688032070" />
    <nd ref="1198456784" />
    <nd ref="1198553453" />
    <nd ref="1198518047" />
    <nd ref="1198498701" />
    <nd ref="1198563101" />
    <nd ref="1198525627" />
    <nd ref="1198504199" />
    <nd ref="1198482678" />
    <nd ref="1198535989" />
    <nd ref="1198508562" />
    <nd ref="1198462888" />
    <nd ref="11688057731" />
    <nd ref="11688057749" />
    <nd ref="1198514622" />
    <nd ref="1198498013" />
    <nd ref="1198516797" />
    <nd ref="1198455850" />
    <nd ref="1198540931" />
    <nd ref="1198579431" />
    <nd ref="4614279475" />
    <nd ref="4614279474" />
    <nd ref="1198473812" />
    <nd ref="1198530169" />
    <nd ref="1198569677" />
    <nd ref="1198542599" />
    <tag k="landuse" v="grass" />
    <tag k="source" v="3dShapes" />
  </way>
  <way id="103826234">
    <nd ref="11690571009" />
    <nd ref="1198567812" />
    <nd ref="1198519532" />
    <nd ref="1198458490" />
    <nd ref="1198514188" />
    <nd ref="1198545852" />
    <nd ref="1198583297" />
    <nd ref="1198477635" />
    <nd ref="1198535329" />
    <nd ref="1198574739" />
    <nd ref="1198470666" />
    <nd ref="1198521678" />
    <nd ref="7669477261" />
    <nd ref="7669477256" />
    <nd ref="7669477251" />
    <nd ref="7669477254" />
    <nd ref="7669477258" />
    <nd ref="1198570734" />
    <nd ref="1198549594" />
    <nd ref="1198454404" />
    <nd ref="1198480302" />
    <nd ref="1198502160" />
    <nd ref="1198577784" />
    <nd ref="1198472657" />
    <nd ref="11937234210" />
    <nd ref="11937234211" />
    <nd ref="11937234212" />
    <nd ref="11690571009" />
    <tag k="landuse" v="grass" />
    <tag k="source" v="3dShapes" />
  </way>
  <way id="103826887">
    <nd ref="1198506722" />
    <nd ref="1198561922" />
    <nd ref="1198524727" />
    <nd ref="1198468263" />
    <nd ref="1198494365" />
    <nd ref="1198560177" />
    <nd ref="1198460515" />
    <nd ref="1198486573" />
    <nd ref="1198506722" />
    <tag k="landuse" v="forest" />
    <tag k="source" v="3dShapes" />
  </way>
  <way id="103827054">
    <nd ref="1198460515" />
    <nd ref="1198560177" />
    <nd ref="1198543041" />
    <nd ref="1198581125" />
    <nd ref="1198475823" />
    <nd ref="7669477249" />
    <nd ref="7669477243" />
    <nd ref="7669477241" />
    <nd ref="7669477262" />
    <nd ref="7669477246" />
    <nd ref="1198533187" />
    <nd ref="1198460515" />
    <tag k="landuse" v="forest" />
    <tag k="source" v="3dShapes" />
  </way>
  <way id="103827883">
    <nd ref="3798636073" />
    <nd ref="3798636075" />
    <nd ref="7669446665" />
    <nd ref="7669446660" />
    <nd ref="7669446628" />
    <nd ref="3798636072" />
    <nd ref="7669446647" />
    <nd ref="7669446641" />
    <nd ref="7669446644" />
    <nd ref="7669446651" />
    <nd ref="7669446657" />
    <nd ref="7669446655" />
    <nd ref="7669446649" />
    <nd ref="7669446642" />
    <nd ref="7669446646" />
    <nd ref="3798636067" />
    <nd ref="3798636069" />
    <nd ref="3798636073" />
    <tag k="landuse" v="forest" />
    <tag k="source" v="3dShapes" />
  </way>
  <way id="103828748">
    <nd ref="1198570097" />
    <nd ref="1198466868" />
    <nd ref="1198493642" />
    <nd ref="1198558947" />
    <nd ref="1198459609" />
    <nd ref="1198485458" />
    <nd ref="1198585153" />
    <nd ref="1198478947" />
    <nd ref="1198501340" />
    <nd ref="1198521176" />
    <nd ref="1198570097" />
    <tag k="landuse" v="forest" />
    <tag k="source" v="3dShapes" />
  </way>
  <way id="186644110">
    <nd ref="10589774421" />
    <nd ref="304553307" />
    <nd ref="8858018680" />
    <nd ref="304553308" />
    <nd ref="296163287" />
    <nd ref="295581366" />
    <nd ref="1966406033" />
    <nd ref="4197563535" />
    <nd ref="10733664530" />
    <nd ref="10733664509" />
    <nd ref="10733664512" />
    <nd ref="4686087067" />
    <nd ref="10733664547" />
    <nd ref="4197563528" />
    <nd ref="300946070" />
    <nd ref="300946068" />
    <nd ref="4197563531" />
    <nd ref="1973873449" />
    <nd ref="4197563532" />
    <nd ref="299679733" />
    <nd ref="4197563533" />
    <nd ref="1973873460" />
    <nd ref="10583888753" />
    <nd ref="694246687" />
    <nd ref="694244123" />
    <nd ref="694238179" />
    <nd ref="10583888749" />
    <nd ref="694245434" />
    <nd ref="10583888748" />
    <nd ref="10583888752" />
    <nd ref="10583888751" />
    <nd ref="694244819" />
    <nd ref="10583888747" />
    <nd ref="694238979" />
    <nd ref="10583888746" />
    <nd ref="10583888750" />
    <nd ref="10583888745" />
    <nd ref="694242083" />
    <nd ref="10583888760" />
    <nd ref="10583888744" />
    <nd ref="10583888777" />
    <nd ref="694237955" />
    <nd ref="10583888766" />
    <nd ref="10583888743" />
    <nd ref="10583888765" />
    <nd ref="10583888764" />
    <nd ref="1973873456" />
    <nd ref="10583888763" />
    <nd ref="10583888762" />
    <nd ref="10583888761" />
    <nd ref="10583888712" />
    <nd ref="694237777" />
    <nd ref="694248719" />
    <nd ref="694244743" />
    <nd ref="10583888711" />
    <nd ref="10589883357" />
    <nd ref="10589883356" />
    <nd ref="694244354" />
    <nd ref="694239801" />
    <nd ref="10583888709" />
    <nd ref="10583888710" />
    <nd ref="10583888675" />
    <nd ref="10583888676" />
    <nd ref="694241155" />
    <nd ref="694239819" />
    <nd ref="694244124" />
    <nd ref="10583888684" />
    <nd ref="10583888683" />
    <nd ref="10583888682" />
    <nd ref="10583888681" />
    <nd ref="10583888680" />
    <nd ref="10683529945" />
    <nd ref="10583888679" />
    <nd ref="10583888694" />
    <nd ref="10583888685" />
    <nd ref="694242367" />
    <nd ref="10583888695" />
    <nd ref="10614989568" />
    <nd ref="1973873450" />
    <nd ref="10583888708" />
    <nd ref="10583888705" />
    <nd ref="10583888707" />
    <nd ref="1803374516" />
    <nd ref="10583888706" />
    <nd ref="694242051" />
    <nd ref="694246661" />
    <nd ref="10583888704" />
    <nd ref="10583888703" />
    <nd ref="10583888702" />
    <nd ref="10583888700" />
    <nd ref="10559802942" />
    <nd ref="10559802941" />
    <nd ref="10633389156" />
    <nd ref="2848310797" />
    <nd ref="1803374515" />
    <nd ref="2848310979" />
    <nd ref="10633389139" />
    <nd ref="10559802996" />
    <nd ref="10559757669" />
    <nd ref="10559757670" />
    <nd ref="1803374513" />
    <nd ref="10614989446" />
    <nd ref="10557760642" />
    <nd ref="46500858" />
    <nd ref="10614989445" />
    <nd ref="304553959" />
    <nd ref="10637213741" />
    <nd ref="10655311947" />
    <nd ref="10614989640" />
    <nd ref="10633389126" />
    <nd ref="10589871480" />
    <nd ref="10589871477" />
    <nd ref="10589871476" />
    <nd ref="988895987" />
    <nd ref="10655312041" />
    <nd ref="694291872" />
    <nd ref="10655312040" />
    <nd ref="10655312039" />
    <nd ref="10655312038" />
    <nd ref="694291880" />
    <nd ref="694171029" />
    <nd ref="10655312031" />
    <nd ref="10655312030" />
    <nd ref="10655312033" />
    <nd ref="694176711" />
    <nd ref="10655312029" />
    <nd ref="988895986" />
    <nd ref="1970326737" />
    <nd ref="295581345" />
    <nd ref="1970326734" />
    <nd ref="295581331" />
    <nd ref="1970326733" />
    <nd ref="3569672094" />
    <nd ref="295581350" />
    <nd ref="1970326736" />
    <nd ref="10731500868" />
    <nd ref="988914178" />
    <nd ref="10731500852" />
    <nd ref="295581357" />
    <nd ref="988914174" />
    <nd ref="1973873434" />
    <nd ref="10589695272" />
    <nd ref="10594491148" />
    <nd ref="10589695271" />
    <nd ref="10589695270" />
    <nd ref="10589695269" />
    <nd ref="10589695268" />
    <nd ref="10589695267" />
    <nd ref="10589695266" />
    <nd ref="10589695265" />
    <nd ref="10594491309" />
    <nd ref="10594491308" />
    <nd ref="10589695264" />
    <nd ref="10589695263" />
    <nd ref="10589695262" />
    <nd ref="10589695261" />
    <nd ref="10589695260" />
    <nd ref="10589695259" />
    <nd ref="10589695258" />
    <nd ref="10589695257" />
    <nd ref="10589695256" />
    <nd ref="10589695255" />
    <nd ref="10589695254" />
    <nd ref="10589695253" />
    <nd ref="10589695252" />
    <nd ref="10589695251" />
    <nd ref="10589695250" />
    <nd ref="10589695249" />
    <nd ref="10589695248" />
    <nd ref="10589695247" />
    <nd ref="10589695246" />
    <nd ref="10589695245" />
    <nd ref="10610584273" />
    <nd ref="10610584274" />
    <nd ref="10589695244" />
    <nd ref="10610584275" />
    <nd ref="10589695243" />
    <nd ref="10610584276" />
    <nd ref="10610584277" />
    <nd ref="10589695242" />
    <nd ref="10589695241" />
    <nd ref="10610584278" />
    <nd ref="10589695240" />
    <nd ref="10610584279" />
    <nd ref="10589695239" />
    <nd ref="10610584280" />
    <nd ref="10589695238" />
    <nd ref="10589695237" />
    <nd ref="10610584281" />
    <nd ref="10589695236" />
    <nd ref="10610584282" />
    <nd ref="10589695235" />
    <nd ref="10610584283" />
    <nd ref="10589695234" />
    <nd ref="10610584284" />
    <nd ref="10589695233" />
    <nd ref="10589695232" />
    <nd ref="10589695231" />
    <nd ref="10589695230" />
    <nd ref="10589695229" />
    <nd ref="10589695228" />
    <nd ref="10589695227" />
    <nd ref="10589695226" />
    <nd ref="10589695225" />
    <nd ref="10589695224" />
    <nd ref="10589695223" />
    <nd ref="10589695222" />
    <nd ref="10589695221" />
    <nd ref="10589695220" />
    <nd ref="10589695219" />
    <nd ref="10589695218" />
    <nd ref="10589695217" />
    <nd ref="10589695216" />
    <nd ref="10589695215" />
    <nd ref="10589695214" />
    <nd ref="10589695213" />
    <nd ref="10589695212" />
    <nd ref="10589695211" />
    <nd ref="10589695210" />
    <nd ref="10589695209" />
    <nd ref="10589695208" />
    <nd ref="10589695207" />
    <nd ref="10589695205" />
    <nd ref="10589695206" />
    <nd ref="10589695302" />
    <nd ref="10589695277" />
    <nd ref="10604232375" />
    <nd ref="10605046868" />
    <nd ref="10589695276" />
    <nd ref="10589695275" />
    <nd ref="1973873432" />
    <nd ref="10589695274" />
    <nd ref="10589695273" />
    <nd ref="1973873447" />
    <nd ref="304553020" />
    <nd ref="10606369005" />
    <nd ref="10606369002" />
    <nd ref="10606369001" />
    <nd ref="10606368998" />
    <nd ref="10606368997" />
    <nd ref="10606368994" />
    <nd ref="10606368993" />
    <nd ref="10606368990" />
    <nd ref="10606368989" />
    <nd ref="10606368986" />
    <nd ref="10606368985" />
    <nd ref="10606368982" />
    <nd ref="10605064746" />
    <nd ref="1973873433" />
    <nd ref="10605064738" />
    <nd ref="10606353756" />
    <nd ref="10606404313" />
    <nd ref="10606404312" />
    <nd ref="10606404315" />
    <nd ref="10606404321" />
    <nd ref="10606404325" />
    <nd ref="10606404327" />
    <nd ref="10606404329" />
    <nd ref="10606404332" />
    <nd ref="10606404331" />
    <nd ref="10606404335" />
    <nd ref="10606404341" />
    <nd ref="10606404345" />
    <nd ref="10606404349" />
    <nd ref="10606404353" />
    <nd ref="10606404359" />
    <nd ref="10606404363" />
    <nd ref="10606404369" />
    <nd ref="10606404373" />
    <nd ref="10606404379" />
    <nd ref="10606404494" />
    <nd ref="10606404390" />
    <nd ref="10606404389" />
    <nd ref="10606404400" />
    <nd ref="10606404399" />
    <nd ref="10606404515" />
    <nd ref="10606404516" />
    <nd ref="10606404535" />
    <nd ref="10606404538" />
    <nd ref="10606404523" />
    <nd ref="10606404541" />
    <nd ref="10606404540" />
    <nd ref="1973873458" />
    <nd ref="1973873445" />
    <nd ref="10582642175" />
    <nd ref="10589832548" />
    <nd ref="10589808260" />
    <nd ref="10582642205" />
    <nd ref="10589808276" />
    <nd ref="10589808261" />
    <nd ref="10589808275" />
    <nd ref="10582642206" />
    <nd ref="10589837719" />
    <nd ref="10589837718" />
    <nd ref="10589837726" />
    <nd ref="10589837725" />
    <nd ref="10589769600" />
    <nd ref="10589774425" />
    <nd ref="10589774426" />
    <nd ref="10589774424" />
    <nd ref="10589774423" />
    <nd ref="10589774427" />
    <nd ref="10589774412" />
    <nd ref="10589774411" />
    <nd ref="10589774410" />
    <nd ref="10589774413" />
    <nd ref="10589774422" />
    <nd ref="10589769598" />
    <nd ref="10589774419" />
    <nd ref="10589774418" />
    <nd ref="10589774417" />
    <nd ref="10589774420" />
    <nd ref="10589774416" />
    <nd ref="10589774415" />
    <nd ref="10589774414" />
    <nd ref="10589774421" />
    <tag k="landuse" v="residential" />
    <tag k="name" v="Buikslotermeer" />
    <tag k="wikidata" v="Q986123" />
    <tag k="wikimedia_commons" v="Category:Buikslotermeer" />
    <tag k="wikipedia" v="nl:Buikslotermeer" />
  </way>
  <way id="376437021">
    <nd ref="11690660616" />
    <nd ref="11690660608" />
    <nd ref="11690660617" />
    <nd ref="11690660609" />
    <nd ref="11690660613" />
    <nd ref="11690660618" />
    <nd ref="11688063277" />
    <nd ref="11688057716" />
    <nd ref="11688057744" />
    <nd ref="1198549018" />
    <nd ref="1198496989" />
    <nd ref="1198472290" />
    <nd ref="11690672795" />
    <nd ref="11690672814" />
    <nd ref="11690672802" />
    <nd ref="11690672813" />
    <nd ref="11690672791" />
    <nd ref="11690672823" />
    <nd ref="11690672780" />
    <nd ref="1198582553" />
    <nd ref="1198477002" />
    <nd ref="1198499901" />
    <nd ref="1198519046" />
    <nd ref="1198469826" />
    <nd ref="11688057758" />
    <nd ref="1198470510" />
    <nd ref="11690660616" />
    <tag k="landuse" v="forest" />
    <tag k="source" v="3dShapes" />
  </way>
  <way id="419752305">
    <nd ref="4197563526" />
    <nd ref="4197563527" />
    <nd ref="4197563524" />
    <nd ref="4197563521" />
    <nd ref="4197563520" />
    <nd ref="4197563525" />
    <nd ref="11282071749" />
    <nd ref="11282071748" />
    <nd ref="4197563523" />
    <nd ref="4197563519" />
    <nd ref="4197563518" />
    <nd ref="4197563514" />
    <nd ref="4197563512" />
    <nd ref="12828926374" />
    <nd ref="4197563513" />
    <nd ref="4197563511" />
    <nd ref="4197563517" />
    <nd ref="295581356" />
    <nd ref="4197563526" />
    <tag k="landuse" v="residential" />
    <tag k="name" v="Nieuwendammerdijk" />
  </way>
  <way id="419752311">
    <nd ref="11287233628" />
    <nd ref="11289239626" />
    <nd ref="11287233629" />
    <nd ref="4142819082" />
    <nd ref="11287233635" />
    <nd ref="11287233634" />
    <nd ref="11287233636" />
    <nd ref="11287233633" />
    <nd ref="11287233637" />
    <nd ref="353191554" />
    <nd ref="11284720328" />
    <nd ref="11284720327" />
    <nd ref="11284720326" />
    <nd ref="11284720325" />
    <nd ref="11284720324" />
    <nd ref="11284720323" />
    <nd ref="11284720322" />
    <nd ref="11284720321" />
    <nd ref="11284720320" />
    <nd ref="11284720319" />
    <nd ref="11284720318" />
    <nd ref="11284720317" />
    <nd ref="11284720316" />
    <nd ref="11284720315" />
    <nd ref="11284720314" />
    <nd ref="11284720313" />
    <nd ref="11284720312" />
    <nd ref="11284720311" />
    <nd ref="11284720310" />
    <nd ref="11284720309" />
    <nd ref="11284720308" />
    <nd ref="11289091788" />
    <nd ref="11284720307" />
    <nd ref="11284720306" />
    <nd ref="11284720305" />
    <nd ref="11284720302" />
    <nd ref="11287174615" />
    <nd ref="11287174622" />
    <nd ref="11287174617" />
    <nd ref="11287174616" />
    <nd ref="11284720300" />
    <nd ref="11287174618" />
    <nd ref="11284720299" />
    <nd ref="11284720298" />
    <nd ref="11289091957" />
    <nd ref="11284720297" />
    <nd ref="11284720296" />
    <nd ref="11284720295" />
    <nd ref="11284720294" />
    <nd ref="11288846013" />
    <nd ref="4142819087" />
    <nd ref="11284720293" />
    <nd ref="11284720291" />
    <nd ref="11288846006" />
    <nd ref="11287178701" />
    <nd ref="11284720289" />
    <nd ref="11284720288" />
    <nd ref="353191555" />
    <nd ref="11287178706" />
    <nd ref="11287178680" />
    <nd ref="11287178708" />
    <nd ref="11287178707" />
    <nd ref="11284720270" />
    <nd ref="11287178731" />
    <nd ref="11287178732" />
    <nd ref="11287178733" />
    <nd ref="11287178734" />
    <nd ref="11287178735" />
    <nd ref="295581368" />
    <nd ref="11287178736" />
    <nd ref="11287178737" />
    <nd ref="11287178738" />
    <nd ref="11287178739" />
    <nd ref="11287178740" />
    <nd ref="11287178741" />
    <nd ref="11287178742" />
    <nd ref="4142819072" />
    <nd ref="11287178743" />
    <nd ref="11287178744" />
    <nd ref="11287178745" />
    <nd ref="11287178746" />
    <nd ref="11287178747" />
    <nd ref="11287178748" />
    <nd ref="11287178749" />
    <nd ref="11287178750" />
    <nd ref="11287178752" />
    <nd ref="11287178753" />
    <nd ref="11287178754" />
    <nd ref="11287178755" />
    <nd ref="11287178756" />
    <nd ref="11287178757" />
    <nd ref="545834052" />
    <nd ref="694246148" />
    <nd ref="11287178709" />
    <nd ref="11343217020" />
    <nd ref="11343217018" />
    <nd ref="11343217019" />
    <nd ref="694244608" />
    <nd ref="11343217027" />
    <nd ref="11343217028" />
    <nd ref="694241425" />
    <nd ref="11343217022" />
    <nd ref="11343217021" />
    <nd ref="4384679373" />
    <nd ref="4197563529" />
    <nd ref="694241079" />
    <nd ref="4197563526" />
    <nd ref="295581356" />
    <nd ref="694245367" />
    <nd ref="11289237339" />
    <nd ref="694244055" />
    <nd ref="295581362" />
    <nd ref="694243901" />
    <nd ref="11289237341" />
    <nd ref="11289237340" />
    <nd ref="11289237342" />
    <nd ref="11289237335" />
    <nd ref="295581340" />
    <nd ref="6969797590" />
    <nd ref="6969797589" />
    <nd ref="11287233632" />
    <nd ref="11287233630" />
    <nd ref="11287233631" />
    <nd ref="11289239625" />
    <nd ref="11287233628" />
    <tag k="landuse" v="residential" />
    <tag k="name" v="Tuindorp Buiksloot" />
  </way>
  <way id="440736719">
    <nd ref="4385122650" />
    <nd ref="4385122665" />
    <nd ref="4385122673" />
    <nd ref="4385122649" />
    <nd ref="4385122652" />
    <nd ref="4385122650" />
    <tag k="landuse" v="forest" />
  </way>
  <way id="744743604">
    <nd ref="6970138548" />
    <nd ref="9655513545" />
    <nd ref="9655513546" />
    <nd ref="9655513549" />
    <nd ref="9655513547" />
    <nd ref="9655513548" />
    <nd ref="6970138556" />
    <nd ref="9655513544" />
    <nd ref="9655513543" />
    <nd ref="9655513542" />
    <nd ref="9655513541" />
    <nd ref="9655513540" />
    <nd ref="9655513539" />
    <nd ref="6970138548" />
    <tag k="landuse" v="grass" />
  </way>
  <way id="747914620">
    <nd ref="6997359819" />
    <nd ref="6997359809" />
    <nd ref="6997359826" />
    <nd ref="6997359820" />
    <nd ref="6997359805" />
    <nd ref="6997359822" />
    <nd ref="6997359811" />
    <nd ref="6997359808" />
    <nd ref="6997359803" />
    <nd ref="6997359827" />
    <nd ref="6997359823" />
    <nd ref="6997359819" />
    <tag k="landuse" v="grass" />
  </way>
  <way id="747915223">
    <nd ref="6997367939" />
    <nd ref="6997367938" />
    <nd ref="6997367947" />
    <nd ref="6997367941" />
    <nd ref="6997367960" />
    <nd ref="6997367964" />
    <nd ref="6997367933" />
    <nd ref="6997367942" />
    <nd ref="6997367959" />
    <nd ref="6997367951" />
    <nd ref="6997367955" />
    <nd ref="6997367935" />
    <nd ref="9655513494" />
    <nd ref="6997367944" />
    <nd ref="9655513493" />
    <nd ref="9655513495" />
    <nd ref="9655513492" />
    <nd ref="6997367936" />
    <nd ref="2745226983" />
    <nd ref="2745226914" />
    <nd ref="2745227013" />
    <nd ref="6997367945" />
    <nd ref="6997367956" />
    <nd ref="617693820" />
    <nd ref="1404335481" />
    <nd ref="6997367931" />
    <nd ref="6997367940" />
    <nd ref="1404335479" />
    <nd ref="6997367954" />
    <nd ref="6997367937" />
    <nd ref="6997367930" />
    <nd ref="6997367957" />
    <nd ref="6997367946" />
    <nd ref="6997367939" />
    <tag k="landuse" v="grass" />
  </way>
  <way id="821412846">
    <nd ref="7669446636" />
    <nd ref="7669446659" />
    <nd ref="7669446664" />
    <nd ref="1198490361" />
    <nd ref="7669446636" />
    <tag k="landuse" v="forest" />
  </way>
  <way id="821412847">
    <nd ref="7669446643" />
    <nd ref="7669446627" />
    <nd ref="7669446630" />
    <nd ref="1198471336" />
    <nd ref="7669446638" />
    <nd ref="7669446650" />
    <nd ref="7669446656" />
    <nd ref="7669446632" />
    <nd ref="7669446643" />
    <tag k="landuse" v="forest" />
  </way>
  <way id="821412848">
    <nd ref="7669446639" />
    <nd ref="7669446645" />
    <nd ref="7669446662" />
    <nd ref="7669446653" />
    <nd ref="7669446634" />
    <nd ref="1198495987" />
    <nd ref="1198545612" />
    <nd ref="7669446639" />
    <tag k="landuse" v="forest" />
  </way>
  <way id="821412850">
    <nd ref="7669446638" />
    <nd ref="7669446634" />
    <nd ref="7669446653" />
    <nd ref="7669446662" />
    <nd ref="7669446645" />
    <nd ref="7669446639" />
    <nd ref="1198484515" />
    <nd ref="1198514822" />
    <nd ref="1198463158" />
    <nd ref="1198490361" />
    <nd ref="7669446664" />
    <nd ref="7669446659" />
    <nd ref="7669446636" />
    <nd ref="7669446632" />
    <nd ref="7669446656" />
    <nd ref="7669446650" />
    <nd ref="7669446638" />
    <tag k="landuse" v="grass" />
    <tag k="source" v="3dShapes" />
  </way>
  <way id="821412851">
    <nd ref="7669446643" />
    <nd ref="1198457369" />
    <nd ref="1198500966" />
    <nd ref="1198478467" />
    <nd ref="1198471336" />
    <nd ref="7669446630" />
    <nd ref="7669446627" />
    <nd ref="7669446643" />
    <tag k="landuse" v="grass" />
    <tag k="source" v="3dShapes" />
  </way>
  <way id="828549743">
    <nd ref="1161201136" />
    <nd ref="7734686958" />
    <nd ref="7734686955" />
    <nd ref="7734686951" />
    <nd ref="7734686956" />
    <nd ref="7734686959" />
    <nd ref="7734686952" />
    <nd ref="7734686953" />
    <nd ref="1160889709" />
    <nd ref="1161201136" />
    <tag k="landuse" v="meadow" />
  </way>
  <way id="829214508">
    <nd ref="7740167169" />
    <nd ref="7740167165" />
    <nd ref="7740167170" />
    <nd ref="7740167166" />
    <nd ref="7740167169" />
    <tag k="landuse" v="grass" />
  </way>
  <way id="829214509">
    <nd ref="7740167168" />
    <nd ref="7740167171" />
    <nd ref="7740167167" />
    <nd ref="9655513461" />
    <nd ref="9655513462" />
    <nd ref="9655513463" />
    <nd ref="9655513460" />
    <nd ref="7740167164" />
    <nd ref="7740167168" />
    <tag k="landuse" v="grass" />
  </way>
  <way id="894596108">
    <nd ref="46112986" />
    <nd ref="8315200458" />
    <nd ref="8315200457" />
    <nd ref="1160839190" />
    <nd ref="8315200455" />
    <nd ref="8315200456" />
    <nd ref="1160874837" />
    <nd ref="1160850974" />
    <nd ref="1160861815" />
    <nd ref="1160876239" />
    <nd ref="1160831194" />
    <nd ref="8315200477" />
    <nd ref="8315200463" />
    <nd ref="8315200476" />
    <nd ref="8315200462" />
    <nd ref="8315200461" />
    <nd ref="8315200460" />
    <nd ref="46112986" />
    <tag k="landuse" v="grass" />
    <tag k="source" v="3dShapes" />
  </way>
  <way id="959564435">
    <nd ref="1160839799" />
    <nd ref="8878252309" />
    <nd ref="8878252308" />
    <nd ref="8878252307" />
    <nd ref="8878252306" />
    <nd ref="8878252305" />
    <nd ref="8878252304" />
    <nd ref="8878252303" />
    <nd ref="8878252302" />
    <nd ref="8878252301" />
    <nd ref="8878252300" />
    <nd ref="8878252299" />
    <nd ref="12341392631" />
    <nd ref="12341392648" />
    <nd ref="12341392637" />
    <nd ref="12341392624" />
    <nd ref="12341392610" />
    <nd ref="8105003851" />
    <nd ref="1160830507" />
    <nd ref="12341392630" />
    <nd ref="12341392645" />
    <nd ref="12341392638" />
    <nd ref="12341392619" />
    <nd ref="8878252310" />
    <nd ref="8878252298" />
    <nd ref="1160872543" />
    <nd ref="8878252311" />
    <nd ref="8878252312" />
    <nd ref="1160887899" />
    <nd ref="1160839799" />
    <tag k="landuse" v="grass" />
  </way>
  <way id="1056522631">
    <nd ref="9708093262" />
    <nd ref="9708093263" />
    <nd ref="9708093264" />
    <nd ref="9708093265" />
    <nd ref="9708093266" />
    <nd ref="9708093267" />
    <nd ref="9708093268" />
    <nd ref="9708093269" />
    <nd ref="9708093270" />
    <nd ref="9708093271" />
    <nd ref="9708093272" />
    <nd ref="9708093273" />
    <nd ref="9708093262" />
    <tag k="landuse" v="grass" />
  </way>
  <way id="1056522632">
    <nd ref="9708093274" />
    <nd ref="9708093275" />
    <nd ref="9708093276" />
    <nd ref="9708093277" />
    <nd ref="9708093278" />
    <nd ref="9708093279" />
    <nd ref="9708093280" />
    <nd ref="9708093281" />
    <nd ref="9708093282" />
    <nd ref="9708093283" />
    <nd ref="9708093284" />
    <nd ref="9708093274" />
    <tag k="landuse" v="grass" />
  </way>
  <way id="1056522636">
    <nd ref="9708093283" />
    <nd ref="9708093338" />
    <nd ref="9708093339" />
    <nd ref="9708093340" />
    <nd ref="11378543699" />
    <nd ref="11378543705" />
    <nd ref="9708093341" />
    <nd ref="9708093342" />
    <nd ref="9708093343" />
    <nd ref="9708093344" />
    <nd ref="9708093345" />
    <nd ref="9708093281" />
    <nd ref="9708093282" />
    <nd ref="9708093283" />
    <tag k="landuse" v="grass" />
  </way>
  <way id="1056522639">
    <nd ref="9708093368" />
    <nd ref="9708093369" />
    <nd ref="9708093370" />
    <nd ref="9708093371" />
    <nd ref="9708093372" />
    <nd ref="9708093373" />
    <nd ref="9708093374" />
    <nd ref="9708093375" />
    <nd ref="9708093368" />
    <tag k="landuse" v="grass" />
  </way>
  <way id="1056522640">
    <nd ref="9708093376" />
    <nd ref="9708093377" />
    <nd ref="9708093378" />
    <nd ref="9708093379" />
    <nd ref="9708093380" />
    <nd ref="9708093381" />
    <nd ref="9708093382" />
    <nd ref="9708093383" />
    <nd ref="9708093384" />
    <nd ref="9708093385" />
    <nd ref="9708093386" />
    <nd ref="9708093387" />
    <nd ref="9708093388" />
    <nd ref="9708093389" />
    <nd ref="9708093376" />
    <tag k="landuse" v="grass" />
  </way>
  <way id="1056522642">
    <nd ref="9708093391" />
    <nd ref="9708093394" />
    <nd ref="9708093392" />
    <nd ref="9708093393" />
    <nd ref="695214733" />
    <nd ref="695214678" />
    <nd ref="9708093391" />
    <tag k="landuse" v="forest" />
    <tag k="leaf_type" v="broadleaved" />
  </way>
  <way id="1138283899">
    <nd ref="10610710427" />
    <nd ref="10610710416" />
    <nd ref="10610710418" />
    <nd ref="10610710417" />
    <nd ref="10610710419" />
    <nd ref="10610710420" />
    <nd ref="10610710421" />
    <nd ref="10610710422" />
    <nd ref="10610710423" />
    <nd ref="10610710424" />
    <nd ref="10610710441" />
    <nd ref="10610710440" />
    <nd ref="10610710439" />
    <nd ref="10610710438" />
    <nd ref="10610710437" />
    <nd ref="10610710436" />
    <nd ref="10610710435" />
    <nd ref="10610710434" />
    <nd ref="10610710433" />
    <nd ref="10610710432" />
    <nd ref="10610710431" />
    <nd ref="10610710430" />
    <nd ref="10610710429" />
    <nd ref="10610710428" />
    <nd ref="10610710427" />
    <tag k="landuse" v="grass" />
    <tag k="source" v="BGT" />
  </way>
  <way id="1142108926">
    <nd ref="2848142855" />
    <nd ref="2848142893" />
    <nd ref="10637213737" />
    <nd ref="10637213736" />
    <nd ref="10637213735" />
    <nd ref="10637213734" />
    <nd ref="10637213733" />
    <nd ref="10637213732" />
    <nd ref="10637213731" />
    <nd ref="10637213730" />
    <nd ref="10637213729" />
    <nd ref="10637213728" />
    <nd ref="10637213727" />
    <nd ref="10637213726" />
    <nd ref="10637213725" />
    <nd ref="10637213724" />
    <nd ref="10637213723" />
    <nd ref="10637213722" />
    <nd ref="10637213721" />
    <nd ref="10637213720" />
    <nd ref="10637213719" />
    <nd ref="10637213718" />
    <nd ref="10614989483" />
    <nd ref="10637213746" />
    <nd ref="10637213747" />
    <nd ref="10637213748" />
    <nd ref="10637213749" />
    <nd ref="10637213750" />
    <nd ref="10637213751" />
    <nd ref="10637213752" />
    <nd ref="10637213753" />
    <nd ref="10637213754" />
    <nd ref="10637213755" />
    <nd ref="10637213756" />
    <nd ref="10637213757" />
    <nd ref="10637213758" />
    <nd ref="10637213760" />
    <nd ref="10637213761" />
    <nd ref="10637213759" />
    <nd ref="10637213744" />
    <nd ref="10637213742" />
    <nd ref="10637213745" />
    <nd ref="10637213743" />
    <nd ref="2848142855" />
    <tag k="landuse" v="grass" />
    <tag k="source" v="BGT" />
  </way>
  <way id="1227039328">
    <nd ref="11378546628" />
    <nd ref="11378546631" />
    <nd ref="11378546625" />
    <nd ref="11378546619" />
    <nd ref="11378546618" />
    <nd ref="11378546628" />
    <tag k="landuse" v="grass" />
  </way>
  <way id="1257178809">
    <nd ref="11688081219" />
    <nd ref="11688081257" />
    <nd ref="11688081204" />
    <nd ref="11688081239" />
    <nd ref="11688081225" />
    <nd ref="11688081223" />
    <nd ref="11688081210" />
    <nd ref="11688081218" />
    <nd ref="11688081228" />
    <nd ref="11688081235" />
    <nd ref="11688081199" />
    <nd ref="11688081255" />
    <nd ref="11688081253" />
    <nd ref="11688081219" />
    <tag k="landuse" v="grass" />
  </way>
  <way id="1257178816">
    <nd ref="11690672790" />
    <nd ref="11690672818" />
    <nd ref="11688081234" />
    <nd ref="11688081205" />
    <nd ref="11688081226" />
    <nd ref="11688081209" />
    <nd ref="11688081238" />
    <nd ref="11688081198" />
    <nd ref="11688081236" />
    <nd ref="11690672790" />
    <tag k="landuse" v="grass" />
  </way>
  <way id="1257178820">
    <nd ref="11688081227" />
    <nd ref="11688081222" />
    <nd ref="11688081248" />
    <nd ref="11688081209" />
    <nd ref="11688081238" />
    <nd ref="11688081198" />
    <nd ref="11688081217" />
    <nd ref="11688081227" />
    <tag k="landuse" v="forest" />
    <tag k="leaf_type" v="broadleaved" />
  </way>
  <way id="1257187437">
    <nd ref="1198485054" />
    <nd ref="11688126943" />
    <nd ref="1198504656" />
    <nd ref="1198526434" />
    <nd ref="1198550906" />
    <nd ref="1198493055" />
    <nd ref="1198540517" />
    <nd ref="1198579083" />
    <nd ref="1198505990" />
    <nd ref="1198529751" />
    <nd ref="11688126945" />
    <nd ref="1198466253" />
    <nd ref="11688126944" />
    <nd ref="1198520451" />
    <nd ref="1198558061" />
    <nd ref="1198459179" />
    <nd ref="1198485054" />
    <tag k="landuse" v="grass" />
    <tag k="source" v="3dShapes" />
  </way>
  <way id="1257187438">
    <nd ref="11688126943" />
    <nd ref="1198485054" />
    <nd ref="1198584411" />
    <nd ref="11690661614" />
    <nd ref="1198478467" />
    <nd ref="1198500966" />
    <nd ref="1198457369" />
    <nd ref="1198483254" />
    <nd ref="11688126943" />
    <tag k="landuse" v="forest" />
    <tag k="leaf_type" v="broadleaved" />
  </way>
  <way id="1257211125">
    <nd ref="11688256012" />
    <nd ref="11688256047" />
    <nd ref="11688256057" />
    <nd ref="11688256044" />
    <nd ref="11688256063" />
    <nd ref="11688340688" />
    <nd ref="11688256012" />
    <tag k="landuse" v="grass" />
  </way>
  <way id="1257430915">
    <nd ref="11690672805" />
    <nd ref="11690672817" />
    <nd ref="11690672806" />
    <nd ref="11690672824" />
    <nd ref="11690672805" />
    <tag k="landuse" v="forest" />
    <tag k="leaf_type" v="broadleaved" />
  </way>
  <way id="1257430918">
    <nd ref="11690672798" />
    <nd ref="11690672816" />
    <nd ref="11690672786" />
    <nd ref="11690672810" />
    <nd ref="11690672820" />
    <nd ref="11690672793" />
    <nd ref="11690672798" />
    <tag k="landuse" v="forest" />
    <tag k="leaf_type" v="broadleaved" />
  </way>
  <way id="1296625403">
    <nd ref="12014908793" />
    <nd ref="12014908794" />
    <nd ref="12014908795" />
    <nd ref="12014908796" />
    <nd ref="12014908797" />
    <nd ref="12014908798" />
    <nd ref="12014908799" />
    <nd ref="12014908803" />
    <nd ref="12014908800" />
    <nd ref="12014908801" />
    <nd ref="12014908802" />
    <nd ref="12014908793" />
    <tag k="landuse" v="forest" />
  </way>
  <way id="1296625404">
    <nd ref="12014908804" />
    <nd ref="12014908805" />
    <nd ref="12014908817" />
    <nd ref="12014908806" />
    <nd ref="12014908807" />
    <nd ref="12014908804" />
    <tag k="landuse" v="forest" />
  </way>
  <way id="1296625405">
    <nd ref="12014908808" />
    <nd ref="12014908809" />
    <nd ref="12014908810" />
    <nd ref="12014908811" />
    <nd ref="12014908812" />
    <nd ref="12014908813" />
    <nd ref="12014908814" />
    <nd ref="12014908808" />
    <tag k="landuse" v="grass" />
  </way>
  <way id="1296625406">
    <nd ref="12014908808" />
    <nd ref="12014908815" />
    <nd ref="12014908816" />
    <nd ref="12014908819" />
    <nd ref="12014908821" />
    <nd ref="12014908817" />
    <nd ref="12014908820" />
    <nd ref="12014908818" />
    <nd ref="12014908809" />
    <nd ref="12014908808" />
    <tag k="landuse" v="forest" />
  </way>
  <way id="1296625407">
    <nd ref="12014908821" />
    <nd ref="12014908822" />
    <nd ref="12014908823" />
    <nd ref="12014908807" />
    <nd ref="12014908806" />
    <nd ref="12014908817" />
    <nd ref="12014908821" />
    <tag k="landuse" v="grass" />
  </way>

</osm>