<?xml version='1.0' encoding='utf-8'?>
<osm version="0.6" generator="Overpass API 0.7.62.11 87bfad18">
<note>The data included in this document is from www.openstreetmap.org. The data is made available under ODbL.</note>
<meta osm_base="2026-09-03T09:17:51Z" />

  <node id="163378469" lat="-37.8139378" lon="144.9544180" />
  <node id="163378510" lat="-37.8137769" lon="144.9542371">
    <tag k="addr:housenumber" v="287" />
    <tag k="addr:street" v="King Street" />
    <tag k="check_date" v="2026-02-18" />
    <tag k="name" v="Hotel Sophia" />
    <tag k="phone" v="+61 3 9670 1342" />
    <tag k="tourism" v="hotel" />
    <tag k="website" v="https://www.hotelsophia.com.au/" />
  </node>
  <node id="560227797" lat="-37.7952418" lon="144.9417238" />
  <node id="560227798" lat="-37.7952481" lon="144.9417797" />
  <node id="560227799" lat="-37.7949896" lon="144.9417692" />
  <node id="560227800" lat="-37.7949959" lon="144.9418252" />
  <node id="560227802" lat="-37.7953094" lon="144.9417690" />
  <node id="560227803" lat="-37.7956746" lon="144.9417044" />
  <node id="560227804" lat="-37.7956676" lon="144.9416415" />
  <node id="560227805" lat="-37.7953024" lon="144.9417060" />
  <node id="560323594" lat="-37.7968366" lon="144.9441818" />
  <node id="560323595" lat="-37.7966145" lon="144.9436844" />
  <node id="560323604" lat="-37.7967461" lon="144.9439772" />
  <node id="560332995" lat="-37.7946397" lon="144.9431906" />
  <node id="560332997" lat="-37.7947642" lon="144.9442553" />
  <node id="560332998" lat="-37.7948281" lon="144.9442434" />
  <node id="560332999" lat="-37.7947037" lon="144.9431786" />
  <node id="560333000" lat="-37.7945120" lon="144.9419853" />
  <node id="560333001" lat="-37.7946418" lon="144.9430958" />
  <node id="560333002" lat="-37.7946990" lon="144.9430851" />
  <node id="560333003" lat="-37.7945692" lon="144.9419746" />
  <node id="567543950" lat="-37.7962933" lon="144.9401051" />
  <node id="567543951" lat="-37.7956802" lon="144.9401981" />
  <node id="567543952" lat="-37.7958814" lon="144.9417529" />
  <node id="567543954" lat="-37.7960793" lon="144.9419381" />
  <node id="567543955" lat="-37.7980440" lon="144.9440719" />
  <node id="567543956" lat="-37.7981614" lon="144.9441028" />
  <node id="567543957" lat="-37.7982335" lon="144.9440992" />
  <node id="567543958" lat="-37.7983386" lon="144.9440584" />
  <node id="567543959" lat="-37.7990397" lon="144.9430876" />
  <node id="569932936" lat="-37.7953459" lon="144.9415496">
    <tag k="amenity" v="telephone" />
    <tag k="check_date" v="2025-02-26" />
  </node>
  <node id="569932938" lat="-37.7947432" lon="144.9415880">
    <tag k="addr:housenumber" v="39" />
    <tag k="addr:postcode" v="3051" />
    <tag k="addr:street" v="Melrose Street" />
    <tag k="addr:suburb" v="North Melbourne" />
    <tag k="laundry_service" v="yes" />
    <tag k="name" v="EcoLaundry" />
    <tag k="opening_hours" v="Mo-Su,PH 06:00-22:00" />
    <tag k="self_service" v="yes" />
    <tag k="shop" v="laundry" />
  </node>
  <node id="595504132" lat="-37.8134990" lon="144.9729930">
    <tag k="amenity" v="telephone" />
    <tag k="check_date" v="2024-09-21" />
  </node>
  <node id="595793078" lat="-37.8124820" lon="144.9708960">
    <tag k="amenity" v="telephone" />
    <tag k="check_date" v="2025-10-11" />
    <tag k="operator" v="Telstra" />
    <tag k="operator:wikidata" v="Q721162" />
  </node>
  <node id="595793509" lat="-37.8121540" lon="144.9708339">
    <tag k="brand" v="7-Eleven" />
    <tag k="brand:wikidata" v="Q259340" />
    <tag k="brand:wikipedia" v="en:7-Eleven" />
    <tag k="building" v="retail" />
    <tag k="check_date" v="2026-04-23" />
    <tag k="name" v="7-Eleven" />
    <tag k="opening_hours" v="24/7" />
    <tag k="shop" v="convenience" />
    <tag k="wheelchair" v="yes" />
  </node>
  <node id="595793529" lat="-37.8122700" lon="144.9703610">
    <tag k="amenity" v="telephone" />
    <tag k="check_date" v="2026-04-23" />
    <tag k="indoor" v="no" />
    <tag k="operator" v="Telstra" />
    <tag k="operator:wikidata" v="Q721162" />
  </node>
  <node id="595842972" lat="-37.8123639" lon="144.9704395">
    <tag k="amenity" v="bank" />
    <tag k="atm" v="yes" />
    <tag k="brand" v="Commonwealth Bank" />
    <tag k="brand:wikidata" v="Q285328" />
    <tag k="brand:wikipedia" v="en:Commonwealth Bank" />
    <tag k="check_date:opening_hours" v="2024-06-03" />
    <tag k="level" v="0" />
    <tag k="name" v="Commonwealth Bank" />
    <tag k="opening_hours" v="Mo-We 09:30-16:00; Th 09:30-17:00; Fr 09:30-16:00; Sa,Su off" />
    <tag k="operator" v="Commonwealth Bank" />
    <tag k="toilets:wheelchair" v="yes" />
    <tag k="wheelchair" v="yes" />
  </node>
  <node id="604174504" lat="-37.8116860" lon="144.9722460">
    <tag k="amenity" v="post_box" />
    <tag k="collection_times" v="Mo-Fr 12:00" />
    <tag k="operator" v="Australia Post" />
    <tag k="operator:wikidata" v="Q1142936" />
    <tag k="operator:wikipedia" v="en:Australia Post" />
  </node>
  <node id="611566484" lat="-37.8121240" lon="144.9709160">
    <tag k="addr:housenumber" v="87" />
    <tag k="addr:street" v="Bourke Street" />
    <tag k="amenity" v="bar" />
    <tag k="building" v="retail" />
    <tag k="check_date" v="2024-12-01" />
    <tag k="cuisine" v="chinese" />
    <tag k="name" v="Springrock Public Bar" />
  </node>
  <node id="612771027" lat="-37.8114801" lon="144.9719902">
    <tag k="addr:housenumber" v="32" />
    <tag k="addr:street" v="Bourke Street" />
    <tag k="addr:unit" v="1" />
    <tag k="building" v="retail" />
    <tag k="check_date" v="2026-02-09" />
    <tag k="name" v="Hill of Content" />
    <tag k="opening_hours" v="Mo 10:00-17:00; Tu-Th,Sa 10:00-18:00; Fr 10:00-19:00; Su 11:00-17:00" />
    <tag k="phone" v="+61 3 9662 9472" />
    <tag k="shop" v="books" />
    <tag k="website" v="https://www.hillofcontentbookshop.com/" />
  </node>
  <node id="614041180" lat="-37.8117868" lon="144.9708939">
    <tag k="addr:housenumber" v="80" />
    <tag k="addr:street" v="Bourke Street" />
    <tag k="amenity" v="restaurant" />
    <tag k="building" v="retail" />
    <tag k="cuisine" v="italian" />
    <tag k="name" v="Grossi Florentino" />
    <tag k="website" v="https://www.grossiflorentino.com/" />
    <tag k="wikidata" v="Q5610588" />
  </node>
  <node id="616964019" lat="-37.8120271" lon="144.9715217">
    <tag k="addr:housenumber" v="59" />
    <tag k="addr:street" v="Bourke Street" />
    <tag k="amenity" v="restaurant" />
    <tag k="cuisine" v="italian" />
    <tag k="name" v="Spaghetti Tree" />
    <tag k="phone" v="+61 3 9650 3174" />
    <tag k="website" v="https://www.spaghettitree.com.au/" />
  </node>
  <node id="621093736" lat="-37.8122732" lon="144.9703820">
    <tag k="addr:housenumber" v="95" />
    <tag k="addr:postcode" v="3000" />
    <tag k="addr:street" v="Bourke Street" />
    <tag k="addr:unit" v="6" />
    <tag k="amenity" v="dentist" />
    <tag k="building" v="retail" />
    <tag k="healthcare" v="dentist" />
    <tag k="name" v="Gorgeous Smiles Dentistry" />
  </node>
  <node id="621093873" lat="-37.8119306" lon="144.9717106">
    <tag k="addr:housenumber" v="53" />
    <tag k="addr:postcode" v="3000" />
    <tag k="addr:street" v="Bourke Street" />
    <tag k="addr:suburb" v="Melbourne" />
    <tag k="name" v="Mitty's Authorised Newsagents" />
    <tag k="opening_hours" v="Mo-Fr 07:00-05:30" />
    <tag k="phone" v="+61 3 9654 5950" />
    <tag k="shop" v="newsagent" />
  </node>
  <node id="627280059" lat="-37.8114500" lon="144.9721390">
    <tag k="addr:housenumber" v="32" />
    <tag k="addr:street" v="Bourke Street" />
    <tag k="check_date" v="2026-02-09" />
    <tag k="name" v="Jacks Barbers" />
    <tag k="opening_hours" v="Mo-Fr 08:30-18:00" />
    <tag k="shop" v="hairdresser" />
    <tag k="wheelchair" v="limited" />
  </node>
  <node id="642325730" lat="-37.8116753" lon="144.9713125">
    <tag k="addr:housenumber" v="60" />
    <tag k="addr:postcode" v="3000" />
    <tag k="addr:street" v="Bourke Street" />
    <tag k="addr:suburb" v="Melbourne" />
    <tag k="building" v="retail" />
    <tag k="check_date" v="2026-02-09" />
    <tag k="name" v="The Paperback" />
    <tag k="phone" v="+61 3 9662 1396" />
    <tag k="shop" v="books" />
    <tag k="website" v="https://paperbackbooks.com.au/" />
  </node>
  <node id="642333245" lat="-37.8117191" lon="144.9712109">
    <tag k="addr:housenumber" v="66" />
    <tag k="addr:postcode" v="3000" />
    <tag k="addr:street" v="Bourke Street" />
    <tag k="addr:suburb" v="Melbourne" />
    <tag k="amenity" v="cafe" />
    <tag k="building" v="retail" />
    <tag k="name" v="Pellegrini's" />
    <tag k="phone" v="+61 3 9662 1885" />
    <tag k="tourism" v="attraction" />
    <tag k="wikidata" v="Q58481453" />
  </node>
  <node id="660065940" lat="-37.8114590" lon="144.9720800">
    <tag k="addr:housenumber" v="32" />
    <tag k="addr:street" v="Bourke Street" />
    <tag k="amenity" v="restaurant" />
    <tag k="building" v="retail" />
    <tag k="cuisine" v="japanese" />
    <tag k="description" v="Contemporary Japanese grille &amp; bar" />
    <tag k="name" v="Takumi" />
    <tag k="phone" v="+61 3 9650 7020" />
    <tag k="website" v="https://www.takumi.com.au/" />
    <tag k="wheelchair" v="yes" />
  </node>
  <node id="660120300" lat="-37.8128595" lon="144.9713425">
    <tag k="addr:housenumber" v="68" />
    <tag k="addr:postcode" v="3000" />
    <tag k="addr:state" v="VIC" />
    <tag k="addr:street" v="Little Collins Street" />
    <tag k="addr:suburb" v="Melbourne" />
    <tag k="amenity" v="bar" />
    <tag k="min_age" v="18" />
    <tag k="name" v="Cherry Bar" />
    <tag k="wikidata" v="Q5092279" />
  </node>
  <node id="663117963" lat="-37.8120810" lon="144.9711020">
    <tag k="addr:housenumber" v="79-85" />
    <tag k="addr:street" v="Bourke Street" />
    <tag k="amenity" v="restaurant" />
    <tag k="brand" v="Nando's" />
    <tag k="brand:wikidata" v="Q3472954" />
    <tag k="brand:wikipedia" v="en:Nando's" />
    <tag k="building" v="retail" />
    <tag k="cuisine" v="chicken;portuguese" />
    <tag k="name" v="Nando's" />
    <tag k="website" v="https://www.nandos.com.au/" />
  </node>
  <node id="663117964" lat="-37.8121550" lon="144.9711380">
    <tag k="addr:floor" v="1" />
    <tag k="addr:housenumber" v="79-85" />
    <tag k="addr:street" v="Bourke Street" />
    <tag k="amenity" v="bar" />
    <tag k="building" v="retail" />
    <tag k="email" v="enquiries@tuscanbar.com.au" />
    <tag k="name" v="Tuscan Bar" />
    <tag k="opening_hours" v="Tu 15:00-24:00; We,Th 00:00-01:00,15:00-24:00; Fr 00:00-01:00,12:00-24:00; Sa 00:00-03:00,15:00-24:00; Su 00:00-03:00" />
    <tag k="phone" v="+61 3 9671 3322" />
    <tag k="website" v="http://www.tuscanbar.com.au/" />
  </node>
  <node id="663542561" lat="-37.8118380" lon="144.9720570">
    <tag k="addr:housenumber" v="39" />
    <tag k="addr:postcode" v="3000" />
    <tag k="addr:street" v="Bourke Street" />
    <tag k="addr:suburb" v="Melbourne" />
    <tag k="amenity" v="cafe" />
    <tag k="name" v="Lane's Edge" />
    <tag k="outdoor_seating" v="yes" />
    <tag k="phone" v="+61 3 9654 2409" />
  </node>
  <node id="663542562" lat="-37.8118527" lon="144.9720038">
    <tag k="addr:housenumber" v="41" />
    <tag k="addr:postcode" v="3000" />
    <tag k="addr:street" v="Bourke Street" />
    <tag k="addr:suburb" v="Melbourne" />
    <tag k="amenity" v="bar" />
    <tag k="name" v="Spleen Central" />
    <tag k="opening_hours" v="Su off; Mo-Sa 16:00-29:00" />
    <tag k="phone" v="+61 3 9650 2400" />
  </node>
  <node id="664322098" lat="-37.8146997" lon="144.9542661">
    <tag k="amenity" v="telephone" />
  </node>
  <node id="667222174" lat="-37.8136605" lon="144.9541782">
    <tag k="addr:housenumber" v="287" />
    <tag k="addr:postcode" v="3000" />
    <tag k="addr:street" v="King Street" />
    <tag k="amenity" v="pub" />
    <tag k="check_date" v="2026-02-18" />
    <tag k="name" v="The Golden Age" />
    <tag k="website" v="https://www.hotelsophia.com.au/the_golden_age" />
  </node>
  <node id="667222175" lat="-37.8145694" lon="144.9538301" />
  <node id="667222176" lat="-37.8149512" lon="144.9524604" />
  <node id="667222177" lat="-37.8141806" lon="144.9520883" />
  <node id="667222178" lat="-37.8137741" lon="144.9534678" />
  <node id="667222179" lat="-37.8143856" lon="144.9544187" />
  <node id="667222180" lat="-37.8144551" lon="144.9541782" />
  <node id="667222181" lat="-37.8140543" lon="144.9539955" />
  <node id="667222184" lat="-37.8139567" lon="144.9543513" />
  <node id="667224584" lat="-37.8145880" lon="144.9523190">
    <tag k="amenity" v="telephone" />
    <tag k="check_date" v="2025-10-20" />
    <tag k="indoor" v="no" />
  </node>
  <node id="667224591" lat="-37.8141242" lon="144.9548704" />
  <node id="667226013" lat="-37.8145473" lon="144.9517645">
    <tag k="amenity" v="pharmacy" />
    <tag k="healthcare" v="pharmacy" />
    <tag k="layer" v="0" />
    <tag k="level" v="0" />
    <tag k="name" v="Spencer Street Pharmacy" />
    <tag k="website" v="http://www.spencerstreetpharmacy.com.au" />
  </node>
  <node id="667226014" lat="-37.8140086" lon="144.9520574">
    <tag k="addr:housenumber" v="278" />
    <tag k="addr:postcode" v="3000" />
    <tag k="addr:street" v="Spencer Street" />
    <tag k="addr:suburb" v="Melbourne" />
    <tag k="amenity" v="bank" />
    <tag k="atm" v="yes" />
    <tag k="brand" v="BankVic" />
    <tag k="opening_hours" v="Mo-Sa 09:30-16:00" />
    <tag k="wheelchair" v="yes" />
  </node>
  <node id="667232796" lat="-37.8138560" lon="144.9543083">
    <tag k="addr:housenumber" v="273" />
    <tag k="addr:street" v="King Street" />
    <tag k="amenity" v="restaurant" />
    <tag k="cuisine" v="indian" />
    <tag k="name" v="Taj India" />
    <tag k="phone" v="+61 3 9670 7550" />
  </node>
  <node id="667680167" lat="-37.8128066" lon="144.9714582">
    <tag k="amenity" v="pub" />
    <tag k="level" v="0" />
    <tag k="name" v="Magic Mountain Saloon" />
    <tag k="wheelchair" v="no" />
  </node>
  <node id="667680168" lat="-37.8129020" lon="144.9712356">
    <tag k="addr:housenumber" v="120" />
    <tag k="addr:postcode" v="3000" />
    <tag k="addr:street" v="Exhibition Street" />
    <tag k="amenity" v="pub" />
    <tag k="name" v="Morris House" />
    <tag k="old_name:1924-2023" v="European Bier Café" />
    <tag k="website" v="http://www.europeanbiercafe.com.au/" />
    <tag k="wheelchair" v="limited" />
  </node>
  <node id="667680171" lat="-37.8133420" lon="144.9713850">
    <tag k="amenity" v="bank" />
    <tag k="brand" v="ANZ" />
    <tag k="brand:wikidata" v="Q714641" />
    <tag k="name" v="ANZ" />
    <tag k="official_name" v="Australia and New Zealand Banking Group Limited" />
  </node>
  <node id="667680172" lat="-37.8133608" lon="144.9714894">
    <tag k="addr:housenumber" v="100" />
    <tag k="addr:street" v="Exhibition Street" />
    <tag k="name" v="Mantra 100 Exhibition" />
    <tag k="phone" v="+61 3 9631 4444" />
    <tag k="tourism" v="hotel" />
  </node>
  <node id="673062586" lat="-37.8117540" lon="144.9710070">
    <tag k="addr:housenumber" v="76" />
    <tag k="addr:street" v="Bourke Street" />
    <tag k="amenity" v="restaurant" />
    <tag k="building" v="retail" />
    <tag k="cuisine" v="italian" />
    <tag k="name" v="Ombra Salumi Bar" />
    <tag k="phone" v="+61 3 9639 1927" />
    <tag k="website" v="https://www.ombrabar.com.au/" />
  </node>
  <node id="706906468" lat="-37.8124979" lon="144.9733454">
    <tag k="amenity" v="cafe" />
    <tag k="name" v="Café Excello" />
    <tag k="outdoor_seating" v="yes" />
    <tag k="wheelchair" v="yes" />
  </node>
  <node id="706906596" lat="-37.8127011" lon="144.9726307">
    <tag k="addr:housenumber" v="27" />
    <tag k="addr:street" v="Little Collins Street" />
    <tag k="brand" v="Sheraton" />
    <tag k="brand:wikidata" v="Q634831" />
    <tag k="brand:wikipedia" v="en:Sheraton Hotels and Resorts" />
    <tag k="name" v="Sheraton Melbourne Hotel" />
    <tag k="phone" v="+61 3 9290 1000" />
    <tag k="tourism" v="hotel" />
    <tag k="website" v="http://www.sheratonmelbourne.com" />
  </node>
  <node id="1013094884" lat="-37.8119256" lon="144.9717710">
    <tag k="addr:housenumber" v="51" />
    <tag k="addr:street" v="Bourke Street" />
    <tag k="amenity" v="restaurant" />
    <tag k="check_date" v="2026-02-09" />
    <tag k="cuisine" v="thai" />
    <tag k="name" v="Ma Naaw" />
    <tag k="wheelchair" v="no" />
  </node>
  <node id="1027680741" lat="-37.8122210" lon="144.9708400">
    <tag k="addr:housenumber" v="150" />
    <tag k="addr:postcode" v="3000" />
    <tag k="addr:street" v="Exhibition Street" />
    <tag k="amenity" v="fast_food" />
    <tag k="cuisine" v="sandwich" />
    <tag k="name" v="Panini Bar" />
  </node>
  <node id="1060602038" lat="-37.8115640" lon="144.9717640">
    <tag k="addr:housenumber" v="50" />
    <tag k="addr:street" v="Bourke Street" />
    <tag k="addr:unit" v="Shop 2" />
    <tag k="building" v="retail" />
    <tag k="name" v="CBD Cycles" />
    <tag k="opening_hours" v="Mo-Fr 09:00-17:30; Sa 10:00-15:00" />
    <tag k="phone" v="+61 3 9639 2299" />
    <tag k="shop" v="bicycle" />
    <tag k="website" v="http://www.cbdcycles.com.au/" />
  </node>
  <node id="1492145775" lat="-37.8133911" lon="144.9515453">
    <tag k="name" v="Stop 119: La Trobe Street" />
    <tag k="network" v="PTV - Metropolitan Trams" />
    <tag k="network:wikidata" v="Q7257648" />
    <tag k="operator" v="Keolis Downer" />
    <tag k="operator:wikidata" v="Q6328065" />
    <tag k="public_transport" v="stop_position" />
    <tag k="railway" v="tram_stop" />
    <tag k="ref" v="119" />
    <tag k="tram" v="yes" />
  </node>
  <node id="1492145782" lat="-37.8131002" lon="144.9517028">
    <tag k="railway" v="switch" />
  </node>
  <node id="1492145802" lat="-37.8133378" lon="144.9515601">
    <tag k="railway" v="switch" />
    <tag k="railway:turnout_side" v="both" />
  </node>
  <node id="1492145817" lat="-37.8129763" lon="144.9521408">
    <tag k="railway" v="switch" />
  </node>
  <node id="1492145833" lat="-37.8128736" lon="144.9523841">
    <tag k="railway" v="switch" />
  </node>
  <node id="1492150944" lat="-37.8140171" lon="144.9518269">
    <tag k="railway" v="signal" />
    <tag k="railway:signal:direction" v="forward" />
    <tag k="railway:signal:fouling_point" v="AU:LightRail:VIC:single_yellow" />
    <tag k="railway:signal:fouling_point:form" v="sign" />
  </node>
  <node id="1492150954" lat="-37.8142129" lon="144.9519105">
    <tag k="railway" v="signal" />
    <tag k="railway:signal:direction" v="forward" />
    <tag k="railway:signal:stop" v="AU:LightRail:VIC:triple_yellow_half" />
    <tag k="railway:signal:stop:form" v="sign" />
  </node>
  <node id="1492150971" lat="-37.8147265" lon="144.9521489">
    <tag k="railway" v="signal" />
    <tag k="railway:signal:direction" v="forward" />
    <tag k="railway:signal:fouling_point" v="AU:LightRail:VIC:single_yellow" />
    <tag k="railway:signal:fouling_point:form" v="sign" />
  </node>
  <node id="1794264507" lat="-37.8131557" lon="144.9535503" />
  <node id="1794264509" lat="-37.8131966" lon="144.9535673" />
  <node id="1794264516" lat="-37.8132111" lon="144.9533426" />
  <node id="1794264609" lat="-37.8135699" lon="144.9537319" />
  <node id="1794264621" lat="-37.8136293" lon="144.9535242" />
  <node id="1812365403" lat="-37.8129404" lon="144.9724380">
    <tag k="amenity" v="cafe" />
    <tag k="name" v="Liaison" />
  </node>
  <node id="2019191934" lat="-37.8119505" lon="144.9715460">
    <tag k="amenity" v="cafe" />
    <tag k="name" v="Madame Brussels" />
    <tag k="note" v="On the roof!" />
    <tag k="opening_hours" v="We,Th 16:00-23:00, Fr 16:00-01:00, Sa 12:00-01:00, Su 12:00-23:00" />
    <tag k="outdoor_seating" v="yes" />
    <tag k="website" v="https://madamebrussels.com/" />
    <tag k="wheelchair" v="yes" />
  </node>
  <node id="2021115598" lat="-37.8137755" lon="144.9524759">
    <tag k="amenity" v="restaurant" />
    <tag k="name" v="Angliss Restaurant" />
    <tag k="website" v="https://www.angliss.edu.au/locations-facilities/restaurant" />
  </node>
  <node id="2174684611" lat="-37.8115720" lon="144.9716940">
    <tag k="amenity" v="pharmacy" />
    <tag k="building" v="retail" />
    <tag k="healthcare" v="pharmacy" />
    <tag k="name" v="U Pharmacy" />
  </node>
  <node id="2272374109" lat="-37.8122490" lon="144.9708500">
    <tag k="addr:housenumber" v="148" />
    <tag k="addr:postcode" v="3000" />
    <tag k="addr:street" v="Exhibition Street" />
    <tag k="addr:suburb" v="Melbourne" />
    <tag k="amenity" v="fast_food" />
    <tag k="cuisine" v="pizza" />
  </node>
  <node id="2279002441" lat="-37.8149524" lon="144.9522987">
    <tag k="name" v="Stop 120: Lonsdale Street" />
    <tag k="network" v="PTV - Metropolitan Trams" />
    <tag k="network:wikidata" v="Q7257648" />
    <tag k="operator" v="Keolis Downer" />
    <tag k="operator:wikidata" v="Q6328065" />
    <tag k="public_transport" v="stop_position" />
    <tag k="railway" v="tram_stop" />
    <tag k="ref" v="120" />
    <tag k="tram" v="yes" />
  </node>
  <node id="2338171757" lat="-37.8115200" lon="144.9718800">
    <tag k="addr:housenumber" v="50" />
    <tag k="addr:postcode" v="3000" />
    <tag k="addr:street" v="Bourke Street" />
    <tag k="addr:suburb" v="Melbourne" />
    <tag k="amenity" v="restaurant" />
    <tag k="building" v="retail" />
    <tag k="cuisine" v="italian" />
    <tag k="delivery" v="yes" />
    <tag k="fax" v="+61 3 9639 4085" />
    <tag k="name" v="Cafe On Bourke" />
    <tag k="outdoor_seating" v="yes" />
    <tag k="phone" v="+61 3 9639 4200" />
    <tag k="takeaway" v="yes" />
    <tag k="website" v="http://www.cafeonbourke.com/" />
  </node>
  <node id="2344137729" lat="-37.8118740" lon="144.9718820">
    <tag k="amenity" v="restaurant" />
    <tag k="cuisine" v="japanese" />
    <tag k="name" v="Shuji Sushi" />
    <tag k="takeaway" v="yes" />
  </node>
  <node id="2562479648" lat="-37.8115837" lon="144.9716320">
    <tag k="addr:housenumber" v="50" />
    <tag k="addr:street" v="Bourke Street" />
    <tag k="building" v="retail" />
    <tag k="name" v="Melbournalia" />
    <tag k="phone" v="+61 3 9963 3751" />
    <tag k="shop" v="gift" />
    <tag k="website" v="https://melbournalia.myshopify.com/" />
  </node>
  <node id="2584835855" lat="-37.8148370" lon="144.9520626">
    <tag k="bench" v="no" />
    <tag k="bin" v="yes" />
    <tag k="bus" v="yes" />
    <tag k="check_date:shelter" v="2025-10-20" />
    <tag k="gtfs:stop_id" v="19547" />
    <tag k="highway" v="bus_stop" />
    <tag k="lit" v="yes" />
    <tag k="name" v="Lonsdale Street/Spencer Street" />
    <tag k="network" v="Transport Victoria" />
    <tag k="network:wikidata" v="Q7257648" />
    <tag k="operator" v="Transdev;Dysons" />
    <tag k="public_transport" v="platform" />
    <tag k="ref" v="ID.19547" />
    <tag k="route_ref" v="216" />
    <tag k="shelter" v="no" />
    <tag k="tactile_paving" v="yes" />
  </node>
  <node id="2599164407" lat="-37.7951171" lon="144.9415256">
    <tag k="addr:housenumber" v="23" />
    <tag k="addr:postcode" v="3051" />
    <tag k="addr:street" v="Melrose Street" />
    <tag k="addr:suburb" v="North Melbourne" />
    <tag k="brand" v="IGA" />
    <tag k="brand:wikidata" v="Q5970945" />
    <tag k="brand:wikipedia" v="en:IGA (supermarkets)" />
    <tag k="name" v="IGA" />
    <tag k="operator" v="IGA" />
    <tag k="phone" v="+61 3 9329 7815" />
    <tag k="shop" v="supermarket" />
    <tag k="website" v="https://iga.com.au/" />
  </node>
  <node id="2599174422" lat="-37.7941838" lon="144.9416542">
    <tag k="addr:housenumber" v="55" />
    <tag k="addr:postcode" v="3051" />
    <tag k="addr:street" v="Melrose Street" />
    <tag k="addr:suburb" v="North Melbourne" />
    <tag k="amenity" v="place_of_worship" />
    <tag k="check_date" v="2024-08-11" />
    <tag k="name" v="St Alban's Anglican Church" />
    <tag k="phone" v="+61 3 9376 6920" />
    <tag k="religion" v="christian" />
  </node>
  <node id="2689166177" lat="-37.8121163" lon="144.9721574">
    <tag k="addr:housenumber" v="23" />
    <tag k="addr:postcode" v="3000" />
    <tag k="addr:street" v="Meyers Place" />
    <tag k="addr:suburb" v="Melbourne" />
    <tag k="amenity" v="bar" />
    <tag k="food" v="yes" />
    <tag k="name" v="Loop Roof" />
    <tag k="opening_hours" v="Tu-Th 16:00-23:00; Fr 14:00-01:00; Sa 12:00-01:00; Su 12:00-20:00" />
    <tag k="phone" v="+61 481 785 190" />
    <tag k="source" v="website" />
    <tag k="website" v="https://www.looprooftopbar.com.au/" />
  </node>
  <node id="2700936526" lat="-37.8022105" lon="144.9629994">
    <tag k="amenity" v="drinking_water" />
    <tag k="fountain" v="bubbler" />
  </node>
  <node id="2700936561" lat="-37.8025564" lon="144.9632287">
    <tag k="amenity" v="bench" />
    <tag k="backrest" v="yes" />
    <tag k="colour" v="gray" />
    <tag k="material" v="metal" />
    <tag k="seats" v="50" />
  </node>
  <node id="2700936609" lat="-37.8034056" lon="144.9633617">
    <tag k="amenity" v="bicycle_parking" />
    <tag k="bicycle_parking" v="stands" />
    <tag k="capacity" v="12" />
    <tag k="check_date:capacity" v="2025-09-17" />
    <tag k="covered" v="no" />
    <tag k="supervised" v="no" />
  </node>
  <node id="2700936613" lat="-37.8038529" lon="144.9632818">
    <tag k="amenity" v="waste_basket" />
  </node>
  <node id="2700936617" lat="-37.8038131" lon="144.9632909">
    <tag k="amenity" v="bench" />
    <tag k="backrest" v="no" />
    <tag k="check_date" v="2023-07-27" />
    <tag k="colour" v="green" />
    <tag k="material" v="metal" />
    <tag k="seats" v="3" />
  </node>
  <node id="2711790859" lat="-37.7957920" lon="144.9409679">
    <tag k="bench" v="yes" />
    <tag k="bin" v="yes" />
    <tag k="bus" v="yes" />
    <tag k="departures_board" v="timetable" />
    <tag k="gtfs:stop_code" v="7456" />
    <tag k="gtfs:stop_id" v="7456" />
    <tag k="highway" v="bus_stop" />
    <tag k="lit" v="yes" />
    <tag k="name" v="Melrose Street/Canning Street" />
    <tag k="network" v="Transport Victoria" />
    <tag k="network:wikidata" v="Q7257648" />
    <tag k="public_transport" v="platform" />
    <tag k="ref" v="ID.7456" />
    <tag k="route_ref" v="402" />
    <tag k="shelter" v="yes" />
    <tag k="tactile_paving" v="yes" />
  </node>
  <node id="2713236488" lat="-37.7955610" lon="144.9408350">
    <tag k="bench" v="yes" />
    <tag k="bin" v="no" />
    <tag k="bus" v="yes" />
    <tag k="departures_board" v="timetable" />
    <tag k="gtfs:stop_code" v="7581" />
    <tag k="gtfs:stop_id" v="7581" />
    <tag k="highway" v="bus_stop" />
    <tag k="lit" v="yes" />
    <tag k="name" v="Melrose Street/Canning Street" />
    <tag k="network" v="Transport Victoria" />
    <tag k="network:wikidata" v="Q7257648" />
    <tag k="public_transport" v="platform" />
    <tag k="ref" v="ID.7581" />
    <tag k="route_ref" v="402" />
    <tag k="shelter" v="yes" />
    <tag k="tactile_paving" v="yes" />
  </node>
  <node id="2918312501" lat="-37.8118958" lon="144.9718130">
    <tag k="addr:housenumber" v="49" />
    <tag k="addr:street" v="Bourke Street" />
    <tag k="amenity" v="restaurant" />
    <tag k="cuisine" v="pizza" />
    <tag k="name" v="Sempre Pizza &amp; Calzone" />
    <tag k="operator" v="The Mess Hall" />
    <tag k="phone" v="+61 3 9654 9909" />
    <tag k="website" v="http://www.semprepizzamelbourne.com/main.php" />
  </node>
  <node id="2952086033" lat="-37.8120460" lon="144.9712900">
    <tag k="addr:housenumber" v="73-77" />
    <tag k="addr:postcode" v="3000" />
    <tag k="addr:street" v="Bourke Street" />
    <tag k="addr:suburb" v="Melbourne" />
    <tag k="name" v="Marais" />
    <tag k="shop" v="clothes" />
    <tag k="website" v="https://marais.com.au/" />
  </node>
  <node id="3093458829" lat="-37.8124490" lon="144.9725110">
    <tag k="access" v="yes" />
    <tag k="addr:housenumber" v="22" />
    <tag k="addr:street" v="Little Collins Street" />
    <tag k="amenity" v="parking" />
    <tag k="fee" v="yes" />
    <tag k="name" v="Safe City Car Park" />
    <tag k="parking" v="multi-storey" />
    <tag k="phone" v="+61 3 9663 8288" />
  </node>
  <node id="3115634767" lat="-37.8139337" lon="144.9547849" />
  <node id="3167659190" lat="-37.8020165" lon="144.9638955" />
  <node id="3174151367" lat="-37.8020147" lon="144.9638778" />
  <node id="3242452426" lat="-37.8117194" lon="144.9714267">
    <tag k="addr:postcode" v="3000" />
    <tag k="addr:street" v="Bourke Street" />
    <tag k="addr:suburb" v="Melbourne" />
    <tag k="amenity" v="telephone" />
    <tag k="check_date" v="2025-10-03" />
    <tag k="fee" v="no" />
    <tag k="fee:conditional" v="yes @ international" />
    <tag k="indoor" v="no" />
    <tag k="operator" v="Telstra" />
    <tag k="operator:wikidata" v="Q721162" />
    <tag k="payment:coins" v="yes" />
    <tag k="payment:telephone_cards" v="yes" />
    <tag k="ref" v="03963917X2" />
  </node>
  <node id="3317844999" lat="-37.8023578" lon="144.9627926">
    <tag k="amenity" v="bench" />
    <tag k="backrest" v="yes" />
  </node>
  <node id="3317846708" lat="-37.8023394" lon="144.9632575">
    <tag k="amenity" v="bench" />
    <tag k="backrest" v="yes" />
    <tag k="colour" v="gray" />
    <tag k="material" v="metal" />
    <tag k="seats" v="50" />
  </node>
  <node id="3317849601" lat="-37.8030000" lon="144.9628265">
    <tag k="amenity" v="bench" />
    <tag k="backrest" v="yes" />
    <tag k="colour" v="gray" />
    <tag k="material" v="metal" />
    <tag k="seats" v="50" />
  </node>
  <node id="3403193736" lat="-37.8021125" lon="144.9638898">
    <tag k="amenity" v="restaurant" />
    <tag k="cuisine" v="asian" />
    <tag k="name" v="Norsiah's Kitchen" />
  </node>
  <node id="3403193737" lat="-37.8022382" lon="144.9638550">
    <tag k="addr:country" v="AU" />
    <tag k="addr:housenumber" v="604" />
    <tag k="addr:postcode" v="3053" />
    <tag k="addr:state" v="VIC" />
    <tag k="addr:street" v="Swanston Street" />
    <tag k="addr:suburb" v="Carlton" />
    <tag k="addr:unit" v="102D" />
    <tag k="amenity" v="cafe" />
    <tag k="cuisine" v="asian;coffee_shop" />
    <tag k="indoor_seating" v="yes" />
    <tag k="level" v="0" />
    <tag k="name" v="Cotti Coffee" />
    <tag k="opening_hours" v="Mo-Su 07:30-20:30" />
    <tag k="outdoor_seating" v="no" />
    <tag k="takeaway" v="only" />
    <tag k="wheelchair" v="yes" />
  </node>
  <node id="3442391198" lat="-37.8125950" lon="144.9537448">
    <tag k="amenity" v="waste_basket" />
    <tag k="check_date" v="2025-09-10" />
  </node>
  <node id="3442391201" lat="-37.8126690" lon="144.9539030">
    <tag k="information" v="tactile_map" />
    <tag k="tourism" v="information" />
  </node>
  <node id="3442391204" lat="-37.8126457" lon="144.9538908">
    <tag k="amenity" v="waste_basket" />
    <tag k="check_date" v="2025-09-10" />
  </node>
  <node id="3442391205" lat="-37.8126860" lon="144.9534661">
    <tag k="amenity" v="waste_basket" />
    <tag k="check_date" v="2022-11-30" />
  </node>
  <node id="3442409119" lat="-37.8129242" lon="144.9539497">
    <tag k="name" v="Dura-Wear" />
    <tag k="shop" v="clothes" />
  </node>
  <node id="3442409120" lat="-37.8129889" lon="144.9540492">
    <tag k="amenity" v="waste_basket" />
    <tag k="check_date" v="2025-07-16" />
  </node>
  <node id="3442409121" lat="-37.8129756" lon="144.9540401">
    <tag k="amenity" v="bench" />
    <tag k="backrest" v="yes" />
  </node>
  <node id="3924765038" lat="-37.8020505" lon="144.9636805">
    <tag k="name" v="Stop 3: Lincoln Square" />
    <tag k="network" v="PTV - Metropolitan Trams" />
    <tag k="network:wikidata" v="Q7257648" />
    <tag k="operator" v="Keolis Downer" />
    <tag k="operator:wikidata" v="Q6328065" />
    <tag k="public_transport" v="stop_position" />
    <tag k="railway" v="tram_stop" />
    <tag k="ref" v="3" />
    <tag k="route_ref" v="1;3;3a;5;6;16;64;67;72" />
    <tag k="tram" v="yes" />
  </node>
  <node id="3924765039" lat="-37.8025684" lon="144.9636272">
    <tag k="name" v="Stop 3: Lincoln Square" />
    <tag k="network" v="PTV - Metropolitan Trams" />
    <tag k="network:wikidata" v="Q7257648" />
    <tag k="operator" v="Keolis Downer" />
    <tag k="operator:wikidata" v="Q6328065" />
    <tag k="public_transport" v="stop_position" />
    <tag k="railway" v="tram_stop" />
    <tag k="ref" v="3" />
    <tag k="route_ref" v="1;3;3a;5;6;16;64;67;72" />
    <tag k="tram" v="yes" />
  </node>
  <node id="3937113669" lat="-37.8133533" lon="144.9514947">
    <tag k="bench" v="no" />
    <tag k="bin" v="no" />
    <tag k="gtfs:stop_id" v="18190" />
    <tag k="lit" v="yes" />
    <tag k="name" v="Stop 119: La Trobe Street" />
    <tag k="network" v="PTV - Metropolitan Trams" />
    <tag k="operator" v="Yarra Trams" />
    <tag k="public_transport" v="platform" />
    <tag k="ref" v="119" />
    <tag k="route_ref" v="86" />
    <tag k="shelter" v="no" />
    <tag k="tactile_paving" v="no" />
    <tag k="tram" v="yes" />
    <tag k="wheelchair" v="no" />
  </node>
  <node id="3945796017" lat="-37.8148281" lon="144.9521062">
    <tag k="bus" v="yes" />
    <tag k="name" v="Lonsdale Street/Spencer Street" />
    <tag k="network" v="PTV - Metropolitan Buses" />
    <tag k="operator" v="Transdev;Dysons" />
    <tag k="public_transport" v="stop_position" />
  </node>
  <node id="3945796021" lat="-37.8150015" lon="144.9526225">
    <tag k="bus" v="yes" />
    <tag k="name" v="Spencer Street" />
    <tag k="network" v="PTV - Metropolitan Buses" />
    <tag k="operator" v="Transdev;Dysons" />
    <tag k="public_transport" v="stop_position" />
  </node>
  <node id="3945798989" lat="-37.8135423" lon="144.9732247">
    <tag k="name" v="Stop 8: Spring Street" />
    <tag k="network" v="PTV - Metropolitan Trams" />
    <tag k="network:wikidata" v="Q7257648" />
    <tag k="operator" v="Keolis Downer" />
    <tag k="operator:wikidata" v="Q6328065" />
    <tag k="public_transport" v="stop_position" />
    <tag k="railway" v="tram_stop" />
    <tag k="ref" v="8" />
    <tag k="tram" v="yes" />
  </node>
  <node id="3945798998" lat="-37.8115288" lon="144.9723769">
    <tag k="name" v="Stop 9: Spring Street" />
    <tag k="network" v="PTV - Metropolitan Trams" />
    <tag k="network:wikidata" v="Q7257648" />
    <tag k="operator" v="Keolis Downer" />
    <tag k="operator:wikidata" v="Q6328065" />
    <tag k="public_transport" v="stop_position" />
    <tag k="railway" v="tram_stop" />
    <tag k="ref" v="9" />
    <tag k="tram" v="yes" />
  </node>
  <node id="3945798999" lat="-37.8115209" lon="144.9725097">
    <tag k="name" v="Stop 9: Spring Street" />
    <tag k="network" v="PTV - Metropolitan Trams" />
    <tag k="network:wikidata" v="Q7257648" />
    <tag k="operator" v="Keolis Downer" />
    <tag k="operator:wikidata" v="Q6328065" />
    <tag k="public_transport" v="stop_position" />
    <tag k="railway" v="tram_stop" />
    <tag k="ref" v="9" />
    <tag k="tram" v="yes" />
  </node>
  <node id="4064393996" lat="-37.7937471" lon="144.9404344" />
  <node id="4330940937" lat="-37.7982692" lon="144.9422453" />
  <node id="4330940938" lat="-37.7979485" lon="144.9419010" />
  <node id="4418536073" lat="-37.8020917" lon="144.9635144" />
  <node id="4418536082" lat="-37.8027254" lon="144.9634072" />
  <node id="4418536084" lat="-37.8028541" lon="144.9633838" />
  <node id="4427191403" lat="-37.8027048" lon="144.9642262">
    <tag k="addr:housenumber" v="119" />
    <tag k="addr:postcode" v="3053" />
    <tag k="addr:street" v="Pelham Street" />
    <tag k="addr:suburb" v="Carlton" />
    <tag k="air_conditioning" v="yes" />
    <tag k="amenity" v="cafe" />
    <tag k="cuisine" v="coffee_shop" />
    <tag k="level" v="0" />
    <tag k="name" v="Mid Square Coffee" />
    <tag k="opening_hours" v="Mo-Th 07:00-14:30; Fr 07:00-14:00" />
    <tag k="takeaway" v="yes" />
  </node>
  <node id="4531065294" lat="-37.8036779" lon="144.9636571">
    <tag k="air_conditioning" v="yes" />
    <tag k="amenity" v="brothel" />
    <tag k="email" v="info@manhattanterrace.com.au" />
    <tag k="name" v="Manhattan Terrace" />
    <tag k="opening_hours" v="24/7" />
    <tag k="phone" v="+61 3 9347 6000" />
    <tag k="website" v="https://manhattanterrace.com.au" />
    <tag k="wheelchair" v="no" />
  </node>
  <node id="4789290544" lat="-37.8026192" lon="144.9657951">
    <tag k="amenity" v="bench" />
    <tag k="backrest" v="yes" />
  </node>
  <node id="4789290547" lat="-37.8026129" lon="144.9656347">
    <tag k="amenity" v="waste_basket" />
    <tag k="check_date" v="2023-11-02" />
  </node>
  <node id="4789290549" lat="-37.8026280" lon="144.9659346">
    <tag k="amenity" v="bench" />
    <tag k="backrest" v="yes" />
  </node>
  <node id="4789290550" lat="-37.8022120" lon="144.9657592">
    <tag k="amenity" v="bench" />
    <tag k="backrest" v="yes" />
  </node>
  <node id="4789290552" lat="-37.8026295" lon="144.9658503">
    <tag k="amenity" v="waste_basket" />
    <tag k="check_date" v="2023-11-02" />
  </node>
  <node id="4789290556" lat="-37.8026069" lon="144.9656719">
    <tag k="amenity" v="bench" />
    <tag k="backrest" v="yes" />
  </node>
  <node id="4789290558" lat="-37.8022073" lon="144.9657035">
    <tag k="amenity" v="waste_basket" />
    <tag k="check_date" v="2023-10-22" />
  </node>
  <node id="4789296576" lat="-37.8026844" lon="144.9647466">
    <tag k="amenity" v="waste_basket" />
  </node>
  <node id="4789296579" lat="-37.8026584" lon="144.9656526">
    <tag k="amenity" v="drinking_water" />
    <tag k="check_date" v="2023-11-02" />
    <tag k="fountain" v="bubbler" />
  </node>
  <node id="4789296580" lat="-37.8023708" lon="144.9637876">
    <tag k="amenity" v="waste_basket" />
    <tag k="waste" v="trash" />
  </node>
  <node id="4836863824" lat="-37.8135020" lon="144.9727167">
    <tag k="addr:housenumber" v="26" />
    <tag k="addr:postcode" v="3000" />
    <tag k="addr:state" v="VIC" />
    <tag k="addr:street" v="Collins Street" />
    <tag k="addr:suburb" v="Melbourne" />
    <tag k="name" v="Haigh's Chocolates" />
    <tag k="opening_hours" v="Mo-Fr 09:00-18:00; Sa 10:00-18:00; Su 11:00-15:00" />
    <tag k="shop" v="chocolate" />
    <tag k="website" v="https://www.haighschocolates.com.au/" />
  </node>
  <node id="4914753534" lat="-37.8119139" lon="144.9708020">
    <tag k="amenity" v="drinking_water" />
    <tag k="check_date" v="2023-06-30" />
    <tag k="fountain" v="bubbler" />
  </node>
  <node id="5002594934" lat="-37.8119053" lon="144.9522492" />
  <node id="5002594937" lat="-37.8119211" lon="144.9522565" />
  <node id="5002594938" lat="-37.8119873" lon="144.9522871" />
  <node id="5002594941" lat="-37.8120238" lon="144.9523039" />
  <node id="5002594942" lat="-37.8120882" lon="144.9523337" />
  <node id="5002594945" lat="-37.8121247" lon="144.9523505" />
  <node id="5002594946" lat="-37.8121894" lon="144.9523804" />
  <node id="5002594949" lat="-37.8122096" lon="144.9523897" />
  <node id="5002594950" lat="-37.8122432" lon="144.9524053" />
  <node id="5002594973" lat="-37.8118785" lon="144.9522368" />
  <node id="5002595014" lat="-37.8125142" lon="144.9525304" />
  <node id="5002595019" lat="-37.8122698" lon="144.9524175" />
  <node id="5002595022" lat="-37.8126496" lon="144.9527667" />
  <node id="5002595025" lat="-37.8125484" lon="144.9531176" />
  <node id="5002595026" lat="-37.8123731" lon="144.9532015" />
  <node id="5002595031" lat="-37.8125584" lon="144.9525509" />
  <node id="5002595032" lat="-37.8122687" lon="144.9531533" />
  <node id="5002595043" lat="-37.8120394" lon="144.9530474" />
  <node id="5002595044" lat="-37.8120045" lon="144.9530313" />
  <node id="5002595066" lat="-37.8116985" lon="144.9528899" />
  <node id="5002595068" lat="-37.8116708" lon="144.9527928" />
  <node id="5002595069" lat="-37.8126938" lon="144.9526134" />
  <node id="5002595070" lat="-37.8118367" lon="144.9522175" />
  <node id="5002595071" lat="-37.8116493" lon="144.9528672" />
  <node id="5002595073" lat="-37.8123217" lon="144.9531778" />
  <node id="5002595074" lat="-37.8125065" lon="144.9532631" />
  <node id="5002595124" lat="-37.8122110" lon="144.9531266" />
  <node id="5002595132" lat="-37.8118673" lon="144.9529678" />
  <node id="5002595133" lat="-37.8120838" lon="144.9530679" />
  <node id="5164666844" lat="-37.8138514" lon="144.9712649">
    <tag k="amenity" v="telephone" />
    <tag k="check_date" v="2026-01-13" />
    <tag k="internet_access" v="wlan" />
    <tag k="internet_access:ssid" v="Telstra Air" />
    <tag k="operator" v="Telstra" />
    <tag k="operator:wikidata" v="Q721162" />
    <tag k="wheelchair" v="yes" />
  </node>
  <node id="5305535824" lat="-37.8131267" lon="144.9716022">
    <tag k="addr:housenumber" v="61" />
    <tag k="addr:street" v="Little Collins Street" />
    <tag k="addr:unit" v="6" />
    <tag k="amenity" v="restaurant" />
    <tag k="name" v="Rare Steakhouse" />
  </node>
  <node id="5583284754" lat="-37.8123218" lon="144.9724243">
    <tag k="amenity" v="bar" />
    <tag k="name" v="Lily Blacks" />
  </node>
  <node id="6067566485" lat="-37.8120832" lon="144.9710491">
    <tag k="addr:housenumber" v="79" />
    <tag k="addr:street" v="Bourke Street" />
    <tag k="amenity" v="bar" />
    <tag k="name" v="Good Heavens Rooftop" />
    <tag k="opening_hours" v="Su-We 12:00-23:00; Th-Sa 12:00-01:00" />
    <tag k="phone" v="+61 3 9453 2882" />
    <tag k="website" v="https://www.goodheavens.com.au/" />
  </node>
  <node id="6127343689" lat="-37.8030532" lon="144.9656590">
    <tag k="amenity" v="bench" />
    <tag k="backrest" v="yes" />
  </node>
  <node id="6127343690" lat="-37.8027539" lon="144.9654451">
    <tag k="amenity" v="bench" />
    <tag k="backrest" v="yes" />
  </node>
  <node id="6127343691" lat="-37.8031743" lon="144.9653129">
    <tag k="amenity" v="waste_basket" />
    <tag k="check_date" v="2025-07-21" />
  </node>
  <node id="6127343692" lat="-37.8032173" lon="144.9653922">
    <tag k="amenity" v="bench" />
    <tag k="backrest" v="yes" />
  </node>
  <node id="6138135264" lat="-37.8125866" lon="144.9730255">
    <tag k="amenity" v="cafe" />
    <tag k="name" v="Coffee Exchange" />
  </node>
  <node id="6138135266" lat="-37.8124294" lon="144.9732613">
    <tag k="amenity" v="bicycle_parking" />
    <tag k="bicycle_parking" v="stands" />
    <tag k="capacity" v="6" />
    <tag k="covered" v="no" />
    <tag k="fee" v="no" />
  </node>
  <node id="6138135274" lat="-37.8133998" lon="144.9730425">
    <tag k="addr:housenumber" v="18" />
    <tag k="addr:postcode" v="3000" />
    <tag k="addr:state" v="VIC" />
    <tag k="addr:street" v="Collins Street" />
    <tag k="addr:suburb" v="Melbourne" />
    <tag k="amenity" v="pharmacy" />
    <tag k="check_date" v="2026-08-29" />
    <tag k="drive_through" v="no" />
    <tag k="healthcare" v="pharmacy" />
    <tag k="name" v="Treasury Pharmacy" />
    <tag k="opening_hours" v="Mo-Fr 08:00-18:00" />
    <tag k="website" v="https://www.treasurypharmacy.com.au/" />
    <tag k="wheelchair" v="yes" />
  </node>
  <node id="6145038455" lat="-37.8132804" lon="144.9517693">
    <tag k="addr:country" v="AU" />
    <tag k="addr:housenumber" v="585" />
    <tag k="addr:postcode" v="3000" />
    <tag k="addr:state" v="VIC" />
    <tag k="addr:street" v="La Trobe Street" />
    <tag k="addr:suburb" v="Melbourne" />
    <tag k="amenity" v="restaurant" />
    <tag k="cuisine" v="italian" />
    <tag k="email" v="info@fogliadifico.com" />
    <tag k="name" v="Foglia di Fico" />
    <tag k="operator" v="Jerry" />
    <tag k="phone" v="+61 3 9642 4394" />
    <tag k="smoking" v="no" />
    <tag k="takeaway" v="no" />
  </node>
  <node id="6175856174" lat="-37.7925604" lon="144.9420495" />
  <node id="6175856175" lat="-37.7941988" lon="144.9417599" />
  <node id="6175856176" lat="-37.7956252" lon="144.9415077" />
  <node id="6175856177" lat="-37.7956358" lon="144.9414836" />
  <node id="6175856178" lat="-37.7953521" lon="144.9389975" />
  <node id="6175856179" lat="-37.7953494" lon="144.9389902" />
  <node id="6175856180" lat="-37.7947456" lon="144.9390964" />
  <node id="6175866920" lat="-37.7956666" lon="144.9418237" />
  <node id="6175866921" lat="-37.7959093" lon="144.9439454" />
  <node id="6175866922" lat="-37.7959951" lon="144.9445623" />
  <node id="6175866923" lat="-37.7949841" lon="144.9447420" />
  <node id="6175866924" lat="-37.7946715" lon="144.9419780" />
  <node id="6175866929" lat="-37.7959898" lon="144.9421765" />
  <node id="6175866930" lat="-37.7961032" lon="144.9432453" />
  <node id="6175866931" lat="-37.7961619" lon="144.9437582" />
  <node id="6175866932" lat="-37.7968582" lon="144.9444147" />
  <node id="6175866933" lat="-37.7978454" lon="144.9442391" />
  <node id="6175866934" lat="-37.7978496" lon="144.9442122" />
  <node id="6315164385" lat="-37.8128670" lon="144.9537495">
    <tag k="addr:housenumber" v="555" />
    <tag k="addr:postcode" v="3000" />
    <tag k="addr:street" v="La Trobe Street" />
    <tag k="amenity" v="college" />
    <tag k="check_date" v="2026-02-18" />
    <tag k="name" v="William Angliss Institute" />
    <tag k="website" v="https://www.angliss.edu.au" />
  </node>
  <node id="6693554775" lat="-37.8030974" lon="144.9657109">
    <tag k="amenity" v="bench" />
    <tag k="backrest" v="yes" />
  </node>
  <node id="6693554776" lat="-37.8031043" lon="144.9657392">
    <tag k="amenity" v="bench" />
    <tag k="backrest" v="yes" />
  </node>
  <node id="6693554777" lat="-37.8031183" lon="144.9658065">
    <tag k="amenity" v="bench" />
    <tag k="backrest" v="yes" />
  </node>
  <node id="6693554778" lat="-37.8031085" lon="144.9658330">
    <tag k="amenity" v="bench" />
    <tag k="backrest" v="yes" />
  </node>
  <node id="6693554779" lat="-37.8029757" lon="144.9658312">
    <tag k="amenity" v="bench" />
    <tag k="backrest" v="yes" />
  </node>
  <node id="6693554780" lat="-37.8029883" lon="144.9658542">
    <tag k="amenity" v="bench" />
    <tag k="backrest" v="yes" />
  </node>
  <node id="6693554781" lat="-37.8029673" lon="144.9657640">
    <tag k="amenity" v="bench" />
    <tag k="backrest" v="yes" />
  </node>
  <node id="6693554782" lat="-37.8029715" lon="144.9657357">
    <tag k="amenity" v="bench" />
    <tag k="backrest" v="yes" />
  </node>
  <node id="6696049254" lat="-37.7967799" lon="144.9440586" />
  <node id="6696049256" lat="-37.7966987" lon="144.9438720" />
  <node id="6696049264" lat="-37.7949262" lon="144.9417813" />
  <node id="6696049265" lat="-37.7949309" lon="144.9418242" />
  <node id="6696049266" lat="-37.7946344" lon="144.9418755" />
  <node id="6696049267" lat="-37.7946298" lon="144.9418326" />
  <node id="6696049271" lat="-37.7944149" lon="144.9418702" />
  <node id="6696049272" lat="-37.7944198" lon="144.9419161" />
  <node id="6696049273" lat="-37.7940704" lon="144.9419753" />
  <node id="6696049274" lat="-37.7940655" lon="144.9419293" />
  <node id="6810273060" lat="-37.8115800" lon="144.9727369">
    <tag k="board_type" v="history" />
    <tag k="check_date" v="2025-10-03" />
    <tag k="information" v="board" />
    <tag k="tourism" v="information" />
  </node>
  <node id="6810299150" lat="-37.8134408" lon="144.9724952">
    <tag k="amenity" v="university" />
    <tag k="check_date" v="2024-09-21" />
    <tag k="name" v="Monash University - City Campus" />
  </node>
  <node id="6822003753" lat="-37.8139887" lon="144.9720325">
    <tag k="amenity" v="bicycle_parking" />
    <tag k="bicycle_parking" v="stands" />
    <tag k="capacity" v="10" />
    <tag k="covered" v="no" />
  </node>
  <node id="6822003757" lat="-37.8139199" lon="144.9722210">
    <tag k="amenity" v="telephone" />
    <tag k="check_date" v="2024-03-19" />
  </node>
  <node id="6822003760" lat="-37.8138676" lon="144.9718175">
    <tag k="amenity" v="waste_basket" />
    <tag k="check_date" v="2026-01-17" />
  </node>
  <node id="6822003762" lat="-37.8138911" lon="144.9717293">
    <tag k="amenity" v="bench" />
    <tag k="backrest" v="no" />
    <tag k="check_date" v="2026-01-17" />
  </node>
  <node id="6822003769" lat="-37.8139059" lon="144.9723015">
    <tag k="amenity" v="bench" />
    <tag k="backrest" v="no" />
    <tag k="check_date" v="2026-03-01" />
  </node>
  <node id="6822003771" lat="-37.8140322" lon="144.9718385">
    <tag k="amenity" v="bench" />
    <tag k="backrest" v="no" />
    <tag k="check_date" v="2026-01-17" />
  </node>
  <node id="6822003774" lat="-37.8140191" lon="144.9718925">
    <tag k="amenity" v="bicycle_parking" />
    <tag k="bicycle_parking" v="stands" />
    <tag k="capacity" v="4" />
    <tag k="covered" v="no" />
  </node>
  <node id="6822023386" lat="-37.8140026" lon="144.9719752">
    <tag k="amenity" v="waste_basket" />
    <tag k="check_date" v="2026-01-17" />
  </node>
  <node id="6847250585" lat="-37.8121696" lon="144.9723217">
    <tag k="amenity" v="restaurant" />
    <tag k="cuisine" v="pizza" />
    <tag k="name" v="Pizza Pizza Pizza" />
  </node>
  <node id="6910673138" lat="-37.8139306" lon="144.9554095" />
  <node id="6910673140" lat="-37.8138096" lon="144.9552118" />
  <node id="6910673143" lat="-37.8139671" lon="144.9554262" />
  <node id="6910691584" lat="-37.8138528" lon="144.9550634" />
  <node id="6988629737" lat="-37.8019177" lon="144.9633477">
    <tag k="amenity" v="waste_basket" />
  </node>
  <node id="7147692503" lat="-37.8023141" lon="144.9629705">
    <tag k="amenity" v="bench" />
    <tag k="backrest" v="yes" />
  </node>
  <node id="7147692506" lat="-37.8025178" lon="144.9629327">
    <tag k="amenity" v="bench" />
    <tag k="backrest" v="yes" />
  </node>
  <node id="7796746922" lat="-37.7990014" lon="144.9430454" />
  <node id="8481238547" lat="-37.8024410" lon="144.9658885">
    <tag k="amenity" v="clock" />
    <tag k="check_date" v="2025-07-21" />
    <tag k="display" v="sundial" />
    <tag k="support" v="ground" />
  </node>
  <node id="8772197986" lat="-37.8020384" lon="144.9641057" />
  <node id="8973155325" lat="-37.7980819" lon="144.9440895" />
  <node id="8973155326" lat="-37.7982860" lon="144.9440895" />
  <node id="9366603765" lat="-37.8028396" lon="144.9632565" />
  <node id="9366603766" lat="-37.8027109" lon="144.9632799" />
  <node id="9366603770" lat="-37.8022038" lon="144.9633539" />
  <node id="9366603772" lat="-37.8022190" lon="144.9634925" />
  <node id="9366603780" lat="-37.8020747" lon="144.9635176" />
  <node id="9366603781" lat="-37.8020576" lon="144.9633802" />
  <node id="9366603816" lat="-37.8024197" lon="144.9632571">
    <tag k="amenity" v="fountain" />
  </node>
  <node id="9366615917" lat="-37.8024791" lon="144.9632464">
    <tag k="amenity" v="fountain" />
  </node>
  <node id="9454463716" lat="-37.8126601" lon="144.9720083">
    <tag k="addr:housenumber" v="34-60" />
    <tag k="addr:postcode" v="3000" />
    <tag k="addr:state" v="VIC" />
    <tag k="addr:street" v="Little Collins Street" />
    <tag k="addr:suburb" v="Melbourne" />
    <tag k="amenity" v="car_rental" />
    <tag k="brand" v="Enterprise" />
    <tag k="brand:wikidata" v="Q17085454" />
    <tag k="brand:wikipedia" v="en:Enterprise Rent-A-Car" />
    <tag k="name" v="Enterprise" />
    <tag k="official_name" v="Enterprise Rent-A-Car" />
    <tag k="opening_hours" v="Mo-Fr 08:00-16:00; Sa 08:00-12:00" />
    <tag k="operator" v="Enterprise" />
    <tag k="website" v="https://www.enterpriserentacar.com.au/en/car-rental/locations/australia/victoria/melbourne-city-kae2.html" />
  </node>
  <node id="10117539109" lat="-37.8039784" lon="144.9632760">
    <tag k="amenity" v="bicycle_parking" />
    <tag k="bicycle_parking" v="stands" />
    <tag k="capacity" v="4" />
    <tag k="check_date:capacity" v="2025-09-20" />
    <tag k="covered" v="no" />
  </node>
  <node id="10117559994" lat="-37.8026203" lon="144.9634565">
    <tag k="amenity" v="waste_basket" />
  </node>
  <node id="10117559995" lat="-37.8018403" lon="144.9635665">
    <tag k="amenity" v="bench" />
    <tag k="backrest" v="no" />
  </node>
  <node id="10117559996" lat="-37.8033055" lon="144.9632586">
    <tag k="amenity" v="bicycle_parking" />
    <tag k="bicycle_parking" v="stands" />
    <tag k="capacity" v="12" />
    <tag k="check_date:capacity" v="2025-09-17" />
    <tag k="covered" v="no" />
  </node>
  <node id="10117559997" lat="-37.8017835" lon="144.9634993">
    <tag k="amenity" v="bench" />
    <tag k="backrest" v="no" />
  </node>
  <node id="10203070317" lat="-37.7936314" lon="144.9392899" />
  <node id="10203070321" lat="-37.7923843" lon="144.9406797" />
  <node id="10241799109" lat="-37.8121675" lon="144.9720579">
    <tag k="addr:housenumber" v="19" />
    <tag k="addr:postcode" v="3000" />
    <tag k="addr:street" v="Meyers Place" />
    <tag k="addr:unit" v="1" />
    <tag k="amenity" v="theatre" />
    <tag k="email" v="contact@improvconspiracy.com" />
    <tag k="name" v="The Improv Conspiracy" />
    <tag k="opening_hours" v="Th 19:00-21:00" />
    <tag k="website" v="https://improvconspiracy.com/" />
  </node>
  <node id="10252904149" lat="-37.8139284" lon="144.9543001">
    <tag k="addr:housenumber" v="269" />
    <tag k="addr:street" v="King Street" />
    <tag k="addr:unit" v="1 Level" />
    <tag k="name" v="Blah Blah Blah Tattoo" />
    <tag k="phone" v="+61 481 277 069" />
    <tag k="shop" v="tattoo" />
  </node>
  <node id="10302027885" lat="-37.7947212" lon="144.9416771">
    <tag k="amenity" v="bench" />
    <tag k="backrest" v="yes" />
  </node>
  <node id="10302027889" lat="-37.7947942" lon="144.9415816">
    <tag k="amenity" v="restaurant" />
    <tag k="name" v="Melrose Take Away" />
  </node>
  <node id="10302027890" lat="-37.7947155" lon="144.9415883">
    <tag k="name" v="Melrose Convenience Store" />
    <tag k="opening_hours" v="Mo-Fr 08:00-17:00; Sa 09:00-15:00; Su off" />
    <tag k="shop" v="tobacco" />
  </node>
  <node id="10302027891" lat="-37.7953321" lon="144.9414689">
    <tag k="amenity" v="restaurant" />
    <tag k="cuisine" v="pizza" />
    <tag k="name" v="Melrose Place NM" />
    <tag k="opening_hours" v="Tu-Fr 15:00-21:00; Sa,Su 12:00-21:00" />
  </node>
  <node id="10302027893" lat="-37.7948464" lon="144.9415679">
    <tag k="name" v="Tiem Tap Hoa Asian Grocer" />
    <tag k="shop" v="supermarket" />
  </node>
  <node id="10302027895" lat="-37.7950679" lon="144.9408692">
    <tag k="amenity" v="waste_basket" />
  </node>
  <node id="10302027902" lat="-37.7950505" lon="144.9409099">
    <tag k="amenity" v="bench" />
  </node>
  <node id="10302027905" lat="-37.7953650" lon="144.9415768">
    <tag k="amenity" v="bench" />
    <tag k="backrest" v="yes" />
  </node>
  <node id="10302027906" lat="-37.7950561" lon="144.9415899">
    <tag k="amenity" v="waste_basket" />
  </node>
  <node id="10302048510" lat="-37.7947232" lon="144.9416538">
    <tag k="amenity" v="waste_basket" />
  </node>
  <node id="10302048512" lat="-37.7952783" lon="144.9414855">
    <tag k="amenity" v="restaurant" />
    <tag k="name" v="Mr Tucker" />
  </node>
  <node id="10302048513" lat="-37.7951703" lon="144.9415126">
    <tag k="amenity" v="restaurant" />
    <tag k="name" v="Twang Brewing" />
  </node>
  <node id="10302048515" lat="-37.7949247" lon="144.9415662">
    <tag k="amenity" v="restaurant" />
    <tag k="name" v="Melrose Kebap" />
    <tag k="opening_hours" v="Mo-Fr 08:00-15:00; Sa 17:00-21:00; Su off" />
  </node>
  <node id="10302048517" lat="-37.7942211" lon="144.9417846">
    <tag k="amenity" v="bench" />
    <tag k="backrest" v="yes" />
  </node>
  <node id="10302048518" lat="-37.7953534" lon="144.9415586">
    <tag k="amenity" v="bench" />
    <tag k="backrest" v="yes" />
  </node>
  <node id="10575862603" lat="-37.8148540" lon="144.9541007">
    <tag k="amenity" v="restaurant" />
    <tag k="cuisine" v="japanese" />
    <tag k="level" v="0" />
    <tag k="name" v="Onsen Domburi" />
    <tag k="takeaway" v="yes" />
  </node>
  <node id="10575862605" lat="-37.8148888" lon="144.9539312">
    <tag k="addr:housenumber" v="34" />
    <tag k="addr:postcode" v="3000" />
    <tag k="addr:state" v="VIC" />
    <tag k="addr:street" v="Rose Lane" />
    <tag k="addr:suburb" v="Melbourne" />
    <tag k="amenity" v="restaurant" />
    <tag k="cuisine" v="korean" />
    <tag k="name" v="I Love Chicken" />
    <tag k="opening_hours" v="Mo-Su 12:00-04:00" />
    <tag k="takeaway" v="yes" />
    <tag k="wheelchair" v="yes" />
  </node>
  <node id="10575891366" lat="-37.8149639" lon="144.9535724">
    <tag k="air_conditioning" v="yes" />
    <tag k="amenity" v="restaurant" />
    <tag k="indoor_seating" v="yes" />
    <tag k="level" v="0" />
    <tag k="name" v="My Goodness Bar &amp; Eatery" />
    <tag k="outdoor_seating" v="yes" />
    <tag k="takeaway" v="yes" />
    <tag k="toilets" v="yes" />
    <tag k="toilets:wheelchair" v="yes" />
    <tag k="wheelchair" v="limited" />
  </node>
  <node id="10746359106" lat="-37.8032455" lon="144.9628520">
    <tag k="addr:housenumber" v="15-17" />
    <tag k="addr:street" v="Lincoln Square South" />
    <tag k="name" v="Hareruya Pantry" />
    <tag k="name:en" v="Hareruya Pantry" />
    <tag k="opening_hours" v="Mo-Su 10:30-22:30" />
    <tag k="shop" v="confectionery" />
    <tag k="website" v="https://hareruya.com.au/" />
  </node>
  <node id="10988836729" lat="-37.8125802" lon="144.9705347">
    <tag k="amenity" v="cafe" />
    <tag k="check_date:opening_hours" v="2024-09-25" />
    <tag k="name" v="Bloomwood" />
    <tag k="opening_hours:signed" v="no" />
  </node>
  <node id="11011334661" lat="-37.8126014" lon="144.9729723">
    <tag k="amenity" v="cafe" />
    <tag k="name" v="Warkop" />
  </node>
  <node id="11055780107" lat="-37.8133026" lon="144.9705113">
    <tag k="addr:housenumber" v="95" />
    <tag k="addr:state" v="VIC" />
    <tag k="addr:street" v="Little Collins Street" />
    <tag k="addr:suburb" v="Melbourne" />
    <tag k="amenity" v="cafe" />
    <tag k="name" v="Maverick" />
    <tag k="website" v="https://www.eatdrinkmaverick.com.au/" />
  </node>
  <node id="11104063521" lat="-37.8028776" lon="144.9631693">
    <tag k="amenity" v="waste_basket" />
  </node>
  <node id="11104063522" lat="-37.8026748" lon="144.9628493">
    <tag k="amenity" v="bench" />
    <tag k="backrest" v="yes" />
    <tag k="material" v="wood" />
  </node>
  <node id="11104063523" lat="-37.8028997" lon="144.9631699">
    <tag k="amenity" v="recycling" />
    <tag k="recycling:cans" v="yes" />
    <tag k="recycling:glass_bottles" v="yes" />
    <tag k="recycling:plastic" v="no" />
    <tag k="recycling:plastic_packaging" v="yes" />
    <tag k="recycling_type" v="container" />
  </node>
  <node id="11135582559" lat="-37.8128615" lon="144.9716343">
    <tag k="amenity" v="bicycle_parking" />
    <tag k="bicycle_parking" v="stands" />
    <tag k="capacity" v="2" />
    <tag k="covered" v="no" />
  </node>
  <node id="11135582560" lat="-37.8127246" lon="144.9724767">
    <tag k="amenity" v="bar" />
    <tag k="level" v="0" />
    <tag k="name" v="Bar Lourinha" />
    <tag k="wheelchair" v="yes" />
  </node>
  <node id="11135582561" lat="-37.8130242" lon="144.9712289">
    <tag k="amenity" v="bicycle_parking" />
    <tag k="bicycle_parking" v="stands" />
    <tag k="capacity" v="4" />
    <tag k="covered" v="no" />
  </node>
  <node id="11135582563" lat="-37.8127475" lon="144.9723563">
    <tag k="amenity" v="restaurant" />
    <tag k="cuisine" v="italian" />
    <tag k="level" v="0" />
    <tag k="name" v="Lupino" />
    <tag k="outdoor_seating" v="yes" />
    <tag k="wheelchair" v="yes" />
  </node>
  <node id="11135582564" lat="-37.8125388" lon="144.9731888">
    <tag k="amenity" v="restaurant" />
    <tag k="cuisine" v="japanese" />
    <tag k="name" v="Onigiri Kitchen And Sake Bar" />
  </node>
  <node id="11135582565" lat="-37.8127903" lon="144.9718890">
    <tag k="amenity" v="bicycle_parking" />
    <tag k="bicycle_parking" v="stands" />
    <tag k="capacity" v="4" />
  </node>
  <node id="11135582566" lat="-37.8128781" lon="144.9717353">
    <tag k="amenity" v="waste_basket" />
  </node>
  <node id="11135582568" lat="-37.8129964" lon="144.9715735">
    <tag k="addr:housenumber" v="61" />
    <tag k="addr:postcode" v="3000" />
    <tag k="addr:state" v="VIC" />
    <tag k="addr:street" v="Little Collins Street" />
    <tag k="addr:suburb" v="Melbourne" />
    <tag k="addr:unit" v="4" />
    <tag k="level" v="0" />
    <tag k="name" v="N Lee Bakery" />
    <tag k="shop" v="bakery" />
    <tag k="wheelchair" v="yes" />
  </node>
  <node id="11135649011" lat="-37.8132581" lon="144.9709854">
    <tag k="amenity" v="bicycle_parking" />
    <tag k="bicycle_parking" v="stands" />
    <tag k="capacity" v="2" />
    <tag k="check_date:capacity" v="2026-01-13" />
    <tag k="covered" v="no" />
  </node>
  <node id="11135649013" lat="-37.8136091" lon="144.9707105">
    <tag k="addr:housenumber" v="7" />
    <tag k="addr:state" v="VIC" />
    <tag k="addr:street" v="Benson Walk" />
    <tag k="addr:suburb" v="Melbourne" />
    <tag k="amenity" v="cafe" />
    <tag k="level" v="0" />
    <tag k="name" v="People's Coffee" />
    <tag k="opening_hours" v="Mo-Fr 07:00-16:00; Sa-Su closed; PH closed" />
    <tag k="outdoor_seating" v="yes" />
    <tag k="takeaway" v="yes" />
    <tag k="website" v="https://peoplescoffee.com.au/" />
    <tag k="wheelchair" v="yes" />
  </node>
  <node id="11135649021" lat="-37.8132185" lon="144.9705966">
    <tag k="amenity" v="bicycle_parking" />
    <tag k="bicycle_parking" v="stands" />
    <tag k="capacity" v="4" />
    <tag k="covered" v="no" />
  </node>
  <node id="11135649023" lat="-37.8132720" lon="144.9704117">
    <tag k="amenity" v="bicycle_parking" />
    <tag k="bicycle_parking" v="stands" />
    <tag k="capacity" v="12" />
    <tag k="covered" v="no" />
  </node>
  <node id="11135649025" lat="-37.8132180" lon="144.9708604">
    <tag k="addr:housenumber" v="80" />
    <tag k="addr:state" v="VIC" />
    <tag k="addr:street" v="Collins Street" />
    <tag k="addr:suburb" v="Melbourne" />
    <tag k="check_date" v="2026-06-05" />
    <tag k="name" v="Above the Clouds" />
    <tag k="shop" v="clothes" />
    <tag k="website" v="https://www.abovethecloudsstore.com/" />
  </node>
  <node id="11135649026" lat="-37.8131596" lon="144.9708023">
    <tag k="amenity" v="bench" />
    <tag k="backrest" v="yes" />
    <tag k="material" v="metal" />
  </node>
  <node id="11135649030" lat="-37.8130840" lon="144.9704977">
    <tag k="brand" v="Warhammer" />
    <tag k="brand:wikidata" v="Q136613133" />
    <tag k="level" v="0" />
    <tag k="name" v="Warhammer" />
    <tag k="opening_hours" v="Mo-Su 10:00-14:00,14:30-18:00" />
    <tag k="shop" v="games" />
    <tag k="wheelchair" v="yes" />
  </node>
  <node id="11135649038" lat="-37.8131185" lon="144.9703594">
    <tag k="beauty" v="hair_removal;skin_care" />
    <tag k="name" v="The Skin Boutique" />
    <tag k="shop" v="beauty" />
    <tag k="wheelchair" v="yes" />
  </node>
  <node id="11135649041" lat="-37.8133463" lon="144.9710233">
    <tag k="amenity" v="bicycle_parking" />
    <tag k="bicycle_parking" v="stands" />
    <tag k="capacity" v="2" />
    <tag k="check_date:capacity" v="2026-01-13" />
    <tag k="covered" v="no" />
  </node>
  <node id="11135649042" lat="-37.8130896" lon="144.9707792">
    <tag k="amenity" v="bicycle_parking" />
    <tag k="bicycle_parking" v="stands" />
    <tag k="capacity" v="12" />
    <tag k="check_date:capacity" v="2025-10-08" />
    <tag k="covered" v="no" />
  </node>
  <node id="11135649043" lat="-37.8131874" lon="144.9710810">
    <tag k="access" v="yes" />
    <tag k="amenity" v="motorcycle_parking" />
    <tag k="capacity" v="7" />
    <tag k="covered" v="no" />
    <tag k="parking" v="street_side" />
  </node>
  <node id="11233007972" lat="-37.8135401" lon="144.9710121">
    <tag k="addr:housenumber" v="95" />
    <tag k="addr:postcode" v="3000" />
    <tag k="addr:state" v="VIC" />
    <tag k="addr:street" v="Exhibition Street" />
    <tag k="addr:suburb" v="Melbourne" />
    <tag k="amenity" v="restaurant" />
    <tag k="drink:coffee" v="yes" />
    <tag k="name" v="Farmer's Daughters" />
    <tag k="opening_hours" v="Mo-Su 11:30-00:00" />
    <tag k="phone" v="+61 3 9116 8682" />
    <tag k="website" v="https://www.farmersdaughters.com.au/" />
  </node>
  <node id="11249223551" lat="-37.8118381" lon="144.9706855">
    <tag k="addr:street" v="Bourke Street" />
    <tag k="addr:suburb" v="Melbourne" />
    <tag k="name" v="Original &amp; Authentic Aboriginal Art" />
    <tag k="opening_hours" v="Mo-Fr 10:00-18:00; Su 10:00-17:00" />
    <tag k="shop" v="art" />
  </node>
  <node id="11279549573" lat="-37.8013733" lon="144.9647503" />
  <node id="11279549607" lat="-37.8013550" lon="144.9645745" />
  <node id="11384916546" lat="-37.8015485" lon="144.9645423" />
  <node id="11384916547" lat="-37.8013829" lon="144.9648425" />
  <node id="11384916548" lat="-37.8021026" lon="144.9647225" />
  <node id="11384916549" lat="-37.8014885" lon="144.9639655" />
  <node id="11384921104" lat="-37.8015165" lon="144.9645476" />
  <node id="11384921127" lat="-37.8020423" lon="144.9641436" />
  <node id="11384921129" lat="-37.8019305" lon="144.9638919" />
  <node id="11418980572" lat="-37.8121002" lon="144.9716377">
    <tag k="amenity" v="parcel_locker" />
    <tag k="brand" v="Australia Post" />
    <tag k="brand:wikidata" v="Q1142936" />
    <tag k="name" v="Australia Post Parcel Locker" />
    <tag k="parcel_mail_in" v="yes" />
    <tag k="parcel_pickup" v="yes" />
    <tag k="wheelchair" v="yes" />
  </node>
  <node id="11481128120" lat="-37.8121028" lon="144.9709760">
    <tag k="name" v="VCT Tobacconist" />
    <tag k="shop" v="tobacco" />
  </node>
  <node id="11659062817" lat="-37.8024049" lon="144.9641798">
    <tag k="addr:country" v="AU" />
    <tag k="addr:housenumber" v="604" />
    <tag k="addr:postcode" v="3053" />
    <tag k="addr:state" v="VIC" />
    <tag k="addr:street" v="Swanston Street" />
    <tag k="addr:suburb" v="Carlton" />
    <tag k="addr:unit" v="104D" />
    <tag k="contact:wechat" v="XDFRESH002" />
    <tag k="level" v="0" />
    <tag k="name" v="XD Fresh" />
    <tag k="opening_hours" v="Mo-Su 00:00-02:00,15:00-24:00" />
    <tag k="shop" v="greengrocer" />
    <tag k="wheelchair" v="yes" />
  </node>
  <node id="11659062818" lat="-37.8023350" lon="144.9638429">
    <tag k="amenity" v="restaurant" />
    <tag k="cuisine" v="vietnamese" />
    <tag k="delivery" v="yes" />
    <tag k="level" v="0" />
    <tag k="name" v="Eat Ngon" />
    <tag k="opening_hours" v="Mo-Sa 11:00-23:30" />
    <tag k="phone" v="+61 3 9077 6790" />
    <tag k="smoking" v="no" />
    <tag k="takeaway" v="yes" />
    <tag k="wheelchair" v="yes" />
  </node>
  <node id="11659062819" lat="-37.8026624" lon="144.9638141">
    <tag k="level" v="0" />
    <tag k="name" v="Yahveh Asian Grocery" />
    <tag k="opening_hours" v="Mo-Fr 11:00-21:30; Sa,Su 12:00-21:00" />
    <tag k="shop" v="convenience" />
    <tag k="wheelchair" v="yes" />
  </node>
  <node id="11881012605" lat="-37.8037215" lon="144.9632169">
    <tag k="addr:housenumber" v="625-629" />
    <tag k="addr:postcode" v="3053" />
    <tag k="addr:state" v="VIC" />
    <tag k="addr:street" v="Swanston Street" />
    <tag k="addr:suburb" v="Carlton" />
    <tag k="name" v="Press &amp; Grocers Co." />
    <tag k="opening_hours" v="Mo-Su 09:00-21:00; Fr,Sa 09:00-23:00" />
    <tag k="payment:american_express" v="yes" />
    <tag k="payment:cash" v="yes" />
    <tag k="payment:debit_cards" v="yes" />
    <tag k="payment:mastercard" v="yes" />
    <tag k="payment:visa" v="yes" />
    <tag k="shop" v="alcohol" />
    <tag k="smoking" v="no" />
    <tag k="wheelchair" v="yes" />
  </node>
  <node id="11881012606" lat="-37.8036251" lon="144.9632324">
    <tag k="addr:housenumber" v="625-629" />
    <tag k="addr:postcode" v="3053" />
    <tag k="addr:state" v="VIC" />
    <tag k="addr:street" v="Swanston Street" />
    <tag k="addr:suburb" v="Carlton" />
    <tag k="air_conditioning" v="yes" />
    <tag k="check_date" v="2024-08-06" />
    <tag k="name" v="Press &amp; Grocers Co." />
    <tag k="opening_hours" v="Mo-Su 06:00-21:00; Fr,Sa 06:00-23:00" />
    <tag k="payment:american_express" v="yes" />
    <tag k="payment:cash" v="yes" />
    <tag k="payment:debit_cards" v="yes" />
    <tag k="payment:mastercard" v="yes" />
    <tag k="payment:visa" v="yes" />
    <tag k="shop" v="convenience" />
    <tag k="smoking" v="no" />
    <tag k="wheelchair" v="yes" />
  </node>
  <node id="11917423307" lat="-37.8125576" lon="144.9709906">
    <tag k="amenity" v="cafe" />
    <tag k="cuisine" v="coffee_shop" />
    <tag k="name" v="Black Velvet Coffee" />
  </node>
  <node id="11957951411" lat="-37.8138524" lon="144.9518666">
    <tag k="amenity" v="bicycle_parking" />
    <tag k="bicycle_parking" v="stands" />
    <tag k="capacity" v="2" />
    <tag k="covered" v="no" />
  </node>
  <node id="11957951414" lat="-37.8140491" lon="144.9519648">
    <tag k="amenity" v="bicycle_parking" />
    <tag k="bicycle_parking" v="stands" />
    <tag k="capacity" v="4" />
    <tag k="covered" v="no" />
  </node>
  <node id="12106039988" lat="-37.8130436" lon="144.9519015">
    <tag k="railway" v="signal" />
    <tag k="railway:signal:direction" v="forward" />
    <tag k="railway:signal:stop" v="AU:LightRail:VIC:provisional" />
    <tag k="railway:signal:stop:form" v="sign" />
  </node>
  <node id="12158928654" lat="-37.8137596" lon="144.9711206">
    <tag k="check_date:opening_hours" v="2024-09-06" />
    <tag k="name" v="Anna Thomas" />
    <tag k="opening_hours:signed" v="no" />
    <tag k="shop" v="clothes" />
  </node>
  <node id="12158995882" lat="-37.8132631" lon="144.9706519">
    <tag k="amenity" v="restaurant" />
    <tag k="name" v="Morena" />
  </node>
  <node id="12159003397" lat="-37.8136428" lon="144.9710711">
    <tag k="check_date:opening_hours" v="2024-09-06" />
    <tag k="name" v="Georg Jensen" />
    <tag k="opening_hours:signed" v="no" />
    <tag k="shop" v="jewelry" />
  </node>
  <node id="12195894459" lat="-37.8127081" lon="144.9706706">
    <tag k="amenity" v="bicycle_parking" />
    <tag k="bicycle_parking" v="stands" />
    <tag k="capacity" v="12" />
    <tag k="covered" v="no" />
  </node>
  <node id="12240857118" lat="-37.8127511" lon="144.9528262">
    <tag k="gtfs:stop_id" v="46864" />
    <tag k="name" v="Stop 1: Spencer Street/La Trobe Street" />
    <tag k="network" v="PTV - Metropolitan Trams" />
    <tag k="network:wikidata" v="Q7257648" />
    <tag k="operator" v="Keolis Downer" />
    <tag k="operator:wikidata" v="Q6328065" />
    <tag k="public_transport" v="stop_position" />
    <tag k="railway" v="tram_stop" />
    <tag k="ref" v="1" />
    <tag k="tram" v="yes" />
  </node>
  <node id="12240857119" lat="-37.8128475" lon="144.9525926">
    <tag k="gtfs:stop_id" v="46863" />
    <tag k="name" v="Stop 1: Spencer Street/La Trobe Street" />
    <tag k="network" v="PTV - Metropolitan Trams" />
    <tag k="network:wikidata" v="Q7257648" />
    <tag k="operator" v="Keolis Downer" />
    <tag k="operator:wikidata" v="Q6328065" />
    <tag k="public_transport" v="stop_position" />
    <tag k="railway" v="tram_stop" />
    <tag k="ref" v="1" />
    <tag k="tram" v="yes" />
  </node>
  <node id="12240857120" lat="-37.8128151" lon="144.9525937">
    <tag k="railway" v="signal" />
    <tag k="railway:signal:direction" v="forward" />
    <tag k="railway:signal:stop" v="AU:LightRail:VIC:single_yellow_half" />
    <tag k="railway:signal:stop:form" v="sign" />
  </node>
  <node id="12360205226" lat="-37.7966315" lon="144.9406988" />
  <node id="12360205227" lat="-37.7968322" lon="144.9409175" />
  <node id="12360205228" lat="-37.7961832" lon="144.9418714" />
  <node id="12360205229" lat="-37.7959824" lon="144.9416526" />
  <node id="12387474643" lat="-37.8124197" lon="144.9729567">
    <tag k="addr:housenumber" v="8" />
    <tag k="addr:postcode" v="3000" />
    <tag k="addr:state" v="VIC" />
    <tag k="addr:street" v="Little Collins Street" />
    <tag k="addr:suburb" v="Melbourne" />
    <tag k="check_date" v="2024-12-01" />
    <tag k="contact:instagram" v="kudobakery" />
    <tag k="email" v="info@kudobakery.com.au" />
    <tag k="name" v="Kudo" />
    <tag k="opening_hours" v="Mo-Fr 08:00-14:30; Sa-Su 09:00-14:30" />
    <tag k="shop" v="bakery" />
    <tag k="website" v="https://kudobakery.com.au/" />
  </node>
  <node id="12387654804" lat="-37.8120990" lon="144.9722961">
    <tag k="addr:housenumber" v="20" />
    <tag k="addr:postcode" v="3000" />
    <tag k="addr:state" v="VIC" />
    <tag k="addr:street" v="Meyers Place" />
    <tag k="addr:suburb" v="Melbourne" />
    <tag k="amenity" v="restaurant" />
    <tag k="cuisine" v="italian" />
    <tag k="name" v="The Waiters Restaurant" />
  </node>
  <node id="12387654805" lat="-37.8122190" lon="144.9723447">
    <tag k="addr:housenumber" v="14" />
    <tag k="addr:postcode" v="3000" />
    <tag k="addr:state" v="VIC" />
    <tag k="addr:street" v="Meyers Place" />
    <tag k="addr:suburb" v="Melbourne" />
    <tag k="amenity" v="restaurant" />
    <tag k="cuisine" v="argentinian" />
    <tag k="name" v="San Telmo" />
  </node>
  <node id="12430098715" lat="-37.8032399" lon="144.9637051">
    <tag k="amenity" v="cafe" />
    <tag k="check_date" v="2024-12-23" />
    <tag k="cuisine" v="bubble_tea" />
    <tag k="level" v="0" />
    <tag k="name" v="Tea Wave" />
    <tag k="opening_hours" v="13:00-22:00" />
    <tag k="outdoor_seating" v="no" />
    <tag k="start_date" v="2024-12-18" />
    <tag k="takeaway" v="yes" />
  </node>
  <node id="12511103679" lat="-37.8136007" lon="144.9543142">
    <tag k="access" v="yes" />
    <tag k="amenity" v="bicycle_parking" />
    <tag k="bicycle_parking" v="stands" />
    <tag k="capacity" v="2" />
    <tag k="covered" v="no" />
  </node>
  <node id="12511103680" lat="-37.8134430" lon="144.9546405">
    <tag k="access" v="yes" />
    <tag k="amenity" v="bicycle_parking" />
    <tag k="bicycle_parking" v="stands" />
    <tag k="capacity" v="8" />
    <tag k="covered" v="no" />
  </node>
  <node id="12511122652" lat="-37.8134914" lon="144.9547627">
    <tag k="amenity" v="restaurant" />
    <tag k="cuisine" v="barbecue;korean" />
    <tag k="name" v="BBQ King" />
  </node>
  <node id="12535367209" lat="-37.8128304" lon="144.9525379">
    <tag k="railway" v="signal" />
    <tag k="railway:signal:direction" v="forward" />
    <tag k="railway:signal:route" v="AU:LightRail:VIC:command_stud_2" />
    <tag k="railway:signal:route:form" v="sign" />
  </node>
  <node id="12882660738" lat="-37.8126687" lon="144.9710474">
    <tag k="addr:housenumber" v="128" />
    <tag k="addr:street" v="Exhibition Street" />
    <tag k="amenity" v="restaurant" />
    <tag k="check_date" v="2025-06-03" />
    <tag k="name" v="Antara" />
    <tag k="wheelchair" v="yes" />
  </node>
  <node id="12905442701" lat="-37.8136851" lon="144.9708984">
    <tag k="addr:housenumber" v="80" />
    <tag k="addr:postcode" v="3000" />
    <tag k="addr:street" v="Collins Street" />
    <tag k="amenity" v="restaurant" />
    <tag k="check_date" v="2026-06-05" />
    <tag k="cuisine" v="japanese" />
    <tag k="name" v="Yakimono" />
    <tag k="website" v="https://yakimono.com.au/" />
  </node>
  <node id="13003369405" lat="-37.8127226" lon="144.9735412">
    <tag k="bench" v="no" />
    <tag k="bin" v="no" />
    <tag k="bus" v="yes" />
    <tag k="highway" v="bus_stop" />
    <tag k="name" v="Parliament Station rail replacement stop" />
    <tag k="public_transport" v="platform" />
    <tag k="shelter" v="no" />
    <tag k="tactile_paving" v="no" />
  </node>
  <node id="13011116518" lat="-37.8040640" lon="144.9636479">
    <tag k="addr:housenumber" v="538-540" />
    <tag k="addr:postcode" v="3053" />
    <tag k="addr:street" v="Swanston Street" />
    <tag k="addr:suburb" v="Carlton" />
    <tag k="amenity" v="doctors" />
    <tag k="building" v="yes" />
    <tag k="email" v="admin@primecare.au" />
    <tag k="healthcare" v="doctor" />
    <tag k="name" v="PrimeCare Medical" />
    <tag k="opening_hours" v="Mo-Sa 09:30-17:30" />
    <tag k="phone" v="+61 3 8820 1788" />
    <tag k="website" v="https://primecare.au/" />
  </node>
  <node id="13014744367" lat="-37.8030789" lon="144.9652077">
    <tag k="amenity" v="bench" />
    <tag k="backrest" v="yes" />
  </node>
  <node id="13014787832" lat="-37.8029079" lon="144.9655879">
    <tag k="amenity" v="bench" />
    <tag k="backrest" v="yes" />
  </node>
  <node id="13014808072" lat="-37.8026323" lon="144.9652416">
    <tag k="amenity" v="waste_basket" />
  </node>
  <node id="13014808797" lat="-37.8032796" lon="144.9654127">
    <tag k="amenity" v="bench" />
    <tag k="backrest" v="yes" />
  </node>
  <node id="13014813342" lat="-37.8031686" lon="144.9653293">
    <tag k="amenity" v="recycling" />
    <tag k="recycling_type" v="container" />
  </node>
  <node id="13014814780" lat="-37.8028663" lon="144.9658053">
    <tag k="amenity" v="waste_basket" />
  </node>
  <node id="13014821116" lat="-37.8028666" lon="144.9652511">
    <tag k="amenity" v="bench" />
    <tag k="backrest" v="yes" />
  </node>
  <node id="13014821922" lat="-37.8030938" lon="144.9655835">
    <tag k="amenity" v="bench" />
    <tag k="backrest" v="yes" />
  </node>
  <node id="13028178717" lat="-37.8121163" lon="144.9711183">
    <tag k="addr:housenumber" v="79" />
    <tag k="addr:street" v="Bourke Street" />
    <tag k="addr:unit" v="1" />
    <tag k="amenity" v="restaurant" />
    <tag k="cuisine" v="barbecue" />
    <tag k="name" v="Fancy Hank's Barbecue Restaurant" />
    <tag k="opening_hours" v="Mo-Su 12:00-22:00" />
    <tag k="phone" v="+61 3 9453 2882" />
    <tag k="website" v="https://fancyhanks.com/" />
  </node>
  <node id="13132207091" lat="-37.8130409" lon="144.9522573">
    <tag k="amenity" v="telephone" />
  </node>
  <node id="13132267231" lat="-37.8129083" lon="144.9527430">
    <tag k="amenity" v="bicycle_parking" />
    <tag k="bicycle_parking" v="stands" />
    <tag k="capacity" v="2" />
    <tag k="covered" v="no" />
  </node>
  <node id="13132268403" lat="-37.8127183" lon="144.9533613">
    <tag k="amenity" v="bicycle_parking" />
    <tag k="bicycle_parking" v="stands" />
    <tag k="capacity" v="2" />
    <tag k="covered" v="no" />
  </node>
  <node id="13187245617" lat="-37.8127713" lon="144.9734915">
    <tag k="name" v="Collins St and Spring St" />
    <tag k="railway" v="subway_entrance" />
    <tag k="ref" v="5" />
    <tag k="wheelchair" v="no" />
  </node>
  <node id="13197097301" lat="-37.8118618" lon="144.9721368">
    <tag k="name" v="Street Art" />
    <tag k="tourism" v="viewpoint" />
  </node>
  <node id="13200014908" lat="-37.8121506" lon="144.9735132">
    <tag k="amenity" v="ticket_validator" />
    <tag k="indoor" v="yes" />
    <tag k="layer" v="-1" />
    <tag k="level" v="-1" />
  </node>
  <node id="13203927981" lat="-37.8118706" lon="144.9706015">
    <tag k="amenity" v="bicycle_parking" />
    <tag k="bicycle_parking" v="stands" />
    <tag k="capacity" v="2" />
    <tag k="covered" v="no" />
  </node>
  <node id="13245060797" lat="-37.8130015" lon="144.9526976">
    <tag k="amenity" v="waste_basket" />
  </node>
  <node id="13245066793" lat="-37.8130380" lon="144.9528145">
    <tag k="amenity" v="waste_basket" />
  </node>
  <node id="13245073034" lat="-37.8130618" lon="144.9528696">
    <tag k="amenity" v="drinking_water" />
    <tag k="fountain" v="bubbler" />
  </node>
  <node id="13273727856" lat="-37.8022892" lon="144.9638483">
    <tag k="amenity" v="vending_machine" />
    <tag k="description" v="America, Asian, OZ, Drink and Snack" />
    <tag k="level" v="0" />
    <tag k="name" v="Stop Hungry, Stop Thirsty" />
    <tag k="opening_hours" v="Mo-Sa 11:00-23:30" />
    <tag k="vending" v="drinks;sweets" />
    <tag k="wheelchair" v="limited" />
  </node>
  <node id="13481530489" lat="-37.8131201" lon="144.9526798">
    <tag k="amenity" v="restaurant" />
    <tag k="cuisine" v="bistro" />
    <tag k="diet:gluten_free" v="yes" />
    <tag k="diet:vegan" v="yes" />
    <tag k="diet:vegetarian" v="yes" />
    <tag k="name" v="Angliss Bistro" />
  </node>
  <node id="13481530492" lat="-37.8130933" lon="144.9532010">
    <tag k="amenity" v="waste_basket" />
  </node>
  <node id="13481539307" lat="-37.8130168" lon="144.9526285">
    <tag k="name" v="Angliss Bake Shop" />
    <tag k="shop" v="bakery" />
  </node>
  <node id="13481539308" lat="-37.8131536" lon="144.9521647">
    <tag k="amenity" v="college" />
    <tag k="education" v="college" />
    <tag k="name" v="Angliss Coffee Academy" />
  </node>
  <node id="13481539325" lat="-37.8127526" lon="144.9538333">
    <tag k="amenity" v="cafe" />
    <tag k="name" v="Cafe 555" />
  </node>
  <node id="13481539329" lat="-37.8130122" lon="144.9531864">
    <tag k="amenity" v="bicycle_parking" />
  </node>
  <node id="13523301370" lat="-37.8141843" lon="144.9537523">
    <tag k="addr:housenumber" v="18" />
    <tag k="addr:street" v="Merriman Lane" />
    <tag k="amenity" v="cafe" />
    <tag k="check_date" v="2026-02-04" />
    <tag k="cuisine" v="japanese" />
    <tag k="name" v="Omo" />
    <tag k="wheelchair" v="yes" />
  </node>
  <node id="13545415486" lat="-37.8127675" lon="144.9710932">
    <tag k="addr:housenumber" v="124" />
    <tag k="addr:street" v="Exhibition Street" />
    <tag k="amenity" v="cafe" />
    <tag k="check_date" v="2026-02-12" />
    <tag k="name" v="Tori's" />
    <tag k="wheelchair" v="yes" />
  </node>
  <node id="13739734381" lat="-37.8136025" lon="144.9728915">
    <tag k="railway" v="signal" />
    <tag k="railway:signal:direction" v="forward" />
    <tag k="railway:signal:fouling_point" v="AU:LightRail:VIC:single_yellow" />
    <tag k="railway:signal:fouling_point:form" v="sign" />
  </node>
  <node id="13739734382" lat="-37.8134710" lon="144.9733396">
    <tag k="railway" v="signal" />
    <tag k="railway:signal:direction" v="forward" />
    <tag k="railway:signal:stop" v="AU:LightRail:VIC:provisional" />
    <tag k="railway:signal:stop:form" v="sign" />
  </node>
  <node id="13739734383" lat="-37.8134765" lon="144.9733194">
    <tag k="railway" v="signal" />
    <tag k="railway:signal:direction" v="forward" />
    <tag k="railway:signal:route" v="AU:LightRail:VIC:command_stud_2" />
    <tag k="railway:signal:route:form" v="sign" />
  </node>
  <node id="13739734384" lat="-37.8134883" lon="144.9732778">
    <tag k="railway" v="signal" />
    <tag k="railway:signal:direction" v="forward" />
    <tag k="railway:signal:route" v="AU:LightRail:VIC:command_stud_1" />
    <tag k="railway:signal:route:form" v="sign" />
  </node>
  <node id="13739866903" lat="-37.8129491" lon="144.9521207">
    <tag k="railway" v="signal" />
    <tag k="railway:signal:direction" v="forward" />
    <tag k="railway:signal:fouling_point" v="AU:LightRail:VIC:single_yellow" />
    <tag k="railway:signal:fouling_point:form" v="sign" />
  </node>
  <node id="13739866904" lat="-37.8128994" lon="144.9524069">
    <tag k="railway" v="signal" />
    <tag k="railway:signal:direction" v="forward" />
    <tag k="railway:signal:fouling_point" v="AU:LightRail:VIC:single_yellow" />
    <tag k="railway:signal:fouling_point:form" v="sign" />
  </node>
  <node id="13739866905" lat="-37.8130260" lon="144.9519642">
    <tag k="railway" v="signal" />
    <tag k="railway:signal:direction" v="forward" />
    <tag k="railway:signal:route" v="AU:LightRail:VIC:command_stud_2" />
    <tag k="railway:signal:route:form" v="sign" />
  </node>
  <node id="13739866906" lat="-37.8130159" lon="144.9519999">
    <tag k="railway" v="signal" />
    <tag k="railway:signal:direction" v="forward" />
    <tag k="railway:signal:route" v="AU:LightRail:VIC:command_stud_1" />
    <tag k="railway:signal:route:form" v="sign" />
  </node>
  <node id="13739866907" lat="-37.8130348" lon="144.9519329">
    <tag k="railway" v="signal" />
    <tag k="railway:signal:direction" v="forward" />
    <tag k="railway:signal:stop" v="AU:LightRail:VIC:single_yellow_half" />
    <tag k="railway:signal:stop:form" v="sign" />
  </node>
  <node id="13739866908" lat="-37.8130562" lon="144.9518597">
    <tag k="railway" v="signal" />
    <tag k="railway:signal:direction" v="forward" />
    <tag k="railway:signal:stop" v="AU:LightRail:VIC:double_yellow_half" />
    <tag k="railway:signal:stop:form" v="sign" />
  </node>
  <node id="13739866909" lat="-37.8130875" lon="144.9517475">
    <tag k="railway" v="signal" />
    <tag k="railway:signal:direction" v="forward" />
    <tag k="railway:signal:stop" v="AU:LightRail:VIC:triple_yellow_half" />
    <tag k="railway:signal:stop:form" v="sign" />
  </node>
  <node id="13739866910" lat="-37.8130965" lon="144.9517158">
    <tag k="railway" v="signal" />
    <tag k="railway:signal:direction" v="forward" />
    <tag k="railway:signal:stop" v="AU:LightRail:VIC:double_yellow" />
    <tag k="railway:signal:stop:form" v="sign" />
  </node>
  <node id="13739866911" lat="-37.8130931" lon="144.9517278">
    <tag k="railway" v="signal" />
    <tag k="railway:signal:direction" v="forward" />
    <tag k="railway:signal:fouling_point" v="AU:LightRail:VIC:single_yellow" />
    <tag k="railway:signal:fouling_point:form" v="sign" />
  </node>
  <node id="13739866912" lat="-37.8133448" lon="144.9515221">
    <tag k="railway" v="switch" />
    <tag k="railway:turnout_side" v="both" />
  </node>
  <node id="13739866923" lat="-37.8133637" lon="144.9515316">
    <tag k="railway" v="signal" />
    <tag k="railway:signal:direction" v="forward" />
    <tag k="railway:signal:stop" v="AU:LightRail:VIC:double_yellow" />
    <tag k="railway:signal:stop:form" v="sign" />
  </node>
  <node id="13739866924" lat="-37.8133774" lon="144.9515385">
    <tag k="railway" v="signal" />
    <tag k="railway:signal:direction" v="forward" />
    <tag k="railway:signal:minor" v="AU:LightRail:PI" />
    <tag k="railway:signal:minor:form" v="light" />
    <tag k="railway:signal:minor:states" v="stop;right;left;straight" />
    <tag k="railway:signal:position" v="left" />
  </node>
  <node id="13739866925" lat="-37.8134813" lon="144.9515889">
    <tag k="railway" v="signal" />
    <tag k="railway:signal:direction" v="forward" />
    <tag k="railway:signal:minor" v="AU:LightRail:PI" />
    <tag k="railway:signal:minor:form" v="light" />
    <tag k="railway:signal:minor:states" v="stop;right;left;straight" />
    <tag k="railway:signal:position" v="left" />
  </node>
  <node id="13739866933" lat="-37.8130906" lon="144.9517366">
    <tag k="railway" v="signal" />
    <tag k="railway:signal:direction" v="forward" />
    <tag k="railway:signal:minor" v="AU:LightRail:PI" />
    <tag k="railway:signal:minor:form" v="light" />
    <tag k="railway:signal:minor:states" v="stop;left;straight" />
    <tag k="railway:signal:position" v="left" />
  </node>
  <node id="13739866934" lat="-37.8130630" lon="144.9518354">
    <tag k="railway" v="signal" />
    <tag k="railway:signal:direction" v="forward" />
    <tag k="railway:signal:minor" v="AU:LightRail:PI" />
    <tag k="railway:signal:minor:form" v="light" />
    <tag k="railway:signal:minor:states" v="stop;left;straight" />
    <tag k="railway:signal:position" v="left" />
  </node>
  <node id="13739866935" lat="-37.8127950" lon="144.9526668">
    <tag k="railway" v="signal" />
    <tag k="railway:signal:direction" v="forward" />
    <tag k="railway:signal:stop" v="AU:LightRail:VIC:double_yellow_half" />
    <tag k="railway:signal:stop:form" v="sign" />
  </node>
  <node id="13739866936" lat="-37.8127643" lon="144.9527784">
    <tag k="railway" v="signal" />
    <tag k="railway:signal:direction" v="forward" />
    <tag k="railway:signal:stop" v="AU:LightRail:VIC:triple_yellow_half" />
    <tag k="railway:signal:stop:form" v="sign" />
  </node>
  <node id="13739866939" lat="-37.8145110" lon="144.9520916">
    <tag k="railway" v="signal" />
    <tag k="railway:signal:direction" v="forward" />
    <tag k="railway:signal:fouling_point" v="AU:LightRail:VIC:single_yellow" />
    <tag k="railway:signal:fouling_point:form" v="sign" />
  </node>
  <node id="13739866940" lat="-37.8149378" lon="144.9522917">
    <tag k="railway" v="signal" />
    <tag k="railway:signal:direction" v="forward" />
    <tag k="railway:signal:stop" v="AU:LightRail:VIC:double_yellow_half" />
    <tag k="railway:signal:stop:form" v="sign" />
  </node>
  <node id="13739866941" lat="-37.8148765" lon="144.9522621">
    <tag k="railway" v="signal" />
    <tag k="railway:signal:direction" v="forward" />
    <tag k="railway:signal:stop" v="AU:LightRail:VIC:single_yellow_half" />
    <tag k="railway:signal:stop:form" v="sign" />
  </node>
  <node id="13739866942" lat="-37.8143023" lon="144.9519531">
    <tag k="railway" v="signal" />
    <tag k="railway:signal:direction" v="forward" />
    <tag k="railway:signal:stop" v="AU:LightRail:VIC:double_yellow_half" />
    <tag k="railway:signal:stop:form" v="sign" />
  </node>
  <node id="13739866943" lat="-37.8143607" lon="144.9519804">
    <tag k="railway" v="signal" />
    <tag k="railway:signal:direction" v="forward" />
    <tag k="railway:signal:stop" v="AU:LightRail:VIC:single_yellow_half" />
    <tag k="railway:signal:stop:form" v="sign" />
  </node>
  <node id="13739962951" lat="-37.8142476" lon="144.9544813" />
  <node id="13739962952" lat="-37.8143359" lon="144.9545929" />
  <node id="13739962955" lat="-37.8139660" lon="144.9552842" />
  <node id="13759699386" lat="-37.8127440" lon="144.9528229">
    <tag k="gtfs:stop_id" v="46864" />
    <tag k="name" v="Stop 1: Spencer Street/La Trobe Street" />
    <tag k="network" v="PTV - Metropolitan Trams" />
    <tag k="public_transport" v="platform" />
    <tag k="ref" v="1" />
    <tag k="tram" v="yes" />
  </node>
  <node id="13759699387" lat="-37.8128574" lon="144.9525966">
    <tag k="gtfs:stop_id" v="46863" />
    <tag k="name" v="Stop 1: Spencer Street/La Trobe Street" />
    <tag k="network" v="PTV - Metropolitan Trams" />
    <tag k="public_transport" v="platform" />
    <tag k="ref" v="1" />
    <tag k="tram" v="yes" />
  </node>
  <node id="13762586275" lat="-37.8134409" lon="144.9545905">
    <tag k="artist_name" v="Jong-yeon Kim" />
    <tag k="artwork_type" v="sculpture" />
    <tag k="material" v="wood" />
    <tag k="name" v="Koreatown Jang-seung" />
    <tag k="tourism" v="artwork" />
    <tag k="website" v="https://www.melbourne.vic.gov.au/news/sculptures-with-soul-for-koreatown" />
  </node>
  <node id="13830131831" lat="-37.8121790" lon="144.9733117">
    <tag k="amenity" v="waste_basket" />
    <tag k="level" v="0" />
  </node>
  <node id="13871688694" lat="-37.8026850" lon="144.9640565">
    <tag k="air_conditioning" v="yes" />
    <tag k="amenity" v="cafe" />
    <tag k="cuisine" v="korean;coffee_shop" />
    <tag k="level" v="0" />
    <tag k="name" v="Heebi" />
    <tag k="opening_hours" v="Mo-Fr 07:30-17:00; Sa,Su 08:00-17:00" />
    <tag k="takeaway" v="yes" />
  </node>
  <node id="13911446282" lat="-37.8137214" lon="144.9710080">
    <tag k="addr:housenumber" v="80" />
    <tag k="addr:state" v="VIC" />
    <tag k="addr:street" v="Collins Street" />
    <tag k="addr:suburb" v="Melbourne" />
    <tag k="amenity" v="restaurant" />
    <tag k="check_date" v="2026-06-05" />
    <tag k="name" v="Society" />
    <tag k="website" v="https://societyrestaurant.com/" />
  </node>
  <node id="13911446289" lat="-37.8133304" lon="144.9706053">
    <tag k="amenity" v="bar" />
    <tag k="name" v="Nick &amp; Nora's" />
    <tag k="website" v="https://nickandnoras.com.au/" />
  </node>
  <node id="13937829388" lat="-37.8133172" lon="144.9515504">
    <tag k="railway" v="switch" />
  </node>
  <node id="13937829389" lat="-37.8133248" lon="144.9515130">
    <tag k="railway" v="switch" />
  </node>
  <node id="14047817286" lat="-37.8122950" lon="144.9733543">
    <tag k="amenity" v="bicycle_parking" />
    <tag k="bicycle_parking" v="stands" />
    <tag k="capacity" v="6" />
    <tag k="covered" v="no" />
    <tag k="level" v="0" />
  </node>
  <node id="14084735341" lat="-37.8146263" lon="144.9526687">
    <tag k="addr:housenumber" v="650" />
    <tag k="addr:state" v="VIC" />
    <tag k="addr:street" v="Lonsdale Street" />
    <tag k="addr:suburb" v="Melbourne" />
    <tag k="brand" v="The Ritz-Carlton" />
    <tag k="brand:wikidata" v="Q782200" />
    <tag k="name" v="The Ritz-Carlton" />
    <tag k="tourism" v="hotel" />
    <tag k="website" v="https://www.ritzcarlton.com/en/hotels/melrz-the-ritz-carlton-melbourne" />
  </node>
  <node id="14084735342" lat="-37.8139784" lon="144.9532411">
    <tag k="name" v="Dorsett Melbourne" />
    <tag k="tourism" v="hotel" />
    <tag k="website" v="https://www.dorsetthotels.com/dorsett-melbourne/" />
  </node>
  <node id="14111610345" lat="-37.8144957" lon="144.9524806">
    <tag k="addr:floor" v="G" />
    <tag k="addr:housenumber" v="260" />
    <tag k="addr:street" v="Spencer Street" />
    <tag k="addr:unit" v="1" />
    <tag k="amenity" v="cafe" />
    <tag k="check_date" v="2026-08-22" />
    <tag k="cuisine" v="bubble_tea" />
    <tag k="level" v="0" />
    <tag k="name" v="Gongcha" />
    <tag k="name:en" v="Gongcha" />
    <tag k="name:zh" v="貢茶" />
    <tag k="opening_hours" v="11:00-22:00" />
    <tag k="payment:cash" v="yes" />
    <tag k="payment:credit_cards" v="yes" />
    <tag k="payment:debit_cards" v="yes" />
    <tag k="website" v="https://gongchatea.com.au/store-finder/" />
    <tag k="wheelchair" v="yes" />
  </node>
  <node id="14127619769" lat="-37.8148597" lon="144.9525178">
    <tag k="name" v="Lune" />
    <tag k="shop" v="bakery" />
  </node>
  <node id="14133087301" lat="-37.8135445" lon="144.9725652">
    <tag k="addr:housenumber" v="30" />
    <tag k="addr:postcode" v="3000" />
    <tag k="addr:state" v="VIC" />
    <tag k="addr:street" v="Collins Street" />
    <tag k="addr:suburb" v="Melbourne" />
    <tag k="name" v="Wittner" />
    <tag k="shop" v="shoes" />
    <tag k="website" v="https://www.wittner.com.au/" />
  </node>
  <node id="14133087302" lat="-37.8133624" lon="144.9725236">
    <tag k="addr:housenumber" v="30" />
    <tag k="addr:postcode" v="3000" />
    <tag k="addr:state" v="VIC" />
    <tag k="addr:street" v="Collins Street" />
    <tag k="addr:suburb" v="Melbourne" />
    <tag k="addr:unit" v="1" />
    <tag k="amenity" v="cafe" />
    <tag k="check_date" v="2026-08-27" />
    <tag k="name" v="ST. ALi Canteen" />
    <tag k="website" v="https://stali.com.au/pages/st-ali-canteen-collins-street" />
  </node>
  <node id="14133087323" lat="-37.8133479" lon="144.9732417">
    <tag k="addr:housenumber" v="12" />
    <tag k="addr:postcode" v="3000" />
    <tag k="addr:state" v="VIC" />
    <tag k="addr:street" v="Collins Street" />
    <tag k="addr:suburb" v="Melbourne" />
    <tag k="addr:unit" v="1" />
    <tag k="hairdresser" v="barber" />
    <tag k="name" v="Kings Domain" />
    <tag k="shop" v="hairdresser" />
    <tag k="website" v="https://kingsdomain.com.au/" />
  </node>
  <way id="44076514">
    <nd ref="560227799" />
    <nd ref="560227800" />
    <nd ref="560227798" />
    <nd ref="560227797" />
    <nd ref="560227799" />
    <tag k="landuse" v="grass" />
  </way>
  <way id="44076515">
    <nd ref="560227805" />
    <nd ref="560227802" />
    <nd ref="560227803" />
    <nd ref="560227804" />
    <nd ref="560227805" />
    <tag k="landuse" v="grass" />
  </way>
  <way id="44082665">
    <nd ref="560332995" />
    <nd ref="560332997" />
    <nd ref="560332998" />
    <nd ref="560332999" />
    <nd ref="560332995" />
    <tag k="landuse" v="grass" />
  </way>
  <way id="44082666">
    <nd ref="560333000" />
    <nd ref="560333001" />
    <nd ref="560333002" />
    <nd ref="560333003" />
    <nd ref="560333000" />
    <tag k="landuse" v="grass" />
  </way>
  <way id="44740687">
    <nd ref="567543950" />
    <nd ref="567543951" />
    <nd ref="567543952" />
    <nd ref="567543954" />
    <nd ref="567543955" />
    <nd ref="8973155325" />
    <nd ref="567543956" />
    <nd ref="567543957" />
    <nd ref="8973155326" />
    <nd ref="567543958" />
    <nd ref="567543959" />
    <nd ref="7796746922" />
    <nd ref="4330940937" />
    <nd ref="4330940938" />
    <nd ref="567543950" />
    <tag k="landuse" v="commercial" />
  </way>
  <way id="52494472">
    <nd ref="667222175" />
    <nd ref="667222176" />
    <nd ref="667222177" />
    <nd ref="667222178" />
    <nd ref="667222175" />
    <tag k="addr:housenumber" v="250" />
    <tag k="addr:postcode" v="3000" />
    <tag k="addr:street" v="Spencer Street" />
    <tag k="addr:suburb" v="Melbourne" />
    <tag k="landuse" v="residential" />
    <tag k="name" v="West Side Place" />
    <tag k="note" v="Former The Age newspaper site" />
    <tag k="source" v="https://en.wikipedia.org/wiki/West_Side_Place" />
    <tag k="website" v="https://www.westsideplace.com.au/" />
  </way>
  <way id="52494473">
    <nd ref="667222179" />
    <nd ref="667222180" />
    <nd ref="667222181" />
    <nd ref="667222184" />
    <nd ref="13739962951" />
    <nd ref="667222179" />
    <tag k="landuse" v="brownfield" />
  </way>
  <way id="168117454">
    <nd ref="1794264621" />
    <nd ref="1794264516" />
    <nd ref="1794264507" />
    <nd ref="1794264509" />
    <nd ref="1794264609" />
    <nd ref="1794264621" />
    <tag k="landuse" v="residential" />
    <tag k="name" v="Docklands Terrace" />
  </way>
  <way id="444367681">
    <nd ref="4418536082" />
    <nd ref="9366603766" />
    <nd ref="9366603765" />
    <nd ref="4418536084" />
    <nd ref="4418536082" />
    <tag k="landuse" v="grass" />
  </way>
  <way id="511414372">
    <nd ref="5002595071" />
    <nd ref="5002595068" />
    <nd ref="5002595070" />
    <nd ref="5002594973" />
    <nd ref="5002594934" />
    <nd ref="5002594937" />
    <nd ref="5002594938" />
    <nd ref="5002594941" />
    <nd ref="5002594942" />
    <nd ref="5002594945" />
    <nd ref="5002594946" />
    <nd ref="5002594949" />
    <nd ref="5002594950" />
    <nd ref="5002595019" />
    <nd ref="5002595014" />
    <nd ref="5002595031" />
    <nd ref="5002595069" />
    <nd ref="5002595022" />
    <nd ref="5002595025" />
    <nd ref="5002595074" />
    <nd ref="5002595026" />
    <nd ref="5002595073" />
    <nd ref="5002595032" />
    <nd ref="5002595124" />
    <nd ref="5002595133" />
    <nd ref="5002595043" />
    <nd ref="5002595044" />
    <nd ref="5002595132" />
    <nd ref="5002595066" />
    <nd ref="5002595071" />
    <tag k="landuse" v="residential" />
    <tag k="name" v="Royal Flagstaff" />
  </way>
  <way id="659621447">
    <nd ref="10203070317" />
    <nd ref="4064393996" />
    <nd ref="10203070321" />
    <nd ref="6175856174" />
    <nd ref="6175856175" />
    <nd ref="6175856176" />
    <nd ref="6175856177" />
    <nd ref="6175856178" />
    <nd ref="6175856179" />
    <nd ref="6175856180" />
    <nd ref="10203070317" />
    <tag k="landuse" v="residential" />
  </way>
  <way id="659621455">
    <nd ref="6175866920" />
    <nd ref="6175866921" />
    <nd ref="6175866922" />
    <nd ref="6175866923" />
    <nd ref="6175866924" />
    <nd ref="6175866920" />
    <tag k="landuse" v="residential" />
  </way>
  <way id="659621457">
    <nd ref="6175866929" />
    <nd ref="6175866930" />
    <nd ref="6175866931" />
    <nd ref="560323595" />
    <nd ref="6696049256" />
    <nd ref="560323604" />
    <nd ref="6696049254" />
    <nd ref="560323594" />
    <nd ref="6175866932" />
    <nd ref="6175866933" />
    <nd ref="6175866934" />
    <nd ref="6175866929" />
    <tag k="landuse" v="residential" />
  </way>
  <way id="712164975">
    <nd ref="6696049264" />
    <nd ref="6696049265" />
    <nd ref="6696049266" />
    <nd ref="6696049267" />
    <nd ref="6696049264" />
    <tag k="landuse" v="grass" />
  </way>
  <way id="712164977">
    <nd ref="6696049271" />
    <nd ref="6696049272" />
    <nd ref="6696049273" />
    <nd ref="6696049274" />
    <nd ref="6696049271" />
    <tag k="landuse" v="grass" />
  </way>
  <way id="738057517">
    <nd ref="6910691584" />
    <nd ref="6910673140" />
    <nd ref="13739962955" />
    <nd ref="6910673138" />
    <nd ref="6910673143" />
    <nd ref="667224591" />
    <nd ref="3115634767" />
    <nd ref="6910691584" />
    <tag k="landuse" v="brownfield" />
  </way>
  <way id="1015384649">
    <nd ref="9366603781" />
    <nd ref="9366603780" />
    <nd ref="4418536073" />
    <nd ref="9366603772" />
    <nd ref="9366603770" />
    <nd ref="9366603781" />
    <tag k="landuse" v="grass" />
  </way>
  <way id="1227710178">
    <nd ref="3174151367" />
    <nd ref="11384921129" />
    <nd ref="11384916549" />
    <nd ref="11384916546" />
    <nd ref="11384921104" />
    <nd ref="11279549607" />
    <nd ref="11279549573" />
    <nd ref="11384916547" />
    <nd ref="11384916548" />
    <nd ref="11384921127" />
    <nd ref="8772197986" />
    <nd ref="3167659190" />
    <nd ref="3174151367" />
    <tag k="addr:country" v="AU" />
    <tag k="addr:housenumber" v="640" />
    <tag k="addr:postcode" v="3053" />
    <tag k="addr:state" v="VIC" />
    <tag k="addr:street" v="Swanston Street" />
    <tag k="addr:suburb" v="Carlton" />
    <tag k="landuse" v="residential" />
    <tag k="source" v="Vicmap Address" />
  </way>
  <way id="1336310341">
    <nd ref="12360205226" />
    <nd ref="12360205227" />
    <nd ref="12360205228" />
    <nd ref="12360205229" />
    <nd ref="12360205226" />
    <tag k="depot" v="bus" />
    <tag k="industrial" v="depot" />
    <tag k="landuse" v="industrial" />
    <tag k="name" v="Victoria Coaches Depot" />
  </way>
  <way id="1500742340">
    <nd ref="667222179" />
    <nd ref="13739962952" />
    <nd ref="163378469" />
    <nd ref="667222184" />
    <nd ref="13739962951" />
    <nd ref="667222179" />
    <tag k="landuse" v="grass" />
  </way>

<note>The data included in this document is from www.openstreetmap.org. The data is made available under ODbL.</note>
<meta osm_base="2026-09-03T09:18:48Z" />

  <node id="33236907" lat="-37.7884198" lon="144.9498223">
    <tag k="bicycle" v="yes" />
    <tag k="crossing:barrier" v="no" />
    <tag k="foot" v="yes" />
    <tag k="railway" v="level_crossing" />
  </node>
  <node id="33574566" lat="-37.7882488" lon="144.9497796">
    <tag k="bicycle" v="yes" />
    <tag k="crossing:barrier" v="no" />
    <tag k="foot" v="yes" />
    <tag k="railway" v="level_crossing" />
  </node>
  <node id="54562221" lat="-37.8161449" lon="144.9723868" />
  <node id="60091346" lat="-37.8235042" lon="144.9879652" />
  <node id="242823102" lat="-37.8032458" lon="144.9692484">
    <tag k="amenity" v="post_box" />
  </node>
  <node id="248737310" lat="-37.8176718" lon="144.9727731" />
  <node id="248737313" lat="-37.8179235" lon="144.9745421" />
  <node id="248737316" lat="-37.8182396" lon="144.9750597" />
  <node id="252588293" lat="-37.8182334" lon="144.9759769">
    <tag k="name" v="Stop 7A: William Barak Bridge" />
    <tag k="network" v="PTV - Metropolitan Trams" />
    <tag k="network:wikidata" v="Q7257648" />
    <tag k="operator" v="Keolis Downer" />
    <tag k="operator:wikidata" v="Q6328065" />
    <tag k="public_transport" v="stop_position" />
    <tag k="railway" v="tram_stop" />
    <tag k="ref" v="7A" />
    <tag k="tram" v="yes" />
  </node>
  <node id="252588317" lat="-37.8160984" lon="144.9725499" />
  <node id="266736957" lat="-37.8160799" lon="144.9726169" />
  <node id="294630207" lat="-37.8158634" lon="144.9739672" />
  <node id="294636076" lat="-37.8158806" lon="144.9740338" />
  <node id="301545279" lat="-37.8147270" lon="144.9375352" />
  <node id="301545280" lat="-37.8125275" lon="144.9362089" />
  <node id="301545281" lat="-37.8129746" lon="144.9350314" />
  <node id="301545283" lat="-37.8139413" lon="144.9347448" />
  <node id="301545285" lat="-37.8161011" lon="144.9339196" />
  <node id="441588014" lat="-37.8140385" lon="144.9394971" />
  <node id="441588015" lat="-37.8146747" lon="144.9377322" />
  <node id="441588016" lat="-37.8122310" lon="144.9361893" />
  <node id="441588017" lat="-37.8120191" lon="144.9361256" />
  <node id="441588018" lat="-37.8119391" lon="144.9361310" />
  <node id="441588019" lat="-37.8117394" lon="144.9361524" />
  <node id="441588021" lat="-37.8115492" lon="144.9362069" />
  <node id="441588022" lat="-37.8114674" lon="144.9365158" />
  <node id="441588023" lat="-37.8113670" lon="144.9370680" />
  <node id="441588025" lat="-37.8114400" lon="144.9374027" />
  <node id="441588026" lat="-37.8115146" lon="144.9377203" />
  <node id="441588027" lat="-37.8115248" lon="144.9379113" />
  <node id="441588028" lat="-37.8116530" lon="144.9381715" />
  <node id="441588030" lat="-37.8118490" lon="144.9382358" />
  <node id="441588031" lat="-37.8118739" lon="144.9382498" />
  <node id="448103538" lat="-37.8140814" lon="144.9342315" />
  <node id="448103554" lat="-37.8150538" lon="144.9339741" />
  <node id="471340955" lat="-37.8034187" lon="144.9666667">
    <tag k="amenity" v="pub" />
    <tag k="name" v="Bar Centrale" />
    <tag k="phone" v="+61 3 9663 6562" />
  </node>
  <node id="506045941" lat="-37.8139781" lon="144.9347047" />
  <node id="576875285" lat="-37.8172344" lon="144.9743570">
    <tag k="railway" v="hirail_access" />
  </node>
  <node id="576875493" lat="-37.8171334" lon="144.9743902">
    <tag k="railway" v="hirail_access" />
  </node>
  <node id="576878090" lat="-37.8161330" lon="144.9724280" />
  <node id="576878121" lat="-37.8161181" lon="144.9724794" />
  <node id="576878131" lat="-37.8161820" lon="144.9722622" />
  <node id="576879147" lat="-37.8235395" lon="144.9879522" />
  <node id="577456443" lat="-37.8231480" lon="144.9880714" />
  <node id="577464330" lat="-37.8171957" lon="144.9743703">
    <tag k="railway" v="hirail_access" />
  </node>
  <node id="577520970" lat="-37.8196670" lon="144.9754744">
    <tag k="tourism" v="viewpoint" />
  </node>
  <node id="579399652" lat="-37.8185222" lon="144.9752091" />
  <node id="579399656" lat="-37.8188311" lon="144.9755155" />
  <node id="579399660" lat="-37.8190906" lon="144.9756577" />
  <node id="579399666" lat="-37.8193438" lon="144.9756872" />
  <node id="582800634" lat="-37.8181619" lon="144.9762758" />
  <node id="582800643" lat="-37.8181993" lon="144.9764105">
    <tag k="railway" v="level_crossing" />
  </node>
  <node id="634774945" lat="-37.8115460" lon="144.9379917" />
  <node id="634774946" lat="-37.8116138" lon="144.9381312" />
  <node id="634774947" lat="-37.8117484" lon="144.9381916" />
  <node id="634775866" lat="-37.8151737" lon="144.9366744">
    <tag k="railway" v="buffer_stop" />
  </node>
  <node id="634775882" lat="-37.8146626" lon="144.9381436">
    <tag k="railway" v="signal" />
    <tag k="railway:signal:direction" v="forward" />
    <tag k="railway:signal:route" v="AU:LightRail:VIC:command_stud_2" />
    <tag k="railway:signal:route:form" v="sign" />
  </node>
  <node id="634775884" lat="-37.8152004" lon="144.9367305">
    <tag k="railway" v="buffer_stop" />
  </node>
  <node id="634778602" lat="-37.8145649" lon="144.9383986">
    <tag k="railway" v="signal" />
    <tag k="railway:signal:direction" v="forward" />
    <tag k="railway:signal:stop" v="AU:LightRail:VIC:stop_studs_square" />
    <tag k="railway:signal:stop:form" v="sign" />
  </node>
  <node id="634778603" lat="-37.8147746" lon="144.9378497">
    <tag k="railway" v="signal" />
    <tag k="railway:signal:direction" v="forward" />
    <tag k="railway:signal:stop" v="AU:LightRail:VIC:double_yellow" />
    <tag k="railway:signal:stop:form" v="sign" />
  </node>
  <node id="634780146" lat="-37.8117183" lon="144.9396426" />
  <node id="634784020" lat="-37.8130214" lon="144.9366674" />
  <node id="634784021" lat="-37.8121812" lon="144.9361625" />
  <node id="634784022" lat="-37.8121118" lon="144.9361390" />
  <node id="634784135" lat="-37.8150021" lon="144.9375894" />
  <node id="634784136" lat="-37.8150116" lon="144.9376290" />
  <node id="634784137" lat="-37.8150736" lon="144.9376404" />
  <node id="634784138" lat="-37.8152087" lon="144.9376612" />
  <node id="634784139" lat="-37.8152601" lon="144.9376732" />
  <node id="634784140" lat="-37.8153618" lon="144.9377222" />
  <node id="634784144" lat="-37.8162498" lon="144.9382583" />
  <node id="634784251" lat="-37.8166589" lon="144.9374933" />
  <node id="634785802" lat="-37.8140512" lon="144.9394670" />
  <node id="634785803" lat="-37.8140713" lon="144.9394039" />
  <node id="634785804" lat="-37.8141280" lon="144.9391927" />
  <node id="634785821" lat="-37.8139654" lon="144.9395333" />
  <node id="634785822" lat="-37.8139855" lon="144.9395300" />
  <node id="634785823" lat="-37.8140141" lon="144.9395213" />
  <node id="634785826" lat="-37.8141895" lon="144.9389855" />
  <node id="634785827" lat="-37.8142303" lon="144.9388474" />
  <node id="634785828" lat="-37.8143081" lon="144.9386301" />
  <node id="634785829" lat="-37.8143754" lon="144.9384745" />
  <node id="634785830" lat="-37.8144676" lon="144.9382673" />
  <node id="634785831" lat="-37.8145264" lon="144.9381406" />
  <node id="634785833" lat="-37.8139415" lon="144.9395286" />
  <node id="634785839" lat="-37.8146085" lon="144.9379770" />
  <node id="634785840" lat="-37.8146789" lon="144.9377792" />
  <node id="634785844" lat="-37.8146525" lon="144.9378865" />
  <node id="634785845" lat="-37.8146736" lon="144.9378335" />
  <node id="634785846" lat="-37.8146631" lon="144.9377068" />
  <node id="634785847" lat="-37.8146376" lon="144.9376819" />
  <node id="634785848" lat="-37.8145248" lon="144.9376129" />
  <node id="634785849" lat="-37.8144723" lon="144.9375612" />
  <node id="676620615" lat="-37.8046025" lon="144.9664614">
    <tag k="addr:housenumber" v="104" />
    <tag k="addr:street" v="Lygon Street" />
    <tag k="amenity" v="restaurant" />
    <tag k="cuisine" v="indian" />
    <tag k="name" v="Namaste Indian Restaurant" />
    <tag k="note" v="Accessibility: category 2" />
    <tag k="phone" v="+61 3 9654 0550" />
  </node>
  <node id="676621216" lat="-37.8044909" lon="144.9664980">
    <tag k="addr:housenumber" v="106" />
    <tag k="addr:street" v="Lygon Street" />
    <tag k="amenity" v="restaurant" />
    <tag k="cuisine" v="asian" />
    <tag k="name" v="Golden Prawn" />
    <tag k="note" v="Accessibility: category 2" />
    <tag k="phone" v="+61 3 9654 8545" />
  </node>
  <node id="676621657" lat="-37.8044218" lon="144.9664962">
    <tag k="addr:housenumber" v="108" />
    <tag k="addr:street" v="Lygon Street" />
    <tag k="amenity" v="restaurant" />
    <tag k="cuisine" v="indian" />
    <tag k="name" v="Carlton Curry House" />
    <tag k="note" v="Accessibility: category 2" />
    <tag k="phone" v="+61 3 9078 1263" />
    <tag k="website" v="https://www.carltoncurryhouse.com.au/" />
  </node>
  <node id="676623360" lat="-37.8043530" lon="144.9665290">
    <tag k="addr:housenumber" v="110" />
    <tag k="addr:street" v="Lygon Street" />
    <tag k="amenity" v="restaurant" />
    <tag k="cuisine" v="thai" />
    <tag k="name" v="Ying Thai 2" />
    <tag k="note" v="Accessibility: category 2" />
    <tag k="phone" v="+61 3 9639 1697" />
  </node>
  <node id="676624957" lat="-37.8032426" lon="144.9667019">
    <tag k="addr:housenumber" v="164" />
    <tag k="addr:street" v="Lygon Street" />
    <tag k="name" v="Carlton Audio Visual" />
    <tag k="opening_hours" v="Mo-Sa 10:00-18:00; Su 13:00-18:00" />
    <tag k="phone" v="+61 3 9639 2737" />
    <tag k="shop" v="hifi" />
    <tag k="website" v="https://carltonaudiovisual.com.au/" />
  </node>
  <node id="676625430" lat="-37.8030180" lon="144.9667320">
    <tag k="amenity" v="restaurant" />
    <tag k="check_date" v="2023-11-02" />
    <tag k="cuisine" v="turkish" />
    <tag k="name" v="Nefes" />
    <tag k="opening_hours" v="Mo-Th,Su 17:00-24:00; Fr-Sa 17:00-02:00" />
    <tag k="outdoor_seating" v="yes" />
    <tag k="payment:american_express" v="yes" />
    <tag k="payment:cash" v="yes" />
    <tag k="payment:google_pay" v="yes" />
    <tag k="payment:mastercard" v="yes" />
    <tag k="payment:visa" v="yes" />
    <tag k="reservation" v="yes" />
    <tag k="takeaway" v="yes" />
  </node>
  <node id="709963112" lat="-37.8160588" lon="144.9337307" />
  <node id="709963141" lat="-37.8154447" lon="144.9339165" />
  <node id="709963537" lat="-37.8154344" lon="144.9338703" />
  <node id="709965773" lat="-37.8139737" lon="144.9356375" />
  <node id="709965784" lat="-37.8140235" lon="144.9356952" />
  <node id="709965793" lat="-37.8141401" lon="144.9356845" />
  <node id="709965801" lat="-37.8141454" lon="144.9356335" />
  <node id="709970691" lat="-37.8154421" lon="144.9356472">
    <tag k="barrier" v="gate" />
  </node>
  <node id="709972143" lat="-37.8151939" lon="144.9363089" />
  <node id="709974145" lat="-37.8155050" lon="144.9354882" />
  <node id="709975513" lat="-37.8158693" lon="144.9337906" />
  <node id="710013215" lat="-37.8153575" lon="144.9366670" />
  <node id="1224821939" lat="-37.8115614" lon="144.9393124" />
  <node id="1224821945" lat="-37.8126580" lon="144.9401970" />
  <node id="1224821948" lat="-37.8118466" lon="144.9385672" />
  <node id="1224832129" lat="-37.8143231" lon="144.9382726">
    <tag k="addr:housenumber" v="442-446" />
    <tag k="addr:postcode" v="3008" />
    <tag k="addr:state" v="VIC" />
    <tag k="addr:street" v="Docklands Drive" />
    <tag k="addr:suburb" v="Docklands" />
    <tag k="addr:unit" v="SC G01-G02" />
    <tag k="alt_name" v="Trek Bicycle Store" />
    <tag k="amenity" v="cafe" />
    <tag k="branch" v="Docklands" />
    <tag k="brand" v="Trek" />
    <tag k="brand:wikidata" v="Q1067617" />
    <tag k="indoor_seating" v="yes" />
    <tag k="name" v="Penny" />
    <tag k="takeaway" v="yes" />
  </node>
  <node id="1224869661" lat="-37.8142368" lon="144.9372396" />
  <node id="1271016120" lat="-37.8163957" lon="144.9373273" />
  <node id="1280017673" lat="-37.7893027" lon="144.9498337">
    <tag k="crossing" v="uncontrolled" />
    <tag k="crossing:light" v="no" />
    <tag k="railway" v="crossing" />
  </node>
  <node id="1280017714" lat="-37.7882662" lon="144.9497428">
    <tag k="bicycle" v="yes" />
    <tag k="crossing:barrier" v="no" />
    <tag k="foot" v="yes" />
    <tag k="railway" v="level_crossing" />
  </node>
  <node id="1280017787" lat="-37.7884773" lon="144.9498366">
    <tag k="railway" v="crossing" />
  </node>
  <node id="1280017840" lat="-37.7884912" lon="144.9498006">
    <tag k="railway" v="crossing" />
  </node>
  <node id="1280017897" lat="-37.7884374" lon="144.9497869">
    <tag k="bicycle" v="yes" />
    <tag k="crossing:barrier" v="no" />
    <tag k="foot" v="yes" />
    <tag k="railway" v="level_crossing" />
  </node>
  <node id="1280017957" lat="-37.7892992" lon="144.9497975">
    <tag k="crossing" v="uncontrolled" />
    <tag k="crossing:light" v="no" />
    <tag k="railway" v="crossing" />
  </node>
  <node id="1280018071" lat="-37.7881815" lon="144.9497212">
    <tag k="railway" v="crossing" />
  </node>
  <node id="1280018099" lat="-37.7881660" lon="144.9497574">
    <tag k="railway" v="crossing" />
  </node>
  <node id="1560149438" lat="-37.8163425" lon="144.9373093" />
  <node id="1560149457" lat="-37.8164425" lon="144.9373646" />
  <node id="1560149462" lat="-37.8158801" lon="144.9369481" />
  <node id="1560149467" lat="-37.8163952" lon="144.9381699" />
  <node id="1560149484" lat="-37.8162882" lon="144.9372753" />
  <node id="1560149489" lat="-37.8164079" lon="144.9373472" />
  <node id="1560149498" lat="-37.8157545" lon="144.9369091" />
  <node id="1560149509" lat="-37.8158083" lon="144.9369410" />
  <node id="1560149516" lat="-37.8159589" lon="144.9380844" />
  <node id="1560149520" lat="-37.8162679" lon="144.9372252" />
  <node id="1560149524" lat="-37.8160248" lon="144.9370694" />
  <node id="1560149525" lat="-37.8165806" lon="144.9374466" />
  <node id="1560149542" lat="-37.8159229" lon="144.9369739" />
  <node id="1560149543" lat="-37.8156450" lon="144.9378960" />
  <node id="1560149548" lat="-37.8162997" lon="144.9372462" />
  <node id="1560149575" lat="-37.8160109" lon="144.9381137" />
  <node id="1560149589" lat="-37.8158159" lon="144.9369455" />
  <node id="1560149593" lat="-37.8159715" lon="144.9370442" />
  <node id="1560149596" lat="-37.8154849" lon="144.9377978" />
  <node id="2005895250" lat="-37.8041370" lon="144.9661545">
    <tag k="addr:country" v="AU" />
    <tag k="addr:housenumber" v="123" />
    <tag k="addr:postcode" v="3053" />
    <tag k="addr:state" v="VIC" />
    <tag k="addr:street" v="Lygon Street" />
    <tag k="addr:suburb" v="Carlton" />
    <tag k="amenity" v="restaurant" />
    <tag k="cuisine" v="italian" />
    <tag k="fax" v="+61 3 9347 6975" />
    <tag k="name" v="Mercadante" />
    <tag k="note" v="Wood Fired Pizzeria Accessibility: category 2" />
    <tag k="opening_hours" v="We,Th,Su 11:45-22:00; Fr,Sa 11:45-22:00+; Mo,Tu off" />
    <tag k="phone" v="+61 3 9437 6974" />
    <tag k="source" v="local_knowledge" />
    <tag k="website" v="https://www.mercadante.com.au/" />
  </node>
  <node id="2010048664" lat="-37.8042399" lon="144.9661393">
    <tag k="addr:country" v="AU" />
    <tag k="addr:housenumber" v="111" />
    <tag k="addr:postcode" v="3053" />
    <tag k="addr:state" v="VIC" />
    <tag k="addr:street" v="Lygon Street" />
    <tag k="addr:suburb" v="Carlton" />
    <tag k="amenity" v="post_office" />
    <tag k="brand" v="Australia Post" />
    <tag k="name" v="Carlton South Post Office" />
    <tag k="note" v="Accessibility: category 1" />
    <tag k="opening_hours" v="Mo-Fr 09:00-17:00; Sa,Su off" />
    <tag k="operator" v="Australia Post" />
    <tag k="operator:wikidata" v="Q1142936" />
    <tag k="wheelchair" v="yes" />
    <tag k="wikidata" v="Q28929005" />
  </node>
  <node id="2010049566" lat="-37.8035193" lon="144.9662588">
    <tag k="amenity" v="cafe" />
    <tag k="name" v="Parco" />
  </node>
  <node id="2010051536" lat="-37.8032324" lon="144.9663842">
    <tag k="amenity" v="telephone" />
    <tag k="check_date" v="2026-05-28" />
  </node>
  <node id="2023894032" lat="-37.8043085" lon="144.9661952">
    <tag k="amenity" v="telephone" />
    <tag k="check_date" v="2023-10-24" />
  </node>
  <node id="2023894035" lat="-37.8042788" lon="144.9662006">
    <tag k="amenity" v="post_box" />
    <tag k="collection_times" v="Mo-Fr 16:00" />
  </node>
  <node id="2025664562" lat="-37.8032032" lon="144.9663945">
    <tag k="bench" v="no" />
    <tag k="bin" v="yes" />
    <tag k="bus" v="yes" />
    <tag k="departures_board" v="timetable" />
    <tag k="gtfs:stop_code" v="957" />
    <tag k="gtfs:stop_id" v="957" />
    <tag k="highway" v="bus_stop" />
    <tag k="lit" v="yes" />
    <tag k="name" v="Argyle Square/Lygon Street" />
    <tag k="network" v="Transport Victoria" />
    <tag k="network:wikidata" v="Q7257648" />
    <tag k="public_transport" v="platform" />
    <tag k="ref" v="957" />
    <tag k="route_ref" v="200;207" />
    <tag k="shelter" v="no" />
    <tag k="tactile_paving" v="yes" />
  </node>
  <node id="2025671038" lat="-37.8046107" lon="144.9663848">
    <tag k="bench" v="no" />
    <tag k="bin" v="no" />
    <tag k="bus" v="yes" />
    <tag k="covered" v="yes" />
    <tag k="departures_board" v="yes" />
    <tag k="gtfs:stop_code" v="2581" />
    <tag k="gtfs:stop_id" v="2581" />
    <tag k="highway" v="bus_stop" />
    <tag k="lit" v="no" />
    <tag k="name" v="Queensberry Street/Lygon Street" />
    <tag k="network" v="Transport Victoria" />
    <tag k="network:wikidata" v="Q7257648" />
    <tag k="operator" v="Transdev Melbourne" />
    <tag k="public_transport" v="platform" />
    <tag k="ref" v="2581" />
    <tag k="route_ref" v="200;207" />
    <tag k="tactile_paving" v="yes" />
  </node>
  <node id="2216412666" lat="-37.8182886" lon="144.9758140">
    <tag k="name" v="Stop 7A: William Barak Bridge" />
    <tag k="network" v="PTV - Metropolitan Trams" />
    <tag k="network:wikidata" v="Q7257648" />
    <tag k="operator" v="Keolis Downer" />
    <tag k="operator:wikidata" v="Q6328065" />
    <tag k="public_transport" v="stop_position" />
    <tag k="railway" v="tram_stop" />
    <tag k="ref" v="7A" />
    <tag k="tram" v="yes" />
  </node>
  <node id="2346850366" lat="-37.8166535" lon="144.9757546" />
  <node id="2346850367" lat="-37.8160798" lon="144.9754429" />
  <node id="2707996396" lat="-37.8039460" lon="144.9683750" />
  <node id="3085953470" lat="-37.8175960" lon="144.9754304" />
  <node id="3085953471" lat="-37.8158827" lon="144.9740966" />
  <node id="3085953472" lat="-37.8177068" lon="144.9705602" />
  <node id="3085953475" lat="-37.8168029" lon="144.9701581" />
  <node id="3085953478" lat="-37.8169245" lon="144.9763056" />
  <node id="3085953479" lat="-37.8160718" lon="144.9726478" />
  <node id="3085953480" lat="-37.8222086" lon="144.9849281" />
  <node id="3085953481" lat="-37.8237838" lon="144.9878470" />
  <node id="3085953483" lat="-37.8237341" lon="144.9878677" />
  <node id="3085953486" lat="-37.8217806" lon="144.9839839" />
  <node id="3085953488" lat="-37.8232695" lon="144.9880505" />
  <node id="3085953489" lat="-37.8231824" lon="144.9880868" />
  <node id="3085953490" lat="-37.8230603" lon="144.9856255" />
  <node id="3085953491" lat="-37.8230376" lon="144.9876075" />
  <node id="3085953494" lat="-37.8163546" lon="144.9716726" />
  <node id="3085953495" lat="-37.8214373" lon="144.9819267" />
  <node id="3085953496" lat="-37.8172321" lon="144.9739101" />
  <node id="3085953497" lat="-37.8200226" lon="144.9800223" />
  <node id="3085953498" lat="-37.8233898" lon="144.9880171" />
  <node id="3085953499" lat="-37.8194012" lon="144.9798989" />
  <node id="3085953501" lat="-37.8180818" lon="144.9777076" />
  <node id="3085953507" lat="-37.8233786" lon="144.9865481" />
  <node id="3085953508" lat="-37.8192248" lon="144.9784355" />
  <node id="3085953511" lat="-37.8218208" lon="144.9825624" />
  <node id="3085953512" lat="-37.8234243" lon="144.9880015" />
  <node id="3085953513" lat="-37.8186793" lon="144.9786866" />
  <node id="3085953515" lat="-37.8203511" lon="144.9805239" />
  <node id="3085953517" lat="-37.8198059" lon="144.9806044" />
  <node id="3085953518" lat="-37.8213787" lon="144.9831900" />
  <node id="3085953519" lat="-37.8158400" lon="144.9736291" />
  <node id="3085953520" lat="-37.8196915" lon="144.9794027" />
  <node id="3085953521" lat="-37.8233080" lon="144.9880346" />
  <node id="3085953523" lat="-37.8236184" lon="144.9879184" />
  <node id="3085953524" lat="-37.8236502" lon="144.9879056" />
  <node id="3085953525" lat="-37.8178826" lon="144.9760366" />
  <node id="3085953526" lat="-37.8227404" lon="144.9862933" />
  <node id="3085953527" lat="-37.8208680" lon="144.9823049" />
  <node id="3085953528" lat="-37.8173814" lon="144.9768220" />
  <node id="3085953530" lat="-37.8173393" lon="144.9719306" />
  <node id="3085953532" lat="-37.8221817" lon="144.9832866" />
  <node id="3085953635" lat="-37.8184202" lon="144.9769512" />
  <node id="3085953636" lat="-37.8210354" lon="144.9813420" />
  <node id="3085953637" lat="-37.8203405" lon="144.9814814" />
  <node id="3085953638" lat="-37.8206498" lon="144.9808887" />
  <node id="3085953640" lat="-37.8188509" lon="144.9776915" />
  <node id="3085953641" lat="-37.8225058" lon="144.9840510" />
  <node id="3085953645" lat="-37.8172319" lon="144.9725100" />
  <node id="3085953646" lat="-37.8225963" lon="144.9858642" />
  <node id="3085953647" lat="-37.8174137" lon="144.9749074" />
  <node id="3085953648" lat="-37.8235185" lon="144.9869584" />
  <node id="3085953649" lat="-37.8228342" lon="144.9866875" />
  <node id="3085953651" lat="-37.8226980" lon="144.9845928" />
  <node id="3937087601" lat="-37.8181851" lon="144.9755070">
    <tag k="amenity" v="waste_basket" />
  </node>
  <node id="3937087602" lat="-37.8175032" lon="144.9749266" />
  <node id="3937087603" lat="-37.8175843" lon="144.9748880" />
  <node id="3937087604" lat="-37.8180465" lon="144.9756871" />
  <node id="3937087605" lat="-37.8180916" lon="144.9762038" />
  <node id="3937087606" lat="-37.8178523" lon="144.9757834" />
  <node id="3937113694" lat="-37.8145556" lon="144.9384221">
    <tag k="name" v="Stop D11: Waterfront City, Docklands" />
    <tag k="network" v="PTV - Metropolitan Trams" />
    <tag k="network:wikidata" v="Q7257648" />
    <tag k="operator" v="Keolis Downer" />
    <tag k="operator:wikidata" v="Q6328065" />
    <tag k="public_transport" v="stop_position" />
    <tag k="railway" v="tram_stop" />
    <tag k="ref" v="D11" />
    <tag k="tram" v="yes" />
  </node>
  <node id="4041048234" lat="-37.8039222" lon="144.9661966">
    <tag k="addr:housenumber" v="139-141" />
    <tag k="addr:street" v="Lygon Street" />
    <tag k="amenity" v="restaurant" />
    <tag k="cuisine" v="italian" />
    <tag k="name" v="Universal Italian" />
    <tag k="name:en" v="Universal Italian Restaurant &amp; Function Venue" />
    <tag k="note" v="Accessibility: category 2" />
    <tag k="opening_hours" v="Mo-Su 11:30-23:00" />
    <tag k="phone" v="+61 3 9347 4393" />
    <tag k="website" v="https://www.universalrestaurant.com.au/" />
  </node>
  <node id="4234880957" lat="-37.8044516" lon="144.9689198" />
  <node id="4234880958" lat="-37.8044664" lon="144.9690529" />
  <node id="4234925754" lat="-37.8045825" lon="144.9675509" />
  <node id="4234925766" lat="-37.8045543" lon="144.9672963" />
  <node id="4342128127" lat="-37.8034441" lon="144.9683331" />
  <node id="4342128131" lat="-37.8040359" lon="144.9681019" />
  <node id="4520380561" lat="-37.7880389" lon="144.9497219">
    <tag k="name" v="Stop 24: Elliott Avenue" />
    <tag k="network" v="PTV - Metropolitan Trams" />
    <tag k="network:wikidata" v="Q7257648" />
    <tag k="operator" v="Keolis Downer" />
    <tag k="operator:wikidata" v="Q6328065" />
    <tag k="public_transport" v="stop_position" />
    <tag k="railway" v="tram_stop" />
    <tag k="ref" v="24" />
    <tag k="tram" v="yes" />
  </node>
  <node id="4520380562" lat="-37.7878058" lon="144.9496233">
    <tag k="name" v="Stop 24: Elliott Avenue" />
    <tag k="network" v="PTV - Metropolitan Trams" />
    <tag k="network:wikidata" v="Q7257648" />
    <tag k="operator" v="Keolis Downer" />
    <tag k="operator:wikidata" v="Q6328065" />
    <tag k="public_transport" v="stop_position" />
    <tag k="railway" v="tram_stop" />
    <tag k="ref" v="24" />
    <tag k="tram" v="yes" />
  </node>
  <node id="4681252024" lat="-37.8237554" lon="144.9878584" />
  <node id="4795875806" lat="-37.8040255" lon="144.9665901">
    <tag k="addr:housenumber" v="130" />
    <tag k="addr:street" v="Lygon Street" />
    <tag k="amenity" v="restaurant" />
    <tag k="cuisine" v="italian" />
    <tag k="email" v="info@daguidomelbourne.com" />
    <tag k="name" v="Da Guido La Pasta" />
    <tag k="note" v="Accessibility: category 2" />
    <tag k="opening_hours" v="Mo-Fr 18:00-22:30; Sa,Su 12:00-15:00,17:00-22:30" />
    <tag k="phone" v="+61 3 8528 4547" />
    <tag k="website" v="https://www.daguidomelbourne.com/" />
  </node>
  <node id="5299390813" lat="-37.8118571" lon="144.9361346" />
  <node id="5299390820" lat="-37.8114704" lon="144.9375319" />
  <node id="5299391821" lat="-37.8113745" lon="144.9368917" />
  <node id="5299391822" lat="-37.8114219" lon="144.9366916" />
  <node id="5316107628" lat="-37.8033049" lon="144.9666943">
    <tag k="addr:housenumber" v="166" />
    <tag k="addr:street" v="Lygon Street" />
    <tag k="amenity" v="restaurant" />
    <tag k="cuisine" v="italian;pizza;italian_pizza;pasta" />
    <tag k="name" v="IL Gambero" />
    <tag k="outdoor_seating" v="yes" />
    <tag k="phone" v="+61 3 9663 2246" />
    <tag k="smoking" v="no" />
    <tag k="website" v="https://ilgambero.com.au/" />
  </node>
  <node id="5318247880" lat="-37.8184195" lon="144.9729888" />
  <node id="5318247881" lat="-37.8184027" lon="144.9733163" />
  <node id="5318247882" lat="-37.8183403" lon="144.9733100" />
  <node id="5318247883" lat="-37.8183572" lon="144.9729848" />
  <node id="5379562709" lat="-37.8136377" lon="144.9373257">
    <tag k="amenity" v="parcel_locker" />
    <tag k="brand" v="Australia Post" />
    <tag k="brand:wikidata" v="Q1142936" />
    <tag k="name" v="Australia Post Parcel Locker" />
    <tag k="operator" v="Australia Post" />
  </node>
  <node id="5402876546" lat="-37.8187433" lon="144.9743197" />
  <node id="5402876547" lat="-37.8189138" lon="144.9744298" />
  <node id="5402876548" lat="-37.8190304" lon="144.9745929" />
  <node id="5402876549" lat="-37.8191400" lon="144.9749101" />
  <node id="5402876550" lat="-37.8192584" lon="144.9753727" />
  <node id="5402876551" lat="-37.8193243" lon="144.9754996" />
  <node id="5402876552" lat="-37.8184746" lon="144.9746438" />
  <node id="5402876553" lat="-37.8192729" lon="144.9754681" />
  <node id="6021320893" lat="-37.8163922" lon="144.9373381" />
  <node id="6021320897" lat="-37.8170173" lon="144.9356863" />
  <node id="6021320898" lat="-37.8167130" lon="144.9358981" />
  <node id="6021320899" lat="-37.8165271" lon="144.9359786" />
  <node id="6021320900" lat="-37.8157876" lon="144.9355430" />
  <node id="6021320901" lat="-37.8166310" lon="144.9359877" />
  <node id="6021320902" lat="-37.8166799" lon="144.9359529" />
  <node id="6021320903" lat="-37.8165809" lon="144.9359939" />
  <node id="6021320904" lat="-37.8168402" lon="144.9355778" />
  <node id="6021320963" lat="-37.8165715" lon="144.9377202" />
  <node id="6193974885" lat="-37.8027040" lon="144.9673231">
    <tag k="addr:country" v="AU" />
    <tag k="addr:housenumber" v="62" />
    <tag k="addr:postcode" v="3053" />
    <tag k="addr:street" v="Pelham Street" />
    <tag k="addr:suburb" v="Carlton" />
    <tag k="amenity" v="cafe" />
    <tag k="name" v="Assembly" />
  </node>
  <node id="6660046795" lat="-37.8172835" lon="144.9703459" />
  <node id="6682437197" lat="-37.8049150" lon="144.9676826" />
  <node id="6682437198" lat="-37.8049234" lon="144.9677613" />
  <node id="6682437199" lat="-37.8040337" lon="144.9679138" />
  <node id="6682437200" lat="-37.8040253" lon="144.9678354" />
  <node id="6682437201" lat="-37.8039568" lon="144.9678460" />
  <node id="6682437202" lat="-37.8039652" lon="144.9679252" />
  <node id="6682437203" lat="-37.8031461" lon="144.9680632" />
  <node id="6682437204" lat="-37.8031388" lon="144.9679822" />
  <node id="6682437231" lat="-37.8028991" lon="144.9680370" />
  <node id="6682437232" lat="-37.8029002" lon="144.9680740" />
  <node id="6682437233" lat="-37.8029112" lon="144.9681083" />
  <node id="6682437234" lat="-37.8029308" lon="144.9681358" />
  <node id="6682437235" lat="-37.8029567" lon="144.9681531" />
  <node id="6682437236" lat="-37.8030661" lon="144.9680665" />
  <node id="6682437237" lat="-37.8030657" lon="144.9680331" />
  <node id="6682437238" lat="-37.8030571" lon="144.9680015" />
  <node id="6682437239" lat="-37.8030412" lon="144.9679748" />
  <node id="6682437240" lat="-37.8030196" lon="144.9679556" />
  <node id="6682437241" lat="-37.8029856" lon="144.9681582" />
  <node id="6682437242" lat="-37.8030143" lon="144.9681505" />
  <node id="6682437243" lat="-37.8030391" lon="144.9681309" />
  <node id="6682437244" lat="-37.8030571" lon="144.9681017" />
  <node id="6682437245" lat="-37.8029943" lon="144.9679459" />
  <node id="6682437246" lat="-37.8029679" lon="144.9679465" />
  <node id="6682437247" lat="-37.8029429" lon="144.9679574" />
  <node id="6682437248" lat="-37.8029219" lon="144.9679776" />
  <node id="6682437249" lat="-37.8029068" lon="144.9680050" />
  <node id="6682437250" lat="-37.8027872" lon="144.9680445" />
  <node id="6682437251" lat="-37.8027966" lon="144.9681326" />
  <node id="6682437252" lat="-37.8019840" lon="144.9682717" />
  <node id="6682437253" lat="-37.8019745" lon="144.9681834" />
  <node id="6699927522" lat="-37.8182377" lon="144.9764188">
    <tag k="railway" v="level_crossing" />
  </node>
  <node id="6741658234" lat="-37.8188690" lon="144.9741504">
    <tag k="amenity" v="waste_basket" />
    <tag k="check_date" v="2025-08-28" />
  </node>
  <node id="6741658237" lat="-37.8187865" lon="144.9740847">
    <tag k="board_type" v="history" />
    <tag k="check_date" v="2025-08-28" />
    <tag k="information" v="board" />
    <tag k="name" v="federation bells" />
    <tag k="tourism" v="information" />
  </node>
  <node id="6765477690" lat="-37.8148029" lon="144.9386247">
    <tag k="access" v="private" />
    <tag k="amenity" v="parking_entrance" />
    <tag k="parking" v="underground" />
  </node>
  <node id="6770663929" lat="-37.8184534" lon="144.9724007" />
  <node id="6770663930" lat="-37.8183505" lon="144.9727483" />
  <node id="6770663931" lat="-37.8179937" lon="144.9741043" />
  <node id="6770663932" lat="-37.8175310" lon="144.9732175" />
  <node id="6770663933" lat="-37.8177116" lon="144.9727890" />
  <node id="6770663934" lat="-37.8180877" lon="144.9716529" />
  <node id="6770663935" lat="-37.8181785" lon="144.9717573" />
  <node id="6770663936" lat="-37.8181701" lon="144.9719024" />
  <node id="6770663940" lat="-37.8177334" lon="144.9749836" />
  <node id="6770663941" lat="-37.8178792" lon="144.9752743" />
  <node id="6775928320" lat="-37.8031960" lon="144.9664397">
    <tag k="bus" v="yes" />
    <tag k="gtfs:stop_code" v="957" />
    <tag k="gtfs:stop_id" v="957" />
    <tag k="name" v="Argyle Square/Lygon Street" />
    <tag k="network" v="Transport Victoria" />
    <tag k="public_transport" v="stop_position" />
    <tag k="ref" v="957" />
  </node>
  <node id="7201830377" lat="-37.8146318" lon="144.9386252">
    <tag k="amenity" v="drinking_water" />
  </node>
  <node id="7228376808" lat="-37.8040544" lon="144.9661734">
    <tag k="amenity" v="pharmacy" />
    <tag k="dispensing" v="yes" />
    <tag k="healthcare" v="pharmacy" />
    <tag k="name" v="Carlton Pharmacy" />
    <tag k="note" v="Accessibility: category 1" />
    <tag k="opening_hours" v="Mo-Fr 10:00-15:00; Sa,Su off" />
  </node>
  <node id="7228376809" lat="-37.8039895" lon="144.9661806">
    <tag k="amenity" v="events_venue" />
    <tag k="note" v="Accessibility: category 5" />
  </node>
  <node id="7228376810" lat="-37.8038040" lon="144.9662160">
    <tag k="addr:housenumber" v="143-145" />
    <tag k="addr:street" v="Lygon Street" />
    <tag k="amenity" v="restaurant" />
    <tag k="check_date" v="2025-02-05" />
    <tag k="cuisine" v="middle_eastern" />
    <tag k="name" v="Mandina" />
    <tag k="note" v="Accessibility: category 3" />
    <tag k="wheelchair" v="yes" />
  </node>
  <node id="7228376811" lat="-37.8046528" lon="144.9664500">
    <tag k="amenity" v="restaurant" />
    <tag k="note" v="Accessibility: category 2" />
  </node>
  <node id="7228376812" lat="-37.8045426" lon="144.9664759">
    <tag k="amenity" v="restaurant" />
    <tag k="name" v="Saigon Pho" />
    <tag k="note" v="Accessibility: category 2" />
  </node>
  <node id="7228376813" lat="-37.8042480" lon="144.9665229">
    <tag k="amenity" v="restaurant" />
    <tag k="note" v="Accessibility: category 2" />
  </node>
  <node id="7228376814" lat="-37.8041393" lon="144.9665474">
    <tag k="addr:housenumber" v="124" />
    <tag k="addr:street" v="Lygon Street" />
    <tag k="amenity" v="restaurant" />
    <tag k="check_date" v="2025-02-05" />
    <tag k="cuisine" v="thai" />
    <tag k="name" v="Thai City" />
    <tag k="note" v="Accessibility: category 2" />
    <tag k="phone" v="+61 3 9663 2028" />
  </node>
  <node id="7265000077" lat="-37.8184745" lon="144.9746500" />
  <node id="7587892185" lat="-37.8038156" lon="144.9661699">
    <tag k="amenity" v="bar" />
    <tag k="name" v="Shisha bar" />
  </node>
  <node id="7759253548" lat="-37.8034521" lon="144.9684077" />
  <node id="7759253561" lat="-37.8034463" lon="144.9683054" />
  <node id="7759253577" lat="-37.8040496" lon="144.9682295" />
  <node id="7759321671" lat="-37.8034525" lon="144.9674219" />
  <node id="7759321672" lat="-37.8034334" lon="144.9672469" />
  <node id="7759321699" lat="-37.8034713" lon="144.9672185" />
  <node id="7957754014" lat="-37.8172598" lon="144.9766397" />
  <node id="7957754015" lat="-37.8168140" lon="144.9761860" />
  <node id="7957754016" lat="-37.8166312" lon="144.9756915" />
  <node id="8943080718" lat="-37.8150436" lon="144.9371407">
    <tag k="railway" v="signal" />
    <tag k="railway:signal:direction" v="forward" />
    <tag k="railway:signal:stop" v="AU:LightRail:VIC:single_yellow_half" />
    <tag k="railway:signal:stop:form" v="sign" />
  </node>
  <node id="8943080719" lat="-37.8150051" lon="144.9371174">
    <tag k="railway" v="signal" />
    <tag k="railway:signal:direction" v="backward" />
    <tag k="railway:signal:stop" v="AU:LightRail:VIC:single_yellow_half" />
    <tag k="railway:signal:stop:form" v="sign" />
  </node>
  <node id="9141341742" lat="-37.8163714" lon="144.9382407" />
  <node id="9141341743" lat="-37.8162960" lon="144.9383014" />
  <node id="9880118211" lat="-37.8159609" lon="144.9745743" />
  <node id="9901842955" lat="-37.8148872" lon="144.9340261" />
  <node id="9901842956" lat="-37.8148963" lon="144.9340670" />
  <node id="10708970905" lat="-37.8037918" lon="144.9666268">
    <tag k="amenity" v="ice_cream" />
    <tag k="name" v="Becky Gelato" />
  </node>
  <node id="11187946013" lat="-37.8167114" lon="144.9759111" />
  <node id="11252669116" lat="-37.8034311" lon="144.9672255" />
  <node id="11252669117" lat="-37.8035388" lon="144.9672068" />
  <node id="11252669118" lat="-37.8035079" lon="144.9669228" />
  <node id="11252669119" lat="-37.8031682" lon="144.9669819" />
  <node id="11252669120" lat="-37.8031528" lon="144.9668400" />
  <node id="11252669121" lat="-37.8029841" lon="144.9668693" />
  <node id="11252669122" lat="-37.8030558" lon="144.9675284" />
  <node id="11252669123" lat="-37.8034565" lon="144.9674587" />
  <node id="11252669124" lat="-37.8034313" lon="144.9681649" />
  <node id="11252669125" lat="-37.8034412" lon="144.9683063" />
  <node id="11252669128" lat="-37.8045002" lon="144.9672238" />
  <node id="11252669129" lat="-37.8045596" lon="144.9672133" />
  <node id="11252669130" lat="-37.8045685" lon="144.9672938" />
  <node id="11252669131" lat="-37.8045896" lon="144.9676145" />
  <node id="11252669132" lat="-37.8044744" lon="144.9669904" />
  <node id="11252692940" lat="-37.8032531" lon="144.9674941" />
  <node id="11252692943" lat="-37.8033350" lon="144.9674798" />
  <node id="11252692944" lat="-37.8032941" lon="144.9674869" />
  <node id="11252693063" lat="-37.8044794" lon="144.9670362" />
  <node id="11252693064" lat="-37.8044903" lon="144.9671338" />
  <node id="11252693066" lat="-37.8045852" lon="144.9669707" />
  <node id="11252693067" lat="-37.8046836" lon="144.9669532" />
  <node id="11252693075" lat="-37.8045851" lon="144.9675746" />
  <node id="11252693076" lat="-37.8045691" lon="144.9674300" />
  <node id="11252693082" lat="-37.8048477" lon="144.9670793" />
  <node id="11252693083" lat="-37.8048308" lon="144.9669271" />
  <node id="11252693084" lat="-37.8047156" lon="144.9669475" />
  <node id="11252693085" lat="-37.8049008" lon="144.9675593" />
  <node id="11252693086" lat="-37.8047812" lon="144.9675805" />
  <node id="11252693087" lat="-37.8048850" lon="144.9674163" />
  <node id="11252693106" lat="-37.8034358" lon="144.9681642" />
  <node id="11252693107" lat="-37.8040317" lon="144.9680622" />
  <node id="11252693108" lat="-37.8040397" lon="144.9681370" />
  <node id="11252693109" lat="-37.8040575" lon="144.9683041" />
  <node id="11252693141" lat="-37.8044124" lon="144.9685656" />
  <node id="11252693142" lat="-37.8044814" lon="144.9691887" />
  <node id="11252693143" lat="-37.8040085" lon="144.9692726" />
  <node id="11252693144" lat="-37.8039540" lon="144.9687808" />
  <node id="11252693145" lat="-37.8039902" lon="144.9687744" />
  <node id="11252693184" lat="-37.8044473" lon="144.9688803" />
  <node id="11252693187" lat="-37.8042437" lon="144.9685955" />
  <node id="11252693189" lat="-37.8042141" lon="144.9683274" />
  <node id="11252693227" lat="-37.8039683" lon="144.9685767" />
  <node id="11282676823" lat="-37.8040945" lon="144.9665432">
    <tag k="addr:housenumber" v="126" />
    <tag k="addr:street" v="Lygon Street" />
    <tag k="amenity" v="restaurant" />
    <tag k="check_date" v="2025-07-21" />
    <tag k="check_date:opening_hours" v="2025-07-21" />
    <tag k="cuisine" v="ramen" />
    <tag k="email" v="carlton@gensuke.com.au" />
    <tag k="name" v="Hakata Gensuke" />
    <tag k="opening_hours" v="Mo-Su 11:30-21:30" />
    <tag k="payment:cash" v="yes" />
    <tag k="payment:mastercard" v="yes" />
    <tag k="payment:visa" v="yes" />
    <tag k="phone" v="+61 3 9078 4819" />
  </node>
  <node id="11393873889" lat="-37.8236196" lon="144.9872706" />
  <node id="11393873890" lat="-37.8237234" lon="144.9876223" />
  <node id="11393873892" lat="-37.8231551" lon="144.9880989" />
  <node id="11527339650" lat="-37.8166288" lon="144.9375715" />
  <node id="11576362216" lat="-37.8151974" lon="144.9379932">
    <tag k="amenity" v="restaurant" />
    <tag k="name" v="Dock 18" />
  </node>
  <node id="11576362231" lat="-37.8149947" lon="144.9384898">
    <tag k="addr:housenumber" v="439" />
    <tag k="addr:state" v="VIC" />
    <tag k="addr:street" v="Docklands Drive" />
    <tag k="addr:suburb" v="Docklands" />
    <tag k="addr:unit" v="4" />
    <tag k="name" v="Bike Force Docklands" />
    <tag k="shop" v="bicycle" />
    <tag k="website" v="https://www.bikeforcedocklands.com.au/" />
  </node>
  <node id="11576531263" lat="-37.8131077" lon="144.9390091" />
  <node id="11764983742" lat="-37.8187570" lon="144.9741142">
    <tag k="amenity" v="drinking_water" />
    <tag k="bottle" v="yes" />
    <tag k="fountain" v="bubbler;bottle_refill" />
  </node>
  <node id="11764983743" lat="-37.8184490" lon="144.9738218">
    <tag k="amenity" v="drinking_water" />
    <tag k="bottle" v="yes" />
    <tag k="fountain" v="bubbler" />
  </node>
  <node id="11768493567" lat="-37.8179521" lon="144.9741385" />
  <node id="11768493568" lat="-37.8179969" lon="144.9742242" />
  <node id="11768494869" lat="-37.8175694" lon="144.9732906" />
  <node id="11873911863" lat="-37.8172892" lon="144.9743419">
    <tag k="barrier" v="gate" />
  </node>
  <node id="11873915862" lat="-37.8174613" lon="144.9714802">
    <tag k="barrier" v="gate" />
  </node>
  <node id="11873915863" lat="-37.8172611" lon="144.9703356" />
  <node id="11873915866" lat="-37.8173082" lon="144.9703572" />
  <node id="11998043889" lat="-37.8158528" lon="144.9739034" />
  <node id="12511098031" lat="-37.8137548" lon="144.9376006">
    <tag k="level" v="0" />
    <tag k="name" v="Soytoy Club" />
    <tag k="shop" v="clothes" />
    <tag k="wheelchair" v="yes" />
  </node>
  <node id="12511098644" lat="-37.8138543" lon="144.9376363">
    <tag k="brand" v="City Chic" />
    <tag k="level" v="0" />
    <tag k="name" v="City Chic" />
    <tag k="shop" v="clothes" />
    <tag k="wheelchair" v="yes" />
  </node>
  <node id="12511098645" lat="-37.8142828" lon="144.9378663">
    <tag k="level" v="0" />
    <tag k="name" v="Kreative Human" />
    <tag k="second_hand" v="only" />
    <tag k="shop" v="clothes" />
    <tag k="wheelchair" v="yes" />
  </node>
  <node id="12511098646" lat="-37.8141912" lon="144.9381514">
    <tag k="level" v="0" />
    <tag k="name" v="Sporting House" />
    <tag k="shop" v="sports" />
    <tag k="wheelchair" v="yes" />
  </node>
  <node id="12511098647" lat="-37.8139047" lon="144.9380055">
    <tag k="brand" v="Toyworld" />
    <tag k="level" v="0" />
    <tag k="name" v="Toyworld" />
    <tag k="shop" v="toys" />
    <tag k="wheelchair" v="yes" />
  </node>
  <node id="12511098648" lat="-37.8143511" lon="144.9379163">
    <tag k="clothes" v="men;suits" />
    <tag k="level" v="0" />
    <tag k="name" v="Bossini" />
    <tag k="second_hand" v="no" />
    <tag k="shop" v="clothes" />
    <tag k="wheelchair" v="yes" />
  </node>
  <node id="12511098649" lat="-37.8144202" lon="144.9379587">
    <tag k="clothes" v="women" />
    <tag k="level" v="0" />
    <tag k="name" v="Hidden Agenda" />
    <tag k="shop" v="clothes" />
    <tag k="wheelchair" v="yes" />
  </node>
  <node id="12511098650" lat="-37.8141188" lon="144.9377722">
    <tag k="level" v="0" />
    <tag k="name" v="Dream In Style" />
    <tag k="shop" v="craft" />
    <tag k="wheelchair" v="yes" />
  </node>
  <node id="12511098651" lat="-37.8140284" lon="144.9377337">
    <tag k="level" v="0" />
    <tag k="name" v="Travelite" />
    <tag k="shop" v="bag" />
    <tag k="wheelchair" v="yes" />
  </node>
  <node id="12511098652" lat="-37.8139429" lon="144.9376902">
    <tag k="brand" v="Kaisercraft" />
    <tag k="level" v="0" />
    <tag k="name" v="Kaisercraft" />
    <tag k="shop" v="craft" />
    <tag k="wheelchair" v="yes" />
  </node>
  <node id="12511098653" lat="-37.8142043" lon="144.9378223">
    <tag k="level" v="0" />
    <tag k="name" v="Alpaka" />
    <tag k="shop" v="clothes" />
    <tag k="wheelchair" v="yes" />
  </node>
  <node id="12511098654" lat="-37.8144921" lon="144.9379990">
    <tag k="level" v="0" />
    <tag k="name" v="Souvenirs Direct" />
    <tag k="shop" v="gift" />
    <tag k="wheelchair" v="yes" />
  </node>
  <node id="12511106581" lat="-37.8147577" lon="144.9383467">
    <tag k="level" v="0" />
    <tag k="name" v="Xpress Supermarket" />
    <tag k="shop" v="supermarket" />
    <tag k="wheelchair" v="yes" />
  </node>
  <node id="12511106583" lat="-37.8149047" lon="144.9384301">
    <tag k="level" v="0" />
    <tag k="name" v="Pets Love Me" />
    <tag k="opening_hours" v="Tu-Su 10:30-18:30; Mo closed; PH closed" />
    <tag k="shop" v="pet" />
    <tag k="wheelchair" v="yes" />
  </node>
  <node id="12511106585" lat="-37.8152039" lon="144.9386142">
    <tag k="level" v="0" />
    <tag k="name" v="Luxe Bathhouse" />
    <tag k="shop" v="massage" />
  </node>
  <node id="12517629271" lat="-37.8172176" lon="144.9728591" />
  <node id="12517629272" lat="-37.8172457" lon="144.9724154" />
  <node id="12517629273" lat="-37.8172684" lon="144.9722637" />
  <node id="12517671760" lat="-37.8180300" lon="144.9761198" />
  <node id="12517671822" lat="-37.8196036" lon="144.9792034" />
  <node id="12557882677" lat="-37.8041858" lon="144.9665399">
    <tag k="addr:housenumber" v="122" />
    <tag k="addr:street" v="Lygon Street" />
    <tag k="amenity" v="restaurant" />
    <tag k="check_date" v="2025-02-05" />
    <tag k="cuisine" v="indonesian" />
    <tag k="name" v="Kantin" />
    <tag k="wheelchair" v="yes" />
  </node>
  <node id="12557883264" lat="-37.8036367" lon="144.9666452">
    <tag k="addr:housenumber" v="150" />
    <tag k="addr:street" v="Lygon Street" />
    <tag k="amenity" v="ice_cream" />
    <tag k="check_date" v="2025-07-21" />
    <tag k="check_date:opening_hours" v="2025-07-21" />
    <tag k="name" v="Beku Gelato" />
    <tag k="opening_hours" v="Mo-Th 12:30-22:00; Fr 12:30-23:00; Sa 12:00-23:00; Su 12:00-22:00" />
    <tag k="wheelchair" v="yes" />
  </node>
  <node id="12557893946" lat="-37.8036704" lon="144.9662340">
    <tag k="addr:housenumber" v="151" />
    <tag k="addr:street" v="Lygon Street" />
    <tag k="amenity" v="restaurant" />
    <tag k="check_date" v="2025-02-05" />
    <tag k="cuisine" v="mexican" />
    <tag k="name" v="La Cabera" />
  </node>
  <node id="12577020722" lat="-37.8173747" lon="144.9717986" />
  <node id="12577020723" lat="-37.8172974" lon="144.9721297" />
  <node id="12577020724" lat="-37.8172248" lon="144.9727261" />
  <node id="12577020725" lat="-37.8172357" lon="144.9732388" />
  <node id="12577020726" lat="-37.8172391" lon="144.9739901" />
  <node id="12577034952" lat="-37.8168628" lon="144.9701537" />
  <node id="12577034953" lat="-37.8176123" lon="144.9704961" />
  <node id="12577052049" lat="-37.8165363" lon="144.9710573" />
  <node id="12577052050" lat="-37.8166271" lon="144.9707631" />
  <node id="12577067973" lat="-37.8161912" lon="144.9722275" />
  <node id="12580376972" lat="-37.8159165" lon="144.9731545" />
  <node id="12580376973" lat="-37.8158896" lon="144.9732523" />
  <node id="12580376974" lat="-37.8160165" lon="144.9728145" />
  <node id="12580376975" lat="-37.8160669" lon="144.9726453" />
  <node id="12580376976" lat="-37.8158708" lon="144.9733420" />
  <node id="12580376977" lat="-37.8158581" lon="144.9734300" />
  <node id="12580376978" lat="-37.8158469" lon="144.9735303" />
  <node id="12580376979" lat="-37.8158365" lon="144.9737588" />
  <node id="12580376980" lat="-37.8158426" lon="144.9738431" />
  <node id="12580376981" lat="-37.8159084" lon="144.9741908" />
  <node id="12580376982" lat="-37.8159290" lon="144.9742948" />
  <node id="12580376983" lat="-37.8159412" lon="144.9744261" />
  <node id="12580376984" lat="-37.8164137" lon="144.9755949" />
  <node id="12580376985" lat="-37.8168358" lon="144.9762084" />
  <node id="12580485601" lat="-37.8179456" lon="144.9744528" />
  <node id="12580485602" lat="-37.8179634" lon="144.9743717" />
  <node id="12580485603" lat="-37.8180159" lon="144.9745925" />
  <node id="12580485604" lat="-37.8180577" lon="144.9745595" />
  <node id="12580485605" lat="-37.8180274" lon="144.9747326" />
  <node id="12580485606" lat="-37.8181390" lon="144.9749202" />
  <node id="12580485607" lat="-37.8179747" lon="144.9746365" />
  <node id="12581491829" lat="-37.8179981" lon="144.9755430" />
  <node id="12581491830" lat="-37.8176729" lon="144.9749028" />
  <node id="12581491831" lat="-37.8177026" lon="144.9749364" />
  <node id="12581491832" lat="-37.8176376" lon="144.9748862" />
  <node id="12581491833" lat="-37.8176100" lon="144.9748797" />
  <node id="12581491834" lat="-37.8176411" lon="144.9753214" />
  <node id="12581491835" lat="-37.8175753" lon="144.9751448" />
  <node id="12581491836" lat="-37.8177361" lon="144.9755448" />
  <node id="12581491837" lat="-37.8179540" lon="144.9759706" />
  <node id="12581491838" lat="-37.8181277" lon="144.9762530" />
  <node id="12581948748" lat="-37.8184805" lon="144.9746513" />
  <node id="12592861433" lat="-37.8158719" lon="144.9740238" />
  <node id="12592861434" lat="-37.8158954" lon="144.9740570" />
  <node id="12617861320" lat="-37.8137191" lon="144.9372213">
    <tag k="access" v="yes" />
    <tag k="addr:floor" v="G" />
    <tag k="addr:housenumber" v="28-38" />
    <tag k="addr:street" v="Pearl River Road" />
    <tag k="amenity" v="toilets" />
    <tag k="changing_table" v="yes" />
    <tag k="check_date" v="2025-02-25" />
    <tag k="fee" v="no" />
    <tag k="level" v="0" />
    <tag k="source" v="local knowledge" />
    <tag k="toilets:disposal" v="flush" />
    <tag k="toilets:handwashing" v="yes" />
    <tag k="toilets:position" v="seated" />
    <tag k="wheelchair" v="yes" />
  </node>
  <node id="13014783924" lat="-37.8033387" lon="144.9663320">
    <tag k="amenity" v="bicycle_parking" />
    <tag k="bicycle_parking" v="stands" />
    <tag k="capacity" v="6" />
    <tag k="covered" v="no" />
  </node>
  <node id="13014786878" lat="-37.8033654" lon="144.9663304">
    <tag k="amenity" v="drinking_water" />
    <tag k="fountain" v="bubbler" />
  </node>
  <node id="13014789195" lat="-37.8031266" lon="144.9663527">
    <tag k="amenity" v="bench" />
    <tag k="backrest" v="yes" />
  </node>
  <node id="13014789995" lat="-37.8033896" lon="144.9663283">
    <tag k="amenity" v="waste_basket" />
  </node>
  <node id="13014792140" lat="-37.8049942" lon="144.9681135">
    <tag k="amenity" v="recycling" />
    <tag k="recycling:cans" v="yes" />
    <tag k="recycling:glass_bottles" v="yes" />
    <tag k="recycling:plastic" v="no" />
    <tag k="recycling:plastic_packaging" v="yes" />
    <tag k="recycling_type" v="container" />
  </node>
  <node id="13014796082" lat="-37.8030475" lon="144.9663718">
    <tag k="amenity" v="bench" />
    <tag k="backrest" v="yes" />
  </node>
  <node id="13014797104" lat="-37.8042873" lon="144.9665260">
    <tag k="amenity" v="restaurant" />
    <tag k="name" v="Laksa House 118" />
  </node>
  <node id="13014811577" lat="-37.8048653" lon="144.9668104">
    <tag k="amenity" v="waste_basket" />
  </node>
  <node id="13014813172" lat="-37.8035792" lon="144.9666512">
    <tag k="amenity" v="bar" />
    <tag k="name" v="El Giza" />
  </node>
  <node id="13014816790" lat="-37.8048619" lon="144.9667855">
    <tag k="amenity" v="bicycle_parking" />
    <tag k="bicycle_parking" v="stands" />
    <tag k="capacity" v="2" />
    <tag k="covered" v="no" />
  </node>
  <node id="13014819609" lat="-37.8049917" lon="144.9680999">
    <tag k="amenity" v="waste_basket" />
  </node>
  <node id="13070182917" lat="-37.8233243" lon="144.9880297" />
  <node id="13070182918" lat="-37.8233574" lon="144.9880289" />
  <node id="13187434945" lat="-37.8189522" lon="144.9740125">
    <tag k="amenity" v="bench" />
    <tag k="backrest" v="no" />
  </node>
  <node id="13187676753" lat="-37.8189134" lon="144.9739626">
    <tag k="amenity" v="bench" />
    <tag k="backrest" v="no" />
  </node>
  <node id="13588658094" lat="-37.8184086" lon="144.9717111" />
  <node id="13588658095" lat="-37.8184769" lon="144.9718002" />
  <node id="13588788200" lat="-37.8184579" lon="144.9722852" />
  <node id="13588861382" lat="-37.8186553" lon="144.9741650">
    <tag k="artwork_type" v="installation" />
    <tag k="name" v="Federation Bells" />
    <tag k="tourism" v="artwork" />
    <tag k="website" v="http://federationbells.com.au/" />
    <tag k="wikidata" v="Q5440724" />
    <tag k="wikipedia" v="en:Federation Bells" />
  </node>
  <node id="13588874261" lat="-37.8188423" lon="144.9740228">
    <tag k="tourism" v="viewpoint" />
  </node>
  <node id="13588874268" lat="-37.8186380" lon="144.9744467" />
  <node id="13739819319" lat="-37.8148587" lon="144.9375000">
    <tag k="railway" v="signal" />
    <tag k="railway:signal:direction" v="forward" />
    <tag k="railway:signal:stop" v="AU:LightRail:VIC:double_yellow" />
    <tag k="railway:signal:stop:form" v="sign" />
  </node>
  <node id="13739819320" lat="-37.8148980" lon="144.9375243">
    <tag k="railway" v="signal" />
    <tag k="railway:signal:direction" v="backward" />
    <tag k="railway:signal:stop" v="AU:LightRail:VIC:double_yellow" />
    <tag k="railway:signal:stop:form" v="sign" />
  </node>
  <node id="13739819321" lat="-37.8149753" lon="144.9373212">
    <tag k="railway" v="signal" />
    <tag k="railway:signal:direction" v="forward" />
    <tag k="railway:signal:stop" v="AU:LightRail:VIC:single_yellow_half" />
    <tag k="railway:signal:stop:form" v="sign" />
  </node>
  <node id="13739819322" lat="-37.8150008" lon="144.9372529">
    <tag k="railway" v="signal" />
    <tag k="railway:signal:direction" v="forward" />
    <tag k="railway:signal:stop" v="AU:LightRail:VIC:double_yellow" />
    <tag k="railway:signal:stop:form" v="sign" />
  </node>
  <node id="13739819323" lat="-37.8150398" lon="144.9371504">
    <tag k="railway" v="signal" />
    <tag k="railway:signal:direction" v="forward" />
    <tag k="railway:signal:stop" v="AU:LightRail:VIC:triple_yellow_half" />
    <tag k="railway:signal:stop:form" v="sign" />
  </node>
  <node id="13739819324" lat="-37.8149614" lon="144.9372324">
    <tag k="railway" v="signal" />
    <tag k="railway:signal:direction" v="backward" />
    <tag k="railway:signal:stop" v="AU:LightRail:VIC:double_yellow_half" />
    <tag k="railway:signal:stop:form" v="sign" />
  </node>
  <node id="13739819325" lat="-37.8149337" lon="144.9373040">
    <tag k="railway" v="signal" />
    <tag k="railway:signal:direction" v="backward" />
    <tag k="railway:signal:stop" v="AU:LightRail:VIC:single_yellow_half" />
    <tag k="railway:signal:stop:form" v="sign" />
  </node>
  <node id="13739819326" lat="-37.8150002" lon="144.9371313">
    <tag k="railway" v="signal" />
    <tag k="railway:signal:direction" v="backward" />
    <tag k="railway:signal:stop" v="AU:LightRail:VIC:triple_yellow_half" />
    <tag k="railway:signal:stop:form" v="sign" />
  </node>
  <node id="13739819327" lat="-37.8150975" lon="144.9369982">
    <tag k="railway" v="signal" />
    <tag k="railway:signal:direction" v="forward" />
    <tag k="railway:signal:stop" v="AU:LightRail:VIC:double_yellow_half" />
    <tag k="railway:signal:stop:form" v="sign" />
  </node>
  <node id="13739819328" lat="-37.8150588" lon="144.9369738">
    <tag k="railway" v="signal" />
    <tag k="railway:signal:direction" v="backward" />
    <tag k="railway:signal:stop" v="AU:LightRail:VIC:double_yellow_half" />
    <tag k="railway:signal:stop:form" v="sign" />
  </node>
  <node id="13739819329" lat="-37.8151945" lon="144.9367464">
    <tag k="railway" v="signal" />
    <tag k="railway:signal:direction" v="forward" />
    <tag k="railway:signal:stop" v="AU:LightRail:VIC:double_yellow" />
    <tag k="railway:signal:stop:form" v="sign" />
  </node>
  <node id="13739819330" lat="-37.8151697" lon="144.9366843">
    <tag k="railway" v="signal" />
    <tag k="railway:signal:direction" v="backward" />
    <tag k="railway:signal:stop" v="AU:LightRail:VIC:double_yellow" />
    <tag k="railway:signal:stop:form" v="sign" />
  </node>
  <node id="13739819331" lat="-37.8146891" lon="144.9380715">
    <tag k="railway" v="signal" />
    <tag k="railway:signal:direction" v="forward" />
    <tag k="railway:signal:stop" v="AU:LightRail:VIC:provisional" />
    <tag k="railway:signal:stop:form" v="sign" />
  </node>
  <node id="13739819332" lat="-37.8146394" lon="144.9382029">
    <tag k="railway" v="signal" />
    <tag k="railway:signal:direction" v="forward" />
    <tag k="railway:signal:route" v="AU:LightRail:VIC:command_stud_1" />
    <tag k="railway:signal:route:form" v="sign" />
  </node>
  <node id="13739819334" lat="-37.8146337" lon="144.9382164">
    <tag k="railway" v="signal" />
    <tag k="railway:signal:direction" v="forward" />
    <tag k="railway:signal:position" v="right" />
    <tag k="railway:signal:route" v="AU:LightRail:VIC:vetra" />
    <tag k="railway:signal:route:form" v="sign" />
  </node>
  <node id="13739819335" lat="-37.8146967" lon="144.9380516">
    <tag k="railway" v="signal" />
    <tag k="railway:signal:direction" v="forward" />
    <tag k="railway:signal:minor" v="AU:LightRail:PI" />
    <tag k="railway:signal:minor:form" v="light" />
    <tag k="railway:signal:minor:states" v="stop;right;straight" />
    <tag k="railway:signal:position" v="right" />
  </node>
  <node id="13739819336" lat="-37.8147704" lon="144.9378607">
    <tag k="railway" v="signal" />
    <tag k="railway:signal:direction" v="forward" />
    <tag k="railway:signal:minor" v="AU:LightRail:PI" />
    <tag k="railway:signal:minor:form" v="light" />
    <tag k="railway:signal:minor:states" v="stop;right;straight" />
    <tag k="railway:signal:position" v="right" />
  </node>
  <node id="13813344246" lat="-37.8148217" lon="144.9376546">
    <tag k="railway" v="tram_level_crossing" />
  </node>
  <node id="14127615266" lat="-37.8146639" lon="144.9378326">
    <tag k="amenity" v="recycling" />
    <tag k="recycling_type" v="container" />
  </node>
  <node id="14127618734" lat="-37.8145989" lon="144.9379629">
    <tag k="amenity" v="bicycle_parking" />
    <tag k="bicycle_parking" v="stands" />
    <tag k="capacity" v="6" />
    <tag k="covered" v="no" />
  </node>
  <node id="14127619169" lat="-37.8144332" lon="144.9383137">
    <tag k="amenity" v="bicycle_parking" />
  </node>
  <node id="14127634036" lat="-37.8145455" lon="144.9380674">
    <tag k="amenity" v="bicycle_parking" />
    <tag k="bicycle_parking" v="stands" />
    <tag k="capacity" v="18" />
    <tag k="covered" v="no" />
  </node>
  <node id="14127639689" lat="-37.8146582" lon="144.9378499">
    <tag k="amenity" v="waste_basket" />
  </node>
  <way id="27462913">
    <nd ref="709963141" />
    <nd ref="709975513" />
    <nd ref="709963112" />
    <nd ref="301545285" />
    <nd ref="709974145" />
    <nd ref="709970691" />
    <nd ref="709972143" />
    <nd ref="301545279" />
    <nd ref="1224869661" />
    <nd ref="301545280" />
    <nd ref="301545281" />
    <nd ref="709965773" />
    <nd ref="709965784" />
    <nd ref="709965793" />
    <nd ref="709965801" />
    <nd ref="301545283" />
    <nd ref="506045941" />
    <nd ref="448103538" />
    <nd ref="9901842956" />
    <nd ref="9901842955" />
    <nd ref="448103554" />
    <nd ref="709963537" />
    <nd ref="709963141" />
    <tag k="addr:housenumber" v="458-490" />
    <tag k="addr:street" v="Docklands Drive" />
    <tag k="amenity" v="studio" />
    <tag k="landuse" v="commercial" />
    <tag k="name" v="Docklands Studios Melbourne" />
    <tag k="note" v="Film Studios" />
    <tag k="source" v="Vicmap Address" />
    <tag k="studio" v="video" />
    <tag k="website" v="https://www.dsmelbourne.com/" />
    <tag k="wikidata" v="Q5287229" />
  </way>
  <way id="37667836">
    <nd ref="441588014" />
    <nd ref="634785802" />
    <nd ref="634785803" />
    <nd ref="634785804" />
    <nd ref="634785826" />
    <nd ref="634785827" />
    <nd ref="634785828" />
    <nd ref="634785829" />
    <nd ref="634785830" />
    <nd ref="634785831" />
    <nd ref="634785839" />
    <nd ref="634785844" />
    <nd ref="634785845" />
    <nd ref="634785840" />
    <nd ref="441588015" />
    <nd ref="634785846" />
    <nd ref="634785847" />
    <nd ref="634785848" />
    <nd ref="634785849" />
    <nd ref="634784020" />
    <nd ref="441588016" />
    <nd ref="634784021" />
    <nd ref="634784022" />
    <nd ref="441588017" />
    <nd ref="441588018" />
    <nd ref="5299390813" />
    <nd ref="441588019" />
    <nd ref="441588021" />
    <nd ref="441588022" />
    <nd ref="5299391822" />
    <nd ref="5299391821" />
    <nd ref="441588023" />
    <nd ref="441588025" />
    <nd ref="5299390820" />
    <nd ref="441588026" />
    <nd ref="441588027" />
    <nd ref="634774945" />
    <nd ref="634774946" />
    <nd ref="441588028" />
    <nd ref="634774947" />
    <nd ref="441588030" />
    <nd ref="441588031" />
    <nd ref="1224821948" />
    <nd ref="1224821939" />
    <nd ref="634780146" />
    <nd ref="1224821945" />
    <nd ref="11576531263" />
    <nd ref="634785833" />
    <nd ref="634785821" />
    <nd ref="634785822" />
    <nd ref="634785823" />
    <nd ref="441588014" />
    <tag k="landuse" v="retail" />
    <tag k="name" v="The District Docklands" />
    <tag k="shop" v="mall" />
    <tag k="website" v="https://www.thedistrictdocklands.com.au/" />
    <tag k="wheelchair" v="yes" />
  </way>
  <way id="49961475">
    <nd ref="634784135" />
    <nd ref="634784136" />
    <nd ref="634784137" />
    <nd ref="634784138" />
    <nd ref="634784139" />
    <nd ref="634784140" />
    <nd ref="1560149596" />
    <nd ref="1560149543" />
    <nd ref="1560149516" />
    <nd ref="1560149575" />
    <nd ref="634784144" />
    <nd ref="9141341743" />
    <nd ref="9141341742" />
    <nd ref="1560149467" />
    <nd ref="6021320963" />
    <nd ref="11527339650" />
    <nd ref="634784251" />
    <nd ref="1560149525" />
    <nd ref="1560149457" />
    <nd ref="1560149489" />
    <nd ref="6021320893" />
    <nd ref="1560149438" />
    <nd ref="1560149484" />
    <nd ref="1560149548" />
    <nd ref="1560149520" />
    <nd ref="1560149524" />
    <nd ref="1560149593" />
    <nd ref="1560149542" />
    <nd ref="1560149462" />
    <nd ref="1560149589" />
    <nd ref="1560149509" />
    <nd ref="1560149498" />
    <nd ref="710013215" />
    <nd ref="634784135" />
    <tag k="landuse" v="residential" />
    <tag k="name" v="NewQuay Parkland Precinct" />
  </way>
  <way id="304076912">
    <nd ref="3085953530" />
    <nd ref="12577020723" />
    <nd ref="12517629273" />
    <nd ref="12517629272" />
    <nd ref="3085953645" />
    <nd ref="12577020724" />
    <nd ref="12517629271" />
    <nd ref="12577020725" />
    <nd ref="3085953496" />
    <nd ref="12577020726" />
    <nd ref="11873911863" />
    <nd ref="3085953647" />
    <nd ref="3085953470" />
    <nd ref="3085953525" />
    <nd ref="3085953635" />
    <nd ref="3085953640" />
    <nd ref="3085953508" />
    <nd ref="12517671822" />
    <nd ref="3085953520" />
    <nd ref="3085953497" />
    <nd ref="3085953515" />
    <nd ref="3085953638" />
    <nd ref="3085953636" />
    <nd ref="3085953495" />
    <nd ref="3085953511" />
    <nd ref="3085953532" />
    <nd ref="3085953641" />
    <nd ref="3085953651" />
    <nd ref="3085953490" />
    <nd ref="3085953507" />
    <nd ref="3085953648" />
    <nd ref="11393873889" />
    <nd ref="11393873890" />
    <nd ref="3085953481" />
    <nd ref="4681252024" />
    <nd ref="3085953483" />
    <nd ref="3085953524" />
    <nd ref="3085953523" />
    <nd ref="576879147" />
    <nd ref="60091346" />
    <nd ref="3085953512" />
    <nd ref="3085953498" />
    <nd ref="13070182918" />
    <nd ref="13070182917" />
    <nd ref="3085953521" />
    <nd ref="3085953488" />
    <nd ref="3085953489" />
    <nd ref="11393873892" />
    <nd ref="577456443" />
    <nd ref="3085953491" />
    <nd ref="3085953649" />
    <nd ref="3085953526" />
    <nd ref="3085953646" />
    <nd ref="3085953480" />
    <nd ref="3085953486" />
    <nd ref="3085953518" />
    <nd ref="3085953527" />
    <nd ref="3085953637" />
    <nd ref="3085953517" />
    <nd ref="3085953499" />
    <nd ref="3085953513" />
    <nd ref="3085953501" />
    <nd ref="3085953528" />
    <nd ref="7957754014" />
    <nd ref="3085953478" />
    <nd ref="12580376985" />
    <nd ref="7957754015" />
    <nd ref="11187946013" />
    <nd ref="2346850366" />
    <nd ref="7957754016" />
    <nd ref="12580376984" />
    <nd ref="2346850367" />
    <nd ref="9880118211" />
    <nd ref="12580376983" />
    <nd ref="12580376982" />
    <nd ref="12580376981" />
    <nd ref="3085953471" />
    <nd ref="12592861434" />
    <nd ref="294636076" />
    <nd ref="12592861433" />
    <nd ref="294630207" />
    <nd ref="11998043889" />
    <nd ref="12580376980" />
    <nd ref="12580376979" />
    <nd ref="3085953519" />
    <nd ref="12580376978" />
    <nd ref="12580376977" />
    <nd ref="12580376976" />
    <nd ref="12580376973" />
    <nd ref="12580376972" />
    <nd ref="12580376974" />
    <nd ref="12580376975" />
    <nd ref="3085953479" />
    <nd ref="266736957" />
    <nd ref="252588317" />
    <nd ref="576878121" />
    <nd ref="576878090" />
    <nd ref="54562221" />
    <nd ref="576878131" />
    <nd ref="12577067973" />
    <nd ref="3085953494" />
    <nd ref="12577052049" />
    <nd ref="12577052050" />
    <nd ref="3085953475" />
    <nd ref="12577034952" />
    <nd ref="11873915863" />
    <nd ref="6660046795" />
    <nd ref="11873915866" />
    <nd ref="12577034953" />
    <nd ref="3085953472" />
    <nd ref="11873915862" />
    <nd ref="12577020722" />
    <nd ref="3085953530" />
    <tag k="area" v="yes" />
    <tag k="landuse" v="railway" />
    <tag k="operator" v="VicTrack" />
  </way>
  <way id="390550951">
    <nd ref="3937087602" />
    <nd ref="3937087603" />
    <nd ref="12581491833" />
    <nd ref="12581491832" />
    <nd ref="12581491830" />
    <nd ref="12581491831" />
    <nd ref="6770663940" />
    <nd ref="6770663941" />
    <nd ref="12581491829" />
    <nd ref="3937087604" />
    <nd ref="582800634" />
    <nd ref="12581491838" />
    <nd ref="3937087605" />
    <nd ref="12517671760" />
    <nd ref="12581491837" />
    <nd ref="3937087606" />
    <nd ref="12581491836" />
    <nd ref="12581491834" />
    <nd ref="12581491835" />
    <nd ref="3937087602" />
    <tag k="check_date" v="2019-11-22" />
    <tag k="fee" v="yes" />
    <tag k="landuse" v="construction" />
    <tag k="name" v="Metro Tunnel Construction Site" />
    <tag k="note" v="Used for staging materials" />
    <tag k="surface" v="asphalt" />
  </way>
  <way id="550625530">
    <nd ref="5318247883" />
    <nd ref="5318247882" />
    <nd ref="5318247881" />
    <nd ref="5318247880" />
    <nd ref="5318247883" />
    <tag k="landuse" v="meadow" />
    <tag k="name" v="The Woody Meadow" />
    <tag k="website" v="https://pursuit.unimelb.edu.au/articles/a-woody-meadow-in-the-heart-of-the-city" />
  </way>
  <way id="560241558">
    <nd ref="5402876546" />
    <nd ref="5402876547" />
    <nd ref="5402876548" />
    <nd ref="5402876549" />
    <nd ref="5402876550" />
    <nd ref="5402876553" />
    <nd ref="5402876551" />
    <nd ref="579399666" />
    <nd ref="579399660" />
    <nd ref="579399656" />
    <nd ref="579399652" />
    <nd ref="12581948748" />
    <nd ref="7265000077" />
    <nd ref="5402876552" />
    <nd ref="13588874268" />
    <nd ref="5402876546" />
    <tag k="landuse" v="grass" />
  </way>
  <way id="638949346">
    <nd ref="6021320897" />
    <nd ref="6021320904" />
    <nd ref="6021320898" />
    <nd ref="6021320902" />
    <nd ref="6021320901" />
    <nd ref="6021320903" />
    <nd ref="6021320899" />
    <nd ref="6021320900" />
    <nd ref="710013215" />
    <nd ref="1560149509" />
    <nd ref="1560149589" />
    <nd ref="1560149462" />
    <nd ref="1560149542" />
    <nd ref="1560149593" />
    <nd ref="1560149524" />
    <nd ref="1560149520" />
    <nd ref="1560149548" />
    <nd ref="1560149484" />
    <nd ref="1560149438" />
    <nd ref="6021320893" />
    <nd ref="1271016120" />
    <nd ref="6021320897" />
    <tag k="addr:housenumber" v="473" />
    <tag k="addr:postcode" v="3008" />
    <tag k="addr:state" v="VIC" />
    <tag k="addr:street" v="Docklands Drive" />
    <tag k="addr:suburb" v="Docklands" />
    <tag k="landuse" v="brownfield" />
  </way>
  <way id="710777489">
    <nd ref="6682437197" />
    <nd ref="6682437198" />
    <nd ref="6682437199" />
    <nd ref="6682437200" />
    <nd ref="6682437197" />
    <tag k="landuse" v="grass" />
  </way>
  <way id="710777490">
    <nd ref="6682437201" />
    <nd ref="6682437202" />
    <nd ref="6682437203" />
    <nd ref="6682437204" />
    <nd ref="6682437201" />
    <tag k="landuse" v="grass" />
  </way>
  <way id="710777499">
    <nd ref="6682437245" />
    <nd ref="6682437246" />
    <nd ref="6682437247" />
    <nd ref="6682437248" />
    <nd ref="6682437249" />
    <nd ref="6682437231" />
    <nd ref="6682437232" />
    <nd ref="6682437233" />
    <nd ref="6682437234" />
    <nd ref="6682437235" />
    <nd ref="6682437241" />
    <nd ref="6682437242" />
    <nd ref="6682437243" />
    <nd ref="6682437244" />
    <nd ref="6682437236" />
    <nd ref="6682437237" />
    <nd ref="6682437238" />
    <nd ref="6682437239" />
    <nd ref="6682437240" />
    <nd ref="6682437245" />
    <tag k="landuse" v="grass" />
  </way>
  <way id="710777500">
    <nd ref="6682437250" />
    <nd ref="6682437251" />
    <nd ref="6682437252" />
    <nd ref="6682437253" />
    <nd ref="6682437250" />
    <tag k="landuse" v="grass" />
  </way>
  <way id="721761329">
    <nd ref="13588658095" />
    <nd ref="13588788200" />
    <nd ref="6770663929" />
    <nd ref="6770663930" />
    <nd ref="5318247883" />
    <nd ref="5318247882" />
    <nd ref="248737316" />
    <nd ref="12580485606" />
    <nd ref="12580485605" />
    <nd ref="12580485607" />
    <nd ref="248737313" />
    <nd ref="12580485601" />
    <nd ref="12580485603" />
    <nd ref="12580485604" />
    <nd ref="12580485602" />
    <nd ref="11768493568" />
    <nd ref="11768493567" />
    <nd ref="6770663931" />
    <nd ref="11768494869" />
    <nd ref="6770663932" />
    <nd ref="248737310" />
    <nd ref="6770663933" />
    <nd ref="6770663934" />
    <nd ref="6770663935" />
    <nd ref="6770663936" />
    <nd ref="13588658094" />
    <nd ref="13588658095" />
    <tag k="landuse" v="grass" />
  </way>
  <way id="1214516303">
    <nd ref="11252669123" />
    <nd ref="11252692943" />
    <nd ref="11252692944" />
    <nd ref="11252692940" />
    <nd ref="11252669122" />
    <nd ref="11252669121" />
    <nd ref="11252669120" />
    <nd ref="11252669119" />
    <nd ref="11252669118" />
    <nd ref="11252669117" />
    <nd ref="7759321699" />
    <nd ref="11252669116" />
    <nd ref="7759321672" />
    <nd ref="7759321671" />
    <nd ref="11252669123" />
    <tag k="addr:country" v="AU" />
    <tag k="addr:housenumber" v="53-75" />
    <tag k="addr:postcode" v="3053" />
    <tag k="addr:state" v="VIC" />
    <tag k="addr:street" v="Pelham Street" />
    <tag k="addr:suburb" v="Carlton" />
    <tag k="landuse" v="residential" />
    <tag k="source" v="Vicmap Address" />
  </way>
  <way id="1214516304">
    <nd ref="11252693107" />
    <nd ref="4342128131" />
    <nd ref="11252693108" />
    <nd ref="7759253577" />
    <nd ref="11252693109" />
    <nd ref="7759253548" />
    <nd ref="4342128127" />
    <nd ref="11252669125" />
    <nd ref="7759253561" />
    <nd ref="11252669124" />
    <nd ref="11252693106" />
    <nd ref="11252693107" />
    <tag k="addr:country" v="AU" />
    <tag k="addr:housenumber" v="116-140" />
    <tag k="addr:postcode" v="3053" />
    <tag k="addr:state" v="VIC" />
    <tag k="addr:street" v="Drummond Street" />
    <tag k="addr:suburb" v="Carlton" />
    <tag k="landuse" v="residential" />
    <tag k="source" v="Vicmap Address" />
  </way>
  <way id="1214516305">
    <nd ref="11252669132" />
    <nd ref="11252693066" />
    <nd ref="11252693067" />
    <nd ref="11252693084" />
    <nd ref="11252693083" />
    <nd ref="11252693082" />
    <nd ref="11252693087" />
    <nd ref="11252693085" />
    <nd ref="11252693086" />
    <nd ref="11252669131" />
    <nd ref="11252693075" />
    <nd ref="4234925754" />
    <nd ref="11252693076" />
    <nd ref="4234925766" />
    <nd ref="11252669130" />
    <nd ref="11252669129" />
    <nd ref="11252669128" />
    <nd ref="11252693064" />
    <nd ref="11252693063" />
    <nd ref="11252669132" />
    <tag k="addr:country" v="AU" />
    <tag k="addr:housenumber" v="75-91" />
    <tag k="addr:postcode" v="3053" />
    <tag k="addr:state" v="VIC" />
    <tag k="addr:street" v="Drummond Street" />
    <tag k="addr:suburb" v="Carlton" />
    <tag k="landuse" v="residential" />
    <tag k="source" v="Vicmap Address" />
  </way>
  <way id="1214516319">
    <nd ref="2707996396" />
    <nd ref="11252693227" />
    <nd ref="11252693145" />
    <nd ref="11252693144" />
    <nd ref="11252693143" />
    <nd ref="11252693142" />
    <nd ref="4234880958" />
    <nd ref="4234880957" />
    <nd ref="11252693184" />
    <nd ref="11252693141" />
    <nd ref="11252693187" />
    <nd ref="11252693189" />
    <nd ref="2707996396" />
    <tag k="addr:country" v="AU" />
    <tag k="addr:housenumber" v="107-123" />
    <tag k="addr:postcode" v="3053" />
    <tag k="addr:state" v="VIC" />
    <tag k="addr:street" v="Rathdowne Street" />
    <tag k="addr:suburb" v="Carlton" />
    <tag k="landuse" v="residential" />
    <tag k="source" v="Vicmap Address" />
  </way>

<note>The data included in this document is from www.openstreetmap.org. The data is made available under ODbL.</note>
<meta osm_base="2026-07-24T11:04:51Z" />

  <node id="34773423" lat="-37.7924737" lon="144.9572437" />
  <node id="35990053" lat="-37.7972042" lon="144.9575110" />
  <node id="40846882" lat="-37.7967154" lon="144.9518332" />
  <node id="40846897" lat="-37.7971428" lon="144.9523541" />
  <node id="278443714" lat="-37.7859836" lon="144.9421000" />
  <node id="286400635" lat="-37.7923963" lon="144.9581035" />
  <node id="286400637" lat="-37.7923947" lon="144.9577634" />
  <node id="306381656" lat="-37.7997099" lon="144.9371409" />
  <node id="306381657" lat="-37.8002232" lon="144.9418602" />
  <node id="306381658" lat="-37.8007963" lon="144.9417491" />
  <node id="427550980" lat="-37.7855765" lon="144.9528937">
    <tag k="amenity" v="toilets" />
  </node>
  <node id="446897319" lat="-37.7907901" lon="144.9583069" />
  <node id="446897323" lat="-37.7911626" lon="144.9582602" />
  <node id="446897324" lat="-37.7911241" lon="144.9577654" />
  <node id="525355209" lat="-37.7855351" lon="144.9531826">
    <tag k="amenity" v="bicycle_parking" />
    <tag k="bicycle_parking" v="wall_loops" />
    <tag k="capacity" v="6" />
    <tag k="check_date" v="2024-08-16" />
    <tag k="covered" v="no" />
  </node>
  <node id="525355223" lat="-37.7861789" lon="144.9535292">
    <tag k="amenity" v="drinking_water" />
    <tag k="check_date" v="2023-02-08" />
    <tag k="fountain" v="bubbler" />
  </node>
  <node id="525355261" lat="-37.7868311" lon="144.9529302">
    <tag k="amenity" v="bbq" />
    <tag k="check_date" v="2023-02-08" />
    <tag k="covered" v="no" />
    <tag k="fuel" v="electric" />
  </node>
  <node id="525355262" lat="-37.7869893" lon="144.9529850">
    <tag k="amenity" v="bbq" />
    <tag k="check_date" v="2023-02-08" />
    <tag k="covered" v="no" />
    <tag k="fuel" v="electric" />
  </node>
  <node id="571389844" lat="-37.7928177" lon="144.9558768" />
  <node id="824391692" lat="-37.7833861" lon="144.9407463" />
  <node id="2408857997" lat="-37.7924915" lon="144.9568631">
    <tag k="access" v="yes" />
    <tag k="amenity" v="toilets" />
    <tag k="changing_table" v="no" />
    <tag k="description" v="Wheelchair access is locked via MLAK key system" />
    <tag k="fee" v="no" />
    <tag k="handwashing:soap" v="yes" />
    <tag k="hot_water" v="no" />
    <tag k="opening_hours" v="24/7" />
    <tag k="ref" v="100" />
    <tag k="toilets:disposal" v="flush" />
    <tag k="toilets:hands_drying" v="electric_hand_dryer" />
    <tag k="toilets:handwashing" v="yes" />
    <tag k="toilets:position" v="seated" />
    <tag k="unisex" v="yes" />
    <tag k="wheelchair" v="limited" />
  </node>
  <node id="2905756446" lat="-37.7924250" lon="144.9581259" />
  <node id="3003827407" lat="-37.8001049" lon="144.9408235" />
  <node id="3103642304" lat="-37.7840316" lon="144.9424989" />
  <node id="3120428292" lat="-37.7850455" lon="144.9419114" />
  <node id="3120428293" lat="-37.7851021" lon="144.9419733" />
  <node id="3120428294" lat="-37.7851394" lon="144.9419619" />
  <node id="3120428295" lat="-37.7851703" lon="144.9419814" />
  <node id="3120428296" lat="-37.7851742" lon="144.9420580" />
  <node id="3120428297" lat="-37.7850944" lon="144.9421085" />
  <node id="3121547186" lat="-37.7853142" lon="144.9418671">
    <tag k="crossing" v="unmarked" />
    <tag k="crossing:markings" v="no" />
    <tag k="highway" v="crossing" />
    <tag k="tactile_paving" v="yes" />
  </node>
  <node id="3790873546" lat="-37.7834783" lon="144.9405517" />
  <node id="3790874659" lat="-37.7840072" lon="144.9414061" />
  <node id="3790874660" lat="-37.7836306" lon="144.9402303" />
  <node id="3790874661" lat="-37.7837422" lon="144.9401321" />
  <node id="3790874662" lat="-37.7840814" lon="144.9400543" />
  <node id="3790874673" lat="-37.7846517" lon="144.9434245" />
  <node id="3790874675" lat="-37.7832515" lon="144.9428933" />
  <node id="3790874676" lat="-37.7832621" lon="144.9428611" />
  <node id="3790874678" lat="-37.7840104" lon="144.9428182" />
  <node id="3790874679" lat="-37.7845161" lon="144.9434352" />
  <node id="3790874680" lat="-37.7840349" lon="144.9428290" />
  <node id="3790874681" lat="-37.7840476" lon="144.9425259" />
  <node id="3790874682" lat="-37.7838807" lon="144.9428471" />
  <node id="3790874683" lat="-37.7843195" lon="144.9433541" />
  <node id="4029432516" lat="-37.7953644" lon="144.9526438" />
  <node id="4053598837" lat="-37.8002901" lon="144.9426588">
    <tag k="addr:housenumber" v="175 Arden" />
    <tag k="addr:postcode" v="3051" />
    <tag k="addr:street" v="Arden Street" />
    <tag k="addr:suburb" v="North Melbourne" />
    <tag k="description" v="Road Worthy Certificates Auto Mechanic" />
    <tag k="name" v="Melbourne North Service Centre" />
    <tag k="shop" v="car_repair" />
    <tag k="website" v="https://www.mnsc.com.au/" />
  </node>
  <node id="4134417822" lat="-37.7924687" lon="144.9527072" />
  <node id="4134417824" lat="-37.7902387" lon="144.9517850" />
  <node id="4134417825" lat="-37.7899920" lon="144.9519614" />
  <node id="4134417826" lat="-37.7916739" lon="144.9517989" />
  <node id="4134417827" lat="-37.7892207" lon="144.9540469" />
  <node id="4134417829" lat="-37.7925884" lon="144.9545373" />
  <node id="4134417830" lat="-37.7893091" lon="144.9530471" />
  <node id="4134417831" lat="-37.7892734" lon="144.9531911" />
  <node id="4134417832" lat="-37.7907693" lon="144.9516105" />
  <node id="4134417833" lat="-37.7919398" lon="144.9555954" />
  <node id="4134417835" lat="-37.7925331" lon="144.9528700" />
  <node id="4134417836" lat="-37.7916302" lon="144.9558107" />
  <node id="4134417837" lat="-37.7915540" lon="144.9517347" />
  <node id="4134417839" lat="-37.7926883" lon="144.9537814" />
  <node id="4134417840" lat="-37.7923584" lon="144.9550761" />
  <node id="4134417841" lat="-37.7926771" lon="144.9535501" />
  <node id="4134417842" lat="-37.7921653" lon="144.9553609" />
  <node id="4134417843" lat="-37.7894316" lon="144.9548696" />
  <node id="4134417844" lat="-37.7920900" lon="144.9521401" />
  <node id="4134417845" lat="-37.7904093" lon="144.9558783" />
  <node id="4134417846" lat="-37.7892286" lon="144.9534156" />
  <node id="4134417847" lat="-37.7894199" lon="144.9527431" />
  <node id="4134417849" lat="-37.7892075" lon="144.9538316" />
  <node id="4134417850" lat="-37.7902706" lon="144.9558138" />
  <node id="4134417853" lat="-37.7918215" lon="144.9518996" />
  <node id="4134417855" lat="-37.7899805" lon="144.9556161" />
  <node id="4134417856" lat="-37.7892900" lon="144.9544482" />
  <node id="4134417857" lat="-37.7918154" lon="144.9556899" />
  <node id="4134417858" lat="-37.7896589" lon="144.9523191" />
  <node id="4134417861" lat="-37.7905848" lon="144.9559378" />
  <node id="4134417862" lat="-37.7892480" lon="144.9542582" />
  <node id="4134417863" lat="-37.7907323" lon="144.9559685" />
  <node id="4134417864" lat="-37.7922718" lon="144.9552153" />
  <node id="4134417865" lat="-37.7895728" lon="144.9551373" />
  <node id="4134417866" lat="-37.7894838" lon="144.9526025" />
  <node id="4134417868" lat="-37.7898832" lon="144.9520570" />
  <node id="4134417869" lat="-37.7892106" lon="144.9536289" />
  <node id="4134417870" lat="-37.7920638" lon="144.9554791" />
  <node id="4134417871" lat="-37.7913195" lon="144.9559297" />
  <node id="4134417873" lat="-37.7922202" lon="144.9522968" />
  <node id="4134417874" lat="-37.7893603" lon="144.9528896" />
  <node id="4134417875" lat="-37.7917396" lon="144.9557451" />
  <node id="4134417876" lat="-37.7914264" lon="144.9516897" />
  <node id="4134417878" lat="-37.7919503" lon="144.9520028" />
  <node id="4134417879" lat="-37.7894974" lon="144.9550063" />
  <node id="4134417880" lat="-37.7925305" lon="144.9547051" />
  <node id="4134417881" lat="-37.7926606" lon="144.9541990" />
  <node id="4134417882" lat="-37.7926499" lon="144.9533250" />
  <node id="4134417883" lat="-37.7911746" lon="144.9559678" />
  <node id="4134417884" lat="-37.7906189" lon="144.9516378" />
  <node id="4134417885" lat="-37.7897655" lon="144.9521822" />
  <node id="4134417886" lat="-37.7897759" lon="144.9554132" />
  <node id="4134417887" lat="-37.7924477" lon="144.9549036" />
  <node id="4134417888" lat="-37.7923596" lon="144.9525053" />
  <node id="4134418689" lat="-37.7926422" lon="144.9543115" />
  <node id="4134418690" lat="-37.7901175" lon="144.9557225" />
  <node id="4134418691" lat="-37.7898882" lon="144.9555325" />
  <node id="4134418692" lat="-37.7893558" lon="144.9546756" />
  <node id="4134418693" lat="-37.7926757" lon="144.9540049" />
  <node id="4134418694" lat="-37.7912860" lon="144.9516438" />
  <node id="4134418696" lat="-37.7914751" lon="144.9558816" />
  <node id="4134418697" lat="-37.7925867" lon="144.9530599" />
  <node id="4134418698" lat="-37.7910360" lon="144.9559825" />
  <node id="4134418699" lat="-37.7901121" lon="144.9518713" />
  <node id="4134418701" lat="-37.7904735" lon="144.9516819" />
  <node id="4134418702" lat="-37.7897036" lon="144.9553312" />
  <node id="4134418703" lat="-37.7910321" lon="144.9516063" />
  <node id="4134418704" lat="-37.7909185" lon="144.9515991" />
  <node id="4134418705" lat="-37.7895657" lon="144.9524571" />
  <node id="4134418707" lat="-37.7911679" lon="144.9516217" />
  <node id="4134418708" lat="-37.7903353" lon="144.9517392" />
  <node id="4134418710" lat="-37.7926163" lon="144.9544352" />
  <node id="4134418711" lat="-37.7908943" lon="144.9559839" />
  <node id="4326586152" lat="-37.7917519" lon="144.9583191">
    <tag k="bench" v="no" />
    <tag k="bus" v="yes" />
    <tag k="gtfs:stop_id" v="46458" />
    <tag k="highway" v="bus_stop" />
    <tag k="lit" v="yes" />
    <tag k="name" v="The Avenue/Royal Parade" />
    <tag k="network" v="Transport Victoria" />
    <tag k="network:wikidata" v="Q7257648" />
    <tag k="operator" v="Dysons" />
    <tag k="public_transport" v="platform" />
    <tag k="ref" v="ID.46458" />
    <tag k="route_ref" v="505" />
    <tag k="shelter" v="no" />
    <tag k="tactile_paving" v="no" />
  </node>
  <node id="4326586153" lat="-37.7917548" lon="144.9583513">
    <tag k="bus" v="yes" />
    <tag k="name" v="The Avenue/Royal Parade" />
    <tag k="network" v="PTV - Metropolitan Buses" />
    <tag k="operator" v="Dysons" />
    <tag k="public_transport" v="stop_position" />
  </node>
  <node id="4432003697" lat="-37.7976355" lon="144.9529844" />
  <node id="4432003698" lat="-37.7967898" lon="144.9538159" />
  <node id="4807112215" lat="-37.8008316" lon="144.9394028" />
  <node id="4807112216" lat="-37.8008072" lon="144.9384730" />
  <node id="4807112217" lat="-37.8003194" lon="144.9375738" />
  <node id="4807112632" lat="-37.8004165" lon="144.9376792" />
  <node id="4807112633" lat="-37.8005841" lon="144.9379578" />
  <node id="4807112634" lat="-37.8007309" lon="144.9382467" />
  <node id="4807112636" lat="-37.8008297" lon="144.9386461" />
  <node id="4807112637" lat="-37.8007738" lon="144.9389332" />
  <node id="4807112638" lat="-37.8006316" lon="144.9394372" />
  <node id="5229563123" lat="-37.7916142" lon="144.9565474">
    <tag k="amenity" v="bench" />
    <tag k="backrest" v="yes" />
  </node>
  <node id="5229564221" lat="-37.7914879" lon="144.9565104">
    <tag k="tourism" v="picnic_site" />
  </node>
  <node id="5404668951" lat="-37.7860787" lon="144.9407312" />
  <node id="5404668963" lat="-37.7863427" lon="144.9423059" />
  <node id="5404668964" lat="-37.7863706" lon="144.9422237" />
  <node id="5404668965" lat="-37.7864359" lon="144.9423768" />
  <node id="5404668966" lat="-37.7866560" lon="144.9420398" />
  <node id="5404668967" lat="-37.7856012" lon="144.9419612" />
  <node id="5404668968" lat="-37.7858433" lon="144.9419343" />
  <node id="5404668969" lat="-37.7855811" lon="144.9418914" />
  <node id="5404668970" lat="-37.7865081" lon="144.9422836" />
  <node id="5569029954" lat="-37.7945927" lon="144.9578832" />
  <node id="5569029955" lat="-37.7963943" lon="144.9513389" />
  <node id="5569029956" lat="-37.7960933" lon="144.9576955" />
  <node id="5569029957" lat="-37.7936514" lon="144.9548242" />
  <node id="5695670447" lat="-37.7859046" lon="144.9406651" />
  <node id="5695670449" lat="-37.7862460" lon="144.9407775" />
  <node id="5695670450" lat="-37.7863888" lon="144.9408061" />
  <node id="5695670451" lat="-37.7865421" lon="144.9408281" />
  <node id="5695670452" lat="-37.7868469" lon="144.9408370" />
  <node id="5695670456" lat="-37.7854709" lon="144.9417031" />
  <node id="5695670457" lat="-37.7843718" lon="144.9415290" />
  <node id="5695670458" lat="-37.7840082" lon="144.9414827" />
  <node id="5695670459" lat="-37.7843491" lon="144.9400986" />
  <node id="5695670460" lat="-37.7846818" lon="144.9401780" />
  <node id="5695670461" lat="-37.7849762" lon="144.9402727" />
  <node id="5695670462" lat="-37.7855196" lon="144.9405020" />
  <node id="5797723014" lat="-37.8007357" lon="144.9432559" />
  <node id="5797723015" lat="-37.8009073" lon="144.9431881" />
  <node id="5797723016" lat="-37.8009633" lon="144.9436810" />
  <node id="5797723017" lat="-37.8007880" lon="144.9437119" />
  <node id="6258760395" lat="-37.7918786" lon="144.9582286">
    <tag k="amenity" v="waste_basket" />
  </node>
  <node id="6345981489" lat="-37.7848699" lon="144.9419201">
    <tag k="amenity" v="bench" />
    <tag k="backrest" v="yes" />
  </node>
  <node id="6345981490" lat="-37.7851123" lon="144.9418976">
    <tag k="amenity" v="bench" />
    <tag k="backrest" v="yes" />
  </node>
  <node id="6345981491" lat="-37.7852524" lon="144.9419140">
    <tag k="amenity" v="waste_basket" />
  </node>
  <node id="6345981492" lat="-37.7841722" lon="144.9418365">
    <tag k="amenity" v="bench" />
    <tag k="backrest" v="yes" />
  </node>
  <node id="6345981493" lat="-37.7851307" lon="144.9423186">
    <tag k="amenity" v="bench" />
    <tag k="backrest" v="yes" />
  </node>
  <node id="6345981494" lat="-37.7852022" lon="144.9419884">
    <tag k="amenity" v="bench" />
    <tag k="backrest" v="yes" />
  </node>
  <node id="6345981495" lat="-37.7839664" lon="144.9418298">
    <tag k="amenity" v="bench" />
    <tag k="backrest" v="yes" />
  </node>
  <node id="6486792160" lat="-37.7834477" lon="144.9417250">
    <tag k="amenity" v="bench" />
    <tag k="backrest" v="yes" />
  </node>
  <node id="6775859679" lat="-37.8014314" lon="144.9427005">
    <tag k="amenity" v="charging_station" />
    <tag k="capacity" v="1" />
    <tag k="fee" v="no" />
    <tag k="operator" v="Jet Charge" />
  </node>
  <node id="6775859680" lat="-37.8010860" lon="144.9428225">
    <tag k="amenity" v="charging_station" />
    <tag k="fee" v="yes" />
    <tag k="operator" v="The Green Guys" />
  </node>
  <node id="6780566114" lat="-37.7856655" lon="144.9526552">
    <tag k="amenity" v="drinking_water" />
  </node>
  <node id="8797564447" lat="-37.7832430" lon="144.9429733" />
  <node id="8797564448" lat="-37.7832303" lon="144.9428946" />
  <node id="8797564449" lat="-37.7831692" lon="144.9428753" />
  <node id="8973667641" lat="-37.7940014" lon="144.9543605" />
  <node id="9070387132" lat="-37.7845759" lon="144.9434670" />
  <node id="9070387133" lat="-37.7844560" lon="144.9436115" />
  <node id="9070387134" lat="-37.7843795" lon="144.9437008" />
  <node id="9070387135" lat="-37.7838792" lon="144.9428299" />
  <node id="9070387136" lat="-37.7831942" lon="144.9427654" />
  <node id="9070387137" lat="-37.7840736" lon="144.9420482" />
  <node id="9070387138" lat="-37.7840516" lon="144.9420352" />
  <node id="9070387139" lat="-37.7846267" lon="144.9434385" />
  <node id="9070387325" lat="-37.7852573" lon="144.9421316" />
  <node id="9070387326" lat="-37.7852794" lon="144.9421371" />
  <node id="9070387327" lat="-37.7852907" lon="144.9420522" />
  <node id="9070387328" lat="-37.7852713" lon="144.9420425" />
  <node id="9070387329" lat="-37.7852599" lon="144.9420602" />
  <node id="9070387330" lat="-37.7852446" lon="144.9420634" />
  <node id="9070387331" lat="-37.7852247" lon="144.9420296" />
  <node id="9070387332" lat="-37.7852124" lon="144.9420157" />
  <node id="9070387333" lat="-37.7852022" lon="144.9419814" />
  <node id="9070387334" lat="-37.7852069" lon="144.9419540" />
  <node id="9070387335" lat="-37.7852366" lon="144.9419325" />
  <node id="9070387336" lat="-37.7852658" lon="144.9418923" />
  <node id="9070387337" lat="-37.7852891" lon="144.9418891" />
  <node id="9070387338" lat="-37.7853124" lon="144.9418839" />
  <node id="9070387339" lat="-37.7852536" lon="144.9418631" />
  <node id="9070387340" lat="-37.7851318" lon="144.9421101" />
  <node id="9070387341" lat="-37.7851433" lon="144.9421332" />
  <node id="9070387342" lat="-37.7851552" lon="144.9421267" />
  <node id="9070387343" lat="-37.7851653" lon="144.9421047" />
  <node id="9070387344" lat="-37.7851899" lon="144.9421047" />
  <node id="9070387345" lat="-37.7852196" lon="144.9421101" />
  <node id="9070387346" lat="-37.7852319" lon="144.9421267" />
  <node id="9070421884" lat="-37.7849980" lon="144.9418463" />
  <node id="9070421885" lat="-37.7850271" lon="144.9418730" />
  <node id="9070421886" lat="-37.7850407" lon="144.9418843" />
  <node id="9070421887" lat="-37.7850441" lon="144.9418971" />
  <node id="9584064623" lat="-37.7869421" lon="144.9409304" />
  <node id="9584064624" lat="-37.7869489" lon="144.9410055" />
  <node id="9584064625" lat="-37.7867449" lon="144.9414421" />
  <node id="9584064626" lat="-37.7867258" lon="144.9415554" />
  <node id="9584064627" lat="-37.7866532" lon="144.9418297" />
  <node id="9768878324" lat="-37.7907401" lon="144.9576686" />
  <node id="10172957473" lat="-37.7867954" lon="144.9507144" />
  <node id="10172957474" lat="-37.7867990" lon="144.9506839" />
  <node id="10172957475" lat="-37.7868138" lon="144.9506478" />
  <node id="10172957476" lat="-37.7868307" lon="144.9506275" />
  <node id="10172957477" lat="-37.7868520" lon="144.9506143" />
  <node id="10172957478" lat="-37.7868705" lon="144.9506082" />
  <node id="10172957479" lat="-37.7868909" lon="144.9506082" />
  <node id="10172957480" lat="-37.7869110" lon="144.9506143" />
  <node id="10172957481" lat="-37.7869343" lon="144.9506320" />
  <node id="10172957482" lat="-37.7869480" lon="144.9506509" />
  <node id="10172957483" lat="-37.7869568" lon="144.9506742" />
  <node id="10172957484" lat="-37.7869608" lon="144.9506915" />
  <node id="10172957485" lat="-37.7869640" lon="144.9507113" />
  <node id="10172957861" lat="-37.7858192" lon="144.9534075" />
  <node id="10172957862" lat="-37.7856946" lon="144.9533195" />
  <node id="10172957863" lat="-37.7854411" lon="144.9536156" />
  <node id="10172957864" lat="-37.7854825" lon="144.9537466" />
  <node id="10172957865" lat="-37.7855387" lon="144.9538187" />
  <node id="10172957866" lat="-37.7856724" lon="144.9533149" />
  <node id="10172957867" lat="-37.7856275" lon="144.9533157" />
  <node id="10172957868" lat="-37.7855201" lon="144.9533745" />
  <node id="10172957869" lat="-37.7854861" lon="144.9534146" />
  <node id="10172957870" lat="-37.7854646" lon="144.9534576" />
  <node id="10172957871" lat="-37.7854436" lon="144.9535608" />
  <node id="10172957872" lat="-37.7856183" lon="144.9538573" />
  <node id="10172957873" lat="-37.7856982" lon="144.9538567" />
  <node id="10172957874" lat="-37.7857569" lon="144.9538309" />
  <node id="10172957875" lat="-37.7858172" lon="144.9537748" />
  <node id="10172957876" lat="-37.7858584" lon="144.9536916" />
  <node id="10172957877" lat="-37.7858753" lon="144.9535836" />
  <node id="10172957878" lat="-37.7858646" lon="144.9535131" />
  <node id="10172957879" lat="-37.7858403" lon="144.9534368" />
  <node id="10264356530" lat="-37.7998881" lon="144.9410985">
    <tag k="amenity" v="waste_basket" />
  </node>
  <node id="10288698393" lat="-37.7969525" lon="144.9575528" />
  <node id="10603516519" lat="-37.7907648" lon="144.9579832" />
  <node id="10603516520" lat="-37.7907766" lon="144.9581348" />
  <node id="10603516605" lat="-37.7899095" lon="144.9575493" />
  <node id="10603516606" lat="-37.7899769" lon="144.9584089" />
  <node id="10603516627" lat="-37.7899670" lon="144.9582830" />
  <node id="10603516628" lat="-37.7899578" lon="144.9581645" />
  <node id="12473073319" lat="-37.8003435" lon="144.9373049" />
  <node id="12473073320" lat="-37.8000125" lon="144.9372330" />
  <node id="12473073322" lat="-37.8007016" lon="144.9373730" />
  <node id="12473073323" lat="-37.8010357" lon="144.9374381" />
  <node id="12473073324" lat="-37.8013501" lon="144.9375520" />
  <node id="12473073325" lat="-37.8017216" lon="144.9376638" />
  <node id="12473073326" lat="-37.8019310" lon="144.9377721" />
  <node id="12473073327" lat="-37.8020934" lon="144.9378756" />
  <node id="12473073331" lat="-37.8015334" lon="144.9407322" />
  <node id="12473073332" lat="-37.8016351" lon="144.9416092" />
  <node id="12473073333" lat="-37.8007905" lon="144.9408463" />
  <node id="12473073340" lat="-37.8022683" lon="144.9380007" />
  <node id="12473073351" lat="-37.8007374" lon="144.9412218" />
  <node id="12473073352" lat="-37.8006991" lon="144.9408791" />
  <node id="12473073353" lat="-37.8006286" lon="144.9402483" />
  <node id="12473073354" lat="-37.8005398" lon="144.9394530" />
  <node id="12473073355" lat="-37.8000536" lon="144.9403472" />
  <node id="12473086406" lat="-37.8027040" lon="144.9383721" />
  <node id="12514009376" lat="-37.8027465" lon="144.9384084" />
  <node id="12514009377" lat="-37.8029031" lon="144.9385628" />
  <node id="12514009378" lat="-37.8030460" lon="144.9387539" />
  <node id="12514009379" lat="-37.8032243" lon="144.9390670" />
  <node id="12514009380" lat="-37.8033688" lon="144.9393617" />
  <node id="12514009381" lat="-37.8034652" lon="144.9396920" />
  <node id="12514009383" lat="-37.8035114" lon="144.9399743" />
  <node id="12514009384" lat="-37.8036692" lon="144.9412399" />
  <node id="12814680348" lat="-37.7913441" lon="144.9578596" />
  <node id="12814680349" lat="-37.7913702" lon="144.9582343" />
  <node id="12965437223" lat="-37.8011541" lon="144.9412156">
    <tag k="gtfs:stop_id" v="26549" />
    <tag k="local_ref" v="2" />
    <tag k="name" v="Arden" />
    <tag k="public_transport" v="stop_position" />
    <tag k="railway" v="stop" />
    <tag k="ref" v="26549" />
    <tag k="side" v="right" />
    <tag k="train" v="yes" />
  </node>
  <node id="13118738877" lat="-37.8013148" lon="144.9413464">
    <tag k="railway" v="signal" />
    <tag k="railway:signal:direction" v="backward" />
    <tag k="railway:signal:position" v="left" />
    <tag k="railway:signal:train_protection" v="yes" />
    <tag k="railway:signal:train_protection:main" v="AU:VIC:CBTC_block_marker" />
    <tag k="railway:signal:train_protection:main:form" v="sign" />
    <tag k="ref" v="AEN516" />
  </node>
  <node id="13130167504" lat="-37.8010855" lon="144.9413801">
    <tag k="amenity" v="ticket_validator" />
    <tag k="construction" v="ticket_validator" />
    <tag k="indoor" v="yes" />
    <tag k="level" v="0" />
  </node>
  <node id="13130167507" lat="-37.8011437" lon="144.9412939">
    <tag k="railway" v="signal" />
    <tag k="railway:signal:direction" v="forward" />
    <tag k="railway:signal:position" v="left" />
    <tag k="railway:signal:train_protection" v="yes" />
    <tag k="railway:signal:train_protection:main" v="AU:VIC:CBTC_block_marker" />
    <tag k="railway:signal:train_protection:main:form" v="sign" />
    <tag k="ref" v="AEN514" />
  </node>
  <node id="13130167508" lat="-37.8010821" lon="144.9415011">
    <tag k="name" v="Laurens Street" />
    <tag k="railway" v="subway_entrance" />
    <tag k="ref" v="1" />
    <tag k="wheelchair" v="yes" />
  </node>
  <node id="13329694317" lat="-37.8010349" lon="144.9409988">
    <tag k="name" v="Station Lane" />
    <tag k="proposed" v="subway_entrance" />
    <tag k="railway" v="subway_entrance" />
    <tag k="wheelchair" v="yes" />
  </node>
  <node id="13411794796" lat="-37.7917915" lon="144.9562851">
    <tag k="amenity" v="bench" />
    <tag k="backrest" v="yes" />
  </node>
  <node id="13411806856" lat="-37.7914964" lon="144.9564174">
    <tag k="amenity" v="shelter" />
    <tag k="shelter_type" v="picnic_shelter" />
  </node>
  <node id="13411807258" lat="-37.7924086" lon="144.9567893">
    <tag k="amenity" v="waste_basket" />
  </node>
  <node id="13411821653" lat="-37.7915288" lon="144.9563714">
    <tag k="amenity" v="waste_basket" />
  </node>
  <node id="13602235934" lat="-37.8013199" lon="144.9418478">
    <tag k="bench" v="yes" />
    <tag k="bus" v="yes" />
    <tag k="gtfs:stop_id" v="28681" />
    <tag k="highway" v="bus_stop" />
    <tag k="name" v="Arden Station/Laurens Street" />
    <tag k="network" v="Transport Victoria" />
    <tag k="network:wikidata" v="Q7257648" />
    <tag k="public_transport" v="platform" />
    <tag k="ref" v="ID.28681" />
    <tag k="route_ref" v="241" />
    <tag k="shelter" v="yes" />
    <tag k="tactile_paving" v="yes" />
    <tag k="website" v="https://transport.vic.gov.au/stop/35053/" />
  </node>
  <node id="13602235935" lat="-37.8015315" lon="144.9417016">
    <tag k="bench" v="yes" />
    <tag k="bus" v="yes" />
    <tag k="gtfs:stop_id" v="28680" />
    <tag k="highway" v="bus_stop" />
    <tag k="name" v="Arden Station/Laurens Street" />
    <tag k="network" v="Transport Victoria" />
    <tag k="network:wikidata" v="Q7257648" />
    <tag k="public_transport" v="platform" />
    <tag k="ref" v="ID.28680" />
    <tag k="route_ref" v="241" />
    <tag k="shelter" v="yes" />
    <tag k="tactile_paving" v="yes" />
    <tag k="website" v="https://transport.vic.gov.au/stop/35053/" />
  </node>
  <node id="13602308540" lat="-37.8013234" lon="144.9418581">
    <tag k="highway" v="bus_stop" />
    <tag k="name" v="Arden Station rail replacement stop" />
    <tag k="network" v="Transport Victoria" />
    <tag k="network:wikidata" v="Q7257648" />
    <tag k="note" v="For train replacement buses to Sunbury; Bus stop sign shares shares same pole as bus stop https://www.openstreetmap.org/node/13602235934/" />
    <tag k="operator" v="Metro Trains Melbourne" />
    <tag k="public_transport" v="platform" />
  </node>
  <node id="13653655414" lat="-37.8008043" lon="144.9408689" />
  <node id="13653655415" lat="-37.8008346" lon="144.9408759" />
  <node id="13653655416" lat="-37.8012867" lon="144.9407951" />
  <node id="13653655417" lat="-37.8013199" lon="144.9407831" />
  <node id="13653655418" lat="-37.8013449" lon="144.9407664" />
  <node id="13653655419" lat="-37.8013685" lon="144.9407387" />
  <node id="13653655420" lat="-37.8013927" lon="144.9406944" />
  <node id="13653655421" lat="-37.8014130" lon="144.9406606" />
  <node id="13653655422" lat="-37.8014338" lon="144.9406480" />
  <node id="13653655423" lat="-37.8014604" lon="144.9406438" />
  <node id="13653655424" lat="-37.8014879" lon="144.9406549" />
  <node id="13653655425" lat="-37.8015074" lon="144.9406726" />
  <node id="13653655426" lat="-37.8015239" lon="144.9406984" />
  <node id="13653655427" lat="-37.8015339" lon="144.9407688" />
  <node id="13653655428" lat="-37.8015274" lon="144.9407954" />
  <node id="13653655429" lat="-37.8015151" lon="144.9408197" />
  <node id="13653655430" lat="-37.8015009" lon="144.9408409" />
  <node id="13653655431" lat="-37.8015859" lon="144.9415883" />
  <node id="13653655433" lat="-37.8013505" lon="144.9407213">
    <tag k="access" v="yes" />
    <tag k="amenity" v="toilets" />
    <tag k="changing_table" v="yes" />
    <tag k="male" v="yes" />
    <tag k="toilets:disposal" v="flush" />
    <tag k="toilets:handwashing" v="yes" />
    <tag k="wheelchair" v="yes" />
  </node>
  <node id="13653655434" lat="-37.8012759" lon="144.9407020">
    <tag k="access" v="yes" />
    <tag k="amenity" v="toilets" />
    <tag k="changing_table" v="yes" />
    <tag k="female" v="yes" />
    <tag k="toilets:disposal" v="flush" />
    <tag k="toilets:handwashing" v="yes" />
    <tag k="wheelchair" v="yes" />
  </node>
  <node id="13657244474" lat="-37.8015511" lon="144.9415434">
    <tag k="access" v="yes" />
    <tag k="amenity" v="drinking_water" />
    <tag k="dog" v="yes" />
    <tag k="fee" v="no" />
    <tag k="fountain" v="bubbler" />
    <tag k="seasonal" v="no" />
  </node>
  <node id="13657244475" lat="-37.8014876" lon="144.9416331">
    <tag k="access" v="yes" />
    <tag k="amenity" v="bicycle_parking" />
    <tag k="bicycle_parking" v="stands" />
    <tag k="capacity" v="4" />
    <tag k="covered" v="no" />
    <tag k="fee" v="no" />
  </node>
  <node id="13757407646" lat="-37.7858720" lon="144.9536416" />
  <node id="13757407647" lat="-37.7858432" lon="144.9537320" />
  <node id="13757407648" lat="-37.7857895" lon="144.9538065" />
  <node id="13757567340" lat="-37.7858557" lon="144.9534773" />
  <node id="13757567341" lat="-37.7858724" lon="144.9535512" />
  <node id="13757567345" lat="-37.7857218" lon="144.9533313" />
  <node id="13757567346" lat="-37.7857486" lon="144.9533480" />
  <node id="13757567347" lat="-37.7857733" lon="144.9533645" />
  <node id="13757567348" lat="-37.7857948" lon="144.9533827" />
  <node id="13757567655" lat="-37.7855857" lon="144.9533299" />
  <node id="13757567656" lat="-37.7855479" lon="144.9533518" />
  <node id="13757567657" lat="-37.7854524" lon="144.9535076" />
  <node id="13757567658" lat="-37.7854508" lon="144.9536668" />
  <node id="13757567659" lat="-37.7854651" lon="144.9537100" />
  <node id="13757567660" lat="-37.7855062" lon="144.9537873" />
  <node id="13757567661" lat="-37.7855816" lon="144.9538433" />
  <node id="13757567662" lat="-37.7856621" lon="144.9538602" />
  <node id="13757567663" lat="-37.7857264" lon="144.9538484" />
  <node id="13784196995" lat="-37.8009825" lon="144.9414969">
    <tag k="shop" v="vacant" />
  </node>
  <node id="13784218672" lat="-37.8009577" lon="144.9411647">
    <tag k="shop" v="vacant" />
  </node>
  <way id="27911124">
    <nd ref="306381656" />
    <nd ref="12473073355" />
    <nd ref="3003827407" />
    <nd ref="306381657" />
    <nd ref="306381658" />
    <nd ref="12473073351" />
    <nd ref="12473073352" />
    <nd ref="12473073353" />
    <nd ref="12473073354" />
    <nd ref="4807112638" />
    <nd ref="4807112215" />
    <nd ref="4807112637" />
    <nd ref="4807112636" />
    <nd ref="4807112216" />
    <nd ref="4807112634" />
    <nd ref="4807112633" />
    <nd ref="4807112632" />
    <nd ref="4807112217" />
    <nd ref="12473073319" />
    <nd ref="12473073320" />
    <nd ref="306381656" />
    <tag k="landuse" v="industrial" />
  </way>
  <way id="411844405">
    <nd ref="4134417824" />
    <nd ref="4134418699" />
    <nd ref="4134417825" />
    <nd ref="4134417868" />
    <nd ref="4134417885" />
    <nd ref="4134417858" />
    <nd ref="4134418705" />
    <nd ref="4134417866" />
    <nd ref="4134417847" />
    <nd ref="4134417874" />
    <nd ref="4134417830" />
    <nd ref="4134417831" />
    <nd ref="4134417846" />
    <nd ref="4134417869" />
    <nd ref="4134417849" />
    <nd ref="4134417827" />
    <nd ref="4134417862" />
    <nd ref="4134417856" />
    <nd ref="4134418692" />
    <nd ref="4134417843" />
    <nd ref="4134417879" />
    <nd ref="4134417865" />
    <nd ref="4134418702" />
    <nd ref="4134417886" />
    <nd ref="4134418691" />
    <nd ref="4134417855" />
    <nd ref="4134418690" />
    <nd ref="4134417850" />
    <nd ref="4134417845" />
    <nd ref="4134417861" />
    <nd ref="4134417863" />
    <nd ref="4134418711" />
    <nd ref="4134418698" />
    <nd ref="4134417883" />
    <nd ref="4134417871" />
    <nd ref="4134418696" />
    <nd ref="4134417836" />
    <nd ref="4134417875" />
    <nd ref="4134417857" />
    <nd ref="4134417833" />
    <nd ref="4134417870" />
    <nd ref="4134417842" />
    <nd ref="4134417864" />
    <nd ref="4134417840" />
    <nd ref="4134417887" />
    <nd ref="4134417880" />
    <nd ref="4134417829" />
    <nd ref="4134418710" />
    <nd ref="4134418689" />
    <nd ref="4134417881" />
    <nd ref="4134418693" />
    <nd ref="4134417839" />
    <nd ref="4134417841" />
    <nd ref="4134417882" />
    <nd ref="4134418697" />
    <nd ref="4134417835" />
    <nd ref="4134417822" />
    <nd ref="4134417888" />
    <nd ref="4134417873" />
    <nd ref="4134417844" />
    <nd ref="4134417878" />
    <nd ref="4134417853" />
    <nd ref="4134417826" />
    <nd ref="4134417837" />
    <nd ref="4134417876" />
    <nd ref="4134418694" />
    <nd ref="4134418707" />
    <nd ref="4134418703" />
    <nd ref="4134418704" />
    <nd ref="4134417832" />
    <nd ref="4134417884" />
    <nd ref="4134418701" />
    <nd ref="4134418708" />
    <nd ref="4134417824" />
    <tag k="landuse" v="grass" />
    <tag k="name" v="Native Grassland" />
    <tag k="surface" v="grass" />
  </way>
  <way id="488405565">
    <nd ref="12473073340" />
    <nd ref="12473073327" />
    <nd ref="12473073326" />
    <nd ref="12473073325" />
    <nd ref="12473073324" />
    <nd ref="12473073323" />
    <nd ref="12473073322" />
    <nd ref="12473073319" />
    <nd ref="4807112217" />
    <nd ref="4807112632" />
    <nd ref="4807112633" />
    <nd ref="4807112634" />
    <nd ref="4807112216" />
    <nd ref="4807112636" />
    <nd ref="4807112637" />
    <nd ref="4807112215" />
    <nd ref="4807112638" />
    <nd ref="12473073333" />
    <nd ref="13653655414" />
    <nd ref="13653655415" />
    <nd ref="13653655416" />
    <nd ref="13653655417" />
    <nd ref="13653655418" />
    <nd ref="13653655419" />
    <nd ref="13653655420" />
    <nd ref="13653655421" />
    <nd ref="13653655422" />
    <nd ref="13653655423" />
    <nd ref="13653655424" />
    <nd ref="13653655425" />
    <nd ref="13653655426" />
    <nd ref="12473073331" />
    <nd ref="13653655427" />
    <nd ref="13653655428" />
    <nd ref="13653655429" />
    <nd ref="13653655430" />
    <nd ref="13653655431" />
    <nd ref="12473073332" />
    <nd ref="12514009384" />
    <nd ref="12514009383" />
    <nd ref="12514009381" />
    <nd ref="12514009380" />
    <nd ref="12514009379" />
    <nd ref="12514009378" />
    <nd ref="12514009377" />
    <nd ref="12514009376" />
    <nd ref="12473086406" />
    <nd ref="12473073340" />
    <tag k="addr:country" v="AU" />
    <tag k="addr:housenumber" v="77-169" />
    <tag k="addr:postcode" v="3051" />
    <tag k="addr:state" v="VIC" />
    <tag k="addr:street" v="Laurens Street" />
    <tag k="addr:suburb" v="North Melbourne" />
    <tag k="landuse" v="meadow" />
    <tag k="name" v="Arden Station Site" />
    <tag k="note" v="Site was previously occupied until November 2017" />
    <tag k="operator" v="Metro Rail Authority" />
    <tag k="source" v="http://metrotunnel.vic.gov.au/__data/assets/pdf_file/0012/104340/MM-NOTIFICATION-20170412-Arden-Site-establishment-and-demolition.pdf" />
  </way>
  <way id="560425002">
    <nd ref="5404668969" />
    <nd ref="5404668967" />
    <nd ref="278443714" />
    <nd ref="5404668964" />
    <nd ref="5404668963" />
    <nd ref="5404668965" />
    <nd ref="5404668970" />
    <nd ref="5404668966" />
    <nd ref="5404668968" />
    <nd ref="5404668969" />
    <tag k="landuse" v="residential" />
    <tag k="source" v="survey;Bing" />
  </way>
  <way id="582253387">
    <nd ref="286400635" />
    <nd ref="286400637" />
    <nd ref="34773423" />
    <nd ref="571389844" />
    <nd ref="5569029957" />
    <nd ref="8973667641" />
    <nd ref="4029432516" />
    <nd ref="5569029955" />
    <nd ref="40846882" />
    <nd ref="40846897" />
    <nd ref="4432003697" />
    <nd ref="4432003698" />
    <nd ref="35990053" />
    <nd ref="10288698393" />
    <nd ref="5569029956" />
    <nd ref="5569029954" />
    <nd ref="2905756446" />
    <nd ref="286400635" />
    <tag k="landuse" v="residential" />
  </way>
  <way id="598432309">
    <nd ref="5695670462" />
    <nd ref="5695670447" />
    <nd ref="5404668951" />
    <nd ref="5695670449" />
    <nd ref="5695670450" />
    <nd ref="5695670451" />
    <nd ref="5695670452" />
    <nd ref="9584064623" />
    <nd ref="9584064624" />
    <nd ref="9584064625" />
    <nd ref="9584064626" />
    <nd ref="9584064627" />
    <nd ref="5695670456" />
    <nd ref="5695670457" />
    <nd ref="5695670458" />
    <nd ref="3790874659" />
    <nd ref="824391692" />
    <nd ref="3790873546" />
    <nd ref="3790874660" />
    <nd ref="3790874661" />
    <nd ref="3790874662" />
    <nd ref="5695670459" />
    <nd ref="5695670460" />
    <nd ref="5695670461" />
    <nd ref="5695670462" />
    <tag k="landuse" v="residential" />
  </way>
  <way id="612482301">
    <nd ref="5797723014" />
    <nd ref="5797723015" />
    <nd ref="5797723016" />
    <nd ref="5797723017" />
    <nd ref="5797723014" />
    <tag k="construction" v="residential" />
    <tag k="landuse" v="construction" />
  </way>
  <way id="980548101">
    <nd ref="3790874673" />
    <nd ref="9070387139" />
    <nd ref="9070387132" />
    <nd ref="9070387133" />
    <nd ref="9070387134" />
    <nd ref="3790874683" />
    <nd ref="3790874682" />
    <nd ref="9070387135" />
    <nd ref="3790874678" />
    <nd ref="3790874680" />
    <nd ref="3790874679" />
    <nd ref="3790874673" />
    <tag k="landuse" v="grass" />
  </way>
  <way id="980548102">
    <nd ref="3790874682" />
    <nd ref="9070387135" />
    <nd ref="3790874676" />
    <nd ref="9070387136" />
    <nd ref="8797564449" />
    <nd ref="8797564448" />
    <nd ref="8797564447" />
    <nd ref="3790874675" />
    <nd ref="3790874682" />
    <tag k="landuse" v="grass" />
  </way>
  <way id="980548103">
    <nd ref="3790874678" />
    <nd ref="3790874680" />
    <nd ref="3790874681" />
    <nd ref="9070387137" />
    <nd ref="9070387138" />
    <nd ref="3103642304" />
    <nd ref="3790874678" />
    <tag k="landuse" v="grass" />
  </way>
  <way id="980548118">
    <nd ref="9070387326" />
    <nd ref="9070387327" />
    <nd ref="9070387328" />
    <nd ref="9070387329" />
    <nd ref="9070387330" />
    <nd ref="9070387331" />
    <nd ref="9070387332" />
    <nd ref="9070387333" />
    <nd ref="9070387334" />
    <nd ref="9070387335" />
    <nd ref="6345981491" />
    <nd ref="9070387336" />
    <nd ref="9070387337" />
    <nd ref="9070387338" />
    <nd ref="3121547186" />
    <nd ref="9070387339" />
    <nd ref="3120428294" />
    <nd ref="3120428295" />
    <nd ref="3120428296" />
    <nd ref="3120428297" />
    <nd ref="9070387340" />
    <nd ref="9070387341" />
    <nd ref="9070387342" />
    <nd ref="9070387343" />
    <nd ref="9070387344" />
    <nd ref="9070387345" />
    <nd ref="9070387346" />
    <nd ref="9070387325" />
    <nd ref="9070387326" />
    <tag k="landuse" v="grass" />
  </way>
  <way id="980552061">
    <nd ref="9070421884" />
    <nd ref="9070387339" />
    <nd ref="3120428294" />
    <nd ref="3120428293" />
    <nd ref="3120428292" />
    <nd ref="9070421887" />
    <nd ref="9070421886" />
    <nd ref="9070421885" />
    <nd ref="9070421884" />
    <tag k="landuse" v="grass" />
  </way>
  <way id="1111951588">
    <nd ref="10172957473" />
    <nd ref="10172957474" />
    <nd ref="10172957475" />
    <nd ref="10172957476" />
    <nd ref="10172957477" />
    <nd ref="10172957478" />
    <nd ref="10172957479" />
    <nd ref="10172957480" />
    <nd ref="10172957481" />
    <nd ref="10172957482" />
    <nd ref="10172957483" />
    <nd ref="10172957484" />
    <nd ref="10172957485" />
    <nd ref="10172957473" />
    <tag k="landuse" v="grass" />
  </way>
  <way id="1111951610">
    <nd ref="10172957872" />
    <nd ref="13757567662" />
    <nd ref="10172957873" />
    <nd ref="13757567663" />
    <nd ref="10172957874" />
    <nd ref="13757407648" />
    <nd ref="10172957875" />
    <nd ref="13757407647" />
    <nd ref="10172957876" />
    <nd ref="13757407646" />
    <nd ref="10172957877" />
    <nd ref="13757567341" />
    <nd ref="10172957878" />
    <nd ref="13757567340" />
    <nd ref="10172957879" />
    <nd ref="10172957861" />
    <nd ref="13757567348" />
    <nd ref="13757567347" />
    <nd ref="13757567346" />
    <nd ref="13757567345" />
    <nd ref="10172957862" />
    <nd ref="10172957866" />
    <nd ref="10172957867" />
    <nd ref="13757567655" />
    <nd ref="13757567656" />
    <nd ref="10172957868" />
    <nd ref="10172957869" />
    <nd ref="10172957870" />
    <nd ref="13757567657" />
    <nd ref="10172957871" />
    <nd ref="10172957863" />
    <nd ref="13757567658" />
    <nd ref="13757567659" />
    <nd ref="10172957864" />
    <nd ref="13757567660" />
    <nd ref="10172957865" />
    <nd ref="13757567661" />
    <nd ref="10172957872" />
    <tag k="landuse" v="grass" />
  </way>
  <way id="1137524367">
    <nd ref="10603516605" />
    <nd ref="10603516628" />
    <nd ref="10603516627" />
    <nd ref="10603516606" />
    <nd ref="446897319" />
    <nd ref="10603516520" />
    <nd ref="10603516519" />
    <nd ref="9768878324" />
    <nd ref="10603516605" />
    <tag k="landuse" v="residential" />
  </way>
  <way id="1384085163">
    <nd ref="446897324" />
    <nd ref="446897323" />
    <nd ref="12814680349" />
    <nd ref="12814680348" />
    <nd ref="446897324" />
    <tag k="addr:country" v="AU" />
    <tag k="addr:housenumber" v="149" />
    <tag k="addr:postcode" v="3052" />
    <tag k="addr:street" v="Royal Parade" />
    <tag k="addr:suburb" v="Parkville" />
    <tag k="check_date" v="2024-03-03" />
    <tag k="landuse" v="religious" />
    <tag k="name" v="Mar Thoma Church" />
    <tag k="religion" v="christian" />
  </way>

<note>The data included in this document is from www.openstreetmap.org. The data is made available under ODbL.</note>
<meta osm_base="2026-09-03T09:20:49Z" />

  <node id="21578117" lat="-37.8116146" lon="144.9457096">
    <tag k="railway" v="switch" />
  </node>
  <node id="55931062" lat="-37.8115540" lon="144.9458808" />
  <node id="163643050" lat="-37.8214043" lon="144.9759479" />
  <node id="163643086" lat="-37.8237523" lon="144.9783709" />
  <node id="163643104" lat="-37.8251071" lon="144.9795195" />
  <node id="163643112" lat="-37.8269030" lon="144.9824402" />
  <node id="163643122" lat="-37.8270624" lon="144.9831689" />
  <node id="163643138" lat="-37.8272716" lon="144.9845137" />
  <node id="163643157" lat="-37.8273916" lon="144.9851829" />
  <node id="163643177" lat="-37.8278988" lon="144.9864547" />
  <node id="163654141" lat="-37.8256575" lon="144.9800470" />
  <node id="163654164" lat="-37.8260401" lon="144.9805574" />
  <node id="163654180" lat="-37.8271413" lon="144.9836846" />
  <node id="242823000" lat="-37.8109241" lon="144.9596347">
    <tag k="amenity" v="telephone" />
    <tag k="check_date" v="2025-10-04" />
  </node>
  <node id="248266235" lat="-37.8272392" lon="144.9882000" />
  <node id="248266238" lat="-37.8273024" lon="144.9881233" />
  <node id="248266241" lat="-37.8275085" lon="144.9878185" />
  <node id="248266244" lat="-37.8275420" lon="144.9875304" />
  <node id="248266247" lat="-37.8274715" lon="144.9872840" />
  <node id="248266250" lat="-37.8271647" lon="144.9868572" />
  <node id="248266253" lat="-37.8265312" lon="144.9862900" />
  <node id="248266256" lat="-37.8263416" lon="144.9859557" />
  <node id="248266259" lat="-37.8263303" lon="144.9858969" />
  <node id="248266262" lat="-37.8263772" lon="144.9854401" />
  <node id="248266265" lat="-37.8262789" lon="144.9851579" />
  <node id="248266268" lat="-37.8261851" lon="144.9852008" />
  <node id="294638102" lat="-37.8116781" lon="144.9455210" />
  <node id="304186954" lat="-37.8260278" lon="144.9845142" />
  <node id="304186955" lat="-37.8260718" lon="144.9841964" />
  <node id="304186956" lat="-37.8260331" lon="144.9835017" />
  <node id="304186957" lat="-37.8260179" lon="144.9827282" />
  <node id="306381656" lat="-37.7997099" lon="144.9371409" />
  <node id="306383398" lat="-37.8058020" lon="144.9412972" />
  <node id="358351988" lat="-37.8061595" lon="144.9416264" />
  <node id="358351993" lat="-37.8080392" lon="144.9431016" />
  <node id="358351999" lat="-37.8101954" lon="144.9448303" />
  <node id="358352007" lat="-37.8115184" lon="144.9459844" />
  <node id="387153029" lat="-37.8101514" lon="144.9447855" />
  <node id="575552038" lat="-37.8263699" lon="144.9855795" />
  <node id="575552039" lat="-37.8263426" lon="144.9855230" />
  <node id="575552040" lat="-37.8263336" lon="144.9857196" />
  <node id="575552041" lat="-37.8263101" lon="144.9860408" />
  <node id="575552042" lat="-37.8263495" lon="144.9859914" />
  <node id="575552795" lat="-37.8263525" lon="144.9855438" />
  <node id="575553664" lat="-37.8261671" lon="144.9851251" />
  <node id="575553670" lat="-37.8260548" lon="144.9839684" />
  <node id="575554312" lat="-37.8260013" lon="144.9842795" />
  <node id="575554313" lat="-37.8260379" lon="144.9837062" />
  <node id="575554319" lat="-37.8261097" lon="144.9847972" />
  <node id="575554320" lat="-37.8260999" lon="144.9847408" />
  <node id="575554321" lat="-37.8260845" lon="144.9845062" />
  <node id="575554323" lat="-37.8260999" lon="144.9848703" />
  <node id="575556331" lat="-37.8261428" lon="144.9850278" />
  <node id="575560977" lat="-37.8259124" lon="144.9816174" />
  <node id="575561685" lat="-37.8258774" lon="144.9815115" />
  <node id="575561691" lat="-37.8258266" lon="144.9813398" />
  <node id="575561696" lat="-37.8257852" lon="144.9812580" />
  <node id="575561699" lat="-37.8257312" lon="144.9811655" />
  <node id="575561702" lat="-37.8256920" lon="144.9810863" />
  <node id="575561705" lat="-37.8256698" lon="144.9810206" />
  <node id="575561708" lat="-37.8256528" lon="144.9809522" />
  <node id="575561710" lat="-37.8256105" lon="144.9808302" />
  <node id="575561713" lat="-37.8255639" lon="144.9807175" />
  <node id="575561717" lat="-37.8255014" lon="144.9806196" />
  <node id="575561720" lat="-37.8253912" lon="144.9804855" />
  <node id="575561722" lat="-37.8251666" lon="144.9802321" />
  <node id="575561725" lat="-37.8250416" lon="144.9801100" />
  <node id="575561731" lat="-37.8246201" lon="144.9797378" />
  <node id="577513947" lat="-37.8305227" lon="144.9786643" />
  <node id="577513948" lat="-37.8306396" lon="144.9781003" />
  <node id="577513949" lat="-37.8307524" lon="144.9778816" />
  <node id="577513950" lat="-37.8310261" lon="144.9778650" />
  <node id="577513951" lat="-37.8311078" lon="144.9777623" />
  <node id="577513952" lat="-37.8314382" lon="144.9775745" />
  <node id="577513953" lat="-37.8315631" lon="144.9773596" />
  <node id="577513954" lat="-37.8320272" lon="144.9777945" />
  <node id="577513955" lat="-37.8323238" lon="144.9781623" />
  <node id="577513956" lat="-37.8325780" lon="144.9785589" />
  <node id="577513957" lat="-37.8324424" lon="144.9788110" />
  <node id="577513958" lat="-37.8321140" lon="144.9784194" />
  <node id="577513959" lat="-37.8319234" lon="144.9785106" />
  <node id="577513960" lat="-37.8315272" lon="144.9784704" />
  <node id="577513961" lat="-37.8314488" lon="144.9785348" />
  <node id="577513962" lat="-37.8310675" lon="144.9785241" />
  <node id="577513963" lat="-37.8308324" lon="144.9784972" />
  <node id="579963467" lat="-37.8116637" lon="144.9455629" />
  <node id="579968880" lat="-37.8116287" lon="144.9456663" />
  <node id="579971507" lat="-37.8115907" lon="144.9457809" />
  <node id="579973149" lat="-37.8115700" lon="144.9458378" />
  <node id="579980028" lat="-37.8078614" lon="144.9425357">
    <tag k="railway" v="switch" />
    <tag k="railway:local_operated" v="no" />
    <tag k="railway:switch" v="default" />
    <tag k="railway:turnout_side" v="right" />
  </node>
  <node id="579980318" lat="-37.8066297" lon="144.9415656">
    <tag k="exit:carriages:forward" v="ramp|no|no|no|escalator|lift" />
    <tag k="gtfs:stop_id" v="14327" />
    <tag k="local_ref" v="4" />
    <tag k="name" v="North Melbourne 4" />
    <tag k="public_transport" v="stop_position" />
    <tag k="railway" v="stop" />
    <tag k="side" v="left" />
    <tag k="train" v="yes" />
  </node>
  <node id="579980681" lat="-37.8078464" lon="144.9425735">
    <tag k="railway" v="switch" />
    <tag k="railway:local_operated" v="no" />
    <tag k="railway:switch" v="default" />
    <tag k="railway:turnout_side" v="right" />
  </node>
  <node id="579982672" lat="-37.8077655" lon="144.9427013">
    <tag k="railway" v="switch" />
    <tag k="railway:local_operated" v="no" />
    <tag k="railway:switch" v="default" />
    <tag k="railway:turnout_side" v="right" />
  </node>
  <node id="579982675" lat="-37.8076284" lon="144.9425917">
    <tag k="exit:carriages:forward" v="lift|no|escalator|no|no|ramp" />
    <tag k="gtfs:stop_id" v="14324" />
    <tag k="local_ref" v="1" />
    <tag k="name" v="North Melbourne 1" />
    <tag k="network" v="PTV - Metropolitan Trains" />
    <tag k="public_transport" v="stop_position" />
    <tag k="railway" v="stop" />
    <tag k="side" v="left" />
    <tag k="train" v="yes" />
  </node>
  <node id="579983184" lat="-37.8065692" lon="144.9417077">
    <tag k="exit:carriages:forward" v="ramp|no|no|no|escalator|lift" />
    <tag k="gtfs:stop_id" v="14325" />
    <tag k="local_ref" v="2" />
    <tag k="name" v="North Melbourne 2" />
    <tag k="public_transport" v="stop_position" />
    <tag k="railway" v="stop" />
    <tag k="side" v="left" />
    <tag k="train" v="yes" />
  </node>
  <node id="579984186" lat="-37.8077359" lon="144.9426280">
    <tag k="railway" v="switch" />
    <tag k="railway:local_operated" v="no" />
    <tag k="railway:switch" v="default" />
    <tag k="railway:turnout_side" v="left" />
    <tag k="ref" v="410D" />
  </node>
  <node id="579988733" lat="-37.8079289" lon="144.9420123">
    <tag k="railway" v="switch" />
  </node>
  <node id="579989448" lat="-37.8060183" lon="144.9409437">
    <tag k="railway" v="switch" />
    <tag k="railway:local_operated" v="no" />
    <tag k="railway:switch" v="default" />
    <tag k="railway:turnout_side" v="left" />
  </node>
  <node id="579989564" lat="-37.8060447" lon="144.9409132">
    <tag k="railway" v="switch" />
    <tag k="railway:local_operated" v="no" />
    <tag k="railway:switch" v="default" />
    <tag k="railway:turnout_side" v="left" />
  </node>
  <node id="579990363" lat="-37.8072996" lon="144.9413893">
    <tag k="railway" v="switch" />
  </node>
  <node id="579991314" lat="-37.8065737" lon="144.9406977">
    <tag k="railway" v="switch" />
  </node>
  <node id="579992983" lat="-37.8075804" lon="144.9416836">
    <tag k="railway" v="switch" />
  </node>
  <node id="616546821" lat="-37.8117821" lon="144.9603243">
    <tag k="addr:floor" v="G" />
    <tag k="addr:housenumber" v="391" />
    <tag k="addr:postcode" v="3000" />
    <tag k="addr:street" v="Little Lonsdale Street" />
    <tag k="addr:suburb" v="Melbourne" />
    <tag k="addr:unit" v="Shop 3" />
    <tag k="amenity" v="restaurant" />
    <tag k="check_date" v="2026-08-22" />
    <tag k="cuisine" v="ramen" />
    <tag k="diet:vegetarian" v="yes" />
    <tag k="level" v="0" />
    <tag k="name" v="Sara" />
    <tag k="opening_hours" v="Mo-Th 11:30-14:30,17:30-21:00; Fr 11:30-14:30,17:30-22:00; Sa 11:30-22:00; Su 11:30-21:00" />
    <tag k="payment:cash" v="yes" />
    <tag k="payment:credit_cards" v="yes" />
    <tag k="payment:debit_cards" v="yes" />
    <tag k="website" v="https://sararamen.com.au/" />
    <tag k="wheelchair" v="yes" />
  </node>
  <node id="702363967" lat="-37.8051654" lon="144.9409727" />
  <node id="702363984" lat="-37.8053847" lon="144.9409368" />
  <node id="702363985" lat="-37.8055527" lon="144.9410793" />
  <node id="702372912" lat="-37.8057104" lon="144.9412156" />
  <node id="702372978" lat="-37.8051295" lon="144.9404825" />
  <node id="702375980" lat="-37.8074772" lon="144.9425909">
    <tag k="amenity" v="ticket_validator" />
    <tag k="barrier" v="gate" />
    <tag k="capacity" v="9" />
    <tag k="fee" v="yes" />
    <tag k="indoor" v="yes" />
    <tag k="network" v="PTV - Metropolitan Trains" />
    <tag k="payment:myki" v="only" />
  </node>
  <node id="702376281" lat="-37.8056002" lon="144.9420364" />
  <node id="702376329" lat="-37.8076016" lon="144.9427636" />
  <node id="702376334" lat="-37.8067963" lon="144.9421239" />
  <node id="711751607" lat="-37.8112731" lon="144.9587623">
    <tag k="addr:housenumber" v="365" />
    <tag k="addr:street" v="La Trobe Street" />
    <tag k="amenity" v="cafe" />
    <tag k="name" v="Blaq" />
    <tag k="phone" v="+61 3 9600 4282" />
  </node>
  <node id="711752038" lat="-37.8113548" lon="144.9588337">
    <tag k="addr:housenumber" v="299" />
    <tag k="addr:street" v="Queen Street" />
    <tag k="amenity" v="restaurant" />
    <tag k="cuisine" v="chinese" />
    <tag k="name" v="Quanjude Chinese Restaurant" />
    <tag k="phone" v="+61 3 9670 0091" />
    <tag k="website" v="http://www.quanjude.com.au/" />
  </node>
  <node id="746921886" lat="-37.8260078" lon="144.9821994" />
  <node id="746921887" lat="-37.8259823" lon="144.9819943" />
  <node id="746921888" lat="-37.8259548" lon="144.9818306" />
  <node id="767729238" lat="-37.8068414" lon="144.9427818" />
  <node id="767729239" lat="-37.8068461" lon="144.9428174" />
  <node id="767729257" lat="-37.8061573" lon="144.9429400" />
  <node id="767729258" lat="-37.8061510" lon="144.9429040" />
  <node id="814520742" lat="-37.8114585" lon="144.9582685">
    <tag k="access" v="yes" />
    <tag k="amenity" v="parking" />
    <tag k="fee" v="yes" />
    <tag k="layer" v="-1" />
    <tag k="name" v="The Mint Car Park" />
    <tag k="parking" v="underground" />
  </node>
  <node id="1496246573" lat="-37.8263613" lon="144.9810761" />
  <node id="1496246597" lat="-37.8266159" lon="144.9816306" />
  <node id="1668523016" lat="-37.8077619" lon="144.9414314">
    <tag k="fixme" v="confirm if 2 or 3 aspect" />
    <tag k="railway" v="signal" />
    <tag k="railway:signal:direction" v="forward" />
    <tag k="railway:signal:shunting" v="AU:VIC:shunt_2" />
    <tag k="railway:signal:shunting:form" v="light" />
  </node>
  <node id="1668523018" lat="-37.8080789" lon="144.9420143">
    <tag k="railway" v="switch" />
  </node>
  <node id="1668523292" lat="-37.8215082" lon="144.9763194" />
  <node id="1668523297" lat="-37.8220245" lon="144.9767893" />
  <node id="1668523300" lat="-37.8225272" lon="144.9773488" />
  <node id="1668523346" lat="-37.8230941" lon="144.9780280" />
  <node id="1668523377" lat="-37.8234483" lon="144.9782586" />
  <node id="1668523460" lat="-37.8237419" lon="144.9786260" />
  <node id="1668523597" lat="-37.8243796" lon="144.9792197" />
  <node id="1668523751" lat="-37.8247350" lon="144.9795207" />
  <node id="1668524044" lat="-37.8273563" lon="144.9882570" />
  <node id="1668524077" lat="-37.8276586" lon="144.9858855" />
  <node id="1668524146" lat="-37.8283624" lon="144.9871359" />
  <node id="1668524177" lat="-37.8287276" lon="144.9879783" />
  <node id="1668524207" lat="-37.8291741" lon="144.9878696" />
  <node id="2133726645" lat="-37.8117046" lon="144.9454466" />
  <node id="2133726647" lat="-37.8117270" lon="144.9453902" />
  <node id="2143853999" lat="-37.8024364" lon="144.9362887" />
  <node id="2143854009" lat="-37.8024937" lon="144.9362438" />
  <node id="2143854010" lat="-37.8023505" lon="144.9363558" />
  <node id="2143854011" lat="-37.8024071" lon="144.9363116" />
  <node id="2143854013" lat="-37.8023793" lon="144.9363334" />
  <node id="2143854014" lat="-37.8024637" lon="144.9362673" />
  <node id="2190624240" lat="-37.8105093" lon="144.9607257">
    <tag k="name" v="Stop 5: Melbourne Central Station" />
    <tag k="network" v="PTV - Metropolitan Trams" />
    <tag k="network:wikidata" v="Q7257648" />
    <tag k="operator" v="Keolis Downer" />
    <tag k="operator:wikidata" v="Q6328065" />
    <tag k="public_transport" v="stop_position" />
    <tag k="railway" v="tram_stop" />
    <tag k="ref" v="5" />
    <tag k="tram" v="yes" />
  </node>
  <node id="2577925397" lat="-37.8115393" lon="144.9459264" />
  <node id="2622851278" lat="-37.8118126" lon="144.9602182">
    <tag k="addr:housenumber" v="397" />
    <tag k="addr:postcode" v="3000" />
    <tag k="addr:street" v="Little Lonsdale Street" />
    <tag k="addr:suburb" v="Melbourne" />
    <tag k="amenity" v="fast_food" />
    <tag k="check_date" v="2026-05-30" />
    <tag k="cuisine" v="chinese" />
    <tag k="drive_through" v="no" />
    <tag k="name" v="Dao Noodle" />
    <tag k="website" v="https://www.daonoodle.com.au/" />
  </node>
  <node id="3001747810" lat="-37.8274011" lon="144.9814817">
    <tag k="tourism" v="picnic_site" />
  </node>
  <node id="3114181934" lat="-37.8117038" lon="144.9598674" />
  <node id="3114181936" lat="-37.8117939" lon="144.9599082" />
  <node id="3114181937" lat="-37.8118277" lon="144.9594404" />
  <node id="3114181938" lat="-37.8119200" lon="144.9594846" />
  <node id="3393602448" lat="-37.8116013" lon="144.9598197" />
  <node id="3451531113" lat="-37.8073619" lon="144.9425303">
    <tag k="amenity" v="vending_machine" />
    <tag k="check_date" v="2023-04-19" />
    <tag k="indoor" v="yes" />
    <tag k="vending" v="public_transport_tickets" />
  </node>
  <node id="3451531117" lat="-37.8075474" lon="144.9429390">
    <tag k="amenity" v="telephone" />
  </node>
  <node id="3555806735" lat="-37.8040044" lon="144.9365017" />
  <node id="3777872787" lat="-37.8118204" lon="144.9451062" />
  <node id="3777872788" lat="-37.8089151" lon="144.9422901" />
  <node id="3777872789" lat="-37.8091482" lon="144.9424940" />
  <node id="3777872793" lat="-37.8120777" lon="144.9444602" />
  <node id="3895980373" lat="-37.8117414" lon="144.9453488" />
  <node id="3895980376" lat="-37.8116555" lon="144.9455868" />
  <node id="3895980381" lat="-37.8116431" lon="144.9456231" />
  <node id="3937113658" lat="-37.8106045" lon="144.9588497">
    <tag k="bench" v="no" />
    <tag k="bin" v="no" />
    <tag k="bus" v="yes" />
    <tag k="gtfs:stop_id" v="20471" />
    <tag k="highway" v="bus_stop" />
    <tag k="lit" v="yes" />
    <tag k="name" v="La Trobe Street/Queen Street" />
    <tag k="network" v="Transport Victoria" />
    <tag k="network:wikidata" v="Q7257648" />
    <tag k="operator" v="Transdev" />
    <tag k="public_transport" v="platform" />
    <tag k="ref" v="ID.20471" />
    <tag k="route_ref" v="220" />
    <tag k="shelter" v="no" />
    <tag k="tactile_paving" v="yes" />
  </node>
  <node id="3937113659" lat="-37.8106209" lon="144.9587947">
    <tag k="bus" v="yes" />
    <tag k="name" v="La Trobe Street/Queen Street" />
    <tag k="network" v="PTV - Metropolitan Buses" />
    <tag k="operator" v="Transdev" />
    <tag k="public_transport" v="stop_position" />
  </node>
  <node id="3937113660" lat="-37.8116813" lon="144.9591154">
    <tag k="bus" v="yes" />
    <tag k="name" v="La Trobe Street/Queen Street" />
    <tag k="network" v="PTV - Metropolitan Buses" />
    <tag k="operator" v="Transdev" />
    <tag k="public_transport" v="stop_position" />
  </node>
  <node id="3937113661" lat="-37.8116956" lon="144.9590550">
    <tag k="bench" v="yes" />
    <tag k="bin" v="no" />
    <tag k="bus" v="yes" />
    <tag k="gtfs:stop_id" v="20466" />
    <tag k="highway" v="bus_stop" />
    <tag k="lit" v="no" />
    <tag k="name" v="La Trobe Street/Queen Street" />
    <tag k="network" v="Transport Victoria" />
    <tag k="network:wikidata" v="Q7257648" />
    <tag k="not_served_by" v="605;959" />
    <tag k="operator" v="Transdev" />
    <tag k="public_transport" v="platform" />
    <tag k="ref" v="ID.20466" />
    <tag k="route_ref" v="220;232;234;236" />
    <tag k="shelter" v="yes" />
    <tag k="tactile_paving" v="yes" />
  </node>
  <node id="4069715679" lat="-37.8067442" lon="144.9427780">
    <tag k="bus" v="yes" />
    <tag k="name" v="North Melbourne Station/Dryburgh Street" />
    <tag k="network" v="PTV - Metropolitan Buses" />
    <tag k="public_transport" v="stop_position" />
  </node>
  <node id="4267698390" lat="-37.8101504" lon="144.9582750">
    <tag k="addr:housenumber" v="181" />
    <tag k="addr:street" v="A'Beckett Street" />
    <tag k="internet_access" v="wlan" />
    <tag k="internet_access:fee" v="yes" />
    <tag k="name" v="City Tempo Hotel" />
    <tag k="phone" v="+61 3 8256 7555" />
    <tag k="smoking" v="outside" />
    <tag k="stars" v="4" />
    <tag k="tourism" v="hotel" />
    <tag k="website" v="https://citytempo.com.au/" />
  </node>
  <node id="4518640800" lat="-37.8078460" lon="144.9423833">
    <tag k="exit:carriages:forward" v="lift|escalator|no|no|no|ramp" />
    <tag k="gtfs:stop_id" v="14328" />
    <tag k="local_ref" v="5" />
    <tag k="name" v="North Melbourne 5" />
    <tag k="network" v="PTV - Metropolitan Trains" />
    <tag k="operator" v="Metro Trains Melbourne" />
    <tag k="public_transport" v="stop_position" />
    <tag k="railway" v="stop" />
    <tag k="ref" v="19973" />
    <tag k="side" v="left" />
    <tag k="train" v="yes" />
  </node>
  <node id="4633714531" lat="-37.8054607" lon="144.9420702" />
  <node id="4633714533" lat="-37.8054842" lon="144.9419074" />
  <node id="4633714535" lat="-37.8055594" lon="144.9415588" />
  <node id="4675693394" lat="-37.8114121" lon="144.9593686">
    <tag k="check_date" v="2026-02-16" />
    <tag k="name" v="Europa Melbourne" />
    <tag k="name:en" v="Europa Melbourne" />
    <tag k="tourism" v="hostel" />
  </node>
  <node id="4957734505" lat="-37.8061749" lon="144.9422420">
    <tag k="amenity" v="waste_basket" />
  </node>
  <node id="4957734510" lat="-37.8068589" lon="144.9426534">
    <tag k="amenity" v="waste_basket" />
    <tag k="check_date" v="2025-10-31" />
  </node>
  <node id="4957734515" lat="-37.8073978" lon="144.9426796">
    <tag k="amenity" v="waste_basket" />
    <tag k="check_date" v="2025-10-31" />
  </node>
  <node id="4957734564" lat="-37.8074215" lon="144.9428638" />
  <node id="4957734565" lat="-37.8074195" lon="144.9428638" />
  <node id="4957734566" lat="-37.8074170" lon="144.9428613" />
  <node id="4957734568" lat="-37.8074145" lon="144.9428568" />
  <node id="4957734569" lat="-37.8074075" lon="144.9428418" />
  <node id="4957734570" lat="-37.8073975" lon="144.9428248" />
  <node id="4957734571" lat="-37.8073905" lon="144.9428158" />
  <node id="4957734572" lat="-37.8073830" lon="144.9428073" />
  <node id="4957734574" lat="-37.8073820" lon="144.9428043" />
  <node id="4957734576" lat="-37.8073820" lon="144.9428005" />
  <node id="4957734579" lat="-37.8073926" lon="144.9427859" />
  <node id="4957734583" lat="-37.8073945" lon="144.9427868" />
  <node id="4957734584" lat="-37.8074075" lon="144.9428008" />
  <node id="4957734585" lat="-37.8074195" lon="144.9428168" />
  <node id="4957734586" lat="-37.8074295" lon="144.9428338" />
  <node id="4957734587" lat="-37.8074370" lon="144.9428493" />
  <node id="4957734589" lat="-37.8074375" lon="144.9428523" />
  <node id="4957734591" lat="-37.8074355" lon="144.9428548" />
  <node id="4957734592" lat="-37.8074255" lon="144.9428618" />
  <node id="4957734593" lat="-37.8069670" lon="144.9427987" />
  <node id="4957734594" lat="-37.8069650" lon="144.9427977" />
  <node id="4957734595" lat="-37.8069640" lon="144.9427957" />
  <node id="4957734596" lat="-37.8069620" lon="144.9427687" />
  <node id="4957734600" lat="-37.8069631" lon="144.9427650" />
  <node id="4957734601" lat="-37.8069654" lon="144.9427638" />
  <node id="4957734603" lat="-37.8069700" lon="144.9427627" />
  <node id="4957734604" lat="-37.8071570" lon="144.9427287" />
  <node id="4957734605" lat="-37.8071878" lon="144.9427233" />
  <node id="4957734606" lat="-37.8071990" lon="144.9427217" />
  <node id="4957734607" lat="-37.8072267" lon="144.9427169" />
  <node id="4957734608" lat="-37.8072438" lon="144.9427157" />
  <node id="4957734609" lat="-37.8072623" lon="144.9427174" />
  <node id="4957734610" lat="-37.8072823" lon="144.9427220" />
  <node id="4957734611" lat="-37.8073005" lon="144.9427276" />
  <node id="4957734612" lat="-37.8073117" lon="144.9427322" />
  <node id="4957734613" lat="-37.8073273" lon="144.9427399" />
  <node id="4957734614" lat="-37.8073397" lon="144.9427467" />
  <node id="4957734615" lat="-37.8073550" lon="144.9427577" />
  <node id="4957734616" lat="-37.8073663" lon="144.9427670" />
  <node id="4957734619" lat="-37.8073590" lon="144.9427787" />
  <node id="4957734620" lat="-37.8073570" lon="144.9427817" />
  <node id="4957734621" lat="-37.8073538" lon="144.9427822" />
  <node id="4957734624" lat="-37.8073450" lon="144.9427747" />
  <node id="4957734625" lat="-37.8073370" lon="144.9427697" />
  <node id="4957734626" lat="-37.8073280" lon="144.9427657" />
  <node id="4957734627" lat="-37.8073190" lon="144.9427617" />
  <node id="4957734628" lat="-37.8073062" lon="144.9427568" />
  <node id="4957734629" lat="-37.8072947" lon="144.9427524" />
  <node id="4957734630" lat="-37.8072830" lon="144.9427517" />
  <node id="4957734631" lat="-37.8072700" lon="144.9427497" />
  <node id="4957734632" lat="-37.8072500" lon="144.9427487" />
  <node id="4957734633" lat="-37.8072025" lon="144.9427547" />
  <node id="4957734635" lat="-37.8071980" lon="144.9427557" />
  <node id="4957734636" lat="-37.8071910" lon="144.9427567" />
  <node id="4957734637" lat="-37.8069700" lon="144.9427997" />
  <node id="4957734649" lat="-37.8074676" lon="144.9427258">
    <tag k="amenity" v="bicycle_parking" />
    <tag k="bicycle_parking" v="stands" />
    <tag k="capacity" v="12" />
    <tag k="covered" v="no" />
    <tag k="operator" v="City of Melbourne" />
  </node>
  <node id="4957734650" lat="-37.8072893" lon="144.9425964">
    <tag k="amenity" v="bicycle_parking" />
    <tag k="bicycle_parking" v="stands" />
    <tag k="capacity" v="4" />
    <tag k="covered" v="no" />
    <tag k="operator" v="City of Melbourne" />
  </node>
  <node id="4957734651" lat="-37.8070871" lon="144.9425342">
    <tag k="amenity" v="bicycle_parking" />
    <tag k="bicycle_parking" v="stands" />
    <tag k="capacity" v="8" />
    <tag k="covered" v="no" />
    <tag k="operator" v="City of Melbourne" />
  </node>
  <node id="5151457219" lat="-37.8076092" lon="144.9423514">
    <tag k="fare_gates" v="yes" />
    <tag k="gtfs:stop_id" v="vic:rail:NME" />
    <tag k="name" v="North Melbourne" />
    <tag k="network" v="PTV - Metropolitan Trains" />
    <tag k="network:wikidata" v="Q7257648" />
    <tag k="old_name" v="North Melbourne" />
    <tag k="operator" v="Metro Trains Melbourne" />
    <tag k="public_transport" v="station" />
    <tag k="railway" v="station" />
    <tag k="railway:ref" v="NME" />
    <tag k="toilets:wheelchair" v="yes" />
    <tag k="train" v="yes" />
    <tag k="wheelchair" v="yes" />
    <tag k="wikidata" v="Q7056082" />
    <tag k="wikipedia" v="en:North Melbourne railway station" />
  </node>
  <node id="5346825747" lat="-37.8275634" lon="144.9819289">
    <tag k="amenity" v="drinking_water" />
    <tag k="bottle" v="yes" />
    <tag k="indoor" v="no" />
  </node>
  <node id="5433124127" lat="-37.8104182" lon="144.9583979">
    <tag k="brand" v="EzyMart" />
    <tag k="brand:wikidata" v="Q117220554" />
    <tag k="name" v="EzyMart" />
    <tag k="shop" v="convenience" />
  </node>
  <node id="6069856278" lat="-37.8113221" lon="144.9597994">
    <tag k="addr:housenumber" v="32" />
    <tag k="addr:postcode" v="3000" />
    <tag k="addr:state" v="VIC" />
    <tag k="addr:street" v="Guildford Lane." />
    <tag k="brand" v="Rapha" />
    <tag k="brand:en" v="Rapha" />
    <tag k="brand:ja" v="ラファ" />
    <tag k="brand:wikidata" v="Q131446199" />
    <tag k="check_date" v="2026-02-16" />
    <tag k="email" v="melbourne@rapha.cc" />
    <tag k="name" v="Rapha" />
    <tag k="name:en" v="Rapha" />
    <tag k="name:ja" v="ラファ" />
    <tag k="opening_hours" v="Mo-Fr 10:00-18:00; Sa-Su 10:00-17:00" />
    <tag k="phone" v="+61 3 9600 2651" />
    <tag k="service:bicycle:retail" v="yes" />
    <tag k="shop" v="sports" />
    <tag k="sport" v="cycling" />
    <tag k="website" v="https://www.rapha.cc/au/en_AU/clubhouses/melbourne" />
  </node>
  <node id="6163160894" lat="-37.8106132" lon="144.9609548">
    <tag k="amenity" v="restaurant" />
    <tag k="check_date:opening_hours" v="2025-10-08" />
    <tag k="name" v="David’s Hot Pot" />
    <tag k="opening_hours:signed" v="no" />
  </node>
  <node id="6424368185" lat="-37.8114882" lon="144.9598089">
    <tag k="amenity" v="cafe" />
    <tag k="check_date" v="2026-02-16" />
    <tag k="name" v="Brick Lane" />
  </node>
  <node id="6567524116" lat="-37.8056660" lon="144.9418386" />
  <node id="6567524117" lat="-37.8055880" lon="144.9418578" />
  <node id="6567524118" lat="-37.8055821" lon="144.9418689" />
  <node id="6567524120" lat="-37.8055443" lon="144.9416296" />
  <node id="6567524138" lat="-37.8055582" lon="144.9415849" />
  <node id="6615858337" lat="-37.8077078" lon="144.9424675">
    <tag k="exit:carriages:forward" v="lift|escalator|no|no|no|ramp" />
    <tag k="gtfs:stop_id" v="14326" />
    <tag k="local_ref" v="3" />
    <tag k="name" v="North Melbourne 3" />
    <tag k="public_transport" v="stop_position" />
    <tag k="railway" v="stop" />
    <tag k="side" v="left" />
    <tag k="train" v="yes" />
  </node>
  <node id="6763494840" lat="-37.8111580" lon="144.9438351" />
  <node id="6804266316" lat="-37.8098479" lon="144.9583343" />
  <node id="6804266317" lat="-37.8098360" lon="144.9583781" />
  <node id="6846368032" lat="-37.8243402" lon="144.9789067" />
  <node id="6846368050" lat="-37.8281217" lon="144.9868114" />
  <node id="6846368051" lat="-37.8273484" lon="144.9849754" />
  <node id="6846368052" lat="-37.8275299" lon="144.9855657" />
  <node id="6846368053" lat="-37.8262003" lon="144.9808120" />
  <node id="6846368054" lat="-37.8258859" lon="144.9803377" />
  <node id="6846372040" lat="-37.8277265" lon="144.9826798">
    <tag k="amenity" v="bbq" />
  </node>
  <node id="6846372041" lat="-37.8276745" lon="144.9824133">
    <tag k="amenity" v="bbq" />
  </node>
  <node id="6846372042" lat="-37.8274463" lon="144.9816671">
    <tag k="amenity" v="bbq" />
  </node>
  <node id="6846372044" lat="-37.8275420" lon="144.9819374">
    <tag k="amenity" v="bbq" />
  </node>
  <node id="6846372053" lat="-37.8277304" lon="144.9823974">
    <tag k="amenity" v="waste_basket" />
    <tag k="material" v="metal" />
  </node>
  <node id="6846372054" lat="-37.8277880" lon="144.9826663">
    <tag k="amenity" v="waste_basket" />
    <tag k="material" v="metal" />
  </node>
  <node id="6846372057" lat="-37.8276076" lon="144.9819074">
    <tag k="amenity" v="waste_basket" />
    <tag k="material" v="metal" />
  </node>
  <node id="6846372058" lat="-37.8275172" lon="144.9816316">
    <tag k="amenity" v="waste_basket" />
    <tag k="material" v="metal" />
  </node>
  <node id="6846372060" lat="-37.8269923" lon="144.9828087" />
  <node id="6849062560" lat="-37.8118397" lon="144.9450601" />
  <node id="6907081016" lat="-37.8115587" lon="144.9599696" />
  <node id="6907081017" lat="-37.8117516" lon="144.9600573" />
  <node id="6907081021" lat="-37.8115781" lon="144.9599783" />
  <node id="6907081024" lat="-37.8116618" lon="144.9598478" />
  <node id="6907081037" lat="-37.8112908" lon="144.9586182">
    <tag k="amenity" v="restaurant" />
    <tag k="cuisine" v="japanese" />
    <tag k="level" v="0" />
    <tag k="name" v="Izakaya Minami" />
    <tag k="wheelchair" v="yes" />
  </node>
  <node id="6967800425" lat="-37.8114742" lon="144.9435245" />
  <node id="6967800426" lat="-37.8115411" lon="144.9438957" />
  <node id="7246376793" lat="-37.8069459" lon="144.9426451">
    <tag k="amenity" v="shelter" />
    <tag k="bench" v="no" />
    <tag k="shelter_type" v="public_transport" />
  </node>
  <node id="7246376794" lat="-37.8070646" lon="144.9426243">
    <tag k="amenity" v="shelter" />
    <tag k="bench" v="no" />
    <tag k="shelter_type" v="public_transport" />
  </node>
  <node id="7246376795" lat="-37.8067851" lon="144.9426789">
    <tag k="bench" v="no" />
    <tag k="bin" v="yes" />
    <tag k="bus" v="yes" />
    <tag k="departures_board" v="no" />
    <tag k="highway" v="bus_stop" />
    <tag k="lit" v="yes" />
    <tag k="name" v="North Melbourne Station rail replacement stop" />
    <tag k="network" v="Transport Victoria" />
    <tag k="network:wikidata" v="Q7257648" />
    <tag k="not_served_by" v="241" />
    <tag k="note" v="For train replacement buses to Werribee, Williamstown, Craigieburn and Sunbury." />
    <tag k="operator" v="Metro Trains Melbourne" />
    <tag k="public_transport" v="platform" />
    <tag k="ref" v="NME" />
    <tag k="route_ref" v="train replacement" />
    <tag k="shelter" v="no" />
    <tag k="tactile_paving" v="no" />
  </node>
  <node id="7246376796" lat="-37.8067303" lon="144.9426907">
    <tag k="bench" v="no" />
    <tag k="bin" v="yes" />
    <tag k="bus" v="yes" />
    <tag k="gtfs:stop_code" v="41373" />
    <tag k="gtfs:stop_id" v="41373" />
    <tag k="highway" v="bus_stop" />
    <tag k="lit" v="yes" />
    <tag k="local_ref" v="Bay 2" />
    <tag k="name" v="North Melbourne Station/Dryburgh Street" />
    <tag k="network" v="Transport Victoria" />
    <tag k="network:wikidata" v="Q7257648" />
    <tag k="public_transport" v="platform" />
    <tag k="ref" v="ID.40645" />
    <tag k="route_ref" v="241" />
    <tag k="shelter" v="yes" />
    <tag k="tactile_paving" v="yes" />
    <tag k="website" v="https://transport.vic.gov.au/stop/27744/" />
  </node>
  <node id="7913378967" lat="-37.8110620" lon="144.9587411">
    <tag k="railway" v="tram_crossing" />
  </node>
  <node id="7913378968" lat="-37.8110394" lon="144.9587304">
    <tag k="railway" v="tram_crossing" />
  </node>
  <node id="7913378971" lat="-37.8109775" lon="144.9590323">
    <tag k="railway" v="tram_crossing" />
  </node>
  <node id="7913378972" lat="-37.8109550" lon="144.9590218">
    <tag k="railway" v="tram_crossing" />
  </node>
  <node id="7919205084" lat="-37.8071394" lon="144.9391965" />
  <node id="7919207190" lat="-37.8109693" lon="144.9441540" />
  <node id="7919207191" lat="-37.8105324" lon="144.9440507" />
  <node id="7919207192" lat="-37.8100916" lon="144.9435310" />
  <node id="7919207193" lat="-37.8096122" lon="144.9431086" />
  <node id="7919207194" lat="-37.8094670" lon="144.9428908" />
  <node id="7919207197" lat="-37.8085185" lon="144.9417119" />
  <node id="7919207198" lat="-37.8085692" lon="144.9416787" />
  <node id="7919207199" lat="-37.8087698" lon="144.9421362" />
  <node id="7919207204" lat="-37.8068017" lon="144.9398628" />
  <node id="7919207205" lat="-37.8061848" lon="144.9395103" />
  <node id="7919207206" lat="-37.8064472" lon="144.9390768" />
  <node id="7919207207" lat="-37.8068809" lon="144.9387268" />
  <node id="7919207214" lat="-37.8105882" lon="144.9438981" />
  <node id="7991680407" lat="-37.8115218" lon="144.9459745" />
  <node id="8488622235" lat="-37.8118739" lon="144.9591366">
    <tag k="bench" v="no" />
    <tag k="bin" v="yes" />
    <tag k="bus" v="yes" />
    <tag k="gtfs:stop_id" v="51143" />
    <tag k="highway" v="bus_stop" />
    <tag k="lit" v="yes" />
    <tag k="name" v="Little Lonsdale Street/Queen Street" />
    <tag k="not_served_by" v="220;232;234;236" />
    <tag k="public_transport" v="platform" />
    <tag k="ref" v="ID.51143" />
    <tag k="route_ref" v="605" />
    <tag k="shelter" v="no" />
    <tag k="tactile_paving" v="yes" />
  </node>
  <node id="8488622236" lat="-37.8101712" lon="144.9583521">
    <tag k="bench" v="no" />
    <tag k="bin" v="no" />
    <tag k="bus" v="yes" />
    <tag k="covered" v="yes" />
    <tag k="gtfs:stop_code" v="47244" />
    <tag k="gtfs:stop_id" v="47244" />
    <tag k="highway" v="bus_stop" />
    <tag k="lit" v="yes" />
    <tag k="name" v="A'Beckett Street/Queen Street" />
    <tag k="network" v="Transport Victoria" />
    <tag k="not_served_by" v="232;234;236" />
    <tag k="public_transport" v="platform" />
    <tag k="ref" v="47244" />
    <tag k="route_ref" v="605" />
    <tag k="tactile_paving" v="yes" />
  </node>
  <node id="8751492058" lat="-37.8105326" lon="144.9605316">
    <tag k="railway" v="switch" />
  </node>
  <node id="8751492059" lat="-37.8106452" lon="144.9602600">
    <tag k="railway" v="switch" />
  </node>
  <node id="8829351818" lat="-37.8061093" lon="144.9423375" />
  <node id="8829351819" lat="-37.8061492" lon="144.9423308" />
  <node id="8829351820" lat="-37.8061569" lon="144.9423348" />
  <node id="8829351821" lat="-37.8061579" lon="144.9423428" />
  <node id="8829351822" lat="-37.8061576" lon="144.9423498" />
  <node id="8829351823" lat="-37.8061534" lon="144.9423547" />
  <node id="8829351824" lat="-37.8057220" lon="144.9424326" />
  <node id="8829351825" lat="-37.8057144" lon="144.9424321" />
  <node id="8829351826" lat="-37.8057119" lon="144.9424264" />
  <node id="8829351827" lat="-37.8057116" lon="144.9424202" />
  <node id="8829351828" lat="-37.8057137" lon="144.9424149" />
  <node id="8829351829" lat="-37.8057193" lon="144.9424113" />
  <node id="8829351832" lat="-37.8063614" lon="144.9422137" />
  <node id="8829351834" lat="-37.8062863" lon="144.9421604" />
  <node id="8829351838" lat="-37.8064092" lon="144.9423276" />
  <node id="8829351839" lat="-37.8065344" lon="144.9426686" />
  <node id="8829351840" lat="-37.8065027" lon="144.9426721" />
  <node id="8829351841" lat="-37.8064999" lon="144.9426558" />
  <node id="8829351842" lat="-37.8064891" lon="144.9426294" />
  <node id="8829351843" lat="-37.8064044" lon="144.9424378" />
  <node id="8829351848" lat="-37.8066488" lon="144.9430158" />
  <node id="8829351849" lat="-37.8066702" lon="144.9430674" />
  <node id="8829351850" lat="-37.8066744" lon="144.9430683" />
  <node id="8829351851" lat="-37.8066852" lon="144.9430610" />
  <node id="8829351852" lat="-37.8066841" lon="144.9430555" />
  <node id="8829351853" lat="-37.8066670" lon="144.9430161" />
  <node id="8829351859" lat="-37.8067883" lon="144.9433377" />
  <node id="8829351860" lat="-37.8067013" lon="144.9431398" />
  <node id="8829351861" lat="-37.8067004" lon="144.9431357" />
  <node id="8829351862" lat="-37.8067011" lon="144.9431319" />
  <node id="8829351863" lat="-37.8067096" lon="144.9431258" />
  <node id="8829351864" lat="-37.8067133" lon="144.9431241" />
  <node id="8829351865" lat="-37.8067173" lon="144.9431284" />
  <node id="8829351866" lat="-37.8067915" lon="144.9433001" />
  <node id="8829351867" lat="-37.8068033" lon="144.9433272" />
  <node id="8829351868" lat="-37.8068035" lon="144.9433319" />
  <node id="8829351869" lat="-37.8067917" lon="144.9433398" />
  <node id="8829351872" lat="-37.8068798" lon="144.9435501" />
  <node id="8829351873" lat="-37.8068626" lon="144.9435089" />
  <node id="8829351874" lat="-37.8068637" lon="144.9435023" />
  <node id="8829351875" lat="-37.8068693" lon="144.9434983" />
  <node id="8829351876" lat="-37.8068749" lon="144.9434970" />
  <node id="8829351877" lat="-37.8068965" lon="144.9435417" />
  <node id="8829351878" lat="-37.8069112" lon="144.9435762" />
  <node id="8829351879" lat="-37.8069116" lon="144.9435810" />
  <node id="8829351880" lat="-37.8069049" lon="144.9435868" />
  <node id="8829351881" lat="-37.8069000" lon="144.9435917" />
  <node id="8829351882" lat="-37.8068969" lon="144.9435864" />
  <node id="8829351887" lat="-37.8070245" lon="144.9438788" />
  <node id="8829351888" lat="-37.8069283" lon="144.9436589" />
  <node id="8829351889" lat="-37.8069290" lon="144.9436536" />
  <node id="8829351890" lat="-37.8069367" lon="144.9436479" />
  <node id="8829351891" lat="-37.8069423" lon="144.9436474" />
  <node id="8829351892" lat="-37.8070391" lon="144.9438691" />
  <node id="8829351893" lat="-37.8070381" lon="144.9438748" />
  <node id="8829351894" lat="-37.8070280" lon="144.9438814" />
  <node id="8879528281" lat="-37.8066501" lon="144.9389088" />
  <node id="8899621179" lat="-37.8280171" lon="144.9881032" />
  <node id="8906027513" lat="-37.8217735" lon="144.9765462" />
  <node id="8937084841" lat="-37.8061685" lon="144.9418966" />
  <node id="8937084842" lat="-37.8062045" lon="144.9419760" />
  <node id="8937084843" lat="-37.8062519" lon="144.9419480" />
  <node id="8937084844" lat="-37.8062062" lon="144.9418663" />
  <node id="8937615835" lat="-37.8055935" lon="144.9418544" />
  <node id="8937615867" lat="-37.8062582" lon="144.9417353" />
  <node id="8937615868" lat="-37.8062409" lon="144.9417672" />
  <node id="8937615869" lat="-37.8062406" lon="144.9417787" />
  <node id="8937615870" lat="-37.8062454" lon="144.9417851" />
  <node id="8937615871" lat="-37.8063001" lon="144.9418785" />
  <node id="8937615872" lat="-37.8063099" lon="144.9418868" />
  <node id="8937615873" lat="-37.8063187" lon="144.9418910" />
  <node id="8937615874" lat="-37.8063243" lon="144.9418922" />
  <node id="8937615875" lat="-37.8063475" lon="144.9418922" />
  <node id="8937615876" lat="-37.8064142" lon="144.9418690" />
  <node id="8937615877" lat="-37.8064246" lon="144.9418677" />
  <node id="8937615878" lat="-37.8064321" lon="144.9418674" />
  <node id="8937615879" lat="-37.8064372" lon="144.9418683" />
  <node id="8937615880" lat="-37.8064369" lon="144.9418635" />
  <node id="8937615881" lat="-37.8062630" lon="144.9417334" />
  <node id="8940506592" lat="-37.8077832" lon="144.9415399">
    <tag k="railway" v="switch" />
  </node>
  <node id="8940506595" lat="-37.8079982" lon="144.9418220">
    <tag k="railway" v="switch" />
  </node>
  <node id="8940650202" lat="-37.8076365" lon="144.9414656">
    <tag k="railway" v="switch" />
  </node>
  <node id="8940659432" lat="-37.8079436" lon="144.9417898">
    <tag k="railway" v="switch" />
  </node>
  <node id="8940808162" lat="-37.8078273" lon="144.9417054">
    <tag k="railway" v="switch" />
  </node>
  <node id="8940808164" lat="-37.8077317" lon="144.9416945">
    <tag k="railway" v="signal" />
    <tag k="railway:signal:direction" v="backward" />
    <tag k="railway:signal:shunting" v="AU:VIC:shunt_3" />
    <tag k="railway:signal:shunting:form" v="light" />
  </node>
  <node id="8962099289" lat="-37.8095039" lon="144.9581843" />
  <node id="8962099291" lat="-37.8094920" lon="144.9582281" />
  <node id="9037666498" lat="-37.8284180" lon="144.9880372" />
  <node id="9045453063" lat="-37.8073559" lon="144.9411195">
    <tag k="railway" v="switch" />
  </node>
  <node id="9050119925" lat="-37.8069825" lon="144.9425344">
    <tag k="amenity" v="restaurant" />
    <tag k="cuisine" v="italian" />
    <tag k="name" v="Sassy Italian Restaurant" />
  </node>
  <node id="9106435284" lat="-37.8116010" lon="144.9457493" />
  <node id="9106435285" lat="-37.8115955" lon="144.9457654" />
  <node id="9106493742" lat="-37.8307080" lon="144.9786401" />
  <node id="9106493743" lat="-37.8304042" lon="144.9785411" />
  <node id="9106493744" lat="-37.8305924" lon="144.9782534" />
  <node id="9550896574" lat="-37.8067682" lon="144.9414856">
    <tag k="exit:carriages:forward" v="ramp|no|no|no|escalator|lift;stairs" />
    <tag k="gtfs:stop_id" v="14329" />
    <tag k="local_ref" v="6" />
    <tag k="name" v="North Melbourne 6" />
    <tag k="network" v="PTV - Metropolitan Trains" />
    <tag k="operator" v="Metro Trains Melbourne" />
    <tag k="public_transport" v="stop_position" />
    <tag k="railway" v="stop" />
    <tag k="ref" v="19973" />
    <tag k="side" v="left" />
    <tag k="train" v="yes" />
  </node>
  <node id="9708564387" lat="-37.8112294" lon="144.9456612" />
  <node id="9708564388" lat="-37.8108090" lon="144.9452675" />
  <node id="10572742015" lat="-37.8319840" lon="144.9774454">
    <tag k="access" v="yes" />
    <tag k="amenity" v="bench" />
    <tag k="backrest" v="yes" />
    <tag k="material" v="wood" />
    <tag k="seats" v="3" />
  </node>
  <node id="10572742018" lat="-37.8324095" lon="144.9783090">
    <tag k="amenity" v="clock" />
    <tag k="date" v="no" />
    <tag k="display" v="digital" />
    <tag k="indoor" v="no" />
    <tag k="lit" v="yes" />
  </node>
  <node id="10614020296" lat="-37.8100673" lon="144.9587799">
    <tag k="brand" v="Woolworths Metro" />
    <tag k="brand:wikidata" v="Q111772555" />
    <tag k="check_date" v="2025-07-29" />
    <tag k="name" v="Woolworths Metro" />
    <tag k="operator" v="Woolworths Group" />
    <tag k="operator:wikidata" v="Q607272" />
    <tag k="shop" v="supermarket" />
  </node>
  <node id="10951402505" lat="-37.8023305" lon="144.9363715" />
  <node id="10951402506" lat="-37.8025152" lon="144.9362270" />
  <node id="10951402532" lat="-37.8038063" lon="144.9363707" />
  <node id="10951402540" lat="-37.8021708" lon="144.9364587" />
  <node id="10951402542" lat="-37.8014139" lon="144.9366651" />
  <node id="10951402543" lat="-37.8012298" lon="144.9366999" />
  <node id="10951402544" lat="-37.8010071" lon="144.9367357" />
  <node id="10951402547" lat="-37.8009677" lon="144.9367411" />
  <node id="10951402548" lat="-37.8008132" lon="144.9367615" />
  <node id="10951402549" lat="-37.8006238" lon="144.9367779" />
  <node id="10951402550" lat="-37.8003444" lon="144.9367914" />
  <node id="10951402551" lat="-37.8001210" lon="144.9368120" />
  <node id="10951402552" lat="-37.7999008" lon="144.9368182" />
  <node id="10951402620" lat="-37.8028065" lon="144.9359398" />
  <node id="10951402626" lat="-37.8029262" lon="144.9360035" />
  <node id="10951402627" lat="-37.8031686" lon="144.9357288" />
  <node id="11050125521" lat="-37.8056935" lon="144.9416289" />
  <node id="11050125522" lat="-37.8057219" lon="144.9414396" />
  <node id="11189316823" lat="-37.8098092" lon="144.9584814">
    <tag k="amenity" v="waste_basket" />
  </node>
  <node id="11345516285" lat="-37.8062087" lon="144.9395239" />
  <node id="11411865192" lat="-37.8102835" lon="144.9608229">
    <tag k="addr:housenumber" v="294" />
    <tag k="addr:postcode" v="3000" />
    <tag k="addr:state" v="VIC" />
    <tag k="addr:street" v="La Trobe Street" />
    <tag k="addr:suburb" v="Melbourne" />
    <tag k="amenity" v="restaurant" />
    <tag k="cuisine" v="chinese; dessert" />
    <tag k="level" v="0" />
    <tag k="name" v="Homm" />
    <tag k="outdoor_seating" v="no" />
    <tag k="wheelchair" v="yes" />
  </node>
  <node id="11411909937" lat="-37.8108012" lon="144.9603021">
    <tag k="addr:housenumber" v="305" />
    <tag k="addr:state" v="VIC" />
    <tag k="addr:street" v="La Trobe Street" />
    <tag k="level" v="0" />
    <tag k="name" v="Tecs Computers" />
    <tag k="opening_hours" v="Mo-Th 09:00-17:30; Fr 09:00-18:00; Sa 11:00-17:00; Su,PH off" />
    <tag k="shop" v="computer" />
    <tag k="wheelchair" v="yes" />
  </node>
  <node id="11411909938" lat="-37.8109952" lon="144.9596290">
    <tag k="amenity" v="cafe" />
    <tag k="cuisine" v="coffee_shop" />
    <tag k="name" v="Sam Spade" />
    <tag k="takeaway" v="yes" />
    <tag k="wheelchair" v="no" />
  </node>
  <node id="11411909939" lat="-37.8108955" lon="144.9597319">
    <tag k="access" v="yes" />
    <tag k="amenity" v="bicycle_parking" />
    <tag k="bicycle_parking" v="stands" />
    <tag k="capacity" v="12" />
    <tag k="covered" v="no" />
  </node>
  <node id="11411909940" lat="-37.8110110" lon="144.9595812">
    <tag k="level" v="0" />
    <tag k="name" v="Khao" />
    <tag k="shop" v="bakery" />
    <tag k="wheelchair" v="no" />
  </node>
  <node id="11411909941" lat="-37.8107627" lon="144.9601706">
    <tag k="amenity" v="bicycle_parking" />
    <tag k="bicycle_parking" v="stands" />
    <tag k="capacity" v="4" />
    <tag k="covered" v="no" />
  </node>
  <node id="11411909942" lat="-37.8112067" lon="144.9586648">
    <tag k="amenity" v="bench" />
    <tag k="backrest" v="yes" />
    <tag k="material" v="metal" />
  </node>
  <node id="11411909943" lat="-37.8107146" lon="144.9603374">
    <tag k="amenity" v="bicycle_parking" />
    <tag k="bicycle_parking" v="stands" />
    <tag k="capacity" v="6" />
    <tag k="covered" v="no" />
  </node>
  <node id="11411909944" lat="-37.8109217" lon="144.9598947">
    <tag k="check_date:opening_hours" v="2025-10-08" />
    <tag k="level" v="0" />
    <tag k="name" v="Azuo" />
    <tag k="opening_hours:signed" v="no" />
    <tag k="shop" v="bakery" />
    <tag k="wheelchair" v="yes" />
  </node>
  <node id="11411909945" lat="-37.8105407" lon="144.9601704">
    <tag k="access" v="yes" />
    <tag k="amenity" v="bicycle_parking" />
    <tag k="bicycle_parking" v="stands" />
    <tag k="capacity" v="8" />
    <tag k="covered" v="no" />
  </node>
  <node id="11411909946" lat="-37.8109346" lon="144.9592944">
    <tag k="amenity" v="waste_basket" />
  </node>
  <node id="11411909948" lat="-37.8107755" lon="144.9604223">
    <tag k="addr:housenumber" v="293-303" />
    <tag k="addr:postcode" v="3000" />
    <tag k="addr:state" v="VIC" />
    <tag k="addr:street" v="La Trobe Street" />
    <tag k="addr:suburb" v="Melbourne" />
    <tag k="email" v="melbournecentral@unilodge.com.au" />
    <tag k="name" v="Unilodge Melbourne Central" />
    <tag k="phone" v="+61 3 7031 9570" />
    <tag k="tourism" v="hotel" />
    <tag k="website" v="https://www.unilodge.com.au/student-accommodation-melbourne/melbourne-central" />
  </node>
  <node id="11411909950" lat="-37.8107646" lon="144.9592237">
    <tag k="amenity" v="cafe" />
    <tag k="cuisine" v="coffee_shop" />
    <tag k="indoor_seating" v="yes" />
    <tag k="name" v="Keki Milk Bar" />
    <tag k="outdoor_seating" v="no" />
  </node>
  <node id="11416309614" lat="-37.8261643" lon="144.9851137" />
  <node id="11416309615" lat="-37.8259115" lon="144.9816146" />
  <node id="11418748770" lat="-37.8072174" lon="144.9430220">
    <tag k="brand" v="Woolworths Metro" />
    <tag k="brand:wikidata" v="Q111772555" />
    <tag k="name" v="Woolworths Metro" />
    <tag k="operator" v="Woolworths Group" />
    <tag k="operator:wikidata" v="Q607272" />
    <tag k="shop" v="supermarket" />
  </node>
  <node id="11519676280" lat="-37.8252717" lon="144.9805851" />
  <node id="11519676281" lat="-37.8252790" lon="144.9805724" />
  <node id="11519676282" lat="-37.8254241" lon="144.9807467" />
  <node id="11519676283" lat="-37.8254749" lon="144.9808285" />
  <node id="11519676284" lat="-37.8255088" lon="144.9808929" />
  <node id="11519676285" lat="-37.8257165" lon="144.9815661" />
  <node id="11519676286" lat="-37.8257260" lon="144.9816721" />
  <node id="11519676287" lat="-37.8255735" lon="144.9817995" />
  <node id="11519676288" lat="-37.8251151" lon="144.9821747" />
  <node id="11519676289" lat="-37.8249000" lon="144.9823566" />
  <node id="11519676290" lat="-37.8248534" lon="144.9823942" />
  <node id="11519676291" lat="-37.8245885" lon="144.9824379" />
  <node id="11519676292" lat="-37.8243805" lon="144.9824674" />
  <node id="11519676293" lat="-37.8243813" lon="144.9825222" />
  <node id="11519676294" lat="-37.8242898" lon="144.9825172" />
  <node id="11519676295" lat="-37.8241919" lon="144.9825294" />
  <node id="11519676296" lat="-37.8242280" lon="144.9824501" />
  <node id="11519676297" lat="-37.8242256" lon="144.9824033" />
  <node id="11519676298" lat="-37.8241839" lon="144.9823698" />
  <node id="11519676299" lat="-37.8241493" lon="144.9823586" />
  <node id="11519676300" lat="-37.8242256" lon="144.9822356" />
  <node id="11519676301" lat="-37.8242529" lon="144.9822275" />
  <node id="11519676302" lat="-37.8243340" lon="144.9822346" />
  <node id="11519676303" lat="-37.8244143" lon="144.9822194" />
  <node id="11519676304" lat="-37.8244616" lon="144.9822133" />
  <node id="11519676305" lat="-37.8246045" lon="144.9822092" />
  <node id="11519676306" lat="-37.8247619" lon="144.9821889" />
  <node id="11519676307" lat="-37.8248494" lon="144.9821564" />
  <node id="11519676308" lat="-37.8248847" lon="144.9821431" />
  <node id="11519676309" lat="-37.8249770" lon="144.9820883" />
  <node id="11519676310" lat="-37.8250910" lon="144.9820019" />
  <node id="11519676311" lat="-37.8251537" lon="144.9819399" />
  <node id="11519676312" lat="-37.8252163" lon="144.9818748" />
  <node id="11519676313" lat="-37.8252701" lon="144.9818118" />
  <node id="11519676314" lat="-37.8253552" lon="144.9816543" />
  <node id="11519676315" lat="-37.8254009" lon="144.9816817" />
  <node id="11519676316" lat="-37.8254202" lon="144.9816339" />
  <node id="11519676317" lat="-37.8254106" lon="144.9816106" />
  <node id="11519676318" lat="-37.8254274" lon="144.9815547" />
  <node id="11519676319" lat="-37.8254057" lon="144.9815323" />
  <node id="11519676320" lat="-37.8254170" lon="144.9814876" />
  <node id="11519676321" lat="-37.8254587" lon="144.9813067" />
  <node id="11519676322" lat="-37.8254651" lon="144.9811623" />
  <node id="11519676323" lat="-37.8254547" lon="144.9810180" />
  <node id="11519676324" lat="-37.8254282" lon="144.9808910" />
  <node id="11519676325" lat="-37.8254017" lon="144.9808097" />
  <node id="11519676326" lat="-37.8253391" lon="144.9806745" />
  <node id="11869028600" lat="-37.8039490" lon="144.9364756" />
  <node id="11869028601" lat="-37.8040381" lon="144.9365129" />
  <node id="12099896756" lat="-37.8215820" lon="144.9761049" />
  <node id="12099896757" lat="-37.8218659" lon="144.9763765" />
  <node id="12099896758" lat="-37.8222142" lon="144.9767365" />
  <node id="12099896759" lat="-37.8225597" lon="144.9770617" />
  <node id="12099896760" lat="-37.8228789" lon="144.9774576" />
  <node id="12099896761" lat="-37.8231330" lon="144.9777661" />
  <node id="12099896762" lat="-37.8234451" lon="144.9780629" />
  <node id="12099896769" lat="-37.8252540" lon="144.9796419" />
  <node id="12099896770" lat="-37.8254954" lon="144.9798801" />
  <node id="12099896771" lat="-37.8264793" lon="144.9813080" />
  <node id="12099896772" lat="-37.8267822" lon="144.9820539" />
  <node id="12148870173" lat="-37.8101513" lon="144.9584242">
    <tag k="bus" v="yes" />
    <tag k="gtfs:stop_code" v="47244" />
    <tag k="gtfs:stop_id" v="47244" />
    <tag k="name" v="A'Beckett Street/Queen Street" />
    <tag k="network" v="Transport Victoria" />
    <tag k="public_transport" v="stop_position" />
    <tag k="ref" v="47244" />
  </node>
  <node id="12173988664" lat="-37.8308990" lon="144.9778231" />
  <node id="12173988665" lat="-37.8308109" lon="144.9777465" />
  <node id="12173988666" lat="-37.8308802" lon="144.9777328" />
  <node id="12173988667" lat="-37.8309035" lon="144.9777698" />
  <node id="12173988668" lat="-37.8308338" lon="144.9777218" />
  <node id="12204743656" lat="-37.8077925" lon="144.9424828">
    <tag k="railway" v="signal" />
    <tag k="railway:signal:direction" v="forward" />
    <tag k="railway:signal:main" v="AU:VIC:main" />
    <tag k="railway:signal:main:form" v="light" />
    <tag k="railway:signal:main:shape" v="auto" />
    <tag k="railway:signal:main:type" v="11" />
    <tag k="railway:signal:position" v="left" />
    <tag k="ref" v="NME481" />
  </node>
  <node id="12259550886" lat="-37.8104583" lon="144.9603543">
    <tag k="access" v="yes" />
    <tag k="amenity" v="parking_entrance" />
    <tag k="parking" v="multi-storey" />
  </node>
  <node id="12259550887" lat="-37.8103225" lon="144.9603131">
    <tag k="access" v="yes" />
    <tag k="amenity" v="parking" />
    <tag k="brand" v="Wilson Parking" />
    <tag k="brand:wikidata" v="Q28448427" />
    <tag k="fee" v="yes" />
    <tag k="maxheight" v="2.0" />
    <tag k="name" v="Wilson Parking" />
    <tag k="operator" v="Wilson Parking" />
    <tag k="operator:type" v="private" />
    <tag k="operator:wikidata" v="Q28448427" />
    <tag k="parking" v="multi-storey" />
  </node>
  <node id="12473073319" lat="-37.8003435" lon="144.9373049" />
  <node id="12473073320" lat="-37.8000125" lon="144.9372330" />
  <node id="12473073322" lat="-37.8007016" lon="144.9373730" />
  <node id="12473073323" lat="-37.8010357" lon="144.9374381" />
  <node id="12473073324" lat="-37.8013501" lon="144.9375520" />
  <node id="12473073325" lat="-37.8017216" lon="144.9376638" />
  <node id="12473073378" lat="-37.8049057" lon="144.9408338" />
  <node id="12473073379" lat="-37.8050604" lon="144.9409889" />
  <node id="12473073380" lat="-37.8058626" lon="144.9391382" />
  <node id="12473073381" lat="-37.8057348" lon="144.9388794" />
  <node id="12473073382" lat="-37.8049457" lon="144.9374618" />
  <node id="12473073383" lat="-37.8047787" lon="144.9372138" />
  <node id="12473073384" lat="-37.8045924" lon="144.9369872" />
  <node id="12473073385" lat="-37.8044527" lon="144.9368398" />
  <node id="12473073386" lat="-37.8042720" lon="144.9366843" />
  <node id="12473073387" lat="-37.8040560" lon="144.9365440" />
  <node id="12473073388" lat="-37.8040488" lon="144.9365173" />
  <node id="12473073389" lat="-37.8027478" lon="144.9359734" />
  <node id="12473073390" lat="-37.8028592" lon="144.9359110" />
  <node id="12473073391" lat="-37.8026659" lon="144.9360839" />
  <node id="12473073392" lat="-37.8025939" lon="144.9361591" />
  <node id="12473073393" lat="-37.8020937" lon="144.9365693" />
  <node id="12473073394" lat="-37.8020127" lon="144.9366752" />
  <node id="12473073395" lat="-37.8019750" lon="144.9367021" />
  <node id="12473073396" lat="-37.8019295" lon="144.9367208" />
  <node id="12473073397" lat="-37.8018924" lon="144.9367215" />
  <node id="12473073398" lat="-37.8018209" lon="144.9367094" />
  <node id="12473073399" lat="-37.8016317" lon="144.9366793" />
  <node id="12473073400" lat="-37.8014898" lon="144.9366460" />
  <node id="12473086401" lat="-37.7997139" lon="144.9371172" />
  <node id="12473086402" lat="-37.7996496" lon="144.9370994" />
  <node id="12473086403" lat="-37.7996206" lon="144.9368989" />
  <node id="12473086404" lat="-37.7995909" lon="144.9368918" />
  <node id="12473086405" lat="-37.7995846" lon="144.9368227" />
  <node id="12473086408" lat="-37.8050117" lon="144.9403451" />
  <node id="12473086409" lat="-37.8029240" lon="144.9382438" />
  <node id="12473086410" lat="-37.8028008" lon="144.9381626" />
  <node id="12473086411" lat="-37.8046911" lon="144.9400592" />
  <node id="12473086412" lat="-37.8044561" lon="144.9399347" />
  <node id="12473086413" lat="-37.8041509" lon="144.9395949" />
  <node id="12473086414" lat="-37.8039221" lon="144.9393276" />
  <node id="12473086415" lat="-37.8036378" lon="144.9389618" />
  <node id="12473086417" lat="-37.8034123" lon="144.9387121" />
  <node id="12473086418" lat="-37.8031192" lon="144.9384173" />
  <node id="12599982121" lat="-37.8263503" lon="144.9856387" />
  <node id="12599982122" lat="-37.8263245" lon="144.9858138" />
  <node id="12599982123" lat="-37.8264853" lon="144.9862479" />
  <node id="12599982124" lat="-37.8267484" lon="144.9864817" />
  <node id="12599982125" lat="-37.8269673" lon="144.9866780" />
  <node id="12599982126" lat="-37.8270772" lon="144.9867768" />
  <node id="12599982127" lat="-37.8272235" lon="144.9869229" />
  <node id="12599982128" lat="-37.8272444" lon="144.9870211" />
  <node id="12599982129" lat="-37.8273774" lon="144.9872149" />
  <node id="12599982130" lat="-37.8274966" lon="144.9873310" />
  <node id="12599982131" lat="-37.8275130" lon="144.9873770" />
  <node id="12599982132" lat="-37.8275311" lon="144.9874497" />
  <node id="12599982133" lat="-37.8275446" lon="144.9876312" />
  <node id="12599982134" lat="-37.8275320" lon="144.9877282" />
  <node id="12599982135" lat="-37.8274760" lon="144.9878957" />
  <node id="12599982136" lat="-37.8274317" lon="144.9879621" />
  <node id="12599982137" lat="-37.8273645" lon="144.9880550" />
  <node id="12599982138" lat="-37.8272742" lon="144.9881515" />
  <node id="12599982156" lat="-37.8263580" lon="144.9854822" />
  <node id="12865976423" lat="-37.8118456" lon="144.9440731" />
  <node id="12865976424" lat="-37.8120914" lon="144.9433868" />
  <node id="12865976446" lat="-37.8122296" lon="144.9434019" />
  <node id="12865976447" lat="-37.8121618" lon="144.9433966" />
  <node id="12865976448" lat="-37.8124330" lon="144.9433607" />
  <node id="12865976449" lat="-37.8122317" lon="144.9433599" />
  <node id="12865976450" lat="-37.8124298" lon="144.9434323" />
  <node id="12865976451" lat="-37.8123575" lon="144.9437317" />
  <node id="12865976452" lat="-37.8124116" lon="144.9435564" />
  <node id="12968453447" lat="-37.8075672" lon="144.9429797">
    <tag k="bench" v="no" />
    <tag k="bin" v="no" />
    <tag k="bus" v="yes" />
    <tag k="highway" v="bus_stop" />
    <tag k="name" v="Train Replacement Coach Stop" />
    <tag k="network" v="Transport Victoria" />
    <tag k="network:wikidata" v="Q7257648" />
    <tag k="not_served_by" v="241" />
    <tag k="operator" v="V/Line" />
    <tag k="public_transport" v="platform" />
    <tag k="shelter" v="no" />
    <tag k="tactile_paving" v="no" />
  </node>
  <node id="13010526852" lat="-37.8105498" lon="144.9589150">
    <tag k="amenity" v="cafe" />
    <tag k="cuisine" v="coffee_shop" />
    <tag k="name" v="Good Bean" />
  </node>
  <node id="13010526853" lat="-37.8101073" lon="144.9591006">
    <tag k="amenity" v="restaurant" />
    <tag k="name" v="Breakfast Hola" />
  </node>
  <node id="13010526855" lat="-37.8097893" lon="144.9595361">
    <tag k="amenity" v="restaurant" />
    <tag k="indoor_seating" v="yes" />
    <tag k="name" v="Hua Lu Peking Duck" />
    <tag k="outdoor_seating" v="no" />
  </node>
  <node id="13010526857" lat="-37.8101448" lon="144.9589423">
    <tag k="amenity" v="restaurant" />
    <tag k="name" v="Yuki Nau" />
  </node>
  <node id="13010526858" lat="-37.8107189" lon="144.9590090">
    <tag k="amenity" v="restaurant" />
    <tag k="indoor_seating" v="yes" />
    <tag k="name" v="Mamao Thai Restaurant &amp; Bar" />
    <tag k="outdoor_seating" v="no" />
  </node>
  <node id="13010526859" lat="-37.8096928" lon="144.9598539">
    <tag k="amenity" v="cafe" />
    <tag k="cuisine" v="coffee_shop" />
    <tag k="indoor_seating" v="yes" />
    <tag k="name" v="Oko Cafe" />
    <tag k="outdoor_seating" v="no" />
  </node>
  <node id="13010526862" lat="-37.8106315" lon="144.9596605">
    <tag k="amenity" v="events_venue" />
    <tag k="name" v="Gather Spot Party Hub" />
  </node>
  <node id="13010526863" lat="-37.8101351" lon="144.9591666">
    <tag k="tourism" v="artwork" />
  </node>
  <node id="13010526865" lat="-37.8100376" lon="144.9592470">
    <tag k="indoor_seating" v="yes" />
    <tag k="name" v="Lilla Bakehouse" />
    <tag k="outdoor_seating" v="no" />
    <tag k="shop" v="bakery" />
  </node>
  <node id="13010526866" lat="-37.8099037" lon="144.9592573">
    <tag k="name" v="League Of Pets" />
    <tag k="shop" v="pet" />
  </node>
  <node id="13010526870" lat="-37.8102988" lon="144.9606243">
    <tag k="amenity" v="cafe" />
    <tag k="cuisine" v="coffee_shop" />
    <tag k="name" v="Two Pillars" />
  </node>
  <node id="13075506638" lat="-37.8072331" lon="144.9425487">
    <tag k="amenity" v="bicycle_parking" />
    <tag k="bicycle_parking" v="stands" />
    <tag k="capacity" v="3" />
    <tag k="covered" v="no" />
    <tag k="fee" v="no" />
    <tag k="indoor" v="no" />
    <tag k="lit" v="yes" />
  </node>
  <node id="13075506640" lat="-37.8075855" lon="144.9427924">
    <tag k="amenity" v="waste_basket" />
    <tag k="covered" v="no" />
    <tag k="indoor" v="no" />
  </node>
  <node id="13075506641" lat="-37.8075942" lon="144.9426995">
    <tag k="amenity" v="toilets" />
    <tag k="changing_table" v="yes" />
    <tag k="check_date" v="2025-08-17" />
    <tag k="fee" v="no" />
    <tag k="toilets:handwashing" v="yes" />
  </node>
  <node id="13075506642" lat="-37.8075899" lon="144.9427501">
    <tag k="amenity" v="drinking_water" />
    <tag k="bottle" v="yes" />
    <tag k="check_date" v="2025-08-17" />
    <tag k="covered" v="no" />
    <tag k="fee" v="no" />
    <tag k="indoor" v="no" />
  </node>
  <node id="13075506644" lat="-37.8064450" lon="144.9413027">
    <tag k="amenity" v="toilets" />
    <tag k="changing_table" v="no" />
    <tag k="fee" v="no" />
    <tag k="toilets:handwashing" v="yes" />
    <tag k="wheelchair" v="no" />
  </node>
  <node id="13135861988" lat="-37.8100695" lon="144.9585901">
    <tag k="amenity" v="recycling" />
    <tag k="recycling:cans" v="yes" />
    <tag k="recycling:glass_bottles" v="yes" />
    <tag k="recycling:plastic" v="no" />
    <tag k="recycling:plastic_packaging" v="yes" />
    <tag k="recycling_type" v="container" />
  </node>
  <node id="13135862554" lat="-37.8100516" lon="144.9585840">
    <tag k="amenity" v="waste_basket" />
  </node>
  <node id="13183328417" lat="-37.8103633" lon="144.9584627">
    <tag k="amenity" v="bicycle_parking" />
    <tag k="bicycle_parking" v="stands" />
    <tag k="capacity" v="6" />
    <tag k="covered" v="no" />
  </node>
  <node id="13183446180" lat="-37.8116272" lon="144.9590239">
    <tag k="amenity" v="vending_machine" />
    <tag k="vending" v="parking_tickets" />
  </node>
  <node id="13183465330" lat="-37.8114933" lon="144.9589592">
    <tag k="amenity" v="waste_basket" />
  </node>
  <node id="13183470244" lat="-37.8111849" lon="144.9587564">
    <tag k="amenity" v="waste_basket" />
  </node>
  <node id="13183472804" lat="-37.8105346" lon="144.9585429">
    <tag k="amenity" v="vending_machine" />
    <tag k="vending" v="parking_tickets" />
  </node>
  <node id="13265911665" lat="-37.8100002" lon="144.9588645">
    <tag k="brand" v="BWS" />
    <tag k="brand:wikidata" v="Q4836848" />
    <tag k="drive_through" v="no" />
    <tag k="name" v="BWS" />
    <tag k="shop" v="alcohol" />
  </node>
  <node id="13333427417" lat="-37.8119452" lon="144.9594957">
    <tag k="amenity" v="bicycle_parking" />
    <tag k="bicycle_parking" v="stands" />
    <tag k="capacity" v="8" />
    <tag k="covered" v="no" />
  </node>
  <node id="13451577852" lat="-37.8066921" lon="144.9428448" />
  <node id="13451577853" lat="-37.8066808" lon="144.9428102" />
  <node id="13451577854" lat="-37.8064821" lon="144.9428454" />
  <node id="13451577855" lat="-37.8064989" lon="144.9428792" />
  <node id="13520925790" lat="-37.8063289" lon="144.9421327" />
  <node id="13602261575" lat="-37.8075446" lon="144.9433170">
    <tag k="bench" v="no" />
    <tag k="bus" v="yes" />
    <tag k="highway" v="bus_stop" />
    <tag k="name" v="Train Replacement Coach Stop" />
    <tag k="network" v="Transport Victoria" />
    <tag k="network:wikidata" v="Q7257648" />
    <tag k="operator" v="V/Line" />
    <tag k="public_transport" v="platform" />
    <tag k="shelter" v="no" />
    <tag k="tactile_paving" v="no" />
  </node>
  <node id="13602261576" lat="-37.8069316" lon="144.9429139">
    <tag k="bus" v="yes" />
    <tag k="gtfs:parent_station" v="vic:rail:NME" />
    <tag k="gtfs:stop_id" v="26425" />
    <tag k="highway" v="bus_stop" />
    <tag k="name" v="North Melbourne Station rail replacement stop" />
    <tag k="network" v="Transport Victoria" />
    <tag k="network:wikidata" v="Q7257648" />
    <tag k="not_served_by" v="241" />
    <tag k="note" v="For train replacement buses to Parkville and Arden." />
    <tag k="operator" v="Metro Trains Melbourne" />
    <tag k="public_transport" v="platform" />
    <tag k="ref" v="NME" />
    <tag k="shelter" v="no" />
  </node>
  <node id="13691313466" lat="-37.8064898" lon="144.9416423">
    <tag k="railway" v="signal" />
    <tag k="railway:signal:direction" v="forward" />
    <tag k="railway:signal:main" v="AU:VIC:main" />
    <tag k="railway:signal:main:form" v="light" />
    <tag k="railway:signal:main:shape" v="home" />
    <tag k="railway:signal:main:type" v="11" />
    <tag k="railway:signal:position" v="left" />
    <tag k="railway:signal:route" v="AU:VIC:theatre_box" />
    <tag k="railway:signal:route:form" v="light" />
    <tag k="railway:signal:route:states" v="E;U;M" />
    <tag k="railway:signal:route:states_long" v="East Suburban Line;Upfield;Macaulay Light Repair Centre" />
    <tag k="railway:signal:short_route" v="AU:VIC:low_speed" />
    <tag k="railway:signal:short_route:form" v="light" />
    <tag k="ref" v="NME567" />
  </node>
  <node id="13713016964" lat="-37.8076431" lon="144.9426032">
    <tag k="railway" v="signal" />
    <tag k="railway:signal:direction" v="forward" />
    <tag k="railway:signal:main" v="AU:VIC:main" />
    <tag k="railway:signal:main:form" v="home" />
    <tag k="railway:signal:main:type" v="11" />
    <tag k="railway:signal:position" v="left" />
    <tag k="railway:signal:route:form" v="light" />
    <tag k="railway:signal:route:states" v="left;right" />
    <tag k="railway:signal:short_route" v="AU:VIC:low_speed" />
    <tag k="railway:signal:short_route:form" v="light" />
    <tag k="ref" v="IAA510" />
  </node>
  <node id="13794191920" lat="-37.8064945" lon="144.9414526">
    <tag k="railway" v="signal" />
    <tag k="railway:signal:direction" v="forward" />
    <tag k="railway:signal:main" v="AU:VIC:main" />
    <tag k="railway:signal:main:form" v="light" />
    <tag k="railway:signal:main:shape" v="home" />
    <tag k="railway:signal:main:type" v="11" />
    <tag k="railway:signal:minor" v="AU:VIC:A" />
    <tag k="railway:signal:minor:form" v="light" />
    <tag k="railway:signal:position" v="left" />
    <tag k="railway:signal:route" v="AU:VIC:theatre_box" />
    <tag k="railway:signal:route:form" v="light" />
    <tag k="railway:signal:route:states" v="E;U;M;T" />
    <tag k="railway:signal:route:states_long" v="East Suburban Line;Upfield;Macaulay Light Repair Centre;Through Suburban" />
    <tag k="railway:signal:short_route" v="AU:VIC:low_speed" />
    <tag k="railway:signal:short_route:form" v="light" />
    <tag k="ref" v="NME577" />
  </node>
  <node id="13794213277" lat="-37.8077886" lon="144.9425293">
    <tag k="note" v="post phone provided" />
    <tag k="railway" v="signal" />
    <tag k="railway:signal:direction" v="forward" />
    <tag k="railway:signal:main" v="AU:VIC:main" />
    <tag k="railway:signal:main:form" v="light" />
    <tag k="railway:signal:main:shape" v="home" />
    <tag k="railway:signal:main:type" v="11" />
    <tag k="railway:signal:position" v="left" />
    <tag k="railway:signal:route" v="AU:VIC:points_direction" />
    <tag k="railway:signal:route:form" v="light" />
    <tag k="railway:signal:route:states" v="right;left" />
    <tag k="railway:signal:short_route" v="AU:VIC:low_speed" />
    <tag k="railway:signal:short_route:form" v="light" />
    <tag k="ref" v="IAA552" />
  </node>
  <node id="13805915574" lat="-37.8065535" lon="144.9413174">
    <tag k="railway" v="signal" />
    <tag k="railway:signal:direction" v="forward" />
    <tag k="railway:signal:main" v="AU:VIC:main" />
    <tag k="railway:signal:main:form" v="light" />
    <tag k="railway:signal:main:shape" v="home" />
    <tag k="railway:signal:main:type" v="11" />
    <tag k="railway:signal:minor" v="AU:VIC:A" />
    <tag k="railway:signal:minor:form" v="light" />
    <tag k="railway:signal:position" v="left" />
    <tag k="railway:signal:route" v="AU:VIC:theatre_box" />
    <tag k="railway:signal:route:form" v="light" />
    <tag k="railway:signal:route:states" v="K;F;N" />
    <tag k="railway:signal:route:states_long" v="Kensington;Footscray;North Melbourne Sidings" />
    <tag k="railway:signal:short_route" v="AU:VIC:low_speed" />
    <tag k="railway:signal:short_route:form" v="light" />
    <tag k="ref" v="NME787" />
  </node>
  <node id="13805915576" lat="-37.8078968" lon="144.9420597">
    <tag k="railway" v="signal" />
    <tag k="railway:signal:direction" v="forward" />
    <tag k="railway:signal:main" v="AU:VIC:main" />
    <tag k="railway:signal:main:form" v="light" />
    <tag k="railway:signal:main:shape" v="auto" />
    <tag k="railway:signal:main:type" v="11" />
    <tag k="ref" v="MW017" />
  </node>
  <node id="13830218686" lat="-37.8025053" lon="144.9362347" />
  <node id="13830218699" lat="-37.8027047" lon="144.9380667" />
  <node id="13830218700" lat="-37.8025549" lon="144.9379884" />
  <node id="13830218701" lat="-37.8022986" lon="144.9378664" />
  <node id="13830218702" lat="-37.8020509" lon="144.9377666" />
  <node id="13830218703" lat="-37.8019384" lon="144.9377268" />
  <node id="13894963690" lat="-37.8119167" lon="144.9600981">
    <tag k="addr:housenumber" v="399" />
    <tag k="addr:state" v="VIC" />
    <tag k="addr:street" v="Little Lonsdale Street" />
    <tag k="addr:suburb" v="Melbourne" />
    <tag k="brand" v="Novotel" />
    <tag k="brand:wikidata" v="Q420545" />
    <tag k="name" v="Novotel" />
    <tag k="tourism" v="hotel" />
    <tag k="website" v="https://all.accor.com/hotel/A0B1/index.en.shtml" />
  </node>
  <node id="13898092226" lat="-37.8077404" lon="144.9432120">
    <tag k="amenity" v="cafe" />
    <tag k="indoor_seating" v="no" />
    <tag k="name" v="Sett Coffee" />
    <tag k="outdoor_seating" v="no" />
  </node>
  <node id="14113817989" lat="-37.8072812" lon="144.9420043">
    <tag k="amenity" v="vending_machine" />
    <tag k="covered" v="yes" />
    <tag k="vending" v="drinks" />
  </node>
  <node id="14113820437" lat="-37.8073535" lon="144.9418511">
    <tag k="amenity" v="vending_machine" />
    <tag k="covered" v="yes" />
    <tag k="food" v="snacks" />
    <tag k="vending" v="food" />
  </node>
  <node id="14113820547" lat="-37.8070489" lon="144.9422338">
    <tag k="amenity" v="vending_machine" />
    <tag k="covered" v="yes" />
    <tag k="vending" v="drinks" />
  </node>
  <node id="14113826617" lat="-37.8072057" lon="144.9421382">
    <tag k="amenity" v="vending_machine" />
    <tag k="covered" v="yes" />
    <tag k="vending" v="drinks" />
  </node>
  <node id="14113829224" lat="-37.8071617" lon="144.9419090">
    <tag k="amenity" v="vending_machine" />
    <tag k="covered" v="yes" />
    <tag k="food" v="snacks" />
    <tag k="vending" v="food" />
  </node>
  <node id="14113830013" lat="-37.8070888" lon="144.9420478">
    <tag k="amenity" v="vending_machine" />
    <tag k="covered" v="yes" />
    <tag k="food" v="snacks" />
    <tag k="vending" v="food" />
  </node>
  <way id="45420457">
    <nd ref="577513947" />
    <nd ref="9106493743" />
    <nd ref="9106493744" />
    <nd ref="577513948" />
    <nd ref="577513949" />
    <nd ref="12173988665" />
    <nd ref="12173988668" />
    <nd ref="12173988666" />
    <nd ref="12173988667" />
    <nd ref="12173988664" />
    <nd ref="577513950" />
    <nd ref="577513951" />
    <nd ref="577513952" />
    <nd ref="577513953" />
    <nd ref="577513954" />
    <nd ref="577513955" />
    <nd ref="577513956" />
    <nd ref="577513957" />
    <nd ref="577513958" />
    <nd ref="577513959" />
    <nd ref="577513960" />
    <nd ref="577513961" />
    <nd ref="577513962" />
    <nd ref="577513963" />
    <nd ref="9106493742" />
    <nd ref="577513947" />
    <tag k="landuse" v="forest" />
    <tag k="name" v="Oak Lawn" />
    <tag k="source" v="nearmap" />
  </way>
  <way id="61532902">
    <nd ref="767729258" />
    <nd ref="767729257" />
    <nd ref="13451577855" />
    <nd ref="13451577852" />
    <nd ref="767729239" />
    <nd ref="767729238" />
    <nd ref="13451577853" />
    <nd ref="13451577854" />
    <nd ref="767729258" />
    <tag k="landuse" v="grass" />
  </way>
  <way id="154297051">
    <nd ref="1668524146" />
    <nd ref="6846368050" />
    <nd ref="163643177" />
    <nd ref="1668524077" />
    <nd ref="6846368052" />
    <nd ref="163643157" />
    <nd ref="6846368051" />
    <nd ref="163643138" />
    <nd ref="163654180" />
    <nd ref="163643122" />
    <nd ref="6846372060" />
    <nd ref="163643112" />
    <nd ref="12099896772" />
    <nd ref="1496246597" />
    <nd ref="12099896771" />
    <nd ref="1496246573" />
    <nd ref="6846368053" />
    <nd ref="163654164" />
    <nd ref="6846368054" />
    <nd ref="163654141" />
    <nd ref="12099896770" />
    <nd ref="12099896769" />
    <nd ref="163643104" />
    <nd ref="6846368032" />
    <nd ref="163643086" />
    <nd ref="12099896762" />
    <nd ref="12099896761" />
    <nd ref="12099896760" />
    <nd ref="12099896759" />
    <nd ref="12099896758" />
    <nd ref="12099896757" />
    <nd ref="12099896756" />
    <nd ref="163643050" />
    <nd ref="1668523292" />
    <nd ref="8906027513" />
    <nd ref="1668523297" />
    <nd ref="1668523300" />
    <nd ref="1668523346" />
    <nd ref="1668523377" />
    <nd ref="1668523460" />
    <nd ref="1668523597" />
    <nd ref="1668523751" />
    <nd ref="575561731" />
    <nd ref="575561725" />
    <nd ref="575561722" />
    <nd ref="575561720" />
    <nd ref="575561717" />
    <nd ref="575561713" />
    <nd ref="575561710" />
    <nd ref="575561708" />
    <nd ref="575561705" />
    <nd ref="575561702" />
    <nd ref="575561699" />
    <nd ref="575561696" />
    <nd ref="575561691" />
    <nd ref="575561685" />
    <nd ref="11416309615" />
    <nd ref="575560977" />
    <nd ref="746921888" />
    <nd ref="746921887" />
    <nd ref="746921886" />
    <nd ref="304186957" />
    <nd ref="304186956" />
    <nd ref="575554313" />
    <nd ref="575553670" />
    <nd ref="304186955" />
    <nd ref="575554312" />
    <nd ref="304186954" />
    <nd ref="575554321" />
    <nd ref="575554320" />
    <nd ref="575554319" />
    <nd ref="575554323" />
    <nd ref="575556331" />
    <nd ref="11416309614" />
    <nd ref="575553664" />
    <nd ref="248266268" />
    <nd ref="248266265" />
    <nd ref="248266262" />
    <nd ref="12599982156" />
    <nd ref="575552039" />
    <nd ref="575552795" />
    <nd ref="575552038" />
    <nd ref="12599982121" />
    <nd ref="575552040" />
    <nd ref="12599982122" />
    <nd ref="248266259" />
    <nd ref="248266256" />
    <nd ref="575552042" />
    <nd ref="575552041" />
    <nd ref="12599982123" />
    <nd ref="248266253" />
    <nd ref="12599982124" />
    <nd ref="12599982125" />
    <nd ref="12599982126" />
    <nd ref="248266250" />
    <nd ref="12599982127" />
    <nd ref="12599982128" />
    <nd ref="12599982129" />
    <nd ref="248266247" />
    <nd ref="12599982130" />
    <nd ref="12599982131" />
    <nd ref="12599982132" />
    <nd ref="248266244" />
    <nd ref="12599982133" />
    <nd ref="12599982134" />
    <nd ref="248266241" />
    <nd ref="12599982135" />
    <nd ref="12599982136" />
    <nd ref="12599982137" />
    <nd ref="248266238" />
    <nd ref="12599982138" />
    <nd ref="248266235" />
    <nd ref="1668524044" />
    <nd ref="8899621179" />
    <nd ref="9037666498" />
    <nd ref="1668524177" />
    <nd ref="1668524207" />
    <nd ref="1668524146" />
    <tag k="landuse" v="meadow" />
  </way>
  <way id="306474057">
    <nd ref="3114181938" />
    <nd ref="3114181937" />
    <nd ref="3114181934" />
    <nd ref="6907081024" />
    <nd ref="3393602448" />
    <nd ref="6907081016" />
    <nd ref="6907081021" />
    <nd ref="6907081017" />
    <nd ref="3114181936" />
    <nd ref="3114181938" />
    <tag k="landuse" v="construction" />
  </way>
  <way id="374400462">
    <nd ref="7919207204" />
    <nd ref="11345516285" />
    <nd ref="7919207205" />
    <nd ref="12473073380" />
    <nd ref="12473073381" />
    <nd ref="12473073382" />
    <nd ref="12473073383" />
    <nd ref="12473073384" />
    <nd ref="12473073385" />
    <nd ref="12473073386" />
    <nd ref="12473073387" />
    <nd ref="12473073388" />
    <nd ref="11869028601" />
    <nd ref="3555806735" />
    <nd ref="11869028600" />
    <nd ref="10951402532" />
    <nd ref="10951402627" />
    <nd ref="10951402626" />
    <nd ref="12473073390" />
    <nd ref="10951402620" />
    <nd ref="12473073389" />
    <nd ref="12473073391" />
    <nd ref="12473073392" />
    <nd ref="10951402506" />
    <nd ref="13830218686" />
    <nd ref="2143854009" />
    <nd ref="2143854014" />
    <nd ref="2143853999" />
    <nd ref="2143854011" />
    <nd ref="2143854013" />
    <nd ref="2143854010" />
    <nd ref="10951402505" />
    <nd ref="10951402540" />
    <nd ref="12473073393" />
    <nd ref="12473073394" />
    <nd ref="12473073395" />
    <nd ref="12473073396" />
    <nd ref="12473073397" />
    <nd ref="12473073398" />
    <nd ref="12473073399" />
    <nd ref="12473073400" />
    <nd ref="10951402542" />
    <nd ref="10951402543" />
    <nd ref="10951402544" />
    <nd ref="10951402547" />
    <nd ref="10951402548" />
    <nd ref="10951402549" />
    <nd ref="10951402550" />
    <nd ref="10951402551" />
    <nd ref="10951402552" />
    <nd ref="12473086405" />
    <nd ref="12473086404" />
    <nd ref="12473086403" />
    <nd ref="12473086402" />
    <nd ref="12473086401" />
    <nd ref="306381656" />
    <nd ref="12473073320" />
    <nd ref="12473073319" />
    <nd ref="12473073322" />
    <nd ref="12473073323" />
    <nd ref="12473073324" />
    <nd ref="12473073325" />
    <nd ref="13830218703" />
    <nd ref="13830218702" />
    <nd ref="13830218701" />
    <nd ref="13830218700" />
    <nd ref="13830218699" />
    <nd ref="12473086410" />
    <nd ref="12473086409" />
    <nd ref="12473086418" />
    <nd ref="12473086417" />
    <nd ref="12473086415" />
    <nd ref="12473086414" />
    <nd ref="12473086413" />
    <nd ref="12473086412" />
    <nd ref="12473086411" />
    <nd ref="12473086408" />
    <nd ref="702372978" />
    <nd ref="12473073378" />
    <nd ref="12473073379" />
    <nd ref="702363967" />
    <nd ref="702363984" />
    <nd ref="702363985" />
    <nd ref="702372912" />
    <nd ref="306383398" />
    <nd ref="358351988" />
    <nd ref="702376334" />
    <nd ref="702376329" />
    <nd ref="358351993" />
    <nd ref="387153029" />
    <nd ref="358351999" />
    <nd ref="9708564388" />
    <nd ref="9708564387" />
    <nd ref="358352007" />
    <nd ref="7991680407" />
    <nd ref="2577925397" />
    <nd ref="55931062" />
    <nd ref="579973149" />
    <nd ref="579971507" />
    <nd ref="9106435285" />
    <nd ref="9106435284" />
    <nd ref="21578117" />
    <nd ref="579968880" />
    <nd ref="3895980381" />
    <nd ref="3895980376" />
    <nd ref="579963467" />
    <nd ref="294638102" />
    <nd ref="2133726645" />
    <nd ref="2133726647" />
    <nd ref="3895980373" />
    <nd ref="3777872787" />
    <nd ref="6849062560" />
    <nd ref="3777872793" />
    <nd ref="12865976451" />
    <nd ref="12865976452" />
    <nd ref="12865976450" />
    <nd ref="12865976448" />
    <nd ref="12865976449" />
    <nd ref="12865976446" />
    <nd ref="12865976447" />
    <nd ref="12865976424" />
    <nd ref="12865976423" />
    <nd ref="6967800426" />
    <nd ref="6967800425" />
    <nd ref="6763494840" />
    <nd ref="7919207190" />
    <nd ref="7919207214" />
    <nd ref="7919207191" />
    <nd ref="7919207192" />
    <nd ref="7919207193" />
    <nd ref="7919207194" />
    <nd ref="3777872789" />
    <nd ref="3777872788" />
    <nd ref="7919207199" />
    <nd ref="7919207198" />
    <nd ref="7919207197" />
    <nd ref="7919205084" />
    <nd ref="7919207207" />
    <nd ref="8879528281" />
    <nd ref="7919207206" />
    <nd ref="7919207204" />
    <tag k="landuse" v="railway" />
    <tag k="operator" v="VicTrack" />
  </way>
  <way id="505956040">
    <nd ref="4957734592" />
    <nd ref="4957734591" />
    <nd ref="4957734589" />
    <nd ref="4957734587" />
    <nd ref="4957734586" />
    <nd ref="4957734585" />
    <nd ref="4957734584" />
    <nd ref="4957734583" />
    <nd ref="4957734579" />
    <nd ref="4957734576" />
    <nd ref="4957734574" />
    <nd ref="4957734572" />
    <nd ref="4957734571" />
    <nd ref="4957734570" />
    <nd ref="4957734569" />
    <nd ref="4957734568" />
    <nd ref="4957734566" />
    <nd ref="4957734565" />
    <nd ref="4957734564" />
    <nd ref="4957734592" />
    <tag k="landuse" v="grass" />
  </way>
  <way id="505956041">
    <nd ref="4957734593" />
    <nd ref="4957734637" />
    <nd ref="4957734636" />
    <nd ref="4957734635" />
    <nd ref="4957734633" />
    <nd ref="4957734632" />
    <nd ref="4957734631" />
    <nd ref="4957734630" />
    <nd ref="4957734629" />
    <nd ref="4957734628" />
    <nd ref="4957734627" />
    <nd ref="4957734626" />
    <nd ref="4957734625" />
    <nd ref="4957734624" />
    <nd ref="4957734621" />
    <nd ref="4957734620" />
    <nd ref="4957734619" />
    <nd ref="4957734616" />
    <nd ref="4957734615" />
    <nd ref="4957734614" />
    <nd ref="4957734613" />
    <nd ref="4957734612" />
    <nd ref="4957734611" />
    <nd ref="4957734610" />
    <nd ref="4957734609" />
    <nd ref="4957734608" />
    <nd ref="4957734607" />
    <nd ref="4957734606" />
    <nd ref="4957734605" />
    <nd ref="4957734604" />
    <nd ref="4957734603" />
    <nd ref="4957734601" />
    <nd ref="4957734600" />
    <nd ref="4957734596" />
    <nd ref="4957734595" />
    <nd ref="4957734594" />
    <nd ref="4957734593" />
    <tag k="landuse" v="grass" />
  </way>
  <way id="725699803">
    <nd ref="8962099289" />
    <nd ref="6804266316" />
    <nd ref="6804266317" />
    <nd ref="8962099291" />
    <nd ref="8962099289" />
    <tag k="landuse" v="grass" />
  </way>
  <way id="953940922">
    <nd ref="8829351818" />
    <nd ref="8829351819" />
    <nd ref="8829351820" />
    <nd ref="8829351821" />
    <nd ref="8829351822" />
    <nd ref="8829351823" />
    <nd ref="8829351824" />
    <nd ref="8829351825" />
    <nd ref="8829351826" />
    <nd ref="8829351827" />
    <nd ref="8829351828" />
    <nd ref="8829351829" />
    <nd ref="8829351818" />
    <tag k="landuse" v="grass" />
  </way>
  <way id="953940924">
    <nd ref="8829351834" />
    <nd ref="13520925790" />
    <nd ref="8829351832" />
    <nd ref="8829351838" />
    <nd ref="8829351839" />
    <nd ref="8829351840" />
    <nd ref="8829351841" />
    <nd ref="8829351842" />
    <nd ref="8829351843" />
    <nd ref="8829351834" />
    <tag k="landuse" v="grass" />
  </way>
  <way id="953940925">
    <nd ref="8829351848" />
    <nd ref="8829351849" />
    <nd ref="8829351850" />
    <nd ref="8829351851" />
    <nd ref="8829351852" />
    <nd ref="8829351853" />
    <nd ref="8829351848" />
    <tag k="landuse" v="grass" />
  </way>
  <way id="953940926">
    <nd ref="8829351859" />
    <nd ref="8829351860" />
    <nd ref="8829351861" />
    <nd ref="8829351862" />
    <nd ref="8829351863" />
    <nd ref="8829351864" />
    <nd ref="8829351865" />
    <nd ref="8829351866" />
    <nd ref="8829351867" />
    <nd ref="8829351868" />
    <nd ref="8829351869" />
    <nd ref="8829351859" />
    <tag k="landuse" v="grass" />
  </way>
  <way id="953940927">
    <nd ref="8829351872" />
    <nd ref="8829351873" />
    <nd ref="8829351874" />
    <nd ref="8829351875" />
    <nd ref="8829351876" />
    <nd ref="8829351877" />
    <nd ref="8829351878" />
    <nd ref="8829351879" />
    <nd ref="8829351880" />
    <nd ref="8829351881" />
    <nd ref="8829351882" />
    <nd ref="8829351872" />
    <tag k="landuse" v="grass" />
  </way>
  <way id="953940928">
    <nd ref="8829351887" />
    <nd ref="8829351888" />
    <nd ref="8829351889" />
    <nd ref="8829351890" />
    <nd ref="8829351891" />
    <nd ref="8829351892" />
    <nd ref="8829351893" />
    <nd ref="8829351894" />
    <nd ref="8829351887" />
    <tag k="landuse" v="grass" />
  </way>
  <way id="966055013">
    <nd ref="8937084841" />
    <nd ref="8937084842" />
    <nd ref="8937084843" />
    <nd ref="8937084844" />
    <nd ref="8937084841" />
    <tag k="landuse" v="grass" />
  </way>
  <way id="966091185">
    <nd ref="8937615867" />
    <nd ref="8937615868" />
    <nd ref="8937615869" />
    <nd ref="8937615870" />
    <nd ref="8937615871" />
    <nd ref="8937615872" />
    <nd ref="8937615873" />
    <nd ref="8937615874" />
    <nd ref="8937615875" />
    <nd ref="8937615876" />
    <nd ref="8937615877" />
    <nd ref="8937615878" />
    <nd ref="8937615879" />
    <nd ref="8937615880" />
    <nd ref="8937615881" />
    <nd ref="8937615867" />
    <tag k="landuse" v="grass" />
  </way>
  <way id="1190061640">
    <nd ref="702372912" />
    <nd ref="4633714535" />
    <nd ref="6567524138" />
    <nd ref="6567524120" />
    <nd ref="4633714533" />
    <nd ref="4633714531" />
    <nd ref="702376281" />
    <nd ref="6567524118" />
    <nd ref="6567524117" />
    <nd ref="8937615835" />
    <nd ref="6567524116" />
    <nd ref="11050125521" />
    <nd ref="11050125522" />
    <nd ref="306383398" />
    <nd ref="702372912" />
    <tag k="landuse" v="construction" />
  </way>
  <way id="1239956386">
    <nd ref="11519676280" />
    <nd ref="11519676281" />
    <nd ref="11519676282" />
    <nd ref="11519676283" />
    <nd ref="11519676284" />
    <nd ref="11519676285" />
    <nd ref="11519676286" />
    <nd ref="11519676287" />
    <nd ref="11519676288" />
    <nd ref="11519676289" />
    <nd ref="11519676290" />
    <nd ref="11519676291" />
    <nd ref="11519676292" />
    <nd ref="11519676293" />
    <nd ref="11519676294" />
    <nd ref="11519676295" />
    <nd ref="11519676296" />
    <nd ref="11519676297" />
    <nd ref="11519676298" />
    <nd ref="11519676299" />
    <nd ref="11519676300" />
    <nd ref="11519676301" />
    <nd ref="11519676302" />
    <nd ref="11519676303" />
    <nd ref="11519676304" />
    <nd ref="11519676305" />
    <nd ref="11519676306" />
    <nd ref="11519676307" />
    <nd ref="11519676308" />
    <nd ref="11519676309" />
    <nd ref="11519676310" />
    <nd ref="11519676311" />
    <nd ref="11519676312" />
    <nd ref="11519676313" />
    <nd ref="11519676314" />
    <nd ref="11519676315" />
    <nd ref="11519676316" />
    <nd ref="11519676317" />
    <nd ref="11519676318" />
    <nd ref="11519676319" />
    <nd ref="11519676320" />
    <nd ref="11519676321" />
    <nd ref="11519676322" />
    <nd ref="11519676323" />
    <nd ref="11519676324" />
    <nd ref="11519676325" />
    <nd ref="11519676326" />
    <nd ref="11519676280" />
    <tag k="landuse" v="grass" />
  </way>

<note>The data included in this document is from www.openstreetmap.org. The data is made available under ODbL.</note>
<meta osm_base="2026-09-03T09:20:49Z" />

  <node id="246558936" lat="-37.7851195" lon="144.9623043">
    <tag k="amenity" v="bbq" />
  </node>
  <node id="286459366" lat="-37.7847010" lon="144.9602203">
    <tag k="amenity" v="drinking_water" />
  </node>
  <node id="291211136" lat="-37.8067435" lon="144.9646212">
    <tag k="amenity" v="bicycle_parking" />
    <tag k="bicycle_parking" v="stands" />
    <tag k="capacity" v="4" />
    <tag k="covered" v="no" />
    <tag k="name" v="RMIT Bicycle Parking" />
  </node>
  <node id="319157891" lat="-37.8052797" lon="144.9663810">
    <tag k="name" v="Downtowner on Lygon" />
    <tag k="note" v="Accessibility: category 6" />
    <tag k="tourism" v="hotel" />
  </node>
  <node id="378624853" lat="-37.7910960" lon="144.9246482" />
  <node id="471340947" lat="-37.8067341" lon="144.9660401">
    <tag k="addr:housenumber" v="2" />
    <tag k="addr:postcode" v="3053" />
    <tag k="addr:street" v="Lygon Street" />
    <tag k="amenity" v="post_box" />
    <tag k="collection_times" v="Mo-Fr 12:00" />
    <tag k="operator" v="Australia Post" />
    <tag k="operator:wikidata" v="Q1142936" />
    <tag k="operator:wikipedia" v="en:Australia Post" />
    <tag k="website" v="https://auspost.com.au/" />
  </node>
  <node id="583073636" lat="-37.7970534" lon="144.9186676" />
  <node id="583073639" lat="-37.7959830" lon="144.9176334" />
  <node id="583073642" lat="-37.7959358" lon="144.9174578" />
  <node id="583073647" lat="-37.7966681" lon="144.9161972" />
  <node id="583073656" lat="-37.7970411" lon="144.9165995" />
  <node id="583073662" lat="-37.7977130" lon="144.9174739" />
  <node id="587470707" lat="-37.7994288" lon="144.9724960" />
  <node id="587470709" lat="-37.7994016" lon="144.9723836" />
  <node id="587470711" lat="-37.7993077" lon="144.9723652" />
  <node id="587470714" lat="-37.7992789" lon="144.9723891" />
  <node id="587470724" lat="-37.7992011" lon="144.9724858" />
  <node id="587470727" lat="-37.7991281" lon="144.9726214" />
  <node id="587470729" lat="-37.7991125" lon="144.9728275" />
  <node id="587470732" lat="-37.7991366" lon="144.9728507" />
  <node id="587470734" lat="-37.7992016" lon="144.9728615" />
  <node id="587470738" lat="-37.7992560" lon="144.9728221" />
  <node id="587470741" lat="-37.7993259" lon="144.9727348" />
  <node id="587470745" lat="-37.7993707" lon="144.9726576" />
  <node id="587470747" lat="-37.7994058" lon="144.9725735" />
  <node id="676561325" lat="-37.8061581" lon="144.9657057">
    <tag k="addr:housenumber" v="29" />
    <tag k="addr:postcode" v="3053" />
    <tag k="addr:street" v="Lygon Street" />
    <tag k="addr:suburb" v="Carlton" />
    <tag k="amenity" v="pub" />
    <tag k="name" v="John Curtin Hotel" />
    <tag k="website" v="https://www.johncurtinhotel.com/" />
  </node>
  <node id="676618750" lat="-37.8057546" lon="144.9663802">
    <tag k="addr:housenumber" v="62" />
    <tag k="addr:street" v="Lygon Street" />
    <tag k="amenity" v="cafe" />
    <tag k="internet_access" v="wlan" />
    <tag k="name" v="Artee Cafe" />
    <tag k="note" v="Accessibility: category 3" />
    <tag k="phone" v="+61 3 9663 6263" />
  </node>
  <node id="1096306744" lat="-37.7943385" lon="144.9153732" />
  <node id="1096306745" lat="-37.7946370" lon="144.9153163" />
  <node id="1096306746" lat="-37.7947006" lon="144.9158510" />
  <node id="1096306747" lat="-37.7944021" lon="144.9159078" />
  <node id="1106095098" lat="-37.7906410" lon="144.9242170" />
  <node id="1974803176" lat="-37.7836808" lon="144.9599820">
    <tag k="amenity" v="drinking_water" />
  </node>
  <node id="2025671040" lat="-37.8051681" lon="144.9660303">
    <tag k="bench" v="yes" />
    <tag k="bin" v="yes" />
    <tag k="bus" v="yes" />
    <tag k="departures_board" v="timetable" />
    <tag k="gtfs:stop_code" v="959" />
    <tag k="gtfs:stop_id" v="959" />
    <tag k="highway" v="bus_stop" />
    <tag k="lit" v="yes" />
    <tag k="name" v="Queensberry Street/Lygon Street" />
    <tag k="network" v="Transport Victoria" />
    <tag k="network:wikidata" v="Q7257648" />
    <tag k="operator" v="Transdev Melbourne" />
    <tag k="public_transport" v="platform" />
    <tag k="ref" v="959" />
    <tag k="route_ref" v="200;207" />
    <tag k="shelter" v="yes" />
    <tag k="tactile_paving" v="no" />
    <tag k="wheelchair" v="yes" />
  </node>
  <node id="2025676692" lat="-37.8066589" lon="144.9660485">
    <tag k="bench" v="yes" />
    <tag k="bin" v="yes" />
    <tag k="bus" v="yes" />
    <tag k="departures_board" v="timetable" />
    <tag k="gtfs:stop_code" v="19529" />
    <tag k="gtfs:stop_id" v="19529" />
    <tag k="highway" v="bus_stop" />
    <tag k="lit" v="no" />
    <tag k="name" v="Trades Hall/Lygon Street" />
    <tag k="network" v="Transport Victoria" />
    <tag k="network:wikidata" v="Q7257648" />
    <tag k="operator" v="Transdev Melbourne" />
    <tag k="public_transport" v="platform" />
    <tag k="ref" v="19529" />
    <tag k="route_ref" v="200;207" />
    <tag k="shelter" v="yes" />
    <tag k="source" v="survey" />
    <tag k="tactile_paving" v="yes" />
  </node>
  <node id="2133014749" lat="-37.8061940" lon="144.9661680">
    <tag k="amenity" v="vending_machine" />
    <tag k="check_date" v="2021-12-19" />
    <tag k="vending" v="parking_tickets" />
  </node>
  <node id="2133015287" lat="-37.8074100" lon="144.9659340">
    <tag k="amenity" v="vending_machine" />
    <tag k="check_date" v="2026-01-11" />
    <tag k="vending" v="parking_tickets" />
  </node>
  <node id="2160049170" lat="-37.8068320" lon="144.9662590">
    <tag k="name" v="New International Book Shop" />
    <tag k="phone" v="+61 3 9662 3744" />
    <tag k="shop" v="books" />
    <tag k="website" v="http://www.newinternationalbookshop.org.au/" />
  </node>
  <node id="2164517040" lat="-37.8071570" lon="144.9660500">
    <tag k="male" v="yes" />
    <tag k="name" v="Melbourne Barber Shop" />
    <tag k="opening_hours" v="Mo-Fr 07:30-18:00; Sa 08:00-12:00" />
    <tag k="phone" v="+61 3 9663 8548" />
    <tag k="shop" v="hairdresser" />
  </node>
  <node id="2209665985" lat="-37.7848536" lon="144.9593568">
    <tag k="name" v="Stop 16: Walker Street" />
    <tag k="network" v="PTV - Metropolitan Trams" />
    <tag k="network:wikidata" v="Q7257648" />
    <tag k="operator" v="Keolis Downer" />
    <tag k="operator:wikidata" v="Q6328065" />
    <tag k="public_transport" v="stop_position" />
    <tag k="railway" v="tram_stop" />
    <tag k="ref" v="16" />
    <tag k="tram" v="yes" />
  </node>
  <node id="2209665987" lat="-37.7845284" lon="144.9594391">
    <tag k="name" v="Stop 16: Walker Street" />
    <tag k="network" v="PTV - Metropolitan Trams" />
    <tag k="network:wikidata" v="Q7257648" />
    <tag k="operator" v="Keolis Downer" />
    <tag k="operator:wikidata" v="Q6328065" />
    <tag k="public_transport" v="stop_position" />
    <tag k="railway" v="tram_stop" />
    <tag k="ref" v="16" />
    <tag k="tram" v="yes" />
  </node>
  <node id="3048471849" lat="-37.7963881" lon="144.9183139" />
  <node id="3048471850" lat="-37.7929051" lon="144.9263852" />
  <node id="3048471852" lat="-37.7922671" lon="144.9196828" />
  <node id="3048471853" lat="-37.7958140" lon="144.9175784" />
  <node id="3048471854" lat="-37.7956359" lon="144.9167925" />
  <node id="3048471855" lat="-37.7954384" lon="144.9252031" />
  <node id="3048471856" lat="-37.7926275" lon="144.9185681" />
  <node id="3048471857" lat="-37.7983484" lon="144.9201176" />
  <node id="3048471858" lat="-37.7953803" lon="144.9165304" />
  <node id="3048471859" lat="-37.7912799" lon="144.9199158" />
  <node id="3048471860" lat="-37.7971135" lon="144.9222949" />
  <node id="3048471861" lat="-37.7952283" lon="144.9168038" />
  <node id="3048471862" lat="-37.7942902" lon="144.9170902" />
  <node id="3048471864" lat="-37.7958623" lon="144.9177187" />
  <node id="3048471865" lat="-37.7941942" lon="144.9274132" />
  <node id="3048471866" lat="-37.7922193" lon="144.9192415" />
  <node id="3048471867" lat="-37.7922602" lon="144.9182173" />
  <node id="3048471868" lat="-37.7894998" lon="144.9230411" />
  <node id="3048471869" lat="-37.7940355" lon="144.9274816" />
  <node id="4326397422" lat="-37.7852226" lon="144.9595058">
    <tag k="bus" v="yes" />
    <tag k="name" v="Princes Park/Royal Parade" />
    <tag k="network" v="PTV - Metropolitan Buses" />
    <tag k="operator" v="Dysons" />
    <tag k="public_transport" v="stop_position" />
  </node>
  <node id="4326397423" lat="-37.7852227" lon="144.9595705">
    <tag k="bench" v="no" />
    <tag k="bin" v="no" />
    <tag k="bus" v="yes" />
    <tag k="gtfs:stop_id" v="45653" />
    <tag k="highway" v="bus_stop" />
    <tag k="name" v="Princes Park/Royal Parade" />
    <tag k="network" v="Transport Victoria" />
    <tag k="network:wikidata" v="Q7257648" />
    <tag k="operator" v="Dysons" />
    <tag k="public_transport" v="platform" />
    <tag k="ref" v="ID.45653" />
    <tag k="route_ref" v="505" />
    <tag k="shelter" v="no" />
    <tag k="tactile_paving" v="no" />
  </node>
  <node id="4326397428" lat="-37.7845589" lon="144.9595169">
    <tag k="bench" v="yes" />
    <tag k="bin" v="yes" />
    <tag k="gtfs:stop_id" v="17330" />
    <tag k="lit" v="yes" />
    <tag k="name" v="Stop 16: Walker Street" />
    <tag k="network" v="PTV - Metropolitan Trams" />
    <tag k="operator" v="Yarra Trams" />
    <tag k="public_transport" v="platform" />
    <tag k="ref" v="16" />
    <tag k="route_ref" v="19" />
    <tag k="shelter" v="yes" />
    <tag k="tactile_paving" v="no" />
    <tag k="tram" v="yes" />
    <tag k="wheelchair" v="no" />
  </node>
  <node id="4326397429" lat="-37.7848504" lon="144.9592815">
    <tag k="bench" v="yes" />
    <tag k="bin" v="yes" />
    <tag k="gtfs:stop_id" v="16731" />
    <tag k="lit" v="yes" />
    <tag k="name" v="Stop 16: Walker Street" />
    <tag k="network" v="PTV - Metropolitan Trams" />
    <tag k="operator" v="Yarra Trams" />
    <tag k="public_transport" v="platform" />
    <tag k="ref" v="16" />
    <tag k="route_ref" v="19" />
    <tag k="shelter" v="yes" />
    <tag k="tactile_paving" v="no" />
    <tag k="tram" v="yes" />
    <tag k="wheelchair" v="no" />
  </node>
  <node id="4384842443" lat="-37.7836726" lon="144.9605906">
    <tag k="amenity" v="bicycle_parking" />
    <tag k="bicycle_parking" v="stands" />
    <tag k="capacity" v="8" />
    <tag k="covered" v="yes" />
  </node>
  <node id="4396898212" lat="-37.8056933" lon="144.9654196">
    <tag k="amenity" v="bicycle_parking" />
    <tag k="bicycle_parking" v="loops" />
    <tag k="capacity" v="8" />
    <tag k="covered" v="no" />
  </node>
  <node id="4511498369" lat="-37.8076069" lon="144.9660168">
    <tag k="addr:housenumber" v="380" />
    <tag k="addr:street" v="Russell Street" />
    <tag k="internet_access" v="wlan" />
    <tag k="internet_access:fee" v="yes" />
    <tag k="name" v="Space Hotel" />
    <tag k="phone" v="+61 3 9662 3888" />
    <tag k="stars" v="3" />
    <tag k="tourism" v="hotel" />
    <tag k="website" v="https://www.spacehotel.com.au" />
  </node>
  <node id="4728819528" lat="-37.7977748" lon="144.9169625" />
  <node id="4728842521" lat="-37.7981350" lon="144.9199199" />
  <node id="4728842522" lat="-37.7982977" lon="144.9200709" />
  <node id="4815356255" lat="-37.8074856" lon="144.9665862" />
  <node id="4815356257" lat="-37.8072035" lon="144.9666344" />
  <node id="4815356258" lat="-37.8072508" lon="144.9670788" />
  <node id="4815356261" lat="-37.8073478" lon="144.9670614" />
  <node id="5769212928" lat="-37.7842112" lon="144.9591688">
    <tag k="amenity" v="bicycle_parking" />
    <tag k="bicycle_parking" v="stands" />
    <tag k="capacity" v="10" />
    <tag k="covered" v="no" />
  </node>
  <node id="5864830652" lat="-37.7991557" lon="144.9728614" />
  <node id="5864830674" lat="-37.7992560" lon="144.9729182" />
  <node id="5864830675" lat="-37.7993058" lon="144.9728583" />
  <node id="5864830676" lat="-37.7994231" lon="144.9738893" />
  <node id="5864830677" lat="-37.7993611" lon="144.9738994" />
  <node id="6682437207" lat="-37.8068143" lon="144.9673583" />
  <node id="6682437208" lat="-37.8068222" lon="144.9674328" />
  <node id="6682437209" lat="-37.8061162" lon="144.9675530" />
  <node id="6682437210" lat="-37.8061082" lon="144.9674783" />
  <node id="6682437211" lat="-37.8068802" lon="144.9673473" />
  <node id="6682437212" lat="-37.8068886" lon="144.9674213" />
  <node id="6682437213" lat="-37.8069920" lon="144.9674026" />
  <node id="6682437214" lat="-37.8069837" lon="144.9673287" />
  <node id="6682437217" lat="-37.8060408" lon="144.9674943" />
  <node id="6682437218" lat="-37.8060485" lon="144.9675661" />
  <node id="6682437219" lat="-37.8051973" lon="144.9677120" />
  <node id="6682437220" lat="-37.8051896" lon="144.9676400" />
  <node id="6693554722" lat="-37.7995001" lon="144.9725402" />
  <node id="6693554723" lat="-37.7994788" lon="144.9726340" />
  <node id="6693554724" lat="-37.8008080" lon="144.9724031" />
  <node id="6693554725" lat="-37.8008031" lon="144.9723230" />
  <node id="6693554726" lat="-37.8008495" lon="144.9723112" />
  <node id="6693554727" lat="-37.8008574" lon="144.9723915" />
  <node id="6693554728" lat="-37.8009260" lon="144.9723807" />
  <node id="6693554729" lat="-37.8009181" lon="144.9723004" />
  <node id="6693554730" lat="-37.8000995" lon="144.9728699">
    <tag k="amenity" v="bench" />
  </node>
  <node id="6693554731" lat="-37.8002420" lon="144.9729284">
    <tag k="amenity" v="bench" />
  </node>
  <node id="6693554732" lat="-37.8003357" lon="144.9728160">
    <tag k="amenity" v="bench" />
  </node>
  <node id="6693554733" lat="-37.8003783" lon="144.9732735">
    <tag k="amenity" v="bench" />
  </node>
  <node id="6758200723" lat="-37.8074942" lon="144.9656291">
    <tag k="bench" v="yes" />
    <tag k="bin" v="no" />
    <tag k="bus" v="yes" />
    <tag k="check_date:shelter" v="2026-01-11" />
    <tag k="departures_board" v="timetable" />
    <tag k="gtfs:stop_code" v="19249" />
    <tag k="gtfs:stop_id" v="19249" />
    <tag k="highway" v="bus_stop" />
    <tag k="lit" v="no" />
    <tag k="name" v="Old Melbourne Gaol/Russell Street" />
    <tag k="network" v="Transport Victoria" />
    <tag k="network:wikidata" v="Q7257648" />
    <tag k="operator" v="Transdev Melbourne" />
    <tag k="public_transport" v="platform" />
    <tag k="ref" v="19249" />
    <tag k="route_ref" v="200;207" />
    <tag k="shelter" v="no" />
    <tag k="tactile_paving" v="yes" />
  </node>
  <node id="6765519528" lat="-37.7993082" lon="144.9728587" />
  <node id="6765519529" lat="-37.7993114" lon="144.9728602" />
  <node id="6765519530" lat="-37.7993134" lon="144.9728679" />
  <node id="6765519531" lat="-37.7992537" lon="144.9729230" />
  <node id="6765519532" lat="-37.7992517" lon="144.9729280" />
  <node id="6765519533" lat="-37.7992519" lon="144.9729316" />
  <node id="6765519534" lat="-37.7992259" lon="144.9728491" />
  <node id="6765519535" lat="-37.7991775" lon="144.9728646" />
  <node id="6765519536" lat="-37.7991009" lon="144.9728047" />
  <node id="6765519537" lat="-37.7990936" lon="144.9727801" />
  <node id="6765519538" lat="-37.7990916" lon="144.9727484" />
  <node id="6765519539" lat="-37.7990950" lon="144.9727181" />
  <node id="6765519540" lat="-37.7991071" lon="144.9726790" />
  <node id="6765519541" lat="-37.7991586" lon="144.9725555" />
  <node id="6765519542" lat="-37.7992911" lon="144.9727850" />
  <node id="6765519543" lat="-37.7994182" lon="144.9725384" />
  <node id="6775928316" lat="-37.8075044" lon="144.9657046">
    <tag k="bus" v="yes" />
    <tag k="gtfs:stop_code" v="19249" />
    <tag k="gtfs:stop_id" v="19249" />
    <tag k="name" v="Old Melbourne Gaol/Russell Street" />
    <tag k="network" v="Transport Victoria" />
    <tag k="operator" v="Transdev Melbourne" />
    <tag k="public_transport" v="stop_position" />
    <tag k="ref" v="19249" />
  </node>
  <node id="6775928317" lat="-37.8066526" lon="144.9659821">
    <tag k="bus" v="yes" />
    <tag k="gtfs:stop_code" v="19529" />
    <tag k="gtfs:stop_id" v="19529" />
    <tag k="name" v="Trades Hall/Lygon Street" />
    <tag k="network" v="Transport Victoria" />
    <tag k="operator" v="Transdev Melbourne" />
    <tag k="public_transport" v="stop_position" />
    <tag k="ref" v="19529" />
  </node>
  <node id="6775928318" lat="-37.8051740" lon="144.9660902">
    <tag k="bus" v="yes" />
    <tag k="gtfs:stop_code" v="959" />
    <tag k="gtfs:stop_id" v="959" />
    <tag k="name" v="Queensberry Street/Lygon Street" />
    <tag k="network" v="Transport Victoria" />
    <tag k="operator" v="Transdev Melbourne" />
    <tag k="public_transport" v="stop_position" />
    <tag k="ref" v="959" />
  </node>
  <node id="7191994231" lat="-37.7990128" lon="144.9707493" />
  <node id="7191994232" lat="-37.7990717" lon="144.9707397" />
  <node id="7191994233" lat="-37.7992436" lon="144.9722956" />
  <node id="7191994234" lat="-37.7991863" lon="144.9723717" />
  <node id="7228317548" lat="-37.8064173" lon="144.9657385">
    <tag k="amenity" v="kindergarten" />
    <tag k="name" v="RMIT City Campus Children's Centre" />
    <tag k="note" v="Accessibility: category 5" />
    <tag k="operator" v="RMIT" />
  </node>
  <node id="7237853264" lat="-37.7848267" lon="144.9593599">
    <tag k="railway" v="crossing" />
  </node>
  <node id="7237853265" lat="-37.7848274" lon="144.9593979">
    <tag k="railway" v="crossing" />
  </node>
  <node id="7237853270" lat="-37.7845845" lon="144.9593910">
    <tag k="railway" v="crossing" />
  </node>
  <node id="7237853271" lat="-37.7845964" lon="144.9594288">
    <tag k="railway" v="crossing" />
  </node>
  <node id="7320816603" lat="-37.8070737" lon="144.9652049" />
  <node id="7320816604" lat="-37.8070610" lon="144.9652552" />
  <node id="7320816605" lat="-37.8070637" lon="144.9652780" />
  <node id="7320816606" lat="-37.8072941" lon="144.9653879" />
  <node id="7320816607" lat="-37.8073052" lon="144.9653484" />
  <node id="7663134297" lat="-37.7960861" lon="144.9177804" />
  <node id="7944308966" lat="-37.7980743" lon="144.9170675" />
  <node id="7944308967" lat="-37.7976455" lon="144.9168490" />
  <node id="7944308968" lat="-37.7976088" lon="144.9169159" />
  <node id="8865148680" lat="-37.7993364" lon="144.9723581" />
  <node id="8865148681" lat="-37.7993606" lon="144.9723603" />
  <node id="8865148682" lat="-37.7993856" lon="144.9723716" />
  <node id="8865148683" lat="-37.7994140" lon="144.9724030" />
  <node id="8865148684" lat="-37.7994247" lon="144.9724317" />
  <node id="8865148685" lat="-37.7994327" lon="144.9724635" />
  <node id="8865148686" lat="-37.7992306" lon="144.9724424" />
  <node id="8865148687" lat="-37.7993909" lon="144.9726140" />
  <node id="9118902960" lat="-37.7894750" lon="144.9227673" />
  <node id="9118902962" lat="-37.7904632" lon="144.9211913" />
  <node id="9118902963" lat="-37.7908283" lon="144.9206109" />
  <node id="9333484483" lat="-37.7993340" lon="144.9721774" />
  <node id="9333484485" lat="-37.7993495" lon="144.9721869" />
  <node id="9354651181" lat="-37.8003601" lon="144.9727551">
    <tag k="amenity" v="drinking_water" />
  </node>
  <node id="9354651184" lat="-37.8003605" lon="144.9726452">
    <tag k="amenity" v="waste_basket" />
  </node>
  <node id="9366608934" lat="-37.7942882" lon="144.9172627">
    <tag k="amenity" v="bench" />
  </node>
  <node id="9366608935" lat="-37.7941217" lon="144.9171253">
    <tag k="amenity" v="bench" />
  </node>
  <node id="9366608936" lat="-37.7942332" lon="144.9171061">
    <tag k="amenity" v="bench" />
  </node>
  <node id="9366608939" lat="-37.7942819" lon="144.9171607">
    <tag k="amenity" v="bench" />
  </node>
  <node id="9377831341" lat="-37.7990329" lon="144.9726272" />
  <node id="9377831342" lat="-37.7990108" lon="144.9727146" />
  <node id="9377831343" lat="-37.7990348" lon="144.9727104" />
  <node id="9377831344" lat="-37.7990391" lon="144.9727062" />
  <node id="9377831345" lat="-37.7990527" lon="144.9726240" />
  <node id="9377831368" lat="-37.7989658" lon="144.9730972" />
  <node id="9377831369" lat="-37.7990124" lon="144.9731391" />
  <node id="9377831370" lat="-37.7991006" lon="144.9729822" />
  <node id="9377831371" lat="-37.7990423" lon="144.9729373" />
  <node id="9424305959" lat="-37.7900501" lon="144.9218517" />
  <node id="9426963342" lat="-37.7973545" lon="144.9218705" />
  <node id="9426963344" lat="-37.7973684" lon="144.9218461" />
  <node id="9446429304" lat="-37.7960479" lon="144.9155608" />
  <node id="9446429305" lat="-37.7960966" lon="144.9156345" />
  <node id="9446429306" lat="-37.7961030" lon="144.9157096" />
  <node id="9446429307" lat="-37.7956568" lon="144.9164915" />
  <node id="9446429308" lat="-37.7956240" lon="144.9165894" />
  <node id="9446429309" lat="-37.7956483" lon="144.9167195" />
  <node id="9446429310" lat="-37.7955392" lon="144.9166270" />
  <node id="9446429311" lat="-37.7954682" lon="144.9165545" />
  <node id="9446429312" lat="-37.7954194" lon="144.9164553" />
  <node id="9446429313" lat="-37.7957299" lon="144.9158652" />
  <node id="9452228037" lat="-37.7958457" lon="144.9156120">
    <tag k="amenity" v="bench" />
    <tag k="backrest" v="yes" />
  </node>
  <node id="9452228040" lat="-37.7951652" lon="144.9164702">
    <tag k="amenity" v="waste_basket" />
  </node>
  <node id="9452228044" lat="-37.7944686" lon="144.9167660">
    <tag k="amenity" v="bench" />
  </node>
  <node id="9452228047" lat="-37.7944714" lon="144.9167871">
    <tag k="amenity" v="waste_basket" />
  </node>
  <node id="9452228049" lat="-37.7946369" lon="144.9166570">
    <tag k="amenity" v="bench" />
  </node>
  <node id="9452228050" lat="-37.7944116" lon="144.9159183">
    <tag k="amenity" v="waste_basket" />
  </node>
  <node id="9452228052" lat="-37.7956679" lon="144.9155254">
    <tag k="amenity" v="bench" />
    <tag k="backrest" v="yes" />
  </node>
  <node id="9452228054" lat="-37.7944639" lon="144.9159521">
    <tag k="amenity" v="shelter" />
  </node>
  <node id="9452228055" lat="-37.7944741" lon="144.9168097">
    <tag k="amenity" v="bench" />
  </node>
  <node id="9452228058" lat="-37.7944606" lon="144.9159401">
    <tag k="amenity" v="bench" />
  </node>
  <node id="9452228059" lat="-37.7945516" lon="144.9166023">
    <tag k="amenity" v="bench" />
  </node>
  <node id="9452228063" lat="-37.7946663" lon="144.9147900">
    <tag k="amenity" v="bench" />
    <tag k="backrest" v="yes" />
  </node>
  <node id="9452228066" lat="-37.7945012" lon="144.9159148">
    <tag k="amenity" v="drinking_water" />
  </node>
  <node id="9452228068" lat="-37.7949993" lon="144.9166736">
    <tag k="amenity" v="bench" />
    <tag k="backrest" v="yes" />
  </node>
  <node id="9452228069" lat="-37.7957833" lon="144.9157218">
    <tag k="amenity" v="bench" />
    <tag k="backrest" v="yes" />
  </node>
  <node id="9452228071" lat="-37.7951288" lon="144.9165381">
    <tag k="amenity" v="bench" />
    <tag k="backrest" v="yes" />
  </node>
  <node id="9452228074" lat="-37.7952082" lon="144.9165469">
    <tag k="amenity" v="bench" />
    <tag k="backrest" v="yes" />
  </node>
  <node id="9452228076" lat="-37.7951859" lon="144.9165533">
    <tag k="amenity" v="bench" />
    <tag k="backrest" v="yes" />
  </node>
  <node id="9452228077" lat="-37.7956278" lon="144.9151870">
    <tag k="amenity" v="bench" />
    <tag k="backrest" v="yes" />
  </node>
  <node id="9739329479" lat="-37.8001894" lon="144.9712846" />
  <node id="9739329480" lat="-37.8006703" lon="144.9704151" />
  <node id="9739329481" lat="-37.8007232" lon="144.9704094" />
  <node id="9739329482" lat="-37.8009034" lon="144.9721841" />
  <node id="9739329483" lat="-37.7996363" lon="144.9724022" />
  <node id="9739329484" lat="-37.7995890" lon="144.9723452" />
  <node id="9739329485" lat="-37.7993991" lon="144.9727945" />
  <node id="9739329486" lat="-37.7994109" lon="144.9727679" />
  <node id="9739329487" lat="-37.7997793" lon="144.9727047" />
  <node id="9739329488" lat="-37.7999652" lon="144.9744124" />
  <node id="9739329489" lat="-37.7995846" lon="144.9744760" />
  <node id="9739329490" lat="-37.8000865" lon="144.9740767" />
  <node id="9739329491" lat="-37.8005476" lon="144.9739967" />
  <node id="9739329492" lat="-37.8005757" lon="144.9742566" />
  <node id="9739329493" lat="-37.8001147" lon="144.9743366" />
  <node id="9739329494" lat="-37.8005528" lon="144.9725761" />
  <node id="9739329495" lat="-37.8009403" lon="144.9724977" />
  <node id="9739329496" lat="-37.8011182" lon="144.9741926" />
  <node id="9739329497" lat="-37.8007252" lon="144.9742567" />
  <node id="9739329498" lat="-37.7993441" lon="144.9703502" />
  <node id="9739329499" lat="-37.8004802" lon="144.9701695" />
  <node id="9739329501" lat="-37.7991756" lon="144.9707343" />
  <node id="9739329502" lat="-37.7993863" lon="144.9706972" />
  <node id="9880275455" lat="-37.7944006" lon="144.9158949" />
  <node id="9979327460" lat="-37.7939352" lon="144.9156198" />
  <node id="9979327461" lat="-37.7939810" lon="144.9156510" />
  <node id="9979327462" lat="-37.7940360" lon="144.9156591" />
  <node id="9979327463" lat="-37.7940683" lon="144.9156496" />
  <node id="9979327464" lat="-37.7940811" lon="144.9156421" />
  <node id="9979327465" lat="-37.7940950" lon="144.9155971" />
  <node id="9979327466" lat="-37.7940701" lon="144.9155216" />
  <node id="9979327467" lat="-37.7940590" lon="144.9155107" />
  <node id="9979327468" lat="-37.7940389" lon="144.9155032" />
  <node id="9979327469" lat="-37.7940169" lon="144.9155105" />
  <node id="9979327470" lat="-37.7940032" lon="144.9155214" />
  <node id="11223689135" lat="-37.7959567" lon="144.9156481" />
  <node id="11597590604" lat="-37.7838156" lon="144.9609303">
    <tag k="amenity" v="cafe" />
    <tag k="name" v="1864 Café" />
  </node>
  <node id="12612225499" lat="-37.7990549" lon="144.9726250" />
  <node id="12612225500" lat="-37.7990562" lon="144.9726269" />
  <node id="12612244401" lat="-37.7990563" lon="144.9726300" />
  <node id="12612244402" lat="-37.7990366" lon="144.9727095" />
  <node id="12612244403" lat="-37.7990382" lon="144.9727083" />
  <node id="12614251974" lat="-37.7990740" lon="144.9707416" />
  <node id="12614251977" lat="-37.7990100" lon="144.9707554" />
  <node id="12639679389" lat="-37.8067559" lon="144.9648154">
    <tag k="amenity" v="waste_basket" />
  </node>
  <node id="12639756679" lat="-37.8057562" lon="144.9647090">
    <tag k="amenity" v="waste_basket" />
  </node>
  <node id="12639757048" lat="-37.8063437" lon="144.9645875">
    <tag k="amenity" v="bicycle_parking" />
    <tag k="bicycle_parking" v="stands" />
    <tag k="capacity" v="4" />
    <tag k="covered" v="no" />
  </node>
  <node id="12639757327" lat="-37.8066286" lon="144.9645314">
    <tag k="amenity" v="bicycle_parking" />
    <tag k="bicycle_parking" v="stands" />
    <tag k="capacity" v="22" />
    <tag k="covered" v="no" />
  </node>
  <node id="12655841839" lat="-37.7980396" lon="144.9171047" />
  <node id="13113360257" lat="-37.8067376" lon="144.9652660">
    <tag k="name" v="Katrina's Designs" />
    <tag k="shop" v="tailor" />
  </node>
  <node id="13113365666" lat="-37.8067883" lon="144.9655158">
    <tag k="amenity" v="restaurant" />
    <tag k="name" v="Carlton Megabytes" />
  </node>
  <node id="13113402456" lat="-37.8067876" lon="144.9652322">
    <tag k="amenity" v="waste_basket" />
  </node>
  <node id="13113416613" lat="-37.8067808" lon="144.9654705">
    <tag k="amenity" v="restaurant" />
    <tag k="name" v="Dumpling Max" />
  </node>
  <node id="13113438895" lat="-37.8067692" lon="144.9654201">
    <tag k="amenity" v="restaurant" />
    <tag k="cuisine" v="noodle" />
    <tag k="name" v="the best quilin rice noodles" />
  </node>
  <node id="13113445103" lat="-37.8067698" lon="144.9649669">
    <tag k="amenity" v="waste_basket" />
  </node>
  <node id="13113448418" lat="-37.8067611" lon="144.9653305">
    <tag k="amenity" v="restaurant" />
    <tag k="cuisine" v="noodle" />
    <tag k="name" v="Chinger Biang Biang Noodle" />
  </node>
  <node id="13601948096" lat="-37.8073903" lon="144.9651666">
    <tag k="addr:housenumber" v="405" />
    <tag k="addr:postcode" v="3000" />
    <tag k="addr:state" v="VIC" />
    <tag k="addr:street" v="Russell Street" />
    <tag k="addr:suburb" v="Melbourne" />
    <tag k="amenity" v="university" />
    <tag k="check_date" v="2026-02-26" />
    <tag k="education" v="university" />
    <tag k="internet_access" v="yes" />
    <tag k="name" v="School of Law" />
    <tag k="operator" v="RMIT University" />
    <tag k="operator:type" v="university" />
    <tag k="website" v="https://www.rmit.edu.au/about/schools-colleges/school-of-law" />
    <tag k="wheelchair" v="yes" />
  </node>
  <node id="13722594159" lat="-37.7951527" lon="144.9168966" />
  <node id="13722594160" lat="-37.7940886" lon="144.9156654" />
  <node id="13722594162" lat="-37.7939254" lon="144.9156443" />
  <node id="13722690228" lat="-37.7940271" lon="144.9155040" />
  <node id="13722690229" lat="-37.7940492" lon="144.9155058" />
  <node id="13722690230" lat="-37.7940802" lon="144.9155364" />
  <node id="13722690231" lat="-37.7940847" lon="144.9155462" />
  <node id="13722690232" lat="-37.7940890" lon="144.9155574" />
  <node id="13722690233" lat="-37.7939844" lon="144.9155438" />
  <node id="13722690234" lat="-37.7939616" lon="144.9155757" />
  <node id="13722690235" lat="-37.7940905" lon="144.9156328" />
  <node id="13722690236" lat="-37.7940958" lon="144.9156206" />
  <node id="13722690237" lat="-37.7940962" lon="144.9156099" />
  <node id="13769025480" lat="-37.8067021" lon="144.9661492">
    <tag k="artwork_type" v="statue" />
    <tag k="name" v="Zelda D'Aprano" />
    <tag k="tourism" v="artwork" />
  </node>
  <node id="13842490717" lat="-37.8059003" lon="144.9647412">
    <tag k="addr:housenumber" v="36-40" />
    <tag k="addr:postcode" v="3053" />
    <tag k="addr:state" v="VIC" />
    <tag k="addr:street" v="Cardigan Street" />
    <tag k="addr:suburb" v="Carlton" />
    <tag k="air_conditioning" v="yes" />
    <tag k="amenity" v="events_venue" />
    <tag k="check_date" v="2026-05-18" />
    <tag k="name" v="Living Places Exchange" />
    <tag k="operator" v="RMIT University" />
    <tag k="wheelchair" v="limited" />
  </node>
  <node id="13890136873" lat="-37.8071291" lon="144.9659642">
    <tag k="amenity" v="waste_basket" />
  </node>
  <node id="13930384865" lat="-37.7965990" lon="144.9163162" />
  <node id="13983855531" lat="-37.7958386" lon="144.9176589" />
  <node id="14138681623" lat="-37.7997603" lon="144.9725852" />
  <node id="14138681624" lat="-37.7997526" lon="144.9724982" />
  <way id="45792759">
    <nd ref="583073636" />
    <nd ref="7663134297" />
    <nd ref="583073639" />
    <nd ref="583073642" />
    <nd ref="13930384865" />
    <nd ref="583073647" />
    <nd ref="583073656" />
    <nd ref="7944308968" />
    <nd ref="7944308967" />
    <nd ref="4728819528" />
    <nd ref="7944308966" />
    <nd ref="12655841839" />
    <nd ref="583073662" />
    <nd ref="583073636" />
    <tag k="landuse" v="industrial" />
    <tag k="source" v="nearmap" />
  </way>
  <way id="46056072">
    <nd ref="587470707" />
    <nd ref="8865148685" />
    <nd ref="8865148684" />
    <nd ref="8865148683" />
    <nd ref="587470709" />
    <nd ref="8865148682" />
    <nd ref="8865148681" />
    <nd ref="8865148680" />
    <nd ref="587470711" />
    <nd ref="587470714" />
    <nd ref="8865148686" />
    <nd ref="587470724" />
    <nd ref="6765519541" />
    <nd ref="587470727" />
    <nd ref="6765519540" />
    <nd ref="6765519539" />
    <nd ref="6765519538" />
    <nd ref="6765519537" />
    <nd ref="6765519536" />
    <nd ref="587470729" />
    <nd ref="587470732" />
    <nd ref="5864830652" />
    <nd ref="6765519535" />
    <nd ref="587470734" />
    <nd ref="6765519534" />
    <nd ref="587470738" />
    <nd ref="6765519542" />
    <nd ref="587470741" />
    <nd ref="587470745" />
    <nd ref="8865148687" />
    <nd ref="587470747" />
    <nd ref="6765519543" />
    <nd ref="587470707" />
    <tag k="landuse" v="grass" />
  </way>
  <way id="94357023">
    <nd ref="1096306744" />
    <nd ref="1096306745" />
    <nd ref="1096306746" />
    <nd ref="1096306747" />
    <nd ref="9880275455" />
    <nd ref="1096306744" />
    <tag k="addr:housenumber" v="69" />
    <tag k="addr:street" v="Speakmen Street" />
    <tag k="fee" v="yes" />
    <tag k="landuse" v="recreation_ground" />
    <tag k="lit" v="yes" />
    <tag k="sport" v="tennis" />
    <tag k="website" v="https://kensington.ymca.org.au/sports/tennis-court-hire" />
  </way>
  <way id="300744883">
    <nd ref="13722594160" />
    <nd ref="13722594162" />
    <nd ref="3048471867" />
    <nd ref="3048471856" />
    <nd ref="3048471866" />
    <nd ref="3048471852" />
    <nd ref="3048471859" />
    <nd ref="9118902963" />
    <nd ref="9118902962" />
    <nd ref="9424305959" />
    <nd ref="9118902960" />
    <nd ref="3048471868" />
    <nd ref="1106095098" />
    <nd ref="378624853" />
    <nd ref="3048471850" />
    <nd ref="3048471869" />
    <nd ref="3048471865" />
    <nd ref="3048471855" />
    <nd ref="3048471860" />
    <nd ref="9426963342" />
    <nd ref="9426963344" />
    <nd ref="3048471857" />
    <nd ref="4728842522" />
    <nd ref="4728842521" />
    <nd ref="3048471849" />
    <nd ref="3048471864" />
    <nd ref="13983855531" />
    <nd ref="3048471853" />
    <nd ref="3048471854" />
    <nd ref="3048471858" />
    <nd ref="3048471861" />
    <nd ref="13722594159" />
    <nd ref="3048471862" />
    <nd ref="13722594160" />
    <tag k="landuse" v="residential" />
  </way>
  <way id="489278206">
    <nd ref="4815356257" />
    <nd ref="4815356255" />
    <nd ref="4815356261" />
    <nd ref="4815356258" />
    <nd ref="4815356257" />
    <tag k="landuse" v="construction" />
  </way>
  <way id="620776766">
    <nd ref="5864830674" />
    <nd ref="5864830675" />
    <nd ref="6765519528" />
    <nd ref="6765519529" />
    <nd ref="6765519530" />
    <nd ref="5864830676" />
    <nd ref="5864830677" />
    <nd ref="6765519533" />
    <nd ref="6765519532" />
    <nd ref="6765519531" />
    <nd ref="5864830674" />
    <tag k="landuse" v="grass" />
  </way>
  <way id="710777491">
    <nd ref="6682437207" />
    <nd ref="6682437208" />
    <nd ref="6682437209" />
    <nd ref="6682437210" />
    <nd ref="6682437207" />
    <tag k="landuse" v="grass" />
  </way>
  <way id="710777492">
    <nd ref="6682437211" />
    <nd ref="6682437212" />
    <nd ref="6682437213" />
    <nd ref="6682437214" />
    <nd ref="6682437211" />
    <tag k="landuse" v="grass" />
  </way>
  <way id="710777494">
    <nd ref="6682437217" />
    <nd ref="6682437218" />
    <nd ref="6682437219" />
    <nd ref="6682437220" />
    <nd ref="6682437217" />
    <tag k="landuse" v="grass" />
  </way>
  <way id="711881988">
    <nd ref="6693554722" />
    <nd ref="6693554723" />
    <nd ref="14138681623" />
    <nd ref="6693554724" />
    <nd ref="6693554725" />
    <nd ref="14138681624" />
    <nd ref="6693554722" />
    <tag k="landuse" v="grass" />
  </way>
  <way id="711881989">
    <nd ref="6693554726" />
    <nd ref="6693554727" />
    <nd ref="6693554728" />
    <nd ref="6693554729" />
    <nd ref="6693554726" />
    <tag k="landuse" v="grass" />
  </way>
  <way id="770492379">
    <nd ref="7191994231" />
    <nd ref="7191994232" />
    <nd ref="12614251974" />
    <nd ref="7191994233" />
    <nd ref="7191994234" />
    <nd ref="12614251977" />
    <nd ref="7191994231" />
    <tag k="landuse" v="grass" />
  </way>
  <way id="783775072">
    <nd ref="7320816603" />
    <nd ref="7320816604" />
    <nd ref="7320816605" />
    <nd ref="7320816606" />
    <nd ref="7320816607" />
    <nd ref="7320816603" />
    <tag k="landuse" v="grass" />
  </way>
  <way id="1016736854">
    <nd ref="9377831345" />
    <nd ref="12612225499" />
    <nd ref="12612225500" />
    <nd ref="12612244401" />
    <nd ref="9377831344" />
    <nd ref="12612244403" />
    <nd ref="12612244402" />
    <nd ref="9377831343" />
    <nd ref="9377831342" />
    <nd ref="9377831341" />
    <nd ref="9377831345" />
    <tag k="landuse" v="grass" />
  </way>
  <way id="1016736858">
    <nd ref="9377831371" />
    <nd ref="9377831370" />
    <nd ref="9377831369" />
    <nd ref="9377831368" />
    <nd ref="9377831371" />
    <tag k="landuse" v="grass" />
  </way>
  <way id="1024430775">
    <nd ref="9446429313" />
    <nd ref="9446429312" />
    <nd ref="9446429311" />
    <nd ref="9446429310" />
    <nd ref="9446429309" />
    <nd ref="9446429308" />
    <nd ref="9446429307" />
    <nd ref="9446429306" />
    <nd ref="9446429305" />
    <nd ref="9446429304" />
    <nd ref="11223689135" />
    <nd ref="9446429313" />
    <tag k="landuse" v="grass" />
  </way>
  <way id="1060046501">
    <nd ref="9739329479" />
    <nd ref="9739329480" />
    <nd ref="9739329481" />
    <nd ref="9739329482" />
    <nd ref="9739329483" />
    <nd ref="9739329484" />
    <nd ref="9739329479" />
    <tag k="landuse" v="residential" />
  </way>
  <way id="1060046502">
    <nd ref="9739329485" />
    <nd ref="9739329486" />
    <nd ref="9739329487" />
    <nd ref="9739329488" />
    <nd ref="9739329489" />
    <nd ref="9739329485" />
    <tag k="landuse" v="residential" />
  </way>
  <way id="1060046503">
    <nd ref="9739329490" />
    <nd ref="9739329491" />
    <nd ref="9739329492" />
    <nd ref="9739329493" />
    <nd ref="9739329490" />
    <tag k="landuse" v="residential" />
  </way>
  <way id="1060046504">
    <nd ref="9739329494" />
    <nd ref="9739329495" />
    <nd ref="9739329496" />
    <nd ref="9739329497" />
    <nd ref="9739329494" />
    <tag k="landuse" v="residential" />
  </way>
  <way id="1060046505">
    <nd ref="9739329498" />
    <nd ref="9739329499" />
    <nd ref="9333484485" />
    <nd ref="9333484483" />
    <nd ref="9739329501" />
    <nd ref="9739329502" />
    <nd ref="9739329498" />
    <tag k="landuse" v="residential" />
  </way>
  <way id="1089402658">
    <nd ref="9979327460" />
    <nd ref="9979327461" />
    <nd ref="9979327462" />
    <nd ref="9979327463" />
    <nd ref="9979327464" />
    <nd ref="13722690235" />
    <nd ref="13722690236" />
    <nd ref="13722690237" />
    <nd ref="9979327465" />
    <nd ref="13722690232" />
    <nd ref="13722690231" />
    <nd ref="13722690230" />
    <nd ref="9979327466" />
    <nd ref="9979327467" />
    <nd ref="13722690229" />
    <nd ref="9979327468" />
    <nd ref="13722690228" />
    <nd ref="9979327469" />
    <nd ref="9979327470" />
    <nd ref="13722690233" />
    <nd ref="13722690234" />
    <nd ref="9979327460" />
    <tag k="landuse" v="grass" />
  </way>

</osm>