<?xml version='1.0' encoding='utf-8'?>
<osm version="0.6" generator="Overpass API 0.7.62.11 87bfad18">
<note>The data included in this document is from www.openstreetmap.org. The data is made available under ODbL.</note>
<meta osm_base="2026-09-03T09:21:54Z" />

  <node id="1274021923" lat="24.9895760" lon="121.5098109">
    <tag k="railway" v="buffer_stop" />
  </node>
  <node id="1274021940" lat="24.9899645" lon="121.5089822">
    <tag k="addr:city" v="新北市" />
    <tag k="addr:country" v="TW" />
    <tag k="addr:district" v="中和區" />
    <tag k="addr:full" v="新北市中和區捷運路6號" />
    <tag k="addr:housenumber" v="6" />
    <tag k="addr:postcode" v="235" />
    <tag k="addr:street" v="捷運路" />
    <tag k="name" v="南勢角" />
    <tag k="name:en" v="Nanshijiao" />
    <tag k="name:nan" v="Lâm-sì-kak" />
    <tag k="name:nan-Latn-pehoeji" v="Lâm-sì-kak" />
    <tag k="name:nan-Latn-tailo" v="Lâm-sì-kak" />
    <tag k="name:zh" v="南勢角" />
    <tag k="name:zh-Latn-pinyin" v="Nán​shì​jiǎo" />
    <tag k="network" v="臺北捷運" />
    <tag k="operator" v="臺北大眾捷運股份有限公司" />
    <tag k="public_transport" v="stop_position" />
    <tag k="railway" v="stop" />
    <tag k="ref" v="O01" />
    <tag k="subway" v="yes" />
    <tag k="wheelchair" v="yes" />
    <tag k="wikidata" v="Q698630" />
    <tag k="wikipedia" v="zh:南勢角站" />
  </node>
  <node id="1892027833" lat="24.9892980" lon="121.5077563" />
  <node id="1892027842" lat="24.9895945" lon="121.5085653" />
  <node id="1892027844" lat="24.9881842" lon="121.5082568" />
  <node id="1892027850" lat="24.9880781" lon="121.5092027" />
  <node id="1892027892" lat="24.9881649" lon="121.5080487" />
  <node id="1892027915" lat="24.9872738" lon="121.5085161" />
  <node id="2080775774" lat="24.9894308" lon="121.5097410">
    <tag k="railway" v="buffer_stop" />
  </node>
  <node id="2080775775" lat="24.9898375" lon="121.5089116">
    <tag k="addr:city" v="新北市" />
    <tag k="addr:country" v="TW" />
    <tag k="addr:district" v="中和區" />
    <tag k="addr:full" v="新北市中和區捷運路6號" />
    <tag k="addr:housenumber" v="6" />
    <tag k="addr:postcode" v="235" />
    <tag k="addr:street" v="捷運路" />
    <tag k="name" v="南勢角" />
    <tag k="name:en" v="Nanshijiao" />
    <tag k="name:nan" v="Lâm-sì-kak" />
    <tag k="name:nan-Latn-pehoeji" v="Lâm-sì-kak" />
    <tag k="name:nan-Latn-tailo" v="Lâm-sì-kak" />
    <tag k="name:zh" v="南勢角" />
    <tag k="name:zh-Latn-pinyin" v="Nán​shì​jiǎo" />
    <tag k="network" v="臺北捷運" />
    <tag k="operator" v="臺北大眾捷運股份有限公司" />
    <tag k="public_transport" v="stop_position" />
    <tag k="railway" v="stop" />
    <tag k="ref" v="O01" />
    <tag k="subway" v="yes" />
    <tag k="wheelchair" v="yes" />
    <tag k="wikidata" v="Q698630" />
    <tag k="wikipedia" v="zh:南勢角站" />
  </node>
  <node id="2178429567" lat="24.9958707" lon="121.4268638" />
  <node id="2178429578" lat="24.9953388" lon="121.4275546" />
  <node id="2178429585" lat="24.9942176" lon="121.4267458" />
  <node id="2178429587" lat="24.9939979" lon="121.4258895" />
  <node id="2178429591" lat="24.9958208" lon="121.4275906" />
  <node id="2178429594" lat="24.9956714" lon="121.4278348" />
  <node id="2178429604" lat="24.9951259" lon="121.4264666" />
  <node id="2178429612" lat="24.9937606" lon="121.4264814" />
  <node id="2178437902" lat="24.9952079" lon="121.4230160" />
  <node id="2178437903" lat="24.9954335" lon="121.4220090" />
  <node id="2178437904" lat="24.9941047" lon="121.4257808" />
  <node id="2178437905" lat="25.0004691" lon="121.4257907" />
  <node id="2178437906" lat="24.9941784" lon="121.4255952" />
  <node id="2178437907" lat="24.9947067" lon="121.4247487" />
  <node id="2178437908" lat="25.0007717" lon="121.4253590" />
  <node id="2178437909" lat="24.9965028" lon="121.4269711" />
  <node id="2178437910" lat="24.9943171" lon="121.4251435" />
  <node id="2178437911" lat="24.9942864" lon="121.4253219" />
  <node id="2178437912" lat="24.9942073" lon="121.4254863" />
  <node id="2178437913" lat="24.9944866" lon="121.4247491" />
  <node id="2178437914" lat="24.9956033" lon="121.4216067" />
  <node id="2178437916" lat="24.9978194" lon="121.4226364" />
  <node id="2178437917" lat="24.9987879" lon="121.4281727" />
  <node id="2178437918" lat="24.9996231" lon="121.4242833" />
  <node id="2178437919" lat="24.9960108" lon="121.4209680" />
  <node id="2421985404" lat="24.9866801" lon="121.5116074" />
  <node id="2421985405" lat="24.9868306" lon="121.5121063" />
  <node id="2421985406" lat="24.9891353" lon="121.5127849" />
  <node id="2421985407" lat="24.9894628" lon="121.5103089" />
  <node id="2421985408" lat="24.9893854" lon="121.5100788" />
  <node id="2421985410" lat="24.9897898" lon="121.5103401" />
  <node id="2421985411" lat="24.9901321" lon="121.5107678" />
  <node id="2421985412" lat="24.9906803" lon="121.5074595" />
  <node id="2421985413" lat="24.9910733" lon="121.5076850" />
  <node id="2440432261" lat="24.9954026" lon="121.4264055" />
  <node id="2440432263" lat="24.9954318" lon="121.4264753" />
  <node id="2440432266" lat="24.9953761" lon="121.4264419">
    <tag k="railway" v="buffer_stop" />
  </node>
  <node id="2457582444" lat="24.9958701" lon="121.4290339">
    <tag k="addr:city" v="新北市" />
    <tag k="addr:country" v="TW" />
    <tag k="addr:district" v="樹林區" />
    <tag k="addr:full" v="23847新北市樹林區樹新路40-7號" />
    <tag k="addr:housenumber" v="40-7" />
    <tag k="addr:postcode" v="23846" />
    <tag k="addr:street" v="樹新路" />
    <tag k="amenity" v="clinic" />
    <tag k="building" v="public" />
    <tag k="fax" v="+886-2-26867881" />
    <tag k="government" v="healthcare" />
    <tag k="healthcare" v="clinic" />
    <tag k="healthcare:speciality" v="general" />
    <tag k="name" v="樹林區衛生所" />
    <tag k="name:en" v="Shulin Public Health Center" />
    <tag k="name:zh" v="樹林區衛生所" />
    <tag k="opening_hours" v="Mo-Fr 08:00-18:00" />
    <tag k="operator" v="新北市政府衛生局" />
    <tag k="operator:type" v="public" />
    <tag k="phone" v="+886-2-26812134" />
    <tag k="website" v="https://shulin.health.ntpc.gov.tw/" />
  </node>
  <node id="2463477699" lat="24.9982306" lon="121.4288072" />
  <node id="2463477700" lat="24.9975208" lon="121.4281950" />
  <node id="2463477701" lat="24.9971909" lon="121.4287355" />
  <node id="2463477703" lat="24.9965761" lon="121.4285315" />
  <node id="2463477704" lat="24.9962696" lon="121.4290478" />
  <node id="2463477705" lat="24.9973311" lon="121.4300493" />
  <node id="2463477706" lat="24.9976708" lon="121.4296235" />
  <node id="2463650228" lat="24.9966525" lon="121.4293086" />
  <node id="2541115898" lat="24.9950534" lon="121.4280387" />
  <node id="2569309350" lat="24.9951125" lon="121.4276993">
    <tag k="bench" v="no" />
    <tag k="bus" v="yes" />
    <tag k="covered" v="no" />
    <tag k="highway" v="bus_stop" />
    <tag k="name" v="臺北客運樹林站" />
    <tag k="public_transport" v="platform" />
    <tag k="shelter" v="no" />
  </node>
  <node id="2572648499" lat="24.9734520" lon="121.3972207">
    <tag k="bus" v="yes" />
    <tag k="highway" v="bus_stop" />
    <tag k="name" v="中洲街口" />
    <tag k="name:en" v="Zhongzhou St. Entrance" />
    <tag k="name:nan" v="Tiong-chiu Koe-á-kháu" />
    <tag k="name:nan-Hant" v="中洲街仔口" />
    <tag k="name:nan-Latn-pehoeji" v="Tiong-chiu Koe-á-kháu" />
    <tag k="name:nan-Latn-tailo" v="Tiong-tsiu-kue-á-kháu" />
    <tag k="name:zh" v="中洲街口" />
    <tag k="name:zh-Hans" v="中洲街口" />
    <tag k="name:zh-Hant" v="中洲街口" />
    <tag k="public_transport" v="platform" />
    <tag k="ref" v="73185" />
  </node>
  <node id="2679012642" lat="24.9890013" lon="121.5099496">
    <tag k="bus" v="yes" />
    <tag k="highway" v="bus_stop" />
    <tag k="name" v="捷運南勢角站" />
    <tag k="public_transport" v="platform" />
  </node>
  <node id="2726466534" lat="24.9939765" lon="121.4266033" />
  <node id="2726466536" lat="24.9930544" lon="121.4280061" />
  <node id="2726466537" lat="24.9935390" lon="121.4286227" />
  <node id="2726466538" lat="24.9939381" lon="121.4289211" />
  <node id="2726466539" lat="24.9943179" lon="121.4290817" />
  <node id="2726466540" lat="24.9943940" lon="121.4290630" />
  <node id="2726466542" lat="24.9947570" lon="121.4284751" />
  <node id="2726466543" lat="24.9946545" lon="121.4278627" />
  <node id="2726466544" lat="24.9939994" lon="121.4272994" />
  <node id="2731450078" lat="24.9886005" lon="121.5114196" />
  <node id="2731450081" lat="24.9892885" lon="121.5127098" />
  <node id="2736679096" lat="24.9894732" lon="121.5104203">
    <tag k="addr:city" v="新北市" />
    <tag k="addr:country" v="TW" />
    <tag k="addr:district" v="中和區" />
    <tag k="addr:floor" v="2" />
    <tag k="addr:full" v="235新北市中和區興南路一段63-6號二樓" />
    <tag k="addr:housenumber" v="63-6" />
    <tag k="addr:postcode" v="235" />
    <tag k="addr:street" v="興南路一段" />
    <tag k="alcohol" v="yes" />
    <tag k="amenity" v="restaurant" />
    <tag k="contact:phone" v="+886 2 2943 9056" />
    <tag k="cuisine" v="japanese" />
    <tag k="diet:healthy" v="yes" />
    <tag k="diet:meat" v="yes" />
    <tag k="name" v="爭鮮南勢角店" />
    <tag k="opening_hours" v="Mo-Su 12:00-21:30" />
    <tag k="operator" v="Family Mart" />
    <tag k="payment:ep_easycard" v="yes" />
    <tag k="payment:ep_ipass" v="yes" />
  </node>
  <node id="2974008681" lat="24.9891606" lon="121.5101380">
    <tag k="addr:city" v="新北市" />
    <tag k="addr:country" v="TW" />
    <tag k="addr:district" v="中和區" />
    <tag k="addr:full" v="235新北市中和區興南路1段75號" />
    <tag k="addr:housenumber" v="75" />
    <tag k="addr:postcode" v="235" />
    <tag k="addr:street" v="興南路1段" />
    <tag k="branch" v="南勢角店" />
    <tag k="brand" v="一之軒" />
    <tag k="brand:en" v="Ijysheng" />
    <tag k="brand:wikidata" v="Q57269686" />
    <tag k="brand:zh" v="一之軒" />
    <tag k="name" v="一之軒" />
    <tag k="name:en" v="Ijysheng" />
    <tag k="name:zh" v="一之軒" />
    <tag k="phone" v="+886 2 29481288" />
    <tag k="shop" v="bakery" />
    <tag k="wheelchair" v="yes" />
  </node>
  <node id="2974008682" lat="24.9890348" lon="121.5100400">
    <tag k="addr:city" v="新北市" />
    <tag k="addr:country" v="TW" />
    <tag k="addr:district" v="中和區" />
    <tag k="addr:full" v="235新北市中和區興南路1段81號" />
    <tag k="addr:housenumber" v="81" />
    <tag k="addr:postcode" v="235" />
    <tag k="addr:street" v="興南路1段" />
    <tag k="alt_name" v="統一超商" />
    <tag k="branch" v="捷興門市" />
    <tag k="brand" v="7-Eleven" />
    <tag k="brand:en" v="7-Eleven" />
    <tag k="brand:wikidata" v="Q259340" />
    <tag k="brand:wikipedia" v="en:7-Eleven" />
    <tag k="name" v="7-Eleven" />
    <tag k="opening_hours" v="24/7" />
    <tag k="shop" v="convenience" />
    <tag k="wheelchair" v="yes" />
  </node>
  <node id="2974008721" lat="24.9890895" lon="121.5100902">
    <tag k="addr:city" v="新北市" />
    <tag k="addr:country" v="TW" />
    <tag k="addr:district" v="中和區" />
    <tag k="addr:full" v="235新北市中和區興南路1段79號" />
    <tag k="addr:housenumber" v="79" />
    <tag k="addr:postcode" v="235" />
    <tag k="addr:street" v="興南路1段" />
    <tag k="amenity" v="fast_food" />
    <tag k="branch" v="中和興南餐廳" />
    <tag k="brand" v="肯德基" />
    <tag k="brand:en" v="KFC" />
    <tag k="brand:wikidata" v="Q524757" />
    <tag k="brand:wikipedia" v="zh:肯德基" />
    <tag k="brand:zh" v="肯德基" />
    <tag k="cuisine" v="chicken" />
    <tag k="delivery" v="yes" />
    <tag k="drive_through" v="no" />
    <tag k="name" v="肯德基" />
    <tag k="name:en" v="KFC" />
    <tag k="name:zh" v="肯德基" />
    <tag k="payment:cash" v="yes" />
    <tag k="payment:credit_cards" v="yes" />
    <tag k="payment:ep_easycard" v="yes" />
    <tag k="payment:jkopay" v="yes" />
    <tag k="takeaway" v="yes" />
    <tag k="wheelchair" v="yes" />
  </node>
  <node id="2974008722" lat="24.9889191" lon="121.5099527">
    <tag k="addr:city" v="新北市" />
    <tag k="addr:country" v="TW" />
    <tag k="addr:district" v="中和區" />
    <tag k="addr:full" v="235新北市中和區興南路1段83號" />
    <tag k="addr:housenumber" v="83" />
    <tag k="addr:postcode" v="235" />
    <tag k="addr:street" v="興南路1段" />
    <tag k="amenity" v="fast_food" />
    <tag k="branch" v="中和興南餐廳" />
    <tag k="brand" v="麥當勞" />
    <tag k="brand:en" v="McDonald's" />
    <tag k="brand:wikidata" v="Q38076" />
    <tag k="brand:wikipedia" v="zh:麥當勞" />
    <tag k="brand:zh" v="麥當勞" />
    <tag k="brand:zh-Hant" v="麥當勞" />
    <tag k="cuisine" v="burger" />
    <tag k="name" v="麥當勞" />
    <tag k="name:en" v="McDonald's" />
    <tag k="name:zh" v="麥當勞" />
    <tag k="name:zh-Hant" v="麥當勞" />
    <tag k="opening_hours" v="24/7" />
    <tag k="takeaway" v="yes" />
    <tag k="wheelchair" v="yes" />
  </node>
  <node id="3010329369" lat="24.9738863" lon="121.3950083" />
  <node id="3010329370" lat="24.9737360" lon="121.3949966" />
  <node id="3010329371" lat="24.9737127" lon="121.3953072" />
  <node id="3010329372" lat="24.9736683" lon="121.3954403" />
  <node id="3010329373" lat="24.9736683" lon="121.3955874" />
  <node id="3010329374" lat="24.9738524" lon="121.3955220" />
  <node id="3010329377" lat="24.9738355" lon="121.3958326" />
  <node id="3010329378" lat="24.9741107" lon="121.3956318" />
  <node id="3010329379" lat="24.9739900" lon="121.3959190" />
  <node id="3010329380" lat="24.9739371" lon="121.3961385" />
  <node id="3010329381" lat="24.9742356" lon="121.3962599" />
  <node id="3010329382" lat="24.9744049" lon="121.3957322" />
  <node id="3010329383" lat="24.9737424" lon="121.3961123">
    <tag k="amenity" v="place_of_worship" />
  </node>
  <node id="3065314221" lat="24.9888477" lon="121.5106138" />
  <node id="3115999372" lat="24.9896174" lon="121.5102526">
    <tag k="bench" v="yes" />
    <tag k="bin" v="no" />
    <tag k="bus" v="yes" />
    <tag k="highway" v="bus_stop" />
    <tag k="lit" v="yes" />
    <tag k="name" v="捷運南勢角站" />
    <tag k="name:en" v="MRT Nanshijiao Station" />
    <tag k="name:zh" v="捷運南勢角站" />
    <tag k="public_transport" v="platform" />
    <tag k="shelter" v="no" />
  </node>
  <node id="3156766275" lat="24.9948135" lon="121.4278858" />
  <node id="3156766276" lat="24.9950238" lon="121.4275312" />
  <node id="3156766278" lat="24.9952490" lon="121.4277097" />
  <node id="3162391180" lat="24.9897509" lon="121.5100992">
    <tag k="amenity" v="cafe" />
    <tag k="brand" v="星巴克" />
    <tag k="brand:en" v="Starbucks" />
    <tag k="brand:wikidata" v="Q37158" />
    <tag k="brand:wikipedia" v="en:Starbucks" />
    <tag k="brand:zh" v="星巴克" />
    <tag k="cuisine" v="coffee_shop" />
    <tag k="name" v="星巴克" />
    <tag k="name:en" v="Starbucks" />
    <tag k="name:ja" v="スターバックス" />
    <tag k="name:zh" v="星巴克" />
    <tag k="official_name" v="Starbucks Coffee" />
    <tag k="operator" v="悠旅生活事業股份有限公司" />
    <tag k="takeaway" v="yes" />
  </node>
  <node id="3313882501" lat="24.9733864" lon="121.3966394">
    <tag k="bus" v="yes" />
    <tag k="highway" v="bus_stop" />
    <tag k="name" v="中洲街口" />
    <tag k="name:en" v="Zhongzhou St. Entrance" />
    <tag k="name:nan" v="Tiong-chiu Koe-á-kháu" />
    <tag k="name:nan-Hant" v="中洲街仔口" />
    <tag k="name:nan-Latn-pehoeji" v="Tiong-chiu Koe-á-kháu" />
    <tag k="name:nan-Latn-tailo" v="Tiong-tsiu Kue-á-kháu" />
    <tag k="name:zh" v="中洲街口" />
    <tag k="name:zh-Hans" v="中洲街口" />
    <tag k="name:zh-Hant" v="中洲街口" />
    <tag k="public_transport" v="platform" />
    <tag k="ref" v="3321" />
  </node>
  <node id="3743029411" lat="24.9956212" lon="121.4280100">
    <tag k="bus" v="yes" />
    <tag k="highway" v="bus_stop" />
    <tag k="name" v="樹林藝文綜合行政大樓" />
    <tag k="name:en" v="Shulin Art &amp; Cultural Administration Building" />
    <tag k="name:zh" v="樹林藝文綜合行政大樓" />
    <tag k="old_name" v="樹林站" />
    <tag k="platform" v="yes" />
    <tag k="public_transport" v="platform" />
  </node>
  <node id="3743029412" lat="24.9951562" lon="121.4274094">
    <tag k="bus" v="yes" />
    <tag k="highway" v="bus_stop" />
    <tag k="name" v="樹林藝文綜合行政大樓" />
    <tag k="name:en" v="Shulin Art &amp; Cultural Administration Building" />
    <tag k="name:zh" v="樹林藝文綜合行政大樓" />
    <tag k="network" v="新北市公車" />
    <tag k="network:en" v="New Taipei City Bus" />
    <tag k="network:nan" v="Sin-pak-chhī Kong-chhia" />
    <tag k="network:nan-Hant" v="新北市公車" />
    <tag k="network:nan-Latn-pehoeji" v="Sin-pak-chhī Kong-chhia" />
    <tag k="network:nan-Latn-tailo" v="Sin-pak-tshī Kong-tshia" />
    <tag k="network:wikidata" v="Q21652250" />
    <tag k="network:zh" v="新北市公車" />
    <tag k="old_name" v="樹林站" />
    <tag k="platform" v="yes" />
    <tag k="public_transport" v="platform" />
    <tag k="shelter" v="yes" />
  </node>
  <node id="3764954169" lat="24.9896782" lon="121.5096841">
    <tag k="amenity" v="drinking_water" />
    <tag k="cold_water" v="yes" />
    <tag k="description" v="捷運南勢角站生飲台" />
  </node>
  <node id="3812564395" lat="24.9900264" lon="121.5088518">
    <tag k="addr:city" v="新北市" />
    <tag k="addr:country" v="TW" />
    <tag k="addr:district" v="中和區" />
    <tag k="addr:full" v="新北市中和區捷運路6號" />
    <tag k="addr:housenumber" v="6" />
    <tag k="addr:postcode" v="235" />
    <tag k="addr:street" v="捷運路" />
    <tag k="air_conditioning" v="yes" />
    <tag k="name" v="南勢角" />
    <tag k="name:en" v="Nanshijiao" />
    <tag k="name:hak" v="namˇ sii gogˋ" />
    <tag k="name:nan" v="Lâm-sì-kak" />
    <tag k="name:nan-Hant" v="南勢角" />
    <tag k="name:nan-Latn-pehoeji" v="Lâm-sì-kak" />
    <tag k="name:nan-Latn-tailo" v="Lâm-sì-kak" />
    <tag k="name:zh" v="南勢角" />
    <tag k="name:zh-Hans" v="南势角" />
    <tag k="name:zh-Hant" v="南勢角" />
    <tag k="name:zh-Latn-pinyin" v="nán shì jiǎo" />
    <tag k="network" v="臺北捷運" />
    <tag k="operator" v="臺北大眾捷運股份有限公司" />
    <tag k="public_transport" v="station" />
    <tag k="railway" v="station" />
    <tag k="ref" v="O01" />
    <tag k="station" v="subway" />
    <tag k="subway" v="yes" />
    <tag k="wheelchair" v="yes" />
    <tag k="wikidata" v="Q698630" />
    <tag k="wikipedia" v="zh:南勢角站" />
  </node>
  <node id="3844069894" lat="24.9960812" lon="121.4283259" />
  <node id="3844069895" lat="24.9954981" lon="121.4278509" />
  <node id="3844069896" lat="24.9946443" lon="121.4289283" />
  <node id="3844069897" lat="24.9948237" lon="121.4289414" />
  <node id="3844069898" lat="24.9952547" lon="121.4289479" />
  <node id="3844069899" lat="24.9954218" lon="121.4290350" />
  <node id="3844069900" lat="24.9955764" lon="121.4291499" />
  <node id="4236823722" lat="24.9886260" lon="121.5097200">
    <tag k="addr:city" v="新北市" />
    <tag k="addr:country" v="TW" />
    <tag k="addr:district" v="中和區" />
    <tag k="addr:full" v="235新北市中和區興南路一段91之2號" />
    <tag k="addr:housenumber" v="91之2" />
    <tag k="addr:postcode" v="235" />
    <tag k="addr:street" v="興南路一段" />
    <tag k="name" v="富源烘培坊" />
    <tag k="shop" v="bakery" />
    <tag k="wheelchair" v="yes" />
  </node>
  <node id="4236823728" lat="24.9884860" lon="121.5096460">
    <tag k="name" v="幸福花坊" />
    <tag k="shop" v="florist" />
  </node>
  <node id="4236824111" lat="24.9896496" lon="121.5098335">
    <tag k="name" v="捷運南勢角站4號出口" />
    <tag k="name:en" v="MRT Nanshijiao Station Exit 4" />
    <tag k="name:zh" v="捷運南勢角站4號出口" />
    <tag k="railway" v="subway_entrance" />
    <tag k="ref" v="4" />
  </node>
  <node id="4242503844" lat="24.9888127" lon="121.5098553">
    <tag k="amenity" v="restaurant" />
    <tag k="name" v="蘭迪意大利麵" />
    <tag k="wheelchair" v="limited" />
  </node>
  <node id="4242503845" lat="24.9887724" lon="121.5098200">
    <tag k="amenity" v="clinic" />
    <tag k="healthcare" v="clinic" />
    <tag k="name" v="小兒科" />
    <tag k="wheelchair" v="yes" />
  </node>
  <node id="4401768587" lat="24.9879967" lon="121.5091285">
    <tag k="barrier" v="gate" />
  </node>
  <node id="4733335463" lat="24.9887512" lon="121.5113418" />
  <node id="4733335466" lat="24.9890921" lon="121.5112001" />
  <node id="4741162033" lat="24.9735129" lon="121.3974162" />
  <node id="4741162034" lat="24.9740541" lon="121.3986623" />
  <node id="4741162035" lat="24.9739277" lon="121.3987233" />
  <node id="4741162036" lat="24.9733194" lon="121.3973987" />
  <node id="4741162044" lat="24.9731018" lon="121.3973973" />
  <node id="4741162045" lat="24.9734325" lon="121.3980303" />
  <node id="4741162046" lat="24.9737534" lon="121.3987759" />
  <node id="4741162047" lat="24.9738361" lon="121.3990388" />
  <node id="4741162048" lat="24.9737632" lon="121.4000634" />
  <node id="4741162049" lat="24.9729122" lon="121.3999990" />
  <node id="4741162050" lat="24.9726593" lon="121.3995055" />
  <node id="4741162051" lat="24.9722216" lon="121.3984487" />
  <node id="4741162052" lat="24.9725085" lon="121.3983736" />
  <node id="4741162053" lat="24.9725085" lon="121.3983039" />
  <node id="4741162054" lat="24.9720174" lon="121.3981429" />
  <node id="4741162055" lat="24.9718910" lon="121.3976441" />
  <node id="4741162056" lat="24.9716597" lon="121.3975170" />
  <node id="4741162057" lat="24.9716200" lon="121.3976708" />
  <node id="4741162058" lat="24.9713901" lon="121.3975958" />
  <node id="4741162059" lat="24.9710934" lon="121.3973597" />
  <node id="4741162060" lat="24.9709086" lon="121.3969789" />
  <node id="4741162061" lat="24.9709378" lon="121.3968501" />
  <node id="4741162062" lat="24.9722022" lon="121.3973329" />
  <node id="4741162063" lat="24.9728149" lon="121.3973812" />
  <node id="4911082343" lat="24.9893453" lon="121.5100963" />
  <node id="4911082344" lat="24.9897920" lon="121.5103581" />
  <node id="4911082345" lat="24.9911536" lon="121.5075309" />
  <node id="4911082346" lat="24.9907068" lon="121.5072690" />
  <node id="4919369678" lat="24.9904915" lon="121.5080866" />
  <node id="4919369683" lat="24.9905192" lon="121.5081105" />
  <node id="4919369684" lat="24.9904292" lon="121.5080327" />
  <node id="4919369685" lat="24.9903368" lon="121.5084001" />
  <node id="4919369686" lat="24.9901667" lon="121.5085316" />
  <node id="4919369687" lat="24.9900402" lon="121.5087864" />
  <node id="4935487081" lat="24.9949705" lon="121.4279859" />
  <node id="5031863126" lat="24.9888448" lon="121.5079206" />
  <node id="5031863127" lat="24.9894397" lon="121.5080736" />
  <node id="5031863128" lat="24.9877391" lon="121.5083099" />
  <node id="5031863145" lat="24.9890925" lon="121.5078312">
    <tag k="barrier" v="gate" />
  </node>
  <node id="5031863147" lat="24.9890366" lon="121.5078501" />
  <node id="5031863148" lat="24.9890817" lon="121.5079997" />
  <node id="5031863149" lat="24.9887421" lon="121.5081244" />
  <node id="5031863150" lat="24.9886970" lon="121.5079748" />
  <node id="5181714320" lat="24.9719042" lon="121.3966664" />
  <node id="5181714321" lat="24.9716076" lon="121.3970212" />
  <node id="5181714322" lat="24.9720360" lon="121.3971491" />
  <node id="5181714323" lat="24.9720834" lon="121.3969489" />
  <node id="5181714324" lat="24.9722231" lon="121.3969766" />
  <node id="5181714325" lat="24.9722762" lon="121.3967886" />
  <node id="5181714326" lat="24.9717309" lon="121.3970658" />
  <node id="5181714327" lat="24.9729995" lon="121.3971214" />
  <node id="5181714328" lat="24.9730023" lon="121.3972878" />
  <node id="5181714329" lat="24.9724437" lon="121.3972539" />
  <node id="5181714330" lat="24.9724828" lon="121.3970967" />
  <node id="5181714331" lat="24.9723990" lon="121.3970475" />
  <node id="5181714332" lat="24.9723489" lon="121.3968236" />
  <node id="5181714333" lat="24.9729455" lon="121.3970385" />
  <node id="5181714334" lat="24.9724630" lon="121.3971058" />
  <node id="5181714335" lat="24.9724241" lon="121.3972544" />
  <node id="5181714336" lat="24.9722445" lon="121.3972280" />
  <node id="5181714337" lat="24.9720529" lon="121.3971503" />
  <node id="5181714338" lat="24.9720993" lon="121.3969753" />
  <node id="5181714359" lat="24.9727413" lon="121.3954919" />
  <node id="5181714360" lat="24.9725709" lon="121.3951561" />
  <node id="5181714361" lat="24.9719704" lon="121.3954056" />
  <node id="5181714362" lat="24.9720095" lon="121.3955782" />
  <node id="5181714363" lat="24.9721408" lon="121.3957384" />
  <node id="5181714364" lat="24.9722525" lon="121.3956552" />
  <node id="5181714365" lat="24.9725178" lon="121.3959109" />
  <node id="5181714366" lat="24.9725625" lon="121.3957877" />
  <node id="5181714367" lat="24.9725597" lon="121.3956090" />
  <node id="5181714368" lat="24.9725821" lon="121.3959572" />
  <node id="5181714369" lat="24.9726212" lon="121.3962160" />
  <node id="5181714370" lat="24.9719971" lon="121.3960618" />
  <node id="5181714371" lat="24.9719851" lon="121.3959429" />
  <node id="5181714372" lat="24.9720046" lon="121.3957481" />
  <node id="5181714373" lat="24.9720884" lon="121.3957498" />
  <node id="5181714374" lat="24.9721647" lon="121.3958521" />
  <node id="5181714385" lat="24.9731191" lon="121.3964024" />
  <node id="5181714386" lat="24.9729875" lon="121.3965084" />
  <node id="5181714387" lat="24.9726618" lon="121.3962576" />
  <node id="5181714388" lat="24.9726377" lon="121.3958366" />
  <node id="5181714389" lat="24.9726106" lon="121.3956445" />
  <node id="5181714390" lat="24.9727598" lon="121.3955591" />
  <node id="5181714391" lat="24.9728781" lon="121.3963464" />
  <node id="5181714392" lat="24.9728123" lon="121.3962553" />
  <node id="5181714393" lat="24.9731247" lon="121.3964250" />
  <node id="5181714394" lat="24.9734638" lon="121.3972646" />
  <node id="5181714395" lat="24.9733974" lon="121.3973032" />
  <node id="5181714396" lat="24.9733550" lon="121.3972971" />
  <node id="5181714397" lat="24.9731929" lon="121.3969170" />
  <node id="5181714398" lat="24.9730491" lon="121.3968316" />
  <node id="5181714399" lat="24.9728004" lon="121.3967340" />
  <node id="5181714400" lat="24.9726732" lon="121.3962909" />
  <node id="5181714401" lat="24.9728004" lon="121.3962726" />
  <node id="5181714402" lat="24.9729902" lon="121.3965328" />
  <node id="5181714415" lat="24.9728920" lon="121.3949750" />
  <node id="5181714416" lat="24.9728950" lon="121.3950972" />
  <node id="5181714417" lat="24.9727079" lon="121.3951203" />
  <node id="5181714418" lat="24.9724916" lon="121.3943796" />
  <node id="5181714419" lat="24.9728531" lon="121.3942373" />
  <node id="5181714423" lat="24.9729156" lon="121.3952706" />
  <node id="5181714424" lat="24.9729656" lon="121.3956009" />
  <node id="5181714425" lat="24.9729111" lon="121.3956259" />
  <node id="5181714426" lat="24.9727886" lon="121.3953407" />
  <node id="5182847711" lat="24.9721491" lon="121.3947297" />
  <node id="5182847712" lat="24.9719396" lon="121.3953375" />
  <node id="5182847713" lat="24.9718895" lon="121.3951646" />
  <node id="5182847714" lat="24.9719988" lon="121.3950852" />
  <node id="5182847715" lat="24.9719217" lon="121.3947719" />
  <node id="5182847831" lat="24.9725311" lon="121.3950398" />
  <node id="5182847832" lat="24.9723347" lon="121.3951576" />
  <node id="5182847833" lat="24.9722503" lon="121.3949674" />
  <node id="5182847834" lat="24.9724911" lon="121.3948769" />
  <node id="5182847837" lat="24.9725423" lon="121.3950080" />
  <node id="5182847843" lat="24.9725503" lon="121.3947249" />
  <node id="5293684135" lat="24.9954231" lon="121.4275766">
    <tag k="addr:city" v="新北市" />
    <tag k="addr:country" v="TW" />
    <tag k="addr:district" v="樹林區" />
    <tag k="addr:full" v="238新北市樹林區樹新路83號" />
    <tag k="addr:housenumber" v="83" />
    <tag k="addr:postcode" v="238" />
    <tag k="addr:street" v="樹新路" />
    <tag k="amenity" v="fast_food" />
    <tag k="cuisine" v="chicken" />
    <tag k="name" v="胖老爹" />
  </node>
  <node id="5352550779" lat="24.9894477" lon="121.5103126">
    <tag k="addr:city" v="新北市" />
    <tag k="addr:country" v="TW" />
    <tag k="addr:district" v="中和區" />
    <tag k="addr:full" v="235新北市中和區興南路一段67號" />
    <tag k="addr:housenumber" v="67" />
    <tag k="addr:postcode" v="235" />
    <tag k="addr:street" v="興南路一段" />
    <tag k="opening_hours" v="Mo-Th 11:00-23:00; Fr-Su 11:00-23:30" />
    <tag k="phone" v="+886 2 8668 7707" />
    <tag k="shop" v="tea" />
  </node>
  <node id="5569039580" lat="24.9949979" lon="121.4285720">
    <tag k="amenity" v="parking_entrance" />
  </node>
  <node id="5569039581" lat="24.9955186" lon="121.4285072">
    <tag k="addr:city" v="新北市" />
    <tag k="addr:country" v="TW" />
    <tag k="addr:district" v="樹林區" />
    <tag k="addr:floor" v="8;9" />
    <tag k="addr:full" v="238007新北市樹林區樹新路40-6號8;9樓" />
    <tag k="addr:housenumber" v="40-6" />
    <tag k="addr:postcode" v="238007" />
    <tag k="addr:street" v="樹新路" />
    <tag k="air_conditioning" v="yes" />
    <tag k="amenity" v="cinema" />
    <tag k="brand" v="秀泰影城" />
    <tag k="brand:en" v="Showtime Cinemas" />
    <tag k="brand:wikidata" v="Q15906317" />
    <tag k="brand:zh" v="秀泰影城" />
    <tag k="level" v="7" />
    <tag k="name" v="秀泰影城" />
    <tag k="name:en" v="SHOWTIME" />
    <tag k="name:zh" v="秀泰影城" />
    <tag k="opening_hours" v="Mo-Su 09:00-24:00" />
    <tag k="operator" v="秀泰全球影城股份有限公司樹林分公司" />
    <tag k="ref:vatin" v="TW00007470" />
  </node>
  <node id="5672021901" lat="24.9957279" lon="121.4294512" />
  <node id="5672021902" lat="24.9956208" lon="121.4296283" />
  <node id="5672021903" lat="24.9954335" lon="121.4295307" />
  <node id="5672021904" lat="24.9953189" lon="121.4297616" />
  <node id="5672021905" lat="24.9952585" lon="121.4298398" />
  <node id="5672021906" lat="24.9952202" lon="121.4298803" />
  <node id="5672021907" lat="24.9950156" lon="121.4293677" />
  <node id="5672021908" lat="24.9951527" lon="121.4290768" />
  <node id="5672021909" lat="24.9950789" lon="121.4293742" />
  <node id="5672021910" lat="24.9951004" lon="121.4292688" />
  <node id="5672021911" lat="24.9954875" lon="121.4292404" />
  <node id="5672021912" lat="24.9949366" lon="121.4290557" />
  <node id="5672021913" lat="24.9948411" lon="121.4296314" />
  <node id="5672022054" lat="24.9948082" lon="121.4290522" />
  <node id="5672022055" lat="24.9947382" lon="121.4295451" />
  <node id="5672022056" lat="24.9949084" lon="121.4296830" />
  <node id="5687173436" lat="24.9955528" lon="121.4287186">
    <tag k="addr:city" v="新北市" />
    <tag k="addr:country" v="TW" />
    <tag k="addr:district" v="樹林區" />
    <tag k="addr:floor" v="7" />
    <tag k="addr:full" v="23847新北市樹林區樹新路40-6號七樓" />
    <tag k="addr:housenumber" v="40-6" />
    <tag k="addr:postcode" v="23847" />
    <tag k="addr:street" v="樹新路" />
    <tag k="amenity" v="restaurant" />
    <tag k="brand" v="やよい軒" />
    <tag k="brand:en" v="Yayoiken" />
    <tag k="brand:ja" v="やよい軒" />
    <tag k="brand:th" v="ยาโยอิ" />
    <tag k="brand:wikidata" v="Q11280577" />
    <tag k="brand:wikipedia" v="ja:やよい軒" />
    <tag k="cuisine" v="japanese" />
    <tag k="delivery" v="no" />
    <tag k="description" v="L.O. 21:00" />
    <tag k="name" v="やよい軒" />
    <tag k="name:en" v="Yayoiken" />
    <tag k="name:ja" v="やよい軒" />
    <tag k="name:th" v="ยาโยอิ" />
    <tag k="name:zh" v="彌生軒" />
    <tag k="opening_hours" v="Mo-Su 11:00-22:00" />
    <tag k="outdoor_seating" v="no" />
    <tag k="payment:cash" v="yes" />
    <tag k="payment:credit_cards" v="yes" />
    <tag k="smoking" v="no" />
  </node>
  <node id="5687173437" lat="24.9957740" lon="121.4282724">
    <tag k="addr:city" v="新北市" />
    <tag k="addr:country" v="TW" />
    <tag k="addr:district" v="樹林區" />
    <tag k="addr:floor" v="1" />
    <tag k="addr:full" v="238007新北市樹林區樹新路40-6號一樓" />
    <tag k="addr:housenumber" v="40-6" />
    <tag k="addr:postcode" v="238007" />
    <tag k="addr:street" v="樹新路" />
    <tag k="amenity" v="cafe" />
    <tag k="brand" v="星巴克" />
    <tag k="brand:en" v="Starbucks" />
    <tag k="brand:wikidata" v="Q37158" />
    <tag k="brand:wikipedia" v="zh:星巴克" />
    <tag k="brand:zh" v="星巴克" />
    <tag k="cuisine" v="coffee_shop" />
    <tag k="internet_access" v="wlan" />
    <tag k="internet_access:fee" v="no" />
    <tag k="level" v="0" />
    <tag k="name" v="星巴克" />
    <tag k="name:en" v="Starbucks" />
    <tag k="name:zh" v="星巴克" />
    <tag k="operator" v="悠旅生活事業股份有限公司" />
    <tag k="outdoor_seating" v="no" />
    <tag k="takeaway" v="yes" />
  </node>
  <node id="6028693357" lat="24.9944213" lon="121.4281191">
    <tag k="name" v="唐威服飾" />
    <tag k="shop" v="clothes" />
  </node>
  <node id="6028696679" lat="24.9944448" lon="121.4282707">
    <tag k="addr:city" v="新北市" />
    <tag k="addr:country" v="TW" />
    <tag k="addr:district" v="樹林區" />
    <tag k="addr:full" v="238新北市樹林區保安街一段20巷32號" />
    <tag k="addr:housenumber" v="32" />
    <tag k="addr:postcode" v="238" />
    <tag k="addr:street" v="保安街一段20巷" />
    <tag k="brand" v="伊蕾" />
    <tag k="clothes" v="women" />
    <tag k="name" v="伊蕾名店" />
    <tag k="opening_hours" v="Mo-Su 08:30-20:30" />
    <tag k="payment:coins" v="yes" />
    <tag k="payment:credit_cards" v="yes" />
    <tag k="shop" v="clothes" />
  </node>
  <node id="6028696680" lat="24.9945019" lon="121.4283221">
    <tag k="addr:city" v="新北市" />
    <tag k="addr:country" v="TW" />
    <tag k="addr:district" v="樹林區" />
    <tag k="addr:full" v="238新北市樹林區保安街一段20巷32號" />
    <tag k="addr:housenumber" v="32" />
    <tag k="addr:postcode" v="238" />
    <tag k="addr:street" v="保安街一段20巷" />
    <tag k="clothes" v="women" />
    <tag k="name" v="巧玲瓏" />
    <tag k="opening_hours" v="Mo-Su 08:30-20:30" />
    <tag k="payment:coins" v="yes" />
    <tag k="payment:credit_cards" v="yes" />
    <tag k="shop" v="clothes" />
  </node>
  <node id="6028696681" lat="24.9945959" lon="121.4283912">
    <tag k="addr:city" v="新北市" />
    <tag k="addr:country" v="TW" />
    <tag k="addr:district" v="樹林區" />
    <tag k="addr:full" v="238新北市樹林區保安街一段20巷34號" />
    <tag k="addr:housenumber" v="34" />
    <tag k="addr:postcode" v="238" />
    <tag k="addr:street" v="保安街一段20巷" />
    <tag k="amenity" v="restaurant" />
    <tag k="cuisine" v="vietnamese" />
    <tag k="name" v="越南河粉" />
    <tag k="opening_hours" v="Mo-Su 07:00-21:00" />
    <tag k="smoking" v="no" />
    <tag k="takeaway" v="yes" />
  </node>
  <node id="6028696682" lat="24.9946594" lon="121.4284468">
    <tag k="addr:city" v="新北市" />
    <tag k="addr:country" v="TW" />
    <tag k="addr:district" v="樹林區" />
    <tag k="addr:full" v="238新北市樹林區保安街一段20巷36號" />
    <tag k="addr:housenumber" v="36" />
    <tag k="addr:postcode" v="238" />
    <tag k="addr:street" v="保安街一段20巷" />
    <tag k="clothes" v="children" />
    <tag k="name" v="岍汧天地" />
    <tag k="payment:coins" v="yes" />
    <tag k="shop" v="clothes" />
  </node>
  <node id="6028696683" lat="24.9946961" lon="121.4284509">
    <tag k="addr:city" v="新北市" />
    <tag k="addr:country" v="TW" />
    <tag k="addr:district" v="樹林區" />
    <tag k="addr:full" v="238新北市樹林區保安街一段20巷38號" />
    <tag k="addr:housenumber" v="38" />
    <tag k="addr:postcode" v="238" />
    <tag k="addr:street" v="保安街一段20巷" />
    <tag k="clothes" v="underwear" />
    <tag k="name" v="佳佳服飾" />
    <tag k="opening_hours" v="Mo-Su 08:30-20:30" />
    <tag k="payment:coins" v="yes" />
    <tag k="shop" v="clothes" />
  </node>
  <node id="6028696684" lat="24.9947240" lon="121.4284678">
    <tag k="addr:city" v="新北市" />
    <tag k="addr:country" v="TW" />
    <tag k="addr:district" v="樹林區" />
    <tag k="addr:full" v="238新北市樹林區保安街一段20巷38號" />
    <tag k="addr:housenumber" v="38" />
    <tag k="addr:postcode" v="238" />
    <tag k="addr:street" v="保安街一段20巷" />
    <tag k="name" v="雞肉攤" />
    <tag k="opening_hours" v="Mo-Su 02:00-12:00" />
    <tag k="shop" v="butcher" />
  </node>
  <node id="6028696785" lat="24.9947558" lon="121.4284926">
    <tag k="addr:city" v="新北市" />
    <tag k="addr:country" v="TW" />
    <tag k="addr:district" v="樹林區" />
    <tag k="addr:full" v="238新北市樹林區保安街一段20巷40號" />
    <tag k="addr:housenumber" v="40" />
    <tag k="addr:postcode" v="238" />
    <tag k="addr:street" v="保安街一段20巷" />
    <tag k="name" v="雜貨店" />
    <tag k="opening_hours" v="Tu-Su 06:00-14:00" />
    <tag k="payment:coins" v="yes" />
    <tag k="shop" v="variety_store" />
  </node>
  <node id="6127553931" lat="24.9954495" lon="121.4288574">
    <tag k="addr:city" v="新北市" />
    <tag k="addr:country" v="TW" />
    <tag k="addr:district" v="樹林區" />
    <tag k="addr:floor" v="5" />
    <tag k="addr:full" v="23847新北市樹林區樹新路40-6號五樓" />
    <tag k="addr:housenumber" v="40-6" />
    <tag k="addr:postcode" v="23847" />
    <tag k="addr:street" v="樹新路" />
    <tag k="brand" v="宜得利家居" />
    <tag k="brand:en" v="Nitori" />
    <tag k="brand:ja" v="ニトリ" />
    <tag k="brand:wikidata" v="Q10801453" />
    <tag k="brand:wikipedia" v="en:Nitori" />
    <tag k="level" v="4" />
    <tag k="name" v="宜得利家居" />
    <tag k="name:en" v="Nitori" />
    <tag k="name:ja" v="ニトリ" />
    <tag k="name:zh" v="宜得利家居" />
    <tag k="opening_hours" v="Mo-Su 11:00-22:00" />
    <tag k="operator" v="宜得利家居" />
    <tag k="payment:cash" v="yes" />
    <tag k="payment:credit_cards" v="yes" />
    <tag k="shop" v="furniture" />
  </node>
  <node id="6127553932" lat="24.9953385" lon="121.4281097">
    <tag k="addr:city" v="新北市" />
    <tag k="addr:country" v="TW" />
    <tag k="addr:district" v="樹林區" />
    <tag k="addr:floor" v="1" />
    <tag k="addr:full" v="23847新北市樹林區樹新路40-6號一樓" />
    <tag k="addr:housenumber" v="40-6" />
    <tag k="addr:postcode" v="23847" />
    <tag k="addr:street" v="樹新路" />
    <tag k="brand" v="無印良品" />
    <tag k="brand:en" v="Muji" />
    <tag k="brand:ja" v="無印良品" />
    <tag k="brand:wikidata" v="Q708789" />
    <tag k="level" v="0" />
    <tag k="name" v="無印良品" />
    <tag k="name:en" v="Muji" />
    <tag k="name:ja" v="無印良品" />
    <tag k="official_name:en" v="Ryohin Keikaku" />
    <tag k="opening_hours" v="Mo-Su 11:00-22:00" />
    <tag k="shop" v="variety_store" />
  </node>
  <node id="6127553933" lat="24.9952629" lon="121.4282290">
    <tag k="addr:city" v="新北市" />
    <tag k="addr:country" v="TW" />
    <tag k="addr:district" v="樹林區" />
    <tag k="addr:floor" v="1" />
    <tag k="addr:full" v="23847新北市樹林區樹新路40-6號一樓" />
    <tag k="addr:housenumber" v="40-6" />
    <tag k="addr:postcode" v="23847" />
    <tag k="addr:street" v="樹新路" />
    <tag k="brand" v="Uniqlo" />
    <tag k="brand:wikidata" v="Q26070" />
    <tag k="brand:wikipedia" v="en:Uniqlo" />
    <tag k="clothes" v="men;women;children" />
    <tag k="level" v="0" />
    <tag k="name" v="Uniqlo" />
    <tag k="opening_hours" v="Mo-Su 11:00-22:00" />
    <tag k="payment:cash" v="yes" />
    <tag k="payment:credit_cards" v="yes" />
    <tag k="shop" v="clothes" />
  </node>
  <node id="6127553934" lat="24.9957322" lon="121.4284163">
    <tag k="addr:city" v="新北市" />
    <tag k="addr:country" v="TW" />
    <tag k="addr:district" v="樹林區" />
    <tag k="addr:floor" v="1" />
    <tag k="addr:full" v="23847新北市樹林區樹新路40-6號一樓" />
    <tag k="addr:housenumber" v="40-6" />
    <tag k="addr:postcode" v="23847" />
    <tag k="addr:street" v="樹新路" />
    <tag k="brand" v="Wacoal" />
    <tag k="brand:wikidata" v="Q909522" />
    <tag k="brand:wikipedia" v="en:Wacoal" />
    <tag k="clothes" v="underwear" />
    <tag k="name" v="Wacoal" />
    <tag k="name:en" v="Wacoal" />
    <tag k="name:zh" v="華歌爾" />
    <tag k="opening_hours" v="Mo-Su 11:00-22:00" />
    <tag k="payment:cash" v="yes" />
    <tag k="payment:credit_cards" v="yes" />
    <tag k="shop" v="clothes" />
  </node>
  <node id="6127553935" lat="24.9951508" lon="121.4285714">
    <tag k="addr:city" v="新北市" />
    <tag k="addr:country" v="TW" />
    <tag k="addr:district" v="樹林區" />
    <tag k="addr:floor" v="2" />
    <tag k="addr:full" v="238007新北市樹林區樹新路40-6號二樓" />
    <tag k="addr:housenumber" v="40-6" />
    <tag k="addr:postcode" v="238007" />
    <tag k="addr:street" v="樹新路" />
    <tag k="brand" v="全國電子" />
    <tag k="brand:en" v="E-life Mall" />
    <tag k="brand:nan" v="Choân-kok Tiān-chú" />
    <tag k="brand:nan-Hant" v="全國電子" />
    <tag k="brand:nan-Latn-pehoeji" v="Choân-kok Tiān-chú" />
    <tag k="brand:nan-Latn-tailo" v="Tsuân-kok Tiān-tsú" />
    <tag k="brand:wikidata" v="Q10891540" />
    <tag k="brand:zh" v="全國電子" />
    <tag k="disused:brand" v="Timberland" />
    <tag k="disused:brand:wikidata" v="Q1539185" />
    <tag k="disused:brand:wikipedia" v="en:The Timberland Company" />
    <tag k="disused:name" v="Timberland" />
    <tag k="disused:shop" v="clothes" />
    <tag k="level" v="1" />
    <tag k="name" v="全國電子" />
    <tag k="name:en" v="E-life Mall" />
    <tag k="name:nan" v="Choân-kok Tiān-chú" />
    <tag k="name:nan-Hant" v="全國電子" />
    <tag k="name:nan-Latn-pehoeji" v="Choân-kok Tiān-chú" />
    <tag k="name:nan-Latn-tailo" v="Tsuân-kok Tiān-tsú" />
    <tag k="name:zh" v="全國電子" />
    <tag k="opening_hours" v="Mo-Su 11:00-22:00" />
    <tag k="operator" v="全國電子股份有限公司新北市第八十六分公司" />
    <tag k="shop" v="electronics" />
    <tag k="wheelchair" v="yes" />
  </node>
  <node id="6127553936" lat="24.9956666" lon="121.4285303">
    <tag k="addr:city" v="新北市" />
    <tag k="addr:country" v="TW" />
    <tag k="addr:district" v="樹林區" />
    <tag k="addr:floor" v="1" />
    <tag k="addr:full" v="23847新北市樹林區樹新路40-6號一樓" />
    <tag k="addr:housenumber" v="40-6" />
    <tag k="addr:postcode" v="23847" />
    <tag k="addr:street" v="樹新路" />
    <tag k="brand" v="The Body Shop" />
    <tag k="brand:wikidata" v="Q837851" />
    <tag k="brand:wikipedia" v="en:The Body Shop" />
    <tag k="name" v="The Body Shop" />
    <tag k="opening_hours" v="Mo-Su 11:00-22:00" />
    <tag k="shop" v="cosmetics" />
  </node>
  <node id="6127553937" lat="24.9956149" lon="121.4286258">
    <tag k="addr:city" v="新北市" />
    <tag k="addr:country" v="TW" />
    <tag k="addr:district" v="樹林區" />
    <tag k="addr:floor" v="1" />
    <tag k="addr:full" v="238007新北市樹林區樹新路40-6號一樓" />
    <tag k="addr:housenumber" v="40-6" />
    <tag k="addr:postcode" v="238007" />
    <tag k="addr:street" v="樹新路" />
    <tag k="alt_name" v="マツキヨ" />
    <tag k="alt_name:en" v="Matsukiyo" />
    <tag k="alt_name:ja" v="マツキヨ" />
    <tag k="amenity" v="pharmacy" />
    <tag k="brand" v="松本清" />
    <tag k="brand:en" v="Matsumoto Kiyoshi" />
    <tag k="brand:ja" v="マツモトキヨシ" />
    <tag k="brand:wikidata" v="Q8014776" />
    <tag k="brand:wikipedia" v="ja:マツモトキヨシ" />
    <tag k="brand:zh" v="松本清" />
    <tag k="healthcare" v="pharmacy" />
    <tag k="name" v="松本清" />
    <tag k="name:en" v="Matsumoto Kiyoshi" />
    <tag k="name:ja" v="マツモトキヨシ" />
    <tag k="name:zh" v="松本清" />
    <tag k="shop" v="chemist" />
    <tag k="wheelchair" v="yes" />
  </node>
  <node id="6127553940" lat="24.9953776" lon="121.4288569">
    <tag k="addr:city" v="新北市" />
    <tag k="addr:country" v="TW" />
    <tag k="addr:district" v="樹林區" />
    <tag k="addr:floor" v="1" />
    <tag k="addr:full" v="23847新北市樹林區樹新路40-6號一樓" />
    <tag k="addr:housenumber" v="40-6" />
    <tag k="addr:postcode" v="23847" />
    <tag k="addr:street" v="樹新路" />
    <tag k="amenity" v="cafe" />
    <tag k="brand" v="日出茶太" />
    <tag k="brand:en" v="Chatime" />
    <tag k="brand:wikidata" v="Q16829306" />
    <tag k="brand:wikipedia" v="zh:日出茶太" />
    <tag k="brand:zh" v="日出茶太" />
    <tag k="cuisine" v="bubble_tea" />
    <tag k="name" v="日出茶太" />
    <tag k="name:en" v="Chatime" />
    <tag k="name:zh" v="日出茶太" />
    <tag k="opening_hours" v="Mo-Su 11:00-22:00" />
    <tag k="outdoor_seating" v="no" />
    <tag k="takeaway" v="only" />
  </node>
  <node id="6127553942" lat="24.9950763" lon="121.4285349">
    <tag k="addr:city" v="新北市" />
    <tag k="addr:country" v="TW" />
    <tag k="addr:district" v="樹林區" />
    <tag k="addr:floor" v="2" />
    <tag k="addr:full" v="23847新北市樹林區樹新路40-6號二樓" />
    <tag k="addr:housenumber" v="40-6" />
    <tag k="addr:postcode" v="23847" />
    <tag k="addr:street" v="樹新路" />
    <tag k="amenity" v="cafe" />
    <tag k="brand" v="春水堂人文茶館" />
    <tag k="brand:en" v="Chun Shui Tang" />
    <tag k="brand:ja" v="春水堂" />
    <tag k="brand:wikidata" v="Q11088820" />
    <tag k="brand:zh" v="春水堂人文茶館" />
    <tag k="cuisine" v="bubble_tea" />
    <tag k="level" v="1" />
    <tag k="name" v="春水堂人文茶館" />
    <tag k="name:en" v="Chun Shui Tang" />
    <tag k="name:ja" v="春水堂" />
    <tag k="name:zh" v="春水堂人文茶館" />
    <tag k="operator" v="春水堂人文茶館" />
    <tag k="operator:wikidata" v="Q11088820" />
    <tag k="takeaway" v="yes" />
  </node>
  <node id="6127553943" lat="24.9954977" lon="121.4287706">
    <tag k="addr:city" v="新北市" />
    <tag k="addr:country" v="TW" />
    <tag k="addr:district" v="樹林區" />
    <tag k="addr:floor" v="2" />
    <tag k="addr:full" v="23847新北市樹林區樹新路40-6號二樓" />
    <tag k="addr:housenumber" v="40-6" />
    <tag k="addr:postcode" v="23847" />
    <tag k="addr:street" v="樹新路" />
    <tag k="level" v="1" />
    <tag k="name" v="ABC Mart" />
    <tag k="opening_hours" v="Mo-Su 11:00-22:00" />
    <tag k="payment:cash" v="yes" />
    <tag k="payment:credit_cards" v="yes" />
    <tag k="shop" v="shoes" />
  </node>
  <node id="6127553944" lat="24.9953734" lon="121.4287352">
    <tag k="addr:city" v="新北市" />
    <tag k="addr:country" v="TW" />
    <tag k="addr:district" v="樹林區" />
    <tag k="addr:full" v="23847新北市樹林區樹新路40-6號" />
    <tag k="addr:housenumber" v="40-6" />
    <tag k="addr:postcode" v="23847" />
    <tag k="addr:street" v="樹新路" />
    <tag k="brand" v="Giordano" />
    <tag k="brand:en" v="Giordano" />
    <tag k="brand:wikidata" v="Q4115012" />
    <tag k="clothes" v="men;women" />
    <tag k="name" v="Giordano" />
    <tag k="name:en" v="Giordano" />
    <tag k="opening_hours" v="Mo-Su 11:00-22:00" />
    <tag k="payment:cash" v="yes" />
    <tag k="payment:credit_cards" v="yes" />
    <tag k="shop" v="clothes" />
  </node>
  <node id="6127553945" lat="24.9951467" lon="121.4284517">
    <tag k="addr:city" v="新北市" />
    <tag k="addr:country" v="TW" />
    <tag k="addr:district" v="樹林區" />
    <tag k="addr:floor" v="7" />
    <tag k="addr:full" v="238007新北市樹林區樹新路40-6號七樓" />
    <tag k="addr:housenumber" v="40-6" />
    <tag k="addr:postcode" v="238007" />
    <tag k="addr:street" v="樹新路" />
    <tag k="amenity" v="restaurant" />
    <tag k="branch" v="樹林秀泰店" />
    <tag k="brand" v="燒肉スマイル" />
    <tag k="brand:en" v="Yakiniku Smile" />
    <tag k="brand:ja" v="燒肉スマイル" />
    <tag k="brand:wikidata" v="Q127693178" />
    <tag k="brand:zh" v="燒肉スマイル" />
    <tag k="cuisine" v="yakiniku" />
    <tag k="level" v="6" />
    <tag k="name" v="燒肉スマイル" />
    <tag k="name:en" v="Yakiniku Smile" />
    <tag k="name:ja" v="燒肉スマイル" />
    <tag k="name:zh" v="燒肉スマイル" />
    <tag k="name:zh-Hant" v="燒肉Smile" />
    <tag k="operator" v="築間餐飲集團" />
    <tag k="operator:en" v="Jhujian Catering Group" />
    <tag k="operator:ja" v="築間餐飲集團" />
    <tag k="operator:wikidata" v="Q80214452" />
  </node>
  <node id="6127553946" lat="24.9952656" lon="121.4285652">
    <tag k="addr:city" v="新北市" />
    <tag k="addr:country" v="TW" />
    <tag k="addr:district" v="樹林區" />
    <tag k="addr:floor" v="3" />
    <tag k="addr:full" v="23847新北市樹林區樹新路40-6號三樓" />
    <tag k="addr:housenumber" v="40-6" />
    <tag k="addr:postcode" v="23847" />
    <tag k="addr:street" v="樹新路" />
    <tag k="brand" v="Crocs" />
    <tag k="brand:wikidata" v="Q926699" />
    <tag k="brand:wikipedia" v="en:Crocs" />
    <tag k="name" v="Crocs" />
    <tag k="shop" v="shoes" />
  </node>
  <node id="6127553947" lat="24.9954488" lon="121.4286397">
    <tag k="addr:city" v="新北市" />
    <tag k="addr:country" v="TW" />
    <tag k="addr:district" v="樹林區" />
    <tag k="addr:full" v="23847新北市樹林區樹新路40-6號" />
    <tag k="addr:housenumber" v="40-6" />
    <tag k="addr:postcode" v="23847" />
    <tag k="addr:street" v="樹新路" />
    <tag k="brand" v="Adidas" />
    <tag k="brand:wikidata" v="Q3895" />
    <tag k="brand:wikipedia" v="en:Adidas" />
    <tag k="name" v="Adidas" />
    <tag k="opening_hours" v="Mo-Su 11:00-22:00" />
    <tag k="shop" v="sports" />
  </node>
  <node id="6127553948" lat="24.9952910" lon="121.4283624">
    <tag k="addr:city" v="新北市" />
    <tag k="addr:country" v="TW" />
    <tag k="addr:district" v="樹林區" />
    <tag k="addr:floor" v="3" />
    <tag k="addr:full" v="23847新北市樹林區樹新路40-6號三樓" />
    <tag k="addr:housenumber" v="40-6" />
    <tag k="addr:postcode" v="23847" />
    <tag k="addr:street" v="樹新路" />
    <tag k="brand" v="Nike" />
    <tag k="brand:wikidata" v="Q483915" />
    <tag k="brand:wikipedia" v="en:Nike, Inc." />
    <tag k="level" v="2" />
    <tag k="name" v="Nike" />
    <tag k="opening_hours" v="Mo-Su 11:00-22:00" />
    <tag k="shop" v="clothes" />
  </node>
  <node id="6127553949" lat="24.9954201" lon="121.4279970">
    <tag k="addr:city" v="新北市" />
    <tag k="addr:country" v="TW" />
    <tag k="addr:district" v="樹林區" />
    <tag k="addr:floor" v="5" />
    <tag k="addr:full" v="23847新北市樹林區樹新路40-6號五樓" />
    <tag k="addr:housenumber" v="40-6" />
    <tag k="addr:postcode" v="23847" />
    <tag k="addr:street" v="樹新路" />
    <tag k="name" v="iColor" />
    <tag k="opening_hours" v="Mo-Su 11:00-22:00" />
    <tag k="payment:cash" v="yes" />
    <tag k="payment:credit_cards" v="yes" />
    <tag k="shop" v="variety_store" />
  </node>
  <node id="6127553950" lat="24.9956078" lon="121.4284438">
    <tag k="addr:city" v="新北市" />
    <tag k="addr:country" v="TW" />
    <tag k="addr:district" v="樹林區" />
    <tag k="addr:floor" v="4" />
    <tag k="addr:full" v="23847新北市樹林區樹新路40-6號四樓" />
    <tag k="addr:housenumber" v="40-6" />
    <tag k="addr:postcode" v="23847" />
    <tag k="addr:street" v="樹新路" />
    <tag k="brand" v="金石堂書店" />
    <tag k="brand:en" v="Kingstone Bookstore" />
    <tag k="brand:wikidata" v="Q15911680" />
    <tag k="brand:zh" v="金石堂書店" />
    <tag k="name" v="金石堂書店" />
    <tag k="name:en" v="Kingstone Bookstore" />
    <tag k="name:zh" v="金石堂書店" />
    <tag k="opening_hours" v="Mo-Su 11:00-22:00" />
    <tag k="payment:cash" v="yes" />
    <tag k="payment:credit_cards" v="yes" />
    <tag k="shop" v="books" />
  </node>
  <node id="6127553951" lat="24.9952416" lon="121.4287850">
    <tag k="addr:city" v="新北市" />
    <tag k="addr:country" v="TW" />
    <tag k="addr:district" v="樹林區" />
    <tag k="addr:floor" v="4" />
    <tag k="addr:full" v="23847新北市樹林區樹新路40-6號四樓" />
    <tag k="addr:housenumber" v="40-6" />
    <tag k="addr:postcode" v="23847" />
    <tag k="addr:street" v="樹新路" />
    <tag k="amenity" v="cafe" />
    <tag k="cuisine" v="coffee_shop" />
    <tag k="name" v="SHOWCAFE 秀咖啡" />
    <tag k="name:en" v="SHOWCAFE" />
    <tag k="name:zh" v="SHOWCAFE 秀咖啡" />
    <tag k="outdoor_seating" v="no" />
  </node>
  <node id="6127553952" lat="24.9951996" lon="121.4283445">
    <tag k="addr:city" v="新北市" />
    <tag k="addr:country" v="TW" />
    <tag k="addr:district" v="樹林區" />
    <tag k="addr:floor" v="1" />
    <tag k="addr:full" v="23847新北市樹林區樹新路40-6號一樓" />
    <tag k="addr:housenumber" v="40-6" />
    <tag k="addr:postcode" v="23847" />
    <tag k="addr:street" v="樹新路" />
    <tag k="brand" v="GU" />
    <tag k="brand:wikidata" v="Q5512642" />
    <tag k="brand:wikipedia" v="en:GU (retailer)" />
    <tag k="clothes" v="men;women;children" />
    <tag k="level" v="0" />
    <tag k="name" v="GU" />
    <tag k="opening_hours" v="Mo-Su 11:00-22:00" />
    <tag k="payment:cash" v="yes" />
    <tag k="payment:credit_cards" v="yes" />
    <tag k="shop" v="clothes" />
  </node>
  <node id="6127553953" lat="24.9952256" lon="121.4284711">
    <tag k="addr:city" v="新北市" />
    <tag k="addr:country" v="TW" />
    <tag k="addr:district" v="樹林區" />
    <tag k="addr:floor" v="3" />
    <tag k="addr:full" v="23847新北市樹林區樹新路40-6號三樓" />
    <tag k="addr:housenumber" v="40-6" />
    <tag k="addr:postcode" v="23847" />
    <tag k="addr:street" v="樹新路" />
    <tag k="brand" v="Le Coq Sportif" />
    <tag k="brand:wikidata" v="Q1066156" />
    <tag k="brand:wikipedia" v="en:Le Coq Sportif" />
    <tag k="clothes" v="sports" />
    <tag k="name" v="Le Coq Sportif" />
    <tag k="shop" v="clothes" />
  </node>
  <node id="6127553954" lat="24.9952278" lon="121.4286714">
    <tag k="addr:city" v="新北市" />
    <tag k="addr:country" v="TW" />
    <tag k="addr:district" v="樹林區" />
    <tag k="addr:floor" v="7" />
    <tag k="addr:full" v="23847新北市樹林區樹新路40-6號七樓" />
    <tag k="addr:housenumber" v="40-6" />
    <tag k="addr:postcode" v="23847" />
    <tag k="addr:street" v="樹新路" />
    <tag k="amenity" v="restaurant" />
    <tag k="cuisine" v="ramen" />
    <tag k="name" v="らあめん花月嵐" />
    <tag k="name:en" v="Ramen Kagetsu Arashi" />
    <tag k="name:ja" v="らあめん花月嵐" />
    <tag k="name:zh" v="らあめん花月嵐" />
    <tag k="opening_hours" v="Mo-Su 11:00-21:00" />
  </node>
  <node id="6127553955" lat="24.9957042" lon="121.4282184">
    <tag k="addr:city" v="新北市" />
    <tag k="addr:country" v="TW" />
    <tag k="addr:district" v="樹林區" />
    <tag k="addr:floor" v="7" />
    <tag k="addr:full" v="新北市樹林區樹新路40-6號七樓" />
    <tag k="addr:housenumber" v="40-6" />
    <tag k="addr:street" v="樹新路" />
    <tag k="amenity" v="fast_food" />
    <tag k="branch" v="樹林秀泰店" />
    <tag k="brand" v="漢堡王" />
    <tag k="brand:en" v="Burger King" />
    <tag k="brand:wikidata" v="Q177054" />
    <tag k="brand:wikipedia" v="zh:漢堡王" />
    <tag k="brand:zh" v="漢堡王" />
    <tag k="cuisine" v="burger" />
    <tag k="name" v="漢堡王" />
    <tag k="name:en" v="Burger King" />
    <tag k="name:ja" v="バーガーキング" />
    <tag k="name:zh" v="漢堡王" />
    <tag k="opening_hours" v="Mo-Su 11:00-21:30" />
    <tag k="operator" v="家城股份有限公司" />
    <tag k="ref:vatin" v="TW23309178" />
    <tag k="takeaway" v="yes" />
  </node>
  <node id="6127553956" lat="24.9954091" lon="121.4281901">
    <tag k="addr:city" v="新北市" />
    <tag k="addr:country" v="TW" />
    <tag k="addr:district" v="樹林區" />
    <tag k="addr:floor" v="7" />
    <tag k="addr:full" v="238007新北市樹林區樹新路40-6號七樓" />
    <tag k="addr:housenumber" v="40-6" />
    <tag k="addr:postcode" v="238007" />
    <tag k="addr:street" v="樹新路" />
    <tag k="amenity" v="restaurant" />
    <tag k="brand" v="瓦城泰國料理" />
    <tag k="brand:en" v="Thai Town" />
    <tag k="brand:wikidata" v="Q130214321" />
    <tag k="brand:wikipedia" v="ja:大阪王将" />
    <tag k="brand:zh" v="瓦城泰國料理" />
    <tag k="cuisine" v="thai" />
    <tag k="disused:brand" v="大阪王将" />
    <tag k="disused:brand:en" v="Osaka Ohsho" />
    <tag k="disused:brand:ja" v="大阪王将" />
    <tag k="disused:brand:wikidata" v="Q48743717" />
    <tag k="disused:brand:zh" v="大叛王將" />
    <tag k="disused:cuisine" v="japanese;chinese" />
    <tag k="disused:name" v="大阪王将" />
    <tag k="disused:name:en" v="Osaka Ohsho" />
    <tag k="disused:name:ja" v="大阪王将" />
    <tag k="disused:name:zh" v="大叛王將" />
    <tag k="level" v="6" />
    <tag k="name" v="瓦城泰國料理" />
    <tag k="name:en" v="Thai Town" />
    <tag k="name:zh" v="瓦城泰國料理" />
    <tag k="opening_hours" v="Mo-Su 11:00-22:00" />
    <tag k="operator" v="瓦城泰統集團" />
    <tag k="operator:en" v="TTFB Restaurant Group" />
    <tag k="operator:wikidata" v="Q15927204" />
    <tag k="operator:zh" v="瓦城泰統集團" />
    <tag k="outdoor_seating" v="no" />
    <tag k="smoking" v="no" />
    <tag k="wheelchair" v="yes" />
  </node>
  <node id="6127553957" lat="24.9955574" lon="121.4282885">
    <tag k="addr:city" v="新北市" />
    <tag k="addr:country" v="TW" />
    <tag k="addr:district" v="樹林區" />
    <tag k="addr:floor" v="7" />
    <tag k="addr:full" v="238007新北市樹林區樹新路40-6號七樓" />
    <tag k="addr:housenumber" v="40-6" />
    <tag k="addr:postcode" v="238007" />
    <tag k="addr:street" v="樹新路" />
    <tag k="amenity" v="cafe" />
    <tag k="brand" v="沏座 chizuo" />
    <tag k="brand:en" v="chizuo" />
    <tag k="brand:zh" v="沏座" />
    <tag k="cuisine" v="bubble_tea" />
    <tag k="disused:brand" v="茶湯會" />
    <tag k="disused:brand:en" v="TP Tea" />
    <tag k="disused:brand:wikidata" v="Q108166023" />
    <tag k="disused:brand:zh" v="茶湯會" />
    <tag k="disused:name" v="茶湯會" />
    <tag k="disused:name:en" v="TP Tea" />
    <tag k="disused:name:zh" v="茶湯會" />
    <tag k="name" v="沏座 chizuo" />
    <tag k="name:en" v="chizuo" />
    <tag k="opening_hours" v="Mo-Su 11:00-22:00" />
    <tag k="operator" v="沏座" />
    <tag k="outdoor_seating" v="no" />
    <tag k="smoking" v="no" />
    <tag k="takeaway" v="yes" />
  </node>
  <node id="6127553958" lat="24.9956413" lon="121.4283507">
    <tag k="addr:city" v="新北市" />
    <tag k="addr:country" v="TW" />
    <tag k="addr:district" v="樹林區" />
    <tag k="addr:floor" v="7" />
    <tag k="addr:full" v="2380077新北市樹林區樹新路40-6號七樓" />
    <tag k="addr:housenumber" v="40-6" />
    <tag k="addr:postcode" v="2380077" />
    <tag k="addr:street" v="樹新路" />
    <tag k="amenity" v="restaurant" />
    <tag k="name" v="芡芳石頭火鍋" />
    <tag k="opening_hours" v="Mo-Su 11:00-22:00" />
  </node>
  <node id="6127553959" lat="24.9956305" lon="121.4281639">
    <tag k="addr:city" v="新北市" />
    <tag k="addr:country" v="TW" />
    <tag k="addr:district" v="樹林區" />
    <tag k="addr:full" v="23847新北市樹林區樹新路40-6號" />
    <tag k="addr:housenumber" v="40-6" />
    <tag k="addr:postcode" v="23847" />
    <tag k="addr:street" v="樹新路" />
    <tag k="amenity" v="restaurant" />
    <tag k="cuisine" v="japanese" />
    <tag k="name" v="銀座杏子日式豬排" />
    <tag k="name:en" v="Tonkatsu Anzu" />
    <tag k="name:ja" v="和心とんかつ あんず" />
    <tag k="name:zh" v="銀座杏子日式豬排" />
    <tag k="opening_hours" v="Mo-Su 11:00-22:00" />
    <tag k="operator" v="六角國際" />
  </node>
  <node id="6127553960" lat="24.9953449" lon="121.4286476">
    <tag k="addr:city" v="新北市" />
    <tag k="addr:country" v="TW" />
    <tag k="addr:district" v="樹林區" />
    <tag k="addr:floor" v="7" />
    <tag k="addr:full" v="23847新北市樹林區樹新路40-6號七樓" />
    <tag k="addr:housenumber" v="40-6" />
    <tag k="addr:postcode" v="23847" />
    <tag k="addr:street" v="樹新路" />
    <tag k="amenity" v="restaurant" />
    <tag k="check_date" v="2024-08-24" />
    <tag k="cuisine" v="sushi" />
    <tag k="description" v="L.O. 21:00" />
    <tag k="name" v="Magic Touch 点爭鮮" />
    <tag k="opening_hours" v="Mo-Su 11:00-22:00" />
    <tag k="outdoor_seating" v="no" />
    <tag k="smoking" v="no" />
  </node>
  <node id="6127553961" lat="24.9953652" lon="121.4282899">
    <tag k="addr:city" v="新北市" />
    <tag k="addr:country" v="TW" />
    <tag k="addr:district" v="樹林區" />
    <tag k="addr:floor" v="7" />
    <tag k="addr:full" v="238007新北市樹林區樹新路40-6號七樓" />
    <tag k="addr:housenumber" v="40-6" />
    <tag k="addr:postcode" v="238007" />
    <tag k="addr:street" v="樹新路" />
    <tag k="amenity" v="fast_food" />
    <tag k="brand" v="Mister Donut" />
    <tag k="brand:en" v="Mister Donut" />
    <tag k="brand:ja" v="ミスタードーナツ" />
    <tag k="brand:wikidata" v="Q1065819" />
    <tag k="brand:zh" v="Mister Donut" />
    <tag k="cuisine" v="donut" />
    <tag k="name" v="Mister Donut" />
    <tag k="name:en" v="Mister Donut" />
    <tag k="name:ja" v="ミスタードーナツ" />
    <tag k="name:zh" v="Mister Donut" />
    <tag k="operator" v="統一多拿滋股份有限公司" />
    <tag k="operator:wikidata" v="Q15934112" />
    <tag k="takeaway" v="yes" />
  </node>
  <node id="6127553962" lat="24.9953246" lon="121.4287371">
    <tag k="addr:city" v="新北市" />
    <tag k="addr:country" v="TW" />
    <tag k="addr:district" v="樹林區" />
    <tag k="addr:floor" v="7" />
    <tag k="addr:full" v="238007新北市樹林區樹新路40-6號七樓" />
    <tag k="addr:housenumber" v="40-6" />
    <tag k="addr:postcode" v="238007" />
    <tag k="addr:street" v="樹新路" />
    <tag k="amenity" v="restaurant" />
    <tag k="branch" v="樹林秀泰分社" />
    <tag k="cuisine" v="korean" />
    <tag k="name" v="朴庶韓國美食公社" />
    <tag k="name:ko" v="박수" />
    <tag k="name:zh" v="朴庶韓國美食公社" />
    <tag k="opening_hours" v="Mo-Su 11:00-21:30" />
  </node>
  <node id="6127553963" lat="24.9954628" lon="121.4281029">
    <tag k="addr:city" v="新北市" />
    <tag k="addr:country" v="TW" />
    <tag k="addr:district" v="樹林區" />
    <tag k="addr:floor" v="7" />
    <tag k="addr:full" v="238007新北市樹林區樹新路40-6號七樓" />
    <tag k="addr:housenumber" v="40-6" />
    <tag k="addr:postcode" v="238007" />
    <tag k="addr:street" v="樹新路" />
    <tag k="amenity" v="restaurant" />
    <tag k="cuisine" v="korean" />
    <tag k="name" v="北村豆腐家" />
  </node>
  <node id="6127553964" lat="24.9954886" lon="121.4282330">
    <tag k="addr:city" v="新北市" />
    <tag k="addr:country" v="TW" />
    <tag k="addr:district" v="樹林區" />
    <tag k="addr:floor" v="7" />
    <tag k="addr:full" v="23847新北市樹林區樹新路40-6號七樓" />
    <tag k="addr:housenumber" v="40-6" />
    <tag k="addr:postcode" v="23847" />
    <tag k="addr:street" v="樹新路" />
    <tag k="amenity" v="cafe" />
    <tag k="check_date" v="2024-08-24" />
    <tag k="cuisine" v="bubble_tea" />
    <tag k="name" v="魏姐包心粉圓" />
    <tag k="outdoor_seating" v="no" />
  </node>
  <node id="6127553965" lat="24.9955604" lon="121.4280988">
    <tag k="addr:city" v="新北市" />
    <tag k="addr:country" v="TW" />
    <tag k="addr:district" v="樹林區" />
    <tag k="addr:floor" v="7" />
    <tag k="addr:full" v="23847新北市樹林區樹新路40-6號七樓" />
    <tag k="addr:housenumber" v="40-6" />
    <tag k="addr:postcode" v="23847" />
    <tag k="addr:street" v="樹新路" />
    <tag k="amenity" v="restaurant" />
    <tag k="check_date" v="2024-08-24" />
    <tag k="cuisine" v="noodle" />
    <tag k="name" v="宮武讃岐烏龍麵" />
    <tag k="name:en" v="Miyatake Sanuki Udon" />
    <tag k="name:ja" v="宮武讃岐うどん" />
    <tag k="name:zh" v="宮武讃岐烏龍麵" />
    <tag k="opening_hours" v="Mo-Su 10:00-22:00" />
    <tag k="wheelchair" v="yes" />
  </node>
  <node id="6130570564" lat="24.9896970" lon="121.5093360">
    <tag k="amenity" v="drinking_water" />
    <tag k="bottle" v="yes" />
    <tag k="contact:phone" v="+886 2 2181 2345" />
    <tag k="description" v="新北市中和區興南路1段84巷6號，南勢角站4號出口" />
    <tag k="description:covid19" v="至2021-11-30二級、三級警戒期間都不開放使用" />
    <tag k="is_in" v="新北市" />
    <tag k="is_in:district" v="中和" />
    <tag k="opening_hours" v="06:00-23:00" />
    <tag k="operator" v="臺北大眾捷運股份有限公司" />
    <tag k="ref" v="1727b" />
    <tag k="source" v="台北自來水事業處" />
    <tag k="source:date" v="2018-10-02 14:50:00" />
    <tag k="source:department" v="中和新蘆線" />
    <tag k="source:devision" v="西區" />
    <tag k="source:type" v="捷運站" />
    <tag k="source:url" v="https://data.taipei/dataset/detail/metadata?id=155999f2-3c5d-486b-af58-d7f4c0b0a4c9" />
    <tag k="start_date" v="2016-12-01 09:50:00" />
  </node>
  <node id="6130570565" lat="24.9896970" lon="121.5093360">
    <tag k="amenity" v="drinking_water" />
    <tag k="bottle" v="yes" />
    <tag k="contact:phone" v="+886 2 2181 2345" />
    <tag k="description" v="新北市中和區興南路1段84巷6號，南勢角站4號出口" />
    <tag k="description:covid19" v="至2021-11-30二級、三級警戒期間都不開放使用" />
    <tag k="is_in" v="新北市" />
    <tag k="is_in:district" v="中和" />
    <tag k="opening_hours" v="06:00-23:00" />
    <tag k="operator" v="臺北大眾捷運股份有限公司" />
    <tag k="ref" v="1727a" />
    <tag k="source" v="台北自來水事業處" />
    <tag k="source:date" v="2018-10-02 14:45:00" />
    <tag k="source:department" v="中和新蘆線" />
    <tag k="source:devision" v="西區" />
    <tag k="source:type" v="捷運站" />
    <tag k="source:url" v="https://data.taipei/dataset/detail/metadata?id=155999f2-3c5d-486b-af58-d7f4c0b0a4c9" />
    <tag k="start_date" v="2016-12-01 09:50:00" />
  </node>
  <node id="6180492022" lat="24.9892795" lon="121.5099718">
    <tag k="amenity" v="restaurant" />
    <tag k="name" v="老蔡水煎包" />
    <tag k="wheelchair" v="yes" />
  </node>
  <node id="6180492023" lat="24.9893103" lon="121.5099021">
    <tag k="amenity" v="restaurant" />
    <tag k="name" v="派克雞排" />
  </node>
  <node id="6180492024" lat="24.9891011" lon="121.5098433">
    <tag k="amenity" v="cafe" />
    <tag k="disused:amenity" v="cafe" />
    <tag k="disused:brand" v="清心福全" />
    <tag k="disused:brand:en" v="Ching Shin" />
    <tag k="disused:brand:wikidata" v="Q10391229" />
    <tag k="disused:brand:wikipedia" v="zh:清心福全冷飲站" />
    <tag k="disused:brand:zh" v="清心福全" />
    <tag k="disused:cuisine" v="bubble_tea" />
    <tag k="disused:name" v="清心福全" />
    <tag k="disused:name:en" v="Ching Shin" />
    <tag k="disused:name:zh" v="清心福全" />
    <tag k="disused:takeaway" v="yes" />
    <tag k="name" v="得正" />
    <tag k="wheelchair" v="yes" />
  </node>
  <node id="6190366137" lat="24.9887826" lon="121.5099031">
    <tag k="amenity" v="restaurant" />
    <tag k="name" v="o'pasta 義大利麵" />
    <tag k="wheelchair" v="yes" />
  </node>
  <node id="6190366138" lat="24.9899311" lon="121.5104282">
    <tag k="brand" v="仁愛眼鏡" />
    <tag k="check_date" v="2024-10-08" />
    <tag k="name" v="仁愛眼鏡" />
    <tag k="shop" v="optician" />
    <tag k="wheelchair" v="limited" />
  </node>
  <node id="6190366141" lat="24.9893963" lon="121.5097008">
    <tag k="brand" v="全聯福利中心" />
    <tag k="brand:en" v="Pxmart" />
    <tag k="brand:nan" v="Choân-liân Hok-lī Tiong-sim" />
    <tag k="brand:nan-Hant" v="全聯福利中心" />
    <tag k="brand:nan-Latn-pehoeji" v="Choân-liân Hok-lī Tiong-sim" />
    <tag k="brand:nan-Latn-tailo" v="Tsuân-liân Hok-lī Tiong-sim" />
    <tag k="brand:wikidata" v="Q7262792" />
    <tag k="brand:wikipedia" v="en:PX Mart" />
    <tag k="brand:zh" v="全聯福利中心" />
    <tag k="name" v="全聯福利中心" />
    <tag k="name:en" v="Pxmart" />
    <tag k="name:nan" v="Choân-liân Hok-lī Tiong-sim" />
    <tag k="name:nan-Hant" v="全聯福利中心" />
    <tag k="name:nan-Latn-pehoeji" v="Choân-liân Hok-lī Tiong-sim" />
    <tag k="name:nan-Latn-tailo" v="Tsuân-liân Hok-lī Tiong-sim" />
    <tag k="name:zh" v="全聯福利中心" />
    <tag k="shop" v="supermarket" />
    <tag k="short_name" v="全聯" />
    <tag k="short_name:nan" v="Choân-liân" />
    <tag k="short_name:nan-Hant" v="全聯" />
    <tag k="short_name:nan-Latn-pehoeji" v="Choân-liân" />
    <tag k="short_name:nan-Latn-tailo" v="Tsuân-liân" />
    <tag k="short_name:zh" v="全聯" />
  </node>
  <node id="6190366145" lat="24.9895114" lon="121.5105809">
    <tag k="name" v="鏡匠工廠" />
    <tag k="shop" v="optician" />
  </node>
  <node id="6190366146" lat="24.9897038" lon="121.5104939">
    <tag k="check_date" v="2024-10-08" />
    <tag k="name" v="瑞華鐘錶眼鏡行" />
    <tag k="shop" v="optician" />
    <tag k="wheelchair" v="yes" />
  </node>
  <node id="6190366152" lat="24.9884550" lon="121.5095965">
    <tag k="amenity" v="restaurant" />
    <tag k="name" v="小木屋鬆餅" />
    <tag k="wheelchair" v="yes" />
  </node>
  <node id="6200255640" lat="24.9886319" lon="121.5079613" />
  <node id="6212185401" lat="24.9891388" lon="121.5098795">
    <tag k="addr:city" v="新北市" />
    <tag k="addr:country" v="TW" />
    <tag k="addr:district" v="中和區" />
    <tag k="addr:floor" v="1" />
    <tag k="addr:full" v="235新北市中和區興南路一段92號一樓" />
    <tag k="addr:housenumber" v="92" />
    <tag k="addr:postcode" v="235" />
    <tag k="addr:street" v="興南路一段" />
    <tag k="brand" v="大潤發" />
    <tag k="name" v="大潤發迷你站" />
    <tag k="name:en" v="RT-Mart Mini Station" />
    <tag k="name:zh" v="大潤發迷你站" />
    <tag k="note" v="自助結帳" />
    <tag k="opening_hours" v="24/7" />
    <tag k="payment:credit_cards" v="yes" />
    <tag k="self_checkout" v="only" />
    <tag k="shop" v="convenience" />
  </node>
  <node id="6482849462" lat="24.9899829" lon="121.5091768">
    <tag k="name" v="捷運南勢角站3號出口" />
    <tag k="name:en" v="MRT Nanshijiao Station Exit3" />
    <tag k="name:zh" v="捷運南勢角站4號出口" />
    <tag k="railway" v="subway_entrance" />
    <tag k="wheelchair" v="yes" />
  </node>
  <node id="6482849463" lat="24.9903645" lon="121.5083990">
    <tag k="name" v="捷運南勢角站2號出口" />
    <tag k="name:en" v="MRT Nanshijiao Station Exit 2" />
    <tag k="name:zh" v="捷運南勢角站2號出口" />
    <tag k="railway" v="subway_entrance" />
    <tag k="ref" v="2" />
    <tag k="wheelchair" v="yes" />
  </node>
  <node id="6595513656" lat="24.9963286" lon="121.4288318">
    <tag k="amenity" v="parking_entrance" />
    <tag k="name" v="樹林藝文綜合行政大樓停車場" />
  </node>
  <node id="6595513657" lat="24.9964422" lon="121.4291951" />
  <node id="6595513658" lat="24.9965312" lon="121.4292008" />
  <node id="6595513659" lat="24.9959984" lon="121.4289453">
    <tag k="addr:city" v="新北市" />
    <tag k="addr:country" v="TW" />
    <tag k="addr:district" v="樹林區" />
    <tag k="addr:floor" v="3,4" />
    <tag k="addr:full" v="238新北市樹林區樹新路40-3號3,4樓" />
    <tag k="addr:housenumber" v="40-3" />
    <tag k="addr:postcode" v="238" />
    <tag k="addr:street" v="樹新路" />
    <tag k="amenity" v="library" />
    <tag k="name" v="新北市立圖書館樹林分館" />
    <tag k="operator" v="新北市立圖書館" />
    <tag k="operator:en" v="New Taipei City Library" />
    <tag k="operator:type" v="government" />
    <tag k="operator:wikidata" v="Q11081463" />
    <tag k="operator:zh" v="新北市立圖書館" />
    <tag k="phone" v="+886 2 2681 9680" />
  </node>
  <node id="6595513660" lat="24.9961684" lon="121.4286847">
    <tag k="addr:city" v="新北市" />
    <tag k="addr:country" v="TW" />
    <tag k="addr:district" v="樹林區" />
    <tag k="addr:floor" v="1" />
    <tag k="addr:full" v="238新北市樹林區樹新路40-7號一樓" />
    <tag k="addr:housenumber" v="40-7" />
    <tag k="addr:postcode" v="238" />
    <tag k="addr:street" v="樹新路" />
    <tag k="amenity" v="arts_centre" />
    <tag k="instagram" v="shulin.artcenter" />
    <tag k="name" v="樹林藝文中心" />
    <tag k="name:en" v="Shulin Arts Center" />
    <tag k="phone" v="+886 2 2682 0035" />
    <tag k="website" v="https://www.culture.ntpc.gov.tw/shulin_artcenter_chi" />
    <tag k="wheelchair" v="yes" />
  </node>
  <node id="6841334933" lat="24.9952828" lon="121.4279607" />
  <node id="7646481581" lat="24.9896650" lon="121.5097500">
    <tag k="railway" v="buffer_stop" />
  </node>
  <node id="7646481583" lat="24.9897258" lon="121.5097833">
    <tag k="railway" v="buffer_stop" />
  </node>
  <node id="7646495085" lat="24.9897865" lon="121.5098167">
    <tag k="railway" v="buffer_stop" />
  </node>
  <node id="7646495087" lat="24.9898473" lon="121.5098501">
    <tag k="railway" v="buffer_stop" />
  </node>
  <node id="7646495089" lat="24.9899080" lon="121.5098834">
    <tag k="railway" v="buffer_stop" />
  </node>
  <node id="7646495091" lat="24.9899688" lon="121.5099168">
    <tag k="railway" v="buffer_stop" />
  </node>
  <node id="7925916780" lat="24.9965284" lon="121.4267713">
    <tag k="amenity" v="place_of_worship" />
    <tag k="name" v="樹林區慈惠宮" />
  </node>
  <node id="7925916781" lat="24.9959109" lon="121.4265812">
    <tag k="amenity" v="restaurant" />
    <tag k="name" v="粿全佳" />
  </node>
  <node id="7978148675" lat="24.9955384" lon="121.4276689">
    <tag k="addr:city" v="新北市" />
    <tag k="addr:country" v="TW" />
    <tag k="addr:district" v="樹林區" />
    <tag k="addr:full" v="238新北市樹林區樹新路89號" />
    <tag k="addr:housenumber" v="89" />
    <tag k="addr:postcode" v="238" />
    <tag k="addr:street" v="樹新路" />
    <tag k="amenity" v="restaurant" />
    <tag k="cuisine" v="japanese" />
    <tag k="name" v="豚將拉麵" />
  </node>
  <node id="7991209709" lat="24.9955971" lon="121.4277310">
    <tag k="addr:city" v="新北市" />
    <tag k="addr:country" v="TW" />
    <tag k="addr:district" v="樹林區" />
    <tag k="addr:full" v="238新北市樹林區樹新路93號" />
    <tag k="addr:housenumber" v="93" />
    <tag k="addr:postcode" v="238" />
    <tag k="addr:street" v="樹新路" />
    <tag k="amenity" v="cafe" />
    <tag k="brand" v="鮮茶道" />
    <tag k="brand:wikidata" v="Q108166223" />
    <tag k="cuisine" v="bubble_tea" />
    <tag k="name" v="鮮茶道" />
    <tag k="operator" v="鮮茶道" />
    <tag k="shop" v="beverages" />
    <tag k="takeaway" v="yes" />
  </node>
  <node id="8301495016" lat="24.9967598" lon="121.4294040" />
  <node id="8301496417" lat="24.9968561" lon="121.4292454" />
  <node id="8301496418" lat="24.9969442" lon="121.4291982" />
  <node id="8301496419" lat="24.9970514" lon="121.4294901" />
  <node id="8301496420" lat="24.9971300" lon="121.4299273" />
  <node id="8301496421" lat="24.9971072" lon="121.4296789" />
  <node id="8301496471" lat="24.9970630" lon="121.4293783" />
  <node id="8634134689" lat="24.9893790" lon="121.5102673">
    <tag k="amenity" v="restaurant" />
    <tag k="cuisine" v="vietnamese" />
    <tag k="name" v="越式會安麵包" />
  </node>
  <node id="8996647759" lat="24.9734885" lon="121.3971990">
    <tag k="bus" v="yes" />
    <tag k="name" v="中洲街口" />
    <tag k="name:en" v="Zhongzhou St. Entrance" />
    <tag k="name:nan" v="Tiong-chiu Koe-á-kháu" />
    <tag k="name:nan-Hant" v="中洲街仔口" />
    <tag k="name:nan-Latn-pehoeji" v="Tiong-chiu Koe-á-kháu" />
    <tag k="name:nan-Latn-tailo" v="Tiong-tsiu-kue-á-kháu" />
    <tag k="name:zh" v="中洲街口" />
    <tag k="name:zh-Hans" v="中洲街口" />
    <tag k="name:zh-Hant" v="中洲街口" />
    <tag k="public_transport" v="stop_position" />
    <tag k="ref" v="73185" />
  </node>
  <node id="8996647760" lat="24.9733039" lon="121.3966630">
    <tag k="bus" v="yes" />
    <tag k="name" v="中洲街口" />
    <tag k="name:en" v="Zhongzhou St. Entrance" />
    <tag k="name:nan" v="Tiong-chiu Koe-á-kháu" />
    <tag k="name:nan-Hant" v="中洲街仔口" />
    <tag k="name:nan-Latn-pehoeji" v="Tiong-chiu Koe-á-kháu" />
    <tag k="name:nan-Latn-tailo" v="Tiong-tsiu Kue-á-kháu" />
    <tag k="name:zh" v="中洲街口" />
    <tag k="name:zh-Hans" v="中洲街口" />
    <tag k="name:zh-Hant" v="中洲街口" />
    <tag k="public_transport" v="stop_position" />
    <tag k="ref" v="3321" />
  </node>
  <node id="9156629674" lat="24.9950520" lon="121.4245814" />
  <node id="9156629675" lat="24.9953359" lon="121.4238689" />
  <node id="9156629676" lat="24.9955652" lon="121.4231804" />
  <node id="9230243096" lat="24.9894200" lon="121.5099800">
    <tag k="alt_name" v="YouBike2.0_捷運南勢角站(4號出口)" />
    <tag k="alt_name:en" v="YouBike2.0_MRT Nanshijiao Sta.(Exit 4)" />
    <tag k="alt_name:zh" v="YouBike2.0_捷運南勢角站(4號出口)" />
    <tag k="alt_name:zh-Bopo" v="YouBike2.0_ㄐㄧㄝˊㄩㄣˋㄋㄢˊㄕˋㄐㄧㄠˇㄓㄢˋ(4ㄏㄠˋㄔㄨㄎㄡˇ)" />
    <tag k="alt_name:zh-Hans" v="YouBike2.0_捷运南势角站(4号出口)" />
    <tag k="alt_name:zh-Hant" v="YouBike2.0_捷運南勢角站(4號出口)" />
    <tag k="alt_name:zh-Latn-pinyin" v="YouBike2.0_jiéyùnnánshìjiǎozhàn(4hàochūkǒu)" />
    <tag k="amenity" v="bicycle_rental" />
    <tag k="authentication:app" v="yes" />
    <tag k="authentication:contactless" v="yes" />
    <tag k="authentication:membership_card" v="yes" />
    <tag k="bicycle_rental" v="docking_station" />
    <tag k="brand" v="YouBike 2.0" />
    <tag k="brand:wikidata" v="Q20687952" />
    <tag k="capacity" v="96" />
    <tag k="description" v="捷運路3號(對面)" />
    <tag k="description:en" v="No.3, Jieyun Rd., Zhonghe Dist.(opposite)" />
    <tag k="description:zh" v="捷運路3號(對面)" />
    <tag k="description:zh-Hans" v="捷运路3号(对面)" />
    <tag k="description:zh-Hant" v="捷運路3號(對面)" />
    <tag k="fee" v="yes" />
    <tag k="is_in" v="中和區" />
    <tag k="name" v="捷運南勢角站(4號出口)" />
    <tag k="name:en" v="MRT Nanshijiao Sta.(Exit 4)" />
    <tag k="name:zh" v="捷運南勢角站(4號出口)" />
    <tag k="name:zh-Bopo" v="ㄐㄧㄝˊㄩㄣˋㄋㄢˊㄕˋㄐㄧㄠˇㄓㄢˋ(4ㄏㄠˋㄔㄨㄎㄡˇ)" />
    <tag k="name:zh-Hans" v="捷运南势角站(4号出口)" />
    <tag k="name:zh-Hant" v="捷運南勢角站(4號出口)" />
    <tag k="name:zh-Latn-pinyin" v="jiéyùnnánshìjiǎozhàn(4hàochūkǒu)" />
    <tag k="nat_ref" v="NWT500207005" />
    <tag k="network" v="YouBike 2.0" />
    <tag k="network:en" v="YouBike" />
    <tag k="network:wikidata" v="Q20687952" />
    <tag k="network:zh" v="微笑單車" />
    <tag k="opening_hours" v="24/7" />
    <tag k="operator" v="Giant" />
    <tag k="operator:wikidata" v="Q703557" />
    <tag k="payment:credit_cards" v="yes" />
    <tag k="payment:ep_easycard" v="yes" />
    <tag k="payment:ep_easywallet" v="yes" />
    <tag k="payment:ep_ipass" v="yes" />
    <tag k="payment:jcb" v="yes" />
    <tag k="payment:mastercard" v="yes" />
    <tag k="payment:visa" v="yes" />
    <tag k="ref" v="500207005" />
    <tag k="rental" v="city_bike" />
    <tag k="source" v="YouBike" />
    <tag k="source:date" v="2021-11-04" />
    <tag k="wheelchair" v="yes" />
  </node>
  <node id="9336806308" lat="24.9898407" lon="121.5105902">
    <tag k="addr:city" v="新北市" />
    <tag k="addr:country" v="TW" />
    <tag k="addr:district" v="中和區" />
    <tag k="addr:floor" v="1-2" />
    <tag k="addr:full" v="235新北市中和區興南路一段57-1號1-2樓" />
    <tag k="addr:housenumber" v="57-1" />
    <tag k="addr:postcode" v="235" />
    <tag k="addr:street" v="興南路一段" />
    <tag k="amenity" v="restaurant" />
    <tag k="cuisine" v="chinese" />
    <tag k="diet:healthy" v="yes" />
    <tag k="diet:meat" v="yes" />
    <tag k="name" v="12mini" />
    <tag k="opening_hours" v="Mo-Su 11:00-22:30" />
  </node>
  <node id="9362998862" lat="24.9901037" lon="121.5088111">
    <tag k="addr:city" v="新北市" />
    <tag k="addr:country" v="TW" />
    <tag k="addr:district" v="中和區" />
    <tag k="addr:floor" v="1" />
    <tag k="addr:full" v="新北市中和區捷運路18號一樓" />
    <tag k="addr:housenumber" v="18" />
    <tag k="addr:street" v="捷運路" />
    <tag k="alt_name" v="Shopee Xpress" />
    <tag k="branch" v="中和捷運店" />
    <tag k="brand" v="蝦皮店到店" />
    <tag k="brand:en" v="Shopee Xpress" />
    <tag k="brand:wikidata" v="Q109676747" />
    <tag k="brand:zh" v="蝦皮店到店" />
    <tag k="name" v="蝦皮店到店" />
    <tag k="name:en" v="Shopee Xpress" />
    <tag k="name:zh" v="蝦皮店到店" />
    <tag k="name:zh-Hant" v="蝦皮店到店" />
    <tag k="office" v="courier" />
    <tag k="opening_hours" v="Mo-Su 10:30-22:00" />
    <tag k="shop" v="convenience" />
  </node>
  <node id="9625809257" lat="24.9895680" lon="121.5095680">
    <tag k="amenity" v="parcel_locker" />
    <tag k="brand" v="i郵箱" />
    <tag k="brand:en" v="iBox" />
    <tag k="brand:nan" v="i-iû-siuⁿ" />
    <tag k="brand:nan-Hant" v="i郵箱" />
    <tag k="brand:nan-Latn-pehoeji" v="i-iû-siuⁿ" />
    <tag k="brand:nan-Latn-tailo" v="i-iû-siunn" />
    <tag k="brand:wikidata" v="Q4375439" />
    <tag k="brand:zh" v="i郵箱" />
    <tag k="brand:zh-Hans" v="i邮箱" />
    <tag k="brand:zh-Hant" v="i郵箱" />
    <tag k="capacity" v="30" />
    <tag k="description" v="23500新北市中和區捷運路6號，3.4號出口亞尼克販賣機右側" />
    <tag k="description:payment" v="郵政金融卡/悠遊卡/一卡通/愛金卡" />
    <tag k="name" v="北捷南勢角站i郵箱" />
    <tag k="note" v="四代櫃(智慧郵筒)" />
    <tag k="opening_hours" v="Mo-Su 06:00-24:00" />
    <tag k="operator" v="中華郵政" />
    <tag k="operator:en" v="Chunghwa Post" />
    <tag k="operator:nan" v="Tiong-hôa Iû-chèng" />
    <tag k="operator:nan-Hant" v="中華郵政" />
    <tag k="operator:nan-Latn-pehoeji" v="Tiong-hôa Iû-chèng" />
    <tag k="operator:nan-Latn-tailo" v="Tiong-huâ Iû-tsìng" />
    <tag k="operator:wikidata" v="Q709259" />
    <tag k="operator:wikipedia" v="zh:中華郵政" />
    <tag k="operator:zh" v="中華郵政" />
    <tag k="operator:zh-Hans" v="中华邮政" />
    <tag k="operator:zh-Hant" v="中華郵政" />
    <tag k="parcel_mail_in" v="yes" />
    <tag k="parcel_pickup" v="yes" />
    <tag k="payment:ep_easycard" v="yes" />
    <tag k="payment:ep_icash" v="yes" />
    <tag k="payment:ep_ipass" v="yes" />
    <tag k="refrigerated" v="no" />
    <tag k="source" v="中華郵政" />
    <tag k="source:date" v="2021-10-05 16:58" />
    <tag k="source:url" v="https://data.gov.tw/dataset/52779" />
  </node>
  <node id="10074183318" lat="24.9949181" lon="121.4291671" />
  <node id="11434316013" lat="24.9718749" lon="121.3966663" />
  <node id="11434316014" lat="24.9717435" lon="121.3965755" />
  <node id="11434316015" lat="24.9714316" lon="121.3969591" />
  <node id="11434316016" lat="24.9715978" lon="121.3970179" />
  <node id="11434316031" lat="24.9721783" lon="121.3947274" />
  <node id="11449095246" lat="24.9963600" lon="121.4285300">
    <tag k="alt_name" v="YouBike2.0_樹林藝文綜合行政大樓停車場" />
    <tag k="alt_name:en" v="YouBike2.0_Shulin Art &amp; Administrative Center Parking Lot" />
    <tag k="alt_name:zh" v="YouBike2.0_樹林藝文綜合行政大樓停車場" />
    <tag k="alt_name:zh-Bopo" v="YouBike2.0_ㄕㄨˋㄌㄧㄣˊㄧˋㄨㄣˊㄗㄨㄥㄏㄜˊㄒㄧㄥˊㄓㄥˋㄉㄚˋㄌㄡˊㄊㄧㄥˊㄔㄜㄔㄤˇ" />
    <tag k="alt_name:zh-Hans" v="YouBike2.0_树林艺文综合行政大楼停车场" />
    <tag k="alt_name:zh-Hant" v="YouBike2.0_樹林藝文綜合行政大樓停車場" />
    <tag k="alt_name:zh-Latn-pinyin" v="YouBike2.0_shùlínyìwénzōnghéxíngzhèngdàlóutíngchēchǎng" />
    <tag k="amenity" v="bicycle_rental" />
    <tag k="authentication:app" v="yes" />
    <tag k="authentication:contactless" v="yes" />
    <tag k="authentication:membership_card" v="yes" />
    <tag k="bicycle_rental" v="docking_station" />
    <tag k="brand" v="YouBike 2.0" />
    <tag k="brand:en" v="YouBike 2.0" />
    <tag k="brand:wikidata" v="Q20687952" />
    <tag k="brand:zh" v="微笑單車2.0" />
    <tag k="capacity" v="18" />
    <tag k="description" v="樹新路135號(對面)" />
    <tag k="description:en" v="No. 135, Shuxin Rd.(Opposite)" />
    <tag k="description:zh" v="樹新路135號(對面)" />
    <tag k="description:zh-Hans" v="树新路135号(对面)" />
    <tag k="description:zh-Hant" v="樹新路135號(對面)" />
    <tag k="fee" v="yes" />
    <tag k="name" v="樹林藝文綜合行政大樓停車場" />
    <tag k="name:en" v="Shulin Art &amp; Administrative Center Parking Lot" />
    <tag k="name:zh" v="樹林藝文綜合行政大樓停車場" />
    <tag k="name:zh-Bopo" v="ㄕㄨˋㄌㄧㄣˊㄧˋㄨㄣˊㄗㄨㄥㄏㄜˊㄒㄧㄥˊㄓㄥˋㄉㄚˋㄌㄡˊㄊㄧㄥˊㄔㄜㄔㄤˇ" />
    <tag k="name:zh-Hans" v="树林艺文综合行政大楼停车场" />
    <tag k="name:zh-Hant" v="樹林藝文綜合行政大樓停車場" />
    <tag k="name:zh-Latn-pinyin" v="shùlínyìwénzōnghéxíngzhèngdàlóutíngchēchǎng" />
    <tag k="nat_ref" v="NWT500231059" />
    <tag k="network" v="YouBike 2.0" />
    <tag k="network:en" v="New Taipei City Public Bike" />
    <tag k="network:wikidata" v="Q20687952" />
    <tag k="network:zh" v="新北市公共自行車租賃系統" />
    <tag k="opening_hours" v="24/7" />
    <tag k="operator" v="Giant" />
    <tag k="operator:en" v="YOUBIKE CO." />
    <tag k="operator:type" v="private" />
    <tag k="operator:wikidata" v="Q703557" />
    <tag k="operator:zh" v="微笑單車股份有限公司" />
    <tag k="payment:american_express" v="yes" />
    <tag k="payment:cards" v="yes" />
    <tag k="payment:credit_cards" v="yes" />
    <tag k="payment:ep_easycard" v="yes" />
    <tag k="payment:ep_easywallet" v="yes" />
    <tag k="payment:ep_ipass" v="yes" />
    <tag k="payment:jcb" v="yes" />
    <tag k="payment:mastercard" v="yes" />
    <tag k="payment:visa" v="yes" />
    <tag k="ref" v="500231059" />
    <tag k="rental" v="city_bike" />
    <tag k="source" v="TDX" />
    <tag k="source:date" v="2023-12-13T10:34:03+08:00" />
  </node>
  <node id="12241188632" lat="24.9951260" lon="121.4287353">
    <tag k="amenity" v="toilets" />
    <tag k="name" v="樹林秀泰廁所" />
    <tag k="toilets:disposal" v="chemical" />
  </node>
  <node id="12769536485" lat="24.9898291" lon="121.5087408">
    <tag k="brand" v="7-Eleven" />
    <tag k="brand:wikidata" v="Q259340" />
    <tag k="name" v="7-Eleven" />
    <tag k="shop" v="convenience" />
  </node>
  <node id="12769540190" lat="24.9897406" lon="121.5089259">
    <tag k="amenity" v="cafe" />
    <tag k="brand" v="路易莎咖啡" />
    <tag k="brand:en" v="Louisa Coffee" />
    <tag k="brand:wikidata" v="Q96390921" />
    <tag k="brand:zh" v="路易莎咖啡" />
    <tag k="cuisine" v="coffee_shop" />
    <tag k="name" v="路易莎咖啡" />
    <tag k="name:en" v="Louisa Coffee" />
    <tag k="name:zh" v="路易莎咖啡" />
    <tag k="takeaway" v="yes" />
  </node>
  <node id="12787621845" lat="24.9951811" lon="121.4286743">
    <tag k="addr:city" v="新北市" />
    <tag k="addr:country" v="TW" />
    <tag k="addr:district" v="樹林區" />
    <tag k="addr:floor" v="1" />
    <tag k="addr:full" v="238007新北市樹林區樹新路40-6號一樓" />
    <tag k="addr:housenumber" v="40-6" />
    <tag k="addr:postcode" v="238007" />
    <tag k="addr:street" v="樹新路" />
    <tag k="brand" v="OWNDAYS" />
    <tag k="brand:en" v="OWNDAYS" />
    <tag k="brand:ja" v="オンデーズ" />
    <tag k="brand:wikidata" v="Q11293025" />
    <tag k="level" v="0" />
    <tag k="name" v="OWNDAYS" />
    <tag k="name:en" v="OWNDAYS" />
    <tag k="name:ja" v="オンデーズ" />
    <tag k="operator" v="恩戴適股份有限公司樹林秀泰眼鏡分公司" />
    <tag k="shop" v="optician" />
  </node>
  <node id="12787621846" lat="24.9955136" lon="121.4281597">
    <tag k="addr:city" v="新北市" />
    <tag k="addr:country" v="TW" />
    <tag k="addr:district" v="樹林區" />
    <tag k="addr:floor" v="4" />
    <tag k="addr:full" v="238007新北市樹林區樹新路40-6號四樓" />
    <tag k="addr:housenumber" v="40-6" />
    <tag k="addr:postcode" v="238007" />
    <tag k="addr:street" v="樹新路" />
    <tag k="brand" v="大創百貨" />
    <tag k="brand:en" v="Daiso" />
    <tag k="brand:ja" v="ダイソー" />
    <tag k="brand:wikidata" v="Q12590862" />
    <tag k="brand:zh" v="大創百貨" />
    <tag k="name" v="大創百貨" />
    <tag k="name:en" v="Daiso" />
    <tag k="name:ja" v="ダイソー" />
    <tag k="name:zh" v="大創百貨" />
    <tag k="shop" v="variety_store" />
  </node>
  <node id="12787621847" lat="24.9956259" lon="121.4282524">
    <tag k="addr:city" v="新北市" />
    <tag k="addr:country" v="TW" />
    <tag k="addr:district" v="樹林區" />
    <tag k="addr:floor" v="5" />
    <tag k="addr:full" v="238007新北市樹林區樹新路40-6號五樓" />
    <tag k="addr:housenumber" v="40-6" />
    <tag k="addr:postcode" v="238007" />
    <tag k="addr:street" v="樹新路" />
    <tag k="brand" v="寶雅" />
    <tag k="brand:en" v="POYA" />
    <tag k="brand:wikidata" v="Q15927734" />
    <tag k="brand:zh" v="寶雅" />
    <tag k="name" v="寶雅" />
    <tag k="name:en" v="POYA" />
    <tag k="name:zh" v="寶雅" />
    <tag k="shop" v="chemist" />
  </node>
  <node id="12787621848" lat="24.9953226" lon="121.4284624">
    <tag k="addr:city" v="新北市" />
    <tag k="addr:country" v="TW" />
    <tag k="addr:district" v="樹林區" />
    <tag k="addr:floor" v="6" />
    <tag k="addr:full" v="238007新北市樹林區樹新路40-6號六樓" />
    <tag k="addr:housenumber" v="40-6" />
    <tag k="addr:postcode" v="238007" />
    <tag k="addr:street" v="樹新路" />
    <tag k="branch" v="秀泰樹林店" />
    <tag k="name" v="阿卡將本舖" />
    <tag k="name:en" v="Akachan Honpo" />
    <tag k="name:ja" v="アカチャンホンポ" />
    <tag k="name:zh" v="阿卡將本舖" />
    <tag k="name:zh-Hant" v="阿卡將本舖" />
    <tag k="opening_hours" v="Mo-Su 11:00-22:00" />
    <tag k="phone" v="+886 2 2682 3660" />
    <tag k="shop" v="baby_goods" />
  </node>
  <node id="13138318001" lat="24.9907939" lon="121.5085750">
    <tag k="addr:city" v="新北市" />
    <tag k="addr:country" v="TW" />
    <tag k="addr:district" v="中和區" />
    <tag k="addr:full" v="235新北市中和區和平街56號" />
    <tag k="addr:housenumber" v="56" />
    <tag k="addr:postcode" v="235" />
    <tag k="addr:street" v="和平街" />
    <tag k="branch" v="中和和平店" />
    <tag k="brand" v="全家便利商店" />
    <tag k="brand:en" v="FamilyMart" />
    <tag k="brand:wikidata" v="Q10891564" />
    <tag k="brand:zh" v="全家便利商店" />
    <tag k="name" v="全家便利商店" />
    <tag k="name:en" v="FamilyMart" />
    <tag k="name:zh" v="全家便利商店" />
    <tag k="opening_hours" v="24/7" />
    <tag k="phone" v="+886 2 2944 4304" />
    <tag k="shop" v="convenience" />
    <tag k="website" v="https://www.family.com.tw/" />
  </node>
  <node id="13542499208" lat="24.9935170" lon="121.4270353" />
  <node id="13542499209" lat="24.9934913" lon="121.4270967" />
  <node id="13542499210" lat="24.9932519" lon="121.4269594" />
  <node id="13542499211" lat="24.9931483" lon="121.4273057" />
  <node id="13542499212" lat="24.9932946" lon="121.4274231" />
  <node id="13542499218" lat="24.9944285" lon="121.4276893" />
  <node id="13542499219" lat="24.9944464" lon="121.4282363" />
  <node id="13542521356" lat="24.9940262" lon="121.4272879" />
  <node id="13542521357" lat="24.9942120" lon="121.4268567" />
  <node id="13542521358" lat="24.9950185" lon="121.4274733" />
  <node id="13542521359" lat="24.9948051" lon="121.4278506" />
  <node id="13542521360" lat="24.9946983" lon="121.4277826" />
  <node id="13542521361" lat="24.9946636" lon="121.4278402" />
  <node id="13542521362" lat="24.9944384" lon="121.4276762" />
  <node id="13970641666" lat="25.1598725" lon="121.4248666" />
  <node id="13970641667" lat="25.1598691" lon="121.4250474" />
  <node id="13970641668" lat="25.1604504" lon="121.4251520" />
  <node id="13970641669" lat="25.1604125" lon="121.4254903" />
  <node id="13970641670" lat="25.1602388" lon="121.4254694" />
  <node id="13970641671" lat="25.1602433" lon="121.4254165" />
  <node id="13970641672" lat="25.1598535" lon="121.4253464" />
  <node id="13970641673" lat="25.1598480" lon="121.4254251" />
  <node id="13970641674" lat="25.1596965" lon="121.4254116" />
  <node id="13970641675" lat="25.1596765" lon="121.4254953" />
  <node id="13970641676" lat="25.1594326" lon="121.4254571" />
  <node id="13970641677" lat="25.1592544" lon="121.4247891" />
  <node id="13984824729" lat="24.9894644" lon="121.5105684">
    <tag k="addr:city" v="新北市" />
    <tag k="addr:country" v="TW" />
    <tag k="addr:district" v="中和區" />
    <tag k="addr:full" v="新北市中和區仁愛街3號" />
    <tag k="addr:housenumber" v="3" />
    <tag k="addr:street" v="仁愛街" />
    <tag k="amenity" v="restaurant" />
    <tag k="cuisine" v="japanese" />
    <tag k="name" v="韋食堂" />
  </node>
  <way id="178851449">
    <nd ref="1892027915" />
    <nd ref="5031863128" />
    <nd ref="1892027844" />
    <nd ref="1892027892" />
    <nd ref="6200255640" />
    <nd ref="5031863126" />
    <nd ref="5031863147" />
    <nd ref="5031863145" />
    <nd ref="1892027833" />
    <nd ref="5031863127" />
    <nd ref="1892027842" />
    <nd ref="1892027850" />
    <nd ref="4401768587" />
    <nd ref="1892027915" />
    <tag k="barrier" v="wall" />
    <tag k="landuse" v="industrial" />
    <tag k="name" v="德州儀器" />
    <tag k="name:en" v="Texas Instruments" />
    <tag k="name:zh" v="德州儀器" />
  </way>
  <way id="207584095">
    <nd ref="2178429585" />
    <nd ref="2726466534" />
    <nd ref="2178429612" />
    <nd ref="2178429587" />
    <nd ref="2178429604" />
    <nd ref="2178429567" />
    <nd ref="2178429591" />
    <nd ref="2178429594" />
    <nd ref="2178429578" />
    <nd ref="2178429585" />
    <tag k="landuse" v="residential" />
  </way>
  <way id="207589780">
    <nd ref="2178437911" />
    <nd ref="2178437912" />
    <nd ref="2178437906" />
    <nd ref="2178437904" />
    <nd ref="2440432261" />
    <nd ref="2440432263" />
    <nd ref="2178437909" />
    <nd ref="2178437917" />
    <nd ref="2178437905" />
    <nd ref="2178437908" />
    <nd ref="2178437918" />
    <nd ref="2178437916" />
    <nd ref="2178437919" />
    <nd ref="2178437914" />
    <nd ref="2178437903" />
    <nd ref="2178437902" />
    <nd ref="9156629676" />
    <nd ref="9156629675" />
    <nd ref="9156629674" />
    <nd ref="2178437907" />
    <nd ref="2178437913" />
    <nd ref="2178437910" />
    <nd ref="2178437911" />
    <tag k="landuse" v="residential" />
  </way>
  <way id="233876907">
    <nd ref="2421985412" />
    <nd ref="2421985413" />
    <nd ref="2421985410" />
    <nd ref="2421985408" />
    <nd ref="4919369687" />
    <nd ref="4919369686" />
    <nd ref="4919369685" />
    <nd ref="4919369683" />
    <nd ref="4919369678" />
    <nd ref="4919369684" />
    <nd ref="2421985412" />
    <tag k="addr:floor" v="19" />
    <tag k="landuse" v="residential" />
    <tag k="name" v="南方之星" />
    <tag k="residential" v="apartments" />
  </way>
  <way id="233876913">
    <nd ref="2421985407" />
    <nd ref="2421985411" />
    <nd ref="4733335466" />
    <nd ref="4733335463" />
    <nd ref="2731450081" />
    <nd ref="2421985406" />
    <nd ref="2731450078" />
    <nd ref="2421985405" />
    <nd ref="2421985404" />
    <nd ref="3065314221" />
    <nd ref="2421985407" />
    <tag k="alt_name" v="興南觀光夜市" />
    <tag k="amenity" v="marketplace" />
    <tag k="landuse" v="retail" />
    <tag k="name" v="興南夜市" />
    <tag k="name:en" v="Xingnan Night Market" />
    <tag k="name:zh" v="興南夜市" />
  </way>
  <way id="238522460">
    <nd ref="2463477699" />
    <nd ref="2463477700" />
    <nd ref="2463477701" />
    <nd ref="2178429591" />
    <nd ref="2178429594" />
    <nd ref="2463477703" />
    <nd ref="2463477704" />
    <nd ref="6595513657" />
    <nd ref="6595513658" />
    <nd ref="2463650228" />
    <nd ref="8301495016" />
    <nd ref="8301496417" />
    <nd ref="8301496418" />
    <nd ref="8301496471" />
    <nd ref="8301496419" />
    <nd ref="8301496421" />
    <nd ref="8301496420" />
    <nd ref="2463477705" />
    <nd ref="2463477706" />
    <nd ref="2463477699" />
    <tag k="landuse" v="residential" />
  </way>
  <way id="267171374">
    <nd ref="2726466536" />
    <nd ref="2726466537" />
    <nd ref="2726466538" />
    <nd ref="2726466539" />
    <nd ref="2726466540" />
    <nd ref="2726466542" />
    <nd ref="13542499219" />
    <nd ref="2726466543" />
    <nd ref="13542499218" />
    <nd ref="2726466544" />
    <nd ref="13542499208" />
    <nd ref="13542499209" />
    <nd ref="13542499210" />
    <nd ref="13542499211" />
    <nd ref="13542499212" />
    <nd ref="2726466536" />
    <tag k="alt_name" v="樹林大市" />
    <tag k="landuse" v="retail" />
    <tag k="name" v="保安市場" />
  </way>
  <way id="297181761">
    <nd ref="3010329369" />
    <nd ref="3010329370" />
    <nd ref="3010329371" />
    <nd ref="3010329372" />
    <nd ref="3010329373" />
    <nd ref="3010329377" />
    <nd ref="3010329379" />
    <nd ref="3010329380" />
    <nd ref="3010329381" />
    <nd ref="3010329382" />
    <nd ref="3010329378" />
    <nd ref="3010329374" />
    <nd ref="3010329369" />
    <tag k="landuse" v="residential" />
  </way>
  <way id="310268614">
    <nd ref="3156766275" />
    <nd ref="3156766276" />
    <nd ref="3156766278" />
    <nd ref="2541115898" />
    <nd ref="4935487081" />
    <nd ref="3156766275" />
    <tag k="access" v="private" />
    <tag k="landuse" v="garages" />
    <tag k="name" v="台北客運樹林站/檢修班" />
    <tag k="operator" v="台北客運" />
  </way>
  <way id="381167307">
    <nd ref="3844069894" />
    <nd ref="3743029411" />
    <nd ref="3844069895" />
    <nd ref="6841334933" />
    <nd ref="3844069896" />
    <nd ref="3844069897" />
    <nd ref="3844069898" />
    <nd ref="3844069899" />
    <nd ref="3844069900" />
    <nd ref="3844069894" />
    <tag k="landuse" v="retail" />
    <tag k="name" v="樹林秀泰4" />
  </way>
  <way id="481179947">
    <nd ref="4741162033" />
    <nd ref="4741162034" />
    <nd ref="4741162035" />
    <nd ref="4741162036" />
    <nd ref="4741162033" />
    <tag k="landuse" v="industrial" />
  </way>
  <way id="481179949">
    <nd ref="4741162044" />
    <nd ref="4741162045" />
    <nd ref="4741162046" />
    <nd ref="4741162047" />
    <nd ref="4741162048" />
    <nd ref="4741162049" />
    <nd ref="4741162050" />
    <nd ref="4741162051" />
    <nd ref="4741162052" />
    <nd ref="4741162053" />
    <nd ref="4741162054" />
    <nd ref="4741162055" />
    <nd ref="4741162056" />
    <nd ref="4741162057" />
    <nd ref="4741162058" />
    <nd ref="4741162059" />
    <nd ref="4741162060" />
    <nd ref="4741162061" />
    <nd ref="4741162062" />
    <nd ref="4741162063" />
    <nd ref="4741162044" />
    <tag k="landuse" v="industrial" />
  </way>
  <way id="499928220">
    <nd ref="4911082346" />
    <nd ref="4911082345" />
    <nd ref="4911082344" />
    <nd ref="4911082343" />
    <nd ref="4911082346" />
    <tag k="landuse" v="railway" />
    <tag k="layer" v="-4" />
    <tag k="name" v="台北捷運中和機廠" />
    <tag k="name:en" v="Zhonghe Depot, Taipei MRT" />
    <tag k="name:zh" v="台北捷運中和機廠" />
    <tag k="operator" v="臺北捷運公司" />
    <tag k="operator:en" v="Taipei Metro" />
    <tag k="operator:zh" v="臺北捷運公司" />
  </way>
  <way id="515174311">
    <nd ref="5031863147" />
    <nd ref="5031863148" />
    <nd ref="5031863149" />
    <nd ref="5031863150" />
    <nd ref="5031863126" />
    <nd ref="5031863147" />
    <tag k="alt_name" v="德儀C/S;德儀用戶變電所" />
    <tag k="alt_name:en" v="Texas Instruments C/S;Texas Instruments Consumer Substation" />
    <tag k="alt_name:zh" v="德儀C/S;德儀用戶變電所" />
    <tag k="barrier" v="fence" />
    <tag k="landuse" v="industrial" />
    <tag k="location" v="indoor" />
    <tag k="name" v="德儀變電所" />
    <tag k="name:en" v="Texas Instruments Substation" />
    <tag k="name:zh" v="德儀變電所" />
    <tag k="operator" v="德州儀器" />
    <tag k="operator:en" v="Texas Instruments" />
    <tag k="operator:wikidata" v="Q193412" />
    <tag k="operator:zh" v="德州儀器" />
    <tag k="power" v="substation" />
    <tag k="substation" v="industrial" />
    <tag k="utility" v="power" />
    <tag k="voltage" v="69000;22000" />
  </way>
  <way id="534255118">
    <nd ref="5181714320" />
    <nd ref="5181714321" />
    <nd ref="5181714326" />
    <nd ref="5181714322" />
    <nd ref="5181714323" />
    <nd ref="5181714324" />
    <nd ref="5181714325" />
    <nd ref="5181714320" />
    <tag k="landuse" v="industrial" />
  </way>
  <way id="534255119">
    <nd ref="5181714327" />
    <nd ref="5181714328" />
    <nd ref="5181714329" />
    <nd ref="5181714330" />
    <nd ref="5181714331" />
    <nd ref="5181714332" />
    <nd ref="5181714333" />
    <nd ref="5181714327" />
    <tag k="landuse" v="industrial" />
  </way>
  <way id="534255120">
    <nd ref="5181714334" />
    <nd ref="5181714335" />
    <nd ref="5181714336" />
    <nd ref="5181714337" />
    <nd ref="5181714338" />
    <nd ref="5181714334" />
    <tag k="landuse" v="residential" />
  </way>
  <way id="534255125">
    <nd ref="5181714359" />
    <nd ref="5181714360" />
    <nd ref="5181714361" />
    <nd ref="5181714362" />
    <nd ref="5181714363" />
    <nd ref="5181714364" />
    <nd ref="5181714365" />
    <nd ref="5181714366" />
    <nd ref="5181714367" />
    <nd ref="5181714359" />
    <tag k="landuse" v="residential" />
  </way>
  <way id="534255126">
    <nd ref="5181714368" />
    <nd ref="5181714369" />
    <nd ref="5181714370" />
    <nd ref="5181714371" />
    <nd ref="5181714372" />
    <nd ref="5181714373" />
    <nd ref="5181714374" />
    <nd ref="5181714368" />
    <tag k="landuse" v="residential" />
  </way>
  <way id="534255129">
    <nd ref="5181714385" />
    <nd ref="5181714386" />
    <nd ref="5181714391" />
    <nd ref="5181714392" />
    <nd ref="5181714387" />
    <nd ref="5181714388" />
    <nd ref="5181714389" />
    <nd ref="5181714390" />
    <nd ref="5181714385" />
    <tag k="landuse" v="residential" />
  </way>
  <way id="534255130">
    <nd ref="5181714393" />
    <nd ref="5181714394" />
    <nd ref="5181714395" />
    <nd ref="5181714396" />
    <nd ref="5181714397" />
    <nd ref="5181714398" />
    <nd ref="5181714399" />
    <nd ref="5181714400" />
    <nd ref="5181714401" />
    <nd ref="5181714402" />
    <nd ref="5181714393" />
    <tag k="landuse" v="industrial" />
  </way>
  <way id="534255134">
    <nd ref="5181714415" />
    <nd ref="5181714416" />
    <nd ref="5181714417" />
    <nd ref="5182847843" />
    <nd ref="5181714418" />
    <nd ref="5181714419" />
    <nd ref="5181714415" />
    <tag k="landuse" v="residential" />
  </way>
  <way id="534255136">
    <nd ref="5181714423" />
    <nd ref="5181714424" />
    <nd ref="5181714425" />
    <nd ref="5181714426" />
    <nd ref="5181714423" />
    <tag k="landuse" v="residential" />
  </way>
  <way id="534406511">
    <nd ref="5182847711" />
    <nd ref="11434316031" />
    <nd ref="5182847833" />
    <nd ref="5182847832" />
    <nd ref="5182847712" />
    <nd ref="5182847713" />
    <nd ref="5182847714" />
    <nd ref="5182847715" />
    <nd ref="5182847711" />
    <tag k="landuse" v="residential" />
    <tag k="name" v="中山名人錄" />
    <tag k="residential" v="apartments" />
  </way>
  <way id="534406516">
    <nd ref="5182847831" />
    <nd ref="5182847832" />
    <nd ref="5182847833" />
    <nd ref="5182847834" />
    <nd ref="5182847837" />
    <nd ref="5182847831" />
    <tag k="landuse" v="residential" />
  </way>
  <way id="594983300">
    <nd ref="5672021901" />
    <nd ref="5672021902" />
    <nd ref="5672021903" />
    <nd ref="5672021904" />
    <nd ref="5672021905" />
    <nd ref="5672021906" />
    <nd ref="5672022056" />
    <nd ref="5672021907" />
    <nd ref="5672021909" />
    <nd ref="5672021910" />
    <nd ref="5672021908" />
    <nd ref="5672021911" />
    <nd ref="5672021901" />
    <tag k="landuse" v="residential" />
    <tag k="name" v="家麒皇家" />
    <tag k="residential" v="apartments" />
  </way>
  <way id="594983301">
    <nd ref="5672021907" />
    <nd ref="5672021909" />
    <nd ref="5672021910" />
    <nd ref="5672021908" />
    <nd ref="5672021912" />
    <nd ref="10074183318" />
    <nd ref="5672021913" />
    <nd ref="5672022056" />
    <nd ref="5672021907" />
    <tag k="landuse" v="residential" />
    <tag k="name" v="第一家庭社區二期" />
  </way>
  <way id="594983312">
    <nd ref="5672021912" />
    <nd ref="5672022054" />
    <nd ref="5672022055" />
    <nd ref="5672021913" />
    <nd ref="10074183318" />
    <nd ref="5672021912" />
    <tag k="landuse" v="residential" />
  </way>
  <way id="1232615229">
    <nd ref="11434316013" />
    <nd ref="11434316014" />
    <nd ref="11434316015" />
    <nd ref="11434316016" />
    <nd ref="11434316013" />
    <tag k="landuse" v="residential" />
  </way>
  <way id="1476379472">
    <nd ref="13542521356" />
    <nd ref="13542521357" />
    <nd ref="13542521358" />
    <nd ref="13542521359" />
    <nd ref="13542521360" />
    <nd ref="13542521361" />
    <nd ref="13542521362" />
    <nd ref="13542521356" />
    <tag k="landuse" v="residential" />
  </way>
  <way id="1533024485">
    <nd ref="13970641677" />
    <nd ref="13970641676" />
    <nd ref="13970641675" />
    <nd ref="13970641674" />
    <nd ref="13970641673" />
    <nd ref="13970641672" />
    <nd ref="13970641671" />
    <nd ref="13970641670" />
    <nd ref="13970641669" />
    <nd ref="13970641668" />
    <nd ref="13970641667" />
    <nd ref="13970641666" />
    <nd ref="13970641677" />
    <tag k="landuse" v="industrial" />
  </way>

<note>The data included in this document is from www.openstreetmap.org. The data is made available under ODbL.</note>
<meta osm_base="2026-06-01T08:52:28Z" />

  <node id="2526629176" lat="25.0402968" lon="121.4457950">
    <tag k="bench" v="no" />
    <tag k="bus" v="yes" />
    <tag k="highway" v="bus_stop" />
    <tag k="name" v="新泰國中南" />
    <tag k="public_transport" v="platform" />
    <tag k="shelter" v="no" />
  </node>
  <node id="2526629179" lat="25.0407474" lon="121.4456867">
    <tag k="bench" v="no" />
    <tag k="bus" v="yes" />
    <tag k="highway" v="bus_stop" />
    <tag k="name" v="新泰國中南" />
    <tag k="public_transport" v="platform" />
  </node>
  <node id="2526629215" lat="25.0394503" lon="121.4464156">
    <tag k="bus" v="yes" />
    <tag k="highway" v="bus_stop" />
    <tag k="name" v="材試所" />
    <tag k="name:en" v="Materials Testing Laboratory" />
    <tag k="name:zh" v="材試所" />
    <tag k="network" v="新北市公車" />
    <tag k="network:en" v="New Taipei City Bus" />
    <tag k="network:nan" v="Sin-pak-chhī Kong-chhia" />
    <tag k="network:nan-Hant" v="新北市公車" />
    <tag k="network:nan-Latn-pehoeji" v="Sin-pak-chhī Kong-chhia" />
    <tag k="network:nan-Latn-tailo" v="Sin-pak-tshī Kong-tshia" />
    <tag k="network:wikidata" v="Q21652250" />
    <tag k="network:zh" v="新北市公車" />
    <tag k="public_transport" v="platform" />
    <tag k="shelter" v="no" />
  </node>
  <node id="2713455199" lat="25.0414686" lon="121.4452102">
    <tag k="bus" v="yes" />
    <tag k="highway" v="bus_stop" />
    <tag k="name" v="新泰復興路口" />
    <tag k="name:en" v="Xintai &amp; Fuxing Intersection" />
    <tag k="name:zh" v="新泰復興路口" />
    <tag k="network" v="新北市公車" />
    <tag k="old_name" v="新泰國中南站" />
    <tag k="old_name:en" v="Xintai Junior High School South Stop" />
    <tag k="old_name:zh" v="新泰國中南站" />
    <tag k="public_transport" v="platform" />
    <tag k="shelter" v="no" />
  </node>
  <node id="2713455200" lat="25.0414054" lon="121.4450680">
    <tag k="bus" v="yes" />
    <tag k="highway" v="bus_stop" />
    <tag k="name" v="新泰復興路口" />
    <tag k="name:en" v="Xintai &amp; Fuxing Intersection" />
    <tag k="name:zh" v="新泰復興路口" />
    <tag k="network" v="新北市公車" />
    <tag k="old_name" v="新泰國中南站" />
    <tag k="old_name:en" v="Xintai Junior High School South Stop" />
    <tag k="old_name:zh" v="新泰國中南站" />
    <tag k="public_transport" v="platform" />
    <tag k="shelter" v="no" />
  </node>
  <node id="2831356580" lat="25.0392769" lon="121.4451492">
    <tag k="name" v="MERIDA" />
    <tag k="shop" v="bicycle" />
  </node>
  <node id="3351131265" lat="25.0772140" lon="121.4692360" />
  <node id="3351131266" lat="25.0774298" lon="121.4688012" />
  <node id="3351131268" lat="25.0784141" lon="121.4696291" />
  <node id="3351131269" lat="25.0785526" lon="121.4691843" />
  <node id="3412767643" lat="24.9961375" lon="121.4974431">
    <tag k="amenity" v="place_of_worship" />
    <tag k="name" v="中和慈聖宮" />
    <tag k="religion" v="taoist" />
  </node>
  <node id="3416263824" lat="24.9953611" lon="121.4975133">
    <tag k="alt_name" v="統一超商" />
    <tag k="brand" v="7-Eleven" />
    <tag k="brand:en" v="7-Eleven" />
    <tag k="brand:wikidata" v="Q259340" />
    <tag k="brand:wikipedia" v="en:7-Eleven" />
    <tag k="name" v="7-Eleven" />
    <tag k="payment:ep_easycard" v="yes" />
    <tag k="payment:ep_ipass" v="yes" />
    <tag k="shop" v="convenience" />
  </node>
  <node id="3416263825" lat="24.9950453" lon="121.4976071">
    <tag k="name" v="show hair造型沙龍" />
    <tag k="shop" v="hairdresser" />
  </node>
  <node id="3416263827" lat="24.9946129" lon="121.4974488">
    <tag k="amenity" v="restaurant" />
    <tag k="name" v="大呼過癮" />
  </node>
  <node id="3416263828" lat="24.9952164" lon="121.4976539">
    <tag k="amenity" v="restaurant" />
    <tag k="name" v="溫州大餛飩" />
  </node>
  <node id="3416263833" lat="24.9951226" lon="121.4976958">
    <tag k="name" v="CHIC髮妝沙龍" />
    <tag k="shop" v="hairdresser" />
  </node>
  <node id="3416263834" lat="24.9948926" lon="121.4975908">
    <tag k="amenity" v="restaurant" />
    <tag k="name" v="板橋謝記清湯肉圓" />
  </node>
  <node id="3416263836" lat="24.9947268" lon="121.4974530">
    <tag k="name" v="Art Yes hair salon" />
    <tag k="shop" v="hairdresser" />
  </node>
  <node id="3416263837" lat="24.9950215" lon="121.4974219">
    <tag k="amenity" v="restaurant" />
    <tag k="name" v="老家便當" />
    <tag k="takeaway" v="yes" />
  </node>
  <node id="3416263838" lat="24.9953222" lon="121.4976850">
    <tag k="branch" v="中和安邦店" />
    <tag k="brand" v="全家便利商店" />
    <tag k="brand:en" v="FamilyMart" />
    <tag k="brand:ja" v="ファミリーマート" />
    <tag k="brand:wikidata" v="Q10891564" />
    <tag k="brand:zh" v="全家便利商店" />
    <tag k="name" v="全家便利商店" />
    <tag k="name:en" v="FamilyMart" />
    <tag k="name:zh" v="全家便利商店" />
    <tag k="payment:ep_easycard" v="yes" />
    <tag k="payment:ep_ipass" v="yes" />
    <tag k="shop" v="convenience" />
  </node>
  <node id="3417501599" lat="24.9956001" lon="121.4980252">
    <tag k="addr:city" v="新北市" />
    <tag k="addr:country" v="TW" />
    <tag k="addr:district" v="中和區" />
    <tag k="addr:full" v="新北市中和區圓通路157號1樓" />
    <tag k="addr:housenumber" v="157" />
    <tag k="addr:postcode" v="235" />
    <tag k="addr:street" v="圓通路" />
    <tag k="amenity" v="restaurant" />
    <tag k="name" v="喜登活力早餐屋" />
  </node>
  <node id="3417501602" lat="24.9958067" lon="121.4983687">
    <tag k="amenity" v="pharmacy" />
    <tag k="healthcare" v="pharmacy" />
    <tag k="name" v="顧藥局" />
  </node>
  <node id="3417501603" lat="24.9957006" lon="121.4983171">
    <tag k="addr:city" v="新北市" />
    <tag k="addr:country" v="TW" />
    <tag k="addr:district" v="中和區" />
    <tag k="addr:full" v="新北市中和區圓通路153號1樓" />
    <tag k="addr:housenumber" v="153" />
    <tag k="addr:postcode" v="235" />
    <tag k="addr:street" v="圓通路" />
    <tag k="branch" v="中和圓通二店" />
    <tag k="brand" v="美廉社" />
    <tag k="brand:en" v="Simple Mart" />
    <tag k="brand:nan" v="Bí-liâm-siā" />
    <tag k="brand:nan-Hant" v="美廉社" />
    <tag k="brand:nan-Latn-pehoeji" v="Bí-liâm-siā" />
    <tag k="brand:nan-Latn-tailo" v="Bí-liâm-siā" />
    <tag k="brand:wikidata" v="Q15914017" />
    <tag k="brand:zh" v="美廉社" />
    <tag k="name" v="美廉社" />
    <tag k="name:en" v="Simple Mart" />
    <tag k="name:nan" v="Bí-liâm-siā" />
    <tag k="name:nan-Hant" v="美廉社" />
    <tag k="name:nan-Latn-pehoeji" v="Bí-liâm-siā" />
    <tag k="name:nan-Latn-tailo" v="Bí-liâm-siā" />
    <tag k="name:zh" v="美廉社" />
    <tag k="operator" v="三商企業集團" />
    <tag k="operator:en" v="Mercuries Group" />
    <tag k="operator:wikidata" v="Q10865578" />
    <tag k="operator:zh" v="三商企業集團" />
    <tag k="shop" v="supermarket" />
  </node>
  <node id="3417501604" lat="24.9956876" lon="121.4983980">
    <tag k="addr:city" v="新北市" />
    <tag k="addr:country" v="TW" />
    <tag k="addr:district" v="中和區" />
    <tag k="addr:full" v="新北市中和區圓通路149號1樓" />
    <tag k="addr:housenumber" v="149" />
    <tag k="addr:postcode" v="235" />
    <tag k="addr:street" v="圓通路" />
    <tag k="amenity" v="pharmacy" />
    <tag k="healthcare" v="pharmacy" />
    <tag k="name" v="悅聖藥局" />
  </node>
  <node id="3417501605" lat="24.9947614" lon="121.4972957">
    <tag k="amenity" v="restaurant" />
    <tag k="name" v="豬媽媽" />
  </node>
  <node id="3417501607" lat="24.9957702" lon="121.4980272">
    <tag k="amenity" v="restaurant" />
    <tag k="name" v="卡好呷中西複合早餐" />
  </node>
  <node id="3417501611" lat="24.9956366" lon="121.4981352">
    <tag k="addr:city" v="新北市" />
    <tag k="addr:country" v="TW" />
    <tag k="addr:district" v="中和區" />
    <tag k="addr:full" v="新北市中和區圓通路155號1樓" />
    <tag k="addr:housenumber" v="155" />
    <tag k="addr:postcode" v="235" />
    <tag k="addr:street" v="圓通路" />
    <tag k="amenity" v="restaurant" />
    <tag k="name" v="多來家早午餐" />
  </node>
  <node id="3417501617" lat="24.9957898" lon="121.4982560">
    <tag k="amenity" v="restaurant" />
    <tag k="cuisine" v="beef_noodle" />
    <tag k="name" v="李家牛肉麵" />
  </node>
  <node id="3417501618" lat="24.9958419" lon="121.4984749">
    <tag k="name" v="金寧食品有限公司" />
    <tag k="shop" v="convenience" />
  </node>
  <node id="3421863346" lat="24.9955074" lon="121.4974221">
    <tag k="amenity" v="place_of_worship" />
    <tag k="name" v="力行福德宮" />
    <tag k="religion" v="taoist" />
  </node>
  <node id="3457851830" lat="24.9963558" lon="121.4993204">
    <tag k="addr:city" v="新北市" />
    <tag k="addr:country" v="TW" />
    <tag k="addr:district" v="中和區" />
    <tag k="addr:full" v="235新北市中和區圓通路117號" />
    <tag k="addr:housenumber" v="117" />
    <tag k="addr:place" v="中和區" />
    <tag k="addr:postcode" v="235" />
    <tag k="addr:street" v="圓通路" />
    <tag k="name" v="啾啾寵物工坊" />
    <tag k="shop" v="pet" />
  </node>
  <node id="3457851833" lat="24.9957257" lon="121.4986165">
    <tag k="bus" v="yes" />
    <tag k="highway" v="bus_stop" />
    <tag k="name" v="大同育幼院" />
    <tag k="public_transport" v="platform" />
  </node>
  <node id="3457851834" lat="24.9957943" lon="121.4985593">
    <tag k="bus" v="yes" />
    <tag k="highway" v="bus_stop" />
    <tag k="name" v="大同育幼院" />
    <tag k="public_transport" v="platform" />
  </node>
  <node id="3457851838" lat="24.9964420" lon="121.4993721">
    <tag k="name" v="永順理髮店" />
    <tag k="shop" v="hairdresser" />
  </node>
  <node id="3457851844" lat="24.9962513" lon="121.4990433">
    <tag k="addr:city" v="新北市" />
    <tag k="addr:country" v="TW" />
    <tag k="addr:district" v="中和區" />
    <tag k="addr:full" v="新北市中和區圓通路118號1樓" />
    <tag k="addr:housenumber" v="118" />
    <tag k="addr:postcode" v="235" />
    <tag k="addr:street" v="圓通路" />
    <tag k="amenity" v="restaurant" />
    <tag k="name" v="鴨味仔薑母鴨" />
  </node>
  <node id="3463230927" lat="24.9957709" lon="121.4989868">
    <tag k="name" v="法柏室內設計" />
    <tag k="shop" v="interior_decoration" />
  </node>
  <node id="3464575491" lat="24.9961632" lon="121.4976062">
    <tag k="amenity" v="recycling" />
    <tag k="recycling:clothes" v="yes" />
  </node>
  <node id="3464575492" lat="24.9962686" lon="121.4973235">
    <tag k="amenity" v="bench" />
    <tag k="material" v="stone" />
  </node>
  <node id="3464577793" lat="24.9963959" lon="121.4972625">
    <tag k="amenity" v="shelter" />
    <tag k="shelter_type" v="weather_shelter" />
  </node>
  <node id="3464577795" lat="24.9965698" lon="121.4972260">
    <tag k="amenity" v="bench" />
    <tag k="material" v="stone" />
  </node>
  <node id="3464577797" lat="24.9967216" lon="121.4971954">
    <tag k="amenity" v="bench" />
    <tag k="material" v="stone" />
  </node>
  <node id="3523782379" lat="24.9965998" lon="121.4982244">
    <tag k="amenity" v="recycling" />
    <tag k="recycling:clothes" v="yes" />
  </node>
  <node id="3523782385" lat="24.9948178" lon="121.4970781">
    <tag k="addr:city" v="新北市" />
    <tag k="addr:country" v="TW" />
    <tag k="addr:district" v="中和區" />
    <tag k="addr:full" v="新北市中和區板南路238-1號1樓" />
    <tag k="addr:housenumber" v="238-1" />
    <tag k="addr:postcode" v="235" />
    <tag k="addr:street" v="板南路" />
    <tag k="amenity" v="fast_food" />
    <tag k="cuisine" v="sandwich" />
    <tag k="name" v="御品早餐屋" />
  </node>
  <node id="3700823294" lat="25.0794387" lon="121.4696643">
    <tag k="bus" v="yes" />
    <tag k="highway" v="bus_stop" />
    <tag k="name" v="和平路口" />
    <tag k="public_transport" v="platform" />
  </node>
  <node id="3700965681" lat="25.0793920" lon="121.4719228">
    <tag k="bus" v="yes" />
    <tag k="highway" v="bus_stop" />
    <tag k="name" v="民生街口" />
    <tag k="public_transport" v="platform" />
  </node>
  <node id="3700965683" lat="25.0789539" lon="121.4715385">
    <tag k="name" v="燦坤" />
    <tag k="shop" v="electronics" />
  </node>
  <node id="3700965687" lat="25.0792053" lon="121.4717126">
    <tag k="addr:city" v="新北市" />
    <tag k="addr:country" v="TW" />
    <tag k="addr:district" v="蘆洲區" />
    <tag k="addr:full" v="新北市蘆洲區中山一路293號" />
    <tag k="addr:housenumber" v="293" />
    <tag k="addr:street" v="中山一路" />
    <tag k="branch" v="蘆洲中山一" />
    <tag k="brand" v="萊爾富" />
    <tag k="brand:en" v="Hi-Life" />
    <tag k="brand:wikidata" v="Q11326216" />
    <tag k="brand:zh" v="萊爾富" />
    <tag k="name" v="萊爾富" />
    <tag k="name:en" v="Hi-Life" />
    <tag k="name:ja" v="ハイライフ" />
    <tag k="name:zh" v="萊爾富" />
    <tag k="opening_hours" v="24/7" />
    <tag k="payment:ep_easycard" v="yes" />
    <tag k="payment:ep_ipass" v="yes" />
    <tag k="shop" v="convenience" />
  </node>
  <node id="3710078774" lat="24.9956782" lon="121.4982390">
    <tag k="name" v="君之菓" />
    <tag k="shop" v="greengrocer" />
  </node>
  <node id="3837357661" lat="24.9956884" lon="121.4978205">
    <tag k="addr:city" v="新北市" />
    <tag k="addr:country" v="TW" />
    <tag k="addr:district" v="中和區" />
    <tag k="addr:full" v="新北市中和區圓通路156之1號1樓" />
    <tag k="addr:housenumber" v="156之1" />
    <tag k="addr:postcode" v="235" />
    <tag k="addr:street" v="圓通路" />
    <tag k="name" v="和記刻印" />
    <tag k="shop" v="gift" />
  </node>
  <node id="3837357662" lat="24.9963228" lon="121.4970681">
    <tag k="addr:city" v="新北市" />
    <tag k="addr:country" v="TW" />
    <tag k="addr:district" v="中和區" />
    <tag k="addr:full" v="新北市中和區安邦街91號1樓" />
    <tag k="addr:housenumber" v="91" />
    <tag k="addr:postcode" v="235" />
    <tag k="addr:street" v="安邦街" />
    <tag k="amenity" v="dentist" />
    <tag k="healthcare" v="dentist" />
    <tag k="name" v="嘉美牙醫診所" />
  </node>
  <node id="3837357664" lat="24.9956148" lon="121.4975547">
    <tag k="addr:city" v="新北市" />
    <tag k="addr:country" v="TW" />
    <tag k="addr:district" v="中和區" />
    <tag k="addr:full" v="新北市中和區圓通路160號1樓" />
    <tag k="addr:housenumber" v="160" />
    <tag k="addr:postcode" v="235" />
    <tag k="addr:street" v="圓通路" />
    <tag k="amenity" v="kindergarten" />
    <tag k="education" v="kindergarten" />
    <tag k="name" v="新北市私立成真幼兒園" />
  </node>
  <node id="3837357665" lat="24.9961267" lon="121.4971945">
    <tag k="addr:city" v="新北市" />
    <tag k="addr:country" v="TW" />
    <tag k="addr:district" v="中和區" />
    <tag k="addr:full" v="新北市中和區安邦街95號1樓" />
    <tag k="addr:housenumber" v="95" />
    <tag k="addr:postcode" v="235" />
    <tag k="addr:street" v="安邦街" />
    <tag k="name" v="水采田養食工坊" />
    <tag k="shop" v="bakery" />
  </node>
  <node id="3837357666" lat="24.9955953" lon="121.4973394">
    <tag k="addr:city" v="新北市" />
    <tag k="addr:country" v="TW" />
    <tag k="addr:district" v="中和區" />
    <tag k="addr:full" v="新北市中和區安邦街130號1樓" />
    <tag k="addr:housenumber" v="130" />
    <tag k="addr:postcode" v="235" />
    <tag k="addr:street" v="安邦街" />
    <tag k="amenity" v="dentist" />
    <tag k="healthcare" v="dentist" />
    <tag k="name" v="瑞星牙醫診所" />
  </node>
  <node id="3837357669" lat="24.9957830" lon="121.4981028">
    <tag k="addr:city" v="新北市" />
    <tag k="addr:country" v="TW" />
    <tag k="addr:district" v="中和區" />
    <tag k="addr:full" v="新北市中和區圓通路146號1樓" />
    <tag k="addr:housenumber" v="146" />
    <tag k="addr:postcode" v="235" />
    <tag k="addr:street" v="圓通路" />
    <tag k="name" v="英倫風電刻髮型" />
    <tag k="shop" v="hairdresser" />
  </node>
  <node id="3837357670" lat="24.9965185" lon="121.4969521">
    <tag k="amenity" v="taxi" />
    <tag k="name" v="藍天使計程車合作社" />
  </node>
  <node id="3837357673" lat="24.9957181" lon="121.4979153">
    <tag k="addr:city" v="新北市" />
    <tag k="addr:country" v="TW" />
    <tag k="addr:district" v="中和區" />
    <tag k="addr:full" v="新北市中和區圓通路156號1樓" />
    <tag k="addr:housenumber" v="156" />
    <tag k="addr:postcode" v="235" />
    <tag k="addr:street" v="圓通路" />
    <tag k="amenity" v="restaurant" />
    <tag k="name" v="阿達麻辣臭豆腐" />
  </node>
  <node id="4436209403" lat="25.0562845" lon="121.4969304">
    <tag k="addr:city" v="新北市" />
    <tag k="addr:country" v="TW" />
    <tag k="addr:district" v="三重區" />
    <tag k="addr:full" v="241新北市三重區大同南路220號" />
    <tag k="addr:housenumber" v="220" />
    <tag k="addr:postcode" v="241" />
    <tag k="addr:street" v="大同南路" />
    <tag k="alt_name" v="統一超商" />
    <tag k="brand" v="7-Eleven" />
    <tag k="brand:en" v="7-Eleven" />
    <tag k="brand:wikidata" v="Q259340" />
    <tag k="brand:wikipedia" v="en:7-Eleven" />
    <tag k="name" v="7-Eleven" />
    <tag k="opening_hours" v="24/7" />
    <tag k="payment:ep_easycard" v="yes" />
    <tag k="payment:ep_ipass" v="yes" />
    <tag k="shop" v="convenience" />
  </node>
  <node id="4820442011" lat="25.0414304" lon="121.4459540">
    <tag k="addr:city" v="新北市" />
    <tag k="addr:country" v="TW" />
    <tag k="addr:district" v="新莊區" />
    <tag k="addr:full" v="242新北市新莊區和興街75號" />
    <tag k="addr:housenumber" v="75" />
    <tag k="addr:postcode" v="242" />
    <tag k="addr:street" v="和興街" />
    <tag k="amenity" v="restaurant" />
    <tag k="name" v="LATTE綠蓋茶" />
  </node>
  <node id="4820442012" lat="25.0413764" lon="121.4459876">
    <tag k="addr:city" v="新北市" />
    <tag k="addr:country" v="TW" />
    <tag k="addr:district" v="新莊區" />
    <tag k="addr:full" v="242新北市新莊區和興街73號" />
    <tag k="addr:housenumber" v="73" />
    <tag k="addr:postcode" v="242" />
    <tag k="addr:street" v="和興街" />
    <tag k="amenity" v="restaurant" />
    <tag k="cuisine" v="飲料" />
    <tag k="name" v="綠歐蕾" />
  </node>
  <node id="4820442013" lat="25.0414402" lon="121.4457348">
    <tag k="addr:city" v="新北市" />
    <tag k="addr:country" v="TW" />
    <tag k="addr:district" v="新莊區" />
    <tag k="addr:full" v="242新北市新莊區復興路一段14號" />
    <tag k="addr:housenumber" v="14" />
    <tag k="addr:postcode" v="242" />
    <tag k="addr:street" v="復興路一段" />
    <tag k="amenity" v="restaurant" />
    <tag k="cuisine" v="pizza" />
    <tag k="name" v="搖滾批薩PIZZA ROCK" />
  </node>
  <node id="4820442014" lat="25.0412600" lon="121.4453841">
    <tag k="addr:city" v="新北市" />
    <tag k="addr:country" v="TW" />
    <tag k="addr:district" v="新莊區" />
    <tag k="addr:full" v="242新北市新莊區新泰路308號" />
    <tag k="addr:housenumber" v="308" />
    <tag k="addr:postcode" v="242" />
    <tag k="addr:street" v="新泰路" />
    <tag k="amenity" v="cafe" />
    <tag k="branch" v="新泰門市" />
    <tag k="brand" v="星巴克" />
    <tag k="brand:en" v="Starbucks" />
    <tag k="brand:wikidata" v="Q37158" />
    <tag k="brand:zh" v="星巴克" />
    <tag k="cuisine" v="coffee_shop" />
    <tag k="name" v="星巴克" />
    <tag k="name:en" v="Starbucks" />
    <tag k="name:zh" v="星巴克" />
    <tag k="operator" v="悠旅生活事業股份有限公司" />
    <tag k="takeaway" v="yes" />
  </node>
  <node id="4820442015" lat="25.0414493" lon="121.4453936">
    <tag k="addr:city" v="新北市" />
    <tag k="addr:district" v="新莊區" />
    <tag k="amenity" v="restaurant" />
    <tag k="name" v="覓食特吐司MisterToast" />
  </node>
  <node id="4820442557" lat="25.0414768" lon="121.4459183">
    <tag k="amenity" v="restaurant" />
    <tag k="name" v="錢賀涮涮鍋" />
  </node>
  <node id="4820442559" lat="25.0412073" lon="121.4451754">
    <tag k="amenity" v="cafe" />
    <tag k="brand" v="50嵐" />
    <tag k="brand:en" v="50 Lan" />
    <tag k="brand:wikidata" v="Q106926258" />
    <tag k="brand:zh" v="50嵐" />
    <tag k="cuisine" v="bubble_tea" />
    <tag k="name" v="50嵐" />
    <tag k="name:en" v="50 Lan" />
    <tag k="name:zh" v="50嵐" />
    <tag k="shop" v="beverages" />
    <tag k="takeaway" v="yes" />
  </node>
  <node id="4820442560" lat="25.0408909" lon="121.4452101">
    <tag k="amenity" v="restaurant" />
    <tag k="name" v="西堤" />
  </node>
  <node id="4820442572" lat="25.0405274" lon="121.4458676">
    <tag k="addr:city" v="新北市" />
    <tag k="addr:country" v="TW" />
    <tag k="addr:district" v="新莊區" />
    <tag k="addr:full" v="新北市新莊區新泰路282號" />
    <tag k="addr:housenumber" v="282" />
    <tag k="addr:street" v="新泰路" />
    <tag k="name" v="POLAR BEAR 北極熊 新泰門市" />
    <tag k="shop" v="outdoor" />
    <tag k="website" v="https://www.e-polarbear.com.tw/" />
  </node>
  <node id="4828591293" lat="25.0393858" lon="121.4465329">
    <tag k="amenity" v="restaurant" />
    <tag k="name" v="古早烤地瓜" />
  </node>
  <node id="4839870169" lat="24.9965766" lon="121.4982085">
    <tag k="amenity" v="parking_space" />
    <tag k="fee" v="yes" />
    <tag k="supervised" v="yes" />
  </node>
  <node id="4968320193" lat="25.0781591" lon="121.4694024" />
  <node id="4968320194" lat="25.0781326" lon="121.4695702" />
  <node id="4968320195" lat="25.0779142" lon="121.4693418" />
  <node id="4968320199" lat="25.0779495" lon="121.4689752" />
  <node id="4968320200" lat="25.0783831" lon="121.4691221" />
  <node id="4968320201" lat="25.0782466" lon="121.4690747" />
  <node id="5318139098" lat="24.9952194" lon="121.4970266" />
  <node id="5318139099" lat="24.9951775" lon="121.4969973" />
  <node id="5318139100" lat="24.9951510" lon="121.4969758" />
  <node id="5318139101" lat="24.9951273" lon="121.4969773" />
  <node id="5318139102" lat="24.9951035" lon="121.4969927" />
  <node id="5318139103" lat="24.9951007" lon="121.4970266" />
  <node id="5318139104" lat="24.9951231" lon="121.4970451" />
  <node id="5318139105" lat="24.9951677" lon="121.4970512" />
  <node id="5318139106" lat="24.9951943" lon="121.4970482" />
  <node id="5777007702" lat="25.0395082" lon="121.4461194">
    <tag k="addr:city" v="新北市" />
    <tag k="addr:country" v="TW" />
    <tag k="addr:district" v="新莊區" />
    <tag k="addr:floor" v="1" />
    <tag k="addr:full" v="新北市新莊區新泰路229號1、2樓及地下1樓" />
    <tag k="addr:housenumber" v="229" />
    <tag k="addr:postcode" v="24242" />
    <tag k="addr:street" v="新泰路" />
    <tag k="alt_name" v="永豐銀行" />
    <tag k="amenity" v="bank" />
    <tag k="atm" v="yes" />
    <tag k="branch" v="新泰分行" />
    <tag k="brand" v="永豐商業銀行" />
    <tag k="brand:en" v="Bank SinoPac" />
    <tag k="brand:wikidata" v="Q11132721" />
    <tag k="brand:wikipedia" v="en:Bank SinoPac" />
    <tag k="brand:zh" v="永豐商業銀行" />
    <tag k="name" v="永豐商業銀行" />
    <tag k="name:en" v="Bank SinoPac" />
    <tag k="name:nan" v="Éng-hong Siong-gia̍p Gîn-hâng" />
    <tag k="name:nan-Hant" v="永豐商業銀行" />
    <tag k="name:nan-Latn-pehoeji" v="Éng-hong Siong-gia̍p Gîn-hâng" />
    <tag k="name:nan-Latn-tailo" v="Íng-hong Siong-gia̍p Gîn-hâng" />
    <tag k="name:zh" v="永豐商業銀行" />
    <tag k="nat_ref" v="10018070106" />
    <tag k="phone" v="+886 2 2996 8208" />
    <tag k="ref" v="8070106" />
    <tag k="source" v="金管會" />
    <tag k="source:date" v="2017-08-31" />
  </node>
  <node id="5777007721" lat="25.0392875" lon="121.4461646">
    <tag k="addr:city" v="新北市" />
    <tag k="addr:country" v="TW" />
    <tag k="addr:district" v="新莊區" />
    <tag k="addr:floor" v="1" />
    <tag k="addr:full" v="新北市新莊區新泰路227號" />
    <tag k="addr:housenumber" v="227" />
    <tag k="addr:postcode" v="24242" />
    <tag k="addr:street" v="新泰路" />
    <tag k="alt_name" v="台北富邦銀行" />
    <tag k="amenity" v="bank" />
    <tag k="atm" v="yes" />
    <tag k="branch" v="新莊分行" />
    <tag k="brand" v="台北富邦商業銀行" />
    <tag k="brand:en" v="Taipei Fubon Bank" />
    <tag k="brand:wikidata" v="Q697293" />
    <tag k="brand:wikipedia" v="en:Taipei Fubon Bank" />
    <tag k="brand:zh" v="台北富邦商業銀行" />
    <tag k="name" v="台北富邦商業銀行" />
    <tag k="name:en" v="Taipei Fubon Bank" />
    <tag k="name:nan" v="Tâi-pak Hù-pang Siong-gia̍p Gîn-hâng" />
    <tag k="name:nan-Hant" v="台北富邦商業銀行" />
    <tag k="name:nan-Latn-pehoeji" v="Tâi-pak Hù-pang Siong-gia̍p Gîn-hâng" />
    <tag k="name:nan-Latn-tailo" v="Tâi-pak Hù-pang Siong-gia̍p Gîn-hâng" />
    <tag k="name:zh" v="台北富邦商業銀行" />
    <tag k="nat_ref" v="10010126720" />
    <tag k="phone" v="+886 2 2990 3366" />
    <tag k="ref" v="126720" />
    <tag k="source" v="金管會" />
    <tag k="source:date" v="2017-08-31" />
  </node>
  <node id="5777007728" lat="25.0395900" lon="121.4464100">
    <tag k="addr:city" v="新北市" />
    <tag k="addr:country" v="TW" />
    <tag k="addr:district" v="新莊區" />
    <tag k="addr:full" v="新北市新莊區新泰路246號1樓" />
    <tag k="addr:housenumber" v="246" />
    <tag k="addr:postcode" v="242" />
    <tag k="addr:street" v="新泰路" />
    <tag k="amenity" v="bank" />
    <tag k="branch" v="新莊分行" />
    <tag k="brand" v="元大商業銀行" />
    <tag k="brand:en" v="Yuanta Commercial Bank" />
    <tag k="brand:wikidata" v="Q10889602" />
    <tag k="brand:wikipedia" v="zh:元大商業銀行" />
    <tag k="brand:zh" v="元大商業銀行" />
    <tag k="name" v="元大商業銀行" />
    <tag k="name:en" v="Yuanta Commercial Bank" />
    <tag k="name:nan" v="Goân-tāi Siong-gia̍p Gûn-hâng" />
    <tag k="name:nan-Hant" v="元大商業銀行" />
    <tag k="name:nan-Latn-pehoeji" v="Goân-tāi Siong-gia̍p Gûn-hâng" />
    <tag k="name:nan-Latn-tailo" v="Guân-tāi Siong-gia̍p Gûn-hâng" />
    <tag k="name:zh" v="元大商業銀行" />
    <tag k="nat_ref" v="10018060378" />
    <tag k="phone" v="+886 2 2996 7999" />
    <tag k="ref" v="8060378" />
    <tag k="source" v="金管會" />
    <tag k="source:date" v="2017-08-31" />
  </node>
  <node id="5777009965" lat="25.0397900" lon="121.4463000">
    <tag k="addr:city" v="新北市" />
    <tag k="addr:country" v="TW" />
    <tag k="addr:district" v="新莊區" />
    <tag k="addr:full" v="新北市新莊區新泰路250、252、254號1、2樓" />
    <tag k="addr:housenumber" v="250" />
    <tag k="addr:postcode" v="242" />
    <tag k="addr:street" v="新泰路" />
    <tag k="amenity" v="bank" />
    <tag k="branch" v="新莊分行" />
    <tag k="brand" v="臺灣新光商業銀行" />
    <tag k="brand:en" v="Shin Kong Commercial Bank" />
    <tag k="brand:wikidata" v="Q15909616" />
    <tag k="brand:wikipedia" v="zh:臺灣新光商業銀行" />
    <tag k="brand:zh" v="臺灣新光商業銀行" />
    <tag k="name" v="臺灣新光商業銀行" />
    <tag k="name:en" v="Shin Kong Commercial Bank" />
    <tag k="name:nan" v="Tâi-oân Sin-kong Siong-gia̍p Gîn-hâng" />
    <tag k="name:nan-Hant" v="臺灣新光商業銀行" />
    <tag k="name:nan-Latn-pehoeji" v="Tâi-oân Sin-kong Siong-gia̍p Gîn-hâng" />
    <tag k="name:nan-Latn-tailo" v="Tâi-uân Sin-kong Siong-gia̍p Gîn-hâng" />
    <tag k="name:zh" v="臺灣新光商業銀行" />
    <tag k="nat_ref" v="10011030754" />
    <tag k="phone" v="+886 2 2996 5995" />
    <tag k="ref" v="1030754" />
    <tag k="source" v="金管會" />
    <tag k="source:date" v="2017-08-31" />
  </node>
  <node id="5777009980" lat="25.0401811" lon="121.4457724">
    <tag k="addr:city" v="新北市" />
    <tag k="addr:country" v="TW" />
    <tag k="addr:district" v="新莊區" />
    <tag k="addr:floor" v="1" />
    <tag k="addr:full" v="242005新北市新莊區新泰路265號1、2樓及地下1樓" />
    <tag k="addr:housenumber" v="265" />
    <tag k="addr:postcode" v="242005" />
    <tag k="addr:street" v="新泰路" />
    <tag k="amenity" v="bank" />
    <tag k="branch" v="新莊分行" />
    <tag k="brand" v="星展銀行" />
    <tag k="brand:en" v="DBS Bank" />
    <tag k="brand:wikidata" v="Q705417" />
    <tag k="brand:zh" v="星展銀行" />
    <tag k="name" v="星展（台灣）商業銀行" />
    <tag k="name:en" v="DBS Bank Taiwan" />
    <tag k="name:zh" v="星展（台灣）商業銀行" />
    <tag k="nat_ref" v="10018100250" />
    <tag k="opening_hours" v="Mo-Fr 09:00-15:30" />
    <tag k="operator" v="星展(台灣)商業銀行股份有限公司" />
    <tag k="phone" v="+886 2 6612 4708" />
    <tag k="ref" v="8100250" />
    <tag k="source" v="金融監督管理委員會" />
    <tag k="source:date" v="2023-05-29" />
    <tag k="website" v="https://www.dbs.com.tw/personal-zh/default.page" />
  </node>
  <node id="6879101687" lat="25.0391269" lon="121.4464632">
    <tag k="addr:city" v="新北市" />
    <tag k="addr:country" v="TW" />
    <tag k="addr:district" v="新莊區" />
    <tag k="addr:full" v="242新北市新莊區新泰路223號" />
    <tag k="addr:housenumber" v="223" />
    <tag k="addr:postcode" v="242" />
    <tag k="addr:street" v="新泰路" />
    <tag k="branch" v="新莊店" />
    <tag k="branch:en" v="Hsing Chuan" />
    <tag k="cuisine" v="tea;coffee_shop;local" />
    <tag k="name" v="熊飲鮮茶" />
    <tag k="name:en" v="Bear Drinks Tea" />
    <tag k="name:zh" v="熊飲鮮茶" />
    <tag k="opening_hours" v="Mo-Su 10:00-22:00" />
    <tag k="phone" v="+886 2 2277 2350" />
    <tag k="shop" v="beverages" />
    <tag k="website" v="https://22772350.com" />
  </node>
  <node id="6903271896" lat="25.0413356" lon="121.4450993">
    <tag k="name" v="祥瑞單車" />
    <tag k="shop" v="bicycle" />
  </node>
  <node id="7160797391" lat="25.0554526" lon="121.4965237" />
  <node id="7160797392" lat="25.0554557" lon="121.4964948" />
  <node id="7160797393" lat="25.0554377" lon="121.4965568" />
  <node id="7160797394" lat="25.0555011" lon="121.4969987" />
  <node id="7160797395" lat="25.0553772" lon="121.4970219" />
  <node id="7160797396" lat="25.0550380" lon="121.4965743" />
  <node id="7160797397" lat="25.0554377" lon="121.4964073" />
  <node id="7160797398" lat="25.0551389" lon="121.4964764" />
  <node id="7236393331" lat="25.0562548" lon="121.4975278" />
  <node id="7236393332" lat="25.0560935" lon="121.4975603" />
  <node id="7236393333" lat="25.0560230" lon="121.4971211" />
  <node id="7236393334" lat="25.0560949" lon="121.4971067" />
  <node id="7236393335" lat="25.0560674" lon="121.4969350" />
  <node id="7236393336" lat="25.0561509" lon="121.4969144" />
  <node id="7236393385" lat="25.0561910" lon="121.4969075" />
  <node id="7236393386" lat="25.0562608" lon="121.4973105" />
  <node id="7236393387" lat="25.0564662" lon="121.4972690" />
  <node id="7236393388" lat="25.0563808" lon="121.4968596" />
  <node id="7236393432" lat="25.0560094" lon="121.4978436" />
  <node id="7236393433" lat="25.0559735" lon="121.4976398" />
  <node id="7236393434" lat="25.0562608" lon="121.4975895" />
  <node id="7236393511" lat="25.0569126" lon="121.4989963" />
  <node id="7236393512" lat="25.0568252" lon="121.4989105" />
  <node id="7236393513" lat="25.0569418" lon="121.4989963" />
  <node id="7236393514" lat="25.0567307" lon="121.4985910" />
  <node id="7236393515" lat="25.0567644" lon="121.4988206" />
  <node id="7236393516" lat="25.0568914" lon="121.4989903" />
  <node id="7236393517" lat="25.0569837" lon="121.4989949" />
  <node id="7236393518" lat="25.0568999" lon="121.4985511" />
  <node id="7236393576" lat="25.0563842" lon="121.4981085" />
  <node id="7236393577" lat="25.0564303" lon="121.4983901" />
  <node id="7236393578" lat="25.0566976" lon="121.4987449" />
  <node id="7236393579" lat="25.0567225" lon="121.4987294" />
  <node id="7236393580" lat="25.0566041" lon="121.4980575" />
  <node id="7236393582" lat="25.0563425" lon="121.4980642" />
  <node id="7236393583" lat="25.0562068" lon="121.4980978" />
  <node id="7236393584" lat="25.0561157" lon="121.4979834" />
  <node id="7236393585" lat="25.0563195" lon="121.4979399" />
  <node id="7883327883" lat="25.0406879" lon="121.4457503">
    <tag k="name" v="金順億珠寶銀樓" />
    <tag k="shop" v="jewelry" />
  </node>
  <node id="7883341240" lat="25.0404069" lon="121.4459066">
    <tag k="addr:city" v="新北市" />
    <tag k="addr:country" v="TW" />
    <tag k="addr:district" v="新莊區" />
    <tag k="addr:full" v="新北市新莊區新泰路276號" />
    <tag k="addr:housenumber" v="276" />
    <tag k="addr:street" v="新泰路" />
    <tag k="name" v="La new 新莊新泰店" />
    <tag k="shop" v="shoes" />
    <tag k="website" v="https://www.lanew.com.tw/" />
  </node>
  <node id="7883343845" lat="25.0406566" lon="121.4457715">
    <tag k="amenity" v="clinic" />
    <tag k="healthcare" v="clinic" />
    <tag k="name" v="又一春中醫診所" />
  </node>
  <node id="7883346193" lat="25.0401601" lon="121.4460293">
    <tag k="addr:city" v="新北市" />
    <tag k="addr:country" v="TW" />
    <tag k="addr:district" v="新莊區" />
    <tag k="addr:full" v="新北市新莊區新泰路268號" />
    <tag k="addr:housenumber" v="268" />
    <tag k="addr:street" v="新泰路" />
    <tag k="name" v="一安健保藥局" />
    <tag k="phone" v="+886 2 29941618" />
    <tag k="shop" v="chemist" />
    <tag k="website" v="http://www.enok.com.tw/" />
  </node>
  <node id="7883347153" lat="25.0406228" lon="121.4457975">
    <tag k="name" v="雄獅旅遊 新莊分公司" />
    <tag k="shop" v="travel_agency" />
  </node>
  <node id="8118272853" lat="25.0409030" lon="121.4453253">
    <tag k="brand" v="全家便利商店" />
    <tag k="brand:en" v="FamilyMart" />
    <tag k="brand:ja" v="ファミリーマート" />
    <tag k="brand:wikidata" v="Q10891564" />
    <tag k="brand:zh" v="全家便利商店" />
    <tag k="name" v="全家便利商店" />
    <tag k="name:en" v="FamilyMart" />
    <tag k="name:zh" v="全家便利商店" />
    <tag k="payment:ep_easycard" v="yes" />
    <tag k="payment:ep_ipass" v="yes" />
    <tag k="shop" v="convenience" />
  </node>
  <node id="8118272855" lat="25.0391703" lon="121.4464385">
    <tag k="brand" v="全家便利商店" />
    <tag k="brand:en" v="FamilyMart" />
    <tag k="brand:ja" v="ファミリーマート" />
    <tag k="brand:wikidata" v="Q10891564" />
    <tag k="brand:zh" v="全家便利商店" />
    <tag k="name" v="全家便利商店" />
    <tag k="name:en" v="FamilyMart" />
    <tag k="name:zh" v="全家便利商店" />
    <tag k="payment:ep_easycard" v="yes" />
    <tag k="payment:ep_ipass" v="yes" />
    <tag k="shop" v="convenience" />
  </node>
  <node id="8237592766" lat="25.0413400" lon="121.4455191">
    <tag k="amenity" v="cafe" />
    <tag k="cuisine" v="coffee_shop" />
    <tag k="name" v="cama café 新莊新泰店" />
    <tag k="outdoor_seating" v="no" />
    <tag k="phone" v="+886222766608" />
    <tag k="website" v="https://www.camacafe.com/" />
  </node>
  <node id="8458558346" lat="24.9951133" lon="121.4974719">
    <tag k="bus" v="yes" />
    <tag k="description" v="新北市中和區" />
    <tag k="highway" v="bus_stop" />
    <tag k="name" v="安邦街口" />
    <tag k="name:en" v="Anbang Rd. Intersection" />
    <tag k="name:zh" v="安邦街口" />
    <tag k="name:zh-Hans" v="安邦街口" />
    <tag k="name:zh-Hant" v="安邦街口" />
    <tag k="public_transport" v="platform" />
    <tag k="ref" v="72496" />
    <tag k="source" v="PTX" />
    <tag k="source:date" v="2020-12-14" />
  </node>
  <node id="8862669350" lat="25.0405846" lon="121.4456300">
    <tag k="amenity" v="restaurant" />
    <tag k="name" v="富翔號" />
  </node>
  <node id="9230253924" lat="25.0559600" lon="121.4968700">
    <tag k="alt_name" v="YouBike2.0_三光國小(金滿意)" />
    <tag k="alt_name:en" v="YouBike2.0_Sanguang Elementary School (Jin manyì)" />
    <tag k="alt_name:zh" v="YouBike2.0_三光國小(金滿意)" />
    <tag k="alt_name:zh-Bopo" v="YouBike2.0_ㄙㄢㄍㄨㄤㄍㄨㄛˊㄒㄧㄠˇ(ㄐㄧㄣㄇㄢˇㄧˋ)" />
    <tag k="alt_name:zh-Hans" v="YouBike2.0_三光国小(金满意)" />
    <tag k="alt_name:zh-Hant" v="YouBike2.0_三光國小(金滿意)" />
    <tag k="alt_name:zh-Latn-pinyin" v="YouBike2.0_sānguāngguóxiǎo(jīnmǎnyì)" />
    <tag k="amenity" v="bicycle_rental" />
    <tag k="authentication:app" v="yes" />
    <tag k="authentication:contactless" v="yes" />
    <tag k="authentication:membership_card" v="yes" />
    <tag k="bicycle_rental" v="docking_station" />
    <tag k="brand" v="YouBike 2.0" />
    <tag k="capacity" v="45" />
    <tag k="description" v="大同南路157號(前)" />
    <tag k="description:en" v="No. 157, Datong S. Rd." />
    <tag k="description:zh" v="大同南路157號(前)" />
    <tag k="description:zh-Hans" v="大同南路157号(前)" />
    <tag k="description:zh-Hant" v="大同南路157號(前)" />
    <tag k="fee" v="yes" />
    <tag k="is_in" v="三重區" />
    <tag k="name" v="三光國小(金滿意)" />
    <tag k="name:en" v="Sanguang Elementary School (Jin manyì)" />
    <tag k="name:zh" v="三光國小(金滿意)" />
    <tag k="name:zh-Bopo" v="ㄙㄢㄍㄨㄤㄍㄨㄛˊㄒㄧㄠˇ(ㄐㄧㄣㄇㄢˇㄧˋ)" />
    <tag k="name:zh-Hans" v="三光国小(金满意)" />
    <tag k="name:zh-Hant" v="三光國小(金滿意)" />
    <tag k="name:zh-Latn-pinyin" v="sānguāngguóxiǎo(jīnmǎnyì)" />
    <tag k="nat_ref" v="NWT500203009" />
    <tag k="network" v="YouBike 微笑單車" />
    <tag k="network:en" v="YouBike" />
    <tag k="network:zh" v="微笑單車" />
    <tag k="opening_hours" v="24/7" />
    <tag k="operator:wikidata" v="Q703557" />
    <tag k="payment:credit_cards" v="yes" />
    <tag k="payment:ep_easycard" v="yes" />
    <tag k="payment:ep_easywallet" v="yes" />
    <tag k="payment:ep_ipass" v="yes" />
    <tag k="payment:jcb" v="yes" />
    <tag k="payment:mastercard" v="yes" />
    <tag k="payment:visa" v="yes" />
    <tag k="ref" v="500203009" />
    <tag k="rental" v="city_bike" />
    <tag k="source" v="YouBike" />
    <tag k="source:date" v="2021-11-04" />
  </node>
  <node id="9340934990" lat="25.0416030" lon="121.4457224">
    <tag k="addr:city" v="新北市" />
    <tag k="addr:country" v="TW" />
    <tag k="addr:district" v="新莊區" />
    <tag k="addr:full" v="新北市新莊區復興路一段9號" />
    <tag k="addr:housenumber" v="9" />
    <tag k="addr:street" v="復興路一段" />
    <tag k="alt_name" v="Shopee Xpress" />
    <tag k="branch" v="新莊復興店" />
    <tag k="name" v="蝦皮店到店" />
    <tag k="name:en" v="Shopee Xpress" />
    <tag k="name:zh" v="蝦皮店到店" />
    <tag k="name:zh-Hant" v="蝦皮店到店" />
    <tag k="office" v="courier" />
    <tag k="opening_hours" v="Mo-Su 10:30-22:00" />
    <tag k="shop" v="convenience" />
  </node>
  <node id="9363053132" lat="25.0413800" lon="121.4460900">
    <tag k="alt_name" v="YouBike2.0_新莊棒球場" />
    <tag k="alt_name:en" v="YouBike2.0_Xinzhuang Baseball Court" />
    <tag k="alt_name:zh" v="YouBike2.0_新莊棒球場" />
    <tag k="alt_name:zh-Bopo" v="YouBike2.0_ㄒㄧㄣㄓㄨㄤㄅㄤˋㄑㄧㄡˊㄔㄤˇ" />
    <tag k="alt_name:zh-Hans" v="YouBike2.0_新庄棒球场" />
    <tag k="alt_name:zh-Hant" v="YouBike2.0_新莊棒球場" />
    <tag k="alt_name:zh-Latn-pinyin" v="YouBike2.0_xīnzhuāngbàngqiúchǎng" />
    <tag k="amenity" v="bicycle_rental" />
    <tag k="authentication:app" v="yes" />
    <tag k="authentication:contactless" v="yes" />
    <tag k="authentication:membership_card" v="yes" />
    <tag k="bicycle_rental" v="docking_station" />
    <tag k="brand" v="YouBike 2.0" />
    <tag k="brand:en" v="YouBike 2.0" />
    <tag k="brand:wikidata" v="Q20687952" />
    <tag k="brand:zh" v="微笑單車2.0" />
    <tag k="capacity" v="69" />
    <tag k="description" v="和興街71號(對面)" />
    <tag k="description:en" v="No.40, Gongyuan Rd., Xinzhuang Dist.(opposite)" />
    <tag k="description:zh" v="和興街71號(對面)" />
    <tag k="description:zh-Hans" v="和兴街71号(对面)" />
    <tag k="description:zh-Hant" v="和興街71號(對面)" />
    <tag k="fee" v="yes" />
    <tag k="name" v="新莊棒球場" />
    <tag k="name:en" v="Xinzhuang Baseball Court" />
    <tag k="name:zh" v="新莊棒球場" />
    <tag k="name:zh-Bopo" v="ㄒㄧㄣㄓㄨㄤㄅㄤˋㄑㄧㄡˊㄔㄤˇ" />
    <tag k="name:zh-Hans" v="新庄棒球场" />
    <tag k="name:zh-Hant" v="新莊棒球場" />
    <tag k="name:zh-Latn-pinyin" v="xīnzhuāngbàngqiúchǎng" />
    <tag k="nat_ref" v="NWT500229002" />
    <tag k="network" v="YouBike 微笑單車" />
    <tag k="network:en" v="YouBike" />
    <tag k="network:zh" v="微笑單車" />
    <tag k="opening_hours" v="24/7" />
    <tag k="operator:wikidata" v="Q703557" />
    <tag k="payment:credit_cards" v="yes" />
    <tag k="payment:ep_easycard" v="yes" />
    <tag k="payment:ep_easywallet" v="yes" />
    <tag k="payment:ep_ipass" v="yes" />
    <tag k="payment:jcb" v="yes" />
    <tag k="payment:mastercard" v="yes" />
    <tag k="payment:visa" v="yes" />
    <tag k="ref" v="500229002" />
    <tag k="rental" v="city_bike" />
    <tag k="source" v="PTX" />
    <tag k="source:date" v="2021-12-24T08:08:04+08:00" />
  </node>
  <node id="9392421982" lat="25.0414899" lon="121.4455050">
    <tag k="amenity" v="restaurant" />
    <tag k="name" v="狂一鍋" />
  </node>
  <node id="9397517356" lat="25.0552132" lon="121.4971574" />
  <node id="9397517357" lat="25.0551005" lon="121.4972550" />
  <node id="9397517358" lat="25.0565872" lon="121.4990139" />
  <node id="9397517359" lat="25.0559858" lon="121.4981455" />
  <node id="9397517360" lat="25.0563347" lon="121.4985813" />
  <node id="9397517361" lat="25.0566581" lon="121.4989998" />
  <node id="9403086609" lat="25.0394601" lon="121.4465075">
    <tag k="amenity" v="clinic" />
    <tag k="healthcare" v="clinic" />
    <tag k="healthcare:speciality" v="ophthalmology" />
    <tag k="name" v="大學眼科" />
  </node>
  <node id="9403086610" lat="25.0394200" lon="121.4465290">
    <tag k="name" v="大學眼鏡" />
    <tag k="shop" v="optician" />
  </node>
  <node id="9403106770" lat="25.0400573" lon="121.4461045">
    <tag k="amenity" v="restaurant" />
    <tag k="name" v="口吅品" />
  </node>
  <node id="9403106771" lat="25.0402140" lon="121.4457974">
    <tag k="brand" v="7-Eleven" />
    <tag k="brand:en" v="7-Eleven" />
    <tag k="brand:wikidata" v="Q259340" />
    <tag k="brand:wikipedia" v="en:7-Eleven" />
    <tag k="name" v="7-Eleven" />
    <tag k="shop" v="convenience" />
  </node>
  <node id="9403106772" lat="25.0402991" lon="121.4460039">
    <tag k="amenity" v="dentist" />
    <tag k="healthcare" v="dentist" />
    <tag k="name" v="上博牙醫" />
  </node>
  <node id="9403106773" lat="25.0408483" lon="121.4453495">
    <tag k="brand" v="大同3C" />
    <tag k="brand:en" v="Tatung 3C" />
    <tag k="brand:wikidata" v="Q108365710" />
    <tag k="brand:zh" v="大同3C" />
    <tag k="name" v="大同3C" />
    <tag k="name:en" v="Tatung 3C" />
    <tag k="name:zh" v="大同3C" />
    <tag k="shop" v="electronics" />
  </node>
  <node id="9403106774" lat="25.0404631" lon="121.4456646">
    <tag k="amenity" v="cafe" />
    <tag k="cuisine" v="bubble_tea" />
    <tag k="name" v="七盞茶" />
  </node>
  <node id="9414479540" lat="24.9958951" lon="121.4985423">
    <tag k="addr:city" v="新北市" />
    <tag k="addr:country" v="TW" />
    <tag k="addr:district" v="中和區" />
    <tag k="addr:floor" v="1" />
    <tag k="addr:full" v="新北市中和區圓通路128號一樓" />
    <tag k="addr:housenumber" v="128" />
    <tag k="addr:street" v="圓通路" />
    <tag k="alt_name" v="Shopee Xpress" />
    <tag k="branch" v="中和圓通店" />
    <tag k="brand" v="蝦皮店到店" />
    <tag k="brand:en" v="Shopee Xpress" />
    <tag k="brand:wikidata" v="Q109676747" />
    <tag k="brand:zh" v="蝦皮店到店" />
    <tag k="name" v="蝦皮店到店" />
    <tag k="name:en" v="Shopee Xpress" />
    <tag k="name:zh" v="蝦皮店到店" />
    <tag k="name:zh-Hant" v="蝦皮店到店" />
    <tag k="opening_hours" v="Mo-Su 10:30-22:00" />
    <tag k="shop" v="convenience" />
  </node>
  <node id="9625809383" lat="25.0562810" lon="121.4965990">
    <tag k="amenity" v="parcel_locker" />
    <tag k="brand" v="i郵箱" />
    <tag k="brand:en" v="iBox" />
    <tag k="brand:nan" v="i-iû-siuⁿ" />
    <tag k="brand:nan-Hant" v="i郵箱" />
    <tag k="brand:nan-Latn-pehoeji" v="i-iû-siuⁿ" />
    <tag k="brand:nan-Latn-tailo" v="i-iû-siunn" />
    <tag k="brand:wikidata" v="Q4375439" />
    <tag k="brand:zh" v="i郵箱" />
    <tag k="brand:zh-Hans" v="i邮箱" />
    <tag k="brand:zh-Hant" v="i郵箱" />
    <tag k="capacity" v="40" />
    <tag k="description" v="24100新北市三重區大同南路157號，校門口右側" />
    <tag k="description:payment" v="郵政金融卡/悠遊卡/一卡通/愛金卡" />
    <tag k="name" v="三重三光國民小學i郵箱" />
    <tag k="note" v="四代櫃(智慧郵筒)" />
    <tag k="opening_hours" v="24/7" />
    <tag k="operator" v="中華郵政" />
    <tag k="operator:en" v="Chunghwa Post" />
    <tag k="operator:nan" v="Tiong-hôa Iû-chèng" />
    <tag k="operator:nan-Hant" v="中華郵政" />
    <tag k="operator:nan-Latn-pehoeji" v="Tiong-hôa Iû-chèng" />
    <tag k="operator:nan-Latn-tailo" v="Tiong-huâ Iû-tsìng" />
    <tag k="operator:wikidata" v="Q709259" />
    <tag k="operator:wikipedia" v="zh:中華郵政" />
    <tag k="operator:zh" v="中華郵政" />
    <tag k="operator:zh-Hans" v="中华邮政" />
    <tag k="operator:zh-Hant" v="中華郵政" />
    <tag k="parcel_mail_in" v="yes" />
    <tag k="parcel_pickup" v="yes" />
    <tag k="payment:ep_easycard" v="yes" />
    <tag k="payment:ep_icash" v="yes" />
    <tag k="payment:ep_ipass" v="yes" />
    <tag k="refrigerated" v="no" />
    <tag k="source" v="中華郵政" />
    <tag k="source:date" v="2021-10-05 16:58" />
    <tag k="source:url" v="https://data.gov.tw/dataset/52779" />
  </node>
  <node id="9687803373" lat="25.0412074" lon="121.4460950">
    <tag k="addr:city" v="新北市" />
    <tag k="addr:country" v="TW" />
    <tag k="addr:district" v="新莊區" />
    <tag k="addr:full" v="242新北市新莊區和興街69號" />
    <tag k="addr:housenumber" v="69" />
    <tag k="addr:postcode" v="242" />
    <tag k="addr:street" v="和興街" />
    <tag k="amenity" v="restaurant" />
    <tag k="cuisine" v="chinese;hot_pot" />
    <tag k="level" v="0;1" />
    <tag k="name" v="肉多多火鍋" />
    <tag k="opening_hours" v="Mo-Fr 11:30-04:00" />
    <tag k="payment:cash" v="only" />
    <tag k="phone" v="+886 2 2227 5051" />
    <tag k="reservation" v="yes" />
    <tag k="self_service" v="yes" />
    <tag k="smoking" v="no" />
    <tag k="takeaway" v="yes" />
    <tag k="toilets" v="yes" />
    <tag k="toilets:access" v="customers" />
    <tag k="toilets:wheelchair" v="no" />
    <tag k="wheelchair" v="no" />
  </node>
  <node id="9843515171" lat="25.0791900" lon="121.4716200">
    <tag k="alt_name" v="YouBike2.0_中山一和平路口" />
    <tag k="alt_name:en" v="YouBike2.0_Zhongshan 1St Heping Rd. Intersection" />
    <tag k="alt_name:zh" v="YouBike2.0_中山一和平路口" />
    <tag k="alt_name:zh-Bopo" v="YouBike2.0_ㄓㄨㄥㄕㄢㄧㄏㄜˊㄆㄧㄥˊㄌㄨˋㄎㄡˇ" />
    <tag k="alt_name:zh-Hans" v="YouBike2.0_中山一和平路口" />
    <tag k="alt_name:zh-Hant" v="YouBike2.0_中山一和平路口" />
    <tag k="alt_name:zh-Latn-pinyin" v="YouBike2.0_zhōngshānyīhépínglùkǒu" />
    <tag k="amenity" v="bicycle_rental" />
    <tag k="authentication:app" v="yes" />
    <tag k="authentication:contactless" v="yes" />
    <tag k="authentication:membership_card" v="yes" />
    <tag k="bicycle_rental" v="docking_station" />
    <tag k="brand" v="YouBike 2.0" />
    <tag k="brand:en" v="YouBike 2.0" />
    <tag k="brand:wikidata" v="Q20687952" />
    <tag k="brand:zh" v="微笑單車2.0" />
    <tag k="capacity" v="18" />
    <tag k="description" v="中山一路293號(前)" />
    <tag k="description:en" v="No. 293, Zhongshan 1st Rd." />
    <tag k="description:zh" v="中山一路293號(前)" />
    <tag k="description:zh-Hans" v="中山一路293号(前)" />
    <tag k="description:zh-Hant" v="中山一路293號(前)" />
    <tag k="fee" v="yes" />
    <tag k="name" v="中山一和平路口" />
    <tag k="name:en" v="Zhongshan 1St Heping Rd. Intersection" />
    <tag k="name:zh" v="中山一和平路口" />
    <tag k="name:zh-Bopo" v="ㄓㄨㄥㄕㄢㄧㄏㄜˊㄆㄧㄥˊㄌㄨˋㄎㄡˇ" />
    <tag k="name:zh-Hans" v="中山一和平路口" />
    <tag k="name:zh-Hant" v="中山一和平路口" />
    <tag k="name:zh-Latn-pinyin" v="zhōngshānyīhépínglùkǒu" />
    <tag k="nat_ref" v="NWT500233033" />
    <tag k="network" v="YouBike 微笑單車" />
    <tag k="network:en" v="YouBike" />
    <tag k="network:zh" v="微笑單車" />
    <tag k="network:zh-Hans" v="微笑单车" />
    <tag k="network:zh-Hant" v="微笑單車" />
    <tag k="opening_hours" v="24/7" />
    <tag k="payment:credit_cards" v="yes" />
    <tag k="payment:ep_easycard" v="yes" />
    <tag k="payment:ep_ipass" v="yes" />
    <tag k="payment:mastercard" v="yes" />
    <tag k="payment:visa" v="yes" />
    <tag k="ref" v="500233033" />
    <tag k="rental" v="city_bike" />
    <tag k="source" v="TDX" />
    <tag k="source:date" v="2022-06-24T10:32:30+08:00" />
  </node>
  <node id="12994171431" lat="25.0404347" lon="121.4454995">
    <tag k="addr:city" v="新北市" />
    <tag k="addr:country" v="TW" />
    <tag k="addr:district" v="新莊區" />
    <tag k="addr:floor" v="1" />
    <tag k="addr:full" v="新北市新莊區立言里018鄰新泰路277巷2號一樓" />
    <tag k="addr:hamlet" v="立言里" />
    <tag k="addr:housenumber" v="2" />
    <tag k="addr:neighbourhood" v="018" />
    <tag k="addr:street" v="新泰路277巷" />
    <tag k="air_conditioning" v="yes" />
    <tag k="amenity" v="restaurant" />
    <tag k="baby_feeding" v="no" />
    <tag k="cuisine" v="noodle;taiwanese" />
    <tag k="internet_access:fee" v="no" />
    <tag k="name" v="巷内小吃" />
    <tag k="opening_hours" v="Mo-Sa 11:15-14:00,17:00-19:30" />
    <tag k="takeaway" v="yes" />
    <tag k="wheelchair" v="no" />
  </node>
  <node id="13121165084" lat="24.9952611" lon="121.4998039" />
  <node id="13121173606" lat="24.9961093" lon="121.4994387">
    <tag k="amenity" v="parking_entrance" />
    <tag k="parking" v="surface" />
  </node>
  <node id="13121173617" lat="24.9953993" lon="121.4996464" />
  <node id="13121173618" lat="24.9951524" lon="121.4998410" />
  <node id="13121173619" lat="24.9948223" lon="121.4997725" />
  <node id="13121173620" lat="24.9947560" lon="121.4997429" />
  <node id="13121173621" lat="24.9947461" lon="121.4995374" />
  <node id="13121173622" lat="24.9949718" lon="121.4995343" />
  <node id="13121173623" lat="24.9951792" lon="121.4995343" />
  <node id="13121173624" lat="24.9953612" lon="121.4995359" />
  <node id="13149249907" lat="24.9963808" lon="121.4990748">
    <tag k="addr:city" v="新北市" />
    <tag k="addr:country" v="TW" />
    <tag k="addr:district" v="中和區" />
    <tag k="addr:floor" v="1" />
    <tag k="addr:full" v="235新北市中和區圓通路114巷2號一樓" />
    <tag k="addr:housenumber" v="2" />
    <tag k="addr:postcode" v="235" />
    <tag k="addr:street" v="圓通路114巷" />
    <tag k="name" v="運動彩券行" />
    <tag k="payment:cash" v="yes" />
    <tag k="shop" v="lottery" />
  </node>
  <node id="13601809687" lat="25.0406900" lon="121.4465400">
    <tag k="alt_name" v="YouBike2.0_新莊棒球場(和興街)" />
    <tag k="alt_name:en" v="YouBike2.0_Xinzhuang Baseball Stadium (HeXing St.)" />
    <tag k="alt_name:zh" v="YouBike2.0_新莊棒球場(和興街)" />
    <tag k="alt_name:zh-Bopo" v="YouBike2.0_ㄒㄧㄣㄓㄨㄤㄅㄤˋㄑㄧㄡˊㄔㄤˇ(ㄏㄜˊㄒㄧㄥˋㄐㄧㄝ)" />
    <tag k="alt_name:zh-Hans" v="YouBike2.0_新庄棒球场(和兴街)" />
    <tag k="alt_name:zh-Hant" v="YouBike2.0_新莊棒球場(和興街)" />
    <tag k="alt_name:zh-Latn-pinyin" v="YouBike2.0_xīnzhuāngbàngqiúchǎng(héxìngjiē)" />
    <tag k="amenity" v="bicycle_rental" />
    <tag k="authentication:app" v="yes" />
    <tag k="authentication:contactless" v="yes" />
    <tag k="authentication:membership_card" v="yes" />
    <tag k="bicycle_rental" v="docking_station" />
    <tag k="brand" v="YouBike 2.0" />
    <tag k="brand:en" v="YouBike 2.0" />
    <tag k="brand:wikidata" v="Q20687952" />
    <tag k="brand:wikipedia" v="en:YouBike" />
    <tag k="brand:zh" v="微笑單車2.0" />
    <tag k="capacity" v="37" />
    <tag k="description" v="和興街49號(對側)" />
    <tag k="description:en" v="No. 49, HeXing St. (Opposite)" />
    <tag k="description:zh" v="和興街49號(對側)" />
    <tag k="description:zh-Hans" v="和兴街49号(对侧)" />
    <tag k="description:zh-Hant" v="和興街49號(對側)" />
    <tag k="fee" v="yes" />
    <tag k="name" v="新莊棒球場(和興街)" />
    <tag k="name:en" v="Xinzhuang Baseball Stadium (HeXing St.)" />
    <tag k="name:zh" v="新莊棒球場(和興街)" />
    <tag k="name:zh-Bopo" v="ㄒㄧㄣㄓㄨㄤㄅㄤˋㄑㄧㄡˊㄔㄤˇ(ㄏㄜˊㄒㄧㄥˋㄐㄧㄝ)" />
    <tag k="name:zh-Hans" v="新庄棒球场(和兴街)" />
    <tag k="name:zh-Hant" v="新莊棒球場(和興街)" />
    <tag k="name:zh-Latn-pinyin" v="xīnzhuāngbàngqiúchǎng(héxìngjiē)" />
    <tag k="nat_ref" v="NWT500229132" />
    <tag k="network" v="YouBike 2.0" />
    <tag k="network:en" v="Taipei City Public Bike" />
    <tag k="network:wikidata" v="Q20687952" />
    <tag k="network:zh" v="臺北市公共自行車租賃系統" />
    <tag k="opening_hours" v="24/7" />
    <tag k="operator" v="Giant" />
    <tag k="operator:en" v="YOUBIKE CO." />
    <tag k="operator:type" v="private" />
    <tag k="operator:wikidata" v="Q703557" />
    <tag k="operator:zh" v="微笑單車股份有限公司" />
    <tag k="payment:credit_cards" v="yes" />
    <tag k="payment:ep_easycard" v="yes" />
    <tag k="payment:ep_easywallet" v="yes" />
    <tag k="payment:ep_ipass" v="yes" />
    <tag k="payment:jcb" v="yes" />
    <tag k="payment:mastercard" v="yes" />
    <tag k="payment:visa" v="yes" />
    <tag k="ref" v="500229132" />
    <tag k="rental" v="city_bike" />
    <tag k="source" v="TDX" />
    <tag k="source:date" v="2026-02-26T08:53:01+08:00" />
  </node>
  <way id="328293554">
    <nd ref="3351131269" />
    <nd ref="3351131268" />
    <nd ref="4968320194" />
    <nd ref="4968320193" />
    <nd ref="4968320195" />
    <nd ref="3351131265" />
    <nd ref="3351131266" />
    <nd ref="4968320199" />
    <nd ref="4968320201" />
    <nd ref="4968320200" />
    <nd ref="3351131269" />
    <tag k="access" v="private" />
    <tag k="barrier" v="fence" />
    <tag k="landuse" v="garages" />
    <tag k="name" v="大都會客運蘆洲站" />
  </way>
  <way id="550610360">
    <nd ref="5318139098" />
    <nd ref="5318139099" />
    <nd ref="5318139100" />
    <nd ref="5318139101" />
    <nd ref="5318139102" />
    <nd ref="5318139103" />
    <nd ref="5318139104" />
    <nd ref="5318139105" />
    <nd ref="5318139106" />
    <nd ref="5318139098" />
    <tag k="landuse" v="village_green" />
  </way>
  <way id="766726297">
    <nd ref="7160797397" />
    <nd ref="7160797392" />
    <nd ref="7160797391" />
    <nd ref="7160797393" />
    <nd ref="7160797394" />
    <nd ref="7160797395" />
    <nd ref="7160797396" />
    <nd ref="7160797398" />
    <nd ref="7160797397" />
    <tag k="landuse" v="residential" />
    <tag k="name" v="三重青年社會住宅1館" />
    <tag k="residential" v="apartments" />
  </way>
  <way id="775676282">
    <nd ref="7236393336" />
    <nd ref="7236393335" />
    <nd ref="7236393334" />
    <nd ref="7236393333" />
    <nd ref="7236393332" />
    <nd ref="7236393331" />
    <nd ref="7236393336" />
    <tag k="landuse" v="residential" />
    <tag k="name" v="東隆凱悅NO3" />
    <tag k="residential" v="apartments" />
  </way>
  <way id="775676291">
    <nd ref="7236393388" />
    <nd ref="7236393387" />
    <nd ref="7236393386" />
    <nd ref="7236393385" />
    <nd ref="7236393388" />
    <tag k="landuse" v="residential" />
    <tag k="name" v="荷風麗緻" />
    <tag k="residential" v="apartments" />
  </way>
  <way id="775676296">
    <nd ref="7236393585" />
    <nd ref="7236393434" />
    <nd ref="7236393433" />
    <nd ref="7236393432" />
    <nd ref="7236393584" />
    <nd ref="7236393585" />
    <tag k="landuse" v="residential" />
    <tag k="name" v="東隆凱悅NO1" />
    <tag k="residential" v="apartments" />
  </way>
  <way id="775676303">
    <nd ref="7236393518" />
    <nd ref="7236393517" />
    <nd ref="7236393513" />
    <nd ref="7236393511" />
    <nd ref="7236393516" />
    <nd ref="7236393512" />
    <nd ref="7236393515" />
    <nd ref="7236393514" />
    <nd ref="7236393518" />
    <tag k="landuse" v="residential" />
    <tag k="name" v="天星" />
    <tag k="residential" v="apartments" />
  </way>
  <way id="775676308">
    <nd ref="7236393580" />
    <nd ref="7236393579" />
    <nd ref="7236393578" />
    <nd ref="7236393577" />
    <nd ref="7236393576" />
    <nd ref="7236393580" />
    <tag k="landuse" v="residential" />
    <tag k="name" v="東隆凱悅NO2" />
    <tag k="residential" v="apartments" />
  </way>
  <way id="775676309">
    <nd ref="7236393585" />
    <nd ref="7236393584" />
    <nd ref="7236393583" />
    <nd ref="7236393582" />
    <nd ref="7236393585" />
    <tag k="landuse" v="residential" />
    <tag k="name" v="日健漾" />
    <tag k="residential" v="apartments" />
  </way>
  <way id="1018864692">
    <nd ref="9397517356" />
    <nd ref="9397517357" />
    <nd ref="9397517358" />
    <nd ref="9397517361" />
    <nd ref="9397517360" />
    <nd ref="9397517359" />
    <nd ref="9397517356" />
    <tag k="landuse" v="grass" />
  </way>
  <way id="1427305992">
    <nd ref="13121173617" />
    <nd ref="13121165084" />
    <nd ref="13121173618" />
    <nd ref="13121173619" />
    <nd ref="13121173620" />
    <nd ref="13121173621" />
    <nd ref="13121173622" />
    <nd ref="13121173623" />
    <nd ref="13121173624" />
    <nd ref="13121173617" />
    <tag k="construction" v="residential" />
    <tag k="landuse" v="construction" />
  </way>

<note>The data included in this document is from www.openstreetmap.org. The data is made available under ODbL.</note>
<meta osm_base="2026-09-03T09:23:56Z" />

  <node id="2178429591" lat="24.9958208" lon="121.4275906" />
  <node id="2178429594" lat="24.9956714" lon="121.4278348" />
  <node id="2463477699" lat="24.9982306" lon="121.4288072" />
  <node id="2463477700" lat="24.9975208" lon="121.4281950" />
  <node id="2463477701" lat="24.9971909" lon="121.4287355" />
  <node id="2463477703" lat="24.9965761" lon="121.4285315" />
  <node id="2463477704" lat="24.9962696" lon="121.4290478" />
  <node id="2463477705" lat="24.9973311" lon="121.4300493" />
  <node id="2463477706" lat="24.9976708" lon="121.4296235" />
  <node id="2463477707" lat="24.9968167" lon="121.4304228" />
  <node id="2463477708" lat="24.9958683" lon="121.4295850" />
  <node id="2463477709" lat="24.9956501" lon="121.4296277" />
  <node id="2463477710" lat="24.9954452" lon="121.4295601" />
  <node id="2463477711" lat="24.9953857" lon="121.4296748" />
  <node id="2463477712" lat="24.9962037" lon="121.4306882" />
  <node id="2463477713" lat="24.9966701" lon="121.4305786" />
  <node id="2463477953" lat="24.9992754" lon="121.4298405" />
  <node id="2463477954" lat="24.9989554" lon="121.4293201" />
  <node id="2463477955" lat="24.9983956" lon="121.4292429" />
  <node id="2463477956" lat="24.9980607" lon="121.4296676" />
  <node id="2463477957" lat="24.9984522" lon="121.4299832" />
  <node id="2463477958" lat="24.9988280" lon="121.4299121" />
  <node id="2463649456" lat="24.9994706" lon="121.4307608" />
  <node id="2463649461" lat="24.9989232" lon="121.4305320" />
  <node id="2463649462" lat="24.9984386" lon="121.4302128" />
  <node id="2463649463" lat="24.9979227" lon="121.4298436" />
  <node id="2463649464" lat="24.9974556" lon="121.4304590" />
  <node id="2463649465" lat="24.9974765" lon="121.4305551" />
  <node id="2463649466" lat="24.9976648" lon="121.4306705" />
  <node id="2463649467" lat="24.9986826" lon="121.4310667" />
  <node id="2463649468" lat="24.9990277" lon="121.4314013" />
  <node id="2463649469" lat="24.9992404" lon="121.4309320" />
  <node id="2463650228" lat="24.9966525" lon="121.4293086" />
  <node id="2463653480" lat="24.9952309" lon="121.4299057" />
  <node id="2463653481" lat="24.9956100" lon="121.4296531" />
  <node id="2563163582" lat="24.9794087" lon="121.5234280">
    <tag k="bus" v="yes" />
    <tag k="description" v="溪園路383-385號前(向北)" />
    <tag k="highway" v="bus_stop" />
    <tag k="name" v="湯泉社區" />
    <tag k="name:en" v="Tangquan Community" />
    <tag k="name:zh" v="湯泉社區" />
    <tag k="name:zh-Hans" v="汤泉社区" />
    <tag k="name:zh-Hant" v="湯泉社區" />
    <tag k="public_transport" v="platform" />
    <tag k="ref" v="2937" />
  </node>
  <node id="2569325029" lat="24.9985227" lon="121.4300583">
    <tag k="bus" v="yes" />
    <tag k="highway" v="bus_stop" />
    <tag k="name" v="十三公" />
    <tag k="name:en" v="Shisan Gong" />
    <tag k="name:zh" v="十三公" />
    <tag k="network" v="新北市公車" />
    <tag k="network:en" v="New Taipei City Bus" />
    <tag k="network:nan" v="Sin-pak-chhī Kong-chhia" />
    <tag k="network:nan-Hant" v="新北市公車" />
    <tag k="network:nan-Latn-pehoeji" v="Sin-pak-chhī Kong-chhia" />
    <tag k="network:nan-Latn-tailo" v="Sin-pak-tshī Kong-tshia" />
    <tag k="network:wikidata" v="Q21652250" />
    <tag k="network:zh" v="新北市公車" />
    <tag k="public_transport" v="platform" />
  </node>
  <node id="2569325030" lat="24.9981855" lon="121.4299993">
    <tag k="bus" v="yes" />
    <tag k="highway" v="bus_stop" />
    <tag k="name" v="十三公" />
    <tag k="name:en" v="Shisan Gong" />
    <tag k="name:zh" v="十三公" />
    <tag k="network" v="新北市公車" />
    <tag k="network:en" v="New Taipei City Bus" />
    <tag k="network:nan" v="Sin-pak-chhī Kong-chhia" />
    <tag k="network:nan-Hant" v="新北市公車" />
    <tag k="network:nan-Latn-pehoeji" v="Sin-pak-chhī Kong-chhia" />
    <tag k="network:nan-Latn-tailo" v="Sin-pak-tshī Kong-tshia" />
    <tag k="network:wikidata" v="Q21652250" />
    <tag k="network:zh" v="新北市公車" />
    <tag k="platform" v="yes" />
    <tag k="public_transport" v="platform" />
  </node>
  <node id="2615982165" lat="24.9798385" lon="121.5244931" />
  <node id="2790772187" lat="24.9795313" lon="121.5224882">
    <tag k="highway" v="street_lamp" />
    <tag k="information" v="guidepost" />
    <tag k="name" v="新店溪右岸1.4KM" />
    <tag k="ref" v="816171" />
    <tag k="tourism" v="information" />
  </node>
  <node id="2931294192" lat="24.9791502" lon="121.5234989">
    <tag k="addr:city" v="新北市" />
    <tag k="addr:country" v="TW" />
    <tag k="addr:district" v="新店區" />
    <tag k="addr:full" v="231新北市新店區溪園路389號" />
    <tag k="addr:housenumber" v="389" />
    <tag k="addr:postcode" v="231" />
    <tag k="addr:street" v="溪園路" />
    <tag k="branch" v="新店溪園店" />
    <tag k="brand" v="全家便利商店" />
    <tag k="brand:en" v="FamilyMart" />
    <tag k="brand:ja" v="ファミリーマート" />
    <tag k="brand:wikidata" v="Q10891564" />
    <tag k="brand:zh" v="全家便利商店" />
    <tag k="name" v="全家便利商店" />
    <tag k="name:en" v="FamilyMart" />
    <tag k="name:nan" v="Chôan-ke" />
    <tag k="name:zh" v="全家便利商店" />
    <tag k="payment:ep_easycard" v="yes" />
    <tag k="payment:ep_ipass" v="yes" />
    <tag k="shop" v="convenience" />
  </node>
  <node id="3090633941" lat="24.9543094" lon="121.3449797" />
  <node id="3090633942" lat="24.9539204" lon="121.3430773" />
  <node id="3090633943" lat="24.9544504" lon="121.3430056" />
  <node id="3090633944" lat="24.9550876" lon="121.3429359" />
  <node id="3090633945" lat="24.9557053" lon="121.3429144" />
  <node id="3090633946" lat="24.9557263" lon="121.3439130" />
  <node id="3090633947" lat="24.9554553" lon="121.3440146" />
  <node id="3090633948" lat="24.9554776" lon="121.3445169" />
  <node id="3090633949" lat="24.9553910" lon="121.3447140" />
  <node id="3090633950" lat="24.9551452" lon="121.3447079" />
  <node id="3090633951" lat="24.9551620" lon="121.3449698" />
  <node id="3090633952" lat="24.9551089" lon="121.3450129" />
  <node id="3090633953" lat="24.9545055" lon="121.3450160" />
  <node id="3090633954" lat="24.9543128" lon="121.3450499" />
  <node id="3180206784" lat="24.9806063" lon="121.5231296">
    <tag k="bus" v="yes" />
    <tag k="description" v="新北市新店區溪園路365號" />
    <tag k="highway" v="bus_stop" />
    <tag k="name" v="溪園路255巷口" />
    <tag k="name:en" v="Lane 255 Xiyuan Rd." />
    <tag k="name:zh" v="溪園路255巷口" />
    <tag k="name:zh-Hans" v="溪园路255巷口" />
    <tag k="name:zh-Hant" v="溪園路255巷口" />
    <tag k="public_transport" v="platform" />
    <tag k="ref" v="72086" />
  </node>
  <node id="3209236303" lat="24.9527778" lon="121.3415018" />
  <node id="3209236304" lat="24.9529387" lon="121.3411982" />
  <node id="3209236305" lat="24.9539167" lon="121.3418987" />
  <node id="3209236306" lat="24.9536669" lon="121.3421103" />
  <node id="3233929970" lat="25.0154881" lon="121.4673096">
    <tag k="addr:city" v="新北市" />
    <tag k="addr:country" v="TW" />
    <tag k="addr:district" v="板橋區" />
    <tag k="addr:full" v="220新北市板橋區縣民大道二段108號" />
    <tag k="addr:housenumber" v="108" />
    <tag k="addr:postcode" v="220" />
    <tag k="addr:street" v="縣民大道二段" />
    <tag k="alt_name" v="統一超商" />
    <tag k="brand" v="7-Eleven" />
    <tag k="brand:en" v="7-Eleven" />
    <tag k="brand:wikidata" v="Q259340" />
    <tag k="brand:wikipedia" v="en:7-Eleven" />
    <tag k="name" v="7-Eleven" />
    <tag k="opening_hours" v="24/7" />
    <tag k="payment:ep_easycard" v="yes" />
    <tag k="payment:ep_ipass" v="yes" />
    <tag k="shop" v="convenience" />
  </node>
  <node id="3233929971" lat="25.0153058" lon="121.4671688">
    <tag k="addr:city" v="新北市" />
    <tag k="addr:country" v="TW" />
    <tag k="addr:district" v="板橋區" />
    <tag k="addr:full" v="220074新北市板橋區縣民大道二段106號" />
    <tag k="addr:housenumber" v="106" />
    <tag k="addr:postcode" v="220074" />
    <tag k="addr:street" v="縣民大道二段" />
    <tag k="branch" v="板橋雙城店" />
    <tag k="brand" v="全家便利商店" />
    <tag k="brand:en" v="FamilyMart" />
    <tag k="brand:ja" v="ファミリーマート" />
    <tag k="brand:wikidata" v="Q10891564" />
    <tag k="brand:wikipedia" v="zh:全家便利商店" />
    <tag k="brand:zh" v="全家便利商店" />
    <tag k="internet_access" v="wlan" />
    <tag k="name" v="全家便利商店" />
    <tag k="name:en" v="FamilyMart" />
    <tag k="name:zh" v="全家便利商店" />
    <tag k="opening_hours" v="24/7" />
    <tag k="operator" v="全家便利商店股份有限公司" />
    <tag k="payment:ep_easycard" v="yes" />
    <tag k="payment:ep_ipass" v="yes" />
    <tag k="phone" v="+886 2 2954 4584;+886 2 7709 6305" />
    <tag k="shop" v="convenience" />
    <tag k="website" v="https://www.family.com.tw/" />
  </node>
  <node id="3233930327" lat="25.0155621" lon="121.4675822">
    <tag k="addr:city" v="新北市" />
    <tag k="addr:country" v="TW" />
    <tag k="addr:district" v="板橋區" />
    <tag k="addr:full" v="220新北市板橋區縣民大道二段114號" />
    <tag k="addr:housenumber" v="114" />
    <tag k="addr:postcode" v="220" />
    <tag k="addr:street" v="縣民大道二段" />
    <tag k="amenity" v="cafe" />
    <tag k="name" v="煙囪咖啡" />
  </node>
  <node id="3233930328" lat="25.0151338" lon="121.4672989">
    <tag k="addr:city" v="新北市" />
    <tag k="addr:country" v="TW" />
    <tag k="addr:district" v="板橋區" />
    <tag k="addr:full" v="220新北市板橋區漢生東路111-2號" />
    <tag k="addr:housenumber" v="111-2" />
    <tag k="addr:postcode" v="220" />
    <tag k="addr:street" v="漢生東路" />
    <tag k="amenity" v="restaurant" />
    <tag k="name" v="燒肉粽大賣場" />
  </node>
  <node id="3278448283" lat="25.0168785" lon="121.4685956">
    <tag k="bus" v="yes" />
    <tag k="highway" v="bus_stop" />
    <tag k="name" v="中山國中" />
    <tag k="name:en" v="Zhongshan Junior High School" />
    <tag k="name:zh" v="中山國中" />
    <tag k="public_transport" v="platform" />
    <tag k="wheelchair" v="yes" />
  </node>
  <node id="3290319897" lat="25.0168609" lon="121.4689316">
    <tag k="bus" v="yes" />
    <tag k="highway" v="bus_stop" />
    <tag k="name" v="中山國中" />
    <tag k="name:en" v="Zhongshan Junior High School" />
    <tag k="name:zh" v="中山國中" />
    <tag k="public_transport" v="platform" />
    <tag k="wheelchair" v="yes" />
  </node>
  <node id="3290323919" lat="25.0156793" lon="121.4677183">
    <tag k="addr:city" v="新北市" />
    <tag k="addr:country" v="TW" />
    <tag k="addr:district" v="板橋區" />
    <tag k="addr:full" v="220新北市板橋區縣民大道二段120號" />
    <tag k="addr:housenumber" v="120" />
    <tag k="addr:postcode" v="220" />
    <tag k="addr:street" v="縣民大道二段" />
    <tag k="amenity" v="restaurant" />
    <tag k="capacity" v="40" />
    <tag k="cuisine" v="sushi" />
    <tag k="name" v="順億鮪魚專賣店" />
    <tag k="phone" v="+886 2 2958 1388" />
    <tag k="wheelchair" v="yes" />
  </node>
  <node id="3292775566" lat="25.0163229" lon="121.4662169">
    <tag k="amenity" v="restaurant" />
    <tag k="name" v="無刺虱目魚" />
  </node>
  <node id="3292775567" lat="25.0160323" lon="121.4664627">
    <tag k="addr:city" v="新北市" />
    <tag k="addr:country" v="TW" />
    <tag k="addr:district" v="板橋區" />
    <tag k="addr:full" v="22041新北市板橋區漢生東路83巷1號" />
    <tag k="addr:housenumber" v="1" />
    <tag k="addr:postcode" v="22041" />
    <tag k="addr:street" v="漢生東路83巷" />
    <tag k="name" v="紅葉蛋糕" />
    <tag k="shop" v="bakery" />
  </node>
  <node id="3302294400" lat="25.0172408" lon="121.4679658">
    <tag k="access" v="permissive" />
    <tag k="amenity" v="toilets" />
    <tag k="level" v="-1" />
    <tag k="toilets:disposal" v="flush" />
  </node>
  <node id="3306868578" lat="25.0168370" lon="121.4684879">
    <tag k="amenity" v="bench" />
    <tag k="backrest" v="yes" />
  </node>
  <node id="3306868579" lat="25.0169732" lon="121.4687052">
    <tag k="amenity" v="bench" />
    <tag k="backrest" v="yes" />
  </node>
  <node id="3389163237" lat="25.0168455" lon="121.4682910" />
  <node id="3389163238" lat="25.0169349" lon="121.4681172" />
  <node id="3389163239" lat="25.0168341" lon="121.4679925" />
  <node id="3389163240" lat="25.0166868" lon="121.4681348" />
  <node id="3389163241" lat="25.0167124" lon="121.4681821" />
  <node id="3389163242" lat="25.0167536" lon="121.4681546" />
  <node id="3389163256" lat="25.0167869" lon="121.4679095">
    <tag k="amenity" v="waste_basket" />
  </node>
  <node id="3397687371" lat="25.0174930" lon="121.4679875">
    <tag k="amenity" v="telephone" />
    <tag k="payment:coins" v="yes" />
    <tag k="payment:telephone_cards" v="yes" />
    <tag k="ref" v="1960852" />
  </node>
  <node id="3419805419" lat="25.0162543" lon="121.4675810">
    <tag k="amenity" v="bench" />
    <tag k="backrest" v="yes" />
  </node>
  <node id="3446345896" lat="24.9793882" lon="121.5235874">
    <tag k="addr:city" v="新北市" />
    <tag k="addr:country" v="TW" />
    <tag k="addr:district" v="新店區" />
    <tag k="addr:full" v="231新北市新店區溪園路387號" />
    <tag k="addr:housenumber" v="387" />
    <tag k="addr:postcode" v="231" />
    <tag k="addr:street" v="溪園路" />
    <tag k="amenity" v="place_of_worship" />
    <tag k="name" v="湯泉基督教會" />
    <tag k="phone" v="+886-2-8218-0830" />
    <tag k="religion" v="christian" />
  </node>
  <node id="3449668197" lat="25.0162125" lon="121.4667424">
    <tag k="name" v="綠億美髮工坊" />
    <tag k="phone" v="+886 2 22512797" />
    <tag k="shop" v="hairdresser" />
  </node>
  <node id="3461497715" lat="25.0162331" lon="121.4661839">
    <tag k="alt_name" v="中華郵政;郵局" />
    <tag k="amenity" v="post_box" />
    <tag k="collection_times" v="16:40-16:50" />
    <tag k="name" v="普通信筒" />
    <tag k="operator" v="中華郵政" />
    <tag k="operator:en" v="Chunghwa Post" />
    <tag k="operator:nan" v="Tiong-hôa Iû-chèng" />
    <tag k="operator:nan-Hant" v="中華郵政" />
    <tag k="operator:nan-Latn-pehoeji" v="Tiong-hôa Iû-chèng" />
    <tag k="operator:nan-Latn-tailo" v="Tiong-huâ Iû-tsìng" />
    <tag k="operator:wikidata" v="Q709259" />
    <tag k="operator:wikipedia" v="zh:中華郵政" />
    <tag k="operator:zh" v="中華郵政" />
  </node>
  <node id="3467085447" lat="24.9540335" lon="121.3423347" />
  <node id="3467085448" lat="24.9535639" lon="121.3426946" />
  <node id="3467085449" lat="24.9531444" lon="121.3428251" />
  <node id="3467085450" lat="24.9530369" lon="121.3425760" />
  <node id="3467085451" lat="24.9527321" lon="121.3425720" />
  <node id="3467085452" lat="24.9524310" lon="121.3424929" />
  <node id="3467085453" lat="24.9525636" lon="121.3430149" />
  <node id="3467085454" lat="24.9520223" lon="121.3433273" />
  <node id="3467085455" lat="24.9515992" lon="121.3422913" />
  <node id="3467085456" lat="24.9524704" lon="121.3418049" />
  <node id="3467085457" lat="24.9527178" lon="121.3415874" />
  <node id="3467085458" lat="24.9533452" lon="121.3419868" />
  <node id="3467085459" lat="24.9536679" lon="121.3421884" />
  <node id="3467085460" lat="24.9539045" lon="121.3420105" />
  <node id="3580078428" lat="24.9782239" lon="121.5223731" />
  <node id="3580078429" lat="24.9764666" lon="121.5239757" />
  <node id="3580078430" lat="24.9770514" lon="121.5235479" />
  <node id="3580078431" lat="24.9782585" lon="121.5222859" />
  <node id="3580078432" lat="24.9789387" lon="121.5229692" />
  <node id="3580078433" lat="24.9796882" lon="121.5223302" />
  <node id="3580078434" lat="24.9802194" lon="121.5221082" />
  <node id="3580078435" lat="24.9804406" lon="121.5217522" />
  <node id="4520811144" lat="25.0165711" lon="121.4686239">
    <tag k="addr:city" v="新北市" />
    <tag k="addr:country" v="TW" />
    <tag k="addr:district" v="板橋區" />
    <tag k="addr:full" v="220新北市板橋區縣民大道二段172號" />
    <tag k="addr:housenumber" v="172" />
    <tag k="addr:postcode" v="220" />
    <tag k="addr:street" v="縣民大道二段" />
    <tag k="amenity" v="car_rental" />
    <tag k="brand" v="格上租車" />
    <tag k="brand:en" v="CarPlus" />
    <tag k="brand:wikidata" v="Q11111040" />
    <tag k="brand:zh" v="格上租車" />
    <tag k="name" v="格上租車" />
    <tag k="name:en" v="CarPlus" />
    <tag k="name:zh" v="格上租車" />
    <tag k="opening_hours" v="Mo-Su 08:30-20:30" />
    <tag k="phone" v="+886 2 2954 0099" />
    <tag k="wheelchair" v="yes" />
  </node>
  <node id="4582792322" lat="24.9801159" lon="121.5248023" />
  <node id="4639723389" lat="24.9793853" lon="121.5248879" />
  <node id="4653666052" lat="24.9782437" lon="121.5230378" />
  <node id="4827001612" lat="24.9786201" lon="121.5227145">
    <tag k="information" v="board" />
    <tag k="name" v="陽光橋" />
    <tag k="tourism" v="information" />
  </node>
  <node id="4827002327" lat="24.9794710" lon="121.5242725">
    <tag k="amenity" v="shelter" />
  </node>
  <node id="4827002328" lat="24.9791502" lon="121.5237647">
    <tag k="addr:city" v="新北市" />
    <tag k="addr:country" v="TW" />
    <tag k="addr:district" v="新店區" />
    <tag k="addr:full" v="231新北市新店區溪園路391之2號" />
    <tag k="addr:housenumber" v="391之2" />
    <tag k="addr:postcode" v="231" />
    <tag k="addr:street" v="溪園路" />
    <tag k="amenity" v="dentist" />
    <tag k="healthcare" v="dentist" />
    <tag k="name" v="大衛牙醫診所" />
  </node>
  <node id="4827002329" lat="24.9791617" lon="121.5236839">
    <tag k="addr:city" v="新北市" />
    <tag k="addr:country" v="TW" />
    <tag k="addr:district" v="新店區" />
    <tag k="addr:full" v="231新北市新店區溪園路391號" />
    <tag k="addr:housenumber" v="391" />
    <tag k="addr:postcode" v="231" />
    <tag k="addr:street" v="溪園路" />
    <tag k="amenity" v="clinic" />
    <tag k="healthcare" v="clinic" />
    <tag k="healthcare:speciality" v="traditional_chinese_medicine" />
    <tag k="name" v="思懋堂中醫診所" />
  </node>
  <node id="4827002330" lat="24.9790855" lon="121.5238719">
    <tag k="bus" v="yes" />
    <tag k="description" v="新北市新店區溪園路393號(向西);湯泉社區巴士" />
    <tag k="highway" v="bus_stop" />
    <tag k="name" v="湯泉美地" />
    <tag k="name:en" v="Tangquanmeidi" />
    <tag k="name:zh" v="湯泉美地" />
    <tag k="name:zh-Hans" v="汤泉美地" />
    <tag k="name:zh-Hant" v="湯泉美地" />
    <tag k="public_transport" v="platform" />
    <tag k="ref" v="1165605475" />
  </node>
  <node id="5672021879" lat="24.9965370" lon="121.4310250" />
  <node id="5672021880" lat="24.9959825" lon="121.4318936" />
  <node id="5672021881" lat="24.9958577" lon="121.4320594" />
  <node id="5672021882" lat="24.9957392" lon="121.4321014" />
  <node id="5672021883" lat="24.9955572" lon="121.4320734" />
  <node id="5672021884" lat="24.9962386" lon="121.4307845" />
  <node id="5672021889" lat="24.9964102" lon="121.4307190" />
  <node id="5672021890" lat="24.9965420" lon="121.4307113" />
  <node id="6595513657" lat="24.9964422" lon="121.4291951" />
  <node id="6595513658" lat="24.9965312" lon="121.4292008" />
  <node id="7690581647" lat="24.9962961" lon="121.4307300" />
  <node id="7690581648" lat="24.9962715" lon="121.4300083" />
  <node id="7690581649" lat="24.9965452" lon="121.4302483" />
  <node id="7690581650" lat="24.9960345" lon="121.4297357" />
  <node id="8301458015" lat="24.9972545" lon="121.4301373" />
  <node id="8301458016" lat="24.9970599" lon="121.4303918" />
  <node id="8301490917" lat="24.9961498" lon="121.4297693" />
  <node id="8301490918" lat="24.9970702" lon="121.4300618" />
  <node id="8301490919" lat="24.9969007" lon="121.4300451" />
  <node id="8301490920" lat="24.9969575" lon="121.4303250" />
  <node id="8301495016" lat="24.9967598" lon="121.4294040" />
  <node id="8301496417" lat="24.9968561" lon="121.4292454" />
  <node id="8301496418" lat="24.9969442" lon="121.4291982" />
  <node id="8301496419" lat="24.9970514" lon="121.4294901" />
  <node id="8301496420" lat="24.9971300" lon="121.4299273" />
  <node id="8301496421" lat="24.9971072" lon="121.4296789" />
  <node id="8301496422" lat="24.9969391" lon="121.4292198" />
  <node id="8301496423" lat="24.9970298" lon="121.4296186" />
  <node id="8301496424" lat="24.9970940" lon="121.4296953" />
  <node id="8301496425" lat="24.9971047" lon="121.4299832" />
  <node id="8301496426" lat="24.9967166" lon="121.4298982" />
  <node id="8301496427" lat="24.9965262" lon="121.4297885" />
  <node id="8301496428" lat="24.9966855" lon="121.4295431" />
  <node id="8301496429" lat="24.9968610" lon="121.4292781" />
  <node id="8301496456" lat="24.9967428" lon="121.4294566" />
  <node id="8301496470" lat="24.9970325" lon="121.4293778" />
  <node id="8301496471" lat="24.9970630" lon="121.4293783" />
  <node id="9230253920" lat="24.9792400" lon="121.5247700">
    <tag k="alt_name" v="YouBike2.0_陽光橋" />
    <tag k="alt_name:en" v="YouBike2.0_Yangguang Bridge" />
    <tag k="alt_name:zh" v="YouBike2.0_陽光橋" />
    <tag k="alt_name:zh-Bopo" v="YouBike2.0_ㄧㄤˊㄍㄨㄤㄑㄧㄠˊ" />
    <tag k="alt_name:zh-Hans" v="YouBike2.0_阳光桥" />
    <tag k="alt_name:zh-Hant" v="YouBike2.0_陽光橋" />
    <tag k="alt_name:zh-Latn-pinyin" v="YouBike2.0_yángguāngqiáo" />
    <tag k="amenity" v="bicycle_rental" />
    <tag k="authentication:app" v="yes" />
    <tag k="authentication:contactless" v="yes" />
    <tag k="authentication:membership_card" v="yes" />
    <tag k="bicycle_rental" v="docking_station" />
    <tag k="brand" v="YouBike 2.0" />
    <tag k="brand:en" v="YouBike 2.0" />
    <tag k="brand:wikidata" v="Q20687952" />
    <tag k="brand:zh" v="微笑單車2.0" />
    <tag k="capacity" v="76" />
    <tag k="description" v="中山路/央北一路口" />
    <tag k="description:en" v="Zhongshan Rd. &amp; Yangbei 1st Rd. Intersection" />
    <tag k="description:zh" v="中山路/央北一路口" />
    <tag k="description:zh-Hans" v="中山路/央北一路口" />
    <tag k="description:zh-Hant" v="中山路/央北一路口" />
    <tag k="fee" v="yes" />
    <tag k="is_in" v="新店區" />
    <tag k="name" v="陽光橋" />
    <tag k="name:en" v="Yangguang Bridge" />
    <tag k="name:zh" v="陽光橋" />
    <tag k="name:zh-Bopo" v="ㄧㄤˊㄍㄨㄤㄑㄧㄠˊ" />
    <tag k="name:zh-Hans" v="阳光桥" />
    <tag k="name:zh-Hant" v="陽光橋" />
    <tag k="name:zh-Latn-pinyin" v="yángguāngqiáo" />
    <tag k="nat_ref" v="NWT500227006" />
    <tag k="network" v="YouBike 微笑單車" />
    <tag k="network:en" v="YouBike" />
    <tag k="network:zh" v="微笑單車" />
    <tag k="opening_hours" v="24/7" />
    <tag k="operator:wikidata" v="Q703557" />
    <tag k="payment:credit_cards" v="yes" />
    <tag k="payment:ep_easycard" v="yes" />
    <tag k="payment:ep_easywallet" v="yes" />
    <tag k="payment:ep_ipass" v="yes" />
    <tag k="payment:jcb" v="yes" />
    <tag k="payment:mastercard" v="yes" />
    <tag k="payment:visa" v="yes" />
    <tag k="ref" v="500227006" />
    <tag k="rental" v="city_bike" />
    <tag k="source" v="YouBike" />
    <tag k="source:date" v="2021-11-04" />
  </node>
  <node id="9230254051" lat="25.0157800" lon="121.4677900">
    <tag k="alt_name" v="YouBike2.0_縣民漢生東路口" />
    <tag k="alt_name:en" v="YouBike2.0_Xianmin &amp; Hansheng E. Intersection" />
    <tag k="alt_name:zh" v="YouBike2.0_縣民漢生東路口" />
    <tag k="alt_name:zh-Bopo" v="YouBike2.0_ㄒㄧㄢˋㄇㄧㄣˊㄏㄢˋㄕㄥㄉㄨㄥㄌㄨˋㄎㄡˇ" />
    <tag k="alt_name:zh-Hans" v="YouBike2.0_县民汉生东路口" />
    <tag k="alt_name:zh-Hant" v="YouBike2.0_縣民漢生東路口" />
    <tag k="alt_name:zh-Latn-pinyin" v="YouBike2.0_xiànmínhànshēngdōnglùkǒu" />
    <tag k="amenity" v="bicycle_rental" />
    <tag k="authentication:app" v="yes" />
    <tag k="authentication:contactless" v="yes" />
    <tag k="authentication:membership_card" v="yes" />
    <tag k="bicycle_rental" v="docking_station" />
    <tag k="brand" v="YouBike 2.0" />
    <tag k="capacity" v="71" />
    <tag k="description" v="縣民大道二段112號(前)" />
    <tag k="description:en" v="No.112, Sec. 2, Xianmin Blvd., Banqiao Dist." />
    <tag k="description:zh" v="縣民大道二段112號(前)" />
    <tag k="description:zh-Hans" v="县民大道二段112号(前)" />
    <tag k="description:zh-Hant" v="縣民大道二段112號(前)" />
    <tag k="fee" v="yes" />
    <tag k="is_in" v="板橋區" />
    <tag k="name" v="縣民漢生東路口" />
    <tag k="name:en" v="Xianmin &amp; Hansheng E. Intersection" />
    <tag k="name:zh" v="縣民漢生東路口" />
    <tag k="name:zh-Bopo" v="ㄒㄧㄢˋㄇㄧㄣˊㄏㄢˋㄕㄥㄉㄨㄥㄌㄨˋㄎㄡˇ" />
    <tag k="name:zh-Hans" v="县民汉生东路口" />
    <tag k="name:zh-Hant" v="縣民漢生東路口" />
    <tag k="name:zh-Latn-pinyin" v="xiànmínhànshēngdōnglùkǒu" />
    <tag k="nat_ref" v="NWT500218088" />
    <tag k="network" v="YouBike 微笑單車" />
    <tag k="network:en" v="YouBike" />
    <tag k="network:zh" v="微笑單車" />
    <tag k="opening_hours" v="24/7" />
    <tag k="operator:wikidata" v="Q703557" />
    <tag k="payment:credit_cards" v="yes" />
    <tag k="payment:ep_easycard" v="yes" />
    <tag k="payment:ep_easywallet" v="yes" />
    <tag k="payment:ep_ipass" v="yes" />
    <tag k="payment:jcb" v="yes" />
    <tag k="payment:mastercard" v="yes" />
    <tag k="payment:visa" v="yes" />
    <tag k="ref" v="500218088" />
    <tag k="rental" v="city_bike" />
    <tag k="source" v="YouBike" />
    <tag k="source:date" v="2021-11-04" />
  </node>
  <node id="9264440921" lat="24.9803944" lon="121.5225823" />
  <node id="9264440922" lat="24.9804735" lon="121.5222833" />
  <node id="9317408400" lat="25.0148168" lon="121.4663411" />
  <node id="9317408406" lat="25.0151559" lon="121.4668185" />
  <node id="9317408407" lat="25.0148369" lon="121.4671107" />
  <node id="9317408409" lat="25.0144967" lon="121.4665948" />
  <node id="9625810653" lat="24.9791030" lon="121.5247490">
    <tag k="amenity" v="parcel_locker" />
    <tag k="brand" v="i郵箱" />
    <tag k="brand:en" v="iBox" />
    <tag k="brand:nan" v="i-iû-siuⁿ" />
    <tag k="brand:nan-Hant" v="i郵箱" />
    <tag k="brand:nan-Latn-pehoeji" v="i-iû-siuⁿ" />
    <tag k="brand:nan-Latn-tailo" v="i-iû-siunn" />
    <tag k="brand:wikidata" v="Q4375439" />
    <tag k="brand:zh" v="i郵箱" />
    <tag k="brand:zh-Hans" v="i邮箱" />
    <tag k="brand:zh-Hant" v="i郵箱" />
    <tag k="capacity" v="40" />
    <tag k="description" v="23100新北市新店區溪園路393號，F棟迴廊靠牆壁處(社區專用)" />
    <tag k="description:payment" v="郵政金融卡/悠遊卡/一卡通/愛金卡" />
    <tag k="name" v="新店湯泉美地社區i郵箱" />
    <tag k="note" v="四代櫃(智慧郵筒)" />
    <tag k="opening_hours" v="24/7" />
    <tag k="operator" v="中華郵政" />
    <tag k="operator:en" v="Chunghwa Post" />
    <tag k="operator:nan" v="Tiong-hôa Iû-chèng" />
    <tag k="operator:nan-Hant" v="中華郵政" />
    <tag k="operator:nan-Latn-pehoeji" v="Tiong-hôa Iû-chèng" />
    <tag k="operator:nan-Latn-tailo" v="Tiong-huâ Iû-tsìng" />
    <tag k="operator:wikidata" v="Q709259" />
    <tag k="operator:wikipedia" v="zh:中華郵政" />
    <tag k="operator:zh" v="中華郵政" />
    <tag k="operator:zh-Hans" v="中华邮政" />
    <tag k="operator:zh-Hant" v="中華郵政" />
    <tag k="parcel_mail_in" v="yes" />
    <tag k="parcel_pickup" v="yes" />
    <tag k="payment:ep_easycard" v="yes" />
    <tag k="payment:ep_icash" v="yes" />
    <tag k="payment:ep_ipass" v="yes" />
    <tag k="refrigerated" v="no" />
    <tag k="source" v="中華郵政" />
    <tag k="source:date" v="2021-10-05 16:58" />
    <tag k="source:url" v="https://data.gov.tw/dataset/52779" />
  </node>
  <node id="9776998912" lat="24.9796967" lon="121.5251344" />
  <node id="9776998913" lat="24.9797538" lon="121.5250473" />
  <node id="9776998914" lat="24.9798632" lon="121.5251385" />
  <node id="9776998915" lat="24.9798049" lon="121.5245779" />
  <node id="9776998916" lat="24.9796505" lon="121.5244532" />
  <node id="10072510199" lat="24.9968749" lon="121.4304296" />
  <node id="10072510200" lat="24.9965052" lon="121.4301290" />
  <node id="10072510201" lat="24.9962081" lon="121.4296972" />
  <node id="10072510202" lat="24.9965794" lon="121.4299176" />
  <node id="11217533466" lat="24.9778866" lon="121.5228846" />
  <node id="11217533472" lat="24.9785834" lon="121.5224904" />
  <node id="11217533473" lat="24.9786449" lon="121.5226117" />
  <node id="11217533474" lat="24.9786297" lon="121.5228146" />
  <node id="11217533475" lat="24.9785852" lon="121.5228876" />
  <node id="11217533476" lat="24.9784935" lon="121.5229726" />
  <node id="11217533477" lat="24.9783964" lon="121.5229922" />
  <node id="11217533478" lat="24.9782837" lon="121.5229799" />
  <node id="11217533480" lat="24.9781899" lon="121.5230645" />
  <node id="11217533481" lat="24.9780980" lon="121.5230681" />
  <node id="11217533482" lat="24.9779977" lon="121.5230424" />
  <node id="11217533483" lat="24.9779361" lon="121.5229763" />
  <node id="11536899531" lat="24.9802045" lon="121.5226269" />
  <node id="11536899532" lat="24.9749093" lon="121.5256280" />
  <node id="11536899533" lat="24.9788086" lon="121.5230665" />
  <node id="11536928980" lat="24.9767900" lon="121.5237156" />
  <node id="11536928986" lat="24.9775194" lon="121.5233655" />
  <node id="11536928987" lat="24.9790919" lon="121.5229323" />
  <node id="11965816854" lat="25.0162824" lon="121.4632862" />
  <node id="11965816855" lat="25.0158473" lon="121.4639293" />
  <node id="11965816856" lat="25.0162423" lon="121.4642968" />
  <node id="11965816857" lat="25.0150987" lon="121.4660006" />
  <node id="11965816858" lat="25.0154779" lon="121.4665531" />
  <node id="11965816859" lat="25.0164695" lon="121.4657565" />
  <node id="11965816860" lat="25.0174879" lon="121.4642760" />
  <node id="11965816861" lat="25.0165831" lon="121.4656460" />
  <node id="12254714360" lat="25.0158668" lon="121.4639794" />
  <node id="13417458163" lat="25.0160908" lon="121.4689650">
    <tag k="addr:city" v="新北市" />
    <tag k="addr:country" v="TW" />
    <tag k="addr:district" v="板橋區" />
    <tag k="addr:full" v="220新北市板橋區板新路202號" />
    <tag k="addr:housenumber" v="202" />
    <tag k="addr:postcode" v="220" />
    <tag k="addr:street" v="板新路" />
    <tag k="amenity" v="car_rental" />
    <tag k="branch" v="板橋門市" />
    <tag k="brand" v="小馬租車" />
    <tag k="brand:en" v="Pony Rent a Car" />
    <tag k="brand:wikidata" v="Q123891039" />
    <tag k="brand:zh" v="小馬租車" />
    <tag k="contact:facebook" v="https://www.ponyrent.com.tw/" />
    <tag k="email" v="banciao@ponyrent.com.tw" />
    <tag k="name" v="小馬租車" />
    <tag k="name:en" v="Pony Rent a Car" />
    <tag k="name:zh" v="小馬租車" />
    <tag k="opening_hours" v="Mo-Su 08:00-20:00" />
    <tag k="operator" v="小馬租車" />
    <tag k="phone" v="+886 2 29506288" />
    <tag k="short_name" v="板橋小馬" />
  </node>
  <node id="13461862383" lat="24.9804370" lon="121.5224576" />
  <node id="13461862384" lat="24.9755406" lon="121.5249582" />
  <node id="13462503172" lat="24.9805243" lon="121.5217568" />
  <node id="13462503173" lat="24.9785394" lon="121.5223188" />
  <node id="13462503174" lat="24.9785102" lon="121.5222155" />
  <node id="13462503175" lat="24.9784518" lon="121.5222752" />
  <node id="13462503178" lat="24.9779498" lon="121.5224227" />
  <node id="13462503179" lat="24.9783266" lon="121.5223771" />
  <node id="13462503180" lat="24.9785430" lon="121.5223845" />
  <node id="13462503181" lat="24.9787813" lon="121.5224154" />
  <node id="13462503182" lat="24.9792426" lon="121.5225159" />
  <node id="13462503183" lat="24.9795003" lon="121.5225079" />
  <node id="13462503184" lat="24.9797477" lon="121.5224589" />
  <node id="13462503185" lat="24.9799131" lon="121.5223912" />
  <node id="13462503186" lat="24.9803124" lon="121.5219567" />
  <node id="13462503187" lat="24.9804218" lon="121.5218481" />
  <node id="13462503188" lat="24.9805189" lon="121.5218129" />
  <node id="13462562391" lat="24.9789241" lon="121.5225575" />
  <node id="13462562392" lat="24.9788670" lon="121.5226360" />
  <node id="13462562393" lat="24.9787807" lon="121.5227057" />
  <node id="13462562394" lat="24.9786529" lon="121.5227272" />
  <node id="13462562395" lat="24.9785222" lon="121.5224222" />
  <node id="13462562396" lat="24.9786050" lon="121.5224288" />
  <node id="13462562397" lat="24.9787661" lon="121.5224509" />
  <node id="13462562398" lat="24.9789375" lon="121.5224985" />
  <node id="13462576570" lat="24.9739605" lon="121.5265604" />
  <node id="13462576571" lat="24.9739483" lon="121.5262898" />
  <node id="13462576572" lat="24.9739009" lon="121.5262006" />
  <node id="13462576573" lat="24.9738583" lon="121.5261731" />
  <node id="13462576574" lat="24.9740480" lon="121.5259941" />
  <node id="13462576575" lat="24.9740912" lon="121.5259237" />
  <node id="13462576576" lat="24.9740918" lon="121.5257406" />
  <node id="13462576577" lat="24.9740772" lon="121.5256112" />
  <node id="13462576578" lat="24.9741465" lon="121.5255247" />
  <node id="13462576579" lat="24.9746692" lon="121.5255167" />
  <node id="13462576580" lat="24.9747197" lon="121.5254999" />
  <node id="13462576581" lat="24.9747537" lon="121.5254530" />
  <node id="13462576582" lat="24.9747622" lon="121.5251797" />
  <node id="13462576583" lat="24.9749251" lon="121.5251787" />
  <node id="13462576584" lat="24.9751780" lon="121.5250835" />
  <node id="13462576585" lat="24.9753591" lon="121.5249661" />
  <node id="13462576586" lat="24.9755403" lon="121.5248065" />
  <node id="13462576587" lat="24.9761603" lon="121.5241078" />
  <node id="13462576588" lat="24.9770046" lon="121.5234996" />
  <node id="13462576589" lat="24.9775753" lon="121.5231523" />
  <node id="13462576590" lat="24.9777638" lon="121.5229753" />
  <node id="13462576591" lat="24.9778312" lon="121.5228640" />
  <node id="13462576592" lat="24.9778986" lon="121.5227604" />
  <node id="13462576593" lat="24.9786428" lon="121.5227745" />
  <node id="13462576594" lat="24.9787235" lon="121.5227620" />
  <node id="13462576595" lat="24.9787284" lon="121.5227929" />
  <node id="13462576596" lat="24.9788190" lon="121.5227748" />
  <node id="13462576597" lat="24.9788834" lon="121.5227245" />
  <node id="13462576598" lat="24.9788658" lon="121.5226993" />
  <node id="13462576599" lat="24.9789016" lon="121.5226668" />
  <node id="13462576600" lat="24.9789861" lon="121.5225159" />
  <node id="13462576601" lat="24.9792286" lon="121.5225602" />
  <node id="13462576602" lat="24.9794961" lon="121.5225595" />
  <node id="13462576603" lat="24.9797587" lon="121.5225112" />
  <node id="13462576604" lat="24.9799143" lon="121.5224536" />
  <node id="13462576605" lat="24.9802218" lon="121.5221867" />
  <node id="13462576606" lat="24.9803750" lon="121.5219574" />
  <node id="13462576607" lat="24.9804492" lon="121.5218890" />
  <node id="13462576608" lat="24.9805144" lon="121.5218600" />
  <node id="13976613662" lat="24.9536959" lon="121.3431881">
    <tag k="bus" v="yes" />
    <tag k="highway" v="bus_stop" />
    <tag k="name" v="捷運國華站" />
    <tag k="name:en" v="MRT Guohua Station" />
    <tag k="name:zh" v="捷運國華站" />
    <tag k="network" v="新北市公車" />
    <tag k="network:en" v="New Taipei City Bus" />
    <tag k="network:nan" v="Sin-pak-chhī Kong-chhia" />
    <tag k="network:nan-Hant" v="新北市公車" />
    <tag k="network:nan-Latn-pehoeji" v="Sin-pak-chhī Kong-chhia" />
    <tag k="network:nan-Latn-tailo" v="Sin-pak-tshī Kong-tshia" />
    <tag k="network:wikidata" v="Q21652250" />
    <tag k="network:zh" v="新北市公車" />
    <tag k="public_transport" v="platform" />
  </node>
  <node id="13977010758" lat="24.9542698" lon="121.3425779">
    <tag k="railway" v="subway_entrance" />
    <tag k="ref" v="2" />
  </node>
  <way id="238522460">
    <nd ref="2463477699" />
    <nd ref="2463477700" />
    <nd ref="2463477701" />
    <nd ref="2178429591" />
    <nd ref="2178429594" />
    <nd ref="2463477703" />
    <nd ref="2463477704" />
    <nd ref="6595513657" />
    <nd ref="6595513658" />
    <nd ref="2463650228" />
    <nd ref="8301495016" />
    <nd ref="8301496417" />
    <nd ref="8301496418" />
    <nd ref="8301496471" />
    <nd ref="8301496419" />
    <nd ref="8301496421" />
    <nd ref="8301496420" />
    <nd ref="2463477705" />
    <nd ref="2463477706" />
    <nd ref="2463477699" />
    <tag k="landuse" v="residential" />
  </way>
  <way id="238522461">
    <nd ref="2463477707" />
    <nd ref="7690581649" />
    <nd ref="7690581648" />
    <nd ref="7690581650" />
    <nd ref="2463477708" />
    <nd ref="2463477709" />
    <nd ref="2463653481" />
    <nd ref="2463477710" />
    <nd ref="2463477711" />
    <nd ref="2463653480" />
    <nd ref="2463477712" />
    <nd ref="7690581647" />
    <nd ref="5672021889" />
    <nd ref="5672021890" />
    <nd ref="2463477713" />
    <nd ref="2463477707" />
    <tag k="landuse" v="residential" />
    <tag k="name" v="統一小別墅" />
  </way>
  <way id="238522468">
    <nd ref="2463477953" />
    <nd ref="2463477954" />
    <nd ref="2463477955" />
    <nd ref="2463477956" />
    <nd ref="2463477957" />
    <nd ref="2463477958" />
    <nd ref="2463477953" />
    <tag k="landuse" v="industrial" />
  </way>
  <way id="238540804">
    <nd ref="2463649456" />
    <nd ref="2463649461" />
    <nd ref="2463649462" />
    <nd ref="2463649463" />
    <nd ref="2463649464" />
    <nd ref="2463649465" />
    <nd ref="2463649466" />
    <nd ref="2463649467" />
    <nd ref="2463649468" />
    <nd ref="2463649469" />
    <nd ref="2463649456" />
    <tag k="landuse" v="residential" />
  </way>
  <way id="304515388">
    <nd ref="3090633941" />
    <nd ref="3090633942" />
    <nd ref="3090633943" />
    <nd ref="3090633944" />
    <nd ref="3090633945" />
    <nd ref="3090633946" />
    <nd ref="3090633947" />
    <nd ref="3090633948" />
    <nd ref="3090633949" />
    <nd ref="3090633950" />
    <nd ref="3090633951" />
    <nd ref="3090633952" />
    <nd ref="3090633953" />
    <nd ref="3090633954" />
    <nd ref="3090633941" />
    <tag k="landuse" v="residential" />
    <tag k="residential" v="apartments" />
  </way>
  <way id="314874972">
    <nd ref="3209236303" />
    <nd ref="3209236304" />
    <nd ref="3209236305" />
    <nd ref="3209236306" />
    <nd ref="3209236303" />
    <tag k="landuse" v="residential" />
  </way>
  <way id="331816424">
    <nd ref="3389163237" />
    <nd ref="3389163238" />
    <nd ref="3389163239" />
    <nd ref="3389163240" />
    <nd ref="3389163241" />
    <nd ref="3389163242" />
    <nd ref="3389163237" />
    <tag k="landuse" v="grass" />
  </way>
  <way id="339500736">
    <nd ref="3467085447" />
    <nd ref="3467085448" />
    <nd ref="3467085449" />
    <nd ref="3467085450" />
    <nd ref="3467085451" />
    <nd ref="3467085452" />
    <nd ref="3467085453" />
    <nd ref="3467085454" />
    <nd ref="3467085455" />
    <nd ref="3467085456" />
    <nd ref="3467085457" />
    <nd ref="3467085458" />
    <nd ref="3467085459" />
    <nd ref="3467085460" />
    <nd ref="3467085447" />
    <tag k="landuse" v="industrial" />
  </way>
  <way id="352252812">
    <nd ref="13462503178" />
    <nd ref="3580078431" />
    <nd ref="13462503175" />
    <nd ref="13462503174" />
    <nd ref="13462503173" />
    <nd ref="3580078433" />
    <nd ref="3580078435" />
    <nd ref="13462503172" />
    <nd ref="13462503188" />
    <nd ref="13462503187" />
    <nd ref="13462503186" />
    <nd ref="3580078434" />
    <nd ref="13462503185" />
    <nd ref="13462503184" />
    <nd ref="13462503183" />
    <nd ref="13462503182" />
    <nd ref="13462503181" />
    <nd ref="13462503180" />
    <nd ref="13462503179" />
    <nd ref="3580078428" />
    <nd ref="13462503178" />
    <tag k="landuse" v="grass" />
  </way>
  <way id="594983296">
    <nd ref="5672021879" />
    <nd ref="5672021880" />
    <nd ref="5672021881" />
    <nd ref="5672021882" />
    <nd ref="5672021883" />
    <nd ref="5672021884" />
    <nd ref="5672021879" />
    <tag k="landuse" v="residential" />
  </way>
  <way id="893188244">
    <nd ref="8301458015" />
    <nd ref="8301458016" />
    <nd ref="8301490920" />
    <nd ref="10072510199" />
    <nd ref="10072510200" />
    <nd ref="8301490917" />
    <nd ref="10072510201" />
    <nd ref="10072510202" />
    <nd ref="8301490919" />
    <nd ref="8301490918" />
    <nd ref="8301458015" />
    <tag k="landuse" v="construction" />
    <tag k="name" v="凱旋大苑" />
  </way>
  <way id="893188746">
    <nd ref="8301496422" />
    <nd ref="8301496470" />
    <nd ref="8301496423" />
    <nd ref="8301496424" />
    <nd ref="8301496425" />
    <nd ref="8301496426" />
    <nd ref="8301496427" />
    <nd ref="8301496428" />
    <nd ref="8301496456" />
    <nd ref="8301496429" />
    <nd ref="8301496422" />
    <tag k="landuse" v="residential" />
    <tag k="name" v="樹新華城" />
    <tag k="residential" v="apartments" />
  </way>
  <way id="1009841825">
    <nd ref="9317408406" />
    <nd ref="9317408400" />
    <nd ref="9317408409" />
    <nd ref="9317408407" />
    <nd ref="9317408406" />
    <tag k="landuse" v="residential" />
    <tag k="name" v="權世界" />
    <tag k="residential" v="apartments" />
  </way>
  <way id="1064570574">
    <nd ref="4582792322" />
    <nd ref="9776998914" />
    <nd ref="9776998913" />
    <nd ref="9776998912" />
    <nd ref="4639723389" />
    <nd ref="9776998916" />
    <nd ref="2615982165" />
    <nd ref="9776998915" />
    <nd ref="4582792322" />
    <tag k="landuse" v="brownfield" />
    <tag k="name" v="振翔建設建地" />
  </way>
  <way id="1290587113">
    <nd ref="11965816854" />
    <nd ref="11965816855" />
    <nd ref="12254714360" />
    <nd ref="11965816856" />
    <nd ref="11965816857" />
    <nd ref="11965816858" />
    <nd ref="11965816859" />
    <nd ref="11965816861" />
    <nd ref="11965816860" />
    <nd ref="11965816854" />
    <tag k="landuse" v="greenfield" />
    <tag k="name" v="國家兒童未來館預定地" />
    <tag k="name:en" v="National Children's Future Museum (Planning)" />
    <tag k="name:zh" v="國家兒童未來館預定地" />
  </way>
  <way id="1467830681">
    <nd ref="13462576608" />
    <nd ref="13462576607" />
    <nd ref="13462576606" />
    <nd ref="13462576605" />
    <nd ref="13462576604" />
    <nd ref="13462576603" />
    <nd ref="13462576602" />
    <nd ref="13462576601" />
    <nd ref="13462576600" />
    <nd ref="13462576599" />
    <nd ref="13462576598" />
    <nd ref="13462576597" />
    <nd ref="13462576596" />
    <nd ref="13462576595" />
    <nd ref="13462576594" />
    <nd ref="13462576593" />
    <nd ref="11217533474" />
    <nd ref="11217533475" />
    <nd ref="11217533476" />
    <nd ref="11217533477" />
    <nd ref="11217533478" />
    <nd ref="4653666052" />
    <nd ref="11217533480" />
    <nd ref="11217533481" />
    <nd ref="11217533482" />
    <nd ref="11217533483" />
    <nd ref="11217533466" />
    <nd ref="13462576592" />
    <nd ref="13462576591" />
    <nd ref="13462576590" />
    <nd ref="13462576589" />
    <nd ref="13462576588" />
    <nd ref="13462576587" />
    <nd ref="13462576586" />
    <nd ref="13462576585" />
    <nd ref="13462576584" />
    <nd ref="13462576583" />
    <nd ref="13462576582" />
    <nd ref="13462576581" />
    <nd ref="13462576580" />
    <nd ref="13462576579" />
    <nd ref="13462576578" />
    <nd ref="13462576577" />
    <nd ref="13462576576" />
    <nd ref="13462576575" />
    <nd ref="13462576574" />
    <nd ref="13462576573" />
    <nd ref="13462576572" />
    <nd ref="13462576571" />
    <nd ref="13462576570" />
    <nd ref="11536899532" />
    <nd ref="13461862384" />
    <nd ref="3580078429" />
    <nd ref="11536928980" />
    <nd ref="3580078430" />
    <nd ref="11536928986" />
    <nd ref="11536899533" />
    <nd ref="3580078432" />
    <nd ref="11536928987" />
    <nd ref="11536899531" />
    <nd ref="9264440921" />
    <nd ref="13461862383" />
    <nd ref="9264440922" />
    <nd ref="13462576608" />
    <tag k="landuse" v="grass" />
  </way>
  <way id="1467831518">
    <nd ref="13462562398" />
    <nd ref="13462562397" />
    <nd ref="13462562396" />
    <nd ref="13462562395" />
    <nd ref="11217533472" />
    <nd ref="11217533473" />
    <nd ref="13462562394" />
    <nd ref="13462562393" />
    <nd ref="13462562392" />
    <nd ref="13462562391" />
    <nd ref="13462562398" />
    <tag k="landuse" v="grass" />
  </way>

<note>The data included in this document is from www.openstreetmap.org. The data is made available under ODbL.</note>
<meta osm_base="2026-09-03T09:23:56Z" />

  <node id="943164657" lat="25.0742697" lon="121.6400406" />
  <node id="943164658" lat="25.0739617" lon="121.6395723" />
  <node id="943164659" lat="25.0732182" lon="121.6388591" />
  <node id="943164660" lat="25.0718529" lon="121.6397111" />
  <node id="943164661" lat="25.0723110" lon="121.6398498" />
  <node id="943164662" lat="25.0739538" lon="121.6401794" />
  <node id="1556520884" lat="24.9879007" lon="121.4293124" />
  <node id="1720302266" lat="24.9971772" lon="121.4572436">
    <tag k="addr:city" v="新北市" />
    <tag k="addr:country" v="TW" />
    <tag k="addr:district" v="板橋區" />
    <tag k="addr:floor" v="1" />
    <tag k="addr:full" v="22063新北市板橋區四川路一段483;485號一樓" />
    <tag k="addr:housenumber" v="483;485" />
    <tag k="addr:postcode" v="22063" />
    <tag k="addr:street" v="四川路一段" />
    <tag k="branch" v="板橋玉川店" />
    <tag k="brand" v="萊爾富" />
    <tag k="brand:en" v="Hi-Life" />
    <tag k="brand:wikidata" v="Q11326216" />
    <tag k="brand:wikipedia" v="zh:萊爾富" />
    <tag k="brand:zh" v="萊爾富" />
    <tag k="name" v="萊爾富" />
    <tag k="name:en" v="Hi-Life" />
    <tag k="name:ja" v="ハイ・ライフ北県豫章店" />
    <tag k="name:zh" v="萊爾富" />
    <tag k="opening_hours" v="24/7" />
    <tag k="operator" v="萊爾富國際" />
    <tag k="shop" v="convenience" />
    <tag k="source" v="http://www.hilife.com.tw/storeInquiry_street.aspx" />
    <tag k="website" v="http://www.hilife.com.tw/" />
  </node>
  <node id="2611788692" lat="24.9953577" lon="121.4575396">
    <tag k="bus" v="yes" />
    <tag k="highway" v="bus_stop" />
    <tag k="name" v="信義路" />
    <tag k="name:en" v="Xinyi Road Entrance" />
    <tag k="name:zh" v="信義路" />
    <tag k="public_transport" v="platform" />
  </node>
  <node id="2625541136" lat="24.9953466" lon="121.4574464" />
  <node id="2625541138" lat="24.9954532" lon="121.4574296" />
  <node id="2625541139" lat="24.9954602" lon="121.4580529" />
  <node id="2625541156" lat="24.9959143" lon="121.4573990" />
  <node id="2625541157" lat="24.9959365" lon="121.4580346" />
  <node id="2659320335" lat="24.9875702" lon="121.4292804">
    <tag k="alt_name:en" v="Xifu Li" />
    <tag k="bench" v="no" />
    <tag k="bus" v="yes" />
    <tag k="covered" v="no" />
    <tag k="highway" v="bus_stop" />
    <tag k="name" v="溪福里" />
    <tag k="name:en" v="Xifu Village" />
    <tag k="name:nan" v="Khoe-hok-lí" />
    <tag k="name:nan-Hant" v="溪福里" />
    <tag k="name:nan-Latn-pehoeji" v="Khoe-hok-lí" />
    <tag k="name:nan-Latn-tailo" v="Khue-hok-lí" />
    <tag k="name:zh" v="溪福里" />
    <tag k="name:zh-Hans" v="溪福里" />
    <tag k="name:zh-Hant" v="溪福里" />
    <tag k="public_transport" v="platform" />
    <tag k="ref" v="70791" />
    <tag k="route_ref" v="藍38" />
    <tag k="wheelchair" v="yes" />
  </node>
  <node id="2676951373" lat="24.9872427" lon="121.4290735">
    <tag k="addr:city" v="新北市" />
    <tag k="addr:country" v="TW" />
    <tag k="addr:district" v="板橋區" />
    <tag k="addr:full" v="220新北市板橋區篤行路三段16號" />
    <tag k="addr:housenumber" v="16" />
    <tag k="addr:postcode" v="220" />
    <tag k="addr:street" v="篤行路三段" />
    <tag k="amenity" v="restaurant" />
    <tag k="cuisine" v="chinese" />
    <tag k="microbrewery" v="no" />
    <tag k="name" v="大埔鐵板燒" />
    <tag k="phone" v="+886 2 26879013" />
    <tag k="smoking" v="separated" />
    <tag k="wheelchair" v="limited" />
  </node>
  <node id="2678015213" lat="24.9877151" lon="121.4294393">
    <tag k="addr:country" v="TW" />
    <tag k="addr:district" v="板橋區" />
    <tag k="addr:full" v="220新北市板橋區篤行路三段3號" />
    <tag k="branch" v="板橋堂春店" />
    <tag k="brand" v="全家便利商店" />
    <tag k="brand:en" v="FamilyMart" />
    <tag k="brand:ja" v="ファミリーマート" />
    <tag k="brand:wikidata" v="Q10891564" />
    <tag k="brand:wikipedia" v="zh:全家便利商店" />
    <tag k="brand:zh" v="全家便利商店" />
    <tag k="name" v="全家便利商店" />
    <tag k="name:en" v="FamilyMart" />
    <tag k="name:zh" v="全家便利商店" />
    <tag k="payment:ep_easycard" v="yes" />
    <tag k="payment:ep_ipass" v="yes" />
    <tag k="shop" v="convenience" />
    <tag k="toilets" v="no" />
  </node>
  <node id="2678016087" lat="24.9875641" lon="121.4293204">
    <tag k="addr:country" v="TW" />
    <tag k="addr:district" v="板橋區" />
    <tag k="addr:full" v="220新北市板橋區篤行路三段3號" />
    <tag k="amenity" v="fast_food" />
    <tag k="cuisine" v="chinese" />
    <tag k="drive_in" v="no" />
    <tag k="drive_through" v="no" />
    <tag k="name" v="永和豆漿大王" />
  </node>
  <node id="2733041598" lat="24.9870919" lon="121.4286371" />
  <node id="2891326885" lat="24.9873716" lon="121.4307907">
    <tag k="building" v="school" />
    <tag k="name" v="校門" />
  </node>
  <node id="2974262533" lat="24.9879060" lon="121.4290090">
    <tag k="addr:city" v="新北市" />
    <tag k="addr:country" v="TW" />
    <tag k="addr:district" v="板橋區" />
    <tag k="addr:full" v="220新北市板橋區篤行路三段9號" />
    <tag k="addr:housenumber" v="9" />
    <tag k="addr:postcode" v="220" />
    <tag k="addr:street" v="篤行路三段" />
    <tag k="amenity" v="restaurant" />
    <tag k="cuisine" v="chinese" />
    <tag k="drive_in" v="no" />
    <tag k="name" v="麵麵聚到熱炒" />
    <tag k="outdoor_seating" v="no" />
  </node>
  <node id="3084488722" lat="25.0770446" lon="121.6371238" />
  <node id="3136427897" lat="24.9967173" lon="121.4521630" />
  <node id="3136427898" lat="24.9961122" lon="121.4531489" />
  <node id="3136427899" lat="24.9967710" lon="121.4534930" />
  <node id="3136427900" lat="24.9956226" lon="121.4543495" />
  <node id="3136427901" lat="24.9958921" lon="121.4549441" />
  <node id="3136427902" lat="24.9961808" lon="121.4550609" />
  <node id="3136427903" lat="24.9964887" lon="121.4553122" />
  <node id="3136427904" lat="24.9968384" lon="121.4554856" />
  <node id="3136427905" lat="24.9976242" lon="121.4554538" />
  <node id="3136427906" lat="24.9974574" lon="121.4570747" />
  <node id="3136427907" lat="24.9994462" lon="121.4580055" />
  <node id="3136427908" lat="25.0001807" lon="121.4584019" />
  <node id="3136427909" lat="25.0006362" lon="121.4573932" />
  <node id="3136427910" lat="25.0003635" lon="121.4572446" />
  <node id="3136427911" lat="25.0002834" lon="121.4571172" />
  <node id="3136427912" lat="25.0005222" lon="121.4565525" />
  <node id="3136427913" lat="25.0005989" lon="121.4565298" />
  <node id="3136427914" lat="25.0008042" lon="121.4566503" />
  <node id="3136427915" lat="25.0010486" lon="121.4568410" />
  <node id="3136427916" lat="25.0013935" lon="121.4565123" />
  <node id="3136427917" lat="25.0013002" lon="121.4560837" />
  <node id="3136427918" lat="25.0012761" lon="121.4559189" />
  <node id="3136427920" lat="25.0015945" lon="121.4547038" />
  <node id="3136427921" lat="25.0012520" lon="121.4536497" />
  <node id="3136427922" lat="24.9983210" lon="121.4526598" />
  <node id="3232347098" lat="25.0019118" lon="121.4550529" />
  <node id="3317275853" lat="24.9972107" lon="121.4572050">
    <tag k="bus" v="yes" />
    <tag k="highway" v="bus_stop" />
    <tag k="name" v="豫章工商" />
    <tag k="name:en" v="Yuzhang High School of Industry and Commerce" />
    <tag k="name:zh" v="豫章工商" />
    <tag k="public_transport" v="platform" />
    <tag k="shelter" v="no" />
  </node>
  <node id="3317275854" lat="24.9974455" lon="121.4570908">
    <tag k="bus" v="yes" />
    <tag k="highway" v="bus_stop" />
    <tag k="name" v="豫章工商" />
    <tag k="name:en" v="Yuzhang High School of Industry and Commerce" />
    <tag k="name:zh" v="豫章工商" />
    <tag k="public_transport" v="platform" />
    <tag k="shelter" v="yes" />
  </node>
  <node id="4085141477" lat="25.0003524" lon="121.4569218" />
  <node id="4085142289" lat="25.0013085" lon="121.4558685" />
  <node id="4107785890" lat="24.9967924" lon="121.4561459">
    <tag k="addr:city" v="新北市" />
    <tag k="addr:country" v="TW" />
    <tag k="addr:district" v="板橋區" />
    <tag k="addr:floor" v="6" />
    <tag k="addr:full" v="220新北市板橋區四川路二段16巷3號六樓" />
    <tag k="addr:housenumber" v="3" />
    <tag k="addr:postcode" v="220" />
    <tag k="addr:street" v="四川路二段16巷" />
    <tag k="amenity" v="place_of_worship" />
    <tag k="name" v="化育" />
    <tag k="phone" v="+886 2 8967 1019" />
  </node>
  <node id="4231698691" lat="25.0769258" lon="121.6386210" />
  <node id="4231698692" lat="25.0770205" lon="121.6383350" />
  <node id="4231698693" lat="25.0773711" lon="121.6377875" />
  <node id="4231698695" lat="25.0780376" lon="121.6395068" />
  <node id="4231698699" lat="25.0791589" lon="121.6397509" />
  <node id="4231698703" lat="25.0795316" lon="121.6397265" />
  <node id="4231698708" lat="25.0799801" lon="121.6394545" />
  <node id="4231698718" lat="25.0804855" lon="121.6398381" />
  <node id="4416535749" lat="25.0025173" lon="121.4339286" />
  <node id="4416535750" lat="25.0025635" lon="121.4337328" />
  <node id="4416535759" lat="25.0029500" lon="121.4333063" />
  <node id="4416535786" lat="25.0036841" lon="121.4344838" />
  <node id="4416535788" lat="25.0037327" lon="121.4342370" />
  <node id="4416535815" lat="25.0040609" lon="121.4348593" />
  <node id="4416535834" lat="25.0043185" lon="121.4336926" />
  <node id="4416535842" lat="25.0043953" lon="121.4338337" />
  <node id="4416535845" lat="25.0044524" lon="121.4340832" />
  <node id="4416535846" lat="25.0044632" lon="121.4350484" />
  <node id="4416535849" lat="25.0044887" lon="121.4344838" />
  <node id="4462779423" lat="25.0058100" lon="121.4343187" />
  <node id="4462779424" lat="25.0052937" lon="121.4350130" />
  <node id="4462779425" lat="25.0049738" lon="121.4348981" />
  <node id="4462779426" lat="25.0047963" lon="121.4340800" />
  <node id="4462779427" lat="25.0047234" lon="121.4335060" />
  <node id="4462779428" lat="25.0050538" lon="121.4335557" />
  <node id="4462779429" lat="25.0051853" lon="121.4334846" />
  <node id="4462779430" lat="25.0052241" lon="121.4336321" />
  <node id="4462779431" lat="25.0054578" lon="121.4338817" />
  <node id="4462779432" lat="25.0055157" lon="121.4339769" />
  <node id="4639035971" lat="25.0736646" lon="121.6387811" />
  <node id="4639035972" lat="25.0737994" lon="121.6386621" />
  <node id="4639035973" lat="25.0740927" lon="121.6384911" />
  <node id="4639035974" lat="25.0740594" lon="121.6382782" />
  <node id="4639035975" lat="25.0744262" lon="121.6381956" />
  <node id="4639035976" lat="25.0748975" lon="121.6381419" />
  <node id="4639035977" lat="25.0751744" lon="121.6381152" />
  <node id="4639035978" lat="25.0756749" lon="121.6380776" />
  <node id="4639035980" lat="25.0764232" lon="121.6375572" />
  <node id="4639035981" lat="25.0767439" lon="121.6378254" />
  <node id="4639035982" lat="25.0770062" lon="121.6375143" />
  <node id="4639035983" lat="25.0772523" lon="121.6370734" />
  <node id="4639035984" lat="25.0803782" lon="121.6409046" />
  <node id="4639035985" lat="25.0806211" lon="121.6411728" />
  <node id="4639035986" lat="25.0802060" lon="121.6416346" />
  <node id="4639035987" lat="25.0799021" lon="121.6416481" />
  <node id="4639035988" lat="25.0793590" lon="121.6414512" />
  <node id="4639036289" lat="25.0790643" lon="121.6415120" />
  <node id="4639036290" lat="25.0789700" lon="121.6417398" />
  <node id="4639036291" lat="25.0790639" lon="121.6421755" />
  <node id="4639036292" lat="25.0795287" lon="121.6428827" />
  <node id="4639036293" lat="25.0797210" lon="121.6434206" />
  <node id="4639036294" lat="25.0798912" lon="121.6441464" />
  <node id="4639036295" lat="25.0805086" lon="121.6450781" />
  <node id="4639036296" lat="25.0803764" lon="121.6453981" />
  <node id="4639036297" lat="25.0802274" lon="121.6455785" />
  <node id="4639036298" lat="25.0777984" lon="121.6458628" />
  <node id="4639036299" lat="25.0772596" lon="121.6460231" />
  <node id="4639036300" lat="25.0766980" lon="121.6464989" />
  <node id="4639036301" lat="25.0760960" lon="121.6464132" />
  <node id="4639036302" lat="25.0760859" lon="121.6462987" />
  <node id="4639036303" lat="25.0757958" lon="121.6435776" />
  <node id="4639036304" lat="25.0755419" lon="121.6420488" />
  <node id="4639036305" lat="25.0748407" lon="121.6403942" />
  <node id="4639036307" lat="25.0740780" lon="121.6392809" />
  <node id="4973585592" lat="25.0758753" lon="121.6378694" />
  <node id="4973585593" lat="25.0762278" lon="121.6378103" />
  <node id="4986484650" lat="25.0739616" lon="121.6395525">
    <tag k="PTX:date" v="2017-07-22T00:17:01+08:00" />
    <tag k="bus" v="yes" />
    <tag k="highway" v="bus_stop" />
    <tag k="loc_ref" v="154311" />
    <tag k="name" v="伯爵山莊一" />
    <tag k="name:en" v="Bojue Village (1)" />
    <tag k="name:zh" v="伯爵山莊一" />
    <tag k="public_transport" v="platform" />
    <tag k="source" v="PTX" />
  </node>
  <node id="4986928722" lat="25.0752131" lon="121.6417419">
    <tag k="PTX:date" v="2017-07-22T00:17:01+08:00" />
    <tag k="bus" v="yes" />
    <tag k="highway" v="bus_stop" />
    <tag k="loc_ref" v="154312" />
    <tag k="name" v="伯爵山莊" />
    <tag k="name:en" v="Bojue Village" />
    <tag k="name:zh" v="伯爵山莊" />
    <tag k="public_transport" v="platform" />
    <tag k="source" v="PTX" />
  </node>
  <node id="4986928723" lat="25.0753120" lon="121.6415987">
    <tag k="PTX:date" v="2017-07-22T00:17:01+08:00" />
    <tag k="bus" v="yes" />
    <tag k="highway" v="bus_stop" />
    <tag k="loc_ref" v="154247" />
    <tag k="name" v="伯爵山莊" />
    <tag k="name:en" v="Bojue Village" />
    <tag k="name:zh" v="伯爵山莊" />
    <tag k="public_transport" v="platform" />
    <tag k="source" v="PTX" />
  </node>
  <node id="5037038898" lat="25.0763800" lon="121.6464972" />
  <node id="5037038899" lat="25.0772691" lon="121.6465054" />
  <node id="5037063925" lat="25.0765957" lon="121.6464984" />
  <node id="5037063958" lat="25.0778801" lon="121.6464883" />
  <node id="5037063959" lat="25.0780798" lon="121.6467382" />
  <node id="5037063960" lat="25.0791644" lon="121.6463089" />
  <node id="5037063961" lat="25.0794644" lon="121.6460945" />
  <node id="5037063962" lat="25.0794314" lon="121.6457866" />
  <node id="5052650697" lat="25.0010259" lon="121.4535733" />
  <node id="5052650698" lat="25.0006195" lon="121.4534361" />
  <node id="5222767177" lat="25.0055949" lon="121.4323841" />
  <node id="5222767178" lat="25.0051894" lon="121.4329445" />
  <node id="5222767179" lat="25.0052290" lon="121.4331244" />
  <node id="5222767180" lat="25.0058182" lon="121.4329726" />
  <node id="5222767181" lat="25.0058444" lon="121.4328160" />
  <node id="5222767186" lat="25.0057302" lon="121.4326173">
    <tag k="barrier" v="gate" />
  </node>
  <node id="5374853699" lat="24.9870193" lon="121.4296428" />
  <node id="5374853700" lat="24.9869187" lon="121.4302964" />
  <node id="5374853701" lat="24.9866438" lon="121.4300731" />
  <node id="5374853702" lat="24.9870204" lon="121.4295537" />
  <node id="5591799570" lat="25.0043047" lon="121.4321191" />
  <node id="5591799571" lat="25.0040705" lon="121.4323737" />
  <node id="5601741293" lat="25.0751749" lon="121.6411839" />
  <node id="5687173444" lat="24.9882228" lon="121.4287941" />
  <node id="5687173445" lat="24.9880022" lon="121.4291336" />
  <node id="5687173446" lat="24.9888053" lon="121.4293361" />
  <node id="5687173447" lat="24.9885336" lon="121.4297813" />
  <node id="5687173448" lat="24.9885027" lon="121.4297858" />
  <node id="5687173449" lat="24.9883750" lon="121.4297063" />
  <node id="5687173450" lat="24.9886468" lon="121.4293066" />
  <node id="5687173514" lat="24.9884351" lon="121.4299859" />
  <node id="5687173519" lat="24.9884457" lon="121.4300307" />
  <node id="5687173520" lat="24.9879148" lon="121.4309832" />
  <node id="5687174021" lat="24.9878215" lon="121.4309788" />
  <node id="5687174022" lat="24.9873917" lon="121.4306656" />
  <node id="5687174023" lat="24.9871373" lon="121.4304789" />
  <node id="5687174024" lat="24.9878097" lon="121.4295640" />
  <node id="5687174025" lat="24.9878476" lon="121.4295204" />
  <node id="5687174274" lat="24.9877641" lon="121.4294704" />
  <node id="5687174275" lat="24.9876708" lon="121.4295890" />
  <node id="5687174276" lat="24.9871929" lon="121.4291959" />
  <node id="5687174277" lat="24.9872862" lon="121.4290773" />
  <node id="5687174278" lat="24.9871081" lon="121.4303939" />
  <node id="5687174279" lat="24.9870911" lon="121.4294424" />
  <node id="5687174280" lat="24.9871392" lon="121.4292489" />
  <node id="5687174281" lat="24.9870650" lon="121.4300077" />
  <node id="5687174282" lat="24.9870543" lon="121.4303737" />
  <node id="5687174283" lat="24.9871985" lon="121.4289962" />
  <node id="5687174284" lat="24.9871250" lon="121.4291460" />
  <node id="5687174290" lat="24.9870854" lon="121.4292801" />
  <node id="5687174291" lat="24.9870939" lon="121.4293332" />
  <node id="5687174292" lat="24.9869355" lon="121.4295734" />
  <node id="5687174293" lat="24.9866301" lon="121.4292864" />
  <node id="5687174294" lat="24.9867744" lon="121.4291116" />
  <node id="5687174295" lat="24.9868139" lon="121.4290773" />
  <node id="5687174296" lat="24.9871112" lon="121.4289312" />
  <node id="5687174297" lat="24.9870393" lon="121.4291689" />
  <node id="5687174298" lat="24.9868741" lon="121.4290263" />
  <node id="5687174299" lat="24.9869914" lon="121.4289946" />
  <node id="5687174300" lat="24.9870729" lon="121.4289048" />
  <node id="5689371623" lat="24.9869931" lon="121.4298988" />
  <node id="5712711105" lat="24.9898499" lon="121.4283704" />
  <node id="5712711106" lat="24.9896390" lon="121.4282203" />
  <node id="5712711107" lat="24.9895959" lon="121.4282052" />
  <node id="5712711108" lat="24.9892602" lon="121.4287608" />
  <node id="5712711109" lat="24.9892602" lon="121.4288334" />
  <node id="5712711110" lat="24.9899021" lon="121.4292363" />
  <node id="5712711111" lat="24.9902061" lon="121.4286982" />
  <node id="5712711112" lat="24.9899792" lon="121.4282803" />
  <node id="5712711113" lat="24.9898908" lon="121.4284079" />
  <node id="5712711150" lat="24.9898240" lon="121.4275773" />
  <node id="5712711151" lat="24.9898136" lon="121.4276380" />
  <node id="5712711152" lat="24.9892601" lon="121.4285750" />
  <node id="5712711153" lat="24.9891535" lon="121.4287305" />
  <node id="5712711154" lat="24.9888750" lon="121.4292122" />
  <node id="5712711155" lat="24.9883834" lon="121.4291857" />
  <node id="5712711156" lat="24.9881427" lon="121.4291591" />
  <node id="5712711157" lat="24.9880911" lon="121.4291174" />
  <node id="5712711158" lat="24.9888647" lon="121.4280325" />
  <node id="5712711159" lat="24.9891501" lon="121.4282601" />
  <node id="5712711160" lat="24.9893461" lon="121.4279984" />
  <node id="5712711161" lat="24.9890779" lon="121.4277367" />
  <node id="5712711162" lat="24.9894251" lon="121.4272929" />
  <node id="5712711163" lat="24.9894870" lon="121.4272777" />
  <node id="5712711164" lat="24.9885794" lon="121.4292957" />
  <node id="5712711165" lat="24.9883249" lon="121.4296560" />
  <node id="5712711166" lat="24.9879605" lon="121.4293677" />
  <node id="5712711167" lat="24.9880293" lon="121.4292160" />
  <node id="5712711168" lat="24.9881290" lon="121.4292577" />
  <node id="6403524970" lat="24.9980530" lon="121.4573535" />
  <node id="6581939306" lat="24.9873502" lon="121.4283510" />
  <node id="6581939307" lat="24.9874875" lon="121.4285173" />
  <node id="6581939308" lat="24.9876213" lon="121.4283442" />
  <node id="6581939309" lat="24.9874742" lon="121.4281994" />
  <node id="6581939310" lat="24.9876857" lon="121.4283979" />
  <node id="6581939311" lat="24.9875313" lon="121.4285937" />
  <node id="6581939312" lat="24.9877124" lon="121.4288431" />
  <node id="6581939313" lat="24.9878923" lon="121.4285749" />
  <node id="6581939314" lat="24.9877416" lon="121.4283228" />
  <node id="6581939315" lat="24.9880674" lon="121.4279044" />
  <node id="6581939316" lat="24.9882388" lon="121.4280747" />
  <node id="6581939317" lat="24.9879337" lon="121.4285092" />
  <node id="6581939323" lat="24.9885323" lon="121.4283326" />
  <node id="6581939324" lat="24.9882874" lon="121.4281136" />
  <node id="6581939325" lat="24.9881832" lon="121.4288470" />
  <node id="6581939326" lat="24.9879693" lon="121.4285614" />
  <node id="6581939327" lat="24.9879385" lon="121.4286192" />
  <node id="6581939328" lat="24.9877380" lon="121.4288834" />
  <node id="6581939329" lat="24.9879716" lon="121.4291818" />
  <node id="6581939330" lat="24.9878950" lon="121.4290906" />
  <node id="6581939331" lat="24.9874490" lon="121.4289458" />
  <node id="6581939332" lat="24.9873299" lon="121.4288359" />
  <node id="6581939333" lat="24.9877550" lon="121.4290041" />
  <node id="6581939334" lat="24.9872797" lon="121.4283979" />
  <node id="6844996647" lat="25.0052094" lon="121.4316165">
    <tag k="bench" v="no" />
    <tag k="bus" v="yes" />
    <tag k="covered" v="yes" />
    <tag k="highway" v="bus_stop" />
    <tag k="name" v="大安變電所(大安路)" />
    <tag k="name:en" v="Da'an Transformer Station (Da'an Rd.)" />
    <tag k="name:zh-Hant" v="大安變電所(大安路)" />
    <tag k="network" v="新北市公車" />
    <tag k="network:en" v="New Taipei City Bus" />
    <tag k="network:nan" v="Sin-pak-chhī Kong-chhia" />
    <tag k="network:nan-Hant" v="新北市公車" />
    <tag k="network:nan-Latn-pehoeji" v="Sin-pak-chhī Kong-chhia" />
    <tag k="network:nan-Latn-tailo" v="Sin-pak-tshī Kong-tshia" />
    <tag k="network:wikidata" v="Q21652250" />
    <tag k="network:wikipedia" v="zh:新北市公車" />
    <tag k="network:zh" v="新北市公車" />
    <tag k="public_transport" v="platform" />
  </node>
  <node id="6869189380" lat="25.0057135" lon="121.4330685">
    <tag k="bench" v="no" />
    <tag k="bus" v="yes" />
    <tag k="covered" v="no" />
    <tag k="highway" v="bus_stop" />
    <tag k="name" v="大安變電所(新樹路)" />
    <tag k="name:en" v="Daan Transformer Station" />
    <tag k="name:zh" v="大安變電所(新樹路)" />
    <tag k="network" v="新北市公車" />
    <tag k="network:en" v="New Taipei City Bus" />
    <tag k="network:nan" v="Sin-pak-chhī Kong-chhia" />
    <tag k="network:nan-Hant" v="新北市公車" />
    <tag k="network:nan-Latn-pehoeji" v="Sin-pak-chhī Kong-chhia" />
    <tag k="network:nan-Latn-tailo" v="Sin-pak-tshī Kong-tshia" />
    <tag k="network:wikidata" v="Q21652250" />
    <tag k="network:zh" v="新北市公車" />
    <tag k="public_transport" v="platform" />
  </node>
  <node id="6877462884" lat="25.0006244" lon="121.4573868" />
  <node id="7187435758" lat="24.9974358" lon="121.4572794">
    <tag k="addr:city" v="新北市" />
    <tag k="addr:country" v="TW" />
    <tag k="addr:district" v="板橋區" />
    <tag k="addr:full" v="新北市板橋區四川路一段471號" />
    <tag k="addr:housenumber" v="471" />
    <tag k="addr:street" v="四川路一段" />
    <tag k="amenity" v="pharmacy" />
    <tag k="healthcare" v="pharmacy" />
    <tag k="level" v="1" />
    <tag k="name" v="佑全板橋四川藥局" />
    <tag k="phone" v="+886 2 2955 9598" />
  </node>
  <node id="7657301106" lat="24.9874334" lon="121.4289786">
    <tag k="alt_name:en" v="Xifu Li" />
    <tag k="bench" v="no" />
    <tag k="bus" v="yes" />
    <tag k="covered" v="no" />
    <tag k="highway" v="bus_stop" />
    <tag k="name" v="溪福里" />
    <tag k="name:en" v="Xifu Village" />
    <tag k="name:nan" v="Khoe-hok-lí" />
    <tag k="name:nan-Hant" v="溪福里" />
    <tag k="name:nan-Latn-pehoeji" v="Khoe-hok-lí" />
    <tag k="name:nan-Latn-tailo" v="Khue-hok-lí" />
    <tag k="name:zh" v="溪福里" />
    <tag k="name:zh-Hans" v="溪福里" />
    <tag k="name:zh-Hant" v="溪福里" />
    <tag k="public_transport" v="platform" />
    <tag k="ref" v="70790" />
    <tag k="route_ref" v="藍38" />
    <tag k="wheelchair" v="yes" />
  </node>
  <node id="7777546503" lat="24.9953712" lon="121.4572288">
    <tag k="brand" v="全家便利商店" />
    <tag k="brand:en" v="FamilyMart" />
    <tag k="brand:ja" v="ファミリーマート" />
    <tag k="brand:wikidata" v="Q10891564" />
    <tag k="brand:wikipedia" v="zh:全家便利商店" />
    <tag k="brand:zh" v="全家便利商店" />
    <tag k="name" v="全家便利商店" />
    <tag k="name:en" v="FamilyMart" />
    <tag k="name:ja" v="ファミリーマート" />
    <tag k="name:zh" v="全家便利商店" />
    <tag k="shop" v="convenience" />
  </node>
  <node id="7969362869" lat="24.9885565" lon="121.4296756">
    <tag k="addr:city" v="新北市" />
    <tag k="addr:country" v="TW" />
    <tag k="addr:district" v="板橋區" />
    <tag k="addr:full" v="200新北市板橋區溪北路138號" />
    <tag k="addr:housenumber" v="138" />
    <tag k="addr:postcode" v="200" />
    <tag k="addr:street" v="溪北路" />
    <tag k="amenity" v="restaurant" />
    <tag k="name" v="滿意早餐店" />
  </node>
  <node id="8432400994" lat="25.0753889" lon="121.6394666">
    <tag k="bus" v="yes" />
    <tag k="description" v="建業樓(向東)" />
    <tag k="highway" v="bus_stop" />
    <tag k="name" v="建業樓" />
    <tag k="name:en" v="Jianye Building" />
    <tag k="name:zh" v="建業樓" />
    <tag k="name:zh-Hans" v="建业楼" />
    <tag k="name:zh-Hant" v="建業樓" />
    <tag k="public_transport" v="platform" />
    <tag k="ref" v="71110" />
    <tag k="source" v="PTX" />
  </node>
  <node id="8432401007" lat="25.0746598" lon="121.6405710">
    <tag k="bus" v="yes" />
    <tag k="description" v="汐止市福德一路與康寧街口" />
    <tag k="highway" v="bus_stop" />
    <tag k="name" v="福德一路口" />
    <tag k="name:en" v="Fude 1st. Rd. Intersection" />
    <tag k="name:zh" v="福德一路口" />
    <tag k="name:zh-Hans" v="福德一路口" />
    <tag k="name:zh-Hant" v="福德一路口" />
    <tag k="public_transport" v="platform" />
    <tag k="ref" v="71011" />
    <tag k="source" v="PTX" />
  </node>
  <node id="9230253935" lat="24.9962500" lon="121.4562200">
    <tag k="alt_name" v="YouBike2.0_板橋信義公園" />
    <tag k="alt_name:en" v="YouBike2.0_Banqiao Xinyi Park" />
    <tag k="alt_name:zh" v="YouBike2.0_板橋信義公園" />
    <tag k="alt_name:zh-Bopo" v="YouBike2.0_ㄅㄢˇㄑㄧㄠˊㄒㄧㄣˋㄧˋㄍㄨㄥㄩㄢˊ" />
    <tag k="alt_name:zh-Hans" v="YouBike2.0_板桥信义公园" />
    <tag k="alt_name:zh-Hant" v="YouBike2.0_板橋信義公園" />
    <tag k="alt_name:zh-Latn-pinyin" v="YouBike2.0_bǎnqiáoxìnyìgōngyuán" />
    <tag k="amenity" v="bicycle_rental" />
    <tag k="authentication:app" v="yes" />
    <tag k="authentication:contactless" v="yes" />
    <tag k="authentication:membership_card" v="yes" />
    <tag k="bicycle_rental" v="docking_station" />
    <tag k="brand" v="YouBike 2.0" />
    <tag k="capacity" v="55" />
    <tag k="description" v="四川路1號旁人行道" />
    <tag k="description:en" v="No.1,Sichuan Rd." />
    <tag k="description:zh" v="四川路1號旁人行道" />
    <tag k="description:zh-Hans" v="四川路1号旁人行道" />
    <tag k="description:zh-Hant" v="四川路1號旁人行道" />
    <tag k="fee" v="yes" />
    <tag k="is_in" v="板橋區" />
    <tag k="name" v="板橋信義公園" />
    <tag k="name:en" v="Banqiao Xinyi Park" />
    <tag k="name:zh" v="板橋信義公園" />
    <tag k="name:zh-Bopo" v="ㄅㄢˇㄑㄧㄠˊㄒㄧㄣˋㄧˋㄍㄨㄥㄩㄢˊ" />
    <tag k="name:zh-Hans" v="板桥信义公园" />
    <tag k="name:zh-Hant" v="板橋信義公園" />
    <tag k="name:zh-Latn-pinyin" v="bǎnqiáoxìnyìgōngyuán" />
    <tag k="nat_ref" v="NWT500218016" />
    <tag k="network" v="YouBike 微笑單車" />
    <tag k="network:en" v="YouBike" />
    <tag k="network:zh" v="微笑單車" />
    <tag k="opening_hours" v="24/7" />
    <tag k="operator:wikidata" v="Q703557" />
    <tag k="payment:credit_cards" v="yes" />
    <tag k="payment:ep_easycard" v="yes" />
    <tag k="payment:ep_easywallet" v="yes" />
    <tag k="payment:ep_ipass" v="yes" />
    <tag k="payment:jcb" v="yes" />
    <tag k="payment:mastercard" v="yes" />
    <tag k="payment:visa" v="yes" />
    <tag k="ref" v="500218016" />
    <tag k="rental" v="city_bike" />
    <tag k="source" v="YouBike" />
    <tag k="source:date" v="2021-11-04" />
  </node>
  <node id="9283362998" lat="24.9875944" lon="121.4292532">
    <tag k="bus" v="yes" />
    <tag k="name" v="溪福里" />
    <tag k="name:en" v="Xifu Village" />
    <tag k="name:nan" v="Khoe-hok-lí" />
    <tag k="name:nan-Hant" v="溪福里" />
    <tag k="name:nan-Latn-pehoeji" v="Khoe-hok-lí" />
    <tag k="name:nan-Latn-tailo" v="Khue-hok-lí" />
    <tag k="name:zh" v="溪福里" />
    <tag k="name:zh-Hans" v="溪福里" />
    <tag k="name:zh-Hant" v="溪福里" />
    <tag k="public_transport" v="stop_position" />
    <tag k="ref" v="70791" />
  </node>
  <node id="9283362999" lat="24.9874219" lon="121.4290062">
    <tag k="bus" v="yes" />
    <tag k="name" v="溪福里" />
    <tag k="name:en" v="Xifu Village" />
    <tag k="name:nan" v="Khoe-hok-lí" />
    <tag k="name:nan-Hant" v="溪福里" />
    <tag k="name:nan-Latn-pehoeji" v="Khoe-hok-lí" />
    <tag k="name:nan-Latn-tailo" v="Khue-hok-lí" />
    <tag k="name:zh" v="溪福里" />
    <tag k="name:zh-Hans" v="溪福里" />
    <tag k="name:zh-Hant" v="溪福里" />
    <tag k="public_transport" v="stop_position" />
    <tag k="ref" v="70790" />
  </node>
  <node id="9339347114" lat="25.0048790" lon="121.4335567" />
  <node id="9339355930" lat="25.0054058" lon="121.4321375" />
  <node id="9339355931" lat="25.0047476" lon="121.4329840" />
  <node id="9339355932" lat="25.0045828" lon="121.4328166" />
  <node id="9339355933" lat="25.0043056" lon="121.4314018" />
  <node id="9339355934" lat="25.0043936" lon="121.4313189" />
  <node id="9339355935" lat="25.0047767" lon="121.4309916" />
  <node id="9339355936" lat="25.0055683" lon="121.4323978" />
  <node id="9339355937" lat="25.0054534" lon="121.4322309" />
  <node id="9339355938" lat="25.0047611" lon="121.4330859" />
  <node id="9339355939" lat="25.0047391" lon="121.4331784" />
  <node id="9339355940" lat="25.0049062" lon="121.4332073" />
  <node id="9339355941" lat="25.0051551" lon="121.4331936" />
  <node id="9339355942" lat="25.0051282" lon="121.4330032" />
  <node id="9709121301" lat="25.0747896" lon="121.6403420">
    <tag k="bus" v="yes" />
    <tag k="description" v="汐止市福德一路與康寧街口" />
    <tag k="highway" v="bus_stop" />
    <tag k="name" v="福德一路口" />
    <tag k="name:en" v="Fude 1st. Rd. Intersection" />
    <tag k="name:zh" v="福德一路口" />
    <tag k="name:zh-Hans" v="福德一路口" />
    <tag k="name:zh-Hant" v="福德一路口" />
    <tag k="public_transport" v="platform" />
  </node>
  <node id="9867326463" lat="24.9960862" lon="121.4568749">
    <tag k="amenity" v="dentist" />
    <tag k="name" v="牙醫先生牙醫診所" />
  </node>
  <node id="9867393814" lat="24.9992392" lon="121.4581060" />
  <node id="9867393815" lat="24.9992100" lon="121.4584923" />
  <node id="9867393816" lat="24.9993121" lon="121.4585191" />
  <node id="9867419917" lat="24.9992513" lon="121.4587685" />
  <node id="9867419918" lat="24.9992562" lon="121.4589483" />
  <node id="9867419919" lat="24.9988709" lon="121.4588678" />
  <node id="9867419920" lat="24.9988126" lon="121.4593358" />
  <node id="9867419921" lat="24.9982547" lon="121.4592889" />
  <node id="9867419922" lat="24.9977648" lon="121.4593117" />
  <node id="9867419923" lat="24.9975266" lon="121.4593466" />
  <node id="9867419924" lat="24.9974294" lon="121.4588678" />
  <node id="9867419925" lat="24.9974768" lon="121.4588101" />
  <node id="9867419926" lat="24.9971389" lon="121.4573751" />
  <node id="9867419927" lat="24.9975157" lon="121.4574811" />
  <node id="9867419928" lat="24.9975558" lon="121.4573510" />
  <node id="9960777425" lat="25.0017172" lon="121.4548388" />
  <node id="10074326720" lat="24.9878503" lon="121.4309488">
    <tag k="addr:city" v="新北市" />
    <tag k="addr:country" v="TW" />
    <tag k="addr:district" v="板橋區" />
    <tag k="addr:floor" v="1" />
    <tag k="addr:full" v="220新北市板橋區溪北路172號一樓" />
    <tag k="addr:housenumber" v="172" />
    <tag k="addr:postcode" v="220" />
    <tag k="addr:street" v="溪北路" />
    <tag k="amenity" v="cafe" />
    <tag k="branch" v="樹林金門店" />
    <tag k="brand" v="85度C" />
    <tag k="brand:en" v="85°C Bakery Cafe" />
    <tag k="brand:wikidata" v="Q4644852" />
    <tag k="brand:zh" v="85度C" />
    <tag k="cuisine" v="coffee_shop" />
    <tag k="fax" v="+886-2-8675-3085" />
    <tag k="name" v="85度C" />
    <tag k="name:en" v="85°C Bakery Cafe" />
    <tag k="name:zh" v="85度C" />
    <tag k="opening_hours" v="Mo-Su 07:00-22:00" />
    <tag k="outdoor_seating" v="yes" />
    <tag k="payment:apple_pay" v="yes" />
    <tag k="payment:cash" v="yes" />
    <tag k="payment:contactless" v="yes" />
    <tag k="payment:credit_cards" v="yes" />
    <tag k="payment:ep_easycard" v="yes" />
    <tag k="payment:ep_ipass" v="yes" />
    <tag k="payment:google_pay" v="yes" />
    <tag k="phone" v="+886 2 8675 3185" />
    <tag k="smoking" v="outside" />
    <tag k="takeaway" v="yes" />
    <tag k="website" v="https://www.85cafe.com/" />
  </node>
  <node id="11031976135" lat="25.0044077" lon="121.4328748" />
  <node id="11031976136" lat="25.0045257" lon="121.4328542">
    <tag k="barrier" v="gate" />
  </node>
  <node id="11031976137" lat="25.0045544" lon="121.4328506" />
  <node id="11031976138" lat="25.0047195" lon="121.4326449" />
  <node id="11031976139" lat="25.0045653" lon="121.4324844" />
  <node id="11031976140" lat="25.0046285" lon="121.4324064" />
  <node id="11031976141" lat="25.0044233" lon="121.4320870" />
  <node id="11051824451" lat="25.0058529" lon="121.4329449" />
  <node id="11051824452" lat="25.0058693" lon="121.4329080" />
  <node id="11051824453" lat="25.0058645" lon="121.4328557" />
  <node id="11449094983" lat="24.9884200" lon="121.4303200">
    <tag k="alt_name" v="YouBike2.0_新北市政府板橋分局沙崙派出所" />
    <tag k="alt_name:en" v="YouBike2.0_NTPD Banqiao Precinct Shalun Police Station" />
    <tag k="alt_name:zh" v="YouBike2.0_新北市政府板橋分局沙崙派出所" />
    <tag k="alt_name:zh-Bopo" v="YouBike2.0_ㄒㄧㄣㄅㄟˇㄕˋㄓㄥˋㄈㄨˇㄅㄢˇㄑㄧㄠˊㄈㄣㄐㄩˊㄕㄚㄌㄨㄣˊㄆㄞˋㄔㄨㄙㄨㄛˇ" />
    <tag k="alt_name:zh-Hans" v="YouBike2.0_新北市政府板桥分局沙仑派出所" />
    <tag k="alt_name:zh-Hant" v="YouBike2.0_新北市政府板橋分局沙崙派出所" />
    <tag k="alt_name:zh-Latn-pinyin" v="YouBike2.0_xīnběishìzhèngfǔbǎnqiáofēnjúshālúnpàichūsuǒ" />
    <tag k="amenity" v="bicycle_rental" />
    <tag k="authentication:app" v="yes" />
    <tag k="authentication:contactless" v="yes" />
    <tag k="authentication:membership_card" v="yes" />
    <tag k="bicycle_rental" v="docking_station" />
    <tag k="brand" v="YouBike 2.0" />
    <tag k="brand:en" v="YouBike 2.0" />
    <tag k="brand:wikidata" v="Q20687952" />
    <tag k="brand:zh" v="微笑單車2.0" />
    <tag k="capacity" v="16" />
    <tag k="description" v="溪北路111號" />
    <tag k="description:en" v="No. 111, Xibei Rd." />
    <tag k="description:zh" v="溪北路111號" />
    <tag k="description:zh-Hans" v="溪北路111号" />
    <tag k="description:zh-Hant" v="溪北路111號" />
    <tag k="fee" v="yes" />
    <tag k="name" v="新北市政府板橋分局沙崙派出所" />
    <tag k="name:en" v="NTPD Banqiao Precinct Shalun Police Station" />
    <tag k="name:zh" v="新北市政府板橋分局沙崙派出所" />
    <tag k="name:zh-Bopo" v="ㄒㄧㄣㄅㄟˇㄕˋㄓㄥˋㄈㄨˇㄅㄢˇㄑㄧㄠˊㄈㄣㄐㄩˊㄕㄚㄌㄨㄣˊㄆㄞˋㄔㄨㄙㄨㄛˇ" />
    <tag k="name:zh-Hans" v="新北市政府板桥分局沙仑派出所" />
    <tag k="name:zh-Hant" v="新北市政府板橋分局沙崙派出所" />
    <tag k="name:zh-Latn-pinyin" v="xīnběishìzhèngfǔbǎnqiáofēnjúshālúnpàichūsuǒ" />
    <tag k="nat_ref" v="NWT500218137" />
    <tag k="network" v="新北市公共自行車租賃系統" />
    <tag k="network:en" v="New Taipei City Public Bike" />
    <tag k="network:wikidata" v="Q15905142" />
    <tag k="network:zh" v="新北市公共自行車租賃系統" />
    <tag k="opening_hours" v="24/7" />
    <tag k="operator" v="微笑單車股份有限公司" />
    <tag k="operator:en" v="YOUBIKE CO." />
    <tag k="operator:zh" v="微笑單車股份有限公司" />
    <tag k="payment:american_express" v="yes" />
    <tag k="payment:cards" v="yes" />
    <tag k="payment:credit_cards" v="yes" />
    <tag k="payment:ep_easycard" v="yes" />
    <tag k="payment:ep_easywallet" v="yes" />
    <tag k="payment:ep_ipass" v="yes" />
    <tag k="payment:jcb" v="yes" />
    <tag k="payment:mastercard" v="yes" />
    <tag k="payment:visa" v="yes" />
    <tag k="ref" v="500218137" />
    <tag k="rental" v="city_bike" />
    <tag k="source" v="TDX" />
    <tag k="source:date" v="2023-12-13T10:34:03+08:00" />
  </node>
  <node id="12063491316" lat="24.9975615" lon="121.4524245" />
  <node id="12063491317" lat="24.9973435" lon="121.4523570" />
  <node id="12079414510" lat="24.9882829" lon="121.4278225" />
  <node id="12079414511" lat="24.9883943" lon="121.4276754" />
  <node id="12079414515" lat="24.9881665" lon="121.4279724" />
  <node id="12079442449" lat="24.9884112" lon="121.4282243" />
  <node id="12079442450" lat="24.9881037" lon="121.4286848" />
  <node id="12079483089" lat="24.9887771" lon="121.4279932" />
  <node id="12079483090" lat="24.9885661" lon="121.4283226" />
  <node id="13628791365" lat="24.9889826" lon="121.4304644">
    <tag k="amenity" v="parking" />
    <tag k="parking" v="underground" />
  </node>
  <node id="13633322794" lat="24.9874748" lon="121.4306715">
    <tag k="amenity" v="fast_food" />
    <tag k="cuisine" v="chicken" />
    <tag k="name" v="校門口鹹酥雞" />
  </node>
  <node id="13808091395" lat="25.0043551" lon="121.4327864" />
  <node id="13808121929" lat="25.0043690" lon="121.4328498" />
  <node id="13808121931" lat="25.0043932" lon="121.4328654" />
  <node id="13808121932" lat="25.0045903" lon="121.4322969" />
  <node id="13808121937" lat="25.0045756" lon="121.4328245" />
  <way id="80908461">
    <nd ref="943164657" />
    <nd ref="943164658" />
    <nd ref="943164659" />
    <nd ref="943164660" />
    <nd ref="943164661" />
    <nd ref="943164662" />
    <nd ref="943164657" />
    <tag k="landuse" v="forest" />
  </way>
  <way id="256932800">
    <nd ref="2625541136" />
    <nd ref="2625541139" />
    <nd ref="2625541157" />
    <nd ref="2625541156" />
    <nd ref="2625541138" />
    <nd ref="2625541136" />
    <tag k="landuse" v="residential" />
    <tag k="name" v="鎮板橋" />
  </way>
  <way id="308354086">
    <nd ref="3136427897" />
    <nd ref="3136427898" />
    <nd ref="3136427899" />
    <nd ref="3136427900" />
    <nd ref="3136427901" />
    <nd ref="3136427902" />
    <nd ref="3136427903" />
    <nd ref="3136427904" />
    <nd ref="3136427905" />
    <nd ref="3136427906" />
    <nd ref="6403524970" />
    <nd ref="3136427907" />
    <nd ref="3136427908" />
    <nd ref="3136427909" />
    <nd ref="6877462884" />
    <nd ref="3136427910" />
    <nd ref="3136427911" />
    <nd ref="4085141477" />
    <nd ref="3136427912" />
    <nd ref="3136427913" />
    <nd ref="3136427914" />
    <nd ref="3136427915" />
    <nd ref="3136427916" />
    <nd ref="3136427917" />
    <nd ref="3136427918" />
    <nd ref="4085142289" />
    <nd ref="3232347098" />
    <nd ref="9960777425" />
    <nd ref="3136427920" />
    <nd ref="3136427921" />
    <nd ref="5052650697" />
    <nd ref="5052650698" />
    <nd ref="3136427922" />
    <nd ref="12063491316" />
    <nd ref="12063491317" />
    <nd ref="3136427897" />
    <tag k="landuse" v="commercial" />
    <tag k="name" v="台北遠東通訊園區" />
  </way>
  <way id="444162032">
    <nd ref="4416535846" />
    <nd ref="4416535849" />
    <nd ref="4416535845" />
    <nd ref="4416535842" />
    <nd ref="4416535834" />
    <nd ref="4416535759" />
    <nd ref="4416535750" />
    <nd ref="4416535749" />
    <nd ref="4416535788" />
    <nd ref="4416535786" />
    <nd ref="4416535815" />
    <nd ref="4416535846" />
    <tag k="landuse" v="residential" />
    <tag k="name" v="世界杯" />
    <tag k="residential" v="apartments" />
  </way>
  <way id="449304364">
    <nd ref="4462779423" />
    <nd ref="4462779424" />
    <nd ref="4462779425" />
    <nd ref="4462779426" />
    <nd ref="4462779427" />
    <nd ref="9339347114" />
    <nd ref="4462779428" />
    <nd ref="4462779429" />
    <nd ref="4462779430" />
    <nd ref="4462779431" />
    <nd ref="4462779432" />
    <nd ref="4462779423" />
    <tag k="landuse" v="industrial" />
    <tag k="name" v="亞力電機" />
  </way>
  <way id="469597512">
    <nd ref="4639035971" />
    <nd ref="4639035972" />
    <nd ref="4639035973" />
    <nd ref="4639035974" />
    <nd ref="4639035975" />
    <nd ref="4639035976" />
    <nd ref="4639035977" />
    <nd ref="4639035978" />
    <nd ref="4973585592" />
    <nd ref="4973585593" />
    <nd ref="4639035980" />
    <nd ref="4639035981" />
    <nd ref="4639035982" />
    <nd ref="3084488722" />
    <nd ref="4639035983" />
    <nd ref="4231698693" />
    <nd ref="4231698692" />
    <nd ref="4231698691" />
    <nd ref="4231698695" />
    <nd ref="4231698699" />
    <nd ref="4231698703" />
    <nd ref="4231698708" />
    <nd ref="4231698718" />
    <nd ref="4639035984" />
    <nd ref="4639035985" />
    <nd ref="4639035986" />
    <nd ref="4639035987" />
    <nd ref="4639035988" />
    <nd ref="4639036289" />
    <nd ref="4639036290" />
    <nd ref="4639036291" />
    <nd ref="4639036292" />
    <nd ref="4639036293" />
    <nd ref="4639036294" />
    <nd ref="4639036295" />
    <nd ref="4639036296" />
    <nd ref="4639036297" />
    <nd ref="5037063962" />
    <nd ref="5037063961" />
    <nd ref="5037063960" />
    <nd ref="5037063959" />
    <nd ref="5037063958" />
    <nd ref="4639036298" />
    <nd ref="4639036299" />
    <nd ref="5037038899" />
    <nd ref="4639036300" />
    <nd ref="5037063925" />
    <nd ref="5037038898" />
    <nd ref="4639036301" />
    <nd ref="4639036302" />
    <nd ref="4639036303" />
    <nd ref="4639036304" />
    <nd ref="5601741293" />
    <nd ref="4639036305" />
    <nd ref="4639036307" />
    <nd ref="4639035971" />
    <tag k="landuse" v="residential" />
    <tag k="name" v="伯爵山莊" />
  </way>
  <way id="539787320">
    <nd ref="5222767177" />
    <nd ref="5222767178" />
    <nd ref="5222767179" />
    <nd ref="5222767180" />
    <nd ref="11051824451" />
    <nd ref="11051824452" />
    <nd ref="11051824453" />
    <nd ref="5222767181" />
    <nd ref="5222767186" />
    <nd ref="5222767177" />
    <tag k="alt_name" v="西盛S/S;西盛二次變電所" />
    <tag k="alt_name:en" v="Xisheng S/S;Xisheng Secondary Substation" />
    <tag k="alt_name:zh" v="西盛S/S;西盛二次變電所" />
    <tag k="barrier" v="wall" />
    <tag k="landuse" v="industrial" />
    <tag k="location" v="outdoor" />
    <tag k="name" v="西盛變電所" />
    <tag k="name:en" v="Xisheng Substation" />
    <tag k="name:zh" v="西盛變電所" />
    <tag k="operator" v="台灣電力公司" />
    <tag k="operator:en" v="Taiwan Power Company" />
    <tag k="operator:wikidata" v="Q711691" />
    <tag k="operator:zh" v="台灣電力公司" />
    <tag k="power" v="substation" />
    <tag k="rating" v="125 MVA" />
    <tag k="substation" v="minor_distribution" />
    <tag k="utility" v="power" />
    <tag k="voltage" v="69000;22000" />
  </way>
  <way id="557285140">
    <nd ref="5374853699" />
    <nd ref="5689371623" />
    <nd ref="5687174281" />
    <nd ref="5374853700" />
    <nd ref="5374853701" />
    <nd ref="5374853702" />
    <nd ref="5687174279" />
    <nd ref="5374853699" />
    <tag k="landuse" v="residential" />
    <tag k="name" v="麒麟天地A區" />
    <tag k="residential" v="apartments" />
  </way>
  <way id="597235042">
    <nd ref="5687173446" />
    <nd ref="5687173447" />
    <nd ref="5687173448" />
    <nd ref="5687173449" />
    <nd ref="5687173450" />
    <nd ref="5687173446" />
    <tag k="landuse" v="residential" />
    <tag k="residential" v="apartments" />
  </way>
  <way id="597235053">
    <nd ref="5687174024" />
    <nd ref="5687174025" />
    <nd ref="5687173514" />
    <nd ref="5687173519" />
    <nd ref="5687173520" />
    <nd ref="5687174021" />
    <nd ref="2891326885" />
    <nd ref="5687174022" />
    <nd ref="5687174023" />
    <nd ref="5687174024" />
    <tag k="landuse" v="residential" />
  </way>
  <way id="597235077">
    <nd ref="5687174274" />
    <nd ref="5687174275" />
    <nd ref="5687174276" />
    <nd ref="5687174277" />
    <nd ref="5687174274" />
    <tag k="landuse" v="residential" />
    <tag k="name" v="板橋新都市II" />
    <tag k="residential" v="apartments" />
  </way>
  <way id="597235078">
    <nd ref="5687174275" />
    <nd ref="5687174278" />
    <nd ref="5687174282" />
    <nd ref="5374853700" />
    <nd ref="5687174281" />
    <nd ref="5689371623" />
    <nd ref="5374853699" />
    <nd ref="5687174279" />
    <nd ref="5687174280" />
    <nd ref="5687174276" />
    <nd ref="5687174275" />
    <tag k="landuse" v="residential" />
    <tag k="name" v="板橋新都市I" />
    <tag k="residential" v="apartments" />
  </way>
  <way id="597235079">
    <nd ref="5687174277" />
    <nd ref="5687174283" />
    <nd ref="5687174284" />
    <nd ref="5687174276" />
    <nd ref="5687174277" />
    <tag k="landuse" v="residential" />
  </way>
  <way id="597235081">
    <nd ref="5687174290" />
    <nd ref="5687174291" />
    <nd ref="5687174292" />
    <nd ref="5687174293" />
    <nd ref="5687174294" />
    <nd ref="5687174295" />
    <nd ref="5687174290" />
    <tag k="landuse" v="residential" />
  </way>
  <way id="597235082">
    <nd ref="5687174296" />
    <nd ref="5687174297" />
    <nd ref="5687174298" />
    <nd ref="5687174299" />
    <nd ref="5687174300" />
    <nd ref="5687174296" />
    <tag k="landuse" v="residential" />
  </way>
  <way id="600938694">
    <nd ref="5712711105" />
    <nd ref="5712711106" />
    <nd ref="5712711107" />
    <nd ref="5712711108" />
    <nd ref="5712711109" />
    <nd ref="5712711110" />
    <nd ref="5712711111" />
    <nd ref="5712711112" />
    <nd ref="5712711113" />
    <nd ref="5712711105" />
    <tag k="landuse" v="residential" />
  </way>
  <way id="600938709">
    <nd ref="5712711150" />
    <nd ref="5712711151" />
    <nd ref="5712711152" />
    <nd ref="5712711153" />
    <nd ref="5712711154" />
    <nd ref="5712711155" />
    <nd ref="5712711156" />
    <nd ref="5712711157" />
    <nd ref="5712711158" />
    <nd ref="5712711159" />
    <nd ref="5712711160" />
    <nd ref="5712711161" />
    <nd ref="5712711162" />
    <nd ref="5712711163" />
    <nd ref="5712711150" />
    <tag k="landuse" v="residential" />
  </way>
  <way id="600938711">
    <nd ref="5712711164" />
    <nd ref="5712711165" />
    <nd ref="5712711166" />
    <nd ref="5712711167" />
    <nd ref="5712711168" />
    <nd ref="5712711164" />
    <tag k="landuse" v="residential" />
  </way>
  <way id="700866608">
    <nd ref="6581939309" />
    <nd ref="6581939308" />
    <nd ref="6581939307" />
    <nd ref="6581939306" />
    <nd ref="6581939309" />
    <tag k="landuse" v="residential" />
  </way>
  <way id="700866609">
    <nd ref="6581939313" />
    <nd ref="6581939312" />
    <nd ref="6581939311" />
    <nd ref="6581939310" />
    <nd ref="6581939313" />
    <tag k="landuse" v="residential" />
  </way>
  <way id="700866610">
    <nd ref="6581939317" />
    <nd ref="6581939316" />
    <nd ref="6581939315" />
    <nd ref="6581939314" />
    <nd ref="6581939317" />
    <tag k="landuse" v="residential" />
  </way>
  <way id="700866612">
    <nd ref="6581939323" />
    <nd ref="5687173444" />
    <nd ref="12079442450" />
    <nd ref="6581939326" />
    <nd ref="6581939324" />
    <nd ref="12079442449" />
    <nd ref="6581939323" />
    <tag k="landuse" v="residential" />
  </way>
  <way id="700866613">
    <nd ref="6581939329" />
    <nd ref="1556520884" />
    <nd ref="6581939331" />
    <nd ref="6581939329" />
    <tag k="landuse" v="residential" />
  </way>
  <way id="700866614">
    <nd ref="6581939332" />
    <nd ref="2733041598" />
    <nd ref="6581939334" />
    <nd ref="6581939333" />
    <nd ref="6581939332" />
    <tag k="landuse" v="residential" />
    <tag k="residential" v="apartments" />
  </way>
  <way id="700866615">
    <nd ref="6581939325" />
    <nd ref="5687173445" />
    <nd ref="6581939330" />
    <nd ref="6581939328" />
    <nd ref="6581939327" />
    <nd ref="6581939325" />
    <tag k="landuse" v="residential" />
  </way>
  <way id="1012314347">
    <nd ref="9339355930" />
    <nd ref="9339355931" />
    <nd ref="9339355932" />
    <nd ref="11031976138" />
    <nd ref="11031976139" />
    <nd ref="11031976140" />
    <nd ref="13808121932" />
    <nd ref="11031976141" />
    <nd ref="9339355933" />
    <nd ref="9339355934" />
    <nd ref="9339355935" />
    <nd ref="9339355930" />
    <tag k="landuse" v="industrial" />
  </way>
  <way id="1012314348">
    <nd ref="9339355936" />
    <nd ref="9339355937" />
    <nd ref="9339355938" />
    <nd ref="9339355939" />
    <nd ref="9339355940" />
    <nd ref="9339355941" />
    <nd ref="9339355942" />
    <nd ref="9339355936" />
    <tag k="landuse" v="industrial" />
  </way>
  <way id="1075959329">
    <nd ref="9867419928" />
    <nd ref="9867419927" />
    <nd ref="9867419926" />
    <nd ref="9867419925" />
    <nd ref="9867419924" />
    <nd ref="9867419923" />
    <nd ref="9867419922" />
    <nd ref="9867419921" />
    <nd ref="9867419920" />
    <nd ref="9867419919" />
    <nd ref="9867419918" />
    <nd ref="9867419917" />
    <nd ref="9867393816" />
    <nd ref="9867393815" />
    <nd ref="9867393814" />
    <nd ref="9867419928" />
    <tag k="landuse" v="construction" />
    <tag k="name" v="遠東集團建案工地 (原板橋愛買)" />
    <tag k="official_name" v="新北市板橋區仁愛段904地號等3筆土地新建工程" />
  </way>
  <way id="1188037212">
    <nd ref="9339355932" />
    <nd ref="13808121937" />
    <nd ref="11031976137" />
    <nd ref="11031976136" />
    <nd ref="11031976135" />
    <nd ref="13808121931" />
    <nd ref="13808121929" />
    <nd ref="13808091395" />
    <nd ref="5591799571" />
    <nd ref="5591799570" />
    <nd ref="11031976141" />
    <nd ref="13808121932" />
    <nd ref="11031976140" />
    <nd ref="11031976139" />
    <nd ref="11031976138" />
    <nd ref="9339355932" />
    <tag k="alt_name" v="樹高C/S;樹高BSS;樹林BSS;樹林主變電站;BSS1" />
    <tag k="alt_name:en" v="Shugao C/S;Shugao BSS;Shulin BSS;Shugao Consumer Substation;Shugao Bulk Supply Substation;Shulin Bulk Supply Substation;BSS1" />
    <tag k="alt_name:zh" v="樹高C/S;樹高BSS;樹林BSS;樹林主變電站;BSS1" />
    <tag k="barrier" v="fence" />
    <tag k="landuse" v="industrial" />
    <tag k="location" v="indoor" />
    <tag k="name" v="樹高變電所" />
    <tag k="name:en" v="Shulin HSR (Shugao) Substation" />
    <tag k="name:zh" v="樹高變電所" />
    <tag k="operator" v="台灣高速鐵路股份有限公司" />
    <tag k="operator:en" v="Taiwan High Speed Rail Corporation" />
    <tag k="operator:wikidata" v="Q10915767" />
    <tag k="operator:zh" v="台灣高速鐵路股份有限公司" />
    <tag k="power" v="substation" />
    <tag k="ref" v="BSS1" />
    <tag k="substation" v="distribution" />
    <tag k="utility" v="power" />
    <tag k="voltage" v="161000;25000" />
  </way>
  <way id="1304373134">
    <nd ref="12079483089" />
    <nd ref="12079483090" />
    <nd ref="12079414515" />
    <nd ref="12079414510" />
    <nd ref="12079414511" />
    <nd ref="12079483089" />
    <tag k="landuse" v="residential" />
  </way>

<note>The data included in this document is from www.openstreetmap.org. The data is made available under ODbL.</note>
<meta osm_base="2026-09-03T09:27:01Z" />

  <node id="1218820892" lat="25.0393102" lon="121.4521784">
    <tag k="bus" v="yes" />
    <tag k="name" v="新莊體育館" />
    <tag k="network" v="新北市公車" />
    <tag k="public_transport" v="stop_position" />
  </node>
  <node id="2395210299" lat="25.0405526" lon="121.4645847">
    <tag k="addr:city" v="新北市" />
    <tag k="addr:country" v="TW" />
    <tag k="addr:district" v="新莊區" />
    <tag k="addr:full" v="新北市新莊區新莊路212號" />
    <tag k="addr:housenumber" v="1-1" />
    <tag k="addr:postcode" v="242015" />
    <tag k="addr:street" v="中正路" />
    <tag k="amenity" v="police" />
    <tag k="name" v="新莊派出所 (臨時廳舍)" />
    <tag k="opening_hours" v="24/7" />
    <tag k="operator" v="新北市政府警察局" />
    <tag k="operator:en" v="New Taipei City Police Department" />
    <tag k="operator:wikidata" v="Q11081385" />
    <tag k="operator:zh" v="新北市政府警察局" />
    <tag k="phone" v="+886-2-29924018" />
  </node>
  <node id="2713429036" lat="25.0426221" lon="121.4646521">
    <tag k="bus" v="yes" />
    <tag k="highway" v="bus_stop" />
    <tag k="name" v="化成路" />
    <tag k="name:en" v="Huacheng Rd." />
    <tag k="name:zh" v="化成路" />
    <tag k="public_transport" v="platform" />
  </node>
  <node id="2782992086" lat="25.0399699" lon="121.4521213">
    <tag k="alt_name" v="統一超商" />
    <tag k="brand" v="7-Eleven" />
    <tag k="brand:en" v="7-Eleven" />
    <tag k="brand:wikidata" v="Q259340" />
    <tag k="brand:wikipedia" v="en:7-Eleven" />
    <tag k="name" v="7-Eleven" />
    <tag k="payment:ep_easycard" v="yes" />
    <tag k="payment:ep_ipass" v="yes" />
    <tag k="shop" v="convenience" />
  </node>
  <node id="3051324299" lat="25.0737947" lon="121.4649213">
    <tag k="addr:city" v="新北市" />
    <tag k="addr:country" v="TW" />
    <tag k="addr:district" v="五股區" />
    <tag k="addr:full" v="新北市五股區中興路一段142號" />
    <tag k="addr:housenumber" v="142" />
    <tag k="addr:street" v="中興路一段" />
    <tag k="brand" v="全家便利商店" />
    <tag k="brand:en" v="FamilyMart" />
    <tag k="brand:ja" v="ファミリーマート" />
    <tag k="brand:wikidata" v="Q10891564" />
    <tag k="brand:wikipedia" v="zh:全家便利商店" />
    <tag k="brand:zh" v="全家便利商店" />
    <tag k="name" v="全家便利商店" />
    <tag k="name:en" v="FamilyMart" />
    <tag k="name:zh" v="全家便利商店" />
    <tag k="opening_hours" v="24/7" />
    <tag k="payment:ep_easycard" v="yes" />
    <tag k="payment:ep_ipass" v="yes" />
    <tag k="shop" v="convenience" />
  </node>
  <node id="3437585093" lat="25.2649052" lon="121.5074244">
    <tag k="bus" v="yes" />
    <tag k="description" v="埔頭坑61號" />
    <tag k="highway" v="bus_stop" />
    <tag k="name" v="大龍洞崎" />
    <tag k="name:en" v="Dalong Dongqi" />
    <tag k="name:zh" v="大龍洞崎" />
    <tag k="name:zh-Hans" v="大龙洞崎" />
    <tag k="name:zh-Hant" v="大龍洞崎" />
    <tag k="public_transport" v="platform" />
    <tag k="ref" v="75387" />
  </node>
  <node id="3674723637" lat="25.0410841" lon="121.4637245">
    <tag k="bench" v="no" />
    <tag k="bin" v="no" />
    <tag k="bus" v="yes" />
    <tag k="highway" v="bus_stop" />
    <tag k="name" v="頭前" />
    <tag k="name:en" v="Touqian" />
    <tag k="name:zh" v="頭前" />
    <tag k="public_transport" v="platform" />
    <tag k="shelter" v="no" />
  </node>
  <node id="3674723638" lat="25.0417298" lon="121.4651340">
    <tag k="bus" v="yes" />
    <tag k="highway" v="bus_stop" />
    <tag k="name" v="頭前" />
    <tag k="name:en" v="Touqian" />
    <tag k="name:zh" v="頭前" />
    <tag k="public_transport" v="platform" />
  </node>
  <node id="3729253287" lat="25.0736031" lon="121.4649166">
    <tag k="bus" v="yes" />
    <tag k="highway" v="bus_stop" />
    <tag k="name" v="和泰新村" />
    <tag k="public_transport" v="platform" />
  </node>
  <node id="3729253288" lat="25.0736100" lon="121.4653003">
    <tag k="bus" v="yes" />
    <tag k="highway" v="bus_stop" />
    <tag k="name" v="和泰新村" />
    <tag k="public_transport" v="platform" />
  </node>
  <node id="3729254263" lat="25.0742438" lon="121.4631036">
    <tag k="addr:city" v="新北市" />
    <tag k="addr:country" v="TW" />
    <tag k="addr:district" v="五股區" />
    <tag k="addr:full" v="新北市五股區中興路二段1號" />
    <tag k="addr:housenumber" v="1" />
    <tag k="addr:street" v="中興路二段" />
    <tag k="branch" v="五股更寮店" />
    <tag k="brand" v="萊爾富" />
    <tag k="brand:en" v="Hi-Life" />
    <tag k="brand:wikidata" v="Q11326216" />
    <tag k="brand:zh" v="萊爾富" />
    <tag k="name" v="萊爾富" />
    <tag k="name:en" v="Hi-Life" />
    <tag k="name:zh" v="萊爾富" />
    <tag k="opening_hours" v="24/7" />
    <tag k="payment:ep_easycard" v="yes" />
    <tag k="payment:ep_ipass" v="yes" />
    <tag k="shop" v="convenience" />
  </node>
  <node id="3729254275" lat="25.0740991" lon="121.4635248">
    <tag k="bus" v="yes" />
    <tag k="highway" v="bus_stop" />
    <tag k="name" v="鴨母港" />
    <tag k="public_transport" v="platform" />
  </node>
  <node id="3729254276" lat="25.0742321" lon="121.4636315">
    <tag k="bus" v="yes" />
    <tag k="highway" v="bus_stop" />
    <tag k="name" v="鴨母港" />
    <tag k="public_transport" v="platform" />
  </node>
  <node id="4524191959" lat="25.0415765" lon="121.4653827">
    <tag k="addr:city" v="新北市" />
    <tag k="addr:country" v="TW" />
    <tag k="addr:district" v="新莊區" />
    <tag k="addr:floor" v="3" />
    <tag k="addr:full" v="242015新北市新莊區中正路1號三樓" />
    <tag k="addr:housenumber" v="1" />
    <tag k="addr:postcode" v="242015" />
    <tag k="addr:street" v="中正路" />
    <tag k="alt_name" v="IKEA瑞典餐廳" />
    <tag k="amenity" v="restaurant" />
    <tag k="check_date" v="2024-04-23" />
    <tag k="cuisine" v="swedish" />
    <tag k="drinking_water" v="yes" />
    <tag k="name" v="宜家家居餐廳" />
    <tag k="name:en" v="IKEA Restaurant" />
    <tag k="name:zh" v="宜家家居餐廳" />
    <tag k="opening_hours" v="Mo-Su 09:00-20:30" />
    <tag k="opening_hours:covid19" v="Mo-Su 12:00-20:00" />
  </node>
  <node id="4524192118" lat="25.0424500" lon="121.4630195" />
  <node id="4524192119" lat="25.0424549" lon="121.4635855" />
  <node id="4524192120" lat="25.0410601" lon="121.4636150" />
  <node id="4524192123" lat="25.0407271" lon="121.4630490" />
  <node id="4820442551" lat="25.0397680" lon="121.4507672">
    <tag k="amenity" v="restaurant" />
    <tag k="name" v="龜山島" />
  </node>
  <node id="4820442552" lat="25.0399284" lon="121.4516156">
    <tag k="amenity" v="restaurant" />
    <tag k="name" v="鱻宴" />
  </node>
  <node id="4820442563" lat="25.0398932" lon="121.4521942">
    <tag k="amenity" v="restaurant" />
    <tag k="name" v="溪邊烤肉飯" />
  </node>
  <node id="4820442564" lat="25.0393346" lon="121.4521768">
    <tag k="amenity" v="restaurant" />
    <tag k="name" v="烤肉" />
  </node>
  <node id="5850650045" lat="25.0414372" lon="121.4633214">
    <tag k="addr:city" v="新北市" />
    <tag k="addr:country" v="TW" />
    <tag k="addr:district" v="新莊區" />
    <tag k="addr:full" v="24243新北市新莊區中正路50號" />
    <tag k="addr:housenumber" v="50" />
    <tag k="addr:postcode" v="24243" />
    <tag k="addr:street" v="中正路" />
    <tag k="brand" v="Porsche" />
    <tag k="brand:wikidata" v="Q40993" />
    <tag k="brand:wikipedia" v="en:Porsche" />
    <tag k="email" v="receptionist@porsche-new-taipei.tw" />
    <tag k="fax" v="+886 2 2993 7911" />
    <tag k="full_name:zh" v="保時捷新北展示暨服務中心" />
    <tag k="name" v="保時捷新北" />
    <tag k="name:de" v="Porsche Zentrum Neu-Taipeh" />
    <tag k="name:en" v="Porsche Centre New Taipei" />
    <tag k="name:zh" v="保時捷新北" />
    <tag k="opening_hours" v="Mo-Su 09:00-21:00" />
    <tag k="phone" v="+886 2 2997 8911" />
    <tag k="service:vehicle:diagnostics" v="yes" />
    <tag k="service:vehicle:new_car_sales" v="yes" />
    <tag k="shop" v="car" />
    <tag k="website" v="http://www.porsche.tw/taiwan/zh/aboutporsche/importers/dealer/porschecentretaipeicity/" />
  </node>
  <node id="7679769223" lat="25.0405106" lon="121.4525789">
    <tag k="amenity" v="restaurant" />
    <tag k="diet:vegan" v="yes" />
    <tag k="diet:vegetarian" v="only" />
    <tag k="name" v="大和素食自助餐" />
    <tag k="self_service" v="yes" />
    <tag k="takeaway" v="yes" />
    <tag k="wheelchair" v="limited" />
  </node>
  <node id="7747227719" lat="25.0734377" lon="121.4615714" />
  <node id="7747227720" lat="25.0743997" lon="121.4630628" />
  <node id="7747227721" lat="25.0742200" lon="121.4638352" />
  <node id="7747227722" lat="25.0731899" lon="121.4665979" />
  <node id="7747227723" lat="25.0754326" lon="121.4666855" />
  <node id="7747227724" lat="25.0754298" lon="121.4647660" />
  <node id="7747227725" lat="25.0752767" lon="121.4628696" />
  <node id="7747227726" lat="25.0751043" lon="121.4616492" />
  <node id="7747227727" lat="25.0747423" lon="121.4601284" />
  <node id="8267383433" lat="25.0744560" lon="121.4630727">
    <tag k="addr:city" v="新北市" />
    <tag k="addr:country" v="TW" />
    <tag k="addr:district" v="五股區" />
    <tag k="addr:full" v="新北市五股區更寮里1鄰中興路二段8號" />
    <tag k="addr:housenumber" v="8" />
    <tag k="addr:street" v="中興路二段" />
    <tag k="amenity" v="restaurant" />
    <tag k="name" v="中興路二段小籠包" />
  </node>
  <node id="8267383451" lat="25.0744930" lon="121.4630557">
    <tag k="addr:city" v="新北市" />
    <tag k="addr:country" v="TW" />
    <tag k="addr:district" v="五股區" />
    <tag k="addr:full" v="新北市五股區更寮里1鄰中興路二段10號" />
    <tag k="addr:housenumber" v="10" />
    <tag k="addr:street" v="中興路二段" />
    <tag k="amenity" v="restaurant" />
    <tag k="name" v="寶哥早餐店（小籠包/鍋貼/饅頭）" />
  </node>
  <node id="8267383453" lat="25.0736740" lon="121.4646247">
    <tag k="addr:city" v="新北市" />
    <tag k="addr:country" v="TW" />
    <tag k="addr:district" v="五股區" />
    <tag k="addr:full" v="新北市五股區興珍里24鄰中興路一段169號" />
    <tag k="addr:housenumber" v="169" />
    <tag k="addr:street" v="中興路一段" />
    <tag k="amenity" v="restaurant" />
    <tag k="name" v="五股中興美早餐店" />
  </node>
  <node id="8383391941" lat="25.2659232" lon="121.5081400">
    <tag k="amenity" v="restaurant" />
    <tag k="name" v="肋霸美式豬肋排" />
  </node>
  <node id="8736678968" lat="25.0393485" lon="121.4521164">
    <tag k="bench" v="no" />
    <tag k="bus" v="yes" />
    <tag k="highway" v="bus_stop" />
    <tag k="name" v="新莊體育館" />
    <tag k="name:en" v="Xinzhuang Gymnasium" />
    <tag k="name:zh" v="新莊體育館" />
    <tag k="network" v="新北市公車" />
    <tag k="network:en" v="New Taipei City Bus" />
    <tag k="network:nan" v="Sin-pak-chhī Kong-chhia" />
    <tag k="network:nan-Hant" v="新北市公車" />
    <tag k="network:nan-Latn-pehoeji" v="Sin-pak-chhī Kong-chhia" />
    <tag k="network:nan-Latn-tailo" v="Sin-pak-tshī Kong-tshia" />
    <tag k="network:wikidata" v="Q21652250" />
    <tag k="network:zh" v="新北市公車" />
    <tag k="public_transport" v="platform" />
  </node>
  <node id="8736678969" lat="25.0397996" lon="121.4523593">
    <tag k="bench" v="no" />
    <tag k="bus" v="yes" />
    <tag k="highway" v="bus_stop" />
    <tag k="name" v="新莊體育館" />
    <tag k="name:en" v="Xinzhuang Gymnasium" />
    <tag k="name:zh" v="新莊體育館" />
    <tag k="network" v="新北市公車" />
    <tag k="network:en" v="New Taipei City Bus" />
    <tag k="network:nan" v="Sin-pak-chhī Kong-chhia" />
    <tag k="network:nan-Hant" v="新北市公車" />
    <tag k="network:nan-Latn-pehoeji" v="Sin-pak-chhī Kong-chhia" />
    <tag k="network:nan-Latn-tailo" v="Sin-pak-tshī Kong-tshia" />
    <tag k="network:wikidata" v="Q21652250" />
    <tag k="network:zh" v="新北市公車" />
    <tag k="public_transport" v="platform" />
  </node>
  <node id="8833331105" lat="25.0417761" lon="121.4647341">
    <tag k="amenity" v="vending_machine" />
    <tag k="brand" v="ecoco 宜可可循環經濟" />
    <tag k="name" v="ecoco 宜可可循環經濟" />
    <tag k="operator" v="新北市政府環境保護局" />
    <tag k="source_ref" v="https://www.facebook.com/ECOCOPOINT/photos/1036331190168225/" />
    <tag k="vending" v="bottle_return" />
  </node>
  <node id="8833363436" lat="25.0425462" lon="121.4653511" />
  <node id="8833363437" lat="25.0426675" lon="121.4655373" />
  <node id="8833363438" lat="25.0423584" lon="121.4657826" />
  <node id="8833363439" lat="25.0422371" lon="121.4655963" />
  <node id="8871249068" lat="25.0415543" lon="121.4653700">
    <tag k="access" v="yes" />
    <tag k="amenity" v="drinking_water" />
    <tag k="cold_water" v="yes" />
    <tag k="fountain" v="drinking" />
    <tag k="hot_water" v="yes" />
    <tag k="indoor" v="yes" />
    <tag k="level" v="3" />
    <tag k="warm_water" v="yes" />
  </node>
  <node id="9033315469" lat="25.0399845" lon="121.4525174" />
  <node id="9033315470" lat="25.0399976" lon="121.4525629" />
  <node id="9033315471" lat="25.0396770" lon="121.4526057" />
  <node id="9033315472" lat="25.0396149" lon="121.4523910" />
  <node id="9033315473" lat="25.0396271" lon="121.4523749" />
  <node id="9033315474" lat="25.0399646" lon="121.4524923" />
  <node id="9363053130" lat="25.0407800" lon="121.4525500">
    <tag k="alt_name" v="YouBike2.0_新莊體育館" />
    <tag k="alt_name:en" v="YouBike2.0_Xinzhuang Gymnasium" />
    <tag k="alt_name:zh" v="YouBike2.0_新莊體育館" />
    <tag k="alt_name:zh-Bopo" v="YouBike2.0_ㄒㄧㄣㄓㄨㄤㄊㄧˇㄩˋㄍㄨㄢˇ" />
    <tag k="alt_name:zh-Hans" v="YouBike2.0_新庄体育馆" />
    <tag k="alt_name:zh-Hant" v="YouBike2.0_新莊體育館" />
    <tag k="alt_name:zh-Latn-pinyin" v="YouBike2.0_xīnzhuāngtǐyùguǎn" />
    <tag k="amenity" v="bicycle_rental" />
    <tag k="authentication:app" v="yes" />
    <tag k="authentication:contactless" v="yes" />
    <tag k="authentication:membership_card" v="yes" />
    <tag k="bicycle_rental" v="docking_station" />
    <tag k="brand" v="YouBike 2.0" />
    <tag k="capacity" v="47" />
    <tag k="description" v="中華路一段118號(對面)" />
    <tag k="description:en" v="No. 118, Sec. 1, Zhonghua Rd.(oppsite)" />
    <tag k="description:zh" v="中華路一段118號(對面)" />
    <tag k="description:zh-Hans" v="中华路一段118号(对面)" />
    <tag k="description:zh-Hant" v="中華路一段118號(對面)" />
    <tag k="fee" v="yes" />
    <tag k="name" v="新莊體育館" />
    <tag k="name:en" v="Xinzhuang Gymnasium" />
    <tag k="name:zh" v="新莊體育館" />
    <tag k="name:zh-Bopo" v="ㄒㄧㄣㄓㄨㄤㄊㄧˇㄩˋㄍㄨㄢˇ" />
    <tag k="name:zh-Hans" v="新庄体育馆" />
    <tag k="name:zh-Hant" v="新莊體育館" />
    <tag k="name:zh-Latn-pinyin" v="xīnzhuāngtǐyùguǎn" />
    <tag k="nat_ref" v="NWT500229004" />
    <tag k="network" v="YouBike 微笑單車" />
    <tag k="network:en" v="YouBike" />
    <tag k="network:zh" v="微笑單車" />
    <tag k="opening_hours" v="24/7" />
    <tag k="operator:wikidata" v="Q703557" />
    <tag k="payment:credit_cards" v="yes" />
    <tag k="payment:ep_easycard" v="yes" />
    <tag k="payment:ep_easywallet" v="yes" />
    <tag k="payment:ep_ipass" v="yes" />
    <tag k="payment:jcb" v="yes" />
    <tag k="payment:mastercard" v="yes" />
    <tag k="payment:visa" v="yes" />
    <tag k="ref" v="500229004" />
    <tag k="rental" v="city_bike" />
    <tag k="source" v="PTX" />
    <tag k="source:date" v="2021-12-24T08:08:04+08:00" />
  </node>
  <node id="9816722016" lat="25.0429432" lon="121.4613872" />
  <node id="9816723417" lat="25.0428374" lon="121.4647328" />
  <node id="9816723418" lat="25.0424222" lon="121.4645735" />
  <node id="9816723419" lat="25.0424813" lon="121.4613386" />
  <node id="9816723420" lat="25.0424083" lon="121.4636031" />
  <node id="9816723421" lat="25.0424083" lon="121.4641384" />
  <node id="9816723422" lat="25.0413974" lon="121.4641299" />
  <node id="9816723423" lat="25.0413186" lon="121.4640805" />
  <node id="9816723424" lat="25.0412467" lon="121.4640000" />
  <node id="9816723425" lat="25.0410416" lon="121.4636535" />
  <node id="9816723426" lat="25.0423966" lon="121.4641878" />
  <node id="9816723427" lat="25.0423986" lon="121.4645408" />
  <node id="9816723428" lat="25.0420302" lon="121.4643852" />
  <node id="9816723429" lat="25.0418503" lon="121.4643659" />
  <node id="9816723430" lat="25.0414975" lon="121.4641599" />
  <node id="9840909803" lat="25.0395175" lon="121.4497770" />
  <node id="9840909804" lat="25.0392205" lon="121.4499103" />
  <node id="9840909805" lat="25.0395902" lon="121.4521194" />
  <node id="9840909806" lat="25.0399353" lon="121.4522758" />
  <node id="9840909807" lat="25.0400289" lon="121.4521901" />
  <node id="9840909808" lat="25.0400396" lon="121.4521242" />
  <node id="9840909809" lat="25.0399607" lon="121.4516201" />
  <node id="9840909810" lat="25.0398056" lon="121.4509080" />
  <node id="9840936491" lat="25.0396816" lon="121.4525749">
    <tag k="amenity" v="parking_entrance" />
  </node>
  <way id="456140235">
    <nd ref="4524192118" />
    <nd ref="4524192119" />
    <nd ref="4524192120" />
    <nd ref="4524192123" />
    <nd ref="4524192118" />
    <tag k="landuse" v="commercial" />
  </way>
  <way id="830090363">
    <nd ref="7747227727" />
    <nd ref="7747227726" />
    <nd ref="7747227725" />
    <nd ref="7747227724" />
    <nd ref="7747227723" />
    <nd ref="7747227722" />
    <nd ref="7747227721" />
    <nd ref="7747227720" />
    <nd ref="7747227719" />
    <nd ref="7747227727" />
    <tag k="landuse" v="industrial" />
  </way>
  <way id="954398199">
    <nd ref="8833363436" />
    <nd ref="8833363437" />
    <nd ref="8833363438" />
    <nd ref="8833363439" />
    <nd ref="8833363436" />
    <tag k="landuse" v="retail" />
    <tag k="name" v="東森寵物雲" />
    <tag k="old_name" v="動物王國" />
  </way>
  <way id="976129185">
    <nd ref="9033315474" />
    <nd ref="9033315473" />
    <nd ref="9033315472" />
    <nd ref="9033315471" />
    <nd ref="9033315470" />
    <nd ref="9033315469" />
    <nd ref="9033315474" />
    <tag k="landuse" v="residential" />
    <tag k="name" v="運動家" />
    <tag k="residential" v="apartments" />
  </way>
  <way id="1069529277">
    <nd ref="9816722016" />
    <nd ref="9816723417" />
    <nd ref="9816723418" />
    <nd ref="9816723419" />
    <nd ref="9816722016" />
    <tag k="landuse" v="industrial" />
    <tag k="name" v="新泰工業" />
  </way>
  <way id="1069529278">
    <nd ref="9816723420" />
    <nd ref="9816723421" />
    <nd ref="9816723422" />
    <nd ref="9816723423" />
    <nd ref="9816723424" />
    <nd ref="9816723425" />
    <nd ref="9816723420" />
    <tag k="landuse" v="industrial" />
    <tag k="name" v="四六社區" />
  </way>
  <way id="1069529279">
    <nd ref="9816723426" />
    <nd ref="9816723427" />
    <nd ref="9816723428" />
    <nd ref="9816723429" />
    <nd ref="9816723430" />
    <nd ref="9816723426" />
    <tag k="landuse" v="industrial" />
  </way>
  <way id="1072592415">
    <nd ref="9840909803" />
    <nd ref="9840909804" />
    <nd ref="9840909805" />
    <nd ref="9840909806" />
    <nd ref="9840909807" />
    <nd ref="9840909808" />
    <nd ref="9840909809" />
    <nd ref="9840909810" />
    <nd ref="9840909803" />
    <tag k="landuse" v="residential" />
    <tag k="name" v="名人天廈" />
    <tag k="residential" v="apartments" />
  </way>

</osm>