<?xml version='1.0' encoding='utf-8'?>
<osm version="0.6" generator="Overpass API 0.7.62.11 87bfad18">
<note>The data included in this document is from www.openstreetmap.org. The data is made available under ODbL.</note>
<meta osm_base="2026-09-03T09:27:01Z" />

  <node id="42839775" lat="40.7347925" lon="-73.9394611">
    <tag k="railway" v="switch" />
  </node>
  <node id="194586349" lat="40.7330804" lon="-73.9398242" />
  <node id="277046669" lat="40.7367418" lon="-73.9315158" />
  <node id="277046670" lat="40.7355158" lon="-73.9346540" />
  <node id="277046671" lat="40.7348603" lon="-73.9342289" />
  <node id="277046674" lat="40.7293401" lon="-73.9316312" />
  <node id="277046677" lat="40.7294539" lon="-73.9304054" />
  <node id="277046678" lat="40.7294132" lon="-73.9292963" />
  <node id="277046679" lat="40.7294542" lon="-73.9285967" />
  <node id="277046680" lat="40.7295423" lon="-73.9282677" />
  <node id="277046681" lat="40.7297855" lon="-73.9277365" />
  <node id="277046682" lat="40.7301185" lon="-73.9273128" />
  <node id="277046683" lat="40.7311552" lon="-73.9265873" />
  <node id="277046684" lat="40.7325098" lon="-73.9256954" />
  <node id="277046685" lat="40.7335170" lon="-73.9250142" />
  <node id="277046686" lat="40.7348740" lon="-73.9242666" />
  <node id="277046687" lat="40.7353039" lon="-73.9249350" />
  <node id="277046688" lat="40.7356260" lon="-73.9258765" />
  <node id="277046689" lat="40.7358882" lon="-73.9271170" />
  <node id="608479691" lat="40.5990167" lon="-73.8241431" />
  <node id="761583613" lat="40.7362468" lon="-73.9325571">
    <tag k="barrier" v="gate" />
  </node>
  <node id="761583880" lat="40.7347360" lon="-73.9242474" />
  <node id="1056080910" lat="40.7340819" lon="-73.9389988">
    <tag k="railway" v="level_crossing" />
  </node>
  <node id="1056080911" lat="40.7338052" lon="-73.9388137">
    <tag k="railway" v="level_crossing" />
  </node>
  <node id="1578614613" lat="40.7337552" lon="-73.9400494" />
  <node id="2134456081" lat="40.7332556" lon="-73.9384678">
    <tag k="railway" v="switch" />
  </node>
  <node id="2134456085" lat="40.7337010" lon="-73.9387507">
    <tag k="railway" v="switch" />
  </node>
  <node id="2319151447" lat="40.5915731" lon="-73.9811952" />
  <node id="2319151448" lat="40.5907732" lon="-73.9810408" />
  <node id="2403058890" lat="40.5934739" lon="-73.9844406" />
  <node id="2403058893" lat="40.5912972" lon="-73.9840134" />
  <node id="2403058895" lat="40.5916033" lon="-73.9811987" />
  <node id="2403058898" lat="40.5894943" lon="-73.9808005" />
  <node id="2403058900" lat="40.5897412" lon="-73.9785957" />
  <node id="2403058902" lat="40.5929397" lon="-73.9792299" />
  <node id="2403058904" lat="40.5938580" lon="-73.9809671" />
  <node id="2403058906" lat="40.5933100" lon="-73.9808595" />
  <node id="2403058908" lat="40.5931969" lon="-73.9817947" />
  <node id="2403058910" lat="40.5936468" lon="-73.9828071" />
  <node id="2403058912" lat="40.5913756" lon="-73.9784378" />
  <node id="2403058914" lat="40.5923744" lon="-73.9786324" />
  <node id="2403058916" lat="40.5926697" lon="-73.9788173" />
  <node id="2403058918" lat="40.5918786" lon="-73.9784908" />
  <node id="2403058919" lat="40.5905423" lon="-73.9784476" />
  <node id="2403058921" lat="40.5909671" lon="-73.9784187" />
  <node id="2403058923" lat="40.5933734" lon="-73.9827567" />
  <node id="2403058925" lat="40.5934664" lon="-73.9818457" />
  <node id="2708250715" lat="40.7341576" lon="-73.9389689" />
  <node id="2708250776" lat="40.7345051" lon="-73.9390125" />
  <node id="2708250783" lat="40.7345542" lon="-73.9390441" />
  <node id="2708250788" lat="40.7345708" lon="-73.9388365" />
  <node id="2708250817" lat="40.7347178" lon="-73.9389313" />
  <node id="2708250837" lat="40.7347955" lon="-73.9383258" />
  <node id="2708250853" lat="40.7348390" lon="-73.9386064" />
  <node id="2708250860" lat="40.7348651" lon="-73.9378663" />
  <node id="2708250861" lat="40.7348720" lon="-73.9381159" />
  <node id="2708250865" lat="40.7348937" lon="-73.9389753" />
  <node id="2708250866" lat="40.7348969" lon="-73.9381316" />
  <node id="2708250890" lat="40.7349978" lon="-73.9387007" />
  <node id="2708250891" lat="40.7349988" lon="-73.9377107" />
  <node id="2708250903" lat="40.7350397" lon="-73.9377377" />
  <node id="2708250909" lat="40.7350532" lon="-73.9377021" />
  <node id="2708250913" lat="40.7350773" lon="-73.9379876" />
  <node id="2708250919" lat="40.7350991" lon="-73.9377760" />
  <node id="2708250923" lat="40.7351124" lon="-73.9377409" />
  <node id="2708250928" lat="40.7351424" lon="-73.9391383" />
  <node id="2708250929" lat="40.7351461" lon="-73.9378068" />
  <node id="2843111396" lat="40.7338223" lon="-73.9386829" />
  <node id="2843111399" lat="40.7340690" lon="-73.9380333" />
  <node id="3275522866" lat="40.5972081" lon="-73.8236781" />
  <node id="3440153384" lat="40.7293655" lon="-73.9307742" />
  <node id="3440153385" lat="40.7294254" lon="-73.9305992" />
  <node id="3440153386" lat="40.7292829" lon="-73.9309135" />
  <node id="3440153387" lat="40.7293980" lon="-73.9289570" />
  <node id="3440153388" lat="40.7294142" lon="-73.9288283" />
  <node id="3440153389" lat="40.7296541" lon="-73.9279901" />
  <node id="3440153390" lat="40.7299326" lon="-73.9275180" />
  <node id="3440153391" lat="40.7304142" lon="-73.9270755" />
  <node id="3440153392" lat="40.7302445" lon="-73.9271948" />
  <node id="3440153512" lat="40.7294309" lon="-73.9305336" />
  <node id="3440153598" lat="40.7292642" lon="-73.9314610" />
  <node id="3440153680" lat="40.7361504" lon="-73.9284340" />
  <node id="3440153681" lat="40.7351271" lon="-73.9245488" />
  <node id="3440153687" lat="40.7340570" lon="-73.9246614" />
  <node id="3440153688" lat="40.7342381" lon="-73.9245493" />
  <node id="3440153689" lat="40.7344765" lon="-73.9243921" />
  <node id="3440153690" lat="40.7343609" lon="-73.9244649" />
  <node id="3440153691" lat="40.7346688" lon="-73.9242675" />
  <node id="3440153692" lat="40.7347934" lon="-73.9242487" />
  <node id="3440153693" lat="40.7350133" lon="-73.9243798" />
  <node id="3440153694" lat="40.7352185" lon="-73.9247365" />
  <node id="3440153695" lat="40.7354787" lon="-73.9253990" />
  <node id="3440153696" lat="40.7357622" lon="-73.9264974" />
  <node id="3739438457" lat="40.7284969" lon="-73.9285865" />
  <node id="3865095759" lat="40.7346230" lon="-73.9380690">
    <tag k="addr:housenumber" v="5326" />
    <tag k="addr:postcode" v="11101" />
    <tag k="addr:street" v="Van Dam Street" />
    <tag k="amenity" v="fuel" />
    <tag k="brand" v="Gulf" />
    <tag k="brand:wikidata" v="Q5617505" />
    <tag k="name" v="Gulf" />
    <tag k="opening_hours" v="24/7" />
    <tag k="phone" v="+19172174991" />
    <tag k="website" v="https://www.gulfoil.com/" />
  </node>
  <node id="4803940567" lat="40.7345186" lon="-73.9370663">
    <tag k="addr:postcode" v="11101" />
    <tag k="name" v="Green Point Deli" />
    <tag k="name:en" v="Green Point Deli" />
    <tag k="shop" v="convenience" />
  </node>
  <node id="4952736381" lat="40.7349199" lon="-73.9384052" />
  <node id="4952737326" lat="40.7349930" lon="-73.9382121" />
  <node id="4952737327" lat="40.7348914" lon="-73.9381504" />
  <node id="5041224916" lat="40.7350187" lon="-73.9394646" />
  <node id="5041224917" lat="40.7353395" lon="-73.9396749" />
  <node id="5041224918" lat="40.7353198" lon="-73.9397269" />
  <node id="5041224919" lat="40.7353644" lon="-73.9397561" />
  <node id="5041224920" lat="40.7353816" lon="-73.9397110" />
  <node id="5041225921" lat="40.7355472" lon="-73.9398461" />
  <node id="5041225922" lat="40.7359628" lon="-73.9401184" />
  <node id="5041225923" lat="40.7359198" lon="-73.9402372" />
  <node id="5041225924" lat="40.7365197" lon="-73.9408688" />
  <node id="5041225925" lat="40.7371896" lon="-73.9418755" />
  <node id="5041225926" lat="40.7374833" lon="-73.9426482" />
  <node id="5041225927" lat="40.7378149" lon="-73.9433230" />
  <node id="5041225928" lat="40.7380051" lon="-73.9437187" />
  <node id="5041225929" lat="40.7381746" lon="-73.9439304" />
  <node id="5041225930" lat="40.7382568" lon="-73.9440160" />
  <node id="5041225931" lat="40.7381208" lon="-73.9443954" />
  <node id="5041225932" lat="40.7381057" lon="-73.9445799" />
  <node id="5041225933" lat="40.7378565" lon="-73.9450189" />
  <node id="5041225934" lat="40.7377831" lon="-73.9453242" />
  <node id="5041225935" lat="40.7377183" lon="-73.9454756" />
  <node id="5041225936" lat="40.7375518" lon="-73.9457163" />
  <node id="5041225937" lat="40.7375227" lon="-73.9457920" />
  <node id="5041225938" lat="40.7375565" lon="-73.9458404" />
  <node id="5041225939" lat="40.7375462" lon="-73.9459385" />
  <node id="5041225941" lat="40.7374982" lon="-73.9459261" />
  <node id="5041225942" lat="40.7365938" lon="-73.9432799" />
  <node id="5041225943" lat="40.7362262" lon="-73.9423509" />
  <node id="5041225944" lat="40.7358262" lon="-73.9415941" />
  <node id="5041225945" lat="40.7358003" lon="-73.9416247" />
  <node id="5041225946" lat="40.7352020" lon="-73.9409796" />
  <node id="5041225947" lat="40.7344828" lon="-73.9404752" />
  <node id="5041225948" lat="40.7341944" lon="-73.9403391" />
  <node id="5041225949" lat="40.7375753" lon="-73.9458826" />
  <node id="5041225950" lat="40.7375659" lon="-73.9459211" />
  <node id="5041225951" lat="40.7375199" lon="-73.9459434" />
  <node id="5175051823" lat="40.7282817" lon="-73.9293152" />
  <node id="5175051824" lat="40.7285874" lon="-73.9305598" />
  <node id="5175051825" lat="40.7286330" lon="-73.9311606" />
  <node id="5175051826" lat="40.7287175" lon="-73.9313494" />
  <node id="5175051827" lat="40.7289233" lon="-73.9331145" />
  <node id="5175051828" lat="40.7291013" lon="-73.9345423" />
  <node id="5175051829" lat="40.7296520" lon="-73.9364256" />
  <node id="5175051830" lat="40.7291851" lon="-73.9310739" />
  <node id="5175051831" lat="40.7292913" lon="-73.9315587" />
  <node id="5175051832" lat="40.7303832" lon="-73.9331619" />
  <node id="5175051833" lat="40.7313212" lon="-73.9345383" />
  <node id="5175051834" lat="40.7319197" lon="-73.9353715" />
  <node id="5175051835" lat="40.7301940" lon="-73.9373661" />
  <node id="5175051836" lat="40.7304994" lon="-73.9380263" />
  <node id="5175051837" lat="40.7314026" lon="-73.9391275" />
  <node id="5175051838" lat="40.7337567" lon="-73.9372558" />
  <node id="5175051839" lat="40.7320021" lon="-73.9394432" />
  <node id="5175051840" lat="40.7322167" lon="-73.9394261" />
  <node id="5175051841" lat="40.7332385" lon="-73.9398767" />
  <node id="5175051844" lat="40.7342852" lon="-73.9377320" />
  <node id="5175207773" lat="40.7281245" lon="-73.9290774" />
  <node id="5175207775" lat="40.7291211" lon="-73.9279401" />
  <node id="5175207776" lat="40.7283418" lon="-73.9287432" />
  <node id="5311469324" lat="40.6010687" lon="-73.8205311">
    <tag k="bench" v="no" />
    <tag k="highway" v="bus_stop" />
    <tag k="name" v="Cross Bay Boulevard &amp; West 17th Road" />
    <tag k="public_transport" v="platform" />
    <tag k="shelter" v="no" />
  </node>
  <node id="5443669606" lat="40.7351275" lon="-73.9385234">
    <tag k="amenity" v="post_box" />
    <tag k="brand" v="UPS" />
    <tag k="brand:type" v="private" />
    <tag k="brand:wikidata" v="Q155026" />
    <tag k="official_name" v="United Parcel Service" />
    <tag k="operator" v="UPS" />
    <tag k="operator:type" v="private" />
    <tag k="operator:wikidata" v="Q155026" />
    <tag k="operator:wikipedia" v="en:United Parcel Service" />
  </node>
  <node id="5650238406" lat="40.7351696" lon="-73.9375043">
    <tag k="bench" v="yes" />
    <tag k="bus" v="yes" />
    <tag k="covered" v="yes" />
    <tag k="highway" v="bus_stop" />
    <tag k="name" v="Van Dam Street &amp; Review Avenue" />
    <tag k="network" v="NYC Transit" />
    <tag k="network:wikidata" v="Q1325591" />
    <tag k="operator" v="Metropolitan Transportation Authority" />
    <tag k="operator:short" v="MTA" />
    <tag k="public_transport" v="platform" />
    <tag k="ref" v="504228" />
    <tag k="route_ref" v="B24" />
    <tag k="shelter" v="yes" />
  </node>
  <node id="5833706847" lat="40.5938806" lon="-73.9807891" />
  <node id="5855315854" lat="40.7342846" lon="-73.9377807">
    <tag k="amenity" v="post_box" />
    <tag k="brand" v="United States Postal Service" />
    <tag k="brand:wikidata" v="Q668687" />
    <tag k="operator" v="United States Postal Service" />
    <tag k="operator:short" v="USPS" />
    <tag k="operator:type" v="public" />
    <tag k="operator:website" v="https://www.usps.com" />
    <tag k="operator:wikidata" v="Q668687" />
    <tag k="operator:wikipedia" v="en:United States Postal Service" />
    <tag k="short_name" v="USPS" />
  </node>
  <node id="5978556775" lat="40.7340405" lon="-73.9374685">
    <tag k="shop" v="convenience" />
  </node>
  <node id="6616355472" lat="40.7347942" lon="-73.9373679">
    <tag k="addr:city" v="Long Island City" />
    <tag k="addr:housenumber" v="53-29" />
    <tag k="addr:postcode" v="11101" />
    <tag k="addr:state" v="NY" />
    <tag k="addr:street" v="Van Dam Street" />
    <tag k="name" v="L &amp; C Tire Shop" />
    <tag k="opening_hours" v="Mo-Fr 08:00-19:00; Sa 08:00-18:00" />
    <tag k="operator" v="Juan Lima" />
    <tag k="phone" v="+1 718-383-3269" />
    <tag k="shop" v="tyres" />
    <tag k="start_date" v="2003" />
    <tag k="website" v="https://www.lctireshop.com/" />
  </node>
  <node id="6721320499" lat="40.7322473" lon="-73.9394108" />
  <node id="6762361547" lat="40.7332899" lon="-73.9398940" />
  <node id="6762361550" lat="40.7329293" lon="-73.9397909" />
  <node id="7477262845" lat="40.7381285" lon="-73.9446426" />
  <node id="7930994628" lat="40.7334000" lon="-73.9251067" />
  <node id="7930994629" lat="40.7329107" lon="-73.9254279" />
  <node id="7930994630" lat="40.7318335" lon="-73.9261360" />
  <node id="7930994631" lat="40.7314923" lon="-73.9263643" />
  <node id="7930994632" lat="40.7307862" lon="-73.9268300" />
  <node id="8917628701" lat="40.7382426" lon="-73.9439997" />
  <node id="9734164966" lat="40.5972227" lon="-73.8231957" />
  <node id="9734164967" lat="40.5973517" lon="-73.8231533" />
  <node id="9734164968" lat="40.5974135" lon="-73.8230966" />
  <node id="9734164969" lat="40.5974780" lon="-73.8223888" />
  <node id="9734164970" lat="40.5975291" lon="-73.8222614" />
  <node id="9734164971" lat="40.5975774" lon="-73.8218792" />
  <node id="9734164972" lat="40.5976070" lon="-73.8218296" />
  <node id="9734164973" lat="40.5988488" lon="-73.8216728" />
  <node id="9734164974" lat="40.5988931" lon="-73.8217989" />
  <node id="9734164975" lat="40.5989499" lon="-73.8218923" />
  <node id="9734164976" lat="40.5990066" lon="-73.8220557" />
  <node id="9734164977" lat="40.5990172" lon="-73.8222028" />
  <node id="9734164978" lat="40.5991041" lon="-73.8222425" />
  <node id="9734164979" lat="40.5993257" lon="-73.8222448" />
  <node id="9734164980" lat="40.5994197" lon="-73.8222775" />
  <node id="9734164981" lat="40.5994356" lon="-73.8225297" />
  <node id="9734164982" lat="40.5996980" lon="-73.8225367" />
  <node id="9734164983" lat="40.5997814" lon="-73.8236645" />
  <node id="9734164984" lat="40.5998665" lon="-73.8236342" />
  <node id="9734164985" lat="40.5998736" lon="-73.8237486" />
  <node id="9734164986" lat="40.5996183" lon="-73.8237649" />
  <node id="9734164987" lat="40.5992779" lon="-73.8239260" />
  <node id="9734164994" lat="40.5990084" lon="-73.8220804" />
  <node id="9734164995" lat="40.5985495" lon="-73.8217106" />
  <node id="9734164996" lat="40.5979675" lon="-73.8217841" />
  <node id="9734165116" lat="40.5975655" lon="-73.8241382" />
  <node id="9734165118" lat="40.5978987" lon="-73.8240917" />
  <node id="9734165119" lat="40.5978422" lon="-73.8248187" />
  <node id="9734165120" lat="40.5979322" lon="-73.8242818" />
  <node id="9734165121" lat="40.5979053" lon="-73.8247186" />
  <node id="9734165122" lat="40.5981304" lon="-73.8242969" />
  <node id="9734165123" lat="40.5985621" lon="-73.8239181" />
  <node id="9734165124" lat="40.5983196" lon="-73.8241154" />
  <node id="9734165125" lat="40.5979910" lon="-73.8244193" />
  <node id="9734165126" lat="40.5982546" lon="-73.8242310" />
  <node id="9734165127" lat="40.5974137" lon="-73.8238586" />
  <node id="9734165128" lat="40.5974762" lon="-73.8240126" />
  <node id="9734165146" lat="40.5989171" lon="-73.8240757" />
  <node id="9734165147" lat="40.5978027" lon="-73.8235190" />
  <node id="9734165148" lat="40.5985818" lon="-73.8238120" />
  <node id="9734165149" lat="40.5986476" lon="-73.8239982" />
  <node id="9734165153" lat="40.5987680" lon="-73.8237722" />
  <node id="9734165154" lat="40.5987838" lon="-73.8237115" />
  <node id="9734165159" lat="40.5986848" lon="-73.8238687" />
  <node id="9734165160" lat="40.5986967" lon="-73.8239710" />
  <node id="9734165161" lat="40.5987059" lon="-73.8240267" />
  <node id="9734165164" lat="40.5987535" lon="-73.8238818" />
  <node id="9734165165" lat="40.5987893" lon="-73.8238870" />
  <node id="9734165166" lat="40.5988182" lon="-73.8239211" />
  <node id="9734165167" lat="40.5988581" lon="-73.8239172" />
  <node id="9734165168" lat="40.5988780" lon="-73.8239500" />
  <node id="9734165169" lat="40.5988969" lon="-73.8240095" />
  <node id="9734165194" lat="40.5982586" lon="-73.8238011" />
  <node id="9734165195" lat="40.5984774" lon="-73.8237192" />
  <node id="9734165196" lat="40.5979741" lon="-73.8226645" />
  <node id="9734165197" lat="40.5977465" lon="-73.8230978" />
  <node id="9734165198" lat="40.5977848" lon="-73.8227697" />
  <node id="9734165199" lat="40.5980870" lon="-73.8227959" />
  <node id="9734165200" lat="40.5985834" lon="-73.8231426" />
  <node id="9734165201" lat="40.5986784" lon="-73.8232333" />
  <node id="9734165202" lat="40.5986205" lon="-73.8232085" />
  <node id="9734165203" lat="40.5985953" lon="-73.8228688" />
  <node id="9734165204" lat="40.5985024" lon="-73.8226885" />
  <node id="9734165205" lat="40.5985028" lon="-73.8224362" />
  <node id="9734165206" lat="40.5983920" lon="-73.8222918" />
  <node id="9734165207" lat="40.5980591" lon="-73.8225164" />
  <node id="9734165208" lat="40.5981389" lon="-73.8222899" />
  <node id="9734165209" lat="40.5982862" lon="-73.8222200" />
  <node id="9734165210" lat="40.5992588" lon="-73.8232018" />
  <node id="9734165211" lat="40.5988735" lon="-73.8231321" />
  <node id="9734165212" lat="40.5988770" lon="-73.8237042" />
  <node id="9734165213" lat="40.5988259" lon="-73.8236837" />
  <node id="9734165214" lat="40.5989873" lon="-73.8238098" />
  <node id="9734165215" lat="40.5992296" lon="-73.8238048" />
  <node id="9734165216" lat="40.5993826" lon="-73.8236791" />
  <node id="9734165217" lat="40.5994333" lon="-73.8234090" />
  <node id="9734165218" lat="40.5993799" lon="-73.8232713" />
  <node id="9871297421" lat="40.7345075" lon="-73.9392630">
    <tag k="railway" v="switch" />
  </node>
  <node id="10160130717" lat="40.7341183" lon="-73.9379646" />
  <node id="10160130724" lat="40.7344980" lon="-73.9378273">
    <tag k="amenity" v="bicycle_rental" />
    <tag k="bicycle_rental" v="docking_station" />
    <tag k="brand" v="Citi Bike" />
    <tag k="brand:wikidata" v="Q2974438" />
    <tag k="capacity" v="3" />
    <tag k="fee" v="yes" />
    <tag k="name" v="Citi Bike - Review Ave &amp; Greenpoint Ave" />
    <tag k="network" v="Citi Bike" />
    <tag k="network:wikidata" v="Q2974438" />
    <tag k="operator" v="Lyft" />
    <tag k="operator:type" v="private" />
    <tag k="operator:wikidata" v="Q17077936" />
    <tag k="ref" v="2100948436010992354" />
    <tag k="ref:gbfs" v="lyft_nyc:2100948436010992354" />
  </node>
  <node id="11155242468" lat="40.7351021" lon="-73.9373815">
    <tag k="bus" v="yes" />
    <tag k="name" v="Van Dam Street &amp; Review Avenue" />
    <tag k="network" v="NYC Transit" />
    <tag k="operator" v="Metropolitan Transportation Authority" />
    <tag k="public_transport" v="stop_position" />
  </node>
  <node id="11294399145" lat="40.7345009" lon="-73.9391870" />
  <node id="11740134674" lat="40.7293189" lon="-73.9281154" />
  <node id="11740134675" lat="40.7293621" lon="-73.9283143" />
  <node id="11740134694" lat="40.7345528" lon="-73.9376660">
    <tag k="amenity" v="bench" />
    <tag k="backrest" v="yes" />
  </node>
  <node id="12132163332" lat="40.7377751" lon="-73.9432422" />
  <node id="12132163333" lat="40.7377339" lon="-73.9431591" />
  <node id="12179338199" lat="40.7339780" lon="-73.9374032">
    <tag k="addr:housenumber" v="36-21" />
    <tag k="addr:street" v="Review Avenue" />
    <tag k="amenity" v="restaurant" />
    <tag k="cuisine" v="pizza" />
    <tag k="delivery" v="yes" />
    <tag k="indoor_seating" v="yes" />
    <tag k="name" v="Saucey Pizza Bar" />
    <tag k="opening_hours" v="We, Th 17:00-23:00; Fr, Sa 17:00-00:00; Su 15:00-22:00" />
    <tag k="phone" v="+1 718-392-7100" />
    <tag k="reservation" v="yes" />
    <tag k="reservation:website" v="https://resy.com/cities/new-york-ny/venues/saucey" />
    <tag k="takeaway" v="yes" />
    <tag k="website" v="https://www.sauceypizzabar.com/" />
  </node>
  <way id="25420818">
    <nd ref="277046669" />
    <nd ref="761583613" />
    <nd ref="277046670" />
    <nd ref="277046671" />
    <nd ref="5175051838" />
    <nd ref="5175051834" />
    <nd ref="5175051833" />
    <nd ref="5175051832" />
    <nd ref="277046674" />
    <nd ref="5175051831" />
    <nd ref="3440153598" />
    <nd ref="5175051830" />
    <nd ref="3440153386" />
    <nd ref="3440153384" />
    <nd ref="3440153385" />
    <nd ref="3440153512" />
    <nd ref="277046677" />
    <nd ref="277046678" />
    <nd ref="3440153387" />
    <nd ref="3440153388" />
    <nd ref="277046679" />
    <nd ref="277046680" />
    <nd ref="3440153389" />
    <nd ref="277046681" />
    <nd ref="3440153390" />
    <nd ref="277046682" />
    <nd ref="3440153392" />
    <nd ref="3440153391" />
    <nd ref="7930994632" />
    <nd ref="277046683" />
    <nd ref="7930994631" />
    <nd ref="7930994630" />
    <nd ref="277046684" />
    <nd ref="7930994629" />
    <nd ref="7930994628" />
    <nd ref="277046685" />
    <nd ref="3440153687" />
    <nd ref="3440153688" />
    <nd ref="3440153690" />
    <nd ref="3440153689" />
    <nd ref="3440153691" />
    <nd ref="761583880" />
    <nd ref="3440153692" />
    <nd ref="277046686" />
    <nd ref="3440153693" />
    <nd ref="3440153681" />
    <nd ref="3440153694" />
    <nd ref="277046687" />
    <nd ref="3440153695" />
    <nd ref="277046688" />
    <nd ref="3440153696" />
    <nd ref="277046689" />
    <nd ref="3440153680" />
    <nd ref="277046669" />
    <tag k="addr:housenumber" v="4902" />
    <tag k="addr:postcode" v="11377" />
    <tag k="addr:street" v="Laurel Hill Boulevard" />
    <tag k="area" v="yes" />
    <tag k="ele" v="22" />
    <tag k="gnis:feature_id" v="945480" />
    <tag k="landuse" v="cemetery" />
    <tag k="name" v="First Calvary Cemetery" />
  </way>
  <way id="231984394">
    <nd ref="2403058890" />
    <nd ref="2403058893" />
    <nd ref="2403058895" />
    <nd ref="2319151447" />
    <nd ref="2319151448" />
    <nd ref="2403058898" />
    <nd ref="2403058900" />
    <nd ref="2403058919" />
    <nd ref="2403058921" />
    <nd ref="2403058912" />
    <nd ref="2403058918" />
    <nd ref="2403058914" />
    <nd ref="2403058916" />
    <nd ref="2403058902" />
    <nd ref="5833706847" />
    <nd ref="2403058904" />
    <nd ref="2403058906" />
    <nd ref="2403058908" />
    <nd ref="2403058925" />
    <nd ref="2403058923" />
    <nd ref="2403058910" />
    <nd ref="2403058890" />
    <tag k="addr:city" v="Brooklyn" />
    <tag k="addr:postcode" v="11223" />
    <tag k="addr:state" v="NY" />
    <tag k="gnis:feature_id" v="2093761" />
    <tag k="landuse" v="residential" />
    <tag k="name" v="Marlboro Houses" />
    <tag k="residential" v="apartments" />
    <tag k="website" v="https://www.nyc.gov/html/nycha/html/developments/bklynmarlboro.shtml" />
  </way>
  <way id="505303788">
    <nd ref="1578614613" />
    <nd ref="2708250715" />
    <nd ref="11294399145" />
    <nd ref="2708250783" />
    <nd ref="2708250776" />
    <nd ref="2708250788" />
    <nd ref="2708250817" />
    <nd ref="2708250853" />
    <nd ref="2708250890" />
    <nd ref="2708250865" />
    <nd ref="2708250928" />
    <nd ref="5041224916" />
    <nd ref="5041224917" />
    <nd ref="5041224918" />
    <nd ref="5041224919" />
    <nd ref="5041224920" />
    <nd ref="5041225921" />
    <nd ref="5041225922" />
    <nd ref="5041225923" />
    <nd ref="5041225924" />
    <nd ref="5041225925" />
    <nd ref="5041225926" />
    <nd ref="12132163333" />
    <nd ref="12132163332" />
    <nd ref="5041225927" />
    <nd ref="5041225928" />
    <nd ref="5041225929" />
    <nd ref="8917628701" />
    <nd ref="5041225930" />
    <nd ref="5041225931" />
    <nd ref="5041225932" />
    <nd ref="7477262845" />
    <nd ref="5041225933" />
    <nd ref="5041225934" />
    <nd ref="5041225935" />
    <nd ref="5041225936" />
    <nd ref="5041225937" />
    <nd ref="5041225938" />
    <nd ref="5041225949" />
    <nd ref="5041225950" />
    <nd ref="5041225939" />
    <nd ref="5041225951" />
    <nd ref="5041225941" />
    <nd ref="5041225942" />
    <nd ref="5041225943" />
    <nd ref="5041225944" />
    <nd ref="5041225945" />
    <nd ref="5041225946" />
    <nd ref="5041225947" />
    <nd ref="5041225948" />
    <nd ref="1578614613" />
    <tag k="landuse" v="industrial" />
  </way>
  <way id="505305526">
    <nd ref="4952737326" />
    <nd ref="4952736381" />
    <nd ref="2708250837" />
    <nd ref="2708250861" />
    <nd ref="2708250866" />
    <nd ref="4952737327" />
    <nd ref="4952737326" />
    <tag k="landuse" v="industrial" />
  </way>
  <way id="505305620">
    <nd ref="2708250860" />
    <nd ref="2708250891" />
    <nd ref="2708250903" />
    <nd ref="2708250909" />
    <nd ref="2708250923" />
    <nd ref="2708250919" />
    <nd ref="2708250929" />
    <nd ref="2708250913" />
    <nd ref="2708250860" />
    <tag k="landuse" v="industrial" />
  </way>
  <way id="533416062">
    <nd ref="5175207773" />
    <nd ref="5175207776" />
    <nd ref="3739438457" />
    <nd ref="5175207775" />
    <nd ref="11740134674" />
    <nd ref="11740134675" />
    <nd ref="277046680" />
    <nd ref="277046679" />
    <nd ref="3440153388" />
    <nd ref="3440153387" />
    <nd ref="277046678" />
    <nd ref="277046677" />
    <nd ref="3440153512" />
    <nd ref="3440153385" />
    <nd ref="3440153384" />
    <nd ref="3440153386" />
    <nd ref="5175051830" />
    <nd ref="3440153598" />
    <nd ref="5175051831" />
    <nd ref="5175051832" />
    <nd ref="5175051833" />
    <nd ref="5175051834" />
    <nd ref="5175051838" />
    <nd ref="5175051844" />
    <nd ref="10160130717" />
    <nd ref="2843111399" />
    <nd ref="2843111396" />
    <nd ref="6762361547" />
    <nd ref="5175051841" />
    <nd ref="194586349" />
    <nd ref="6762361550" />
    <nd ref="6721320499" />
    <nd ref="5175051840" />
    <nd ref="5175051839" />
    <nd ref="5175051837" />
    <nd ref="5175051836" />
    <nd ref="5175051835" />
    <nd ref="5175051829" />
    <nd ref="5175051828" />
    <nd ref="5175051827" />
    <nd ref="5175051826" />
    <nd ref="5175051825" />
    <nd ref="5175051824" />
    <nd ref="5175051823" />
    <nd ref="5175207773" />
    <tag k="landuse" v="industrial" />
  </way>
  <way id="1059466352">
    <nd ref="3275522866" />
    <nd ref="9734164966" />
    <nd ref="9734164967" />
    <nd ref="9734164968" />
    <nd ref="9734164969" />
    <nd ref="9734164970" />
    <nd ref="9734164971" />
    <nd ref="9734164972" />
    <nd ref="9734164996" />
    <nd ref="9734164995" />
    <nd ref="9734164973" />
    <nd ref="9734164974" />
    <nd ref="9734164975" />
    <nd ref="9734164976" />
    <nd ref="9734164994" />
    <nd ref="9734164977" />
    <nd ref="9734164978" />
    <nd ref="9734164979" />
    <nd ref="9734164980" />
    <nd ref="9734164981" />
    <nd ref="9734164982" />
    <nd ref="9734164983" />
    <nd ref="9734164984" />
    <nd ref="9734164985" />
    <nd ref="9734164986" />
    <nd ref="9734164987" />
    <nd ref="608479691" />
    <nd ref="9734165146" />
    <nd ref="9734165169" />
    <nd ref="9734165168" />
    <nd ref="9734165167" />
    <nd ref="9734165166" />
    <nd ref="9734165165" />
    <nd ref="9734165164" />
    <nd ref="9734165153" />
    <nd ref="9734165154" />
    <nd ref="9734165213" />
    <nd ref="9734165212" />
    <nd ref="9734165214" />
    <nd ref="9734165215" />
    <nd ref="9734165216" />
    <nd ref="9734165217" />
    <nd ref="9734165218" />
    <nd ref="9734165210" />
    <nd ref="9734165211" />
    <nd ref="9734165201" />
    <nd ref="9734165202" />
    <nd ref="9734165200" />
    <nd ref="9734165203" />
    <nd ref="9734165204" />
    <nd ref="9734165205" />
    <nd ref="9734165206" />
    <nd ref="9734165209" />
    <nd ref="9734165208" />
    <nd ref="9734165207" />
    <nd ref="9734165199" />
    <nd ref="9734165196" />
    <nd ref="9734165198" />
    <nd ref="9734165197" />
    <nd ref="9734165147" />
    <nd ref="9734165194" />
    <nd ref="9734165195" />
    <nd ref="9734165148" />
    <nd ref="9734165159" />
    <nd ref="9734165160" />
    <nd ref="9734165161" />
    <nd ref="9734165149" />
    <nd ref="9734165123" />
    <nd ref="9734165124" />
    <nd ref="9734165126" />
    <nd ref="9734165122" />
    <nd ref="9734165125" />
    <nd ref="9734165121" />
    <nd ref="9734165119" />
    <nd ref="9734165120" />
    <nd ref="9734165118" />
    <nd ref="9734165116" />
    <nd ref="9734165128" />
    <nd ref="9734165127" />
    <nd ref="3275522866" />
    <tag k="landuse" v="meadow" />
  </way>

<note>The data included in this document is from www.openstreetmap.org. The data is made available under ODbL.</note>
<meta osm_base="2026-09-03T09:30:03Z" />

  <node id="112412947" lat="40.8439170" lon="-73.9281866">
    <tag k="railway" v="switch" />
    <tag k="ref" v="21A" />
  </node>
  <node id="388027629" lat="40.5812003" lon="-74.1191348" />
  <node id="388032225" lat="40.5870115" lon="-74.1179793" />
  <node id="388032235" lat="40.5883425" lon="-74.1203785" />
  <node id="388048343" lat="40.5855184" lon="-74.1178371" />
  <node id="388048344" lat="40.5826286" lon="-74.1127439" />
  <node id="389407016" lat="40.5781839" lon="-74.1181335" />
  <node id="389407017" lat="40.5778029" lon="-74.1176359" />
  <node id="389407018" lat="40.5782348" lon="-74.1171719" />
  <node id="389407019" lat="40.5787594" lon="-74.1154499" />
  <node id="389407020" lat="40.5798715" lon="-74.1142617" />
  <node id="389407021" lat="40.5800723" lon="-74.1140713" />
  <node id="389407022" lat="40.5809198" lon="-74.1139734" />
  <node id="409723785" lat="40.5805113" lon="-74.1187356" />
  <node id="417194649" lat="40.5784378" lon="-74.1163096" />
  <node id="419359864" lat="40.6913461" lon="-73.9960140">
    <tag k="amenity" v="bicycle_parking" />
    <tag k="capacity" v="5" />
    <tag k="cityracks.housenum" v="292" />
    <tag k="cityracks.large" v="1" />
    <tag k="cityracks.rackid" v="3492" />
    <tag k="cityracks.small" v="0" />
    <tag k="cityracks.street" v="Henry St" />
  </node>
  <node id="419361024" lat="40.6908200" lon="-73.9967928">
    <tag k="amenity" v="bicycle_parking" />
    <tag k="capacity" v="2" />
  </node>
  <node id="419361166" lat="40.6906997" lon="-73.9957630">
    <tag k="amenity" v="bicycle_parking" />
    <tag k="capacity" v="5" />
    <tag k="cityracks.housenum" v="131" />
    <tag k="cityracks.large" v="1" />
    <tag k="cityracks.rackid" v="3455" />
    <tag k="cityracks.small" v="0" />
    <tag k="cityracks.street" v="Atlantic Ave" />
  </node>
  <node id="419361505" lat="40.6910352" lon="-73.9960358">
    <tag k="amenity" v="bicycle_parking" />
    <tag k="capacity" v="2" />
    <tag k="cityracks.housenum" v="311" />
    <tag k="cityracks.large" v="0" />
    <tag k="cityracks.rackid" v="3496" />
    <tag k="cityracks.small" v="1" />
    <tag k="cityracks.street" v="Henry St" />
  </node>
  <node id="419362568" lat="40.6910346" lon="-73.9968850">
    <tag k="amenity" v="bicycle_parking" />
    <tag k="capacity" v="2" />
    <tag k="cityracks.housenum" v="101" />
    <tag k="cityracks.large" v="0" />
    <tag k="cityracks.rackid" v="3451" />
    <tag k="cityracks.small" v="1" />
    <tag k="cityracks.street" v="Atlantic Ave" />
  </node>
  <node id="419363408" lat="40.6904821" lon="-73.9955722">
    <tag k="amenity" v="bicycle_parking" />
    <tag k="bicycle_parking" v="stands" />
    <tag k="capacity" v="5" />
    <tag k="cityracks.housenum" v="124" />
    <tag k="cityracks.large" v="1" />
    <tag k="cityracks.rackid" v="3552" />
    <tag k="cityracks.small" v="0" />
    <tag k="cityracks.street" v="Atlantic Ave" />
    <tag k="covered" v="no" />
  </node>
  <node id="419363982" lat="40.6909555" lon="-73.9966139">
    <tag k="amenity" v="bicycle_parking" />
    <tag k="capacity" v="2" />
    <tag k="cityracks.housenum" v="109" />
    <tag k="cityracks.large" v="0" />
    <tag k="cityracks.rackid" v="3453" />
    <tag k="cityracks.small" v="1" />
    <tag k="cityracks.street" v="Atlantic Ave" />
  </node>
  <node id="419363996" lat="40.6907889" lon="-73.9966763">
    <tag k="amenity" v="bicycle_parking" />
    <tag k="capacity" v="2" />
    <tag k="cityracks.housenum" v="100" />
    <tag k="cityracks.large" v="0" />
    <tag k="cityracks.rackid" v="3551" />
    <tag k="cityracks.small" v="1" />
    <tag k="cityracks.street" v="Atlantic Ave" />
  </node>
  <node id="419364321" lat="40.6908853" lon="-73.9970463">
    <tag k="amenity" v="bicycle_parking" />
    <tag k="capacity" v="2" />
    <tag k="cityracks.housenum" v="92" />
    <tag k="cityracks.large" v="0" />
    <tag k="cityracks.rackid" v="3571" />
    <tag k="cityracks.small" v="1" />
    <tag k="cityracks.street" v="Atlantic Ave" />
  </node>
  <node id="419365241" lat="40.6913858" lon="-73.9981392">
    <tag k="amenity" v="bicycle_parking" />
    <tag k="capacity" v="2" />
    <tag k="cityracks.housenum" v="67" />
    <tag k="cityracks.large" v="0" />
    <tag k="cityracks.rackid" v="3522" />
    <tag k="cityracks.small" v="1" />
    <tag k="cityracks.street" v="Atlantic Ave" />
  </node>
  <node id="419365247" lat="40.6904335" lon="-73.9953267">
    <tag k="amenity" v="bicycle_parking" />
    <tag k="bicycle_parking" v="stands" />
    <tag k="capacity" v="5" />
    <tag k="check_date" v="2023-08-19" />
    <tag k="cityracks.housenum" v="134" />
    <tag k="cityracks.large" v="1" />
    <tag k="cityracks.rackid" v="3554" />
    <tag k="cityracks.small" v="0" />
    <tag k="cityracks.street" v="Atlantic Ave" />
    <tag k="covered" v="no" />
  </node>
  <node id="419365583" lat="40.6900874" lon="-73.9961748">
    <tag k="addr:housenumber" v="113" />
    <tag k="addr:postcode" v="11201" />
    <tag k="addr:street" v="Pacific Street" />
    <tag k="name" v="A+ Skincare &amp; Lash" />
    <tag k="opening_hours" v="Mo-Su 10:30-19:30" />
    <tag k="phone" v="+1-347-739-7775" />
    <tag k="shop" v="beauty" />
    <tag k="website" v="https://aplusbrooklyn.com" />
  </node>
  <node id="419365974" lat="40.6906805" lon="-73.9956873">
    <tag k="amenity" v="bicycle_parking" />
    <tag k="capacity" v="5" />
    <tag k="cityracks.housenum" v="133" />
    <tag k="cityracks.large" v="1" />
    <tag k="cityracks.rackid" v="3456" />
    <tag k="cityracks.small" v="0" />
    <tag k="cityracks.street" v="Atlantic Ave" />
  </node>
  <node id="419366822" lat="40.6909203" lon="-73.9971836">
    <tag k="amenity" v="bicycle_parking" />
    <tag k="capacity" v="2" />
    <tag k="cityracks.housenum" v="90" />
    <tag k="cityracks.large" v="0" />
    <tag k="cityracks.rackid" v="3570" />
    <tag k="cityracks.small" v="1" />
    <tag k="cityracks.street" v="Atlantic Ave" />
  </node>
  <node id="419366996" lat="40.6911652" lon="-73.9973489">
    <tag k="amenity" v="bicycle_parking" />
    <tag k="capacity" v="5" />
    <tag k="cityracks.housenum" v="87" />
    <tag k="cityracks.large" v="1" />
    <tag k="cityracks.rackid" v="3532" />
    <tag k="cityracks.small" v="0" />
    <tag k="cityracks.street" v="Atlantic Ave" />
  </node>
  <node id="419367253" lat="40.6901755" lon="-73.9964157">
    <tag k="amenity" v="bicycle_parking" />
    <tag k="capacity" v="2" />
    <tag k="cityracks.housenum" v="333" />
    <tag k="cityracks.large" v="0" />
    <tag k="cityracks.rackid" v="3568" />
    <tag k="cityracks.small" v="1" />
    <tag k="cityracks.street" v="Henry St" />
  </node>
  <node id="419367333" lat="40.6913313" lon="-73.9979335">
    <tag k="amenity" v="bicycle_parking" />
    <tag k="capacity" v="2" />
  </node>
  <node id="419367673" lat="40.6910615" lon="-73.9969776">
    <tag k="amenity" v="bicycle_parking" />
    <tag k="capacity" v="2" />
    <tag k="cityracks.housenum" v="99" />
    <tag k="cityracks.large" v="0" />
    <tag k="cityracks.rackid" v="3534" />
    <tag k="cityracks.small" v="1" />
    <tag k="cityracks.street" v="Atlantic Ave" />
  </node>
  <node id="1912029921" lat="40.8428168" lon="-73.9288423">
    <tag k="railway" v="switch" />
    <tag k="ref" v="42A" />
  </node>
  <node id="1912029922" lat="40.8430003" lon="-73.9283721">
    <tag k="railway" v="buffer_stop" />
  </node>
  <node id="1912029929" lat="40.8437184" lon="-73.9282922">
    <tag k="railway" v="switch" />
    <tag k="ref" v="42B" />
  </node>
  <node id="2494066985" lat="40.6909413" lon="-73.9962942">
    <tag k="addr:housenumber" v="119" />
    <tag k="addr:postcode" v="11201" />
    <tag k="addr:street" v="Atlantic Avenue" />
    <tag k="amenity" v="cafe" />
    <tag k="cuisine" v="coffee_shop" />
    <tag k="diet:gluten_free" v="yes" />
    <tag k="diet:vegan" v="yes" />
    <tag k="drink:coffee" v="yes" />
    <tag k="drink:espresso" v="yes" />
    <tag k="drink:tea" v="yes" />
    <tag k="name" v="Salter House" />
    <tag k="opening_hours" v="Mo-Su 08:00-18:00" />
    <tag k="phone" v="+1-347-987-4675" />
    <tag k="shop" v="houseware" />
    <tag k="website" v="https://salter.house" />
  </node>
  <node id="2494067447" lat="40.6913600" lon="-73.9960857">
    <tag k="addr:housenumber" v="292" />
    <tag k="addr:postcode" v="11201" />
    <tag k="addr:street" v="Henry Street" />
    <tag k="cuisine" v="sandwich" />
    <tag k="drink:beer" v="yes" />
    <tag k="drink:coffee" v="yes" />
    <tag k="name" v="Brooklyn Heights Deli" />
    <tag k="phone" v="+1-718-643-1361" />
    <tag k="shop" v="convenience" />
  </node>
  <node id="2494067543" lat="40.6915100" lon="-73.9977701">
    <tag k="addr:housenumber" v="330" />
    <tag k="addr:postcode" v="11201" />
    <tag k="addr:street" v="Hicks Street" />
    <tag k="amenity" v="cafe" />
    <tag k="cuisine" v="afghan;pastry" />
    <tag k="name" v="Diljān" />
    <tag k="opening_hours" v="Mo, Th-Su 08:00-16:00" />
  </node>
  <node id="2494067692" lat="40.6913543" lon="-73.9976635">
    <tag k="amenity" v="post_box" />
  </node>
  <node id="2494067726" lat="40.6913074" lon="-73.9976171">
    <tag k="addr:housenumber" v="77" />
    <tag k="addr:postcode" v="11201" />
    <tag k="addr:street" v="Atlantic Avenue" />
    <tag k="name" v="Hatchet Outdoor Supply Company" />
    <tag k="opening_hours" v="Mo-Fr 13:00-18:00; Sa 12:00-19:00; Su 12:00-18:00" />
    <tag k="pets" v="yes" />
    <tag k="shop" v="outdoor" />
    <tag k="website" v="https://hatchetsupply.com" />
  </node>
  <node id="2494067738" lat="40.6912914" lon="-73.9975590">
    <tag k="addr:housenumber" v="79" />
    <tag k="addr:postcode" v="11201" />
    <tag k="addr:street" v="Atlantic Avenue" />
    <tag k="amenity" v="cafe" />
    <tag k="cuisine" v="vietnamese;sandwich" />
    <tag k="drink:coffee" v="yes" />
    <tag k="drink:espresso" v="yes" />
    <tag k="drink:tea" v="yes" />
    <tag k="name" v="Diem Eatery" />
    <tag k="opening_hours" v="Tu-Fr 10:00-20:00; Sa 09:00-21:00; Su 09:00-19:00" />
    <tag k="phone" v="+1-917-909-1037" />
    <tag k="website" v="https://diemeatery.com" />
  </node>
  <node id="2494067806" lat="40.6912362" lon="-73.9973386">
    <tag k="addr:housenumber" v="87" />
    <tag k="addr:postcode" v="11201" />
    <tag k="addr:street" v="Atlantic Avenue" />
    <tag k="amenity" v="fast_food" />
    <tag k="cuisine" v="pizza" />
    <tag k="drink:beer" v="yes" />
    <tag k="drink:wine" v="yes" />
    <tag k="happy_hours" v="Mo-Th 15:00-18:00" />
    <tag k="name" v="Table 87 Coal Oven Pizza" />
    <tag k="opening_hours" v="Mo-Th 11:00-22:30; Fr-Sa 11:00-23:00; Su 11:00-22:00" />
    <tag k="phone" v="+1-718-797-9300" />
    <tag k="website" v="https://www.table87.com" />
  </node>
  <node id="2494067821" lat="40.6912143" lon="-73.9972807">
    <tag k="addr:housenumber" v="89" />
    <tag k="addr:postcode" v="11201" />
    <tag k="addr:street" v="Atlantic Avenue" />
    <tag k="name" v="Antik" />
    <tag k="opening_hours" v="We-Sa 11:00-19:00, Su 12:00-18:00||Mo-Tu &quot;by appointment&quot;" />
    <tag k="shop" v="antiques" />
    <tag k="website" v="https://antikbrooklyn.com" />
  </node>
  <node id="2494069822" lat="40.6910658" lon="-73.9983515" />
  <node id="2494069872" lat="40.6915023" lon="-73.9983549">
    <tag k="alt_name" v="Eleventh Hour Art Studio" />
    <tag k="amenity" v="arts_centre" />
    <tag k="disused:shop" v="yes" />
    <tag k="name" v="Eleventh Hour Art" />
    <tag k="official_name" v="Eleventh Hour Art Gallery" />
    <tag k="short_name" v="XI Art" />
    <tag k="tourism" v="gallery" />
    <tag k="website" v="https://www.eleventhhourart.com" />
  </node>
  <node id="2494069953" lat="40.6913665" lon="-73.9978457">
    <tag k="addr:housenumber" v="75" />
    <tag k="addr:postcode" v="11201" />
    <tag k="addr:street" v="Atlantic Avenue" />
    <tag k="cuisine" v="latin_american" />
    <tag k="delivery" v="yes" />
    <tag k="drink:beer" v="yes" />
    <tag k="drink:coffee" v="yes" />
    <tag k="name" v="Urban Deli" />
    <tag k="opening_hours" v="24/7" />
    <tag k="phone" v="+1-929-675-0473" />
    <tag k="shop" v="convenience" />
    <tag k="wheelchair" v="limited" />
  </node>
  <node id="2494069982" lat="40.6906083" lon="-73.9981518" />
  <node id="2494069984" lat="40.6907218" lon="-73.9985590" />
  <node id="2494069986" lat="40.6910251" lon="-73.9979512" />
  <node id="2494069988" lat="40.6910514" lon="-73.9979582" />
  <node id="2494069990" lat="40.6910467" lon="-73.9979418" />
  <node id="2494069992" lat="40.6910558" lon="-73.9979756" />
  <node id="2494069994" lat="40.6910600" lon="-73.9979886" />
  <node id="2494069998" lat="40.6910761" lon="-73.9983885" />
  <node id="2494070000" lat="40.6910805" lon="-73.9980621" />
  <node id="2494070002" lat="40.6911227" lon="-73.9982135" />
  <node id="2523609692" lat="40.6908655" lon="-73.9960147">
    <tag k="addr:housenumber" v="121" />
    <tag k="addr:postcode" v="11201" />
    <tag k="addr:street" v="Atlantic Avenue" />
    <tag k="atm" v="yes" />
    <tag k="cuisine" v="breakfast;sandwich;juice" />
    <tag k="drink:beer" v="no" />
    <tag k="drink:coffee" v="yes" />
    <tag k="name" v="Champion Deli &amp; Grocery" />
    <tag k="opening_hours" v="24/7" />
    <tag k="phone" v="+1-718-596-8620" />
    <tag k="shop" v="convenience" />
  </node>
  <node id="2523609698" lat="40.6907804" lon="-73.9957071">
    <tag k="addr:housenumber" v="131" />
    <tag k="addr:postcode" v="11201" />
    <tag k="addr:street" v="Atlantic Avenue" />
    <tag k="amenity" v="bar" />
    <tag k="drink:beer" v="draught" />
    <tag k="drink:liquor" v="yes" />
    <tag k="drink:wine" v="yes" />
    <tag k="name" v="Floyd" />
    <tag k="opening_hours" v="Mo-Th 16:00-02:00; Fr 16:00-04:00; Sa 13:00-04:00; Su 13:00-02:00" />
    <tag k="outdoor_seating" v="street" />
    <tag k="phone" v="+1-718-858-5810" />
    <tag k="sport" v="boules" />
    <tag k="website" v="https://www.floydny.com" />
  </node>
  <node id="2523787351" lat="40.6906369" lon="-73.9964304">
    <tag k="addr:housenumber" v="110" />
    <tag k="addr:postcode" v="11201" />
    <tag k="addr:street" v="Atlantic Avenue" />
    <tag k="amenity" v="restaurant" />
    <tag k="bar" v="yes" />
    <tag k="cuisine" v="american" />
    <tag k="drink:beer" v="draught" />
    <tag k="drink:liquor" v="yes" />
    <tag k="drink:wine" v="yes" />
    <tag k="name" v="The Long Island Bar" />
    <tag k="opening_hours" v="Tu-Fr 17:00-24:00; Sa-Su 14:00-24:00" />
    <tag k="phone" v="+1-718-625-8908" />
    <tag k="reservation" v="no" />
    <tag k="toilets" v="yes" />
    <tag k="toilets:unisex" v="no" />
    <tag k="website" v="https://www.thelongislandbar.com/" />
    <tag k="website:menu" v="http://thelongislandbar.com/menus" />
  </node>
  <node id="2523787385" lat="40.6901587" lon="-73.9963567">
    <tag k="addr:housenumber" v="333" />
    <tag k="addr:postcode" v="11201" />
    <tag k="addr:street" v="Henry Street" />
    <tag k="amenity" v="restaurant" />
    <tag k="cuisine" v="japanese;sushi" />
    <tag k="name" v="Hibino" />
    <tag k="opening_hours" v="Mo-Th 12:00-14:30,17:30-22:00; Fr 12:00-14:30,17:30-22:30; Sa 17:30-22:30; Su 17:00-21:30" />
    <tag k="phone" v="+17182608052" />
    <tag k="website" v="https://hibino-brooklyn.com/" />
  </node>
  <node id="2549893238" lat="40.6895343" lon="-73.9969199">
    <tag k="amenity" v="post_box" />
    <tag k="collection_times" v="Mo-Fr 10:00,17:00; Sa 08:00,13:00" />
    <tag k="drive_through" v="no" />
    <tag k="operator" v="United States Postal Service" />
    <tag k="operator:short" v="USPS" />
    <tag k="operator:type" v="public" />
    <tag k="operator:website" v="https://www.usps.com" />
    <tag k="operator:wikidata" v="Q668687" />
    <tag k="operator:wikipedia" v="en:United States Postal Service" />
    <tag k="short_name" v="USPS" />
  </node>
  <node id="2549893260" lat="40.6907813" lon="-73.9969872">
    <tag k="amenity" v="doctors" />
    <tag k="healthcare" v="doctor" />
    <tag k="name" v="Robert Lechtenberg, M.D." />
    <tag k="opening_hours" v="Mo 10:00-12:00,15:00-17:30; Tu 08:30-11:00,14:00-16:30; Th 09:00-13:00" />
  </node>
  <node id="2562277737" lat="40.6907472" lon="-73.9955872">
    <tag k="addr:housenumber" v="135" />
    <tag k="addr:postcode" v="11201" />
    <tag k="addr:street" v="Atlantic Avenue" />
    <tag k="amenity" v="restaurant" />
    <tag k="bar" v="yes" />
    <tag k="cocktails" v="yes" />
    <tag k="cuisine" v="french" />
    <tag k="drink:beer" v="yes" />
    <tag k="drink:liquor" v="yes" />
    <tag k="drink:wine" v="yes" />
    <tag k="name" v="Chez Moi" />
    <tag k="opening_hours" v="Mo-Th 16:00-24:00; Fr 12:00-01:00; Sa 10:00-01:00; Su 10:00-24:00" />
    <tag k="phone" v="+1-347-227-8337" />
    <tag k="website" v="https://chezmoiny.com" />
  </node>
  <node id="2895451774" lat="40.8514097" lon="-73.9225596" />
  <node id="2895451776" lat="40.8518841" lon="-73.9221130" />
  <node id="2895454375" lat="40.8511131" lon="-73.9228409" />
  <node id="3708656613" lat="40.6908927" lon="-73.9961235">
    <tag k="amenity" v="bicycle_rental" />
    <tag k="bicycle_rental" v="docking_station" />
    <tag k="brand" v="Citi Bike" />
    <tag k="brand:wikidata" v="Q2974438" />
    <tag k="capacity" v="23" />
    <tag k="fee" v="yes" />
    <tag k="name" v="Citi Bike - Henry St &amp; Atlantic Ave" />
    <tag k="network" v="Citi Bike" />
    <tag k="network:wikidata" v="Q2974438" />
    <tag k="network:wikipedia" v="en:Citi Bike" />
    <tag k="operator" v="Lyft" />
    <tag k="operator:type" v="private" />
    <tag k="operator:wikidata" v="Q17077936" />
    <tag k="operator:wikipedia" v="en:Lyft" />
    <tag k="payment:cash" v="no" />
    <tag k="payment:coins" v="no" />
    <tag k="payment:credit_cards" v="yes" />
    <tag k="payment:debit_cards" v="yes" />
    <tag k="payment:visa" v="yes" />
    <tag k="ref" v="66db316a-0aca-11e7-82f6-3863bb44ef7c" />
    <tag k="ref:gbfs" v="lyft_nyc:66db316a-0aca-11e7-82f6-3863bb44ef7c" />
    <tag k="website" v="https://citibikenyc.com/" />
  </node>
  <node id="4409129976" lat="40.5793135" lon="-74.1145407">
    <tag k="bus" v="yes" />
    <tag k="highway" v="bus_stop" />
    <tag k="name" v="Richmond Road &amp; Bancroft Avenue" />
    <tag k="network" v="NYC Transit" />
    <tag k="network:wikidata" v="Q1325591" />
    <tag k="operator" v="Metropolitan Transportation Authority" />
    <tag k="operator:short" v="MTA" />
    <tag k="public_transport" v="platform" />
    <tag k="wheelchair" v="yes" />
  </node>
  <node id="4409129977" lat="40.5805297" lon="-74.1132760">
    <tag k="bus" v="yes" />
    <tag k="highway" v="bus_stop" />
    <tag k="name" v="Richmond Road &amp; Greeley Avenue" />
    <tag k="network" v="NYC Transit" />
    <tag k="network:wikidata" v="Q1325591" />
    <tag k="operator" v="Metropolitan Transportation Authority" />
    <tag k="operator:short" v="MTA" />
    <tag k="public_transport" v="platform" />
    <tag k="wheelchair" v="yes" />
  </node>
  <node id="4587467371" lat="40.6908167" lon="-73.9958384">
    <tag k="addr:city" v="Brooklyn" />
    <tag k="addr:housenumber" v="127" />
    <tag k="addr:postcode" v="11201" />
    <tag k="addr:state" v="NY" />
    <tag k="addr:street" v="Atlantic Avenue" />
    <tag k="amenity" v="restaurant" />
    <tag k="cocktails" v="yes" />
    <tag k="drink:beer" v="yes" />
    <tag k="drink:wine" v="yes" />
    <tag k="name" v="Confidant" />
    <tag k="opening_hours" v="We-Su 17:00-22:00" />
    <tag k="phone" v="+1-929-252-0205" />
    <tag k="website" v="https://www.confidantnyc.com/" />
  </node>
  <node id="5039576143" lat="40.8456696" lon="-73.9273043" />
  <node id="5039576146" lat="40.8492710" lon="-73.9245711" />
  <node id="5039576147" lat="40.8476133" lon="-73.9261134" />
  <node id="5039576148" lat="40.8473354" lon="-73.9263306" />
  <node id="5039576149" lat="40.8469783" lon="-73.9265720" />
  <node id="5543850733" lat="40.8402015" lon="-73.9302885">
    <tag k="access" v="no" />
    <tag k="barrier" v="lift_gate" />
  </node>
  <node id="5646439730" lat="40.8421072" lon="-73.9264696">
    <tag k="amenity" v="drinking_water" />
  </node>
  <node id="5745838207" lat="40.6908461" lon="-73.9959446">
    <tag k="addr:housenumber" v="123" />
    <tag k="addr:postcode" v="11201" />
    <tag k="addr:street" v="Atlantic Avenue" />
    <tag k="delivery" v="yes" />
    <tag k="drink:liquor" v="yes" />
    <tag k="drink:sake" v="yes" />
    <tag k="drink:wine" v="yes" />
    <tag k="fax" v="+1-718-522-0326" />
    <tag k="name" v="Heights Chateau" />
    <tag k="opening_hours" v="Mo-Th 11:00-21:00; Fr-Sa 11:00-22:00; Su 12:00-19:00" />
    <tag k="phone" v="+1-718-330-0963" />
    <tag k="shop" v="alcohol" />
    <tag k="website" v="https://www.heightschateau.com" />
  </node>
  <node id="5994557685" lat="40.6902039" lon="-73.9963352">
    <tag k="alcohol" v="no" />
    <tag k="amenity" v="restaurant" />
    <tag k="capacity" v="17" />
    <tag k="cuisine" v="italian" />
    <tag k="diet:vegetarian" v="yes" />
    <tag k="name" v="Lillo Cucina Italiana" />
    <tag k="opening_hours" v="We-Sa 12:30-20:00, Su 12:30-19:00" />
    <tag k="payment:cash" v="only" />
    <tag k="phone" v="+1-347-763-0899" />
    <tag k="takeaway" v="yes" />
    <tag k="toilets" v="no" />
    <tag k="website" v="https://lillobrooklyn.com" />
  </node>
  <node id="6171858585" lat="40.6910070" lon="-73.9967969">
    <tag k="amenity" v="post_box" />
    <tag k="brand" v="UPS" />
    <tag k="brand:type" v="private" />
    <tag k="brand:wikidata" v="Q155026" />
    <tag k="collection_times" v="Mo-Fr 19:00" />
    <tag k="drive_through" v="no" />
    <tag k="official_name" v="United Parcel Service" />
    <tag k="operator" v="UPS" />
    <tag k="operator:type" v="private" />
    <tag k="operator:wikidata" v="Q155026" />
    <tag k="operator:wikipedia" v="en:United Parcel Service" />
  </node>
  <node id="6372786025" lat="40.6913864" lon="-73.9979208">
    <tag k="alt_name" v="Montero's Bar and Grill" />
    <tag k="amenity" v="bar" />
    <tag k="atm" v="yes" />
    <tag k="contact:facebook" v="https://www.facebook.com/Monteros-Bar-125302204147658/" />
    <tag k="drink:beer" v="bottled" />
    <tag k="drink:liquor" v="yes" />
    <tag k="drink:wine" v="yes" />
    <tag k="food" v="no" />
    <tag k="name" v="Montero's Bar" />
    <tag k="phone" v="+1-646-729-4129" />
    <tag k="sport" v="billiards" />
  </node>
  <node id="6372786027" lat="40.6908749" lon="-73.9972733">
    <tag k="addr:postcode" v="11201" />
    <tag k="amenity" v="cafe" />
    <tag k="cuisine" v="coffee_shop;sandwich;ice_cream" />
    <tag k="drink:coffee" v="yes" />
    <tag k="drink:espresso" v="yes" />
    <tag k="drink:tea" v="yes" />
    <tag k="name" v="Espresso Me" />
    <tag k="opening_hours" v="Mo-Fr 06:30-18:00; Sa-Su 07:30-18:00" />
    <tag k="outdoor_seating" v="sidewalk" />
  </node>
  <node id="6372878725" lat="40.6911324" lon="-73.9969662">
    <tag k="name" v="High Class Cigars" />
    <tag k="shop" v="tobacco" />
  </node>
  <node id="6372878727" lat="40.6909573" lon="-73.9963519">
    <tag k="addr:housenumber" v="117" />
    <tag k="addr:postcode" v="11201" />
    <tag k="addr:street" v="Atlantic Avenue" />
    <tag k="name" v="Picture Room" />
    <tag k="opening_hours" v="Tu-Th 13:00-19:00; Fr-Sa 11:00-19:00; Su 11:00-17:00" />
    <tag k="phone" v="+1-347-987-4675" />
    <tag k="shop" v="art" />
    <tag k="website" v="https://www.pictureroom.shop" />
  </node>
  <node id="6372878730" lat="40.6911503" lon="-73.9970496">
    <tag k="addr:postcode" v="11201" />
    <tag k="amenity" v="bar" />
    <tag k="cocktails" v="yes" />
    <tag k="cuisine" v="eclectic" />
    <tag k="drink:beer" v="draught" />
    <tag k="drink:liquor" v="yes" />
    <tag k="drink:sake" v="yes" />
    <tag k="drink:wine" v="yes" />
    <tag k="email" v="blackbullbrooklyn@gmail.com" />
    <tag k="name" v="The Black Bull" />
    <tag k="opening_hours" v="Mo-Fr 15:00-02:00; Sa-Su 11:00-02:00" />
    <tag k="outdoor_seating" v="street" />
    <tag k="website" v="https://theblackbull.nyc" />
    <tag k="website:menu" v="https://theblackbull.nyc/#menu" />
  </node>
  <node id="6372878731" lat="40.6910375" lon="-73.9962370">
    <tag k="addr:housenumber" v="304" />
    <tag k="addr:postcode" v="11201" />
    <tag k="addr:street" v="Henry Street" />
    <tag k="name" v="Holler &amp; Squall" />
    <tag k="opening_hours" v="Fr 12:00-18:00; Sa 11:00-18:00" />
    <tag k="phone" v="+1-347-223-4685" />
    <tag k="shop" v="furniture" />
    <tag k="website" v="https://www.hollerandsquall.com" />
  </node>
  <node id="6372878734" lat="40.6912000" lon="-73.9972291">
    <tag k="addr:housenumber" v="91" />
    <tag k="addr:postcode" v="11201" />
    <tag k="addr:street" v="Atlantic Avenue" />
    <tag k="clothes" v="men" />
    <tag k="contact:facebook" v="https://www.facebook.com/GooseBarnacle" />
    <tag k="name" v="Goose Barnacle" />
    <tag k="opening_hours" v="Tu-Su 12:00-20:00" />
    <tag k="phone" v="+1-718-855-2694" />
    <tag k="shop" v="clothes" />
  </node>
  <node id="6372878735" lat="40.6906785" lon="-73.9965403">
    <tag k="amenity" v="music_school" />
    <tag k="name" v="Keys To Success" />
  </node>
  <node id="6372878737" lat="40.6910562" lon="-73.9967094">
    <tag k="description" v="yarn and knitting accessories, knitting classes" />
    <tag k="name" v="Woolyn" />
    <tag k="opening_hours" v="Tu-Fr 11:00-18:00; Sa-Su 11:00-17:00" />
    <tag k="phone" v="+1-718-522-5820" />
    <tag k="shop" v="sewing" />
    <tag k="website" v="https://woolyn.com" />
  </node>
  <node id="6824102445" lat="40.6902852" lon="-73.9962966">
    <tag k="amenity" v="pub" />
    <tag k="cocktails" v="yes" />
    <tag k="cuisine" v="pub;brunch" />
    <tag k="delivery" v="yes" />
    <tag k="drink:beer" v="draught" />
    <tag k="drink:liquor" v="yes" />
    <tag k="drink:wine" v="yes" />
    <tag k="name" v="Henry Public" />
    <tag k="opening_hours" v="Mo-Th 16:00-23:00; Fr 16:00-24:00; Sa 12:00-24:00; Su 12:00-23:00" />
    <tag k="opening_hours:kitchen" v="Mo-Th 16:00-22:00; Fr 16:00-23:00; Sa 12:00-23:00; Su 12:00-22:00" />
    <tag k="phone" v="+1-718-852-8630" />
    <tag k="takeaway" v="yes" />
    <tag k="website" v="https://www.henrypublic.com" />
  </node>
  <node id="6839024569" lat="40.6910101" lon="-73.9959583">
    <tag k="addr:housenumber" v="311" />
    <tag k="addr:postcode" v="11201" />
    <tag k="addr:street" v="Henry Street" />
    <tag k="amenity" v="cafe" />
    <tag k="cuisine" v="coffee_shop;breakfast;sandwich" />
    <tag k="drink:coffee" v="yes" />
    <tag k="drink:espresso" v="yes" />
    <tag k="drink:tea" v="yes" />
    <tag k="name" v="Amy's Bread" />
    <tag k="opening_hours" v="Mo-Fr 07:00-19:00; Sa-Su 08:00-19:00" />
    <tag k="shop" v="bakery" />
  </node>
  <node id="6839024571" lat="40.6903355" lon="-73.9953133">
    <tag k="amenity" v="bar" />
    <tag k="cocktails" v="yes" />
    <tag k="drink:beer" v="draught" />
    <tag k="drink:liquor" v="yes" />
    <tag k="drink:wine" v="yes" />
    <tag k="name" v="Elsa" />
    <tag k="outdoor_seating" v="garden" />
  </node>
  <node id="6839024572" lat="40.6910999" lon="-73.9959164">
    <tag k="name" v="Seaport Flowers &amp; Home" />
    <tag k="opening_hours" v="We-Fr 11:00-19:00; Sa 11:00-15:00" />
    <tag k="shop" v="interior_decoration" />
  </node>
  <node id="6839024574" lat="40.6904545" lon="-73.9957619">
    <tag k="amenity" v="dentist" />
    <tag k="healthcare" v="dentist" />
    <tag k="name" v="House of Orthodontia" />
    <tag k="phone" v="+1-718-852-4414" />
    <tag k="website" v="https://houseoforthodontia.com" />
  </node>
  <node id="6839024575" lat="40.6905356" lon="-73.9960458">
    <tag k="addr:housenumber" v="112" />
    <tag k="addr:postcode" v="11201" />
    <tag k="addr:street" v="Atlantic Avenue" />
    <tag k="amenity" v="kindergarten" />
    <tag k="name" v="Chaulk Preschool" />
  </node>
  <node id="7143353630" lat="40.6906306" lon="-73.9951659">
    <tag k="name" v="Boy Luv Girl" />
    <tag k="opening_hours" v="Tu-Fr 11:00-20:00" />
    <tag k="phone" v="+1-718-596-3868" />
    <tag k="shop" v="hairdresser" />
    <tag k="website" v="https://www.boyluvgirl.com/" />
  </node>
  <node id="7143368464" lat="40.6902343" lon="-73.9963257">
    <tag k="name" v="Harris Home" />
    <tag k="opening_hours" v="Sa-Su 14:00-17:00 || &quot;by appointment&quot;" />
    <tag k="shop" v="antiques" />
  </node>
  <node id="7185568112" lat="40.6907051" lon="-73.9954351">
    <tag k="description" v="crystals, aromatherapy, new age gifts" />
    <tag k="name" v="Earth Speaks" />
    <tag k="opening_hours" v="Tu-Su 12:00-19:00" />
    <tag k="shop" v="gift" />
    <tag k="website" v="https://www.earthspeaks.com" />
  </node>
  <node id="7185568114" lat="40.6908154" lon="-73.9960804">
    <tag k="bench" v="no" />
    <tag k="bus" v="yes" />
    <tag k="highway" v="bus_stop" />
    <tag k="name" v="Atlantic Avenue &amp; Henry Street" />
    <tag k="network" v="NYC Transit" />
    <tag k="network:wikidata" v="Q1325591" />
    <tag k="network:wikipedia" v="en:New York City Transit Authority" />
    <tag k="public_transport" v="platform" />
    <tag k="route_ref" v="B61;B63" />
    <tag k="shelter" v="no" />
  </node>
  <node id="7185598654" lat="40.6906469" lon="-73.9952247">
    <tag k="amenity" v="restaurant" />
    <tag k="bar" v="yes" />
    <tag k="cocktails" v="yes" />
    <tag k="cuisine" v="pizza" />
    <tag k="drink:beer" v="yes" />
    <tag k="drink:liquor" v="yes" />
    <tag k="drink:wine" v="yes" />
    <tag k="happy_hours" v="Tu-Fr 17:00-19:00" />
    <tag k="name" v="Luzzo's BK" />
    <tag k="opening_hours" v="Tu-Th 17:00-22:00; Fr-Sa 12:00-23:00; Su 12:00-22:00" />
    <tag k="phone" v="+1-718-855-6400" />
    <tag k="website" v="https://www.eatpizzamakelove.com/luzzosbk" />
  </node>
  <node id="7185598655" lat="40.6906837" lon="-73.9953576">
    <tag k="alt_name" v="Anon Spa" />
    <tag k="beauty" v="skin_care" />
    <tag k="name" v="Anor Spa" />
    <tag k="old_name" v="Fresh-n-Funky" />
    <tag k="phone" v="+1-718-576-3733" />
    <tag k="shop" v="beauty" />
    <tag k="website" v="https://www.anorspa.com" />
  </node>
  <node id="7185598658" lat="40.6906634" lon="-73.9952842">
    <tag k="amenity" v="doctors" />
    <tag k="fax" v="+1-718-858-9258" />
    <tag k="healthcare" v="doctor" />
    <tag k="healthcare:speciality" v="orthopaedics;prosthetics" />
    <tag k="name" v="Orthopedic Arts" />
    <tag k="operator" v="Dr. Stephan Manucharian" />
    <tag k="phone" v="+1-718-858-2400" />
    <tag k="website" v="https://orthopedicarts.net" />
  </node>
  <node id="7185598661" lat="40.6907559" lon="-73.9952816">
    <tag k="amenity" v="kindergarten" />
    <tag k="name" v="Treasure Trunk Theatre" />
    <tag k="phone" v="+1-347-762-9475" />
    <tag k="website" v="https://www.treasuretrunktheatre.com" />
  </node>
  <node id="7918638038" lat="40.8442581" lon="-73.9260740" />
  <node id="7918638066" lat="40.8442704" lon="-73.9258471" />
  <node id="7918638071" lat="40.8442565" lon="-73.9259984" />
  <node id="7918640009" lat="40.8442604" lon="-73.9259240" />
  <node id="7918640017" lat="40.8442643" lon="-73.9261516" />
  <node id="8273188132" lat="40.5806488" lon="-74.1139989" />
  <node id="8273188133" lat="40.5796384" lon="-74.1144776" />
  <node id="8273188134" lat="40.5785934" lon="-74.1156390" />
  <node id="8273188135" lat="40.5784966" lon="-74.1158187" />
  <node id="8273188136" lat="40.5784589" lon="-74.1159917" />
  <node id="8273188137" lat="40.5783693" lon="-74.1169480" />
  <node id="8273188138" lat="40.5786942" lon="-74.1182622" />
  <node id="8273188139" lat="40.5809116" lon="-74.1188510" />
  <node id="8273188141" lat="40.5822816" lon="-74.1201934" />
  <node id="8273188142" lat="40.5867466" lon="-74.1217813" />
  <node id="8273190642" lat="40.5863280" lon="-74.1221675" />
  <node id="8273190643" lat="40.5857404" lon="-74.1214702" />
  <node id="8273190644" lat="40.5854450" lon="-74.1210866" />
  <node id="8273190645" lat="40.5850275" lon="-74.1203678" />
  <node id="8273190646" lat="40.5846934" lon="-74.1197857" />
  <node id="8273190647" lat="40.5843838" lon="-74.1192707" />
  <node id="8273190648" lat="40.5843084" lon="-74.1192359" />
  <node id="8273190649" lat="40.5841383" lon="-74.1193526" />
  <node id="8273190650" lat="40.5837492" lon="-74.1198313" />
  <node id="8273190651" lat="40.5834050" lon="-74.1201934" />
  <node id="8273190652" lat="40.5831555" lon="-74.1204281" />
  <node id="8273190653" lat="40.5828226" lon="-74.1207336" />
  <node id="8319327407" lat="40.5825525" lon="-74.1204496" />
  <node id="8319532146" lat="40.5882505" lon="-74.1205109" />
  <node id="8319532147" lat="40.5877896" lon="-74.1208237" />
  <node id="8570020907" lat="40.6907984" lon="-73.9957671">
    <tag k="amenity" v="restaurant" />
    <tag k="cuisine" v="italian" />
    <tag k="name" v="Pips" />
    <tag k="opening_hours" v="Tu-Fr 17:00-22:00; Sa 15:00-22:00" />
    <tag k="outdoor_seating" v="sidewalk;street" />
  </node>
  <node id="8972558699" lat="40.6903603" lon="-73.9954129">
    <tag k="amenity" v="kindergarten" />
    <tag k="name" v="Voxel Academy" />
    <tag k="website" v="https://voxelacademy.org" />
  </node>
  <node id="9269147952" lat="40.5816514" lon="-74.1195765" />
  <node id="9269148061" lat="40.5872027" lon="-74.1183240" />
  <node id="9581185586" lat="40.5850052" lon="-74.1169325" />
  <node id="9581185587" lat="40.5849430" lon="-74.1168230" />
  <node id="9749330920" lat="40.6907291" lon="-73.9955215">
    <tag k="name" v="Make A Frame" />
    <tag k="opening_hours" v="Mo-Sa 10:30-19:00; Su 12:00-18:00" />
    <tag k="phone" v="+1-718-875-6150" />
    <tag k="shop" v="frame" />
    <tag k="website" v="https://frameatlantic.com" />
  </node>
  <node id="10147967769" lat="40.8442507" lon="-73.9257366" />
  <node id="10147967770" lat="40.8441045" lon="-73.9260154" />
  <node id="10147967771" lat="40.8439982" lon="-73.9262957" />
  <node id="10147967784" lat="40.8432980" lon="-73.9266656" />
  <node id="10147967803" lat="40.8436225" lon="-73.9264972" />
  <node id="10239556955" lat="40.6913296" lon="-73.9989108" />
  <node id="10239577020" lat="40.6913634" lon="-73.9989254" />
  <node id="10239577021" lat="40.6912484" lon="-73.9985312" />
  <node id="10239577022" lat="40.6909037" lon="-73.9986251" />
  <node id="10239577023" lat="40.6907288" lon="-73.9986626" />
  <node id="10239577024" lat="40.6908406" lon="-73.9987055" />
  <node id="10239577025" lat="40.6912351" lon="-73.9984700" />
  <node id="10239577026" lat="40.6910996" lon="-73.9985151" />
  <node id="10239577027" lat="40.6910976" lon="-73.9984983" />
  <node id="10239577028" lat="40.6911506" lon="-73.9984372" />
  <node id="10239577029" lat="40.6911955" lon="-73.9983417" />
  <node id="10730035517" lat="40.6901450" lon="-73.9966535">
    <tag k="amenity" v="waste_basket" />
  </node>
  <node id="10730035519" lat="40.6906975" lon="-73.9963395">
    <tag k="amenity" v="waste_basket" />
  </node>
  <node id="10730035524" lat="40.6906747" lon="-73.9962278">
    <tag k="amenity" v="waste_basket" />
  </node>
  <node id="10736009454" lat="40.6914467" lon="-73.9958455">
    <tag k="amenity" v="waste_basket" />
    <tag k="waste" v="trash" />
  </node>
  <node id="10736959880" lat="40.6896755" lon="-73.9968753">
    <tag k="amenity" v="waste_basket" />
  </node>
  <node id="10736959881" lat="40.6908389" lon="-73.9961567">
    <tag k="amenity" v="waste_basket" />
  </node>
  <node id="10736959890" lat="40.6898562" lon="-73.9967890">
    <tag k="amenity" v="waste_basket" />
  </node>
  <node id="10844862224" lat="40.8437147" lon="-73.9281314">
    <tag k="location" v="outdoor" />
    <tag k="name" v="CP 8" />
    <tag k="operator" v="Metro-North Railroad" />
    <tag k="railway" v="signal_box" />
    <tag k="railway:position" v="mi:7.2" />
    <tag k="railway:ref" v="CP 8" />
    <tag k="railway:signal_box" v="yes" />
  </node>
  <node id="10888563470" lat="40.6898506" lon="-73.9965233">
    <tag k="amenity" v="drinking_water" />
  </node>
  <node id="11245626044" lat="40.6917932" lon="-73.9975807">
    <tag k="amenity" v="waste_basket" />
  </node>
  <node id="11245696599" lat="40.6898071" lon="-73.9964835">
    <tag k="amenity" v="clock" />
    <tag k="display" v="analog" />
    <tag k="support" v="pole" />
  </node>
  <node id="11265142349" lat="40.8504060" lon="-73.9235039" />
  <node id="11265151683" lat="40.8504181" lon="-73.9235266" />
  <node id="11265151684" lat="40.8498670" lon="-73.9240022" />
  <node id="11484309612" lat="40.8395281" lon="-73.9306735" />
  <node id="11484309613" lat="40.8395002" lon="-73.9305960" />
  <node id="11484309615" lat="40.8387414" lon="-73.9311686" />
  <node id="11683939738" lat="40.8357103" lon="-73.9313109" />
  <node id="11683939740" lat="40.8357172" lon="-73.9313933" />
  <node id="11683939741" lat="40.8346845" lon="-73.9316875" />
  <node id="11683939742" lat="40.8341530" lon="-73.9318215" />
  <node id="11683939743" lat="40.8336379" lon="-73.9319725" />
  <node id="11683939744" lat="40.8331588" lon="-73.9321127" />
  <node id="11683939745" lat="40.8326063" lon="-73.9322606" />
  <node id="11683939746" lat="40.8321109" lon="-73.9323730" />
  <node id="11683939747" lat="40.8315386" lon="-73.9325101" />
  <node id="11683939748" lat="40.8311750" lon="-73.9325795" />
  <node id="11683939749" lat="40.8307180" lon="-73.9326750" />
  <node id="11683939750" lat="40.8303415" lon="-73.9327166" />
  <node id="11683940111" lat="40.8308129" lon="-73.9332484" />
  <node id="11683940117" lat="40.8303476" lon="-73.9331053" />
  <node id="11683940118" lat="40.8305612" lon="-73.9330912" />
  <node id="11683940121" lat="40.8307509" lon="-73.9331684" />
  <node id="12049990168" lat="40.8440680" lon="-73.9260983" />
  <node id="12050068169" lat="40.8440228" lon="-73.9262157" />
  <node id="12050068170" lat="40.8440437" lon="-73.9261561" />
  <node id="12050068194" lat="40.8438323" lon="-73.9261404" />
  <node id="12050068195" lat="40.8438244" lon="-73.9261241" />
  <node id="12050068196" lat="40.8437617" lon="-73.9261906" />
  <node id="12050068197" lat="40.8436928" lon="-73.9262478" />
  <node id="12050068198" lat="40.8435886" lon="-73.9263424" />
  <node id="12050068199" lat="40.8434826" lon="-73.9264323" />
  <node id="12050068200" lat="40.8434296" lon="-73.9264801" />
  <node id="12050068201" lat="40.8433881" lon="-73.9265303" />
  <node id="12050149792" lat="40.8442879" lon="-73.9257572" />
  <node id="12055913703" lat="40.8372026" lon="-73.9309655" />
  <node id="12055913704" lat="40.8371846" lon="-73.9308107" />
  <node id="12055913705" lat="40.8375620" lon="-73.9306659" />
  <node id="12055913706" lat="40.8380815" lon="-73.9304674" />
  <node id="12055913707" lat="40.8384681" lon="-73.9302742" />
  <node id="12055913708" lat="40.8390566" lon="-73.9299765" />
  <node id="12055913709" lat="40.8399423" lon="-73.9296359" />
  <node id="12055913710" lat="40.8403400" lon="-73.9294696" />
  <node id="12055913711" lat="40.8403360" lon="-73.9293985" />
  <node id="12055913712" lat="40.8403806" lon="-73.9292952" />
  <node id="12055913713" lat="40.8404019" lon="-73.9292805" />
  <node id="12055913714" lat="40.8409417" lon="-73.9290418" />
  <node id="12055913715" lat="40.8411963" lon="-73.9290364" />
  <node id="12055913716" lat="40.8413922" lon="-73.9289157" />
  <node id="12055913717" lat="40.8414672" lon="-73.9288419" />
  <node id="12055913718" lat="40.8418213" lon="-73.9286824" />
  <node id="12055913719" lat="40.8419644" lon="-73.9286220" />
  <node id="12055913720" lat="40.8423388" lon="-73.9284946" />
  <node id="12055913721" lat="40.8425691" lon="-73.9284316" />
  <node id="12055913722" lat="40.8426462" lon="-73.9284664" />
  <node id="12055913723" lat="40.8429313" lon="-73.9283203" />
  <node id="12055913724" lat="40.8430997" lon="-73.9282626" />
  <node id="12055913725" lat="40.8432661" lon="-73.9281996" />
  <node id="12055913726" lat="40.8433939" lon="-73.9281285" />
  <node id="12055913727" lat="40.8436942" lon="-73.9279796" />
  <node id="12055913728" lat="40.8442664" lon="-73.9276725" />
  <node id="12055913729" lat="40.8445028" lon="-73.9275277" />
  <node id="12055913730" lat="40.8447980" lon="-73.9273815" />
  <node id="12055913731" lat="40.8448934" lon="-73.9273587" />
  <node id="12055913732" lat="40.8449279" lon="-73.9273399" />
  <node id="12055913733" lat="40.8456330" lon="-73.9269497" />
  <node id="12055913734" lat="40.8458460" lon="-73.9268611" />
  <node id="12055913735" lat="40.8460519" lon="-73.9267552" />
  <node id="12055913736" lat="40.8464760" lon="-73.9265071" />
  <node id="12055913737" lat="40.8467479" lon="-73.9263180" />
  <node id="12055913738" lat="40.8469214" lon="-73.9261825" />
  <node id="12055913739" lat="40.8472846" lon="-73.9259076" />
  <node id="12055913740" lat="40.8474854" lon="-73.9257413" />
  <node id="12055913741" lat="40.8478780" lon="-73.9254275" />
  <node id="12055913742" lat="40.8482280" lon="-73.9251137" />
  <node id="12055913743" lat="40.8485831" lon="-73.9247932" />
  <node id="12055913744" lat="40.8490142" lon="-73.9243962" />
  <node id="12055913745" lat="40.8493358" lon="-73.9241266" />
  <node id="12055913746" lat="40.8497020" lon="-73.9237940" />
  <node id="12055913747" lat="40.8499293" lon="-73.9235875" />
  <node id="12055913748" lat="40.8500916" lon="-73.9234266" />
  <node id="12055913749" lat="40.8504251" lon="-73.9230822" />
  <node id="12055913750" lat="40.8510954" lon="-73.9224428" />
  <node id="12055913751" lat="40.8334934" lon="-73.9320148" />
  <node id="12055913752" lat="40.8368071" lon="-73.9310856" />
  <node id="12055913753" lat="40.8366164" lon="-73.9311352" />
  <node id="12055913754" lat="40.8361760" lon="-73.9312412" />
  <node id="12055913755" lat="40.8360056" lon="-73.9312935" />
  <node id="12055913756" lat="40.8359964" lon="-73.9312412" />
  <node id="12055913757" lat="40.8455751" lon="-73.9273386" />
  <node id="12055913758" lat="40.8450476" lon="-73.9276457" />
  <node id="12055913759" lat="40.8446702" lon="-73.9278603" />
  <node id="12055913760" lat="40.8438910" lon="-73.9282948" />
  <node id="12055913761" lat="40.8432853" lon="-73.9286301" />
  <node id="12055913762" lat="40.8428024" lon="-73.9288983" />
  <node id="12055913763" lat="40.8423743" lon="-73.9291383" />
  <node id="12055913764" lat="40.8420019" lon="-73.9293221" />
  <node id="12055913765" lat="40.8414297" lon="-73.9295957" />
  <node id="12055913766" lat="40.8408139" lon="-73.9298451" />
  <node id="12055913767" lat="40.8404658" lon="-73.9299866" />
  <node id="12055913768" lat="40.8403304" lon="-73.9300409" />
  <node id="12055913769" lat="40.8401523" lon="-73.9301261" />
  <node id="12055913770" lat="40.8401483" lon="-73.9301696" />
  <node id="12055913771" lat="40.8401630" lon="-73.9302012" />
  <node id="12055913772" lat="40.8402036" lon="-73.9302139" />
  <node id="12055913773" lat="40.8401970" lon="-73.9303574" />
  <node id="12055913774" lat="40.8400488" lon="-73.9303393" />
  <node id="12055913775" lat="40.8399773" lon="-73.9303494" />
  <node id="12055913776" lat="40.8399753" lon="-73.9303386" />
  <node id="12055913777" lat="40.8398647" lon="-73.9303869" />
  <node id="12055913778" lat="40.8395101" lon="-73.9305814" />
  <node id="12055913779" lat="40.8387180" lon="-73.9311035" />
  <node id="12055913780" lat="40.8383813" lon="-73.9313237" />
  <node id="12055913781" lat="40.8383245" lon="-73.9313605" />
  <node id="12055913782" lat="40.8382403" lon="-73.9313961" />
  <node id="12055913783" lat="40.8381394" lon="-73.9314242" />
  <node id="12055913784" lat="40.8375595" lon="-73.9318004" />
  <node id="12055913785" lat="40.8372439" lon="-73.9320070" />
  <node id="12055913786" lat="40.8371541" lon="-73.9320680" />
  <node id="12055913787" lat="40.8367660" lon="-73.9323818" />
  <node id="12055913788" lat="40.8366154" lon="-73.9325025" />
  <node id="12055913789" lat="40.8365022" lon="-73.9325809" />
  <node id="12055913790" lat="40.8363815" lon="-73.9326453" />
  <node id="12055913791" lat="40.8362618" lon="-73.9326902" />
  <node id="12055913792" lat="40.8360472" lon="-73.9327540" />
  <node id="12055913793" lat="40.8355540" lon="-73.9329806" />
  <node id="12055913794" lat="40.8353734" lon="-73.9330155" />
  <node id="12055913795" lat="40.8347169" lon="-73.9331268" />
  <node id="12055913796" lat="40.8341863" lon="-73.9332743" />
  <node id="12055913797" lat="40.8340067" lon="-73.9333253" />
  <node id="12055913798" lat="40.8338311" lon="-73.9333628" />
  <node id="12055913799" lat="40.8337266" lon="-73.9333789" />
  <node id="12055913800" lat="40.8336221" lon="-73.9333883" />
  <node id="12055913801" lat="40.8333136" lon="-73.9333829" />
  <node id="12055913802" lat="40.8332233" lon="-73.9333789" />
  <node id="12055913803" lat="40.8331624" lon="-73.9333883" />
  <node id="12055913804" lat="40.8329727" lon="-73.9334728" />
  <node id="12055913805" lat="40.8329047" lon="-73.9334849" />
  <node id="12055913806" lat="40.8327555" lon="-73.9334902" />
  <node id="12055913807" lat="40.8327464" lon="-73.9335170" />
  <node id="12055913808" lat="40.8322837" lon="-73.9334956" />
  <node id="12055913809" lat="40.8314993" lon="-73.9334661" />
  <node id="12055913810" lat="40.8314902" lon="-73.9332998" />
  <node id="12055913811" lat="40.8313258" lon="-73.9333105" />
  <node id="12055913812" lat="40.8309270" lon="-73.9333440" />
  <node id="12056186533" lat="40.8503122" lon="-73.9236615" />
  <node id="12056186534" lat="40.8502506" lon="-73.9237388" />
  <node id="12056186537" lat="40.8502069" lon="-73.9237804" />
  <node id="12056186538" lat="40.8499457" lon="-73.9240247" />
  <node id="12056186541" lat="40.8499020" lon="-73.9240663" />
  <node id="12056186542" lat="40.8499430" lon="-73.9240198" />
  <node id="12056186545" lat="40.8502042" lon="-73.9237755" />
  <node id="12056186546" lat="40.8503115" lon="-73.9236323" />
  <node id="12056242279" lat="40.8507723" lon="-73.9231604" />
  <node id="12056242280" lat="40.8506336" lon="-73.9228921" />
  <node id="12056242281" lat="40.8507558" lon="-73.9227034" />
  <node id="12056242282" lat="40.8509821" lon="-73.9225106" />
  <node id="12056242283" lat="40.8523069" lon="-73.9212405" />
  <node id="12056242284" lat="40.8514043" lon="-73.9221349" />
  <node id="12056242289" lat="40.8508652" lon="-73.9230733" />
  <node id="12057670857" lat="40.8524775" lon="-73.9215550" />
  <node id="12072334624" lat="40.8433165" lon="-73.9266305" />
  <node id="12072334625" lat="40.8433442" lon="-73.9265900" />
  <node id="12563369547" lat="40.5806833" lon="-74.1139957" />
  <node id="12633759405" lat="40.8427658" lon="-73.9267148" />
  <node id="12633759406" lat="40.8426157" lon="-73.9264882" />
  <node id="12633759407" lat="40.8428369" lon="-73.9262883" />
  <node id="12633759408" lat="40.8429058" lon="-73.9262065" />
  <node id="12633759409" lat="40.8428145" lon="-73.9260630" />
  <node id="12633759410" lat="40.8430732" lon="-73.9257264" />
  <node id="12633759411" lat="40.8431321" lon="-73.9257774" />
  <node id="12633759412" lat="40.8435176" lon="-73.9252771" />
  <node id="12633759413" lat="40.8437307" lon="-73.9255614" />
  <node id="12986703261" lat="40.5805960" lon="-74.1136407">
    <tag k="hairdresser" v="barber" />
    <tag k="name" v="English Trim" />
    <tag k="shop" v="hairdresser" />
  </node>
  <node id="12986703262" lat="40.5806326" lon="-74.1135934">
    <tag k="name" v="The Spiritual Spa Shoppe" />
    <tag k="shop" v="gift" />
  </node>
  <node id="13142420872" lat="40.6900249" lon="-73.9965451">
    <tag k="amenity" v="waste_basket" />
  </node>
  <node id="13244040014" lat="40.8420770" lon="-73.9260632">
    <tag k="amenity" v="bicycle_rental" />
    <tag k="bicycle_rental" v="docking_station" />
    <tag k="brand" v="Citi Bike" />
    <tag k="brand:wikidata" v="Q2974438" />
    <tag k="capacity" v="22" />
    <tag k="fee" v="yes" />
    <tag k="fixme" v="please set exact location" />
    <tag k="name" v="Citi Bike - W 170 St &amp; University Ave" />
    <tag k="network" v="Citi Bike" />
    <tag k="network:wikidata" v="Q2974438" />
    <tag k="operator" v="Lyft" />
    <tag k="operator:type" v="private" />
    <tag k="operator:wikidata" v="Q17077936" />
    <tag k="ref" v="7380e377-936d-47d7-8abe-0f666d47465e" />
    <tag k="ref:gbfs" v="lyft_nyc:7380e377-936d-47d7-8abe-0f666d47465e" />
  </node>
  <way id="33994833">
    <nd ref="8273190653" />
    <nd ref="8319327407" />
    <nd ref="8273188141" />
    <nd ref="9269147952" />
    <nd ref="388027629" />
    <nd ref="8273188139" />
    <nd ref="409723785" />
    <nd ref="8273188138" />
    <nd ref="389407016" />
    <nd ref="389407017" />
    <nd ref="389407018" />
    <nd ref="8273188137" />
    <nd ref="417194649" />
    <nd ref="8273188136" />
    <nd ref="8273188135" />
    <nd ref="8273188134" />
    <nd ref="389407019" />
    <nd ref="8273188133" />
    <nd ref="389407020" />
    <nd ref="389407021" />
    <nd ref="8273188132" />
    <nd ref="12563369547" />
    <nd ref="389407022" />
    <nd ref="388048344" />
    <nd ref="9581185587" />
    <nd ref="9581185586" />
    <nd ref="388048343" />
    <nd ref="388032225" />
    <nd ref="9269148061" />
    <nd ref="388032235" />
    <nd ref="8319532146" />
    <nd ref="8319532147" />
    <nd ref="8273188142" />
    <nd ref="8273190642" />
    <nd ref="8273190643" />
    <nd ref="8273190644" />
    <nd ref="8273190645" />
    <nd ref="8273190646" />
    <nd ref="8273190647" />
    <nd ref="8273190648" />
    <nd ref="8273190649" />
    <nd ref="8273190650" />
    <nd ref="8273190651" />
    <nd ref="8273190652" />
    <nd ref="8273190653" />
    <tag k="ele" v="27" />
    <tag k="gnis:feature_id" v="957643" />
    <tag k="landuse" v="cemetery" />
    <tag k="name" v="Moravian Cemetery" />
    <tag k="website" v="https://www.moraviancemetery.com/" />
    <tag k="wikidata" v="Q6909343" />
    <tag k="wikipedia" v="en:Moravian Cemetery" />
  </way>
  <way id="241822687">
    <nd ref="2494069994" />
    <nd ref="2494069992" />
    <nd ref="2494069988" />
    <nd ref="2494069990" />
    <nd ref="2494069986" />
    <nd ref="2494069982" />
    <nd ref="2494069984" />
    <nd ref="2494069998" />
    <nd ref="2494069822" />
    <nd ref="2494070002" />
    <nd ref="2494070000" />
    <nd ref="2494069994" />
    <tag k="check_date" v="2021-04-10" />
    <tag k="landuse" v="construction" />
  </way>
  <way id="1109088059">
    <nd ref="10147967769" />
    <nd ref="10147967770" />
    <nd ref="12049990168" />
    <nd ref="12050068170" />
    <nd ref="12050068169" />
    <nd ref="10147967771" />
    <nd ref="7918640017" />
    <nd ref="7918638038" />
    <nd ref="7918638071" />
    <nd ref="7918640009" />
    <nd ref="7918638066" />
    <nd ref="12050149792" />
    <nd ref="10147967769" />
    <tag k="landuse" v="grass" />
  </way>
  <way id="1119519651">
    <nd ref="10239556955" />
    <nd ref="10239577020" />
    <nd ref="10239577021" />
    <nd ref="10239577022" />
    <nd ref="10239577023" />
    <nd ref="10239577024" />
    <nd ref="10239556955" />
    <tag k="landuse" v="grass" />
  </way>
  <way id="1119519652">
    <nd ref="10239577025" />
    <nd ref="10239577026" />
    <nd ref="10239577027" />
    <nd ref="10239577028" />
    <nd ref="10239577029" />
    <nd ref="10239577025" />
    <tag k="landuse" v="grass" />
  </way>
  <way id="1300985925">
    <nd ref="10147967803" />
    <nd ref="12050068194" />
    <nd ref="12050068195" />
    <nd ref="12050068196" />
    <nd ref="12050068197" />
    <nd ref="12050068198" />
    <nd ref="12050068199" />
    <nd ref="12050068200" />
    <nd ref="12050068201" />
    <nd ref="12072334625" />
    <nd ref="12072334624" />
    <nd ref="10147967784" />
    <nd ref="10147967803" />
    <tag k="landuse" v="grass" />
  </way>
  <way id="1301593434">
    <nd ref="12055913703" />
    <nd ref="12055913752" />
    <nd ref="12055913753" />
    <nd ref="12055913754" />
    <nd ref="12055913755" />
    <nd ref="12055913756" />
    <nd ref="11683939738" />
    <nd ref="11683939740" />
    <nd ref="11683939741" />
    <nd ref="11683939742" />
    <nd ref="11683939743" />
    <nd ref="12055913751" />
    <nd ref="11683939744" />
    <nd ref="11683939745" />
    <nd ref="11683939746" />
    <nd ref="11683939747" />
    <nd ref="11683939748" />
    <nd ref="11683939749" />
    <nd ref="11683939750" />
    <nd ref="11683940117" />
    <nd ref="11683940118" />
    <nd ref="11683940121" />
    <nd ref="11683940111" />
    <nd ref="12055913812" />
    <nd ref="12055913811" />
    <nd ref="12055913810" />
    <nd ref="12055913809" />
    <nd ref="12055913808" />
    <nd ref="12055913807" />
    <nd ref="12055913806" />
    <nd ref="12055913805" />
    <nd ref="12055913804" />
    <nd ref="12055913803" />
    <nd ref="12055913802" />
    <nd ref="12055913801" />
    <nd ref="12055913800" />
    <nd ref="12055913799" />
    <nd ref="12055913798" />
    <nd ref="12055913797" />
    <nd ref="12055913796" />
    <nd ref="12055913795" />
    <nd ref="12055913794" />
    <nd ref="12055913793" />
    <nd ref="12055913792" />
    <nd ref="12055913791" />
    <nd ref="12055913790" />
    <nd ref="12055913789" />
    <nd ref="12055913788" />
    <nd ref="12055913787" />
    <nd ref="12055913786" />
    <nd ref="12055913785" />
    <nd ref="12055913784" />
    <nd ref="12055913783" />
    <nd ref="12055913782" />
    <nd ref="12055913781" />
    <nd ref="12055913780" />
    <nd ref="12055913779" />
    <nd ref="11484309615" />
    <nd ref="11484309612" />
    <nd ref="11484309613" />
    <nd ref="12055913778" />
    <nd ref="12055913777" />
    <nd ref="12055913776" />
    <nd ref="12055913775" />
    <nd ref="12055913774" />
    <nd ref="12055913773" />
    <nd ref="5543850733" />
    <nd ref="12055913772" />
    <nd ref="12055913771" />
    <nd ref="12055913770" />
    <nd ref="12055913769" />
    <nd ref="12055913768" />
    <nd ref="12055913767" />
    <nd ref="12055913766" />
    <nd ref="12055913765" />
    <nd ref="12055913764" />
    <nd ref="12055913763" />
    <nd ref="12055913762" />
    <nd ref="12055913761" />
    <nd ref="12055913760" />
    <nd ref="12055913759" />
    <nd ref="12055913758" />
    <nd ref="12055913757" />
    <nd ref="5039576143" />
    <nd ref="5039576149" />
    <nd ref="5039576148" />
    <nd ref="5039576147" />
    <nd ref="5039576146" />
    <nd ref="11265151684" />
    <nd ref="12056186541" />
    <nd ref="12056186538" />
    <nd ref="12056186542" />
    <nd ref="12056186545" />
    <nd ref="12056186537" />
    <nd ref="12056186534" />
    <nd ref="12056186533" />
    <nd ref="12056186546" />
    <nd ref="11265151683" />
    <nd ref="11265142349" />
    <nd ref="12056242279" />
    <nd ref="12056242289" />
    <nd ref="2895454375" />
    <nd ref="2895451774" />
    <nd ref="2895451776" />
    <nd ref="12057670857" />
    <nd ref="12056242283" />
    <nd ref="12056242284" />
    <nd ref="12055913750" />
    <nd ref="12056242282" />
    <nd ref="12056242281" />
    <nd ref="12056242280" />
    <nd ref="12055913749" />
    <nd ref="12055913748" />
    <nd ref="12055913747" />
    <nd ref="12055913746" />
    <nd ref="12055913745" />
    <nd ref="12055913744" />
    <nd ref="12055913743" />
    <nd ref="12055913742" />
    <nd ref="12055913741" />
    <nd ref="12055913740" />
    <nd ref="12055913739" />
    <nd ref="12055913738" />
    <nd ref="12055913737" />
    <nd ref="12055913736" />
    <nd ref="12055913735" />
    <nd ref="12055913734" />
    <nd ref="12055913733" />
    <nd ref="12055913732" />
    <nd ref="12055913731" />
    <nd ref="12055913730" />
    <nd ref="12055913729" />
    <nd ref="12055913728" />
    <nd ref="12055913727" />
    <nd ref="12055913726" />
    <nd ref="12055913725" />
    <nd ref="12055913724" />
    <nd ref="12055913723" />
    <nd ref="12055913722" />
    <nd ref="12055913721" />
    <nd ref="12055913720" />
    <nd ref="12055913719" />
    <nd ref="12055913718" />
    <nd ref="12055913717" />
    <nd ref="12055913716" />
    <nd ref="12055913715" />
    <nd ref="12055913714" />
    <nd ref="12055913713" />
    <nd ref="12055913712" />
    <nd ref="12055913711" />
    <nd ref="12055913710" />
    <nd ref="12055913709" />
    <nd ref="12055913708" />
    <nd ref="12055913707" />
    <nd ref="12055913706" />
    <nd ref="12055913705" />
    <nd ref="12055913704" />
    <nd ref="12055913703" />
    <tag k="landuse" v="railway" />
  </way>
  <way id="1364314885">
    <nd ref="12633759405" />
    <nd ref="12633759406" />
    <nd ref="12633759407" />
    <nd ref="12633759408" />
    <nd ref="12633759409" />
    <nd ref="12633759410" />
    <nd ref="12633759411" />
    <nd ref="12633759412" />
    <nd ref="12633759413" />
    <nd ref="12633759405" />
    <tag k="construction" v="residential" />
    <tag k="landuse" v="construction" />
    <tag k="name" v="1434 Undercliff Avenue" />
    <tag k="source" v="https://newyorkyimby.com/2016/04/revealed-supportive-housing-at-1434-undercliff-avenue-in-highbridge-bronx.html" />
  </way>

<note>The data included in this document is from www.openstreetmap.org. The data is made available under ODbL.</note>
<meta osm_base="2026-09-03T09:30:03Z" />

  <node id="357619363" lat="40.6119444" lon="-74.0705556">
    <tag k="amenity" v="post_office" />
    <tag k="ele" v="20" />
    <tag k="gnis:feature_id" v="2082091" />
    <tag k="name" v="Rosebank Station Staten Island Post Office" />
  </node>
  <node id="368046728" lat="40.6113751" lon="-74.0705521">
    <tag k="addr:state" v="NY" />
    <tag k="amenity" v="fire_station" />
    <tag k="ele" v="22" />
    <tag k="gnis:feature_id" v="2079233" />
    <tag k="name" v="New York Foam Company 83" />
    <tag k="source" v="USGS Geonames" />
  </node>
  <node id="1523857873" lat="40.6326322" lon="-74.1339859">
    <tag k="name" v="NY Deli &amp; Grill" />
    <tag k="shop" v="deli" />
  </node>
  <node id="8268116199" lat="40.6112240" lon="-74.0710138">
    <tag k="bench" v="no" />
    <tag k="bin" v="no" />
    <tag k="bus" v="yes" />
    <tag k="highway" v="bus_stop" />
    <tag k="name" v="Tompkins Avenue &amp; Hylan Boulevard" />
    <tag k="network" v="NYC Transit" />
    <tag k="network:wikidata" v="Q1325591" />
    <tag k="operator" v="Metropolitan Transportation Authority" />
    <tag k="operator:short" v="MTA" />
    <tag k="operator:wikidata" v="Q1146109" />
    <tag k="public_transport" v="platform" />
    <tag k="route_ref" v="S52" />
    <tag k="shelter" v="no" />
  </node>
  <node id="11092991135" lat="40.6497136" lon="-73.9165280">
    <tag k="bus" v="yes" />
    <tag k="name" v="Remsen Avenue &amp; Avenue B" />
    <tag k="network" v="NYC Transit" />
    <tag k="operator" v="MTA" />
    <tag k="public_transport" v="stop_position" />
  </node>
  <node id="11092991136" lat="40.6497614" lon="-73.9164535">
    <tag k="bench" v="yes" />
    <tag k="bus" v="yes" />
    <tag k="covered" v="yes" />
    <tag k="highway" v="bus_stop" />
    <tag k="name" v="Remsen Avenue &amp; Avenue B" />
    <tag k="network" v="NYC Transit" />
    <tag k="network:wikidata" v="Q1325591" />
    <tag k="operator" v="MTA" />
    <tag k="operator:short" v="MTA" />
    <tag k="public_transport" v="platform" />
    <tag k="ref" v="306870" />
    <tag k="route_ref" v="B8;B17" />
    <tag k="shelter" v="yes" />
  </node>
  <node id="11126589573" lat="40.6492930" lon="-73.9160594">
    <tag k="bus" v="yes" />
    <tag k="name" v="Remsen Avenue &amp; Avenue B" />
    <tag k="network" v="NYC Transit" />
    <tag k="operator" v="Metropolitan Transportation Authority" />
    <tag k="public_transport" v="stop_position" />
  </node>
  <node id="12544945018" lat="40.6119340" lon="-74.0713668">
    <tag k="name" v="Market Fresh Supermarket" />
    <tag k="shop" v="supermarket" />
  </node>
  <node id="12688121435" lat="40.6111026" lon="-74.0720170" />
  <node id="12688121436" lat="40.6112319" lon="-74.0718045" />
  <node id="12688121444" lat="40.6112294" lon="-74.0717596" />
  <node id="12688121445" lat="40.6111409" lon="-74.0718876" />
  <node id="12688121446" lat="40.6110777" lon="-74.0719885" />
  <node id="12688121456" lat="40.6107406" lon="-74.0727965" />
  <node id="12688121457" lat="40.6105981" lon="-74.0730600" />
  <node id="12688121458" lat="40.6103437" lon="-74.0735625" />
  <node id="12688121459" lat="40.6103058" lon="-74.0736237" />
  <node id="12688121460" lat="40.6102359" lon="-74.0737312" />
  <node id="12688121461" lat="40.6102060" lon="-74.0737855" />
  <node id="12688121469" lat="40.6100662" lon="-74.0740002" />
  <node id="12688121470" lat="40.6100652" lon="-74.0739824" />
  <node id="12688121471" lat="40.6101950" lon="-74.0737258" />
  <node id="12688121472" lat="40.6103233" lon="-74.0735005" />
  <node id="12688121473" lat="40.6105131" lon="-74.0731244" />
  <node id="12688121474" lat="40.6106552" lon="-74.0728508" />
  <node id="12688121475" lat="40.6107125" lon="-74.0727524" />
  <node id="12688121476" lat="40.6107658" lon="-74.0726731" />
  <node id="12688121477" lat="40.6107806" lon="-74.0726483" />
  <node id="12688124278" lat="40.6100721" lon="-74.0740007" />
  <node id="12688124279" lat="40.6100877" lon="-74.0740118" />
  <node id="12688124280" lat="40.6108890" lon="-74.0724834" />
  <node id="12688124281" lat="40.6108842" lon="-74.0724760" />
  <node id="12688124282" lat="40.6108778" lon="-74.0724703" />
  <node id="12688124283" lat="40.6108709" lon="-74.0724680" />
  <node id="12688124284" lat="40.6110059" lon="-74.0722002" />
  <node id="12688124285" lat="40.6110012" lon="-74.0722027" />
  <node id="12688124286" lat="40.6109946" lon="-74.0721997" />
  <node id="12688124287" lat="40.6109869" lon="-74.0721923" />
  <node id="12688124288" lat="40.6109828" lon="-74.0721851" />
  <node id="12688124289" lat="40.6109822" lon="-74.0721775" />
  <node id="12688124290" lat="40.6113170" lon="-74.0715858" />
  <node id="12688124291" lat="40.6113338" lon="-74.0715998" />
  <node id="13023118474" lat="40.6316410" lon="-74.1317446">
    <tag k="name" v="Post Candy &amp; Grocery" />
    <tag k="shop" v="convenience" />
  </node>
  <node id="13023118478" lat="40.6319726" lon="-74.1327879">
    <tag k="amenity" v="place_of_worship" />
    <tag k="name" v="New Testament Church" />
    <tag k="religion" v="christian" />
  </node>
  <node id="13023118479" lat="40.6322008" lon="-74.1327280">
    <tag k="amenity" v="doctors" />
    <tag k="healthcare" v="doctor" />
    <tag k="name" v="Total Body Medicine" />
  </node>
  <node id="13023118486" lat="40.6321020" lon="-74.1330265">
    <tag k="name" v="Post Laundromat" />
    <tag k="self_service" v="yes" />
    <tag k="shop" v="laundry" />
  </node>
  <node id="13023118487" lat="40.6319704" lon="-74.1331441">
    <tag k="cuisine" v="mexican" />
    <tag k="name" v="La Patrona Deli" />
    <tag k="shop" v="deli" />
  </node>
  <node id="13023118488" lat="40.6323765" lon="-74.1336174">
    <tag k="addr:housenumber" v="988" />
    <tag k="addr:postcode" v="10302" />
    <tag k="addr:street" v="Post Avenue" />
    <tag k="amenity" v="school" />
    <tag k="education" v="school" />
    <tag k="name" v="Yeshivas Sanz" />
    <tag k="religion" v="jewish" />
  </node>
  <node id="13023118489" lat="40.6327756" lon="-74.1342242">
    <tag k="name" v="Sin Fronteras Deli Grocery" />
    <tag k="shop" v="convenience" />
  </node>
  <node id="13039825013" lat="40.6128797" lon="-74.0713574">
    <tag k="addr:housenumber" v="529" />
    <tag k="addr:postcode" v="10305" />
    <tag k="addr:street" v="Tompkins Avenue" />
    <tag k="amenity" v="fast_food" />
    <tag k="cuisine" v="pizza" />
    <tag k="name" v="Pizza Mia" />
  </node>
  <node id="13039825014" lat="40.6129190" lon="-74.0713991">
    <tag k="cuisine" v="asian" />
    <tag k="name" v="Phil-Am Foods" />
    <tag k="shop" v="convenience" />
  </node>
  <node id="13039825015" lat="40.6129780" lon="-74.0714427">
    <tag k="amenity" v="dojo" />
    <tag k="name" v="Tea Kwon Do" />
    <tag k="sport" v="taekwondo" />
  </node>
  <node id="13039825016" lat="40.6126944" lon="-74.0717866">
    <tag k="name" v="Tompkins Automotive Inc." />
    <tag k="shop" v="car_repair" />
  </node>
  <node id="13039825017" lat="40.6129328" lon="-74.0717376">
    <tag k="name" v="JA Auto Service Repairs" />
    <tag k="shop" v="car_repair" />
  </node>
  <node id="13039825018" lat="40.6130475" lon="-74.0718164">
    <tag k="name" v="Fur Babies Grooming" />
    <tag k="shop" v="pet_grooming" />
  </node>
  <node id="13039825019" lat="40.6132212" lon="-74.0716024">
    <tag k="name" v="Prudy Consignment Shop" />
    <tag k="shop" v="second_hand" />
  </node>
  <node id="13039825020" lat="40.6132575" lon="-74.0716378">
    <tag k="name" v="Inkjection Tattoos" />
    <tag k="shop" v="tattoo" />
  </node>
  <node id="13039825038" lat="40.6124764" lon="-74.0714915">
    <tag k="amenity" v="doctors" />
    <tag k="healthcare" v="doctor" />
    <tag k="name" v="Rosebank Medical Building" />
  </node>
  <node id="13039825039" lat="40.6124198" lon="-74.0714336">
    <tag k="addr:city" v="Staten Island" />
    <tag k="addr:housenumber" v="556" />
    <tag k="addr:postcode" v="10305" />
    <tag k="addr:state" v="NY" />
    <tag k="addr:street" v="Tompkins Avenue" />
    <tag k="amenity" v="restaurant" />
    <tag k="cuisine" v="filipino" />
    <tag k="name" v="Phil-Am Kusina" />
    <tag k="phone" v="+1-718-727-3663" />
  </node>
  <node id="13039825040" lat="40.6126040" lon="-74.0710328">
    <tag k="amenity" v="childcare" />
    <tag k="name" v="Most Terrific Child Daycare" />
  </node>
  <node id="13039825041" lat="40.6125181" lon="-74.0709694">
    <tag k="beauty" v="nails" />
    <tag k="name" v="Ocean Nail &amp; Spa" />
    <tag k="shop" v="beauty" />
  </node>
  <node id="13039825042" lat="40.6123308" lon="-74.0708173">
    <tag k="amenity" v="post_depot" />
    <tag k="name" v="Vincent Palladino Station" />
    <tag k="operator" v="United States Postal Service" />
    <tag k="operator:short" v="USPS" />
    <tag k="operator:type" v="public" />
    <tag k="operator:wikidata" v="Q668687" />
  </node>
  <node id="13039825043" lat="40.6122331" lon="-74.0708319">
    <tag k="amenity" v="post_office" />
    <tag k="name" v="United States Post Office" />
    <tag k="operator" v="United States Postal Service" />
    <tag k="operator:short" v="USPS" />
    <tag k="operator:type" v="public" />
    <tag k="operator:wikidata" v="Q668687" />
  </node>
  <node id="13039825045" lat="40.6120730" lon="-74.0708302">
    <tag k="emergency" v="phone" />
    <tag k="information" v="terminal" />
    <tag k="internet_access" v="wlan" />
    <tag k="operator" v="LinkNYC" />
    <tag k="operator:wikidata" v="Q19880795" />
    <tag k="tourism" v="information" />
  </node>
  <node id="13039825046" lat="40.6122747" lon="-74.0712557">
    <tag k="name" v="Bliss Exotics" />
    <tag k="shop" v="e-cigarette" />
  </node>
  <node id="13039825047" lat="40.6119727" lon="-74.0711492">
    <tag k="access" v="customers" />
    <tag k="amenity" v="parking" />
    <tag k="parking" v="surface" />
  </node>
  <node id="13039825048" lat="40.6121376" lon="-74.0706771">
    <tag k="brand" v="Convenient Food Mart" />
    <tag k="brand:wikidata" v="Q5166143" />
    <tag k="name" v="Convenient Food Mart" />
    <tag k="opening_hours" v="24/7" />
    <tag k="shop" v="convenience" />
  </node>
  <way id="1370049061">
    <nd ref="12688121469" />
    <nd ref="12688124278" />
    <nd ref="12688124279" />
    <nd ref="12688121461" />
    <nd ref="12688121460" />
    <nd ref="12688121459" />
    <nd ref="12688121458" />
    <nd ref="12688121457" />
    <nd ref="12688121456" />
    <nd ref="12688124280" />
    <nd ref="12688124281" />
    <nd ref="12688124282" />
    <nd ref="12688124283" />
    <nd ref="12688121477" />
    <nd ref="12688121476" />
    <nd ref="12688121475" />
    <nd ref="12688121474" />
    <nd ref="12688121473" />
    <nd ref="12688121472" />
    <nd ref="12688121471" />
    <nd ref="12688121470" />
    <nd ref="12688121469" />
    <tag k="landuse" v="grass" />
  </way>
  <way id="1370049062">
    <nd ref="12688124284" />
    <nd ref="12688124285" />
    <nd ref="12688124286" />
    <nd ref="12688124287" />
    <nd ref="12688124288" />
    <nd ref="12688124289" />
    <nd ref="12688121446" />
    <nd ref="12688121445" />
    <nd ref="12688121444" />
    <nd ref="12688124290" />
    <nd ref="12688124291" />
    <nd ref="12688121436" />
    <nd ref="12688121435" />
    <nd ref="12688124284" />
    <tag k="landuse" v="grass" />
  </way>

<note>The data included in this document is from www.openstreetmap.org. The data is made available under ODbL.</note>
<meta osm_base="2026-09-03T09:31:03Z" />

  <node id="42841029" lat="40.6724335" lon="-73.7602092" />
  <node id="419364631" lat="40.8212850" lon="-73.8186544">
    <tag k="amenity" v="bicycle_parking" />
    <tag k="capacity" v="2" />
    <tag k="cityracks.housenum" v="3938" />
    <tag k="cityracks.large" v="0" />
    <tag k="cityracks.rackid" v="4900" />
    <tag k="cityracks.small" v="1" />
    <tag k="cityracks.street" v="E Tremont Ave" />
  </node>
  <node id="419365718" lat="40.8214167" lon="-73.8187316">
    <tag k="amenity" v="bicycle_parking" />
    <tag k="capacity" v="2" />
    <tag k="cityracks.housenum" v="3928" />
    <tag k="cityracks.large" v="0" />
    <tag k="cityracks.rackid" v="4901" />
    <tag k="cityracks.small" v="1" />
    <tag k="cityracks.street" v="E Tremont Ave" />
  </node>
  <node id="638660445" lat="40.6724249" lon="-73.7602856" />
  <node id="2869518775" lat="40.6730153" lon="-73.7594393" />
  <node id="2869518797" lat="40.6730403" lon="-73.7593793" />
  <node id="2985256271" lat="40.6704181" lon="-73.7565962" />
  <node id="2985256272" lat="40.6705543" lon="-73.7566199" />
  <node id="4436574787" lat="40.6702687" lon="-73.7565894" />
  <node id="4436574889" lat="40.6710438" lon="-73.7580907" />
  <node id="5104112501" lat="40.7569935" lon="-73.8176306">
    <tag k="bench" v="no" />
    <tag k="bus" v="yes" />
    <tag k="highway" v="bus_stop" />
    <tag k="name" v="Parsons Boulevard &amp; Cherry Avenue" />
    <tag k="public_transport" v="platform" />
    <tag k="route_ref" v="Q26" />
    <tag k="shelter" v="no" />
  </node>
  <node id="5104112578" lat="40.7555490" lon="-73.8158909">
    <tag k="bench" v="yes" />
    <tag k="bus" v="yes" />
    <tag k="highway" v="bus_stop" />
    <tag k="name" v="45th Avenue &amp; Parsons Boulevard" />
    <tag k="public_transport" v="platform" />
    <tag k="route_ref" v="Q65" />
    <tag k="shelter" v="yes" />
  </node>
  <node id="5104112579" lat="40.7558703" lon="-73.8161581">
    <tag k="bench" v="yes" />
    <tag k="bus" v="yes" />
    <tag k="highway" v="bus_stop" />
    <tag k="name" v="Parsons Boulevard &amp; Elm Avenue" />
    <tag k="public_transport" v="platform" />
    <tag k="route_ref" v="Q26" />
    <tag k="shelter" v="yes" />
  </node>
  <node id="5104113387" lat="40.7568952" lon="-73.8176967">
    <tag k="bench" v="no" />
    <tag k="bus" v="yes" />
    <tag k="highway" v="bus_stop" />
    <tag k="name" v="Parsons Boulevard &amp; Cherry Avenue" />
    <tag k="public_transport" v="platform" />
    <tag k="route_ref" v="Q26" />
    <tag k="shelter" v="no" />
  </node>
  <node id="5104130258" lat="40.7559335" lon="-73.8160999">
    <tag k="bus" v="yes" />
    <tag k="public_transport" v="stop_position" />
  </node>
  <node id="5455124624" lat="40.7554997" lon="-73.8158349">
    <tag k="bus" v="yes" />
    <tag k="public_transport" v="stop_position" />
  </node>
  <node id="5455124625" lat="40.7569579" lon="-73.8177020">
    <tag k="bus" v="yes" />
    <tag k="public_transport" v="stop_position" />
  </node>
  <node id="5455124626" lat="40.7569295" lon="-73.8176573">
    <tag k="bus" v="yes" />
    <tag k="public_transport" v="stop_position" />
  </node>
  <node id="5472058861" lat="40.6710509" lon="-73.7574167" />
  <node id="5472058866" lat="40.6718312" lon="-73.7588902" />
  <node id="5472058867" lat="40.6706298" lon="-73.7566174" />
  <node id="5472058871" lat="40.6717832" lon="-73.7588892" />
  <node id="5472058872" lat="40.6737991" lon="-73.7631325" />
  <node id="5472058873" lat="40.6721574" lon="-73.7601472" />
  <node id="5472058874" lat="40.6723276" lon="-73.7597592" />
  <node id="5472058875" lat="40.6722185" lon="-73.7602545" />
  <node id="5472058876" lat="40.6714577" lon="-73.7582777" />
  <node id="5472058877" lat="40.6715180" lon="-73.7582438" />
  <node id="5472058879" lat="40.6742812" lon="-73.7635643" />
  <node id="5472058880" lat="40.6722307" lon="-73.7602545" />
  <node id="5472058883" lat="40.6722837" lon="-73.7599277" />
  <node id="5472058884" lat="40.6740168" lon="-73.7630520" />
  <node id="5472058891" lat="40.6724117" lon="-73.7603189" />
  <node id="5472058895" lat="40.6722653" lon="-73.7600426" />
  <node id="5472058898" lat="40.6723853" lon="-73.7604422" />
  <node id="5472058902" lat="40.6732431" lon="-73.7620740" />
  <node id="5472058903" lat="40.6712482" lon="-73.7576152" />
  <node id="5472058906" lat="40.6711485" lon="-73.7574543" />
  <node id="5472058910" lat="40.6713682" lon="-73.7579773" />
  <node id="5472058911" lat="40.6724578" lon="-73.7601320" />
  <node id="5472058914" lat="40.6724443" lon="-73.7601606" />
  <node id="5472058915" lat="40.6740738" lon="-73.7635965" />
  <node id="5472058916" lat="40.6734940" lon="-73.7625961" />
  <node id="5608384428" lat="40.8204215" lon="-73.8179079">
    <tag k="bench" v="no" />
    <tag k="bus" v="yes" />
    <tag k="highway" v="bus_stop" />
    <tag k="name" v="East Tremont Avenue &amp; Sampson Avenue" />
    <tag k="network" v="NYC Transit" />
    <tag k="network:wikidata" v="Q1325591" />
    <tag k="public_transport" v="platform" />
    <tag k="shelter" v="no" />
  </node>
  <node id="5608384429" lat="40.8205543" lon="-73.8182648">
    <tag k="bench" v="no" />
    <tag k="bus" v="yes" />
    <tag k="highway" v="bus_stop" />
    <tag k="name" v="East Tremont Avenue &amp; Sampson Avenue" />
    <tag k="network" v="NYC Transit" />
    <tag k="network:wikidata" v="Q1325591" />
    <tag k="public_transport" v="platform" />
    <tag k="shelter" v="no" />
  </node>
  <node id="5661549899" lat="40.6724175" lon="-73.7591850">
    <tag k="bench" v="no" />
    <tag k="bus" v="yes" />
    <tag k="highway" v="bus_stop" />
    <tag k="name" v="140th Avenue &amp; Thurston Street" />
    <tag k="public_transport" v="platform" />
    <tag k="route_ref" v="Q85;Q85ltd" />
    <tag k="shelter" v="no" />
  </node>
  <node id="5661556937" lat="40.6726362" lon="-73.7589584">
    <tag k="bench" v="no" />
    <tag k="bin" v="no" />
    <tag k="bus" v="yes" />
    <tag k="check_date:shelter" v="2023-10-02" />
    <tag k="highway" v="bus_stop" />
    <tag k="name" v="140th Avenue &amp; Southgate Street" />
    <tag k="public_transport" v="platform" />
    <tag k="route_ref" v="Q85" />
    <tag k="shelter" v="no" />
  </node>
  <node id="5661557086" lat="40.6721459" lon="-73.7607908">
    <tag k="bench" v="no" />
    <tag k="bus" v="yes" />
    <tag k="highway" v="bus_stop" />
    <tag k="name" v="140th Avenue &amp; Edgewood Avenue" />
    <tag k="public_transport" v="platform" />
    <tag k="route_ref" v="Q85" />
    <tag k="shelter" v="no" />
  </node>
  <node id="5661560841" lat="40.6721604" lon="-73.7614485">
    <tag k="bench" v="no" />
    <tag k="bus" v="yes" />
    <tag k="highway" v="bus_stop" />
    <tag k="name" v="140th Avenue &amp; Bedell Street" />
    <tag k="public_transport" v="platform" />
    <tag k="route_ref" v="Q85" />
    <tag k="shelter" v="no" />
  </node>
  <node id="5806986665" lat="40.6725189" lon="-73.7596982">
    <tag k="addr:housenumber" v="184-19" />
    <tag k="addr:street" v="140th Avenue" />
    <tag k="name" v="Crisdan Grocery" />
    <tag k="shop" v="deli" />
  </node>
  <node id="5859756990" lat="40.6725060" lon="-73.7598430">
    <tag k="addr:housenumber" v="184-15" />
    <tag k="addr:street" v="140th Avenue" />
    <tag k="laundry_service" v="yes" />
    <tag k="name" v="Neighborhood Laundromat" />
    <tag k="opening_hours" v="Mo-Su 07:30-19:30" />
    <tag k="self_service" v="yes" />
    <tag k="shop" v="laundry" />
  </node>
  <node id="6138242105" lat="40.6725870" lon="-73.7593357">
    <tag k="addr:housenumber" v="185-05" />
    <tag k="addr:street" v="140th Avenue" />
    <tag k="amenity" v="place_of_worship" />
    <tag k="name" v="Church of the Open Heart" />
    <tag k="religion" v="christian" />
  </node>
  <node id="6201868113" lat="40.6726217" lon="-73.7591833">
    <tag k="addr:housenumber" v="185-09" />
    <tag k="addr:street" v="140th Avenue" />
    <tag k="shop" v="beauty" />
  </node>
  <node id="6229859625" lat="40.6726085" lon="-73.7592453">
    <tag k="addr:housenumber" v="185-07" />
    <tag k="addr:street" v="140th Avenue" />
    <tag k="shop" v="estate_agent" />
  </node>
  <node id="6327948143" lat="40.6726301" lon="-73.7591291">
    <tag k="addr:housenumber" v="185-11" />
    <tag k="addr:street" v="140th Avenue" />
    <tag k="amenity" v="place_of_worship" />
    <tag k="name" v="Mt Sinai Holy House of Prayer" />
    <tag k="religion" v="christian" />
  </node>
  <node id="9184554948" lat="40.8188677" lon="-73.8100679" />
  <node id="9184554981" lat="40.8212365" lon="-73.8148101" />
  <node id="9184554982" lat="40.8213892" lon="-73.8155018" />
  <node id="9184554983" lat="40.8215904" lon="-73.8167197" />
  <node id="9184554984" lat="40.8217548" lon="-73.8175506" />
  <node id="9184554985" lat="40.8218533" lon="-73.8179287" />
  <node id="9184554986" lat="40.8219935" lon="-73.8183817" />
  <node id="9184554987" lat="40.8219522" lon="-73.8184217" />
  <node id="9184554988" lat="40.8215949" lon="-73.8176541" />
  <node id="9184554989" lat="40.8213253" lon="-73.8170305" />
  <node id="9184554990" lat="40.8209072" lon="-73.8159656" />
  <node id="9184554991" lat="40.8204753" lon="-73.8147790" />
  <node id="9184554992" lat="40.8201083" lon="-73.8135817" />
  <node id="9184554993" lat="40.8199069" lon="-73.8128585" />
  <node id="9184554994" lat="40.8199715" lon="-73.8129802" />
  <node id="9184554995" lat="40.8200342" lon="-73.8130992" />
  <node id="9184554996" lat="40.8204452" lon="-73.8138019" />
  <node id="9184554997" lat="40.8207882" lon="-73.8142861" />
  <node id="9184554998" lat="40.8212180" lon="-73.8147918" />
  <node id="9184555058" lat="40.8278738" lon="-73.8180055" />
  <node id="9184555096" lat="40.8189383" lon="-73.8100388" />
  <node id="9184555098" lat="40.8187762" lon="-73.8102398" />
  <node id="9184555099" lat="40.8191608" lon="-73.8114481" />
  <node id="9184555100" lat="40.8199542" lon="-73.8139490" />
  <node id="9184555101" lat="40.8203830" lon="-73.8153131" />
  <node id="9184555102" lat="40.8206642" lon="-73.8162153" />
  <node id="9184555103" lat="40.8207011" lon="-73.8163091" />
  <node id="9184555104" lat="40.8207940" lon="-73.8165022" />
  <node id="9184555105" lat="40.8212842" lon="-73.8175036" />
  <node id="9184555106" lat="40.8212705" lon="-73.8173647" />
  <node id="9184555107" lat="40.8208704" lon="-73.8163668" />
  <node id="9184555108" lat="40.8205796" lon="-73.8155856" />
  <node id="9184555109" lat="40.8202532" lon="-73.8145715" />
  <node id="9184555110" lat="40.8199897" lon="-73.8136765" />
  <node id="9184555111" lat="40.8196306" lon="-73.8124929" />
  <node id="9184555112" lat="40.8192004" lon="-73.8109826" />
  <node id="9184555113" lat="40.8191690" lon="-73.8109862" />
  <node id="9184555114" lat="40.8191581" lon="-73.8108256" />
  <node id="9184555121" lat="40.8191954" lon="-73.8115572" />
  <node id="9184555122" lat="40.8187916" lon="-73.8102947" />
  <node id="9184555132" lat="40.8194266" lon="-73.8122872" />
  <node id="9184555140" lat="40.8196711" lon="-73.8130575" />
  <node id="9184555141" lat="40.8195118" lon="-73.8125560" />
  <node id="9184555142" lat="40.8205720" lon="-73.8159195" />
  <node id="9184555148" lat="40.8223264" lon="-73.8187698" />
  <node id="9184555152" lat="40.8205381" lon="-73.8158107" />
  <node id="9184555153" lat="40.8224307" lon="-73.8184363" />
  <node id="9184555174" lat="40.8222124" lon="-73.8185257" />
  <node id="9184555175" lat="40.8221435" lon="-73.8182329" />
  <node id="9184555176" lat="40.8221183" lon="-73.8182405" />
  <node id="9184555177" lat="40.8219437" lon="-73.8176806" />
  <node id="9184555178" lat="40.8218132" lon="-73.8171096" />
  <node id="9184555179" lat="40.8216712" lon="-73.8162742" />
  <node id="9184555180" lat="40.8214758" lon="-73.8150450" />
  <node id="9184555181" lat="40.8218829" lon="-73.8153810" />
  <node id="9184555182" lat="40.8224755" lon="-73.8157870" />
  <node id="9184555183" lat="40.8229533" lon="-73.8160112" />
  <node id="9184555184" lat="40.8234515" lon="-73.8162128" />
  <node id="9184555185" lat="40.8238164" lon="-73.8163046" />
  <node id="9184555186" lat="40.8246332" lon="-73.8164935" />
  <node id="9184555187" lat="40.8252550" lon="-73.8166236" />
  <node id="9184555188" lat="40.8260061" lon="-73.8168635" />
  <node id="9184555189" lat="40.8262243" lon="-73.8169426" />
  <node id="9184555190" lat="40.8268171" lon="-73.8172207" />
  <node id="9184555191" lat="40.8273481" lon="-73.8175244" />
  <node id="9184555192" lat="40.8279200" lon="-73.8179109" />
  <node id="9184555193" lat="40.8277787" lon="-73.8181955" />
  <node id="9184555194" lat="40.8272747" lon="-73.8178561" />
  <node id="9184555195" lat="40.8266510" lon="-73.8174146" />
  <node id="9184555196" lat="40.8260351" lon="-73.8169962" />
  <node id="9184555197" lat="40.8259714" lon="-73.8169655" />
  <node id="9184555198" lat="40.8256470" lon="-73.8168941" />
  <node id="9184555199" lat="40.8249441" lon="-73.8167027" />
  <node id="9184555200" lat="40.8236407" lon="-73.8166338" />
  <node id="9184555201" lat="40.8232912" lon="-73.8166287" />
  <node id="9184555202" lat="40.8231831" lon="-73.8165930" />
  <node id="9184555203" lat="40.8218729" lon="-73.8160436" />
  <node id="9184555204" lat="40.8217885" lon="-73.8160625" />
  <node id="9184555205" lat="40.8217358" lon="-73.8162320" />
  <node id="9184555206" lat="40.8217947" lon="-73.8164169" />
  <node id="9184555207" lat="40.8223714" lon="-73.8186266" />
  <node id="9184555215" lat="40.8217519" lon="-73.8162898" />
  <node id="9184555304" lat="40.8217377" lon="-73.8161460" />
  <node id="9184555311" lat="40.8221449" lon="-73.8161536" />
  <node id="9184555312" lat="40.8217415" lon="-73.8162593" />
  <node id="9184555313" lat="40.8217319" lon="-73.8162053" />
  <node id="9184555314" lat="40.8217454" lon="-73.8161219" />
  <node id="9184555315" lat="40.8218102" lon="-73.8160488" />
  <node id="11034409414" lat="40.7558609" lon="-73.8157849">
    <tag k="amenity" v="bench" />
    <tag k="backrest" v="yes" />
  </node>
  <node id="11034409415" lat="40.7559342" lon="-73.8156632">
    <tag k="amenity" v="bench" />
    <tag k="backrest" v="yes" />
  </node>
  <node id="11034409417" lat="40.7559539" lon="-73.8157747">
    <tag k="amenity" v="bench" />
    <tag k="backrest" v="yes" />
  </node>
  <node id="11146280979" lat="40.8205975" lon="-73.8181527">
    <tag k="bus" v="yes" />
    <tag k="public_transport" v="stop_position" />
  </node>
  <node id="11146280980" lat="40.8203846" lon="-73.8180271">
    <tag k="bus" v="yes" />
    <tag k="public_transport" v="stop_position" />
  </node>
  <node id="11835787245" lat="40.6729119" lon="-73.7597010" />
  <node id="11835787246" lat="40.6727183" lon="-73.7595641" />
  <node id="11835787247" lat="40.6728527" lon="-73.7592441" />
  <node id="12145422378" lat="40.8223103" lon="-73.8187687" />
  <node id="12145580665" lat="40.8217330" lon="-73.8161786" />
  <node id="12145580666" lat="40.8217581" lon="-73.8160963" />
  <node id="12145580667" lat="40.8217716" lon="-73.8160776" />
  <node id="12145580668" lat="40.8218332" lon="-73.8160418" />
  <node id="12145580669" lat="40.8218508" lon="-73.8160404" />
  <node id="12152430638" lat="40.8218014" lon="-73.8177406" />
  <node id="12152430639" lat="40.8217090" lon="-73.8173540" />
  <node id="12152430640" lat="40.8216667" lon="-73.8171538" />
  <node id="12152430641" lat="40.8216290" lon="-73.8169446" />
  <node id="12152430642" lat="40.8219081" lon="-73.8181099" />
  <node id="12152430643" lat="40.8218212" lon="-73.8181587" />
  <node id="12152430644" lat="40.8217060" lon="-73.8179098" />
  <node id="12152430645" lat="40.8214651" lon="-73.8173624" />
  <node id="12152430646" lat="40.8212056" lon="-73.8167366" />
  <node id="12152430647" lat="40.8210594" lon="-73.8163659" />
  <node id="12154523539" lat="40.8188373" lon="-73.8100804" />
  <node id="12154523540" lat="40.8187977" lon="-73.8101577" />
  <node id="12154618360" lat="40.8214565" lon="-73.8150261" />
  <node id="12154618361" lat="40.8215111" lon="-73.8152947" />
  <node id="12154618362" lat="40.8215347" lon="-73.8154297" />
  <node id="12154618363" lat="40.8215558" lon="-73.8155551" />
  <node id="12154618366" lat="40.8210604" lon="-73.8146172" />
  <node id="12154618367" lat="40.8209387" lon="-73.8144756" />
  <node id="12154618368" lat="40.8208655" lon="-73.8143863" />
  <node id="12154618369" lat="40.8207060" lon="-73.8141745" />
  <node id="12154618370" lat="40.8206255" lon="-73.8140609" />
  <node id="12154618371" lat="40.8205424" lon="-73.8139438" />
  <node id="12154618372" lat="40.8203531" lon="-73.8136582" />
  <node id="12154618373" lat="40.8202704" lon="-73.8135226" />
  <node id="12154618374" lat="40.8201849" lon="-73.8133778" />
  <node id="12154618375" lat="40.8201051" lon="-73.8132299" />
  <node id="12154618390" lat="40.8214189" lon="-73.8156669" />
  <node id="12154618391" lat="40.8214434" lon="-73.8158119" />
  <node id="12154618392" lat="40.8215733" lon="-73.8151255" />
  <way id="568831688">
    <nd ref="5472058884" />
    <nd ref="5472058879" />
    <nd ref="5472058915" />
    <nd ref="5472058872" />
    <nd ref="5472058916" />
    <nd ref="5472058902" />
    <nd ref="5472058898" />
    <nd ref="5472058891" />
    <nd ref="638660445" />
    <nd ref="42841029" />
    <nd ref="5472058914" />
    <nd ref="5472058911" />
    <nd ref="5472058884" />
    <tag k="landuse" v="railway" />
  </way>
  <way id="568831689">
    <nd ref="5472058880" />
    <nd ref="5472058895" />
    <nd ref="5472058883" />
    <nd ref="5472058874" />
    <nd ref="5472058866" />
    <nd ref="5472058871" />
    <nd ref="5472058876" />
    <nd ref="5472058877" />
    <nd ref="5472058910" />
    <nd ref="5472058903" />
    <nd ref="5472058906" />
    <nd ref="5472058861" />
    <nd ref="5472058867" />
    <nd ref="2985256272" />
    <nd ref="2985256271" />
    <nd ref="4436574787" />
    <nd ref="4436574889" />
    <nd ref="5472058873" />
    <nd ref="5472058875" />
    <nd ref="5472058880" />
    <tag k="landuse" v="railway" />
  </way>
  <way id="994178238">
    <nd ref="9184554998" />
    <nd ref="9184554981" />
    <nd ref="9184554982" />
    <nd ref="12154618390" />
    <nd ref="12154618391" />
    <nd ref="9184554983" />
    <nd ref="12152430641" />
    <nd ref="12152430640" />
    <nd ref="12152430639" />
    <nd ref="9184554984" />
    <nd ref="12152430638" />
    <nd ref="9184554985" />
    <nd ref="12152430642" />
    <nd ref="9184554986" />
    <nd ref="9184554987" />
    <nd ref="12152430643" />
    <nd ref="12152430644" />
    <nd ref="9184554988" />
    <nd ref="12152430645" />
    <nd ref="9184554989" />
    <nd ref="12152430646" />
    <nd ref="12152430647" />
    <nd ref="9184554990" />
    <nd ref="9184554991" />
    <nd ref="9184554992" />
    <nd ref="9184554993" />
    <nd ref="9184554994" />
    <nd ref="9184554995" />
    <nd ref="12154618375" />
    <nd ref="12154618374" />
    <nd ref="12154618373" />
    <nd ref="12154618372" />
    <nd ref="9184554996" />
    <nd ref="12154618371" />
    <nd ref="12154618370" />
    <nd ref="12154618369" />
    <nd ref="9184554997" />
    <nd ref="12154618368" />
    <nd ref="12154618367" />
    <nd ref="12154618366" />
    <nd ref="9184554998" />
    <tag k="landuse" v="grass" />
  </way>
  <way id="994178245">
    <nd ref="9184555096" />
    <nd ref="9184554948" />
    <nd ref="12154523539" />
    <nd ref="12154523540" />
    <nd ref="9184555098" />
    <nd ref="9184555122" />
    <nd ref="9184555099" />
    <nd ref="9184555121" />
    <nd ref="9184555132" />
    <nd ref="9184555141" />
    <nd ref="9184555140" />
    <nd ref="9184555100" />
    <nd ref="9184555101" />
    <nd ref="9184555152" />
    <nd ref="9184555142" />
    <nd ref="9184555102" />
    <nd ref="9184555103" />
    <nd ref="9184555104" />
    <nd ref="9184555105" />
    <nd ref="9184555106" />
    <nd ref="9184555107" />
    <nd ref="9184555108" />
    <nd ref="9184555109" />
    <nd ref="9184555110" />
    <nd ref="9184555111" />
    <nd ref="9184555112" />
    <nd ref="9184555113" />
    <nd ref="9184555114" />
    <nd ref="9184555096" />
    <tag k="landuse" v="grass" />
  </way>
  <way id="994178256">
    <nd ref="9184555148" />
    <nd ref="12145422378" />
    <nd ref="9184555174" />
    <nd ref="9184555175" />
    <nd ref="9184555176" />
    <nd ref="9184555177" />
    <nd ref="9184555178" />
    <nd ref="9184555179" />
    <nd ref="12154618363" />
    <nd ref="12154618362" />
    <nd ref="12154618361" />
    <nd ref="12154618360" />
    <nd ref="9184555180" />
    <nd ref="12154618392" />
    <nd ref="9184555181" />
    <nd ref="9184555182" />
    <nd ref="9184555183" />
    <nd ref="9184555184" />
    <nd ref="9184555185" />
    <nd ref="9184555186" />
    <nd ref="9184555187" />
    <nd ref="9184555188" />
    <nd ref="9184555189" />
    <nd ref="9184555190" />
    <nd ref="9184555191" />
    <nd ref="9184555192" />
    <nd ref="9184555058" />
    <nd ref="9184555193" />
    <nd ref="9184555194" />
    <nd ref="9184555195" />
    <nd ref="9184555196" />
    <nd ref="9184555197" />
    <nd ref="9184555198" />
    <nd ref="9184555199" />
    <nd ref="9184555200" />
    <nd ref="9184555201" />
    <nd ref="9184555202" />
    <nd ref="9184555311" />
    <nd ref="9184555203" />
    <nd ref="12145580669" />
    <nd ref="12145580668" />
    <nd ref="9184555315" />
    <nd ref="9184555204" />
    <nd ref="12145580667" />
    <nd ref="12145580666" />
    <nd ref="9184555314" />
    <nd ref="9184555304" />
    <nd ref="12145580665" />
    <nd ref="9184555313" />
    <nd ref="9184555205" />
    <nd ref="9184555312" />
    <nd ref="9184555215" />
    <nd ref="9184555206" />
    <nd ref="9184555153" />
    <nd ref="9184555207" />
    <nd ref="9184555148" />
    <tag k="landuse" v="grass" />
  </way>
  <way id="1274704079">
    <nd ref="11835787245" />
    <nd ref="11835787246" />
    <nd ref="11835787247" />
    <nd ref="2869518797" />
    <nd ref="2869518775" />
    <nd ref="11835787245" />
    <tag k="landuse" v="greenfield" />
  </way>

<note>The data included in this document is from www.openstreetmap.org. The data is made available under ODbL.</note>
<meta osm_base="2026-09-03T09:34:05Z" />

  <node id="1606835106" lat="40.7153403" lon="-73.9765699" />
  <node id="1606835332" lat="40.7165102" lon="-73.9804399" />
  <node id="1606835656" lat="40.7175900" lon="-73.9754587" />
  <node id="1606835749" lat="40.7179303" lon="-73.9760493" />
  <node id="1606835806" lat="40.7181449" lon="-73.9767830" />
  <node id="1606835877" lat="40.7184391" lon="-73.9752319" />
  <node id="1606835909" lat="40.7187414" lon="-73.9752258" />
  <node id="1606835928" lat="40.7188113" lon="-73.9756250" />
  <node id="1606835943" lat="40.7189564" lon="-73.9763234" />
  <node id="1606835948" lat="40.7191867" lon="-73.9773173" />
  <node id="1606835950" lat="40.7197764" lon="-73.9787533" />
  <node id="3655974178" lat="40.7199295" lon="-73.9765355" />
  <node id="3655974179" lat="40.7203179" lon="-73.9774650" />
  <node id="3708656714" lat="40.7178366" lon="-73.9762834">
    <tag k="amenity" v="bicycle_rental" />
    <tag k="bicycle_rental" v="docking_station" />
    <tag k="brand" v="Citi Bike" />
    <tag k="brand:wikidata" v="Q2974438" />
    <tag k="capacity" v="19" />
    <tag k="fee" v="yes" />
    <tag k="name" v="Citi Bike - Stanton St &amp; Mangin St" />
    <tag k="network" v="Citi Bike" />
    <tag k="network:wikidata" v="Q2974438" />
    <tag k="network:wikipedia" v="en:Citi Bike" />
    <tag k="operator" v="Lyft" />
    <tag k="operator:type" v="private" />
    <tag k="operator:wikidata" v="Q17077936" />
    <tag k="operator:wikipedia" v="en:Citi Bike" />
    <tag k="ref" v="66db9e99-0aca-11e7-82f6-3863bb44ef7c" />
    <tag k="ref:gbfs" v="lyft_nyc:66db9e99-0aca-11e7-82f6-3863bb44ef7c" />
    <tag k="website" v="https://citibikenyc.com/" />
  </node>
  <node id="3783071221" lat="40.7189175" lon="-73.9754020" />
  <node id="3783071227" lat="40.7189366" lon="-73.9754111" />
  <node id="3783071237" lat="40.7189401" lon="-73.9751319" />
  <node id="3783071238" lat="40.7198679" lon="-73.9785608" />
  <node id="3783073171" lat="40.7189661" lon="-73.9753992" />
  <node id="3783073174" lat="40.7188572" lon="-73.9751423" />
  <node id="3783073178" lat="40.7188470" lon="-73.9751646" />
  <node id="3783073184" lat="40.7189547" lon="-73.9751408" />
  <node id="3783073187" lat="40.7189717" lon="-73.9753822" />
  <node id="3783073199" lat="40.7197316" lon="-73.9781658" />
  <node id="3783073203" lat="40.7193366" lon="-73.9773646" />
  <node id="3783073223" lat="40.7193019" lon="-73.9772662" />
  <node id="3783073225" lat="40.7200428" lon="-73.9785137" />
  <node id="3783073230" lat="40.7193844" lon="-73.9773327" />
  <node id="3783073264" lat="40.7198427" lon="-73.9785791" />
  <node id="3783073282" lat="40.7197610" lon="-73.9783042" />
  <node id="3783088889" lat="40.7191494" lon="-73.9765222" />
  <node id="3783088896" lat="40.7192819" lon="-73.9771867" />
  <node id="3783088903" lat="40.7193171" lon="-73.9770739" />
  <node id="3783088905" lat="40.7193494" lon="-73.9772349" />
  <node id="3783088912" lat="40.7193359" lon="-73.9771677" />
  <node id="3783088914" lat="40.7191472" lon="-73.9765360" />
  <node id="3783088917" lat="40.7192034" lon="-73.9765075" />
  <node id="3783088918" lat="40.7192622" lon="-73.9770918" />
  <node id="3783088922" lat="40.7193379" lon="-73.9771778" />
  <node id="3783088927" lat="40.7191839" lon="-73.9764997" />
  <node id="3783088930" lat="40.7191705" lon="-73.9765019" />
  <node id="3783088934" lat="40.7191570" lon="-73.9765104" />
  <node id="3783088941" lat="40.7191953" lon="-73.9765020" />
  <node id="3998741453" lat="40.7194025" lon="-73.9767190" />
  <node id="4219836763" lat="40.7190968" lon="-73.9751496" />
  <node id="4219836770" lat="40.7197719" lon="-73.9778698" />
  <node id="4241766700" lat="40.7223625" lon="-73.9768259" />
  <node id="4241766701" lat="40.7215479" lon="-73.9749049" />
  <node id="4241766702" lat="40.7204196" lon="-73.9750382" />
  <node id="4241766703" lat="40.7203041" lon="-73.9750465" />
  <node id="4241766704" lat="40.7200019" lon="-73.9750419" />
  <node id="4243447250" lat="40.8348999" lon="-73.9218249">
    <tag k="name" v="167th Street" />
    <tag k="network" v="NYC Subway" />
    <tag k="operator" v="New York City Transit Authority" />
    <tag k="public_transport" v="stop_position" />
    <tag k="railway" v="stop" />
    <tag k="subway" v="yes" />
    <tag k="wheelchair" v="no" />
  </node>
  <node id="4913050331" lat="40.7190575" lon="-73.9758128" />
  <node id="4913050332" lat="40.7190094" lon="-73.9755977" />
  <node id="4913050333" lat="40.7190833" lon="-73.9761806" />
  <node id="4913050334" lat="40.7189671" lon="-73.9756184" />
  <node id="4913050335" lat="40.7190535" lon="-73.9759523" />
  <node id="4913050336" lat="40.7191002" lon="-73.9761736" />
  <node id="5565199174" lat="40.8541468" lon="-73.8834218">
    <tag k="bench" v="no" />
    <tag k="bin" v="no" />
    <tag k="bus" v="yes" />
    <tag k="check_date:shelter" v="2022-05-29" />
    <tag k="highway" v="bus_stop" />
    <tag k="name" v="Crotona Avenue &amp; East 187th Street" />
    <tag k="public_transport" v="platform" />
    <tag k="route_ref" v="Bx17" />
    <tag k="shelter" v="no" />
    <tag k="tactile_paving" v="no" />
  </node>
  <node id="5565199175" lat="40.8558829" lon="-73.8827347">
    <tag k="bench" v="no" />
    <tag k="bus" v="yes" />
    <tag k="highway" v="bus_stop" />
    <tag k="name" v="Crotona Avenue &amp; East 189th Street" />
    <tag k="network" v="NYC Transit" />
    <tag k="network:wikidata" v="Q1325591" />
    <tag k="public_transport" v="platform" />
    <tag k="route_ref" v="Bx17" />
    <tag k="shelter" v="no" />
  </node>
  <node id="5598585875" lat="40.8541203" lon="-73.8839149">
    <tag k="addr:housenumber" v="711" />
    <tag k="addr:street" v="East 187th Street" />
    <tag k="amenity" v="restaurant" />
    <tag k="cuisine" v="jamaican" />
    <tag k="name" v="Majestic Restaurant" />
    <tag k="opening_hours" v="Mo-Su 07:00-24:00" />
    <tag k="toilets" v="yes" />
    <tag k="wheelchair" v="yes" />
  </node>
  <node id="5693937277" lat="40.6657055" lon="-73.9274344">
    <tag k="amenity" v="drinking_water" />
  </node>
  <node id="5693947261" lat="40.6656124" lon="-73.9259694">
    <tag k="bus" v="yes" />
    <tag k="highway" v="bus_stop" />
    <tag k="name" v="East New York Avenue &amp; East 96th Street" />
    <tag k="network" v="NYC Transit" />
    <tag k="network:wikidata" v="Q1325591" />
    <tag k="operator" v="MTA" />
    <tag k="public_transport" v="platform" />
    <tag k="ref" v="301330" />
    <tag k="route_ref" v="B12" />
  </node>
  <node id="5693947760" lat="40.6650350" lon="-73.9276765">
    <tag k="bench" v="yes" />
    <tag k="bus" v="yes" />
    <tag k="highway" v="bus_stop" />
    <tag k="name" v="East New York Avenue &amp; East 95th Street" />
    <tag k="network" v="NYC Transit" />
    <tag k="network:wikidata" v="Q1325591" />
    <tag k="operator" v="MTA" />
    <tag k="public_transport" v="platform" />
    <tag k="ref" v="301397" />
    <tag k="route_ref" v="B12" />
  </node>
  <node id="5693947838" lat="40.6654515" lon="-73.9267671">
    <tag k="bench" v="yes" />
    <tag k="bus" v="yes" />
    <tag k="highway" v="bus_stop" />
    <tag k="name" v="East New York Avenue &amp; East 96th Street" />
    <tag k="network" v="NYC Transit" />
    <tag k="network:wikidata" v="Q1325591" />
    <tag k="operator" v="MTA" />
    <tag k="public_transport" v="platform" />
    <tag k="ref" v="301395" />
    <tag k="route_ref" v="B12" />
  </node>
  <node id="7343507675" lat="40.8353269" lon="-73.9204844">
    <tag k="addr:city" v="Bronx" />
    <tag k="addr:housenumber" v="50-56" />
    <tag k="addr:postcode" v="10452" />
    <tag k="addr:state" v="NY" />
    <tag k="addr:street" v="East 167th Street" />
    <tag k="air_conditioning" v="yes" />
    <tag k="brand" v="CVS Pharmacy" />
    <tag k="brand:website" v="https://www.cvs.com/" />
    <tag k="brand:wikidata" v="Q2078880" />
    <tag k="currency:USD" v="yes" />
    <tag k="description" v="Drugstore chain selling a variety of beauty &amp; health products, plus some grocery &amp; household items." />
    <tag k="name" v="CVS Pharmacy" />
    <tag k="opening_hours" v="Mo-Fr 08:00-21:00, Sa-Su 08:00-20:00" />
    <tag k="payment:cash" v="yes" />
    <tag k="payment:credit_cards" v="yes" />
    <tag k="payment:debit_cards" v="yes" />
    <tag k="phone" v="+1-718-588-6898" />
    <tag k="shop" v="chemist" />
    <tag k="short_name" v="CVS" />
    <tag k="website" v="https://www.cvs.com/store-locator/bronx-ny-pharmacies/50-56-east-167th-st-bronx-ny-10452/storeid=8969" />
  </node>
  <node id="11105756186" lat="40.6656739" lon="-73.9260161">
    <tag k="bus" v="yes" />
    <tag k="name" v="East New York Avenue &amp; East 96th Street" />
    <tag k="network" v="NYC Transit" />
    <tag k="operator" v="MTA" />
    <tag k="public_transport" v="stop_position" />
  </node>
  <node id="11105756187" lat="40.6653728" lon="-73.9267078">
    <tag k="bus" v="yes" />
    <tag k="name" v="East New York Avenue &amp; East 96th Street" />
    <tag k="network" v="NYC Transit" />
    <tag k="operator" v="MTA" />
    <tag k="public_transport" v="stop_position" />
  </node>
  <node id="11105756188" lat="40.6649722" lon="-73.9276288">
    <tag k="bus" v="yes" />
    <tag k="name" v="East New York Avenue &amp; East 95th Street" />
    <tag k="network" v="NYC Transit" />
    <tag k="operator" v="MTA" />
    <tag k="public_transport" v="stop_position" />
  </node>
  <node id="11502738195" lat="40.8556041" lon="-73.8835541">
    <tag k="amenity" v="parking_entrance" />
  </node>
  <node id="11504456110" lat="40.8541788" lon="-73.8834922">
    <tag k="bus" v="yes" />
    <tag k="public_transport" v="stop_position" />
  </node>
  <node id="11504518274" lat="40.8558729" lon="-73.8826394">
    <tag k="bus" v="yes" />
    <tag k="public_transport" v="stop_position" />
  </node>
  <node id="12623946703" lat="40.8540813" lon="-73.8837209">
    <tag k="shop" v="deli" />
  </node>
  <node id="13196520635" lat="40.6659271" lon="-73.9260310">
    <tag k="amenity" v="bicycle_rental" />
    <tag k="bicycle_rental" v="docking_station" />
    <tag k="brand" v="Citi Bike" />
    <tag k="brand:wikidata" v="Q2974438" />
    <tag k="capacity" v="24" />
    <tag k="fee" v="yes" />
    <tag k="fixme" v="please set exact location" />
    <tag k="name" v="Citi Bike - Buffalo Ave &amp; E New York Ave" />
    <tag k="network" v="Citi Bike" />
    <tag k="network:wikidata" v="Q2974438" />
    <tag k="operator" v="Lyft" />
    <tag k="operator:type" v="private" />
    <tag k="operator:wikidata" v="Q17077936" />
    <tag k="ref" v="c4377169-c19e-47e1-90a4-c4e14bb41601" />
    <tag k="ref:gbfs" v="lyft_nyc:c4377169-c19e-47e1-90a4-c4e14bb41601" />
  </node>
  <node id="13244024526" lat="40.8340620" lon="-73.9224328">
    <tag k="amenity" v="bicycle_rental" />
    <tag k="bicycle_rental" v="docking_station" />
    <tag k="brand" v="Citi Bike" />
    <tag k="brand:wikidata" v="Q2974438" />
    <tag k="capacity" v="21" />
    <tag k="fee" v="yes" />
    <tag k="fixme" v="please set exact location" />
    <tag k="name" v="Citi Bike - River Ave &amp; McClellan St" />
    <tag k="network" v="Citi Bike" />
    <tag k="network:wikidata" v="Q2974438" />
    <tag k="operator" v="Lyft" />
    <tag k="operator:type" v="private" />
    <tag k="operator:wikidata" v="Q17077936" />
    <tag k="ref" v="1d977221-b2b5-4fa2-bba0-b00136834fb3" />
    <tag k="ref:gbfs" v="lyft_nyc:1d977221-b2b5-4fa2-bba0-b00136834fb3" />
  </node>
  <node id="13244045152" lat="40.8339153" lon="-73.9211252">
    <tag k="amenity" v="bicycle_rental" />
    <tag k="bicycle_rental" v="docking_station" />
    <tag k="brand" v="Citi Bike" />
    <tag k="brand:wikidata" v="Q2974438" />
    <tag k="capacity" v="30" />
    <tag k="fee" v="yes" />
    <tag k="fixme" v="please set exact location" />
    <tag k="name" v="Citi Bike - Gerard Ave &amp; McClellan St" />
    <tag k="network" v="Citi Bike" />
    <tag k="network:wikidata" v="Q2974438" />
    <tag k="operator" v="Lyft" />
    <tag k="operator:type" v="private" />
    <tag k="operator:wikidata" v="Q17077936" />
    <tag k="ref" v="9c2a741d-7f3e-4aa1-b58b-db5c3e6bcb20" />
    <tag k="ref:gbfs" v="lyft_nyc:9c2a741d-7f3e-4aa1-b58b-db5c3e6bcb20" />
  </node>
  <node id="13701354171" lat="40.8340810" lon="-73.9217104">
    <tag k="amenity" v="parking_entrance" />
  </node>
  <node id="13701358105" lat="40.8553008" lon="-73.8830956">
    <tag k="amenity" v="parking_entrance" />
  </node>
  <node id="14058746297" lat="40.8553419" lon="-73.8816830">
    <tag k="addr:city" v="Bronx" />
    <tag k="addr:housenumber" v="2475" />
    <tag k="addr:postcode" v="10458" />
    <tag k="addr:state" v="NY" />
    <tag k="addr:street" v="Southern Boulevard" />
    <tag k="amenity" v="school" />
    <tag k="education" v="school" />
    <tag k="name" v="P.S. 205 - Fiorello H. LaGuardia School" />
    <tag k="website" v="https://www.ps205x.org/" />
  </node>
  <node id="14058771827" lat="40.8549455" lon="-73.8827949">
    <tag k="addr:city" v="Bronx" />
    <tag k="addr:housenumber" v="2474" />
    <tag k="addr:postcode" v="10458" />
    <tag k="addr:state" v="NY" />
    <tag k="addr:street" v="Crotona Avenue" />
    <tag k="amenity" v="school" />
    <tag k="name" v="High School for Energy and Technology" />
    <tag k="website" v="https://www.hsenergytech.org/" />
  </node>
  <node id="14058771828" lat="40.8554915" lon="-73.8824746">
    <tag k="addr:city" v="Bronx" />
    <tag k="addr:housenumber" v="2474" />
    <tag k="addr:postcode" v="10458" />
    <tag k="addr:state" v="NY" />
    <tag k="addr:street" v="Crotona Avenue" />
    <tag k="amenity" v="school" />
    <tag k="name" v="Bronx Academy for Software Engineering" />
    <tag k="website" v="https://www.bronxsoftware.org/" />
  </node>
  <node id="14058771829" lat="40.8552265" lon="-73.8824339">
    <tag k="addr:city" v="Bronx" />
    <tag k="addr:housenumber" v="2474" />
    <tag k="addr:postcode" v="10458" />
    <tag k="addr:state" v="NY" />
    <tag k="addr:street" v="Crotona Avenue" />
    <tag k="amenity" v="school" />
    <tag k="name" v="Crotona International High School" />
    <tag k="website" v="https://www.crotonaihs.org/" />
  </node>
  <way id="147465382">
    <nd ref="1606835950" />
    <nd ref="1606835332" />
    <nd ref="1606835106" />
    <nd ref="1606835656" />
    <nd ref="1606835877" />
    <nd ref="1606835909" />
    <nd ref="1606835928" />
    <nd ref="1606835749" />
    <nd ref="1606835806" />
    <nd ref="1606835943" />
    <nd ref="1606835948" />
    <nd ref="1606835950" />
    <tag k="addr:city" v="New York" />
    <tag k="landuse" v="residential" />
    <tag k="name" v="Baruch Houses" />
    <tag k="wikidata" v="Q4865859" />
    <tag k="wikipedia" v="en:Baruch Houses" />
  </way>
  <way id="374923080">
    <nd ref="3783071221" />
    <nd ref="3783073178" />
    <nd ref="3783073174" />
    <nd ref="3783071237" />
    <nd ref="3783073184" />
    <nd ref="3783073187" />
    <nd ref="3783073171" />
    <nd ref="3783071227" />
    <nd ref="3783071221" />
    <tag k="area:highway" v="traffic_island" />
    <tag k="landuse" v="grass" />
  </way>
  <way id="374923084">
    <nd ref="3783073264" />
    <nd ref="3783071238" />
    <nd ref="3783073282" />
    <nd ref="3783073199" />
    <nd ref="3783073230" />
    <nd ref="3783073203" />
    <nd ref="3783073264" />
    <tag k="area:highway" v="traffic_island" />
    <tag k="landuse" v="grass" />
  </way>
  <way id="374925011">
    <nd ref="3783088905" />
    <nd ref="3783088922" />
    <nd ref="3783088912" />
    <nd ref="3783088896" />
    <nd ref="3783073223" />
    <nd ref="3783088905" />
    <tag k="landuse" v="grass" />
  </way>
  <way id="374925014">
    <nd ref="3783088917" />
    <nd ref="3783088903" />
    <nd ref="3783088918" />
    <nd ref="3783088914" />
    <nd ref="3783088889" />
    <nd ref="3783088934" />
    <nd ref="3783088930" />
    <nd ref="3783088927" />
    <nd ref="3783088941" />
    <nd ref="3783088917" />
    <tag k="area:highway" v="traffic_island" />
    <tag k="landuse" v="grass" />
  </way>
  <way id="424799778">
    <nd ref="4241766700" />
    <nd ref="3783073225" />
    <nd ref="4219836770" />
    <nd ref="3655974179" />
    <nd ref="3655974178" />
    <nd ref="3998741453" />
    <nd ref="4219836763" />
    <nd ref="4241766704" />
    <nd ref="4241766703" />
    <nd ref="4241766702" />
    <nd ref="4241766701" />
    <nd ref="4241766700" />
    <tag k="landuse" v="residential" />
    <tag k="name" v="Lillian Wald Houses" />
    <tag k="name:etymology:wikidata" v="Q515387" />
  </way>
  <way id="500194896">
    <nd ref="4913050336" />
    <nd ref="4913050333" />
    <nd ref="4913050334" />
    <nd ref="4913050332" />
    <nd ref="4913050331" />
    <nd ref="4913050335" />
    <nd ref="4913050336" />
    <tag k="area:highway" v="traffic_island" />
    <tag k="landuse" v="grass" />
  </way>

</osm>