<?xml version='1.0' encoding='utf-8'?>
<osm version="0.6" generator="Overpass API 0.7.62.11 87bfad18">
<note>The data included in this document is from www.openstreetmap.org. The data is made available under ODbL.</note>
<meta osm_base="2026-09-03T09:34:05Z" />

  <node id="349678371" lat="47.6849231" lon="-122.2851274" />
  <node id="349678372" lat="47.6849359" lon="-122.2837371" />
  <node id="349680902" lat="47.6865887" lon="-122.2822204" />
  <node id="349680903" lat="47.6849320" lon="-122.2822005" />
  <node id="409226744" lat="47.6836808" lon="-122.2796896" />
  <node id="409226747" lat="47.6831288" lon="-122.2793783" />
  <node id="476148465" lat="47.6956415" lon="-122.3172262">
    <tag k="addr:city" v="Seattle" />
    <tag k="addr:country" v="US" />
    <tag k="addr:housenumber" v="9126" />
    <tag k="addr:postcode" v="98115" />
    <tag k="addr:state" v="WA" />
    <tag k="addr:street" v="Roosevelt Way Northeast" />
    <tag k="atm" v="yes" />
    <tag k="brand" v="7-Eleven" />
    <tag k="brand:wikidata" v="Q259340" />
    <tag k="check_date" v="2025-03-12" />
    <tag k="fast_food" v="yes" />
    <tag k="fuel:propane" v="yes" />
    <tag k="name" v="7-Eleven" />
    <tag k="opening_hours" v="24/7" />
    <tag k="phone" v="+1-206-524-0660" />
    <tag k="ref" v="14355" />
    <tag k="shop" v="convenience" />
    <tag k="website" v="https://www.7-eleven.com/locations/wa/seattle/9126-roosevelt-way-ne-14355" />
  </node>
  <node id="477085168" lat="47.6945462" lon="-122.3174857" />
  <node id="477085171" lat="47.6941054" lon="-122.3174857" />
  <node id="797678497" lat="47.6018259" lon="-122.2852090">
    <tag k="amenity" v="post_box" />
    <tag k="collection_times" v="Mo-Sa 11:00" />
    <tag k="operator" v="United States Postal Service" />
    <tag k="operator:short" v="USPS" />
    <tag k="operator:type" v="public" />
    <tag k="operator:website" v="https://www.usps.com" />
    <tag k="operator:wikidata" v="Q668687" />
    <tag k="operator:wikipedia" v="en:United States Postal Service" />
    <tag k="ref" v="9822200833" />
    <tag k="short_name" v="USPS" />
  </node>
  <node id="833676216" lat="47.6812361" lon="-122.2823903" />
  <node id="833676228" lat="47.6812308" lon="-122.2798249" />
  <node id="1120195095" lat="47.6968584" lon="-122.3173709">
    <tag k="addr:city" v="Seattle" />
    <tag k="addr:country" v="US" />
    <tag k="addr:housenumber" v="9400" />
    <tag k="addr:postcode" v="98115" />
    <tag k="addr:state" v="WA" />
    <tag k="addr:street" v="Roosevelt Way Northeast" />
    <tag k="addr:unit" v="B" />
    <tag k="amenity" v="restaurant" />
    <tag k="contact:facebook" v="https://www.facebook.com/people/Ban-Hua-Sai/100028121096551/" />
    <tag k="contact:phone" v="+1-206-522-6001" />
    <tag k="contact:website" v="https://www.banhuasai.com/" />
    <tag k="cuisine" v="asian" />
    <tag k="name" v="Ban Hua Sai" />
    <tag k="opening_hours" v="Mo,Tu 16:00-21:00; We,Th 16:00-21:30; Fr,Sa 11:00-14:30,16:00-22:00" />
  </node>
  <node id="1721348583" lat="47.6812181" lon="-122.2796151" />
  <node id="1721348589" lat="47.6812213" lon="-122.2744208" />
  <node id="1728576386" lat="47.6017581" lon="-122.2849774">
    <tag k="addr:city" v="Seattle" />
    <tag k="addr:housenumber" v="102" />
    <tag k="addr:postcode" v="98122" />
    <tag k="addr:state" v="WA" />
    <tag k="addr:street" v="Lakeside Avenue" />
    <tag k="amenity" v="restaurant" />
    <tag k="name" v="BluWater Bistro" />
    <tag k="source" v="King County GIS;data.seattle.gov" />
    <tag k="website" v="https://www.bluwaterbistro.com/" />
    <tag k="wikidata" v="Q124288700" />
  </node>
  <node id="1728576387" lat="47.6029635" lon="-122.2842541">
    <tag k="addr:city" v="Seattle" />
    <tag k="addr:housenumber" v="200" />
    <tag k="addr:postcode" v="98122" />
    <tag k="addr:state" v="WA" />
    <tag k="addr:street" v="Lake Washington Boulevard" />
    <tag k="amenity" v="restaurant" />
    <tag k="name" v="Daniel's Broiler" />
    <tag k="source" v="King County GIS;data.seattle.gov" />
  </node>
  <node id="1728576457" lat="47.6019013" lon="-122.2851560">
    <tag k="bench" v="no" />
    <tag k="bin" v="no" />
    <tag k="gtfs:stop_id:US-WA-KCM" v="27240" />
    <tag k="highway" v="bus_stop" />
    <tag k="lit" v="no" />
    <tag k="name" v="Lakeside Avenue South &amp; Lake Washington Boulevard" />
    <tag k="network" v="King County Metro" />
    <tag k="network:short" v="KCM" />
    <tag k="network:wikidata" v="Q6411393" />
    <tag k="operator" v="King County Metro" />
    <tag k="operator:short" v="KCM" />
    <tag k="operator:wikidata" v="Q6411393" />
    <tag k="operator:wikipedia" v="en:King County Metro" />
    <tag k="public_transport" v="platform" />
    <tag k="ref" v="27240" />
    <tag k="route_ref" v="27" />
    <tag k="shelter" v="no" />
    <tag k="wheelchair" v="yes" />
  </node>
  <node id="1730893498" lat="47.6020673" lon="-122.2853580">
    <tag k="addr:city" v="Seattle" />
    <tag k="addr:housenumber" v="121" />
    <tag k="addr:postcode" v="98122" />
    <tag k="addr:state" v="WA" />
    <tag k="addr:street" v="Lakeside Avenue" />
    <tag k="addr:unit" v="F" />
    <tag k="amenity" v="cafe" />
    <tag k="branch" v="Leschi" />
    <tag k="brand" v="Starbucks" />
    <tag k="brand:wikidata" v="Q37158" />
    <tag k="cuisine" v="coffee_shop" />
    <tag k="name" v="Starbucks" />
    <tag k="official_name" v="Starbucks Coffee" />
    <tag k="opening_hours" v="Mo-Su 05:00-19:00" />
    <tag k="phone" v="+1-206-720-4803" />
    <tag k="ref" v="15849" />
    <tag k="takeaway" v="yes" />
    <tag k="website" v="https://www.starbucks.com/store-locator/store/15849/leschi-121-lakeside-ave-ste-f-seattle-wa-981226587-us" />
  </node>
  <node id="1769027855" lat="47.6021166" lon="-122.2852499">
    <tag k="amenity" v="bicycle_parking" />
    <tag k="bicycle_parking" v="stands" />
    <tag k="capacity" v="2" />
    <tag k="covered" v="no" />
    <tag k="fee" v="no" />
    <tag k="note" v="LAKESIDE AVE 0010 BLOCK W SIDE ( 150) 150 FT N/O E YESLER WAY" />
    <tag k="operator" v="SDOT" />
    <tag k="sdot:bike_rack:id" v="BKR-621" />
    <tag k="start_date" v="2002-12-05" />
  </node>
  <node id="1769027857" lat="47.6023811" lon="-122.2848541">
    <tag k="amenity" v="bicycle_parking" />
    <tag k="bicycle_parking" v="stands" />
    <tag k="capacity" v="2" />
    <tag k="fee" v="no" />
    <tag k="image" v="https://storage3.openstreetcam.org/files/photo/2017/12/21/lth/989703_3dabd_5a3bef51ead7d.jpg" />
    <tag k="note" v="LAKESIDE AVE 0010 BLOCK E SIDE ( 256) 211 FT S/O LAKE WASHINGTON BLVD" />
    <tag k="operator" v="SDOT" />
    <tag k="sdot:bike_rack:id" v="BKR-2812" />
    <tag k="survey:date" v="2017-12-21" />
  </node>
  <node id="1769027861" lat="47.6024729" lon="-122.2850521">
    <tag k="amenity" v="bicycle_parking" />
    <tag k="bicycle_parking" v="stands" />
    <tag k="capacity" v="2" />
    <tag k="covered" v="no" />
    <tag k="fee" v="no" />
    <tag k="note" v="LAKESIDE AVE 0010 BLOCK W SIDE ( 284) 183 FT S/O LAKE WASHINGTON BLVD" />
    <tag k="operator" v="SDOT" />
    <tag k="sdot:bike_rack:id" v="BKR-2813" />
  </node>
  <node id="1769027867" lat="47.6026466" lon="-122.2847300">
    <tag k="amenity" v="bicycle_parking" />
    <tag k="capacity" v="2" />
    <tag k="fee" v="no" />
    <tag k="note" v="LAKESIDE AVE 0010 BLOCK E SIDE ( 365) 102 FT S/O LAKE WASHINGTON BLVD" />
    <tag k="operator" v="SDOT" />
    <tag k="sdot:bike_rack:id" v="BKR-2814" />
  </node>
  <node id="1769027878" lat="47.6030506" lon="-122.2844669">
    <tag k="amenity" v="bicycle_parking" />
    <tag k="capacity" v="4" />
    <tag k="fee" v="no" />
    <tag k="note" v="LAKE WASHINGTON BLVD 0020 BLOCK E SIDE ( 0) 0 FT N/O LAKESIDE AVE" />
    <tag k="operator" v="SDOT" />
    <tag k="sdot:bike_rack:id" v="BKR-2815" />
  </node>
  <node id="1769039949" lat="47.6960800" lon="-122.3176984">
    <tag k="amenity" v="bicycle_parking" />
    <tag k="bicycle_parking" v="stands" />
    <tag k="capacity" v="2" />
    <tag k="check_date" v="2022-04-23" />
    <tag k="covered" v="no" />
    <tag k="fee" v="no" />
    <tag k="operator" v="SDOT" />
    <tag k="sdot:bike_rack:id" v="BKR-183" />
    <tag k="start_date" v="2006-09-14" />
  </node>
  <node id="1769040001" lat="47.6968863" lon="-122.3174988">
    <tag k="amenity" v="bicycle_parking" />
    <tag k="bicycle_parking" v="stands" />
    <tag k="capacity" v="2" />
    <tag k="covered" v="no" />
    <tag k="fee" v="no" />
    <tag k="operator" v="SDOT" />
    <tag k="sdot:bike_rack:id" v="BKR-2306" />
  </node>
  <node id="2011846519" lat="47.6037401" lon="-122.2841153">
    <tag k="amenity" v="bench" />
  </node>
  <node id="2011846520" lat="47.6037724" lon="-122.2840922">
    <tag k="amenity" v="bench" />
  </node>
  <node id="2302557526" lat="47.6917395" lon="-122.3173224" />
  <node id="2302557527" lat="47.6917398" lon="-122.3175044" />
  <node id="2302558185" lat="47.6920203" lon="-122.3171403" />
  <node id="2302558186" lat="47.6920205" lon="-122.3172499" />
  <node id="2302581082" lat="47.6955331" lon="-122.3178369" />
  <node id="2302581110" lat="47.6955659" lon="-122.3178206" />
  <node id="2302581111" lat="47.6955659" lon="-122.3178369" />
  <node id="2302581170" lat="47.6955879" lon="-122.3178206" />
  <node id="2302581171" lat="47.6955879" lon="-122.3178369" />
  <node id="2302581187" lat="47.6956207" lon="-122.3178369" />
  <node id="2302979613" lat="47.6966656" lon="-122.3170690">
    <tag k="access" v="permit" />
    <tag k="amenity" v="parking_entrance" />
    <tag k="maxheight" v="6'6&quot;" />
    <tag k="parking" v="underground" />
  </node>
  <node id="2459663732" lat="47.6020523" lon="-122.2849520">
    <tag k="addr:city" v="Seattle" />
    <tag k="addr:housenumber" v="110" />
    <tag k="addr:postcode" v="98122" />
    <tag k="addr:state" v="WA" />
    <tag k="addr:street" v="Lakeside Avenue" />
    <tag k="addr:unit" v="D" />
    <tag k="name" v="Blue Heron Healing Arts" />
    <tag k="shop" v="massage" />
    <tag k="source" v="King County GIS;data.seattle.gov" />
    <tag k="website" v="https://seattlemassage.massagetherapy.com/" />
  </node>
  <node id="2459663746" lat="47.6019792" lon="-122.2849705">
    <tag k="addr:city" v="Seattle" />
    <tag k="addr:housenumber" v="114" />
    <tag k="addr:postcode" v="98122" />
    <tag k="addr:state" v="WA" />
    <tag k="addr:street" v="Lakeside Avenue" />
    <tag k="amenity" v="studio" />
    <tag k="name" v="KXPA AM 1540" />
    <tag k="source" v="King County GIS;data.seattle.gov" />
    <tag k="studio" v="radio" />
    <tag k="website" v="http://kxpa.com" />
  </node>
  <node id="2463977968" lat="47.6954820" lon="-122.3172202">
    <tag k="addr:city" v="Seattle" />
    <tag k="addr:country" v="US" />
    <tag k="addr:housenumber" v="9122" />
    <tag k="addr:postcode" v="98115-2840" />
    <tag k="addr:state" v="WA" />
    <tag k="addr:street" v="Roosevelt Way Northeast" />
    <tag k="contact:phone" v="+1 206-962-1133" />
    <tag k="laundry_service" v="yes" />
    <tag k="name" v="Washco Laundry" />
    <tag k="not:website" v="http://www.washcolaundry.com/" />
    <tag k="opening_hours" v="Mo-Fr 08:00-21:00; Sa-Su 07:00-21:00" />
    <tag k="ref:US-WA:DOR:UBI" v="604704005" />
    <tag k="ref:US-WA:WSDOE:CS_ID" v="16666" />
    <tag k="ref:US-WA:WSDOE:FS_ID" v="88153355" />
    <tag k="self_service" v="yes" />
    <tag k="shop" v="laundry" />
  </node>
  <node id="2463977970" lat="47.6955879" lon="-122.3178288">
    <tag k="entrance" v="main" />
  </node>
  <node id="2553032258" lat="47.6029175" lon="-122.2844290">
    <tag k="addr:city" v="Seattle" />
    <tag k="addr:housenumber" v="200" />
    <tag k="addr:postcode" v="98122" />
    <tag k="addr:state" v="WA" />
    <tag k="addr:street" v="Lake Washington Boulevard" />
    <tag k="amenity" v="dentist" />
    <tag k="healthcare" v="dentist" />
    <tag k="name" v="32 Pearls" />
    <tag k="phone" v="+1-206-322-8862" />
    <tag k="source" v="King County GIS;data.seattle.gov" />
    <tag k="website" v="https://32pearls.com/" />
  </node>
  <node id="2553032268" lat="47.6026527" lon="-122.2846614">
    <tag k="addr:city" v="Seattle" />
    <tag k="addr:housenumber" v="140" />
    <tag k="addr:state" v="WA" />
    <tag k="addr:street" v="Lakeside Avenue South" />
    <tag k="addr:unit" v="B" />
    <tag k="name" v="Marshall's Cleaners" />
    <tag k="shop" v="dry_cleaning" />
  </node>
  <node id="2553032299" lat="47.6027019" lon="-122.2846340">
    <tag k="addr:city" v="Seattle" />
    <tag k="addr:housenumber" v="140" />
    <tag k="addr:state" v="WA" />
    <tag k="addr:street" v="Lakeside Avenue South" />
    <tag k="name" v="Park Postal" />
    <tag k="shop" v="post_office" />
  </node>
  <node id="2941289529" lat="47.6915664" lon="-122.3138620" />
  <node id="2941289530" lat="47.6917251" lon="-122.3148580" />
  <node id="2941289531" lat="47.6917404" lon="-122.3165259" />
  <node id="2941289543" lat="47.6912695" lon="-122.3134840" />
  <node id="4394259631" lat="47.5378644" lon="-122.2809773">
    <tag k="addr:city" v="Seattle" />
    <tag k="addr:country" v="US" />
    <tag k="addr:housenumber" v="7136" />
    <tag k="addr:postcode" v="98118" />
    <tag k="addr:state" v="WA" />
    <tag k="addr:street" v="Martin Luther King Junior Way South" />
    <tag k="addr:unit" v="101" />
    <tag k="check_date" v="2024-07-21" />
    <tag k="contact:phone" v="+1-206-723-6863" />
    <tag k="laundry_service" v="no" />
    <tag k="name" v="Empire Speed Wash Laundromat" />
    <tag k="opening_hours" v="Mo,Tu,Th,Fr 08:00-20:00; Sa 06:30-20:00; Su 07:00-20:00; We off" />
    <tag k="self_service" v="yes" />
    <tag k="shop" v="laundry" />
    <tag k="website" v="https://www.empirespeedwash.com/" />
  </node>
  <node id="4531285125" lat="47.6960480" lon="-122.3174970">
    <tag k="bench" v="no" />
    <tag k="bin" v="no" />
    <tag k="gtfs:stop_id:US-WA-KCM" v="82167" />
    <tag k="highway" v="bus_stop" />
    <tag k="lit" v="yes" />
    <tag k="name" v="Roosevelt Way Northeast &amp; Northeast 92nd Street" />
    <tag k="network" v="King County Metro" />
    <tag k="network:short" v="KCM" />
    <tag k="network:wikidata" v="Q6411393" />
    <tag k="network:wikipedia" v="en:King County Metro" />
    <tag k="operator" v="King County Metro" />
    <tag k="operator:short" v="KCM" />
    <tag k="operator:wikidata" v="Q6411393" />
    <tag k="operator:wikipedia" v="en:King County Metro" />
    <tag k="public_transport" v="platform" />
    <tag k="ref" v="82167" />
    <tag k="route_ref" v="67" />
    <tag k="shelter" v="no" />
    <tag k="tactile_paving" v="no" />
    <tag k="wheelchair" v="yes" />
  </node>
  <node id="4531319367" lat="47.6955095" lon="-122.3176000">
    <tag k="bus" v="yes" />
    <tag k="gtfs:stop_id:US-WA-KCM" v="82235" />
    <tag k="name" v="Roosevelt Way Northeast &amp; Northeast 92nd Street" />
    <tag k="network" v="King County Metro" />
    <tag k="network:short" v="KCM" />
    <tag k="network:wikidata" v="Q6411393" />
    <tag k="network:wikipedia" v="en:King County Metro" />
    <tag k="operator" v="King County Metro" />
    <tag k="operator:short" v="KCM" />
    <tag k="operator:wikidata" v="Q6411393" />
    <tag k="operator:wikipedia" v="en:King County Metro" />
    <tag k="public_transport" v="stop_position" />
    <tag k="ref" v="82235" />
    <tag k="route_ref" v="67" />
  </node>
  <node id="4531319378" lat="47.6960487" lon="-122.3175930">
    <tag k="bus" v="yes" />
    <tag k="gtfs:stop_id:US-WA-KCM" v="82167" />
    <tag k="name" v="Roosevelt Way Northeast &amp; Northeast 92nd Street" />
    <tag k="network" v="King County Metro" />
    <tag k="network:short" v="KCM" />
    <tag k="network:wikidata" v="Q6411393" />
    <tag k="network:wikipedia" v="en:King County Metro" />
    <tag k="operator" v="King County Metro" />
    <tag k="operator:short" v="KCM" />
    <tag k="operator:wikidata" v="Q6411393" />
    <tag k="operator:wikipedia" v="en:King County Metro" />
    <tag k="public_transport" v="stop_position" />
    <tag k="ref" v="82167" />
  </node>
  <node id="4607155758" lat="47.6038006" lon="-122.2851800">
    <tag k="gtfs:stop_id:US-WA-KCM" v="27670" />
    <tag k="highway" v="bus_stop" />
    <tag k="name" v="East Alder Street &amp; Erie Avenue" />
    <tag k="network" v="King County Metro" />
    <tag k="network:short" v="KCM" />
    <tag k="network:wikidata" v="Q6411393" />
    <tag k="operator" v="King County Metro" />
    <tag k="operator:short" v="KCM" />
    <tag k="operator:wikidata" v="Q6411393" />
    <tag k="operator:wikipedia" v="en:King County Metro" />
    <tag k="public_transport" v="platform" />
    <tag k="ref" v="27670" />
    <tag k="route_ref" v="27" />
    <tag k="wheelchair" v="yes" />
  </node>
  <node id="4607155762" lat="47.6039462" lon="-122.2857190">
    <tag k="gtfs:stop_id:US-WA-KCM" v="27260" />
    <tag k="highway" v="bus_stop" />
    <tag k="name" v="East Alder Street &amp; Erie Avenue" />
    <tag k="network" v="King County Metro" />
    <tag k="network:short" v="KCM" />
    <tag k="network:wikidata" v="Q6411393" />
    <tag k="operator" v="King County Metro" />
    <tag k="operator:short" v="KCM" />
    <tag k="operator:wikidata" v="Q6411393" />
    <tag k="operator:wikipedia" v="en:King County Metro" />
    <tag k="public_transport" v="platform" />
    <tag k="ref" v="27260" />
    <tag k="route_ref" v="27" />
    <tag k="wheelchair" v="yes" />
  </node>
  <node id="4607156671" lat="47.6038537" lon="-122.2851521">
    <tag k="bus" v="yes" />
    <tag k="gtfs:stop_id:US-WA-KCM" v="27670" />
    <tag k="name" v="East Alder Street &amp; Erie Avenue" />
    <tag k="public_transport" v="stop_position" />
    <tag k="ref" v="27670" />
  </node>
  <node id="4607156674" lat="47.6038901" lon="-122.2857115">
    <tag k="bus" v="yes" />
    <tag k="gtfs:stop_id:US-WA-KCM" v="27260" />
    <tag k="name" v="East Alder Street &amp; Erie Avenue" />
    <tag k="public_transport" v="stop_position" />
    <tag k="ref" v="27260" />
  </node>
  <node id="4607156682" lat="47.6018114" lon="-122.2852886">
    <tag k="bus" v="yes" />
    <tag k="gtfs:stop_id:US-WA-KCM" v="27240" />
    <tag k="name" v="Lakeside Avenue South &amp; Lake Washington Boulevard" />
    <tag k="public_transport" v="stop_position" />
    <tag k="ref" v="27240" />
  </node>
  <node id="4775990555" lat="47.6830449" lon="-122.2809341">
    <tag k="bus" v="yes" />
    <tag k="gtfs:stop_id:US-WA-KCM" v="37760" />
    <tag k="name" v="Northeast 75th Street &amp; 44th Avenue Northeast" />
    <tag k="network" v="King County Metro" />
    <tag k="network:short" v="KCM" />
    <tag k="network:wikidata" v="Q6411393" />
    <tag k="operator" v="King County Metro" />
    <tag k="operator:short" v="KCM" />
    <tag k="operator:wikidata" v="Q6411393" />
    <tag k="public_transport" v="stop_position" />
    <tag k="ref" v="37760" />
  </node>
  <node id="4775990565" lat="47.6829779" lon="-122.2809358">
    <tag k="gtfs:stop_id:US-WA-KCM" v="37760" />
    <tag k="highway" v="bus_stop" />
    <tag k="name" v="Northeast 75th Street &amp; 44th Avenue Northeast" />
    <tag k="network" v="King County Metro" />
    <tag k="network:short" v="KCM" />
    <tag k="network:wikidata" v="Q6411393" />
    <tag k="operator" v="King County Metro" />
    <tag k="operator:short" v="KCM" />
    <tag k="operator:wikidata" v="Q6411393" />
    <tag k="operator:wikipedia" v="en:King County Metro" />
    <tag k="public_transport" v="platform" />
    <tag k="ref" v="37760" />
    <tag k="route_ref" v="79" />
    <tag k="wheelchair" v="yes" />
  </node>
  <node id="4775990580" lat="47.6831165" lon="-122.2808239">
    <tag k="gtfs:stop_id:US-WA-KCM" v="37571" />
    <tag k="highway" v="bus_stop" />
    <tag k="name" v="Northeast 75th Street &amp; 44th Avenue Northeast" />
    <tag k="network" v="King County Metro" />
    <tag k="network:short" v="KCM" />
    <tag k="network:wikidata" v="Q6411393" />
    <tag k="operator" v="King County Metro" />
    <tag k="operator:short" v="KCM" />
    <tag k="operator:wikidata" v="Q6411393" />
    <tag k="operator:wikipedia" v="en:King County Metro" />
    <tag k="public_transport" v="platform" />
    <tag k="ref" v="37571" />
    <tag k="route_ref" v="79" />
    <tag k="wheelchair" v="yes" />
  </node>
  <node id="4775990604" lat="47.6830447" lon="-122.2808205">
    <tag k="bus" v="yes" />
    <tag k="gtfs:stop_id:US-WA-KCM" v="37571" />
    <tag k="name" v="Northeast 75th Street &amp; 44th Avenue Northeast" />
    <tag k="network" v="King County Metro" />
    <tag k="network:short" v="KCM" />
    <tag k="network:wikidata" v="Q6411393" />
    <tag k="operator" v="King County Metro" />
    <tag k="operator:short" v="KCM" />
    <tag k="operator:wikidata" v="Q6411393" />
    <tag k="public_transport" v="stop_position" />
    <tag k="ref" v="37571" />
  </node>
  <node id="5015763749" lat="47.6024676" lon="-122.2847516">
    <tag k="amenity" v="bench" />
  </node>
  <node id="5015763750" lat="47.6024709" lon="-122.2847778">
    <tag k="amenity" v="bench" />
  </node>
  <node id="5015765652" lat="47.6029095" lon="-122.2845804">
    <tag k="amenity" v="bench" />
  </node>
  <node id="5015765659" lat="47.6020320" lon="-122.2853216">
    <tag k="amenity" v="bicycle_parking" />
    <tag k="bicycle_parking" v="stands" />
    <tag k="capacity" v="2" />
    <tag k="covered" v="no" />
  </node>
  <node id="5015765665" lat="47.6020571" lon="-122.2853001">
    <tag k="amenity" v="bicycle_parking" />
    <tag k="bicycle_parking" v="stands" />
    <tag k="capacity" v="4" />
    <tag k="covered" v="no" />
  </node>
  <node id="5015765667" lat="47.6017218" lon="-122.2852410">
    <tag k="amenity" v="post_box" />
    <tag k="brand" v="UPS" />
    <tag k="brand:wikidata" v="Q155026" />
    <tag k="collection_times" v="Mo-Fr 16:30" />
    <tag k="official_name" v="United Parcel Service" />
    <tag k="operator" v="UPS" />
    <tag k="operator:type" v="private" />
    <tag k="operator:wikidata" v="Q155026" />
    <tag k="operator:wikipedia" v="en:United Parcel Service" />
  </node>
  <node id="5015765669" lat="47.6020724" lon="-122.2852887">
    <tag k="amenity" v="bicycle_parking" />
    <tag k="bicycle_parking" v="stands" />
    <tag k="capacity" v="4" />
    <tag k="covered" v="no" />
  </node>
  <node id="5603420403" lat="47.5377637" lon="-122.2803734">
    <tag k="addr:city" v="Seattle" />
    <tag k="addr:country" v="US" />
    <tag k="addr:housenumber" v="4200" />
    <tag k="addr:postcode" v="98118" />
    <tag k="addr:state" v="WA" />
    <tag k="addr:street" v="South Othello Street" />
    <tag k="addr:unit" v="117" />
    <tag k="amenity" v="coworking_space" />
    <tag k="contact:phone" v="+1-206-685-3023" />
    <tag k="name" v="Othello-UW Commons" />
    <tag k="office" v="coworking" />
    <tag k="opening_hours" v="We,Th 10:00-16:00" />
    <tag k="operator" v="University of Washington" />
    <tag k="operator:short" v="UW" />
    <tag k="toilets" v="yes" />
    <tag k="toilets:unisex" v="yes" />
    <tag k="toilets:wheelchair" v="yes" />
    <tag k="website" v="https://cele.uw.edu/programs/othello-uw-commons/" />
  </node>
  <node id="5603420406" lat="47.5379984" lon="-122.2795305" />
  <node id="5603420407" lat="47.5371411" lon="-122.2795235" />
  <node id="5603420408" lat="47.5371499" lon="-122.2800613" />
  <node id="5603420409" lat="47.5371818" lon="-122.2806357" />
  <node id="5695439547" lat="47.5382021" lon="-122.2812879">
    <tag k="addr:city" v="Seattle" />
    <tag k="addr:country" v="US" />
    <tag k="addr:housenumber" v="3219" />
    <tag k="addr:postcode" v="98144" />
    <tag k="addr:state" v="WA" />
    <tag k="addr:street" v="Martin Luther King Junior Way South" />
    <tag k="check_date" v="2025-06-18" />
    <tag k="name" v="Seattle Best Cleaners" />
    <tag k="opening_hours" v="Mo-Sa 08:00-18:00; Su off" />
    <tag k="phone" v="+1-206-722-4777" />
    <tag k="shop" v="dry_cleaning" />
    <tag k="wheelchair" v="limited" />
  </node>
  <node id="5762448967" lat="47.6023680" lon="-122.2848140">
    <tag k="addr:city" v="Seattle" />
    <tag k="addr:housenumber" v="120" />
    <tag k="addr:postcode" v="98122" />
    <tag k="addr:state" v="WA" />
    <tag k="addr:street" v="Lakeside Avenue" />
    <tag k="addr:unit" v="A" />
    <tag k="email" v="info@thepolkadotjersey.com" />
    <tag k="name" v="The Polka Dot Jersey" />
    <tag k="opening_hours" v="Tu-Fr 12:00-19:00; Sa 08:00-16:00" />
    <tag k="phone" v="+1-206-328-5400" />
    <tag k="service:bicycle:repair" v="yes" />
    <tag k="shop" v="bicycle" />
    <tag k="website" v="https://www.thepolkadotjersey.com/" />
  </node>
  <node id="6117532406" lat="47.5379930" lon="-122.2807010" />
  <node id="6158005496" lat="47.5386044" lon="-122.2802723">
    <tag k="addr:city" v="Seattle" />
    <tag k="addr:housenumber" v="7100" />
    <tag k="addr:postcode" v="98118" />
    <tag k="addr:state" v="WA" />
    <tag k="addr:street" v="42nd Avenue South" />
    <tag k="amenity" v="place_of_worship" />
    <tag k="name" v="Iglesia ni Cristo" />
    <tag k="religion" v="christian" />
  </node>
  <node id="6158016972" lat="47.5377779" lon="-122.2811395">
    <tag k="addr:city" v="Seattle" />
    <tag k="addr:housenumber" v="7136" />
    <tag k="addr:postcode" v="98118" />
    <tag k="addr:state" v="WA" />
    <tag k="addr:street" v="Martin Luther King Junior Way South" />
    <tag k="addr:unit" v="103" />
    <tag k="amenity" v="restaurant" />
    <tag k="cuisine" v="vietnamese" />
    <tag k="indoor_seating" v="yes" />
    <tag k="name" v="Huong Duong Restaurant" />
    <tag k="opening_hours" v="Mo-Sa 11:00 - 19:00" />
    <tag k="outdoor_seating" v="no" />
    <tag k="phone" v="+1-206-849-7794" />
    <tag k="smoking" v="no" />
    <tag k="website" v="https://mkt.com/huong-duong-2" />
  </node>
  <node id="6956212928" lat="47.6953773" lon="-122.3177002" />
  <node id="6956212929" lat="47.6953866" lon="-122.3181562" />
  <node id="6956212930" lat="47.6958937" lon="-122.3181254" />
  <node id="6956212931" lat="47.6958926" lon="-122.3177356" />
  <node id="6956212932" lat="47.6963758" lon="-122.3177017" />
  <node id="6956212933" lat="47.6963758" lon="-122.3183302" />
  <node id="6956212934" lat="47.6968061" lon="-122.3183056" />
  <node id="6956212935" lat="47.6968051" lon="-122.3177310" />
  <node id="6956212936" lat="47.6972419" lon="-122.3177354" />
  <node id="6956212937" lat="47.6972437" lon="-122.3181038" />
  <node id="6956212938" lat="47.6973639" lon="-122.3180961" />
  <node id="6956212939" lat="47.6973666" lon="-122.3177385" />
  <node id="6956215842" lat="47.6966732" lon="-122.3122405" />
  <node id="6956215843" lat="47.6967008" lon="-122.3174783" />
  <node id="6956215844" lat="47.6964249" lon="-122.3174851" />
  <node id="6956215845" lat="47.6964154" lon="-122.3170582" />
  <node id="6956215846" lat="47.6931591" lon="-122.3170521" />
  <node id="6956215847" lat="47.6931536" lon="-122.3168854" />
  <node id="6956215848" lat="47.6926445" lon="-122.3169074" />
  <node id="6956215849" lat="47.6926463" lon="-122.3170796" />
  <node id="6956215854" lat="47.6910027" lon="-122.3134765" />
  <node id="6956215855" lat="47.6909958" lon="-122.3127590" />
  <node id="6956215856" lat="47.6909343" lon="-122.3127264" />
  <node id="6956215857" lat="47.6909247" lon="-122.3123524" />
  <node id="6956215880" lat="47.6967993" lon="-122.3170480" />
  <node id="8285094560" lat="47.6832719" lon="-122.2791828" />
  <node id="8285094561" lat="47.6832700" lon="-122.2791588" />
  <node id="8285094562" lat="47.6832627" lon="-122.2791363" />
  <node id="8285094563" lat="47.6832330" lon="-122.2791223" />
  <node id="8285094564" lat="47.6831892" lon="-122.2791197" />
  <node id="8285094565" lat="47.6831729" lon="-122.2791270" />
  <node id="8285094566" lat="47.6831641" lon="-122.2791621" />
  <node id="8285094567" lat="47.6831638" lon="-122.2792372" />
  <node id="8285094568" lat="47.6831755" lon="-122.2792587" />
  <node id="8285094569" lat="47.6832162" lon="-122.2792645" />
  <node id="8285094570" lat="47.6832447" lon="-122.2792614" />
  <node id="8285094571" lat="47.6832624" lon="-122.2792460" />
  <node id="8285094572" lat="47.6832706" lon="-122.2792214" />
  <node id="8285094573" lat="47.6832712" lon="-122.2791971" />
  <node id="8285094601" lat="47.6841307" lon="-122.2790703" />
  <node id="8285094602" lat="47.6841035" lon="-122.2790676" />
  <node id="8285094603" lat="47.6840947" lon="-122.2790646" />
  <node id="8285094604" lat="47.6840900" lon="-122.2790545" />
  <node id="8285094605" lat="47.6840900" lon="-122.2790257" />
  <node id="8285094606" lat="47.6840949" lon="-122.2790176" />
  <node id="8285094607" lat="47.6841087" lon="-122.2790141" />
  <node id="8285094608" lat="47.6841343" lon="-122.2790203" />
  <node id="8285094609" lat="47.6841437" lon="-122.2790284" />
  <node id="8285094610" lat="47.6841460" lon="-122.2790434" />
  <node id="8285094611" lat="47.6841450" lon="-122.2790557" />
  <node id="8285094612" lat="47.6841408" lon="-122.2790642" />
  <node id="8412547402" lat="47.6854126" lon="-122.2851366" />
  <node id="8412559061" lat="47.6851109" lon="-122.2829327" />
  <node id="8412559062" lat="47.6851209" lon="-122.2829297" />
  <node id="8412559063" lat="47.6851321" lon="-122.2829207" />
  <node id="8412559064" lat="47.6851382" lon="-122.2829102" />
  <node id="8412559065" lat="47.6851422" lon="-122.2828956" />
  <node id="8412559066" lat="47.6851437" lon="-122.2828769" />
  <node id="8412559067" lat="47.6851465" lon="-122.2826650" />
  <node id="8412559068" lat="47.6851453" lon="-122.2826542" />
  <node id="8412559069" lat="47.6851408" lon="-122.2826411" />
  <node id="8412559070" lat="47.6851349" lon="-122.2826285" />
  <node id="8412559071" lat="47.6851248" lon="-122.2826184" />
  <node id="8412559072" lat="47.6851130" lon="-122.2826151" />
  <node id="8412559073" lat="47.6850990" lon="-122.2826112" />
  <node id="8412559074" lat="47.6850886" lon="-122.2826088" />
  <node id="8412559075" lat="47.6850804" lon="-122.2826021" />
  <node id="8412559076" lat="47.6850710" lon="-122.2825904" />
  <node id="8412559077" lat="47.6850640" lon="-122.2825739" />
  <node id="8412559078" lat="47.6850598" lon="-122.2825565" />
  <node id="8412559079" lat="47.6850601" lon="-122.2825369" />
  <node id="8412559080" lat="47.6850630" lon="-122.2825198" />
  <node id="8412559081" lat="47.6850690" lon="-122.2825071" />
  <node id="8412559082" lat="47.6850762" lon="-122.2824946" />
  <node id="8412559083" lat="47.6850881" lon="-122.2824846" />
  <node id="8412559084" lat="47.6850991" lon="-122.2824804" />
  <node id="8412559085" lat="47.6851231" lon="-122.2824799" />
  <node id="8412559086" lat="47.6851264" lon="-122.2822401" />
  <node id="8412559087" lat="47.6849237" lon="-122.2822320" />
  <node id="8412559088" lat="47.6849341" lon="-122.2830329" />
  <node id="8412559089" lat="47.6851107" lon="-122.2830374" />
  <node id="8414009449" lat="47.6849317" lon="-122.2841965" />
  <node id="8414009450" lat="47.6849342" lon="-122.2830709" />
  <node id="8414009456" lat="47.6865760" lon="-122.2836277" />
  <node id="8414009457" lat="47.6865622" lon="-122.2851600" />
  <node id="8414009458" lat="47.6858901" lon="-122.2851460" />
  <node id="8414012926" lat="47.6865835" lon="-122.2827922" />
  <node id="8414012952" lat="47.6865800" lon="-122.2831847" />
  <node id="8414012953" lat="47.6865827" lon="-122.2828910" />
  <node id="8847506823" lat="47.6836835" lon="-122.2794145" />
  <node id="8912338668" lat="47.6023396" lon="-122.2848796">
    <tag k="amenity" v="bench" />
  </node>
  <node id="8912338684" lat="47.6026993" lon="-122.2849912">
    <tag k="amenity" v="bench" />
    <tag k="backrest" v="yes" />
    <tag k="material" v="concrete" />
  </node>
  <node id="9216876927" lat="47.6976415" lon="-122.3202837">
    <tag k="barrier" v="kerb" />
    <tag k="kerb" v="lowered" />
    <tag k="tactile_paving" v="yes" />
  </node>
  <node id="9750192426" lat="47.6956536" lon="-122.3177114">
    <tag k="kerb" v="no" />
    <tag k="tactile_paving" v="no" />
  </node>
  <node id="9750192427" lat="47.6956087" lon="-122.3177114">
    <tag k="kerb" v="no" />
    <tag k="tactile_paving" v="no" />
  </node>
  <node id="9750192429" lat="47.6955232" lon="-122.3177114">
    <tag k="kerb" v="no" />
    <tag k="tactile_paving" v="no" />
  </node>
  <node id="9750192430" lat="47.6954575" lon="-122.3177114">
    <tag k="kerb" v="no" />
    <tag k="tactile_paving" v="no" />
  </node>
  <node id="9750192431" lat="47.6953917" lon="-122.3177114">
    <tag k="kerb" v="no" />
    <tag k="tactile_paving" v="no" />
  </node>
  <node id="9750192454" lat="47.6945626" lon="-122.3174979">
    <tag k="kerb" v="no" />
    <tag k="tactile_paving" v="no" />
  </node>
  <node id="9834203464" lat="47.6961538" lon="-122.3170575" />
  <node id="9834203465" lat="47.6958888" lon="-122.3170570" />
  <node id="9834203466" lat="47.6958913" lon="-122.3174830" />
  <node id="9834203467" lat="47.6961564" lon="-122.3174806" />
  <node id="9836417553" lat="47.6919278" lon="-122.3175037" />
  <node id="9845424888" lat="47.6968278" lon="-122.3171883">
    <tag k="access" v="permit" />
    <tag k="amenity" v="parking_entrance" />
    <tag k="maxheight:signed" v="no" />
    <tag k="parking" v="underground" />
  </node>
  <node id="9930954534" lat="47.5391327" lon="-122.2817801">
    <tag k="amenity" v="bicycle_parking" />
    <tag k="bicycle_parking" v="rack" />
    <tag k="capacity" v="16" />
    <tag k="covered" v="yes" />
  </node>
  <node id="9930954535" lat="47.5390701" lon="-122.2817731">
    <tag k="amenity" v="bicycle_parking" />
    <tag k="bicycle_parking" v="rack" />
    <tag k="capacity" v="8" />
    <tag k="covered" v="no" />
    <tag k="operator" v="Sound Transit" />
  </node>
  <node id="11742776273" lat="47.6795072" lon="-122.2823398" />
  <node id="11742776274" lat="47.6795094" lon="-122.2838866" />
  <node id="11742776275" lat="47.6794989" lon="-122.2849117" />
  <node id="11742776276" lat="47.6795230" lon="-122.2849268" />
  <node id="11742776277" lat="47.6829698" lon="-122.2849950" />
  <node id="11742776278" lat="47.6829550" lon="-122.2798924" />
  <node id="11742776279" lat="47.6829471" lon="-122.2796535" />
  <node id="11742776280" lat="47.6829674" lon="-122.2796233" />
  <node id="11742776281" lat="47.6829620" lon="-122.2745651" />
  <node id="11742776282" lat="47.6829528" lon="-122.2745363" />
  <node id="11742776283" lat="47.6829385" lon="-122.2745211" />
  <node id="11742776284" lat="47.6829222" lon="-122.2745121" />
  <node id="11753615826" lat="47.6848052" lon="-122.2862491" />
  <node id="11753615827" lat="47.6831216" lon="-122.2862033" />
  <node id="11753615828" lat="47.6836796" lon="-122.2799129" />
  <node id="11753615829" lat="47.6847710" lon="-122.2799373" />
  <node id="11753615830" lat="47.6848169" lon="-122.2822570" />
  <node id="11753615831" lat="47.6849358" lon="-122.2799518" />
  <node id="11753615832" lat="47.6849276" lon="-122.2820306" />
  <node id="11753615833" lat="47.6866070" lon="-122.2820919" />
  <node id="11753615834" lat="47.6865999" lon="-122.2799891" />
  <node id="11776235962" lat="47.6973995" lon="-122.3177386" />
  <node id="11776235963" lat="47.6974624" lon="-122.3177387" />
  <node id="11776329586" lat="47.6975746" lon="-122.3177390" />
  <node id="11778757539" lat="47.6967145" lon="-122.3170540" />
  <node id="11778757540" lat="47.6976381" lon="-122.3170534" />
  <node id="11778777290" lat="47.6967099" lon="-122.3174422" />
  <node id="11778777291" lat="47.6967228" lon="-122.3163499" />
  <node id="11778777292" lat="47.6966551" lon="-122.3148981" />
  <node id="11778777293" lat="47.6967016" lon="-122.3149505" />
  <node id="11778777294" lat="47.6966912" lon="-122.3149223" />
  <node id="11778777295" lat="47.6966551" lon="-122.3148150" />
  <node id="11778777296" lat="47.6966939" lon="-122.3147433" />
  <node id="11778777297" lat="47.6966804" lon="-122.3147888" />
  <node id="11778777298" lat="47.6966059" lon="-122.3148177" />
  <node id="11778777299" lat="47.6966050" lon="-122.3148901" />
  <node id="11778777300" lat="47.6967016" lon="-122.3150484" />
  <node id="11778777301" lat="47.6967002" lon="-122.3146614" />
  <node id="11778777310" lat="47.6967539" lon="-122.3149746" />
  <node id="11778777311" lat="47.6967970" lon="-122.3148961" />
  <node id="11778777312" lat="47.6967688" lon="-122.3149226" />
  <node id="11778777313" lat="47.6968552" lon="-122.3148931" />
  <node id="11778777314" lat="47.6975821" lon="-122.3148800" />
  <node id="11778777315" lat="47.6976218" lon="-122.3149592" />
  <node id="11778777316" lat="47.6976119" lon="-122.3149049" />
  <node id="11778777336" lat="47.6976240" lon="-122.3150247" />
  <node id="11778777337" lat="47.6975392" lon="-122.3148800" />
  <node id="11778777338" lat="47.6967537" lon="-122.3150470" />
  <node id="11778777339" lat="47.6966542" lon="-122.3121764" />
  <node id="11778777340" lat="47.6966709" lon="-122.3122180" />
  <node id="11778777341" lat="47.6966632" lon="-122.3121965" />
  <node id="11778777342" lat="47.6966266" lon="-122.3121583" />
  <node id="11788532800" lat="47.6955174" lon="-122.3177195" />
  <node id="11788532801" lat="47.6956311" lon="-122.3177195" />
  <node id="11788532804" lat="47.6956678" lon="-122.3176992" />
  <node id="11788532805" lat="47.6956660" lon="-122.3177195" />
  <node id="11788532819" lat="47.6957467" lon="-122.3177114" />
  <node id="11788532820" lat="47.6957467" lon="-122.3177195" />
  <node id="11788532821" lat="47.6956536" lon="-122.3176992" />
  <node id="11788532822" lat="47.6957467" lon="-122.3176992" />
  <node id="11788532825" lat="47.6956311" lon="-122.3176870" />
  <node id="11788532826" lat="47.6956311" lon="-122.3177032" />
  <node id="11788532827" lat="47.6956536" lon="-122.3177032" />
  <node id="11788532828" lat="47.6956536" lon="-122.3176870" />
  <node id="11788532829" lat="47.6956536" lon="-122.3177195" />
  <node id="11788532831" lat="47.6955659" lon="-122.3177195" />
  <node id="11788532832" lat="47.6955659" lon="-122.3177032" />
  <node id="11788532833" lat="47.6956087" lon="-122.3177032" />
  <node id="11788532834" lat="47.6956087" lon="-122.3177195" />
  <node id="11788532838" lat="47.6955967" lon="-122.3178206" />
  <node id="11788532844" lat="47.6956207" lon="-122.3178206" />
  <node id="11788532845" lat="47.6956125" lon="-122.3178206" />
  <node id="11788532848" lat="47.6956207" lon="-122.3178288" />
  <node id="11788532849" lat="47.6955202" lon="-122.3178207" />
  <node id="11788532852" lat="47.6955495" lon="-122.3178369">
    <tag k="window" v="yes" />
  </node>
  <node id="11788532853" lat="47.6956043" lon="-122.3178369">
    <tag k="window" v="yes" />
  </node>
  <node id="11788532856" lat="47.6955208" lon="-122.3178430" />
  <node id="11788532857" lat="47.6955331" lon="-122.3178430" />
  <node id="11788532860" lat="47.6954228" lon="-122.3177032" />
  <node id="11788532861" lat="47.6954228" lon="-122.3177195" />
  <node id="11788532862" lat="47.6955004" lon="-122.3177195" />
  <node id="11788532864" lat="47.6953917" lon="-122.3177032" />
  <node id="11788532865" lat="47.6954575" lon="-122.3177032" />
  <node id="11788532866" lat="47.6954958" lon="-122.3177195" />
  <node id="11788532867" lat="47.6955232" lon="-122.3177195" />
  <node id="11788532868" lat="47.6955232" lon="-122.3177032" />
  <node id="11788579270" lat="47.6953917" lon="-122.3177195" />
  <node id="11788579271" lat="47.6954575" lon="-122.3177195" />
  <node id="11788579283" lat="47.6954958" lon="-122.3177032" />
  <node id="11803311969" lat="47.6940877" lon="-122.3202827" />
  <node id="11803311970" lat="47.6940694" lon="-122.3202538" />
  <node id="11803311971" lat="47.6940757" lon="-122.3202720" />
  <node id="11803311980" lat="47.6941013" lon="-122.3202887" />
  <node id="11803311982" lat="47.6948857" lon="-122.3202860" />
  <node id="11803311983" lat="47.6949055" lon="-122.3202589" />
  <node id="11803311984" lat="47.6948978" lon="-122.3202756" />
  <node id="11803311991" lat="47.6949848" lon="-122.3202604" />
  <node id="11803311992" lat="47.6950083" lon="-122.3202840" />
  <node id="11803311993" lat="47.6949945" lon="-122.3202778" />
  <node id="11803311995" lat="47.6948730" lon="-122.3202920" />
  <node id="11803311996" lat="47.6950217" lon="-122.3202872" />
  <node id="11803311998" lat="47.6958923" lon="-122.3202555" />
  <node id="11803311999" lat="47.6959176" lon="-122.3202931" />
  <node id="11803312000" lat="47.6959025" lon="-122.3202756" />
  <node id="11803312001" lat="47.6958910" lon="-122.3204470" />
  <node id="11803312002" lat="47.6959118" lon="-122.3203994" />
  <node id="11803312003" lat="47.6958978" lon="-122.3204195" />
  <node id="11803312004" lat="47.6957989" lon="-122.3203896" />
  <node id="11803312005" lat="47.6958195" lon="-122.3204443" />
  <node id="11803312006" lat="47.6958120" lon="-122.3204148" />
  <node id="11803312007" lat="47.6957943" lon="-122.3202882" />
  <node id="11803312008" lat="47.6958166" lon="-122.3202564" />
  <node id="11803312009" lat="47.6958070" lon="-122.3202760" />
  <node id="11803312010" lat="47.6957817" lon="-122.3203692" />
  <node id="11803312011" lat="47.6957801" lon="-122.3202946" />
  <node id="11803312012" lat="47.6959352" lon="-122.3203036" />
  <node id="11803312013" lat="47.6959320" lon="-122.3203856" />
  <node id="11803312020" lat="47.6968111" lon="-122.3203026" />
  <node id="11803312021" lat="47.6967957" lon="-122.3202606" />
  <node id="11803312022" lat="47.6967183" lon="-122.3203008" />
  <node id="11803312023" lat="47.6967386" lon="-122.3202585" />
  <node id="11803312024" lat="47.6967332" lon="-122.3202867" />
  <node id="11803312025" lat="47.6968009" lon="-122.3202854" />
  <node id="11803312027" lat="47.6966975" lon="-122.3203080" />
  <node id="11803312028" lat="47.6968246" lon="-122.3203129" />
  <node id="11803312039" lat="47.6976283" lon="-122.3202954" />
  <node id="11803312040" lat="47.6976501" lon="-122.3202606" />
  <node id="11803312042" lat="47.6975889" lon="-122.3202954" />
  <node id="11803312044" lat="47.6975476" lon="-122.3203082" />
  <node id="11803312049" lat="47.6976385" lon="-122.3177363" />
  <node id="11803312050" lat="47.6976516" lon="-122.3202269" />
  <node id="11803312051" lat="47.6967936" lon="-122.3202307" />
  <node id="11803312052" lat="47.6966988" lon="-122.3183117" />
  <node id="11803312053" lat="47.6967390" lon="-122.3202280" />
  <node id="11803312054" lat="47.6958847" lon="-122.3202346" />
  <node id="11803312055" lat="47.6957863" lon="-122.3181319" />
  <node id="11803312056" lat="47.6958206" lon="-122.3202326" />
  <node id="11803312057" lat="47.6949770" lon="-122.3202385" />
  <node id="11803312058" lat="47.6949847" lon="-122.3177000" />
  <node id="11803312059" lat="47.6948728" lon="-122.3177000" />
  <node id="11803312060" lat="47.6949112" lon="-122.3202365" />
  <node id="11803312061" lat="47.6940658" lon="-122.3202243" />
  <node id="11803312062" lat="47.6940748" lon="-122.3176996" />
  <node id="11803312137" lat="47.6958238" lon="-122.3204770" />
  <node id="11803312138" lat="47.6958869" lon="-122.3204796" />
  <node id="11803454166" lat="47.6949425" lon="-122.3202375" />
  <node id="11803454168" lat="47.6958548" lon="-122.3204783" />
  <node id="11803456669" lat="47.6957811" lon="-122.3203430" />
  <node id="11803456670" lat="47.6958508" lon="-122.3202335" />
  <node id="11803456671" lat="47.6959338" lon="-122.3203400" />
  <node id="11803456674" lat="47.6967633" lon="-122.3202292" />
  <node id="11803499824" lat="47.6976396" lon="-122.3184524" />
  <node id="11803499825" lat="47.6976453" lon="-122.3193104" />
  <node id="11812835668" lat="47.5379612" lon="-122.2810077">
    <tag k="check_date" v="2024-04-12" />
    <tag k="name" v="Amin International Grocery and Deli" />
    <tag k="shop" v="supermarket" />
  </node>
  <node id="11954540130" lat="47.6942532" lon="-122.3174857" />
  <node id="11954540133" lat="47.6941985" lon="-122.3174857" />
  <node id="11954540134" lat="47.6941985" lon="-122.3175101" />
  <node id="11954540139" lat="47.6941054" lon="-122.3174979" />
  <node id="11954540141" lat="47.6945626" lon="-122.3174857" />
  <node id="11954540143" lat="47.6945626" lon="-122.3175101" />
  <node id="11954540147" lat="47.6941273" lon="-122.3175101" />
  <node id="11954540148" lat="47.6941492" lon="-122.3175101" />
  <node id="11954540149" lat="47.6942532" lon="-122.3175101" />
  <node id="11954540150" lat="47.6942751" lon="-122.3175101" />
  <node id="11954540151" lat="47.6943682" lon="-122.3175101" />
  <node id="11954540152" lat="47.6943901" lon="-122.3175101" />
  <node id="11954540153" lat="47.6945161" lon="-122.3175101" />
  <node id="11954540160" lat="47.6945161" lon="-122.3175304" />
  <node id="11954540161" lat="47.6945380" lon="-122.3175101" />
  <node id="11954540162" lat="47.6945380" lon="-122.3175304" />
  <node id="11954540164" lat="47.6941054" lon="-122.3175101" />
  <node id="11954544829" lat="47.6945168" lon="-122.3174491" />
  <node id="11954544830" lat="47.6945245" lon="-122.3174525" />
  <node id="11954544831" lat="47.6945315" lon="-122.3174582" />
  <node id="11954544832" lat="47.6945376" lon="-122.3174658" />
  <node id="11954544833" lat="47.6945426" lon="-122.3174751" />
  <node id="11954544834" lat="47.6945314" lon="-122.3174857" />
  <node id="11954544838" lat="47.6943600" lon="-122.3174857" />
  <node id="11954544839" lat="47.6943326" lon="-122.3174857" />
  <node id="11954544864" lat="47.6943956" lon="-122.3174857" />
  <node id="12002040839" lat="47.5382821" lon="-122.2813681">
    <tag k="check_date" v="2024-06-22" />
    <tag k="female" v="yes" />
    <tag k="male" v="yes" />
    <tag k="name" v="Gloria Hair Salon" />
    <tag k="phone" v="+1-206-945-9604" />
    <tag k="shop" v="hairdresser" />
  </node>
  <node id="12377717997" lat="47.5385136" lon="-122.2817638">
    <tag k="amenity" v="vending_machine" />
    <tag k="vending" v="public_transport_tickets" />
  </node>
  <node id="12967172908" lat="47.6920209" lon="-122.3175034" />
  <node id="12967172917" lat="47.6920199" lon="-122.3170969" />
  <node id="12967172919" lat="47.6917398" lon="-122.3170967" />
  <node id="12967172927" lat="47.6921369" lon="-122.3170935" />
  <node id="12967172977" lat="47.6925209" lon="-122.3170821" />
  <node id="12967172978" lat="47.6922480" lon="-122.3170902" />
  <node id="12967172979" lat="47.6925211" lon="-122.3175061" />
  <node id="12967172980" lat="47.6922577" lon="-122.3175091" />
  <node id="12967172981" lat="47.6922497" lon="-122.3174987" />
  <node id="12967172983" lat="47.6930486" lon="-122.3169026" />
  <node id="13959230397" lat="47.6812355" lon="-122.2820925" />
  <node id="13996793538" lat="47.6831536" lon="-122.2810765">
    <tag k="amenity" v="public_bookcase" />
    <tag k="check_date" v="2023-05-12" />
    <tag k="mapillary" v="1012366990593774" />
  </node>
  <way id="31386337">
    <nd ref="349680902" />
    <nd ref="349680903" />
    <nd ref="8412559088" />
    <nd ref="8414009450" />
    <nd ref="349678372" />
    <nd ref="8414009449" />
    <nd ref="349678371" />
    <nd ref="8412547402" />
    <nd ref="8414009458" />
    <nd ref="8414009457" />
    <nd ref="8414009456" />
    <nd ref="8414012952" />
    <nd ref="8414012953" />
    <nd ref="8414012926" />
    <nd ref="349680902" />
    <tag k="landuse" v="education" />
  </way>
  <way id="586454550">
    <nd ref="6117532406" />
    <nd ref="5603420406" />
    <nd ref="5603420407" />
    <nd ref="5603420408" />
    <nd ref="5603420409" />
    <nd ref="6117532406" />
    <tag k="addr:city" v="Seattle" />
    <tag k="addr:housenumber" v="4200" />
    <tag k="addr:postcode" v="98118" />
    <tag k="addr:state" v="WA" />
    <tag k="addr:street" v="South Othello Street" />
    <tag k="landuse" v="residential" />
    <tag k="name" v="Assembly 118" />
    <tag k="opening_hours" v="Mo-Fr 09:00-19:00, 09:00-18:00; Sa, Su 10:00-17:00" />
    <tag k="phone" v="+1-206-899-4844" />
    <tag k="residential" v="apartments" />
    <tag k="website" v="https://assembly118.com" />
  </way>
  <way id="743152163">
    <nd ref="6956215842" />
    <nd ref="11778777301" />
    <nd ref="11778777296" />
    <nd ref="11778777297" />
    <nd ref="11778777295" />
    <nd ref="11778777298" />
    <nd ref="11778777299" />
    <nd ref="11778777292" />
    <nd ref="11778777294" />
    <nd ref="11778777293" />
    <nd ref="11778777300" />
    <nd ref="11778777291" />
    <nd ref="11778757539" />
    <nd ref="11778777290" />
    <nd ref="6956215843" />
    <nd ref="6956215844" />
    <nd ref="6956215845" />
    <nd ref="9834203464" />
    <nd ref="9834203467" />
    <nd ref="9834203466" />
    <nd ref="9834203465" />
    <nd ref="6956215846" />
    <nd ref="6956215847" />
    <nd ref="12967172983" />
    <nd ref="6956215848" />
    <nd ref="6956215849" />
    <nd ref="12967172977" />
    <nd ref="12967172979" />
    <nd ref="12967172980" />
    <nd ref="12967172981" />
    <nd ref="12967172978" />
    <nd ref="12967172927" />
    <nd ref="12967172917" />
    <nd ref="2302558185" />
    <nd ref="2302558186" />
    <nd ref="12967172908" />
    <nd ref="9836417553" />
    <nd ref="2302557527" />
    <nd ref="2302557526" />
    <nd ref="12967172919" />
    <nd ref="2941289531" />
    <nd ref="2941289530" />
    <nd ref="2941289529" />
    <nd ref="2941289543" />
    <nd ref="6956215854" />
    <nd ref="6956215855" />
    <nd ref="6956215856" />
    <nd ref="6956215857" />
    <nd ref="11778777342" />
    <nd ref="11778777339" />
    <nd ref="11778777341" />
    <nd ref="11778777340" />
    <nd ref="6956215842" />
    <tag k="landuse" v="residential" />
  </way>
  <way id="891368073">
    <nd ref="8285094560" />
    <nd ref="8285094561" />
    <nd ref="8285094562" />
    <nd ref="8285094563" />
    <nd ref="8285094564" />
    <nd ref="8285094565" />
    <nd ref="8285094566" />
    <nd ref="8285094567" />
    <nd ref="8285094568" />
    <nd ref="8285094569" />
    <nd ref="8285094570" />
    <nd ref="8285094571" />
    <nd ref="8285094572" />
    <nd ref="8285094573" />
    <nd ref="8285094560" />
    <tag k="golf" v="tee" />
    <tag k="landuse" v="grass" />
  </way>
  <way id="891368076">
    <nd ref="8285094601" />
    <nd ref="8285094602" />
    <nd ref="8285094603" />
    <nd ref="8285094604" />
    <nd ref="8285094605" />
    <nd ref="8285094606" />
    <nd ref="8285094607" />
    <nd ref="8285094608" />
    <nd ref="8285094609" />
    <nd ref="8285094610" />
    <nd ref="8285094611" />
    <nd ref="8285094612" />
    <nd ref="8285094601" />
    <tag k="golf" v="tee" />
    <tag k="landuse" v="grass" />
  </way>
  <way id="905893343">
    <nd ref="8412559061" />
    <nd ref="8412559062" />
    <nd ref="8412559063" />
    <nd ref="8412559064" />
    <nd ref="8412559065" />
    <nd ref="8412559066" />
    <nd ref="8412559067" />
    <nd ref="8412559068" />
    <nd ref="8412559069" />
    <nd ref="8412559070" />
    <nd ref="8412559071" />
    <nd ref="8412559072" />
    <nd ref="8412559073" />
    <nd ref="8412559074" />
    <nd ref="8412559075" />
    <nd ref="8412559076" />
    <nd ref="8412559077" />
    <nd ref="8412559078" />
    <nd ref="8412559079" />
    <nd ref="8412559080" />
    <nd ref="8412559081" />
    <nd ref="8412559082" />
    <nd ref="8412559083" />
    <nd ref="8412559084" />
    <nd ref="8412559085" />
    <nd ref="8412559086" />
    <nd ref="8412559087" />
    <nd ref="8412559088" />
    <nd ref="8412559089" />
    <nd ref="8412559061" />
    <tag k="landuse" v="grass" />
  </way>
  <way id="1263927990">
    <nd ref="11742776273" />
    <nd ref="11742776274" />
    <nd ref="11742776275" />
    <nd ref="11742776276" />
    <nd ref="11742776277" />
    <nd ref="11742776278" />
    <nd ref="833676228" />
    <nd ref="13959230397" />
    <nd ref="833676216" />
    <nd ref="11742776273" />
    <tag k="landuse" v="residential" />
  </way>
  <way id="1263927991">
    <nd ref="1721348583" />
    <nd ref="11742776279" />
    <nd ref="11742776280" />
    <nd ref="11742776281" />
    <nd ref="11742776282" />
    <nd ref="11742776283" />
    <nd ref="11742776284" />
    <nd ref="1721348589" />
    <nd ref="1721348583" />
    <tag k="landuse" v="residential" />
  </way>
  <way id="1265261164">
    <nd ref="11753615826" />
    <nd ref="11753615827" />
    <nd ref="409226747" />
    <nd ref="8847506823" />
    <nd ref="409226744" />
    <nd ref="11753615828" />
    <nd ref="11753615829" />
    <nd ref="11753615830" />
    <nd ref="11753615826" />
    <tag k="landuse" v="residential" />
  </way>
  <way id="1265261165">
    <nd ref="11753615831" />
    <nd ref="11753615832" />
    <nd ref="11753615833" />
    <nd ref="11753615834" />
    <nd ref="11753615831" />
    <tag k="landuse" v="residential" />
  </way>
  <way id="1268207160">
    <nd ref="11778777300" />
    <nd ref="11778777291" />
    <nd ref="11778757539" />
    <nd ref="6956215880" />
    <nd ref="11778777338" />
    <nd ref="11778777300" />
    <tag k="area:highway" v="residential" />
    <tag k="landuse" v="highway" />
  </way>
  <way id="1268207202">
    <nd ref="11778757540" />
    <nd ref="6956215880" />
    <nd ref="11778777338" />
    <nd ref="11778777310" />
    <nd ref="11778777312" />
    <nd ref="11778777311" />
    <nd ref="11778777313" />
    <nd ref="11778777337" />
    <nd ref="11778777314" />
    <nd ref="11778777316" />
    <nd ref="11778777315" />
    <nd ref="11778777336" />
    <nd ref="11778757540" />
    <tag k="landuse" v="residential" />
  </way>
  <way id="1269214111">
    <nd ref="11788532821" />
    <nd ref="11788532827" />
    <nd ref="9750192426" />
    <nd ref="11788532829" />
    <nd ref="11788532805" />
    <nd ref="11788532820" />
    <nd ref="11788532819" />
    <nd ref="11788532822" />
    <nd ref="11788532804" />
    <nd ref="11788532821" />
    <tag k="area:highway" v="footway" />
    <tag k="junction" v="yes" />
    <tag k="landuse" v="highway" />
  </way>
  <way id="1269214114">
    <nd ref="11788532826" />
    <nd ref="11788532827" />
    <nd ref="11788532821" />
    <nd ref="11788532828" />
    <nd ref="11788532825" />
    <nd ref="11788532826" />
    <tag k="landuse" v="grass" />
  </way>
  <way id="1269214115">
    <nd ref="11788532833" />
    <nd ref="9750192427" />
    <nd ref="11788532834" />
    <nd ref="11788532801" />
    <nd ref="11788532829" />
    <nd ref="9750192426" />
    <nd ref="11788532827" />
    <nd ref="11788532833" />
    <tag k="area:highway" v="footway" />
    <tag k="landuse" v="highway" />
  </way>
  <way id="1269214119">
    <nd ref="11788532834" />
    <nd ref="9750192427" />
    <nd ref="11788532833" />
    <nd ref="11788532832" />
    <nd ref="11788532868" />
    <nd ref="9750192429" />
    <nd ref="11788532867" />
    <nd ref="11788532831" />
    <nd ref="11788532834" />
    <tag k="area:highway" v="footway" />
    <tag k="junction" v="yes" />
    <tag k="landuse" v="highway" />
  </way>
  <way id="1269214121">
    <nd ref="2302581187" />
    <nd ref="11788532848" />
    <nd ref="11788532844" />
    <nd ref="11788532845" />
    <nd ref="11788532838" />
    <nd ref="2302581170" />
    <nd ref="2463977970" />
    <nd ref="2302581171" />
    <nd ref="11788532853" />
    <nd ref="2302581187" />
    <tag k="area:highway" v="footway" />
    <tag k="landuse" v="highway" />
  </way>
  <way id="1269214126">
    <nd ref="2302581082" />
    <nd ref="11788532852" />
    <nd ref="2302581111" />
    <nd ref="2302581110" />
    <nd ref="11788532849" />
    <nd ref="11788532856" />
    <nd ref="11788532857" />
    <nd ref="2302581082" />
    <tag k="landuse" v="flowerbed" />
  </way>
  <way id="1269214135">
    <nd ref="11788532864" />
    <nd ref="11788532860" />
    <nd ref="11788532865" />
    <nd ref="9750192430" />
    <nd ref="11788579271" />
    <nd ref="11788532861" />
    <nd ref="11788579270" />
    <nd ref="9750192431" />
    <nd ref="11788532864" />
    <tag k="area:highway" v="footway" />
    <tag k="junction" v="yes" />
    <tag k="landuse" v="highway" />
  </way>
  <way id="1269214143">
    <nd ref="11788532868" />
    <nd ref="11788579283" />
    <nd ref="11788532865" />
    <nd ref="9750192430" />
    <nd ref="11788579271" />
    <nd ref="11788532866" />
    <nd ref="11788532862" />
    <nd ref="11788532800" />
    <nd ref="11788532867" />
    <nd ref="9750192429" />
    <nd ref="11788532868" />
    <tag k="area:highway" v="footway" />
    <tag k="landuse" v="highway" />
  </way>
  <way id="1270996825">
    <nd ref="11803312011" />
    <nd ref="11803312007" />
    <nd ref="11803312009" />
    <nd ref="11803312008" />
    <nd ref="11803312056" />
    <nd ref="11803456670" />
    <nd ref="11803312054" />
    <nd ref="11803311998" />
    <nd ref="11803312000" />
    <nd ref="11803311999" />
    <nd ref="11803312012" />
    <nd ref="11803456671" />
    <nd ref="11803312013" />
    <nd ref="11803312002" />
    <nd ref="11803312003" />
    <nd ref="11803312001" />
    <nd ref="11803312138" />
    <nd ref="11803454168" />
    <nd ref="11803312137" />
    <nd ref="11803312005" />
    <nd ref="11803312006" />
    <nd ref="11803312004" />
    <nd ref="11803312010" />
    <nd ref="11803456669" />
    <nd ref="11803312011" />
    <tag k="area:highway" v="residential" />
    <tag k="junction" v="yes" />
    <tag k="landuse" v="highway" />
  </way>
  <way id="1270996848">
    <nd ref="11803312062" />
    <nd ref="11803312059" />
    <nd ref="11803312060" />
    <nd ref="11803311983" />
    <nd ref="11803311984" />
    <nd ref="11803311982" />
    <nd ref="11803311995" />
    <nd ref="11803311980" />
    <nd ref="11803311969" />
    <nd ref="11803311971" />
    <nd ref="11803311970" />
    <nd ref="11803312061" />
    <nd ref="11803312062" />
    <tag k="landuse" v="residential" />
  </way>
  <way id="1270996849">
    <nd ref="11803312059" />
    <nd ref="11803312058" />
    <nd ref="11803312057" />
    <nd ref="11803454166" />
    <nd ref="11803312060" />
    <nd ref="11803312059" />
    <tag k="area:highway" v="residential" />
    <tag k="landuse" v="highway" />
  </way>
  <way id="1270996850">
    <nd ref="11803312058" />
    <nd ref="6956212928" />
    <nd ref="6956212929" />
    <nd ref="11803312055" />
    <nd ref="11803312056" />
    <nd ref="11803312008" />
    <nd ref="11803312009" />
    <nd ref="11803312007" />
    <nd ref="11803312011" />
    <nd ref="11803311996" />
    <nd ref="11803311992" />
    <nd ref="11803311993" />
    <nd ref="11803311991" />
    <nd ref="11803312057" />
    <nd ref="11803312058" />
    <tag k="landuse" v="residential" />
  </way>
  <way id="1270996851">
    <nd ref="11803312055" />
    <nd ref="6956212930" />
    <nd ref="11803312054" />
    <nd ref="11803456670" />
    <nd ref="11803312056" />
    <nd ref="11803312055" />
    <tag k="area:highway" v="residential" />
    <tag k="landuse" v="highway" />
  </way>
  <way id="1270996852">
    <nd ref="6956212930" />
    <nd ref="6956212931" />
    <nd ref="6956212932" />
    <nd ref="6956212933" />
    <nd ref="11803312052" />
    <nd ref="11803312053" />
    <nd ref="11803312023" />
    <nd ref="11803312024" />
    <nd ref="11803312022" />
    <nd ref="11803312027" />
    <nd ref="11803312012" />
    <nd ref="11803311999" />
    <nd ref="11803312000" />
    <nd ref="11803311998" />
    <nd ref="11803312054" />
    <nd ref="6956212930" />
    <tag k="landuse" v="residential" />
  </way>
  <way id="1270996853">
    <nd ref="11803312052" />
    <nd ref="6956212934" />
    <nd ref="11803312051" />
    <nd ref="11803456674" />
    <nd ref="11803312053" />
    <nd ref="11803312052" />
    <tag k="area:highway" v="residential" />
    <tag k="landuse" v="highway" />
  </way>
  <way id="1270996854">
    <nd ref="6956212934" />
    <nd ref="6956212935" />
    <nd ref="6956212936" />
    <nd ref="6956212937" />
    <nd ref="6956212938" />
    <nd ref="6956212939" />
    <nd ref="11776235962" />
    <nd ref="11776235963" />
    <nd ref="11776329586" />
    <nd ref="11803312049" />
    <nd ref="11803499824" />
    <nd ref="11803499825" />
    <nd ref="11803312050" />
    <nd ref="11803312040" />
    <nd ref="9216876927" />
    <nd ref="11803312039" />
    <nd ref="11803312042" />
    <nd ref="11803312044" />
    <nd ref="11803312028" />
    <nd ref="11803312020" />
    <nd ref="11803312025" />
    <nd ref="11803312021" />
    <nd ref="11803312051" />
    <nd ref="6956212934" />
    <tag k="landuse" v="residential" />
  </way>
  <way id="1289205975">
    <nd ref="11954540164" />
    <nd ref="11954540147" />
    <nd ref="11954540148" />
    <nd ref="11954540134" />
    <nd ref="11954540149" />
    <nd ref="11954540150" />
    <nd ref="11954540151" />
    <nd ref="11954540152" />
    <nd ref="11954540153" />
    <nd ref="11954540161" />
    <nd ref="11954540143" />
    <nd ref="9750192454" />
    <nd ref="11954540141" />
    <nd ref="477085168" />
    <nd ref="11954544834" />
    <nd ref="11954544864" />
    <nd ref="11954544838" />
    <nd ref="11954544839" />
    <nd ref="11954540130" />
    <nd ref="11954540133" />
    <nd ref="477085171" />
    <nd ref="11954540139" />
    <nd ref="11954540164" />
    <tag k="area:highway" v="footway" />
    <tag k="landuse" v="highway" />
  </way>
  <way id="1289205976">
    <nd ref="11954540162" />
    <nd ref="11954540161" />
    <nd ref="11954540153" />
    <nd ref="11954540160" />
    <nd ref="11954540162" />
    <tag k="landuse" v="flowerbed" />
    <tag k="surface" v="dirt" />
  </way>
  <way id="1464530351">
    <nd ref="11954544832" />
    <nd ref="11954544831" />
    <nd ref="11954544830" />
    <nd ref="11954544829" />
    <nd ref="11954544834" />
    <nd ref="477085168" />
    <nd ref="11954544833" />
    <nd ref="11954544832" />
    <tag k="landuse" v="flowerbed" />
  </way>

<note>The data included in this document is from www.openstreetmap.org. The data is made available under ODbL.</note>
<meta osm_base="2026-09-03T09:35:06Z" />

  <node id="356540123" lat="47.6807801" lon="-122.3155219" />
  <node id="364518474" lat="47.5777476" lon="-122.4066092" />
  <node id="364518475" lat="47.5777071" lon="-122.4066007" />
  <node id="364518476" lat="47.5776781" lon="-122.4065234" />
  <node id="364518477" lat="47.5776723" lon="-122.4064805" />
  <node id="364518478" lat="47.5776723" lon="-122.4062745" />
  <node id="364518479" lat="47.5775449" lon="-122.4062745" />
  <node id="364518485" lat="47.5774500" lon="-122.4042250" />
  <node id="364518487" lat="47.5772473" lon="-122.4037806" />
  <node id="364518489" lat="47.5773012" lon="-122.4036160" />
  <node id="364518490" lat="47.5771338" lon="-122.4034163" />
  <node id="364518491" lat="47.5770354" lon="-122.4033906" />
  <node id="364518497" lat="47.5758963" lon="-122.4034143" />
  <node id="364518501" lat="47.5758931" lon="-122.4027353" />
  <node id="364521353" lat="47.5722004" lon="-122.4027838" />
  <node id="364521354" lat="47.5721451" lon="-122.4000697" />
  <node id="364521356" lat="47.5711575" lon="-122.4000947" />
  <node id="364521362" lat="47.5711171" lon="-122.3979922" />
  <node id="364521363" lat="47.5712667" lon="-122.3979736" />
  <node id="364521365" lat="47.5712649" lon="-122.3975685" />
  <node id="364521366" lat="47.5718027" lon="-122.3975725" />
  <node id="364521367" lat="47.5717989" lon="-122.3979624" />
  <node id="364521368" lat="47.5721202" lon="-122.3979731" />
  <node id="364521372" lat="47.5721213" lon="-122.3974103" />
  <node id="364521373" lat="47.5724036" lon="-122.3974013" />
  <node id="364521376" lat="47.5724131" lon="-122.3980574" />
  <node id="364521380" lat="47.5732322" lon="-122.3980313" />
  <node id="364521382" lat="47.5732231" lon="-122.3974036" />
  <node id="364521397" lat="47.5749022" lon="-122.3973498" />
  <node id="364521399" lat="47.5749100" lon="-122.3979914" />
  <node id="364521400" lat="47.5757289" lon="-122.3979768" />
  <node id="364521403" lat="47.5757789" lon="-122.4000260" />
  <node id="364521404" lat="47.5775163" lon="-122.4000224" />
  <node id="364521406" lat="47.5775507" lon="-122.4026181" />
  <node id="364521407" lat="47.5776581" lon="-122.4029708" />
  <node id="364521414" lat="47.5777815" lon="-122.4053183" />
  <node id="364521415" lat="47.5777418" lon="-122.4053218" />
  <node id="364522889" lat="47.5775160" lon="-122.4027984" />
  <node id="409504261" lat="47.6807833" lon="-122.3150898" />
  <node id="409504262" lat="47.6804501" lon="-122.3150843" />
  <node id="409504263" lat="47.6804469" lon="-122.3155165" />
  <node id="440998256" lat="47.6800142" lon="-122.3155235" />
  <node id="440998261" lat="47.6798754" lon="-122.3150874" />
  <node id="440998263" lat="47.6800137" lon="-122.3150870" />
  <node id="1713528862" lat="47.5607924" lon="-122.2850083" />
  <node id="1713528863" lat="47.5607924" lon="-122.2868859" />
  <node id="1713528866" lat="47.5611374" lon="-122.2871849" />
  <node id="1713528868" lat="47.5612805" lon="-122.2872579" />
  <node id="1713528884" lat="47.5627516" lon="-122.2850291" />
  <node id="1713528885" lat="47.5627563" lon="-122.2876543" />
  <node id="1713528886" lat="47.5629161" lon="-122.2806872" />
  <node id="1713528887" lat="47.5629168" lon="-122.2801343" />
  <node id="1713528888" lat="47.5639860" lon="-122.2801374" />
  <node id="1759056667" lat="47.5776665" lon="-122.4039725" />
  <node id="1759056668" lat="47.5777582" lon="-122.4042104" />
  <node id="1769038232" lat="47.6785236" lon="-122.3172908">
    <tag k="amenity" v="bicycle_parking" />
    <tag k="capacity" v="2" />
    <tag k="fee" v="no" />
    <tag k="note" v="ROOSEVELT WAY NE 0680 BLOCK E SIDE ( 164) 56 FT S/O NE 69TH ST" />
    <tag k="operator" v="SDOT" />
    <tag k="sdot:bike_rack:id" v="BKR-2453" />
  </node>
  <node id="1769038278" lat="47.6786970" lon="-122.3176393">
    <tag k="amenity" v="bicycle_parking" />
    <tag k="bicycle_parking" v="stands" />
    <tag k="capacity" v="2" />
    <tag k="covered" v="no" />
    <tag k="fee" v="no" />
    <tag k="operator" v="SDOT" />
    <tag k="sdot:bike_rack:id" v="BKR-1040" />
    <tag k="start_date" v="2009-03-31" />
  </node>
  <node id="1769038292" lat="47.6786977" lon="-122.3177041">
    <tag k="amenity" v="bicycle_parking" />
    <tag k="bicycle_parking" v="stands" />
    <tag k="capacity" v="2" />
    <tag k="covered" v="no" />
    <tag k="fee" v="no" />
    <tag k="operator" v="SDOT" />
    <tag k="sdot:bike_rack:id" v="BKR-1039" />
    <tag k="start_date" v="2009-03-31" />
  </node>
  <node id="1769038505" lat="47.6794155" lon="-122.3175931">
    <tag k="amenity" v="bicycle_parking" />
    <tag k="bicycle_parking" v="stands" />
    <tag k="capacity" v="2" />
    <tag k="check_date" v="2024-04-16" />
    <tag k="covered" v="no" />
    <tag k="fee" v="no" />
    <tag k="operator" v="SDOT" />
    <tag k="sdot:bike_rack:id" v="BKR-1740" />
    <tag k="start_date" v="2008-09-22" />
  </node>
  <node id="1769038566" lat="47.6796330" lon="-122.3175264">
    <tag k="amenity" v="bicycle_parking" />
    <tag k="bicycle_parking" v="stands" />
    <tag k="capacity" v="2" />
    <tag k="check_date" v="2024-03-13" />
    <tag k="covered" v="no" />
    <tag k="fee" v="no" />
    <tag k="note" v="ROOSEVELT WAY NE 0700 BLOCK W SIDE ( 37) 37 FT N/O NE 70TH ST" />
    <tag k="operator" v="SDOT" />
    <tag k="sdot:bike_rack:id" v="BKR-2454" />
  </node>
  <node id="1769038623" lat="47.6799811" lon="-122.3155229">
    <tag k="amenity" v="bicycle_parking" />
    <tag k="bicycle_parking" v="stands" />
    <tag k="capacity" v="2" />
    <tag k="check_date" v="2025-03-06" />
    <tag k="covered" v="no" />
    <tag k="fee" v="no" />
    <tag k="operator" v="SDOT" />
    <tag k="sdot:bike_rack:id" v="BKR-164" />
    <tag k="start_date" v="2004-01-12" />
  </node>
  <node id="2142091824" lat="47.5771648" lon="-122.4034533" />
  <node id="2434447200" lat="47.6790187" lon="-122.3172249">
    <tag k="addr:city" v="Seattle" />
    <tag k="addr:country" v="US" />
    <tag k="addr:housenumber" v="6910" />
    <tag k="addr:postcode" v="98115" />
    <tag k="addr:state" v="WA" />
    <tag k="addr:street" v="Roosevelt Way Northeast" />
    <tag k="check_date" v="2026-05-17" />
    <tag k="check_date:opening_hours" v="2026-05-17" />
    <tag k="name" v="Roosevelt Self Storage" />
    <tag k="opening_hours" v="Mo,Tu,Th-Sa 10:00-18:00" />
    <tag k="shop" v="storage_rental" />
    <tag k="website" v="https://rooseveltselfstorage.com/" />
  </node>
  <node id="2434447206" lat="47.6792312" lon="-122.3172313">
    <tag k="addr:city" v="Seattle" />
    <tag k="addr:housenumber" v="6920" />
    <tag k="addr:postcode" v="98115" />
    <tag k="addr:street" v="Roosevelt Way Northeast" />
    <tag k="check_date" v="2026-05-17" />
    <tag k="check_date:opening_hours" v="2026-05-17" />
    <tag k="name" v="Econo-Mini Self Storage" />
    <tag k="opening_hours" v="Mo-Sa 09:00-18:00; Su 10:00-16:00" />
    <tag k="shop" v="storage_rental" />
  </node>
  <node id="2434447212" lat="47.6795875" lon="-122.3171013">
    <tag k="addr:city" v="Seattle" />
    <tag k="addr:housenumber" v="7000" />
    <tag k="addr:postcode" v="98115" />
    <tag k="addr:street" v="Roosevelt Way Northeast" />
    <tag k="name" v="Be Fluid Bodywork" />
    <tag k="opening_hours" v="Mo-Fr 11:00-19:30" />
    <tag k="phone" v="+1-206-456-6316" />
    <tag k="shop" v="massage" />
    <tag k="website" v="https://befluidbodywork.com/" />
  </node>
  <node id="2434447227" lat="47.6798759" lon="-122.3155238" />
  <node id="2434453166" lat="47.6798277" lon="-122.3168777" />
  <node id="2434453169" lat="47.6798824" lon="-122.3173251" />
  <node id="2434454034" lat="47.6801015" lon="-122.3168777" />
  <node id="2434454041" lat="47.6801015" lon="-122.3173251" />
  <node id="3211765160" lat="47.5615035" lon="-122.2846047">
    <tag k="artist_name" v="Marita Dingus" />
    <tag k="artwork_type" v="mural" />
    <tag k="classification" v="2-Dimensional" />
    <tag k="date" v="1996" />
    <tag k="description" v="Four large figurines, each a different color - yellow, red, purple, blue - made of fabric with painted faces, decorated with bottle caps." />
    <tag k="location" v="Rainer Community Center Lobby" />
    <tag k="measurements" v="8'6x24'8.25" />
    <tag k="media" v="Fabric, bottle caps, chicken wire, plastic, spray paint, wood door slats" />
    <tag k="name" v="Bottle Cap Children" />
    <tag k="project" v="RAINIER COMMUNITY CENTER" />
    <tag k="sac_id" v="PR96.031" />
    <tag k="tourism" v="artwork" />
  </node>
  <node id="3211770061" lat="47.5615430" lon="-122.2847261">
    <tag k="addr:city" v="Seattle" />
    <tag k="addr:housenumber" v="4600" />
    <tag k="addr:postcode" v="98118" />
    <tag k="addr:state" v="WA" />
    <tag k="addr:street" v="38th Avenue South" />
    <tag k="artist_name" v="Beliz Brother" />
    <tag k="artwork_type" v="sculpture" />
    <tag k="classification" v="DRAWINGS" />
    <tag k="date" v="9/1/96" />
    <tag k="description" v="Relief arch on red wall with yellow painted inset diamonds; relief surrounds a clock at the top of arch way." />
    <tag k="location" v="Rainer Community Center Lobby" />
    <tag k="measurements" v="8'6x6'6" />
    <tag k="media" v="Cast aluminum;paint" />
    <tag k="name" v="Clock Tower" />
    <tag k="project" v="RAINIER COMMUNITY CENTER" />
    <tag k="sac_id" v="PR96.026" />
    <tag k="tourism" v="artwork" />
  </node>
  <node id="3211770062" lat="47.5616000" lon="-122.2846330">
    <tag k="addr:city" v="Seattle" />
    <tag k="addr:housenumber" v="4600" />
    <tag k="addr:postcode" v="98118" />
    <tag k="addr:state" v="WA" />
    <tag k="addr:street" v="38th Avenue South" />
    <tag k="artwork_type" v="sculpture" />
    <tag k="date" v="8/1/96" />
    <tag k="description" v="Engraved river-wash rocks with natural finish embedded into concrete with stainless steel pins and construction epoxy." />
    <tag k="location" v="Rainer Community Center" />
    <tag k="measurements" v="12 STONES: 8 TO 24 DIAM" />
    <tag k="media" v="Engraved river stones, boulder" />
    <tag k="name" v="Earth Story" />
    <tag k="project" v="RAINIER COMMUNITY CENTER" />
    <tag k="sac_id" v="PR96.029" />
    <tag k="tourism" v="artwork" />
  </node>
  <node id="3211770306" lat="47.6805029" lon="-122.3149774">
    <tag k="artist_name" v="Peter Reiquam" />
    <tag k="artwork_type" v="sculpture" />
    <tag k="date" v="1996" />
    <tag k="description" v="Two cast concrete armchairs and table form a seating group on a base of poured concrete. The arrangement is sheltered on the south side by a low curved wall of cultured stone." />
    <tag k="location" v="Froula Park" />
    <tag k="measurements" v="21'x17'x2'10" />
    <tag k="media" v="Cast concrete;cultured stone;bronze" />
    <tag k="name" v="Froula Park Armchairs" />
    <tag k="project" v="FROULA PARK" />
    <tag k="sac_id" v="WD96.033" />
    <tag k="tourism" v="artwork" />
  </node>
  <node id="3211873726" lat="47.6793976" lon="-122.3151326">
    <tag k="amenity" v="public_bookcase" />
    <tag k="brand" v="Little Free Library" />
    <tag k="brand:wikidata" v="Q6650101" />
    <tag k="description" v="A little box to borrow and trade books." />
    <tag k="name" v="Little Free Library" />
    <tag k="website" v="https://littlefreelibrary.org/" />
  </node>
  <node id="3684799948" lat="47.5767012" lon="-122.4000241" />
  <node id="3684799955" lat="47.5769871" lon="-122.4000235" />
  <node id="3684799956" lat="47.5773091" lon="-122.4000228" />
  <node id="3972645537" lat="47.5738170" lon="-122.3973847" />
  <node id="4531285127" lat="47.6797528" lon="-122.3155570">
    <tag k="bench" v="no" />
    <tag k="bin" v="no" />
    <tag k="gtfs:stop_id:US-WA-KCM" v="23580" />
    <tag k="highway" v="bus_stop" />
    <tag k="lit" v="yes" />
    <tag k="name" v="12th Avenue Northeast &amp; Northeast 70th Street" />
    <tag k="network" v="King County Metro" />
    <tag k="network:short" v="KCM" />
    <tag k="network:wikidata" v="Q6411393" />
    <tag k="network:wikipedia" v="en:King County Metro" />
    <tag k="operator" v="King County Metro" />
    <tag k="operator:short" v="KCM" />
    <tag k="operator:wikidata" v="Q6411393" />
    <tag k="operator:wikipedia" v="en:King County Metro" />
    <tag k="public_transport" v="platform" />
    <tag k="ref" v="23580" />
    <tag k="route_ref" v="67" />
    <tag k="shelter" v="no" />
    <tag k="tactile_paving" v="no" />
    <tag k="wheelchair" v="yes" />
  </node>
  <node id="4531319375" lat="47.6797519" lon="-122.3156595">
    <tag k="bus" v="yes" />
    <tag k="gtfs:stop_id:US-WA-KCM" v="23580" />
    <tag k="name" v="12th Avenue Northeast &amp; Northeast 70th Street" />
    <tag k="network" v="King County Metro" />
    <tag k="network:short" v="KCM" />
    <tag k="network:wikidata" v="Q6411393" />
    <tag k="network:wikipedia" v="en:King County Metro" />
    <tag k="operator" v="King County Metro" />
    <tag k="operator:short" v="KCM" />
    <tag k="operator:wikidata" v="Q6411393" />
    <tag k="operator:wikipedia" v="en:King County Metro" />
    <tag k="public_transport" v="stop_position" />
    <tag k="ref" v="23580" />
    <tag k="route_ref" v="67;73;322" />
  </node>
  <node id="4531319379" lat="47.6785362" lon="-122.3174026">
    <tag k="bus" v="yes" />
    <tag k="gtfs:stop_id:US-WA-KCM" v="23420" />
    <tag k="name" v="Roosevelt Way Northeast &amp; Northeast 69th Street" />
    <tag k="network" v="King County Metro" />
    <tag k="network:short" v="KCM" />
    <tag k="network:wikidata" v="Q6411393" />
    <tag k="network:wikipedia" v="en:King County Metro" />
    <tag k="operator" v="King County Metro" />
    <tag k="operator:short" v="KCM" />
    <tag k="operator:wikidata" v="Q6411393" />
    <tag k="operator:wikipedia" v="en:King County Metro" />
    <tag k="public_transport" v="stop_position" />
    <tag k="ref" v="23420" />
    <tag k="route_ref" v="67;73;322" />
  </node>
  <node id="5041965237" lat="47.5758955" lon="-122.4032547" />
  <node id="5041965239" lat="47.5751002" lon="-122.4027457" />
  <node id="5041965241" lat="47.5745628" lon="-122.4027528" />
  <node id="5695363731" lat="47.5605098" lon="-122.2864180">
    <tag k="amenity" v="doctors" />
    <tag k="check_date" v="2026-01-27" />
    <tag k="healthcare" v="alternative" />
    <tag k="healthcare:speciality" v="chiropractic" />
    <tag k="name" v="Columbia City Chiropractic" />
  </node>
  <node id="6023403337" lat="47.5615433" lon="-122.2847917">
    <tag k="amenity" v="polling_station" />
    <tag k="contact:email" v="elections@kingcounty.gov" />
    <tag k="contact:facebook" v="https://www.facebook.com/kcelections" />
    <tag k="contact:instagram" v="https://www.instagram.com/kcelections/" />
    <tag k="contact:phone" v="+1-206-296-8683" />
    <tag k="contact:phone:tollfree" v="+1-800-325-6165" />
    <tag k="contact:tty" v="711" />
    <tag k="contact:twitter" v="https://twitter.com/KCElections" />
    <tag k="contact:website" v="https://kingcounty.gov/depts/elections.aspx" />
    <tag k="contact:youtube" v="https://www.youtube.com/user/kingcountyelections/" />
    <tag k="opening_hours:url" v="https://www.kingcounty.gov/depts/elections/how-to-vote/ballots/returning-my-ballot/ballot-drop-boxes.aspx" />
    <tag k="operator" v="King County Elections" />
    <tag k="polling_station" v="ballot_box" />
  </node>
  <node id="7204425332" lat="47.5606649" lon="-122.2861404" />
  <node id="7204425333" lat="47.5606712" lon="-122.2850124" />
  <node id="7204425334" lat="47.5600020" lon="-122.2850198" />
  <node id="7204425335" lat="47.5600095" lon="-122.2862381" />
  <node id="7204425336" lat="47.5603316" lon="-122.2865072" />
  <node id="7204425337" lat="47.5603142" lon="-122.2861239" />
  <node id="7727615019" lat="47.6828964" lon="-122.3163433" />
  <node id="7727615020" lat="47.6829536" lon="-122.3162902" />
  <node id="7727615021" lat="47.6829500" lon="-122.3154814" />
  <node id="7727615022" lat="47.6816025" lon="-122.3154761" />
  <node id="7727615023" lat="47.6816057" lon="-122.3157482" />
  <node id="7727615024" lat="47.6797030" lon="-122.3157440" />
  <node id="7727615025" lat="47.6795317" lon="-122.3157841" />
  <node id="7727615026" lat="47.6795257" lon="-122.3158248" />
  <node id="7727615027" lat="47.6795388" lon="-122.3168565" />
  <node id="7727615028" lat="47.6798605" lon="-122.3168477" />
  <node id="7727615029" lat="47.6798629" lon="-122.3170494" />
  <node id="7727615030" lat="47.6801405" lon="-122.3170459" />
  <node id="7727615031" lat="47.6802633" lon="-122.3169078" />
  <node id="7727615032" lat="47.6804956" lon="-122.3169185" />
  <node id="7727615033" lat="47.6805051" lon="-122.3171521" />
  <node id="7727615034" lat="47.6808066" lon="-122.3171538" />
  <node id="7727615035" lat="47.6809245" lon="-122.3170388" />
  <node id="7727615036" lat="47.6811771" lon="-122.3170317" />
  <node id="7727615037" lat="47.6812200" lon="-122.3170016" />
  <node id="7727615038" lat="47.6812987" lon="-122.3170246" />
  <node id="7727615039" lat="47.6815119" lon="-122.3170246" />
  <node id="7727615040" lat="47.6815048" lon="-122.3163238" />
  <node id="9236743292" lat="47.6807737" lon="-122.3150896">
    <tag k="barrier" v="gate" />
  </node>
  <node id="9236743293" lat="47.6804590" lon="-122.3150845">
    <tag k="barrier" v="gate" />
  </node>
  <node id="9894882663" lat="47.6784202" lon="-122.3175330">
    <tag k="kerb" v="no" />
    <tag k="tactile_paving" v="no" />
  </node>
  <node id="11789406226" lat="47.6786502" lon="-122.3175370" />
  <node id="11789406227" lat="47.6785107" lon="-122.3175143">
    <tag k="amenity" v="waste_basket" />
    <tag k="waste" v="trash" />
  </node>
  <node id="11789406228" lat="47.6785336" lon="-122.3175584">
    <tag k="amenity" v="bench" />
    <tag k="backrest" v="no" />
    <tag k="material" v="metal" />
  </node>
  <node id="11789406233" lat="47.6785050" lon="-122.3175467" />
  <node id="11789406235" lat="47.6785544" lon="-122.3175232" />
  <node id="11789406239" lat="47.6785542" lon="-122.3175476" />
  <node id="11789406240" lat="47.6785541" lon="-122.3175679" />
  <node id="11789406241" lat="47.6785187" lon="-122.3175469" />
  <node id="11789406242" lat="47.6785185" lon="-122.3175673" />
  <node id="11789406243" lat="47.6784394" lon="-122.3175049" />
  <node id="11789406244" lat="47.6786503" lon="-122.3175248" />
  <node id="11789406245" lat="47.6786501" lon="-122.3175492" />
  <node id="11789406246" lat="47.6786504" lon="-122.3175085" />
  <node id="11789406247" lat="47.6786499" lon="-122.3175695" />
  <node id="11789406248" lat="47.6785517" lon="-122.3175231" />
  <node id="11789406249" lat="47.6785518" lon="-122.3175068" />
  <node id="11789406250" lat="47.6785298" lon="-122.3175227" />
  <node id="11789406251" lat="47.6785299" lon="-122.3175065" />
  <node id="11789406252" lat="47.6785408" lon="-122.3175229" />
  <node id="11789406253" lat="47.6785409" lon="-122.3175067" />
  <node id="11789406254" lat="47.6785052" lon="-122.3175223" />
  <node id="11789406255" lat="47.6785053" lon="-122.3175060" />
  <node id="11789406256" lat="47.6784199" lon="-122.3175656" />
  <node id="11789406257" lat="47.6784201" lon="-122.3175452" />
  <node id="11789406258" lat="47.6784203" lon="-122.3175209" />
  <node id="12774269231" lat="47.6781135" lon="-122.3164394" />
  <node id="12774269232" lat="47.6781135" lon="-122.3160562" />
  <node id="12774269233" lat="47.6782355" lon="-122.3160562" />
  <node id="12774269234" lat="47.6782355" lon="-122.3158268" />
  <node id="12774269235" lat="47.6783929" lon="-122.3158268" />
  <node id="12774269236" lat="47.6783929" lon="-122.3160444" />
  <node id="12774269237" lat="47.6786794" lon="-122.3160444" />
  <node id="12774269238" lat="47.6786794" lon="-122.3164394" />
  <node id="12774304881" lat="47.6798824" lon="-122.3170608" />
  <node id="12774304882" lat="47.6798277" lon="-122.3170608" />
  <node id="12825286772" lat="47.6781135" lon="-122.3158249" />
  <node id="12878049363" lat="47.5721917" lon="-122.4037373" />
  <node id="12878049364" lat="47.5708713" lon="-122.4038121" />
  <node id="12878049365" lat="47.5708134" lon="-122.4037933" />
  <node id="12878049366" lat="47.5705003" lon="-122.4032582" />
  <node id="12878049367" lat="47.5704596" lon="-122.4031978" />
  <node id="12878049368" lat="47.5704433" lon="-122.4030624" />
  <node id="12878049369" lat="47.5703456" lon="-122.3949182" />
  <node id="12878049370" lat="47.5720665" lon="-122.3949390" />
  <node id="12878049371" lat="47.5720824" lon="-122.3965270" />
  <node id="12878049372" lat="47.5715716" lon="-122.3973563" />
  <node id="12878049373" lat="47.5712527" lon="-122.3973752" />
  <node id="13115222852" lat="47.5640542" lon="-122.2855086" />
  <node id="13115222853" lat="47.5628952" lon="-122.2854659" />
  <node id="13115222854" lat="47.5628933" lon="-122.2848829" />
  <node id="13115222855" lat="47.5618375" lon="-122.2848439" />
  <node id="13115222856" lat="47.5618441" lon="-122.2829433" />
  <node id="13115222857" lat="47.5626318" lon="-122.2809900" />
  <node id="13115222858" lat="47.5626674" lon="-122.2807964" />
  <node id="13115222859" lat="47.5629102" lon="-122.2808003" />
  <node id="13115222860" lat="47.5640911" lon="-122.2808374" />
  <way id="32401639">
    <nd ref="364518474" />
    <nd ref="364518475" />
    <nd ref="364518476" />
    <nd ref="364518477" />
    <nd ref="364518478" />
    <nd ref="364518479" />
    <nd ref="364518485" />
    <nd ref="364518487" />
    <nd ref="364518489" />
    <nd ref="2142091824" />
    <nd ref="364518490" />
    <nd ref="364518491" />
    <nd ref="364518497" />
    <nd ref="5041965237" />
    <nd ref="364518501" />
    <nd ref="5041965239" />
    <nd ref="5041965241" />
    <nd ref="364521353" />
    <nd ref="364521354" />
    <nd ref="364521356" />
    <nd ref="364521362" />
    <nd ref="364521363" />
    <nd ref="364521365" />
    <nd ref="364521366" />
    <nd ref="364521367" />
    <nd ref="364521368" />
    <nd ref="364521372" />
    <nd ref="364521373" />
    <nd ref="364521376" />
    <nd ref="364521380" />
    <nd ref="364521382" />
    <nd ref="3972645537" />
    <nd ref="364521397" />
    <nd ref="364521399" />
    <nd ref="364521400" />
    <nd ref="364521403" />
    <nd ref="3684799948" />
    <nd ref="3684799955" />
    <nd ref="3684799956" />
    <nd ref="364521404" />
    <nd ref="364521406" />
    <nd ref="364522889" />
    <nd ref="364521407" />
    <nd ref="1759056667" />
    <nd ref="1759056668" />
    <nd ref="364521414" />
    <nd ref="364521415" />
    <nd ref="364518474" />
    <tag k="boundary" v="protected_area" />
    <tag k="landuse" v="forest" />
    <tag k="leisure" v="nature_reserve" />
    <tag k="name" v="Schmitz Preserve Park" />
    <tag k="operator" v="Seattle Parks and Recreation" />
    <tag k="operator:type" v="government" />
    <tag k="operator:wikidata" v="Q7442147" />
    <tag k="website" v="https://www.seattle.gov/parks/allparks/schmitz-preserve-park" />
    <tag k="wikidata" v="Q7431836" />
  </way>
  <way id="34908552">
    <nd ref="356540123" />
    <nd ref="409504261" />
    <nd ref="9236743292" />
    <nd ref="9236743293" />
    <nd ref="409504262" />
    <nd ref="409504263" />
    <nd ref="356540123" />
    <tag k="landuse" v="recreation_ground" />
    <tag k="sport" v="tennis" />
  </way>
  <way id="37623345">
    <nd ref="440998256" />
    <nd ref="2434447227" />
    <nd ref="440998261" />
    <nd ref="440998263" />
    <nd ref="440998256" />
    <tag k="addr:city" v="Seattle" />
    <tag k="addr:housenumber" v="7012" />
    <tag k="addr:postcode" v="98115" />
    <tag k="addr:street" v="12th Avenue Northeast" />
    <tag k="landuse" v="allotments" />
    <tag k="leisure" v="garden" />
    <tag k="name" v="Roosevelt P-Patch" />
    <tag k="source" v="yahoo_wms;knowledge;King County GIS;data.seattle.gov" />
  </way>
  <way id="159261464">
    <nd ref="1713528863" />
    <nd ref="1713528866" />
    <nd ref="1713528868" />
    <nd ref="1713528885" />
    <nd ref="1713528884" />
    <nd ref="1713528862" />
    <nd ref="1713528863" />
    <tag k="landuse" v="recreation_ground" />
    <tag k="name" v="Rainier Playfield" />
  </way>
  <way id="235379655">
    <nd ref="2434454034" />
    <nd ref="2434453166" />
    <nd ref="12774304882" />
    <nd ref="12774304881" />
    <nd ref="2434453169" />
    <nd ref="2434454041" />
    <nd ref="2434454034" />
    <tag k="landuse" v="brownfield" />
    <tag k="url" v="https://web.seattle.gov/SDCI/ShapingSeattle/buildings/Details/6738370-CN" />
  </way>
  <way id="771727187">
    <nd ref="7204425332" />
    <nd ref="7204425333" />
    <nd ref="7204425334" />
    <nd ref="7204425335" />
    <nd ref="7204425336" />
    <nd ref="7204425337" />
    <nd ref="7204425332" />
    <tag k="landuse" v="residential" />
  </way>
  <way id="827755388">
    <nd ref="7727615019" />
    <nd ref="7727615020" />
    <nd ref="7727615021" />
    <nd ref="7727615022" />
    <nd ref="7727615023" />
    <nd ref="7727615024" />
    <nd ref="7727615025" />
    <nd ref="7727615026" />
    <nd ref="7727615027" />
    <nd ref="7727615028" />
    <nd ref="7727615029" />
    <nd ref="7727615030" />
    <nd ref="7727615031" />
    <nd ref="7727615032" />
    <nd ref="7727615033" />
    <nd ref="7727615034" />
    <nd ref="7727615035" />
    <nd ref="7727615036" />
    <nd ref="7727615037" />
    <nd ref="7727615038" />
    <nd ref="7727615039" />
    <nd ref="7727615040" />
    <nd ref="7727615019" />
    <tag k="landuse" v="residential" />
  </way>
  <way id="1269281284">
    <nd ref="11789406239" />
    <nd ref="11789406240" />
    <nd ref="11789406247" />
    <nd ref="11789406245" />
    <nd ref="11789406239" />
    <tag k="landuse" v="flowerbed" />
  </way>
  <way id="1269281285">
    <nd ref="11789406257" />
    <nd ref="11789406256" />
    <nd ref="11789406242" />
    <nd ref="11789406241" />
    <nd ref="11789406233" />
    <nd ref="11789406257" />
    <tag k="landuse" v="flowerbed" />
  </way>
  <way id="1269281287">
    <nd ref="11789406244" />
    <nd ref="11789406235" />
    <nd ref="11789406248" />
    <nd ref="11789406252" />
    <nd ref="11789406250" />
    <nd ref="11789406254" />
    <nd ref="11789406258" />
    <nd ref="9894882663" />
    <nd ref="11789406257" />
    <nd ref="11789406233" />
    <nd ref="11789406239" />
    <nd ref="11789406245" />
    <nd ref="11789406226" />
    <nd ref="11789406244" />
    <tag k="area:highway" v="footway" />
    <tag k="landuse" v="highway" />
    <tag k="surface" v="concrete" />
  </way>
  <way id="1269281288">
    <nd ref="11789406253" />
    <nd ref="11789406251" />
    <nd ref="11789406250" />
    <nd ref="11789406252" />
    <nd ref="11789406253" />
    <tag k="landuse" v="grass" />
  </way>
  <way id="1269281289">
    <nd ref="11789406255" />
    <nd ref="11789406243" />
    <nd ref="11789406258" />
    <nd ref="11789406254" />
    <nd ref="11789406255" />
    <tag k="landuse" v="grass" />
  </way>
  <way id="1269281290">
    <nd ref="11789406248" />
    <nd ref="11789406235" />
    <nd ref="11789406244" />
    <nd ref="11789406246" />
    <nd ref="11789406249" />
    <nd ref="11789406248" />
    <tag k="landuse" v="grass" />
  </way>
  <way id="1379613013">
    <nd ref="12774269238" />
    <nd ref="12774269237" />
    <nd ref="12774269236" />
    <nd ref="12774269235" />
    <nd ref="12774269234" />
    <nd ref="12774269233" />
    <nd ref="12774269232" />
    <nd ref="12774269231" />
    <nd ref="12774269238" />
    <tag k="landuse" v="brownfield" />
    <tag k="url" v="https://web.seattle.gov/SDCI/ShapingSeattle/buildings/Details/6825317-CN" />
  </way>
  <way id="1385276638">
    <nd ref="12774269232" />
    <nd ref="12774269233" />
    <nd ref="12774269234" />
    <nd ref="12825286772" />
    <nd ref="12774269232" />
    <tag k="construction" v="residential" />
    <tag k="landuse" v="construction" />
  </way>
  <way id="1391260086">
    <nd ref="364521353" />
    <nd ref="12878049363" />
    <nd ref="12878049364" />
    <nd ref="12878049365" />
    <nd ref="12878049366" />
    <nd ref="12878049367" />
    <nd ref="12878049368" />
    <nd ref="12878049369" />
    <nd ref="12878049370" />
    <nd ref="12878049371" />
    <nd ref="12878049372" />
    <nd ref="12878049373" />
    <nd ref="364521365" />
    <nd ref="364521363" />
    <nd ref="364521362" />
    <nd ref="364521356" />
    <nd ref="364521354" />
    <nd ref="364521353" />
    <tag k="landuse" v="residential" />
  </way>
  <way id="1426711540">
    <nd ref="13115222852" />
    <nd ref="13115222853" />
    <nd ref="13115222854" />
    <nd ref="13115222855" />
    <nd ref="13115222856" />
    <nd ref="13115222857" />
    <nd ref="13115222858" />
    <nd ref="13115222859" />
    <nd ref="1713528886" />
    <nd ref="1713528887" />
    <nd ref="1713528888" />
    <nd ref="13115222860" />
    <nd ref="13115222852" />
    <tag k="landuse" v="residential" />
  </way>

<note>The data included in this document is from www.openstreetmap.org. The data is made available under ODbL.</note>
<meta osm_base="2026-09-03T09:35:06Z" />

  <node id="416329193" lat="47.6880515" lon="-122.3014519" />
  <node id="416329195" lat="47.6880572" lon="-122.2997242" />
  <node id="416329199" lat="47.6871992" lon="-122.2997180" />
  <node id="416329200" lat="47.6871950" lon="-122.3010083" />
  <node id="416329202" lat="47.6876992" lon="-122.3013601" />
  <node id="416329209" lat="47.6879489" lon="-122.3014487" />
  <node id="477872229" lat="47.6755809" lon="-122.3256061">
    <tag k="addr:city" v="Seattle" />
    <tag k="addr:housenumber" v="6411" />
    <tag k="addr:postcode" v="98115" />
    <tag k="addr:street" v="Latona Avenue Northeast" />
    <tag k="amenity" v="restaurant" />
    <tag k="check_date" v="2026-03-30" />
    <tag k="cuisine" v="thai" />
    <tag k="name" v="Smile Thai Cuisine" />
    <tag k="source" v="King County GIS;data.seattle.gov" />
    <tag k="website" v="https://smilethaigreenlake.com" />
  </node>
  <node id="660994976" lat="47.6839551" lon="-122.3006030" />
  <node id="660995005" lat="47.6839573" lon="-122.2979602" />
  <node id="660995008" lat="47.6866029" lon="-122.2980114" />
  <node id="676997050" lat="47.6849099" lon="-122.3004668" />
  <node id="676997063" lat="47.6849212" lon="-122.2982016" />
  <node id="676997112" lat="47.6859263" lon="-122.2982244" />
  <node id="676997122" lat="47.6864846" lon="-122.2982607" />
  <node id="676997134" lat="47.6865622" lon="-122.2983684" />
  <node id="676997156" lat="47.6865842" lon="-122.2984410" />
  <node id="676997182" lat="47.6865794" lon="-122.3005060" />
  <node id="1385481122" lat="47.6756476" lon="-122.3255978">
    <tag k="addr:city" v="Seattle" />
    <tag k="addr:housenumber" v="6417" />
    <tag k="addr:postcode" v="98115" />
    <tag k="addr:street" v="Latona Avenue Northeast" />
    <tag k="amenity" v="cafe" />
    <tag k="check_date" v="2026-03-30" />
    <tag k="internet_access" v="wlan" />
    <tag k="internet_access:fee" v="no" />
    <tag k="name" v="Cafe Lulu" />
    <tag k="opening_hours" v="Mo-Fr 06:30-14:00; Sa-Su 07:30-14:00" />
    <tag k="payment:mastercard" v="yes" />
    <tag k="payment:visa" v="yes" />
    <tag k="website" v="http://cafeluluseattle.com" />
    <tag k="wheelchair" v="yes" />
  </node>
  <node id="1735555959" lat="47.6758124" lon="-122.3255853">
    <tag k="addr:city" v="Seattle" />
    <tag k="addr:housenumber" v="6423" />
    <tag k="addr:postcode" v="98115" />
    <tag k="addr:street" v="Latona Avenue Northeast" />
    <tag k="amenity" v="pub" />
    <tag k="check_date" v="2025-08-05" />
    <tag k="check_date:opening_hours" v="2025-08-05" />
    <tag k="indoor_seating" v="yes" />
    <tag k="name" v="Latona Pub" />
    <tag k="opening_hours" v="We-Sa 12:00-23:00; Tu 16:00-23:00; Su 12:00-21:00" />
    <tag k="outdoor_seating" v="yes" />
    <tag k="phone" v="+1-206-525-2238" />
    <tag k="website" v="http://www.3pubs.com/Latona.html" />
    <tag k="wheelchair" v="limited" />
  </node>
  <node id="1769037972" lat="47.6757849" lon="-122.3255767">
    <tag k="amenity" v="bicycle_parking" />
    <tag k="bicycle_parking" v="stands" />
    <tag k="capacity" v="2" />
    <tag k="covered" v="no" />
    <tag k="fee" v="no" />
    <tag k="note" v="LATONA AVE NE 0640 BLOCK W SIDE ( 207) 13 FT S/O NE 65TH E ST" />
    <tag k="operator" v="SDOT" />
    <tag k="sdot:bike_rack:id" v="BKR-2564" />
  </node>
  <node id="1769037983" lat="47.6758596" lon="-122.3256246">
    <tag k="amenity" v="bicycle_parking" />
    <tag k="bicycle_parking" v="stands" />
    <tag k="capacity" v="2" />
    <tag k="check_date" v="2022-05-15" />
    <tag k="covered" v="no" />
    <tag k="fee" v="no" />
    <tag k="note" v="NE 65TH ST 0030 BLOCK S SIDE ( 9) 9 FT E/O LATONA W AVE NE" />
    <tag k="operator" v="SDOT" />
    <tag k="sdot:bike_rack:id" v="BKR-2563" />
  </node>
  <node id="1769037984" lat="47.6758598" lon="-122.3256405">
    <tag k="amenity" v="bicycle_parking" />
    <tag k="bicycle_parking" v="stands" />
    <tag k="capacity" v="2" />
    <tag k="check_date" v="2022-05-15" />
    <tag k="covered" v="no" />
    <tag k="fee" v="no" />
    <tag k="note" v="NE 65TH ST 0030 BLOCK S SIDE ( 5) 5 FT E/O LATONA W AVE NE" />
    <tag k="operator" v="SDOT" />
    <tag k="sdot:bike_rack:id" v="BKR-2561" />
  </node>
  <node id="1769037997" lat="47.6759522" lon="-122.3255628">
    <tag k="amenity" v="bicycle_parking" />
    <tag k="bicycle_parking" v="stands" />
    <tag k="capacity" v="2" />
    <tag k="check_date" v="2022-05-15" />
    <tag k="covered" v="no" />
    <tag k="fee" v="no" />
    <tag k="note" v="NE 65TH ST 0030 BLOCK N SIDE ( 24) 18 FT W/O LATONA E AVE NE" />
    <tag k="operator" v="SDOT" />
    <tag k="sdot:bike_rack:id" v="BKR-808" />
    <tag k="start_date" v="2009-04-16" />
  </node>
  <node id="1769038104" lat="47.6774887" lon="-122.3269946">
    <tag k="amenity" v="bicycle_parking" />
    <tag k="capacity" v="2" />
    <tag k="fee" v="no" />
    <tag k="note" v="LATONA AVE NE 0650 BLOCK NE SIDE ( 628) 23 FT SE/O WOODLAWN S AVE NE" />
    <tag k="operator" v="SDOT" />
    <tag k="sdot:bike_rack:id" v="BKR-2463" />
  </node>
  <node id="1769038106" lat="47.6776801" lon="-122.3271257">
    <tag k="amenity" v="bicycle_parking" />
    <tag k="capacity" v="2" />
    <tag k="fee" v="no" />
    <tag k="note" v="2ND AVE NE 0660 BLOCK E SIDE ( 5) 5 FT N/O WOODLAWN S AVE NE" />
    <tag k="operator" v="SDOT" />
    <tag k="sdot:bike_rack:id" v="BKR-887" />
    <tag k="start_date" v="2009-04-01" />
  </node>
  <node id="1981751146" lat="47.6757104" lon="-122.3256094">
    <tag k="addr:city" v="Seattle" />
    <tag k="addr:housenumber" v="6421" />
    <tag k="addr:postcode" v="98115" />
    <tag k="addr:street" v="Latona Avenue Northeast" />
    <tag k="amenity" v="restaurant" />
    <tag k="check_date" v="2026-03-30" />
    <tag k="cuisine" v="sushi" />
    <tag k="name" v="Tsui Sushi Bar" />
    <tag k="source" v="King County GIS;data.seattle.gov" />
    <tag k="website" v="https://www.tsuisushibar.com/" />
    <tag k="wheelchair" v="yes" />
  </node>
  <node id="2301986801" lat="47.6850288" lon="-122.2969872" />
  <node id="2302003557" lat="47.6871355" lon="-122.2994321" />
  <node id="2302003558" lat="47.6871356" lon="-122.2994701" />
  <node id="2302003566" lat="47.6871452" lon="-122.2990961" />
  <node id="2302003567" lat="47.6871453" lon="-122.2992031" />
  <node id="2302003570" lat="47.6871468" lon="-122.2993481" />
  <node id="2302003571" lat="47.6871468" lon="-122.2994321" />
  <node id="2302003581" lat="47.6871876" lon="-122.2992031" />
  <node id="2302003582" lat="47.6871878" lon="-122.2993481" />
  <node id="2302003586" lat="47.6872147" lon="-122.2994732" />
  <node id="2302003595" lat="47.6872599" lon="-122.2994738" />
  <node id="2302003597" lat="47.6872605" lon="-122.2993790" />
  <node id="2315204631" lat="47.6757975" lon="-122.3255834" />
  <node id="2315204680" lat="47.6758264" lon="-122.3256290" />
  <node id="2315214821" lat="47.6755328" lon="-122.3253232" />
  <node id="2315214983" lat="47.6758278" lon="-122.3249697" />
  <node id="2315214984" lat="47.6758292" lon="-122.3251232" />
  <node id="2315214985" lat="47.6758294" lon="-122.3250992" />
  <node id="2315214986" lat="47.6758304" lon="-122.3253190" />
  <node id="2315231392" lat="47.6759912" lon="-122.3250665" />
  <node id="2315231394" lat="47.6759925" lon="-122.3251598" />
  <node id="2315231398" lat="47.6759959" lon="-122.3255063" />
  <node id="2315231400" lat="47.6759964" lon="-122.3255802" />
  <node id="2315231403" lat="47.6759969" lon="-122.3256252" />
  <node id="2315231448" lat="47.6760437" lon="-122.3256695" />
  <node id="2315231467" lat="47.6760654" lon="-122.3251365" />
  <node id="2315231533" lat="47.6761225" lon="-122.3252578" />
  <node id="2315231578" lat="47.6761566" lon="-122.3253998" />
  <node id="2315231606" lat="47.6761853" lon="-122.3253254" />
  <node id="2315231648" lat="47.6762120" lon="-122.3247953" />
  <node id="2315232911" lat="47.6776074" lon="-122.3281100" />
  <node id="2315232916" lat="47.6776182" lon="-122.3278801" />
  <node id="2315232918" lat="47.6776179" lon="-122.3278120" />
  <node id="2315232929" lat="47.6776460" lon="-122.3274060" />
  <node id="2315232934" lat="47.6776557" lon="-122.3281163" />
  <node id="2315232946" lat="47.6776978" lon="-122.3274140" />
  <node id="2315232982" lat="47.6777889" lon="-122.3271757" />
  <node id="2315232990" lat="47.6777952" lon="-122.3267481" />
  <node id="2315232999" lat="47.6778127" lon="-122.3266811" />
  <node id="2315233001" lat="47.6778170" lon="-122.3281373" />
  <node id="2315233012" lat="47.6778386" lon="-122.3265861" />
  <node id="2315233013" lat="47.6778409" lon="-122.3271981" />
  <node id="2315233027" lat="47.6778646" lon="-122.3259938" />
  <node id="2315233035" lat="47.6778744" lon="-122.3281445" />
  <node id="2315233042" lat="47.6778878" lon="-122.3279108" />
  <node id="2315233044" lat="47.6778907" lon="-122.3278500" />
  <node id="2315233048" lat="47.6778974" lon="-122.3263741" />
  <node id="2315233054" lat="47.6779160" lon="-122.3274850" />
  <node id="2315233065" lat="47.6779382" lon="-122.3258708" />
  <node id="2315233069" lat="47.6779555" lon="-122.3272351" />
  <node id="2315233090" lat="47.6780188" lon="-122.3269979" />
  <node id="2315233107" lat="47.6780622" lon="-122.3268581" />
  <node id="2315233114" lat="47.6780757" lon="-122.3249998" />
  <node id="2315233135" lat="47.6781328" lon="-122.3265951" />
  <node id="2315233168" lat="47.6782194" lon="-122.3246551" />
  <node id="2463138704" lat="47.6760172" lon="-122.3255395">
    <tag k="addr:city" v="Seattle" />
    <tag k="addr:housenumber" v="300" />
    <tag k="addr:postcode" v="98115" />
    <tag k="addr:street" v="Northeast 65th Street" />
    <tag k="check_date" v="2025-12-14" />
    <tag k="name" v="G &amp; F Grocery" />
    <tag k="shop" v="convenience" />
    <tag k="source" v="King County GIS;data.seattle.gov" />
  </node>
  <node id="2463138706" lat="47.6757995" lon="-122.3252848">
    <tag k="addr:city" v="Seattle" />
    <tag k="addr:housenumber" v="301" />
    <tag k="addr:postcode" v="98115" />
    <tag k="addr:state" v="WA" />
    <tag k="addr:street" v="Northeast 65th Street" />
    <tag k="amenity" v="cafe" />
    <tag k="indoor_seating" v="yes" />
    <tag k="name" v="The Dish Cafe" />
    <tag k="opening_hours" v="Tu-Su 08:00-13:45" />
    <tag k="outdoor_seating" v="no" />
    <tag k="phone" v="+1-206-782-9985" />
    <tag k="source" v="King County GIS;data.seattle.gov" />
    <tag k="website" v="https://dishcafe.net/" />
  </node>
  <node id="2463138712" lat="47.6760197" lon="-122.3254090">
    <tag k="addr:city" v="Seattle" />
    <tag k="addr:housenumber" v="308" />
    <tag k="addr:postcode" v="98115" />
    <tag k="addr:street" v="Northeast 65th Street" />
    <tag k="check_date" v="2025-12-14" />
    <tag k="name" v="Ageing Fancies" />
    <tag k="shop" v="antiques" />
    <tag k="source" v="King County GIS;data.seattle.gov" />
  </node>
  <node id="2463138716" lat="47.6760165" lon="-122.3252519">
    <tag k="addr:city" v="Seattle" />
    <tag k="addr:housenumber" v="310" />
    <tag k="addr:postcode" v="98115" />
    <tag k="addr:street" v="Northeast 65th Street" />
    <tag k="check_date" v="2026-03-30" />
    <tag k="contact:instagram" v="shipsongseattle" />
    <tag k="name" v="Ship Song" />
    <tag k="opening_hours" v="Th-Fr 11:00-18:00; Sa 10:00-17:00; Su 10:00-15:00" />
    <tag k="shop" v="gift" />
    <tag k="source" v="King County GIS;data.seattle.gov" />
  </node>
  <node id="3040157933" lat="47.6757826" lon="-122.3253740">
    <tag k="amenity" v="bicycle_parking" />
    <tag k="bicycle_parking" v="stands" />
    <tag k="capacity" v="2" />
    <tag k="check_date" v="2022-05-15" />
    <tag k="covered" v="no" />
  </node>
  <node id="3040158033" lat="47.6758476" lon="-122.3252793">
    <tag k="amenity" v="waste_basket" />
    <tag k="check_date" v="2025-08-05" />
  </node>
  <node id="3040158034" lat="47.6758469" lon="-122.3252587">
    <tag k="amenity" v="recycling" />
    <tag k="location" v="overground" />
    <tag k="recycling:cans" v="yes" />
    <tag k="recycling:glass_bottles" v="yes" />
    <tag k="recycling:paper" v="yes" />
    <tag k="recycling_type" v="container" />
  </node>
  <node id="3040277833" lat="47.6757943" lon="-122.3255078">
    <tag k="amenity" v="bicycle_parking" />
    <tag k="bicycle_parking" v="stands" />
    <tag k="capacity" v="2" />
    <tag k="check_date" v="2022-05-15" />
    <tag k="covered" v="no" />
  </node>
  <node id="3655897348" lat="47.6880594" lon="-122.2999873" />
  <node id="3655897349" lat="47.6884025" lon="-122.2998572" />
  <node id="3655897350" lat="47.6884018" lon="-122.2997931" />
  <node id="3655897351" lat="47.6880575" lon="-122.2997701" />
  <node id="3858231023" lat="47.6864344" lon="-122.2982330" />
  <node id="3858231024" lat="47.6865282" lon="-122.2983069" />
  <node id="4065677746" lat="47.6760163" lon="-122.3249810" />
  <node id="4065677747" lat="47.6760597" lon="-122.3248710" />
  <node id="4065677748" lat="47.6759865" lon="-122.3247879" />
  <node id="4065677749" lat="47.6759911" lon="-122.3249850" />
  <node id="4493018479" lat="47.6861229" lon="-122.3009340">
    <tag k="bench" v="yes" />
    <tag k="bin" v="no" />
    <tag k="gtfs:feed" v="US-WA-KCM" />
    <tag k="gtfs:stop_id" v="23890" />
    <tag k="highway" v="bus_stop" />
    <tag k="lit" v="yes" />
    <tag k="name" v="25th Ave NE &amp; NE 80th St" />
    <tag k="network" v="King County Metro" />
    <tag k="network:short" v="KCM" />
    <tag k="network:wikidata" v="Q6411393" />
    <tag k="operator" v="King County Metro" />
    <tag k="operator:short" v="KCM" />
    <tag k="operator:wikidata" v="Q6411393" />
    <tag k="operator:wikipedia" v="en:King County Metro" />
    <tag k="public_transport" v="platform" />
    <tag k="ref" v="23890" />
    <tag k="route_ref" v="372" />
    <tag k="shelter" v="yes" />
    <tag k="tactile_paving" v="no" />
    <tag k="wheelchair" v="yes" />
  </node>
  <node id="4493019212" lat="47.6864698" lon="-122.3007180">
    <tag k="bench" v="yes" />
    <tag k="bin" v="yes" />
    <tag k="gtfs:feed" v="US-WA-KCM" />
    <tag k="gtfs:stop_id" v="25798" />
    <tag k="highway" v="bus_stop" />
    <tag k="lit" v="yes" />
    <tag k="name" v="25th Ave NE &amp; NE 80th St" />
    <tag k="network" v="King County Metro" />
    <tag k="network:short" v="KCM" />
    <tag k="network:wikidata" v="Q6411393" />
    <tag k="operator" v="King County Metro" />
    <tag k="operator:short" v="KCM" />
    <tag k="operator:wikidata" v="Q6411393" />
    <tag k="operator:wikipedia" v="en:King County Metro" />
    <tag k="public_transport" v="platform" />
    <tag k="ref" v="25798" />
    <tag k="route_ref" v="372;982;986;987;988;989" />
    <tag k="shelter" v="yes" />
    <tag k="tactile_paving" v="no" />
    <tag k="wheelchair" v="yes" />
  </node>
  <node id="4511376415" lat="47.6864628" lon="-122.3008135">
    <tag k="bus" v="yes" />
    <tag k="gtfs:stop_id" v="25798" />
    <tag k="name" v="25th Ave NE &amp; NE 80th St" />
    <tag k="public_transport" v="stop_position" />
    <tag k="ref" v="25798" />
  </node>
  <node id="4511376428" lat="47.6861242" lon="-122.3007886">
    <tag k="bus" v="yes" />
    <tag k="gtfs:stop_id" v="23890" />
    <tag k="name" v="25th Ave NE &amp; NE 80th St" />
    <tag k="public_transport" v="stop_position" />
    <tag k="ref" v="23890" />
  </node>
  <node id="4536744221" lat="47.6757239" lon="-122.3254506">
    <tag k="bus" v="yes" />
    <tag k="gtfs:stop_id" v="27150" />
    <tag k="name" v="Latona Ave NE &amp; NE 65th St" />
    <tag k="public_transport" v="stop_position" />
    <tag k="ref" v="27150" />
  </node>
  <node id="4536744241" lat="47.6778187" lon="-122.3273276">
    <tag k="bus" v="yes" />
    <tag k="gtfs:stop_id" v="27160" />
    <tag k="name" v="2nd Ave NE &amp; Woodlawn Ave NE" />
    <tag k="public_transport" v="stop_position" />
    <tag k="ref" v="27160" />
  </node>
  <node id="5041646672" lat="47.6758229" lon="-122.3249050" />
  <node id="5041646674" lat="47.6755248" lon="-122.3249065" />
  <node id="5041664431" lat="47.6694813" lon="-122.3304967" />
  <node id="5041664432" lat="47.6694211" lon="-122.3257242" />
  <node id="5041664433" lat="47.6752116" lon="-122.3255732" />
  <node id="5041664434" lat="47.6755091" lon="-122.3255567" />
  <node id="5041664436" lat="47.6755168" lon="-122.3263389" />
  <node id="5041664437" lat="47.6758360" lon="-122.3263350" />
  <node id="5041664438" lat="47.6758464" lon="-122.3280843" />
  <node id="5041664439" lat="47.6755124" lon="-122.3280966" />
  <node id="5041664440" lat="47.6755165" lon="-122.3289901" />
  <node id="5041664441" lat="47.6758485" lon="-122.3289685" />
  <node id="5041664442" lat="47.6758733" lon="-122.3307710" />
  <node id="5041664443" lat="47.6715062" lon="-122.3308233" />
  <node id="5041664444" lat="47.6715270" lon="-122.3318339" />
  <node id="5041664455" lat="47.6774267" lon="-122.3283043" />
  <node id="5041664456" lat="47.6774972" lon="-122.3273522" />
  <node id="5041664459" lat="47.6775420" lon="-122.3260429" />
  <node id="5041664460" lat="47.6779204" lon="-122.3251370" />
  <node id="5041664463" lat="47.6760330" lon="-122.3231401" />
  <node id="5041664464" lat="47.6759683" lon="-122.3234208" />
  <node id="5041664465" lat="47.6759766" lon="-122.3243605" />
  <node id="5041664466" lat="47.6762691" lon="-122.3246224" />
  <node id="5041664467" lat="47.6760824" lon="-122.3251801" />
  <node id="5041664468" lat="47.6762380" lon="-122.3253218" />
  <node id="5041664469" lat="47.6760554" lon="-122.3257100" />
  <node id="5041664470" lat="47.6759911" lon="-122.3259904" />
  <node id="5041664471" lat="47.6760264" lon="-122.3279130" />
  <node id="5041664472" lat="47.6765803" lon="-122.3278545" />
  <node id="5041664473" lat="47.6766322" lon="-122.3283967" />
  <node id="6860954408" lat="47.6777425" lon="-122.3262274" />
  <node id="6860954409" lat="47.6777179" lon="-122.3263220" />
  <node id="7727616498" lat="47.6847960" lon="-122.3066442" />
  <node id="7727616499" lat="47.6831517" lon="-122.3066073" />
  <node id="7727616500" lat="47.6831218" lon="-122.3065559" />
  <node id="7727616501" lat="47.6831085" lon="-122.3009650" />
  <node id="7727616502" lat="47.6831395" lon="-122.3009066" />
  <node id="7727616503" lat="47.6862893" lon="-122.3009491" />
  <node id="7727616504" lat="47.6865049" lon="-122.3009898" />
  <node id="7727616505" lat="47.6868266" lon="-122.3011296" />
  <node id="7727616506" lat="47.6875163" lon="-122.3016020" />
  <node id="7727616507" lat="47.6875671" lon="-122.3017022" />
  <node id="7727616508" lat="47.6875428" lon="-122.3017618" />
  <node id="7727616509" lat="47.6870195" lon="-122.3018994" />
  <node id="7727616510" lat="47.6847990" lon="-122.3018038" />
  <node id="8409523457" lat="47.6865818" lon="-122.2994836" />
  <node id="8409523458" lat="47.6865827" lon="-122.2990836" />
  <node id="8409523461" lat="47.6865827" lon="-122.2990686" />
  <node id="8409523462" lat="47.6865831" lon="-122.2989317" />
  <node id="8409523481" lat="47.6867351" lon="-122.2985850" />
  <node id="8409523482" lat="47.6867353" lon="-122.2985159" />
  <node id="8409523483" lat="47.6867331" lon="-122.2985059" />
  <node id="8409523484" lat="47.6867276" lon="-122.2984930" />
  <node id="8409523485" lat="47.6867203" lon="-122.2984826" />
  <node id="8409523486" lat="47.6867121" lon="-122.2984745" />
  <node id="8409523487" lat="47.6867062" lon="-122.2984722" />
  <node id="8409523488" lat="47.6866983" lon="-122.2984710" />
  <node id="8409523489" lat="47.6866906" lon="-122.2984714" />
  <node id="8409523490" lat="47.6866815" lon="-122.2984785" />
  <node id="8409523491" lat="47.6866748" lon="-122.2984849" />
  <node id="8409523492" lat="47.6866679" lon="-122.2984959" />
  <node id="8409523493" lat="47.6866659" lon="-122.2985070" />
  <node id="8409523494" lat="47.6866668" lon="-122.2985864" />
  <node id="8409523495" lat="47.6866709" lon="-122.2985975" />
  <node id="8409523496" lat="47.6866779" lon="-122.2986077" />
  <node id="8409523497" lat="47.6866843" lon="-122.2986141" />
  <node id="8409523498" lat="47.6866909" lon="-122.2986187" />
  <node id="8409523499" lat="47.6866979" lon="-122.2986193" />
  <node id="8409523500" lat="47.6867077" lon="-122.2986189" />
  <node id="8409523501" lat="47.6867168" lon="-122.2986141" />
  <node id="8409523502" lat="47.6867228" lon="-122.2986072" />
  <node id="8409523503" lat="47.6867276" lon="-122.2985998" />
  <node id="8409523504" lat="47.6867318" lon="-122.2985929" />
  <node id="8409523505" lat="47.6867378" lon="-122.2985513" />
  <node id="8409523506" lat="47.6867376" lon="-122.2985687" />
  <node id="8409523507" lat="47.6867378" lon="-122.2985326" />
  <node id="8409523508" lat="47.6866630" lon="-122.2985459" />
  <node id="8409523509" lat="47.6866629" lon="-122.2985681" />
  <node id="8409523510" lat="47.6866628" lon="-122.2985257" />
  <node id="8409523557" lat="47.6879810" lon="-122.2986602" />
  <node id="8409523558" lat="47.6879735" lon="-122.2986111" />
  <node id="8409523559" lat="47.6879766" lon="-122.2985662" />
  <node id="8409523560" lat="47.6879707" lon="-122.2985049" />
  <node id="8409523561" lat="47.6879872" lon="-122.2984419" />
  <node id="8409523562" lat="47.6880010" lon="-122.2984220" />
  <node id="8409523563" lat="47.6879904" lon="-122.2983846" />
  <node id="8409523564" lat="47.6879597" lon="-122.2983852" />
  <node id="8409523565" lat="47.6879197" lon="-122.2983315" />
  <node id="8409523566" lat="47.6879232" lon="-122.2982948" />
  <node id="8409523585" lat="47.6879534" lon="-122.2986493" />
  <node id="8409523586" lat="47.6879195" lon="-122.2986034" />
  <node id="8409523587" lat="47.6879114" lon="-122.2985953" />
  <node id="8409523588" lat="47.6878879" lon="-122.2985544" />
  <node id="8409523589" lat="47.6878703" lon="-122.2985333" />
  <node id="8409523590" lat="47.6878523" lon="-122.2985172" />
  <node id="8409523591" lat="47.6878265" lon="-122.2984964" />
  <node id="8409523592" lat="47.6878015" lon="-122.2984877" />
  <node id="8409523593" lat="47.6877703" lon="-122.2984927" />
  <node id="8409523594" lat="47.6877552" lon="-122.2984998" />
  <node id="8409523690" lat="47.6879707" lon="-122.2986756" />
  <node id="8409523691" lat="47.6879301" lon="-122.2982835" />
  <node id="8409523692" lat="47.6878037" lon="-122.2982839" />
  <node id="8409523693" lat="47.6878215" lon="-122.2983365" />
  <node id="8409523694" lat="47.6878108" lon="-122.2983746" />
  <node id="8409523695" lat="47.6877885" lon="-122.2983750" />
  <node id="8409523696" lat="47.6877521" lon="-122.2983808" />
  <node id="8409523697" lat="47.6876845" lon="-122.2983830" />
  <node id="8409523698" lat="47.6876866" lon="-122.2984422" />
  <node id="8409523699" lat="47.6877042" lon="-122.2984391" />
  <node id="8409523700" lat="47.6877009" lon="-122.2984860" />
  <node id="8409533938" lat="47.6848956" lon="-122.2970931" />
  <node id="8409533939" lat="47.6849146" lon="-122.2970435" />
  <node id="8409533940" lat="47.6849683" lon="-122.2969597" />
  <node id="8409533941" lat="47.6850302" lon="-122.2970576" />
  <node id="8409533942" lat="47.6851159" lon="-122.2970583" />
  <node id="8409533943" lat="47.6852012" lon="-122.2970610" />
  <node id="8409533944" lat="47.6852405" lon="-122.2970469" />
  <node id="8409533945" lat="47.6853389" lon="-122.2969959" />
  <node id="8409533946" lat="47.6854382" lon="-122.2970522" />
  <node id="8409533947" lat="47.6855010" lon="-122.2970516" />
  <node id="8409533957" lat="47.6849149" lon="-122.2979388" />
  <node id="8409533958" lat="47.6849188" lon="-122.2978437" />
  <node id="8409533959" lat="47.6849236" lon="-122.2977787" />
  <node id="8409533960" lat="47.6848996" lon="-122.2977014" />
  <node id="8409533961" lat="47.6849058" lon="-122.2976018" />
  <node id="8409533962" lat="47.6849020" lon="-122.2974885" />
  <node id="8409533963" lat="47.6848976" lon="-122.2973655" />
  <node id="8409533964" lat="47.6849215" lon="-122.2973356" />
  <node id="8409533965" lat="47.6849568" lon="-122.2973168" />
  <node id="8409533966" lat="47.6849427" lon="-122.2972527" />
  <node id="8409533967" lat="47.6849072" lon="-122.2972329" />
  <node id="8409533968" lat="47.6858697" lon="-122.2973040" />
  <node id="8409533969" lat="47.6858703" lon="-122.2971256" />
  <node id="8409533971" lat="47.6857448" lon="-122.2970214" />
  <node id="8409533972" lat="47.6856589" lon="-122.2970535" />
  <node id="8409533973" lat="47.6856456" lon="-122.2970799" />
  <node id="8409533974" lat="47.6855162" lon="-122.2970799" />
  <node id="8409533980" lat="47.6857715" lon="-122.2974000" />
  <node id="8409533981" lat="47.6857951" lon="-122.2973258" />
  <node id="8409533994" lat="47.6857733" lon="-122.2974530" />
  <node id="8409533998" lat="47.6856285" lon="-122.2978593" />
  <node id="8409533999" lat="47.6856432" lon="-122.2978548" />
  <node id="8409534000" lat="47.6856425" lon="-122.2978055" />
  <node id="8409534001" lat="47.6856641" lon="-122.2977460" />
  <node id="8409534002" lat="47.6856655" lon="-122.2976972" />
  <node id="8409534003" lat="47.6856791" lon="-122.2976616" />
  <node id="8409534004" lat="47.6856921" lon="-122.2975946" />
  <node id="8409534005" lat="47.6857192" lon="-122.2975117" />
  <node id="8409534006" lat="47.6857308" lon="-122.2975163" />
  <node id="8409534007" lat="47.6857821" lon="-122.2974978" />
  <node id="8409534008" lat="47.6857751" lon="-122.2975474" />
  <node id="8409534009" lat="47.6857557" lon="-122.2975509" />
  <node id="8409534010" lat="47.6857575" lon="-122.2976896" />
  <node id="8409534011" lat="47.6857736" lon="-122.2977743" />
  <node id="8409534012" lat="47.6857961" lon="-122.2977970" />
  <node id="8409534013" lat="47.6858379" lon="-122.2978401" />
  <node id="8409534014" lat="47.6858646" lon="-122.2978702" />
  <node id="8409534015" lat="47.6858731" lon="-122.2979472" />
  <node id="8409534016" lat="47.6858838" lon="-122.2979755" />
  <node id="8409543717" lat="47.6859053" lon="-122.2980710" />
  <node id="8409543718" lat="47.6858743" lon="-122.2981383" />
  <node id="8409543719" lat="47.6858439" lon="-122.2981666" />
  <node id="8409543720" lat="47.6858320" lon="-122.2982675" />
  <node id="8409543721" lat="47.6857492" lon="-122.2983091" />
  <node id="8409543722" lat="47.6857081" lon="-122.2982976" />
  <node id="8409543723" lat="47.6856855" lon="-122.2982418" />
  <node id="8409543724" lat="47.6856104" lon="-122.2982002" />
  <node id="8409543725" lat="47.6855473" lon="-122.2981878" />
  <node id="8409543726" lat="47.6855235" lon="-122.2981374" />
  <node id="8409543727" lat="47.6855295" lon="-122.2981005" />
  <node id="8409543728" lat="47.6855480" lon="-122.2980375" />
  <node id="8409543729" lat="47.6855073" lon="-122.2979899" />
  <node id="8409543730" lat="47.6855035" lon="-122.2979328" />
  <node id="8409543731" lat="47.6856092" lon="-122.2979232" />
  <node id="8409659567" lat="47.6869849" lon="-122.2990912" />
  <node id="8409659568" lat="47.6869820" lon="-122.2990693" />
  <node id="8409659569" lat="47.6869855" lon="-122.2990350" />
  <node id="8409659570" lat="47.6870363" lon="-122.2990511" />
  <node id="8409659571" lat="47.6870609" lon="-122.2990279" />
  <node id="8409659572" lat="47.6870876" lon="-122.2990119" />
  <node id="8409659573" lat="47.6871511" lon="-122.2989722" />
  <node id="8409659574" lat="47.6872095" lon="-122.2989704" />
  <node id="8409659575" lat="47.6872554" lon="-122.2990501" />
  <node id="8409659576" lat="47.6872449" lon="-122.2991403" />
  <node id="8409659577" lat="47.6872863" lon="-122.2991766" />
  <node id="8409659578" lat="47.6873262" lon="-122.2992593" />
  <node id="8409659579" lat="47.6873459" lon="-122.2993067" />
  <node id="8409659580" lat="47.6873793" lon="-122.2993204" />
  <node id="8409659581" lat="47.6873771" lon="-122.2993806" />
  <node id="8409659582" lat="47.6872144" lon="-122.2995159" />
  <node id="8409659583" lat="47.6871857" lon="-122.2995181" />
  <node id="8409659584" lat="47.6871511" lon="-122.2995022" />
  <node id="8409659602" lat="47.6865811" lon="-122.2997733" />
  <node id="8409681484" lat="47.6868073" lon="-122.2994806">
    <tag k="amenity" v="clock" />
    <tag k="check_date" v="2025-05-20" />
    <tag k="display" v="sundial" />
    <tag k="name" v="Puma Sundial" />
    <tag k="support" v="pedestal" />
  </node>
  <node id="8493258134" lat="47.6882187" lon="-122.2998655" />
  <node id="8493258135" lat="47.6882188" lon="-122.2999994" />
  <node id="8497832752" lat="47.6847970" lon="-122.3049963" />
  <node id="8539584195" lat="47.6876525" lon="-122.3006539">
    <tag k="amenity" v="bench" />
    <tag k="backrest" v="yes" />
    <tag k="colour" v="black" />
    <tag k="material" v="metal" />
  </node>
  <node id="8539584196" lat="47.6876506" lon="-122.3006041">
    <tag k="amenity" v="bicycle_parking" />
    <tag k="bicycle_parking" v="rack" />
    <tag k="capacity" v="5" />
    <tag k="covered" v="no" />
  </node>
  <node id="8565170943" lat="47.6875566" lon="-122.3016318" />
  <node id="8565170944" lat="47.6875670" lon="-122.3016650" />
  <node id="8565170945" lat="47.6875632" lon="-122.3016473" />
  <node id="8565170946" lat="47.6875683" lon="-122.3016832" />
  <node id="8565170947" lat="47.6875581" lon="-122.3017375" />
  <node id="8565170948" lat="47.6875634" lon="-122.3017206" />
  <node id="8565170949" lat="47.6875503" lon="-122.3017512" />
  <node id="8565170950" lat="47.6871371" lon="-122.3018520" />
  <node id="8565170973" lat="47.6863573" lon="-122.3009616" />
  <node id="8588529743" lat="47.6865720" lon="-122.2983052">
    <tag k="amenity" v="bench" />
    <tag k="backrest" v="yes" />
  </node>
  <node id="8588529744" lat="47.6865461" lon="-122.2982456">
    <tag k="amenity" v="waste_basket" />
  </node>
  <node id="8613424325" lat="47.6755799" lon="-122.3289858" />
  <node id="8613424330" lat="47.6759948" lon="-122.3245963" />
  <node id="8613424331" lat="47.6759833" lon="-122.3246150" />
  <node id="8613424332" lat="47.6760437" lon="-122.3251848" />
  <node id="8613424333" lat="47.6755218" lon="-122.3253233" />
  <node id="8613424334" lat="47.6755482" lon="-122.3263380" />
  <node id="8613424338" lat="47.6761932" lon="-122.3227573" />
  <node id="8866950771" lat="47.6778642" lon="-122.3274770" />
  <node id="8866950780" lat="47.6777578" lon="-122.3268785" />
  <node id="8866950785" lat="47.6777840" lon="-122.3267849" />
  <node id="8866950788" lat="47.6780450" lon="-122.3269059" />
  <node id="8866950793" lat="47.6780823" lon="-122.3267832" />
  <node id="8866950795" lat="47.6776936" lon="-122.3271353" />
  <node id="8866950797" lat="47.6775097" lon="-122.3270308" />
  <node id="8866950798" lat="47.6782071" lon="-122.3254043" />
  <node id="8866950799" lat="47.6782055" lon="-122.3253840" />
  <node id="8866950800" lat="47.6776284" lon="-122.3258361" />
  <node id="8866950801" lat="47.6778215" lon="-122.3260184" />
  <node id="8866950802" lat="47.6778563" lon="-122.3260118" />
  <node id="8866950804" lat="47.6779616" lon="-122.3250382" />
  <node id="9940976204" lat="47.6864321" lon="-122.3009716" />
  <node id="10048343738" lat="47.6755421" lon="-122.3255799" />
  <node id="10676179668" lat="47.6835370" lon="-122.2909806" />
  <node id="10676179669" lat="47.6831308" lon="-122.2909733" />
  <node id="10676179671" lat="47.6835412" lon="-122.2906221" />
  <node id="11160050276" lat="47.6779117" lon="-122.3266518">
    <tag k="addr:housenumber" v="6869" />
    <tag k="addr:street" v="Woodlawn Avenue Northeast" />
    <tag k="addr:unit" v="120" />
    <tag k="check_date" v="2026-08-23" />
    <tag k="name" v="Four Winds Massage" />
    <tag k="shop" v="massage" />
    <tag k="website" v="https://www.sagebodyworkseattle.com/green-lake-location" />
  </node>
  <node id="12020476514" lat="47.6831294" lon="-122.3001783" />
  <node id="12020476515" lat="47.6834149" lon="-122.3002350" />
  <node id="12020476516" lat="47.6834126" lon="-122.3006257" />
  <node id="12020476517" lat="47.6849187" lon="-122.2979786" />
  <node id="12020476518" lat="47.6858892" lon="-122.2979995" />
  <node id="12020476519" lat="47.6866009" lon="-122.2907347" />
  <node id="12026885658" lat="47.6867613" lon="-122.2961244" />
  <node id="12026885659" lat="47.6867531" lon="-122.2981034" />
  <node id="12026885660" lat="47.6867757" lon="-122.2981733" />
  <node id="12026885661" lat="47.6883641" lon="-122.2981267" />
  <node id="12026885662" lat="47.6884268" lon="-122.2980361" />
  <node id="12026885663" lat="47.6884181" lon="-122.2961474" />
  <node id="12164967960" lat="47.6042882" lon="-122.3005319">
    <tag k="amenity" v="public_bookcase" />
    <tag k="indoor" v="no" />
    <tag k="lit" v="no" />
    <tag k="location" v="outdoor" />
    <tag k="public_bookcase:type" v="wooden_cabinet" />
  </node>
  <node id="12257417705" lat="47.6018570" lon="-122.3010518" />
  <node id="12257417706" lat="47.6018111" lon="-122.3010518" />
  <node id="12257417707" lat="47.6017815" lon="-122.3010445" />
  <node id="12257417708" lat="47.6017323" lon="-122.3009739" />
  <node id="12257417709" lat="47.6017241" lon="-122.2990655" />
  <node id="12257417710" lat="47.6017750" lon="-122.2989974" />
  <node id="12257417711" lat="47.6042266" lon="-122.2989569" />
  <node id="12257417712" lat="47.6042603" lon="-122.2990191" />
  <node id="12257417713" lat="47.6042909" lon="-122.3010008" />
  <node id="12257417714" lat="47.6042879" lon="-122.3010235" />
  <node id="12257417715" lat="47.6042429" lon="-122.3010417" />
  <node id="12257421102" lat="47.6042600" lon="-122.3023102" />
  <node id="12257421103" lat="47.6035786" lon="-122.3023087" />
  <node id="12257421104" lat="47.6035748" lon="-122.3012439" />
  <node id="12257421105" lat="47.6042629" lon="-122.3012411" />
  <node id="12851992758" lat="47.6866248" lon="-122.3014019">
    <tag k="amenity" v="bicycle_parking" />
    <tag k="bicycle_parking" v="stands" />
    <tag k="capacity" v="2" />
    <tag k="covered" v="no" />
  </node>
  <node id="12852010815" lat="47.6866258" lon="-122.3014376">
    <tag k="amenity" v="bicycle_parking" />
    <tag k="bicycle_parking" v="stands" />
    <tag k="capacity" v="2" />
    <tag k="covered" v="no" />
  </node>
  <node id="13651513600" lat="47.6023263" lon="-122.3009452">
    <tag k="access" v="yes" />
    <tag k="amenity" v="public_bookcase" />
    <tag k="indoor" v="no" />
    <tag k="lit" v="yes" />
    <tag k="location" v="outdoor" />
    <tag k="public_bookcase:type" v="wooden_cabinet" />
    <tag k="ref" v="101873" />
  </node>
  <way id="35535458">
    <nd ref="416329193" />
    <nd ref="3655897348" />
    <nd ref="8493258135" />
    <nd ref="8493258134" />
    <nd ref="3655897349" />
    <nd ref="3655897350" />
    <nd ref="3655897351" />
    <nd ref="416329195" />
    <nd ref="416329199" />
    <nd ref="416329200" />
    <nd ref="416329202" />
    <nd ref="416329209" />
    <nd ref="416329193" />
    <tag k="addr:city" v="Seattle" />
    <tag k="addr:country" v="US" />
    <tag k="addr:housenumber" v="8040" />
    <tag k="addr:postcode" v="98115" />
    <tag k="addr:state" v="WA" />
    <tag k="addr:street" v="25th Avenue Northeast" />
    <tag k="landuse" v="allotments" />
    <tag k="name" v="Picardo Farm P-Patch" />
    <tag k="start_date" v="1973" />
    <tag k="website" v="https://www.seattle.gov/neighborhoods/p-patch-gardening/garden-list/picardo-farm" />
    <tag k="wikidata" v="Q7190510" />
    <tag k="wikipedia" v="en:Picardo Farm" />
  </way>
  <way id="53590397">
    <nd ref="3858231023" />
    <nd ref="676997122" />
    <nd ref="3858231024" />
    <nd ref="676997134" />
    <nd ref="676997156" />
    <nd ref="8409523462" />
    <nd ref="8409523461" />
    <nd ref="8409523458" />
    <nd ref="8409523457" />
    <nd ref="8409659602" />
    <nd ref="676997182" />
    <nd ref="676997050" />
    <nd ref="676997063" />
    <nd ref="676997112" />
    <nd ref="3858231023" />
    <tag k="landuse" v="recreation_ground" />
    <tag k="source" v="yahoo_wms" />
    <tag k="sport" v="multi" />
  </way>
  <way id="516462458">
    <nd ref="5041664431" />
    <nd ref="5041664432" />
    <nd ref="5041664433" />
    <nd ref="5041664434" />
    <nd ref="5041664436" />
    <nd ref="8613424334" />
    <nd ref="5041664437" />
    <nd ref="5041664438" />
    <nd ref="5041664439" />
    <nd ref="5041664440" />
    <nd ref="8613424325" />
    <nd ref="5041664441" />
    <nd ref="5041664442" />
    <nd ref="5041664443" />
    <nd ref="5041664444" />
    <nd ref="5041664431" />
    <tag k="landuse" v="residential" />
  </way>
  <way id="516462460">
    <nd ref="5041664455" />
    <nd ref="5041664456" />
    <nd ref="8866950797" />
    <nd ref="6860954409" />
    <nd ref="6860954408" />
    <nd ref="5041664459" />
    <nd ref="8866950800" />
    <nd ref="5041664460" />
    <nd ref="8866950804" />
    <nd ref="2315233114" />
    <nd ref="2315233168" />
    <nd ref="8613424338" />
    <nd ref="5041664463" />
    <nd ref="5041664464" />
    <nd ref="5041664465" />
    <nd ref="5041664466" />
    <nd ref="5041664467" />
    <nd ref="5041664468" />
    <nd ref="5041664469" />
    <nd ref="5041664470" />
    <nd ref="5041664471" />
    <nd ref="5041664472" />
    <nd ref="5041664473" />
    <nd ref="5041664455" />
    <tag k="landuse" v="residential" />
  </way>
  <way id="827752710">
    <nd ref="7727616498" />
    <nd ref="7727616499" />
    <nd ref="7727616500" />
    <nd ref="7727616501" />
    <nd ref="7727616502" />
    <nd ref="7727616503" />
    <nd ref="8565170973" />
    <nd ref="9940976204" />
    <nd ref="7727616504" />
    <nd ref="7727616505" />
    <nd ref="7727616506" />
    <nd ref="8565170943" />
    <nd ref="8565170945" />
    <nd ref="8565170944" />
    <nd ref="8565170946" />
    <nd ref="7727616507" />
    <nd ref="8565170948" />
    <nd ref="8565170947" />
    <nd ref="8565170949" />
    <nd ref="7727616508" />
    <nd ref="8565170950" />
    <nd ref="7727616509" />
    <nd ref="7727616510" />
    <nd ref="8497832752" />
    <nd ref="7727616498" />
    <tag k="landuse" v="residential" />
  </way>
  <way id="905547934">
    <nd ref="8409523481" />
    <nd ref="8409523506" />
    <nd ref="8409523505" />
    <nd ref="8409523507" />
    <nd ref="8409523482" />
    <nd ref="8409523483" />
    <nd ref="8409523484" />
    <nd ref="8409523485" />
    <nd ref="8409523486" />
    <nd ref="8409523487" />
    <nd ref="8409523488" />
    <nd ref="8409523489" />
    <nd ref="8409523490" />
    <nd ref="8409523491" />
    <nd ref="8409523492" />
    <nd ref="8409523493" />
    <nd ref="8409523510" />
    <nd ref="8409523508" />
    <nd ref="8409523509" />
    <nd ref="8409523494" />
    <nd ref="8409523495" />
    <nd ref="8409523496" />
    <nd ref="8409523497" />
    <nd ref="8409523498" />
    <nd ref="8409523499" />
    <nd ref="8409523500" />
    <nd ref="8409523501" />
    <nd ref="8409523502" />
    <nd ref="8409523503" />
    <nd ref="8409523504" />
    <nd ref="8409523481" />
    <tag k="landuse" v="grass" />
  </way>
  <way id="905547944">
    <nd ref="8409523594" />
    <nd ref="8409523593" />
    <nd ref="8409523592" />
    <nd ref="8409523591" />
    <nd ref="8409523590" />
    <nd ref="8409523589" />
    <nd ref="8409523588" />
    <nd ref="8409523587" />
    <nd ref="8409523586" />
    <nd ref="8409523585" />
    <nd ref="8409523690" />
    <nd ref="8409523557" />
    <nd ref="8409523558" />
    <nd ref="8409523559" />
    <nd ref="8409523560" />
    <nd ref="8409523561" />
    <nd ref="8409523562" />
    <nd ref="8409523563" />
    <nd ref="8409523564" />
    <nd ref="8409523565" />
    <nd ref="8409523566" />
    <nd ref="8409523691" />
    <nd ref="8409523692" />
    <nd ref="8409523693" />
    <nd ref="8409523694" />
    <nd ref="8409523695" />
    <nd ref="8409523696" />
    <nd ref="8409523697" />
    <nd ref="8409523698" />
    <nd ref="8409523699" />
    <nd ref="8409523700" />
    <nd ref="8409523594" />
    <tag k="landuse" v="grass" />
  </way>
  <way id="905550704">
    <nd ref="8409533994" />
    <nd ref="8409534007" />
    <nd ref="8409534008" />
    <nd ref="8409534009" />
    <nd ref="8409534010" />
    <nd ref="8409534011" />
    <nd ref="8409534012" />
    <nd ref="8409534013" />
    <nd ref="8409534014" />
    <nd ref="8409534015" />
    <nd ref="8409534016" />
    <nd ref="12020476518" />
    <nd ref="8409543717" />
    <nd ref="8409543718" />
    <nd ref="8409543719" />
    <nd ref="8409543720" />
    <nd ref="8409543721" />
    <nd ref="8409543722" />
    <nd ref="8409543723" />
    <nd ref="8409543724" />
    <nd ref="8409543725" />
    <nd ref="8409543726" />
    <nd ref="8409543727" />
    <nd ref="8409543728" />
    <nd ref="8409543729" />
    <nd ref="8409543730" />
    <nd ref="8409543731" />
    <nd ref="8409533998" />
    <nd ref="8409533999" />
    <nd ref="8409534000" />
    <nd ref="8409534001" />
    <nd ref="8409534002" />
    <nd ref="8409534003" />
    <nd ref="8409534004" />
    <nd ref="8409534005" />
    <nd ref="8409534006" />
    <nd ref="8409533994" />
    <tag k="landuse" v="forest" />
    <tag k="leaf_cycle" v="evergreen" />
    <tag k="leaf_type" v="needleleaved" />
  </way>
  <way id="905564825">
    <nd ref="8409659567" />
    <nd ref="8409659568" />
    <nd ref="8409659569" />
    <nd ref="8409659570" />
    <nd ref="8409659571" />
    <nd ref="8409659572" />
    <nd ref="8409659573" />
    <nd ref="8409659574" />
    <nd ref="8409659575" />
    <nd ref="8409659576" />
    <nd ref="8409659577" />
    <nd ref="8409659578" />
    <nd ref="8409659579" />
    <nd ref="8409659580" />
    <nd ref="8409659581" />
    <nd ref="2302003597" />
    <nd ref="2302003595" />
    <nd ref="2302003586" />
    <nd ref="8409659582" />
    <nd ref="8409659583" />
    <nd ref="8409659584" />
    <nd ref="2302003558" />
    <nd ref="2302003557" />
    <nd ref="2302003571" />
    <nd ref="2302003570" />
    <nd ref="2302003582" />
    <nd ref="2302003581" />
    <nd ref="2302003567" />
    <nd ref="2302003566" />
    <nd ref="8409659567" />
    <tag k="landuse" v="forest" />
    <tag k="leaf_type" v="broadleaved" />
  </way>
  <way id="928660218">
    <nd ref="2315231648" />
    <nd ref="8613424330" />
    <nd ref="8613424331" />
    <nd ref="4065677748" />
    <nd ref="4065677747" />
    <nd ref="4065677746" />
    <nd ref="4065677749" />
    <nd ref="2315231392" />
    <nd ref="2315231394" />
    <nd ref="2315231398" />
    <nd ref="2315231400" />
    <nd ref="2315231403" />
    <nd ref="2315231448" />
    <nd ref="2315231578" />
    <nd ref="2315231606" />
    <nd ref="2315231533" />
    <nd ref="8613424332" />
    <nd ref="2315231467" />
    <nd ref="2315231648" />
    <tag k="landuse" v="retail" />
  </way>
  <way id="928660219">
    <nd ref="5041646672" />
    <nd ref="2315214983" />
    <nd ref="2315214985" />
    <nd ref="2315214984" />
    <nd ref="2315214986" />
    <nd ref="2315214821" />
    <nd ref="8613424333" />
    <nd ref="5041646674" />
    <nd ref="5041646672" />
    <tag k="landuse" v="retail" />
  </way>
  <way id="928660220">
    <nd ref="5041664437" />
    <nd ref="2315204680" />
    <nd ref="2315204631" />
    <nd ref="10048343738" />
    <nd ref="8613424334" />
    <nd ref="5041664437" />
    <tag k="landuse" v="retail" />
  </way>
  <way id="958306731">
    <nd ref="2315233035" />
    <nd ref="2315233001" />
    <nd ref="2315232934" />
    <nd ref="2315232911" />
    <nd ref="2315232916" />
    <nd ref="2315232918" />
    <nd ref="2315232929" />
    <nd ref="2315232946" />
    <nd ref="8866950771" />
    <nd ref="2315233054" />
    <nd ref="2315233044" />
    <nd ref="2315233042" />
    <nd ref="2315233035" />
    <tag k="landuse" v="residential" />
  </way>
  <way id="958306739">
    <nd ref="2315233048" />
    <nd ref="2315233012" />
    <nd ref="2315232999" />
    <nd ref="2315232990" />
    <nd ref="8866950785" />
    <nd ref="8866950780" />
    <nd ref="8866950795" />
    <nd ref="2315232982" />
    <nd ref="2315233013" />
    <nd ref="2315233069" />
    <nd ref="2315233090" />
    <nd ref="8866950788" />
    <nd ref="2315233107" />
    <nd ref="8866950793" />
    <nd ref="2315233135" />
    <nd ref="2315233048" />
    <tag k="landuse" v="commercial" />
  </way>
  <way id="958306740">
    <nd ref="8866950798" />
    <nd ref="8866950799" />
    <nd ref="5041664460" />
    <nd ref="8866950800" />
    <nd ref="8866950801" />
    <nd ref="8866950802" />
    <nd ref="2315233027" />
    <nd ref="2315233065" />
    <nd ref="8866950798" />
    <tag k="landuse" v="religious" />
  </way>
  <way id="1297393902">
    <nd ref="10676179671" />
    <nd ref="10676179668" />
    <nd ref="10676179669" />
    <nd ref="12020476514" />
    <nd ref="12020476515" />
    <nd ref="12020476516" />
    <nd ref="660994976" />
    <nd ref="660995005" />
    <nd ref="12020476517" />
    <nd ref="8409533957" />
    <nd ref="8409533958" />
    <nd ref="8409533959" />
    <nd ref="8409533960" />
    <nd ref="8409533961" />
    <nd ref="8409533962" />
    <nd ref="8409533963" />
    <nd ref="8409533964" />
    <nd ref="8409533965" />
    <nd ref="8409533966" />
    <nd ref="8409533967" />
    <nd ref="8409533938" />
    <nd ref="8409533939" />
    <nd ref="8409533940" />
    <nd ref="2301986801" />
    <nd ref="8409533941" />
    <nd ref="8409533942" />
    <nd ref="8409533943" />
    <nd ref="8409533944" />
    <nd ref="8409533945" />
    <nd ref="8409533946" />
    <nd ref="8409533947" />
    <nd ref="8409533974" />
    <nd ref="8409533973" />
    <nd ref="8409533972" />
    <nd ref="8409533971" />
    <nd ref="8409533969" />
    <nd ref="8409533968" />
    <nd ref="8409533981" />
    <nd ref="8409533980" />
    <nd ref="8409533994" />
    <nd ref="8409534007" />
    <nd ref="8409534008" />
    <nd ref="8409534009" />
    <nd ref="8409534010" />
    <nd ref="8409534011" />
    <nd ref="8409534012" />
    <nd ref="8409534013" />
    <nd ref="8409534014" />
    <nd ref="8409534015" />
    <nd ref="8409534016" />
    <nd ref="12020476518" />
    <nd ref="660995008" />
    <nd ref="12020476519" />
    <nd ref="10676179671" />
    <tag k="landuse" v="residential" />
  </way>
  <way id="1298209636">
    <nd ref="12026885658" />
    <nd ref="12026885659" />
    <nd ref="12026885660" />
    <nd ref="12026885661" />
    <nd ref="12026885662" />
    <nd ref="12026885663" />
    <nd ref="12026885658" />
    <tag k="landuse" v="residential" />
  </way>
  <way id="1324578300">
    <nd ref="12257417705" />
    <nd ref="12257417706" />
    <nd ref="12257417707" />
    <nd ref="12257417708" />
    <nd ref="12257417709" />
    <nd ref="12257417710" />
    <nd ref="12257417711" />
    <nd ref="12257417712" />
    <nd ref="12257417713" />
    <nd ref="12257417714" />
    <nd ref="12257417715" />
    <nd ref="12257417705" />
    <tag k="landuse" v="residential" />
  </way>
  <way id="1324578754">
    <nd ref="12257421102" />
    <nd ref="12257421103" />
    <nd ref="12257421104" />
    <nd ref="12257421105" />
    <nd ref="12257421102" />
    <tag k="landuse" v="residential" />
  </way>

<note>The data included in this document is from www.openstreetmap.org. The data is made available under ODbL.</note>
<meta osm_base="2026-07-24T07:40:06Z" />

  <node id="30472262" lat="47.6623907" lon="-122.3815032" />
  <node id="30473162" lat="47.6615285" lon="-122.3803184" />
  <node id="30474359" lat="47.6637393" lon="-122.3829470" />
  <node id="30474852" lat="47.6635191" lon="-122.3820751" />
  <node id="30514545" lat="47.6609642" lon="-122.3788448" />
  <node id="30516340" lat="47.6608853" lon="-122.3772437" />
  <node id="30517820" lat="47.6622972" lon="-122.3813864" />
  <node id="30520457" lat="47.6613016" lon="-122.3803176" />
  <node id="30521196" lat="47.6640151" lon="-122.3824305" />
  <node id="30522792" lat="47.6625502" lon="-122.3816810" />
  <node id="30523203" lat="47.6609810" lon="-122.3763877" />
  <node id="30526355" lat="47.6609155" lon="-122.3788754" />
  <node id="30527362" lat="47.6606809" lon="-122.3778912" />
  <node id="243651650" lat="47.6390137" lon="-122.4020555">
    <tag k="bus" v="yes" />
    <tag k="gtfs:stop_id:US-WA-KCM" v="20940" />
    <tag k="name" v="Viewmont Way West &amp; 35th Avenue West" />
    <tag k="network" v="King County Metro" />
    <tag k="network:short" v="KCM" />
    <tag k="network:wikidata" v="Q6411393" />
    <tag k="operator" v="King County Metro" />
    <tag k="operator:short" v="KCM" />
    <tag k="operator:wikidata" v="Q6411393" />
    <tag k="public_transport" v="stop_position" />
    <tag k="ref" v="20940" />
  </node>
  <node id="369825838" lat="47.6630881" lon="-122.3823752" />
  <node id="457772974" lat="47.6397154" lon="-122.4004180">
    <tag k="addr:city" v="Seattle" />
    <tag k="addr:housenumber" v="3320" />
    <tag k="addr:postcode" v="98199" />
    <tag k="addr:state" v="WA" />
    <tag k="addr:street" v="West McGraw Street" />
    <tag k="addr:unit" v="6" />
    <tag k="amenity" v="fast_food" />
    <tag k="brand" v="Subway" />
    <tag k="brand:wikidata" v="Q244457" />
    <tag k="cuisine" v="sandwich" />
    <tag k="drive_through" v="no" />
    <tag k="name" v="Subway" />
    <tag k="opening_hours" v="09:00-20:00" />
    <tag k="phone" v="+1-206-285-6907" />
    <tag k="source" v="King County GIS;data.seattle.gov" />
    <tag k="takeaway" v="yes" />
    <tag k="website" v="https://restaurants.subway.com/united-states/wa/seattle/3320-w-mcgraw" />
  </node>
  <node id="457772975" lat="47.6394257" lon="-122.4006017">
    <tag k="addr:city" v="Seattle" />
    <tag k="addr:housenumber" v="3321" />
    <tag k="addr:postcode" v="98199" />
    <tag k="addr:state" v="WA" />
    <tag k="addr:street" v="West McGraw Street" />
    <tag k="amenity" v="restaurant" />
    <tag k="cuisine" v="peruvian" />
    <tag k="name" v="Pink Salt" />
    <tag k="phone" v="+1 206-284-7305" />
    <tag k="source" v="King County GIS;data.seattle.gov" />
    <tag k="website" v="https://pinksaltseattle.com/" />
  </node>
  <node id="457772976" lat="47.6398069" lon="-122.4007202">
    <tag k="addr:city" v="Seattle" />
    <tag k="addr:housenumber" v="3320" />
    <tag k="addr:postcode" v="98199" />
    <tag k="addr:street" v="West McGraw Street" />
    <tag k="addr:unit" v="1" />
    <tag k="name" v="Bella Cleaners" />
    <tag k="shop" v="dry_cleaning" />
    <tag k="source" v="King County GIS;data.seattle.gov" />
  </node>
  <node id="457773031" lat="47.6393852" lon="-122.3999690">
    <tag k="amenity" v="fuel" />
    <tag k="brand" v="Chevron" />
    <tag k="brand:wikidata" v="Q319642" />
    <tag k="name" v="Magnolia Chevron" />
  </node>
  <node id="457773032" lat="47.6397116" lon="-122.3999462">
    <tag k="amenity" v="bank" />
    <tag k="atm" v="no" />
    <tag k="brand" v="Peoples Bank" />
    <tag k="brand:wikidata" v="Q7166050" />
    <tag k="name" v="Peoples Bank" />
  </node>
  <node id="457773034" lat="47.6396647" lon="-122.4000280">
    <tag k="amenity" v="atm" />
    <tag k="brand" v="Wells Fargo" />
    <tag k="brand:wikidata" v="Q744149" />
    <tag k="name" v="Wells Fargo" />
    <tag k="operator" v="Wells Fargo" />
    <tag k="operator:wikidata" v="Q744149" />
    <tag k="operator:wikipedia" v="en:Wells Fargo" />
  </node>
  <node id="457773035" lat="47.6394260" lon="-122.4001996">
    <tag k="addr:city" v="Seattle" />
    <tag k="addr:housenumber" v="3311" />
    <tag k="addr:postcode" v="98199" />
    <tag k="addr:street" v="West McGraw Street" />
    <tag k="amenity" v="restaurant" />
    <tag k="cuisine" v="thai" />
    <tag k="name" v="Kinnaree" />
    <tag k="source" v="King County GIS;data.seattle.gov" />
  </node>
  <node id="457773036" lat="47.6394355" lon="-122.4003224">
    <tag k="addr:housenumber" v="3315" />
    <tag k="addr:street" v="West McGraw Street" />
    <tag k="amenity" v="arts_centre" />
    <tag k="name" v="Westerly Studio" />
    <tag k="website" v="https://www.westerlystudio.com" />
  </node>
  <node id="457773038" lat="47.6397301" lon="-122.4016778">
    <tag k="addr:city" v="Seattle" />
    <tag k="addr:housenumber" v="3412" />
    <tag k="addr:postcode" v="98199" />
    <tag k="addr:street" v="West McGraw Street" />
    <tag k="name" v="Carolina Cleaners" />
    <tag k="shop" v="dry_cleaning" />
    <tag k="source" v="King County GIS;data.seattle.gov" />
  </node>
  <node id="457773039" lat="47.6396984" lon="-122.4016772">
    <tag k="addr:city" v="Seattle" />
    <tag k="addr:housenumber" v="3412" />
    <tag k="addr:postcode" v="98199" />
    <tag k="addr:street" v="West McGraw Street" />
    <tag k="name" v="Madison Drapery" />
    <tag k="shop" v="furniture" />
    <tag k="source" v="King County GIS;data.seattle.gov" />
  </node>
  <node id="457773041" lat="47.6397324" lon="-122.4017480">
    <tag k="addr:unit" v="201" />
    <tag k="amenity" v="dentist" />
    <tag k="healthcare" v="dentist" />
    <tag k="name" v="Magnolia Smile Design" />
  </node>
  <node id="457773042" lat="47.6396937" lon="-122.4019686">
    <tag k="addr:city" v="Seattle" />
    <tag k="addr:housenumber" v="3416" />
    <tag k="addr:postcode" v="98199" />
    <tag k="addr:street" v="West McGraw Street" />
    <tag k="amenity" v="restaurant" />
    <tag k="cuisine" v="mexican" />
    <tag k="name" v="El Ranchon" />
    <tag k="phone" v="+1-206-281-9233" />
    <tag k="source" v="King County GIS;data.seattle.gov" />
  </node>
  <node id="457773043" lat="47.6396968" lon="-122.4020842">
    <tag k="addr:city" v="Seattle" />
    <tag k="addr:housenumber" v="3418" />
    <tag k="addr:postcode" v="98199" />
    <tag k="addr:street" v="West McGraw Street" />
    <tag k="amenity" v="restaurant" />
    <tag k="cuisine" v="chinese" />
    <tag k="name" v="Gim Wah" />
    <tag k="source" v="King County GIS;data.seattle.gov" />
  </node>
  <node id="458710728" lat="47.6396673" lon="-122.4022526" />
  <node id="459163405" lat="47.6392560" lon="-122.4000370">
    <tag k="name" v="Magnolia Chevron" />
    <tag k="shop" v="convenience" />
  </node>
  <node id="459163407" lat="47.6396938" lon="-122.4018669">
    <tag k="addr:city" v="Seattle" />
    <tag k="addr:housenumber" v="3414" />
    <tag k="addr:postcode" v="98199" />
    <tag k="addr:street" v="West McGraw Street" />
    <tag k="name" v="Magnolia Skin Care" />
    <tag k="shop" v="beauty" />
    <tag k="source" v="King County GIS;data.seattle.gov" />
  </node>
  <node id="459163421" lat="47.6394328" lon="-122.4016282">
    <tag k="addr:city" v="Seattle" />
    <tag k="addr:housenumber" v="3409" />
    <tag k="addr:postcode" v="98199" />
    <tag k="addr:street" v="West McGraw Street" />
    <tag k="name" v="Golden Nails &amp; Spa" />
    <tag k="phone" v="+1 206-283-0819" />
    <tag k="shop" v="hairdresser" />
    <tag k="source" v="King County GIS;data.seattle.gov" />
  </node>
  <node id="619561881" lat="47.6632652" lon="-122.3822383" />
  <node id="619561886" lat="47.6631471" lon="-122.3823325" />
  <node id="619561887" lat="47.6637946" lon="-122.3822575" />
  <node id="619561888" lat="47.6638138" lon="-122.3822802" />
  <node id="619561889" lat="47.6638395" lon="-122.3822712" />
  <node id="619561891" lat="47.6638022" lon="-122.3822426" />
  <node id="619561894" lat="47.6636985" lon="-122.3821771" />
  <node id="619561895" lat="47.6636355" lon="-122.3821272" />
  <node id="619561896" lat="47.6635831" lon="-122.3820711" />
  <node id="619561897" lat="47.6636790" lon="-122.3821617" />
  <node id="619561898" lat="47.6636615" lon="-122.3821441" />
  <node id="693357059" lat="47.6399461" lon="-122.4022594" />
  <node id="693357062" lat="47.6396717" lon="-122.4012146" />
  <node id="693357064" lat="47.6399435" lon="-122.4012108" />
  <node id="693357070" lat="47.6410951" lon="-122.4022133" />
  <node id="693357075" lat="47.6400108" lon="-122.4022133" />
  <node id="693357084" lat="47.6400159" lon="-122.4017600" />
  <node id="693357087" lat="47.6410925" lon="-122.4017331" />
  <node id="693357089" lat="47.6410925" lon="-122.4016564" />
  <node id="693357091" lat="47.6400082" lon="-122.4016756" />
  <node id="693357092" lat="47.6400108" lon="-122.4011992" />
  <node id="693357093" lat="47.6410951" lon="-122.4011916" />
  <node id="693357097" lat="47.6405072" lon="-122.4007838" />
  <node id="693357098" lat="47.6396764" lon="-122.4007798" />
  <node id="693357100" lat="47.6396738" lon="-122.3997078" />
  <node id="693357102" lat="47.6404994" lon="-122.3997228" />
  <node id="693357117" lat="47.6394644" lon="-122.4006877" />
  <node id="693357119" lat="47.6394441" lon="-122.4007331" />
  <node id="693357120" lat="47.6394164" lon="-122.4007828" />
  <node id="693357122" lat="47.6393829" lon="-122.4007957" />
  <node id="693357124" lat="47.6393538" lon="-122.4007936" />
  <node id="693357125" lat="47.6393246" lon="-122.4007720" />
  <node id="693357126" lat="47.6393058" lon="-122.4007179" />
  <node id="693357128" lat="47.6392898" lon="-122.4006142" />
  <node id="693357129" lat="47.6391718" lon="-122.4004090" />
  <node id="693357131" lat="47.6391748" lon="-122.3997456" />
  <node id="693357132" lat="47.6394659" lon="-122.3997500" />
  <node id="1769031509" lat="47.6179973" lon="-122.3481590">
    <tag k="amenity" v="bicycle_parking" />
    <tag k="capacity" v="2" />
    <tag k="fee" v="no" />
    <tag k="note" v="4TH AVE 0270 BLOCK NE SIDE ( 50) 50 FT NW/O CEDAR ST" />
    <tag k="operator" v="SDOT" />
    <tag k="sdot:bike_rack:id" v="BKR-1215" />
  </node>
  <node id="1769031589" lat="47.6181401" lon="-122.3477491">
    <tag k="amenity" v="bicycle_parking" />
    <tag k="bicycle_parking" v="stands" />
    <tag k="capacity" v="2" />
    <tag k="covered" v="no" />
    <tag k="fee" v="no" />
    <tag k="mapillary" v="343256163816423" />
    <tag k="operator" v="SDOT" />
    <tag k="sdot:bike_rack:id" v="BKR-2041" />
  </node>
  <node id="1769031654" lat="47.6183964" lon="-122.3477399">
    <tag k="amenity" v="bicycle_parking" />
    <tag k="bicycle_parking" v="stands" />
    <tag k="capacity" v="2" />
    <tag k="check_date" v="2024-02-24" />
    <tag k="covered" v="no" />
    <tag k="fee" v="no" />
    <tag k="note" v="CEDAR ST 0040 BLOCK NW SIDE ( 233) 62 FT SW/O DENNY WAY" />
    <tag k="operator" v="SDOT" />
    <tag k="sdot:bike_rack:id" v="BKR-2042" />
  </node>
  <node id="1769031708" lat="47.6186911" lon="-122.3461368">
    <tag k="amenity" v="bicycle_parking" />
    <tag k="capacity" v="2" />
    <tag k="fee" v="no" />
    <tag k="note" v="TAYLOR AVE N 0010 BLOCK E SIDE ( 25) 25 FT N/O DENNY WAY" />
    <tag k="operator" v="SDOT" />
    <tag k="sdot:bike_rack:id" v="BKR-1541" />
  </node>
  <node id="1769031710" lat="47.6186938" lon="-122.3461368">
    <tag k="amenity" v="bicycle_parking" />
    <tag k="capacity" v="2" />
    <tag k="fee" v="no" />
    <tag k="note" v="TAYLOR AVE N 0010 BLOCK E SIDE ( 26) 26 FT N/O DENNY WAY" />
    <tag k="operator" v="SDOT" />
    <tag k="sdot:bike_rack:id" v="BKR-1540" />
  </node>
  <node id="1769031712" lat="47.6187321" lon="-122.3461365">
    <tag k="amenity" v="bicycle_parking" />
    <tag k="capacity" v="2" />
    <tag k="fee" v="no" />
    <tag k="note" v="TAYLOR AVE N 0010 BLOCK E SIDE ( 40) 40 FT N/O DENNY WAY" />
    <tag k="operator" v="SDOT" />
    <tag k="sdot:bike_rack:id" v="BKR-1407" />
  </node>
  <node id="1769031713" lat="47.6187403" lon="-122.3461364">
    <tag k="amenity" v="bicycle_parking" />
    <tag k="capacity" v="2" />
    <tag k="fee" v="no" />
    <tag k="note" v="TAYLOR AVE N 0010 BLOCK E SIDE ( 43) 43 FT N/O DENNY WAY" />
    <tag k="operator" v="SDOT" />
    <tag k="sdot:bike_rack:id" v="BKR-1435" />
  </node>
  <node id="1769031821" lat="47.6199592" lon="-122.3484038">
    <tag k="amenity" v="bicycle_parking" />
    <tag k="bicycle_parking" v="stands" />
    <tag k="capacity" v="2" />
    <tag k="fee" v="no" />
    <tag k="mapillary" v="194760825804568" />
    <tag k="note" v="BROAD ST 0040 BLOCK SE SIDE ( 109) 109 FT NE/O 4TH AVE N" />
    <tag k="operator" v="SDOT" />
    <tag k="sdot:bike_rack:id" v="BKR-1382" />
    <tag k="survey:date" v="2020-01-25" />
  </node>
  <node id="1769033249" lat="47.6398724" lon="-122.4011513">
    <tag k="amenity" v="bicycle_parking" />
    <tag k="capacity" v="2" />
    <tag k="fee" v="no" />
    <tag k="note" v="34TH AVE W 0240 BLOCK W SIDE ( 112) 112 FT N/O W MCGRAW ST" />
    <tag k="operator" v="SDOT" />
    <tag k="sdot:bike_rack:id" v="BKR-2520" />
  </node>
  <node id="2018788160" lat="47.6617433" lon="-122.3807406" />
  <node id="2018788181" lat="47.6614936" lon="-122.3802199" />
  <node id="2018788193" lat="47.6608819" lon="-122.3763877" />
  <node id="2018788196" lat="47.6607338" lon="-122.3778095" />
  <node id="2018788198" lat="47.6619331" lon="-122.3807738" />
  <node id="2018788202" lat="47.6613625" lon="-122.3802760" />
  <node id="2018788207" lat="47.6611023" lon="-122.3772397" />
  <node id="2018788219" lat="47.6616418" lon="-122.3806649" />
  <node id="2018788223" lat="47.6613278" lon="-122.3801454" />
  <node id="2018788238" lat="47.6618607" lon="-122.3806459" />
  <node id="2018788252" lat="47.6615337" lon="-122.3803814" />
  <node id="2018788257" lat="47.6611830" lon="-122.3775184" />
  <node id="2327596777" lat="47.6181062" lon="-122.3469342">
    <tag k="addr:city" v="Seattle" />
    <tag k="addr:housenumber" v="2615" />
    <tag k="addr:postcode" v="98121" />
    <tag k="addr:state" v="WA" />
    <tag k="addr:street" v="5th Avenue" />
    <tag k="name" v="Européo Tailor" />
    <tag k="shop" v="tailor" />
    <tag k="source" v="King County GIS;data.seattle.gov" />
  </node>
  <node id="2327596780" lat="47.6181342" lon="-122.3469969">
    <tag k="addr:city" v="Seattle" />
    <tag k="addr:housenumber" v="2617" />
    <tag k="addr:postcode" v="98121" />
    <tag k="addr:state" v="WA" />
    <tag k="addr:street" v="5th Avenue" />
    <tag k="name" v="Christinna's Bridal" />
    <tag k="shop" v="clothes" />
    <tag k="source" v="King County GIS;data.seattle.gov" />
  </node>
  <node id="2327596786" lat="47.6181982" lon="-122.3471212">
    <tag k="addr:city" v="Seattle" />
    <tag k="addr:housenumber" v="2621" />
    <tag k="addr:postcode" v="98121" />
    <tag k="addr:state" v="WA" />
    <tag k="addr:street" v="5th Avenue" />
    <tag k="amenity" v="restaurant" />
    <tag k="check_date" v="2023-06-14" />
    <tag k="cuisine" v="vietnamese" />
    <tag k="name" v="Pho Viet Anh" />
    <tag k="source" v="King County GIS;data.seattle.gov" />
    <tag k="website" v="https://phovietanh.com" />
  </node>
  <node id="2327596923" lat="47.6178325" lon="-122.3477283">
    <tag k="addr:city" v="Seattle" />
    <tag k="addr:housenumber" v="401" />
    <tag k="addr:postcode" v="98121" />
    <tag k="addr:state" v="WA" />
    <tag k="addr:street" v="Cedar Street" />
    <tag k="amenity" v="restaurant" />
    <tag k="bar" v="yes" />
    <tag k="brewery" v="yes" />
    <tag k="check_date" v="2025-11-22" />
    <tag k="cuisine" v="pizza" />
    <tag k="diet:vegetarian" v="yes" />
    <tag k="name" v="Bambino's" />
    <tag k="opening_hours" v="11:30-22:00" />
    <tag k="outdoor_seating" v="no" />
    <tag k="payment:cash" v="yes" />
    <tag k="payment:credit_cards" v="yes" />
    <tag k="payment:debit_cards" v="yes" />
    <tag k="phone" v="+1-206-269-2222" />
    <tag k="source" v="King County GIS;data.seattle.gov" />
    <tag k="toilets" v="yes" />
    <tag k="toilets:wheelchair" v="yes" />
    <tag k="website" v="http://bambinosseattle.com" />
  </node>
  <node id="2327596939" lat="47.6178978" lon="-122.3476449">
    <tag k="addr:city" v="Seattle" />
    <tag k="addr:housenumber" v="405" />
    <tag k="addr:postcode" v="98121" />
    <tag k="addr:state" v="WA" />
    <tag k="addr:street" v="Cedar Street" />
    <tag k="check_date" v="2025-11-22" />
    <tag k="name" v="Sublime Hair" />
    <tag k="payment:credit_cards" v="yes" />
    <tag k="shop" v="hairdresser" />
    <tag k="source" v="King County GIS;data.seattle.gov" />
    <tag k="wheelchair" v="limited" />
  </node>
  <node id="2327596943" lat="47.6179341" lon="-122.3475939">
    <tag k="addr:city" v="Seattle" />
    <tag k="addr:housenumber" v="407" />
    <tag k="addr:postcode" v="98121" />
    <tag k="addr:state" v="WA" />
    <tag k="addr:street" v="Cedar Street" />
    <tag k="amenity" v="cafe" />
    <tag k="name" v="Tilikum Place Cafe" />
    <tag k="phone" v="+1-206-282-4830" />
    <tag k="source" v="King County GIS;data.seattle.gov" />
    <tag k="website" v="https://www.tilikumplacecafe.com/" />
  </node>
  <node id="2327596951" lat="47.6179973" lon="-122.3475193">
    <tag k="addr:city" v="Seattle" />
    <tag k="addr:housenumber" v="411" />
    <tag k="addr:postcode" v="98121" />
    <tag k="addr:state" v="WA" />
    <tag k="addr:street" v="Cedar Street" />
    <tag k="amenity" v="restaurant" />
    <tag k="check_date" v="2025-11-22" />
    <tag k="cuisine" v="japanese" />
    <tag k="description" v="Seating by reservation only" />
    <tag k="name" v="Wa'z" />
    <tag k="opening_hours:url" v="https://www.wazseattle.com/" />
    <tag k="source" v="King County GIS;data.seattle.gov" />
    <tag k="website" v="https://www.wazseattle.com/" />
  </node>
  <node id="2327596965" lat="47.6181923" lon="-122.3472740">
    <tag k="addr:city" v="Seattle" />
    <tag k="addr:housenumber" v="419" />
    <tag k="addr:postcode" v="98121" />
    <tag k="addr:state" v="WA" />
    <tag k="addr:street" v="Cedar Street" />
    <tag k="check_date" v="2025-11-22" />
    <tag k="description" v="Vape, cigar, hookah shop" />
    <tag k="name" v="Zik Seattle Smoke" />
    <tag k="opening_hours" v="Mo-Th,Su 09:30-21:30; Fr-Sa 09:30-22:30" />
    <tag k="payment:cash" v="yes" />
    <tag k="payment:credit_cards" v="yes" />
    <tag k="payment:debit_cards" v="yes" />
    <tag k="shop" v="tobacco" />
    <tag k="source" v="King County GIS;data.seattle.gov" />
    <tag k="wheelchair" v="limited" />
  </node>
  <node id="2327596977" lat="47.6182373" lon="-122.3471963">
    <tag k="addr:city" v="Seattle" />
    <tag k="addr:housenumber" v="425" />
    <tag k="addr:postcode" v="98121" />
    <tag k="addr:state" v="WA" />
    <tag k="addr:street" v="Cedar Street" />
    <tag k="amenity" v="restaurant" />
    <tag k="check_date" v="2023-06-14" />
    <tag k="cuisine" v="thai" />
    <tag k="name" v="Golden Singha" />
    <tag k="source" v="King County GIS;data.seattle.gov" />
    <tag k="website" v="https://goldensingha.com/" />
  </node>
  <node id="2400043317" lat="47.6188941" lon="-122.3460492">
    <tag k="addr:city" v="Seattle" />
    <tag k="addr:housenumber" v="100" />
    <tag k="addr:postcode" v="98109" />
    <tag k="addr:state" v="WA" />
    <tag k="addr:street" v="Taylor Avenue North" />
    <tag k="amenity" v="animal_boarding" />
    <tag k="check_date" v="2026-02-11" />
    <tag k="name" v="Rocket Dog Care" />
    <tag k="source" v="King County GIS;data.seattle.gov" />
    <tag k="website" v="https://www.rocketdogcare.com/locations-south-lake-union" />
  </node>
  <node id="2400533352" lat="47.6186914" lon="-122.3470035" />
  <node id="2462354476" lat="47.6397024" lon="-122.4001550">
    <tag k="addr:city" v="Seattle" />
    <tag k="addr:housenumber" v="3308" />
    <tag k="addr:postcode" v="98199" />
    <tag k="addr:street" v="West McGraw Street" />
    <tag k="name" v="Fashwire" />
    <tag k="phone" v="+1-206-707-5775" />
    <tag k="shop" v="clothes" />
    <tag k="source" v="King County GIS;data.seattle.gov" />
  </node>
  <node id="2463124781" lat="47.6392918" lon="-122.4016409">
    <tag k="addr:city" v="Seattle" />
    <tag k="addr:housenumber" v="2313" />
    <tag k="addr:postcode" v="98199" />
    <tag k="addr:street" v="Viewmont Way West" />
    <tag k="name" v="Acorn Floral" />
    <tag k="shop" v="florist" />
    <tag k="source" v="King County GIS;data.seattle.gov" />
    <tag k="website" v="https://acornfloral.com/" />
  </node>
  <node id="2463124864" lat="47.6394283" lon="-122.4015418">
    <tag k="addr:city" v="Seattle" />
    <tag k="addr:housenumber" v="3407" />
    <tag k="addr:postcode" v="98199" />
    <tag k="addr:street" v="West McGraw Street" />
    <tag k="shop" v="vacant" />
    <tag k="source" v="King County GIS;data.seattle.gov" />
  </node>
  <node id="2561809364" lat="47.6182844" lon="-122.3474808">
    <tag k="artist_name" v="James Wehn" />
    <tag k="artwork_type" v="sculpture" />
    <tag k="date" v="1907-1912" />
    <tag k="description" v="Based on the only known photo of Chief Seattle – the statue is posed looking out toward Puget Sound, his arm raised in greeting. On a granite base are two bronze bear heads that serve as waterspouts and two bronze plaques depicting historical events of" />
    <tag k="location" v="Tilikum Place Park" />
    <tag k="measurements" v="(LIFE-SIZE)" />
    <tag k="media" v="Cast, gilded bronze, granite" />
    <tag k="name" v="Chief Seattle" />
    <tag k="project" v="TILIKUM PLACE" />
    <tag k="ref:nrhp" v="84003502" />
    <tag k="sac_id" v="ED75.110" />
    <tag k="tourism" v="artwork" />
    <tag k="wikidata" v="Q23130848" />
  </node>
  <node id="2768641916" lat="47.6184647" lon="-122.3478284">
    <tag k="addr:city" v="Seattle" />
    <tag k="addr:housenumber" v="419" />
    <tag k="addr:postcode" v="98109" />
    <tag k="addr:state" v="WA" />
    <tag k="addr:street" v="Denny Way" />
    <tag k="amenity" v="restaurant" />
    <tag k="check_date" v="2025-11-22" />
    <tag k="cuisine" v="pizza" />
    <tag k="diet:vegan" v="yes" />
    <tag k="diet:vegetarian" v="yes" />
    <tag k="indoor_seating" v="yes" />
    <tag k="internet_access" v="wlan" />
    <tag k="internet_access:fee" v="no" />
    <tag k="name" v="Zeeks Pizza - Belltown" />
    <tag k="opening_hours" v="Mo-Su 11:00-22:00" />
    <tag k="outdoor_seating" v="no" />
    <tag k="payment:cash" v="no" />
    <tag k="payment:credit_cards" v="yes" />
    <tag k="payment:debit_cards" v="yes" />
    <tag k="phone" v="+1 206-315-0505" />
    <tag k="website" v="https://zeekspizza.com/" />
  </node>
  <node id="2768641918" lat="47.6187502" lon="-122.3483173">
    <tag k="addr:city" v="Seattle" />
    <tag k="addr:housenumber" v="100" />
    <tag k="addr:postcode" v="98109" />
    <tag k="addr:state" v="WA" />
    <tag k="addr:street" v="Fourth Avenue North" />
    <tag k="addr:unit" v="120" />
    <tag k="amenity" v="fast_food" />
    <tag k="brand" v="Subway" />
    <tag k="brand:wikidata" v="Q244457" />
    <tag k="check_date" v="2025-11-22" />
    <tag k="cuisine" v="sandwich" />
    <tag k="diet:vegan" v="yes" />
    <tag k="diet:vegetarian" v="yes" />
    <tag k="drive_through" v="no" />
    <tag k="internet_access" v="no" />
    <tag k="name" v="Subway" />
    <tag k="opening_hours" v="Mo-Fr 08:30-22:30; Sa-Su 09:30-22:00" />
    <tag k="phone" v="+1-206-441-7759" />
    <tag k="takeaway" v="yes" />
    <tag k="website" v="https://restaurants.subway.com/united-states/wa/seattle/100-fourth-ave-north" />
  </node>
  <node id="2788555886" lat="47.6189415" lon="-122.3487496">
    <tag k="name" v="The Cheese Cellar" />
    <tag k="shop" v="deli" />
  </node>
  <node id="2993031221" lat="47.6638462" lon="-122.3822592" />
  <node id="3134159643" lat="47.6398595" lon="-122.4008284">
    <tag k="bench" v="yes" />
    <tag k="covered" v="yes" />
    <tag k="departures_board" v="timetable" />
    <tag k="gtfs:stop_id:US-WA-KCM" v="24260" />
    <tag k="highway" v="bus_stop" />
    <tag k="name" v="34th Avenue West &amp; West McGraw Street" />
    <tag k="network" v="King County Metro" />
    <tag k="network:short" v="KCM" />
    <tag k="network:wikidata" v="Q6411393" />
    <tag k="operator" v="King County Metro" />
    <tag k="operator:short" v="KCM" />
    <tag k="operator:wikidata" v="Q6411393" />
    <tag k="operator:wikipedia" v="en:King County Metro" />
    <tag k="public_transport" v="platform" />
    <tag k="ref" v="24260" />
    <tag k="route_ref" v="24" />
    <tag k="shelter" v="yes" />
    <tag k="wheelchair" v="yes" />
  </node>
  <node id="3211770189" lat="47.6200414" lon="-122.3489005">
    <tag k="artist_name" v="Doris Chase" />
    <tag k="artwork_type" v="sculpture" />
    <tag k="date" v="6/23/99" />
    <tag k="name" v="Moon Gates" />
    <tag k="project" v="SEATTLE CENTER SCULPTURE GARDEN" />
    <tag k="sac_id" v="CL77.025" />
    <tag k="tourism" v="artwork" />
  </node>
  <node id="3211770266" lat="47.6615374" lon="-122.3647698">
    <tag k="artist_name" v="Barbara Noah" />
    <tag k="classification" v="2-Dimensional" />
    <tag k="date" v="1983-85" />
    <tag k="description" v="7 windows: 1) love; 2-4) physical power (rock-paper-scissors); 5) the law; 6) money; 7) the mind" />
    <tag k="location" v="Canal Street Sub-station" />
    <tag k="media" v="Sign paint on plexiglas" />
    <tag k="name" v="Forms of Power" />
    <tag k="project" v="CANAL STREET SUBSTATION" />
    <tag k="sac_id" v="CL86.046a-g" />
    <tag k="tourism" v="artwork" />
    <tag k="url" v="https://web.archive.org/web/20150704011630/http://www.barbaranoah.com:80/canalsubstation.php" />
    <tag k="website" v="http://www9.seattle.gov/arts/collection/permanent/permanent.asp?cat=6&amp;view=2&amp;img=0&amp;item=27" />
  </node>
  <node id="3211770267" lat="47.6628102" lon="-122.3643408">
    <tag k="alt_name" v="Ballard Porcelain Garden" />
    <tag k="artist_name" v="Jeffry Mitchell" />
    <tag k="artwork_type" v="sculpture" />
    <tag k="contact:tripadvisor" v="https://tripadvisor.com/Attraction_Review-g60878-d8657719-Reviews-Ballard_Sculpture_Garden-Seattle_Washington.html" />
    <tag k="date" v="1994" />
    <tag k="description" v="THE ARTWORK CONSISTS OF TWO MAJOR ELEMENTS - A CURVED, CONCRETE FRIEZE DEPICTING A REPEAT PATTERN OF PLANT AND ANIMAL FORMS WHICH ENCIRCLES THE TOP PORTION OF THE BUILDING'S CURVED FACADE, AND A SERIES OF MOCK-DELFT BLUE-AND-WHITE COLUMNS AND BENCHES NEST" />
    <tag k="material" v="ceramic;concrete" />
    <tag k="media" v="Glazed ceramic" />
    <tag k="name" v="Ballard Sculpture Garden" />
    <tag k="sac_id" v="CL95.019.01" />
    <tag k="source" v="https://artbeat.seattle.gov/2013/07/12/weekly-art-hit-ballard-sculpture-garden-by-jeffry-mitchell" />
    <tag k="start_date" v="1995" />
    <tag k="tourism" v="artwork" />
    <tag k="website" v="https://seattlearts.emuseum.com/objects/1478/ballard-sculpture-garden?ctx=5539a4aedf3dd235d76107209b27751c29c25b7b&amp;idx=0" />
  </node>
  <node id="3365331393" lat="47.6181294" lon="-122.3473344">
    <tag k="addr:city" v="Seattle" />
    <tag k="addr:housenumber" v="415" />
    <tag k="addr:postcode" v="98121" />
    <tag k="addr:state" v="WA" />
    <tag k="addr:street" v="Cedar Street" />
    <tag k="amenity" v="bar" />
    <tag k="check_date" v="2025-11-22" />
    <tag k="name" v="The 5 Point" />
    <tag k="outdoor_seating" v="yes" />
    <tag k="payment:cash" v="yes" />
    <tag k="payment:credit_cards" v="yes" />
    <tag k="payment:debit_cards" v="yes" />
    <tag k="phone" v="+1-206-448-9991" />
    <tag k="website" v="https://www.the5pointcafe.com/" />
    <tag k="wheelchair" v="limited" />
    <tag k="wikidata" v="Q7711951" />
  </node>
  <node id="3441937865" lat="47.6394997" lon="-122.4022602" />
  <node id="3441937866" lat="47.6395069" lon="-122.4012410" />
  <node id="3441937867" lat="47.6393117" lon="-122.4012464" />
  <node id="3441937868" lat="47.6390262" lon="-122.4022710" />
  <node id="3505446395" lat="47.6678412" lon="-122.3760435" />
  <node id="3505446396" lat="47.6657351" lon="-122.3760676" />
  <node id="3505446398" lat="47.6678096" lon="-122.3708847" />
  <node id="3505446399" lat="47.6675291" lon="-122.3752225" />
  <node id="3505446400" lat="47.6678422" lon="-122.3752205" />
  <node id="3505552725" lat="47.6678180" lon="-122.3734308" />
  <node id="3505552726" lat="47.6675274" lon="-122.3734331" />
  <node id="3505709961" lat="47.6649748" lon="-122.3708454" />
  <node id="3505709963" lat="47.6649689" lon="-122.3687434" />
  <node id="3505709964" lat="47.6637262" lon="-122.3685107" />
  <node id="3505709965" lat="47.6649698" lon="-122.3694314" />
  <node id="3505709966" lat="47.6647047" lon="-122.3694290" />
  <node id="3505709967" lat="47.6649689" lon="-122.3697204" />
  <node id="3505709968" lat="47.6647035" lon="-122.3697204" />
  <node id="3506055039" lat="47.6646987" lon="-122.3687509" />
  <node id="3506055040" lat="47.6643346" lon="-122.3663312" />
  <node id="3506055041" lat="47.6646962" lon="-122.3674276" />
  <node id="3506055042" lat="47.6643391" lon="-122.3674291" />
  <node id="3506055043" lat="47.6604807" lon="-122.3641064" />
  <node id="3506055044" lat="47.6630523" lon="-122.3685107" />
  <node id="3506055045" lat="47.6629714" lon="-122.3684307" />
  <node id="3506067974" lat="47.6629699" lon="-122.3677277" />
  <node id="3506067975" lat="47.6625548" lon="-122.3677232" />
  <node id="3506067976" lat="47.6625519" lon="-122.3674118" />
  <node id="3506067977" lat="47.6621232" lon="-122.3674083" />
  <node id="3506083538" lat="47.6628853" lon="-122.3663157" />
  <node id="3506083539" lat="47.6628828" lon="-122.3641033" />
  <node id="3639943749" lat="47.6184924" lon="-122.3453940" />
  <node id="3639943752" lat="47.6184979" lon="-122.3439592" />
  <node id="3639943753" lat="47.6173331" lon="-122.3454735" />
  <node id="3639943754" lat="47.6167979" lon="-122.3445347" />
  <node id="3639943755" lat="47.6162553" lon="-122.3452248" />
  <node id="3639943756" lat="47.6176969" lon="-122.3476621" />
  <node id="3639960896" lat="47.6178192" lon="-122.3462708" />
  <node id="3639960897" lat="47.6182192" lon="-122.3469900" />
  <node id="3643152804" lat="47.6165125" lon="-122.3488662" />
  <node id="3643190072" lat="47.6168116" lon="-122.3461721" />
  <node id="3643190073" lat="47.6161469" lon="-122.3470198" />
  <node id="3643190074" lat="47.6158142" lon="-122.3504377" />
  <node id="3643190076" lat="47.6169673" lon="-122.3476469" />
  <node id="3643190077" lat="47.6173797" lon="-122.3471193" />
  <node id="3644905103" lat="47.6185134" lon="-122.3482216" />
  <node id="3644905104" lat="47.6181943" lon="-122.3476702" />
  <node id="3644905106" lat="47.6175105" lon="-122.3485696" />
  <node id="3644905107" lat="47.6176262" lon="-122.3487681" />
  <node id="3644905108" lat="47.6173667" lon="-122.3490967" />
  <node id="3644905109" lat="47.6177139" lon="-122.3496559" />
  <node id="3644905111" lat="47.6185137" lon="-122.3486434" />
  <node id="3644930694" lat="47.6207036" lon="-122.3474831" />
  <node id="3644930695" lat="47.6196289" lon="-122.3488547" />
  <node id="3644930696" lat="47.6186803" lon="-122.3500943" />
  <node id="3644930697" lat="47.6184897" lon="-122.3501937" />
  <node id="3644930698" lat="47.6180758" lon="-122.3494891" />
  <node id="3644930699" lat="47.6186397" lon="-122.3487845" />
  <node id="3644930700" lat="47.6186397" lon="-122.3484399" />
  <node id="3644930701" lat="47.6181130" lon="-122.3475296" />
  <node id="3644930702" lat="47.6174130" lon="-122.3483992" />
  <node id="3644930703" lat="47.6182068" lon="-122.3464538" />
  <node id="3644930704" lat="47.6185150" lon="-122.3464781" />
  <node id="3644930705" lat="47.6185106" lon="-122.3469950" />
  <node id="3644930706" lat="47.6197107" lon="-122.3469906" />
  <node id="3644930707" lat="47.6197167" lon="-122.3477815" />
  <node id="3644945844" lat="47.6201636" lon="-122.3477826" />
  <node id="3644945845" lat="47.6208462" lon="-122.3474842" />
  <node id="3644945847" lat="47.6201618" lon="-122.3469721" />
  <node id="3645112131" lat="47.6169269" lon="-122.3483403" />
  <node id="3645112134" lat="47.6160110" lon="-122.3488326" />
  <node id="3645165968" lat="47.6162653" lon="-122.3492667" />
  <node id="3645165969" lat="47.6158616" lon="-122.3497492" />
  <node id="3645254413" lat="47.6186468" lon="-122.3469322" />
  <node id="3645254414" lat="47.6186408" lon="-122.3456817" />
  <node id="3645254415" lat="47.6193156" lon="-122.3456792" />
  <node id="3645254416" lat="47.6193157" lon="-122.3451716" />
  <node id="3645254417" lat="47.6197514" lon="-122.3451743" />
  <node id="3658463859" lat="47.6653852" lon="-122.3760626" />
  <node id="3658463861" lat="47.6650209" lon="-122.3783440" />
  <node id="3658463862" lat="47.6650301" lon="-122.3789837" />
  <node id="3658463863" lat="47.6659020" lon="-122.3789794" />
  <node id="3658463864" lat="47.6648846" lon="-122.3821018" />
  <node id="3658501384" lat="47.6637631" lon="-122.3764555" />
  <node id="3662379909" lat="47.6639319" lon="-122.3822904" />
  <node id="3664954577" lat="47.6648917" lon="-122.3798651" />
  <node id="3664954578" lat="47.6656234" lon="-122.3807679" />
  <node id="3664954579" lat="47.6662665" lon="-122.3795809" />
  <node id="3664954580" lat="47.6659444" lon="-122.3792440" />
  <node id="3664954581" lat="47.6659576" lon="-122.3792695" />
  <node id="3664954582" lat="47.6660060" lon="-122.3792686" />
  <node id="3664954583" lat="47.6659450" lon="-122.3790509" />
  <node id="3664954584" lat="47.6653908" lon="-122.3772263" />
  <node id="3664954586" lat="47.6653953" lon="-122.3783480" />
  <node id="3664954588" lat="47.6651393" lon="-122.3783453" />
  <node id="3672174310" lat="47.6167785" lon="-122.3485286" />
  <node id="3672174311" lat="47.6162870" lon="-122.3484754" />
  <node id="3673779083" lat="47.6146652" lon="-122.3495950" />
  <node id="3673779084" lat="47.6155109" lon="-122.3491579" />
  <node id="3673878522" lat="47.6154417" lon="-122.3462990" />
  <node id="3673878523" lat="47.6153026" lon="-122.3488060" />
  <node id="3673878524" lat="47.6157893" lon="-122.3488113" />
  <node id="3673880425" lat="47.6149733" lon="-122.3482521" />
  <node id="3674053825" lat="47.6150220" lon="-122.3474963" />
  <node id="3674053826" lat="47.6156708" lon="-122.3466780" />
  <node id="3674053827" lat="47.6142617" lon="-122.3478120" />
  <node id="3674053829" lat="47.6151416" lon="-122.3473431" />
  <node id="3674053831" lat="47.6147289" lon="-122.3485706" />
  <node id="3674113027" lat="47.6152666" lon="-122.3495097" />
  <node id="3674113028" lat="47.6149092" lon="-122.3509442" />
  <node id="3674113029" lat="47.6148618" lon="-122.3500375" />
  <node id="3674113031" lat="47.6144498" lon="-122.3492258" />
  <node id="3674113032" lat="47.6151876" lon="-122.3505862" />
  <node id="3675271148" lat="47.6150727" lon="-122.3484193" />
  <node id="3675271151" lat="47.6142745" lon="-122.3494435" />
  <node id="3675271153" lat="47.6141877" lon="-122.3492961" />
  <node id="3675271154" lat="47.6139487" lon="-122.3488884" />
  <node id="3675271155" lat="47.6138527" lon="-122.3483427" />
  <node id="3675271156" lat="47.6140802" lon="-122.3487210" />
  <node id="3675271157" lat="47.6141398" lon="-122.3496296" />
  <node id="3675271158" lat="47.6140450" lon="-122.3494678" />
  <node id="3675271159" lat="47.6133883" lon="-122.3503142" />
  <node id="3675271160" lat="47.6121539" lon="-122.3482298" />
  <node id="3675602430" lat="47.6622706" lon="-122.3813417" />
  <node id="3675602435" lat="47.6620705" lon="-122.3810049" />
  <node id="3675602437" lat="47.6619828" lon="-122.3808574" />
  <node id="3675602439" lat="47.6618842" lon="-122.3806873" />
  <node id="3675602442" lat="47.6617013" lon="-122.3807093" />
  <node id="3675602446" lat="47.6615296" lon="-122.3803315" />
  <node id="3675602450" lat="47.6608833" lon="-122.3767597" />
  <node id="3675656029" lat="47.6131905" lon="-122.3491988" />
  <node id="3675656030" lat="47.6127144" lon="-122.3475257" />
  <node id="3675656031" lat="47.6127545" lon="-122.3484705" />
  <node id="3675656032" lat="47.6130480" lon="-122.3480952" />
  <node id="3774254814" lat="47.6399514" lon="-122.3999517">
    <tag k="access" v="customers" />
    <tag k="amenity" v="parking_entrance" />
  </node>
  <node id="3783575199" lat="47.6198830" lon="-122.3483850">
    <tag k="addr:city" v="Seattle" />
    <tag k="addr:housenumber" v="407" />
    <tag k="addr:postcode" v="98109" />
    <tag k="addr:state" v="WA" />
    <tag k="addr:street" v="Broad Street" />
    <tag k="amenity" v="cafe" />
    <tag k="name" v="Cafe Bee" />
  </node>
  <node id="3932988117" lat="47.6393113" lon="-122.4007337" />
  <node id="3972951494" lat="47.6197640" lon="-122.3490791" />
  <node id="3972951495" lat="47.6198101" lon="-122.3490158" />
  <node id="3972951496" lat="47.6198356" lon="-122.3490306" />
  <node id="3972951497" lat="47.6199011" lon="-122.3493162" />
  <node id="3972951498" lat="47.6199033" lon="-122.3492544" />
  <node id="3972951499" lat="47.6199111" lon="-122.3492141" />
  <node id="3972951500" lat="47.6199205" lon="-122.3491762" />
  <node id="3998350135" lat="47.6392227" lon="-122.4031810">
    <tag k="addr:city" v="Seattle" />
    <tag k="addr:housenumber" v="3555" />
    <tag k="addr:postcode" v="98199" />
    <tag k="addr:state" v="WA" />
    <tag k="addr:street" v="West McGraw Street" />
    <tag k="amenity" v="kindergarten" />
    <tag k="name" v="Magnolia Cooperative Preschool" />
    <tag k="website" v="https://www.magnoliacoop.org/" />
  </node>
  <node id="4245261082" lat="47.6399191" lon="-122.4011525">
    <tag k="bench" v="yes" />
    <tag k="gtfs:stop_id:US-WA-KCM" v="24250" />
    <tag k="highway" v="bus_stop" />
    <tag k="name" v="34th Avenue West &amp; West McGraw Street" />
    <tag k="network" v="King County Metro" />
    <tag k="network:short" v="KCM" />
    <tag k="network:wikidata" v="Q6411393" />
    <tag k="operator" v="King County Metro" />
    <tag k="operator:short" v="KCM" />
    <tag k="operator:wikidata" v="Q6411393" />
    <tag k="operator:wikipedia" v="en:King County Metro" />
    <tag k="public_transport" v="platform" />
    <tag k="ref" v="24250" />
    <tag k="route_ref" v="24;31" />
    <tag k="shelter" v="no" />
    <tag k="wheelchair" v="yes" />
  </node>
  <node id="4371650595" lat="47.6450204" lon="-122.3255279">
    <tag k="addr:city" v="Seattle" />
    <tag k="addr:housenumber" v="2714" />
    <tag k="addr:postcode" v="98102" />
    <tag k="addr:street" v="Eastlake Avenue East" />
    <tag k="name" v="Splash" />
    <tag k="shop" v="beauty" />
  </node>
  <node id="4511200239" lat="47.6182980" lon="-122.3487008">
    <tag k="amenity" v="bicycle_parking" />
    <tag k="bicycle_parking" v="stands" />
    <tag k="capacity" v="2" />
    <tag k="covered" v="yes" />
  </node>
  <node id="4511200240" lat="47.6183209" lon="-122.3487310">
    <tag k="amenity" v="bicycle_parking" />
    <tag k="bicycle_parking" v="stands" />
    <tag k="capacity" v="2" />
    <tag k="covered" v="yes" />
  </node>
  <node id="4511200241" lat="47.6182760" lon="-122.3486591">
    <tag k="amenity" v="bicycle_parking" />
    <tag k="bicycle_parking" v="stands" />
    <tag k="capacity" v="6" />
    <tag k="covered" v="yes" />
  </node>
  <node id="4511291620" lat="47.6192415" lon="-122.3475995">
    <tag k="amenity" v="bicycle_parking" />
  </node>
  <node id="4511291621" lat="47.6201189" lon="-122.3477581">
    <tag k="amenity" v="waste_basket" />
  </node>
  <node id="4511294804" lat="47.6191980" lon="-122.3477350">
    <tag k="amenity" v="waste_basket" />
  </node>
  <node id="4511298510" lat="47.6187394" lon="-122.3460434">
    <tag k="addr:city" v="Seattle" />
    <tag k="addr:housenumber" v="552" />
    <tag k="addr:postcode" v="98109" />
    <tag k="addr:state" v="WA" />
    <tag k="addr:street" v="Denny Way" />
    <tag k="amenity" v="bar" />
    <tag k="check_date" v="2026-02-11" />
    <tag k="internet_access" v="wlan" />
    <tag k="internet_access:fee" v="customers" />
    <tag k="level" v="0" />
    <tag k="name" v="TeKu Tavern" />
    <tag k="opening_hours" v="Mo-We 12:00-22:00; Th 12:00-23:00; Fr-Sa 11:00-00:00; Su 11:00-22:00" />
    <tag k="phone" v="+1-206-466-1764" />
    <tag k="toilets:wheelchair" v="yes" />
    <tag k="website" v="https://www.tekutavern.beer/" />
    <tag k="wheelchair" v="yes" />
  </node>
  <node id="4518130104" lat="47.6621223" lon="-122.3676123" />
  <node id="4518130105" lat="47.6615297" lon="-122.3670335" />
  <node id="4518632307" lat="47.6608651" lon="-122.3642919" />
  <node id="4518632308" lat="47.6608659" lon="-122.3644325" />
  <node id="4518632309" lat="47.6611170" lon="-122.3642914" />
  <node id="4518632310" lat="47.6610878" lon="-122.3644332" />
  <node id="4518632312" lat="47.6611172" lon="-122.3644208" />
  <node id="4518632313" lat="47.6610877" lon="-122.3644205" />
  <node id="4518632318" lat="47.6615284" lon="-122.3660491" />
  <node id="4518632319" lat="47.6608835" lon="-122.3660559" />
  <node id="4518638760" lat="47.6608664" lon="-122.3646220" />
  <node id="4518638762" lat="47.6608719" lon="-122.3654311" />
  <node id="4518638764" lat="47.6611270" lon="-122.3646246" />
  <node id="4518638767" lat="47.6611253" lon="-122.3654091" />
  <node id="4518638768" lat="47.6613916" lon="-122.3652633" />
  <node id="4518638769" lat="47.6613898" lon="-122.3649329" />
  <node id="4518638770" lat="47.6611279" lon="-122.3649357" />
  <node id="4518638771" lat="47.6611254" lon="-122.3652634" />
  <node id="4518638772" lat="47.6610524" lon="-122.3654086" />
  <node id="4518638773" lat="47.6610447" lon="-122.3654329" />
  <node id="4518638778" lat="47.6607362" lon="-122.3642916" />
  <node id="4518638779" lat="47.6607366" lon="-122.3644631" />
  <node id="4518638780" lat="47.6604809" lon="-122.3644607" />
  <node id="4522378856" lat="47.6400415" lon="-122.4009778">
    <tag k="bus" v="yes" />
    <tag k="gtfs:stop_id:US-WA-KCM" v="24250" />
    <tag k="name" v="34th Avenue West &amp; West McGraw Street" />
    <tag k="network" v="King County Metro" />
    <tag k="network:short" v="KCM" />
    <tag k="network:wikidata" v="Q6411393" />
    <tag k="operator" v="King County Metro" />
    <tag k="operator:short" v="KCM" />
    <tag k="operator:wikidata" v="Q6411393" />
    <tag k="public_transport" v="stop_position" />
    <tag k="ref" v="24250" />
  </node>
  <node id="4529211333" lat="47.6393507" lon="-122.4022964">
    <tag k="gtfs:stop_id:US-WA-KCM" v="20650" />
    <tag k="highway" v="bus_stop" />
    <tag k="name" v="35th Avenue West &amp; West McGraw Street" />
    <tag k="network" v="King County Metro" />
    <tag k="network:short" v="KCM" />
    <tag k="network:wikidata" v="Q6411393" />
    <tag k="operator" v="King County Metro" />
    <tag k="operator:short" v="KCM" />
    <tag k="operator:wikidata" v="Q6411393" />
    <tag k="operator:wikipedia" v="en:King County Metro" />
    <tag k="public_transport" v="platform" />
    <tag k="ref" v="20650" />
    <tag k="route_ref" v="24" />
    <tag k="wheelchair" v="yes" />
  </node>
  <node id="4529211357" lat="47.6390534" lon="-122.4020714">
    <tag k="gtfs:stop_id:US-WA-KCM" v="20940" />
    <tag k="highway" v="bus_stop" />
    <tag k="name" v="Viewmont Way West &amp; 35th Avenue West" />
    <tag k="network" v="King County Metro" />
    <tag k="network:short" v="KCM" />
    <tag k="network:wikidata" v="Q6411393" />
    <tag k="operator" v="King County Metro" />
    <tag k="operator:short" v="KCM" />
    <tag k="operator:wikidata" v="Q6411393" />
    <tag k="operator:wikipedia" v="en:King County Metro" />
    <tag k="public_transport" v="platform" />
    <tag k="ref" v="20940" />
    <tag k="route_ref" v="24" />
    <tag k="wheelchair" v="yes" />
  </node>
  <node id="4529250088" lat="47.6393506" lon="-122.4023837">
    <tag k="bus" v="yes" />
    <tag k="gtfs:stop_id:US-WA-KCM" v="20650" />
    <tag k="name" v="35th Avenue West &amp; West McGraw Street" />
    <tag k="network" v="King County Metro" />
    <tag k="network:short" v="KCM" />
    <tag k="network:wikidata" v="Q6411393" />
    <tag k="operator" v="King County Metro" />
    <tag k="operator:short" v="KCM" />
    <tag k="operator:wikidata" v="Q6411393" />
    <tag k="public_transport" v="stop_position" />
    <tag k="ref" v="20650" />
  </node>
  <node id="4529252721" lat="47.6398475" lon="-122.4009805">
    <tag k="bus" v="yes" />
    <tag k="gtfs:stop_id:US-WA-KCM" v="24260" />
    <tag k="name" v="34th Avenue West &amp; West McGraw Street" />
    <tag k="network" v="King County Metro" />
    <tag k="network:short" v="KCM" />
    <tag k="network:wikidata" v="Q6411393" />
    <tag k="operator" v="King County Metro" />
    <tag k="operator:short" v="KCM" />
    <tag k="operator:wikidata" v="Q6411393" />
    <tag k="public_transport" v="stop_position" />
    <tag k="ref" v="24260" />
  </node>
  <node id="4560645710" lat="47.6192131" lon="-122.3477375">
    <tag k="bus" v="yes" />
    <tag k="gtfs:stop_id:US-WA-KCM" v="4080" />
    <tag k="highway" v="bus_stop" />
    <tag k="name" v="5th Avenue North &amp; Denny Way" />
    <tag k="network" v="King County Metro" />
    <tag k="network:short" v="KCM" />
    <tag k="network:wikidata" v="Q6411393" />
    <tag k="operator" v="King County Metro" />
    <tag k="operator:short" v="KCM" />
    <tag k="operator:wikidata" v="Q6411393" />
    <tag k="operator:wikipedia" v="en:King County Metro" />
    <tag k="public_transport" v="platform" />
    <tag k="ref" v="4080" />
    <tag k="route_ref" v="4" />
    <tag k="shelter" v="no" />
    <tag k="trolleybus" v="yes" />
    <tag k="wheelchair" v="yes" />
  </node>
  <node id="4560645734" lat="47.6184035" lon="-122.3475281">
    <tag k="bench" v="yes" />
    <tag k="bin" v="yes" />
    <tag k="bus" v="yes" />
    <tag k="gtfs:stop_id:US-WA-KCM" v="4200" />
    <tag k="highway" v="bus_stop" />
    <tag k="lit" v="yes" />
    <tag k="name" v="Cedar St &amp; Denny Way" />
    <tag k="network" v="King County Metro" />
    <tag k="network:short" v="KCM" />
    <tag k="network:wikidata" v="Q6411393" />
    <tag k="operator" v="King County Metro" />
    <tag k="operator:short" v="KCM" />
    <tag k="operator:wikidata" v="Q6411393" />
    <tag k="operator:wikipedia" v="en:King County Metro" />
    <tag k="public_transport" v="platform" />
    <tag k="ref" v="4200" />
    <tag k="route_ref" v="4" />
    <tag k="shelter" v="no" />
    <tag k="tactile_paving" v="no" />
    <tag k="trolleybus" v="yes" />
    <tag k="wheelchair" v="yes" />
  </node>
  <node id="4560893255" lat="47.6184044" lon="-122.3476235">
    <tag k="bus" v="yes" />
    <tag k="gtfs:stop_id:US-WA-KCM" v="4200" />
    <tag k="name" v="Cedar St &amp; Denny Way" />
    <tag k="public_transport" v="stop_position" />
    <tag k="ref" v="4200" />
  </node>
  <node id="4560893263" lat="47.6192137" lon="-122.3476231">
    <tag k="bus" v="yes" />
    <tag k="gtfs:stop_id:US-WA-KCM" v="4080" />
    <tag k="name" v="5th Avenue North &amp; Denny Way" />
    <tag k="public_transport" v="stop_position" />
    <tag k="ref" v="4080" />
  </node>
  <node id="4560902064" lat="47.6186441" lon="-122.3479871">
    <tag k="bench" v="yes" />
    <tag k="bin" v="no" />
    <tag k="bus" v="yes" />
    <tag k="gtfs:stop_id:US-WA-KCM" v="2300" />
    <tag k="highway" v="bus_stop" />
    <tag k="lit" v="yes" />
    <tag k="name" v="Denny Way &amp; 5th Avenue North" />
    <tag k="network" v="King County Metro" />
    <tag k="network:short" v="KCM" />
    <tag k="network:wikidata" v="Q6411393" />
    <tag k="operator" v="King County Metro" />
    <tag k="operator:short" v="KCM" />
    <tag k="operator:wikidata" v="Q6411393" />
    <tag k="operator:wikipedia" v="en:King County Metro" />
    <tag k="public_transport" v="platform" />
    <tag k="ref" v="2300" />
    <tag k="route_ref" v="8" />
    <tag k="shelter" v="no" />
    <tag k="tactile_paving" v="no" />
    <tag k="wheelchair" v="yes" />
  </node>
  <node id="4560902594" lat="47.6185099" lon="-122.3478807">
    <tag k="bench" v="no" />
    <tag k="bin" v="yes" />
    <tag k="bus" v="yes" />
    <tag k="gtfs:stop_id:US-WA-KCM" v="2245" />
    <tag k="highway" v="bus_stop" />
    <tag k="lit" v="yes" />
    <tag k="name" v="Denny Way &amp; 5th Avenue North" />
    <tag k="network" v="King County Metro" />
    <tag k="network:short" v="KCM" />
    <tag k="network:wikidata" v="Q6411393" />
    <tag k="operator" v="King County Metro" />
    <tag k="operator:short" v="KCM" />
    <tag k="operator:wikidata" v="Q6411393" />
    <tag k="operator:wikipedia" v="en:King County Metro" />
    <tag k="public_transport" v="platform" />
    <tag k="ref" v="2245" />
    <tag k="route_ref" v="8" />
    <tag k="shelter" v="no" />
    <tag k="tactile_paving" v="no" />
    <tag k="wheelchair" v="yes" />
  </node>
  <node id="4560913467" lat="47.6185775" lon="-122.3478798">
    <tag k="bus" v="yes" />
    <tag k="gtfs:stop_id:US-WA-KCM" v="2245" />
    <tag k="name" v="Denny Way &amp; 5th Avenue North" />
    <tag k="public_transport" v="stop_position" />
    <tag k="ref" v="2245" />
  </node>
  <node id="4560913601" lat="47.6185781" lon="-122.3479880">
    <tag k="bus" v="yes" />
    <tag k="gtfs:stop_id:US-WA-KCM" v="2300" />
    <tag k="name" v="Denny Way &amp; 5th Avenue North" />
    <tag k="public_transport" v="stop_position" />
    <tag k="ref" v="2300" />
  </node>
  <node id="4590007851" lat="47.6394439" lon="-122.4033268" />
  <node id="4590007852" lat="47.6394439" lon="-122.4030894" />
  <node id="4590007853" lat="47.6393824" lon="-122.4030880" />
  <node id="4590007854" lat="47.6393788" lon="-122.4031417" />
  <node id="4590007855" lat="47.6393743" lon="-122.4033174" />
  <node id="4590007856" lat="47.6394448" lon="-122.4030585" />
  <node id="4590007857" lat="47.6394421" lon="-122.4028601" />
  <node id="4590007858" lat="47.6393737" lon="-122.4028615" />
  <node id="4590007859" lat="47.6393752" lon="-122.4030518" />
  <node id="4717607353" lat="47.6186797" lon="-122.3478251">
    <tag k="information" v="guidepost" />
    <tag k="tourism" v="information" />
  </node>
  <node id="4717607354" lat="47.6185124" lon="-122.3478479">
    <tag k="amenity" v="waste_basket" />
    <tag k="check_date" v="2024-02-24" />
  </node>
  <node id="4717607355" lat="47.6187366" lon="-122.3486910">
    <tag k="amenity" v="bank" />
    <tag k="check_date" v="2026-02-11" />
    <tag k="name" v="Wells Fargo" />
  </node>
  <node id="4765302042" lat="47.6640927" lon="-122.3825163" />
  <node id="4780017243" lat="47.6641697" lon="-122.3812588" />
  <node id="4780017248" lat="47.6641671" lon="-122.3817985" />
  <node id="4780017249" lat="47.6642684" lon="-122.3813754" />
  <node id="4780017250" lat="47.6659556" lon="-122.3839298" />
  <node id="4780017251" lat="47.6650169" lon="-122.3822588" />
  <node id="4780017252" lat="47.6654004" lon="-122.3822636" />
  <node id="4780017253" lat="47.6652607" lon="-122.3825327" />
  <node id="4780017254" lat="47.6661417" lon="-122.3835790" />
  <node id="4780035993" lat="47.6640170" lon="-122.3821124" />
  <node id="4780035996" lat="47.6644393" lon="-122.3821117" />
  <node id="4780035998" lat="47.6641642" lon="-122.3826433" />
  <node id="4780036000" lat="47.6650576" lon="-122.3828906" />
  <node id="4780036001" lat="47.6645535" lon="-122.3838468" />
  <node id="4780036002" lat="47.6640798" lon="-122.3825444" />
  <node id="4780036004" lat="47.6649081" lon="-122.3831751" />
  <node id="4780036005" lat="47.6642824" lon="-122.3824169" />
  <node id="5067614523" lat="47.6191881" lon="-122.3487456">
    <tag k="amenity" v="cafe" />
    <tag k="check_date" v="2023-08-16" />
    <tag k="name" v="Grecian Corner" />
    <tag k="name:en" v="Grecian Corner" />
  </node>
  <node id="5067615423" lat="47.6196111" lon="-122.3487399">
    <tag k="addr:city" v="Seattle" />
    <tag k="addr:housenumber" v="140" />
    <tag k="addr:postcode" v="98109" />
    <tag k="addr:state" v="WA" />
    <tag k="addr:street" v="4th Avenue North" />
    <tag k="addr:unit" v="#130" />
    <tag k="amenity" v="fast_food" />
    <tag k="brand" v="McDonald's" />
    <tag k="brand:wikidata" v="Q38076" />
    <tag k="cuisine" v="burger" />
    <tag k="name" v="McDonald's" />
    <tag k="takeaway" v="yes" />
    <tag k="website" v="https://www.mcdonalds.com/us/en-us/location/wa/seattle/140-4th-ave-n-suite-130/39974.html" />
  </node>
  <node id="5550674449" lat="47.6467502" lon="-122.4094938" />
  <node id="5550674450" lat="47.6417915" lon="-122.4095853" />
  <node id="5550674451" lat="47.6410181" lon="-122.4096226" />
  <node id="5550674452" lat="47.6406836" lon="-122.4095406" />
  <node id="5550674453" lat="47.6399797" lon="-122.4091338" />
  <node id="5550674454" lat="47.6396653" lon="-122.4087485" />
  <node id="5550674455" lat="47.6390508" lon="-122.4078152" />
  <node id="5550674456" lat="47.6385720" lon="-122.4070788" />
  <node id="5550674457" lat="47.6387335" lon="-122.4068947" />
  <node id="5550674458" lat="47.6389989" lon="-122.4066164" />
  <node id="5550674459" lat="47.6392239" lon="-122.4064152" />
  <node id="5550674460" lat="47.6395816" lon="-122.4070274" />
  <node id="5550674461" lat="47.6396112" lon="-122.4025348" />
  <node id="5550674462" lat="47.6432064" lon="-122.4024512" />
  <node id="5550674463" lat="47.6432064" lon="-122.4002823" />
  <node id="5550674464" lat="47.6467816" lon="-122.4002676" />
  <node id="5550674465" lat="47.6467574" lon="-122.4073898" />
  <node id="5550674466" lat="47.6468138" lon="-122.4073766" />
  <node id="5550674467" lat="47.6468113" lon="-122.4067904" />
  <node id="5550674468" lat="47.6468363" lon="-122.4057668" />
  <node id="5550674469" lat="47.6467796" lon="-122.4048823" />
  <node id="5599290423" lat="47.6184570" lon="-122.3483498">
    <tag k="addr:city" v="Seattle" />
    <tag k="addr:housenumber" v="2720" />
    <tag k="addr:postcode" v="98121" />
    <tag k="addr:state" v="WA" />
    <tag k="addr:street" v="4th Avenue" />
    <tag k="addr:unit" v="116" />
    <tag k="amenity" v="restaurant" />
    <tag k="check_date" v="2023-09-30" />
    <tag k="name" v="Mantra Restaurant &amp; Bar" />
    <tag k="opening_hours" v="11:00-21:00" />
  </node>
  <node id="5599290424" lat="47.6189008" lon="-122.3487499">
    <tag k="addr:city" v="Seattle" />
    <tag k="addr:housenumber" v="100" />
    <tag k="addr:postcode" v="98109" />
    <tag k="addr:state" v="WA" />
    <tag k="addr:street" v="4th Avenue North" />
    <tag k="addr:unit" v="150" />
    <tag k="amenity" v="car_rental" />
    <tag k="branch" v="KOMO Plaza" />
    <tag k="brand" v="Avis" />
    <tag k="brand:wikidata" v="Q791136" />
    <tag k="check_date" v="2023-08-16" />
    <tag k="name" v="Avis" />
    <tag k="official_name" v="Avis Car Rental" />
    <tag k="opening_hours" v="Mo-Fr 08:00-17:00; Sa-Su 08:00-14:00" />
    <tag k="phone" v="+1-206-441-5668" />
    <tag k="website" v="https://www.avis.com/en/locations/us/wa/seattle/se0" />
  </node>
  <node id="5599293021" lat="47.6181722" lon="-122.3478032">
    <tag k="addr:housenumber" v="404" />
    <tag k="addr:state" v="WA" />
    <tag k="addr:street" v="Cedar Street" />
    <tag k="check_date" v="2025-11-22" />
    <tag k="name" v="Tina's Nails" />
    <tag k="opening_hours" v="Sa-Su 09:30-19:30" />
    <tag k="payment:credit_cards" v="yes" />
    <tag k="phone" v="+1-206-441-3826" />
    <tag k="shop" v="beauty" />
  </node>
  <node id="5599440523" lat="47.6190613" lon="-122.3482374">
    <tag k="amenity" v="doctors" />
    <tag k="check_date" v="2023-08-16" />
    <tag k="healthcare" v="doctor" />
    <tag k="name" v="CurPoint" />
  </node>
  <node id="5828419997" lat="47.6638624" lon="-122.3830831" />
  <node id="5828419999" lat="47.6641021" lon="-122.3833680" />
  <node id="5828420003" lat="47.6645436" lon="-122.3838363" />
  <node id="5828420016" lat="47.6641173" lon="-122.3833841" />
  <node id="6292452984" lat="47.6631077" lon="-122.3685107" />
  <node id="7045273203" lat="47.6391729" lon="-122.4001605" />
  <node id="7143820901" lat="47.6407705" lon="-122.4016621" />
  <node id="7564235765" lat="47.6390285" lon="-122.4003676" />
  <node id="7564235766" lat="47.6390394" lon="-122.3997239" />
  <node id="7564235767" lat="47.6377815" lon="-122.3996703" />
  <node id="7564235768" lat="47.6377779" lon="-122.4002764" />
  <node id="7564235769" lat="47.6379514" lon="-122.4003301" />
  <node id="7564235770" lat="47.6389309" lon="-122.4003462" />
  <node id="7564235794" lat="47.6359570" lon="-122.4010690" />
  <node id="7564235795" lat="47.6359590" lon="-122.4000893" />
  <node id="7564235796" lat="47.6366567" lon="-122.4001099" />
  <node id="7564235797" lat="47.6370532" lon="-122.4002070" />
  <node id="7564235798" lat="47.6374636" lon="-122.4003953" />
  <node id="7564235799" lat="47.6378580" lon="-122.4005188" />
  <node id="7564235800" lat="47.6389404" lon="-122.4005394" />
  <node id="7564235801" lat="47.6390454" lon="-122.4006159" />
  <node id="7564235802" lat="47.6391386" lon="-122.4007983" />
  <node id="7564235803" lat="47.6391544" lon="-122.4009542" />
  <node id="7564235804" lat="47.6380146" lon="-122.4009983" />
  <node id="7564235805" lat="47.6378660" lon="-122.4010307" />
  <node id="7564235806" lat="47.6375686" lon="-122.4014779" />
  <node id="7564235807" lat="47.6369898" lon="-122.4011955" />
  <node id="7564235808" lat="47.6367222" lon="-122.4010984" />
  <node id="7564235809" lat="47.6365834" lon="-122.4010719" />
  <node id="7564235810" lat="47.6380622" lon="-122.4005468" />
  <node id="7564235811" lat="47.6386276" lon="-122.4024130" />
  <node id="7564235812" lat="47.6386677" lon="-122.4023812" />
  <node id="7564235813" lat="47.6387721" lon="-122.4022382" />
  <node id="7564235814" lat="47.6389167" lon="-122.4019562" />
  <node id="7564235815" lat="47.6389970" lon="-122.4017814" />
  <node id="7564235816" lat="47.6387213" lon="-122.4015629" />
  <node id="7564235817" lat="47.6387802" lon="-122.4012769" />
  <node id="7564235818" lat="47.6388127" lon="-122.4010203" />
  <node id="7564235819" lat="47.6385355" lon="-122.4010359" />
  <node id="7564235820" lat="47.6384622" lon="-122.4014016" />
  <node id="7564235821" lat="47.6383580" lon="-122.4015998" />
  <node id="7564235822" lat="47.6380233" lon="-122.4020595" />
  <node id="7564235823" lat="47.6382053" lon="-122.4022099" />
  <node id="7564235824" lat="47.6383874" lon="-122.4022752" />
  <node id="7564235825" lat="47.6385253" lon="-122.4023275" />
  <node id="7564235826" lat="47.6385120" lon="-122.4012179" />
  <node id="7564235827" lat="47.6379290" lon="-122.4019351" />
  <node id="7564235828" lat="47.6382918" lon="-122.4014585" />
  <node id="7564235829" lat="47.6383493" lon="-122.4013556" />
  <node id="7564235830" lat="47.6383552" lon="-122.4012644" />
  <node id="7564235831" lat="47.6383136" lon="-122.4011526" />
  <node id="7564235832" lat="47.6382363" lon="-122.4011231" />
  <node id="7564235833" lat="47.6381491" lon="-122.4011261" />
  <node id="7564235834" lat="47.6379727" lon="-122.4011202" />
  <node id="7564235835" lat="47.6379112" lon="-122.4011526" />
  <node id="7564235836" lat="47.6376376" lon="-122.4015733" />
  <node id="7564235837" lat="47.6358199" lon="-122.4013619" />
  <node id="7564235838" lat="47.6357295" lon="-122.4014316" />
  <node id="7564235839" lat="47.6356897" lon="-122.4016355" />
  <node id="7564235840" lat="47.6357223" lon="-122.4017964" />
  <node id="7564235841" lat="47.6358922" lon="-122.4022041" />
  <node id="7564235842" lat="47.6360404" lon="-122.4023650" />
  <node id="7564235843" lat="47.6362645" lon="-122.4023865" />
  <node id="7564235844" lat="47.6367525" lon="-122.4023972" />
  <node id="7564235845" lat="47.6370742" lon="-122.4025474" />
  <node id="7564235846" lat="47.6377790" lon="-122.4036096" />
  <node id="7564235847" lat="47.6385345" lon="-122.4026118" />
  <node id="7564235848" lat="47.6384441" lon="-122.4024991" />
  <node id="7564235849" lat="47.6381911" lon="-122.4024348" />
  <node id="7564235850" lat="47.6378622" lon="-122.4022255" />
  <node id="7564235851" lat="47.6376489" lon="-122.4018929" />
  <node id="7564235852" lat="47.6374103" lon="-122.4016569" />
  <node id="7564235853" lat="47.6368971" lon="-122.4013994" />
  <node id="7564235854" lat="47.6365464" lon="-122.4012975" />
  <node id="7564235855" lat="47.6359825" lon="-122.4012975" />
  <node id="7564235856" lat="47.6358958" lon="-122.4013243" />
  <node id="7564235898" lat="47.6394522" lon="-122.4024355" />
  <node id="7564235899" lat="47.6394595" lon="-122.4027972" />
  <node id="7564235900" lat="47.6393668" lon="-122.4028013" />
  <node id="7564235901" lat="47.6393657" lon="-122.4028400" />
  <node id="7564235902" lat="47.6391613" lon="-122.4028352" />
  <node id="7564235903" lat="47.6391167" lon="-122.4028650" />
  <node id="7564235904" lat="47.6391186" lon="-122.4029474" />
  <node id="7564235905" lat="47.6390949" lon="-122.4030268" />
  <node id="7564235906" lat="47.6390394" lon="-122.4030798" />
  <node id="7564235907" lat="47.6389264" lon="-122.4031327" />
  <node id="7564235908" lat="47.6387460" lon="-122.4033063" />
  <node id="7564235909" lat="47.6390433" lon="-122.4037682" />
  <node id="7564235910" lat="47.6385220" lon="-122.4043830" />
  <node id="7564235911" lat="47.6382127" lon="-122.4039741" />
  <node id="7564235912" lat="47.6381077" lon="-122.4038800" />
  <node id="7564235913" lat="47.6379095" lon="-122.4037417" />
  <node id="7564235914" lat="47.6386885" lon="-122.4026914" />
  <node id="7564235915" lat="47.6388927" lon="-122.4025473" />
  <node id="7564235916" lat="47.6391226" lon="-122.4024914" />
  <node id="7564235917" lat="47.6391960" lon="-122.4024502" />
  <node id="7564235918" lat="47.6394871" lon="-122.4060751" />
  <node id="7564235919" lat="47.6394871" lon="-122.4037788" />
  <node id="7564235920" lat="47.6392773" lon="-122.4037788" />
  <node id="7564235921" lat="47.6390479" lon="-122.4039020" />
  <node id="7564235922" lat="47.6378960" lon="-122.4053797" />
  <node id="7564235923" lat="47.6378423" lon="-122.4055391" />
  <node id="7564235924" lat="47.6378667" lon="-122.4056550" />
  <node id="7564235925" lat="47.6379008" lon="-122.4057781" />
  <node id="7564235926" lat="47.6382181" lon="-122.4059810" />
  <node id="7564235927" lat="47.6385158" lon="-122.4060606" />
  <node id="8023219846" lat="47.6404910" lon="-122.3997218" />
  <node id="8830279862" lat="47.6396316" lon="-122.4001573">
    <tag k="amenity" v="bench" />
  </node>
  <node id="8830279863" lat="47.6403032" lon="-122.4008025">
    <tag k="amenity" v="bench" />
  </node>
  <node id="8830279868" lat="47.6396333" lon="-122.4018345">
    <tag k="amenity" v="bench" />
  </node>
  <node id="8830279871" lat="47.6394386" lon="-122.4020921">
    <tag k="amenity" v="bicycle_parking" />
    <tag k="bicycle_parking" v="stands" />
    <tag k="capacity" v="3" />
  </node>
  <node id="8830279872" lat="47.6394682" lon="-122.4005874">
    <tag k="amenity" v="bench" />
  </node>
  <node id="8830279873" lat="47.6396302" lon="-122.4021434">
    <tag k="amenity" v="recycling" />
    <tag k="recycling_type" v="container" />
  </node>
  <node id="8830279874" lat="47.6396307" lon="-122.4002209">
    <tag k="amenity" v="bench" />
  </node>
  <node id="8830279875" lat="47.6403279" lon="-122.4007850">
    <tag k="amenity" v="atm" />
    <tag k="brand" v="Chase" />
    <tag k="brand:wikidata" v="Q524629" />
    <tag k="entrance" v="yes" />
    <tag k="name" v="Chase" />
    <tag k="operator" v="Chase" />
    <tag k="operator:wikidata" v="Q524629" />
    <tag k="operator:wikipedia" v="en:Chase Bank" />
  </node>
  <node id="8830279876" lat="47.6396345" lon="-122.4013563">
    <tag k="amenity" v="bench" />
  </node>
  <node id="8830279879" lat="47.6396306" lon="-122.4020042">
    <tag k="amenity" v="bench" />
  </node>
  <node id="8830279883" lat="47.6394962" lon="-122.4002321">
    <tag k="amenity" v="bench" />
  </node>
  <node id="8830279884" lat="47.6396302" lon="-122.4021586">
    <tag k="amenity" v="waste_basket" />
  </node>
  <node id="8830279887" lat="47.6396352" lon="-122.4014392">
    <tag k="amenity" v="bench" />
  </node>
  <node id="8830279891" lat="47.6394689" lon="-122.4006368">
    <tag k="amenity" v="bench" />
  </node>
  <node id="8830279892" lat="47.6396304" lon="-122.4021195">
    <tag k="amenity" v="bench" />
  </node>
  <node id="10040778579" lat="47.6396334" lon="-122.4007772">
    <tag k="amenity" v="waste_basket" />
    <tag k="waste" v="trash" />
  </node>
  <node id="10040778581" lat="47.6397626" lon="-122.4006383">
    <tag k="amenity" v="recycling" />
    <tag k="recycling_type" v="container" />
  </node>
  <node id="10040778582" lat="47.6396331" lon="-122.4007589">
    <tag k="amenity" v="recycling" />
    <tag k="recycling_type" v="container" />
  </node>
  <node id="10040778583" lat="47.6396501" lon="-122.4007404">
    <tag k="amenity" v="bicycle_parking" />
    <tag k="bicycle_parking" v="stands" />
    <tag k="capacity" v="2" />
  </node>
  <node id="10040782668" lat="47.6397998" lon="-122.4007982">
    <tag k="amenity" v="waste_basket" />
    <tag k="waste" v="trash" />
  </node>
  <node id="10040787137" lat="47.6396368" lon="-122.4004726">
    <tag k="amenity" v="bicycle_parking" />
    <tag k="bicycle_parking" v="stands" />
    <tag k="capacity" v="2" />
  </node>
  <node id="10040833413" lat="47.6396356" lon="-122.4002797">
    <tag k="amenity" v="bicycle_parking" />
    <tag k="bicycle_parking" v="stands" />
    <tag k="capacity" v="2" />
  </node>
  <node id="10271226935" lat="47.6151778" lon="-122.3472970" />
  <node id="10271226937" lat="47.6153688" lon="-122.3470570" />
  <node id="10288680225" lat="47.6208204" lon="-122.3461326" />
  <node id="10288680226" lat="47.6208170" lon="-122.3451767" />
  <node id="10288680227" lat="47.6198198" lon="-122.3451866" />
  <node id="10288680228" lat="47.6198259" lon="-122.3461376" />
  <node id="10288691058" lat="47.6208435" lon="-122.3469658" />
  <node id="10288691059" lat="47.6198013" lon="-122.3469895" />
  <node id="10288691060" lat="47.6201630" lon="-122.3475123" />
  <node id="10288691061" lat="47.6198006" lon="-122.3475173" />
  <node id="10288691062" lat="47.6208409" lon="-122.3464168" />
  <node id="10288691063" lat="47.6197560" lon="-122.3464328" />
  <node id="10288691064" lat="47.6193104" lon="-122.3448686" />
  <node id="10288691065" lat="47.6193071" lon="-122.3443635" />
  <node id="10288691066" lat="47.6196777" lon="-122.3443651" />
  <node id="10288691067" lat="47.6196796" lon="-122.3439821" />
  <node id="10288691069" lat="47.6208431" lon="-122.3461844" />
  <node id="10288691070" lat="47.6197776" lon="-122.3461979" />
  <node id="10288691071" lat="47.6197733" lon="-122.3448664" />
  <node id="10288691072" lat="47.6208351" lon="-122.3445297" />
  <node id="10288691073" lat="47.6206451" lon="-122.3445298" />
  <node id="10288691074" lat="47.6206419" lon="-122.3443545" />
  <node id="10594679751" lat="47.6196463" lon="-122.3482320">
    <tag k="amenity" v="parking_entrance" />
    <tag k="highway" v="crossing" />
    <tag k="maxheight" v="6'10&quot;" />
    <tag k="parking" v="underground" />
  </node>
  <node id="10978233484" lat="47.6187339" lon="-122.3466134">
    <tag k="addr:housenumber" v="520" />
    <tag k="addr:state" v="WA" />
    <tag k="addr:street" v="Denny Way" />
    <tag k="amenity" v="clinic" />
    <tag k="check_date" v="2023-09-30" />
    <tag k="healthcare" v="clinic" />
    <tag k="healthcare:speciality" v="general" />
    <tag k="opening_hours" v="Mo-Fr 08:00-17:00" />
    <tag k="operator" v="Kinwell" />
  </node>
  <node id="11121098505" lat="47.6191897" lon="-122.3485879">
    <tag k="amenity" v="cafe" />
    <tag k="check_date" v="2023-08-16" />
    <tag k="cuisine" v="bubble_tea" />
    <tag k="name" v="Milkvue" />
  </node>
  <node id="11230365670" lat="47.6179733" lon="-122.3480348">
    <tag k="addr:housenumber" v="2700" />
    <tag k="addr:state" v="WA" />
    <tag k="addr:street" v="4th Avenue" />
    <tag k="addr:unit" v="101" />
    <tag k="check_date" v="2023-09-30" />
    <tag k="level" v="0" />
    <tag k="name" v="Watson Security" />
    <tag k="opening_hours" v="Mo-Fr 08:00-17:00; Sa-Su off" />
    <tag k="phone" v="+1-206-448-5625" />
    <tag k="shop" v="locksmith" />
    <tag k="website" v="https://watsonsecurity.com" />
  </node>
  <node id="11230365671" lat="47.6181605" lon="-122.3484944">
    <tag k="amenity" v="vending_machine" />
    <tag k="check_date" v="2023-09-30" />
    <tag k="vending" v="parking_tickets" />
  </node>
  <node id="11230365672" lat="47.6178170" lon="-122.3482418">
    <tag k="amenity" v="post_box" />
    <tag k="collection_times" v="Mo-Fr 15:45" />
    <tag k="operator" v="United States Postal Service" />
    <tag k="operator:short" v="USPS" />
    <tag k="operator:type" v="public" />
    <tag k="operator:website" v="https://www.usps.com" />
    <tag k="operator:wikidata" v="Q668687" />
    <tag k="operator:wikipedia" v="en:United States Postal Service" />
    <tag k="post_box:type" v="pillar" />
    <tag k="ref" v="9812100032" />
  </node>
  <node id="11270870729" lat="47.6675283" lon="-122.3750245" />
  <node id="11638450330" lat="47.6183724" lon="-122.3494370">
    <tag k="amenity" v="atm" />
    <tag k="brand" v="Wells Fargo" />
    <tag k="brand:wikidata" v="Q744149" />
    <tag k="operator" v="Wells Fargo" />
    <tag k="operator:wikidata" v="Q744149" />
  </node>
  <node id="11733067485" lat="47.6179464" lon="-122.3479933">
    <tag k="amenity" v="bicycle_parking" />
    <tag k="capacity" v="6" />
    <tag k="covered" v="no" />
  </node>
  <node id="11751957304" lat="47.6391424" lon="-122.4001624" />
  <node id="11751957305" lat="47.6391510" lon="-122.3997810" />
  <node id="11751957306" lat="47.6391346" lon="-122.3997810" />
  <node id="11751957307" lat="47.6391306" lon="-122.4001624" />
  <node id="11941144589" lat="47.6188882" lon="-122.3487499">
    <tag k="addr:city" v="Seattle" />
    <tag k="addr:housenumber" v="100" />
    <tag k="addr:postcode" v="98109" />
    <tag k="addr:state" v="WA" />
    <tag k="addr:street" v="4th Avenue North" />
    <tag k="addr:unit" v="150" />
    <tag k="amenity" v="car_rental" />
    <tag k="branch" v="KOMO Plaza" />
    <tag k="brand" v="Budget" />
    <tag k="brand:wikidata" v="Q1001437" />
    <tag k="check_date" v="2023-08-16" />
    <tag k="name" v="Budget" />
    <tag k="official_name" v="Budget Rent a Car" />
    <tag k="opening_hours" v="Mo-Fr 08:00-17:00; Sa-Su 08:00-14:00" />
    <tag k="phone" v="+1-206-441-5226" />
    <tag k="website" v="https://www.budget.com/en/locations/us/wa/seattle/sp6" />
  </node>
  <node id="11988832831" lat="47.6208113" lon="-122.3439265" />
  <node id="11988832832" lat="47.6208147" lon="-122.3443490" />
  <node id="12671078849" lat="47.6675285" lon="-122.3744163" />
  <node id="12916754207" lat="47.6186455" lon="-122.3479743">
    <tag k="amenity" v="bench" />
    <tag k="backrest" v="yes" />
    <tag k="material" v="metal" />
  </node>
  <node id="13113048396" lat="47.6400203" lon="-122.4007815" />
  <node id="13113048397" lat="47.6402073" lon="-122.4007824" />
  <node id="13113048398" lat="47.6402069" lon="-122.4002616" />
  <node id="13113048399" lat="47.6400238" lon="-122.4002643" />
  <node id="13121851901" lat="47.6198230" lon="-122.3456811" />
  <node id="13121851902" lat="47.6208188" lon="-122.3456779" />
  <node id="13121851903" lat="47.6208185" lon="-122.3456115" />
  <node id="13121851904" lat="47.6198226" lon="-122.3456155" />
  <node id="13325042097" lat="47.6180164" lon="-122.3479692">
    <tag k="addr:housenumber" v="402" />
    <tag k="addr:street" v="Cedar Street" />
    <tag k="check_date" v="2025-11-22" />
    <tag k="email" v="hello@printersinprint.org" />
    <tag k="name" v="Partners In Print" />
    <tag k="shop" v="copyshop" />
  </node>
  <node id="13325123353" lat="47.6394835" lon="-122.4014471">
    <tag k="amenity" v="bicycle_parking" />
    <tag k="bicycle_parking" v="stands" />
    <tag k="capacity" v="2" />
    <tag k="covered" v="no" />
  </node>
  <node id="13325123355" lat="47.6394842" lon="-122.4017037">
    <tag k="amenity" v="bench" />
    <tag k="armrest" v="yes" />
    <tag k="backrest" v="yes" />
  </node>
  <node id="13325123356" lat="47.6394833" lon="-122.4015248">
    <tag k="amenity" v="bench" />
    <tag k="armrest" v="yes" />
    <tag k="backrest" v="yes" />
  </node>
  <node id="13325123357" lat="47.6396364" lon="-122.4016784">
    <tag k="amenity" v="bicycle_parking" />
    <tag k="bicycle_parking" v="stands" />
    <tag k="capacity" v="2" />
    <tag k="covered" v="no" />
  </node>
  <node id="13325127143" lat="47.6394926" lon="-122.4002806">
    <tag k="amenity" v="bicycle_parking" />
    <tag k="bicycle_parking" v="stands" />
    <tag k="capacity" v="2" />
    <tag k="covered" v="no" />
  </node>
  <node id="13325127144" lat="47.6394906" lon="-122.4003312">
    <tag k="amenity" v="bench" />
    <tag k="armrest" v="yes" />
    <tag k="backrest" v="yes" />
  </node>
  <node id="13325127145" lat="47.6394695" lon="-122.4006106">
    <tag k="amenity" v="bicycle_parking" />
    <tag k="bicycle_parking" v="stands" />
    <tag k="capacity" v="2" />
    <tag k="covered" v="no" />
  </node>
  <node id="13325148062" lat="47.6394370" lon="-122.4002644">
    <tag k="name" v="Magnolia Psychic" />
    <tag k="phone" v="+1 206-973-2700" />
    <tag k="shop" v="psychic" />
  </node>
  <node id="13704198763" lat="47.6388575" lon="-122.4010156" />
  <node id="13704198764" lat="47.6391453" lon="-122.4010166" />
  <node id="13704198765" lat="47.6391072" lon="-122.4013658" />
  <node id="13704198766" lat="47.6390507" lon="-122.4016330" />
  <node id="13704198767" lat="47.6390014" lon="-122.4017686" />
  <node id="13704198768" lat="47.6388443" lon="-122.4011619" />
  <node id="13704198769" lat="47.6388463" lon="-122.4011122" />
  <node id="13704198770" lat="47.6388328" lon="-122.4012594" />
  <node id="13704198771" lat="47.6387627" lon="-122.4015852" />
  <node id="13818940687" lat="47.6193157" lon="-122.3451995" />
  <node id="13818940688" lat="47.6193156" lon="-122.3456374" />
  <way id="55143876">
    <nd ref="693357059" />
    <nd ref="458710728" />
    <nd ref="693357062" />
    <nd ref="693357064" />
    <nd ref="693357059" />
    <tag k="landuse" v="retail" />
    <tag k="source" v="yahoo_wms" />
  </way>
  <way id="55143881">
    <nd ref="693357070" />
    <nd ref="693357075" />
    <nd ref="693357084" />
    <nd ref="693357087" />
    <nd ref="693357070" />
    <tag k="landuse" v="residential" />
    <tag k="source" v="yahoo_wms" />
  </way>
  <way id="55143882">
    <nd ref="693357089" />
    <nd ref="7143820901" />
    <nd ref="693357091" />
    <nd ref="693357092" />
    <nd ref="693357093" />
    <nd ref="693357089" />
    <tag k="landuse" v="residential" />
    <tag k="source" v="yahoo_wms" />
  </way>
  <way id="55143883">
    <nd ref="693357097" />
    <nd ref="13113048397" />
    <nd ref="13113048398" />
    <nd ref="13113048399" />
    <nd ref="13113048396" />
    <nd ref="693357098" />
    <nd ref="693357100" />
    <nd ref="8023219846" />
    <nd ref="693357102" />
    <nd ref="693357097" />
    <tag k="landuse" v="retail" />
    <tag k="source" v="yahoo_wms" />
  </way>
  <way id="55143889">
    <nd ref="693357117" />
    <nd ref="693357119" />
    <nd ref="693357120" />
    <nd ref="693357122" />
    <nd ref="693357124" />
    <nd ref="693357125" />
    <nd ref="3932988117" />
    <nd ref="693357126" />
    <nd ref="693357128" />
    <nd ref="693357129" />
    <nd ref="7045273203" />
    <nd ref="693357131" />
    <nd ref="693357132" />
    <nd ref="693357117" />
    <tag k="landuse" v="retail" />
    <tag k="source" v="yahoo_wms" />
  </way>
  <way id="337096809">
    <nd ref="3441937865" />
    <nd ref="3441937866" />
    <nd ref="3441937867" />
    <nd ref="3441937868" />
    <nd ref="3441937865" />
    <tag k="landuse" v="retail" />
  </way>
  <way id="343737574">
    <nd ref="3505446395" />
    <nd ref="3505446396" />
    <nd ref="3658463859" />
    <nd ref="3664954584" />
    <nd ref="3664954586" />
    <nd ref="3664954588" />
    <nd ref="3658463861" />
    <nd ref="3658463862" />
    <nd ref="3658463863" />
    <nd ref="3664954583" />
    <nd ref="3664954580" />
    <nd ref="3664954581" />
    <nd ref="3664954582" />
    <nd ref="3664954579" />
    <nd ref="3664954578" />
    <nd ref="3664954577" />
    <nd ref="4780017243" />
    <nd ref="4780017249" />
    <nd ref="3658463864" />
    <nd ref="4780017251" />
    <nd ref="4780017252" />
    <nd ref="4780017253" />
    <nd ref="4780017254" />
    <nd ref="4780017250" />
    <nd ref="4780036000" />
    <nd ref="4780036004" />
    <nd ref="4780036001" />
    <nd ref="5828420003" />
    <nd ref="5828420016" />
    <nd ref="5828419999" />
    <nd ref="5828419997" />
    <nd ref="30474359" />
    <nd ref="30521196" />
    <nd ref="4765302042" />
    <nd ref="4780036002" />
    <nd ref="4780035998" />
    <nd ref="4780036005" />
    <nd ref="4780035996" />
    <nd ref="4780017248" />
    <nd ref="4780035993" />
    <nd ref="3662379909" />
    <nd ref="2993031221" />
    <nd ref="619561889" />
    <nd ref="619561888" />
    <nd ref="619561887" />
    <nd ref="619561891" />
    <nd ref="619561894" />
    <nd ref="619561897" />
    <nd ref="619561898" />
    <nd ref="619561895" />
    <nd ref="619561896" />
    <nd ref="30474852" />
    <nd ref="619561881" />
    <nd ref="619561886" />
    <nd ref="369825838" />
    <nd ref="30522792" />
    <nd ref="30472262" />
    <nd ref="30517820" />
    <nd ref="3675602430" />
    <nd ref="3675602435" />
    <nd ref="3675602437" />
    <nd ref="2018788198" />
    <nd ref="3675602439" />
    <nd ref="2018788238" />
    <nd ref="2018788160" />
    <nd ref="3675602442" />
    <nd ref="2018788219" />
    <nd ref="2018788252" />
    <nd ref="3675602446" />
    <nd ref="30473162" />
    <nd ref="2018788181" />
    <nd ref="2018788223" />
    <nd ref="2018788202" />
    <nd ref="30520457" />
    <nd ref="30526355" />
    <nd ref="30514545" />
    <nd ref="30527362" />
    <nd ref="2018788196" />
    <nd ref="2018788257" />
    <nd ref="2018788207" />
    <nd ref="30516340" />
    <nd ref="3675602450" />
    <nd ref="2018788193" />
    <nd ref="30523203" />
    <nd ref="3658501384" />
    <nd ref="3505709964" />
    <nd ref="6292452984" />
    <nd ref="3506055044" />
    <nd ref="3506055045" />
    <nd ref="3506067974" />
    <nd ref="3506067975" />
    <nd ref="3506067976" />
    <nd ref="3506067977" />
    <nd ref="4518130104" />
    <nd ref="4518130105" />
    <nd ref="4518632318" />
    <nd ref="4518632319" />
    <nd ref="4518638762" />
    <nd ref="4518638773" />
    <nd ref="4518638772" />
    <nd ref="4518638767" />
    <nd ref="4518638771" />
    <nd ref="4518638768" />
    <nd ref="4518638769" />
    <nd ref="4518638770" />
    <nd ref="4518638764" />
    <nd ref="4518638760" />
    <nd ref="4518632308" />
    <nd ref="4518632310" />
    <nd ref="4518632313" />
    <nd ref="4518632312" />
    <nd ref="4518632309" />
    <nd ref="4518632307" />
    <nd ref="4518638778" />
    <nd ref="4518638779" />
    <nd ref="4518638780" />
    <nd ref="3506055043" />
    <nd ref="3506083539" />
    <nd ref="3506083538" />
    <nd ref="3506055040" />
    <nd ref="3506055042" />
    <nd ref="3506055041" />
    <nd ref="3506055039" />
    <nd ref="3505709963" />
    <nd ref="3505709965" />
    <nd ref="3505709966" />
    <nd ref="3505709968" />
    <nd ref="3505709967" />
    <nd ref="3505709961" />
    <nd ref="3505446398" />
    <nd ref="3505552725" />
    <nd ref="3505552726" />
    <nd ref="12671078849" />
    <nd ref="11270870729" />
    <nd ref="3505446399" />
    <nd ref="3505446400" />
    <nd ref="3505446395" />
    <tag k="landuse" v="industrial" />
  </way>
  <way id="359239144">
    <nd ref="3639943749" />
    <nd ref="3639943752" />
    <nd ref="3639943753" />
    <nd ref="3639943754" />
    <nd ref="3639943755" />
    <nd ref="3643190072" />
    <nd ref="3643190073" />
    <nd ref="3645112131" />
    <nd ref="3672174310" />
    <nd ref="3643152804" />
    <nd ref="3672174311" />
    <nd ref="3645112134" />
    <nd ref="3645165968" />
    <nd ref="3645165969" />
    <nd ref="3673779084" />
    <nd ref="3673878524" />
    <nd ref="3674053825" />
    <nd ref="3674053829" />
    <nd ref="10271226935" />
    <nd ref="10271226937" />
    <nd ref="3674053826" />
    <nd ref="3673878522" />
    <nd ref="3674053827" />
    <nd ref="3674053831" />
    <nd ref="3673880425" />
    <nd ref="3675271148" />
    <nd ref="3673878523" />
    <nd ref="3673779083" />
    <nd ref="3674113031" />
    <nd ref="3675271151" />
    <nd ref="3675271153" />
    <nd ref="3675271154" />
    <nd ref="3675271156" />
    <nd ref="3675271155" />
    <nd ref="3675656029" />
    <nd ref="3675656031" />
    <nd ref="3675656032" />
    <nd ref="3675656030" />
    <nd ref="3675271160" />
    <nd ref="3675271159" />
    <nd ref="3675271158" />
    <nd ref="3675271157" />
    <nd ref="3674113028" />
    <nd ref="3674113032" />
    <nd ref="3674113029" />
    <nd ref="3674113027" />
    <nd ref="3643190074" />
    <nd ref="3644930702" />
    <nd ref="3643190076" />
    <nd ref="3643190077" />
    <nd ref="3639943756" />
    <nd ref="3639960897" />
    <nd ref="3639960896" />
    <nd ref="3639943749" />
    <tag k="landuse" v="residential" />
  </way>
  <way id="359859495">
    <nd ref="3644905103" />
    <nd ref="3644905104" />
    <nd ref="3644905106" />
    <nd ref="3644905107" />
    <nd ref="3644905108" />
    <nd ref="3644905109" />
    <nd ref="3644905111" />
    <nd ref="3644905103" />
    <tag k="landuse" v="residential" />
  </way>
  <way id="359861672">
    <nd ref="3644930694" />
    <nd ref="3644930695" />
    <nd ref="3644930696" />
    <nd ref="3644930697" />
    <nd ref="3644930698" />
    <nd ref="3644930699" />
    <nd ref="3644930700" />
    <nd ref="3644905103" />
    <nd ref="3644905104" />
    <nd ref="3644930701" />
    <nd ref="3644930702" />
    <nd ref="3643190076" />
    <nd ref="3643190077" />
    <nd ref="3639943756" />
    <nd ref="3639960897" />
    <nd ref="3644930703" />
    <nd ref="3644930704" />
    <nd ref="3644930705" />
    <nd ref="3644930706" />
    <nd ref="3644930707" />
    <nd ref="3644945844" />
    <nd ref="10288691060" />
    <nd ref="3644945847" />
    <nd ref="10288691058" />
    <nd ref="3644945845" />
    <nd ref="3644930694" />
    <tag k="landuse" v="commercial" />
  </way>
  <way id="359896723">
    <nd ref="3644930706" />
    <nd ref="2400533352" />
    <nd ref="3645254413" />
    <nd ref="3645254414" />
    <nd ref="3645254415" />
    <nd ref="13818940688" />
    <nd ref="13818940687" />
    <nd ref="3645254416" />
    <nd ref="3645254417" />
    <nd ref="10288691063" />
    <nd ref="10288691062" />
    <nd ref="10288691058" />
    <nd ref="3644945847" />
    <nd ref="10288691060" />
    <nd ref="10288691061" />
    <nd ref="10288691059" />
    <nd ref="3644930706" />
    <tag k="landuse" v="residential" />
  </way>
  <way id="394260004">
    <nd ref="3972951497" />
    <nd ref="3972951494" />
    <nd ref="3972951495" />
    <nd ref="3972951496" />
    <nd ref="3972951500" />
    <nd ref="3972951499" />
    <nd ref="3972951498" />
    <nd ref="3972951497" />
    <tag k="landuse" v="shrubs" />
  </way>
  <way id="463768626">
    <nd ref="4590007851" />
    <nd ref="4590007852" />
    <nd ref="4590007853" />
    <nd ref="4590007854" />
    <nd ref="4590007855" />
    <nd ref="4590007851" />
    <tag k="landuse" v="grass" />
  </way>
  <way id="463768627">
    <nd ref="4590007856" />
    <nd ref="4590007857" />
    <nd ref="4590007858" />
    <nd ref="4590007859" />
    <nd ref="4590007856" />
    <tag k="landuse" v="grass" />
  </way>
  <way id="579625317">
    <nd ref="5550674449" />
    <nd ref="5550674450" />
    <nd ref="5550674451" />
    <nd ref="5550674452" />
    <nd ref="5550674453" />
    <nd ref="5550674454" />
    <nd ref="5550674455" />
    <nd ref="5550674456" />
    <nd ref="5550674457" />
    <nd ref="5550674458" />
    <nd ref="5550674459" />
    <nd ref="5550674460" />
    <nd ref="5550674461" />
    <nd ref="5550674462" />
    <nd ref="5550674463" />
    <nd ref="5550674464" />
    <nd ref="5550674469" />
    <nd ref="5550674468" />
    <nd ref="5550674467" />
    <nd ref="5550674466" />
    <nd ref="5550674465" />
    <nd ref="5550674449" />
    <tag k="landuse" v="residential" />
  </way>
  <way id="808953961">
    <nd ref="7564235765" />
    <nd ref="7564235766" />
    <nd ref="7564235767" />
    <nd ref="7564235768" />
    <nd ref="7564235769" />
    <nd ref="7564235770" />
    <nd ref="7564235765" />
    <tag k="landuse" v="residential" />
  </way>
  <way id="808953964">
    <nd ref="7564235794" />
    <nd ref="7564235795" />
    <nd ref="7564235796" />
    <nd ref="7564235797" />
    <nd ref="7564235798" />
    <nd ref="7564235799" />
    <nd ref="7564235810" />
    <nd ref="7564235800" />
    <nd ref="7564235801" />
    <nd ref="7564235802" />
    <nd ref="7564235803" />
    <nd ref="7564235804" />
    <nd ref="7564235805" />
    <nd ref="7564235806" />
    <nd ref="7564235807" />
    <nd ref="7564235808" />
    <nd ref="7564235809" />
    <nd ref="7564235794" />
    <tag k="landuse" v="residential" />
  </way>
  <way id="808953965">
    <nd ref="7564235811" />
    <nd ref="7564235812" />
    <nd ref="7564235813" />
    <nd ref="7564235814" />
    <nd ref="7564235815" />
    <nd ref="7564235816" />
    <nd ref="7564235817" />
    <nd ref="7564235818" />
    <nd ref="7564235819" />
    <nd ref="7564235826" />
    <nd ref="7564235820" />
    <nd ref="7564235821" />
    <nd ref="7564235822" />
    <nd ref="7564235823" />
    <nd ref="7564235824" />
    <nd ref="7564235825" />
    <nd ref="7564235811" />
    <tag k="landuse" v="residential" />
  </way>
  <way id="808953966">
    <nd ref="7564235827" />
    <nd ref="7564235828" />
    <nd ref="7564235829" />
    <nd ref="7564235830" />
    <nd ref="7564235831" />
    <nd ref="7564235832" />
    <nd ref="7564235833" />
    <nd ref="7564235834" />
    <nd ref="7564235835" />
    <nd ref="7564235836" />
    <nd ref="7564235827" />
    <tag k="landuse" v="residential" />
  </way>
  <way id="808953967">
    <nd ref="7564235837" />
    <nd ref="7564235838" />
    <nd ref="7564235839" />
    <nd ref="7564235840" />
    <nd ref="7564235841" />
    <nd ref="7564235842" />
    <nd ref="7564235843" />
    <nd ref="7564235844" />
    <nd ref="7564235845" />
    <nd ref="7564235846" />
    <nd ref="7564235847" />
    <nd ref="7564235848" />
    <nd ref="7564235849" />
    <nd ref="7564235850" />
    <nd ref="7564235851" />
    <nd ref="7564235852" />
    <nd ref="7564235853" />
    <nd ref="7564235854" />
    <nd ref="7564235855" />
    <nd ref="7564235856" />
    <nd ref="7564235837" />
    <tag k="landuse" v="residential" />
  </way>
  <way id="808953972">
    <nd ref="7564235898" />
    <nd ref="7564235899" />
    <nd ref="7564235900" />
    <nd ref="7564235901" />
    <nd ref="7564235902" />
    <nd ref="7564235903" />
    <nd ref="7564235904" />
    <nd ref="7564235905" />
    <nd ref="7564235906" />
    <nd ref="7564235907" />
    <nd ref="7564235908" />
    <nd ref="7564235909" />
    <nd ref="7564235910" />
    <nd ref="7564235911" />
    <nd ref="7564235912" />
    <nd ref="7564235913" />
    <nd ref="7564235914" />
    <nd ref="7564235915" />
    <nd ref="7564235916" />
    <nd ref="7564235917" />
    <nd ref="7564235898" />
    <tag k="landuse" v="residential" />
  </way>
  <way id="808953973">
    <nd ref="7564235918" />
    <nd ref="7564235919" />
    <nd ref="7564235920" />
    <nd ref="7564235921" />
    <nd ref="7564235922" />
    <nd ref="7564235923" />
    <nd ref="7564235924" />
    <nd ref="7564235925" />
    <nd ref="7564235926" />
    <nd ref="7564235927" />
    <nd ref="7564235918" />
    <tag k="landuse" v="residential" />
  </way>
  <way id="1125094829">
    <nd ref="10288680225" />
    <nd ref="13121851902" />
    <nd ref="13121851903" />
    <nd ref="10288680226" />
    <nd ref="10288680227" />
    <nd ref="13121851904" />
    <nd ref="13121851901" />
    <nd ref="10288680228" />
    <nd ref="10288680225" />
    <tag k="landuse" v="brownfield" />
  </way>
  <way id="1125095028">
    <nd ref="11988832832" />
    <nd ref="10288691074" />
    <nd ref="10288691073" />
    <nd ref="10288691072" />
    <nd ref="10288691069" />
    <nd ref="10288691070" />
    <nd ref="10288691071" />
    <nd ref="10288691064" />
    <nd ref="10288691065" />
    <nd ref="10288691066" />
    <nd ref="10288691067" />
    <nd ref="11988832831" />
    <nd ref="11988832832" />
    <tag k="landuse" v="commercial" />
  </way>
  <way id="1265035630">
    <nd ref="11751957304" />
    <nd ref="11751957305" />
    <nd ref="11751957306" />
    <nd ref="11751957307" />
    <nd ref="11751957304" />
    <tag k="landuse" v="grass" />
  </way>
  <way id="1495918953">
    <nd ref="13704198763" />
    <nd ref="13704198764" />
    <nd ref="13704198765" />
    <nd ref="13704198766" />
    <nd ref="13704198767" />
    <nd ref="13704198771" />
    <nd ref="13704198770" />
    <nd ref="13704198768" />
    <nd ref="13704198769" />
    <nd ref="13704198763" />
    <tag k="denomination" v="anglican" />
    <tag k="landuse" v="religious" />
    <tag k="religion" v="christian" />
  </way>

<note>The data included in this document is from www.openstreetmap.org. The data is made available under ODbL.</note>
<meta osm_base="2026-09-03T09:36:05Z" />

  <node id="32813037" lat="47.5756424" lon="-122.4202069">
    <tag k="source" v="PGS" />
  </node>
  <node id="298261556" lat="47.5965187" lon="-122.3328041" />
  <node id="298261557" lat="47.5962464" lon="-122.3327250" />
  <node id="298261558" lat="47.5962939" lon="-122.3325278" />
  <node id="298261560" lat="47.5963405" lon="-122.3324299" />
  <node id="298261561" lat="47.5964999" lon="-122.3324192" />
  <node id="301905042" lat="47.5763184" lon="-122.4208316" />
  <node id="301905043" lat="47.5760792" lon="-122.4207483" />
  <node id="405094179" lat="47.5907728" lon="-122.3376363" />
  <node id="483339037" lat="47.5763814" lon="-122.4207708" />
  <node id="483339062" lat="47.5764430" lon="-122.4205201" />
  <node id="483339066" lat="47.5763525" lon="-122.4208048" />
  <node id="483339068" lat="47.5761588" lon="-122.4208237" />
  <node id="483339069" lat="47.5762069" lon="-122.4208450" />
  <node id="483339073" lat="47.5761198" lon="-122.4207929" />
  <node id="483339075" lat="47.5762421" lon="-122.4208510" />
  <node id="483339077" lat="47.5762694" lon="-122.4208485" />
  <node id="483339087" lat="47.5761372" lon="-122.4208095" />
  <node id="483339088" lat="47.5759634" lon="-122.4206226" />
  <node id="483339091" lat="47.5757754" lon="-122.4203989" />
  <node id="528510395" lat="47.5791441" lon="-122.3126410">
    <tag k="amenity" v="atm" />
    <tag k="brand" v="Wells Fargo" />
    <tag k="brand:wikidata" v="Q744149" />
    <tag k="check_date" v="2025-03-19" />
    <tag k="name" v="Wells Fargo" />
    <tag k="operator" v="Wells Fargo" />
    <tag k="operator:wikidata" v="Q744149" />
    <tag k="operator:wikipedia" v="en:Wells Fargo" />
  </node>
  <node id="685038907" lat="47.5907923" lon="-122.3430180" />
  <node id="941383648" lat="47.6079576" lon="-122.3153308" />
  <node id="941383649" lat="47.6062947" lon="-122.3153308" />
  <node id="941383650" lat="47.6062947" lon="-122.3142933" />
  <node id="941383651" lat="47.6079576" lon="-122.3143929" />
  <node id="1735873002" lat="47.5790849" lon="-122.3116391">
    <tag k="description" v="Beacon Hill to Federal Way" />
    <tag k="gtfs:feed" v="US-WA-ST" />
    <tag k="gtfs:stop_id" v="99121" />
    <tag k="light_rail" v="yes" />
    <tag k="name" v="Beacon Hill" />
    <tag k="network" v="Link" />
    <tag k="network:wikidata" v="Q2778618" />
    <tag k="network:wikipedia" v="en:Link light rail" />
    <tag k="operator" v="Sound Transit" />
    <tag k="operator:short" v="ST" />
    <tag k="operator:wikidata" v="Q3965367" />
    <tag k="operator:wikipedia" v="en:Sound Transit" />
    <tag k="public_transport" v="stop_position" />
    <tag k="railway" v="stop" />
    <tag k="ref" v="56" />
    <tag k="route_ref" v="1 Line" />
    <tag k="website" v="https://www.soundtransit.org/ride-with-us/stops-stations/beacon-hill-station" />
  </node>
  <node id="1769027267" lat="47.5789458" lon="-122.3120210">
    <tag k="amenity" v="bicycle_parking" />
    <tag k="bicycle_parking" v="stands" />
    <tag k="capacity" v="2" />
    <tag k="covered" v="no" />
    <tag k="fee" v="no" />
    <tag k="note" v="BEACON AVE S 0270 BLOCK SW SIDE ( 103) 26 FT NW/O 16TH AVE S" />
    <tag k="operator" v="SDOT" />
    <tag k="sdot:bike_rack:id" v="BKR-1008" />
    <tag k="start_date" v="2009-02-27" />
  </node>
  <node id="1769027274" lat="47.5800673" lon="-122.3128457">
    <tag k="amenity" v="bicycle_parking" />
    <tag k="capacity" v="2" />
    <tag k="fee" v="no" />
    <tag k="note" v="BEACON AVE S 0251 BLOCK NE SIDE ( 224) 224 FT SE/O 15TH AVE S" />
    <tag k="operator" v="SDOT" />
    <tag k="sdot:bike_rack:id" v="BKR-2184" />
  </node>
  <node id="1769027282" lat="47.5805110" lon="-122.3132550">
    <tag k="amenity" v="bicycle_parking" />
    <tag k="bicycle_parking" v="stands" />
    <tag k="capacity" v="2" />
    <tag k="fee" v="no" />
    <tag k="mapillary" v="309055170717364" />
    <tag k="note" v="BEACON AVE S 0251 BLOCK NE SIDE ( 33) 33 FT SE/O 15TH AVE S" />
    <tag k="operator" v="SDOT" />
    <tag k="sdot:bike_rack:id" v="BKR-1009" />
    <tag k="start_date" v="2009-02-27" />
    <tag k="survey:date" v="2020-01-16" />
  </node>
  <node id="1769027612" lat="47.5968929" lon="-122.3340218">
    <tag k="amenity" v="bicycle_parking" />
    <tag k="bicycle_parking" v="stands" />
    <tag k="capacity" v="2" />
    <tag k="covered" v="no" />
    <tag k="fee" v="no" />
    <tag k="note" v="1ST AVE S 0050 BLOCK E SIDE ( 483) 156 FT N/O RAILROAD WAY S" />
    <tag k="operator" v="SDOT" />
    <tag k="sdot:bike_rack:id" v="BKR-2889" />
  </node>
  <node id="1769027613" lat="47.5969344" lon="-122.3334053">
    <tag k="amenity" v="bicycle_parking" />
    <tag k="bicycle_parking" v="rack" />
    <tag k="capacity" v="2" />
    <tag k="fee" v="no" />
    <tag k="mapillary" v="1755961841413848" />
    <tag k="note" v="OCCIDENTAL AVE S 0050 BLOCK W SIDE ( 472) 472 FT S/O S KING W ST" />
    <tag k="operator" v="SDOT" />
    <tag k="sdot:bike_rack:id" v="BKR-2894" />
    <tag k="survey:date" v="2022-08-23" />
  </node>
  <node id="1769027614" lat="47.5969723" lon="-122.3340217">
    <tag k="amenity" v="bicycle_parking" />
    <tag k="capacity" v="2" />
    <tag k="fee" v="no" />
    <tag k="note" v="1ST AVE S 0050 BLOCK E SIDE ( 454) 185 FT N/O RAILROAD WAY S" />
    <tag k="operator" v="SDOT" />
    <tag k="sdot:bike_rack:id" v="BKR-2834" />
  </node>
  <node id="1769027615" lat="47.5969782" lon="-122.3334051">
    <tag k="amenity" v="bicycle_parking" />
    <tag k="bicycle_parking" v="rack" />
    <tag k="capacity" v="2" />
    <tag k="fee" v="no" />
    <tag k="mapillary" v="1085586679030431" />
    <tag k="note" v="OCCIDENTAL AVE S 0050 BLOCK W SIDE ( 456) 456 FT S/O S KING W ST" />
    <tag k="operator" v="SDOT" />
    <tag k="sdot:bike_rack:id" v="BKR-2833" />
    <tag k="survey:date" v="2022-08-23" />
  </node>
  <node id="1769027616" lat="47.5970467" lon="-122.3334048">
    <tag k="amenity" v="bicycle_parking" />
    <tag k="bicycle_parking" v="rack" />
    <tag k="capacity" v="2" />
    <tag k="fee" v="no" />
    <tag k="mapillary" v="199157472540782" />
    <tag k="note" v="OCCIDENTAL AVE S 0050 BLOCK W SIDE ( 431) 431 FT S/O S KING W ST" />
    <tag k="operator" v="SDOT" />
    <tag k="sdot:bike_rack:id" v="BKR-2820" />
    <tag k="survey:date" v="2022-08-23" />
  </node>
  <node id="1769027618" lat="47.5972069" lon="-122.3360899">
    <tag k="amenity" v="bicycle_parking" />
    <tag k="capacity" v="2" />
    <tag k="fee" v="no" />
    <tag k="note" v="ALASKAN WAY S 0070 BLOCK W SIDE ( 23) 23 FT S/O ALASKAN E RDWY WAY S" />
    <tag k="operator" v="SDOT" />
    <tag k="sdot:bike_rack:id" v="BKR-743" />
  </node>
  <node id="1769027620" lat="47.5972433" lon="-122.3340216">
    <tag k="amenity" v="bicycle_parking" />
    <tag k="bicycle_parking" v="stands" />
    <tag k="capacity" v="2" />
    <tag k="covered" v="no" />
    <tag k="fee" v="no" />
    <tag k="note" v="1ST AVE S 0050 BLOCK E SIDE ( 355) 284 FT N/O RAILROAD WAY S" />
    <tag k="operator" v="SDOT" />
    <tag k="sdot:bike_rack:id" v="BKR-792" />
  </node>
  <node id="1769027631" lat="47.5976511" lon="-122.3340213">
    <tag k="amenity" v="bicycle_parking" />
    <tag k="bicycle_parking" v="stands" />
    <tag k="capacity" v="2" />
    <tag k="covered" v="no" />
    <tag k="fee" v="no" />
    <tag k="note" v="1ST AVE S 0050 BLOCK E SIDE ( 206) 206 FT S/O S KING ST" />
    <tag k="operator" v="SDOT" />
    <tag k="sdot:bike_rack:id" v="BKR-2843" />
  </node>
  <node id="1769027633" lat="47.5977223" lon="-122.3340213">
    <tag k="amenity" v="bicycle_parking" />
    <tag k="bicycle_parking" v="stands" />
    <tag k="capacity" v="2" />
    <tag k="covered" v="no" />
    <tag k="fee" v="no" />
    <tag k="note" v="1ST AVE S 0050 BLOCK E SIDE ( 180) 180 FT S/O S KING ST" />
    <tag k="operator" v="SDOT" />
    <tag k="sdot:bike_rack:id" v="BKR-793" />
  </node>
  <node id="1769027639" lat="47.5982162" lon="-122.3345149">
    <tag k="amenity" v="bicycle_parking" />
    <tag k="bicycle_parking" v="stands" />
    <tag k="capacity" v="4" />
    <tag k="covered" v="no" />
    <tag k="fee" v="no" />
    <tag k="note" v="S KING ST 0006 BLOCK S SIDE ( 177) 82 FT W/O 1ST AVE S" />
    <tag k="operator" v="SDOT" />
    <tag k="sdot:bike_rack:id" v="BKR-2851" />
  </node>
  <node id="1769027644" lat="47.5983705" lon="-122.3337018">
    <tag k="amenity" v="bicycle_parking" />
    <tag k="capacity" v="2" />
    <tag k="fee" v="no" />
    <tag k="note" v="S KING ST 0010 BLOCK N SIDE ( 103) 108 FT W/O OCCIDENTAL W AVE S" />
    <tag k="operator" v="SDOT" />
    <tag k="sdot:bike_rack:id" v="BKR-2830" />
  </node>
  <node id="1769028027" lat="47.6057610" lon="-122.3167117">
    <tag k="amenity" v="bicycle_parking" />
    <tag k="bicycle_parking" v="stands" />
    <tag k="capacity" v="2" />
    <tag k="covered" v="no" />
    <tag k="fee" v="no" />
    <tag k="note" v="12TH AVE 0045 BLOCK E SIDE ( 58) 58 FT N/O E REMINGTON CT" />
    <tag k="operator" v="SDOT" />
    <tag k="sdot:bike_rack:id" v="BKR-367" />
    <tag k="start_date" v="2004-10-12" />
  </node>
  <node id="1769028033" lat="47.6060748" lon="-122.3167116">
    <tag k="amenity" v="bicycle_parking" />
    <tag k="bicycle_parking" v="stands" />
    <tag k="capacity" v="2" />
    <tag k="covered" v="no" />
    <tag k="fee" v="no" />
    <tag k="mapillary" v="829308074602208" />
    <tag k="note" v="12TH AVE 0045 BLOCK E SIDE ( 173) 33 FT S/O E JEFFERSON ST" />
    <tag k="operator" v="SDOT" />
    <tag k="sdot:bike_rack:id" v="BKR-1234" />
    <tag k="survey:date" v="2020-01-19" />
  </node>
  <node id="1769028068" lat="47.6070883" lon="-122.3167155">
    <tag k="amenity" v="bicycle_parking" />
    <tag k="bicycle_parking" v="stands" />
    <tag k="capacity" v="6" />
    <tag k="covered" v="no" />
    <tag k="fee" v="no" />
    <tag k="note" v="12TH AVE 0055 BLOCK E SIDE ( 45) 45 FT N/O E BARCLAY CT" />
    <tag k="operator" v="SDOT" />
    <tag k="sdot:bike_rack:id" v="BKR-1163" />
  </node>
  <node id="2323884674" lat="47.5760433" lon="-122.4194709">
    <tag k="barrier" v="gate" />
    <tag k="locked" v="yes" />
  </node>
  <node id="2351724004" lat="47.5986728" lon="-122.3344227">
    <tag k="addr:city" v="Seattle" />
    <tag k="addr:housenumber" v="415" />
    <tag k="addr:postcode" v="98104" />
    <tag k="addr:state" v="WA" />
    <tag k="addr:street" v="1st Avenue South" />
    <tag k="amenity" v="events_venue" />
    <tag k="name" v="Bledsoe Family Winery" />
    <tag k="phone" v="+1-509-792-3510" />
    <tag k="source" v="Pioneer Square Association;King County GIS;data.seattle.gov" />
  </node>
  <node id="2351724006" lat="47.5985061" lon="-122.3344257">
    <tag k="addr:city" v="Seattle" />
    <tag k="addr:housenumber" v="421" />
    <tag k="addr:postcode" v="98104" />
    <tag k="addr:state" v="WA" />
    <tag k="addr:street" v="1st Avenue South" />
    <tag k="amenity" v="bar" />
    <tag k="check_date" v="2026-04-26" />
    <tag k="contact:email" v="info@cowgirlsinc.com" />
    <tag k="name" v="Cowgirls Inc" />
    <tag k="outdoor_seating" v="yes" />
    <tag k="phone" v="+1-206-340-0777" />
    <tag k="source" v="Pioneer Square Association;King County GIS;data.seattle.gov" />
    <tag k="website" v="https://www.cowgirlsinc.com/" />
  </node>
  <node id="2351730631" lat="47.5979000" lon="-122.3339380">
    <tag k="addr:city" v="Seattle" />
    <tag k="addr:housenumber" v="512" />
    <tag k="addr:postcode" v="98104" />
    <tag k="addr:state" v="WA" />
    <tag k="addr:street" v="1st Avenue South" />
    <tag k="check_date" v="2026-04-26" />
    <tag k="name" v="ArtX Contemporary" />
    <tag k="opening_hours" v="Tu-Sa 11:00-17:30" />
    <tag k="phone" v="+1-206-839-0377" />
    <tag k="shop" v="art" />
    <tag k="source" v="Pioneer Square Association;King County GIS;data.seattle.gov" />
  </node>
  <node id="2351730633" lat="47.5978334" lon="-122.3339380">
    <tag k="addr:city" v="Seattle" />
    <tag k="addr:housenumber" v="520" />
    <tag k="addr:postcode" v="98104" />
    <tag k="addr:state" v="WA" />
    <tag k="addr:street" v="1st Avenue South" />
    <tag k="check_date" v="2026-04-26" />
    <tag k="name" v="Gallery B612" />
    <tag k="shop" v="art" />
    <tag k="source" v="Pioneer Square Association;King County GIS;data.seattle.gov" />
    <tag k="website" v="https://www.galleryb612.com/" />
  </node>
  <node id="2351730634" lat="47.5977476" lon="-122.3339390">
    <tag k="addr:city" v="Seattle" />
    <tag k="addr:housenumber" v="524" />
    <tag k="addr:postcode" v="98104" />
    <tag k="addr:state" v="WA" />
    <tag k="addr:street" v="1st Avenue South" />
    <tag k="amenity" v="cafe" />
    <tag k="check_date" v="2026-06-24" />
    <tag k="name" v="Day Made Kaffe" />
    <tag k="source" v="Pioneer Square Association;King County GIS;data.seattle.gov" />
  </node>
  <node id="2351730638" lat="47.5975122" lon="-122.3339420">
    <tag k="addr:city" v="Seattle" />
    <tag k="addr:housenumber" v="530" />
    <tag k="addr:postcode" v="98104" />
    <tag k="addr:state" v="WA" />
    <tag k="addr:street" v="1st Avenue South" />
    <tag k="check_date" v="2026-04-26" />
    <tag k="name" v="Azuma Gallery" />
    <tag k="phone" v="+1-206-622-5599" />
    <tag k="shop" v="art" />
    <tag k="source" v="Pioneer Square Association;King County GIS;data.seattle.gov" />
  </node>
  <node id="2351730647" lat="47.5969985" lon="-122.3339290">
    <tag k="addr:city" v="Seattle" />
    <tag k="addr:housenumber" v="542" />
    <tag k="addr:postcode" v="98104" />
    <tag k="addr:state" v="WA" />
    <tag k="addr:street" v="1st Avenue South" />
    <tag k="addr:unit" v="B" />
    <tag k="amenity" v="restaurant" />
    <tag k="check_date" v="2026-04-26" />
    <tag k="name" v="Elysian Fields" />
    <tag k="phone" v="+1-206-382-4498" />
    <tag k="source" v="Pioneer Square Association;King County GIS;data.seattle.gov" />
  </node>
  <node id="2351730658" lat="47.5965745" lon="-122.3339381">
    <tag k="addr:city" v="Seattle" />
    <tag k="addr:housenumber" v="558" />
    <tag k="addr:postcode" v="98104" />
    <tag k="addr:state" v="WA" />
    <tag k="addr:street" v="1st Avenue South" />
    <tag k="name" v="Beast Mode Apparel" />
    <tag k="opening_hours" v="Mo-Sa 11:00-19:00" />
    <tag k="phone" v="+1-206-519-7960" />
    <tag k="shop" v="clothes" />
    <tag k="website" v="https://www.beastmodeonline.com/" />
  </node>
  <node id="2351730662" lat="47.5964522" lon="-122.3339400">
    <tag k="addr:city" v="Seattle" />
    <tag k="addr:housenumber" v="562" />
    <tag k="addr:postcode" v="98104" />
    <tag k="addr:state" v="WA" />
    <tag k="addr:street" v="1st Avenue South" />
    <tag k="check_date" v="2026-04-26" />
    <tag k="name" v="Howell Pells Gallery" />
    <tag k="source" v="Pioneer Square Association;King County GIS;data.seattle.gov" />
    <tag k="tourism" v="gallery" />
  </node>
  <node id="2351730670" lat="47.5963150" lon="-122.3339420">
    <tag k="addr:city" v="Seattle" />
    <tag k="addr:housenumber" v="570" />
    <tag k="addr:postcode" v="98104" />
    <tag k="addr:state" v="WA" />
    <tag k="addr:street" v="1st Avenue South" />
    <tag k="check_date" v="2026-04-26" />
    <tag k="name" v="Dainese" />
    <tag k="shop" v="motorcycle" />
    <tag k="source" v="Pioneer Square Association;King County GIS;data.seattle.gov" />
  </node>
  <node id="2351730682" lat="47.5981435" lon="-122.3345010">
    <tag k="addr:city" v="Seattle" />
    <tag k="addr:housenumber" v="83" />
    <tag k="addr:postcode" v="98104" />
    <tag k="addr:state" v="WA" />
    <tag k="addr:street" v="South King Street" />
    <tag k="amenity" v="cafe" />
    <tag k="check_date" v="2026-04-26" />
    <tag k="name" v="Friend Museum" />
    <tag k="shop" v="clothes" />
  </node>
  <node id="2373886271" lat="47.5808730" lon="-122.3132425">
    <tag k="addr:city" v="Seattle" />
    <tag k="addr:housenumber" v="2500" />
    <tag k="addr:postcode" v="98144" />
    <tag k="addr:state" v="WA" />
    <tag k="addr:street" v="15th Avenue South" />
    <tag k="check_date" v="2024-08-24" />
    <tag k="name" v="La Esperanza Mercado y Carniceria" />
    <tag k="shop" v="supermarket" />
    <tag k="source" v="King County GIS;data.seattle.gov" />
  </node>
  <node id="2375303472" lat="47.6064051" lon="-122.3159671">
    <tag k="addr:city" v="Seattle" />
    <tag k="addr:housenumber" v="1212" />
    <tag k="addr:postcode" v="98122" />
    <tag k="addr:state" v="WA" />
    <tag k="addr:street" v="East Jefferson Street" />
    <tag k="amenity" v="bar" />
    <tag k="checked_exists:date" v="2016-06-11" />
    <tag k="cuisine" v="jamaican" />
    <tag k="name" v="Red Lounge" />
    <tag k="source" v="King County GIS;data.seattle.gov" />
  </node>
  <node id="2375303474" lat="47.6063169" lon="-122.3157500">
    <tag k="addr:city" v="Seattle" />
    <tag k="addr:housenumber" v="1220" />
    <tag k="addr:postcode" v="98122" />
    <tag k="addr:state" v="WA" />
    <tag k="addr:street" v="East Jefferson Street" />
    <tag k="name" v="Peloton Cafe &amp; Bike Shop" />
    <tag k="not:brand:wikidata" v="Q56276186" />
    <tag k="opening_hours" v="Sa-Mo 09:00-14:00; Tu-Fr 09:00-21:00" />
    <tag k="payment:cash" v="yes" />
    <tag k="payment:credit_cards" v="yes" />
    <tag k="phone" v="+1-206-569-4265" />
    <tag k="service:bicycle:pump" v="yes" />
    <tag k="service:bicycle:repair" v="yes" />
    <tag k="service:bicycle:retail" v="yes" />
    <tag k="shop" v="bicycle" />
    <tag k="source" v="King County GIS;data.seattle.gov" />
    <tag k="website" v="https://www.pelotonseattle.com/" />
  </node>
  <node id="2375303480" lat="47.6063134" lon="-122.3156535">
    <tag k="addr:city" v="Seattle" />
    <tag k="addr:housenumber" v="1224" />
    <tag k="addr:postcode" v="98122" />
    <tag k="addr:state" v="WA" />
    <tag k="addr:street" v="East Jefferson Street" />
    <tag k="amenity" v="cafe" />
    <tag k="check_date" v="2023-07-17" />
    <tag k="description" v="Bright eatery/bicycle repair shop for upscale eats, coffee &amp; beer, plus bike tune-ups." />
    <tag k="diet:vegan" v="yes" />
    <tag k="diet:vegetarian" v="yes" />
    <tag k="internet_access" v="wlan" />
    <tag k="internet_access:fee" v="no" />
    <tag k="name" v="Peloton Cafe" />
    <tag k="opening_hours" v="We-Fr 09:00-20:00; Sa, Su 09:00-14:00" />
    <tag k="outdoor_seating" v="yes" />
    <tag k="phone" v="+1-206-569-4265" />
    <tag k="source" v="King County GIS;data.seattle.gov" />
    <tag k="toilets" v="yes" />
    <tag k="toilets:wheelchair" v="no" />
    <tag k="website" v="https://www.pelotonseattle.com/" />
  </node>
  <node id="2375303497" lat="47.6064792" lon="-122.3164883">
    <tag k="addr:city" v="Seattle" />
    <tag k="addr:housenumber" v="506" />
    <tag k="addr:postcode" v="98122" />
    <tag k="addr:state" v="WA" />
    <tag k="addr:street" v="12th Avenue" />
    <tag k="amenity" v="clinic" />
    <tag k="check_date" v="2025-03-06" />
    <tag k="checked_exists:date" v="2016-06-11" />
    <tag k="healthcare" v="clinic" />
    <tag k="name" v="MTI Physical Therapy" />
    <tag k="source" v="King County GIS;data.seattle.gov" />
    <tag k="website" v="https://mtipt.com/" />
  </node>
  <node id="2375303500" lat="47.6064854" lon="-122.3156251">
    <tag k="addr:city" v="Seattle" />
    <tag k="addr:housenumber" v="509" />
    <tag k="addr:postcode" v="98122" />
    <tag k="addr:state" v="WA" />
    <tag k="addr:street" v="13th Avenue" />
    <tag k="name" v="Mitten Sweets &amp; Coffee" />
    <tag k="opening_hours" v="Tu-Su 10:00-17:00" />
    <tag k="phone" v="+1-206-402-6504" />
    <tag k="shop" v="pastry" />
    <tag k="source" v="King County GIS;data.seattle.gov" />
    <tag k="website" v="https://www.mittensweetsandcoffee.com/" />
  </node>
  <node id="2375318773" lat="47.6060688" lon="-122.3159174">
    <tag k="addr:city" v="Seattle" />
    <tag k="addr:housenumber" v="1219" />
    <tag k="addr:postcode" v="98122" />
    <tag k="addr:state" v="WA" />
    <tag k="addr:street" v="East Jefferson Street" />
    <tag k="amenity" v="restaurant" />
    <tag k="check_date" v="2023-07-17" />
    <tag k="checked_exists:date" v="2016-06-11" />
    <tag k="cuisine" v="ethiopian" />
    <tag k="name" v="Zobel" />
    <tag k="phone" v="+1-206-323-1408" />
    <tag k="source" v="King County GIS;data.seattle.gov" />
    <tag k="website" v="http://zobelrestaurant.com" />
  </node>
  <node id="2375445278" lat="47.6056223" lon="-122.3169473" />
  <node id="2514639174" lat="47.5982118" lon="-122.3346860">
    <tag k="access" v="yes" />
    <tag k="amenity" v="post_box" />
    <tag k="collection_times" v="Mo-Fr 14:30" />
    <tag k="drive_through" v="no" />
    <tag k="operator" v="United States Postal Service" />
    <tag k="operator:short" v="USPS" />
    <tag k="operator:type" v="public" />
    <tag k="operator:website" v="https://www.usps.com" />
    <tag k="operator:wikidata" v="Q668687" />
    <tag k="operator:wikipedia" v="en:United States Postal Service" />
    <tag k="post_box:type" v="pillar" />
    <tag k="ref" v="9810401615" />
    <tag k="short_name" v="USPS" />
  </node>
  <node id="2672010597" lat="47.5793417" lon="-122.3115716">
    <tag k="access" v="yes" />
    <tag k="amenity" v="bicycle_parking" />
    <tag k="bicycle_parking" v="stands" />
    <tag k="capacity" v="24" />
    <tag k="covered" v="no" />
    <tag k="operator" v="Sound Transit" />
    <tag k="operator:type" v="government" />
  </node>
  <node id="2672010608" lat="47.5793740" lon="-122.3115713">
    <tag k="access" v="customers" />
    <tag k="amenity" v="bicycle_parking" />
    <tag k="bicycle_parking" v="lockers" />
    <tag k="capacity" v="4" />
    <tag k="covered" v="yes" />
    <tag k="fee" v="yes" />
    <tag k="operator" v="Sound Transit" />
    <tag k="operator:type" v="government" />
    <tag k="payment:cards" v="yes" />
  </node>
  <node id="2812613478" lat="47.5791413" lon="-122.3125235">
    <tag k="access" v="customers" />
    <tag k="amenity" v="bicycle_parking" />
    <tag k="bicycle_parking" v="rack" />
    <tag k="capacity" v="10" />
    <tag k="operator" v="Hilltop Red Apple" />
    <tag k="operator:type" v="private" />
  </node>
  <node id="2998910835" lat="47.5976347" lon="-122.3327830">
    <tag k="amenity" v="car_sharing" />
    <tag k="brand" v="Zipcar" />
    <tag k="brand:wikidata" v="Q1069924" />
    <tag k="name" v="Zipcar" />
    <tag k="operator" v="Zipcar" />
    <tag k="operator:type" v="private" />
    <tag k="operator:wikidata" v="Q1069924" />
    <tag k="operator:wikipedia" v="en:Zipcar" />
  </node>
  <node id="2998910836" lat="47.5976029" lon="-122.3330155">
    <tag k="addr:city" v="Seattle" />
    <tag k="addr:housenumber" v="540" />
    <tag k="addr:postcode" v="98104" />
    <tag k="addr:state" v="WA" />
    <tag k="addr:street" v="Occidental Avenue South" />
    <tag k="name" v="Gameday Sports Shop" />
    <tag k="shop" v="clothes" />
    <tag k="source:addr:id" v="1077254" />
    <tag k="website" v="https://officialteamshop.com/" />
  </node>
  <node id="2998927334" lat="47.5971501" lon="-122.3330714">
    <tag k="amenity" v="bicycle_parking" />
    <tag k="bicycle_parking" v="rack" />
    <tag k="capacity" v="26" />
    <tag k="covered" v="no" />
    <tag k="lit" v="no" />
    <tag k="surface" v="concrete" />
  </node>
  <node id="2998933054" lat="47.5755032" lon="-122.4199947" />
  <node id="2998933056" lat="47.5765414" lon="-122.4203368" />
  <node id="2998933059" lat="47.5755603" lon="-122.4200895" />
  <node id="3006173124" lat="47.5977190" lon="-122.3330995">
    <tag k="addr:city" v="Seattle" />
    <tag k="addr:housenumber" v="530" />
    <tag k="addr:postcode" v="98104" />
    <tag k="addr:state" v="WA" />
    <tag k="addr:street" v="Occidental Avenue South" />
    <tag k="amenity" v="parking_entrance" />
    <tag k="maxheight" v="6'8&quot;" />
    <tag k="parking" v="multi-storey" />
    <tag k="source:addr:id" v="1077253" />
  </node>
  <node id="3008802267" lat="47.5804338" lon="-122.3136133">
    <tag k="addr:city" v="Seattle" />
    <tag k="addr:housenumber" v="2521" />
    <tag k="addr:postcode" v="98144" />
    <tag k="addr:state" v="WA" />
    <tag k="addr:street" v="15th Avenue South" />
    <tag k="amenity" v="restaurant" />
    <tag k="cuisine" v="poke" />
    <tag k="indoor_seating" v="yes" />
    <tag k="name" v="Hiroshi's" />
    <tag k="outdoor_seating" v="no" />
    <tag k="source:addr:id" v="1053900" />
  </node>
  <node id="3126913072" lat="47.5910397" lon="-122.3374721" />
  <node id="3126913073" lat="47.5912027" lon="-122.3376158" />
  <node id="3126913074" lat="47.5915719" lon="-122.3374890" />
  <node id="3126913075" lat="47.5933074" lon="-122.3366543" />
  <node id="3126913076" lat="47.5937222" lon="-122.3363096" />
  <node id="3126913077" lat="47.5940879" lon="-122.3362657" />
  <node id="3126913078" lat="47.5944492" lon="-122.3362488" />
  <node id="3126913079" lat="47.5968694" lon="-122.3361981" />
  <node id="3126913080" lat="47.5981512" lon="-122.3362133" />
  <node id="3126913081" lat="47.5984167" lon="-122.3361931" />
  <node id="3126913082" lat="47.5984486" lon="-122.3361525" />
  <node id="3126913083" lat="47.5991299" lon="-122.3361474" />
  <node id="3126913084" lat="47.5991305" lon="-122.3366672" />
  <node id="3126913085" lat="47.5991142" lon="-122.3373452" />
  <node id="3126913086" lat="47.5990560" lon="-122.3373413" />
  <node id="3126913087" lat="47.5990673" lon="-122.3400209" />
  <node id="3126913088" lat="47.5990357" lon="-122.3400956" />
  <node id="3126913089" lat="47.5912681" lon="-122.3430379" />
  <node id="3401278380" lat="47.5790208" lon="-122.3117744" />
  <node id="3401278381" lat="47.5791116" lon="-122.3115316" />
  <node id="3401278382" lat="47.5792282" lon="-122.3114062" />
  <node id="3401278383" lat="47.5791425" lon="-122.3115316" />
  <node id="3401278389" lat="47.5792282" lon="-122.3112419" />
  <node id="3401278390" lat="47.5793682" lon="-122.3120915" />
  <node id="3401279293" lat="47.5793862" lon="-122.3120871" />
  <node id="3401279294" lat="47.5793988" lon="-122.3120574" />
  <node id="3401279295" lat="47.5793979" lon="-122.3112388" />
  <node id="3404421840" lat="47.5792531" lon="-122.3118619">
    <tag k="check_date:wheelchair" v="2023-12-06" />
    <tag k="name" v="Beacon Hill" />
    <tag k="railway" v="subway_entrance" />
    <tag k="wheelchair" v="yes" />
  </node>
  <node id="3404835294" lat="47.5792451" lon="-122.3123255">
    <tag k="bench" v="yes" />
    <tag k="bin" v="yes" />
    <tag k="gtfs:stop_id:US-WA-KCM" v="3810" />
    <tag k="highway" v="bus_stop" />
    <tag k="lit" v="yes" />
    <tag k="name" v="Beacon Avenue South &amp; South Lander Street" />
    <tag k="network" v="King County Metro" />
    <tag k="network:short" v="KCM" />
    <tag k="network:wikidata" v="Q6411393" />
    <tag k="network:wikipedia" v="en:King County Metro" />
    <tag k="operator" v="King County Metro" />
    <tag k="operator:short" v="KCM" />
    <tag k="operator:wikidata" v="Q6411393" />
    <tag k="operator:wikipedia" v="en:King County Metro" />
    <tag k="public_transport" v="platform" />
    <tag k="ref" v="3810" />
    <tag k="route_ref" v="36;60;107" />
    <tag k="shelter" v="yes" />
    <tag k="tactile_paving" v="no" />
    <tag k="trolleybus" v="yes" />
    <tag k="wheelchair" v="yes" />
  </node>
  <node id="3404835493" lat="47.5792608" lon="-122.3120481">
    <tag k="bench" v="yes" />
    <tag k="bin" v="yes" />
    <tag k="gtfs:stop_id:US-WA-KCM" v="3470" />
    <tag k="highway" v="bus_stop" />
    <tag k="lit" v="yes" />
    <tag k="name" v="Beacon Avenue South &amp; South Lander Street" />
    <tag k="network" v="King County Metro" />
    <tag k="network:short" v="KCM" />
    <tag k="network:wikidata" v="Q6411393" />
    <tag k="network:wikipedia" v="en:King County Metro" />
    <tag k="operator" v="King County Metro" />
    <tag k="operator:short" v="KCM" />
    <tag k="operator:wikidata" v="Q6411393" />
    <tag k="operator:wikipedia" v="en:King County Metro" />
    <tag k="public_transport" v="platform" />
    <tag k="ref" v="3470" />
    <tag k="route_ref" v="36;60" />
    <tag k="shelter" v="yes" />
    <tag k="tactile_paving" v="no" />
    <tag k="trolleybus" v="yes" />
    <tag k="wheelchair" v="yes" />
  </node>
  <node id="3404835495" lat="47.5805139" lon="-122.3131255">
    <tag k="addr:city" v="Seattle" />
    <tag k="addr:housenumber" v="2518" />
    <tag k="addr:postcode" v="98144" />
    <tag k="addr:state" v="WA" />
    <tag k="addr:street" v="Beacon Avenue South" />
    <tag k="amenity" v="restaurant" />
    <tag k="check_date" v="2023-08-02" />
    <tag k="cuisine" v="chinese;tapas" />
    <tag k="name" v="Golden Daisy" />
  </node>
  <node id="3404835496" lat="47.5802017" lon="-122.3128150">
    <tag k="addr:housenumber" v="2528" />
    <tag k="addr:state" v="WA" />
    <tag k="addr:unit" v="B" />
    <tag k="amenity" v="place_of_worship" />
    <tag k="fixme" v="Is this still open?" />
    <tag k="name" v="Amor Spiritual Center" />
    <tag k="website" v="https://www.amorspiritualcenter.com/" />
  </node>
  <node id="3404835593" lat="47.5795686" lon="-122.3129845">
    <tag k="amenity" v="atm" />
    <tag k="check_date" v="2025-09-10" />
    <tag k="operator" v="Bank of America" />
  </node>
  <node id="3641371797" lat="47.5970784" lon="-122.3330833">
    <tag k="amenity" v="recycling" />
    <tag k="recycling_type" v="container" />
  </node>
  <node id="3641371901" lat="47.5973410" lon="-122.3330802">
    <tag k="amenity" v="waste_basket" />
  </node>
  <node id="3641371902" lat="47.5973041" lon="-122.3330841">
    <tag k="amenity" v="recycling" />
    <tag k="recycling_type" v="container" />
  </node>
  <node id="3641371903" lat="47.5970690" lon="-122.3330819">
    <tag k="amenity" v="waste_basket" />
  </node>
  <node id="3643230629" lat="47.5965223" lon="-122.3325848" />
  <node id="3750983093" lat="47.5794450" lon="-122.3119085">
    <tag k="description" v="Beacon Hill to Lynnwood" />
    <tag k="gtfs:feed" v="US-WA-ST" />
    <tag k="gtfs:stop_id" v="99240" />
    <tag k="light_rail" v="yes" />
    <tag k="name" v="Beacon Hill" />
    <tag k="network" v="Link" />
    <tag k="network:wikidata" v="Q2778618" />
    <tag k="network:wikipedia" v="en:Link light rail" />
    <tag k="operator" v="Sound Transit" />
    <tag k="operator:short" v="ST" />
    <tag k="operator:wikidata" v="Q3965367" />
    <tag k="operator:wikipedia" v="en:Sound Transit" />
    <tag k="public_transport" v="stop_position" />
    <tag k="railway" v="stop" />
    <tag k="ref" v="56" />
    <tag k="route_ref" v="1 Line" />
    <tag k="website" v="https://www.soundtransit.org/ride-with-us/stops-stations/beacon-hill-station" />
  </node>
  <node id="3986999060" lat="47.6075434" lon="-122.3165760">
    <tag k="addr:city" v="Seattle" />
    <tag k="addr:housenumber" v="1223" />
    <tag k="addr:postcode" v="98122" />
    <tag k="addr:state" v="WA" />
    <tag k="addr:street" v="East Cherry Street" />
    <tag k="addr:unit" v="C121B" />
    <tag k="amenity" v="cafe" />
    <tag k="check_date" v="2024-07-10" />
    <tag k="cuisine" v="coffee_shop" />
    <tag k="name" v="Boon Boona Coffee" />
    <tag k="opening_hours" v="Mo-Su 08:00-17:00" />
    <tag k="outdoor_seating" v="yes" />
    <tag k="phone" v="+1-206-328-5829" />
    <tag k="website" v="https://www.boonboonacoffee.com/" />
  </node>
  <node id="4238675991" lat="47.6066015" lon="-122.3165338">
    <tag k="access" v="customers" />
    <tag k="amenity" v="parking" />
    <tag k="parking" v="surface" />
  </node>
  <node id="4238675992" lat="47.6078521" lon="-122.3143929" />
  <node id="4238680692" lat="47.6076870" lon="-122.3165765">
    <tag k="addr:city" v="Seattle" />
    <tag k="addr:housenumber" v="1223" />
    <tag k="addr:postcode" v="98122" />
    <tag k="addr:state" v="WA" />
    <tag k="addr:street" v="East Cherry Street" />
    <tag k="addr:unit" v="C121A" />
    <tag k="amenity" v="fast_food" />
    <tag k="check_date" v="2025-03-06" />
    <tag k="cuisine" v="mexican" />
    <tag k="diet:vegan" v="yes" />
    <tag k="diet:vegetarian" v="yes" />
    <tag k="name" v="Carmelo’s Tacos" />
  </node>
  <node id="4238680693" lat="47.6062557" lon="-122.3172400">
    <tag k="amenity" v="waste_basket" />
  </node>
  <node id="4238680791" lat="47.6071823" lon="-122.3165487">
    <tag k="amenity" v="bicycle_parking" />
    <tag k="bicycle_parking" v="stands" />
    <tag k="capacity" v="12" />
    <tag k="check_date" v="2025-11-22" />
    <tag k="check_date:capacity" v="2025-11-22" />
    <tag k="covered" v="no" />
    <tag k="mapillary" v="487303092494742" />
  </node>
  <node id="4238691291" lat="47.6061445" lon="-122.3165900">
    <tag k="amenity" v="post_box" />
    <tag k="operator" v="United States Postal Service" />
    <tag k="operator:short" v="USPS" />
    <tag k="operator:type" v="public" />
    <tag k="operator:website" v="https://www.usps.com" />
    <tag k="operator:wikidata" v="Q668687" />
    <tag k="operator:wikipedia" v="en:United States Postal Service" />
    <tag k="short_name" v="USPS" />
  </node>
  <node id="4238692289" lat="47.6073281" lon="-122.3164349">
    <tag k="amenity" v="waste_basket" />
    <tag k="check_date" v="2024-12-20" />
  </node>
  <node id="4238692290" lat="47.6061280" lon="-122.3163949">
    <tag k="bench" v="yes" />
    <tag k="bin" v="yes" />
    <tag k="covered" v="yes" />
    <tag k="gtfs:stop_id:US-WA-KCM" v="12950" />
    <tag k="highway" v="bus_stop" />
    <tag k="lit" v="no" />
    <tag k="name" v="East Jefferson Street &amp; 12th Avenue" />
    <tag k="network" v="King County Metro" />
    <tag k="network:short" v="KCM" />
    <tag k="network:wikidata" v="Q6411393" />
    <tag k="operator" v="King County Metro" />
    <tag k="operator:short" v="KCM" />
    <tag k="operator:wikidata" v="Q6411393" />
    <tag k="operator:wikipedia" v="en:King County Metro" />
    <tag k="public_transport" v="platform" />
    <tag k="ref" v="12950" />
    <tag k="route_ref" v="3;4;193;303" />
    <tag k="tactile_paving" v="no" />
    <tag k="trolleybus" v="yes" />
    <tag k="wheelchair" v="yes" />
  </node>
  <node id="4238692389" lat="47.6073512" lon="-122.3164430">
    <tag k="amenity" v="recycling" />
    <tag k="recycling_type" v="container" />
  </node>
  <node id="4238692390" lat="47.6062971" lon="-122.3171803">
    <tag k="bench" v="yes" />
    <tag k="bin" v="yes" />
    <tag k="covered" v="yes" />
    <tag k="gtfs:stop_id:US-WA-KCM" v="12840" />
    <tag k="highway" v="bus_stop" />
    <tag k="lit" v="no" />
    <tag k="name" v="East Jefferson Street &amp; 12th Avenue" />
    <tag k="network" v="King County Metro" />
    <tag k="network:short" v="KCM" />
    <tag k="network:wikidata" v="Q6411393" />
    <tag k="operator" v="King County Metro" />
    <tag k="operator:short" v="KCM" />
    <tag k="operator:wikidata" v="Q6411393" />
    <tag k="operator:wikipedia" v="en:King County Metro" />
    <tag k="public_transport" v="platform" />
    <tag k="ref" v="12840" />
    <tag k="route_ref" v="3;4;193;303" />
    <tag k="tactile_paving" v="no" />
    <tag k="trolleybus" v="yes" />
    <tag k="wheelchair" v="yes" />
  </node>
  <node id="4238692391" lat="47.6078521" lon="-122.3142933" />
  <node id="4238692589" lat="47.6062580" lon="-122.3158341">
    <tag k="access" v="yes" />
    <tag k="amenity" v="bicycle_parking" />
    <tag k="bicycle_parking" v="stands" />
    <tag k="bike_ride" v="no" />
    <tag k="capacity" v="12" />
    <tag k="covered" v="no" />
    <tag k="fee" v="no" />
    <tag k="indoor" v="no" />
    <tag k="lit" v="no" />
  </node>
  <node id="4239840196" lat="47.6077894" lon="-122.3169920">
    <tag k="amenity" v="bicycle_parking" />
    <tag k="bicycle_parking" v="rack" />
    <tag k="capacity" v="4" />
    <tag k="covered" v="no" />
  </node>
  <node id="4239840198" lat="47.6079589" lon="-122.3171181">
    <tag k="amenity" v="recycling" />
    <tag k="operator" v="Seattle University" />
    <tag k="operator:wikidata" v="Q615873" />
    <tag k="recycling:organic" v="yes" />
    <tag k="recycling_type" v="container" />
    <tag k="website" v="https://seattleu.edu/cejs/sustainability/what-su-is-doing/compost/" />
  </node>
  <node id="4239840199" lat="47.6079590" lon="-122.3171104">
    <tag k="amenity" v="recycling" />
    <tag k="operator" v="Seattle University" />
    <tag k="operator:wikidata" v="Q615873" />
    <tag k="recycling:organic" v="no" />
    <tag k="recycling_type" v="container" />
    <tag k="website" v="https://seattleu.edu/cejs/sustainability/what-su-is-doing/compost/" />
  </node>
  <node id="4239840200" lat="47.6079595" lon="-122.3171029">
    <tag k="amenity" v="waste_basket" />
    <tag k="operator" v="Seattle University" />
  </node>
  <node id="4330170860" lat="47.5768303" lon="-122.4189836">
    <tag k="amenity" v="public_bookcase" />
  </node>
  <node id="4330170861" lat="47.5759225" lon="-122.4194741">
    <tag k="barrier" v="gate" />
    <tag k="locked" v="yes" />
  </node>
  <node id="4330170862" lat="47.5761065" lon="-122.4194692" />
  <node id="4330170863" lat="47.5758707" lon="-122.4194755" />
  <node id="4343694775" lat="47.6072639" lon="-122.3164867">
    <tag k="artist_name" v="Ellen Sollod" />
    <tag k="artwork_type" v="sculpture" />
    <tag k="name" v="Cloud Veil" />
    <tag k="tourism" v="artwork" />
  </node>
  <node id="4542443611" lat="47.5963129" lon="-122.3324835" />
  <node id="4542443612" lat="47.5964212" lon="-122.3324225" />
  <node id="4542443613" lat="47.5965232" lon="-122.3326653" />
  <node id="4560893267" lat="47.6062084" lon="-122.3171806">
    <tag k="bus" v="yes" />
    <tag k="gtfs:stop_id:US-WA-KCM" v="12840" />
    <tag k="name" v="East Jefferson Street &amp; 12th Avenue" />
    <tag k="public_transport" v="stop_position" />
    <tag k="ref" v="12840" />
  </node>
  <node id="4560893269" lat="47.6062061" lon="-122.3163941">
    <tag k="bus" v="yes" />
    <tag k="gtfs:stop_id:US-WA-KCM" v="12950" />
    <tag k="name" v="East Jefferson Street &amp; 12th Avenue" />
    <tag k="public_transport" v="stop_position" />
    <tag k="ref" v="12950" />
  </node>
  <node id="4794092192" lat="47.6079746" lon="-122.3160801">
    <tag k="access" v="yes" />
    <tag k="amenity" v="bicycle_parking" />
    <tag k="bicycle_parking" v="stands" />
    <tag k="capacity" v="5" />
    <tag k="check_date" v="2024-12-18" />
    <tag k="covered" v="no" />
  </node>
  <node id="5118095240" lat="47.5907741" lon="-122.3386449" />
  <node id="5425994294" lat="47.5795449" lon="-122.3118820">
    <tag k="addr:city" v="Seattle" />
    <tag k="addr:housenumber" v="1600" />
    <tag k="addr:postcode" v="98144" />
    <tag k="addr:state" v="WA" />
    <tag k="addr:street" v="South Roberto Maestas Festival Street" />
    <tag k="amenity" v="cafe" />
    <tag k="name" v="The Station" />
    <tag k="opening_hours" v="Mo-Fr 06:00-20:00; Sa,Su 07:00-17:00" />
    <tag k="outdoor_seating" v="yes" />
    <tag k="website" v="https://www.thestationbh.com/" />
  </node>
  <node id="5425994295" lat="47.5795632" lon="-122.3115269">
    <tag k="addr:city" v="Seattle" />
    <tag k="addr:housenumber" v="1608" />
    <tag k="addr:postcode" v="98144" />
    <tag k="addr:state" v="WA" />
    <tag k="addr:street" v="South Lander Street" />
    <tag k="amenity" v="restaurant" />
    <tag k="check_date" v="2023-08-02" />
    <tag k="cuisine" v="mexican" />
    <tag k="name" v="Tacos Chukis" />
    <tag k="opening_hours" v="11:00-21:00" />
  </node>
  <node id="5485468980" lat="47.5796720" lon="-122.3121490">
    <tag k="amenity" v="charging_station" />
    <tag k="fee" v="yes" />
    <tag k="operator" v="City of Seattle" />
  </node>
  <node id="5485468981" lat="47.5796444" lon="-122.3121540">
    <tag k="amenity" v="charging_station" />
    <tag k="fee" v="yes" />
    <tag k="operator" v="City of Seattle" />
  </node>
  <node id="5695257762" lat="47.5792300" lon="-122.3123112">
    <tag k="amenity" v="waste_basket" />
    <tag k="check_date" v="2025-09-10" />
  </node>
  <node id="5695266641" lat="47.5800656" lon="-122.3131520">
    <tag k="addr:housenumber" v="2523" />
    <tag k="addr:state" v="WA" />
    <tag k="addr:street" v="15th Avenue South" />
    <tag k="name" v="Expo" />
    <tag k="shop" v="hairdresser" />
  </node>
  <node id="5695266918" lat="47.5795585" lon="-122.3116428">
    <tag k="addr:housenumber" v="1604" />
    <tag k="addr:state" v="WA" />
    <tag k="addr:street" v="South Lander Street" />
    <tag k="amenity" v="bank" />
    <tag k="atm" v="yes" />
    <tag k="check_date" v="2023-08-02" />
    <tag k="drive_through" v="no" />
    <tag k="name" v="Seattle Credit Union" />
    <tag k="opening_hours" v="Mo-Fr 09:00-17:00; Sa 10:00-14:00" />
  </node>
  <node id="5695270622" lat="47.5797241" lon="-122.3112014">
    <tag k="amenity" v="community_centre" />
    <tag k="name" v="Centilia Cultural Center" />
  </node>
  <node id="5764498079" lat="47.5990528" lon="-122.3399939" />
  <node id="5764498080" lat="47.5990531" lon="-122.3397533" />
  <node id="5764498081" lat="47.5989973" lon="-122.3397477" />
  <node id="5764498082" lat="47.5990002" lon="-122.3394949" />
  <node id="5764498083" lat="47.5989211" lon="-122.3394957" />
  <node id="5764498084" lat="47.5989147" lon="-122.3376538" />
  <node id="5764498085" lat="47.5989133" lon="-122.3373723" />
  <node id="5764498086" lat="47.5989610" lon="-122.3373409" />
  <node id="5764498087" lat="47.5989902" lon="-122.3373371" />
  <node id="5764498088" lat="47.5991260" lon="-122.3368429" />
  <node id="7566915855" lat="47.5794247" lon="-122.3132136" />
  <node id="7566915856" lat="47.5794227" lon="-122.3127273" />
  <node id="7566915857" lat="47.5794353" lon="-122.3127370" />
  <node id="7566915858" lat="47.5794383" lon="-122.3131987" />
  <node id="7566915859" lat="47.5794368" lon="-122.3132099" />
  <node id="7566915860" lat="47.5794323" lon="-122.3132151" />
  <node id="7566931162" lat="47.5809818" lon="-122.3119715" />
  <node id="7566931163" lat="47.5809772" lon="-122.3109358" />
  <node id="7566931164" lat="47.5809706" lon="-122.3109171" />
  <node id="7566931165" lat="47.5809413" lon="-122.3109161" />
  <node id="7566931166" lat="47.5809447" lon="-122.3119744" />
  <node id="7566931167" lat="47.5807479" lon="-122.3120604" />
  <node id="7566931168" lat="47.5807556" lon="-122.3120073" />
  <node id="7566931169" lat="47.5801613" lon="-122.3120111" />
  <node id="7566931170" lat="47.5800838" lon="-122.3120111" />
  <node id="7566931171" lat="47.5800846" lon="-122.3120641" />
  <node id="7566931172" lat="47.5809128" lon="-122.3108801" />
  <node id="7566931173" lat="47.5809114" lon="-122.3108627" />
  <node id="7566931174" lat="47.5807737" lon="-122.3108568" />
  <node id="7566931175" lat="47.5804726" lon="-122.3108431" />
  <node id="7566931176" lat="47.5802146" lon="-122.3108320" />
  <node id="7566931177" lat="47.5802150" lon="-122.3108494" />
  <node id="7566931178" lat="47.5802007" lon="-122.3108500" />
  <node id="7566931179" lat="47.5801147" lon="-122.3108447" />
  <node id="7566931180" lat="47.5801229" lon="-122.3108299" />
  <node id="7566931181" lat="47.5802007" lon="-122.3108325" />
  <node id="8015299736" lat="47.6056237" lon="-122.3174440" />
  <node id="8192467266" lat="47.5907737" lon="-122.3383218" />
  <node id="8192467273" lat="47.5907734" lon="-122.3380882" />
  <node id="8192467283" lat="47.5907732" lon="-122.3379249" />
  <node id="8196631462" lat="47.5755388" lon="-122.4199429" />
  <node id="8204011840" lat="47.5764238" lon="-122.4206970">
    <tag k="source" v="PGS" />
  </node>
  <node id="8204011841" lat="47.5764363" lon="-122.4206290" />
  <node id="8204011842" lat="47.5764380" lon="-122.4205430" />
  <node id="8204011843" lat="47.5764517" lon="-122.4204980" />
  <node id="8204011844" lat="47.5764654" lon="-122.4204670" />
  <node id="8204011845" lat="47.5764867" lon="-122.4204380">
    <tag k="source" v="PGS" />
  </node>
  <node id="8204011846" lat="47.5764998" lon="-122.4204150" />
  <node id="8204011847" lat="47.5765204" lon="-122.4203560" />
  <node id="8204011848" lat="47.5765283" lon="-122.4203450" />
  <node id="8204011849" lat="47.5764050" lon="-122.4207337" />
  <node id="8204011850" lat="47.5764351" lon="-122.4205809" />
  <node id="8204011851" lat="47.5764750" lon="-122.4204520" />
  <node id="8204011852" lat="47.5764321" lon="-122.4206620" />
  <node id="8279909473" lat="47.6061419" lon="-122.3169440" />
  <node id="8511176158" lat="47.5792710" lon="-122.3117940">
    <tag k="addr:city" v="Seattle" />
    <tag k="addr:housenumber" v="2702" />
    <tag k="addr:postcode" v="98144" />
    <tag k="addr:state" v="WA" />
    <tag k="addr:street" v="Beacon Avenue South" />
    <tag k="contact:website" v="https://www.soundtransit.org/ride-with-us/how-to-pay/fares" />
    <tag k="light_rail" v="yes" />
    <tag k="name" v="Beacon Hill" />
    <tag k="network" v="Sound Transit" />
    <tag k="not:network:wikidata" v="Q7564853" />
    <tag k="operator" v="Sound Transit" />
    <tag k="operator:wikidata" v="Q3965367" />
    <tag k="public_transport" v="station" />
    <tag k="railway" v="station" />
    <tag k="ref" v="56" />
    <tag k="source:addr:id" v="933159" />
    <tag k="station" v="light_rail" />
    <tag k="train" v="yes" />
    <tag k="wheelchair" v="yes" />
    <tag k="wikidata" v="Q4875949" />
    <tag k="wikimedia_commons" v="File:Beacon_Hill_Light_Rail_Station_two.JPG" />
    <tag k="wikipedia" v="en:Beacon Hill station (Sound Transit)" />
  </node>
  <node id="9591222365" lat="47.5803450" lon="-122.3117780" />
  <node id="9591222366" lat="47.5803543" lon="-122.3117958" />
  <node id="9591222367" lat="47.5803658" lon="-122.3118064" />
  <node id="9591222368" lat="47.5803931" lon="-122.3118104" />
  <node id="9591222369" lat="47.5804253" lon="-122.3118104" />
  <node id="9591222370" lat="47.5804488" lon="-122.3117983" />
  <node id="9591222371" lat="47.5804619" lon="-122.3117821" />
  <node id="9591222372" lat="47.5804684" lon="-122.3117602" />
  <node id="9591222373" lat="47.5804766" lon="-122.3117327" />
  <node id="9591222374" lat="47.5804794" lon="-122.3117205" />
  <node id="9591222375" lat="47.5804706" lon="-122.3117124" />
  <node id="9591222376" lat="47.5804635" lon="-122.3117011" />
  <node id="9591222377" lat="47.5804570" lon="-122.3116809" />
  <node id="9591222378" lat="47.5804548" lon="-122.3116614" />
  <node id="9591222379" lat="47.5804586" lon="-122.3116331" />
  <node id="9591222380" lat="47.5804482" lon="-122.3116274" />
  <node id="9591222381" lat="47.5804313" lon="-122.3116282" />
  <node id="9591222382" lat="47.5804160" lon="-122.3116282" />
  <node id="9591222383" lat="47.5804045" lon="-122.3116355" />
  <node id="9591222384" lat="47.5803914" lon="-122.3116468" />
  <node id="9591222385" lat="47.5803827" lon="-122.3116590" />
  <node id="9591222386" lat="47.5803756" lon="-122.3116776" />
  <node id="9591222387" lat="47.5803641" lon="-122.3117011" />
  <node id="9591222388" lat="47.5803564" lon="-122.3117110" />
  <node id="9591222389" lat="47.5803478" lon="-122.3117273" />
  <node id="9591222390" lat="47.5803392" lon="-122.3117550" />
  <node id="9907681170" lat="47.5807702" lon="-122.3132408">
    <tag k="amenity" v="restaurant" />
    <tag k="check_date" v="2023-08-02" />
    <tag k="contact:facebook" v="carnitas206" />
    <tag k="cuisine" v="mexican" />
    <tag k="name" v="Carnitas Michoacan Carniceria &amp; Taqueria" />
    <tag k="phone" v="+1-206-323-3688" />
    <tag k="source" v="King County GIS;data.seattle.gov" />
  </node>
  <node id="9907681171" lat="47.5809270" lon="-122.3140785" />
  <node id="9907681172" lat="47.5806614" lon="-122.3140809" />
  <node id="9907681173" lat="47.5806568" lon="-122.3136727" />
  <node id="9907681174" lat="47.5809274" lon="-122.3139236" />
  <node id="9983681175" lat="47.5759667" lon="-122.4195726">
    <tag k="access" v="private" />
    <tag k="amenity" v="parking" />
    <tag k="operator" v="U.S. Coast Guard" />
    <tag k="operator:type" v="military" />
  </node>
  <node id="9983681206" lat="47.5764721" lon="-122.4201979" />
  <node id="9983698435" lat="47.5761781" lon="-122.4197907">
    <tag k="access" v="private" />
    <tag k="amenity" v="parking" />
    <tag k="operator" v="U.S. Coast Guard" />
    <tag k="operator:type" v="military" />
  </node>
  <node id="9983698444" lat="47.5759134" lon="-122.4194742" />
  <node id="9983698449" lat="47.5758157" lon="-122.4195523" />
  <node id="9983698450" lat="47.5760240" lon="-122.4194706" />
  <node id="9983698456" lat="47.5759425" lon="-122.4194733" />
  <node id="10073338933" lat="47.5973801" lon="-122.3349520">
    <tag k="amenity" v="parking_entrance" />
  </node>
  <node id="10148679314" lat="47.6075237" lon="-122.3167030">
    <tag k="access" v="yes" />
    <tag k="amenity" v="bicycle_parking" />
    <tag k="bicycle_parking" v="stands" />
    <tag k="capacity" v="2" />
    <tag k="covered" v="no" />
  </node>
  <node id="10296421263" lat="47.5788597" lon="-122.3126772">
    <tag k="access" v="customers" />
    <tag k="amenity" v="bicycle_parking" />
    <tag k="bicycle_parking" v="rack" />
    <tag k="covered" v="yes" />
    <tag k="fee" v="no" />
    <tag k="operator" v="Hilltop Red Apple" />
    <tag k="operator:type" v="private" />
  </node>
  <node id="10723871204" lat="47.6060457" lon="-122.3156718">
    <tag k="addr:housenumber" v="1225" />
    <tag k="addr:state" v="WA" />
    <tag k="addr:street" v="East Jefferson Street" />
    <tag k="check_date" v="2026-03-02" />
    <tag k="internet_access" v="wlan" />
    <tag k="internet_access:fee" v="customers" />
    <tag k="name" v="The Art Inn" />
    <tag k="phone" v="+1-206-775-8799" />
    <tag k="tourism" v="hotel" />
    <tag k="wheelchair" v="no" />
  </node>
  <node id="10740258901" lat="47.5961692" lon="-122.3339219">
    <tag k="amenity" v="parking_entrance" />
  </node>
  <node id="10744058208" lat="47.5982129" lon="-122.3328626">
    <tag k="information" v="guidepost" />
    <tag k="tourism" v="information" />
  </node>
  <node id="10744078774" lat="47.5979194" lon="-122.3334048">
    <tag k="addr:housenumber" v="515" />
    <tag k="addr:street" v="Occidental Avenue South" />
    <tag k="check_date" v="2026-04-26" />
    <tag k="name" v="L T Denny" />
    <tag k="opening_hours" v="Tu-Sa 11:00-18:00" />
    <tag k="shop" v="jewelry" />
  </node>
  <node id="10744078775" lat="47.5979878" lon="-122.3331681">
    <tag k="board_type" v="nature" />
    <tag k="direction" v="0" />
    <tag k="information" v="board" />
    <tag k="name" v="Rain Gardens" />
    <tag k="tourism" v="information" />
  </node>
  <node id="10989796004" lat="47.5792929" lon="-122.3110972">
    <tag k="amenity" v="restaurant" />
    <tag k="cuisine" v="bagel" />
    <tag k="name" v="LoxSmith Bagels" />
    <tag k="opening_hours" v="Mo-Th 09:00-14:00;Fr-Sa 09:00-19:00;Su 09:00-15:00" />
    <tag k="outdoor_seating" v="yes" />
    <tag k="takeaway" v="yes" />
    <tag k="toilets" v="yes" />
    <tag k="toilets:access" v="customers" />
    <tag k="toilets:wheelchair" v="yes" />
    <tag k="wheelchair" v="yes" />
  </node>
  <node id="11035238392" lat="47.6061329" lon="-122.3174414">
    <tag k="crossing:markings" v="no" />
    <tag k="highway" v="crossing" />
    <tag k="tactile_paving" v="no" />
  </node>
  <node id="11197849966" lat="47.5791425" lon="-122.3114074" />
  <node id="11289887347" lat="47.5795443" lon="-122.3113506">
    <tag k="artist_name" v="Casto Solano" />
    <tag k="artwork_type" v="statue" />
    <tag k="material" v="bronze" />
    <tag k="name" v="Roberto Maestas" />
    <tag k="start_date" v="2024" />
    <tag k="tourism" v="artwork" />
    <tag k="website" v="https://www.7directionsarchitects.com/project/roberto-maestas-sculpture/" />
  </node>
  <node id="11289887348" lat="47.5795971" lon="-122.3113547">
    <tag k="artwork_type" v="sculpture" />
    <tag k="tourism" v="artwork" />
  </node>
  <node id="11979153669" lat="47.5962846" lon="-122.3351277" />
  <node id="11979153670" lat="47.5962583" lon="-122.3345113" />
  <node id="11979153671" lat="47.5935273" lon="-122.3345035" />
  <node id="11979153672" lat="47.5935589" lon="-122.3346986" />
  <node id="11979153673" lat="47.5936273" lon="-122.3348468" />
  <node id="12019060887" lat="47.5787870" lon="-122.3115072">
    <tag k="amenity" v="restaurant" />
    <tag k="bar" v="yes" />
    <tag k="check_date" v="2026-01-09" />
    <tag k="check_date:opening_hours" v="2026-01-09" />
    <tag k="cuisine" v="mexican" />
    <tag k="diet:vegetarian" v="yes" />
    <tag k="name" v="Baja Bistro" />
    <tag k="opening_hours" v="Mo-Fr 15:00-22:00; Sa,Su 08:00-22:00" />
    <tag k="outdoor_seating" v="yes" />
    <tag k="toilets" v="yes" />
    <tag k="toilets:wheelchair" v="yes" />
    <tag k="wheelchair" v="yes" />
  </node>
  <node id="12019060888" lat="47.5789622" lon="-122.3116326">
    <tag k="amenity" v="restaurant" />
    <tag k="check_date" v="2026-01-09" />
    <tag k="check_date:opening_hours" v="2026-01-09" />
    <tag k="cuisine" v="filipino" />
    <tag k="name" v="CheBogz" />
    <tag k="opening_hours" v="We-Sa 11:00-19:30; Su 11:00-17:30" />
  </node>
  <node id="12019060889" lat="47.5792768" lon="-122.3108616">
    <tag k="amenity" v="bicycle_parking" />
    <tag k="bicycle_parking" v="stands" />
    <tag k="capacity" v="6" />
    <tag k="covered" v="no" />
  </node>
  <node id="12099729132" lat="47.5793338" lon="-122.3120271">
    <tag k="artist_name" v="Carl Smool" />
    <tag k="artwork_type" v="sculpture" />
    <tag k="material" v="metal" />
    <tag k="name" v="Common Threads: Community Patterns" />
    <tag k="start_date" v="2008" />
    <tag k="tourism" v="artwork" />
  </node>
  <node id="12115351785" lat="47.5793632" lon="-122.3118024">
    <tag k="amenity" v="bench" />
    <tag k="backrest" v="yes" />
    <tag k="colour" v="#000000" />
    <tag k="material" v="metal" />
    <tag k="seats" v="4" />
  </node>
  <node id="12117096754" lat="47.5793991" lon="-122.3128050">
    <tag k="gtfs:feed" v="US-WA-KCM" />
    <tag k="gtfs:stop_id" v="41890" />
    <tag k="highway" v="bus_stop" />
    <tag k="name" v="S Lander St &amp; 15th Ave S" />
    <tag k="network" v="King County Metro" />
    <tag k="network:short" v="KCM" />
    <tag k="network:wikidata" v="Q6411393" />
    <tag k="operator" v="King County Metro" />
    <tag k="operator:short" v="KCM" />
    <tag k="operator:wikidata" v="Q6411393" />
    <tag k="operator:wikipedia" v="en:King County Metro" />
    <tag k="public_transport" v="platform" />
    <tag k="ref" v="41890" />
    <tag k="route_ref" v="107" />
    <tag k="wheelchair" v="yes" />
  </node>
  <node id="12219557992" lat="47.5792270" lon="-122.3121621">
    <tag k="bus" v="yes" />
    <tag k="gtfs:stop_id:US-WA-KCM" v="3470" />
    <tag k="name" v="Beacon Avenue South &amp; South Lander Street" />
    <tag k="network" v="King County Metro" />
    <tag k="network:short" v="KCM" />
    <tag k="network:wikidata" v="Q6411393" />
    <tag k="network:wikipedia" v="en:King County Metro" />
    <tag k="operator" v="King County Metro" />
    <tag k="operator:short" v="KCM" />
    <tag k="operator:wikidata" v="Q6411393" />
    <tag k="operator:wikipedia" v="en:King County Metro" />
    <tag k="public_transport" v="stop_position" />
    <tag k="ref" v="3470" />
  </node>
  <node id="12219612513" lat="47.5793102" lon="-122.3122353">
    <tag k="bus" v="yes" />
    <tag k="gtfs:stop_id:US-WA-KCM" v="3810" />
    <tag k="name" v="Beacon Avenue South &amp; South Lander Street" />
    <tag k="network" v="King County Metro" />
    <tag k="network:short" v="KCM" />
    <tag k="network:wikidata" v="Q6411393" />
    <tag k="network:wikipedia" v="en:King County Metro" />
    <tag k="operator" v="King County Metro" />
    <tag k="operator:short" v="KCM" />
    <tag k="operator:wikidata" v="Q6411393" />
    <tag k="operator:wikipedia" v="en:King County Metro" />
    <tag k="public_transport" v="stop_position" />
    <tag k="ref" v="3810" />
  </node>
  <node id="12277179414" lat="47.6063286" lon="-122.3155469">
    <tag k="access" v="yes" />
    <tag k="amenity" v="bicycle_parking" />
    <tag k="bike_ride" v="no" />
    <tag k="capacity" v="6" />
    <tag k="covered" v="no" />
    <tag k="fee" v="no" />
    <tag k="indoor" v="no" />
    <tag k="lit" v="no" />
  </node>
  <node id="12277179417" lat="47.6062822" lon="-122.3163892">
    <tag k="access" v="yes" />
    <tag k="amenity" v="bicycle_parking" />
    <tag k="bicycle_parking" v="stands" />
    <tag k="capacity" v="2" />
    <tag k="covered" v="no" />
    <tag k="fee" v="no" />
    <tag k="indoor" v="no" />
    <tag k="lit" v="no" />
  </node>
  <node id="12277179425" lat="47.6061604" lon="-122.3149574">
    <tag k="access" v="yes" />
    <tag k="amenity" v="bicycle_parking" />
    <tag k="bicycle_parking" v="stands" />
    <tag k="bike_ride" v="no" />
    <tag k="capacity" v="2" />
    <tag k="covered" v="no" />
    <tag k="fee" v="no" />
    <tag k="indoor" v="no" />
    <tag k="lit" v="no" />
  </node>
  <node id="12277179426" lat="47.6062816" lon="-122.3164655">
    <tag k="access" v="yes" />
    <tag k="amenity" v="bicycle_parking" />
    <tag k="bicycle_parking" v="stands" />
    <tag k="bike_ride" v="no" />
    <tag k="capacity" v="4" />
    <tag k="covered" v="no" />
    <tag k="fee" v="no" />
    <tag k="indoor" v="no" />
    <tag k="lit" v="no" />
  </node>
  <node id="12350326132" lat="47.5982453" lon="-122.3362061" />
  <node id="13458644701" lat="47.5984171" lon="-122.3338243">
    <tag k="addr:housenumber" v="100" />
    <tag k="addr:postcode" v="98104" />
    <tag k="addr:street" v="South King Street" />
    <tag k="email" v="info@populusseattle.com" />
    <tag k="name" v="Populus Seattle" />
    <tag k="phone" v="+1-206-309-1100" />
    <tag k="tourism" v="hotel" />
    <tag k="website" v="https://populusseattle.com/" />
  </node>
  <node id="13473928818" lat="47.5806596" lon="-122.3119726">
    <tag k="amenity" v="food_sharing" />
  </node>
  <node id="13473928822" lat="47.5803671" lon="-122.3119729">
    <tag k="amenity" v="vending_machine" />
    <tag k="bin" v="yes" />
    <tag k="fee" v="no" />
    <tag k="vending" v="excrement_bags" />
  </node>
  <node id="13768625386" lat="47.5984446" lon="-122.3333904">
    <tag k="amenity" v="restaurant" />
    <tag k="check_date" v="2026-04-26" />
    <tag k="cuisine" v="italian" />
    <tag k="name" v="Mio Oh Mio" />
    <tag k="website" v="https://mioohmio.com/" />
  </node>
  <node id="13874552323" lat="47.6061288" lon="-122.3163715">
    <tag k="amenity" v="waste_basket" />
  </node>
  <node id="14110971060" lat="47.6075908" lon="-122.3144329" />
  <node id="14110971061" lat="47.6075941" lon="-122.3152909" />
  <node id="14110971062" lat="47.6079259" lon="-122.3152882" />
  <node id="14110971063" lat="47.6079229" lon="-122.3144816" />
  <node id="14110971064" lat="47.6078921" lon="-122.3144304" />
  <way id="27182549">
    <nd ref="298261556" />
    <nd ref="298261557" />
    <nd ref="298261558" />
    <nd ref="4542443611" />
    <nd ref="298261560" />
    <nd ref="4542443612" />
    <nd ref="298261561" />
    <nd ref="3643230629" />
    <nd ref="4542443613" />
    <nd ref="298261556" />
    <tag k="landuse" v="grass" />
  </way>
  <way id="80717923">
    <nd ref="941383648" />
    <nd ref="941383649" />
    <nd ref="941383650" />
    <nd ref="4238692391" />
    <nd ref="4238675992" />
    <nd ref="941383651" />
    <nd ref="941383648" />
    <tag k="landuse" v="recreation_ground" />
  </way>
  <way id="296117083">
    <nd ref="2998933054" />
    <nd ref="8196631462" />
    <nd ref="9983698449" />
    <nd ref="4330170863" />
    <nd ref="9983698444" />
    <nd ref="4330170861" />
    <nd ref="9983698456" />
    <nd ref="9983698450" />
    <nd ref="2323884674" />
    <nd ref="4330170862" />
    <nd ref="9983681206" />
    <nd ref="2998933056" />
    <nd ref="8204011848" />
    <nd ref="8204011847" />
    <nd ref="8204011846" />
    <nd ref="8204011845" />
    <nd ref="8204011851" />
    <nd ref="8204011844" />
    <nd ref="8204011843" />
    <nd ref="483339062" />
    <nd ref="8204011842" />
    <nd ref="8204011850" />
    <nd ref="8204011841" />
    <nd ref="8204011852" />
    <nd ref="8204011840" />
    <nd ref="8204011849" />
    <nd ref="483339037" />
    <nd ref="483339066" />
    <nd ref="301905042" />
    <nd ref="483339077" />
    <nd ref="483339075" />
    <nd ref="483339069" />
    <nd ref="483339068" />
    <nd ref="483339087" />
    <nd ref="483339073" />
    <nd ref="301905043" />
    <nd ref="483339088" />
    <nd ref="483339091" />
    <nd ref="32813037" />
    <nd ref="2998933059" />
    <nd ref="2998933054" />
    <tag k="addr:city" v="Seattle" />
    <tag k="addr:housenumber" v="3201" />
    <tag k="addr:postcode" v="98116" />
    <tag k="addr:street" v="Alki Avenue Southwest" />
    <tag k="alt_name" v="U.S. Coast Guard" />
    <tag k="landuse" v="military" />
    <tag k="name" v="Alki Point Light Station" />
    <tag k="website" v="http://wow.uscgaux.info/content.php?unit=130-02&amp;category=alki-pt-lighthouse#.U-GE1vldW0I" />
    <tag k="wikipedia" v="en:Alki Point Light" />
  </way>
  <way id="307511442">
    <nd ref="685038907" />
    <nd ref="5118095240" />
    <nd ref="8192467266" />
    <nd ref="8192467273" />
    <nd ref="8192467283" />
    <nd ref="405094179" />
    <nd ref="3126913072" />
    <nd ref="3126913073" />
    <nd ref="3126913074" />
    <nd ref="3126913075" />
    <nd ref="3126913076" />
    <nd ref="3126913077" />
    <nd ref="3126913078" />
    <nd ref="3126913079" />
    <nd ref="3126913080" />
    <nd ref="12350326132" />
    <nd ref="3126913081" />
    <nd ref="3126913082" />
    <nd ref="3126913083" />
    <nd ref="3126913084" />
    <nd ref="5764498088" />
    <nd ref="3126913085" />
    <nd ref="3126913086" />
    <nd ref="5764498087" />
    <nd ref="5764498086" />
    <nd ref="5764498085" />
    <nd ref="5764498084" />
    <nd ref="5764498083" />
    <nd ref="5764498082" />
    <nd ref="5764498081" />
    <nd ref="5764498080" />
    <nd ref="5764498079" />
    <nd ref="3126913087" />
    <nd ref="3126913088" />
    <nd ref="3126913089" />
    <nd ref="685038907" />
    <tag k="industrial" v="port" />
    <tag k="landuse" v="industrial" />
    <tag k="name" v="Terminal 46" />
  </way>
  <way id="333013363">
    <nd ref="3401278389" />
    <nd ref="3401278382" />
    <nd ref="11197849966" />
    <nd ref="3401278383" />
    <nd ref="3401278381" />
    <nd ref="3401278380" />
    <nd ref="3401278390" />
    <nd ref="3401279293" />
    <nd ref="3401279294" />
    <nd ref="3401279295" />
    <nd ref="3401278389" />
    <tag k="landuse" v="railway" />
  </way>
  <way id="809268547">
    <nd ref="7566915855" />
    <nd ref="7566915856" />
    <nd ref="7566915857" />
    <nd ref="7566915858" />
    <nd ref="7566915859" />
    <nd ref="7566915860" />
    <nd ref="7566915855" />
    <tag k="landuse" v="grass" />
  </way>
  <way id="809268564">
    <nd ref="7566931162" />
    <nd ref="7566931163" />
    <nd ref="7566931164" />
    <nd ref="7566931165" />
    <nd ref="7566931166" />
    <nd ref="7566931162" />
    <tag k="landuse" v="grass" />
  </way>
  <way id="809268565">
    <nd ref="7566931167" />
    <nd ref="7566931168" />
    <nd ref="7566931169" />
    <nd ref="7566931170" />
    <nd ref="7566931171" />
    <nd ref="7566931167" />
    <tag k="landuse" v="grass" />
  </way>
  <way id="809268566">
    <nd ref="7566931172" />
    <nd ref="7566931173" />
    <nd ref="7566931174" />
    <nd ref="7566931175" />
    <nd ref="7566931176" />
    <nd ref="7566931177" />
    <nd ref="7566931172" />
    <tag k="landuse" v="grass" />
  </way>
  <way id="809268567">
    <nd ref="7566931178" />
    <nd ref="7566931179" />
    <nd ref="7566931180" />
    <nd ref="7566931181" />
    <nd ref="7566931178" />
    <tag k="landuse" v="grass" />
  </way>
  <way id="859950068">
    <nd ref="8279909473" />
    <nd ref="2375445278" />
    <nd ref="8015299736" />
    <nd ref="11035238392" />
    <nd ref="8279909473" />
    <tag k="landuse" v="retail" />
  </way>
  <way id="1041850947">
    <nd ref="9591222365" />
    <nd ref="9591222366" />
    <nd ref="9591222367" />
    <nd ref="9591222368" />
    <nd ref="9591222369" />
    <nd ref="9591222370" />
    <nd ref="9591222371" />
    <nd ref="9591222372" />
    <nd ref="9591222373" />
    <nd ref="9591222374" />
    <nd ref="9591222375" />
    <nd ref="9591222376" />
    <nd ref="9591222377" />
    <nd ref="9591222378" />
    <nd ref="9591222379" />
    <nd ref="9591222380" />
    <nd ref="9591222381" />
    <nd ref="9591222382" />
    <nd ref="9591222383" />
    <nd ref="9591222384" />
    <nd ref="9591222385" />
    <nd ref="9591222386" />
    <nd ref="9591222387" />
    <nd ref="9591222388" />
    <nd ref="9591222389" />
    <nd ref="9591222390" />
    <nd ref="9591222365" />
    <tag k="landuse" v="grass" />
  </way>
  <way id="1080955859">
    <nd ref="9907681171" />
    <nd ref="9907681172" />
    <nd ref="9907681173" />
    <nd ref="9907681174" />
    <nd ref="9907681171" />
    <tag k="landuse" v="construction" />
  </way>
  <way id="1292201477">
    <nd ref="11979153669" />
    <nd ref="11979153670" />
    <nd ref="11979153671" />
    <nd ref="11979153672" />
    <nd ref="11979153673" />
    <nd ref="11979153669" />
    <tag k="landuse" v="brownfield" />
    <tag k="name" v="WOSCA Site" />
  </way>
  <way id="1551384338">
    <nd ref="14110971060" />
    <nd ref="14110971061" />
    <nd ref="14110971062" />
    <nd ref="14110971063" />
    <nd ref="14110971064" />
    <nd ref="14110971060" />
    <tag k="landuse" v="recreation_ground" />
    <tag k="lit" v="yes" />
  </way>

</osm>