<?xml version='1.0' encoding='utf-8'?>
<osm version="0.6" generator="Overpass API 0.7.62.11 87bfad18">
<note>The data included in this document is from www.openstreetmap.org. The data is made available under ODbL.</note>
<meta osm_base="2026-09-03T09:36:05Z" />

  <node id="2142306958" lat="25.0560045" lon="121.5222770">
    <tag k="addr:city" v="臺北市" />
    <tag k="addr:country" v="TW" />
    <tag k="addr:district" v="中山區" />
    <tag k="addr:full" v="台北市中山北路二段50號1、2、3、5、8、12樓" />
    <tag k="addr:housenumber" v="50" />
    <tag k="addr:postcode" v="104" />
    <tag k="addr:street" v="中山北路二段" />
    <tag k="amenity" v="bank" />
    <tag k="branch" v="營業部" />
    <tag k="brand" v="台北富邦商業銀行" />
    <tag k="brand:en" v="Taipei Fubon Bank" />
    <tag k="brand:wikidata" v="Q697293" />
    <tag k="brand:wikipedia" v="en:Taipei Fubon Bank" />
    <tag k="brand:zh" v="台北富邦商業銀行" />
    <tag k="name" v="台北富邦銀行營業部" />
    <tag k="name:en" v="Taipei Fubon Bank" />
    <tag k="name:nan" v="Tâi-pak Hù-pang Siong-gia̍p Gîn-hâng" />
    <tag k="name:nan-Hant" v="台北富邦銀行營業部" />
    <tag k="name:nan-Latn-pehoeji" v="Tâi-pak Hù-pang Siong-gia̍p Gîn-hâng" />
    <tag k="name:nan-Latn-tailo" v="Tâi-pak Hù-pang Siong-gia̍p Gîn-hâng" />
    <tag k="name:zh" v="台北富邦銀行營業部" />
    <tag k="nat_ref" v="10010122009" />
    <tag k="opening_hours" v="Mo-Fr 09:00-15:30" />
    <tag k="phone" v="+886 2 2542 5656" />
    <tag k="ref" v="122009" />
    <tag k="source" v="金管會" />
    <tag k="source:date" v="2017-08-31" />
    <tag k="wheelchair" v="limited" />
  </node>
  <node id="2142306960" lat="25.0551772" lon="121.5223517">
    <tag k="addr:city" v="臺北市" />
    <tag k="addr:country" v="TW" />
    <tag k="addr:district" v="中山區" />
    <tag k="addr:floor" v="1;B1" />
    <tag k="addr:full" v="台北市中山區中山北路二段44號1樓,B1" />
    <tag k="addr:housenumber" v="44" />
    <tag k="addr:postcode" v="104" />
    <tag k="addr:street" v="中山北路二段" />
    <tag k="amenity" v="bank" />
    <tag k="atm" v="yes" />
    <tag k="branch" v="營業部" />
    <tag k="brand" v="台新國際商業銀行" />
    <tag k="brand:en" v="Taishin International Bank" />
    <tag k="brand:wikidata" v="Q7676420" />
    <tag k="brand:wikipedia" v="en:Taishin International Bank" />
    <tag k="brand:zh" v="台新國際商業銀行" />
    <tag k="drive_through" v="no" />
    <tag k="name" v="台新國際商業銀行" />
    <tag k="name:en" v="Taishin International Bank" />
    <tag k="name:nan" v="Tâi-sin Kok-chè Siong-gia̍p Gîn-hâng" />
    <tag k="name:nan-Hant" v="台新國際商業銀行" />
    <tag k="name:nan-Latn-pehoeji" v="Tâi-sin Kok-chè Siong-gia̍p Gîn-hâng" />
    <tag k="name:nan-Latn-tailo" v="Tâi-sin Kok-tsè Siong-gia̍p Gîn-hâng" />
    <tag k="name:zh" v="台新國際商業銀行" />
    <tag k="nat_ref" v="10018120012" />
    <tag k="opening_hours" v="Mo-Fr 09:00-15:30" />
    <tag k="operator" v="台新金控" />
    <tag k="phone" v="+886 2 2568 3988" />
    <tag k="ref" v="8120012" />
    <tag k="source" v="金管會" />
    <tag k="source:date" v="2017-08-31" />
  </node>
  <node id="2142306961" lat="25.0556072" lon="121.5224874">
    <tag k="addr:city" v="臺北市" />
    <tag k="addr:country" v="TW" />
    <tag k="addr:district" v="中山區" />
    <tag k="addr:full" v="台北市中山北路二段46號之二" />
    <tag k="addr:housenumber" v="46-2" />
    <tag k="addr:postcode" v="104" />
    <tag k="addr:street" v="中山北路二段" />
    <tag k="amenity" v="bank" />
    <tag k="branch" v="城東分行" />
    <tag k="brand" v="臺灣土地銀行" />
    <tag k="brand:en" v="Land Bank of Taiwan" />
    <tag k="brand:wikidata" v="Q717592" />
    <tag k="brand:wikipedia" v="zh:臺灣土地銀行" />
    <tag k="brand:zh" v="臺灣土地銀行" />
    <tag k="drive_through" v="no" />
    <tag k="name" v="臺灣土地銀行" />
    <tag k="name:en" v="Land Bank of Taiwan" />
    <tag k="name:hak" v="Thòi-vân Thú-thi Ngiùn-hòng" />
    <tag k="name:nan" v="Tâi-oân Thó͘-tē Gîn-hâng" />
    <tag k="name:nan-Hant" v="臺灣土地銀行" />
    <tag k="name:nan-Latn-pehoeji" v="Tâi-oân Thó͘-tē Gîn-hâng" />
    <tag k="name:nan-Latn-tailo" v="Tâi-uân Thóo-tē Gîn-hâng" />
    <tag k="name:zh" v="臺灣土地銀行" />
    <tag k="nat_ref" v="10010051404" />
    <tag k="opening_hours" v="Mo-Fr 09:00-15:30" />
    <tag k="phone" v="+886 2 2567 6268" />
    <tag k="ref" v="51404" />
    <tag k="source" v="金管會" />
    <tag k="source:date" v="2017-08-31" />
  </node>
  <node id="2142306962" lat="25.0552695" lon="121.5223612">
    <tag k="addr:city" v="台北市" />
    <tag k="addr:country" v="TW" />
    <tag k="addr:district" v="中山區" />
    <tag k="addr:floor" v="B1" />
    <tag k="addr:full" v="104台北市中山區中山北路二段44號B1樓" />
    <tag k="addr:housenumber" v="44" />
    <tag k="addr:postcode" v="104" />
    <tag k="addr:street" v="中山北路二段" />
    <tag k="amenity" v="restaurant" />
    <tag k="branch:en" v="Taipei Zhongshan North Branch" />
    <tag k="cuisine" v="japanese" />
    <tag k="level" v="-1" />
    <tag k="name" v="夏慕尼新香榭鐵板燒" />
    <tag k="name:en" v="Chamonix New Champs Teppanyaki" />
    <tag k="name:zh" v="夏慕尼新香榭鐵板燒" />
    <tag k="opening_hours" v="11:30-14:30, 17:30-22:00" />
    <tag k="phone" v="+886-2-25719608" />
    <tag k="website" v="https://www.chamonix.com.tw/" />
  </node>
  <node id="2142306966" lat="25.0565915" lon="121.5225604">
    <tag k="addr:city" v="台北市" />
    <tag k="addr:country" v="TW" />
    <tag k="addr:district" v="中山區" />
    <tag k="addr:floor" v="1" />
    <tag k="addr:full" v="10448台北市中山區中山北路二段60號一樓" />
    <tag k="addr:housenumber" v="60" />
    <tag k="addr:postcode" v="10448" />
    <tag k="addr:street" v="中山北路二段" />
    <tag k="branch" v="中山北門市" />
    <tag k="name" v="東南旅行社" />
    <tag k="name:en" v="SET Tour" />
    <tag k="name:zh" v="東南旅行社" />
    <tag k="office" v="travel_agency" />
    <tag k="opening_hours" v="Mo-Fr 08:30-18:00; Sa-Su 09:00-18:00" />
    <tag k="phone" v="+886 2 2567 8811" />
    <tag k="shop" v="travel_agency" />
  </node>
  <node id="2142306967" lat="25.0562384" lon="121.5225333">
    <tag k="addr:city" v="台北市" />
    <tag k="addr:country" v="TW" />
    <tag k="addr:district" v="中山區" />
    <tag k="addr:floor" v="1" />
    <tag k="addr:full" v="104台北市中山區中山北路二段52號一樓" />
    <tag k="addr:housenumber" v="52" />
    <tag k="addr:postcode" v="104" />
    <tag k="addr:street" v="中山北路二段" />
    <tag k="amenity" v="restaurant" />
    <tag k="cuisine" v="japanese" />
    <tag k="name" v="欣葉日本料理" />
    <tag k="opening_hours" v="11:30-14:00,14:30-16:30,17:30-22:00" />
    <tag k="phone" v="+886-2-25425858" />
    <tag k="wheelchair" v="no" />
  </node>
  <node id="2150349139" lat="25.0571990" lon="121.5229897">
    <tag k="alt_name" v="中華郵政;郵局" />
    <tag k="amenity" v="post_box" />
    <tag k="operator" v="中華郵政" />
    <tag k="operator:en" v="Chunghwa Post" />
    <tag k="operator:nan" v="Tiong-hôa Iû-chèng" />
    <tag k="operator:nan-Hant" v="中華郵政" />
    <tag k="operator:nan-Latn-pehoeji" v="Tiong-hôa Iû-chèng" />
    <tag k="operator:nan-Latn-tailo" v="Tiong-huâ Iû-tsìng" />
    <tag k="operator:wikidata" v="Q709259" />
    <tag k="operator:wikipedia" v="zh:中華郵政" />
    <tag k="operator:zh" v="中華郵政" />
  </node>
  <node id="2159009360" lat="25.0511676" lon="121.5371790">
    <tag k="amenity" v="car_rental" />
    <tag k="name" v="格上租車台北建北店" />
    <tag k="wheelchair" v="yes" />
  </node>
  <node id="2159009365" lat="25.0504558" lon="121.5371426">
    <tag k="addr:city" v="台北市" />
    <tag k="addr:country" v="TW" />
    <tag k="addr:district" v="中山區" />
    <tag k="addr:full" v="104台北市中山區建國北路一段55-1號" />
    <tag k="addr:housenumber" v="55-1" />
    <tag k="addr:postcode" v="104" />
    <tag k="addr:street" v="建國北路一段" />
    <tag k="name" v="米輪輪胎" />
    <tag k="name:en" v="Milun Tire" />
    <tag k="name:zh" v="米輪輪胎" />
    <tag k="opening_hours" v="Mo-Fr 09:00-19:00" />
    <tag k="operator" v="car maintain shop" />
    <tag k="phone" v="+886 2 2508 3432" />
    <tag k="shop" v="car_parts" />
    <tag k="website" v="https://www.facebook.com/miluntire" />
  </node>
  <node id="2159009369" lat="25.0511246" lon="121.5371789">
    <tag k="amenity" v="restaurant" />
    <tag k="name" v="克利斯廚房" />
    <tag k="wheelchair" v="yes" />
  </node>
  <node id="2203180700" lat="25.0517419" lon="121.5379864">
    <tag k="addr:city" v="台北市" />
    <tag k="addr:country" v="TW" />
    <tag k="addr:district" v="中山區" />
    <tag k="addr:full" v="台北市中山區南京東路三段28號" />
    <tag k="addr:housenumber" v="28" />
    <tag k="addr:postcode" v="104" />
    <tag k="addr:street" v="南京東路三段" />
    <tag k="air_conditioning" v="yes" />
    <tag k="amenity" v="restaurant" />
    <tag k="disused:name" v="永慶房屋" />
    <tag k="disused:office" v="estate_agent" />
    <tag k="name" v="南京建國食堂" />
    <tag k="outdoor_seating" v="no" />
    <tag k="wheelchair" v="limited" />
  </node>
  <node id="2460552126" lat="25.0673181" lon="121.5275880">
    <tag k="bench" v="yes" />
    <tag k="bin" v="no" />
    <tag k="bus" v="yes" />
    <tag k="highway" v="bus_stop" />
    <tag k="lit" v="yes" />
    <tag k="name" v="民族東路口" />
    <tag k="name:en" v="Minzu E. Rd. Entrance" />
    <tag k="name:zh" v="民族東路口" />
    <tag k="network" v="臺北市市區公車" />
    <tag k="network:en" v="Taipei Joint Bus System" />
    <tag k="network:nan" v="Tâi-pak-chhī Chhī-khu Kong-chhia" />
    <tag k="network:nan-Hant" v="臺北市市區公車" />
    <tag k="network:nan-Latn-pehoeji" v="Tâi-pak-chhī Chhī-khu Kong-chhia" />
    <tag k="network:nan-Latn-tailo" v="Tâi-pak-tshiī Tshī-khu Kong-tshia" />
    <tag k="network:wikidata" v="Q5972821" />
    <tag k="network:zh" v="臺北市市區公車" />
    <tag k="public_transport" v="platform" />
    <tag k="shelter" v="yes" />
  </node>
  <node id="2509549137" lat="25.0669680" lon="121.5258083">
    <tag k="bus" v="yes" />
    <tag k="description" v="林森北路637號同向" />
    <tag k="highway" v="bus_stop" />
    <tag k="name" v="景福宮" />
    <tag k="name:en" v="Jingfu Temple" />
    <tag k="name:zh" v="景福宮" />
    <tag k="name:zh-Hans" v="景福宫" />
    <tag k="name:zh-Hant" v="景福宮" />
    <tag k="network" v="臺北市市區公車" />
    <tag k="network:en" v="Taipei Joint Bus System" />
    <tag k="network:nan" v="Tâi-pak-chhī Chhī-khu Kong-chhia" />
    <tag k="network:nan-Hant" v="臺北市市區公車" />
    <tag k="network:nan-Latn-pehoeji" v="Tâi-pak-chhī Chhī-khu Kong-chhia" />
    <tag k="network:nan-Latn-tailo" v="Tâi-pak-tshiī Tshī-khu Kong-tshia" />
    <tag k="network:wikidata" v="Q5972821" />
    <tag k="network:zh" v="臺北市市區公車" />
    <tag k="public_transport" v="platform" />
    <tag k="ref" v="7606" />
  </node>
  <node id="2509549138" lat="25.0672037" lon="121.5256447">
    <tag k="bus" v="yes" />
    <tag k="description" v="林森北路626號同向" />
    <tag k="highway" v="bus_stop" />
    <tag k="name" v="景福宮" />
    <tag k="name:en" v="Jingfu Temple" />
    <tag k="name:zh" v="景福宮" />
    <tag k="name:zh-Hans" v="景福宫" />
    <tag k="name:zh-Hant" v="景福宮" />
    <tag k="network" v="臺北市市區公車" />
    <tag k="network:en" v="Taipei Joint Bus System" />
    <tag k="network:nan" v="Tâi-pak-chhī Chhī-khu Kong-chhia" />
    <tag k="network:nan-Hant" v="臺北市市區公車" />
    <tag k="network:nan-Latn-pehoeji" v="Tâi-pak-chhī Chhī-khu Kong-chhia" />
    <tag k="network:nan-Latn-tailo" v="Tâi-pak-tshiī Tshī-khu Kong-tshia" />
    <tag k="network:wikidata" v="Q5972821" />
    <tag k="network:zh" v="臺北市市區公車" />
    <tag k="public_transport" v="platform" />
    <tag k="ref" v="1349" />
  </node>
  <node id="2560204209" lat="25.0653560" lon="121.5109869">
    <tag k="addr:city" v="臺北市" />
    <tag k="addr:country" v="TW" />
    <tag k="addr:district" v="大同區" />
    <tag k="addr:full" v="台北市大同區延平北路三段58號" />
    <tag k="addr:housenumber" v="58" />
    <tag k="addr:postcode" v="104" />
    <tag k="addr:street" v="延平北路三段" />
    <tag k="amenity" v="restaurant" />
    <tag k="branch" v="台北總店" />
    <tag k="cuisine" v="regional" />
    <tag k="name" v="施家湯圓" />
    <tag k="phone" v="+886 2 2585 7655" />
    <tag k="smoking" v="no" />
    <tag k="takeaway" v="yes" />
    <tag k="website" v="http://www.bigriceball.com.tw" />
  </node>
  <node id="2578469342" lat="25.0554474" lon="121.5225314" />
  <node id="2578469365" lat="25.0557738" lon="121.5225492" />
  <node id="2578469367" lat="25.0557813" lon="121.5223807" />
  <node id="2579109182" lat="25.0652636" lon="121.5109835">
    <tag k="addr:city" v="台北市" />
    <tag k="addr:country" v="TW" />
    <tag k="addr:district" v="大同區" />
    <tag k="addr:full" v="台北市延平北路三段56號" />
    <tag k="addr:housenumber" v="56" />
    <tag k="addr:postcode" v="104" />
    <tag k="addr:street" v="延平北路三段" />
    <tag k="amenity" v="cafe" />
    <tag k="name" v="杉味豆花" />
    <tag k="phone" v="+886-2-2598-3638" />
  </node>
  <node id="2637893931" lat="25.0554523" lon="121.5223158" />
  <node id="2637893938" lat="25.0556969" lon="121.5221975" />
  <node id="2637893940" lat="25.0557834" lon="121.5223338" />
  <node id="2637893941" lat="25.0557720" lon="121.5221972" />
  <node id="2637893942" lat="25.0558086" lon="121.5217709" />
  <node id="2637893943" lat="25.0557850" lon="121.5217831" />
  <node id="2700750818" lat="25.0661295" lon="121.5109534">
    <tag k="bus" v="yes" />
    <tag k="highway" v="bus_stop" />
    <tag k="name" v="延平國小" />
    <tag k="name:en" v="Yanping Elementary School" />
    <tag k="name:zh" v="延平國小" />
    <tag k="network" v="臺北市市區公車" />
    <tag k="network:en" v="Taipei Joint Bus System" />
    <tag k="network:nan" v="Tâi-pak-chhī Chhī-khu Kong-chhia" />
    <tag k="network:nan-Hant" v="臺北市市區公車" />
    <tag k="network:nan-Latn-pehoeji" v="Tâi-pak-chhī Chhī-khu Kong-chhia" />
    <tag k="network:nan-Latn-tailo" v="Tâi-pak-tshiī Tshī-khu Kong-tshia" />
    <tag k="network:wikidata" v="Q5972821" />
    <tag k="network:zh" v="臺北市市區公車" />
    <tag k="public_transport" v="platform" />
    <tag k="shelter" v="no" />
  </node>
  <node id="2700750819" lat="25.0662453" lon="121.5110397">
    <tag k="bus" v="yes" />
    <tag k="highway" v="bus_stop" />
    <tag k="name" v="延平國小" />
    <tag k="name:en" v="Yanping Elementary School" />
    <tag k="name:zh" v="延平國小" />
    <tag k="network" v="臺北市市區公車" />
    <tag k="network:en" v="Taipei Joint Bus System" />
    <tag k="network:nan" v="Tâi-pak-chhī Chhī-khu Kong-chhia" />
    <tag k="network:nan-Hant" v="臺北市市區公車" />
    <tag k="network:nan-Latn-pehoeji" v="Tâi-pak-chhī Chhī-khu Kong-chhia" />
    <tag k="network:nan-Latn-tailo" v="Tâi-pak-tshiī Tshī-khu Kong-tshia" />
    <tag k="network:wikidata" v="Q5972821" />
    <tag k="network:zh" v="臺北市市區公車" />
    <tag k="public_transport" v="platform" />
    <tag k="shelter" v="no" />
  </node>
  <node id="2702178131" lat="25.0565106" lon="121.5229672">
    <tag k="bus" v="yes" />
    <tag k="highway" v="bus_stop" />
    <tag k="name" v="國賓飯店" />
    <tag k="name:en" v="Ambassador Hotel" />
    <tag k="name:zh" v="國賓飯店" />
    <tag k="network" v="臺北市市區公車" />
    <tag k="network:en" v="Taipei Joint Bus System" />
    <tag k="network:nan" v="Tâi-pak-chhī Chhī-khu Kong-chhia" />
    <tag k="network:nan-Hant" v="臺北市市區公車" />
    <tag k="network:nan-Latn-pehoeji" v="Tâi-pak-chhī Chhī-khu Kong-chhia" />
    <tag k="network:nan-Latn-tailo" v="Tâi-pak-tshiī Tshī-khu Kong-tshia" />
    <tag k="network:wikidata" v="Q5972821" />
    <tag k="network:wikipedia" v="zh:臺北市市區公車" />
    <tag k="network:zh" v="臺北市市區公車" />
    <tag k="public_transport" v="platform" />
  </node>
  <node id="2702178132" lat="25.0565115" lon="121.5226630">
    <tag k="bench" v="yes" />
    <tag k="bin" v="yes" />
    <tag k="bus" v="yes" />
    <tag k="highway" v="bus_stop" />
    <tag k="lit" v="yes" />
    <tag k="name" v="國賓飯店" />
    <tag k="name:en" v="Ambassador Hotel" />
    <tag k="name:zh" v="國賓飯店" />
    <tag k="network" v="臺北市市區公車" />
    <tag k="network:en" v="Taipei Joint Bus System" />
    <tag k="network:nan" v="Tâi-pak-chhī Chhī-khu Kong-chhia" />
    <tag k="network:nan-Hant" v="臺北市市區公車" />
    <tag k="network:nan-Latn-pehoeji" v="Tâi-pak-chhī Chhī-khu Kong-chhia" />
    <tag k="network:nan-Latn-tailo" v="Tâi-pak-tshiī Tshī-khu Kong-tshia" />
    <tag k="network:wikidata" v="Q5972821" />
    <tag k="network:zh" v="臺北市市區公車" />
    <tag k="public_transport" v="platform" />
    <tag k="shelter" v="yes" />
  </node>
  <node id="2947927716" lat="25.0670231" lon="121.5259245">
    <tag k="amenity" v="restaurant" />
    <tag k="name" v="農來自助餐" />
  </node>
  <node id="2947927717" lat="25.0673516" lon="121.5257122">
    <tag k="amenity" v="restaurant" />
    <tag k="name" v="古早味切仔麵" />
  </node>
  <node id="2947927718" lat="25.0675950" lon="121.5255723">
    <tag k="addr:city" v="台北市" />
    <tag k="addr:country" v="TW" />
    <tag k="addr:district" v="中山區" />
    <tag k="addr:full" v="104台北市中山區林森北路630號" />
    <tag k="addr:housenumber" v="630" />
    <tag k="addr:postcode" v="104" />
    <tag k="addr:street" v="林森北路" />
    <tag k="brand" v="全家便利商店" />
    <tag k="brand:en" v="FamilyMart" />
    <tag k="brand:ja" v="ファミリーマート" />
    <tag k="brand:wikidata" v="Q10891564" />
    <tag k="brand:zh" v="全家便利商店" />
    <tag k="name" v="全家便利商店" />
    <tag k="name:en" v="FamilyMart" />
    <tag k="name:ja" v="ﾌｧﾐﾏ" />
    <tag k="name:nan" v="Chôan-ke" />
    <tag k="name:zh" v="全家便利商店" />
    <tag k="shop" v="convenience" />
  </node>
  <node id="2947927719" lat="25.0676667" lon="121.5254818">
    <tag k="amenity" v="restaurant" />
    <tag k="brand" v="四海豆漿" />
    <tag k="name" v="四海豆漿" />
  </node>
  <node id="2947929881" lat="25.0667317" lon="121.5265347">
    <tag k="addr:city" v="臺北市" />
    <tag k="addr:country" v="TW" />
    <tag k="addr:district" v="中山區" />
    <tag k="addr:floor" v="1" />
    <tag k="addr:full" v="104臺北市中山區德惠街25號一樓" />
    <tag k="addr:housenumber" v="25" />
    <tag k="addr:postcode" v="104" />
    <tag k="addr:street" v="德惠街" />
    <tag k="name" v="蜜卡爾" />
    <tag k="phone" v="+886-2-2595-1153" />
    <tag k="shop" v="bakery" />
  </node>
  <node id="2947929882" lat="25.0673079" lon="121.5257313">
    <tag k="amenity" v="restaurant" />
    <tag k="cuisine" v="beef_noodle" />
    <tag k="name" v="大眾牛肉麵" />
  </node>
  <node id="2947935443" lat="25.0674241" lon="121.5249063">
    <tag k="addr:city" v="臺北市" />
    <tag k="addr:country" v="TW" />
    <tag k="addr:district" v="中山區" />
    <tag k="addr:floor" v="1" />
    <tag k="addr:full" v="台北市中山區雙城街43巷2號1樓" />
    <tag k="addr:housenumber" v="2" />
    <tag k="addr:postcode" v="10461" />
    <tag k="addr:street" v="雙城街43巷" />
    <tag k="amenity" v="place_of_worship" />
    <tag k="denomination" v="presbyterian" />
    <tag k="name" v="新興長老教會" />
    <tag k="official_name" v="台灣基督長老教會新興教會" />
    <tag k="operator" v="台灣基督長老教會七星中會" />
    <tag k="phone" v="+886-2-25962342" />
    <tag k="religion" v="christian" />
  </node>
  <node id="2947936644" lat="25.0667481" lon="121.5263696">
    <tag k="amenity" v="restaurant" />
    <tag k="name" v="金芝園" />
  </node>
  <node id="2949646075" lat="25.0662353" lon="121.5258287">
    <tag k="addr:city" v="臺北市" />
    <tag k="addr:country" v="TW" />
    <tag k="addr:district" v="中山區" />
    <tag k="addr:full" v="臺北市中山區林森北路609號" />
    <tag k="addr:housenumber" v="609" />
    <tag k="addr:postcode" v="104" />
    <tag k="addr:street" v="林森北路" />
    <tag k="amenity" v="bank" />
    <tag k="atm" v="yes" />
    <tag k="branch" v="晴光分行" />
    <tag k="brand" v="彰化商業銀行" />
    <tag k="brand:en" v="Chang Hwa Bank" />
    <tag k="brand:wikidata" v="Q5071627" />
    <tag k="brand:wikipedia" v="en:Chang Hwa Bank" />
    <tag k="brand:zh" v="彰化商業銀行" />
    <tag k="name" v="彰化商業銀行" />
    <tag k="name:en" v="Chang Hwa Bank" />
    <tag k="name:nan" v="Chiong-hòa Siong-gia̍p Gîn-hâng" />
    <tag k="name:nan-Hant" v="彰化商業銀行" />
    <tag k="name:nan-Latn-pehoeji" v="Chiong-hòa Siong-gia̍p Gîn-hâng" />
    <tag k="name:nan-Latn-tailo" v="Tsiong-huà Siong-gia̍p Gîn-hâng" />
    <tag k="name:zh" v="彰化商業銀行" />
    <tag k="nat_ref" v="10010099721" />
    <tag k="phone" v="+886 2 2595 0551" />
    <tag k="ref" v="99721" />
    <tag k="source" v="金管會" />
    <tag k="source:date" v="2017-08-31" />
  </node>
  <node id="2949647953" lat="25.0667227" lon="121.5260493">
    <tag k="alt_name" v="統一超商" />
    <tag k="brand" v="7-Eleven" />
    <tag k="brand:en" v="7-Eleven" />
    <tag k="brand:wikidata" v="Q259340" />
    <tag k="brand:wikipedia" v="en:7-Eleven" />
    <tag k="name" v="7-Eleven" />
    <tag k="name:ja" v="セブンイレブン" />
    <tag k="shop" v="convenience" />
  </node>
  <node id="3100693920" lat="25.0556364" lon="121.5229397" />
  <node id="3100693923" lat="25.0558520" lon="121.5229508" />
  <node id="3100693926" lat="25.0563905" lon="121.5229789" />
  <node id="3145268596" lat="25.0552198" lon="121.5210638" />
  <node id="3794141116" lat="25.0647092" lon="121.5109358">
    <tag k="brand" v="萊爾富" />
    <tag k="brand:en" v="Hi-Life" />
    <tag k="brand:wikidata" v="Q11326216" />
    <tag k="brand:zh" v="萊爾富" />
    <tag k="name" v="萊爾富" />
    <tag k="name:en" v="Hi-Life" />
    <tag k="name:zh" v="萊爾富" />
    <tag k="shop" v="convenience" />
  </node>
  <node id="3811445880" lat="25.0571263" lon="121.5229951">
    <tag k="amenity" v="waste_basket" />
  </node>
  <node id="3811445881" lat="25.0571820" lon="121.5229802">
    <tag k="amenity" v="telephone" />
  </node>
  <node id="4108971718" lat="25.0517423" lon="121.5378101">
    <tag k="addr:city" v="台北市" />
    <tag k="addr:country" v="TW" />
    <tag k="addr:district" v="中山區" />
    <tag k="addr:full" v="104台北市中山區南京東路三段22號" />
    <tag k="addr:housenumber" v="22" />
    <tag k="addr:postcode" v="104" />
    <tag k="addr:street" v="南京東路三段" />
    <tag k="air_conditioning" v="yes" />
    <tag k="amenity" v="restaurant" />
    <tag k="name" v="椒心苑麻辣鍋" />
    <tag k="outdoor_seating" v="no" />
    <tag k="phone" v="+886 2 2501 9955" />
    <tag k="wheelchair" v="limited" />
  </node>
  <node id="4329769314" lat="25.0558722" lon="121.5225859">
    <tag k="amenity" v="post_box" />
    <tag k="collection_times" v="Mo-Fr 16:00" />
  </node>
  <node id="4838087750" lat="25.0650619" lon="121.5109697">
    <tag k="amenity" v="restaurant" />
    <tag k="name" v="雞蛋客仔煎" />
  </node>
  <node id="4838087752" lat="25.0649627" lon="121.5103238">
    <tag k="amenity" v="place_of_worship" />
    <tag k="name" v="靈聖宮" />
  </node>
  <node id="4838087753" lat="25.0659692" lon="121.5102736">
    <tag k="amenity" v="place_of_worship" />
    <tag k="name" v="廣信府" />
  </node>
  <node id="4838087754" lat="25.0657787" lon="121.5109360">
    <tag k="amenity" v="post_box" />
  </node>
  <node id="4838087758" lat="25.0658076" lon="121.5111729">
    <tag k="alt_name" v="統一超商" />
    <tag k="atm" v="yes" />
    <tag k="branch" v="延年門市" />
    <tag k="brand" v="7-Eleven" />
    <tag k="brand:en" v="7-Eleven" />
    <tag k="brand:wikidata" v="Q259340" />
    <tag k="brand:wikipedia" v="en:7-Eleven" />
    <tag k="name" v="7-Eleven" />
    <tag k="name:ja" v="セブンイレブン" />
    <tag k="shop" v="convenience" />
    <tag k="toilets" v="yes" />
    <tag k="wheelchair" v="yes" />
  </node>
  <node id="5041554601" lat="25.0508708" lon="121.5375650" />
  <node id="5041554602" lat="25.0508537" lon="121.5383899" />
  <node id="5041554603" lat="25.0505392" lon="121.5383820" />
  <node id="5041554604" lat="25.0505563" lon="121.5375571" />
  <node id="5061735321" lat="25.0574462" lon="121.5225823">
    <tag k="addr:city" v="台北市" />
    <tag k="addr:country" v="TW" />
    <tag k="addr:district" v="中山區" />
    <tag k="addr:floor" v="2" />
    <tag k="addr:full" v="台北市中山區中山北路二段82號2樓" />
    <tag k="addr:housenumber" v="82" />
    <tag k="addr:street" v="中山北路二段" />
    <tag k="amenity" v="clinic" />
    <tag k="healthcare" v="psychotherapist" />
    <tag k="name" v="澄心診所" />
    <tag k="phone" v="+886-2-2511-9531" />
  </node>
  <node id="5110489254" lat="25.0562700" lon="121.5230219">
    <tag k="addr:city" v="臺北市" />
    <tag k="addr:country" v="TW" />
    <tag k="addr:district" v="中山區" />
    <tag k="addr:floor" v="1" />
    <tag k="addr:full" v="臺北市中山區中山北路二段61號、61號2樓" />
    <tag k="addr:housenumber" v="61" />
    <tag k="addr:postcode" v="104" />
    <tag k="addr:street" v="中山北路二段" />
    <tag k="amenity" v="bank" />
    <tag k="atm" v="yes" />
    <tag k="branch" v="中山分行" />
    <tag k="brand" v="第一商業銀行" />
    <tag k="brand:en" v="First Commercial Bank" />
    <tag k="brand:wikidata" v="Q11602128" />
    <tag k="brand:wikipedia" v="zh:第一商業銀行" />
    <tag k="brand:zh" v="第一商業銀行" />
    <tag k="drive_through" v="no" />
    <tag k="name" v="第一商業銀行" />
    <tag k="name:en" v="First Commercial Bank" />
    <tag k="name:nan" v="Tē-it Siong-gia̍p Gîn-hâng" />
    <tag k="name:nan-Hant" v="第一商業銀行" />
    <tag k="name:nan-Latn-pehoeji" v="Tē-it Siong-gia̍p Gîn-hâng" />
    <tag k="name:nan-Latn-tailo" v="Tē-it Siong-gia̍p Gîn-hâng" />
    <tag k="name:zh" v="第一商業銀行" />
    <tag k="nat_ref" v="10010071417" />
    <tag k="opening_hours" v="Mo-Fr 09:00-15:30" />
    <tag k="phone" v="+886 2 2521 1111" />
    <tag k="ref" v="71417" />
    <tag k="source" v="金管會" />
    <tag k="source:date" v="2017-08-31" />
  </node>
  <node id="5110489764" lat="25.0548817" lon="121.5223887">
    <tag k="addr:city" v="臺北市" />
    <tag k="addr:country" v="TW" />
    <tag k="addr:district" v="中山區" />
    <tag k="addr:full" v="臺北市中山區中山北路二段42號1樓" />
    <tag k="addr:housenumber" v="42" />
    <tag k="addr:postcode" v="104" />
    <tag k="addr:street" v="中山北路二段" />
    <tag k="amenity" v="bank" />
    <tag k="branch" v="圓山分行" />
    <tag k="brand" v="合作金庫商業銀行" />
    <tag k="brand:en" v="Taiwan Cooperative Bank" />
    <tag k="brand:wikidata" v="Q701540" />
    <tag k="brand:wikipedia" v="en:Taiwan Cooperative Bank" />
    <tag k="brand:zh" v="合作金庫商業銀行" />
    <tag k="name" v="合作金庫商業銀行" />
    <tag k="name:en" v="Taiwan Cooperative Bank" />
    <tag k="name:nan" v="Ha̍p-chok Kim-khò͘ Siong-gia̍p Gîn-hâng" />
    <tag k="name:nan-Hant" v="合作金庫商業銀行" />
    <tag k="name:nan-Latn-pehoeji" v="Ha̍p-chok Kim-khò͘ Siong-gia̍p Gîn-hâng" />
    <tag k="name:nan-Latn-tailo" v="Ha̍p-tsok Kim-khòo Siong-gia̍p Gîn-hâng" />
    <tag k="name:zh" v="合作金庫商業銀行" />
    <tag k="nat_ref" v="10010060822" />
    <tag k="opening_hours" v="Mo-Fr 09:00-15:30" />
    <tag k="phone" v="+886 2 2511 3245" />
    <tag k="ref" v="60822" />
    <tag k="source" v="金管會" />
    <tag k="source:date" v="2017-08-31" />
  </node>
  <node id="5110490309" lat="25.0560038" lon="121.5229943">
    <tag k="addr:city" v="臺北市" />
    <tag k="addr:country" v="TW" />
    <tag k="addr:district" v="中山區" />
    <tag k="addr:full" v="10446臺北市中山區中山北路二段59-3號" />
    <tag k="addr:housenumber" v="59-3" />
    <tag k="addr:postcode" v="10446" />
    <tag k="addr:street" v="中山北路二段" />
    <tag k="brand" v="全家便利商店" />
    <tag k="brand:en" v="FamilyMart" />
    <tag k="brand:ja" v="ファミリーマート" />
    <tag k="brand:wikidata" v="Q10891564" />
    <tag k="brand:zh" v="全家便利商店" />
    <tag k="name" v="全家便利商店" />
    <tag k="name:en" v="FamilyMart" />
    <tag k="name:ja" v="ファミリーマート" />
    <tag k="name:nan" v="Chôan-ke" />
    <tag k="name:zh" v="全家便利商店" />
    <tag k="shop" v="convenience" />
  </node>
  <node id="5166589522" lat="25.0572736" lon="121.5225907">
    <tag k="addr:city" v="台北市" />
    <tag k="addr:country" v="TW" />
    <tag k="addr:district" v="中山區" />
    <tag k="addr:floor" v="1" />
    <tag k="addr:full" v="104台北市中山區中山北路二段78-2號一樓" />
    <tag k="addr:housenumber" v="78-2" />
    <tag k="addr:postcode" v="104" />
    <tag k="addr:street" v="中山北路二段" />
    <tag k="amenity" v="restaurant" />
    <tag k="cuisine" v="beef_noodle;regional" />
    <tag k="name" v="品川蘭中山店" />
    <tag k="name:en" v="Shenxian Szechuan Beef Noodle Restaurant" />
    <tag k="name:zh" v="神仙川味牛肉麵" />
    <tag k="opening_hours" v="Mo-Su 10:00-22:00" />
  </node>
  <node id="5166589523" lat="25.0573571" lon="121.5225863">
    <tag k="addr:city" v="台北市" />
    <tag k="addr:country" v="TW" />
    <tag k="addr:district" v="中山區" />
    <tag k="addr:floor" v="1" />
    <tag k="addr:full" v="104台北市中山區中山北路二段78-3號一樓" />
    <tag k="addr:housenumber" v="78-3" />
    <tag k="addr:postcode" v="104" />
    <tag k="addr:street" v="中山北路二段" />
    <tag k="amenity" v="restaurant" />
    <tag k="cuisine" v="ramen" />
    <tag k="delivery" v="no" />
    <tag k="name" v="誠屋拉麵" />
    <tag k="name:en" v="Ramen Makotoya" />
    <tag k="name:ja" v="ラーメンまこと屋" />
    <tag k="name:zh" v="誠屋拉麵" />
    <tag k="opening_hours" v="Mo-Su 11:30-22:30" />
    <tag k="outdoor_seating" v="no" />
    <tag k="smoking" v="no" />
    <tag k="takeaway" v="no" />
  </node>
  <node id="5293666984" lat="25.0679871" lon="121.5254445">
    <tag k="amenity" v="parking" />
    <tag k="description" v="100/1HR" />
    <tag k="fee" v="yes" />
    <tag k="name" v="歐華酒店附設停車場" />
  </node>
  <node id="5314334356" lat="25.0650804" lon="121.5096693">
    <tag k="amenity" v="place_of_worship" />
    <tag k="denomination" v="長老會" />
    <tag k="name" v="大橋教會" />
    <tag k="religion" v="christian" />
  </node>
  <node id="5322479716" lat="25.0571943" lon="121.5230652">
    <tag k="addr:city" v="臺北市" />
    <tag k="addr:country" v="TW" />
    <tag k="addr:district" v="中山區" />
    <tag k="addr:floor" v="1" />
    <tag k="addr:full" v="104臺北市中山區中山北路二段71號一樓" />
    <tag k="addr:housenumber" v="71" />
    <tag k="addr:postcode" v="104" />
    <tag k="addr:street" v="中山北路二段" />
    <tag k="amenity" v="cafe" />
    <tag k="disused:description" v="交觀綜字號第2102號 品保北1567號 Started at 2014-01-26 on No. 56 (opposite side of the rd) relocated at 2018-04-14" />
    <tag k="disused:name" v="JTB Taiwan" />
    <tag k="disused:name:en" v="JTB Taiwan" />
    <tag k="disused:name:ja" v="JTB台湾 (台北JTBデスク)" />
    <tag k="disused:name:zh" v="JTB台灣" />
    <tag k="disused:opening_hours" v="Mo-Fr 09:00-17:30" />
    <tag k="disused:operator" v="世帝喜旅行社(股)" />
    <tag k="disused:phone" v="+886 2 2568 3877" />
    <tag k="disused:start_date" v="2018-04-14" />
  </node>
  <node id="5324659612" lat="25.0562870" lon="121.5235238">
    <tag k="alt_name" v="第一銀行中山分行停車場" />
    <tag k="amenity" v="parking_entrance" />
    <tag k="name" v="新長越中山大樓停車場 (地下)" />
    <tag k="parking" v="underground" />
  </node>
  <node id="5324659620" lat="25.0561741" lon="121.5229662">
    <tag k="entrance" v="main" />
  </node>
  <node id="5324659721" lat="25.0563073" lon="121.5229740">
    <tag k="entrance" v="yes" />
  </node>
  <node id="5324659746" lat="25.0551920" lon="121.5230371">
    <tag k="addr:city" v="臺北市" />
    <tag k="addr:country" v="TW" />
    <tag k="addr:district" v="中山區" />
    <tag k="addr:floor" v="1" />
    <tag k="addr:full" v="臺北市中山區中山北路二段57號1樓、2樓、地下1樓" />
    <tag k="addr:housenumber" v="57" />
    <tag k="addr:postcode" v="104" />
    <tag k="addr:street" v="中山北路二段" />
    <tag k="amenity" v="bank" />
    <tag k="atm" v="yes" />
    <tag k="branch" v="總部分行" />
    <tag k="brand" v="彰化商業銀行" />
    <tag k="brand:en" v="Chang Hwa Bank" />
    <tag k="brand:wikidata" v="Q5071627" />
    <tag k="brand:wikipedia" v="en:Chang Hwa Bank" />
    <tag k="brand:zh" v="彰化商業銀行" />
    <tag k="name" v="彰化商銀 總部分行" />
    <tag k="name:en" v="Chang Hwa Bank" />
    <tag k="name:nan" v="Chiong-hòa Siong-gia̍p Gîn-hâng" />
    <tag k="name:nan-Hant" v="彰化商銀 總部分行" />
    <tag k="name:nan-Latn-pehoeji" v="Chiong-hòa Siong-gia̍p Gîn-hâng" />
    <tag k="name:nan-Latn-tailo" v="Tsiong-huà Siong-gia̍p Gîn-hâng" />
    <tag k="name:zh" v="彰化商銀 總部分行" />
    <tag k="nat_ref" v="10010095185" />
    <tag k="phone" v="+886 2 2551 4256" />
    <tag k="ref" v="95185" />
    <tag k="source" v="金管會" />
    <tag k="source:date" v="2017-08-31" />
  </node>
  <node id="5324659747" lat="25.0557676" lon="121.5229898">
    <tag k="addr:city" v="臺北市" />
    <tag k="addr:country" v="TW" />
    <tag k="addr:district" v="中山區" />
    <tag k="addr:floor" v="1" />
    <tag k="addr:full" v="10412臺北市中山區中山北路二段57-1號一樓" />
    <tag k="addr:housenumber" v="57-1" />
    <tag k="addr:postcode" v="10412" />
    <tag k="addr:street" v="中山北路二段" />
    <tag k="amenity" v="restaurant" />
    <tag k="cuisine" v="american" />
    <tag k="level" v="1" />
    <tag k="name" v="Buttermilk" />
    <tag k="opening_hours" v="Mo-Su 06:30-22:00" />
    <tag k="phone" v="+886 2 2565 2898" />
    <tag k="takeaway" v="yes" />
  </node>
  <node id="5324659748" lat="25.0557351" lon="121.5229898">
    <tag k="addr:city" v="臺北市" />
    <tag k="addr:country" v="TW" />
    <tag k="addr:district" v="中山區" />
    <tag k="addr:floor" v="B1" />
    <tag k="addr:full" v="10412臺北市中山區中山北路二段57-1號B1樓" />
    <tag k="addr:housenumber" v="57-1" />
    <tag k="addr:postcode" v="10412" />
    <tag k="addr:street" v="中山北路二段" />
    <tag k="amenity" v="bar" />
    <tag k="name" v="MUD" />
    <tag k="opening_hours" v="Tu-Sa 19:00-02:00; Sa 19:00-:00:00" />
  </node>
  <node id="5333496269" lat="25.0647545" lon="121.5088454" />
  <node id="5333496270" lat="25.0647594" lon="121.5093215" />
  <node id="5333496271" lat="25.0655640" lon="121.5094929" />
  <node id="5333496272" lat="25.0658033" lon="121.5089287" />
  <node id="5370646021" lat="25.0662179" lon="121.5270913">
    <tag k="name:en" v="rock'in hair" />
    <tag k="shop" v="beauty" />
  </node>
  <node id="5493901122" lat="25.0556843" lon="121.5219781">
    <tag k="addr:city" v="台北市" />
    <tag k="addr:country" v="TW" />
    <tag k="addr:district" v="中山區" />
    <tag k="addr:full" v="104台北市中山區中山北路二段48巷10號" />
    <tag k="addr:housenumber" v="10" />
    <tag k="addr:postcode" v="104" />
    <tag k="addr:street" v="中山北路二段48巷" />
    <tag k="amenity" v="restaurant" />
    <tag k="email" v="rosedance1953@gmail.com" />
    <tag k="name" v="跳舞咖啡廳" />
    <tag k="opening_hours" v="Tu-Su 13:00-18:00" />
    <tag k="phone" v="+886 2 2523 3645" />
    <tag k="website" v="https://sites.google.com/dance.org.tw/studio" />
  </node>
  <node id="5773643675" lat="25.0668279" lon="121.5249594">
    <tag k="addr:city" v="臺北市" />
    <tag k="addr:country" v="TW" />
    <tag k="addr:district" v="中山區" />
    <tag k="addr:floor" v="1" />
    <tag k="addr:full" v="104439臺北市中山區德惠街9之2號1樓" />
    <tag k="addr:housenumber" v="9-2" />
    <tag k="addr:postcode" v="104439" />
    <tag k="addr:street" v="德惠街" />
    <tag k="amenity" v="bank" />
    <tag k="branch" v="中山分行" />
    <tag k="brand" v="星展銀行" />
    <tag k="brand:en" v="DBS Bank" />
    <tag k="brand:wikidata" v="Q705417" />
    <tag k="brand:zh" v="星展銀行" />
    <tag k="name" v="星展（台灣）商業銀行" />
    <tag k="name:en" v="DBS Bank Taiwan" />
    <tag k="name:zh" v="星展（台灣）商業銀行" />
    <tag k="nat_ref" v="10018106137" />
    <tag k="opening_hours" v="Mo-Fr 09:00-15:30" />
    <tag k="operator" v="星展(台灣)商業銀行股份有限公司" />
    <tag k="phone" v="+886 2 6633 0508" />
    <tag k="ref" v="8106137" />
    <tag k="source" v="金融監督管理委員會" />
    <tag k="source:date" v="2023-05-29" />
    <tag k="website" v="https://www.dbs.com.tw/personal-zh/default.page" />
  </node>
  <node id="5773643740" lat="25.0553974" lon="121.5230023">
    <tag k="addr:city" v="臺北市" />
    <tag k="addr:country" v="TW" />
    <tag k="addr:district" v="中山區" />
    <tag k="addr:full" v="臺北市中山北路二段57號2樓" />
    <tag k="addr:housenumber" v="57" />
    <tag k="addr:postcode" v="104" />
    <tag k="addr:street" v="中山北路二段" />
    <tag k="amenity" v="bank" />
    <tag k="branch" v="國際營運處" />
    <tag k="brand" v="彰化商業銀行" />
    <tag k="brand:en" v="Chang Hwa Bank" />
    <tag k="brand:wikidata" v="Q5071627" />
    <tag k="brand:wikipedia" v="en:Chang Hwa Bank" />
    <tag k="brand:zh" v="彰化商業銀行" />
    <tag k="name" v="彰化商業銀行 國際營運處" />
    <tag k="name:en" v="Chang Hwa Bank" />
    <tag k="name:nan" v="Chiong-hòa Siong-gia̍p Gîn-hâng" />
    <tag k="name:nan-Hant" v="彰化商業銀行 國際營運處" />
    <tag k="name:nan-Latn-pehoeji" v="Chiong-hòa Siong-gia̍p Gîn-hâng" />
    <tag k="name:nan-Latn-tailo" v="Tsiong-huà Siong-gia̍p Gîn-hâng" />
    <tag k="name:zh" v="彰化商業銀行 國際營運處" />
    <tag k="nat_ref" v="10010092113" />
    <tag k="phone" v="+886 2 2536 2951" />
    <tag k="ref" v="92113" />
    <tag k="source" v="金管會" />
    <tag k="source:date" v="2017-08-31" />
  </node>
  <node id="5872901304" lat="25.0551142" lon="121.5223492">
    <tag k="addr:city" v="臺北市" />
    <tag k="addr:country" v="TW" />
    <tag k="addr:district" v="中山區" />
    <tag k="addr:floor" v="1" />
    <tag k="addr:full" v="104臺北市中山區中山北路二段44號一樓" />
    <tag k="addr:housenumber" v="44" />
    <tag k="addr:postcode" v="104" />
    <tag k="addr:street" v="中山北路二段" />
    <tag k="brand" v="全家便利商店" />
    <tag k="brand:en" v="FamilyMart" />
    <tag k="brand:ja" v="ファミリーマート" />
    <tag k="brand:wikidata" v="Q10891564" />
    <tag k="brand:wikipedia" v="zh:全家便利商店" />
    <tag k="brand:zh" v="全家便利商店" />
    <tag k="name" v="全家便利商店" />
    <tag k="name:en" v="FamilyMart" />
    <tag k="name:ja" v="ファミリーマート" />
    <tag k="name:nan" v="Chôan-ke" />
    <tag k="name:zh" v="全家便利商店" />
    <tag k="shop" v="convenience" />
  </node>
  <node id="5872901305" lat="25.0564117" lon="121.5225624">
    <tag k="addr:city" v="台北市" />
    <tag k="addr:country" v="TW" />
    <tag k="addr:district" v="中山區" />
    <tag k="addr:full" v="104台北市中山區中山北路二段50號" />
    <tag k="addr:housenumber" v="50" />
    <tag k="addr:postcode" v="104" />
    <tag k="addr:street" v="中山北路二段" />
    <tag k="alt_name" v="統一超商" />
    <tag k="brand" v="7-Eleven" />
    <tag k="brand:en" v="7-Eleven" />
    <tag k="brand:wikidata" v="Q259340" />
    <tag k="brand:wikipedia" v="en:7-Eleven" />
    <tag k="name" v="7-Eleven" />
    <tag k="name:ja" v="セブンイレブン" />
    <tag k="shop" v="convenience" />
    <tag k="start_date" v="2018-08-27" />
  </node>
  <node id="5992644525" lat="25.0650340" lon="121.5088748" />
  <node id="6064312686" lat="25.0558107" lon="121.5234205">
    <tag k="addr:city" v="台北市" />
    <tag k="addr:country" v="TW" />
    <tag k="addr:district" v="中山區" />
    <tag k="addr:full" v="104台北市中山區中山北路二段59巷10號" />
    <tag k="addr:housenumber" v="10" />
    <tag k="addr:postcode" v="104" />
    <tag k="addr:street" v="中山北路二段59巷" />
    <tag k="amenity" v="restaurant" />
    <tag k="contact:facebook" v="https://www.facebook.com/Fujiyatawan/" />
    <tag k="cuisine" v="japanese" />
    <tag k="delivery" v="no" />
    <tag k="name" v="不二家拉麵店" />
    <tag k="opening_hours" v="11:30-15:00,17:30-02:00" />
    <tag k="outdoor_seating" v="no" />
    <tag k="phone" v="+886 2 25315951" />
    <tag k="takeaway" v="yes" />
  </node>
  <node id="6130571255" lat="25.0661410" lon="121.5102640">
    <tag k="amenity" v="drinking_water" />
    <tag k="bottle" v="yes" />
    <tag k="contact:phone" v="+886 2 2585 0192" />
    <tag k="description" v="臺北市大同區昌吉街131巷對面，國順公園公園東北側(步道旁)" />
    <tag k="description:covid19" v="至2021-11-30二級、三級警戒期間都不開放使用" />
    <tag k="is_in:district" v="大同" />
    <tag k="opening_hours" v="24/7" />
    <tag k="operator" v="工務局公園處" />
    <tag k="ref" v="1256" />
    <tag k="source" v="台北自來水事業處" />
    <tag k="source:date" v="2018-10-02 09:40:00" />
    <tag k="source:department" v="公園處" />
    <tag k="source:devision" v="北區" />
    <tag k="source:type" v="公園" />
    <tag k="source:url" v="https://data.taipei/dataset/detail/metadata?id=155999f2-3c5d-486b-af58-d7f4c0b0a4c9" />
    <tag k="start_date" v="2018-10-04 10:00:00" />
  </node>
  <node id="6579380105" lat="25.0660690" lon="121.5111681">
    <tag k="cuisine" v="tea;juice" />
    <tag k="level" v="0" />
    <tag k="name" v="一芳台灣水果茶" />
    <tag k="outdoor_seating" v="yes" />
    <tag k="shop" v="beverages" />
    <tag k="takeaway" v="only" />
  </node>
  <node id="6579380113" lat="25.0660172" lon="121.5109294">
    <tag k="amenity" v="restaurant" />
    <tag k="level" v="0" />
    <tag k="name" v="錢都" />
    <tag k="name:en" v="Cash city" />
    <tag k="name:zh" v="錢都" />
    <tag k="opening_hours" v="11:00-02:00" />
    <tag k="outdoor_seating" v="no" />
    <tag k="payment:cash" v="only" />
    <tag k="smoking" v="no" />
    <tag k="wheelchair" v="no" />
  </node>
  <node id="6579380123" lat="25.0661664" lon="121.5110882">
    <tag k="brand" v="Yamaha" />
    <tag k="brand:wikidata" v="Q158888" />
    <tag k="name" v="YSP 新協大" />
    <tag k="shop" v="motorcycle" />
  </node>
  <node id="6816629585" lat="25.0658605" lon="121.5099101">
    <tag k="amenity" v="charging_station" />
    <tag k="operator" v="Gogoro" />
  </node>
  <node id="6886468235" lat="25.0647010" lon="121.5093175" />
  <node id="6886468239" lat="25.0658162" lon="121.5095723" />
  <node id="6937731134" lat="25.0570917" lon="121.5210281" />
  <node id="6937731135" lat="25.0570948" lon="121.5211571" />
  <node id="6937731136" lat="25.0570698" lon="121.5211568" />
  <node id="6937731137" lat="25.0570680" lon="121.5210291" />
  <node id="7022030546" lat="25.0574217" lon="121.5223691">
    <tag k="addr:city" v="臺北市" />
    <tag k="addr:country" v="TW" />
    <tag k="addr:district" v="中山區" />
    <tag k="addr:floor" v="1" />
    <tag k="addr:full" v="臺北市中山區中山北路二段84巷6號一樓" />
    <tag k="addr:housenumber" v="6" />
    <tag k="addr:street" v="中山北路二段84巷" />
    <tag k="amenity" v="restaurant" />
    <tag k="cuisine" v="cantonese" />
    <tag k="level" v="1" />
    <tag k="name" v="美天" />
    <tag k="name:en" v="Have A Good Day" />
    <tag k="name:zh" v="美天" />
    <tag k="opening_hours" v="Mo-Su 12:00-21:30" />
    <tag k="phone" v="+886 2 2521 6482" />
    <tag k="start_date" v="2019" />
  </node>
  <node id="7054687335" lat="25.0561926" lon="121.5224428">
    <tag k="addr:floor" v="1" />
    <tag k="amenity" v="restaurant" />
    <tag k="cuisine" v="curry" />
    <tag k="name" v="咖哩匠" />
    <tag k="name:zh" v="Curry Champ" />
  </node>
  <node id="7105727624" lat="25.0665159" lon="121.5265276">
    <tag k="brand" v="全家便利商店" />
    <tag k="brand:en" v="FamilyMart" />
    <tag k="brand:ja" v="ファミリーマート" />
    <tag k="brand:wikidata" v="Q10891564" />
    <tag k="brand:zh" v="全家便利商店" />
    <tag k="name" v="全家便利商店" />
    <tag k="name:en" v="FamilyMart" />
    <tag k="name:nan" v="Chôan-ke" />
    <tag k="name:zh" v="全家便利商店" />
    <tag k="shop" v="convenience" />
  </node>
  <node id="7170215717" lat="25.0648842" lon="121.5110144">
    <tag k="amenity" v="restaurant" />
    <tag k="brand" v="大呼過癮" />
    <tag k="name" v="大呼過癮臭臭鍋" />
  </node>
  <node id="7170215718" lat="25.0649095" lon="121.5109935">
    <tag k="amenity" v="restaurant" />
    <tag k="name" v="東石鮮蚵" />
  </node>
  <node id="7170215719" lat="25.0651517" lon="121.5110147">
    <tag k="amenity" v="restaurant" />
    <tag k="cuisine" v="beef_noodle" />
    <tag k="name" v="汕頭牛肉麵" />
  </node>
  <node id="7170215720" lat="25.0652385" lon="121.5111655">
    <tag k="amenity" v="restaurant" />
    <tag k="cuisine" v="japanese" />
    <tag k="name" v="寶神涮涮鍋" />
  </node>
  <node id="7170215721" lat="25.0653754" lon="121.5109658">
    <tag k="amenity" v="restaurant" />
    <tag k="name" v="大橋頭魯肉飯" />
  </node>
  <node id="7170215722" lat="25.0654485" lon="121.5112005">
    <tag k="amenity" v="fast_food" />
    <tag k="brand" v="胖老爹美式炸雞" />
    <tag k="brand:en" v="Fat Daddy American Fried Chicken" />
    <tag k="brand:wikidata" v="Q66768745" />
    <tag k="brand:zh" v="胖老爹美式炸雞" />
    <tag k="cuisine" v="chicken" />
    <tag k="name" v="胖老爹美式炸雞" />
    <tag k="name:en" v="Fat Daddy American Fried Chicken" />
    <tag k="name:zh" v="胖老爹美式炸雞" />
    <tag k="takeaway" v="only" />
  </node>
  <node id="7170215723" lat="25.0654090" lon="121.5111550">
    <tag k="amenity" v="restaurant" />
    <tag k="name" v="帝一好生猛快炒" />
  </node>
  <node id="7747684812" lat="25.0680375" lon="121.5274009">
    <tag k="amenity" v="restaurant" />
    <tag k="name" v="愛的家園" />
  </node>
  <node id="7747684814" lat="25.0679828" lon="121.5259103">
    <tag k="amenity" v="restaurant" />
    <tag k="name" v="唐獅子居酒屋" />
  </node>
  <node id="7749822699" lat="25.0665469" lon="121.5268625">
    <tag k="amenity" v="restaurant" />
    <tag k="name" v="怡軒清粥小菜" />
  </node>
  <node id="7749822705" lat="25.0667328" lon="121.5264782">
    <tag k="amenity" v="restaurant" />
    <tag k="cuisine" v="breakfast" />
    <tag k="name" v="活力早餐" />
  </node>
  <node id="7749822710" lat="25.0665464" lon="121.5270596">
    <tag k="addr:city" v="臺北市" />
    <tag k="addr:country" v="TW" />
    <tag k="addr:district" v="中山區" />
    <tag k="addr:full" v="104臺北市中山區德惠街46號" />
    <tag k="addr:housenumber" v="46" />
    <tag k="addr:postcode" v="104" />
    <tag k="addr:street" v="德惠街" />
    <tag k="amenity" v="restaurant" />
    <tag k="cuisine" v="sushi" />
    <tag k="name" v="初衷鮨" />
    <tag k="phone" v="+886 0909983983" />
    <tag k="website" v="https://www.facebook.com/share/1anNHhsNdv/?mibextid=wwXIfr" />
  </node>
  <node id="7749822720" lat="25.0664188" lon="121.5273835">
    <tag k="amenity" v="restaurant" />
    <tag k="name" v="可口美" />
  </node>
  <node id="7749842906" lat="25.0671883" lon="121.5262724">
    <tag k="amenity" v="restaurant" />
    <tag k="name" v="廖家飯糰" />
  </node>
  <node id="7800467585" lat="25.0658077" lon="121.5105305">
    <tag k="amenity" v="restaurant" />
    <tag k="name" v="昌吉便當" />
    <tag k="takeaway" v="yes" />
  </node>
  <node id="7800467592" lat="25.0656717" lon="121.5109416">
    <tag k="amenity" v="restaurant" />
    <tag k="name" v="新營人牛肉" />
  </node>
  <node id="7800467597" lat="25.0658460" lon="121.5097252">
    <tag k="amenity" v="restaurant" />
    <tag k="name" v="百九麵攤" />
  </node>
  <node id="7801780725" lat="25.0659652" lon="121.5263756">
    <tag k="amenity" v="restaurant" />
    <tag k="name" v="麻神麻辣火鍋" />
  </node>
  <node id="7801780726" lat="25.0660385" lon="121.5255160">
    <tag k="amenity" v="restaurant" />
    <tag k="name" v="帝國會館" />
  </node>
  <node id="7801780728" lat="25.0663191" lon="121.5253893">
    <tag k="amenity" v="restaurant" />
    <tag k="name" v="TUTTO BELLO" />
  </node>
  <node id="7801780734" lat="25.0681881" lon="121.5254590">
    <tag k="addr:city" v="臺北市" />
    <tag k="addr:country" v="TW" />
    <tag k="addr:district" v="中山區" />
    <tag k="addr:full" v="104臺北市中山區圓山里10鄰林森北路646號" />
    <tag k="addr:hamlet" v="圓山里" />
    <tag k="addr:housenumber" v="646" />
    <tag k="addr:neighbourhood" v="10" />
    <tag k="addr:postcode" v="104" />
    <tag k="addr:street" v="林森北路" />
    <tag k="amenity" v="restaurant" />
    <tag k="contact:facebook" v="https://www.facebook.com/471438290034134" />
    <tag k="name" v="地中海牛排館" />
    <tag k="name:en" v="Mediterranean Restaurant" />
    <tag k="name:zh" v="地中海牛排餐廳" />
    <tag k="phone" v="+886 2 25853258" />
    <tag k="website" v="https://www.rivierataipei.com/tw/dining/mediterranean.asp" />
  </node>
  <node id="7801780735" lat="25.0681122" lon="121.5256112">
    <tag k="amenity" v="restaurant" />
    <tag k="name" v="蔚藍海酒吧餐廳" />
  </node>
  <node id="7801780736" lat="25.0682233" lon="121.5255944">
    <tag k="amenity" v="restaurant" />
    <tag k="name" v="歐華軒" />
  </node>
  <node id="7838071038" lat="25.0509808" lon="121.5380042">
    <tag k="amenity" v="cafe" />
    <tag k="name" v="又上(暫時停業)" />
  </node>
  <node id="8118207176" lat="25.0672278" lon="121.5256280">
    <tag k="alt_name" v="統一超商" />
    <tag k="brand" v="7-Eleven" />
    <tag k="brand:en" v="7-Eleven" />
    <tag k="brand:wikidata" v="Q259340" />
    <tag k="brand:wikipedia" v="en:7-Eleven" />
    <tag k="name" v="7-Eleven" />
    <tag k="payment:ep_easycard" v="yes" />
    <tag k="payment:ep_ipass" v="yes" />
    <tag k="shop" v="convenience" />
  </node>
  <node id="8428073317" lat="25.0557443" lon="121.5210301">
    <tag k="addr:city" v="臺北市" />
    <tag k="addr:country" v="TW" />
    <tag k="addr:district" v="中山區" />
    <tag k="addr:full" v="104臺北市中山區中山北路二段48巷7號" />
    <tag k="addr:housenumber" v="7" />
    <tag k="addr:postcode" v="104" />
    <tag k="addr:street" v="中山北路二段48巷" />
    <tag k="amenity" v="restaurant" />
    <tag k="cuisine" v="chinese" />
    <tag k="name" v="柚子花花" />
  </node>
  <node id="8728046946" lat="25.0567146" lon="121.5224234">
    <tag k="amenity" v="restaurant" />
    <tag k="name" v="吃肉 韓式烤肉" />
    <tag k="name:en" v="EatMeat" />
    <tag k="name:zh" v="吃肉 韓式烤肉" />
    <tag k="opening_hours" v="Mo-Su 17:30-23:00" />
    <tag k="phone" v="+886 2 2511 8825" />
    <tag k="website" v="https://www.facebook.com/eatmeat8825/about/" />
  </node>
  <node id="9247131658" lat="25.0552242" lon="121.5212424">
    <tag k="addr:floor" v="1" />
    <tag k="name" v="DEER LASH 美睫 除毛 紋綉 美甲" />
    <tag k="shop" v="beauty" />
  </node>
  <node id="9247131660" lat="25.0552294" lon="121.5213132">
    <tag k="addr:floor" v="1" />
    <tag k="name" v="MUKK服飾店" />
    <tag k="shop" v="clothes" />
  </node>
  <node id="9256916809" lat="25.0563324" lon="121.5208188">
    <tag k="addr:floor" v="1" />
    <tag k="amenity" v="dentist" />
    <tag k="healthcare" v="dentist" />
  </node>
  <node id="9256917241" lat="25.0565175" lon="121.5208213">
    <tag k="addr:floor" v="1" />
    <tag k="amenity" v="cafe" />
  </node>
  <node id="9257440637" lat="25.0562650" lon="121.5211871" />
  <node id="9257440642" lat="25.0564007" lon="121.5214003" />
  <node id="9257440643" lat="25.0562720" lon="121.5214144" />
  <node id="9257440647" lat="25.0562680" lon="121.5215744" />
  <node id="9257440649" lat="25.0562620" lon="121.5216601" />
  <node id="9257440654" lat="25.0562377" lon="121.5220158" />
  <node id="9257440657" lat="25.0562542" lon="121.5218403" />
  <node id="9257592854" lat="25.0554670" lon="121.5210713" />
  <node id="9257592855" lat="25.0554812" lon="121.5207386" />
  <node id="9257592856" lat="25.0551257" lon="121.5207124" />
  <node id="9257592857" lat="25.0551089" lon="121.5210604" />
  <node id="9258829233" lat="25.0561940" lon="121.5211139" />
  <node id="9258829236" lat="25.0555435" lon="121.5210734" />
  <node id="9260222064" lat="25.0562904" lon="121.5215262">
    <tag k="addr:floor" v="1" />
    <tag k="name" v="Starry hair design" />
    <tag k="shop" v="hairdresser" />
  </node>
  <node id="9260222065" lat="25.0562850" lon="121.5217785">
    <tag k="addr:floor" v="1" />
    <tag k="amenity" v="restaurant" />
    <tag k="name" v="安妞韓館" />
  </node>
  <node id="9260222066" lat="25.0562784" lon="121.5219731">
    <tag k="addr:floor" v="1" />
    <tag k="name" v="La Fashion" />
    <tag k="shop" v="clothes" />
  </node>
  <node id="9260222067" lat="25.0563861" lon="121.5214820" />
  <node id="9260222068" lat="25.0562560" lon="121.5214869" />
  <node id="9260222069" lat="25.0562926" lon="121.5216979">
    <tag k="addr:floor" v="1" />
    <tag k="name" v="種花音樂工作室" />
    <tag k="shop" v="music" />
  </node>
  <node id="9260222073" lat="25.0566818" lon="121.5211936" />
  <node id="9260222074" lat="25.0566469" lon="121.5225990" />
  <node id="9260222075" lat="25.0562378" lon="121.5218078" />
  <node id="9260222076" lat="25.0562661" lon="121.5212250" />
  <node id="9260222080" lat="25.0562467" lon="121.5222590" />
  <node id="9260222085" lat="25.0562903" lon="121.5221473">
    <tag k="addr:floor" v="1" />
    <tag k="name" v="B.simple" />
    <tag k="shop" v="hairdresser" />
  </node>
  <node id="9260222086" lat="25.0562884" lon="121.5220491">
    <tag k="addr:floor" v="1" />
    <tag k="name" v="不放藝廊 Bouffant Hair Design 2nd" />
    <tag k="shop" v="hairdresser" />
  </node>
  <node id="9260222089" lat="25.0562833" lon="121.5218882">
    <tag k="addr:floor" v="1" />
    <tag k="amenity" v="restaurant" />
    <tag k="name" v="吉松和漢日本料理" />
  </node>
  <node id="9260228695" lat="25.0566833" lon="121.5211475" />
  <node id="9260228696" lat="25.0566978" lon="121.5207817" />
  <node id="9260228697" lat="25.0564595" lon="121.5207652" />
  <node id="9260228698" lat="25.0564442" lon="121.5211484" />
  <node id="9260228699" lat="25.0564371" lon="121.5207647" />
  <node id="9260228700" lat="25.0562933" lon="121.5207533" />
  <node id="9260228701" lat="25.0562115" lon="121.5211450" />
  <node id="9260228702" lat="25.0564223" lon="121.5211475" />
  <node id="9260228703" lat="25.0567196" lon="121.5211952" />
  <node id="9260228704" lat="25.0566848" lon="121.5226076" />
  <node id="9260228705" lat="25.0569994" lon="121.5226134" />
  <node id="9260228706" lat="25.0570151" lon="121.5211995" />
  <node id="9260228707" lat="25.0571097" lon="121.5211573" />
  <node id="9260228708" lat="25.0570815" lon="121.5208182" />
  <node id="9260228709" lat="25.0568387" lon="121.5207931" />
  <node id="9260228710" lat="25.0567365" lon="121.5207843" />
  <node id="9260228711" lat="25.0567215" lon="121.5211519" />
  <node id="9260228712" lat="25.0567970" lon="121.5211534" />
  <node id="9260286657" lat="25.0562943" lon="121.5223012">
    <tag k="addr:floor" v="1" />
    <tag k="amenity" v="restaurant" />
    <tag k="name" v="旬採鮨処-中山店" />
  </node>
  <node id="9260286658" lat="25.0563036" lon="121.5224913">
    <tag k="addr:floor" v="1" />
    <tag k="name" v="萬波島嶼紅茶台北中山店" />
    <tag k="shop" v="beverages" />
  </node>
  <node id="9260286662" lat="25.0569447" lon="121.5214256">
    <tag k="addr:floor" v="1" />
    <tag k="name" v="雅信服裝社" />
    <tag k="shop" v="clothes" />
  </node>
  <node id="9260286663" lat="25.0569338" lon="121.5215040">
    <tag k="name" v="伊通村日式整体院-" />
    <tag k="shop" v="massage" />
  </node>
  <node id="9260286664" lat="25.0569504" lon="121.5215854">
    <tag k="addr:city" v="台北市" />
    <tag k="addr:country" v="TW" />
    <tag k="addr:district" v="中山區" />
    <tag k="addr:floor" v="3" />
    <tag k="addr:full" v="10491台北市中山區中山北路二段72巷18-1號三樓" />
    <tag k="addr:housenumber" v="18-1" />
    <tag k="addr:postcode" v="10491" />
    <tag k="addr:street" v="中山北路二段72巷" />
    <tag k="amenity" v="cafe" />
    <tag k="check_date" v="2026-03-03" />
    <tag k="level" v="2" />
    <tag k="name" v="好人好室 x 七二聚場" />
  </node>
  <node id="9260286666" lat="25.0569637" lon="121.5221461">
    <tag k="addr:floor" v="1" />
    <tag k="name" v="田園城市生活風格書店" />
    <tag k="shop" v="books" />
  </node>
  <node id="9260305542" lat="25.0569195" lon="121.5211115">
    <tag k="addr:floor" v="1" />
    <tag k="amenity" v="restaurant" />
    <tag k="name" v="榕豆花" />
  </node>
  <node id="9260305543" lat="25.0567838" lon="121.5210950">
    <tag k="addr:floor" v="1" />
    <tag k="name" v="誇手設計" />
    <tag k="shop" v="beauty" />
  </node>
  <node id="9260305544" lat="25.0569549" lon="121.5213507">
    <tag k="addr:floor" v="1" />
    <tag k="name" v="雅信服裝社" />
    <tag k="shop" v="clothes" />
  </node>
  <node id="9260305545" lat="25.0566191" lon="121.5213844">
    <tag k="addr:floor" v="1" />
    <tag k="amenity" v="cafe" />
    <tag k="name" v="June Cafe 六月咖啡" />
  </node>
  <node id="9260305546" lat="25.0567422" lon="121.5221472">
    <tag k="addr:floor" v="1" />
    <tag k="name" v="f. 美髮" />
    <tag k="shop" v="beauty" />
  </node>
  <node id="9260305547" lat="25.0567573" lon="121.5220482">
    <tag k="addr:floor" v="1" />
    <tag k="name" v="La Belleza Hair Salon" />
    <tag k="shop" v="beauty" />
  </node>
  <node id="9260305548" lat="25.0567586" lon="121.5223622">
    <tag k="addr:floor" v="1" />
    <tag k="name" v="Crystal shop" />
    <tag k="shop" v="beauty" />
  </node>
  <node id="9260305549" lat="25.0567886" lon="121.5212812">
    <tag k="addr:floor" v="1" />
    <tag k="clothes" v="wedding" />
    <tag k="name" v="永恆婚禮顧問社" />
    <tag k="shop" v="clothes" />
  </node>
  <node id="9260305550" lat="25.0568638" lon="121.5225497">
    <tag k="addr:floor" v="1" />
    <tag k="amenity" v="restaurant" />
    <tag k="name" v="Su/food 台北中山北店" />
  </node>
  <node id="9260305551" lat="25.0571162" lon="121.5211993" />
  <node id="9260305552" lat="25.0570543" lon="121.5212004" />
  <node id="9260305553" lat="25.0570487" lon="121.5217803" />
  <node id="9260305554" lat="25.0570400" lon="121.5224194" />
  <node id="9260305555" lat="25.0570391" lon="121.5226247" />
  <node id="9260305556" lat="25.0575063" lon="121.5226531" />
  <node id="9260305557" lat="25.0574801" lon="121.5224696" />
  <node id="9260305558" lat="25.0574573" lon="121.5222663" />
  <node id="9260305559" lat="25.0574480" lon="121.5222261" />
  <node id="9260305560" lat="25.0573285" lon="121.5221994" />
  <node id="9260305561" lat="25.0573089" lon="121.5221940" />
  <node id="9260305562" lat="25.0572992" lon="121.5221810" />
  <node id="9260305563" lat="25.0572255" lon="121.5218930" />
  <node id="9260305564" lat="25.0571973" lon="121.5217870" />
  <node id="9260305565" lat="25.0571966" lon="121.5217540" />
  <node id="9260305566" lat="25.0571849" lon="121.5215327" />
  <node id="9260305567" lat="25.0571801" lon="121.5214334" />
  <node id="9260305568" lat="25.0571311" lon="121.5212541" />
  <node id="9260305569" lat="25.0570538" lon="121.5212552" />
  <node id="9260305570" lat="25.0571437" lon="121.5213001" />
  <node id="9260305571" lat="25.0570533" lon="121.5213011" />
  <node id="9260305572" lat="25.0571665" lon="121.5213836" />
  <node id="9260305573" lat="25.0570525" lon="121.5213813" />
  <node id="9260521050" lat="25.0555498" lon="121.5209404" />
  <node id="9260521051" lat="25.0556259" lon="121.5209449" />
  <node id="9260521052" lat="25.0561319" lon="121.5207494" />
  <node id="9260521053" lat="25.0562126" lon="121.5207263" />
  <node id="9260521055" lat="25.0561551" lon="121.5207507" />
  <node id="9260521056" lat="25.0556079" lon="121.5209438" />
  <node id="9260636543" lat="25.0571711" lon="121.5214397" />
  <node id="9260636545" lat="25.0570503" lon="121.5216165" />
  <node id="9260636546" lat="25.0570522" lon="121.5214374" />
  <node id="9260636547" lat="25.0571894" lon="121.5216146" />
  <node id="9260636548" lat="25.0571919" lon="121.5216779" />
  <node id="9260636549" lat="25.0570496" lon="121.5216782" />
  <node id="9260636550" lat="25.0571969" lon="121.5217701" />
  <node id="9260636551" lat="25.0570488" lon="121.5217724" />
  <node id="9260636552" lat="25.0572169" lon="121.5218608" />
  <node id="9260636553" lat="25.0570464" lon="121.5218571" />
  <node id="9260636554" lat="25.0572362" lon="121.5219346" />
  <node id="9260636555" lat="25.0570456" lon="121.5219314" />
  <node id="9260636556" lat="25.0572668" lon="121.5220544" />
  <node id="9260636557" lat="25.0570442" lon="121.5220502" />
  <node id="9260636560" lat="25.0570428" lon="121.5221764" />
  <node id="9260636564" lat="25.0572696" lon="121.5220653" />
  <node id="9260636565" lat="25.0572842" lon="121.5221222" />
  <node id="9260636567" lat="25.0570417" lon="121.5222737" />
  <node id="9260636569" lat="25.0570418" lon="121.5223991" />
  <node id="9260636571" lat="25.0570396" lon="121.5225109" />
  <node id="9260636572" lat="25.0572006" lon="121.5226345" />
  <node id="9260636574" lat="25.0573157" lon="121.5226415" />
  <node id="9260636576" lat="25.0573764" lon="121.5226452" />
  <node id="9260636577" lat="25.0574850" lon="121.5225042" />
  <node id="9260636578" lat="25.0574641" lon="121.5223035" />
  <node id="9260636580" lat="25.0573595" lon="121.5222063" />
  <node id="9260636590" lat="25.0570398" lon="121.5224632" />
  <node id="9260636607" lat="25.0571276" lon="121.5225790">
    <tag k="amenity" v="bar" />
    <tag k="name" v="享 鍋酒館" />
  </node>
  <node id="9260636608" lat="25.0572815" lon="121.5224698">
    <tag k="addr:floor" v="1" />
    <tag k="amenity" v="restaurant" />
    <tag k="name" v="BeApe Restaurant" />
  </node>
  <node id="9260636609" lat="25.0571228" lon="121.5219956">
    <tag k="addr:floor" v="1" />
    <tag k="amenity" v="restaurant" />
    <tag k="name" v="千采複合式客家菜" />
  </node>
  <node id="9260641949" lat="25.0573268" lon="121.5218777">
    <tag k="addr:floor" v="1" />
    <tag k="name" v="菲芮藝術美甲Fairy Nails/台北美甲" />
    <tag k="shop" v="beauty" />
  </node>
  <node id="9276710281" lat="25.0566554" lon="121.5222567" />
  <node id="9276710290" lat="25.0572952" lon="121.5221655" />
  <node id="9276764966" lat="25.0570138" lon="121.5213200" />
  <node id="9360196206" lat="25.0560600" lon="121.5229000">
    <tag k="alt_name" v="YouBike2.0_中山北路二段59巷口" />
    <tag k="alt_name:en" v="YouBike2.0_Ln. 59, Sec. 2, Zhongshan N. Rd." />
    <tag k="alt_name:zh" v="YouBike2.0_中山北路二段59巷口" />
    <tag k="alt_name:zh-Bopo" v="YouBike2.0_ㄓㄨㄥㄕㄢㄅㄟˇㄌㄨˋㄦˋㄉㄨㄢˋ59ㄒㄧㄤˋㄎㄡˇ" />
    <tag k="alt_name:zh-Hans" v="YouBike2.0_中山北路二段59巷口" />
    <tag k="alt_name:zh-Hant" v="YouBike2.0_中山北路二段59巷口" />
    <tag k="alt_name:zh-Latn-pinyin" v="YouBike2.0_zhōngshānběilùèrduàn59xiàngkǒu" />
    <tag k="amenity" v="bicycle_rental" />
    <tag k="authentication:app" v="yes" />
    <tag k="authentication:contactless" v="yes" />
    <tag k="authentication:membership_card" v="yes" />
    <tag k="bicycle_rental" v="docking_station" />
    <tag k="brand" v="YouBike 2.0" />
    <tag k="brand:en" v="YouBike 2.0" />
    <tag k="brand:wikidata" v="Q20687952" />
    <tag k="brand:wikipedia" v="en:YouBike" />
    <tag k="brand:zh" v="微笑單車2.0" />
    <tag k="capacity" v="12" />
    <tag k="description" v="中山北路二段59之3號前" />
    <tag k="description:en" v="No. 59-3, Sec. 2, Zhongshan N. Rd." />
    <tag k="description:zh" v="中山北路二段59之3號前" />
    <tag k="description:zh-Hans" v="中山北路二段59之3号前" />
    <tag k="description:zh-Hant" v="中山北路二段59之3號前" />
    <tag k="fee" v="yes" />
    <tag k="name" v="中山北路二段59巷口" />
    <tag k="name:en" v="Ln. 59, Sec. 2, Zhongshan N. Rd." />
    <tag k="name:zh" v="中山北路二段59巷口" />
    <tag k="name:zh-Bopo" v="ㄓㄨㄥㄕㄢㄅㄟˇㄌㄨˋㄦˋㄉㄨㄢˋ59ㄒㄧㄤˋㄎㄡˇ" />
    <tag k="name:zh-Hans" v="中山北路二段59巷口" />
    <tag k="name:zh-Hant" v="中山北路二段59巷口" />
    <tag k="name:zh-Latn-pinyin" v="zhōngshānběilùèrduàn59xiàngkǒu" />
    <tag k="nat_ref" v="TPE500107077" />
    <tag k="network" v="臺北市公共自行車租賃系統" />
    <tag k="network:en" v="Taipei City Public Bike" />
    <tag k="network:wikidata" v="Q20687952" />
    <tag k="network:zh" v="臺北市公共自行車租賃系統" />
    <tag k="opening_hours" v="24/7" />
    <tag k="operator" v="微笑單車股份有限公司" />
    <tag k="operator:en" v="YOUBIKE CO." />
    <tag k="operator:type" v="government" />
    <tag k="operator:wikidata" v="Q703557" />
    <tag k="operator:zh" v="微笑單車股份有限公司" />
    <tag k="payment:credit_cards" v="yes" />
    <tag k="payment:ep_easycard" v="yes" />
    <tag k="payment:ep_easywallet" v="yes" />
    <tag k="payment:ep_ipass" v="yes" />
    <tag k="payment:jcb" v="yes" />
    <tag k="payment:mastercard" v="yes" />
    <tag k="payment:visa" v="yes" />
    <tag k="ref" v="500107077" />
    <tag k="rental" v="city_bike" />
    <tag k="source" v="PTX" />
    <tag k="source:date" v="2021-12-10T16:26:38+08:00" />
  </node>
  <node id="9360196211" lat="25.0557500" lon="121.5216800">
    <tag k="alt_name" v="YouBike2.0_捷運行政大樓" />
    <tag k="alt_name:en" v="YouBike2.0_MRT Administration Building" />
    <tag k="alt_name:zh" v="YouBike2.0_捷運行政大樓" />
    <tag k="alt_name:zh-Bopo" v="YouBike2.0_ㄐㄧㄝˊㄩㄣˋㄒㄧㄥˊㄓㄥˋㄉㄚˋㄌㄡˊ" />
    <tag k="alt_name:zh-Hans" v="YouBike2.0_捷运行政大楼" />
    <tag k="alt_name:zh-Hant" v="YouBike2.0_捷運行政大樓" />
    <tag k="alt_name:zh-Latn-pinyin" v="YouBike2.0_jiéyùnxíngzhèngdàlóu" />
    <tag k="amenity" v="bicycle_rental" />
    <tag k="authentication:app" v="yes" />
    <tag k="authentication:contactless" v="yes" />
    <tag k="authentication:membership_card" v="yes" />
    <tag k="bicycle_rental" v="docking_station" />
    <tag k="brand" v="YouBike 2.0" />
    <tag k="brand:en" v="YouBike 2.0" />
    <tag k="brand:wikidata" v="Q20687952" />
    <tag k="brand:wikipedia" v="en:YouBike" />
    <tag k="brand:zh" v="微笑單車2.0" />
    <tag k="capacity" v="14" />
    <tag k="description" v="中山北路二段48巷7號前" />
    <tag k="description:en" v="No. 7, Ln. 48, Sec. 2, Zhongshan N. Rd" />
    <tag k="description:zh" v="中山北路二段48巷7號前" />
    <tag k="description:zh-Hans" v="中山北路二段48巷7号前" />
    <tag k="description:zh-Hant" v="中山北路二段48巷7號前" />
    <tag k="fee" v="yes" />
    <tag k="name" v="捷運行政大樓" />
    <tag k="name:en" v="MRT Administration Building" />
    <tag k="name:zh" v="捷運行政大樓" />
    <tag k="name:zh-Bopo" v="ㄐㄧㄝˊㄩㄣˋㄒㄧㄥˊㄓㄥˋㄉㄚˋㄌㄡˊ" />
    <tag k="name:zh-Hans" v="捷运行政大楼" />
    <tag k="name:zh-Hant" v="捷運行政大樓" />
    <tag k="name:zh-Latn-pinyin" v="jiéyùnxíngzhèngdàlóu" />
    <tag k="nat_ref" v="TPE500107070" />
    <tag k="network" v="臺北市公共自行車租賃系統" />
    <tag k="network:en" v="Taipei City Public Bike" />
    <tag k="network:wikidata" v="Q20687952" />
    <tag k="network:zh" v="臺北市公共自行車租賃系統" />
    <tag k="opening_hours" v="24/7" />
    <tag k="operator" v="微笑單車股份有限公司" />
    <tag k="operator:en" v="YOUBIKE CO." />
    <tag k="operator:type" v="government" />
    <tag k="operator:wikidata" v="Q703557" />
    <tag k="operator:zh" v="微笑單車股份有限公司" />
    <tag k="payment:credit_cards" v="yes" />
    <tag k="payment:ep_easycard" v="yes" />
    <tag k="payment:ep_easywallet" v="yes" />
    <tag k="payment:ep_ipass" v="yes" />
    <tag k="payment:jcb" v="yes" />
    <tag k="payment:mastercard" v="yes" />
    <tag k="payment:visa" v="yes" />
    <tag k="ref" v="500107070" />
    <tag k="rental" v="city_bike" />
    <tag k="source" v="PTX" />
    <tag k="source:date" v="2021-12-10T16:26:38+08:00" />
  </node>
  <node id="9360227632" lat="25.0665200" lon="121.5276200">
    <tag k="alt_name" v="YouBike2.0_新生德惠街口" />
    <tag k="alt_name:en" v="YouBike2.0_Xinsheng Rd. &amp; Dehui St. Intersection" />
    <tag k="alt_name:zh" v="YouBike2.0_新生德惠街口" />
    <tag k="alt_name:zh-Bopo" v="YouBike2.0_ㄒㄧㄣㄕㄥㄉㄜˊㄏㄨㄟˋㄐㄧㄝㄎㄡˇ" />
    <tag k="alt_name:zh-Hans" v="YouBike2.0_新生德惠街口" />
    <tag k="alt_name:zh-Hant" v="YouBike2.0_新生德惠街口" />
    <tag k="alt_name:zh-Latn-pinyin" v="YouBike2.0_xīnshēngdéhuìjiēkǒu" />
    <tag k="amenity" v="bicycle_rental" />
    <tag k="authentication:app" v="yes" />
    <tag k="authentication:contactless" v="yes" />
    <tag k="authentication:membership_card" v="yes" />
    <tag k="bicycle_rental" v="docking_station" />
    <tag k="brand" v="YouBike 2.0" />
    <tag k="brand:en" v="YouBike 2.0" />
    <tag k="brand:wikidata" v="Q20687952" />
    <tag k="brand:wikipedia" v="en:YouBike" />
    <tag k="brand:zh" v="微笑單車2.0" />
    <tag k="capacity" v="35" />
    <tag k="description" v="新生北路三段76號對側" />
    <tag k="description:en" v="No. 76, Sec. 3, Xinsheng N. Rd. (Opposite)" />
    <tag k="description:zh" v="新生北路三段76號對側" />
    <tag k="description:zh-Hans" v="新生北路三段76号对侧" />
    <tag k="description:zh-Hant" v="新生北路三段76號對側" />
    <tag k="fee" v="yes" />
    <tag k="name" v="新生德惠街口" />
    <tag k="name:en" v="Xinsheng Rd. &amp; Dehui St. Intersection" />
    <tag k="name:zh" v="新生德惠街口" />
    <tag k="name:zh-Bopo" v="ㄒㄧㄣㄕㄥㄉㄜˊㄏㄨㄟˋㄐㄧㄝㄎㄡˇ" />
    <tag k="name:zh-Hans" v="新生德惠街口" />
    <tag k="name:zh-Hant" v="新生德惠街口" />
    <tag k="name:zh-Latn-pinyin" v="xīnshēngdéhuìjiēkǒu" />
    <tag k="nat_ref" v="TPE500107040" />
    <tag k="network" v="YouBike 2.0" />
    <tag k="network:en" v="Taipei City Public Bike" />
    <tag k="network:wikidata" v="Q20687952" />
    <tag k="network:zh" v="臺北市公共自行車租賃系統" />
    <tag k="opening_hours" v="24/7" />
    <tag k="operator" v="Giant" />
    <tag k="operator:en" v="YOUBIKE CO." />
    <tag k="operator:type" v="private" />
    <tag k="operator:wikidata" v="Q703557" />
    <tag k="operator:zh" v="微笑單車股份有限公司" />
    <tag k="payment:credit_cards" v="yes" />
    <tag k="payment:ep_easycard" v="yes" />
    <tag k="payment:ep_easywallet" v="yes" />
    <tag k="payment:ep_ipass" v="yes" />
    <tag k="payment:jcb" v="yes" />
    <tag k="payment:mastercard" v="yes" />
    <tag k="payment:visa" v="yes" />
    <tag k="ref" v="500107040" />
    <tag k="rental" v="city_bike" />
    <tag k="source" v="PTX" />
    <tag k="source:date" v="2021-12-10T16:26:38+08:00" />
  </node>
  <node id="9360227652" lat="25.0659400" lon="121.5107800">
    <tag k="alt_name" v="YouBike2.0_國順公園" />
    <tag k="alt_name:en" v="YouBike2.0_Guoshun Park" />
    <tag k="alt_name:zh" v="YouBike2.0_國順公園" />
    <tag k="alt_name:zh-Bopo" v="YouBike2.0_ㄍㄨㄛˊㄕㄨㄣˋㄍㄨㄥㄩㄢˊ" />
    <tag k="alt_name:zh-Hans" v="YouBike2.0_国顺公园" />
    <tag k="alt_name:zh-Hant" v="YouBike2.0_國順公園" />
    <tag k="alt_name:zh-Latn-pinyin" v="YouBike2.0_guóshùngōngyuán" />
    <tag k="amenity" v="bicycle_rental" />
    <tag k="authentication:app" v="yes" />
    <tag k="authentication:contactless" v="yes" />
    <tag k="authentication:membership_card" v="yes" />
    <tag k="bicycle_rental" v="docking_station" />
    <tag k="brand" v="YouBike 2.0" />
    <tag k="brand:en" v="YouBike 2.0" />
    <tag k="brand:wikidata" v="Q20687952" />
    <tag k="brand:wikipedia" v="en:YouBike" />
    <tag k="brand:zh" v="微笑單車2.0" />
    <tag k="capacity" v="20" />
    <tag k="description" v="昌吉街117號前" />
    <tag k="description:en" v="No. 117, Changji St." />
    <tag k="description:zh" v="昌吉街117號前" />
    <tag k="description:zh-Hans" v="昌吉街117号前" />
    <tag k="description:zh-Hant" v="昌吉街117號前" />
    <tag k="fee" v="yes" />
    <tag k="name" v="國順公園" />
    <tag k="name:en" v="Guoshun Park" />
    <tag k="name:zh" v="國順公園" />
    <tag k="name:zh-Bopo" v="ㄍㄨㄛˊㄕㄨㄣˋㄍㄨㄥㄩㄢˊ" />
    <tag k="name:zh-Hans" v="国顺公园" />
    <tag k="name:zh-Hant" v="國順公園" />
    <tag k="name:zh-Latn-pinyin" v="guóshùngōngyuán" />
    <tag k="nat_ref" v="TPE500103038" />
    <tag k="network" v="臺北市公共自行車租賃系統" />
    <tag k="network:en" v="Taipei City Public Bike" />
    <tag k="network:wikidata" v="Q20687952" />
    <tag k="network:zh" v="臺北市公共自行車租賃系統" />
    <tag k="opening_hours" v="24/7" />
    <tag k="operator" v="微笑單車股份有限公司" />
    <tag k="operator:en" v="YOUBIKE CO." />
    <tag k="operator:type" v="government" />
    <tag k="operator:wikidata" v="Q703557" />
    <tag k="operator:zh" v="微笑單車股份有限公司" />
    <tag k="payment:credit_cards" v="yes" />
    <tag k="payment:ep_easycard" v="yes" />
    <tag k="payment:ep_easywallet" v="yes" />
    <tag k="payment:ep_ipass" v="yes" />
    <tag k="payment:jcb" v="yes" />
    <tag k="payment:mastercard" v="yes" />
    <tag k="payment:visa" v="yes" />
    <tag k="ref" v="500103038" />
    <tag k="rental" v="city_bike" />
    <tag k="source" v="PTX" />
    <tag k="source:date" v="2023-12-24T20:12:17+08:00" />
  </node>
  <node id="9375696093" lat="25.0557035" lon="121.5210253">
    <tag k="addr:floor" v="1" />
    <tag k="amenity" v="cafe" />
    <tag k="brand" v="路易莎咖啡" />
    <tag k="brand:en" v="Louisa Coffee" />
    <tag k="brand:wikidata" v="Q96390921" />
    <tag k="brand:zh" v="路易莎咖啡" />
    <tag k="cuisine" v="coffee_shop" />
    <tag k="diet:vegetarian" v="yes" />
    <tag k="indoor_seating" v="yes" />
    <tag k="name" v="路易莎咖啡" />
    <tag k="name:en" v="Louisa Coffee" />
    <tag k="name:zh" v="路易莎咖啡" />
    <tag k="opening_hours" v="Mo-Su 07:00-21:00" />
    <tag k="outdoor_seating" v="no" />
    <tag k="takeaway" v="yes" />
    <tag k="wheelchair" v="limited" />
  </node>
  <node id="9434102115" lat="25.0574733" lon="121.5226118">
    <tag k="name" v="山頂鳥" />
    <tag k="name:en" v="Hilltop" />
    <tag k="name:zh" v="山頂鳥" />
    <tag k="shop" v="outdoor" />
  </node>
  <node id="9528868032" lat="25.0515707" lon="121.5381994">
    <tag k="amenity" v="parking_entrance" />
  </node>
  <node id="9528868042" lat="25.0514046" lon="121.5380407">
    <tag k="access" v="yes" />
    <tag k="amenity" v="parking" />
    <tag k="fee" v="yes" />
  </node>
  <node id="9528868049" lat="25.0515730" lon="121.5378125">
    <tag k="amenity" v="parking_entrance" />
  </node>
  <node id="9528868054" lat="25.0516037" lon="121.5376244">
    <tag k="amenity" v="parking_entrance" />
  </node>
  <node id="9529180980" lat="25.0515731" lon="121.5372894">
    <tag k="amenity" v="parking_entrance" />
  </node>
  <node id="9531726907" lat="25.0515306" lon="121.5371400" />
  <node id="9531726908" lat="25.0512317" lon="121.5371367" />
  <node id="9531726909" lat="25.0513518" lon="121.5374851" />
  <node id="9531726910" lat="25.0515276" lon="121.5374879" />
  <node id="9531726911" lat="25.0515292" lon="121.5373340" />
  <node id="9531730717" lat="25.0513539" lon="121.5373054" />
  <node id="9531730718" lat="25.0512307" lon="121.5373048" />
  <node id="9531730719" lat="25.0510448" lon="121.5371775">
    <tag k="name" v="強生運動科技台北旗艦店" />
    <tag k="shop" v="yes" />
  </node>
  <node id="9531759948" lat="25.0513521" lon="121.5374514" />
  <node id="9548623266" lat="25.0514878" lon="121.5388180" />
  <node id="9548643506" lat="25.0515778" lon="121.5386654">
    <tag k="amenity" v="parking_entrance" />
  </node>
  <node id="9548643507" lat="25.0513685" lon="121.5388146" />
  <node id="9548643508" lat="25.0513745" lon="121.5385550" />
  <node id="9548643509" lat="25.0515043" lon="121.5385586" />
  <node id="9548643510" lat="25.0514984" lon="121.5388183" />
  <node id="9548925565" lat="25.0512266" lon="121.5382367">
    <tag k="name" v="和成零組件供應中心" />
    <tag k="shop" v="houseware" />
  </node>
  <node id="9548925566" lat="25.0512447" lon="121.5375696">
    <tag k="addr:city" v="臺北市" />
    <tag k="addr:country" v="TW" />
    <tag k="addr:district" v="中山區" />
    <tag k="addr:full" v="104臺北市中山區力行里27鄰南京東路三段14巷9號" />
    <tag k="addr:hamlet" v="力行里" />
    <tag k="addr:housenumber" v="9" />
    <tag k="addr:neighbourhood" v="27" />
    <tag k="addr:postcode" v="104" />
    <tag k="addr:street" v="南京東路三段14巷" />
    <tag k="amenity" v="restaurant" />
    <tag k="contact:facebook" v="https://www.facebook.com/110999020252890" />
    <tag k="name" v="楸食棧鐵板美食" />
    <tag k="phone" v="+886 2 2517 8823" />
  </node>
  <node id="9561143670" lat="25.0665871" lon="121.5271783">
    <tag k="amenity" v="restaurant" />
    <tag k="name" v="晴光牛肉麵" />
  </node>
  <node id="9625808975" lat="25.0672920" lon="121.5251880">
    <tag k="amenity" v="parcel_locker" />
    <tag k="brand" v="i郵箱" />
    <tag k="brand:en" v="iBox" />
    <tag k="brand:nan" v="i-iû-siuⁿ" />
    <tag k="brand:nan-Hant" v="i郵箱" />
    <tag k="brand:nan-Latn-pehoeji" v="i-iû-siuⁿ" />
    <tag k="brand:nan-Latn-tailo" v="i-iû-siunn" />
    <tag k="brand:wikidata" v="Q4375439" />
    <tag k="brand:zh" v="i郵箱" />
    <tag k="brand:zh-Hans" v="i邮箱" />
    <tag k="brand:zh-Hant" v="i郵箱" />
    <tag k="capacity" v="30" />
    <tag k="description" v="10400臺北市中山區新生北路3段82-4號，入口右側" />
    <tag k="description:payment" v="郵政金融卡/悠遊卡/一卡通/愛金卡" />
    <tag k="name" v="臺北SESA新生好鄰居i郵箱" />
    <tag k="note" v="四代櫃(智慧郵筒)" />
    <tag k="opening_hours" v="24/7" />
    <tag k="operator" v="中華郵政" />
    <tag k="operator:en" v="Chunghwa Post" />
    <tag k="operator:nan" v="Tiong-hôa Iû-chèng" />
    <tag k="operator:nan-Hant" v="中華郵政" />
    <tag k="operator:nan-Latn-pehoeji" v="Tiong-hôa Iû-chèng" />
    <tag k="operator:nan-Latn-tailo" v="Tiong-huâ Iû-tsìng" />
    <tag k="operator:wikidata" v="Q709259" />
    <tag k="operator:wikipedia" v="zh:中華郵政" />
    <tag k="operator:zh" v="中華郵政" />
    <tag k="operator:zh-Hans" v="中华邮政" />
    <tag k="operator:zh-Hant" v="中華郵政" />
    <tag k="parcel_mail_in" v="yes" />
    <tag k="parcel_pickup" v="yes" />
    <tag k="payment:ep_easycard" v="yes" />
    <tag k="payment:ep_icash" v="yes" />
    <tag k="payment:ep_ipass" v="yes" />
    <tag k="refrigerated" v="no" />
    <tag k="source" v="中華郵政" />
    <tag k="source:date" v="2021-10-05 16:58" />
    <tag k="source:url" v="https://data.gov.tw/dataset/52779" />
  </node>
  <node id="9682731193" lat="25.0649376" lon="121.5111735">
    <tag k="addr:city" v="台北市" />
    <tag k="addr:country" v="TW" />
    <tag k="addr:district" v="大同區" />
    <tag k="addr:full" v="104台北市大同區延平北路三段42號" />
    <tag k="addr:housenumber" v="42" />
    <tag k="addr:postcode" v="104" />
    <tag k="addr:street" v="延平北路三段" />
    <tag k="amenity" v="restaurant" />
    <tag k="cuisine" v="asian" />
    <tag k="delivery" v="Mo,We-Su 06:00-16:00" />
    <tag k="internet_access" v="no" />
    <tag k="internet_access:fee" v="no" />
    <tag k="level" v="1" />
    <tag k="name" v="大橋頭米糕" />
    <tag k="name:en" v="Daqiaotou rice cakes" />
    <tag k="name:zh" v="大橋頭米糕" />
    <tag k="opening_hours" v="Mo,We-Su 06:00-16:00; 09:00-17:00; PH unknown" />
    <tag k="phone" v="+886 2 2594 4685" />
    <tag k="takeaway" v="yes" />
    <tag k="website" v="https://www.facebook.com/dqtfood?fref=ts" />
  </node>
  <node id="9894818218" lat="25.0564899" lon="121.5225609">
    <tag k="branch" v="東南店" />
    <tag k="brand" v="全家便利商店" />
    <tag k="brand:en" v="FamilyMart" />
    <tag k="brand:wikidata" v="Q10891564" />
    <tag k="brand:zh" v="全家便利商店" />
    <tag k="name" v="全家便利商店" />
    <tag k="name:en" v="FamilyMart" />
    <tag k="name:zh" v="全家便利商店" />
    <tag k="shop" v="convenience" />
  </node>
  <node id="10051905098" lat="25.0497084" lon="121.5378765" />
  <node id="10051905099" lat="25.0495905" lon="121.5378743" />
  <node id="10051905100" lat="25.0495856" lon="121.5381350" />
  <node id="10051905101" lat="25.0497051" lon="121.5381340" />
  <node id="10051919908" lat="25.0498622" lon="121.5390482">
    <tag k="amenity" v="parking_entrance" />
    <tag k="parking" v="underground" />
  </node>
  <node id="10281867160" lat="25.0572727" lon="121.5230676">
    <tag k="addr:city" v="臺北市" />
    <tag k="addr:country" v="TW" />
    <tag k="addr:district" v="中山區" />
    <tag k="addr:floor" v="2" />
    <tag k="addr:full" v="臺北市中山區中山北路二段71號1、2樓" />
    <tag k="addr:housenumber" v="71" />
    <tag k="addr:postcode" v="104611" />
    <tag k="addr:street" v="中山北路二段" />
    <tag k="brand" v="7-Eleven" />
    <tag k="brand:en" v="7-Eleven" />
    <tag k="brand:wikidata" v="Q259340" />
    <tag k="brand:wikipedia" v="en:7-Eleven" />
    <tag k="disused:name" v="東南旅行社" />
    <tag k="disused:office" v="travel_agent" />
    <tag k="name" v="7-Eleven" />
    <tag k="shop" v="convenience" />
  </node>
  <node id="10281867165" lat="25.0570715" lon="121.5230512" />
  <node id="10281867166" lat="25.0570615" lon="121.5236331" />
  <node id="10281867169" lat="25.0569846" lon="121.5230112" />
  <node id="10801155900" lat="25.0665305" lon="121.5097486" />
  <node id="10801155901" lat="25.0665293" lon="121.5097748" />
  <node id="10801155902" lat="25.0665384" lon="121.5098170" />
  <node id="10801155903" lat="25.0665852" lon="121.5099444" />
  <node id="10801155904" lat="25.0666666" lon="121.5099907" />
  <node id="10801189505" lat="25.0670383" lon="121.5102240" />
  <node id="10801189506" lat="25.0671282" lon="121.5102415" />
  <node id="10801189507" lat="25.0671270" lon="121.5101288" />
  <node id="10801189508" lat="25.0671100" lon="121.5096983" />
  <node id="10801189509" lat="25.0665743" lon="121.5096608" />
  <node id="11107398169" lat="25.0559505" lon="121.5231510" />
  <node id="11107398170" lat="25.0560012" lon="121.5231540" />
  <node id="11245265167" lat="25.0518068" lon="121.5374915" />
  <node id="11245265168" lat="25.0518080" lon="121.5373793" />
  <node id="11245265169" lat="25.0516520" lon="121.5373772" />
  <node id="11245265170" lat="25.0516524" lon="121.5373357" />
  <node id="11285107869" lat="25.0664727" lon="121.5256634">
    <tag k="amenity" v="restaurant" />
    <tag k="cuisine" v="ramen" />
    <tag k="name" v="麵匡匡" />
    <tag k="name:en" v="MKK Ramen Studio" />
  </node>
  <node id="11453087606" lat="25.0567600" lon="121.5226800">
    <tag k="alt_name" v="YouBike2.0_中山北路二段62巷口" />
    <tag k="alt_name:en" v="YouBike2.0_Ln. 62, Sec. 2, Zhongshan N. Rd." />
    <tag k="alt_name:zh" v="YouBike2.0_中山北路二段62巷口" />
    <tag k="alt_name:zh-Bopo" v="YouBike2.0_ㄓㄨㄥㄕㄢㄅㄟˇㄌㄨˋㄦˋㄉㄨㄢˋ62ㄒㄧㄤˋㄎㄡˇ" />
    <tag k="alt_name:zh-Hans" v="YouBike2.0_中山北路二段62巷口" />
    <tag k="alt_name:zh-Hant" v="YouBike2.0_中山北路二段62巷口" />
    <tag k="alt_name:zh-Latn-pinyin" v="YouBike2.0_zhōngshānběilùèrduàn62xiàngkǒu" />
    <tag k="amenity" v="bicycle_rental" />
    <tag k="authentication:app" v="yes" />
    <tag k="authentication:contactless" v="yes" />
    <tag k="authentication:membership_card" v="yes" />
    <tag k="bicycle_rental" v="docking_station" />
    <tag k="brand" v="YouBike 2.0" />
    <tag k="brand:en" v="YouBike 2.0" />
    <tag k="brand:wikidata" v="Q20687952" />
    <tag k="brand:wikipedia" v="en:YouBike" />
    <tag k="brand:zh" v="微笑單車2.0" />
    <tag k="capacity" v="12" />
    <tag k="description" v="中山北路二段66號前" />
    <tag k="description:en" v="No. 66, Sec. 2, Zhongshan N. Rd." />
    <tag k="description:zh" v="中山北路二段66號前" />
    <tag k="description:zh-Hans" v="中山北路二段66号前" />
    <tag k="description:zh-Hant" v="中山北路二段66號前" />
    <tag k="fee" v="yes" />
    <tag k="name" v="中山北路二段62巷口" />
    <tag k="name:en" v="Ln. 62, Sec. 2, Zhongshan N. Rd." />
    <tag k="name:zh" v="中山北路二段62巷口" />
    <tag k="name:zh-Bopo" v="ㄓㄨㄥㄕㄢㄅㄟˇㄌㄨˋㄦˋㄉㄨㄢˋ62ㄒㄧㄤˋㄎㄡˇ" />
    <tag k="name:zh-Hans" v="中山北路二段62巷口" />
    <tag k="name:zh-Hant" v="中山北路二段62巷口" />
    <tag k="name:zh-Latn-pinyin" v="zhōngshānběilùèrduàn62xiàngkǒu" />
    <tag k="nat_ref" v="TPE500107137" />
    <tag k="network" v="臺北市公共自行車租賃系統" />
    <tag k="network:en" v="Taipei City Public Bike" />
    <tag k="network:wikidata" v="Q20687952" />
    <tag k="network:zh" v="臺北市公共自行車租賃系統" />
    <tag k="opening_hours" v="24/7" />
    <tag k="operator" v="微笑單車股份有限公司" />
    <tag k="operator:en" v="YOUBIKE CO." />
    <tag k="operator:type" v="government" />
    <tag k="operator:wikidata" v="Q703557" />
    <tag k="operator:zh" v="微笑單車股份有限公司" />
    <tag k="payment:credit_cards" v="yes" />
    <tag k="payment:ep_easycard" v="yes" />
    <tag k="payment:ep_easywallet" v="yes" />
    <tag k="payment:ep_ipass" v="yes" />
    <tag k="payment:jcb" v="yes" />
    <tag k="payment:mastercard" v="yes" />
    <tag k="payment:visa" v="yes" />
    <tag k="ref" v="500107137" />
    <tag k="rental" v="city_bike" />
    <tag k="source" v="TDX" />
    <tag k="source:date" v="2023-12-24T20:12:17+08:00" />
  </node>
  <node id="11453087615" lat="25.0668800" lon="121.5257000">
    <tag k="alt_name" v="YouBike2.0_林森德惠街口" />
    <tag k="alt_name:en" v="YouBike2.0_Linsen Rd. &amp; Dehui St. Intersection" />
    <tag k="alt_name:zh" v="YouBike2.0_林森德惠街口" />
    <tag k="alt_name:zh-Bopo" v="YouBike2.0_ㄌㄧㄣˊㄙㄣㄉㄜˊㄏㄨㄟˋㄐㄧㄝㄎㄡˇ" />
    <tag k="alt_name:zh-Hans" v="YouBike2.0_林森德惠街口" />
    <tag k="alt_name:zh-Hant" v="YouBike2.0_林森德惠街口" />
    <tag k="alt_name:zh-Latn-pinyin" v="YouBike2.0_línsēndéhuìjiēkǒu" />
    <tag k="amenity" v="bicycle_rental" />
    <tag k="authentication:app" v="yes" />
    <tag k="authentication:contactless" v="yes" />
    <tag k="authentication:membership_card" v="yes" />
    <tag k="bicycle_rental" v="docking_station" />
    <tag k="brand" v="YouBike 2.0" />
    <tag k="brand:en" v="YouBike 2.0" />
    <tag k="brand:wikidata" v="Q20687952" />
    <tag k="brand:wikipedia" v="en:YouBike" />
    <tag k="brand:zh" v="微笑單車2.0" />
    <tag k="capacity" v="16" />
    <tag k="description" v="德惠街11號東側" />
    <tag k="description:en" v="No. 11, Dehui St. (East)" />
    <tag k="description:zh" v="德惠街11號東側" />
    <tag k="description:zh-Hans" v="德惠街11号东侧" />
    <tag k="description:zh-Hant" v="德惠街11號東側" />
    <tag k="fee" v="yes" />
    <tag k="name" v="林森德惠街口" />
    <tag k="name:en" v="Linsen Rd. &amp; Dehui St. Intersection" />
    <tag k="name:zh" v="林森德惠街口" />
    <tag k="name:zh-Bopo" v="ㄌㄧㄣˊㄙㄣㄉㄜˊㄏㄨㄟˋㄐㄧㄝㄎㄡˇ" />
    <tag k="name:zh-Hans" v="林森德惠街口" />
    <tag k="name:zh-Hant" v="林森德惠街口" />
    <tag k="name:zh-Latn-pinyin" v="línsēndéhuìjiēkǒu" />
    <tag k="nat_ref" v="TPE500107128" />
    <tag k="network" v="YouBike 2.0" />
    <tag k="network:en" v="Taipei City Public Bike" />
    <tag k="network:wikidata" v="Q20687952" />
    <tag k="network:zh" v="臺北市公共自行車租賃系統" />
    <tag k="opening_hours" v="24/7" />
    <tag k="operator" v="Giant" />
    <tag k="operator:en" v="YOUBIKE CO." />
    <tag k="operator:type" v="private" />
    <tag k="operator:wikidata" v="Q703557" />
    <tag k="operator:zh" v="微笑單車股份有限公司" />
    <tag k="payment:credit_cards" v="yes" />
    <tag k="payment:ep_easycard" v="yes" />
    <tag k="payment:ep_easywallet" v="yes" />
    <tag k="payment:ep_ipass" v="yes" />
    <tag k="payment:jcb" v="yes" />
    <tag k="payment:mastercard" v="yes" />
    <tag k="payment:visa" v="yes" />
    <tag k="ref" v="500107128" />
    <tag k="rental" v="city_bike" />
    <tag k="source" v="TDX" />
    <tag k="source:date" v="2023-12-24T20:12:17+08:00" />
  </node>
  <node id="11919062700" lat="25.0562156" lon="121.5221620" />
  <node id="11919062701" lat="25.0562423" lon="121.5221405" />
  <node id="11919062702" lat="25.0562509" lon="121.5220894" />
  <node id="11919123456" lat="25.0562381" lon="121.5220096" />
  <node id="11919129710" lat="25.0562705" lon="121.5207935" />
  <node id="11924866716" lat="25.0561942" lon="121.5224161" />
  <node id="11924866717" lat="25.0561647" lon="121.5225882" />
  <node id="11924866718" lat="25.0564330" lon="121.5224117" />
  <node id="11924866719" lat="25.0564328" lon="121.5225942" />
  <node id="11924866720" lat="25.0562624" lon="121.5225991" />
  <node id="11924866721" lat="25.0562728" lon="121.5224374" />
  <node id="11924866722" lat="25.0563824" lon="121.5224426" />
  <node id="11924866723" lat="25.0563865" lon="121.5224145" />
  <node id="11925473744" lat="25.0562642" lon="121.5213277" />
  <node id="11925473747" lat="25.0562671" lon="121.5212631" />
  <node id="12234230601" lat="25.0570618" lon="121.5223302">
    <tag k="name" v="廣方園茗茶" />
    <tag k="shop" v="tea" />
  </node>
  <node id="12438580586" lat="25.0563656" lon="121.5236106" />
  <node id="12438580593" lat="25.0560493" lon="121.5231895" />
  <node id="12438580600" lat="25.0562209" lon="121.5234899">
    <tag k="barrier" v="lift_gate" />
  </node>
  <node id="12438632205" lat="25.0561339" lon="121.5233799">
    <tag k="barrier" v="lift_gate" />
  </node>
  <node id="12438632209" lat="25.0563659" lon="121.5235952" />
  <node id="12438632210" lat="25.0562343" lon="121.5235100" />
  <node id="12438632211" lat="25.0563049" lon="121.5236079" />
  <node id="12438632212" lat="25.0562930" lon="121.5235984" />
  <node id="12438632213" lat="25.0561633" lon="121.5234034" />
  <node id="12438632214" lat="25.0560460" lon="121.5233096" />
  <node id="12438632215" lat="25.0560478" lon="121.5232435" />
  <node id="12438632216" lat="25.0560487" lon="121.5232114" />
  <node id="12438632219" lat="25.0563695" lon="121.5234128" />
  <node id="12438632222" lat="25.0560500" lon="121.5231614" />
  <node id="12438632224" lat="25.0560065" lon="121.5229563" />
  <node id="12438632225" lat="25.0559559" lon="121.5229533" />
  <node id="12438632227" lat="25.0560555" lon="121.5229592" />
  <node id="12438632248" lat="25.0555888" lon="121.5233805" />
  <node id="12438632251" lat="25.0556198" lon="121.5232165" />
  <node id="12438632257" lat="25.0556028" lon="121.5231524">
    <tag k="amenity" v="parking_entrance" />
    <tag k="name" v="彰化商銀總部地下停車場" />
    <tag k="parking" v="underground" />
  </node>
  <node id="12438632258" lat="25.0553446" lon="121.5234226" />
  <node id="12438632261" lat="25.0550954" lon="121.5234096" />
  <node id="12438632262" lat="25.0558435" lon="121.5232632" />
  <node id="12438632263" lat="25.0556297" lon="121.5229770" />
  <node id="12438632264" lat="25.0556214" lon="121.5231770" />
  <node id="12438632268" lat="25.0556135" lon="121.5233691" />
  <node id="12438632269" lat="25.0556312" lon="121.5229399" />
  <node id="12438632270" lat="25.0550613" lon="121.5234078" />
  <node id="12438632271" lat="25.0554818" lon="121.5234297" />
  <node id="12438632284" lat="25.0557427" lon="121.5230484">
    <tag k="addr:city" v="臺北市" />
    <tag k="addr:country" v="TW" />
    <tag k="addr:district" v="中山區" />
    <tag k="addr:full" v="10412臺北市中山區中山北路二段57-1號" />
    <tag k="addr:housenumber" v="57-1" />
    <tag k="addr:postcode" v="10412" />
    <tag k="addr:street" v="中山北路二段" />
    <tag k="internet_access" v="wlan" />
    <tag k="internet_access:fee" v="no" />
    <tag k="name" v="台北中山意舍酒店" />
    <tag k="name:en" v="amba Taipei Zhongshan" />
    <tag k="name:zh" v="台北中山意舍酒店" />
    <tag k="phone" v="+886 2 2565 2828" />
    <tag k="rooms" v="90" />
    <tag k="smoking" v="no" />
    <tag k="tourism" v="hotel" />
    <tag k="website" v="https://www.amba-hotels.com/zhongshan/" />
    <tag k="wikidata" v="Q115968499" />
  </node>
  <node id="12438632285" lat="25.0553014" lon="121.5229209" />
  <node id="12438632291" lat="25.0552809" lon="121.5229198" />
  <node id="12438632293" lat="25.0551059" lon="121.5229097" />
  <node id="12438632294" lat="25.0550796" lon="121.5229358" />
  <node id="12438632295" lat="25.0550705" lon="121.5231290" />
  <node id="12438632297" lat="25.0550734" lon="121.5231518" />
  <node id="12438632298" lat="25.0550637" lon="121.5233565" />
  <node id="12438632300" lat="25.0554907" lon="121.5229318" />
  <node id="12438667964" lat="25.0555175" lon="121.5218015" />
  <node id="12438667965" lat="25.0555172" lon="121.5218085" />
  <node id="12438667970" lat="25.0556440" lon="121.5221720" />
  <node id="12438667971" lat="25.0556424" lon="121.5222079" />
  <node id="12438667972" lat="25.0556325" lon="121.5221714" />
  <node id="12438667973" lat="25.0556309" lon="121.5222072" />
  <node id="12438667974" lat="25.0556743" lon="121.5221737" />
  <node id="12438667975" lat="25.0554592" lon="121.5221619" />
  <node id="12438667976" lat="25.0557887" lon="121.5222159" />
  <node id="12438667977" lat="25.0554576" lon="121.5221978" />
  <node id="12438667978" lat="25.0555196" lon="121.5217551" />
  <node id="12438667979" lat="25.0556992" lon="121.5217960" />
  <node id="12438667980" lat="25.0556977" lon="121.5218288" />
  <node id="12438667981" lat="25.0557055" lon="121.5218293" />
  <node id="12438667982" lat="25.0557035" lon="121.5218747" />
  <node id="12438667983" lat="25.0556279" lon="121.5218705" />
  <node id="12438667984" lat="25.0555948" lon="121.5218340" />
  <node id="12438667985" lat="25.0555617" lon="121.5218048" />
  <node id="12438667986" lat="25.0555188" lon="121.5217720" />
  <node id="12438667987" lat="25.0554751" lon="121.5218062" />
  <node id="12438667988" lat="25.0555292" lon="121.5218055" />
  <node id="12438667989" lat="25.0555611" lon="121.5218216" />
  <node id="12438667990" lat="25.0555854" lon="121.5218424" />
  <node id="12438667991" lat="25.0556027" lon="121.5218625" />
  <node id="12438667992" lat="25.0556148" lon="121.5218786" />
  <node id="12438667993" lat="25.0556030" lon="121.5221425" />
  <node id="12438667994" lat="25.0554604" lon="121.5221347" />
  <node id="12438667995" lat="25.0556735" lon="121.5221915" />
  <node id="12438667996" lat="25.0556971" lon="121.5221927" />
  <node id="12438667998" lat="25.0557834" lon="121.5218205" />
  <node id="12438667999" lat="25.0557579" lon="121.5218192" />
  <node id="12438668000" lat="25.0557588" lon="121.5217993" />
  <node id="12438673801" lat="25.0557314" lon="121.5217978" />
  <node id="12438673807" lat="25.0557718" lon="121.5222016" />
  <node id="12438673808" lat="25.0557895" lon="121.5221981" />
  <node id="12438673813" lat="25.0558080" lon="121.5217844" />
  <node id="12438695364" lat="25.0556243" lon="121.5209784" />
  <node id="12438695365" lat="25.0556223" lon="121.5210210" />
  <node id="12438695366" lat="25.0555780" lon="121.5210184" />
  <node id="12438695371" lat="25.0556418" lon="121.5214006" />
  <node id="12438695373" lat="25.0557187" lon="121.5214954" />
  <node id="12438695374" lat="25.0559828" lon="121.5215108" />
  <node id="12438695378" lat="25.0561081" lon="121.5213819" />
  <node id="12438695379" lat="25.0561102" lon="121.5213388" />
  <node id="12438695380" lat="25.0561531" lon="121.5213413" />
  <node id="12438695381" lat="25.0561670" lon="121.5210529" />
  <node id="12438695382" lat="25.0561240" lon="121.5210503" />
  <node id="12438695383" lat="25.0561261" lon="121.5210078" />
  <node id="12438873128" lat="25.0555498" lon="121.5215574">
    <tag k="amenity" v="parking_entrance" />
    <tag k="maxheight" v="2" />
    <tag k="name" v="臺北捷運公司員工停車場" />
    <tag k="parking" v="underground" />
  </node>
  <node id="12438873136" lat="25.0561490" lon="121.5215888">
    <tag k="amenity" v="parking_entrance" />
    <tag k="maxheight" v="2" />
    <tag k="name" v="臺北捷運公司員工停車場" />
    <tag k="parking" v="underground" />
  </node>
  <node id="12438873146" lat="25.0558923" lon="121.5216106" />
  <node id="12438873147" lat="25.0557957" lon="121.5216050" />
  <node id="12438873148" lat="25.0557946" lon="121.5216277" />
  <node id="12438873149" lat="25.0558912" lon="121.5216334" />
  <node id="12438873158" lat="25.0559816" lon="121.5215403" />
  <node id="12438873159" lat="25.0559866" lon="121.5215681" />
  <node id="12438873160" lat="25.0560043" lon="121.5215954" />
  <node id="12438873161" lat="25.0560258" lon="121.5216154" />
  <node id="12438873162" lat="25.0560522" lon="121.5216246" />
  <node id="12438873163" lat="25.0561249" lon="121.5216258" />
  <node id="12438873164" lat="25.0561416" lon="121.5216201" />
  <node id="12438873165" lat="25.0561684" lon="121.5215935" />
  <node id="12438873166" lat="25.0561446" lon="121.5215642" />
  <node id="12438873167" lat="25.0561336" lon="121.5215752" />
  <node id="12438873168" lat="25.0561199" lon="121.5215809" />
  <node id="12438873169" lat="25.0560575" lon="121.5215798" />
  <node id="12438873170" lat="25.0560423" lon="121.5215683" />
  <node id="12438873171" lat="25.0560314" lon="121.5215487" />
  <node id="12438873172" lat="25.0560277" lon="121.5215267" />
  <node id="12438873173" lat="25.0560386" lon="121.5214936" />
  <node id="12438873174" lat="25.0560602" lon="121.5214815" />
  <node id="12438873175" lat="25.0561228" lon="121.5214851" />
  <node id="12438873176" lat="25.0561403" lon="121.5214947" />
  <node id="12438873177" lat="25.0561506" lon="121.5215054" />
  <node id="12438873178" lat="25.0561568" lon="121.5215210" />
  <node id="12438873179" lat="25.0561560" lon="121.5215369" />
  <node id="12438873180" lat="25.0561736" lon="121.5215380" />
  <node id="12438873181" lat="25.0561689" lon="121.5216348" />
  <node id="12438873182" lat="25.0561548" lon="121.5216488" />
  <node id="12438873183" lat="25.0557412" lon="121.5214967" />
  <node id="12438873184" lat="25.0557351" lon="121.5216242" />
  <node id="12438873185" lat="25.0559543" lon="121.5216371" />
  <node id="12438873186" lat="25.0559605" lon="121.5215095" />
  <node id="12438873187" lat="25.0556094" lon="121.5215564" />
  <node id="12438873188" lat="25.0557147" lon="121.5215237" />
  <node id="12438873189" lat="25.0557067" lon="121.5215467" />
  <node id="12438873190" lat="25.0556914" lon="121.5215710" />
  <node id="12438873191" lat="25.0556680" lon="121.5215911" />
  <node id="12438873192" lat="25.0556388" lon="121.5216004" />
  <node id="12438873193" lat="25.0555905" lon="121.5215976" />
  <node id="12438873194" lat="25.0555627" lon="121.5215895" />
  <node id="12438873195" lat="25.0555248" lon="121.5215624" />
  <node id="12438873196" lat="25.0555534" lon="121.5215341" />
  <node id="12438873197" lat="25.0555766" lon="121.5215508" />
  <node id="12438873198" lat="25.0556356" lon="121.5215569" />
  <node id="12438873199" lat="25.0556510" lon="121.5215488" />
  <node id="12438873200" lat="25.0556628" lon="121.5215379" />
  <node id="12438873601" lat="25.0556712" lon="121.5215202" />
  <node id="12438873602" lat="25.0556733" lon="121.5215034" />
  <node id="12438873603" lat="25.0556675" lon="121.5214784" />
  <node id="12438873604" lat="25.0556419" lon="121.5214610" />
  <node id="12438873605" lat="25.0555811" lon="121.5214575" />
  <node id="12438873606" lat="25.0555668" lon="121.5214602" />
  <node id="12438873607" lat="25.0555532" lon="121.5214707" />
  <node id="12438873608" lat="25.0555442" lon="121.5214887" />
  <node id="12438873609" lat="25.0555436" lon="121.5215018" />
  <node id="12438873610" lat="25.0555230" lon="121.5215006" />
  <node id="12438873611" lat="25.0555177" lon="121.5216115" />
  <node id="12438873612" lat="25.0555669" lon="121.5212502" />
  <node id="12438873613" lat="25.0555649" lon="121.5212915" />
  <node id="12438873614" lat="25.0555538" lon="121.5212908" />
  <node id="12438873615" lat="25.0555493" lon="121.5213855" />
  <node id="12438873616" lat="25.0556423" lon="121.5213909" />
  <node id="12438873617" lat="25.0555281" lon="121.5213940" />
  <node id="12438873618" lat="25.0555351" lon="121.5212483" />
  <node id="12438873619" lat="25.0555753" lon="121.5210753" />
  <node id="12438873620" lat="25.0560866" lon="121.5213806" />
  <node id="12438873621" lat="25.0560863" lon="121.5213873" />
  <node id="12438873622" lat="25.0561538" lon="121.5213913" />
  <node id="12438873623" lat="25.0561553" lon="121.5213600" />
  <node id="12438873624" lat="25.0561093" lon="121.5213573" />
  <node id="12438873625" lat="25.0561858" lon="121.5212841" />
  <node id="12438873626" lat="25.0561559" lon="121.5212824" />
  <node id="12438873627" lat="25.0561099" lon="121.5213447" />
  <node id="12438873628" lat="25.0561677" lon="121.5213481" />
  <node id="12438873629" lat="25.0561650" lon="121.5214038" />
  <node id="12438873630" lat="25.0560857" lon="121.5213991" />
  <node id="12438873631" lat="25.0560853" lon="121.5214077" />
  <node id="12438873632" lat="25.0561796" lon="121.5214132" />
  <node id="12438873634" lat="25.0561557" lon="121.5207367" />
  <node id="12438873641" lat="25.0561807" lon="121.5207244" />
  <node id="12438873642" lat="25.0561728" lon="121.5207352" />
  <node id="12438873644" lat="25.0561606" lon="121.5207388" />
  <node id="12438873645" lat="25.0561195" lon="121.5210074" />
  <node id="12438873646" lat="25.0561641" lon="121.5211122" />
  <node id="12438873649" lat="25.0562089" lon="121.5208037" />
  <node id="12438873650" lat="25.0562110" lon="121.5207589" />
  <node id="12438924176" lat="25.0558625" lon="121.5217700" />
  <node id="12438924177" lat="25.0561940" lon="121.5217881" />
  <node id="12438924178" lat="25.0561590" lon="121.5225703" />
  <node id="12438924179" lat="25.0558275" lon="121.5225522" />
  <node id="12438924180" lat="25.0558293" lon="121.5225110" />
  <node id="12438924181" lat="25.0554427" lon="121.5225312" />
  <node id="12438924190" lat="25.0561387" lon="121.5223608" />
  <node id="12438924191" lat="25.0561443" lon="121.5223729" />
  <node id="12438924192" lat="25.0561678" lon="121.5223742" />
  <node id="12438924193" lat="25.0561712" lon="121.5222971" />
  <node id="12438924194" lat="25.0558700" lon="121.5223461" />
  <node id="12438924195" lat="25.0558622" lon="121.5223575" />
  <node id="12438924196" lat="25.0558363" lon="121.5223561" />
  <node id="12438924197" lat="25.0558397" lon="121.5222790" />
  <node id="12438924198" lat="25.0559763" lon="121.5225185" />
  <node id="12438924199" lat="25.0559613" lon="121.5225039" />
  <node id="12438924200" lat="25.0559536" lon="121.5224836" />
  <node id="12439012201" lat="25.0559546" lon="121.5224615" />
  <node id="12439012202" lat="25.0559641" lon="121.5224422" />
  <node id="12439012203" lat="25.0559803" lon="121.5224293" />
  <node id="12439012204" lat="25.0560193" lon="121.5224314" />
  <node id="12439012205" lat="25.0560343" lon="121.5224460" />
  <node id="12439012206" lat="25.0560420" lon="121.5224663" />
  <node id="12439012207" lat="25.0560410" lon="121.5224884" />
  <node id="12439012208" lat="25.0560315" lon="121.5225077" />
  <node id="12439012209" lat="25.0560153" lon="121.5225206" />
  <node id="12439012210" lat="25.0559956" lon="121.5225245" />
  <node id="12439012211" lat="25.0560000" lon="121.5224254" />
  <node id="12439012212" lat="25.0559552" lon="121.5224230" />
  <node id="12439012213" lat="25.0560449" lon="121.5224279" />
  <node id="12439012214" lat="25.0560405" lon="121.5225269" />
  <node id="12439012215" lat="25.0559508" lon="121.5225220" />
  <node id="12439012216" lat="25.0558688" lon="121.5224921" />
  <node id="12439012217" lat="25.0558734" lon="121.5223911" />
  <node id="12439012218" lat="25.0558971" lon="121.5225191" />
  <node id="12439012219" lat="25.0558982" lon="121.5224937" />
  <node id="12439012220" lat="25.0560932" lon="121.5225298" />
  <node id="12439012221" lat="25.0561279" lon="121.5224050" />
  <node id="12439012222" lat="25.0561234" lon="121.5225060" />
  <node id="12439012223" lat="25.0560943" lon="121.5225044" />
  <node id="12439012224" lat="25.0558441" lon="121.5223895" />
  <node id="12439012225" lat="25.0561594" lon="121.5224067" />
  <node id="12439012226" lat="25.0561537" lon="121.5225331" />
  <node id="12439012227" lat="25.0558384" lon="121.5225159" />
  <node id="12439012232" lat="25.0561531" lon="121.5217859" />
  <node id="12439012233" lat="25.0559046" lon="121.5217723" />
  <node id="12439012236" lat="25.0561612" lon="121.5219939">
    <tag k="amenity" v="parking_entrance" />
    <tag k="name" v="台北富邦銀行大樓地下停車場 (出口)" />
    <tag k="parking" v="underground" />
  </node>
  <node id="12439012237" lat="25.0558788" lon="121.5219785">
    <tag k="amenity" v="parking_entrance" />
    <tag k="name" v="台北富邦銀行大樓地下停車場 (入口)" />
    <tag k="parking" v="underground" />
  </node>
  <node id="12439012244" lat="25.0559945" lon="121.5217772" />
  <node id="12439012245" lat="25.0561500" lon="121.5217857" />
  <node id="12439012252" lat="25.0561640" lon="121.5223039" />
  <node id="12439012253" lat="25.0561643" lon="121.5222967" />
  <node id="12439012258" lat="25.0561593" lon="121.5222965" />
  <node id="12439012259" lat="25.0561589" lon="121.5223036" />
  <node id="12439012261" lat="25.0558461" lon="121.5223448" />
  <node id="12439012262" lat="25.0558487" lon="121.5222867" />
  <node id="12439012263" lat="25.0558538" lon="121.5222870" />
  <node id="12439012264" lat="25.0558541" lon="121.5222798" />
  <node id="12439012265" lat="25.0558490" lon="121.5222795" />
  <node id="12439012287" lat="25.0561614" lon="121.5223620" />
  <node id="12439012290" lat="25.0555636" lon="121.5223520">
    <tag k="amenity" v="parking_entrance" />
    <tag k="name" v="國際經貿中心停車場" />
    <tag k="parking" v="underground" />
  </node>
  <node id="12439012294" lat="25.0554798" lon="121.5223173" />
  <node id="12622769387" lat="25.0639904" lon="121.5088691" />
  <node id="12622769388" lat="25.0639546" lon="121.5091995" />
  <node id="13271949374" lat="25.0565090" lon="121.5207270">
    <tag k="access" v="yes" />
    <tag k="amenity" v="drinking_water" />
    <tag k="cold_water" v="yes" />
    <tag k="contact:phone" v="+886 2 21004100" />
    <tag k="description" v="臺北自來水事業處，雙連捷運站廊道，臺北市中山區民生西路66巷，臺北自來水事業處，雙連捷運站廊道，人行道" />
    <tag k="image" v="https://gismobile.water.gov.taipei/WaterMap_drinkImg/2719.JPG" />
    <tag k="is_in:city" v="臺北市" />
    <tag k="is_in:district" v="中山區" />
    <tag k="opening_hours" v="24/7" />
    <tag k="operator" v="北水處北區分處" />
    <tag k="operator:type" v="商圈夜市" />
    <tag k="ref" v="2719" />
    <tag k="source" v="臺北市自來水處" />
    <tag k="source:url" v="https://data.taipei/dataset/detail?id=155999f2-3c5d-486b-af58-d7f4c0b0a4c9" />
    <tag k="website" v="https://gismobile.water.gov.taipei:8443/W/S.aspx?SD=2719" />
  </node>
  <node id="13460271401" lat="25.0657153" lon="121.5111681">
    <tag k="amenity" v="restaurant" />
    <tag k="name" v="良友麵食館" />
  </node>
  <node id="13460281901" lat="25.0656706" lon="121.5111358">
    <tag k="amenity" v="restaurant" />
    <tag k="name" v="雄嘉義雞肉飯" />
  </node>
  <node id="13607291948" lat="25.0512600" lon="121.5384500">
    <tag k="alt_name" v="YouBike2.0_中正國小(南京東路三段48巷)" />
    <tag k="alt_name:en" v="YouBike2.0_Zhong Zheng Elementary School (Ln. 48, Sec. 3, NanJing E. Rd.)" />
    <tag k="alt_name:zh" v="YouBike2.0_中正國小(南京東路三段48巷)" />
    <tag k="alt_name:zh-Bopo" v="YouBike2.0_ㄓㄨㄥㄓㄥˋㄍㄨㄛˊㄒㄧㄠˇ(ㄋㄢˊㄐㄧㄥㄉㄨㄥㄌㄨˋㄙㄢㄉㄨㄢˋ48ㄒㄧㄤˋ)" />
    <tag k="alt_name:zh-Hans" v="YouBike2.0_中正国小(南京东路三段48巷)" />
    <tag k="alt_name:zh-Hant" v="YouBike2.0_中正國小(南京東路三段48巷)" />
    <tag k="alt_name:zh-Latn-pinyin" v="YouBike2.0_zhōngzhèngguóxiǎo(nánjīngdōnglùsānduàn48xiàng)" />
    <tag k="amenity" v="bicycle_rental" />
    <tag k="authentication:app" v="yes" />
    <tag k="authentication:contactless" v="yes" />
    <tag k="authentication:membership_card" v="yes" />
    <tag k="bicycle_rental" v="docking_station" />
    <tag k="brand" v="YouBike 2.0" />
    <tag k="brand:en" v="YouBike 2.0" />
    <tag k="brand:wikipedia" v="en:YouBike" />
    <tag k="brand:zh" v="微笑單車2.0" />
    <tag k="capacity" v="15" />
    <tag k="description" v="南京東路三段48巷/龍江路76巷" />
    <tag k="description:en" v="Ln. 48, Sec. 3, NanJing E. Rd. &amp; Ln. 76, LongJiang Rd. Intersection" />
    <tag k="description:zh" v="南京東路三段48巷/龍江路76巷" />
    <tag k="description:zh-Hans" v="南京东路三段48巷/龙江路76巷" />
    <tag k="description:zh-Hant" v="南京東路三段48巷/龍江路76巷" />
    <tag k="fee" v="yes" />
    <tag k="name" v="中正國小(南京東路三段48巷)" />
    <tag k="name:en" v="Zhong Zheng Elementary School (Ln. 48, Sec. 3, NanJing E. Rd.)" />
    <tag k="name:zh" v="中正國小(南京東路三段48巷)" />
    <tag k="name:zh-Bopo" v="ㄓㄨㄥㄓㄥˋㄍㄨㄛˊㄒㄧㄠˇ(ㄋㄢˊㄐㄧㄥㄉㄨㄥㄌㄨˋㄙㄢㄉㄨㄢˋ48ㄒㄧㄤˋ)" />
    <tag k="name:zh-Hans" v="中正国小(南京东路三段48巷)" />
    <tag k="name:zh-Hant" v="中正國小(南京東路三段48巷)" />
    <tag k="name:zh-Latn-pinyin" v="zhōngzhèngguóxiǎo(nánjīngdōnglùsānduàn48xiàng)" />
    <tag k="nat_ref" v="TPE500107154" />
    <tag k="network" v="臺北市公共自行車租賃系統" />
    <tag k="network:en" v="Taipei City Public Bike" />
    <tag k="network:wikidata" v="Q20687952" />
    <tag k="network:zh" v="臺北市公共自行車租賃系統" />
    <tag k="opening_hours" v="24/7" />
    <tag k="operator:en" v="YOUBIKE CO." />
    <tag k="operator:type" v="private" />
    <tag k="operator:wikidata" v="Q703557" />
    <tag k="operator:zh" v="微笑單車股份有限公司" />
    <tag k="payment:credit_cards" v="yes" />
    <tag k="payment:ep_easycard" v="yes" />
    <tag k="payment:ep_easywallet" v="yes" />
    <tag k="payment:ep_ipass" v="yes" />
    <tag k="payment:jcb" v="yes" />
    <tag k="payment:mastercard" v="yes" />
    <tag k="payment:visa" v="yes" />
    <tag k="ref" v="500107154" />
    <tag k="rental" v="city_bike" />
    <tag k="source" v="TDX" />
    <tag k="source:date" v="2026-02-26T08:53:01+08:00" />
  </node>
  <node id="13728729873" lat="25.0554318" lon="121.5210325">
    <tag k="artwork_type" v="statue" />
    <tag k="tourism" v="artwork" />
  </node>
  <node id="13835520912" lat="25.0668063" lon="121.5090653" />
  <node id="13835520913" lat="25.0667966" lon="121.5092491" />
  <node id="13835520914" lat="25.0669654" lon="121.5092812" />
  <node id="13835520915" lat="25.0669849" lon="121.5090935" />
  <way id="516449348">
    <nd ref="5041554604" />
    <nd ref="5041554603" />
    <nd ref="5041554602" />
    <nd ref="5041554601" />
    <nd ref="5041554604" />
    <tag k="landuse" v="residential" />
  </way>
  <way id="552413157">
    <nd ref="5333496269" />
    <nd ref="12622769387" />
    <nd ref="12622769388" />
    <nd ref="6886468235" />
    <nd ref="5333496270" />
    <nd ref="5333496271" />
    <nd ref="6886468239" />
    <nd ref="5333496272" />
    <nd ref="5992644525" />
    <nd ref="5333496269" />
    <tag k="landuse" v="residential" />
  </way>
  <way id="741034954">
    <nd ref="6937731137" />
    <nd ref="6937731136" />
    <nd ref="6937731135" />
    <nd ref="6937731134" />
    <nd ref="6937731137" />
    <tag k="landuse" v="brownfield" />
  </way>
  <way id="1003156502">
    <nd ref="9257592854" />
    <nd ref="9257592855" />
    <nd ref="9257592856" />
    <nd ref="9257592857" />
    <nd ref="3145268596" />
    <nd ref="9257592854" />
    <tag k="landuse" v="commercial" />
  </way>
  <way id="1003317441">
    <nd ref="12438873649" />
    <nd ref="9258829233" />
    <nd ref="12438873646" />
    <nd ref="12438695381" />
    <nd ref="12438695382" />
    <nd ref="12438695383" />
    <nd ref="12438873645" />
    <nd ref="9260521052" />
    <nd ref="9260521055" />
    <nd ref="12438873634" />
    <nd ref="12438873644" />
    <nd ref="12438873642" />
    <nd ref="12438873641" />
    <nd ref="9260521053" />
    <nd ref="12438873650" />
    <nd ref="12438873649" />
    <tag k="landuse" v="grass" />
    <tag k="leisure" v="garden" />
  </way>
  <way id="1003317442">
    <nd ref="12438695364" />
    <nd ref="12438695365" />
    <nd ref="12438695366" />
    <nd ref="12438873619" />
    <nd ref="9258829236" />
    <nd ref="9260521050" />
    <nd ref="9260521056" />
    <nd ref="9260521051" />
    <nd ref="12438695364" />
    <tag k="landuse" v="grass" />
  </way>
  <way id="1003504799">
    <nd ref="9257440642" />
    <nd ref="9260222067" />
    <nd ref="9260222068" />
    <nd ref="9257440643" />
    <nd ref="9257440642" />
    <tag k="landuse" v="grass" />
  </way>
  <way id="1003504802">
    <nd ref="9257440637" />
    <nd ref="9260222073" />
    <nd ref="9276710281" />
    <nd ref="9260222074" />
    <nd ref="11924866719" />
    <nd ref="11924866720" />
    <nd ref="11924866717" />
    <nd ref="11924866716" />
    <nd ref="9260222080" />
    <nd ref="11919062700" />
    <nd ref="11919062701" />
    <nd ref="11919062702" />
    <nd ref="9257440654" />
    <nd ref="11919123456" />
    <nd ref="9257440657" />
    <nd ref="9260222075" />
    <nd ref="9257440649" />
    <nd ref="9257440647" />
    <nd ref="9260222068" />
    <nd ref="9257440643" />
    <nd ref="11925473744" />
    <nd ref="11925473747" />
    <nd ref="9260222076" />
    <nd ref="9257440637" />
    <tag k="landuse" v="residential" />
  </way>
  <way id="1003509940">
    <nd ref="9260228695" />
    <nd ref="9260228696" />
    <nd ref="9260228697" />
    <nd ref="9260228698" />
    <nd ref="9260228695" />
    <tag k="landuse" v="residential" />
  </way>
  <way id="1003509941">
    <nd ref="9260228699" />
    <nd ref="9260228700" />
    <nd ref="11919129710" />
    <nd ref="9260228701" />
    <nd ref="9260228702" />
    <nd ref="9260228699" />
    <tag k="landuse" v="residential" />
  </way>
  <way id="1003509942">
    <nd ref="9260228703" />
    <nd ref="9260228704" />
    <nd ref="9260228705" />
    <nd ref="9276764966" />
    <nd ref="9260228706" />
    <nd ref="9260228703" />
    <tag k="landuse" v="residential" />
  </way>
  <way id="1003509943">
    <nd ref="9260228707" />
    <nd ref="9260228708" />
    <nd ref="9260228709" />
    <nd ref="9260228710" />
    <nd ref="9260228711" />
    <nd ref="9260228712" />
    <nd ref="6937731136" />
    <nd ref="6937731135" />
    <nd ref="9260228707" />
    <tag k="landuse" v="residential" />
  </way>
  <way id="1003512002">
    <nd ref="9260305551" />
    <nd ref="9260305552" />
    <nd ref="9260305569" />
    <nd ref="9260305571" />
    <nd ref="9260305573" />
    <nd ref="9260636546" />
    <nd ref="9260636545" />
    <nd ref="9260636549" />
    <nd ref="9260636551" />
    <nd ref="9260305553" />
    <nd ref="9260636553" />
    <nd ref="9260636555" />
    <nd ref="9260636557" />
    <nd ref="9260636560" />
    <nd ref="9260636567" />
    <nd ref="9260636569" />
    <nd ref="9260305554" />
    <nd ref="9260636590" />
    <nd ref="9260636571" />
    <nd ref="9260305555" />
    <nd ref="9260636572" />
    <nd ref="9260636574" />
    <nd ref="9260636576" />
    <nd ref="9260305556" />
    <nd ref="9260636577" />
    <nd ref="9260305557" />
    <nd ref="9260636578" />
    <nd ref="9260305558" />
    <nd ref="9260305559" />
    <nd ref="9260636580" />
    <nd ref="9260305560" />
    <nd ref="9260305561" />
    <nd ref="9260305562" />
    <nd ref="9276710290" />
    <nd ref="9260636565" />
    <nd ref="9260636564" />
    <nd ref="9260636556" />
    <nd ref="9260636554" />
    <nd ref="9260305563" />
    <nd ref="9260636552" />
    <nd ref="9260305564" />
    <nd ref="9260636550" />
    <nd ref="9260305565" />
    <nd ref="9260636548" />
    <nd ref="9260636547" />
    <nd ref="9260305566" />
    <nd ref="9260305567" />
    <nd ref="9260305572" />
    <nd ref="9260305570" />
    <nd ref="9260305568" />
    <nd ref="9260305551" />
    <tag k="landuse" v="residential" />
  </way>
  <way id="1003552585">
    <nd ref="9260636543" />
    <nd ref="9260305572" />
    <nd ref="9260305573" />
    <nd ref="9260636546" />
    <nd ref="9260636543" />
    <tag k="landuse" v="grass" />
  </way>
  <way id="1034717681">
    <nd ref="9531726907" />
    <nd ref="9531726908" />
    <nd ref="9531730718" />
    <nd ref="9531730717" />
    <nd ref="9531759948" />
    <nd ref="9531726909" />
    <nd ref="9531726910" />
    <nd ref="9531726911" />
    <nd ref="9531726907" />
    <tag k="landuse" v="construction" />
    <tag k="name" v="首泰城人之美" />
  </way>
  <way id="1036434298">
    <nd ref="9548643507" />
    <nd ref="9548643508" />
    <nd ref="9548643509" />
    <nd ref="9548643510" />
    <nd ref="9548623266" />
    <nd ref="9548643507" />
    <tag k="landuse" v="grass" />
  </way>
  <way id="1097777829">
    <nd ref="10051905098" />
    <nd ref="10051905099" />
    <nd ref="10051905100" />
    <nd ref="10051905101" />
    <nd ref="10051905098" />
    <tag k="landuse" v="grass" />
  </way>
  <way id="1124367950">
    <nd ref="3100693926" />
    <nd ref="10281867169" />
    <nd ref="10281867165" />
    <nd ref="10281867166" />
    <nd ref="12438580586" />
    <nd ref="12438632209" />
    <nd ref="12438632219" />
    <nd ref="3100693926" />
    <tag k="construction" v="hotel" />
    <tag k="description" v="112建字第0066號；將改建為「國賓皇宮酒店 AMBASSADOR PALACE HOTEL TAIPEI」與華廈「國賓皇琚」" />
    <tag k="landuse" v="construction" />
    <tag k="name" v="台北國賓飯店危老改建新建工程" />
  </way>
  <way id="1161282803">
    <nd ref="10801189509" />
    <nd ref="10801189508" />
    <nd ref="10801189507" />
    <nd ref="10801189506" />
    <nd ref="10801189505" />
    <nd ref="10801155904" />
    <nd ref="10801155903" />
    <nd ref="10801155902" />
    <nd ref="10801155901" />
    <nd ref="10801155900" />
    <nd ref="10801189509" />
    <tag k="landuse" v="residential" />
    <tag k="name" v="吉美樂河" />
    <tag k="residential" v="apartments" />
  </way>
  <way id="1197041884">
    <nd ref="12438632225" />
    <nd ref="12438632224" />
    <nd ref="11107398170" />
    <nd ref="11107398169" />
    <nd ref="12438632225" />
    <tag k="check_date" v="2024-12-21" />
    <tag k="construction" v="commercial" />
    <tag k="landuse" v="construction" />
    <tag k="name" v="三幸明倉商業大樓新建工程" />
    <tag k="note" v="112建字第0076號，地上12層地下2層" />
  </way>
  <way id="1213782563">
    <nd ref="9531726911" />
    <nd ref="11245265170" />
    <nd ref="11245265169" />
    <nd ref="11245265168" />
    <nd ref="11245265167" />
    <nd ref="9531726910" />
    <nd ref="9531726911" />
    <tag k="construction" v="res|" />
    <tag k="landuse" v="construction" />
    <tag k="name" v="南京阿曼" />
  </way>
  <way id="1285480166">
    <nd ref="11924866718" />
    <nd ref="11924866719" />
    <nd ref="11924866720" />
    <nd ref="11924866721" />
    <nd ref="11924866722" />
    <nd ref="11924866723" />
    <nd ref="11924866718" />
    <tag k="landuse" v="commercial" />
  </way>
  <way id="1344537645">
    <nd ref="12438632211" />
    <nd ref="12438580586" />
    <nd ref="12438632209" />
    <nd ref="12438632219" />
    <nd ref="3100693926" />
    <nd ref="5324659721" />
    <nd ref="5324659620" />
    <nd ref="12438632227" />
    <nd ref="12438632222" />
    <nd ref="12438580593" />
    <nd ref="12438632216" />
    <nd ref="12438632215" />
    <nd ref="12438632214" />
    <nd ref="12438632205" />
    <nd ref="12438632213" />
    <nd ref="12438580600" />
    <nd ref="12438632210" />
    <nd ref="12438632212" />
    <nd ref="12438632211" />
    <tag k="landuse" v="commercial" />
    <tag k="name" v="第一銀行中山分行" />
  </way>
  <way id="1344537659">
    <nd ref="12438632262" />
    <nd ref="3100693923" />
    <nd ref="3100693920" />
    <nd ref="12438632269" />
    <nd ref="12438632263" />
    <nd ref="12438632264" />
    <nd ref="12438632251" />
    <nd ref="12438632268" />
    <nd ref="12438632262" />
    <tag k="landuse" v="commercial" />
    <tag k="name" v="台北中山意舍酒店" />
    <tag k="name:en" v="amba Taipei Zhongshan" />
    <tag k="name:zh" v="台北中山意舍酒店" />
  </way>
  <way id="1344537662">
    <nd ref="12438632268" />
    <nd ref="12438632251" />
    <nd ref="12438632264" />
    <nd ref="12438632263" />
    <nd ref="12438632269" />
    <nd ref="12438632300" />
    <nd ref="12438632285" />
    <nd ref="12438632291" />
    <nd ref="12438632293" />
    <nd ref="12438632294" />
    <nd ref="12438632295" />
    <nd ref="12438632297" />
    <nd ref="12438632298" />
    <nd ref="12438632270" />
    <nd ref="12438632261" />
    <nd ref="12438632258" />
    <nd ref="12438632271" />
    <nd ref="12438632248" />
    <nd ref="12438632268" />
    <tag k="landuse" v="commercial" />
    <tag k="name" v="彰化商銀總部" />
  </way>
  <way id="1344542133">
    <nd ref="12438667973" />
    <nd ref="12438667977" />
    <nd ref="12438667975" />
    <nd ref="12438667972" />
    <nd ref="12438667973" />
    <tag k="landuse" v="grass" />
  </way>
  <way id="1344542134">
    <nd ref="12438667970" />
    <nd ref="12438667974" />
    <nd ref="12438667995" />
    <nd ref="12438667996" />
    <nd ref="2637893938" />
    <nd ref="12438673807" />
    <nd ref="2637893941" />
    <nd ref="12438673808" />
    <nd ref="12438667976" />
    <nd ref="12438667971" />
    <nd ref="12438667970" />
    <tag k="landuse" v="grass" />
  </way>
  <way id="1344542136">
    <nd ref="2637893942" />
    <nd ref="12438667978" />
    <nd ref="12438667986" />
    <nd ref="12438667985" />
    <nd ref="12438667984" />
    <nd ref="12438667983" />
    <nd ref="12438667982" />
    <nd ref="12438667981" />
    <nd ref="12438667980" />
    <nd ref="12438667979" />
    <nd ref="12438673801" />
    <nd ref="12438668000" />
    <nd ref="12438667999" />
    <nd ref="12438667998" />
    <nd ref="2637893943" />
    <nd ref="12438673813" />
    <nd ref="2637893942" />
    <tag k="landuse" v="grass" />
  </way>
  <way id="1344542137">
    <nd ref="12438667988" />
    <nd ref="12438667964" />
    <nd ref="12438667965" />
    <nd ref="12438667987" />
    <nd ref="12438667994" />
    <nd ref="12438667993" />
    <nd ref="12438667992" />
    <nd ref="12438667991" />
    <nd ref="12438667990" />
    <nd ref="12438667989" />
    <nd ref="12438667988" />
    <tag k="landuse" v="grass" />
  </way>
  <way id="1344564872">
    <nd ref="12438873149" />
    <nd ref="12438873148" />
    <nd ref="12438873147" />
    <nd ref="12438873146" />
    <nd ref="12438873149" />
    <tag k="landuse" v="grass" />
  </way>
  <way id="1344564875">
    <nd ref="12438873611" />
    <nd ref="12438873610" />
    <nd ref="12438873609" />
    <nd ref="12438873608" />
    <nd ref="12438873607" />
    <nd ref="12438873606" />
    <nd ref="12438873605" />
    <nd ref="12438873604" />
    <nd ref="12438873603" />
    <nd ref="12438873602" />
    <nd ref="12438873601" />
    <nd ref="12438873200" />
    <nd ref="12438873199" />
    <nd ref="12438873198" />
    <nd ref="12438873187" />
    <nd ref="12438873197" />
    <nd ref="12438873196" />
    <nd ref="12438873195" />
    <nd ref="12438873194" />
    <nd ref="12438873193" />
    <nd ref="12438873192" />
    <nd ref="12438873191" />
    <nd ref="12438873190" />
    <nd ref="12438873189" />
    <nd ref="12438873188" />
    <nd ref="12438695373" />
    <nd ref="12438873183" />
    <nd ref="12438873184" />
    <nd ref="12438873611" />
    <tag k="landuse" v="grass" />
  </way>
  <way id="1344564876">
    <nd ref="12438873186" />
    <nd ref="12438873185" />
    <nd ref="12438873182" />
    <nd ref="12438873181" />
    <nd ref="12438873180" />
    <nd ref="12438873179" />
    <nd ref="12438873178" />
    <nd ref="12438873177" />
    <nd ref="12438873176" />
    <nd ref="12438873175" />
    <nd ref="12438873174" />
    <nd ref="12438873173" />
    <nd ref="12438873172" />
    <nd ref="12438873171" />
    <nd ref="12438873170" />
    <nd ref="12438873169" />
    <nd ref="12438873168" />
    <nd ref="12438873167" />
    <nd ref="12438873166" />
    <nd ref="12438873165" />
    <nd ref="12438873164" />
    <nd ref="12438873163" />
    <nd ref="12438873162" />
    <nd ref="12438873161" />
    <nd ref="12438873160" />
    <nd ref="12438873159" />
    <nd ref="12438873158" />
    <nd ref="12438695374" />
    <nd ref="12438873186" />
    <tag k="landuse" v="grass" />
  </way>
  <way id="1344564877">
    <nd ref="12438873618" />
    <nd ref="12438873617" />
    <nd ref="12438695371" />
    <nd ref="12438873616" />
    <nd ref="12438873615" />
    <nd ref="12438873614" />
    <nd ref="12438873613" />
    <nd ref="12438873612" />
    <nd ref="12438873618" />
    <tag k="landuse" v="grass" />
  </way>
  <way id="1344564878">
    <nd ref="12438873624" />
    <nd ref="12438873623" />
    <nd ref="12438873622" />
    <nd ref="12438873621" />
    <nd ref="12438873620" />
    <nd ref="12438695378" />
    <nd ref="12438873624" />
    <tag k="landuse" v="grass" />
  </way>
  <way id="1344564879">
    <nd ref="12438873625" />
    <nd ref="12438873632" />
    <nd ref="12438873631" />
    <nd ref="12438873630" />
    <nd ref="12438873629" />
    <nd ref="12438873628" />
    <nd ref="12438873627" />
    <nd ref="12438695379" />
    <nd ref="12438695380" />
    <nd ref="12438873626" />
    <nd ref="12438873625" />
    <tag k="landuse" v="grass" />
  </way>
  <way id="1344579068">
    <nd ref="12438924196" />
    <nd ref="12438924180" />
    <nd ref="12438924179" />
    <nd ref="12438924178" />
    <nd ref="12438924192" />
    <nd ref="12438924193" />
    <nd ref="12438924177" />
    <nd ref="12439012232" />
    <nd ref="12439012245" />
    <nd ref="12439012244" />
    <nd ref="12439012233" />
    <nd ref="12438924176" />
    <nd ref="12438924197" />
    <nd ref="12438924196" />
    <tag k="landuse" v="commercial" />
    <tag k="name" v="台北富邦銀行大樓" />
  </way>
  <way id="1344579069">
    <nd ref="2637893940" />
    <nd ref="2578469367" />
    <nd ref="2578469365" />
    <nd ref="2578469342" />
    <nd ref="12438924181" />
    <nd ref="2637893931" />
    <nd ref="12439012294" />
    <nd ref="2637893940" />
    <tag k="landuse" v="commercial" />
    <tag k="name" v="國際經貿中心" />
  </way>
  <way id="1344579074">
    <nd ref="12439012252" />
    <nd ref="12439012259" />
    <nd ref="12439012258" />
    <nd ref="12439012253" />
    <nd ref="12438924193" />
    <nd ref="12438924192" />
    <nd ref="12438924191" />
    <nd ref="12438924190" />
    <nd ref="12439012287" />
    <nd ref="12439012252" />
    <tag k="landuse" v="grass" />
  </way>
  <way id="1344579075">
    <nd ref="12439012265" />
    <nd ref="12438924197" />
    <nd ref="12438924196" />
    <nd ref="12438924195" />
    <nd ref="12438924194" />
    <nd ref="12439012261" />
    <nd ref="12439012262" />
    <nd ref="12439012263" />
    <nd ref="12439012264" />
    <nd ref="12439012265" />
    <tag k="landuse" v="grass" />
  </way>
  <way id="1344579076">
    <nd ref="12439012211" />
    <nd ref="12439012204" />
    <nd ref="12439012205" />
    <nd ref="12439012206" />
    <nd ref="12439012207" />
    <nd ref="12439012208" />
    <nd ref="12439012209" />
    <nd ref="12439012210" />
    <nd ref="12439012214" />
    <nd ref="12439012213" />
    <nd ref="12439012211" />
    <tag k="landuse" v="grass" />
  </way>
  <way id="1344579078">
    <nd ref="12439012211" />
    <nd ref="12439012212" />
    <nd ref="12439012215" />
    <nd ref="12439012210" />
    <nd ref="12438924198" />
    <nd ref="12438924199" />
    <nd ref="12438924200" />
    <nd ref="12439012201" />
    <nd ref="12439012202" />
    <nd ref="12439012203" />
    <nd ref="12439012211" />
    <tag k="landuse" v="grass" />
  </way>
  <way id="1344579079">
    <nd ref="12439012219" />
    <nd ref="12439012218" />
    <nd ref="12439012227" />
    <nd ref="12439012224" />
    <nd ref="12439012217" />
    <nd ref="12439012216" />
    <nd ref="12439012219" />
    <tag k="landuse" v="grass" />
  </way>
  <way id="1344579080">
    <nd ref="12439012220" />
    <nd ref="12439012223" />
    <nd ref="12439012222" />
    <nd ref="12439012221" />
    <nd ref="12439012225" />
    <nd ref="12439012226" />
    <nd ref="12439012220" />
    <tag k="landuse" v="grass" />
  </way>
  <way id="1514651995">
    <nd ref="13835520915" />
    <nd ref="13835520914" />
    <nd ref="13835520913" />
    <nd ref="13835520912" />
    <nd ref="13835520915" />
    <tag k="construction" v="religous" />
    <tag k="landuse" v="construction" />
    <tag k="name" v="金龍禪寺金龍南院" />
  </way>

<note>The data included in this document is from www.openstreetmap.org. The data is made available under ODbL.</note>
<meta osm_base="2026-09-03T09:37:05Z" />

  <node id="1843810189" lat="25.1168382" lon="121.5163700">
    <tag k="alt_name" v="統一超商" />
    <tag k="brand" v="7-Eleven" />
    <tag k="brand:en" v="7-Eleven" />
    <tag k="brand:wikidata" v="Q259340" />
    <tag k="brand:wikipedia" v="en:7-Eleven" />
    <tag k="name" v="7-Eleven" />
    <tag k="name:ja" v="セブン-イレブン" />
    <tag k="shop" v="convenience" />
    <tag k="wheelchair" v="yes" />
  </node>
  <node id="1843810192" lat="25.1163728" lon="121.5179733">
    <tag k="alt_name" v="統一超商" />
    <tag k="brand" v="7-Eleven" />
    <tag k="brand:en" v="7-Eleven" />
    <tag k="brand:wikidata" v="Q259340" />
    <tag k="brand:wikipedia" v="en:7-Eleven" />
    <tag k="name" v="7-Eleven" />
    <tag k="shop" v="convenience" />
  </node>
  <node id="1843811036" lat="25.1165285" lon="121.5162299">
    <tag k="amenity" v="cafe" />
    <tag k="brand" v="星巴克" />
    <tag k="brand:en" v="Starbucks" />
    <tag k="brand:wikidata" v="Q37158" />
    <tag k="brand:zh" v="星巴克" />
    <tag k="cuisine" v="coffee_shop" />
    <tag k="name" v="星巴克" />
    <tag k="name:en" v="Starbucks" />
    <tag k="name:zh" v="星巴克" />
    <tag k="operator" v="悠旅生活事業股份有限公司" />
    <tag k="takeaway" v="yes" />
    <tag k="wheelchair" v="limited" />
  </node>
  <node id="2420918994" lat="25.0543154" lon="121.5300455">
    <tag k="bus" v="yes" />
    <tag k="description" v="吉林路69號" />
    <tag k="highway" v="bus_stop" />
    <tag k="name" v="吉林國小" />
    <tag k="name:en" v="Jilin Elementary School" />
    <tag k="name:zh" v="吉林國小" />
    <tag k="name:zh-Hans" v="吉林国小" />
    <tag k="name:zh-Hant" v="吉林國小" />
    <tag k="network" v="臺北市市區公車" />
    <tag k="network:en" v="Taipei Joint Bus System" />
    <tag k="network:nan" v="Tâi-pak-chhī Chhī-khu Kong-chhia" />
    <tag k="network:nan-Hant" v="臺北市市區公車" />
    <tag k="network:nan-Latn-pehoeji" v="Tâi-pak-chhī Chhī-khu Kong-chhia" />
    <tag k="network:nan-Latn-tailo" v="Tâi-pak-tshiī Tshī-khu Kong-tshia" />
    <tag k="network:wikidata" v="Q5972821" />
    <tag k="network:zh" v="臺北市市區公車" />
    <tag k="public_transport" v="platform" />
    <tag k="ref" v="1000672" />
  </node>
  <node id="2420918997" lat="25.0522853" lon="121.5298261">
    <tag k="addr:city" v="臺北市" />
    <tag k="addr:country" v="TW" />
    <tag k="addr:district" v="中山區" />
    <tag k="addr:full" v="臺北市南京東路二段53號1,3樓" />
    <tag k="addr:housenumber" v="53" />
    <tag k="addr:postcode" v="104" />
    <tag k="addr:street" v="南京東路二段" />
    <tag k="amenity" v="bank" />
    <tag k="branch" v="南京東路分行" />
    <tag k="brand" v="兆豐國際商業銀行" />
    <tag k="brand:en" v="Mega International Commercial Bank" />
    <tag k="brand:wikidata" v="Q709757" />
    <tag k="brand:wikipedia" v="en:Mega International Commercial Bank" />
    <tag k="brand:zh" v="兆豐國際商業銀行" />
    <tag k="name" v="兆豐國際商業銀行" />
    <tag k="name:en" v="Mega International Commercial Bank" />
    <tag k="name:nan" v="Tiāu-hong Kok-chè Siong-gia̍p Gîn-hâng" />
    <tag k="name:nan-Hant" v="兆豐國際商業銀行" />
    <tag k="name:nan-Latn-pehoeji" v="Tiāu-hong Kok-chè Siong-gia̍p Gîn-hâng" />
    <tag k="name:nan-Latn-tailo" v="Tiāu-hong Kok-tsè Siong-gia̍p Gîn-hâng" />
    <tag k="name:zh" v="兆豐國際商業銀行" />
    <tag k="nat_ref" v="10010170701" />
    <tag k="phone" v="+886 2 2571 2568" />
    <tag k="ref" v="170701" />
    <tag k="source" v="金管會" />
    <tag k="source:date" v="2017-08-31" />
    <tag k="wheelchair" v="yes" />
  </node>
  <node id="2442990954" lat="25.0521065" lon="121.5302814">
    <tag k="bench" v="yes" />
    <tag k="bin" v="no" />
    <tag k="bus" v="yes" />
    <tag k="description" v="南京東路二段+吉林路同向" />
    <tag k="highway" v="bus_stop" />
    <tag k="lit" v="yes" />
    <tag k="name" v="南京吉林路口" />
    <tag k="name:en" v="Nanjing &amp; Jilin Intersection" />
    <tag k="name:zh" v="南京吉林路口" />
    <tag k="name:zh-Hans" v="南京吉林路口" />
    <tag k="name:zh-Hant" v="南京吉林路口" />
    <tag k="network" v="臺北市市區公車" />
    <tag k="network:en" v="Taipei Joint Bus System" />
    <tag k="network:nan" v="Tâi-pak-chhī Chhī-khu Kong-chhia" />
    <tag k="network:nan-Hant" v="臺北市市區公車" />
    <tag k="network:nan-Latn-pehoeji" v="Tâi-pak-chhī Chhī-khu Kong-chhia" />
    <tag k="network:nan-Latn-tailo" v="Tâi-pak-tshiī Tshī-khu Kong-tshia" />
    <tag k="network:wikidata" v="Q5972821" />
    <tag k="network:wikipedia" v="zh:臺北市市區公車" />
    <tag k="network:zh" v="臺北市市區公車" />
    <tag k="public_transport" v="platform" />
    <tag k="ref" v="16012" />
    <tag k="shelter" v="yes" />
    <tag k="source" v="PTX;Bing" />
  </node>
  <node id="2628222387" lat="25.1149169" lon="121.5176268">
    <tag k="amenity" v="karaok" />
    <tag k="name" v="好樂迪" />
  </node>
  <node id="2705324690" lat="25.1159707" lon="121.5159469">
    <tag k="bus" v="yes" />
    <tag k="highway" v="bus_stop" />
    <tag k="name" v="綜合市場" />
    <tag k="name:en" v="General Market" />
    <tag k="name:zh" v="綜合市場" />
    <tag k="network" v="臺北市市區公車" />
    <tag k="network:en" v="Taipei Joint Bus System" />
    <tag k="network:nan" v="Tâi-pak-chhī Chhī-khu Kong-chhia" />
    <tag k="network:nan-Hant" v="臺北市市區公車" />
    <tag k="network:nan-Latn-pehoeji" v="Tâi-pak-chhī Chhī-khu Kong-chhia" />
    <tag k="network:nan-Latn-tailo" v="Tâi-pak-tshiī Tshī-khu Kong-tshia" />
    <tag k="network:wikidata" v="Q5972821" />
    <tag k="network:zh" v="臺北市市區公車" />
    <tag k="public_transport" v="platform" />
    <tag k="toilets:wheelchair" v="no" />
    <tag k="wheelchair" v="no" />
  </node>
  <node id="2751387914" lat="25.1152740" lon="121.5179357">
    <tag k="alt_name" v="藝術家牙醫" />
    <tag k="amenity" v="dentist" />
    <tag k="healthcare" v="dentist" />
    <tag k="name" v="藝術家牙醫診所" />
  </node>
  <node id="2814740883" lat="25.0615187" lon="121.6012907" />
  <node id="2814740884" lat="25.0614996" lon="121.6011316" />
  <node id="2814740885" lat="25.0617420" lon="121.6012174" />
  <node id="2814740886" lat="25.0618424" lon="121.6016292" />
  <node id="2814740887" lat="25.0617558" lon="121.6017861" />
  <node id="2814740888" lat="25.0612614" lon="121.6018999" />
  <node id="2814740889" lat="25.0612030" lon="121.6015640" />
  <node id="2814740890" lat="25.0609727" lon="121.6014488" />
  <node id="2906836920" lat="25.1217601" lon="121.4943338" />
  <node id="2906836921" lat="25.1217922" lon="121.4945583" />
  <node id="2906836922" lat="25.1218029" lon="121.4937430" />
  <node id="2906836923" lat="25.1218243" lon="121.4943485" />
  <node id="2906836925" lat="25.1218777" lon="121.4937430" />
  <node id="2906836926" lat="25.1219419" lon="121.4939645" />
  <node id="2906836929" lat="25.1222147" lon="121.4939675" />
  <node id="2906836931" lat="25.1222843" lon="121.4938405" />
  <node id="2906836932" lat="25.1223862" lon="121.4889221" />
  <node id="2906836934" lat="25.1225948" lon="121.4887242" />
  <node id="2906836935" lat="25.1225948" lon="121.4889015" />
  <node id="2906836936" lat="25.1226616" lon="121.4921951" />
  <node id="2906836937" lat="25.1227578" lon="121.4775954" />
  <node id="2906836938" lat="25.1227792" lon="121.4780267" />
  <node id="2906836939" lat="25.1227855" lon="121.4921547" />
  <node id="2906836940" lat="25.1228033" lon="121.4766472" />
  <node id="2906836941" lat="25.1228253" lon="121.4786443" />
  <node id="2906836942" lat="25.1228755" lon="121.4756960" />
  <node id="2906836943" lat="25.1229076" lon="121.4756547" />
  <node id="2906836944" lat="25.1229504" lon="121.4756753" />
  <node id="2906836945" lat="25.1229690" lon="121.4798683" />
  <node id="2906836946" lat="25.1229804" lon="121.4796845" />
  <node id="2906836948" lat="25.1230238" lon="121.4928273" />
  <node id="2906836950" lat="25.1230812" lon="121.4865938" />
  <node id="2906836951" lat="25.1230922" lon="121.4751407" />
  <node id="2906836952" lat="25.1230956" lon="121.4933161" />
  <node id="2906836953" lat="25.1231269" lon="121.4747035" />
  <node id="2906836954" lat="25.1231697" lon="121.4756429" />
  <node id="2906836955" lat="25.1232018" lon="121.4755572" />
  <node id="2906836956" lat="25.1232153" lon="121.4886267" />
  <node id="2906836957" lat="25.1232233" lon="121.4877494" />
  <node id="2906836958" lat="25.1233793" lon="121.4933328" />
  <node id="2906836959" lat="25.1233837" lon="121.4743490" />
  <node id="2906836960" lat="25.1233837" lon="121.4747773" />
  <node id="2906836961" lat="25.1234051" lon="121.4738823" />
  <node id="2906836962" lat="25.1234834" lon="121.4839540" />
  <node id="2906836963" lat="25.1235079" lon="121.4923824" />
  <node id="2906836964" lat="25.1236007" lon="121.4839498" />
  <node id="2906836965" lat="25.1236108" lon="121.4961564" />
  <node id="2906836966" lat="25.1236189" lon="121.4947355" />
  <node id="2906836967" lat="25.1236485" lon="121.4736282" />
  <node id="2906836968" lat="25.1236670" lon="121.4920031" />
  <node id="2906836969" lat="25.1236697" lon="121.4956099" />
  <node id="2906836970" lat="25.1236857" lon="121.4867533" />
  <node id="2906836971" lat="25.1236937" lon="121.4968831" />
  <node id="2906836972" lat="25.1237421" lon="121.4736312" />
  <node id="2906836973" lat="25.1237847" lon="121.4979583" />
  <node id="2906836974" lat="25.1237898" lon="121.4864050" />
  <node id="2906836975" lat="25.1238000" lon="121.4987111" />
  <node id="2906836976" lat="25.1238111" lon="121.4881718" />
  <node id="2906836977" lat="25.1238114" lon="121.4947621" />
  <node id="2906836978" lat="25.1238515" lon="121.4939616" />
  <node id="2906836979" lat="25.1238938" lon="121.4868217" />
  <node id="2906836980" lat="25.1239448" lon="121.4736959" />
  <node id="2906836981" lat="25.1239799" lon="121.4881357" />
  <node id="2906836982" lat="25.1240281" lon="121.4920710" />
  <node id="2906836983" lat="25.1240730" lon="121.4868985" />
  <node id="2906836984" lat="25.1241292" lon="121.4874361" />
  <node id="2906836985" lat="25.1242230" lon="121.4864936" />
  <node id="2906836986" lat="25.1242282" lon="121.4883844" />
  <node id="2906836987" lat="25.1244129" lon="121.4865320" />
  <node id="2906836988" lat="25.1244365" lon="121.4976949" />
  <node id="2906836989" lat="25.1244705" lon="121.4869982" />
  <node id="2906836990" lat="25.1245087" lon="121.4985634" />
  <node id="2906836991" lat="25.1245632" lon="121.4737753" />
  <node id="2906836992" lat="25.1245915" lon="121.4883225" />
  <node id="2906836993" lat="25.1247307" lon="121.4977038" />
  <node id="2906836994" lat="25.1247731" lon="121.4738630" />
  <node id="2906836995" lat="25.1248056" lon="121.4981173" />
  <node id="2906836996" lat="25.1252068" lon="121.4977067" />
  <node id="2906836997" lat="25.1252081" lon="121.4747905" />
  <node id="2906836998" lat="25.1252175" lon="121.4980523" />
  <node id="2906836999" lat="25.1252251" lon="121.4749241" />
  <node id="2906837000" lat="25.1253273" lon="121.4738484" />
  <node id="2906837003" lat="25.1254029" lon="121.4749346" />
  <node id="2906837004" lat="25.1255485" lon="121.4754129" />
  <node id="2906837005" lat="25.1258568" lon="121.4746839" />
  <node id="2906837006" lat="25.1258832" lon="121.4752249" />
  <node id="2906837007" lat="25.1259155" lon="121.4963863" />
  <node id="2906837008" lat="25.1259551" lon="121.4740824" />
  <node id="2906837009" lat="25.1260251" lon="121.4740260" />
  <node id="2906837010" lat="25.1260252" lon="121.4973788" />
  <node id="2906837011" lat="25.1262085" lon="121.4740615" />
  <node id="2906837012" lat="25.1264424" lon="121.4965428" />
  <node id="2906837013" lat="25.1265943" lon="121.4742975" />
  <node id="2906837014" lat="25.1266852" lon="121.4743509" />
  <node id="2906837015" lat="25.1267526" lon="121.4965251" />
  <node id="2906837022" lat="25.1268944" lon="121.4962563" />
  <node id="2906837024" lat="25.1269762" lon="121.4961056" />
  <node id="2906837026" lat="25.1272561" lon="121.4961077" />
  <node id="2906837027" lat="25.1273431" lon="121.4961787" />
  <node id="2906837028" lat="25.1273622" lon="121.4743739" />
  <node id="2906837030" lat="25.1273930" lon="121.4962212" />
  <node id="2906837031" lat="25.1274144" lon="121.4971103" />
  <node id="2906837032" lat="25.1274947" lon="121.4975446" />
  <node id="2906837034" lat="25.1275348" lon="121.4969892" />
  <node id="2906837035" lat="25.1277434" lon="121.4954650" />
  <node id="2906837037" lat="25.1278218" lon="121.4744408" />
  <node id="2906837038" lat="25.1278766" lon="121.4742319" />
  <node id="2906837039" lat="25.1278958" lon="121.4968799" />
  <node id="2906837041" lat="25.1280108" lon="121.4973555" />
  <node id="2906837042" lat="25.1280373" lon="121.4744449" />
  <node id="2906837043" lat="25.1280600" lon="121.4746601" />
  <node id="2906837044" lat="25.1280777" lon="121.4968002" />
  <node id="2906837045" lat="25.1281243" lon="121.4745703" />
  <node id="2906837046" lat="25.1281235" lon="121.4970672" />
  <node id="2906837047" lat="25.1281526" lon="121.4973082" />
  <node id="2906837048" lat="25.1281659" lon="121.4737682" />
  <node id="2906837049" lat="25.1282321" lon="121.4744449" />
  <node id="2906837050" lat="25.1283324" lon="121.4742925" />
  <node id="2906837051" lat="25.1283826" lon="121.4952493" />
  <node id="2906837052" lat="25.1284280" lon="121.4964516" />
  <node id="2906837053" lat="25.1284655" lon="121.4966879" />
  <node id="2906837055" lat="25.1284704" lon="121.4743175" />
  <node id="2906837056" lat="25.1284815" lon="121.4956865" />
  <node id="2906837057" lat="25.1285136" lon="121.4969508" />
  <node id="2906837058" lat="25.1285877" lon="121.4739123" />
  <node id="2906837059" lat="25.1286580" lon="121.4963718" />
  <node id="2906837060" lat="25.1286714" lon="121.4963098" />
  <node id="2906837061" lat="25.1286803" lon="121.4739687" />
  <node id="2906837062" lat="25.1286841" lon="121.4749400" />
  <node id="2906837063" lat="25.1286875" lon="121.4970571" />
  <node id="2906837064" lat="25.1287673" lon="121.4748355" />
  <node id="2906837066" lat="25.1288448" lon="121.4737097" />
  <node id="2906837067" lat="25.1288600" lon="121.4746288" />
  <node id="2906837068" lat="25.1289148" lon="121.4956008" />
  <node id="2906837070" lat="25.1289950" lon="121.4961650" />
  <node id="2906837071" lat="25.1290325" lon="121.4967942" />
  <node id="2906837072" lat="25.1290458" lon="121.4968858" />
  <node id="2906837073" lat="25.1290780" lon="121.4752662" />
  <node id="2906837075" lat="25.1291361" lon="121.4735990" />
  <node id="2906837076" lat="25.1291588" lon="121.4735593" />
  <node id="2906837078" lat="25.1291815" lon="121.4738517" />
  <node id="2906837079" lat="25.1292193" lon="121.4737327" />
  <node id="2906837080" lat="25.1292719" lon="121.4750727" />
  <node id="2906837081" lat="25.1293100" lon="121.4736241" />
  <node id="2906837082" lat="25.1294123" lon="121.4752514" />
  <node id="2906837083" lat="25.1294935" lon="121.4733922" />
  <node id="2906837084" lat="25.1295406" lon="121.4966377" />
  <node id="2906837086" lat="25.1296022" lon="121.4751864" />
  <node id="2906837087" lat="25.1296448" lon="121.4733358" />
  <node id="2906837088" lat="25.1296503" lon="121.4759530" />
  <node id="2906837089" lat="25.1296636" lon="121.4959258" />
  <node id="2906837090" lat="25.1296995" lon="121.4763225" />
  <node id="2906837092" lat="25.1297599" lon="121.4961946" />
  <node id="2906837093" lat="25.1298308" lon="121.4755616" />
  <node id="2906837094" lat="25.1298318" lon="121.4761748" />
  <node id="2906837095" lat="25.1298358" lon="121.4734465" />
  <node id="2906837097" lat="25.1299107" lon="121.4765898" />
  <node id="2906837099" lat="25.1299230" lon="121.4957013" />
  <node id="2906837100" lat="25.1300073" lon="121.4755719" />
  <node id="2906837101" lat="25.1300273" lon="121.4952109" />
  <node id="2906837102" lat="25.1300721" lon="121.4737139" />
  <node id="2906837104" lat="25.1301290" lon="121.4757595" />
  <node id="2906837105" lat="25.1301316" lon="121.4955802" />
  <node id="2906837107" lat="25.1301721" lon="121.4757951" />
  <node id="2906837108" lat="25.1301798" lon="121.4959405" />
  <node id="2906837109" lat="25.1301856" lon="121.4735092" />
  <node id="2906837110" lat="25.1302948" lon="121.4962300" />
  <node id="2906837112" lat="25.1303426" lon="121.4734695" />
  <node id="2906837113" lat="25.1303563" lon="121.4950544" />
  <node id="2906837118" lat="25.1305060" lon="121.4950396" />
  <node id="2906837119" lat="25.1305088" lon="121.4754807" />
  <node id="2906837125" lat="25.1306050" lon="121.4955979" />
  <node id="2906837130" lat="25.1308210" lon="121.4737598" />
  <node id="2906837132" lat="25.1308617" lon="121.4955329" />
  <node id="2906837135" lat="25.1309446" lon="121.4959701" />
  <node id="2906837144" lat="25.1311519" lon="121.4742507" />
  <node id="2906837146" lat="25.1311593" lon="121.4748906" />
  <node id="2906837151" lat="25.1312816" lon="121.4958490" />
  <node id="2906837152" lat="25.1312938" lon="121.4744199" />
  <node id="2906837154" lat="25.1314148" lon="121.4748355" />
  <node id="2906837160" lat="25.1315188" lon="121.4748230" />
  <node id="2906837161" lat="25.1315651" lon="121.4953734" />
  <node id="2906837164" lat="25.1316058" lon="121.4747687" />
  <node id="2906837166" lat="25.1316587" lon="121.4957279" />
  <node id="2906837171" lat="25.1318088" lon="121.4821499" />
  <node id="2906837175" lat="25.1319828" lon="121.4818305" />
  <node id="2906837179" lat="25.1320999" lon="121.4952286" />
  <node id="2906837182" lat="25.1321801" lon="121.4927817" />
  <node id="2906837186" lat="25.1322784" lon="121.4928715" />
  <node id="2906837187" lat="25.1322871" lon="121.4933115" />
  <node id="2906837189" lat="25.1323156" lon="121.4813501" />
  <node id="2906837190" lat="25.1323257" lon="121.4931765" />
  <node id="2906837193" lat="25.1323447" lon="121.4837595" />
  <node id="2906837195" lat="25.1323674" lon="121.4936808" />
  <node id="2906837197" lat="25.1324209" lon="121.4936837" />
  <node id="2906837198" lat="25.1324253" lon="121.4828016" />
  <node id="2906837200" lat="25.1325055" lon="121.4838431" />
  <node id="2906837202" lat="25.1325451" lon="121.4925185" />
  <node id="2906837203" lat="25.1325078" lon="121.4802693" />
  <node id="2906837204" lat="25.1325747" lon="121.4810159" />
  <node id="2906837206" lat="25.1326375" lon="121.4945108" />
  <node id="2906837207" lat="25.1326883" lon="121.4945108" />
  <node id="2906837208" lat="25.1327173" lon="121.4805536" />
  <node id="2906837209" lat="25.1327324" lon="121.4831308" />
  <node id="2906837210" lat="25.1327486" lon="121.4806023" />
  <node id="2906837211" lat="25.1328383" lon="121.4923073" />
  <node id="2906837213" lat="25.1328568" lon="121.4950041" />
  <node id="2906837214" lat="25.1329627" lon="121.4880821" />
  <node id="2906837215" lat="25.1330536" lon="121.4885902" />
  <node id="2906837216" lat="25.1331028" lon="121.4867103" />
  <node id="2906837217" lat="25.1331071" lon="121.4879226" />
  <node id="2906837219" lat="25.1331445" lon="121.4884721" />
  <node id="2906837221" lat="25.1332239" lon="121.4866278" />
  <node id="2906837222" lat="25.1332301" lon="121.4890215" />
  <node id="2906837223" lat="25.1332430" lon="121.4828989" />
  <node id="2906837224" lat="25.1332927" lon="121.4943129" />
  <node id="2906837225" lat="25.1333061" lon="121.4870588" />
  <node id="2906837226" lat="25.1333581" lon="121.4921012" />
  <node id="2906837227" lat="25.1334130" lon="121.4947649" />
  <node id="2906837228" lat="25.1334387" lon="121.4894912" />
  <node id="2906837229" lat="25.1334544" lon="121.4923316" />
  <node id="2906837230" lat="25.1334628" lon="121.4888886" />
  <node id="2906837232" lat="25.1335186" lon="121.4925443" />
  <node id="2906837233" lat="25.1335292" lon="121.4922400" />
  <node id="2906837235" lat="25.1335493" lon="121.4864311" />
  <node id="2906837236" lat="25.1335495" lon="121.4880543" />
  <node id="2906837237" lat="25.1335575" lon="121.4879627" />
  <node id="2906837239" lat="25.1335961" lon="121.4923109" />
  <node id="2906837241" lat="25.1336206" lon="121.4900406" />
  <node id="2906837242" lat="25.1336363" lon="121.4860154" />
  <node id="2906837243" lat="25.1336549" lon="121.4932089" />
  <node id="2906837244" lat="25.1337044" lon="121.4834128" />
  <node id="2906837245" lat="25.1337058" lon="121.4926270" />
  <node id="2906837246" lat="25.1337111" lon="121.4946032" />
  <node id="2906837247" lat="25.1337479" lon="121.4862619" />
  <node id="2906837248" lat="25.1337887" lon="121.4936372" />
  <node id="2906837249" lat="25.1337933" lon="121.4834922" />
  <node id="2906837250" lat="25.1337962" lon="121.4948434" />
  <node id="2906837251" lat="25.1338500" lon="121.4857021" />
  <node id="2906837252" lat="25.1338609" lon="121.4939828" />
  <node id="2906837253" lat="25.1338813" lon="121.4951671" />
  <node id="2906837254" lat="25.1339357" lon="121.4939090" />
  <node id="2906837255" lat="25.1339575" lon="121.4898427" />
  <node id="2906837256" lat="25.1339892" lon="121.4944998" />
  <node id="2906837257" lat="25.1340324" lon="121.4896920" />
  <node id="2906837258" lat="25.1340779" lon="121.4893789" />
  <node id="2906837259" lat="25.1341460" lon="121.4951421" />
  <node id="2906837260" lat="25.1341634" lon="121.4882712" />
  <node id="2906837261" lat="25.1342169" lon="121.4897541" />
  <node id="2906837262" lat="25.1342349" lon="121.4945008" />
  <node id="2906837263" lat="25.1343399" lon="121.4889920" />
  <node id="2906837264" lat="25.1343540" lon="121.4949959" />
  <node id="2906837265" lat="25.1343587" lon="121.4891042" />
  <node id="2906837266" lat="25.1343946" lon="121.4850358" />
  <node id="2906837267" lat="25.1344389" lon="121.4889299" />
  <node id="2906837268" lat="25.1345526" lon="121.4950084" />
  <node id="2906837269" lat="25.1345564" lon="121.4946909" />
  <node id="2906837270" lat="25.1345901" lon="121.4903694" />
  <node id="2906837271" lat="25.1345961" lon="121.4940726" />
  <node id="2906837272" lat="25.1346812" lon="121.4939264" />
  <node id="2906837273" lat="25.1346998" lon="121.4899115" />
  <node id="2906837274" lat="25.1347345" lon="121.4910222" />
  <node id="2906837275" lat="25.1347613" lon="121.4902453" />
  <node id="2906837277" lat="25.1347965" lon="121.4949562" />
  <node id="2906837279" lat="25.1348060" lon="121.4951024" />
  <node id="2906837280" lat="25.1348514" lon="121.4947577" />
  <node id="2906837281" lat="25.1348570" lon="121.4949562" />
  <node id="2906837282" lat="25.1349554" lon="121.4951692" />
  <node id="2906837283" lat="25.1349645" lon="121.4915362" />
  <node id="2906837284" lat="25.1350424" lon="121.4940517" />
  <node id="2906837285" lat="25.1350704" lon="121.4918899" />
  <node id="2906837286" lat="25.1350726" lon="121.4947473" />
  <node id="2906837287" lat="25.1351823" lon="121.4938909" />
  <node id="2906837289" lat="25.1354501" lon="121.4928351" />
  <node id="2906837290" lat="25.1354581" lon="121.4925190" />
  <node id="2906837291" lat="25.1354662" lon="121.4912754" />
  <node id="2906837292" lat="25.1355517" lon="121.4918249" />
  <node id="2906837293" lat="25.1355567" lon="121.4927504" />
  <node id="2906837294" lat="25.1355624" lon="121.4937906" />
  <node id="2906837295" lat="25.1356358" lon="121.4941025" />
  <node id="2906837296" lat="25.1356550" lon="121.4927588" />
  <node id="2906837297" lat="25.1356828" lon="121.4919903" />
  <node id="2906837298" lat="25.1357969" lon="121.4928946" />
  <node id="2906837299" lat="25.1358513" lon="121.4915265" />
  <node id="2906837300" lat="25.1358753" lon="121.4905812" />
  <node id="2906837301" lat="25.1358753" lon="121.4912163" />
  <node id="2906837302" lat="25.1359046" lon="121.4937280" />
  <node id="2906837303" lat="25.1359406" lon="121.4925833" />
  <node id="2906837304" lat="25.1360276" lon="121.4937238" />
  <node id="2906837305" lat="25.1360652" lon="121.4907467" />
  <node id="2906837306" lat="25.1361751" lon="121.4934690" />
  <node id="2906837307" lat="25.1361996" lon="121.4927901" />
  <node id="2906837308" lat="25.1363263" lon="121.4929175" />
  <node id="2906837309" lat="25.1364190" lon="121.4929447" />
  <node id="3104135678" lat="25.0535680" lon="121.5310339">
    <tag k="amenity" v="cafe" />
    <tag k="disused:amenity" v="cafe" />
    <tag k="disused:name" v="Single &amp; Double" />
    <tag k="name" v="Chinguo Cafe and Cake" />
  </node>
  <node id="3104135686" lat="25.0537135" lon="121.5311782">
    <tag k="addr:city" v="臺北市" />
    <tag k="addr:country" v="TW" />
    <tag k="addr:district" v="中山區" />
    <tag k="addr:full" v="104臺北市中山區四平街25號" />
    <tag k="addr:housenumber" v="25" />
    <tag k="addr:postcode" v="104" />
    <tag k="addr:street" v="四平街" />
    <tag k="amenity" v="restaurant" />
    <tag k="name" v="金金自助餐" />
  </node>
  <node id="3104137565" lat="25.0537162" lon="121.5310299">
    <tag k="addr:city" v="臺北市" />
    <tag k="addr:country" v="TW" />
    <tag k="addr:district" v="中山區" />
    <tag k="addr:full" v="104臺北市中山區四平街21號" />
    <tag k="addr:housenumber" v="21" />
    <tag k="addr:postcode" v="104" />
    <tag k="addr:street" v="四平街" />
    <tag k="amenity" v="restaurant" />
    <tag k="cuisine" v="ramen" />
    <tag k="name" v="芩和日式拉麵" />
    <tag k="opening_hours" v="11:00-21:00" />
    <tag k="phone" v="+886 2 2567 1027" />
  </node>
  <node id="3104138129" lat="25.0530380" lon="121.5309968">
    <tag k="addr:city" v="臺北市" />
    <tag k="addr:country" v="TW" />
    <tag k="addr:district" v="中山區" />
    <tag k="addr:full" v="104臺北市中山區中吉里4鄰松江路132巷15弄4號" />
    <tag k="addr:hamlet" v="中吉里" />
    <tag k="addr:housenumber" v="4" />
    <tag k="addr:neighbourhood" v="4" />
    <tag k="addr:postcode" v="104" />
    <tag k="addr:street" v="松江路132巷15弄" />
    <tag k="amenity" v="cafe" />
    <tag k="contact:facebook" v="https://www.facebook.com/324688927559186" />
    <tag k="name" v="普莉斯咖啡館" />
    <tag k="name:en" v="please CAFÉ" />
    <tag k="name:zh" v="普莉斯咖啡館" />
    <tag k="phone" v="+886 2 2568 1416" />
    <tag k="website" v="http://www.magnet.com.tw/" />
  </node>
  <node id="3231669811" lat="25.0537103" lon="121.5309758">
    <tag k="addr:city" v="台北市" />
    <tag k="addr:country" v="TW" />
    <tag k="addr:district" v="中山區" />
    <tag k="addr:full" v="台北市四平街19號" />
    <tag k="addr:housenumber" v="19" />
    <tag k="addr:postcode" v="104" />
    <tag k="addr:street" v="四平街" />
    <tag k="amenity" v="restaurant" />
    <tag k="cuisine" v="japanese" />
    <tag k="cuisine:zh" v="火鍋" />
    <tag k="name" v="日鑫小火鍋" />
    <tag k="phone" v="+886-2-2567-8355" />
  </node>
  <node id="3323095420" lat="25.0522457" lon="121.5302992">
    <tag k="addr:city" v="台北市" />
    <tag k="addr:country" v="TW" />
    <tag k="addr:district" v="中山區" />
    <tag k="addr:full" v="台北市中山區南京東路二段63號2樓" />
    <tag k="addr:housenumber" v="63" />
    <tag k="addr:level" v="2" />
    <tag k="addr:postcode" v="104" />
    <tag k="addr:street" v="南京東路二段" />
    <tag k="amenity" v="restaurant" />
    <tag k="fax" v="+886 2 2536 1260" />
    <tag k="name" v="壹品宴湖南餐廳" />
    <tag k="old_name" v="彭園" />
    <tag k="phone" v="+886 2 2541 9102" />
  </node>
  <node id="3323095422" lat="25.0531480" lon="121.5309957">
    <tag k="addr:city" v="台北市" />
    <tag k="addr:country" v="TW" />
    <tag k="addr:district" v="中山區" />
    <tag k="addr:full" v="台北市中山區松江路132巷15弄4號" />
    <tag k="addr:housenumber" v="4" />
    <tag k="addr:postcode" v="104" />
    <tag k="addr:street" v="松江路132巷15弄" />
    <tag k="alt_name" v="WOW.C" />
    <tag k="amenity" v="restaurant" />
    <tag k="internet_access" v="wlan" />
    <tag k="internet_access:fee" v="no" />
    <tag k="name" v="蛙喜廚房BRUNCH PASTA" />
    <tag k="name:en" v="BRUNCH PASTA" />
    <tag k="name:zh" v="蛙喜廚房" />
    <tag k="phone" v="+886-2-2541-7755" />
  </node>
  <node id="3417776227" lat="25.1264140" lon="121.4985091">
    <tag k="bus" v="yes" />
    <tag k="description" v="大業路282號同向" />
    <tag k="highway" v="bus_stop" />
    <tag k="name" v="鳳甲美術館" />
    <tag k="name:en" v="Fengjia Arts Museum" />
    <tag k="name:zh" v="鳳甲美術館" />
    <tag k="name:zh-Hans" v="凤甲美术馆" />
    <tag k="name:zh-Hant" v="鳳甲美術館" />
    <tag k="network" v="臺北市市區公車" />
    <tag k="network:en" v="Taipei Joint Bus System" />
    <tag k="network:nan" v="Tâi-pak-chhī Chhī-khu Kong-chhia" />
    <tag k="network:nan-Hant" v="臺北市市區公車" />
    <tag k="network:nan-Latn-pehoeji" v="Tâi-pak-chhī Chhī-khu Kong-chhia" />
    <tag k="network:nan-Latn-tailo" v="Tâi-pak-tshiī Tshī-khu Kong-tshia" />
    <tag k="network:wikidata" v="Q5972821" />
    <tag k="network:zh" v="臺北市市區公車" />
    <tag k="public_transport" v="platform" />
    <tag k="ref" v="506" />
    <tag k="source" v="Bing" />
  </node>
  <node id="3417776228" lat="25.1275620" lon="121.4977699">
    <tag k="bus" v="yes" />
    <tag k="description" v="大業路260號" />
    <tag k="highway" v="bus_stop" />
    <tag k="name" v="鳳甲美術館" />
    <tag k="name:en" v="Fengjia Arts Museum" />
    <tag k="name:zh" v="鳳甲美術館" />
    <tag k="name:zh-Hans" v="凤甲美术馆" />
    <tag k="name:zh-Hant" v="鳳甲美術館" />
    <tag k="network" v="臺北市市區公車" />
    <tag k="network:en" v="Taipei Joint Bus System" />
    <tag k="network:nan" v="Tâi-pak-chhī Chhī-khu Kong-chhia" />
    <tag k="network:nan-Hant" v="臺北市市區公車" />
    <tag k="network:nan-Latn-pehoeji" v="Tâi-pak-chhī Chhī-khu Kong-chhia" />
    <tag k="network:nan-Latn-tailo" v="Tâi-pak-tshiī Tshī-khu Kong-tshia" />
    <tag k="network:wikidata" v="Q5972821" />
    <tag k="network:zh" v="臺北市市區公車" />
    <tag k="public_transport" v="platform" />
    <tag k="ref" v="73" />
    <tag k="source" v="Bing" />
  </node>
  <node id="3533327794" lat="25.0530195" lon="121.5316271">
    <tag k="addr:city" v="臺北市" />
    <tag k="addr:country" v="TW" />
    <tag k="addr:district" v="中山區" />
    <tag k="addr:floor" v="1" />
    <tag k="addr:full" v="10457臺北市中山區一江街23號1樓" />
    <tag k="addr:housenumber" v="23" />
    <tag k="addr:postcode" v="10457" />
    <tag k="addr:street" v="一江街" />
    <tag k="alt_name" v="統一超商" />
    <tag k="atm" v="yes" />
    <tag k="branch" v="江陵門市" />
    <tag k="brand" v="7-Eleven" />
    <tag k="brand:en" v="7-Eleven" />
    <tag k="brand:wikidata" v="Q259340" />
    <tag k="brand:wikipedia" v="en:7-Eleven" />
    <tag k="internet_access" v="wlan" />
    <tag k="level" v="1" />
    <tag k="name" v="7-Eleven" />
    <tag k="opening_hours" v="24/7" />
    <tag k="operator" v="統一超商股份有限公司" />
    <tag k="phone" v="+886-2-2581-5356" />
    <tag k="shop" v="convenience" />
    <tag k="toilets" v="yes" />
    <tag k="website" v="https://www.7-11.com.tw/" />
  </node>
  <node id="3533327795" lat="25.0526156" lon="121.5312053">
    <tag k="addr:city" v="台北市" />
    <tag k="addr:country" v="TW" />
    <tag k="addr:district" v="中山區" />
    <tag k="addr:full" v="104台北市中山區松江路124巷19號" />
    <tag k="addr:housenumber" v="19" />
    <tag k="addr:postcode" v="104" />
    <tag k="addr:street" v="松江路124巷" />
    <tag k="amenity" v="restaurant" />
    <tag k="cuisine" v="beef_noodle" />
    <tag k="name" v="牛爺牛肉麵" />
  </node>
  <node id="3533380293" lat="25.0531644" lon="121.5316569">
    <tag k="addr:city" v="台北市" />
    <tag k="addr:country" v="TW" />
    <tag k="addr:district" v="中山區" />
    <tag k="addr:full" v="台北市中山區一江街25號" />
    <tag k="addr:housenumber" v="25" />
    <tag k="addr:postcode" v="104" />
    <tag k="addr:street" v="一江街" />
    <tag k="amenity" v="cafe" />
    <tag k="check_date" v="2025-05-21" />
    <tag k="contact:facebook" v="@Coffee-Shop-612219522555515" />
    <tag k="disused:amenity" v="restaurant" />
    <tag k="disused:end_date" v="2018-09-10" />
    <tag k="disused:name" v="府城蘭香排骨飯南京店" />
    <tag k="name" v="泊咖啡" />
    <tag k="name:en" v="PARC" />
    <tag k="name:zh" v="泊咖啡" />
    <tag k="phone" v="+886 2 2521 0214" />
    <tag k="website" v="https://www.facebook.com/pages/category/Coffee-Shop/612219522555515/" />
  </node>
  <node id="3533380494" lat="25.0526171" lon="121.5310860">
    <tag k="addr:city" v="台北市" />
    <tag k="addr:country" v="TW" />
    <tag k="addr:district" v="中山區" />
    <tag k="addr:full" v="104台北市中山區松江路124巷19之1號" />
    <tag k="addr:housenumber" v="19之1" />
    <tag k="addr:postcode" v="104" />
    <tag k="addr:street" v="松江路124巷" />
    <tag k="amenity" v="restaurant" />
    <tag k="name" v="三川麻辣鍋" />
  </node>
  <node id="3533380693" lat="25.0526118" lon="121.5314017">
    <tag k="addr:city" v="臺北市" />
    <tag k="addr:country" v="TW" />
    <tag k="addr:district" v="中山區" />
    <tag k="addr:full" v="10457臺北市中山區一江街22號" />
    <tag k="addr:housenumber" v="22" />
    <tag k="addr:postcode" v="10457" />
    <tag k="addr:street" v="一江街" />
    <tag k="branch" v="京江店" />
    <tag k="brand" v="全家便利商店" />
    <tag k="brand:en" v="FamilyMart" />
    <tag k="brand:ja" v="ファミリーマート" />
    <tag k="brand:wikidata" v="Q10891564" />
    <tag k="brand:wikipedia" v="zh:全家便利商店" />
    <tag k="brand:zh" v="全家便利商店" />
    <tag k="internet_access" v="wlan" />
    <tag k="name" v="全家便利商店" />
    <tag k="name:en" v="FamilyMart" />
    <tag k="name:zh" v="全家便利商店" />
    <tag k="opening_hours" v="24/7" />
    <tag k="operator" v="全家便利商店股份有限公司" />
    <tag k="phone" v="+886-2-7709-5806;+886-2-2567-8224" />
    <tag k="shop" v="convenience" />
    <tag k="toilets" v="no" />
    <tag k="website" v="https://www.family.com.tw/" />
    <tag k="wheelchair" v="limited" />
  </node>
  <node id="3533381095" lat="25.0533812" lon="121.5316388">
    <tag k="addr:city" v="臺北市" />
    <tag k="addr:country" v="TW" />
    <tag k="addr:district" v="中山區" />
    <tag k="addr:full" v="104臺北市中山區一江街31號" />
    <tag k="addr:housenumber" v="31" />
    <tag k="addr:postcode" v="104" />
    <tag k="addr:street" v="一江街" />
    <tag k="amenity" v="restaurant" />
    <tag k="name" v="四芳傳統小吃" />
    <tag k="wheelchair" v="limited" />
  </node>
  <node id="3533381098" lat="25.0534305" lon="121.5316319">
    <tag k="addr:city" v="臺北市" />
    <tag k="addr:country" v="TW" />
    <tag k="addr:district" v="中山區" />
    <tag k="addr:full" v="104臺北市中山區一江街31之1號" />
    <tag k="addr:housenumber" v="31之1" />
    <tag k="addr:postcode" v="104" />
    <tag k="addr:street" v="一江街" />
    <tag k="amenity" v="clinic" />
    <tag k="healthcare" v="clinic" />
    <tag k="healthcare:speciality" v="traditional_chinese_medicine" />
    <tag k="name" v="益曼中醫" />
  </node>
  <node id="3533381395" lat="25.0528321" lon="121.5317030">
    <tag k="addr:city" v="台北市" />
    <tag k="addr:country" v="TW" />
    <tag k="addr:district" v="中山區" />
    <tag k="addr:full" v="104台北市中山區一江街21之1號" />
    <tag k="addr:housenumber" v="21之1" />
    <tag k="addr:postcode" v="104" />
    <tag k="addr:street" v="一江街" />
    <tag k="name" v="Evergreen Laurel Collection" />
    <tag k="shop" v="alcohol" />
  </node>
  <node id="3533381894" lat="25.0535121" lon="121.5316329">
    <tag k="amenity" v="bar" />
    <tag k="name" v="方馨酒坊" />
  </node>
  <node id="3704216226" lat="25.0535572" lon="121.5319823">
    <tag k="addr:city" v="台北市" />
    <tag k="addr:country" v="TW" />
    <tag k="addr:district" v="中山區" />
    <tag k="addr:full" v="104台北市中山區四平街32號" />
    <tag k="addr:housenumber" v="32" />
    <tag k="addr:postcode" v="104" />
    <tag k="addr:street" v="四平街" />
    <tag k="amenity" v="restaurant" />
    <tag k="name" v="羅媽媽小吃店" />
  </node>
  <node id="3704216227" lat="25.0535636" lon="121.5320563">
    <tag k="addr:city" v="台北市" />
    <tag k="addr:country" v="TW" />
    <tag k="addr:district" v="中山區" />
    <tag k="addr:full" v="104台北市中山區四平街38號" />
    <tag k="addr:housenumber" v="38" />
    <tag k="addr:postcode" v="104" />
    <tag k="addr:street" v="四平街" />
    <tag k="amenity" v="restaurant" />
    <tag k="diet:vegetarian" v="yes" />
    <tag k="name" v="齊芯蔬食坊" />
    <tag k="old_name" v="宜潔蔥餅店" />
    <tag k="opening_hours" v="Mo-Fr 11:00-13:30, 16:30-19:30; Sa 10:30-14:30" />
  </node>
  <node id="3704216326" lat="25.0535524" lon="121.5321791">
    <tag k="addr:city" v="台北市" />
    <tag k="addr:country" v="TW" />
    <tag k="addr:district" v="中山區" />
    <tag k="addr:full" v="104台北市中山區四平街42號" />
    <tag k="addr:housenumber" v="42" />
    <tag k="addr:postcode" v="104" />
    <tag k="addr:street" v="四平街" />
    <tag k="amenity" v="restaurant" />
    <tag k="name" v="甘記蕃茄刀削麵" />
    <tag k="wheelchair" v="no" />
  </node>
  <node id="3704216327" lat="25.0535589" lon="121.5319128">
    <tag k="addr:city" v="台北市" />
    <tag k="addr:country" v="TW" />
    <tag k="addr:district" v="中山區" />
    <tag k="addr:full" v="104台北市中山區四平街30號" />
    <tag k="addr:housenumber" v="30" />
    <tag k="addr:postcode" v="104" />
    <tag k="addr:street" v="四平街" />
    <tag k="amenity" v="restaurant" />
    <tag k="cuisine" v="japanese" />
    <tag k="disused:branch" v="四平館" />
    <tag k="disused:cuisine" v="beef_noodle" />
    <tag k="disused:name" v="牛易館牛肉麵" />
    <tag k="disused:phone" v="+886-2-2523-8732" />
    <tag k="name" v="宮崎輝の會館" />
    <tag k="wheelchair" v="no" />
  </node>
  <node id="3704216328" lat="25.0542866" lon="121.5314627">
    <tag k="addr:city" v="台北市" />
    <tag k="addr:country" v="TW" />
    <tag k="addr:district" v="中山區" />
    <tag k="addr:full" v="104台北市中山區一江街58號" />
    <tag k="addr:housenumber" v="58" />
    <tag k="addr:postcode" v="104" />
    <tag k="addr:street" v="一江街" />
    <tag k="amenity" v="restaurant" />
    <tag k="cuisine" v="breakfast" />
    <tag k="name" v="妍而美早餐店" />
  </node>
  <node id="3704216426" lat="25.0535603" lon="121.5320816">
    <tag k="addr:city" v="台北市" />
    <tag k="addr:country" v="TW" />
    <tag k="addr:district" v="中山區" />
    <tag k="addr:full" v="104台北市中山區四平街40號" />
    <tag k="addr:housenumber" v="40" />
    <tag k="addr:postcode" v="104" />
    <tag k="addr:street" v="四平街" />
    <tag k="amenity" v="cafe" />
    <tag k="brand" v="50嵐" />
    <tag k="brand:en" v="50 Lan" />
    <tag k="brand:wikidata" v="Q106926258" />
    <tag k="brand:wikipedia" v="zh:五十嵐 (臺灣)" />
    <tag k="brand:zh" v="50嵐" />
    <tag k="cuisine" v="bubble_tea" />
    <tag k="name" v="50嵐" />
    <tag k="name:en" v="50 Lan" />
    <tag k="name:zh" v="50嵐" />
    <tag k="shop" v="beverages" />
    <tag k="takeaway" v="only" />
    <tag k="tea" v="yes" />
    <tag k="wheelchair" v="yes" />
  </node>
  <node id="3704216427" lat="25.0541433" lon="121.5314714">
    <tag k="addr:city" v="台北市" />
    <tag k="addr:country" v="TW" />
    <tag k="addr:district" v="中山區" />
    <tag k="addr:full" v="104台北市中山區一江街50號" />
    <tag k="addr:housenumber" v="50" />
    <tag k="addr:postcode" v="104" />
    <tag k="addr:street" v="一江街" />
    <tag k="amenity" v="restaurant" />
    <tag k="cuisine" v="beef_noodle" />
    <tag k="name" v="騾老么牛肉麵" />
  </node>
  <node id="3704216625" lat="25.0535578" lon="121.5320391">
    <tag k="addr:city" v="台北市" />
    <tag k="addr:country" v="TW" />
    <tag k="addr:district" v="中山區" />
    <tag k="addr:full" v="104台北市中山區四平街36號" />
    <tag k="addr:housenumber" v="36" />
    <tag k="addr:postcode" v="104" />
    <tag k="addr:street" v="四平街" />
    <tag k="amenity" v="restaurant" />
    <tag k="name" v="蘋果早午餐" />
  </node>
  <node id="3704216626" lat="25.0544315" lon="121.5314512">
    <tag k="addr:city" v="台北市" />
    <tag k="addr:country" v="TW" />
    <tag k="addr:district" v="中山區" />
    <tag k="addr:full" v="104台北市中山區一江街60號" />
    <tag k="addr:housenumber" v="60" />
    <tag k="addr:postcode" v="104" />
    <tag k="addr:street" v="一江街" />
    <tag k="amenity" v="pharmacy" />
    <tag k="healthcare" v="pharmacy" />
    <tag k="name" v="惠友藥局" />
  </node>
  <node id="3704216925" lat="25.0542016" lon="121.5314561">
    <tag k="addr:city" v="台北市" />
    <tag k="addr:country" v="TW" />
    <tag k="addr:district" v="中山區" />
    <tag k="addr:full" v="104台北市中山區一江街52號" />
    <tag k="addr:housenumber" v="52" />
    <tag k="addr:postcode" v="104" />
    <tag k="addr:street" v="一江街" />
    <tag k="amenity" v="restaurant" />
    <tag k="name" v="蓋飯" />
  </node>
  <node id="3704217025" lat="25.0542416" lon="121.5314585">
    <tag k="addr:city" v="台北市" />
    <tag k="addr:country" v="TW" />
    <tag k="addr:district" v="中山區" />
    <tag k="addr:full" v="104台北市中山區一江街56號" />
    <tag k="addr:housenumber" v="56" />
    <tag k="addr:postcode" v="104" />
    <tag k="addr:street" v="一江街" />
    <tag k="amenity" v="restaurant" />
    <tag k="diet:vegetarian" v="only" />
    <tag k="name" v="人人素食麵館" />
  </node>
  <node id="3704217225" lat="25.0544751" lon="121.5314451">
    <tag k="addr:city" v="台北市" />
    <tag k="addr:country" v="TW" />
    <tag k="addr:district" v="中山區" />
    <tag k="addr:full" v="104台北市中山區一江街60之1號" />
    <tag k="addr:housenumber" v="60之1" />
    <tag k="addr:postcode" v="104" />
    <tag k="addr:street" v="一江街" />
    <tag k="amenity" v="cafe" />
    <tag k="branch" v="一江店" />
    <tag k="disused:amenity" v="restaurant" />
    <tag k="disused:name" v="一江紅麵線" />
    <tag k="disused:phone" v="+886-2-2571-8395" />
    <tag k="name" v="雪球咖啡" />
  </node>
  <node id="3762744907" lat="25.1233848" lon="121.4746948" />
  <node id="3786978577" lat="25.1168453" lon="121.5163830" />
  <node id="3786978578" lat="25.1165861" lon="121.5176974" />
  <node id="3786978579" lat="25.1159833" lon="121.5178943" />
  <node id="3786978580" lat="25.1160025" lon="121.5177970" />
  <node id="3786978581" lat="25.1164554" lon="121.5178711" />
  <node id="3786978582" lat="25.1165572" lon="121.5172213" />
  <node id="3786978583" lat="25.1159416" lon="121.5170166" />
  <node id="3786978584" lat="25.1159641" lon="121.5169069" />
  <node id="3786978585" lat="25.1161499" lon="121.5169617" />
  <node id="3786978586" lat="25.1163438" lon="121.5161247" />
  <node id="3788314265" lat="25.1230861" lon="121.5012981" />
  <node id="3788314281" lat="25.1212973" lon="121.5025552" />
  <node id="3788314282" lat="25.1211963" lon="121.5025251" />
  <node id="3788314283" lat="25.1209736" lon="121.5023977" />
  <node id="3788314284" lat="25.1201918" lon="121.5019076" />
  <node id="3788314285" lat="25.1198361" lon="121.5016173" />
  <node id="3788314286" lat="25.1205699" lon="121.5007892" />
  <node id="3788314287" lat="25.1214231" lon="121.4999364" />
  <node id="3788314288" lat="25.1221735" lon="121.4997218" />
  <node id="3788314289" lat="25.1230607" lon="121.4995043" />
  <node id="3788314290" lat="25.1241842" lon="121.4992766" />
  <node id="3788314291" lat="25.1246116" lon="121.4991639" />
  <node id="3788314292" lat="25.1234448" lon="121.5011839" />
  <node id="3788314293" lat="25.1226564" lon="121.5014902" />
  <node id="3788314294" lat="25.1223426" lon="121.5016467" />
  <node id="3788314295" lat="25.1221180" lon="121.5017910" />
  <node id="3788314296" lat="25.1218871" lon="121.5019293" />
  <node id="3788314297" lat="25.1216368" lon="121.5021549" />
  <node id="3788314298" lat="25.1261170" lon="121.5006743" />
  <node id="3788314299" lat="25.1276434" lon="121.5003176" />
  <node id="3788314300" lat="25.1272699" lon="121.4982851" />
  <node id="3788314301" lat="25.1254331" lon="121.4989178" />
  <node id="3788314302" lat="25.1210612" lon="121.5002261" />
  <node id="3798720597" lat="25.1278776" lon="121.4975291">
    <tag k="amenity" v="bicycle_parking" />
    <tag k="capacity" v="5" />
  </node>
  <node id="3812319092" lat="25.1269704" lon="121.4961162" />
  <node id="3840857812" lat="25.0529688" lon="121.5302127" />
  <node id="3840857813" lat="25.0532110" lon="121.5301836">
    <tag k="amenity" v="recycling" />
    <tag k="recycling:clothes" v="yes" />
    <tag k="recycling_type" v="container" />
  </node>
  <node id="3840857815" lat="25.0531047" lon="121.5301830">
    <tag k="bus" v="yes" />
    <tag k="description" v="臺北市中山區吉林路49號" />
    <tag k="highway" v="bus_stop" />
    <tag k="name" v="吉林國小" />
    <tag k="name:en" v="Jilin Elementary School" />
    <tag k="name:zh" v="吉林國小" />
    <tag k="name:zh-Hans" v="吉林国小" />
    <tag k="name:zh-Hant" v="吉林國小" />
    <tag k="network" v="臺北市市區公車" />
    <tag k="network:en" v="Taipei Joint Bus System" />
    <tag k="network:nan" v="Tâi-pak-chhī Chhī-khu Kong-chhia" />
    <tag k="network:nan-Hant" v="臺北市市區公車" />
    <tag k="network:nan-Latn-pehoeji" v="Tâi-pak-chhī Chhī-khu Kong-chhia" />
    <tag k="network:nan-Latn-tailo" v="Tâi-pak-tshiī Tshī-khu Kong-tshia" />
    <tag k="network:wikidata" v="Q5972821" />
    <tag k="network:zh" v="臺北市市區公車" />
    <tag k="public_transport" v="platform" />
    <tag k="ref" v="1001356" />
  </node>
  <node id="3840862309" lat="25.0526010" lon="121.5305205" />
  <node id="3840862471" lat="25.0540455" lon="121.5302522" />
  <node id="3840862824" lat="25.0532268" lon="121.5301800">
    <tag k="amenity" v="post_box" />
  </node>
  <node id="3843022477" lat="25.0543509" lon="121.5302542" />
  <node id="3843022478" lat="25.0543473" lon="121.5305547" />
  <node id="3843022479" lat="25.0540446" lon="121.5305498" />
  <node id="3843046924" lat="25.0525986" lon="121.5302067" />
  <node id="3843046925" lat="25.0529072" lon="121.5302120" />
  <node id="3843046926" lat="25.0529096" lon="121.5305232" />
  <node id="3848345135" lat="25.1346207" lon="121.4940303" />
  <node id="3848345136" lat="25.1346613" lon="121.4939607" />
  <node id="4031296869" lat="25.0523093" lon="121.5311936">
    <tag k="addr:city" v="台北市" />
    <tag k="addr:country" v="TW" />
    <tag k="addr:district" v="中山區" />
    <tag k="addr:full" v="104台北市中山區南京東路三段77號" />
    <tag k="addr:housenumber" v="77" />
    <tag k="addr:postcode" v="104" />
    <tag k="addr:street" v="南京東路三段" />
    <tag k="amenity" v="bank" />
    <tag k="branch" v="城東分行" />
    <tag k="brand" v="元大商業銀行" />
    <tag k="brand:en" v="Yuanta Commercial Bank" />
    <tag k="brand:wikidata" v="Q10889602" />
    <tag k="brand:zh" v="元大商業銀行" />
    <tag k="disused:name" v="百老匯男女健康舒壓" />
    <tag k="disused:shop" v="massage" />
    <tag k="name" v="元大商業銀行" />
    <tag k="name:en" v="Yuanta Commercial Bank" />
    <tag k="name:nan" v="Goân-tāi Siong-gia̍p Gûn-hâng" />
    <tag k="name:nan-Hant" v="元大商業銀行" />
    <tag k="name:nan-Latn-pehoeji" v="Goân-tāi Siong-gia̍p Gûn-hâng" />
    <tag k="name:nan-Latn-tailo" v="Guân-tāi Siong-gia̍p Gûn-hâng" />
    <tag k="name:zh" v="元大商業銀行" />
  </node>
  <node id="4253223604" lat="25.0525321" lon="121.5304615">
    <tag k="addr:city" v="台北市" />
    <tag k="addr:country" v="TW" />
    <tag k="addr:district" v="中山區" />
    <tag k="addr:full" v="104台北市中山區松江路124巷31號" />
    <tag k="addr:housenumber" v="31" />
    <tag k="addr:postcode" v="104" />
    <tag k="addr:street" v="松江路124巷" />
    <tag k="amenity" v="restaurant" />
    <tag k="cuisine" v="japanese" />
    <tag k="name" v="魚心日本料理 (鰻魚)" />
  </node>
  <node id="4298897611" lat="25.0542760" lon="121.5312380">
    <tag k="name" v="思思執髮" />
    <tag k="shop" v="hairdresser" />
  </node>
  <node id="4298897613" lat="25.0544322" lon="121.5312498">
    <tag k="name" v="日新理髮" />
    <tag k="shop" v="hairdresser" />
  </node>
  <node id="4298897614" lat="25.0544302" lon="121.5313313">
    <tag k="name" v="杰儷髮藝" />
    <tag k="shop" v="hairdresser" />
  </node>
  <node id="4298897615" lat="25.0542736" lon="121.5310172">
    <tag k="amenity" v="restaurant" />
    <tag k="name" v="每日和食料理" />
  </node>
  <node id="4298897642" lat="25.0542728" lon="121.5311110">
    <tag k="amenity" v="restaurant" />
    <tag k="name" v="越南風味美食" />
  </node>
  <node id="4298900877" lat="25.0539079" lon="121.5314515">
    <tag k="addr:city" v="台北市" />
    <tag k="addr:country" v="TW" />
    <tag k="addr:district" v="中山區" />
    <tag k="addr:full" v="104台北市中山區一江街42號" />
    <tag k="addr:housenumber" v="42" />
    <tag k="addr:postcode" v="104" />
    <tag k="addr:street" v="一江街" />
    <tag k="amenity" v="restaurant" />
    <tag k="cuisine" v="vietnamese" />
    <tag k="name" v="小義越南美食" />
    <tag k="phone" v="+886 909 140 258" />
  </node>
  <node id="4307554208" lat="25.1162944" lon="121.5162047">
    <tag k="name" v="Tom's" />
    <tag k="shop" v="chemist" />
  </node>
  <node id="4307554209" lat="25.1158096" lon="121.5159952">
    <tag k="addr:city" v="臺北市" />
    <tag k="addr:country" v="TW" />
    <tag k="addr:district" v="北投區" />
    <tag k="addr:full" v="臺北市北投區石牌路二段46號1樓、2樓、3樓" />
    <tag k="addr:housenumber" v="46" />
    <tag k="addr:postcode" v="112" />
    <tag k="addr:street" v="石牌路二段" />
    <tag k="amenity" v="bank" />
    <tag k="branch" v="石牌分行" />
    <tag k="brand" v="中國信託商業銀行" />
    <tag k="brand:en" v="CTBC Bank" />
    <tag k="brand:wikidata" v="Q5100191" />
    <tag k="brand:wikipedia" v="en:CTBC Bank" />
    <tag k="brand:zh" v="中國信託商業銀行" />
    <tag k="name" v="中國信託商業銀行" />
    <tag k="name:en" v="CTBC Bank" />
    <tag k="name:nan" v="Tiong-kok Sìn-thok Siong-gia̍p Gûn-hâng" />
    <tag k="name:nan-Hant" v="中國信託商業銀行" />
    <tag k="name:nan-Latn-pehoeji" v="Tiong-kok Sìn-thok Siong-gia̍p Gûn-hâng" />
    <tag k="name:nan-Latn-tailo" v="Tiong-kok Sìn-thok Siong-gia̍p Gûn-hâng" />
    <tag k="name:zh" v="中國信託商業銀行" />
    <tag k="nat_ref" v="10018220646" />
    <tag k="phone" v="+886 2 2821 3366" />
    <tag k="ref" v="8220646" />
    <tag k="source" v="金管會" />
    <tag k="source:date" v="2017-08-31" />
    <tag k="toilets:wheelchair" v="no" />
    <tag k="wheelchair" v="yes" />
  </node>
  <node id="4307554211" lat="25.1169077" lon="121.5164321">
    <tag k="addr:city" v="臺北市" />
    <tag k="addr:country" v="TW" />
    <tag k="addr:district" v="北投區" />
    <tag k="addr:floor" v="11" />
    <tag k="addr:full" v="臺北市北投區石牌路二段86號十一樓" />
    <tag k="addr:housenumber" v="86" />
    <tag k="addr:street" v="石牌路二段" />
    <tag k="brand" v="仁愛眼鏡" />
    <tag k="name" v="仁愛眼鏡" />
    <tag k="phone" v="+886 2 28282930" />
    <tag k="shop" v="optician" />
    <tag k="website" v="http://theeye.tw/" />
  </node>
  <node id="4307554219" lat="25.1166760" lon="121.5163502">
    <tag k="brand" v="屈臣氏" />
    <tag k="brand:en" v="Watsons" />
    <tag k="brand:wikidata" v="Q7974785" />
    <tag k="brand:zh" v="屈臣氏" />
    <tag k="name" v="屈臣氏" />
    <tag k="name:en" v="Watsons" />
    <tag k="name:zh" v="屈臣氏" />
    <tag k="shop" v="chemist" />
    <tag k="wheelchair" v="limited" />
  </node>
  <node id="4307554220" lat="25.1156742" lon="121.5159299">
    <tag k="brand" v="康是美" />
    <tag k="brand:en" v="COSMED" />
    <tag k="brand:wikidata" v="Q11063876" />
    <tag k="brand:wikipedia" v="zh:康是美藥妝店" />
    <tag k="brand:zh" v="康是美" />
    <tag k="name" v="康是美" />
    <tag k="name:en" v="COSMED" />
    <tag k="name:zh" v="康是美" />
    <tag k="shop" v="chemist" />
    <tag k="toilets:wheelchair" v="no" />
    <tag k="wheelchair" v="no" />
  </node>
  <node id="4307554244" lat="25.1166659" lon="121.5159792">
    <tag k="amenity" v="restaurant" />
    <tag k="name" v="阿二麻辣" />
  </node>
  <node id="4307557039" lat="25.1169418" lon="121.5162252">
    <tag k="bus" v="yes" />
    <tag k="highway" v="bus_stop" />
    <tag k="name" v="永明派出所" />
    <tag k="name:en" v="Yongming Police Substation" />
    <tag k="name:nan" v="Éng-bêng Phài-chhut-só͘" />
    <tag k="name:nan-Hant" v="永明派出所" />
    <tag k="name:nan-Latn-pehoeji" v="Éng-bêng Phài-chhut-só͘" />
    <tag k="name:nan-Latn-tailo" v="Íng-bîng Phài-tshut-sóo" />
    <tag k="name:zh" v="永明派出所" />
    <tag k="network" v="臺北市市區公車" />
    <tag k="network:en" v="Taipei Joint Bus System" />
    <tag k="network:nan" v="Tâi-pak-chhī Chhī-khu Kong-chhia" />
    <tag k="network:nan-Hant" v="臺北市市區公車" />
    <tag k="network:nan-Latn-pehoeji" v="Tâi-pak-chhī Chhī-khu Kong-chhia" />
    <tag k="network:nan-Latn-tailo" v="Tâi-pak-tshiī Tshī-khu Kong-tshia" />
    <tag k="network:wikidata" v="Q5972821" />
    <tag k="network:zh" v="臺北市市區公車" />
    <tag k="public_transport" v="platform" />
    <tag k="wheelchair" v="yes" />
  </node>
  <node id="4307625981" lat="25.0535660" lon="121.5320963">
    <tag k="amenity" v="restaurant" />
    <tag k="diet:vegetarian" v="only" />
    <tag k="name" v="慈方素食小居" />
  </node>
  <node id="4328118431" lat="25.0529976" lon="121.5320378">
    <tag k="addr:city" v="台北市" />
    <tag k="addr:country" v="TW" />
    <tag k="addr:district" v="中山區" />
    <tag k="addr:full" v="104台北市中山區松江路132巷9號" />
    <tag k="addr:housenumber" v="9" />
    <tag k="addr:postcode" v="104" />
    <tag k="addr:street" v="松江路132巷" />
    <tag k="amenity" v="clinic" />
    <tag k="healthcare" v="clinic" />
    <tag k="healthcare:speciality" v="traditional_chinese_medicine" />
    <tag k="name" v="杜李威中醫診所" />
  </node>
  <node id="4328118434" lat="25.0529807" lon="121.5321705">
    <tag k="addr:city" v="台北市" />
    <tag k="addr:country" v="TW" />
    <tag k="addr:district" v="中山區" />
    <tag k="addr:full" v="104台北市中山區松江路132巷5之2號" />
    <tag k="addr:housenumber" v="5之2" />
    <tag k="addr:postcode" v="104" />
    <tag k="addr:street" v="松江路132巷" />
    <tag k="name" v="歐客佬咖啡農場" />
    <tag k="shop" v="coffee" />
  </node>
  <node id="4331109812" lat="25.0529675" lon="121.5305093" />
  <node id="4331109813" lat="25.0532851" lon="121.5302098" />
  <node id="4331109814" lat="25.0532717" lon="121.5305171" />
  <node id="4432470657" lat="25.1167683" lon="121.5166916">
    <tag k="amenity" v="restaurant" />
    <tag k="cuisine" v="沙威瑪" />
  </node>
  <node id="4524863832" lat="25.0522526" lon="121.5302465">
    <tag k="addr:city" v="台北市" />
    <tag k="addr:country" v="TW" />
    <tag k="addr:district" v="中山區" />
    <tag k="addr:full" v="台北市中山區南京東路二段63號1樓" />
    <tag k="addr:housenumber" v="63" />
    <tag k="addr:level" v="1" />
    <tag k="addr:postcode" v="104" />
    <tag k="addr:street" v="南京東路二段" />
    <tag k="amenity" v="restaurant" />
    <tag k="branch" v="第一店" />
    <tag k="disused:amenity" v="restaurant" />
    <tag k="disused:name" v="洋朵義式廚房" />
    <tag k="name" v="大河屋居酒屋" />
    <tag k="phone" v="+886 2 2567 6100" />
  </node>
  <node id="4873984916" lat="25.0617898" lon="121.6012792" />
  <node id="4934228537" lat="25.0610010" lon="121.6016058" />
  <node id="4934228538" lat="25.0616192" lon="121.6011475" />
  <node id="4986301025" lat="25.0609818" lon="121.6014709">
    <tag k="PTX:date" v="2017-07-22T00:16:51+08:00" />
    <tag k="bus" v="yes" />
    <tag k="highway" v="bus_stop" />
    <tag k="loc_ref" v="28753" />
    <tag k="name" v="東湖站" />
    <tag k="name:en" v="Donghu Stop" />
    <tag k="name:zh" v="東湖站" />
    <tag k="public_transport" v="platform" />
    <tag k="source" v="PTX" />
  </node>
  <node id="5128286325" lat="25.0526213" lon="121.5309068">
    <tag k="amenity" v="cafe" />
    <tag k="name" v="角落咖啡館" />
    <tag k="name:en" v="Piccolo Angolo" />
    <tag k="name:zh" v="角落咖啡館" />
  </node>
  <node id="5605373721" lat="25.0523006" lon="121.5305718">
    <tag k="amenity" v="restaurant" />
    <tag k="name" v="逸仙樓" />
    <tag k="name:ja" v="逸仙樓" />
    <tag k="name:zh" v="逸仙樓" />
  </node>
  <node id="5773643534" lat="25.0531293" lon="121.5299519">
    <tag k="addr:city" v="臺北市" />
    <tag k="addr:country" v="TW" />
    <tag k="addr:district" v="中山區" />
    <tag k="addr:full" v="臺北市吉林路100號9樓" />
    <tag k="addr:housenumber" v="100" />
    <tag k="addr:postcode" v="104" />
    <tag k="addr:street" v="吉林路" />
    <tag k="amenity" v="bank" />
    <tag k="branch" v="國際金融業務分行" />
    <tag k="name" v="兆豐國際商銀" />
    <tag k="nat_ref" v="10010170251" />
    <tag k="phone" v="+886 2 2563 3156" />
    <tag k="ref" v="170251" />
    <tag k="source" v="金管會" />
    <tag k="source:date" v="2017-08-31" />
  </node>
  <node id="5773643680" lat="25.0523158" lon="121.5317204">
    <tag k="addr:city" v="臺北市" />
    <tag k="addr:country" v="TW" />
    <tag k="addr:district" v="中山區" />
    <tag k="addr:full" v="臺北市中山區南京東路二段85、87號9樓" />
    <tag k="addr:housenumber" v="85" />
    <tag k="addr:postcode" v="104" />
    <tag k="addr:street" v="南京東路二段" />
    <tag k="amenity" v="bank" />
    <tag k="branch" v="信用卡事業處" />
    <tag k="brand" v="台北富邦商業銀行" />
    <tag k="brand:en" v="Taipei Fubon Bank" />
    <tag k="brand:wikidata" v="Q697293" />
    <tag k="brand:zh" v="台北富邦商業銀行" />
    <tag k="name" v="台北富邦商業銀行" />
    <tag k="name:en" v="Taipei Fubon Bank" />
    <tag k="name:nan" v="Tâi-pak Hù-pang Siong-gia̍p Gîn-hâng" />
    <tag k="name:nan-Hant" v="台北富邦商業銀行" />
    <tag k="name:nan-Latn-pehoeji" v="Tâi-pak Hù-pang Siong-gia̍p Gîn-hâng" />
    <tag k="name:nan-Latn-tailo" v="Tâi-pak Hù-pang Siong-gia̍p Gîn-hâng" />
    <tag k="name:zh" v="台北富邦商業銀行" />
    <tag k="nat_ref" v="10018150815" />
    <tag k="phone" v="+886 2 2561 5888" />
    <tag k="ref" v="8150815" />
    <tag k="source" v="金管會" />
    <tag k="source:date" v="2017-08-31" />
  </node>
  <node id="5773643689" lat="25.0530054" lon="121.5299465">
    <tag k="addr:city" v="臺北市" />
    <tag k="addr:country" v="TW" />
    <tag k="addr:district" v="中山區" />
    <tag k="addr:full" v="臺北市吉林路100號11樓" />
    <tag k="addr:housenumber" v="100" />
    <tag k="addr:postcode" v="104" />
    <tag k="addr:street" v="吉林路" />
    <tag k="amenity" v="bank" />
    <tag k="branch" v="信託部" />
    <tag k="brand" v="兆豐國際商業銀行" />
    <tag k="brand:en" v="Mega International Commercial Bank" />
    <tag k="brand:wikidata" v="Q709757" />
    <tag k="brand:wikipedia" v="en:Mega International Commercial Bank" />
    <tag k="brand:zh" v="兆豐國際商業銀行" />
    <tag k="name" v="兆豐國際商業銀行" />
    <tag k="name:en" v="Mega International Commercial Bank" />
    <tag k="name:nan" v="Tiāu-hong Kok-chè Siong-gia̍p Gîn-hâng" />
    <tag k="name:nan-Hant" v="兆豐國際商業銀行" />
    <tag k="name:nan-Latn-pehoeji" v="Tiāu-hong Kok-chè Siong-gia̍p Gîn-hâng" />
    <tag k="name:nan-Latn-tailo" v="Tiāu-hong Kok-tsè Siong-gia̍p Gîn-hâng" />
    <tag k="name:zh" v="兆豐國際商業銀行" />
    <tag k="nat_ref" v="10010170240" />
    <tag k="phone" v="+886 2 2563 3156" />
    <tag k="ref" v="170240" />
    <tag k="source" v="金管會" />
    <tag k="source:date" v="2017-08-31" />
  </node>
  <node id="5773643732" lat="25.0530685" lon="121.5299438">
    <tag k="addr:city" v="臺北市" />
    <tag k="addr:country" v="TW" />
    <tag k="addr:district" v="中山區" />
    <tag k="addr:full" v="臺北市吉林路100號1-3樓" />
    <tag k="addr:housenumber" v="100" />
    <tag k="addr:postcode" v="104" />
    <tag k="addr:street" v="吉林路" />
    <tag k="amenity" v="bank" />
    <tag k="branch" v="國外部" />
    <tag k="brand" v="兆豐國際商業銀行" />
    <tag k="brand:en" v="Mega International Commercial Bank" />
    <tag k="brand:wikidata" v="Q709757" />
    <tag k="brand:wikipedia" v="en:Mega International Commercial Bank" />
    <tag k="brand:zh" v="兆豐國際商業銀行" />
    <tag k="name" v="兆豐國際商業銀行" />
    <tag k="name:en" v="Mega International Commercial Bank" />
    <tag k="name:nan" v="Tiāu-hong Kok-chè Siong-gia̍p Gîn-hâng" />
    <tag k="name:nan-Hant" v="兆豐國際商業銀行" />
    <tag k="name:nan-Latn-pehoeji" v="Tiāu-hong Kok-chè Siong-gia̍p Gîn-hâng" />
    <tag k="name:nan-Latn-tailo" v="Tiāu-hong Kok-tsè Siong-gia̍p Gîn-hâng" />
    <tag k="name:zh" v="兆豐國際商業銀行" />
    <tag k="nat_ref" v="10010170077" />
    <tag k="phone" v="+886 2 2563 3156" />
    <tag k="ref" v="170077" />
    <tag k="source" v="金管會" />
    <tag k="source:date" v="2017-08-31" />
  </node>
  <node id="5776883986" lat="25.1162990" lon="121.5158500">
    <tag k="addr:city" v="臺北市" />
    <tag k="addr:country" v="TW" />
    <tag k="addr:district" v="北投區" />
    <tag k="addr:full" v="臺北市石牌路二段49、51號1、2樓" />
    <tag k="addr:housenumber" v="49;51" />
    <tag k="addr:postcode" v="112" />
    <tag k="addr:street" v="石牌路二段" />
    <tag k="amenity" v="bank" />
    <tag k="branch" v="石牌分行" />
    <tag k="brand" v="台新國際商業銀行" />
    <tag k="brand:en" v="Taishin International Bank" />
    <tag k="brand:wikidata" v="Q7676420" />
    <tag k="brand:wikipedia" v="en:Taishin International Bank" />
    <tag k="brand:zh" v="台新國際商業銀行" />
    <tag k="name" v="台新國際商業銀行" />
    <tag k="name:en" v="Taishin International Bank" />
    <tag k="name:nan" v="Tâi-sin Kok-chè Siong-gia̍p Gîn-hâng" />
    <tag k="name:nan-Hant" v="台新國際商業銀行" />
    <tag k="name:nan-Latn-pehoeji" v="Tâi-sin Kok-chè Siong-gia̍p Gîn-hâng" />
    <tag k="name:nan-Latn-tailo" v="Tâi-sin Kok-tsè Siong-gia̍p Gîn-hâng" />
    <tag k="name:zh" v="台新國際商業銀行" />
    <tag k="nat_ref" v="10018120861" />
    <tag k="phone" v="+886 2 5581 5052" />
    <tag k="ref" v="8120861" />
    <tag k="source" v="金管會" />
    <tag k="source:date" v="2017-08-31" />
  </node>
  <node id="5969055685" lat="25.1169732" lon="121.5164925">
    <tag k="addr:city" v="臺北市" />
    <tag k="addr:country" v="TW" />
    <tag k="addr:district" v="北投區" />
    <tag k="addr:full" v="112臺北市北投區石牌路二段88號" />
    <tag k="addr:housenumber" v="88" />
    <tag k="addr:postcode" v="112" />
    <tag k="addr:street" v="石牌路二段" />
    <tag k="amenity" v="restaurant" />
    <tag k="cuisine" v="italian" />
    <tag k="name" v="Creative Pasta 創義麵 石牌店" />
    <tag k="smoking" v="no" />
  </node>
  <node id="6130571521" lat="25.0533170" lon="121.5313080">
    <tag k="amenity" v="drinking_water" />
    <tag k="bottle" v="yes" />
    <tag k="contact:phone" v="+886 2 2585 0192轉129" />
    <tag k="description" v="臺北市中山區吉林路51巷20號對面，一江公園花圃內" />
    <tag k="description:covid19" v="至2021-11-30二級、三級警戒期間都不開放使用" />
    <tag k="fee" v="no" />
    <tag k="is_in:district" v="中山" />
    <tag k="opening_hours" v="24/7" />
    <tag k="operator" v="工務局公園處" />
    <tag k="ref" v="0986" />
    <tag k="source" v="台北自來水事業處" />
    <tag k="source:date" v="2018-11-14 15:40:00" />
    <tag k="source:department" v="公園處" />
    <tag k="source:devision" v="東區" />
    <tag k="source:type" v="公園" />
    <tag k="source:url" v="https://data.taipei/dataset/detail/metadata?id=155999f2-3c5d-486b-af58-d7f4c0b0a4c9" />
    <tag k="start_date" v="2017-09-27 16:00:00" />
  </node>
  <node id="6515952569" lat="25.1171838" lon="121.5169813">
    <tag k="air_conditioning" v="yes" />
    <tag k="amenity" v="restaurant" />
    <tag k="cuisine" v="chinese" />
    <tag k="diet:vegetarian" v="only" />
    <tag k="name" v="竹苑素食餐廳" />
  </node>
  <node id="6743386910" lat="25.1165055" lon="121.5173333" />
  <node id="6743386912" lat="25.1164192" lon="121.5177771" />
  <node id="6743386913" lat="25.1153919" lon="121.5175800" />
  <node id="6743386914" lat="25.1154697" lon="121.5170355" />
  <node id="7022030562" lat="25.0540117" lon="121.5302364" />
  <node id="7022030563" lat="25.0540112" lon="121.5305274" />
  <node id="7022030564" lat="25.0537196" lon="121.5305267" />
  <node id="7022030565" lat="25.0537202" lon="121.5302356" />
  <node id="7022030579" lat="25.0540783" lon="121.5314618">
    <tag k="amenity" v="restaurant" />
    <tag k="name" v="池上飯包" />
    <tag k="takeaway" v="yes" />
  </node>
  <node id="7022030580" lat="25.0539786" lon="121.5314510">
    <tag k="amenity" v="fast_food" />
    <tag k="brand" v="呷尚寶" />
    <tag k="brand:en" v="JSP" />
    <tag k="brand:wikidata" v="Q109996570" />
    <tag k="brand:zh" v="呷尚寶" />
    <tag k="cuisine" v="burger" />
    <tag k="name" v="呷尚寶" />
    <tag k="name:en" v="JSP" />
    <tag k="name:zh" v="呷尚寶" />
    <tag k="takeaway" v="yes" />
  </node>
  <node id="7022030581" lat="25.0538535" lon="121.5314484">
    <tag k="name" v="泉香鮮花坊" />
    <tag k="shop" v="florist" />
  </node>
  <node id="7022030583" lat="25.0537575" lon="121.5314504">
    <tag k="name" v="北釧機車行" />
    <tag k="shop" v="motorcycle" />
  </node>
  <node id="7022030584" lat="25.0537059" lon="121.5314504">
    <tag k="amenity" v="fast_food" />
    <tag k="brand" v="瑞麟美而美" />
    <tag k="brand:en" v="Rueilin Mei &amp; Mei" />
    <tag k="brand:wikidata" v="Q105722191" />
    <tag k="brand:zh" v="瑞麟美而美" />
    <tag k="cuisine" v="breakfast" />
    <tag k="name" v="瑞麟美而美" />
    <tag k="name:en" v="Rueilin Mei &amp; Mei" />
    <tag k="name:zh" v="瑞麟美而美" />
    <tag k="operator" v="美而美餐飲連鎖企業集團" />
    <tag k="takeaway" v="yes" />
  </node>
  <node id="7022050585" lat="25.0536956" lon="121.5313927">
    <tag k="amenity" v="restaurant" />
    <tag k="name" v="阿源小吃店" />
  </node>
  <node id="7077965356" lat="25.0522826" lon="121.5309897">
    <tag k="name" v="南京75" />
    <tag k="opening_hours" v="Mo-Fr 08:30-21:00; Sa 09:00-13:00" />
    <tag k="shop" v="massage" />
    <tag k="wheelchair" v="no" />
  </node>
  <node id="7320973076" lat="25.0535619" lon="121.5318547">
    <tag k="addr:city" v="台北市" />
    <tag k="addr:country" v="TW" />
    <tag k="addr:district" v="中山區" />
    <tag k="addr:full" v="104台北市中山區四平街28號" />
    <tag k="addr:housenumber" v="28" />
    <tag k="addr:postcode" v="104" />
    <tag k="addr:street" v="四平街" />
    <tag k="amenity" v="restaurant" />
    <tag k="cuisine" v="pasta;risotto" />
    <tag k="name" v="杰米義式廚房" />
    <tag k="opening_hours" v="Mo-Fr 11:30-14:30 17:00-20:00" />
    <tag k="payment:cash" v="yes" />
    <tag k="payment:ep_linepay" v="yes" />
    <tag k="payment:taiwanpay" v="yes" />
    <tag k="phone" v="+886 2 2522 1722" />
    <tag k="takeaway" v="only" />
    <tag k="website" v="https://www.facebook.com/%E6%9D%B0%E7%B1%B3%E7%BE%A9%E5%BC%8F%E5%BB%9A%E6%88%BF-111846087756104/" />
  </node>
  <node id="7740264078" lat="25.0616142" lon="121.6004133" />
  <node id="7740264079" lat="25.0608901" lon="121.6005327" />
  <node id="7740264080" lat="25.0607310" lon="121.5992586" />
  <node id="7740264081" lat="25.0614587" lon="121.5991822" />
  <node id="7740264254" lat="25.0536275" lon="121.5305659" />
  <node id="7740264255" lat="25.0536215" lon="121.5310661" />
  <node id="7740264256" lat="25.0533189" lon="121.5310608" />
  <node id="7740264257" lat="25.0533408" lon="121.5305619" />
  <node id="7740264258" lat="25.0532601" lon="121.5310615" />
  <node id="7740264259" lat="25.0529739" lon="121.5310588" />
  <node id="7740264260" lat="25.0529751" lon="121.5305445" />
  <node id="7740264261" lat="25.0532649" lon="121.5305398" />
  <node id="7740264262" lat="25.0529338" lon="121.5288171" />
  <node id="7740264263" lat="25.0529289" lon="121.5293308" />
  <node id="7740264264" lat="25.0525778" lon="121.5293241" />
  <node id="7740264265" lat="25.0525839" lon="121.5288265" />
  <node id="8115087582" lat="25.0520939" lon="121.5312740">
    <tag k="railway" v="switch" />
  </node>
  <node id="8377664117" lat="25.0522587" lon="121.5303679">
    <tag k="addr:city" v="台北市" />
    <tag k="addr:country" v="TW" />
    <tag k="addr:district" v="中山區" />
    <tag k="addr:full" v="台北市中山區南京東路二段63號1樓" />
    <tag k="addr:housenumber" v="63" />
    <tag k="addr:level" v="1" />
    <tag k="addr:postcode" v="104" />
    <tag k="addr:street" v="南京東路二段" />
    <tag k="amenity" v="restaurant" />
    <tag k="name" v="美心鐵板燒" />
  </node>
  <node id="8377664122" lat="25.0526939" lon="121.5302436">
    <tag k="addr:city" v="台北市" />
    <tag k="addr:country" v="TW" />
    <tag k="addr:district" v="中山區" />
    <tag k="addr:full" v="104台北市中山區吉林路49號" />
    <tag k="addr:housenumber" v="49" />
    <tag k="addr:postcode" v="104" />
    <tag k="addr:street" v="吉林路" />
    <tag k="amenity" v="cafe" />
    <tag k="name" v="Cafe 49" />
    <tag k="phone" v="+886 2 2531 5393" />
  </node>
  <node id="8432563651" lat="25.1159993" lon="121.5158841">
    <tag k="bus" v="yes" />
    <tag k="name" v="綜合市場" />
    <tag k="name:en" v="General Market" />
    <tag k="name:zh" v="綜合市場" />
    <tag k="network" v="臺北市公車" />
    <tag k="public_transport" v="stop_position" />
    <tag k="toilets:wheelchair" v="no" />
    <tag k="wheelchair" v="no" />
  </node>
  <node id="8712737839" lat="25.1281400" lon="121.4978200">
    <tag k="alt_name" v="YouBike2.0_大業路300巷口" />
    <tag k="alt_name:en" v="YouBike2.0_Ln. 300, Daye Rd. Intersction" />
    <tag k="alt_name:zh" v="YouBike2.0_大業路300巷口" />
    <tag k="alt_name:zh-Bopo" v="YouBike2.0_ㄉㄚˋㄧㄝˋㄌㄨˋ300ㄒㄧㄤˋㄎㄡˇ" />
    <tag k="alt_name:zh-Hans" v="YouBike2.0_大业路300巷口" />
    <tag k="alt_name:zh-Hant" v="YouBike2.0_大業路300巷口" />
    <tag k="alt_name:zh-Latn-pinyin" v="YouBike2.0_dàyèlù300xiàngkǒu" />
    <tag k="amenity" v="bicycle_rental" />
    <tag k="authentication:app" v="yes" />
    <tag k="authentication:contactless" v="yes" />
    <tag k="authentication:membership_card" v="yes" />
    <tag k="bicycle_rental" v="docking_station" />
    <tag k="brand" v="YouBike 2.0" />
    <tag k="brand:en" v="YouBike 2.0" />
    <tag k="brand:wikidata" v="Q20687952" />
    <tag k="brand:wikipedia" v="en:YouBike" />
    <tag k="brand:zh" v="微笑單車2.0" />
    <tag k="capacity" v="20" />
    <tag k="description" v="大業路302號(前)" />
    <tag k="description:en" v="No. 302, Daye Rd." />
    <tag k="description:zh" v="大業路302號(前)" />
    <tag k="description:zh-Hans" v="大业路302号(前)" />
    <tag k="description:zh-Hant" v="大業路302號(前)" />
    <tag k="fee" v="yes" />
    <tag k="name" v="大業路300巷口" />
    <tag k="name:en" v="Ln. 300, Daye Rd. Intersction" />
    <tag k="name:zh" v="大業路300巷口" />
    <tag k="name:zh-Bopo" v="ㄉㄚˋㄧㄝˋㄌㄨˋ300ㄒㄧㄤˋㄎㄡˇ" />
    <tag k="name:zh-Hans" v="大业路300巷口" />
    <tag k="name:zh-Hant" v="大業路300巷口" />
    <tag k="name:zh-Latn-pinyin" v="dàyèlù300xiàngkǒu" />
    <tag k="nat_ref" v="TPE500109028" />
    <tag k="network" v="臺北市公共自行車租賃系統" />
    <tag k="network:en" v="Taipei City Public Bike" />
    <tag k="network:wikidata" v="Q20687952" />
    <tag k="network:zh" v="臺北市公共自行車租賃系統" />
    <tag k="opening_hours" v="24/7" />
    <tag k="operator" v="微笑單車股份有限公司" />
    <tag k="operator:en" v="YOUBIKE CO." />
    <tag k="operator:type" v="government" />
    <tag k="operator:wikidata" v="Q703557" />
    <tag k="operator:zh" v="微笑單車股份有限公司" />
    <tag k="payment:credit_cards" v="yes" />
    <tag k="payment:ep_easycard" v="yes" />
    <tag k="payment:ep_easywallet" v="yes" />
    <tag k="payment:ep_ipass" v="yes" />
    <tag k="payment:jcb" v="yes" />
    <tag k="payment:mastercard" v="yes" />
    <tag k="payment:visa" v="yes" />
    <tag k="ref" v="500109028" />
    <tag k="rental" v="city_bike" />
    <tag k="source" v="臺北市政府" />
    <tag k="start_date" v="2021-05-08 10:20" />
  </node>
  <node id="9122856155" lat="25.1280736" lon="121.4979690" />
  <node id="9122856156" lat="25.1282387" lon="121.4985430" />
  <node id="9122856157" lat="25.1297504" lon="121.4979167" />
  <node id="9122856158" lat="25.1301862" lon="121.4995837" />
  <node id="9122856159" lat="25.1296568" lon="121.4999539" />
  <node id="9122856160" lat="25.1292246" lon="121.5000933" />
  <node id="9122856161" lat="25.1288992" lon="121.5001416" />
  <node id="9122856162" lat="25.1287632" lon="121.4995247" />
  <node id="9122856163" lat="25.1276170" lon="121.4999270" />
  <node id="9122856164" lat="25.1273062" lon="121.4982426" />
  <node id="9180652841" lat="25.0531600" lon="121.5314600">
    <tag k="alt_name" v="YouBike2.0_一江公園" />
    <tag k="alt_name:en" v="YouBike2.0_Yijiang Park" />
    <tag k="alt_name:zh" v="YouBike2.0_一江公園" />
    <tag k="alt_name:zh-Bopo" v="YouBike2.0_ㄧㄐㄧㄤㄍㄨㄥㄩㄢˊ" />
    <tag k="alt_name:zh-Hans" v="YouBike2.0_一江公园" />
    <tag k="alt_name:zh-Hant" v="YouBike2.0_一江公園" />
    <tag k="alt_name:zh-Latn-pinyin" v="YouBike2.0_yījiānggōngyuán" />
    <tag k="amenity" v="bicycle_rental" />
    <tag k="authentication:app" v="yes" />
    <tag k="authentication:contactless" v="yes" />
    <tag k="authentication:membership_card" v="yes" />
    <tag k="bicycle_rental" v="docking_station" />
    <tag k="brand" v="YouBike 2.0" />
    <tag k="brand:en" v="YouBike 2.0" />
    <tag k="brand:wikidata" v="Q20687952" />
    <tag k="brand:wikipedia" v="en:YouBike" />
    <tag k="brand:zh" v="微笑單車2.0" />
    <tag k="capacity" v="37" />
    <tag k="description" v="一江街/松江路132巷口(西北側)" />
    <tag k="description:en" v="Yijiang St. &amp; Ln. 132, Songjiang Rd. Intersection (Northwest)" />
    <tag k="description:zh" v="一江街/松江路132巷口(西北側)" />
    <tag k="description:zh-Hans" v="一江街/松江路132巷口(西北侧)" />
    <tag k="description:zh-Hant" v="一江街/松江路132巷口(西北側)" />
    <tag k="fee" v="yes" />
    <tag k="name" v="一江公園" />
    <tag k="name:en" v="Yijiang Park" />
    <tag k="name:zh" v="一江公園" />
    <tag k="name:zh-Bopo" v="ㄧㄐㄧㄤㄍㄨㄥㄩㄢˊ" />
    <tag k="name:zh-Hans" v="一江公园" />
    <tag k="name:zh-Hant" v="一江公園" />
    <tag k="name:zh-Latn-pinyin" v="yījiānggōngyuán" />
    <tag k="nat_ref" v="TPE500107018" />
    <tag k="network" v="臺北市公共自行車租賃系統" />
    <tag k="network:en" v="Taipei City Public Bike" />
    <tag k="network:wikidata" v="Q20687952" />
    <tag k="network:zh" v="臺北市公共自行車租賃系統" />
    <tag k="opening_hours" v="24/7" />
    <tag k="operator" v="微笑單車股份有限公司" />
    <tag k="operator:en" v="YOUBIKE CO." />
    <tag k="operator:type" v="government" />
    <tag k="operator:wikidata" v="Q703557" />
    <tag k="operator:zh" v="微笑單車股份有限公司" />
    <tag k="payment:credit_cards" v="yes" />
    <tag k="payment:ep_easycard" v="yes" />
    <tag k="payment:ep_easywallet" v="yes" />
    <tag k="payment:ep_ipass" v="yes" />
    <tag k="payment:jcb" v="yes" />
    <tag k="payment:mastercard" v="yes" />
    <tag k="payment:visa" v="yes" />
    <tag k="ref" v="500107018" />
    <tag k="rental" v="city_bike" />
    <tag k="source" v="臺北市政府" />
    <tag k="start_date" v="2021-09-10 10:00" />
  </node>
  <node id="9628105447" lat="25.1153500" lon="121.5173600">
    <tag k="alt_name" v="YouBike2.0_裕民二路33巷" />
    <tag k="alt_name:en" v="YouBike2.0_Ln. 33, Yumin 2nd Rd." />
    <tag k="alt_name:zh" v="YouBike2.0_裕民二路33巷" />
    <tag k="alt_name:zh-Bopo" v="YouBike2.0_ㄩˋㄇㄧㄣˊㄦˋㄌㄨˋ33ㄒㄧㄤˋ" />
    <tag k="alt_name:zh-Hans" v="YouBike2.0_裕民二路33巷" />
    <tag k="alt_name:zh-Hant" v="YouBike2.0_裕民二路33巷" />
    <tag k="alt_name:zh-Latn-pinyin" v="YouBike2.0_yùmínèrlù33xiàng" />
    <tag k="amenity" v="bicycle_rental" />
    <tag k="authentication:app" v="yes" />
    <tag k="authentication:contactless" v="yes" />
    <tag k="authentication:membership_card" v="yes" />
    <tag k="bicycle_rental" v="docking_station" />
    <tag k="brand" v="YouBike 2.0" />
    <tag k="brand:en" v="YouBike 2.0" />
    <tag k="brand:wikidata" v="Q20687952" />
    <tag k="brand:wikipedia" v="en:YouBike" />
    <tag k="brand:zh" v="微笑單車2.0" />
    <tag k="capacity" v="15" />
    <tag k="description" v="裕民二路33巷/裕民六路(西北側)" />
    <tag k="description:en" v="Ln. 33, Yumin 2nd Rd. &amp; Yumin 6th Rd. Intersection (Northwest)" />
    <tag k="description:zh" v="裕民二路33巷/裕民六路(西北側)" />
    <tag k="description:zh-Hans" v="裕民二路33巷/裕民六路(西北侧)" />
    <tag k="description:zh-Hant" v="裕民二路33巷/裕民六路(西北側)" />
    <tag k="fee" v="yes" />
    <tag k="name" v="裕民二路33巷" />
    <tag k="name:en" v="Ln. 33, Yumin 2nd Rd." />
    <tag k="name:zh" v="裕民二路33巷" />
    <tag k="name:zh-Bopo" v="ㄩˋㄇㄧㄣˊㄦˋㄌㄨˋ33ㄒㄧㄤˋ" />
    <tag k="name:zh-Hans" v="裕民二路33巷" />
    <tag k="name:zh-Hant" v="裕民二路33巷" />
    <tag k="name:zh-Latn-pinyin" v="yùmínèrlù33xiàng" />
    <tag k="nat_ref" v="TPE500109060" />
    <tag k="network" v="臺北市公共自行車租賃系統" />
    <tag k="network:en" v="Taipei City Public Bike" />
    <tag k="network:wikidata" v="Q20687952" />
    <tag k="network:zh" v="臺北市公共自行車租賃系統" />
    <tag k="opening_hours" v="24/7" />
    <tag k="operator" v="微笑單車股份有限公司" />
    <tag k="operator:en" v="YOUBIKE CO." />
    <tag k="operator:type" v="government" />
    <tag k="operator:wikidata" v="Q703557" />
    <tag k="operator:zh" v="微笑單車股份有限公司" />
    <tag k="payment:credit_cards" v="yes" />
    <tag k="payment:ep_easycard" v="yes" />
    <tag k="payment:ep_easywallet" v="yes" />
    <tag k="payment:ep_ipass" v="yes" />
    <tag k="payment:jcb" v="yes" />
    <tag k="payment:mastercard" v="yes" />
    <tag k="payment:visa" v="yes" />
    <tag k="ref" v="500109060" />
    <tag k="rental" v="city_bike" />
    <tag k="source" v="PTX" />
    <tag k="source:date" v="2022-04-01T09:53:12+08:00" />
    <tag k="start_date" v="2022-01-11" />
  </node>
  <node id="9628105452" lat="25.0600700" lon="121.6013800">
    <tag k="alt_name" v="YouBike2.0_統振大樓" />
    <tag k="alt_name:en" v="YouBike2.0_Welldone Building" />
    <tag k="alt_name:zh" v="YouBike2.0_統振大樓" />
    <tag k="alt_name:zh-Bopo" v="YouBike2.0_ㄊㄨㄥˇㄓㄣˋㄉㄚˋㄌㄡˊ" />
    <tag k="alt_name:zh-Hans" v="YouBike2.0_统振大楼" />
    <tag k="alt_name:zh-Hant" v="YouBike2.0_統振大樓" />
    <tag k="alt_name:zh-Latn-pinyin" v="YouBike2.0_tǒngzhèndàlóu" />
    <tag k="amenity" v="bicycle_rental" />
    <tag k="authentication:app" v="yes" />
    <tag k="authentication:contactless" v="yes" />
    <tag k="authentication:membership_card" v="yes" />
    <tag k="bicycle_rental" v="docking_station" />
    <tag k="brand" v="YouBike 2.0" />
    <tag k="brand:en" v="YouBike 2.0" />
    <tag k="brand:wikidata" v="Q20687952" />
    <tag k="brand:wikipedia" v="en:YouBike" />
    <tag k="brand:zh" v="微笑單車2.0" />
    <tag k="capacity" v="25" />
    <tag k="description" v="安美街181號前" />
    <tag k="description:en" v="No. 181, Anmei St." />
    <tag k="description:zh" v="安美街181號前" />
    <tag k="description:zh-Hans" v="安美街181号前" />
    <tag k="description:zh-Hant" v="安美街181號前" />
    <tag k="fee" v="yes" />
    <tag k="name" v="統振大樓" />
    <tag k="name:en" v="Welldone Building" />
    <tag k="name:zh" v="統振大樓" />
    <tag k="name:zh-Bopo" v="ㄊㄨㄥˇㄓㄣˋㄉㄚˋㄌㄡˊ" />
    <tag k="name:zh-Hans" v="统振大楼" />
    <tag k="name:zh-Hant" v="統振大樓" />
    <tag k="name:zh-Latn-pinyin" v="tǒngzhèndàlóu" />
    <tag k="nat_ref" v="TPE500108104" />
    <tag k="network" v="臺北市公共自行車租賃系統" />
    <tag k="network:en" v="Taipei City Public Bike" />
    <tag k="network:wikidata" v="Q20687952" />
    <tag k="network:zh" v="臺北市公共自行車租賃系統" />
    <tag k="opening_hours" v="24/7" />
    <tag k="operator" v="微笑單車股份有限公司" />
    <tag k="operator:en" v="YOUBIKE CO." />
    <tag k="operator:type" v="government" />
    <tag k="operator:wikidata" v="Q703557" />
    <tag k="operator:zh" v="微笑單車股份有限公司" />
    <tag k="payment:credit_cards" v="yes" />
    <tag k="payment:ep_easycard" v="yes" />
    <tag k="payment:ep_easywallet" v="yes" />
    <tag k="payment:ep_ipass" v="yes" />
    <tag k="payment:jcb" v="yes" />
    <tag k="payment:mastercard" v="yes" />
    <tag k="payment:visa" v="yes" />
    <tag k="ref" v="500108104" />
    <tag k="rental" v="city_bike" />
    <tag k="source" v="PTX" />
    <tag k="source:date" v="2022-04-01T09:53:12+08:00" />
    <tag k="start_date" v="2022-01-14" />
  </node>
  <node id="9628105472" lat="25.0527700" lon="121.5301300">
    <tag k="alt_name" v="YouBike2.0_松江路132巷口" />
    <tag k="alt_name:en" v="YouBike2.0_Ln. 132, Songjiang Rd." />
    <tag k="alt_name:zh" v="YouBike2.0_松江路132巷口" />
    <tag k="alt_name:zh-Bopo" v="YouBike2.0_ㄙㄨㄥㄐㄧㄤㄌㄨˋ132ㄒㄧㄤˋㄎㄡˇ" />
    <tag k="alt_name:zh-Hans" v="YouBike2.0_松江路132巷口" />
    <tag k="alt_name:zh-Hant" v="YouBike2.0_松江路132巷口" />
    <tag k="alt_name:zh-Latn-pinyin" v="YouBike2.0_sōngjiānglù132xiàngkǒu" />
    <tag k="amenity" v="bicycle_rental" />
    <tag k="authentication:app" v="yes" />
    <tag k="authentication:contactless" v="yes" />
    <tag k="authentication:membership_card" v="yes" />
    <tag k="bicycle_rental" v="docking_station" />
    <tag k="brand" v="YouBike 2.0" />
    <tag k="brand:en" v="YouBike 2.0" />
    <tag k="brand:wikidata" v="Q20687952" />
    <tag k="brand:wikipedia" v="en:YouBike" />
    <tag k="brand:zh" v="微笑單車2.0" />
    <tag k="capacity" v="14" />
    <tag k="description" v="吉林路100號對側" />
    <tag k="description:en" v="No. 100, Jilin Rd. (Opposite)" />
    <tag k="description:zh" v="吉林路100號對側" />
    <tag k="description:zh-Hans" v="吉林路100号对侧" />
    <tag k="description:zh-Hant" v="吉林路100號對側" />
    <tag k="fee" v="yes" />
    <tag k="name" v="松江路132巷口" />
    <tag k="name:en" v="Ln. 132, Songjiang Rd." />
    <tag k="name:zh" v="松江路132巷口" />
    <tag k="name:zh-Bopo" v="ㄙㄨㄥㄐㄧㄤㄌㄨˋ132ㄒㄧㄤˋㄎㄡˇ" />
    <tag k="name:zh-Hans" v="松江路132巷口" />
    <tag k="name:zh-Hant" v="松江路132巷口" />
    <tag k="name:zh-Latn-pinyin" v="sōngjiānglù132xiàngkǒu" />
    <tag k="nat_ref" v="TPE500107098" />
    <tag k="network" v="臺北市公共自行車租賃系統" />
    <tag k="network:en" v="Taipei City Public Bike" />
    <tag k="network:wikidata" v="Q20687952" />
    <tag k="network:zh" v="臺北市公共自行車租賃系統" />
    <tag k="opening_hours" v="24/7" />
    <tag k="operator" v="微笑單車股份有限公司" />
    <tag k="operator:en" v="YOUBIKE CO." />
    <tag k="operator:type" v="government" />
    <tag k="operator:wikidata" v="Q703557" />
    <tag k="operator:zh" v="微笑單車股份有限公司" />
    <tag k="payment:credit_cards" v="yes" />
    <tag k="payment:ep_easycard" v="yes" />
    <tag k="payment:ep_easywallet" v="yes" />
    <tag k="payment:ep_ipass" v="yes" />
    <tag k="payment:jcb" v="yes" />
    <tag k="payment:mastercard" v="yes" />
    <tag k="payment:visa" v="yes" />
    <tag k="ref" v="500107098" />
    <tag k="rental" v="city_bike" />
    <tag k="source" v="PTX" />
    <tag k="source:date" v="2022-04-01T09:53:12+08:00" />
    <tag k="start_date" v="2022-03-04" />
  </node>
  <node id="9998336290" lat="25.1291944" lon="121.4736927" />
  <node id="9998336298" lat="25.1287836" lon="121.4738060" />
  <node id="9998338188" lat="25.1259799" lon="121.4969689" />
  <node id="9998338202" lat="25.1279807" lon="121.4964126" />
  <node id="9998338205" lat="25.1289684" lon="121.4959779" />
  <node id="9998338247" lat="25.1239910" lon="121.4924679" />
  <node id="9998338248" lat="25.1239172" lon="121.4932585" />
  <node id="9998338256" lat="25.1226516" lon="121.4920764" />
  <node id="9998338274" lat="25.1226437" lon="121.4919818" />
  <node id="9998338287" lat="25.1237642" lon="121.4876992" />
  <node id="9998338288" lat="25.1239461" lon="121.4876206" />
  <node id="9998338520" lat="25.1332986" lon="121.4948141" />
  <node id="9998338583" lat="25.1349019" lon="121.4947553" />
  <node id="9998338587" lat="25.1362219" lon="121.4933684" />
  <node id="9998338612" lat="25.1356773" lon="121.4909172" />
  <node id="10229720888" lat="25.1154952" lon="121.5158164" />
  <node id="10229720889" lat="25.1150021" lon="121.5160203" />
  <node id="10229720890" lat="25.1148364" lon="121.5156951" />
  <node id="10229720891" lat="25.1149700" lon="121.5158694" />
  <node id="10229720892" lat="25.1152049" lon="121.5159787" />
  <node id="10229720896" lat="25.1155195" lon="121.5158433" />
  <node id="10229720897" lat="25.1153884" lon="121.5157802" />
  <node id="10229720898" lat="25.1151564" lon="121.5154664" />
  <node id="10298415629" lat="25.1169029" lon="121.5162847">
    <tag k="bus" v="yes" />
    <tag k="name" v="永明派出所" />
    <tag k="name:en" v="Yongming Police Substation" />
    <tag k="name:nan" v="Éng-bêng Phài-chhut-só͘" />
    <tag k="name:nan-Hant" v="永明派出所" />
    <tag k="name:nan-Latn-pehoeji" v="Éng-bêng Phài-chhut-só͘" />
    <tag k="name:nan-Latn-tailo" v="Íng-bîng Phài-tshut-sóo" />
    <tag k="name:zh" v="永明派出所" />
    <tag k="public_transport" v="stop_position" />
  </node>
  <node id="10672273377" lat="25.1152426" lon="121.5163609" />
  <node id="10672273378" lat="25.1168843" lon="121.5171807" />
  <node id="10672273379" lat="25.1168203" lon="121.5171981" />
  <node id="10672273380" lat="25.1166749" lon="121.5172658" />
  <node id="10672273381" lat="25.1166035" lon="121.5176879" />
  <node id="10672273382" lat="25.1170410" lon="121.5177718" />
  <node id="10672273383" lat="25.1170677" lon="121.5174875" />
  <node id="10672273384" lat="25.1170647" lon="121.5171757" />
  <node id="10672778555" lat="25.1166385" lon="121.5174492" />
  <node id="10672778556" lat="25.1165261" lon="121.5179582" />
  <node id="10672778557" lat="25.1165589" lon="121.5177517" />
  <node id="11453087546" lat="25.0615300" lon="121.6003300">
    <tag k="alt_name" v="YouBike2.0_威剛科技總部" />
    <tag k="alt_name:en" v="YouBike2.0_ADATA Technology" />
    <tag k="alt_name:zh" v="YouBike2.0_威剛科技總部" />
    <tag k="alt_name:zh-Bopo" v="YouBike2.0_ㄨㄟㄍㄤㄎㄜㄐㄧˋㄗㄨㄥˇㄅㄨˋ" />
    <tag k="alt_name:zh-Hans" v="YouBike2.0_威刚科技总部" />
    <tag k="alt_name:zh-Hant" v="YouBike2.0_威剛科技總部" />
    <tag k="alt_name:zh-Latn-pinyin" v="YouBike2.0_wēigāngkējìzǒngbù" />
    <tag k="amenity" v="bicycle_rental" />
    <tag k="authentication:app" v="yes" />
    <tag k="authentication:contactless" v="yes" />
    <tag k="authentication:membership_card" v="yes" />
    <tag k="bicycle_rental" v="docking_station" />
    <tag k="brand" v="YouBike 2.0" />
    <tag k="brand:en" v="YouBike 2.0" />
    <tag k="brand:wikidata" v="Q20687952" />
    <tag k="brand:wikipedia" v="en:YouBike" />
    <tag k="brand:zh" v="微笑單車2.0" />
    <tag k="capacity" v="52" />
    <tag k="description" v="潭美街537號前" />
    <tag k="description:en" v="No. 537, Tanmei St." />
    <tag k="description:zh" v="潭美街537號前" />
    <tag k="description:zh-Hans" v="潭美街537号前" />
    <tag k="description:zh-Hant" v="潭美街537號前" />
    <tag k="fee" v="yes" />
    <tag k="name" v="威剛科技總部" />
    <tag k="name:en" v="ADATA Technology" />
    <tag k="name:zh" v="威剛科技總部" />
    <tag k="name:zh-Bopo" v="ㄨㄟㄍㄤㄎㄜㄐㄧˋㄗㄨㄥˇㄅㄨˋ" />
    <tag k="name:zh-Hans" v="威刚科技总部" />
    <tag k="name:zh-Hant" v="威剛科技總部" />
    <tag k="name:zh-Latn-pinyin" v="wēigāngkējìzǒngbù" />
    <tag k="nat_ref" v="TPE500108169" />
    <tag k="network" v="臺北市公共自行車租賃系統" />
    <tag k="network:en" v="Taipei City Public Bike" />
    <tag k="network:wikidata" v="Q20687952" />
    <tag k="network:zh" v="臺北市公共自行車租賃系統" />
    <tag k="opening_hours" v="24/7" />
    <tag k="operator" v="微笑單車股份有限公司" />
    <tag k="operator:en" v="YOUBIKE CO." />
    <tag k="operator:type" v="government" />
    <tag k="operator:wikidata" v="Q703557" />
    <tag k="operator:zh" v="微笑單車股份有限公司" />
    <tag k="payment:credit_cards" v="yes" />
    <tag k="payment:ep_easycard" v="yes" />
    <tag k="payment:ep_easywallet" v="yes" />
    <tag k="payment:ep_ipass" v="yes" />
    <tag k="payment:jcb" v="yes" />
    <tag k="payment:mastercard" v="yes" />
    <tag k="payment:visa" v="yes" />
    <tag k="ref" v="500108169" />
    <tag k="rental" v="city_bike" />
    <tag k="source" v="TDX" />
    <tag k="source:date" v="2023-12-24T20:12:17+08:00" />
  </node>
  <node id="11638324139" lat="25.1177380" lon="121.5137243" />
  <node id="11638324140" lat="25.1189523" lon="121.5128553" />
  <node id="11638324141" lat="25.1187774" lon="121.5143895" />
  <node id="11638324142" lat="25.1185054" lon="121.5169001" />
  <node id="11638324143" lat="25.1175146" lon="121.5165460" />
  <node id="11638324144" lat="25.1162906" lon="121.5158594" />
  <node id="11638324145" lat="25.1156688" lon="121.5151513" />
  <node id="11873796937" lat="25.0528777" lon="121.5306061">
    <tag k="addr:city" v="臺北市" />
    <tag k="addr:country" v="TW" />
    <tag k="addr:district" v="中山區" />
    <tag k="addr:full" v="臺北市中山區松江路132巷28之1號" />
    <tag k="addr:housenumber" v="28之1" />
    <tag k="addr:postcode" v="10491" />
    <tag k="addr:street" v="松江路132巷" />
    <tag k="amenity" v="restaurant" />
    <tag k="name" v="絆 洋果子" />
    <tag k="name:en" v="Pâtisserie KIZUNA" />
    <tag k="name:zh" v="絆 洋果子" />
    <tag k="payment:cash" v="yes" />
    <tag k="phone" v="+886 2 2581 9688" />
  </node>
  <node id="11873796938" lat="25.0528789" lon="121.5306759">
    <tag k="addr:city" v="臺北市" />
    <tag k="addr:country" v="TW" />
    <tag k="addr:district" v="中山區" />
    <tag k="addr:full" v="臺北市中山區松江路132巷28號" />
    <tag k="addr:housenumber" v="28" />
    <tag k="addr:street" v="松江路132巷" />
    <tag k="amenity" v="place_of_worship" />
    <tag k="name" v="臺北關帝堂" />
    <tag k="religion" v="taoist" />
  </node>
  <node id="11873796939" lat="25.0528735" lon="121.5310909">
    <tag k="addr:city" v="臺北市" />
    <tag k="addr:country" v="TW" />
    <tag k="addr:district" v="中山區" />
    <tag k="addr:full" v="臺北市中山區松江路132巷22之2號" />
    <tag k="addr:housenumber" v="22之2" />
    <tag k="addr:street" v="松江路132巷" />
    <tag k="amenity" v="restaurant" />
    <tag k="name" v="食朝早午餐" />
  </node>
  <node id="11873796940" lat="25.0537257" lon="121.5312452">
    <tag k="amenity" v="restaurant" />
    <tag k="name" v="龍龍神奇海陸麵專賣店" />
    <tag k="payment:cash" v="yes" />
    <tag k="phone" v="+886 2 2537 3664" />
  </node>
  <node id="11939216112" lat="25.1151418" lon="121.5161477" />
  <node id="12117919374" lat="25.1149015" lon="121.5177676">
    <tag k="addr:city" v="臺北市" />
    <tag k="addr:country" v="TW" />
    <tag k="addr:district" v="北投區" />
    <tag k="addr:full" v="112042臺北市北投區裕民六路132、136號" />
    <tag k="addr:housenumber" v="132;136" />
    <tag k="addr:postcode" v="112042" />
    <tag k="addr:street" v="裕民六路" />
    <tag k="amenity" v="bank" />
    <tag k="branch" v="石牌分社" />
    <tag k="brand" v="台北市第五信用合作社" />
    <tag k="brand:en" v="The Fifth Credit Cooperation of Taipei" />
    <tag k="brand:wikidata" v="Q21449355" />
    <tag k="brand:zh" v="台北市第五信用合作社" />
    <tag k="name" v="台北市第五信用合作社" />
    <tag k="name:en" v="The Fifth Credit Cooperation of Taipei" />
    <tag k="name:zh" v="台北市第五信用合作社" />
    <tag k="nat_ref" v="10011040072" />
    <tag k="opening_hours" v="Mo-Fr 09:00-15:30" />
    <tag k="operator" v="有限責任台北市第五信用合作社" />
    <tag k="phone" v="+886 2 2821 8955" />
    <tag k="ref" v="1040072" />
    <tag k="short_name" v="台北五信" />
    <tag k="source" v="金融監督管理委員會" />
    <tag k="source:date" v="2023-05-29" />
    <tag k="website" v="https://taipei-tfcc.scu.org.tw/" />
  </node>
  <node id="12441137736" lat="25.0535721" lon="121.5321381">
    <tag k="addr:city" v="臺北市" />
    <tag k="addr:country" v="TW" />
    <tag k="addr:district" v="中山區" />
    <tag k="addr:full" v="104臺北市中山區中吉里6鄰四平街40號" />
    <tag k="addr:hamlet" v="中吉里" />
    <tag k="addr:housenumber" v="40" />
    <tag k="addr:neighbourhood" v="6" />
    <tag k="addr:postcode" v="104" />
    <tag k="addr:street" v="四平街" />
    <tag k="amenity" v="restaurant" />
    <tag k="name" v="小巷仔" />
  </node>
  <node id="12441137737" lat="25.0535801" lon="121.5309403">
    <tag k="amenity" v="restaurant" />
    <tag k="name" v="福州乾麵魚丸湯" />
  </node>
  <node id="12441137738" lat="25.0535861" lon="121.5308759">
    <tag k="amenity" v="restaurant" />
    <tag k="name" v="鴨香煲" />
  </node>
  <node id="12441137739" lat="25.0532083" lon="121.5310060">
    <tag k="addr:city" v="臺北市" />
    <tag k="addr:country" v="TW" />
    <tag k="addr:district" v="中山區" />
    <tag k="addr:full" v="104臺北市中山區中吉里4鄰吉林路51巷20號" />
    <tag k="addr:hamlet" v="中吉里" />
    <tag k="addr:housenumber" v="20" />
    <tag k="addr:neighbourhood" v="4" />
    <tag k="addr:postcode" v="104" />
    <tag k="addr:street" v="吉林路51巷" />
    <tag k="amenity" v="cafe" />
    <tag k="name" v="La Petite Cave à Vins" />
  </node>
  <node id="12822571716" lat="25.0537588" lon="121.5299365">
    <tag k="addr:city" v="臺北市" />
    <tag k="addr:country" v="TW" />
    <tag k="addr:district" v="中山區" />
    <tag k="addr:full" v="104臺北市中山區中原里6鄰吉林路110號" />
    <tag k="addr:hamlet" v="中原里" />
    <tag k="addr:housenumber" v="110" />
    <tag k="addr:neighbourhood" v="6" />
    <tag k="addr:postcode" v="104" />
    <tag k="addr:street" v="吉林路" />
    <tag k="amenity" v="school" />
    <tag k="name" v="臺北市數位實驗高級中學" />
    <tag k="name:en" v="T-School" />
    <tag k="name:zh" v="臺北市數位實驗高級中學" />
    <tag k="official_name" v="臺北市數位實驗高級中等學校" />
    <tag k="ref" v="383303" />
    <tag k="wikidata" v="Q117085756" />
    <tag k="wikipedia" v="zh:臺北市數位實驗高級中等學校" />
  </node>
  <node id="13143959729" lat="25.1157027" lon="121.5184166">
    <tag k="amenity" v="parking_entrance" />
    <tag k="fee" v="yes" />
    <tag k="name" v="振華公園地下停車場" />
    <tag k="parking" v="underground" />
  </node>
  <node id="13527677002" lat="25.1158725" lon="121.5184475">
    <tag k="amenity" v="cafe" />
    <tag k="name" v="Changing Cafe/淺淾咖啡" />
  </node>
  <node id="13607291819" lat="25.1157400" lon="121.5185400">
    <tag k="alt_name" v="YouBike2.0_振華公園" />
    <tag k="alt_name:en" v="YouBike2.0_Zhenhua Park" />
    <tag k="alt_name:zh" v="YouBike2.0_振華公園" />
    <tag k="alt_name:zh-Bopo" v="YouBike2.0_ㄓㄣˋㄏㄨㄚˊㄍㄨㄥㄩㄢˊ" />
    <tag k="alt_name:zh-Hans" v="YouBike2.0_振华公园" />
    <tag k="alt_name:zh-Hant" v="YouBike2.0_振華公園" />
    <tag k="alt_name:zh-Latn-pinyin" v="YouBike2.0_zhènhuágōngyuán" />
    <tag k="amenity" v="bicycle_rental" />
    <tag k="authentication:app" v="yes" />
    <tag k="authentication:contactless" v="yes" />
    <tag k="authentication:membership_card" v="yes" />
    <tag k="bicycle_rental" v="docking_station" />
    <tag k="brand" v="YouBike 2.0" />
    <tag k="brand:en" v="YouBike 2.0" />
    <tag k="brand:wikipedia" v="en:YouBike" />
    <tag k="brand:zh" v="微笑單車2.0" />
    <tag k="capacity" v="23" />
    <tag k="description" v="振華街28號(對面)" />
    <tag k="description:en" v="No. 28, ZhenHua St. (Opposite)" />
    <tag k="description:zh" v="振華街28號(對面)" />
    <tag k="description:zh-Hans" v="振华街28号(对面)" />
    <tag k="description:zh-Hant" v="振華街28號(對面)" />
    <tag k="fee" v="yes" />
    <tag k="name" v="振華公園" />
    <tag k="name:en" v="Zhenhua Park" />
    <tag k="name:zh" v="振華公園" />
    <tag k="name:zh-Bopo" v="ㄓㄣˋㄏㄨㄚˊㄍㄨㄥㄩㄢˊ" />
    <tag k="name:zh-Hans" v="振华公园" />
    <tag k="name:zh-Hant" v="振華公園" />
    <tag k="name:zh-Latn-pinyin" v="zhènhuágōngyuán" />
    <tag k="nat_ref" v="TPE500109117" />
    <tag k="network" v="臺北市公共自行車租賃系統" />
    <tag k="network:en" v="Taipei City Public Bike" />
    <tag k="network:wikidata" v="Q20687952" />
    <tag k="network:zh" v="臺北市公共自行車租賃系統" />
    <tag k="opening_hours" v="24/7" />
    <tag k="operator:en" v="YOUBIKE CO." />
    <tag k="operator:type" v="private" />
    <tag k="operator:wikidata" v="Q703557" />
    <tag k="operator:zh" v="微笑單車股份有限公司" />
    <tag k="payment:credit_cards" v="yes" />
    <tag k="payment:ep_easycard" v="yes" />
    <tag k="payment:ep_easywallet" v="yes" />
    <tag k="payment:ep_ipass" v="yes" />
    <tag k="payment:jcb" v="yes" />
    <tag k="payment:mastercard" v="yes" />
    <tag k="payment:visa" v="yes" />
    <tag k="ref" v="500109117" />
    <tag k="rental" v="city_bike" />
    <tag k="source" v="TDX" />
    <tag k="source:date" v="2026-02-26T08:53:01+08:00" />
  </node>
  <node id="13607291937" lat="25.0523400" lon="121.5300300">
    <tag k="alt_name" v="YouBike2.0_吉林南京路口(西北側)" />
    <tag k="alt_name:en" v="YouBike2.0_JiLin Rd. &amp; NanJing E. Rd. Intersection (Northwest)" />
    <tag k="alt_name:zh" v="YouBike2.0_吉林南京路口(西北側)" />
    <tag k="alt_name:zh-Bopo" v="YouBike2.0_ㄐㄧˊㄌㄧㄣˊㄋㄢˊㄐㄧㄥㄌㄨˋㄎㄡˇ(ㄒㄧㄅㄟˇㄘㄜˋ)" />
    <tag k="alt_name:zh-Hans" v="YouBike2.0_吉林南京路口(西北侧)" />
    <tag k="alt_name:zh-Hant" v="YouBike2.0_吉林南京路口(西北側)" />
    <tag k="alt_name:zh-Latn-pinyin" v="YouBike2.0_jílínnánjīnglùkǒu(xīběicè)" />
    <tag k="amenity" v="bicycle_rental" />
    <tag k="authentication:app" v="yes" />
    <tag k="authentication:contactless" v="yes" />
    <tag k="authentication:membership_card" v="yes" />
    <tag k="bicycle_rental" v="docking_station" />
    <tag k="brand" v="YouBike 2.0" />
    <tag k="brand:en" v="YouBike 2.0" />
    <tag k="brand:wikipedia" v="en:YouBike" />
    <tag k="brand:zh" v="微笑單車2.0" />
    <tag k="capacity" v="22" />
    <tag k="description" v="南京東路二段53號旁" />
    <tag k="description:en" v="No. 53, Sec. 2, NanJing E. Rd." />
    <tag k="description:zh" v="南京東路二段53號旁" />
    <tag k="description:zh-Hans" v="南京东路二段53号旁" />
    <tag k="description:zh-Hant" v="南京東路二段53號旁" />
    <tag k="fee" v="yes" />
    <tag k="name" v="吉林南京路口(西北側)" />
    <tag k="name:en" v="JiLin Rd. &amp; NanJing E. Rd. Intersection (Northwest)" />
    <tag k="name:zh" v="吉林南京路口(西北側)" />
    <tag k="name:zh-Bopo" v="ㄐㄧˊㄌㄧㄣˊㄋㄢˊㄐㄧㄥㄌㄨˋㄎㄡˇ(ㄒㄧㄅㄟˇㄘㄜˋ)" />
    <tag k="name:zh-Hans" v="吉林南京路口(西北侧)" />
    <tag k="name:zh-Hant" v="吉林南京路口(西北側)" />
    <tag k="name:zh-Latn-pinyin" v="jílínnánjīnglùkǒu(xīběicè)" />
    <tag k="nat_ref" v="TPE500107165" />
    <tag k="network" v="臺北市公共自行車租賃系統" />
    <tag k="network:en" v="Taipei City Public Bike" />
    <tag k="network:wikidata" v="Q20687952" />
    <tag k="network:zh" v="臺北市公共自行車租賃系統" />
    <tag k="opening_hours" v="24/7" />
    <tag k="operator:en" v="YOUBIKE CO." />
    <tag k="operator:type" v="private" />
    <tag k="operator:wikidata" v="Q703557" />
    <tag k="operator:zh" v="微笑單車股份有限公司" />
    <tag k="payment:credit_cards" v="yes" />
    <tag k="payment:ep_easycard" v="yes" />
    <tag k="payment:ep_easywallet" v="yes" />
    <tag k="payment:ep_ipass" v="yes" />
    <tag k="payment:jcb" v="yes" />
    <tag k="payment:mastercard" v="yes" />
    <tag k="payment:visa" v="yes" />
    <tag k="ref" v="500107165" />
    <tag k="rental" v="city_bike" />
    <tag k="source" v="TDX" />
    <tag k="source:date" v="2026-02-26T08:53:01+08:00" />
  </node>
  <node id="13837767150" lat="25.1262177" lon="121.4986476" />
  <node id="13837767151" lat="25.1263955" lon="121.4995676" />
  <node id="13837767152" lat="25.1260410" lon="121.4996535" />
  <node id="13837767153" lat="25.1258553" lon="121.4987724" />
  <node id="13995734463" lat="25.1165679" lon="121.5169280">
    <tag k="addr:city" v="臺北市" />
    <tag k="addr:country" v="TW" />
    <tag k="addr:district" v="北投區" />
    <tag k="addr:full" v="112臺北市北投區裕民一路28號" />
    <tag k="addr:housenumber" v="28" />
    <tag k="addr:postcode" v="112" />
    <tag k="addr:street" v="裕民一路" />
    <tag k="name" v="享亮文具樂園" />
    <tag k="shop" v="stationery" />
  </node>
  <node id="13995734464" lat="25.1165836" lon="121.5167938">
    <tag k="addr:city" v="臺北市" />
    <tag k="addr:country" v="TW" />
    <tag k="addr:district" v="北投區" />
    <tag k="addr:full" v="112臺北市北投區裕民一路24號" />
    <tag k="addr:housenumber" v="24" />
    <tag k="addr:postcode" v="112" />
    <tag k="addr:street" v="裕民一路" />
    <tag k="name" v="永來五金行" />
    <tag k="shop" v="hardware" />
  </node>
  <node id="13995734465" lat="25.1168826" lon="121.5164075">
    <tag k="addr:city" v="臺北市" />
    <tag k="addr:country" v="TW" />
    <tag k="addr:district" v="北投區" />
    <tag k="addr:full" v="112臺北市北投區石牌路二段84號" />
    <tag k="addr:housenumber" v="84" />
    <tag k="addr:postcode" v="112" />
    <tag k="addr:street" v="石牌路二段" />
    <tag k="name" v="世紀糕點 毅盛店" />
    <tag k="shop" v="bakery" />
  </node>
  <node id="13995734466" lat="25.1170413" lon="121.5165083">
    <tag k="addr:city" v="臺北市" />
    <tag k="addr:country" v="TW" />
    <tag k="addr:district" v="北投區" />
    <tag k="addr:full" v="112臺北市北投區石牌路二段88-1號" />
    <tag k="addr:housenumber" v="88-1" />
    <tag k="addr:postcode" v="112" />
    <tag k="addr:street" v="石牌路二段" />
    <tag k="brand" v="全家便利商店" />
    <tag k="brand:en" v="FamilyMart" />
    <tag k="brand:wikidata" v="Q10891564" />
    <tag k="brand:zh" v="全家便利商店" />
    <tag k="name" v="全家便利商店" />
    <tag k="name:en" v="FamilyMart" />
    <tag k="name:zh" v="全家便利商店" />
    <tag k="shop" v="convenience" />
  </node>
  <node id="13995734469" lat="25.1163721" lon="121.5185734">
    <tag k="addr:city" v="臺北市" />
    <tag k="addr:country" v="TW" />
    <tag k="addr:district" v="北投區" />
    <tag k="addr:full" v="112臺北市北投區明德路333巷29號" />
    <tag k="addr:housenumber" v="29" />
    <tag k="addr:postcode" v="112" />
    <tag k="addr:street" v="明德路333巷" />
    <tag k="name" v="Ivy Salon" />
    <tag k="shop" v="beauty" />
  </node>
  <node id="13995734470" lat="25.1163843" lon="121.5184580">
    <tag k="addr:city" v="臺北市" />
    <tag k="addr:country" v="TW" />
    <tag k="addr:district" v="北投區" />
    <tag k="addr:full" v="112臺北市北投區明德路333巷31號" />
    <tag k="addr:housenumber" v="31" />
    <tag k="addr:postcode" v="112" />
    <tag k="addr:street" v="明德路333巷" />
    <tag k="amenity" v="cafe" />
    <tag k="cuisine" v="coffee_shop;brunch" />
    <tag k="name" v="Coffee Smith" />
    <tag k="outdoor_seating" v="no" />
  </node>
  <node id="13995734471" lat="25.1165472" lon="121.5181694">
    <tag k="addr:city" v="臺北市" />
    <tag k="addr:country" v="TW" />
    <tag k="addr:district" v="北投區" />
    <tag k="addr:full" v="112臺北市北投區明德路333巷38號" />
    <tag k="addr:housenumber" v="38" />
    <tag k="addr:postcode" v="112" />
    <tag k="addr:street" v="明德路333巷" />
    <tag k="clothes" v="women" />
    <tag k="name" v="比比服飾店" />
    <tag k="shop" v="clothes" />
  </node>
  <node id="13995734472" lat="25.1165620" lon="121.5180501">
    <tag k="addr:city" v="臺北市" />
    <tag k="addr:country" v="TW" />
    <tag k="addr:district" v="北投區" />
    <tag k="addr:full" v="112臺北市北投區裕民一路49號" />
    <tag k="addr:housenumber" v="49" />
    <tag k="addr:postcode" v="112" />
    <tag k="addr:street" v="裕民一路" />
    <tag k="name" v="豆花林" />
    <tag k="shop" v="pastry" />
  </node>
  <node id="13995734473" lat="25.1165571" lon="121.5180940">
    <tag k="addr:city" v="臺北市" />
    <tag k="addr:country" v="TW" />
    <tag k="addr:district" v="北投區" />
    <tag k="addr:full" v="112臺北市北投區裕民一路49號" />
    <tag k="addr:housenumber" v="49" />
    <tag k="addr:postcode" v="112" />
    <tag k="addr:street" v="裕民一路" />
    <tag k="name" v="大耀鎖匙行" />
    <tag k="shop" v="locksmith" />
  </node>
  <node id="13995734474" lat="25.1165704" lon="121.5179751">
    <tag k="addr:city" v="臺北市" />
    <tag k="addr:country" v="TW" />
    <tag k="addr:district" v="北投區" />
    <tag k="addr:full" v="112臺北市北投區裕民一路47號" />
    <tag k="addr:housenumber" v="47" />
    <tag k="addr:postcode" v="112" />
    <tag k="addr:street" v="裕民一路" />
    <tag k="amenity" v="dentist" />
    <tag k="healthcare" v="dentist" />
    <tag k="name" v="李國屏牙醫診所" />
  </node>
  <node id="13995734475" lat="25.1165896" lon="121.5178002">
    <tag k="addr:city" v="臺北市" />
    <tag k="addr:country" v="TW" />
    <tag k="addr:district" v="北投區" />
    <tag k="addr:full" v="112臺北市北投區裕民一路43號" />
    <tag k="addr:housenumber" v="43" />
    <tag k="addr:postcode" v="112" />
    <tag k="addr:street" v="裕民一路" />
    <tag k="name" v="瑞信銀樓" />
    <tag k="shop" v="jewelry" />
  </node>
  <node id="13995734476" lat="25.1165872" lon="121.5178507">
    <tag k="addr:city" v="臺北市" />
    <tag k="addr:country" v="TW" />
    <tag k="addr:district" v="北投區" />
    <tag k="addr:full" v="112臺北市北投區裕民一路45號" />
    <tag k="addr:housenumber" v="45" />
    <tag k="addr:postcode" v="112" />
    <tag k="addr:street" v="裕民一路" />
    <tag k="amenity" v="restaurant" />
    <tag k="cuisine" v="chinese" />
    <tag k="name" v="美鮮麵食" />
  </node>
  <node id="13995734477" lat="25.1165820" lon="121.5178957">
    <tag k="addr:city" v="臺北市" />
    <tag k="addr:country" v="TW" />
    <tag k="addr:district" v="北投區" />
    <tag k="addr:full" v="112臺北市北投區裕民一路45號" />
    <tag k="addr:housenumber" v="45" />
    <tag k="addr:postcode" v="112" />
    <tag k="addr:street" v="裕民一路" />
    <tag k="name" v="裕民洗衣店" />
    <tag k="shop" v="dry_cleaning" />
  </node>
  <node id="13995734478" lat="25.1169723" lon="121.5182893">
    <tag k="addr:city" v="臺北市" />
    <tag k="addr:country" v="TW" />
    <tag k="addr:district" v="北投區" />
    <tag k="addr:full" v="112臺北市北投區石牌路二段90巷32號" />
    <tag k="addr:housenumber" v="32" />
    <tag k="addr:postcode" v="112" />
    <tag k="addr:street" v="石牌路二段90巷" />
    <tag k="amenity" v="fast_food" />
    <tag k="brand" v="拉亞漢堡" />
    <tag k="brand:en" v="Laya Burger" />
    <tag k="brand:wikidata" v="Q67933743" />
    <tag k="brand:zh" v="拉亞漢堡" />
    <tag k="cuisine" v="burger;breakfast" />
    <tag k="name" v="拉亞漢堡" />
    <tag k="name:en" v="Laya Burger" />
    <tag k="name:zh" v="拉亞漢堡" />
    <tag k="takeaway" v="yes" />
  </node>
  <node id="13995734479" lat="25.1154157" lon="121.5178232">
    <tag k="addr:city" v="臺北市" />
    <tag k="addr:country" v="TW" />
    <tag k="addr:district" v="北投區" />
    <tag k="addr:full" v="112臺北市北投區裕民一路40巷29號" />
    <tag k="addr:housenumber" v="29" />
    <tag k="addr:postcode" v="112" />
    <tag k="addr:street" v="裕民一路40巷" />
    <tag k="amenity" v="veterinary" />
    <tag k="name" v="聯合動物醫院" />
  </node>
  <node id="13995734480" lat="25.1152196" lon="121.5177922">
    <tag k="addr:city" v="臺北市" />
    <tag k="addr:country" v="TW" />
    <tag k="addr:district" v="北投區" />
    <tag k="addr:full" v="112臺北市北投區裕民一路40巷35號" />
    <tag k="addr:housenumber" v="35" />
    <tag k="addr:postcode" v="112" />
    <tag k="addr:street" v="裕民一路40巷" />
    <tag k="amenity" v="dentist" />
    <tag k="healthcare" v="dentist" />
    <tag k="name" v="品緻牙醫診所" />
  </node>
  <node id="13995734481" lat="25.1151391" lon="121.5177780">
    <tag k="addr:city" v="臺北市" />
    <tag k="addr:country" v="TW" />
    <tag k="addr:district" v="北投區" />
    <tag k="addr:full" v="112臺北市北投區裕民一路40巷39號" />
    <tag k="addr:housenumber" v="39" />
    <tag k="addr:postcode" v="112" />
    <tag k="addr:street" v="裕民一路40巷" />
    <tag k="amenity" v="restaurant" />
    <tag k="cuisine" v="grill" />
    <tag k="name" v="気樂 Kiraku 居酒屋" />
  </node>
  <node id="13995777941" lat="25.1154941" lon="121.5178342">
    <tag k="addr:city" v="臺北市" />
    <tag k="addr:country" v="TW" />
    <tag k="addr:district" v="北投區" />
    <tag k="addr:full" v="112臺北市北投區裕民一路40巷27號" />
    <tag k="addr:housenumber" v="27" />
    <tag k="addr:postcode" v="112" />
    <tag k="addr:street" v="裕民一路40巷" />
    <tag k="amenity" v="cafe" />
    <tag k="cuisine" v="coffee_shop;chinese;italian" />
    <tag k="name" v="巧晨咖啡館" />
  </node>
  <node id="13995777942" lat="25.1155955" lon="121.5178584">
    <tag k="addr:city" v="臺北市" />
    <tag k="addr:country" v="TW" />
    <tag k="addr:district" v="北投區" />
    <tag k="addr:full" v="112臺北市北投區裕民一路40巷23號" />
    <tag k="addr:housenumber" v="23" />
    <tag k="addr:postcode" v="112" />
    <tag k="addr:street" v="裕民一路40巷" />
    <tag k="amenity" v="dentist" />
    <tag k="healthcare" v="dentist" />
    <tag k="name" v="Dr. Wells維格牙醫診所" />
  </node>
  <node id="13995777943" lat="25.1156897" lon="121.5178723">
    <tag k="addr:city" v="臺北市" />
    <tag k="addr:country" v="TW" />
    <tag k="addr:district" v="北投區" />
    <tag k="addr:full" v="112臺北市北投區裕民一路40巷21號" />
    <tag k="addr:housenumber" v="21" />
    <tag k="addr:postcode" v="112" />
    <tag k="addr:street" v="裕民一路40巷" />
    <tag k="amenity" v="restaurant" />
    <tag k="cuisine" v="breakfast;chinese" />
    <tag k="name" v="蕭記大餛飩" />
  </node>
  <node id="13997958224" lat="25.1165917" lon="121.5163569">
    <tag k="addr:city" v="臺北市" />
    <tag k="addr:country" v="TW" />
    <tag k="addr:district" v="北投區" />
    <tag k="addr:full" v="112臺北市北投區振華里19鄰裕民一路6號" />
    <tag k="addr:hamlet" v="振華里" />
    <tag k="addr:housenumber" v="6" />
    <tag k="addr:neighbourhood" v="19" />
    <tag k="addr:postcode" v="112" />
    <tag k="addr:street" v="裕民一路" />
    <tag k="amenity" v="fast_food" />
    <tag k="brand" v="肯德基" />
    <tag k="brand:en" v="KFC" />
    <tag k="brand:wikidata" v="Q524757" />
    <tag k="brand:zh" v="肯德基" />
    <tag k="cuisine" v="chicken" />
    <tag k="name" v="肯德基" />
    <tag k="name:en" v="KFC" />
    <tag k="name:zh" v="肯德基" />
    <tag k="takeaway" v="yes" />
  </node>
  <node id="13997958225" lat="25.1163828" lon="121.5162081">
    <tag k="addr:city" v="臺北市" />
    <tag k="addr:country" v="TW" />
    <tag k="addr:district" v="北投區" />
    <tag k="addr:full" v="112臺北市北投區振華里19鄰石牌路二段70號" />
    <tag k="addr:hamlet" v="振華里" />
    <tag k="addr:housenumber" v="70" />
    <tag k="addr:neighbourhood" v="19" />
    <tag k="addr:postcode" v="112" />
    <tag k="addr:street" v="石牌路二段" />
    <tag k="name" v="亞尼克北投石牌店" />
    <tag k="shop" v="pastry" />
  </node>
  <node id="14014747593" lat="25.1157663" lon="121.5180103">
    <tag k="addr:city" v="臺北市" />
    <tag k="addr:country" v="TW" />
    <tag k="addr:district" v="北投區" />
    <tag k="addr:full" v="112臺北市北投區裕民一路40巷17號" />
    <tag k="addr:housenumber" v="17" />
    <tag k="addr:postcode" v="112" />
    <tag k="addr:street" v="裕民一路40巷" />
    <tag k="hairdresser" v="barber" />
    <tag k="name" v="福君理髮廳" />
    <tag k="shop" v="hairdresser" />
  </node>
  <way id="276920540">
    <nd ref="2814740883" />
    <nd ref="2814740884" />
    <nd ref="4934228538" />
    <nd ref="2814740885" />
    <nd ref="4873984916" />
    <nd ref="2814740886" />
    <nd ref="2814740887" />
    <nd ref="2814740888" />
    <nd ref="2814740889" />
    <nd ref="4934228537" />
    <nd ref="2814740890" />
    <nd ref="2814740883" />
    <tag k="landuse" v="garages" />
    <tag k="name" v="光華巴士東湖站" />
    <tag k="operator" v="光華巴士" />
  </way>
  <way id="287013227">
    <nd ref="2906837273" />
    <nd ref="2906837275" />
    <nd ref="2906837270" />
    <nd ref="2906837274" />
    <nd ref="2906837283" />
    <nd ref="2906837285" />
    <nd ref="2906837292" />
    <nd ref="2906837291" />
    <nd ref="9998338612" />
    <nd ref="2906837300" />
    <nd ref="2906837305" />
    <nd ref="2906837301" />
    <nd ref="2906837299" />
    <nd ref="2906837297" />
    <nd ref="2906837290" />
    <nd ref="2906837289" />
    <nd ref="2906837293" />
    <nd ref="2906837296" />
    <nd ref="2906837298" />
    <nd ref="2906837303" />
    <nd ref="2906837307" />
    <nd ref="2906837308" />
    <nd ref="2906837309" />
    <nd ref="9998338587" />
    <nd ref="2906837306" />
    <nd ref="2906837304" />
    <nd ref="2906837302" />
    <nd ref="2906837295" />
    <nd ref="2906837294" />
    <nd ref="2906837287" />
    <nd ref="2906837284" />
    <nd ref="2906837272" />
    <nd ref="3848345136" />
    <nd ref="3848345135" />
    <nd ref="2906837271" />
    <nd ref="2906837262" />
    <nd ref="2906837269" />
    <nd ref="2906837280" />
    <nd ref="9998338583" />
    <nd ref="2906837286" />
    <nd ref="2906837282" />
    <nd ref="2906837279" />
    <nd ref="2906837281" />
    <nd ref="2906837277" />
    <nd ref="2906837268" />
    <nd ref="2906837264" />
    <nd ref="2906837259" />
    <nd ref="2906837253" />
    <nd ref="2906837250" />
    <nd ref="2906837246" />
    <nd ref="2906837256" />
    <nd ref="2906837252" />
    <nd ref="2906837254" />
    <nd ref="2906837248" />
    <nd ref="2906837243" />
    <nd ref="2906837245" />
    <nd ref="2906837232" />
    <nd ref="2906837239" />
    <nd ref="2906837233" />
    <nd ref="2906837229" />
    <nd ref="2906837226" />
    <nd ref="2906837211" />
    <nd ref="2906837202" />
    <nd ref="2906837182" />
    <nd ref="2906837186" />
    <nd ref="2906837190" />
    <nd ref="2906837187" />
    <nd ref="2906837195" />
    <nd ref="2906837197" />
    <nd ref="2906837206" />
    <nd ref="2906837207" />
    <nd ref="2906837224" />
    <nd ref="2906837227" />
    <nd ref="9998338520" />
    <nd ref="2906837213" />
    <nd ref="2906837179" />
    <nd ref="2906837161" />
    <nd ref="2906837166" />
    <nd ref="2906837151" />
    <nd ref="2906837135" />
    <nd ref="2906837132" />
    <nd ref="2906837125" />
    <nd ref="2906837118" />
    <nd ref="2906837113" />
    <nd ref="2906837101" />
    <nd ref="2906837105" />
    <nd ref="2906837099" />
    <nd ref="2906837089" />
    <nd ref="2906837092" />
    <nd ref="2906837108" />
    <nd ref="2906837110" />
    <nd ref="2906837084" />
    <nd ref="2906837071" />
    <nd ref="2906837072" />
    <nd ref="2906837063" />
    <nd ref="2906837047" />
    <nd ref="2906837046" />
    <nd ref="2906837057" />
    <nd ref="2906837053" />
    <nd ref="2906837052" />
    <nd ref="2906837059" />
    <nd ref="2906837060" />
    <nd ref="2906837070" />
    <nd ref="9998338205" />
    <nd ref="2906837068" />
    <nd ref="2906837056" />
    <nd ref="2906837051" />
    <nd ref="2906837035" />
    <nd ref="9998338202" />
    <nd ref="2906837044" />
    <nd ref="2906837039" />
    <nd ref="2906837041" />
    <nd ref="2906837032" />
    <nd ref="2906837031" />
    <nd ref="2906837034" />
    <nd ref="2906837030" />
    <nd ref="2906837027" />
    <nd ref="2906837026" />
    <nd ref="2906837024" />
    <nd ref="3812319092" />
    <nd ref="2906837022" />
    <nd ref="2906837015" />
    <nd ref="2906837012" />
    <nd ref="2906837007" />
    <nd ref="9998338188" />
    <nd ref="2906837010" />
    <nd ref="2906836996" />
    <nd ref="2906836998" />
    <nd ref="2906836995" />
    <nd ref="2906836993" />
    <nd ref="2906836988" />
    <nd ref="2906836990" />
    <nd ref="2906836975" />
    <nd ref="2906836973" />
    <nd ref="2906836971" />
    <nd ref="2906836965" />
    <nd ref="2906836969" />
    <nd ref="2906836977" />
    <nd ref="2906836966" />
    <nd ref="2906836921" />
    <nd ref="2906836923" />
    <nd ref="2906836920" />
    <nd ref="2906836922" />
    <nd ref="2906836925" />
    <nd ref="2906836926" />
    <nd ref="2906836929" />
    <nd ref="2906836931" />
    <nd ref="2906836978" />
    <nd ref="9998338248" />
    <nd ref="9998338247" />
    <nd ref="2906836982" />
    <nd ref="2906836968" />
    <nd ref="2906836963" />
    <nd ref="2906836958" />
    <nd ref="2906836952" />
    <nd ref="2906836948" />
    <nd ref="2906836939" />
    <nd ref="2906836936" />
    <nd ref="9998338256" />
    <nd ref="9998338274" />
    <nd ref="2906836932" />
    <nd ref="2906836935" />
    <nd ref="2906836934" />
    <nd ref="2906836956" />
    <nd ref="2906836957" />
    <nd ref="2906836950" />
    <nd ref="2906836970" />
    <nd ref="9998338287" />
    <nd ref="2906836976" />
    <nd ref="2906836981" />
    <nd ref="9998338288" />
    <nd ref="2906836979" />
    <nd ref="2906836983" />
    <nd ref="2906836984" />
    <nd ref="2906836986" />
    <nd ref="2906836992" />
    <nd ref="2906836989" />
    <nd ref="2906836987" />
    <nd ref="2906836985" />
    <nd ref="2906836974" />
    <nd ref="2906836964" />
    <nd ref="2906836962" />
    <nd ref="2906836945" />
    <nd ref="2906836946" />
    <nd ref="2906836941" />
    <nd ref="2906836938" />
    <nd ref="2906836937" />
    <nd ref="2906836940" />
    <nd ref="2906836942" />
    <nd ref="2906836943" />
    <nd ref="2906836944" />
    <nd ref="2906836954" />
    <nd ref="2906836955" />
    <nd ref="2906836951" />
    <nd ref="2906836953" />
    <nd ref="2906836960" />
    <nd ref="3762744907" />
    <nd ref="2906836959" />
    <nd ref="2906836961" />
    <nd ref="2906836967" />
    <nd ref="2906836972" />
    <nd ref="2906836980" />
    <nd ref="2906836991" />
    <nd ref="2906836994" />
    <nd ref="2906837000" />
    <nd ref="2906836997" />
    <nd ref="2906836999" />
    <nd ref="2906837003" />
    <nd ref="2906837004" />
    <nd ref="2906837006" />
    <nd ref="2906837005" />
    <nd ref="2906837008" />
    <nd ref="2906837009" />
    <nd ref="2906837011" />
    <nd ref="2906837013" />
    <nd ref="2906837014" />
    <nd ref="2906837028" />
    <nd ref="2906837037" />
    <nd ref="2906837043" />
    <nd ref="2906837045" />
    <nd ref="2906837042" />
    <nd ref="2906837049" />
    <nd ref="2906837062" />
    <nd ref="2906837064" />
    <nd ref="2906837067" />
    <nd ref="2906837055" />
    <nd ref="2906837050" />
    <nd ref="2906837038" />
    <nd ref="2906837048" />
    <nd ref="2906837058" />
    <nd ref="2906837061" />
    <nd ref="9998336298" />
    <nd ref="2906837066" />
    <nd ref="2906837078" />
    <nd ref="2906837079" />
    <nd ref="9998336290" />
    <nd ref="2906837075" />
    <nd ref="2906837076" />
    <nd ref="2906837081" />
    <nd ref="2906837083" />
    <nd ref="2906837087" />
    <nd ref="2906837095" />
    <nd ref="2906837102" />
    <nd ref="2906837109" />
    <nd ref="2906837112" />
    <nd ref="2906837130" />
    <nd ref="2906837144" />
    <nd ref="2906837152" />
    <nd ref="2906837164" />
    <nd ref="2906837160" />
    <nd ref="2906837154" />
    <nd ref="2906837146" />
    <nd ref="2906837119" />
    <nd ref="2906837107" />
    <nd ref="2906837104" />
    <nd ref="2906837100" />
    <nd ref="2906837093" />
    <nd ref="2906837086" />
    <nd ref="2906837082" />
    <nd ref="2906837080" />
    <nd ref="2906837073" />
    <nd ref="2906837088" />
    <nd ref="2906837094" />
    <nd ref="2906837090" />
    <nd ref="2906837097" />
    <nd ref="2906837203" />
    <nd ref="2906837208" />
    <nd ref="2906837210" />
    <nd ref="2906837204" />
    <nd ref="2906837189" />
    <nd ref="2906837175" />
    <nd ref="2906837171" />
    <nd ref="2906837198" />
    <nd ref="2906837209" />
    <nd ref="2906837193" />
    <nd ref="2906837200" />
    <nd ref="2906837223" />
    <nd ref="2906837244" />
    <nd ref="2906837249" />
    <nd ref="2906837266" />
    <nd ref="2906837251" />
    <nd ref="2906837242" />
    <nd ref="2906837247" />
    <nd ref="2906837235" />
    <nd ref="2906837221" />
    <nd ref="2906837216" />
    <nd ref="2906837225" />
    <nd ref="2906837237" />
    <nd ref="2906837236" />
    <nd ref="2906837217" />
    <nd ref="2906837214" />
    <nd ref="2906837219" />
    <nd ref="2906837215" />
    <nd ref="2906837222" />
    <nd ref="2906837230" />
    <nd ref="2906837260" />
    <nd ref="2906837267" />
    <nd ref="2906837263" />
    <nd ref="2906837265" />
    <nd ref="2906837258" />
    <nd ref="2906837257" />
    <nd ref="2906837228" />
    <nd ref="2906837241" />
    <nd ref="2906837255" />
    <nd ref="2906837261" />
    <nd ref="2906837273" />
    <tag k="landuse" v="farmland" />
  </way>
  <way id="375327741">
    <nd ref="3786978577" />
    <nd ref="3786978578" />
    <nd ref="10672778557" />
    <nd ref="10672778556" />
    <nd ref="3786978579" />
    <nd ref="3786978580" />
    <nd ref="3786978581" />
    <nd ref="3786978582" />
    <nd ref="3786978583" />
    <nd ref="3786978584" />
    <nd ref="3786978585" />
    <nd ref="3786978586" />
    <nd ref="3786978577" />
    <tag k="landuse" v="retail" />
    <tag k="name" v="石牌市場" />
    <tag k="name:en" v="Shi-pai Open-air Market" />
    <tag k="name:ja" v="石牌市場（せきはいいちば）" />
    <tag k="name:nan" v="Chio̍h-pâi-chhī-tiûnn" />
    <tag k="name:zh" v="石牌市場" />
  </way>
  <way id="375469341">
    <nd ref="3788314281" />
    <nd ref="3788314282" />
    <nd ref="3788314283" />
    <nd ref="3788314284" />
    <nd ref="3788314285" />
    <nd ref="3788314286" />
    <nd ref="3788314302" />
    <nd ref="3788314287" />
    <nd ref="3788314288" />
    <nd ref="3788314289" />
    <nd ref="3788314290" />
    <nd ref="3788314291" />
    <nd ref="3788314301" />
    <nd ref="13837767153" />
    <nd ref="13837767150" />
    <nd ref="3788314300" />
    <nd ref="3788314299" />
    <nd ref="3788314298" />
    <nd ref="3788314292" />
    <nd ref="3788314265" />
    <nd ref="3788314293" />
    <nd ref="3788314294" />
    <nd ref="3788314295" />
    <nd ref="3788314296" />
    <nd ref="3788314297" />
    <nd ref="3788314281" />
    <tag k="landuse" v="industrial" />
    <tag k="name" v="中央南路工業區" />
    <tag k="note" v="第三種工業區 13.31公頃" />
  </way>
  <way id="381014789">
    <nd ref="3840862471" />
    <nd ref="3843022477" />
    <nd ref="3843022478" />
    <nd ref="3843022479" />
    <nd ref="3840862471" />
    <tag k="landuse" v="residential" />
    <tag k="name" v="王樣力麒花園" />
    <tag k="residential" v="apartments" />
  </way>
  <way id="381020818">
    <nd ref="3840862309" />
    <nd ref="3843046924" />
    <nd ref="3843046925" />
    <nd ref="3843046926" />
    <nd ref="3840862309" />
    <tag k="landuse" v="residential" />
    <tag k="name" v="松江二村" />
    <tag k="residential" v="apartments" />
  </way>
  <way id="435165389">
    <nd ref="3840857812" />
    <nd ref="4331109812" />
    <nd ref="4331109814" />
    <nd ref="4331109813" />
    <nd ref="3840857812" />
    <tag k="landuse" v="residential" />
    <tag k="residential" v="apartments" />
  </way>
  <way id="718041388">
    <nd ref="6743386914" />
    <nd ref="6743386913" />
    <nd ref="6743386912" />
    <nd ref="6743386910" />
    <nd ref="6743386914" />
    <tag k="construction" v="building" />
    <tag k="disused:amenity" v="parking" />
    <tag k="landuse" v="construction" />
    <tag k="name" v="石牌市場住商大樓工程" />
  </way>
  <way id="751100000">
    <nd ref="7022030565" />
    <nd ref="7022030564" />
    <nd ref="7022030563" />
    <nd ref="7022030562" />
    <nd ref="7022030565" />
    <tag k="landuse" v="residential" />
    <tag k="residential" v="apartments" />
  </way>
  <way id="829224959">
    <nd ref="7740264081" />
    <nd ref="7740264080" />
    <nd ref="7740264079" />
    <nd ref="7740264078" />
    <nd ref="7740264081" />
    <tag k="landuse" v="construction" />
  </way>
  <way id="829224992">
    <nd ref="7740264257" />
    <nd ref="7740264256" />
    <nd ref="7740264255" />
    <nd ref="7740264254" />
    <nd ref="7740264257" />
    <tag k="landuse" v="residential" />
  </way>
  <way id="829224993">
    <nd ref="7740264261" />
    <nd ref="7740264260" />
    <nd ref="7740264259" />
    <nd ref="7740264258" />
    <nd ref="7740264261" />
    <tag k="landuse" v="residential" />
  </way>
  <way id="829224994">
    <nd ref="7740264265" />
    <nd ref="7740264264" />
    <nd ref="7740264263" />
    <nd ref="7740264262" />
    <nd ref="7740264265" />
    <tag k="landuse" v="residential" />
  </way>
  <way id="986976607">
    <nd ref="9122856164" />
    <nd ref="9122856163" />
    <nd ref="9122856162" />
    <nd ref="9122856161" />
    <nd ref="9122856160" />
    <nd ref="9122856159" />
    <nd ref="9122856158" />
    <nd ref="9122856157" />
    <nd ref="9122856156" />
    <nd ref="9122856155" />
    <nd ref="9122856164" />
    <tag k="landuse" v="residential" />
  </way>
  <way id="1118509350">
    <nd ref="10229720898" />
    <nd ref="10229720897" />
    <nd ref="10229720888" />
    <nd ref="10229720896" />
    <nd ref="10672273377" />
    <nd ref="11939216112" />
    <nd ref="10229720892" />
    <nd ref="10229720889" />
    <nd ref="10229720891" />
    <nd ref="10229720890" />
    <nd ref="10229720898" />
    <tag k="construction" v="apartments" />
    <tag k="landuse" v="construction" />
    <tag k="name" v="天母常玉建案基地" />
    <tag k="source" v="survey" />
  </way>
  <way id="1146878414">
    <nd ref="10672273384" />
    <nd ref="10672273383" />
    <nd ref="10672273382" />
    <nd ref="10672273381" />
    <nd ref="10672778555" />
    <nd ref="10672273380" />
    <nd ref="10672273379" />
    <nd ref="10672273378" />
    <nd ref="10672273384" />
    <tag k="amenity" v="place_of_worship" />
    <tag k="denomination" v="catholic" />
    <tag k="landuse" v="religious" />
    <tag k="name" v="石牌聖體堂" />
    <tag k="religion" v="christian" />
  </way>
  <way id="1252056961">
    <nd ref="11638324145" />
    <nd ref="11638324144" />
    <nd ref="11638324143" />
    <nd ref="11638324142" />
    <nd ref="11638324141" />
    <nd ref="11638324140" />
    <nd ref="11638324139" />
    <nd ref="11638324145" />
    <tag k="landuse" v="residential" />
    <tag k="residential" v="urban" />
  </way>
  <way id="1514950456">
    <nd ref="13837767153" />
    <nd ref="13837767152" />
    <nd ref="13837767151" />
    <nd ref="13837767150" />
    <nd ref="13837767153" />
    <tag k="construction" v="industrial" />
    <tag k="landuse" v="construction" />
    <tag k="name" v="IBC 環球企業總部" />
  </way>

<note>The data included in this document is from www.openstreetmap.org. The data is made available under ODbL.</note>
<meta osm_base="2026-09-03T09:38:47Z" />

  <node id="1720014720" lat="25.0765373" lon="121.5748502" />
  <node id="1832923877" lat="25.0795761" lon="121.5638075" />
  <node id="1837864774" lat="25.0780759" lon="121.5746248" />
  <node id="1837864783" lat="25.0781115" lon="121.5758242" />
  <node id="2170322923" lat="25.0765624" lon="121.5740683">
    <tag k="addr:city" v="臺北市" />
    <tag k="addr:country" v="TW" />
    <tag k="addr:district" v="內湖區" />
    <tag k="addr:full" v="臺北市內湖區瑞光路306號" />
    <tag k="addr:housenumber" v="306" />
    <tag k="addr:postcode" v="114" />
    <tag k="addr:street" v="瑞光路" />
    <tag k="amenity" v="bank" />
    <tag k="branch" v="內湖分行" />
    <tag k="brand" v="台中商業銀行" />
    <tag k="brand:en" v="Taichung Bank" />
    <tag k="brand:wikidata" v="Q6136958" />
    <tag k="brand:zh" v="台中商業銀行" />
    <tag k="name" v="台中商業銀行" />
    <tag k="name:en" v="Taichung Bank" />
    <tag k="name:nan" v="Tâi-tiong Siong-gia̍p Gûn-hâng" />
    <tag k="name:nan-Hant" v="台中商業銀行" />
    <tag k="name:nan-Latn-pehoeji" v="Tâi-tiong Siong-gia̍p Gûn-hâng" />
    <tag k="name:nan-Latn-tailo" v="Tâi-tiong Siong-gia̍p Gûn-hâng" />
    <tag k="name:zh" v="台中商業銀行" />
    <tag k="nat_ref" v="10010530846" />
    <tag k="phone" v="+886 2 2657 9899" />
    <tag k="ref" v="530846" />
    <tag k="source" v="金管會" />
    <tag k="source:date" v="2017-08-31" />
  </node>
  <node id="2170324389" lat="25.0762509" lon="121.5746332">
    <tag k="addr:city" v="臺北市" />
    <tag k="addr:country" v="TW" />
    <tag k="addr:district" v="內湖區" />
    <tag k="addr:floor" v="1" />
    <tag k="addr:full" v="114063臺北市內湖區瑞光路298號1樓、300號1樓" />
    <tag k="addr:housenumber" v="300" />
    <tag k="addr:postcode" v="114063" />
    <tag k="addr:street" v="瑞光路" />
    <tag k="amenity" v="bank" />
    <tag k="branch" v="內湖分行" />
    <tag k="brand" v="星展銀行" />
    <tag k="brand:en" v="DBS Bank" />
    <tag k="brand:wikidata" v="Q705417" />
    <tag k="brand:zh" v="星展銀行" />
    <tag k="name" v="星展（台灣）商業銀行" />
    <tag k="name:en" v="DBS Bank Taiwan" />
    <tag k="name:zh" v="星展（台灣）商業銀行" />
    <tag k="nat_ref" v="10018100423" />
    <tag k="opening_hours" v="Mo-Fr 09:00-15:30" />
    <tag k="operator" v="星展(台灣)商業銀行股份有限公司" />
    <tag k="phone" v="+886 2 6612 8200" />
    <tag k="ref" v="8100423" />
    <tag k="source" v="金融監督管理委員會" />
    <tag k="source:date" v="2023-05-29" />
    <tag k="website" v="https://www.dbs.com.tw/personal-zh/default.page" />
  </node>
  <node id="2170331116" lat="25.0772346" lon="121.5753648">
    <tag k="bus" v="yes" />
    <tag k="highway" v="bus_stop" />
    <tag k="name" v="內湖運動中心" />
    <tag k="name:en" v="Neihu Sport Centre" />
    <tag k="name:ja" v="內湖運動センター" />
    <tag k="name:zh" v="內湖運動中心" />
    <tag k="network" v="臺北市市區公車" />
    <tag k="network:en" v="Taipei Joint Bus System" />
    <tag k="network:nan" v="Tâi-pak-chhī Chhī-khu Kong-chhia" />
    <tag k="network:nan-Hant" v="臺北市市區公車" />
    <tag k="network:nan-Latn-pehoeji" v="Tâi-pak-chhī Chhī-khu Kong-chhia" />
    <tag k="network:nan-Latn-tailo" v="Tâi-pak-tshiī Tshī-khu Kong-tshia" />
    <tag k="network:wikidata" v="Q5972821" />
    <tag k="network:zh" v="臺北市市區公車" />
    <tag k="public_transport" v="platform" />
  </node>
  <node id="2171139389" lat="25.0759889" lon="121.5749986">
    <tag k="addr:city" v="臺北市" />
    <tag k="addr:country" v="TW" />
    <tag k="addr:district" v="內湖區" />
    <tag k="addr:full" v="臺北市內湖區港墘路183、185號1樓" />
    <tag k="addr:housenumber" v="183" />
    <tag k="addr:postcode" v="114" />
    <tag k="addr:street" v="港墘路" />
    <tag k="amenity" v="bank" />
    <tag k="branch" v="西湖分行" />
    <tag k="brand" v="臺灣土地銀行" />
    <tag k="brand:en" v="Land Bank of Taiwan" />
    <tag k="brand:wikidata" v="Q717592" />
    <tag k="brand:zh" v="臺灣土地銀行" />
    <tag k="name" v="臺灣土地銀行" />
    <tag k="name:en" v="Land Bank of Taiwan" />
    <tag k="name:hak" v="Thòi-vân Thú-thi Ngiùn-hòng" />
    <tag k="name:nan" v="Tâi-oân Thó͘-tē Gîn-hâng" />
    <tag k="name:nan-Hant" v="臺灣土地銀行" />
    <tag k="name:nan-Latn-pehoeji" v="Tâi-oân Thó͘-tē Gîn-hâng" />
    <tag k="name:nan-Latn-tailo" v="Tâi-uân Thóo-tē Gîn-hâng" />
    <tag k="name:zh" v="臺灣土地銀行" />
    <tag k="nat_ref" v="10010051208" />
    <tag k="phone" v="+886 2 2659 9888" />
    <tag k="ref" v="51208" />
    <tag k="source" v="金管會" />
    <tag k="source:date" v="2017-08-31" />
  </node>
  <node id="2513642030" lat="25.0772048" lon="121.5754062">
    <tag k="bus" v="yes" />
    <tag k="name" v="內湖運動中心" />
    <tag k="name:en" v="Neihu Sport Centre" />
    <tag k="name:ja" v="內湖運動センター" />
    <tag k="name:zh" v="內湖運動中心" />
    <tag k="network" v="臺北市公車" />
    <tag k="public_transport" v="stop_position" />
  </node>
  <node id="2513642031" lat="25.0769332" lon="121.5739631" />
  <node id="2517390872" lat="25.0772097" lon="121.5732738">
    <tag k="bus" v="yes" />
    <tag k="highway" v="bus_stop" />
    <tag k="name" v="瑞光港墘路口" />
    <tag k="name:en" v="Ruiguang &amp; Gangqian Intersection" />
    <tag k="name:zh" v="瑞光港墘路口" />
    <tag k="network" v="臺北市市區公車" />
    <tag k="network:en" v="Taipei Joint Bus System" />
    <tag k="network:nan" v="Tâi-pak-chhī Chhī-khu Kong-chhia" />
    <tag k="network:nan-Hant" v="臺北市市區公車" />
    <tag k="network:nan-Latn-pehoeji" v="Tâi-pak-chhī Chhī-khu Kong-chhia" />
    <tag k="network:nan-Latn-tailo" v="Tâi-pak-tshiī Tshī-khu Kong-tshia" />
    <tag k="network:wikidata" v="Q5972821" />
    <tag k="network:zh" v="臺北市市區公車" />
    <tag k="old_name" v="臺北花市 (瑞光)" />
    <tag k="public_transport" v="platform" />
  </node>
  <node id="2517658895" lat="25.0970812" lon="121.5417590">
    <tag k="bench" v="yes" />
    <tag k="bus" v="yes" />
    <tag k="description" v="至善路、臨溪路口西側" />
    <tag k="highway" v="bus_stop" />
    <tag k="name" v="東吳大學(錢穆故居)" />
    <tag k="name:en" v="Soochow U.(Chien Mu House)" />
    <tag k="name:zh" v="東吳大學(錢穆故居)" />
    <tag k="name:zh-Hans" v="东吴大学(钱穆故居)" />
    <tag k="name:zh-Hant" v="東吳大學(錢穆故居)" />
    <tag k="network" v="臺北市市區公車" />
    <tag k="network:en" v="Taipei Joint Bus System" />
    <tag k="network:nan" v="Tâi-pak-chhī Chhī-khu Kong-chhia" />
    <tag k="network:nan-Hant" v="臺北市市區公車" />
    <tag k="network:nan-Latn-pehoeji" v="Tâi-pak-chhī Chhī-khu Kong-chhia" />
    <tag k="network:nan-Latn-tailo" v="Tâi-pak-tshiī Tshī-khu Kong-tshia" />
    <tag k="network:wikidata" v="Q5972821" />
    <tag k="network:zh" v="臺北市市區公車" />
    <tag k="passenger_information_display" v="yes" />
    <tag k="public_transport" v="platform" />
    <tag k="ref" v="729" />
    <tag k="shelter" v="yes" />
    <tag k="wheelchair" v="yes" />
  </node>
  <node id="2517658898" lat="25.0974319" lon="121.5411163">
    <tag k="bench" v="yes" />
    <tag k="bus" v="yes" />
    <tag k="description" v="至善路一段139號同向" />
    <tag k="highway" v="bus_stop" />
    <tag k="name" v="東吳大學(錢穆故居)" />
    <tag k="name:en" v="Soochow U.(Chien Mu House)" />
    <tag k="name:zh" v="東吳大學(錢穆故居)" />
    <tag k="name:zh-Hans" v="东吴大学(钱穆故居)" />
    <tag k="name:zh-Hant" v="東吳大學(錢穆故居)" />
    <tag k="network" v="臺北市市區公車" />
    <tag k="network:en" v="Taipei Joint Bus System" />
    <tag k="network:nan" v="Tâi-pak-chhī Chhī-khu Kong-chhia" />
    <tag k="network:nan-Hant" v="臺北市市區公車" />
    <tag k="network:nan-Latn-pehoeji" v="Tâi-pak-chhī Chhī-khu Kong-chhia" />
    <tag k="network:nan-Latn-tailo" v="Tâi-pak-tshiī Tshī-khu Kong-tshia" />
    <tag k="network:wikidata" v="Q5972821" />
    <tag k="network:zh" v="臺北市市區公車" />
    <tag k="passenger_information_display" v="yes" />
    <tag k="public_transport" v="platform" />
    <tag k="ref" v="728" />
    <tag k="shelter" v="yes" />
    <tag k="wheelchair" v="yes" />
  </node>
  <node id="2517658912" lat="25.0972163" lon="121.5401776">
    <tag k="bench" v="yes" />
    <tag k="bus" v="yes" />
    <tag k="description" v="至善路一段138巷3弄對向" />
    <tag k="highway" v="bus_stop" />
    <tag k="name" v="梅林新村" />
    <tag k="name:en" v="Meilin New Village" />
    <tag k="name:zh" v="梅林新村" />
    <tag k="name:zh-Hans" v="梅林新村" />
    <tag k="name:zh-Hant" v="梅林新村" />
    <tag k="network" v="臺北市市區公車" />
    <tag k="network:en" v="Taipei Joint Bus System" />
    <tag k="network:nan" v="Tâi-pak-chhī Chhī-khu Kong-chhia" />
    <tag k="network:nan-Hant" v="臺北市市區公車" />
    <tag k="network:nan-Latn-pehoeji" v="Tâi-pak-chhī Chhī-khu Kong-chhia" />
    <tag k="network:nan-Latn-tailo" v="Tâi-pak-tshiī Tshī-khu Kong-tshia" />
    <tag k="network:wikidata" v="Q5972821" />
    <tag k="network:zh" v="臺北市市區公車" />
    <tag k="passenger_information_display" v="yes" />
    <tag k="public_transport" v="platform" />
    <tag k="ref" v="805" />
    <tag k="shelter" v="yes" />
  </node>
  <node id="2517658915" lat="25.0975445" lon="121.5401909">
    <tag k="bench" v="yes" />
    <tag k="bin" v="yes" />
    <tag k="bus" v="yes" />
    <tag k="description" v="至善路一段138巷對向" />
    <tag k="highway" v="bus_stop" />
    <tag k="name" v="梅林新村" />
    <tag k="name:en" v="Meilin New Village" />
    <tag k="name:zh" v="梅林新村" />
    <tag k="name:zh-Hans" v="梅林新村" />
    <tag k="name:zh-Hant" v="梅林新村" />
    <tag k="network" v="臺北市市區公車" />
    <tag k="network:en" v="Taipei Joint Bus System" />
    <tag k="network:nan" v="Tâi-pak-chhī Chhī-khu Kong-chhia" />
    <tag k="network:nan-Hant" v="臺北市市區公車" />
    <tag k="network:nan-Latn-pehoeji" v="Tâi-pak-chhī Chhī-khu Kong-chhia" />
    <tag k="network:nan-Latn-tailo" v="Tâi-pak-tshiī Tshī-khu Kong-tshia" />
    <tag k="network:wikidata" v="Q5972821" />
    <tag k="network:zh" v="臺北市市區公車" />
    <tag k="note" v="R30,S18,S19" />
    <tag k="passenger_information_display" v="yes" />
    <tag k="public_transport" v="platform" />
    <tag k="ref" v="807" />
    <tag k="shelter" v="yes" />
  </node>
  <node id="2687902117" lat="25.1392911" lon="121.5497811">
    <tag k="bench" v="no" />
    <tag k="bin" v="no" />
    <tag k="bus" v="yes" />
    <tag k="description" v="菁山路72巷同向" />
    <tag k="highway" v="bus_stop" />
    <tag k="lit" v="yes" />
    <tag k="name" v="淨水廠" />
    <tag k="name:en" v="Water Purification Plant" />
    <tag k="name:zh" v="淨水廠" />
    <tag k="name:zh-Hans" v="净水厂" />
    <tag k="name:zh-Hant" v="淨水廠" />
    <tag k="network" v="臺北市市區公車" />
    <tag k="network:en" v="Taipei Joint Bus System" />
    <tag k="network:nan" v="Tâi-pak-chhī Chhī-khu Kong-chhia" />
    <tag k="network:nan-Hant" v="臺北市市區公車" />
    <tag k="network:nan-Latn-pehoeji" v="Tâi-pak-chhī Chhī-khu Kong-chhia" />
    <tag k="network:nan-Latn-tailo" v="Tâi-pak-tshiī Tshī-khu Kong-tshia" />
    <tag k="network:wikidata" v="Q5972821" />
    <tag k="network:zh" v="臺北市市區公車" />
    <tag k="public_transport" v="platform" />
    <tag k="ref" v="808" />
    <tag k="shelter" v="no" />
  </node>
  <node id="2687902442" lat="25.1390508" lon="121.5495510">
    <tag k="bench" v="no" />
    <tag k="bin" v="no" />
    <tag k="bus" v="yes" />
    <tag k="description" v="菁山路72巷口左側" />
    <tag k="highway" v="bus_stop" />
    <tag k="lit" v="yes" />
    <tag k="name" v="淨水廠" />
    <tag k="name:en" v="Water Purification Plant" />
    <tag k="name:zh" v="淨水廠" />
    <tag k="name:zh-Hans" v="净水厂" />
    <tag k="name:zh-Hant" v="淨水廠" />
    <tag k="network" v="臺北市市區公車" />
    <tag k="network:en" v="Taipei Joint Bus System" />
    <tag k="network:nan" v="Tâi-pak-chhī Chhī-khu Kong-chhia" />
    <tag k="network:nan-Hant" v="臺北市市區公車" />
    <tag k="network:nan-Latn-pehoeji" v="Tâi-pak-chhī Chhī-khu Kong-chhia" />
    <tag k="network:nan-Latn-tailo" v="Tâi-pak-tshiī Tshī-khu Kong-tshia" />
    <tag k="network:wikidata" v="Q5972821" />
    <tag k="network:zh" v="臺北市市區公車" />
    <tag k="public_transport" v="platform" />
    <tag k="ref" v="14419" />
    <tag k="shelter" v="no" />
  </node>
  <node id="3028836268" lat="25.0944259" lon="121.5370473" />
  <node id="3028836269" lat="25.0937360" lon="121.5377232" />
  <node id="3028836270" lat="25.0936972" lon="121.5385064" />
  <node id="3028836271" lat="25.0949603" lon="121.5375945" />
  <node id="3028836272" lat="25.0945425" lon="121.5382275" />
  <node id="3028836273" lat="25.0965440" lon="121.5379163" />
  <node id="3028836274" lat="25.0964177" lon="121.5383455" />
  <node id="3028836275" lat="25.0956598" lon="121.5384206" />
  <node id="3028836276" lat="25.0952809" lon="121.5385493" />
  <node id="3028836277" lat="25.0950477" lon="121.5386137" />
  <node id="3028836278" lat="25.0942315" lon="121.5369615" />
  <node id="3310507654" lat="25.0760102" lon="121.5746289">
    <tag k="bus" v="yes" />
    <tag k="departures_board" v="realtime" />
    <tag k="highway" v="bus_stop" />
    <tag k="name" v="港墘路" />
    <tag k="name:en" v="Gangqian Rd." />
    <tag k="name:zh" v="港墘路" />
    <tag k="network" v="臺北市市區公車" />
    <tag k="network:en" v="Taipei Joint Bus System" />
    <tag k="network:nan" v="Tâi-pak-chhī Chhī-khu Kong-chhia" />
    <tag k="network:nan-Hant" v="臺北市市區公車" />
    <tag k="network:nan-Latn-pehoeji" v="Tâi-pak-chhī Chhī-khu Kong-chhia" />
    <tag k="network:nan-Latn-tailo" v="Tâi-pak-tshiī Tshī-khu Kong-tshia" />
    <tag k="network:wikidata" v="Q5972821" />
    <tag k="network:zh" v="臺北市市區公車" />
    <tag k="public_transport" v="platform" />
    <tag k="source" v="PTX" />
    <tag k="source:date" v="2018-01-30T04:04:24+08:00" />
  </node>
  <node id="3617272290" lat="25.0759450" lon="121.5750660">
    <tag k="name" v="Krusell" />
    <tag k="shop" v="yes" />
  </node>
  <node id="3788362958" lat="25.0832421" lon="121.5615809" />
  <node id="3788362959" lat="25.0837165" lon="121.5622650" />
  <node id="3788362960" lat="25.0826120" lon="121.5644673" />
  <node id="3788362961" lat="25.0824502" lon="121.5648062" />
  <node id="3788362962" lat="25.0822995" lon="121.5652745" />
  <node id="3788362963" lat="25.0821879" lon="121.5656751" />
  <node id="3788362964" lat="25.0820651" lon="121.5661619" />
  <node id="3788362965" lat="25.0820149" lon="121.5667411" />
  <node id="3788362966" lat="25.0819925" lon="121.5686021" />
  <node id="3788362967" lat="25.0819479" lon="121.5689102" />
  <node id="3788362968" lat="25.0818977" lon="121.5691690" />
  <node id="3788362969" lat="25.0814194" lon="121.5708414" />
  <node id="3788362972" lat="25.0775602" lon="121.5728394" />
  <node id="3788362974" lat="25.0767339" lon="121.5741160" />
  <node id="3788362975" lat="25.0762419" lon="121.5750022" />
  <node id="3788362976" lat="25.0755738" lon="121.5760995" />
  <node id="3788362977" lat="25.0744899" lon="121.5777863" />
  <node id="3788362978" lat="25.0737911" lon="121.5788976" />
  <node id="3788362979" lat="25.0736308" lon="121.5791453" />
  <node id="3788362980" lat="25.0732984" lon="121.5794637" />
  <node id="3788362981" lat="25.0722158" lon="121.5806468" />
  <node id="3788362982" lat="25.0713651" lon="121.5814558" />
  <node id="3788362983" lat="25.0707365" lon="121.5821200" />
  <node id="3788362984" lat="25.0697107" lon="121.5832100" />
  <node id="3788362985" lat="25.0689573" lon="121.5840541" />
  <node id="3788362986" lat="25.0688652" lon="121.5840408" />
  <node id="3788362987" lat="25.0688099" lon="121.5840001" />
  <node id="3788362988" lat="25.0687017" lon="121.5835985" />
  <node id="3788362989" lat="25.0684397" lon="121.5826482" />
  <node id="3788362990" lat="25.0688291" lon="121.5818404" />
  <node id="3788362991" lat="25.0691657" lon="121.5809096" />
  <node id="3788362992" lat="25.0695985" lon="121.5796638" />
  <node id="3788362993" lat="25.0705282" lon="121.5764112" />
  <node id="3788362994" lat="25.0708520" lon="121.5749637" />
  <node id="3788362995" lat="25.0715702" lon="121.5746397" />
  <node id="3788362996" lat="25.0720356" lon="121.5744044" />
  <node id="3788362997" lat="25.0723000" lon="121.5742295" />
  <node id="3788362998" lat="25.0730351" lon="121.5737285" />
  <node id="3788362999" lat="25.0745000" lon="121.5726349" />
  <node id="3788363000" lat="25.0746411" lon="121.5725535" />
  <node id="3788363001" lat="25.0762728" lon="121.5714316" />
  <node id="3788363002" lat="25.0765420" lon="121.5712299" />
  <node id="3788363003" lat="25.0767472" lon="121.5710211" />
  <node id="3788363004" lat="25.0769491" lon="121.5707379" />
  <node id="3788363005" lat="25.0771283" lon="121.5703226" />
  <node id="3788363006" lat="25.0775577" lon="121.5688717" />
  <node id="3788363007" lat="25.0781489" lon="121.5667189" />
  <node id="3788363008" lat="25.0788148" lon="121.5646788" />
  <node id="3788363009" lat="25.0791642" lon="121.5641869" />
  <node id="3788363010" lat="25.0803246" lon="121.5631180" />
  <node id="3788363011" lat="25.0807349" lon="121.5627783" />
  <node id="3788363012" lat="25.0814209" lon="121.5624102" />
  <node id="5292884669" lat="25.0778205" lon="121.5752223" />
  <node id="5292884670" lat="25.0782593" lon="121.5754676" />
  <node id="5317107882" lat="25.0689161" lon="121.5840546" />
  <node id="5317107883" lat="25.0688315" lon="121.5840293" />
  <node id="5335550319" lat="25.0773734" lon="121.5727550" />
  <node id="5335550320" lat="25.0772612" lon="121.5729175" />
  <node id="5564466798" lat="25.0820176" lon="121.5667096" />
  <node id="5564466961" lat="25.0820796" lon="121.5661043" />
  <node id="5564466962" lat="25.0820606" lon="121.5662137" />
  <node id="5564467355" lat="25.0801627" lon="121.5632671" />
  <node id="5565144013" lat="25.0710480" lon="121.5748753" />
  <node id="5565144014" lat="25.0711062" lon="121.5748490" />
  <node id="5565144015" lat="25.0710870" lon="121.5748577" />
  <node id="5565144016" lat="25.0710291" lon="121.5748838" />
  <node id="5565144017" lat="25.0710350" lon="121.5748811" />
  <node id="5737819159" lat="25.0803284" lon="121.5740229" />
  <node id="5749271313" lat="25.0774620" lon="121.5731574">
    <tag k="information" v="map" />
    <tag k="map_type" v="yes" />
    <tag k="tourism" v="information" />
  </node>
  <node id="5749271316" lat="25.0772945" lon="121.5735863">
    <tag k="information" v="guidepost" />
    <tag k="tourism" v="information" />
  </node>
  <node id="5749271317" lat="25.0771645" lon="121.5740509">
    <tag k="information" v="guidepost" />
    <tag k="tourism" v="information" />
  </node>
  <node id="5776480510" lat="25.0770573" lon="121.5742977">
    <tag k="addr:city" v="臺北市" />
    <tag k="addr:country" v="TW" />
    <tag k="addr:district" v="內湖區" />
    <tag k="addr:floor" v="12" />
    <tag k="addr:full" v="114063臺北市內湖區瑞光路333號12樓/ 臺北市內湖區瑞光路399號13樓 / 臺北市中山德惠街9號9樓" />
    <tag k="addr:housenumber" v="333" />
    <tag k="addr:postcode" v="114063" />
    <tag k="addr:street" v="瑞光路" />
    <tag k="amenity" v="bank" />
    <tag k="branch" v="信託業務專責部門" />
    <tag k="brand" v="星展銀行" />
    <tag k="brand:en" v="DBS Bank" />
    <tag k="brand:wikidata" v="Q705417" />
    <tag k="brand:zh" v="星展銀行" />
    <tag k="name" v="星展（台灣）商業銀行" />
    <tag k="name:en" v="DBS Bank Taiwan" />
    <tag k="name:zh" v="星展（台灣）商業銀行" />
    <tag k="nat_ref" v="10018100434" />
    <tag k="operator" v="星展(台灣)商業銀行股份有限公司" />
    <tag k="phone" v="+886 2 6612 9415" />
    <tag k="ref" v="8100434" />
    <tag k="source" v="金融監督管理委員會" />
    <tag k="source:date" v="2023-05-29" />
    <tag k="website" v="https://www.dbs.com.tw/personal-zh/default.page" />
  </node>
  <node id="5776480525" lat="25.0758300" lon="121.5743319">
    <tag k="addr:city" v="臺北市" />
    <tag k="addr:country" v="TW" />
    <tag k="addr:district" v="內湖區" />
    <tag k="addr:full" v="臺北市港墘路202號" />
    <tag k="addr:housenumber" v="202" />
    <tag k="addr:postcode" v="114" />
    <tag k="addr:street" v="港墘路" />
    <tag k="amenity" v="bank" />
    <tag k="branch" v="東內湖分行" />
    <tag k="brand" v="兆豐國際商業銀行" />
    <tag k="brand:en" v="Mega International Commercial Bank" />
    <tag k="brand:wikidata" v="Q709757" />
    <tag k="brand:wikipedia" v="en:Mega International Commercial Bank" />
    <tag k="brand:zh" v="兆豐國際商業銀行" />
    <tag k="name" v="兆豐國際商業銀行" />
    <tag k="name:en" v="Mega International Commercial Bank" />
    <tag k="name:nan" v="Tiāu-hong Kok-chè Siong-gia̍p Gîn-hâng" />
    <tag k="name:nan-Hant" v="兆豐國際商業銀行" />
    <tag k="name:nan-Latn-pehoeji" v="Tiāu-hong Kok-chè Siong-gia̍p Gîn-hâng" />
    <tag k="name:nan-Latn-tailo" v="Tiāu-hong Kok-tsè Siong-gia̍p Gîn-hâng" />
    <tag k="name:zh" v="兆豐國際商業銀行" />
    <tag k="nat_ref" v="10010170675" />
    <tag k="phone" v="+886 2 2627 5699" />
    <tag k="ref" v="170675" />
    <tag k="source" v="金管會" />
    <tag k="source:date" v="2017-08-31" />
  </node>
  <node id="5776480539" lat="25.0756720" lon="121.5748600">
    <tag k="addr:city" v="臺北市" />
    <tag k="addr:country" v="TW" />
    <tag k="addr:district" v="內湖區" />
    <tag k="addr:full" v="臺北市內湖區港墘路189號1樓" />
    <tag k="addr:housenumber" v="189" />
    <tag k="addr:postcode" v="114" />
    <tag k="addr:street" v="港墘路" />
    <tag k="amenity" v="bank" />
    <tag k="branch" v="內湖分行" />
    <tag k="brand" v="元大商業銀行" />
    <tag k="brand:en" v="Yuanta Commercial Bank" />
    <tag k="brand:wikidata" v="Q10889602" />
    <tag k="brand:zh" v="元大商業銀行" />
    <tag k="name" v="元大商業銀行" />
    <tag k="name:en" v="Yuanta Commercial Bank" />
    <tag k="name:nan" v="Goân-tāi Siong-gia̍p Gûn-hâng" />
    <tag k="name:nan-Hant" v="元大商業銀行" />
    <tag k="name:nan-Latn-pehoeji" v="Goân-tāi Siong-gia̍p Gûn-hâng" />
    <tag k="name:nan-Latn-tailo" v="Guân-tāi Siong-gia̍p Gûn-hâng" />
    <tag k="name:zh" v="元大商業銀行" />
    <tag k="nat_ref" v="10018060585" />
    <tag k="phone" v="+886 2 8751 8759" />
    <tag k="ref" v="8060585" />
    <tag k="source" v="金管會" />
    <tag k="source:date" v="2017-08-31" />
  </node>
  <node id="6130571554" lat="25.0983350" lon="121.5386690">
    <tag k="amenity" v="drinking_water" />
    <tag k="bottle" v="yes" />
    <tag k="contact:phone" v="+886 2 2881 2912" />
    <tag k="description" v="臺北市士林區至善路一段，至善公園至善路停車場旁" />
    <tag k="description:covid19" v="至2021-11-30二級、三級警戒期間都不開放使用" />
    <tag k="fee" v="no" />
    <tag k="is_in" v="臺北市" />
    <tag k="is_in:district" v="士林" />
    <tag k="opening_hours" v="24/7" />
    <tag k="operator" v="工務局公園處" />
    <tag k="ref" v="0877" />
    <tag k="source" v="台北自來水事業處" />
    <tag k="source:date" v="2018-11-08 10:30:00" />
    <tag k="source:department" v="公園處" />
    <tag k="source:devision" v="陽明" />
    <tag k="source:type" v="公園" />
    <tag k="source:url" v="https://data.taipei/dataset/detail/metadata?id=155999f2-3c5d-486b-af58-d7f4c0b0a4c9" />
    <tag k="start_date" v="2017-07-03 10:00:00" />
  </node>
  <node id="6766839504" lat="25.0766884" lon="121.5739912" />
  <node id="6766839505" lat="25.0765144" lon="121.5743561" />
  <node id="6766839506" lat="25.0757945" lon="121.5739190" />
  <node id="6766839507" lat="25.0756325" lon="121.5742209" />
  <node id="6766839508" lat="25.0755156" lon="121.5741396" />
  <node id="6766839509" lat="25.0754677" lon="121.5740471" />
  <node id="6766839510" lat="25.0755626" lon="121.5739516" />
  <node id="6766839511" lat="25.0756417" lon="121.5738215" />
  <node id="6766839512" lat="25.0757356" lon="121.5738652" />
  <node id="6766839513" lat="25.0759290" lon="121.5735450" />
  <node id="6766839514" lat="25.0765053" lon="121.5739968">
    <tag k="addr:city" v="臺北市" />
    <tag k="addr:country" v="TW" />
    <tag k="addr:district" v="內湖區" />
    <tag k="addr:floor" v="1" />
    <tag k="addr:full" v="114063臺北市內湖區瑞光路316巷1號" />
    <tag k="addr:housenumber" v="1" />
    <tag k="addr:postcode" v="114063" />
    <tag k="addr:street" v="瑞光路316巷" />
    <tag k="alt_name" v="中華郵政;郵局" />
    <tag k="amenity" v="post_office" />
    <tag k="atm" v="yes" />
    <tag k="branch" v="臺北156支" />
    <tag k="currency:TWD" v="only" />
    <tag k="fax" v="+886 2 2627 7424" />
    <tag k="name" v="內湖江南郵局" />
    <tag k="name:en" v="Neihu Jiangnan Post Office" />
    <tag k="name:zh" v="內湖江南郵局" />
    <tag k="opening_hours" v="Mo-Fr 08:30-17:00" />
    <tag k="operator" v="中華郵政" />
    <tag k="operator:en" v="Chunghwa Post" />
    <tag k="operator:nan" v="Tiong-hôa Iû-chèng" />
    <tag k="operator:nan-Hant" v="中華郵政" />
    <tag k="operator:nan-Latn-pehoeji" v="Tiong-hôa Iû-chèng" />
    <tag k="operator:nan-Latn-tailo" v="Tiong-huâ Iû-tsìng" />
    <tag k="operator:wikidata" v="Q709259" />
    <tag k="operator:zh" v="中華郵政" />
    <tag k="phone" v="+886 2 2657 2428" />
    <tag k="source" v="中華郵政股份有限公司" />
    <tag k="source:date" v="2026-04-10" />
    <tag k="source:url" v="https://data.gov.tw/dataset/5950" />
    <tag k="website" v="https://www.post.gov.tw/" />
  </node>
  <node id="6780767811" lat="25.0758316" lon="121.5732477">
    <tag k="alt_name" v="統一超商" />
    <tag k="brand" v="7-Eleven" />
    <tag k="brand:en" v="7-Eleven" />
    <tag k="brand:wikidata" v="Q259340" />
    <tag k="brand:wikipedia" v="en:7-Eleven" />
    <tag k="name" v="7-Eleven" />
    <tag k="shop" v="convenience" />
  </node>
  <node id="6796402426" lat="25.0771016" lon="121.5729521">
    <tag k="brand" v="Lexus" />
    <tag k="brand:wikidata" v="Q35919" />
    <tag k="brand:wikipedia" v="en:Lexus" />
    <tag k="name" v="Lexus" />
    <tag k="shop" v="car" />
    <tag k="website" v="https://www.lexus.com.tw/" />
  </node>
  <node id="7099547185" lat="25.1390299" lon="121.5491053" />
  <node id="7099547186" lat="25.1390444" lon="121.5491053" />
  <node id="7099547187" lat="25.1390942" lon="121.5492596" />
  <node id="7099547188" lat="25.1392193" lon="121.5497182" />
  <node id="7099547189" lat="25.1394706" lon="121.5502815" />
  <node id="7099547190" lat="25.1396660" lon="121.5501863" />
  <node id="7099547191" lat="25.1396454" lon="121.5501071" />
  <node id="7099547193" lat="25.1396713" lon="121.5499617" />
  <node id="7099547197" lat="25.1396660" lon="121.5497960" />
  <node id="7099547198" lat="25.1400303" lon="121.5495922" />
  <node id="7099547199" lat="25.1399258" lon="121.5492086" />
  <node id="7099547200" lat="25.1398967" lon="121.5490758" />
  <node id="7099547201" lat="25.1398093" lon="121.5489082" />
  <node id="7099547202" lat="25.1398372" lon="121.5488814" />
  <node id="7099547203" lat="25.1398457" lon="121.5488452" />
  <node id="7099547204" lat="25.1396782" lon="121.5485850" />
  <node id="7099547206" lat="25.1396017" lon="121.5486145" />
  <node id="7099547207" lat="25.1393771" lon="121.5487567" />
  <node id="7099547208" lat="25.1393516" lon="121.5488143" />
  <node id="7099547209" lat="25.1391233" lon="121.5489458" />
  <node id="7099547210" lat="25.1391258" lon="121.5489873" />
  <node id="7099547211" lat="25.1390651" lon="121.5490276" />
  <node id="7099547212" lat="25.1390359" lon="121.5490571" />
  <node id="7099547213" lat="25.1390129" lon="121.5490705" />
  <node id="8065893248" lat="25.0770421" lon="121.5755137">
    <tag k="air_conditioning" v="yes" />
    <tag k="amenity" v="restaurant" />
    <tag k="cuisine" v="ramen" />
    <tag k="name" v="雞湯桑" />
    <tag k="opening_hours" v="11:30-21:30" />
    <tag k="outdoor_seating" v="no" />
    <tag k="takeaway" v="yes" />
    <tag k="toilets" v="yes" />
    <tag k="toilets:wheelchair" v="no" />
    <tag k="wheelchair" v="yes" />
  </node>
  <node id="8065893249" lat="25.0770256" lon="121.5755014">
    <tag k="amenity" v="restaurant" />
    <tag k="cuisine" v="vietnamese" />
    <tag k="name" v="初越越南河粉" />
    <tag k="toilets:wheelchair" v="no" />
    <tag k="wheelchair" v="yes" />
  </node>
  <node id="8065893250" lat="25.0769776" lon="121.5754753">
    <tag k="amenity" v="restaurant" />
    <tag k="cuisine" v="chinese" />
    <tag k="name" v="周董燒肉飯" />
  </node>
  <node id="8065893251" lat="25.0768158" lon="121.5753772">
    <tag k="amenity" v="restaurant" />
    <tag k="name" v="阿婧姑麻油雞" />
  </node>
  <node id="8065893252" lat="25.0767634" lon="121.5753456">
    <tag k="amenity" v="restaurant" />
    <tag k="name" v="霸王餛飩" />
  </node>
  <node id="8065893253" lat="25.0765618" lon="121.5752367">
    <tag k="amenity" v="restaurant" />
    <tag k="cuisine" v="chinese" />
    <tag k="diet:vegetarian" v="yes" />
    <tag k="name" v="全國健康素食" />
  </node>
  <node id="8065893254" lat="25.0765088" lon="121.5751948">
    <tag k="amenity" v="restaurant" />
    <tag k="name" v="東葉豬腳飯" />
  </node>
  <node id="8118207181" lat="25.0762315" lon="121.5755278">
    <tag k="alt_name" v="統一超商" />
    <tag k="brand" v="7-Eleven" />
    <tag k="brand:en" v="7-Eleven" />
    <tag k="brand:wikidata" v="Q259340" />
    <tag k="brand:wikipedia" v="en:7-Eleven" />
    <tag k="name" v="7-Eleven" />
    <tag k="payment:ep_easycard" v="yes" />
    <tag k="payment:ep_ipass" v="yes" />
    <tag k="shop" v="convenience" />
  </node>
  <node id="8889580908" lat="25.0975500" lon="121.5403600">
    <tag k="alt_name" v="YouBike2.0_梅林新村" />
    <tag k="alt_name:en" v="YouBike2.0_Meilin New Village" />
    <tag k="alt_name:zh" v="YouBike2.0_梅林新村" />
    <tag k="alt_name:zh-Bopo" v="YouBike2.0_ㄇㄟˊㄌㄧㄣˊㄒㄧㄣㄘㄨㄣ" />
    <tag k="alt_name:zh-Hans" v="YouBike2.0_梅林新村" />
    <tag k="alt_name:zh-Hant" v="YouBike2.0_梅林新村" />
    <tag k="alt_name:zh-Latn-pinyin" v="YouBike2.0_méilínxīncūn" />
    <tag k="amenity" v="bicycle_rental" />
    <tag k="authentication:app" v="yes" />
    <tag k="authentication:contactless" v="yes" />
    <tag k="authentication:membership_card" v="yes" />
    <tag k="bicycle_rental" v="docking_station" />
    <tag k="brand" v="YouBike 2.0" />
    <tag k="brand:en" v="YouBike 2.0" />
    <tag k="brand:wikidata" v="Q20687952" />
    <tag k="brand:wikipedia" v="en:YouBike" />
    <tag k="brand:zh" v="微笑單車2.0" />
    <tag k="capacity" v="25" />
    <tag k="description" v="至善路一段/至善路一段138巷(北側)" />
    <tag k="description:en" v="Sec. 1, Zhishan Rd &amp; Ln. 138, Sec. 1, Zhishan Rd (North)" />
    <tag k="description:zh" v="至善路一段/至善路一段138巷(北側)" />
    <tag k="description:zh-Hans" v="至善路一段/至善路一段138巷(北侧)" />
    <tag k="description:zh-Hant" v="至善路一段/至善路一段138巷(北側)" />
    <tag k="fee" v="yes" />
    <tag k="name" v="梅林新村" />
    <tag k="name:en" v="Meilin New Village" />
    <tag k="name:zh" v="梅林新村" />
    <tag k="name:zh-Bopo" v="ㄇㄟˊㄌㄧㄣˊㄒㄧㄣㄘㄨㄣ" />
    <tag k="name:zh-Hans" v="梅林新村" />
    <tag k="name:zh-Hant" v="梅林新村" />
    <tag k="name:zh-Latn-pinyin" v="méilínxīncūn" />
    <tag k="nat_ref" v="TPE500104050" />
    <tag k="network" v="臺北市公共自行車租賃系統" />
    <tag k="network:en" v="Taipei City Public Bike" />
    <tag k="network:wikidata" v="Q20687952" />
    <tag k="network:zh" v="臺北市公共自行車租賃系統" />
    <tag k="opening_hours" v="24/7" />
    <tag k="operator" v="微笑單車股份有限公司" />
    <tag k="operator:en" v="YOUBIKE CO." />
    <tag k="operator:type" v="government" />
    <tag k="operator:wikidata" v="Q703557" />
    <tag k="operator:zh" v="微笑單車股份有限公司" />
    <tag k="payment:credit_cards" v="yes" />
    <tag k="payment:ep_easycard" v="yes" />
    <tag k="payment:ep_easywallet" v="yes" />
    <tag k="payment:ep_ipass" v="yes" />
    <tag k="payment:jcb" v="yes" />
    <tag k="payment:mastercard" v="yes" />
    <tag k="payment:visa" v="yes" />
    <tag k="ref" v="500104050" />
    <tag k="rental" v="city_bike" />
    <tag k="source" v="YouBike;臺北市政府" />
    <tag k="source:date" v="2021-07-02 16:22:20" />
    <tag k="start_date" v="2021-06-01 0:00" />
  </node>
  <node id="9141271471" lat="25.0952473" lon="121.5376528" />
  <node id="9200113313" lat="25.0769801" lon="121.5742704">
    <tag k="amenity" v="bank" />
    <tag k="branch" v="內科分行" />
    <tag k="brand" v="國泰世華商業銀行" />
    <tag k="brand:en" v="Cathay United Bank" />
    <tag k="brand:wikidata" v="Q702656" />
    <tag k="brand:wikipedia" v="en:Cathay United Bank" />
    <tag k="brand:zh" v="國泰世華商業銀行" />
    <tag k="name" v="國泰世華商業銀行" />
    <tag k="name:en" v="Cathay United Bank" />
    <tag k="name:nan" v="Kok-thài Sè-hoâ Siong-gia̍p Gîn-hâng" />
    <tag k="name:nan-Hant" v="國泰世華商業銀行" />
    <tag k="name:nan-Latn-pehoeji" v="Kok-thài Sè-hoâ Siong-gia̍p Gîn-hâng" />
    <tag k="name:nan-Latn-tailo" v="Kok-thài Sè-huâ Siong-gia̍p Gîn-hâng" />
    <tag k="name:zh" v="國泰世華商業銀行" />
    <tag k="note" v="原敦北分行" />
    <tag k="source_ref" v="https://finance.ettoday.net/news/2124368" />
  </node>
  <node id="9200113314" lat="25.0772743" lon="121.5750883">
    <tag k="brand" v="7-Eleven" />
    <tag k="brand:en" v="7-Eleven" />
    <tag k="brand:wikidata" v="Q259340" />
    <tag k="brand:wikipedia" v="en:7-Eleven" />
    <tag k="name" v="7-Eleven" />
    <tag k="shop" v="convenience" />
  </node>
  <node id="9360227646" lat="25.0970900" lon="121.5422900">
    <tag k="alt_name" v="YouBike2.0_至善臨溪路口" />
    <tag k="alt_name:en" v="YouBike2.0_Jhihshan Rd. &amp; Linsi Rd. Intersection" />
    <tag k="alt_name:zh" v="YouBike2.0_至善臨溪路口" />
    <tag k="alt_name:zh-Bopo" v="YouBike2.0_ㄓˋㄕㄢˋㄌㄧㄣˊㄒㄧㄌㄨˋㄎㄡˇ" />
    <tag k="alt_name:zh-Hans" v="YouBike2.0_至善临溪路口" />
    <tag k="alt_name:zh-Hant" v="YouBike2.0_至善臨溪路口" />
    <tag k="alt_name:zh-Latn-pinyin" v="YouBike2.0_zhìshànlínxīlùkǒu" />
    <tag k="amenity" v="bicycle_rental" />
    <tag k="authentication:app" v="yes" />
    <tag k="authentication:contactless" v="yes" />
    <tag k="authentication:membership_card" v="yes" />
    <tag k="bicycle_rental" v="docking_station" />
    <tag k="brand" v="YouBike 2.0" />
    <tag k="brand:en" v="YouBike 2.0" />
    <tag k="brand:wikidata" v="Q20687952" />
    <tag k="brand:wikipedia" v="en:YouBike" />
    <tag k="brand:zh" v="微笑單車2.0" />
    <tag k="capacity" v="48" />
    <tag k="description" v="至善路一段/臨溪路(西南側)" />
    <tag k="description:en" v="Sec. 1, Jhihshan Rd. &amp; Linsi Rd. Intersection (Southwest)" />
    <tag k="description:zh" v="至善路一段/臨溪路(西南側)" />
    <tag k="description:zh-Hans" v="至善路一段/临溪路(西南侧)" />
    <tag k="description:zh-Hant" v="至善路一段/臨溪路(西南側)" />
    <tag k="fee" v="yes" />
    <tag k="name" v="至善臨溪路口" />
    <tag k="name:en" v="Jhihshan Rd. &amp; Linsi Rd. Intersection" />
    <tag k="name:zh" v="至善臨溪路口" />
    <tag k="name:zh-Bopo" v="ㄓˋㄕㄢˋㄌㄧㄣˊㄒㄧㄌㄨˋㄎㄡˇ" />
    <tag k="name:zh-Hans" v="至善临溪路口" />
    <tag k="name:zh-Hant" v="至善臨溪路口" />
    <tag k="name:zh-Latn-pinyin" v="zhìshànlínxīlùkǒu" />
    <tag k="nat_ref" v="TPE500104077" />
    <tag k="network" v="臺北市公共自行車租賃系統" />
    <tag k="network:en" v="Taipei City Public Bike" />
    <tag k="network:wikidata" v="Q20687952" />
    <tag k="network:zh" v="臺北市公共自行車租賃系統" />
    <tag k="opening_hours" v="24/7" />
    <tag k="operator" v="微笑單車股份有限公司" />
    <tag k="operator:en" v="YOUBIKE CO." />
    <tag k="operator:type" v="government" />
    <tag k="operator:wikidata" v="Q703557" />
    <tag k="operator:zh" v="微笑單車股份有限公司" />
    <tag k="payment:credit_cards" v="yes" />
    <tag k="payment:ep_easycard" v="yes" />
    <tag k="payment:ep_easywallet" v="yes" />
    <tag k="payment:ep_ipass" v="yes" />
    <tag k="payment:jcb" v="yes" />
    <tag k="payment:mastercard" v="yes" />
    <tag k="payment:visa" v="yes" />
    <tag k="ref" v="500104077" />
    <tag k="rental" v="city_bike" />
    <tag k="source" v="PTX" />
    <tag k="source:date" v="2021-12-10T16:26:38+08:00" />
  </node>
  <node id="9363220338" lat="25.0761100" lon="121.5748700">
    <tag k="alt_name" v="YouBike2.0_瑞光港墘路口" />
    <tag k="alt_name:en" v="YouBike2.0_Rueiguang Rd. &amp; Gangcian Rd. Intersection" />
    <tag k="alt_name:zh" v="YouBike2.0_瑞光港墘路口" />
    <tag k="alt_name:zh-Bopo" v="YouBike2.0_ㄖㄨㄟˋㄍㄨㄤㄍㄤˇㄑㄧㄢˊㄌㄨˋㄎㄡˇ" />
    <tag k="alt_name:zh-Hans" v="YouBike2.0_瑞光港墘路口" />
    <tag k="alt_name:zh-Hant" v="YouBike2.0_瑞光港墘路口" />
    <tag k="alt_name:zh-Latn-pinyin" v="YouBike2.0_ruìguānggǎngqiánlùkǒu" />
    <tag k="amenity" v="bicycle_rental" />
    <tag k="authentication:app" v="yes" />
    <tag k="authentication:contactless" v="yes" />
    <tag k="authentication:membership_card" v="yes" />
    <tag k="bicycle_rental" v="docking_station" />
    <tag k="brand" v="YouBike 2.0" />
    <tag k="brand:en" v="YouBike 2.0" />
    <tag k="brand:wikidata" v="Q20687952" />
    <tag k="brand:wikipedia" v="en:YouBike" />
    <tag k="brand:zh" v="微笑單車2.0" />
    <tag k="capacity" v="30" />
    <tag k="description" v="港墘路185號前" />
    <tag k="description:en" v="No. 185, Gangcian Rd." />
    <tag k="description:zh" v="港墘路185號前" />
    <tag k="description:zh-Hans" v="港墘路185号前" />
    <tag k="description:zh-Hant" v="港墘路185號前" />
    <tag k="fee" v="yes" />
    <tag k="name" v="瑞光港墘路口" />
    <tag k="name:en" v="Rueiguang Rd. &amp; Gangcian Rd. Intersection" />
    <tag k="name:zh" v="瑞光港墘路口" />
    <tag k="name:zh-Bopo" v="ㄖㄨㄟˋㄍㄨㄤㄍㄤˇㄑㄧㄢˊㄌㄨˋㄎㄡˇ" />
    <tag k="name:zh-Hans" v="瑞光港墘路口" />
    <tag k="name:zh-Hant" v="瑞光港墘路口" />
    <tag k="name:zh-Latn-pinyin" v="ruìguānggǎngqiánlùkǒu" />
    <tag k="nat_ref" v="TPE500108083" />
    <tag k="network" v="臺北市公共自行車租賃系統" />
    <tag k="network:en" v="Taipei City Public Bike" />
    <tag k="network:wikidata" v="Q20687952" />
    <tag k="network:zh" v="臺北市公共自行車租賃系統" />
    <tag k="opening_hours" v="24/7" />
    <tag k="operator" v="微笑單車股份有限公司" />
    <tag k="operator:en" v="YOUBIKE CO." />
    <tag k="operator:type" v="government" />
    <tag k="operator:wikidata" v="Q703557" />
    <tag k="operator:zh" v="微笑單車股份有限公司" />
    <tag k="payment:credit_cards" v="yes" />
    <tag k="payment:ep_easycard" v="yes" />
    <tag k="payment:ep_easywallet" v="yes" />
    <tag k="payment:ep_ipass" v="yes" />
    <tag k="payment:jcb" v="yes" />
    <tag k="payment:mastercard" v="yes" />
    <tag k="payment:visa" v="yes" />
    <tag k="ref" v="500108083" />
    <tag k="rental" v="city_bike" />
    <tag k="source" v="PTX" />
    <tag k="source:date" v="2021-12-24T12:15:39+08:00" />
  </node>
  <node id="9625804714" lat="25.0770620" lon="121.5746090">
    <tag k="amenity" v="parcel_locker" />
    <tag k="brand" v="i郵箱" />
    <tag k="brand:en" v="iBox" />
    <tag k="brand:nan" v="i-iû-siuⁿ" />
    <tag k="brand:nan-Hant" v="i郵箱" />
    <tag k="brand:nan-Latn-pehoeji" v="i-iû-siuⁿ" />
    <tag k="brand:nan-Latn-tailo" v="i-iû-siunn" />
    <tag k="brand:wikidata" v="Q4375439" />
    <tag k="brand:zh" v="i郵箱" />
    <tag k="brand:zh-Hans" v="i邮箱" />
    <tag k="brand:zh-Hant" v="i郵箱" />
    <tag k="capacity" v="40" />
    <tag k="description" v="11400臺北市內湖區瑞光路335號，1樓咖啡廳前方左側隔間" />
    <tag k="description:payment" v="郵政金融卡/悠遊卡/一卡通/愛金卡" />
    <tag k="name" v="內湖宏匯瑞光廣場i郵箱" />
    <tag k="note" v="四代櫃(智慧郵筒)" />
    <tag k="opening_hours" v="24/7" />
    <tag k="operator" v="中華郵政" />
    <tag k="operator:en" v="Chunghwa Post" />
    <tag k="operator:nan" v="Tiong-hôa Iû-chèng" />
    <tag k="operator:nan-Hant" v="中華郵政" />
    <tag k="operator:nan-Latn-pehoeji" v="Tiong-hôa Iû-chèng" />
    <tag k="operator:nan-Latn-tailo" v="Tiong-huâ Iû-tsìng" />
    <tag k="operator:wikidata" v="Q709259" />
    <tag k="operator:wikipedia" v="zh:中華郵政" />
    <tag k="operator:zh" v="中華郵政" />
    <tag k="operator:zh-Hans" v="中华邮政" />
    <tag k="operator:zh-Hant" v="中華郵政" />
    <tag k="parcel_mail_in" v="yes" />
    <tag k="parcel_pickup" v="yes" />
    <tag k="payment:ep_easycard" v="yes" />
    <tag k="payment:ep_icash" v="yes" />
    <tag k="payment:ep_ipass" v="yes" />
    <tag k="refrigerated" v="no" />
    <tag k="source" v="中華郵政" />
    <tag k="source:date" v="2021-10-05 16:58" />
    <tag k="source:url" v="https://data.gov.tw/dataset/52779" />
  </node>
  <node id="9625810390" lat="25.0764920" lon="121.5739250">
    <tag k="amenity" v="parcel_locker" />
    <tag k="brand" v="i郵箱" />
    <tag k="brand:en" v="iBox" />
    <tag k="brand:nan" v="i-iû-siuⁿ" />
    <tag k="brand:nan-Hant" v="i郵箱" />
    <tag k="brand:nan-Latn-pehoeji" v="i-iû-siuⁿ" />
    <tag k="brand:nan-Latn-tailo" v="i-iû-siunn" />
    <tag k="brand:wikidata" v="Q4375439" />
    <tag k="brand:zh" v="i郵箱" />
    <tag k="brand:zh-Hans" v="i邮箱" />
    <tag k="brand:zh-Hant" v="i郵箱" />
    <tag k="capacity" v="20" />
    <tag k="description" v="11400臺北市內湖區瑞光路316巷1號，郵政信箱旁" />
    <tag k="description:payment" v="郵政金融卡/悠遊卡/一卡通/愛金卡" />
    <tag k="name" v="內湖江南郵局i郵箱" />
    <tag k="note" v="四代櫃(智慧郵筒)" />
    <tag k="opening_hours" v="24/7" />
    <tag k="operator" v="中華郵政" />
    <tag k="operator:en" v="Chunghwa Post" />
    <tag k="operator:nan" v="Tiong-hôa Iû-chèng" />
    <tag k="operator:nan-Hant" v="中華郵政" />
    <tag k="operator:nan-Latn-pehoeji" v="Tiong-hôa Iû-chèng" />
    <tag k="operator:nan-Latn-tailo" v="Tiong-huâ Iû-tsìng" />
    <tag k="operator:wikidata" v="Q709259" />
    <tag k="operator:wikipedia" v="zh:中華郵政" />
    <tag k="operator:zh" v="中華郵政" />
    <tag k="operator:zh-Hans" v="中华邮政" />
    <tag k="operator:zh-Hant" v="中華郵政" />
    <tag k="parcel_mail_in" v="yes" />
    <tag k="parcel_pickup" v="yes" />
    <tag k="payment:ep_easycard" v="yes" />
    <tag k="payment:ep_icash" v="yes" />
    <tag k="payment:ep_ipass" v="yes" />
    <tag k="refrigerated" v="no" />
    <tag k="source" v="中華郵政" />
    <tag k="source:date" v="2021-10-05 16:58" />
    <tag k="source:url" v="https://data.gov.tw/dataset/52779" />
  </node>
  <node id="10125619547" lat="25.0777200" lon="121.5748694">
    <tag k="amenity" v="cafe" />
    <tag k="name" v="GO GO GEESAA" />
  </node>
  <node id="10125633780" lat="25.0775274" lon="121.5747539">
    <tag k="name" v="華山藏窖" />
    <tag k="shop" v="beverages" />
  </node>
  <node id="10913818577" lat="25.0730839" lon="121.5796981" />
  <node id="11453087594" lat="25.0767600" lon="121.5743300">
    <tag k="alt_name" v="YouBike2.0_宏匯瑞光廣場(瑞光路)" />
    <tag k="alt_name:en" v="YouBike2.0_Honhui Ruiguang Plaza (Ruiguang Rd.)" />
    <tag k="alt_name:zh" v="YouBike2.0_宏匯瑞光廣場(瑞光路)" />
    <tag k="alt_name:zh-Bopo" v="YouBike2.0_ㄏㄨㄥˊㄏㄨㄟˋㄖㄨㄟˋㄍㄨㄤㄍㄨㄤˇㄔㄤˇ(ㄖㄨㄟˋㄍㄨㄤㄌㄨˋ)" />
    <tag k="alt_name:zh-Hans" v="YouBike2.0_宏汇瑞光广场(瑞光路)" />
    <tag k="alt_name:zh-Hant" v="YouBike2.0_宏匯瑞光廣場(瑞光路)" />
    <tag k="alt_name:zh-Latn-pinyin" v="YouBike2.0_hónghuìruìguāngguǎngchǎng(ruìguānglù)" />
    <tag k="amenity" v="bicycle_rental" />
    <tag k="authentication:app" v="yes" />
    <tag k="authentication:contactless" v="yes" />
    <tag k="authentication:membership_card" v="yes" />
    <tag k="bicycle_rental" v="docking_station" />
    <tag k="brand" v="YouBike 2.0" />
    <tag k="brand:en" v="YouBike 2.0" />
    <tag k="brand:wikidata" v="Q20687952" />
    <tag k="brand:wikipedia" v="en:YouBike" />
    <tag k="brand:zh" v="微笑單車2.0" />
    <tag k="capacity" v="16" />
    <tag k="description" v="瑞光路353號前(瑞光路側人行道)" />
    <tag k="description:en" v="No. 353, Ruiguang Rd. (Ruiguang Rd.)" />
    <tag k="description:zh" v="瑞光路353號前(瑞光路側人行道)" />
    <tag k="description:zh-Hans" v="瑞光路353号前(瑞光路侧人行道)" />
    <tag k="description:zh-Hant" v="瑞光路353號前(瑞光路側人行道)" />
    <tag k="fee" v="yes" />
    <tag k="name" v="宏匯瑞光廣場(瑞光路)" />
    <tag k="name:en" v="Honhui Ruiguang Plaza (Ruiguang Rd.)" />
    <tag k="name:zh" v="宏匯瑞光廣場(瑞光路)" />
    <tag k="name:zh-Bopo" v="ㄏㄨㄥˊㄏㄨㄟˋㄖㄨㄟˋㄍㄨㄤㄍㄨㄤˇㄔㄤˇ(ㄖㄨㄟˋㄍㄨㄤㄌㄨˋ)" />
    <tag k="name:zh-Hans" v="宏汇瑞光广场(瑞光路)" />
    <tag k="name:zh-Hant" v="宏匯瑞光廣場(瑞光路)" />
    <tag k="name:zh-Latn-pinyin" v="hónghuìruìguāngguǎngchǎng(ruìguānglù)" />
    <tag k="nat_ref" v="TPE500108116" />
    <tag k="network" v="臺北市公共自行車租賃系統" />
    <tag k="network:en" v="Taipei City Public Bike" />
    <tag k="network:wikidata" v="Q20687952" />
    <tag k="network:zh" v="臺北市公共自行車租賃系統" />
    <tag k="opening_hours" v="24/7" />
    <tag k="operator" v="微笑單車股份有限公司" />
    <tag k="operator:en" v="YOUBIKE CO." />
    <tag k="operator:type" v="government" />
    <tag k="operator:wikidata" v="Q703557" />
    <tag k="operator:zh" v="微笑單車股份有限公司" />
    <tag k="payment:credit_cards" v="yes" />
    <tag k="payment:ep_easycard" v="yes" />
    <tag k="payment:ep_easywallet" v="yes" />
    <tag k="payment:ep_ipass" v="yes" />
    <tag k="payment:jcb" v="yes" />
    <tag k="payment:mastercard" v="yes" />
    <tag k="payment:visa" v="yes" />
    <tag k="ref" v="500108116" />
    <tag k="rental" v="city_bike" />
    <tag k="source" v="TDX" />
    <tag k="source:date" v="2023-12-24T20:12:17+08:00" />
  </node>
  <node id="11563876743" lat="25.0734847" lon="121.5792871" />
  <node id="11563876751" lat="25.0707847" lon="121.5752617" />
  <node id="11693823803" lat="25.0759743" lon="121.5747713">
    <tag k="bus" v="yes" />
    <tag k="departures_board" v="realtime" />
    <tag k="highway" v="bus_stop" />
    <tag k="name" v="港墘路" />
    <tag k="name:en" v="Gangqian Rd." />
    <tag k="name:zh" v="港墘路" />
    <tag k="network" v="臺北市市區公車" />
    <tag k="network:en" v="Taipei Joint Bus System" />
    <tag k="network:nan" v="Tâi-pak-chhī Chhī-khu Kong-chhia" />
    <tag k="network:nan-Hant" v="臺北市市區公車" />
    <tag k="network:nan-Latn-pehoeji" v="Tâi-pak-chhī Chhī-khu Kong-chhia" />
    <tag k="network:nan-Latn-tailo" v="Tâi-pak-tshiī Tshī-khu Kong-tshia" />
    <tag k="network:wikidata" v="Q5972821" />
    <tag k="network:zh" v="臺北市市區公車" />
    <tag k="public_transport" v="platform" />
    <tag k="source" v="PTX" />
    <tag k="source:date" v="2018-01-30T04:04:24+08:00" />
  </node>
  <node id="11693823804" lat="25.0749030" lon="121.5771277" />
  <node id="11836609819" lat="25.0774372" lon="121.5751967">
    <tag k="amenity" v="restaurant" />
    <tag k="name" v="戲魚" />
  </node>
  <node id="11878567717" lat="25.0771019" lon="121.5743927">
    <tag k="artist_name" v="梵索‧彿來哥" />
    <tag k="artwork_type" v="installation" />
    <tag k="description" v="以花朵綻放之姿化為生命力的呈現，以充滿生機與活力的樣態，展現產業群聚、企業創新的蘊育成果。運用陶土溫潤細膩的特質，將花瓣形塑為整體平衡與和諧的流暢線條，於空間中緩緩綻放，象徵生生不息、永續繁榮的發展目標。" />
    <tag k="name" v="綻之花" />
    <tag k="tourism" v="artwork" />
  </node>
  <node id="11878567718" lat="25.0770969" lon="121.5745592">
    <tag k="artist_name" v="賴純純" />
    <tag k="artwork_type" v="installation" />
    <tag k="description" v="艷陽九重葛花帶刺攀騰，花紅奔放，如生命迎向天空。生命激活的新創能量在此生成、匯聚、連結。" />
    <tag k="name" v="生命之樹" />
    <tag k="tourism" v="artwork" />
  </node>
  <node id="11878567719" lat="25.0769330" lon="121.5745438">
    <tag k="artist_name" v="賴純純" />
    <tag k="artwork_type" v="installation" />
    <tag k="description" v="蜻蜓帶著宇宙光彩虹衣，自由翱翔，傳達出群聚、新創的核心價值。蜻蜓蛻變展翅，彰顯創新與環境永續生生不息。" />
    <tag k="name" v="生生不息" />
    <tag k="tourism" v="artwork" />
  </node>
  <node id="11878567720" lat="25.0769350" lon="121.5744180">
    <tag k="artist_name" v="賴純純" />
    <tag k="artwork_type" v="installation" />
    <tag k="description" v="宇宙花園美麗之島展現新視野，多重透明反射色光的隱約變換，梅花鹿和月桃的移動，引領觀者進入多重的虛實時空的「Formosa」" />
    <tag k="name" v="宇宙花園" />
    <tag k="tourism" v="artwork" />
  </node>
  <node id="11878567721" lat="25.0777643" lon="121.5746387">
    <tag k="artist_name" v="薩璨如 &amp; 尼古拉．貝杜" />
    <tag k="artwork_type" v="installation" />
    <tag k="description" v="以兩兩相生的造型，組構成一個能量飽滿、互相契合的場域。猶如一座文鎮天璽般坐落於「內科之心」的後中央廣場，環扣尖端創新平台與城市綠意。是未來科技的見證者，亦是都市建築與自然綠意的調節者，孵育著新世代的多元科技之夢，映現AI新世紀的無限可能。&#10;&#10;造型沈穩簡醇的金屬之環，呈現既是「眼」又為「環」的意象，見證「繁花大內」的時空風華流轉。透過「元象限」之眼，感受時與空的濃縮、沈澱，晝夜的光影穿梭蕩漾。以多重迴旋的宇宙星環，為空間帶來想像與能量。" />
    <tag k="name" v="元象限" />
    <tag k="tourism" v="artwork" />
  </node>
  <node id="11878567722" lat="25.0773187" lon="121.5750170">
    <tag k="artist_name" v="洪郁雯" />
    <tag k="artwork_type" v="installation" />
    <tag k="description" v="作品《綻 Bloom》，圍繞花卉市場的人文歷史背景，引介百花綻放的美好寓意。設置於宏匯瑞光廣場 B 棟 t.Hub 育成中心 1 樓挑高大廳，藝術家洪郁雯以綿延的彩漆銅線編織作品，刻畫出花中有花、花外亦有花的有機形體，而配色部分則以 t.Hub 育成中心的 Logo 及 1 樓 i-Stage 舞台的主色調為發想，輔以花團錦簇的多樣色彩。懸掛空中的設置方式，讓觀者可於 1、2 樓不同視角欣賞作品，加上落地窗灑上《綻 Bloom》的自然光，經由金屬線及網狀編織後的穿透、反射及折射，作品將衍生出多種樣貌，如同" />
    <tag k="name" v="綻" />
    <tag k="tourism" v="artwork" />
  </node>
  <node id="11878567723" lat="25.0774613" lon="121.5749738">
    <tag k="artist_name" v="崔廣宇" />
    <tag k="artwork_type" v="installation" />
    <tag k="description" v="藝術家透過看似可以辨識的具象線稿，把符號與意義拆開、排列組合成需要以幽默感、反向思考、打破邏輯框架的思辨，在觀者的腦中重新組合出有意義的圖像。進而在不同價值與思維邏輯的族群之間，產生碰撞並延展出不同解讀的可能。是一種透過圖像的感染力驅動思考傳播的動能。" />
    <tag k="name" v="我的世界只是你的餘光" />
    <tag k="tourism" v="artwork" />
  </node>
  <node id="12520529947" lat="25.0772728" lon="121.5728229" />
  <node id="12520529948" lat="25.0768187" lon="121.5738649" />
  <node id="12520529949" lat="25.0770029" lon="121.5739628" />
  <node id="12520529950" lat="25.0774572" lon="121.5729209" />
  <node id="13096109857" lat="25.0763572" lon="121.5752864">
    <tag k="amenity" v="restaurant" />
    <tag k="name" v="享之饌東石鮮蚵" />
  </node>
  <node id="13096109866" lat="25.0763991" lon="121.5751865">
    <tag k="brand" v="屈臣氏" />
    <tag k="brand:en" v="Watsons" />
    <tag k="brand:wikidata" v="Q7974785" />
    <tag k="brand:zh" v="屈臣氏" />
    <tag k="name" v="屈臣氏" />
    <tag k="name:en" v="Watsons" />
    <tag k="name:zh" v="屈臣氏" />
    <tag k="shop" v="chemist" />
  </node>
  <node id="13096109867" lat="25.0762704" lon="121.5756049">
    <tag k="amenity" v="cafe" />
    <tag k="brand" v="五桐號" />
    <tag k="brand:en" v="WooTea" />
    <tag k="brand:wikidata" v="Q126455337" />
    <tag k="brand:zh" v="五桐號" />
    <tag k="cuisine" v="bubble_tea" />
    <tag k="name" v="五桐號" />
    <tag k="name:en" v="WooTea" />
    <tag k="name:zh" v="五桐號" />
    <tag k="takeaway" v="yes" />
  </node>
  <node id="13096109877" lat="25.0762200" lon="121.5754534">
    <tag k="amenity" v="restaurant" />
    <tag k="name" v="三萬加蒸烤餐盒" />
  </node>
  <node id="13607291898" lat="25.0756700" lon="121.5734100">
    <tag k="alt_name" v="YouBike2.0_瑞光路316巷" />
    <tag k="alt_name:en" v="YouBike2.0_Ln. 316, Ruiguang Rd." />
    <tag k="alt_name:zh" v="YouBike2.0_瑞光路316巷" />
    <tag k="alt_name:zh-Bopo" v="YouBike2.0_ㄖㄨㄟˋㄍㄨㄤㄌㄨˋ316ㄒㄧㄤˋ" />
    <tag k="alt_name:zh-Hans" v="YouBike2.0_瑞光路316巷" />
    <tag k="alt_name:zh-Hant" v="YouBike2.0_瑞光路316巷" />
    <tag k="alt_name:zh-Latn-pinyin" v="YouBike2.0_ruìguānglù316xiàng" />
    <tag k="amenity" v="bicycle_rental" />
    <tag k="authentication:app" v="yes" />
    <tag k="authentication:contactless" v="yes" />
    <tag k="authentication:membership_card" v="yes" />
    <tag k="bicycle_rental" v="docking_station" />
    <tag k="brand" v="YouBike 2.0" />
    <tag k="brand:en" v="YouBike 2.0" />
    <tag k="brand:wikipedia" v="en:YouBike" />
    <tag k="brand:zh" v="微笑單車2.0" />
    <tag k="capacity" v="20" />
    <tag k="description" v="瑞光路316巷35號" />
    <tag k="description:en" v="No. 35, Ln. 316, Ruiguang Rd." />
    <tag k="description:zh" v="瑞光路316巷35號" />
    <tag k="description:zh-Hans" v="瑞光路316巷35号" />
    <tag k="description:zh-Hant" v="瑞光路316巷35號" />
    <tag k="fee" v="yes" />
    <tag k="name" v="瑞光路316巷" />
    <tag k="name:en" v="Ln. 316, Ruiguang Rd." />
    <tag k="name:zh" v="瑞光路316巷" />
    <tag k="name:zh-Bopo" v="ㄖㄨㄟˋㄍㄨㄤㄌㄨˋ316ㄒㄧㄤˋ" />
    <tag k="name:zh-Hans" v="瑞光路316巷" />
    <tag k="name:zh-Hant" v="瑞光路316巷" />
    <tag k="name:zh-Latn-pinyin" v="ruìguānglù316xiàng" />
    <tag k="nat_ref" v="TPE500108171" />
    <tag k="network" v="臺北市公共自行車租賃系統" />
    <tag k="network:en" v="Taipei City Public Bike" />
    <tag k="network:wikidata" v="Q20687952" />
    <tag k="network:zh" v="臺北市公共自行車租賃系統" />
    <tag k="opening_hours" v="24/7" />
    <tag k="operator:en" v="YOUBIKE CO." />
    <tag k="operator:type" v="private" />
    <tag k="operator:wikidata" v="Q703557" />
    <tag k="operator:zh" v="微笑單車股份有限公司" />
    <tag k="payment:credit_cards" v="yes" />
    <tag k="payment:ep_easycard" v="yes" />
    <tag k="payment:ep_easywallet" v="yes" />
    <tag k="payment:ep_ipass" v="yes" />
    <tag k="payment:jcb" v="yes" />
    <tag k="payment:mastercard" v="yes" />
    <tag k="payment:visa" v="yes" />
    <tag k="ref" v="500108171" />
    <tag k="rental" v="city_bike" />
    <tag k="source" v="TDX" />
    <tag k="source:date" v="2026-02-26T08:53:01+08:00" />
  </node>
  <node id="14027880354" lat="25.0809165" lon="121.5723889" />
  <way id="172957807">
    <nd ref="1720014720" />
    <nd ref="1837864783" />
    <nd ref="5292884670" />
    <nd ref="5292884669" />
    <nd ref="1837864774" />
    <nd ref="2513642031" />
    <nd ref="1720014720" />
    <tag k="construction" v="commercial" />
    <tag k="landuse" v="industrial" />
    <tag k="name" v="宏匯瑞光廣場" />
    <tag k="name:en" v="Honhui Sparkle Square" />
    <tag k="name:zh" v="宏匯瑞光廣場" />
    <tag k="opening_date" v="2020-05" />
  </way>
  <way id="298920648">
    <nd ref="3028836268" />
    <nd ref="3028836278" />
    <nd ref="3028836269" />
    <nd ref="3028836270" />
    <nd ref="3028836272" />
    <nd ref="3028836277" />
    <nd ref="3028836276" />
    <nd ref="3028836275" />
    <nd ref="3028836274" />
    <nd ref="3028836273" />
    <nd ref="9141271471" />
    <nd ref="3028836271" />
    <nd ref="3028836268" />
    <tag k="landuse" v="cemetery" />
    <tag k="name" v="士林第一公墓" />
    <tag k="name:en" v="Shilin No.1 Cemetery" />
    <tag k="name:zh" v="士林第一公墓" />
    <tag k="wikidata" v="Q110231415" />
  </way>
  <way id="375472710">
    <nd ref="3788362958" />
    <nd ref="3788362959" />
    <nd ref="3788362960" />
    <nd ref="3788362961" />
    <nd ref="3788362962" />
    <nd ref="3788362963" />
    <nd ref="5564466961" />
    <nd ref="3788362964" />
    <nd ref="5564466962" />
    <nd ref="5564466798" />
    <nd ref="3788362965" />
    <nd ref="3788362966" />
    <nd ref="3788362967" />
    <nd ref="3788362968" />
    <nd ref="3788362969" />
    <nd ref="14027880354" />
    <nd ref="5737819159" />
    <nd ref="3788362972" />
    <nd ref="5335550319" />
    <nd ref="5335550320" />
    <nd ref="3788362974" />
    <nd ref="3788362975" />
    <nd ref="3788362976" />
    <nd ref="11693823804" />
    <nd ref="3788362977" />
    <nd ref="3788362978" />
    <nd ref="3788362979" />
    <nd ref="11563876743" />
    <nd ref="3788362980" />
    <nd ref="10913818577" />
    <nd ref="3788362981" />
    <nd ref="3788362982" />
    <nd ref="3788362983" />
    <nd ref="3788362984" />
    <nd ref="3788362985" />
    <nd ref="5317107882" />
    <nd ref="3788362986" />
    <nd ref="5317107883" />
    <nd ref="3788362987" />
    <nd ref="3788362988" />
    <nd ref="3788362989" />
    <nd ref="3788362990" />
    <nd ref="3788362991" />
    <nd ref="3788362992" />
    <nd ref="3788362993" />
    <nd ref="11563876751" />
    <nd ref="3788362994" />
    <nd ref="5565144016" />
    <nd ref="5565144017" />
    <nd ref="5565144013" />
    <nd ref="5565144015" />
    <nd ref="5565144014" />
    <nd ref="3788362995" />
    <nd ref="3788362996" />
    <nd ref="3788362997" />
    <nd ref="3788362998" />
    <nd ref="3788362999" />
    <nd ref="3788363000" />
    <nd ref="3788363001" />
    <nd ref="3788363002" />
    <nd ref="3788363003" />
    <nd ref="3788363004" />
    <nd ref="3788363005" />
    <nd ref="3788363006" />
    <nd ref="3788363007" />
    <nd ref="3788363008" />
    <nd ref="3788363009" />
    <nd ref="1832923877" />
    <nd ref="5564467355" />
    <nd ref="3788363010" />
    <nd ref="3788363011" />
    <nd ref="3788363012" />
    <nd ref="3788362958" />
    <tag k="description" v="第三種工業區 科工A：68.78公頃 科工B：13.66公頃" />
    <tag k="landuse" v="industrial" />
    <tag k="name" v="內湖科技園區" />
    <tag k="name:en" v="Neihu Technology Park" />
    <tag k="name:ja" v="内湖科技園区" />
    <tag k="name:nan" v="Lāi-ô͘ Kho-ki Hn̂g-khu" />
    <tag k="name:nan-Hant" v="內湖科技園區" />
    <tag k="name:nan-Latn-pehoeji" v="Lāi-ô͘ Kho-ki Hn̂g-khu" />
    <tag k="name:nan-Latn-tailo" v="Lāi-ôo Kho-ki Hn̂g-khu" />
    <tag k="name:zh" v="內湖科技園區" />
    <tag k="wikidata" v="Q10891344" />
    <tag k="wikipedia" v="zh:內湖科技園區" />
  </way>
  <way id="721231467">
    <nd ref="6766839504" />
    <nd ref="6766839505" />
    <nd ref="6766839506" />
    <nd ref="6766839507" />
    <nd ref="6766839508" />
    <nd ref="6766839509" />
    <nd ref="6766839510" />
    <nd ref="6766839511" />
    <nd ref="6766839512" />
    <nd ref="6766839513" />
    <nd ref="6766839504" />
    <tag k="landuse" v="commercial" />
  </way>
  <way id="759990576">
    <nd ref="7099547213" />
    <nd ref="7099547212" />
    <nd ref="7099547211" />
    <nd ref="7099547210" />
    <nd ref="7099547209" />
    <nd ref="7099547208" />
    <nd ref="7099547207" />
    <nd ref="7099547206" />
    <nd ref="7099547204" />
    <nd ref="7099547203" />
    <nd ref="7099547202" />
    <nd ref="7099547201" />
    <nd ref="7099547200" />
    <nd ref="7099547199" />
    <nd ref="7099547198" />
    <nd ref="7099547197" />
    <nd ref="7099547193" />
    <nd ref="7099547191" />
    <nd ref="7099547190" />
    <nd ref="7099547189" />
    <nd ref="7099547188" />
    <nd ref="7099547187" />
    <nd ref="7099547186" />
    <nd ref="7099547185" />
    <nd ref="7099547213" />
    <tag k="landuse" v="residential" />
    <tag k="name" v="陽明帝景" />
  </way>
  <way id="1353141149">
    <nd ref="12520529947" />
    <nd ref="12520529948" />
    <nd ref="12520529949" />
    <nd ref="12520529950" />
    <nd ref="12520529947" />
    <tag k="landuse" v="brownfield" />
    <tag k="name" v="東環段Y32站預定地" />
  </way>

<note>The data included in this document is from www.openstreetmap.org. The data is made available under ODbL.</note>
<meta osm_base="2026-07-24T11:04:51Z" />

  <node id="253385708" lat="25.0505408" lon="121.5932972">
    <tag k="name" v="昆陽" />
    <tag k="name:en" v="Kunyang" />
    <tag k="name:hak" v="kunˊ iongˇ" />
    <tag k="name:nan" v="Khun-iông" />
    <tag k="name:nan-Hant" v="昆陽" />
    <tag k="name:nan-Latn-pehoeji" v="Khun-iông" />
    <tag k="name:nan-Latn-tailo" v="Khun-iông" />
    <tag k="name:zh" v="昆陽" />
    <tag k="name:zh-Hans" v="昆阳" />
    <tag k="name:zh-Hant" v="昆陽" />
    <tag k="name:zh-Latn-pinyin" v="kūn yáng" />
    <tag k="public_transport" v="stop_position" />
    <tag k="railway" v="stop" />
    <tag k="subway" v="yes" />
  </node>
  <node id="870131998" lat="25.0505613" lon="121.5937946">
    <tag k="addr:city" v="臺北市" />
    <tag k="addr:country" v="TW" />
    <tag k="addr:district" v="南港區" />
    <tag k="addr:full" v="115臺北市南港區忠孝東路6段451號" />
    <tag k="addr:housenumber" v="451" />
    <tag k="addr:postcode" v="115" />
    <tag k="addr:street" v="忠孝東路6段" />
    <tag k="bicycle" v="yes" />
    <tag k="name" v="捷運昆陽站 (4號出口)" />
    <tag k="name:zh" v="捷運昆陽站 (4號出口)" />
    <tag k="railway" v="subway_entrance" />
    <tag k="ref" v="4" />
  </node>
  <node id="870132006" lat="25.0502865" lon="121.5927254">
    <tag k="addr:city" v="臺北市" />
    <tag k="addr:city:en" v="Taipei" />
    <tag k="addr:country" v="TW" />
    <tag k="addr:district" v="南港區" />
    <tag k="addr:full" v="115臺北市南港區忠孝東路六段451號" />
    <tag k="addr:housenumber" v="451" />
    <tag k="addr:postcode" v="115" />
    <tag k="addr:street" v="忠孝東路六段" />
    <tag k="bicycle" v="yes" />
    <tag k="name" v="捷運昆陽站 (1號出口)" />
    <tag k="railway" v="subway_entrance" />
    <tag k="ref" v="1" />
    <tag k="wheelchair" v="yes" />
  </node>
  <node id="1304689178" lat="25.0373719" lon="121.5676545" />
  <node id="1304689213" lat="25.0373319" lon="121.5682418" />
  <node id="1304689504" lat="25.0359257" lon="121.5676588" />
  <node id="1439044159" lat="25.0502430" lon="121.5940408">
    <tag k="addr:city" v="臺北市" />
    <tag k="addr:country" v="TW" />
    <tag k="addr:district" v="南港區" />
    <tag k="addr:full" v="115臺北市南港區忠孝東路六段448號" />
    <tag k="addr:housenumber" v="448" />
    <tag k="addr:postcode" v="115" />
    <tag k="addr:street" v="忠孝東路六段" />
    <tag k="alt_name" v="統一超商" />
    <tag k="branch" v="昆陽門市" />
    <tag k="brand" v="7-Eleven" />
    <tag k="brand:en" v="7-Eleven" />
    <tag k="brand:wikidata" v="Q259340" />
    <tag k="brand:wikipedia" v="en:7-Eleven" />
    <tag k="name" v="7-Eleven" />
    <tag k="name:zh" v="7-Eleven" />
    <tag k="shop" v="convenience" />
    <tag k="wheelchair" v="yes" />
  </node>
  <node id="1503671144" lat="25.0340252" lon="121.5674830" />
  <node id="1503671145" lat="25.0347773" lon="121.5664518" />
  <node id="1503671146" lat="25.0347598" lon="121.5674636" />
  <node id="1503671147" lat="25.0340332" lon="121.5664362" />
  <node id="1941587638" lat="25.0502515" lon="121.5928570">
    <tag k="amenity" v="waste_basket" />
  </node>
  <node id="1941587639" lat="25.0499046" lon="121.5926890">
    <tag k="addr:city" v="臺北市" />
    <tag k="addr:country" v="TW" />
    <tag k="addr:district" v="南港區" />
    <tag k="addr:full" v="115008臺北市南港區忠孝東路六段400、402、404、406號" />
    <tag k="addr:housenumber" v="400;402;404;406" />
    <tag k="addr:postcode" v="115008" />
    <tag k="addr:street" v="忠孝東路六段" />
    <tag k="alt_name" v="中華郵政;郵局" />
    <tag k="amenity" v="post_office" />
    <tag k="atm" v="yes" />
    <tag k="branch" v="臺北161支" />
    <tag k="fax" v="+886 2 2788 1484" />
    <tag k="name" v="南港昆陽郵局" />
    <tag k="name:en" v="Nangang kunyangPost Office" />
    <tag k="name:zh" v="南港昆陽郵局" />
    <tag k="opening_hours" v="Mo-Fr 08:30-17:30; Sa 09:00-12:00" />
    <tag k="operator" v="中華郵政" />
    <tag k="operator:en" v="Chunghwa Post" />
    <tag k="operator:nan" v="Tiong-hôa Iû-chèng" />
    <tag k="operator:nan-Hant" v="中華郵政" />
    <tag k="operator:nan-Latn-pehoeji" v="Tiong-hôa Iû-chèng" />
    <tag k="operator:nan-Latn-tailo" v="Tiong-huâ Iû-tsìng" />
    <tag k="operator:wikidata" v="Q709259" />
    <tag k="operator:zh" v="中華郵政" />
    <tag k="phone" v="+886 2 2651 4945" />
    <tag k="source" v="中華郵政股份有限公司" />
    <tag k="source:date" v="2026-04-10" />
    <tag k="source:url" v="https://data.gov.tw/dataset/5950" />
    <tag k="website" v="https://www.post.gov.tw/" />
  </node>
  <node id="1992264810" lat="25.0506080" lon="121.5936270">
    <tag k="amenity" v="drinking_water" />
    <tag k="bottle" v="yes" />
    <tag k="cold_water" v="yes" />
    <tag k="contact:phone" v="+886 2 2181 2345" />
    <tag k="description" v="臺北市忠孝東路6段451號，昆陽站3號出口" />
    <tag k="description:covid19" v="至2021-11-30二級、三級警戒期間都不開放使用" />
    <tag k="is_in:district" v="南港" />
    <tag k="opening_hours" v="06:00-23:00" />
    <tag k="operator" v="臺北大眾捷運股份有限公司" />
    <tag k="ref" v="1824" />
    <tag k="source" v="台北自來水事業處" />
    <tag k="source:date" v="2018-11-05 14:10:00" />
    <tag k="source:department" v="板南線" />
    <tag k="source:devision" v="東區" />
    <tag k="source:type" v="捷運站" />
    <tag k="source:url" v="https://data.taipei/dataset/detail/metadata?id=155999f2-3c5d-486b-af58-d7f4c0b0a4c9" />
    <tag k="start_date" v="2016-12-01 09:50:00" />
  </node>
  <node id="2128891122" lat="25.0501810" lon="121.5937838">
    <tag k="addr:city" v="臺北市" />
    <tag k="addr:country" v="TW" />
    <tag k="addr:district" v="南港區" />
    <tag k="addr:full" v="115臺北市南港區忠孝東路六段442號" />
    <tag k="addr:housenumber" v="442" />
    <tag k="addr:postcode" v="115" />
    <tag k="addr:street" v="忠孝東路六段" />
    <tag k="brand" v="屈臣氏" />
    <tag k="brand:en" v="Watsons" />
    <tag k="brand:wikidata" v="Q7974785" />
    <tag k="brand:zh" v="屈臣氏" />
    <tag k="name" v="屈臣氏" />
    <tag k="name:en" v="Watsons" />
    <tag k="name:zh" v="屈臣氏" />
    <tag k="shop" v="chemist" />
  </node>
  <node id="2309134858" lat="25.0502100" lon="121.5935952">
    <tag k="bus" v="yes" />
    <tag k="highway" v="bus_stop" />
    <tag k="name" v="捷運昆陽站" />
    <tag k="name:en" v="MRT Kunyang" />
    <tag k="name:zh" v="捷運昆陽站" />
    <tag k="network" v="臺北市市區公車" />
    <tag k="network:en" v="Taipei Joint Bus System" />
    <tag k="network:nan" v="Tâi-pak-chhī Chhī-khu Kong-chhia" />
    <tag k="network:nan-Hant" v="臺北市市區公車" />
    <tag k="network:nan-Latn-pehoeji" v="Tâi-pak-chhī Chhī-khu Kong-chhia" />
    <tag k="network:nan-Latn-tailo" v="Tâi-pak-tshiī Tshī-khu Kong-tshia" />
    <tag k="network:wikidata" v="Q5972821" />
    <tag k="network:zh" v="臺北市市區公車" />
    <tag k="public_transport" v="platform" />
    <tag k="source" v="PTX" />
    <tag k="source:date" v="2018-01-30T04:04:24+08:00" />
  </node>
  <node id="2309134859" lat="25.0501018" lon="121.5931152">
    <tag k="bus" v="yes" />
    <tag k="highway" v="bus_stop" />
    <tag k="name" v="捷運昆陽站" />
    <tag k="name:en" v="MRT Kunyang" />
    <tag k="name:zh" v="捷運昆陽站" />
    <tag k="network" v="臺北市市區公車" />
    <tag k="network:en" v="Taipei Joint Bus System" />
    <tag k="network:nan" v="Tâi-pak-chhī Chhī-khu Kong-chhia" />
    <tag k="network:nan-Hant" v="臺北市市區公車" />
    <tag k="network:nan-Latn-pehoeji" v="Tâi-pak-chhī Chhī-khu Kong-chhia" />
    <tag k="network:nan-Latn-tailo" v="Tâi-pak-tshiī Tshī-khu Kong-tshia" />
    <tag k="network:wikidata" v="Q5972821" />
    <tag k="network:zh" v="臺北市市區公車" />
    <tag k="public_transport" v="platform" />
  </node>
  <node id="2310689461" lat="25.0503156" lon="121.5929901">
    <tag k="bus" v="yes" />
    <tag k="highway" v="bus_stop" />
    <tag k="name" v="捷運昆陽站" />
    <tag k="name:en" v="MRT Kunyang Sta." />
    <tag k="name:zh" v="捷運昆陽站" />
    <tag k="network" v="臺北市市區公車" />
    <tag k="network:en" v="Taipei Joint Bus System" />
    <tag k="network:nan" v="Tâi-pak-chhī Chhī-khu Kong-chhia" />
    <tag k="network:nan-Hant" v="臺北市市區公車" />
    <tag k="network:nan-Latn-pehoeji" v="Tâi-pak-chhī Chhī-khu Kong-chhia" />
    <tag k="network:nan-Latn-tailo" v="Tâi-pak-tshiī Tshī-khu Kong-tshia" />
    <tag k="network:wikidata" v="Q5972821" />
    <tag k="network:zh" v="臺北市市區公車" />
    <tag k="public_transport" v="platform" />
    <tag k="source" v="PTX" />
    <tag k="source:date" v="2018-01-30T04:04:24+08:00" />
  </node>
  <node id="2323956867" lat="25.0345988" lon="121.5682191">
    <tag k="bus" v="yes" />
    <tag k="description" v="松仁路150號莊敬路管制站巷口南側對面" />
    <tag k="highway" v="bus_stop" />
    <tag k="loc_ref" v="35765" />
    <tag k="name" v="信義松仁路口 (松仁)" />
    <tag k="name:en" v="Xinyi and Songren Road Intersection (Songren)" />
    <tag k="name:zh" v="信義松仁路口 (松仁)" />
    <tag k="name:zh-Hans" v="信义松仁路口 (松仁)" />
    <tag k="name:zh-Hant" v="信義松仁路口 (松仁)" />
    <tag k="network" v="臺北市市區公車" />
    <tag k="network:en" v="Taipei Joint Bus System" />
    <tag k="network:nan" v="Tâi-pak-chhī Chhī-khu Kong-chhia" />
    <tag k="network:nan-Hant" v="臺北市市區公車" />
    <tag k="network:nan-Latn-pehoeji" v="Tâi-pak-chhī Chhī-khu Kong-chhia" />
    <tag k="network:nan-Latn-tailo" v="Tâi-pak-tshiī Tshī-khu Kong-tshia" />
    <tag k="network:wikidata" v="Q5972821" />
    <tag k="network:zh" v="臺北市市區公車" />
    <tag k="old_name" v="信義行政中心(松仁)" />
    <tag k="public_transport" v="platform" />
    <tag k="ref" v="2121" />
    <tag k="shelter" v="no" />
    <tag k="source" v="PTX" />
    <tag k="source:date" v="2017-09-16T00:22:36+08:00" />
  </node>
  <node id="2323956868" lat="25.0337415" lon="121.5684441">
    <tag k="bus" v="yes" />
    <tag k="description" v="松仁路130號對面" />
    <tag k="highway" v="bus_stop" />
    <tag k="name" v="信義松仁路口 (松仁)" />
    <tag k="name:en" v="Xinyi and Songren Road Intersection (Songren)" />
    <tag k="name:zh" v="信義松仁路口 (松仁)" />
    <tag k="name:zh-Hans" v="信义松仁路口 (松仁)" />
    <tag k="name:zh-Hant" v="信義松仁路口 (松仁)" />
    <tag k="network" v="臺北市市區公車" />
    <tag k="network:en" v="Taipei Joint Bus System" />
    <tag k="network:nan" v="Tâi-pak-chhī Chhī-khu Kong-chhia" />
    <tag k="network:nan-Hant" v="臺北市市區公車" />
    <tag k="network:nan-Latn-pehoeji" v="Tâi-pak-chhī Chhī-khu Kong-chhia" />
    <tag k="network:nan-Latn-tailo" v="Tâi-pak-tshiī Tshī-khu Kong-tshia" />
    <tag k="network:wikidata" v="Q5972821" />
    <tag k="network:zh" v="臺北市市區公車" />
    <tag k="old_name" v="信義行政中心(松仁)" />
    <tag k="public_transport" v="platform" />
    <tag k="ref" v="2122" />
    <tag k="shelter" v="yes" />
  </node>
  <node id="2604138857" lat="25.0502456" lon="121.5941708">
    <tag k="addr:city" v="臺北市" />
    <tag k="addr:country" v="TW" />
    <tag k="addr:district" v="南港區" />
    <tag k="addr:full" v="115臺北市南港區昆陽街145號" />
    <tag k="addr:housenumber" v="145" />
    <tag k="addr:postcode" v="115" />
    <tag k="addr:street" v="昆陽街" />
    <tag k="branch" v="新昆陽店" />
    <tag k="brand" v="全家便利商店" />
    <tag k="brand:en" v="FamilyMart" />
    <tag k="brand:ja" v="ファミリーマート" />
    <tag k="brand:wikidata" v="Q10891564" />
    <tag k="brand:wikipedia" v="zh:全家便利商店" />
    <tag k="brand:zh" v="全家便利商店" />
    <tag k="name" v="全家便利商店" />
    <tag k="name:en" v="FamilyMart" />
    <tag k="name:zh" v="全家便利商店" />
    <tag k="shop" v="convenience" />
  </node>
  <node id="2604138862" lat="25.0507263" lon="121.5936760">
    <tag k="amenity" v="cafe" />
    <tag k="name" v="好了啦超大杯" />
  </node>
  <node id="2607298682" lat="25.0508560" lon="121.5939680">
    <tag k="alt_name" v="統一超商" />
    <tag k="brand" v="7-Eleven" />
    <tag k="brand:en" v="7-Eleven" />
    <tag k="brand:wikidata" v="Q259340" />
    <tag k="brand:wikipedia" v="en:7-Eleven" />
    <tag k="name" v="7-Eleven" />
    <tag k="shop" v="convenience" />
    <tag k="wheelchair" v="yes" />
  </node>
  <node id="2607298691" lat="25.0502225" lon="121.5939660">
    <tag k="addr:city" v="臺北市" />
    <tag k="addr:country" v="TW" />
    <tag k="addr:district" v="南港區" />
    <tag k="addr:full" v="115臺北市南港區忠孝東路六段446號" />
    <tag k="addr:housenumber" v="446" />
    <tag k="addr:postcode" v="115" />
    <tag k="addr:street" v="忠孝東路六段" />
    <tag k="brand" v="康是美" />
    <tag k="brand:en" v="COSMED" />
    <tag k="brand:wikidata" v="Q11063876" />
    <tag k="brand:zh" v="康是美" />
    <tag k="name" v="康是美" />
    <tag k="name:en" v="COSMED" />
    <tag k="name:zh" v="康是美" />
    <tag k="shop" v="chemist" />
  </node>
  <node id="2607298692" lat="25.0502104" lon="121.5939128">
    <tag k="addr:city" v="臺北市" />
    <tag k="addr:country" v="TW" />
    <tag k="addr:district" v="南港區" />
    <tag k="addr:full" v="115臺北市南港區忠孝東路六段444號" />
    <tag k="addr:housenumber" v="444" />
    <tag k="addr:postcode" v="115" />
    <tag k="addr:street" v="忠孝東路六段" />
    <tag k="amenity" v="fast_food" />
    <tag k="brand" v="摩斯漢堡" />
    <tag k="brand:en" v="MOS Burger" />
    <tag k="brand:wikidata" v="Q1204169" />
    <tag k="brand:wikipedia" v="zh:摩斯漢堡" />
    <tag k="brand:zh" v="摩斯漢堡" />
    <tag k="cuisine" v="burger" />
    <tag k="drive_through" v="no" />
    <tag k="name" v="摩斯漢堡" />
    <tag k="name:en" v="MOS Burger" />
    <tag k="name:zh" v="摩斯漢堡" />
    <tag k="takeaway" v="yes" />
  </node>
  <node id="2607298693" lat="25.0501945" lon="121.5938440">
    <tag k="addr:city" v="臺北市" />
    <tag k="addr:country" v="TW" />
    <tag k="addr:district" v="南港區" />
    <tag k="addr:full" v="115臺北市南港區忠孝東路六段444號" />
    <tag k="addr:housenumber" v="444" />
    <tag k="addr:postcode" v="115" />
    <tag k="addr:street" v="忠孝東路六段" />
    <tag k="amenity" v="fast_food" />
    <tag k="brand" v="吉野家" />
    <tag k="brand:en" v="Yoshinoya" />
    <tag k="brand:ja" v="吉野家" />
    <tag k="brand:wikidata" v="Q776272" />
    <tag k="brand:zh" v="吉野家" />
    <tag k="brand:zh-Hans" v="吉野家" />
    <tag k="brand:zh-Hant" v="吉野家" />
    <tag k="cuisine" v="beef_bowl" />
    <tag k="name" v="吉野家" />
    <tag k="name:en" v="Yoshinoya" />
    <tag k="name:ja" v="吉野家" />
    <tag k="name:zh" v="吉野家" />
    <tag k="name:zh-Hans" v="吉野家" />
    <tag k="name:zh-Hant" v="吉野家" />
    <tag k="takeaway" v="yes" />
  </node>
  <node id="2607298694" lat="25.0501669" lon="121.5937270">
    <tag k="addr:city" v="臺北市" />
    <tag k="addr:country" v="TW" />
    <tag k="addr:district" v="南港區" />
    <tag k="addr:full" v="115臺北市南港區忠孝東路六段438號" />
    <tag k="addr:housenumber" v="438" />
    <tag k="addr:postcode" v="115" />
    <tag k="addr:street" v="忠孝東路六段" />
    <tag k="amenity" v="fast_food" />
    <tag k="brand" v="麥當勞" />
    <tag k="brand:en" v="McDonald's" />
    <tag k="brand:wikidata" v="Q38076" />
    <tag k="brand:wikipedia" v="zh:麥當勞" />
    <tag k="brand:zh" v="麥當勞" />
    <tag k="brand:zh-Hant" v="麥當勞" />
    <tag k="cuisine" v="burger" />
    <tag k="drive_through" v="no" />
    <tag k="name" v="麥當勞" />
    <tag k="name:en" v="McDonald's" />
    <tag k="name:zh" v="麥當勞" />
    <tag k="name:zh-Hant" v="麥當勞" />
    <tag k="takeaway" v="yes" />
  </node>
  <node id="2607366970" lat="25.0507441" lon="121.5937302">
    <tag k="amenity" v="place_of_worship" />
    <tag k="name" v="九天玄女娘娘宮" />
  </node>
  <node id="3144858569" lat="25.0353396" lon="121.5696062" />
  <node id="3161349909" lat="25.0626029" lon="121.5662620">
    <tag k="bus" v="yes" />
    <tag k="description" v="富錦街571巷18號同向" />
    <tag k="highway" v="bus_stop" />
    <tag k="name" v="新益里" />
    <tag k="name:en" v="Xinyi Li" />
    <tag k="name:zh" v="新益里" />
    <tag k="name:zh-Hans" v="新益里" />
    <tag k="name:zh-Hant" v="新益里" />
    <tag k="network" v="臺北市市區公車" />
    <tag k="network:en" v="Taipei Joint Bus System" />
    <tag k="network:nan" v="Tâi-pak-chhī Chhī-khu Kong-chhia" />
    <tag k="network:nan-Hant" v="臺北市市區公車" />
    <tag k="network:nan-Latn-pehoeji" v="Tâi-pak-chhī Chhī-khu Kong-chhia" />
    <tag k="network:nan-Latn-tailo" v="Tâi-pak-tshiī Tshī-khu Kong-tshia" />
    <tag k="network:wikidata" v="Q5972821" />
    <tag k="network:zh" v="臺北市市區公車" />
    <tag k="old_name" v="民生社區" />
    <tag k="public_transport" v="platform" />
    <tag k="ref" v="1504" />
    <tag k="wheelchair" v="yes" />
  </node>
  <node id="3285476986" lat="25.0359433" lon="121.5687658">
    <tag k="name" v="TOTO" />
    <tag k="shop" v="houseware" />
  </node>
  <node id="3287130672" lat="25.0354901" lon="121.5692762">
    <tag k="addr:city" v="臺北市" />
    <tag k="addr:country" v="TW" />
    <tag k="amenity" v="bank" />
    <tag k="name" v="中國銀行" />
  </node>
  <node id="3343367527" lat="25.0353817" lon="121.5695602">
    <tag k="amenity" v="restaurant" />
    <tag k="name" v="勞瑞斯牛肋排餐廳" />
    <tag k="name:en" v="Lawry's The prime rips" />
    <tag k="name:zh" v="勞瑞斯牛肋排餐廳" />
  </node>
  <node id="3345065499" lat="25.0341938" lon="121.5697613" />
  <node id="3345065500" lat="25.0341657" lon="121.5710054" />
  <node id="3345065501" lat="25.0339341" lon="121.5709990" />
  <node id="3345065502" lat="25.0339623" lon="121.5697549" />
  <node id="3345065557" lat="25.0335894" lon="121.5690877" />
  <node id="3345065558" lat="25.0339168" lon="121.5696461" />
  <node id="3353482773" lat="25.0343538" lon="121.5690080">
    <tag k="addr:city" v="臺北市" />
    <tag k="addr:country" v="TW" />
    <tag k="addr:district" v="信義區" />
    <tag k="addr:full" v="台北市信義區松仁路123號" />
    <tag k="addr:housenumber" v="123" />
    <tag k="addr:postcode" v="110" />
    <tag k="addr:street" v="松仁路" />
    <tag k="amenity" v="bank" />
    <tag k="atm" v="yes" />
    <tag k="branch" v="營運總部分行" />
    <tag k="brand" v="華南商業銀行" />
    <tag k="brand:en" v="Hua Nan Commercial Bank" />
    <tag k="brand:wikidata" v="Q11620043" />
    <tag k="brand:wikipedia" v="zh:華南銀行" />
    <tag k="brand:zh" v="華南商業銀行" />
    <tag k="drive_through" v="no" />
    <tag k="name" v="華南商業銀行" />
    <tag k="name:en" v="Hua Nan Commercial Bank" />
    <tag k="name:nan" v="Hoâ-lâm Siong-gia̍p Gîn-hâng" />
    <tag k="name:nan-Hant" v="華南商業銀行" />
    <tag k="name:nan-Latn-pehoeji" v="Hoâ-lâm Siong-gia̍p Gîn-hâng" />
    <tag k="name:nan-Latn-tailo" v="Huâ-lâm Siong-gia̍p Gîn-hâng" />
    <tag k="name:zh" v="華南商業銀行" />
    <tag k="nat_ref" v="10010088886" />
    <tag k="phone" v="+886 2 2720 6988" />
    <tag k="ref" v="88886" />
    <tag k="source" v="金管會" />
    <tag k="source:date" v="2017-08-31" />
  </node>
  <node id="3353482774" lat="25.0353603" lon="121.5685648" />
  <node id="3353482775" lat="25.0350232" lon="121.5685808" />
  <node id="3353482776" lat="25.0348537" lon="121.5696864" />
  <node id="3353482777" lat="25.0348749" lon="121.5685537" />
  <node id="3379237103" lat="25.0349085" lon="121.5672538">
    <tag k="amenity" v="restaurant" />
    <tag k="brand" v="California Pizza Kitchen" />
    <tag k="brand:wikidata" v="Q15109854" />
    <tag k="brand:wikipedia" v="en:California Pizza Kitchen" />
    <tag k="cuisine" v="pizza" />
    <tag k="name" v="California Pizza Kitchen" />
    <tag k="short_name" v="CPK" />
    <tag k="wheelchair" v="yes" />
  </node>
  <node id="3379237115" lat="25.0353638" lon="121.5677013">
    <tag k="brand" v="全家便利商店" />
    <tag k="brand:en" v="FamilyMart" />
    <tag k="brand:ja" v="ファミリーマート" />
    <tag k="brand:wikidata" v="Q10891564" />
    <tag k="brand:wikipedia" v="en:FamilyMart" />
    <tag k="brand:zh" v="全家便利商店" />
    <tag k="name" v="全家便利商店" />
    <tag k="name:en" v="FamilyMart" />
    <tag k="name:ja" v="ファミリーマート" />
    <tag k="name:nan" v="Chôan-ke" />
    <tag k="name:zh" v="全家便利商店" />
    <tag k="shop" v="convenience" />
    <tag k="wheelchair" v="yes" />
  </node>
  <node id="3379237116" lat="25.0355418" lon="121.5680941">
    <tag k="addr:city" v="臺北市" />
    <tag k="addr:country" v="TW" />
    <tag k="addr:district" v="信義區" />
    <tag k="addr:full" v="110臺北市信義區松壽路22號" />
    <tag k="addr:housenumber" v="22" />
    <tag k="addr:level" v="1" />
    <tag k="addr:postcode" v="110" />
    <tag k="addr:street" v="松壽路" />
    <tag k="disused:amenity" v="restaurant" />
    <tag k="disused:name" v="曉確性Light House" />
    <tag k="disused:name:en" v="Light House Restaurant" />
    <tag k="shop" v="vacant" />
  </node>
  <node id="3383997813" lat="25.0330484" lon="121.5696263" />
  <node id="3383997814" lat="25.0330453" lon="121.5696262" />
  <node id="3383997815" lat="25.0330556" lon="121.5690755" />
  <node id="3575335846" lat="25.0630400" lon="121.5686081">
    <tag k="amenity" v="toilets" />
  </node>
  <node id="3639530947" lat="25.0504897" lon="121.5933161">
    <tag k="addr:city" v="臺北市" />
    <tag k="addr:country" v="TW" />
    <tag k="addr:district" v="南港區" />
    <tag k="addr:full" v="11558臺北市南港區忠孝東路六段451號" />
    <tag k="addr:housenumber" v="451" />
    <tag k="addr:postcode" v="11558" />
    <tag k="addr:street" v="忠孝東路六段" />
    <tag k="air_conditioning" v="yes" />
    <tag k="name" v="昆陽" />
    <tag k="name:en" v="Kunyang" />
    <tag k="name:hak" v="kunˊ iongˇ" />
    <tag k="name:nan" v="Khun-iông" />
    <tag k="name:nan-Hant" v="昆陽" />
    <tag k="name:nan-Latn-pehoeji" v="Khun-iông" />
    <tag k="name:nan-Latn-tailo" v="Khun-iông" />
    <tag k="name:zh" v="昆陽" />
    <tag k="name:zh-Hans" v="昆阳" />
    <tag k="name:zh-Hant" v="昆陽" />
    <tag k="name:zh-Latn-pinyin" v="kūn yáng" />
    <tag k="network" v="臺北捷運" />
    <tag k="operator" v="臺北大眾捷運股份有限公司" />
    <tag k="public_transport" v="station" />
    <tag k="railway" v="station" />
    <tag k="ref" v="BL21" />
    <tag k="station" v="subway" />
    <tag k="subway" v="yes" />
    <tag k="wikidata" v="Q698774" />
    <tag k="wikipedia" v="zh:昆陽站 (臺北市)" />
  </node>
  <node id="3639530971" lat="25.0504219" lon="121.5933392">
    <tag k="name" v="昆陽" />
    <tag k="name:en" v="Kunyang" />
    <tag k="name:hak" v="kunˊ iongˇ" />
    <tag k="name:nan" v="Khun-iông" />
    <tag k="name:nan-Hant" v="昆陽" />
    <tag k="name:nan-Latn-pehoeji" v="Khun-iông" />
    <tag k="name:nan-Latn-tailo" v="Khun-iông" />
    <tag k="name:zh" v="昆陽" />
    <tag k="name:zh-Hans" v="昆阳" />
    <tag k="name:zh-Hant" v="昆陽" />
    <tag k="name:zh-Latn-pinyin" v="kūn yáng" />
    <tag k="public_transport" v="stop_position" />
    <tag k="railway" v="stop" />
    <tag k="subway" v="yes" />
  </node>
  <node id="3666244129" lat="25.0475559" lon="121.5730054">
    <tag k="bench" v="yes" />
    <tag k="bin" v="no" />
    <tag k="bus" v="yes" />
    <tag k="description" v="松隆路208號對向" />
    <tag k="highway" v="bus_stop" />
    <tag k="lit" v="no" />
    <tag k="name" v="永吉國中" />
    <tag k="name:en" v="Yongji Junior High School" />
    <tag k="name:zh" v="永吉國中" />
    <tag k="name:zh-Hans" v="永吉国中" />
    <tag k="name:zh-Hant" v="永吉國中" />
    <tag k="public_transport" v="platform" />
    <tag k="ref" v="15106" />
    <tag k="shelter" v="yes" />
  </node>
  <node id="3692994193" lat="25.0349899" lon="121.5677466">
    <tag k="addr:city" v="臺北市" />
    <tag k="addr:country" v="TW" />
    <tag k="addr:district" v="信義區" />
    <tag k="addr:full" v="110臺北市信義區松仁路90號" />
    <tag k="addr:housenumber" v="90" />
    <tag k="addr:postcode" v="110" />
    <tag k="addr:street" v="松仁路" />
    <tag k="amenity" v="bar" />
    <tag k="name" v="Marsalis Home Taipei" />
    <tag k="opening_hours" v="Su-Th 19:00-02:00; Fr-Sa 19:00-03:00" />
    <tag k="phone" v="+886 287 898 166" />
    <tag k="smoking" v="isolated" />
    <tag k="website" v="https://www.facebook.com/marsalishome" />
  </node>
  <node id="3738699781" lat="25.0347654" lon="121.5697851" />
  <node id="3738699782" lat="25.0347654" lon="121.5701202" />
  <node id="3738699783" lat="25.0345330" lon="121.5701202" />
  <node id="3738699784" lat="25.0345330" lon="121.5697851" />
  <node id="3738699883" lat="25.0338020" lon="121.5687850" />
  <node id="3738699884" lat="25.0338499" lon="121.5689184" />
  <node id="3738699888" lat="25.0336534" lon="121.5687816" />
  <node id="3738699889" lat="25.0337197" lon="121.5688061" />
  <node id="3738699890" lat="25.0337201" lon="121.5687832" />
  <node id="3738699893" lat="25.0337013" lon="121.5695272" />
  <node id="3750119961" lat="25.0498576" lon="121.5940309">
    <tag k="addr:city" v="台北市" />
    <tag k="addr:country" v="TW" />
    <tag k="addr:district" v="南港區" />
    <tag k="addr:full" v="115台北市南港區昆陽街140巷5號" />
    <tag k="addr:housenumber" v="5" />
    <tag k="addr:postcode" v="115" />
    <tag k="addr:street" v="昆陽街140巷" />
    <tag k="amenity" v="restaurant" />
    <tag k="cuisine" v="chinese" />
    <tag k="name" v="昆陽牛肉麵" />
    <tag k="wheelchair" v="yes" />
  </node>
  <node id="3756813887" lat="25.0499600" lon="121.5926154">
    <tag k="amenity" v="telephone" />
  </node>
  <node id="3765076610" lat="25.0353072" lon="121.5699287" />
  <node id="3765076611" lat="25.0353068" lon="121.5699841" />
  <node id="3765076612" lat="25.0351886" lon="121.5699831" />
  <node id="3785629222" lat="25.0625730" lon="121.5681426">
    <tag k="amenity" v="drinking_water" />
    <tag k="description" v="三民公園遊戲場旁飲水機" />
    <tag k="opening_hours" v="24/7" />
    <tag k="wheelchair" v="limited" />
  </node>
  <node id="3788503746" lat="25.0627101" lon="121.5632342" />
  <node id="3788503747" lat="25.0631108" lon="121.5661413" />
  <node id="3788503748" lat="25.0631375" lon="121.5665839" />
  <node id="3788503749" lat="25.0630404" lon="121.5666027" />
  <node id="3788503750" lat="25.0627974" lon="121.5646903" />
  <node id="3788503751" lat="25.0625982" lon="121.5632526" />
  <node id="3820767411" lat="25.0624780" lon="121.5686026">
    <tag k="bus" v="yes" />
    <tag k="description" v="塔悠路" />
    <tag k="highway" v="bus_stop" />
    <tag k="name" v="撫遠抽水站" />
    <tag k="name:en" v="Fuyuan Pumping Sta." />
    <tag k="name:zh" v="撫遠抽水站" />
    <tag k="name:zh-Hans" v="抚远抽水站" />
    <tag k="name:zh-Hant" v="撫遠抽水站" />
    <tag k="network" v="臺北市市區公車" />
    <tag k="network:en" v="Taipei Joint Bus System" />
    <tag k="network:nan" v="Tâi-pak-chhī Chhī-khu Kong-chhia" />
    <tag k="network:nan-Hant" v="臺北市市區公車" />
    <tag k="network:nan-Latn-pehoeji" v="Tâi-pak-chhī Chhī-khu Kong-chhia" />
    <tag k="network:nan-Latn-tailo" v="Tâi-pak-tshiī Tshī-khu Kong-tshia" />
    <tag k="network:wikidata" v="Q5972821" />
    <tag k="network:zh" v="臺北市市區公車" />
    <tag k="public_transport" v="platform" />
    <tag k="ref" v="1000631" />
    <tag k="wheelchair" v="yes" />
  </node>
  <node id="3981476580" lat="25.0476910" lon="121.5721399">
    <tag k="bench" v="yes" />
    <tag k="bin" v="no" />
    <tag k="bus" v="yes" />
    <tag k="description" v="松信路51號對面" />
    <tag k="highway" v="bus_stop" />
    <tag k="lit" v="no" />
    <tag k="name" v="雅祥公園" />
    <tag k="name:en" v="Yaxiang Park" />
    <tag k="name:nan" v="Ngá-siông Kong-hn̂g" />
    <tag k="name:nan-Hant" v="雅祥公園" />
    <tag k="name:nan-Latn-pehoeji" v="Ngá-siông Kong-hn̂g" />
    <tag k="name:nan-Latn-tailo" v="Ngá-siông Kong-hn̂g" />
    <tag k="name:zh" v="雅祥公園" />
    <tag k="name:zh-Hans" v="雅祥公园" />
    <tag k="name:zh-Hant" v="雅祥公園" />
    <tag k="network" v="臺北市市區公車" />
    <tag k="network:en" v="Taipei Joint Bus System" />
    <tag k="network:nan" v="Tâi-pak-chhī Chhī-khu Kong-chhia" />
    <tag k="network:nan-Hant" v="臺北市市區公車" />
    <tag k="network:nan-Latn-pehoeji" v="Tâi-pak-chhī Chhī-khu Kong-chhia" />
    <tag k="network:nan-Latn-tailo" v="Tâi-pak-tshiī Tshī-khu Kong-tshia" />
    <tag k="network:wikidata" v="Q5972821" />
    <tag k="network:zh" v="臺北市市區公車" />
    <tag k="public_transport" v="platform" />
    <tag k="ref" v="4825" />
    <tag k="shelter" v="yes" />
  </node>
  <node id="3981476581" lat="25.0477665" lon="121.5722206">
    <tag k="bench" v="yes" />
    <tag k="bin" v="no" />
    <tag k="bus" v="yes" />
    <tag k="description" v="松信路47號" />
    <tag k="highway" v="bus_stop" />
    <tag k="lit" v="no" />
    <tag k="name" v="雅祥公園" />
    <tag k="name:en" v="Yaxiang Park" />
    <tag k="name:nan" v="Ngá-siông Kong-hn̂g" />
    <tag k="name:nan-Hant" v="雅祥公園" />
    <tag k="name:nan-Latn-pehoeji" v="Ngá-siông Kong-hn̂g" />
    <tag k="name:nan-Latn-tailo" v="Ngá-siông Kong-hn̂g" />
    <tag k="name:zh" v="雅祥公園" />
    <tag k="name:zh-Hans" v="雅祥公园" />
    <tag k="name:zh-Hant" v="雅祥公園" />
    <tag k="network" v="臺北市市區公車" />
    <tag k="network:en" v="Taipei Joint Bus System" />
    <tag k="network:nan" v="Tâi-pak-chhī Chhī-khu Kong-chhia" />
    <tag k="network:nan-Hant" v="臺北市市區公車" />
    <tag k="network:nan-Latn-pehoeji" v="Tâi-pak-chhī Chhī-khu Kong-chhia" />
    <tag k="network:nan-Latn-tailo" v="Tâi-pak-tshiī Tshī-khu Kong-tshia" />
    <tag k="network:wikidata" v="Q5972821" />
    <tag k="network:zh" v="臺北市市區公車" />
    <tag k="public_transport" v="platform" />
    <tag k="ref" v="4826" />
    <tag k="shelter" v="no" />
  </node>
  <node id="4115302788" lat="25.0352102" lon="121.5673917">
    <tag k="addr:postcode" v="110" />
    <tag k="amenity" v="pub" />
    <tag k="internet_access" v="wlan" />
    <tag k="name" v="Brass Monkey" />
    <tag k="opening_hours" v="Mo-Su 11:00-01:00" />
    <tag k="phone" v="+886 2 2722 5755" />
    <tag k="website" v="https://www.brassmonkeytaipei.com/bmx/" />
    <tag k="wheelchair" v="yes" />
  </node>
  <node id="4255504790" lat="25.0350151" lon="121.5680048">
    <tag k="addr:street" v="松仁路" />
    <tag k="amenity" v="bar" />
    <tag k="name" v="CIGAR GALLERY雪茄館" />
    <tag k="opening_hours" v="Mo-Th 11:00-00:00; Fr-Sa 11:00-01:00" />
  </node>
  <node id="4358415489" lat="25.0504373" lon="121.5932988">
    <tag k="amenity" v="atm" />
    <tag k="operator" v="國泰世華聯合商業銀行" />
  </node>
  <node id="4358415490" lat="25.0499349" lon="121.5927295">
    <tag k="alt_name" v="中華郵政;郵局" />
    <tag k="amenity" v="atm" />
    <tag k="brand" v="中華郵政" />
    <tag k="brand:en" v="Chunghwa Post" />
    <tag k="brand:nan" v="Tiong-hôa Iû-chèng" />
    <tag k="brand:nan-Hant" v="中華郵政" />
    <tag k="brand:nan-Latn-pehoeji" v="Tiong-hôa Iû-chèng" />
    <tag k="brand:nan-Latn-tailo" v="Tiong-huâ Iû-tsìng" />
    <tag k="brand:wikidata" v="Q709259" />
    <tag k="brand:zh" v="中華郵政" />
  </node>
  <node id="4359016295" lat="25.0504287" lon="121.5929075">
    <tag k="name" v="捷運昆陽站(2號出口)" />
    <tag k="railway" v="subway_entrance" />
    <tag k="ref" v="2" />
    <tag k="wheelchair" v="yes" />
  </node>
  <node id="4359016296" lat="25.0505823" lon="121.5935576">
    <tag k="name" v="捷運昆陽站(3號出口)" />
    <tag k="name:zh" v="捷運昆陽站(3號出口)" />
    <tag k="railway" v="subway_entrance" />
    <tag k="ref" v="3" />
  </node>
  <node id="4359025063" lat="25.0500605" lon="121.5932258">
    <tag k="addr:city" v="臺北市" />
    <tag k="addr:country" v="TW" />
    <tag k="addr:district" v="南港區" />
    <tag k="addr:full" v="115臺北市南港區忠孝東路六段422號" />
    <tag k="addr:housenumber" v="422" />
    <tag k="addr:postcode" v="115" />
    <tag k="addr:street" v="忠孝東路六段" />
    <tag k="amenity" v="restaurant" />
    <tag k="brand" v="鬍鬚張魯肉飯" />
    <tag k="cuisine" v="regional" />
    <tag k="name" v="鬍鬚張魯肉飯" />
  </node>
  <node id="4359025064" lat="25.0497216" lon="121.5917977">
    <tag k="addr:city" v="臺北市" />
    <tag k="addr:country" v="TW" />
    <tag k="addr:district" v="南港區" />
    <tag k="addr:full" v="115臺北市南港區忠孝東路六段372號" />
    <tag k="addr:housenumber" v="372" />
    <tag k="addr:postcode" v="115" />
    <tag k="addr:street" v="忠孝東路六段" />
    <tag k="amenity" v="restaurant" />
    <tag k="cuisine" v="regional" />
    <tag k="name" v="金春發牛肉店" />
  </node>
  <node id="4359025065" lat="25.0497806" lon="121.5920555">
    <tag k="addr:city" v="臺北市" />
    <tag k="addr:country" v="TW" />
    <tag k="addr:district" v="南港區" />
    <tag k="addr:full" v="115臺北市南港區忠孝東路六段382號" />
    <tag k="addr:housenumber" v="382" />
    <tag k="addr:postcode" v="115" />
    <tag k="addr:street" v="忠孝東路六段" />
    <tag k="amenity" v="restaurant" />
    <tag k="brand" v="三媽臭臭鍋" />
    <tag k="brand:wikidata" v="Q108212222" />
    <tag k="brand:zh" v="三媽臭臭鍋" />
    <tag k="cuisine" v="taiwanese" />
    <tag k="name" v="三媽臭臭鍋" />
    <tag k="name:en" v="Gold Seight" />
    <tag k="name:zh" v="三媽臭臭鍋" />
  </node>
  <node id="4359077014" lat="25.0501493" lon="121.5931179">
    <tag k="bus" v="yes" />
    <tag k="name" v="捷運昆陽站" />
    <tag k="name:en" v="MRT Kunyang" />
    <tag k="name:zh" v="捷運昆陽站" />
    <tag k="network" v="臺北市公車" />
    <tag k="public_transport" v="stop_position" />
  </node>
  <node id="4359077015" lat="25.0502263" lon="121.5930286">
    <tag k="bus" v="yes" />
    <tag k="name" v="捷運昆陽站" />
    <tag k="name:en" v="MRT Kunyang" />
    <tag k="name:zh" v="捷運昆陽站" />
    <tag k="network" v="臺北市公車" />
    <tag k="public_transport" v="stop_position" />
  </node>
  <node id="4359077016" lat="25.0502802" lon="121.5935744">
    <tag k="bus" v="yes" />
    <tag k="name" v="捷運昆陽站" />
    <tag k="name:en" v="MRT Kunyang" />
    <tag k="name:zh" v="捷運昆陽站" />
    <tag k="network" v="臺北市公車" />
    <tag k="public_transport" v="stop_position" />
  </node>
  <node id="4360398427" lat="25.0501158" lon="121.5935214">
    <tag k="addr:city" v="臺北市" />
    <tag k="addr:country" v="TW" />
    <tag k="addr:district" v="南港區" />
    <tag k="addr:full" v="115臺北市南港區忠孝東路六段432號" />
    <tag k="addr:housenumber" v="432" />
    <tag k="addr:postcode" v="115" />
    <tag k="addr:street" v="忠孝東路六段" />
    <tag k="name" v="HANGTAN" />
    <tag k="shop" v="clothes" />
  </node>
  <node id="4360398430" lat="25.0501496" lon="121.5936524">
    <tag k="addr:city" v="臺北市" />
    <tag k="addr:country" v="TW" />
    <tag k="addr:district" v="南港區" />
    <tag k="addr:full" v="115臺北市南港區忠孝東路六段436號" />
    <tag k="addr:housenumber" v="436" />
    <tag k="addr:postcode" v="115" />
    <tag k="addr:street" v="忠孝東路六段" />
    <tag k="amenity" v="prep_school" />
    <tag k="education" v="prep_school" />
    <tag k="name" v="北崧語文補習班" />
  </node>
  <node id="4360398432" lat="25.0500992" lon="121.5934637">
    <tag k="addr:city" v="臺北市" />
    <tag k="addr:country" v="TW" />
    <tag k="addr:district" v="南港區" />
    <tag k="addr:full" v="115臺北市南港區忠孝東路六段430號" />
    <tag k="addr:housenumber" v="430" />
    <tag k="addr:postcode" v="115" />
    <tag k="addr:street" v="忠孝東路六段" />
    <tag k="shop" v="vacant" />
  </node>
  <node id="4360398434" lat="25.0501298" lon="121.5935653">
    <tag k="addr:city" v="臺北市" />
    <tag k="addr:country" v="TW" />
    <tag k="addr:district" v="南港區" />
    <tag k="addr:full" v="115臺北市南港區忠孝東路六段434號" />
    <tag k="addr:housenumber" v="434" />
    <tag k="addr:postcode" v="115" />
    <tag k="addr:street" v="忠孝東路六段" />
    <tag k="name" v="永佳文具" />
    <tag k="shop" v="stationery" />
  </node>
  <node id="4360398435" lat="25.0501367" lon="121.5935931">
    <tag k="addr:city" v="臺北市" />
    <tag k="addr:country" v="TW" />
    <tag k="addr:district" v="南港區" />
    <tag k="addr:full" v="115臺北市南港區忠孝東路六段434號" />
    <tag k="addr:housenumber" v="434" />
    <tag k="addr:postcode" v="115" />
    <tag k="addr:street" v="忠孝東路六段" />
    <tag k="name" v="美二佳" />
    <tag k="shop" v="bakery" />
  </node>
  <node id="4374084080" lat="25.0499709" lon="121.5934780">
    <tag k="addr:city" v="臺北市" />
    <tag k="addr:country" v="TW" />
    <tag k="addr:district" v="南港區" />
    <tag k="addr:full" v="115臺北市南港區忠孝東路六段428巷3號" />
    <tag k="addr:housenumber" v="3" />
    <tag k="addr:postcode" v="115" />
    <tag k="addr:street" v="忠孝東路六段428巷" />
    <tag k="amenity" v="cafe" />
    <tag k="cuisine" v="teahouse" />
    <tag k="name" v="真茶自慢" />
    <tag k="website" v="http://gogotea.com.tw/" />
  </node>
  <node id="4716438598" lat="25.0503053" lon="121.5941972">
    <tag k="addr:city" v="台北市" />
    <tag k="addr:country" v="TW" />
    <tag k="addr:district" v="南港區" />
    <tag k="addr:full" v="115台北市南港區忠孝東路六段452號" />
    <tag k="addr:housenumber" v="452" />
    <tag k="addr:postcode" v="115" />
    <tag k="addr:street" v="忠孝東路六段" />
    <tag k="amenity" v="cafe" />
    <tag k="brand" v="50嵐" />
    <tag k="brand:en" v="50 Lan" />
    <tag k="brand:wikidata" v="Q106926258" />
    <tag k="brand:zh" v="50嵐" />
    <tag k="cuisine" v="bubble_tea" />
    <tag k="name" v="50嵐" />
    <tag k="name:en" v="50 Lan" />
    <tag k="name:zh" v="50嵐" />
    <tag k="phone" v="+886 2 2788 9003" />
    <tag k="shop" v="beverages" />
    <tag k="takeaway" v="yes" />
  </node>
  <node id="4716442234" lat="25.0498594" lon="121.5941744">
    <tag k="addr:city" v="台北市" />
    <tag k="addr:country" v="TW" />
    <tag k="addr:district" v="南港區" />
    <tag k="addr:full" v="11561台北市南港區昆陽街140巷2號" />
    <tag k="addr:housenumber" v="2" />
    <tag k="addr:postcode" v="11561" />
    <tag k="addr:street" v="昆陽街140巷" />
    <tag k="branch" v="南港昆陽店" />
    <tag k="brand" v="COMEBUY" />
    <tag k="name" v="COMEBUY" />
    <tag k="phone" v="+886 2 2652 2886" />
    <tag k="shop" v="beverages" />
  </node>
  <node id="4837986349" lat="25.0357130" lon="121.5678968">
    <tag k="bus" v="yes" />
    <tag k="description" v="32, 621, 669停靠" />
    <tag k="highway" v="bus_stop" />
    <tag k="name" v="松壽路口" />
    <tag k="name:en" v="Songshou Rd. Entrance" />
    <tag k="name:nan" v="Siông-siū Lō͘-kháu" />
    <tag k="name:nan-Hant" v="松壽路口" />
    <tag k="name:nan-Latn-pehoeji" v="Siông-siū Lō͘-kháu" />
    <tag k="name:nan-Latn-tailo" v="Siông-siū Lōo-kháu" />
    <tag k="name:zh" v="松壽路口" />
    <tag k="name:zh-Hans" v="松寿路口" />
    <tag k="name:zh-Hant" v="松壽路口" />
    <tag k="public_transport" v="platform" />
    <tag k="shelter" v="no" />
  </node>
  <node id="5110348567" lat="25.0476536" lon="121.5711872">
    <tag k="amenity" v="place_of_worship" />
    <tag k="check_date" v="2026-04-16" />
    <tag k="name" v="貴吾堂" />
    <tag k="religion" v="taoist" />
  </node>
  <node id="5110348568" lat="25.0475041" lon="121.5716683">
    <tag k="amenity" v="parking_entrance" />
    <tag k="maxheight" v="2.1" />
    <tag k="parking" v="underground" />
  </node>
  <node id="5110348810" lat="25.0500033" lon="121.5929983">
    <tag k="addr:city" v="台北市" />
    <tag k="addr:country" v="TW" />
    <tag k="addr:district" v="南港區" />
    <tag k="addr:floor" v="1" />
    <tag k="addr:full" v="台北市南港區忠孝東路六段414號1樓" />
    <tag k="addr:housenumber" v="414" />
    <tag k="addr:postcode" v="115" />
    <tag k="addr:street" v="忠孝東路六段" />
    <tag k="amenity" v="dentist" />
    <tag k="contact:line" v="@758lttau" />
    <tag k="healthcare" v="dentist" />
    <tag k="name" v="沐澄美學牙醫診所" />
    <tag k="phone" v="+886 2 2785 6960" />
  </node>
  <node id="5344892837" lat="25.0350581" lon="121.5685816" />
  <node id="5344892840" lat="25.0350585" lon="121.5685579" />
  <node id="5362566924" lat="25.0357146" lon="121.5676193" />
  <node id="5362566925" lat="25.0357038" lon="121.5682072" />
  <node id="5362566926" lat="25.0348829" lon="121.5681546" />
  <node id="5362566927" lat="25.0348919" lon="121.5676362" />
  <node id="5362566973" lat="25.0347624" lon="121.5685847" />
  <node id="5362566974" lat="25.0347427" lon="121.5696384" />
  <node id="5362566975" lat="25.0339616" lon="121.5696477" />
  <node id="5362566976" lat="25.0339818" lon="121.5685669" />
  <node id="5472286744" lat="25.0354562" lon="121.5681005">
    <tag k="addr:city" v="台北市" />
    <tag k="addr:country" v="TW" />
    <tag k="addr:district" v="信義區" />
    <tag k="addr:full" v="110台北市信義區松壽路30號" />
    <tag k="addr:housenumber" v="30" />
    <tag k="addr:postcode" v="110" />
    <tag k="addr:street" v="松壽路" />
    <tag k="amenity" v="restaurant" />
    <tag k="cuisine" v="ramen" />
    <tag k="name" v="一幻拉麵" />
    <tag k="wheelchair" v="yes" />
  </node>
  <node id="5760469017" lat="25.0632165" lon="121.5686721">
    <tag k="amenity" v="place_of_worship" />
    <tag k="name" v="民權福德宮" />
    <tag k="wheelchair" v="yes" />
  </node>
  <node id="5773643478" lat="25.0344468" lon="121.5689590">
    <tag k="addr:city" v="臺北市" />
    <tag k="addr:country" v="TW" />
    <tag k="addr:district" v="信義區" />
    <tag k="addr:floor" v="15" />
    <tag k="addr:full" v="臺北市信義區松仁路123號15樓" />
    <tag k="addr:housenumber" v="123" />
    <tag k="addr:postcode" v="110" />
    <tag k="addr:street" v="松仁路" />
    <tag k="amenity" v="bank" />
    <tag k="branch" v="國際金融業務分行" />
    <tag k="brand" v="華南商業銀行" />
    <tag k="brand:en" v="Hua Nan Commercial Bank" />
    <tag k="brand:wikidata" v="Q11620043" />
    <tag k="brand:wikipedia" v="zh:華南銀行" />
    <tag k="brand:zh" v="華南商業銀行" />
    <tag k="name" v="華南商業銀行" />
    <tag k="name:en" v="Hua Nan Commercial Bank" />
    <tag k="name:nan" v="Hoâ-lâm Siong-gia̍p Gîn-hâng" />
    <tag k="name:nan-Hant" v="華南商業銀行" />
    <tag k="name:nan-Latn-pehoeji" v="Hoâ-lâm Siong-gia̍p Gîn-hâng" />
    <tag k="name:nan-Latn-tailo" v="Huâ-lâm Siong-gia̍p Gîn-hâng" />
    <tag k="name:zh" v="華南商業銀行" />
    <tag k="nat_ref" v="10010080709" />
    <tag k="phone" v="+886 2 2371 3111" />
    <tag k="ref" v="80709" />
    <tag k="source" v="金管會" />
    <tag k="source:date" v="2017-08-31" />
  </node>
  <node id="5773643661" lat="25.0343082" lon="121.5689201">
    <tag k="addr:city" v="臺北市" />
    <tag k="addr:country" v="TW" />
    <tag k="addr:district" v="信義區" />
    <tag k="addr:floor" v="15" />
    <tag k="addr:full" v="臺北市信義區松仁路123號15樓" />
    <tag k="addr:housenumber" v="123" />
    <tag k="addr:postcode" v="110" />
    <tag k="addr:street" v="松仁路" />
    <tag k="amenity" v="bank" />
    <tag k="branch" v="信託部" />
    <tag k="brand" v="華南商業銀行" />
    <tag k="brand:en" v="Hua Nan Commercial Bank" />
    <tag k="brand:wikidata" v="Q11620043" />
    <tag k="brand:wikipedia" v="zh:華南銀行" />
    <tag k="brand:zh" v="華南商業銀行" />
    <tag k="name" v="華南商業銀行" />
    <tag k="name:en" v="Hua Nan Commercial Bank" />
    <tag k="name:nan" v="Hoâ-lâm Siong-gia̍p Gîn-hâng" />
    <tag k="name:nan-Hant" v="華南商業銀行" />
    <tag k="name:nan-Latn-pehoeji" v="Hoâ-lâm Siong-gia̍p Gîn-hâng" />
    <tag k="name:nan-Latn-tailo" v="Huâ-lâm Siong-gia̍p Gîn-hâng" />
    <tag k="name:zh" v="華南商業銀行" />
    <tag k="nat_ref" v="10010080069" />
    <tag k="phone" v="+886 2 2371 3111" />
    <tag k="ref" v="80069" />
    <tag k="source" v="金管會" />
    <tag k="source:date" v="2017-08-31" />
  </node>
  <node id="5773643721" lat="25.0343885" lon="121.5689348">
    <tag k="addr:city" v="臺北市" />
    <tag k="addr:country" v="TW" />
    <tag k="addr:district" v="信義區" />
    <tag k="addr:floor" v="4" />
    <tag k="addr:full" v="臺北市信義區松仁路123號4樓" />
    <tag k="addr:housenumber" v="123" />
    <tag k="addr:postcode" v="110" />
    <tag k="addr:street" v="松仁路" />
    <tag k="amenity" v="bank" />
    <tag k="branch" v="國際金融部" />
    <tag k="brand" v="華南商業銀行" />
    <tag k="brand:en" v="Hua Nan Commercial Bank" />
    <tag k="brand:wikidata" v="Q11620043" />
    <tag k="brand:wikipedia" v="zh:華南銀行" />
    <tag k="brand:zh" v="華南商業銀行" />
    <tag k="name" v="華南商業銀行" />
    <tag k="name:en" v="Hua Nan Commercial Bank" />
    <tag k="name:nan" v="Hoâ-lâm Siong-gia̍p Gîn-hâng" />
    <tag k="name:nan-Hant" v="華南商業銀行" />
    <tag k="name:nan-Latn-pehoeji" v="Hoâ-lâm Siong-gia̍p Gîn-hâng" />
    <tag k="name:nan-Latn-tailo" v="Huâ-lâm Siong-gia̍p Gîn-hâng" />
    <tag k="name:zh" v="華南商業銀行" />
    <tag k="nat_ref" v="10010081027" />
    <tag k="phone" v="+886 2 2371 3111" />
    <tag k="ref" v="81027" />
    <tag k="source" v="金管會" />
    <tag k="source:date" v="2017-08-31" />
  </node>
  <node id="5822602153" lat="25.0348830" lon="121.5673897">
    <tag k="addr:city" v="台北市" />
    <tag k="addr:country" v="TW" />
    <tag k="addr:district" v="信義區" />
    <tag k="addr:full" v="110台北市信義區松壽路20號" />
    <tag k="addr:housenumber" v="20" />
    <tag k="addr:postcode" v="110" />
    <tag k="addr:street" v="松壽路" />
    <tag k="amenity" v="cafe" />
    <tag k="name" v="HWC黑沃咖啡-台北威秀店" />
    <tag k="phone" v="+886 2 27229801" />
    <tag k="wheelchair" v="yes" />
  </node>
  <node id="5923254086" lat="25.0353290" lon="121.5681090">
    <tag k="amenity" v="cafe" />
    <tag k="branch" v="勤業南山店" />
    <tag k="brand" v="路易莎咖啡" />
    <tag k="brand:en" v="Louisa Coffee" />
    <tag k="brand:wikidata" v="Q96390921" />
    <tag k="brand:wikipedia" v="zh:路易莎咖啡" />
    <tag k="brand:zh" v="路易莎咖啡" />
    <tag k="cuisine" v="coffee_shop" />
    <tag k="name" v="路易莎咖啡" />
    <tag k="name:en" v="Louisa Coffee" />
    <tag k="name:zh" v="路易莎咖啡" />
    <tag k="takeaway" v="yes" />
    <tag k="wheelchair" v="yes" />
  </node>
  <node id="6130569326" lat="25.0617900" lon="121.5676500">
    <tag k="amenity" v="drinking_water" />
    <tag k="bottle" v="yes" />
    <tag k="contact:phone" v="+886 2 2585 0192" />
    <tag k="description" v="台北市松山區撫遠街298號，三民公園遊戲場旁" />
    <tag k="description:covid19" v="至2021-11-30二級、三級警戒期間都不開放使用" />
    <tag k="is_in:district" v="松山" />
    <tag k="opening_hours" v="24/7" />
    <tag k="operator" v="工務局公園處圓山管理所" />
    <tag k="ref" v="2446" />
    <tag k="source" v="台北自來水事業處" />
    <tag k="source:date" v="2018-10-01 14:25:00" />
    <tag k="source:department" v="公園處" />
    <tag k="source:devision" v="東區" />
    <tag k="source:type" v="公園" />
    <tag k="source:url" v="https://data.taipei/dataset/detail/metadata?id=155999f2-3c5d-486b-af58-d7f4c0b0a4c9" />
    <tag k="start_date" v="2016-11-01 09:55:00" />
    <tag k="wheelchair" v="limited" />
  </node>
  <node id="6200236833" lat="25.0347277" lon="121.5674977" />
  <node id="6212372885" lat="25.0497690" lon="121.5919907">
    <tag k="addr:city" v="台北市" />
    <tag k="addr:country" v="TW" />
    <tag k="addr:district" v="南港區" />
    <tag k="addr:full" v="115台北市南港區忠孝東路六段380號" />
    <tag k="addr:housenumber" v="380" />
    <tag k="addr:postcode" v="115" />
    <tag k="addr:street" v="忠孝東路六段" />
    <tag k="amenity" v="restaurant" />
    <tag k="branch" v="昆陽店" />
    <tag k="branch:en" v="Kunyang" />
    <tag k="branch:zh" v="昆陽店" />
    <tag k="check_date" v="2024-12-09" />
    <tag k="cuisine" v="regional" />
    <tag k="name" v="涮嘴百元火鍋" />
    <tag k="name:en" v="Shuazui Hot Pot" />
    <tag k="name:zh" v="涮嘴百元火鍋" />
    <tag k="opening_hours" v="Mo-Su 11:00-21:30" />
    <tag k="phone" v="+886 2 2786 5568" />
  </node>
  <node id="6837968704" lat="25.0343813" lon="121.5689364">
    <tag k="amenity" v="atm" />
    <tag k="brand" v="華南商業銀行" />
    <tag k="brand:en" v="Hua Nan Commercial Bank" />
    <tag k="brand:wikidata" v="Q11620043" />
    <tag k="brand:zh" v="華南商業銀行" />
    <tag k="name:en" v="Hua Nan" />
    <tag k="name:nan" v="Hoâ-lâm Siong-gia̍p Gîn-hâng" />
    <tag k="name:nan-Hant" v="華南商業銀行" />
    <tag k="name:nan-Latn-pehoeji" v="Hoâ-lâm Siong-gia̍p Gîn-hâng" />
    <tag k="name:nan-Latn-tailo" v="Huâ-lâm Siong-gia̍p Gîn-hâng" />
    <tag k="name:zh" v="華南商業銀行" />
    <tag k="operator" v="華南商業銀行" />
    <tag k="operator:en" v="Hua Nan" />
    <tag k="operator:wikidata" v="Q11620043" />
  </node>
  <node id="6984169759" lat="25.0619701" lon="121.5683046">
    <tag k="amenity" v="place_of_worship" />
    <tag k="name" v="北巡武德宮" />
    <tag k="wheelchair" v="yes" />
  </node>
  <node id="6984169760" lat="25.0623637" lon="121.5689403" />
  <node id="6984169761" lat="25.0625751" lon="121.5687552" />
  <node id="6984169762" lat="25.0626674" lon="121.5686211" />
  <node id="6984169774" lat="25.0620892" lon="121.5687284" />
  <node id="6984169775" lat="25.0621183" lon="121.5690020" />
  <node id="7008562086" lat="25.0354999" lon="121.5678607">
    <tag k="addr:street" v="松壽路" />
    <tag k="amenity" v="restaurant" />
    <tag k="cuisine" v="barbecue" />
    <tag k="name" v="醐同燒肉夜食五號店" />
    <tag k="wheelchair" v="yes" />
  </node>
  <node id="7175344667" lat="25.0461098" lon="121.5719940">
    <tag k="amenity" v="restaurant" />
    <tag k="name" v="悟饕台北" />
  </node>
  <node id="7175344672" lat="25.0472703" lon="121.5731689">
    <tag k="amenity" v="restaurant" />
    <tag k="name" v="羊家將羊肉爐" />
  </node>
  <node id="7175344734" lat="25.0462099" lon="121.5719444">
    <tag k="amenity" v="restaurant" />
    <tag k="name" v="好味屋餐廳" />
  </node>
  <node id="7211419024" lat="25.0497271" lon="121.5940125">
    <tag k="amenity" v="restaurant" />
    <tag k="name" v="鐵丸十三堂" />
  </node>
  <node id="7211425599" lat="25.0497121" lon="121.5939576">
    <tag k="amenity" v="restaurant" />
    <tag k="branch" v="南港店" />
    <tag k="name" v="炭味家燒烤飯食" />
  </node>
  <node id="7211425640" lat="25.0497732" lon="121.5936452">
    <tag k="amenity" v="restaurant" />
    <tag k="name" v="昆陽滷肉飯" />
  </node>
  <node id="7211425641" lat="25.0497765" lon="121.5941336">
    <tag k="amenity" v="restaurant" />
    <tag k="name" v="昆陽快餐" />
  </node>
  <node id="7211425643" lat="25.0497533" lon="121.5935762">
    <tag k="amenity" v="restaurant" />
    <tag k="cuisine" v="beef_noodle" />
    <tag k="name" v="昆陽牛肉麵" />
  </node>
  <node id="7211425648" lat="25.0498296" lon="121.5939278">
    <tag k="amenity" v="restaurant" />
    <tag k="name" v="咔拉堡" />
  </node>
  <node id="7211425735" lat="25.0498102" lon="121.5938570">
    <tag k="amenity" v="restaurant" />
    <tag k="name" v="四季傳香湯滷味" />
  </node>
  <node id="7211425789" lat="25.0495621" lon="121.5936115">
    <tag k="amenity" v="restaurant" />
    <tag k="name" v="上海湯包" />
  </node>
  <node id="7417264354" lat="25.0476877" lon="121.5721742">
    <tag k="bus" v="yes" />
    <tag k="name" v="雅祥公園" />
    <tag k="name:en" v="Yaxiang Park" />
    <tag k="name:nan" v="Ngá-siông Kong-hn̂g" />
    <tag k="name:nan-Hant" v="雅祥公園" />
    <tag k="name:nan-Latn-pehoeji" v="Ngá-siông Kong-hn̂g" />
    <tag k="name:nan-Latn-tailo" v="Ngá-siông Kong-hn̂g" />
    <tag k="name:zh" v="雅祥公園" />
    <tag k="name:zh-Hans" v="雅祥公园" />
    <tag k="name:zh-Hant" v="雅祥公園" />
    <tag k="network" v="臺北市公車" />
    <tag k="public_transport" v="stop_position" />
  </node>
  <node id="7417264355" lat="25.0477714" lon="121.5721773">
    <tag k="bus" v="yes" />
    <tag k="name" v="雅祥公園" />
    <tag k="name:en" v="Yaxiang Park" />
    <tag k="name:nan" v="Ngá-siông Kong-hn̂g" />
    <tag k="name:nan-Hant" v="雅祥公園" />
    <tag k="name:nan-Latn-pehoeji" v="Ngá-siông Kong-hn̂g" />
    <tag k="name:nan-Latn-tailo" v="Ngá-siông Kong-hn̂g" />
    <tag k="name:zh" v="雅祥公園" />
    <tag k="name:zh-Hans" v="雅祥公园" />
    <tag k="name:zh-Hant" v="雅祥公園" />
    <tag k="network" v="臺北市公車" />
    <tag k="public_transport" v="stop_position" />
  </node>
  <node id="7502885656" lat="25.0491362" lon="121.5705235" />
  <node id="7502885657" lat="25.0491274" lon="121.5715725" />
  <node id="7502885658" lat="25.0484069" lon="121.5715554" />
  <node id="7502885659" lat="25.0484166" lon="121.5705161" />
  <node id="7700137030" lat="25.0343269" lon="121.5672240">
    <tag k="amenity" v="restaurant" />
    <tag k="is_in" v="微風南山" />
    <tag k="level" v="46" />
    <tag k="name" v="THE UKAI TAIPEI" />
  </node>
  <node id="7700137031" lat="25.0343736" lon="121.5672248">
    <tag k="amenity" v="restaurant" />
    <tag k="is_in" v="微風南山" />
    <tag k="level" v="46" />
    <tag k="name" v="新葡苑四十六" />
  </node>
  <node id="7700137032" lat="25.0344203" lon="121.5672257">
    <tag k="amenity" v="restaurant" />
    <tag k="is_in" v="微風南山" />
    <tag k="level" v="46" />
    <tag k="name" v="SAFFRON 46" />
  </node>
  <node id="7700137033" lat="25.0344670" lon="121.5672266">
    <tag k="amenity" v="restaurant" />
    <tag k="is_in" v="微風南山" />
    <tag k="level" v="47" />
    <tag k="name" v="和牛47" />
  </node>
  <node id="7700137034" lat="25.0345137" lon="121.5672275">
    <tag k="amenity" v="restaurant" />
    <tag k="is_in" v="微風南山" />
    <tag k="level" v="47" />
    <tag k="name" v="Smith&amp;Wollensky" />
  </node>
  <node id="7700137035" lat="25.0345604" lon="121.5672284">
    <tag k="amenity" v="restaurant" />
    <tag k="is_in" v="微風南山" />
    <tag k="level" v="47" />
    <tag k="name" v="MiraWan" />
  </node>
  <node id="7700137036" lat="25.0346071" lon="121.5672293">
    <tag k="amenity" v="restaurant" />
    <tag k="is_in" v="微風南山" />
    <tag k="level" v="48" />
    <tag k="name" v="CE LA VI" />
  </node>
  <node id="7759766257" lat="25.0355203" lon="121.5679576">
    <tag k="addr:city" v="台北市" />
    <tag k="addr:country" v="TW" />
    <tag k="addr:district" v="信義區" />
    <tag k="addr:floor" v="2" />
    <tag k="addr:full" v="台北市松壽路22號2樓" />
    <tag k="addr:housenumber" v="22" />
    <tag k="addr:street" v="松壽路" />
    <tag k="amenity" v="restaurant" />
    <tag k="branch" v="台北信義店" />
    <tag k="name" v="Chili's美式餐廳" />
    <tag k="phone" v="+886 2 2345 8838" />
  </node>
  <node id="7850043259" lat="25.0340154" lon="121.5674717" />
  <node id="8012762691" lat="25.0617223" lon="121.5665558">
    <tag k="amenity" v="restaurant" />
    <tag k="name" v="牧軒" />
    <tag k="wheelchair" v="yes" />
  </node>
  <node id="8164766468" lat="25.0499919" lon="121.5915186">
    <tag k="railway" v="switch" />
  </node>
  <node id="8164766475" lat="25.0501019" lon="121.5914483">
    <tag k="railway" v="switch" />
  </node>
  <node id="8856481174" lat="25.0345586" lon="121.5677107" />
  <node id="8856481175" lat="25.0345268" lon="121.5680508" />
  <node id="9020115378" lat="25.0473200" lon="121.5721100">
    <tag k="alt_name" v="YouBike2.0_雅祥公園(松信路50巷口)" />
    <tag k="alt_name:en" v="YouBike2.0_Yaxiang Park (Ln. 50, Songxin Rd.)" />
    <tag k="alt_name:nan" v="YouBike2.0_Ngá-siông Kong-hn̂g(Siông-sìn-lō͘ 50-hāng-á-kháu)" />
    <tag k="alt_name:nan-Hant" v="YouBike2.0_雅祥公園(松信路50巷仔口)" />
    <tag k="alt_name:nan-Latn-pehoeji" v="YouBike2.0_Ngá-siông Kong-hn̂g(Siông-sìn-lō͘ 50-hāng-á-kháu)" />
    <tag k="alt_name:nan-Latn-tailo" v="YouBike2.0_Ngá-siông Kong-hn̂g(Siông-sìn-lōo 50-hāng-á-kháu)" />
    <tag k="alt_name:zh" v="YouBike2.0_雅祥公園(松信路50巷口)" />
    <tag k="alt_name:zh-Bopo" v="YouBike2.0_ㄧㄚˇㄒㄧㄤˊㄍㄨㄥㄩㄢˊ(ㄙㄨㄥㄒㄧㄣˋㄌㄨˋ50ㄒㄧㄤˋㄎㄡˇ)" />
    <tag k="alt_name:zh-Hans" v="YouBike2.0_雅祥公园(松信路50巷口)" />
    <tag k="alt_name:zh-Hant" v="YouBike2.0_雅祥公園(松信路50巷口)" />
    <tag k="alt_name:zh-Latn-pinyin" v="YouBike2.0_yǎxiánggōngyuán(sōngxìnlù50xiàngkǒu)" />
    <tag k="amenity" v="bicycle_rental" />
    <tag k="authentication:app" v="yes" />
    <tag k="authentication:contactless" v="yes" />
    <tag k="authentication:membership_card" v="yes" />
    <tag k="bicycle_rental" v="docking_station" />
    <tag k="brand" v="YouBike 2.0" />
    <tag k="brand:en" v="YouBike 2.0" />
    <tag k="brand:wikidata" v="Q20687952" />
    <tag k="brand:wikipedia" v="en:YouBike" />
    <tag k="brand:zh" v="微笑單車2.0" />
    <tag k="capacity" v="19" />
    <tag k="description" v="松信路61號西側" />
    <tag k="description:en" v="No. 61, Songxin Rd. (West)" />
    <tag k="description:nan" v="Siông-sìn-lō͘ 61-hō sai-pêng" />
    <tag k="description:nan-Hant" v="松信路61號西爿" />
    <tag k="description:nan-Latn-pehoeji" v="Siông-sìn-lō͘ 61-hō sai-pêng" />
    <tag k="description:nan-Latn-tailo" v="Siông-sìn-lōo 61-hō sai-pîng" />
    <tag k="description:zh" v="松信路61號西側" />
    <tag k="description:zh-Hans" v="松信路61号西侧" />
    <tag k="description:zh-Hant" v="松信路61號西側" />
    <tag k="fee" v="yes" />
    <tag k="name" v="雅祥公園(松信路50巷口)" />
    <tag k="name:en" v="Yaxiang Park (Ln. 50, Songxin Rd.)" />
    <tag k="name:nan" v="Ngá-siông Kong-hn̂g(Siông-sìn-lō͘ 50-hāng-á-kháu)" />
    <tag k="name:nan-Hant" v="雅祥公園(松信路50巷仔口)" />
    <tag k="name:nan-Latn-pehoeji" v="Ngá-siông Kong-hn̂g(Siông-sìn-lō͘ 50-hāng-á-kháu)" />
    <tag k="name:nan-Latn-tailo" v="Ngá-siông Kong-hn̂g(Siông-sìn-lōo 50-hāng-á-kháu)" />
    <tag k="name:zh" v="雅祥公園(松信路50巷口)" />
    <tag k="name:zh-Bopo" v="ㄧㄚˇㄒㄧㄤˊㄍㄨㄥㄩㄢˊ(ㄙㄨㄥㄒㄧㄣˋㄌㄨˋ50ㄒㄧㄤˋㄎㄡˇ)" />
    <tag k="name:zh-Hans" v="雅祥公园(松信路50巷口)" />
    <tag k="name:zh-Hant" v="雅祥公園(松信路50巷口)" />
    <tag k="name:zh-Latn-pinyin" v="yǎxiánggōngyuán(sōngxìnlù50xiàngkǒu)" />
    <tag k="nat_ref" v="TPE500112048" />
    <tag k="network" v="臺北市公共自行車租賃系統" />
    <tag k="network:en" v="Taipei City Public Bike" />
    <tag k="network:wikidata" v="Q20687952" />
    <tag k="network:zh" v="臺北市公共自行車租賃系統" />
    <tag k="opening_hours" v="24/7" />
    <tag k="operator" v="微笑單車股份有限公司" />
    <tag k="operator:en" v="YOUBIKE CO." />
    <tag k="operator:type" v="government" />
    <tag k="operator:wikidata" v="Q703557" />
    <tag k="operator:zh" v="微笑單車股份有限公司" />
    <tag k="payment:credit_cards" v="yes" />
    <tag k="payment:ep_easycard" v="yes" />
    <tag k="payment:ep_easywallet" v="yes" />
    <tag k="payment:ep_ipass" v="yes" />
    <tag k="payment:jcb" v="yes" />
    <tag k="payment:mastercard" v="yes" />
    <tag k="payment:visa" v="yes" />
    <tag k="ref" v="500112048" />
    <tag k="rental" v="city_bike" />
    <tag k="source" v="PTX" />
    <tag k="source:date" v="2021-08-17 16:07:21" />
    <tag k="start_date" v="2021-08-10 10:00" />
  </node>
  <node id="9020115385" lat="25.0347600" lon="121.5686500">
    <tag k="alt_name" v="YouBike2.0_松仁路121巷口" />
    <tag k="alt_name:en" v="YouBike2.0_Ln. 121, Songren Rd Intersection" />
    <tag k="alt_name:zh" v="YouBike2.0_松仁路121巷口" />
    <tag k="alt_name:zh-Bopo" v="YouBike2.0_ㄙㄨㄥㄖㄣˊㄌㄨˋ121ㄒㄧㄤˋㄎㄡˇ" />
    <tag k="alt_name:zh-Hans" v="YouBike2.0_松仁路121巷口" />
    <tag k="alt_name:zh-Hant" v="YouBike2.0_松仁路121巷口" />
    <tag k="alt_name:zh-Latn-pinyin" v="YouBike2.0_sōngrénlù121xiàngkǒu" />
    <tag k="amenity" v="bicycle_rental" />
    <tag k="authentication:app" v="yes" />
    <tag k="authentication:contactless" v="yes" />
    <tag k="authentication:membership_card" v="yes" />
    <tag k="bicycle_rental" v="docking_station" />
    <tag k="brand" v="YouBike 2.0" />
    <tag k="brand:en" v="YouBike 2.0" />
    <tag k="brand:wikidata" v="Q20687952" />
    <tag k="brand:wikipedia" v="en:YouBike" />
    <tag k="brand:zh" v="微笑單車2.0" />
    <tag k="capacity" v="31" />
    <tag k="description" v="松仁路123號北側" />
    <tag k="description:en" v="No. 123, Songren Rd. (North)" />
    <tag k="description:zh" v="松仁路123號北側" />
    <tag k="description:zh-Hans" v="松仁路123号北侧" />
    <tag k="description:zh-Hant" v="松仁路123號北側" />
    <tag k="fee" v="yes" />
    <tag k="name" v="松仁路121巷口" />
    <tag k="name:en" v="Ln. 121, Songren Rd Intersection" />
    <tag k="name:zh" v="松仁路121巷口" />
    <tag k="name:zh-Bopo" v="ㄙㄨㄥㄖㄣˊㄌㄨˋ121ㄒㄧㄤˋㄎㄡˇ" />
    <tag k="name:zh-Hans" v="松仁路121巷口" />
    <tag k="name:zh-Hant" v="松仁路121巷口" />
    <tag k="name:zh-Latn-pinyin" v="sōngrénlù121xiàngkǒu" />
    <tag k="nat_ref" v="TPE500112038" />
    <tag k="network" v="YouBike 2.0" />
    <tag k="network:en" v="Taipei City Public Bike" />
    <tag k="network:wikidata" v="Q20687952" />
    <tag k="network:zh" v="臺北市公共自行車租賃系統" />
    <tag k="opening_hours" v="24/7" />
    <tag k="operator" v="Giant" />
    <tag k="operator:en" v="YOUBIKE CO." />
    <tag k="operator:type" v="private" />
    <tag k="operator:wikidata" v="Q703557" />
    <tag k="operator:zh" v="微笑單車股份有限公司" />
    <tag k="payment:credit_cards" v="yes" />
    <tag k="payment:ep_easycard" v="yes" />
    <tag k="payment:ep_easywallet" v="yes" />
    <tag k="payment:ep_ipass" v="yes" />
    <tag k="payment:jcb" v="yes" />
    <tag k="payment:mastercard" v="yes" />
    <tag k="payment:visa" v="yes" />
    <tag k="ref" v="500112038" />
    <tag k="rental" v="city_bike" />
    <tag k="source" v="PTX" />
    <tag k="source:date" v="2021-08-17 16:07:21" />
    <tag k="start_date" v="2021-07-16 10:00" />
  </node>
  <node id="9020115413" lat="25.0501400" lon="121.5923800">
    <tag k="alt_name" v="YouBike2.0_捷運昆陽站(1號出口)" />
    <tag k="alt_name:en" v="YouBike2.0_MRT Kunyang Sta. (Exit 1)" />
    <tag k="alt_name:zh" v="YouBike2.0_捷運昆陽站(1號出口)" />
    <tag k="alt_name:zh-Bopo" v="YouBike2.0_ㄐㄧㄝˊㄩㄣˋㄎㄨㄣㄧㄤˊㄓㄢˋ(1ㄏㄠˋㄔㄨㄎㄡˇ)" />
    <tag k="alt_name:zh-Hans" v="YouBike2.0_捷运昆阳站(1号出口)" />
    <tag k="alt_name:zh-Hant" v="YouBike2.0_捷運昆陽站(1號出口)" />
    <tag k="alt_name:zh-Latn-pinyin" v="YouBike2.0_jiéyùnkūnyángzhàn(1hàochūkǒu)" />
    <tag k="amenity" v="bicycle_rental" />
    <tag k="authentication:app" v="yes" />
    <tag k="authentication:contactless" v="yes" />
    <tag k="authentication:membership_card" v="yes" />
    <tag k="bicycle_rental" v="docking_station" />
    <tag k="brand" v="YouBike 2.0" />
    <tag k="brand:en" v="YouBike 2.0" />
    <tag k="brand:wikidata" v="Q20687952" />
    <tag k="brand:wikipedia" v="en:YouBike" />
    <tag k="brand:zh" v="微笑單車2.0" />
    <tag k="capacity" v="65" />
    <tag k="description" v="忠孝東路六段403號" />
    <tag k="description:en" v="No. 403, Sec. 6, Zhongxiao E. Rd." />
    <tag k="description:zh" v="忠孝東路六段403號" />
    <tag k="description:zh-Hans" v="忠孝东路六段403号" />
    <tag k="description:zh-Hant" v="忠孝東路六段403號" />
    <tag k="fee" v="yes" />
    <tag k="name" v="捷運昆陽站(1號出口)" />
    <tag k="name:en" v="MRT Kunyang Sta. (Exit 1)" />
    <tag k="name:zh" v="捷運昆陽站(1號出口)" />
    <tag k="name:zh-Bopo" v="ㄐㄧㄝˊㄩㄣˋㄎㄨㄣㄧㄤˊㄓㄢˋ(1ㄏㄠˋㄔㄨㄎㄡˇ)" />
    <tag k="name:zh-Hans" v="捷运昆阳站(1号出口)" />
    <tag k="name:zh-Hant" v="捷運昆陽站(1號出口)" />
    <tag k="name:zh-Latn-pinyin" v="jiéyùnkūnyángzhàn(1hàochūkǒu)" />
    <tag k="nat_ref" v="TPE500111003" />
    <tag k="network" v="YouBike 2.0" />
    <tag k="network:en" v="Taipei City Public Bike" />
    <tag k="network:wikidata" v="Q20687952" />
    <tag k="network:zh" v="臺北市公共自行車租賃系統" />
    <tag k="opening_hours" v="24/7" />
    <tag k="operator" v="Giant" />
    <tag k="operator:en" v="YOUBIKE CO." />
    <tag k="operator:type" v="private" />
    <tag k="operator:wikidata" v="Q703557" />
    <tag k="operator:zh" v="微笑單車股份有限公司" />
    <tag k="payment:credit_cards" v="yes" />
    <tag k="payment:ep_easycard" v="yes" />
    <tag k="payment:ep_easywallet" v="yes" />
    <tag k="payment:ep_ipass" v="yes" />
    <tag k="payment:jcb" v="yes" />
    <tag k="payment:mastercard" v="yes" />
    <tag k="payment:visa" v="yes" />
    <tag k="ref" v="500111003" />
    <tag k="rental" v="city_bike" />
    <tag k="source" v="PTX" />
    <tag k="source:date" v="2021-08-17 16:07:21" />
    <tag k="start_date" v="2021-07-13 10:00" />
  </node>
  <node id="9207942400" lat="25.0358262" lon="121.5678981">
    <tag k="bus" v="yes" />
    <tag k="name" v="松壽路口" />
    <tag k="name:en" v="Songshou Rd. Entrance" />
    <tag k="name:nan" v="Siông-siū Lō͘-kháu" />
    <tag k="name:nan-Hant" v="松壽路口" />
    <tag k="name:nan-Latn-pehoeji" v="Siông-siū Lō͘-kháu" />
    <tag k="name:nan-Latn-tailo" v="Siông-siū Lōo-kháu" />
    <tag k="name:zh" v="松壽路口" />
    <tag k="name:zh-Hans" v="松寿路口" />
    <tag k="name:zh-Hant" v="松壽路口" />
    <tag k="public_transport" v="stop_position" />
  </node>
  <node id="9623160302" lat="25.0463097" lon="121.5719887">
    <tag k="name" v="音樂魔法屋" />
    <tag k="shop" v="music" />
  </node>
  <node id="9625809034" lat="25.0498400" lon="121.5927000">
    <tag k="amenity" v="parcel_locker" />
    <tag k="brand" v="i郵箱" />
    <tag k="brand:en" v="iBox" />
    <tag k="brand:nan" v="i-iû-siuⁿ" />
    <tag k="brand:nan-Hant" v="i郵箱" />
    <tag k="brand:nan-Latn-pehoeji" v="i-iû-siuⁿ" />
    <tag k="brand:nan-Latn-tailo" v="i-iû-siunn" />
    <tag k="brand:wikidata" v="Q4375439" />
    <tag k="brand:zh" v="i郵箱" />
    <tag k="brand:zh-Hans" v="i邮箱" />
    <tag k="brand:zh-Hant" v="i郵箱" />
    <tag k="capacity" v="20" />
    <tag k="description" v="11500臺北市南港區忠孝東路6段402號，ATM區對面" />
    <tag k="description:payment" v="郵政金融卡/悠遊卡/一卡通/愛金卡" />
    <tag k="name" v="南港昆陽郵局i郵箱" />
    <tag k="note" v="四代櫃(智慧郵筒)" />
    <tag k="opening_hours" v="24/7" />
    <tag k="operator" v="中華郵政" />
    <tag k="operator:en" v="Chunghwa Post" />
    <tag k="operator:nan" v="Tiong-hôa Iû-chèng" />
    <tag k="operator:nan-Hant" v="中華郵政" />
    <tag k="operator:nan-Latn-pehoeji" v="Tiong-hôa Iû-chèng" />
    <tag k="operator:nan-Latn-tailo" v="Tiong-huâ Iû-tsìng" />
    <tag k="operator:wikidata" v="Q709259" />
    <tag k="operator:wikipedia" v="zh:中華郵政" />
    <tag k="operator:zh" v="中華郵政" />
    <tag k="operator:zh-Hans" v="中华邮政" />
    <tag k="operator:zh-Hant" v="中華郵政" />
    <tag k="parcel_mail_in" v="yes" />
    <tag k="parcel_pickup" v="yes" />
    <tag k="payment:ep_easycard" v="yes" />
    <tag k="payment:ep_icash" v="yes" />
    <tag k="payment:ep_ipass" v="yes" />
    <tag k="refrigerated" v="no" />
    <tag k="source" v="中華郵政" />
    <tag k="source:date" v="2021-10-05 16:58" />
    <tag k="source:url" v="https://data.gov.tw/dataset/52779" />
  </node>
  <node id="9625809374" lat="25.0504420" lon="121.5928140">
    <tag k="amenity" v="parcel_locker" />
    <tag k="brand" v="i郵箱" />
    <tag k="brand:en" v="iBox" />
    <tag k="brand:nan" v="i-iû-siuⁿ" />
    <tag k="brand:nan-Hant" v="i郵箱" />
    <tag k="brand:nan-Latn-pehoeji" v="i-iû-siuⁿ" />
    <tag k="brand:nan-Latn-tailo" v="i-iû-siunn" />
    <tag k="brand:wikidata" v="Q4375439" />
    <tag k="brand:zh" v="i郵箱" />
    <tag k="brand:zh-Hans" v="i邮箱" />
    <tag k="brand:zh-Hant" v="i郵箱" />
    <tag k="capacity" v="40" />
    <tag k="description" v="11500臺北市南港區忠孝東路6段451號(近2號出口)，2號出口旁" />
    <tag k="description:payment" v="郵政金融卡/悠遊卡/一卡通/愛金卡" />
    <tag k="name" v="北捷昆陽站i郵箱" />
    <tag k="note" v="四代櫃(智慧郵筒)" />
    <tag k="opening_hours" v="Mo-Su 06:00-24:00" />
    <tag k="operator" v="中華郵政" />
    <tag k="operator:en" v="Chunghwa Post" />
    <tag k="operator:nan" v="Tiong-hôa Iû-chèng" />
    <tag k="operator:nan-Hant" v="中華郵政" />
    <tag k="operator:nan-Latn-pehoeji" v="Tiong-hôa Iû-chèng" />
    <tag k="operator:nan-Latn-tailo" v="Tiong-huâ Iû-tsìng" />
    <tag k="operator:wikidata" v="Q709259" />
    <tag k="operator:wikipedia" v="zh:中華郵政" />
    <tag k="operator:zh" v="中華郵政" />
    <tag k="operator:zh-Hans" v="中华邮政" />
    <tag k="operator:zh-Hant" v="中華郵政" />
    <tag k="parcel_mail_in" v="yes" />
    <tag k="parcel_pickup" v="yes" />
    <tag k="payment:ep_easycard" v="yes" />
    <tag k="payment:ep_icash" v="yes" />
    <tag k="payment:ep_ipass" v="yes" />
    <tag k="refrigerated" v="no" />
    <tag k="source" v="中華郵政" />
    <tag k="source:date" v="2021-10-05 16:58" />
    <tag k="source:url" v="https://data.gov.tw/dataset/52779" />
  </node>
  <node id="9628105436" lat="25.0624100" lon="121.5683100">
    <tag k="alt_name" v="YouBike2.0_三民公園(塔悠路)" />
    <tag k="alt_name:en" v="YouBike2.0_Sanmin Park (Tayou Rd.)" />
    <tag k="alt_name:zh" v="YouBike2.0_三民公園(塔悠路)" />
    <tag k="alt_name:zh-Bopo" v="YouBike2.0_ㄙㄢㄇㄧㄣˊㄍㄨㄥㄩㄢˊ(ㄊㄚˇㄧㄡㄌㄨˋ)" />
    <tag k="alt_name:zh-Hans" v="YouBike2.0_三民公园(塔悠路)" />
    <tag k="alt_name:zh-Hant" v="YouBike2.0_三民公園(塔悠路)" />
    <tag k="alt_name:zh-Latn-pinyin" v="YouBike2.0_sānmíngōngyuán(tǎyōulù)" />
    <tag k="amenity" v="bicycle_rental" />
    <tag k="authentication:app" v="yes" />
    <tag k="authentication:contactless" v="yes" />
    <tag k="authentication:membership_card" v="yes" />
    <tag k="bicycle_rental" v="docking_station" />
    <tag k="brand" v="YouBike 2.0" />
    <tag k="brand:en" v="YouBike 2.0" />
    <tag k="brand:wikidata" v="Q20687952" />
    <tag k="brand:wikipedia" v="en:YouBike" />
    <tag k="brand:zh" v="微笑單車2.0" />
    <tag k="capacity" v="20" />
    <tag k="description" v="塔悠路/撫遠街261巷(西側)" />
    <tag k="description:en" v="Tayou Rd. &amp; Ln. 261, Fuyuan St. (West)" />
    <tag k="description:zh" v="塔悠路/撫遠街261巷(西側)" />
    <tag k="description:zh-Hans" v="塔悠路/抚远街261巷(西侧)" />
    <tag k="description:zh-Hant" v="塔悠路/撫遠街261巷(西側)" />
    <tag k="fee" v="yes" />
    <tag k="name" v="三民公園(塔悠路)" />
    <tag k="name:en" v="Sanmin Park (Tayou Rd.)" />
    <tag k="name:zh" v="三民公園(塔悠路)" />
    <tag k="name:zh-Bopo" v="ㄙㄢㄇㄧㄣˊㄍㄨㄥㄩㄢˊ(ㄊㄚˇㄧㄡㄌㄨˋ)" />
    <tag k="name:zh-Hans" v="三民公园(塔悠路)" />
    <tag k="name:zh-Hant" v="三民公園(塔悠路)" />
    <tag k="name:zh-Latn-pinyin" v="sānmíngōngyuán(tǎyōulù)" />
    <tag k="nat_ref" v="TPE500110053" />
    <tag k="network" v="臺北市公共自行車租賃系統" />
    <tag k="network:en" v="Taipei City Public Bike" />
    <tag k="network:wikidata" v="Q20687952" />
    <tag k="network:zh" v="臺北市公共自行車租賃系統" />
    <tag k="opening_hours" v="24/7" />
    <tag k="operator" v="微笑單車股份有限公司" />
    <tag k="operator:en" v="YOUBIKE CO." />
    <tag k="operator:type" v="government" />
    <tag k="operator:wikidata" v="Q703557" />
    <tag k="operator:zh" v="微笑單車股份有限公司" />
    <tag k="payment:credit_cards" v="yes" />
    <tag k="payment:ep_easycard" v="yes" />
    <tag k="payment:ep_easywallet" v="yes" />
    <tag k="payment:ep_ipass" v="yes" />
    <tag k="payment:jcb" v="yes" />
    <tag k="payment:mastercard" v="yes" />
    <tag k="payment:visa" v="yes" />
    <tag k="ref" v="500110053" />
    <tag k="rental" v="city_bike" />
    <tag k="source" v="PTX" />
    <tag k="source:date" v="2022-04-01T09:53:12+08:00" />
    <tag k="start_date" v="2022-03-04" />
    <tag k="wheelchair" v="yes" />
  </node>
  <node id="9628981767" lat="25.0345906" lon="121.5677490">
    <tag k="access" v="private" />
    <tag k="amenity" v="parking_entrance" />
    <tag k="motorcycle" v="designated" />
    <tag k="name" v="微風南山地下停車場 (機車)" />
    <tag k="parking" v="underground" />
  </node>
  <node id="9628981769" lat="25.0346350" lon="121.5677500">
    <tag k="amenity" v="parking_entrance" />
    <tag k="motorcar" v="designated" />
    <tag k="name" v="微風南山地下停車場 (汽車)" />
    <tag k="parking" v="underground" />
  </node>
  <node id="9628981771" lat="25.0346137" lon="121.5680260">
    <tag k="access" v="private" />
    <tag k="amenity" v="parking_entrance" />
    <tag k="bus" v="designated" />
    <tag k="name" v="微風南山地下停車場 (大客車)" />
    <tag k="parking" v="underground" />
    <tag k="tourist_bus" v="designated" />
  </node>
  <node id="10252941309" lat="25.0473191" lon="121.5726147">
    <tag k="addr:city" v="臺北市" />
    <tag k="addr:country" v="TW" />
    <tag k="addr:district" v="信義區" />
    <tag k="addr:full" v="110臺北市信義區松隆路1號" />
    <tag k="addr:housenumber" v="1" />
    <tag k="addr:postcode" v="110" />
    <tag k="addr:street" v="松隆路" />
    <tag k="email" v="elephantbike2012@gmail.com" />
    <tag k="name:en" v="Elephant Bike" />
    <tag k="opening_hours" v="Mo-Su 12:00-21:00" />
    <tag k="phone" v="+886 2 2763 5050" />
    <tag k="shop" v="bicycle" />
    <tag k="website" v="https://www.elephantbike.com.tw/" />
  </node>
  <node id="10253147509" lat="25.0482769" lon="121.5722656">
    <tag k="addr:city" v="臺北市" />
    <tag k="addr:country" v="TW" />
    <tag k="addr:district" v="信義區" />
    <tag k="addr:full" v="110臺北市信義區松信路29號" />
    <tag k="addr:housenumber" v="29" />
    <tag k="addr:postcode" v="110" />
    <tag k="addr:street" v="松信路" />
    <tag k="email" v="service@outdoorbuy.com.tw" />
    <tag k="name:en" v="Outdoor Buy" />
    <tag k="opening_hours" v="Mo-Sa 12:00-21:00" />
    <tag k="phone" v="+886 2 2756 7000" />
    <tag k="shop" v="outdoor" />
    <tag k="website" v="https://www.outdoorbuy.com.tw/" />
  </node>
  <node id="12382647562" lat="25.0367201" lon="121.5676409" />
  <node id="12382647564" lat="25.0366655" lon="121.5676398" />
  <node id="12382647612" lat="25.0373718" lon="121.5676618" />
  <node id="12382647613" lat="25.0373667" lon="121.5679546" />
  <node id="12382647649" lat="25.0364717" lon="121.5676357" />
  <node id="12382647650" lat="25.0373654" lon="121.5676544" />
  <node id="12388388946" lat="25.0345396" lon="121.5676250" />
  <node id="12388454370" lat="25.0348976" lon="121.5674716" />
  <node id="12388454371" lat="25.0349054" lon="121.5670088" />
  <node id="12388454373" lat="25.0354503" lon="121.5669831" />
  <node id="12388454374" lat="25.0356742" lon="121.5669878" />
  <node id="12388455859" lat="25.0349011" lon="121.5672619" />
  <node id="12388455860" lat="25.0349019" lon="121.5672164" />
  <node id="12388455861" lat="25.0349060" lon="121.5669720" />
  <node id="12388455862" lat="25.0354080" lon="121.5669823" />
  <node id="12389630268" lat="25.0373699" lon="121.5677703" />
  <node id="12389630299" lat="25.0373694" lon="121.5677986" />
  <node id="12389638102" lat="25.0373704" lon="121.5677424" />
  <node id="12393640265" lat="25.0347149" lon="121.5674975" />
  <node id="12393640266" lat="25.0347153" lon="121.5674785" />
  <node id="12393640267" lat="25.0341219" lon="121.5674661" />
  <node id="12393640268" lat="25.0341216" lon="121.5674850" />
  <node id="12393644030" lat="25.0340441" lon="121.5671826" />
  <node id="12393644031" lat="25.0340866" lon="121.5671834" />
  <node id="12393644035" lat="25.0340830" lon="121.5673906" />
  <node id="12393644036" lat="25.0340405" lon="121.5673897" />
  <node id="12393644051" lat="25.0347569" lon="121.5676327" />
  <node id="12393644052" lat="25.0347260" lon="121.5675972" />
  <node id="12393644053" lat="25.0340668" lon="121.5675834" />
  <node id="12393644058" lat="25.0347480" lon="121.5681518" />
  <node id="12393644068" lat="25.0348834" lon="121.5681283" />
  <node id="12393644069" lat="25.0348916" lon="121.5676501" />
  <node id="12393644074" lat="25.0357453" lon="121.5676545" />
  <node id="12393644075" lat="25.0357364" lon="121.5681726" />
  <node id="12393644076" lat="25.0349143" lon="121.5681906" />
  <node id="12393644077" lat="25.0349234" lon="121.5676027" />
  <node id="12393644172" lat="25.0348971" lon="121.5675028" />
  <node id="12393644173" lat="25.0357157" lon="121.5675200" />
  <node id="12393644174" lat="25.0357480" lon="121.5674857" />
  <node id="12393644175" lat="25.0357560" lon="121.5670240" />
  <node id="12393644176" lat="25.0357253" lon="121.5669889" />
  <node id="12393644182" lat="25.0359598" lon="121.5676227" />
  <node id="12393644184" lat="25.0373623" lon="121.5682095" />
  <node id="12393716793" lat="25.0373617" lon="121.5682424" />
  <node id="12393716794" lat="25.0359362" lon="121.5682426" />
  <node id="12393716795" lat="25.0359160" lon="121.5682194" />
  <node id="12393716796" lat="25.0369675" lon="121.5682644" />
  <node id="12393716797" lat="25.0370707" lon="121.5682363" />
  <node id="12393798261" lat="25.0341221" lon="121.5680862" />
  <node id="12393798262" lat="25.0341265" lon="121.5678352" />
  <node id="12393798263" lat="25.0340968" lon="121.5680857" />
  <node id="12393798264" lat="25.0341012" lon="121.5678347" />
  <node id="12393798265" lat="25.0342909" lon="121.5674696" />
  <node id="12393798266" lat="25.0342862" lon="121.5674885" />
  <node id="12393798267" lat="25.0345104" lon="121.5674932" />
  <node id="12393798268" lat="25.0345062" lon="121.5674741" />
  <node id="12393798271" lat="25.0345766" lon="121.5676258" />
  <node id="12393798281" lat="25.0340416" lon="121.5681655" />
  <node id="12393798288" lat="25.0345616" lon="121.5675938" />
  <node id="12393798289" lat="25.0345325" lon="121.5675932" />
  <node id="12393798290" lat="25.0345112" lon="121.5680768" />
  <node id="12393798291" lat="25.0345111" lon="121.5680961" />
  <node id="12393798292" lat="25.0346752" lon="121.5680997" />
  <node id="12393798293" lat="25.0346758" lon="121.5680642" />
  <node id="12393798294" lat="25.0345762" lon="121.5676474" />
  <node id="12393798295" lat="25.0345741" lon="121.5677624" />
  <node id="12393798299" lat="25.0346763" lon="121.5680364" />
  <node id="12393798300" lat="25.0346594" lon="121.5680523" />
  <node id="12393822101" lat="25.0346363" lon="121.5680630" />
  <node id="12393822102" lat="25.0346043" lon="121.5680622" />
  <node id="12393822103" lat="25.0346057" lon="121.5679873" />
  <node id="12393822104" lat="25.0346321" lon="121.5679687" />
  <node id="12393822105" lat="25.0346482" lon="121.5679462" />
  <node id="12393822106" lat="25.0346590" lon="121.5679197" />
  <node id="12393822108" lat="25.0346618" lon="121.5677644" />
  <node id="12393822109" lat="25.0346055" lon="121.5677631" />
  <node id="12393822111" lat="25.0347469" lon="121.5682121" />
  <node id="12393822112" lat="25.0340599" lon="121.5681976" />
  <node id="12393822113" lat="25.0340324" lon="121.5681428" />
  <node id="12393822114" lat="25.0340411" lon="121.5676107" />
  <node id="12393822115" lat="25.0345260" lon="121.5681567" />
  <node id="12393822116" lat="25.0345264" lon="121.5681343" />
  <node id="12393822117" lat="25.0347170" lon="121.5681383" />
  <node id="12393822118" lat="25.0347166" lon="121.5681607" />
  <node id="12393822119" lat="25.0346384" lon="121.5682098" />
  <node id="12393822120" lat="25.0346386" lon="121.5681961" />
  <node id="12393822121" lat="25.0342673" lon="121.5682020" />
  <node id="12393822122" lat="25.0342676" lon="121.5681883" />
  <node id="12393822123" lat="25.0340751" lon="121.5681842" />
  <node id="12393822124" lat="25.0347224" lon="121.5681978" />
  <node id="12393822125" lat="25.0347222" lon="121.5682116" />
  <node id="12393822126" lat="25.0340748" lon="121.5681980" />
  <node id="12393822127" lat="25.0340638" lon="121.5681246" />
  <node id="12393822128" lat="25.0342396" lon="121.5681283" />
  <node id="12393822129" lat="25.0342392" lon="121.5681507" />
  <node id="12393822130" lat="25.0340634" lon="121.5681470" />
  <node id="12393822131" lat="25.0341296" lon="121.5675979" />
  <node id="12393822132" lat="25.0342380" lon="121.5676002" />
  <node id="12393822133" lat="25.0342383" lon="121.5675870" />
  <node id="12393822134" lat="25.0341298" lon="121.5675847" />
  <node id="12393822135" lat="25.0341285" lon="121.5677164" />
  <node id="12393822136" lat="25.0341032" lon="121.5677158" />
  <node id="12393822137" lat="25.0340688" lon="121.5678340" />
  <node id="12393822138" lat="25.0341734" lon="121.5678362" />
  <node id="12393822139" lat="25.0341738" lon="121.5678119" />
  <node id="12393822140" lat="25.0341269" lon="121.5678109" />
  <node id="12393822141" lat="25.0341295" lon="121.5676577" />
  <node id="12393822142" lat="25.0341042" lon="121.5676572" />
  <node id="12393822143" lat="25.0341016" lon="121.5678104" />
  <node id="12393822144" lat="25.0340692" lon="121.5678097" />
  <node id="12393822145" lat="25.0341690" lon="121.5680872" />
  <node id="12393822146" lat="25.0341772" lon="121.5676145" />
  <node id="12393822147" lat="25.0340726" lon="121.5676123" />
  <node id="12393822148" lat="25.0340645" lon="121.5680850" />
  <node id="12396065443" lat="25.0359316" lon="121.5680376" />
  <node id="12396065444" lat="25.0359401" lon="121.5681522" />
  <node id="12396065445" lat="25.0359304" lon="121.5681521" />
  <node id="12396065449" lat="25.0359412" lon="121.5680377" />
  <node id="12396181520" lat="25.0358280" lon="121.5693198" />
  <node id="12396181521" lat="25.0358408" lon="121.5686367" />
  <node id="12396181522" lat="25.0359229" lon="121.5686385" />
  <node id="12396181523" lat="25.0359227" lon="121.5686498" />
  <node id="12396181524" lat="25.0359416" lon="121.5686503" />
  <node id="12396181525" lat="25.0359412" lon="121.5686721" />
  <node id="12396181526" lat="25.0358545" lon="121.5690328" />
  <node id="12396181527" lat="25.0358550" lon="121.5690102" />
  <node id="12396181528" lat="25.0358570" lon="121.5689037" />
  <node id="12396181529" lat="25.0358574" lon="121.5688826" />
  <node id="12396181531" lat="25.0358492" lon="121.5693203" />
  <node id="12396181532" lat="25.0358607" lon="121.5687019" />
  <node id="12396181533" lat="25.0358796" lon="121.5687024" />
  <node id="12396185506" lat="25.0364927" lon="121.5697238" />
  <node id="12396185509" lat="25.0363419" lon="121.5697203" />
  <node id="12396185510" lat="25.0363270" lon="121.5697200" />
  <node id="12396185511" lat="25.0362039" lon="121.5697172" />
  <node id="12396185535" lat="25.0361372" lon="121.5697156" />
  <node id="12396185538" lat="25.0360819" lon="121.5697144" />
  <node id="12396185564" lat="25.0359452" lon="121.5695573" />
  <node id="12396185565" lat="25.0359458" lon="121.5695231" />
  <node id="12396185566" lat="25.0360684" lon="121.5697141" />
  <node id="12396185567" lat="25.0360700" lon="121.5696283" />
  <node id="12396185568" lat="25.0360451" lon="121.5696444" />
  <node id="12396185569" lat="25.0360263" lon="121.5696464" />
  <node id="12396185570" lat="25.0360062" lon="121.5696400" />
  <node id="12396185571" lat="25.0359907" lon="121.5696239" />
  <node id="12396185572" lat="25.0359817" lon="121.5696024" />
  <node id="12396185573" lat="25.0359822" lon="121.5695758" />
  <node id="12396185574" lat="25.0359609" lon="121.5695753" />
  <node id="12396185575" lat="25.0359622" lon="121.5695058" />
  <node id="12396185576" lat="25.0359835" lon="121.5695063" />
  <node id="12396185577" lat="25.0359856" lon="121.5693915" />
  <node id="12396185578" lat="25.0359030" lon="121.5693896" />
  <node id="12396185579" lat="25.0359039" lon="121.5693406" />
  <node id="12396185580" lat="25.0358276" lon="121.5693389" />
  <node id="12396185630" lat="25.0359104" lon="121.5687031" />
  <node id="12396185635" lat="25.0365218" lon="121.5697244" />
  <node id="12396185636" lat="25.0358207" lon="121.5697084" />
  <node id="12396185637" lat="25.0358413" lon="121.5686080" />
  <node id="12396185638" lat="25.0365424" lon="121.5686240" />
  <node id="12396185661" lat="25.0359110" lon="121.5686714" />
  <node id="12396185665" lat="25.0353826" lon="121.5688551">
    <tag k="amenity" v="parking_entrance" />
    <tag k="name" v="克緹大樓停車場" />
    <tag k="parking" v="underground" />
  </node>
  <node id="12396185666" lat="25.0353152" lon="121.5696969" />
  <node id="12396185673" lat="25.0353931" lon="121.5696814" />
  <node id="12396185674" lat="25.0353382" lon="121.5696801" />
  <node id="12396185675" lat="25.0353945" lon="121.5696074" />
  <node id="12396185676" lat="25.0354259" lon="121.5696821" />
  <node id="12396185677" lat="25.0354272" lon="121.5696082" />
  <node id="12396185678" lat="25.0354762" lon="121.5696622" />
  <node id="12396185679" lat="25.0354758" lon="121.5696833" />
  <node id="12396185682" lat="25.0354488" lon="121.5684996" />
  <node id="12396185683" lat="25.0354511" lon="121.5685246" />
  <node id="12396185684" lat="25.0355646" lon="121.5685272" />
  <node id="12396185685" lat="25.0355651" lon="121.5685024" />
  <node id="12396185690" lat="25.0354874" lon="121.5688864" />
  <node id="12396185691" lat="25.0355261" lon="121.5687772" />
  <node id="12396185692" lat="25.0355196" lon="121.5687029" />
  <node id="12396185693" lat="25.0355301" lon="121.5687049" />
  <node id="12396185694" lat="25.0355632" lon="121.5686017" />
  <node id="12396185695" lat="25.0354836" lon="121.5688865" />
  <node id="12396185696" lat="25.0354545" lon="121.5685693" />
  <node id="12396185697" lat="25.0355638" lon="121.5685718" />
  <node id="12396185698" lat="25.0357774" lon="121.5696162" />
  <node id="12396185699" lat="25.0357418" lon="121.5696154" />
  <node id="12396185700" lat="25.0357517" lon="121.5690893" />
  <node id="12396185701" lat="25.0357128" lon="121.5690854" />
  <node id="12396185702" lat="25.0357167" lon="121.5690786" />
  <node id="12396185703" lat="25.0357019" lon="121.5690682" />
  <node id="12396185704" lat="25.0357406" lon="121.5690236" />
  <node id="12396185705" lat="25.0357287" lon="121.5687763" />
  <node id="12396185706" lat="25.0357929" lon="121.5687917" />
  <node id="12396185707" lat="25.0357129" lon="121.5687028" />
  <node id="12396185708" lat="25.0357463" lon="121.5686059" />
  <node id="12396185709" lat="25.0357468" lon="121.5685784" />
  <node id="12396185710" lat="25.0357968" lon="121.5685795" />
  <node id="12396185711" lat="25.0357939" lon="121.5687368" />
  <node id="12396185712" lat="25.0353578" lon="121.5687006" />
  <node id="12396185715" lat="25.0350237" lon="121.5685571" />
  <node id="12396185716" lat="25.0353597" lon="121.5685971" />
  <node id="12396185717" lat="25.0353542" lon="121.5688883" />
  <node id="12396185718" lat="25.0353477" lon="121.5688882" />
  <node id="12396185719" lat="25.0353436" lon="121.5691074" />
  <node id="12396185720" lat="25.0353291" lon="121.5691071" />
  <node id="12396185721" lat="25.0353283" lon="121.5691522" />
  <node id="12396185722" lat="25.0353120" lon="121.5691518" />
  <node id="12396185723" lat="25.0353116" lon="121.5691714" />
  <node id="12396185724" lat="25.0353057" lon="121.5691713" />
  <node id="12396185725" lat="25.0353021" lon="121.5693656" />
  <node id="12396185726" lat="25.0353080" lon="121.5693658" />
  <node id="12396185727" lat="25.0353018" lon="121.5696966" />
  <node id="12396185728" lat="25.0357757" lon="121.5697074" />
  <node id="12396185729" lat="25.0357963" lon="121.5686070" />
  <node id="12396185739" lat="25.0354766" lon="121.5696382" />
  <node id="12396185744" lat="25.0354640" lon="121.5696090" />
  <node id="12396185745" lat="25.0347310" lon="121.5696564" />
  <node id="12396185746" lat="25.0347128" lon="121.5696648" />
  <node id="12400224572" lat="25.0365363" lon="121.5689502" />
  <node id="12400224573" lat="25.0365341" lon="121.5690689" />
  <node id="12405089537" lat="25.0339370" lon="121.5685659" />
  <node id="12405089543" lat="25.0348822" lon="121.5684886" />
  <node id="12405089544" lat="25.0348818" lon="121.5685138" />
  <node id="12405089545" lat="25.0353588" lon="121.5685230" />
  <node id="12405089546" lat="25.0353592" lon="121.5684979" />
  <node id="12405089547" lat="25.0354573" lon="121.5685993" />
  <node id="12405156699" lat="25.0338654" lon="121.5676608" />
  <node id="12405156700" lat="25.0338674" lon="121.5675718" />
  <node id="12405179769" lat="25.0338594" lon="121.5681676" />
  <node id="12405179770" lat="25.0338920" lon="121.5681326" />
  <node id="12405179771" lat="25.0339023" lon="121.5675112" />
  <node id="12405179772" lat="25.0334093" lon="121.5681564" />
  <node id="12405180601" lat="25.0338509" lon="121.5675713" />
  <node id="12405180602" lat="25.0338503" lon="121.5675992" />
  <node id="12405180603" lat="25.0338371" lon="121.5675988" />
  <node id="12405180604" lat="25.0338358" lon="121.5676600" />
  <node id="12405180631" lat="25.0334508" lon="121.5673953" />
  <node id="12405180679" lat="25.0337292" lon="121.5675065" />
  <node id="12405180681" lat="25.0338391" lon="121.5675095" />
  <node id="12405180682" lat="25.0335853" lon="121.5675026" />
  <node id="12405180683" lat="25.0335876" lon="121.5673990" />
  <node id="12405180684" lat="25.0334262" lon="121.5673946" />
  <node id="12405180685" lat="25.0334100" lon="121.5681213" />
  <node id="12407395703" lat="25.0336009" lon="121.5693205">
    <tag k="amenity" v="parking_entrance" />
    <tag k="name" v="55 TIMELESS 琢白" />
    <tag k="parking" v="underground" />
  </node>
  <node id="12407395705" lat="25.0336614" lon="121.5692601">
    <tag k="amenity" v="parking_entrance" />
    <tag k="name" v="慕夏四季" />
    <tag k="parking" v="underground" />
  </node>
  <node id="12407395706" lat="25.0332098" lon="121.5691018" />
  <node id="12407395707" lat="25.0334595" lon="121.5691079" />
  <node id="12407395708" lat="25.0334600" lon="121.5690847" />
  <node id="12407395709" lat="25.0332103" lon="121.5690790" />
  <node id="12407395741" lat="25.0336430" lon="121.5694308" />
  <node id="12407395742" lat="25.0336254" lon="121.5694854" />
  <node id="12407395743" lat="25.0336237" lon="121.5695775" />
  <node id="12407395744" lat="25.0335800" lon="121.5690875" />
  <node id="12407395745" lat="25.0335776" lon="121.5692163" />
  <node id="12407395746" lat="25.0335607" lon="121.5692159" />
  <node id="12407395747" lat="25.0335596" lon="121.5692749" />
  <node id="12407395748" lat="25.0335465" lon="121.5692746" />
  <node id="12407395749" lat="25.0335426" lon="121.5694835" />
  <node id="12407395750" lat="25.0335726" lon="121.5694842" />
  <node id="12407395751" lat="25.0335764" lon="121.5692804" />
  <node id="12407395752" lat="25.0336292" lon="121.5692816" />
  <node id="12407395753" lat="25.0339075" lon="121.5695282" />
  <node id="12407395754" lat="25.0339070" lon="121.5695554" />
  <node id="12407395755" lat="25.0339185" lon="121.5695557" />
  <node id="12407395756" lat="25.0339190" lon="121.5695285" />
  <node id="12407395757" lat="25.0339081" lon="121.5694936" />
  <node id="12407395758" lat="25.0339248" lon="121.5686030" />
  <node id="12407395759" lat="25.0339363" lon="121.5686033" />
  <node id="12407395760" lat="25.0339197" lon="121.5694938" />
  <node id="12407395761" lat="25.0337548" lon="121.5695829" />
  <node id="12407395762" lat="25.0337003" lon="121.5695816" />
  <node id="12407395763" lat="25.0338542" lon="121.5688609" />
  <node id="12407395764" lat="25.0338535" lon="121.5688966" />
  <node id="12407395765" lat="25.0338413" lon="121.5688964" />
  <node id="12407395766" lat="25.0338480" lon="121.5694159" />
  <node id="12407395767" lat="25.0338836" lon="121.5694167" />
  <node id="12407395768" lat="25.0338939" lon="121.5688618" />
  <node id="12407395769" lat="25.0336535" lon="121.5687718" />
  <node id="12407395770" lat="25.0338363" lon="121.5687760" />
  <node id="12407395771" lat="25.0338345" lon="121.5688696" />
  <node id="12407395772" lat="25.0338091" lon="121.5688690" />
  <node id="12407395773" lat="25.0337197" lon="121.5687173" />
  <node id="12407395774" lat="25.0337196" lon="121.5687251" />
  <node id="12407395775" lat="25.0337036" lon="121.5687247" />
  <node id="12407395776" lat="25.0337034" lon="121.5687350" />
  <node id="12407395777" lat="25.0336788" lon="121.5687344" />
  <node id="12407395778" lat="25.0336784" lon="121.5687525" />
  <node id="12407395779" lat="25.0337330" lon="121.5687537" />
  <node id="12407395780" lat="25.0337337" lon="121.5687177" />
  <node id="12407395781" lat="25.0336244" lon="121.5689227" />
  <node id="12407395782" lat="25.0336295" lon="121.5686516" />
  <node id="12407395783" lat="25.0336908" lon="121.5686530" />
  <node id="12407395784" lat="25.0336903" lon="121.5686808" />
  <node id="12407395785" lat="25.0337044" lon="121.5686811" />
  <node id="12407395786" lat="25.0337042" lon="121.5686942" />
  <node id="12407395787" lat="25.0337179" lon="121.5686945" />
  <node id="12407395788" lat="25.0337186" lon="121.5686603" />
  <node id="12407395789" lat="25.0337777" lon="121.5686617" />
  <node id="12407395790" lat="25.0337759" lon="121.5687542" />
  <node id="12407395791" lat="25.0338657" lon="121.5687562" />
  <node id="12407395792" lat="25.0338643" lon="121.5688291" />
  <node id="12407395793" lat="25.0339032" lon="121.5688300" />
  <node id="12407395794" lat="25.0339074" lon="121.5686026" />
  <node id="12407395795" lat="25.0335986" lon="121.5685956" />
  <node id="12407395813" lat="25.0333159" lon="121.5690814" />
  <node id="12407395817" lat="25.0336467" lon="121.5692350" />
  <node id="12407395818" lat="25.0336402" lon="121.5695779" />
  <node id="12407395819" lat="25.0335925" lon="121.5689220" />
  <node id="12407395844" lat="25.0336391" lon="121.5696398" />
  <node id="12407395845" lat="25.0336494" lon="121.5690890" />
  <node id="12407395862" lat="25.0337590" lon="121.5687774" />
  <node id="12407395863" lat="25.0337203" lon="121.5687766" />
  <node id="12407395864" lat="25.0337589" lon="121.5687840" />
  <node id="12407395893" lat="25.0338469" lon="121.5690795" />
  <node id="12407395894" lat="25.0338411" lon="121.5689083" />
  <node id="12407395895" lat="25.0338412" lon="121.5689015" />
  <node id="12407395897" lat="25.0338093" lon="121.5688623" />
  <node id="12407395898" lat="25.0338273" lon="121.5688627" />
  <node id="12407395899" lat="25.0338281" lon="121.5688156" />
  <node id="12407395900" lat="25.0338101" lon="121.5688152" />
  <node id="12407395901" lat="25.0338105" lon="121.5687948" />
  <node id="12407395902" lat="25.0336655" lon="121.5688048" />
  <node id="12407395903" lat="25.0336659" lon="121.5687819" />
  <node id="12407395904" lat="25.0338589" lon="121.5692762" />
  <node id="12407395905" lat="25.0338603" lon="121.5693095" />
  <node id="12407395906" lat="25.0338553" lon="121.5693424" />
  <node id="12407395907" lat="25.0338490" lon="121.5693624" />
  <node id="12407395908" lat="25.0338512" lon="121.5692439" />
  <node id="12407395909" lat="25.0337165" lon="121.5695275" />
  <node id="12407395910" lat="25.0337168" lon="121.5695097" />
  <node id="12407395911" lat="25.0337496" lon="121.5695104" />
  <node id="12407395912" lat="25.0337495" lon="121.5695173" />
  <node id="12407395913" lat="25.0337559" lon="121.5695246" />
  <node id="12407395918" lat="25.0338530" lon="121.5691481" />
  <node id="12407395919" lat="25.0338628" lon="121.5691483" />
  <node id="12407395920" lat="25.0338638" lon="121.5690899" />
  <node id="12407395921" lat="25.0338541" lon="121.5690896" />
  <node id="12407395922" lat="25.0338543" lon="121.5690797" />
  <node id="12407395936" lat="25.0335993" lon="121.5685582" />
  <node id="12420216143" lat="25.0353283" lon="121.5698479" />
  <node id="12420216144" lat="25.0352907" lon="121.5698853" />
  <node id="12420216145" lat="25.0352735" lon="121.5698742" />
  <node id="12420216146" lat="25.0352450" lon="121.5698752" />
  <node id="12420216147" lat="25.0352248" lon="121.5698846" />
  <node id="12420216148" lat="25.0352114" lon="121.5699045" />
  <node id="12420216149" lat="25.0352100" lon="121.5699205" />
  <node id="12420216150" lat="25.0351652" lon="121.5699201" />
  <node id="12420216151" lat="25.0351438" lon="121.5699268" />
  <node id="12420216152" lat="25.0351210" lon="121.5699461" />
  <node id="12420216153" lat="25.0351022" lon="121.5699671" />
  <node id="12420216154" lat="25.0350785" lon="121.5699533" />
  <node id="12420216155" lat="25.0350516" lon="121.5699478" />
  <node id="12420216156" lat="25.0350203" lon="121.5699496" />
  <node id="12420216157" lat="25.0349944" lon="121.5699500" />
  <node id="12420216158" lat="25.0349740" lon="121.5699409" />
  <node id="12420216159" lat="25.0349558" lon="121.5699231" />
  <node id="12420216160" lat="25.0349441" lon="121.5698950" />
  <node id="12420216161" lat="25.0349444" lon="121.5698673" />
  <node id="12420216162" lat="25.0349517" lon="121.5698408" />
  <node id="12420216163" lat="25.0349682" lon="121.5698205" />
  <node id="12420216164" lat="25.0349913" lon="121.5698103" />
  <node id="12420216165" lat="25.0350143" lon="121.5698080" />
  <node id="12420216166" lat="25.0350358" lon="121.5698154" />
  <node id="12420216167" lat="25.0350925" lon="121.5698489" />
  <node id="12420216168" lat="25.0350709" lon="121.5698422" />
  <node id="12420216169" lat="25.0351136" lon="121.5698506" />
  <node id="12420216170" lat="25.0351455" lon="121.5698425" />
  <node id="12420216171" lat="25.0351824" lon="121.5698177" />
  <node id="12420216172" lat="25.0352085" lon="121.5698083" />
  <node id="12420216173" lat="25.0352743" lon="121.5698147" />
  <node id="12420216174" lat="25.0352415" lon="121.5698073" />
  <node id="12420216175" lat="25.0353028" lon="121.5698262" />
  <node id="12420228908" lat="25.0360896" lon="121.5700589" />
  <node id="12420228909" lat="25.0360685" lon="121.5700376" />
  <node id="12420228910" lat="25.0360368" lon="121.5700133" />
  <node id="12420228911" lat="25.0360084" lon="121.5699986" />
  <node id="12420228912" lat="25.0359801" lon="121.5699905" />
  <node id="12420228913" lat="25.0359349" lon="121.5699856" />
  <node id="12420228914" lat="25.0359368" lon="121.5699707" />
  <node id="12420228915" lat="25.0359311" lon="121.5699595" />
  <node id="12420228916" lat="25.0359195" lon="121.5699545" />
  <node id="12420228917" lat="25.0359079" lon="121.5699576" />
  <node id="12420228918" lat="25.0359002" lon="121.5699680" />
  <node id="12420228919" lat="25.0358998" lon="121.5699800" />
  <node id="12420228920" lat="25.0359051" lon="121.5699890" />
  <node id="12420228921" lat="25.0358759" lon="121.5700075" />
  <node id="12420228922" lat="25.0358483" lon="121.5700205" />
  <node id="12420228923" lat="25.0358220" lon="121.5700272" />
  <node id="12420228924" lat="25.0357884" lon="121.5700304" />
  <node id="12420228925" lat="25.0357556" lon="121.5700294" />
  <node id="12420228926" lat="25.0357263" lon="121.5700217" />
  <node id="12420228927" lat="25.0357025" lon="121.5700117" />
  <node id="12420228928" lat="25.0356821" lon="121.5699971" />
  <node id="12420228929" lat="25.0356640" lon="121.5699753" />
  <node id="12420228930" lat="25.0356514" lon="121.5699528" />
  <node id="12420228931" lat="25.0356446" lon="121.5699221" />
  <node id="12420228932" lat="25.0356464" lon="121.5698827" />
  <node id="12420228933" lat="25.0356341" lon="121.5698769" />
  <node id="12420228934" lat="25.0356311" lon="121.5698695" />
  <node id="12420228935" lat="25.0356024" lon="121.5698518" />
  <node id="12420228936" lat="25.0356100" lon="121.5698397" />
  <node id="12420228937" lat="25.0355843" lon="121.5698259" />
  <node id="12420228938" lat="25.0355515" lon="121.5698184" />
  <node id="12420228939" lat="25.0355164" lon="121.5698266" />
  <node id="12420228940" lat="25.0354841" lon="121.5698452" />
  <node id="12420228941" lat="25.0354538" lon="121.5698663" />
  <node id="12420228942" lat="25.0354183" lon="121.5698747" />
  <node id="12420228943" lat="25.0353797" lon="121.5698712" />
  <node id="12420228944" lat="25.0353463" lon="121.5698578" />
  <node id="12420228945" lat="25.0353003" lon="121.5699035" />
  <node id="12420228946" lat="25.0353001" lon="121.5699286" />
  <node id="12420228947" lat="25.0351887" lon="121.5699680" />
  <node id="12420228948" lat="25.0351653" lon="121.5699677" />
  <node id="12420228949" lat="25.0351655" lon="121.5699428" />
  <node id="12420228950" lat="25.0351480" lon="121.5699493" />
  <node id="12420228951" lat="25.0351353" lon="121.5699595" />
  <node id="12420228952" lat="25.0351172" lon="121.5699800" />
  <node id="12420228953" lat="25.0351406" lon="121.5700078" />
  <node id="12420228954" lat="25.0351952" lon="121.5701003" />
  <node id="12420228955" lat="25.0351672" lon="121.5700645" />
  <node id="12420228956" lat="25.0352292" lon="121.5701319" />
  <node id="12420228957" lat="25.0353130" lon="121.5701815" />
  <node id="12420228958" lat="25.0354011" lon="121.5702184" />
  <node id="12420228959" lat="25.0354783" lon="121.5702415" />
  <node id="12420228960" lat="25.0355542" lon="121.5702542" />
  <node id="12420228961" lat="25.0356375" lon="121.5702589" />
  <node id="12420228962" lat="25.0356915" lon="121.5702559" />
  <node id="12420228963" lat="25.0357745" lon="121.5702445" />
  <node id="12420228964" lat="25.0358653" lon="121.5702194" />
  <node id="12420228965" lat="25.0359447" lon="121.5701897" />
  <node id="12420228966" lat="25.0359848" lon="121.5701666" />
  <node id="12420228967" lat="25.0361078" lon="121.5700835" />
  <node id="12441634912" lat="25.0355913" lon="121.5697636" />
  <node id="12441634913" lat="25.0355976" lon="121.5697756" />
  <node id="12441634914" lat="25.0356097" lon="121.5697834" />
  <node id="12441634915" lat="25.0356703" lon="121.5697837" />
  <node id="12441634916" lat="25.0356820" lon="121.5697763" />
  <node id="12441634917" lat="25.0356888" lon="121.5697654" />
  <node id="12441634918" lat="25.0356890" lon="121.5697564" />
  <node id="12441634919" lat="25.0355914" lon="121.5697544" />
  <node id="12441634920" lat="25.0351117" lon="121.5697443" />
  <node id="12441634921" lat="25.0351113" lon="121.5697641" />
  <node id="12441634922" lat="25.0351659" lon="121.5697652" />
  <node id="12441634923" lat="25.0351662" lon="121.5697455" />
  <node id="12441634924" lat="25.0353270" lon="121.5697488" />
  <node id="12441634925" lat="25.0353267" lon="121.5697686" />
  <node id="12441634926" lat="25.0353838" lon="121.5697697" />
  <node id="12441634927" lat="25.0353841" lon="121.5697500" />
  <node id="12441634928" lat="25.0354841" lon="121.5697521" />
  <node id="12441634929" lat="25.0354839" lon="121.5697610" />
  <node id="12441634930" lat="25.0354749" lon="121.5697778" />
  <node id="12441634931" lat="25.0354619" lon="121.5697815" />
  <node id="12441634932" lat="25.0354342" lon="121.5697760" />
  <node id="12441634933" lat="25.0353981" lon="121.5697766" />
  <node id="12441634934" lat="25.0353504" lon="121.5697934" />
  <node id="12441634935" lat="25.0353311" lon="121.5697969" />
  <node id="12441634936" lat="25.0353142" lon="121.5697952" />
  <node id="12441634937" lat="25.0352860" lon="121.5697828" />
  <node id="12441634938" lat="25.0352558" lon="121.5697756" />
  <node id="12441634939" lat="25.0352343" lon="121.5697734" />
  <node id="12441634940" lat="25.0352031" lon="121.5697744" />
  <node id="12441634941" lat="25.0351428" lon="121.5697904" />
  <node id="12441634942" lat="25.0351154" lon="121.5697904" />
  <node id="12441634943" lat="25.0350970" lon="121.5697848" />
  <node id="12441634944" lat="25.0350688" lon="121.5697714" />
  <node id="12441634945" lat="25.0350508" lon="121.5697538" />
  <node id="12441634946" lat="25.0350510" lon="121.5697431" />
  <node id="12441634973" lat="25.0351016" lon="121.5700470" />
  <node id="12441634974" lat="25.0350958" lon="121.5700683" />
  <node id="12441634975" lat="25.0351013" lon="121.5700747" />
  <node id="12441634976" lat="25.0351122" lon="121.5700735" />
  <node id="12441634977" lat="25.0351417" lon="121.5700725" />
  <node id="12441634978" lat="25.0351259" lon="121.5700437" />
  <node id="12441634979" lat="25.0351137" lon="121.5700289" />
  <node id="12441634980" lat="25.0348780" lon="121.5701758" />
  <node id="12441634981" lat="25.0349366" lon="121.5701664" />
  <node id="12441634982" lat="25.0349895" lon="121.5701412" />
  <node id="12441634983" lat="25.0350202" lon="121.5701174" />
  <node id="12441634984" lat="25.0350661" lon="121.5700621" />
  <node id="12441634985" lat="25.0350791" lon="121.5700395" />
  <node id="12441634986" lat="25.0350828" lon="121.5700199" />
  <node id="12441634987" lat="25.0350791" lon="121.5699987" />
  <node id="12441634988" lat="25.0350670" lon="121.5699818" />
  <node id="12441634989" lat="25.0350481" lon="121.5699741" />
  <node id="12441634990" lat="25.0350287" lon="121.5699776" />
  <node id="12441634991" lat="25.0350065" lon="121.5699843" />
  <node id="12441634992" lat="25.0349886" lon="121.5699847" />
  <node id="12441634993" lat="25.0349664" lon="121.5699796" />
  <node id="12441634994" lat="25.0349512" lon="121.5699669" />
  <node id="12441634995" lat="25.0349139" lon="121.5699285" />
  <node id="12441634996" lat="25.0348952" lon="121.5699513" />
  <node id="12441634997" lat="25.0348865" lon="121.5699723" />
  <node id="12441634998" lat="25.0348811" lon="121.5700001" />
  <node id="12869842690" lat="25.0475035" lon="121.5717251">
    <tag k="access" v="yes" />
    <tag k="amenity" v="parking" />
    <tag k="fee" v="yes" />
    <tag k="layer" v="-1" />
    <tag k="name" v="Yaxiang Park Car Park" />
    <tag k="parking" v="underground" />
  </node>
  <node id="12957230983" lat="25.0500266" lon="121.5930705">
    <tag k="name" v="迷克夏" />
    <tag k="opening_hours" v="10:00-22:00" />
    <tag k="shop" v="beverages" />
    <tag k="wheelchair" v="yes" />
  </node>
  <node id="13149266015" lat="25.0350005" lon="121.5673682">
    <tag k="amenity" v="bar" />
    <tag k="name" v="FakeSober" />
  </node>
  <node id="13271949386" lat="25.0613790" lon="121.5667500">
    <tag k="access" v="yes" />
    <tag k="amenity" v="drinking_water" />
    <tag k="cold_water" v="yes" />
    <tag k="contact:phone" v="+886 2 2585-0192 #232" />
    <tag k="description" v="工務局公園處，三民公園，臺北市松山區撫遠街298號對面，工務局公園處，三民公園，入口牌樓左側" />
    <tag k="image" v="https://gismobile.water.gov.taipei/WaterMap_drinkImg/2446a.JPG" />
    <tag k="is_in:city" v="臺北市" />
    <tag k="is_in:district" v="松山" />
    <tag k="opening_hours" v="24/7" />
    <tag k="operator" v="工務局公園處圓山管理所" />
    <tag k="operator:type" v="公園步道" />
    <tag k="ref" v="2446a" />
    <tag k="source" v="臺北市自來水處" />
    <tag k="source:url" v="https://data.taipei/dataset/detail?id=155999f2-3c5d-486b-af58-d7f4c0b0a4c9" />
    <tag k="website" v="https://gismobile.water.gov.taipei:8443/W/S.aspx?SD=2446a" />
  </node>
  <node id="13271997617" lat="25.0506080" lon="121.5936270">
    <tag k="access" v="yes" />
    <tag k="amenity" v="drinking_water" />
    <tag k="cold_water" v="yes" />
    <tag k="contact:phone" v="+886 2 25363001#8653" />
    <tag k="description" v="臺北大眾捷運股份有限公司，昆陽站，臺北市南港區忠孝東路6段451號，臺北大眾捷運股份有限公司，昆陽站，3號出口" />
    <tag k="image" v="https://gismobile.water.gov.taipei/WaterMap_drinkImg/1824a.JPG" />
    <tag k="is_in:city" v="臺北市" />
    <tag k="is_in:district" v="南港" />
    <tag k="opening_hours" v="Mo-Su 06:00-23:00" />
    <tag k="operator" v="臺北大眾捷運股份有限公司(藍橘線)" />
    <tag k="operator:type" v="捷運站" />
    <tag k="ref" v="1824a" />
    <tag k="source" v="臺北市自來水處" />
    <tag k="source:url" v="https://data.taipei/dataset/detail?id=155999f2-3c5d-486b-af58-d7f4c0b0a4c9" />
    <tag k="website" v="https://gismobile.water.gov.taipei:8443/W/S.aspx?SD=1824a" />
  </node>
  <node id="13911937716" lat="25.0516423" lon="121.5920180" />
  <node id="13911937717" lat="25.0510409" lon="121.5921213" />
  <node id="13911937718" lat="25.0509498" lon="121.5915795" />
  <node id="13911937719" lat="25.0515609" lon="121.5914668" />
  <node id="13974008863" lat="25.0476852" lon="121.5713730" />
  <node id="13974008864" lat="25.0476949" lon="121.5713717" />
  <node id="13974008865" lat="25.0476949" lon="121.5713364" />
  <node id="13974008866" lat="25.0477714" lon="121.5713359" />
  <node id="13974008867" lat="25.0477715" lon="121.5713741" />
  <node id="13974008868" lat="25.0478989" lon="121.5713734" />
  <node id="13974008869" lat="25.0478997" lon="121.5715445" />
  <node id="13974008870" lat="25.0478644" lon="121.5715447" />
  <node id="13974008871" lat="25.0476163" lon="121.5715462" />
  <node id="13974008872" lat="25.0476144" lon="121.5711276" />
  <way id="115493218">
    <nd ref="12382647612" />
    <nd ref="12389638102" />
    <nd ref="12389630268" />
    <nd ref="12389630299" />
    <nd ref="12382647613" />
    <nd ref="12393644184" />
    <nd ref="12393716793" />
    <nd ref="1304689213" />
    <nd ref="12393716797" />
    <nd ref="12393716796" />
    <nd ref="12393716794" />
    <nd ref="12393716795" />
    <nd ref="1304689504" />
    <nd ref="12393644182" />
    <nd ref="12382647649" />
    <nd ref="12382647564" />
    <nd ref="12382647562" />
    <nd ref="12382647650" />
    <nd ref="1304689178" />
    <nd ref="12382647612" />
    <tag k="landuse" v="retail" />
    <tag k="name" v="遠百信義/Apple信義 (A13)" />
    <tag k="ref" v="A13" />
  </way>
  <way id="327699703">
    <nd ref="3345065499" />
    <nd ref="3345065500" />
    <nd ref="3345065501" />
    <nd ref="3345065502" />
    <nd ref="3345065499" />
    <tag k="landuse" v="residential" />
    <tag k="name" v="信義雅翠" />
    <tag k="residential" v="apartments" />
  </way>
  <way id="327699717">
    <nd ref="12407395844" />
    <nd ref="3383997813" />
    <nd ref="3383997814" />
    <nd ref="3383997815" />
    <nd ref="12407395709" />
    <nd ref="12407395813" />
    <nd ref="12407395708" />
    <nd ref="12407395744" />
    <nd ref="3345065557" />
    <nd ref="12407395845" />
    <nd ref="12407395817" />
    <nd ref="12407395741" />
    <nd ref="12407395818" />
    <nd ref="12407395844" />
    <tag k="alt_name" v="B7案" />
    <tag k="landuse" v="residential" />
    <tag k="name" v="55 TIMELESS 琢白" />
    <tag k="residential" v="apartments" />
  </way>
  <way id="328519344">
    <nd ref="12396185716" />
    <nd ref="3353482774" />
    <nd ref="5344892840" />
    <nd ref="5344892837" />
    <nd ref="3353482775" />
    <nd ref="12396185715" />
    <nd ref="3353482777" />
    <nd ref="3353482776" />
    <nd ref="12396185727" />
    <nd ref="12396185726" />
    <nd ref="12396185725" />
    <nd ref="12396185724" />
    <nd ref="12396185723" />
    <nd ref="12396185722" />
    <nd ref="12396185721" />
    <nd ref="12396185720" />
    <nd ref="12396185719" />
    <nd ref="12396185718" />
    <nd ref="12396185717" />
    <nd ref="12396185712" />
    <nd ref="12396185716" />
    <tag k="landuse" v="grass" />
  </way>
  <way id="370145086">
    <nd ref="3738699781" />
    <nd ref="3738699782" />
    <nd ref="3738699783" />
    <nd ref="3738699784" />
    <nd ref="3738699781" />
    <tag k="landuse" v="residential" />
    <tag k="name" v="領世館" />
    <tag k="residential" v="apartments" />
  </way>
  <way id="375486260">
    <nd ref="3788503746" />
    <nd ref="3788503747" />
    <nd ref="3788503748" />
    <nd ref="3788503749" />
    <nd ref="3788503750" />
    <nd ref="3788503751" />
    <nd ref="3788503746" />
    <tag k="landuse" v="retail" />
    <tag k="name" v="水族街" />
  </way>
  <way id="555866071">
    <nd ref="12393644074" />
    <nd ref="5362566924" />
    <nd ref="12393644077" />
    <nd ref="5362566927" />
    <nd ref="12393644069" />
    <nd ref="12393644068" />
    <nd ref="5362566926" />
    <nd ref="12393644076" />
    <nd ref="5362566925" />
    <nd ref="12393644075" />
    <nd ref="12393644074" />
    <tag k="landuse" v="retail" />
    <tag k="name" v="Neo 19 商場 (A19)" />
    <tag k="ref" v="A19" />
  </way>
  <way id="555866089">
    <nd ref="5362566973" />
    <nd ref="5362566974" />
    <nd ref="12396185745" />
    <nd ref="12396185746" />
    <nd ref="5362566975" />
    <nd ref="5362566976" />
    <nd ref="5362566973" />
    <tag k="full_name" v="華南銀行總行世貿大樓" />
    <tag k="landuse" v="commercial" />
    <tag k="name" v="華銀總行大樓" />
    <tag k="ref" v="B6" />
  </way>
  <way id="746296450">
    <nd ref="6984169774" />
    <nd ref="6984169762" />
    <nd ref="6984169761" />
    <nd ref="6984169760" />
    <nd ref="6984169775" />
    <nd ref="6984169774" />
    <tag k="landuse" v="industrial" />
    <tag k="name" v="撫遠抽水站" />
  </way>
  <way id="802123170">
    <nd ref="7502885659" />
    <nd ref="7502885658" />
    <nd ref="7502885657" />
    <nd ref="7502885656" />
    <nd ref="7502885659" />
    <tag k="construction" v="residential" />
    <tag k="landuse" v="construction" />
    <tag k="name" v="信義兒福A1公辦都更基地" />
    <tag k="official_name" v="臺北市信義區雅祥段一小段6地號等21筆(原16筆)土地都市更新事業" />
  </way>
  <way id="1339824882">
    <nd ref="12393644030" />
    <nd ref="12393644036" />
    <nd ref="12393644035" />
    <nd ref="12393644031" />
    <nd ref="12393644030" />
    <tag k="landuse" v="grass" />
  </way>
  <way id="1339824886">
    <nd ref="12393822114" />
    <nd ref="12393644053" />
    <nd ref="12393822134" />
    <nd ref="12393822133" />
    <nd ref="12393798289" />
    <nd ref="12393798288" />
    <nd ref="12393644052" />
    <nd ref="12393644051" />
    <nd ref="12393644058" />
    <nd ref="12393822111" />
    <nd ref="12393822125" />
    <nd ref="12393822119" />
    <nd ref="12393822121" />
    <nd ref="12393822126" />
    <nd ref="12393822112" />
    <nd ref="12393798281" />
    <nd ref="12393822113" />
    <nd ref="12393822114" />
    <tag k="landuse" v="commercial" />
    <tag k="name" v="臺北南山廣場 (A20)" />
    <tag k="ref" v="A20" />
  </way>
  <way id="1339824887">
    <nd ref="1503671147" />
    <nd ref="7850043259" />
    <nd ref="1503671144" />
    <nd ref="12393640268" />
    <nd ref="12393798266" />
    <nd ref="12393798267" />
    <nd ref="12393640265" />
    <nd ref="6200236833" />
    <nd ref="1503671146" />
    <nd ref="1503671145" />
    <nd ref="1503671147" />
    <tag k="disused:name" v="世貿二館" />
    <tag k="landuse" v="commercial" />
    <tag k="name" v="臺北南山廣場 (A18)" />
    <tag k="ref" v="A18" />
  </way>
  <way id="1339824907">
    <nd ref="12393644172" />
    <nd ref="12388454370" />
    <nd ref="12388455859" />
    <nd ref="12388455860" />
    <nd ref="12388454371" />
    <nd ref="12388455861" />
    <nd ref="12388455862" />
    <nd ref="12388454373" />
    <nd ref="12388454374" />
    <nd ref="12393644176" />
    <nd ref="12393644175" />
    <nd ref="12393644174" />
    <nd ref="12393644173" />
    <nd ref="12393644172" />
    <tag k="landuse" v="retail" />
    <tag k="name" v="信義威秀 (A17)" />
    <tag k="ref" v="A17" />
  </way>
  <way id="1339843979">
    <nd ref="12393798263" />
    <nd ref="12393822148" />
    <nd ref="12393822137" />
    <nd ref="12393798264" />
    <nd ref="12393798263" />
    <tag k="landuse" v="grass" />
  </way>
  <way id="1339843980">
    <nd ref="12393798262" />
    <nd ref="12393822138" />
    <nd ref="12393822145" />
    <nd ref="12393798261" />
    <nd ref="12393798262" />
    <tag k="landuse" v="grass" />
  </way>
  <way id="1339843981">
    <nd ref="12393798268" />
    <nd ref="12393640266" />
    <nd ref="12393640265" />
    <nd ref="12393798267" />
    <nd ref="12393798268" />
    <tag k="landuse" v="grass" />
    <tag k="layer" v="-1" />
  </way>
  <way id="1339843982">
    <nd ref="12393798266" />
    <nd ref="12393640268" />
    <nd ref="12393640267" />
    <nd ref="12393798265" />
    <nd ref="12393798266" />
    <tag k="landuse" v="grass" />
    <tag k="layer" v="-1" />
  </way>
  <way id="1339843988">
    <nd ref="12393798271" />
    <nd ref="12393798294" />
    <nd ref="12393798295" />
    <nd ref="12393822109" />
    <nd ref="12393822108" />
    <nd ref="12393822106" />
    <nd ref="12393822105" />
    <nd ref="12393822104" />
    <nd ref="12393822103" />
    <nd ref="12393822102" />
    <nd ref="12393822101" />
    <nd ref="12393798300" />
    <nd ref="12393798299" />
    <nd ref="12393798293" />
    <nd ref="12393798292" />
    <nd ref="12393798291" />
    <nd ref="12393798290" />
    <nd ref="8856481175" />
    <nd ref="8856481174" />
    <nd ref="12388388946" />
    <nd ref="12393798271" />
    <tag k="landuse" v="grass" />
  </way>
  <way id="1339843993">
    <nd ref="12393822115" />
    <nd ref="12393822118" />
    <nd ref="12393822117" />
    <nd ref="12393822116" />
    <nd ref="12393822115" />
    <tag k="landuse" v="grass" />
  </way>
  <way id="1339843994">
    <nd ref="12393822122" />
    <nd ref="12393822123" />
    <nd ref="12393822126" />
    <nd ref="12393822121" />
    <nd ref="12393822122" />
    <tag k="landuse" v="grass" />
  </way>
  <way id="1339843995">
    <nd ref="12393822119" />
    <nd ref="12393822125" />
    <nd ref="12393822124" />
    <nd ref="12393822120" />
    <nd ref="12393822119" />
    <tag k="landuse" v="grass" />
  </way>
  <way id="1339843996">
    <nd ref="12393822127" />
    <nd ref="12393822130" />
    <nd ref="12393822129" />
    <nd ref="12393822128" />
    <nd ref="12393822127" />
    <tag k="landuse" v="grass" />
  </way>
  <way id="1339843997">
    <nd ref="12393822134" />
    <nd ref="12393822133" />
    <nd ref="12393822132" />
    <nd ref="12393822131" />
    <nd ref="12393822134" />
    <tag k="landuse" v="grass" />
  </way>
  <way id="1339843999">
    <nd ref="12393822144" />
    <nd ref="12393822147" />
    <nd ref="12393822146" />
    <nd ref="12393822139" />
    <nd ref="12393822140" />
    <nd ref="12393822135" />
    <nd ref="12393822141" />
    <nd ref="12393822142" />
    <nd ref="12393822136" />
    <nd ref="12393822143" />
    <nd ref="12393822144" />
    <tag k="landuse" v="grass" />
  </way>
  <way id="1340089938">
    <nd ref="12396065443" />
    <nd ref="12396065445" />
    <nd ref="12396065444" />
    <nd ref="12396065449" />
    <nd ref="12396065443" />
    <tag k="landuse" v="grass" />
  </way>
  <way id="1340100266">
    <nd ref="12396181532" />
    <nd ref="12396181533" />
    <nd ref="12396185630" />
    <nd ref="12396185661" />
    <nd ref="12396181525" />
    <nd ref="12396181524" />
    <nd ref="12396181523" />
    <nd ref="12396181522" />
    <nd ref="12396181521" />
    <nd ref="12396181520" />
    <nd ref="12396181531" />
    <nd ref="12396181526" />
    <nd ref="12396181527" />
    <nd ref="12396181528" />
    <nd ref="12396181529" />
    <nd ref="12396181532" />
    <tag k="landuse" v="grass" />
  </way>
  <way id="1340100289">
    <nd ref="12396185574" />
    <nd ref="12396185573" />
    <nd ref="12396185572" />
    <nd ref="12396185571" />
    <nd ref="12396185570" />
    <nd ref="12396185569" />
    <nd ref="12396185568" />
    <nd ref="12396185567" />
    <nd ref="12396185566" />
    <nd ref="12396185636" />
    <nd ref="12396185580" />
    <nd ref="12396185579" />
    <nd ref="12396185578" />
    <nd ref="12396185577" />
    <nd ref="12396185576" />
    <nd ref="12396185575" />
    <nd ref="12396185565" />
    <nd ref="12396185564" />
    <nd ref="12396185574" />
    <tag k="landuse" v="grass" />
  </way>
  <way id="1340100301">
    <nd ref="12396185638" />
    <nd ref="12400224572" />
    <nd ref="12400224573" />
    <nd ref="12396185635" />
    <nd ref="12396185506" />
    <nd ref="12396185509" />
    <nd ref="12396185510" />
    <nd ref="12396185511" />
    <nd ref="12396185535" />
    <nd ref="12396185538" />
    <nd ref="12396185566" />
    <nd ref="12396185636" />
    <nd ref="12396185580" />
    <nd ref="12396181520" />
    <nd ref="12396181521" />
    <nd ref="12396185637" />
    <nd ref="12396185638" />
    <tag k="landuse" v="commercial" />
    <tag k="name" v="群益金融大樓" />
    <tag k="ref" v="B4" />
  </way>
  <way id="1340100304">
    <nd ref="12396185675" />
    <nd ref="3144858569" />
    <nd ref="12396185674" />
    <nd ref="12396185673" />
    <nd ref="12396185675" />
    <tag k="landuse" v="grass" />
  </way>
  <way id="1340100305">
    <nd ref="12396185679" />
    <nd ref="12396185678" />
    <nd ref="12396185739" />
    <nd ref="12396185744" />
    <nd ref="12396185677" />
    <nd ref="12396185676" />
    <nd ref="12396185679" />
    <tag k="landuse" v="grass" />
  </way>
  <way id="1340100307">
    <nd ref="12396185682" />
    <nd ref="12396185685" />
    <nd ref="12396185684" />
    <nd ref="12396185683" />
    <nd ref="12396185682" />
    <tag k="landuse" v="grass" />
  </way>
  <way id="1340100309">
    <nd ref="12396185695" />
    <nd ref="12396185690" />
    <nd ref="12396185691" />
    <nd ref="12396185692" />
    <nd ref="12396185693" />
    <nd ref="12396185694" />
    <nd ref="12396185697" />
    <nd ref="12396185696" />
    <nd ref="12405089547" />
    <nd ref="12396185695" />
    <tag k="landuse" v="grass" />
  </way>
  <way id="1340100310">
    <nd ref="12396185706" />
    <nd ref="12396185705" />
    <nd ref="12396185704" />
    <nd ref="12396185703" />
    <nd ref="12396185702" />
    <nd ref="12396185701" />
    <nd ref="12396185700" />
    <nd ref="12396185699" />
    <nd ref="12396185698" />
    <nd ref="12396185706" />
    <tag k="landuse" v="grass" />
  </way>
  <way id="1340100311">
    <nd ref="12396185707" />
    <nd ref="12396185711" />
    <nd ref="12396185729" />
    <nd ref="12396185710" />
    <nd ref="12396185709" />
    <nd ref="12396185708" />
    <nd ref="12396185707" />
    <tag k="landuse" v="grass" />
  </way>
  <way id="1340100313">
    <nd ref="12396185729" />
    <nd ref="12396185711" />
    <nd ref="12396185706" />
    <nd ref="12396185698" />
    <nd ref="12396185728" />
    <nd ref="12396185666" />
    <nd ref="12396185727" />
    <nd ref="12396185726" />
    <nd ref="12396185725" />
    <nd ref="12396185724" />
    <nd ref="12396185723" />
    <nd ref="12396185722" />
    <nd ref="12396185721" />
    <nd ref="12396185720" />
    <nd ref="12396185719" />
    <nd ref="12396185718" />
    <nd ref="12396185717" />
    <nd ref="12396185712" />
    <nd ref="12396185716" />
    <nd ref="12405089547" />
    <nd ref="12396185694" />
    <nd ref="12396185708" />
    <nd ref="12396185729" />
    <tag k="landuse" v="commercial" />
    <tag k="name" v="克緹大樓" />
    <tag k="ref" v="B5" />
  </way>
  <way id="1341047686">
    <nd ref="12405089546" />
    <nd ref="12405089545" />
    <nd ref="12405089544" />
    <nd ref="12405089543" />
    <nd ref="12405089546" />
    <tag k="landuse" v="grass" />
  </way>
  <way id="1341053313">
    <nd ref="12405180604" />
    <nd ref="12405180603" />
    <nd ref="12405180602" />
    <nd ref="12405180601" />
    <nd ref="12405156700" />
    <nd ref="12405156699" />
    <nd ref="12405180604" />
    <tag k="landuse" v="grass" />
  </way>
  <way id="1341054223">
    <nd ref="12405180682" />
    <nd ref="12405180679" />
    <nd ref="12405180681" />
    <nd ref="12405179771" />
    <nd ref="12405179770" />
    <nd ref="12405179769" />
    <nd ref="12405179772" />
    <nd ref="12405180685" />
    <nd ref="12405180684" />
    <nd ref="12405180631" />
    <nd ref="12405180683" />
    <nd ref="12405180682" />
    <tag k="landuse" v="industrial" />
    <tag k="name" v="中華電信臺北東四局" />
    <tag k="operator" v="中華電信" />
  </way>
  <way id="1341315579">
    <nd ref="12407395709" />
    <nd ref="12407395813" />
    <nd ref="12407395708" />
    <nd ref="12407395707" />
    <nd ref="12407395706" />
    <nd ref="12407395709" />
    <tag k="landuse" v="grass" />
  </way>
  <way id="1341315590">
    <nd ref="12407395752" />
    <nd ref="12407395751" />
    <nd ref="12407395750" />
    <nd ref="12407395749" />
    <nd ref="12407395748" />
    <nd ref="12407395747" />
    <nd ref="12407395746" />
    <nd ref="12407395745" />
    <nd ref="12407395744" />
    <nd ref="3345065557" />
    <nd ref="12407395845" />
    <nd ref="12407395817" />
    <nd ref="12407395741" />
    <nd ref="12407395818" />
    <nd ref="12407395743" />
    <nd ref="12407395742" />
    <nd ref="12407395752" />
    <tag k="landuse" v="grass" />
  </way>
  <way id="1341315591">
    <nd ref="12407395756" />
    <nd ref="12407395755" />
    <nd ref="12407395754" />
    <nd ref="12407395753" />
    <nd ref="12407395756" />
    <tag k="landuse" v="grass" />
  </way>
  <way id="1341315592">
    <nd ref="12407395760" />
    <nd ref="12407395759" />
    <nd ref="12407395758" />
    <nd ref="12407395757" />
    <nd ref="12407395760" />
    <tag k="landuse" v="grass" />
  </way>
  <way id="1341315593">
    <nd ref="12407395913" />
    <nd ref="12407395912" />
    <nd ref="12407395911" />
    <nd ref="12407395910" />
    <nd ref="12407395909" />
    <nd ref="3738699893" />
    <nd ref="12407395762" />
    <nd ref="12407395761" />
    <nd ref="12407395913" />
    <tag k="landuse" v="grass" />
  </way>
  <way id="1341315594">
    <nd ref="12407395768" />
    <nd ref="12407395767" />
    <nd ref="12407395766" />
    <nd ref="12407395907" />
    <nd ref="12407395906" />
    <nd ref="12407395905" />
    <nd ref="12407395904" />
    <nd ref="12407395908" />
    <nd ref="12407395918" />
    <nd ref="12407395919" />
    <nd ref="12407395920" />
    <nd ref="12407395921" />
    <nd ref="12407395922" />
    <nd ref="12407395893" />
    <nd ref="3738699884" />
    <nd ref="12407395894" />
    <nd ref="12407395895" />
    <nd ref="12407395765" />
    <nd ref="12407395764" />
    <nd ref="12407395763" />
    <nd ref="12407395768" />
    <tag k="landuse" v="grass" />
  </way>
  <way id="1341315595">
    <nd ref="12407395898" />
    <nd ref="12407395897" />
    <nd ref="12407395772" />
    <nd ref="12407395771" />
    <nd ref="12407395770" />
    <nd ref="12407395769" />
    <nd ref="3738699888" />
    <nd ref="12407395903" />
    <nd ref="12407395902" />
    <nd ref="3738699889" />
    <nd ref="3738699890" />
    <nd ref="12407395863" />
    <nd ref="12407395862" />
    <nd ref="12407395864" />
    <nd ref="3738699883" />
    <nd ref="12407395901" />
    <nd ref="12407395900" />
    <nd ref="12407395899" />
    <nd ref="12407395898" />
    <tag k="landuse" v="grass" />
  </way>
  <way id="1341315596">
    <nd ref="12407395780" />
    <nd ref="12407395779" />
    <nd ref="12407395778" />
    <nd ref="12407395777" />
    <nd ref="12407395776" />
    <nd ref="12407395775" />
    <nd ref="12407395774" />
    <nd ref="12407395773" />
    <nd ref="12407395780" />
    <tag k="landuse" v="grass" />
  </way>
  <way id="1341315597">
    <nd ref="12407395795" />
    <nd ref="12407395794" />
    <nd ref="12407395793" />
    <nd ref="12407395792" />
    <nd ref="12407395791" />
    <nd ref="12407395790" />
    <nd ref="12407395789" />
    <nd ref="12407395788" />
    <nd ref="12407395787" />
    <nd ref="12407395786" />
    <nd ref="12407395785" />
    <nd ref="12407395784" />
    <nd ref="12407395783" />
    <nd ref="12407395782" />
    <nd ref="12407395781" />
    <nd ref="12407395819" />
    <nd ref="12407395795" />
    <tag k="landuse" v="grass" />
  </way>
  <way id="1341315610">
    <nd ref="3345065557" />
    <nd ref="12407395819" />
    <nd ref="12407395795" />
    <nd ref="12407395936" />
    <nd ref="12405089537" />
    <nd ref="12407395759" />
    <nd ref="12407395760" />
    <nd ref="12407395756" />
    <nd ref="12407395755" />
    <nd ref="3345065558" />
    <nd ref="12407395844" />
    <nd ref="12407395818" />
    <nd ref="12407395741" />
    <nd ref="12407395817" />
    <nd ref="12407395845" />
    <nd ref="3345065557" />
    <tag k="landuse" v="residential" />
    <tag k="name" v="慕夏四季" />
    <tag k="residential" v="apartments" />
  </way>
  <way id="1342433307">
    <nd ref="12420216143" />
    <nd ref="12420216175" />
    <nd ref="12420216173" />
    <nd ref="12420216174" />
    <nd ref="12420216172" />
    <nd ref="12420216171" />
    <nd ref="12420216170" />
    <nd ref="12420216169" />
    <nd ref="12420216167" />
    <nd ref="12420216168" />
    <nd ref="12420216166" />
    <nd ref="12420216165" />
    <nd ref="12420216164" />
    <nd ref="12420216163" />
    <nd ref="12420216162" />
    <nd ref="12420216161" />
    <nd ref="12420216160" />
    <nd ref="12420216159" />
    <nd ref="12420216158" />
    <nd ref="12420216157" />
    <nd ref="12420216156" />
    <nd ref="12420216155" />
    <nd ref="12420216154" />
    <nd ref="12420216153" />
    <nd ref="12420216152" />
    <nd ref="12420216151" />
    <nd ref="12420216150" />
    <nd ref="12420216149" />
    <nd ref="12420216148" />
    <nd ref="12420216147" />
    <nd ref="12420216146" />
    <nd ref="12420216145" />
    <nd ref="12420216144" />
    <nd ref="12420216143" />
    <tag k="landuse" v="grass" />
  </way>
  <way id="1342433311">
    <nd ref="12420228967" />
    <nd ref="12420228966" />
    <nd ref="12420228965" />
    <nd ref="12420228964" />
    <nd ref="12420228963" />
    <nd ref="12420228962" />
    <nd ref="12420228961" />
    <nd ref="12420228960" />
    <nd ref="12420228959" />
    <nd ref="12420228958" />
    <nd ref="12420228957" />
    <nd ref="12420228956" />
    <nd ref="12420228954" />
    <nd ref="12420228955" />
    <nd ref="12420228953" />
    <nd ref="12420228952" />
    <nd ref="12420228951" />
    <nd ref="12420228950" />
    <nd ref="12420228949" />
    <nd ref="12420228948" />
    <nd ref="12420228947" />
    <nd ref="3765076612" />
    <nd ref="3765076611" />
    <nd ref="3765076610" />
    <nd ref="12420228946" />
    <nd ref="12420228945" />
    <nd ref="12420228944" />
    <nd ref="12420228943" />
    <nd ref="12420228942" />
    <nd ref="12420228941" />
    <nd ref="12420228940" />
    <nd ref="12420228939" />
    <nd ref="12420228938" />
    <nd ref="12420228937" />
    <nd ref="12420228936" />
    <nd ref="12420228935" />
    <nd ref="12420228934" />
    <nd ref="12420228933" />
    <nd ref="12420228932" />
    <nd ref="12420228931" />
    <nd ref="12420228930" />
    <nd ref="12420228929" />
    <nd ref="12420228928" />
    <nd ref="12420228927" />
    <nd ref="12420228926" />
    <nd ref="12420228925" />
    <nd ref="12420228924" />
    <nd ref="12420228923" />
    <nd ref="12420228922" />
    <nd ref="12420228921" />
    <nd ref="12420228920" />
    <nd ref="12420228919" />
    <nd ref="12420228918" />
    <nd ref="12420228917" />
    <nd ref="12420228916" />
    <nd ref="12420228915" />
    <nd ref="12420228914" />
    <nd ref="12420228913" />
    <nd ref="12420228912" />
    <nd ref="12420228911" />
    <nd ref="12420228910" />
    <nd ref="12420228909" />
    <nd ref="12420228908" />
    <nd ref="12420228967" />
    <tag k="landuse" v="grass" />
  </way>
  <way id="1344800029">
    <nd ref="12441634919" />
    <nd ref="12441634918" />
    <nd ref="12441634917" />
    <nd ref="12441634916" />
    <nd ref="12441634915" />
    <nd ref="12441634914" />
    <nd ref="12441634913" />
    <nd ref="12441634912" />
    <nd ref="12441634919" />
    <tag k="landuse" v="grass" />
  </way>
  <way id="1344800030">
    <nd ref="12441634946" />
    <nd ref="12441634945" />
    <nd ref="12441634944" />
    <nd ref="12441634943" />
    <nd ref="12441634942" />
    <nd ref="12441634941" />
    <nd ref="12441634940" />
    <nd ref="12441634939" />
    <nd ref="12441634938" />
    <nd ref="12441634937" />
    <nd ref="12441634936" />
    <nd ref="12441634935" />
    <nd ref="12441634934" />
    <nd ref="12441634933" />
    <nd ref="12441634932" />
    <nd ref="12441634931" />
    <nd ref="12441634930" />
    <nd ref="12441634929" />
    <nd ref="12441634928" />
    <nd ref="12441634927" />
    <nd ref="12441634926" />
    <nd ref="12441634925" />
    <nd ref="12441634924" />
    <nd ref="12441634923" />
    <nd ref="12441634922" />
    <nd ref="12441634921" />
    <nd ref="12441634920" />
    <nd ref="12441634946" />
    <tag k="landuse" v="grass" />
  </way>
  <way id="1344800036">
    <nd ref="12441634979" />
    <nd ref="12441634978" />
    <nd ref="12441634977" />
    <nd ref="12441634976" />
    <nd ref="12441634975" />
    <nd ref="12441634974" />
    <nd ref="12441634973" />
    <nd ref="12441634979" />
    <tag k="landuse" v="grass" />
  </way>
  <way id="1344800037">
    <nd ref="12441634980" />
    <nd ref="12441634998" />
    <nd ref="12441634997" />
    <nd ref="12441634996" />
    <nd ref="12441634995" />
    <nd ref="12441634994" />
    <nd ref="12441634993" />
    <nd ref="12441634992" />
    <nd ref="12441634991" />
    <nd ref="12441634990" />
    <nd ref="12441634989" />
    <nd ref="12441634988" />
    <nd ref="12441634987" />
    <nd ref="12441634986" />
    <nd ref="12441634985" />
    <nd ref="12441634984" />
    <nd ref="12441634983" />
    <nd ref="12441634982" />
    <nd ref="12441634981" />
    <nd ref="12441634980" />
    <tag k="landuse" v="grass" />
  </way>
  <way id="1526378470">
    <nd ref="13911937719" />
    <nd ref="13911937718" />
    <nd ref="13911937717" />
    <nd ref="13911937716" />
    <nd ref="13911937719" />
    <tag k="construction" v="commercial" />
    <tag k="landuse" v="construction" />
    <tag k="name" v="慧榮科技台北總部" />
    <tag k="official_name" v="臺北市南港區玉成段二小段732地號等1筆土地都市更新事業" />
  </way>
  <way id="1533440755">
    <nd ref="13974008872" />
    <nd ref="13974008871" />
    <nd ref="13974008870" />
    <nd ref="13974008869" />
    <nd ref="13974008868" />
    <nd ref="13974008867" />
    <nd ref="13974008866" />
    <nd ref="13974008865" />
    <nd ref="13974008864" />
    <nd ref="13974008863" />
    <nd ref="13974008872" />
    <tag k="construction" v="residential" />
    <tag k="landuse" v="construction" />
    <tag k="name" v="國美森遇" />
    <tag k="official_name" v="臺北市信義區雅祥段一小段31-4地號等18筆土地都市更新事業" />
  </way>

<note>The data included in this document is from www.openstreetmap.org. The data is made available under ODbL.</note>
<meta osm_base="2026-09-03T09:40:51Z" />

  <node id="1040970466" lat="25.0683223" lon="121.5960924">
    <tag k="bus" v="yes" />
    <tag k="description" v="民權東路六段173號向西20M同向" />
    <tag k="highway" v="bus_stop" />
    <tag k="name" v="國防醫學院(網球中心)" />
    <tag k="name:en" v="National Defense Medical Center(Taipei Tennis Center)" />
    <tag k="name:zh" v="國防醫學院(網球中心)" />
    <tag k="name:zh-Hans" v="国防医学院(网球中心)" />
    <tag k="name:zh-Hant" v="國防醫學院(網球中心)" />
    <tag k="network" v="臺北市公車" />
    <tag k="public_transport" v="platform" />
    <tag k="ref" v="8673" />
  </node>
  <node id="1040970471" lat="25.0680672" lon="121.5961514">
    <tag k="bus" v="yes" />
    <tag k="description" v="民權東路六段208號同向" />
    <tag k="highway" v="bus_stop" />
    <tag k="name" v="國防醫學院(網球中心)" />
    <tag k="name:en" v="National Defense Medical Center(Taipei Tennis Center)" />
    <tag k="name:zh" v="國防醫學院(網球中心)" />
    <tag k="name:zh-Hans" v="国防医学院(网球中心)" />
    <tag k="name:zh-Hant" v="國防醫學院(網球中心)" />
    <tag k="network" v="臺北市公車" />
    <tag k="public_transport" v="platform" />
    <tag k="ref" v="1081" />
  </node>
  <node id="1524300390" lat="25.0295801" lon="121.5315508">
    <tag k="amenity" v="parking" />
  </node>
  <node id="2002165480" lat="25.0687359" lon="121.5940730" />
  <node id="2002165483" lat="25.0657883" lon="121.5942298" />
  <node id="2002165485" lat="25.0666109" lon="121.5927077" />
  <node id="2002165490" lat="25.0687825" lon="121.5928438" />
  <node id="2002165491" lat="25.0687534" lon="121.5938525" />
  <node id="2002165493" lat="25.0686965" lon="121.5943715" />
  <node id="2003857611" lat="25.0682109" lon="121.5978845" />
  <node id="2003857628" lat="25.0688662" lon="121.5983421" />
  <node id="2003857642" lat="25.0682483" lon="121.5979022" />
  <node id="2003857647" lat="25.0690564" lon="121.5960834" />
  <node id="2003857651" lat="25.0694785" lon="121.5985526" />
  <node id="2003857655" lat="25.0696689" lon="121.5962665" />
  <node id="2003857656" lat="25.0693936" lon="121.5987429" />
  <node id="2003954999" lat="25.0685707" lon="121.5948889" />
  <node id="2003955001" lat="25.0682866" lon="121.5955680" />
  <node id="2003955002" lat="25.0666246" lon="121.5956670" />
  <node id="2003955004" lat="25.0652837" lon="121.5956431" />
  <node id="2003955005" lat="25.0686057" lon="121.5947746" />
  <node id="2035846017" lat="25.0698551" lon="121.5990356" />
  <node id="2035846031" lat="25.0700121" lon="121.5991403" />
  <node id="2035846035" lat="25.0695571" lon="121.5985989" />
  <node id="2035846037" lat="25.0697767" lon="121.5961743" />
  <node id="2035846041" lat="25.0694869" lon="121.5987850" />
  <node id="2310591215" lat="25.0303683" lon="121.5329893">
    <tag k="bench" v="no" />
    <tag k="bus" v="yes" />
    <tag k="description" v="地標同向" />
    <tag k="highway" v="bus_stop" />
    <tag k="name" v="金華國中" />
    <tag k="name:en" v="Jinhua Junior High School" />
    <tag k="name:nan" v="Kim-hôa Kok-tiong" />
    <tag k="name:nan-Hant" v="金華國中" />
    <tag k="name:nan-Latn-pehoeji" v="Kim-hôa Kok-tiong" />
    <tag k="name:nan-Latn-tailo" v="Kim-huâ Kok-tiong" />
    <tag k="name:zh" v="金華國中" />
    <tag k="name:zh-Hans" v="金华国中" />
    <tag k="name:zh-Hant" v="金華國中" />
    <tag k="network" v="臺北市市區公車" />
    <tag k="network:en" v="Taipei Joint Bus System" />
    <tag k="network:nan" v="Tâi-pak-chhī Chhī-khu Kong-chhia" />
    <tag k="network:nan-Hant" v="臺北市市區公車" />
    <tag k="network:nan-Latn-pehoeji" v="Tâi-pak-chhī Chhī-khu Kong-chhia" />
    <tag k="network:nan-Latn-tailo" v="Tâi-pak-tshiī Tshī-khu Kong-tshia" />
    <tag k="network:wikidata" v="Q5972821" />
    <tag k="network:zh" v="臺北市市區公車" />
    <tag k="public_transport" v="platform" />
    <tag k="ref" v="2277" />
    <tag k="shelter" v="no" />
  </node>
  <node id="2310591224" lat="25.0298555" lon="121.5304696">
    <tag k="addr:city" v="臺北市" />
    <tag k="addr:country" v="TW" />
    <tag k="addr:district" v="大安區" />
    <tag k="addr:full" v="106臺北市大安區金華街241之1號" />
    <tag k="addr:housenumber" v="241之1" />
    <tag k="addr:postcode" v="106" />
    <tag k="addr:street" v="金華街" />
    <tag k="brand" v="OK超商" />
    <tag k="brand:en" v="OK mart" />
    <tag k="brand:wikidata" v="Q10851968" />
    <tag k="brand:wikipedia" v="en:Circle K" />
    <tag k="brand:zh" v="OK超商" />
    <tag k="name" v="OK超商" />
    <tag k="name:en" v="OK mart" />
    <tag k="name:zh" v="OK超商" />
    <tag k="payment:cash" v="yes" />
    <tag k="payment:ep_easycard" v="yes" />
    <tag k="payment:ep_ipass" v="yes" />
    <tag k="payment:line_pay" v="yes" />
    <tag k="shop" v="convenience" />
  </node>
  <node id="2333021590" lat="24.9853727" lon="121.5706301">
    <tag k="bus" v="yes" />
    <tag k="description" v="木新路二段77號同向" />
    <tag k="highway" v="bus_stop" />
    <tag k="name" v="木南公園" />
    <tag k="name:en" v="Munan Park" />
    <tag k="name:zh" v="木南公園" />
    <tag k="name:zh-Hans" v="木南公园" />
    <tag k="name:zh-Hant" v="木南公園" />
    <tag k="network" v="臺北市市區公車" />
    <tag k="network:en" v="Taipei Joint Bus System" />
    <tag k="network:nan" v="Tâi-pak-chhī Chhī-khu Kong-chhia" />
    <tag k="network:nan-Hant" v="臺北市市區公車" />
    <tag k="network:nan-Latn-pehoeji" v="Tâi-pak-chhī Chhī-khu Kong-chhia" />
    <tag k="network:nan-Latn-tailo" v="Tâi-pak-tshiī Tshī-khu Kong-tshia" />
    <tag k="network:wikidata" v="Q5972821" />
    <tag k="network:zh" v="臺北市市區公車" />
    <tag k="public_transport" v="platform" />
    <tag k="ref" v="50681" />
  </node>
  <node id="2333021591" lat="24.9860824" lon="121.5706343">
    <tag k="bus" v="yes" />
    <tag k="description" v="木柵路" />
    <tag k="highway" v="bus_stop" />
    <tag k="name" v="指南路口" />
    <tag k="name:en" v="Zhinan Rd. Entrance" />
    <tag k="name:zh" v="指南路口" />
    <tag k="name:zh-Hans" v="指南路口" />
    <tag k="name:zh-Hant" v="指南路口" />
    <tag k="network" v="臺北市市區公車" />
    <tag k="network:en" v="Taipei Joint Bus System" />
    <tag k="network:nan" v="Tâi-pak-chhī Chhī-khu Kong-chhia" />
    <tag k="network:nan-Hant" v="臺北市市區公車" />
    <tag k="network:nan-Latn-pehoeji" v="Tâi-pak-chhī Chhī-khu Kong-chhia" />
    <tag k="network:nan-Latn-tailo" v="Tâi-pak-tshiī Tshī-khu Kong-tshia" />
    <tag k="network:wikidata" v="Q5972821" />
    <tag k="network:zh" v="臺北市市區公車" />
    <tag k="public_transport" v="platform" />
    <tag k="ref" v="1000544" />
  </node>
  <node id="2333021598" lat="24.9847869" lon="121.5700959">
    <tag k="bus" v="yes" />
    <tag k="description" v="木新路二段95號同向" />
    <tag k="highway" v="bus_stop" />
    <tag k="name" v="木南公園" />
    <tag k="name:en" v="Munan Park" />
    <tag k="name:zh" v="木南公園" />
    <tag k="name:zh-Hans" v="木南公园" />
    <tag k="name:zh-Hant" v="木南公園" />
    <tag k="network" v="臺北市市區公車" />
    <tag k="network:en" v="Taipei Joint Bus System" />
    <tag k="network:nan" v="Tâi-pak-chhī Chhī-khu Kong-chhia" />
    <tag k="network:nan-Hant" v="臺北市市區公車" />
    <tag k="network:nan-Latn-pehoeji" v="Tâi-pak-chhī Chhī-khu Kong-chhia" />
    <tag k="network:nan-Latn-tailo" v="Tâi-pak-tshiī Tshī-khu Kong-tshia" />
    <tag k="network:wikidata" v="Q5972821" />
    <tag k="network:zh" v="臺北市市區公車" />
    <tag k="public_transport" v="platform" />
    <tag k="ref" v="2521" />
  </node>
  <node id="2657117842" lat="25.0682446" lon="121.5954919">
    <tag k="addr:city" v="台北市" />
    <tag k="addr:country" v="TW" />
    <tag k="addr:district" v="內湖區" />
    <tag k="addr:full" v="114台北市內湖區民權東路六段202號" />
    <tag k="addr:housenumber" v="202" />
    <tag k="addr:postcode" v="114" />
    <tag k="addr:street" v="民權東路六段" />
    <tag k="amenity" v="restaurant" />
    <tag k="name" v="云喬餐廳" />
  </node>
  <node id="2657117843" lat="25.0662172" lon="121.5931321" />
  <node id="2657117844" lat="25.0662525" lon="121.5930357" />
  <node id="2657117845" lat="25.0663223" lon="121.5928433" />
  <node id="2657117847" lat="25.0663843" lon="121.5932051" />
  <node id="2657117848" lat="25.0664181" lon="121.5931082" />
  <node id="2657117849" lat="25.0665314" lon="121.5929319" />
  <node id="2657337457" lat="25.0675246" lon="121.5927439" />
  <node id="2657337460" lat="25.0678406" lon="121.5952154" />
  <node id="2657337484" lat="25.0680228" lon="121.5946942" />
  <node id="2657337511" lat="25.0683773" lon="121.5953880" />
  <node id="3138467558" lat="25.0301087" lon="121.5317375">
    <tag k="bench" v="no" />
    <tag k="bus" v="yes" />
    <tag k="description" v="地標" />
    <tag k="highway" v="bus_stop" />
    <tag k="name" v="金華國中" />
    <tag k="name:en" v="Jinhua Junior High School" />
    <tag k="name:nan" v="Kim-hôa Kok-tiong" />
    <tag k="name:nan-Hant" v="金華國中" />
    <tag k="name:nan-Latn-pehoeji" v="Kim-hôa Kok-tiong" />
    <tag k="name:nan-Latn-tailo" v="Kim-huâ Kok-tiong" />
    <tag k="name:zh" v="金華國中" />
    <tag k="name:zh-Hans" v="金华国中" />
    <tag k="name:zh-Hant" v="金華國中" />
    <tag k="network" v="臺北市市區公車" />
    <tag k="network:en" v="Taipei Joint Bus System" />
    <tag k="network:nan" v="Tâi-pak-chhī Chhī-khu Kong-chhia" />
    <tag k="network:nan-Hant" v="臺北市市區公車" />
    <tag k="network:nan-Latn-pehoeji" v="Tâi-pak-chhī Chhī-khu Kong-chhia" />
    <tag k="network:nan-Latn-tailo" v="Tâi-pak-tshiī Tshī-khu Kong-tshia" />
    <tag k="network:wikidata" v="Q5972821" />
    <tag k="network:zh" v="臺北市市區公車" />
    <tag k="public_transport" v="platform" />
    <tag k="ref" v="6671" />
    <tag k="shelter" v="no" />
  </node>
  <node id="3188336799" lat="24.9859740" lon="121.5705815">
    <tag k="amenity" v="restaurant" />
    <tag k="cuisine" v="日式料理;sushi" />
    <tag k="name" v="松町和風小舖" />
  </node>
  <node id="3188337377" lat="24.9855487" lon="121.5707108">
    <tag k="addr:city" v="台北市" />
    <tag k="addr:country" v="TW" />
    <tag k="addr:district" v="文山區" />
    <tag k="addr:full" v="11657台北市文山區木新路二段71巷1號" />
    <tag k="addr:housenumber" v="1" />
    <tag k="addr:postcode" v="11657" />
    <tag k="addr:street" v="木新路二段71巷" />
    <tag k="name" v="安邑 室內設計" />
    <tag k="shop" v="interior_decoration" />
  </node>
  <node id="3188478996" lat="25.0953117" lon="121.5175914">
    <tag k="bus" v="yes" />
    <tag k="description" v="士商路189號同向" />
    <tag k="highway" v="bus_stop" />
    <tag k="name" v="國立科教館" />
    <tag k="name:en" v="National Taiwan Science Education Center" />
    <tag k="name:zh" v="國立科教館" />
    <tag k="name:zh-Hans" v="国立科教馆" />
    <tag k="name:zh-Hant" v="國立科教館" />
    <tag k="network" v="臺北市市區公車" />
    <tag k="network:en" v="Taipei Joint Bus System" />
    <tag k="network:nan" v="Tâi-pak-chhī Chhī-khu Kong-chhia" />
    <tag k="network:nan-Hant" v="臺北市市區公車" />
    <tag k="network:nan-Latn-pehoeji" v="Tâi-pak-chhī Chhī-khu Kong-chhia" />
    <tag k="network:nan-Latn-tailo" v="Tâi-pak-tshiī Tshī-khu Kong-tshia" />
    <tag k="network:wikidata" v="Q5972821" />
    <tag k="network:zh" v="臺北市市區公車" />
    <tag k="public_transport" v="platform" />
    <tag k="ref" v="50651" />
    <tag k="wheelchair" v="yes" />
  </node>
  <node id="3188478997" lat="25.0953805" lon="121.5172833">
    <tag k="bus" v="yes" />
    <tag k="description" v="士商路189號同向" />
    <tag k="highway" v="bus_stop" />
    <tag k="name" v="國立科教館" />
    <tag k="name:en" v="National Taiwan Science Education Center" />
    <tag k="name:zh" v="國立科教館" />
    <tag k="name:zh-Hans" v="国立科教馆" />
    <tag k="name:zh-Hant" v="國立科教館" />
    <tag k="network" v="臺北市市區公車" />
    <tag k="network:en" v="Taipei Joint Bus System" />
    <tag k="network:nan" v="Tâi-pak-chhī Chhī-khu Kong-chhia" />
    <tag k="network:nan-Hant" v="臺北市市區公車" />
    <tag k="network:nan-Latn-pehoeji" v="Tâi-pak-chhī Chhī-khu Kong-chhia" />
    <tag k="network:nan-Latn-tailo" v="Tâi-pak-tshiī Tshī-khu Kong-tshia" />
    <tag k="network:wikidata" v="Q5972821" />
    <tag k="network:zh" v="臺北市市區公車" />
    <tag k="public_transport" v="platform" />
    <tag k="ref" v="790" />
    <tag k="toilets:wheelchair" v="yes" />
    <tag k="wheelchair" v="yes" />
  </node>
  <node id="3188479000" lat="25.0947907" lon="121.5185922">
    <tag k="bus" v="yes" />
    <tag k="description" v="基河路363號同向" />
    <tag k="highway" v="bus_stop" />
    <tag k="name" v="天文科學館" />
    <tag k="name:en" v="Taipei Astronomical Museum" />
    <tag k="name:zh" v="天文科學館" />
    <tag k="name:zh-Hans" v="天文科学馆" />
    <tag k="name:zh-Hant" v="天文科學館" />
    <tag k="network" v="臺北市市區公車" />
    <tag k="network:en" v="Taipei Joint Bus System" />
    <tag k="network:nan" v="Tâi-pak-chhī Chhī-khu Kong-chhia" />
    <tag k="network:nan-Hant" v="臺北市市區公車" />
    <tag k="network:nan-Latn-pehoeji" v="Tâi-pak-chhī Chhī-khu Kong-chhia" />
    <tag k="network:nan-Latn-tailo" v="Tâi-pak-tshiī Tshī-khu Kong-tshia" />
    <tag k="network:wikidata" v="Q5972821" />
    <tag k="network:zh" v="臺北市市區公車" />
    <tag k="note" v="41,557,821,R12,M8" />
    <tag k="old_name" v="士林站" />
    <tag k="public_transport" v="platform" />
    <tag k="ref" v="572" />
    <tag k="wheelchair" v="yes" />
  </node>
  <node id="3188479001" lat="25.0942939" lon="121.5170119">
    <tag k="bus" v="yes" />
    <tag k="description" v="士商路150號同向" />
    <tag k="highway" v="bus_stop" />
    <tag k="name" v="士林高商" />
    <tag k="name:en" v="Shilin High School of Commerce" />
    <tag k="name:zh" v="士林高商" />
    <tag k="name:zh-Hans" v="士林高商" />
    <tag k="name:zh-Hant" v="士林高商" />
    <tag k="network" v="臺北市市區公車" />
    <tag k="network:en" v="Taipei Joint Bus System" />
    <tag k="network:nan" v="Tâi-pak-chhī Chhī-khu Kong-chhia" />
    <tag k="network:nan-Hant" v="臺北市市區公車" />
    <tag k="network:nan-Latn-pehoeji" v="Tâi-pak-chhī Chhī-khu Kong-chhia" />
    <tag k="network:nan-Latn-tailo" v="Tâi-pak-tshiī Tshī-khu Kong-tshia" />
    <tag k="network:wikidata" v="Q5972821" />
    <tag k="network:zh" v="臺北市市區公車" />
    <tag k="public_transport" v="platform" />
    <tag k="ref" v="580" />
    <tag k="wheelchair" v="yes" />
  </node>
  <node id="3188479002" lat="25.0944153" lon="121.5170643">
    <tag k="bus" v="yes" />
    <tag k="description" v="士商路139號" />
    <tag k="highway" v="bus_stop" />
    <tag k="name" v="士林高商" />
    <tag k="name:en" v="Shilin High School of Commerce" />
    <tag k="name:zh" v="士林高商" />
    <tag k="name:zh-Hans" v="士林高商" />
    <tag k="name:zh-Hant" v="士林高商" />
    <tag k="network" v="臺北市市區公車" />
    <tag k="network:en" v="Taipei Joint Bus System" />
    <tag k="network:nan" v="Tâi-pak-chhī Chhī-khu Kong-chhia" />
    <tag k="network:nan-Hant" v="臺北市市區公車" />
    <tag k="network:nan-Latn-pehoeji" v="Tâi-pak-chhī Chhī-khu Kong-chhia" />
    <tag k="network:nan-Latn-tailo" v="Tâi-pak-tshiī Tshī-khu Kong-tshia" />
    <tag k="network:wikidata" v="Q5972821" />
    <tag k="network:zh" v="臺北市市區公車" />
    <tag k="public_transport" v="platform" />
    <tag k="ref" v="7255" />
    <tag k="wheelchair" v="yes" />
  </node>
  <node id="3387957040" lat="24.9860321" lon="121.5710454" />
  <node id="3387957068" lat="24.9872937" lon="121.5708939" />
  <node id="3387957069" lat="24.9872932" lon="121.5707721" />
  <node id="3513680308" lat="25.0309169" lon="121.5324193" />
  <node id="3513680309" lat="25.0309205" lon="121.5317376" />
  <node id="3513680614" lat="25.0306800" lon="121.5319263" />
  <node id="3513680615" lat="25.0311261" lon="121.5322182" />
  <node id="3513680616" lat="25.0310154" lon="121.5318167" />
  <node id="3513680617" lat="25.0308114" lon="121.5317323" />
  <node id="3513680710" lat="25.0308701" lon="121.5317250" />
  <node id="3513681094" lat="25.0310682" lon="121.5323696" />
  <node id="3513681205" lat="25.0308549" lon="121.5323953" />
  <node id="3513681206" lat="25.0309695" lon="121.5317703" />
  <node id="3513681698" lat="25.0307498" lon="121.5317687" />
  <node id="3513682199" lat="25.0310031" lon="121.5324107" />
  <node id="3513682200" lat="25.0311143" lon="121.5323026" />
  <node id="3513682201" lat="25.0307037" lon="121.5318209" />
  <node id="3513682996" lat="25.0307965" lon="121.5323463" />
  <node id="3566587028" lat="25.0297953" lon="121.5322493" />
  <node id="3566587029" lat="25.0294482" lon="121.5323682" />
  <node id="3566587030" lat="25.0294113" lon="121.5323719" />
  <node id="3566587031" lat="25.0293750" lon="121.5323682" />
  <node id="3566587032" lat="25.0293278" lon="121.5323485" />
  <node id="3566587033" lat="25.0292920" lon="121.5323238" />
  <node id="3566587034" lat="25.0292616" lon="121.5322800" />
  <node id="3566587035" lat="25.0292320" lon="121.5321931" />
  <node id="3566587036" lat="25.0292357" lon="121.5321370" />
  <node id="3566587037" lat="25.0292557" lon="121.5320783" />
  <node id="3566587038" lat="25.0292898" lon="121.5320342" />
  <node id="3566587039" lat="25.0293378" lon="121.5319982" />
  <node id="3566587040" lat="25.0296759" lon="121.5318788" />
  <node id="3566587041" lat="25.0297434" lon="121.5318729" />
  <node id="3566587042" lat="25.0297976" lon="121.5318894" />
  <node id="3566587043" lat="25.0298503" lon="121.5319292" />
  <node id="3566587044" lat="25.0298801" lon="121.5319723" />
  <node id="3566587045" lat="25.0299008" lon="121.5320316" />
  <node id="3566587046" lat="25.0299023" lon="121.5320771" />
  <node id="3566587047" lat="25.0298888" lon="121.5321442" />
  <node id="3566587048" lat="25.0298740" lon="121.5321741" />
  <node id="3798919103" lat="25.0950299" lon="121.5164175">
    <tag k="amenity" v="bicycle_parking" />
  </node>
  <node id="4198316050" lat="25.0289928" lon="121.5323242">
    <tag k="addr:city" v="台北市" />
    <tag k="addr:country" v="TW" />
    <tag k="addr:district" v="大安區" />
    <tag k="addr:full" v="台北市青田街1巷6號" />
    <tag k="addr:housenumber" v="6" />
    <tag k="addr:postcode" v="106" />
    <tag k="addr:street" v="青田街1巷" />
    <tag k="amenity" v="cafe" />
    <tag k="email" v="ecolecafe@gmail.com" />
    <tag k="internet_access" v="wlan" />
    <tag k="internet_access:fee" v="no" />
    <tag k="name" v="學校咖啡" />
    <tag k="name:en" v="Ecole Cafe" />
    <tag k="name:zh" v="學校咖啡" />
    <tag k="phone" v="+886 2 2322 2725" />
    <tag k="website" v="http://ecole-cafe.blogspot.com" />
  </node>
  <node id="4293261226" lat="24.9865564" lon="121.5701717">
    <tag k="addr:city" v="台北市" />
    <tag k="addr:country" v="TW" />
    <tag k="addr:district" v="文山區" />
    <tag k="addr:floor" v="1" />
    <tag k="addr:full" v="116台北市文山區永安街22巷24號1樓" />
    <tag k="addr:housenumber" v="24" />
    <tag k="addr:postcode" v="116" />
    <tag k="addr:street" v="永安街22巷" />
    <tag k="name" v="立欣生鮮便利商店" />
    <tag k="phone" v="+886 2-29397692" />
    <tag k="shop" v="convenience" />
  </node>
  <node id="4293261283" lat="24.9860017" lon="121.5713404" />
  <node id="4293261287" lat="24.9868496" lon="121.5715161" />
  <node id="4293261288" lat="24.9868332" lon="121.5713753" />
  <node id="4293261295" lat="24.9876233" lon="121.5711755" />
  <node id="4293261296" lat="24.9876223" lon="121.5707624" />
  <node id="4325694202" lat="25.0302781" lon="121.5316483">
    <tag k="amenity" v="kindergarten" />
    <tag k="education" v="kindergarten" />
    <tag k="name" v="金華國中合作社附設幼兒園" />
  </node>
  <node id="4462644350" lat="25.0931470" lon="121.5170613" />
  <node id="4462644352" lat="25.0931689" lon="121.5175790" />
  <node id="4462644356" lat="25.0932806" lon="121.5170566" />
  <node id="4462644357" lat="25.0933055" lon="121.5174811" />
  <node id="4462659062" lat="25.0934813" lon="121.5162912" />
  <node id="4462659064" lat="25.0934850" lon="121.5161758" />
  <node id="4462659074" lat="25.0936835" lon="121.5161799" />
  <node id="4462659075" lat="25.0936878" lon="121.5161155" />
  <node id="4462659076" lat="25.0936999" lon="121.5162898" />
  <node id="4462659077" lat="25.0937254" lon="121.5167109" />
  <node id="4462659086" lat="25.0937898" lon="121.5161195" />
  <node id="4462659089" lat="25.0938007" lon="121.5166975" />
  <node id="4462659094" lat="25.0938348" lon="121.5167767" />
  <node id="4462659095" lat="25.0938603" lon="121.5165151" />
  <node id="4462659096" lat="25.0938627" lon="121.5162295" />
  <node id="4462659104" lat="25.0939684" lon="121.5167405" />
  <node id="4679440000" lat="25.0947850" lon="121.5184076">
    <tag k="addr:city" v="台北市" />
    <tag k="addr:country" v="TW" />
    <tag k="addr:district" v="士林區" />
    <tag k="addr:full" v="111台北市士林區基河路366;368;370號" />
    <tag k="addr:housenumber" v="366;368;370" />
    <tag k="addr:postcode" v="111" />
    <tag k="addr:street" v="基河路" />
    <tag k="alt_name" v="統一超商" />
    <tag k="brand" v="7-Eleven" />
    <tag k="brand:en" v="7-Eleven" />
    <tag k="brand:wikidata" v="Q259340" />
    <tag k="brand:wikipedia" v="en:7-Eleven" />
    <tag k="internet_access" v="wlan" />
    <tag k="name" v="7-Eleven" />
    <tag k="name:ja" v="セブン-イレブン" />
    <tag k="name:zh" v="7-Eleven" />
    <tag k="opening_hours" v="24/7" />
    <tag k="phone" v="+886 228344187" />
    <tag k="shop" v="convenience" />
  </node>
  <node id="4811067022" lat="25.0293110" lon="121.5326965">
    <tag k="amenity" v="toilets" />
  </node>
  <node id="4913299918" lat="25.0305625" lon="121.5304533">
    <tag k="addr:city" v="臺北市" />
    <tag k="addr:country" v="TW" />
    <tag k="addr:district" v="大安區" />
    <tag k="addr:full" v="106臺北市大安區金華街243巷5號" />
    <tag k="addr:housenumber" v="5" />
    <tag k="addr:postcode" v="106" />
    <tag k="addr:street" v="金華街243巷" />
    <tag k="amenity" v="cafe" />
    <tag k="name" v="烘培者咖啡" />
    <tag k="name:en" v="Roaster Family Coffee" />
    <tag k="name:zh" v="烘培者咖啡" />
    <tag k="wheelchair" v="yes" />
  </node>
  <node id="4913299919" lat="25.0304531" lon="121.5305874">
    <tag k="addr:city" v="臺北市" />
    <tag k="addr:country" v="TW" />
    <tag k="addr:district" v="大安區" />
    <tag k="addr:full" v="106臺北市大安區永康街41巷26號" />
    <tag k="addr:housenumber" v="26" />
    <tag k="addr:postcode" v="106" />
    <tag k="addr:street" v="永康街41巷" />
    <tag k="amenity" v="cafe" />
    <tag k="name" v="鴉埠咖啡" />
    <tag k="name:en" v="YABOO CAFE" />
    <tag k="name:zh" v="鴉埠咖啡" />
    <tag k="opening_hours" v="Mo-Su 12:00-24:00" />
    <tag k="phone" v="+886 2 2391 2868" />
    <tag k="wikimedia_commons" v="File:雅埠咖啡廳.jpg" />
  </node>
  <node id="4913299920" lat="25.0300947" lon="121.5306303">
    <tag k="addr:city" v="臺北市" />
    <tag k="addr:country" v="TW" />
    <tag k="addr:district" v="大安區" />
    <tag k="addr:floor" v="1" />
    <tag k="addr:full" v="106臺北市大安區金華街243巷1號一樓" />
    <tag k="addr:housenumber" v="1" />
    <tag k="addr:postcode" v="106" />
    <tag k="addr:street" v="金華街243巷" />
    <tag k="amenity" v="cafe" />
    <tag k="email" v="byleway@yahoo.com" />
    <tag k="name" v="咖啡小自由" />
    <tag k="name:en" v="Cafe Libero" />
    <tag k="name:zh" v="咖啡小自由" />
    <tag k="opening_hours" v="Mo-Sa 11:00-24:00,Su 12:00-18:00" />
    <tag k="phone" v="+886 2 2356 7129;+886 0972 053 159" />
    <tag k="wheelchair" v="no" />
  </node>
  <node id="5110242801" lat="25.0298869" lon="121.5303741">
    <tag k="addr:city" v="臺北市" />
    <tag k="addr:country" v="TW" />
    <tag k="addr:district" v="大安區" />
    <tag k="addr:full" v="106臺北市大安區金華街241號" />
    <tag k="addr:housenumber" v="241" />
    <tag k="addr:postcode" v="106" />
    <tag k="addr:street" v="金華街" />
    <tag k="amenity" v="dentist" />
    <tag k="healthcare" v="dentist" />
    <tag k="name" v="見安牙醫診所" />
    <tag k="wheelchair" v="no" />
  </node>
  <node id="5110242802" lat="25.0296718" lon="121.5304337">
    <tag k="amenity" v="dentist" />
    <tag k="healthcare" v="dentist" />
    <tag k="name" v="美登牙醫診所" />
    <tag k="wheelchair" v="limited" />
  </node>
  <node id="5382736331" lat="25.0947124" lon="121.5177379" />
  <node id="5382736332" lat="25.0950853" lon="121.5182791" />
  <node id="5382736333" lat="25.0953415" lon="121.5180638" />
  <node id="5382736334" lat="25.0951022" lon="121.5173327" />
  <node id="5382736335" lat="25.0949064" lon="121.5174972" />
  <node id="5382736336" lat="25.0949403" lon="121.5175464" />
  <node id="5382736337" lat="25.0931512" lon="121.5188445" />
  <node id="5382736338" lat="25.0929689" lon="121.5189948" />
  <node id="5382736339" lat="25.0928922" lon="121.5184465" />
  <node id="5382736340" lat="25.0930861" lon="121.5182840" />
  <node id="5382736341" lat="25.0949247" lon="121.5175452" />
  <node id="5382736342" lat="25.0945095" lon="121.5178898" />
  <node id="5382736343" lat="25.0941610" lon="121.5173777" />
  <node id="5382736345" lat="25.0944999" lon="121.5178989" />
  <node id="5382736346" lat="25.0941529" lon="121.5173836" />
  <node id="5382736347" lat="25.0937958" lon="121.5176769" />
  <node id="5382736348" lat="25.0941428" lon="121.5181921" />
  <node id="5382846175" lat="25.0938325" lon="121.5193810" />
  <node id="5382846176" lat="25.0934270" lon="121.5197035" />
  <node id="5646853018" lat="25.0297433" lon="121.5295025" />
  <node id="5646853020" lat="25.0301221" lon="121.5266759" />
  <node id="5646853036" lat="25.0283531" lon="121.5304929" />
  <node id="5646853037" lat="25.0297178" lon="121.5305979" />
  <node id="5736093430" lat="25.0289111" lon="121.5264311" />
  <node id="5736093459" lat="25.0284913" lon="121.5291031" />
  <node id="5736093460" lat="25.0284031" lon="121.5296627" />
  <node id="5736093461" lat="25.0287400" lon="121.5275151" />
  <node id="5758621327" lat="25.0297325" lon="121.5300308" />
  <node id="5758621328" lat="25.0297459" lon="121.5292024" />
  <node id="5760593816" lat="25.0934030" lon="121.5183891" />
  <node id="5760593817" lat="25.0936298" lon="121.5181995" />
  <node id="5760593818" lat="25.0938098" lon="121.5184618" />
  <node id="5760593819" lat="25.0941302" lon="121.5181938" />
  <node id="5760593820" lat="25.0937813" lon="121.5176854" />
  <node id="5760594621" lat="25.0932342" lon="121.5181431" />
  <node id="6222702060" lat="25.0297228" lon="121.5318715" />
  <node id="6222702061" lat="25.0297006" lon="121.5318728" />
  <node id="6222702062" lat="25.0297705" lon="121.5318785" />
  <node id="6222702063" lat="25.0298665" lon="121.5319493" />
  <node id="6222702064" lat="25.0298218" lon="121.5319023" />
  <node id="6222702065" lat="25.0298929" lon="121.5320009" />
  <node id="6222702066" lat="25.0298987" lon="121.5321129" />
  <node id="6222702067" lat="25.0298310" lon="121.5322259" />
  <node id="6222702068" lat="25.0298544" lon="121.5322031" />
  <node id="6222702078" lat="25.0293163" lon="121.5320103" />
  <node id="6222702079" lat="25.0292428" lon="121.5321089" />
  <node id="6222702080" lat="25.0292422" lon="121.5322410" />
  <node id="6853430899" lat="25.0292970" lon="121.5310380">
    <tag k="addr:city" v="台北市" />
    <tag k="addr:country" v="TW" />
    <tag k="addr:district" v="大安區" />
    <tag k="addr:full" v="106台北市大安區金華街164巷1弄6號" />
    <tag k="addr:housenumber" v="6" />
    <tag k="addr:postcode" v="106" />
    <tag k="addr:street" v="金華街164巷1弄" />
    <tag k="amenity" v="restaurant" />
    <tag k="cuisine" v="french" />
    <tag k="name" v="歐牛排法餐廳" />
    <tag k="name:en" v="O'Steak French Bistro" />
    <tag k="name:zh" v="歐牛排法餐廳" />
    <tag k="opening_hours" v="Mo-Su 11:30-22:00" />
    <tag k="outdoor_seating" v="no" />
    <tag k="phone" v="+886 2 23931616" />
    <tag k="smoking" v="outside" />
    <tag k="website" v="osteak.com.tw" />
    <tag k="wheelchair" v="no" />
  </node>
  <node id="7105971475" lat="25.0297410" lon="121.5307416">
    <tag k="alt_name" v="中華郵政;郵局" />
    <tag k="amenity" v="post_box" />
    <tag k="collection_times" v="17:45" />
    <tag k="operator" v="中華郵政" />
    <tag k="operator:en" v="Chunghwa Post" />
    <tag k="operator:nan" v="Tiong-hôa Iû-chèng" />
    <tag k="operator:nan-Hant" v="中華郵政" />
    <tag k="operator:nan-Latn-pehoeji" v="Tiong-hôa Iû-chèng" />
    <tag k="operator:nan-Latn-tailo" v="Tiong-huâ Iû-tsìng" />
    <tag k="operator:wikidata" v="Q709259" />
    <tag k="operator:zh" v="中華郵政" />
  </node>
  <node id="7740264053" lat="25.0695420" lon="121.5949702" />
  <node id="7740264054" lat="25.0688548" lon="121.5948431" />
  <node id="7740264055" lat="25.0689252" lon="121.5946174" />
  <node id="7740264056" lat="25.0689836" lon="121.5941736" />
  <node id="7740264057" lat="25.0696313" lon="121.5941603" />
  <node id="7740264058" lat="25.0681890" lon="121.5978242" />
  <node id="7740264059" lat="25.0677389" lon="121.5975764" />
  <node id="7740264060" lat="25.0680891" lon="121.5968011" />
  <node id="7740264061" lat="25.0685392" lon="121.5970490" />
  <node id="7740264062" lat="25.0684728" lon="121.5958237" />
  <node id="7740264063" lat="25.0689280" lon="121.5960494" />
  <node id="7740264064" lat="25.0685593" lon="121.5969559" />
  <node id="7740264065" lat="25.0681040" lon="121.5967302" />
  <node id="7749819272" lat="24.9859391" lon="121.5707453">
    <tag k="addr:city" v="台北市" />
    <tag k="addr:country" v="TW" />
    <tag k="addr:district" v="文山區" />
    <tag k="addr:full" v="116台北市文山區木新路二段61號" />
    <tag k="addr:housenumber" v="61" />
    <tag k="addr:postcode" v="116" />
    <tag k="addr:street" v="木新路二段" />
    <tag k="amenity" v="restaurant" />
    <tag k="name" v="北平餡餅粥" />
  </node>
  <node id="7749819280" lat="24.9844321" lon="121.5700563">
    <tag k="addr:city" v="台北市" />
    <tag k="addr:country" v="TW" />
    <tag k="addr:district" v="文山區" />
    <tag k="addr:full" v="116台北市文山區木新路二段103號" />
    <tag k="addr:housenumber" v="103" />
    <tag k="addr:postcode" v="116" />
    <tag k="addr:street" v="木新路二段" />
    <tag k="amenity" v="restaurant" />
    <tag k="cuisine" v="breakfast" />
    <tag k="name" v="三一活力早餐" />
    <tag k="phone" v="+886 2 2936 9333" />
  </node>
  <node id="7749819282" lat="24.9866727" lon="121.5705779">
    <tag k="addr:city" v="台北市" />
    <tag k="addr:country" v="TW" />
    <tag k="addr:district" v="文山區" />
    <tag k="addr:full" v="116台北市文山區木新路二段18號" />
    <tag k="addr:housenumber" v="18" />
    <tag k="addr:postcode" v="116" />
    <tag k="addr:street" v="木新路二段" />
    <tag k="amenity" v="restaurant" />
    <tag k="name" v="木柵串霸" />
  </node>
  <node id="7749821098" lat="24.9862332" lon="121.5705377">
    <tag k="addr:city" v="台北市" />
    <tag k="addr:country" v="TW" />
    <tag k="addr:district" v="文山區" />
    <tag k="addr:full" v="116台北市文山區木新路二段48號" />
    <tag k="addr:housenumber" v="48" />
    <tag k="addr:postcode" v="116" />
    <tag k="addr:street" v="木新路二段" />
    <tag k="amenity" v="restaurant" />
    <tag k="name" v="有喜居酒屋" />
  </node>
  <node id="7749821105" lat="24.9847757" lon="121.5703208">
    <tag k="addr:city" v="台北市" />
    <tag k="addr:country" v="TW" />
    <tag k="addr:district" v="文山區" />
    <tag k="addr:full" v="116台北市文山區木新路二段91號" />
    <tag k="addr:housenumber" v="91" />
    <tag k="addr:postcode" v="116" />
    <tag k="addr:street" v="木新路二段" />
    <tag k="amenity" v="restaurant" />
    <tag k="name" v="愛琴海咖啡.簡餐.飲料" />
    <tag k="phone" v="+886 2 2937 6181" />
  </node>
  <node id="7765187725" lat="25.0300209" lon="121.5311487">
    <tag k="amenity" v="restaurant" />
    <tag k="name" v="太來生活館" />
  </node>
  <node id="7765188402" lat="25.0292055" lon="121.5307135">
    <tag k="amenity" v="restaurant" />
    <tag k="name" v="Les Piccola" />
    <tag k="wheelchair" v="limited" />
  </node>
  <node id="8467318004" lat="25.0287902" lon="121.5305265" />
  <node id="8483071067" lat="24.9859656" lon="121.5694660" />
  <node id="8483071068" lat="24.9858149" lon="121.5700936" />
  <node id="8483071069" lat="24.9856836" lon="121.5700507" />
  <node id="8483071070" lat="24.9855912" lon="121.5703189" />
  <node id="8483071071" lat="24.9851147" lon="121.5702116" />
  <node id="8483071072" lat="24.9850126" lon="121.5702331" />
  <node id="8483071073" lat="24.9846674" lon="121.5699756" />
  <node id="8483071074" lat="24.9847549" lon="121.5697342" />
  <node id="8483071075" lat="24.9847938" lon="121.5691230" />
  <node id="8483071076" lat="24.9846940" lon="121.5695696" />
  <node id="8712764917" lat="25.0943500" lon="121.5170200">
    <tag k="alt_name" v="YouBike2.0_士林高商" />
    <tag k="alt_name:en" v="YouBike2.0_Shilin High School of Commerce" />
    <tag k="alt_name:zh" v="YouBike2.0_士林高商" />
    <tag k="alt_name:zh-Bopo" v="YouBike2.0_ㄕˋㄌㄧㄣˊㄍㄠㄕㄤ" />
    <tag k="alt_name:zh-Hans" v="YouBike2.0_士林高商" />
    <tag k="alt_name:zh-Hant" v="YouBike2.0_士林高商" />
    <tag k="alt_name:zh-Latn-pinyin" v="YouBike2.0_shìlíngāoshāng" />
    <tag k="amenity" v="bicycle_rental" />
    <tag k="authentication:app" v="yes" />
    <tag k="authentication:contactless" v="yes" />
    <tag k="authentication:membership_card" v="yes" />
    <tag k="bicycle_rental" v="docking_station" />
    <tag k="brand" v="YouBike 2.0" />
    <tag k="brand:en" v="YouBike 2.0" />
    <tag k="brand:wikidata" v="Q20687952" />
    <tag k="brand:wikipedia" v="en:YouBike" />
    <tag k="brand:zh" v="微笑單車2.0" />
    <tag k="capacity" v="26" />
    <tag k="description" v="士商路150號(校門旁)" />
    <tag k="description:en" v="No. 150, Shishang Rd." />
    <tag k="description:zh" v="士商路150號(校門旁)" />
    <tag k="description:zh-Hans" v="士商路150号(校门旁)" />
    <tag k="description:zh-Hant" v="士商路150號(校門旁)" />
    <tag k="fee" v="yes" />
    <tag k="name" v="士林高商" />
    <tag k="name:en" v="Shilin High School of Commerce" />
    <tag k="name:zh" v="士林高商" />
    <tag k="name:zh-Bopo" v="ㄕˋㄌㄧㄣˊㄍㄠㄕㄤ" />
    <tag k="name:zh-Hans" v="士林高商" />
    <tag k="name:zh-Hant" v="士林高商" />
    <tag k="name:zh-Latn-pinyin" v="shìlíngāoshāng" />
    <tag k="nat_ref" v="TPE500104043" />
    <tag k="network" v="臺北市公共自行車租賃系統" />
    <tag k="network:en" v="Taipei City Public Bike" />
    <tag k="network:wikidata" v="Q20687952" />
    <tag k="network:zh" v="臺北市公共自行車租賃系統" />
    <tag k="opening_hours" v="24/7" />
    <tag k="operator" v="微笑單車股份有限公司" />
    <tag k="operator:en" v="YOUBIKE CO." />
    <tag k="operator:type" v="government" />
    <tag k="operator:wikidata" v="Q703557" />
    <tag k="operator:zh" v="微笑單車股份有限公司" />
    <tag k="payment:credit_cards" v="yes" />
    <tag k="payment:ep_easycard" v="yes" />
    <tag k="payment:ep_easywallet" v="yes" />
    <tag k="payment:ep_ipass" v="yes" />
    <tag k="payment:jcb" v="yes" />
    <tag k="payment:mastercard" v="yes" />
    <tag k="payment:visa" v="yes" />
    <tag k="ref" v="500104043" />
    <tag k="rental" v="city_bike" />
    <tag k="source" v="臺北市政府" />
    <tag k="start_date" v="2021-05-08 10:20" />
  </node>
  <node id="8712764962" lat="25.0298400" lon="121.5310700">
    <tag k="alt_name" v="YouBike2.0_金華公園" />
    <tag k="alt_name:en" v="YouBike2.0_Jinhua Park" />
    <tag k="alt_name:zh" v="YouBike2.0_金華公園" />
    <tag k="alt_name:zh-Bopo" v="YouBike2.0_ㄐㄧㄣㄏㄨㄚˊㄍㄨㄥㄩㄢˊ" />
    <tag k="alt_name:zh-Hans" v="YouBike2.0_金华公园" />
    <tag k="alt_name:zh-Hant" v="YouBike2.0_金華公園" />
    <tag k="alt_name:zh-Latn-pinyin" v="YouBike2.0_jīnhuágōngyuán" />
    <tag k="amenity" v="bicycle_rental" />
    <tag k="authentication:app" v="yes" />
    <tag k="authentication:contactless" v="yes" />
    <tag k="authentication:membership_card" v="yes" />
    <tag k="bicycle_rental" v="docking_station" />
    <tag k="brand" v="YouBike 2.0" />
    <tag k="brand:en" v="YouBike 2.0" />
    <tag k="brand:wikidata" v="Q20687952" />
    <tag k="brand:wikipedia" v="en:YouBike" />
    <tag k="brand:zh" v="微笑單車2.0" />
    <tag k="capacity" v="44" />
    <tag k="description" v="金華街249號對面" />
    <tag k="description:en" v="No. 249, Jinhua St. (Opposite)" />
    <tag k="description:zh" v="金華街249號對面" />
    <tag k="description:zh-Hans" v="金华街249号对面" />
    <tag k="description:zh-Hant" v="金華街249號對面" />
    <tag k="fee" v="yes" />
    <tag k="name" v="金華公園" />
    <tag k="name:en" v="Jinhua Park" />
    <tag k="name:zh" v="金華公園" />
    <tag k="name:zh-Bopo" v="ㄐㄧㄣㄏㄨㄚˊㄍㄨㄥㄩㄢˊ" />
    <tag k="name:zh-Hans" v="金华公园" />
    <tag k="name:zh-Hant" v="金華公園" />
    <tag k="name:zh-Latn-pinyin" v="jīnhuágōngyuán" />
    <tag k="nat_ref" v="TPE500101116" />
    <tag k="network" v="YouBike 2.0" />
    <tag k="network:en" v="Taipei City Public Bike" />
    <tag k="network:wikidata" v="Q20687952" />
    <tag k="network:zh" v="臺北市公共自行車租賃系統" />
    <tag k="opening_hours" v="24/7" />
    <tag k="operator" v="Giant" />
    <tag k="operator:en" v="YOUBIKE CO." />
    <tag k="operator:type" v="private" />
    <tag k="operator:wikidata" v="Q703557" />
    <tag k="operator:zh" v="微笑單車股份有限公司" />
    <tag k="payment:credit_cards" v="yes" />
    <tag k="payment:ep_easycard" v="yes" />
    <tag k="payment:ep_easywallet" v="yes" />
    <tag k="payment:ep_ipass" v="yes" />
    <tag k="payment:jcb" v="yes" />
    <tag k="payment:mastercard" v="yes" />
    <tag k="payment:visa" v="yes" />
    <tag k="ref" v="500101116" />
    <tag k="rental" v="city_bike" />
    <tag k="source" v="臺北市政府" />
    <tag k="start_date" v="2021-05-08 10:20" />
  </node>
  <node id="9047243268" lat="25.0300682" lon="121.5317579">
    <tag k="bus" v="yes" />
    <tag k="description" v="地標" />
    <tag k="name" v="金華國中" />
    <tag k="name:en" v="Jinhua Junior High School" />
    <tag k="name:nan" v="Kim-hôa Kok-tiong" />
    <tag k="name:nan-Hant" v="金華國中" />
    <tag k="name:nan-Latn-pehoeji" v="Kim-hôa Kok-tiong" />
    <tag k="name:nan-Latn-tailo" v="Kim-huâ Kok-tiong" />
    <tag k="name:zh" v="金華國中" />
    <tag k="name:zh-Hans" v="金华国中" />
    <tag k="name:zh-Hant" v="金華國中" />
    <tag k="network" v="臺北市公車" />
    <tag k="public_transport" v="stop_position" />
    <tag k="ref" v="6671" />
  </node>
  <node id="9047243269" lat="25.0304321" lon="121.5329673">
    <tag k="bus" v="yes" />
    <tag k="description" v="地標同向" />
    <tag k="name" v="金華國中" />
    <tag k="name:en" v="Jinhua Junior High School" />
    <tag k="name:nan" v="Kim-hôa Kok-tiong" />
    <tag k="name:nan-Hant" v="金華國中" />
    <tag k="name:nan-Latn-pehoeji" v="Kim-hôa Kok-tiong" />
    <tag k="name:nan-Latn-tailo" v="Kim-huâ Kok-tiong" />
    <tag k="name:zh" v="金華國中" />
    <tag k="name:zh-Hans" v="金华国中" />
    <tag k="name:zh-Hant" v="金華國中" />
    <tag k="network" v="臺北市公車" />
    <tag k="public_transport" v="stop_position" />
    <tag k="ref" v="2277" />
  </node>
  <node id="9373951280" lat="25.0687736" lon="121.5972503" />
  <node id="9373951281" lat="25.0685805" lon="121.5979222" />
  <node id="9373951282" lat="25.0685131" lon="121.5980858" />
  <node id="9373951283" lat="25.0687821" lon="121.5982575" />
  <node id="9373951284" lat="25.0688034" lon="121.5982421" />
  <node id="9373951285" lat="25.0689625" lon="121.5972953" />
  <node id="9410207231" lat="25.0685100" lon="121.5955900">
    <tag k="alt_name" v="YouBike2.0_國防醫學院" />
    <tag k="alt_name:en" v="YouBike2.0_National Defense Medical Center" />
    <tag k="alt_name:zh" v="YouBike2.0_國防醫學院" />
    <tag k="alt_name:zh-Bopo" v="YouBike2.0_ㄍㄨㄛˊㄈㄤˊㄧㄒㄩㄝˊㄩㄢˋ" />
    <tag k="alt_name:zh-Hans" v="YouBike2.0_国防医学院" />
    <tag k="alt_name:zh-Hant" v="YouBike2.0_國防醫學院" />
    <tag k="alt_name:zh-Latn-pinyin" v="YouBike2.0_guófángyīxuéyuàn" />
    <tag k="amenity" v="bicycle_rental" />
    <tag k="authentication:app" v="yes" />
    <tag k="authentication:contactless" v="yes" />
    <tag k="authentication:membership_card" v="yes" />
    <tag k="bicycle_rental" v="docking_station" />
    <tag k="brand" v="YouBike 2.0" />
    <tag k="brand:en" v="YouBike 2.0" />
    <tag k="brand:wikidata" v="Q20687952" />
    <tag k="brand:wikipedia" v="en:YouBike" />
    <tag k="brand:zh" v="微笑單車2.0" />
    <tag k="capacity" v="25" />
    <tag k="description" v="民權東路六段161號前側" />
    <tag k="description:en" v="No. 161, Sec. 6, Minquan E. Rd." />
    <tag k="description:zh" v="民權東路六段161號前側" />
    <tag k="description:zh-Hans" v="民权东路六段161号前侧" />
    <tag k="description:zh-Hant" v="民權東路六段161號前側" />
    <tag k="fee" v="yes" />
    <tag k="name" v="國防醫學院" />
    <tag k="name:en" v="National Defense Medical Center" />
    <tag k="name:zh" v="國防醫學院" />
    <tag k="name:zh-Bopo" v="ㄍㄨㄛˊㄈㄤˊㄧㄒㄩㄝˊㄩㄢˋ" />
    <tag k="name:zh-Hans" v="国防医学院" />
    <tag k="name:zh-Hant" v="國防醫學院" />
    <tag k="name:zh-Latn-pinyin" v="guófángyīxuéyuàn" />
    <tag k="nat_ref" v="TPE500108096" />
    <tag k="network" v="臺北市公共自行車租賃系統" />
    <tag k="network:en" v="Taipei City Public Bike" />
    <tag k="network:wikidata" v="Q20687952" />
    <tag k="network:zh" v="臺北市公共自行車租賃系統" />
    <tag k="opening_hours" v="24/7" />
    <tag k="operator" v="微笑單車股份有限公司" />
    <tag k="operator:en" v="YOUBIKE CO." />
    <tag k="operator:type" v="government" />
    <tag k="operator:wikidata" v="Q703557" />
    <tag k="operator:zh" v="微笑單車股份有限公司" />
    <tag k="payment:credit_cards" v="yes" />
    <tag k="payment:ep_easycard" v="yes" />
    <tag k="payment:ep_easywallet" v="yes" />
    <tag k="payment:ep_ipass" v="yes" />
    <tag k="payment:jcb" v="yes" />
    <tag k="payment:mastercard" v="yes" />
    <tag k="payment:visa" v="yes" />
    <tag k="ref" v="500108096" />
    <tag k="rental" v="city_bike" />
    <tag k="source" v="PTX" />
    <tag k="source:date" v="2022-01-10T10:48:11+08:00" />
  </node>
  <node id="9520192605" lat="25.0944616" lon="121.5171757">
    <tag k="name" v="森白舍工作室" />
    <tag k="shop" v="furniture" />
  </node>
  <node id="9520192606" lat="25.0945180" lon="121.5171348">
    <tag k="name" v="亞太汽車" />
    <tag k="shop" v="car" />
  </node>
  <node id="9520198451" lat="25.0945762" lon="121.5170331" />
  <node id="9520198469" lat="25.0951382" lon="121.5177687" />
  <node id="9520198470" lat="25.0953057" lon="121.5176280" />
  <node id="9520334699" lat="25.0949832" lon="121.5183478">
    <tag k="amenity" v="parking_entrance" />
    <tag k="barrier" v="lift_gate" />
  </node>
  <node id="9520337790" lat="25.0930709" lon="121.5183404">
    <tag k="amenity" v="pharmacy" />
    <tag k="healthcare" v="pharmacy" />
    <tag k="name" v="守仁堂" />
  </node>
  <node id="9520337794" lat="25.0948899" lon="121.5184317" />
  <node id="9520337795" lat="25.0945442" lon="121.5187284" />
  <node id="9520337796" lat="25.0942069" lon="121.5182491" />
  <node id="9520337797" lat="25.0945526" lon="121.5179524" />
  <node id="9520337798" lat="25.0945478" lon="121.5186542">
    <tag k="name" v="山鼎茶莊" />
    <tag k="shop" v="tea" />
  </node>
  <node id="9520337799" lat="25.0945129" lon="121.5188554">
    <tag k="amenity" v="parking_entrance" />
    <tag k="barrier" v="lift_gate" />
  </node>
  <node id="9520343618" lat="25.0940262" lon="121.5192593" />
  <node id="9520343619" lat="25.0943445" lon="121.5189822" />
  <node id="9520343620" lat="25.0939423" lon="121.5184189" />
  <node id="9520343621" lat="25.0938406" lon="121.5185075" />
  <node id="9520343622" lat="25.0936894" lon="121.5187875" />
  <node id="9520343623" lat="25.0939059" lon="121.5185990" />
  <node id="9520343628" lat="25.0936144" lon="121.5190639">
    <tag k="barrier" v="gate" />
  </node>
  <node id="9520343646" lat="25.0933533" lon="121.5186710">
    <tag k="barrier" v="gate" />
  </node>
  <node id="9520343649" lat="25.0929804" lon="121.5190126">
    <tag k="barrier" v="gate" />
  </node>
  <node id="9520343671" lat="25.0932081" lon="121.5184634" />
  <node id="9520343672" lat="25.0930055" lon="121.5186362" />
  <node id="9520343673" lat="25.0930103" lon="121.5186184" />
  <node id="9520343674" lat="25.0932042" lon="121.5184560" />
  <node id="9520343675" lat="25.0934103" lon="121.5187525" />
  <node id="9520343698" lat="25.0937110" lon="121.5186261">
    <tag k="amenity" v="restaurant" />
    <tag k="name" v="Intro" />
  </node>
  <node id="9520343711" lat="25.0938984" lon="121.5186015" />
  <node id="9520343712" lat="25.0936262" lon="121.5182105" />
  <node id="9520343713" lat="25.0934121" lon="121.5183923" />
  <node id="9520343714" lat="25.0936843" lon="121.5187833" />
  <node id="9520343721" lat="25.0933393" lon="121.5180930">
    <tag k="amenity" v="prep_school" />
    <tag k="name" v="汎奇創意開發" />
  </node>
  <node id="9520343722" lat="25.0934705" lon="121.5179810">
    <tag k="name" v="賀眾牌" />
    <tag k="shop" v="yes" />
  </node>
  <node id="9628105511" lat="24.9866200" lon="121.5707100">
    <tag k="alt_name" v="YouBike2.0_木南公園" />
    <tag k="alt_name:en" v="YouBike2.0_Mu Nan Park" />
    <tag k="alt_name:zh" v="YouBike2.0_木南公園" />
    <tag k="alt_name:zh-Bopo" v="YouBike2.0_ㄇㄨˋㄋㄢˊㄍㄨㄥㄩㄢˊ" />
    <tag k="alt_name:zh-Hans" v="YouBike2.0_木南公园" />
    <tag k="alt_name:zh-Hant" v="YouBike2.0_木南公園" />
    <tag k="alt_name:zh-Latn-pinyin" v="YouBike2.0_mùnángōngyuán" />
    <tag k="amenity" v="bicycle_rental" />
    <tag k="authentication:app" v="yes" />
    <tag k="authentication:contactless" v="yes" />
    <tag k="authentication:membership_card" v="yes" />
    <tag k="bicycle_rental" v="docking_station" />
    <tag k="brand" v="YouBike 2.0" />
    <tag k="brand:wikidata" v="Q20687952" />
    <tag k="capacity" v="17" />
    <tag k="description" v="木新路二段永安街22巷口" />
    <tag k="description:en" v="Sec. 2, Muxin Rd. &amp; Ln. 22, Yong'an St. Intersection" />
    <tag k="description:zh" v="木新路二段永安街22巷口" />
    <tag k="description:zh-Hans" v="木新路二段永安街22巷口" />
    <tag k="description:zh-Hant" v="木新路二段永安街22巷口" />
    <tag k="fee" v="yes" />
    <tag k="name" v="木南公園" />
    <tag k="name:en" v="Mu Nan Park" />
    <tag k="name:zh" v="木南公園" />
    <tag k="name:zh-Bopo" v="ㄇㄨˋㄋㄢˊㄍㄨㄥㄩㄢˊ" />
    <tag k="name:zh-Hans" v="木南公园" />
    <tag k="name:zh-Hant" v="木南公園" />
    <tag k="name:zh-Latn-pinyin" v="mùnángōngyuán" />
    <tag k="nat_ref" v="TPE500105059" />
    <tag k="network" v="YouBike 2.0" />
    <tag k="network:wikidata" v="Q20687952" />
    <tag k="opening_hours" v="24/7" />
    <tag k="operator" v="Giant" />
    <tag k="operator:type" v="private" />
    <tag k="operator:wikidata" v="Q703557" />
    <tag k="payment:credit_cards" v="yes" />
    <tag k="payment:ep_easycard" v="yes" />
    <tag k="payment:ep_easywallet" v="yes" />
    <tag k="payment:ep_ipass" v="yes" />
    <tag k="payment:jcb" v="yes" />
    <tag k="payment:mastercard" v="yes" />
    <tag k="payment:visa" v="yes" />
    <tag k="ref" v="500105059" />
    <tag k="rental" v="city_bike" />
    <tag k="source" v="PTX" />
    <tag k="source:date" v="2022-04-01T09:53:12+08:00" />
    <tag k="start_date" v="2022-03-22" />
  </node>
  <node id="11254892490" lat="25.0944298" lon="121.5170261">
    <tag k="bus" v="yes" />
    <tag k="public_transport" v="stop_position" />
  </node>
  <node id="11513506875" lat="25.0688749" lon="121.5947145">
    <tag k="addr:city" v="臺北市" />
    <tag k="addr:country" v="TW" />
    <tag k="addr:district" v="內湖區" />
    <tag k="addr:full" v="114臺北市內湖區民權東路六段151-2號" />
    <tag k="addr:housenumber" v="151-2" />
    <tag k="addr:postcode" v="114" />
    <tag k="addr:street" v="民權東路六段" />
    <tag k="name" v="GIANT捷安特-忠明自行車行" />
    <tag k="phone" v="+886 2 27940838" />
    <tag k="shop" v="bicycle" />
  </node>
  <node id="11778214461" lat="25.0948307" lon="121.5168773" />
  <node id="11778214463" lat="25.0947736" lon="121.5168375" />
  <node id="11778214466" lat="25.0947388" lon="121.5168559" />
  <node id="11778214468" lat="25.0948092" lon="121.5168473" />
  <node id="11778260869" lat="25.0948806" lon="121.5174321" />
  <node id="11778260873" lat="25.0947547" lon="121.5168433" />
  <node id="11778260875" lat="25.0948221" lon="121.5168604" />
  <node id="11778260876" lat="25.0950889" lon="121.5172613" />
  <node id="11778260878" lat="25.0947279" lon="121.5168740" />
  <node id="11778260879" lat="25.0945844" lon="121.5169917" />
  <node id="11778260883" lat="25.0947931" lon="121.5168393" />
  <node id="11870972561" lat="25.0303170" lon="121.5312539">
    <tag k="addr:city" v="臺北市" />
    <tag k="addr:country" v="TW" />
    <tag k="addr:district" v="大安區" />
    <tag k="addr:full" v="106臺北市大安區福住里17鄰永康街47巷30號" />
    <tag k="addr:hamlet" v="福住里" />
    <tag k="addr:housenumber" v="30" />
    <tag k="addr:neighbourhood" v="17" />
    <tag k="addr:postcode" v="106" />
    <tag k="addr:street" v="永康街47巷" />
    <tag k="amenity" v="cafe" />
    <tag k="cuisine" v="coffee_shop" />
    <tag k="internet_access" v="yes" />
    <tag k="name" v="月半咖啡" />
    <tag k="opening_hours" v="Mo-Su 11:00-20:00" />
    <tag k="phone" v="0223965208" />
    <tag k="source" v="streetlevel imagery" />
    <tag k="website" v="https://www.facebook.com/dwacocoffee/" />
  </node>
  <node id="11898861716" lat="25.0977720" lon="121.5136512" />
  <node id="11898861717" lat="25.0982335" lon="121.5150996" />
  <node id="11898861718" lat="25.0984837" lon="121.5155690" />
  <node id="11898861719" lat="25.0988651" lon="121.5184470" />
  <node id="11898861720" lat="25.0969365" lon="121.5193080" />
  <node id="11898861721" lat="25.0958216" lon="121.5192033" />
  <node id="11898861722" lat="25.0957584" lon="121.5191685" />
  <node id="11898861723" lat="25.0957001" lon="121.5190934" />
  <node id="11898861724" lat="25.0951900" lon="121.5184470" />
  <node id="11898861725" lat="25.0957366" lon="121.5179668" />
  <node id="11898861726" lat="25.0949155" lon="121.5167196" />
  <node id="11898861727" lat="25.0964434" lon="121.5154831" />
  <node id="11898861728" lat="25.0961519" lon="121.5141688" />
  <node id="11898861729" lat="25.0976413" lon="121.5131954" />
  <node id="11898861730" lat="25.0961231" lon="121.5137962" />
  <node id="11898861731" lat="25.0962243" lon="121.5132742" />
  <node id="11898861732" lat="25.0962738" lon="121.5125927" />
  <node id="11898861733" lat="25.0962669" lon="121.5128437" />
  <node id="11898861734" lat="25.0968876" lon="121.5107463" />
  <node id="11898861735" lat="25.0977336" lon="121.5131562" />
  <node id="11898861736" lat="25.0977043" lon="121.5129966" />
  <node id="11898861737" lat="25.0976594" lon="121.5124718" />
  <node id="11898861738" lat="25.0971831" lon="121.5110327" />
  <node id="11898861739" lat="25.0970721" lon="121.5108743" />
  <node id="11898861740" lat="25.0966847" lon="121.5107045" />
  <node id="11898861741" lat="25.0963877" lon="121.5107932" />
  <node id="11898861742" lat="25.0965218" lon="121.5107332" />
  <node id="11898861743" lat="25.0964247" lon="121.5110023" />
  <node id="11898861744" lat="25.0964564" lon="121.5111412" />
  <node id="11898861745" lat="25.0960256" lon="121.5116664" />
  <node id="11898861747" lat="25.0960248" lon="121.5118861" />
  <node id="11898861748" lat="25.0962591" lon="121.5124004" />
  <node id="11898861749" lat="25.0961996" lon="121.5121999" />
  <node id="11898861750" lat="25.0961344" lon="121.5120659" />
  <node id="11942895064" lat="24.9867813" lon="121.5709157" />
  <node id="11942895065" lat="24.9867618" lon="121.5714817" />
  <node id="11942895066" lat="24.9866682" lon="121.5714575" />
  <node id="11942895067" lat="24.9864409" lon="121.5714113" />
  <node id="11942895068" lat="24.9868482" lon="121.5714240" />
  <node id="11942895069" lat="24.9870019" lon="121.5713368" />
  <node id="11942895070" lat="24.9870566" lon="121.5712919" />
  <node id="11942895071" lat="24.9871739" lon="121.5712503" />
  <node id="11942895072" lat="24.9872128" lon="121.5713670" />
  <node id="11942895073" lat="24.9874110" lon="121.5712745" />
  <node id="11942895074" lat="24.9875532" lon="121.5711853" />
  <node id="11942895075" lat="24.9874936" lon="121.5712121" />
  <node id="11942895076" lat="24.9876422" lon="121.5707665" />
  <node id="11942895077" lat="24.9876574" lon="121.5707809" />
  <node id="11942895078" lat="24.9876668" lon="121.5708011" />
  <node id="11942895079" lat="24.9876687" lon="121.5708252" />
  <node id="12117360603" lat="25.0705896" lon="121.5992438" />
  <node id="12117360605" lat="25.0704819" lon="121.5992566" />
  <node id="12117360606" lat="25.0705897" lon="121.5992643" />
  <node id="12117360607" lat="25.0701831" lon="121.5991983" />
  <node id="12117360608" lat="25.0703744" lon="121.5992438" />
  <node id="12117360609" lat="25.0699820" lon="121.5991050" />
  <node id="12117360615" lat="25.0696893" lon="121.5989394" />
  <node id="12117360616" lat="25.0695508" lon="121.5986209" />
  <node id="12117360617" lat="25.0695608" lon="121.5986256" />
  <node id="12118600090" lat="25.0706261" lon="121.5989638" />
  <node id="12118600091" lat="25.0706035" lon="121.5989834" />
  <node id="12118600092" lat="25.0705838" lon="121.5989854" />
  <node id="12118600093" lat="25.0705791" lon="121.5991884" />
  <node id="12118603512" lat="25.0706274" lon="121.5989240" />
  <node id="12118603513" lat="25.0706389" lon="121.5983349" />
  <node id="12118603514" lat="25.0693658" lon="121.5959924" />
  <node id="12118603515" lat="25.0693389" lon="121.5960167" />
  <node id="12118603516" lat="25.0696263" lon="121.5978343" />
  <node id="12118603517" lat="25.0697552" lon="121.5978297" />
  <node id="12118603518" lat="25.0698098" lon="121.5977546" />
  <node id="12118603519" lat="25.0699240" lon="121.5977472" />
  <node id="12118603520" lat="25.0700005" lon="121.5977418" />
  <node id="12118603521" lat="25.0700139" lon="121.5977613" />
  <node id="12118603522" lat="25.0701324" lon="121.5977787" />
  <node id="12118603523" lat="25.0703692" lon="121.5976587" />
  <node id="12118603524" lat="25.0703929" lon="121.5976091" />
  <node id="12118603525" lat="25.0704585" lon="121.5976050" />
  <node id="12118603526" lat="25.0705457" lon="121.5976359" />
  <node id="12118603527" lat="25.0705587" lon="121.5976688" />
  <node id="12118603528" lat="25.0705924" lon="121.5979085" />
  <node id="12118603529" lat="25.0705934" lon="121.5979913" />
  <node id="12118603530" lat="25.0706338" lon="121.5979911" />
  <node id="12118603531" lat="25.0706489" lon="121.5979825" />
  <node id="12118603532" lat="25.0706544" lon="121.5976161" />
  <node id="12118603533" lat="25.0706410" lon="121.5974686" />
  <node id="12118603534" lat="25.0705949" lon="121.5974632" />
  <node id="12118603535" lat="25.0699073" lon="121.5974495" />
  <node id="12118603536" lat="25.0697215" lon="121.5974817" />
  <node id="12118603537" lat="25.0697333" lon="121.5973747" />
  <node id="12118603538" lat="25.0697342" lon="121.5973093" />
  <node id="12118603539" lat="25.0697518" lon="121.5972721" />
  <node id="12118603540" lat="25.0697789" lon="121.5971035" />
  <node id="12118603541" lat="25.0697880" lon="121.5970237" />
  <node id="12118603542" lat="25.0698059" lon="121.5967457" />
  <node id="12118603543" lat="25.0698095" lon="121.5966472" />
  <node id="12118603544" lat="25.0698013" lon="121.5966217" />
  <node id="12118603545" lat="25.0698915" lon="121.5965935" />
  <node id="12118603546" lat="25.0701815" lon="121.5965945" />
  <node id="12118603547" lat="25.0701202" lon="121.5965208" />
  <node id="12118603548" lat="25.0702441" lon="121.5965134" />
  <node id="12118603549" lat="25.0704038" lon="121.5965087" />
  <node id="12118603550" lat="25.0705241" lon="121.5965566" />
  <node id="12118603551" lat="25.0705472" lon="121.5965865" />
  <node id="12118603552" lat="25.0705533" lon="121.5966079" />
  <node id="12118603553" lat="25.0705527" lon="121.5966264" />
  <node id="12118603554" lat="25.0705666" lon="121.5966824" />
  <node id="12118603555" lat="25.0705672" lon="121.5967565" />
  <node id="12118603556" lat="25.0705596" lon="121.5967903" />
  <node id="12118603557" lat="25.0705502" lon="121.5969240" />
  <node id="12118603558" lat="25.0706319" lon="121.5969251" />
  <node id="12118603559" lat="25.0706295" lon="121.5971477" />
  <node id="12118603560" lat="25.0706687" lon="121.5971487" />
  <node id="12118603561" lat="25.0706735" lon="121.5969171" />
  <node id="12118603562" lat="25.0706942" lon="121.5960561" />
  <node id="12118603598" lat="25.0703004" lon="121.5957656" />
  <node id="12118603599" lat="25.0702910" lon="121.5959409" />
  <node id="12118603600" lat="25.0697506" lon="121.5959109" />
  <node id="12118603601" lat="25.0697272" lon="121.5961159" />
  <node id="12118603602" lat="25.0694691" lon="121.5960294" />
  <node id="12118603691" lat="25.0706453" lon="121.5959407" />
  <node id="12118603692" lat="25.0706173" lon="121.5959391" />
  <node id="12118603693" lat="25.0705900" lon="121.5959337" />
  <node id="12118603694" lat="25.0705144" lon="121.5959112" />
  <node id="12118603695" lat="25.0704445" lon="121.5958740" />
  <node id="12118603696" lat="25.0704284" lon="121.5958596" />
  <node id="12118603697" lat="25.0704230" lon="121.5958237" />
  <node id="12118603698" lat="25.0704248" lon="121.5957885" />
  <node id="12125028067" lat="25.0702875" lon="121.5969453" />
  <node id="12125028068" lat="25.0702867" lon="121.5970975" />
  <node id="12125028069" lat="25.0703403" lon="121.5970981" />
  <node id="12125028070" lat="25.0703416" lon="121.5969459" />
  <node id="12125032542" lat="25.0706733" lon="121.5969257" />
  <node id="12125032543" lat="25.0697344" lon="121.5966410" />
  <node id="12125032611" lat="25.0705505" lon="121.5965980" />
  <node id="12125032612" lat="25.0703173" lon="121.5965965" />
  <node id="12125032613" lat="25.0703168" lon="121.5966782" />
  <node id="12125032614" lat="25.0702218" lon="121.5966776" />
  <node id="12125032615" lat="25.0702218" lon="121.5966840" />
  <node id="12125032616" lat="25.0701310" lon="121.5966834" />
  <node id="12125032617" lat="25.0701287" lon="121.5971044" />
  <node id="12125032618" lat="25.0701354" lon="121.5971119" />
  <node id="12125032619" lat="25.0701713" lon="121.5971122" />
  <node id="12125032620" lat="25.0701718" lon="121.5970099" />
  <node id="12125032621" lat="25.0702441" lon="121.5970104" />
  <node id="12125032622" lat="25.0702435" lon="121.5971145" />
  <node id="12125032623" lat="25.0702774" lon="121.5971147" />
  <node id="12125032624" lat="25.0702866" lon="121.5971047" />
  <node id="12125032625" lat="25.0702877" lon="121.5969163" />
  <node id="12125032626" lat="25.0703194" lon="121.5969166" />
  <node id="12125032627" lat="25.0703197" lon="121.5968583" />
  <node id="12125032628" lat="25.0703575" lon="121.5968586" />
  <node id="12125032629" lat="25.0703570" lon="121.5969168" />
  <node id="12125032630" lat="25.0703417" lon="121.5969333" />
  <node id="12125032631" lat="25.0703401" lon="121.5971226" />
  <node id="12125032632" lat="25.0703604" lon="121.5971455" />
  <node id="12125032633" lat="25.0704469" lon="121.5971465" />
  <node id="12125032634" lat="25.0704567" lon="121.5971359" />
  <node id="12125032635" lat="25.0704569" lon="121.5970897" />
  <node id="12125032636" lat="25.0704836" lon="121.5970899" />
  <node id="12125032637" lat="25.0704833" lon="121.5971361" />
  <node id="12125032638" lat="25.0704928" lon="121.5971468" />
  <node id="12125033066" lat="25.0705125" lon="121.5969479" />
  <node id="12125033067" lat="25.0705118" lon="121.5970745" />
  <node id="12125033068" lat="25.0704981" lon="121.5970744" />
  <node id="12125033069" lat="25.0704981" lon="121.5970711" />
  <node id="12125033070" lat="25.0704873" lon="121.5970711" />
  <node id="12125033071" lat="25.0704872" lon="121.5970899" />
  <node id="12125033072" lat="25.0704532" lon="121.5970897" />
  <node id="12125033073" lat="25.0704533" lon="121.5970708" />
  <node id="12125033074" lat="25.0704427" lon="121.5970708" />
  <node id="12125033075" lat="25.0704427" lon="121.5970740" />
  <node id="12125033076" lat="25.0704294" lon="121.5970739" />
  <node id="12125033077" lat="25.0704301" lon="121.5969474" />
  <node id="12125033078" lat="25.0703857" lon="121.5967166" />
  <node id="12125033079" lat="25.0703850" lon="121.5968432" />
  <node id="12125033080" lat="25.0703713" lon="121.5968431" />
  <node id="12125033081" lat="25.0703714" lon="121.5968398" />
  <node id="12125033082" lat="25.0703605" lon="121.5968397" />
  <node id="12125033083" lat="25.0703604" lon="121.5968586" />
  <node id="12125033084" lat="25.0703265" lon="121.5968584" />
  <node id="12125033085" lat="25.0703266" lon="121.5968395" />
  <node id="12125033086" lat="25.0703159" lon="121.5968394" />
  <node id="12125033087" lat="25.0703159" lon="121.5968427" />
  <node id="12125033088" lat="25.0703026" lon="121.5968426" />
  <node id="12125033089" lat="25.0703033" lon="121.5967161" />
  <node id="12125232643" lat="25.0696109" lon="121.5980041">
    <tag k="barrier" v="gate" />
  </node>
  <node id="12125232645" lat="25.0696822" lon="121.5972170">
    <tag k="barrier" v="gate" />
  </node>
  <node id="13131122573" lat="24.9859408" lon="121.5709287">
    <tag k="addr:city" v="台北市" />
    <tag k="addr:country" v="TW" />
    <tag k="addr:district" v="文山區" />
    <tag k="addr:floor" v="1" />
    <tag k="addr:full" v="116台北市文山區木新路二段69巷1號1樓" />
    <tag k="addr:housenumber" v="1" />
    <tag k="addr:postcode" v="116" />
    <tag k="addr:street" v="木新路二段69巷" />
    <tag k="amenity" v="cafe" />
    <tag k="name" v="自由·之丘" />
  </node>
  <node id="13131122574" lat="24.9860850" lon="121.5706018">
    <tag k="addr:city" v="台北市" />
    <tag k="addr:country" v="TW" />
    <tag k="addr:district" v="文山區" />
    <tag k="addr:full" v="116台北市文山區木新路二段52號" />
    <tag k="addr:housenumber" v="52" />
    <tag k="addr:postcode" v="116" />
    <tag k="addr:street" v="木新路二段" />
    <tag k="amenity" v="restaurant" />
    <tag k="name" v="尪公祖養生早餐" />
  </node>
  <node id="13134459209" lat="24.9868845" lon="121.5705264">
    <tag k="addr:city" v="台北市" />
    <tag k="addr:country" v="TW" />
    <tag k="addr:district" v="文山區" />
    <tag k="addr:full" v="116台北市文山區木新路二段16號" />
    <tag k="addr:housenumber" v="16" />
    <tag k="addr:postcode" v="116" />
    <tag k="addr:street" v="木新路二段" />
    <tag k="name" v="萬明企業社" />
    <tag k="shop" v="hardware" />
  </node>
  <node id="13134459210" lat="24.9852057" lon="121.5706387">
    <tag k="addr:city" v="台北市" />
    <tag k="addr:country" v="TW" />
    <tag k="addr:district" v="文山區" />
    <tag k="addr:full" v="116台北市文山區木新路二段77號" />
    <tag k="addr:housenumber" v="77" />
    <tag k="addr:postcode" v="116" />
    <tag k="addr:street" v="木新路二段" />
    <tag k="branch" v="木新店" />
    <tag k="name" v="櫻花廚藝" />
    <tag k="phone" v="+886 2 2939 7455" />
    <tag k="shop" v="interior_decoration" />
  </node>
  <node id="13134459211" lat="24.9853022" lon="121.5706781">
    <tag k="addr:city" v="台北市" />
    <tag k="addr:country" v="TW" />
    <tag k="addr:district" v="文山區" />
    <tag k="addr:full" v="116台北市文山區木新路二段75號" />
    <tag k="addr:housenumber" v="75" />
    <tag k="addr:postcode" v="116" />
    <tag k="addr:street" v="木新路二段" />
    <tag k="name" v="夢想家居系統傢俱" />
    <tag k="phone" v="+886 2 2936 9971" />
    <tag k="shop" v="interior_decoration" />
  </node>
  <node id="13134459252" lat="24.9869032" lon="121.5703036">
    <tag k="addr:city" v="台北市" />
    <tag k="addr:country" v="TW" />
    <tag k="addr:district" v="文山區" />
    <tag k="addr:floor" v="1" />
    <tag k="addr:full" v="116台北市文山區永安街11號1樓" />
    <tag k="addr:housenumber" v="11" />
    <tag k="addr:postcode" v="116" />
    <tag k="addr:street" v="永安街" />
    <tag k="name" v="toko indo pondok indah" />
    <tag k="phone" v="+886 0983143065" />
    <tag k="shop" v="supermarket" />
  </node>
  <node id="13136578076" lat="24.9846372" lon="121.5698835">
    <tag k="addr:city" v="台北市" />
    <tag k="addr:country" v="TW" />
    <tag k="addr:district" v="文山區" />
    <tag k="addr:full" v="116台北市文山區木新路二段110號" />
    <tag k="addr:housenumber" v="110" />
    <tag k="addr:postcode" v="116" />
    <tag k="addr:street" v="木新路二段" />
    <tag k="amenity" v="karaoke_box" />
    <tag k="name" v="星河" />
  </node>
  <node id="13136578080" lat="24.9852866" lon="121.5693145">
    <tag k="addr:city" v="台北市" />
    <tag k="addr:country" v="TW" />
    <tag k="addr:district" v="文山區" />
    <tag k="addr:full" v="116台北市文山區保儀路109巷21弄1號" />
    <tag k="addr:housenumber" v="1" />
    <tag k="addr:postcode" v="116" />
    <tag k="addr:street" v="保儀路109巷21弄" />
    <tag k="contact:facebook" v="https://www.facebook.com/p/%E6%89%8B%E5%88%B0%E8%B2%A8%E4%BE%86%E5%B7%A5%E4%BD%9C%E5%AE%A4-100071831535166/" />
    <tag k="name" v="手到貨來工作室" />
    <tag k="phone" v="+886 9 5299 9528" />
    <tag k="shop" v="variety_store" />
  </node>
  <node id="13136580207" lat="24.9846082" lon="121.5697943">
    <tag k="addr:city" v="台北市" />
    <tag k="addr:country" v="TW" />
    <tag k="addr:district" v="文山區" />
    <tag k="addr:full" v="116台北市文山區木新路二段112號" />
    <tag k="addr:housenumber" v="112" />
    <tag k="addr:postcode" v="116" />
    <tag k="addr:street" v="木新路二段" />
    <tag k="name" v="宏大機車行" />
    <tag k="phone" v="+886 2 2939 4769" />
    <tag k="shop" v="motorcycle_repair" />
  </node>
  <node id="13136580208" lat="24.9845068" lon="121.5700720">
    <tag k="addr:city" v="台北市" />
    <tag k="addr:country" v="TW" />
    <tag k="addr:district" v="文山區" />
    <tag k="addr:full" v="116台北市文山區木新路二段101號" />
    <tag k="addr:housenumber" v="101" />
    <tag k="addr:postcode" v="116" />
    <tag k="addr:street" v="木新路二段" />
    <tag k="name" v="柳久工程有限公司" />
    <tag k="phone" v="+886 2 2937 6033" />
    <tag k="shop" v="repair" />
  </node>
  <node id="13136580209" lat="24.9846110" lon="121.5701753">
    <tag k="addr:city" v="台北市" />
    <tag k="addr:country" v="TW" />
    <tag k="addr:district" v="文山區" />
    <tag k="addr:full" v="116台北市文山區木新路二段97號" />
    <tag k="addr:housenumber" v="97" />
    <tag k="addr:postcode" v="116" />
    <tag k="addr:street" v="木新路二段" />
    <tag k="name" v="鴻元堂佛具香業" />
    <tag k="shop" v="religion" />
  </node>
  <node id="13136580210" lat="24.9847089" lon="121.5702636">
    <tag k="addr:city" v="台北市" />
    <tag k="addr:country" v="TW" />
    <tag k="addr:district" v="文山區" />
    <tag k="addr:full" v="116台北市文山區木新路二段93號" />
    <tag k="addr:housenumber" v="93" />
    <tag k="addr:postcode" v="116" />
    <tag k="addr:street" v="木新路二段" />
    <tag k="name" v="建豐汽車" />
    <tag k="shop" v="car_parts" />
  </node>
  <node id="13136580211" lat="24.9846684" lon="121.5702237">
    <tag k="addr:city" v="台北市" />
    <tag k="addr:country" v="TW" />
    <tag k="addr:district" v="文山區" />
    <tag k="addr:floor" v="1" />
    <tag k="addr:full" v="116台北市文山區木新路二段95號1樓" />
    <tag k="addr:housenumber" v="95" />
    <tag k="addr:street" v="木新路二段" />
    <tag k="name" v="超宇汽車" />
    <tag k="phone" v="+886 0958030298" />
    <tag k="shop" v="car_parts" />
  </node>
  <node id="13136580212" lat="24.9857640" lon="121.5708991">
    <tag k="addr:city" v="台北市" />
    <tag k="addr:country" v="TW" />
    <tag k="addr:district" v="文山區" />
    <tag k="addr:full" v="116台北市文山區木新路二段69巷3號" />
    <tag k="addr:housenumber" v="3" />
    <tag k="addr:postcode" v="116" />
    <tag k="addr:street" v="木新路二段69巷" />
    <tag k="name" v="金橋工程有限公司" />
    <tag k="phone" v="+886 2 2936 1626" />
    <tag k="shop" v="repair" />
  </node>
  <node id="13136580213" lat="24.9858312" lon="121.5707112">
    <tag k="addr:city" v="台北市" />
    <tag k="addr:country" v="TW" />
    <tag k="addr:district" v="文山區" />
    <tag k="addr:full" v="116台北市文山區木新路二段63號" />
    <tag k="addr:housenumber" v="63" />
    <tag k="addr:postcode" v="116" />
    <tag k="addr:street" v="木新路二段" />
    <tag k="name" v="沐麗專業洗衣" />
    <tag k="shop" v="laundry" />
  </node>
  <node id="13142341104" lat="24.9865390" lon="121.5703775">
    <tag k="addr:city" v="台北市" />
    <tag k="addr:country" v="TW" />
    <tag k="addr:district" v="文山區" />
    <tag k="addr:floor" v="1" />
    <tag k="addr:full" v="116台北市文山區永安街27號1樓" />
    <tag k="addr:housenumber" v="27" />
    <tag k="addr:postcode" v="116" />
    <tag k="addr:street" v="永安街" />
    <tag k="name" v="禾益汽車保養廠" />
    <tag k="phone" v="+886 2 29362331" />
    <tag k="shop" v="car_parts" />
  </node>
  <node id="13142341107" lat="24.9867754" lon="121.5699452">
    <tag k="addr:city" v="台北市" />
    <tag k="addr:country" v="TW" />
    <tag k="addr:district" v="文山區" />
    <tag k="addr:full" v="116台北市文山區永安街22巷7號" />
    <tag k="addr:housenumber" v="7" />
    <tag k="addr:postcode" v="116" />
    <tag k="addr:street" v="永安街22巷" />
    <tag k="name" v="嘉甯餐具有限公司" />
    <tag k="phone" v="+886 2 2937 2991" />
    <tag k="shop" v="yes" />
  </node>
  <node id="13188919301" lat="25.0299643" lon="121.5309907">
    <tag k="addr:city" v="臺北市" />
    <tag k="addr:country" v="TW" />
    <tag k="addr:district" v="大安區" />
    <tag k="addr:full" v="臺北市大安區金華街249-1號" />
    <tag k="addr:housenumber" v="249-1" />
    <tag k="addr:street" v="金華街" />
    <tag k="contact:instagram" v="ainsithe_tw" />
    <tag k="name" v="萃釅" />
    <tag k="shop" v="tea" />
  </node>
  <way id="189621252">
    <nd ref="2002165493" />
    <nd ref="2003955005" />
    <nd ref="2003954999" />
    <nd ref="2657337484" />
    <nd ref="2657337460" />
    <nd ref="2657337511" />
    <nd ref="2003955001" />
    <nd ref="2003955002" />
    <nd ref="2003955004" />
    <nd ref="2002165483" />
    <nd ref="2657117843" />
    <nd ref="2657117847" />
    <nd ref="2657117848" />
    <nd ref="2657117844" />
    <nd ref="2657117845" />
    <nd ref="2657117849" />
    <nd ref="2002165485" />
    <nd ref="2657337457" />
    <nd ref="2002165490" />
    <nd ref="2002165491" />
    <nd ref="2002165480" />
    <nd ref="2002165493" />
    <tag k="landuse" v="residential" />
  </way>
  <way id="189781445">
    <nd ref="2003857655" />
    <nd ref="2003857651" />
    <nd ref="2003857656" />
    <nd ref="2003857628" />
    <nd ref="2003857611" />
    <nd ref="2003857642" />
    <nd ref="2003857647" />
    <nd ref="2003857655" />
    <tag k="landuse" v="residential" />
  </way>
  <way id="344618448">
    <nd ref="3513680614" />
    <nd ref="3513682996" />
    <nd ref="3513681205" />
    <nd ref="3513680308" />
    <nd ref="3513682199" />
    <nd ref="3513681094" />
    <nd ref="3513682200" />
    <nd ref="3513680615" />
    <nd ref="3513680616" />
    <nd ref="3513681206" />
    <nd ref="3513680309" />
    <nd ref="3513680710" />
    <nd ref="3513680617" />
    <nd ref="3513681698" />
    <nd ref="3513682201" />
    <nd ref="3513680614" />
    <tag k="landuse" v="grass" />
  </way>
  <way id="350945400">
    <nd ref="3566587028" />
    <nd ref="3566587029" />
    <nd ref="3566587030" />
    <nd ref="3566587031" />
    <nd ref="3566587032" />
    <nd ref="3566587033" />
    <nd ref="3566587034" />
    <nd ref="6222702080" />
    <nd ref="3566587035" />
    <nd ref="3566587036" />
    <nd ref="6222702079" />
    <nd ref="3566587037" />
    <nd ref="3566587038" />
    <nd ref="6222702078" />
    <nd ref="3566587039" />
    <nd ref="3566587040" />
    <nd ref="6222702061" />
    <nd ref="6222702060" />
    <nd ref="3566587041" />
    <nd ref="6222702062" />
    <nd ref="3566587042" />
    <nd ref="6222702064" />
    <nd ref="3566587043" />
    <nd ref="6222702063" />
    <nd ref="3566587044" />
    <nd ref="6222702065" />
    <nd ref="3566587045" />
    <nd ref="3566587046" />
    <nd ref="6222702066" />
    <nd ref="3566587047" />
    <nd ref="3566587048" />
    <nd ref="6222702068" />
    <nd ref="6222702067" />
    <nd ref="3566587028" />
    <tag k="landuse" v="grass" />
  </way>
  <way id="430062402">
    <nd ref="4293261296" />
    <nd ref="3387957069" />
    <nd ref="3387957068" />
    <nd ref="11942895064" />
    <nd ref="3387957040" />
    <nd ref="4293261283" />
    <nd ref="11942895067" />
    <nd ref="11942895066" />
    <nd ref="11942895065" />
    <nd ref="4293261287" />
    <nd ref="11942895068" />
    <nd ref="4293261288" />
    <nd ref="11942895069" />
    <nd ref="11942895070" />
    <nd ref="11942895071" />
    <nd ref="11942895072" />
    <nd ref="11942895073" />
    <nd ref="11942895075" />
    <nd ref="11942895074" />
    <nd ref="4293261295" />
    <nd ref="11942895079" />
    <nd ref="11942895078" />
    <nd ref="11942895077" />
    <nd ref="11942895076" />
    <nd ref="4293261296" />
    <tag k="landuse" v="residential" />
    <tag k="name" v="綠堤社區" />
  </way>
  <way id="449290030">
    <nd ref="4462644356" />
    <nd ref="4462644357" />
    <nd ref="4462644352" />
    <nd ref="4462644350" />
    <nd ref="4462644356" />
    <tag k="landuse" v="recreation_ground" />
    <tag k="name" v="中庭休憩區" />
  </way>
  <way id="449291245">
    <nd ref="4462659086" />
    <nd ref="4462659096" />
    <nd ref="4462659095" />
    <nd ref="4462659104" />
    <nd ref="4462659094" />
    <nd ref="4462659089" />
    <nd ref="4462659077" />
    <nd ref="4462659076" />
    <nd ref="4462659062" />
    <nd ref="4462659064" />
    <nd ref="4462659074" />
    <nd ref="4462659075" />
    <nd ref="4462659086" />
    <tag k="landuse" v="grass" />
    <tag k="name" v="微風廣場" />
  </way>
  <way id="558229619">
    <nd ref="5382736331" />
    <nd ref="5382736332" />
    <nd ref="5382736333" />
    <nd ref="9520198469" />
    <nd ref="9520198470" />
    <nd ref="5382736334" />
    <nd ref="5382736335" />
    <nd ref="5382736336" />
    <nd ref="5382736331" />
    <tag k="landuse" v="residential" />
    <tag k="name" v="鄉林陽明" />
    <tag k="residential" v="apartments" />
  </way>
  <way id="558229620">
    <nd ref="9520343673" />
    <nd ref="5382736339" />
    <nd ref="5382736340" />
    <nd ref="9520343674" />
    <nd ref="9520343673" />
    <tag k="landuse" v="residential" />
    <tag k="name" v="仕商錄" />
  </way>
  <way id="558229621">
    <nd ref="5382736341" />
    <nd ref="5382736342" />
    <nd ref="5382736343" />
    <nd ref="9520198451" />
    <nd ref="5382736341" />
    <tag k="landuse" v="residential" />
    <tag k="name" v="宏威帝璽" />
    <tag k="residential" v="apartments" />
  </way>
  <way id="558229622">
    <nd ref="5382736345" />
    <nd ref="5382736346" />
    <nd ref="5382736347" />
    <nd ref="5382736348" />
    <nd ref="5382736345" />
    <tag k="landuse" v="residential" />
    <tag k="name" v="隱士林" />
    <tag k="residential" v="apartments" />
  </way>
  <way id="604554103">
    <nd ref="5736093430" />
    <nd ref="5646853020" />
    <nd ref="5758621328" />
    <nd ref="5646853018" />
    <nd ref="5758621327" />
    <nd ref="5646853037" />
    <nd ref="8467318004" />
    <nd ref="5646853036" />
    <nd ref="5736093460" />
    <nd ref="5736093459" />
    <nd ref="5736093461" />
    <nd ref="5736093430" />
    <tag k="landuse" v="residential" />
  </way>
  <way id="607954915">
    <nd ref="5382736338" />
    <nd ref="5382736337" />
    <nd ref="9520343672" />
    <nd ref="9520343671" />
    <nd ref="9520343646" />
    <nd ref="9520343675" />
    <nd ref="9520343628" />
    <nd ref="5382846175" />
    <nd ref="5382846176" />
    <nd ref="9520343649" />
    <nd ref="5382736338" />
    <tag k="landuse" v="residential" />
    <tag k="name" v="中正陽明花園" />
    <tag k="residential" v="apartments" />
  </way>
  <way id="607954916">
    <nd ref="5760594621" />
    <nd ref="5760593816" />
    <nd ref="5760593817" />
    <nd ref="5760593818" />
    <nd ref="5760593819" />
    <nd ref="5760593820" />
    <nd ref="5760594621" />
    <tag k="landuse" v="residential" />
    <tag k="name" v="藝術陽明" />
    <tag k="residential" v="apartments" />
  </way>
  <way id="683786806">
    <nd ref="12118603513" />
    <nd ref="12118603512" />
    <nd ref="12118600090" />
    <nd ref="12118600091" />
    <nd ref="12118600092" />
    <nd ref="12118600093" />
    <nd ref="12117360603" />
    <nd ref="12117360606" />
    <nd ref="12117360605" />
    <nd ref="12117360608" />
    <nd ref="12117360607" />
    <nd ref="2035846031" />
    <nd ref="12117360609" />
    <nd ref="2035846017" />
    <nd ref="12117360615" />
    <nd ref="2035846041" />
    <nd ref="12117360617" />
    <nd ref="12117360616" />
    <nd ref="2035846035" />
    <nd ref="12125232643" />
    <nd ref="12118603516" />
    <nd ref="12125232645" />
    <nd ref="12125032543" />
    <nd ref="12118603544" />
    <nd ref="12118603545" />
    <nd ref="12118603546" />
    <nd ref="12125032612" />
    <nd ref="12125032611" />
    <nd ref="12118603552" />
    <nd ref="12118603553" />
    <nd ref="12118603554" />
    <nd ref="12118603555" />
    <nd ref="12118603556" />
    <nd ref="12118603557" />
    <nd ref="12118603558" />
    <nd ref="12125032542" />
    <nd ref="12118603560" />
    <nd ref="12118603532" />
    <nd ref="12118603531" />
    <nd ref="12118603513" />
    <tag k="landuse" v="residential" />
    <tag k="name" v="職務宿舍" />
  </way>
  <way id="824890650">
    <nd ref="8483071075" />
    <nd ref="8483071067" />
    <nd ref="8483071068" />
    <nd ref="8483071069" />
    <nd ref="8483071070" />
    <nd ref="8483071071" />
    <nd ref="8483071072" />
    <nd ref="8483071073" />
    <nd ref="8483071074" />
    <nd ref="8483071076" />
    <nd ref="8483071075" />
    <tag k="landuse" v="residential" />
    <tag k="source" v="MapWithAI" />
  </way>
  <way id="829224955">
    <nd ref="7740264057" />
    <nd ref="7740264056" />
    <nd ref="7740264055" />
    <nd ref="7740264054" />
    <nd ref="7740264053" />
    <nd ref="7740264057" />
    <tag k="landuse" v="residential" />
  </way>
  <way id="829224956">
    <nd ref="7740264061" />
    <nd ref="7740264058" />
    <nd ref="7740264059" />
    <nd ref="7740264060" />
    <nd ref="7740264061" />
    <tag k="landuse" v="residential" />
  </way>
  <way id="829224957">
    <nd ref="7740264065" />
    <nd ref="7740264062" />
    <nd ref="7740264063" />
    <nd ref="7740264064" />
    <nd ref="7740264065" />
    <tag k="landuse" v="residential" />
  </way>
  <way id="1016297997">
    <nd ref="9373951285" />
    <nd ref="9373951284" />
    <nd ref="9373951283" />
    <nd ref="9373951282" />
    <nd ref="9373951281" />
    <nd ref="9373951280" />
    <nd ref="9373951285" />
    <tag k="landuse" v="allotments" />
  </way>
  <way id="1033322334">
    <nd ref="9520337797" />
    <nd ref="9520337796" />
    <nd ref="9520337795" />
    <nd ref="9520337794" />
    <nd ref="9520337797" />
    <tag k="landuse" v="residential" />
    <tag k="name" v="宏泰陽明" />
    <tag k="residential" v="apartments" />
  </way>
  <way id="1033322339">
    <nd ref="9520343622" />
    <nd ref="9520343618" />
    <nd ref="9520343619" />
    <nd ref="9520343620" />
    <nd ref="9520343621" />
    <nd ref="9520343623" />
    <nd ref="9520343622" />
    <tag k="construction" v="residential" />
    <tag k="construction:route" v="re" />
    <tag k="landuse" v="construction" />
    <tag k="name" v="達麗陽明大苑" />
    <tag k="note" v="預計地上19層地下4層" />
  </way>
  <way id="1033322355">
    <nd ref="9520343711" />
    <nd ref="9520343714" />
    <nd ref="9520343713" />
    <nd ref="9520343712" />
    <nd ref="9520343711" />
    <tag k="landuse" v="residential" />
    <tag k="name" v="陽明松疆" />
    <tag k="residential" v="apartments" />
  </way>
  <way id="1268144655">
    <nd ref="11778260879" />
    <nd ref="11778260878" />
    <nd ref="11778214466" />
    <nd ref="11778260873" />
    <nd ref="11778214463" />
    <nd ref="11778260883" />
    <nd ref="11778214468" />
    <nd ref="11778260875" />
    <nd ref="11778214461" />
    <nd ref="11778260876" />
    <nd ref="11778260869" />
    <nd ref="11778260879" />
    <tag k="landuse" v="residential" />
    <tag k="residential" v="apartments" />
  </way>
  <way id="1282196895">
    <nd ref="11898861716" />
    <nd ref="11898861717" />
    <nd ref="11898861718" />
    <nd ref="11898861719" />
    <nd ref="11898861720" />
    <nd ref="11898861721" />
    <nd ref="11898861722" />
    <nd ref="11898861723" />
    <nd ref="11898861724" />
    <nd ref="11898861725" />
    <nd ref="11898861726" />
    <nd ref="11898861727" />
    <nd ref="11898861728" />
    <nd ref="11898861730" />
    <nd ref="11898861731" />
    <nd ref="11898861733" />
    <nd ref="11898861732" />
    <nd ref="11898861748" />
    <nd ref="11898861749" />
    <nd ref="11898861750" />
    <nd ref="11898861747" />
    <nd ref="11898861745" />
    <nd ref="11898861744" />
    <nd ref="11898861743" />
    <nd ref="11898861741" />
    <nd ref="11898861742" />
    <nd ref="11898861740" />
    <nd ref="11898861734" />
    <nd ref="11898861739" />
    <nd ref="11898861738" />
    <nd ref="11898861737" />
    <nd ref="11898861736" />
    <nd ref="11898861735" />
    <nd ref="11898861729" />
    <nd ref="11898861716" />
    <tag k="alt_name" v="台北科學藝術園區" />
    <tag k="landuse" v="recreation_ground" />
    <tag k="name" v="臺北科學藝術園區" />
    <tag k="name:en" v="Taipai Science &amp; Art Park" />
    <tag k="name:zh" v="臺北科學藝術園區" />
  </way>
  <way id="1308615359">
    <nd ref="12118603598" />
    <nd ref="12118603698" />
    <nd ref="12118603697" />
    <nd ref="12118603696" />
    <nd ref="12118603695" />
    <nd ref="12118603694" />
    <nd ref="12118603693" />
    <nd ref="12118603692" />
    <nd ref="12118603691" />
    <nd ref="12118603562" />
    <nd ref="12118603561" />
    <nd ref="12125032542" />
    <nd ref="12118603560" />
    <nd ref="12118603559" />
    <nd ref="12118603558" />
    <nd ref="12118603557" />
    <nd ref="12118603556" />
    <nd ref="12118603555" />
    <nd ref="12118603554" />
    <nd ref="12118603553" />
    <nd ref="12118603552" />
    <nd ref="12125032611" />
    <nd ref="12118603551" />
    <nd ref="12118603550" />
    <nd ref="12118603549" />
    <nd ref="12118603548" />
    <nd ref="12118603547" />
    <nd ref="12118603546" />
    <nd ref="12118603545" />
    <nd ref="12118603544" />
    <nd ref="12118603543" />
    <nd ref="12118603542" />
    <nd ref="12118603541" />
    <nd ref="12118603540" />
    <nd ref="12118603539" />
    <nd ref="12118603538" />
    <nd ref="12118603537" />
    <nd ref="12118603536" />
    <nd ref="12118603535" />
    <nd ref="12118603534" />
    <nd ref="12118603533" />
    <nd ref="12118603532" />
    <nd ref="12118603531" />
    <nd ref="12118603530" />
    <nd ref="12118603529" />
    <nd ref="12118603528" />
    <nd ref="12118603527" />
    <nd ref="12118603526" />
    <nd ref="12118603525" />
    <nd ref="12118603524" />
    <nd ref="12118603523" />
    <nd ref="12118603522" />
    <nd ref="12118603521" />
    <nd ref="12118603520" />
    <nd ref="12118603519" />
    <nd ref="12118603518" />
    <nd ref="12118603517" />
    <nd ref="12118603516" />
    <nd ref="12125232645" />
    <nd ref="12125032543" />
    <nd ref="2035846037" />
    <nd ref="12118603515" />
    <nd ref="12118603514" />
    <nd ref="12118603602" />
    <nd ref="12118603601" />
    <nd ref="12118603600" />
    <nd ref="12118603599" />
    <nd ref="12118603598" />
    <tag k="landuse" v="forest" />
  </way>
  <way id="1309438907">
    <nd ref="12118603546" />
    <nd ref="12125032612" />
    <nd ref="12125032611" />
    <nd ref="12118603551" />
    <nd ref="12118603550" />
    <nd ref="12118603549" />
    <nd ref="12118603548" />
    <nd ref="12118603547" />
    <nd ref="12118603546" />
    <tag k="landuse" v="grass" />
  </way>
  <way id="1309438917">
    <nd ref="12118603558" />
    <nd ref="12118603559" />
    <nd ref="12125032638" />
    <nd ref="12125032637" />
    <nd ref="12125032636" />
    <nd ref="12125033071" />
    <nd ref="12125033070" />
    <nd ref="12125033069" />
    <nd ref="12125033068" />
    <nd ref="12125033067" />
    <nd ref="12125033066" />
    <nd ref="12125033077" />
    <nd ref="12125033076" />
    <nd ref="12125033075" />
    <nd ref="12125033074" />
    <nd ref="12125033073" />
    <nd ref="12125033072" />
    <nd ref="12125032635" />
    <nd ref="12125032634" />
    <nd ref="12125032633" />
    <nd ref="12125032632" />
    <nd ref="12125032631" />
    <nd ref="12125028069" />
    <nd ref="12125028070" />
    <nd ref="12125032630" />
    <nd ref="12125032629" />
    <nd ref="12125032628" />
    <nd ref="12125033083" />
    <nd ref="12125033082" />
    <nd ref="12125033081" />
    <nd ref="12125033080" />
    <nd ref="12125033079" />
    <nd ref="12125033078" />
    <nd ref="12125033089" />
    <nd ref="12125033088" />
    <nd ref="12125033087" />
    <nd ref="12125033086" />
    <nd ref="12125033085" />
    <nd ref="12125033084" />
    <nd ref="12125032627" />
    <nd ref="12125032626" />
    <nd ref="12125032625" />
    <nd ref="12125028067" />
    <nd ref="12125028068" />
    <nd ref="12125032624" />
    <nd ref="12125032623" />
    <nd ref="12125032622" />
    <nd ref="12125032621" />
    <nd ref="12125032620" />
    <nd ref="12125032619" />
    <nd ref="12125032618" />
    <nd ref="12125032617" />
    <nd ref="12125032616" />
    <nd ref="12125032615" />
    <nd ref="12125032614" />
    <nd ref="12125032613" />
    <nd ref="12125032612" />
    <nd ref="12125032611" />
    <nd ref="12118603552" />
    <nd ref="12118603553" />
    <nd ref="12118603554" />
    <nd ref="12118603555" />
    <nd ref="12118603556" />
    <nd ref="12118603557" />
    <nd ref="12118603558" />
    <tag k="landuse" v="grass" />
  </way>

</osm>