<?xml version='1.0' encoding='utf-8'?>
<osm version="0.6" generator="Overpass API 0.7.62.11 87bfad18">
<note>The data included in this document is from www.openstreetmap.org. The data is made available under ODbL.</note>
<meta osm_base="2026-09-03T09:40:51Z" />

  <node id="615657588" lat="24.9977282" lon="121.3092846">
    <tag k="addr:city" v="桃園市" />
    <tag k="addr:city:en" v="Taoyuan City" />
    <tag k="addr:country" v="TW" />
    <tag k="addr:district" v="桃園區" />
    <tag k="addr:full" v="桃園市桃園區中正路337號" />
    <tag k="addr:housenumber" v="337" />
    <tag k="addr:street" v="中正路" />
    <tag k="addr:street:en" v="Jhongjheng Road" />
    <tag k="amenity" v="restaurant" />
    <tag k="contact:phone" v="+886 3 336 0935" />
    <tag k="cuisine" v="sushi" />
    <tag k="name" v="老賊壽司" />
    <tag k="old_addr:full" v="桃園市中正路337號" />
    <tag k="old_addr:full:zh" v="桃園市中正路337號" />
    <tag k="website" v="https://www.oldsc.com.tw/" />
  </node>
  <node id="1939467283" lat="25.0600198" lon="121.2826548" />
  <node id="1939467318" lat="25.0603830" lon="121.2825045" />
  <node id="1939467346" lat="25.0606584" lon="121.2822374" />
  <node id="1939467360" lat="25.0607734" lon="121.2821393" />
  <node id="1939467409" lat="25.0612011" lon="121.2815988" />
  <node id="2945439960" lat="24.9973735" lon="121.3093157">
    <tag k="bus" v="yes" />
    <tag k="highway" v="bus_stop" />
    <tag k="name" v="永和市場" />
    <tag k="name:en" v="Yonghe Market" />
    <tag k="name:zh" v="永和市場" />
    <tag k="network" v="桃園市市區公車" />
    <tag k="network:en" v="Taoyuan City Bus" />
    <tag k="network:nan" v="Thô-hn̂g-chhī Chhī-khu Kong-chhia" />
    <tag k="network:nan-Hant" v="桃園市市區公車" />
    <tag k="network:nan-Latn-pehoeji" v="Thô-hn̂g-chhī Chhī-khu Kong-chhia" />
    <tag k="network:nan-Latn-tailo" v="Thô-hn̂g-tshī Tshī-khu Kong-tshia" />
    <tag k="network:wikidata" v="Q11112021" />
    <tag k="network:zh" v="桃園市市區公車" />
    <tag k="public_transport" v="platform" />
  </node>
  <node id="2945439961" lat="24.9974752" lon="121.3093589">
    <tag k="bus" v="yes" />
    <tag k="highway" v="bus_stop" />
    <tag k="name" v="永和市場" />
    <tag k="name:en" v="Yonghe Market" />
    <tag k="name:zh" v="永和市場" />
    <tag k="network" v="桃園市市區公車" />
    <tag k="network:en" v="Taoyuan City Bus" />
    <tag k="network:nan" v="Thô-hn̂g-chhī Chhī-khu Kong-chhia" />
    <tag k="network:nan-Hant" v="桃園市市區公車" />
    <tag k="network:nan-Latn-pehoeji" v="Thô-hn̂g-chhī Chhī-khu Kong-chhia" />
    <tag k="network:nan-Latn-tailo" v="Thô-hn̂g-tshī Tshī-khu Kong-tshia" />
    <tag k="network:wikidata" v="Q11112021" />
    <tag k="network:zh" v="桃園市市區公車" />
    <tag k="public_transport" v="platform" />
  </node>
  <node id="4589038762" lat="24.9967838" lon="121.3098001">
    <tag k="construction" v="station" />
    <tag k="construction:station" v="subway" />
    <tag k="description" v="桃園區中正路永和市場前地下車站疊式月台" />
    <tag k="name" v="景福宮" />
    <tag k="name:en" v="Jingfu Temple" />
    <tag k="name:zh" v="景福宮" />
    <tag k="railway" v="construction" />
    <tag k="ref" v="G08" />
  </node>
  <node id="5283503865" lat="24.9972847" lon="121.3099240" />
  <node id="5283503866" lat="24.9971287" lon="121.3096229" />
  <node id="5283503867" lat="24.9962849" lon="121.3101550" />
  <node id="5283503868" lat="24.9964445" lon="121.3104632" />
  <node id="5283503869" lat="24.9968867" lon="121.3101844" />
  <node id="5283503870" lat="24.9969449" lon="121.3101312" />
  <node id="5283503871" lat="24.9970320" lon="121.3100755" />
  <node id="5283503872" lat="24.9970990" lon="121.3100412" />
  <node id="5313799642" lat="24.9972653" lon="121.3095653">
    <tag k="addr:city" v="桃園市" />
    <tag k="addr:country" v="TW" />
    <tag k="addr:district" v="桃園區" />
    <tag k="addr:full" v="桃園市桃園區中正路302號" />
    <tag k="addr:housenumber" v="302" />
    <tag k="addr:street" v="中正路" />
    <tag k="branch" v="桃園大正店" />
    <tag k="brand" v="全家便利商店" />
    <tag k="brand:en" v="FamilyMart" />
    <tag k="brand:ja" v="ファミリーマート" />
    <tag k="brand:wikidata" v="Q10891564" />
    <tag k="brand:wikipedia" v="zh:全家便利商店" />
    <tag k="brand:zh" v="全家便利商店" />
    <tag k="name" v="全家便利商店" />
    <tag k="name:en" v="FamilyMart" />
    <tag k="name:zh" v="全家便利商店" />
    <tag k="opening_hours" v="24/7" />
    <tag k="payment:ep_easycard" v="yes" />
    <tag k="payment:ep_ipass" v="yes" />
    <tag k="shop" v="convenience" />
  </node>
  <node id="6024158054" lat="25.0629550" lon="121.2803020">
    <tag k="alt_name" v="YouBike1.0_蘆竹區聯合辦公大樓" />
    <tag k="alt_name:en" v="YouBike1.0_Luzhu District Joint Office Building" />
    <tag k="alt_name:zh" v="YouBike1.0_蘆竹區聯合辦公大樓" />
    <tag k="alt_name:zh-Bopo" v="YouBike1.0_ㄌㄨˊㄓㄨˊㄑㄩㄌㄧㄢˊㄏㄜˊㄅㄢˋㄍㄨㄥㄉㄚˋㄌㄡˊ" />
    <tag k="alt_name:zh-Hans" v="YouBike1.0_芦竹区联合办公大楼" />
    <tag k="alt_name:zh-Hant" v="YouBike1.0_蘆竹區聯合辦公大樓" />
    <tag k="alt_name:zh-Latn-pinyin" v="YouBike1.0_lúzhúqūliánhébàngōngdàlóu" />
    <tag k="amenity" v="bicycle_rental" />
    <tag k="authentication:contactless" v="yes" />
    <tag k="authentication:membership_card" v="yes" />
    <tag k="bicycle_rental" v="docking_station" />
    <tag k="brand" v="YouBike" />
    <tag k="brand:en" v="YouBike" />
    <tag k="brand:wikidata" v="Q20687952" />
    <tag k="brand:wikipedia" v="en:YouBike" />
    <tag k="brand:zh" v="微笑單車" />
    <tag k="capacity" v="32" />
    <tag k="description" v="長安路二段與東溪路口" />
    <tag k="description:en" v="Sec. 2, Chang’an Rd./Dongxi Rd." />
    <tag k="description:zh" v="長安路二段與東溪路口" />
    <tag k="description:zh-Hans" v="长安路二段与东溪路口" />
    <tag k="description:zh-Hant" v="長安路二段與東溪路口" />
    <tag k="fee" v="yes" />
    <tag k="name" v="蘆竹區聯合辦公大樓" />
    <tag k="name:en" v="Luzhu District Joint Office Building" />
    <tag k="name:nan" v="Lô͘-tek-khu Liân-ha̍p Pān-kong-sek" />
    <tag k="name:nan-Hant" v="蘆竹區聯合辦公大樓" />
    <tag k="name:nan-Latn-pehoeji" v="Lô͘-tek-khu Liân-ha̍p Pān-kong-sek" />
    <tag k="name:nan-Latn-tailo" v="Lôo-tik-khu Liân-ha̍p Pān-kong-sik" />
    <tag k="name:zh" v="蘆竹區聯合辦公大樓" />
    <tag k="name:zh-Bopo" v="ㄌㄨˊㄓㄨˊㄑㄩㄌㄧㄢˊㄏㄜˊㄅㄢˋㄍㄨㄥㄉㄚˋㄌㄡˊ" />
    <tag k="name:zh-Hans" v="芦竹区联合办公大楼" />
    <tag k="name:zh-Hant" v="蘆竹區聯合辦公大樓" />
    <tag k="name:zh-Latn-pinyin" v="lúzhúqūliánhébàngōngdàlóu" />
    <tag k="nat_ref" v="TAO2261" />
    <tag k="network" v="桃園市公共自行車租賃系統" />
    <tag k="network:en" v="Taoyuan Public Bike" />
    <tag k="network:wikidata" v="Q17499392" />
    <tag k="network:wikipedia" v="zh:桃園市公共自行車租賃系統" />
    <tag k="network:zh" v="桃園市公共自行車租賃系統" />
    <tag k="opening_hours" v="24/7" />
    <tag k="operator" v="微笑單車股份有限公司" />
    <tag k="operator:en" v="YOUBIKE CO., LTD." />
    <tag k="operator:type" v="government" />
    <tag k="payment:cards" v="yes" />
    <tag k="payment:credit_cards" v="yes" />
    <tag k="payment:ep_easycard" v="yes" />
    <tag k="payment:ep_ipass" v="yes" />
    <tag k="payment:jcb" v="yes" />
    <tag k="payment:mastercard" v="yes" />
    <tag k="payment:visa" v="yes" />
    <tag k="ref" v="2261" />
    <tag k="rental" v="city_bike" />
    <tag k="source" v="PTX" />
    <tag k="source:date" v="2023-12-13T10:54:03+08:00" />
    <tag k="start_date" v="2018-10-22 11:00" />
  </node>
  <node id="6096741641" lat="25.0596655" lon="121.2828143" />
  <node id="6096741642" lat="25.0593800" lon="121.2834285" />
  <node id="6096741643" lat="25.0598028" lon="121.2837960" />
  <node id="6096741644" lat="25.0598538" lon="121.2840293" />
  <node id="6096741645" lat="25.0598332" lon="121.2842546" />
  <node id="6096741646" lat="25.0599826" lon="121.2841836" />
  <node id="6096741647" lat="25.0611756" lon="121.2835371" />
  <node id="6096741648" lat="25.0633720" lon="121.2825219" />
  <node id="6096741649" lat="25.0634121" lon="121.2824361" />
  <node id="6096741650" lat="25.0627974" lon="121.2809153" />
  <node id="6871683773" lat="24.9956025" lon="121.3091040">
    <tag k="name" v="大大免洗餐具行" />
    <tag k="shop" v="kitchen" />
  </node>
  <node id="6871683781" lat="24.9968815" lon="121.3095923" />
  <node id="6871683782" lat="24.9966838" lon="121.3091744" />
  <node id="6871683783" lat="24.9964652" lon="121.3093002" />
  <node id="6871683784" lat="24.9966629" lon="121.3097182" />
  <node id="6871719685" lat="24.9973674" lon="121.3094956">
    <tag k="name" v="新好朋友生活百貨" />
    <tag k="shop" v="variety_store" />
  </node>
  <node id="8118207013" lat="24.9957842" lon="121.3102874">
    <tag k="addr:city" v="桃園市" />
    <tag k="addr:country" v="TW" />
    <tag k="addr:district" v="桃園區" />
    <tag k="addr:full" v="桃園市桃園區中正路233號" />
    <tag k="addr:housenumber" v="233" />
    <tag k="addr:street" v="中正路" />
    <tag k="alt_name" v="統一超商" />
    <tag k="branch" v="桃中門市" />
    <tag k="brand" v="7-Eleven" />
    <tag k="brand:en" v="7-Eleven" />
    <tag k="brand:wikidata" v="Q259340" />
    <tag k="brand:wikipedia" v="en:7-Eleven" />
    <tag k="name" v="7-Eleven" />
    <tag k="opening_hours" v="24/7" />
    <tag k="payment:ep_easycard" v="yes" />
    <tag k="payment:ep_ipass" v="yes" />
    <tag k="shop" v="convenience" />
  </node>
  <node id="8544607695" lat="24.9834156" lon="121.3140088">
    <tag k="amenity" v="place_of_worship" />
    <tag k="name" v="東福宮" />
    <tag k="religion" v="taoist" />
  </node>
  <node id="9404006257" lat="25.0631748" lon="121.2813481">
    <tag k="addr:city" v="桃園市" />
    <tag k="addr:country" v="TW" />
    <tag k="addr:district" v="蘆竹區" />
    <tag k="addr:full" v="桃園市蘆竹區長安路二段220號" />
    <tag k="addr:housenumber" v="220" />
    <tag k="addr:street" v="長安路二段" />
    <tag k="branch" v="千富門市" />
    <tag k="brand" v="7-Eleven" />
    <tag k="brand:en" v="7-Eleven" />
    <tag k="brand:wikidata" v="Q259340" />
    <tag k="brand:wikipedia" v="en:7-Eleven" />
    <tag k="name" v="7-Eleven" />
    <tag k="opening_hours" v="24/7" />
    <tag k="shop" v="convenience" />
  </node>
  <node id="9404006258" lat="25.0629626" lon="121.2809315" />
  <node id="9404006259" lat="25.0634453" lon="121.2807169" />
  <node id="9404006260" lat="25.0639620" lon="121.2806186" />
  <node id="9404006261" lat="25.0640721" lon="121.2805649" />
  <node id="9404006262" lat="25.0642697" lon="121.2803325" />
  <node id="9404006263" lat="25.0645354" lon="121.2802180" />
  <node id="9404006264" lat="25.0646050" lon="121.2802395" />
  <node id="9404006265" lat="25.0646957" lon="121.2804308" />
  <node id="9404006266" lat="25.0648950" lon="121.2803378" />
  <node id="9404006267" lat="25.0653744" lon="121.2802806" />
  <node id="9404006268" lat="25.0656912" lon="121.2803943" />
  <node id="9404006269" lat="25.0650987" lon="121.2812330" />
  <node id="9404006270" lat="25.0649838" lon="121.2813513" />
  <node id="9404006271" lat="25.0647920" lon="121.2814486" />
  <node id="9404006272" lat="25.0643627" lon="121.2815288" />
  <node id="9404006273" lat="25.0642449" lon="121.2817366" />
  <node id="9404006274" lat="25.0641716" lon="121.2817895" />
  <node id="9404006275" lat="25.0640509" lon="121.2817152" />
  <node id="9404006276" lat="25.0639630" lon="121.2815941" />
  <node id="9404006277" lat="25.0639146" lon="121.2816100" />
  <node id="9404006278" lat="25.0637688" lon="121.2815695" />
  <node id="9404006279" lat="25.0638397" lon="121.2812701" />
  <node id="9404006280" lat="25.0638130" lon="121.2812005" />
  <node id="9404006281" lat="25.0635993" lon="121.2812984" />
  <node id="9404006282" lat="25.0636506" lon="121.2814258" />
  <node id="9404006283" lat="25.0635683" lon="121.2815957" />
  <node id="9404006284" lat="25.0631882" lon="121.2815461" />
  <node id="11039338597" lat="24.9829985" lon="121.3121787">
    <tag k="addr:city" v="桃園市" />
    <tag k="addr:country" v="TW" />
    <tag k="addr:district" v="桃園區" />
    <tag k="addr:full" v="桃園市桃園區建新街115號" />
    <tag k="addr:housenumber" v="115" />
    <tag k="addr:street" v="建新街" />
    <tag k="amenity" v="restaurant" />
    <tag k="cuisine" v="breakfast" />
    <tag k="name" v="臺北德芳美" />
  </node>
  <node id="11915053246" lat="24.9955370" lon="121.3104550">
    <tag k="addr:city" v="桃園市" />
    <tag k="addr:country" v="TW" />
    <tag k="addr:district" v="桃園區" />
    <tag k="addr:full" v="桃園市桃園區中正路219號" />
    <tag k="addr:housenumber" v="219" />
    <tag k="addr:street" v="中正路" />
    <tag k="name" v="中崎喜餅蛋糕" />
    <tag k="shop" v="pastry" />
  </node>
  <node id="12040096866" lat="24.9838195" lon="121.3135388" />
  <node id="12040096867" lat="24.9838025" lon="121.3135871" />
  <node id="12040096868" lat="24.9838220" lon="121.3136783" />
  <node id="12040119869" lat="24.9838098" lon="121.3137963" />
  <node id="12040119870" lat="24.9839046" lon="121.3138472" />
  <node id="12040119871" lat="24.9840651" lon="121.3139652" />
  <node id="12040119872" lat="24.9840481" lon="121.3141584" />
  <node id="12040119873" lat="24.9841307" lon="121.3141825" />
  <node id="12040119874" lat="24.9841380" lon="121.3142201" />
  <node id="12040119875" lat="24.9842012" lon="121.3142201" />
  <node id="12040119876" lat="24.9842061" lon="121.3142576" />
  <node id="12040119877" lat="24.9843058" lon="121.3142576" />
  <node id="12040119878" lat="24.9843179" lon="121.3143622" />
  <node id="12040119879" lat="24.9843568" lon="121.3143622" />
  <node id="12040119880" lat="24.9843617" lon="121.3144829" />
  <node id="12040119881" lat="24.9845076" lon="121.3144722" />
  <node id="12040119882" lat="24.9843957" lon="121.3141208" />
  <node id="12040119883" lat="24.9842960" lon="121.3139787" />
  <node id="12040119884" lat="24.9841818" lon="121.3138472" />
  <node id="12040119885" lat="24.9840724" lon="121.3137453" />
  <node id="13370973077" lat="24.9967141" lon="121.3087879" />
  <node id="13370973078" lat="24.9968333" lon="121.3090225" />
  <node id="13370973079" lat="24.9966544" lon="121.3091331" />
  <node id="13370973080" lat="24.9965352" lon="121.3088986" />
  <way id="546763422">
    <nd ref="5283503865" />
    <nd ref="5283503866" />
    <nd ref="5283503867" />
    <nd ref="5283503868" />
    <nd ref="5283503869" />
    <nd ref="5283503870" />
    <nd ref="5283503871" />
    <nd ref="5283503872" />
    <nd ref="5283503865" />
    <tag k="construction" v="railway" />
    <tag k="disused:amenity" v="marketplace" />
    <tag k="disused:name" v="永和市場" />
    <tag k="landuse" v="construction" />
    <tag k="name" v="桃捷綠線景福宮站站體工地" />
  </way>
  <way id="649711885">
    <nd ref="6096741650" />
    <nd ref="6096741649" />
    <nd ref="6096741648" />
    <nd ref="6096741647" />
    <nd ref="6096741646" />
    <nd ref="6096741645" />
    <nd ref="6096741644" />
    <nd ref="6096741643" />
    <nd ref="6096741642" />
    <nd ref="6096741641" />
    <nd ref="1939467283" />
    <nd ref="1939467318" />
    <nd ref="1939467346" />
    <nd ref="1939467360" />
    <nd ref="1939467409" />
    <nd ref="6096741650" />
    <tag k="landuse" v="industrial" />
  </way>
  <way id="733686385">
    <nd ref="6871683781" />
    <nd ref="6871683784" />
    <nd ref="6871683783" />
    <nd ref="6871683782" />
    <nd ref="6871683781" />
    <tag k="alt_name" v="虹庭將相琚" />
    <tag k="landuse" v="residential" />
    <tag k="name" v="中正虹庭" />
    <tag k="residential" v="apartments" />
  </way>
  <way id="1019616164">
    <nd ref="9404006258" />
    <nd ref="9404006259" />
    <nd ref="9404006260" />
    <nd ref="9404006261" />
    <nd ref="9404006262" />
    <nd ref="9404006263" />
    <nd ref="9404006264" />
    <nd ref="9404006265" />
    <nd ref="9404006266" />
    <nd ref="9404006267" />
    <nd ref="9404006268" />
    <nd ref="9404006269" />
    <nd ref="9404006270" />
    <nd ref="9404006271" />
    <nd ref="9404006272" />
    <nd ref="9404006273" />
    <nd ref="9404006274" />
    <nd ref="9404006275" />
    <nd ref="9404006276" />
    <nd ref="9404006277" />
    <nd ref="9404006278" />
    <nd ref="9404006279" />
    <nd ref="9404006280" />
    <nd ref="9404006281" />
    <nd ref="9404006282" />
    <nd ref="9404006283" />
    <nd ref="9404006284" />
    <nd ref="9404006258" />
    <tag k="landuse" v="industrial" />
    <tag k="name" v="中謹MIT工業園區" />
  </way>
  <way id="1299816112">
    <nd ref="12040096866" />
    <nd ref="12040096867" />
    <nd ref="12040096868" />
    <nd ref="12040119869" />
    <nd ref="12040119870" />
    <nd ref="12040119871" />
    <nd ref="12040119872" />
    <nd ref="12040119873" />
    <nd ref="12040119874" />
    <nd ref="12040119875" />
    <nd ref="12040119876" />
    <nd ref="12040119877" />
    <nd ref="12040119878" />
    <nd ref="12040119879" />
    <nd ref="12040119880" />
    <nd ref="12040119881" />
    <nd ref="12040119882" />
    <nd ref="12040119883" />
    <nd ref="12040119884" />
    <nd ref="12040119885" />
    <nd ref="12040096866" />
    <tag k="landuse" v="residential" />
    <tag k="name" v="明築輝皇" />
  </way>
  <way id="1457949340">
    <nd ref="13370973077" />
    <nd ref="13370973078" />
    <nd ref="13370973079" />
    <nd ref="13370973080" />
    <nd ref="13370973077" />
    <tag k="construction" v="residential" />
    <tag k="landuse" v="construction" />
    <tag k="name" v="合眾MRT" />
  </way>

<note>The data included in this document is from www.openstreetmap.org. The data is made available under ODbL.</note>
<meta osm_base="2026-05-06T03:25:00Z" />

  <node id="1713676543" lat="24.9641510" lon="121.2955408" />
  <node id="3444567826" lat="25.0078054" lon="121.2071209" />
  <node id="3444567827" lat="25.0075635" lon="121.2068805" />
  <node id="3444567828" lat="25.0074300" lon="121.2070440" />
  <node id="3444567829" lat="25.0076720" lon="121.2072844" />
  <node id="3444567830" lat="25.0083585" lon="121.2076553" />
  <node id="3444567831" lat="25.0079538" lon="121.2072445" />
  <node id="3444567832" lat="25.0078098" lon="121.2074210" />
  <node id="3444567833" lat="25.0082130" lon="121.2078287" />
  <node id="3444567881" lat="25.0098538" lon="121.2076637" />
  <node id="3444567882" lat="25.0096920" lon="121.2074948" />
  <node id="3444567883" lat="25.0094795" lon="121.2077491" />
  <node id="3444567884" lat="25.0096432" lon="121.2079081" />
  <node id="3444567885" lat="25.0101746" lon="121.2079139" />
  <node id="3444567886" lat="25.0100178" lon="121.2077588" />
  <node id="3444567887" lat="25.0099203" lon="121.2078785" />
  <node id="3444567888" lat="25.0100811" lon="121.2080326" />
  <node id="3444568205" lat="25.0092509" lon="121.2057040" />
  <node id="3444568206" lat="25.0090360" lon="121.2059634" />
  <node id="3444568207" lat="25.0093007" lon="121.2062229" />
  <node id="3444568208" lat="25.0095101" lon="121.2059718" />
  <node id="3444568211" lat="25.0093768" lon="121.2058350" />
  <node id="3444568212" lat="25.0097419" lon="121.2062051" />
  <node id="3444568213" lat="25.0087345" lon="121.2074327" />
  <node id="3444568214" lat="25.0086272" lon="121.2073250" />
  <node id="3444568216" lat="25.0084600" lon="121.2077589" />
  <node id="3459913361" lat="24.9641130" lon="121.2946115" />
  <node id="3459913362" lat="24.9638552" lon="121.2954269" />
  <node id="3459913363" lat="24.9642385" lon="121.2953236" />
  <node id="3459913364" lat="24.9643613" lon="121.2953517" />
  <node id="3460837938" lat="24.9643181" lon="121.2946101" />
  <node id="4940404913" lat="24.9648444" lon="121.2946336" />
  <node id="4940404914" lat="24.9648276" lon="121.2954716" />
  <node id="4940404915" lat="24.9653136" lon="121.2954962" />
  <node id="4940404916" lat="24.9653415" lon="121.2946274" />
  <node id="4942438584" lat="24.9648275" lon="121.2956143" />
  <node id="4942438585" lat="24.9647043" lon="121.2965976" />
  <node id="4942438586" lat="24.9652720" lon="121.2966429" />
  <node id="4942438587" lat="24.9653300" lon="121.2956409" />
  <node id="4942438588" lat="24.9648214" lon="121.2959474" />
  <node id="4942438609" lat="24.9647026" lon="121.2959392" />
  <node id="4942438610" lat="24.9645786" lon="121.2965990" />
  <node id="4942438611" lat="24.9643281" lon="121.2965561" />
  <node id="4942438612" lat="24.9644497" lon="121.2959124" />
  <node id="4942438613" lat="24.9647318" lon="121.2946196" />
  <node id="4942438614" lat="24.9644572" lon="121.2946226" />
  <node id="4947134354" lat="24.9644950" lon="121.2976477" />
  <node id="4947134355" lat="24.9644467" lon="121.2993691" />
  <node id="4947134356" lat="24.9643296" lon="121.3002563" />
  <node id="4947134357" lat="24.9646881" lon="121.3003031" />
  <node id="4947134358" lat="24.9647226" lon="121.3000469" />
  <node id="4947134359" lat="24.9650339" lon="121.2998085" />
  <node id="4947134360" lat="24.9658953" lon="121.2994784" />
  <node id="4947134361" lat="24.9657126" lon="121.2984491" />
  <node id="4947134362" lat="24.9656025" lon="121.2984211" />
  <node id="4947134363" lat="24.9656122" lon="121.2978867" />
  <node id="4947134364" lat="24.9651398" lon="121.2978668" />
  <node id="4947134365" lat="24.9645761" lon="121.2975957" />
  <node id="4997659562" lat="24.9633777" lon="121.2968299" />
  <node id="4997659563" lat="24.9631111" lon="121.2976491" />
  <node id="4997659564" lat="24.9632217" lon="121.2976970" />
  <node id="4997659565" lat="24.9630479" lon="121.2982547" />
  <node id="4997659566" lat="24.9631150" lon="121.2982852" />
  <node id="4997659567" lat="24.9631210" lon="121.2983724" />
  <node id="4997659568" lat="24.9637481" lon="121.2985392" />
  <node id="4997659569" lat="24.9639248" lon="121.2980194" />
  <node id="4997659570" lat="24.9642487" lon="121.2981131" />
  <node id="4997659571" lat="24.9642902" lon="121.2976077" />
  <node id="4997659572" lat="24.9643021" lon="121.2974508" />
  <node id="5151231429" lat="24.9657380" lon="121.2956827" />
  <node id="5151231430" lat="24.9656955" lon="121.2966672" />
  <node id="5151231456" lat="24.9636287" lon="121.2964152">
    <tag k="name" v="由申百貨" />
    <tag k="shop" v="doityourself" />
  </node>
  <node id="5151231457" lat="24.9641430" lon="121.2974154">
    <tag k="addr:city" v="桃園市" />
    <tag k="addr:country" v="TW" />
    <tag k="addr:district" v="八德區" />
    <tag k="addr:full" v="桃園市八德區大智里19鄰公園路40號" />
    <tag k="addr:hamlet" v="大智里" />
    <tag k="addr:housenumber" v="40" />
    <tag k="addr:neighbourhood" v="19" />
    <tag k="addr:street" v="公園路" />
    <tag k="amenity" v="restaurant" />
    <tag k="name" v="龜梨麵花ˇ" />
  </node>
  <node id="5251720725" lat="24.9664680" lon="121.2968866" />
  <node id="5251720726" lat="24.9664474" lon="121.2977104" />
  <node id="5251720727" lat="24.9664051" lon="121.2977478" />
  <node id="5251720728" lat="24.9657274" lon="121.2977371" />
  <node id="5251720729" lat="24.9657711" lon="121.2968554" />
  <node id="5251720730" lat="24.9656758" lon="121.2969043" />
  <node id="5251720731" lat="24.9656295" lon="121.2977152" />
  <node id="5251720732" lat="24.9652594" lon="121.2976953" />
  <node id="5251720733" lat="24.9649921" lon="121.2976216" />
  <node id="5251720734" lat="24.9646708" lon="121.2974628" />
  <node id="5251720735" lat="24.9645680" lon="121.2973976" />
  <node id="5251720736" lat="24.9645577" lon="121.2973523" />
  <node id="5251720737" lat="24.9646811" lon="121.2967767" />
  <node id="6172831780" lat="24.9648733" lon="121.2965324">
    <tag k="amenity" v="cafe" />
    <tag k="brand" v="路易莎咖啡" />
    <tag k="brand:en" v="Louisa Coffee" />
    <tag k="brand:wikidata" v="Q96390921" />
    <tag k="brand:wikipedia" v="zh:路易莎咖啡" />
    <tag k="brand:zh" v="路易莎咖啡" />
    <tag k="cuisine" v="coffee_shop" />
    <tag k="name" v="路易莎咖啡" />
    <tag k="name:en" v="Louisa Coffee" />
    <tag k="name:zh" v="路易莎咖啡" />
    <tag k="takeaway" v="yes" />
  </node>
  <node id="6417935971" lat="24.9648020" lon="121.2954710">
    <tag k="PTX:date" v="2019-04-19T06:47:39+08:00" />
    <tag k="alt_name" v="YouBike1.0_桃智路廣豐三街口" />
    <tag k="alt_name:en" v="YouBike1.0_Taozhi Rd. &amp; Guangfeng 3rd St. Intersection" />
    <tag k="alt_name:zh" v="YouBike1.0_桃智路廣豐三街口" />
    <tag k="alt_name:zh-Bopo" v="YouBike1.0_ㄊㄠˊㄓˋㄌㄨˋㄍㄨㄤˇㄈㄥㄙㄢㄐㄧㄝㄎㄡˇ" />
    <tag k="alt_name:zh-Hans" v="YouBike1.0_桃智路广丰三街口" />
    <tag k="alt_name:zh-Hant" v="YouBike1.0_桃智路廣豐三街口" />
    <tag k="alt_name:zh-Latn-pinyin" v="YouBike1.0_táozhìlùguǎngfēngsānjiēkǒu" />
    <tag k="amenity" v="bicycle_rental" />
    <tag k="authentication:contactless" v="yes" />
    <tag k="authentication:membership_card" v="yes" />
    <tag k="bicycle_rental" v="docking_station" />
    <tag k="brand" v="YouBike" />
    <tag k="brand:en" v="YouBike" />
    <tag k="brand:wikidata" v="Q20687952" />
    <tag k="brand:wikipedia" v="en:YouBike" />
    <tag k="brand:zh" v="微笑單車" />
    <tag k="capacity" v="32" />
    <tag k="description" v="桃智路31號前外側人行道及路側" />
    <tag k="description:en" v="No.31, Taozhi Rd." />
    <tag k="description:zh" v="桃智路31號前外側人行道及路側" />
    <tag k="description:zh-Hans" v="桃智路31号前外侧人行道及路侧" />
    <tag k="description:zh-Hant" v="桃智路31號前外側人行道及路側" />
    <tag k="fee" v="yes" />
    <tag k="name" v="桃智路廣豐三街口" />
    <tag k="name:en" v="Taozhi Rd. &amp; Guangfeng 3rd St. Intersection" />
    <tag k="name:nan" v="Thô-tì-lō͘ Kóng-hong-saⁿ-ke-kháu" />
    <tag k="name:nan-Hant" v="桃智路廣豐三街口" />
    <tag k="name:nan-Latn-pehoeji" v="Thô-tì-lō͘ Kóng-hong-saⁿ-ke-kháu" />
    <tag k="name:nan-Latn-tailo" v="Thô-tì-lōo Kóng-hong-sann-ke-kháu" />
    <tag k="name:zh" v="桃智路廣豐三街口" />
    <tag k="name:zh-Bopo" v="ㄊㄠˊㄓˋㄌㄨˋㄍㄨㄤˇㄈㄥㄙㄢㄐㄧㄝㄎㄡˇ" />
    <tag k="name:zh-Hans" v="桃智路广丰三街口" />
    <tag k="name:zh-Hant" v="桃智路廣豐三街口" />
    <tag k="name:zh-Latn-pinyin" v="táozhìlùguǎngfēngsānjiēkǒu" />
    <tag k="nat_ref" v="TAO2300" />
    <tag k="network" v="桃園市公共自行車租賃系統" />
    <tag k="network:en" v="Taoyuan Public Bike" />
    <tag k="network:wikidata" v="Q17499392" />
    <tag k="network:wikipedia" v="zh:桃園市公共自行車租賃系統" />
    <tag k="network:zh" v="桃園市公共自行車租賃系統" />
    <tag k="opening_hours" v="24/7" />
    <tag k="operator" v="微笑單車股份有限公司" />
    <tag k="operator:en" v="YOUBIKE CO., LTD." />
    <tag k="operator:type" v="government" />
    <tag k="payment:cards" v="yes" />
    <tag k="payment:credit_cards" v="yes" />
    <tag k="payment:ep_easycard" v="yes" />
    <tag k="payment:ep_ipass" v="yes" />
    <tag k="payment:jcb" v="yes" />
    <tag k="payment:mastercard" v="yes" />
    <tag k="payment:visa" v="yes" />
    <tag k="ref" v="2300" />
    <tag k="rental" v="city_bike" />
    <tag k="source" v="PTX" />
    <tag k="source:date" v="2023-12-13T10:54:03+08:00" />
    <tag k="start_date" v="2019-04-12 10:00" />
  </node>
  <node id="6483693725" lat="24.9658581" lon="121.2995331" />
  <node id="6483693726" lat="24.9648565" lon="121.2998693" />
  <node id="7067212826" lat="25.0103622" lon="121.2067618" />
  <node id="8280285833" lat="24.9642781" lon="121.2975227">
    <tag k="amenity" v="restaurant" />
    <tag k="name" v="麵屋一虎" />
  </node>
  <node id="9352656166" lat="25.0073228" lon="121.2071593" />
  <node id="9360048242" lat="24.9642098" lon="121.2954800" />
  <node id="9360048243" lat="24.9642126" lon="121.2957686" />
  <node id="9360048244" lat="24.9643904" lon="121.2957665" />
  <node id="9360048245" lat="24.9643876" lon="121.2954780" />
  <node id="9404141653" lat="24.9648714" lon="121.2964099">
    <tag k="amenity" v="clinic" />
    <tag k="healthcare" v="clinic" />
    <tag k="name" v="家悅復健科診所" />
    <tag k="old_name" v="以馬內利復健科診所" />
  </node>
  <node id="9404141654" lat="24.9652473" lon="121.2957159">
    <tag k="amenity" v="clinic" />
    <tag k="healthcare" v="clinic" />
    <tag k="name" v="樂芙兒童牙醫診所" />
  </node>
  <node id="9404141655" lat="24.9648895" lon="121.2952230">
    <tag k="name" v="薰依草連鎖洗衣便利店" />
    <tag k="shop" v="laundry" />
  </node>
  <node id="9404141656" lat="24.9648974" lon="121.2950925">
    <tag k="amenity" v="clinic" />
    <tag k="healthcare" v="clinic" />
    <tag k="healthcare:speciality" v="traditional_chinese_medicine" />
    <tag k="name" v="好合中醫診所" />
  </node>
  <node id="9404141657" lat="24.9645835" lon="121.2954125">
    <tag k="amenity" v="dentist" />
    <tag k="healthcare" v="dentist" />
    <tag k="name" v="樂沛牙醫診所" />
  </node>
  <node id="9404141658" lat="24.9645947" lon="121.2949316">
    <tag k="amenity" v="clinic" />
    <tag k="healthcare" v="clinic" />
    <tag k="name" v="家恩診所" />
  </node>
  <node id="10109029517" lat="25.0098080" lon="121.2073571" />
  <node id="10109029518" lat="25.0095418" lon="121.2070868" />
  <node id="10109029520" lat="25.0099176" lon="121.2072257" />
  <node id="10109029521" lat="25.0097410" lon="121.2078885">
    <tag k="addr:city" v="桃園市" />
    <tag k="addr:country" v="TW" />
    <tag k="addr:district" v="中壢區" />
    <tag k="addr:full" v="桃園市中壢區洽溪路301號" />
    <tag k="addr:housenumber" v="301" />
    <tag k="addr:street" v="洽溪路" />
    <tag k="amenity" v="restaurant" />
    <tag k="name" v="贊記燒臘" />
  </node>
  <node id="11039281883" lat="24.9638612" lon="121.2955532">
    <tag k="addr:city" v="桃園市" />
    <tag k="addr:country" v="TW" />
    <tag k="addr:district" v="桃園區" />
    <tag k="addr:full" v="桃園市桃園區永福西街96號" />
    <tag k="addr:housenumber" v="96" />
    <tag k="addr:street" v="永福西街" />
    <tag k="amenity" v="restaurant" />
    <tag k="name" v="向陽冬瓜肉飯" />
  </node>
  <node id="11039281884" lat="24.9639833" lon="121.2952441">
    <tag k="addr:city" v="桃園市" />
    <tag k="addr:country" v="TW" />
    <tag k="addr:district" v="桃園區" />
    <tag k="addr:full" v="桃園市桃園區永福西街106號" />
    <tag k="addr:housenumber" v="106" />
    <tag k="addr:street" v="永福西街" />
    <tag k="amenity" v="fast_food" />
    <tag k="brand" v="弘爺漢堡" />
    <tag k="brand:en" v="Hong Ya Hambuger" />
    <tag k="brand:wikidata" v="Q105377817" />
    <tag k="brand:zh" v="弘爺漢堡" />
    <tag k="cuisine" v="american;breakfast" />
    <tag k="name" v="弘爺漢堡" />
    <tag k="name:en" v="Hong Ya Hambuger" />
    <tag k="name:zh" v="弘爺漢堡" />
    <tag k="operator" v="弘爺國際企業股份有限公司" />
    <tag k="takeaway" v="yes" />
  </node>
  <node id="11039281887" lat="24.9637292" lon="121.2953003">
    <tag k="amenity" v="restaurant" />
    <tag k="name" v="一品原味燉湯屋" />
  </node>
  <node id="11039281888" lat="24.9637030" lon="121.2953876">
    <tag k="addr:city" v="桃園市" />
    <tag k="addr:country" v="TW" />
    <tag k="addr:district" v="桃園區" />
    <tag k="addr:full" v="桃園市桃園區永福西街103號" />
    <tag k="addr:housenumber" v="103" />
    <tag k="addr:street" v="永福西街" />
    <tag k="amenity" v="restaurant" />
    <tag k="cuisine" v="steak_house" />
    <tag k="name" v="波士迪克牛排館" />
  </node>
  <node id="11039281889" lat="24.9636205" lon="121.2955911">
    <tag k="amenity" v="restaurant" />
    <tag k="name" v="羊肉小吃" />
  </node>
  <node id="11206991565" lat="25.0105467" lon="121.2076790" />
  <node id="11206991566" lat="25.0102751" lon="121.2080133" />
  <node id="11206991567" lat="25.0099874" lon="121.2077287" />
  <node id="11206991568" lat="25.0103035" lon="121.2074316" />
  <node id="11206991569" lat="25.0101031" lon="121.2076621" />
  <node id="11206991570" lat="25.0100656" lon="121.2076325" />
  <node id="11206991577" lat="25.0100440" lon="121.2083071" />
  <node id="11206991578" lat="25.0097812" lon="121.2080552" />
  <node id="11206991580" lat="25.0091347" lon="121.2074078" />
  <node id="11206991581" lat="25.0094599" lon="121.2070075" />
  <node id="11207123551" lat="25.0104484" lon="121.2068559" />
  <node id="11207123552" lat="25.0101904" lon="121.2071617" />
  <node id="11207123553" lat="25.0096155" lon="121.2065573" />
  <node id="11207123554" lat="25.0098914" lon="121.2062485" />
  <node id="11208001577" lat="25.0097447" lon="121.2080128" />
  <node id="11208001578" lat="25.0099692" lon="121.2075291" />
  <node id="11208001581" lat="25.0099520" lon="121.2075062" />
  <node id="11208001582" lat="25.0101476" lon="121.2072717" />
  <node id="11208001583" lat="25.0100012" lon="121.2071257" />
  <node id="11208001585" lat="25.0093484" lon="121.2068972" />
  <node id="11208001586" lat="25.0090233" lon="121.2072976" />
  <node id="11208049161" lat="25.0087803" lon="121.2070575" />
  <node id="11208049162" lat="25.0090831" lon="121.2067002" />
  <node id="11208049163" lat="25.0087831" lon="121.2063947" />
  <node id="11208049164" lat="25.0084842" lon="121.2067568" />
  <node id="11208049165" lat="25.0092133" lon="121.2068375" />
  <node id="11208049166" lat="25.0089148" lon="121.2071940" />
  <node id="11208049167" lat="25.0094443" lon="121.2065637" />
  <node id="11208049168" lat="25.0086509" lon="121.2062403" />
  <node id="11208049169" lat="25.0088753" lon="121.2059731" />
  <node id="11208049170" lat="25.0083480" lon="121.2066172" />
  <node id="11208049171" lat="25.0085029" lon="121.2060858" />
  <node id="11208049172" lat="25.0081891" lon="121.2064497" />
  <node id="11208049173" lat="25.0086355" lon="121.2057280" />
  <node id="11208049174" lat="25.0084137" lon="121.2059921" />
  <node id="11208049181" lat="25.0079687" lon="121.2062159" />
  <node id="11208049182" lat="25.0082729" lon="121.2058546" />
  <node id="11208049187" lat="25.0083144" lon="121.2079323" />
  <node id="11208049192" lat="25.0077061" lon="121.2075217" />
  <node id="11208049193" lat="25.0072988" lon="121.2080466" />
  <node id="11208049194" lat="25.0069153" lon="121.2076842" />
  <node id="11208503458" lat="25.0095254" lon="121.2064586" />
  <node id="11708001047" lat="24.9817793" lon="121.2167304" />
  <node id="11708001048" lat="24.9813861" lon="121.2158910" />
  <node id="11708001049" lat="24.9823407" lon="121.2153526" />
  <node id="11708001050" lat="24.9826097" lon="121.2158922" />
  <node id="11708001051" lat="24.9821371" lon="121.2161433" />
  <node id="11708001052" lat="24.9823117" lon="121.2165411" />
  <node id="12000941551" lat="24.9642619" lon="121.2975252">
    <tag k="addr:city" v="桃園市" />
    <tag k="addr:country" v="TW" />
    <tag k="addr:district" v="八德區" />
    <tag k="addr:floor" v="4" />
    <tag k="addr:full" v="桃園市八德區大智路99號四樓" />
    <tag k="addr:housenumber" v="99" />
    <tag k="addr:street" v="大智路" />
    <tag k="amenity" v="social_facility" />
    <tag k="name" v="宜興居家長照" />
    <tag k="social_facility" v="nursing_home" />
    <tag k="social_facility:for" v="senior" />
  </node>
  <node id="12000941552" lat="24.9641102" lon="121.2973898">
    <tag k="addr:city" v="桃園市" />
    <tag k="addr:country" v="TW" />
    <tag k="addr:district" v="八德區" />
    <tag k="addr:full" v="桃園市八德區大智里19鄰公園路38號" />
    <tag k="addr:hamlet" v="大智里" />
    <tag k="addr:housenumber" v="38" />
    <tag k="addr:neighbourhood" v="19" />
    <tag k="addr:street" v="公園路" />
    <tag k="name" v="吉泰鎖印行" />
    <tag k="shop" v="locksmith" />
  </node>
  <node id="12000941553" lat="24.9639218" lon="121.2972764">
    <tag k="addr:city" v="桃園市" />
    <tag k="addr:country" v="TW" />
    <tag k="addr:district" v="八德區" />
    <tag k="addr:full" v="桃園市八德區大智里19鄰公園路28號" />
    <tag k="addr:hamlet" v="大智里" />
    <tag k="addr:housenumber" v="28" />
    <tag k="addr:neighbourhood" v="19" />
    <tag k="addr:street" v="公園路" />
    <tag k="name" v="格里斯烘焙坊" />
    <tag k="shop" v="bakery" />
  </node>
  <node id="12000941554" lat="24.9638920" lon="121.2972681">
    <tag k="addr:city" v="桃園市" />
    <tag k="addr:country" v="TW" />
    <tag k="addr:district" v="八德區" />
    <tag k="addr:full" v="桃園市八德區大智里19鄰公園路26號" />
    <tag k="addr:hamlet" v="大智里" />
    <tag k="addr:housenumber" v="26" />
    <tag k="addr:neighbourhood" v="19" />
    <tag k="addr:street" v="公園路" />
    <tag k="name" v="億昇機車行" />
    <tag k="shop" v="motorcycle" />
  </node>
  <node id="12000941555" lat="24.9638160" lon="121.2972111">
    <tag k="addr:city" v="桃園市" />
    <tag k="addr:country" v="TW" />
    <tag k="addr:district" v="八德區" />
    <tag k="addr:full" v="桃園市八德區大智里19鄰公園路22號" />
    <tag k="addr:hamlet" v="大智里" />
    <tag k="addr:housenumber" v="22" />
    <tag k="addr:neighbourhood" v="19" />
    <tag k="addr:street" v="公園路" />
    <tag k="disused:brand" v="台灣彩券" />
    <tag k="disused:brand:en" v="Taiwan Lottery" />
    <tag k="disused:brand:wikidata" v="Q10915473" />
    <tag k="disused:brand:zh-Hans" v="台湾彩券" />
    <tag k="disused:brand:zh-Hant" v="台灣彩券" />
    <tag k="disused:name" v="台灣彩券" />
    <tag k="disused:name:en" v="Taiwan Lottery" />
    <tag k="disused:name:zh-Hans" v="台湾彩券" />
    <tag k="disused:name:zh-Hant" v="台灣彩券" />
    <tag k="disused:shop" v="lottery" />
    <tag k="name" v="洗臉熊" />
    <tag k="shop" v="gift" />
  </node>
  <node id="12000941556" lat="24.9637819" lon="121.2971868">
    <tag k="addr:city" v="桃園市" />
    <tag k="addr:country" v="TW" />
    <tag k="addr:district" v="八德區" />
    <tag k="addr:full" v="桃園市八德區大智里19鄰公園路20號" />
    <tag k="addr:hamlet" v="大智里" />
    <tag k="addr:housenumber" v="20" />
    <tag k="addr:neighbourhood" v="19" />
    <tag k="addr:street" v="公園路" />
    <tag k="amenity" v="ice_cream" />
    <tag k="name" v="神木爺爺手作雪花冰" />
  </node>
  <node id="12000941557" lat="24.9636749" lon="121.2971140">
    <tag k="addr:city" v="桃園市" />
    <tag k="addr:country" v="TW" />
    <tag k="addr:district" v="八德區" />
    <tag k="addr:full" v="桃園市八德區大智里19鄰公園路14號" />
    <tag k="addr:hamlet" v="大智里" />
    <tag k="addr:housenumber" v="14" />
    <tag k="addr:neighbourhood" v="19" />
    <tag k="addr:street" v="公園路" />
    <tag k="amenity" v="fast_food" />
    <tag k="name" v="早到甜早午餐" />
  </node>
  <node id="12000941558" lat="24.9635314" lon="121.2970168">
    <tag k="addr:city" v="桃園市" />
    <tag k="addr:country" v="TW" />
    <tag k="addr:district" v="八德區" />
    <tag k="addr:full" v="桃園市八德區大智里19鄰公園路6號" />
    <tag k="addr:hamlet" v="大智里" />
    <tag k="addr:housenumber" v="6" />
    <tag k="addr:neighbourhood" v="19" />
    <tag k="addr:street" v="公園路" />
    <tag k="amenity" v="restaurant" />
    <tag k="name" v="挑嘴貓漢堡" />
  </node>
  <node id="12000941559" lat="24.9634931" lon="121.2969936">
    <tag k="addr:city" v="桃園市" />
    <tag k="addr:country" v="TW" />
    <tag k="addr:district" v="八德區" />
    <tag k="addr:full" v="桃園市八德區大智里19鄰公園路2號" />
    <tag k="addr:hamlet" v="大智里" />
    <tag k="addr:housenumber" v="2" />
    <tag k="addr:neighbourhood" v="19" />
    <tag k="addr:street" v="公園路" />
    <tag k="name" v="振展機車行" />
    <tag k="shop" v="motorcycle" />
  </node>
  <node id="12040096841" lat="24.9640004" lon="121.2973182">
    <tag k="amenity" v="fast_food" />
    <tag k="name" v="幸福早餐屋" />
  </node>
  <node id="12040096842" lat="24.9639643" lon="121.2972978">
    <tag k="amenity" v="veterinary" />
    <tag k="name" v="立仁動物醫院" />
  </node>
  <node id="12289770310" lat="24.9645676" lon="121.2957277">
    <tag k="addr:city" v="桃園市" />
    <tag k="addr:country" v="TW" />
    <tag k="addr:district" v="桃園區" />
    <tag k="addr:full" v="桃園市桃園區大智路123號" />
    <tag k="addr:housenumber" v="123" />
    <tag k="addr:street" v="大智路" />
    <tag k="amenity" v="clinic" />
    <tag k="healthcare" v="clinic" />
    <tag k="healthcare:speciality" v="ophthalmology" />
    <tag k="name" v="光與自然博士眼科診所" />
  </node>
  <node id="12348145532" lat="24.9650626" lon="121.2957129">
    <tag k="addr:city" v="桃園市" />
    <tag k="addr:country" v="TW" />
    <tag k="addr:district" v="八德區" />
    <tag k="addr:full" v="桃園市八德區大智里27鄰廣豐三街2號" />
    <tag k="addr:hamlet" v="大智里" />
    <tag k="addr:housenumber" v="2" />
    <tag k="addr:neighbourhood" v="27" />
    <tag k="addr:street" v="廣豐三街" />
    <tag k="amenity" v="dentist" />
    <tag k="healthcare" v="dentist" />
    <tag k="name" v="樂的牙醫" />
  </node>
  <node id="12348145533" lat="24.9646038" lon="121.2949730">
    <tag k="addr:city" v="桃園市" />
    <tag k="addr:country" v="TW" />
    <tag k="addr:district" v="桃園區" />
    <tag k="addr:full" v="桃園市桃園區中德里23鄰桃智路14號" />
    <tag k="addr:hamlet" v="中德里" />
    <tag k="addr:housenumber" v="14" />
    <tag k="addr:neighbourhood" v="23" />
    <tag k="addr:street" v="桃智路" />
    <tag k="amenity" v="clinic" />
    <tag k="healthcare" v="clinic" />
    <tag k="name" v="佳醫診所" />
  </node>
  <node id="12849793574" lat="24.9816033" lon="121.2141828" />
  <node id="12849802604" lat="24.9819627" lon="121.2144566" />
  <node id="12849802605" lat="24.9817881" lon="121.2140774" />
  <node id="12849802695" lat="24.9819913" lon="121.2150064" />
  <node id="12849802728" lat="24.9825510" lon="121.2146733" />
  <node id="12849802731" lat="24.9823423" lon="121.2142386" />
  <node id="12923696973" lat="24.9651360" lon="121.2957167">
    <tag k="addr:city" v="桃園市" />
    <tag k="addr:country" v="TW" />
    <tag k="addr:district" v="八德區" />
    <tag k="addr:full" v="桃園市八德區大智里27鄰廣豐三街6號" />
    <tag k="addr:hamlet" v="大智里" />
    <tag k="addr:housenumber" v="6" />
    <tag k="addr:neighbourhood" v="27" />
    <tag k="addr:street" v="廣豐三街" />
    <tag k="name" v="極度自然髮作坊" />
    <tag k="shop" v="hairdresser" />
  </node>
  <node id="12923696974" lat="24.9643628" lon="121.2948025" />
  <node id="12952093648" lat="24.9644377" lon="121.2964789">
    <tag k="addr:city" v="桃園市" />
    <tag k="addr:country" v="TW" />
    <tag k="addr:district" v="八德區" />
    <tag k="addr:full" v="桃園市八德區大智里28鄰大智路105號九樓" />
    <tag k="addr:hamlet" v="大智里" />
    <tag k="addr:housenumber" v="105" />
    <tag k="addr:neighbourhood" v="28" />
    <tag k="addr:street" v="大智路" />
    <tag k="amenity" v="restaurant" />
    <tag k="branch" v="八德廣豐店" />
    <tag k="brand" v="麥味登" />
    <tag k="brand:en" v="My Warn Day" />
    <tag k="brand:wikidata" v="Q108830023" />
    <tag k="brand:zh" v="麥味登" />
    <tag k="cuisine" v="american;breakfast" />
    <tag k="name" v="麥味登" />
    <tag k="name:en" v="My Warn Day Care &amp; Brunch" />
    <tag k="name:zh" v="麥味登" />
  </node>
  <node id="13406997255" lat="24.9638750" lon="121.2955137">
    <tag k="addr:city" v="桃園市" />
    <tag k="addr:country" v="TW" />
    <tag k="addr:district" v="桃園區" />
    <tag k="addr:full" v="桃園市桃園區中德里23鄰永福西街98號" />
    <tag k="addr:hamlet" v="中德里" />
    <tag k="addr:housenumber" v="98" />
    <tag k="addr:neighbourhood" v="23" />
    <tag k="addr:street" v="永福西街" />
    <tag k="amenity" v="restaurant" />
    <tag k="name" v="劉記港式燒臘" />
  </node>
  <node id="13406997260" lat="24.9640241" lon="121.2950377">
    <tag k="addr:city" v="桃園市" />
    <tag k="addr:country" v="TW" />
    <tag k="addr:district" v="桃園區" />
    <tag k="addr:full" v="桃園市桃園區中德里23鄰永福西街110號" />
    <tag k="addr:hamlet" v="中德里" />
    <tag k="addr:housenumber" v="110" />
    <tag k="addr:neighbourhood" v="23" />
    <tag k="addr:street" v="永福西街" />
    <tag k="branch" v="桃園永福西-智取店" />
    <tag k="brand" v="蝦皮店到店" />
    <tag k="brand:en" v="Shopee Xpress" />
    <tag k="brand:wikidata" v="Q109676747" />
    <tag k="brand:zh" v="蝦皮店到店" />
    <tag k="name" v="蝦皮店到店" />
    <tag k="name:en" v="Shopee Xpress" />
    <tag k="name:zh" v="蝦皮店到店" />
    <tag k="shop" v="convenience" />
  </node>
  <node id="13406997261" lat="24.9640059" lon="121.2950915">
    <tag k="addr:city" v="桃園市" />
    <tag k="addr:country" v="TW" />
    <tag k="addr:district" v="桃園區" />
    <tag k="addr:full" v="桃園市桃園區中德里23鄰永福西街108號" />
    <tag k="addr:hamlet" v="中德里" />
    <tag k="addr:housenumber" v="108" />
    <tag k="addr:neighbourhood" v="23" />
    <tag k="addr:street" v="永福西街" />
    <tag k="amenity" v="restaurant" />
    <tag k="name" v="萬金麵食館" />
  </node>
  <node id="13408872484" lat="24.9637476" lon="121.2971612">
    <tag k="addr:city" v="桃園市" />
    <tag k="addr:country" v="TW" />
    <tag k="addr:district" v="八德區" />
    <tag k="addr:full" v="桃園市八德區大智里19鄰公園路18號" />
    <tag k="addr:hamlet" v="大智里" />
    <tag k="addr:housenumber" v="18" />
    <tag k="addr:neighbourhood" v="19" />
    <tag k="addr:street" v="公園路" />
    <tag k="branch" v="八德公園店" />
    <tag k="name" v="JIT快速剪髮" />
    <tag k="shop" v="hairdresser" />
  </node>
  <node id="13408872485" lat="24.9638555" lon="121.2972326">
    <tag k="addr:city" v="桃園市" />
    <tag k="addr:country" v="TW" />
    <tag k="addr:district" v="八德區" />
    <tag k="addr:full" v="桃園市八德區大智里19鄰公園路24號" />
    <tag k="addr:hamlet" v="大智里" />
    <tag k="addr:housenumber" v="24" />
    <tag k="addr:neighbourhood" v="19" />
    <tag k="addr:street" v="公園路" />
    <tag k="branch" v="八德新公園店" />
    <tag k="name" v="JIT快速剪髮" />
    <tag k="shop" v="hairdresser" />
  </node>
  <node id="13408872486" lat="24.9640774" lon="121.2973640">
    <tag k="addr:city" v="桃園市" />
    <tag k="addr:country" v="TW" />
    <tag k="addr:district" v="八德區" />
    <tag k="addr:full" v="桃園市八德區大智里19鄰公園路36號" />
    <tag k="addr:hamlet" v="大智里" />
    <tag k="addr:housenumber" v="36" />
    <tag k="addr:neighbourhood" v="19" />
    <tag k="addr:street" v="公園路" />
    <tag k="name" v="菻果鬆餅" />
    <tag k="shop" v="bakery" />
  </node>
  <node id="13408872487" lat="24.9633799" lon="121.2969399">
    <tag k="addr:city" v="桃園市" />
    <tag k="addr:country" v="TW" />
    <tag k="addr:district" v="八德區" />
    <tag k="addr:full" v="桃園市八德區永福西街68-6號" />
    <tag k="addr:housenumber" v="68-6" />
    <tag k="addr:street" v="永福西街" />
    <tag k="amenity" v="restaurant" />
    <tag k="name" v="阿金嫂傳統小吃" />
  </node>
  <node id="13485263976" lat="24.9640381" lon="121.2973410">
    <tag k="addr:city" v="桃園市" />
    <tag k="addr:country" v="TW" />
    <tag k="addr:district" v="八德區" />
    <tag k="addr:full" v="桃園市八德區大智里19鄰公園路34號" />
    <tag k="addr:hamlet" v="大智里" />
    <tag k="addr:housenumber" v="34" />
    <tag k="addr:neighbourhood" v="19" />
    <tag k="addr:street" v="公園路" />
    <tag k="amenity" v="restaurant" />
    <tag k="branch" v="八德大湳店" />
    <tag k="name" v="浜太郎燒餃子" />
  </node>
  <way id="337363205">
    <nd ref="3444567826" />
    <nd ref="3444567827" />
    <nd ref="3444567828" />
    <nd ref="3444567829" />
    <nd ref="3444567826" />
    <tag k="landuse" v="residential" />
  </way>
  <way id="337363206">
    <nd ref="3444567830" />
    <nd ref="3444567831" />
    <nd ref="3444567832" />
    <nd ref="3444567833" />
    <nd ref="3444567830" />
    <tag k="landuse" v="residential" />
  </way>
  <way id="337363219">
    <nd ref="3444567881" />
    <nd ref="3444567882" />
    <nd ref="3444567883" />
    <nd ref="3444567884" />
    <nd ref="3444567881" />
    <tag k="landuse" v="residential" />
  </way>
  <way id="337363225">
    <nd ref="3444568205" />
    <nd ref="3444568206" />
    <nd ref="3444568207" />
    <nd ref="3444568208" />
    <nd ref="3444568211" />
    <nd ref="3444568205" />
    <tag k="landuse" v="residential" />
    <tag k="name" v="布拉格春天" />
    <tag k="residential" v="apartments" />
  </way>
  <way id="337363227">
    <nd ref="3444568213" />
    <nd ref="3444568214" />
    <nd ref="3444567830" />
    <nd ref="3444568216" />
    <nd ref="3444568213" />
    <tag k="landuse" v="residential" />
  </way>
  <way id="338845982">
    <nd ref="3460837938" />
    <nd ref="3459913361" />
    <nd ref="3459913362" />
    <nd ref="1713676543" />
    <nd ref="3459913363" />
    <nd ref="3459913364" />
    <nd ref="12923696974" />
    <nd ref="3460837938" />
    <tag k="addr:city" v="桃園市" />
    <tag k="addr:district" v="桃園區" />
    <tag k="addr:postcode" v="330" />
    <tag k="addr:street" v="永福西街112巷" />
    <tag k="landuse" v="residential" />
    <tag k="name" v="田園北京" />
    <tag k="residential" v="apartments" />
  </way>
  <way id="503776795">
    <nd ref="4940404913" />
    <nd ref="4940404914" />
    <nd ref="4940404915" />
    <nd ref="4940404916" />
    <nd ref="4940404913" />
    <tag k="landuse" v="residential" />
    <tag k="name" v="竹城新城" />
    <tag k="residential" v="apartments" />
  </way>
  <way id="504027775">
    <nd ref="4942438584" />
    <nd ref="4942438588" />
    <nd ref="4942438585" />
    <nd ref="4942438586" />
    <nd ref="4942438587" />
    <nd ref="4942438584" />
    <tag k="landuse" v="residential" />
    <tag k="name" v="竹城六本木" />
    <tag k="residential" v="apartments" />
  </way>
  <way id="504027787">
    <nd ref="4942438609" />
    <nd ref="4942438610" />
    <nd ref="4942438611" />
    <nd ref="4942438612" />
    <nd ref="4942438609" />
    <tag k="landuse" v="residential" />
    <tag k="name" v="竹城六本木之丘" />
    <tag k="residential" v="apartments" />
  </way>
  <way id="504027789">
    <nd ref="4942438613" />
    <nd ref="4942438609" />
    <nd ref="4942438612" />
    <nd ref="4942438614" />
    <nd ref="4942438613" />
    <tag k="landuse" v="residential" />
    <tag k="name" v="桃大泰極" />
    <tag k="residential" v="apartments" />
  </way>
  <way id="504566663">
    <nd ref="4947134354" />
    <nd ref="4947134355" />
    <nd ref="4947134356" />
    <nd ref="4947134357" />
    <nd ref="4947134358" />
    <nd ref="6483693726" />
    <nd ref="4947134359" />
    <nd ref="6483693725" />
    <nd ref="4947134360" />
    <nd ref="4947134361" />
    <nd ref="4947134362" />
    <nd ref="4947134363" />
    <nd ref="4947134364" />
    <nd ref="4947134365" />
    <nd ref="4947134354" />
    <tag k="landuse" v="retail" />
    <tag k="name" v="置地生活廣場" />
    <tag k="name:en" v="Landmark Life Plaza" />
    <tag k="name:zh" v="置地生活廣場" />
    <tag k="old_name" v="廣豐新天地" />
    <tag k="wikidata" v="Q28416945" />
    <tag k="wikipedia" v="zh:置地生活廣場" />
  </way>
  <way id="510796921">
    <nd ref="4997659562" />
    <nd ref="4997659563" />
    <nd ref="4997659564" />
    <nd ref="4997659565" />
    <nd ref="4997659566" />
    <nd ref="4997659567" />
    <nd ref="4997659568" />
    <nd ref="4997659569" />
    <nd ref="4997659570" />
    <nd ref="4997659571" />
    <nd ref="4997659572" />
    <nd ref="4997659562" />
    <tag k="landuse" v="residential" />
    <tag k="name" v="公園大墅" />
  </way>
  <way id="530482051">
    <nd ref="5151231429" />
    <nd ref="4942438587" />
    <nd ref="4942438586" />
    <nd ref="5151231430" />
    <nd ref="5151231429" />
    <tag k="landuse" v="residential" />
    <tag k="name" v="昭揚君品" />
    <tag k="residential" v="apartments" />
  </way>
  <way id="543257755">
    <nd ref="5251720725" />
    <nd ref="5251720726" />
    <nd ref="5251720727" />
    <nd ref="5251720728" />
    <nd ref="5251720729" />
    <nd ref="5251720725" />
    <tag k="landuse" v="residential" />
    <tag k="name" v="廣豐一期" />
    <tag k="residential" v="apartments" />
  </way>
  <way id="543257756">
    <nd ref="5251720730" />
    <nd ref="5251720731" />
    <nd ref="5251720732" />
    <nd ref="5251720733" />
    <nd ref="5251720734" />
    <nd ref="5251720735" />
    <nd ref="5251720736" />
    <nd ref="5251720737" />
    <nd ref="5251720730" />
    <tag k="landuse" v="residential" />
    <tag k="name" v="廣豐二期" />
    <tag k="residential" v="apartments" />
  </way>
  <way id="1014540876">
    <nd ref="9360048242" />
    <nd ref="9360048243" />
    <nd ref="9360048244" />
    <nd ref="9360048245" />
    <nd ref="9360048242" />
    <tag k="landuse" v="residential" />
    <tag k="name" v="新家坡No.8" />
    <tag k="residential" v="apartments" />
  </way>
  <way id="1209655325">
    <nd ref="11206991565" />
    <nd ref="11206991566" />
    <nd ref="3444567885" />
    <nd ref="3444567886" />
    <nd ref="11206991567" />
    <nd ref="11206991570" />
    <nd ref="11206991569" />
    <nd ref="11206991568" />
    <nd ref="11206991565" />
    <tag k="landuse" v="residential" />
    <tag k="name" v="FUN HOUSE方好" />
  </way>
  <way id="1209655327">
    <nd ref="11206991566" />
    <nd ref="11206991577" />
    <nd ref="11206991578" />
    <nd ref="3444567887" />
    <nd ref="3444567888" />
    <nd ref="3444567885" />
    <nd ref="11206991566" />
    <tag k="landuse" v="brownfield" />
  </way>
  <way id="1209655328">
    <nd ref="10109029517" />
    <nd ref="3444567882" />
    <nd ref="3444567883" />
    <nd ref="11206991580" />
    <nd ref="11206991581" />
    <nd ref="10109029518" />
    <nd ref="10109029517" />
    <tag k="landuse" v="construction" />
    <tag k="name" v="威均川玥(建築工地)" />
  </way>
  <way id="1209670386">
    <nd ref="11207123551" />
    <nd ref="11207123552" />
    <nd ref="11207123553" />
    <nd ref="11207123554" />
    <nd ref="7067212826" />
    <nd ref="11207123551" />
    <tag k="landuse" v="residential" />
    <tag k="name" v="青塘四季" />
  </way>
  <way id="1209780638">
    <nd ref="11208001577" />
    <nd ref="11206991567" />
    <nd ref="11206991570" />
    <nd ref="11208001578" />
    <nd ref="3444567881" />
    <nd ref="3444567884" />
    <nd ref="11208001577" />
    <tag k="landuse" v="brownfield" />
  </way>
  <way id="1209780640">
    <nd ref="11208001578" />
    <nd ref="3444567881" />
    <nd ref="3444567882" />
    <nd ref="10109029517" />
    <nd ref="11208001581" />
    <nd ref="11208001578" />
    <tag k="landuse" v="grass" />
  </way>
  <way id="1209780641">
    <nd ref="11206991568" />
    <nd ref="11206991569" />
    <nd ref="11208001581" />
    <nd ref="11208001582" />
    <nd ref="11206991568" />
    <tag k="landuse" v="residential" />
  </way>
  <way id="1209780642">
    <nd ref="11208001582" />
    <nd ref="11208001581" />
    <nd ref="10109029517" />
    <nd ref="10109029520" />
    <nd ref="11208001583" />
    <nd ref="11208001582" />
    <tag k="landuse" v="construction" />
  </way>
  <way id="1209780644">
    <nd ref="11206991581" />
    <nd ref="11206991580" />
    <nd ref="11208001586" />
    <nd ref="11208001585" />
    <nd ref="11206991581" />
    <tag k="landuse" v="retail" />
  </way>
  <way id="1209789898">
    <nd ref="11208049161" />
    <nd ref="11208049162" />
    <nd ref="11208049163" />
    <nd ref="11208049164" />
    <nd ref="11208049161" />
    <tag k="landuse" v="residential" />
    <tag k="name" v="順儷米蘭達" />
    <tag k="residential" v="apartments" />
  </way>
  <way id="1209789899">
    <nd ref="11208049162" />
    <nd ref="11208049165" />
    <nd ref="11208049166" />
    <nd ref="11208049161" />
    <nd ref="11208049162" />
    <tag k="landuse" v="residential" />
  </way>
  <way id="1209789900">
    <nd ref="11208049167" />
    <nd ref="11208049165" />
    <nd ref="11208049162" />
    <nd ref="11208049163" />
    <nd ref="11208049168" />
    <nd ref="11208049169" />
    <nd ref="11208049167" />
    <tag k="landuse" v="brownfield" />
  </way>
  <way id="1209789901">
    <nd ref="11208049163" />
    <nd ref="11208049164" />
    <nd ref="11208049170" />
    <nd ref="11208049168" />
    <nd ref="11208049163" />
    <tag k="landuse" v="brownfield" />
  </way>
  <way id="1209789903">
    <nd ref="11208049169" />
    <nd ref="11208049173" />
    <nd ref="11208049174" />
    <nd ref="11208049171" />
    <nd ref="11208049168" />
    <nd ref="11208049169" />
    <tag k="landuse" v="residential" />
  </way>
  <way id="1209789906">
    <nd ref="11208049171" />
    <nd ref="11208049172" />
    <nd ref="11208049181" />
    <nd ref="11208049182" />
    <nd ref="11208049174" />
    <nd ref="11208049171" />
    <tag k="landuse" v="brownfield" />
  </way>
  <way id="1209789910">
    <nd ref="3444567830" />
    <nd ref="3444567833" />
    <nd ref="11208049187" />
    <nd ref="3444568216" />
    <nd ref="3444567830" />
    <tag k="landuse" v="brownfield" />
  </way>
  <way id="1209789913">
    <nd ref="11208049192" />
    <nd ref="9352656166" />
    <nd ref="11208049194" />
    <nd ref="11208049193" />
    <nd ref="11208049192" />
    <tag k="landuse" v="brownfield" />
  </way>
  <way id="1209842777">
    <nd ref="3444568212" />
    <nd ref="11208503458" />
    <nd ref="3444568207" />
    <nd ref="3444568208" />
    <nd ref="3444568212" />
    <tag k="landuse" v="brownfield" />
  </way>
  <way id="1259341550">
    <nd ref="11708001047" />
    <nd ref="11708001048" />
    <nd ref="11708001049" />
    <nd ref="11708001050" />
    <nd ref="11708001051" />
    <nd ref="11708001052" />
    <nd ref="11708001047" />
    <tag k="landuse" v="construction" />
    <tag k="name" v="宏普序時代" />
  </way>
  <way id="1388110441">
    <nd ref="12849802605" />
    <nd ref="12849802604" />
    <nd ref="12849802731" />
    <nd ref="12849802728" />
    <nd ref="12849802695" />
    <nd ref="12849793574" />
    <nd ref="12849802605" />
    <tag k="landuse" v="construction" />
    <tag k="name" v="鴻廣川湛" />
  </way>

<note>The data included in this document is from www.openstreetmap.org. The data is made available under ODbL.</note>
<meta osm_base="2026-09-03T09:42:53Z" />

  <node id="3999391673" lat="24.9083304" lon="121.1572174">
    <tag k="bus" v="yes" />
    <tag k="highway" v="bus_stop" />
    <tag k="name" v="天成醫院" />
    <tag k="public_transport" v="platform" />
  </node>
  <node id="4932640547" lat="24.9793890" lon="121.2689810">
    <tag k="alt_name" v="YouBike1.0_衛福部桃園醫院" />
    <tag k="alt_name:en" v="YouBike1.0_Taoyuan General Hospital, Ministry of Health and Welfare" />
    <tag k="alt_name:zh" v="YouBike1.0_衛福部桃園醫院" />
    <tag k="alt_name:zh-Bopo" v="YouBike1.0_ㄨㄟˋㄈㄨˊㄅㄨˋㄊㄠˊㄩㄢˊㄧㄩㄢˋ" />
    <tag k="alt_name:zh-Hans" v="YouBike1.0_卫福部桃园医院" />
    <tag k="alt_name:zh-Hant" v="YouBike1.0_衛福部桃園醫院" />
    <tag k="alt_name:zh-Latn-pinyin" v="YouBike1.0_wèifúbùtáoyuányīyuàn" />
    <tag k="amenity" v="bicycle_rental" />
    <tag k="authentication:contactless" v="yes" />
    <tag k="authentication:membership_card" v="yes" />
    <tag k="bicycle_rental" v="docking_station" />
    <tag k="brand" v="YouBike" />
    <tag k="brand:en" v="YouBike" />
    <tag k="brand:wikidata" v="Q20687952" />
    <tag k="brand:wikipedia" v="en:YouBike" />
    <tag k="brand:zh" v="微笑單車" />
    <tag k="capacity" v="34" />
    <tag k="description" v="龍壽街60號對面人行道" />
    <tag k="description:en" v="No.60, Longshou St.(opposite)" />
    <tag k="description:zh" v="龍壽街60號對面人行道" />
    <tag k="description:zh-Hans" v="龙寿街60号对面人行道" />
    <tag k="description:zh-Hant" v="龍壽街60號對面人行道" />
    <tag k="fee" v="yes" />
    <tag k="is_in" v="桃園區" />
    <tag k="is_in:en" v="Taoyuan Dist." />
    <tag k="name" v="衛福部桃園醫院" />
    <tag k="name:en" v="Taoyuan General Hospital, Ministry of Health and Welfare" />
    <tag k="name:nan" v="Ōe-hok-pō͘ Thô-hn̂g Pēⁿ-īⁿ" />
    <tag k="name:nan-Hant" v="衛福部桃園病院" />
    <tag k="name:nan-Latn-pehoeji" v="Ōe-hok-pō͘ Thô-hn̂g Pēⁿ-īⁿ" />
    <tag k="name:nan-Latn-tailo" v="Uē-hok-pōo Thô-hn̂g Pēnn-īnn" />
    <tag k="name:zh" v="衛福部桃園醫院" />
    <tag k="name:zh-Bopo" v="ㄨㄟˋㄈㄨˊㄅㄨˋㄊㄠˊㄩㄢˊㄧㄩㄢˋ" />
    <tag k="name:zh-Hans" v="卫福部桃园医院" />
    <tag k="name:zh-Hant" v="衛福部桃園醫院" />
    <tag k="name:zh-Latn-pinyin" v="wèifúbùtáoyuányīyuàn" />
    <tag k="nat_ref" v="TAO2069" />
    <tag k="network" v="桃園市公共自行車租賃系統" />
    <tag k="network:en" v="Taoyuan Public Bike" />
    <tag k="network:wikidata" v="Q17499392" />
    <tag k="network:wikipedia" v="zh:桃園市公共自行車租賃系統" />
    <tag k="network:zh" v="桃園市公共自行車租賃系統" />
    <tag k="opening_hours" v="24/7" />
    <tag k="operator" v="微笑單車股份有限公司" />
    <tag k="operator:en" v="YOUBIKE CO., LTD." />
    <tag k="operator:type" v="government" />
    <tag k="payment:cards" v="yes" />
    <tag k="payment:credit_cards" v="yes" />
    <tag k="payment:ep_easycard" v="yes" />
    <tag k="payment:ep_ipass" v="yes" />
    <tag k="payment:jcb" v="yes" />
    <tag k="payment:mastercard" v="yes" />
    <tag k="payment:visa" v="yes" />
    <tag k="ref" v="2069" />
    <tag k="rental" v="city_bike" />
    <tag k="source" v="PTX;桃園市政府" />
    <tag k="source:date" v="2023-12-13T10:54:03+08:00" />
  </node>
  <node id="5348729287" lat="24.9811716" lon="121.2685206">
    <tag k="addr:city" v="桃園市" />
    <tag k="addr:country" v="TW" />
    <tag k="addr:district" v="桃園區" />
    <tag k="addr:full" v="桃園市桃園區龍壽街98號" />
    <tag k="addr:housenumber" v="98" />
    <tag k="addr:street" v="龍壽街" />
    <tag k="alt_name" v="統一超商" />
    <tag k="brand" v="7-Eleven" />
    <tag k="brand:en" v="7-Eleven" />
    <tag k="brand:wikidata" v="Q259340" />
    <tag k="brand:wikipedia" v="en:7-Eleven" />
    <tag k="name" v="7-Eleven" />
    <tag k="payment:ep_easycard" v="yes" />
    <tag k="payment:ep_ipass" v="yes" />
    <tag k="shop" v="convenience" />
  </node>
  <node id="6657151271" lat="25.0395376" lon="121.0840208" />
  <node id="6657151272" lat="25.0396156" lon="121.0845772" />
  <node id="6657151273" lat="25.0396434" lon="121.0850844" />
  <node id="6657151274" lat="25.0394198" lon="121.0850098" />
  <node id="6657151275" lat="25.0392562" lon="121.0849833" />
  <node id="6657151276" lat="25.0392082" lon="121.0849795" />
  <node id="6657151277" lat="25.0391121" lon="121.0848104" />
  <node id="6657151278" lat="25.0392356" lon="121.0847536" />
  <node id="6657151279" lat="25.0392242" lon="121.0846500" />
  <node id="6657151280" lat="25.0391487" lon="121.0845453" />
  <node id="6657151281" lat="25.0392242" lon="121.0843824" />
  <node id="6657151282" lat="25.0392631" lon="121.0842625" />
  <node id="6657151283" lat="25.0392700" lon="121.0842171" />
  <node id="6657151284" lat="25.0392471" lon="121.0841729" />
  <node id="6657171285" lat="25.0391682" lon="121.0841136" />
  <node id="6657171286" lat="25.0391808" lon="121.0840568" />
  <node id="6657171287" lat="25.0392196" lon="121.0840113" />
  <node id="6838392170" lat="24.9085410" lon="121.1569109">
    <tag k="bus" v="yes" />
    <tag k="highway" v="bus_stop" />
    <tag k="name" v="天成醫院" />
    <tag k="public_transport" v="platform" />
  </node>
  <node id="7694541922" lat="24.9079692" lon="121.1550687">
    <tag k="addr:city" v="桃園市" />
    <tag k="addr:country" v="TW" />
    <tag k="addr:district" v="楊梅區" />
    <tag k="addr:full" v="326桃園市楊梅區中山北路一段235號" />
    <tag k="addr:housenumber" v="235" />
    <tag k="addr:postcode" v="326" />
    <tag k="addr:street" v="中山北路一段" />
    <tag k="brand" v="Hyundai" />
    <tag k="brand:wikidata" v="Q55931" />
    <tag k="brand:wikipedia" v="en:Hyundai Motor Company" />
    <tag k="name" v="Hyundai" />
    <tag k="shop" v="car" />
  </node>
  <node id="8118206984" lat="24.9802009" lon="121.2698433">
    <tag k="addr:city" v="桃園市" />
    <tag k="addr:country" v="TW" />
    <tag k="addr:district" v="桃園區" />
    <tag k="addr:full" v="桃園市桃園區龍泉二街65號" />
    <tag k="addr:housenumber" v="65" />
    <tag k="addr:street" v="龍泉二街" />
    <tag k="alt_name" v="統一超商" />
    <tag k="branch" v="鑫帝標門市" />
    <tag k="brand" v="7-Eleven" />
    <tag k="brand:en" v="7-Eleven" />
    <tag k="brand:wikidata" v="Q259340" />
    <tag k="brand:wikipedia" v="en:7-Eleven" />
    <tag k="name" v="7-Eleven" />
    <tag k="opening_hours" v="24/7" />
    <tag k="payment:ep_easycard" v="yes" />
    <tag k="payment:ep_ipass" v="yes" />
    <tag k="shop" v="convenience" />
  </node>
  <node id="9414772880" lat="24.9800757" lon="121.2690344">
    <tag k="addr:city" v="桃園市" />
    <tag k="addr:country" v="TW" />
    <tag k="addr:district" v="桃園區" />
    <tag k="addr:full" v="330桃園市桃園區龍壽街74-2號" />
    <tag k="addr:housenumber" v="74-2" />
    <tag k="addr:postcode" v="330" />
    <tag k="addr:street" v="龍壽街" />
    <tag k="amenity" v="pharmacy" />
    <tag k="dispensing" v="yes" />
    <tag k="healthcare" v="pharmacy" />
    <tag k="name" v="大滝藥局" />
    <tag k="opening_hours" v="Mo-Su 09:00-23:00" />
  </node>
  <node id="9414775495" lat="24.9803312" lon="121.2688176">
    <tag k="addr:city" v="桃園市" />
    <tag k="addr:country" v="TW" />
    <tag k="addr:district" v="桃園區" />
    <tag k="addr:full" v="330桃園市桃園區龍壽街76之2號" />
    <tag k="addr:housenumber" v="76之2" />
    <tag k="addr:postcode" v="330" />
    <tag k="addr:street" v="龍壽街" />
    <tag k="amenity" v="restaurant" />
    <tag k="cuisine" v="chinese;小籠包" />
    <tag k="name" v="親愛的小籠湯包-龍壽店" />
    <tag k="opening_hours" v="Mo-Su 07:00-00:00" />
    <tag k="phone" v="+88633799248" />
  </node>
  <node id="9537240878" lat="24.9799404" lon="121.2705603" />
  <node id="9537240879" lat="24.9805587" lon="121.2703054" />
  <node id="9537240880" lat="24.9803291" lon="121.2696274" />
  <node id="9537240881" lat="24.9797107" lon="121.2698824" />
  <node id="9537241230" lat="24.9816083" lon="121.2695228" />
  <node id="9537241231" lat="24.9810345" lon="121.2687753" />
  <node id="9537241232" lat="24.9813365" lon="121.2684931" />
  <node id="9537241233" lat="24.9819103" lon="121.2692406" />
  <node id="9567361529" lat="24.9086201" lon="121.1548512">
    <tag k="addr:city" v="桃園市" />
    <tag k="addr:country" v="TW" />
    <tag k="addr:district" v="楊梅區" />
    <tag k="addr:floor" v="1樓" />
    <tag k="addr:full" v="326桃園市楊梅區中山北路一段230號一樓" />
    <tag k="addr:housenumber" v="230" />
    <tag k="addr:postcode" v="326" />
    <tag k="addr:street" v="中山北路一段" />
    <tag k="amenity" v="fast_food" />
    <tag k="branch" v="楊梅中山北路店" />
    <tag k="brand" v="すき家" />
    <tag k="brand:en" v="Sukiya" />
    <tag k="brand:ja" v="すき家" />
    <tag k="brand:wikidata" v="Q6137375" />
    <tag k="brand:zh" v="食其家" />
    <tag k="cuisine" v="beef_bowl" />
    <tag k="name" v="すき家" />
    <tag k="name:en" v="Sukiya" />
    <tag k="name:ja" v="すき家" />
    <tag k="name:zh" v="食其家" />
    <tag k="opening_hours" v="10:00-23:00" />
    <tag k="phone" v="+886 800031131" />
    <tag k="takeaway" v="yes" />
    <tag k="website" v="https://www.sukiya-jp.com.tw/" />
  </node>
  <node id="9567361530" lat="24.9085772" lon="121.1547139">
    <tag k="addr:city" v="桃園市" />
    <tag k="addr:country" v="TW" />
    <tag k="addr:district" v="楊梅區" />
    <tag k="addr:full" v="326桃園市楊梅區中山北路一段232號" />
    <tag k="addr:housenumber" v="232" />
    <tag k="addr:postcode" v="326" />
    <tag k="addr:street" v="中山北路一段" />
    <tag k="branch" v="楊梅店" />
    <tag k="name" v="大倉酷眼鏡-楊梅店" />
    <tag k="opening_hours" v="10:00-22:00" />
    <tag k="phone" v="+886 34756492" />
    <tag k="shop" v="optician" />
  </node>
  <node id="10672287105" lat="24.9806015" lon="121.2686551">
    <tag k="addr:city" v="桃園市" />
    <tag k="addr:country" v="TW" />
    <tag k="addr:district" v="桃園區" />
    <tag k="addr:full" v="330桃園市桃園區龍壽街84號" />
    <tag k="addr:housenumber" v="84" />
    <tag k="addr:postcode" v="330" />
    <tag k="addr:street" v="龍壽街" />
    <tag k="internet_access" v="wlan" />
    <tag k="name" v="凱富旅館" />
    <tag k="name:en" v="Kai Fu Hotel" />
    <tag k="tourism" v="hotel" />
  </node>
  <node id="11032419421" lat="24.9085683" lon="121.1562460">
    <tag k="name" v="寶家五金" />
    <tag k="shop" v="hardware" />
  </node>
  <node id="12484129991" lat="24.9086045" lon="121.1555028" />
  <node id="12484129992" lat="24.9086432" lon="121.1557233" />
  <node id="12484129993" lat="24.9085519" lon="121.1557427" />
  <node id="12484129994" lat="24.9083862" lon="121.1561556" />
  <node id="12484129995" lat="24.9093805" lon="121.1559440" />
  <node id="12484129996" lat="24.9092654" lon="121.1552868" />
  <node id="12484129997" lat="24.9087507" lon="121.1553964" />
  <node id="12484129998" lat="24.9087634" lon="121.1554689" />
  <node id="12484129999" lat="24.9085989" lon="121.1560110" />
  <node id="12484130000" lat="24.9083694" lon="121.1560599" />
  <way id="708442759">
    <nd ref="6657151271" />
    <nd ref="6657151272" />
    <nd ref="6657151273" />
    <nd ref="6657151274" />
    <nd ref="6657151275" />
    <nd ref="6657151276" />
    <nd ref="6657151277" />
    <nd ref="6657151278" />
    <nd ref="6657151279" />
    <nd ref="6657151280" />
    <nd ref="6657151281" />
    <nd ref="6657151282" />
    <nd ref="6657151283" />
    <nd ref="6657151284" />
    <nd ref="6657171285" />
    <nd ref="6657171286" />
    <nd ref="6657171287" />
    <nd ref="6657151271" />
    <tag k="landuse" v="cemetery" />
    <tag k="name" v="觀音區廣興第二公墓" />
  </way>
  <way id="1035365587">
    <nd ref="9537240878" />
    <nd ref="9537240879" />
    <nd ref="9537240880" />
    <nd ref="9537240881" />
    <nd ref="9537240878" />
    <tag k="landuse" v="residential" />
    <tag k="name" v="益騏新帝標" />
    <tag k="residential" v="apartments" />
  </way>
  <way id="1035365598">
    <nd ref="9537241230" />
    <nd ref="9537241231" />
    <nd ref="9537241232" />
    <nd ref="9537241233" />
    <nd ref="9537241230" />
    <tag k="landuse" v="residential" />
    <tag k="name" v="典藏龍邸" />
    <tag k="residential" v="apartments" />
  </way>
  <way id="1349527678">
    <nd ref="12484129991" />
    <nd ref="12484129992" />
    <nd ref="12484129993" />
    <nd ref="12484129999" />
    <nd ref="12484130000" />
    <nd ref="12484129994" />
    <nd ref="12484129995" />
    <nd ref="12484129996" />
    <nd ref="12484129997" />
    <nd ref="12484129998" />
    <nd ref="12484129991" />
    <tag k="landuse" v="construction" />
    <tag k="name" v="君邑莫內" />
  </way>

<note>The data included in this document is from www.openstreetmap.org. The data is made available under ODbL.</note>
<meta osm_base="2026-09-03T09:45:00Z" />

  <node id="1988047722" lat="24.9344040" lon="121.2909007" />
  <node id="1988047740" lat="24.9344132" lon="121.2909583" />
  <node id="1988047761" lat="24.9344432" lon="121.2901076" />
  <node id="1988047762" lat="24.9344432" lon="121.2909675" />
  <node id="1988047763" lat="24.9344524" lon="121.2898125" />
  <node id="1988047764" lat="24.9344547" lon="121.2894229" />
  <node id="1988047798" lat="24.9344778" lon="121.2893745" />
  <node id="1988047826" lat="24.9345100" lon="121.2893514" />
  <node id="1988047830" lat="24.9345285" lon="121.2909583" />
  <node id="1988047884" lat="24.9348420" lon="121.2908707" />
  <node id="1988047890" lat="24.9348674" lon="121.2893215" />
  <node id="1988047898" lat="24.9348904" lon="121.2908592" />
  <node id="1988047918" lat="24.9349204" lon="121.2907969" />
  <node id="1988047922" lat="24.9349296" lon="121.2904281" />
  <node id="1988047925" lat="24.9349365" lon="121.2893284" />
  <node id="1988047926" lat="24.9349573" lon="121.2901307" />
  <node id="1988047929" lat="24.9349619" lon="121.2893468" />
  <node id="1988047930" lat="24.9349642" lon="121.2899831" />
  <node id="1988047931" lat="24.9349711" lon="121.2894114" />
  <node id="1988047961" lat="24.9350334" lon="121.2907024" />
  <node id="1988047962" lat="24.9350357" lon="121.2907900" />
  <node id="1988047968" lat="24.9350656" lon="121.2901237" />
  <node id="1988047974" lat="24.9350749" lon="121.2893975" />
  <node id="1988047976" lat="24.9350910" lon="121.2908038" />
  <node id="1988047978" lat="24.9351071" lon="121.2893330" />
  <node id="1988047998" lat="24.9351532" lon="121.2893169" />
  <node id="1988048107" lat="24.9353285" lon="121.2907577" />
  <node id="1988048170" lat="24.9353930" lon="121.2907255" />
  <node id="1988048182" lat="24.9354068" lon="121.2906701" />
  <node id="1988048188" lat="24.9354114" lon="121.2893146" />
  <node id="1988048196" lat="24.9354299" lon="121.2900753" />
  <node id="1988048204" lat="24.9354345" lon="121.2893399" />
  <node id="1988048236" lat="24.9354414" lon="121.2893676" />
  <node id="2536765734" lat="24.8427047" lon="121.2412625">
    <tag k="addr:city" v="桃園市" />
    <tag k="addr:country" v="TW" />
    <tag k="addr:district" v="龍潭區" />
    <tag k="addr:full" v="桃園市龍潭區佳安里文化路230號" />
    <tag k="addr:housenumber" v="230" />
    <tag k="addr:street" v="文化路" />
    <tag k="addr:village" v="佳安里" />
    <tag k="amenity" v="police" />
    <tag k="name" v="石門派出所" />
    <tag k="old_addr:full" v="桃園縣龍潭鄉佳安村文化路230號" />
    <tag k="phone" v="+886 3 471 2021" />
  </node>
  <node id="3708771407" lat="24.8439429" lon="121.2414283" />
  <node id="3708771408" lat="24.8440877" lon="121.2412323" />
  <node id="3708771409" lat="24.8440868" lon="121.2415762" />
  <node id="3708771410" lat="24.8439729" lon="121.2415291" />
  <node id="3708771411" lat="24.8441818" lon="121.2413210" />
  <node id="3708771428" lat="24.8446908" lon="121.2405559" />
  <node id="3708771432" lat="24.8447856" lon="121.2417563" />
  <node id="3708771434" lat="24.8451823" lon="121.2417431" />
  <node id="3708771436" lat="24.8452319" lon="121.2396059" />
  <node id="3708771438" lat="24.8453154" lon="121.2417925" />
  <node id="3708771441" lat="24.8454598" lon="121.2419865" />
  <node id="3708771449" lat="24.8459278" lon="121.2417280" />
  <node id="3708771450" lat="24.8459743" lon="121.2400037" />
  <node id="3708771457" lat="24.8465655" lon="121.2402387" />
  <node id="3708771460" lat="24.8465980" lon="121.2414416" />
  <node id="3708771464" lat="24.8467275" lon="121.2399482" />
  <node id="3708771485" lat="24.8475559" lon="121.2406096" />
  <node id="3708771486" lat="24.8475664" lon="121.2417714" />
  <node id="3708771511" lat="24.8484284" lon="121.2413401" />
  <node id="3708771512" lat="24.8484767" lon="121.2422457" />
  <node id="3708771513" lat="24.8487491" lon="121.2417790" />
  <node id="3708771514" lat="24.8488665" lon="121.2420326" />
  <node id="3708771515" lat="24.8489027" lon="121.2421754" />
  <node id="3708771516" lat="24.8487815" lon="121.2422638" />
  <node id="3708771517" lat="24.8489282" lon="121.2422731" />
  <node id="5073035918" lat="24.8485980" lon="121.2415414" />
  <node id="5257201839" lat="25.0241916" lon="121.2174895" />
  <node id="5257201842" lat="25.0237931" lon="121.2170078" />
  <node id="7136862068" lat="24.9337000" lon="121.2889070">
    <tag k="description" v="豐田路與豐田七街口北15M處巷子內" />
    <tag k="emergency" v="fire_hydrant" />
    <tag k="ref" v="德1018" />
    <tag k="source" v="桃園市消防局" />
  </node>
  <node id="8064335082" lat="24.9362790" lon="121.2905171" />
  <node id="8064335083" lat="24.9360282" lon="121.2904465" />
  <node id="8064335084" lat="24.9361591" lon="121.2898433" />
  <node id="8064350185" lat="24.9364528" lon="121.2899431" />
  <node id="8150482675" lat="24.9338361" lon="121.2886159" />
  <node id="8150482676" lat="24.9339237" lon="121.2889806" />
  <node id="8150482677" lat="24.9343225" lon="121.2889941" />
  <node id="8150482678" lat="24.9343590" lon="121.2887473" />
  <node id="8449987407" lat="25.0230757" lon="121.2177399">
    <tag k="bus" v="yes" />
    <tag k="highway" v="bus_stop" />
    <tag k="name" v="大成大智路口" />
    <tag k="name:en" v="Dacheng &amp; Dazhi Rd. Intersection" />
    <tag k="name:zh" v="大成大智路口" />
    <tag k="public_transport" v="platform" />
  </node>
  <node id="8449987408" lat="25.0229287" lon="121.2177318">
    <tag k="bus" v="yes" />
    <tag k="highway" v="bus_stop" />
    <tag k="name" v="大成大智路口" />
    <tag k="name:en" v="Dacheng &amp; Dazhi Rd. Intersection" />
    <tag k="name:zh" v="大成大智路口" />
    <tag k="network" v="桃園市市區公車" />
    <tag k="network:en" v="Taoyuan City Bus" />
    <tag k="network:nan" v="Thô-hn̂g-chhī Chhī-khu Kong-chhia" />
    <tag k="network:nan-Hant" v="桃園市市區公車" />
    <tag k="network:nan-Latn-pehoeji" v="Thô-hn̂g-chhī Chhī-khu Kong-chhia" />
    <tag k="network:nan-Latn-tailo" v="Thô-hn̂g-tshī Tshī-khu Kong-tshia" />
    <tag k="network:wikidata" v="Q11112021" />
    <tag k="network:zh" v="桃園市市區公車" />
    <tag k="public_transport" v="platform" />
  </node>
  <node id="9473097569" lat="24.9340227" lon="121.2882224" />
  <node id="9473097570" lat="24.9338957" lon="121.2881473" />
  <node id="9473097571" lat="24.9335628" lon="121.2876518" />
  <node id="9473097572" lat="24.9335840" lon="121.2875817" />
  <node id="9473097573" lat="24.9342028" lon="121.2878036" />
  <node id="9671352584" lat="24.8428253" lon="121.2409697">
    <tag k="addr:city" v="桃園市" />
    <tag k="addr:country" v="TW" />
    <tag k="addr:district" v="龍潭區" />
    <tag k="addr:full" v="桃園市龍潭區十一分路215號" />
    <tag k="addr:housenumber" v="215" />
    <tag k="addr:street" v="十一分路" />
    <tag k="branch" v="龍潭佳安店" />
    <tag k="brand" v="OK超商" />
    <tag k="brand:en" v="OK mart" />
    <tag k="brand:wikidata" v="Q10851968" />
    <tag k="brand:wikipedia" v="zh:OK超商" />
    <tag k="name" v="OK超商" />
    <tag k="name:en" v="OK mart" />
    <tag k="name:zh" v="OK超商" />
    <tag k="opening_hours" v="Mo-Su 06:00-23:00" />
    <tag k="shop" v="convenience" />
  </node>
  <node id="10086503087" lat="25.0235621" lon="121.2169441">
    <tag k="addr:city" v="桃園市" />
    <tag k="addr:country" v="TW" />
    <tag k="addr:district" v="大園區" />
    <tag k="addr:full" v="桃園市大園區大成路二段127;129號" />
    <tag k="addr:housenumber" v="127;129" />
    <tag k="addr:street" v="大成路二段" />
    <tag k="branch" v="北林門市" />
    <tag k="brand" v="7-Eleven" />
    <tag k="brand:en" v="7-Eleven" />
    <tag k="brand:wikidata" v="Q259340" />
    <tag k="brand:wikipedia" v="en:7-Eleven" />
    <tag k="name" v="7-Eleven" />
    <tag k="opening_hours" v="24/7" />
    <tag k="shop" v="convenience" />
  </node>
  <node id="10165841302" lat="25.0218474" lon="121.2183502" />
  <node id="10165841303" lat="25.0218077" lon="121.2183654" />
  <node id="10165841304" lat="25.0217664" lon="121.2183882" />
  <node id="10165841305" lat="25.0217095" lon="121.2183901" />
  <node id="10165841306" lat="25.0216078" lon="121.2183521" />
  <node id="10165841307" lat="25.0215061" lon="121.2183730" />
  <node id="10165841308" lat="25.0214148" lon="121.2183122" />
  <node id="10165841309" lat="25.0212941" lon="121.2182209" />
  <node id="10165841310" lat="25.0211925" lon="121.2182361" />
  <node id="10165841311" lat="25.0210994" lon="121.2181448" />
  <node id="10165841312" lat="25.0209977" lon="121.2180858" />
  <node id="10165841313" lat="25.0209495" lon="121.2180820" />
  <node id="10165841314" lat="25.0209098" lon="121.2180231" />
  <node id="10165841315" lat="25.0208443" lon="121.2179774" />
  <node id="10165841316" lat="25.0207789" lon="121.2179641" />
  <node id="10165841317" lat="25.0207978" lon="121.2177739" />
  <node id="10165841318" lat="25.0209150" lon="121.2178348" />
  <node id="10165841319" lat="25.0210046" lon="121.2179128" />
  <node id="10165841320" lat="25.0210684" lon="121.2179793" />
  <node id="10165841321" lat="25.0213631" lon="121.2181125" />
  <node id="10165841322" lat="25.0216509" lon="121.2181486" />
  <node id="10165841323" lat="25.0218332" lon="121.2181797" />
  <node id="10165841324" lat="25.0218181" lon="121.2182684" />
  <node id="10165893725" lat="25.0217082" lon="121.2165901" />
  <node id="10165893726" lat="25.0214404" lon="121.2163909" />
  <node id="10165893727" lat="25.0211698" lon="121.2163299" />
  <node id="10165893728" lat="25.0211203" lon="121.2163042" />
  <node id="10165893729" lat="25.0210970" lon="121.2163299" />
  <node id="10165893730" lat="25.0212629" lon="121.2164584" />
  <node id="10165893731" lat="25.0212687" lon="121.2165290" />
  <node id="10165893732" lat="25.0216616" lon="121.2168117" />
  <node id="10165893733" lat="25.0219265" lon="121.2169369" />
  <node id="10165893734" lat="25.0220283" lon="121.2170461" />
  <node id="10165893735" lat="25.0221680" lon="121.2171778" />
  <node id="10165893736" lat="25.0223951" lon="121.2176917" />
  <node id="10165893737" lat="25.0223601" lon="121.2179519" />
  <node id="10165893738" lat="25.0222408" lon="121.2181125" />
  <node id="10165893739" lat="25.0220924" lon="121.2182121" />
  <node id="10165893740" lat="25.0219789" lon="121.2182121" />
  <node id="10165893741" lat="25.0218654" lon="121.2182763" />
  <node id="10165893742" lat="25.0218741" lon="121.2184305" />
  <node id="10165893743" lat="25.0219818" lon="121.2184562" />
  <node id="10165893744" lat="25.0221186" lon="121.2184112" />
  <node id="10165893745" lat="25.0224009" lon="121.2182121" />
  <node id="10165893746" lat="25.0225086" lon="121.2179969" />
  <node id="10165893747" lat="25.0225988" lon="121.2178620" />
  <node id="10165893748" lat="25.0226192" lon="121.2177656" />
  <node id="10165893749" lat="25.0225551" lon="121.2176114" />
  <node id="10165893750" lat="25.0224736" lon="121.2173224" />
  <node id="10165893751" lat="25.0223339" lon="121.2171393" />
  <node id="10165893752" lat="25.0222175" lon="121.2170140" />
  <node id="10165893753" lat="25.0222233" lon="121.2169498" />
  <node id="10165893754" lat="25.0220924" lon="121.2168117" />
  <node id="10165893755" lat="25.0219294" lon="121.2167603" />
  <node id="10594438710" lat="25.0224382" lon="121.2166416">
    <tag k="addr:city" v="桃園市" />
    <tag k="addr:country" v="TW" />
    <tag k="addr:district" v="大園區" />
    <tag k="addr:full" v="桃園市大園區大智路87-3號" />
    <tag k="addr:housenumber" v="87-3" />
    <tag k="addr:street" v="大智路" />
    <tag k="amenity" v="restaurant" />
    <tag k="name" v="Mizumi湖畔拾光" />
  </node>
  <node id="10594438711" lat="25.0221028" lon="121.2162923">
    <tag k="addr:city" v="桃園市" />
    <tag k="addr:country" v="TW" />
    <tag k="addr:district" v="大園區" />
    <tag k="addr:full" v="桃園市大園區大智路83號" />
    <tag k="addr:housenumber" v="83" />
    <tag k="addr:street" v="大智路" />
    <tag k="amenity" v="cafe" />
    <tag k="cuisine" v="bubble_tea" />
    <tag k="name" v="上門找茶" />
    <tag k="name:en" v="Teadoor" />
    <tag k="name:zh" v="上門找茶" />
  </node>
  <node id="10798850380" lat="25.0222809" lon="121.2164193">
    <tag k="addr:city" v="桃園市" />
    <tag k="addr:country" v="TW" />
    <tag k="addr:district" v="大園區" />
    <tag k="addr:full" v="桃園市大園區大智路85-1號" />
    <tag k="addr:housenumber" v="85-1" />
    <tag k="addr:street" v="大智路" />
    <tag k="amenity" v="restaurant" />
    <tag k="cuisine" v="japanese" />
    <tag k="name" v="青山町日式料理" />
  </node>
  <node id="11182572599" lat="25.0234249" lon="121.2184214" />
  <node id="11224369378" lat="25.0520924" lon="121.2761439">
    <tag k="addr:city" v="桃園市" />
    <tag k="addr:country" v="TW" />
    <tag k="addr:district" v="蘆竹區" />
    <tag k="addr:full" v="桃園市蘆竹區蘆竹街256號" />
    <tag k="addr:housenumber" v="256" />
    <tag k="addr:street" v="蘆竹街" />
    <tag k="branch" v="航宏門市" />
    <tag k="brand" v="7-Eleven" />
    <tag k="brand:en" v="7-Eleven" />
    <tag k="brand:wikidata" v="Q259340" />
    <tag k="brand:wikipedia" v="en:7-Eleven" />
    <tag k="name" v="7-Eleven" />
    <tag k="opening_hours" v="24/7" />
    <tag k="shop" v="convenience" />
  </node>
  <node id="11685123071" lat="25.0230042" lon="121.2180013" />
  <node id="11685123072" lat="25.0242288" lon="121.2174443" />
  <node id="11685123083" lat="25.0246814" lon="121.2178749" />
  <node id="11685123084" lat="25.0250377" lon="121.2182483" />
  <node id="11685123085" lat="25.0251192" lon="121.2183691" />
  <node id="11685123086" lat="25.0251638" lon="121.2184923" />
  <node id="11685123087" lat="25.0251828" lon="121.2186661" />
  <node id="11685123088" lat="25.0251638" lon="121.2187918" />
  <node id="11685123089" lat="25.0251248" lon="121.2189015" />
  <node id="11685123090" lat="25.0250164" lon="121.2190605" />
  <node id="11685123091" lat="25.0246669" lon="121.2194746" />
  <node id="11685123092" lat="25.0243721" lon="121.2198443" />
  <node id="11685123093" lat="25.0242549" lon="121.2174428" />
  <node id="11685123094" lat="25.0240673" lon="121.2195181" />
  <node id="11685123095" lat="25.0227923" lon="121.2182598" />
  <node id="11685123097" lat="25.0240154" lon="121.2194808" />
  <node id="12363604739" lat="24.9336451" lon="121.2906584" />
  <node id="12363604740" lat="24.9336678" lon="121.2909353" />
  <node id="12363604741" lat="24.9342699" lon="121.2905875" />
  <node id="12363604742" lat="24.9342737" lon="121.2907964" />
  <node id="12363604746" lat="24.9339491" lon="121.2908708" />
  <node id="12480349890" lat="24.9343300" lon="121.2893283" />
  <node id="12480349891" lat="24.9343139" lon="121.2905033" />
  <node id="12480349892" lat="24.9329211" lon="121.2906131" />
  <node id="12480349893" lat="24.9329211" lon="121.2893106" />
  <node id="13063772446" lat="24.9363010" lon="121.2899107" />
  <node id="13063772447" lat="24.9363045" lon="121.2898794" />
  <node id="14129062564" lat="24.9356157" lon="121.2881528" />
  <node id="14129062565" lat="24.9354431" lon="121.2880969" />
  <node id="14129062566" lat="24.9354257" lon="121.2880959" />
  <node id="14129062567" lat="24.9354112" lon="121.2881073" />
  <node id="14129062568" lat="24.9353010" lon="121.2884866" />
  <node id="14129062569" lat="24.9353968" lon="121.2885176" />
  <node id="14129062570" lat="24.9353827" lon="121.2885706" />
  <node id="14129062571" lat="24.9354948" lon="121.2886069" />
  <way id="188179159">
    <nd ref="1988048236" />
    <nd ref="1988048196" />
    <nd ref="1988048182" />
    <nd ref="1988048170" />
    <nd ref="1988048107" />
    <nd ref="1988047976" />
    <nd ref="1988047962" />
    <nd ref="1988047961" />
    <nd ref="1988047968" />
    <nd ref="1988047974" />
    <nd ref="1988047978" />
    <nd ref="1988047998" />
    <nd ref="1988048188" />
    <nd ref="1988048204" />
    <nd ref="1988048236" />
    <tag k="landuse" v="residential" />
  </way>
  <way id="188179186">
    <nd ref="1988047931" />
    <nd ref="1988047930" />
    <nd ref="1988047926" />
    <nd ref="1988047922" />
    <nd ref="1988047918" />
    <nd ref="1988047898" />
    <nd ref="1988047884" />
    <nd ref="1988047830" />
    <nd ref="1988047762" />
    <nd ref="1988047740" />
    <nd ref="1988047722" />
    <nd ref="1988047761" />
    <nd ref="1988047763" />
    <nd ref="1988047764" />
    <nd ref="1988047798" />
    <nd ref="1988047826" />
    <nd ref="1988047890" />
    <nd ref="1988047925" />
    <nd ref="1988047929" />
    <nd ref="1988047931" />
    <tag k="landuse" v="residential" />
  </way>
  <way id="366900592">
    <nd ref="3708771517" />
    <nd ref="3708771515" />
    <nd ref="3708771514" />
    <nd ref="3708771513" />
    <nd ref="5073035918" />
    <nd ref="3708771511" />
    <nd ref="3708771485" />
    <nd ref="3708771464" />
    <nd ref="3708771457" />
    <nd ref="3708771450" />
    <nd ref="3708771436" />
    <nd ref="3708771428" />
    <nd ref="3708771411" />
    <nd ref="3708771408" />
    <nd ref="3708771407" />
    <nd ref="3708771410" />
    <nd ref="3708771409" />
    <nd ref="3708771432" />
    <nd ref="3708771434" />
    <nd ref="3708771438" />
    <nd ref="3708771441" />
    <nd ref="3708771449" />
    <nd ref="3708771460" />
    <nd ref="3708771486" />
    <nd ref="3708771512" />
    <nd ref="3708771516" />
    <nd ref="3708771517" />
    <tag k="barrier" v="wall" />
    <tag k="landuse" v="industrial" />
    <tag k="man_made" v="water_works" />
    <tag k="name" v="龍潭給水廠" />
  </way>
  <way id="543839574">
    <nd ref="11685123071" />
    <nd ref="11182572599" />
    <nd ref="5257201839" />
    <nd ref="11685123072" />
    <nd ref="5257201842" />
    <nd ref="11685123071" />
    <tag k="landuse" v="construction" />
    <tag k="name" v="原住民族語言傳播大樓" />
  </way>
  <way id="865206274">
    <nd ref="8064335082" />
    <nd ref="8064335083" />
    <nd ref="8064335084" />
    <nd ref="13063772447" />
    <nd ref="13063772446" />
    <nd ref="8064350185" />
    <nd ref="8064335082" />
    <tag k="landuse" v="residential" />
    <tag k="name" v="竹風鳳凰II" />
    <tag k="residential" v="apartments" />
  </way>
  <way id="875670373">
    <nd ref="8150482675" />
    <nd ref="7136862068" />
    <nd ref="8150482676" />
    <nd ref="8150482677" />
    <nd ref="8150482678" />
    <nd ref="8150482675" />
    <tag k="landuse" v="residential" />
    <tag k="name" v="雲景景森" />
    <tag k="residential" v="apartments" />
  </way>
  <way id="1027575015">
    <nd ref="9473097569" />
    <nd ref="9473097570" />
    <nd ref="9473097571" />
    <nd ref="9473097572" />
    <nd ref="9473097573" />
    <nd ref="9473097569" />
    <tag k="landuse" v="residential" />
    <tag k="name" v="當代雅舍" />
  </way>
  <way id="1111008801">
    <nd ref="10165841302" />
    <nd ref="10165841303" />
    <nd ref="10165841304" />
    <nd ref="10165841305" />
    <nd ref="10165841306" />
    <nd ref="10165841307" />
    <nd ref="10165841308" />
    <nd ref="10165841309" />
    <nd ref="10165841310" />
    <nd ref="10165841311" />
    <nd ref="10165841312" />
    <nd ref="10165841313" />
    <nd ref="10165841314" />
    <nd ref="10165841315" />
    <nd ref="10165841316" />
    <nd ref="10165841317" />
    <nd ref="10165841318" />
    <nd ref="10165841319" />
    <nd ref="10165841320" />
    <nd ref="10165841321" />
    <nd ref="10165841322" />
    <nd ref="10165841323" />
    <nd ref="10165841324" />
    <nd ref="10165841302" />
    <tag k="landuse" v="grass" />
  </way>
  <way id="1111010731">
    <nd ref="10165893725" />
    <nd ref="10165893726" />
    <nd ref="10165893727" />
    <nd ref="10165893728" />
    <nd ref="10165893729" />
    <nd ref="10165893730" />
    <nd ref="10165893731" />
    <nd ref="10165893732" />
    <nd ref="10165893733" />
    <nd ref="10165893734" />
    <nd ref="10165893735" />
    <nd ref="10165893736" />
    <nd ref="10165893737" />
    <nd ref="10165893738" />
    <nd ref="10165893739" />
    <nd ref="10165893740" />
    <nd ref="10165893741" />
    <nd ref="10165893742" />
    <nd ref="10165893743" />
    <nd ref="10165893744" />
    <nd ref="10165893745" />
    <nd ref="10165893746" />
    <nd ref="10165893747" />
    <nd ref="10165893748" />
    <nd ref="10165893749" />
    <nd ref="10165893750" />
    <nd ref="10165893751" />
    <nd ref="10165893752" />
    <nd ref="10165893753" />
    <nd ref="10165893754" />
    <nd ref="10165893755" />
    <nd ref="10165893725" />
    <tag k="landuse" v="forest" />
  </way>
  <way id="1256918529">
    <nd ref="11685123093" />
    <nd ref="11685123083" />
    <nd ref="11685123084" />
    <nd ref="11685123085" />
    <nd ref="11685123086" />
    <nd ref="11685123087" />
    <nd ref="11685123088" />
    <nd ref="11685123089" />
    <nd ref="11685123090" />
    <nd ref="11685123091" />
    <nd ref="11685123092" />
    <nd ref="11685123094" />
    <nd ref="11685123097" />
    <nd ref="11685123095" />
    <nd ref="11685123071" />
    <nd ref="5257201842" />
    <nd ref="11685123093" />
    <tag k="landuse" v="commercial" />
    <tag k="operator:type" v="government" />
  </way>
  <way id="1336686573">
    <nd ref="12363604740" />
    <nd ref="12363604739" />
    <nd ref="12363604741" />
    <nd ref="12363604742" />
    <nd ref="12363604746" />
    <nd ref="12363604740" />
    <tag k="landuse" v="residential" />
    <tag k="name" v="新紐約第三期" />
  </way>
  <way id="1349201523">
    <nd ref="12480349890" />
    <nd ref="12480349891" />
    <nd ref="12480349892" />
    <nd ref="12480349893" />
    <nd ref="12480349890" />
    <tag k="construction:amenity" v="school" />
    <tag k="construction:grades" v="1-6" />
    <tag k="construction:name" v="仁德國小" />
    <tag k="disused:leisure" v="sports_centre" />
    <tag k="disused:name" v="八德區棒壘球場" />
    <tag k="landuse" v="construction" />
    <tag k="name" v="仁德國小(施工中)" />
  </way>
  <way id="1552952292">
    <nd ref="14129062564" />
    <nd ref="14129062565" />
    <nd ref="14129062566" />
    <nd ref="14129062567" />
    <nd ref="14129062568" />
    <nd ref="14129062569" />
    <nd ref="14129062570" />
    <nd ref="14129062571" />
    <nd ref="14129062564" />
    <tag k="landuse" v="greenfield" />
  </way>

<note>The data included in this document is from www.openstreetmap.org. The data is made available under ODbL.</note>
<meta osm_base="2026-09-03T09:46:05Z" />

  <node id="1741147818" lat="24.9196489" lon="121.1835539">
    <tag k="old_operator" v="臺灣鐵路管理局" />
    <tag k="old_operator:en" v="Taiwan Railways Administration" />
    <tag k="old_operator:hak" v="Thòi-vân Thiet-lu Kón-lî-khiu̍k" />
    <tag k="old_operator:nan" v="Tâi-oân Thih-lō͘ Koán-lí-kio̍k" />
    <tag k="old_operator:nan-Hant" v="臺灣鐵路管理局" />
    <tag k="old_operator:nan-Latn-pehoeji" v="Tâi-oân Thih-lō͘ Koán-lí-kio̍k" />
    <tag k="old_operator:nan-Latn-tailo" v="Tâi-uân Thih-lōo Kuán-lí-kio̍k" />
    <tag k="old_operator:short:en" v="TRA" />
    <tag k="old_operator:wikidata" v="Q697926" />
    <tag k="old_operator:wikipedia" v="zh:臺灣鐵路管理局" />
    <tag k="old_operator:zh" v="臺灣鐵路管理局" />
    <tag k="operator" v="國營臺灣鐵路股份有限公司" />
    <tag k="operator:en" v="Taiwan Railway Corporation" />
    <tag k="operator:nan" v="Kok-êng Tâi-oân Thih-lō͘ Iú-hān Kong-si" />
    <tag k="operator:nan-Hant" v="國營臺灣鐵路股份有限公司" />
    <tag k="operator:nan-Latn-pehoeji" v="Kok-êng Tâi-oân Thih-lō͘ Iú-hān Kong-si" />
    <tag k="operator:nan-Latn-tailo" v="Kok-îng Tâi-uân Thih-lōo Kóo-hūn Iú-hān Kong-si" />
    <tag k="operator:short" v="台鐵" />
    <tag k="operator:short:en" v="TRC" />
    <tag k="operator:short:nan" v="Tâi-thih" />
    <tag k="operator:short:nan-Hant" v="台鐵" />
    <tag k="operator:short:nan-Latn-pehoeji" v="Tâi-thih" />
    <tag k="operator:short:nan-Latn-tailo" v="Tâi-thih" />
    <tag k="operator:short:zh" v="台鐵" />
    <tag k="operator:wikidata" v="Q112151129" />
    <tag k="operator:wikipedia" v="zh:臺灣鐵路公司" />
    <tag k="operator:zh" v="國營臺灣鐵路股份有限公司" />
    <tag k="public_transport" v="stop_position" />
    <tag k="railway" v="stop" />
    <tag k="train" v="yes" />
  </node>
  <node id="1741147819" lat="24.9196295" lon="121.1835754">
    <tag k="old_operator" v="臺灣鐵路管理局" />
    <tag k="old_operator:en" v="Taiwan Railways Administration" />
    <tag k="old_operator:hak" v="Thòi-vân Thiet-lu Kón-lî-khiu̍k" />
    <tag k="old_operator:nan" v="Tâi-oân Thih-lō͘ Koán-lí-kio̍k" />
    <tag k="old_operator:nan-Hant" v="臺灣鐵路管理局" />
    <tag k="old_operator:nan-Latn-pehoeji" v="Tâi-oân Thih-lō͘ Koán-lí-kio̍k" />
    <tag k="old_operator:nan-Latn-tailo" v="Tâi-uân Thih-lōo Kuán-lí-kio̍k" />
    <tag k="old_operator:short:en" v="TRA" />
    <tag k="old_operator:wikidata" v="Q697926" />
    <tag k="old_operator:wikipedia" v="zh:臺灣鐵路管理局" />
    <tag k="old_operator:zh" v="臺灣鐵路管理局" />
    <tag k="operator" v="國營臺灣鐵路股份有限公司" />
    <tag k="operator:en" v="Taiwan Railway Corporation" />
    <tag k="operator:nan" v="Kok-êng Tâi-oân Thih-lō͘ Iú-hān Kong-si" />
    <tag k="operator:nan-Hant" v="國營臺灣鐵路股份有限公司" />
    <tag k="operator:nan-Latn-pehoeji" v="Kok-êng Tâi-oân Thih-lō͘ Iú-hān Kong-si" />
    <tag k="operator:nan-Latn-tailo" v="Kok-îng Tâi-uân Thih-lōo Kóo-hūn Iú-hān Kong-si" />
    <tag k="operator:short" v="台鐵" />
    <tag k="operator:short:en" v="TRC" />
    <tag k="operator:short:nan" v="Tâi-thih" />
    <tag k="operator:short:nan-Hant" v="台鐵" />
    <tag k="operator:short:nan-Latn-pehoeji" v="Tâi-thih" />
    <tag k="operator:short:nan-Latn-tailo" v="Tâi-thih" />
    <tag k="operator:short:zh" v="台鐵" />
    <tag k="operator:wikidata" v="Q112151129" />
    <tag k="operator:wikipedia" v="zh:臺灣鐵路公司" />
    <tag k="operator:zh" v="國營臺灣鐵路股份有限公司" />
    <tag k="platforms" v="2" />
    <tag k="public_transport" v="stop_position" />
    <tag k="railway" v="stop" />
    <tag k="train" v="yes" />
  </node>
  <node id="3209523996" lat="24.9196664" lon="121.1844565">
    <tag k="bus" v="yes" />
    <tag k="departures_board" v="timetable" />
    <tag k="highway" v="bus_stop" />
    <tag k="name" v="埔心火車站" />
    <tag k="public_transport" v="platform" />
  </node>
  <node id="4070052720" lat="25.0194806" lon="121.2844983" />
  <node id="4070052721" lat="25.0196264" lon="121.2846941" />
  <node id="4070052727" lat="25.0196289" lon="121.2847209" />
  <node id="4070052731" lat="25.0194709" lon="121.2848711" />
  <node id="4070052732" lat="25.0196217" lon="121.2850645" />
  <node id="4070052733" lat="25.0194660" lon="121.2852198" />
  <node id="4420538316" lat="24.9195342" lon="121.1837322">
    <tag k="name" v="飯糰 蛋餅" />
    <tag k="shop" v="deli" />
  </node>
  <node id="4420538317" lat="24.9195084" lon="121.1837790">
    <tag k="name" v="關東煮 麵線" />
    <tag k="shop" v="deli" />
  </node>
  <node id="4420538318" lat="24.9194642" lon="121.1837505">
    <tag k="amenity" v="restaurant" />
    <tag k="name" v="咖啡店" />
  </node>
  <node id="4420538320" lat="24.9191600" lon="121.1836387">
    <tag k="amenity" v="restaurant" />
    <tag k="cuisine" v="breakfast" />
    <tag k="name" v="早餐店" />
  </node>
  <node id="4420538321" lat="24.9190973" lon="121.1835859">
    <tag k="amenity" v="restaurant" />
    <tag k="name" v="水果店" />
  </node>
  <node id="4420538322" lat="24.9189589" lon="121.1837873">
    <tag k="amenity" v="cafe" />
    <tag k="brand" v="清心福全" />
    <tag k="brand:en" v="Ching Shin" />
    <tag k="brand:wikidata" v="Q10391229" />
    <tag k="brand:wikipedia" v="zh:清心福全冷飲站" />
    <tag k="brand:zh" v="清心福全" />
    <tag k="cuisine" v="bubble_tea" />
    <tag k="name" v="清心福全" />
    <tag k="name:en" v="Ching Shin" />
    <tag k="name:zh" v="清心福全" />
    <tag k="shop" v="beverages" />
    <tag k="takeaway" v="yes" />
  </node>
  <node id="4420538323" lat="24.9196209" lon="121.1840758">
    <tag k="amenity" v="cafe" />
    <tag k="brand" v="85度C" />
    <tag k="brand:en" v="85C Bakery Cafe" />
    <tag k="brand:wikidata" v="Q4644852" />
    <tag k="brand:wikipedia" v="en:85°C Bakery Cafe" />
    <tag k="brand:zh" v="85度C" />
    <tag k="cuisine" v="coffee_shop" />
    <tag k="name" v="85度C" />
    <tag k="name:en" v="85C Bakery Cafe" />
    <tag k="name:ja" v="85C ベーカリーカフェ" />
    <tag k="name:zh" v="85度C" />
    <tag k="takeaway" v="yes" />
  </node>
  <node id="4420538324" lat="24.9197370" lon="121.1841815">
    <tag k="name" v="101文具天堂" />
    <tag k="shop" v="stationery" />
  </node>
  <node id="4420541364" lat="24.9199291" lon="121.1833521">
    <tag k="amenity" v="taxi" />
    <tag k="name" v="白牌計程車" />
  </node>
  <node id="4420612322" lat="24.9196470" lon="121.1836192">
    <tag k="name" v="埔心" />
    <tag k="name:en" v="Puxin" />
    <tag k="name:hak" v="puˊ ximˊ" />
    <tag k="name:hak-Hant" v="埔心" />
    <tag k="name:ja" v="埔心" />
    <tag k="name:ko" v="푸신" />
    <tag k="name:nan" v="Po͘-sim" />
    <tag k="name:nan-Hant" v="埔心" />
    <tag k="name:nan-Latn-pehoeji" v="Po͘-sim" />
    <tag k="name:nan-Latn-tailo" v="Poo-sim" />
    <tag k="name:zh" v="埔心" />
    <tag k="name:zh-Hans" v="埔心" />
    <tag k="name:zh-Hant" v="埔心" />
    <tag k="name:zh-Latn-pinyin" v="pǔ xīn" />
    <tag k="network" v="臺鐵" />
    <tag k="network:en" v="TRA" />
    <tag k="network:nan" v="Tâi-thih" />
    <tag k="network:nan-Hant" v="臺鐵" />
    <tag k="network:nan-Latn-pehoeji" v="Tâi-thih" />
    <tag k="network:nan-Latn-tailo" v="Tâi-thih" />
    <tag k="network:wikidata" v="Q30941702" />
    <tag k="network:zh" v="臺鐵" />
    <tag k="old_operator" v="臺灣鐵路管理局" />
    <tag k="old_operator:en" v="Taiwan Railways Administration" />
    <tag k="old_operator:hak" v="Thòi-vân Thiet-lu Kón-lî-khiu̍k" />
    <tag k="old_operator:nan" v="Tâi-oân Thih-lō͘ Koán-lí-kio̍k" />
    <tag k="old_operator:nan-Hant" v="臺灣鐵路管理局" />
    <tag k="old_operator:nan-Latn-pehoeji" v="Tâi-oân Thih-lō͘ Koán-lí-kio̍k" />
    <tag k="old_operator:nan-Latn-tailo" v="Tâi-uân Thih-lōo Kuán-lí-kio̍k" />
    <tag k="old_operator:short:en" v="TRA" />
    <tag k="old_operator:wikidata" v="Q697926" />
    <tag k="old_operator:wikipedia" v="zh:臺灣鐵路管理局" />
    <tag k="old_operator:zh" v="臺灣鐵路管理局" />
    <tag k="operator" v="國營臺灣鐵路股份有限公司" />
    <tag k="operator:en" v="Taiwan Railway Corporation" />
    <tag k="operator:nan" v="Kok-êng Tâi-oân Thih-lō͘ Iú-hān Kong-si" />
    <tag k="operator:nan-Hant" v="國營臺灣鐵路股份有限公司" />
    <tag k="operator:nan-Latn-pehoeji" v="Kok-êng Tâi-oân Thih-lō͘ Iú-hān Kong-si" />
    <tag k="operator:nan-Latn-tailo" v="Kok-îng Tâi-uân Thih-lōo Kóo-hūn Iú-hān Kong-si" />
    <tag k="operator:short" v="台鐵" />
    <tag k="operator:short:en" v="TRC" />
    <tag k="operator:short:nan" v="Tâi-thih" />
    <tag k="operator:short:nan-Hant" v="台鐵" />
    <tag k="operator:short:nan-Latn-pehoeji" v="Tâi-thih" />
    <tag k="operator:short:nan-Latn-tailo" v="Tâi-thih" />
    <tag k="operator:short:zh" v="台鐵" />
    <tag k="operator:wikidata" v="Q112151129" />
    <tag k="operator:wikipedia" v="zh:臺灣鐵路公司" />
    <tag k="operator:zh" v="國營臺灣鐵路股份有限公司" />
    <tag k="platforms" v="2" />
    <tag k="public_transport" v="station" />
    <tag k="railway" v="station" />
    <tag k="ref" v="1110" />
    <tag k="station" v="train" />
    <tag k="train" v="yes" />
    <tag k="wikidata" v="Q10930149" />
    <tag k="wikipedia" v="zh:埔心車站" />
  </node>
  <node id="5109129497" lat="24.9208966" lon="121.1847348">
    <tag k="railway" v="switch" />
  </node>
  <node id="5109129498" lat="24.9209719" lon="121.1848716">
    <tag k="railway" v="switch" />
  </node>
  <node id="5123332361" lat="25.0987373" lon="121.2515529" />
  <node id="5123332362" lat="25.0968719" lon="121.2514732" />
  <node id="5123332363" lat="25.0967068" lon="121.2515464" />
  <node id="5123332364" lat="25.0957505" lon="121.2516850" />
  <node id="5123332365" lat="25.0951856" lon="121.2518807" />
  <node id="5123332366" lat="25.0947130" lon="121.2521009" />
  <node id="5123332367" lat="25.0942403" lon="121.2523455" />
  <node id="5123332368" lat="25.0935757" lon="121.2527981" />
  <node id="5123332369" lat="25.0924953" lon="121.2536056" />
  <node id="5123332370" lat="25.0929738" lon="121.2544170" />
  <node id="5123332371" lat="25.0924892" lon="121.2547684" />
  <node id="5123332372" lat="25.0940410" lon="121.2573654" />
  <node id="5123332373" lat="25.0941996" lon="121.2574962" />
  <node id="5123332374" lat="25.0943831" lon="121.2575312" />
  <node id="5123332375" lat="25.0945767" lon="121.2575109" />
  <node id="5123332376" lat="25.0948003" lon="121.2574133" />
  <node id="5123332377" lat="25.1003242" lon="121.2544116" />
  <node id="5123332378" lat="25.1004928" lon="121.2542027" />
  <node id="5123332379" lat="25.1005272" lon="121.2539900" />
  <node id="5123332380" lat="25.1004538" lon="121.2537495" />
  <node id="5123332381" lat="25.0997729" lon="121.2527293" />
  <node id="5123332382" lat="25.0994978" lon="121.2524103" />
  <node id="5123332383" lat="25.0989567" lon="121.2515571" />
  <node id="5368313793" lat="25.0191602" lon="121.2837515" />
  <node id="5368313799" lat="25.0191363" lon="121.2840237" />
  <node id="5368313800" lat="25.0190282" lon="121.2838536" />
  <node id="5388271460" lat="25.0194467" lon="121.2844583" />
  <node id="5388271477" lat="25.0193831" lon="121.2845764" />
  <node id="5388271478" lat="25.0194206" lon="121.2846254" />
  <node id="5388271501" lat="25.0189967" lon="121.2840091" />
  <node id="5388271502" lat="25.0190417" lon="121.2841056" />
  <node id="5388271503" lat="25.0191367" lon="121.2840519" />
  <node id="5388271517" lat="25.0200835" lon="121.2849453" />
  <node id="5388271519" lat="25.0198709" lon="121.2851106" />
  <node id="5388271520" lat="25.0200025" lon="121.2851876" />
  <node id="5388271521" lat="25.0200583" lon="121.2850751" />
  <node id="5388271522" lat="25.0200174" lon="121.2852108" />
  <node id="5388271523" lat="25.0200344" lon="121.2854225" />
  <node id="5388271524" lat="25.0197179" lon="121.2853085" />
  <node id="5388271525" lat="25.0198093" lon="121.2851286" />
  <node id="5388271526" lat="25.0200358" lon="121.2854298" />
  <node id="5388271527" lat="25.0200580" lon="121.2856586" />
  <node id="5388271528" lat="25.0198654" lon="121.2856000" />
  <node id="5388271529" lat="25.0199267" lon="121.2853924" />
  <node id="5388271530" lat="25.0199200" lon="121.2853891" />
  <node id="5388271531" lat="25.0197149" lon="121.2853159" />
  <node id="5388271532" lat="25.0196101" lon="121.2855227" />
  <node id="5388271533" lat="25.0198566" lon="121.2855976" />
  <node id="5388271539" lat="25.0192870" lon="121.2853956" />
  <node id="5388271540" lat="25.0196166" lon="121.2850647" />
  <node id="5388271541" lat="25.0194528" lon="121.2848554" />
  <node id="5388271542" lat="25.0191662" lon="121.2851480" />
  <node id="5388271543" lat="25.0194503" lon="121.2848517" />
  <node id="5388271544" lat="25.0193703" lon="121.2847493" />
  <node id="5388271545" lat="25.0191040" lon="121.2850141" />
  <node id="5388271546" lat="25.0191632" lon="121.2851425" />
  <node id="5388271547" lat="25.0194688" lon="121.2848665" />
  <node id="5388271548" lat="25.0196288" lon="121.2847129" />
  <node id="5388271549" lat="25.0194217" lon="121.2844396" />
  <node id="5388271550" lat="25.0193413" lon="121.2845090" />
  <node id="5388271551" lat="25.0194529" lon="121.2846655" />
  <node id="5388271552" lat="25.0193741" lon="121.2847466" />
  <node id="5388271555" lat="25.0199611" lon="121.2839364" />
  <node id="5388271556" lat="25.0202215" lon="121.2843671" />
  <node id="5388271557" lat="25.0200747" lon="121.2846643" />
  <node id="5388271558" lat="25.0198072" lon="121.2851264" />
  <node id="5388271559" lat="25.0196359" lon="121.2854365" />
  <node id="5388271560" lat="25.0196396" lon="121.2847111" />
  <node id="5388271561" lat="25.0194239" lon="121.2844296" />
  <node id="5388271562" lat="25.0193362" lon="121.2845076" />
  <node id="5388271563" lat="25.0194502" lon="121.2846656" />
  <node id="5388271564" lat="25.0190933" lon="121.2850207" />
  <node id="5388271565" lat="25.0186721" lon="121.2841892" />
  <node id="5388271566" lat="25.0189939" lon="121.2840045" />
  <node id="5388271567" lat="25.0191796" lon="121.2837355" />
  <node id="5388271568" lat="25.0194887" lon="121.2841924" />
  <node id="5388429824" lat="25.0201046" lon="121.2857943" />
  <node id="5388429825" lat="25.0201256" lon="121.2858818" />
  <node id="5388429868" lat="25.0200755" lon="121.2856849" />
  <node id="5388429869" lat="25.0201640" lon="121.2860097" />
  <node id="5388429870" lat="25.0201794" lon="121.2861119" />
  <node id="5388429871" lat="25.0201992" lon="121.2865232" />
  <node id="5388429872" lat="25.0198368" lon="121.2865321" />
  <node id="5388429873" lat="25.0194211" lon="121.2856849" />
  <node id="5388429874" lat="25.0195939" lon="121.2855668" />
  <node id="5388429875" lat="25.0196088" lon="121.2855286" />
  <node id="5388429893" lat="25.0203886" lon="121.2847469" />
  <node id="5388429894" lat="25.0202411" lon="121.2846920" />
  <node id="5388429895" lat="25.0201260" lon="121.2846834" />
  <node id="5388429896" lat="25.0201278" lon="121.2848324" />
  <node id="5388429897" lat="25.0201060" lon="121.2850036" />
  <node id="5388429898" lat="25.0202707" lon="121.2850401" />
  <node id="5388429899" lat="25.0202783" lon="121.2850397" />
  <node id="5388429900" lat="25.0204930" lon="121.2851214" />
  <node id="5388429901" lat="25.0206833" lon="121.2846320" />
  <node id="5388429902" lat="25.0204846" lon="121.2845465" />
  <node id="5388429903" lat="25.0204078" lon="121.2847182" />
  <node id="5388429910" lat="25.0206235" lon="121.2853910" />
  <node id="5388429911" lat="25.0206751" lon="121.2852007" />
  <node id="5388429912" lat="25.0204920" lon="121.2851342" />
  <node id="5388429913" lat="25.0202701" lon="121.2850520" />
  <node id="5388429914" lat="25.0201043" lon="121.2850175" />
  <node id="5388429915" lat="25.0200703" lon="121.2851986" />
  <node id="5388429916" lat="25.0206279" lon="121.2856209" />
  <node id="5388429917" lat="25.0206767" lon="121.2854237" />
  <node id="5388429918" lat="25.0200703" lon="121.2852141" />
  <node id="5388429919" lat="25.0200808" lon="121.2854093" />
  <node id="5388429920" lat="25.0201174" lon="121.2854228" />
  <node id="5388430021" lat="25.0201095" lon="121.2854497" />
  <node id="5388430026" lat="25.0206876" lon="121.2854280" />
  <node id="5388430027" lat="25.0209718" lon="121.2855230" />
  <node id="5388430028" lat="25.0209152" lon="121.2857168" />
  <node id="5388430029" lat="25.0206378" lon="121.2856256" />
  <node id="5388430232" lat="25.0210595" lon="121.2862039" />
  <node id="5388430233" lat="25.0201809" lon="121.2859195" />
  <node id="5388430234" lat="25.0202234" lon="121.2861328" />
  <node id="5388430235" lat="25.0207435" lon="121.2862870" />
  <node id="5388430236" lat="25.0202295" lon="121.2861462" />
  <node id="5388430237" lat="25.0202388" lon="121.2864431" />
  <node id="5388430238" lat="25.0203668" lon="121.2864359" />
  <node id="5388430239" lat="25.0206852" lon="121.2863447" />
  <node id="5388430240" lat="25.0207375" lon="121.2862977" />
  <node id="6838461592" lat="24.9197953" lon="121.1846495">
    <tag k="brand" v="全國電子" />
    <tag k="brand:en" v="E-life Mall" />
    <tag k="brand:nan" v="Choân-kok Tiān-chú" />
    <tag k="brand:nan-Hant" v="全國電子" />
    <tag k="brand:nan-Latn-pehoeji" v="Choân-kok Tiān-chú" />
    <tag k="brand:nan-Latn-tailo" v="Tsuân-kok Tiān-tsú" />
    <tag k="brand:wikidata" v="Q10891540" />
    <tag k="brand:zh" v="全國電子" />
    <tag k="name" v="全國電子" />
    <tag k="name:en" v="E-life Mall" />
    <tag k="name:nan" v="Choân-kok Tiān-chú" />
    <tag k="name:nan-Hant" v="全國電子" />
    <tag k="name:nan-Latn-pehoeji" v="Choân-kok Tiān-chú" />
    <tag k="name:nan-Latn-tailo" v="Tsuân-kok Tiān-tsú" />
    <tag k="name:zh" v="全國電子" />
    <tag k="shop" v="electronics" />
  </node>
  <node id="6838461594" lat="24.9191885" lon="121.1837096">
    <tag k="brand" v="全家便利商店" />
    <tag k="brand:en" v="FamilyMart" />
    <tag k="brand:ja" v="ファミリーマート" />
    <tag k="brand:wikidata" v="Q10891564" />
    <tag k="brand:wikipedia" v="zh:全家便利商店" />
    <tag k="name" v="全家便利商店" />
    <tag k="name:en" v="FamilyMart" />
    <tag k="name:zh" v="全家便利商店" />
    <tag k="payment:ep_easycard" v="yes" />
    <tag k="payment:ep_ipass" v="yes" />
    <tag k="shop" v="convenience" />
  </node>
  <node id="6838461595" lat="24.9197455" lon="121.1842404">
    <tag k="bus" v="yes" />
    <tag k="departures_board" v="timetable" />
    <tag k="highway" v="bus_stop" />
    <tag k="name" v="埔心火車站" />
    <tag k="public_transport" v="platform" />
  </node>
  <node id="7229855827" lat="24.9273690" lon="121.1918668" />
  <node id="7229855828" lat="24.9267672" lon="121.1907167" />
  <node id="7229855829" lat="24.9258694" lon="121.1892602" />
  <node id="7229855830" lat="24.9259820" lon="121.1884210" />
  <node id="7229855831" lat="24.9272354" lon="121.1885618" />
  <node id="7229855832" lat="24.9275405" lon="121.1886687" />
  <node id="7229855833" lat="24.9275027" lon="121.1890156" />
  <node id="7229855834" lat="24.9273963" lon="121.1900613" />
  <node id="7229855835" lat="24.9275358" lon="121.1903378" />
  <node id="7229855836" lat="24.9277250" lon="121.1904082" />
  <node id="7229855837" lat="24.9283020" lon="121.1904682" />
  <node id="7229855838" lat="24.9285314" lon="121.1905281" />
  <node id="7229855839" lat="24.9288459" lon="121.1907576" />
  <node id="7229855840" lat="24.9288176" lon="121.1908724" />
  <node id="7229855841" lat="24.9283233" lon="121.1914383" />
  <node id="7229855842" lat="24.9277888" lon="121.1916547" />
  <node id="7400401796" lat="24.9189585" lon="121.1812350" />
  <node id="7400401797" lat="24.9196688" lon="121.1810365" />
  <node id="7400401798" lat="24.9197856" lon="121.1810419" />
  <node id="7400401799" lat="24.9198269" lon="121.1810794" />
  <node id="7400401800" lat="24.9205640" lon="121.1818707" />
  <node id="7400401801" lat="24.9205664" lon="121.1819404" />
  <node id="7400401802" lat="24.9198294" lon="121.1828792" />
  <node id="7400401803" lat="24.9195034" lon="121.1825627" />
  <node id="7400401804" lat="24.9191775" lon="121.1819887" />
  <node id="7400401805" lat="24.9189634" lon="121.1813718" />
  <node id="7557599802" lat="24.9209639" lon="121.1848014">
    <tag k="railway" v="switch" />
  </node>
  <node id="8151666470" lat="24.9191713" lon="121.1841175">
    <tag k="amenity" v="pharmacy" />
    <tag k="brand" v="大樹藥局" />
    <tag k="brand:en" v="Great Tree Pharmacy" />
    <tag k="brand:wikidata" v="Q108167767" />
    <tag k="brand:zh" v="大樹藥局" />
    <tag k="dispensing" v="yes" />
    <tag k="healthcare" v="pharmacy" />
    <tag k="name" v="大樹藥局" />
    <tag k="name:en" v="Great Tree Pharmacy" />
    <tag k="name:zh" v="大樹藥局" />
    <tag k="website" v="https://www.greattree.com.tw" />
  </node>
  <node id="8220864079" lat="24.9194070" lon="121.1838890">
    <tag k="alt_name" v="YouBike1.0_埔心火車站(前站)" />
    <tag k="alt_name:en" v="YouBike1.0_TRA Puxin Station" />
    <tag k="alt_name:zh" v="YouBike1.0_埔心火車站(前站)" />
    <tag k="alt_name:zh-Bopo" v="YouBike1.0_ㄆㄨˇㄒㄧㄣㄏㄨㄛˇㄔㄜㄓㄢˋ(ㄑㄧㄢˊㄓㄢˋ)" />
    <tag k="alt_name:zh-Hans" v="YouBike1.0_埔心火车站(前站)" />
    <tag k="alt_name:zh-Hant" v="YouBike1.0_埔心火車站(前站)" />
    <tag k="alt_name:zh-Latn-pinyin" v="YouBike1.0_pǔxīnhuǒchēzhàn(qiánzhàn)" />
    <tag k="amenity" v="bicycle_rental" />
    <tag k="authentication:contactless" v="yes" />
    <tag k="authentication:membership_card" v="yes" />
    <tag k="bicycle_rental" v="docking_station" />
    <tag k="brand" v="YouBike" />
    <tag k="brand:en" v="YouBike" />
    <tag k="brand:wikidata" v="Q20687952" />
    <tag k="brand:wikipedia" v="en:YouBike" />
    <tag k="brand:zh" v="微笑單車" />
    <tag k="capacity" v="32" />
    <tag k="description" v="永美路210號旁廣場" />
    <tag k="description:en" v="No.210, Yongmei Rd." />
    <tag k="description:zh" v="永美路210號旁廣場" />
    <tag k="description:zh-Hans" v="永美路210号旁广场" />
    <tag k="description:zh-Hant" v="永美路210號旁廣場" />
    <tag k="fee" v="yes" />
    <tag k="name" v="埔心火車站(前站)" />
    <tag k="name:en" v="TRA Puxin Station" />
    <tag k="name:nan" v="Po͘-sim Hé-chhia-chām(Chêng-ia̍h)" />
    <tag k="name:nan-Hant" v="埔心火車站(前驛)" />
    <tag k="name:nan-Latn-pehoeji" v="Po͘-sim Hé-chhia-chām(Chêng-ia̍h)" />
    <tag k="name:nan-Latn-tailo" v="Poo-sim Hé-tshia-tsām(Tsîng-ia̍h)" />
    <tag k="name:zh" v="埔心火車站(前站)" />
    <tag k="name:zh-Bopo" v="ㄆㄨˇㄒㄧㄣㄏㄨㄛˇㄔㄜㄓㄢˋ(ㄑㄧㄢˊㄓㄢˋ)" />
    <tag k="name:zh-Hans" v="埔心火车站(前站)" />
    <tag k="name:zh-Hant" v="埔心火車站(前站)" />
    <tag k="name:zh-Latn-pinyin" v="pǔxīnhuǒchēzhàn(qiánzhàn)" />
    <tag k="nat_ref" v="TAO2379" />
    <tag k="network" v="桃園市公共自行車租賃系統" />
    <tag k="network:en" v="Taoyuan Public Bike" />
    <tag k="network:wikidata" v="Q17499392" />
    <tag k="network:wikipedia" v="zh:桃園市公共自行車租賃系統" />
    <tag k="network:zh" v="桃園市公共自行車租賃系統" />
    <tag k="opening_hours" v="24/7" />
    <tag k="operator" v="微笑單車股份有限公司" />
    <tag k="operator:en" v="YOUBIKE CO., LTD." />
    <tag k="operator:type" v="government" />
    <tag k="payment:cards" v="yes" />
    <tag k="payment:credit_cards" v="yes" />
    <tag k="payment:ep_easycard" v="yes" />
    <tag k="payment:ep_ipass" v="yes" />
    <tag k="payment:jcb" v="yes" />
    <tag k="payment:mastercard" v="yes" />
    <tag k="payment:visa" v="yes" />
    <tag k="ref" v="2379" />
    <tag k="rental" v="city_bike" />
    <tag k="source" v="PTX" />
    <tag k="source:date" v="2023-12-13T10:54:03+08:00" />
    <tag k="start_date" v="2020-10-1914:00" />
  </node>
  <node id="9328775456" lat="24.9270285" lon="121.1927476" />
  <node id="9328775457" lat="24.9267289" lon="121.1928503" />
  <node id="9363069618" lat="24.9189144" lon="121.1837512">
    <tag k="addr:city" v="桃園市" />
    <tag k="addr:country" v="TW" />
    <tag k="addr:district" v="楊梅區" />
    <tag k="addr:full" v="32654桃園市楊梅區永美路235號" />
    <tag k="addr:housenumber" v="235" />
    <tag k="addr:postcode" v="32654" />
    <tag k="addr:street" v="永美路" />
    <tag k="amenity" v="cafe" />
    <tag k="cuisine" v="coffee_shop" />
    <tag k="name" v="路易莎咖啡(桃園埔心店)" />
    <tag k="opening_hours" v="07:00-19:30" />
  </node>
  <node id="9373526417" lat="24.9186518" lon="121.1840465" />
  <node id="9373526418" lat="24.9187588" lon="121.1839929" />
  <node id="9373526419" lat="24.9188328" lon="121.1839392" />
  <node id="9373526420" lat="24.9189067" lon="121.1839038" />
  <node id="9373526421" lat="24.9189622" lon="121.1838781" />
  <node id="9373526422" lat="24.9189816" lon="121.1838555" />
  <node id="9373526423" lat="24.9189787" lon="121.1838351" />
  <node id="9373526424" lat="24.9189651" lon="121.1838158" />
  <node id="9373526425" lat="24.9188454" lon="121.1837032" />
  <node id="9373526426" lat="24.9187900" lon="121.1836313" />
  <node id="9373526427" lat="24.9187754" lon="121.1836184" />
  <node id="9373526428" lat="24.9186674" lon="121.1837343" />
  <node id="9373526429" lat="24.9185905" lon="121.1838083" />
  <node id="9373526430" lat="24.9185525" lon="121.1838437" />
  <node id="9373526431" lat="24.9185856" lon="121.1838931" />
  <node id="9373526432" lat="24.9186352" lon="121.1840004" />
  <node id="9374753345" lat="24.9195226" lon="121.1843303" />
  <node id="9374753346" lat="24.9192820" lon="121.1846136" />
  <node id="9374753347" lat="24.9190651" lon="121.1847056" />
  <node id="9374753348" lat="24.9188761" lon="121.1844426" />
  <node id="9374753349" lat="24.9189688" lon="121.1843359" />
  <node id="9374753350" lat="24.9188377" lon="121.1840766" />
  <node id="9374753351" lat="24.9189834" lon="121.1839972" />
  <node id="9374753352" lat="24.9190611" lon="121.1839367" />
  <node id="9374753353" lat="24.9190783" lon="121.1839358" />
  <node id="9374753354" lat="24.9191028" lon="121.1839467" />
  <node id="9374753355" lat="24.9191405" lon="121.1839683" />
  <node id="9374753356" lat="24.9192616" lon="121.1840820" />
  <node id="9374753357" lat="24.9193982" lon="121.1842119" />
  <node id="9374779146" lat="24.9188941" lon="121.1848045" />
  <node id="9374779147" lat="24.9190262" lon="121.1850306" />
  <node id="9374779149" lat="24.9191091" lon="121.1850128" />
  <node id="9374779150" lat="24.9192519" lon="121.1849016" />
  <node id="9374779151" lat="24.9191969" lon="121.1847514" />
  <node id="9374779152" lat="24.9188914" lon="121.1847802" />
  <node id="9375761053" lat="24.9195567" lon="121.1843866" />
  <node id="9375761054" lat="24.9197990" lon="121.1846130" />
  <node id="9375761055" lat="24.9199586" lon="121.1847836" />
  <node id="9375761056" lat="24.9202038" lon="121.1850142" />
  <node id="9375761057" lat="24.9202339" lon="121.1850443" />
  <node id="9375761058" lat="24.9202475" lon="121.1850829" />
  <node id="9375761059" lat="24.9202106" lon="121.1851226" />
  <node id="9375761060" lat="24.9201074" lon="121.1852310" />
  <node id="9375761061" lat="24.9200714" lon="121.1851956" />
  <node id="9375761062" lat="24.9200685" lon="121.1851087" />
  <node id="9375761063" lat="24.9198564" lon="121.1849252" />
  <node id="9375761064" lat="24.9196141" lon="121.1846806" />
  <node id="9375761065" lat="24.9195042" lon="121.1845926" />
  <node id="9375761066" lat="24.9194337" lon="121.1845252" />
  <node id="9375761071" lat="24.9200943" lon="121.1852367" />
  <node id="9375761072" lat="24.9200052" lon="121.1852992" />
  <node id="9375761073" lat="24.9199832" lon="121.1852992" />
  <node id="9375761074" lat="24.9199485" lon="121.1852596" />
  <node id="9375761075" lat="24.9197588" lon="121.1850644" />
  <node id="9375761076" lat="24.9196836" lon="121.1849802" />
  <node id="9375761077" lat="24.9196674" lon="121.1849636" />
  <node id="9375761078" lat="24.9197634" lon="121.1848526" />
  <node id="9375761079" lat="24.9199289" lon="121.1850083" />
  <node id="9375761080" lat="24.9200492" lon="121.1851180" />
  <node id="9375761081" lat="24.9200573" lon="121.1851754" />
  <node id="9375761082" lat="24.9200677" lon="121.1852213" />
  <node id="9377963215" lat="24.9203981" lon="121.1852073" />
  <node id="9377963216" lat="24.9210919" lon="121.1858912" />
  <node id="9377988517" lat="24.9208546" lon="121.1861745" />
  <node id="9377988525" lat="24.9203195" lon="121.1856332" />
  <node id="9377988526" lat="24.9200855" lon="121.1853950" />
  <node id="9377988527" lat="24.9202197" lon="121.1852994" />
  <node id="9377988528" lat="24.9203359" lon="121.1851712" />
  <node id="9378602178" lat="24.9207139" lon="121.1848511" />
  <node id="9378602179" lat="24.9206536" lon="121.1849219" />
  <node id="9378602180" lat="24.9205310" lon="121.1849992" />
  <node id="9378602181" lat="24.9198295" lon="121.1843198" />
  <node id="9378602182" lat="24.9198829" lon="121.1842524" />
  <node id="9378602183" lat="24.9199338" lon="121.1842344" />
  <node id="9378602184" lat="24.9199667" lon="121.1842546" />
  <node id="9378602185" lat="24.9200095" lon="121.1843061" />
  <node id="9378602188" lat="24.9201008" lon="121.1844092" />
  <node id="9378602190" lat="24.9202004" lon="121.1843339" />
  <node id="9378602191" lat="24.9204492" lon="121.1845814" />
  <node id="9378602192" lat="24.9205290" lon="121.1846822" />
  <node id="9378602193" lat="24.9205464" lon="121.1846567" />
  <node id="9378602194" lat="24.9206887" lon="121.1847983" />
  <node id="9378602195" lat="24.9207199" lon="121.1848353" />
  <node id="9383384802" lat="24.9205728" lon="121.1850353" />
  <node id="9383384803" lat="24.9217689" lon="121.1862064" />
  <node id="9383384804" lat="24.9219440" lon="121.1860061" />
  <node id="9383384816" lat="24.9216838" lon="121.1856976" />
  <node id="9383388817" lat="24.9208067" lon="121.1848928" />
  <node id="9383395644" lat="24.9226371" lon="121.1831494" />
  <node id="9383395645" lat="24.9229807" lon="121.1846687" />
  <node id="9383395646" lat="24.9231476" lon="121.1852353" />
  <node id="9383395647" lat="24.9225945" lon="121.1856683" />
  <node id="9383395648" lat="24.9224178" lon="121.1857080" />
  <node id="9383395649" lat="24.9222935" lon="121.1856827" />
  <node id="9383395650" lat="24.9222313" lon="121.1855095" />
  <node id="9383395651" lat="24.9221985" lon="121.1851847" />
  <node id="9383395652" lat="24.9221036" lon="121.1849682" />
  <node id="9383395653" lat="24.9219236" lon="121.1848311" />
  <node id="9383395654" lat="24.9217404" lon="121.1847084" />
  <node id="9383395655" lat="24.9214295" lon="121.1832468" />
  <node id="9383395656" lat="24.9216618" lon="121.1831638" />
  <node id="9383395657" lat="24.9217371" lon="121.1831999" />
  <node id="9383395658" lat="24.9222215" lon="121.1830375" />
  <node id="9396550927" lat="24.9197395" lon="121.1848363" />
  <node id="9396550928" lat="24.9194225" lon="121.1845454" />
  <node id="9396550929" lat="24.9192651" lon="121.1847469" />
  <node id="9396550930" lat="24.9193340" lon="121.1849908" />
  <node id="9396550931" lat="24.9194634" lon="121.1848595" />
  <node id="9396550932" lat="24.9195872" lon="121.1850241" />
  <node id="9396550933" lat="24.9194228" lon="121.1852283" />
  <node id="9396550934" lat="24.9196323" lon="121.1849685" />
  <node id="9396550935" lat="24.9197190" lon="121.1850471" />
  <node id="9396550936" lat="24.9197109" lon="121.1850739" />
  <node id="9396550937" lat="24.9195697" lon="121.1855243" />
  <node id="9396550938" lat="24.9195315" lon="121.1855409" />
  <node id="9396550939" lat="24.9194482" lon="121.1851842" />
  <node id="9396550940" lat="24.9195872" lon="121.1850241" />
  <node id="9396550941" lat="24.9196323" lon="121.1849685" />
  <node id="9396550942" lat="24.9198093" lon="121.1851890" />
  <node id="9396550943" lat="24.9197369" lon="121.1852668" />
  <node id="9396550944" lat="24.9198434" lon="121.1853982" />
  <node id="9520373001" lat="24.9249564" lon="121.1890643" />
  <node id="9520373002" lat="24.9246936" lon="121.1893268" />
  <node id="9520373003" lat="24.9247582" lon="121.1894421" />
  <node id="9520373004" lat="24.9248078" lon="121.1893981" />
  <node id="9520373005" lat="24.9249068" lon="121.1895847" />
  <node id="9520373006" lat="24.9250018" lon="121.1895149" />
  <node id="9520373007" lat="24.9250321" lon="121.1895604" />
  <node id="9520373008" lat="24.9249275" lon="121.1896302" />
  <node id="9520373009" lat="24.9252536" lon="121.1902113" />
  <node id="9520373010" lat="24.9255026" lon="121.1900733" />
  <node id="9520373011" lat="24.9244005" lon="121.1890688" />
  <node id="9520373012" lat="24.9245532" lon="121.1892357" />
  <node id="9520373013" lat="24.9250554" lon="121.1899731" />
  <node id="9520373014" lat="24.9252041" lon="121.1902311" />
  <node id="9520373015" lat="24.9250389" lon="121.1903540" />
  <node id="9520373016" lat="24.9242780" lon="121.1891644" />
  <node id="9520386117" lat="24.9242698" lon="121.1892661" />
  <node id="9520386118" lat="24.9249743" lon="121.1903919" />
  <node id="9520386119" lat="24.9247004" lon="121.1906104" />
  <node id="9520386120" lat="24.9239657" lon="121.1895012" />
  <node id="9520386125" lat="24.9254916" lon="121.1901942" />
  <node id="9520386126" lat="24.9257902" lon="121.1907617" />
  <node id="9520386127" lat="24.9256278" lon="121.1909088" />
  <node id="9520386128" lat="24.9252797" lon="121.1903065" />
  <node id="9520386129" lat="24.9253680" lon="121.1905944" />
  <node id="9520386130" lat="24.9252497" lon="121.1906748" />
  <node id="9520386131" lat="24.9254492" lon="121.1910663" />
  <node id="9520386132" lat="24.9255771" lon="121.1909722" />
  <node id="9520386133" lat="24.9247488" lon="121.1906794" />
  <node id="9520386134" lat="24.9251313" lon="121.1912514" />
  <node id="9520386135" lat="24.9253969" lon="121.1911239" />
  <node id="9520386136" lat="24.9251520" lon="121.1906642" />
  <node id="9520386137" lat="24.9252648" lon="121.1905823" />
  <node id="9520386138" lat="24.9251575" lon="121.1903622" />
  <node id="9520386139" lat="24.9246896" lon="121.1907279" />
  <node id="9520386140" lat="24.9250653" lon="121.1912817" />
  <node id="9520386141" lat="24.9249332" lon="121.1913485" />
  <node id="9520386142" lat="24.9245644" lon="121.1908387" />
  <node id="9520386143" lat="24.9256074" lon="121.1910192" />
  <node id="9520386144" lat="24.9257739" lon="121.1913090" />
  <node id="9520386145" lat="24.9255881" lon="121.1911603" />
  <node id="9520386146" lat="24.9256363" lon="121.1911270" />
  <node id="9520386147" lat="24.9255826" lon="121.1910450" />
  <node id="9520386148" lat="24.9258417" lon="121.1908421" />
  <node id="9520386149" lat="24.9263212" lon="121.1916919" />
  <node id="9520386150" lat="24.9260659" lon="121.1917857" />
  <node id="9520386151" lat="24.9259334" lon="121.1918561" />
  <node id="9520386152" lat="24.9258646" lon="121.1917821" />
  <node id="9520386153" lat="24.9259023" lon="121.1915981" />
  <node id="9520386154" lat="24.9258892" lon="121.1914050" />
  <node id="9520386155" lat="24.9258335" lon="121.1913689" />
  <node id="9520386156" lat="24.9258286" lon="121.1913148" />
  <node id="9520386157" lat="24.9256486" lon="121.1909810" />
  <node id="9520386160" lat="24.9260309" lon="121.1918043" />
  <node id="9520386161" lat="24.9259132" lon="121.1915683" />
  <node id="9520386162" lat="24.9259065" lon="121.1916118" />
  <node id="9536977673" lat="24.9193913" lon="121.1842889">
    <tag k="addr:city" v="桃園市" />
    <tag k="addr:country" v="TW" />
    <tag k="addr:district" v="楊梅區" />
    <tag k="addr:full" v="32654桃園市楊梅區永美路213號" />
    <tag k="addr:housenumber" v="213" />
    <tag k="addr:postcode" v="32654" />
    <tag k="addr:street" v="永美路" />
    <tag k="amenity" v="dentist" />
    <tag k="healthcare" v="dentist" />
    <tag k="name" v="新新牙醫診所" />
    <tag k="opening_hours" v="Mo-Fr 14:30-21:00" />
    <tag k="phone" v="+886 34815803" />
  </node>
  <node id="9549656933" lat="24.9194718" lon="121.1843392">
    <tag k="addr:city" v="桃園市" />
    <tag k="addr:country" v="TW" />
    <tag k="addr:district" v="楊梅區" />
    <tag k="addr:full" v="32655桃園市楊梅區永美路207號" />
    <tag k="addr:housenumber" v="207" />
    <tag k="addr:postcode" v="32655" />
    <tag k="addr:street" v="永美路" />
    <tag k="amenity" v="restaurant" />
    <tag k="branch" v="永美店" />
    <tag k="name" v="墨爾漢堡(永美店)" />
    <tag k="opening_hours" v="05:30-11:30" />
    <tag k="phone" v="+886 34817522" />
    <tag k="source" v="https://mnya.tw/yo/word/974.html" />
  </node>
  <node id="9582840364" lat="24.9256544" lon="121.1922068" />
  <node id="9582840365" lat="24.9255863" lon="121.1922701" />
  <node id="9582840366" lat="24.9255445" lon="121.1922947" />
  <node id="9582840367" lat="24.9253265" lon="121.1923881" />
  <node id="9582840368" lat="24.9252302" lon="121.1921306" />
  <node id="9582840369" lat="24.9255737" lon="121.1919632" />
  <node id="9590413528" lat="24.9205783" lon="121.1842544" />
  <node id="9590413529" lat="24.9211718" lon="121.1848424" />
  <node id="9590413530" lat="24.9215883" lon="121.1848724" />
  <node id="9590413531" lat="24.9217031" lon="121.1848295" />
  <node id="9590413532" lat="24.9216622" lon="121.1847823" />
  <node id="9590413533" lat="24.9215824" lon="121.1844111" />
  <node id="9590413534" lat="24.9212808" lon="121.1843918" />
  <node id="9590413535" lat="24.9211037" lon="121.1844046" />
  <node id="9590413536" lat="24.9208391" lon="121.1844712" />
  <node id="9590413537" lat="24.9208138" lon="121.1844218" />
  <node id="9590413538" lat="24.9209610" lon="121.1843786" />
  <node id="9590413539" lat="24.9211020" lon="121.1843539" />
  <node id="9590413540" lat="24.9210826" lon="121.1842831" />
  <node id="9590413541" lat="24.9208510" lon="121.1843389" />
  <node id="9590413542" lat="24.9208257" lon="121.1842252" />
  <node id="9596885460" lat="24.9192077" lon="121.1840314" />
  <node id="9596949652" lat="24.9189746" lon="121.1838293" />
  <node id="9596949655" lat="24.9190279" lon="121.1839625" />
  <node id="9598389865" lat="24.9269297" lon="121.1924452" />
  <node id="9598389866" lat="24.9268381" lon="121.1922522" />
  <node id="9598389867" lat="24.9265534" lon="121.1919617" />
  <node id="9598389868" lat="24.9266761" lon="121.1923135" />
  <node id="9598389869" lat="24.9265287" lon="121.1919684" />
  <node id="9600020192" lat="24.9190595" lon="121.1839824">
    <tag k="addr:city" v="桃園市" />
    <tag k="addr:country" v="TW" />
    <tag k="addr:district" v="楊梅區" />
    <tag k="addr:full" v="326桃園市楊梅區中興路3號" />
    <tag k="addr:housenumber" v="3" />
    <tag k="addr:postcode" v="326" />
    <tag k="addr:street" v="中興路" />
    <tag k="branch" v="楊梅中興店" />
    <tag k="name" v="傑昇通信(楊梅中興店)" />
    <tag k="opening_hours" v="11:30-21:30" />
    <tag k="phone" v="+886 34311168" />
    <tag k="shop" v="telecommunication" />
    <tag k="website" v="https://www.jyes.com.tw/product.php" />
  </node>
  <node id="9600039497" lat="24.9191337" lon="121.1840295">
    <tag k="addr:city" v="桃園市" />
    <tag k="addr:country" v="TW" />
    <tag k="addr:district" v="楊梅區" />
    <tag k="addr:full" v="326桃園市楊梅區永美路229號" />
    <tag k="addr:housenumber" v="229" />
    <tag k="addr:postcode" v="326" />
    <tag k="addr:street" v="永美路" />
    <tag k="branch" v="永美店" />
    <tag k="name" v="CQ2十分有型(永美店)" />
    <tag k="opening_hours" v="10:00-20:40" />
    <tag k="phone" v="+886 35230523" />
    <tag k="shop" v="hairdresser" />
    <tag k="website" v="https://www.facebook.com/CQ2justcut/" />
  </node>
  <node id="9602781674" lat="24.9196081" lon="121.1831763">
    <tag k="amenity" v="bench" />
  </node>
  <node id="9602800636" lat="24.9201630" lon="121.1827219" />
  <node id="9602800637" lat="24.9199375" lon="121.1830130" />
  <node id="9602800638" lat="24.9199386" lon="121.1830717" />
  <node id="9602800639" lat="24.9200671" lon="121.1831928" />
  <node id="9602800640" lat="24.9203185" lon="121.1828684" />
  <node id="9602800641" lat="24.9202121" lon="121.1826330" />
  <node id="9602800642" lat="24.9205108" lon="121.1829236" />
  <node id="9602800643" lat="24.9206969" lon="121.1826911" />
  <node id="9602800644" lat="24.9203981" lon="121.1824005" />
  <node id="9602800645" lat="24.9205607" lon="121.1830920" />
  <node id="9602800646" lat="24.9203335" lon="121.1833714" />
  <node id="9602800647" lat="24.9202068" lon="121.1832462" />
  <node id="9602800648" lat="24.9204340" lon="121.1829668" />
  <node id="9602800649" lat="24.9207007" lon="121.1838049" />
  <node id="9602800650" lat="24.9205166" lon="121.1840442" />
  <node id="9602800651" lat="24.9203217" lon="121.1838619" />
  <node id="9602800652" lat="24.9205059" lon="121.1836226" />
  <node id="9625809713" lat="24.9195080" lon="121.1838290">
    <tag k="amenity" v="parcel_locker" />
    <tag k="brand" v="i郵箱" />
    <tag k="brand:en" v="iBox" />
    <tag k="brand:nan" v="i-iû-siuⁿ" />
    <tag k="brand:nan-Hant" v="i郵箱" />
    <tag k="brand:nan-Latn-pehoeji" v="i-iû-siuⁿ" />
    <tag k="brand:nan-Latn-tailo" v="i-iû-siunn" />
    <tag k="brand:wikidata" v="Q4375439" />
    <tag k="brand:zh" v="i郵箱" />
    <tag k="brand:zh-Hans" v="i邮箱" />
    <tag k="brand:zh-Hant" v="i郵箱" />
    <tag k="capacity" v="40" />
    <tag k="description" v="32600桃園市楊梅區永美路208號，東側前站1樓大門內側正面靠牆處" />
    <tag k="description:payment" v="郵政金融卡/悠遊卡/一卡通/愛金卡" />
    <tag k="name" v="埔心火車站i郵箱" />
    <tag k="note" v="三代櫃(智慧郵筒)" />
    <tag k="opening_hours" v="24/7" />
    <tag k="operator" v="中華郵政" />
    <tag k="operator:en" v="Chunghwa Post" />
    <tag k="operator:nan" v="Tiong-hôa Iû-chèng" />
    <tag k="operator:nan-Hant" v="中華郵政" />
    <tag k="operator:nan-Latn-pehoeji" v="Tiong-hôa Iû-chèng" />
    <tag k="operator:nan-Latn-tailo" v="Tiong-huâ Iû-tsìng" />
    <tag k="operator:wikidata" v="Q709259" />
    <tag k="operator:wikipedia" v="zh:中華郵政" />
    <tag k="operator:zh" v="中華郵政" />
    <tag k="operator:zh-Hans" v="中华邮政" />
    <tag k="operator:zh-Hant" v="中華郵政" />
    <tag k="parcel_mail_in" v="yes" />
    <tag k="parcel_pickup" v="yes" />
    <tag k="payment:ep_easycard" v="yes" />
    <tag k="payment:ep_icash" v="yes" />
    <tag k="payment:ep_ipass" v="yes" />
    <tag k="refrigerated" v="no" />
    <tag k="source" v="中華郵政" />
    <tag k="source:date" v="2021-10-05 16:58" />
    <tag k="source:url" v="https://data.gov.tw/dataset/52779" />
  </node>
  <node id="9712860699" lat="24.9203748" lon="121.1847676">
    <tag k="addr:city" v="桃園市" />
    <tag k="addr:country" v="TW" />
    <tag k="addr:district" v="楊梅區" />
    <tag k="addr:full" v="32655桃園市楊梅區永美路144號" />
    <tag k="addr:housenumber" v="144" />
    <tag k="addr:postcode" v="32655" />
    <tag k="addr:street" v="永美路" />
    <tag k="amenity" v="pharmacy" />
    <tag k="dispensing" v="yes" />
    <tag k="healthcare" v="pharmacy" />
    <tag k="name" v="鴻安藥局" />
  </node>
  <node id="9712860700" lat="24.9206784" lon="121.1850959">
    <tag k="addr:city" v="桃園市" />
    <tag k="addr:country" v="TW" />
    <tag k="addr:district" v="楊梅區" />
    <tag k="addr:full" v="32655桃園市楊梅區永美路126號" />
    <tag k="addr:housenumber" v="126" />
    <tag k="addr:postcode" v="32655" />
    <tag k="addr:street" v="永美路" />
    <tag k="amenity" v="restaurant" />
    <tag k="name" v="帝王食補 埔心店" />
    <tag k="opening_hours" v="16:00-02:30" />
    <tag k="phone" v="+886 34824240" />
    <tag k="website" v="https://www.tain.com.tw/" />
  </node>
  <node id="9748939313" lat="24.9195686" lon="121.1836414">
    <tag k="old_operator" v="臺灣鐵路管理局" />
    <tag k="old_operator:en" v="Taiwan Railways Administration" />
    <tag k="old_operator:hak" v="Thòi-vân Thiet-lu Kón-lî-khiu̍k" />
    <tag k="old_operator:nan" v="Tâi-oân Thih-lō͘ Koán-lí-kio̍k" />
    <tag k="old_operator:nan-Hant" v="臺灣鐵路管理局" />
    <tag k="old_operator:nan-Latn-pehoeji" v="Tâi-oân Thih-lō͘ Koán-lí-kio̍k" />
    <tag k="old_operator:nan-Latn-tailo" v="Tâi-uân Thih-lōo Kuán-lí-kio̍k" />
    <tag k="old_operator:short:en" v="TRA" />
    <tag k="old_operator:wikidata" v="Q697926" />
    <tag k="old_operator:wikipedia" v="zh:臺灣鐵路管理局" />
    <tag k="old_operator:zh" v="臺灣鐵路管理局" />
    <tag k="operator" v="國營臺灣鐵路股份有限公司" />
    <tag k="operator:en" v="Taiwan Railway Corporation" />
    <tag k="operator:nan" v="Kok-êng Tâi-oân Thih-lō͘ Iú-hān Kong-si" />
    <tag k="operator:nan-Hant" v="國營臺灣鐵路股份有限公司" />
    <tag k="operator:nan-Latn-pehoeji" v="Kok-êng Tâi-oân Thih-lō͘ Iú-hān Kong-si" />
    <tag k="operator:nan-Latn-tailo" v="Kok-îng Tâi-uân Thih-lōo Kóo-hūn Iú-hān Kong-si" />
    <tag k="operator:short" v="台鐵" />
    <tag k="operator:short:en" v="TRC" />
    <tag k="operator:short:nan" v="Tâi-thih" />
    <tag k="operator:short:nan-Hant" v="台鐵" />
    <tag k="operator:short:nan-Latn-pehoeji" v="Tâi-thih" />
    <tag k="operator:short:nan-Latn-tailo" v="Tâi-thih" />
    <tag k="operator:short:zh" v="台鐵" />
    <tag k="operator:wikidata" v="Q112151129" />
    <tag k="operator:wikipedia" v="zh:臺灣鐵路公司" />
    <tag k="operator:zh" v="國營臺灣鐵路股份有限公司" />
    <tag k="public_transport" v="stop_position" />
    <tag k="railway" v="stop" />
    <tag k="train" v="yes" />
  </node>
  <node id="9748939314" lat="24.9197044" lon="121.1834863">
    <tag k="old_operator" v="臺灣鐵路管理局" />
    <tag k="old_operator:en" v="Taiwan Railways Administration" />
    <tag k="old_operator:hak" v="Thòi-vân Thiet-lu Kón-lî-khiu̍k" />
    <tag k="old_operator:nan" v="Tâi-oân Thih-lō͘ Koán-lí-kio̍k" />
    <tag k="old_operator:nan-Hant" v="臺灣鐵路管理局" />
    <tag k="old_operator:nan-Latn-pehoeji" v="Tâi-oân Thih-lō͘ Koán-lí-kio̍k" />
    <tag k="old_operator:nan-Latn-tailo" v="Tâi-uân Thih-lōo Kuán-lí-kio̍k" />
    <tag k="old_operator:short:en" v="TRA" />
    <tag k="old_operator:wikidata" v="Q697926" />
    <tag k="old_operator:wikipedia" v="zh:臺灣鐵路管理局" />
    <tag k="old_operator:zh" v="臺灣鐵路管理局" />
    <tag k="operator" v="國營臺灣鐵路股份有限公司" />
    <tag k="operator:en" v="Taiwan Railway Corporation" />
    <tag k="operator:nan" v="Kok-êng Tâi-oân Thih-lō͘ Iú-hān Kong-si" />
    <tag k="operator:nan-Hant" v="國營臺灣鐵路股份有限公司" />
    <tag k="operator:nan-Latn-pehoeji" v="Kok-êng Tâi-oân Thih-lō͘ Iú-hān Kong-si" />
    <tag k="operator:nan-Latn-tailo" v="Kok-îng Tâi-uân Thih-lōo Kóo-hūn Iú-hān Kong-si" />
    <tag k="operator:short" v="台鐵" />
    <tag k="operator:short:en" v="TRC" />
    <tag k="operator:short:nan" v="Tâi-thih" />
    <tag k="operator:short:nan-Hant" v="台鐵" />
    <tag k="operator:short:nan-Latn-pehoeji" v="Tâi-thih" />
    <tag k="operator:short:nan-Latn-tailo" v="Tâi-thih" />
    <tag k="operator:short:zh" v="台鐵" />
    <tag k="operator:wikidata" v="Q112151129" />
    <tag k="operator:wikipedia" v="zh:臺灣鐵路公司" />
    <tag k="operator:zh" v="國營臺灣鐵路股份有限公司" />
    <tag k="public_transport" v="stop_position" />
    <tag k="railway" v="stop" />
    <tag k="train" v="yes" />
  </node>
  <node id="13929132186" lat="25.0201538" lon="121.2842551" />
  <way id="526919741">
    <nd ref="5123332361" />
    <nd ref="5123332362" />
    <nd ref="5123332363" />
    <nd ref="5123332364" />
    <nd ref="5123332365" />
    <nd ref="5123332366" />
    <nd ref="5123332367" />
    <nd ref="5123332368" />
    <nd ref="5123332369" />
    <nd ref="5123332370" />
    <nd ref="5123332371" />
    <nd ref="5123332372" />
    <nd ref="5123332373" />
    <nd ref="5123332374" />
    <nd ref="5123332375" />
    <nd ref="5123332376" />
    <nd ref="5123332377" />
    <nd ref="5123332378" />
    <nd ref="5123332379" />
    <nd ref="5123332380" />
    <nd ref="5123332381" />
    <nd ref="5123332382" />
    <nd ref="5123332383" />
    <nd ref="5123332361" />
    <tag k="landuse" v="industrial" />
    <tag k="name" v="桃園機場管制區" />
    <tag k="name:zh" v="桃園機場管制區" />
  </way>
  <way id="558648357">
    <nd ref="5388271522" />
    <nd ref="5388271523" />
    <nd ref="5388271524" />
    <nd ref="5388271525" />
    <nd ref="5388271522" />
    <tag k="landuse" v="farmland" />
  </way>
  <way id="558648358">
    <nd ref="5388271526" />
    <nd ref="5388271527" />
    <nd ref="5388271528" />
    <nd ref="5388271529" />
    <nd ref="5388271526" />
    <tag k="landuse" v="farmland" />
  </way>
  <way id="558648359">
    <nd ref="5388271530" />
    <nd ref="5388271531" />
    <nd ref="5388271532" />
    <nd ref="5388271533" />
    <nd ref="5388271530" />
    <tag k="landuse" v="farmland" />
  </way>
  <way id="558648361">
    <nd ref="5388271539" />
    <nd ref="5388271540" />
    <nd ref="5388271541" />
    <nd ref="5388271542" />
    <nd ref="5388271539" />
    <tag k="landuse" v="farmland" />
  </way>
  <way id="558648362">
    <nd ref="5388271543" />
    <nd ref="5388271544" />
    <nd ref="5388271545" />
    <nd ref="5388271546" />
    <nd ref="5388271543" />
    <tag k="landuse" v="farmland" />
  </way>
  <way id="558648363">
    <nd ref="5388271547" />
    <nd ref="5388271548" />
    <nd ref="5388271549" />
    <nd ref="5388271550" />
    <nd ref="5388271551" />
    <nd ref="5388271552" />
    <nd ref="5388271547" />
    <tag k="landuse" v="farmland" />
  </way>
  <way id="558648365">
    <nd ref="5388271555" />
    <nd ref="13929132186" />
    <nd ref="5388271556" />
    <nd ref="5388271557" />
    <nd ref="5388271517" />
    <nd ref="5388271521" />
    <nd ref="5388271520" />
    <nd ref="5388271519" />
    <nd ref="5388271558" />
    <nd ref="5388271559" />
    <nd ref="4070052733" />
    <nd ref="4070052732" />
    <nd ref="4070052731" />
    <nd ref="4070052727" />
    <nd ref="5388271560" />
    <nd ref="4070052721" />
    <nd ref="4070052720" />
    <nd ref="5388271460" />
    <nd ref="5388271561" />
    <nd ref="5388271562" />
    <nd ref="5388271477" />
    <nd ref="5388271478" />
    <nd ref="5388271563" />
    <nd ref="5388271564" />
    <nd ref="5388271565" />
    <nd ref="5388271566" />
    <nd ref="5388271501" />
    <nd ref="5388271502" />
    <nd ref="5388271503" />
    <nd ref="5368313799" />
    <nd ref="5368313800" />
    <nd ref="5368313793" />
    <nd ref="5388271567" />
    <nd ref="5388271568" />
    <nd ref="5388271555" />
    <tag k="landuse" v="industrial" />
  </way>
  <way id="558674261">
    <nd ref="5388429868" />
    <nd ref="5388429824" />
    <nd ref="5388429825" />
    <nd ref="5388429869" />
    <nd ref="5388429870" />
    <nd ref="5388429871" />
    <nd ref="5388429872" />
    <nd ref="5388429873" />
    <nd ref="5388429874" />
    <nd ref="5388429875" />
    <nd ref="5388429868" />
    <tag k="landuse" v="industrial" />
  </way>
  <way id="558674266">
    <nd ref="5388429893" />
    <nd ref="5388429894" />
    <nd ref="5388429895" />
    <nd ref="5388429896" />
    <nd ref="5388429897" />
    <nd ref="5388429898" />
    <nd ref="5388429893" />
    <tag k="landuse" v="farmland" />
  </way>
  <way id="558674267">
    <nd ref="5388429899" />
    <nd ref="5388429900" />
    <nd ref="5388429901" />
    <nd ref="5388429902" />
    <nd ref="5388429903" />
    <nd ref="5388429899" />
    <tag k="landuse" v="farmland" />
  </way>
  <way id="558674269">
    <nd ref="5388429910" />
    <nd ref="5388429911" />
    <nd ref="5388429912" />
    <nd ref="5388429913" />
    <nd ref="5388429914" />
    <nd ref="5388429915" />
    <nd ref="5388429910" />
    <tag k="landuse" v="farmland" />
  </way>
  <way id="558674270">
    <nd ref="5388429916" />
    <nd ref="5388429917" />
    <nd ref="5388429918" />
    <nd ref="5388429919" />
    <nd ref="5388429920" />
    <nd ref="5388430021" />
    <nd ref="5388429916" />
    <tag k="landuse" v="farmland" />
  </way>
  <way id="558674272">
    <nd ref="5388430026" />
    <nd ref="5388430027" />
    <nd ref="5388430028" />
    <nd ref="5388430029" />
    <nd ref="5388430026" />
    <tag k="landuse" v="farmland" />
  </way>
  <way id="558674290">
    <nd ref="5388430232" />
    <nd ref="5388430233" />
    <nd ref="5388430234" />
    <nd ref="5388430235" />
    <nd ref="5388430232" />
    <tag k="landuse" v="farmland" />
  </way>
  <way id="558674291">
    <nd ref="5388430236" />
    <nd ref="5388430237" />
    <nd ref="5388430238" />
    <nd ref="5388430239" />
    <nd ref="5388430240" />
    <nd ref="5388430236" />
    <tag k="landuse" v="farmland" />
  </way>
  <way id="774940111">
    <nd ref="7229855827" />
    <nd ref="7229855828" />
    <nd ref="7229855829" />
    <nd ref="7229855830" />
    <nd ref="7229855831" />
    <nd ref="7229855832" />
    <nd ref="7229855833" />
    <nd ref="7229855834" />
    <nd ref="7229855835" />
    <nd ref="7229855836" />
    <nd ref="7229855837" />
    <nd ref="7229855838" />
    <nd ref="7229855839" />
    <nd ref="7229855840" />
    <nd ref="7229855841" />
    <nd ref="7229855842" />
    <nd ref="7229855827" />
    <tag k="landuse" v="industrial" />
    <tag k="man_made" v="water_works" />
    <tag k="name" v="石門淨水場" />
  </way>
  <way id="791605553">
    <nd ref="7400401805" />
    <nd ref="7400401804" />
    <nd ref="7400401803" />
    <nd ref="7400401802" />
    <nd ref="7400401801" />
    <nd ref="7400401800" />
    <nd ref="7400401799" />
    <nd ref="7400401798" />
    <nd ref="7400401797" />
    <nd ref="7400401796" />
    <nd ref="7400401805" />
    <tag k="landuse" v="industrial" />
    <tag k="name" v="瀧澤科技楊梅廠" />
    <tag k="operator" v="瀧澤科技" />
  </way>
  <way id="1016240031">
    <nd ref="9373526417" />
    <nd ref="9373526418" />
    <nd ref="9373526419" />
    <nd ref="9373526420" />
    <nd ref="9373526421" />
    <nd ref="9373526422" />
    <nd ref="9373526423" />
    <nd ref="9596949652" />
    <nd ref="9373526424" />
    <nd ref="9373526425" />
    <nd ref="9373526426" />
    <nd ref="9373526427" />
    <nd ref="9373526428" />
    <nd ref="9373526429" />
    <nd ref="9373526430" />
    <nd ref="9373526431" />
    <nd ref="9373526432" />
    <nd ref="9373526417" />
    <tag k="landuse" v="residential" />
  </way>
  <way id="1016418257">
    <nd ref="9374779146" />
    <nd ref="9374779147" />
    <nd ref="9374779149" />
    <nd ref="9374779150" />
    <nd ref="9374779151" />
    <nd ref="9374779152" />
    <nd ref="9374779146" />
    <tag k="landuse" v="residential" />
  </way>
  <way id="1016419185">
    <nd ref="9374753345" />
    <nd ref="9374753346" />
    <nd ref="9374753347" />
    <nd ref="9374753348" />
    <nd ref="9374753349" />
    <nd ref="9374753350" />
    <nd ref="9374753351" />
    <nd ref="9596949655" />
    <nd ref="9374753352" />
    <nd ref="9374753353" />
    <nd ref="9374753354" />
    <nd ref="9374753355" />
    <nd ref="9596885460" />
    <nd ref="9374753356" />
    <nd ref="9374753357" />
    <nd ref="9374753345" />
    <tag k="landuse" v="residential" />
  </way>
  <way id="1016513679">
    <nd ref="9375761053" />
    <nd ref="9375761054" />
    <nd ref="9375761055" />
    <nd ref="9375761056" />
    <nd ref="9375761057" />
    <nd ref="9375761058" />
    <nd ref="9375761059" />
    <nd ref="9375761060" />
    <nd ref="9375761061" />
    <nd ref="9375761062" />
    <nd ref="9375761063" />
    <nd ref="9375761064" />
    <nd ref="9375761065" />
    <nd ref="9375761066" />
    <nd ref="9375761053" />
    <tag k="landuse" v="residential" />
  </way>
  <way id="1016513681">
    <nd ref="9375761071" />
    <nd ref="9375761072" />
    <nd ref="9375761073" />
    <nd ref="9375761074" />
    <nd ref="9375761075" />
    <nd ref="9375761076" />
    <nd ref="9375761077" />
    <nd ref="9375761078" />
    <nd ref="9375761079" />
    <nd ref="9375761080" />
    <nd ref="9375761081" />
    <nd ref="9375761082" />
    <nd ref="9375761071" />
    <tag k="landuse" v="residential" />
  </way>
  <way id="1016755533">
    <nd ref="9377963215" />
    <nd ref="9377963216" />
    <nd ref="9377988517" />
    <nd ref="9377988525" />
    <nd ref="9377988526" />
    <nd ref="9377988527" />
    <nd ref="9377988528" />
    <nd ref="9377963215" />
    <tag k="landuse" v="residential" />
  </way>
  <way id="1016819066">
    <nd ref="9378602178" />
    <nd ref="9378602179" />
    <nd ref="9378602180" />
    <nd ref="9378602181" />
    <nd ref="9378602182" />
    <nd ref="9378602183" />
    <nd ref="9378602184" />
    <nd ref="9378602185" />
    <nd ref="9378602188" />
    <nd ref="9378602190" />
    <nd ref="9378602191" />
    <nd ref="9378602192" />
    <nd ref="9378602193" />
    <nd ref="9378602194" />
    <nd ref="9378602195" />
    <nd ref="9378602178" />
    <tag k="landuse" v="residential" />
  </way>
  <way id="1017310853">
    <nd ref="9383384802" />
    <nd ref="9383384803" />
    <nd ref="9383384804" />
    <nd ref="9383384816" />
    <nd ref="9383388817" />
    <nd ref="9383384802" />
    <tag k="landuse" v="residential" />
  </way>
  <way id="1017313101">
    <nd ref="9383395644" />
    <nd ref="9383395645" />
    <nd ref="9383395646" />
    <nd ref="9383395647" />
    <nd ref="9383395648" />
    <nd ref="9383395649" />
    <nd ref="9383395650" />
    <nd ref="9383395651" />
    <nd ref="9383395652" />
    <nd ref="9383395653" />
    <nd ref="9383395654" />
    <nd ref="9383395655" />
    <nd ref="9383395656" />
    <nd ref="9383395657" />
    <nd ref="9383395658" />
    <nd ref="9383395644" />
    <tag k="landuse" v="industrial" />
    <tag k="name" v="美亞鋼管埔心總廠" />
  </way>
  <way id="1018760822">
    <nd ref="9396550927" />
    <nd ref="9396550928" />
    <nd ref="9396550929" />
    <nd ref="9396550930" />
    <nd ref="9396550931" />
    <nd ref="9396550932" />
    <nd ref="9396550934" />
    <nd ref="9396550927" />
    <tag k="landuse" v="residential" />
  </way>
  <way id="1018760823">
    <nd ref="9396550933" />
    <nd ref="9396550939" />
    <nd ref="9396550940" />
    <nd ref="9396550941" />
    <nd ref="9396550935" />
    <nd ref="9396550936" />
    <nd ref="9396550942" />
    <nd ref="9396550943" />
    <nd ref="9396550944" />
    <nd ref="9396550937" />
    <nd ref="9396550938" />
    <nd ref="9396550933" />
    <tag k="landuse" v="residential" />
  </way>
  <way id="1033327267">
    <nd ref="9520373001" />
    <nd ref="9520373002" />
    <nd ref="9520373003" />
    <nd ref="9520373004" />
    <nd ref="9520373005" />
    <nd ref="9520373006" />
    <nd ref="9520373007" />
    <nd ref="9520373008" />
    <nd ref="9520373009" />
    <nd ref="9520373010" />
    <nd ref="9520373001" />
    <tag k="landuse" v="residential" />
  </way>
  <way id="1033327268">
    <nd ref="9520373011" />
    <nd ref="9520373012" />
    <nd ref="9520373013" />
    <nd ref="9520373014" />
    <nd ref="9520373015" />
    <nd ref="9520373016" />
    <nd ref="9520373011" />
    <tag k="landuse" v="residential" />
  </way>
  <way id="1033327269">
    <nd ref="9520386117" />
    <nd ref="9520386118" />
    <nd ref="9520386119" />
    <nd ref="9520386120" />
    <nd ref="9520386117" />
    <tag k="landuse" v="residential" />
  </way>
  <way id="1033327271">
    <nd ref="9520386125" />
    <nd ref="9520386126" />
    <nd ref="9520386127" />
    <nd ref="9520386128" />
    <nd ref="9520386125" />
    <tag k="landuse" v="residential" />
  </way>
  <way id="1033327272">
    <nd ref="9520386129" />
    <nd ref="9520386130" />
    <nd ref="9520386131" />
    <nd ref="9520386132" />
    <nd ref="9520386129" />
    <tag k="landuse" v="residential" />
  </way>
  <way id="1033327273">
    <nd ref="9520386133" />
    <nd ref="9520386134" />
    <nd ref="9520386135" />
    <nd ref="9520386136" />
    <nd ref="9520386137" />
    <nd ref="9520386138" />
    <nd ref="9520386133" />
    <tag k="landuse" v="residential" />
  </way>
  <way id="1033327274">
    <nd ref="9520386139" />
    <nd ref="9520386140" />
    <nd ref="9520386141" />
    <nd ref="9520386142" />
    <nd ref="9520386139" />
    <tag k="landuse" v="residential" />
  </way>
  <way id="1033327275">
    <nd ref="9520386143" />
    <nd ref="9520386144" />
    <nd ref="9520386145" />
    <nd ref="9520386146" />
    <nd ref="9520386147" />
    <nd ref="9520386143" />
    <tag k="landuse" v="residential" />
  </way>
  <way id="1033327277">
    <nd ref="9520386148" />
    <nd ref="9520386149" />
    <nd ref="9520386150" />
    <nd ref="9520386161" />
    <nd ref="9520386162" />
    <nd ref="9520386160" />
    <nd ref="9520386151" />
    <nd ref="9520386152" />
    <nd ref="9520386153" />
    <nd ref="9520386154" />
    <nd ref="9520386155" />
    <nd ref="9520386156" />
    <nd ref="9520386157" />
    <nd ref="9520386148" />
    <tag k="landuse" v="residential" />
  </way>
  <way id="1040801326">
    <nd ref="9582840364" />
    <nd ref="9582840365" />
    <nd ref="9582840366" />
    <nd ref="9582840367" />
    <nd ref="9582840368" />
    <nd ref="9582840369" />
    <nd ref="9582840364" />
    <tag k="landuse" v="residential" />
  </way>
  <way id="1041746064">
    <nd ref="9590413528" />
    <nd ref="9590413529" />
    <nd ref="9590413530" />
    <nd ref="9590413531" />
    <nd ref="9590413532" />
    <nd ref="9590413533" />
    <nd ref="9590413534" />
    <nd ref="9590413535" />
    <nd ref="9590413536" />
    <nd ref="9590413537" />
    <nd ref="9590413538" />
    <nd ref="9590413539" />
    <nd ref="9590413540" />
    <nd ref="9590413541" />
    <nd ref="9590413542" />
    <nd ref="9590413528" />
    <tag k="landuse" v="residential" />
  </way>
  <way id="1042760610">
    <nd ref="9328775457" />
    <nd ref="9328775456" />
    <nd ref="9598389865" />
    <nd ref="9598389866" />
    <nd ref="9598389867" />
    <nd ref="9598389869" />
    <nd ref="9598389868" />
    <nd ref="9328775457" />
    <tag k="landuse" v="residential" />
  </way>
  <way id="1043384565">
    <nd ref="9602800636" />
    <nd ref="9602800637" />
    <nd ref="9602800638" />
    <nd ref="9602800639" />
    <nd ref="9602800640" />
    <nd ref="9602800636" />
    <tag k="landuse" v="grass" />
  </way>
  <way id="1043384566">
    <nd ref="9602800641" />
    <nd ref="9602800642" />
    <nd ref="9602800643" />
    <nd ref="9602800644" />
    <nd ref="9602800641" />
    <tag k="landuse" v="grass" />
  </way>
  <way id="1043384567">
    <nd ref="9602800645" />
    <nd ref="9602800646" />
    <nd ref="9602800647" />
    <nd ref="9602800648" />
    <nd ref="9602800645" />
    <tag k="landuse" v="grass" />
  </way>
  <way id="1043384568">
    <nd ref="9602800649" />
    <nd ref="9602800650" />
    <nd ref="9602800651" />
    <nd ref="9602800652" />
    <nd ref="9602800649" />
    <tag k="landuse" v="grass" />
  </way>

</osm>