tau,dataset,tag,city,configuration,quota,reason,q_star,W,qp,qp_over_W,margin,qr,seed_block,reuse_valid,passing,service_status
0.0,Development,AMS-amsterdam-chain-77474-550|qp3,amsterdam,historical,,OUT_OF_DOMAIN_GEOMETRY,,0.643,3.0,4.665629860031104,0.0,,0-29,False,,ABSTAIN
0.0,Development,AMS-amsterdam-chain-75190-0|qp4,amsterdam,historical,,OUT_OF_DOMAIN_GEOMETRY,,0.91,4.0,4.395604395604395,0.0,,0-29,False,,ABSTAIN
0.0,Development,AMS-amsterdam-chain-66173-0|qp6,amsterdam,historical,,DOMAIN,0.0,1.208,6.0,4.966887417218543,0.0,,0-29,False,,ABSTAIN
0.0,Development,AMS-amsterdam-chain-15655-200|qp7,amsterdam,historical,,DOMAIN,0.0,1.319,7.0,5.307050796057619,0.0,,0-29,False,,ABSTAIN
0.0,Development,AMS-amsterdam-chain-32447-100|qp7,amsterdam,historical,,DOMAIN,0.0,1.352,7.0,5.177514792899408,0.0,,0-29,False,,ABSTAIN
0.0,Development,AMS-amsterdam-chain-32674-0|qp7,amsterdam,historical,,DOMAIN,0.0,1.323,7.0,5.291005291005291,0.0,,0-29,False,,ABSTAIN
0.0,Development,AMS-amsterdam-chain-7530-50|qp8,amsterdam,historical,,DOMAIN,0.0,1.529,8.0,5.232177894048398,0.0,,0-29,False,,ABSTAIN
0.0,Development,AMS-amsterdam-chain-77474-550|qp8,amsterdam,historical,,OUT_OF_DOMAIN_GEOMETRY,,0.643,8.0,12.441679626749613,0.0,,0-29,False,,ABSTAIN
0.0,Development,AMS-amsterdam-chain-79104-0|qp8,amsterdam,historical,5.0,ADMITTED,11.0,1.662,8.0,4.813477737665464,0.0,5.0,0-29,True,30.0,PASS
0.0,Development,AMS-amsterdam-chain-141619-0|qp10,amsterdam,historical,9.0,ADMITTED,11.0,2.098,10.0,4.766444232602479,0.0,9.0,0-29,True,30.0,PASS
0.0,Development,AMS-amsterdam-chain-173340-0|qp10,amsterdam,historical,,DOMAIN,0.0,1.96,10.0,5.1020408163265305,0.0,,0-29,False,,ABSTAIN
0.0,Development,AMS-amsterdam-chain-3511-0|qp10,amsterdam,historical,,DOMAIN,0.0,1.969,10.0,5.078720162519045,0.0,,0-29,False,,ABSTAIN
0.0,Development,AMS-amsterdam-chain-95719-50|qp10,amsterdam,historical,,DOMAIN,0.0,2.062,10.0,4.849660523763337,0.0,,0-29,False,,ABSTAIN
0.0,Development,AMS-amsterdam-chain-166482-0|qp11,amsterdam,historical,12.0,ADMITTED,9.0,2.267,11.0,4.852227613586238,0.0,12.0,0-29,True,25.0,FAIL
0.0,Development,AMS-amsterdam-chain-45268-50|qp11,amsterdam,historical,11.0,ADMITTED,13.0,2.166,11.0,5.078485687903971,0.0,11.0,0-29,True,30.0,PASS
0.0,Development,AMS-amsterdam-chain-75190-0|qp11,amsterdam,historical,,OUT_OF_DOMAIN_GEOMETRY,,0.91,11.0,12.087912087912088,0.0,,0-29,False,,ABSTAIN
0.0,Development,AMS-amsterdam-chain-44642-0|qp12,amsterdam,historical,13.0,ADMITTED,19.0,2.482,12.0,4.8348106365834,0.0,13.0,0-29,True,30.0,PASS
0.0,Development,AMS-amsterdam-chain-32802-0|qp13,amsterdam,historical,13.0,ADMITTED,19.0,2.575,13.0,5.048543689320388,0.0,13.0,0-29,True,30.0,PASS
0.0,Development,AMS-amsterdam-chain-22812-0|qp14,amsterdam,historical,,DOMAIN,19.0,2.796,14.0,5.007153075822604,0.0,,0-29,False,,ABSTAIN
0.0,Development,AMS-amsterdam-chain-66173-0|qp14,amsterdam,historical,,DOMAIN,0.0,1.208,14.0,11.589403973509937,0.0,,0-29,False,,ABSTAIN
0.0,Development,AMS-amsterdam-chain-15655-200|qp16,amsterdam,historical,,DOMAIN,0.0,1.319,16.0,12.130401819560271,0.0,,0-29,False,,ABSTAIN
0.0,Development,AMS-amsterdam-chain-32447-100|qp16,amsterdam,historical,,DOMAIN,0.0,1.352,16.0,11.83431952662722,0.0,,0-29,False,,ABSTAIN
0.0,Development,AMS-amsterdam-chain-32674-0|qp16,amsterdam,historical,,DOMAIN,0.0,1.323,16.0,12.093726379440666,0.0,,0-29,False,,ABSTAIN
0.0,Development,AMS-amsterdam-chain-142287-0|qp18,amsterdam,historical,,DOMAIN,0.0,3.651,18.0,4.930156121610518,0.0,,0-29,False,,ABSTAIN
0.0,Development,AMS-amsterdam-chain-7530-50|qp18,amsterdam,historical,,DOMAIN,0.0,1.529,18.0,11.772400261608896,0.0,,0-29,False,,ABSTAIN
0.0,Development,AMS-amsterdam-chain-158080-0|qp19,amsterdam,historical,,DOMAIN,19.0,3.89,19.0,4.884318766066838,0.0,,0-29,False,,ABSTAIN
0.0,Development,AMS-amsterdam-chain-79104-0|qp20,amsterdam,historical,3.0,ADMITTED,10.0,1.662,20.0,12.033694344163658,0.0,3.0,0-29,True,30.0,PASS
0.0,Development,AMS-amsterdam-chain-173340-0|qp24,amsterdam,historical,,DOMAIN,0.0,1.96,24.0,12.244897959183673,0.0,,0-29,False,,ABSTAIN
0.0,Development,AMS-amsterdam-chain-3511-0|qp24,amsterdam,historical,,DOMAIN,0.0,1.969,24.0,12.188928390045708,0.0,,0-29,False,,ABSTAIN
0.0,Development,AMS-amsterdam-chain-141619-0|qp25,amsterdam,historical,4.0,ADMITTED,8.0,2.098,25.0,11.916110581506198,0.0,4.0,0-29,True,30.0,PASS
0.0,Development,AMS-amsterdam-chain-95719-50|qp25,amsterdam,historical,,DOMAIN,0.0,2.062,25.0,12.124151309408342,0.0,,0-29,False,,ABSTAIN
0.0,Development,AMS-amsterdam-chain-45268-50|qp26,amsterdam,historical,4.0,ADMITTED,8.0,2.166,26.0,12.003693444136658,0.0,4.0,0-29,True,30.0,PASS
0.0,Development,AMS-amsterdam-chain-166482-0|qp27,amsterdam,historical,5.0,ADMITTED,8.0,2.267,27.0,11.910013233348035,0.0,5.0,0-29,True,30.0,PASS
0.0,Development,AMS-amsterdam-chain-44642-0|qp30,amsterdam,historical,5.0,ADMITTED,12.0,2.482,30.0,12.0870265914585,0.0,5.0,0-29,True,30.0,PASS
0.0,Development,AMS-amsterdam-chain-32802-0|qp31,amsterdam,historical,5.0,ADMITTED,12.0,2.575,31.0,12.03883495145631,0.0,5.0,0-29,True,30.0,PASS
0.0,Development,AMS-amsterdam-chain-22812-0|qp34,amsterdam,historical,,DOMAIN,11.0,2.796,34.0,12.160228898426324,0.0,,0-29,False,,ABSTAIN
0.0,Development,AMS-amsterdam-chain-142287-0|qp44,amsterdam,historical,,DOMAIN,0.0,3.651,44.0,12.0514927417146,0.0,,0-29,False,,ABSTAIN
0.0,Development,AMS-amsterdam-chain-158080-0|qp47,amsterdam,historical,,DOMAIN,12.0,3.89,47.0,12.082262210796914,0.0,,0-29,False,,ABSTAIN
0.0,Development,AMS-amsterdam-chain-138895-0|qp52,amsterdam,historical,,DOMAIN,0.0,3.48,52.0,14.942528735632184,0.0,,0-29,False,,ABSTAIN
0.0,Development,AMS-amsterdam-chain-138895-0|qp87,amsterdam,historical,,DOMAIN,0.0,3.48,87.0,25.0,0.0,,0-29,False,,ABSTAIN
0.0,Development,DC-018|qp11.6,amsterdam,historical,,OUT_OF_DOMAIN_GEOMETRY,,0.643,11.6,18.04043545878693,0.0,,0-29,False,,ABSTAIN
0.0,Development,DC-019|qp15.4,amsterdam,historical,,OUT_OF_DOMAIN_GEOMETRY,,0.643,15.4,23.950233281493,0.0,,0-29,False,,ABSTAIN
0.0,Development,DC-021|qp16.4,amsterdam,historical,,OUT_OF_DOMAIN_GEOMETRY,,0.91,16.4,18.02197802197802,0.0,,0-29,False,,ABSTAIN
0.0,Development,DC-020|qp19.3,amsterdam,historical,,OUT_OF_DOMAIN_GEOMETRY,,0.643,19.3,30.01555209953344,0.0,,0-29,False,,ABSTAIN
0.0,Development,DC-022|qp21.8,amsterdam,historical,,OUT_OF_DOMAIN_GEOMETRY,,0.91,21.8,23.95604395604396,0.0,,0-29,False,,ABSTAIN
0.0,Development,DC-023|qp27.3,amsterdam,historical,,OUT_OF_DOMAIN_GEOMETRY,,0.91,27.3,30.0,0.0,,0-29,False,,ABSTAIN
0.0,Development,DC-024|qp35.3,amsterdam,historical,,DOMAIN,0.0,1.96,35.3,18.01020408163265,0.0,,0-29,False,,ABSTAIN
0.0,Development,DC-027|qp35.4,amsterdam,historical,,DOMAIN,0.0,1.969,35.4,17.97866937531742,0.0,,0-29,False,,ABSTAIN
0.0,Development,DC-025|qp47.0,amsterdam,historical,,DOMAIN,0.0,1.96,47.0,23.97959183673469,0.0,,0-29,False,,ABSTAIN
0.0,Development,DC-028|qp47.3,amsterdam,historical,,DOMAIN,0.0,1.969,47.3,24.02234636871508,0.0,,0-29,False,,ABSTAIN
0.0,Development,DC-030|qp50.3,amsterdam,historical,,DOMAIN,4.0,2.796,50.3,17.989985693848354,0.0,,0-29,False,,ABSTAIN
0.0,Development,DC-026|qp58.8,amsterdam,historical,,DOMAIN,0.0,1.96,58.8,30.0,0.0,,0-29,False,,ABSTAIN
0.0,Development,DC-029|qp59.1,amsterdam,historical,,DOMAIN,0.0,1.969,59.1,30.01523616048756,0.0,,0-29,False,,ABSTAIN
0.0,Development,DC-033|qp65.7,amsterdam,historical,,DOMAIN,0.0,3.651,65.7,17.99506984387839,0.0,,0-29,False,,ABSTAIN
0.0,Development,DC-031|qp67.1,amsterdam,historical,,DOMAIN,0.0,2.796,67.1,23.99856938483548,0.0,,0-29,False,,ABSTAIN
0.0,Development,DC-032|qp83.9,amsterdam,historical,,DOMAIN,0.0,2.796,83.9,30.007153075822607,0.0,,0-29,False,,ABSTAIN
0.0,Development,DC-034|qp87.6,amsterdam,historical,,DOMAIN,0.0,3.651,87.6,23.99342645850452,0.0,,0-29,False,,ABSTAIN
0.0,Development,DC-035|qp109.5,amsterdam,historical,,DOMAIN,0.0,3.651,109.5,29.99178307313065,0.0,,0-29,False,,ABSTAIN
0.5,Development,AMS-amsterdam-chain-77474-550|qp3,amsterdam,historical,,OUT_OF_DOMAIN_GEOMETRY,,0.643,3.0,4.665629860031104,1.5265433767106007,,0-29,False,,ABSTAIN
0.5,Development,AMS-amsterdam-chain-75190-0|qp4,amsterdam,historical,,OUT_OF_DOMAIN_GEOMETRY,,0.91,4.0,4.395604395604395,1.5265433767106007,,0-29,False,,ABSTAIN
0.5,Development,AMS-amsterdam-chain-66173-0|qp6,amsterdam,historical,,DOMAIN,0.0,1.208,6.0,4.966887417218543,1.5265433767106007,,0-29,False,,ABSTAIN
0.5,Development,AMS-amsterdam-chain-15655-200|qp7,amsterdam,historical,,DOMAIN,0.0,1.319,7.0,5.307050796057619,1.5265433767106007,,0-29,False,,ABSTAIN
0.5,Development,AMS-amsterdam-chain-32447-100|qp7,amsterdam,historical,,DOMAIN,0.0,1.352,7.0,5.177514792899408,1.5265433767106007,,0-29,False,,ABSTAIN
0.5,Development,AMS-amsterdam-chain-32674-0|qp7,amsterdam,historical,,DOMAIN,0.0,1.323,7.0,5.291005291005291,1.5265433767106007,,0-29,False,,ABSTAIN
0.5,Development,AMS-amsterdam-chain-7530-50|qp8,amsterdam,historical,,DOMAIN,0.0,1.529,8.0,5.232177894048398,1.5265433767106007,,0-29,False,,ABSTAIN
0.5,Development,AMS-amsterdam-chain-77474-550|qp8,amsterdam,historical,,OUT_OF_DOMAIN_GEOMETRY,,0.643,8.0,12.441679626749613,1.5265433767106007,,0-29,False,,ABSTAIN
0.5,Development,AMS-amsterdam-chain-79104-0|qp8,amsterdam,historical,5.0,ADMITTED,11.0,1.662,8.0,4.813477737665464,1.5265433767106007,5.0,0-29,True,30.0,PASS
0.5,Development,AMS-amsterdam-chain-141619-0|qp10,amsterdam,historical,9.0,ADMITTED,11.0,2.098,10.0,4.766444232602479,1.5265433767106007,9.0,0-29,True,30.0,PASS
0.5,Development,AMS-amsterdam-chain-173340-0|qp10,amsterdam,historical,,DOMAIN,0.0,1.96,10.0,5.1020408163265305,1.5265433767106007,,0-29,False,,ABSTAIN
0.5,Development,AMS-amsterdam-chain-3511-0|qp10,amsterdam,historical,,DOMAIN,0.0,1.969,10.0,5.078720162519045,1.5265433767106007,,0-29,False,,ABSTAIN
0.5,Development,AMS-amsterdam-chain-95719-50|qp10,amsterdam,historical,,DOMAIN,0.0,2.062,10.0,4.849660523763337,1.5265433767106007,,0-29,False,,ABSTAIN
0.5,Development,AMS-amsterdam-chain-166482-0|qp11,amsterdam,historical,10.0,ADMITTED,9.0,2.267,11.0,4.852227613586238,1.5265433767106007,10.0,0-29,True,28.0,FAIL
0.5,Development,AMS-amsterdam-chain-45268-50|qp11,amsterdam,historical,9.0,ADMITTED,13.0,2.166,11.0,5.078485687903971,1.5265433767106007,9.0,0-29,True,30.0,PASS
0.5,Development,AMS-amsterdam-chain-75190-0|qp11,amsterdam,historical,,OUT_OF_DOMAIN_GEOMETRY,,0.91,11.0,12.087912087912088,1.5265433767106007,,0-29,False,,ABSTAIN
0.5,Development,AMS-amsterdam-chain-44642-0|qp12,amsterdam,historical,11.0,ADMITTED,19.0,2.482,12.0,4.8348106365834,1.5265433767106007,11.0,0-29,True,30.0,PASS
0.5,Development,AMS-amsterdam-chain-32802-0|qp13,amsterdam,historical,11.0,ADMITTED,19.0,2.575,13.0,5.048543689320388,1.5265433767106007,11.0,0-29,True,30.0,PASS
0.5,Development,AMS-amsterdam-chain-22812-0|qp14,amsterdam,historical,,DOMAIN,19.0,2.796,14.0,5.007153075822604,1.5265433767106007,,0-29,False,,ABSTAIN
0.5,Development,AMS-amsterdam-chain-66173-0|qp14,amsterdam,historical,,DOMAIN,0.0,1.208,14.0,11.589403973509937,1.5265433767106007,,0-29,False,,ABSTAIN
0.5,Development,AMS-amsterdam-chain-15655-200|qp16,amsterdam,historical,,DOMAIN,0.0,1.319,16.0,12.130401819560271,1.5265433767106007,,0-29,False,,ABSTAIN
0.5,Development,AMS-amsterdam-chain-32447-100|qp16,amsterdam,historical,,DOMAIN,0.0,1.352,16.0,11.83431952662722,1.5265433767106007,,0-29,False,,ABSTAIN
0.5,Development,AMS-amsterdam-chain-32674-0|qp16,amsterdam,historical,,DOMAIN,0.0,1.323,16.0,12.093726379440666,1.5265433767106007,,0-29,False,,ABSTAIN
0.5,Development,AMS-amsterdam-chain-142287-0|qp18,amsterdam,historical,,DOMAIN,0.0,3.651,18.0,4.930156121610518,1.5265433767106007,,0-29,False,,ABSTAIN
0.5,Development,AMS-amsterdam-chain-7530-50|qp18,amsterdam,historical,,DOMAIN,0.0,1.529,18.0,11.772400261608896,1.5265433767106007,,0-29,False,,ABSTAIN
0.5,Development,AMS-amsterdam-chain-158080-0|qp19,amsterdam,historical,,DOMAIN,19.0,3.89,19.0,4.884318766066838,1.5265433767106007,,0-29,False,,ABSTAIN
0.5,Development,AMS-amsterdam-chain-79104-0|qp20,amsterdam,historical,2.0,ADMITTED,10.0,1.662,20.0,12.033694344163658,1.5265433767106007,2.0,0-29,True,30.0,PASS
0.5,Development,AMS-amsterdam-chain-173340-0|qp24,amsterdam,historical,,DOMAIN,0.0,1.96,24.0,12.244897959183673,1.5265433767106007,,0-29,False,,ABSTAIN
0.5,Development,AMS-amsterdam-chain-3511-0|qp24,amsterdam,historical,,DOMAIN,0.0,1.969,24.0,12.188928390045708,1.5265433767106007,,0-29,False,,ABSTAIN
0.5,Development,AMS-amsterdam-chain-141619-0|qp25,amsterdam,historical,3.0,ADMITTED,8.0,2.098,25.0,11.916110581506198,1.5265433767106007,3.0,0-29,True,30.0,PASS
0.5,Development,AMS-amsterdam-chain-95719-50|qp25,amsterdam,historical,,DOMAIN,0.0,2.062,25.0,12.124151309408342,1.5265433767106007,,0-29,False,,ABSTAIN
0.5,Development,AMS-amsterdam-chain-45268-50|qp26,amsterdam,historical,3.0,ADMITTED,8.0,2.166,26.0,12.003693444136658,1.5265433767106007,3.0,0-29,True,30.0,PASS
0.5,Development,AMS-amsterdam-chain-166482-0|qp27,amsterdam,historical,3.0,ADMITTED,8.0,2.267,27.0,11.910013233348035,1.5265433767106007,3.0,0-29,True,30.0,PASS
0.5,Development,AMS-amsterdam-chain-44642-0|qp30,amsterdam,historical,4.0,ADMITTED,12.0,2.482,30.0,12.0870265914585,1.5265433767106007,4.0,0-29,True,30.0,PASS
0.5,Development,AMS-amsterdam-chain-32802-0|qp31,amsterdam,historical,4.0,ADMITTED,12.0,2.575,31.0,12.03883495145631,1.5265433767106007,4.0,0-29,True,30.0,PASS
0.5,Development,AMS-amsterdam-chain-22812-0|qp34,amsterdam,historical,,DOMAIN,11.0,2.796,34.0,12.160228898426324,1.5265433767106007,,0-29,False,,ABSTAIN
0.5,Development,AMS-amsterdam-chain-142287-0|qp44,amsterdam,historical,,DOMAIN,0.0,3.651,44.0,12.0514927417146,1.5265433767106007,,0-29,False,,ABSTAIN
0.5,Development,AMS-amsterdam-chain-158080-0|qp47,amsterdam,historical,,DOMAIN,12.0,3.89,47.0,12.082262210796914,1.5265433767106007,,0-29,False,,ABSTAIN
0.5,Development,AMS-amsterdam-chain-138895-0|qp52,amsterdam,historical,,DOMAIN,0.0,3.48,52.0,14.942528735632184,1.5265433767106007,,0-29,False,,ABSTAIN
0.5,Development,AMS-amsterdam-chain-138895-0|qp87,amsterdam,historical,,DOMAIN,0.0,3.48,87.0,25.0,1.5265433767106007,,0-29,False,,ABSTAIN
0.5,Development,DC-018|qp11.6,amsterdam,historical,,OUT_OF_DOMAIN_GEOMETRY,,0.643,11.6,18.04043545878693,1.5265433767106007,,0-29,False,,ABSTAIN
0.5,Development,DC-019|qp15.4,amsterdam,historical,,OUT_OF_DOMAIN_GEOMETRY,,0.643,15.4,23.950233281493,1.5265433767106007,,0-29,False,,ABSTAIN
0.5,Development,DC-021|qp16.4,amsterdam,historical,,OUT_OF_DOMAIN_GEOMETRY,,0.91,16.4,18.02197802197802,1.5265433767106007,,0-29,False,,ABSTAIN
0.5,Development,DC-020|qp19.3,amsterdam,historical,,OUT_OF_DOMAIN_GEOMETRY,,0.643,19.3,30.01555209953344,1.5265433767106007,,0-29,False,,ABSTAIN
0.5,Development,DC-022|qp21.8,amsterdam,historical,,OUT_OF_DOMAIN_GEOMETRY,,0.91,21.8,23.95604395604396,1.5265433767106007,,0-29,False,,ABSTAIN
0.5,Development,DC-023|qp27.3,amsterdam,historical,,OUT_OF_DOMAIN_GEOMETRY,,0.91,27.3,30.0,1.5265433767106007,,0-29,False,,ABSTAIN
0.5,Development,DC-024|qp35.3,amsterdam,historical,,DOMAIN,0.0,1.96,35.3,18.01020408163265,1.5265433767106007,,0-29,False,,ABSTAIN
0.5,Development,DC-027|qp35.4,amsterdam,historical,,DOMAIN,0.0,1.969,35.4,17.97866937531742,1.5265433767106007,,0-29,False,,ABSTAIN
0.5,Development,DC-025|qp47.0,amsterdam,historical,,DOMAIN,0.0,1.96,47.0,23.97959183673469,1.5265433767106007,,0-29,False,,ABSTAIN
0.5,Development,DC-028|qp47.3,amsterdam,historical,,DOMAIN,0.0,1.969,47.3,24.02234636871508,1.5265433767106007,,0-29,False,,ABSTAIN
0.5,Development,DC-030|qp50.3,amsterdam,historical,,DOMAIN,4.0,2.796,50.3,17.989985693848354,1.5265433767106007,,0-29,False,,ABSTAIN
0.5,Development,DC-026|qp58.8,amsterdam,historical,,DOMAIN,0.0,1.96,58.8,30.0,1.5265433767106007,,0-29,False,,ABSTAIN
0.5,Development,DC-029|qp59.1,amsterdam,historical,,DOMAIN,0.0,1.969,59.1,30.01523616048756,1.5265433767106007,,0-29,False,,ABSTAIN
0.5,Development,DC-033|qp65.7,amsterdam,historical,,DOMAIN,0.0,3.651,65.7,17.99506984387839,1.5265433767106007,,0-29,False,,ABSTAIN
0.5,Development,DC-031|qp67.1,amsterdam,historical,,DOMAIN,0.0,2.796,67.1,23.99856938483548,1.5265433767106007,,0-29,False,,ABSTAIN
0.5,Development,DC-032|qp83.9,amsterdam,historical,,DOMAIN,0.0,2.796,83.9,30.007153075822607,1.5265433767106007,,0-29,False,,ABSTAIN
0.5,Development,DC-034|qp87.6,amsterdam,historical,,DOMAIN,0.0,3.651,87.6,23.99342645850452,1.5265433767106007,,0-29,False,,ABSTAIN
0.5,Development,DC-035|qp109.5,amsterdam,historical,,DOMAIN,0.0,3.651,109.5,29.99178307313065,1.5265433767106007,,0-29,False,,ABSTAIN
0.65,Development,AMS-amsterdam-chain-77474-550|qp3,amsterdam,historical,,OUT_OF_DOMAIN_GEOMETRY,,0.643,3.0,4.665629860031104,2.104805799332483,,0-29,False,,ABSTAIN
0.65,Development,AMS-amsterdam-chain-75190-0|qp4,amsterdam,historical,,OUT_OF_DOMAIN_GEOMETRY,,0.91,4.0,4.395604395604395,2.104805799332483,,0-29,False,,ABSTAIN
0.65,Development,AMS-amsterdam-chain-66173-0|qp6,amsterdam,historical,,DOMAIN,0.0,1.208,6.0,4.966887417218543,2.104805799332483,,0-29,False,,ABSTAIN
0.65,Development,AMS-amsterdam-chain-15655-200|qp7,amsterdam,historical,,DOMAIN,0.0,1.319,7.0,5.307050796057619,2.104805799332483,,0-29,False,,ABSTAIN
0.65,Development,AMS-amsterdam-chain-32447-100|qp7,amsterdam,historical,,DOMAIN,0.0,1.352,7.0,5.177514792899408,2.104805799332483,,0-29,False,,ABSTAIN
0.65,Development,AMS-amsterdam-chain-32674-0|qp7,amsterdam,historical,,DOMAIN,0.0,1.323,7.0,5.291005291005291,2.104805799332483,,0-29,False,,ABSTAIN
0.65,Development,AMS-amsterdam-chain-7530-50|qp8,amsterdam,historical,,DOMAIN,0.0,1.529,8.0,5.232177894048398,2.104805799332483,,0-29,False,,ABSTAIN
0.65,Development,AMS-amsterdam-chain-77474-550|qp8,amsterdam,historical,,OUT_OF_DOMAIN_GEOMETRY,,0.643,8.0,12.441679626749613,2.104805799332483,,0-29,False,,ABSTAIN
0.65,Development,AMS-amsterdam-chain-79104-0|qp8,amsterdam,historical,5.0,ADMITTED,11.0,1.662,8.0,4.813477737665464,2.104805799332483,5.0,0-29,True,30.0,PASS
0.65,Development,AMS-amsterdam-chain-141619-0|qp10,amsterdam,historical,9.0,ADMITTED,11.0,2.098,10.0,4.766444232602479,2.104805799332483,9.0,0-29,True,30.0,PASS
0.65,Development,AMS-amsterdam-chain-173340-0|qp10,amsterdam,historical,,DOMAIN,0.0,1.96,10.0,5.1020408163265305,2.104805799332483,,0-29,False,,ABSTAIN
0.65,Development,AMS-amsterdam-chain-3511-0|qp10,amsterdam,historical,,DOMAIN,0.0,1.969,10.0,5.078720162519045,2.104805799332483,,0-29,False,,ABSTAIN
0.65,Development,AMS-amsterdam-chain-95719-50|qp10,amsterdam,historical,,DOMAIN,0.0,2.062,10.0,4.849660523763337,2.104805799332483,,0-29,False,,ABSTAIN
0.65,Development,AMS-amsterdam-chain-166482-0|qp11,amsterdam,historical,9.0,ADMITTED,9.0,2.267,11.0,4.852227613586238,2.104805799332483,9.0,0-29,True,29.0,PASS
0.65,Development,AMS-amsterdam-chain-45268-50|qp11,amsterdam,historical,8.0,ADMITTED,13.0,2.166,11.0,5.078485687903971,2.104805799332483,8.0,0-29,True,29.0,PASS
0.65,Development,AMS-amsterdam-chain-75190-0|qp11,amsterdam,historical,,OUT_OF_DOMAIN_GEOMETRY,,0.91,11.0,12.087912087912088,2.104805799332483,,0-29,False,,ABSTAIN
0.65,Development,AMS-amsterdam-chain-44642-0|qp12,amsterdam,historical,11.0,ADMITTED,19.0,2.482,12.0,4.8348106365834,2.104805799332483,11.0,0-29,True,30.0,PASS
0.65,Development,AMS-amsterdam-chain-32802-0|qp13,amsterdam,historical,11.0,ADMITTED,19.0,2.575,13.0,5.048543689320388,2.104805799332483,11.0,0-29,True,30.0,PASS
0.65,Development,AMS-amsterdam-chain-22812-0|qp14,amsterdam,historical,,DOMAIN,19.0,2.796,14.0,5.007153075822604,2.104805799332483,,0-29,False,,ABSTAIN
0.65,Development,AMS-amsterdam-chain-66173-0|qp14,amsterdam,historical,,DOMAIN,0.0,1.208,14.0,11.589403973509937,2.104805799332483,,0-29,False,,ABSTAIN
0.65,Development,AMS-amsterdam-chain-15655-200|qp16,amsterdam,historical,,DOMAIN,0.0,1.319,16.0,12.130401819560271,2.104805799332483,,0-29,False,,ABSTAIN
0.65,Development,AMS-amsterdam-chain-32447-100|qp16,amsterdam,historical,,DOMAIN,0.0,1.352,16.0,11.83431952662722,2.104805799332483,,0-29,False,,ABSTAIN
0.65,Development,AMS-amsterdam-chain-32674-0|qp16,amsterdam,historical,,DOMAIN,0.0,1.323,16.0,12.093726379440666,2.104805799332483,,0-29,False,,ABSTAIN
0.65,Development,AMS-amsterdam-chain-142287-0|qp18,amsterdam,historical,,DOMAIN,0.0,3.651,18.0,4.930156121610518,2.104805799332483,,0-29,False,,ABSTAIN
0.65,Development,AMS-amsterdam-chain-7530-50|qp18,amsterdam,historical,,DOMAIN,0.0,1.529,18.0,11.772400261608896,2.104805799332483,,0-29,False,,ABSTAIN
0.65,Development,AMS-amsterdam-chain-158080-0|qp19,amsterdam,historical,,DOMAIN,19.0,3.89,19.0,4.884318766066838,2.104805799332483,,0-29,False,,ABSTAIN
0.65,Development,AMS-amsterdam-chain-79104-0|qp20,amsterdam,historical,1.0,ADMITTED,10.0,1.662,20.0,12.033694344163658,2.104805799332483,1.0,0-29,True,30.0,PASS
0.65,Development,AMS-amsterdam-chain-173340-0|qp24,amsterdam,historical,,DOMAIN,0.0,1.96,24.0,12.244897959183673,2.104805799332483,,0-29,False,,ABSTAIN
0.65,Development,AMS-amsterdam-chain-3511-0|qp24,amsterdam,historical,,DOMAIN,0.0,1.969,24.0,12.188928390045708,2.104805799332483,,0-29,False,,ABSTAIN
0.65,Development,AMS-amsterdam-chain-141619-0|qp25,amsterdam,historical,2.0,ADMITTED,8.0,2.098,25.0,11.916110581506198,2.104805799332483,2.0,0-29,True,30.0,PASS
0.65,Development,AMS-amsterdam-chain-95719-50|qp25,amsterdam,historical,,DOMAIN,0.0,2.062,25.0,12.124151309408342,2.104805799332483,,0-29,False,,ABSTAIN
0.65,Development,AMS-amsterdam-chain-45268-50|qp26,amsterdam,historical,2.0,ADMITTED,8.0,2.166,26.0,12.003693444136658,2.104805799332483,2.0,0-29,True,30.0,PASS
0.65,Development,AMS-amsterdam-chain-166482-0|qp27,amsterdam,historical,3.0,ADMITTED,8.0,2.267,27.0,11.910013233348035,2.104805799332483,3.0,0-29,True,30.0,PASS
0.65,Development,AMS-amsterdam-chain-44642-0|qp30,amsterdam,historical,3.0,ADMITTED,12.0,2.482,30.0,12.0870265914585,2.104805799332483,3.0,0-29,True,30.0,PASS
0.65,Development,AMS-amsterdam-chain-32802-0|qp31,amsterdam,historical,3.0,ADMITTED,12.0,2.575,31.0,12.03883495145631,2.104805799332483,3.0,0-29,True,30.0,PASS
0.65,Development,AMS-amsterdam-chain-22812-0|qp34,amsterdam,historical,,DOMAIN,11.0,2.796,34.0,12.160228898426324,2.104805799332483,,0-29,False,,ABSTAIN
0.65,Development,AMS-amsterdam-chain-142287-0|qp44,amsterdam,historical,,DOMAIN,0.0,3.651,44.0,12.0514927417146,2.104805799332483,,0-29,False,,ABSTAIN
0.65,Development,AMS-amsterdam-chain-158080-0|qp47,amsterdam,historical,,DOMAIN,12.0,3.89,47.0,12.082262210796914,2.104805799332483,,0-29,False,,ABSTAIN
0.65,Development,AMS-amsterdam-chain-138895-0|qp52,amsterdam,historical,,DOMAIN,0.0,3.48,52.0,14.942528735632184,2.104805799332483,,0-29,False,,ABSTAIN
0.65,Development,AMS-amsterdam-chain-138895-0|qp87,amsterdam,historical,,DOMAIN,0.0,3.48,87.0,25.0,2.104805799332483,,0-29,False,,ABSTAIN
0.65,Development,DC-018|qp11.6,amsterdam,historical,,OUT_OF_DOMAIN_GEOMETRY,,0.643,11.6,18.04043545878693,2.104805799332483,,0-29,False,,ABSTAIN
0.65,Development,DC-019|qp15.4,amsterdam,historical,,OUT_OF_DOMAIN_GEOMETRY,,0.643,15.4,23.950233281493,2.104805799332483,,0-29,False,,ABSTAIN
0.65,Development,DC-021|qp16.4,amsterdam,historical,,OUT_OF_DOMAIN_GEOMETRY,,0.91,16.4,18.02197802197802,2.104805799332483,,0-29,False,,ABSTAIN
0.65,Development,DC-020|qp19.3,amsterdam,historical,,OUT_OF_DOMAIN_GEOMETRY,,0.643,19.3,30.01555209953344,2.104805799332483,,0-29,False,,ABSTAIN
0.65,Development,DC-022|qp21.8,amsterdam,historical,,OUT_OF_DOMAIN_GEOMETRY,,0.91,21.8,23.95604395604396,2.104805799332483,,0-29,False,,ABSTAIN
0.65,Development,DC-023|qp27.3,amsterdam,historical,,OUT_OF_DOMAIN_GEOMETRY,,0.91,27.3,30.0,2.104805799332483,,0-29,False,,ABSTAIN
0.65,Development,DC-024|qp35.3,amsterdam,historical,,DOMAIN,0.0,1.96,35.3,18.01020408163265,2.104805799332483,,0-29,False,,ABSTAIN
0.65,Development,DC-027|qp35.4,amsterdam,historical,,DOMAIN,0.0,1.969,35.4,17.97866937531742,2.104805799332483,,0-29,False,,ABSTAIN
0.65,Development,DC-025|qp47.0,amsterdam,historical,,DOMAIN,0.0,1.96,47.0,23.97959183673469,2.104805799332483,,0-29,False,,ABSTAIN
0.65,Development,DC-028|qp47.3,amsterdam,historical,,DOMAIN,0.0,1.969,47.3,24.02234636871508,2.104805799332483,,0-29,False,,ABSTAIN
0.65,Development,DC-030|qp50.3,amsterdam,historical,,DOMAIN,4.0,2.796,50.3,17.989985693848354,2.104805799332483,,0-29,False,,ABSTAIN
0.65,Development,DC-026|qp58.8,amsterdam,historical,,DOMAIN,0.0,1.96,58.8,30.0,2.104805799332483,,0-29,False,,ABSTAIN
0.65,Development,DC-029|qp59.1,amsterdam,historical,,DOMAIN,0.0,1.969,59.1,30.01523616048756,2.104805799332483,,0-29,False,,ABSTAIN
0.65,Development,DC-033|qp65.7,amsterdam,historical,,DOMAIN,0.0,3.651,65.7,17.99506984387839,2.104805799332483,,0-29,False,,ABSTAIN
0.65,Development,DC-031|qp67.1,amsterdam,historical,,DOMAIN,0.0,2.796,67.1,23.99856938483548,2.104805799332483,,0-29,False,,ABSTAIN
0.65,Development,DC-032|qp83.9,amsterdam,historical,,DOMAIN,0.0,2.796,83.9,30.007153075822607,2.104805799332483,,0-29,False,,ABSTAIN
0.65,Development,DC-034|qp87.6,amsterdam,historical,,DOMAIN,0.0,3.651,87.6,23.99342645850452,2.104805799332483,,0-29,False,,ABSTAIN
0.65,Development,DC-035|qp109.5,amsterdam,historical,,DOMAIN,0.0,3.651,109.5,29.99178307313065,2.104805799332483,,0-29,False,,ABSTAIN
0.8,Development,AMS-amsterdam-chain-77474-550|qp3,amsterdam,historical,,OUT_OF_DOMAIN_GEOMETRY,,0.643,3.0,4.665629860031104,2.841994339238279,,0-29,False,,ABSTAIN
0.8,Development,AMS-amsterdam-chain-75190-0|qp4,amsterdam,historical,,OUT_OF_DOMAIN_GEOMETRY,,0.91,4.0,4.395604395604395,2.841994339238279,,0-29,False,,ABSTAIN
0.8,Development,AMS-amsterdam-chain-66173-0|qp6,amsterdam,historical,,DOMAIN,0.0,1.208,6.0,4.966887417218543,2.841994339238279,,0-29,False,,ABSTAIN
0.8,Development,AMS-amsterdam-chain-15655-200|qp7,amsterdam,historical,,DOMAIN,0.0,1.319,7.0,5.307050796057619,2.841994339238279,,0-29,False,,ABSTAIN
0.8,Development,AMS-amsterdam-chain-32447-100|qp7,amsterdam,historical,,DOMAIN,0.0,1.352,7.0,5.177514792899408,2.841994339238279,,0-29,False,,ABSTAIN
0.8,Development,AMS-amsterdam-chain-32674-0|qp7,amsterdam,historical,,DOMAIN,0.0,1.323,7.0,5.291005291005291,2.841994339238279,,0-29,False,,ABSTAIN
0.8,Development,AMS-amsterdam-chain-7530-50|qp8,amsterdam,historical,,DOMAIN,0.0,1.529,8.0,5.232177894048398,2.841994339238279,,0-29,False,,ABSTAIN
0.8,Development,AMS-amsterdam-chain-77474-550|qp8,amsterdam,historical,,OUT_OF_DOMAIN_GEOMETRY,,0.643,8.0,12.441679626749613,2.841994339238279,,0-29,False,,ABSTAIN
0.8,Development,AMS-amsterdam-chain-79104-0|qp8,amsterdam,historical,5.0,ADMITTED,11.0,1.662,8.0,4.813477737665464,2.841994339238279,5.0,0-29,True,30.0,PASS
0.8,Development,AMS-amsterdam-chain-141619-0|qp10,amsterdam,historical,8.0,ADMITTED,11.0,2.098,10.0,4.766444232602479,2.841994339238279,8.0,0-29,True,30.0,PASS
0.8,Development,AMS-amsterdam-chain-173340-0|qp10,amsterdam,historical,,DOMAIN,0.0,1.96,10.0,5.1020408163265305,2.841994339238279,,0-29,False,,ABSTAIN
0.8,Development,AMS-amsterdam-chain-3511-0|qp10,amsterdam,historical,,DOMAIN,0.0,1.969,10.0,5.078720162519045,2.841994339238279,,0-29,False,,ABSTAIN
0.8,Development,AMS-amsterdam-chain-95719-50|qp10,amsterdam,historical,,DOMAIN,0.0,2.062,10.0,4.849660523763337,2.841994339238279,,0-29,False,,ABSTAIN
0.8,Development,AMS-amsterdam-chain-166482-0|qp11,amsterdam,historical,9.0,ADMITTED,9.0,2.267,11.0,4.852227613586238,2.841994339238279,9.0,0-29,True,29.0,PASS
0.8,Development,AMS-amsterdam-chain-45268-50|qp11,amsterdam,historical,8.0,ADMITTED,13.0,2.166,11.0,5.078485687903971,2.841994339238279,8.0,0-29,True,29.0,PASS
0.8,Development,AMS-amsterdam-chain-75190-0|qp11,amsterdam,historical,,OUT_OF_DOMAIN_GEOMETRY,,0.91,11.0,12.087912087912088,2.841994339238279,,0-29,False,,ABSTAIN
0.8,Development,AMS-amsterdam-chain-44642-0|qp12,amsterdam,historical,10.0,ADMITTED,19.0,2.482,12.0,4.8348106365834,2.841994339238279,10.0,0-29,True,30.0,PASS
0.8,Development,AMS-amsterdam-chain-32802-0|qp13,amsterdam,historical,10.0,ADMITTED,19.0,2.575,13.0,5.048543689320388,2.841994339238279,10.0,0-29,True,30.0,PASS
0.8,Development,AMS-amsterdam-chain-22812-0|qp14,amsterdam,historical,,DOMAIN,19.0,2.796,14.0,5.007153075822604,2.841994339238279,,0-29,False,,ABSTAIN
0.8,Development,AMS-amsterdam-chain-66173-0|qp14,amsterdam,historical,,DOMAIN,0.0,1.208,14.0,11.589403973509937,2.841994339238279,,0-29,False,,ABSTAIN
0.8,Development,AMS-amsterdam-chain-15655-200|qp16,amsterdam,historical,,DOMAIN,0.0,1.319,16.0,12.130401819560271,2.841994339238279,,0-29,False,,ABSTAIN
0.8,Development,AMS-amsterdam-chain-32447-100|qp16,amsterdam,historical,,DOMAIN,0.0,1.352,16.0,11.83431952662722,2.841994339238279,,0-29,False,,ABSTAIN
0.8,Development,AMS-amsterdam-chain-32674-0|qp16,amsterdam,historical,,DOMAIN,0.0,1.323,16.0,12.093726379440666,2.841994339238279,,0-29,False,,ABSTAIN
0.8,Development,AMS-amsterdam-chain-142287-0|qp18,amsterdam,historical,,DOMAIN,0.0,3.651,18.0,4.930156121610518,2.841994339238279,,0-29,False,,ABSTAIN
0.8,Development,AMS-amsterdam-chain-7530-50|qp18,amsterdam,historical,,DOMAIN,0.0,1.529,18.0,11.772400261608896,2.841994339238279,,0-29,False,,ABSTAIN
0.8,Development,AMS-amsterdam-chain-158080-0|qp19,amsterdam,historical,,DOMAIN,19.0,3.89,19.0,4.884318766066838,2.841994339238279,,0-29,False,,ABSTAIN
0.8,Development,AMS-amsterdam-chain-79104-0|qp20,amsterdam,historical,0.0,MARGIN_FLOOR,10.0,1.662,20.0,12.033694344163658,2.841994339238279,0.0,0-29,True,30.0,ZERO_ADMISSION
0.8,Development,AMS-amsterdam-chain-173340-0|qp24,amsterdam,historical,,DOMAIN,0.0,1.96,24.0,12.244897959183673,2.841994339238279,,0-29,False,,ABSTAIN
0.8,Development,AMS-amsterdam-chain-3511-0|qp24,amsterdam,historical,,DOMAIN,0.0,1.969,24.0,12.188928390045708,2.841994339238279,,0-29,False,,ABSTAIN
0.8,Development,AMS-amsterdam-chain-141619-0|qp25,amsterdam,historical,1.0,ADMITTED,8.0,2.098,25.0,11.916110581506198,2.841994339238279,1.0,0-29,True,30.0,PASS
0.8,Development,AMS-amsterdam-chain-95719-50|qp25,amsterdam,historical,,DOMAIN,0.0,2.062,25.0,12.124151309408342,2.841994339238279,,0-29,False,,ABSTAIN
0.8,Development,AMS-amsterdam-chain-45268-50|qp26,amsterdam,historical,2.0,ADMITTED,8.0,2.166,26.0,12.003693444136658,2.841994339238279,2.0,0-29,True,30.0,PASS
0.8,Development,AMS-amsterdam-chain-166482-0|qp27,amsterdam,historical,2.0,ADMITTED,8.0,2.267,27.0,11.910013233348035,2.841994339238279,2.0,0-29,True,30.0,PASS
0.8,Development,AMS-amsterdam-chain-44642-0|qp30,amsterdam,historical,2.0,ADMITTED,12.0,2.482,30.0,12.0870265914585,2.841994339238279,2.0,0-29,True,30.0,PASS
0.8,Development,AMS-amsterdam-chain-32802-0|qp31,amsterdam,historical,3.0,ADMITTED,12.0,2.575,31.0,12.03883495145631,2.841994339238279,3.0,0-29,True,30.0,PASS
0.8,Development,AMS-amsterdam-chain-22812-0|qp34,amsterdam,historical,,DOMAIN,11.0,2.796,34.0,12.160228898426324,2.841994339238279,,0-29,False,,ABSTAIN
0.8,Development,AMS-amsterdam-chain-142287-0|qp44,amsterdam,historical,,DOMAIN,0.0,3.651,44.0,12.0514927417146,2.841994339238279,,0-29,False,,ABSTAIN
0.8,Development,AMS-amsterdam-chain-158080-0|qp47,amsterdam,historical,,DOMAIN,12.0,3.89,47.0,12.082262210796914,2.841994339238279,,0-29,False,,ABSTAIN
0.8,Development,AMS-amsterdam-chain-138895-0|qp52,amsterdam,historical,,DOMAIN,0.0,3.48,52.0,14.942528735632184,2.841994339238279,,0-29,False,,ABSTAIN
0.8,Development,AMS-amsterdam-chain-138895-0|qp87,amsterdam,historical,,DOMAIN,0.0,3.48,87.0,25.0,2.841994339238279,,0-29,False,,ABSTAIN
0.8,Development,DC-018|qp11.6,amsterdam,historical,,OUT_OF_DOMAIN_GEOMETRY,,0.643,11.6,18.04043545878693,2.841994339238279,,0-29,False,,ABSTAIN
0.8,Development,DC-019|qp15.4,amsterdam,historical,,OUT_OF_DOMAIN_GEOMETRY,,0.643,15.4,23.950233281493,2.841994339238279,,0-29,False,,ABSTAIN
0.8,Development,DC-021|qp16.4,amsterdam,historical,,OUT_OF_DOMAIN_GEOMETRY,,0.91,16.4,18.02197802197802,2.841994339238279,,0-29,False,,ABSTAIN
0.8,Development,DC-020|qp19.3,amsterdam,historical,,OUT_OF_DOMAIN_GEOMETRY,,0.643,19.3,30.01555209953344,2.841994339238279,,0-29,False,,ABSTAIN
0.8,Development,DC-022|qp21.8,amsterdam,historical,,OUT_OF_DOMAIN_GEOMETRY,,0.91,21.8,23.95604395604396,2.841994339238279,,0-29,False,,ABSTAIN
0.8,Development,DC-023|qp27.3,amsterdam,historical,,OUT_OF_DOMAIN_GEOMETRY,,0.91,27.3,30.0,2.841994339238279,,0-29,False,,ABSTAIN
0.8,Development,DC-024|qp35.3,amsterdam,historical,,DOMAIN,0.0,1.96,35.3,18.01020408163265,2.841994339238279,,0-29,False,,ABSTAIN
0.8,Development,DC-027|qp35.4,amsterdam,historical,,DOMAIN,0.0,1.969,35.4,17.97866937531742,2.841994339238279,,0-29,False,,ABSTAIN
0.8,Development,DC-025|qp47.0,amsterdam,historical,,DOMAIN,0.0,1.96,47.0,23.97959183673469,2.841994339238279,,0-29,False,,ABSTAIN
0.8,Development,DC-028|qp47.3,amsterdam,historical,,DOMAIN,0.0,1.969,47.3,24.02234636871508,2.841994339238279,,0-29,False,,ABSTAIN
0.8,Development,DC-030|qp50.3,amsterdam,historical,,DOMAIN,4.0,2.796,50.3,17.989985693848354,2.841994339238279,,0-29,False,,ABSTAIN
0.8,Development,DC-026|qp58.8,amsterdam,historical,,DOMAIN,0.0,1.96,58.8,30.0,2.841994339238279,,0-29,False,,ABSTAIN
0.8,Development,DC-029|qp59.1,amsterdam,historical,,DOMAIN,0.0,1.969,59.1,30.01523616048756,2.841994339238279,,0-29,False,,ABSTAIN
0.8,Development,DC-033|qp65.7,amsterdam,historical,,DOMAIN,0.0,3.651,65.7,17.99506984387839,2.841994339238279,,0-29,False,,ABSTAIN
0.8,Development,DC-031|qp67.1,amsterdam,historical,,DOMAIN,0.0,2.796,67.1,23.99856938483548,2.841994339238279,,0-29,False,,ABSTAIN
0.8,Development,DC-032|qp83.9,amsterdam,historical,,DOMAIN,0.0,2.796,83.9,30.007153075822607,2.841994339238279,,0-29,False,,ABSTAIN
0.8,Development,DC-034|qp87.6,amsterdam,historical,,DOMAIN,0.0,3.651,87.6,23.99342645850452,2.841994339238279,,0-29,False,,ABSTAIN
0.8,Development,DC-035|qp109.5,amsterdam,historical,,DOMAIN,0.0,3.651,109.5,29.99178307313065,2.841994339238279,,0-29,False,,ABSTAIN
0.9,Development,AMS-amsterdam-chain-77474-550|qp3,amsterdam,historical,,OUT_OF_DOMAIN_GEOMETRY,,0.643,3.0,4.665629860031104,4.066647931355112,,0-29,False,,ABSTAIN
0.9,Development,AMS-amsterdam-chain-75190-0|qp4,amsterdam,historical,,OUT_OF_DOMAIN_GEOMETRY,,0.91,4.0,4.395604395604395,4.066647931355112,,0-29,False,,ABSTAIN
0.9,Development,AMS-amsterdam-chain-66173-0|qp6,amsterdam,historical,,DOMAIN,0.0,1.208,6.0,4.966887417218543,4.066647931355112,,0-29,False,,ABSTAIN
0.9,Development,AMS-amsterdam-chain-15655-200|qp7,amsterdam,historical,,DOMAIN,0.0,1.319,7.0,5.307050796057619,4.066647931355112,,0-29,False,,ABSTAIN
0.9,Development,AMS-amsterdam-chain-32447-100|qp7,amsterdam,historical,,DOMAIN,0.0,1.352,7.0,5.177514792899408,4.066647931355112,,0-29,False,,ABSTAIN
0.9,Development,AMS-amsterdam-chain-32674-0|qp7,amsterdam,historical,,DOMAIN,0.0,1.323,7.0,5.291005291005291,4.066647931355112,,0-29,False,,ABSTAIN
0.9,Development,AMS-amsterdam-chain-7530-50|qp8,amsterdam,historical,,DOMAIN,0.0,1.529,8.0,5.232177894048398,4.066647931355112,,0-29,False,,ABSTAIN
0.9,Development,AMS-amsterdam-chain-77474-550|qp8,amsterdam,historical,,OUT_OF_DOMAIN_GEOMETRY,,0.643,8.0,12.441679626749613,4.066647931355112,,0-29,False,,ABSTAIN
0.9,Development,AMS-amsterdam-chain-79104-0|qp8,amsterdam,historical,4.0,ADMITTED,11.0,1.662,8.0,4.813477737665464,4.066647931355112,4.0,0-29,True,30.0,PASS
0.9,Development,AMS-amsterdam-chain-141619-0|qp10,amsterdam,historical,7.0,ADMITTED,11.0,2.098,10.0,4.766444232602479,4.066647931355112,7.0,0-29,True,30.0,PASS
0.9,Development,AMS-amsterdam-chain-173340-0|qp10,amsterdam,historical,,DOMAIN,0.0,1.96,10.0,5.1020408163265305,4.066647931355112,,0-29,False,,ABSTAIN
0.9,Development,AMS-amsterdam-chain-3511-0|qp10,amsterdam,historical,,DOMAIN,0.0,1.969,10.0,5.078720162519045,4.066647931355112,,0-29,False,,ABSTAIN
0.9,Development,AMS-amsterdam-chain-95719-50|qp10,amsterdam,historical,,DOMAIN,0.0,2.062,10.0,4.849660523763337,4.066647931355112,,0-29,False,,ABSTAIN
0.9,Development,AMS-amsterdam-chain-166482-0|qp11,amsterdam,historical,7.0,ADMITTED,9.0,2.267,11.0,4.852227613586238,4.066647931355112,7.0,0-29,True,29.0,PASS
0.9,Development,AMS-amsterdam-chain-45268-50|qp11,amsterdam,historical,6.0,ADMITTED,13.0,2.166,11.0,5.078485687903971,4.066647931355112,6.0,0-29,True,30.0,PASS
0.9,Development,AMS-amsterdam-chain-75190-0|qp11,amsterdam,historical,,OUT_OF_DOMAIN_GEOMETRY,,0.91,11.0,12.087912087912088,4.066647931355112,,0-29,False,,ABSTAIN
0.9,Development,AMS-amsterdam-chain-44642-0|qp12,amsterdam,historical,9.0,ADMITTED,19.0,2.482,12.0,4.8348106365834,4.066647931355112,9.0,0-29,True,30.0,PASS
0.9,Development,AMS-amsterdam-chain-32802-0|qp13,amsterdam,historical,9.0,ADMITTED,19.0,2.575,13.0,5.048543689320388,4.066647931355112,9.0,0-29,True,30.0,PASS
0.9,Development,AMS-amsterdam-chain-22812-0|qp14,amsterdam,historical,,DOMAIN,19.0,2.796,14.0,5.007153075822604,4.066647931355112,,0-29,False,,ABSTAIN
0.9,Development,AMS-amsterdam-chain-66173-0|qp14,amsterdam,historical,,DOMAIN,0.0,1.208,14.0,11.589403973509937,4.066647931355112,,0-29,False,,ABSTAIN
0.9,Development,AMS-amsterdam-chain-15655-200|qp16,amsterdam,historical,,DOMAIN,0.0,1.319,16.0,12.130401819560271,4.066647931355112,,0-29,False,,ABSTAIN
0.9,Development,AMS-amsterdam-chain-32447-100|qp16,amsterdam,historical,,DOMAIN,0.0,1.352,16.0,11.83431952662722,4.066647931355112,,0-29,False,,ABSTAIN
0.9,Development,AMS-amsterdam-chain-32674-0|qp16,amsterdam,historical,,DOMAIN,0.0,1.323,16.0,12.093726379440666,4.066647931355112,,0-29,False,,ABSTAIN
0.9,Development,AMS-amsterdam-chain-142287-0|qp18,amsterdam,historical,,DOMAIN,0.0,3.651,18.0,4.930156121610518,4.066647931355112,,0-29,False,,ABSTAIN
0.9,Development,AMS-amsterdam-chain-7530-50|qp18,amsterdam,historical,,DOMAIN,0.0,1.529,18.0,11.772400261608896,4.066647931355112,,0-29,False,,ABSTAIN
0.9,Development,AMS-amsterdam-chain-158080-0|qp19,amsterdam,historical,,DOMAIN,19.0,3.89,19.0,4.884318766066838,4.066647931355112,,0-29,False,,ABSTAIN
0.9,Development,AMS-amsterdam-chain-79104-0|qp20,amsterdam,historical,0.0,MARGIN_FLOOR,10.0,1.662,20.0,12.033694344163658,4.066647931355112,0.0,0-29,True,30.0,ZERO_ADMISSION
0.9,Development,AMS-amsterdam-chain-173340-0|qp24,amsterdam,historical,,DOMAIN,0.0,1.96,24.0,12.244897959183673,4.066647931355112,,0-29,False,,ABSTAIN
0.9,Development,AMS-amsterdam-chain-3511-0|qp24,amsterdam,historical,,DOMAIN,0.0,1.969,24.0,12.188928390045708,4.066647931355112,,0-29,False,,ABSTAIN
0.9,Development,AMS-amsterdam-chain-141619-0|qp25,amsterdam,historical,0.0,MARGIN_FLOOR,8.0,2.098,25.0,11.916110581506198,4.066647931355112,0.0,0-29,True,30.0,ZERO_ADMISSION
0.9,Development,AMS-amsterdam-chain-95719-50|qp25,amsterdam,historical,,DOMAIN,0.0,2.062,25.0,12.124151309408342,4.066647931355112,,0-29,False,,ABSTAIN
0.9,Development,AMS-amsterdam-chain-45268-50|qp26,amsterdam,historical,0.0,MARGIN_FLOOR,8.0,2.166,26.0,12.003693444136658,4.066647931355112,0.0,0-29,True,30.0,ZERO_ADMISSION
0.9,Development,AMS-amsterdam-chain-166482-0|qp27,amsterdam,historical,1.0,ADMITTED,8.0,2.267,27.0,11.910013233348035,4.066647931355112,1.0,0-29,True,30.0,PASS
0.9,Development,AMS-amsterdam-chain-44642-0|qp30,amsterdam,historical,1.0,ADMITTED,12.0,2.482,30.0,12.0870265914585,4.066647931355112,1.0,0-29,True,30.0,PASS
0.9,Development,AMS-amsterdam-chain-32802-0|qp31,amsterdam,historical,1.0,ADMITTED,12.0,2.575,31.0,12.03883495145631,4.066647931355112,1.0,0-29,True,30.0,PASS
0.9,Development,AMS-amsterdam-chain-22812-0|qp34,amsterdam,historical,,DOMAIN,11.0,2.796,34.0,12.160228898426324,4.066647931355112,,0-29,False,,ABSTAIN
0.9,Development,AMS-amsterdam-chain-142287-0|qp44,amsterdam,historical,,DOMAIN,0.0,3.651,44.0,12.0514927417146,4.066647931355112,,0-29,False,,ABSTAIN
0.9,Development,AMS-amsterdam-chain-158080-0|qp47,amsterdam,historical,,DOMAIN,12.0,3.89,47.0,12.082262210796914,4.066647931355112,,0-29,False,,ABSTAIN
0.9,Development,AMS-amsterdam-chain-138895-0|qp52,amsterdam,historical,,DOMAIN,0.0,3.48,52.0,14.942528735632184,4.066647931355112,,0-29,False,,ABSTAIN
0.9,Development,AMS-amsterdam-chain-138895-0|qp87,amsterdam,historical,,DOMAIN,0.0,3.48,87.0,25.0,4.066647931355112,,0-29,False,,ABSTAIN
0.9,Development,DC-018|qp11.6,amsterdam,historical,,OUT_OF_DOMAIN_GEOMETRY,,0.643,11.6,18.04043545878693,4.066647931355112,,0-29,False,,ABSTAIN
0.9,Development,DC-019|qp15.4,amsterdam,historical,,OUT_OF_DOMAIN_GEOMETRY,,0.643,15.4,23.950233281493,4.066647931355112,,0-29,False,,ABSTAIN
0.9,Development,DC-021|qp16.4,amsterdam,historical,,OUT_OF_DOMAIN_GEOMETRY,,0.91,16.4,18.02197802197802,4.066647931355112,,0-29,False,,ABSTAIN
0.9,Development,DC-020|qp19.3,amsterdam,historical,,OUT_OF_DOMAIN_GEOMETRY,,0.643,19.3,30.01555209953344,4.066647931355112,,0-29,False,,ABSTAIN
0.9,Development,DC-022|qp21.8,amsterdam,historical,,OUT_OF_DOMAIN_GEOMETRY,,0.91,21.8,23.95604395604396,4.066647931355112,,0-29,False,,ABSTAIN
0.9,Development,DC-023|qp27.3,amsterdam,historical,,OUT_OF_DOMAIN_GEOMETRY,,0.91,27.3,30.0,4.066647931355112,,0-29,False,,ABSTAIN
0.9,Development,DC-024|qp35.3,amsterdam,historical,,DOMAIN,0.0,1.96,35.3,18.01020408163265,4.066647931355112,,0-29,False,,ABSTAIN
0.9,Development,DC-027|qp35.4,amsterdam,historical,,DOMAIN,0.0,1.969,35.4,17.97866937531742,4.066647931355112,,0-29,False,,ABSTAIN
0.9,Development,DC-025|qp47.0,amsterdam,historical,,DOMAIN,0.0,1.96,47.0,23.97959183673469,4.066647931355112,,0-29,False,,ABSTAIN
0.9,Development,DC-028|qp47.3,amsterdam,historical,,DOMAIN,0.0,1.969,47.3,24.02234636871508,4.066647931355112,,0-29,False,,ABSTAIN
0.9,Development,DC-030|qp50.3,amsterdam,historical,,DOMAIN,4.0,2.796,50.3,17.989985693848354,4.066647931355112,,0-29,False,,ABSTAIN
0.9,Development,DC-026|qp58.8,amsterdam,historical,,DOMAIN,0.0,1.96,58.8,30.0,4.066647931355112,,0-29,False,,ABSTAIN
0.9,Development,DC-029|qp59.1,amsterdam,historical,,DOMAIN,0.0,1.969,59.1,30.01523616048756,4.066647931355112,,0-29,False,,ABSTAIN
0.9,Development,DC-033|qp65.7,amsterdam,historical,,DOMAIN,0.0,3.651,65.7,17.99506984387839,4.066647931355112,,0-29,False,,ABSTAIN
0.9,Development,DC-031|qp67.1,amsterdam,historical,,DOMAIN,0.0,2.796,67.1,23.99856938483548,4.066647931355112,,0-29,False,,ABSTAIN
0.9,Development,DC-032|qp83.9,amsterdam,historical,,DOMAIN,0.0,2.796,83.9,30.007153075822607,4.066647931355112,,0-29,False,,ABSTAIN
0.9,Development,DC-034|qp87.6,amsterdam,historical,,DOMAIN,0.0,3.651,87.6,23.99342645850452,4.066647931355112,,0-29,False,,ABSTAIN
0.9,Development,DC-035|qp109.5,amsterdam,historical,,DOMAIN,0.0,3.651,109.5,29.99178307313065,4.066647931355112,,0-29,False,,ABSTAIN
0.0,Development,MEL-melbourne-RPSP1011231-0-5|qp1,melbourne,historical,,OUT_OF_DOMAIN_GEOMETRY,,0.209,1.0,4.784688995215311,0.0,,0-29,False,,ABSTAIN
0.0,Development,MEL-melbourne-RPSP1011231-0-5|qp2,melbourne,historical,,OUT_OF_DOMAIN_GEOMETRY,,0.209,2.0,9.569377990430622,0.0,,0-29,False,,ABSTAIN
0.0,Development,MEL-melbourne-idx7418-0-6|qp3,melbourne,historical,,OUT_OF_DOMAIN_GEOMETRY,,0.603,3.0,4.975124378109453,0.0,,0-29,False,,ABSTAIN
0.0,Development,MEL-melbourne-RPSP03A13291L1-0-0|qp5,melbourne,historical,,OUT_OF_DOMAIN_GEOMETRY,,0.305,5.0,16.39344262295082,0.0,,0-29,False,,ABSTAIN
0.0,Development,MEL-melbourne-RPSP03A10434L1-0-0|qp7,melbourne,historical,,DOMAIN,0.0,1.33,7.0,5.263157894736842,0.0,,0-29,False,,ABSTAIN
0.0,Development,MEL-melbourne-idx7418-0-6|qp7,melbourne,historical,,OUT_OF_DOMAIN_GEOMETRY,,0.603,7.0,11.608623548922056,0.0,,0-29,False,,ABSTAIN
0.0,Development,MEL-melbourne-1389612-0-2|qp8,melbourne,historical,5.0,ADMITTED,7.0,1.697,8.0,4.7142015321154975,0.0,5.0,0-29,True,30.0,PASS
0.0,Development,MEL-melbourne-RPSP03A13291L1-0-0|qp8,melbourne,historical,,OUT_OF_DOMAIN_GEOMETRY,,0.305,8.0,26.229508196721312,0.0,,0-29,False,,ABSTAIN
0.0,Development,MEL-melbourne-1465622-0-2|qp9,melbourne,historical,6.0,ADMITTED,6.0,1.749,9.0,5.145797598627787,0.0,6.0,0-29,True,29.0,PASS
0.0,Development,MEL-melbourne-1477330-0-0|qp9,melbourne,historical,8.0,ADMITTED,8.0,1.83,9.0,4.918032786885246,0.0,8.0,0-29,True,29.0,PASS
0.0,Development,MEL-melbourne-RPSP02B11034-0-0|qp9,melbourne,historical,8.0,ADMITTED,10.0,1.844,9.0,4.880694143167028,0.0,8.0,0-29,True,30.0,PASS
0.0,Development,MEL-melbourne-RPSP0813599L1-0-0|qp9,melbourne,historical,,OUT_OF_DOMAIN_GEOMETRY,,0.617,9.0,14.586709886547812,0.0,,0-29,False,,ABSTAIN
0.0,Development,MEL-melbourne-1434605-0-0|qp11,melbourne,historical,11.0,ADMITTED,14.0,2.156,11.0,5.1020408163265305,0.0,11.0,0-29,True,29.0,PASS
0.0,Development,MEL-melbourne-1465759-0-1|qp12,melbourne,historical,12.0,ADMITTED,14.0,2.348,12.0,5.110732538330495,0.0,12.0,0-29,True,30.0,PASS
0.0,Development,MEL-melbourne-1389823-0-3|qp14,melbourne,historical,13.0,ADMITTED,20.0,2.722,14.0,5.143277002204262,0.0,13.0,0-29,True,30.0,PASS
0.0,Development,MEL-melbourne-RPSP0813599L1-0-0|qp15,melbourne,historical,,OUT_OF_DOMAIN_GEOMETRY,,0.617,15.0,24.31118314424636,0.0,,0-29,False,,ABSTAIN
0.0,Development,MEL-melbourne-RPSP03A10434L1-0-0|qp16,melbourne,historical,,DOMAIN,0.0,1.33,16.0,12.030075187969924,0.0,,0-29,False,,ABSTAIN
0.0,Development,MEL-melbourne-RPSP03A11034L1-0-0|qp16,melbourne,historical,,DOMAIN,20.0,3.194,16.0,5.009392611145898,0.0,,0-29,False,,ABSTAIN
0.0,Development,MEL-melbourne-RPSP07A11127-0-0|qp16,melbourne,historical,,DOMAIN,19.0,3.121,16.0,5.12656199935918,0.0,,0-29,False,,ABSTAIN
0.0,Development,MEL-melbourne-RPSP0813145L1-0-1|qp19,melbourne,historical,,DOMAIN,0.0,1.271,19.0,14.948859166011015,0.0,,0-29,False,,ABSTAIN
0.0,Development,MEL-melbourne-1385129-0-0|qp20,melbourne,historical,,DOMAIN,0.0,1.344,20.0,14.88095238095238,0.0,,0-29,False,,ABSTAIN
0.0,Development,MEL-melbourne-1389612-0-2|qp20,melbourne,historical,4.0,ADMITTED,5.0,1.697,20.0,11.785503830288745,0.0,4.0,0-29,True,30.0,PASS
0.0,Development,MEL-melbourne-1465622-0-2|qp21,melbourne,historical,4.0,ADMITTED,4.0,1.749,21.0,12.006861063464836,0.0,4.0,0-29,True,30.0,PASS
0.0,Development,MEL-melbourne-1477330-0-0|qp22,melbourne,historical,4.0,ADMITTED,4.0,1.83,22.0,12.021857923497269,0.0,4.0,0-29,True,30.0,PASS
0.0,Development,MEL-melbourne-RPSP02B11034-0-0|qp22,melbourne,historical,4.0,ADMITTED,6.0,1.844,22.0,11.93058568329718,0.0,4.0,0-29,True,30.0,PASS
0.0,Development,MEL-melbourne-1434605-0-0|qp26,melbourne,historical,5.0,ADMITTED,9.0,2.156,26.0,12.059369202226344,0.0,5.0,0-29,True,30.0,PASS
0.0,Development,MEL-melbourne-1515142-0-0|qp26,melbourne,historical,,DOMAIN,18.0,5.175,26.0,5.024154589371981,0.0,,0-29,False,,ABSTAIN
0.0,Development,MEL-melbourne-1465759-0-1|qp28,melbourne,historical,5.0,ADMITTED,10.0,2.348,28.0,11.92504258943782,0.0,5.0,0-29,True,30.0,PASS
0.0,Development,MEL-melbourne-RPSP0813145L1-0-1|qp32,melbourne,historical,,DOMAIN,0.0,1.271,32.0,25.177025963808028,0.0,,0-29,False,,ABSTAIN
0.0,Development,MEL-melbourne-1389823-0-3|qp33,melbourne,historical,6.0,ADMITTED,13.0,2.722,33.0,12.123438648052902,0.0,6.0,0-29,True,30.0,PASS
0.0,Development,MEL-melbourne-1385129-0-0|qp34,melbourne,historical,,DOMAIN,0.0,1.344,34.0,25.297619047619047,0.0,,0-29,False,,ABSTAIN
0.0,Development,MEL-melbourne-RPSP03A11034L1-0-0|qp38,melbourne,historical,,DOMAIN,13.0,3.194,38.0,11.897307451471509,0.0,,0-29,False,,ABSTAIN
0.0,Development,MEL-melbourne-RPSP07A11127-0-0|qp38,melbourne,historical,,DOMAIN,10.0,3.121,38.0,12.175584748478052,0.0,,0-29,False,,ABSTAIN
0.0,Development,MEL-melbourne-RPSP0814955L1-0-0|qp52,melbourne,historical,,DOMAIN,9.0,3.499,52.0,14.86138896827665,0.0,,0-29,False,,ABSTAIN
0.0,Development,MEL-melbourne-RPSP03A10530L1-0-0|qp54,melbourne,historical,,DOMAIN,10.0,3.609,54.0,14.962593516209475,0.0,,0-29,False,,ABSTAIN
0.0,Development,MEL-melbourne-1515142-0-0|qp62,melbourne,historical,,DOMAIN,7.0,5.175,62.0,11.980676328502415,0.0,,0-29,False,,ABSTAIN
0.0,Development,MEL-melbourne-1385230-0-1|qp68,melbourne,historical,,DOMAIN,0.0,2.271,68.0,29.94275649493615,0.0,,0-29,False,,ABSTAIN
0.0,Development,MEL-melbourne-RPSP0814955L1-0-0|qp88,melbourne,historical,,DOMAIN,2.0,3.499,88.0,25.150042869391253,0.0,,0-29,False,,ABSTAIN
0.0,Development,MEL-melbourne-RPSP03A10530L1-0-0|qp90,melbourne,historical,,DOMAIN,2.0,3.609,90.0,24.93765586034913,0.0,,0-29,False,,ABSTAIN
0.0,Development,MEL-melbourne-1385230-0-1|qp102,melbourne,historical,,DOMAIN,0.0,2.271,102.0,44.91413474240423,0.0,,0-29,False,,ABSTAIN
0.0,Development,DC-036|qp3.8,melbourne,historical,,OUT_OF_DOMAIN_GEOMETRY,,0.209,3.8,18.181818181818183,0.0,,0-29,False,,ABSTAIN
0.0,Development,DC-037|qp5.0,melbourne,historical,,OUT_OF_DOMAIN_GEOMETRY,,0.209,5.0,23.92344497607656,0.0,,0-29,False,,ABSTAIN
0.0,Development,DC-039|qp5.5,melbourne,historical,,OUT_OF_DOMAIN_GEOMETRY,,0.305,5.5,18.0327868852459,0.0,,0-29,False,,ABSTAIN
0.0,Development,DC-038|qp6.3,melbourne,historical,,OUT_OF_DOMAIN_GEOMETRY,,0.209,6.3,30.14354066985646,0.0,,0-29,False,,ABSTAIN
0.0,Development,DC-040|qp7.3,melbourne,historical,,OUT_OF_DOMAIN_GEOMETRY,,0.305,7.3,23.9344262295082,0.0,,0-29,False,,ABSTAIN
0.0,Development,DC-041|qp9.2,melbourne,historical,,OUT_OF_DOMAIN_GEOMETRY,,0.305,9.2,30.163934426229503,0.0,,0-29,False,,ABSTAIN
0.0,Development,DC-042|qp30.5,melbourne,historical,2.0,ADMITTED,1.0,1.697,30.5,17.972893341190336,0.0,2.0,0-29,True,27.0,FAIL
0.0,Development,DC-045|qp31.5,melbourne,historical,2.0,ADMITTED,1.0,1.749,31.5,18.010291595197256,0.0,2.0,0-29,True,26.0,FAIL
0.0,Development,DC-043|qp40.7,melbourne,historical,0.0,SERVICE,0.0,1.697,40.7,23.9835002946376,0.0,0.0,0-29,False,,ZERO_ADMISSION
0.0,Development,DC-046|qp42.0,melbourne,historical,0.0,SERVICE,0.0,1.749,42.0,24.01372212692967,0.0,0.0,0-29,False,,ZERO_ADMISSION
0.0,Development,DC-048|qp49.0,melbourne,historical,4.0,ADMITTED,8.0,2.722,49.0,18.001469507714916,0.0,4.0,0-29,True,30.0,PASS
0.0,Development,DC-044|qp50.9,melbourne,historical,0.0,SERVICE,0.0,1.697,50.9,29.99410724808485,0.0,0.0,0-29,False,,ZERO_ADMISSION
0.0,Development,DC-047|qp52.5,melbourne,historical,0.0,SERVICE,0.0,1.749,52.5,30.01715265866209,0.0,0.0,0-29,False,,ZERO_ADMISSION
0.0,Development,DC-051|qp65.0,melbourne,historical,,DOMAIN,6.0,3.609,65.0,18.01052923247437,0.0,,0-29,False,,ABSTAIN
0.0,Development,DC-049|qp65.3,melbourne,historical,,DOMAIN,0.0,2.722,65.3,23.98971344599559,0.0,,0-29,False,,ABSTAIN
0.0,Development,DC-050|qp81.7,melbourne,historical,,DOMAIN,0.0,2.722,81.7,30.01469507714916,0.0,,0-29,False,,ABSTAIN
0.0,Development,DC-052|qp86.6,melbourne,historical,,DOMAIN,3.0,3.609,86.6,23.99556663895816,0.0,,0-29,False,,ABSTAIN
0.0,Development,DC-053|qp108.3,melbourne,historical,,DOMAIN,0.0,3.609,108.3,30.00831255195345,0.0,,0-29,False,,ABSTAIN
0.5,Development,MEL-melbourne-RPSP1011231-0-5|qp1,melbourne,historical,,OUT_OF_DOMAIN_GEOMETRY,,0.209,1.0,4.784688995215311,1.8122340219345217,,0-29,False,,ABSTAIN
0.5,Development,MEL-melbourne-RPSP1011231-0-5|qp2,melbourne,historical,,OUT_OF_DOMAIN_GEOMETRY,,0.209,2.0,9.569377990430622,1.8122340219345217,,0-29,False,,ABSTAIN
0.5,Development,MEL-melbourne-idx7418-0-6|qp3,melbourne,historical,,OUT_OF_DOMAIN_GEOMETRY,,0.603,3.0,4.975124378109453,1.8122340219345217,,0-29,False,,ABSTAIN
0.5,Development,MEL-melbourne-RPSP03A13291L1-0-0|qp5,melbourne,historical,,OUT_OF_DOMAIN_GEOMETRY,,0.305,5.0,16.39344262295082,1.8122340219345217,,0-29,False,,ABSTAIN
0.5,Development,MEL-melbourne-RPSP03A10434L1-0-0|qp7,melbourne,historical,,DOMAIN,0.0,1.33,7.0,5.263157894736842,1.8122340219345217,,0-29,False,,ABSTAIN
0.5,Development,MEL-melbourne-idx7418-0-6|qp7,melbourne,historical,,OUT_OF_DOMAIN_GEOMETRY,,0.603,7.0,11.608623548922056,1.8122340219345217,,0-29,False,,ABSTAIN
0.5,Development,MEL-melbourne-1389612-0-2|qp8,melbourne,historical,5.0,ADMITTED,7.0,1.697,8.0,4.7142015321154975,1.8122340219345217,5.0,0-29,True,30.0,PASS
0.5,Development,MEL-melbourne-RPSP03A13291L1-0-0|qp8,melbourne,historical,,OUT_OF_DOMAIN_GEOMETRY,,0.305,8.0,26.229508196721312,1.8122340219345217,,0-29,False,,ABSTAIN
0.5,Development,MEL-melbourne-1465622-0-2|qp9,melbourne,historical,6.0,ADMITTED,6.0,1.749,9.0,5.145797598627787,1.8122340219345217,6.0,0-29,True,29.0,PASS
0.5,Development,MEL-melbourne-1477330-0-0|qp9,melbourne,historical,7.0,ADMITTED,8.0,1.83,9.0,4.918032786885246,1.8122340219345217,7.0,0-29,True,29.0,PASS
0.5,Development,MEL-melbourne-RPSP02B11034-0-0|qp9,melbourne,historical,8.0,ADMITTED,10.0,1.844,9.0,4.880694143167028,1.8122340219345217,8.0,0-29,True,30.0,PASS
0.5,Development,MEL-melbourne-RPSP0813599L1-0-0|qp9,melbourne,historical,,OUT_OF_DOMAIN_GEOMETRY,,0.617,9.0,14.586709886547812,1.8122340219345217,,0-29,False,,ABSTAIN
0.5,Development,MEL-melbourne-1434605-0-0|qp11,melbourne,historical,9.0,ADMITTED,14.0,2.156,11.0,5.1020408163265305,1.8122340219345217,9.0,0-29,True,30.0,PASS
0.5,Development,MEL-melbourne-1465759-0-1|qp12,melbourne,historical,10.0,ADMITTED,14.0,2.348,12.0,5.110732538330495,1.8122340219345217,10.0,0-29,True,30.0,PASS
0.5,Development,MEL-melbourne-1389823-0-3|qp14,melbourne,historical,12.0,ADMITTED,20.0,2.722,14.0,5.143277002204262,1.8122340219345217,12.0,0-29,True,30.0,PASS
0.5,Development,MEL-melbourne-RPSP0813599L1-0-0|qp15,melbourne,historical,,OUT_OF_DOMAIN_GEOMETRY,,0.617,15.0,24.31118314424636,1.8122340219345217,,0-29,False,,ABSTAIN
0.5,Development,MEL-melbourne-RPSP03A10434L1-0-0|qp16,melbourne,historical,,DOMAIN,0.0,1.33,16.0,12.030075187969924,1.8122340219345217,,0-29,False,,ABSTAIN
0.5,Development,MEL-melbourne-RPSP03A11034L1-0-0|qp16,melbourne,historical,,DOMAIN,20.0,3.194,16.0,5.009392611145898,1.8122340219345217,,0-29,False,,ABSTAIN
0.5,Development,MEL-melbourne-RPSP07A11127-0-0|qp16,melbourne,historical,,DOMAIN,19.0,3.121,16.0,5.12656199935918,1.8122340219345217,,0-29,False,,ABSTAIN
0.5,Development,MEL-melbourne-RPSP0813145L1-0-1|qp19,melbourne,historical,,DOMAIN,0.0,1.271,19.0,14.948859166011015,1.8122340219345217,,0-29,False,,ABSTAIN
0.5,Development,MEL-melbourne-1385129-0-0|qp20,melbourne,historical,,DOMAIN,0.0,1.344,20.0,14.88095238095238,1.8122340219345217,,0-29,False,,ABSTAIN
0.5,Development,MEL-melbourne-1389612-0-2|qp20,melbourne,historical,2.0,ADMITTED,5.0,1.697,20.0,11.785503830288745,1.8122340219345217,2.0,0-29,True,30.0,PASS
0.5,Development,MEL-melbourne-1465622-0-2|qp21,melbourne,historical,2.0,ADMITTED,4.0,1.749,21.0,12.006861063464836,1.8122340219345217,2.0,0-29,True,30.0,PASS
0.5,Development,MEL-melbourne-1477330-0-0|qp22,melbourne,historical,2.0,ADMITTED,4.0,1.83,22.0,12.021857923497269,1.8122340219345217,2.0,0-29,True,30.0,PASS
0.5,Development,MEL-melbourne-RPSP02B11034-0-0|qp22,melbourne,historical,2.0,ADMITTED,6.0,1.844,22.0,11.93058568329718,1.8122340219345217,2.0,0-29,True,30.0,PASS
0.5,Development,MEL-melbourne-1434605-0-0|qp26,melbourne,historical,3.0,ADMITTED,9.0,2.156,26.0,12.059369202226344,1.8122340219345217,3.0,0-29,True,30.0,PASS
0.5,Development,MEL-melbourne-1515142-0-0|qp26,melbourne,historical,,DOMAIN,18.0,5.175,26.0,5.024154589371981,1.8122340219345217,,0-29,False,,ABSTAIN
0.5,Development,MEL-melbourne-1465759-0-1|qp28,melbourne,historical,3.0,ADMITTED,10.0,2.348,28.0,11.92504258943782,1.8122340219345217,3.0,0-29,True,30.0,PASS
0.5,Development,MEL-melbourne-RPSP0813145L1-0-1|qp32,melbourne,historical,,DOMAIN,0.0,1.271,32.0,25.177025963808028,1.8122340219345217,,0-29,False,,ABSTAIN
0.5,Development,MEL-melbourne-1389823-0-3|qp33,melbourne,historical,4.0,ADMITTED,13.0,2.722,33.0,12.123438648052902,1.8122340219345217,4.0,0-29,True,30.0,PASS
0.5,Development,MEL-melbourne-1385129-0-0|qp34,melbourne,historical,,DOMAIN,0.0,1.344,34.0,25.297619047619047,1.8122340219345217,,0-29,False,,ABSTAIN
0.5,Development,MEL-melbourne-RPSP03A11034L1-0-0|qp38,melbourne,historical,,DOMAIN,13.0,3.194,38.0,11.897307451471509,1.8122340219345217,,0-29,False,,ABSTAIN
0.5,Development,MEL-melbourne-RPSP07A11127-0-0|qp38,melbourne,historical,,DOMAIN,10.0,3.121,38.0,12.175584748478052,1.8122340219345217,,0-29,False,,ABSTAIN
0.5,Development,MEL-melbourne-RPSP0814955L1-0-0|qp52,melbourne,historical,,DOMAIN,9.0,3.499,52.0,14.86138896827665,1.8122340219345217,,0-29,False,,ABSTAIN
0.5,Development,MEL-melbourne-RPSP03A10530L1-0-0|qp54,melbourne,historical,,DOMAIN,10.0,3.609,54.0,14.962593516209475,1.8122340219345217,,0-29,False,,ABSTAIN
0.5,Development,MEL-melbourne-1515142-0-0|qp62,melbourne,historical,,DOMAIN,7.0,5.175,62.0,11.980676328502415,1.8122340219345217,,0-29,False,,ABSTAIN
0.5,Development,MEL-melbourne-1385230-0-1|qp68,melbourne,historical,,DOMAIN,0.0,2.271,68.0,29.94275649493615,1.8122340219345217,,0-29,False,,ABSTAIN
0.5,Development,MEL-melbourne-RPSP0814955L1-0-0|qp88,melbourne,historical,,DOMAIN,2.0,3.499,88.0,25.150042869391253,1.8122340219345217,,0-29,False,,ABSTAIN
0.5,Development,MEL-melbourne-RPSP03A10530L1-0-0|qp90,melbourne,historical,,DOMAIN,2.0,3.609,90.0,24.93765586034913,1.8122340219345217,,0-29,False,,ABSTAIN
0.5,Development,MEL-melbourne-1385230-0-1|qp102,melbourne,historical,,DOMAIN,0.0,2.271,102.0,44.91413474240423,1.8122340219345217,,0-29,False,,ABSTAIN
0.5,Development,DC-036|qp3.8,melbourne,historical,,OUT_OF_DOMAIN_GEOMETRY,,0.209,3.8,18.181818181818183,1.8122340219345217,,0-29,False,,ABSTAIN
0.5,Development,DC-037|qp5.0,melbourne,historical,,OUT_OF_DOMAIN_GEOMETRY,,0.209,5.0,23.92344497607656,1.8122340219345217,,0-29,False,,ABSTAIN
0.5,Development,DC-039|qp5.5,melbourne,historical,,OUT_OF_DOMAIN_GEOMETRY,,0.305,5.5,18.0327868852459,1.8122340219345217,,0-29,False,,ABSTAIN
0.5,Development,DC-038|qp6.3,melbourne,historical,,OUT_OF_DOMAIN_GEOMETRY,,0.209,6.3,30.14354066985646,1.8122340219345217,,0-29,False,,ABSTAIN
0.5,Development,DC-040|qp7.3,melbourne,historical,,OUT_OF_DOMAIN_GEOMETRY,,0.305,7.3,23.9344262295082,1.8122340219345217,,0-29,False,,ABSTAIN
0.5,Development,DC-041|qp9.2,melbourne,historical,,OUT_OF_DOMAIN_GEOMETRY,,0.305,9.2,30.163934426229503,1.8122340219345217,,0-29,False,,ABSTAIN
0.5,Development,DC-042|qp30.5,melbourne,historical,0.0,MARGIN_FLOOR,1.0,1.697,30.5,17.972893341190336,1.8122340219345217,0.0,0-29,True,30.0,ZERO_ADMISSION
0.5,Development,DC-045|qp31.5,melbourne,historical,1.0,ADMITTED,1.0,1.749,31.5,18.010291595197256,1.8122340219345217,1.0,0-29,True,30.0,PASS
0.5,Development,DC-043|qp40.7,melbourne,historical,0.0,SERVICE,0.0,1.697,40.7,23.9835002946376,1.8122340219345217,0.0,0-29,False,,ZERO_ADMISSION
0.5,Development,DC-046|qp42.0,melbourne,historical,0.0,SERVICE,0.0,1.749,42.0,24.01372212692967,1.8122340219345217,0.0,0-29,False,,ZERO_ADMISSION
0.5,Development,DC-048|qp49.0,melbourne,historical,2.0,ADMITTED,8.0,2.722,49.0,18.001469507714916,1.8122340219345217,2.0,0-29,True,30.0,PASS
0.5,Development,DC-044|qp50.9,melbourne,historical,0.0,SERVICE,0.0,1.697,50.9,29.99410724808485,1.8122340219345217,0.0,0-29,False,,ZERO_ADMISSION
0.5,Development,DC-047|qp52.5,melbourne,historical,0.0,SERVICE,0.0,1.749,52.5,30.01715265866209,1.8122340219345217,0.0,0-29,False,,ZERO_ADMISSION
0.5,Development,DC-051|qp65.0,melbourne,historical,,DOMAIN,6.0,3.609,65.0,18.01052923247437,1.8122340219345217,,0-29,False,,ABSTAIN
0.5,Development,DC-049|qp65.3,melbourne,historical,,DOMAIN,0.0,2.722,65.3,23.98971344599559,1.8122340219345217,,0-29,False,,ABSTAIN
0.5,Development,DC-050|qp81.7,melbourne,historical,,DOMAIN,0.0,2.722,81.7,30.01469507714916,1.8122340219345217,,0-29,False,,ABSTAIN
0.5,Development,DC-052|qp86.6,melbourne,historical,,DOMAIN,3.0,3.609,86.6,23.99556663895816,1.8122340219345217,,0-29,False,,ABSTAIN
0.5,Development,DC-053|qp108.3,melbourne,historical,,DOMAIN,0.0,3.609,108.3,30.00831255195345,1.8122340219345217,,0-29,False,,ABSTAIN
0.65,Development,MEL-melbourne-RPSP1011231-0-5|qp1,melbourne,historical,,OUT_OF_DOMAIN_GEOMETRY,,0.209,1.0,4.784688995215311,2.5000769843779063,,0-29,False,,ABSTAIN
0.65,Development,MEL-melbourne-RPSP1011231-0-5|qp2,melbourne,historical,,OUT_OF_DOMAIN_GEOMETRY,,0.209,2.0,9.569377990430622,2.5000769843779063,,0-29,False,,ABSTAIN
0.65,Development,MEL-melbourne-idx7418-0-6|qp3,melbourne,historical,,OUT_OF_DOMAIN_GEOMETRY,,0.603,3.0,4.975124378109453,2.5000769843779063,,0-29,False,,ABSTAIN
0.65,Development,MEL-melbourne-RPSP03A13291L1-0-0|qp5,melbourne,historical,,OUT_OF_DOMAIN_GEOMETRY,,0.305,5.0,16.39344262295082,2.5000769843779063,,0-29,False,,ABSTAIN
0.65,Development,MEL-melbourne-RPSP03A10434L1-0-0|qp7,melbourne,historical,,DOMAIN,0.0,1.33,7.0,5.263157894736842,2.5000769843779063,,0-29,False,,ABSTAIN
0.65,Development,MEL-melbourne-idx7418-0-6|qp7,melbourne,historical,,OUT_OF_DOMAIN_GEOMETRY,,0.603,7.0,11.608623548922056,2.5000769843779063,,0-29,False,,ABSTAIN
0.65,Development,MEL-melbourne-1389612-0-2|qp8,melbourne,historical,5.0,ADMITTED,7.0,1.697,8.0,4.7142015321154975,2.5000769843779063,5.0,0-29,True,30.0,PASS
0.65,Development,MEL-melbourne-RPSP03A13291L1-0-0|qp8,melbourne,historical,,OUT_OF_DOMAIN_GEOMETRY,,0.305,8.0,26.229508196721312,2.5000769843779063,,0-29,False,,ABSTAIN
0.65,Development,MEL-melbourne-1465622-0-2|qp9,melbourne,historical,6.0,ADMITTED,6.0,1.749,9.0,5.145797598627787,2.5000769843779063,6.0,0-29,True,29.0,PASS
0.65,Development,MEL-melbourne-1477330-0-0|qp9,melbourne,historical,7.0,ADMITTED,8.0,1.83,9.0,4.918032786885246,2.5000769843779063,7.0,0-29,True,29.0,PASS
0.65,Development,MEL-melbourne-RPSP02B11034-0-0|qp9,melbourne,historical,7.0,ADMITTED,10.0,1.844,9.0,4.880694143167028,2.5000769843779063,7.0,0-29,True,30.0,PASS
0.65,Development,MEL-melbourne-RPSP0813599L1-0-0|qp9,melbourne,historical,,OUT_OF_DOMAIN_GEOMETRY,,0.617,9.0,14.586709886547812,2.5000769843779063,,0-29,False,,ABSTAIN
0.65,Development,MEL-melbourne-1434605-0-0|qp11,melbourne,historical,8.0,ADMITTED,14.0,2.156,11.0,5.1020408163265305,2.5000769843779063,8.0,0-29,True,30.0,PASS
0.65,Development,MEL-melbourne-1465759-0-1|qp12,melbourne,historical,9.0,ADMITTED,14.0,2.348,12.0,5.110732538330495,2.5000769843779063,9.0,0-29,True,30.0,PASS
0.65,Development,MEL-melbourne-1389823-0-3|qp14,melbourne,historical,11.0,ADMITTED,20.0,2.722,14.0,5.143277002204262,2.5000769843779063,11.0,0-29,True,30.0,PASS
0.65,Development,MEL-melbourne-RPSP0813599L1-0-0|qp15,melbourne,historical,,OUT_OF_DOMAIN_GEOMETRY,,0.617,15.0,24.31118314424636,2.5000769843779063,,0-29,False,,ABSTAIN
0.65,Development,MEL-melbourne-RPSP03A10434L1-0-0|qp16,melbourne,historical,,DOMAIN,0.0,1.33,16.0,12.030075187969924,2.5000769843779063,,0-29,False,,ABSTAIN
0.65,Development,MEL-melbourne-RPSP03A11034L1-0-0|qp16,melbourne,historical,,DOMAIN,20.0,3.194,16.0,5.009392611145898,2.5000769843779063,,0-29,False,,ABSTAIN
0.65,Development,MEL-melbourne-RPSP07A11127-0-0|qp16,melbourne,historical,,DOMAIN,19.0,3.121,16.0,5.12656199935918,2.5000769843779063,,0-29,False,,ABSTAIN
0.65,Development,MEL-melbourne-RPSP0813145L1-0-1|qp19,melbourne,historical,,DOMAIN,0.0,1.271,19.0,14.948859166011015,2.5000769843779063,,0-29,False,,ABSTAIN
0.65,Development,MEL-melbourne-1385129-0-0|qp20,melbourne,historical,,DOMAIN,0.0,1.344,20.0,14.88095238095238,2.5000769843779063,,0-29,False,,ABSTAIN
0.65,Development,MEL-melbourne-1389612-0-2|qp20,melbourne,historical,1.0,ADMITTED,5.0,1.697,20.0,11.785503830288745,2.5000769843779063,1.0,0-29,True,30.0,PASS
0.65,Development,MEL-melbourne-1465622-0-2|qp21,melbourne,historical,1.0,ADMITTED,4.0,1.749,21.0,12.006861063464836,2.5000769843779063,1.0,0-29,True,30.0,PASS
0.65,Development,MEL-melbourne-1477330-0-0|qp22,melbourne,historical,1.0,ADMITTED,4.0,1.83,22.0,12.021857923497269,2.5000769843779063,1.0,0-29,True,30.0,PASS
0.65,Development,MEL-melbourne-RPSP02B11034-0-0|qp22,melbourne,historical,1.0,ADMITTED,6.0,1.844,22.0,11.93058568329718,2.5000769843779063,1.0,0-29,True,30.0,PASS
0.65,Development,MEL-melbourne-1434605-0-0|qp26,melbourne,historical,2.0,ADMITTED,9.0,2.156,26.0,12.059369202226344,2.5000769843779063,2.0,0-29,True,30.0,PASS
0.65,Development,MEL-melbourne-1515142-0-0|qp26,melbourne,historical,,DOMAIN,18.0,5.175,26.0,5.024154589371981,2.5000769843779063,,0-29,False,,ABSTAIN
0.65,Development,MEL-melbourne-1465759-0-1|qp28,melbourne,historical,3.0,ADMITTED,10.0,2.348,28.0,11.92504258943782,2.5000769843779063,3.0,0-29,True,30.0,PASS
0.65,Development,MEL-melbourne-RPSP0813145L1-0-1|qp32,melbourne,historical,,DOMAIN,0.0,1.271,32.0,25.177025963808028,2.5000769843779063,,0-29,False,,ABSTAIN
0.65,Development,MEL-melbourne-1389823-0-3|qp33,melbourne,historical,3.0,ADMITTED,13.0,2.722,33.0,12.123438648052902,2.5000769843779063,3.0,0-29,True,30.0,PASS
0.65,Development,MEL-melbourne-1385129-0-0|qp34,melbourne,historical,,DOMAIN,0.0,1.344,34.0,25.297619047619047,2.5000769843779063,,0-29,False,,ABSTAIN
0.65,Development,MEL-melbourne-RPSP03A11034L1-0-0|qp38,melbourne,historical,,DOMAIN,13.0,3.194,38.0,11.897307451471509,2.5000769843779063,,0-29,False,,ABSTAIN
0.65,Development,MEL-melbourne-RPSP07A11127-0-0|qp38,melbourne,historical,,DOMAIN,10.0,3.121,38.0,12.175584748478052,2.5000769843779063,,0-29,False,,ABSTAIN
0.65,Development,MEL-melbourne-RPSP0814955L1-0-0|qp52,melbourne,historical,,DOMAIN,9.0,3.499,52.0,14.86138896827665,2.5000769843779063,,0-29,False,,ABSTAIN
0.65,Development,MEL-melbourne-RPSP03A10530L1-0-0|qp54,melbourne,historical,,DOMAIN,10.0,3.609,54.0,14.962593516209475,2.5000769843779063,,0-29,False,,ABSTAIN
0.65,Development,MEL-melbourne-1515142-0-0|qp62,melbourne,historical,,DOMAIN,7.0,5.175,62.0,11.980676328502415,2.5000769843779063,,0-29,False,,ABSTAIN
0.65,Development,MEL-melbourne-1385230-0-1|qp68,melbourne,historical,,DOMAIN,0.0,2.271,68.0,29.94275649493615,2.5000769843779063,,0-29,False,,ABSTAIN
0.65,Development,MEL-melbourne-RPSP0814955L1-0-0|qp88,melbourne,historical,,DOMAIN,2.0,3.499,88.0,25.150042869391253,2.5000769843779063,,0-29,False,,ABSTAIN
0.65,Development,MEL-melbourne-RPSP03A10530L1-0-0|qp90,melbourne,historical,,DOMAIN,2.0,3.609,90.0,24.93765586034913,2.5000769843779063,,0-29,False,,ABSTAIN
0.65,Development,MEL-melbourne-1385230-0-1|qp102,melbourne,historical,,DOMAIN,0.0,2.271,102.0,44.91413474240423,2.5000769843779063,,0-29,False,,ABSTAIN
0.65,Development,DC-036|qp3.8,melbourne,historical,,OUT_OF_DOMAIN_GEOMETRY,,0.209,3.8,18.181818181818183,2.5000769843779063,,0-29,False,,ABSTAIN
0.65,Development,DC-037|qp5.0,melbourne,historical,,OUT_OF_DOMAIN_GEOMETRY,,0.209,5.0,23.92344497607656,2.5000769843779063,,0-29,False,,ABSTAIN
0.65,Development,DC-039|qp5.5,melbourne,historical,,OUT_OF_DOMAIN_GEOMETRY,,0.305,5.5,18.0327868852459,2.5000769843779063,,0-29,False,,ABSTAIN
0.65,Development,DC-038|qp6.3,melbourne,historical,,OUT_OF_DOMAIN_GEOMETRY,,0.209,6.3,30.14354066985646,2.5000769843779063,,0-29,False,,ABSTAIN
0.65,Development,DC-040|qp7.3,melbourne,historical,,OUT_OF_DOMAIN_GEOMETRY,,0.305,7.3,23.9344262295082,2.5000769843779063,,0-29,False,,ABSTAIN
0.65,Development,DC-041|qp9.2,melbourne,historical,,OUT_OF_DOMAIN_GEOMETRY,,0.305,9.2,30.163934426229503,2.5000769843779063,,0-29,False,,ABSTAIN
0.65,Development,DC-042|qp30.5,melbourne,historical,0.0,MARGIN_FLOOR,1.0,1.697,30.5,17.972893341190336,2.5000769843779063,0.0,0-29,True,30.0,ZERO_ADMISSION
0.65,Development,DC-045|qp31.5,melbourne,historical,0.0,MARGIN_FLOOR,1.0,1.749,31.5,18.010291595197256,2.5000769843779063,0.0,0-29,True,30.0,ZERO_ADMISSION
0.65,Development,DC-043|qp40.7,melbourne,historical,0.0,SERVICE,0.0,1.697,40.7,23.9835002946376,2.5000769843779063,0.0,0-29,False,,ZERO_ADMISSION
0.65,Development,DC-046|qp42.0,melbourne,historical,0.0,SERVICE,0.0,1.749,42.0,24.01372212692967,2.5000769843779063,0.0,0-29,False,,ZERO_ADMISSION
0.65,Development,DC-048|qp49.0,melbourne,historical,2.0,ADMITTED,8.0,2.722,49.0,18.001469507714916,2.5000769843779063,2.0,0-29,True,30.0,PASS
0.65,Development,DC-044|qp50.9,melbourne,historical,0.0,SERVICE,0.0,1.697,50.9,29.99410724808485,2.5000769843779063,0.0,0-29,False,,ZERO_ADMISSION
0.65,Development,DC-047|qp52.5,melbourne,historical,0.0,SERVICE,0.0,1.749,52.5,30.01715265866209,2.5000769843779063,0.0,0-29,False,,ZERO_ADMISSION
0.65,Development,DC-051|qp65.0,melbourne,historical,,DOMAIN,6.0,3.609,65.0,18.01052923247437,2.5000769843779063,,0-29,False,,ABSTAIN
0.65,Development,DC-049|qp65.3,melbourne,historical,,DOMAIN,0.0,2.722,65.3,23.98971344599559,2.5000769843779063,,0-29,False,,ABSTAIN
0.65,Development,DC-050|qp81.7,melbourne,historical,,DOMAIN,0.0,2.722,81.7,30.01469507714916,2.5000769843779063,,0-29,False,,ABSTAIN
0.65,Development,DC-052|qp86.6,melbourne,historical,,DOMAIN,3.0,3.609,86.6,23.99556663895816,2.5000769843779063,,0-29,False,,ABSTAIN
0.65,Development,DC-053|qp108.3,melbourne,historical,,DOMAIN,0.0,3.609,108.3,30.00831255195345,2.5000769843779063,,0-29,False,,ABSTAIN
0.8,Development,MEL-melbourne-RPSP1011231-0-5|qp1,melbourne,historical,,OUT_OF_DOMAIN_GEOMETRY,,0.209,1.0,4.784688995215311,3.662343280779929,,0-29,False,,ABSTAIN
0.8,Development,MEL-melbourne-RPSP1011231-0-5|qp2,melbourne,historical,,OUT_OF_DOMAIN_GEOMETRY,,0.209,2.0,9.569377990430622,3.662343280779929,,0-29,False,,ABSTAIN
0.8,Development,MEL-melbourne-idx7418-0-6|qp3,melbourne,historical,,OUT_OF_DOMAIN_GEOMETRY,,0.603,3.0,4.975124378109453,3.662343280779929,,0-29,False,,ABSTAIN
0.8,Development,MEL-melbourne-RPSP03A13291L1-0-0|qp5,melbourne,historical,,OUT_OF_DOMAIN_GEOMETRY,,0.305,5.0,16.39344262295082,3.662343280779929,,0-29,False,,ABSTAIN
0.8,Development,MEL-melbourne-RPSP03A10434L1-0-0|qp7,melbourne,historical,,DOMAIN,0.0,1.33,7.0,5.263157894736842,3.662343280779929,,0-29,False,,ABSTAIN
0.8,Development,MEL-melbourne-idx7418-0-6|qp7,melbourne,historical,,OUT_OF_DOMAIN_GEOMETRY,,0.603,7.0,11.608623548922056,3.662343280779929,,0-29,False,,ABSTAIN
0.8,Development,MEL-melbourne-1389612-0-2|qp8,melbourne,historical,5.0,ADMITTED,7.0,1.697,8.0,4.7142015321154975,3.662343280779929,5.0,0-29,True,30.0,PASS
0.8,Development,MEL-melbourne-RPSP03A13291L1-0-0|qp8,melbourne,historical,,OUT_OF_DOMAIN_GEOMETRY,,0.305,8.0,26.229508196721312,3.662343280779929,,0-29,False,,ABSTAIN
0.8,Development,MEL-melbourne-1465622-0-2|qp9,melbourne,historical,5.0,ADMITTED,6.0,1.749,9.0,5.145797598627787,3.662343280779929,5.0,0-29,True,30.0,PASS
0.8,Development,MEL-melbourne-1477330-0-0|qp9,melbourne,historical,6.0,ADMITTED,8.0,1.83,9.0,4.918032786885246,3.662343280779929,6.0,0-29,True,29.0,PASS
0.8,Development,MEL-melbourne-RPSP02B11034-0-0|qp9,melbourne,historical,6.0,ADMITTED,10.0,1.844,9.0,4.880694143167028,3.662343280779929,6.0,0-29,True,30.0,PASS
0.8,Development,MEL-melbourne-RPSP0813599L1-0-0|qp9,melbourne,historical,,OUT_OF_DOMAIN_GEOMETRY,,0.617,9.0,14.586709886547812,3.662343280779929,,0-29,False,,ABSTAIN
0.8,Development,MEL-melbourne-1434605-0-0|qp11,melbourne,historical,7.0,ADMITTED,14.0,2.156,11.0,5.1020408163265305,3.662343280779929,7.0,0-29,True,30.0,PASS
0.8,Development,MEL-melbourne-1465759-0-1|qp12,melbourne,historical,8.0,ADMITTED,14.0,2.348,12.0,5.110732538330495,3.662343280779929,8.0,0-29,True,30.0,PASS
0.8,Development,MEL-melbourne-1389823-0-3|qp14,melbourne,historical,10.0,ADMITTED,20.0,2.722,14.0,5.143277002204262,3.662343280779929,10.0,0-29,True,30.0,PASS
0.8,Development,MEL-melbourne-RPSP0813599L1-0-0|qp15,melbourne,historical,,OUT_OF_DOMAIN_GEOMETRY,,0.617,15.0,24.31118314424636,3.662343280779929,,0-29,False,,ABSTAIN
0.8,Development,MEL-melbourne-RPSP03A10434L1-0-0|qp16,melbourne,historical,,DOMAIN,0.0,1.33,16.0,12.030075187969924,3.662343280779929,,0-29,False,,ABSTAIN
0.8,Development,MEL-melbourne-RPSP03A11034L1-0-0|qp16,melbourne,historical,,DOMAIN,20.0,3.194,16.0,5.009392611145898,3.662343280779929,,0-29,False,,ABSTAIN
0.8,Development,MEL-melbourne-RPSP07A11127-0-0|qp16,melbourne,historical,,DOMAIN,19.0,3.121,16.0,5.12656199935918,3.662343280779929,,0-29,False,,ABSTAIN
0.8,Development,MEL-melbourne-RPSP0813145L1-0-1|qp19,melbourne,historical,,DOMAIN,0.0,1.271,19.0,14.948859166011015,3.662343280779929,,0-29,False,,ABSTAIN
0.8,Development,MEL-melbourne-1385129-0-0|qp20,melbourne,historical,,DOMAIN,0.0,1.344,20.0,14.88095238095238,3.662343280779929,,0-29,False,,ABSTAIN
0.8,Development,MEL-melbourne-1389612-0-2|qp20,melbourne,historical,0.0,MARGIN_FLOOR,5.0,1.697,20.0,11.785503830288745,3.662343280779929,0.0,0-29,True,30.0,ZERO_ADMISSION
0.8,Development,MEL-melbourne-1465622-0-2|qp21,melbourne,historical,0.0,MARGIN_FLOOR,4.0,1.749,21.0,12.006861063464836,3.662343280779929,0.0,0-29,True,30.0,ZERO_ADMISSION
0.8,Development,MEL-melbourne-1477330-0-0|qp22,melbourne,historical,0.0,MARGIN_FLOOR,4.0,1.83,22.0,12.021857923497269,3.662343280779929,0.0,0-29,True,30.0,ZERO_ADMISSION
0.8,Development,MEL-melbourne-RPSP02B11034-0-0|qp22,melbourne,historical,0.0,MARGIN_FLOOR,6.0,1.844,22.0,11.93058568329718,3.662343280779929,0.0,0-29,True,30.0,ZERO_ADMISSION
0.8,Development,MEL-melbourne-1434605-0-0|qp26,melbourne,historical,1.0,ADMITTED,9.0,2.156,26.0,12.059369202226344,3.662343280779929,1.0,0-29,True,30.0,PASS
0.8,Development,MEL-melbourne-1515142-0-0|qp26,melbourne,historical,,DOMAIN,18.0,5.175,26.0,5.024154589371981,3.662343280779929,,0-29,False,,ABSTAIN
0.8,Development,MEL-melbourne-1465759-0-1|qp28,melbourne,historical,1.0,ADMITTED,10.0,2.348,28.0,11.92504258943782,3.662343280779929,1.0,0-29,True,30.0,PASS
0.8,Development,MEL-melbourne-RPSP0813145L1-0-1|qp32,melbourne,historical,,DOMAIN,0.0,1.271,32.0,25.177025963808028,3.662343280779929,,0-29,False,,ABSTAIN
0.8,Development,MEL-melbourne-1389823-0-3|qp33,melbourne,historical,2.0,ADMITTED,13.0,2.722,33.0,12.123438648052902,3.662343280779929,2.0,0-29,True,30.0,PASS
0.8,Development,MEL-melbourne-1385129-0-0|qp34,melbourne,historical,,DOMAIN,0.0,1.344,34.0,25.297619047619047,3.662343280779929,,0-29,False,,ABSTAIN
0.8,Development,MEL-melbourne-RPSP03A11034L1-0-0|qp38,melbourne,historical,,DOMAIN,13.0,3.194,38.0,11.897307451471509,3.662343280779929,,0-29,False,,ABSTAIN
0.8,Development,MEL-melbourne-RPSP07A11127-0-0|qp38,melbourne,historical,,DOMAIN,10.0,3.121,38.0,12.175584748478052,3.662343280779929,,0-29,False,,ABSTAIN
0.8,Development,MEL-melbourne-RPSP0814955L1-0-0|qp52,melbourne,historical,,DOMAIN,9.0,3.499,52.0,14.86138896827665,3.662343280779929,,0-29,False,,ABSTAIN
0.8,Development,MEL-melbourne-RPSP03A10530L1-0-0|qp54,melbourne,historical,,DOMAIN,10.0,3.609,54.0,14.962593516209475,3.662343280779929,,0-29,False,,ABSTAIN
0.8,Development,MEL-melbourne-1515142-0-0|qp62,melbourne,historical,,DOMAIN,7.0,5.175,62.0,11.980676328502415,3.662343280779929,,0-29,False,,ABSTAIN
0.8,Development,MEL-melbourne-1385230-0-1|qp68,melbourne,historical,,DOMAIN,0.0,2.271,68.0,29.94275649493615,3.662343280779929,,0-29,False,,ABSTAIN
0.8,Development,MEL-melbourne-RPSP0814955L1-0-0|qp88,melbourne,historical,,DOMAIN,2.0,3.499,88.0,25.150042869391253,3.662343280779929,,0-29,False,,ABSTAIN
0.8,Development,MEL-melbourne-RPSP03A10530L1-0-0|qp90,melbourne,historical,,DOMAIN,2.0,3.609,90.0,24.93765586034913,3.662343280779929,,0-29,False,,ABSTAIN
0.8,Development,MEL-melbourne-1385230-0-1|qp102,melbourne,historical,,DOMAIN,0.0,2.271,102.0,44.91413474240423,3.662343280779929,,0-29,False,,ABSTAIN
0.8,Development,DC-036|qp3.8,melbourne,historical,,OUT_OF_DOMAIN_GEOMETRY,,0.209,3.8,18.181818181818183,3.662343280779929,,0-29,False,,ABSTAIN
0.8,Development,DC-037|qp5.0,melbourne,historical,,OUT_OF_DOMAIN_GEOMETRY,,0.209,5.0,23.92344497607656,3.662343280779929,,0-29,False,,ABSTAIN
0.8,Development,DC-039|qp5.5,melbourne,historical,,OUT_OF_DOMAIN_GEOMETRY,,0.305,5.5,18.0327868852459,3.662343280779929,,0-29,False,,ABSTAIN
0.8,Development,DC-038|qp6.3,melbourne,historical,,OUT_OF_DOMAIN_GEOMETRY,,0.209,6.3,30.14354066985646,3.662343280779929,,0-29,False,,ABSTAIN
0.8,Development,DC-040|qp7.3,melbourne,historical,,OUT_OF_DOMAIN_GEOMETRY,,0.305,7.3,23.9344262295082,3.662343280779929,,0-29,False,,ABSTAIN
0.8,Development,DC-041|qp9.2,melbourne,historical,,OUT_OF_DOMAIN_GEOMETRY,,0.305,9.2,30.163934426229503,3.662343280779929,,0-29,False,,ABSTAIN
0.8,Development,DC-042|qp30.5,melbourne,historical,0.0,MARGIN_FLOOR,1.0,1.697,30.5,17.972893341190336,3.662343280779929,0.0,0-29,True,30.0,ZERO_ADMISSION
0.8,Development,DC-045|qp31.5,melbourne,historical,0.0,MARGIN_FLOOR,1.0,1.749,31.5,18.010291595197256,3.662343280779929,0.0,0-29,True,30.0,ZERO_ADMISSION
0.8,Development,DC-043|qp40.7,melbourne,historical,0.0,SERVICE,0.0,1.697,40.7,23.9835002946376,3.662343280779929,0.0,0-29,False,,ZERO_ADMISSION
0.8,Development,DC-046|qp42.0,melbourne,historical,0.0,SERVICE,0.0,1.749,42.0,24.01372212692967,3.662343280779929,0.0,0-29,False,,ZERO_ADMISSION
0.8,Development,DC-048|qp49.0,melbourne,historical,0.0,MARGIN_FLOOR,8.0,2.722,49.0,18.001469507714916,3.662343280779929,0.0,0-29,True,30.0,ZERO_ADMISSION
0.8,Development,DC-044|qp50.9,melbourne,historical,0.0,SERVICE,0.0,1.697,50.9,29.99410724808485,3.662343280779929,0.0,0-29,False,,ZERO_ADMISSION
0.8,Development,DC-047|qp52.5,melbourne,historical,0.0,SERVICE,0.0,1.749,52.5,30.01715265866209,3.662343280779929,0.0,0-29,False,,ZERO_ADMISSION
0.8,Development,DC-051|qp65.0,melbourne,historical,,DOMAIN,6.0,3.609,65.0,18.01052923247437,3.662343280779929,,0-29,False,,ABSTAIN
0.8,Development,DC-049|qp65.3,melbourne,historical,,DOMAIN,0.0,2.722,65.3,23.98971344599559,3.662343280779929,,0-29,False,,ABSTAIN
0.8,Development,DC-050|qp81.7,melbourne,historical,,DOMAIN,0.0,2.722,81.7,30.01469507714916,3.662343280779929,,0-29,False,,ABSTAIN
0.8,Development,DC-052|qp86.6,melbourne,historical,,DOMAIN,3.0,3.609,86.6,23.99556663895816,3.662343280779929,,0-29,False,,ABSTAIN
0.8,Development,DC-053|qp108.3,melbourne,historical,,DOMAIN,0.0,3.609,108.3,30.00831255195345,3.662343280779929,,0-29,False,,ABSTAIN
0.9,Development,MEL-melbourne-RPSP1011231-0-5|qp1,melbourne,historical,,OUT_OF_DOMAIN_GEOMETRY,,0.209,1.0,4.784688995215311,6.113486790690697,,0-29,False,,ABSTAIN
0.9,Development,MEL-melbourne-RPSP1011231-0-5|qp2,melbourne,historical,,OUT_OF_DOMAIN_GEOMETRY,,0.209,2.0,9.569377990430622,6.113486790690697,,0-29,False,,ABSTAIN
0.9,Development,MEL-melbourne-idx7418-0-6|qp3,melbourne,historical,,OUT_OF_DOMAIN_GEOMETRY,,0.603,3.0,4.975124378109453,6.113486790690697,,0-29,False,,ABSTAIN
0.9,Development,MEL-melbourne-RPSP03A13291L1-0-0|qp5,melbourne,historical,,OUT_OF_DOMAIN_GEOMETRY,,0.305,5.0,16.39344262295082,6.113486790690697,,0-29,False,,ABSTAIN
0.9,Development,MEL-melbourne-RPSP03A10434L1-0-0|qp7,melbourne,historical,,DOMAIN,0.0,1.33,7.0,5.263157894736842,6.113486790690697,,0-29,False,,ABSTAIN
0.9,Development,MEL-melbourne-idx7418-0-6|qp7,melbourne,historical,,OUT_OF_DOMAIN_GEOMETRY,,0.603,7.0,11.608623548922056,6.113486790690697,,0-29,False,,ABSTAIN
0.9,Development,MEL-melbourne-1389612-0-2|qp8,melbourne,historical,3.0,ADMITTED,7.0,1.697,8.0,4.7142015321154975,6.113486790690697,3.0,0-29,True,30.0,PASS
0.9,Development,MEL-melbourne-RPSP03A13291L1-0-0|qp8,melbourne,historical,,OUT_OF_DOMAIN_GEOMETRY,,0.305,8.0,26.229508196721312,6.113486790690697,,0-29,False,,ABSTAIN
0.9,Development,MEL-melbourne-1465622-0-2|qp9,melbourne,historical,2.0,ADMITTED,6.0,1.749,9.0,5.145797598627787,6.113486790690697,2.0,0-29,True,30.0,PASS
0.9,Development,MEL-melbourne-1477330-0-0|qp9,melbourne,historical,3.0,ADMITTED,8.0,1.83,9.0,4.918032786885246,6.113486790690697,3.0,0-29,True,30.0,PASS
0.9,Development,MEL-melbourne-RPSP02B11034-0-0|qp9,melbourne,historical,3.0,ADMITTED,10.0,1.844,9.0,4.880694143167028,6.113486790690697,3.0,0-29,True,30.0,PASS
0.9,Development,MEL-melbourne-RPSP0813599L1-0-0|qp9,melbourne,historical,,OUT_OF_DOMAIN_GEOMETRY,,0.617,9.0,14.586709886547812,6.113486790690697,,0-29,False,,ABSTAIN
0.9,Development,MEL-melbourne-1434605-0-0|qp11,melbourne,historical,5.0,ADMITTED,14.0,2.156,11.0,5.1020408163265305,6.113486790690697,5.0,0-29,True,30.0,PASS
0.9,Development,MEL-melbourne-1465759-0-1|qp12,melbourne,historical,6.0,ADMITTED,14.0,2.348,12.0,5.110732538330495,6.113486790690697,6.0,0-29,True,30.0,PASS
0.9,Development,MEL-melbourne-1389823-0-3|qp14,melbourne,historical,7.0,ADMITTED,20.0,2.722,14.0,5.143277002204262,6.113486790690697,7.0,0-29,True,30.0,PASS
0.9,Development,MEL-melbourne-RPSP0813599L1-0-0|qp15,melbourne,historical,,OUT_OF_DOMAIN_GEOMETRY,,0.617,15.0,24.31118314424636,6.113486790690697,,0-29,False,,ABSTAIN
0.9,Development,MEL-melbourne-RPSP03A10434L1-0-0|qp16,melbourne,historical,,DOMAIN,0.0,1.33,16.0,12.030075187969924,6.113486790690697,,0-29,False,,ABSTAIN
0.9,Development,MEL-melbourne-RPSP03A11034L1-0-0|qp16,melbourne,historical,,DOMAIN,20.0,3.194,16.0,5.009392611145898,6.113486790690697,,0-29,False,,ABSTAIN
0.9,Development,MEL-melbourne-RPSP07A11127-0-0|qp16,melbourne,historical,,DOMAIN,19.0,3.121,16.0,5.12656199935918,6.113486790690697,,0-29,False,,ABSTAIN
0.9,Development,MEL-melbourne-RPSP0813145L1-0-1|qp19,melbourne,historical,,DOMAIN,0.0,1.271,19.0,14.948859166011015,6.113486790690697,,0-29,False,,ABSTAIN
0.9,Development,MEL-melbourne-1385129-0-0|qp20,melbourne,historical,,DOMAIN,0.0,1.344,20.0,14.88095238095238,6.113486790690697,,0-29,False,,ABSTAIN
0.9,Development,MEL-melbourne-1389612-0-2|qp20,melbourne,historical,0.0,MARGIN_FLOOR,5.0,1.697,20.0,11.785503830288745,6.113486790690697,0.0,0-29,True,30.0,ZERO_ADMISSION
0.9,Development,MEL-melbourne-1465622-0-2|qp21,melbourne,historical,0.0,MARGIN_FLOOR,4.0,1.749,21.0,12.006861063464836,6.113486790690697,0.0,0-29,True,30.0,ZERO_ADMISSION
0.9,Development,MEL-melbourne-1477330-0-0|qp22,melbourne,historical,0.0,MARGIN_FLOOR,4.0,1.83,22.0,12.021857923497269,6.113486790690697,0.0,0-29,True,30.0,ZERO_ADMISSION
0.9,Development,MEL-melbourne-RPSP02B11034-0-0|qp22,melbourne,historical,0.0,MARGIN_FLOOR,6.0,1.844,22.0,11.93058568329718,6.113486790690697,0.0,0-29,True,30.0,ZERO_ADMISSION
0.9,Development,MEL-melbourne-1434605-0-0|qp26,melbourne,historical,0.0,MARGIN_FLOOR,9.0,2.156,26.0,12.059369202226344,6.113486790690697,0.0,0-29,True,30.0,ZERO_ADMISSION
0.9,Development,MEL-melbourne-1515142-0-0|qp26,melbourne,historical,,DOMAIN,18.0,5.175,26.0,5.024154589371981,6.113486790690697,,0-29,False,,ABSTAIN
0.9,Development,MEL-melbourne-1465759-0-1|qp28,melbourne,historical,0.0,MARGIN_FLOOR,10.0,2.348,28.0,11.92504258943782,6.113486790690697,0.0,0-29,True,30.0,ZERO_ADMISSION
0.9,Development,MEL-melbourne-RPSP0813145L1-0-1|qp32,melbourne,historical,,DOMAIN,0.0,1.271,32.0,25.177025963808028,6.113486790690697,,0-29,False,,ABSTAIN
0.9,Development,MEL-melbourne-1389823-0-3|qp33,melbourne,historical,0.0,MARGIN_FLOOR,13.0,2.722,33.0,12.123438648052902,6.113486790690697,0.0,0-29,True,30.0,ZERO_ADMISSION
0.9,Development,MEL-melbourne-1385129-0-0|qp34,melbourne,historical,,DOMAIN,0.0,1.344,34.0,25.297619047619047,6.113486790690697,,0-29,False,,ABSTAIN
0.9,Development,MEL-melbourne-RPSP03A11034L1-0-0|qp38,melbourne,historical,,DOMAIN,13.0,3.194,38.0,11.897307451471509,6.113486790690697,,0-29,False,,ABSTAIN
0.9,Development,MEL-melbourne-RPSP07A11127-0-0|qp38,melbourne,historical,,DOMAIN,10.0,3.121,38.0,12.175584748478052,6.113486790690697,,0-29,False,,ABSTAIN
0.9,Development,MEL-melbourne-RPSP0814955L1-0-0|qp52,melbourne,historical,,DOMAIN,9.0,3.499,52.0,14.86138896827665,6.113486790690697,,0-29,False,,ABSTAIN
0.9,Development,MEL-melbourne-RPSP03A10530L1-0-0|qp54,melbourne,historical,,DOMAIN,10.0,3.609,54.0,14.962593516209475,6.113486790690697,,0-29,False,,ABSTAIN
0.9,Development,MEL-melbourne-1515142-0-0|qp62,melbourne,historical,,DOMAIN,7.0,5.175,62.0,11.980676328502415,6.113486790690697,,0-29,False,,ABSTAIN
0.9,Development,MEL-melbourne-1385230-0-1|qp68,melbourne,historical,,DOMAIN,0.0,2.271,68.0,29.94275649493615,6.113486790690697,,0-29,False,,ABSTAIN
0.9,Development,MEL-melbourne-RPSP0814955L1-0-0|qp88,melbourne,historical,,DOMAIN,2.0,3.499,88.0,25.150042869391253,6.113486790690697,,0-29,False,,ABSTAIN
0.9,Development,MEL-melbourne-RPSP03A10530L1-0-0|qp90,melbourne,historical,,DOMAIN,2.0,3.609,90.0,24.93765586034913,6.113486790690697,,0-29,False,,ABSTAIN
0.9,Development,MEL-melbourne-1385230-0-1|qp102,melbourne,historical,,DOMAIN,0.0,2.271,102.0,44.91413474240423,6.113486790690697,,0-29,False,,ABSTAIN
0.9,Development,DC-036|qp3.8,melbourne,historical,,OUT_OF_DOMAIN_GEOMETRY,,0.209,3.8,18.181818181818183,6.113486790690697,,0-29,False,,ABSTAIN
0.9,Development,DC-037|qp5.0,melbourne,historical,,OUT_OF_DOMAIN_GEOMETRY,,0.209,5.0,23.92344497607656,6.113486790690697,,0-29,False,,ABSTAIN
0.9,Development,DC-039|qp5.5,melbourne,historical,,OUT_OF_DOMAIN_GEOMETRY,,0.305,5.5,18.0327868852459,6.113486790690697,,0-29,False,,ABSTAIN
0.9,Development,DC-038|qp6.3,melbourne,historical,,OUT_OF_DOMAIN_GEOMETRY,,0.209,6.3,30.14354066985646,6.113486790690697,,0-29,False,,ABSTAIN
0.9,Development,DC-040|qp7.3,melbourne,historical,,OUT_OF_DOMAIN_GEOMETRY,,0.305,7.3,23.9344262295082,6.113486790690697,,0-29,False,,ABSTAIN
0.9,Development,DC-041|qp9.2,melbourne,historical,,OUT_OF_DOMAIN_GEOMETRY,,0.305,9.2,30.163934426229503,6.113486790690697,,0-29,False,,ABSTAIN
0.9,Development,DC-042|qp30.5,melbourne,historical,0.0,MARGIN_FLOOR,1.0,1.697,30.5,17.972893341190336,6.113486790690697,0.0,0-29,True,30.0,ZERO_ADMISSION
0.9,Development,DC-045|qp31.5,melbourne,historical,0.0,MARGIN_FLOOR,1.0,1.749,31.5,18.010291595197256,6.113486790690697,0.0,0-29,True,30.0,ZERO_ADMISSION
0.9,Development,DC-043|qp40.7,melbourne,historical,0.0,SERVICE,0.0,1.697,40.7,23.9835002946376,6.113486790690697,0.0,0-29,False,,ZERO_ADMISSION
0.9,Development,DC-046|qp42.0,melbourne,historical,0.0,SERVICE,0.0,1.749,42.0,24.01372212692967,6.113486790690697,0.0,0-29,False,,ZERO_ADMISSION
0.9,Development,DC-048|qp49.0,melbourne,historical,0.0,MARGIN_FLOOR,8.0,2.722,49.0,18.001469507714916,6.113486790690697,0.0,0-29,True,30.0,ZERO_ADMISSION
0.9,Development,DC-044|qp50.9,melbourne,historical,0.0,SERVICE,0.0,1.697,50.9,29.99410724808485,6.113486790690697,0.0,0-29,False,,ZERO_ADMISSION
0.9,Development,DC-047|qp52.5,melbourne,historical,0.0,SERVICE,0.0,1.749,52.5,30.01715265866209,6.113486790690697,0.0,0-29,False,,ZERO_ADMISSION
0.9,Development,DC-051|qp65.0,melbourne,historical,,DOMAIN,6.0,3.609,65.0,18.01052923247437,6.113486790690697,,0-29,False,,ABSTAIN
0.9,Development,DC-049|qp65.3,melbourne,historical,,DOMAIN,0.0,2.722,65.3,23.98971344599559,6.113486790690697,,0-29,False,,ABSTAIN
0.9,Development,DC-050|qp81.7,melbourne,historical,,DOMAIN,0.0,2.722,81.7,30.01469507714916,6.113486790690697,,0-29,False,,ABSTAIN
0.9,Development,DC-052|qp86.6,melbourne,historical,,DOMAIN,3.0,3.609,86.6,23.99556663895816,6.113486790690697,,0-29,False,,ABSTAIN
0.9,Development,DC-053|qp108.3,melbourne,historical,,DOMAIN,0.0,3.609,108.3,30.00831255195345,6.113486790690697,,0-29,False,,ABSTAIN
0.0,Development,NTP-newtaipei-idx12919-0-1|qp6,newtaipei,historical,,DOMAIN,0.0,1.12,6.0,5.357142857142857,0.0,,0-29,False,,ABSTAIN
0.0,Development,NTP-newtaipei-idx133-0-2|qp8,newtaipei,historical,,DOMAIN,2.0,1.54,8.0,5.194805194805195,0.0,,0-29,False,,ABSTAIN
0.0,Development,NTP-newtaipei-idx672-0-2|qp8,newtaipei,historical,,DOMAIN,4.0,1.58,8.0,5.063291139240506,0.0,,0-29,False,,ABSTAIN
0.0,Development,NTP-newtaipei-idx11901-0-0|qp9,newtaipei,historical,7.0,ADMITTED,8.0,1.78,9.0,5.056179775280899,0.0,7.0,0-29,True,28.0,FAIL
0.0,Development,NTP-newtaipei-idx13763-0-2|qp9,newtaipei,historical,8.0,ADMITTED,7.0,1.8,9.0,5.0,0.0,8.0,0-29,True,28.0,FAIL
0.0,Development,NTP-newtaipei-idx13776-0-2|qp9,newtaipei,historical,6.0,ADMITTED,6.0,1.71,9.0,5.2631578947368425,0.0,6.0,0-29,True,29.0,PASS
0.0,Development,NTP-newtaipei-idx6919-0-0|qp9,newtaipei,historical,6.0,ADMITTED,5.0,1.74,9.0,5.172413793103448,0.0,6.0,0-29,True,27.0,FAIL
0.0,Development,NTP-newtaipei-idx7317-0-1|qp9,newtaipei,historical,6.0,ADMITTED,5.0,1.74,9.0,5.172413793103448,0.0,6.0,0-29,True,28.0,FAIL
0.0,Development,NTP-newtaipei-idx9858-0-0|qp10,newtaipei,historical,8.0,ADMITTED,8.0,1.91,10.0,5.235602094240838,0.0,8.0,0-29,True,30.0,PASS
0.0,Development,NTP-newtaipei-idx251-0-0|qp12,newtaipei,historical,14.0,ADMITTED,19.0,2.46,12.0,4.878048780487805,0.0,14.0,0-29,True,29.0,PASS
0.0,Development,NTP-newtaipei-idx5617-0-0|qp12,newtaipei,historical,13.0,ADMITTED,15.0,2.33,12.0,5.150214592274678,0.0,13.0,0-29,True,30.0,PASS
0.0,Development,NTP-newtaipei-idx12919-0-1|qp13,newtaipei,historical,,DOMAIN,0.0,1.12,13.0,11.607142857142856,0.0,,0-29,False,,ABSTAIN
0.0,Development,NTP-newtaipei-idx6820-0-0|qp13,newtaipei,historical,15.0,ADMITTED,20.0,2.62,13.0,4.961832061068702,0.0,15.0,0-29,True,30.0,PASS
0.0,Development,NTP-newtaipei-idx7804-0-0|qp14,newtaipei,historical,17.0,ADMITTED,20.0,2.9,14.0,4.827586206896552,0.0,17.0,0-29,True,30.0,PASS
0.0,Development,NTP-newtaipei-idx4423-0-0|qp15,newtaipei,historical,17.0,ADMITTED,20.0,2.99,15.0,5.016722408026755,0.0,17.0,0-29,True,30.0,PASS
0.0,Development,NTP-newtaipei-idx133-0-2|qp18,newtaipei,historical,,DOMAIN,1.0,1.54,18.0,11.688311688311687,0.0,,0-29,False,,ABSTAIN
0.0,Development,NTP-newtaipei-idx672-0-2|qp19,newtaipei,historical,,DOMAIN,2.0,1.58,19.0,12.025316455696204,0.0,,0-29,False,,ABSTAIN
0.0,Development,NTP-newtaipei-idx13776-0-2|qp20,newtaipei,historical,4.0,ADMITTED,5.0,1.71,20.0,11.695906432748538,0.0,4.0,0-29,True,30.0,PASS
0.0,Development,NTP-newtaipei-idx11901-0-0|qp21,newtaipei,historical,4.0,ADMITTED,5.0,1.78,21.0,11.797752808988765,0.0,4.0,0-29,True,30.0,PASS
0.0,Development,NTP-newtaipei-idx6919-0-0|qp21,newtaipei,historical,4.0,ADMITTED,4.0,1.74,21.0,12.06896551724138,0.0,4.0,0-29,True,30.0,PASS
0.0,Development,NTP-newtaipei-idx7317-0-1|qp21,newtaipei,historical,4.0,ADMITTED,5.0,1.74,21.0,12.06896551724138,0.0,4.0,0-29,True,29.0,PASS
0.0,Development,NTP-newtaipei-idx12775-0-0|qp22,newtaipei,historical,,DOMAIN,0.0,1.5,22.0,14.666666666666666,0.0,,0-29,False,,ABSTAIN
0.0,Development,NTP-newtaipei-idx13763-0-2|qp22,newtaipei,historical,4.0,ADMITTED,5.0,1.8,22.0,12.22222222222222,0.0,4.0,0-29,True,30.0,PASS
0.0,Development,NTP-newtaipei-idx3820-0-0|qp22,newtaipei,historical,,DOMAIN,0.0,1.5,22.0,14.666666666666666,0.0,,0-29,False,,ABSTAIN
0.0,Development,NTP-newtaipei-idx11985-0-0|qp23,newtaipei,historical,,DOMAIN,1.0,1.56,23.0,14.743589743589745,0.0,,0-29,False,,ABSTAIN
0.0,Development,NTP-newtaipei-idx9858-0-0|qp23,newtaipei,historical,4.0,ADMITTED,5.0,1.91,23.0,12.041884816753928,0.0,4.0,0-29,True,29.0,PASS
0.0,Development,NTP-newtaipei-idx11808-0-1|qp25,newtaipei,historical,,DOMAIN,18.0,4.98,25.0,5.02008032128514,0.0,,0-29,False,,ABSTAIN
0.0,Development,NTP-newtaipei-idx5617-0-0|qp28,newtaipei,historical,5.0,ADMITTED,11.0,2.33,28.0,12.017167381974248,0.0,5.0,0-29,True,30.0,PASS
0.0,Development,NTP-newtaipei-idx251-0-0|qp30,newtaipei,historical,5.0,ADMITTED,11.0,2.46,30.0,12.195121951219512,0.0,5.0,0-29,True,30.0,PASS
0.0,Development,NTP-newtaipei-idx11355-0-2|qp31,newtaipei,historical,,DOMAIN,17.0,6.11,31.0,5.073649754500818,0.0,,0-29,False,,ABSTAIN
0.0,Development,NTP-newtaipei-idx6820-0-0|qp31,newtaipei,historical,6.0,ADMITTED,13.0,2.62,31.0,11.83206106870229,0.0,6.0,0-29,True,30.0,PASS
0.0,Development,NTP-newtaipei-idx7804-0-0|qp35,newtaipei,historical,6.0,ADMITTED,11.0,2.9,35.0,12.06896551724138,0.0,6.0,0-29,True,30.0,PASS
0.0,Development,NTP-newtaipei-idx4423-0-0|qp36,newtaipei,historical,7.0,ADMITTED,13.0,2.99,36.0,12.040133779264211,0.0,7.0,0-29,True,30.0,PASS
0.0,Development,NTP-newtaipei-idx12775-0-0|qp38,newtaipei,historical,,DOMAIN,0.0,1.5,38.0,25.33333333333333,0.0,,0-29,False,,ABSTAIN
0.0,Development,NTP-newtaipei-idx3820-0-0|qp38,newtaipei,historical,,DOMAIN,0.0,1.5,38.0,25.33333333333333,0.0,,0-29,False,,ABSTAIN
0.0,Development,NTP-newtaipei-idx11985-0-0|qp39,newtaipei,historical,,DOMAIN,0.0,1.56,39.0,25.0,0.0,,0-29,False,,ABSTAIN
0.0,Development,NTP-newtaipei-idx3916-0-1|qp42,newtaipei,historical,,DOMAIN,0.0,1.4,42.0,30.000000000000004,0.0,,0-29,False,,ABSTAIN
0.0,Development,NTP-newtaipei-idx11808-0-1|qp60,newtaipei,historical,,DOMAIN,10.0,4.98,60.0,12.048192771084336,0.0,,0-29,False,,ABSTAIN
0.0,Development,NTP-newtaipei-idx3916-0-1|qp63,newtaipei,historical,,DOMAIN,0.0,1.4,63.0,45.0,0.0,,0-29,False,,ABSTAIN
0.0,Development,NTP-newtaipei-idx11355-0-2|qp73,newtaipei,historical,,DOMAIN,4.0,6.11,73.0,11.947626841243862,0.0,,0-29,False,,ABSTAIN
0.0,Development,DC-072|qp20.2,newtaipei,historical,,DOMAIN,0.0,1.12,20.2,18.035714285714285,0.0,,0-29,False,,ABSTAIN
0.0,Development,DC-075|qp25.2,newtaipei,historical,,DOMAIN,0.0,1.4,25.2,18.0,0.0,,0-29,False,,ABSTAIN
0.0,Development,DC-073|qp26.9,newtaipei,historical,,DOMAIN,0.0,1.12,26.9,24.01785714285714,0.0,,0-29,False,,ABSTAIN
0.0,Development,DC-078|qp30.8,newtaipei,historical,2.0,ADMITTED,3.0,1.71,30.8,18.01169590643275,0.0,2.0,0-29,True,29.0,PASS
0.0,Development,DC-081|qp31.3,newtaipei,historical,2.0,ADMITTED,2.0,1.74,31.3,17.98850574712644,0.0,2.0,0-29,True,29.0,PASS
0.0,Development,DC-074|qp33.6,newtaipei,historical,,DOMAIN,0.0,1.12,33.6,30.0,0.0,,0-29,False,,ABSTAIN
0.0,Development,DC-076|qp33.6,newtaipei,historical,,DOMAIN,0.0,1.4,33.6,24.000000000000004,0.0,,0-29,False,,ABSTAIN
0.0,Development,DC-079|qp41.0,newtaipei,historical,0.0,SERVICE,0.0,1.71,41.0,23.976608187134502,0.0,0.0,0-29,False,,ZERO_ADMISSION
0.0,Development,DC-082|qp41.8,newtaipei,historical,0.0,SERVICE,0.0,1.74,41.8,24.02298850574713,0.0,0.0,0-29,False,,ZERO_ADMISSION
0.0,Development,DC-077|qp42.0,newtaipei,historical,,DOMAIN,0.0,1.4,42.0,30.000000000000004,0.0,,0-29,False,,ABSTAIN
0.0,Development,DC-084|qp44.3,newtaipei,historical,3.0,ADMITTED,9.0,2.46,44.3,18.008130081300813,0.0,3.0,0-29,True,30.0,PASS
0.0,Development,DC-080|qp51.3,newtaipei,historical,0.0,SERVICE,0.0,1.71,51.3,30.0,0.0,0.0,0-29,False,,ZERO_ADMISSION
0.0,Development,DC-083|qp52.2,newtaipei,historical,0.0,SERVICE,0.0,1.74,52.2,30.000000000000004,0.0,0.0,0-29,False,,ZERO_ADMISSION
0.0,Development,DC-085|qp59.0,newtaipei,historical,2.0,ADMITTED,2.0,2.46,59.0,23.98373983739837,0.0,2.0,0-29,True,30.0,PASS
0.0,Development,DC-086|qp73.8,newtaipei,historical,,DOMAIN,0.0,2.46,73.8,30.0,0.0,,0-29,False,,ABSTAIN
0.0,Development,DC-087|qp89.6,newtaipei,historical,,DOMAIN,7.0,4.98,89.6,17.99196787148594,0.0,,0-29,False,,ABSTAIN
0.0,Development,DC-088|qp119.5,newtaipei,historical,,DOMAIN,0.0,4.98,119.5,23.99598393574297,0.0,,0-29,False,,ABSTAIN
0.0,Development,DC-089|qp149.4,newtaipei,historical,,DOMAIN,0.0,4.98,149.4,30.0,0.0,,0-29,False,,ABSTAIN
0.5,Development,NTP-newtaipei-idx12919-0-1|qp6,newtaipei,historical,,DOMAIN,0.0,1.12,6.0,5.357142857142857,1.833140791215949,,0-29,False,,ABSTAIN
0.5,Development,NTP-newtaipei-idx133-0-2|qp8,newtaipei,historical,,DOMAIN,2.0,1.54,8.0,5.194805194805195,1.833140791215949,,0-29,False,,ABSTAIN
0.5,Development,NTP-newtaipei-idx672-0-2|qp8,newtaipei,historical,,DOMAIN,4.0,1.58,8.0,5.063291139240506,1.833140791215949,,0-29,False,,ABSTAIN
0.5,Development,NTP-newtaipei-idx11901-0-0|qp9,newtaipei,historical,7.0,ADMITTED,8.0,1.78,9.0,5.056179775280899,1.833140791215949,7.0,0-29,True,28.0,FAIL
0.5,Development,NTP-newtaipei-idx13763-0-2|qp9,newtaipei,historical,8.0,ADMITTED,7.0,1.8,9.0,5.0,1.833140791215949,8.0,0-29,True,28.0,FAIL
0.5,Development,NTP-newtaipei-idx13776-0-2|qp9,newtaipei,historical,6.0,ADMITTED,6.0,1.71,9.0,5.2631578947368425,1.833140791215949,6.0,0-29,True,29.0,PASS
0.5,Development,NTP-newtaipei-idx6919-0-0|qp9,newtaipei,historical,6.0,ADMITTED,5.0,1.74,9.0,5.172413793103448,1.833140791215949,6.0,0-29,True,27.0,FAIL
0.5,Development,NTP-newtaipei-idx7317-0-1|qp9,newtaipei,historical,6.0,ADMITTED,5.0,1.74,9.0,5.172413793103448,1.833140791215949,6.0,0-29,True,28.0,FAIL
0.5,Development,NTP-newtaipei-idx9858-0-0|qp10,newtaipei,historical,8.0,ADMITTED,8.0,1.91,10.0,5.235602094240838,1.833140791215949,8.0,0-29,True,30.0,PASS
0.5,Development,NTP-newtaipei-idx251-0-0|qp12,newtaipei,historical,12.0,ADMITTED,19.0,2.46,12.0,4.878048780487805,1.833140791215949,12.0,0-29,True,30.0,PASS
0.5,Development,NTP-newtaipei-idx5617-0-0|qp12,newtaipei,historical,11.0,ADMITTED,15.0,2.33,12.0,5.150214592274678,1.833140791215949,11.0,0-29,True,30.0,PASS
0.5,Development,NTP-newtaipei-idx12919-0-1|qp13,newtaipei,historical,,DOMAIN,0.0,1.12,13.0,11.607142857142856,1.833140791215949,,0-29,False,,ABSTAIN
0.5,Development,NTP-newtaipei-idx6820-0-0|qp13,newtaipei,historical,13.0,ADMITTED,20.0,2.62,13.0,4.961832061068702,1.833140791215949,13.0,0-29,True,30.0,PASS
0.5,Development,NTP-newtaipei-idx7804-0-0|qp14,newtaipei,historical,15.0,ADMITTED,20.0,2.9,14.0,4.827586206896552,1.833140791215949,15.0,0-29,True,30.0,PASS
0.5,Development,NTP-newtaipei-idx4423-0-0|qp15,newtaipei,historical,15.0,ADMITTED,20.0,2.99,15.0,5.016722408026755,1.833140791215949,15.0,0-29,True,30.0,PASS
0.5,Development,NTP-newtaipei-idx133-0-2|qp18,newtaipei,historical,,DOMAIN,1.0,1.54,18.0,11.688311688311687,1.833140791215949,,0-29,False,,ABSTAIN
0.5,Development,NTP-newtaipei-idx672-0-2|qp19,newtaipei,historical,,DOMAIN,2.0,1.58,19.0,12.025316455696204,1.833140791215949,,0-29,False,,ABSTAIN
0.5,Development,NTP-newtaipei-idx13776-0-2|qp20,newtaipei,historical,2.0,ADMITTED,5.0,1.71,20.0,11.695906432748538,1.833140791215949,2.0,0-29,True,30.0,PASS
0.5,Development,NTP-newtaipei-idx11901-0-0|qp21,newtaipei,historical,2.0,ADMITTED,5.0,1.78,21.0,11.797752808988765,1.833140791215949,2.0,0-29,True,30.0,PASS
0.5,Development,NTP-newtaipei-idx6919-0-0|qp21,newtaipei,historical,2.0,ADMITTED,4.0,1.74,21.0,12.06896551724138,1.833140791215949,2.0,0-29,True,30.0,PASS
0.5,Development,NTP-newtaipei-idx7317-0-1|qp21,newtaipei,historical,2.0,ADMITTED,5.0,1.74,21.0,12.06896551724138,1.833140791215949,2.0,0-29,True,30.0,PASS
0.5,Development,NTP-newtaipei-idx12775-0-0|qp22,newtaipei,historical,,DOMAIN,0.0,1.5,22.0,14.666666666666666,1.833140791215949,,0-29,False,,ABSTAIN
0.5,Development,NTP-newtaipei-idx13763-0-2|qp22,newtaipei,historical,2.0,ADMITTED,5.0,1.8,22.0,12.22222222222222,1.833140791215949,2.0,0-29,True,30.0,PASS
0.5,Development,NTP-newtaipei-idx3820-0-0|qp22,newtaipei,historical,,DOMAIN,0.0,1.5,22.0,14.666666666666666,1.833140791215949,,0-29,False,,ABSTAIN
0.5,Development,NTP-newtaipei-idx11985-0-0|qp23,newtaipei,historical,,DOMAIN,1.0,1.56,23.0,14.743589743589745,1.833140791215949,,0-29,False,,ABSTAIN
0.5,Development,NTP-newtaipei-idx9858-0-0|qp23,newtaipei,historical,2.0,ADMITTED,5.0,1.91,23.0,12.041884816753928,1.833140791215949,2.0,0-29,True,30.0,PASS
0.5,Development,NTP-newtaipei-idx11808-0-1|qp25,newtaipei,historical,,DOMAIN,18.0,4.98,25.0,5.02008032128514,1.833140791215949,,0-29,False,,ABSTAIN
0.5,Development,NTP-newtaipei-idx5617-0-0|qp28,newtaipei,historical,3.0,ADMITTED,11.0,2.33,28.0,12.017167381974248,1.833140791215949,3.0,0-29,True,30.0,PASS
0.5,Development,NTP-newtaipei-idx251-0-0|qp30,newtaipei,historical,4.0,ADMITTED,11.0,2.46,30.0,12.195121951219512,1.833140791215949,4.0,0-29,True,30.0,PASS
0.5,Development,NTP-newtaipei-idx11355-0-2|qp31,newtaipei,historical,,DOMAIN,17.0,6.11,31.0,5.073649754500818,1.833140791215949,,0-29,False,,ABSTAIN
0.5,Development,NTP-newtaipei-idx6820-0-0|qp31,newtaipei,historical,4.0,ADMITTED,13.0,2.62,31.0,11.83206106870229,1.833140791215949,4.0,0-29,True,30.0,PASS
0.5,Development,NTP-newtaipei-idx7804-0-0|qp35,newtaipei,historical,5.0,ADMITTED,11.0,2.9,35.0,12.06896551724138,1.833140791215949,5.0,0-29,True,30.0,PASS
0.5,Development,NTP-newtaipei-idx4423-0-0|qp36,newtaipei,historical,5.0,ADMITTED,13.0,2.99,36.0,12.040133779264211,1.833140791215949,5.0,0-29,True,30.0,PASS
0.5,Development,NTP-newtaipei-idx12775-0-0|qp38,newtaipei,historical,,DOMAIN,0.0,1.5,38.0,25.33333333333333,1.833140791215949,,0-29,False,,ABSTAIN
0.5,Development,NTP-newtaipei-idx3820-0-0|qp38,newtaipei,historical,,DOMAIN,0.0,1.5,38.0,25.33333333333333,1.833140791215949,,0-29,False,,ABSTAIN
0.5,Development,NTP-newtaipei-idx11985-0-0|qp39,newtaipei,historical,,DOMAIN,0.0,1.56,39.0,25.0,1.833140791215949,,0-29,False,,ABSTAIN
0.5,Development,NTP-newtaipei-idx3916-0-1|qp42,newtaipei,historical,,DOMAIN,0.0,1.4,42.0,30.000000000000004,1.833140791215949,,0-29,False,,ABSTAIN
0.5,Development,NTP-newtaipei-idx11808-0-1|qp60,newtaipei,historical,,DOMAIN,10.0,4.98,60.0,12.048192771084336,1.833140791215949,,0-29,False,,ABSTAIN
0.5,Development,NTP-newtaipei-idx3916-0-1|qp63,newtaipei,historical,,DOMAIN,0.0,1.4,63.0,45.0,1.833140791215949,,0-29,False,,ABSTAIN
0.5,Development,NTP-newtaipei-idx11355-0-2|qp73,newtaipei,historical,,DOMAIN,4.0,6.11,73.0,11.947626841243862,1.833140791215949,,0-29,False,,ABSTAIN
0.5,Development,DC-072|qp20.2,newtaipei,historical,,DOMAIN,0.0,1.12,20.2,18.035714285714285,1.833140791215949,,0-29,False,,ABSTAIN
0.5,Development,DC-075|qp25.2,newtaipei,historical,,DOMAIN,0.0,1.4,25.2,18.0,1.833140791215949,,0-29,False,,ABSTAIN
0.5,Development,DC-073|qp26.9,newtaipei,historical,,DOMAIN,0.0,1.12,26.9,24.01785714285714,1.833140791215949,,0-29,False,,ABSTAIN
0.5,Development,DC-078|qp30.8,newtaipei,historical,0.0,MARGIN_FLOOR,3.0,1.71,30.8,18.01169590643275,1.833140791215949,0.0,0-29,True,30.0,ZERO_ADMISSION
0.5,Development,DC-081|qp31.3,newtaipei,historical,0.0,MARGIN_FLOOR,2.0,1.74,31.3,17.98850574712644,1.833140791215949,0.0,0-29,True,30.0,ZERO_ADMISSION
0.5,Development,DC-074|qp33.6,newtaipei,historical,,DOMAIN,0.0,1.12,33.6,30.0,1.833140791215949,,0-29,False,,ABSTAIN
0.5,Development,DC-076|qp33.6,newtaipei,historical,,DOMAIN,0.0,1.4,33.6,24.000000000000004,1.833140791215949,,0-29,False,,ABSTAIN
0.5,Development,DC-079|qp41.0,newtaipei,historical,0.0,SERVICE,0.0,1.71,41.0,23.976608187134502,1.833140791215949,0.0,0-29,False,,ZERO_ADMISSION
0.5,Development,DC-082|qp41.8,newtaipei,historical,0.0,SERVICE,0.0,1.74,41.8,24.02298850574713,1.833140791215949,0.0,0-29,False,,ZERO_ADMISSION
0.5,Development,DC-077|qp42.0,newtaipei,historical,,DOMAIN,0.0,1.4,42.0,30.000000000000004,1.833140791215949,,0-29,False,,ABSTAIN
0.5,Development,DC-084|qp44.3,newtaipei,historical,2.0,ADMITTED,9.0,2.46,44.3,18.008130081300813,1.833140791215949,2.0,0-29,True,30.0,PASS
0.5,Development,DC-080|qp51.3,newtaipei,historical,0.0,SERVICE,0.0,1.71,51.3,30.0,1.833140791215949,0.0,0-29,False,,ZERO_ADMISSION
0.5,Development,DC-083|qp52.2,newtaipei,historical,0.0,SERVICE,0.0,1.74,52.2,30.000000000000004,1.833140791215949,0.0,0-29,False,,ZERO_ADMISSION
0.5,Development,DC-085|qp59.0,newtaipei,historical,1.0,ADMITTED,2.0,2.46,59.0,23.98373983739837,1.833140791215949,1.0,0-29,True,30.0,PASS
0.5,Development,DC-086|qp73.8,newtaipei,historical,,DOMAIN,0.0,2.46,73.8,30.0,1.833140791215949,,0-29,False,,ABSTAIN
0.5,Development,DC-087|qp89.6,newtaipei,historical,,DOMAIN,7.0,4.98,89.6,17.99196787148594,1.833140791215949,,0-29,False,,ABSTAIN
0.5,Development,DC-088|qp119.5,newtaipei,historical,,DOMAIN,0.0,4.98,119.5,23.99598393574297,1.833140791215949,,0-29,False,,ABSTAIN
0.5,Development,DC-089|qp149.4,newtaipei,historical,,DOMAIN,0.0,4.98,149.4,30.0,1.833140791215949,,0-29,False,,ABSTAIN
0.65,Development,NTP-newtaipei-idx12919-0-1|qp6,newtaipei,historical,,DOMAIN,0.0,1.12,6.0,5.357142857142857,2.4685178342169056,,0-29,False,,ABSTAIN
0.65,Development,NTP-newtaipei-idx133-0-2|qp8,newtaipei,historical,,DOMAIN,2.0,1.54,8.0,5.194805194805195,2.4685178342169056,,0-29,False,,ABSTAIN
0.65,Development,NTP-newtaipei-idx672-0-2|qp8,newtaipei,historical,,DOMAIN,4.0,1.58,8.0,5.063291139240506,2.4685178342169056,,0-29,False,,ABSTAIN
0.65,Development,NTP-newtaipei-idx11901-0-0|qp9,newtaipei,historical,7.0,ADMITTED,8.0,1.78,9.0,5.056179775280899,2.4685178342169056,7.0,0-29,True,28.0,FAIL
0.65,Development,NTP-newtaipei-idx13763-0-2|qp9,newtaipei,historical,7.0,ADMITTED,7.0,1.8,9.0,5.0,2.4685178342169056,7.0,0-29,True,29.0,PASS
0.65,Development,NTP-newtaipei-idx13776-0-2|qp9,newtaipei,historical,6.0,ADMITTED,6.0,1.71,9.0,5.2631578947368425,2.4685178342169056,6.0,0-29,True,29.0,PASS
0.65,Development,NTP-newtaipei-idx6919-0-0|qp9,newtaipei,historical,6.0,ADMITTED,5.0,1.74,9.0,5.172413793103448,2.4685178342169056,6.0,0-29,True,27.0,FAIL
0.65,Development,NTP-newtaipei-idx7317-0-1|qp9,newtaipei,historical,6.0,ADMITTED,5.0,1.74,9.0,5.172413793103448,2.4685178342169056,6.0,0-29,True,28.0,FAIL
0.65,Development,NTP-newtaipei-idx9858-0-0|qp10,newtaipei,historical,8.0,ADMITTED,8.0,1.91,10.0,5.235602094240838,2.4685178342169056,8.0,0-29,True,30.0,PASS
0.65,Development,NTP-newtaipei-idx251-0-0|qp12,newtaipei,historical,12.0,ADMITTED,19.0,2.46,12.0,4.878048780487805,2.4685178342169056,12.0,0-29,True,30.0,PASS
0.65,Development,NTP-newtaipei-idx5617-0-0|qp12,newtaipei,historical,10.0,ADMITTED,15.0,2.33,12.0,5.150214592274678,2.4685178342169056,10.0,0-29,True,30.0,PASS
0.65,Development,NTP-newtaipei-idx12919-0-1|qp13,newtaipei,historical,,DOMAIN,0.0,1.12,13.0,11.607142857142856,2.4685178342169056,,0-29,False,,ABSTAIN
0.65,Development,NTP-newtaipei-idx6820-0-0|qp13,newtaipei,historical,12.0,ADMITTED,20.0,2.62,13.0,4.961832061068702,2.4685178342169056,12.0,0-29,True,30.0,PASS
0.65,Development,NTP-newtaipei-idx7804-0-0|qp14,newtaipei,historical,14.0,ADMITTED,20.0,2.9,14.0,4.827586206896552,2.4685178342169056,14.0,0-29,True,30.0,PASS
0.65,Development,NTP-newtaipei-idx4423-0-0|qp15,newtaipei,historical,14.0,ADMITTED,20.0,2.99,15.0,5.016722408026755,2.4685178342169056,14.0,0-29,True,30.0,PASS
0.65,Development,NTP-newtaipei-idx133-0-2|qp18,newtaipei,historical,,DOMAIN,1.0,1.54,18.0,11.688311688311687,2.4685178342169056,,0-29,False,,ABSTAIN
0.65,Development,NTP-newtaipei-idx672-0-2|qp19,newtaipei,historical,,DOMAIN,2.0,1.58,19.0,12.025316455696204,2.4685178342169056,,0-29,False,,ABSTAIN
0.65,Development,NTP-newtaipei-idx13776-0-2|qp20,newtaipei,historical,1.0,ADMITTED,5.0,1.71,20.0,11.695906432748538,2.4685178342169056,1.0,0-29,True,30.0,PASS
0.65,Development,NTP-newtaipei-idx11901-0-0|qp21,newtaipei,historical,1.0,ADMITTED,5.0,1.78,21.0,11.797752808988765,2.4685178342169056,1.0,0-29,True,30.0,PASS
0.65,Development,NTP-newtaipei-idx6919-0-0|qp21,newtaipei,historical,1.0,ADMITTED,4.0,1.74,21.0,12.06896551724138,2.4685178342169056,1.0,0-29,True,30.0,PASS
0.65,Development,NTP-newtaipei-idx7317-0-1|qp21,newtaipei,historical,1.0,ADMITTED,5.0,1.74,21.0,12.06896551724138,2.4685178342169056,1.0,0-29,True,30.0,PASS
0.65,Development,NTP-newtaipei-idx12775-0-0|qp22,newtaipei,historical,,DOMAIN,0.0,1.5,22.0,14.666666666666666,2.4685178342169056,,0-29,False,,ABSTAIN
0.65,Development,NTP-newtaipei-idx13763-0-2|qp22,newtaipei,historical,1.0,ADMITTED,5.0,1.8,22.0,12.22222222222222,2.4685178342169056,1.0,0-29,True,30.0,PASS
0.65,Development,NTP-newtaipei-idx3820-0-0|qp22,newtaipei,historical,,DOMAIN,0.0,1.5,22.0,14.666666666666666,2.4685178342169056,,0-29,False,,ABSTAIN
0.65,Development,NTP-newtaipei-idx11985-0-0|qp23,newtaipei,historical,,DOMAIN,1.0,1.56,23.0,14.743589743589745,2.4685178342169056,,0-29,False,,ABSTAIN
0.65,Development,NTP-newtaipei-idx9858-0-0|qp23,newtaipei,historical,2.0,ADMITTED,5.0,1.91,23.0,12.041884816753928,2.4685178342169056,2.0,0-29,True,30.0,PASS
0.65,Development,NTP-newtaipei-idx11808-0-1|qp25,newtaipei,historical,,DOMAIN,18.0,4.98,25.0,5.02008032128514,2.4685178342169056,,0-29,False,,ABSTAIN
0.65,Development,NTP-newtaipei-idx5617-0-0|qp28,newtaipei,historical,3.0,ADMITTED,11.0,2.33,28.0,12.017167381974248,2.4685178342169056,3.0,0-29,True,30.0,PASS
0.65,Development,NTP-newtaipei-idx251-0-0|qp30,newtaipei,historical,3.0,ADMITTED,11.0,2.46,30.0,12.195121951219512,2.4685178342169056,3.0,0-29,True,30.0,PASS
0.65,Development,NTP-newtaipei-idx11355-0-2|qp31,newtaipei,historical,,DOMAIN,17.0,6.11,31.0,5.073649754500818,2.4685178342169056,,0-29,False,,ABSTAIN
0.65,Development,NTP-newtaipei-idx6820-0-0|qp31,newtaipei,historical,3.0,ADMITTED,13.0,2.62,31.0,11.83206106870229,2.4685178342169056,3.0,0-29,True,30.0,PASS
0.65,Development,NTP-newtaipei-idx7804-0-0|qp35,newtaipei,historical,4.0,ADMITTED,11.0,2.9,35.0,12.06896551724138,2.4685178342169056,4.0,0-29,True,30.0,PASS
0.65,Development,NTP-newtaipei-idx4423-0-0|qp36,newtaipei,historical,4.0,ADMITTED,13.0,2.99,36.0,12.040133779264211,2.4685178342169056,4.0,0-29,True,30.0,PASS
0.65,Development,NTP-newtaipei-idx12775-0-0|qp38,newtaipei,historical,,DOMAIN,0.0,1.5,38.0,25.33333333333333,2.4685178342169056,,0-29,False,,ABSTAIN
0.65,Development,NTP-newtaipei-idx3820-0-0|qp38,newtaipei,historical,,DOMAIN,0.0,1.5,38.0,25.33333333333333,2.4685178342169056,,0-29,False,,ABSTAIN
0.65,Development,NTP-newtaipei-idx11985-0-0|qp39,newtaipei,historical,,DOMAIN,0.0,1.56,39.0,25.0,2.4685178342169056,,0-29,False,,ABSTAIN
0.65,Development,NTP-newtaipei-idx3916-0-1|qp42,newtaipei,historical,,DOMAIN,0.0,1.4,42.0,30.000000000000004,2.4685178342169056,,0-29,False,,ABSTAIN
0.65,Development,NTP-newtaipei-idx11808-0-1|qp60,newtaipei,historical,,DOMAIN,10.0,4.98,60.0,12.048192771084336,2.4685178342169056,,0-29,False,,ABSTAIN
0.65,Development,NTP-newtaipei-idx3916-0-1|qp63,newtaipei,historical,,DOMAIN,0.0,1.4,63.0,45.0,2.4685178342169056,,0-29,False,,ABSTAIN
0.65,Development,NTP-newtaipei-idx11355-0-2|qp73,newtaipei,historical,,DOMAIN,4.0,6.11,73.0,11.947626841243862,2.4685178342169056,,0-29,False,,ABSTAIN
0.65,Development,DC-072|qp20.2,newtaipei,historical,,DOMAIN,0.0,1.12,20.2,18.035714285714285,2.4685178342169056,,0-29,False,,ABSTAIN
0.65,Development,DC-075|qp25.2,newtaipei,historical,,DOMAIN,0.0,1.4,25.2,18.0,2.4685178342169056,,0-29,False,,ABSTAIN
0.65,Development,DC-073|qp26.9,newtaipei,historical,,DOMAIN,0.0,1.12,26.9,24.01785714285714,2.4685178342169056,,0-29,False,,ABSTAIN
0.65,Development,DC-078|qp30.8,newtaipei,historical,0.0,MARGIN_FLOOR,3.0,1.71,30.8,18.01169590643275,2.4685178342169056,0.0,0-29,True,30.0,ZERO_ADMISSION
0.65,Development,DC-081|qp31.3,newtaipei,historical,0.0,MARGIN_FLOOR,2.0,1.74,31.3,17.98850574712644,2.4685178342169056,0.0,0-29,True,30.0,ZERO_ADMISSION
0.65,Development,DC-074|qp33.6,newtaipei,historical,,DOMAIN,0.0,1.12,33.6,30.0,2.4685178342169056,,0-29,False,,ABSTAIN
0.65,Development,DC-076|qp33.6,newtaipei,historical,,DOMAIN,0.0,1.4,33.6,24.000000000000004,2.4685178342169056,,0-29,False,,ABSTAIN
0.65,Development,DC-079|qp41.0,newtaipei,historical,0.0,SERVICE,0.0,1.71,41.0,23.976608187134502,2.4685178342169056,0.0,0-29,False,,ZERO_ADMISSION
0.65,Development,DC-082|qp41.8,newtaipei,historical,0.0,SERVICE,0.0,1.74,41.8,24.02298850574713,2.4685178342169056,0.0,0-29,False,,ZERO_ADMISSION
0.65,Development,DC-077|qp42.0,newtaipei,historical,,DOMAIN,0.0,1.4,42.0,30.000000000000004,2.4685178342169056,,0-29,False,,ABSTAIN
0.65,Development,DC-084|qp44.3,newtaipei,historical,1.0,ADMITTED,9.0,2.46,44.3,18.008130081300813,2.4685178342169056,1.0,0-29,True,30.0,PASS
0.65,Development,DC-080|qp51.3,newtaipei,historical,0.0,SERVICE,0.0,1.71,51.3,30.0,2.4685178342169056,0.0,0-29,False,,ZERO_ADMISSION
0.65,Development,DC-083|qp52.2,newtaipei,historical,0.0,SERVICE,0.0,1.74,52.2,30.000000000000004,2.4685178342169056,0.0,0-29,False,,ZERO_ADMISSION
0.65,Development,DC-085|qp59.0,newtaipei,historical,0.0,MARGIN_FLOOR,2.0,2.46,59.0,23.98373983739837,2.4685178342169056,0.0,0-29,True,30.0,ZERO_ADMISSION
0.65,Development,DC-086|qp73.8,newtaipei,historical,,DOMAIN,0.0,2.46,73.8,30.0,2.4685178342169056,,0-29,False,,ABSTAIN
0.65,Development,DC-087|qp89.6,newtaipei,historical,,DOMAIN,7.0,4.98,89.6,17.99196787148594,2.4685178342169056,,0-29,False,,ABSTAIN
0.65,Development,DC-088|qp119.5,newtaipei,historical,,DOMAIN,0.0,4.98,119.5,23.99598393574297,2.4685178342169056,,0-29,False,,ABSTAIN
0.65,Development,DC-089|qp149.4,newtaipei,historical,,DOMAIN,0.0,4.98,149.4,30.0,2.4685178342169056,,0-29,False,,ABSTAIN
0.8,Development,NTP-newtaipei-idx12919-0-1|qp6,newtaipei,historical,,DOMAIN,0.0,1.12,6.0,5.357142857142857,3.7560868812656816,,0-29,False,,ABSTAIN
0.8,Development,NTP-newtaipei-idx133-0-2|qp8,newtaipei,historical,,DOMAIN,2.0,1.54,8.0,5.194805194805195,3.7560868812656816,,0-29,False,,ABSTAIN
0.8,Development,NTP-newtaipei-idx672-0-2|qp8,newtaipei,historical,,DOMAIN,4.0,1.58,8.0,5.063291139240506,3.7560868812656816,,0-29,False,,ABSTAIN
0.8,Development,NTP-newtaipei-idx11901-0-0|qp9,newtaipei,historical,6.0,ADMITTED,8.0,1.78,9.0,5.056179775280899,3.7560868812656816,6.0,0-29,True,30.0,PASS
0.8,Development,NTP-newtaipei-idx13763-0-2|qp9,newtaipei,historical,6.0,ADMITTED,7.0,1.8,9.0,5.0,3.7560868812656816,6.0,0-29,True,29.0,PASS
0.8,Development,NTP-newtaipei-idx13776-0-2|qp9,newtaipei,historical,5.0,ADMITTED,6.0,1.71,9.0,5.2631578947368425,3.7560868812656816,5.0,0-29,True,30.0,PASS
0.8,Development,NTP-newtaipei-idx6919-0-0|qp9,newtaipei,historical,5.0,ADMITTED,5.0,1.74,9.0,5.172413793103448,3.7560868812656816,5.0,0-29,True,30.0,PASS
0.8,Development,NTP-newtaipei-idx7317-0-1|qp9,newtaipei,historical,5.0,ADMITTED,5.0,1.74,9.0,5.172413793103448,3.7560868812656816,5.0,0-29,True,30.0,PASS
0.8,Development,NTP-newtaipei-idx9858-0-0|qp10,newtaipei,historical,6.0,ADMITTED,8.0,1.91,10.0,5.235602094240838,3.7560868812656816,6.0,0-29,True,30.0,PASS
0.8,Development,NTP-newtaipei-idx251-0-0|qp12,newtaipei,historical,10.0,ADMITTED,19.0,2.46,12.0,4.878048780487805,3.7560868812656816,10.0,0-29,True,30.0,PASS
0.8,Development,NTP-newtaipei-idx5617-0-0|qp12,newtaipei,historical,9.0,ADMITTED,15.0,2.33,12.0,5.150214592274678,3.7560868812656816,9.0,0-29,True,30.0,PASS
0.8,Development,NTP-newtaipei-idx12919-0-1|qp13,newtaipei,historical,,DOMAIN,0.0,1.12,13.0,11.607142857142856,3.7560868812656816,,0-29,False,,ABSTAIN
0.8,Development,NTP-newtaipei-idx6820-0-0|qp13,newtaipei,historical,11.0,ADMITTED,20.0,2.62,13.0,4.961832061068702,3.7560868812656816,11.0,0-29,True,30.0,PASS
0.8,Development,NTP-newtaipei-idx7804-0-0|qp14,newtaipei,historical,13.0,ADMITTED,20.0,2.9,14.0,4.827586206896552,3.7560868812656816,13.0,0-29,True,30.0,PASS
0.8,Development,NTP-newtaipei-idx4423-0-0|qp15,newtaipei,historical,13.0,ADMITTED,20.0,2.99,15.0,5.016722408026755,3.7560868812656816,13.0,0-29,True,30.0,PASS
0.8,Development,NTP-newtaipei-idx133-0-2|qp18,newtaipei,historical,,DOMAIN,1.0,1.54,18.0,11.688311688311687,3.7560868812656816,,0-29,False,,ABSTAIN
0.8,Development,NTP-newtaipei-idx672-0-2|qp19,newtaipei,historical,,DOMAIN,2.0,1.58,19.0,12.025316455696204,3.7560868812656816,,0-29,False,,ABSTAIN
0.8,Development,NTP-newtaipei-idx13776-0-2|qp20,newtaipei,historical,0.0,MARGIN_FLOOR,5.0,1.71,20.0,11.695906432748538,3.7560868812656816,0.0,0-29,True,30.0,ZERO_ADMISSION
0.8,Development,NTP-newtaipei-idx11901-0-0|qp21,newtaipei,historical,0.0,MARGIN_FLOOR,5.0,1.78,21.0,11.797752808988765,3.7560868812656816,0.0,0-29,True,30.0,ZERO_ADMISSION
0.8,Development,NTP-newtaipei-idx6919-0-0|qp21,newtaipei,historical,0.0,MARGIN_FLOOR,4.0,1.74,21.0,12.06896551724138,3.7560868812656816,0.0,0-29,True,30.0,ZERO_ADMISSION
0.8,Development,NTP-newtaipei-idx7317-0-1|qp21,newtaipei,historical,0.0,MARGIN_FLOOR,5.0,1.74,21.0,12.06896551724138,3.7560868812656816,0.0,0-29,True,30.0,ZERO_ADMISSION
0.8,Development,NTP-newtaipei-idx12775-0-0|qp22,newtaipei,historical,,DOMAIN,0.0,1.5,22.0,14.666666666666666,3.7560868812656816,,0-29,False,,ABSTAIN
0.8,Development,NTP-newtaipei-idx13763-0-2|qp22,newtaipei,historical,0.0,MARGIN_FLOOR,5.0,1.8,22.0,12.22222222222222,3.7560868812656816,0.0,0-29,True,30.0,ZERO_ADMISSION
0.8,Development,NTP-newtaipei-idx3820-0-0|qp22,newtaipei,historical,,DOMAIN,0.0,1.5,22.0,14.666666666666666,3.7560868812656816,,0-29,False,,ABSTAIN
0.8,Development,NTP-newtaipei-idx11985-0-0|qp23,newtaipei,historical,,DOMAIN,1.0,1.56,23.0,14.743589743589745,3.7560868812656816,,0-29,False,,ABSTAIN
0.8,Development,NTP-newtaipei-idx9858-0-0|qp23,newtaipei,historical,0.0,MARGIN_FLOOR,5.0,1.91,23.0,12.041884816753928,3.7560868812656816,0.0,0-29,True,30.0,ZERO_ADMISSION
0.8,Development,NTP-newtaipei-idx11808-0-1|qp25,newtaipei,historical,,DOMAIN,18.0,4.98,25.0,5.02008032128514,3.7560868812656816,,0-29,False,,ABSTAIN
0.8,Development,NTP-newtaipei-idx5617-0-0|qp28,newtaipei,historical,1.0,ADMITTED,11.0,2.33,28.0,12.017167381974248,3.7560868812656816,1.0,0-29,True,30.0,PASS
0.8,Development,NTP-newtaipei-idx251-0-0|qp30,newtaipei,historical,2.0,ADMITTED,11.0,2.46,30.0,12.195121951219512,3.7560868812656816,2.0,0-29,True,30.0,PASS
0.8,Development,NTP-newtaipei-idx11355-0-2|qp31,newtaipei,historical,,DOMAIN,17.0,6.11,31.0,5.073649754500818,3.7560868812656816,,0-29,False,,ABSTAIN
0.8,Development,NTP-newtaipei-idx6820-0-0|qp31,newtaipei,historical,2.0,ADMITTED,13.0,2.62,31.0,11.83206106870229,3.7560868812656816,2.0,0-29,True,30.0,PASS
0.8,Development,NTP-newtaipei-idx7804-0-0|qp35,newtaipei,historical,3.0,ADMITTED,11.0,2.9,35.0,12.06896551724138,3.7560868812656816,3.0,0-29,True,30.0,PASS
0.8,Development,NTP-newtaipei-idx4423-0-0|qp36,newtaipei,historical,3.0,ADMITTED,13.0,2.99,36.0,12.040133779264211,3.7560868812656816,3.0,0-29,True,30.0,PASS
0.8,Development,NTP-newtaipei-idx12775-0-0|qp38,newtaipei,historical,,DOMAIN,0.0,1.5,38.0,25.33333333333333,3.7560868812656816,,0-29,False,,ABSTAIN
0.8,Development,NTP-newtaipei-idx3820-0-0|qp38,newtaipei,historical,,DOMAIN,0.0,1.5,38.0,25.33333333333333,3.7560868812656816,,0-29,False,,ABSTAIN
0.8,Development,NTP-newtaipei-idx11985-0-0|qp39,newtaipei,historical,,DOMAIN,0.0,1.56,39.0,25.0,3.7560868812656816,,0-29,False,,ABSTAIN
0.8,Development,NTP-newtaipei-idx3916-0-1|qp42,newtaipei,historical,,DOMAIN,0.0,1.4,42.0,30.000000000000004,3.7560868812656816,,0-29,False,,ABSTAIN
0.8,Development,NTP-newtaipei-idx11808-0-1|qp60,newtaipei,historical,,DOMAIN,10.0,4.98,60.0,12.048192771084336,3.7560868812656816,,0-29,False,,ABSTAIN
0.8,Development,NTP-newtaipei-idx3916-0-1|qp63,newtaipei,historical,,DOMAIN,0.0,1.4,63.0,45.0,3.7560868812656816,,0-29,False,,ABSTAIN
0.8,Development,NTP-newtaipei-idx11355-0-2|qp73,newtaipei,historical,,DOMAIN,4.0,6.11,73.0,11.947626841243862,3.7560868812656816,,0-29,False,,ABSTAIN
0.8,Development,DC-072|qp20.2,newtaipei,historical,,DOMAIN,0.0,1.12,20.2,18.035714285714285,3.7560868812656816,,0-29,False,,ABSTAIN
0.8,Development,DC-075|qp25.2,newtaipei,historical,,DOMAIN,0.0,1.4,25.2,18.0,3.7560868812656816,,0-29,False,,ABSTAIN
0.8,Development,DC-073|qp26.9,newtaipei,historical,,DOMAIN,0.0,1.12,26.9,24.01785714285714,3.7560868812656816,,0-29,False,,ABSTAIN
0.8,Development,DC-078|qp30.8,newtaipei,historical,0.0,MARGIN_FLOOR,3.0,1.71,30.8,18.01169590643275,3.7560868812656816,0.0,0-29,True,30.0,ZERO_ADMISSION
0.8,Development,DC-081|qp31.3,newtaipei,historical,0.0,MARGIN_FLOOR,2.0,1.74,31.3,17.98850574712644,3.7560868812656816,0.0,0-29,True,30.0,ZERO_ADMISSION
0.8,Development,DC-074|qp33.6,newtaipei,historical,,DOMAIN,0.0,1.12,33.6,30.0,3.7560868812656816,,0-29,False,,ABSTAIN
0.8,Development,DC-076|qp33.6,newtaipei,historical,,DOMAIN,0.0,1.4,33.6,24.000000000000004,3.7560868812656816,,0-29,False,,ABSTAIN
0.8,Development,DC-079|qp41.0,newtaipei,historical,0.0,SERVICE,0.0,1.71,41.0,23.976608187134502,3.7560868812656816,0.0,0-29,False,,ZERO_ADMISSION
0.8,Development,DC-082|qp41.8,newtaipei,historical,0.0,SERVICE,0.0,1.74,41.8,24.02298850574713,3.7560868812656816,0.0,0-29,False,,ZERO_ADMISSION
0.8,Development,DC-077|qp42.0,newtaipei,historical,,DOMAIN,0.0,1.4,42.0,30.000000000000004,3.7560868812656816,,0-29,False,,ABSTAIN
0.8,Development,DC-084|qp44.3,newtaipei,historical,0.0,MARGIN_FLOOR,9.0,2.46,44.3,18.008130081300813,3.7560868812656816,0.0,0-29,True,30.0,ZERO_ADMISSION
0.8,Development,DC-080|qp51.3,newtaipei,historical,0.0,SERVICE,0.0,1.71,51.3,30.0,3.7560868812656816,0.0,0-29,False,,ZERO_ADMISSION
0.8,Development,DC-083|qp52.2,newtaipei,historical,0.0,SERVICE,0.0,1.74,52.2,30.000000000000004,3.7560868812656816,0.0,0-29,False,,ZERO_ADMISSION
0.8,Development,DC-085|qp59.0,newtaipei,historical,0.0,MARGIN_FLOOR,2.0,2.46,59.0,23.98373983739837,3.7560868812656816,0.0,0-29,True,30.0,ZERO_ADMISSION
0.8,Development,DC-086|qp73.8,newtaipei,historical,,DOMAIN,0.0,2.46,73.8,30.0,3.7560868812656816,,0-29,False,,ABSTAIN
0.8,Development,DC-087|qp89.6,newtaipei,historical,,DOMAIN,7.0,4.98,89.6,17.99196787148594,3.7560868812656816,,0-29,False,,ABSTAIN
0.8,Development,DC-088|qp119.5,newtaipei,historical,,DOMAIN,0.0,4.98,119.5,23.99598393574297,3.7560868812656816,,0-29,False,,ABSTAIN
0.8,Development,DC-089|qp149.4,newtaipei,historical,,DOMAIN,0.0,4.98,149.4,30.0,3.7560868812656816,,0-29,False,,ABSTAIN
0.9,Development,NTP-newtaipei-idx12919-0-1|qp6,newtaipei,historical,,DOMAIN,0.0,1.12,6.0,5.357142857142857,6.366522502861429,,0-29,False,,ABSTAIN
0.9,Development,NTP-newtaipei-idx133-0-2|qp8,newtaipei,historical,,DOMAIN,2.0,1.54,8.0,5.194805194805195,6.366522502861429,,0-29,False,,ABSTAIN
0.9,Development,NTP-newtaipei-idx672-0-2|qp8,newtaipei,historical,,DOMAIN,4.0,1.58,8.0,5.063291139240506,6.366522502861429,,0-29,False,,ABSTAIN
0.9,Development,NTP-newtaipei-idx11901-0-0|qp9,newtaipei,historical,3.0,ADMITTED,8.0,1.78,9.0,5.056179775280899,6.366522502861429,3.0,0-29,True,30.0,PASS
0.9,Development,NTP-newtaipei-idx13763-0-2|qp9,newtaipei,historical,4.0,ADMITTED,7.0,1.8,9.0,5.0,6.366522502861429,4.0,0-29,True,30.0,PASS
0.9,Development,NTP-newtaipei-idx13776-0-2|qp9,newtaipei,historical,3.0,ADMITTED,6.0,1.71,9.0,5.2631578947368425,6.366522502861429,3.0,0-29,True,30.0,PASS
0.9,Development,NTP-newtaipei-idx6919-0-0|qp9,newtaipei,historical,3.0,ADMITTED,5.0,1.74,9.0,5.172413793103448,6.366522502861429,3.0,0-29,True,30.0,PASS
0.9,Development,NTP-newtaipei-idx7317-0-1|qp9,newtaipei,historical,3.0,ADMITTED,5.0,1.74,9.0,5.172413793103448,6.366522502861429,3.0,0-29,True,30.0,PASS
0.9,Development,NTP-newtaipei-idx9858-0-0|qp10,newtaipei,historical,4.0,ADMITTED,8.0,1.91,10.0,5.235602094240838,6.366522502861429,4.0,0-29,True,30.0,PASS
0.9,Development,NTP-newtaipei-idx251-0-0|qp12,newtaipei,historical,8.0,ADMITTED,19.0,2.46,12.0,4.878048780487805,6.366522502861429,8.0,0-29,True,30.0,PASS
0.9,Development,NTP-newtaipei-idx5617-0-0|qp12,newtaipei,historical,6.0,ADMITTED,15.0,2.33,12.0,5.150214592274678,6.366522502861429,6.0,0-29,True,30.0,PASS
0.9,Development,NTP-newtaipei-idx12919-0-1|qp13,newtaipei,historical,,DOMAIN,0.0,1.12,13.0,11.607142857142856,6.366522502861429,,0-29,False,,ABSTAIN
0.9,Development,NTP-newtaipei-idx6820-0-0|qp13,newtaipei,historical,8.0,ADMITTED,20.0,2.62,13.0,4.961832061068702,6.366522502861429,8.0,0-29,True,30.0,PASS
0.9,Development,NTP-newtaipei-idx7804-0-0|qp14,newtaipei,historical,11.0,ADMITTED,20.0,2.9,14.0,4.827586206896552,6.366522502861429,11.0,0-29,True,30.0,PASS
0.9,Development,NTP-newtaipei-idx4423-0-0|qp15,newtaipei,historical,10.0,ADMITTED,20.0,2.99,15.0,5.016722408026755,6.366522502861429,10.0,0-29,True,30.0,PASS
0.9,Development,NTP-newtaipei-idx133-0-2|qp18,newtaipei,historical,,DOMAIN,1.0,1.54,18.0,11.688311688311687,6.366522502861429,,0-29,False,,ABSTAIN
0.9,Development,NTP-newtaipei-idx672-0-2|qp19,newtaipei,historical,,DOMAIN,2.0,1.58,19.0,12.025316455696204,6.366522502861429,,0-29,False,,ABSTAIN
0.9,Development,NTP-newtaipei-idx13776-0-2|qp20,newtaipei,historical,0.0,MARGIN_FLOOR,5.0,1.71,20.0,11.695906432748538,6.366522502861429,0.0,0-29,True,30.0,ZERO_ADMISSION
0.9,Development,NTP-newtaipei-idx11901-0-0|qp21,newtaipei,historical,0.0,MARGIN_FLOOR,5.0,1.78,21.0,11.797752808988765,6.366522502861429,0.0,0-29,True,30.0,ZERO_ADMISSION
0.9,Development,NTP-newtaipei-idx6919-0-0|qp21,newtaipei,historical,0.0,MARGIN_FLOOR,4.0,1.74,21.0,12.06896551724138,6.366522502861429,0.0,0-29,True,30.0,ZERO_ADMISSION
0.9,Development,NTP-newtaipei-idx7317-0-1|qp21,newtaipei,historical,0.0,MARGIN_FLOOR,5.0,1.74,21.0,12.06896551724138,6.366522502861429,0.0,0-29,True,30.0,ZERO_ADMISSION
0.9,Development,NTP-newtaipei-idx12775-0-0|qp22,newtaipei,historical,,DOMAIN,0.0,1.5,22.0,14.666666666666666,6.366522502861429,,0-29,False,,ABSTAIN
0.9,Development,NTP-newtaipei-idx13763-0-2|qp22,newtaipei,historical,0.0,MARGIN_FLOOR,5.0,1.8,22.0,12.22222222222222,6.366522502861429,0.0,0-29,True,30.0,ZERO_ADMISSION
0.9,Development,NTP-newtaipei-idx3820-0-0|qp22,newtaipei,historical,,DOMAIN,0.0,1.5,22.0,14.666666666666666,6.366522502861429,,0-29,False,,ABSTAIN
0.9,Development,NTP-newtaipei-idx11985-0-0|qp23,newtaipei,historical,,DOMAIN,1.0,1.56,23.0,14.743589743589745,6.366522502861429,,0-29,False,,ABSTAIN
0.9,Development,NTP-newtaipei-idx9858-0-0|qp23,newtaipei,historical,0.0,MARGIN_FLOOR,5.0,1.91,23.0,12.041884816753928,6.366522502861429,0.0,0-29,True,30.0,ZERO_ADMISSION
0.9,Development,NTP-newtaipei-idx11808-0-1|qp25,newtaipei,historical,,DOMAIN,18.0,4.98,25.0,5.02008032128514,6.366522502861429,,0-29,False,,ABSTAIN
0.9,Development,NTP-newtaipei-idx5617-0-0|qp28,newtaipei,historical,0.0,MARGIN_FLOOR,11.0,2.33,28.0,12.017167381974248,6.366522502861429,0.0,0-29,True,30.0,ZERO_ADMISSION
0.9,Development,NTP-newtaipei-idx251-0-0|qp30,newtaipei,historical,0.0,MARGIN_FLOOR,11.0,2.46,30.0,12.195121951219512,6.366522502861429,0.0,0-29,True,30.0,ZERO_ADMISSION
0.9,Development,NTP-newtaipei-idx11355-0-2|qp31,newtaipei,historical,,DOMAIN,17.0,6.11,31.0,5.073649754500818,6.366522502861429,,0-29,False,,ABSTAIN
0.9,Development,NTP-newtaipei-idx6820-0-0|qp31,newtaipei,historical,0.0,MARGIN_FLOOR,13.0,2.62,31.0,11.83206106870229,6.366522502861429,0.0,0-29,True,30.0,ZERO_ADMISSION
0.9,Development,NTP-newtaipei-idx7804-0-0|qp35,newtaipei,historical,0.0,MARGIN_FLOOR,11.0,2.9,35.0,12.06896551724138,6.366522502861429,0.0,0-29,True,30.0,ZERO_ADMISSION
0.9,Development,NTP-newtaipei-idx4423-0-0|qp36,newtaipei,historical,0.0,MARGIN_FLOOR,13.0,2.99,36.0,12.040133779264211,6.366522502861429,0.0,0-29,True,30.0,ZERO_ADMISSION
0.9,Development,NTP-newtaipei-idx12775-0-0|qp38,newtaipei,historical,,DOMAIN,0.0,1.5,38.0,25.33333333333333,6.366522502861429,,0-29,False,,ABSTAIN
0.9,Development,NTP-newtaipei-idx3820-0-0|qp38,newtaipei,historical,,DOMAIN,0.0,1.5,38.0,25.33333333333333,6.366522502861429,,0-29,False,,ABSTAIN
0.9,Development,NTP-newtaipei-idx11985-0-0|qp39,newtaipei,historical,,DOMAIN,0.0,1.56,39.0,25.0,6.366522502861429,,0-29,False,,ABSTAIN
0.9,Development,NTP-newtaipei-idx3916-0-1|qp42,newtaipei,historical,,DOMAIN,0.0,1.4,42.0,30.000000000000004,6.366522502861429,,0-29,False,,ABSTAIN
0.9,Development,NTP-newtaipei-idx11808-0-1|qp60,newtaipei,historical,,DOMAIN,10.0,4.98,60.0,12.048192771084336,6.366522502861429,,0-29,False,,ABSTAIN
0.9,Development,NTP-newtaipei-idx3916-0-1|qp63,newtaipei,historical,,DOMAIN,0.0,1.4,63.0,45.0,6.366522502861429,,0-29,False,,ABSTAIN
0.9,Development,NTP-newtaipei-idx11355-0-2|qp73,newtaipei,historical,,DOMAIN,4.0,6.11,73.0,11.947626841243862,6.366522502861429,,0-29,False,,ABSTAIN
0.9,Development,DC-072|qp20.2,newtaipei,historical,,DOMAIN,0.0,1.12,20.2,18.035714285714285,6.366522502861429,,0-29,False,,ABSTAIN
0.9,Development,DC-075|qp25.2,newtaipei,historical,,DOMAIN,0.0,1.4,25.2,18.0,6.366522502861429,,0-29,False,,ABSTAIN
0.9,Development,DC-073|qp26.9,newtaipei,historical,,DOMAIN,0.0,1.12,26.9,24.01785714285714,6.366522502861429,,0-29,False,,ABSTAIN
0.9,Development,DC-078|qp30.8,newtaipei,historical,0.0,MARGIN_FLOOR,3.0,1.71,30.8,18.01169590643275,6.366522502861429,0.0,0-29,True,30.0,ZERO_ADMISSION
0.9,Development,DC-081|qp31.3,newtaipei,historical,0.0,MARGIN_FLOOR,2.0,1.74,31.3,17.98850574712644,6.366522502861429,0.0,0-29,True,30.0,ZERO_ADMISSION
0.9,Development,DC-074|qp33.6,newtaipei,historical,,DOMAIN,0.0,1.12,33.6,30.0,6.366522502861429,,0-29,False,,ABSTAIN
0.9,Development,DC-076|qp33.6,newtaipei,historical,,DOMAIN,0.0,1.4,33.6,24.000000000000004,6.366522502861429,,0-29,False,,ABSTAIN
0.9,Development,DC-079|qp41.0,newtaipei,historical,0.0,SERVICE,0.0,1.71,41.0,23.976608187134502,6.366522502861429,0.0,0-29,False,,ZERO_ADMISSION
0.9,Development,DC-082|qp41.8,newtaipei,historical,0.0,SERVICE,0.0,1.74,41.8,24.02298850574713,6.366522502861429,0.0,0-29,False,,ZERO_ADMISSION
0.9,Development,DC-077|qp42.0,newtaipei,historical,,DOMAIN,0.0,1.4,42.0,30.000000000000004,6.366522502861429,,0-29,False,,ABSTAIN
0.9,Development,DC-084|qp44.3,newtaipei,historical,0.0,MARGIN_FLOOR,9.0,2.46,44.3,18.008130081300813,6.366522502861429,0.0,0-29,True,30.0,ZERO_ADMISSION
0.9,Development,DC-080|qp51.3,newtaipei,historical,0.0,SERVICE,0.0,1.71,51.3,30.0,6.366522502861429,0.0,0-29,False,,ZERO_ADMISSION
0.9,Development,DC-083|qp52.2,newtaipei,historical,0.0,SERVICE,0.0,1.74,52.2,30.000000000000004,6.366522502861429,0.0,0-29,False,,ZERO_ADMISSION
0.9,Development,DC-085|qp59.0,newtaipei,historical,0.0,MARGIN_FLOOR,2.0,2.46,59.0,23.98373983739837,6.366522502861429,0.0,0-29,True,30.0,ZERO_ADMISSION
0.9,Development,DC-086|qp73.8,newtaipei,historical,,DOMAIN,0.0,2.46,73.8,30.0,6.366522502861429,,0-29,False,,ABSTAIN
0.9,Development,DC-087|qp89.6,newtaipei,historical,,DOMAIN,7.0,4.98,89.6,17.99196787148594,6.366522502861429,,0-29,False,,ABSTAIN
0.9,Development,DC-088|qp119.5,newtaipei,historical,,DOMAIN,0.0,4.98,119.5,23.99598393574297,6.366522502861429,,0-29,False,,ABSTAIN
0.9,Development,DC-089|qp149.4,newtaipei,historical,,DOMAIN,0.0,4.98,149.4,30.0,6.366522502861429,,0-29,False,,ABSTAIN
0.0,Development,NYC-nyc-10517-0-3|qp4,nyc,historical,,OUT_OF_DOMAIN_GEOMETRY,,0.762,4.0,5.2493438320209975,0.0,,0-29,False,,ABSTAIN
0.0,Development,NYC-nyc-53282-0-0|qp4,nyc,historical,,OUT_OF_DOMAIN_GEOMETRY,,0.853,4.0,4.689331770222744,0.0,,0-29,False,,ABSTAIN
0.0,Development,NYC-nyc-26803-0-0|qp6,nyc,historical,,DOMAIN,0.0,1.158,6.0,5.181347150259068,0.0,,0-29,False,,ABSTAIN
0.0,Development,NYC-nyc-49961-0-0|qp6,nyc,historical,,DOMAIN,0.0,1.28,6.0,4.6875,0.0,,0-29,False,,ABSTAIN
0.0,Development,NYC-nyc-42824-0-0|qp7,nyc,historical,,DOMAIN,0.0,1.311,7.0,5.339435545385203,0.0,,0-29,False,,ABSTAIN
0.0,Development,NYC-nyc-72803-0-0|qp7,nyc,historical,,DOMAIN,0.0,1.311,7.0,5.339435545385203,0.0,,0-29,False,,ABSTAIN
0.0,Development,NYC-nyc-110605-0-2|qp8,nyc,historical,6.0,ADMITTED,7.0,1.707,8.0,4.6865846514352665,0.0,6.0,0-29,True,30.0,PASS
0.0,Development,NYC-nyc-182996-0-0|qp8,nyc,historical,,DOMAIN,5.0,1.585,8.0,5.047318611987381,0.0,,0-29,False,,ABSTAIN
0.0,Development,NYC-nyc-46079-0-1|qp8,nyc,historical,5.0,ADMITTED,6.0,1.676,8.0,4.773269689737471,0.0,5.0,0-29,True,30.0,PASS
0.0,Development,NYC-nyc-10517-0-3|qp9,nyc,historical,,OUT_OF_DOMAIN_GEOMETRY,,0.762,9.0,11.811023622047244,0.0,,0-29,False,,ABSTAIN
0.0,Development,NYC-nyc-199805-0-0|qp10,nyc,historical,9.0,ADMITTED,10.0,2.073,10.0,4.82392667631452,0.0,9.0,0-29,True,29.0,PASS
0.0,Development,NYC-nyc-53282-0-0|qp10,nyc,historical,,OUT_OF_DOMAIN_GEOMETRY,,0.853,10.0,11.72332942555686,0.0,,0-29,False,,ABSTAIN
0.0,Development,NYC-nyc-17655-0-0|qp12,nyc,historical,12.0,ADMITTED,18.0,2.408,12.0,4.983388704318937,0.0,12.0,0-29,True,30.0,PASS
0.0,Development,NYC-nyc-27695-0-3|qp12,nyc,historical,12.0,ADMITTED,16.0,2.377,12.0,5.048380311316786,0.0,12.0,0-29,True,30.0,PASS
0.0,Development,NYC-nyc-214464-0-0|qp13,nyc,historical,13.0,ADMITTED,20.0,2.56,13.0,5.078125,0.0,13.0,0-29,True,30.0,PASS
0.0,Development,NYC-nyc-26803-0-0|qp14,nyc,historical,,DOMAIN,0.0,1.158,14.0,12.08981001727116,0.0,,0-29,False,,ABSTAIN
0.0,Development,NYC-nyc-49961-0-0|qp15,nyc,historical,,DOMAIN,0.0,1.28,15.0,11.71875,0.0,,0-29,False,,ABSTAIN
0.0,Development,NYC-nyc-59808-0-1|qp15,nyc,historical,,DOMAIN,20.0,3.048,15.0,4.921259842519685,0.0,,0-29,False,,ABSTAIN
0.0,Development,NYC-nyc-20131-0-2|qp16,nyc,historical,,DOMAIN,20.0,3.17,16.0,5.047318611987381,0.0,,0-29,False,,ABSTAIN
0.0,Development,NYC-nyc-42824-0-0|qp16,nyc,historical,,DOMAIN,0.0,1.311,16.0,12.204424103737605,0.0,,0-29,False,,ABSTAIN
0.0,Development,NYC-nyc-72803-0-0|qp16,nyc,historical,,DOMAIN,0.0,1.311,16.0,12.204424103737605,0.0,,0-29,False,,ABSTAIN
0.0,Development,NYC-nyc-182996-0-0|qp19,nyc,historical,,DOMAIN,3.0,1.585,19.0,11.987381703470032,0.0,,0-29,False,,ABSTAIN
0.0,Development,NYC-nyc-9648-0-0|qp19,nyc,historical,,DOMAIN,19.0,3.719,19.0,5.108900242000538,0.0,,0-29,False,,ABSTAIN
0.0,Development,NYC-nyc-110605-0-2|qp20,nyc,historical,4.0,ADMITTED,4.0,1.707,20.0,11.716461628588164,0.0,4.0,0-29,True,30.0,PASS
0.0,Development,NYC-nyc-46079-0-1|qp20,nyc,historical,3.0,ADMITTED,5.0,1.676,20.0,11.933174224343675,0.0,3.0,0-29,True,30.0,PASS
0.0,Development,NYC-nyc-199805-0-0|qp25,nyc,historical,4.0,ADMITTED,7.0,2.073,25.0,12.0598166907863,0.0,4.0,0-29,True,30.0,PASS
0.0,Development,NYC-nyc-62758-0-0|qp25,nyc,historical,,DOMAIN,18.0,5.06,25.0,4.940711462450594,0.0,,0-29,False,,ABSTAIN
0.0,Development,NYC-nyc-27695-0-3|qp28,nyc,historical,5.0,ADMITTED,10.0,2.377,28.0,11.779554059739167,0.0,5.0,0-29,True,30.0,PASS
0.0,Development,NYC-nyc-31649-0-0|qp28,nyc,historical,3.0,ADMITTED,3.0,1.859,28.0,15.061861215707369,0.0,3.0,0-29,True,29.0,PASS
0.0,Development,NYC-nyc-17655-0-0|qp29,nyc,historical,5.0,ADMITTED,11.0,2.408,29.0,12.043189368770763,0.0,5.0,0-29,True,30.0,PASS
0.0,Development,NYC-nyc-214464-0-0|qp31,nyc,historical,5.0,ADMITTED,12.0,2.56,31.0,12.109375,0.0,5.0,0-29,True,30.0,PASS
0.0,Development,NYC-nyc-98749-0-2|qp32,nyc,historical,3.0,ADMITTED,6.0,2.103,32.0,15.216357584403232,0.0,3.0,0-29,True,30.0,PASS
0.0,Development,NYC-nyc-267383-0-0|qp35,nyc,historical,4.0,ADMITTED,9.0,2.347,35.0,14.912654452492545,0.0,4.0,0-29,True,30.0,PASS
0.0,Development,NYC-nyc-59808-0-1|qp37,nyc,historical,,DOMAIN,12.0,3.048,37.0,12.139107611548557,0.0,,0-29,False,,ABSTAIN
0.0,Development,NYC-nyc-20131-0-2|qp38,nyc,historical,,DOMAIN,11.0,3.17,38.0,11.987381703470032,0.0,,0-29,False,,ABSTAIN
0.0,Development,NYC-nyc-9648-0-0|qp45,nyc,historical,,DOMAIN,11.0,3.719,45.0,12.100026888948642,0.0,,0-29,False,,ABSTAIN
0.0,Development,NYC-nyc-31649-0-0|qp46,nyc,historical,0.0,SERVICE,0.0,1.859,46.0,24.744486282947825,0.0,0.0,0-29,False,,ZERO_ADMISSION
0.0,Development,NYC-nyc-98749-0-2|qp53,nyc,historical,0.0,SERVICE,0.0,2.103,53.0,25.20209224916785,0.0,0.0,0-29,False,,ZERO_ADMISSION
0.0,Development,NYC-nyc-267383-0-0|qp59,nyc,historical,0.0,SERVICE,2.0,2.347,59.0,25.13847464848743,0.0,0.0,0-29,False,,ZERO_ADMISSION
0.0,Development,NYC-nyc-62758-0-0|qp61,nyc,historical,,DOMAIN,8.0,5.06,61.0,12.055335968379447,0.0,,0-29,False,,ABSTAIN
0.0,Development,DC-000|qp13.7,nyc,historical,,OUT_OF_DOMAIN_GEOMETRY,,0.762,13.7,17.979002624671914,0.0,,0-29,False,,ABSTAIN
0.0,Development,DC-003|qp15.4,nyc,historical,,OUT_OF_DOMAIN_GEOMETRY,,0.853,15.4,18.05392731535756,0.0,,0-29,False,,ABSTAIN
0.0,Development,DC-001|qp18.3,nyc,historical,,OUT_OF_DOMAIN_GEOMETRY,,0.762,18.3,24.015748031496063,0.0,,0-29,False,,ABSTAIN
0.0,Development,DC-004|qp20.5,nyc,historical,,OUT_OF_DOMAIN_GEOMETRY,,0.853,20.5,24.03282532239156,0.0,,0-29,False,,ABSTAIN
0.0,Development,DC-002|qp22.9,nyc,historical,,OUT_OF_DOMAIN_GEOMETRY,,0.762,22.9,30.05249343832021,0.0,,0-29,False,,ABSTAIN
0.0,Development,DC-005|qp25.6,nyc,historical,,OUT_OF_DOMAIN_GEOMETRY,,0.853,25.6,30.01172332942556,0.0,,0-29,False,,ABSTAIN
0.0,Development,DC-006|qp30.2,nyc,historical,2.0,ADMITTED,1.0,1.676,30.2,18.01909307875895,0.0,2.0,0-29,True,28.0,FAIL
0.0,Development,DC-009|qp30.7,nyc,historical,2.0,ADMITTED,2.0,1.707,30.7,17.984768599882834,0.0,2.0,0-29,True,29.0,PASS
0.0,Development,DC-007|qp40.2,nyc,historical,0.0,SERVICE,0.0,1.676,40.2,23.98568019093079,0.0,0.0,0-29,False,,ZERO_ADMISSION
0.0,Development,DC-010|qp41.0,nyc,historical,0.0,SERVICE,0.0,1.707,41.0,24.01874633860574,0.0,0.0,0-29,False,,ZERO_ADMISSION
0.0,Development,DC-012|qp43.3,nyc,historical,3.0,ADMITTED,7.0,2.408,43.3,17.98172757475083,0.0,3.0,0-29,True,30.0,PASS
0.0,Development,DC-008|qp50.3,nyc,historical,0.0,SERVICE,0.0,1.676,50.3,30.011933174224342,0.0,0.0,0-29,False,,ZERO_ADMISSION
0.0,Development,DC-011|qp51.2,nyc,historical,0.0,SERVICE,0.0,1.707,51.2,29.994141769185703,0.0,0.0,0-29,False,,ZERO_ADMISSION
0.0,Development,DC-013|qp57.8,nyc,historical,0.0,SERVICE,2.0,2.408,57.8,24.00332225913621,0.0,0.0,0-29,False,,ZERO_ADMISSION
0.0,Development,DC-015|qp66.9,nyc,historical,,DOMAIN,6.0,3.719,66.9,17.988706641570317,0.0,,0-29,False,,ABSTAIN
0.0,Development,DC-014|qp72.2,nyc,historical,,DOMAIN,0.0,2.408,72.2,29.98338870431894,0.0,,0-29,False,,ABSTAIN
0.0,Development,DC-016|qp89.3,nyc,historical,,DOMAIN,3.0,3.719,89.3,24.011831137402528,0.0,,0-29,False,,ABSTAIN
0.0,Development,DC-017|qp111.6,nyc,historical,,DOMAIN,0.0,3.719,111.6,30.00806668459263,0.0,,0-29,False,,ABSTAIN
0.5,Development,NYC-nyc-10517-0-3|qp4,nyc,historical,,OUT_OF_DOMAIN_GEOMETRY,,0.762,4.0,5.2493438320209975,1.74562875667965,,0-29,False,,ABSTAIN
0.5,Development,NYC-nyc-53282-0-0|qp4,nyc,historical,,OUT_OF_DOMAIN_GEOMETRY,,0.853,4.0,4.689331770222744,1.74562875667965,,0-29,False,,ABSTAIN
0.5,Development,NYC-nyc-26803-0-0|qp6,nyc,historical,,DOMAIN,0.0,1.158,6.0,5.181347150259068,1.74562875667965,,0-29,False,,ABSTAIN
0.5,Development,NYC-nyc-49961-0-0|qp6,nyc,historical,,DOMAIN,0.0,1.28,6.0,4.6875,1.74562875667965,,0-29,False,,ABSTAIN
0.5,Development,NYC-nyc-42824-0-0|qp7,nyc,historical,,DOMAIN,0.0,1.311,7.0,5.339435545385203,1.74562875667965,,0-29,False,,ABSTAIN
0.5,Development,NYC-nyc-72803-0-0|qp7,nyc,historical,,DOMAIN,0.0,1.311,7.0,5.339435545385203,1.74562875667965,,0-29,False,,ABSTAIN
0.5,Development,NYC-nyc-110605-0-2|qp8,nyc,historical,6.0,ADMITTED,7.0,1.707,8.0,4.6865846514352665,1.74562875667965,6.0,0-29,True,30.0,PASS
0.5,Development,NYC-nyc-182996-0-0|qp8,nyc,historical,,DOMAIN,5.0,1.585,8.0,5.047318611987381,1.74562875667965,,0-29,False,,ABSTAIN
0.5,Development,NYC-nyc-46079-0-1|qp8,nyc,historical,5.0,ADMITTED,6.0,1.676,8.0,4.773269689737471,1.74562875667965,5.0,0-29,True,30.0,PASS
0.5,Development,NYC-nyc-10517-0-3|qp9,nyc,historical,,OUT_OF_DOMAIN_GEOMETRY,,0.762,9.0,11.811023622047244,1.74562875667965,,0-29,False,,ABSTAIN
0.5,Development,NYC-nyc-199805-0-0|qp10,nyc,historical,9.0,ADMITTED,10.0,2.073,10.0,4.82392667631452,1.74562875667965,9.0,0-29,True,29.0,PASS
0.5,Development,NYC-nyc-53282-0-0|qp10,nyc,historical,,OUT_OF_DOMAIN_GEOMETRY,,0.853,10.0,11.72332942555686,1.74562875667965,,0-29,False,,ABSTAIN
0.5,Development,NYC-nyc-17655-0-0|qp12,nyc,historical,11.0,ADMITTED,18.0,2.408,12.0,4.983388704318937,1.74562875667965,11.0,0-29,True,30.0,PASS
0.5,Development,NYC-nyc-27695-0-3|qp12,nyc,historical,10.0,ADMITTED,16.0,2.377,12.0,5.048380311316786,1.74562875667965,10.0,0-29,True,30.0,PASS
0.5,Development,NYC-nyc-214464-0-0|qp13,nyc,historical,11.0,ADMITTED,20.0,2.56,13.0,5.078125,1.74562875667965,11.0,0-29,True,30.0,PASS
0.5,Development,NYC-nyc-26803-0-0|qp14,nyc,historical,,DOMAIN,0.0,1.158,14.0,12.08981001727116,1.74562875667965,,0-29,False,,ABSTAIN
0.5,Development,NYC-nyc-49961-0-0|qp15,nyc,historical,,DOMAIN,0.0,1.28,15.0,11.71875,1.74562875667965,,0-29,False,,ABSTAIN
0.5,Development,NYC-nyc-59808-0-1|qp15,nyc,historical,,DOMAIN,20.0,3.048,15.0,4.921259842519685,1.74562875667965,,0-29,False,,ABSTAIN
0.5,Development,NYC-nyc-20131-0-2|qp16,nyc,historical,,DOMAIN,20.0,3.17,16.0,5.047318611987381,1.74562875667965,,0-29,False,,ABSTAIN
0.5,Development,NYC-nyc-42824-0-0|qp16,nyc,historical,,DOMAIN,0.0,1.311,16.0,12.204424103737605,1.74562875667965,,0-29,False,,ABSTAIN
0.5,Development,NYC-nyc-72803-0-0|qp16,nyc,historical,,DOMAIN,0.0,1.311,16.0,12.204424103737605,1.74562875667965,,0-29,False,,ABSTAIN
0.5,Development,NYC-nyc-182996-0-0|qp19,nyc,historical,,DOMAIN,3.0,1.585,19.0,11.987381703470032,1.74562875667965,,0-29,False,,ABSTAIN
0.5,Development,NYC-nyc-9648-0-0|qp19,nyc,historical,,DOMAIN,19.0,3.719,19.0,5.108900242000538,1.74562875667965,,0-29,False,,ABSTAIN
0.5,Development,NYC-nyc-110605-0-2|qp20,nyc,historical,2.0,ADMITTED,4.0,1.707,20.0,11.716461628588164,1.74562875667965,2.0,0-29,True,30.0,PASS
0.5,Development,NYC-nyc-46079-0-1|qp20,nyc,historical,2.0,ADMITTED,5.0,1.676,20.0,11.933174224343675,1.74562875667965,2.0,0-29,True,30.0,PASS
0.5,Development,NYC-nyc-199805-0-0|qp25,nyc,historical,3.0,ADMITTED,7.0,2.073,25.0,12.0598166907863,1.74562875667965,3.0,0-29,True,30.0,PASS
0.5,Development,NYC-nyc-62758-0-0|qp25,nyc,historical,,DOMAIN,18.0,5.06,25.0,4.940711462450594,1.74562875667965,,0-29,False,,ABSTAIN
0.5,Development,NYC-nyc-27695-0-3|qp28,nyc,historical,3.0,ADMITTED,10.0,2.377,28.0,11.779554059739167,1.74562875667965,3.0,0-29,True,30.0,PASS
0.5,Development,NYC-nyc-31649-0-0|qp28,nyc,historical,1.0,ADMITTED,3.0,1.859,28.0,15.061861215707369,1.74562875667965,1.0,0-29,True,30.0,PASS
0.5,Development,NYC-nyc-17655-0-0|qp29,nyc,historical,3.0,ADMITTED,11.0,2.408,29.0,12.043189368770763,1.74562875667965,3.0,0-29,True,30.0,PASS
0.5,Development,NYC-nyc-214464-0-0|qp31,nyc,historical,4.0,ADMITTED,12.0,2.56,31.0,12.109375,1.74562875667965,4.0,0-29,True,30.0,PASS
0.5,Development,NYC-nyc-98749-0-2|qp32,nyc,historical,2.0,ADMITTED,6.0,2.103,32.0,15.216357584403232,1.74562875667965,2.0,0-29,True,30.0,PASS
0.5,Development,NYC-nyc-267383-0-0|qp35,nyc,historical,2.0,ADMITTED,9.0,2.347,35.0,14.912654452492545,1.74562875667965,2.0,0-29,True,30.0,PASS
0.5,Development,NYC-nyc-59808-0-1|qp37,nyc,historical,,DOMAIN,12.0,3.048,37.0,12.139107611548557,1.74562875667965,,0-29,False,,ABSTAIN
0.5,Development,NYC-nyc-20131-0-2|qp38,nyc,historical,,DOMAIN,11.0,3.17,38.0,11.987381703470032,1.74562875667965,,0-29,False,,ABSTAIN
0.5,Development,NYC-nyc-9648-0-0|qp45,nyc,historical,,DOMAIN,11.0,3.719,45.0,12.100026888948642,1.74562875667965,,0-29,False,,ABSTAIN
0.5,Development,NYC-nyc-31649-0-0|qp46,nyc,historical,0.0,SERVICE,0.0,1.859,46.0,24.744486282947825,1.74562875667965,0.0,0-29,False,,ZERO_ADMISSION
0.5,Development,NYC-nyc-98749-0-2|qp53,nyc,historical,0.0,SERVICE,0.0,2.103,53.0,25.20209224916785,1.74562875667965,0.0,0-29,False,,ZERO_ADMISSION
0.5,Development,NYC-nyc-267383-0-0|qp59,nyc,historical,0.0,SERVICE,2.0,2.347,59.0,25.13847464848743,1.74562875667965,0.0,0-29,False,,ZERO_ADMISSION
0.5,Development,NYC-nyc-62758-0-0|qp61,nyc,historical,,DOMAIN,8.0,5.06,61.0,12.055335968379447,1.74562875667965,,0-29,False,,ABSTAIN
0.5,Development,DC-000|qp13.7,nyc,historical,,OUT_OF_DOMAIN_GEOMETRY,,0.762,13.7,17.979002624671914,1.74562875667965,,0-29,False,,ABSTAIN
0.5,Development,DC-003|qp15.4,nyc,historical,,OUT_OF_DOMAIN_GEOMETRY,,0.853,15.4,18.05392731535756,1.74562875667965,,0-29,False,,ABSTAIN
0.5,Development,DC-001|qp18.3,nyc,historical,,OUT_OF_DOMAIN_GEOMETRY,,0.762,18.3,24.015748031496063,1.74562875667965,,0-29,False,,ABSTAIN
0.5,Development,DC-004|qp20.5,nyc,historical,,OUT_OF_DOMAIN_GEOMETRY,,0.853,20.5,24.03282532239156,1.74562875667965,,0-29,False,,ABSTAIN
0.5,Development,DC-002|qp22.9,nyc,historical,,OUT_OF_DOMAIN_GEOMETRY,,0.762,22.9,30.05249343832021,1.74562875667965,,0-29,False,,ABSTAIN
0.5,Development,DC-005|qp25.6,nyc,historical,,OUT_OF_DOMAIN_GEOMETRY,,0.853,25.6,30.01172332942556,1.74562875667965,,0-29,False,,ABSTAIN
0.5,Development,DC-006|qp30.2,nyc,historical,0.0,MARGIN_FLOOR,1.0,1.676,30.2,18.01909307875895,1.74562875667965,0.0,0-29,True,30.0,ZERO_ADMISSION
0.5,Development,DC-009|qp30.7,nyc,historical,0.0,MARGIN_FLOOR,2.0,1.707,30.7,17.984768599882834,1.74562875667965,0.0,0-29,True,30.0,ZERO_ADMISSION
0.5,Development,DC-007|qp40.2,nyc,historical,0.0,SERVICE,0.0,1.676,40.2,23.98568019093079,1.74562875667965,0.0,0-29,False,,ZERO_ADMISSION
0.5,Development,DC-010|qp41.0,nyc,historical,0.0,SERVICE,0.0,1.707,41.0,24.01874633860574,1.74562875667965,0.0,0-29,False,,ZERO_ADMISSION
0.5,Development,DC-012|qp43.3,nyc,historical,2.0,ADMITTED,7.0,2.408,43.3,17.98172757475083,1.74562875667965,2.0,0-29,True,30.0,PASS
0.5,Development,DC-008|qp50.3,nyc,historical,0.0,SERVICE,0.0,1.676,50.3,30.011933174224342,1.74562875667965,0.0,0-29,False,,ZERO_ADMISSION
0.5,Development,DC-011|qp51.2,nyc,historical,0.0,SERVICE,0.0,1.707,51.2,29.994141769185703,1.74562875667965,0.0,0-29,False,,ZERO_ADMISSION
0.5,Development,DC-013|qp57.8,nyc,historical,0.0,SERVICE,2.0,2.408,57.8,24.00332225913621,1.74562875667965,0.0,0-29,False,,ZERO_ADMISSION
0.5,Development,DC-015|qp66.9,nyc,historical,,DOMAIN,6.0,3.719,66.9,17.988706641570317,1.74562875667965,,0-29,False,,ABSTAIN
0.5,Development,DC-014|qp72.2,nyc,historical,,DOMAIN,0.0,2.408,72.2,29.98338870431894,1.74562875667965,,0-29,False,,ABSTAIN
0.5,Development,DC-016|qp89.3,nyc,historical,,DOMAIN,3.0,3.719,89.3,24.011831137402528,1.74562875667965,,0-29,False,,ABSTAIN
0.5,Development,DC-017|qp111.6,nyc,historical,,DOMAIN,0.0,3.719,111.6,30.00806668459263,1.74562875667965,,0-29,False,,ABSTAIN
0.65,Development,NYC-nyc-10517-0-3|qp4,nyc,historical,,OUT_OF_DOMAIN_GEOMETRY,,0.762,4.0,5.2493438320209975,2.3911302537685857,,0-29,False,,ABSTAIN
0.65,Development,NYC-nyc-53282-0-0|qp4,nyc,historical,,OUT_OF_DOMAIN_GEOMETRY,,0.853,4.0,4.689331770222744,2.3911302537685857,,0-29,False,,ABSTAIN
0.65,Development,NYC-nyc-26803-0-0|qp6,nyc,historical,,DOMAIN,0.0,1.158,6.0,5.181347150259068,2.3911302537685857,,0-29,False,,ABSTAIN
0.65,Development,NYC-nyc-49961-0-0|qp6,nyc,historical,,DOMAIN,0.0,1.28,6.0,4.6875,2.3911302537685857,,0-29,False,,ABSTAIN
0.65,Development,NYC-nyc-42824-0-0|qp7,nyc,historical,,DOMAIN,0.0,1.311,7.0,5.339435545385203,2.3911302537685857,,0-29,False,,ABSTAIN
0.65,Development,NYC-nyc-72803-0-0|qp7,nyc,historical,,DOMAIN,0.0,1.311,7.0,5.339435545385203,2.3911302537685857,,0-29,False,,ABSTAIN
0.65,Development,NYC-nyc-110605-0-2|qp8,nyc,historical,6.0,ADMITTED,7.0,1.707,8.0,4.6865846514352665,2.3911302537685857,6.0,0-29,True,30.0,PASS
0.65,Development,NYC-nyc-182996-0-0|qp8,nyc,historical,,DOMAIN,5.0,1.585,8.0,5.047318611987381,2.3911302537685857,,0-29,False,,ABSTAIN
0.65,Development,NYC-nyc-46079-0-1|qp8,nyc,historical,5.0,ADMITTED,6.0,1.676,8.0,4.773269689737471,2.3911302537685857,5.0,0-29,True,30.0,PASS
0.65,Development,NYC-nyc-10517-0-3|qp9,nyc,historical,,OUT_OF_DOMAIN_GEOMETRY,,0.762,9.0,11.811023622047244,2.3911302537685857,,0-29,False,,ABSTAIN
0.65,Development,NYC-nyc-199805-0-0|qp10,nyc,historical,9.0,ADMITTED,10.0,2.073,10.0,4.82392667631452,2.3911302537685857,9.0,0-29,True,29.0,PASS
0.65,Development,NYC-nyc-53282-0-0|qp10,nyc,historical,,OUT_OF_DOMAIN_GEOMETRY,,0.853,10.0,11.72332942555686,2.3911302537685857,,0-29,False,,ABSTAIN
0.65,Development,NYC-nyc-17655-0-0|qp12,nyc,historical,10.0,ADMITTED,18.0,2.408,12.0,4.983388704318937,2.3911302537685857,10.0,0-29,True,30.0,PASS
0.65,Development,NYC-nyc-27695-0-3|qp12,nyc,historical,10.0,ADMITTED,16.0,2.377,12.0,5.048380311316786,2.3911302537685857,10.0,0-29,True,30.0,PASS
0.65,Development,NYC-nyc-214464-0-0|qp13,nyc,historical,11.0,ADMITTED,20.0,2.56,13.0,5.078125,2.3911302537685857,11.0,0-29,True,30.0,PASS
0.65,Development,NYC-nyc-26803-0-0|qp14,nyc,historical,,DOMAIN,0.0,1.158,14.0,12.08981001727116,2.3911302537685857,,0-29,False,,ABSTAIN
0.65,Development,NYC-nyc-49961-0-0|qp15,nyc,historical,,DOMAIN,0.0,1.28,15.0,11.71875,2.3911302537685857,,0-29,False,,ABSTAIN
0.65,Development,NYC-nyc-59808-0-1|qp15,nyc,historical,,DOMAIN,20.0,3.048,15.0,4.921259842519685,2.3911302537685857,,0-29,False,,ABSTAIN
0.65,Development,NYC-nyc-20131-0-2|qp16,nyc,historical,,DOMAIN,20.0,3.17,16.0,5.047318611987381,2.3911302537685857,,0-29,False,,ABSTAIN
0.65,Development,NYC-nyc-42824-0-0|qp16,nyc,historical,,DOMAIN,0.0,1.311,16.0,12.204424103737605,2.3911302537685857,,0-29,False,,ABSTAIN
0.65,Development,NYC-nyc-72803-0-0|qp16,nyc,historical,,DOMAIN,0.0,1.311,16.0,12.204424103737605,2.3911302537685857,,0-29,False,,ABSTAIN
0.65,Development,NYC-nyc-182996-0-0|qp19,nyc,historical,,DOMAIN,3.0,1.585,19.0,11.987381703470032,2.3911302537685857,,0-29,False,,ABSTAIN
0.65,Development,NYC-nyc-9648-0-0|qp19,nyc,historical,,DOMAIN,19.0,3.719,19.0,5.108900242000538,2.3911302537685857,,0-29,False,,ABSTAIN
0.65,Development,NYC-nyc-110605-0-2|qp20,nyc,historical,1.0,ADMITTED,4.0,1.707,20.0,11.716461628588164,2.3911302537685857,1.0,0-29,True,30.0,PASS
0.65,Development,NYC-nyc-46079-0-1|qp20,nyc,historical,1.0,ADMITTED,5.0,1.676,20.0,11.933174224343675,2.3911302537685857,1.0,0-29,True,30.0,PASS
0.65,Development,NYC-nyc-199805-0-0|qp25,nyc,historical,2.0,ADMITTED,7.0,2.073,25.0,12.0598166907863,2.3911302537685857,2.0,0-29,True,30.0,PASS
0.65,Development,NYC-nyc-62758-0-0|qp25,nyc,historical,,DOMAIN,18.0,5.06,25.0,4.940711462450594,2.3911302537685857,,0-29,False,,ABSTAIN
0.65,Development,NYC-nyc-27695-0-3|qp28,nyc,historical,3.0,ADMITTED,10.0,2.377,28.0,11.779554059739167,2.3911302537685857,3.0,0-29,True,30.0,PASS
0.65,Development,NYC-nyc-31649-0-0|qp28,nyc,historical,1.0,ADMITTED,3.0,1.859,28.0,15.061861215707369,2.3911302537685857,1.0,0-29,True,30.0,PASS
0.65,Development,NYC-nyc-17655-0-0|qp29,nyc,historical,3.0,ADMITTED,11.0,2.408,29.0,12.043189368770763,2.3911302537685857,3.0,0-29,True,30.0,PASS
0.65,Development,NYC-nyc-214464-0-0|qp31,nyc,historical,3.0,ADMITTED,12.0,2.56,31.0,12.109375,2.3911302537685857,3.0,0-29,True,30.0,PASS
0.65,Development,NYC-nyc-98749-0-2|qp32,nyc,historical,1.0,ADMITTED,6.0,2.103,32.0,15.216357584403232,2.3911302537685857,1.0,0-29,True,30.0,PASS
0.65,Development,NYC-nyc-267383-0-0|qp35,nyc,historical,2.0,ADMITTED,9.0,2.347,35.0,14.912654452492545,2.3911302537685857,2.0,0-29,True,30.0,PASS
0.65,Development,NYC-nyc-59808-0-1|qp37,nyc,historical,,DOMAIN,12.0,3.048,37.0,12.139107611548557,2.3911302537685857,,0-29,False,,ABSTAIN
0.65,Development,NYC-nyc-20131-0-2|qp38,nyc,historical,,DOMAIN,11.0,3.17,38.0,11.987381703470032,2.3911302537685857,,0-29,False,,ABSTAIN
0.65,Development,NYC-nyc-9648-0-0|qp45,nyc,historical,,DOMAIN,11.0,3.719,45.0,12.100026888948642,2.3911302537685857,,0-29,False,,ABSTAIN
0.65,Development,NYC-nyc-31649-0-0|qp46,nyc,historical,0.0,SERVICE,0.0,1.859,46.0,24.744486282947825,2.3911302537685857,0.0,0-29,False,,ZERO_ADMISSION
0.65,Development,NYC-nyc-98749-0-2|qp53,nyc,historical,0.0,SERVICE,0.0,2.103,53.0,25.20209224916785,2.3911302537685857,0.0,0-29,False,,ZERO_ADMISSION
0.65,Development,NYC-nyc-267383-0-0|qp59,nyc,historical,0.0,SERVICE,2.0,2.347,59.0,25.13847464848743,2.3911302537685857,0.0,0-29,False,,ZERO_ADMISSION
0.65,Development,NYC-nyc-62758-0-0|qp61,nyc,historical,,DOMAIN,8.0,5.06,61.0,12.055335968379447,2.3911302537685857,,0-29,False,,ABSTAIN
0.65,Development,DC-000|qp13.7,nyc,historical,,OUT_OF_DOMAIN_GEOMETRY,,0.762,13.7,17.979002624671914,2.3911302537685857,,0-29,False,,ABSTAIN
0.65,Development,DC-003|qp15.4,nyc,historical,,OUT_OF_DOMAIN_GEOMETRY,,0.853,15.4,18.05392731535756,2.3911302537685857,,0-29,False,,ABSTAIN
0.65,Development,DC-001|qp18.3,nyc,historical,,OUT_OF_DOMAIN_GEOMETRY,,0.762,18.3,24.015748031496063,2.3911302537685857,,0-29,False,,ABSTAIN
0.65,Development,DC-004|qp20.5,nyc,historical,,OUT_OF_DOMAIN_GEOMETRY,,0.853,20.5,24.03282532239156,2.3911302537685857,,0-29,False,,ABSTAIN
0.65,Development,DC-002|qp22.9,nyc,historical,,OUT_OF_DOMAIN_GEOMETRY,,0.762,22.9,30.05249343832021,2.3911302537685857,,0-29,False,,ABSTAIN
0.65,Development,DC-005|qp25.6,nyc,historical,,OUT_OF_DOMAIN_GEOMETRY,,0.853,25.6,30.01172332942556,2.3911302537685857,,0-29,False,,ABSTAIN
0.65,Development,DC-006|qp30.2,nyc,historical,0.0,MARGIN_FLOOR,1.0,1.676,30.2,18.01909307875895,2.3911302537685857,0.0,0-29,True,30.0,ZERO_ADMISSION
0.65,Development,DC-009|qp30.7,nyc,historical,0.0,MARGIN_FLOOR,2.0,1.707,30.7,17.984768599882834,2.3911302537685857,0.0,0-29,True,30.0,ZERO_ADMISSION
0.65,Development,DC-007|qp40.2,nyc,historical,0.0,SERVICE,0.0,1.676,40.2,23.98568019093079,2.3911302537685857,0.0,0-29,False,,ZERO_ADMISSION
0.65,Development,DC-010|qp41.0,nyc,historical,0.0,SERVICE,0.0,1.707,41.0,24.01874633860574,2.3911302537685857,0.0,0-29,False,,ZERO_ADMISSION
0.65,Development,DC-012|qp43.3,nyc,historical,1.0,ADMITTED,7.0,2.408,43.3,17.98172757475083,2.3911302537685857,1.0,0-29,True,30.0,PASS
0.65,Development,DC-008|qp50.3,nyc,historical,0.0,SERVICE,0.0,1.676,50.3,30.011933174224342,2.3911302537685857,0.0,0-29,False,,ZERO_ADMISSION
0.65,Development,DC-011|qp51.2,nyc,historical,0.0,SERVICE,0.0,1.707,51.2,29.994141769185703,2.3911302537685857,0.0,0-29,False,,ZERO_ADMISSION
0.65,Development,DC-013|qp57.8,nyc,historical,0.0,SERVICE,2.0,2.408,57.8,24.00332225913621,2.3911302537685857,0.0,0-29,False,,ZERO_ADMISSION
0.65,Development,DC-015|qp66.9,nyc,historical,,DOMAIN,6.0,3.719,66.9,17.988706641570317,2.3911302537685857,,0-29,False,,ABSTAIN
0.65,Development,DC-014|qp72.2,nyc,historical,,DOMAIN,0.0,2.408,72.2,29.98338870431894,2.3911302537685857,,0-29,False,,ABSTAIN
0.65,Development,DC-016|qp89.3,nyc,historical,,DOMAIN,3.0,3.719,89.3,24.011831137402528,2.3911302537685857,,0-29,False,,ABSTAIN
0.65,Development,DC-017|qp111.6,nyc,historical,,DOMAIN,0.0,3.719,111.6,30.00806668459263,2.3911302537685857,,0-29,False,,ABSTAIN
0.8,Development,NYC-nyc-10517-0-3|qp4,nyc,historical,,OUT_OF_DOMAIN_GEOMETRY,,0.762,4.0,5.2493438320209975,3.44163310301511,,0-29,False,,ABSTAIN
0.8,Development,NYC-nyc-53282-0-0|qp4,nyc,historical,,OUT_OF_DOMAIN_GEOMETRY,,0.853,4.0,4.689331770222744,3.44163310301511,,0-29,False,,ABSTAIN
0.8,Development,NYC-nyc-26803-0-0|qp6,nyc,historical,,DOMAIN,0.0,1.158,6.0,5.181347150259068,3.44163310301511,,0-29,False,,ABSTAIN
0.8,Development,NYC-nyc-49961-0-0|qp6,nyc,historical,,DOMAIN,0.0,1.28,6.0,4.6875,3.44163310301511,,0-29,False,,ABSTAIN
0.8,Development,NYC-nyc-42824-0-0|qp7,nyc,historical,,DOMAIN,0.0,1.311,7.0,5.339435545385203,3.44163310301511,,0-29,False,,ABSTAIN
0.8,Development,NYC-nyc-72803-0-0|qp7,nyc,historical,,DOMAIN,0.0,1.311,7.0,5.339435545385203,3.44163310301511,,0-29,False,,ABSTAIN
0.8,Development,NYC-nyc-110605-0-2|qp8,nyc,historical,6.0,ADMITTED,7.0,1.707,8.0,4.6865846514352665,3.44163310301511,6.0,0-29,True,30.0,PASS
0.8,Development,NYC-nyc-182996-0-0|qp8,nyc,historical,,DOMAIN,5.0,1.585,8.0,5.047318611987381,3.44163310301511,,0-29,False,,ABSTAIN
0.8,Development,NYC-nyc-46079-0-1|qp8,nyc,historical,5.0,ADMITTED,6.0,1.676,8.0,4.773269689737471,3.44163310301511,5.0,0-29,True,30.0,PASS
0.8,Development,NYC-nyc-10517-0-3|qp9,nyc,historical,,OUT_OF_DOMAIN_GEOMETRY,,0.762,9.0,11.811023622047244,3.44163310301511,,0-29,False,,ABSTAIN
0.8,Development,NYC-nyc-199805-0-0|qp10,nyc,historical,8.0,ADMITTED,10.0,2.073,10.0,4.82392667631452,3.44163310301511,8.0,0-29,True,30.0,PASS
0.8,Development,NYC-nyc-53282-0-0|qp10,nyc,historical,,OUT_OF_DOMAIN_GEOMETRY,,0.853,10.0,11.72332942555686,3.44163310301511,,0-29,False,,ABSTAIN
0.8,Development,NYC-nyc-17655-0-0|qp12,nyc,historical,9.0,ADMITTED,18.0,2.408,12.0,4.983388704318937,3.44163310301511,9.0,0-29,True,30.0,PASS
0.8,Development,NYC-nyc-27695-0-3|qp12,nyc,historical,9.0,ADMITTED,16.0,2.377,12.0,5.048380311316786,3.44163310301511,9.0,0-29,True,30.0,PASS
0.8,Development,NYC-nyc-214464-0-0|qp13,nyc,historical,10.0,ADMITTED,20.0,2.56,13.0,5.078125,3.44163310301511,10.0,0-29,True,30.0,PASS
0.8,Development,NYC-nyc-26803-0-0|qp14,nyc,historical,,DOMAIN,0.0,1.158,14.0,12.08981001727116,3.44163310301511,,0-29,False,,ABSTAIN
0.8,Development,NYC-nyc-49961-0-0|qp15,nyc,historical,,DOMAIN,0.0,1.28,15.0,11.71875,3.44163310301511,,0-29,False,,ABSTAIN
0.8,Development,NYC-nyc-59808-0-1|qp15,nyc,historical,,DOMAIN,20.0,3.048,15.0,4.921259842519685,3.44163310301511,,0-29,False,,ABSTAIN
0.8,Development,NYC-nyc-20131-0-2|qp16,nyc,historical,,DOMAIN,20.0,3.17,16.0,5.047318611987381,3.44163310301511,,0-29,False,,ABSTAIN
0.8,Development,NYC-nyc-42824-0-0|qp16,nyc,historical,,DOMAIN,0.0,1.311,16.0,12.204424103737605,3.44163310301511,,0-29,False,,ABSTAIN
0.8,Development,NYC-nyc-72803-0-0|qp16,nyc,historical,,DOMAIN,0.0,1.311,16.0,12.204424103737605,3.44163310301511,,0-29,False,,ABSTAIN
0.8,Development,NYC-nyc-182996-0-0|qp19,nyc,historical,,DOMAIN,3.0,1.585,19.0,11.987381703470032,3.44163310301511,,0-29,False,,ABSTAIN
0.8,Development,NYC-nyc-9648-0-0|qp19,nyc,historical,,DOMAIN,19.0,3.719,19.0,5.108900242000538,3.44163310301511,,0-29,False,,ABSTAIN
0.8,Development,NYC-nyc-110605-0-2|qp20,nyc,historical,0.0,MARGIN_FLOOR,4.0,1.707,20.0,11.716461628588164,3.44163310301511,0.0,0-29,True,30.0,ZERO_ADMISSION
0.8,Development,NYC-nyc-46079-0-1|qp20,nyc,historical,0.0,MARGIN_FLOOR,5.0,1.676,20.0,11.933174224343675,3.44163310301511,0.0,0-29,True,30.0,ZERO_ADMISSION
0.8,Development,NYC-nyc-199805-0-0|qp25,nyc,historical,1.0,ADMITTED,7.0,2.073,25.0,12.0598166907863,3.44163310301511,1.0,0-29,True,30.0,PASS
0.8,Development,NYC-nyc-62758-0-0|qp25,nyc,historical,,DOMAIN,18.0,5.06,25.0,4.940711462450594,3.44163310301511,,0-29,False,,ABSTAIN
0.8,Development,NYC-nyc-27695-0-3|qp28,nyc,historical,2.0,ADMITTED,10.0,2.377,28.0,11.779554059739167,3.44163310301511,2.0,0-29,True,30.0,PASS
0.8,Development,NYC-nyc-31649-0-0|qp28,nyc,historical,0.0,MARGIN_FLOOR,3.0,1.859,28.0,15.061861215707369,3.44163310301511,0.0,0-29,True,30.0,ZERO_ADMISSION
0.8,Development,NYC-nyc-17655-0-0|qp29,nyc,historical,2.0,ADMITTED,11.0,2.408,29.0,12.043189368770763,3.44163310301511,2.0,0-29,True,30.0,PASS
0.8,Development,NYC-nyc-214464-0-0|qp31,nyc,historical,2.0,ADMITTED,12.0,2.56,31.0,12.109375,3.44163310301511,2.0,0-29,True,30.0,PASS
0.8,Development,NYC-nyc-98749-0-2|qp32,nyc,historical,0.0,MARGIN_FLOOR,6.0,2.103,32.0,15.216357584403232,3.44163310301511,0.0,0-29,True,30.0,ZERO_ADMISSION
0.8,Development,NYC-nyc-267383-0-0|qp35,nyc,historical,1.0,ADMITTED,9.0,2.347,35.0,14.912654452492545,3.44163310301511,1.0,0-29,True,30.0,PASS
0.8,Development,NYC-nyc-59808-0-1|qp37,nyc,historical,,DOMAIN,12.0,3.048,37.0,12.139107611548557,3.44163310301511,,0-29,False,,ABSTAIN
0.8,Development,NYC-nyc-20131-0-2|qp38,nyc,historical,,DOMAIN,11.0,3.17,38.0,11.987381703470032,3.44163310301511,,0-29,False,,ABSTAIN
0.8,Development,NYC-nyc-9648-0-0|qp45,nyc,historical,,DOMAIN,11.0,3.719,45.0,12.100026888948642,3.44163310301511,,0-29,False,,ABSTAIN
0.8,Development,NYC-nyc-31649-0-0|qp46,nyc,historical,0.0,SERVICE,0.0,1.859,46.0,24.744486282947825,3.44163310301511,0.0,0-29,False,,ZERO_ADMISSION
0.8,Development,NYC-nyc-98749-0-2|qp53,nyc,historical,0.0,SERVICE,0.0,2.103,53.0,25.20209224916785,3.44163310301511,0.0,0-29,False,,ZERO_ADMISSION
0.8,Development,NYC-nyc-267383-0-0|qp59,nyc,historical,0.0,SERVICE,2.0,2.347,59.0,25.13847464848743,3.44163310301511,0.0,0-29,False,,ZERO_ADMISSION
0.8,Development,NYC-nyc-62758-0-0|qp61,nyc,historical,,DOMAIN,8.0,5.06,61.0,12.055335968379447,3.44163310301511,,0-29,False,,ABSTAIN
0.8,Development,DC-000|qp13.7,nyc,historical,,OUT_OF_DOMAIN_GEOMETRY,,0.762,13.7,17.979002624671914,3.44163310301511,,0-29,False,,ABSTAIN
0.8,Development,DC-003|qp15.4,nyc,historical,,OUT_OF_DOMAIN_GEOMETRY,,0.853,15.4,18.05392731535756,3.44163310301511,,0-29,False,,ABSTAIN
0.8,Development,DC-001|qp18.3,nyc,historical,,OUT_OF_DOMAIN_GEOMETRY,,0.762,18.3,24.015748031496063,3.44163310301511,,0-29,False,,ABSTAIN
0.8,Development,DC-004|qp20.5,nyc,historical,,OUT_OF_DOMAIN_GEOMETRY,,0.853,20.5,24.03282532239156,3.44163310301511,,0-29,False,,ABSTAIN
0.8,Development,DC-002|qp22.9,nyc,historical,,OUT_OF_DOMAIN_GEOMETRY,,0.762,22.9,30.05249343832021,3.44163310301511,,0-29,False,,ABSTAIN
0.8,Development,DC-005|qp25.6,nyc,historical,,OUT_OF_DOMAIN_GEOMETRY,,0.853,25.6,30.01172332942556,3.44163310301511,,0-29,False,,ABSTAIN
0.8,Development,DC-006|qp30.2,nyc,historical,0.0,MARGIN_FLOOR,1.0,1.676,30.2,18.01909307875895,3.44163310301511,0.0,0-29,True,30.0,ZERO_ADMISSION
0.8,Development,DC-009|qp30.7,nyc,historical,0.0,MARGIN_FLOOR,2.0,1.707,30.7,17.984768599882834,3.44163310301511,0.0,0-29,True,30.0,ZERO_ADMISSION
0.8,Development,DC-007|qp40.2,nyc,historical,0.0,SERVICE,0.0,1.676,40.2,23.98568019093079,3.44163310301511,0.0,0-29,False,,ZERO_ADMISSION
0.8,Development,DC-010|qp41.0,nyc,historical,0.0,SERVICE,0.0,1.707,41.0,24.01874633860574,3.44163310301511,0.0,0-29,False,,ZERO_ADMISSION
0.8,Development,DC-012|qp43.3,nyc,historical,0.0,MARGIN_FLOOR,7.0,2.408,43.3,17.98172757475083,3.44163310301511,0.0,0-29,True,30.0,ZERO_ADMISSION
0.8,Development,DC-008|qp50.3,nyc,historical,0.0,SERVICE,0.0,1.676,50.3,30.011933174224342,3.44163310301511,0.0,0-29,False,,ZERO_ADMISSION
0.8,Development,DC-011|qp51.2,nyc,historical,0.0,SERVICE,0.0,1.707,51.2,29.994141769185703,3.44163310301511,0.0,0-29,False,,ZERO_ADMISSION
0.8,Development,DC-013|qp57.8,nyc,historical,0.0,SERVICE,2.0,2.408,57.8,24.00332225913621,3.44163310301511,0.0,0-29,False,,ZERO_ADMISSION
0.8,Development,DC-015|qp66.9,nyc,historical,,DOMAIN,6.0,3.719,66.9,17.988706641570317,3.44163310301511,,0-29,False,,ABSTAIN
0.8,Development,DC-014|qp72.2,nyc,historical,,DOMAIN,0.0,2.408,72.2,29.98338870431894,3.44163310301511,,0-29,False,,ABSTAIN
0.8,Development,DC-016|qp89.3,nyc,historical,,DOMAIN,3.0,3.719,89.3,24.011831137402528,3.44163310301511,,0-29,False,,ABSTAIN
0.8,Development,DC-017|qp111.6,nyc,historical,,DOMAIN,0.0,3.719,111.6,30.00806668459263,3.44163310301511,,0-29,False,,ABSTAIN
0.9,Development,NYC-nyc-10517-0-3|qp4,nyc,historical,,OUT_OF_DOMAIN_GEOMETRY,,0.762,4.0,5.2493438320209975,5.811134288345411,,0-29,False,,ABSTAIN
0.9,Development,NYC-nyc-53282-0-0|qp4,nyc,historical,,OUT_OF_DOMAIN_GEOMETRY,,0.853,4.0,4.689331770222744,5.811134288345411,,0-29,False,,ABSTAIN
0.9,Development,NYC-nyc-26803-0-0|qp6,nyc,historical,,DOMAIN,0.0,1.158,6.0,5.181347150259068,5.811134288345411,,0-29,False,,ABSTAIN
0.9,Development,NYC-nyc-49961-0-0|qp6,nyc,historical,,DOMAIN,0.0,1.28,6.0,4.6875,5.811134288345411,,0-29,False,,ABSTAIN
0.9,Development,NYC-nyc-42824-0-0|qp7,nyc,historical,,DOMAIN,0.0,1.311,7.0,5.339435545385203,5.811134288345411,,0-29,False,,ABSTAIN
0.9,Development,NYC-nyc-72803-0-0|qp7,nyc,historical,,DOMAIN,0.0,1.311,7.0,5.339435545385203,5.811134288345411,,0-29,False,,ABSTAIN
0.9,Development,NYC-nyc-110605-0-2|qp8,nyc,historical,3.0,ADMITTED,7.0,1.707,8.0,4.6865846514352665,5.811134288345411,3.0,0-29,True,30.0,PASS
0.9,Development,NYC-nyc-182996-0-0|qp8,nyc,historical,,DOMAIN,5.0,1.585,8.0,5.047318611987381,5.811134288345411,,0-29,False,,ABSTAIN
0.9,Development,NYC-nyc-46079-0-1|qp8,nyc,historical,3.0,ADMITTED,6.0,1.676,8.0,4.773269689737471,5.811134288345411,3.0,0-29,True,30.0,PASS
0.9,Development,NYC-nyc-10517-0-3|qp9,nyc,historical,,OUT_OF_DOMAIN_GEOMETRY,,0.762,9.0,11.811023622047244,5.811134288345411,,0-29,False,,ABSTAIN
0.9,Development,NYC-nyc-199805-0-0|qp10,nyc,historical,5.0,ADMITTED,10.0,2.073,10.0,4.82392667631452,5.811134288345411,5.0,0-29,True,30.0,PASS
0.9,Development,NYC-nyc-53282-0-0|qp10,nyc,historical,,OUT_OF_DOMAIN_GEOMETRY,,0.853,10.0,11.72332942555686,5.811134288345411,,0-29,False,,ABSTAIN
0.9,Development,NYC-nyc-17655-0-0|qp12,nyc,historical,7.0,ADMITTED,18.0,2.408,12.0,4.983388704318937,5.811134288345411,7.0,0-29,True,30.0,PASS
0.9,Development,NYC-nyc-27695-0-3|qp12,nyc,historical,6.0,ADMITTED,16.0,2.377,12.0,5.048380311316786,5.811134288345411,6.0,0-29,True,30.0,PASS
0.9,Development,NYC-nyc-214464-0-0|qp13,nyc,historical,7.0,ADMITTED,20.0,2.56,13.0,5.078125,5.811134288345411,7.0,0-29,True,30.0,PASS
0.9,Development,NYC-nyc-26803-0-0|qp14,nyc,historical,,DOMAIN,0.0,1.158,14.0,12.08981001727116,5.811134288345411,,0-29,False,,ABSTAIN
0.9,Development,NYC-nyc-49961-0-0|qp15,nyc,historical,,DOMAIN,0.0,1.28,15.0,11.71875,5.811134288345411,,0-29,False,,ABSTAIN
0.9,Development,NYC-nyc-59808-0-1|qp15,nyc,historical,,DOMAIN,20.0,3.048,15.0,4.921259842519685,5.811134288345411,,0-29,False,,ABSTAIN
0.9,Development,NYC-nyc-20131-0-2|qp16,nyc,historical,,DOMAIN,20.0,3.17,16.0,5.047318611987381,5.811134288345411,,0-29,False,,ABSTAIN
0.9,Development,NYC-nyc-42824-0-0|qp16,nyc,historical,,DOMAIN,0.0,1.311,16.0,12.204424103737605,5.811134288345411,,0-29,False,,ABSTAIN
0.9,Development,NYC-nyc-72803-0-0|qp16,nyc,historical,,DOMAIN,0.0,1.311,16.0,12.204424103737605,5.811134288345411,,0-29,False,,ABSTAIN
0.9,Development,NYC-nyc-182996-0-0|qp19,nyc,historical,,DOMAIN,3.0,1.585,19.0,11.987381703470032,5.811134288345411,,0-29,False,,ABSTAIN
0.9,Development,NYC-nyc-9648-0-0|qp19,nyc,historical,,DOMAIN,19.0,3.719,19.0,5.108900242000538,5.811134288345411,,0-29,False,,ABSTAIN
0.9,Development,NYC-nyc-110605-0-2|qp20,nyc,historical,0.0,MARGIN_FLOOR,4.0,1.707,20.0,11.716461628588164,5.811134288345411,0.0,0-29,True,30.0,ZERO_ADMISSION
0.9,Development,NYC-nyc-46079-0-1|qp20,nyc,historical,0.0,MARGIN_FLOOR,5.0,1.676,20.0,11.933174224343675,5.811134288345411,0.0,0-29,True,30.0,ZERO_ADMISSION
0.9,Development,NYC-nyc-199805-0-0|qp25,nyc,historical,0.0,MARGIN_FLOOR,7.0,2.073,25.0,12.0598166907863,5.811134288345411,0.0,0-29,True,30.0,ZERO_ADMISSION
0.9,Development,NYC-nyc-62758-0-0|qp25,nyc,historical,,DOMAIN,18.0,5.06,25.0,4.940711462450594,5.811134288345411,,0-29,False,,ABSTAIN
0.9,Development,NYC-nyc-27695-0-3|qp28,nyc,historical,0.0,MARGIN_FLOOR,10.0,2.377,28.0,11.779554059739167,5.811134288345411,0.0,0-29,True,30.0,ZERO_ADMISSION
0.9,Development,NYC-nyc-31649-0-0|qp28,nyc,historical,0.0,MARGIN_FLOOR,3.0,1.859,28.0,15.061861215707369,5.811134288345411,0.0,0-29,True,30.0,ZERO_ADMISSION
0.9,Development,NYC-nyc-17655-0-0|qp29,nyc,historical,0.0,MARGIN_FLOOR,11.0,2.408,29.0,12.043189368770763,5.811134288345411,0.0,0-29,True,30.0,ZERO_ADMISSION
0.9,Development,NYC-nyc-214464-0-0|qp31,nyc,historical,0.0,MARGIN_FLOOR,12.0,2.56,31.0,12.109375,5.811134288345411,0.0,0-29,True,30.0,ZERO_ADMISSION
0.9,Development,NYC-nyc-98749-0-2|qp32,nyc,historical,0.0,MARGIN_FLOOR,6.0,2.103,32.0,15.216357584403232,5.811134288345411,0.0,0-29,True,30.0,ZERO_ADMISSION
0.9,Development,NYC-nyc-267383-0-0|qp35,nyc,historical,0.0,MARGIN_FLOOR,9.0,2.347,35.0,14.912654452492545,5.811134288345411,0.0,0-29,True,30.0,ZERO_ADMISSION
0.9,Development,NYC-nyc-59808-0-1|qp37,nyc,historical,,DOMAIN,12.0,3.048,37.0,12.139107611548557,5.811134288345411,,0-29,False,,ABSTAIN
0.9,Development,NYC-nyc-20131-0-2|qp38,nyc,historical,,DOMAIN,11.0,3.17,38.0,11.987381703470032,5.811134288345411,,0-29,False,,ABSTAIN
0.9,Development,NYC-nyc-9648-0-0|qp45,nyc,historical,,DOMAIN,11.0,3.719,45.0,12.100026888948642,5.811134288345411,,0-29,False,,ABSTAIN
0.9,Development,NYC-nyc-31649-0-0|qp46,nyc,historical,0.0,SERVICE,0.0,1.859,46.0,24.744486282947825,5.811134288345411,0.0,0-29,False,,ZERO_ADMISSION
0.9,Development,NYC-nyc-98749-0-2|qp53,nyc,historical,0.0,SERVICE,0.0,2.103,53.0,25.20209224916785,5.811134288345411,0.0,0-29,False,,ZERO_ADMISSION
0.9,Development,NYC-nyc-267383-0-0|qp59,nyc,historical,0.0,SERVICE,2.0,2.347,59.0,25.13847464848743,5.811134288345411,0.0,0-29,False,,ZERO_ADMISSION
0.9,Development,NYC-nyc-62758-0-0|qp61,nyc,historical,,DOMAIN,8.0,5.06,61.0,12.055335968379447,5.811134288345411,,0-29,False,,ABSTAIN
0.9,Development,DC-000|qp13.7,nyc,historical,,OUT_OF_DOMAIN_GEOMETRY,,0.762,13.7,17.979002624671914,5.811134288345411,,0-29,False,,ABSTAIN
0.9,Development,DC-003|qp15.4,nyc,historical,,OUT_OF_DOMAIN_GEOMETRY,,0.853,15.4,18.05392731535756,5.811134288345411,,0-29,False,,ABSTAIN
0.9,Development,DC-001|qp18.3,nyc,historical,,OUT_OF_DOMAIN_GEOMETRY,,0.762,18.3,24.015748031496063,5.811134288345411,,0-29,False,,ABSTAIN
0.9,Development,DC-004|qp20.5,nyc,historical,,OUT_OF_DOMAIN_GEOMETRY,,0.853,20.5,24.03282532239156,5.811134288345411,,0-29,False,,ABSTAIN
0.9,Development,DC-002|qp22.9,nyc,historical,,OUT_OF_DOMAIN_GEOMETRY,,0.762,22.9,30.05249343832021,5.811134288345411,,0-29,False,,ABSTAIN
0.9,Development,DC-005|qp25.6,nyc,historical,,OUT_OF_DOMAIN_GEOMETRY,,0.853,25.6,30.01172332942556,5.811134288345411,,0-29,False,,ABSTAIN
0.9,Development,DC-006|qp30.2,nyc,historical,0.0,MARGIN_FLOOR,1.0,1.676,30.2,18.01909307875895,5.811134288345411,0.0,0-29,True,30.0,ZERO_ADMISSION
0.9,Development,DC-009|qp30.7,nyc,historical,0.0,MARGIN_FLOOR,2.0,1.707,30.7,17.984768599882834,5.811134288345411,0.0,0-29,True,30.0,ZERO_ADMISSION
0.9,Development,DC-007|qp40.2,nyc,historical,0.0,SERVICE,0.0,1.676,40.2,23.98568019093079,5.811134288345411,0.0,0-29,False,,ZERO_ADMISSION
0.9,Development,DC-010|qp41.0,nyc,historical,0.0,SERVICE,0.0,1.707,41.0,24.01874633860574,5.811134288345411,0.0,0-29,False,,ZERO_ADMISSION
0.9,Development,DC-012|qp43.3,nyc,historical,0.0,MARGIN_FLOOR,7.0,2.408,43.3,17.98172757475083,5.811134288345411,0.0,0-29,True,30.0,ZERO_ADMISSION
0.9,Development,DC-008|qp50.3,nyc,historical,0.0,SERVICE,0.0,1.676,50.3,30.011933174224342,5.811134288345411,0.0,0-29,False,,ZERO_ADMISSION
0.9,Development,DC-011|qp51.2,nyc,historical,0.0,SERVICE,0.0,1.707,51.2,29.994141769185703,5.811134288345411,0.0,0-29,False,,ZERO_ADMISSION
0.9,Development,DC-013|qp57.8,nyc,historical,0.0,SERVICE,2.0,2.408,57.8,24.00332225913621,5.811134288345411,0.0,0-29,False,,ZERO_ADMISSION
0.9,Development,DC-015|qp66.9,nyc,historical,,DOMAIN,6.0,3.719,66.9,17.988706641570317,5.811134288345411,,0-29,False,,ABSTAIN
0.9,Development,DC-014|qp72.2,nyc,historical,,DOMAIN,0.0,2.408,72.2,29.98338870431894,5.811134288345411,,0-29,False,,ABSTAIN
0.9,Development,DC-016|qp89.3,nyc,historical,,DOMAIN,3.0,3.719,89.3,24.011831137402528,5.811134288345411,,0-29,False,,ABSTAIN
0.9,Development,DC-017|qp111.6,nyc,historical,,DOMAIN,0.0,3.719,111.6,30.00806668459263,5.811134288345411,,0-29,False,,ABSTAIN
0.0,Development,SEA-seattle-5432169-0-1|qp8,seattle,historical,5.0,ADMITTED,6.0,1.651,8.0,4.845548152634767,0.0,5.0,0-29,True,30.0,PASS
0.0,Development,SEA-seattle-5439807-0-1|qp8,seattle,historical,,DOMAIN,0.0,1.524,8.0,5.2493438320209975,0.0,,0-29,False,,ABSTAIN
0.0,Development,SEA-seattle-5442697-0-2|qp8,seattle,historical,,DOMAIN,0.0,1.524,8.0,5.2493438320209975,0.0,,0-29,False,,ABSTAIN
0.0,Development,SEA-seattle-5455466-0-0|qp8,seattle,historical,,DOMAIN,0.0,1.524,8.0,5.2493438320209975,0.0,,0-29,False,,ABSTAIN
0.0,Development,SEA-seattle-5455998-0-0|qp8,seattle,historical,,DOMAIN,0.0,1.524,8.0,5.2493438320209975,0.0,,0-29,False,,ABSTAIN
0.0,Development,SEA-seattle-5457277-0-2|qp8,seattle,historical,,DOMAIN,0.0,1.524,8.0,5.2493438320209975,0.0,,0-29,False,,ABSTAIN
0.0,Development,SEA-seattle-5426480-0-0|qp9,seattle,historical,8.0,ADMITTED,7.0,1.829,9.0,4.920721705850191,0.0,8.0,0-29,True,28.0,FAIL
0.0,Development,SEA-seattle-5433778-0-0|qp9,seattle,historical,8.0,ADMITTED,7.0,1.829,9.0,4.920721705850191,0.0,8.0,0-29,True,28.0,FAIL
0.0,Development,SEA-seattle-5438086-0-1|qp9,seattle,historical,8.0,ADMITTED,10.0,1.829,9.0,4.920721705850191,0.0,8.0,0-29,True,29.0,PASS
0.0,Development,SEA-seattle-5449118-0-0|qp9,seattle,historical,8.0,ADMITTED,7.0,1.829,9.0,4.920721705850191,0.0,8.0,0-29,True,27.0,FAIL
0.0,Development,SEA-seattle-5449903-0-0|qp9,seattle,historical,8.0,ADMITTED,9.0,1.829,9.0,4.920721705850191,0.0,8.0,0-29,True,29.0,PASS
0.0,Development,SEA-seattle-5453813-0-0|qp9,seattle,historical,8.0,ADMITTED,8.0,1.829,9.0,4.920721705850191,0.0,8.0,0-29,True,29.0,PASS
0.0,Development,SEA-seattle-5452128-0-1|qp12,seattle,historical,13.0,ADMITTED,18.0,2.438,12.0,4.922067268252666,0.0,13.0,0-29,True,30.0,PASS
0.0,Development,SEA-seattle-5454776-0-1|qp13,seattle,historical,13.0,ADMITTED,20.0,2.591,13.0,5.017367811655731,0.0,13.0,0-29,True,30.0,PASS
0.0,Development,SEA-seattle-5439807-0-1|qp18,seattle,historical,,DOMAIN,0.0,1.524,18.0,11.811023622047244,0.0,,0-29,False,,ABSTAIN
0.0,Development,SEA-seattle-5441957-0-1|qp18,seattle,historical,,DOMAIN,0.0,1.168,18.0,15.41095890410959,0.0,,0-29,False,,ABSTAIN
0.0,Development,SEA-seattle-5442697-0-2|qp18,seattle,historical,,DOMAIN,0.0,1.524,18.0,11.811023622047244,0.0,,0-29,False,,ABSTAIN
0.0,Development,SEA-seattle-5455466-0-0|qp18,seattle,historical,,DOMAIN,0.0,1.524,18.0,11.811023622047244,0.0,,0-29,False,,ABSTAIN
0.0,Development,SEA-seattle-5455998-0-0|qp18,seattle,historical,,DOMAIN,0.0,1.524,18.0,11.811023622047244,0.0,,0-29,False,,ABSTAIN
0.0,Development,SEA-seattle-5457277-0-2|qp18,seattle,historical,,DOMAIN,0.0,1.524,18.0,11.811023622047244,0.0,,0-29,False,,ABSTAIN
0.0,Development,SEA-seattle-5432169-0-1|qp20,seattle,historical,3.0,ADMITTED,5.0,1.651,20.0,12.113870381586915,0.0,3.0,0-29,True,30.0,PASS
0.0,Development,SEA-seattle-5426480-0-0|qp22,seattle,historical,4.0,ADMITTED,5.0,1.829,22.0,12.02843083652269,0.0,4.0,0-29,True,30.0,PASS
0.0,Development,SEA-seattle-5433778-0-0|qp22,seattle,historical,4.0,ADMITTED,5.0,1.829,22.0,12.02843083652269,0.0,4.0,0-29,True,30.0,PASS
0.0,Development,SEA-seattle-5438086-0-1|qp22,seattle,historical,4.0,ADMITTED,4.0,1.829,22.0,12.02843083652269,0.0,4.0,0-29,True,30.0,PASS
0.0,Development,SEA-seattle-5449118-0-0|qp22,seattle,historical,4.0,ADMITTED,5.0,1.829,22.0,12.02843083652269,0.0,4.0,0-29,True,30.0,PASS
0.0,Development,SEA-seattle-5449903-0-0|qp22,seattle,historical,4.0,ADMITTED,6.0,1.829,22.0,12.02843083652269,0.0,4.0,0-29,True,29.0,PASS
0.0,Development,SEA-seattle-5453813-0-0|qp22,seattle,historical,4.0,ADMITTED,8.0,1.829,22.0,12.02843083652269,0.0,4.0,0-29,True,30.0,PASS
0.0,Development,SEA-seattle-5451525-0-0|qp23,seattle,historical,,DOMAIN,0.0,1.524,23.0,15.091863517060368,0.0,,0-29,False,,ABSTAIN
0.0,Development,SEA-seattle-5441957-0-1|qp29,seattle,historical,,DOMAIN,0.0,1.168,29.0,24.82876712328768,0.0,,0-29,False,,ABSTAIN
0.0,Development,SEA-seattle-5452128-0-1|qp29,seattle,historical,5.0,ADMITTED,12.0,2.438,29.0,11.894995898277276,0.0,5.0,0-29,True,30.0,PASS
0.0,Development,SEA-seattle-5454776-0-1|qp31,seattle,historical,6.0,ADMITTED,13.0,2.591,31.0,11.96449247394828,0.0,6.0,0-29,True,30.0,PASS
0.0,Development,SEA-seattle-5434873-0-0|qp37,seattle,historical,4.0,ADMITTED,10.0,2.438,37.0,15.176374077112389,0.0,4.0,0-29,True,30.0,PASS
0.0,Development,SEA-seattle-5426595-0-0|qp38,seattle,historical,4.0,ADMITTED,11.0,2.54,38.0,14.960629921259844,0.0,4.0,0-29,True,30.0,PASS
0.0,Development,SEA-seattle-5451525-0-0|qp38,seattle,historical,,DOMAIN,0.0,1.524,38.0,24.93438320209974,0.0,,0-29,False,,ABSTAIN
0.0,Development,SEA-seattle-5434873-0-0|qp61,seattle,historical,,DOMAIN,1.0,2.438,61.0,25.02050861361772,0.0,,0-29,False,,ABSTAIN
0.0,Development,SEA-seattle-5445989-0-0|qp61,seattle,historical,,DOMAIN,7.0,4.064,61.0,15.00984251968504,0.0,,0-29,False,,ABSTAIN
0.0,Development,SEA-seattle-5423808-0-1|qp62,seattle,historical,,DOMAIN,7.0,4.115,62.0,15.066828675577156,0.0,,0-29,False,,ABSTAIN
0.0,Development,SEA-seattle-5426595-0-0|qp64,seattle,historical,,DOMAIN,1.0,2.54,64.0,25.196850393700785,0.0,,0-29,False,,ABSTAIN
0.0,Development,SEA-seattle-5445989-0-0|qp102,seattle,historical,,DOMAIN,0.0,4.064,102.0,25.0984251968504,0.0,,0-29,False,,ABSTAIN
0.0,Development,SEA-seattle-5423808-0-1|qp103,seattle,historical,,DOMAIN,0.0,4.115,103.0,25.030376670716887,0.0,,0-29,False,,ABSTAIN
0.0,Development,DC-090|qp21.0,seattle,historical,,DOMAIN,0.0,1.168,21.0,17.97945205479452,0.0,,0-29,False,,ABSTAIN
0.0,Development,DC-093|qp27.4,seattle,historical,,DOMAIN,0.0,1.524,27.4,17.979002624671914,0.0,,0-29,False,,ABSTAIN
0.0,Development,DC-091|qp28.0,seattle,historical,,DOMAIN,0.0,1.168,28.0,23.972602739726028,0.0,,0-29,False,,ABSTAIN
0.0,Development,DC-096|qp29.7,seattle,historical,2.0,ADMITTED,2.0,1.651,29.7,17.98909751665657,0.0,2.0,0-29,True,29.0,PASS
0.0,Development,DC-092|qp35.0,seattle,historical,,DOMAIN,0.0,1.168,35.0,29.96575342465753,0.0,,0-29,False,,ABSTAIN
0.0,Development,DC-094|qp36.6,seattle,historical,,DOMAIN,0.0,1.524,36.6,24.015748031496063,0.0,,0-29,False,,ABSTAIN
0.0,Development,DC-097|qp39.6,seattle,historical,0.0,SERVICE,0.0,1.651,39.6,23.98546335554209,0.0,0.0,0-29,False,,ZERO_ADMISSION
0.0,Development,DC-099|qp43.9,seattle,historical,4.0,ADMITTED,7.0,2.438,43.9,18.006562756357667,0.0,4.0,0-29,True,30.0,PASS
0.0,Development,DC-095|qp45.7,seattle,historical,,DOMAIN,0.0,1.524,45.7,29.98687664041995,0.0,,0-29,False,,ABSTAIN
0.0,Development,DC-098|qp49.5,seattle,historical,0.0,SERVICE,0.0,1.651,49.5,29.98182919442762,0.0,0.0,0-29,False,,ZERO_ADMISSION
0.0,Development,DC-100|qp58.5,seattle,historical,3.0,ADMITTED,3.0,2.438,58.5,23.995077932731743,0.0,3.0,0-29,True,29.0,PASS
0.0,Development,DC-101|qp73.1,seattle,historical,,DOMAIN,0.0,2.438,73.1,29.98359310910582,0.0,,0-29,False,,ABSTAIN
0.0,Development,DC-102|qp73.2,seattle,historical,,DOMAIN,3.0,4.064,73.2,18.011811023622048,0.0,,0-29,False,,ABSTAIN
0.0,Development,DC-103|qp97.5,seattle,historical,,DOMAIN,2.0,4.064,97.5,23.991141732283463,0.0,,0-29,False,,ABSTAIN
0.0,Development,DC-104|qp121.9,seattle,historical,,DOMAIN,0.0,4.064,121.9,29.99507874015748,0.0,,0-29,False,,ABSTAIN
0.5,Development,SEA-seattle-5432169-0-1|qp8,seattle,historical,5.0,ADMITTED,6.0,1.651,8.0,4.845548152634767,1.7673545633558327,5.0,0-29,True,30.0,PASS
0.5,Development,SEA-seattle-5439807-0-1|qp8,seattle,historical,,DOMAIN,0.0,1.524,8.0,5.2493438320209975,1.7673545633558327,,0-29,False,,ABSTAIN
0.5,Development,SEA-seattle-5442697-0-2|qp8,seattle,historical,,DOMAIN,0.0,1.524,8.0,5.2493438320209975,1.7673545633558327,,0-29,False,,ABSTAIN
0.5,Development,SEA-seattle-5455466-0-0|qp8,seattle,historical,,DOMAIN,0.0,1.524,8.0,5.2493438320209975,1.7673545633558327,,0-29,False,,ABSTAIN
0.5,Development,SEA-seattle-5455998-0-0|qp8,seattle,historical,,DOMAIN,0.0,1.524,8.0,5.2493438320209975,1.7673545633558327,,0-29,False,,ABSTAIN
0.5,Development,SEA-seattle-5457277-0-2|qp8,seattle,historical,,DOMAIN,0.0,1.524,8.0,5.2493438320209975,1.7673545633558327,,0-29,False,,ABSTAIN
0.5,Development,SEA-seattle-5426480-0-0|qp9,seattle,historical,8.0,ADMITTED,7.0,1.829,9.0,4.920721705850191,1.7673545633558327,8.0,0-29,True,28.0,FAIL
0.5,Development,SEA-seattle-5433778-0-0|qp9,seattle,historical,8.0,ADMITTED,7.0,1.829,9.0,4.920721705850191,1.7673545633558327,8.0,0-29,True,28.0,FAIL
0.5,Development,SEA-seattle-5438086-0-1|qp9,seattle,historical,8.0,ADMITTED,10.0,1.829,9.0,4.920721705850191,1.7673545633558327,8.0,0-29,True,29.0,PASS
0.5,Development,SEA-seattle-5449118-0-0|qp9,seattle,historical,8.0,ADMITTED,7.0,1.829,9.0,4.920721705850191,1.7673545633558327,8.0,0-29,True,27.0,FAIL
0.5,Development,SEA-seattle-5449903-0-0|qp9,seattle,historical,8.0,ADMITTED,9.0,1.829,9.0,4.920721705850191,1.7673545633558327,8.0,0-29,True,29.0,PASS
0.5,Development,SEA-seattle-5453813-0-0|qp9,seattle,historical,8.0,ADMITTED,8.0,1.829,9.0,4.920721705850191,1.7673545633558327,8.0,0-29,True,29.0,PASS
0.5,Development,SEA-seattle-5452128-0-1|qp12,seattle,historical,11.0,ADMITTED,18.0,2.438,12.0,4.922067268252666,1.7673545633558327,11.0,0-29,True,30.0,PASS
0.5,Development,SEA-seattle-5454776-0-1|qp13,seattle,historical,11.0,ADMITTED,20.0,2.591,13.0,5.017367811655731,1.7673545633558327,11.0,0-29,True,30.0,PASS
0.5,Development,SEA-seattle-5439807-0-1|qp18,seattle,historical,,DOMAIN,0.0,1.524,18.0,11.811023622047244,1.7673545633558327,,0-29,False,,ABSTAIN
0.5,Development,SEA-seattle-5441957-0-1|qp18,seattle,historical,,DOMAIN,0.0,1.168,18.0,15.41095890410959,1.7673545633558327,,0-29,False,,ABSTAIN
0.5,Development,SEA-seattle-5442697-0-2|qp18,seattle,historical,,DOMAIN,0.0,1.524,18.0,11.811023622047244,1.7673545633558327,,0-29,False,,ABSTAIN
0.5,Development,SEA-seattle-5455466-0-0|qp18,seattle,historical,,DOMAIN,0.0,1.524,18.0,11.811023622047244,1.7673545633558327,,0-29,False,,ABSTAIN
0.5,Development,SEA-seattle-5455998-0-0|qp18,seattle,historical,,DOMAIN,0.0,1.524,18.0,11.811023622047244,1.7673545633558327,,0-29,False,,ABSTAIN
0.5,Development,SEA-seattle-5457277-0-2|qp18,seattle,historical,,DOMAIN,0.0,1.524,18.0,11.811023622047244,1.7673545633558327,,0-29,False,,ABSTAIN
0.5,Development,SEA-seattle-5432169-0-1|qp20,seattle,historical,2.0,ADMITTED,5.0,1.651,20.0,12.113870381586915,1.7673545633558327,2.0,0-29,True,30.0,PASS
0.5,Development,SEA-seattle-5426480-0-0|qp22,seattle,historical,2.0,ADMITTED,5.0,1.829,22.0,12.02843083652269,1.7673545633558327,2.0,0-29,True,30.0,PASS
0.5,Development,SEA-seattle-5433778-0-0|qp22,seattle,historical,2.0,ADMITTED,5.0,1.829,22.0,12.02843083652269,1.7673545633558327,2.0,0-29,True,30.0,PASS
0.5,Development,SEA-seattle-5438086-0-1|qp22,seattle,historical,2.0,ADMITTED,4.0,1.829,22.0,12.02843083652269,1.7673545633558327,2.0,0-29,True,30.0,PASS
0.5,Development,SEA-seattle-5449118-0-0|qp22,seattle,historical,2.0,ADMITTED,5.0,1.829,22.0,12.02843083652269,1.7673545633558327,2.0,0-29,True,29.0,PASS
0.5,Development,SEA-seattle-5449903-0-0|qp22,seattle,historical,2.0,ADMITTED,6.0,1.829,22.0,12.02843083652269,1.7673545633558327,2.0,0-29,True,30.0,PASS
0.5,Development,SEA-seattle-5453813-0-0|qp22,seattle,historical,2.0,ADMITTED,8.0,1.829,22.0,12.02843083652269,1.7673545633558327,2.0,0-29,True,30.0,PASS
0.5,Development,SEA-seattle-5451525-0-0|qp23,seattle,historical,,DOMAIN,0.0,1.524,23.0,15.091863517060368,1.7673545633558327,,0-29,False,,ABSTAIN
0.5,Development,SEA-seattle-5441957-0-1|qp29,seattle,historical,,DOMAIN,0.0,1.168,29.0,24.82876712328768,1.7673545633558327,,0-29,False,,ABSTAIN
0.5,Development,SEA-seattle-5452128-0-1|qp29,seattle,historical,4.0,ADMITTED,12.0,2.438,29.0,11.894995898277276,1.7673545633558327,4.0,0-29,True,30.0,PASS
0.5,Development,SEA-seattle-5454776-0-1|qp31,seattle,historical,4.0,ADMITTED,13.0,2.591,31.0,11.96449247394828,1.7673545633558327,4.0,0-29,True,30.0,PASS
0.5,Development,SEA-seattle-5434873-0-0|qp37,seattle,historical,2.0,ADMITTED,10.0,2.438,37.0,15.176374077112389,1.7673545633558327,2.0,0-29,True,30.0,PASS
0.5,Development,SEA-seattle-5426595-0-0|qp38,seattle,historical,3.0,ADMITTED,11.0,2.54,38.0,14.960629921259844,1.7673545633558327,3.0,0-29,True,30.0,PASS
0.5,Development,SEA-seattle-5451525-0-0|qp38,seattle,historical,,DOMAIN,0.0,1.524,38.0,24.93438320209974,1.7673545633558327,,0-29,False,,ABSTAIN
0.5,Development,SEA-seattle-5434873-0-0|qp61,seattle,historical,,DOMAIN,1.0,2.438,61.0,25.02050861361772,1.7673545633558327,,0-29,False,,ABSTAIN
0.5,Development,SEA-seattle-5445989-0-0|qp61,seattle,historical,,DOMAIN,7.0,4.064,61.0,15.00984251968504,1.7673545633558327,,0-29,False,,ABSTAIN
0.5,Development,SEA-seattle-5423808-0-1|qp62,seattle,historical,,DOMAIN,7.0,4.115,62.0,15.066828675577156,1.7673545633558327,,0-29,False,,ABSTAIN
0.5,Development,SEA-seattle-5426595-0-0|qp64,seattle,historical,,DOMAIN,1.0,2.54,64.0,25.196850393700785,1.7673545633558327,,0-29,False,,ABSTAIN
0.5,Development,SEA-seattle-5445989-0-0|qp102,seattle,historical,,DOMAIN,0.0,4.064,102.0,25.0984251968504,1.7673545633558327,,0-29,False,,ABSTAIN
0.5,Development,SEA-seattle-5423808-0-1|qp103,seattle,historical,,DOMAIN,0.0,4.115,103.0,25.030376670716887,1.7673545633558327,,0-29,False,,ABSTAIN
0.5,Development,DC-090|qp21.0,seattle,historical,,DOMAIN,0.0,1.168,21.0,17.97945205479452,1.7673545633558327,,0-29,False,,ABSTAIN
0.5,Development,DC-093|qp27.4,seattle,historical,,DOMAIN,0.0,1.524,27.4,17.979002624671914,1.7673545633558327,,0-29,False,,ABSTAIN
0.5,Development,DC-091|qp28.0,seattle,historical,,DOMAIN,0.0,1.168,28.0,23.972602739726028,1.7673545633558327,,0-29,False,,ABSTAIN
0.5,Development,DC-096|qp29.7,seattle,historical,0.0,MARGIN_FLOOR,2.0,1.651,29.7,17.98909751665657,1.7673545633558327,0.0,0-29,True,30.0,ZERO_ADMISSION
0.5,Development,DC-092|qp35.0,seattle,historical,,DOMAIN,0.0,1.168,35.0,29.96575342465753,1.7673545633558327,,0-29,False,,ABSTAIN
0.5,Development,DC-094|qp36.6,seattle,historical,,DOMAIN,0.0,1.524,36.6,24.015748031496063,1.7673545633558327,,0-29,False,,ABSTAIN
0.5,Development,DC-097|qp39.6,seattle,historical,0.0,SERVICE,0.0,1.651,39.6,23.98546335554209,1.7673545633558327,0.0,0-29,False,,ZERO_ADMISSION
0.5,Development,DC-099|qp43.9,seattle,historical,2.0,ADMITTED,7.0,2.438,43.9,18.006562756357667,1.7673545633558327,2.0,0-29,True,30.0,PASS
0.5,Development,DC-095|qp45.7,seattle,historical,,DOMAIN,0.0,1.524,45.7,29.98687664041995,1.7673545633558327,,0-29,False,,ABSTAIN
0.5,Development,DC-098|qp49.5,seattle,historical,0.0,SERVICE,0.0,1.651,49.5,29.98182919442762,1.7673545633558327,0.0,0-29,False,,ZERO_ADMISSION
0.5,Development,DC-100|qp58.5,seattle,historical,1.0,ADMITTED,3.0,2.438,58.5,23.995077932731743,1.7673545633558327,1.0,0-29,True,30.0,PASS
0.5,Development,DC-101|qp73.1,seattle,historical,,DOMAIN,0.0,2.438,73.1,29.98359310910582,1.7673545633558327,,0-29,False,,ABSTAIN
0.5,Development,DC-102|qp73.2,seattle,historical,,DOMAIN,3.0,4.064,73.2,18.011811023622048,1.7673545633558327,,0-29,False,,ABSTAIN
0.5,Development,DC-103|qp97.5,seattle,historical,,DOMAIN,2.0,4.064,97.5,23.991141732283463,1.7673545633558327,,0-29,False,,ABSTAIN
0.5,Development,DC-104|qp121.9,seattle,historical,,DOMAIN,0.0,4.064,121.9,29.99507874015748,1.7673545633558327,,0-29,False,,ABSTAIN
0.65,Development,SEA-seattle-5432169-0-1|qp8,seattle,historical,5.0,ADMITTED,6.0,1.651,8.0,4.845548152634767,2.331635440610734,5.0,0-29,True,30.0,PASS
0.65,Development,SEA-seattle-5439807-0-1|qp8,seattle,historical,,DOMAIN,0.0,1.524,8.0,5.2493438320209975,2.331635440610734,,0-29,False,,ABSTAIN
0.65,Development,SEA-seattle-5442697-0-2|qp8,seattle,historical,,DOMAIN,0.0,1.524,8.0,5.2493438320209975,2.331635440610734,,0-29,False,,ABSTAIN
0.65,Development,SEA-seattle-5455466-0-0|qp8,seattle,historical,,DOMAIN,0.0,1.524,8.0,5.2493438320209975,2.331635440610734,,0-29,False,,ABSTAIN
0.65,Development,SEA-seattle-5455998-0-0|qp8,seattle,historical,,DOMAIN,0.0,1.524,8.0,5.2493438320209975,2.331635440610734,,0-29,False,,ABSTAIN
0.65,Development,SEA-seattle-5457277-0-2|qp8,seattle,historical,,DOMAIN,0.0,1.524,8.0,5.2493438320209975,2.331635440610734,,0-29,False,,ABSTAIN
0.65,Development,SEA-seattle-5426480-0-0|qp9,seattle,historical,7.0,ADMITTED,7.0,1.829,9.0,4.920721705850191,2.331635440610734,7.0,0-29,True,29.0,PASS
0.65,Development,SEA-seattle-5433778-0-0|qp9,seattle,historical,7.0,ADMITTED,7.0,1.829,9.0,4.920721705850191,2.331635440610734,7.0,0-29,True,30.0,PASS
0.65,Development,SEA-seattle-5438086-0-1|qp9,seattle,historical,7.0,ADMITTED,10.0,1.829,9.0,4.920721705850191,2.331635440610734,7.0,0-29,True,30.0,PASS
0.65,Development,SEA-seattle-5449118-0-0|qp9,seattle,historical,7.0,ADMITTED,7.0,1.829,9.0,4.920721705850191,2.331635440610734,7.0,0-29,True,29.0,PASS
0.65,Development,SEA-seattle-5449903-0-0|qp9,seattle,historical,7.0,ADMITTED,9.0,1.829,9.0,4.920721705850191,2.331635440610734,7.0,0-29,True,29.0,PASS
0.65,Development,SEA-seattle-5453813-0-0|qp9,seattle,historical,7.0,ADMITTED,8.0,1.829,9.0,4.920721705850191,2.331635440610734,7.0,0-29,True,30.0,PASS
0.65,Development,SEA-seattle-5452128-0-1|qp12,seattle,historical,10.0,ADMITTED,18.0,2.438,12.0,4.922067268252666,2.331635440610734,10.0,0-29,True,30.0,PASS
0.65,Development,SEA-seattle-5454776-0-1|qp13,seattle,historical,11.0,ADMITTED,20.0,2.591,13.0,5.017367811655731,2.331635440610734,11.0,0-29,True,30.0,PASS
0.65,Development,SEA-seattle-5439807-0-1|qp18,seattle,historical,,DOMAIN,0.0,1.524,18.0,11.811023622047244,2.331635440610734,,0-29,False,,ABSTAIN
0.65,Development,SEA-seattle-5441957-0-1|qp18,seattle,historical,,DOMAIN,0.0,1.168,18.0,15.41095890410959,2.331635440610734,,0-29,False,,ABSTAIN
0.65,Development,SEA-seattle-5442697-0-2|qp18,seattle,historical,,DOMAIN,0.0,1.524,18.0,11.811023622047244,2.331635440610734,,0-29,False,,ABSTAIN
0.65,Development,SEA-seattle-5455466-0-0|qp18,seattle,historical,,DOMAIN,0.0,1.524,18.0,11.811023622047244,2.331635440610734,,0-29,False,,ABSTAIN
0.65,Development,SEA-seattle-5455998-0-0|qp18,seattle,historical,,DOMAIN,0.0,1.524,18.0,11.811023622047244,2.331635440610734,,0-29,False,,ABSTAIN
0.65,Development,SEA-seattle-5457277-0-2|qp18,seattle,historical,,DOMAIN,0.0,1.524,18.0,11.811023622047244,2.331635440610734,,0-29,False,,ABSTAIN
0.65,Development,SEA-seattle-5432169-0-1|qp20,seattle,historical,1.0,ADMITTED,5.0,1.651,20.0,12.113870381586915,2.331635440610734,1.0,0-29,True,30.0,PASS
0.65,Development,SEA-seattle-5426480-0-0|qp22,seattle,historical,2.0,ADMITTED,5.0,1.829,22.0,12.02843083652269,2.331635440610734,2.0,0-29,True,30.0,PASS
0.65,Development,SEA-seattle-5433778-0-0|qp22,seattle,historical,2.0,ADMITTED,5.0,1.829,22.0,12.02843083652269,2.331635440610734,2.0,0-29,True,30.0,PASS
0.65,Development,SEA-seattle-5438086-0-1|qp22,seattle,historical,2.0,ADMITTED,4.0,1.829,22.0,12.02843083652269,2.331635440610734,2.0,0-29,True,30.0,PASS
0.65,Development,SEA-seattle-5449118-0-0|qp22,seattle,historical,2.0,ADMITTED,5.0,1.829,22.0,12.02843083652269,2.331635440610734,2.0,0-29,True,29.0,PASS
0.65,Development,SEA-seattle-5449903-0-0|qp22,seattle,historical,2.0,ADMITTED,6.0,1.829,22.0,12.02843083652269,2.331635440610734,2.0,0-29,True,30.0,PASS
0.65,Development,SEA-seattle-5453813-0-0|qp22,seattle,historical,2.0,ADMITTED,8.0,1.829,22.0,12.02843083652269,2.331635440610734,2.0,0-29,True,30.0,PASS
0.65,Development,SEA-seattle-5451525-0-0|qp23,seattle,historical,,DOMAIN,0.0,1.524,23.0,15.091863517060368,2.331635440610734,,0-29,False,,ABSTAIN
0.65,Development,SEA-seattle-5441957-0-1|qp29,seattle,historical,,DOMAIN,0.0,1.168,29.0,24.82876712328768,2.331635440610734,,0-29,False,,ABSTAIN
0.65,Development,SEA-seattle-5452128-0-1|qp29,seattle,historical,3.0,ADMITTED,12.0,2.438,29.0,11.894995898277276,2.331635440610734,3.0,0-29,True,30.0,PASS
0.65,Development,SEA-seattle-5454776-0-1|qp31,seattle,historical,3.0,ADMITTED,13.0,2.591,31.0,11.96449247394828,2.331635440610734,3.0,0-29,True,30.0,PASS
0.65,Development,SEA-seattle-5434873-0-0|qp37,seattle,historical,2.0,ADMITTED,10.0,2.438,37.0,15.176374077112389,2.331635440610734,2.0,0-29,True,30.0,PASS
0.65,Development,SEA-seattle-5426595-0-0|qp38,seattle,historical,2.0,ADMITTED,11.0,2.54,38.0,14.960629921259844,2.331635440610734,2.0,0-29,True,30.0,PASS
0.65,Development,SEA-seattle-5451525-0-0|qp38,seattle,historical,,DOMAIN,0.0,1.524,38.0,24.93438320209974,2.331635440610734,,0-29,False,,ABSTAIN
0.65,Development,SEA-seattle-5434873-0-0|qp61,seattle,historical,,DOMAIN,1.0,2.438,61.0,25.02050861361772,2.331635440610734,,0-29,False,,ABSTAIN
0.65,Development,SEA-seattle-5445989-0-0|qp61,seattle,historical,,DOMAIN,7.0,4.064,61.0,15.00984251968504,2.331635440610734,,0-29,False,,ABSTAIN
0.65,Development,SEA-seattle-5423808-0-1|qp62,seattle,historical,,DOMAIN,7.0,4.115,62.0,15.066828675577156,2.331635440610734,,0-29,False,,ABSTAIN
0.65,Development,SEA-seattle-5426595-0-0|qp64,seattle,historical,,DOMAIN,1.0,2.54,64.0,25.196850393700785,2.331635440610734,,0-29,False,,ABSTAIN
0.65,Development,SEA-seattle-5445989-0-0|qp102,seattle,historical,,DOMAIN,0.0,4.064,102.0,25.0984251968504,2.331635440610734,,0-29,False,,ABSTAIN
0.65,Development,SEA-seattle-5423808-0-1|qp103,seattle,historical,,DOMAIN,0.0,4.115,103.0,25.030376670716887,2.331635440610734,,0-29,False,,ABSTAIN
0.65,Development,DC-090|qp21.0,seattle,historical,,DOMAIN,0.0,1.168,21.0,17.97945205479452,2.331635440610734,,0-29,False,,ABSTAIN
0.65,Development,DC-093|qp27.4,seattle,historical,,DOMAIN,0.0,1.524,27.4,17.979002624671914,2.331635440610734,,0-29,False,,ABSTAIN
0.65,Development,DC-091|qp28.0,seattle,historical,,DOMAIN,0.0,1.168,28.0,23.972602739726028,2.331635440610734,,0-29,False,,ABSTAIN
0.65,Development,DC-096|qp29.7,seattle,historical,0.0,MARGIN_FLOOR,2.0,1.651,29.7,17.98909751665657,2.331635440610734,0.0,0-29,True,30.0,ZERO_ADMISSION
0.65,Development,DC-092|qp35.0,seattle,historical,,DOMAIN,0.0,1.168,35.0,29.96575342465753,2.331635440610734,,0-29,False,,ABSTAIN
0.65,Development,DC-094|qp36.6,seattle,historical,,DOMAIN,0.0,1.524,36.6,24.015748031496063,2.331635440610734,,0-29,False,,ABSTAIN
0.65,Development,DC-097|qp39.6,seattle,historical,0.0,SERVICE,0.0,1.651,39.6,23.98546335554209,2.331635440610734,0.0,0-29,False,,ZERO_ADMISSION
0.65,Development,DC-099|qp43.9,seattle,historical,1.0,ADMITTED,7.0,2.438,43.9,18.006562756357667,2.331635440610734,1.0,0-29,True,30.0,PASS
0.65,Development,DC-095|qp45.7,seattle,historical,,DOMAIN,0.0,1.524,45.7,29.98687664041995,2.331635440610734,,0-29,False,,ABSTAIN
0.65,Development,DC-098|qp49.5,seattle,historical,0.0,SERVICE,0.0,1.651,49.5,29.98182919442762,2.331635440610734,0.0,0-29,False,,ZERO_ADMISSION
0.65,Development,DC-100|qp58.5,seattle,historical,0.0,MARGIN_FLOOR,3.0,2.438,58.5,23.995077932731743,2.331635440610734,0.0,0-29,True,30.0,ZERO_ADMISSION
0.65,Development,DC-101|qp73.1,seattle,historical,,DOMAIN,0.0,2.438,73.1,29.98359310910582,2.331635440610734,,0-29,False,,ABSTAIN
0.65,Development,DC-102|qp73.2,seattle,historical,,DOMAIN,3.0,4.064,73.2,18.011811023622048,2.331635440610734,,0-29,False,,ABSTAIN
0.65,Development,DC-103|qp97.5,seattle,historical,,DOMAIN,2.0,4.064,97.5,23.991141732283463,2.331635440610734,,0-29,False,,ABSTAIN
0.65,Development,DC-104|qp121.9,seattle,historical,,DOMAIN,0.0,4.064,121.9,29.99507874015748,2.331635440610734,,0-29,False,,ABSTAIN
0.8,Development,SEA-seattle-5432169-0-1|qp8,seattle,historical,5.0,ADMITTED,6.0,1.651,8.0,4.845548152634767,3.259161908672772,5.0,0-29,True,30.0,PASS
0.8,Development,SEA-seattle-5439807-0-1|qp8,seattle,historical,,DOMAIN,0.0,1.524,8.0,5.2493438320209975,3.259161908672772,,0-29,False,,ABSTAIN
0.8,Development,SEA-seattle-5442697-0-2|qp8,seattle,historical,,DOMAIN,0.0,1.524,8.0,5.2493438320209975,3.259161908672772,,0-29,False,,ABSTAIN
0.8,Development,SEA-seattle-5455466-0-0|qp8,seattle,historical,,DOMAIN,0.0,1.524,8.0,5.2493438320209975,3.259161908672772,,0-29,False,,ABSTAIN
0.8,Development,SEA-seattle-5455998-0-0|qp8,seattle,historical,,DOMAIN,0.0,1.524,8.0,5.2493438320209975,3.259161908672772,,0-29,False,,ABSTAIN
0.8,Development,SEA-seattle-5457277-0-2|qp8,seattle,historical,,DOMAIN,0.0,1.524,8.0,5.2493438320209975,3.259161908672772,,0-29,False,,ABSTAIN
0.8,Development,SEA-seattle-5426480-0-0|qp9,seattle,historical,6.0,ADMITTED,7.0,1.829,9.0,4.920721705850191,3.259161908672772,6.0,0-29,True,30.0,PASS
0.8,Development,SEA-seattle-5433778-0-0|qp9,seattle,historical,6.0,ADMITTED,7.0,1.829,9.0,4.920721705850191,3.259161908672772,6.0,0-29,True,29.0,PASS
0.8,Development,SEA-seattle-5438086-0-1|qp9,seattle,historical,6.0,ADMITTED,10.0,1.829,9.0,4.920721705850191,3.259161908672772,6.0,0-29,True,29.0,PASS
0.8,Development,SEA-seattle-5449118-0-0|qp9,seattle,historical,6.0,ADMITTED,7.0,1.829,9.0,4.920721705850191,3.259161908672772,6.0,0-29,True,30.0,PASS
0.8,Development,SEA-seattle-5449903-0-0|qp9,seattle,historical,6.0,ADMITTED,9.0,1.829,9.0,4.920721705850191,3.259161908672772,6.0,0-29,True,29.0,PASS
0.8,Development,SEA-seattle-5453813-0-0|qp9,seattle,historical,6.0,ADMITTED,8.0,1.829,9.0,4.920721705850191,3.259161908672772,6.0,0-29,True,30.0,PASS
0.8,Development,SEA-seattle-5452128-0-1|qp12,seattle,historical,9.0,ADMITTED,18.0,2.438,12.0,4.922067268252666,3.259161908672772,9.0,0-29,True,30.0,PASS
0.8,Development,SEA-seattle-5454776-0-1|qp13,seattle,historical,10.0,ADMITTED,20.0,2.591,13.0,5.017367811655731,3.259161908672772,10.0,0-29,True,30.0,PASS
0.8,Development,SEA-seattle-5439807-0-1|qp18,seattle,historical,,DOMAIN,0.0,1.524,18.0,11.811023622047244,3.259161908672772,,0-29,False,,ABSTAIN
0.8,Development,SEA-seattle-5441957-0-1|qp18,seattle,historical,,DOMAIN,0.0,1.168,18.0,15.41095890410959,3.259161908672772,,0-29,False,,ABSTAIN
0.8,Development,SEA-seattle-5442697-0-2|qp18,seattle,historical,,DOMAIN,0.0,1.524,18.0,11.811023622047244,3.259161908672772,,0-29,False,,ABSTAIN
0.8,Development,SEA-seattle-5455466-0-0|qp18,seattle,historical,,DOMAIN,0.0,1.524,18.0,11.811023622047244,3.259161908672772,,0-29,False,,ABSTAIN
0.8,Development,SEA-seattle-5455998-0-0|qp18,seattle,historical,,DOMAIN,0.0,1.524,18.0,11.811023622047244,3.259161908672772,,0-29,False,,ABSTAIN
0.8,Development,SEA-seattle-5457277-0-2|qp18,seattle,historical,,DOMAIN,0.0,1.524,18.0,11.811023622047244,3.259161908672772,,0-29,False,,ABSTAIN
0.8,Development,SEA-seattle-5432169-0-1|qp20,seattle,historical,0.0,MARGIN_FLOOR,5.0,1.651,20.0,12.113870381586915,3.259161908672772,0.0,0-29,True,30.0,ZERO_ADMISSION
0.8,Development,SEA-seattle-5426480-0-0|qp22,seattle,historical,1.0,ADMITTED,5.0,1.829,22.0,12.02843083652269,3.259161908672772,1.0,0-29,True,30.0,PASS
0.8,Development,SEA-seattle-5433778-0-0|qp22,seattle,historical,1.0,ADMITTED,5.0,1.829,22.0,12.02843083652269,3.259161908672772,1.0,0-29,True,30.0,PASS
0.8,Development,SEA-seattle-5438086-0-1|qp22,seattle,historical,1.0,ADMITTED,4.0,1.829,22.0,12.02843083652269,3.259161908672772,1.0,0-29,True,30.0,PASS
0.8,Development,SEA-seattle-5449118-0-0|qp22,seattle,historical,1.0,ADMITTED,5.0,1.829,22.0,12.02843083652269,3.259161908672772,1.0,0-29,True,30.0,PASS
0.8,Development,SEA-seattle-5449903-0-0|qp22,seattle,historical,1.0,ADMITTED,6.0,1.829,22.0,12.02843083652269,3.259161908672772,1.0,0-29,True,30.0,PASS
0.8,Development,SEA-seattle-5453813-0-0|qp22,seattle,historical,1.0,ADMITTED,8.0,1.829,22.0,12.02843083652269,3.259161908672772,1.0,0-29,True,30.0,PASS
0.8,Development,SEA-seattle-5451525-0-0|qp23,seattle,historical,,DOMAIN,0.0,1.524,23.0,15.091863517060368,3.259161908672772,,0-29,False,,ABSTAIN
0.8,Development,SEA-seattle-5441957-0-1|qp29,seattle,historical,,DOMAIN,0.0,1.168,29.0,24.82876712328768,3.259161908672772,,0-29,False,,ABSTAIN
0.8,Development,SEA-seattle-5452128-0-1|qp29,seattle,historical,2.0,ADMITTED,12.0,2.438,29.0,11.894995898277276,3.259161908672772,2.0,0-29,True,30.0,PASS
0.8,Development,SEA-seattle-5454776-0-1|qp31,seattle,historical,2.0,ADMITTED,13.0,2.591,31.0,11.96449247394828,3.259161908672772,2.0,0-29,True,30.0,PASS
0.8,Development,SEA-seattle-5434873-0-0|qp37,seattle,historical,1.0,ADMITTED,10.0,2.438,37.0,15.176374077112389,3.259161908672772,1.0,0-29,True,30.0,PASS
0.8,Development,SEA-seattle-5426595-0-0|qp38,seattle,historical,1.0,ADMITTED,11.0,2.54,38.0,14.960629921259844,3.259161908672772,1.0,0-29,True,30.0,PASS
0.8,Development,SEA-seattle-5451525-0-0|qp38,seattle,historical,,DOMAIN,0.0,1.524,38.0,24.93438320209974,3.259161908672772,,0-29,False,,ABSTAIN
0.8,Development,SEA-seattle-5434873-0-0|qp61,seattle,historical,,DOMAIN,1.0,2.438,61.0,25.02050861361772,3.259161908672772,,0-29,False,,ABSTAIN
0.8,Development,SEA-seattle-5445989-0-0|qp61,seattle,historical,,DOMAIN,7.0,4.064,61.0,15.00984251968504,3.259161908672772,,0-29,False,,ABSTAIN
0.8,Development,SEA-seattle-5423808-0-1|qp62,seattle,historical,,DOMAIN,7.0,4.115,62.0,15.066828675577156,3.259161908672772,,0-29,False,,ABSTAIN
0.8,Development,SEA-seattle-5426595-0-0|qp64,seattle,historical,,DOMAIN,1.0,2.54,64.0,25.196850393700785,3.259161908672772,,0-29,False,,ABSTAIN
0.8,Development,SEA-seattle-5445989-0-0|qp102,seattle,historical,,DOMAIN,0.0,4.064,102.0,25.0984251968504,3.259161908672772,,0-29,False,,ABSTAIN
0.8,Development,SEA-seattle-5423808-0-1|qp103,seattle,historical,,DOMAIN,0.0,4.115,103.0,25.030376670716887,3.259161908672772,,0-29,False,,ABSTAIN
0.8,Development,DC-090|qp21.0,seattle,historical,,DOMAIN,0.0,1.168,21.0,17.97945205479452,3.259161908672772,,0-29,False,,ABSTAIN
0.8,Development,DC-093|qp27.4,seattle,historical,,DOMAIN,0.0,1.524,27.4,17.979002624671914,3.259161908672772,,0-29,False,,ABSTAIN
0.8,Development,DC-091|qp28.0,seattle,historical,,DOMAIN,0.0,1.168,28.0,23.972602739726028,3.259161908672772,,0-29,False,,ABSTAIN
0.8,Development,DC-096|qp29.7,seattle,historical,0.0,MARGIN_FLOOR,2.0,1.651,29.7,17.98909751665657,3.259161908672772,0.0,0-29,True,30.0,ZERO_ADMISSION
0.8,Development,DC-092|qp35.0,seattle,historical,,DOMAIN,0.0,1.168,35.0,29.96575342465753,3.259161908672772,,0-29,False,,ABSTAIN
0.8,Development,DC-094|qp36.6,seattle,historical,,DOMAIN,0.0,1.524,36.6,24.015748031496063,3.259161908672772,,0-29,False,,ABSTAIN
0.8,Development,DC-097|qp39.6,seattle,historical,0.0,SERVICE,0.0,1.651,39.6,23.98546335554209,3.259161908672772,0.0,0-29,False,,ZERO_ADMISSION
0.8,Development,DC-099|qp43.9,seattle,historical,0.0,MARGIN_FLOOR,7.0,2.438,43.9,18.006562756357667,3.259161908672772,0.0,0-29,True,30.0,ZERO_ADMISSION
0.8,Development,DC-095|qp45.7,seattle,historical,,DOMAIN,0.0,1.524,45.7,29.98687664041995,3.259161908672772,,0-29,False,,ABSTAIN
0.8,Development,DC-098|qp49.5,seattle,historical,0.0,SERVICE,0.0,1.651,49.5,29.98182919442762,3.259161908672772,0.0,0-29,False,,ZERO_ADMISSION
0.8,Development,DC-100|qp58.5,seattle,historical,0.0,MARGIN_FLOOR,3.0,2.438,58.5,23.995077932731743,3.259161908672772,0.0,0-29,True,30.0,ZERO_ADMISSION
0.8,Development,DC-101|qp73.1,seattle,historical,,DOMAIN,0.0,2.438,73.1,29.98359310910582,3.259161908672772,,0-29,False,,ABSTAIN
0.8,Development,DC-102|qp73.2,seattle,historical,,DOMAIN,3.0,4.064,73.2,18.011811023622048,3.259161908672772,,0-29,False,,ABSTAIN
0.8,Development,DC-103|qp97.5,seattle,historical,,DOMAIN,2.0,4.064,97.5,23.991141732283463,3.259161908672772,,0-29,False,,ABSTAIN
0.8,Development,DC-104|qp121.9,seattle,historical,,DOMAIN,0.0,4.064,121.9,29.99507874015748,3.259161908672772,,0-29,False,,ABSTAIN
0.9,Development,SEA-seattle-5432169-0-1|qp8,seattle,historical,3.0,ADMITTED,6.0,1.651,8.0,4.845548152634767,5.883588911912993,3.0,0-29,True,30.0,PASS
0.9,Development,SEA-seattle-5439807-0-1|qp8,seattle,historical,,DOMAIN,0.0,1.524,8.0,5.2493438320209975,5.883588911912993,,0-29,False,,ABSTAIN
0.9,Development,SEA-seattle-5442697-0-2|qp8,seattle,historical,,DOMAIN,0.0,1.524,8.0,5.2493438320209975,5.883588911912993,,0-29,False,,ABSTAIN
0.9,Development,SEA-seattle-5455466-0-0|qp8,seattle,historical,,DOMAIN,0.0,1.524,8.0,5.2493438320209975,5.883588911912993,,0-29,False,,ABSTAIN
0.9,Development,SEA-seattle-5455998-0-0|qp8,seattle,historical,,DOMAIN,0.0,1.524,8.0,5.2493438320209975,5.883588911912993,,0-29,False,,ABSTAIN
0.9,Development,SEA-seattle-5457277-0-2|qp8,seattle,historical,,DOMAIN,0.0,1.524,8.0,5.2493438320209975,5.883588911912993,,0-29,False,,ABSTAIN
0.9,Development,SEA-seattle-5426480-0-0|qp9,seattle,historical,3.0,ADMITTED,7.0,1.829,9.0,4.920721705850191,5.883588911912993,3.0,0-29,True,30.0,PASS
0.9,Development,SEA-seattle-5433778-0-0|qp9,seattle,historical,3.0,ADMITTED,7.0,1.829,9.0,4.920721705850191,5.883588911912993,3.0,0-29,True,30.0,PASS
0.9,Development,SEA-seattle-5438086-0-1|qp9,seattle,historical,3.0,ADMITTED,10.0,1.829,9.0,4.920721705850191,5.883588911912993,3.0,0-29,True,30.0,PASS
0.9,Development,SEA-seattle-5449118-0-0|qp9,seattle,historical,3.0,ADMITTED,7.0,1.829,9.0,4.920721705850191,5.883588911912993,3.0,0-29,True,30.0,PASS
0.9,Development,SEA-seattle-5449903-0-0|qp9,seattle,historical,3.0,ADMITTED,9.0,1.829,9.0,4.920721705850191,5.883588911912993,3.0,0-29,True,30.0,PASS
0.9,Development,SEA-seattle-5453813-0-0|qp9,seattle,historical,3.0,ADMITTED,8.0,1.829,9.0,4.920721705850191,5.883588911912993,3.0,0-29,True,30.0,PASS
0.9,Development,SEA-seattle-5452128-0-1|qp12,seattle,historical,7.0,ADMITTED,18.0,2.438,12.0,4.922067268252666,5.883588911912993,7.0,0-29,True,30.0,PASS
0.9,Development,SEA-seattle-5454776-0-1|qp13,seattle,historical,7.0,ADMITTED,20.0,2.591,13.0,5.017367811655731,5.883588911912993,7.0,0-29,True,30.0,PASS
0.9,Development,SEA-seattle-5439807-0-1|qp18,seattle,historical,,DOMAIN,0.0,1.524,18.0,11.811023622047244,5.883588911912993,,0-29,False,,ABSTAIN
0.9,Development,SEA-seattle-5441957-0-1|qp18,seattle,historical,,DOMAIN,0.0,1.168,18.0,15.41095890410959,5.883588911912993,,0-29,False,,ABSTAIN
0.9,Development,SEA-seattle-5442697-0-2|qp18,seattle,historical,,DOMAIN,0.0,1.524,18.0,11.811023622047244,5.883588911912993,,0-29,False,,ABSTAIN
0.9,Development,SEA-seattle-5455466-0-0|qp18,seattle,historical,,DOMAIN,0.0,1.524,18.0,11.811023622047244,5.883588911912993,,0-29,False,,ABSTAIN
0.9,Development,SEA-seattle-5455998-0-0|qp18,seattle,historical,,DOMAIN,0.0,1.524,18.0,11.811023622047244,5.883588911912993,,0-29,False,,ABSTAIN
0.9,Development,SEA-seattle-5457277-0-2|qp18,seattle,historical,,DOMAIN,0.0,1.524,18.0,11.811023622047244,5.883588911912993,,0-29,False,,ABSTAIN
0.9,Development,SEA-seattle-5432169-0-1|qp20,seattle,historical,0.0,MARGIN_FLOOR,5.0,1.651,20.0,12.113870381586915,5.883588911912993,0.0,0-29,True,30.0,ZERO_ADMISSION
0.9,Development,SEA-seattle-5426480-0-0|qp22,seattle,historical,0.0,MARGIN_FLOOR,5.0,1.829,22.0,12.02843083652269,5.883588911912993,0.0,0-29,True,30.0,ZERO_ADMISSION
0.9,Development,SEA-seattle-5433778-0-0|qp22,seattle,historical,0.0,MARGIN_FLOOR,5.0,1.829,22.0,12.02843083652269,5.883588911912993,0.0,0-29,True,30.0,ZERO_ADMISSION
0.9,Development,SEA-seattle-5438086-0-1|qp22,seattle,historical,0.0,MARGIN_FLOOR,4.0,1.829,22.0,12.02843083652269,5.883588911912993,0.0,0-29,True,30.0,ZERO_ADMISSION
0.9,Development,SEA-seattle-5449118-0-0|qp22,seattle,historical,0.0,MARGIN_FLOOR,5.0,1.829,22.0,12.02843083652269,5.883588911912993,0.0,0-29,True,30.0,ZERO_ADMISSION
0.9,Development,SEA-seattle-5449903-0-0|qp22,seattle,historical,0.0,MARGIN_FLOOR,6.0,1.829,22.0,12.02843083652269,5.883588911912993,0.0,0-29,True,30.0,ZERO_ADMISSION
0.9,Development,SEA-seattle-5453813-0-0|qp22,seattle,historical,0.0,MARGIN_FLOOR,8.0,1.829,22.0,12.02843083652269,5.883588911912993,0.0,0-29,True,30.0,ZERO_ADMISSION
0.9,Development,SEA-seattle-5451525-0-0|qp23,seattle,historical,,DOMAIN,0.0,1.524,23.0,15.091863517060368,5.883588911912993,,0-29,False,,ABSTAIN
0.9,Development,SEA-seattle-5441957-0-1|qp29,seattle,historical,,DOMAIN,0.0,1.168,29.0,24.82876712328768,5.883588911912993,,0-29,False,,ABSTAIN
0.9,Development,SEA-seattle-5452128-0-1|qp29,seattle,historical,0.0,MARGIN_FLOOR,12.0,2.438,29.0,11.894995898277276,5.883588911912993,0.0,0-29,True,30.0,ZERO_ADMISSION
0.9,Development,SEA-seattle-5454776-0-1|qp31,seattle,historical,0.0,MARGIN_FLOOR,13.0,2.591,31.0,11.96449247394828,5.883588911912993,0.0,0-29,True,30.0,ZERO_ADMISSION
0.9,Development,SEA-seattle-5434873-0-0|qp37,seattle,historical,0.0,MARGIN_FLOOR,10.0,2.438,37.0,15.176374077112389,5.883588911912993,0.0,0-29,True,30.0,ZERO_ADMISSION
0.9,Development,SEA-seattle-5426595-0-0|qp38,seattle,historical,0.0,MARGIN_FLOOR,11.0,2.54,38.0,14.960629921259844,5.883588911912993,0.0,0-29,True,30.0,ZERO_ADMISSION
0.9,Development,SEA-seattle-5451525-0-0|qp38,seattle,historical,,DOMAIN,0.0,1.524,38.0,24.93438320209974,5.883588911912993,,0-29,False,,ABSTAIN
0.9,Development,SEA-seattle-5434873-0-0|qp61,seattle,historical,,DOMAIN,1.0,2.438,61.0,25.02050861361772,5.883588911912993,,0-29,False,,ABSTAIN
0.9,Development,SEA-seattle-5445989-0-0|qp61,seattle,historical,,DOMAIN,7.0,4.064,61.0,15.00984251968504,5.883588911912993,,0-29,False,,ABSTAIN
0.9,Development,SEA-seattle-5423808-0-1|qp62,seattle,historical,,DOMAIN,7.0,4.115,62.0,15.066828675577156,5.883588911912993,,0-29,False,,ABSTAIN
0.9,Development,SEA-seattle-5426595-0-0|qp64,seattle,historical,,DOMAIN,1.0,2.54,64.0,25.196850393700785,5.883588911912993,,0-29,False,,ABSTAIN
0.9,Development,SEA-seattle-5445989-0-0|qp102,seattle,historical,,DOMAIN,0.0,4.064,102.0,25.0984251968504,5.883588911912993,,0-29,False,,ABSTAIN
0.9,Development,SEA-seattle-5423808-0-1|qp103,seattle,historical,,DOMAIN,0.0,4.115,103.0,25.030376670716887,5.883588911912993,,0-29,False,,ABSTAIN
0.9,Development,DC-090|qp21.0,seattle,historical,,DOMAIN,0.0,1.168,21.0,17.97945205479452,5.883588911912993,,0-29,False,,ABSTAIN
0.9,Development,DC-093|qp27.4,seattle,historical,,DOMAIN,0.0,1.524,27.4,17.979002624671914,5.883588911912993,,0-29,False,,ABSTAIN
0.9,Development,DC-091|qp28.0,seattle,historical,,DOMAIN,0.0,1.168,28.0,23.972602739726028,5.883588911912993,,0-29,False,,ABSTAIN
0.9,Development,DC-096|qp29.7,seattle,historical,0.0,MARGIN_FLOOR,2.0,1.651,29.7,17.98909751665657,5.883588911912993,0.0,0-29,True,30.0,ZERO_ADMISSION
0.9,Development,DC-092|qp35.0,seattle,historical,,DOMAIN,0.0,1.168,35.0,29.96575342465753,5.883588911912993,,0-29,False,,ABSTAIN
0.9,Development,DC-094|qp36.6,seattle,historical,,DOMAIN,0.0,1.524,36.6,24.015748031496063,5.883588911912993,,0-29,False,,ABSTAIN
0.9,Development,DC-097|qp39.6,seattle,historical,0.0,SERVICE,0.0,1.651,39.6,23.98546335554209,5.883588911912993,0.0,0-29,False,,ZERO_ADMISSION
0.9,Development,DC-099|qp43.9,seattle,historical,0.0,MARGIN_FLOOR,7.0,2.438,43.9,18.006562756357667,5.883588911912993,0.0,0-29,True,30.0,ZERO_ADMISSION
0.9,Development,DC-095|qp45.7,seattle,historical,,DOMAIN,0.0,1.524,45.7,29.98687664041995,5.883588911912993,,0-29,False,,ABSTAIN
0.9,Development,DC-098|qp49.5,seattle,historical,0.0,SERVICE,0.0,1.651,49.5,29.98182919442762,5.883588911912993,0.0,0-29,False,,ZERO_ADMISSION
0.9,Development,DC-100|qp58.5,seattle,historical,0.0,MARGIN_FLOOR,3.0,2.438,58.5,23.995077932731743,5.883588911912993,0.0,0-29,True,30.0,ZERO_ADMISSION
0.9,Development,DC-101|qp73.1,seattle,historical,,DOMAIN,0.0,2.438,73.1,29.98359310910582,5.883588911912993,,0-29,False,,ABSTAIN
0.9,Development,DC-102|qp73.2,seattle,historical,,DOMAIN,3.0,4.064,73.2,18.011811023622048,5.883588911912993,,0-29,False,,ABSTAIN
0.9,Development,DC-103|qp97.5,seattle,historical,,DOMAIN,2.0,4.064,97.5,23.991141732283463,5.883588911912993,,0-29,False,,ABSTAIN
0.9,Development,DC-104|qp121.9,seattle,historical,,DOMAIN,0.0,4.064,121.9,29.99507874015748,5.883588911912993,,0-29,False,,ABSTAIN
0.0,Development,TPE-taipei-idx5185-0-1|qp6,taipei,historical,,DOMAIN,0.0,1.2,6.0,5.0,0.0,,0-29,False,,ABSTAIN
0.0,Development,TPE-taipei-idx9524-0-2|qp6,taipei,historical,,DOMAIN,0.0,1.19,6.0,5.042016806722689,0.0,,0-29,False,,ABSTAIN
0.0,Development,TPE-taipei-idx12521-0-5|qp9,taipei,historical,7.0,ADMITTED,5.0,1.75,9.0,5.142857142857143,0.0,7.0,0-29,True,28.0,FAIL
0.0,Development,TPE-taipei-idx14193-0-0|qp10,taipei,historical,9.0,ADMITTED,10.0,1.99,10.0,5.025125628140704,0.0,9.0,0-29,True,29.0,PASS
0.0,Development,TPE-taipei-idx1592-0-2|qp10,taipei,historical,9.0,ADMITTED,10.0,1.96,10.0,5.1020408163265305,0.0,9.0,0-29,True,29.0,PASS
0.0,Development,TPE-taipei-idx326-0-1|qp10,taipei,historical,9.0,ADMITTED,9.0,2.05,10.0,4.878048780487806,0.0,9.0,0-29,True,29.0,PASS
0.0,Development,TPE-taipei-idx674-0-1|qp10,taipei,historical,9.0,ADMITTED,10.0,2.06,10.0,4.854368932038835,0.0,9.0,0-29,True,29.0,PASS
0.0,Development,TPE-taipei-idx15074-0-0|qp12,taipei,historical,12.0,ADMITTED,15.0,2.36,12.0,5.084745762711865,0.0,12.0,0-29,True,30.0,PASS
0.0,Development,TPE-taipei-idx5185-0-1|qp14,taipei,historical,,DOMAIN,0.0,1.2,14.0,11.666666666666668,0.0,,0-29,False,,ABSTAIN
0.0,Development,TPE-taipei-idx9524-0-2|qp14,taipei,historical,,DOMAIN,0.0,1.19,14.0,11.764705882352942,0.0,,0-29,False,,ABSTAIN
0.0,Development,TPE-taipei-idx4344-0-0|qp18,taipei,historical,,DOMAIN,19.0,3.54,18.0,5.084745762711864,0.0,,0-29,False,,ABSTAIN
0.0,Development,TPE-taipei-idx5150-0-0|qp18,taipei,historical,,DOMAIN,0.0,1.2,18.0,15.0,0.0,,0-29,False,,ABSTAIN
0.0,Development,TPE-taipei-idx5283-0-0|qp18,taipei,historical,,DOMAIN,0.0,1.2,18.0,15.0,0.0,,0-29,False,,ABSTAIN
0.0,Development,TPE-taipei-idx5349-0-1|qp18,taipei,historical,,DOMAIN,0.0,1.2,18.0,15.0,0.0,,0-29,False,,ABSTAIN
0.0,Development,TPE-taipei-idx9453-0-1|qp18,taipei,historical,,DOMAIN,19.0,3.55,18.0,5.070422535211268,0.0,,0-29,False,,ABSTAIN
0.0,Development,TPE-taipei-idx2314-0-0|qp19,taipei,historical,,DOMAIN,0.0,1.27,19.0,14.960629921259844,0.0,,0-29,False,,ABSTAIN
0.0,Development,TPE-taipei-idx12521-0-5|qp21,taipei,historical,0.0,SERVICE,0.0,1.75,21.0,12.0,0.0,0.0,0-29,False,,ZERO_ADMISSION
0.0,Development,TPE-taipei-idx12764-0-0|qp22,taipei,historical,,DOMAIN,0.0,1.48,22.0,14.864864864864863,0.0,,0-29,False,,ABSTAIN
0.0,Development,TPE-taipei-idx14193-0-0|qp24,taipei,historical,4.0,ADMITTED,7.0,1.99,24.0,12.06030150753769,0.0,4.0,0-29,True,30.0,PASS
0.0,Development,TPE-taipei-idx1592-0-2|qp24,taipei,historical,4.0,ADMITTED,7.0,1.96,24.0,12.244897959183673,0.0,4.0,0-29,True,30.0,PASS
0.0,Development,TPE-taipei-idx326-0-1|qp25,taipei,historical,4.0,ADMITTED,6.0,2.05,25.0,12.195121951219512,0.0,4.0,0-29,True,30.0,PASS
0.0,Development,TPE-taipei-idx674-0-1|qp25,taipei,historical,4.0,ADMITTED,6.0,2.06,25.0,12.135922330097086,0.0,4.0,0-29,True,30.0,PASS
0.0,Development,TPE-taipei-idx15074-0-0|qp28,taipei,historical,5.0,ADMITTED,10.0,2.36,28.0,11.864406779661016,0.0,5.0,0-29,True,30.0,PASS
0.0,Development,TPE-taipei-idx5150-0-0|qp30,taipei,historical,,DOMAIN,0.0,1.2,30.0,25.0,0.0,,0-29,False,,ABSTAIN
0.0,Development,TPE-taipei-idx5283-0-0|qp30,taipei,historical,,DOMAIN,0.0,1.2,30.0,25.0,0.0,,0-29,False,,ABSTAIN
0.0,Development,TPE-taipei-idx5349-0-1|qp30,taipei,historical,,DOMAIN,0.0,1.2,30.0,25.0,0.0,,0-29,False,,ABSTAIN
0.0,Development,TPE-taipei-idx9590-0-0|qp31,taipei,historical,3.0,ADMITTED,4.0,2.04,31.0,15.196078431372548,0.0,3.0,0-29,True,30.0,PASS
0.0,Development,TPE-taipei-idx2314-0-0|qp32,taipei,historical,,DOMAIN,0.0,1.27,32.0,25.196850393700785,0.0,,0-29,False,,ABSTAIN
0.0,Development,TPE-taipei-idx12764-0-0|qp37,taipei,historical,,DOMAIN,0.0,1.48,37.0,25.0,0.0,,0-29,False,,ABSTAIN
0.0,Development,TPE-taipei-idx15608-0-1|qp37,taipei,historical,4.0,ADMITTED,10.0,2.48,37.0,14.919354838709678,0.0,4.0,0-29,True,30.0,PASS
0.0,Development,TPE-taipei-idx11047-0-0|qp40,taipei,historical,5.0,ADMITTED,11.0,2.69,40.0,14.869888475836431,0.0,5.0,0-29,True,30.0,PASS
0.0,Development,TPE-taipei-idx4344-0-0|qp42,taipei,historical,,DOMAIN,11.0,3.54,42.0,11.864406779661016,0.0,,0-29,False,,ABSTAIN
0.0,Development,TPE-taipei-idx9453-0-1|qp43,taipei,historical,,DOMAIN,11.0,3.55,43.0,12.112676056338028,0.0,,0-29,False,,ABSTAIN
0.0,Development,TPE-taipei-idx813-0-1|qp45,taipei,historical,5.0,ADMITTED,10.0,2.99,45.0,15.050167224080267,0.0,5.0,0-29,True,30.0,PASS
0.0,Development,TPE-taipei-idx9590-0-0|qp51,taipei,historical,0.0,SERVICE,0.0,2.04,51.0,25.0,0.0,0.0,0-29,False,,ZERO_ADMISSION
0.0,Development,TPE-taipei-idx15608-0-1|qp62,taipei,historical,,DOMAIN,1.0,2.48,62.0,25.0,0.0,,0-29,False,,ABSTAIN
0.0,Development,TPE-taipei-idx11047-0-0|qp67,taipei,historical,,DOMAIN,1.0,2.69,67.0,24.907063197026023,0.0,,0-29,False,,ABSTAIN
0.0,Development,TPE-taipei-idx813-0-1|qp75,taipei,historical,,DOMAIN,1.0,2.99,75.0,25.083612040133776,0.0,,0-29,False,,ABSTAIN
0.0,Development,TPE-taipei-idx16266-0-0|qp96,taipei,historical,,DOMAIN,0.0,3.19,96.0,30.094043887147336,0.0,,0-29,False,,ABSTAIN
0.0,Development,TPE-taipei-idx16266-0-0|qp144,taipei,historical,,DOMAIN,0.0,3.19,144.0,45.14106583072101,0.0,,0-29,False,,ABSTAIN
0.0,Development,DC-054|qp21.4,taipei,historical,,DOMAIN,0.0,1.19,21.4,17.983193277310924,0.0,,0-29,False,,ABSTAIN
0.0,Development,DC-057|qp21.6,taipei,historical,,DOMAIN,0.0,1.2,21.6,18.000000000000004,0.0,,0-29,False,,ABSTAIN
0.0,Development,DC-055|qp28.6,taipei,historical,,DOMAIN,0.0,1.19,28.6,24.033613445378155,0.0,,0-29,False,,ABSTAIN
0.0,Development,DC-058|qp28.8,taipei,historical,,DOMAIN,0.0,1.2,28.8,24.0,0.0,,0-29,False,,ABSTAIN
0.0,Development,DC-060|qp31.5,taipei,historical,2.0,ADMITTED,2.0,1.75,31.5,18.0,0.0,2.0,0-29,True,29.0,PASS
0.0,Development,DC-063|qp35.3,taipei,historical,3.0,ADMITTED,3.0,1.96,35.3,18.01020408163265,0.0,3.0,0-29,True,29.0,PASS
0.0,Development,DC-056|qp35.7,taipei,historical,,DOMAIN,0.0,1.19,35.7,30.000000000000004,0.0,,0-29,False,,ABSTAIN
0.0,Development,DC-059|qp36.0,taipei,historical,,DOMAIN,0.0,1.2,36.0,30.0,0.0,,0-29,False,,ABSTAIN
0.0,Development,DC-061|qp42.0,taipei,historical,0.0,SERVICE,0.0,1.75,42.0,24.0,0.0,0.0,0-29,False,,ZERO_ADMISSION
0.0,Development,DC-066|qp44.6,taipei,historical,4.0,ADMITTED,8.0,2.48,44.6,17.983870967741936,0.0,4.0,0-29,True,30.0,PASS
0.0,Development,DC-064|qp47.0,taipei,historical,0.0,SERVICE,0.0,1.96,47.0,23.97959183673469,0.0,0.0,0-29,False,,ZERO_ADMISSION
0.0,Development,DC-062|qp52.5,taipei,historical,0.0,SERVICE,0.0,1.75,52.5,30.0,0.0,0.0,0-29,False,,ZERO_ADMISSION
0.0,Development,DC-065|qp58.8,taipei,historical,0.0,SERVICE,0.0,1.96,58.8,30.0,0.0,0.0,0-29,False,,ZERO_ADMISSION
0.0,Development,DC-067|qp59.5,taipei,historical,3.0,ADMITTED,2.0,2.48,59.5,23.991935483870968,0.0,3.0,0-29,True,27.0,FAIL
0.0,Development,DC-069|qp63.7,taipei,historical,,DOMAIN,6.0,3.54,63.7,17.994350282485875,0.0,,0-29,False,,ABSTAIN
0.0,Development,DC-068|qp74.4,taipei,historical,,DOMAIN,0.0,2.48,74.4,30.000000000000004,0.0,,0-29,False,,ABSTAIN
0.0,Development,DC-070|qp85.0,taipei,historical,,DOMAIN,4.0,3.54,85.0,24.01129943502825,0.0,,0-29,False,,ABSTAIN
0.0,Development,DC-071|qp106.2,taipei,historical,,DOMAIN,0.0,3.54,106.2,30.0,0.0,,0-29,False,,ABSTAIN
0.5,Development,TPE-taipei-idx5185-0-1|qp6,taipei,historical,,DOMAIN,0.0,1.2,6.0,5.0,1.7932167497725822,,0-29,False,,ABSTAIN
0.5,Development,TPE-taipei-idx9524-0-2|qp6,taipei,historical,,DOMAIN,0.0,1.19,6.0,5.042016806722689,1.7932167497725822,,0-29,False,,ABSTAIN
0.5,Development,TPE-taipei-idx12521-0-5|qp9,taipei,historical,7.0,ADMITTED,5.0,1.75,9.0,5.142857142857143,1.7932167497725822,7.0,0-29,True,28.0,FAIL
0.5,Development,TPE-taipei-idx14193-0-0|qp10,taipei,historical,8.0,ADMITTED,10.0,1.99,10.0,5.025125628140704,1.7932167497725822,8.0,0-29,True,30.0,PASS
0.5,Development,TPE-taipei-idx1592-0-2|qp10,taipei,historical,8.0,ADMITTED,10.0,1.96,10.0,5.1020408163265305,1.7932167497725822,8.0,0-29,True,29.0,PASS
0.5,Development,TPE-taipei-idx326-0-1|qp10,taipei,historical,9.0,ADMITTED,9.0,2.05,10.0,4.878048780487806,1.7932167497725822,9.0,0-29,True,29.0,PASS
0.5,Development,TPE-taipei-idx674-0-1|qp10,taipei,historical,9.0,ADMITTED,10.0,2.06,10.0,4.854368932038835,1.7932167497725822,9.0,0-29,True,29.0,PASS
0.5,Development,TPE-taipei-idx15074-0-0|qp12,taipei,historical,10.0,ADMITTED,15.0,2.36,12.0,5.084745762711865,1.7932167497725822,10.0,0-29,True,30.0,PASS
0.5,Development,TPE-taipei-idx5185-0-1|qp14,taipei,historical,,DOMAIN,0.0,1.2,14.0,11.666666666666668,1.7932167497725822,,0-29,False,,ABSTAIN
0.5,Development,TPE-taipei-idx9524-0-2|qp14,taipei,historical,,DOMAIN,0.0,1.19,14.0,11.764705882352942,1.7932167497725822,,0-29,False,,ABSTAIN
0.5,Development,TPE-taipei-idx4344-0-0|qp18,taipei,historical,,DOMAIN,19.0,3.54,18.0,5.084745762711864,1.7932167497725822,,0-29,False,,ABSTAIN
0.5,Development,TPE-taipei-idx5150-0-0|qp18,taipei,historical,,DOMAIN,0.0,1.2,18.0,15.0,1.7932167497725822,,0-29,False,,ABSTAIN
0.5,Development,TPE-taipei-idx5283-0-0|qp18,taipei,historical,,DOMAIN,0.0,1.2,18.0,15.0,1.7932167497725822,,0-29,False,,ABSTAIN
0.5,Development,TPE-taipei-idx5349-0-1|qp18,taipei,historical,,DOMAIN,0.0,1.2,18.0,15.0,1.7932167497725822,,0-29,False,,ABSTAIN
0.5,Development,TPE-taipei-idx9453-0-1|qp18,taipei,historical,,DOMAIN,19.0,3.55,18.0,5.070422535211268,1.7932167497725822,,0-29,False,,ABSTAIN
0.5,Development,TPE-taipei-idx2314-0-0|qp19,taipei,historical,,DOMAIN,0.0,1.27,19.0,14.960629921259844,1.7932167497725822,,0-29,False,,ABSTAIN
0.5,Development,TPE-taipei-idx12521-0-5|qp21,taipei,historical,0.0,SERVICE,0.0,1.75,21.0,12.0,1.7932167497725822,0.0,0-29,False,,ZERO_ADMISSION
0.5,Development,TPE-taipei-idx12764-0-0|qp22,taipei,historical,,DOMAIN,0.0,1.48,22.0,14.864864864864863,1.7932167497725822,,0-29,False,,ABSTAIN
0.5,Development,TPE-taipei-idx14193-0-0|qp24,taipei,historical,2.0,ADMITTED,7.0,1.99,24.0,12.06030150753769,1.7932167497725822,2.0,0-29,True,30.0,PASS
0.5,Development,TPE-taipei-idx1592-0-2|qp24,taipei,historical,2.0,ADMITTED,7.0,1.96,24.0,12.244897959183673,1.7932167497725822,2.0,0-29,True,30.0,PASS
0.5,Development,TPE-taipei-idx326-0-1|qp25,taipei,historical,3.0,ADMITTED,6.0,2.05,25.0,12.195121951219512,1.7932167497725822,3.0,0-29,True,30.0,PASS
0.5,Development,TPE-taipei-idx674-0-1|qp25,taipei,historical,3.0,ADMITTED,6.0,2.06,25.0,12.135922330097086,1.7932167497725822,3.0,0-29,True,30.0,PASS
0.5,Development,TPE-taipei-idx15074-0-0|qp28,taipei,historical,3.0,ADMITTED,10.0,2.36,28.0,11.864406779661016,1.7932167497725822,3.0,0-29,True,30.0,PASS
0.5,Development,TPE-taipei-idx5150-0-0|qp30,taipei,historical,,DOMAIN,0.0,1.2,30.0,25.0,1.7932167497725822,,0-29,False,,ABSTAIN
0.5,Development,TPE-taipei-idx5283-0-0|qp30,taipei,historical,,DOMAIN,0.0,1.2,30.0,25.0,1.7932167497725822,,0-29,False,,ABSTAIN
0.5,Development,TPE-taipei-idx5349-0-1|qp30,taipei,historical,,DOMAIN,0.0,1.2,30.0,25.0,1.7932167497725822,,0-29,False,,ABSTAIN
0.5,Development,TPE-taipei-idx9590-0-0|qp31,taipei,historical,2.0,ADMITTED,4.0,2.04,31.0,15.196078431372548,1.7932167497725822,2.0,0-29,True,30.0,PASS
0.5,Development,TPE-taipei-idx2314-0-0|qp32,taipei,historical,,DOMAIN,0.0,1.27,32.0,25.196850393700785,1.7932167497725822,,0-29,False,,ABSTAIN
0.5,Development,TPE-taipei-idx12764-0-0|qp37,taipei,historical,,DOMAIN,0.0,1.48,37.0,25.0,1.7932167497725822,,0-29,False,,ABSTAIN
0.5,Development,TPE-taipei-idx15608-0-1|qp37,taipei,historical,3.0,ADMITTED,10.0,2.48,37.0,14.919354838709678,1.7932167497725822,3.0,0-29,True,30.0,PASS
0.5,Development,TPE-taipei-idx11047-0-0|qp40,taipei,historical,3.0,ADMITTED,11.0,2.69,40.0,14.869888475836431,1.7932167497725822,3.0,0-29,True,30.0,PASS
0.5,Development,TPE-taipei-idx4344-0-0|qp42,taipei,historical,,DOMAIN,11.0,3.54,42.0,11.864406779661016,1.7932167497725822,,0-29,False,,ABSTAIN
0.5,Development,TPE-taipei-idx9453-0-1|qp43,taipei,historical,,DOMAIN,11.0,3.55,43.0,12.112676056338028,1.7932167497725822,,0-29,False,,ABSTAIN
0.5,Development,TPE-taipei-idx813-0-1|qp45,taipei,historical,4.0,ADMITTED,10.0,2.99,45.0,15.050167224080267,1.7932167497725822,4.0,0-29,True,30.0,PASS
0.5,Development,TPE-taipei-idx9590-0-0|qp51,taipei,historical,0.0,SERVICE,0.0,2.04,51.0,25.0,1.7932167497725822,0.0,0-29,False,,ZERO_ADMISSION
0.5,Development,TPE-taipei-idx15608-0-1|qp62,taipei,historical,,DOMAIN,1.0,2.48,62.0,25.0,1.7932167497725822,,0-29,False,,ABSTAIN
0.5,Development,TPE-taipei-idx11047-0-0|qp67,taipei,historical,,DOMAIN,1.0,2.69,67.0,24.907063197026023,1.7932167497725822,,0-29,False,,ABSTAIN
0.5,Development,TPE-taipei-idx813-0-1|qp75,taipei,historical,,DOMAIN,1.0,2.99,75.0,25.083612040133776,1.7932167497725822,,0-29,False,,ABSTAIN
0.5,Development,TPE-taipei-idx16266-0-0|qp96,taipei,historical,,DOMAIN,0.0,3.19,96.0,30.094043887147336,1.7932167497725822,,0-29,False,,ABSTAIN
0.5,Development,TPE-taipei-idx16266-0-0|qp144,taipei,historical,,DOMAIN,0.0,3.19,144.0,45.14106583072101,1.7932167497725822,,0-29,False,,ABSTAIN
0.5,Development,DC-054|qp21.4,taipei,historical,,DOMAIN,0.0,1.19,21.4,17.983193277310924,1.7932167497725822,,0-29,False,,ABSTAIN
0.5,Development,DC-057|qp21.6,taipei,historical,,DOMAIN,0.0,1.2,21.6,18.000000000000004,1.7932167497725822,,0-29,False,,ABSTAIN
0.5,Development,DC-055|qp28.6,taipei,historical,,DOMAIN,0.0,1.19,28.6,24.033613445378155,1.7932167497725822,,0-29,False,,ABSTAIN
0.5,Development,DC-058|qp28.8,taipei,historical,,DOMAIN,0.0,1.2,28.8,24.0,1.7932167497725822,,0-29,False,,ABSTAIN
0.5,Development,DC-060|qp31.5,taipei,historical,1.0,ADMITTED,2.0,1.75,31.5,18.0,1.7932167497725822,1.0,0-29,True,29.0,PASS
0.5,Development,DC-063|qp35.3,taipei,historical,1.0,ADMITTED,3.0,1.96,35.3,18.01020408163265,1.7932167497725822,1.0,0-29,True,30.0,PASS
0.5,Development,DC-056|qp35.7,taipei,historical,,DOMAIN,0.0,1.19,35.7,30.000000000000004,1.7932167497725822,,0-29,False,,ABSTAIN
0.5,Development,DC-059|qp36.0,taipei,historical,,DOMAIN,0.0,1.2,36.0,30.0,1.7932167497725822,,0-29,False,,ABSTAIN
0.5,Development,DC-061|qp42.0,taipei,historical,0.0,SERVICE,0.0,1.75,42.0,24.0,1.7932167497725822,0.0,0-29,False,,ZERO_ADMISSION
0.5,Development,DC-066|qp44.6,taipei,historical,2.0,ADMITTED,8.0,2.48,44.6,17.983870967741936,1.7932167497725822,2.0,0-29,True,30.0,PASS
0.5,Development,DC-064|qp47.0,taipei,historical,0.0,SERVICE,0.0,1.96,47.0,23.97959183673469,1.7932167497725822,0.0,0-29,False,,ZERO_ADMISSION
0.5,Development,DC-062|qp52.5,taipei,historical,0.0,SERVICE,0.0,1.75,52.5,30.0,1.7932167497725822,0.0,0-29,False,,ZERO_ADMISSION
0.5,Development,DC-065|qp58.8,taipei,historical,0.0,SERVICE,0.0,1.96,58.8,30.0,1.7932167497725822,0.0,0-29,False,,ZERO_ADMISSION
0.5,Development,DC-067|qp59.5,taipei,historical,1.0,ADMITTED,2.0,2.48,59.5,23.991935483870968,1.7932167497725822,1.0,0-29,True,30.0,PASS
0.5,Development,DC-069|qp63.7,taipei,historical,,DOMAIN,6.0,3.54,63.7,17.994350282485875,1.7932167497725822,,0-29,False,,ABSTAIN
0.5,Development,DC-068|qp74.4,taipei,historical,,DOMAIN,0.0,2.48,74.4,30.000000000000004,1.7932167497725822,,0-29,False,,ABSTAIN
0.5,Development,DC-070|qp85.0,taipei,historical,,DOMAIN,4.0,3.54,85.0,24.01129943502825,1.7932167497725822,,0-29,False,,ABSTAIN
0.5,Development,DC-071|qp106.2,taipei,historical,,DOMAIN,0.0,3.54,106.2,30.0,1.7932167497725822,,0-29,False,,ABSTAIN
0.65,Development,TPE-taipei-idx5185-0-1|qp6,taipei,historical,,DOMAIN,0.0,1.2,6.0,5.0,2.51559550066689,,0-29,False,,ABSTAIN
0.65,Development,TPE-taipei-idx9524-0-2|qp6,taipei,historical,,DOMAIN,0.0,1.19,6.0,5.042016806722689,2.51559550066689,,0-29,False,,ABSTAIN
0.65,Development,TPE-taipei-idx12521-0-5|qp9,taipei,historical,6.0,ADMITTED,5.0,1.75,9.0,5.142857142857143,2.51559550066689,6.0,0-29,True,28.0,FAIL
0.65,Development,TPE-taipei-idx14193-0-0|qp10,taipei,historical,7.0,ADMITTED,10.0,1.99,10.0,5.025125628140704,2.51559550066689,7.0,0-29,True,30.0,PASS
0.65,Development,TPE-taipei-idx1592-0-2|qp10,taipei,historical,7.0,ADMITTED,10.0,1.96,10.0,5.1020408163265305,2.51559550066689,7.0,0-29,True,29.0,PASS
0.65,Development,TPE-taipei-idx326-0-1|qp10,taipei,historical,8.0,ADMITTED,9.0,2.05,10.0,4.878048780487806,2.51559550066689,8.0,0-29,True,30.0,PASS
0.65,Development,TPE-taipei-idx674-0-1|qp10,taipei,historical,8.0,ADMITTED,10.0,2.06,10.0,4.854368932038835,2.51559550066689,8.0,0-29,True,30.0,PASS
0.65,Development,TPE-taipei-idx15074-0-0|qp12,taipei,historical,9.0,ADMITTED,15.0,2.36,12.0,5.084745762711865,2.51559550066689,9.0,0-29,True,30.0,PASS
0.65,Development,TPE-taipei-idx5185-0-1|qp14,taipei,historical,,DOMAIN,0.0,1.2,14.0,11.666666666666668,2.51559550066689,,0-29,False,,ABSTAIN
0.65,Development,TPE-taipei-idx9524-0-2|qp14,taipei,historical,,DOMAIN,0.0,1.19,14.0,11.764705882352942,2.51559550066689,,0-29,False,,ABSTAIN
0.65,Development,TPE-taipei-idx4344-0-0|qp18,taipei,historical,,DOMAIN,19.0,3.54,18.0,5.084745762711864,2.51559550066689,,0-29,False,,ABSTAIN
0.65,Development,TPE-taipei-idx5150-0-0|qp18,taipei,historical,,DOMAIN,0.0,1.2,18.0,15.0,2.51559550066689,,0-29,False,,ABSTAIN
0.65,Development,TPE-taipei-idx5283-0-0|qp18,taipei,historical,,DOMAIN,0.0,1.2,18.0,15.0,2.51559550066689,,0-29,False,,ABSTAIN
0.65,Development,TPE-taipei-idx5349-0-1|qp18,taipei,historical,,DOMAIN,0.0,1.2,18.0,15.0,2.51559550066689,,0-29,False,,ABSTAIN
0.65,Development,TPE-taipei-idx9453-0-1|qp18,taipei,historical,,DOMAIN,19.0,3.55,18.0,5.070422535211268,2.51559550066689,,0-29,False,,ABSTAIN
0.65,Development,TPE-taipei-idx2314-0-0|qp19,taipei,historical,,DOMAIN,0.0,1.27,19.0,14.960629921259844,2.51559550066689,,0-29,False,,ABSTAIN
0.65,Development,TPE-taipei-idx12521-0-5|qp21,taipei,historical,0.0,SERVICE,0.0,1.75,21.0,12.0,2.51559550066689,0.0,0-29,False,,ZERO_ADMISSION
0.65,Development,TPE-taipei-idx12764-0-0|qp22,taipei,historical,,DOMAIN,0.0,1.48,22.0,14.864864864864863,2.51559550066689,,0-29,False,,ABSTAIN
0.65,Development,TPE-taipei-idx14193-0-0|qp24,taipei,historical,2.0,ADMITTED,7.0,1.99,24.0,12.06030150753769,2.51559550066689,2.0,0-29,True,30.0,PASS
0.65,Development,TPE-taipei-idx1592-0-2|qp24,taipei,historical,2.0,ADMITTED,7.0,1.96,24.0,12.244897959183673,2.51559550066689,2.0,0-29,True,30.0,PASS
0.65,Development,TPE-taipei-idx326-0-1|qp25,taipei,historical,2.0,ADMITTED,6.0,2.05,25.0,12.195121951219512,2.51559550066689,2.0,0-29,True,30.0,PASS
0.65,Development,TPE-taipei-idx674-0-1|qp25,taipei,historical,2.0,ADMITTED,6.0,2.06,25.0,12.135922330097086,2.51559550066689,2.0,0-29,True,30.0,PASS
0.65,Development,TPE-taipei-idx15074-0-0|qp28,taipei,historical,3.0,ADMITTED,10.0,2.36,28.0,11.864406779661016,2.51559550066689,3.0,0-29,True,30.0,PASS
0.65,Development,TPE-taipei-idx5150-0-0|qp30,taipei,historical,,DOMAIN,0.0,1.2,30.0,25.0,2.51559550066689,,0-29,False,,ABSTAIN
0.65,Development,TPE-taipei-idx5283-0-0|qp30,taipei,historical,,DOMAIN,0.0,1.2,30.0,25.0,2.51559550066689,,0-29,False,,ABSTAIN
0.65,Development,TPE-taipei-idx5349-0-1|qp30,taipei,historical,,DOMAIN,0.0,1.2,30.0,25.0,2.51559550066689,,0-29,False,,ABSTAIN
0.65,Development,TPE-taipei-idx9590-0-0|qp31,taipei,historical,1.0,ADMITTED,4.0,2.04,31.0,15.196078431372548,2.51559550066689,1.0,0-29,True,30.0,PASS
0.65,Development,TPE-taipei-idx2314-0-0|qp32,taipei,historical,,DOMAIN,0.0,1.27,32.0,25.196850393700785,2.51559550066689,,0-29,False,,ABSTAIN
0.65,Development,TPE-taipei-idx12764-0-0|qp37,taipei,historical,,DOMAIN,0.0,1.48,37.0,25.0,2.51559550066689,,0-29,False,,ABSTAIN
0.65,Development,TPE-taipei-idx15608-0-1|qp37,taipei,historical,2.0,ADMITTED,10.0,2.48,37.0,14.919354838709678,2.51559550066689,2.0,0-29,True,30.0,PASS
0.65,Development,TPE-taipei-idx11047-0-0|qp40,taipei,historical,2.0,ADMITTED,11.0,2.69,40.0,14.869888475836431,2.51559550066689,2.0,0-29,True,30.0,PASS
0.65,Development,TPE-taipei-idx4344-0-0|qp42,taipei,historical,,DOMAIN,11.0,3.54,42.0,11.864406779661016,2.51559550066689,,0-29,False,,ABSTAIN
0.65,Development,TPE-taipei-idx9453-0-1|qp43,taipei,historical,,DOMAIN,11.0,3.55,43.0,12.112676056338028,2.51559550066689,,0-29,False,,ABSTAIN
0.65,Development,TPE-taipei-idx813-0-1|qp45,taipei,historical,3.0,ADMITTED,10.0,2.99,45.0,15.050167224080267,2.51559550066689,3.0,0-29,True,30.0,PASS
0.65,Development,TPE-taipei-idx9590-0-0|qp51,taipei,historical,0.0,SERVICE,0.0,2.04,51.0,25.0,2.51559550066689,0.0,0-29,False,,ZERO_ADMISSION
0.65,Development,TPE-taipei-idx15608-0-1|qp62,taipei,historical,,DOMAIN,1.0,2.48,62.0,25.0,2.51559550066689,,0-29,False,,ABSTAIN
0.65,Development,TPE-taipei-idx11047-0-0|qp67,taipei,historical,,DOMAIN,1.0,2.69,67.0,24.907063197026023,2.51559550066689,,0-29,False,,ABSTAIN
0.65,Development,TPE-taipei-idx813-0-1|qp75,taipei,historical,,DOMAIN,1.0,2.99,75.0,25.083612040133776,2.51559550066689,,0-29,False,,ABSTAIN
0.65,Development,TPE-taipei-idx16266-0-0|qp96,taipei,historical,,DOMAIN,0.0,3.19,96.0,30.094043887147336,2.51559550066689,,0-29,False,,ABSTAIN
0.65,Development,TPE-taipei-idx16266-0-0|qp144,taipei,historical,,DOMAIN,0.0,3.19,144.0,45.14106583072101,2.51559550066689,,0-29,False,,ABSTAIN
0.65,Development,DC-054|qp21.4,taipei,historical,,DOMAIN,0.0,1.19,21.4,17.983193277310924,2.51559550066689,,0-29,False,,ABSTAIN
0.65,Development,DC-057|qp21.6,taipei,historical,,DOMAIN,0.0,1.2,21.6,18.000000000000004,2.51559550066689,,0-29,False,,ABSTAIN
0.65,Development,DC-055|qp28.6,taipei,historical,,DOMAIN,0.0,1.19,28.6,24.033613445378155,2.51559550066689,,0-29,False,,ABSTAIN
0.65,Development,DC-058|qp28.8,taipei,historical,,DOMAIN,0.0,1.2,28.8,24.0,2.51559550066689,,0-29,False,,ABSTAIN
0.65,Development,DC-060|qp31.5,taipei,historical,0.0,MARGIN_FLOOR,2.0,1.75,31.5,18.0,2.51559550066689,0.0,0-29,True,30.0,ZERO_ADMISSION
0.65,Development,DC-063|qp35.3,taipei,historical,0.0,MARGIN_FLOOR,3.0,1.96,35.3,18.01020408163265,2.51559550066689,0.0,0-29,True,30.0,ZERO_ADMISSION
0.65,Development,DC-056|qp35.7,taipei,historical,,DOMAIN,0.0,1.19,35.7,30.000000000000004,2.51559550066689,,0-29,False,,ABSTAIN
0.65,Development,DC-059|qp36.0,taipei,historical,,DOMAIN,0.0,1.2,36.0,30.0,2.51559550066689,,0-29,False,,ABSTAIN
0.65,Development,DC-061|qp42.0,taipei,historical,0.0,SERVICE,0.0,1.75,42.0,24.0,2.51559550066689,0.0,0-29,False,,ZERO_ADMISSION
0.65,Development,DC-066|qp44.6,taipei,historical,1.0,ADMITTED,8.0,2.48,44.6,17.983870967741936,2.51559550066689,1.0,0-29,True,30.0,PASS
0.65,Development,DC-064|qp47.0,taipei,historical,0.0,SERVICE,0.0,1.96,47.0,23.97959183673469,2.51559550066689,0.0,0-29,False,,ZERO_ADMISSION
0.65,Development,DC-062|qp52.5,taipei,historical,0.0,SERVICE,0.0,1.75,52.5,30.0,2.51559550066689,0.0,0-29,False,,ZERO_ADMISSION
0.65,Development,DC-065|qp58.8,taipei,historical,0.0,SERVICE,0.0,1.96,58.8,30.0,2.51559550066689,0.0,0-29,False,,ZERO_ADMISSION
0.65,Development,DC-067|qp59.5,taipei,historical,0.0,MARGIN_FLOOR,2.0,2.48,59.5,23.991935483870968,2.51559550066689,0.0,0-29,True,30.0,ZERO_ADMISSION
0.65,Development,DC-069|qp63.7,taipei,historical,,DOMAIN,6.0,3.54,63.7,17.994350282485875,2.51559550066689,,0-29,False,,ABSTAIN
0.65,Development,DC-068|qp74.4,taipei,historical,,DOMAIN,0.0,2.48,74.4,30.000000000000004,2.51559550066689,,0-29,False,,ABSTAIN
0.65,Development,DC-070|qp85.0,taipei,historical,,DOMAIN,4.0,3.54,85.0,24.01129943502825,2.51559550066689,,0-29,False,,ABSTAIN
0.65,Development,DC-071|qp106.2,taipei,historical,,DOMAIN,0.0,3.54,106.2,30.0,2.51559550066689,,0-29,False,,ABSTAIN
0.8,Development,TPE-taipei-idx5185-0-1|qp6,taipei,historical,,DOMAIN,0.0,1.2,6.0,5.0,3.6759235591627535,,0-29,False,,ABSTAIN
0.8,Development,TPE-taipei-idx9524-0-2|qp6,taipei,historical,,DOMAIN,0.0,1.19,6.0,5.042016806722689,3.6759235591627535,,0-29,False,,ABSTAIN
0.8,Development,TPE-taipei-idx12521-0-5|qp9,taipei,historical,5.0,ADMITTED,5.0,1.75,9.0,5.142857142857143,3.6759235591627535,5.0,0-29,True,30.0,PASS
0.8,Development,TPE-taipei-idx14193-0-0|qp10,taipei,historical,6.0,ADMITTED,10.0,1.99,10.0,5.025125628140704,3.6759235591627535,6.0,0-29,True,30.0,PASS
0.8,Development,TPE-taipei-idx1592-0-2|qp10,taipei,historical,6.0,ADMITTED,10.0,1.96,10.0,5.1020408163265305,3.6759235591627535,6.0,0-29,True,30.0,PASS
0.8,Development,TPE-taipei-idx326-0-1|qp10,taipei,historical,7.0,ADMITTED,9.0,2.05,10.0,4.878048780487806,3.6759235591627535,7.0,0-29,True,30.0,PASS
0.8,Development,TPE-taipei-idx674-0-1|qp10,taipei,historical,7.0,ADMITTED,10.0,2.06,10.0,4.854368932038835,3.6759235591627535,7.0,0-29,True,30.0,PASS
0.8,Development,TPE-taipei-idx15074-0-0|qp12,taipei,historical,8.0,ADMITTED,15.0,2.36,12.0,5.084745762711865,3.6759235591627535,8.0,0-29,True,30.0,PASS
0.8,Development,TPE-taipei-idx5185-0-1|qp14,taipei,historical,,DOMAIN,0.0,1.2,14.0,11.666666666666668,3.6759235591627535,,0-29,False,,ABSTAIN
0.8,Development,TPE-taipei-idx9524-0-2|qp14,taipei,historical,,DOMAIN,0.0,1.19,14.0,11.764705882352942,3.6759235591627535,,0-29,False,,ABSTAIN
0.8,Development,TPE-taipei-idx4344-0-0|qp18,taipei,historical,,DOMAIN,19.0,3.54,18.0,5.084745762711864,3.6759235591627535,,0-29,False,,ABSTAIN
0.8,Development,TPE-taipei-idx5150-0-0|qp18,taipei,historical,,DOMAIN,0.0,1.2,18.0,15.0,3.6759235591627535,,0-29,False,,ABSTAIN
0.8,Development,TPE-taipei-idx5283-0-0|qp18,taipei,historical,,DOMAIN,0.0,1.2,18.0,15.0,3.6759235591627535,,0-29,False,,ABSTAIN
0.8,Development,TPE-taipei-idx5349-0-1|qp18,taipei,historical,,DOMAIN,0.0,1.2,18.0,15.0,3.6759235591627535,,0-29,False,,ABSTAIN
0.8,Development,TPE-taipei-idx9453-0-1|qp18,taipei,historical,,DOMAIN,19.0,3.55,18.0,5.070422535211268,3.6759235591627535,,0-29,False,,ABSTAIN
0.8,Development,TPE-taipei-idx2314-0-0|qp19,taipei,historical,,DOMAIN,0.0,1.27,19.0,14.960629921259844,3.6759235591627535,,0-29,False,,ABSTAIN
0.8,Development,TPE-taipei-idx12521-0-5|qp21,taipei,historical,0.0,SERVICE,0.0,1.75,21.0,12.0,3.6759235591627535,0.0,0-29,False,,ZERO_ADMISSION
0.8,Development,TPE-taipei-idx12764-0-0|qp22,taipei,historical,,DOMAIN,0.0,1.48,22.0,14.864864864864863,3.6759235591627535,,0-29,False,,ABSTAIN
0.8,Development,TPE-taipei-idx14193-0-0|qp24,taipei,historical,1.0,ADMITTED,7.0,1.99,24.0,12.06030150753769,3.6759235591627535,1.0,0-29,True,30.0,PASS
0.8,Development,TPE-taipei-idx1592-0-2|qp24,taipei,historical,0.0,MARGIN_FLOOR,7.0,1.96,24.0,12.244897959183673,3.6759235591627535,0.0,0-29,True,30.0,ZERO_ADMISSION
0.8,Development,TPE-taipei-idx326-0-1|qp25,taipei,historical,1.0,ADMITTED,6.0,2.05,25.0,12.195121951219512,3.6759235591627535,1.0,0-29,True,30.0,PASS
0.8,Development,TPE-taipei-idx674-0-1|qp25,taipei,historical,1.0,ADMITTED,6.0,2.06,25.0,12.135922330097086,3.6759235591627535,1.0,0-29,True,30.0,PASS
0.8,Development,TPE-taipei-idx15074-0-0|qp28,taipei,historical,1.0,ADMITTED,10.0,2.36,28.0,11.864406779661016,3.6759235591627535,1.0,0-29,True,30.0,PASS
0.8,Development,TPE-taipei-idx5150-0-0|qp30,taipei,historical,,DOMAIN,0.0,1.2,30.0,25.0,3.6759235591627535,,0-29,False,,ABSTAIN
0.8,Development,TPE-taipei-idx5283-0-0|qp30,taipei,historical,,DOMAIN,0.0,1.2,30.0,25.0,3.6759235591627535,,0-29,False,,ABSTAIN
0.8,Development,TPE-taipei-idx5349-0-1|qp30,taipei,historical,,DOMAIN,0.0,1.2,30.0,25.0,3.6759235591627535,,0-29,False,,ABSTAIN
0.8,Development,TPE-taipei-idx9590-0-0|qp31,taipei,historical,0.0,MARGIN_FLOOR,4.0,2.04,31.0,15.196078431372548,3.6759235591627535,0.0,0-29,True,30.0,ZERO_ADMISSION
0.8,Development,TPE-taipei-idx2314-0-0|qp32,taipei,historical,,DOMAIN,0.0,1.27,32.0,25.196850393700785,3.6759235591627535,,0-29,False,,ABSTAIN
0.8,Development,TPE-taipei-idx12764-0-0|qp37,taipei,historical,,DOMAIN,0.0,1.48,37.0,25.0,3.6759235591627535,,0-29,False,,ABSTAIN
0.8,Development,TPE-taipei-idx15608-0-1|qp37,taipei,historical,1.0,ADMITTED,10.0,2.48,37.0,14.919354838709678,3.6759235591627535,1.0,0-29,True,30.0,PASS
0.8,Development,TPE-taipei-idx11047-0-0|qp40,taipei,historical,1.0,ADMITTED,11.0,2.69,40.0,14.869888475836431,3.6759235591627535,1.0,0-29,True,30.0,PASS
0.8,Development,TPE-taipei-idx4344-0-0|qp42,taipei,historical,,DOMAIN,11.0,3.54,42.0,11.864406779661016,3.6759235591627535,,0-29,False,,ABSTAIN
0.8,Development,TPE-taipei-idx9453-0-1|qp43,taipei,historical,,DOMAIN,11.0,3.55,43.0,12.112676056338028,3.6759235591627535,,0-29,False,,ABSTAIN
0.8,Development,TPE-taipei-idx813-0-1|qp45,taipei,historical,2.0,ADMITTED,10.0,2.99,45.0,15.050167224080267,3.6759235591627535,2.0,0-29,True,30.0,PASS
0.8,Development,TPE-taipei-idx9590-0-0|qp51,taipei,historical,0.0,SERVICE,0.0,2.04,51.0,25.0,3.6759235591627535,0.0,0-29,False,,ZERO_ADMISSION
0.8,Development,TPE-taipei-idx15608-0-1|qp62,taipei,historical,,DOMAIN,1.0,2.48,62.0,25.0,3.6759235591627535,,0-29,False,,ABSTAIN
0.8,Development,TPE-taipei-idx11047-0-0|qp67,taipei,historical,,DOMAIN,1.0,2.69,67.0,24.907063197026023,3.6759235591627535,,0-29,False,,ABSTAIN
0.8,Development,TPE-taipei-idx813-0-1|qp75,taipei,historical,,DOMAIN,1.0,2.99,75.0,25.083612040133776,3.6759235591627535,,0-29,False,,ABSTAIN
0.8,Development,TPE-taipei-idx16266-0-0|qp96,taipei,historical,,DOMAIN,0.0,3.19,96.0,30.094043887147336,3.6759235591627535,,0-29,False,,ABSTAIN
0.8,Development,TPE-taipei-idx16266-0-0|qp144,taipei,historical,,DOMAIN,0.0,3.19,144.0,45.14106583072101,3.6759235591627535,,0-29,False,,ABSTAIN
0.8,Development,DC-054|qp21.4,taipei,historical,,DOMAIN,0.0,1.19,21.4,17.983193277310924,3.6759235591627535,,0-29,False,,ABSTAIN
0.8,Development,DC-057|qp21.6,taipei,historical,,DOMAIN,0.0,1.2,21.6,18.000000000000004,3.6759235591627535,,0-29,False,,ABSTAIN
0.8,Development,DC-055|qp28.6,taipei,historical,,DOMAIN,0.0,1.19,28.6,24.033613445378155,3.6759235591627535,,0-29,False,,ABSTAIN
0.8,Development,DC-058|qp28.8,taipei,historical,,DOMAIN,0.0,1.2,28.8,24.0,3.6759235591627535,,0-29,False,,ABSTAIN
0.8,Development,DC-060|qp31.5,taipei,historical,0.0,MARGIN_FLOOR,2.0,1.75,31.5,18.0,3.6759235591627535,0.0,0-29,True,30.0,ZERO_ADMISSION
0.8,Development,DC-063|qp35.3,taipei,historical,0.0,MARGIN_FLOOR,3.0,1.96,35.3,18.01020408163265,3.6759235591627535,0.0,0-29,True,30.0,ZERO_ADMISSION
0.8,Development,DC-056|qp35.7,taipei,historical,,DOMAIN,0.0,1.19,35.7,30.000000000000004,3.6759235591627535,,0-29,False,,ABSTAIN
0.8,Development,DC-059|qp36.0,taipei,historical,,DOMAIN,0.0,1.2,36.0,30.0,3.6759235591627535,,0-29,False,,ABSTAIN
0.8,Development,DC-061|qp42.0,taipei,historical,0.0,SERVICE,0.0,1.75,42.0,24.0,3.6759235591627535,0.0,0-29,False,,ZERO_ADMISSION
0.8,Development,DC-066|qp44.6,taipei,historical,0.0,MARGIN_FLOOR,8.0,2.48,44.6,17.983870967741936,3.6759235591627535,0.0,0-29,True,30.0,ZERO_ADMISSION
0.8,Development,DC-064|qp47.0,taipei,historical,0.0,SERVICE,0.0,1.96,47.0,23.97959183673469,3.6759235591627535,0.0,0-29,False,,ZERO_ADMISSION
0.8,Development,DC-062|qp52.5,taipei,historical,0.0,SERVICE,0.0,1.75,52.5,30.0,3.6759235591627535,0.0,0-29,False,,ZERO_ADMISSION
0.8,Development,DC-065|qp58.8,taipei,historical,0.0,SERVICE,0.0,1.96,58.8,30.0,3.6759235591627535,0.0,0-29,False,,ZERO_ADMISSION
0.8,Development,DC-067|qp59.5,taipei,historical,0.0,MARGIN_FLOOR,2.0,2.48,59.5,23.991935483870968,3.6759235591627535,0.0,0-29,True,30.0,ZERO_ADMISSION
0.8,Development,DC-069|qp63.7,taipei,historical,,DOMAIN,6.0,3.54,63.7,17.994350282485875,3.6759235591627535,,0-29,False,,ABSTAIN
0.8,Development,DC-068|qp74.4,taipei,historical,,DOMAIN,0.0,2.48,74.4,30.000000000000004,3.6759235591627535,,0-29,False,,ABSTAIN
0.8,Development,DC-070|qp85.0,taipei,historical,,DOMAIN,4.0,3.54,85.0,24.01129943502825,3.6759235591627535,,0-29,False,,ABSTAIN
0.8,Development,DC-071|qp106.2,taipei,historical,,DOMAIN,0.0,3.54,106.2,30.0,3.6759235591627535,,0-29,False,,ABSTAIN
0.9,Development,TPE-taipei-idx5185-0-1|qp6,taipei,historical,,DOMAIN,0.0,1.2,6.0,5.0,6.239422018776348,,0-29,False,,ABSTAIN
0.9,Development,TPE-taipei-idx9524-0-2|qp6,taipei,historical,,DOMAIN,0.0,1.19,6.0,5.042016806722689,6.239422018776348,,0-29,False,,ABSTAIN
0.9,Development,TPE-taipei-idx12521-0-5|qp9,taipei,historical,2.0,ADMITTED,5.0,1.75,9.0,5.142857142857143,6.239422018776348,2.0,0-29,True,30.0,PASS
0.9,Development,TPE-taipei-idx14193-0-0|qp10,taipei,historical,4.0,ADMITTED,10.0,1.99,10.0,5.025125628140704,6.239422018776348,4.0,0-29,True,30.0,PASS
0.9,Development,TPE-taipei-idx1592-0-2|qp10,taipei,historical,3.0,ADMITTED,10.0,1.96,10.0,5.1020408163265305,6.239422018776348,3.0,0-29,True,30.0,PASS
0.9,Development,TPE-taipei-idx326-0-1|qp10,taipei,historical,4.0,ADMITTED,9.0,2.05,10.0,4.878048780487806,6.239422018776348,4.0,0-29,True,30.0,PASS
0.9,Development,TPE-taipei-idx674-0-1|qp10,taipei,historical,4.0,ADMITTED,10.0,2.06,10.0,4.854368932038835,6.239422018776348,4.0,0-29,True,30.0,PASS
0.9,Development,TPE-taipei-idx15074-0-0|qp12,taipei,historical,5.0,ADMITTED,15.0,2.36,12.0,5.084745762711865,6.239422018776348,5.0,0-29,True,30.0,PASS
0.9,Development,TPE-taipei-idx5185-0-1|qp14,taipei,historical,,DOMAIN,0.0,1.2,14.0,11.666666666666668,6.239422018776348,,0-29,False,,ABSTAIN
0.9,Development,TPE-taipei-idx9524-0-2|qp14,taipei,historical,,DOMAIN,0.0,1.19,14.0,11.764705882352942,6.239422018776348,,0-29,False,,ABSTAIN
0.9,Development,TPE-taipei-idx4344-0-0|qp18,taipei,historical,,DOMAIN,19.0,3.54,18.0,5.084745762711864,6.239422018776348,,0-29,False,,ABSTAIN
0.9,Development,TPE-taipei-idx5150-0-0|qp18,taipei,historical,,DOMAIN,0.0,1.2,18.0,15.0,6.239422018776348,,0-29,False,,ABSTAIN
0.9,Development,TPE-taipei-idx5283-0-0|qp18,taipei,historical,,DOMAIN,0.0,1.2,18.0,15.0,6.239422018776348,,0-29,False,,ABSTAIN
0.9,Development,TPE-taipei-idx5349-0-1|qp18,taipei,historical,,DOMAIN,0.0,1.2,18.0,15.0,6.239422018776348,,0-29,False,,ABSTAIN
0.9,Development,TPE-taipei-idx9453-0-1|qp18,taipei,historical,,DOMAIN,19.0,3.55,18.0,5.070422535211268,6.239422018776348,,0-29,False,,ABSTAIN
0.9,Development,TPE-taipei-idx2314-0-0|qp19,taipei,historical,,DOMAIN,0.0,1.27,19.0,14.960629921259844,6.239422018776348,,0-29,False,,ABSTAIN
0.9,Development,TPE-taipei-idx12521-0-5|qp21,taipei,historical,0.0,SERVICE,0.0,1.75,21.0,12.0,6.239422018776348,0.0,0-29,False,,ZERO_ADMISSION
0.9,Development,TPE-taipei-idx12764-0-0|qp22,taipei,historical,,DOMAIN,0.0,1.48,22.0,14.864864864864863,6.239422018776348,,0-29,False,,ABSTAIN
0.9,Development,TPE-taipei-idx14193-0-0|qp24,taipei,historical,0.0,MARGIN_FLOOR,7.0,1.99,24.0,12.06030150753769,6.239422018776348,0.0,0-29,True,30.0,ZERO_ADMISSION
0.9,Development,TPE-taipei-idx1592-0-2|qp24,taipei,historical,0.0,MARGIN_FLOOR,7.0,1.96,24.0,12.244897959183673,6.239422018776348,0.0,0-29,True,30.0,ZERO_ADMISSION
0.9,Development,TPE-taipei-idx326-0-1|qp25,taipei,historical,0.0,MARGIN_FLOOR,6.0,2.05,25.0,12.195121951219512,6.239422018776348,0.0,0-29,True,30.0,ZERO_ADMISSION
0.9,Development,TPE-taipei-idx674-0-1|qp25,taipei,historical,0.0,MARGIN_FLOOR,6.0,2.06,25.0,12.135922330097086,6.239422018776348,0.0,0-29,True,30.0,ZERO_ADMISSION
0.9,Development,TPE-taipei-idx15074-0-0|qp28,taipei,historical,0.0,MARGIN_FLOOR,10.0,2.36,28.0,11.864406779661016,6.239422018776348,0.0,0-29,True,30.0,ZERO_ADMISSION
0.9,Development,TPE-taipei-idx5150-0-0|qp30,taipei,historical,,DOMAIN,0.0,1.2,30.0,25.0,6.239422018776348,,0-29,False,,ABSTAIN
0.9,Development,TPE-taipei-idx5283-0-0|qp30,taipei,historical,,DOMAIN,0.0,1.2,30.0,25.0,6.239422018776348,,0-29,False,,ABSTAIN
0.9,Development,TPE-taipei-idx5349-0-1|qp30,taipei,historical,,DOMAIN,0.0,1.2,30.0,25.0,6.239422018776348,,0-29,False,,ABSTAIN
0.9,Development,TPE-taipei-idx9590-0-0|qp31,taipei,historical,0.0,MARGIN_FLOOR,4.0,2.04,31.0,15.196078431372548,6.239422018776348,0.0,0-29,True,30.0,ZERO_ADMISSION
0.9,Development,TPE-taipei-idx2314-0-0|qp32,taipei,historical,,DOMAIN,0.0,1.27,32.0,25.196850393700785,6.239422018776348,,0-29,False,,ABSTAIN
0.9,Development,TPE-taipei-idx12764-0-0|qp37,taipei,historical,,DOMAIN,0.0,1.48,37.0,25.0,6.239422018776348,,0-29,False,,ABSTAIN
0.9,Development,TPE-taipei-idx15608-0-1|qp37,taipei,historical,0.0,MARGIN_FLOOR,10.0,2.48,37.0,14.919354838709678,6.239422018776348,0.0,0-29,True,30.0,ZERO_ADMISSION
0.9,Development,TPE-taipei-idx11047-0-0|qp40,taipei,historical,0.0,MARGIN_FLOOR,11.0,2.69,40.0,14.869888475836431,6.239422018776348,0.0,0-29,True,30.0,ZERO_ADMISSION
0.9,Development,TPE-taipei-idx4344-0-0|qp42,taipei,historical,,DOMAIN,11.0,3.54,42.0,11.864406779661016,6.239422018776348,,0-29,False,,ABSTAIN
0.9,Development,TPE-taipei-idx9453-0-1|qp43,taipei,historical,,DOMAIN,11.0,3.55,43.0,12.112676056338028,6.239422018776348,,0-29,False,,ABSTAIN
0.9,Development,TPE-taipei-idx813-0-1|qp45,taipei,historical,0.0,MARGIN_FLOOR,10.0,2.99,45.0,15.050167224080267,6.239422018776348,0.0,0-29,True,30.0,ZERO_ADMISSION
0.9,Development,TPE-taipei-idx9590-0-0|qp51,taipei,historical,0.0,SERVICE,0.0,2.04,51.0,25.0,6.239422018776348,0.0,0-29,False,,ZERO_ADMISSION
0.9,Development,TPE-taipei-idx15608-0-1|qp62,taipei,historical,,DOMAIN,1.0,2.48,62.0,25.0,6.239422018776348,,0-29,False,,ABSTAIN
0.9,Development,TPE-taipei-idx11047-0-0|qp67,taipei,historical,,DOMAIN,1.0,2.69,67.0,24.907063197026023,6.239422018776348,,0-29,False,,ABSTAIN
0.9,Development,TPE-taipei-idx813-0-1|qp75,taipei,historical,,DOMAIN,1.0,2.99,75.0,25.083612040133776,6.239422018776348,,0-29,False,,ABSTAIN
0.9,Development,TPE-taipei-idx16266-0-0|qp96,taipei,historical,,DOMAIN,0.0,3.19,96.0,30.094043887147336,6.239422018776348,,0-29,False,,ABSTAIN
0.9,Development,TPE-taipei-idx16266-0-0|qp144,taipei,historical,,DOMAIN,0.0,3.19,144.0,45.14106583072101,6.239422018776348,,0-29,False,,ABSTAIN
0.9,Development,DC-054|qp21.4,taipei,historical,,DOMAIN,0.0,1.19,21.4,17.983193277310924,6.239422018776348,,0-29,False,,ABSTAIN
0.9,Development,DC-057|qp21.6,taipei,historical,,DOMAIN,0.0,1.2,21.6,18.000000000000004,6.239422018776348,,0-29,False,,ABSTAIN
0.9,Development,DC-055|qp28.6,taipei,historical,,DOMAIN,0.0,1.19,28.6,24.033613445378155,6.239422018776348,,0-29,False,,ABSTAIN
0.9,Development,DC-058|qp28.8,taipei,historical,,DOMAIN,0.0,1.2,28.8,24.0,6.239422018776348,,0-29,False,,ABSTAIN
0.9,Development,DC-060|qp31.5,taipei,historical,0.0,MARGIN_FLOOR,2.0,1.75,31.5,18.0,6.239422018776348,0.0,0-29,True,30.0,ZERO_ADMISSION
0.9,Development,DC-063|qp35.3,taipei,historical,0.0,MARGIN_FLOOR,3.0,1.96,35.3,18.01020408163265,6.239422018776348,0.0,0-29,True,30.0,ZERO_ADMISSION
0.9,Development,DC-056|qp35.7,taipei,historical,,DOMAIN,0.0,1.19,35.7,30.000000000000004,6.239422018776348,,0-29,False,,ABSTAIN
0.9,Development,DC-059|qp36.0,taipei,historical,,DOMAIN,0.0,1.2,36.0,30.0,6.239422018776348,,0-29,False,,ABSTAIN
0.9,Development,DC-061|qp42.0,taipei,historical,0.0,SERVICE,0.0,1.75,42.0,24.0,6.239422018776348,0.0,0-29,False,,ZERO_ADMISSION
0.9,Development,DC-066|qp44.6,taipei,historical,0.0,MARGIN_FLOOR,8.0,2.48,44.6,17.983870967741936,6.239422018776348,0.0,0-29,True,30.0,ZERO_ADMISSION
0.9,Development,DC-064|qp47.0,taipei,historical,0.0,SERVICE,0.0,1.96,47.0,23.97959183673469,6.239422018776348,0.0,0-29,False,,ZERO_ADMISSION
0.9,Development,DC-062|qp52.5,taipei,historical,0.0,SERVICE,0.0,1.75,52.5,30.0,6.239422018776348,0.0,0-29,False,,ZERO_ADMISSION
0.9,Development,DC-065|qp58.8,taipei,historical,0.0,SERVICE,0.0,1.96,58.8,30.0,6.239422018776348,0.0,0-29,False,,ZERO_ADMISSION
0.9,Development,DC-067|qp59.5,taipei,historical,0.0,MARGIN_FLOOR,2.0,2.48,59.5,23.991935483870968,6.239422018776348,0.0,0-29,True,30.0,ZERO_ADMISSION
0.9,Development,DC-069|qp63.7,taipei,historical,,DOMAIN,6.0,3.54,63.7,17.994350282485875,6.239422018776348,,0-29,False,,ABSTAIN
0.9,Development,DC-068|qp74.4,taipei,historical,,DOMAIN,0.0,2.48,74.4,30.000000000000004,6.239422018776348,,0-29,False,,ABSTAIN
0.9,Development,DC-070|qp85.0,taipei,historical,,DOMAIN,4.0,3.54,85.0,24.01129943502825,6.239422018776348,,0-29,False,,ABSTAIN
0.9,Development,DC-071|qp106.2,taipei,historical,,DOMAIN,0.0,3.54,106.2,30.0,6.239422018776348,,0-29,False,,ABSTAIN
0.0,Development,TAO-taoyuan-idx2361-0-3|qp2,taoyuan,historical,,OUT_OF_DOMAIN_GEOMETRY,,0.51,2.0,3.92156862745098,0.0,,0-29,False,,ABSTAIN
0.0,Development,TAO-taoyuan-idx8762-0-0|qp2,taoyuan,historical,,OUT_OF_DOMAIN_GEOMETRY,,0.43,2.0,4.651162790697675,0.0,,0-29,False,,ABSTAIN
0.0,Development,TAO-taoyuan-idx8762-0-0|qp5,taoyuan,historical,,OUT_OF_DOMAIN_GEOMETRY,,0.43,5.0,11.627906976744184,0.0,,0-29,False,,ABSTAIN
0.0,Development,TAO-taoyuan-idx2361-0-3|qp6,taoyuan,historical,,OUT_OF_DOMAIN_GEOMETRY,,0.51,6.0,11.76470588235294,0.0,,0-29,False,,ABSTAIN
0.0,Development,TAO-taoyuan-idx3665-0-0|qp6,taoyuan,historical,,DOMAIN,0.0,1.2,6.0,5.0,0.0,,0-29,False,,ABSTAIN
0.0,Development,TAO-taoyuan-idx6197-0-0|qp6,taoyuan,historical,,DOMAIN,0.0,1.2,6.0,5.0,0.0,,0-29,False,,ABSTAIN
0.0,Development,TAO-taoyuan-idx1898-0-4|qp7,taoyuan,historical,,DOMAIN,0.0,1.46,7.0,4.794520547945206,0.0,,0-29,False,,ABSTAIN
0.0,Development,TAO-taoyuan-idx9342-0-2|qp7,taoyuan,historical,,DOMAIN,0.0,1.34,7.0,5.223880597014925,0.0,,0-29,False,,ABSTAIN
0.0,Development,TAO-taoyuan-idx10181-0-0|qp9,taoyuan,historical,8.0,ADMITTED,6.0,1.8,9.0,5.0,0.0,8.0,0-29,True,27.0,FAIL
0.0,Development,TAO-taoyuan-idx5160-0-0|qp9,taoyuan,historical,8.0,ADMITTED,8.0,1.87,9.0,4.81283422459893,0.0,8.0,0-29,True,30.0,PASS
0.0,Development,TAO-taoyuan-idx3430-0-3|qp10,taoyuan,historical,9.0,ADMITTED,9.0,2.04,10.0,4.901960784313726,0.0,9.0,0-29,True,30.0,PASS
0.0,Development,TAO-taoyuan-idx718-0-1|qp10,taoyuan,historical,9.0,ADMITTED,9.0,1.97,10.0,5.076142131979696,0.0,9.0,0-29,True,29.0,PASS
0.0,Development,TAO-taoyuan-idx7044-0-7|qp11,taoyuan,historical,12.0,ADMITTED,11.0,2.23,11.0,4.932735426008969,0.0,12.0,0-29,True,28.0,FAIL
0.0,Development,TAO-taoyuan-idx3410-0-9|qp12,taoyuan,historical,12.0,ADMITTED,16.0,2.4,12.0,5.0,0.0,12.0,0-29,True,30.0,PASS
0.0,Development,TAO-taoyuan-idx6720-0-3|qp12,taoyuan,historical,11.0,ADMITTED,15.0,2.3,12.0,5.217391304347826,0.0,11.0,0-29,True,30.0,PASS
0.0,Development,TAO-taoyuan-idx5379-0-4|qp13,taoyuan,historical,13.0,ADMITTED,20.0,2.6,13.0,5.0,0.0,13.0,0-29,True,30.0,PASS
0.0,Development,TAO-taoyuan-idx3665-0-0|qp14,taoyuan,historical,,DOMAIN,0.0,1.2,14.0,11.666666666666668,0.0,,0-29,False,,ABSTAIN
0.0,Development,TAO-taoyuan-idx6197-0-0|qp14,taoyuan,historical,,DOMAIN,0.0,1.2,14.0,11.666666666666668,0.0,,0-29,False,,ABSTAIN
0.0,Development,TAO-taoyuan-idx158-0-0|qp15,taoyuan,historical,15.0,ADMITTED,20.0,3.0,15.0,5.0,0.0,15.0,0-29,True,30.0,PASS
0.0,Development,TAO-taoyuan-idx9038-0-2|qp15,taoyuan,historical,,DOMAIN,20.0,3.07,15.0,4.88599348534202,0.0,,0-29,False,,ABSTAIN
0.0,Development,TAO-taoyuan-idx9342-0-2|qp16,taoyuan,historical,,DOMAIN,0.0,1.34,16.0,11.940298507462686,0.0,,0-29,False,,ABSTAIN
0.0,Development,TAO-taoyuan-idx1898-0-4|qp18,taoyuan,historical,,DOMAIN,0.0,1.46,18.0,12.32876712328767,0.0,,0-29,False,,ABSTAIN
0.0,Development,TAO-taoyuan-idx373-0-1|qp18,taoyuan,historical,,DOMAIN,0.0,1.2,18.0,15.0,0.0,,0-29,False,,ABSTAIN
0.0,Development,TAO-taoyuan-idx10181-0-0|qp22,taoyuan,historical,4.0,ADMITTED,6.0,1.8,22.0,12.22222222222222,0.0,4.0,0-29,True,30.0,PASS
0.0,Development,TAO-taoyuan-idx5160-0-0|qp22,taoyuan,historical,4.0,ADMITTED,6.0,1.87,22.0,11.76470588235294,0.0,4.0,0-29,True,28.0,FAIL
0.0,Development,TAO-taoyuan-idx3430-0-3|qp24,taoyuan,historical,4.0,ADMITTED,8.0,2.04,24.0,11.76470588235294,0.0,4.0,0-29,True,30.0,PASS
0.0,Development,TAO-taoyuan-idx718-0-1|qp24,taoyuan,historical,4.0,ADMITTED,7.0,1.97,24.0,12.18274111675127,0.0,4.0,0-29,True,30.0,PASS
0.0,Development,TAO-taoyuan-idx7044-0-7|qp27,taoyuan,historical,5.0,ADMITTED,10.0,2.23,27.0,12.10762331838565,0.0,5.0,0-29,True,30.0,PASS
0.0,Development,TAO-taoyuan-idx6720-0-3|qp28,taoyuan,historical,5.0,ADMITTED,10.0,2.3,28.0,12.173913043478262,0.0,5.0,0-29,True,30.0,PASS
0.0,Development,TAO-taoyuan-idx3410-0-9|qp29,taoyuan,historical,5.0,ADMITTED,11.0,2.4,29.0,12.083333333333334,0.0,5.0,0-29,True,30.0,PASS
0.0,Development,TAO-taoyuan-idx373-0-1|qp30,taoyuan,historical,,DOMAIN,0.0,1.2,30.0,25.0,0.0,,0-29,False,,ABSTAIN
0.0,Development,TAO-taoyuan-idx5379-0-4|qp31,taoyuan,historical,6.0,ADMITTED,12.0,2.6,31.0,11.923076923076923,0.0,6.0,0-29,True,30.0,PASS
0.0,Development,TAO-taoyuan-idx578-0-8|qp34,taoyuan,historical,4.0,ADMITTED,8.0,2.28,34.0,14.912280701754389,0.0,4.0,0-29,True,30.0,PASS
0.0,Development,TAO-taoyuan-idx531-0-1|qp35,taoyuan,historical,,DOMAIN,13.0,6.92,35.0,5.057803468208093,0.0,,0-29,False,,ABSTAIN
0.0,Development,TAO-taoyuan-idx158-0-0|qp36,taoyuan,historical,7.0,ADMITTED,11.0,3.0,36.0,12.0,0.0,7.0,0-29,True,30.0,PASS
0.0,Development,TAO-taoyuan-idx9038-0-2|qp37,taoyuan,historical,,DOMAIN,13.0,3.07,37.0,12.052117263843648,0.0,,0-29,False,,ABSTAIN
0.0,Development,TAO-taoyuan-idx578-0-8|qp57,taoyuan,historical,0.0,SERVICE,1.0,2.28,57.0,25.000000000000004,0.0,0.0,0-29,False,,ZERO_ADMISSION
0.0,Development,TAO-taoyuan-idx6656-0-0|qp75,taoyuan,historical,,TECHNICAL_INVALID,,5.0,75.0,15.0,0.0,,0-29,False,,ABSTAIN
0.0,Development,TAO-taoyuan-idx531-0-1|qp83,taoyuan,historical,,DOMAIN,11.0,6.92,83.0,11.99421965317919,0.0,,0-29,False,,ABSTAIN
0.0,Development,TAO-taoyuan-idx6656-0-0|qp125,taoyuan,historical,,TECHNICAL_INVALID,,5.0,125.0,25.0,0.0,,0-29,False,,ABSTAIN
0.0,Development,DC-105|qp7.7,taoyuan,historical,,OUT_OF_DOMAIN_GEOMETRY,,0.43,7.7,17.906976744186046,0.0,,0-29,False,,ABSTAIN
0.0,Development,DC-108|qp9.2,taoyuan,historical,,OUT_OF_DOMAIN_GEOMETRY,,0.51,9.2,18.03921568627451,0.0,,0-29,False,,ABSTAIN
0.0,Development,DC-106|qp10.3,taoyuan,historical,,OUT_OF_DOMAIN_GEOMETRY,,0.43,10.3,23.953488372093027,0.0,,0-29,False,,ABSTAIN
0.0,Development,DC-109|qp12.2,taoyuan,historical,,OUT_OF_DOMAIN_GEOMETRY,,0.51,12.2,23.921568627450977,0.0,,0-29,False,,ABSTAIN
0.0,Development,DC-107|qp12.9,taoyuan,historical,,OUT_OF_DOMAIN_GEOMETRY,,0.43,12.9,30.0,0.0,,0-29,False,,ABSTAIN
0.0,Development,DC-110|qp15.3,taoyuan,historical,,OUT_OF_DOMAIN_GEOMETRY,,0.51,15.3,30.0,0.0,,0-29,False,,ABSTAIN
0.0,Development,DC-111|qp32.4,taoyuan,historical,2.0,ADMITTED,1.0,1.8,32.4,18.0,0.0,2.0,0-29,True,28.0,FAIL
0.0,Development,DC-112|qp43.2,taoyuan,historical,2.0,ADMITTED,0.0,1.8,43.2,24.0,0.0,2.0,0-29,True,16.0,FAIL
0.0,Development,DC-114|qp43.2,taoyuan,historical,0.0,SERVICE,0.0,2.4,43.2,18.000000000000004,0.0,0.0,0-29,False,,ZERO_ADMISSION
0.0,Development,DC-113|qp54.0,taoyuan,historical,0.0,SERVICE,0.0,1.8,54.0,30.0,0.0,0.0,0-29,False,,ZERO_ADMISSION
0.0,Development,DC-115|qp57.6,taoyuan,historical,0.0,SERVICE,2.0,2.4,57.6,24.0,0.0,0.0,0-29,False,,ZERO_ADMISSION
0.0,Development,DC-116|qp72.0,taoyuan,historical,,DOMAIN,0.0,2.4,72.0,30.0,0.0,,0-29,False,,ABSTAIN
0.0,Development,DC-117|qp90.0,taoyuan,historical,,TECHNICAL_INVALID,,5.0,90.0,18.0,0.0,,0-29,False,,ABSTAIN
0.0,Development,DC-118|qp120.0,taoyuan,historical,,TECHNICAL_INVALID,,5.0,120.0,24.0,0.0,,0-29,False,,ABSTAIN
0.0,Development,DC-119|qp150.0,taoyuan,historical,,TECHNICAL_INVALID,,5.0,150.0,30.0,0.0,,0-29,False,,ABSTAIN
0.5,Development,TAO-taoyuan-idx2361-0-3|qp2,taoyuan,historical,,OUT_OF_DOMAIN_GEOMETRY,,0.51,2.0,3.92156862745098,1.7210231802295408,,0-29,False,,ABSTAIN
0.5,Development,TAO-taoyuan-idx8762-0-0|qp2,taoyuan,historical,,OUT_OF_DOMAIN_GEOMETRY,,0.43,2.0,4.651162790697675,1.7210231802295408,,0-29,False,,ABSTAIN
0.5,Development,TAO-taoyuan-idx8762-0-0|qp5,taoyuan,historical,,OUT_OF_DOMAIN_GEOMETRY,,0.43,5.0,11.627906976744184,1.7210231802295408,,0-29,False,,ABSTAIN
0.5,Development,TAO-taoyuan-idx2361-0-3|qp6,taoyuan,historical,,OUT_OF_DOMAIN_GEOMETRY,,0.51,6.0,11.76470588235294,1.7210231802295408,,0-29,False,,ABSTAIN
0.5,Development,TAO-taoyuan-idx3665-0-0|qp6,taoyuan,historical,,DOMAIN,0.0,1.2,6.0,5.0,1.7210231802295408,,0-29,False,,ABSTAIN
0.5,Development,TAO-taoyuan-idx6197-0-0|qp6,taoyuan,historical,,DOMAIN,0.0,1.2,6.0,5.0,1.7210231802295408,,0-29,False,,ABSTAIN
0.5,Development,TAO-taoyuan-idx1898-0-4|qp7,taoyuan,historical,,DOMAIN,0.0,1.46,7.0,4.794520547945206,1.7210231802295408,,0-29,False,,ABSTAIN
0.5,Development,TAO-taoyuan-idx9342-0-2|qp7,taoyuan,historical,,DOMAIN,0.0,1.34,7.0,5.223880597014925,1.7210231802295408,,0-29,False,,ABSTAIN
0.5,Development,TAO-taoyuan-idx10181-0-0|qp9,taoyuan,historical,7.0,ADMITTED,6.0,1.8,9.0,5.0,1.7210231802295408,7.0,0-29,True,28.0,FAIL
0.5,Development,TAO-taoyuan-idx5160-0-0|qp9,taoyuan,historical,8.0,ADMITTED,8.0,1.87,9.0,4.81283422459893,1.7210231802295408,8.0,0-29,True,30.0,PASS
0.5,Development,TAO-taoyuan-idx3430-0-3|qp10,taoyuan,historical,9.0,ADMITTED,9.0,2.04,10.0,4.901960784313726,1.7210231802295408,9.0,0-29,True,30.0,PASS
0.5,Development,TAO-taoyuan-idx718-0-1|qp10,taoyuan,historical,8.0,ADMITTED,9.0,1.97,10.0,5.076142131979696,1.7210231802295408,8.0,0-29,True,30.0,PASS
0.5,Development,TAO-taoyuan-idx7044-0-7|qp11,taoyuan,historical,10.0,ADMITTED,11.0,2.23,11.0,4.932735426008969,1.7210231802295408,10.0,0-29,True,30.0,PASS
0.5,Development,TAO-taoyuan-idx3410-0-9|qp12,taoyuan,historical,11.0,ADMITTED,16.0,2.4,12.0,5.0,1.7210231802295408,11.0,0-29,True,30.0,PASS
0.5,Development,TAO-taoyuan-idx6720-0-3|qp12,taoyuan,historical,10.0,ADMITTED,15.0,2.3,12.0,5.217391304347826,1.7210231802295408,10.0,0-29,True,30.0,PASS
0.5,Development,TAO-taoyuan-idx5379-0-4|qp13,taoyuan,historical,12.0,ADMITTED,20.0,2.6,13.0,5.0,1.7210231802295408,12.0,0-29,True,30.0,PASS
0.5,Development,TAO-taoyuan-idx3665-0-0|qp14,taoyuan,historical,,DOMAIN,0.0,1.2,14.0,11.666666666666668,1.7210231802295408,,0-29,False,,ABSTAIN
0.5,Development,TAO-taoyuan-idx6197-0-0|qp14,taoyuan,historical,,DOMAIN,0.0,1.2,14.0,11.666666666666668,1.7210231802295408,,0-29,False,,ABSTAIN
0.5,Development,TAO-taoyuan-idx158-0-0|qp15,taoyuan,historical,14.0,ADMITTED,20.0,3.0,15.0,5.0,1.7210231802295408,14.0,0-29,True,30.0,PASS
0.5,Development,TAO-taoyuan-idx9038-0-2|qp15,taoyuan,historical,,DOMAIN,20.0,3.07,15.0,4.88599348534202,1.7210231802295408,,0-29,False,,ABSTAIN
0.5,Development,TAO-taoyuan-idx9342-0-2|qp16,taoyuan,historical,,DOMAIN,0.0,1.34,16.0,11.940298507462686,1.7210231802295408,,0-29,False,,ABSTAIN
0.5,Development,TAO-taoyuan-idx1898-0-4|qp18,taoyuan,historical,,DOMAIN,0.0,1.46,18.0,12.32876712328767,1.7210231802295408,,0-29,False,,ABSTAIN
0.5,Development,TAO-taoyuan-idx373-0-1|qp18,taoyuan,historical,,DOMAIN,0.0,1.2,18.0,15.0,1.7210231802295408,,0-29,False,,ABSTAIN
0.5,Development,TAO-taoyuan-idx10181-0-0|qp22,taoyuan,historical,2.0,ADMITTED,6.0,1.8,22.0,12.22222222222222,1.7210231802295408,2.0,0-29,True,30.0,PASS
0.5,Development,TAO-taoyuan-idx5160-0-0|qp22,taoyuan,historical,2.0,ADMITTED,6.0,1.87,22.0,11.76470588235294,1.7210231802295408,2.0,0-29,True,30.0,PASS
0.5,Development,TAO-taoyuan-idx3430-0-3|qp24,taoyuan,historical,3.0,ADMITTED,8.0,2.04,24.0,11.76470588235294,1.7210231802295408,3.0,0-29,True,30.0,PASS
0.5,Development,TAO-taoyuan-idx718-0-1|qp24,taoyuan,historical,2.0,ADMITTED,7.0,1.97,24.0,12.18274111675127,1.7210231802295408,2.0,0-29,True,30.0,PASS
0.5,Development,TAO-taoyuan-idx7044-0-7|qp27,taoyuan,historical,3.0,ADMITTED,10.0,2.23,27.0,12.10762331838565,1.7210231802295408,3.0,0-29,True,30.0,PASS
0.5,Development,TAO-taoyuan-idx6720-0-3|qp28,taoyuan,historical,3.0,ADMITTED,10.0,2.3,28.0,12.173913043478262,1.7210231802295408,3.0,0-29,True,30.0,PASS
0.5,Development,TAO-taoyuan-idx3410-0-9|qp29,taoyuan,historical,3.0,ADMITTED,11.0,2.4,29.0,12.083333333333334,1.7210231802295408,3.0,0-29,True,30.0,PASS
0.5,Development,TAO-taoyuan-idx373-0-1|qp30,taoyuan,historical,,DOMAIN,0.0,1.2,30.0,25.0,1.7210231802295408,,0-29,False,,ABSTAIN
0.5,Development,TAO-taoyuan-idx5379-0-4|qp31,taoyuan,historical,4.0,ADMITTED,12.0,2.6,31.0,11.923076923076923,1.7210231802295408,4.0,0-29,True,30.0,PASS
0.5,Development,TAO-taoyuan-idx578-0-8|qp34,taoyuan,historical,2.0,ADMITTED,8.0,2.28,34.0,14.912280701754389,1.7210231802295408,2.0,0-29,True,30.0,PASS
0.5,Development,TAO-taoyuan-idx531-0-1|qp35,taoyuan,historical,,DOMAIN,13.0,6.92,35.0,5.057803468208093,1.7210231802295408,,0-29,False,,ABSTAIN
0.5,Development,TAO-taoyuan-idx158-0-0|qp36,taoyuan,historical,5.0,ADMITTED,11.0,3.0,36.0,12.0,1.7210231802295408,5.0,0-29,True,30.0,PASS
0.5,Development,TAO-taoyuan-idx9038-0-2|qp37,taoyuan,historical,,DOMAIN,13.0,3.07,37.0,12.052117263843648,1.7210231802295408,,0-29,False,,ABSTAIN
0.5,Development,TAO-taoyuan-idx578-0-8|qp57,taoyuan,historical,0.0,SERVICE,1.0,2.28,57.0,25.000000000000004,1.7210231802295408,0.0,0-29,False,,ZERO_ADMISSION
0.5,Development,TAO-taoyuan-idx6656-0-0|qp75,taoyuan,historical,,TECHNICAL_INVALID,,5.0,75.0,15.0,1.7210231802295408,,0-29,False,,ABSTAIN
0.5,Development,TAO-taoyuan-idx531-0-1|qp83,taoyuan,historical,,DOMAIN,11.0,6.92,83.0,11.99421965317919,1.7210231802295408,,0-29,False,,ABSTAIN
0.5,Development,TAO-taoyuan-idx6656-0-0|qp125,taoyuan,historical,,TECHNICAL_INVALID,,5.0,125.0,25.0,1.7210231802295408,,0-29,False,,ABSTAIN
0.5,Development,DC-105|qp7.7,taoyuan,historical,,OUT_OF_DOMAIN_GEOMETRY,,0.43,7.7,17.906976744186046,1.7210231802295408,,0-29,False,,ABSTAIN
0.5,Development,DC-108|qp9.2,taoyuan,historical,,OUT_OF_DOMAIN_GEOMETRY,,0.51,9.2,18.03921568627451,1.7210231802295408,,0-29,False,,ABSTAIN
0.5,Development,DC-106|qp10.3,taoyuan,historical,,OUT_OF_DOMAIN_GEOMETRY,,0.43,10.3,23.953488372093027,1.7210231802295408,,0-29,False,,ABSTAIN
0.5,Development,DC-109|qp12.2,taoyuan,historical,,OUT_OF_DOMAIN_GEOMETRY,,0.51,12.2,23.921568627450977,1.7210231802295408,,0-29,False,,ABSTAIN
0.5,Development,DC-107|qp12.9,taoyuan,historical,,OUT_OF_DOMAIN_GEOMETRY,,0.43,12.9,30.0,1.7210231802295408,,0-29,False,,ABSTAIN
0.5,Development,DC-110|qp15.3,taoyuan,historical,,OUT_OF_DOMAIN_GEOMETRY,,0.51,15.3,30.0,1.7210231802295408,,0-29,False,,ABSTAIN
0.5,Development,DC-111|qp32.4,taoyuan,historical,1.0,ADMITTED,1.0,1.8,32.4,18.0,1.7210231802295408,1.0,0-29,True,29.0,PASS
0.5,Development,DC-112|qp43.2,taoyuan,historical,0.0,MARGIN_FLOOR,0.0,1.8,43.2,24.0,1.7210231802295408,0.0,0-29,True,30.0,ZERO_ADMISSION
0.5,Development,DC-114|qp43.2,taoyuan,historical,0.0,SERVICE,0.0,2.4,43.2,18.000000000000004,1.7210231802295408,0.0,0-29,False,,ZERO_ADMISSION
0.5,Development,DC-113|qp54.0,taoyuan,historical,0.0,SERVICE,0.0,1.8,54.0,30.0,1.7210231802295408,0.0,0-29,False,,ZERO_ADMISSION
0.5,Development,DC-115|qp57.6,taoyuan,historical,0.0,SERVICE,2.0,2.4,57.6,24.0,1.7210231802295408,0.0,0-29,False,,ZERO_ADMISSION
0.5,Development,DC-116|qp72.0,taoyuan,historical,,DOMAIN,0.0,2.4,72.0,30.0,1.7210231802295408,,0-29,False,,ABSTAIN
0.5,Development,DC-117|qp90.0,taoyuan,historical,,TECHNICAL_INVALID,,5.0,90.0,18.0,1.7210231802295408,,0-29,False,,ABSTAIN
0.5,Development,DC-118|qp120.0,taoyuan,historical,,TECHNICAL_INVALID,,5.0,120.0,24.0,1.7210231802295408,,0-29,False,,ABSTAIN
0.5,Development,DC-119|qp150.0,taoyuan,historical,,TECHNICAL_INVALID,,5.0,150.0,30.0,1.7210231802295408,,0-29,False,,ABSTAIN
0.65,Development,TAO-taoyuan-idx2361-0-3|qp2,taoyuan,historical,,OUT_OF_DOMAIN_GEOMETRY,,0.51,2.0,3.92156862745098,2.393075801769321,,0-29,False,,ABSTAIN
0.65,Development,TAO-taoyuan-idx8762-0-0|qp2,taoyuan,historical,,OUT_OF_DOMAIN_GEOMETRY,,0.43,2.0,4.651162790697675,2.393075801769321,,0-29,False,,ABSTAIN
0.65,Development,TAO-taoyuan-idx8762-0-0|qp5,taoyuan,historical,,OUT_OF_DOMAIN_GEOMETRY,,0.43,5.0,11.627906976744184,2.393075801769321,,0-29,False,,ABSTAIN
0.65,Development,TAO-taoyuan-idx2361-0-3|qp6,taoyuan,historical,,OUT_OF_DOMAIN_GEOMETRY,,0.51,6.0,11.76470588235294,2.393075801769321,,0-29,False,,ABSTAIN
0.65,Development,TAO-taoyuan-idx3665-0-0|qp6,taoyuan,historical,,DOMAIN,0.0,1.2,6.0,5.0,2.393075801769321,,0-29,False,,ABSTAIN
0.65,Development,TAO-taoyuan-idx6197-0-0|qp6,taoyuan,historical,,DOMAIN,0.0,1.2,6.0,5.0,2.393075801769321,,0-29,False,,ABSTAIN
0.65,Development,TAO-taoyuan-idx1898-0-4|qp7,taoyuan,historical,,DOMAIN,0.0,1.46,7.0,4.794520547945206,2.393075801769321,,0-29,False,,ABSTAIN
0.65,Development,TAO-taoyuan-idx9342-0-2|qp7,taoyuan,historical,,DOMAIN,0.0,1.34,7.0,5.223880597014925,2.393075801769321,,0-29,False,,ABSTAIN
0.65,Development,TAO-taoyuan-idx10181-0-0|qp9,taoyuan,historical,7.0,ADMITTED,6.0,1.8,9.0,5.0,2.393075801769321,7.0,0-29,True,28.0,FAIL
0.65,Development,TAO-taoyuan-idx5160-0-0|qp9,taoyuan,historical,7.0,ADMITTED,8.0,1.87,9.0,4.81283422459893,2.393075801769321,7.0,0-29,True,30.0,PASS
0.65,Development,TAO-taoyuan-idx3430-0-3|qp10,taoyuan,historical,8.0,ADMITTED,9.0,2.04,10.0,4.901960784313726,2.393075801769321,8.0,0-29,True,30.0,PASS
0.65,Development,TAO-taoyuan-idx718-0-1|qp10,taoyuan,historical,7.0,ADMITTED,9.0,1.97,10.0,5.076142131979696,2.393075801769321,7.0,0-29,True,30.0,PASS
0.65,Development,TAO-taoyuan-idx7044-0-7|qp11,taoyuan,historical,9.0,ADMITTED,11.0,2.23,11.0,4.932735426008969,2.393075801769321,9.0,0-29,True,29.0,PASS
0.65,Development,TAO-taoyuan-idx3410-0-9|qp12,taoyuan,historical,10.0,ADMITTED,16.0,2.4,12.0,5.0,2.393075801769321,10.0,0-29,True,30.0,PASS
0.65,Development,TAO-taoyuan-idx6720-0-3|qp12,taoyuan,historical,9.0,ADMITTED,15.0,2.3,12.0,5.217391304347826,2.393075801769321,9.0,0-29,True,30.0,PASS
0.65,Development,TAO-taoyuan-idx5379-0-4|qp13,taoyuan,historical,11.0,ADMITTED,20.0,2.6,13.0,5.0,2.393075801769321,11.0,0-29,True,30.0,PASS
0.65,Development,TAO-taoyuan-idx3665-0-0|qp14,taoyuan,historical,,DOMAIN,0.0,1.2,14.0,11.666666666666668,2.393075801769321,,0-29,False,,ABSTAIN
0.65,Development,TAO-taoyuan-idx6197-0-0|qp14,taoyuan,historical,,DOMAIN,0.0,1.2,14.0,11.666666666666668,2.393075801769321,,0-29,False,,ABSTAIN
0.65,Development,TAO-taoyuan-idx158-0-0|qp15,taoyuan,historical,13.0,ADMITTED,20.0,3.0,15.0,5.0,2.393075801769321,13.0,0-29,True,30.0,PASS
0.65,Development,TAO-taoyuan-idx9038-0-2|qp15,taoyuan,historical,,DOMAIN,20.0,3.07,15.0,4.88599348534202,2.393075801769321,,0-29,False,,ABSTAIN
0.65,Development,TAO-taoyuan-idx9342-0-2|qp16,taoyuan,historical,,DOMAIN,0.0,1.34,16.0,11.940298507462686,2.393075801769321,,0-29,False,,ABSTAIN
0.65,Development,TAO-taoyuan-idx1898-0-4|qp18,taoyuan,historical,,DOMAIN,0.0,1.46,18.0,12.32876712328767,2.393075801769321,,0-29,False,,ABSTAIN
0.65,Development,TAO-taoyuan-idx373-0-1|qp18,taoyuan,historical,,DOMAIN,0.0,1.2,18.0,15.0,2.393075801769321,,0-29,False,,ABSTAIN
0.65,Development,TAO-taoyuan-idx10181-0-0|qp22,taoyuan,historical,1.0,ADMITTED,6.0,1.8,22.0,12.22222222222222,2.393075801769321,1.0,0-29,True,30.0,PASS
0.65,Development,TAO-taoyuan-idx5160-0-0|qp22,taoyuan,historical,2.0,ADMITTED,6.0,1.87,22.0,11.76470588235294,2.393075801769321,2.0,0-29,True,30.0,PASS
0.65,Development,TAO-taoyuan-idx3430-0-3|qp24,taoyuan,historical,2.0,ADMITTED,8.0,2.04,24.0,11.76470588235294,2.393075801769321,2.0,0-29,True,30.0,PASS
0.65,Development,TAO-taoyuan-idx718-0-1|qp24,taoyuan,historical,2.0,ADMITTED,7.0,1.97,24.0,12.18274111675127,2.393075801769321,2.0,0-29,True,30.0,PASS
0.65,Development,TAO-taoyuan-idx7044-0-7|qp27,taoyuan,historical,2.0,ADMITTED,10.0,2.23,27.0,12.10762331838565,2.393075801769321,2.0,0-29,True,30.0,PASS
0.65,Development,TAO-taoyuan-idx6720-0-3|qp28,taoyuan,historical,2.0,ADMITTED,10.0,2.3,28.0,12.173913043478262,2.393075801769321,2.0,0-29,True,30.0,PASS
0.65,Development,TAO-taoyuan-idx3410-0-9|qp29,taoyuan,historical,3.0,ADMITTED,11.0,2.4,29.0,12.083333333333334,2.393075801769321,3.0,0-29,True,30.0,PASS
0.65,Development,TAO-taoyuan-idx373-0-1|qp30,taoyuan,historical,,DOMAIN,0.0,1.2,30.0,25.0,2.393075801769321,,0-29,False,,ABSTAIN
0.65,Development,TAO-taoyuan-idx5379-0-4|qp31,taoyuan,historical,3.0,ADMITTED,12.0,2.6,31.0,11.923076923076923,2.393075801769321,3.0,0-29,True,30.0,PASS
0.65,Development,TAO-taoyuan-idx578-0-8|qp34,taoyuan,historical,1.0,ADMITTED,8.0,2.28,34.0,14.912280701754389,2.393075801769321,1.0,0-29,True,30.0,PASS
0.65,Development,TAO-taoyuan-idx531-0-1|qp35,taoyuan,historical,,DOMAIN,13.0,6.92,35.0,5.057803468208093,2.393075801769321,,0-29,False,,ABSTAIN
0.65,Development,TAO-taoyuan-idx158-0-0|qp36,taoyuan,historical,4.0,ADMITTED,11.0,3.0,36.0,12.0,2.393075801769321,4.0,0-29,True,30.0,PASS
0.65,Development,TAO-taoyuan-idx9038-0-2|qp37,taoyuan,historical,,DOMAIN,13.0,3.07,37.0,12.052117263843648,2.393075801769321,,0-29,False,,ABSTAIN
0.65,Development,TAO-taoyuan-idx578-0-8|qp57,taoyuan,historical,0.0,SERVICE,1.0,2.28,57.0,25.000000000000004,2.393075801769321,0.0,0-29,False,,ZERO_ADMISSION
0.65,Development,TAO-taoyuan-idx6656-0-0|qp75,taoyuan,historical,,TECHNICAL_INVALID,,5.0,75.0,15.0,2.393075801769321,,0-29,False,,ABSTAIN
0.65,Development,TAO-taoyuan-idx531-0-1|qp83,taoyuan,historical,,DOMAIN,11.0,6.92,83.0,11.99421965317919,2.393075801769321,,0-29,False,,ABSTAIN
0.65,Development,TAO-taoyuan-idx6656-0-0|qp125,taoyuan,historical,,TECHNICAL_INVALID,,5.0,125.0,25.0,2.393075801769321,,0-29,False,,ABSTAIN
0.65,Development,DC-105|qp7.7,taoyuan,historical,,OUT_OF_DOMAIN_GEOMETRY,,0.43,7.7,17.906976744186046,2.393075801769321,,0-29,False,,ABSTAIN
0.65,Development,DC-108|qp9.2,taoyuan,historical,,OUT_OF_DOMAIN_GEOMETRY,,0.51,9.2,18.03921568627451,2.393075801769321,,0-29,False,,ABSTAIN
0.65,Development,DC-106|qp10.3,taoyuan,historical,,OUT_OF_DOMAIN_GEOMETRY,,0.43,10.3,23.953488372093027,2.393075801769321,,0-29,False,,ABSTAIN
0.65,Development,DC-109|qp12.2,taoyuan,historical,,OUT_OF_DOMAIN_GEOMETRY,,0.51,12.2,23.921568627450977,2.393075801769321,,0-29,False,,ABSTAIN
0.65,Development,DC-107|qp12.9,taoyuan,historical,,OUT_OF_DOMAIN_GEOMETRY,,0.43,12.9,30.0,2.393075801769321,,0-29,False,,ABSTAIN
0.65,Development,DC-110|qp15.3,taoyuan,historical,,OUT_OF_DOMAIN_GEOMETRY,,0.51,15.3,30.0,2.393075801769321,,0-29,False,,ABSTAIN
0.65,Development,DC-111|qp32.4,taoyuan,historical,0.0,MARGIN_FLOOR,1.0,1.8,32.4,18.0,2.393075801769321,0.0,0-29,True,30.0,ZERO_ADMISSION
0.65,Development,DC-112|qp43.2,taoyuan,historical,0.0,MARGIN_FLOOR,0.0,1.8,43.2,24.0,2.393075801769321,0.0,0-29,True,30.0,ZERO_ADMISSION
0.65,Development,DC-114|qp43.2,taoyuan,historical,0.0,SERVICE,0.0,2.4,43.2,18.000000000000004,2.393075801769321,0.0,0-29,False,,ZERO_ADMISSION
0.65,Development,DC-113|qp54.0,taoyuan,historical,0.0,SERVICE,0.0,1.8,54.0,30.0,2.393075801769321,0.0,0-29,False,,ZERO_ADMISSION
0.65,Development,DC-115|qp57.6,taoyuan,historical,0.0,SERVICE,2.0,2.4,57.6,24.0,2.393075801769321,0.0,0-29,False,,ZERO_ADMISSION
0.65,Development,DC-116|qp72.0,taoyuan,historical,,DOMAIN,0.0,2.4,72.0,30.0,2.393075801769321,,0-29,False,,ABSTAIN
0.65,Development,DC-117|qp90.0,taoyuan,historical,,TECHNICAL_INVALID,,5.0,90.0,18.0,2.393075801769321,,0-29,False,,ABSTAIN
0.65,Development,DC-118|qp120.0,taoyuan,historical,,TECHNICAL_INVALID,,5.0,120.0,24.0,2.393075801769321,,0-29,False,,ABSTAIN
0.65,Development,DC-119|qp150.0,taoyuan,historical,,TECHNICAL_INVALID,,5.0,150.0,30.0,2.393075801769321,,0-29,False,,ABSTAIN
0.8,Development,TAO-taoyuan-idx2361-0-3|qp2,taoyuan,historical,,OUT_OF_DOMAIN_GEOMETRY,,0.51,2.0,3.92156862745098,3.3284763045014154,,0-29,False,,ABSTAIN
0.8,Development,TAO-taoyuan-idx8762-0-0|qp2,taoyuan,historical,,OUT_OF_DOMAIN_GEOMETRY,,0.43,2.0,4.651162790697675,3.3284763045014154,,0-29,False,,ABSTAIN
0.8,Development,TAO-taoyuan-idx8762-0-0|qp5,taoyuan,historical,,OUT_OF_DOMAIN_GEOMETRY,,0.43,5.0,11.627906976744184,3.3284763045014154,,0-29,False,,ABSTAIN
0.8,Development,TAO-taoyuan-idx2361-0-3|qp6,taoyuan,historical,,OUT_OF_DOMAIN_GEOMETRY,,0.51,6.0,11.76470588235294,3.3284763045014154,,0-29,False,,ABSTAIN
0.8,Development,TAO-taoyuan-idx3665-0-0|qp6,taoyuan,historical,,DOMAIN,0.0,1.2,6.0,5.0,3.3284763045014154,,0-29,False,,ABSTAIN
0.8,Development,TAO-taoyuan-idx6197-0-0|qp6,taoyuan,historical,,DOMAIN,0.0,1.2,6.0,5.0,3.3284763045014154,,0-29,False,,ABSTAIN
0.8,Development,TAO-taoyuan-idx1898-0-4|qp7,taoyuan,historical,,DOMAIN,0.0,1.46,7.0,4.794520547945206,3.3284763045014154,,0-29,False,,ABSTAIN
0.8,Development,TAO-taoyuan-idx9342-0-2|qp7,taoyuan,historical,,DOMAIN,0.0,1.34,7.0,5.223880597014925,3.3284763045014154,,0-29,False,,ABSTAIN
0.8,Development,TAO-taoyuan-idx10181-0-0|qp9,taoyuan,historical,6.0,ADMITTED,6.0,1.8,9.0,5.0,3.3284763045014154,6.0,0-29,True,29.0,PASS
0.8,Development,TAO-taoyuan-idx5160-0-0|qp9,taoyuan,historical,6.0,ADMITTED,8.0,1.87,9.0,4.81283422459893,3.3284763045014154,6.0,0-29,True,30.0,PASS
0.8,Development,TAO-taoyuan-idx3430-0-3|qp10,taoyuan,historical,7.0,ADMITTED,9.0,2.04,10.0,4.901960784313726,3.3284763045014154,7.0,0-29,True,30.0,PASS
0.8,Development,TAO-taoyuan-idx718-0-1|qp10,taoyuan,historical,7.0,ADMITTED,9.0,1.97,10.0,5.076142131979696,3.3284763045014154,7.0,0-29,True,30.0,PASS
0.8,Development,TAO-taoyuan-idx7044-0-7|qp11,taoyuan,historical,8.0,ADMITTED,11.0,2.23,11.0,4.932735426008969,3.3284763045014154,8.0,0-29,True,30.0,PASS
0.8,Development,TAO-taoyuan-idx3410-0-9|qp12,taoyuan,historical,9.0,ADMITTED,16.0,2.4,12.0,5.0,3.3284763045014154,9.0,0-29,True,30.0,PASS
0.8,Development,TAO-taoyuan-idx6720-0-3|qp12,taoyuan,historical,8.0,ADMITTED,15.0,2.3,12.0,5.217391304347826,3.3284763045014154,8.0,0-29,True,30.0,PASS
0.8,Development,TAO-taoyuan-idx5379-0-4|qp13,taoyuan,historical,10.0,ADMITTED,20.0,2.6,13.0,5.0,3.3284763045014154,10.0,0-29,True,30.0,PASS
0.8,Development,TAO-taoyuan-idx3665-0-0|qp14,taoyuan,historical,,DOMAIN,0.0,1.2,14.0,11.666666666666668,3.3284763045014154,,0-29,False,,ABSTAIN
0.8,Development,TAO-taoyuan-idx6197-0-0|qp14,taoyuan,historical,,DOMAIN,0.0,1.2,14.0,11.666666666666668,3.3284763045014154,,0-29,False,,ABSTAIN
0.8,Development,TAO-taoyuan-idx158-0-0|qp15,taoyuan,historical,12.0,ADMITTED,20.0,3.0,15.0,5.0,3.3284763045014154,12.0,0-29,True,30.0,PASS
0.8,Development,TAO-taoyuan-idx9038-0-2|qp15,taoyuan,historical,,DOMAIN,20.0,3.07,15.0,4.88599348534202,3.3284763045014154,,0-29,False,,ABSTAIN
0.8,Development,TAO-taoyuan-idx9342-0-2|qp16,taoyuan,historical,,DOMAIN,0.0,1.34,16.0,11.940298507462686,3.3284763045014154,,0-29,False,,ABSTAIN
0.8,Development,TAO-taoyuan-idx1898-0-4|qp18,taoyuan,historical,,DOMAIN,0.0,1.46,18.0,12.32876712328767,3.3284763045014154,,0-29,False,,ABSTAIN
0.8,Development,TAO-taoyuan-idx373-0-1|qp18,taoyuan,historical,,DOMAIN,0.0,1.2,18.0,15.0,3.3284763045014154,,0-29,False,,ABSTAIN
0.8,Development,TAO-taoyuan-idx10181-0-0|qp22,taoyuan,historical,0.0,MARGIN_FLOOR,6.0,1.8,22.0,12.22222222222222,3.3284763045014154,0.0,0-29,True,30.0,ZERO_ADMISSION
0.8,Development,TAO-taoyuan-idx5160-0-0|qp22,taoyuan,historical,1.0,ADMITTED,6.0,1.87,22.0,11.76470588235294,3.3284763045014154,1.0,0-29,True,30.0,PASS
0.8,Development,TAO-taoyuan-idx3430-0-3|qp24,taoyuan,historical,1.0,ADMITTED,8.0,2.04,24.0,11.76470588235294,3.3284763045014154,1.0,0-29,True,30.0,PASS
0.8,Development,TAO-taoyuan-idx718-0-1|qp24,taoyuan,historical,1.0,ADMITTED,7.0,1.97,24.0,12.18274111675127,3.3284763045014154,1.0,0-29,True,30.0,PASS
0.8,Development,TAO-taoyuan-idx7044-0-7|qp27,taoyuan,historical,1.0,ADMITTED,10.0,2.23,27.0,12.10762331838565,3.3284763045014154,1.0,0-29,True,30.0,PASS
0.8,Development,TAO-taoyuan-idx6720-0-3|qp28,taoyuan,historical,1.0,ADMITTED,10.0,2.3,28.0,12.173913043478262,3.3284763045014154,1.0,0-29,True,30.0,PASS
0.8,Development,TAO-taoyuan-idx3410-0-9|qp29,taoyuan,historical,2.0,ADMITTED,11.0,2.4,29.0,12.083333333333334,3.3284763045014154,2.0,0-29,True,30.0,PASS
0.8,Development,TAO-taoyuan-idx373-0-1|qp30,taoyuan,historical,,DOMAIN,0.0,1.2,30.0,25.0,3.3284763045014154,,0-29,False,,ABSTAIN
0.8,Development,TAO-taoyuan-idx5379-0-4|qp31,taoyuan,historical,2.0,ADMITTED,12.0,2.6,31.0,11.923076923076923,3.3284763045014154,2.0,0-29,True,30.0,PASS
0.8,Development,TAO-taoyuan-idx578-0-8|qp34,taoyuan,historical,1.0,ADMITTED,8.0,2.28,34.0,14.912280701754389,3.3284763045014154,1.0,0-29,True,30.0,PASS
0.8,Development,TAO-taoyuan-idx531-0-1|qp35,taoyuan,historical,,DOMAIN,13.0,6.92,35.0,5.057803468208093,3.3284763045014154,,0-29,False,,ABSTAIN
0.8,Development,TAO-taoyuan-idx158-0-0|qp36,taoyuan,historical,3.0,ADMITTED,11.0,3.0,36.0,12.0,3.3284763045014154,3.0,0-29,True,30.0,PASS
0.8,Development,TAO-taoyuan-idx9038-0-2|qp37,taoyuan,historical,,DOMAIN,13.0,3.07,37.0,12.052117263843648,3.3284763045014154,,0-29,False,,ABSTAIN
0.8,Development,TAO-taoyuan-idx578-0-8|qp57,taoyuan,historical,0.0,SERVICE,1.0,2.28,57.0,25.000000000000004,3.3284763045014154,0.0,0-29,False,,ZERO_ADMISSION
0.8,Development,TAO-taoyuan-idx6656-0-0|qp75,taoyuan,historical,,TECHNICAL_INVALID,,5.0,75.0,15.0,3.3284763045014154,,0-29,False,,ABSTAIN
0.8,Development,TAO-taoyuan-idx531-0-1|qp83,taoyuan,historical,,DOMAIN,11.0,6.92,83.0,11.99421965317919,3.3284763045014154,,0-29,False,,ABSTAIN
0.8,Development,TAO-taoyuan-idx6656-0-0|qp125,taoyuan,historical,,TECHNICAL_INVALID,,5.0,125.0,25.0,3.3284763045014154,,0-29,False,,ABSTAIN
0.8,Development,DC-105|qp7.7,taoyuan,historical,,OUT_OF_DOMAIN_GEOMETRY,,0.43,7.7,17.906976744186046,3.3284763045014154,,0-29,False,,ABSTAIN
0.8,Development,DC-108|qp9.2,taoyuan,historical,,OUT_OF_DOMAIN_GEOMETRY,,0.51,9.2,18.03921568627451,3.3284763045014154,,0-29,False,,ABSTAIN
0.8,Development,DC-106|qp10.3,taoyuan,historical,,OUT_OF_DOMAIN_GEOMETRY,,0.43,10.3,23.953488372093027,3.3284763045014154,,0-29,False,,ABSTAIN
0.8,Development,DC-109|qp12.2,taoyuan,historical,,OUT_OF_DOMAIN_GEOMETRY,,0.51,12.2,23.921568627450977,3.3284763045014154,,0-29,False,,ABSTAIN
0.8,Development,DC-107|qp12.9,taoyuan,historical,,OUT_OF_DOMAIN_GEOMETRY,,0.43,12.9,30.0,3.3284763045014154,,0-29,False,,ABSTAIN
0.8,Development,DC-110|qp15.3,taoyuan,historical,,OUT_OF_DOMAIN_GEOMETRY,,0.51,15.3,30.0,3.3284763045014154,,0-29,False,,ABSTAIN
0.8,Development,DC-111|qp32.4,taoyuan,historical,0.0,MARGIN_FLOOR,1.0,1.8,32.4,18.0,3.3284763045014154,0.0,0-29,True,30.0,ZERO_ADMISSION
0.8,Development,DC-112|qp43.2,taoyuan,historical,0.0,MARGIN_FLOOR,0.0,1.8,43.2,24.0,3.3284763045014154,0.0,0-29,True,30.0,ZERO_ADMISSION
0.8,Development,DC-114|qp43.2,taoyuan,historical,0.0,SERVICE,0.0,2.4,43.2,18.000000000000004,3.3284763045014154,0.0,0-29,False,,ZERO_ADMISSION
0.8,Development,DC-113|qp54.0,taoyuan,historical,0.0,SERVICE,0.0,1.8,54.0,30.0,3.3284763045014154,0.0,0-29,False,,ZERO_ADMISSION
0.8,Development,DC-115|qp57.6,taoyuan,historical,0.0,SERVICE,2.0,2.4,57.6,24.0,3.3284763045014154,0.0,0-29,False,,ZERO_ADMISSION
0.8,Development,DC-116|qp72.0,taoyuan,historical,,DOMAIN,0.0,2.4,72.0,30.0,3.3284763045014154,,0-29,False,,ABSTAIN
0.8,Development,DC-117|qp90.0,taoyuan,historical,,TECHNICAL_INVALID,,5.0,90.0,18.0,3.3284763045014154,,0-29,False,,ABSTAIN
0.8,Development,DC-118|qp120.0,taoyuan,historical,,TECHNICAL_INVALID,,5.0,120.0,24.0,3.3284763045014154,,0-29,False,,ABSTAIN
0.8,Development,DC-119|qp150.0,taoyuan,historical,,TECHNICAL_INVALID,,5.0,150.0,30.0,3.3284763045014154,,0-29,False,,ABSTAIN
0.9,Development,TAO-taoyuan-idx2361-0-3|qp2,taoyuan,historical,,OUT_OF_DOMAIN_GEOMETRY,,0.51,2.0,3.92156862745098,5.592685519009606,,0-29,False,,ABSTAIN
0.9,Development,TAO-taoyuan-idx8762-0-0|qp2,taoyuan,historical,,OUT_OF_DOMAIN_GEOMETRY,,0.43,2.0,4.651162790697675,5.592685519009606,,0-29,False,,ABSTAIN
0.9,Development,TAO-taoyuan-idx8762-0-0|qp5,taoyuan,historical,,OUT_OF_DOMAIN_GEOMETRY,,0.43,5.0,11.627906976744184,5.592685519009606,,0-29,False,,ABSTAIN
0.9,Development,TAO-taoyuan-idx2361-0-3|qp6,taoyuan,historical,,OUT_OF_DOMAIN_GEOMETRY,,0.51,6.0,11.76470588235294,5.592685519009606,,0-29,False,,ABSTAIN
0.9,Development,TAO-taoyuan-idx3665-0-0|qp6,taoyuan,historical,,DOMAIN,0.0,1.2,6.0,5.0,5.592685519009606,,0-29,False,,ABSTAIN
0.9,Development,TAO-taoyuan-idx6197-0-0|qp6,taoyuan,historical,,DOMAIN,0.0,1.2,6.0,5.0,5.592685519009606,,0-29,False,,ABSTAIN
0.9,Development,TAO-taoyuan-idx1898-0-4|qp7,taoyuan,historical,,DOMAIN,0.0,1.46,7.0,4.794520547945206,5.592685519009606,,0-29,False,,ABSTAIN
0.9,Development,TAO-taoyuan-idx9342-0-2|qp7,taoyuan,historical,,DOMAIN,0.0,1.34,7.0,5.223880597014925,5.592685519009606,,0-29,False,,ABSTAIN
0.9,Development,TAO-taoyuan-idx10181-0-0|qp9,taoyuan,historical,3.0,ADMITTED,6.0,1.8,9.0,5.0,5.592685519009606,3.0,0-29,True,30.0,PASS
0.9,Development,TAO-taoyuan-idx5160-0-0|qp9,taoyuan,historical,4.0,ADMITTED,8.0,1.87,9.0,4.81283422459893,5.592685519009606,4.0,0-29,True,30.0,PASS
0.9,Development,TAO-taoyuan-idx3430-0-3|qp10,taoyuan,historical,5.0,ADMITTED,9.0,2.04,10.0,4.901960784313726,5.592685519009606,5.0,0-29,True,30.0,PASS
0.9,Development,TAO-taoyuan-idx718-0-1|qp10,taoyuan,historical,4.0,ADMITTED,9.0,1.97,10.0,5.076142131979696,5.592685519009606,4.0,0-29,True,30.0,PASS
0.9,Development,TAO-taoyuan-idx7044-0-7|qp11,taoyuan,historical,6.0,ADMITTED,11.0,2.23,11.0,4.932735426008969,5.592685519009606,6.0,0-29,True,30.0,PASS
0.9,Development,TAO-taoyuan-idx3410-0-9|qp12,taoyuan,historical,7.0,ADMITTED,16.0,2.4,12.0,5.0,5.592685519009606,7.0,0-29,True,30.0,PASS
0.9,Development,TAO-taoyuan-idx6720-0-3|qp12,taoyuan,historical,6.0,ADMITTED,15.0,2.3,12.0,5.217391304347826,5.592685519009606,6.0,0-29,True,30.0,PASS
0.9,Development,TAO-taoyuan-idx5379-0-4|qp13,taoyuan,historical,8.0,ADMITTED,20.0,2.6,13.0,5.0,5.592685519009606,8.0,0-29,True,30.0,PASS
0.9,Development,TAO-taoyuan-idx3665-0-0|qp14,taoyuan,historical,,DOMAIN,0.0,1.2,14.0,11.666666666666668,5.592685519009606,,0-29,False,,ABSTAIN
0.9,Development,TAO-taoyuan-idx6197-0-0|qp14,taoyuan,historical,,DOMAIN,0.0,1.2,14.0,11.666666666666668,5.592685519009606,,0-29,False,,ABSTAIN
0.9,Development,TAO-taoyuan-idx158-0-0|qp15,taoyuan,historical,10.0,ADMITTED,20.0,3.0,15.0,5.0,5.592685519009606,10.0,0-29,True,30.0,PASS
0.9,Development,TAO-taoyuan-idx9038-0-2|qp15,taoyuan,historical,,DOMAIN,20.0,3.07,15.0,4.88599348534202,5.592685519009606,,0-29,False,,ABSTAIN
0.9,Development,TAO-taoyuan-idx9342-0-2|qp16,taoyuan,historical,,DOMAIN,0.0,1.34,16.0,11.940298507462686,5.592685519009606,,0-29,False,,ABSTAIN
0.9,Development,TAO-taoyuan-idx1898-0-4|qp18,taoyuan,historical,,DOMAIN,0.0,1.46,18.0,12.32876712328767,5.592685519009606,,0-29,False,,ABSTAIN
0.9,Development,TAO-taoyuan-idx373-0-1|qp18,taoyuan,historical,,DOMAIN,0.0,1.2,18.0,15.0,5.592685519009606,,0-29,False,,ABSTAIN
0.9,Development,TAO-taoyuan-idx10181-0-0|qp22,taoyuan,historical,0.0,MARGIN_FLOOR,6.0,1.8,22.0,12.22222222222222,5.592685519009606,0.0,0-29,True,30.0,ZERO_ADMISSION
0.9,Development,TAO-taoyuan-idx5160-0-0|qp22,taoyuan,historical,0.0,MARGIN_FLOOR,6.0,1.87,22.0,11.76470588235294,5.592685519009606,0.0,0-29,True,30.0,ZERO_ADMISSION
0.9,Development,TAO-taoyuan-idx3430-0-3|qp24,taoyuan,historical,0.0,MARGIN_FLOOR,8.0,2.04,24.0,11.76470588235294,5.592685519009606,0.0,0-29,True,30.0,ZERO_ADMISSION
0.9,Development,TAO-taoyuan-idx718-0-1|qp24,taoyuan,historical,0.0,MARGIN_FLOOR,7.0,1.97,24.0,12.18274111675127,5.592685519009606,0.0,0-29,True,30.0,ZERO_ADMISSION
0.9,Development,TAO-taoyuan-idx7044-0-7|qp27,taoyuan,historical,0.0,MARGIN_FLOOR,10.0,2.23,27.0,12.10762331838565,5.592685519009606,0.0,0-29,True,30.0,ZERO_ADMISSION
0.9,Development,TAO-taoyuan-idx6720-0-3|qp28,taoyuan,historical,0.0,MARGIN_FLOOR,10.0,2.3,28.0,12.173913043478262,5.592685519009606,0.0,0-29,True,30.0,ZERO_ADMISSION
0.9,Development,TAO-taoyuan-idx3410-0-9|qp29,taoyuan,historical,0.0,MARGIN_FLOOR,11.0,2.4,29.0,12.083333333333334,5.592685519009606,0.0,0-29,True,30.0,ZERO_ADMISSION
0.9,Development,TAO-taoyuan-idx373-0-1|qp30,taoyuan,historical,,DOMAIN,0.0,1.2,30.0,25.0,5.592685519009606,,0-29,False,,ABSTAIN
0.9,Development,TAO-taoyuan-idx5379-0-4|qp31,taoyuan,historical,0.0,MARGIN_FLOOR,12.0,2.6,31.0,11.923076923076923,5.592685519009606,0.0,0-29,True,30.0,ZERO_ADMISSION
0.9,Development,TAO-taoyuan-idx578-0-8|qp34,taoyuan,historical,0.0,MARGIN_FLOOR,8.0,2.28,34.0,14.912280701754389,5.592685519009606,0.0,0-29,True,30.0,ZERO_ADMISSION
0.9,Development,TAO-taoyuan-idx531-0-1|qp35,taoyuan,historical,,DOMAIN,13.0,6.92,35.0,5.057803468208093,5.592685519009606,,0-29,False,,ABSTAIN
0.9,Development,TAO-taoyuan-idx158-0-0|qp36,taoyuan,historical,1.0,ADMITTED,11.0,3.0,36.0,12.0,5.592685519009606,1.0,0-29,True,30.0,PASS
0.9,Development,TAO-taoyuan-idx9038-0-2|qp37,taoyuan,historical,,DOMAIN,13.0,3.07,37.0,12.052117263843648,5.592685519009606,,0-29,False,,ABSTAIN
0.9,Development,TAO-taoyuan-idx578-0-8|qp57,taoyuan,historical,0.0,SERVICE,1.0,2.28,57.0,25.000000000000004,5.592685519009606,0.0,0-29,False,,ZERO_ADMISSION
0.9,Development,TAO-taoyuan-idx6656-0-0|qp75,taoyuan,historical,,TECHNICAL_INVALID,,5.0,75.0,15.0,5.592685519009606,,0-29,False,,ABSTAIN
0.9,Development,TAO-taoyuan-idx531-0-1|qp83,taoyuan,historical,,DOMAIN,11.0,6.92,83.0,11.99421965317919,5.592685519009606,,0-29,False,,ABSTAIN
0.9,Development,TAO-taoyuan-idx6656-0-0|qp125,taoyuan,historical,,TECHNICAL_INVALID,,5.0,125.0,25.0,5.592685519009606,,0-29,False,,ABSTAIN
0.9,Development,DC-105|qp7.7,taoyuan,historical,,OUT_OF_DOMAIN_GEOMETRY,,0.43,7.7,17.906976744186046,5.592685519009606,,0-29,False,,ABSTAIN
0.9,Development,DC-108|qp9.2,taoyuan,historical,,OUT_OF_DOMAIN_GEOMETRY,,0.51,9.2,18.03921568627451,5.592685519009606,,0-29,False,,ABSTAIN
0.9,Development,DC-106|qp10.3,taoyuan,historical,,OUT_OF_DOMAIN_GEOMETRY,,0.43,10.3,23.953488372093027,5.592685519009606,,0-29,False,,ABSTAIN
0.9,Development,DC-109|qp12.2,taoyuan,historical,,OUT_OF_DOMAIN_GEOMETRY,,0.51,12.2,23.921568627450977,5.592685519009606,,0-29,False,,ABSTAIN
0.9,Development,DC-107|qp12.9,taoyuan,historical,,OUT_OF_DOMAIN_GEOMETRY,,0.43,12.9,30.0,5.592685519009606,,0-29,False,,ABSTAIN
0.9,Development,DC-110|qp15.3,taoyuan,historical,,OUT_OF_DOMAIN_GEOMETRY,,0.51,15.3,30.0,5.592685519009606,,0-29,False,,ABSTAIN
0.9,Development,DC-111|qp32.4,taoyuan,historical,0.0,MARGIN_FLOOR,1.0,1.8,32.4,18.0,5.592685519009606,0.0,0-29,True,30.0,ZERO_ADMISSION
0.9,Development,DC-112|qp43.2,taoyuan,historical,0.0,MARGIN_FLOOR,0.0,1.8,43.2,24.0,5.592685519009606,0.0,0-29,True,30.0,ZERO_ADMISSION
0.9,Development,DC-114|qp43.2,taoyuan,historical,0.0,SERVICE,0.0,2.4,43.2,18.000000000000004,5.592685519009606,0.0,0-29,False,,ZERO_ADMISSION
0.9,Development,DC-113|qp54.0,taoyuan,historical,0.0,SERVICE,0.0,1.8,54.0,30.0,5.592685519009606,0.0,0-29,False,,ZERO_ADMISSION
0.9,Development,DC-115|qp57.6,taoyuan,historical,0.0,SERVICE,2.0,2.4,57.6,24.0,5.592685519009606,0.0,0-29,False,,ZERO_ADMISSION
0.9,Development,DC-116|qp72.0,taoyuan,historical,,DOMAIN,0.0,2.4,72.0,30.0,5.592685519009606,,0-29,False,,ABSTAIN
0.9,Development,DC-117|qp90.0,taoyuan,historical,,TECHNICAL_INVALID,,5.0,90.0,18.0,5.592685519009606,,0-29,False,,ABSTAIN
0.9,Development,DC-118|qp120.0,taoyuan,historical,,TECHNICAL_INVALID,,5.0,120.0,24.0,5.592685519009606,,0-29,False,,ABSTAIN
0.9,Development,DC-119|qp150.0,taoyuan,historical,,TECHNICAL_INVALID,,5.0,150.0,30.0,5.592685519009606,,0-29,False,,ABSTAIN
