tag,cell_id,city,city_code,type,context,W,L,qp,x,sinuosity,max_turn_deg,cum_turn_deg,source,flows_tested,non_monotonic,qr_star,fit_eligible,fit_eligible_v2,operational_member,has_positive_sweep,max_tested,raw_evidence_complete,q_star,q_star_status,base_pass,baseline_pass_frac,vbar,baseline_density,baseline_flow_ratio,n_baseline_seeds,fit_eligible_v3
AMS-amsterdam-chain-77474-550|qp3,AMS-amsterdam-chain-77474-550,amsterdam,AMS,C,residential,0.643,50.0,3.0,4.666,1.0003,4.3,6.0,main,,False,,False,False,False,True,20.0,True,,OUT_OF_DOMAIN_GEOMETRY,,,,,,30,False
AMS-amsterdam-chain-75190-0|qp4,AMS-amsterdam-chain-75190-0,amsterdam,AMS,C,residential,0.91,50.0,4.0,4.396,1.0001,2.4,2.4,main,,False,,False,False,False,True,20.0,True,,OUT_OF_DOMAIN_GEOMETRY,,,,,,30,False
AMS-amsterdam-chain-66173-0|qp6,AMS-amsterdam-chain-66173-0,amsterdam,AMS,C,residential,1.208,50.0,6.0,4.967,1.0,0.0,0.0,main,"{""1.0"": 0.0}",False,0.0,False,False,False,True,1.0,True,0.0,ZERO,1.0,1.0,1.3011129438488223,0.06440224889624775,0.9847222222222223,30,False
AMS-amsterdam-chain-15655-200|qp7,AMS-amsterdam-chain-15655-200,amsterdam,AMS,C,residential,1.319,50.0,7.0,5.307,1.0,0.0,0.0,main,"{""1.0"": 0.0}",False,0.0,False,False,False,True,1.0,True,0.0,ZERO,1.0,1.0,1.2914221006700541,0.06925174795720593,1.0,30,False
AMS-amsterdam-chain-32447-100|qp7,AMS-amsterdam-chain-32447-100,amsterdam,AMS,C,residential,1.352,50.0,7.0,5.178,1.044,64.5,232.6,main,{},False,0.0,False,False,False,False,,True,0.0,ZERO,0.0,0.0,0.0,0.0,0.0,30,False
AMS-amsterdam-chain-32674-0|qp7,AMS-amsterdam-chain-32674-0,amsterdam,AMS,C,residential,1.323,50.0,7.0,5.291,1.274,64.4,189.0,main,{},False,0.0,False,False,False,False,,True,0.0,ZERO,0.0,0.0,0.0,0.0,0.0,30,False
AMS-amsterdam-chain-7530-50|qp8,AMS-amsterdam-chain-7530-50,amsterdam,AMS,C,residential,1.529,50.0,8.0,5.232,1.0,0.0,0.0,main,"{""1.0"": 0.6666666666666666}",False,0.0,False,False,False,True,1.0,True,0.0,ZERO,1.0,1.0,1.3181436168657796,0.06690874573069082,0.9958333333333333,30,False
AMS-amsterdam-chain-77474-550|qp8,AMS-amsterdam-chain-77474-550,amsterdam,AMS,C,residential,0.643,50.0,8.0,12.442,1.0003,4.3,6.0,main,,False,,False,False,False,False,,True,,OUT_OF_DOMAIN_GEOMETRY,,,,,,30,False
AMS-amsterdam-chain-79104-0|qp8,AMS-amsterdam-chain-79104-0,amsterdam,AMS,A,residential,1.662,50.0,8.0,4.813,1.0045,11.0,11.0,main,"{""1.0"": 1.0, ""2.0"": 1.0, ""3.0"": 1.0, ""4.0"": 1.0, ""5.0"": 1.0, ""6.0"": 1.0, ""8.0"": 1.0, ""10.0"": 0.9666666666666667, ""11.0"": 0.9666666666666667, ""12.0"": 0.9333333333333333, ""15.0"": 0.8333333333333334, ""18.0"": 0.6, ""20.0"": 0.5}",False,11.0,True,True,True,True,20.0,True,11.0,POSITIVE,1.0,1.0,1.3337240877432808,0.060504412354593314,0.9958333333333333,30,True
AMS-amsterdam-chain-141619-0|qp10,AMS-amsterdam-chain-141619-0,amsterdam,AMS,B,residential,2.098,50.0,10.0,4.766,1.0069,57.6,120.2,main,"{""1.0"": 1.0, ""2.0"": 1.0, ""3.0"": 1.0, ""4.0"": 1.0, ""5.0"": 1.0, ""6.0"": 1.0, ""8.0"": 1.0, ""9.0"": 1.0, ""10.0"": 0.9666666666666667, ""11.0"": 1.0, ""12.0"": 0.9333333333333333, ""15.0"": 0.8, ""18.0"": 0.3333333333333333}",False,11.0,True,True,True,True,18.0,True,11.0,POSITIVE,1.0,1.0,1.310945016101922,0.06122100413091889,1.0091666666666668,30,True
AMS-amsterdam-chain-173340-0|qp10,AMS-amsterdam-chain-173340-0,amsterdam,AMS,B,residential,1.96,50.0,10.0,5.102,1.3994,48.8,77.7,main,{},False,0.0,False,False,False,False,,True,0.0,ZERO,0.0,0.0,0.0,0.0,0.0,30,False
AMS-amsterdam-chain-3511-0|qp10,AMS-amsterdam-chain-3511-0,amsterdam,AMS,B,residential,1.969,50.0,10.0,5.079,1.3121,65.7,189.6,main,{},False,0.0,False,False,False,False,,True,0.0,ZERO,0.0,0.0,0.0,0.0,0.0,30,False
AMS-amsterdam-chain-95719-50|qp10,AMS-amsterdam-chain-95719-50,amsterdam,AMS,B,residential,2.062,50.0,10.0,4.85,1.1848,31.5,125.6,main,{},False,0.0,False,False,False,False,,True,0.0,ZERO,0.0,0.0,0.0,0.0,0.0,30,False
AMS-amsterdam-chain-166482-0|qp11,AMS-amsterdam-chain-166482-0,amsterdam,AMS,B,residential,2.267,50.0,11.0,4.852,1.0152,16.9,118.2,main,"{""1.0"": 1.0, ""2.0"": 1.0, ""3.0"": 1.0, ""4.0"": 1.0, ""5.0"": 1.0, ""6.0"": 1.0, ""8.0"": 1.0, ""9.0"": 0.9666666666666667, ""10.0"": 0.9333333333333333, ""12.0"": 0.8333333333333334, ""15.0"": 0.6, ""18.0"": 0.16666666666666666}",False,9.0,True,True,True,True,18.0,True,9.0,POSITIVE,1.0,1.0,1.2732753261824143,0.06338620545998198,1.0053030303030304,30,True
AMS-amsterdam-chain-45268-50|qp11,AMS-amsterdam-chain-45268-50,amsterdam,AMS,A,residential,2.166,50.0,11.0,5.078,1.0002,1.8,1.8,main,"{""1.0"": 1.0, ""2.0"": 1.0, ""3.0"": 1.0, ""4.0"": 1.0, ""5.0"": 1.0, ""6.0"": 1.0, ""8.0"": 0.9666666666666667, ""10.0"": 0.9666666666666667, ""11.0"": 1.0, ""12.0"": 1.0, ""13.0"": 0.9666666666666667, ""14.0"": 0.9, ""15.0"": 0.9, ""18.0"": 0.6, ""20.0"": 0.3}",False,13.0,True,True,True,True,20.0,True,13.0,POSITIVE,1.0,1.0,1.2981453043289393,0.06589431363496423,1.0045454545454546,30,True
AMS-amsterdam-chain-75190-0|qp11,AMS-amsterdam-chain-75190-0,amsterdam,AMS,C,residential,0.91,50.0,11.0,12.088,1.0001,2.4,2.4,main,,False,,False,False,False,False,,True,,OUT_OF_DOMAIN_GEOMETRY,,,,,,30,False
AMS-amsterdam-chain-44642-0|qp12,AMS-amsterdam-chain-44642-0,amsterdam,AMS,A,residential,2.482,50.0,12.0,4.835,1.0,0.0,0.0,main,"{""1.0"": 1.0, ""2.0"": 1.0, ""3.0"": 1.0, ""4.0"": 1.0, ""5.0"": 1.0, ""6.0"": 1.0, ""8.0"": 1.0, ""10.0"": 1.0, ""12.0"": 1.0, ""13.0"": 1.0, ""15.0"": 0.9666666666666667, ""18.0"": 0.9666666666666667, ""19.0"": 0.9666666666666667, ""20.0"": 0.9333333333333333}",False,19.0,True,True,True,True,20.0,True,19.0,POSITIVE,1.0,1.0,1.3244448911399929,0.061011784850927175,1.0006944444444443,30,True
AMS-amsterdam-chain-32802-0|qp13,AMS-amsterdam-chain-32802-0,amsterdam,AMS,A,residential,2.575,50.0,13.0,5.049,1.0007,4.8,8.4,main,"{""1.0"": 1.0, ""2.0"": 1.0, ""3.0"": 1.0, ""4.0"": 1.0, ""5.0"": 1.0, ""6.0"": 1.0, ""8.0"": 1.0, ""10.0"": 1.0, ""12.0"": 1.0, ""13.0"": 1.0, ""15.0"": 1.0, ""18.0"": 0.9666666666666667, ""19.0"": 0.9666666666666667, ""20.0"": 0.8}",False,19.0,True,True,True,True,20.0,True,19.0,POSITIVE,1.0,1.0,1.300244329857349,0.06525647249190965,1.0032051282051282,30,True
AMS-amsterdam-chain-22812-0|qp14,AMS-amsterdam-chain-22812-0,amsterdam,AMS,B,residential,2.796,50.0,14.0,5.007,1.0839,60.2,155.3,main,"{""1.0"": 1.0, ""2.0"": 1.0, ""3.0"": 1.0, ""4.0"": 1.0, ""5.0"": 1.0, ""6.0"": 1.0, ""8.0"": 1.0, ""10.0"": 1.0, ""12.0"": 1.0, ""15.0"": 1.0, ""18.0"": 0.9666666666666667, ""19.0"": 1.0, ""20.0"": 0.8666666666666667}",False,19.0,True,True,False,True,20.0,True,19.0,POSITIVE,1.0,1.0,1.3072856545690932,0.06427262160228854,1.0120811287477955,30,True
AMS-amsterdam-chain-66173-0|qp14,AMS-amsterdam-chain-66173-0,amsterdam,AMS,C,residential,1.208,50.0,14.0,11.589,1.0,0.0,0.0,main,"{""1.0"": 0.0}",False,0.0,False,False,False,True,1.0,True,0.0,ZERO,1.0,1.0,1.2170993046866359,0.1609196789919074,1.006547619047619,30,False
AMS-amsterdam-chain-15655-200|qp16,AMS-amsterdam-chain-15655-200,amsterdam,AMS,C,residential,1.319,50.0,16.0,12.13,1.0,0.0,0.0,main,"{""1.0"": 0.0}",False,0.0,False,False,False,True,1.0,True,0.0,ZERO,1.0,1.0,1.2414736795465786,0.16542782832111552,1.0010416666666666,30,False
AMS-amsterdam-chain-32447-100|qp16,AMS-amsterdam-chain-32447-100,amsterdam,AMS,C,residential,1.352,50.0,16.0,11.834,1.044,64.5,232.6,main,{},False,0.0,False,False,False,False,,True,0.0,ZERO,0.0,0.0,0.0,0.0,0.0,30,False
AMS-amsterdam-chain-32674-0|qp16,AMS-amsterdam-chain-32674-0,amsterdam,AMS,C,residential,1.323,50.0,16.0,12.094,1.274,64.4,189.0,main,{},False,0.0,False,False,False,False,,True,0.0,ZERO,0.0,0.0,0.0,0.0,0.0,30,False
AMS-amsterdam-chain-142287-0|qp18,AMS-amsterdam-chain-142287-0,amsterdam,AMS,B,residential,3.651,50.0,18.0,4.93,1.0464,29.2,117.5,main,{},False,0.0,False,False,False,False,,True,0.0,ZERO,0.0,0.0,0.0,0.0,0.0,30,False
AMS-amsterdam-chain-7530-50|qp18,AMS-amsterdam-chain-7530-50,amsterdam,AMS,C,residential,1.529,50.0,18.0,11.772,1.0,0.0,0.0,main,"{""1.0"": 0.0}",False,0.0,False,False,False,True,1.0,True,0.0,ZERO,1.0,1.0,1.270826202662337,0.15666239735484522,1.0023148148148149,30,False
AMS-amsterdam-chain-158080-0|qp19,AMS-amsterdam-chain-158080-0,amsterdam,AMS,A,residential,3.89,50.0,19.0,4.884,1.0,0.0,0.0,main,"{""1.0"": 1.0, ""2.0"": 1.0, ""3.0"": 1.0, ""4.0"": 1.0, ""5.0"": 1.0, ""6.0"": 1.0, ""8.0"": 1.0, ""10.0"": 1.0, ""12.0"": 1.0, ""15.0"": 1.0, ""18.0"": 1.0, ""19.0"": 1.0, ""20.0"": 0.8666666666666667}",False,19.0,True,True,False,True,20.0,True,19.0,POSITIVE,1.0,1.0,1.32071810445013,0.06201620965438278,1.0008771929824563,30,True
AMS-amsterdam-chain-79104-0|qp20,AMS-amsterdam-chain-79104-0,amsterdam,AMS,A,residential,1.662,50.0,20.0,12.034,1.0045,11.0,11.0,main,"{""1.0"": 1.0, ""2.0"": 1.0, ""3.0"": 1.0, ""4.0"": 1.0, ""5.0"": 1.0, ""6.0"": 1.0, ""8.0"": 0.9666666666666667, ""10.0"": 0.9666666666666667, ""11.0"": 0.8333333333333334, ""12.0"": 0.7666666666666667, ""15.0"": 0.43333333333333335}",False,10.0,True,True,True,True,15.0,True,10.0,POSITIVE,1.0,1.0,1.3124164516375214,0.15298586040914416,1.0008333333333335,30,True
AMS-amsterdam-chain-173340-0|qp24,AMS-amsterdam-chain-173340-0,amsterdam,AMS,B,residential,1.96,50.0,24.0,12.245,1.3994,48.8,77.7,main,{},False,0.0,False,False,False,False,,True,0.0,ZERO,0.0,0.0,0.0,0.0,0.0,30,False
AMS-amsterdam-chain-3511-0|qp24,AMS-amsterdam-chain-3511-0,amsterdam,AMS,B,residential,1.969,50.0,24.0,12.189,1.3121,65.7,189.6,main,{},False,0.0,False,False,False,False,,True,0.0,ZERO,0.0,0.0,0.0,0.0,0.0,30,False
AMS-amsterdam-chain-141619-0|qp25,AMS-amsterdam-chain-141619-0,amsterdam,AMS,B,residential,2.098,50.0,25.0,11.916,1.0069,57.6,120.2,main,"{""1.0"": 1.0, ""2.0"": 1.0, ""3.0"": 1.0, ""4.0"": 1.0, ""5.0"": 1.0, ""6.0"": 1.0, ""8.0"": 0.9666666666666667, ""9.0"": 0.8, ""10.0"": 0.7, ""12.0"": 0.23333333333333334}",False,8.0,True,True,True,True,12.0,True,8.0,POSITIVE,1.0,1.0,1.2385816103779275,0.1621312625781169,1.0000000000000002,30,True
AMS-amsterdam-chain-95719-50|qp25,AMS-amsterdam-chain-95719-50,amsterdam,AMS,B,residential,2.062,50.0,25.0,12.124,1.1848,31.5,125.6,main,{},False,0.0,False,False,False,False,,True,0.0,ZERO,0.0,0.0,0.0,0.0,0.0,30,False
AMS-amsterdam-chain-45268-50|qp26,AMS-amsterdam-chain-45268-50,amsterdam,AMS,A,residential,2.166,50.0,26.0,12.004,1.0002,1.8,1.8,main,"{""1.0"": 1.0, ""2.0"": 1.0, ""3.0"": 1.0, ""4.0"": 1.0, ""5.0"": 1.0, ""6.0"": 1.0, ""8.0"": 0.9666666666666667, ""9.0"": 0.9333333333333333, ""10.0"": 0.9, ""12.0"": 0.6666666666666666, ""15.0"": 0.13333333333333333}",False,8.0,True,True,True,True,15.0,True,8.0,POSITIVE,1.0,1.0,1.2085221382177846,0.16841399917923383,0.9983974358974359,30,True
AMS-amsterdam-chain-166482-0|qp27,AMS-amsterdam-chain-166482-0,amsterdam,AMS,B,residential,2.267,50.0,27.0,11.91,1.0152,16.9,118.2,main,"{""1.0"": 1.0, ""2.0"": 1.0, ""3.0"": 1.0, ""4.0"": 1.0, ""5.0"": 1.0, ""6.0"": 1.0, ""8.0"": 0.9666666666666667, ""9.0"": 0.7666666666666667, ""10.0"": 0.8, ""12.0"": 0.5666666666666667, ""15.0"": 0.06666666666666667}",False,8.0,True,True,True,True,15.0,True,8.0,POSITIVE,1.0,1.0,1.1697772985082204,0.17071417193549757,1.0037037037037038,30,True
AMS-amsterdam-chain-44642-0|qp30,AMS-amsterdam-chain-44642-0,amsterdam,AMS,A,residential,2.482,50.0,30.0,12.087,1.0,0.0,0.0,main,"{""1.0"": 1.0, ""2.0"": 1.0, ""3.0"": 1.0, ""4.0"": 1.0, ""5.0"": 1.0, ""6.0"": 1.0, ""8.0"": 1.0, ""10.0"": 1.0, ""12.0"": 1.0, ""13.0"": 0.9, ""14.0"": 0.8333333333333334, ""15.0"": 0.7333333333333333, ""18.0"": 0.4666666666666667}",False,12.0,True,True,True,True,18.0,True,12.0,POSITIVE,1.0,1.0,1.262087488681393,0.1604432469334776,0.9991666666666668,30,True
AMS-amsterdam-chain-32802-0|qp31,AMS-amsterdam-chain-32802-0,amsterdam,AMS,A,residential,2.575,50.0,31.0,12.039,1.0007,4.8,8.4,main,"{""1.0"": 1.0, ""2.0"": 1.0, ""3.0"": 1.0, ""4.0"": 1.0, ""5.0"": 1.0, ""6.0"": 1.0, ""8.0"": 1.0, ""10.0"": 1.0, ""12.0"": 0.9666666666666667, ""13.0"": 0.9333333333333333, ""14.0"": 0.9333333333333333, ""15.0"": 0.8666666666666667, ""18.0"": 0.5333333333333333, ""20.0"": 0.06666666666666667}",False,12.0,True,True,True,True,20.0,True,12.0,POSITIVE,1.0,1.0,1.2183670690644919,0.16656067961164978,1.0016129032258063,30,True
AMS-amsterdam-chain-22812-0|qp34,AMS-amsterdam-chain-22812-0,amsterdam,AMS,B,residential,2.796,50.0,34.0,12.16,1.0839,60.2,155.3,main,"{""1.0"": 1.0, ""2.0"": 1.0, ""3.0"": 1.0, ""4.0"": 1.0, ""5.0"": 1.0, ""6.0"": 1.0, ""8.0"": 1.0, ""10.0"": 1.0, ""11.0"": 1.0, ""12.0"": 0.9333333333333333, ""15.0"": 0.1}",False,11.0,True,True,False,True,15.0,True,11.0,POSITIVE,1.0,1.0,1.2390170261745646,0.16459773883325302,1.003530143400644,30,True
AMS-amsterdam-chain-142287-0|qp44,AMS-amsterdam-chain-142287-0,amsterdam,AMS,B,residential,3.651,50.0,44.0,12.051,1.0464,29.2,117.5,main,{},False,0.0,False,False,False,False,,True,0.0,ZERO,0.0,0.0,0.0,0.0,0.0,30,False
AMS-amsterdam-chain-158080-0|qp47,AMS-amsterdam-chain-158080-0,amsterdam,AMS,A,residential,3.89,50.0,47.0,12.082,1.0,0.0,0.0,main,"{""1.0"": 1.0, ""2.0"": 1.0, ""3.0"": 1.0, ""4.0"": 1.0, ""5.0"": 1.0, ""6.0"": 1.0, ""8.0"": 1.0, ""10.0"": 0.9666666666666667, ""12.0"": 0.9666666666666667, ""13.0"": 0.8333333333333334, ""14.0"": 0.6666666666666666, ""15.0"": 0.43333333333333335}",False,12.0,True,True,False,True,15.0,True,12.0,POSITIVE,1.0,1.0,1.2115173468829972,0.1663146243930284,1.001950354609929,30,True
AMS-amsterdam-chain-138895-0|qp52,AMS-amsterdam-chain-138895-0,amsterdam,AMS,B,commercial,3.48,50.0,52.0,14.943,1.1712,83.6,147.1,main,"{""1.0"": 0.8, ""2.0"": 0.8333333333333334, ""3.0"": 0.6, ""4.0"": 0.5333333333333333}",False,0.0,False,False,False,True,4.0,True,0.0,ZERO,1.0,0.9666666666666667,0.6698195936345424,0.3723533285440645,0.9938616883148579,30,False
AMS-amsterdam-chain-138895-0|qp87,AMS-amsterdam-chain-138895-0,amsterdam,AMS,B,commercial,3.48,50.0,87.0,25.0,1.1712,83.6,147.1,main,{},False,0.0,False,False,False,False,,True,0.0,ZERO,0.0,0.23333333333333334,0.28302853202338635,1.2969169061302692,1.5957293261506975,30,False
MEL-melbourne-RPSP1011231-0-5|qp1,MEL-melbourne-RPSP1011231-0-5,melbourne,MEL,C,residential,0.209,50.0,1.0,4.785,1.0,0.0,0.0,main,,False,,False,False,False,True,1.0,True,,OUT_OF_DOMAIN_GEOMETRY,,,,,,30,False
MEL-melbourne-RPSP1011231-0-5|qp2,MEL-melbourne-RPSP1011231-0-5,melbourne,MEL,C,residential,0.209,50.0,2.0,9.569,1.0,0.0,0.0,main,,False,,False,False,False,True,1.0,True,,OUT_OF_DOMAIN_GEOMETRY,,,,,,30,False
MEL-melbourne-idx7418-0-6|qp3,MEL-melbourne-idx7418-0-6,melbourne,MEL,C,residential,0.603,50.0,3.0,4.975,1.0,0.0,0.0,main,,False,,False,False,False,True,20.0,True,,OUT_OF_DOMAIN_GEOMETRY,,,,,,30,False
MEL-melbourne-RPSP03A13291L1-0-0|qp5,MEL-melbourne-RPSP03A13291L1-0-0,melbourne,MEL,C,commercial,0.305,50.0,5.0,16.393,1.0,0.0,0.0,main,,False,,False,False,False,True,1.0,True,,OUT_OF_DOMAIN_GEOMETRY,,,,,,30,False
MEL-melbourne-RPSP03A10434L1-0-0|qp7,MEL-melbourne-RPSP03A10434L1-0-0,melbourne,MEL,C,residential,1.33,50.0,7.0,5.263,1.0,0.0,0.0,main,"{""1.0"": 0.0}",False,0.0,False,False,False,True,1.0,True,0.0,ZERO,1.0,1.0,1.2933882511589494,0.06849676274018082,1.0,30,False
MEL-melbourne-idx7418-0-6|qp7,MEL-melbourne-idx7418-0-6,melbourne,MEL,C,residential,0.603,50.0,7.0,11.609,1.0,0.0,0.0,main,,False,,False,False,False,False,,True,,OUT_OF_DOMAIN_GEOMETRY,,,,,,30,False
MEL-melbourne-1389612-0-2|qp8,MEL-melbourne-1389612-0-2,melbourne,MEL,A,residential,1.697,50.0,8.0,4.714,1.0,0.0,0.0,main,"{""1.0"": 1.0, ""2.0"": 1.0, ""3.0"": 1.0, ""4.0"": 1.0, ""5.0"": 1.0, ""6.0"": 0.9666666666666667, ""7.0"": 0.9666666666666667, ""8.0"": 0.9, ""10.0"": 0.6333333333333333, ""12.0"": 0.5333333333333333}",False,7.0,True,True,True,True,12.0,True,7.0,POSITIVE,1.0,1.0,1.3193928126341667,0.06015558501931357,0.9958333333333333,30,True
MEL-melbourne-RPSP03A13291L1-0-0|qp8,MEL-melbourne-RPSP03A13291L1-0-0,melbourne,MEL,C,commercial,0.305,50.0,8.0,26.23,1.0,0.0,0.0,main,,False,,False,False,False,True,1.0,True,,OUT_OF_DOMAIN_GEOMETRY,,,,,,30,False
MEL-melbourne-1465622-0-2|qp9,MEL-melbourne-1465622-0-2,melbourne,MEL,A,residential,1.749,50.0,9.0,5.146,1.0,0.0,0.0,main,"{""1.0"": 1.0, ""2.0"": 1.0, ""3.0"": 0.9666666666666667, ""4.0"": 1.0, ""5.0"": 1.0, ""6.0"": 0.9666666666666667, ""7.0"": 0.8666666666666667, ""8.0"": 0.9, ""10.0"": 0.7666666666666667, ""12.0"": 0.6333333333333333, ""15.0"": 0.2}",False,6.0,True,True,True,True,15.0,True,6.0,POSITIVE,1.0,1.0,1.3218167626038981,0.06559144908201567,1.0,30,True
MEL-melbourne-1477330-0-0|qp9,MEL-melbourne-1477330-0-0,melbourne,MEL,A,residential,1.83,50.0,9.0,4.918,1.0,0.0,0.0,main,"{""1.0"": 1.0, ""2.0"": 1.0, ""3.0"": 1.0, ""4.0"": 1.0, ""5.0"": 1.0, ""6.0"": 0.9666666666666667, ""7.0"": 0.9666666666666667, ""8.0"": 0.9666666666666667, ""9.0"": 0.8666666666666667, ""10.0"": 0.9333333333333333, ""12.0"": 0.7333333333333333, ""15.0"": 0.5666666666666667, ""18.0"": 0.2}",False,8.0,True,True,True,True,18.0,True,8.0,POSITIVE,1.0,1.0,1.3201843373368738,0.06281117182756364,0.999074074074074,30,True
MEL-melbourne-RPSP02B11034-0-0|qp9,MEL-melbourne-RPSP02B11034-0-0,melbourne,MEL,A,residential,1.844,50.0,9.0,4.881,1.0,0.0,0.0,main,"{""1.0"": 1.0, ""2.0"": 1.0, ""3.0"": 1.0, ""4.0"": 1.0, ""5.0"": 1.0, ""6.0"": 1.0, ""7.0"": 1.0, ""8.0"": 1.0, ""10.0"": 0.9666666666666667, ""11.0"": 0.7, ""12.0"": 0.6666666666666666, ""15.0"": 0.5666666666666667, ""18.0"": 0.23333333333333334}",False,10.0,True,True,True,True,18.0,True,10.0,POSITIVE,1.0,1.0,1.315305723974853,0.06255422993492592,1.000925925925926,30,True
MEL-melbourne-RPSP0813599L1-0-0|qp9,MEL-melbourne-RPSP0813599L1-0-0,melbourne,MEL,C,commercial,0.617,50.0,9.0,14.587,1.0,0.0,0.0,main,,False,,False,False,False,False,,True,,OUT_OF_DOMAIN_GEOMETRY,,,,,,30,False
MEL-melbourne-1434605-0-0|qp11,MEL-melbourne-1434605-0-0,melbourne,MEL,A,residential,2.156,50.0,11.0,5.102,1.0,0.0,0.0,main,"{""1.0"": 1.0, ""2.0"": 1.0, ""3.0"": 1.0, ""4.0"": 1.0, ""5.0"": 1.0, ""6.0"": 1.0, ""7.0"": 1.0, ""8.0"": 1.0, ""10.0"": 1.0, ""11.0"": 0.9666666666666667, ""12.0"": 1.0, ""13.0"": 1.0, ""14.0"": 0.9666666666666667, ""15.0"": 0.8333333333333334, ""18.0"": 0.5333333333333333, ""20.0"": 0.3333333333333333}",False,14.0,True,True,True,True,20.0,True,14.0,POSITIVE,1.0,1.0,1.3199683624005654,0.06482168625025876,1.0037878787878787,30,True
MEL-melbourne-1465759-0-1|qp12,MEL-melbourne-1465759-0-1,melbourne,MEL,A,residential,2.348,50.0,12.0,5.111,1.0,0.0,0.0,main,"{""1.0"": 1.0, ""2.0"": 1.0, ""3.0"": 1.0, ""4.0"": 1.0, ""5.0"": 1.0, ""6.0"": 1.0, ""8.0"": 1.0, ""9.0"": 1.0, ""10.0"": 1.0, ""12.0"": 1.0, ""13.0"": 1.0, ""14.0"": 0.9666666666666667, ""15.0"": 0.9333333333333333, ""18.0"": 0.8, ""20.0"": 0.7}",False,14.0,True,True,True,True,20.0,True,14.0,POSITIVE,1.0,1.0,1.3205356687528744,0.06473653700548897,1.0006944444444443,30,True
MEL-melbourne-1389823-0-3|qp14,MEL-melbourne-1389823-0-3,melbourne,MEL,A,residential,2.722,50.0,14.0,5.143,1.0,0.0,0.0,main,"{""1.0"": 1.0, ""2.0"": 1.0, ""3.0"": 1.0, ""4.0"": 1.0, ""5.0"": 1.0, ""6.0"": 1.0, ""8.0"": 1.0, ""10.0"": 1.0, ""11.0"": 1.0, ""12.0"": 1.0, ""14.0"": 1.0, ""15.0"": 1.0, ""18.0"": 1.0, ""20.0"": 1.0}",False,20.0,False,False,True,True,20.0,True,20.0,CEILING_CENSORED,1.0,1.0,1.3269813388000826,0.06482672054861761,1.0077380952380952,30,False
MEL-melbourne-RPSP0813599L1-0-0|qp15,MEL-melbourne-RPSP0813599L1-0-0,melbourne,MEL,C,commercial,0.617,50.0,15.0,24.311,1.0,0.0,0.0,main,,False,,False,False,False,False,,True,,OUT_OF_DOMAIN_GEOMETRY,,,,,,30,False
MEL-melbourne-RPSP03A10434L1-0-0|qp16,MEL-melbourne-RPSP03A10434L1-0-0,melbourne,MEL,C,residential,1.33,50.0,16.0,12.03,1.0,0.0,0.0,main,"{""1.0"": 0.0}",False,0.0,False,False,False,True,1.0,True,0.0,ZERO,1.0,1.0,1.2484057865773013,0.16333437761068773,1.0046875,30,False
MEL-melbourne-RPSP03A11034L1-0-0|qp16,MEL-melbourne-RPSP03A11034L1-0-0,melbourne,MEL,A,residential,3.194,50.0,16.0,5.009,1.0,0.0,0.0,main,"{""1.0"": 1.0, ""2.0"": 1.0, ""3.0"": 1.0, ""4.0"": 1.0, ""5.0"": 1.0, ""6.0"": 1.0, ""8.0"": 1.0, ""10.0"": 1.0, ""12.0"": 1.0, ""15.0"": 1.0, ""18.0"": 1.0, ""20.0"": 0.9666666666666667}",False,20.0,False,False,False,True,20.0,True,20.0,CEILING_CENSORED,1.0,1.0,1.3231931293927308,0.06340273429346592,1.0,30,False
MEL-melbourne-RPSP07A11127-0-0|qp16,MEL-melbourne-RPSP07A11127-0-0,melbourne,MEL,A,residential,3.121,50.0,16.0,5.127,1.0,0.0,0.0,main,"{""1.0"": 1.0, ""2.0"": 1.0, ""3.0"": 1.0, ""4.0"": 1.0, ""5.0"": 1.0, ""6.0"": 1.0, ""8.0"": 1.0, ""10.0"": 1.0, ""12.0"": 1.0, ""15.0"": 1.0, ""18.0"": 1.0, ""19.0"": 0.9666666666666667, ""20.0"": 0.9333333333333333}",False,19.0,True,True,False,True,20.0,True,19.0,POSITIVE,1.0,1.0,1.3243470999882436,0.06481095802627361,1.0010416666666666,30,True
MEL-melbourne-RPSP0813145L1-0-1|qp19,MEL-melbourne-RPSP0813145L1-0-1,melbourne,MEL,C,commercial,1.271,50.0,19.0,14.949,1.0,0.0,0.0,main,"{""1.0"": 0.0}",False,0.0,False,False,False,True,1.0,True,0.0,ZERO,1.0,1.0,1.196733961551352,0.2119175627240167,0.9995614035087719,30,False
MEL-melbourne-1385129-0-0|qp20,MEL-melbourne-1385129-0-0,melbourne,MEL,C,commercial,1.344,50.0,20.0,14.881,1.0,0.0,0.0,main,"{""1.0"": 0.0}",False,0.0,False,False,False,True,1.0,True,0.0,ZERO,1.0,1.0,1.2389072285789413,0.20338076636904878,1.0016666666666667,30,False
MEL-melbourne-1389612-0-2|qp20,MEL-melbourne-1389612-0-2,melbourne,MEL,A,residential,1.697,50.0,20.0,11.786,1.0,0.0,0.0,main,"{""1.0"": 1.0, ""2.0"": 1.0, ""3.0"": 1.0, ""4.0"": 1.0, ""5.0"": 0.9666666666666667, ""6.0"": 0.9333333333333333, ""8.0"": 0.5333333333333333}",False,5.0,True,True,True,True,8.0,True,5.0,POSITIVE,1.0,1.0,1.2492122343700098,0.15959577358737204,1.0033333333333332,30,True
MEL-melbourne-1465622-0-2|qp21,MEL-melbourne-1465622-0-2,melbourne,MEL,A,residential,1.749,50.0,21.0,12.007,1.0,0.0,0.0,main,"{""1.0"": 1.0, ""2.0"": 1.0, ""3.0"": 1.0, ""4.0"": 1.0, ""5.0"": 0.9333333333333333, ""6.0"": 0.7666666666666667, ""8.0"": 0.5666666666666667, ""10.0"": 0.23333333333333334}",False,4.0,True,True,True,True,10.0,True,4.0,POSITIVE,1.0,1.0,1.2532343809425466,0.16188496601232102,1.0019841269841272,30,True
MEL-melbourne-1477330-0-0|qp22,MEL-melbourne-1477330-0-0,melbourne,MEL,A,residential,1.83,50.0,22.0,12.022,1.0,0.0,0.0,main,"{""1.0"": 1.0, ""2.0"": 1.0, ""3.0"": 1.0, ""4.0"": 1.0, ""5.0"": 0.9333333333333333, ""6.0"": 0.9, ""8.0"": 0.7333333333333333, ""10.0"": 0.23333333333333334}",False,4.0,True,True,True,True,10.0,True,4.0,POSITIVE,1.0,1.0,1.2393897009257187,0.16355305100181983,0.9977272727272728,30,True
MEL-melbourne-RPSP02B11034-0-0|qp22,MEL-melbourne-RPSP02B11034-0-0,melbourne,MEL,A,residential,1.844,50.0,22.0,11.931,1.0,0.0,0.0,main,"{""1.0"": 1.0, ""2.0"": 1.0, ""3.0"": 1.0, ""4.0"": 1.0, ""5.0"": 0.9666666666666667, ""6.0"": 1.0, ""7.0"": 0.7666666666666667, ""8.0"": 0.6}",False,6.0,True,True,True,True,8.0,True,6.0,POSITIVE,1.0,1.0,1.235033477082988,0.16295605868884083,0.9992424242424243,30,True
MEL-melbourne-1434605-0-0|qp26,MEL-melbourne-1434605-0-0,melbourne,MEL,A,residential,2.156,50.0,26.0,12.059,1.0,0.0,0.0,main,"{""1.0"": 1.0, ""2.0"": 1.0, ""3.0"": 1.0, ""4.0"": 1.0, ""5.0"": 1.0, ""6.0"": 1.0, ""8.0"": 1.0, ""9.0"": 0.9666666666666667, ""10.0"": 0.8666666666666667, ""12.0"": 0.5666666666666667, ""15.0"": 0.1}",False,9.0,True,True,True,True,15.0,True,9.0,POSITIVE,1.0,1.0,1.2504876665234987,0.1622242836528567,1.0025641025641026,30,True
MEL-melbourne-1515142-0-0|qp26,MEL-melbourne-1515142-0-0,melbourne,MEL,A,residential,5.175,50.0,26.0,5.024,1.0,0.0,0.0,main,"{""1.0"": 1.0, ""2.0"": 1.0, ""3.0"": 1.0, ""4.0"": 1.0, ""5.0"": 1.0, ""6.0"": 1.0, ""8.0"": 1.0, ""10.0"": 1.0, ""12.0"": 1.0, ""15.0"": 1.0, ""18.0"": 1.0, ""19.0"": 0.8666666666666667, ""20.0"": 0.7333333333333333}",False,18.0,True,True,False,True,20.0,True,18.0,POSITIVE,1.0,1.0,1.294038042352271,0.06492485238862003,1.003525641025641,30,True
MEL-melbourne-1465759-0-1|qp28,MEL-melbourne-1465759-0-1,melbourne,MEL,A,residential,2.348,50.0,28.0,11.925,1.0,0.0,0.0,main,"{""1.0"": 1.0, ""2.0"": 1.0, ""3.0"": 1.0, ""4.0"": 1.0, ""5.0"": 1.0, ""6.0"": 1.0, ""8.0"": 1.0, ""10.0"": 1.0, ""11.0"": 0.8666666666666667, ""12.0"": 0.8333333333333334, ""15.0"": 0.4666666666666667}",False,10.0,True,True,True,True,15.0,True,10.0,POSITIVE,1.0,1.0,1.2625327827046584,0.15827388557637528,0.9958333333333335,30,True
MEL-melbourne-RPSP0813145L1-0-1|qp32,MEL-melbourne-RPSP0813145L1-0-1,melbourne,MEL,C,commercial,1.271,50.0,32.0,25.177,1.0,0.0,0.0,main,"{""1.0"": 0.0}",False,0.0,False,False,False,True,1.0,True,0.0,ZERO,1.0,1.0,1.0887567635361073,0.3920239968528716,1.0010416666666666,30,False
MEL-melbourne-1389823-0-3|qp33,MEL-melbourne-1389823-0-3,melbourne,MEL,A,residential,2.722,50.0,33.0,12.123,1.0,0.0,0.0,main,"{""1.0"": 1.0, ""2.0"": 1.0, ""3.0"": 1.0, ""4.0"": 1.0, ""5.0"": 1.0, ""6.0"": 1.0, ""8.0"": 1.0, ""10.0"": 1.0, ""12.0"": 1.0, ""13.0"": 0.9666666666666667, ""14.0"": 0.9333333333333333, ""15.0"": 0.9, ""18.0"": 0.5}",False,13.0,True,True,True,True,18.0,True,13.0,POSITIVE,1.0,1.0,1.2582755202329543,0.16094706710751966,1.0027777777777778,30,True
MEL-melbourne-1385129-0-0|qp34,MEL-melbourne-1385129-0-0,melbourne,MEL,C,commercial,1.344,50.0,34.0,25.298,1.0,0.0,0.0,main,"{""1.0"": 0.0}",False,0.0,False,False,False,True,1.0,True,0.0,ZERO,1.0,1.0,1.1275005991705243,0.3797169518849208,1.0002450980392157,30,False
MEL-melbourne-RPSP03A11034L1-0-0|qp38,MEL-melbourne-RPSP03A11034L1-0-0,melbourne,MEL,A,residential,3.194,50.0,38.0,11.897,1.0,0.0,0.0,main,"{""1.0"": 1.0, ""2.0"": 1.0, ""3.0"": 1.0, ""4.0"": 1.0, ""5.0"": 1.0, ""6.0"": 1.0, ""8.0"": 1.0, ""10.0"": 1.0, ""12.0"": 0.9666666666666667, ""13.0"": 0.9666666666666667, ""14.0"": 0.9, ""15.0"": 0.8333333333333334, ""18.0"": 0.2}",False,13.0,True,True,False,True,18.0,True,13.0,POSITIVE,1.0,1.0,1.247989189596415,0.15942000626174305,1.0017543859649123,30,True
MEL-melbourne-RPSP07A11127-0-0|qp38,MEL-melbourne-RPSP07A11127-0-0,melbourne,MEL,A,residential,3.121,50.0,38.0,12.176,1.0,0.0,0.0,main,"{""1.0"": 1.0, ""2.0"": 1.0, ""3.0"": 1.0, ""4.0"": 1.0, ""5.0"": 1.0, ""6.0"": 1.0, ""8.0"": 1.0, ""10.0"": 1.0, ""11.0"": 0.9333333333333333, ""12.0"": 0.9333333333333333, ""15.0"": 0.7333333333333333, ""18.0"": 0.23333333333333334}",False,10.0,True,True,False,True,18.0,True,10.0,POSITIVE,1.0,1.0,1.248385985007774,0.16316106838975622,1.0032894736842106,30,True
MEL-melbourne-RPSP0814955L1-0-0|qp52,MEL-melbourne-RPSP0814955L1-0-0,melbourne,MEL,A,commercial,3.499,50.0,52.0,14.861,1.0,0.0,0.0,main,"{""1.0"": 1.0, ""2.0"": 1.0, ""3.0"": 1.0, ""4.0"": 1.0, ""5.0"": 1.0, ""6.0"": 1.0, ""8.0"": 1.0, ""9.0"": 0.9666666666666667, ""10.0"": 0.9, ""12.0"": 0.7, ""15.0"": 0.0}",False,9.0,True,True,False,True,15.0,True,9.0,POSITIVE,1.0,1.0,1.1994908922239458,0.20701132863357738,1.0020833333333332,30,True
MEL-melbourne-RPSP03A10530L1-0-0|qp54,MEL-melbourne-RPSP03A10530L1-0-0,melbourne,MEL,A,commercial,3.609,50.0,54.0,14.963,1.0,0.0,0.0,main,"{""1.0"": 1.0, ""2.0"": 1.0, ""3.0"": 1.0, ""4.0"": 1.0, ""5.0"": 1.0, ""6.0"": 1.0, ""8.0"": 1.0, ""10.0"": 0.9666666666666667, ""11.0"": 0.6666666666666666, ""12.0"": 0.4}",False,10.0,True,True,False,True,12.0,True,10.0,POSITIVE,1.0,1.0,1.1964063988564755,0.20897390012622635,1.0058641975308642,30,True
MEL-melbourne-1515142-0-0|qp62,MEL-melbourne-1515142-0-0,melbourne,MEL,A,residential,5.175,50.0,62.0,11.981,1.0,0.0,0.0,main,"{""1.0"": 1.0, ""2.0"": 1.0, ""3.0"": 1.0, ""4.0"": 1.0, ""5.0"": 1.0, ""6.0"": 1.0, ""7.0"": 0.9666666666666667, ""8.0"": 0.9, ""10.0"": 0.8333333333333334, ""12.0"": 0.4}",False,7.0,True,True,False,True,12.0,True,7.0,POSITIVE,1.0,1.0,1.1637652170722526,0.17194592055823923,1.0012096774193548,30,True
MEL-melbourne-1385230-0-1|qp68,MEL-melbourne-1385230-0-1,melbourne,MEL,A,MRT-frontage,2.271,50.0,68.0,29.943,1.0,0.0,0.0,main,"{""1.0"": 0.5333333333333333}",False,0.0,False,False,False,True,1.0,True,0.0,ZERO,1.0,1.0,1.0841527432382598,0.46406043593130936,1.0061274509803921,30,False
MEL-melbourne-RPSP0814955L1-0-0|qp88,MEL-melbourne-RPSP0814955L1-0-0,melbourne,MEL,A,commercial,3.499,50.0,88.0,25.15,1.0,0.0,0.0,main,"{""1.0"": 1.0, ""2.0"": 0.9666666666666667, ""3.0"": 0.8666666666666667, ""4.0"": 0.7333333333333333, ""5.0"": 0.6}",False,2.0,True,True,False,True,5.0,True,2.0,POSITIVE,1.0,1.0,0.9697574901944709,0.43144092756661034,0.9851325757575758,30,True
MEL-melbourne-RPSP03A10530L1-0-0|qp90,MEL-melbourne-RPSP03A10530L1-0-0,melbourne,MEL,A,commercial,3.609,50.0,90.0,24.938,1.0,0.0,0.0,main,"{""1.0"": 1.0, ""2.0"": 0.9666666666666667, ""3.0"": 0.9333333333333333, ""4.0"": 0.7333333333333333, ""5.0"": 0.5333333333333333}",False,2.0,True,True,False,True,5.0,True,2.0,POSITIVE,1.0,1.0,0.9742652449488264,0.42652954804347,0.9857407407407409,30,True
MEL-melbourne-1385230-0-1|qp102,MEL-melbourne-1385230-0-1,melbourne,MEL,A,MRT-frontage,2.271,50.0,102.0,44.914,1.0,0.0,0.0,main,{},False,0.0,False,False,False,False,,True,0.0,ZERO,0.0,0.0,0.03673768691194345,3.028301592543707,,30,False
NTP-newtaipei-idx12919-0-1|qp6,NTP-newtaipei-idx12919-0-1,newtaipei,NTP,C,residential,1.12,50.0,6.0,5.357,1.0,0.0,0.0,main,"{""1.0"": 0.0}",False,0.0,False,False,False,True,1.0,True,0.0,ZERO,1.0,1.0,1.2621295073499574,0.07154079861111143,0.9847222222222222,30,False
NTP-newtaipei-idx133-0-2|qp8,NTP-newtaipei-idx133-0-2,newtaipei,NTP,C,residential,1.54,50.0,8.0,5.195,1.0,0.0,0.0,main,"{""1.0"": 1.0, ""2.0"": 1.0, ""3.0"": 0.7666666666666667, ""4.0"": 0.36666666666666664}",False,2.0,True,True,False,True,4.0,True,2.0,POSITIVE,1.0,1.0,1.3153461526505668,0.06664862914863165,0.996875,30,True
NTP-newtaipei-idx672-0-2|qp8,NTP-newtaipei-idx672-0-2,newtaipei,NTP,C,residential,1.58,50.0,8.0,5.063,1.0,0.0,0.0,main,"{""1.0"": 1.0, ""2.0"": 1.0, ""3.0"": 1.0, ""4.0"": 1.0, ""5.0"": 0.8666666666666667, ""6.0"": 0.7666666666666667, ""8.0"": 0.3}",False,4.0,True,True,False,True,8.0,True,4.0,POSITIVE,1.0,1.0,1.3152157818059038,0.06493099507735454,0.9989583333333333,30,True
NTP-newtaipei-idx11901-0-0|qp9,NTP-newtaipei-idx11901-0-0,newtaipei,NTP,A,residential,1.78,50.0,9.0,5.056,1.0,0.0,0.0,main,"{""1.0"": 1.0, ""2.0"": 1.0, ""3.0"": 1.0, ""4.0"": 1.0, ""5.0"": 1.0, ""6.0"": 1.0, ""7.0"": 0.9333333333333333, ""8.0"": 0.9666666666666667, ""9.0"": 0.8333333333333334, ""10.0"": 0.8333333333333334, ""12.0"": 0.6, ""15.0"": 0.4}",True,8.0,True,True,True,True,15.0,True,8.0,POSITIVE,1.0,1.0,1.3166131789988176,0.06477372034956053,1.000925925925926,30,True
NTP-newtaipei-idx13763-0-2|qp9,NTP-newtaipei-idx13763-0-2,newtaipei,NTP,A,residential,1.8,50.0,9.0,5.0,1.0,0.0,0.0,main,"{""1.0"": 1.0, ""2.0"": 1.0, ""3.0"": 1.0, ""4.0"": 1.0, ""5.0"": 1.0, ""6.0"": 0.9666666666666667, ""7.0"": 0.9666666666666667, ""8.0"": 0.9333333333333333, ""10.0"": 0.8333333333333334, ""12.0"": 0.8666666666666667, ""15.0"": 0.43333333333333335}",False,7.0,True,True,True,True,15.0,True,7.0,POSITIVE,1.0,1.0,1.3181299117420329,0.06393672839506118,1.0000000000000002,30,True
NTP-newtaipei-idx13776-0-2|qp9,NTP-newtaipei-idx13776-0-2,newtaipei,NTP,A,residential,1.71,50.0,9.0,5.263,1.0,0.0,0.0,main,"{""1.0"": 1.0, ""2.0"": 1.0, ""3.0"": 1.0, ""4.0"": 1.0, ""5.0"": 1.0, ""6.0"": 0.9666666666666667, ""7.0"": 0.9333333333333333, ""8.0"": 0.8666666666666667, ""10.0"": 0.6333333333333333, ""12.0"": 0.4}",False,6.0,True,True,True,True,12.0,True,6.0,POSITIVE,1.0,1.0,1.321143794298039,0.06720800844704512,1.0018518518518518,30,True
NTP-newtaipei-idx6919-0-0|qp9,NTP-newtaipei-idx6919-0-0,newtaipei,NTP,A,residential,1.74,50.0,9.0,5.172,1.0,0.0,0.0,main,"{""1.0"": 1.0, ""2.0"": 1.0, ""3.0"": 1.0, ""4.0"": 1.0, ""5.0"": 0.9833333333333333, ""6.0"": 0.9333333333333333, ""7.0"": 0.9, ""8.0"": 0.8666666666666667, ""10.0"": 0.7333333333333333, ""12.0"": 0.6333333333333333, ""15.0"": 0.26666666666666666}",False,5.0,True,True,True,True,15.0,True,5.0,POSITIVE,1.0,1.0,1.3164705435265474,0.06623603128991123,1.0,30,True
NTP-newtaipei-idx7317-0-1|qp9,NTP-newtaipei-idx7317-0-1,newtaipei,NTP,A,residential,1.74,50.0,9.0,5.172,1.0,0.0,0.0,main,"{""1.0"": 1.0, ""2.0"": 1.0, ""3.0"": 1.0, ""4.0"": 0.9666666666666667, ""5.0"": 1.0, ""6.0"": 0.9333333333333333, ""8.0"": 0.9333333333333333, ""10.0"": 0.8, ""12.0"": 0.6333333333333333, ""15.0"": 0.13333333333333333}",False,5.0,True,True,True,True,15.0,True,5.0,POSITIVE,1.0,1.0,1.3116151809356869,0.06661797573435567,1.0018518518518518,30,True
NTP-newtaipei-idx9858-0-0|qp10,NTP-newtaipei-idx9858-0-0,newtaipei,NTP,A,residential,1.91,50.0,10.0,5.236,1.0,0.0,0.0,main,"{""1.0"": 1.0, ""2.0"": 1.0, ""3.0"": 1.0, ""4.0"": 1.0, ""5.0"": 1.0, ""6.0"": 1.0, ""7.0"": 1.0, ""8.0"": 1.0, ""9.0"": 0.9333333333333333, ""10.0"": 0.9, ""12.0"": 0.8666666666666667, ""15.0"": 0.5333333333333333}",False,8.0,True,True,True,True,15.0,True,8.0,POSITIVE,1.0,1.0,1.3132734372066717,0.06718440954043144,1.008333333333333,30,True
NTP-newtaipei-idx251-0-0|qp12,NTP-newtaipei-idx251-0-0,newtaipei,NTP,A,residential,2.46,50.0,12.0,4.878,1.0,0.0,0.0,main,"{""1.0"": 1.0, ""2.0"": 1.0, ""3.0"": 1.0, ""4.0"": 1.0, ""5.0"": 1.0, ""6.0"": 1.0, ""8.0"": 1.0, ""10.0"": 1.0, ""11.0"": 1.0, ""12.0"": 1.0, ""13.0"": 1.0, ""14.0"": 0.9666666666666667, ""15.0"": 0.9666666666666667, ""18.0"": 0.9666666666666667, ""19.0"": 0.9666666666666667, ""20.0"": 0.9333333333333333}",False,19.0,True,True,True,True,20.0,True,19.0,POSITIVE,1.0,1.0,1.3233646988369818,0.06161613595302681,1.0013888888888889,30,True
NTP-newtaipei-idx5617-0-0|qp12,NTP-newtaipei-idx5617-0-0,newtaipei,NTP,A,residential,2.33,50.0,12.0,5.15,1.0,0.0,0.0,main,"{""1.0"": 1.0, ""2.0"": 1.0, ""3.0"": 1.0, ""4.0"": 1.0, ""5.0"": 1.0, ""6.0"": 1.0, ""8.0"": 1.0, ""9.0"": 1.0, ""10.0"": 1.0, ""12.0"": 1.0, ""13.0"": 1.0, ""15.0"": 0.9666666666666667, ""16.0"": 0.9333333333333333, ""17.0"": 0.8666666666666667, ""18.0"": 0.8666666666666667, ""20.0"": 0.5666666666666667}",False,15.0,True,True,True,True,20.0,True,15.0,POSITIVE,1.0,1.0,1.321814588340663,0.06517584644730484,1.0006944444444443,30,True
NTP-newtaipei-idx12919-0-1|qp13,NTP-newtaipei-idx12919-0-1,newtaipei,NTP,C,residential,1.12,50.0,13.0,11.607,1.0,0.0,0.0,main,"{""1.0"": 0.0}",False,0.0,False,False,False,True,1.0,True,0.0,ZERO,1.0,1.0,1.1263054484494424,0.1741480654761913,0.998076923076923,30,False
NTP-newtaipei-idx6820-0-0|qp13,NTP-newtaipei-idx6820-0-0,newtaipei,NTP,A,residential,2.62,50.0,13.0,4.962,1.0,0.0,0.0,main,"{""1.0"": 1.0, ""2.0"": 1.0, ""3.0"": 1.0, ""4.0"": 1.0, ""5.0"": 1.0, ""6.0"": 1.0, ""8.0"": 1.0, ""10.0"": 1.0, ""11.0"": 1.0, ""12.0"": 1.0, ""14.0"": 1.0, ""15.0"": 1.0, ""18.0"": 0.9666666666666667, ""20.0"": 0.9666666666666667}",False,20.0,False,False,True,True,20.0,True,20.0,CEILING_CENSORED,1.0,1.0,1.3235193418291544,0.06282310220525843,1.001923076923077,30,False
NTP-newtaipei-idx7804-0-0|qp14,NTP-newtaipei-idx7804-0-0,newtaipei,NTP,A,residential,2.9,50.0,14.0,4.828,1.0,0.0,0.0,main,"{""1.0"": 1.0, ""2.0"": 1.0, ""3.0"": 1.0, ""4.0"": 1.0, ""5.0"": 1.0, ""6.0"": 1.0, ""8.0"": 1.0, ""10.0"": 1.0, ""12.0"": 1.0, ""13.0"": 1.0, ""14.0"": 1.0, ""15.0"": 1.0, ""16.0"": 1.0, ""17.0"": 1.0, ""18.0"": 1.0, ""20.0"": 1.0}",False,20.0,False,False,True,True,20.0,True,20.0,CEILING_CENSORED,1.0,1.0,1.326622146118024,0.06087164750957798,1.0000000000000002,30,False
NTP-newtaipei-idx4423-0-0|qp15,NTP-newtaipei-idx4423-0-0,newtaipei,NTP,A,residential,2.99,50.0,15.0,5.017,1.0,0.0,0.0,main,"{""1.0"": 1.0, ""2.0"": 1.0, ""3.0"": 1.0, ""4.0"": 1.0, ""5.0"": 1.0, ""6.0"": 1.0, ""8.0"": 1.0, ""10.0"": 1.0, ""12.0"": 1.0, ""13.0"": 1.0, ""14.0"": 1.0, ""15.0"": 1.0, ""16.0"": 1.0, ""17.0"": 1.0, ""18.0"": 1.0, ""20.0"": 1.0}",False,20.0,False,False,True,True,20.0,True,20.0,CEILING_CENSORED,1.0,1.0,1.3219176593093844,0.06358625975473793,0.9883333333333334,30,False
NTP-newtaipei-idx133-0-2|qp18,NTP-newtaipei-idx133-0-2,newtaipei,NTP,C,residential,1.54,50.0,18.0,11.688,1.0,0.0,0.0,main,"{""1.0"": 0.9666666666666667, ""2.0"": 0.0}",False,1.0,True,True,False,True,2.0,True,1.0,POSITIVE,1.0,1.0,1.2666184098651978,0.15604347041847394,1.0041666666666669,30,True
NTP-newtaipei-idx672-0-2|qp19,NTP-newtaipei-idx672-0-2,newtaipei,NTP,C,residential,1.58,50.0,19.0,12.025,1.0,0.0,0.0,main,"{""1.0"": 1.0, ""2.0"": 1.0, ""3.0"": 0.8666666666666667, ""4.0"": 0.5}",False,2.0,True,True,False,True,4.0,True,2.0,POSITIVE,1.0,1.0,1.2681521505301445,0.16059862869198013,1.0017543859649123,30,True
NTP-newtaipei-idx13776-0-2|qp20,NTP-newtaipei-idx13776-0-2,newtaipei,NTP,A,residential,1.71,50.0,20.0,11.696,1.0,0.0,0.0,main,"{""1.0"": 1.0, ""2.0"": 1.0, ""3.0"": 1.0, ""4.0"": 1.0, ""5.0"": 0.9666666666666667, ""6.0"": 0.8333333333333334}",False,5.0,True,True,True,True,6.0,True,5.0,POSITIVE,1.0,1.0,1.2561807238268228,0.15722993827160386,1.005,30,True
NTP-newtaipei-idx11901-0-0|qp21,NTP-newtaipei-idx11901-0-0,newtaipei,NTP,A,residential,1.78,50.0,21.0,11.798,1.0,0.0,0.0,main,"{""1.0"": 1.0, ""2.0"": 1.0, ""3.0"": 1.0, ""4.0"": 1.0, ""5.0"": 1.0, ""6.0"": 0.9, ""8.0"": 0.5333333333333333}",False,5.0,True,True,True,True,8.0,True,5.0,POSITIVE,1.0,1.0,1.2435853982295586,0.16052356429463105,0.9980158730158731,30,True
NTP-newtaipei-idx6919-0-0|qp21,NTP-newtaipei-idx6919-0-0,newtaipei,NTP,A,residential,1.74,50.0,21.0,12.069,1.0,0.0,0.0,main,"{""1.0"": 1.0, ""2.0"": 1.0, ""3.0"": 1.0, ""4.0"": 1.0, ""5.0"": 0.9333333333333333, ""6.0"": 0.7666666666666667, ""8.0"": 0.43333333333333335}",False,4.0,True,True,True,True,8.0,True,4.0,POSITIVE,1.0,1.0,1.2469957365151094,0.1638417943805871,0.9996031746031746,30,True
NTP-newtaipei-idx7317-0-1|qp21,NTP-newtaipei-idx7317-0-1,newtaipei,NTP,A,residential,1.74,50.0,21.0,12.069,1.0,0.0,0.0,main,"{""1.0"": 1.0, ""2.0"": 1.0, ""3.0"": 1.0, ""4.0"": 0.9666666666666667, ""5.0"": 0.9666666666666667, ""6.0"": 0.8666666666666667, ""8.0"": 0.36666666666666664}",False,5.0,True,True,True,True,8.0,True,5.0,POSITIVE,1.0,1.0,1.238277221751935,0.16494931353767522,1.0007936507936508,30,True
NTP-newtaipei-idx12775-0-0|qp22,NTP-newtaipei-idx12775-0-0,newtaipei,NTP,C,commercial,1.5,50.0,22.0,14.667,1.0,0.0,0.0,main,"{""1.0"": 0.0}",False,0.0,False,False,False,True,1.0,True,0.0,ZERO,1.0,1.0,1.2465653578735112,0.1983648148148143,0.9988636363636363,30,False
NTP-newtaipei-idx13763-0-2|qp22,NTP-newtaipei-idx13763-0-2,newtaipei,NTP,A,residential,1.8,50.0,22.0,12.222,1.0,0.0,0.0,main,"{""1.0"": 1.0, ""2.0"": 1.0, ""3.0"": 1.0, ""4.0"": 1.0, ""5.0"": 0.9666666666666667, ""6.0"": 0.8666666666666667, ""8.0"": 0.5333333333333333, ""10.0"": 0.16666666666666666}",False,5.0,True,True,True,True,10.0,True,5.0,POSITIVE,1.0,1.0,1.2444956621540848,0.16536033950617773,1.0030303030303032,30,True
NTP-newtaipei-idx3820-0-0|qp22,NTP-newtaipei-idx3820-0-0,newtaipei,NTP,C,commercial,1.5,50.0,22.0,14.667,1.0,0.0,0.0,main,"{""1.0"": 0.0}",False,0.0,False,False,False,True,1.0,True,0.0,ZERO,1.0,1.0,1.2349820743481879,0.20041620370370325,1.000378787878788,30,False
NTP-newtaipei-idx11985-0-0|qp23,NTP-newtaipei-idx11985-0-0,newtaipei,NTP,C,commercial,1.56,50.0,23.0,14.744,1.0,0.0,0.0,main,"{""1.0"": 1.0, ""2.0"": 0.7333333333333333, ""3.0"": 0.03333333333333333}",False,1.0,True,True,False,True,3.0,True,1.0,POSITIVE,1.0,1.0,1.229693110846623,0.2026455662393118,1.0,30,True
NTP-newtaipei-idx9858-0-0|qp23,NTP-newtaipei-idx9858-0-0,newtaipei,NTP,A,residential,1.91,50.0,23.0,12.042,1.0,0.0,0.0,main,"{""1.0"": 1.0, ""2.0"": 1.0, ""3.0"": 1.0, ""4.0"": 0.9666666666666667, ""5.0"": 0.9666666666666667, ""6.0"": 0.8333333333333334, ""8.0"": 0.5}",False,5.0,True,True,True,True,8.0,True,5.0,POSITIVE,1.0,1.0,1.233930443984417,0.16471713205352234,0.9996376811594203,30,True
NTP-newtaipei-idx11808-0-1|qp25,NTP-newtaipei-idx11808-0-1,newtaipei,NTP,A,residential,4.98,50.0,25.0,5.02,1.0,0.0,0.0,main,"{""1.0"": 1.0, ""2.0"": 1.0, ""3.0"": 1.0, ""4.0"": 1.0, ""5.0"": 1.0, ""6.0"": 1.0, ""8.0"": 1.0, ""10.0"": 1.0, ""12.0"": 1.0, ""15.0"": 0.9666666666666667, ""18.0"": 0.9666666666666667, ""19.0"": 0.9333333333333333, ""20.0"": 0.9333333333333333}",False,18.0,True,True,False,True,20.0,True,18.0,POSITIVE,1.0,1.0,1.2965970978880021,0.06472598728246318,1.0010000000000001,30,True
NTP-newtaipei-idx5617-0-0|qp28,NTP-newtaipei-idx5617-0-0,newtaipei,NTP,A,residential,2.33,50.0,28.0,12.017,1.0,0.0,0.0,main,"{""1.0"": 1.0, ""2.0"": 1.0, ""3.0"": 1.0, ""4.0"": 1.0, ""5.0"": 1.0, ""6.0"": 1.0, ""8.0"": 1.0, ""10.0"": 1.0, ""11.0"": 1.0, ""12.0"": 0.8333333333333334, ""15.0"": 0.5}",False,11.0,True,True,True,True,15.0,True,11.0,POSITIVE,1.0,1.0,1.2599292860720213,0.15980507868383106,0.9994047619047618,30,True
NTP-newtaipei-idx251-0-0|qp30,NTP-newtaipei-idx251-0-0,newtaipei,NTP,A,residential,2.46,50.0,30.0,12.195,1.0,0.0,0.0,main,"{""1.0"": 1.0, ""2.0"": 1.0, ""3.0"": 1.0, ""4.0"": 1.0, ""5.0"": 1.0, ""6.0"": 1.0, ""8.0"": 1.0, ""10.0"": 1.0, ""11.0"": 1.0, ""12.0"": 0.9333333333333333, ""15.0"": 0.6333333333333333, ""18.0"": 0.3}",False,11.0,True,True,True,True,18.0,True,11.0,POSITIVE,1.0,1.0,1.2597113349344577,0.16221064814815053,0.9969444444444444,30,True
NTP-newtaipei-idx11355-0-2|qp31,NTP-newtaipei-idx11355-0-2,newtaipei,NTP,A,residential,6.11,50.0,31.0,5.074,1.0,0.0,0.0,main,"{""1.0"": 1.0, ""2.0"": 1.0, ""3.0"": 1.0, ""4.0"": 1.0, ""5.0"": 1.0, ""6.0"": 1.0, ""8.0"": 1.0, ""10.0"": 1.0, ""12.0"": 1.0, ""15.0"": 0.9833333333333333, ""16.0"": 0.95, ""17.0"": 0.9666666666666667, ""18.0"": 0.9, ""20.0"": 0.7}",True,17.0,True,True,False,True,20.0,True,17.0,POSITIVE,1.0,1.0,1.2712628982724525,0.06666177941443993,1.0032258064516129,30,True
NTP-newtaipei-idx6820-0-0|qp31,NTP-newtaipei-idx6820-0-0,newtaipei,NTP,A,residential,2.62,50.0,31.0,11.832,1.0,0.0,0.0,main,"{""1.0"": 1.0, ""2.0"": 1.0, ""3.0"": 1.0, ""4.0"": 1.0, ""5.0"": 1.0, ""6.0"": 1.0, ""8.0"": 1.0, ""10.0"": 1.0, ""12.0"": 1.0, ""13.0"": 1.0, ""14.0"": 0.9333333333333333, ""15.0"": 0.9, ""18.0"": 0.5333333333333333, ""20.0"": 0.26666666666666666}",False,13.0,True,True,True,True,20.0,True,13.0,POSITIVE,1.0,1.0,1.2677725784304996,0.15607638888888892,1.0061827956989247,30,True
NTP-newtaipei-idx7804-0-0|qp35,NTP-newtaipei-idx7804-0-0,newtaipei,NTP,A,residential,2.9,50.0,35.0,12.069,1.0,0.0,0.0,main,"{""1.0"": 1.0, ""2.0"": 1.0, ""3.0"": 1.0, ""4.0"": 1.0, ""5.0"": 1.0, ""6.0"": 1.0, ""8.0"": 1.0, ""10.0"": 1.0, ""11.0"": 0.9666666666666667, ""12.0"": 0.9333333333333333, ""15.0"": 0.8333333333333334, ""18.0"": 0.4}",False,11.0,True,True,True,True,18.0,True,11.0,POSITIVE,1.0,1.0,1.254539450597775,0.16080435823754383,0.9971428571428572,30,True
NTP-newtaipei-idx4423-0-0|qp36,NTP-newtaipei-idx4423-0-0,newtaipei,NTP,A,residential,2.99,50.0,36.0,12.04,1.0,0.0,0.0,main,"{""1.0"": 1.0, ""2.0"": 1.0, ""3.0"": 1.0, ""4.0"": 1.0, ""5.0"": 1.0, ""6.0"": 1.0, ""7.0"": 1.0, ""8.0"": 1.0, ""10.0"": 1.0, ""12.0"": 0.9666666666666667, ""13.0"": 1.0, ""14.0"": 0.8666666666666667, ""15.0"": 0.8333333333333334, ""18.0"": 0.26666666666666666}",False,13.0,True,True,True,True,18.0,True,13.0,POSITIVE,1.0,1.0,1.2530786286832858,0.16067981233742168,1.0009259259259258,30,True
NTP-newtaipei-idx12775-0-0|qp38,NTP-newtaipei-idx12775-0-0,newtaipei,NTP,C,commercial,1.5,50.0,38.0,25.333,1.0,0.0,0.0,main,"{""1.0"": 0.0}",False,0.0,False,False,False,True,1.0,True,0.0,ZERO,1.0,1.0,1.1012871962820001,0.3896712962962926,0.9980263157894737,30,False
NTP-newtaipei-idx3820-0-0|qp38,NTP-newtaipei-idx3820-0-0,newtaipei,NTP,C,commercial,1.5,50.0,38.0,25.333,1.0,0.0,0.0,main,"{""1.0"": 0.0}",False,0.0,False,False,False,True,1.0,True,0.0,ZERO,1.0,1.0,1.0890257200391198,0.39445601851851475,0.9971491228070175,30,False
NTP-newtaipei-idx11985-0-0|qp39,NTP-newtaipei-idx11985-0-0,newtaipei,NTP,C,commercial,1.56,50.0,39.0,25.0,1.0,0.0,0.0,main,"{""1.0"": 0.0}",False,0.0,False,False,False,True,1.0,True,0.0,ZERO,1.0,0.9666666666666667,1.0849954675497302,0.38997818732193373,1.0036324786324784,30,False
NTP-newtaipei-idx3916-0-1|qp42,NTP-newtaipei-idx3916-0-1,newtaipei,NTP,C,MRT-frontage,1.4,50.0,42.0,30.0,1.0,0.0,0.0,main,"{""1.0"": 0.0}",False,0.0,False,False,False,True,1.0,True,0.0,ZERO,1.0,1.0,1.0481889701489189,0.48379216269841346,1.0013888888888889,30,False
NTP-newtaipei-idx11808-0-1|qp60,NTP-newtaipei-idx11808-0-1,newtaipei,NTP,A,residential,4.98,50.0,60.0,12.048,1.0,0.0,0.0,main,"{""1.0"": 1.0, ""2.0"": 1.0, ""3.0"": 1.0, ""4.0"": 1.0, ""5.0"": 1.0, ""6.0"": 1.0, ""8.0"": 1.0, ""10.0"": 0.9666666666666667, ""11.0"": 0.7, ""12.0"": 0.6, ""15.0"": 0.4666666666666667}",False,10.0,True,True,False,True,15.0,True,10.0,POSITIVE,1.0,1.0,1.1704306565529439,0.1715531570727378,0.9980555555555557,30,True
NTP-newtaipei-idx3916-0-1|qp63,NTP-newtaipei-idx3916-0-1,newtaipei,NTP,C,MRT-frontage,1.4,50.0,63.0,45.0,1.0,0.0,0.0,main,{},False,0.0,False,False,False,False,,True,0.0,ZERO,0.0,0.36666666666666664,0.6305403539760018,1.0064409722222225,2.1037629679069183,30,False
NTP-newtaipei-idx11355-0-2|qp73,NTP-newtaipei-idx11355-0-2,newtaipei,NTP,A,residential,6.11,50.0,73.0,11.948,1.0,0.0,0.0,main,"{""1.0"": 1.0, ""2.0"": 1.0, ""3.0"": 0.9666666666666667, ""4.0"": 0.9666666666666667, ""5.0"": 0.9, ""6.0"": 0.8666666666666667, ""8.0"": 0.5333333333333333, ""10.0"": 0.4666666666666667, ""12.0"": 0.36666666666666664}",False,4.0,True,True,False,True,12.0,True,4.0,POSITIVE,1.0,1.0,1.0898065611436925,0.1828325604655409,1.001027397260274,30,True
NYC-nyc-10517-0-3|qp4,NYC-nyc-10517-0-3,nyc,NYC,C,residential,0.762,50.0,4.0,5.249,1.0,0.0,0.0,main,,False,,False,False,False,True,20.0,True,,OUT_OF_DOMAIN_GEOMETRY,,,,,,30,False
NYC-nyc-53282-0-0|qp4,NYC-nyc-53282-0-0,nyc,NYC,C,residential,0.853,50.0,4.0,4.689,1.0,0.0,0.0,main,,False,,False,False,False,True,20.0,True,,OUT_OF_DOMAIN_GEOMETRY,,,,,,30,False
NYC-nyc-26803-0-0|qp6,NYC-nyc-26803-0-0,nyc,NYC,C,residential,1.158,50.0,6.0,5.181,1.0,0.0,0.0,main,"{""1.0"": 0.0}",False,0.0,False,False,False,True,1.0,True,0.0,ZERO,1.0,1.0,1.2933972738761,0.0675524131644591,0.9861111111111112,30,False
NYC-nyc-49961-0-0|qp6,NYC-nyc-49961-0-0,nyc,NYC,C,residential,1.28,50.0,6.0,4.688,1.0,0.0,0.0,main,"{""1.0"": 0.0}",False,0.0,False,False,False,True,1.0,True,0.0,ZERO,1.0,1.0,1.3040687069007626,0.06061035156249996,0.9861111111111112,30,False
NYC-nyc-42824-0-0|qp7,NYC-nyc-42824-0-0,nyc,NYC,C,residential,1.311,50.0,7.0,5.339,1.0,0.0,0.0,main,"{""1.0"": 0.0}",False,0.0,False,False,False,True,1.0,True,0.0,ZERO,1.0,1.0,1.2915976218346907,0.06963672768878951,1.0,30,False
NYC-nyc-72803-0-0|qp7,NYC-nyc-72803-0-0,nyc,NYC,C,residential,1.311,50.0,7.0,5.339,1.0,0.0,0.0,main,"{""1.0"": 0.0}",False,0.0,False,False,False,True,1.0,True,0.0,ZERO,1.0,1.0,1.2908414082657513,0.06970611916264323,1.0023809523809524,30,False
NYC-nyc-110605-0-2|qp8,NYC-nyc-110605-0-2,nyc,NYC,A,residential,1.707,50.0,8.0,4.687,1.0,0.0,0.0,main,"{""1.0"": 1.0, ""2.0"": 1.0, ""3.0"": 1.0, ""4.0"": 1.0, ""5.0"": 1.0, ""6.0"": 1.0, ""7.0"": 1.0, ""8.0"": 0.9333333333333333, ""10.0"": 0.9, ""12.0"": 0.5666666666666667, ""15.0"": 0.13333333333333333}",False,7.0,True,True,True,True,15.0,True,7.0,POSITIVE,1.0,1.0,1.3197781828949686,0.05975883616481347,0.996875,30,True
NYC-nyc-182996-0-0|qp8,NYC-nyc-182996-0-0,nyc,NYC,C,residential,1.585,50.0,8.0,5.047,1.0,0.0,0.0,main,"{""1.0"": 1.0, ""2.0"": 1.0, ""3.0"": 1.0, ""4.0"": 0.9333333333333333, ""5.0"": 0.9666666666666667, ""6.0"": 0.7666666666666667, ""8.0"": 0.26666666666666666}",True,5.0,True,True,False,True,8.0,True,5.0,POSITIVE,1.0,1.0,1.3190106993777486,0.0644987732211689,0.9989583333333333,30,True
NYC-nyc-46079-0-1|qp8,NYC-nyc-46079-0-1,nyc,NYC,A,residential,1.676,50.0,8.0,4.773,1.0,0.0,0.0,main,"{""1.0"": 1.0, ""2.0"": 1.0, ""3.0"": 1.0, ""4.0"": 1.0, ""5.0"": 1.0, ""6.0"": 0.9666666666666667, ""7.0"": 0.9, ""8.0"": 0.9333333333333333, ""10.0"": 0.8333333333333334, ""12.0"": 0.43333333333333335, ""15.0"": 0.06666666666666667}",False,6.0,True,True,True,True,15.0,True,6.0,POSITIVE,1.0,1.0,1.319838699259485,0.06094205780960136,0.9989583333333333,30,True
NYC-nyc-10517-0-3|qp9,NYC-nyc-10517-0-3,nyc,NYC,C,residential,0.762,50.0,9.0,11.811,1.0,0.0,0.0,main,,False,,False,False,False,False,,True,,OUT_OF_DOMAIN_GEOMETRY,,,,,,30,False
NYC-nyc-199805-0-0|qp10,NYC-nyc-199805-0-0,nyc,NYC,A,residential,2.073,50.0,10.0,4.824,1.0,0.0,0.0,main,"{""1.0"": 1.0, ""2.0"": 1.0, ""3.0"": 1.0, ""4.0"": 1.0, ""5.0"": 1.0, ""6.0"": 1.0, ""8.0"": 1.0, ""9.0"": 0.9666666666666667, ""10.0"": 0.9666666666666667, ""11.0"": 0.9333333333333333, ""12.0"": 0.9333333333333333, ""15.0"": 0.7666666666666667, ""18.0"": 0.3}",False,10.0,True,True,True,True,18.0,True,10.0,POSITIVE,1.0,1.0,1.316447191996631,0.06165313287238126,1.0041666666666667,30,True
NYC-nyc-53282-0-0|qp10,NYC-nyc-53282-0-0,nyc,NYC,C,residential,0.853,50.0,10.0,11.723,1.0,0.0,0.0,main,,False,,False,False,False,False,,True,,OUT_OF_DOMAIN_GEOMETRY,,,,,,30,False
NYC-nyc-17655-0-0|qp12,NYC-nyc-17655-0-0,nyc,NYC,A,residential,2.408,50.0,12.0,4.983,1.0,0.0,0.0,main,"{""1.0"": 1.0, ""2.0"": 1.0, ""3.0"": 1.0, ""4.0"": 1.0, ""5.0"": 1.0, ""6.0"": 1.0, ""8.0"": 1.0, ""9.0"": 1.0, ""10.0"": 1.0, ""12.0"": 1.0, ""13.0"": 0.9666666666666667, ""15.0"": 1.0, ""18.0"": 0.9666666666666667, ""19.0"": 0.8333333333333334, ""20.0"": 0.7333333333333333}",False,18.0,True,True,True,True,20.0,True,18.0,POSITIVE,1.0,1.0,1.323628758643079,0.06292162698412612,1.0013888888888889,30,True
NYC-nyc-27695-0-3|qp12,NYC-nyc-27695-0-3,nyc,NYC,A,residential,2.377,50.0,12.0,5.048,1.0,0.0,0.0,main,"{""1.0"": 1.0, ""2.0"": 1.0, ""3.0"": 1.0, ""4.0"": 1.0, ""5.0"": 1.0, ""6.0"": 1.0, ""8.0"": 1.0, ""9.0"": 1.0, ""10.0"": 1.0, ""12.0"": 1.0, ""15.0"": 0.9666666666666667, ""16.0"": 0.9666666666666667, ""17.0"": 0.9333333333333333, ""18.0"": 0.9333333333333333, ""20.0"": 0.6666666666666666}",False,16.0,True,True,True,True,20.0,True,16.0,POSITIVE,1.0,1.0,1.323392083415857,0.06377290468844891,1.003472222222222,30,True
NYC-nyc-214464-0-0|qp13,NYC-nyc-214464-0-0,nyc,NYC,A,residential,2.56,50.0,13.0,5.078,1.0,0.0,0.0,main,"{""1.0"": 1.0, ""2.0"": 1.0, ""3.0"": 1.0, ""4.0"": 1.0, ""5.0"": 1.0, ""6.0"": 1.0, ""8.0"": 1.0, ""10.0"": 1.0, ""12.0"": 1.0, ""13.0"": 1.0, ""15.0"": 1.0, ""18.0"": 0.9666666666666667, ""20.0"": 0.9666666666666667}",False,20.0,False,False,True,True,20.0,True,20.0,CEILING_CENSORED,1.0,1.0,1.323956645918592,0.06422471788194442,1.0019230769230767,30,False
NYC-nyc-26803-0-0|qp14,NYC-nyc-26803-0-0,nyc,NYC,C,residential,1.158,50.0,14.0,12.09,1.0,0.0,0.0,main,"{""1.0"": 0.0}",False,0.0,False,False,False,True,1.0,True,0.0,ZERO,1.0,1.0,1.1921425462928867,0.17172267798886748,1.0041666666666667,30,False
NYC-nyc-49961-0-0|qp15,NYC-nyc-49961-0-0,nyc,NYC,C,residential,1.28,50.0,15.0,11.719,1.0,0.0,0.0,main,"{""1.0"": 0.0}",False,0.0,False,False,False,True,1.0,True,0.0,ZERO,1.0,1.0,1.2263157280050943,0.16174045138888885,0.9949999999999999,30,False
NYC-nyc-59808-0-1|qp15,NYC-nyc-59808-0-1,nyc,NYC,A,residential,3.048,50.0,15.0,4.921,1.0,0.0,0.0,main,"{""1.0"": 1.0, ""2.0"": 1.0, ""3.0"": 1.0, ""4.0"": 1.0, ""5.0"": 1.0, ""6.0"": 1.0, ""8.0"": 1.0, ""10.0"": 1.0, ""12.0"": 1.0, ""15.0"": 1.0, ""18.0"": 1.0, ""20.0"": 1.0}",False,20.0,False,False,False,True,20.0,True,20.0,CEILING_CENSORED,1.0,1.0,1.322446535764531,0.06235828594342464,0.986111111111111,30,False
NYC-nyc-20131-0-2|qp16,NYC-nyc-20131-0-2,nyc,NYC,A,residential,3.17,50.0,16.0,5.047,1.0,0.0,0.0,main,"{""1.0"": 1.0, ""2.0"": 1.0, ""3.0"": 1.0, ""4.0"": 1.0, ""5.0"": 1.0, ""6.0"": 1.0, ""8.0"": 1.0, ""10.0"": 1.0, ""12.0"": 1.0, ""15.0"": 1.0, ""18.0"": 1.0, ""20.0"": 0.9666666666666667}",False,20.0,False,False,False,True,20.0,True,20.0,CEILING_CENSORED,1.0,1.0,1.324764732598104,0.06380805292674166,1.0,30,False
NYC-nyc-42824-0-0|qp16,NYC-nyc-42824-0-0,nyc,NYC,C,residential,1.311,50.0,16.0,12.204,1.0,0.0,0.0,main,"{""1.0"": 0.0}",False,0.0,False,False,False,True,1.0,True,0.0,ZERO,1.0,1.0,1.2387843125939983,0.1666661369607613,1.0010416666666666,30,False
NYC-nyc-72803-0-0|qp16,NYC-nyc-72803-0-0,nyc,NYC,C,residential,1.311,50.0,16.0,12.204,1.0,0.0,0.0,main,"{""1.0"": 0.0}",False,0.0,False,False,False,True,1.0,True,0.0,ZERO,1.0,1.0,1.2359131368514558,0.16721650139842556,1.0015625,30,False
NYC-nyc-182996-0-0|qp19,NYC-nyc-182996-0-0,nyc,NYC,C,residential,1.585,50.0,19.0,11.987,1.0,0.0,0.0,main,"{""1.0"": 1.0, ""2.0"": 1.0, ""3.0"": 0.9666666666666667, ""4.0"": 0.8, ""5.0"": 0.06666666666666667}",False,3.0,True,True,False,True,5.0,True,3.0,POSITIVE,1.0,1.0,1.2657796814473228,0.16036803364878463,1.0000000000000002,30,True
NYC-nyc-9648-0-0|qp19,NYC-nyc-9648-0-0,nyc,NYC,A,residential,3.719,50.0,19.0,5.109,1.0,0.0,0.0,main,"{""1.0"": 1.0, ""2.0"": 1.0, ""3.0"": 1.0, ""4.0"": 1.0, ""5.0"": 1.0, ""6.0"": 1.0, ""8.0"": 1.0, ""10.0"": 1.0, ""12.0"": 1.0, ""15.0"": 1.0, ""18.0"": 1.0, ""19.0"": 0.9666666666666667, ""20.0"": 0.9}",False,19.0,True,True,False,True,20.0,True,19.0,POSITIVE,1.0,1.0,1.320647220363448,0.06488377998864812,0.9991228070175439,30,True
NYC-nyc-110605-0-2|qp20,NYC-nyc-110605-0-2,nyc,NYC,A,residential,1.707,50.0,20.0,11.716,1.0,0.0,0.0,main,"{""1.0"": 1.0, ""2.0"": 1.0, ""3.0"": 1.0, ""4.0"": 1.0, ""5.0"": 0.9, ""6.0"": 0.9333333333333333, ""8.0"": 0.4}",False,4.0,True,True,True,True,8.0,True,4.0,POSITIVE,1.0,1.0,1.2620738539826817,0.15674022000911908,1.0016666666666665,30,True
NYC-nyc-46079-0-1|qp20,NYC-nyc-46079-0-1,nyc,NYC,A,residential,1.676,50.0,20.0,11.933,1.0,0.0,0.0,main,"{""1.0"": 1.0, ""2.0"": 1.0, ""3.0"": 1.0, ""4.0"": 1.0, ""5.0"": 0.9666666666666667, ""6.0"": 0.9333333333333333, ""8.0"": 0.26666666666666666}",False,5.0,True,True,True,True,8.0,True,5.0,POSITIVE,1.0,1.0,1.2564331472334878,0.1602882193052276,1.00125,30,True
NYC-nyc-199805-0-0|qp25,NYC-nyc-199805-0-0,nyc,NYC,A,residential,2.073,50.0,25.0,12.06,1.0,0.0,0.0,main,"{""1.0"": 1.0, ""2.0"": 1.0, ""3.0"": 1.0, ""4.0"": 1.0, ""5.0"": 0.9666666666666667, ""6.0"": 1.0, ""7.0"": 1.0, ""8.0"": 0.9, ""10.0"": 0.6666666666666666}",False,7.0,True,True,True,True,10.0,True,7.0,POSITIVE,1.0,1.0,1.2405696863200382,0.16366745725464849,1.0010000000000001,30,True
NYC-nyc-62758-0-0|qp25,NYC-nyc-62758-0-0,nyc,NYC,A,residential,5.06,50.0,25.0,4.941,1.0,0.0,0.0,main,"{""1.0"": 1.0, ""2.0"": 1.0, ""3.0"": 1.0, ""4.0"": 1.0, ""5.0"": 1.0, ""6.0"": 1.0, ""8.0"": 1.0, ""10.0"": 1.0, ""12.0"": 1.0, ""15.0"": 1.0, ""18.0"": 0.9666666666666667, ""19.0"": 0.9, ""20.0"": 0.8666666666666667}",False,18.0,True,True,False,True,20.0,True,18.0,POSITIVE,1.0,1.0,1.2954305874918355,0.06376427316644682,0.9996666666666667,30,True
NYC-nyc-27695-0-3|qp28,NYC-nyc-27695-0-3,nyc,NYC,A,residential,2.377,50.0,28.0,11.78,1.0,0.0,0.0,main,"{""1.0"": 1.0, ""2.0"": 1.0, ""3.0"": 1.0, ""4.0"": 1.0, ""5.0"": 1.0, ""6.0"": 1.0, ""8.0"": 1.0, ""10.0"": 1.0, ""11.0"": 0.9, ""12.0"": 0.9333333333333333, ""15.0"": 0.4666666666666667, ""18.0"": 0.16666666666666666}",False,10.0,True,True,True,True,18.0,True,10.0,POSITIVE,1.0,1.0,1.265137953049072,0.15597274809517156,0.9976190476190477,30,True
NYC-nyc-31649-0-0|qp28,NYC-nyc-31649-0-0,nyc,NYC,A,commercial,1.859,50.0,28.0,15.062,1.0,0.0,0.0,main,"{""1.0"": 1.0, ""2.0"": 0.9666666666666667, ""3.0"": 0.9666666666666667, ""4.0"": 0.9333333333333333, ""5.0"": 0.8666666666666667, ""6.0"": 0.7666666666666667}",False,3.0,True,True,True,True,6.0,True,3.0,POSITIVE,1.0,1.0,1.1954393117320412,0.21293145956607715,0.9946428571428572,30,True
NYC-nyc-17655-0-0|qp29,NYC-nyc-17655-0-0,nyc,NYC,A,residential,2.408,50.0,29.0,12.043,1.0,0.0,0.0,main,"{""1.0"": 1.0, ""2.0"": 1.0, ""3.0"": 1.0, ""4.0"": 1.0, ""5.0"": 1.0, ""6.0"": 1.0, ""8.0"": 1.0, ""10.0"": 1.0, ""11.0"": 0.9666666666666667, ""12.0"": 0.9333333333333333, ""15.0"": 0.5666666666666667, ""18.0"": 0.3}",False,11.0,True,True,True,True,18.0,True,11.0,POSITIVE,1.0,1.0,1.260043348573549,0.1599324589331876,0.9988505747126436,30,True
NYC-nyc-214464-0-0|qp31,NYC-nyc-214464-0-0,nyc,NYC,A,residential,2.56,50.0,31.0,12.109,1.0,0.0,0.0,main,"{""1.0"": 1.0, ""2.0"": 1.0, ""3.0"": 1.0, ""4.0"": 1.0, ""5.0"": 1.0, ""6.0"": 1.0, ""8.0"": 1.0, ""10.0"": 1.0, ""12.0"": 0.9666666666666667, ""13.0"": 0.9333333333333333, ""14.0"": 0.9333333333333333, ""15.0"": 0.9, ""18.0"": 0.6666666666666666, ""20.0"": 0.2}",False,12.0,True,True,True,True,20.0,True,12.0,POSITIVE,1.0,1.0,1.2621540500646513,0.16054063585069445,1.0043010752688173,30,True
NYC-nyc-98749-0-2|qp32,NYC-nyc-98749-0-2,nyc,NYC,A,commercial,2.103,50.0,32.0,15.216,1.0,0.0,0.0,main,"{""1.0"": 1.0, ""2.0"": 1.0, ""3.0"": 1.0, ""4.0"": 1.0, ""5.0"": 0.9, ""6.0"": 0.9666666666666667, ""7.0"": 0.9, ""8.0"": 0.8, ""10.0"": 0.43333333333333335}",True,6.0,True,True,True,True,10.0,True,6.0,POSITIVE,1.0,1.0,1.2032382232412702,0.21317859407196094,0.9986979166666666,30,True
NYC-nyc-267383-0-0|qp35,NYC-nyc-267383-0-0,nyc,NYC,A,commercial,2.347,50.0,35.0,14.913,1.0,0.0,0.0,main,"{""1.0"": 1.0, ""2.0"": 1.0, ""3.0"": 1.0, ""4.0"": 1.0, ""5.0"": 1.0, ""6.0"": 1.0, ""8.0"": 1.0, ""9.0"": 0.9666666666666667, ""10.0"": 0.8666666666666667, ""12.0"": 0.7333333333333333, ""15.0"": 0.26666666666666666}",False,9.0,True,True,True,True,15.0,True,9.0,POSITIVE,1.0,1.0,1.2289994790387146,0.2034281352080663,0.9971428571428572,30,True
NYC-nyc-59808-0-1|qp37,NYC-nyc-59808-0-1,nyc,NYC,A,residential,3.048,50.0,37.0,12.139,1.0,0.0,0.0,main,"{""1.0"": 1.0, ""2.0"": 1.0, ""3.0"": 1.0, ""4.0"": 1.0, ""5.0"": 1.0, ""6.0"": 1.0, ""8.0"": 1.0, ""10.0"": 1.0, ""12.0"": 1.0, ""13.0"": 0.9, ""14.0"": 0.9, ""15.0"": 0.7333333333333333, ""18.0"": 0.23333333333333334}",False,12.0,True,True,False,True,18.0,True,12.0,POSITIVE,1.0,1.0,1.246315564262255,0.1629549886993336,0.9959459459459459,30,True
NYC-nyc-20131-0-2|qp38,NYC-nyc-20131-0-2,nyc,NYC,A,residential,3.17,50.0,38.0,11.987,1.0,0.0,0.0,main,"{""1.0"": 1.0, ""2.0"": 1.0, ""3.0"": 1.0, ""4.0"": 1.0, ""5.0"": 1.0, ""6.0"": 1.0, ""8.0"": 1.0, ""10.0"": 1.0, ""11.0"": 1.0, ""12.0"": 0.9333333333333333, ""15.0"": 0.8, ""18.0"": 0.23333333333333334}",False,11.0,True,True,False,True,18.0,True,11.0,POSITIVE,1.0,1.0,1.2462288194969864,0.1608723273746921,1.0037280701754387,30,True
NYC-nyc-9648-0-0|qp45,NYC-nyc-9648-0-0,nyc,NYC,A,residential,3.719,50.0,45.0,12.1,1.0,0.0,0.0,main,"{""1.0"": 1.0, ""2.0"": 1.0, ""3.0"": 1.0, ""4.0"": 1.0, ""5.0"": 1.0, ""6.0"": 1.0, ""8.0"": 1.0, ""10.0"": 1.0, ""11.0"": 1.0, ""12.0"": 0.9, ""15.0"": 0.6333333333333333, ""18.0"": 0.1}",False,11.0,True,True,False,True,18.0,True,11.0,POSITIVE,1.0,1.0,1.22088171264262,0.16564357951659828,0.9998148148148149,30,True
NYC-nyc-31649-0-0|qp46,NYC-nyc-31649-0-0,nyc,NYC,A,commercial,1.859,50.0,46.0,24.744,1.0,0.0,0.0,main,"{""1.0"": 0.8}",False,0.0,False,False,True,True,1.0,True,0.0,ZERO,1.0,1.0,1.028883150429522,0.4086941904249602,1.0001811594202898,30,False
NYC-nyc-98749-0-2|qp53,NYC-nyc-98749-0-2,nyc,NYC,A,commercial,2.103,50.0,53.0,25.202,1.0,0.0,0.0,main,"{""1.0"": 0.6}",False,0.0,False,False,True,True,1.0,True,0.0,ZERO,1.0,1.0,1.0526030436447238,0.4044912690864911,0.9955974842767294,30,False
NYC-nyc-267383-0-0|qp59,NYC-nyc-267383-0-0,nyc,NYC,A,commercial,2.347,50.0,59.0,25.138,1.0,0.0,0.0,main,"{""1.0"": 0.9666666666666667, ""2.0"": 0.9666666666666667, ""3.0"": 0.7333333333333333}",False,2.0,True,True,True,True,3.0,True,2.0,POSITIVE,1.0,1.0,1.1369472448097908,0.37054454859632086,1.0059322033898304,30,True
NYC-nyc-62758-0-0|qp61,NYC-nyc-62758-0-0,nyc,NYC,A,residential,5.06,50.0,61.0,12.055,1.0,0.0,0.0,main,"{""1.0"": 1.0, ""2.0"": 1.0, ""3.0"": 1.0, ""4.0"": 1.0, ""5.0"": 1.0, ""6.0"": 1.0, ""8.0"": 0.9666666666666667, ""9.0"": 0.9333333333333333, ""10.0"": 0.6333333333333333, ""12.0"": 0.5, ""15.0"": 0.4666666666666667}",False,8.0,True,True,False,True,15.0,True,8.0,POSITIVE,1.0,1.0,1.167070199302105,0.17241010649978097,1.0008196721311475,30,True
SEA-seattle-5432169-0-1|qp8,SEA-seattle-5432169-0-1,seattle,SEA,A,residential,1.651,50.0,8.0,4.846,1.0,0.0,0.0,main,"{""1.0"": 1.0, ""2.0"": 1.0, ""3.0"": 1.0, ""4.0"": 1.0, ""5.0"": 1.0, ""6.0"": 1.0, ""7.0"": 0.9333333333333333, ""8.0"": 0.9333333333333333, ""10.0"": 0.5666666666666667, ""12.0"": 0.5666666666666667}",False,6.0,True,True,True,True,12.0,True,6.0,POSITIVE,1.0,1.0,1.3156969484752326,0.062081061982634946,0.996875,30,True
SEA-seattle-5439807-0-1|qp8,SEA-seattle-5439807-0-1,seattle,SEA,C,residential,1.524,50.0,8.0,5.249,1.0,0.0,0.0,main,"{""1.0"": 0.1}",False,0.0,False,False,False,True,1.0,True,0.0,ZERO,1.0,1.0,1.3144971998694517,0.06730779746281937,0.9979166666666667,30,False
SEA-seattle-5442697-0-2|qp8,SEA-seattle-5442697-0-2,seattle,SEA,C,residential,1.524,50.0,8.0,5.249,1.0,0.0,0.0,main,"{""1.0"": 0.03333333333333333}",False,0.0,False,False,False,True,1.0,True,0.0,ZERO,1.0,1.0,1.3139133095669784,0.06740303295421625,0.9989583333333333,30,False
SEA-seattle-5455466-0-0|qp8,SEA-seattle-5455466-0-0,seattle,SEA,C,residential,1.524,50.0,8.0,5.249,1.0,0.0,0.0,main,"{""1.0"": 0.0}",False,0.0,False,False,False,True,1.0,True,0.0,ZERO,1.0,1.0,1.313985142637562,0.06739437518227107,0.9979166666666667,30,False
SEA-seattle-5455998-0-0|qp8,SEA-seattle-5455998-0-0,seattle,SEA,C,residential,1.524,50.0,8.0,5.249,1.0288,47.8,47.8,main,"{""1.0"": 0.3}",False,0.0,False,False,False,True,1.0,True,0.0,ZERO,1.0,1.0,1.3283622493485026,0.06592574365704487,1.0045833333333332,30,False
SEA-seattle-5457277-0-2|qp8,SEA-seattle-5457277-0-2,seattle,SEA,C,residential,1.524,50.0,8.0,5.249,1.0,0.0,0.0,main,"{""1.0"": 0.0}",False,0.0,False,False,False,True,1.0,True,0.0,ZERO,1.0,1.0,1.314082617537365,0.06744541046952689,1.0010416666666666,30,False
SEA-seattle-5426480-0-0|qp9,SEA-seattle-5426480-0-0,seattle,SEA,A,residential,1.829,50.0,9.0,4.921,1.0,0.0,0.0,main,"{""1.0"": 1.0, ""2.0"": 1.0, ""3.0"": 1.0, ""4.0"": 1.0, ""5.0"": 1.0, ""6.0"": 1.0, ""7.0"": 0.9666666666666667, ""8.0"": 0.9333333333333333, ""10.0"": 0.8666666666666667, ""12.0"": 0.8333333333333334, ""15.0"": 0.5333333333333333, ""18.0"": 0.16666666666666666}",False,7.0,True,True,True,True,18.0,True,7.0,POSITIVE,1.0,1.0,1.3153373485878501,0.06308813255573724,0.9999999999999999,30,True
SEA-seattle-5433778-0-0|qp9,SEA-seattle-5433778-0-0,seattle,SEA,A,residential,1.829,50.0,9.0,4.921,1.0,0.0,0.0,main,"{""1.0"": 1.0, ""2.0"": 1.0, ""3.0"": 1.0, ""4.0"": 1.0, ""5.0"": 1.0, ""6.0"": 0.9666666666666667, ""7.0"": 1.0, ""8.0"": 0.9333333333333333, ""10.0"": 0.8333333333333334, ""12.0"": 0.8, ""15.0"": 0.4666666666666667}",False,7.0,True,True,True,True,15.0,True,7.0,POSITIVE,1.0,1.0,1.3135326466367698,0.06320127878014643,0.9981481481481481,30,True
SEA-seattle-5438086-0-1|qp9,SEA-seattle-5438086-0-1,seattle,SEA,A,residential,1.829,50.0,9.0,4.921,1.0,0.0,0.0,main,"{""1.0"": 1.0, ""2.0"": 1.0, ""3.0"": 1.0, ""4.0"": 1.0, ""5.0"": 1.0, ""6.0"": 0.9666666666666667, ""7.0"": 1.0, ""8.0"": 0.9666666666666667, ""10.0"": 0.9666666666666667, ""11.0"": 0.8666666666666667, ""12.0"": 0.7666666666666667, ""15.0"": 0.43333333333333335}",False,10.0,True,True,True,True,15.0,True,10.0,POSITIVE,1.0,1.0,1.3208609287604993,0.06280450762408056,0.9990740740740741,30,True
SEA-seattle-5449118-0-0|qp9,SEA-seattle-5449118-0-0,seattle,SEA,A,residential,1.829,50.0,9.0,4.921,1.0,0.0,0.0,main,"{""1.0"": 1.0, ""2.0"": 1.0, ""3.0"": 1.0, ""4.0"": 1.0, ""5.0"": 1.0, ""6.0"": 1.0, ""7.0"": 0.9666666666666667, ""8.0"": 0.9, ""10.0"": 0.8666666666666667, ""12.0"": 0.8666666666666667, ""15.0"": 0.5666666666666667, ""18.0"": 0.2}",False,7.0,True,True,True,True,18.0,True,7.0,POSITIVE,1.0,1.0,1.3160075209542563,0.06305016402405629,1.0,30,True
SEA-seattle-5449903-0-0|qp9,SEA-seattle-5449903-0-0,seattle,SEA,A,residential,1.829,50.0,9.0,4.921,1.0,0.0,0.0,main,"{""1.0"": 1.0, ""2.0"": 1.0, ""3.0"": 1.0, ""4.0"": 1.0, ""5.0"": 1.0, ""6.0"": 0.9666666666666667, ""7.0"": 0.9666666666666667, ""8.0"": 0.9666666666666667, ""9.0"": 0.9666666666666667, ""10.0"": 0.9, ""12.0"": 0.8, ""15.0"": 0.5, ""18.0"": 0.3}",False,9.0,True,True,True,True,18.0,True,9.0,POSITIVE,1.0,1.0,1.313310092772771,0.0631868507381077,1.0,30,True
SEA-seattle-5453813-0-0|qp9,SEA-seattle-5453813-0-0,seattle,SEA,A,residential,1.829,50.0,9.0,4.921,1.0022,7.9,7.9,main,"{""1.0"": 1.0, ""2.0"": 1.0, ""3.0"": 1.0, ""4.0"": 1.0, ""5.0"": 1.0, ""6.0"": 1.0, ""7.0"": 1.0, ""8.0"": 0.9666666666666667, ""9.0"": 0.9333333333333333, ""10.0"": 0.9, ""12.0"": 0.9, ""15.0"": 0.8, ""18.0"": 0.5333333333333333}",False,8.0,True,True,True,True,18.0,True,8.0,POSITIVE,1.0,1.0,1.2618330055704798,0.06618180851710047,1.0,30,True
SEA-seattle-5452128-0-1|qp12,SEA-seattle-5452128-0-1,seattle,SEA,A,residential,2.438,50.0,12.0,4.922,1.0,0.0,0.0,main,"{""1.0"": 1.0, ""2.0"": 1.0, ""3.0"": 1.0, ""4.0"": 1.0, ""5.0"": 1.0, ""6.0"": 1.0, ""8.0"": 1.0, ""9.0"": 1.0, ""10.0"": 1.0, ""12.0"": 1.0, ""13.0"": 1.0, ""15.0"": 0.9666666666666667, ""18.0"": 0.9666666666666667, ""19.0"": 0.9, ""20.0"": 0.8666666666666667}",False,18.0,True,True,True,True,20.0,True,18.0,POSITIVE,1.0,1.0,1.3238506092928277,0.06215562619633719,1.003472222222222,30,True
SEA-seattle-5454776-0-1|qp13,SEA-seattle-5454776-0-1,seattle,SEA,A,residential,2.591,50.0,13.0,5.017,1.0,0.0,0.0,main,"{""1.0"": 1.0, ""2.0"": 1.0, ""3.0"": 1.0, ""4.0"": 1.0, ""5.0"": 1.0, ""6.0"": 1.0, ""8.0"": 1.0, ""10.0"": 1.0, ""12.0"": 1.0, ""13.0"": 1.0, ""15.0"": 1.0, ""18.0"": 0.9666666666666667, ""20.0"": 0.9666666666666667}",False,20.0,False,False,True,True,20.0,True,20.0,CEILING_CENSORED,1.0,1.0,1.3227763888175617,0.06353778035078633,1.0006410256410259,30,False
SEA-seattle-5439807-0-1|qp18,SEA-seattle-5439807-0-1,seattle,SEA,C,residential,1.524,50.0,18.0,11.811,1.0,0.0,0.0,main,"{""1.0"": 0.03333333333333333}",False,0.0,False,False,False,True,1.0,True,0.0,ZERO,1.0,1.0,1.2645669503229662,0.15833789005541482,1.0041666666666669,30,False
SEA-seattle-5441957-0-1|qp18,SEA-seattle-5441957-0-1,seattle,SEA,C,commercial,1.168,50.0,18.0,15.411,1.0,0.0,0.0,main,"{""1.0"": 0.0}",False,0.0,False,False,False,True,1.0,True,0.0,ZERO,1.0,1.0,1.161421290285004,0.22492270738204656,0.999537037037037,30,False
SEA-seattle-5442697-0-2|qp18,SEA-seattle-5442697-0-2,seattle,SEA,C,residential,1.524,50.0,18.0,11.811,1.0,0.0,0.0,main,"{""1.0"": 0.06666666666666667}",False,0.0,False,False,False,True,1.0,True,0.0,ZERO,1.0,1.0,1.26491245509355,0.15810185185185713,1.0046296296296298,30,False
SEA-seattle-5455466-0-0|qp18,SEA-seattle-5455466-0-0,seattle,SEA,C,residential,1.524,50.0,18.0,11.811,1.0,0.0,0.0,main,"{""1.0"": 0.1}",False,0.0,False,False,False,True,1.0,True,0.0,ZERO,1.0,1.0,1.26745507980142,0.15773503572470632,1.0032407407407409,30,False
SEA-seattle-5455998-0-0|qp18,SEA-seattle-5455998-0-0,seattle,SEA,C,residential,1.524,50.0,18.0,11.811,1.0288,47.8,47.8,main,"{""1.0"": 0.5}",False,0.0,False,False,False,True,1.0,True,0.0,ZERO,1.0,1.0,1.3246111361961843,0.14865029892097262,1.0199074074074075,30,False
SEA-seattle-5457277-0-2|qp18,SEA-seattle-5457277-0-2,seattle,SEA,C,residential,1.524,50.0,18.0,11.811,1.0,0.0,0.0,main,"{""1.0"": 0.03333333333333333}",False,0.0,False,False,False,True,1.0,True,0.0,ZERO,1.0,1.0,1.2645295178635905,0.1582171369203901,1.0037037037037038,30,False
SEA-seattle-5432169-0-1|qp20,SEA-seattle-5432169-0-1,seattle,SEA,A,residential,1.651,50.0,20.0,12.114,1.0,0.0,0.0,main,"{""1.0"": 1.0, ""2.0"": 1.0, ""3.0"": 1.0, ""4.0"": 1.0, ""5.0"": 0.9666666666666667, ""6.0"": 0.8333333333333334, ""8.0"": 0.13333333333333333}",False,5.0,True,True,True,True,8.0,True,5.0,POSITIVE,1.0,1.0,1.2500199403288128,0.16394188707180343,1.0058333333333331,30,True
SEA-seattle-5426480-0-0|qp22,SEA-seattle-5426480-0-0,seattle,SEA,A,residential,1.829,50.0,22.0,12.028,1.0,0.0,0.0,main,"{""1.0"": 1.0, ""2.0"": 1.0, ""3.0"": 0.9666666666666667, ""4.0"": 1.0, ""5.0"": 0.9666666666666667, ""6.0"": 0.9, ""8.0"": 0.6666666666666666}",False,5.0,True,True,True,True,8.0,True,5.0,POSITIVE,1.0,1.0,1.2314837895695747,0.16491062207642188,0.9996212121212121,30,True
SEA-seattle-5433778-0-0|qp22,SEA-seattle-5433778-0-0,seattle,SEA,A,residential,1.829,50.0,22.0,12.028,1.0,0.0,0.0,main,"{""1.0"": 1.0, ""2.0"": 1.0, ""3.0"": 1.0, ""4.0"": 1.0, ""5.0"": 0.9666666666666667, ""6.0"": 0.8333333333333334, ""8.0"": 0.5333333333333333}",False,5.0,True,True,True,True,8.0,True,5.0,POSITIVE,1.0,1.0,1.2373757063538757,0.16397735556770432,1.0018939393939394,30,True
SEA-seattle-5438086-0-1|qp22,SEA-seattle-5438086-0-1,seattle,SEA,A,residential,1.829,50.0,22.0,12.028,1.0,0.0,0.0,main,"{""1.0"": 1.0, ""2.0"": 1.0, ""3.0"": 1.0, ""4.0"": 1.0, ""5.0"": 0.9333333333333333, ""6.0"": 0.9333333333333333}",False,4.0,True,True,True,True,6.0,True,4.0,POSITIVE,1.0,1.0,1.2411326648047232,0.16341883846667757,0.9992424242424244,30,True
SEA-seattle-5449118-0-0|qp22,SEA-seattle-5449118-0-0,seattle,SEA,A,residential,1.829,50.0,22.0,12.028,1.0,0.0,0.0,main,"{""1.0"": 1.0, ""2.0"": 0.9666666666666667, ""3.0"": 1.0, ""4.0"": 1.0, ""5.0"": 0.9666666666666667, ""6.0"": 0.8666666666666667, ""8.0"": 0.5}",False,5.0,True,True,True,True,8.0,True,5.0,POSITIVE,1.0,1.0,1.233443455735477,0.16472191847396755,0.9977272727272729,30,True
SEA-seattle-5449903-0-0|qp22,SEA-seattle-5449903-0-0,seattle,SEA,A,residential,1.829,50.0,22.0,12.028,1.0,0.0,0.0,main,"{""1.0"": 1.0, ""2.0"": 1.0, ""3.0"": 1.0, ""4.0"": 0.9666666666666667, ""5.0"": 0.9666666666666667, ""6.0"": 0.9666666666666667, ""7.0"": 0.8, ""8.0"": 0.5666666666666667}",False,6.0,True,True,True,True,8.0,True,6.0,POSITIVE,1.0,1.0,1.2269590860313133,0.16574175323491752,1.000378787878788,30,True
SEA-seattle-5453813-0-0|qp22,SEA-seattle-5453813-0-0,seattle,SEA,A,residential,1.829,50.0,22.0,12.028,1.0022,7.9,7.9,main,"{""1.0"": 1.0, ""2.0"": 1.0, ""3.0"": 1.0, ""4.0"": 1.0, ""5.0"": 1.0, ""6.0"": 1.0, ""8.0"": 1.0, ""9.0"": 0.9, ""10.0"": 0.7666666666666667, ""12.0"": 0.4666666666666667}",False,8.0,True,True,True,True,12.0,True,8.0,POSITIVE,1.0,1.0,1.1950900497633261,0.1710360852925081,1.0000000000000002,30,True
SEA-seattle-5451525-0-0|qp23,SEA-seattle-5451525-0-0,seattle,SEA,C,commercial,1.524,50.0,23.0,15.092,1.0814,30.9,79.1,main,"{""1.0"": 0.0}",False,0.0,False,False,False,True,1.0,True,0.0,ZERO,1.0,1.0,0.8792427475151549,0.3060754775444801,1.010361952861953,30,False
SEA-seattle-5441957-0-1|qp29,SEA-seattle-5441957-0-1,seattle,SEA,C,commercial,1.168,50.0,29.0,24.829,1.0,0.0,0.0,main,"{""1.0"": 0.0}",False,0.0,False,False,False,True,1.0,True,0.0,ZERO,1.0,1.0,1.046444355997551,0.4015898496955878,0.996551724137931,30,False
SEA-seattle-5452128-0-1|qp29,SEA-seattle-5452128-0-1,seattle,SEA,A,residential,2.438,50.0,29.0,11.895,1.0,0.0,0.0,main,"{""1.0"": 1.0, ""2.0"": 1.0, ""3.0"": 1.0, ""4.0"": 1.0, ""5.0"": 1.0, ""6.0"": 1.0, ""8.0"": 1.0, ""10.0"": 1.0, ""12.0"": 0.9666666666666667, ""13.0"": 0.8666666666666667, ""14.0"": 0.8666666666666667, ""15.0"": 0.6333333333333333}",False,12.0,True,True,True,True,15.0,True,12.0,POSITIVE,1.0,1.0,1.2638317630758518,0.15744832968735997,1.000287356321839,30,True
SEA-seattle-5454776-0-1|qp31,SEA-seattle-5454776-0-1,seattle,SEA,A,residential,2.591,50.0,31.0,11.964,1.0,0.0,0.0,main,"{""1.0"": 1.0, ""2.0"": 1.0, ""3.0"": 1.0, ""4.0"": 1.0, ""5.0"": 1.0, ""6.0"": 1.0, ""8.0"": 1.0, ""10.0"": 1.0, ""12.0"": 0.9666666666666667, ""13.0"": 0.9666666666666667, ""14.0"": 0.9333333333333333, ""15.0"": 0.9333333333333333, ""18.0"": 0.6333333333333333, ""20.0"": 0.2}",False,13.0,True,True,True,True,20.0,True,13.0,POSITIVE,1.0,1.0,1.2656791346199496,0.15814598610574723,1.003494623655914,30,True
SEA-seattle-5434873-0-0|qp37,SEA-seattle-5434873-0-0,seattle,SEA,A,commercial,2.438,50.0,37.0,15.176,1.0,0.0,0.0,main,"{""1.0"": 1.0, ""2.0"": 1.0, ""3.0"": 1.0, ""4.0"": 1.0, ""5.0"": 1.0, ""6.0"": 1.0, ""8.0"": 1.0, ""10.0"": 0.9666666666666667, ""11.0"": 0.9333333333333333, ""12.0"": 0.8666666666666667, ""15.0"": 0.36666666666666664}",False,10.0,True,True,True,True,15.0,True,10.0,POSITIVE,1.0,1.0,1.2322751330031663,0.2064425530945295,0.9997747747747748,30,True
SEA-seattle-5426595-0-0|qp38,SEA-seattle-5426595-0-0,seattle,SEA,A,commercial,2.54,50.0,38.0,14.961,1.0,0.0,0.0,main,"{""1.0"": 1.0, ""2.0"": 1.0, ""3.0"": 1.0, ""4.0"": 1.0, ""5.0"": 1.0, ""6.0"": 1.0, ""8.0"": 1.0, ""10.0"": 1.0, ""11.0"": 0.9666666666666667, ""12.0"": 0.8666666666666667, ""15.0"": 0.5333333333333333, ""18.0"": 0.06666666666666667}",False,11.0,True,True,True,True,18.0,True,11.0,POSITIVE,1.0,1.0,1.2384744842133038,0.2022747156605478,1.0019736842105265,30,True
SEA-seattle-5451525-0-0|qp38,SEA-seattle-5451525-0-0,seattle,SEA,C,commercial,1.524,50.0,38.0,24.934,1.0814,30.9,79.1,main,"{""1.0"": 0.0}",False,0.0,False,False,False,True,1.0,True,0.0,ZERO,1.0,1.0,0.8448109574575338,0.5278552420530774,1.0141350561087406,30,False
SEA-seattle-5434873-0-0|qp61,SEA-seattle-5434873-0-0,seattle,SEA,A,commercial,2.438,50.0,61.0,25.021,1.0,0.0,0.0,main,"{""1.0"": 1.0, ""2.0"": 0.9333333333333333, ""3.0"": 0.7, ""4.0"": 0.4666666666666667}",False,1.0,True,True,False,True,4.0,True,1.0,POSITIVE,1.0,1.0,1.151309527009229,0.36387977394951354,1.0072404371584698,30,True
SEA-seattle-5445989-0-0|qp61,SEA-seattle-5445989-0-0,seattle,SEA,A,commercial,4.064,50.0,61.0,15.01,1.0,0.0,0.0,main,"{""1.0"": 1.0, ""2.0"": 1.0, ""3.0"": 1.0, ""4.0"": 1.0, ""5.0"": 1.0, ""6.0"": 1.0, ""7.0"": 1.0, ""8.0"": 0.9333333333333333, ""10.0"": 0.5, ""12.0"": 0.36666666666666664}",False,7.0,True,True,False,True,12.0,True,7.0,POSITIVE,1.0,1.0,1.1672664707441136,0.2147583114610658,0.9983606557377048,30,True
SEA-seattle-5423808-0-1|qp62,SEA-seattle-5423808-0-1,seattle,SEA,A,commercial,4.115,50.0,62.0,15.067,1.0,0.0,0.0,main,"{""1.0"": 1.0, ""2.0"": 1.0, ""3.0"": 1.0, ""4.0"": 1.0, ""5.0"": 1.0, ""6.0"": 1.0, ""7.0"": 0.9666666666666667, ""8.0"": 0.8666666666666667, ""10.0"": 0.6333333333333333, ""12.0"": 0.23333333333333334}",False,7.0,True,True,False,True,12.0,True,7.0,POSITIVE,1.0,1.0,1.1628581028526523,0.21635868097745192,0.9993279569892474,30,True
SEA-seattle-5426595-0-0|qp64,SEA-seattle-5426595-0-0,seattle,SEA,A,commercial,2.54,50.0,64.0,25.197,1.0,0.0,0.0,main,"{""1.0"": 0.9666666666666667, ""2.0"": 0.8333333333333334, ""3.0"": 0.7666666666666667, ""4.0"": 0.3333333333333333}",False,1.0,True,True,False,True,4.0,True,1.0,POSITIVE,1.0,1.0,1.1484381805813073,0.36695975503063255,1.0084635416666667,30,True
SEA-seattle-5445989-0-0|qp102,SEA-seattle-5445989-0-0,seattle,SEA,A,commercial,4.064,50.0,102.0,25.098,1.0,0.0,0.0,main,"{""1.0"": 0.9666666666666667, ""2.0"": 0.9, ""3.0"": 0.9333333333333333, ""4.0"": 0.8333333333333334, ""5.0"": 0.6, ""6.0"": 0.26666666666666666}",False,0.0,False,True,False,True,6.0,True,0.0,ZERO,0.0,0.9333333333333333,0.9619704161002886,0.4345537374234483,0.9856910569105691,30,False
SEA-seattle-5423808-0-1|qp103,SEA-seattle-5423808-0-1,seattle,SEA,A,commercial,4.115,50.0,103.0,25.03,1.0,0.0,0.0,main,"{""1.0"": 0.9666666666666667, ""2.0"": 1.0, ""3.0"": 0.9333333333333333, ""4.0"": 0.7666666666666667, ""5.0"": 0.5666666666666667, ""6.0"": 0.3333333333333333}",False,0.0,False,True,False,True,6.0,True,0.0,ZERO,0.0,0.9333333333333333,0.9502542975113796,0.43864840691238005,0.9927184466019418,30,False
TPE-taipei-idx5185-0-1|qp6,TPE-taipei-idx5185-0-1,taipei,TPE,C,residential,1.2,50.0,6.0,5.0,1.0,0.0,0.0,main,"{""1.0"": 0.0}",False,0.0,False,False,False,True,1.0,True,0.0,ZERO,1.0,1.0,1.3004585081465863,0.064837962962963,0.9833333333333333,30,False
TPE-taipei-idx9524-0-2|qp6,TPE-taipei-idx9524-0-2,taipei,TPE,C,residential,1.19,50.0,6.0,5.042,1.0,0.0,0.0,main,"{""1.0"": 0.0}",False,0.0,False,False,False,True,1.0,True,0.0,ZERO,1.0,1.0,1.299829609662722,0.0654114145658274,0.9847222222222223,30,False
TPE-taipei-idx12521-0-5|qp9,TPE-taipei-idx12521-0-5,taipei,TPE,A,residential,1.75,50.0,9.0,5.143,1.0,0.0,0.0,main,"{""1.0"": 1.0, ""2.0"": 1.0, ""3.0"": 1.0, ""4.0"": 1.0, ""5.0"": 1.0, ""6.0"": 0.9333333333333333, ""7.0"": 0.9333333333333333, ""8.0"": 0.9333333333333333, ""10.0"": 0.7333333333333333, ""12.0"": 0.4666666666666667}",False,5.0,True,True,True,True,12.0,True,5.0,POSITIVE,1.0,1.0,1.3169069684514478,0.06586190476190644,1.001851851851852,30,True
TPE-taipei-idx14193-0-0|qp10,TPE-taipei-idx14193-0-0,taipei,TPE,A,residential,1.99,50.0,10.0,5.025,1.0,0.0,0.0,main,"{""1.0"": 1.0, ""2.0"": 1.0, ""3.0"": 1.0, ""4.0"": 1.0, ""5.0"": 1.0, ""6.0"": 1.0, ""7.0"": 1.0, ""8.0"": 1.0, ""9.0"": 0.9666666666666667, ""10.0"": 0.9666666666666667, ""11.0"": 0.9333333333333333, ""12.0"": 0.8666666666666667, ""15.0"": 0.6333333333333333, ""18.0"": 0.26666666666666666}",False,10.0,True,True,True,True,18.0,True,10.0,POSITIVE,1.0,1.0,1.3141265178131893,0.06439628699050853,1.0083333333333333,30,True
TPE-taipei-idx1592-0-2|qp10,TPE-taipei-idx1592-0-2,taipei,TPE,A,residential,1.96,50.0,10.0,5.102,1.0,0.0,0.0,main,"{""1.0"": 1.0, ""2.0"": 1.0, ""3.0"": 1.0, ""4.0"": 0.9666666666666667, ""5.0"": 1.0, ""6.0"": 1.0, ""7.0"": 0.9666666666666667, ""8.0"": 0.9666666666666667, ""9.0"": 0.9666666666666667, ""10.0"": 0.9666666666666667, ""11.0"": 0.9, ""12.0"": 0.8333333333333334, ""15.0"": 0.5333333333333333, ""18.0"": 0.13333333333333333}",False,10.0,True,True,True,True,18.0,True,10.0,POSITIVE,1.0,1.0,1.3110271803936762,0.06553110827664406,1.0041666666666667,30,True
TPE-taipei-idx326-0-1|qp10,TPE-taipei-idx326-0-1,taipei,TPE,A,residential,2.05,50.0,10.0,4.878,1.0,0.0,0.0,main,"{""1.0"": 1.0, ""2.0"": 1.0, ""3.0"": 1.0, ""4.0"": 1.0, ""5.0"": 1.0, ""6.0"": 1.0, ""7.0"": 1.0, ""8.0"": 1.0, ""9.0"": 0.9666666666666667, ""10.0"": 0.9, ""12.0"": 0.8666666666666667, ""15.0"": 0.7666666666666667, ""18.0"": 0.16666666666666666}",False,9.0,True,True,True,True,18.0,True,9.0,POSITIVE,1.0,1.0,1.3140250523217156,0.062464430894308746,1.0058333333333334,30,True
TPE-taipei-idx674-0-1|qp10,TPE-taipei-idx674-0-1,taipei,TPE,A,residential,2.06,50.0,10.0,4.854,1.0,0.0,0.0,main,"{""1.0"": 1.0, ""2.0"": 1.0, ""3.0"": 1.0, ""4.0"": 1.0, ""5.0"": 1.0, ""6.0"": 1.0, ""7.0"": 1.0, ""8.0"": 1.0, ""9.0"": 0.9666666666666667, ""10.0"": 0.9666666666666667, ""11.0"": 0.9333333333333333, ""12.0"": 0.9333333333333333, ""15.0"": 0.7333333333333333, ""18.0"": 0.4666666666666667}",False,10.0,True,True,True,True,18.0,True,10.0,POSITIVE,1.0,1.0,1.3147703982900962,0.06213625943905002,1.0091666666666668,30,True
TPE-taipei-idx15074-0-0|qp12,TPE-taipei-idx15074-0-0,taipei,TPE,A,residential,2.36,50.0,12.0,5.085,1.0,0.0,0.0,main,"{""1.0"": 1.0, ""2.0"": 1.0, ""3.0"": 1.0, ""4.0"": 1.0, ""5.0"": 1.0, ""6.0"": 1.0, ""8.0"": 1.0, ""9.0"": 1.0, ""10.0"": 1.0, ""12.0"": 1.0, ""15.0"": 0.9666666666666667, ""16.0"": 0.9333333333333333, ""17.0"": 0.9333333333333333, ""18.0"": 0.8, ""20.0"": 0.6333333333333333}",False,15.0,True,True,True,True,20.0,True,15.0,POSITIVE,1.0,1.0,1.3226700544473255,0.06429113700564902,1.003472222222222,30,True
TPE-taipei-idx5185-0-1|qp14,TPE-taipei-idx5185-0-1,taipei,TPE,C,residential,1.2,50.0,14.0,11.667,1.0,0.0,0.0,main,"{""1.0"": 0.0}",False,0.0,False,False,False,True,1.0,True,0.0,ZERO,1.0,1.0,1.2146167463287625,0.16255555555555665,1.0095238095238095,30,False
TPE-taipei-idx9524-0-2|qp14,TPE-taipei-idx9524-0-2,taipei,TPE,C,residential,1.19,50.0,14.0,11.765,1.0,0.0,0.0,main,"{""1.0"": 0.0}",False,0.0,False,False,False,True,1.0,True,0.0,ZERO,1.0,1.0,1.2143389634706774,0.1639151493930884,1.0095238095238095,30,False
TPE-taipei-idx4344-0-0|qp18,TPE-taipei-idx4344-0-0,taipei,TPE,A,residential,3.54,50.0,18.0,5.085,1.0,0.0,0.0,main,"{""1.0"": 1.0, ""2.0"": 1.0, ""3.0"": 1.0, ""4.0"": 1.0, ""5.0"": 1.0, ""6.0"": 1.0, ""8.0"": 1.0, ""10.0"": 1.0, ""12.0"": 1.0, ""15.0"": 1.0, ""18.0"": 1.0, ""19.0"": 0.9666666666666667, ""20.0"": 0.9}",False,19.0,True,True,False,True,20.0,True,19.0,POSITIVE,1.0,1.0,1.3211933110525742,0.06442933929692488,1.0046296296296298,30,True
TPE-taipei-idx5150-0-0|qp18,TPE-taipei-idx5150-0-0,taipei,TPE,C,commercial,1.2,50.0,18.0,15.0,1.0,0.0,0.0,main,"{""1.0"": 0.0}",False,0.0,False,False,False,True,1.0,True,0.0,ZERO,1.0,1.0,1.1741023612185588,0.21667129629629567,1.001851851851852,30,False
TPE-taipei-idx5283-0-0|qp18,TPE-taipei-idx5283-0-0,taipei,TPE,C,commercial,1.2,50.0,18.0,15.0,1.0,0.0,0.0,main,"{""1.0"": 0.0}",False,0.0,False,False,False,True,1.0,True,0.0,ZERO,1.0,1.0,1.1742500411902412,0.21663078703703648,1.0023148148148149,30,False
TPE-taipei-idx5349-0-1|qp18,TPE-taipei-idx5349-0-1,taipei,TPE,C,commercial,1.2,50.0,18.0,15.0,1.0,0.0,0.0,main,"{""1.0"": 0.0}",False,0.0,False,False,False,True,1.0,True,0.0,ZERO,1.0,1.0,1.1748460731824748,0.2165815972222217,1.0027777777777778,30,False
TPE-taipei-idx9453-0-1|qp18,TPE-taipei-idx9453-0-1,taipei,TPE,A,residential,3.55,50.0,18.0,5.07,1.0,0.0,0.0,main,"{""1.0"": 1.0, ""2.0"": 1.0, ""3.0"": 1.0, ""4.0"": 1.0, ""5.0"": 1.0, ""6.0"": 1.0, ""8.0"": 1.0, ""10.0"": 1.0, ""12.0"": 1.0, ""15.0"": 1.0, ""18.0"": 1.0, ""19.0"": 0.9666666666666667, ""20.0"": 0.9333333333333333}",False,19.0,True,True,False,True,20.0,True,19.0,POSITIVE,1.0,1.0,1.322970656703415,0.0641762519561808,1.0041666666666667,30,True
TPE-taipei-idx2314-0-0|qp19,TPE-taipei-idx2314-0-0,taipei,TPE,C,commercial,1.27,50.0,19.0,14.961,1.0,0.0,0.0,main,"{""1.0"": 0.0}",False,0.0,False,False,False,True,1.0,True,0.0,ZERO,1.0,1.0,1.1950117368943605,0.21255686789151831,0.9995614035087719,30,False
TPE-taipei-idx12521-0-5|qp21,TPE-taipei-idx12521-0-5,taipei,TPE,A,residential,1.75,50.0,21.0,12.0,1.0,0.0,0.0,main,"{""1.0"": 1.0, ""2.0"": 1.0, ""3.0"": 1.0, ""4.0"": 1.0, ""5.0"": 0.8666666666666667, ""6.0"": 0.7333333333333333, ""8.0"": 0.43333333333333335}",False,0.0,False,True,True,True,8.0,True,0.0,ZERO,0.0,1.0,1.2504360606035272,0.16212420634920954,0.9964285714285714,30,False
TPE-taipei-idx12764-0-0|qp22,TPE-taipei-idx12764-0-0,taipei,TPE,C,commercial,1.48,50.0,22.0,14.865,1.0,0.0,0.0,main,"{""1.0"": 0.0}",False,0.0,False,False,False,True,1.0,True,0.0,ZERO,1.0,1.0,1.2329147628190604,0.20340090090090301,0.9988636363636364,30,False
TPE-taipei-idx14193-0-0|qp24,TPE-taipei-idx14193-0-0,taipei,TPE,A,residential,1.99,50.0,24.0,12.06,1.0,0.0,0.0,main,"{""1.0"": 1.0, ""2.0"": 1.0, ""3.0"": 1.0, ""4.0"": 1.0, ""5.0"": 1.0, ""6.0"": 1.0, ""7.0"": 1.0, ""8.0"": 0.7333333333333333}",False,7.0,True,True,True,True,8.0,True,7.0,POSITIVE,1.0,1.0,1.2310587710207634,0.16514656616415,0.9944444444444444,30,True
TPE-taipei-idx1592-0-2|qp24,TPE-taipei-idx1592-0-2,taipei,TPE,A,residential,1.96,50.0,24.0,12.245,1.0,0.0,0.0,main,"{""1.0"": 1.0, ""2.0"": 1.0, ""3.0"": 1.0, ""4.0"": 1.0, ""5.0"": 1.0, ""6.0"": 1.0, ""7.0"": 0.9666666666666667, ""8.0"": 0.6666666666666666, ""10.0"": 0.4}",False,7.0,True,True,True,True,10.0,True,7.0,POSITIVE,1.0,1.0,1.2254224276159538,0.16861323696145597,0.9958333333333333,30,True
TPE-taipei-idx326-0-1|qp25,TPE-taipei-idx326-0-1,taipei,TPE,A,residential,2.05,50.0,25.0,12.195,1.0,0.0,0.0,main,"{""1.0"": 1.0, ""2.0"": 1.0, ""3.0"": 1.0, ""4.0"": 1.0, ""5.0"": 1.0, ""6.0"": 1.0, ""7.0"": 0.9, ""8.0"": 0.9, ""10.0"": 0.5666666666666667, ""12.0"": 0.23333333333333334}",False,6.0,True,True,True,True,12.0,True,6.0,POSITIVE,1.0,1.0,1.2356604371419955,0.1662201897018961,1.0006666666666666,30,True
TPE-taipei-idx674-0-1|qp25,TPE-taipei-idx674-0-1,taipei,TPE,A,residential,2.06,50.0,25.0,12.136,1.0,0.0,0.0,main,"{""1.0"": 1.0, ""2.0"": 1.0, ""3.0"": 1.0, ""4.0"": 1.0, ""5.0"": 1.0, ""6.0"": 0.9666666666666667, ""7.0"": 0.9333333333333333, ""8.0"": 0.8666666666666667, ""10.0"": 0.5666666666666667}",False,6.0,True,True,True,True,10.0,True,6.0,POSITIVE,1.0,1.0,1.2379978517500339,0.16501247303128388,1.0026666666666666,30,True
TPE-taipei-idx15074-0-0|qp28,TPE-taipei-idx15074-0-0,taipei,TPE,A,residential,2.36,50.0,28.0,11.864,1.0,0.0,0.0,main,"{""1.0"": 1.0, ""2.0"": 1.0, ""3.0"": 1.0, ""4.0"": 1.0, ""5.0"": 1.0, ""6.0"": 1.0, ""8.0"": 1.0, ""10.0"": 0.9666666666666667, ""11.0"": 0.9333333333333333, ""12.0"": 0.8333333333333334, ""15.0"": 0.5}",False,10.0,True,True,True,True,15.0,True,10.0,POSITIVE,1.0,1.0,1.2640290817745263,0.15719838747645912,0.9985119047619045,30,True
TPE-taipei-idx5150-0-0|qp30,TPE-taipei-idx5150-0-0,taipei,TPE,C,commercial,1.2,50.0,30.0,25.0,1.0,0.0,0.0,main,"{""1.0"": 0.0}",False,0.0,False,False,False,True,1.0,True,0.0,ZERO,1.0,1.0,1.058144792471502,0.40028761574074045,0.9963888888888891,30,False
TPE-taipei-idx5283-0-0|qp30,TPE-taipei-idx5283-0-0,taipei,TPE,C,commercial,1.2,50.0,30.0,25.0,1.0,0.0,0.0,main,"{""1.0"": 0.0}",False,0.0,False,False,False,True,1.0,True,0.0,ZERO,1.0,1.0,1.0581107812675852,0.4005092592592596,0.9955555555555554,30,False
TPE-taipei-idx5349-0-1|qp30,TPE-taipei-idx5349-0-1,taipei,TPE,C,commercial,1.2,50.0,30.0,25.0,1.0,0.0,0.0,main,"{""1.0"": 0.0}",False,0.0,False,False,False,True,1.0,True,0.0,ZERO,1.0,1.0,1.0595969584559837,0.4000052083333332,0.9930555555555557,30,False
TPE-taipei-idx9590-0-0|qp31,TPE-taipei-idx9590-0-0,taipei,TPE,A,commercial,2.04,50.0,31.0,15.196,1.0,0.0,0.0,main,"{""1.0"": 1.0, ""2.0"": 1.0, ""3.0"": 1.0, ""4.0"": 1.0, ""5.0"": 0.9333333333333333, ""6.0"": 0.9, ""8.0"": 0.7333333333333333}",False,4.0,True,True,True,True,8.0,True,4.0,POSITIVE,1.0,1.0,1.1947151114765158,0.21490570533769304,1.004301075268817,30,True
TPE-taipei-idx2314-0-0|qp32,TPE-taipei-idx2314-0-0,taipei,TPE,C,commercial,1.27,50.0,32.0,25.197,1.0,0.0,0.0,main,"{""1.0"": 0.0}",False,0.0,False,False,False,True,1.0,True,0.0,ZERO,1.0,1.0,1.082320957679643,0.394793853893273,0.99609375,30,False
TPE-taipei-idx12764-0-0|qp37,TPE-taipei-idx12764-0-0,taipei,TPE,C,commercial,1.48,50.0,37.0,25.0,1.0,0.0,0.0,main,"{""1.0"": 0.0}",False,0.0,False,False,False,True,1.0,True,0.0,ZERO,1.0,1.0,1.0963505185257445,0.3855513325825867,0.9990990990990992,30,False
TPE-taipei-idx15608-0-1|qp37,TPE-taipei-idx15608-0-1,taipei,TPE,A,commercial,2.48,50.0,37.0,14.919,1.0,0.0,0.0,main,"{""1.0"": 1.0, ""2.0"": 1.0, ""3.0"": 1.0, ""4.0"": 1.0, ""5.0"": 1.0, ""6.0"": 1.0, ""8.0"": 1.0, ""10.0"": 0.9666666666666667, ""11.0"": 0.9333333333333333, ""12.0"": 0.8666666666666667, ""15.0"": 0.43333333333333335}",False,10.0,True,True,True,True,15.0,True,10.0,POSITIVE,1.0,1.0,1.237358649445842,0.20203377016129248,0.9961711711711712,30,True
TPE-taipei-idx11047-0-0|qp40,TPE-taipei-idx11047-0-0,taipei,TPE,A,commercial,2.69,50.0,40.0,14.87,1.0,0.0,0.0,main,"{""1.0"": 1.0, ""2.0"": 1.0, ""3.0"": 1.0, ""4.0"": 1.0, ""5.0"": 1.0, ""6.0"": 1.0, ""8.0"": 1.0, ""10.0"": 1.0, ""11.0"": 0.9666666666666667, ""12.0"": 0.9, ""15.0"": 0.5, ""18.0"": 0.0}",False,11.0,True,True,True,True,18.0,True,11.0,POSITIVE,1.0,1.0,1.2348164781117883,0.20115990293267139,1.0014583333333333,30,True
TPE-taipei-idx4344-0-0|qp42,TPE-taipei-idx4344-0-0,taipei,TPE,A,residential,3.54,50.0,42.0,11.864,1.0,0.0,0.0,main,"{""1.0"": 1.0, ""2.0"": 1.0, ""3.0"": 1.0, ""4.0"": 1.0, ""5.0"": 1.0, ""6.0"": 1.0, ""8.0"": 1.0, ""10.0"": 0.9666666666666667, ""11.0"": 0.9666666666666667, ""12.0"": 0.9333333333333333, ""15.0"": 0.7333333333333333, ""18.0"": 0.03333333333333333}",False,11.0,True,True,False,True,18.0,True,11.0,POSITIVE,1.0,1.0,1.2327383827523068,0.1605928279974905,1.0027777777777778,30,True
TPE-taipei-idx9453-0-1|qp43,TPE-taipei-idx9453-0-1,taipei,TPE,A,residential,3.55,50.0,43.0,12.113,1.0,0.0,0.0,main,"{""1.0"": 1.0, ""2.0"": 1.0, ""3.0"": 1.0, ""4.0"": 1.0, ""5.0"": 1.0, ""6.0"": 1.0, ""8.0"": 1.0, ""10.0"": 0.9666666666666667, ""11.0"": 0.9666666666666667, ""12.0"": 0.9333333333333333, ""15.0"": 0.6666666666666666, ""18.0"": 0.06666666666666667}",False,11.0,True,True,False,True,18.0,True,11.0,POSITIVE,1.0,1.0,1.2286287526324495,0.1648225743348987,0.9990310077519379,30,True
TPE-taipei-idx813-0-1|qp45,TPE-taipei-idx813-0-1,taipei,TPE,A,commercial,2.99,50.0,45.0,15.05,1.0,0.0,0.0,main,"{""1.0"": 1.0, ""2.0"": 1.0, ""3.0"": 1.0, ""4.0"": 1.0, ""5.0"": 1.0, ""6.0"": 1.0, ""8.0"": 1.0, ""10.0"": 0.9666666666666667, ""11.0"": 0.9, ""12.0"": 0.8666666666666667, ""15.0"": 0.13333333333333333}",False,10.0,True,True,True,True,15.0,True,10.0,POSITIVE,1.0,1.0,1.2178948768273123,0.20653126161278557,0.997962962962963,30,True
TPE-taipei-idx9590-0-0|qp51,TPE-taipei-idx9590-0-0,taipei,TPE,A,commercial,2.04,50.0,51.0,25.0,1.0,0.0,0.0,main,"{""1.0"": 0.6}",False,0.0,False,False,True,True,1.0,True,0.0,ZERO,1.0,1.0,1.045704120625813,0.4049125136165598,1.0052287581699346,30,False
TPE-taipei-idx15608-0-1|qp62,TPE-taipei-idx15608-0-1,taipei,TPE,A,commercial,2.48,50.0,62.0,25.0,1.0,0.0,0.0,main,"{""1.0"": 1.0, ""2.0"": 0.9, ""3.0"": 0.7666666666666667, ""4.0"": 0.5666666666666667}",False,1.0,True,True,False,True,4.0,True,1.0,POSITIVE,1.0,1.0,1.152041176566548,0.3634562612007174,1.005510752688172,30,True
TPE-taipei-idx11047-0-0|qp67,TPE-taipei-idx11047-0-0,taipei,TPE,A,commercial,2.69,50.0,67.0,24.907,1.0,0.0,0.0,main,"{""1.0"": 0.9666666666666667, ""2.0"": 0.9333333333333333, ""3.0"": 0.6333333333333333, ""4.0"": 0.3333333333333333}",False,1.0,True,True,False,True,4.0,True,1.0,POSITIVE,1.0,1.0,1.135411826985251,0.36666847377116885,1.0017412935323384,30,True
TPE-taipei-idx813-0-1|qp75,TPE-taipei-idx813-0-1,taipei,TPE,A,commercial,2.99,50.0,75.0,25.084,1.0,0.0,0.0,main,"{""1.0"": 0.9666666666666667, ""2.0"": 0.6666666666666666, ""3.0"": 0.5333333333333333}",False,1.0,True,True,False,True,3.0,True,1.0,POSITIVE,1.0,1.0,1.0640189391034147,0.39360205314010066,1.001111111111111,30,True
TPE-taipei-idx16266-0-0|qp96,TPE-taipei-idx16266-0-0,taipei,TPE,A,MRT-frontage,3.19,50.0,96.0,30.094,1.0,0.0,0.0,main,"{""1.0"": 0.7}",False,0.0,False,False,False,True,1.0,True,0.0,ZERO,1.0,0.9666666666666667,0.8818698833431067,0.5676441135492846,0.9766493055555556,30,False
TPE-taipei-idx16266-0-0|qp144,TPE-taipei-idx16266-0-0,taipei,TPE,A,MRT-frontage,3.19,50.0,144.0,45.141,1.0,0.0,0.0,main,{},False,0.0,False,False,False,False,,True,0.0,ZERO,0.0,0.0,0.2478469305126683,1.6416105015674038,7.7638897592793175,30,False
TAO-taoyuan-idx2361-0-3|qp2,TAO-taoyuan-idx2361-0-3,taoyuan,TAO,C,residential,0.51,50.0,2.0,3.922,1.0,0.0,0.0,main,,False,,False,False,False,True,1.0,True,,OUT_OF_DOMAIN_GEOMETRY,,,,,,30,False
TAO-taoyuan-idx8762-0-0|qp2,TAO-taoyuan-idx8762-0-0,taoyuan,TAO,C,residential,0.43,50.0,2.0,4.651,1.0,0.0,0.0,main,,False,,False,False,False,True,1.0,True,,OUT_OF_DOMAIN_GEOMETRY,,,,,,30,False
TAO-taoyuan-idx8762-0-0|qp5,TAO-taoyuan-idx8762-0-0,taoyuan,TAO,C,residential,0.43,50.0,5.0,11.628,1.0,0.0,0.0,main,,False,,False,False,False,True,1.0,True,,OUT_OF_DOMAIN_GEOMETRY,,,,,,30,False
TAO-taoyuan-idx2361-0-3|qp6,TAO-taoyuan-idx2361-0-3,taoyuan,TAO,C,residential,0.51,50.0,6.0,11.765,1.0,0.0,0.0,main,,False,,False,False,False,True,1.0,True,,OUT_OF_DOMAIN_GEOMETRY,,,,,,30,False
TAO-taoyuan-idx3665-0-0|qp6,TAO-taoyuan-idx3665-0-0,taoyuan,TAO,C,residential,1.2,50.0,6.0,5.0,1.0,0.0,0.0,main,"{""1.0"": 0.0}",False,0.0,False,False,False,True,1.0,True,0.0,ZERO,1.0,1.0,1.300564948868748,0.06482986111111112,0.988888888888889,30,False
TAO-taoyuan-idx6197-0-0|qp6,TAO-taoyuan-idx6197-0-0,taoyuan,TAO,C,residential,1.2,50.0,6.0,5.0,1.0,0.0,0.0,main,"{""1.0"": 0.0}",False,0.0,False,False,False,True,1.0,True,0.0,ZERO,1.0,1.0,1.300083037016656,0.06487962962962965,0.9875,30,False
TAO-taoyuan-idx1898-0-4|qp7,TAO-taoyuan-idx1898-0-4,taoyuan,TAO,C,residential,1.46,50.0,7.0,4.795,1.0,0.0,0.0,main,"{""1.0"": 0.0}",False,0.0,False,False,False,True,1.0,True,0.0,ZERO,1.0,1.0,1.3110980441792655,0.0614963850837131,1.001190476190476,30,False
TAO-taoyuan-idx9342-0-2|qp7,TAO-taoyuan-idx9342-0-2,taoyuan,TAO,C,residential,1.34,50.0,7.0,5.224,1.0,0.0,0.0,main,"{""1.0"": 0.0}",False,0.0,False,False,False,True,1.0,True,0.0,ZERO,1.0,1.0,1.296921564507991,0.06771455223880504,0.9999999999999999,30,False
TAO-taoyuan-idx10181-0-0|qp9,TAO-taoyuan-idx10181-0-0,taoyuan,TAO,A,residential,1.8,50.0,9.0,5.0,1.0,0.0,0.0,main,"{""1.0"": 1.0, ""2.0"": 1.0, ""3.0"": 1.0, ""4.0"": 1.0, ""5.0"": 1.0, ""6.0"": 0.9666666666666667, ""7.0"": 0.9333333333333333, ""8.0"": 0.9, ""10.0"": 0.8666666666666667, ""12.0"": 0.6333333333333333, ""15.0"": 0.3}",False,6.0,True,True,True,True,15.0,True,6.0,POSITIVE,1.0,1.0,1.3175015099797982,0.06397723765432045,1.0,30,True
TAO-taoyuan-idx5160-0-0|qp9,TAO-taoyuan-idx5160-0-0,taoyuan,TAO,A,residential,1.87,50.0,9.0,4.813,1.0,0.0,0.0,main,"{""1.0"": 1.0, ""2.0"": 1.0, ""3.0"": 1.0, ""4.0"": 1.0, ""5.0"": 1.0, ""6.0"": 1.0, ""7.0"": 1.0, ""8.0"": 1.0, ""9.0"": 0.9333333333333333, ""10.0"": 0.9333333333333333, ""12.0"": 0.7666666666666667, ""15.0"": 0.5, ""18.0"": 0.36666666666666664}",False,8.0,True,True,True,True,18.0,True,8.0,POSITIVE,1.0,1.0,1.3162348502114114,0.06161950386215033,1.000925925925926,30,True
TAO-taoyuan-idx3430-0-3|qp10,TAO-taoyuan-idx3430-0-3,taoyuan,TAO,A,residential,2.04,50.0,10.0,4.902,1.0,0.0,0.0,main,"{""1.0"": 1.0, ""2.0"": 1.0, ""3.0"": 1.0, ""4.0"": 1.0, ""5.0"": 1.0, ""6.0"": 1.0, ""8.0"": 1.0, ""9.0"": 1.0, ""10.0"": 0.9333333333333333, ""12.0"": 0.9333333333333333, ""15.0"": 0.7333333333333333, ""18.0"": 0.36666666666666664}",False,9.0,True,True,True,True,18.0,True,9.0,POSITIVE,1.0,1.0,1.316568709012731,0.0626814406318083,1.0050000000000001,30,True
TAO-taoyuan-idx718-0-1|qp10,TAO-taoyuan-idx718-0-1,taoyuan,TAO,A,residential,1.97,50.0,10.0,5.076,1.0,0.0,0.0,main,"{""1.0"": 1.0, ""2.0"": 1.0, ""3.0"": 1.0, ""4.0"": 1.0, ""5.0"": 1.0, ""6.0"": 1.0, ""7.0"": 1.0, ""8.0"": 1.0, ""9.0"": 0.9666666666666667, ""10.0"": 0.9333333333333333, ""12.0"": 0.8666666666666667, ""15.0"": 0.7666666666666667, ""18.0"": 0.36666666666666664}",False,9.0,True,True,True,True,18.0,True,9.0,POSITIVE,1.0,1.0,1.317390789969602,0.06484806824591083,1.0066666666666668,30,True
TAO-taoyuan-idx7044-0-7|qp11,TAO-taoyuan-idx7044-0-7,taoyuan,TAO,A,residential,2.23,50.0,11.0,4.933,1.0,0.0,0.0,main,"{""1.0"": 1.0, ""2.0"": 1.0, ""3.0"": 1.0, ""4.0"": 1.0, ""5.0"": 1.0, ""6.0"": 1.0, ""8.0"": 1.0, ""9.0"": 0.9666666666666667, ""10.0"": 1.0, ""11.0"": 1.0, ""12.0"": 0.9333333333333333, ""15.0"": 0.9333333333333333, ""18.0"": 0.7666666666666667, ""20.0"": 0.6333333333333333}",False,11.0,True,True,True,True,20.0,True,11.0,POSITIVE,1.0,1.0,1.3235872890421343,0.0625193074240142,1.0045454545454546,30,True
TAO-taoyuan-idx3410-0-9|qp12,TAO-taoyuan-idx3410-0-9,taoyuan,TAO,A,residential,2.4,50.0,12.0,5.0,1.0,0.0,0.0,main,"{""1.0"": 1.0, ""2.0"": 1.0, ""3.0"": 1.0, ""4.0"": 1.0, ""5.0"": 1.0, ""6.0"": 1.0, ""8.0"": 1.0, ""9.0"": 1.0, ""10.0"": 1.0, ""12.0"": 1.0, ""13.0"": 0.9666666666666667, ""15.0"": 0.9666666666666667, ""16.0"": 0.9666666666666667, ""17.0"": 0.9333333333333333, ""18.0"": 0.9333333333333333, ""20.0"": 0.8}",False,16.0,True,True,True,True,20.0,True,16.0,POSITIVE,1.0,1.0,1.3239261377177693,0.06312847222222213,1.0006944444444443,30,True
TAO-taoyuan-idx6720-0-3|qp12,TAO-taoyuan-idx6720-0-3,taoyuan,TAO,A,residential,2.3,50.0,12.0,5.217,1.0,0.0,0.0,main,"{""1.0"": 1.0, ""2.0"": 1.0, ""3.0"": 1.0, ""4.0"": 1.0, ""5.0"": 1.0, ""6.0"": 1.0, ""8.0"": 1.0, ""10.0"": 1.0, ""11.0"": 1.0, ""12.0"": 1.0, ""15.0"": 0.9666666666666667, ""16.0"": 0.9333333333333333, ""17.0"": 0.7333333333333333, ""18.0"": 0.8, ""20.0"": 0.43333333333333335}",False,15.0,True,True,True,True,20.0,True,15.0,POSITIVE,1.0,1.0,1.32152286162787,0.06603834541062599,0.9999999999999998,30,True
TAO-taoyuan-idx5379-0-4|qp13,TAO-taoyuan-idx5379-0-4,taoyuan,TAO,A,residential,2.6,50.0,13.0,5.0,1.0,0.0,0.0,main,"{""1.0"": 1.0, ""2.0"": 1.0, ""3.0"": 1.0, ""4.0"": 1.0, ""5.0"": 1.0, ""6.0"": 1.0, ""8.0"": 1.0, ""10.0"": 1.0, ""11.0"": 1.0, ""12.0"": 1.0, ""14.0"": 1.0, ""15.0"": 1.0, ""18.0"": 1.0, ""20.0"": 0.9666666666666667}",False,20.0,False,False,True,True,20.0,True,20.0,CEILING_CENSORED,1.0,1.0,1.3243125477594784,0.0632497329059832,1.0032051282051282,30,False
TAO-taoyuan-idx3665-0-0|qp14,TAO-taoyuan-idx3665-0-0,taoyuan,TAO,C,residential,1.2,50.0,14.0,11.667,1.0,0.0,0.0,main,"{""1.0"": 0.0}",False,0.0,False,False,False,True,1.0,True,0.0,ZERO,1.0,1.0,1.2151459544269645,0.16227025462963077,1.0083333333333333,30,False
TAO-taoyuan-idx6197-0-0|qp14,TAO-taoyuan-idx6197-0-0,taoyuan,TAO,C,residential,1.2,50.0,14.0,11.667,1.0,0.0,0.0,main,"{""1.0"": 0.0}",False,0.0,False,False,False,True,1.0,True,0.0,ZERO,1.0,1.0,1.2147904939290972,0.16230671296296403,1.006547619047619,30,False
TAO-taoyuan-idx158-0-0|qp15,TAO-taoyuan-idx158-0-0,taoyuan,TAO,A,residential,3.0,50.0,15.0,5.0,1.0,0.0,0.0,main,"{""1.0"": 1.0, ""2.0"": 1.0, ""3.0"": 1.0, ""4.0"": 1.0, ""5.0"": 1.0, ""6.0"": 1.0, ""8.0"": 1.0, ""10.0"": 1.0, ""12.0"": 1.0, ""13.0"": 1.0, ""15.0"": 1.0, ""16.0"": 1.0, ""18.0"": 1.0, ""20.0"": 1.0}",False,20.0,False,False,True,True,20.0,True,20.0,CEILING_CENSORED,1.0,1.0,1.3224356042415384,0.06334212962962874,0.9866666666666666,30,False
TAO-taoyuan-idx9038-0-2|qp15,TAO-taoyuan-idx9038-0-2,taoyuan,TAO,A,residential,3.07,50.0,15.0,4.886,1.0,0.0,0.0,main,"{""1.0"": 1.0, ""2.0"": 1.0, ""3.0"": 1.0, ""4.0"": 1.0, ""5.0"": 1.0, ""6.0"": 1.0, ""8.0"": 1.0, ""10.0"": 1.0, ""12.0"": 1.0, ""15.0"": 1.0, ""18.0"": 1.0, ""20.0"": 1.0}",False,20.0,False,False,False,True,20.0,True,20.0,CEILING_CENSORED,1.0,1.0,1.3235864807923134,0.06183541440463257,0.9883333333333333,30,False
TAO-taoyuan-idx9342-0-2|qp16,TAO-taoyuan-idx9342-0-2,taoyuan,TAO,C,residential,1.34,50.0,16.0,11.94,1.0,0.0,0.0,main,"{""1.0"": 0.0}",False,0.0,False,False,False,True,1.0,True,0.0,ZERO,1.0,1.0,1.2575682296112753,0.16069651741293392,0.9979166666666667,30,False
TAO-taoyuan-idx1898-0-4|qp18,TAO-taoyuan-idx1898-0-4,taoyuan,TAO,C,residential,1.46,50.0,18.0,12.329,1.0,0.0,0.0,main,"{""1.0"": 0.0}",False,0.0,False,False,False,True,1.0,True,0.0,ZERO,1.0,1.0,1.2667200347073477,0.16458713850837314,1.001851851851852,30,False
TAO-taoyuan-idx373-0-1|qp18,TAO-taoyuan-idx373-0-1,taoyuan,TAO,C,commercial,1.2,50.0,18.0,15.0,1.0,0.0,0.0,main,"{""1.0"": 0.0}",False,0.0,False,False,False,True,1.0,True,0.0,ZERO,1.0,1.0,1.1746223887156537,0.21646874999999946,1.0032407407407409,30,False
TAO-taoyuan-idx10181-0-0|qp22,TAO-taoyuan-idx10181-0-0,taoyuan,TAO,A,residential,1.8,50.0,22.0,12.222,1.0,0.0,0.0,main,"{""1.0"": 1.0, ""2.0"": 1.0, ""3.0"": 1.0, ""4.0"": 1.0, ""5.0"": 1.0, ""6.0"": 0.9666666666666667, ""7.0"": 0.8333333333333334, ""8.0"": 0.6}",False,6.0,True,True,True,True,8.0,True,6.0,POSITIVE,1.0,1.0,1.2251833660391713,0.1685694444444495,0.9958333333333335,30,True
TAO-taoyuan-idx5160-0-0|qp22,TAO-taoyuan-idx5160-0-0,taoyuan,TAO,A,residential,1.87,50.0,22.0,11.765,1.0,0.0,0.0,main,"{""1.0"": 1.0, ""2.0"": 1.0, ""3.0"": 1.0, ""4.0"": 0.9333333333333333, ""5.0"": 0.9333333333333333, ""6.0"": 0.9666666666666667, ""7.0"": 0.9333333333333333, ""8.0"": 0.6333333333333333, ""10.0"": 0.36666666666666664}",True,6.0,True,True,True,True,10.0,True,6.0,POSITIVE,1.0,1.0,1.2349396180637697,0.1608188502673806,0.9965909090909092,30,True
TAO-taoyuan-idx3430-0-3|qp24,TAO-taoyuan-idx3430-0-3,taoyuan,TAO,A,residential,2.04,50.0,24.0,11.765,1.0,0.0,0.0,main,"{""1.0"": 1.0, ""2.0"": 1.0, ""3.0"": 1.0, ""4.0"": 1.0, ""5.0"": 1.0, ""6.0"": 1.0, ""8.0"": 0.9666666666666667, ""9.0"": 0.7666666666666667, ""10.0"": 0.6, ""12.0"": 0.2}",False,8.0,True,True,True,True,12.0,True,8.0,POSITIVE,1.0,1.0,1.2387846125732933,0.16010314542483542,0.9958333333333333,30,True
TAO-taoyuan-idx718-0-1|qp24,TAO-taoyuan-idx718-0-1,taoyuan,TAO,A,residential,1.97,50.0,24.0,12.183,1.0,0.0,0.0,main,"{""1.0"": 1.0, ""2.0"": 1.0, ""3.0"": 1.0, ""4.0"": 1.0, ""5.0"": 1.0, ""6.0"": 1.0, ""7.0"": 0.9666666666666667, ""8.0"": 0.7666666666666667, ""10.0"": 0.3}",False,7.0,True,True,True,True,10.0,True,7.0,POSITIVE,1.0,1.0,1.2354953430440132,0.1659538917089691,0.9972222222222222,30,True
TAO-taoyuan-idx7044-0-7|qp27,TAO-taoyuan-idx7044-0-7,taoyuan,TAO,A,residential,2.23,50.0,27.0,12.108,1.0,0.0,0.0,main,"{""1.0"": 1.0, ""2.0"": 1.0, ""3.0"": 1.0, ""4.0"": 1.0, ""5.0"": 1.0, ""6.0"": 1.0, ""8.0"": 1.0, ""10.0"": 0.9666666666666667, ""11.0"": 0.8333333333333334, ""12.0"": 0.7, ""15.0"": 0.13333333333333333}",False,10.0,True,True,True,True,15.0,True,10.0,POSITIVE,1.0,1.0,1.2554120563480236,0.16166884653711788,1.0027777777777778,30,True
TAO-taoyuan-idx6720-0-3|qp28,TAO-taoyuan-idx6720-0-3,taoyuan,TAO,A,residential,2.3,50.0,28.0,12.174,1.0,0.0,0.0,main,"{""1.0"": 1.0, ""2.0"": 1.0, ""3.0"": 1.0, ""4.0"": 1.0, ""5.0"": 1.0, ""6.0"": 1.0, ""8.0"": 1.0, ""10.0"": 0.9666666666666667, ""11.0"": 0.9333333333333333, ""12.0"": 0.8, ""15.0"": 0.3333333333333333}",False,10.0,True,True,True,True,15.0,True,10.0,POSITIVE,1.0,1.0,1.2598004869567003,0.16200150966183507,0.9970238095238096,30,True
TAO-taoyuan-idx3410-0-9|qp29,TAO-taoyuan-idx3410-0-9,taoyuan,TAO,A,residential,2.4,50.0,29.0,12.083,1.0,0.0,0.0,main,"{""1.0"": 1.0, ""2.0"": 1.0, ""3.0"": 1.0, ""4.0"": 1.0, ""5.0"": 1.0, ""6.0"": 1.0, ""8.0"": 1.0, ""10.0"": 1.0, ""11.0"": 0.9666666666666667, ""12.0"": 0.9, ""15.0"": 0.6, ""18.0"": 0.2}",False,11.0,True,True,True,True,18.0,True,11.0,POSITIVE,1.0,1.0,1.2598499788695923,0.16046903935185186,0.9985632183908048,30,True
TAO-taoyuan-idx373-0-1|qp30,TAO-taoyuan-idx373-0-1,taoyuan,TAO,C,commercial,1.2,50.0,30.0,25.0,1.0,0.0,0.0,main,"{""1.0"": 0.0}",False,0.0,False,False,False,True,1.0,True,0.0,ZERO,1.0,1.0,1.0595699188117356,0.3998674768518517,0.9966666666666667,30,False
TAO-taoyuan-idx5379-0-4|qp31,TAO-taoyuan-idx5379-0-4,taoyuan,TAO,A,residential,2.6,50.0,31.0,11.923,1.0,0.0,0.0,main,"{""1.0"": 1.0, ""2.0"": 1.0, ""3.0"": 1.0, ""4.0"": 1.0, ""5.0"": 1.0, ""6.0"": 1.0, ""8.0"": 1.0, ""10.0"": 1.0, ""12.0"": 0.9666666666666667, ""13.0"": 0.9333333333333333, ""14.0"": 0.9, ""15.0"": 0.9, ""18.0"": 0.6333333333333333, ""20.0"": 0.3}",False,12.0,True,True,True,True,20.0,True,12.0,POSITIVE,1.0,1.0,1.2630217979951863,0.15789716880341487,1.0040322580645162,30,True
TAO-taoyuan-idx578-0-8|qp34,TAO-taoyuan-idx578-0-8,taoyuan,TAO,A,commercial,2.28,50.0,34.0,14.912,1.0,0.0,0.0,main,"{""1.0"": 1.0, ""2.0"": 1.0, ""3.0"": 1.0, ""4.0"": 1.0, ""5.0"": 1.0, ""6.0"": 1.0, ""8.0"": 0.9666666666666667, ""9.0"": 0.9333333333333333, ""10.0"": 0.8666666666666667, ""12.0"": 0.6333333333333333, ""15.0"": 0.2}",False,8.0,True,True,True,True,15.0,True,8.0,POSITIVE,1.0,1.0,1.2236530613627017,0.20440667641325888,0.9946078431372548,30,True
TAO-taoyuan-idx531-0-1|qp35,TAO-taoyuan-idx531-0-1,taoyuan,TAO,A,residential,6.92,50.0,35.0,5.058,1.0,0.0,0.0,main,"{""1.0"": 1.0, ""2.0"": 1.0, ""3.0"": 1.0, ""4.0"": 1.0, ""5.0"": 1.0, ""6.0"": 1.0, ""8.0"": 1.0, ""10.0"": 1.0, ""12.0"": 1.0, ""13.0"": 0.9666666666666667, ""14.0"": 0.9333333333333333, ""15.0"": 0.9333333333333333, ""18.0"": 0.6666666666666666, ""20.0"": 0.43333333333333335}",False,13.0,True,True,False,True,20.0,True,13.0,POSITIVE,1.0,1.0,1.257301965345523,0.06720546323057061,0.9976190476190477,30,True
TAO-taoyuan-idx158-0-0|qp36,TAO-taoyuan-idx158-0-0,taoyuan,TAO,A,residential,3.0,50.0,36.0,12.0,1.0,0.0,0.0,main,"{""1.0"": 1.0, ""2.0"": 1.0, ""3.0"": 1.0, ""4.0"": 1.0, ""5.0"": 1.0, ""6.0"": 1.0, ""8.0"": 1.0, ""10.0"": 1.0, ""11.0"": 1.0, ""12.0"": 0.9333333333333333, ""15.0"": 0.8, ""18.0"": 0.36666666666666664}",False,11.0,True,True,True,True,18.0,True,11.0,POSITIVE,1.0,1.0,1.253589780558996,0.1600692129629621,1.0039351851851852,30,True
TAO-taoyuan-idx9038-0-2|qp37,TAO-taoyuan-idx9038-0-2,taoyuan,TAO,A,residential,3.07,50.0,37.0,12.052,1.0,0.0,0.0,main,"{""1.0"": 1.0, ""2.0"": 1.0, ""3.0"": 1.0, ""4.0"": 1.0, ""5.0"": 1.0, ""6.0"": 1.0, ""8.0"": 1.0, ""10.0"": 1.0, ""12.0"": 0.9666666666666667, ""13.0"": 0.9666666666666667, ""14.0"": 0.9333333333333333, ""15.0"": 0.7666666666666667, ""18.0"": 0.26666666666666666}",False,13.0,True,True,False,True,18.0,True,13.0,POSITIVE,1.0,1.0,1.2504004029571576,0.16118259138617227,0.9972972972972974,30,True
TAO-taoyuan-idx578-0-8|qp57,TAO-taoyuan-idx578-0-8,taoyuan,TAO,A,commercial,2.28,50.0,57.0,25.0,1.0,0.0,0.0,main,"{""1.0"": 1.0, ""2.0"": 0.9333333333333333, ""3.0"": 0.8666666666666667, ""4.0"": 0.6, ""5.0"": 0.2}",False,1.0,True,True,True,True,5.0,True,1.0,POSITIVE,1.0,1.0,1.1239383388520352,0.3733972953216387,1.0080409356725146,30,True
TAO-taoyuan-idx6656-0-0|qp75,TAO-taoyuan-idx6656-0-0,taoyuan,TAO,A,commercial,5.0,50.0,75.0,15.0,1.0,0.0,0.0,main,,False,,False,False,False,False,,False,,TECHNICAL_INVALID,,,,,,0,False
TAO-taoyuan-idx531-0-1|qp83,TAO-taoyuan-idx531-0-1,taoyuan,TAO,A,residential,6.92,50.0,83.0,11.994,1.0,0.0,0.0,main,"{""1.0"": 1.0, ""2.0"": 1.0, ""3.0"": 1.0, ""4.0"": 1.0, ""5.0"": 1.0, ""6.0"": 1.0, ""8.0"": 0.9666666666666667, ""10.0"": 0.9666666666666667, ""11.0"": 0.9666666666666667, ""12.0"": 0.8666666666666667, ""15.0"": 0.7666666666666667, ""18.0"": 0.5666666666666667, ""20.0"": 0.7}",False,11.0,True,True,False,True,20.0,True,11.0,POSITIVE,1.0,1.0,1.0013478825957722,0.19826880619781548,0.9921686746987952,30,True
TAO-taoyuan-idx6656-0-0|qp125,TAO-taoyuan-idx6656-0-0,taoyuan,TAO,A,commercial,5.0,50.0,125.0,25.0,1.0,0.0,0.0,main,,False,,False,False,False,False,,False,,TECHNICAL_INVALID,,,,,,0,False
DC-018|qp11.6,AMS-amsterdam-chain-77474-550,amsterdam,AMS,C,residential,0.643,50.0,11.6,18.04,1.0003,4.3,6.0,decoupled,,False,,False,False,False,False,,True,,OUT_OF_DOMAIN_GEOMETRY,,,,,,30,False
DC-019|qp15.4,AMS-amsterdam-chain-77474-550,amsterdam,AMS,C,residential,0.643,50.0,15.4,23.95,1.0003,4.3,6.0,decoupled,,False,,False,False,False,False,,True,,OUT_OF_DOMAIN_GEOMETRY,,,,,,30,False
DC-021|qp16.4,AMS-amsterdam-chain-75190-0,amsterdam,AMS,C,residential,0.91,50.0,16.4,18.022,1.0001,2.4,2.4,decoupled,,False,,False,False,False,False,,True,,OUT_OF_DOMAIN_GEOMETRY,,,,,,30,False
DC-020|qp19.3,AMS-amsterdam-chain-77474-550,amsterdam,AMS,C,residential,0.643,50.0,19.3,30.016,1.0003,4.3,6.0,decoupled,,False,,False,False,False,False,,True,,OUT_OF_DOMAIN_GEOMETRY,,,,,,30,False
DC-022|qp21.8,AMS-amsterdam-chain-75190-0,amsterdam,AMS,C,residential,0.91,50.0,21.8,23.956,1.0001,2.4,2.4,decoupled,,False,,False,False,False,False,,True,,OUT_OF_DOMAIN_GEOMETRY,,,,,,30,False
DC-023|qp27.3,AMS-amsterdam-chain-75190-0,amsterdam,AMS,C,residential,0.91,50.0,27.3,30.0,1.0001,2.4,2.4,decoupled,,False,,False,False,False,False,,True,,OUT_OF_DOMAIN_GEOMETRY,,,,,,30,False
DC-024|qp35.3,AMS-amsterdam-chain-173340-0,amsterdam,AMS,B,residential,1.96,50.0,35.3,18.01,1.3994,48.8,77.7,decoupled,{},False,0.0,False,False,False,False,,True,0.0,ZERO,0.0,0.0,0.0,0.0,0.0,30,False
DC-027|qp35.4,AMS-amsterdam-chain-3511-0,amsterdam,AMS,B,residential,1.969,50.0,35.4,17.979,1.3121,65.7,189.6,decoupled,{},False,0.0,False,False,False,False,,True,0.0,ZERO,0.0,0.0,0.0,0.0,0.0,30,False
DC-025|qp47.0,AMS-amsterdam-chain-173340-0,amsterdam,AMS,B,residential,1.96,50.0,47.0,23.98,1.3994,48.8,77.7,decoupled,{},False,0.0,False,False,False,False,,True,0.0,ZERO,0.0,0.0,0.0,0.0,0.0,30,False
DC-028|qp47.3,AMS-amsterdam-chain-3511-0,amsterdam,AMS,B,residential,1.969,50.0,47.3,24.022,1.3121,65.7,189.6,decoupled,{},False,0.0,False,False,False,False,,True,0.0,ZERO,0.0,0.0,0.0,0.0,0.0,30,False
DC-030|qp50.3,AMS-amsterdam-chain-22812-0,amsterdam,AMS,B,residential,2.796,50.0,50.3,17.99,1.0839,60.2,155.3,decoupled,"{""1.0"": 1.0, ""2.0"": 1.0, ""3.0"": 0.9666666666666667, ""4.0"": 1.0, ""5.0"": 0.9, ""6.0"": 0.7333333333333333, ""8.0"": 0.1}",False,4.0,True,True,False,True,8.0,True,4.0,POSITIVE,1.0,1.0,1.1762912462053035,0.2565102924813229,0.9983630363036303,30,True
DC-026|qp58.8,AMS-amsterdam-chain-173340-0,amsterdam,AMS,B,residential,1.96,50.0,58.8,30.0,1.3994,48.8,77.7,decoupled,{},False,0.0,False,False,False,False,,True,0.0,ZERO,0.0,0.0,0.0,0.0,0.0,30,False
DC-029|qp59.1,AMS-amsterdam-chain-3511-0,amsterdam,AMS,B,residential,1.969,50.0,59.1,30.015,1.3121,65.7,189.6,decoupled,{},False,0.0,False,False,False,False,,True,0.0,ZERO,0.0,0.0,0.0,0.0,0.0,30,False
DC-033|qp65.7,AMS-amsterdam-chain-142287-0,amsterdam,AMS,B,residential,3.651,50.0,65.7,17.995,1.0464,29.2,117.5,decoupled,{},False,0.0,False,False,False,False,,True,0.0,ZERO,0.0,0.0,0.0,0.0,0.0,30,False
DC-031|qp67.1,AMS-amsterdam-chain-22812-0,amsterdam,AMS,B,residential,2.796,50.0,67.1,23.999,1.0839,60.2,155.3,decoupled,{},False,0.0,False,False,False,False,,True,0.0,ZERO,0.0,0.5,0.7975699463608191,0.45678946113495206,1.2405873878204203,30,False
DC-032|qp83.9,AMS-amsterdam-chain-22812-0,amsterdam,AMS,B,residential,2.796,50.0,83.9,30.007,1.0839,60.2,155.3,decoupled,{},False,0.0,False,False,False,False,,True,0.0,ZERO,0.0,0.0,0.25042516762557265,1.1267154963439847,7.636327404025173,30,False
DC-034|qp87.6,AMS-amsterdam-chain-142287-0,amsterdam,AMS,B,residential,3.651,50.0,87.6,23.993,1.0464,29.2,117.5,decoupled,{},False,0.0,False,False,False,False,,True,0.0,ZERO,0.0,0.0,0.0,0.0,0.0,30,False
DC-035|qp109.5,AMS-amsterdam-chain-142287-0,amsterdam,AMS,B,residential,3.651,50.0,109.5,29.992,1.0464,29.2,117.5,decoupled,{},False,0.0,False,False,False,False,,True,0.0,ZERO,0.0,0.0,0.0,0.0,0.0,30,False
DC-036|qp3.8,MEL-melbourne-RPSP1011231-0-5,melbourne,MEL,C,residential,0.209,50.0,3.8,18.182,1.0,0.0,0.0,decoupled,,False,,False,False,False,True,1.0,True,,OUT_OF_DOMAIN_GEOMETRY,,,,,,30,False
DC-037|qp5.0,MEL-melbourne-RPSP1011231-0-5,melbourne,MEL,C,residential,0.209,50.0,5.0,23.923,1.0,0.0,0.0,decoupled,,False,,False,False,False,True,1.0,True,,OUT_OF_DOMAIN_GEOMETRY,,,,,,30,False
DC-039|qp5.5,MEL-melbourne-RPSP03A13291L1-0-0,melbourne,MEL,C,commercial,0.305,50.0,5.5,18.033,1.0,0.0,0.0,decoupled,,False,,False,False,False,True,1.0,True,,OUT_OF_DOMAIN_GEOMETRY,,,,,,30,False
DC-038|qp6.3,MEL-melbourne-RPSP1011231-0-5,melbourne,MEL,C,residential,0.209,50.0,6.3,30.144,1.0,0.0,0.0,decoupled,,False,,False,False,False,True,1.0,True,,OUT_OF_DOMAIN_GEOMETRY,,,,,,30,False
DC-040|qp7.3,MEL-melbourne-RPSP03A13291L1-0-0,melbourne,MEL,C,commercial,0.305,50.0,7.3,23.934,1.0,0.0,0.0,decoupled,,False,,False,False,False,True,1.0,True,,OUT_OF_DOMAIN_GEOMETRY,,,,,,30,False
DC-041|qp9.2,MEL-melbourne-RPSP03A13291L1-0-0,melbourne,MEL,C,commercial,0.305,50.0,9.2,30.164,1.0,0.0,0.0,decoupled,,False,,False,False,False,True,1.0,True,,OUT_OF_DOMAIN_GEOMETRY,,,,,,30,False
DC-042|qp30.5,MEL-melbourne-1389612-0-2,melbourne,MEL,A,residential,1.697,50.0,30.5,17.973,1.0,0.0,0.0,decoupled,"{""1.0"": 1.0, ""2.0"": 0.9, ""3.0"": 0.6666666666666666}",False,1.0,True,True,True,True,3.0,True,1.0,POSITIVE,1.0,1.0,1.1520433363670302,0.2648718326458355,1.0046448087431694,30,True
DC-045|qp31.5,MEL-melbourne-1465622-0-2,melbourne,MEL,A,residential,1.749,50.0,31.5,18.01,1.0,0.0,0.0,decoupled,"{""1.0"": 1.0, ""2.0"": 0.8666666666666667, ""3.0"": 0.8666666666666667, ""4.0"": 0.8, ""5.0"": 0.6333333333333333}",False,1.0,True,True,True,True,5.0,True,1.0,POSITIVE,1.0,1.0,1.1584073670435566,0.2634028968934567,0.9978835978835979,30,True
DC-043|qp40.7,MEL-melbourne-1389612-0-2,melbourne,MEL,A,residential,1.697,50.0,40.7,23.984,1.0,0.0,0.0,decoupled,"{""1.0"": 0.8333333333333334, ""2.0"": 0.6333333333333333}",False,0.0,False,False,True,True,2.0,True,0.0,ZERO,0.0,0.9333333333333333,1.007713826477867,0.41555440974267144,0.99230081300813,30,False
DC-046|qp42.0,MEL-melbourne-1465622-0-2,melbourne,MEL,A,residential,1.749,50.0,42.0,24.014,1.0,0.0,0.0,decoupled,"{""1.0"": 0.8333333333333334, ""2.0"": 0.6666666666666666}",False,0.0,False,False,True,True,2.0,True,0.0,ZERO,1.0,1.0,1.0569349559866514,0.3849159837367314,0.9986111111111112,30,False
DC-048|qp49.0,MEL-melbourne-1389823-0-3,melbourne,MEL,A,residential,2.722,50.0,49.0,18.001,1.0,0.0,0.0,decoupled,"{""1.0"": 1.0, ""2.0"": 1.0, ""3.0"": 1.0, ""4.0"": 1.0, ""5.0"": 1.0, ""6.0"": 1.0, ""8.0"": 1.0, ""9.0"": 0.9, ""10.0"": 0.7333333333333333, ""12.0"": 0.2}",False,8.0,True,True,True,True,12.0,True,8.0,POSITIVE,1.0,1.0,1.2002114994172461,0.25064622622254734,1.0028911564625849,30,True
DC-044|qp50.9,MEL-melbourne-1389612-0-2,melbourne,MEL,A,residential,1.697,50.0,50.9,29.994,1.0,0.0,0.0,decoupled,"{""1.0"": 0.23333333333333334}",False,0.0,False,False,True,True,1.0,True,0.0,ZERO,0.0,0.5666666666666667,0.7000163399783581,0.8048504714201343,1.0745016260000473,30,False
DC-047|qp52.5,MEL-melbourne-1465622-0-2,melbourne,MEL,A,residential,1.749,50.0,52.5,30.017,1.0,0.0,0.0,decoupled,"{""1.0"": 0.6333333333333333}",False,0.0,False,False,True,True,1.0,True,0.0,ZERO,1.0,0.9666666666666667,0.9023398343798115,0.5744294358681085,0.9984609202330721,30,False
DC-051|qp65.0,MEL-melbourne-RPSP03A10530L1-0-0,melbourne,MEL,A,commercial,3.609,50.0,65.0,18.011,1.0,0.0,0.0,decoupled,"{""1.0"": 1.0, ""2.0"": 1.0, ""3.0"": 1.0, ""4.0"": 1.0, ""5.0"": 1.0, ""6.0"": 1.0, ""7.0"": 0.8333333333333334, ""8.0"": 0.6, ""10.0"": 0.16666666666666666}",False,6.0,True,True,False,True,10.0,True,6.0,POSITIVE,1.0,1.0,1.1496322432943749,0.2612246390197333,0.9961538461538463,30,True
DC-049|qp65.3,MEL-melbourne-1389823-0-3,melbourne,MEL,A,residential,2.722,50.0,65.3,23.99,1.0,0.0,0.0,decoupled,"{""1.0"": 0.9333333333333333, ""2.0"": 0.8333333333333334, ""3.0"": 0.8333333333333334, ""4.0"": 0.5}",False,0.0,False,False,False,True,4.0,True,0.0,ZERO,1.0,1.0,1.1362039931951733,0.3523468752551213,1.0051282051282049,30,False
DC-050|qp81.7,MEL-melbourne-1389823-0-3,melbourne,MEL,A,residential,2.722,50.0,81.7,30.015,1.0,0.0,0.0,decoupled,"{""1.0"": 0.3333333333333333}",False,0.0,False,False,False,True,1.0,True,0.0,ZERO,0.0,0.9,0.9437741020882072,0.5285911094783253,0.9761758691206545,30,False
DC-052|qp86.6,MEL-melbourne-RPSP03A10530L1-0-0,melbourne,MEL,A,commercial,3.609,50.0,86.6,23.996,1.0,0.0,0.0,decoupled,"{""1.0"": 1.0, ""2.0"": 0.9666666666666667, ""3.0"": 0.9666666666666667, ""4.0"": 0.9333333333333333, ""5.0"": 0.7666666666666667, ""6.0"": 0.8, ""8.0"": 0.23333333333333334}",False,3.0,True,True,False,True,8.0,True,3.0,POSITIVE,1.0,1.0,0.9700226304543825,0.4100195114066663,0.9837186897880539,30,True
DC-053|qp108.3,MEL-melbourne-RPSP03A10530L1-0-0,melbourne,MEL,A,commercial,3.609,50.0,108.3,30.008,1.0,0.0,0.0,decoupled,"{""1.0"": 0.7}",False,0.0,False,False,False,True,1.0,True,0.0,ZERO,1.0,0.9666666666666667,0.888041037349966,0.5615111526738684,0.9832561728395064,30,False
DC-072|qp20.2,NTP-newtaipei-idx12919-0-1,newtaipei,NTP,C,residential,1.12,50.0,20.2,18.036,1.0,0.0,0.0,decoupled,"{""1.0"": 0.0}",False,0.0,False,False,False,True,1.0,True,0.0,ZERO,1.0,1.0,1.0043125010685285,0.3044010416666669,0.9808943089430895,30,False
DC-075|qp25.2,NTP-newtaipei-idx3916-0-1,newtaipei,NTP,C,MRT-frontage,1.4,50.0,25.2,18.0,1.0,0.0,0.0,decoupled,"{""1.0"": 0.0}",False,0.0,False,False,False,True,1.0,True,0.0,ZERO,1.0,1.0,1.2193748131781759,0.24941765873015895,0.983986928104575,30,False
DC-073|qp26.9,NTP-newtaipei-idx12919-0-1,newtaipei,NTP,C,residential,1.12,50.0,26.9,24.018,1.0,0.0,0.0,decoupled,"{""1.0"": 0.0}",False,0.0,False,False,False,True,1.0,True,0.0,ZERO,1.0,1.0,0.9001379068769505,0.45209883432539477,0.9854938271604939,30,False
DC-078|qp30.8,NTP-newtaipei-idx13776-0-2,newtaipei,NTP,A,residential,1.71,50.0,30.8,18.012,1.0,0.0,0.0,decoupled,"{""1.0"": 1.0, ""2.0"": 0.9666666666666667, ""3.0"": 0.9666666666666667, ""4.0"": 0.8}",False,3.0,True,True,True,True,4.0,True,3.0,POSITIVE,1.0,1.0,1.1571805437473912,0.2639152858999327,0.996505376344086,30,True
DC-081|qp31.3,NTP-newtaipei-idx6919-0-0,newtaipei,NTP,A,residential,1.74,50.0,31.3,17.989,1.0,0.0,0.0,decoupled,"{""1.0"": 1.0, ""2.0"": 0.9666666666666667, ""3.0"": 0.8666666666666667, ""4.0"": 0.7}",False,2.0,True,True,True,True,4.0,True,2.0,POSITIVE,1.0,1.0,1.1634553964998977,0.26230803001276926,1.0120967741935483,30,True
DC-074|qp33.6,NTP-newtaipei-idx12919-0-1,newtaipei,NTP,C,residential,1.12,50.0,33.6,30.0,1.0,0.0,0.0,decoupled,"{""1.0"": 0.0}",False,0.0,False,False,False,True,1.0,True,0.0,ZERO,1.0,1.0,0.7941779719813528,0.6365978422619062,0.9651960784313726,30,False
DC-076|qp33.6,NTP-newtaipei-idx3916-0-1,newtaipei,NTP,C,MRT-frontage,1.4,50.0,33.6,24.0,1.0,0.0,0.0,decoupled,"{""1.0"": 0.0}",False,0.0,False,False,False,True,1.0,True,0.0,ZERO,1.0,1.0,1.1384554626604904,0.35641121031746065,0.9850490196078431,30,False
DC-079|qp41.0,NTP-newtaipei-idx13776-0-2,newtaipei,NTP,A,residential,1.71,50.0,41.0,23.977,1.0,0.0,0.0,decoupled,"{""1.0"": 0.7666666666666667, ""2.0"": 0.6666666666666666}",False,0.0,False,False,True,True,2.0,True,0.0,ZERO,1.0,0.9666666666666667,1.0354374628611664,0.3931652046783615,1.0034806910569105,30,False
DC-082|qp41.8,NTP-newtaipei-idx6919-0-0,newtaipei,NTP,A,residential,1.74,50.0,41.8,24.023,1.0,0.0,0.0,decoupled,"{""1.0"": 0.7, ""2.0"": 0.4666666666666667}",False,0.0,False,False,True,True,2.0,True,0.0,ZERO,1.0,0.9666666666666667,1.043731258928248,0.3910612228607928,0.9932539682539685,30,False
DC-077|qp42.0,NTP-newtaipei-idx3916-0-1,newtaipei,NTP,C,MRT-frontage,1.4,50.0,42.0,30.0,1.0,0.0,0.0,decoupled,"{""1.0"": 0.0}",False,0.0,False,False,False,True,1.0,True,0.0,ZERO,1.0,1.0,1.0481889701489189,0.48379216269841346,1.001388888888889,30,False
DC-084|qp44.3,NTP-newtaipei-idx251-0-0,newtaipei,NTP,A,residential,2.46,50.0,44.3,18.008,1.0,0.0,0.0,decoupled,"{""1.0"": 1.0, ""2.0"": 1.0, ""3.0"": 1.0, ""4.0"": 1.0, ""5.0"": 1.0, ""6.0"": 1.0, ""8.0"": 1.0, ""9.0"": 0.9666666666666667, ""10.0"": 0.7666666666666667, ""12.0"": 0.4}",False,9.0,True,True,True,True,12.0,True,9.0,POSITIVE,1.0,1.0,1.2042275813726382,0.25018772583559395,0.9923220973782773,30,True
DC-080|qp51.3,NTP-newtaipei-idx13776-0-2,newtaipei,NTP,A,residential,1.71,50.0,51.3,30.0,1.0,0.0,0.0,decoupled,"{""1.0"": 0.5}",False,0.0,False,False,True,True,1.0,True,0.0,ZERO,0.0,0.6333333333333333,0.7707960743936584,0.7242698180636791,1.0891238572138924,30,False
DC-083|qp52.2,NTP-newtaipei-idx6919-0-0,newtaipei,NTP,A,residential,1.74,50.0,52.2,30.0,1.0,0.0,0.0,decoupled,"{""1.0"": 0.4}",False,0.0,False,False,True,True,1.0,True,0.0,ZERO,0.0,0.8,0.8769067082580452,0.5803839399744565,1.0443673647076521,30,False
DC-085|qp59.0,NTP-newtaipei-idx251-0-0,newtaipei,NTP,A,residential,2.46,50.0,59.0,23.984,1.0,0.0,0.0,decoupled,"{""1.0"": 1.0, ""2.0"": 1.0, ""3.0"": 0.8666666666666667, ""4.0"": 0.8, ""5.0"": 0.5333333333333333}",False,2.0,True,True,True,True,5.0,True,2.0,POSITIVE,1.0,1.0,1.1572116468099067,0.3465370934959372,1.0087570621468926,30,True
DC-086|qp73.8,NTP-newtaipei-idx251-0-0,newtaipei,NTP,A,residential,2.46,50.0,73.8,30.0,1.0,0.0,0.0,decoupled,"{""1.0"": 0.4}",False,0.0,False,False,False,True,1.0,True,0.0,ZERO,1.0,1.0,1.076927568761974,0.46643716124661505,1.0072072072072071,30,False
DC-087|qp89.6,NTP-newtaipei-idx11808-0-1,newtaipei,NTP,A,residential,4.98,50.0,89.6,17.992,1.0,0.0,0.0,decoupled,"{""1.0"": 1.0, ""2.0"": 0.9666666666666667, ""3.0"": 1.0, ""4.0"": 1.0, ""5.0"": 1.0, ""6.0"": 0.9666666666666667, ""7.0"": 1.0, ""8.0"": 0.9, ""10.0"": 0.9333333333333333, ""12.0"": 0.7666666666666667, ""15.0"": 0.7, ""18.0"": 0.23333333333333334}",False,7.0,True,True,False,True,18.0,True,7.0,POSITIVE,1.0,1.0,0.9815522882902339,0.3039102242302647,0.9909683426443203,30,True
DC-088|qp119.5,NTP-newtaipei-idx11808-0-1,newtaipei,NTP,A,residential,4.98,50.0,119.5,23.996,1.0,0.0,0.0,decoupled,"{""1.0"": 0.9, ""2.0"": 0.8666666666666667, ""3.0"": 0.8, ""4.0"": 0.7333333333333333, ""5.0"": 0.5333333333333333, ""6.0"": 0.6333333333333333, ""8.0"": 0.3}",False,0.0,False,False,False,True,8.0,True,0.0,ZERO,0.0,0.9333333333333333,0.9518499980040275,0.41957719767960194,0.9847977684797767,30,False
DC-089|qp149.4,NTP-newtaipei-idx11808-0-1,newtaipei,NTP,A,residential,4.98,50.0,149.4,30.0,1.0,0.0,0.0,decoupled,"{""1.0"": 0.6333333333333333, ""2.0"": 0.4666666666666667, ""3.0"": 0.6333333333333333, ""4.0"": 0.6, ""5.0"": 0.5}",False,0.0,False,False,False,True,5.0,True,0.0,ZERO,0.0,0.6,0.7617863143728031,0.641501422356093,0.9088628762541807,30,False
DC-000|qp13.7,NYC-nyc-10517-0-3,nyc,NYC,C,residential,0.762,50.0,13.7,17.979,1.0,0.0,0.0,decoupled,,False,,False,False,False,False,,True,,OUT_OF_DOMAIN_GEOMETRY,,,,,,30,False
DC-003|qp15.4,NYC-nyc-53282-0-0,nyc,NYC,C,residential,0.853,50.0,15.4,18.054,1.0,0.0,0.0,decoupled,,False,,False,False,False,False,,True,,OUT_OF_DOMAIN_GEOMETRY,,,,,,30,False
DC-001|qp18.3,NYC-nyc-10517-0-3,nyc,NYC,C,residential,0.762,50.0,18.3,24.016,1.0,0.0,0.0,decoupled,,False,,False,False,False,False,,True,,OUT_OF_DOMAIN_GEOMETRY,,,,,,30,False
DC-004|qp20.5,NYC-nyc-53282-0-0,nyc,NYC,C,residential,0.853,50.0,20.5,24.033,1.0,0.0,0.0,decoupled,,False,,False,False,False,False,,True,,OUT_OF_DOMAIN_GEOMETRY,,,,,,30,False
DC-002|qp22.9,NYC-nyc-10517-0-3,nyc,NYC,C,residential,0.762,50.0,22.9,30.052,1.0,0.0,0.0,decoupled,,False,,False,False,False,False,,True,,OUT_OF_DOMAIN_GEOMETRY,,,,,,30,False
DC-005|qp25.6,NYC-nyc-53282-0-0,nyc,NYC,C,residential,0.853,50.0,25.6,30.012,1.0,0.0,0.0,decoupled,,False,,False,False,False,False,,True,,OUT_OF_DOMAIN_GEOMETRY,,,,,,30,False
DC-006|qp30.2,NYC-nyc-46079-0-1,nyc,NYC,A,residential,1.676,50.0,30.2,18.019,1.0,0.0,0.0,decoupled,"{""1.0"": 0.9666666666666667, ""2.0"": 0.9333333333333333, ""3.0"": 0.9333333333333333, ""4.0"": 0.6666666666666666, ""5.0"": 0.43333333333333335}",False,1.0,True,True,True,True,5.0,True,1.0,POSITIVE,1.0,1.0,1.1798168062364758,0.2584584659241605,1.0055555555555558,30,True
DC-009|qp30.7,NYC-nyc-110605-0-2,nyc,NYC,A,residential,1.707,50.0,30.7,17.985,1.0,0.0,0.0,decoupled,"{""1.0"": 1.0, ""2.0"": 0.9666666666666667, ""3.0"": 0.8666666666666667, ""4.0"": 0.8}",False,2.0,True,True,True,True,4.0,True,2.0,POSITIVE,1.0,1.0,1.1775718161590933,0.25821820282497393,1.0136612021857923,30,True
DC-007|qp40.2,NYC-nyc-46079-0-1,nyc,NYC,A,residential,1.676,50.0,40.2,23.986,1.0,0.0,0.0,decoupled,"{""1.0"": 0.8333333333333334}",False,0.0,False,False,True,True,1.0,True,0.0,ZERO,1.0,0.9666666666666667,1.0453139058469099,0.40252668390347696,1.0240901360544217,30,False
DC-010|qp41.0,NYC-nyc-110605-0-2,nyc,NYC,A,residential,1.707,50.0,41.0,24.019,1.0,0.0,0.0,decoupled,"{""1.0"": 0.9, ""2.0"": 0.7}",False,0.0,False,False,True,True,2.0,True,0.0,ZERO,0.0,0.9333333333333333,1.0399477910361976,0.3914734264141116,0.9945121951219513,30,False
DC-012|qp43.3,NYC-nyc-17655-0-0,nyc,NYC,A,residential,2.408,50.0,43.3,17.982,1.0,0.0,0.0,decoupled,"{""1.0"": 1.0, ""2.0"": 1.0, ""3.0"": 1.0, ""4.0"": 1.0, ""5.0"": 0.9666666666666667, ""6.0"": 1.0, ""7.0"": 1.0, ""8.0"": 0.9333333333333333, ""10.0"": 0.9, ""12.0"": 0.43333333333333335}",False,7.0,True,True,True,True,12.0,True,7.0,POSITIVE,1.0,1.0,1.2009122896604567,0.250830564784051,1.006201550387597,30,True
DC-008|qp50.3,NYC-nyc-46079-0-1,nyc,NYC,A,residential,1.676,50.0,50.3,30.012,1.0,0.0,0.0,decoupled,"{""1.0"": 0.6}",False,0.0,False,False,True,True,1.0,True,0.0,ZERO,0.0,0.6333333333333333,0.8040502908212925,0.6763238365155163,1.1827602568731739,30,False
DC-011|qp51.2,NYC-nyc-110605-0-2,nyc,NYC,A,residential,1.707,50.0,51.2,29.994,1.0,0.0,0.0,decoupled,"{""1.0"": 0.5666666666666667}",False,0.0,False,False,True,True,1.0,True,0.0,ZERO,0.0,0.7333333333333333,0.8422808869172688,0.6332454598711227,1.1003259346547154,30,False
DC-013|qp57.8,NYC-nyc-17655-0-0,nyc,NYC,A,residential,2.408,50.0,57.8,24.003,1.0,0.0,0.0,decoupled,"{""1.0"": 0.9666666666666667, ""2.0"": 0.9666666666666667, ""3.0"": 0.8333333333333334, ""4.0"": 0.7333333333333333}",False,2.0,True,True,True,True,4.0,True,2.0,POSITIVE,1.0,1.0,1.154117523438358,0.34774766980435456,1.009710144927536,30,True
DC-015|qp66.9,NYC-nyc-9648-0-0,nyc,NYC,A,residential,3.719,50.0,66.9,17.989,1.0,0.0,0.0,decoupled,"{""1.0"": 1.0, ""2.0"": 1.0, ""3.0"": 1.0, ""4.0"": 0.9666666666666667, ""5.0"": 1.0, ""6.0"": 0.9666666666666667, ""7.0"": 0.6333333333333333, ""8.0"": 0.6666666666666666, ""10.0"": 0.3333333333333333}",False,6.0,True,True,False,True,10.0,True,6.0,POSITIVE,1.0,1.0,1.1365915693690476,0.2641506826805298,0.9981343283582089,30,True
DC-014|qp72.2,NYC-nyc-17655-0-0,nyc,NYC,A,residential,2.408,50.0,72.2,29.983,1.0,0.0,0.0,decoupled,"{""1.0"": 0.13333333333333333}",False,0.0,False,False,False,True,1.0,True,0.0,ZERO,1.0,1.0,1.0797471369896072,0.46568037098559956,1.0071759259259256,30,False
DC-016|qp89.3,NYC-nyc-9648-0-0,nyc,NYC,A,residential,3.719,50.0,89.3,24.012,1.0,0.0,0.0,decoupled,"{""1.0"": 1.0, ""2.0"": 1.0, ""3.0"": 1.0, ""4.0"": 0.9, ""5.0"": 0.7666666666666667, ""6.0"": 0.6, ""8.0"": 0.26666666666666666}",False,3.0,True,True,False,True,8.0,True,3.0,POSITIVE,1.0,1.0,0.967234439418882,0.41247665889874596,0.9867977528089888,30,True
DC-017|qp111.6,NYC-nyc-9648-0-0,nyc,NYC,A,residential,3.719,50.0,111.6,30.008,1.0,0.0,0.0,decoupled,"{""1.0"": 0.6333333333333333}",False,0.0,False,False,False,True,1.0,True,0.0,ZERO,1.0,1.0,0.8652308149069613,0.5768299423381483,0.9703125,30,False
DC-090|qp21.0,SEA-seattle-5441957-0-1,seattle,SEA,C,commercial,1.168,50.0,21.0,17.979,1.0,0.0,0.0,decoupled,"{""1.0"": 0.0}",False,0.0,False,False,False,True,1.0,True,0.0,ZERO,1.0,1.0,1.129573842669801,0.27007943302892307,1.0023809523809524,30,False
DC-093|qp27.4,SEA-seattle-5439807-0-1,seattle,SEA,C,residential,1.524,50.0,27.4,17.979,1.0,0.0,0.0,decoupled,"{""1.0"": 0.0}",False,0.0,False,False,False,True,1.0,True,0.0,ZERO,1.0,1.0,1.1819900507939525,0.25749170676582167,1.0006060606060605,30,False
DC-091|qp28.0,SEA-seattle-5441957-0-1,seattle,SEA,C,commercial,1.168,50.0,28.0,23.973,1.0,0.0,0.0,decoupled,"{""1.0"": 0.0}",False,0.0,False,False,False,True,1.0,True,0.0,ZERO,1.0,1.0,1.0622918454295338,0.38197655060882946,0.9967261904761905,30,False
DC-096|qp29.7,SEA-seattle-5432169-0-1,seattle,SEA,A,residential,1.651,50.0,29.7,17.989,1.0,0.0,0.0,decoupled,"{""1.0"": 1.0, ""2.0"": 0.9666666666666667, ""3.0"": 0.9333333333333333, ""4.0"": 0.6666666666666666}",False,2.0,True,True,True,True,4.0,True,2.0,POSITIVE,1.0,1.0,1.1545245096692591,0.2644533615990252,0.9836111111111113,30,True
DC-092|qp35.0,SEA-seattle-5441957-0-1,seattle,SEA,C,commercial,1.168,50.0,35.0,29.966,1.0,0.0,0.0,decoupled,"{""1.0"": 0.0}",False,0.0,False,False,False,True,1.0,True,0.0,ZERO,1.0,1.0,0.983577213119188,0.5163188498858451,0.998095238095238,30,False
DC-094|qp36.6,SEA-seattle-5439807-0-1,seattle,SEA,C,residential,1.524,50.0,36.6,24.016,1.0,0.0,0.0,decoupled,"{""1.0"": 0.0}",False,0.0,False,False,False,True,1.0,True,0.0,ZERO,1.0,1.0,1.104251776221235,0.3687067111402842,1.0027397260273974,30,False
DC-097|qp39.6,SEA-seattle-5432169-0-1,seattle,SEA,A,residential,1.651,50.0,39.6,23.985,1.0,0.0,0.0,decoupled,"{""1.0"": 0.8666666666666667}",False,0.0,False,False,True,True,1.0,True,0.0,ZERO,1.0,1.0,1.070484154467021,0.3804323137492431,0.9847916666666667,30,False
DC-099|qp43.9,SEA-seattle-5434873-0-0,seattle,SEA,A,commercial,2.438,50.0,43.9,18.007,1.0,0.0,0.0,decoupled,"{""1.0"": 1.0, ""2.0"": 1.0, ""3.0"": 1.0, ""4.0"": 1.0, ""5.0"": 0.9666666666666667, ""6.0"": 1.0, ""7.0"": 1.0, ""8.0"": 0.9, ""10.0"": 0.7666666666666667, ""12.0"": 0.4666666666666667}",False,7.0,True,True,True,True,12.0,True,7.0,POSITIVE,1.0,1.0,1.2092750685751588,0.24922978762192058,0.9950757575757577,30,True
DC-095|qp45.7,SEA-seattle-5439807-0-1,seattle,SEA,C,residential,1.524,50.0,45.7,29.987,1.0,0.0,0.0,decoupled,"{""1.0"": 0.0}",False,0.0,False,False,False,True,1.0,True,0.0,ZERO,1.0,0.9666666666666667,1.0026118640915076,0.5061875729075549,0.9913919413919415,30,False
DC-098|qp49.5,SEA-seattle-5432169-0-1,seattle,SEA,A,residential,1.651,50.0,49.5,29.982,1.0,0.0,0.0,decoupled,"{""1.0"": 0.43333333333333335}",False,0.0,False,False,True,True,1.0,True,0.0,ZERO,0.0,0.8666666666666667,0.89798105772302,0.5882920284002918,1.0322269959555255,30,False
DC-100|qp58.5,SEA-seattle-5434873-0-0,seattle,SEA,A,commercial,2.438,50.0,58.5,23.995,1.0,0.0,0.0,decoupled,"{""1.0"": 1.0, ""2.0"": 0.9666666666666667, ""3.0"": 0.9666666666666667, ""4.0"": 0.7666666666666667, ""5.0"": 0.5666666666666667}",False,3.0,True,True,True,True,5.0,True,3.0,POSITIVE,1.0,1.0,1.16419547335158,0.34469510527755814,1.0056980056980056,30,True
DC-101|qp73.1,SEA-seattle-5434873-0-0,seattle,SEA,A,commercial,2.438,50.0,73.1,29.984,1.0,0.0,0.0,decoupled,"{""1.0"": 0.3}",False,0.0,False,False,False,True,1.0,True,0.0,ZERO,1.0,1.0,1.0871466737303104,0.4615133078115248,1.0043083900226757,30,False
DC-102|qp73.2,SEA-seattle-5445989-0-0,seattle,SEA,A,commercial,4.064,50.0,73.2,18.012,1.0,0.0,0.0,decoupled,"{""1.0"": 1.0, ""2.0"": 1.0, ""3.0"": 0.9666666666666667, ""4.0"": 0.9333333333333333, ""5.0"": 0.7333333333333333, ""6.0"": 0.7333333333333333, ""8.0"": 0.5666666666666667, ""10.0"": 0.4666666666666667}",False,3.0,True,True,False,True,10.0,True,3.0,POSITIVE,1.0,1.0,1.0972990884265126,0.27389340004374413,0.995124716553288,30,True
DC-103|qp97.5,SEA-seattle-5445989-0-0,seattle,SEA,A,commercial,4.064,50.0,97.5,23.991,1.0,0.0,0.0,decoupled,"{""1.0"": 1.0, ""2.0"": 1.0, ""3.0"": 0.9333333333333333, ""4.0"": 0.7333333333333333, ""5.0"": 0.7666666666666667, ""6.0"": 0.7666666666666667, ""8.0"": 0.26666666666666666}",False,2.0,True,True,False,True,8.0,True,2.0,POSITIVE,1.0,1.0,0.9716108999869676,0.40996332977908984,0.991880341880342,30,True
DC-104|qp121.9,SEA-seattle-5445989-0-0,seattle,SEA,A,commercial,4.064,50.0,121.9,29.995,1.0,0.0,0.0,decoupled,"{""1.0"": 0.7666666666666667, ""2.0"": 0.4666666666666667}",False,0.0,False,False,False,True,2.0,True,0.0,ZERO,1.0,1.0,0.8580843426214906,0.5783324447725262,0.9671448087431693,30,False
DC-054|qp21.4,TPE-taipei-idx9524-0-2,taipei,TPE,C,residential,1.19,50.0,21.4,17.983,1.0,0.0,0.0,decoupled,"{""1.0"": 0.0}",False,0.0,False,False,False,True,1.0,True,0.0,ZERO,1.0,1.0,1.1402520053330092,0.26735585901026915,0.9926356589147287,30,False
DC-057|qp21.6,TPE-taipei-idx5150-0-0,taipei,TPE,C,commercial,1.2,50.0,21.6,18.0,1.0,0.0,0.0,decoupled,"{""1.0"": 0.0}",False,0.0,False,False,False,True,1.0,True,0.0,ZERO,1.0,1.0,1.1361855701949355,0.2686689814814818,0.9765151515151516,30,False
DC-055|qp28.6,TPE-taipei-idx9524-0-2,taipei,TPE,C,residential,1.19,50.0,28.6,24.034,1.0,0.0,0.0,decoupled,"{""1.0"": 0.0}",False,0.0,False,False,False,True,1.0,True,0.0,ZERO,1.0,1.0,1.0682152803560885,0.3812605042016738,0.9830459770114942,30,False
DC-058|qp28.8,TPE-taipei-idx5150-0-0,taipei,TPE,C,commercial,1.2,50.0,28.8,24.0,1.0,0.0,0.0,decoupled,"{""1.0"": 0.0}",False,0.0,False,False,False,True,1.0,True,0.0,ZERO,1.0,1.0,1.0715495845143708,0.37916261574074056,0.9882183908045977,30,False
DC-060|qp31.5,TPE-taipei-idx12521-0-5,taipei,TPE,A,residential,1.75,50.0,31.5,18.0,1.0,0.0,0.0,decoupled,"{""1.0"": 0.9666666666666667, ""2.0"": 0.9666666666666667, ""3.0"": 0.9, ""4.0"": 0.8666666666666667, ""5.0"": 0.4666666666666667}",False,2.0,True,True,True,True,5.0,True,2.0,POSITIVE,1.0,1.0,1.1534690148443956,0.2649345238095266,0.9994708994708994,30,True
DC-063|qp35.3,TPE-taipei-idx1592-0-2,taipei,TPE,A,residential,1.96,50.0,35.3,18.01,1.0,0.0,0.0,decoupled,"{""1.0"": 0.9666666666666667, ""2.0"": 0.95, ""3.0"": 0.95, ""4.0"": 0.85}",False,3.0,True,True,True,True,4.0,True,3.0,POSITIVE,1.0,1.0,1.1332036218318733,0.2693902352607717,0.9934272300469486,30,True
DC-056|qp35.7,TPE-taipei-idx9524-0-2,taipei,TPE,C,residential,1.19,50.0,35.7,30.0,1.0,0.0,0.0,decoupled,"{""1.0"": 0.0}",False,0.0,False,False,False,True,1.0,True,0.0,ZERO,1.0,1.0,0.9930755788657565,0.5117145191409931,0.9881944444444444,30,False
DC-059|qp36.0,TPE-taipei-idx5150-0-0,taipei,TPE,C,commercial,1.2,50.0,36.0,30.0,1.0,0.0,0.0,decoupled,"{""1.0"": 0.0}",False,0.0,False,False,False,True,1.0,True,0.0,ZERO,1.0,1.0,0.996829865910094,0.5098489583333331,0.9946759259259259,30,False
DC-061|qp42.0,TPE-taipei-idx12521-0-5,taipei,TPE,A,residential,1.75,50.0,42.0,24.0,1.0,0.0,0.0,decoupled,"{""1.0"": 0.8, ""2.0"": 0.5333333333333333}",False,0.0,False,False,True,True,2.0,True,0.0,ZERO,1.0,1.0,1.0496561530161908,0.3876571428571481,1.003174603174603,30,False
DC-066|qp44.6,TPE-taipei-idx15608-0-1,taipei,TPE,A,commercial,2.48,50.0,44.6,17.984,1.0,0.0,0.0,decoupled,"{""1.0"": 1.0, ""2.0"": 1.0, ""3.0"": 1.0, ""4.0"": 1.0, ""5.0"": 1.0, ""6.0"": 1.0, ""8.0"": 1.0, ""9.0"": 0.9333333333333333, ""10.0"": 0.9333333333333333, ""12.0"": 0.6}",False,8.0,True,True,True,True,12.0,True,8.0,POSITIVE,1.0,1.0,1.2079955893148286,0.2492226702508983,1.0013108614232211,30,True
DC-064|qp47.0,TPE-taipei-idx1592-0-2,taipei,TPE,A,residential,1.96,50.0,47.0,23.98,1.0,0.0,0.0,decoupled,"{""1.0"": 0.7666666666666667, ""2.0"": 0.43333333333333335}",False,0.0,False,False,True,True,2.0,True,0.0,ZERO,1.0,1.0,1.03910324704452,0.3911153628117913,0.9959219858156029,30,False
DC-062|qp52.5,TPE-taipei-idx12521-0-5,taipei,TPE,A,residential,1.75,50.0,52.5,30.0,1.0,0.0,0.0,decoupled,"{""1.0"": 0.3}",False,0.0,False,False,True,True,1.0,True,0.0,ZERO,0.0,0.8666666666666667,0.8670790410323436,0.6140579365079355,1.024280478808215,30,False
DC-065|qp58.8,TPE-taipei-idx1592-0-2,taipei,TPE,A,residential,1.96,50.0,58.8,30.0,1.0,0.0,0.0,decoupled,"{""1.0"": 0.06666666666666667}",False,0.0,False,False,True,True,1.0,True,0.0,ZERO,1.0,1.0,0.8997572354771681,0.5651948696145134,0.9850282485875704,30,False
DC-067|qp59.5,TPE-taipei-idx15608-0-1,taipei,TPE,A,commercial,2.48,50.0,59.5,23.992,1.0,0.0,0.0,decoupled,"{""1.0"": 1.0, ""2.0"": 0.9666666666666667, ""3.0"": 0.9, ""4.0"": 0.6666666666666666}",False,2.0,True,True,True,True,4.0,True,2.0,POSITIVE,1.0,1.0,1.1625953198145245,0.3448000672043017,1.0065826330532213,30,True
DC-069|qp63.7,TPE-taipei-idx4344-0-0,taipei,TPE,A,residential,3.54,50.0,63.7,17.994,1.0,0.0,0.0,decoupled,"{""1.0"": 1.0, ""2.0"": 1.0, ""3.0"": 1.0, ""4.0"": 1.0, ""5.0"": 1.0, ""6.0"": 0.9666666666666667, ""7.0"": 0.8333333333333334, ""8.0"": 0.6333333333333333, ""10.0"": 0.23333333333333334}",False,6.0,True,True,False,True,10.0,True,6.0,POSITIVE,1.0,1.0,1.1556885017430965,0.2598046139359717,1.003018372703412,30,True
DC-068|qp74.4,TPE-taipei-idx15608-0-1,taipei,TPE,A,commercial,2.48,50.0,74.4,30.0,1.0,0.0,0.0,decoupled,"{""1.0"": 0.36666666666666664}",False,0.0,False,False,False,True,1.0,True,0.0,ZERO,1.0,1.0,1.0754139287243498,0.4669662858422966,1.0076062639821028,30,False
DC-070|qp85.0,TPE-taipei-idx4344-0-0,taipei,TPE,A,residential,3.54,50.0,85.0,24.011,1.0,0.0,0.0,decoupled,"{""1.0"": 1.0, ""2.0"": 1.0, ""3.0"": 0.9666666666666667, ""4.0"": 1.0, ""5.0"": 0.8666666666666667, ""6.0"": 0.8333333333333334, ""8.0"": 0.3333333333333333}",False,4.0,True,True,False,True,8.0,True,4.0,POSITIVE,1.0,1.0,0.9819875799208392,0.4051418314500923,0.9849019607843137,30,True
DC-071|qp106.2,TPE-taipei-idx4344-0-0,taipei,TPE,A,residential,3.54,50.0,106.2,30.0,1.0,0.0,0.0,decoupled,"{""1.0"": 0.7333333333333333}",False,0.0,False,False,False,True,1.0,True,0.0,ZERO,1.0,1.0,0.8874388355506663,0.5619734777150054,0.9798742138364779,30,False
DC-105|qp7.7,TAO-taoyuan-idx8762-0-0,taoyuan,TAO,C,residential,0.43,50.0,7.7,17.907,1.0,0.0,0.0,decoupled,,False,,False,False,False,True,1.0,True,,OUT_OF_DOMAIN_GEOMETRY,,,,,,30,False
DC-108|qp9.2,TAO-taoyuan-idx2361-0-3,taoyuan,TAO,C,residential,0.51,50.0,9.2,18.039,1.0,0.0,0.0,decoupled,,False,,False,False,False,True,1.0,True,,OUT_OF_DOMAIN_GEOMETRY,,,,,,30,False
DC-106|qp10.3,TAO-taoyuan-idx8762-0-0,taoyuan,TAO,C,residential,0.43,50.0,10.3,23.953,1.0,0.0,0.0,decoupled,,False,,False,False,False,True,1.0,True,,OUT_OF_DOMAIN_GEOMETRY,,,,,,30,False
DC-109|qp12.2,TAO-taoyuan-idx2361-0-3,taoyuan,TAO,C,residential,0.51,50.0,12.2,23.922,1.0,0.0,0.0,decoupled,,False,,False,False,False,True,1.0,True,,OUT_OF_DOMAIN_GEOMETRY,,,,,,30,False
DC-107|qp12.9,TAO-taoyuan-idx8762-0-0,taoyuan,TAO,C,residential,0.43,50.0,12.9,30.0,1.0,0.0,0.0,decoupled,,False,,False,False,False,True,1.0,True,,OUT_OF_DOMAIN_GEOMETRY,,,,,,30,False
DC-110|qp15.3,TAO-taoyuan-idx2361-0-3,taoyuan,TAO,C,residential,0.51,50.0,15.3,30.0,1.0,0.0,0.0,decoupled,,False,,False,False,False,True,1.0,True,,OUT_OF_DOMAIN_GEOMETRY,,,,,,30,False
DC-111|qp32.4,TAO-taoyuan-idx10181-0-0,taoyuan,TAO,A,residential,1.8,50.0,32.4,18.0,1.0,0.0,0.0,decoupled,"{""1.0"": 0.9666666666666667, ""2.0"": 0.9333333333333333, ""3.0"": 0.7333333333333333}",False,1.0,True,True,True,True,3.0,True,1.0,POSITIVE,1.0,1.0,1.1362044201698775,0.26898533950617254,0.9933333333333334,30,True
DC-112|qp43.2,TAO-taoyuan-idx10181-0-0,taoyuan,TAO,A,residential,1.8,50.0,43.2,24.0,1.0,0.0,0.0,decoupled,"{""1.0"": 0.7333333333333333, ""2.0"": 0.5333333333333333}",False,0.0,False,False,True,True,1.0,True,0.0,ZERO,1.0,1.0,1.0316617404206878,0.39658989197530836,0.989272030651341,30,False
DC-114|qp43.2,TAO-taoyuan-idx3410-0-9,taoyuan,TAO,A,residential,2.4,50.0,43.2,18.0,1.0,0.0,0.0,decoupled,"{""1.0"": 1.0, ""2.0"": 1.0, ""3.0"": 1.0, ""4.0"": 1.0, ""5.0"": 1.0, ""6.0"": 1.0, ""8.0"": 0.9666666666666667, ""9.0"": 0.9333333333333333, ""10.0"": 0.7666666666666667, ""12.0"": 0.43333333333333335}",False,0.0,False,True,True,True,12.0,True,0.0,ZERO,0.0,1.0,1.1886141509648567,0.25373900462962956,0.9902681992337165,30,False
DC-113|qp54.0,TAO-taoyuan-idx10181-0-0,taoyuan,TAO,A,residential,1.8,50.0,54.0,30.0,1.0,0.0,0.0,decoupled,"{""1.0"": 0.4}",False,0.0,False,False,True,True,1.0,True,0.0,ZERO,1.0,1.0,0.924406552173941,0.5522712191358038,0.9966049382716047,30,False
DC-115|qp57.6,TAO-taoyuan-idx3410-0-9,taoyuan,TAO,A,residential,2.4,50.0,57.6,24.0,1.0,0.0,0.0,decoupled,"{""1.0"": 1.0, ""2.0"": 0.9666666666666667, ""3.0"": 0.9333333333333333, ""4.0"": 0.8, ""5.0"": 0.5333333333333333, ""6.0"": 0.13333333333333333}",False,2.0,True,True,True,True,6.0,True,2.0,POSITIVE,1.0,1.0,1.151280675324209,0.3488087384259261,0.9978448275862067,30,True
DC-116|qp72.0,TAO-taoyuan-idx3410-0-9,taoyuan,TAO,A,residential,2.4,50.0,72.0,30.0,1.0,0.0,0.0,decoupled,"{""1.0"": 0.23333333333333334}",False,0.0,False,False,False,True,1.0,True,0.0,ZERO,1.0,1.0,1.0728913250045302,0.4691874999999999,1.0050925925925926,30,False
DC-117|qp90.0,TAO-taoyuan-idx6656-0-0,taoyuan,TAO,A,commercial,5.0,50.0,90.0,18.0,1.0,0.0,0.0,decoupled,,False,,False,False,False,False,,False,,TECHNICAL_INVALID,,,,,,0,False
DC-118|qp120.0,TAO-taoyuan-idx6656-0-0,taoyuan,TAO,A,commercial,5.0,50.0,120.0,24.0,1.0,0.0,0.0,decoupled,,False,,False,False,False,False,,False,,TECHNICAL_INVALID,,,,,,0,False
DC-119|qp150.0,TAO-taoyuan-idx6656-0-0,taoyuan,TAO,A,commercial,5.0,50.0,150.0,30.0,1.0,0.0,0.0,decoupled,,False,,False,False,False,False,,False,,TECHNICAL_INVALID,,,,,,0,False
