W,L,qp,qr,seed,v_ref,r_robot,mean_speed,speed_count,mean_density,inflow_ped,outflow_ped,flow_ratio,timed_out,tag
2.098,50.0,10.0,11.0,0,1.39,0.48,1.1844919472913864,6830,0.0678225293930735,40,39,0.975,0,AMS-amsterdam-chain-141619-0|qp10
2.098,50.0,10.0,11.0,16,1.39,0.48,1.271176562744765,6383,0.0633837782014623,40,39,0.975,0,AMS-amsterdam-chain-141619-0|qp10
2.098,50.0,25.0,9.0,2,1.39,0.48,1.107416662090247,18209,0.180817047982203,100,99,0.99,0,AMS-amsterdam-chain-141619-0|qp25
2.098,50.0,25.0,9.0,18,1.39,0.48,1.218166746756389,16648,0.165316174134095,100,99,0.99,0,AMS-amsterdam-chain-141619-0|qp25
3.89,50.0,19.0,19.0,4,1.39,0.48,1.282810347723844,11906,0.0637639245929714,76,76,1.0,0,AMS-amsterdam-chain-158080-0|qp19
3.89,50.0,19.0,19.0,20,1.39,0.48,1.2803965603607026,11978,0.0641495287060818,76,76,1.0,0,AMS-amsterdam-chain-158080-0|qp19
3.89,50.0,47.0,13.0,6,1.39,0.48,1.1115027046305903,33646,0.1801949443016272,188,188,1.0,0,AMS-amsterdam-chain-158080-0|qp47
3.89,50.0,47.0,13.0,22,1.39,0.48,1.127071201296805,33314,0.1784168808911714,188,185,0.9840425531914894,0,AMS-amsterdam-chain-158080-0|qp47
3.89,50.0,47.0,14.0,8,1.39,0.48,1.082536782492412,35139,0.1881908740359871,188,189,1.00531914893617,0,AMS-amsterdam-chain-158080-0|qp47
3.89,50.0,47.0,14.0,24,1.39,0.48,1.116223557902626,34273,0.1835529134532966,188,192,1.0212765957446808,0,AMS-amsterdam-chain-158080-0|qp47
2.267,50.0,11.0,9.0,10,1.39,0.48,1.182467131741323,7454,0.0685009557418039,44,42,0.9545454545454546,0,AMS-amsterdam-chain-166482-0|qp11
2.267,50.0,11.0,9.0,26,1.39,0.48,1.204241686942404,7398,0.0679863255403638,44,44,1.0,0,AMS-amsterdam-chain-166482-0|qp11
2.267,50.0,27.0,9.0,12,1.39,0.48,1.1344488579940886,19133,0.1758289222173175,108,106,0.9814814814814816,0,AMS-amsterdam-chain-166482-0|qp27
2.267,50.0,27.0,9.0,28,1.39,0.48,1.082345337937891,20270,0.1862777532715723,108,111,1.0277777777777777,0,AMS-amsterdam-chain-166482-0|qp27
2.796,50.0,14.0,19.0,14,1.39,0.48,1.229285397248162,9012,0.0671494992846922,56,56,1.0,0,AMS-amsterdam-chain-22812-0|qp14
2.796,50.0,34.0,11.0,0,1.39,0.48,1.1542543309063444,23898,0.1780668812589391,134,136,1.0149253731343284,0,AMS-amsterdam-chain-22812-0|qp34
2.796,50.0,34.0,11.0,16,1.39,0.48,1.2206753802918138,22417,0.1670317715784447,134,133,0.9925373134328358,0,AMS-amsterdam-chain-22812-0|qp34
2.575,50.0,13.0,19.0,2,1.39,0.48,1.1771884123063154,8906,0.0720550161812294,52,52,1.0,0,AMS-amsterdam-chain-32802-0|qp13
2.575,50.0,13.0,19.0,18,1.39,0.48,1.2246569377427226,8497,0.0687459546925565,52,51,0.9807692307692308,0,AMS-amsterdam-chain-32802-0|qp13
2.575,50.0,31.0,13.0,4,1.39,0.48,1.1976257861634774,20988,0.1698058252427177,124,123,0.9919354838709676,0,AMS-amsterdam-chain-32802-0|qp31
2.575,50.0,31.0,13.0,20,1.39,0.48,1.1845138656866026,20951,0.1695064724919089,124,126,1.0161290322580645,0,AMS-amsterdam-chain-32802-0|qp31
2.575,50.0,31.0,14.0,6,1.39,0.48,1.1534273480406232,21486,0.1738349514563095,124,123,0.9919354838709676,0,AMS-amsterdam-chain-32802-0|qp31
2.575,50.0,31.0,14.0,22,1.39,0.48,1.1887726946108164,20875,0.1688915857605168,124,118,0.9516129032258064,0,AMS-amsterdam-chain-32802-0|qp31
2.482,50.0,12.0,19.0,8,1.39,0.48,1.2216494318906903,7833,0.0657483883964545,48,47,0.9791666666666666,0,AMS-amsterdam-chain-44642-0|qp12
2.482,50.0,12.0,19.0,24,1.39,0.48,1.2566897814994575,7643,0.0641535723878597,48,49,1.0208333333333333,0,AMS-amsterdam-chain-44642-0|qp12
2.482,50.0,30.0,13.0,10,1.39,0.48,1.1822874029209565,20473,0.1718456218103702,120,118,0.9833333333333332,0,AMS-amsterdam-chain-44642-0|qp30
2.482,50.0,30.0,13.0,26,1.39,0.48,1.1670692337611688,20568,0.1726430298146668,120,119,0.9916666666666668,0,AMS-amsterdam-chain-44642-0|qp30
2.482,50.0,30.0,14.0,12,1.39,0.48,1.192434008897672,20230,0.1698059360730609,120,119,0.9916666666666668,0,AMS-amsterdam-chain-44642-0|qp30
2.482,50.0,30.0,14.0,28,1.39,0.48,1.1839992215627626,20554,0.1725255170561395,120,119,0.9916666666666668,0,AMS-amsterdam-chain-44642-0|qp30
2.166,50.0,11.0,13.0,14,1.39,0.48,1.2344687586016632,7266,0.0698868882733148,44,45,1.0227272727272727,0,AMS-amsterdam-chain-45268-50|qp11
2.166,50.0,11.0,14.0,0,1.39,0.48,1.1462702020201807,7920,0.0761772853185598,44,44,1.0,0,AMS-amsterdam-chain-45268-50|qp11
2.166,50.0,11.0,14.0,16,1.39,0.48,1.2436364910313642,7136,0.068636503539551,44,43,0.9772727272727272,0,AMS-amsterdam-chain-45268-50|qp11
2.166,50.0,26.0,9.0,2,1.39,0.48,1.0847332652018709,19570,0.1882309941520458,104,104,1.0,0,AMS-amsterdam-chain-45268-50|qp26
2.166,50.0,26.0,9.0,18,1.39,0.48,1.1069056034930866,19238,0.1850377039088931,104,102,0.9807692307692308,0,AMS-amsterdam-chain-45268-50|qp26
1.662,50.0,20.0,11.0,4,1.39,0.48,1.2203249372193512,13141,0.1647237264340117,80,78,0.975,0,AMS-amsterdam-chain-79104-0|qp20
1.662,50.0,20.0,11.0,20,1.39,0.48,1.2145040577096595,13308,0.1668170878459667,80,81,1.0125,0,AMS-amsterdam-chain-79104-0|qp20
1.662,50.0,8.0,11.0,6,1.39,0.48,1.3157432158768874,4938,0.0618983152827921,32,33,1.03125,0,AMS-amsterdam-chain-79104-0|qp8
1.662,50.0,8.0,11.0,22,1.39,0.48,1.273859232898364,5058,0.063402527075813,32,32,1.0,0,AMS-amsterdam-chain-79104-0|qp8
2.408,50.0,43.3,7.0,8,1.39,0.48,1.1319681319039765,30689,0.2655125276854908,172,175,1.0174418604651163,0,DC-012|qp43.3
2.408,50.0,43.3,7.0,24,1.39,0.48,1.1895950113067717,29186,0.2525089977851598,172,172,1.0,0,DC-012|qp43.3
3.719,50.0,66.9,7.0,10,1.39,0.48,1.0599662542181931,50673,0.2838632696961565,268,267,0.996268656716418,0,DC-015|qp66.9
3.719,50.0,66.9,7.0,26,1.39,0.48,1.08482762106963,49455,0.2770401989782226,268,264,0.9850746268656716,0,DC-015|qp66.9
2.722,50.0,49.0,9.0,12,1.39,0.48,1.1398682731385277,34693,0.2655293289248078,196,192,0.979591836734694,0,DC-048|qp49.0
2.722,50.0,49.0,9.0,28,1.39,0.48,1.0935472982319976,36143,0.2766271736468254,196,196,1.0,0,DC-048|qp49.0
3.609,50.0,65.0,7.0,14,1.39,0.48,1.102559817216516,47269,0.2728652904775073,260,257,0.9884615384615384,0,DC-051|qp65.0
2.48,50.0,44.6,9.0,0,1.39,0.48,1.1434065414671415,31736,0.2665994623655949,178,185,1.0393258426966292,0,DC-066|qp44.6
2.48,50.0,44.6,9.0,16,1.39,0.48,1.1544221105527677,31044,0.260786290322581,178,180,1.0112359550561798,0,DC-066|qp44.6
3.54,50.0,63.7,7.0,2,1.39,0.48,1.093810995757721,46909,0.2760652071563116,254,257,1.0118110236220472,0,DC-069|qp63.7
3.54,50.0,63.7,7.0,18,1.39,0.48,1.044753502321193,48682,0.2864995291902115,254,251,0.9881889763779528,0,DC-069|qp63.7
2.46,50.0,44.3,9.0,4,1.39,0.48,1.1523998308833134,30748,0.2603997289972903,178,169,0.949438202247191,0,DC-084|qp44.3
2.46,50.0,44.3,9.0,20,1.39,0.48,1.1657184165919408,30087,0.2548018292682956,178,173,0.9719101123595506,0,DC-084|qp44.3
4.98,50.0,89.6,7.0,6,1.39,0.48,0.9488537313432674,75375,0.3153237951807324,358,354,0.988826815642458,0,DC-087|qp89.6
4.98,50.0,89.6,7.0,22,1.39,0.48,1.019007328257274,70003,0.2928505689424456,358,357,0.9972067039106144,0,DC-087|qp89.6
2.438,50.0,43.9,7.0,8,1.39,0.48,1.1479031734701022,30818,0.2633476893628729,176,173,0.9829545454545454,0,DC-099|qp43.9
2.438,50.0,43.9,7.0,24,1.39,0.48,1.1751670692431249,29808,0.2547169811320829,176,174,0.9886363636363636,0,DC-099|qp43.9
2.4,50.0,43.2,9.0,10,1.39,0.48,1.1107087706029166,31731,0.2754427083333352,174,175,1.0057471264367817,0,DC-114|qp43.2
2.4,50.0,43.2,9.0,26,1.39,0.48,1.149486743938223,30024,0.2606250000000016,174,172,0.9885057471264368,0,DC-114|qp43.2
1.697,50.0,8.0,7.0,12,1.39,0.48,1.2230059857838107,5346,0.0656305244549191,32,32,1.0,0,MEL-melbourne-1389612-0-2|qp8
1.697,50.0,8.0,7.0,28,1.39,0.48,1.2419754485363452,5295,0.0650044195639348,32,32,1.0,0,MEL-melbourne-1389612-0-2|qp8
2.722,50.0,33.0,13.0,14,1.39,0.48,1.1625716668861676,22779,0.1743433137398957,132,132,1.0,0,MEL-melbourne-1389823-0-3|qp33
2.722,50.0,33.0,14.0,0,1.39,0.48,1.16100948449986,22774,0.1743050453098215,132,132,1.0,0,MEL-melbourne-1389823-0-3|qp33
2.722,50.0,33.0,14.0,16,1.39,0.48,1.2334427771768108,21259,0.1627097109968162,132,133,1.0075757575757576,0,MEL-melbourne-1389823-0-3|qp33
2.156,50.0,11.0,13.0,2,1.39,0.48,1.206060146227083,7249,0.0700467687074849,44,43,0.9772727272727272,0,MEL-melbourne-1434605-0-0|qp11
2.156,50.0,11.0,13.0,18,1.39,0.48,1.204148628153842,7253,0.0700854205318499,44,45,1.0227272727272727,0,MEL-melbourne-1434605-0-0|qp11
2.156,50.0,11.0,14.0,4,1.39,0.48,1.2500486548368488,6988,0.067524737167596,44,44,1.0,0,MEL-melbourne-1434605-0-0|qp11
2.156,50.0,11.0,14.0,20,1.39,0.48,1.2691361556063718,6992,0.0675633889919617,44,44,1.0,0,MEL-melbourne-1434605-0-0|qp11
2.156,50.0,26.0,9.0,6,1.39,0.48,1.185830589304022,17614,0.1702033085961678,104,102,0.9807692307692308,0,MEL-melbourne-1434605-0-0|qp26
2.156,50.0,26.0,9.0,22,1.39,0.48,1.221180266322555,17047,0.1647244124922732,104,104,1.0,0,MEL-melbourne-1434605-0-0|qp26
1.749,50.0,9.0,7.0,8,1.39,0.48,1.2394134501938223,5933,0.0706713360015253,36,35,0.9722222222222222,0,MEL-melbourne-1465622-0-2|qp9
1.749,50.0,9.0,7.0,24,1.39,0.48,1.304540942928046,5642,0.0672050695635607,36,36,1.0,0,MEL-melbourne-1465622-0-2|qp9
2.348,50.0,12.0,13.0,10,1.39,0.48,1.2669984264358742,7626,0.0676639693356042,48,47,0.9791666666666666,0,MEL-melbourne-1465759-0-1|qp12
2.348,50.0,12.0,13.0,26,1.39,0.48,1.2535416126523322,7714,0.0684447756956268,48,46,0.9583333333333334,0,MEL-melbourne-1465759-0-1|qp12
2.348,50.0,12.0,14.0,12,1.39,0.48,1.2895449101796757,7515,0.0666790885860301,48,48,1.0,0,MEL-melbourne-1465759-0-1|qp12
2.348,50.0,12.0,14.0,28,1.39,0.48,1.2202111324376337,7815,0.0693409284497439,48,48,1.0,0,MEL-melbourne-1465759-0-1|qp12
2.348,50.0,28.0,11.0,14,1.39,0.48,1.178878069211057,19101,0.1694793441226581,112,109,0.9732142857142856,0,MEL-melbourne-1465759-0-1|qp28
1.83,50.0,9.0,9.0,0,1.39,0.48,1.1672504798464862,6252,0.0711748633879769,36,36,1.0,0,MEL-melbourne-1477330-0-0|qp9
1.83,50.0,9.0,9.0,16,1.39,0.48,1.282858408647864,5643,0.0642418032786873,36,35,0.9722222222222222,0,MEL-melbourne-1477330-0-0|qp9
5.175,50.0,26.0,19.0,2,1.39,0.48,1.1771866561656743,17776,0.0715619967793871,104,103,0.9903846153846154,0,MEL-melbourne-1515142-0-0|qp26
5.175,50.0,26.0,19.0,18,1.39,0.48,1.2281099093833077,17105,0.0688607085346213,104,103,0.9903846153846154,0,MEL-melbourne-1515142-0-0|qp26
5.175,50.0,62.0,7.0,4,1.39,0.48,1.1621010700982588,42426,0.1707971014492738,248,253,1.0201612903225807,0,MEL-melbourne-1515142-0-0|qp62
5.175,50.0,62.0,7.0,20,1.39,0.48,1.1186843782726232,43926,0.1768357487922713,248,245,0.9879032258064516,0,MEL-melbourne-1515142-0-0|qp62
1.844,50.0,22.0,7.0,6,1.39,0.48,1.1788635619309422,15267,0.1724850867678964,88,85,0.9659090909090908,0,MEL-melbourne-RPSP02B11034-0-0|qp22
1.844,50.0,22.0,7.0,22,1.39,0.48,1.203109137055854,14972,0.1691522053506856,88,91,1.0340909090909092,0,MEL-melbourne-RPSP02B11034-0-0|qp22
1.844,50.0,9.0,11.0,8,1.39,0.48,1.2460048093438525,5822,0.065776391901665,36,35,0.9722222222222222,0,MEL-melbourne-RPSP02B11034-0-0|qp9
1.844,50.0,9.0,11.0,24,1.39,0.48,1.2393274903084492,5933,0.0670304591467839,36,36,1.0,0,MEL-melbourne-RPSP02B11034-0-0|qp9
3.609,50.0,54.0,11.0,10,1.39,0.48,1.11535725098407,39636,0.2288029925187,216,219,1.0138888888888888,0,MEL-melbourne-RPSP03A10530L1-0-0|qp54
3.609,50.0,54.0,11.0,26,1.39,0.48,1.0852779030721875,39906,0.230361596009972,216,207,0.9583333333333334,0,MEL-melbourne-RPSP03A10530L1-0-0|qp54
3.194,50.0,38.0,13.0,12,1.39,0.48,1.181921377064441,25794,0.1682451471509101,152,152,1.0,0,MEL-melbourne-RPSP03A11034L1-0-0|qp38
3.194,50.0,38.0,13.0,28,1.39,0.48,1.192715772370296,25849,0.1686038927155121,152,151,0.993421052631579,0,MEL-melbourne-RPSP03A11034L1-0-0|qp38
3.194,50.0,38.0,14.0,14,1.39,0.48,1.1330065581185214,26532,0.1730588603631837,152,150,0.986842105263158,0,MEL-melbourne-RPSP03A11034L1-0-0|qp38
3.121,50.0,16.0,19.0,0,1.39,0.48,1.196189634316664,10747,0.0717384919363452,64,65,1.015625,0,MEL-melbourne-RPSP07A11127-0-0|qp16
3.121,50.0,16.0,19.0,16,1.39,0.48,1.306036585365815,9840,0.0656840756167895,64,63,0.984375,0,MEL-melbourne-RPSP07A11127-0-0|qp16
3.121,50.0,38.0,11.0,2,1.39,0.48,1.1747706772665572,26164,0.1746502189469135,152,151,0.993421052631579,0,MEL-melbourne-RPSP07A11127-0-0|qp38
3.121,50.0,38.0,11.0,18,1.39,0.48,1.177077699449175,25959,0.1732818007048976,152,154,1.013157894736842,0,MEL-melbourne-RPSP07A11127-0-0|qp38
3.499,50.0,52.0,9.0,4,1.39,0.48,1.1528699637721624,36436,0.2169429360769731,208,206,0.9903846153846154,0,MEL-melbourne-RPSP0814955L1-0-0|qp52
3.499,50.0,52.0,9.0,20,1.39,0.48,1.1670441345641551,35641,0.2122094407926077,208,207,0.9951923076923076,0,MEL-melbourne-RPSP0814955L1-0-0|qp52
6.11,50.0,31.0,16.0,6,1.39,0.48,1.2243360353722803,20355,0.0694046644844526,124,127,1.0241935483870968,0,NTP-newtaipei-idx11355-0-2|qp31
6.11,50.0,31.0,16.0,22,1.39,0.48,1.2407303484603436,19744,0.0673213311511197,124,118,0.9516129032258064,0,NTP-newtaipei-idx11355-0-2|qp31
6.11,50.0,31.0,17.0,8,1.39,0.48,1.1669869485896789,21377,0.0728893889798156,124,123,0.9919354838709676,0,NTP-newtaipei-idx11355-0-2|qp31
6.11,50.0,31.0,17.0,24,1.39,0.48,1.237196683876035,20144,0.0686852154937276,124,123,0.9919354838709676,0,NTP-newtaipei-idx11355-0-2|qp31
4.98,50.0,25.0,19.0,10,1.39,0.48,1.2039157781239145,16694,0.0698376840696128,100,100,1.0,0,NTP-newtaipei-idx11808-0-1|qp25
4.98,50.0,25.0,19.0,26,1.39,0.48,1.229236982194246,16343,0.0683693105756372,100,99,0.99,0,NTP-newtaipei-idx11808-0-1|qp25
4.98,50.0,60.0,11.0,12,1.39,0.48,1.1268141079223186,43068,0.1801706827309263,240,238,0.9916666666666668,0,NTP-newtaipei-idx11808-0-1|qp60
4.98,50.0,60.0,11.0,28,1.39,0.48,1.0290463744950042,46297,0.1936788821954448,240,242,1.0083333333333333,0,NTP-newtaipei-idx11808-0-1|qp60
1.78,50.0,9.0,9.0,14,1.39,0.48,1.2265741837252566,5911,0.0691830524344544,36,37,1.0277777777777777,0,NTP-newtaipei-idx11901-0-0|qp9
1.8,50.0,9.0,7.0,0,1.39,0.48,1.1794326471065375,6169,0.0714004629629625,36,35,0.9722222222222222,0,NTP-newtaipei-idx13763-0-2|qp9
1.8,50.0,9.0,7.0,16,1.39,0.48,1.2498423847866942,5837,0.0675578703703697,36,34,0.9444444444444444,0,NTP-newtaipei-idx13763-0-2|qp9
1.71,50.0,9.0,7.0,2,1.39,0.48,1.2333808796060488,5889,0.0717470760233935,36,35,0.9722222222222222,0,NTP-newtaipei-idx13776-0-2|qp9
1.71,50.0,9.0,7.0,18,1.39,0.48,1.2295269582909245,5898,0.0718567251462005,36,36,1.0,0,NTP-newtaipei-idx13776-0-2|qp9
2.46,50.0,12.0,19.0,4,1.39,0.48,1.2690007909306895,7586,0.0642445799458003,48,50,1.0416666666666667,0,NTP-newtaipei-idx251-0-0|qp12
2.46,50.0,12.0,19.0,20,1.39,0.48,1.2836826783115112,7557,0.0639989837398384,48,46,0.9583333333333334,0,NTP-newtaipei-idx251-0-0|qp12
2.46,50.0,30.0,11.0,6,1.39,0.48,1.212444031723821,19922,0.1687161246612492,120,122,1.0166666666666666,0,NTP-newtaipei-idx251-0-0|qp30
2.46,50.0,30.0,11.0,22,1.39,0.48,1.2196797043424992,19482,0.1649898373983765,120,119,0.9916666666666668,0,NTP-newtaipei-idx251-0-0|qp30
2.99,50.0,36.0,13.0,8,1.39,0.48,1.1739302391684527,24627,0.1715928093645502,144,147,1.0208333333333333,0,NTP-newtaipei-idx4423-0-0|qp36
2.99,50.0,36.0,13.0,24,1.39,0.48,1.2365940089778775,23168,0.1614269788182827,144,146,1.0138888888888888,0,NTP-newtaipei-idx4423-0-0|qp36
2.99,50.0,36.0,14.0,10,1.39,0.48,1.154706235251808,25003,0.1742126532887415,144,144,1.0,0,NTP-newtaipei-idx4423-0-0|qp36
2.99,50.0,36.0,14.0,26,1.39,0.48,1.1953530364036418,24091,0.1678581382385727,144,146,1.0138888888888888,0,NTP-newtaipei-idx4423-0-0|qp36
2.33,50.0,12.0,16.0,12,1.39,0.48,1.2715793671896185,7522,0.0672567954220302,48,49,1.0208333333333333,0,NTP-newtaipei-idx5617-0-0|qp12
2.33,50.0,12.0,16.0,28,1.39,0.48,1.212212223472078,8001,0.071539699570814,48,47,0.9791666666666666,0,NTP-newtaipei-idx5617-0-0|qp12
2.33,50.0,12.0,17.0,14,1.39,0.48,1.248224859788633,7667,0.0685532904148768,48,48,1.0,0,NTP-newtaipei-idx5617-0-0|qp12
2.33,50.0,28.0,11.0,0,1.39,0.48,1.14977036438885,19814,0.1771638054363353,112,108,0.9642857142857144,0,NTP-newtaipei-idx5617-0-0|qp28
2.33,50.0,28.0,11.0,16,1.39,0.48,1.230892896294722,18244,0.1631258941344749,112,115,1.0267857142857142,0,NTP-newtaipei-idx5617-0-0|qp28
2.62,50.0,31.0,13.0,2,1.39,0.48,1.188854440357333,20933,0.1664519720101766,124,126,1.0161290322580645,0,NTP-newtaipei-idx6820-0-0|qp31
2.62,50.0,31.0,13.0,18,1.39,0.48,1.2078527221738962,20682,0.1644561068702271,124,122,0.9838709677419356,0,NTP-newtaipei-idx6820-0-0|qp31
2.62,50.0,31.0,14.0,4,1.39,0.48,1.227919766593682,20565,0.1635257633587776,124,126,1.0161290322580645,0,NTP-newtaipei-idx6820-0-0|qp31
2.62,50.0,31.0,14.0,20,1.39,0.48,1.2301372963929071,20321,0.1615855597964367,124,125,1.0080645161290325,0,NTP-newtaipei-idx6820-0-0|qp31
2.9,50.0,35.0,11.0,6,1.39,0.48,1.2228228516563626,22913,0.1646048850574665,140,142,1.0142857142857142,0,NTP-newtaipei-idx7804-0-0|qp35
2.9,50.0,35.0,11.0,22,1.39,0.48,1.2049300880372766,23172,0.1664655172413769,140,135,0.9642857142857144,0,NTP-newtaipei-idx7804-0-0|qp35
1.91,50.0,10.0,9.0,8,1.39,0.48,1.2519564546016022,6476,0.0706369982548008,40,39,0.975,0,NTP-newtaipei-idx9858-0-0|qp10
1.91,50.0,10.0,9.0,24,1.39,0.48,1.229842955429273,6686,0.0729275741710312,40,41,1.025,0,NTP-newtaipei-idx9858-0-0|qp10
1.707,50.0,8.0,7.0,10,1.39,0.48,1.2125976199330228,5378,0.0656365944151556,32,31,0.96875,0,NYC-nyc-110605-0-2|qp8
1.707,50.0,8.0,7.0,26,1.39,0.48,1.2578590629800008,5208,0.0635618043350931,32,32,1.0,0,NYC-nyc-110605-0-2|qp8
2.408,50.0,12.0,19.0,12,1.39,0.48,1.2526553818323145,7739,0.0669556339977846,48,50,1.0416666666666667,0,NYC-nyc-17655-0-0|qp12
2.408,50.0,12.0,19.0,28,1.39,0.48,1.2087198281309293,7913,0.068461032668881,48,48,1.0,0,NYC-nyc-17655-0-0|qp12
2.408,50.0,29.0,11.0,14,1.39,0.48,1.168937490540396,19821,0.1714856727574768,116,116,1.0,0,NYC-nyc-17655-0-0|qp29
2.073,50.0,10.0,11.0,0,1.39,0.48,1.1590220014194683,7045,0.0708011738221588,40,39,0.975,0,NYC-nyc-199805-0-0|qp10
2.073,50.0,10.0,11.0,16,1.39,0.48,1.2734622033631624,6363,0.0639471780028955,40,41,1.025,0,NYC-nyc-199805-0-0|qp10
2.073,50.0,25.0,7.0,2,1.39,0.48,1.1360508407851635,17781,0.1786963338157279,100,98,0.98,0,NYC-nyc-199805-0-0|qp25
2.073,50.0,25.0,7.0,18,1.39,0.48,1.1802647847894985,17146,0.1723146808168511,100,96,0.96,0,NYC-nyc-199805-0-0|qp25
3.17,50.0,38.0,11.0,4,1.39,0.48,1.224358685143249,24824,0.1631440588853818,152,153,1.006578947368421,0,NYC-nyc-20131-0-2|qp38
3.17,50.0,38.0,11.0,20,1.39,0.48,1.2219913890230294,24852,0.1633280757097778,152,153,1.006578947368421,0,NYC-nyc-20131-0-2|qp38
2.56,50.0,31.0,13.0,6,1.39,0.48,1.1781794532212009,21142,0.1720540364583333,124,123,0.9919354838709676,0,NYC-nyc-214464-0-0|qp31
2.56,50.0,31.0,13.0,22,1.39,0.48,1.221148672127139,20145,0.1639404296875,124,121,0.9758064516129032,0,NYC-nyc-214464-0-0|qp31
2.56,50.0,31.0,14.0,8,1.39,0.48,1.1655450391645188,21448,0.1745442708333333,124,125,1.0080645161290325,0,NYC-nyc-214464-0-0|qp31
2.56,50.0,31.0,14.0,24,1.39,0.48,1.2207694569691927,20404,0.1660481770833333,124,125,1.0080645161290325,0,NYC-nyc-214464-0-0|qp31
2.347,50.0,35.0,9.0,10,1.39,0.48,1.1591800401203547,23928,0.2123988069876423,140,139,0.9928571428571428,0,NYC-nyc-267383-0-0|qp35
2.347,50.0,35.0,9.0,26,1.39,0.48,1.1776449108079157,23825,0.2114845192444239,140,142,1.0142857142857142,0,NYC-nyc-267383-0-0|qp35
2.377,50.0,12.0,16.0,12,1.39,0.48,1.3084437805540812,7364,0.06454213995232,48,50,1.0416666666666667,0,NYC-nyc-27695-0-3|qp12
2.377,50.0,12.0,16.0,28,1.39,0.48,1.2111933534743176,7944,0.0696255784602429,48,49,1.0208333333333333,0,NYC-nyc-27695-0-3|qp12
2.377,50.0,12.0,17.0,14,1.39,0.48,1.2443640124094535,7736,0.0678025522367116,48,46,0.9583333333333334,0,NYC-nyc-27695-0-3|qp12
2.377,50.0,28.0,11.0,0,1.39,0.48,1.1532698058695503,19729,0.1729157902117506,112,109,0.9732142857142856,0,NYC-nyc-27695-0-3|qp28
2.377,50.0,28.0,11.0,16,1.39,0.48,1.23006673595537,18281,0.1602247230402465,112,115,1.0267857142857142,0,NYC-nyc-27695-0-3|qp28
1.676,50.0,8.0,7.0,2,1.39,0.48,1.2344143126176677,5310,0.0660053699284028,32,32,1.0,0,NYC-nyc-46079-0-1|qp8
1.676,50.0,8.0,7.0,18,1.39,0.48,1.2366001140901604,5259,0.0653714200477343,32,33,1.03125,0,NYC-nyc-46079-0-1|qp8
3.048,50.0,37.0,13.0,4,1.39,0.48,1.216228444736282,24356,0.1664752843394614,148,145,0.9797297297297296,0,NYC-nyc-59808-0-1|qp37
3.048,50.0,37.0,13.0,20,1.39,0.48,1.2032330615687783,24899,0.170186734470696,148,147,0.9932432432432432,0,NYC-nyc-59808-0-1|qp37
3.048,50.0,37.0,14.0,6,1.39,0.48,1.1901543725631494,25134,0.1717929790026316,148,152,1.027027027027027,0,NYC-nyc-59808-0-1|qp37
3.048,50.0,37.0,14.0,22,1.39,0.48,1.190162546155036,24916,0.1703029308836419,148,147,0.9932432432432432,0,NYC-nyc-59808-0-1|qp37
5.06,50.0,25.0,19.0,8,1.39,0.48,1.1772173244186226,16901,0.0695858036890652,100,97,0.97,0,NYC-nyc-62758-0-0|qp25
5.06,50.0,25.0,19.0,24,1.39,0.48,1.231744440393776,16458,0.0677618577075104,100,101,1.01,0,NYC-nyc-62758-0-0|qp25
5.06,50.0,61.0,9.0,10,1.39,0.48,1.1454743944149377,42686,0.1757493412384727,244,241,0.9877049180327868,0,NYC-nyc-62758-0-0|qp61
5.06,50.0,61.0,9.0,26,1.39,0.48,1.1111267412652155,43790,0.1802947957839267,244,240,0.9836065573770492,0,NYC-nyc-62758-0-0|qp61
3.719,50.0,19.0,19.0,12,1.39,0.48,1.2270149971930475,12469,0.069849645962177,76,75,0.986842105263158,0,NYC-nyc-9648-0-0|qp19
3.719,50.0,19.0,19.0,28,1.39,0.48,1.20957869634339,12580,0.0704714528995267,76,76,1.0,0,NYC-nyc-9648-0-0|qp19
3.719,50.0,45.0,11.0,14,1.39,0.48,1.1531398568019129,31425,0.1760385856413032,180,178,0.9888888888888888,0,NYC-nyc-9648-0-0|qp45
2.103,50.0,32.0,7.0,0,1.39,0.48,1.0878847446236697,23808,0.2358535425582461,128,128,1.0,0,NYC-nyc-98749-0-2|qp32
2.103,50.0,32.0,7.0,16,1.39,0.48,1.1670209872626365,22061,0.2185469171025528,128,127,0.9921875,0,NYC-nyc-98749-0-2|qp32
4.115,50.0,62.0,7.0,2,1.39,0.48,1.01392218632729,49837,0.2523136897529371,248,250,1.0080645161290325,0,SEA-seattle-5423808-0-1|qp62
4.115,50.0,62.0,7.0,18,1.39,0.48,1.0767356729191646,46276,0.2342851356824604,248,246,0.9919354838709676,0,SEA-seattle-5423808-0-1|qp62
1.829,50.0,9.0,7.0,4,1.39,0.48,1.310138642019213,5626,0.0640832877710945,36,36,1.0,0,SEA-seattle-5426480-0-0|qp9
1.829,50.0,9.0,7.0,20,1.39,0.48,1.2893735457311468,5587,0.0636390559504277,36,37,1.0277777777777777,0,SEA-seattle-5426480-0-0|qp9
2.54,50.0,38.0,11.0,6,1.39,0.48,1.220074432750456,24989,0.2049622703412129,152,154,1.013157894736842,0,SEA-seattle-5426595-0-0|qp38
2.54,50.0,38.0,11.0,22,1.39,0.48,1.174131177758139,26041,0.2135908792650938,152,149,0.9802631578947368,0,SEA-seattle-5426595-0-0|qp38
1.651,50.0,8.0,7.0,8,1.39,0.48,1.2186772983114635,5330,0.0672572178477675,32,31,0.96875,0,SEA-seattle-5432169-0-1|qp8
1.651,50.0,8.0,7.0,24,1.39,0.48,1.2413576033371383,5274,0.0665505754088417,32,33,1.03125,0,SEA-seattle-5432169-0-1|qp8
1.829,50.0,9.0,7.0,10,1.39,0.48,1.2524746694143856,5823,0.0663272279934384,36,37,1.0277777777777777,0,SEA-seattle-5433778-0-0|qp9
1.829,50.0,9.0,7.0,26,1.39,0.48,1.258629380286512,5793,0.0659855112083105,36,37,1.0277777777777777,0,SEA-seattle-5433778-0-0|qp9
2.438,50.0,37.0,11.0,12,1.39,0.48,1.1718658214890794,25399,0.2170409488651985,148,149,1.0067567567567568,0,SEA-seattle-5434873-0-0|qp37
2.438,50.0,37.0,11.0,28,1.39,0.48,1.1640120368922997,25588,0.2186560021875938,148,147,0.9932432432432432,0,SEA-seattle-5434873-0-0|qp37
1.829,50.0,9.0,11.0,14,1.39,0.48,1.2563402606551564,5678,0.0646755968653174,36,37,1.0277777777777777,0,SEA-seattle-5438086-0-1|qp9
4.064,50.0,61.0,7.0,0,1.39,0.48,1.095991600979054,44529,0.2282695620078746,244,248,1.0163934426229508,0,SEA-seattle-5445989-0-0|qp61
4.064,50.0,61.0,7.0,16,1.39,0.48,1.1610316802124667,42203,0.2163457595144349,244,237,0.971311475409836,0,SEA-seattle-5445989-0-0|qp61
1.829,50.0,9.0,7.0,2,1.39,0.48,1.27591638736991,5669,0.0645730818297777,36,35,0.9722222222222222,0,SEA-seattle-5449118-0-0|qp9
1.829,50.0,9.0,7.0,18,1.39,0.48,1.2473637625824066,5762,0.0656324038636777,36,36,1.0,0,SEA-seattle-5449118-0-0|qp9
1.829,50.0,22.0,7.0,4,1.39,0.48,1.2183851314348306,14608,0.1663932932385638,88,87,0.9886363636363636,0,SEA-seattle-5449903-0-0|qp22
1.829,50.0,22.0,7.0,20,1.39,0.48,1.112718127057047,16103,0.1834221796974665,88,88,1.0,0,SEA-seattle-5449903-0-0|qp22
1.829,50.0,9.0,9.0,6,1.39,0.48,1.2477037790205148,5901,0.067215691634772,36,37,1.0277777777777777,0,SEA-seattle-5449903-0-0|qp9
1.829,50.0,9.0,9.0,22,1.39,0.48,1.229008278425407,5919,0.0674207217058492,36,37,1.0277777777777777,0,SEA-seattle-5449903-0-0|qp9
2.438,50.0,12.0,19.0,8,1.39,0.48,1.2244359171143309,7818,0.0668068088597219,48,47,0.9791666666666666,0,SEA-seattle-5452128-0-1|qp12
2.438,50.0,12.0,19.0,24,1.39,0.48,1.238997925849154,7714,0.0659181022696218,48,48,1.0,0,SEA-seattle-5452128-0-1|qp12
2.438,50.0,29.0,13.0,10,1.39,0.48,1.1687778728545068,19867,0.1697685944763498,116,113,0.9741379310344828,0,SEA-seattle-5452128-0-1|qp29
2.438,50.0,29.0,13.0,26,1.39,0.48,1.200554121049359,19364,0.1654703308723029,116,116,1.0,0,SEA-seattle-5452128-0-1|qp29
2.438,50.0,29.0,14.0,12,1.39,0.48,1.1664575386468807,19924,0.1702556740497712,116,115,0.9913793103448276,0,SEA-seattle-5452128-0-1|qp29
2.438,50.0,29.0,14.0,28,1.39,0.48,1.1523608017818054,20205,0.1726568908941791,116,118,1.0172413793103448,0,SEA-seattle-5452128-0-1|qp29
1.829,50.0,22.0,9.0,14,1.39,0.48,1.0883814993953922,16540,0.1883998542008362,88,90,1.0227272727272727,0,SEA-seattle-5453813-0-0|qp22
1.829,50.0,9.0,9.0,0,1.39,0.48,1.1238876923077306,6500,0.0740386367778372,36,36,1.0,0,SEA-seattle-5453813-0-0|qp9
1.829,50.0,9.0,9.0,16,1.39,0.48,1.2022095671981643,6146,0.0700063787133221,36,34,0.9444444444444444,0,SEA-seattle-5453813-0-0|qp9
2.591,50.0,31.0,13.0,2,1.39,0.48,1.1864629091429024,20989,0.168765277241732,124,126,1.0161290322580645,0,SEA-seattle-5454776-0-1|qp31
2.591,50.0,31.0,13.0,18,1.39,0.48,1.196851254393971,20767,0.1669802521548936,124,122,0.9838709677419356,0,SEA-seattle-5454776-0-1|qp31
2.591,50.0,31.0,14.0,4,1.39,0.48,1.2167739596925595,20691,0.1663691624855249,124,125,1.0080645161290325,0,SEA-seattle-5454776-0-1|qp31
2.591,50.0,31.0,14.0,20,1.39,0.48,1.2248194972591413,20249,0.1628151936189348,124,124,1.0,0,SEA-seattle-5454776-0-1|qp31
1.8,50.0,22.0,7.0,6,1.39,0.48,1.1701864573110825,15285,0.1769097222222273,88,85,0.9659090909090908,0,TAO-taoyuan-idx10181-0-0|qp22
1.8,50.0,22.0,7.0,22,1.39,0.48,1.1844653754311638,15076,0.174490740740747,88,88,1.0,0,TAO-taoyuan-idx10181-0-0|qp22
1.8,50.0,9.0,7.0,8,1.39,0.48,1.2397959530691955,5881,0.068067129629629,36,35,0.9722222222222222,0,TAO-taoyuan-idx10181-0-0|qp9
1.8,50.0,9.0,7.0,24,1.39,0.48,1.3022118270079523,5665,0.0655671296296291,36,36,1.0,0,TAO-taoyuan-idx10181-0-0|qp9
3.0,50.0,36.0,11.0,10,1.39,0.48,1.180532978287532,24410,0.1695138888888889,144,144,1.0,0,TAO-taoyuan-idx158-0-0|qp36
3.0,50.0,36.0,11.0,26,1.39,0.48,1.2137926249842272,23783,0.1651597222222213,144,145,1.0069444444444444,0,TAO-taoyuan-idx158-0-0|qp36
2.4,50.0,12.0,16.0,12,1.39,0.48,1.3036669848629805,7333,0.0636545138888889,48,49,1.0208333333333333,0,TAO-taoyuan-idx3410-0-9|qp12
2.4,50.0,12.0,16.0,28,1.39,0.48,1.22887088542997,7838,0.0680381944444451,48,49,1.0208333333333333,0,TAO-taoyuan-idx3410-0-9|qp12
2.4,50.0,12.0,17.0,14,1.39,0.48,1.258368719504084,7583,0.0658246527777782,48,48,1.0,0,TAO-taoyuan-idx3410-0-9|qp12
2.4,50.0,29.0,11.0,0,1.39,0.48,1.1571748522619858,20137,0.1748003472222218,116,117,1.0086206896551724,0,TAO-taoyuan-idx3410-0-9|qp29
2.4,50.0,29.0,11.0,16,1.39,0.48,1.2311183721177388,18822,0.1633854166666664,116,118,1.0172413793103448,0,TAO-taoyuan-idx3410-0-9|qp29
2.04,50.0,10.0,9.0,2,1.39,0.48,1.253097910820094,6414,0.0655024509803919,40,40,1.0,0,TAO-taoyuan-idx3430-0-3|qp10
2.04,50.0,10.0,9.0,18,1.39,0.48,1.2373514012934548,6494,0.0663194444444443,40,39,0.975,0,TAO-taoyuan-idx3430-0-3|qp10
2.04,50.0,24.0,9.0,4,1.39,0.48,1.1625111191249244,16638,0.1699142156862718,96,95,0.9895833333333334,0,TAO-taoyuan-idx3430-0-3|qp24
2.04,50.0,24.0,9.0,20,1.39,0.48,1.2102287397380218,15957,0.1629595588235289,96,94,0.9791666666666666,0,TAO-taoyuan-idx3430-0-3|qp24
1.87,50.0,22.0,7.0,6,1.39,0.48,1.1771161990470858,15112,0.168360071301248,88,85,0.9659090909090908,0,TAO-taoyuan-idx5160-0-0|qp22
1.87,50.0,22.0,7.0,22,1.39,0.48,1.2039448681921765,14946,0.1665106951871669,88,91,1.0340909090909092,0,TAO-taoyuan-idx5160-0-0|qp22
1.87,50.0,9.0,9.0,8,1.39,0.48,1.2500739975907629,5811,0.0647393048128337,36,35,0.9722222222222222,0,TAO-taoyuan-idx5160-0-0|qp9
1.87,50.0,9.0,9.0,24,1.39,0.48,1.2849015164720332,5737,0.0639148841354721,36,36,1.0,0,TAO-taoyuan-idx5160-0-0|qp9
6.92,50.0,35.0,13.0,10,1.39,0.48,1.2003811252268752,23142,0.0696712427745654,140,140,1.0,0,TAO-taoyuan-idx531-0-1|qp35
6.92,50.0,35.0,13.0,26,1.39,0.48,1.2228605885189503,22803,0.0686506502890161,140,142,1.0142857142857142,0,TAO-taoyuan-idx531-0-1|qp35
6.92,50.0,35.0,14.0,12,1.39,0.48,1.2143142534526268,23026,0.0693220134874754,140,138,0.9857142857142858,0,TAO-taoyuan-idx531-0-1|qp35
6.92,50.0,35.0,14.0,28,1.39,0.48,1.2102057507987656,23475,0.0706737716762999,140,138,0.9857142857142858,0,TAO-taoyuan-idx531-0-1|qp35
6.92,50.0,83.0,11.0,14,1.39,0.48,0.933509936593106,70497,0.2122380780346854,332,333,1.0030120481927711,0,TAO-taoyuan-idx531-0-1|qp83
2.6,50.0,31.0,13.0,0,1.39,0.48,1.1622186525120153,21477,0.1720913461538417,124,127,1.0241935483870968,0,TAO-taoyuan-idx5379-0-4|qp31
2.6,50.0,31.0,13.0,16,1.39,0.48,1.215327293980215,20532,0.1645192307692271,124,123,0.9919354838709676,0,TAO-taoyuan-idx5379-0-4|qp31
2.6,50.0,31.0,14.0,2,1.39,0.48,1.180987368122293,21137,0.1693669871794836,124,128,1.032258064516129,0,TAO-taoyuan-idx5379-0-4|qp31
2.6,50.0,31.0,14.0,18,1.39,0.48,1.1874722235468436,20971,0.1680368589743533,124,120,0.967741935483871,0,TAO-taoyuan-idx5379-0-4|qp31
2.28,50.0,34.0,9.0,4,1.39,0.48,1.1803272695621672,22978,0.2099597953216396,136,136,1.0,0,TAO-taoyuan-idx578-0-8|qp34
2.28,50.0,34.0,9.0,20,1.39,0.48,1.1747548702000472,23151,0.2115405701754428,136,139,1.0220588235294117,0,TAO-taoyuan-idx578-0-8|qp34
2.3,50.0,12.0,16.0,6,1.39,0.48,1.230261766602264,7755,0.0702445652173892,48,49,1.0208333333333333,0,TAO-taoyuan-idx6720-0-3|qp12
2.3,50.0,12.0,16.0,22,1.39,0.48,1.2933977303431574,7402,0.0670471014492732,48,49,1.0208333333333333,0,TAO-taoyuan-idx6720-0-3|qp12
2.3,50.0,12.0,17.0,8,1.39,0.48,1.1867793462109677,8076,0.0731521739130411,48,47,0.9791666666666666,0,TAO-taoyuan-idx6720-0-3|qp12
2.3,50.0,12.0,17.0,24,1.39,0.48,1.222472025723508,7775,0.070425724637679,48,49,1.0208333333333333,0,TAO-taoyuan-idx6720-0-3|qp12
2.3,50.0,28.0,11.0,10,1.39,0.48,1.1957078938958507,18774,0.1700543478260862,112,109,0.9732142857142856,0,TAO-taoyuan-idx6720-0-3|qp28
2.3,50.0,28.0,11.0,26,1.39,0.48,1.181535441315045,19102,0.1730253623188395,112,110,0.9821428571428572,0,TAO-taoyuan-idx6720-0-3|qp28
2.23,50.0,11.0,11.0,12,1.39,0.48,1.323543827995824,6651,0.0621356502242139,44,46,1.0454545454545454,0,TAO-taoyuan-idx7044-0-7|qp11
2.23,50.0,11.0,11.0,28,1.39,0.48,1.2638804905875862,7012,0.0655082212257078,44,45,1.0227272727272727,0,TAO-taoyuan-idx7044-0-7|qp11
2.23,50.0,27.0,11.0,14,1.39,0.48,1.1536544530623218,18695,0.1746543348281016,108,109,1.0092592592592593,0,TAO-taoyuan-idx7044-0-7|qp27
1.97,50.0,10.0,9.0,0,1.39,0.48,1.1815630422209515,6916,0.0731387478849418,40,39,0.975,0,TAO-taoyuan-idx718-0-1|qp10
1.97,50.0,10.0,9.0,16,1.39,0.48,1.2888804313352165,6306,0.0666878172588832,40,40,1.0,0,TAO-taoyuan-idx718-0-1|qp10
1.97,50.0,24.0,7.0,2,1.39,0.48,1.1584828828829423,16650,0.176078680203044,96,93,0.96875,0,TAO-taoyuan-idx718-0-1|qp24
1.97,50.0,24.0,7.0,18,1.39,0.48,1.178024601144818,16422,0.1736675126903557,96,95,0.9895833333333334,0,TAO-taoyuan-idx718-0-1|qp24
3.07,50.0,37.0,13.0,4,1.39,0.48,1.2187783121633031,24327,0.1650855048859931,148,150,1.0135135135135136,0,TAO-taoyuan-idx9038-0-2|qp37
3.07,50.0,37.0,13.0,20,1.39,0.48,1.2310722009648998,24044,0.1631650380021713,148,147,0.9932432432432432,0,TAO-taoyuan-idx9038-0-2|qp37
3.07,50.0,37.0,14.0,6,1.39,0.48,1.2038672473586909,24798,0.1682817589576536,148,153,1.0337837837837838,0,TAO-taoyuan-idx9038-0-2|qp37
3.07,50.0,37.0,14.0,22,1.39,0.48,1.1921884255182906,24986,0.1695575461454928,148,147,0.9932432432432432,0,TAO-taoyuan-idx9038-0-2|qp37
2.69,50.0,40.0,11.0,8,1.39,0.48,1.1810247582772275,27304,0.2114622057001205,160,159,0.99375,0,TPE-taipei-idx11047-0-0|qp40
2.69,50.0,40.0,11.0,24,1.39,0.48,1.2070992942597178,26497,0.205212205700122,160,159,0.99375,0,TPE-taipei-idx11047-0-0|qp40
1.99,50.0,10.0,11.0,10,1.39,0.48,1.2742793861730692,6321,0.0661746231155776,40,41,1.025,0,TPE-taipei-idx14193-0-0|qp10
1.99,50.0,10.0,11.0,26,1.39,0.48,1.2203138201569108,6628,0.0693886097152429,40,41,1.025,0,TPE-taipei-idx14193-0-0|qp10
1.99,50.0,24.0,7.0,12,1.39,0.48,1.1593057607089954,16925,0.1771880234505829,96,98,1.0208333333333333,0,TPE-taipei-idx14193-0-0|qp24
1.99,50.0,24.0,7.0,28,1.39,0.48,1.1302192880409416,17192,0.179983249581237,96,94,0.9791666666666666,0,TPE-taipei-idx14193-0-0|qp24
2.36,50.0,12.0,16.0,14,1.39,0.48,1.256618572927514,7624,0.0673022598870047,48,46,0.9583333333333334,0,TPE-taipei-idx15074-0-0|qp12
2.36,50.0,12.0,17.0,0,1.39,0.48,1.159002161383288,8328,0.0735169491525426,48,48,1.0,0,TPE-taipei-idx15074-0-0|qp12
2.36,50.0,12.0,17.0,16,1.39,0.48,1.2429206963249684,7755,0.0684586864406779,48,47,0.9791666666666666,0,TPE-taipei-idx15074-0-0|qp12
2.36,50.0,28.0,11.0,2,1.39,0.48,1.1490522758691897,19531,0.1724134887005668,112,111,0.9910714285714286,0,TPE-taipei-idx15074-0-0|qp28
2.36,50.0,28.0,11.0,18,1.39,0.48,1.193823813096139,18662,0.1647422316384172,112,114,1.0178571428571428,0,TPE-taipei-idx15074-0-0|qp28
2.48,50.0,37.0,11.0,4,1.39,0.48,1.1725006898181427,25369,0.2131132392473141,148,150,1.0135135135135136,0,TPE-taipei-idx15608-0-1|qp37
2.48,50.0,37.0,11.0,20,1.39,0.48,1.176551353503172,25120,0.2110215053763463,148,147,0.9932432432432432,0,TPE-taipei-idx15608-0-1|qp37
1.96,50.0,10.0,11.0,6,1.39,0.48,1.2356961832061215,6550,0.0696215986394547,40,41,1.025,0,TPE-taipei-idx1592-0-2|qp10
1.96,50.0,10.0,11.0,22,1.39,0.48,1.248508553654733,6430,0.0683460884353744,40,39,0.975,0,TPE-taipei-idx1592-0-2|qp10
1.96,50.0,24.0,7.0,8,1.39,0.48,1.1092216185301191,17485,0.1858524659863993,96,93,0.96875,0,TPE-taipei-idx1592-0-2|qp24
1.96,50.0,24.0,7.0,24,1.39,0.48,1.120874726287922,17354,0.1844600340136107,96,97,1.0104166666666667,0,TPE-taipei-idx1592-0-2|qp24
2.05,50.0,10.0,9.0,10,1.39,0.48,1.3013406092197377,6139,0.0623882113821141,40,41,1.025,0,TPE-taipei-idx326-0-1|qp10
2.05,50.0,10.0,9.0,26,1.39,0.48,1.265957312252964,6325,0.0642784552845531,40,40,1.0,0,TPE-taipei-idx326-0-1|qp10
2.05,50.0,25.0,7.0,12,1.39,0.48,1.1323941597610347,17739,0.1802743902439018,100,100,1.0,0,TPE-taipei-idx326-0-1|qp25
2.05,50.0,25.0,7.0,28,1.39,0.48,1.1808140961954128,17111,0.1738922764227659,100,99,0.99,0,TPE-taipei-idx326-0-1|qp25
3.54,50.0,18.0,19.0,14,1.39,0.48,1.2689513839601676,11272,0.0663370998116774,72,72,1.0,0,TPE-taipei-idx4344-0-0|qp18
3.54,50.0,42.0,11.0,0,1.39,0.48,1.1693602832491083,29091,0.1712040960451977,168,173,1.0297619047619049,0,TPE-taipei-idx4344-0-0|qp42
3.54,50.0,42.0,11.0,16,1.39,0.48,1.2023092864544629,27987,0.1647069209039555,168,163,0.9702380952380952,0,TPE-taipei-idx4344-0-0|qp42
2.06,50.0,10.0,11.0,2,1.39,0.48,1.253927182200124,6427,0.0649979773462776,40,40,1.0,0,TPE-taipei-idx674-0-1|qp10
2.06,50.0,10.0,11.0,18,1.39,0.48,1.274597444089409,6260,0.0633090614886729,40,41,1.025,0,TPE-taipei-idx674-0-1|qp10
2.06,50.0,25.0,7.0,4,1.39,0.48,1.152594027809423,17548,0.1774676375404518,100,101,1.01,0,TPE-taipei-idx674-0-1|qp25
2.06,50.0,25.0,7.0,20,1.39,0.48,1.1389864902741422,17839,0.1804105987055016,100,100,1.0,0,TPE-taipei-idx674-0-1|qp25
2.99,50.0,45.0,11.0,6,1.39,0.48,1.1658125768259482,30914,0.2153985507246406,180,181,1.0055555555555555,0,TPE-taipei-idx813-0-1|qp45
2.99,50.0,45.0,11.0,22,1.39,0.48,1.1446514579432616,31517,0.2196000557413627,180,180,1.0,0,TPE-taipei-idx813-0-1|qp45
3.55,50.0,18.0,19.0,8,1.39,0.48,1.2550200383341887,11478,0.0673591549295766,72,72,1.0,0,TPE-taipei-idx9453-0-1|qp18
3.55,50.0,18.0,19.0,24,1.39,0.48,1.2699475788538026,11255,0.0660504694835672,72,73,1.0138888888888888,0,TPE-taipei-idx9453-0-1|qp18
3.55,50.0,43.0,11.0,10,1.39,0.48,1.1673950115814966,29789,0.1748180751173736,172,173,1.005813953488372,0,TPE-taipei-idx9453-0-1|qp43
3.55,50.0,43.0,11.0,26,1.39,0.48,1.176088219215606,29268,0.1717605633802824,172,169,0.9825581395348836,0,TPE-taipei-idx9453-0-1|qp43
2.098,50.0,10.0,11.0,1,1.39,0.48,1.2349722479185563,6486,0.0644065776930417,40,40,1.0,0,AMS-amsterdam-chain-141619-0|qp10
2.098,50.0,10.0,11.0,17,1.39,0.48,1.2130802766085491,6652,0.06605497299015,40,39,0.975,0,AMS-amsterdam-chain-141619-0|qp10
2.098,50.0,25.0,9.0,3,1.39,0.48,1.1368544389364303,17752,0.1762789958690806,100,100,1.0,0,AMS-amsterdam-chain-141619-0|qp25
2.098,50.0,25.0,9.0,19,1.39,0.48,1.1205091922005364,17950,0.178245154115028,100,102,1.02,0,AMS-amsterdam-chain-141619-0|qp25
3.89,50.0,19.0,19.0,5,1.39,0.48,1.2790458592306777,11906,0.0637639245929713,76,75,0.986842105263158,0,AMS-amsterdam-chain-158080-0|qp19
3.89,50.0,19.0,19.0,21,1.39,0.48,1.2164455768770823,12559,0.0672611396743769,76,76,1.0,0,AMS-amsterdam-chain-158080-0|qp19
3.89,50.0,47.0,13.0,7,1.39,0.48,1.1087052715419363,33899,0.1815499143101968,188,188,1.0,0,AMS-amsterdam-chain-158080-0|qp47
3.89,50.0,47.0,13.0,23,1.39,0.48,1.0463907707686526,36016,0.1928877463581812,188,192,1.0212765957446808,0,AMS-amsterdam-chain-158080-0|qp47
3.89,50.0,47.0,14.0,9,1.39,0.48,1.125575614705295,33512,0.1794772922022253,188,191,1.0159574468085106,0,AMS-amsterdam-chain-158080-0|qp47
3.89,50.0,47.0,14.0,25,1.39,0.48,1.081280093449864,35099,0.1879766495287045,188,186,0.9893617021276596,0,AMS-amsterdam-chain-158080-0|qp47
2.267,50.0,11.0,9.0,11,1.39,0.48,1.2204563324909157,7122,0.0654499338332603,44,45,1.0227272727272727,0,AMS-amsterdam-chain-166482-0|qp11
2.267,50.0,11.0,9.0,27,1.39,0.48,1.2214903108880328,7173,0.065918614909573,44,44,1.0,0,AMS-amsterdam-chain-166482-0|qp11
2.267,50.0,27.0,9.0,13,1.39,0.48,1.0667481769567182,20570,0.1890347007792919,108,110,1.0185185185185186,0,AMS-amsterdam-chain-166482-0|qp27
2.267,50.0,27.0,9.0,29,1.39,0.48,1.0992392240287725,19743,0.181434715483013,108,107,0.9907407407407408,0,AMS-amsterdam-chain-166482-0|qp27
2.796,50.0,14.0,19.0,15,1.39,0.48,1.2619643454039409,8975,0.0668738078206959,56,57,1.0178571428571428,0,AMS-amsterdam-chain-22812-0|qp14
2.796,50.0,34.0,11.0,1,1.39,0.48,1.187044319873832,22834,0.1701388888888856,136,135,0.9926470588235294,0,AMS-amsterdam-chain-22812-0|qp34
2.796,50.0,34.0,11.0,17,1.39,0.48,1.23639093588792,21712,0.1617787315212197,136,133,0.9779411764705882,0,AMS-amsterdam-chain-22812-0|qp34
2.575,50.0,13.0,19.0,3,1.39,0.48,1.198181818181884,8866,0.0717313915857607,52,52,1.0,0,AMS-amsterdam-chain-32802-0|qp13
2.575,50.0,13.0,19.0,19,1.39,0.48,1.185919559986281,8727,0.0706067961165043,52,52,1.0,0,AMS-amsterdam-chain-32802-0|qp13
2.575,50.0,31.0,13.0,5,1.39,0.48,1.187725346412116,21001,0.1699110032362446,124,121,0.9758064516129032,0,AMS-amsterdam-chain-32802-0|qp31
2.575,50.0,31.0,13.0,21,1.39,0.48,1.1440842163204263,21801,0.1763834951456291,124,126,1.0161290322580645,0,AMS-amsterdam-chain-32802-0|qp31
2.575,50.0,31.0,14.0,7,1.39,0.48,1.0822876187157031,22954,0.1857119741100316,124,123,0.9919354838709676,0,AMS-amsterdam-chain-32802-0|qp31
2.575,50.0,31.0,14.0,23,1.39,0.48,1.096042990819247,22656,0.1833009708737854,124,123,0.9919354838709676,0,AMS-amsterdam-chain-32802-0|qp31
2.482,50.0,12.0,19.0,9,1.39,0.48,1.216002279346566,7897,0.0662855895782973,48,49,1.0208333333333333,0,AMS-amsterdam-chain-44642-0|qp12
2.482,50.0,12.0,19.0,25,1.39,0.48,1.2432470557784272,7727,0.0648586489390276,48,48,1.0,0,AMS-amsterdam-chain-44642-0|qp12
2.482,50.0,30.0,13.0,11,1.39,0.48,1.1879948952044532,20373,0.1710062449637386,120,119,0.9916666666666668,0,AMS-amsterdam-chain-44642-0|qp30
2.482,50.0,30.0,13.0,27,1.39,0.48,1.1956447640626726,20302,0.1704102874026338,120,117,0.975,0,AMS-amsterdam-chain-44642-0|qp30
2.482,50.0,30.0,14.0,13,1.39,0.48,1.134032006797858,21183,0.177805197421435,120,120,1.0,0,AMS-amsterdam-chain-44642-0|qp30
2.482,50.0,30.0,14.0,29,1.39,0.48,1.151993136974537,20982,0.176118049959711,120,120,1.0,0,AMS-amsterdam-chain-44642-0|qp30
2.166,50.0,11.0,13.0,15,1.39,0.48,1.2426206800055777,7147,0.0687423053247142,44,44,1.0,0,AMS-amsterdam-chain-45268-50|qp11
2.166,50.0,11.0,14.0,1,1.39,0.48,1.20657919151755,7545,0.0725704062788551,44,44,1.0,0,AMS-amsterdam-chain-45268-50|qp11
2.166,50.0,11.0,14.0,17,1.39,0.48,1.260181226107902,7063,0.0679343644198215,44,43,0.9772727272727272,0,AMS-amsterdam-chain-45268-50|qp11
2.166,50.0,26.0,9.0,3,1.39,0.48,1.1177257107153815,19206,0.1847299168975049,104,102,0.9807692307692308,0,AMS-amsterdam-chain-45268-50|qp26
2.166,50.0,26.0,9.0,19,1.39,0.48,1.1909328166846556,17549,0.1687923207140666,104,106,1.0192307692307692,0,AMS-amsterdam-chain-45268-50|qp26
1.662,50.0,20.0,11.0,5,1.39,0.48,1.2156852175233634,13171,0.1650997793822672,80,80,1.0,0,AMS-amsterdam-chain-79104-0|qp20
1.662,50.0,20.0,11.0,21,1.39,0.48,1.191240897607352,13458,0.1686973525872418,80,78,0.975,0,AMS-amsterdam-chain-79104-0|qp20
1.662,50.0,8.0,11.0,7,1.39,0.48,1.2182505559673402,5396,0.0676393902928196,32,31,0.96875,0,AMS-amsterdam-chain-79104-0|qp8
1.662,50.0,8.0,11.0,23,1.39,0.48,1.2050000000000047,5452,0.0683413557962298,32,30,0.9375,0,AMS-amsterdam-chain-79104-0|qp8
2.408,50.0,43.3,7.0,9,1.39,0.48,1.1444749174917397,30300,0.2621470099667737,172,171,0.994186046511628,0,DC-012|qp43.3
2.408,50.0,43.3,7.0,25,1.39,0.48,1.114340361829509,31396,0.2716292912513846,172,174,1.0116279069767442,0,DC-012|qp43.3
3.719,50.0,66.9,7.0,11,1.39,0.48,1.079824473117676,49679,0.2782950165815206,268,263,0.9813432835820896,0,DC-015|qp66.9
3.719,50.0,66.9,7.0,27,1.39,0.48,1.0094044040284016,53224,0.2981536255265787,268,267,0.996268656716418,0,DC-015|qp66.9
2.722,50.0,49.0,9.0,13,1.39,0.48,1.097601398794019,36317,0.2779589150134725,196,197,1.0051020408163265,0,DC-048|qp49.0
2.722,50.0,49.0,9.0,29,1.39,0.48,1.1289147242260644,34793,0.2662946975263271,196,202,1.030612244897959,0,DC-048|qp49.0
3.609,50.0,65.0,7.0,15,1.39,0.48,1.057468502723193,48655,0.2808661217327042,260,255,0.9807692307692308,0,DC-051|qp65.0
2.48,50.0,44.6,9.0,1,1.39,0.48,1.1262075173720558,31660,0.2659610215053773,178,180,1.0112359550561798,0,DC-066|qp44.6
2.48,50.0,44.6,9.0,17,1.39,0.48,1.1214776307499597,31740,0.266633064516126,178,180,1.0112359550561798,0,DC-066|qp44.6
3.54,50.0,63.7,7.0,3,1.39,0.48,1.0246613095358124,49529,0.2914842278719443,254,250,0.984251968503937,0,DC-069|qp63.7
3.54,50.0,63.7,7.0,19,1.39,0.48,1.107881455398932,46008,0.2707627118644111,254,254,1.0,0,DC-069|qp63.7
2.46,50.0,44.3,9.0,5,1.39,0.48,1.1273507687429898,31545,0.2671493902439038,178,179,1.0056179775280898,0,DC-084|qp44.3
2.46,50.0,44.3,9.0,21,1.39,0.48,1.1111286006610517,31765,0.2690125338753374,178,179,1.0056179775280898,0,DC-084|qp44.3
4.98,50.0,89.6,7.0,7,1.39,0.48,0.9558516026908628,75810,0.3171435742971917,358,358,1.0,0,DC-087|qp89.6
4.98,50.0,89.6,7.0,23,1.39,0.48,0.9962271184091372,72165,0.3018950803212963,358,360,1.005586592178771,0,DC-087|qp89.6
2.438,50.0,43.9,7.0,9,1.39,0.48,1.1261902000580006,31041,0.2652532813781859,176,175,0.9943181818181818,0,DC-099|qp43.9
2.438,50.0,43.9,7.0,25,1.39,0.48,1.1204556986109993,31534,0.2694660924254921,176,179,1.0170454545454546,0,DC-099|qp43.9
2.4,50.0,43.2,9.0,11,1.39,0.48,1.153280092592613,25920,0.2249999999999999,92,121,1.315217391304348,0,DC-114|qp43.2
2.4,50.0,43.2,9.0,27,1.39,0.48,1.1037127673116895,31424,0.2727777777777785,174,177,1.0172413793103448,0,DC-114|qp43.2
1.697,50.0,8.0,7.0,13,1.39,0.48,1.1923880051197993,5469,0.067140542133175,32,31,0.96875,0,MEL-melbourne-1389612-0-2|qp8
1.697,50.0,8.0,7.0,29,1.39,0.48,1.281774960380355,5048,0.0619721076409339,32,33,1.03125,0,MEL-melbourne-1389612-0-2|qp8
2.722,50.0,33.0,13.0,15,1.39,0.48,1.2314595147345435,21514,0.1646614009306883,132,129,0.9772727272727272,0,MEL-melbourne-1389823-0-3|qp33
2.722,50.0,33.0,14.0,1,1.39,0.48,1.1498792039627574,23014,0.1761419299534631,132,132,1.0,0,MEL-melbourne-1389823-0-3|qp33
2.722,50.0,33.0,14.0,17,1.39,0.48,1.229570423519481,21463,0.1642710629439152,132,132,1.0,0,MEL-melbourne-1389823-0-3|qp33
2.156,50.0,11.0,13.0,3,1.39,0.48,1.2516401451703,7164,0.0692254174397043,44,44,1.0,0,MEL-melbourne-1434605-0-0|qp11
2.156,50.0,11.0,13.0,19,1.39,0.48,1.2655754879449057,6968,0.0673314780457653,44,42,0.9545454545454546,0,MEL-melbourne-1434605-0-0|qp11
2.156,50.0,11.0,14.0,5,1.39,0.48,1.2423890929640475,7078,0.0683944032158333,44,44,1.0,0,MEL-melbourne-1434605-0-0|qp11
2.156,50.0,11.0,14.0,21,1.39,0.48,1.237334649555801,7091,0.0685200216450228,44,44,1.0,0,MEL-melbourne-1434605-0-0|qp11
2.156,50.0,26.0,9.0,7,1.39,0.48,1.1233208214917652,18649,0.1802044681508998,104,103,0.9903846153846154,0,MEL-melbourne-1434605-0-0|qp26
2.156,50.0,26.0,9.0,23,1.39,0.48,1.1353885419495422,18415,0.1779433364254824,104,105,1.0096153846153846,0,MEL-melbourne-1434605-0-0|qp26
1.749,50.0,9.0,7.0,9,1.39,0.48,1.2421189024389954,5904,0.0703259005145803,36,36,1.0,0,MEL-melbourne-1465622-0-2|qp9
1.749,50.0,9.0,7.0,25,1.39,0.48,1.23988758215147,5782,0.0688726891557086,36,36,1.0,0,MEL-melbourne-1465622-0-2|qp9
2.348,50.0,12.0,13.0,11,1.39,0.48,1.3037815013405512,7460,0.0661910846110159,48,48,1.0,0,MEL-melbourne-1465759-0-1|qp12
2.348,50.0,12.0,13.0,27,1.39,0.48,1.2708596928730824,7619,0.0676018597387847,48,48,1.0,0,MEL-melbourne-1465759-0-1|qp12
2.348,50.0,12.0,14.0,13,1.39,0.48,1.2071200797209616,8028,0.0712308347529812,48,49,1.0208333333333333,0,MEL-melbourne-1465759-0-1|qp12
2.348,50.0,12.0,14.0,29,1.39,0.48,1.234481605351185,7774,0.0689771436683698,48,47,0.9791666666666666,0,MEL-melbourne-1465759-0-1|qp12
2.348,50.0,28.0,11.0,15,1.39,0.48,1.1963100865777174,18827,0.167048197047132,112,108,0.9642857142857144,0,MEL-melbourne-1465759-0-1|qp28
1.83,50.0,9.0,9.0,1,1.39,0.48,1.2422728807834922,5922,0.0674180327868836,36,37,1.0277777777777777,0,MEL-melbourne-1477330-0-0|qp9
1.83,50.0,9.0,9.0,17,1.39,0.48,1.2617402733964522,5706,0.0649590163934412,36,38,1.0555555555555556,0,MEL-melbourne-1477330-0-0|qp9
5.175,50.0,26.0,19.0,3,1.39,0.48,1.2089152055187835,17395,0.0700281803542666,104,104,1.0,0,MEL-melbourne-1515142-0-0|qp26
5.175,50.0,26.0,19.0,19,1.39,0.48,1.2179027550781671,17132,0.0689694041867953,104,105,1.0096153846153846,0,MEL-melbourne-1515142-0-0|qp26
5.175,50.0,62.0,7.0,5,1.39,0.48,1.0858532456969134,45491,0.1831360708534642,248,246,0.9919354838709676,0,MEL-melbourne-1515142-0-0|qp62
5.175,50.0,62.0,7.0,21,1.39,0.48,1.0713754886377878,46558,0.1874315619967826,248,244,0.9838709677419356,0,MEL-melbourne-1515142-0-0|qp62
1.844,50.0,22.0,7.0,7,1.39,0.48,1.1325315812860923,15753,0.1779758676789582,88,85,0.9659090909090908,0,MEL-melbourne-RPSP02B11034-0-0|qp22
1.844,50.0,22.0,7.0,23,1.39,0.48,1.064935554116914,16991,0.1919626717281262,88,89,1.0113636363636365,0,MEL-melbourne-RPSP02B11034-0-0|qp22
1.844,50.0,9.0,11.0,9,1.39,0.48,1.2633560566334303,5721,0.0646353036876375,36,36,1.0,0,MEL-melbourne-RPSP02B11034-0-0|qp9
1.844,50.0,9.0,11.0,25,1.39,0.48,1.238656974731696,5778,0.0652792841648606,36,36,1.0,0,MEL-melbourne-RPSP02B11034-0-0|qp9
3.609,50.0,54.0,11.0,11,1.39,0.48,1.1288259256377586,38541,0.2224819894707676,216,218,1.0092592592592593,0,MEL-melbourne-RPSP03A10530L1-0-0|qp54
3.609,50.0,54.0,11.0,27,1.39,0.48,1.0880428165077578,40078,0.23135448415997,216,217,1.0046296296296295,0,MEL-melbourne-RPSP03A10530L1-0-0|qp54
3.194,50.0,38.0,13.0,13,1.39,0.48,1.1598620585114492,26388,0.1721195992485946,152,153,1.006578947368421,0,MEL-melbourne-RPSP03A11034L1-0-0|qp38
3.194,50.0,38.0,13.0,29,1.39,0.48,1.1908661017611597,25609,0.1670384575245276,152,157,1.0328947368421053,0,MEL-melbourne-RPSP03A11034L1-0-0|qp38
3.194,50.0,38.0,14.0,15,1.39,0.48,1.1782066074382327,26001,0.1695953350031343,152,151,0.993421052631579,0,MEL-melbourne-RPSP03A11034L1-0-0|qp38
3.121,50.0,16.0,19.0,1,1.39,0.48,1.2319221619564176,10509,0.0701497917334188,64,65,1.015625,0,MEL-melbourne-RPSP07A11127-0-0|qp16
3.121,50.0,16.0,19.0,17,1.39,0.48,1.2934405241935627,9920,0.0662180924917227,64,63,0.984375,0,MEL-melbourne-RPSP07A11127-0-0|qp16
3.121,50.0,38.0,11.0,3,1.39,0.48,1.1934897383675953,25532,0.1704314856349406,152,154,1.013157894736842,0,MEL-melbourne-RPSP07A11127-0-0|qp38
3.121,50.0,38.0,11.0,19,1.39,0.48,1.2261679022239491,24955,0.1665798889244851,152,151,0.993421052631579,0,MEL-melbourne-RPSP07A11127-0-0|qp38
3.499,50.0,52.0,9.0,5,1.39,0.48,1.1166517618078644,37348,0.2223730589692283,208,203,0.9759615384615384,0,MEL-melbourne-RPSP0814955L1-0-0|qp52
3.499,50.0,52.0,9.0,21,1.39,0.48,1.1393531406863202,36855,0.2194376964847111,208,210,1.0096153846153846,0,MEL-melbourne-RPSP0814955L1-0-0|qp52
6.11,50.0,31.0,16.0,7,1.39,0.48,1.1285065293359835,21748,0.074154391707584,124,122,0.9838709677419356,0,NTP-newtaipei-idx11355-0-2|qp31
6.11,50.0,31.0,16.0,23,1.39,0.48,1.139230416226937,21791,0.0743010092744134,124,122,0.9838709677419356,0,NTP-newtaipei-idx11355-0-2|qp31
6.11,50.0,31.0,17.0,9,1.39,0.48,1.1524025255783952,21698,0.0739839061647585,124,123,0.9919354838709676,0,NTP-newtaipei-idx11355-0-2|qp31
6.11,50.0,31.0,17.0,25,1.39,0.48,1.1671873380752134,21229,0.0723847517730502,124,128,1.032258064516129,0,NTP-newtaipei-idx11355-0-2|qp31
4.98,50.0,25.0,19.0,11,1.39,0.48,1.2380402601424123,16145,0.0675409973226244,100,99,0.99,0,NTP-newtaipei-idx11808-0-1|qp25
4.98,50.0,25.0,19.0,27,1.39,0.48,1.2150033286933466,16523,0.0691223226238288,100,102,1.02,0,NTP-newtaipei-idx11808-0-1|qp25
4.98,50.0,60.0,11.0,13,1.39,0.48,1.0800466179568362,44618,0.1866549531459176,240,240,1.0,0,NTP-newtaipei-idx11808-0-1|qp60
4.98,50.0,60.0,11.0,29,1.39,0.48,1.0558091854075229,45311,0.1895540495314563,240,238,0.9916666666666668,0,NTP-newtaipei-idx11808-0-1|qp60
1.78,50.0,9.0,9.0,15,1.39,0.48,1.1848596462761776,6163,0.0721324906367014,36,35,0.9722222222222222,0,NTP-newtaipei-idx11901-0-0|qp9
1.8,50.0,9.0,7.0,1,1.39,0.48,1.221274233637091,6035,0.0698495370370368,36,37,1.0277777777777777,0,NTP-newtaipei-idx13763-0-2|qp9
1.8,50.0,9.0,7.0,17,1.39,0.48,1.260046923879064,5754,0.0665972222222216,36,36,1.0,0,NTP-newtaipei-idx13763-0-2|qp9
1.71,50.0,9.0,7.0,3,1.39,0.48,1.1933634748910096,6193,0.0754507797270972,36,36,1.0,0,NTP-newtaipei-idx13776-0-2|qp9
1.71,50.0,9.0,7.0,19,1.39,0.48,1.246165426544409,5779,0.0704069200779744,36,37,1.0277777777777777,0,NTP-newtaipei-idx13776-0-2|qp9
2.46,50.0,12.0,19.0,5,1.39,0.48,1.2522248427672398,7632,0.0646341463414641,48,49,1.0208333333333333,0,NTP-newtaipei-idx251-0-0|qp12
2.46,50.0,12.0,19.0,21,1.39,0.48,1.2386918863839134,7851,0.0664888211382117,48,50,1.0416666666666667,0,NTP-newtaipei-idx251-0-0|qp12
2.46,50.0,30.0,11.0,7,1.39,0.48,1.1430635206987514,21064,0.1783875338753418,120,118,0.9833333333333332,0,NTP-newtaipei-idx251-0-0|qp30
2.46,50.0,30.0,11.0,23,1.39,0.48,1.138287381198843,21254,0.1799966124661281,120,120,1.0,0,NTP-newtaipei-idx251-0-0|qp30
2.99,50.0,36.0,13.0,9,1.39,0.48,1.1862344017616588,24522,0.170861204013379,144,147,1.0208333333333333,0,NTP-newtaipei-idx4423-0-0|qp36
2.99,50.0,36.0,13.0,25,1.39,0.48,1.1573153066151118,24852,0.1731605351170564,144,142,0.9861111111111112,0,NTP-newtaipei-idx4423-0-0|qp36
2.99,50.0,36.0,14.0,11,1.39,0.48,1.1714001791970203,24554,0.1710841694537349,144,142,0.9861111111111112,0,NTP-newtaipei-idx4423-0-0|qp36
2.99,50.0,36.0,14.0,27,1.39,0.48,1.1655371900826947,24805,0.1728330546265347,144,142,0.9861111111111112,0,NTP-newtaipei-idx4423-0-0|qp36
2.33,50.0,12.0,16.0,13,1.39,0.48,1.1892011359426944,8099,0.0724159513590838,48,49,1.0208333333333333,0,NTP-newtaipei-idx5617-0-0|qp12
2.33,50.0,12.0,16.0,29,1.39,0.48,1.2285107471852703,7816,0.0698855507868374,48,47,0.9791666666666666,0,NTP-newtaipei-idx5617-0-0|qp12
2.33,50.0,12.0,17.0,15,1.39,0.48,1.262744661338926,7633,0.0682492846924169,48,49,1.0208333333333333,0,NTP-newtaipei-idx5617-0-0|qp12
2.33,50.0,28.0,11.0,1,1.39,0.48,1.1702307332537245,19243,0.1720582975679525,112,114,1.0178571428571428,0,NTP-newtaipei-idx5617-0-0|qp28
2.33,50.0,28.0,11.0,17,1.39,0.48,1.203928988430107,18842,0.1684728183118707,112,110,0.9821428571428572,0,NTP-newtaipei-idx5617-0-0|qp28
2.62,50.0,31.0,13.0,3,1.39,0.48,1.2163471935515786,20346,0.1617843511450391,124,126,1.0161290322580645,0,NTP-newtaipei-idx6820-0-0|qp31
2.62,50.0,31.0,13.0,19,1.39,0.48,1.2516303360581018,19818,0.1575858778625948,124,124,1.0,0,NTP-newtaipei-idx6820-0-0|qp31
2.62,50.0,31.0,14.0,5,1.39,0.48,1.219040141328902,20378,0.1620388040712458,124,121,0.9758064516129032,0,NTP-newtaipei-idx6820-0-0|qp31
2.62,50.0,31.0,14.0,21,1.39,0.48,1.1870995238095834,21000,0.1669847328244273,124,126,1.0161290322580645,0,NTP-newtaipei-idx6820-0-0|qp31
2.9,50.0,35.0,11.0,7,1.39,0.48,1.1532957342083745,24380,0.1751436781609129,140,138,0.9857142857142858,0,NTP-newtaipei-idx7804-0-0|qp35
2.9,50.0,35.0,11.0,23,1.39,0.48,1.10306951375189,25851,0.1857112068965434,140,140,1.0,0,NTP-newtaipei-idx7804-0-0|qp35
1.91,50.0,10.0,9.0,9,1.39,0.48,1.265773372873368,6407,0.0698843804537525,40,41,1.025,0,NTP-newtaipei-idx9858-0-0|qp10
1.91,50.0,10.0,9.0,25,1.39,0.48,1.1959248854058289,6763,0.0737674520069827,40,39,0.975,0,NTP-newtaipei-idx9858-0-0|qp10
1.707,50.0,8.0,7.0,11,1.39,0.48,1.28328221469825,5021,0.0612795352470241,32,32,1.0,0,NYC-nyc-110605-0-2|qp8
1.707,50.0,8.0,7.0,27,1.39,0.48,1.2641596973317426,5022,0.0612917398945539,32,34,1.0625,0,NYC-nyc-110605-0-2|qp8
2.408,50.0,12.0,19.0,13,1.39,0.48,1.1726580424700737,8194,0.0708921650055361,48,48,1.0,0,NYC-nyc-17655-0-0|qp12
2.408,50.0,12.0,19.0,29,1.39,0.48,1.2027177308509531,8003,0.0692396871539304,48,47,0.9791666666666666,0,NYC-nyc-17655-0-0|qp12
2.408,50.0,29.0,11.0,15,1.39,0.48,1.197202686077387,19508,0.1687776854928055,116,115,0.9913793103448276,0,NYC-nyc-17655-0-0|qp29
2.073,50.0,10.0,11.0,1,1.39,0.48,1.218168008506722,6583,0.0661581443962057,40,39,0.975,0,NYC-nyc-199805-0-0|qp10
2.073,50.0,10.0,11.0,17,1.39,0.48,1.250371294851811,6410,0.064419520823284,40,40,1.0,0,NYC-nyc-199805-0-0|qp10
2.073,50.0,25.0,7.0,3,1.39,0.48,1.1568660837551474,17384,0.1747065444605234,100,100,1.0,0,NYC-nyc-199805-0-0|qp25
2.073,50.0,25.0,7.0,19,1.39,0.48,1.141294695814273,17703,0.177912445730824,100,101,1.01,0,NYC-nyc-199805-0-0|qp25
3.17,50.0,38.0,11.0,5,1.39,0.48,1.2034778630811866,25139,0.1652142481598302,152,150,0.986842105263158,0,NYC-nyc-20131-0-2|qp38
3.17,50.0,38.0,11.0,21,1.39,0.48,1.1801664232455011,26018,0.1709910620399561,152,153,1.006578947368421,0,NYC-nyc-20131-0-2|qp38
2.56,50.0,31.0,13.0,7,1.39,0.48,1.1201009323798348,22094,0.1798014322916666,124,123,0.9919354838709676,0,NYC-nyc-214464-0-0|qp31
2.56,50.0,31.0,13.0,23,1.39,0.48,1.1174768747194088,22270,0.1812337239583333,124,122,0.9838709677419356,0,NYC-nyc-214464-0-0|qp31
2.56,50.0,31.0,14.0,9,1.39,0.48,1.1460831419384456,21770,0.1771647135416666,124,125,1.0080645161290325,0,NYC-nyc-214464-0-0|qp31
2.56,50.0,31.0,14.0,25,1.39,0.48,1.1438302191464478,21675,0.1763916015625,124,127,1.0241935483870968,0,NYC-nyc-214464-0-0|qp31
2.347,50.0,35.0,9.0,11,1.39,0.48,1.1437882439443212,24481,0.2173075557449213,140,140,1.0,0,NYC-nyc-267383-0-0|qp35
2.347,50.0,35.0,9.0,27,1.39,0.48,1.1692723092999546,23925,0.212372177247549,140,139,0.9928571428571428,0,NYC-nyc-267383-0-0|qp35
2.377,50.0,12.0,16.0,13,1.39,0.48,1.191684119748675,8117,0.0711418454634679,48,48,1.0,0,NYC-nyc-27695-0-3|qp12
2.377,50.0,12.0,16.0,29,1.39,0.48,1.2407328362046903,7778,0.0681706633010788,48,47,0.9791666666666666,0,NYC-nyc-27695-0-3|qp12
2.377,50.0,12.0,17.0,15,1.39,0.48,1.2471005840363356,7705,0.0675308512130127,48,49,1.0208333333333333,0,NYC-nyc-27695-0-3|qp12
2.377,50.0,28.0,11.0,1,1.39,0.48,1.184811315775676,18947,0.1660619127752068,112,114,1.0178571428571428,0,NYC-nyc-27695-0-3|qp28
2.377,50.0,28.0,11.0,17,1.39,0.48,1.194487531699053,18928,0.1658953863413269,112,112,1.0,0,NYC-nyc-27695-0-3|qp28
1.676,50.0,8.0,7.0,3,1.39,0.48,1.181073374500563,5506,0.0684417263325398,32,33,1.03125,0,NYC-nyc-46079-0-1|qp8
1.676,50.0,8.0,7.0,19,1.39,0.48,1.2448821028217991,5174,0.0643148369132874,32,34,1.0625,0,NYC-nyc-46079-0-1|qp8
3.048,50.0,37.0,13.0,5,1.39,0.48,1.200775313875716,24532,0.1676782589676344,148,145,0.9797297297297296,0,NYC-nyc-59808-0-1|qp37
3.048,50.0,37.0,13.0,21,1.39,0.48,1.1580375466418047,25728,0.1758530183727066,148,144,0.972972972972973,0,NYC-nyc-59808-0-1|qp37
3.048,50.0,37.0,14.0,7,1.39,0.48,1.1133164566456064,26664,0.1822506561679858,148,146,0.9864864864864864,0,NYC-nyc-59808-0-1|qp37
3.048,50.0,37.0,14.0,23,1.39,0.48,1.0997724520130794,27247,0.1862355096238045,148,150,1.0135135135135136,0,NYC-nyc-59808-0-1|qp37
5.06,50.0,25.0,19.0,9,1.39,0.48,1.2176620441076256,16369,0.0673954216073788,100,98,0.98,0,NYC-nyc-62758-0-0|qp25
5.06,50.0,25.0,19.0,25,1.39,0.48,1.1851098286319548,16981,0.0699151844532285,100,103,1.03,0,NYC-nyc-62758-0-0|qp25
5.06,50.0,61.0,9.0,11,1.39,0.48,1.0958117065499933,44505,0.1832386363636365,244,246,1.0081967213114753,0,NYC-nyc-62758-0-0|qp61
5.06,50.0,61.0,9.0,27,1.39,0.48,1.0665908844394816,46097,0.1897933135704888,244,247,1.0122950819672132,0,NYC-nyc-62758-0-0|qp61
3.719,50.0,19.0,19.0,13,1.39,0.48,1.2020342279269134,12855,0.0720119655821468,76,74,0.9736842105263158,0,NYC-nyc-9648-0-0|qp19
3.719,50.0,19.0,19.0,29,1.39,0.48,1.263352496714807,12176,0.068208299722149,76,76,1.0,0,NYC-nyc-9648-0-0|qp19
3.719,50.0,45.0,11.0,15,1.39,0.48,1.2164510601122775,29761,0.166717083445372,180,182,1.011111111111111,0,NYC-nyc-9648-0-0|qp45
2.103,50.0,32.0,7.0,1,1.39,0.48,1.0896156115653897,23726,0.2350412109684537,128,128,1.0,0,NYC-nyc-98749-0-2|qp32
2.103,50.0,32.0,7.0,17,1.39,0.48,1.1553969178388983,22322,0.2211325091139653,128,130,1.015625,0,NYC-nyc-98749-0-2|qp32
4.115,50.0,62.0,7.0,3,1.39,0.48,1.1339783481990804,44061,0.223071081409475,248,242,0.9758064516129032,0,SEA-seattle-5423808-0-1|qp62
4.115,50.0,62.0,7.0,19,1.39,0.48,1.1549487013585955,43276,0.2190968003240159,248,246,0.9919354838709676,0,SEA-seattle-5423808-0-1|qp62
1.829,50.0,9.0,7.0,5,1.39,0.48,1.2663684026564033,5722,0.0651767814835049,36,35,0.9722222222222222,0,SEA-seattle-5426480-0-0|qp9
1.829,50.0,9.0,7.0,21,1.39,0.48,1.2457084814626886,5907,0.0672840349917974,36,36,1.0,0,SEA-seattle-5426480-0-0|qp9
2.54,50.0,38.0,11.0,7,1.39,0.48,1.1303524620510603,27010,0.2215387139107621,152,151,0.993421052631579,0,SEA-seattle-5426595-0-0|qp38
2.54,50.0,38.0,11.0,23,1.39,0.48,1.1216869717923894,27333,0.2241879921259894,152,154,1.013157894736842,0,SEA-seattle-5426595-0-0|qp38
1.651,50.0,8.0,7.0,9,1.39,0.48,1.2674348502528106,5142,0.064884918231373,32,32,1.0,0,SEA-seattle-5432169-0-1|qp8
1.651,50.0,8.0,7.0,25,1.39,0.48,1.2305788461538272,5200,0.065616797900261,32,33,1.03125,0,SEA-seattle-5432169-0-1|qp8
1.829,50.0,9.0,7.0,11,1.39,0.48,1.3295273586620948,5501,0.0626594678330603,36,37,1.0277777777777777,0,SEA-seattle-5433778-0-0|qp9
1.829,50.0,9.0,7.0,27,1.39,0.48,1.2852804813307463,5651,0.0643680517587022,36,35,0.9722222222222222,0,SEA-seattle-5433778-0-0|qp9
2.438,50.0,37.0,11.0,13,1.39,0.48,1.1354157243071534,26087,0.2229200847689441,148,145,0.9797297297297296,0,SEA-seattle-5434873-0-0|qp37
2.438,50.0,37.0,11.0,29,1.39,0.48,1.156727617866955,25813,0.2205786847142563,148,152,1.027027027027027,0,SEA-seattle-5434873-0-0|qp37
1.829,50.0,9.0,11.0,15,1.39,0.48,1.1945564253098624,6132,0.0698469108802619,36,36,1.0,0,SEA-seattle-5438086-0-1|qp9
4.064,50.0,61.0,7.0,1,1.39,0.48,1.087794380017844,44840,0.2298638451443563,244,243,0.9959016393442623,0,SEA-seattle-5445989-0-0|qp61
4.064,50.0,61.0,7.0,17,1.39,0.48,1.0957622837216547,44734,0.2293204560367465,244,241,0.9877049180327868,0,SEA-seattle-5445989-0-0|qp61
1.829,50.0,9.0,7.0,3,1.39,0.48,1.220737732095491,6032,0.0687078549298333,36,36,1.0,0,SEA-seattle-5449118-0-0|qp9
1.829,50.0,9.0,7.0,19,1.39,0.48,1.2684126426690354,5695,0.0648692363768906,36,37,1.0277777777777777,0,SEA-seattle-5449118-0-0|qp9
1.829,50.0,22.0,7.0,5,1.39,0.48,1.157963213068371,15549,0.1771118097320942,88,89,1.0113636363636365,0,SEA-seattle-5449903-0-0|qp22
1.829,50.0,22.0,7.0,21,1.39,0.48,1.0814007027747703,16506,0.1880125751776916,88,85,0.9659090909090908,0,SEA-seattle-5449903-0-0|qp22
1.829,50.0,9.0,9.0,7,1.39,0.48,1.186053841103035,6092,0.0693912885000908,36,36,1.0,0,SEA-seattle-5449903-0-0|qp9
1.829,50.0,9.0,9.0,23,1.39,0.48,1.1864752086401569,6111,0.0696077091306723,36,35,0.9722222222222222,0,SEA-seattle-5449903-0-0|qp9
2.438,50.0,12.0,19.0,9,1.39,0.48,1.2220215599239,7885,0.0673793409898837,48,49,1.0208333333333333,0,SEA-seattle-5452128-0-1|qp12
2.438,50.0,12.0,19.0,25,1.39,0.48,1.213543297147173,7922,0.067695515449824,48,48,1.0,0,SEA-seattle-5452128-0-1|qp12
2.438,50.0,29.0,13.0,11,1.39,0.48,1.1891335074512348,19527,0.1668632075471734,116,117,1.0086206896551724,0,SEA-seattle-5452128-0-1|qp29
2.438,50.0,29.0,13.0,27,1.39,0.48,1.1921189591078392,19637,0.1678031856713179,116,114,0.9827586206896552,0,SEA-seattle-5452128-0-1|qp29
2.438,50.0,29.0,14.0,13,1.39,0.48,1.1333842526646358,20359,0.173972860267983,116,116,1.0,0,SEA-seattle-5452128-0-1|qp29
2.438,50.0,29.0,14.0,29,1.39,0.48,1.1565983870169436,20211,0.1727081624282229,116,116,1.0,0,SEA-seattle-5452128-0-1|qp29
1.829,50.0,22.0,9.0,15,1.39,0.48,1.1232557560672258,16070,0.1830462912338245,88,90,1.0227272727272727,0,SEA-seattle-5453813-0-0|qp22
1.829,50.0,9.0,9.0,1,1.39,0.48,1.2156844509707678,6129,0.0698127392017492,36,37,1.0277777777777777,0,SEA-seattle-5453813-0-0|qp9
1.829,50.0,9.0,9.0,17,1.39,0.48,1.208841230257712,6015,0.0685142154182615,36,36,1.0,0,SEA-seattle-5453813-0-0|qp9
2.591,50.0,31.0,13.0,3,1.39,0.48,1.2059539585046075,20677,0.1662565933359029,124,124,1.0,0,SEA-seattle-5454776-0-1|qp31
2.591,50.0,31.0,13.0,19,1.39,0.48,1.2376859421734867,20060,0.1612955100990575,124,125,1.0080645161290325,0,SEA-seattle-5454776-0-1|qp31
2.591,50.0,31.0,14.0,5,1.39,0.48,1.2030656509292006,20609,0.1657098288948906,124,121,0.9758064516129032,0,SEA-seattle-5454776-0-1|qp31
2.591,50.0,31.0,14.0,21,1.39,0.48,1.1800136966891914,21173,0.1702447574938873,124,127,1.0241935483870968,0,SEA-seattle-5454776-0-1|qp31
1.8,50.0,22.0,7.0,7,1.39,0.48,1.11912269747111,16015,0.1853587962963021,88,93,1.056818181818182,0,TAO-taoyuan-idx10181-0-0|qp22
1.8,50.0,22.0,7.0,23,1.39,0.48,1.1333128367670646,15775,0.1825810185185233,88,89,1.0113636363636365,0,TAO-taoyuan-idx10181-0-0|qp22
1.8,50.0,9.0,7.0,9,1.39,0.48,1.2891306657223514,5648,0.0653703703703691,36,36,1.0,0,TAO-taoyuan-idx10181-0-0|qp9
1.8,50.0,9.0,7.0,25,1.39,0.48,1.2634811568798925,5705,0.066030092592592,36,37,1.0277777777777777,0,TAO-taoyuan-idx10181-0-0|qp9
3.0,50.0,36.0,11.0,11,1.39,0.48,1.2020056732855853,23972,0.1664722222222215,144,142,0.9861111111111112,0,TAO-taoyuan-idx158-0-0|qp36
3.0,50.0,36.0,11.0,27,1.39,0.48,1.1926504734459311,24290,0.1686805555555546,144,141,0.9791666666666666,0,TAO-taoyuan-idx158-0-0|qp36
2.4,50.0,12.0,16.0,13,1.39,0.48,1.2247767235926603,7905,0.0686197916666667,48,49,1.0208333333333333,0,TAO-taoyuan-idx3410-0-9|qp12
2.4,50.0,12.0,16.0,29,1.39,0.48,1.2430248190279158,7736,0.067152777777778,48,47,0.9791666666666666,0,TAO-taoyuan-idx3410-0-9|qp12
2.4,50.0,12.0,17.0,15,1.39,0.48,1.2403497757847477,7805,0.0677517361111114,48,48,1.0,0,TAO-taoyuan-idx3410-0-9|qp12
2.4,50.0,29.0,11.0,1,1.39,0.48,1.1723261077302989,19883,0.1725954861111102,116,116,1.0,0,TAO-taoyuan-idx3410-0-9|qp29
2.4,50.0,29.0,11.0,17,1.39,0.48,1.1986642283124116,19412,0.1685069444444439,116,114,0.9827586206896552,0,TAO-taoyuan-idx3410-0-9|qp29
2.04,50.0,10.0,9.0,3,1.39,0.48,1.246340286425932,6424,0.0656045751633992,40,42,1.05,0,TAO-taoyuan-idx3430-0-3|qp10
2.04,50.0,10.0,9.0,19,1.39,0.48,1.2656740253640386,6387,0.0652267156862737,40,39,0.975,0,TAO-taoyuan-idx3430-0-3|qp10
2.04,50.0,24.0,9.0,5,1.39,0.48,1.1531896397737271,16795,0.1715175653594767,96,97,1.0104166666666667,0,TAO-taoyuan-idx3430-0-3|qp24
2.04,50.0,24.0,9.0,21,1.39,0.48,1.097236620666485,17826,0.182046568627451,96,94,0.9791666666666666,0,TAO-taoyuan-idx3430-0-3|qp24
1.87,50.0,22.0,7.0,7,1.39,0.48,1.1769253158695,15117,0.1684157754010695,88,88,1.0,0,TAO-taoyuan-idx5160-0-0|qp22
1.87,50.0,22.0,7.0,23,1.39,0.48,1.0733490116694704,16796,0.1871212121212118,88,89,1.0113636363636365,0,TAO-taoyuan-idx5160-0-0|qp22
1.87,50.0,9.0,9.0,9,1.39,0.48,1.3043480613164793,5545,0.0617758467023171,36,36,1.0,0,TAO-taoyuan-idx5160-0-0|qp9
1.87,50.0,9.0,9.0,25,1.39,0.48,1.2108491676475217,5947,0.066254456327985,36,37,1.0277777777777777,0,TAO-taoyuan-idx5160-0-0|qp9
6.92,50.0,35.0,13.0,11,1.39,0.48,1.2220113476426218,22736,0.0684489402697479,140,138,0.9857142857142858,0,TAO-taoyuan-idx531-0-1|qp35
6.92,50.0,35.0,13.0,27,1.39,0.48,1.2140248747625555,23156,0.0697133911368007,140,138,0.9857142857142858,0,TAO-taoyuan-idx531-0-1|qp35
6.92,50.0,35.0,14.0,13,1.39,0.48,1.1686881136410787,23935,0.0720586464354514,140,142,1.0142857142857142,0,TAO-taoyuan-idx531-0-1|qp35
6.92,50.0,35.0,14.0,29,1.39,0.48,1.2013863906330562,23572,0.0709657996146431,140,141,1.0071428571428571,0,TAO-taoyuan-idx531-0-1|qp35
6.92,50.0,83.0,11.0,15,1.39,0.48,0.9407362155834618,70061,0.2109254576107905,332,332,1.0,0,TAO-taoyuan-idx531-0-1|qp83
2.6,50.0,31.0,13.0,1,1.39,0.48,1.1393305785124437,21780,0.1745192307692235,124,126,1.0161290322580645,0,TAO-taoyuan-idx5379-0-4|qp31
2.6,50.0,31.0,13.0,17,1.39,0.48,1.223216097729159,20301,0.1626682692307646,124,129,1.0403225806451613,0,TAO-taoyuan-idx5379-0-4|qp31
2.6,50.0,31.0,14.0,3,1.39,0.48,1.1797166469893978,21175,0.1696714743589694,124,124,1.0,0,TAO-taoyuan-idx5379-0-4|qp31
2.6,50.0,31.0,14.0,19,1.39,0.48,1.2392252711551104,20007,0.1603124999999959,124,122,0.9838709677419356,0,TAO-taoyuan-idx5379-0-4|qp31
2.28,50.0,34.0,9.0,5,1.39,0.48,1.1711865797314125,23159,0.2116136695906469,136,136,1.0,0,TAO-taoyuan-idx578-0-8|qp34
2.28,50.0,34.0,9.0,21,1.39,0.48,1.1403032463719558,23842,0.217854532163745,136,137,1.0073529411764706,0,TAO-taoyuan-idx578-0-8|qp34
2.3,50.0,12.0,16.0,7,1.39,0.48,1.2238929069914593,7881,0.0713858695652151,48,48,1.0,0,TAO-taoyuan-idx6720-0-3|qp12
2.3,50.0,12.0,16.0,23,1.39,0.48,1.2166259046668018,8014,0.0725905797101426,48,48,1.0,0,TAO-taoyuan-idx6720-0-3|qp12
2.3,50.0,12.0,17.0,9,1.39,0.48,1.2062304516451938,7993,0.0724003623188382,48,50,1.0416666666666667,0,TAO-taoyuan-idx6720-0-3|qp12
2.3,50.0,12.0,17.0,25,1.39,0.48,1.1745840428119645,8222,0.0744746376811572,48,48,1.0,0,TAO-taoyuan-idx6720-0-3|qp12
2.3,50.0,28.0,11.0,11,1.39,0.48,1.1703462776450655,19262,0.174474637681159,112,110,0.9821428571428572,0,TAO-taoyuan-idx6720-0-3|qp28
2.3,50.0,28.0,11.0,27,1.39,0.48,1.1863955511042965,18971,0.1718387681159421,112,112,1.0,0,TAO-taoyuan-idx6720-0-3|qp28
2.23,50.0,11.0,11.0,13,1.39,0.48,1.2250736520288816,7196,0.0672272047832564,44,41,0.9318181818181818,0,TAO-taoyuan-idx7044-0-7|qp11
2.23,50.0,11.0,11.0,29,1.39,0.48,1.2758692185008096,6897,0.0644338565022393,44,44,1.0,0,TAO-taoyuan-idx7044-0-7|qp11
2.23,50.0,27.0,11.0,15,1.39,0.48,1.2041296565610875,17878,0.1670216741405074,108,108,1.0,0,TAO-taoyuan-idx7044-0-7|qp27
1.97,50.0,10.0,9.0,1,1.39,0.48,1.2646918613767828,6377,0.0674386632825724,40,39,0.975,0,TAO-taoyuan-idx718-0-1|qp10
1.97,50.0,10.0,9.0,17,1.39,0.48,1.246910694938871,6461,0.0683269881556697,40,40,1.0,0,TAO-taoyuan-idx718-0-1|qp10
1.97,50.0,24.0,7.0,3,1.39,0.48,1.1163447530161388,17572,0.1858291032148896,96,94,0.9791666666666666,0,TAO-taoyuan-idx718-0-1|qp24
1.97,50.0,24.0,7.0,19,1.39,0.48,1.114508083935322,17442,0.1844543147208119,96,92,0.9583333333333334,0,TAO-taoyuan-idx718-0-1|qp24
3.07,50.0,37.0,13.0,5,1.39,0.48,1.2135821756873513,24259,0.1646240499457102,148,148,1.0,0,TAO-taoyuan-idx9038-0-2|qp37
3.07,50.0,37.0,13.0,21,1.39,0.48,1.1709129803352336,25477,0.1728895222584128,148,147,0.9932432432432432,0,TAO-taoyuan-idx9038-0-2|qp37
3.07,50.0,37.0,14.0,7,1.39,0.48,1.126376871880192,26444,0.1794516829533115,148,145,0.9797297297297296,0,TAO-taoyuan-idx9038-0-2|qp37
3.07,50.0,37.0,14.0,23,1.39,0.48,1.099965059399025,27189,0.1845073289902271,148,150,1.0135135135135136,0,TAO-taoyuan-idx9038-0-2|qp37
2.69,50.0,40.0,11.0,9,1.39,0.48,1.1624102933236902,27785,0.2151874225526613,160,160,1.0,0,TPE-taipei-idx11047-0-0|qp40
2.69,50.0,40.0,11.0,25,1.39,0.48,1.0575134620436646,30456,0.2358736059479545,160,158,0.9875,0,TPE-taipei-idx11047-0-0|qp40
1.99,50.0,10.0,11.0,11,1.39,0.48,1.2960827407886726,6188,0.0647822445561149,40,38,0.95,0,TPE-taipei-idx14193-0-0|qp10
1.99,50.0,10.0,11.0,27,1.39,0.48,1.2666099047023534,6401,0.0670121440536015,40,40,1.0,0,TPE-taipei-idx14193-0-0|qp10
1.99,50.0,24.0,7.0,13,1.39,0.48,1.1480539224419606,16839,0.1762876884422075,96,96,1.0,0,TPE-taipei-idx14193-0-0|qp24
1.99,50.0,24.0,7.0,29,1.39,0.48,1.1883880285152617,16272,0.170351758793966,96,96,1.0,0,TPE-taipei-idx14193-0-0|qp24
2.36,50.0,12.0,16.0,15,1.39,0.48,1.234165165937715,7774,0.0686264124293778,48,48,1.0,0,TPE-taipei-idx15074-0-0|qp12
2.36,50.0,12.0,17.0,1,1.39,0.48,1.1940024937655571,8020,0.0707980225988697,48,46,0.9583333333333334,0,TPE-taipei-idx15074-0-0|qp12
2.36,50.0,12.0,17.0,17,1.39,0.48,1.2301829965688302,7869,0.069465042372881,48,47,0.9791666666666666,0,TPE-taipei-idx15074-0-0|qp12
2.36,50.0,28.0,11.0,3,1.39,0.48,1.185153429127871,18999,0.1677171610169484,112,116,1.0357142857142858,0,TPE-taipei-idx15074-0-0|qp28
2.36,50.0,28.0,11.0,19,1.39,0.48,1.2200609427245288,18542,0.1636829096045191,112,112,1.0,0,TPE-taipei-idx15074-0-0|qp28
2.48,50.0,37.0,11.0,5,1.39,0.48,1.1899647444988757,24677,0.2073000672043025,148,146,0.9864864864864864,0,TPE-taipei-idx15608-0-1|qp37
2.48,50.0,37.0,11.0,21,1.39,0.48,1.1263797736649317,26421,0.2219506048387107,148,147,0.9932432432432432,0,TPE-taipei-idx15608-0-1|qp37
1.96,50.0,10.0,11.0,7,1.39,0.48,1.196408461194666,6713,0.0713541666666669,40,41,1.025,0,TPE-taipei-idx1592-0-2|qp10
1.96,50.0,10.0,11.0,23,1.39,0.48,1.1928780988704857,6817,0.0724596088435369,40,40,1.0,0,TPE-taipei-idx1592-0-2|qp10
1.96,50.0,24.0,7.0,9,1.39,0.48,1.1255845583979278,17278,0.1836522108843578,96,96,1.0,0,TPE-taipei-idx1592-0-2|qp24
1.96,50.0,24.0,7.0,25,1.39,0.48,1.1349528165344775,17273,0.1835990646258556,96,100,1.0416666666666667,0,TPE-taipei-idx1592-0-2|qp24
2.05,50.0,10.0,9.0,11,1.39,0.48,1.278767297598275,6287,0.0638922764227643,40,39,0.975,0,TPE-taipei-idx326-0-1|qp10
2.05,50.0,10.0,9.0,27,1.39,0.48,1.2806770502224785,6292,0.0639430894308949,40,40,1.0,0,TPE-taipei-idx326-0-1|qp10
2.05,50.0,25.0,7.0,13,1.39,0.48,1.1394787027520548,17514,0.1779878048780496,100,101,1.01,0,TPE-taipei-idx326-0-1|qp25
2.05,50.0,25.0,7.0,29,1.39,0.48,1.0055832943256733,19227,0.1953963414634142,100,96,0.96,0,TPE-taipei-idx326-0-1|qp25
3.54,50.0,18.0,19.0,15,1.39,0.48,1.3080666485556172,11043,0.0649894067796623,72,74,1.0277777777777777,0,TPE-taipei-idx4344-0-0|qp18
3.54,50.0,42.0,11.0,1,1.39,0.48,1.165325761271018,28702,0.1689147834274952,168,170,1.011904761904762,0,TPE-taipei-idx4344-0-0|qp42
3.54,50.0,42.0,11.0,17,1.39,0.48,1.1792095208049136,28527,0.1678848870056493,168,168,1.0,0,TPE-taipei-idx4344-0-0|qp42
2.06,50.0,10.0,11.0,3,1.39,0.48,1.2396013133208597,6396,0.0646844660194173,40,41,1.025,0,TPE-taipei-idx674-0-1|qp10
2.06,50.0,10.0,11.0,19,1.39,0.48,1.2906361040609375,6304,0.0637540453074431,40,39,0.975,0,TPE-taipei-idx674-0-1|qp10
2.06,50.0,25.0,7.0,5,1.39,0.48,1.152571265352785,17505,0.1770327669902896,100,99,0.99,0,TPE-taipei-idx674-0-1|qp25
2.06,50.0,25.0,7.0,21,1.39,0.48,1.135921259842574,17780,0.1798139158576023,100,99,0.99,0,TPE-taipei-idx674-0-1|qp25
2.99,50.0,45.0,11.0,7,1.39,0.48,1.1138227427833047,32529,0.2266513377926454,180,181,1.0055555555555555,0,TPE-taipei-idx813-0-1|qp45
2.99,50.0,45.0,11.0,23,1.39,0.48,1.0892469132112406,33449,0.2330615942029027,180,184,1.022222222222222,0,TPE-taipei-idx813-0-1|qp45
3.55,50.0,18.0,19.0,9,1.39,0.48,1.3128577878104055,11075,0.0649941314553982,72,73,1.0138888888888888,0,TPE-taipei-idx9453-0-1|qp18
3.55,50.0,18.0,19.0,25,1.39,0.48,1.2132295395886596,12011,0.0704870892018776,72,73,1.0138888888888888,0,TPE-taipei-idx9453-0-1|qp18
3.55,50.0,43.0,11.0,11,1.39,0.48,1.1524404291732897,30384,0.17830985915493,172,170,0.9883720930232558,0,TPE-taipei-idx9453-0-1|qp43
3.55,50.0,43.0,11.0,27,1.39,0.48,1.1841105736476762,29356,0.1722769953051652,172,174,1.0116279069767442,0,TPE-taipei-idx9453-0-1|qp43
2.098,50.0,10.0,11.0,2,1.39,0.48,1.24270453843782,6478,0.0643271369558312,40,41,1.025,0,AMS-amsterdam-chain-141619-0|qp10
2.098,50.0,10.0,11.0,18,1.39,0.48,1.2465451174288782,6472,0.0642675564029236,40,40,1.0,0,AMS-amsterdam-chain-141619-0|qp10
2.098,50.0,25.0,9.0,4,1.39,0.48,1.1618765815505063,17388,0.172664442326024,100,99,0.99,0,AMS-amsterdam-chain-141619-0|qp25
2.098,50.0,25.0,9.0,20,1.39,0.48,1.1448701113331434,17515,0.1739255640292336,100,100,1.0,0,AMS-amsterdam-chain-141619-0|qp25
3.89,50.0,19.0,19.0,6,1.39,0.48,1.3126419327005894,11590,0.0620715509854313,76,78,1.0263157894736843,0,AMS-amsterdam-chain-158080-0|qp19
3.89,50.0,19.0,19.0,22,1.39,0.48,1.307361383187091,11741,0.0628802485004267,76,75,0.986842105263158,0,AMS-amsterdam-chain-158080-0|qp19
3.89,50.0,47.0,13.0,8,1.39,0.48,1.1395928930322028,33038,0.1769387317909138,188,188,1.0,0,AMS-amsterdam-chain-158080-0|qp47
3.89,50.0,47.0,13.0,24,1.39,0.48,1.159705057891403,32820,0.1757712082262184,188,190,1.0106382978723405,0,AMS-amsterdam-chain-158080-0|qp47
3.89,50.0,47.0,14.0,10,1.39,0.48,1.117685576610404,33827,0.1811643101970837,188,188,1.0,0,AMS-amsterdam-chain-158080-0|qp47
3.89,50.0,47.0,14.0,26,1.39,0.48,1.1166009353312605,33571,0.1797932733504685,188,190,1.0106382978723405,0,AMS-amsterdam-chain-158080-0|qp47
2.267,50.0,11.0,9.0,12,1.39,0.48,1.2393916349810146,7101,0.06525694750772,44,46,1.0454545454545454,0,AMS-amsterdam-chain-166482-0|qp11
2.267,50.0,11.0,9.0,28,1.39,0.48,1.2079373723621678,7345,0.0674992648139985,44,45,1.0227272727272727,0,AMS-amsterdam-chain-166482-0|qp11
2.267,50.0,27.0,9.0,14,1.39,0.48,1.06019725599336,20481,0.1882168063520037,108,109,1.0092592592592593,0,AMS-amsterdam-chain-166482-0|qp27
2.796,50.0,14.0,19.0,0,1.39,0.48,1.1923478898314277,9549,0.0711507510729612,56,59,1.0535714285714286,0,AMS-amsterdam-chain-22812-0|qp14
2.796,50.0,14.0,19.0,16,1.39,0.48,1.294006038086362,8612,0.0641690510252743,56,54,0.9642857142857144,0,AMS-amsterdam-chain-22812-0|qp14
2.796,50.0,34.0,11.0,2,1.39,0.48,1.1981541889483824,22440,0.1672031473533604,136,134,0.9852941176470588,0,AMS-amsterdam-chain-22812-0|qp34
2.796,50.0,34.0,11.0,18,1.39,0.48,1.173845151765169,23029,0.171591857415355,136,133,0.9779411764705882,0,AMS-amsterdam-chain-22812-0|qp34
2.575,50.0,13.0,19.0,4,1.39,0.48,1.2675776093864772,8182,0.0661974110032367,52,54,1.0384615384615383,0,AMS-amsterdam-chain-32802-0|qp13
2.575,50.0,13.0,19.0,20,1.39,0.48,1.247965165165149,8325,0.0673543689320379,52,50,0.9615384615384616,0,AMS-amsterdam-chain-32802-0|qp13
2.575,50.0,31.0,13.0,6,1.39,0.48,1.178622924452511,21139,0.1710275080906129,124,125,1.0080645161290325,0,AMS-amsterdam-chain-32802-0|qp31
2.575,50.0,31.0,13.0,22,1.39,0.48,1.181221203628967,21053,0.1703317152103556,124,118,0.9516129032258064,0,AMS-amsterdam-chain-32802-0|qp31
2.575,50.0,31.0,14.0,8,1.39,0.48,1.1225544403620262,22318,0.1805663430420704,124,123,0.9919354838709676,0,AMS-amsterdam-chain-32802-0|qp31
2.575,50.0,31.0,14.0,24,1.39,0.48,1.1770285471216064,21158,0.1711812297734637,124,124,1.0,0,AMS-amsterdam-chain-32802-0|qp31
2.482,50.0,12.0,19.0,10,1.39,0.48,1.2467516331497115,7807,0.0655301504163315,48,46,0.9583333333333334,0,AMS-amsterdam-chain-44642-0|qp12
2.482,50.0,12.0,19.0,26,1.39,0.48,1.2314531768308354,7838,0.0657903572387864,48,46,0.9583333333333334,0,AMS-amsterdam-chain-44642-0|qp12
2.482,50.0,30.0,13.0,12,1.39,0.48,1.168057899330792,20622,0.173096293311847,120,119,0.9916666666666668,0,AMS-amsterdam-chain-44642-0|qp30
2.482,50.0,30.0,13.0,28,1.39,0.48,1.1866931668537122,20503,0.172097434864359,120,117,0.975,0,AMS-amsterdam-chain-44642-0|qp30
2.482,50.0,30.0,14.0,14,1.39,0.48,1.155065789473686,20824,0.1747918345420366,120,118,0.9833333333333332,0,AMS-amsterdam-chain-44642-0|qp30
2.166,50.0,11.0,13.0,0,1.39,0.48,1.1503186243519985,7909,0.0760714835333959,44,44,1.0,0,AMS-amsterdam-chain-45268-50|qp11
2.166,50.0,11.0,13.0,16,1.39,0.48,1.2793988355167378,6870,0.0660780240073864,44,44,1.0,0,AMS-amsterdam-chain-45268-50|qp11
2.166,50.0,11.0,14.0,2,1.39,0.48,1.1694386372435253,7749,0.0745325484764549,44,43,0.9772727272727272,0,AMS-amsterdam-chain-45268-50|qp11
2.166,50.0,11.0,14.0,18,1.39,0.48,1.261709829732414,6989,0.0672226069559866,44,43,0.9772727272727272,0,AMS-amsterdam-chain-45268-50|qp11
2.166,50.0,26.0,9.0,4,1.39,0.48,1.1442330494772133,18554,0.1784587565404724,104,104,1.0,0,AMS-amsterdam-chain-45268-50|qp26
2.166,50.0,26.0,9.0,20,1.39,0.48,1.1304596100278852,18668,0.1795552477685447,104,106,1.0192307692307692,0,AMS-amsterdam-chain-45268-50|qp26
1.662,50.0,20.0,11.0,6,1.39,0.48,1.262942789968637,12760,0.1599478539911713,80,78,0.975,0,AMS-amsterdam-chain-79104-0|qp20
1.662,50.0,20.0,11.0,22,1.39,0.48,1.271687995603339,12737,0.1596595467308433,80,80,1.0,0,AMS-amsterdam-chain-79104-0|qp20
1.662,50.0,8.0,11.0,8,1.39,0.48,1.2296642142992116,5301,0.0664485559566795,32,31,0.96875,0,AMS-amsterdam-chain-79104-0|qp8
1.662,50.0,8.0,11.0,24,1.39,0.48,1.2635792563600945,5110,0.0640543521861225,32,33,1.03125,0,AMS-amsterdam-chain-79104-0|qp8
2.408,50.0,43.3,7.0,10,1.39,0.48,1.1516022081293336,30433,0.2632976882613453,172,177,1.0290697674418603,0,DC-012|qp43.3
2.408,50.0,43.3,7.0,26,1.39,0.48,1.1551666944769443,29965,0.2592486849390866,172,170,0.9883720930232558,0,DC-012|qp43.3
3.719,50.0,66.9,7.0,12,1.39,0.48,1.1223827759162206,48049,0.2691639777718045,268,266,0.9925373134328358,0,DC-015|qp66.9
3.719,50.0,66.9,7.0,28,1.39,0.48,1.016339034051942,52508,0.2941426906874593,268,267,0.996268656716418,0,DC-015|qp66.9
2.722,50.0,49.0,9.0,14,1.39,0.48,1.0894812232781137,36721,0.2810510041636034,196,195,0.9948979591836736,0,DC-048|qp49.0
3.609,50.0,65.0,7.0,0,1.39,0.48,1.0998853196477671,47349,0.2733270989193642,260,261,1.0038461538461538,0,DC-051|qp65.0
3.609,50.0,65.0,7.0,16,1.39,0.48,1.0827011506125734,48409,0.279446060773991,260,252,0.9692307692307692,0,DC-051|qp65.0
2.48,50.0,44.6,9.0,2,1.39,0.48,1.1171456742206392,31948,0.268380376344087,178,182,1.0224719101123596,0,DC-066|qp44.6
2.48,50.0,44.6,9.0,18,1.39,0.48,1.1139566538509618,32252,0.2709341397849484,178,182,1.0224719101123596,0,DC-066|qp44.6
3.54,50.0,63.7,7.0,4,1.39,0.48,1.1259519602066268,45837,0.2697563559322065,254,255,1.0039370078740155,0,DC-069|qp63.7
3.54,50.0,63.7,7.0,20,1.39,0.48,1.089506280977781,46808,0.2754708097928451,254,251,0.9881889763779528,0,DC-069|qp63.7
2.46,50.0,44.3,9.0,6,1.39,0.48,1.1376969311496166,31445,0.2663025067750659,178,174,0.9775280898876404,0,DC-084|qp44.3
2.46,50.0,44.3,9.0,22,1.39,0.48,1.128212878210033,31464,0.2664634146341446,178,174,0.9775280898876404,0,DC-084|qp44.3
4.98,50.0,89.6,7.0,8,1.39,0.48,0.937054056212029,75144,0.3143574297188826,358,353,0.9860335195530726,0,DC-087|qp89.6
4.98,50.0,89.6,7.0,24,1.39,0.48,0.9285353249792438,76051,0.3181517737617216,358,351,0.9804469273743016,0,DC-087|qp89.6
2.438,50.0,43.9,7.0,10,1.39,0.48,1.1568484571727098,30658,0.2619804484550267,176,176,1.0,0,DC-099|qp43.9
2.438,50.0,43.9,7.0,26,1.39,0.48,1.1793045328649678,29606,0.2529908394859276,176,177,1.005681818181818,0,DC-099|qp43.9
2.4,50.0,43.2,9.0,12,1.39,0.48,1.1414078823184302,30727,0.2667274305555543,174,168,0.9655172413793104,0,DC-114|qp43.2
2.4,50.0,43.2,9.0,28,1.39,0.48,1.1127726966400266,31161,0.2704947916666668,174,171,0.9827586206896552,0,DC-114|qp43.2
1.697,50.0,8.0,7.0,14,1.39,0.48,1.2174789128397354,5335,0.0654954822235308,32,33,1.03125,0,MEL-melbourne-1389612-0-2|qp8
2.722,50.0,33.0,13.0,0,1.39,0.48,1.15787831104115,22878,0.1751010286554006,132,131,0.9924242424242424,0,MEL-melbourne-1389823-0-3|qp33
2.722,50.0,33.0,13.0,16,1.39,0.48,1.247937270953358,21011,0.160811596865051,132,131,0.9924242424242424,0,MEL-melbourne-1389823-0-3|qp33
2.722,50.0,33.0,14.0,2,1.39,0.48,1.1586202090592523,22960,0.1757286309086428,132,135,1.0227272727272727,0,MEL-melbourne-1389823-0-3|qp33
2.722,50.0,33.0,14.0,18,1.39,0.48,1.1523265145898374,22927,0.1754760592701427,132,129,0.9772727272727272,0,MEL-melbourne-1389823-0-3|qp33
2.156,50.0,11.0,13.0,4,1.39,0.48,1.247305065452474,7028,0.0679112554112569,44,44,1.0,0,MEL-melbourne-1434605-0-0|qp11
2.156,50.0,11.0,13.0,20,1.39,0.48,1.2951919102450222,6774,0.0654568645640084,44,44,1.0,0,MEL-melbourne-1434605-0-0|qp11
2.156,50.0,11.0,14.0,6,1.39,0.48,1.2862089985486749,6890,0.0665777674706255,44,46,1.0454545454545454,0,MEL-melbourne-1434605-0-0|qp11
2.156,50.0,11.0,14.0,22,1.39,0.48,1.2328696864111337,7175,0.0693317099567115,44,45,1.0227272727272727,0,MEL-melbourne-1434605-0-0|qp11
2.156,50.0,26.0,9.0,8,1.39,0.48,1.1290331773941598,18597,0.1797019944341374,104,103,0.9903846153846154,0,MEL-melbourne-1434605-0-0|qp26
2.156,50.0,26.0,9.0,24,1.39,0.48,1.1952948493243956,17687,0.1709087043908498,104,102,0.9807692307692308,0,MEL-melbourne-1434605-0-0|qp26
1.749,50.0,9.0,7.0,10,1.39,0.48,1.2450017047391655,5866,0.0698732609109973,36,37,1.0277777777777777,0,MEL-melbourne-1465622-0-2|qp9
1.749,50.0,9.0,7.0,26,1.39,0.48,1.261021821960472,5774,0.0687773966075859,36,37,1.0277777777777777,0,MEL-melbourne-1465622-0-2|qp9
2.348,50.0,12.0,13.0,12,1.39,0.48,1.306955465587072,7410,0.0657474446337302,48,50,1.0416666666666667,0,MEL-melbourne-1465759-0-1|qp12
2.348,50.0,12.0,13.0,28,1.39,0.48,1.2577556109725694,7619,0.0676018597387841,48,46,0.9583333333333334,0,MEL-melbourne-1465759-0-1|qp12
2.348,50.0,12.0,14.0,14,1.39,0.48,1.2774533421574412,7555,0.0670340005678582,48,47,0.9791666666666666,0,MEL-melbourne-1465759-0-1|qp12
2.348,50.0,28.0,11.0,0,1.39,0.48,1.1675593952484211,19446,0.1725404599659277,112,108,0.9642857142857144,0,MEL-melbourne-1465759-0-1|qp28
2.348,50.0,28.0,11.0,16,1.39,0.48,1.2171904062652923,18387,0.1631441652470165,112,114,1.0178571428571428,0,MEL-melbourne-1465759-0-1|qp28
1.83,50.0,9.0,9.0,2,1.39,0.48,1.229852916314451,5915,0.0673383424407993,36,36,1.0,0,MEL-melbourne-1477330-0-0|qp9
1.83,50.0,9.0,9.0,18,1.39,0.48,1.2895959061231574,5667,0.0645150273224029,36,36,1.0,0,MEL-melbourne-1477330-0-0|qp9
5.175,50.0,26.0,19.0,4,1.39,0.48,1.2470577048791145,16827,0.0677415458937196,104,104,1.0,0,MEL-melbourne-1515142-0-0|qp26
5.175,50.0,26.0,19.0,20,1.39,0.48,1.235620821394484,16752,0.0674396135265695,104,106,1.0192307692307692,0,MEL-melbourne-1515142-0-0|qp26
5.175,50.0,62.0,7.0,6,1.39,0.48,1.162745589578989,42683,0.1718317230273768,248,251,1.0120967741935485,0,MEL-melbourne-1515142-0-0|qp62
5.175,50.0,62.0,7.0,22,1.39,0.48,1.097450915435458,45279,0.1822826086956554,248,242,0.9758064516129032,0,MEL-melbourne-1515142-0-0|qp62
1.844,50.0,22.0,7.0,8,1.39,0.48,1.157130491803225,15250,0.1722930224150391,88,89,1.0113636363636365,0,MEL-melbourne-RPSP02B11034-0-0|qp22
1.844,50.0,22.0,7.0,24,1.39,0.48,1.1607950588080749,15219,0.1719427874186549,88,86,0.9772727272727272,0,MEL-melbourne-RPSP02B11034-0-0|qp22
1.844,50.0,9.0,11.0,10,1.39,0.48,1.2248337510442706,5985,0.0676179501084616,36,37,1.0277777777777777,0,MEL-melbourne-RPSP02B11034-0-0|qp9
1.844,50.0,9.0,11.0,26,1.39,0.48,1.2386440096120364,5826,0.0658215835141018,36,37,1.0277777777777777,0,MEL-melbourne-RPSP02B11034-0-0|qp9
3.609,50.0,54.0,11.0,12,1.39,0.48,1.089958883846834,39887,0.2302519165050333,216,215,0.9953703703703703,0,MEL-melbourne-RPSP03A10530L1-0-0|qp54
3.609,50.0,54.0,11.0,28,1.39,0.48,1.023984307295867,42695,0.2464613928142598,216,215,0.9953703703703703,0,MEL-melbourne-RPSP03A10530L1-0-0|qp54
3.194,50.0,38.0,13.0,14,1.39,0.48,1.1630231120043182,25874,0.1687669588812381,152,149,0.9802631578947368,0,MEL-melbourne-RPSP03A11034L1-0-0|qp38
3.194,50.0,38.0,14.0,0,1.39,0.48,1.1385656632974537,27009,0.1761701628052634,152,154,1.013157894736842,0,MEL-melbourne-RPSP03A11034L1-0-0|qp38
3.194,50.0,38.0,14.0,16,1.39,0.48,1.2054094793481065,25276,0.1648664161970389,152,150,0.986842105263158,0,MEL-melbourne-RPSP03A11034L1-0-0|qp38
3.121,50.0,16.0,19.0,2,1.39,0.48,1.2594825242718937,10300,0.0687546726476557,64,65,1.015625,0,MEL-melbourne-RPSP07A11127-0-0|qp16
3.121,50.0,16.0,19.0,18,1.39,0.48,1.2372568771793853,10324,0.0689148777101356,64,63,0.984375,0,MEL-melbourne-RPSP07A11127-0-0|qp16
3.121,50.0,38.0,11.0,4,1.39,0.48,1.2115008331347863,25206,0.1682553668695887,152,152,1.0,0,MEL-melbourne-RPSP07A11127-0-0|qp38
3.121,50.0,38.0,11.0,20,1.39,0.48,1.1984942130540313,25402,0.169563708213174,152,152,1.0,0,MEL-melbourne-RPSP07A11127-0-0|qp38
3.499,50.0,52.0,9.0,6,1.39,0.48,1.1768498363224582,35741,0.2128048490044801,208,211,1.0144230769230769,0,MEL-melbourne-RPSP0814955L1-0-0|qp52
3.499,50.0,52.0,9.0,22,1.39,0.48,1.1730221157910428,35495,0.2113401448032768,208,209,1.0048076923076923,0,MEL-melbourne-RPSP0814955L1-0-0|qp52
6.11,50.0,31.0,16.0,8,1.39,0.48,1.1821919234957268,21123,0.0720233224222587,124,124,1.0,0,NTP-newtaipei-idx11355-0-2|qp31
6.11,50.0,31.0,16.0,24,1.39,0.48,1.2382643604103205,20177,0.0687977359519923,124,125,1.0080645161290325,0,NTP-newtaipei-idx11355-0-2|qp31
6.11,50.0,31.0,17.0,10,1.39,0.48,1.2001147477487193,20654,0.0704241680305523,124,125,1.0080645161290325,0,NTP-newtaipei-idx11355-0-2|qp31
6.11,50.0,31.0,17.0,26,1.39,0.48,1.1944567627494524,20746,0.0707378614293511,124,124,1.0,0,NTP-newtaipei-idx11355-0-2|qp31
4.98,50.0,25.0,19.0,12,1.39,0.48,1.235956962803645,16265,0.0680430053547524,100,101,1.01,0,NTP-newtaipei-idx11808-0-1|qp25
4.98,50.0,25.0,19.0,28,1.39,0.48,1.1935234939045924,16898,0.0706910977242304,100,101,1.01,0,NTP-newtaipei-idx11808-0-1|qp25
4.98,50.0,60.0,11.0,14,1.39,0.48,1.1013005833449525,43542,0.1821536144578303,240,238,0.9916666666666668,0,NTP-newtaipei-idx11808-0-1|qp60
1.78,50.0,9.0,9.0,0,1.39,0.48,1.1368033813400495,6388,0.0747659176029933,36,35,0.9722222222222222,0,NTP-newtaipei-idx11901-0-0|qp9
1.78,50.0,9.0,9.0,16,1.39,0.48,1.2492886456908188,5848,0.0684456928838925,36,35,0.9722222222222222,0,NTP-newtaipei-idx11901-0-0|qp9
1.8,50.0,9.0,7.0,2,1.39,0.48,1.262800897945095,5791,0.0670254629629631,36,35,0.9722222222222222,0,NTP-newtaipei-idx13763-0-2|qp9
1.8,50.0,9.0,7.0,18,1.39,0.48,1.234065357263772,5906,0.0683564814814811,36,36,1.0,0,NTP-newtaipei-idx13763-0-2|qp9
1.71,50.0,9.0,7.0,4,1.39,0.48,1.2737706055873832,5763,0.0702119883040952,36,36,1.0,0,NTP-newtaipei-idx13776-0-2|qp9
1.71,50.0,9.0,7.0,20,1.39,0.48,1.271536568213773,5688,0.0692982456140367,36,37,1.0277777777777777,0,NTP-newtaipei-idx13776-0-2|qp9
2.46,50.0,12.0,19.0,6,1.39,0.48,1.2728371535181986,7504,0.0635501355013558,48,48,1.0,0,NTP-newtaipei-idx251-0-0|qp12
2.46,50.0,12.0,19.0,22,1.39,0.48,1.2791422510937327,7543,0.0638804200542015,48,49,1.0208333333333333,0,NTP-newtaipei-idx251-0-0|qp12
2.46,50.0,30.0,11.0,8,1.39,0.48,1.153752736271071,21014,0.1779640921409239,120,121,1.0083333333333333,0,NTP-newtaipei-idx251-0-0|qp30
2.46,50.0,30.0,11.0,24,1.39,0.48,1.2114960551283265,20026,0.1695968834688377,120,118,0.9833333333333332,0,NTP-newtaipei-idx251-0-0|qp30
2.99,50.0,36.0,13.0,10,1.39,0.48,1.17901120471085,24454,0.1703874024526205,144,144,1.0,0,NTP-newtaipei-idx4423-0-0|qp36
2.99,50.0,36.0,13.0,26,1.39,0.48,1.1981337474119886,24150,0.1682692307692312,144,142,0.9861111111111112,0,NTP-newtaipei-idx4423-0-0|qp36
2.99,50.0,36.0,14.0,12,1.39,0.48,1.211066817572158,23856,0.1662207357859539,144,142,0.9861111111111112,0,NTP-newtaipei-idx4423-0-0|qp36
2.99,50.0,36.0,14.0,28,1.39,0.48,1.2088126978836955,24004,0.167251950947604,144,142,0.9861111111111112,0,NTP-newtaipei-idx4423-0-0|qp36
2.33,50.0,12.0,16.0,14,1.39,0.48,1.265231604023219,7556,0.0675608011444907,48,47,0.9791666666666666,0,NTP-newtaipei-idx5617-0-0|qp12
2.33,50.0,12.0,17.0,0,1.39,0.48,1.155642584644733,8388,0.0749999999999991,48,49,1.0208333333333333,0,NTP-newtaipei-idx5617-0-0|qp12
2.33,50.0,12.0,17.0,16,1.39,0.48,1.2506033706419772,7773,0.069501072961372,48,48,1.0,0,NTP-newtaipei-idx5617-0-0|qp12
2.33,50.0,28.0,11.0,2,1.39,0.48,1.15099405838292,19355,0.1730597281831178,112,113,1.0089285714285714,0,NTP-newtaipei-idx5617-0-0|qp28
2.33,50.0,28.0,11.0,18,1.39,0.48,1.1771816934121802,18944,0.1693848354792529,112,113,1.0089285714285714,0,NTP-newtaipei-idx5617-0-0|qp28
2.62,50.0,31.0,13.0,4,1.39,0.48,1.2309309854318298,20387,0.162110368956743,124,124,1.0,0,NTP-newtaipei-idx6820-0-0|qp31
2.62,50.0,31.0,13.0,20,1.39,0.48,1.2187143696737874,20418,0.1623568702290063,124,126,1.0161290322580645,0,NTP-newtaipei-idx6820-0-0|qp31
2.62,50.0,31.0,14.0,6,1.39,0.48,1.2075987323257886,20510,0.1630884223918585,124,125,1.0080645161290325,0,NTP-newtaipei-idx6820-0-0|qp31
2.62,50.0,31.0,14.0,22,1.39,0.48,1.2339271722752956,19910,0.1583174300254447,124,119,0.9596774193548387,0,NTP-newtaipei-idx6820-0-0|qp31
2.9,50.0,35.0,11.0,8,1.39,0.48,1.2066923208483713,23388,0.1680172413793052,140,142,1.0142857142857142,0,NTP-newtaipei-idx7804-0-0|qp35
2.9,50.0,35.0,11.0,24,1.39,0.48,1.2483596581502725,22349,0.1605531609195351,140,139,0.9928571428571428,0,NTP-newtaipei-idx7804-0-0|qp35
1.91,50.0,10.0,9.0,10,1.39,0.48,1.2534645301804568,6428,0.0701134380453752,40,41,1.025,0,NTP-newtaipei-idx9858-0-0|qp10
1.91,50.0,10.0,9.0,26,1.39,0.48,1.243970978311757,6409,0.0699061954624785,40,40,1.0,0,NTP-newtaipei-idx9858-0-0|qp10
1.707,50.0,8.0,7.0,12,1.39,0.48,1.242896039604008,5252,0.0640988088264033,32,32,1.0,0,NYC-nyc-110605-0-2|qp8
1.707,50.0,8.0,7.0,28,1.39,0.48,1.2622128150856142,5197,0.0634275532122654,32,32,1.0,0,NYC-nyc-110605-0-2|qp8
2.408,50.0,12.0,19.0,14,1.39,0.48,1.2538447512372477,7678,0.0664278792912508,48,46,0.9583333333333334,0,NYC-nyc-17655-0-0|qp12
2.408,50.0,29.0,11.0,0,1.39,0.48,1.1453647630619743,20575,0.1780090669988963,116,117,1.0086206896551724,0,NYC-nyc-17655-0-0|qp29
2.408,50.0,29.0,11.0,16,1.39,0.48,1.2239455461127102,19062,0.1649190199335566,116,119,1.0258620689655171,0,NYC-nyc-17655-0-0|qp29
2.073,50.0,10.0,11.0,2,1.39,0.48,1.244455782312952,6468,0.0650024119633393,40,39,0.975,0,NYC-nyc-199805-0-0|qp10
2.073,50.0,10.0,11.0,18,1.39,0.48,1.226846901579545,6584,0.0661681942434477,40,41,1.025,0,NYC-nyc-199805-0-0|qp10
2.073,50.0,25.0,7.0,4,1.39,0.48,1.2174163167366605,16670,0.1675309535295048,100,102,1.02,0,NYC-nyc-199805-0-0|qp25
2.073,50.0,25.0,7.0,20,1.39,0.48,1.2071160194466422,16661,0.1674405049043235,100,102,1.02,0,NYC-nyc-199805-0-0|qp25
3.17,50.0,38.0,11.0,6,1.39,0.48,1.2294937672853754,24949,0.1639655625657202,152,152,1.0,0,NYC-nyc-20131-0-2|qp38
3.17,50.0,38.0,11.0,22,1.39,0.48,1.1896762267968697,25697,0.1688814405888522,152,149,0.9802631578947368,0,NYC-nyc-20131-0-2|qp38
2.56,50.0,31.0,13.0,8,1.39,0.48,1.1430195683058035,21821,0.1775797526041666,124,125,1.0080645161290325,0,NYC-nyc-214464-0-0|qp31
2.56,50.0,31.0,13.0,24,1.39,0.48,1.2231669771545588,20398,0.1659993489583333,124,124,1.0,0,NYC-nyc-214464-0-0|qp31
2.56,50.0,31.0,14.0,10,1.39,0.48,1.1913927967126623,20685,0.1683349609375,124,125,1.0080645161290325,0,NYC-nyc-214464-0-0|qp31
2.56,50.0,31.0,14.0,26,1.39,0.48,1.2143675405987395,20444,0.1663736979166666,124,124,1.0,0,NYC-nyc-214464-0-0|qp31
2.347,50.0,35.0,9.0,12,1.39,0.48,1.1841112097013,23667,0.2100820195994882,140,139,0.9928571428571428,0,NYC-nyc-267383-0-0|qp35
2.347,50.0,35.0,9.0,28,1.39,0.48,1.1560073634689945,24445,0.2169879988637945,140,137,0.9785714285714284,0,NYC-nyc-267383-0-0|qp35
2.377,50.0,12.0,16.0,14,1.39,0.48,1.275553038379442,7504,0.0657691768335427,48,47,0.9791666666666666,0,NYC-nyc-27695-0-3|qp12
2.377,50.0,12.0,17.0,0,1.39,0.48,1.1577551753021498,8357,0.0732453372598495,48,49,1.0208333333333333,0,NYC-nyc-27695-0-3|qp12
2.377,50.0,12.0,17.0,16,1.39,0.48,1.24344943240456,7752,0.0679427850231373,48,47,0.9791666666666666,0,NYC-nyc-27695-0-3|qp12
2.377,50.0,28.0,11.0,2,1.39,0.48,1.1471898811338472,19686,0.1725389145982309,112,109,0.9732142857142856,0,NYC-nyc-27695-0-3|qp28
2.377,50.0,28.0,11.0,18,1.39,0.48,1.185638564496363,18753,0.1643615902397969,112,113,1.0089285714285714,0,NYC-nyc-27695-0-3|qp28
1.676,50.0,8.0,7.0,4,1.39,0.48,1.2073697868397024,5395,0.0670619530628501,32,31,0.96875,0,NYC-nyc-46079-0-1|qp8
1.676,50.0,8.0,7.0,20,1.39,0.48,1.2848936593122746,5031,0.0625372911694532,32,34,1.0625,0,NYC-nyc-46079-0-1|qp8
3.048,50.0,37.0,13.0,6,1.39,0.48,1.2094675010093645,24770,0.1693050087489133,148,153,1.0337837837837838,0,NYC-nyc-59808-0-1|qp37
3.048,50.0,37.0,13.0,22,1.39,0.48,1.1877037096386338,24962,0.1706173447069141,148,148,1.0,0,NYC-nyc-59808-0-1|qp37
3.048,50.0,37.0,14.0,8,1.39,0.48,1.140374852082336,26197,0.1790586723534608,148,151,1.0202702702702702,0,NYC-nyc-59808-0-1|qp37
3.048,50.0,37.0,14.0,24,1.39,0.48,1.219021454307209,24424,0.166940069991257,148,148,1.0,0,NYC-nyc-59808-0-1|qp37
5.06,50.0,25.0,19.0,10,1.39,0.48,1.2055776151631774,16672,0.0686429512516473,100,100,1.0,0,NYC-nyc-62758-0-0|qp25
5.06,50.0,25.0,19.0,26,1.39,0.48,1.2415316260413614,16205,0.0667201910408435,100,100,1.0,0,NYC-nyc-62758-0-0|qp25
5.06,50.0,61.0,9.0,12,1.39,0.48,1.1716433449545138,41878,0.1724225955204231,244,245,1.0040983606557377,0,NYC-nyc-62758-0-0|qp61
5.06,50.0,61.0,9.0,28,1.39,0.48,1.0906392132759115,43929,0.1808670948616592,244,247,1.0122950819672132,0,NYC-nyc-62758-0-0|qp61
3.719,50.0,19.0,19.0,14,1.39,0.48,1.2408970719441452,12329,0.0690653849601157,76,75,0.986842105263158,0,NYC-nyc-9648-0-0|qp19
3.719,50.0,45.0,11.0,0,1.39,0.48,1.147237262643377,31914,0.1787778972842185,180,183,1.0166666666666666,0,NYC-nyc-9648-0-0|qp45
3.719,50.0,45.0,11.0,16,1.39,0.48,1.1841107033033058,30243,0.1694171820381836,180,179,0.9944444444444444,0,NYC-nyc-9648-0-0|qp45
2.103,50.0,32.0,7.0,2,1.39,0.48,1.11319396200527,23319,0.2310092724679041,128,127,0.9921875,0,NYC-nyc-98749-0-2|qp32
2.103,50.0,32.0,7.0,18,1.39,0.48,1.1448904724202462,22734,0.2252139800285301,128,125,0.9765625,0,NYC-nyc-98749-0-2|qp32
4.115,50.0,62.0,7.0,4,1.39,0.48,1.1634178842781042,42775,0.2165603483191559,248,252,1.0161290322580645,0,SEA-seattle-5423808-0-1|qp62
4.115,50.0,62.0,7.0,20,1.39,0.48,1.0821092340140397,45993,0.2328523693803151,248,244,0.9838709677419356,0,SEA-seattle-5423808-0-1|qp62
1.829,50.0,9.0,7.0,6,1.39,0.48,1.231424991647197,5986,0.0681838891926359,36,36,1.0,0,SEA-seattle-5426480-0-0|qp9
1.829,50.0,9.0,7.0,22,1.39,0.48,1.2576336805555544,5760,0.0656096227446691,36,37,1.0277777777777777,0,SEA-seattle-5426480-0-0|qp9
2.54,50.0,38.0,11.0,8,1.39,0.48,1.1536677316294237,26605,0.218216863517064,152,151,0.993421052631579,0,SEA-seattle-5426595-0-0|qp38
2.54,50.0,38.0,11.0,24,1.39,0.48,1.20990413038266,25034,0.2053313648294026,152,152,1.0,0,SEA-seattle-5426595-0-0|qp38
1.651,50.0,8.0,7.0,10,1.39,0.48,1.23212478599958,5257,0.066336058954167,32,32,1.0,0,SEA-seattle-5432169-0-1|qp8
1.651,50.0,8.0,7.0,26,1.39,0.48,1.207432556432347,5449,0.0687588330304848,32,33,1.03125,0,SEA-seattle-5432169-0-1|qp8
1.829,50.0,9.0,7.0,12,1.39,0.48,1.2440201342282404,5960,0.0678877346455257,36,36,1.0,0,SEA-seattle-5433778-0-0|qp9
1.829,50.0,9.0,7.0,28,1.39,0.48,1.268654083612616,5669,0.0645730818297791,36,36,1.0,0,SEA-seattle-5433778-0-0|qp9
2.438,50.0,37.0,11.0,14,1.39,0.48,1.1417708333333387,25824,0.2206726825266707,148,150,1.0135135135135136,0,SEA-seattle-5434873-0-0|qp37
1.829,50.0,9.0,11.0,0,1.39,0.48,1.1633600641540045,6235,0.0710201385092026,36,36,1.0,0,SEA-seattle-5438086-0-1|qp9
1.829,50.0,9.0,11.0,16,1.39,0.48,1.2098653814193026,6017,0.0685369965372687,36,35,0.9722222222222222,0,SEA-seattle-5438086-0-1|qp9
4.064,50.0,61.0,7.0,2,1.39,0.48,1.114081379621144,44360,0.2274032152230986,244,244,1.0,0,SEA-seattle-5445989-0-0|qp61
4.064,50.0,61.0,7.0,18,1.39,0.48,1.1139504871061146,43625,0.2236353756561676,244,245,1.0040983606557377,0,SEA-seattle-5445989-0-0|qp61
1.829,50.0,9.0,7.0,4,1.39,0.48,1.3031128888889094,5625,0.0640718972115901,36,36,1.0,0,SEA-seattle-5449118-0-0|qp9
1.829,50.0,9.0,7.0,20,1.39,0.48,1.2893023255813825,5590,0.0636732276289406,36,37,1.0277777777777777,0,SEA-seattle-5449118-0-0|qp9
1.829,50.0,22.0,7.0,6,1.39,0.48,1.1382954763580482,15629,0.1780230544924358,88,85,0.9659090909090908,0,SEA-seattle-5449903-0-0|qp22
1.829,50.0,22.0,7.0,22,1.39,0.48,1.1969678714859782,14940,0.1701749589939835,88,90,1.0227272727272727,0,SEA-seattle-5449903-0-0|qp22
1.829,50.0,9.0,9.0,8,1.39,0.48,1.2029398224268186,6082,0.069277382905048,36,36,1.0,0,SEA-seattle-5449903-0-0|qp9
1.829,50.0,9.0,9.0,24,1.39,0.48,1.2621909153005515,5856,0.0667031164570802,36,36,1.0,0,SEA-seattle-5449903-0-0|qp9
2.438,50.0,12.0,19.0,10,1.39,0.48,1.202973341599488,8065,0.0689174870112129,48,46,0.9583333333333334,0,SEA-seattle-5452128-0-1|qp12
2.438,50.0,12.0,19.0,26,1.39,0.48,1.2173351891686617,7903,0.0675331555920172,48,46,0.9583333333333334,0,SEA-seattle-5452128-0-1|qp12
2.438,50.0,29.0,13.0,12,1.39,0.48,1.1868573323808478,19598,0.1674699207000307,116,113,0.9741379310344828,0,SEA-seattle-5452128-0-1|qp29
2.438,50.0,29.0,13.0,28,1.39,0.48,1.178373788883313,19610,0.1675724637681193,116,117,1.0086206896551724,0,SEA-seattle-5452128-0-1|qp29
2.438,50.0,29.0,14.0,14,1.39,0.48,1.121006380510425,20688,0.1767842493847464,116,115,0.9913793103448276,0,SEA-seattle-5452128-0-1|qp29
1.829,50.0,22.0,9.0,0,1.39,0.48,1.0997226386806545,16008,0.1823400765445579,88,90,1.0227272727272727,0,SEA-seattle-5453813-0-0|qp22
1.829,50.0,22.0,9.0,16,1.39,0.48,1.112746444335468,16312,0.1858028066338591,88,89,1.0113636363636365,0,SEA-seattle-5453813-0-0|qp22
1.829,50.0,9.0,9.0,2,1.39,0.48,1.1938233387358164,6170,0.0702797521414242,36,35,0.9722222222222222,0,SEA-seattle-5453813-0-0|qp9
1.829,50.0,9.0,9.0,18,1.39,0.48,1.2123973727421848,6090,0.0693685073810816,36,36,1.0,0,SEA-seattle-5453813-0-0|qp9
2.591,50.0,31.0,13.0,4,1.39,0.48,1.215284781030681,20665,0.166160105493372,124,125,1.0080645161290325,0,SEA-seattle-5454776-0-1|qp31
2.591,50.0,31.0,13.0,20,1.39,0.48,1.204246542101448,20605,0.1656776662807129,124,123,0.9919354838709676,0,SEA-seattle-5454776-0-1|qp31
2.591,50.0,31.0,14.0,6,1.39,0.48,1.2077965275069082,20504,0.1648655602727369,124,127,1.0241935483870968,0,SEA-seattle-5454776-0-1|qp31
2.591,50.0,31.0,14.0,22,1.39,0.48,1.2487228819079492,19959,0.1604834040910814,124,122,0.9838709677419356,0,SEA-seattle-5454776-0-1|qp31
1.8,50.0,22.0,7.0,8,1.39,0.48,1.160519370222727,15307,0.1771643518518567,88,91,1.0340909090909092,0,TAO-taoyuan-idx10181-0-0|qp22
1.8,50.0,22.0,7.0,24,1.39,0.48,1.1139161055167666,16187,0.1873495370370436,88,87,0.9886363636363636,0,TAO-taoyuan-idx10181-0-0|qp22
1.8,50.0,9.0,7.0,10,1.39,0.48,1.2304755503276716,5951,0.0688773148148143,36,37,1.0277777777777777,0,TAO-taoyuan-idx10181-0-0|qp9
1.8,50.0,9.0,7.0,26,1.39,0.48,1.2317436939224216,5907,0.0683680555555547,36,37,1.0277777777777777,0,TAO-taoyuan-idx10181-0-0|qp9
3.0,50.0,36.0,11.0,12,1.39,0.48,1.2195517663445177,23693,0.1645347222222222,144,143,0.9930555555555556,0,TAO-taoyuan-idx158-0-0|qp36
3.0,50.0,36.0,11.0,28,1.39,0.48,1.2360864560685818,23457,0.1628958333333311,144,141,0.9791666666666666,0,TAO-taoyuan-idx158-0-0|qp36
2.4,50.0,12.0,16.0,14,1.39,0.48,1.2706408722243565,7521,0.0652864583333334,48,47,0.9791666666666666,0,TAO-taoyuan-idx3410-0-9|qp12
2.4,50.0,12.0,17.0,0,1.39,0.48,1.148932745051277,8386,0.0727951388888886,48,49,1.0208333333333333,0,TAO-taoyuan-idx3410-0-9|qp12
2.4,50.0,12.0,17.0,16,1.39,0.48,1.263609171168813,7589,0.0658767361111113,48,49,1.0208333333333333,0,TAO-taoyuan-idx3410-0-9|qp12
2.4,50.0,29.0,11.0,2,1.39,0.48,1.1804947389720857,19768,0.1715972222222224,116,113,0.9741379310344828,0,TAO-taoyuan-idx3410-0-9|qp29
2.4,50.0,29.0,11.0,18,1.39,0.48,1.184577501029242,19432,0.1686805555555564,116,115,0.9913793103448276,0,TAO-taoyuan-idx3410-0-9|qp29
2.04,50.0,10.0,9.0,4,1.39,0.48,1.2959746713690417,6238,0.0637050653594772,40,41,1.025,0,TAO-taoyuan-idx3430-0-3|qp10
2.04,50.0,10.0,9.0,20,1.39,0.48,1.304501308044442,6116,0.0624591503267978,40,40,1.0,0,TAO-taoyuan-idx3430-0-3|qp10
2.04,50.0,24.0,9.0,6,1.39,0.48,1.128928445125537,16966,0.1732638888888893,96,91,0.9479166666666666,0,TAO-taoyuan-idx3430-0-3|qp24
2.04,50.0,24.0,9.0,22,1.39,0.48,1.1617287073846465,16602,0.1695465686274512,96,96,1.0,0,TAO-taoyuan-idx3430-0-3|qp24
1.87,50.0,22.0,7.0,8,1.39,0.48,1.1546010342344202,15277,0.1701983065953665,88,89,1.0113636363636365,0,TAO-taoyuan-idx5160-0-0|qp22
1.87,50.0,22.0,7.0,24,1.39,0.48,1.1475105184801586,15449,0.172114527629235,88,85,0.9659090909090908,0,TAO-taoyuan-idx5160-0-0|qp22
1.87,50.0,9.0,9.0,10,1.39,0.48,1.2574776324845087,5812,0.0647504456327985,36,36,1.0,0,TAO-taoyuan-idx5160-0-0|qp9
1.87,50.0,9.0,9.0,26,1.39,0.48,1.2712796208530297,5697,0.0634692513368981,36,37,1.0277777777777777,0,TAO-taoyuan-idx5160-0-0|qp9
6.92,50.0,35.0,13.0,12,1.39,0.48,1.2145929804821722,23107,0.0695658718689779,140,138,0.9857142857142858,0,TAO-taoyuan-idx531-0-1|qp35
6.92,50.0,35.0,13.0,28,1.39,0.48,1.221628402469772,22998,0.0692377167630051,140,138,0.9857142857142858,0,TAO-taoyuan-idx531-0-1|qp35
6.92,50.0,35.0,14.0,14,1.39,0.48,1.152697492034978,24482,0.0737054431599222,140,140,1.0,0,TAO-taoyuan-idx531-0-1|qp35
6.92,50.0,83.0,11.0,0,1.39,0.48,0.9164912063242996,72609,0.2185964595375711,332,332,1.0,0,TAO-taoyuan-idx531-0-1|qp83
6.92,50.0,83.0,11.0,16,1.39,0.48,0.9489195249322948,69127,0.2081135597302522,332,325,0.9789156626506024,0,TAO-taoyuan-idx531-0-1|qp83
2.6,50.0,31.0,13.0,2,1.39,0.48,1.1690083536699354,21308,0.1707371794871756,124,127,1.0241935483870968,0,TAO-taoyuan-idx5379-0-4|qp31
2.6,50.0,31.0,13.0,18,1.39,0.48,1.183082835183609,21078,0.1688942307692259,124,122,0.9838709677419356,0,TAO-taoyuan-idx5379-0-4|qp31
2.6,50.0,31.0,14.0,4,1.39,0.48,1.2116365293298932,20849,0.1670592948717887,124,125,1.0080645161290325,0,TAO-taoyuan-idx5379-0-4|qp31
2.6,50.0,31.0,14.0,20,1.39,0.48,1.2220651745218178,20284,0.1625320512820475,124,126,1.0161290322580645,0,TAO-taoyuan-idx5379-0-4|qp31
2.28,50.0,34.0,9.0,6,1.39,0.48,1.1387625804323986,24244,0.2215277777777798,136,132,0.9705882352941176,0,TAO-taoyuan-idx578-0-8|qp34
2.28,50.0,34.0,9.0,22,1.39,0.48,1.1603542604706238,23542,0.2151133040935712,136,132,0.9705882352941176,0,TAO-taoyuan-idx578-0-8|qp34
2.3,50.0,12.0,16.0,8,1.39,0.48,1.2216968762051394,7779,0.070461956521737,48,47,0.9791666666666666,0,TAO-taoyuan-idx6720-0-3|qp12
2.3,50.0,12.0,16.0,24,1.39,0.48,1.2474520406850038,7767,0.070353260869563,48,48,1.0,0,TAO-taoyuan-idx6720-0-3|qp12
2.3,50.0,12.0,17.0,10,1.39,0.48,1.2147310482861962,7994,0.0724094202898527,48,48,1.0,0,TAO-taoyuan-idx6720-0-3|qp12
2.3,50.0,12.0,17.0,26,1.39,0.48,1.1880586575039978,8149,0.073813405797099,48,47,0.9791666666666666,0,TAO-taoyuan-idx6720-0-3|qp12
2.3,50.0,28.0,11.0,12,1.39,0.48,1.2002073008260694,18765,0.1699728260869565,112,110,0.9821428571428572,0,TAO-taoyuan-idx6720-0-3|qp28
2.3,50.0,28.0,11.0,28,1.39,0.48,1.1561196703691403,19537,0.1769655797101437,112,113,1.0089285714285714,0,TAO-taoyuan-idx6720-0-3|qp28
2.23,50.0,11.0,11.0,14,1.39,0.48,1.2707040229884576,6960,0.0650224215246619,44,44,1.0,0,TAO-taoyuan-idx7044-0-7|qp11
2.23,50.0,27.0,11.0,0,1.39,0.48,1.1208771114211225,19359,0.1808576233183866,108,108,1.0,0,TAO-taoyuan-idx7044-0-7|qp27
2.23,50.0,27.0,11.0,16,1.39,0.48,1.203188007906872,18212,0.1701420029895357,108,108,1.0,0,TAO-taoyuan-idx7044-0-7|qp27
1.97,50.0,10.0,9.0,2,1.39,0.48,1.2619346178142894,6332,0.0669627749576996,40,40,1.0,0,TAO-taoyuan-idx718-0-1|qp10
1.97,50.0,10.0,9.0,18,1.39,0.48,1.2488698095534965,6406,0.0677453468697118,40,39,0.975,0,TAO-taoyuan-idx718-0-1|qp10
1.97,50.0,24.0,7.0,4,1.39,0.48,1.181590713671551,16282,0.1721869712351947,96,93,0.96875,0,TAO-taoyuan-idx718-0-1|qp24
1.97,50.0,24.0,7.0,20,1.39,0.48,1.1522565824350557,16977,0.1795368020304567,96,94,0.9791666666666666,0,TAO-taoyuan-idx718-0-1|qp24
3.07,50.0,37.0,13.0,6,1.39,0.48,1.2337425447317052,24144,0.1638436482084668,148,149,1.0067567567567568,0,TAO-taoyuan-idx9038-0-2|qp37
3.07,50.0,37.0,13.0,22,1.39,0.48,1.1741449960598318,25380,0.1722312703583051,148,149,1.0067567567567568,0,TAO-taoyuan-idx9038-0-2|qp37
3.07,50.0,37.0,14.0,8,1.39,0.48,1.1603622878888624,25753,0.1747624864277953,148,152,1.027027027027027,0,TAO-taoyuan-idx9038-0-2|qp37
3.07,50.0,37.0,14.0,24,1.39,0.48,1.2034059901509142,24774,0.1681188925081416,148,147,0.9932432432432432,0,TAO-taoyuan-idx9038-0-2|qp37
2.69,50.0,40.0,11.0,10,1.39,0.48,1.1583592225995758,27682,0.2143897149938028,160,162,1.0125,0,TPE-taipei-idx11047-0-0|qp40
2.69,50.0,40.0,11.0,26,1.39,0.48,1.1859094272607056,27028,0.20932465923172,160,158,0.9875,0,TPE-taipei-idx11047-0-0|qp40
1.99,50.0,10.0,11.0,12,1.39,0.48,1.2225416475622846,6543,0.0684987437185924,40,41,1.025,0,TPE-taipei-idx14193-0-0|qp10
1.99,50.0,10.0,11.0,28,1.39,0.48,1.230179686310349,6567,0.0687499999999998,40,41,1.025,0,TPE-taipei-idx14193-0-0|qp10
1.99,50.0,24.0,7.0,14,1.39,0.48,1.1444435957696848,17020,0.1781825795644847,96,99,1.03125,0,TPE-taipei-idx14193-0-0|qp24
2.36,50.0,12.0,16.0,0,1.39,0.48,1.1490445181150652,8446,0.0745586158192092,48,48,1.0,0,TPE-taipei-idx15074-0-0|qp12
2.36,50.0,12.0,16.0,16,1.39,0.48,1.2731221779548585,7530,0.0664724576271183,48,47,0.9791666666666666,0,TPE-taipei-idx15074-0-0|qp12
2.36,50.0,12.0,17.0,2,1.39,0.48,1.1946315397042058,8047,0.0710363700564973,48,47,0.9791666666666666,0,TPE-taipei-idx15074-0-0|qp12
2.36,50.0,12.0,17.0,18,1.39,0.48,1.2622833616520586,7651,0.0675406073446327,48,49,1.0208333333333333,0,TPE-taipei-idx15074-0-0|qp12
2.36,50.0,28.0,11.0,4,1.39,0.48,1.1945872888173057,18645,0.1645921610169503,112,113,1.0089285714285714,0,TPE-taipei-idx15074-0-0|qp28
2.36,50.0,28.0,11.0,20,1.39,0.48,1.2320992681450804,18173,0.1604254943502817,112,114,1.0178571428571428,0,TPE-taipei-idx15074-0-0|qp28
2.48,50.0,37.0,11.0,6,1.39,0.48,1.2095561843169893,24740,0.2078293010752714,148,150,1.0135135135135136,0,TPE-taipei-idx15608-0-1|qp37
2.48,50.0,37.0,11.0,22,1.39,0.48,1.2088027998057718,24716,0.2076276881720452,148,150,1.0135135135135136,0,TPE-taipei-idx15608-0-1|qp37
1.96,50.0,10.0,11.0,8,1.39,0.48,1.1873799644338998,6748,0.071726190476191,40,38,0.95,0,TPE-taipei-idx1592-0-2|qp10
1.96,50.0,10.0,11.0,24,1.39,0.48,1.218452713634369,6799,0.0722682823129262,40,41,1.025,0,TPE-taipei-idx1592-0-2|qp10
1.96,50.0,24.0,7.0,10,1.39,0.48,1.119244824794724,17294,0.1838222789115694,96,99,1.03125,0,TPE-taipei-idx1592-0-2|qp24
1.96,50.0,24.0,7.0,26,1.39,0.48,1.1254764512595488,17347,0.184385629251705,96,95,0.9895833333333334,0,TPE-taipei-idx1592-0-2|qp24
2.05,50.0,10.0,9.0,12,1.39,0.48,1.2674968671679416,6384,0.0648780487804878,40,40,1.0,0,TPE-taipei-idx326-0-1|qp10
2.05,50.0,10.0,9.0,28,1.39,0.48,1.2455192604006204,6490,0.0659552845528446,40,41,1.025,0,TPE-taipei-idx326-0-1|qp10
2.05,50.0,25.0,7.0,14,1.39,0.48,1.180132903981241,17080,0.1735772357723572,100,103,1.03,0,TPE-taipei-idx326-0-1|qp25
3.54,50.0,18.0,19.0,0,1.39,0.48,1.1712716099959095,12205,0.0718279190207158,72,76,1.0555555555555556,0,TPE-taipei-idx4344-0-0|qp18
3.54,50.0,18.0,19.0,16,1.39,0.48,1.3104512020092842,11148,0.0656073446327699,72,72,1.0,0,TPE-taipei-idx4344-0-0|qp18
3.54,50.0,42.0,11.0,2,1.39,0.48,1.1634461282956778,28902,0.170091807909604,168,171,1.0178571428571428,0,TPE-taipei-idx4344-0-0|qp42
3.54,50.0,42.0,11.0,18,1.39,0.48,1.17317404252383,28878,0.1699505649717514,168,171,1.0178571428571428,0,TPE-taipei-idx4344-0-0|qp42
2.06,50.0,10.0,11.0,4,1.39,0.48,1.2883541466538644,6246,0.0631674757281548,40,42,1.05,0,TPE-taipei-idx674-0-1|qp10
2.06,50.0,10.0,11.0,20,1.39,0.48,1.2928260167849794,6196,0.062661812297734,40,40,1.0,0,TPE-taipei-idx674-0-1|qp10
2.06,50.0,25.0,7.0,6,1.39,0.48,1.1535171862510198,17514,0.1771237864077655,100,98,0.98,0,TPE-taipei-idx674-0-1|qp25
2.06,50.0,25.0,7.0,22,1.39,0.48,1.1989335155368437,16831,0.1702164239482202,100,100,1.0,0,TPE-taipei-idx674-0-1|qp25
2.99,50.0,45.0,11.0,8,1.39,0.48,1.147014977581428,31447,0.2191123188405833,180,177,0.9833333333333332,0,TPE-taipei-idx813-0-1|qp45
2.99,50.0,45.0,11.0,24,1.39,0.48,1.1635546849913303,31142,0.2169871794871824,180,179,0.9944444444444444,0,TPE-taipei-idx813-0-1|qp45
3.55,50.0,18.0,19.0,10,1.39,0.48,1.2397351280938909,11515,0.0675762910798116,72,71,0.9861111111111112,0,TPE-taipei-idx9453-0-1|qp18
3.55,50.0,18.0,19.0,26,1.39,0.48,1.274331862312499,11330,0.0664906103286381,72,74,1.0277777777777777,0,TPE-taipei-idx9453-0-1|qp18
3.55,50.0,43.0,11.0,12,1.39,0.48,1.184046213005491,29126,0.1709272300469484,172,169,0.9825581395348836,0,TPE-taipei-idx9453-0-1|qp43
3.55,50.0,43.0,11.0,28,1.39,0.48,1.162061272850309,29540,0.1733568075117378,172,172,1.0,0,TPE-taipei-idx9453-0-1|qp43
2.098,50.0,10.0,11.0,3,1.39,0.48,1.212189160467617,6587,0.0654095170003188,40,40,1.0,0,AMS-amsterdam-chain-141619-0|qp10
2.098,50.0,10.0,11.0,19,1.39,0.48,1.2764482431149344,6318,0.0627383222116298,40,40,1.0,0,AMS-amsterdam-chain-141619-0|qp10
2.098,50.0,25.0,9.0,5,1.39,0.48,1.1611630047164403,17386,0.1726445821417214,100,98,0.98,0,AMS-amsterdam-chain-141619-0|qp25
2.098,50.0,25.0,9.0,21,1.39,0.48,1.1281292421607871,17827,0.1770237527804256,100,99,0.99,0,AMS-amsterdam-chain-141619-0|qp25
3.89,50.0,19.0,19.0,7,1.39,0.48,1.2014292372222843,12874,0.0689481576692362,76,74,0.9736842105263158,0,AMS-amsterdam-chain-158080-0|qp19
3.89,50.0,19.0,19.0,23,1.39,0.48,1.191848614904437,12815,0.0686321765209923,76,76,1.0,0,AMS-amsterdam-chain-158080-0|qp19
3.89,50.0,47.0,13.0,9,1.39,0.48,1.0937437434526025,34364,0.1840402742073683,188,189,1.00531914893617,0,AMS-amsterdam-chain-158080-0|qp47
3.89,50.0,47.0,13.0,25,1.39,0.48,1.0598892268197757,35839,0.1919398029134519,188,190,1.0106382978723405,0,AMS-amsterdam-chain-158080-0|qp47
3.89,50.0,47.0,14.0,11,1.39,0.48,1.1057921955806405,34032,0.182262210796914,188,189,1.00531914893617,0,AMS-amsterdam-chain-158080-0|qp47
3.89,50.0,47.0,14.0,27,1.39,0.48,1.0969889502762589,34752,0.186118251928019,188,191,1.0159574468085106,0,AMS-amsterdam-chain-158080-0|qp47
2.267,50.0,11.0,9.0,13,1.39,0.48,1.157982804232788,7560,0.069475077194532,44,42,0.9545454545454546,0,AMS-amsterdam-chain-166482-0|qp11
2.267,50.0,11.0,9.0,29,1.39,0.48,1.2249480681346208,7221,0.0663597265108083,44,43,0.9772727272727272,0,AMS-amsterdam-chain-166482-0|qp11
2.267,50.0,27.0,9.0,15,1.39,0.48,1.116946040213321,19496,0.1791648287016576,108,107,0.9907407407407408,0,AMS-amsterdam-chain-166482-0|qp27
2.796,50.0,14.0,19.0,1,1.39,0.48,1.2121218692398683,9223,0.0687216857415346,56,58,1.0357142857142858,0,AMS-amsterdam-chain-22812-0|qp14
2.796,50.0,14.0,19.0,17,1.39,0.48,1.2728362901414372,8906,0.0663596804959465,56,54,0.9642857142857144,0,AMS-amsterdam-chain-22812-0|qp14
2.796,50.0,34.0,11.0,3,1.39,0.48,1.206095587585068,22618,0.1685294468288018,134,136,1.0149253731343284,0,AMS-amsterdam-chain-22812-0|qp34
2.796,50.0,34.0,11.0,19,1.39,0.48,1.2361104283308195,21969,0.1636936695278963,134,132,0.9850746268656716,0,AMS-amsterdam-chain-22812-0|qp34
2.575,50.0,13.0,19.0,5,1.39,0.48,1.2312940347580623,8516,0.0688996763754045,52,51,0.9807692307692308,0,AMS-amsterdam-chain-32802-0|qp13
2.575,50.0,13.0,19.0,21,1.39,0.48,1.1865173162647378,8749,0.0707847896440128,52,52,1.0,0,AMS-amsterdam-chain-32802-0|qp13
2.575,50.0,31.0,13.0,7,1.39,0.48,1.1146520195893193,22257,0.1800728155339794,124,122,0.9838709677419356,0,AMS-amsterdam-chain-32802-0|qp31
2.575,50.0,31.0,13.0,23,1.39,0.48,1.0879549506457733,22997,0.1860598705501613,124,124,1.0,0,AMS-amsterdam-chain-32802-0|qp31
2.575,50.0,31.0,14.0,9,1.39,0.48,1.1612880300989306,21529,0.1741828478964378,124,122,0.9838709677419356,0,AMS-amsterdam-chain-32802-0|qp31
2.575,50.0,31.0,14.0,25,1.39,0.48,1.1388639596237056,21795,0.1763349514563084,124,127,1.0241935483870968,0,AMS-amsterdam-chain-32802-0|qp31
2.482,50.0,12.0,19.0,11,1.39,0.48,1.2819878483688312,7571,0.0635492210582871,48,48,1.0,0,AMS-amsterdam-chain-44642-0|qp12
2.482,50.0,12.0,19.0,27,1.39,0.48,1.2255091117624184,7847,0.0658659011549821,48,48,1.0,0,AMS-amsterdam-chain-44642-0|qp12
2.482,50.0,30.0,13.0,13,1.39,0.48,1.1549849937070524,20658,0.1733984689766323,120,122,1.0166666666666666,0,AMS-amsterdam-chain-44642-0|qp30
2.482,50.0,30.0,13.0,29,1.39,0.48,1.152263664981393,20966,0.1759837496642499,120,121,1.0083333333333333,0,AMS-amsterdam-chain-44642-0|qp30
2.482,50.0,30.0,14.0,15,1.39,0.48,1.1894465582842282,20237,0.1698646924523247,120,119,0.9916666666666668,0,AMS-amsterdam-chain-44642-0|qp30
2.166,50.0,11.0,13.0,1,1.39,0.48,1.2157824427480688,7336,0.0705601723607266,44,44,1.0,0,AMS-amsterdam-chain-45268-50|qp11
2.166,50.0,11.0,13.0,17,1.39,0.48,1.2191361760660282,7270,0.0699253616497381,44,44,1.0,0,AMS-amsterdam-chain-45268-50|qp11
2.166,50.0,11.0,14.0,3,1.39,0.48,1.1604372427983662,7776,0.0747922437673134,44,44,1.0,0,AMS-amsterdam-chain-45268-50|qp11
2.166,50.0,11.0,14.0,19,1.39,0.48,1.2365436241610794,7152,0.0687903970452459,44,43,0.9772727272727272,0,AMS-amsterdam-chain-45268-50|qp11
2.166,50.0,26.0,9.0,5,1.39,0.48,1.1344308575681938,18809,0.1809114342874717,104,102,0.9807692307692308,0,AMS-amsterdam-chain-45268-50|qp26
2.166,50.0,26.0,9.0,21,1.39,0.48,1.152919357509593,18117,0.1742555401662037,104,108,1.0384615384615383,0,AMS-amsterdam-chain-45268-50|qp26
1.662,50.0,20.0,11.0,7,1.39,0.48,1.187626929928708,13472,0.1688728439630955,80,81,1.0125,0,AMS-amsterdam-chain-79104-0|qp20
1.662,50.0,20.0,11.0,23,1.39,0.48,1.1734722018483117,13634,0.1709035298836707,80,80,1.0,0,AMS-amsterdam-chain-79104-0|qp20
1.662,50.0,8.0,11.0,9,1.39,0.48,1.3121646341463258,4920,0.0616726835138391,32,33,1.03125,0,AMS-amsterdam-chain-79104-0|qp8
1.662,50.0,8.0,11.0,25,1.39,0.48,1.2457381507381529,5148,0.0645306859205782,32,32,1.0,0,AMS-amsterdam-chain-79104-0|qp8
2.408,50.0,43.3,7.0,11,1.39,0.48,1.1752741540628702,29819,0.2579855343300065,172,174,1.0116279069767442,0,DC-012|qp43.3
2.408,50.0,43.3,7.0,27,1.39,0.48,1.1313282437809846,30913,0.2674505121816137,172,173,1.005813953488372,0,DC-012|qp43.3
3.719,50.0,66.9,7.0,13,1.39,0.48,0.9715950975613852,55401,0.3103488841086359,268,266,0.9925373134328358,0,DC-015|qp66.9
3.719,50.0,66.9,7.0,29,1.39,0.48,1.055385860979555,50640,0.2836784081742416,268,269,1.0037313432835822,0,DC-015|qp66.9
2.722,50.0,49.0,9.0,15,1.39,0.48,1.1344161093341592,34390,0.2632102620622088,196,192,0.979591836734694,0,DC-048|qp49.0
3.609,50.0,65.0,7.0,1,1.39,0.48,1.0538503166842743,49892,0.2880068347649396,260,257,0.9884615384615384,0,DC-051|qp65.0
3.609,50.0,65.0,7.0,17,1.39,0.48,1.091071761223768,48313,0.2788918906437592,260,262,1.0076923076923077,0,DC-051|qp65.0
2.48,50.0,44.6,9.0,3,1.39,0.48,1.1545770155473067,31195,0.2620547715053794,178,180,1.0112359550561798,0,DC-066|qp44.6
2.48,50.0,44.6,9.0,19,1.39,0.48,1.1556268884629388,30779,0.2585601478494644,178,180,1.0112359550561798,0,DC-066|qp44.6
3.54,50.0,63.7,7.0,5,1.39,0.48,1.046904541622788,48639,0.2862464689265575,254,247,0.9724409448818898,0,DC-069|qp63.7
3.54,50.0,63.7,7.0,21,1.39,0.48,1.1019800136949007,46732,0.2750235404896465,254,256,1.0078740157480317,0,DC-069|qp63.7
2.46,50.0,44.3,9.0,7,1.39,0.48,1.0840852451025231,32823,0.2779725609756095,178,177,0.99438202247191,0,DC-084|qp44.3
2.46,50.0,44.3,9.0,23,1.39,0.48,1.1001230816452043,32580,0.2759146341463422,178,183,1.0280898876404494,0,DC-084|qp44.3
4.98,50.0,89.6,7.0,9,1.39,0.48,0.904764458746688,78309,0.3275978915662787,358,348,0.9720670391061452,0,DC-087|qp89.6
4.98,50.0,89.6,7.0,25,1.39,0.48,1.0265934646871977,69989,0.2927920013386949,358,359,1.0027932960893855,0,DC-087|qp89.6
2.438,50.0,43.9,7.0,11,1.39,0.48,1.1624314956510515,30582,0.2613310090237951,176,177,1.005681818181818,0,DC-099|qp43.9
2.438,50.0,43.9,7.0,27,1.39,0.48,1.1377580219921934,31102,0.2657745419743026,176,176,1.0,0,DC-099|qp43.9
2.4,50.0,43.2,9.0,13,1.39,0.48,1.080365846038471,32008,0.2778472222222221,174,176,1.011494252873563,0,DC-114|qp43.2
2.4,50.0,43.2,9.0,29,1.39,0.48,1.1497422151626897,30219,0.262317708333334,174,175,1.0057471264367817,0,DC-114|qp43.2
1.697,50.0,8.0,7.0,15,1.39,0.48,1.2122128219589865,5319,0.0652990571596915,32,32,1.0,0,MEL-melbourne-1389612-0-2|qp8
2.722,50.0,33.0,13.0,1,1.39,0.48,1.158901888611315,22821,0.1746647685525333,132,132,1.0,0,MEL-melbourne-1389823-0-3|qp33
2.722,50.0,33.0,13.0,17,1.39,0.48,1.2379644028102834,21350,0.1634061964241985,132,132,1.0,0,MEL-melbourne-1389823-0-3|qp33
2.722,50.0,33.0,14.0,3,1.39,0.48,1.1740768343536538,22542,0.172529390154299,132,138,1.0454545454545454,0,MEL-melbourne-1389823-0-3|qp33
2.722,50.0,33.0,14.0,19,1.39,0.48,1.2248391439580262,21541,0.1648680504530982,132,133,1.0075757575757576,0,MEL-melbourne-1389823-0-3|qp33
2.156,50.0,11.0,13.0,5,1.39,0.48,1.23496627318712,7116,0.0687615955473109,44,44,1.0,0,MEL-melbourne-1434605-0-0|qp11
2.156,50.0,11.0,13.0,21,1.39,0.48,1.219600948793098,7167,0.0692544063079785,44,43,0.9772727272727272,0,MEL-melbourne-1434605-0-0|qp11
2.156,50.0,11.0,14.0,7,1.39,0.48,1.2445348999860095,7149,0.0690804730983319,44,45,1.0227272727272727,0,MEL-melbourne-1434605-0-0|qp11
2.156,50.0,11.0,14.0,23,1.39,0.48,1.1913319126265025,7508,0.0725494743351899,44,44,1.0,0,MEL-melbourne-1434605-0-0|qp11
2.156,50.0,26.0,9.0,9,1.39,0.48,1.126568659127587,18570,0.1794410946196677,104,105,1.0096153846153846,0,MEL-melbourne-1434605-0-0|qp26
2.156,50.0,26.0,9.0,25,1.39,0.48,1.137860661505956,18473,0.1785037878787913,104,104,1.0,0,MEL-melbourne-1434605-0-0|qp26
1.749,50.0,9.0,7.0,11,1.39,0.48,1.3148465266559295,5571,0.0663593481989714,36,37,1.0277777777777777,0,MEL-melbourne-1465622-0-2|qp9
1.749,50.0,9.0,7.0,27,1.39,0.48,1.2852323304254931,5617,0.0669072803506771,36,35,0.9722222222222222,0,MEL-melbourne-1465622-0-2|qp9
2.348,50.0,12.0,13.0,13,1.39,0.48,1.1990206057596495,8056,0.0714792731402609,48,49,1.0208333333333333,0,MEL-melbourne-1465759-0-1|qp12
2.348,50.0,12.0,13.0,29,1.39,0.48,1.2810814775303556,7499,0.0665371237932985,48,47,0.9791666666666666,0,MEL-melbourne-1465759-0-1|qp12
2.348,50.0,12.0,14.0,15,1.39,0.48,1.2646000521104626,7676,0.0681076093128901,48,47,0.9791666666666666,0,MEL-melbourne-1465759-0-1|qp12
2.348,50.0,28.0,11.0,1,1.39,0.48,1.175495355233847,19269,0.1709699744463369,112,115,1.0267857142857142,0,MEL-melbourne-1465759-0-1|qp28
2.348,50.0,28.0,11.0,17,1.39,0.48,1.1785171339563851,19260,0.170890119250425,112,109,0.9732142857142856,0,MEL-melbourne-1465759-0-1|qp28
1.83,50.0,9.0,9.0,3,1.39,0.48,1.2215669421487765,6050,0.0688752276867017,36,36,1.0,0,MEL-melbourne-1477330-0-0|qp9
1.83,50.0,9.0,9.0,19,1.39,0.48,1.252706270627085,5757,0.0655396174863373,36,36,1.0,0,MEL-melbourne-1477330-0-0|qp9
5.175,50.0,26.0,19.0,5,1.39,0.48,1.2468991556666116,16818,0.0677053140096613,104,104,1.0,0,MEL-melbourne-1515142-0-0|qp26
5.175,50.0,26.0,19.0,21,1.39,0.48,1.1911188175100147,17590,0.0708132045088556,104,107,1.0288461538461535,0,MEL-melbourne-1515142-0-0|qp26
5.175,50.0,62.0,7.0,7,1.39,0.48,1.0860463952300774,45953,0.1849959742351055,248,242,0.9758064516129032,0,MEL-melbourne-1515142-0-0|qp62
5.175,50.0,62.0,7.0,23,1.39,0.48,1.1392990823199003,44242,0.1781078904991961,248,248,1.0,0,MEL-melbourne-1515142-0-0|qp62
1.844,50.0,22.0,7.0,9,1.39,0.48,1.1777431775195362,14804,0.1672541576283444,88,84,0.9545454545454546,0,MEL-melbourne-RPSP02B11034-0-0|qp22
1.844,50.0,22.0,7.0,25,1.39,0.48,1.128365090272982,16007,0.1808455350686907,88,88,1.0,0,MEL-melbourne-RPSP02B11034-0-0|qp22
1.844,50.0,9.0,11.0,11,1.39,0.48,1.2564883116883565,5775,0.0652453904555331,36,37,1.0277777777777777,0,MEL-melbourne-RPSP02B11034-0-0|qp9
1.844,50.0,9.0,11.0,27,1.39,0.48,1.1917469779764864,6039,0.0682280368763577,36,36,1.0,0,MEL-melbourne-RPSP02B11034-0-0|qp9
3.609,50.0,54.0,11.0,13,1.39,0.48,1.0878944726140134,39838,0.2299690588343937,216,216,1.0,0,MEL-melbourne-RPSP03A10530L1-0-0|qp54
3.609,50.0,54.0,11.0,29,1.39,0.48,1.0377921670008416,41389,0.2389223700009239,216,215,0.9953703703703703,0,MEL-melbourne-RPSP03A10530L1-0-0|qp54
3.194,50.0,38.0,13.0,15,1.39,0.48,1.1987792197639555,25582,0.1668623460655424,152,151,0.993421052631579,0,MEL-melbourne-RPSP03A11034L1-0-0|qp38
3.194,50.0,38.0,14.0,1,1.39,0.48,1.1605841315332537,26518,0.1729675433103763,152,153,1.006578947368421,0,MEL-melbourne-RPSP03A11034L1-0-0|qp38
3.194,50.0,38.0,14.0,17,1.39,0.48,1.2139746039327788,25122,0.163861928616157,152,151,0.993421052631579,0,MEL-melbourne-RPSP03A11034L1-0-0|qp38
3.121,50.0,16.0,19.0,3,1.39,0.48,1.2577262476713684,10199,0.0680804763430524,64,67,1.046875,0,MEL-melbourne-RPSP07A11127-0-0|qp16
3.121,50.0,16.0,19.0,19,1.39,0.48,1.2228323262839955,10592,0.070703834241162,64,64,1.0,0,MEL-melbourne-RPSP07A11127-0-0|qp16
3.121,50.0,38.0,11.0,5,1.39,0.48,1.209642714091109,24966,0.1666533162447886,152,149,0.9802631578947368,0,MEL-melbourne-RPSP07A11127-0-0|qp38
3.121,50.0,38.0,11.0,21,1.39,0.48,1.1772537987522618,26127,0.1744032361422567,152,152,1.0,0,MEL-melbourne-RPSP07A11127-0-0|qp38
3.499,50.0,52.0,9.0,7,1.39,0.48,1.1096287227530477,37573,0.2237127274459358,208,205,0.9855769230769232,0,MEL-melbourne-RPSP0814955L1-0-0|qp52
3.499,50.0,52.0,9.0,23,1.39,0.48,1.084153318969021,38521,0.2293571972944671,208,212,1.0192307692307692,0,MEL-melbourne-RPSP0814955L1-0-0|qp52
6.11,50.0,31.0,16.0,9,1.39,0.48,1.2052040324136324,20732,0.0706901254773613,124,126,1.0161290322580645,0,NTP-newtaipei-idx11355-0-2|qp31
6.11,50.0,31.0,16.0,25,1.39,0.48,1.179992357296327,20935,0.0713822967812339,124,127,1.0241935483870968,0,NTP-newtaipei-idx11355-0-2|qp31
6.11,50.0,31.0,17.0,11,1.39,0.48,1.2176175471421102,20311,0.0692546372067663,124,124,1.0,0,NTP-newtaipei-idx11355-0-2|qp31
6.11,50.0,31.0,17.0,27,1.39,0.48,1.2262109489766335,20422,0.0696331151118399,124,128,1.032258064516129,0,NTP-newtaipei-idx11355-0-2|qp31
4.98,50.0,25.0,19.0,13,1.39,0.48,1.1969700426246397,16657,0.0696828982597057,100,101,1.01,0,NTP-newtaipei-idx11808-0-1|qp25
4.98,50.0,25.0,19.0,29,1.39,0.48,1.2090605277393949,16637,0.069599230254352,100,100,1.0,0,NTP-newtaipei-idx11808-0-1|qp25
4.98,50.0,60.0,11.0,15,1.39,0.48,1.0522935192744929,45319,0.1895875167335991,240,237,0.9875,0,NTP-newtaipei-idx11808-0-1|qp60
1.78,50.0,9.0,9.0,1,1.39,0.48,1.198909591704446,6172,0.0722378277153528,36,37,1.0277777777777777,0,NTP-newtaipei-idx11901-0-0|qp9
1.78,50.0,9.0,9.0,17,1.39,0.48,1.2519629565518675,5777,0.0676147003745292,36,38,1.0555555555555556,0,NTP-newtaipei-idx11901-0-0|qp9
1.8,50.0,9.0,7.0,3,1.39,0.48,1.223926917989424,6048,0.0699999999999993,36,36,1.0,0,NTP-newtaipei-idx13763-0-2|qp9
1.8,50.0,9.0,7.0,19,1.39,0.48,1.2462420709755069,5833,0.0675115740740734,36,36,1.0,0,NTP-newtaipei-idx13763-0-2|qp9
1.71,50.0,9.0,7.0,5,1.39,0.48,1.2545704467353842,5820,0.0709064327485396,36,35,0.9722222222222222,0,NTP-newtaipei-idx13776-0-2|qp9
1.71,50.0,9.0,7.0,21,1.39,0.48,1.2132987995395663,6081,0.0740862573099432,36,36,1.0,0,NTP-newtaipei-idx13776-0-2|qp9
2.46,50.0,12.0,19.0,7,1.39,0.48,1.2284602564102245,7800,0.0660569105691061,48,48,1.0,0,NTP-newtaipei-idx251-0-0|qp12
2.46,50.0,12.0,19.0,23,1.39,0.48,1.2030479622266037,8048,0.0681571815718163,48,49,1.0208333333333333,0,NTP-newtaipei-idx251-0-0|qp12
2.46,50.0,30.0,11.0,9,1.39,0.48,1.186024973985453,20181,0.170909552845532,120,119,0.9916666666666668,0,NTP-newtaipei-idx251-0-0|qp30
2.46,50.0,30.0,11.0,25,1.39,0.48,1.1597377191710785,20703,0.1753302845528467,120,124,1.0333333333333334,0,NTP-newtaipei-idx251-0-0|qp30
2.99,50.0,36.0,13.0,11,1.39,0.48,1.187166329521652,24223,0.1687778706800449,144,142,0.9861111111111112,0,NTP-newtaipei-idx4423-0-0|qp36
2.99,50.0,36.0,13.0,27,1.39,0.48,1.170332864886655,24905,0.1735298216276478,144,141,0.9791666666666666,0,NTP-newtaipei-idx4423-0-0|qp36
2.99,50.0,36.0,14.0,13,1.39,0.48,1.1769037725087477,24546,0.1710284280936463,144,147,1.0208333333333333,0,NTP-newtaipei-idx4423-0-0|qp36
2.99,50.0,36.0,14.0,29,1.39,0.48,1.1814052911774158,24607,0.1714534559643259,144,147,1.0208333333333333,0,NTP-newtaipei-idx4423-0-0|qp36
2.33,50.0,12.0,16.0,15,1.39,0.48,1.231554166135015,7837,0.0700733190271808,48,49,1.0208333333333333,0,NTP-newtaipei-idx5617-0-0|qp12
2.33,50.0,12.0,17.0,1,1.39,0.48,1.2204439908139453,7838,0.0700822603719594,48,47,0.9791666666666666,0,NTP-newtaipei-idx5617-0-0|qp12
2.33,50.0,12.0,17.0,17,1.39,0.48,1.2329277955271734,7825,0.0699660228898415,48,47,0.9791666666666666,0,NTP-newtaipei-idx5617-0-0|qp12
2.33,50.0,28.0,11.0,3,1.39,0.48,1.1782534228747348,19209,0.1717542918454911,112,115,1.0267857142857142,0,NTP-newtaipei-idx5617-0-0|qp28
2.33,50.0,28.0,11.0,19,1.39,0.48,1.2084167787038629,18595,0.1662643061516425,112,111,0.9910714285714286,0,NTP-newtaipei-idx5617-0-0|qp28
2.62,50.0,31.0,13.0,5,1.39,0.48,1.23824150116971,20091,0.1597566793893128,124,123,0.9919354838709676,0,NTP-newtaipei-idx6820-0-0|qp31
2.62,50.0,31.0,13.0,21,1.39,0.48,1.182702857142946,21000,0.1669847328244288,124,127,1.0241935483870968,0,NTP-newtaipei-idx6820-0-0|qp31
2.62,50.0,31.0,14.0,7,1.39,0.48,1.1273973787202654,21974,0.1747296437659011,124,122,0.9838709677419356,0,NTP-newtaipei-idx6820-0-0|qp31
2.62,50.0,31.0,14.0,23,1.39,0.48,1.1363196125908217,21889,0.1740537531806612,124,123,0.9919354838709676,0,NTP-newtaipei-idx6820-0-0|qp31
2.9,50.0,35.0,11.0,9,1.39,0.48,1.2143852176905638,23244,0.1669827586206843,140,136,0.9714285714285714,0,NTP-newtaipei-idx7804-0-0|qp35
2.9,50.0,35.0,11.0,25,1.39,0.48,1.1474923070609635,24373,0.1750933908045941,140,138,0.9857142857142858,0,NTP-newtaipei-idx7804-0-0|qp35
1.91,50.0,10.0,9.0,11,1.39,0.48,1.299967773122841,6206,0.06769197207679,40,39,0.975,0,NTP-newtaipei-idx9858-0-0|qp10
1.91,50.0,10.0,9.0,27,1.39,0.48,1.2460849562950238,6521,0.0711278359511355,40,40,1.0,0,NTP-newtaipei-idx9858-0-0|qp10
1.707,50.0,8.0,7.0,13,1.39,0.48,1.224072261949602,5314,0.06485549697325,32,32,1.0,0,NYC-nyc-110605-0-2|qp8
1.707,50.0,8.0,7.0,29,1.39,0.48,1.2809730479587902,5046,0.0615846514352684,32,33,1.03125,0,NYC-nyc-110605-0-2|qp8
2.408,50.0,12.0,19.0,15,1.39,0.48,1.209276836158167,7965,0.0689109219269095,48,49,1.0208333333333333,0,NYC-nyc-17655-0-0|qp12
2.408,50.0,29.0,11.0,1,1.39,0.48,1.1684735595100424,19837,0.1716241002214884,116,116,1.0,0,NYC-nyc-17655-0-0|qp29
2.408,50.0,29.0,11.0,17,1.39,0.48,1.1956797552268852,19610,0.169660160575861,116,118,1.0172413793103448,0,NYC-nyc-17655-0-0|qp29
2.073,50.0,10.0,11.0,3,1.39,0.48,1.2210619872379525,6582,0.066148094548964,40,40,1.0,0,NYC-nyc-199805-0-0|qp10
2.073,50.0,10.0,11.0,19,1.39,0.48,1.2818833652007915,6276,0.063072841292813,40,40,1.0,0,NYC-nyc-199805-0-0|qp10
2.073,50.0,25.0,7.0,5,1.39,0.48,1.183481322006298,17186,0.1727166747065437,100,98,0.98,0,NYC-nyc-199805-0-0|qp25
2.073,50.0,25.0,7.0,21,1.39,0.48,1.1325991952610104,17894,0.179831966554108,100,99,0.99,0,NYC-nyc-199805-0-0|qp25
3.17,50.0,38.0,11.0,7,1.39,0.48,1.1473061009554009,26586,0.1747239747634046,152,150,0.986842105263158,0,NYC-nyc-20131-0-2|qp38
3.17,50.0,38.0,11.0,23,1.39,0.48,1.1336023701742526,27171,0.1785686119873799,152,153,1.006578947368421,0,NYC-nyc-20131-0-2|qp38
2.56,50.0,31.0,13.0,9,1.39,0.48,1.1746278838410216,21109,0.1717854817708333,124,123,0.9919354838709676,0,NYC-nyc-214464-0-0|qp31
2.56,50.0,31.0,13.0,25,1.39,0.48,1.1414942211170551,21717,0.1767333984375,124,126,1.0161290322580645,0,NYC-nyc-214464-0-0|qp31
2.56,50.0,31.0,14.0,11,1.39,0.48,1.188498705780907,20862,0.169775390625,124,126,1.0161290322580645,0,NYC-nyc-214464-0-0|qp31
2.56,50.0,31.0,14.0,27,1.39,0.48,1.1943713890082857,20943,0.1704345703125,124,125,1.0080645161290325,0,NYC-nyc-214464-0-0|qp31
2.347,50.0,35.0,9.0,13,1.39,0.48,1.1449889795918384,24500,0.2174762107655134,140,144,1.0285714285714285,0,NYC-nyc-267383-0-0|qp35
2.347,50.0,35.0,9.0,29,1.39,0.48,1.1592587728299577,24365,0.216277872461298,140,140,1.0,0,NYC-nyc-267383-0-0|qp35
2.377,50.0,12.0,16.0,15,1.39,0.48,1.252347972972947,7696,0.0674519702706484,48,47,0.9791666666666666,0,NYC-nyc-27695-0-3|qp12
2.377,50.0,12.0,17.0,1,1.39,0.48,1.2007933533233064,8004,0.0701514514093385,48,46,0.9583333333333334,0,NYC-nyc-27695-0-3|qp12
2.377,50.0,12.0,17.0,17,1.39,0.48,1.2285783254986915,7871,0.0689857663721769,48,47,0.9791666666666666,0,NYC-nyc-27695-0-3|qp12
2.377,50.0,28.0,11.0,3,1.39,0.48,1.176753926701584,19100,0.1674028887953996,112,115,1.0267857142857142,0,NYC-nyc-27695-0-3|qp28
2.377,50.0,28.0,11.0,19,1.39,0.48,1.2109330476699605,18670,0.1636341326602153,112,112,1.0,0,NYC-nyc-27695-0-3|qp28
1.676,50.0,8.0,7.0,5,1.39,0.48,1.2582462253193658,5166,0.0642153937947516,32,32,1.0,0,NYC-nyc-46079-0-1|qp8
1.676,50.0,8.0,7.0,21,1.39,0.48,1.2477117818889831,5135,0.0638300517104237,32,32,1.0,0,NYC-nyc-46079-0-1|qp8
3.048,50.0,37.0,13.0,7,1.39,0.48,1.100268135904492,27225,0.1860851377952818,148,144,0.972972972972973,0,NYC-nyc-59808-0-1|qp37
3.048,50.0,37.0,13.0,23,1.39,0.48,1.1050623266137227,27035,0.1847864720035073,148,148,1.0,0,NYC-nyc-59808-0-1|qp37
3.048,50.0,37.0,14.0,9,1.39,0.48,1.153215699976616,25758,0.176058070866147,148,153,1.0337837837837838,0,NYC-nyc-59808-0-1|qp37
3.048,50.0,37.0,14.0,25,1.39,0.48,1.078335279521203,27404,0.187308617672796,148,147,0.9932432432432432,0,NYC-nyc-59808-0-1|qp37
5.06,50.0,25.0,19.0,11,1.39,0.48,1.2268808245386926,16203,0.0667119565217394,100,99,0.99,0,NYC-nyc-62758-0-0|qp25
5.06,50.0,25.0,19.0,27,1.39,0.48,1.2338642506142536,16280,0.0670289855072462,100,102,1.02,0,NYC-nyc-62758-0-0|qp25
5.06,50.0,61.0,9.0,13,1.39,0.48,1.0979713555674724,44616,0.1836956521739148,244,247,1.0122950819672132,0,NYC-nyc-62758-0-0|qp61
5.06,50.0,61.0,9.0,29,1.39,0.48,1.12857957419425,43494,0.1790760869565238,244,251,1.028688524590164,0,NYC-nyc-62758-0-0|qp61
3.719,50.0,19.0,19.0,15,1.39,0.48,1.2825195526027815,11891,0.0666117683965244,76,76,1.0,0,NYC-nyc-9648-0-0|qp19
3.719,50.0,45.0,11.0,1,1.39,0.48,1.1502553164395466,31412,0.1759657614053967,180,180,1.0,0,NYC-nyc-9648-0-0|qp45
3.719,50.0,45.0,11.0,17,1.39,0.48,1.1711018412905785,30685,0.1718932060589775,180,181,1.0055555555555555,0,NYC-nyc-9648-0-0|qp45
2.103,50.0,32.0,7.0,3,1.39,0.48,1.1401810936462098,22585,0.22373791409098,128,131,1.0234375,0,NYC-nyc-98749-0-2|qp32
2.103,50.0,32.0,7.0,19,1.39,0.48,1.169148926450465,21890,0.2168529085433503,128,128,1.0,0,NYC-nyc-98749-0-2|qp32
4.115,50.0,62.0,7.0,5,1.39,0.48,1.1016144975287494,44918,0.2274098825435393,248,246,0.9919354838709676,0,SEA-seattle-5423808-0-1|qp62
4.115,50.0,62.0,7.0,21,1.39,0.48,1.0888613164379648,45456,0.2301336573511541,248,247,0.995967741935484,0,SEA-seattle-5423808-0-1|qp62
1.829,50.0,9.0,7.0,7,1.39,0.48,1.2065288158112657,6021,0.0685825587752869,36,36,1.0,0,SEA-seattle-5426480-0-0|qp9
1.829,50.0,9.0,7.0,23,1.39,0.48,1.1890564186426782,6115,0.0696532713686894,36,36,1.0,0,SEA-seattle-5426480-0-0|qp9
2.54,50.0,38.0,11.0,9,1.39,0.48,1.1805469170963778,25982,0.2131069553805824,152,154,1.013157894736842,0,SEA-seattle-5426595-0-0|qp38
2.54,50.0,38.0,11.0,25,1.39,0.48,1.1113941799905394,27457,0.2252050524934407,152,149,0.9802631578947368,0,SEA-seattle-5426595-0-0|qp38
1.651,50.0,8.0,7.0,11,1.39,0.48,1.2602923406743178,5131,0.0647461134665836,32,32,1.0,0,SEA-seattle-5432169-0-1|qp8
1.651,50.0,8.0,7.0,27,1.39,0.48,1.248026289974494,5097,0.0643170805572365,32,32,1.0,0,SEA-seattle-5432169-0-1|qp8
1.829,50.0,9.0,7.0,13,1.39,0.48,1.2453292600136068,5892,0.067113176599234,36,36,1.0,0,SEA-seattle-5433778-0-0|qp9
1.829,50.0,9.0,7.0,29,1.39,0.48,1.2670099147678116,5749,0.0654843265901218,36,35,0.9722222222222222,0,SEA-seattle-5433778-0-0|qp9
2.438,50.0,37.0,11.0,15,1.39,0.48,1.1383009764946617,25909,0.2213990292589645,148,147,0.9932432432432432,0,SEA-seattle-5434873-0-0|qp37
1.829,50.0,9.0,11.0,1,1.39,0.48,1.2094530084534787,6033,0.0687192454893387,36,37,1.0277777777777777,0,SEA-seattle-5438086-0-1|qp9
1.829,50.0,9.0,11.0,17,1.39,0.48,1.258228691687158,5702,0.06494897029342,36,35,0.9722222222222222,0,SEA-seattle-5438086-0-1|qp9
4.064,50.0,61.0,7.0,3,1.39,0.48,1.1441023109293438,42537,0.2180579478346464,244,241,0.9877049180327868,0,SEA-seattle-5445989-0-0|qp61
4.064,50.0,61.0,7.0,19,1.39,0.48,1.1368765959419622,43078,0.2208312828083974,244,242,0.9918032786885246,0,SEA-seattle-5445989-0-0|qp61
1.829,50.0,9.0,7.0,5,1.39,0.48,1.2661373165618346,5724,0.0651995626025135,36,35,0.9722222222222222,0,SEA-seattle-5449118-0-0|qp9
1.829,50.0,9.0,7.0,21,1.39,0.48,1.2459556458439311,5907,0.0672840349917974,36,36,1.0,0,SEA-seattle-5449118-0-0|qp9
1.829,50.0,22.0,7.0,7,1.39,0.48,1.1632387923147005,15302,0.1742983415345353,88,91,1.0340909090909092,0,SEA-seattle-5449903-0-0|qp22
1.829,50.0,22.0,7.0,23,1.39,0.48,1.0741976115501568,16831,0.1917145070165846,88,89,1.0113636363636365,0,SEA-seattle-5449903-0-0|qp22
1.829,50.0,9.0,9.0,9,1.39,0.48,1.2370783847980753,5894,0.0671359577182425,36,36,1.0,0,SEA-seattle-5449903-0-0|qp9
1.829,50.0,9.0,9.0,25,1.39,0.48,1.2039307228915308,5976,0.0680699835975943,36,37,1.0277777777777777,0,SEA-seattle-5449903-0-0|qp9
2.438,50.0,12.0,19.0,11,1.39,0.48,1.2507651816665013,7789,0.0665589964451757,48,48,1.0,0,SEA-seattle-5452128-0-1|qp12
2.438,50.0,12.0,19.0,27,1.39,0.48,1.2137316269639715,7892,0.0674391577796023,48,47,0.9791666666666666,0,SEA-seattle-5452128-0-1|qp12
2.438,50.0,29.0,13.0,13,1.39,0.48,1.1544748108323504,20088,0.1716570959803154,116,119,1.0258620689655171,0,SEA-seattle-5452128-0-1|qp29
2.438,50.0,29.0,13.0,29,1.39,0.48,1.1475218287059492,20386,0.1742035821711824,116,116,1.0,0,SEA-seattle-5452128-0-1|qp29
2.438,50.0,29.0,14.0,15,1.39,0.48,1.1976381521346768,19417,0.1659232294230272,116,117,1.0086206896551724,0,SEA-seattle-5452128-0-1|qp29
1.829,50.0,22.0,9.0,1,1.39,0.48,1.1020729040097372,16460,0.1874886094404948,88,86,0.9772727272727272,0,SEA-seattle-5453813-0-0|qp22
1.829,50.0,22.0,9.0,17,1.39,0.48,1.1012557687636624,16468,0.1875797339165286,88,89,1.0113636363636365,0,SEA-seattle-5453813-0-0|qp22
1.829,50.0,9.0,9.0,3,1.39,0.48,1.152443550881541,6466,0.0736513577546914,36,36,1.0,0,SEA-seattle-5453813-0-0|qp9
1.829,50.0,9.0,9.0,19,1.39,0.48,1.2362595549516109,5887,0.0670562238017128,36,36,1.0,0,SEA-seattle-5453813-0-0|qp9
2.591,50.0,31.0,13.0,5,1.39,0.48,1.2302694965449412,20260,0.1629036408079226,124,123,0.9919354838709676,0,SEA-seattle-5454776-0-1|qp31
2.591,50.0,31.0,13.0,21,1.39,0.48,1.1789727096439098,21143,0.1700035378875573,124,126,1.0161290322580645,0,SEA-seattle-5454776-0-1|qp31
2.591,50.0,31.0,14.0,7,1.39,0.48,1.13591970802918,21920,0.1762511256914966,124,125,1.0080645161290325,0,SEA-seattle-5454776-0-1|qp31
2.591,50.0,31.0,14.0,23,1.39,0.48,1.1222320541761115,22150,0.1781004760066893,124,123,0.9919354838709676,0,SEA-seattle-5454776-0-1|qp31
1.8,50.0,22.0,7.0,9,1.39,0.48,0.6228422212248864,24509,0.2836689814814813,48,61,1.2708333333333333,0,TAO-taoyuan-idx10181-0-0|qp22
1.8,50.0,22.0,7.0,25,1.39,0.48,1.111794635166697,16254,0.1881250000000039,88,85,0.9659090909090908,0,TAO-taoyuan-idx10181-0-0|qp22
1.8,50.0,9.0,7.0,11,1.39,0.48,1.2961512693935453,5672,0.0656481481481479,36,37,1.0277777777777777,0,TAO-taoyuan-idx10181-0-0|qp9
1.8,50.0,9.0,7.0,27,1.39,0.48,1.2563260003464445,5773,0.0668171296296283,36,35,0.9722222222222222,0,TAO-taoyuan-idx10181-0-0|qp9
3.0,50.0,36.0,11.0,13,1.39,0.48,1.1483132290298306,25119,0.1744374999999975,144,146,1.0138888888888888,0,TAO-taoyuan-idx158-0-0|qp36
3.0,50.0,36.0,11.0,29,1.39,0.48,1.210290881813697,23996,0.1666388888888881,144,148,1.0277777777777777,0,TAO-taoyuan-idx158-0-0|qp36
2.4,50.0,12.0,16.0,15,1.39,0.48,1.226249362570111,7844,0.0680902777777778,48,48,1.0,0,TAO-taoyuan-idx3410-0-9|qp12
2.4,50.0,12.0,17.0,1,1.39,0.48,1.2311102474413511,7719,0.0670052083333333,48,46,0.9583333333333334,0,TAO-taoyuan-idx3410-0-9|qp12
2.4,50.0,12.0,17.0,17,1.39,0.48,1.257322446863684,7716,0.0669791666666667,48,47,0.9791666666666666,0,TAO-taoyuan-idx3410-0-9|qp12
2.4,50.0,29.0,11.0,3,1.39,0.48,1.191146389864188,19653,0.170598958333333,116,116,1.0,0,TAO-taoyuan-idx3410-0-9|qp29
2.4,50.0,29.0,11.0,19,1.39,0.48,1.2087482455683751,19237,0.1669878472222223,116,115,0.9913793103448276,0,TAO-taoyuan-idx3410-0-9|qp29
2.04,50.0,10.0,9.0,5,1.39,0.48,1.2679666931006814,6305,0.064389297385621,40,39,0.975,0,TAO-taoyuan-idx3430-0-3|qp10
2.04,50.0,10.0,9.0,21,1.39,0.48,1.242250838159128,6562,0.0670138888888883,40,40,1.0,0,TAO-taoyuan-idx3430-0-3|qp10
2.04,50.0,24.0,9.0,7,1.39,0.48,1.1228102019376434,17134,0.1749795751633986,96,94,0.9791666666666666,0,TAO-taoyuan-idx3430-0-3|qp24
2.04,50.0,24.0,9.0,23,1.39,0.48,1.1158077497987473,17394,0.177634803921568,96,95,0.9895833333333334,0,TAO-taoyuan-idx3430-0-3|qp24
1.87,50.0,22.0,7.0,9,1.39,0.48,1.1822152970665485,14761,0.1644496434937602,88,84,0.9545454545454546,0,TAO-taoyuan-idx5160-0-0|qp22
1.87,50.0,22.0,7.0,25,1.39,0.48,1.116248603698635,16114,0.1795231729055254,88,88,1.0,0,TAO-taoyuan-idx5160-0-0|qp22
1.87,50.0,9.0,9.0,11,1.39,0.48,1.3737079712882845,5294,0.0589795008912649,36,37,1.0277777777777777,0,TAO-taoyuan-idx5160-0-0|qp9
1.87,50.0,9.0,9.0,27,1.39,0.48,1.2842721575649023,5585,0.0622214795008916,36,35,0.9722222222222222,0,TAO-taoyuan-idx5160-0-0|qp9
6.92,50.0,35.0,13.0,13,1.39,0.48,1.184726149157684,23626,0.0711283718689774,140,143,1.0214285714285714,0,TAO-taoyuan-idx531-0-1|qp35
6.92,50.0,35.0,13.0,29,1.39,0.48,1.1929023557672576,23729,0.0714384633911363,140,142,1.0142857142857142,0,TAO-taoyuan-idx531-0-1|qp35
6.92,50.0,35.0,14.0,15,1.39,0.48,1.230927268732232,22755,0.0685061416184964,140,139,0.9928571428571428,0,TAO-taoyuan-idx531-0-1|qp35
6.92,50.0,83.0,11.0,1,1.39,0.48,0.9366590192545466,71048,0.2138969171483644,332,322,0.9698795180722892,0,TAO-taoyuan-idx531-0-1|qp83
6.92,50.0,83.0,11.0,17,1.39,0.48,0.9614471389846246,68245,0.2054582129094412,332,326,0.9819277108433736,0,TAO-taoyuan-idx531-0-1|qp83
2.6,50.0,31.0,13.0,3,1.39,0.48,1.1963211812235366,20792,0.1666025641025588,124,125,1.0080645161290325,0,TAO-taoyuan-idx5379-0-4|qp31
2.6,50.0,31.0,13.0,19,1.39,0.48,1.23089638076351,20170,0.1616185897435861,124,124,1.0,0,TAO-taoyuan-idx5379-0-4|qp31
2.6,50.0,31.0,14.0,5,1.39,0.48,1.2145645806892742,20486,0.164150641025637,124,121,0.9758064516129032,0,TAO-taoyuan-idx5379-0-4|qp31
2.6,50.0,31.0,14.0,21,1.39,0.48,1.1979314148681657,20850,0.1670673076923015,124,126,1.0161290322580645,0,TAO-taoyuan-idx5379-0-4|qp31
2.28,50.0,34.0,9.0,7,1.39,0.48,1.1227077215766097,24179,0.2209338450292429,136,137,1.0073529411764706,0,TAO-taoyuan-idx578-0-8|qp34
2.28,50.0,34.0,9.0,23,1.39,0.48,1.1281597023468644,24458,0.2234831871345077,136,137,1.0073529411764706,0,TAO-taoyuan-idx578-0-8|qp34
2.3,50.0,12.0,16.0,9,1.39,0.48,1.225789608395197,7814,0.0707789855072443,48,47,0.9791666666666666,0,TAO-taoyuan-idx6720-0-3|qp12
2.3,50.0,12.0,16.0,25,1.39,0.48,1.2195460867366004,7909,0.0716394927536209,48,48,1.0,0,TAO-taoyuan-idx6720-0-3|qp12
2.3,50.0,12.0,17.0,11,1.39,0.48,1.2426800820303177,7802,0.0706702898550701,48,47,0.9791666666666666,0,TAO-taoyuan-idx6720-0-3|qp12
2.3,50.0,12.0,17.0,27,1.39,0.48,1.1861702389750943,8118,0.0735326086956497,48,48,1.0,0,TAO-taoyuan-idx6720-0-3|qp12
2.3,50.0,28.0,11.0,13,1.39,0.48,1.1374873532982632,19768,0.1790579710144918,112,114,1.0178571428571428,0,TAO-taoyuan-idx6720-0-3|qp28
2.3,50.0,28.0,11.0,29,1.39,0.48,1.1738117597955,19167,0.1736141304347814,112,115,1.0267857142857142,0,TAO-taoyuan-idx6720-0-3|qp28
2.23,50.0,11.0,11.0,15,1.39,0.48,1.2645868659289874,6959,0.0650130792227181,44,45,1.0227272727272727,0,TAO-taoyuan-idx7044-0-7|qp11
2.23,50.0,27.0,11.0,1,1.39,0.48,1.1493047986879763,18901,0.1765788490284008,108,110,1.0185185185185186,0,TAO-taoyuan-idx7044-0-7|qp27
2.23,50.0,27.0,11.0,17,1.39,0.48,1.1901096693632065,18419,0.1720758594917788,108,106,0.9814814814814816,0,TAO-taoyuan-idx7044-0-7|qp27
1.97,50.0,10.0,9.0,3,1.39,0.48,1.2260846153846447,6500,0.0687394247038926,40,39,0.975,0,TAO-taoyuan-idx718-0-1|qp10
1.97,50.0,10.0,9.0,19,1.39,0.48,1.3033600899020994,6229,0.0658735194585447,40,40,1.0,0,TAO-taoyuan-idx718-0-1|qp10
1.97,50.0,24.0,7.0,5,1.39,0.48,1.17615407873249,16537,0.1748836717428099,96,97,1.0104166666666667,0,TAO-taoyuan-idx718-0-1|qp24
1.97,50.0,24.0,7.0,21,1.39,0.48,1.1243349271271843,17359,0.1835765651438236,96,95,0.9895833333333334,0,TAO-taoyuan-idx718-0-1|qp24
3.07,50.0,37.0,13.0,7,1.39,0.48,1.1361510914701318,26249,0.178128393051033,148,146,0.9864864864864864,0,TAO-taoyuan-idx9038-0-2|qp37
3.07,50.0,37.0,13.0,23,1.39,0.48,1.1586430483877892,25771,0.1748846362649289,148,150,1.0135135135135136,0,TAO-taoyuan-idx9038-0-2|qp37
3.07,50.0,37.0,14.0,9,1.39,0.48,1.1623515865890492,25621,0.1738667209554841,148,150,1.0135135135135136,0,TAO-taoyuan-idx9038-0-2|qp37
3.07,50.0,37.0,14.0,25,1.39,0.48,1.0980461273923254,26752,0.1815418023887056,148,146,0.9864864864864864,0,TAO-taoyuan-idx9038-0-2|qp37
2.69,50.0,40.0,11.0,11,1.39,0.48,1.1485808053929585,28185,0.2182853159851272,160,158,0.9875,0,TPE-taipei-idx11047-0-0|qp40
2.69,50.0,40.0,11.0,27,1.39,0.48,1.1576002768771536,27449,0.2125851920693911,160,160,1.0,0,TPE-taipei-idx11047-0-0|qp40
1.99,50.0,10.0,11.0,13,1.39,0.48,1.209943611811879,6739,0.0705506700167493,40,40,1.0,0,TPE-taipei-idx14193-0-0|qp10
1.99,50.0,10.0,11.0,29,1.39,0.48,1.269258555133109,6312,0.0660804020100507,40,41,1.025,0,TPE-taipei-idx14193-0-0|qp10
1.99,50.0,24.0,7.0,15,1.39,0.48,1.1681222029953668,16759,0.1754501675041799,96,96,1.0,0,TPE-taipei-idx14193-0-0|qp24
2.36,50.0,12.0,16.0,1,1.39,0.48,1.225556123100472,7831,0.0691295903954797,48,46,0.9583333333333334,0,TPE-taipei-idx15074-0-0|qp12
2.36,50.0,12.0,16.0,17,1.39,0.48,1.2415192307692515,7800,0.0688559322033893,48,48,1.0,0,TPE-taipei-idx15074-0-0|qp12
2.36,50.0,12.0,17.0,3,1.39,0.48,1.1821651758363427,8161,0.0720427259886997,48,49,1.0208333333333333,0,TPE-taipei-idx15074-0-0|qp12
2.36,50.0,12.0,17.0,19,1.39,0.48,1.2517354620975911,7704,0.0680084745762701,48,47,0.9791666666666666,0,TPE-taipei-idx15074-0-0|qp12
2.36,50.0,28.0,11.0,5,1.39,0.48,1.1913897121084216,18896,0.1668079096045185,112,111,0.9910714285714286,0,TPE-taipei-idx15074-0-0|qp28
2.36,50.0,28.0,11.0,21,1.39,0.48,1.1698704461833933,19297,0.170347810734462,112,113,1.0089285714285714,0,TPE-taipei-idx15074-0-0|qp28
2.48,50.0,37.0,11.0,7,1.39,0.48,1.109737057423397,26888,0.2258736559139825,148,146,0.9864864864864864,0,TPE-taipei-idx15608-0-1|qp37
2.48,50.0,37.0,11.0,23,1.39,0.48,1.125277662738624,26561,0.2231266801075306,148,150,1.0135135135135136,0,TPE-taipei-idx15608-0-1|qp37
1.96,50.0,10.0,11.0,9,1.39,0.48,1.2634934292865625,6392,0.0679421768707476,40,39,0.975,0,TPE-taipei-idx1592-0-2|qp10
1.96,50.0,10.0,11.0,25,1.39,0.48,1.171492668621641,6820,0.0724914965986393,40,40,1.0,0,TPE-taipei-idx1592-0-2|qp10
1.96,50.0,24.0,7.0,11,1.39,0.48,1.1670948415313571,16691,0.1774128401360595,96,96,1.0,0,TPE-taipei-idx1592-0-2|qp24
1.96,50.0,24.0,7.0,27,1.39,0.48,1.141265532065281,16981,0.1804953231292562,96,95,0.9895833333333334,0,TPE-taipei-idx1592-0-2|qp24
2.05,50.0,10.0,9.0,13,1.39,0.48,1.2425931582162704,6548,0.0665447154471549,40,40,1.0,0,TPE-taipei-idx326-0-1|qp10
2.05,50.0,10.0,9.0,29,1.39,0.48,1.2753164160401425,6384,0.0648780487804878,40,41,1.025,0,TPE-taipei-idx326-0-1|qp10
2.05,50.0,25.0,7.0,15,1.39,0.48,1.1922789865871195,16775,0.1704776422764217,100,98,0.98,0,TPE-taipei-idx326-0-1|qp25
3.54,50.0,18.0,19.0,1,1.39,0.48,1.2249121160408911,11720,0.0689736346516018,72,72,1.0,0,TPE-taipei-idx4344-0-0|qp18
3.54,50.0,18.0,19.0,17,1.39,0.48,1.2851345351212229,11261,0.0662723634651612,72,72,1.0,0,TPE-taipei-idx4344-0-0|qp18
3.54,50.0,42.0,11.0,3,1.39,0.48,1.17019999999998,28550,0.168020244821094,168,171,1.0178571428571428,0,TPE-taipei-idx4344-0-0|qp42
3.54,50.0,42.0,11.0,19,1.39,0.48,1.211965428016848,27826,0.1637594161958568,168,167,0.9940476190476192,0,TPE-taipei-idx4344-0-0|qp42
2.06,50.0,10.0,11.0,5,1.39,0.48,1.2555718979815085,6391,0.0646338996763756,40,40,1.0,0,TPE-taipei-idx674-0-1|qp10
2.06,50.0,10.0,11.0,21,1.39,0.48,1.2201303680981797,6520,0.0659385113268614,40,41,1.025,0,TPE-taipei-idx674-0-1|qp10
2.06,50.0,25.0,7.0,7,1.39,0.48,1.1493184655543809,17622,0.1782160194174744,100,101,1.01,0,TPE-taipei-idx674-0-1|qp25
2.06,50.0,25.0,7.0,23,1.39,0.48,1.1140764925373192,18224,0.1843042071197419,100,98,0.98,0,TPE-taipei-idx674-0-1|qp25
2.99,50.0,45.0,11.0,9,1.39,0.48,1.1362971927949803,31811,0.2216485507246408,180,178,0.9888888888888888,0,TPE-taipei-idx813-0-1|qp45
2.99,50.0,45.0,11.0,25,1.39,0.48,1.0585688373996918,34182,0.2381688963210738,180,183,1.0166666666666666,0,TPE-taipei-idx813-0-1|qp45
3.55,50.0,18.0,19.0,11,1.39,0.48,1.274188229102656,11401,0.0669072769953048,72,72,1.0,0,TPE-taipei-idx9453-0-1|qp18
3.55,50.0,18.0,19.0,27,1.39,0.48,1.2762955145118735,11370,0.0667253521126747,72,72,1.0,0,TPE-taipei-idx9453-0-1|qp18
3.55,50.0,43.0,11.0,13,1.39,0.48,1.1395829904881107,30383,0.1783039906103306,172,176,1.0232558139534884,0,TPE-taipei-idx9453-0-1|qp43
3.55,50.0,43.0,11.0,29,1.39,0.48,1.186552797155061,29244,0.1716197183098596,172,177,1.0290697674418603,0,TPE-taipei-idx9453-0-1|qp43
2.098,50.0,10.0,11.0,4,1.39,0.48,1.2313274605103202,6584,0.0653797267238649,40,42,1.05,0,AMS-amsterdam-chain-141619-0|qp10
2.098,50.0,10.0,11.0,20,1.39,0.48,1.3164731111843817,6062,0.0601962186209092,40,39,0.975,0,AMS-amsterdam-chain-141619-0|qp10
2.098,50.0,25.0,9.0,6,1.39,0.48,1.1426560190974342,17594,0.1747100413091808,100,99,0.99,0,AMS-amsterdam-chain-141619-0|qp25
2.098,50.0,25.0,9.0,22,1.39,0.48,1.179531150391237,17255,0.1713437400699074,100,99,0.99,0,AMS-amsterdam-chain-141619-0|qp25
3.89,50.0,19.0,19.0,8,1.39,0.48,1.2540434392095643,12247,0.0655901885175642,76,76,1.0,0,AMS-amsterdam-chain-158080-0|qp19
3.89,50.0,19.0,19.0,24,1.39,0.48,1.2653867979637796,11983,0.0641763067694922,76,75,0.986842105263158,0,AMS-amsterdam-chain-158080-0|qp19
3.89,50.0,47.0,13.0,10,1.39,0.48,1.1627483648031711,32412,0.1735861182519252,188,189,1.00531914893617,0,AMS-amsterdam-chain-158080-0|qp47
3.89,50.0,47.0,13.0,26,1.39,0.48,1.1279820492743555,33202,0.1778170522707771,188,188,1.0,0,AMS-amsterdam-chain-158080-0|qp47
3.89,50.0,47.0,14.0,12,1.39,0.48,1.1110108634519853,33783,0.1809286632390733,188,189,1.00531914893617,0,AMS-amsterdam-chain-158080-0|qp47
3.89,50.0,47.0,14.0,28,1.39,0.48,1.0313546352166816,36460,0.1952656383890308,188,183,0.973404255319149,0,AMS-amsterdam-chain-158080-0|qp47
2.267,50.0,11.0,9.0,14,1.39,0.48,1.2114597949271135,7412,0.0681149830907224,44,44,1.0,0,AMS-amsterdam-chain-166482-0|qp11
2.267,50.0,27.0,9.0,0,1.39,0.48,1.0401181965494848,20982,0.1928209086898968,108,108,1.0,0,AMS-amsterdam-chain-166482-0|qp27
2.267,50.0,27.0,9.0,16,1.39,0.48,1.0796721391338178,20527,0.1886395383031866,108,108,1.0,0,AMS-amsterdam-chain-166482-0|qp27
2.796,50.0,14.0,19.0,2,1.39,0.48,1.1973449390180095,9593,0.071478600381496,56,57,1.0178571428571428,0,AMS-amsterdam-chain-22812-0|qp14
2.796,50.0,14.0,19.0,18,1.39,0.48,1.1891187413627669,9407,0.0700926919408666,56,56,1.0,0,AMS-amsterdam-chain-22812-0|qp14
2.796,50.0,34.0,11.0,4,1.39,0.48,1.2278017260855318,22131,0.1649007510729596,134,134,1.0,0,AMS-amsterdam-chain-22812-0|qp34
2.796,50.0,34.0,11.0,20,1.39,0.48,1.2222780187171522,21905,0.1632167978063901,136,135,0.9926470588235294,0,AMS-amsterdam-chain-22812-0|qp34
2.575,50.0,13.0,19.0,6,1.39,0.48,1.2303882476390569,8577,0.069393203883495,52,53,1.0192307692307692,0,AMS-amsterdam-chain-32802-0|qp13
2.575,50.0,13.0,19.0,22,1.39,0.48,1.249371980676319,8487,0.0686650485436893,52,54,1.0384615384615383,0,AMS-amsterdam-chain-32802-0|qp13
2.575,50.0,31.0,13.0,8,1.39,0.48,1.0908427672955732,23055,0.1865291262135899,124,124,1.0,0,AMS-amsterdam-chain-32802-0|qp31
2.575,50.0,31.0,13.0,24,1.39,0.48,1.1688297081241712,21516,0.1740776699029135,124,124,1.0,0,AMS-amsterdam-chain-32802-0|qp31
2.575,50.0,31.0,14.0,10,1.39,0.48,1.1574880148941584,21485,0.1738268608414231,124,125,1.0080645161290325,0,AMS-amsterdam-chain-32802-0|qp31
2.575,50.0,31.0,14.0,26,1.39,0.48,1.144739719733507,21765,0.1760922330097087,124,126,1.0161290322580645,0,AMS-amsterdam-chain-32802-0|qp31
2.482,50.0,12.0,19.0,12,1.39,0.48,1.297471902505115,7385,0.0619879801235568,48,49,1.0208333333333333,0,AMS-amsterdam-chain-44642-0|qp12
2.482,50.0,12.0,19.0,28,1.39,0.48,1.241448186528493,7720,0.064799892559764,48,48,1.0,0,AMS-amsterdam-chain-44642-0|qp12
2.482,50.0,30.0,13.0,14,1.39,0.48,1.1610300948325936,20668,0.173482406661296,120,119,0.9916666666666668,0,AMS-amsterdam-chain-44642-0|qp30
2.482,50.0,30.0,14.0,0,1.39,0.48,1.129511391582757,21551,0.1808941042170311,120,118,0.9833333333333332,0,AMS-amsterdam-chain-44642-0|qp30
2.482,50.0,30.0,14.0,16,1.39,0.48,1.2143220296154529,19787,0.1660874966424942,120,119,0.9916666666666668,0,AMS-amsterdam-chain-44642-0|qp30
2.166,50.0,11.0,13.0,2,1.39,0.48,1.2104253578732291,7335,0.070550554016621,44,43,0.9772727272727272,0,AMS-amsterdam-chain-45268-50|qp11
2.166,50.0,11.0,13.0,18,1.39,0.48,1.2138558509180415,7298,0.0701946752847029,44,45,1.0227272727272727,0,AMS-amsterdam-chain-45268-50|qp11
2.166,50.0,11.0,14.0,4,1.39,0.48,1.2543666571996483,7042,0.0677323791935978,44,45,1.0227272727272727,0,AMS-amsterdam-chain-45268-50|qp11
2.166,50.0,11.0,14.0,20,1.39,0.48,1.2808951775916522,6926,0.0666166512773161,44,44,1.0,0,AMS-amsterdam-chain-45268-50|qp11
2.166,50.0,26.0,9.0,6,1.39,0.48,1.1458306744416715,18178,0.1748422591566626,104,101,0.971153846153846,0,AMS-amsterdam-chain-45268-50|qp26
2.166,50.0,26.0,9.0,22,1.39,0.48,1.165963105726871,18160,0.1746691289627562,104,107,1.0288461538461535,0,AMS-amsterdam-chain-45268-50|qp26
1.662,50.0,20.0,11.0,8,1.39,0.48,1.2085799127950234,13302,0.1667418772563146,80,82,1.025,0,AMS-amsterdam-chain-79104-0|qp20
1.662,50.0,20.0,11.0,24,1.39,0.48,1.2157841650235075,13186,0.1652878058563948,80,79,0.9875,0,AMS-amsterdam-chain-79104-0|qp20
1.662,50.0,8.0,11.0,10,1.39,0.48,1.2352649572649252,5265,0.0659972924187725,32,33,1.03125,0,AMS-amsterdam-chain-79104-0|qp8
1.662,50.0,8.0,11.0,26,1.39,0.48,1.2618204779482862,5147,0.0645181508223037,32,32,1.0,0,AMS-amsterdam-chain-79104-0|qp8
2.408,50.0,43.3,7.0,12,1.39,0.48,1.1610700738670083,30054,0.260018687707638,172,169,0.9825581395348836,0,DC-012|qp43.3
2.408,50.0,43.3,7.0,28,1.39,0.48,1.1460050714614802,30366,0.2627180232558135,172,169,0.9825581395348836,0,DC-012|qp43.3
3.719,50.0,66.9,7.0,14,1.39,0.48,1.1148472711176234,47437,0.2657356368199332,268,266,0.9925373134328358,0,DC-015|qp66.9
2.722,50.0,49.0,9.0,0,1.39,0.48,1.1265499543795814,35072,0.2684300759245649,196,198,1.010204081632653,0,DC-048|qp49.0
2.722,50.0,49.0,9.0,16,1.39,0.48,1.13218613614465,35286,0.2700679647318155,196,197,1.0051020408163265,0,DC-048|qp49.0
3.609,50.0,65.0,7.0,2,1.39,0.48,1.0110577180693134,52254,0.3016417290108047,260,260,1.0,0,DC-051|qp65.0
3.609,50.0,65.0,7.0,18,1.39,0.48,1.0954276801146925,47442,0.273863951233027,260,264,1.015384615384615,0,DC-051|qp65.0
2.48,50.0,44.6,9.0,4,1.39,0.48,1.1732375535288058,30591,0.2569808467741942,178,173,0.9719101123595506,0,DC-066|qp44.6
2.48,50.0,44.6,9.0,20,1.39,0.48,1.1543819933188422,30833,0.2590137768817221,178,175,0.9831460674157304,0,DC-066|qp44.6
3.54,50.0,63.7,7.0,6,1.39,0.48,1.084726675148382,47160,0.2775423728813589,254,254,1.0,0,DC-069|qp63.7
3.54,50.0,63.7,7.0,22,1.39,0.48,1.0644990877252518,47683,0.2806202919020728,254,251,0.9881889763779528,0,DC-069|qp63.7
2.46,50.0,44.3,9.0,8,1.39,0.48,1.1066148650762455,31981,0.2708418021680217,178,176,0.9887640449438202,0,DC-084|qp44.3
2.46,50.0,44.3,9.0,24,1.39,0.48,1.1540703823595273,31201,0.2642361111111097,178,176,0.9887640449438202,0,DC-084|qp44.3
4.98,50.0,89.6,7.0,10,1.39,0.48,1.0220207416270786,70197,0.2936621485943883,358,356,0.994413407821229,0,DC-087|qp89.6
4.98,50.0,89.6,7.0,26,1.39,0.48,0.9705915197079856,72356,0.3026941097724323,358,350,0.9776536312849162,0,DC-087|qp89.6
2.438,50.0,43.9,7.0,12,1.39,0.48,1.1579524886877255,30940,0.2643902105551072,176,171,0.9715909090909092,0,DC-099|qp43.9
2.438,50.0,43.9,7.0,28,1.39,0.48,1.1651842389702474,30531,0.2608952009844243,176,170,0.9659090909090908,0,DC-099|qp43.9
2.4,50.0,43.2,9.0,14,1.39,0.48,1.1229749983849466,30958,0.2687326388888894,174,173,0.9942528735632185,0,DC-114|qp43.2
1.697,50.0,8.0,7.0,0,1.39,0.48,1.1925464091505873,5333,0.0654709290905509,32,32,1.0,0,MEL-melbourne-1389612-0-2|qp8
1.697,50.0,8.0,7.0,16,1.39,0.48,1.2275339063992372,5235,0.0642678255745422,32,31,0.96875,0,MEL-melbourne-1389612-0-2|qp8
2.722,50.0,33.0,13.0,2,1.39,0.48,1.1734258971743503,22543,0.1725370438403115,132,133,1.0075757575757576,0,MEL-melbourne-1389823-0-3|qp33
2.722,50.0,33.0,13.0,18,1.39,0.48,1.1822693355972431,22381,0.1712971467058516,132,129,0.9772727272727272,0,MEL-melbourne-1389823-0-3|qp33
2.722,50.0,33.0,14.0,4,1.39,0.48,1.2385352205398197,21266,0.1627632867989231,132,134,1.0151515151515151,0,MEL-melbourne-1389823-0-3|qp33
2.722,50.0,33.0,14.0,20,1.39,0.48,1.220842129737275,21505,0.1645925177565511,132,134,1.0151515151515151,0,MEL-melbourne-1389823-0-3|qp33
2.156,50.0,11.0,13.0,6,1.39,0.48,1.2880455212922377,6810,0.0658047309833034,44,44,1.0,0,MEL-melbourne-1434605-0-0|qp11
2.156,50.0,11.0,13.0,22,1.39,0.48,1.304927514792865,6760,0.0653215831787271,44,45,1.0227272727272727,0,MEL-melbourne-1434605-0-0|qp11
2.156,50.0,11.0,14.0,8,1.39,0.48,1.2317397394593024,7139,0.0689838435374166,44,43,0.9772727272727272,0,MEL-melbourne-1434605-0-0|qp11
2.156,50.0,11.0,14.0,24,1.39,0.48,1.261561044460146,7085,0.0684620439084734,44,44,1.0,0,MEL-melbourne-1434605-0-0|qp11
2.156,50.0,26.0,9.0,10,1.39,0.48,1.1852422311205997,17731,0.1713338744588764,104,105,1.0096153846153846,0,MEL-melbourne-1434605-0-0|qp26
2.156,50.0,26.0,9.0,26,1.39,0.48,1.165470385214851,17964,0.1735853432282023,104,106,1.0192307692307692,0,MEL-melbourne-1434605-0-0|qp26
1.749,50.0,9.0,7.0,12,1.39,0.48,1.2688638725320889,5774,0.0687773966075859,36,36,1.0,0,MEL-melbourne-1465622-0-2|qp9
1.749,50.0,9.0,7.0,28,1.39,0.48,1.2817288378766032,5576,0.0664189060415481,36,36,1.0,0,MEL-melbourne-1465622-0-2|qp9
2.348,50.0,12.0,13.0,14,1.39,0.48,1.2776898395721177,7480,0.06636854060193,48,47,0.9791666666666666,0,MEL-melbourne-1465759-0-1|qp12
2.348,50.0,12.0,14.0,0,1.39,0.48,1.1796238857003227,8189,0.0726593554798408,48,49,1.0208333333333333,0,MEL-melbourne-1465759-0-1|qp12
2.348,50.0,12.0,14.0,16,1.39,0.48,1.2822445182724265,7525,0.0667678165814876,48,48,1.0,0,MEL-melbourne-1465759-0-1|qp12
2.348,50.0,28.0,11.0,2,1.39,0.48,1.155549357760635,19541,0.1733833759227734,112,110,0.9821428571428572,0,MEL-melbourne-1465759-0-1|qp28
2.348,50.0,28.0,11.0,18,1.39,0.48,1.175037415682967,18976,0.1683702441794406,112,113,1.0089285714285714,0,MEL-melbourne-1465759-0-1|qp28
1.83,50.0,9.0,9.0,4,1.39,0.48,1.252394247038932,5910,0.0672814207650265,36,36,1.0,0,MEL-melbourne-1477330-0-0|qp9
1.83,50.0,9.0,9.0,20,1.39,0.48,1.2799157155399217,5695,0.0648337887067379,36,38,1.0555555555555556,0,MEL-melbourne-1477330-0-0|qp9
5.175,50.0,26.0,19.0,6,1.39,0.48,1.2326592781366994,16873,0.067926731078904,104,103,0.9903846153846154,0,MEL-melbourne-1515142-0-0|qp26
5.175,50.0,26.0,19.0,22,1.39,0.48,1.2833537079772923,16033,0.0645450885668279,104,106,1.0192307692307692,0,MEL-melbourne-1515142-0-0|qp26
5.175,50.0,62.0,7.0,8,1.39,0.48,1.1442211877493873,43393,0.1746900161030601,248,251,1.0120967741935485,0,MEL-melbourne-1515142-0-0|qp62
5.175,50.0,62.0,7.0,24,1.39,0.48,1.1669197903881443,42364,0.1705475040257653,248,248,1.0,0,MEL-melbourne-1515142-0-0|qp62
1.844,50.0,22.0,7.0,10,1.39,0.48,1.16404327204214,15391,0.1738860267534357,88,89,1.0113636363636365,0,MEL-melbourne-RPSP02B11034-0-0|qp22
1.844,50.0,22.0,7.0,26,1.39,0.48,1.0005373967663034,17194,0.1942561460592928,88,81,0.9204545454545454,0,MEL-melbourne-RPSP02B11034-0-0|qp22
1.844,50.0,9.0,11.0,12,1.39,0.48,1.2573368727522347,5839,0.065968456254521,36,37,1.0277777777777777,0,MEL-melbourne-RPSP02B11034-0-0|qp9
1.844,50.0,9.0,11.0,28,1.39,0.48,1.1778672362799796,6086,0.0687590383224891,36,36,1.0,0,MEL-melbourne-RPSP02B11034-0-0|qp9
3.609,50.0,54.0,11.0,14,1.39,0.48,1.0404987196976494,41787,0.2412198669991697,216,214,0.9907407407407408,0,MEL-melbourne-RPSP03A10530L1-0-0|qp54
3.194,50.0,38.0,13.0,0,1.39,0.48,1.1560553124056852,26504,0.172876226257569,152,156,1.0263157894736843,0,MEL-melbourne-RPSP03A11034L1-0-0|qp38
3.194,50.0,38.0,13.0,16,1.39,0.48,1.22724178451323,24679,0.1609723961594678,152,151,0.993421052631579,0,MEL-melbourne-RPSP03A11034L1-0-0|qp38
3.194,50.0,38.0,14.0,2,1.39,0.48,1.1417329082011751,26972,0.1759288248799859,152,150,0.986842105263158,0,MEL-melbourne-RPSP03A11034L1-0-0|qp38
3.194,50.0,38.0,14.0,18,1.39,0.48,1.1435333034313615,26754,0.1745068879148433,152,150,0.986842105263158,0,MEL-melbourne-RPSP03A11034L1-0-0|qp38
3.121,50.0,16.0,19.0,4,1.39,0.48,1.3020984879444215,9788,0.0653369646480829,64,63,0.984375,0,MEL-melbourne-RPSP07A11127-0-0|qp16
3.121,50.0,16.0,19.0,20,1.39,0.48,1.2803342674139722,9992,0.0666987076791627,64,65,1.015625,0,MEL-melbourne-RPSP07A11127-0-0|qp16
3.121,50.0,38.0,11.0,6,1.39,0.48,1.2365582841910523,24758,0.1652648723699617,152,154,1.013157894736842,0,MEL-melbourne-RPSP07A11127-0-0|qp38
3.121,50.0,38.0,11.0,22,1.39,0.48,1.22135793622355,25119,0.1676746235180983,152,152,1.0,0,MEL-melbourne-RPSP07A11127-0-0|qp38
3.499,50.0,52.0,9.0,8,1.39,0.48,1.120957935093761,37038,0.2205272935124323,208,202,0.971153846153846,0,MEL-melbourne-RPSP0814955L1-0-0|qp52
3.499,50.0,52.0,9.0,24,1.39,0.48,1.169231991525398,35872,0.2135848337620291,208,207,0.9951923076923076,0,MEL-melbourne-RPSP0814955L1-0-0|qp52
6.11,50.0,31.0,16.0,10,1.39,0.48,1.196439437704612,20772,0.0708265139116212,124,124,1.0,0,NTP-newtaipei-idx11355-0-2|qp31
6.11,50.0,31.0,16.0,26,1.39,0.48,1.2070078124999664,20480,0.0698308783415172,124,124,1.0,0,NTP-newtaipei-idx11355-0-2|qp31
6.11,50.0,31.0,17.0,12,1.39,0.48,1.2261395877614418,20231,0.0689818603382447,124,124,1.0,0,NTP-newtaipei-idx11355-0-2|qp31
6.11,50.0,31.0,17.0,28,1.39,0.48,1.238465715555216,20257,0.0690705128205137,124,126,1.0161290322580645,0,NTP-newtaipei-idx11355-0-2|qp31
4.98,50.0,25.0,19.0,14,1.39,0.48,1.1876341275027384,16831,0.0704108099062929,100,101,1.01,0,NTP-newtaipei-idx11808-0-1|qp25
4.98,50.0,60.0,11.0,0,1.39,0.48,1.0319242568268654,46288,0.1936412315930356,240,239,0.9958333333333332,0,NTP-newtaipei-idx11808-0-1|qp60
4.98,50.0,60.0,11.0,16,1.39,0.48,1.1398509334407192,42263,0.1768030455153979,240,237,0.9875,0,NTP-newtaipei-idx11808-0-1|qp60
1.78,50.0,9.0,9.0,2,1.39,0.48,1.2013924257264084,6126,0.0716994382022444,36,36,1.0,0,NTP-newtaipei-idx11901-0-0|qp9
1.78,50.0,9.0,9.0,18,1.39,0.48,1.2082872745325035,6043,0.070727996254679,36,36,1.0,0,NTP-newtaipei-idx11901-0-0|qp9
1.8,50.0,9.0,7.0,4,1.39,0.48,1.276981749311312,5808,0.0672222222222209,36,36,1.0,0,NTP-newtaipei-idx13763-0-2|qp9
1.8,50.0,9.0,7.0,20,1.39,0.48,1.301463239259378,5563,0.064386574074073,36,38,1.0555555555555556,0,NTP-newtaipei-idx13763-0-2|qp9
1.71,50.0,9.0,7.0,6,1.39,0.48,1.2316872909699237,5980,0.0728557504873312,36,36,1.0,0,NTP-newtaipei-idx13776-0-2|qp9
1.71,50.0,9.0,7.0,22,1.39,0.48,1.254192327541714,5813,0.0708211500974675,36,37,1.0277777777777777,0,NTP-newtaipei-idx13776-0-2|qp9
2.46,50.0,12.0,19.0,8,1.39,0.48,1.214429183467712,7936,0.0672086720867217,48,47,0.9791666666666666,0,NTP-newtaipei-idx251-0-0|qp12
2.46,50.0,12.0,19.0,24,1.39,0.48,1.252474714304522,7613,0.0644732384823853,48,49,1.0208333333333333,0,NTP-newtaipei-idx251-0-0|qp12
2.46,50.0,30.0,11.0,10,1.39,0.48,1.2098867208943027,20039,0.1697069783197875,120,118,0.9833333333333332,0,NTP-newtaipei-idx251-0-0|qp30
2.46,50.0,30.0,11.0,26,1.39,0.48,1.1816476882301306,20374,0.1725440379403827,120,119,0.9916666666666668,0,NTP-newtaipei-idx251-0-0|qp30
2.99,50.0,36.0,13.0,12,1.39,0.48,1.2178134208975884,23754,0.1655100334448182,144,141,0.9791666666666666,0,NTP-newtaipei-idx4423-0-0|qp36
2.99,50.0,36.0,13.0,28,1.39,0.48,1.1786935876623426,24640,0.1716833890746948,144,143,0.9930555555555556,0,NTP-newtaipei-idx4423-0-0|qp36
2.99,50.0,36.0,14.0,14,1.39,0.48,1.1551953748006276,25080,0.1747491638795983,144,147,1.0208333333333333,0,NTP-newtaipei-idx4423-0-0|qp36
2.33,50.0,12.0,16.0,0,1.39,0.48,1.1542674931457708,8389,0.0750089413447776,48,49,1.0208333333333333,0,NTP-newtaipei-idx5617-0-0|qp12
2.33,50.0,12.0,16.0,16,1.39,0.48,1.2846711837385645,7527,0.0673015021459224,48,48,1.0,0,NTP-newtaipei-idx5617-0-0|qp12
2.33,50.0,12.0,17.0,2,1.39,0.48,1.236803247004214,7761,0.0693937768240339,48,46,0.9583333333333334,0,NTP-newtaipei-idx5617-0-0|qp12
2.33,50.0,12.0,17.0,18,1.39,0.48,1.2418257153955532,7723,0.0690540057224599,48,48,1.0,0,NTP-newtaipei-idx5617-0-0|qp12
2.33,50.0,28.0,11.0,4,1.39,0.48,1.2059116409536634,18538,0.1657546494992808,112,111,0.9910714285714286,0,NTP-newtaipei-idx5617-0-0|qp28
2.33,50.0,28.0,11.0,20,1.39,0.48,1.196413268832084,18811,0.1681956366237448,112,114,1.0178571428571428,0,NTP-newtaipei-idx5617-0-0|qp28
2.62,50.0,31.0,13.0,6,1.39,0.48,1.213582499509641,20388,0.1621183206106858,124,124,1.0,0,NTP-newtaipei-idx6820-0-0|qp31
2.62,50.0,31.0,13.0,22,1.39,0.48,1.2182582745524202,20273,0.1612038804071233,124,119,0.9596774193548387,0,NTP-newtaipei-idx6820-0-0|qp31
2.62,50.0,31.0,14.0,8,1.39,0.48,1.1604998141954743,21528,0.1711832061068671,124,124,1.0,0,NTP-newtaipei-idx6820-0-0|qp31
2.62,50.0,31.0,14.0,24,1.39,0.48,1.2465123611249562,19982,0.1588899491094144,124,123,0.9919354838709676,0,NTP-newtaipei-idx6820-0-0|qp31
2.9,50.0,35.0,11.0,10,1.39,0.48,1.1980498944374696,23209,0.1667313218390755,140,140,1.0,0,NTP-newtaipei-idx7804-0-0|qp35
2.9,50.0,35.0,11.0,26,1.39,0.48,1.210834521186918,23151,0.1663146551724069,140,141,1.0071428571428571,0,NTP-newtaipei-idx7804-0-0|qp35
1.91,50.0,10.0,9.0,12,1.39,0.48,1.2537197231834087,6358,0.0693499127399662,40,39,0.975,0,NTP-newtaipei-idx9858-0-0|qp10
1.91,50.0,10.0,9.0,28,1.39,0.48,1.2707393424571456,6357,0.0693390052356034,40,41,1.025,0,NTP-newtaipei-idx9858-0-0|qp10
1.707,50.0,8.0,7.0,14,1.39,0.48,1.2593970531213563,5158,0.062951571958604,32,33,1.03125,0,NYC-nyc-110605-0-2|qp8
2.408,50.0,12.0,19.0,0,1.39,0.48,1.1145066206102436,8685,0.0751401578073093,48,50,1.0416666666666667,0,NYC-nyc-17655-0-0|qp12
2.408,50.0,12.0,19.0,16,1.39,0.48,1.2347727563692448,7811,0.0675785575858242,48,47,0.9791666666666666,0,NYC-nyc-17655-0-0|qp12
2.408,50.0,29.0,11.0,2,1.39,0.48,1.164576380611846,20136,0.1742109634551535,116,115,0.9913793103448276,0,NYC-nyc-17655-0-0|qp29
2.408,50.0,29.0,11.0,18,1.39,0.48,1.190706888556892,19409,0.1679211655592503,116,114,0.9827586206896552,0,NYC-nyc-17655-0-0|qp29
2.073,50.0,10.0,11.0,4,1.39,0.48,1.2419443183537673,6609,0.0664194404245064,40,40,1.0,0,NYC-nyc-199805-0-0|qp10
2.073,50.0,10.0,11.0,20,1.39,0.48,1.279982383087721,6244,0.062751246181059,40,39,0.975,0,NYC-nyc-199805-0-0|qp10
2.073,50.0,25.0,7.0,6,1.39,0.48,1.1673063738306926,17211,0.172967920887604,100,98,0.98,0,NYC-nyc-199805-0-0|qp25
2.073,50.0,25.0,7.0,22,1.39,0.48,1.2038201775432245,16672,0.1675510532239902,100,98,0.98,0,NYC-nyc-199805-0-0|qp25
3.17,50.0,38.0,11.0,8,1.39,0.48,1.1857380529608077,25906,0.1702549947423752,152,149,0.9802631578947368,0,NYC-nyc-20131-0-2|qp38
3.17,50.0,38.0,11.0,24,1.39,0.48,1.2336024140304902,24689,0.162256834910619,152,152,1.0,0,NYC-nyc-20131-0-2|qp38
2.56,50.0,31.0,13.0,10,1.39,0.48,1.221041381334452,20444,0.1663736979166666,124,127,1.0241935483870968,0,NYC-nyc-214464-0-0|qp31
2.56,50.0,31.0,13.0,26,1.39,0.48,1.2095348609479126,20424,0.1662109375,124,124,1.0,0,NYC-nyc-214464-0-0|qp31
2.56,50.0,31.0,14.0,12,1.39,0.48,1.1845508611666695,21018,0.171044921875,124,123,0.9919354838709676,0,NYC-nyc-214464-0-0|qp31
2.56,50.0,31.0,14.0,28,1.39,0.48,1.2040496977838038,20846,0.1696451822916666,124,125,1.0080645161290325,0,NYC-nyc-214464-0-0|qp31
2.347,50.0,35.0,9.0,14,1.39,0.48,1.1268080231529811,24878,0.2208315580173256,140,136,0.9714285714285714,0,NYC-nyc-267383-0-0|qp35
2.377,50.0,12.0,16.0,0,1.39,0.48,1.1738410918839668,8206,0.0719218903379592,48,49,1.0208333333333333,0,NYC-nyc-27695-0-3|qp12
2.377,50.0,12.0,16.0,16,1.39,0.48,1.2683475746023538,7607,0.0666719253961567,48,47,0.9791666666666666,0,NYC-nyc-27695-0-3|qp12
2.377,50.0,12.0,17.0,2,1.39,0.48,1.1969330507417666,8021,0.0703004487449153,48,48,1.0,0,NYC-nyc-27695-0-3|qp12
2.377,50.0,12.0,17.0,18,1.39,0.48,1.2527729229163875,7667,0.0671977983452521,48,49,1.0208333333333333,0,NYC-nyc-27695-0-3|qp12
2.377,50.0,28.0,11.0,4,1.39,0.48,1.196279044750372,18592,0.1629504978263914,112,113,1.0089285714285714,0,NYC-nyc-27695-0-3|qp28
2.377,50.0,28.0,11.0,20,1.39,0.48,1.2334447939083164,18123,0.1588399242742956,112,112,1.0,0,NYC-nyc-27695-0-3|qp28
1.676,50.0,8.0,7.0,6,1.39,0.48,1.29293721529018,5049,0.0627610381861589,32,32,1.0,0,NYC-nyc-46079-0-1|qp8
1.676,50.0,8.0,7.0,22,1.39,0.48,1.2260435193945054,5285,0.0656946101829775,32,32,1.0,0,NYC-nyc-46079-0-1|qp8
3.048,50.0,37.0,13.0,8,1.39,0.48,1.1507080630924755,26057,0.178101760717416,148,152,1.027027027027027,0,NYC-nyc-59808-0-1|qp37
3.048,50.0,37.0,13.0,24,1.39,0.48,1.2361209979038543,24331,0.1663044072615977,148,147,0.9932432432432432,0,NYC-nyc-59808-0-1|qp37
3.048,50.0,37.0,14.0,10,1.39,0.48,1.1401101380549703,26149,0.1787305883639607,148,144,0.972972972972973,0,NYC-nyc-59808-0-1|qp37
3.048,50.0,37.0,14.0,26,1.39,0.48,1.197109146934794,24664,0.1685804899387631,148,145,0.9797297297297296,0,NYC-nyc-59808-0-1|qp37
5.06,50.0,25.0,19.0,12,1.39,0.48,1.2340786240787018,16280,0.067028985507246,100,101,1.01,0,NYC-nyc-62758-0-0|qp25
5.06,50.0,25.0,19.0,28,1.39,0.48,1.2183219571126067,16555,0.0681612318840577,100,99,0.99,0,NYC-nyc-62758-0-0|qp25
5.06,50.0,61.0,9.0,14,1.39,0.48,1.118942571272178,43776,0.1802371541501995,244,238,0.9754098360655736,0,NYC-nyc-62758-0-0|qp61
3.719,50.0,19.0,19.0,0,1.39,0.48,1.1728407350688892,13060,0.0731603477637375,76,75,0.986842105263158,0,NYC-nyc-9648-0-0|qp19
3.719,50.0,19.0,19.0,16,1.39,0.48,1.3072318162483418,11755,0.0658499148516644,76,77,1.013157894736842,0,NYC-nyc-9648-0-0|qp19
3.719,50.0,45.0,11.0,2,1.39,0.48,1.137209916939392,31784,0.1780496549251595,180,182,1.011111111111111,0,NYC-nyc-9648-0-0|qp45
3.719,50.0,45.0,11.0,18,1.39,0.48,1.1558871557010206,31477,0.176329882584926,180,183,1.0166666666666666,0,NYC-nyc-9648-0-0|qp45
2.103,50.0,32.0,7.0,4,1.39,0.48,1.164284942606308,22215,0.2200725154541119,128,131,1.0234375,0,NYC-nyc-98749-0-2|qp32
2.103,50.0,32.0,7.0,20,1.39,0.48,1.1623877925448678,22347,0.2213801711840227,128,132,1.03125,0,NYC-nyc-98749-0-2|qp32
4.115,50.0,62.0,7.0,6,1.39,0.48,1.098177820772132,45484,0.2302754151478326,248,248,1.0,0,SEA-seattle-5423808-0-1|qp62
4.115,50.0,62.0,7.0,22,1.39,0.48,1.1633061596320122,42811,0.2167426083434583,248,243,0.9798387096774194,0,SEA-seattle-5423808-0-1|qp62
1.829,50.0,9.0,7.0,8,1.39,0.48,1.2366548821548673,5940,0.0676599234554393,36,36,1.0,0,SEA-seattle-5426480-0-0|qp9
1.829,50.0,9.0,7.0,24,1.39,0.48,1.2539864291772749,5895,0.0671473482777473,36,36,1.0,0,SEA-seattle-5426480-0-0|qp9
2.54,50.0,38.0,11.0,10,1.39,0.48,1.1590015986601716,26272,0.2154855643044663,152,154,1.013157894736842,0,SEA-seattle-5426595-0-0|qp38
2.54,50.0,38.0,11.0,26,1.39,0.48,1.1922820512820465,25350,0.2079232283464623,152,154,1.013157894736842,0,SEA-seattle-5426595-0-0|qp38
1.651,50.0,8.0,7.0,12,1.39,0.48,1.2039888785913366,5395,0.0680774278215209,32,33,1.03125,0,SEA-seattle-5432169-0-1|qp8
1.651,50.0,8.0,7.0,28,1.39,0.48,1.2616429121725603,5192,0.0655158489804142,32,31,0.96875,0,SEA-seattle-5432169-0-1|qp8
1.829,50.0,9.0,7.0,14,1.39,0.48,1.2627962415173146,5747,0.0654615454711117,36,37,1.0277777777777777,0,SEA-seattle-5433778-0-0|qp9
2.438,50.0,37.0,11.0,0,1.39,0.48,1.112625055662767,26948,0.2302775499043028,148,146,0.9864864864864864,0,SEA-seattle-5434873-0-0|qp37
2.438,50.0,37.0,11.0,16,1.39,0.48,1.1753461660330085,25248,0.2157506152584176,148,147,0.9932432432432432,0,SEA-seattle-5434873-0-0|qp37
1.829,50.0,9.0,11.0,2,1.39,0.48,1.24273912307432,5907,0.0672840349917986,36,35,0.9722222222222222,0,SEA-seattle-5438086-0-1|qp9
1.829,50.0,9.0,11.0,18,1.39,0.48,1.2218819188191825,5962,0.0679105157645337,36,36,1.0,0,SEA-seattle-5438086-0-1|qp9
4.064,50.0,61.0,7.0,4,1.39,0.48,1.172455739988719,41629,0.2134032562335946,244,246,1.0081967213114753,0,SEA-seattle-5445989-0-0|qp61
4.064,50.0,61.0,7.0,20,1.39,0.48,1.1558102636534522,42480,0.2177657480314936,244,246,1.0081967213114753,0,SEA-seattle-5445989-0-0|qp61
1.829,50.0,9.0,7.0,6,1.39,0.48,1.2310925492816756,5986,0.0681838891926359,36,36,1.0,0,SEA-seattle-5449118-0-0|qp9
1.829,50.0,9.0,7.0,22,1.39,0.48,1.257777777777778,5760,0.0656096227446691,36,37,1.0277777777777777,0,SEA-seattle-5449118-0-0|qp9
1.829,50.0,22.0,7.0,8,1.39,0.48,1.1489479434446923,15560,0.1772371058866393,88,89,1.0113636363636365,0,SEA-seattle-5449903-0-0|qp22
1.829,50.0,22.0,7.0,24,1.39,0.48,1.1285294301229691,16021,0.1824881538181153,88,87,0.9886363636363636,0,SEA-seattle-5449903-0-0|qp22
1.829,50.0,9.0,9.0,10,1.39,0.48,1.219705587152891,5978,0.0680927647166032,36,37,1.0277777777777777,0,SEA-seattle-5449903-0-0|qp9
1.829,50.0,9.0,9.0,26,1.39,0.48,1.235230950775412,5932,0.0675687989794052,36,37,1.0277777777777777,0,SEA-seattle-5449903-0-0|qp9
2.438,50.0,12.0,19.0,12,1.39,0.48,1.287618157543435,7490,0.0640039649986344,48,49,1.0208333333333333,0,SEA-seattle-5452128-0-1|qp12
2.438,50.0,12.0,19.0,28,1.39,0.48,1.2084948916022986,8026,0.0685842220399254,48,47,0.9791666666666666,0,SEA-seattle-5452128-0-1|qp12
2.438,50.0,29.0,13.0,14,1.39,0.48,1.141072203590473,20276,0.1732636040470369,116,113,0.9741379310344828,0,SEA-seattle-5452128-0-1|qp29
2.438,50.0,29.0,14.0,0,1.39,0.48,1.144111213726732,20573,0.1758015449822297,116,117,1.0086206896551724,0,SEA-seattle-5452128-0-1|qp29
2.438,50.0,29.0,14.0,16,1.39,0.48,1.2046411309184333,19241,0.1644192644243942,116,119,1.0258620689655171,0,SEA-seattle-5452128-0-1|qp29
1.829,50.0,22.0,9.0,2,1.39,0.48,1.1166368134277282,15967,0.1818730636048837,88,88,1.0,0,SEA-seattle-5453813-0-0|qp22
1.829,50.0,22.0,9.0,18,1.39,0.48,1.1335239336934178,16107,0.1834677419354823,88,87,0.9886363636363636,0,SEA-seattle-5453813-0-0|qp22
1.829,50.0,9.0,9.0,4,1.39,0.48,1.1990759289176267,6190,0.0705075633315107,36,36,1.0,0,SEA-seattle-5453813-0-0|qp9
1.829,50.0,9.0,9.0,20,1.39,0.48,1.2392747770486046,5943,0.0676940951339525,36,38,1.0555555555555556,0,SEA-seattle-5453813-0-0|qp9
2.591,50.0,31.0,13.0,6,1.39,0.48,1.2071099420333344,20529,0.1650665766113457,124,124,1.0,0,SEA-seattle-5454776-0-1|qp31
2.591,50.0,31.0,13.0,22,1.39,0.48,1.229593682842742,20009,0.1608854367682978,124,117,0.9435483870967742,0,SEA-seattle-5454776-0-1|qp31
2.591,50.0,31.0,14.0,8,1.39,0.48,1.152823333641508,21634,0.1739514987778205,124,125,1.0080645161290325,0,SEA-seattle-5454776-0-1|qp31
2.591,50.0,31.0,14.0,24,1.39,0.48,1.237542129262416,20176,0.1622282259101994,124,125,1.0080645161290325,0,SEA-seattle-5454776-0-1|qp31
1.8,50.0,22.0,7.0,10,1.39,0.48,1.1635913978494783,15345,0.1776041666666731,88,89,1.0113636363636365,0,TAO-taoyuan-idx10181-0-0|qp22
1.8,50.0,22.0,7.0,26,1.39,0.48,1.1079639906276773,16218,0.1877083333333375,88,86,0.9772727272727272,0,TAO-taoyuan-idx10181-0-0|qp22
1.8,50.0,9.0,7.0,12,1.39,0.48,1.2659663865546675,5831,0.0674884259259256,36,36,1.0,0,TAO-taoyuan-idx10181-0-0|qp9
1.8,50.0,9.0,7.0,28,1.39,0.48,1.253315198315185,5698,0.065949074074074,36,36,1.0,0,TAO-taoyuan-idx10181-0-0|qp9
3.0,50.0,36.0,11.0,14,1.39,0.48,1.1986569330955272,24109,0.1674236111111098,144,148,1.0277777777777777,0,TAO-taoyuan-idx158-0-0|qp36
2.4,50.0,12.0,16.0,0,1.39,0.48,1.180778457772318,8170,0.0709201388888883,48,49,1.0208333333333333,0,TAO-taoyuan-idx3410-0-9|qp12
2.4,50.0,12.0,16.0,16,1.39,0.48,1.3028907952069957,7344,0.0637499999999994,48,49,1.0208333333333333,0,TAO-taoyuan-idx3410-0-9|qp12
2.4,50.0,12.0,17.0,2,1.39,0.48,1.219325601916,7933,0.0688628472222226,48,48,1.0,0,TAO-taoyuan-idx3410-0-9|qp12
2.4,50.0,12.0,17.0,18,1.39,0.48,1.2540304133090678,7694,0.0667881944444443,48,49,1.0208333333333333,0,TAO-taoyuan-idx3410-0-9|qp12
2.4,50.0,29.0,11.0,4,1.39,0.48,1.184298245613942,19722,0.1711979166666671,116,113,0.9741379310344828,0,TAO-taoyuan-idx3410-0-9|qp29
2.4,50.0,29.0,11.0,20,1.39,0.48,1.2165440025054477,19158,0.1663020833333341,116,118,1.0172413793103448,0,TAO-taoyuan-idx3410-0-9|qp29
2.04,50.0,10.0,9.0,6,1.39,0.48,1.3189385836979517,6171,0.063020833333333,40,41,1.025,0,TAO-taoyuan-idx3430-0-3|qp10
2.04,50.0,10.0,9.0,22,1.39,0.48,1.2875728466218264,6246,0.0637867647058826,40,39,0.975,0,TAO-taoyuan-idx3430-0-3|qp10
2.04,50.0,24.0,9.0,8,1.39,0.48,1.1047054790606563,17503,0.1787479575163386,96,93,0.96875,0,TAO-taoyuan-idx3430-0-3|qp24
2.04,50.0,24.0,9.0,24,1.39,0.48,1.1505273472296662,16839,0.1719669117647038,96,94,0.9791666666666666,0,TAO-taoyuan-idx3430-0-3|qp24
1.87,50.0,22.0,7.0,10,1.39,0.48,1.1508676887400522,15524,0.1729500891265605,88,88,1.0,0,TAO-taoyuan-idx5160-0-0|qp22
1.87,50.0,22.0,7.0,26,1.39,0.48,1.1199693654266885,15995,0.1781974153297695,88,87,0.9886363636363636,0,TAO-taoyuan-idx5160-0-0|qp22
1.87,50.0,9.0,9.0,12,1.39,0.48,1.2535414165666725,5831,0.0649621212121212,36,36,1.0,0,TAO-taoyuan-idx5160-0-0|qp9
1.87,50.0,9.0,9.0,28,1.39,0.48,1.2521495489243484,5764,0.0642156862745093,36,36,1.0,0,TAO-taoyuan-idx5160-0-0|qp9
6.92,50.0,35.0,13.0,14,1.39,0.48,1.180659491928462,23973,0.0721730491329464,140,139,0.9928571428571428,0,TAO-taoyuan-idx531-0-1|qp35
6.92,50.0,35.0,14.0,0,1.39,0.48,1.151058977398126,24467,0.0736602842003842,140,136,0.9714285714285714,0,TAO-taoyuan-idx531-0-1|qp35
6.92,50.0,35.0,14.0,16,1.39,0.48,1.2447021020217983,22407,0.0674584537572244,140,140,1.0,0,TAO-taoyuan-idx531-0-1|qp35
6.92,50.0,83.0,11.0,2,1.39,0.48,0.9158999712008272,72919,0.2195297447013485,332,329,0.9909638554216867,0,TAO-taoyuan-idx531-0-1|qp83
6.92,50.0,83.0,11.0,18,1.39,0.48,0.9696959206724776,68173,0.2052414499036607,332,327,0.9849397590361446,0,TAO-taoyuan-idx531-0-1|qp83
2.6,50.0,31.0,13.0,4,1.39,0.48,1.2225735365972414,20466,0.1639903846153808,124,123,0.9919354838709676,0,TAO-taoyuan-idx5379-0-4|qp31
2.6,50.0,31.0,13.0,20,1.39,0.48,1.2093278992580925,20488,0.1641666666666632,124,126,1.0161290322580645,0,TAO-taoyuan-idx5379-0-4|qp31
2.6,50.0,31.0,14.0,6,1.39,0.48,1.2073832049157054,20506,0.1643108974358934,124,125,1.0080645161290325,0,TAO-taoyuan-idx5379-0-4|qp31
2.6,50.0,31.0,14.0,22,1.39,0.48,1.2234286139645971,20151,0.1614663461538425,124,120,0.967741935483871,0,TAO-taoyuan-idx5379-0-4|qp31
2.28,50.0,34.0,9.0,8,1.39,0.48,1.1396012054659268,24223,0.2213358918128671,136,137,1.0073529411764706,0,TAO-taoyuan-idx578-0-8|qp34
2.28,50.0,34.0,9.0,24,1.39,0.48,1.1664687969117824,23315,0.2130391081871374,136,137,1.0073529411764706,0,TAO-taoyuan-idx578-0-8|qp34
2.3,50.0,12.0,16.0,10,1.39,0.48,1.2158753298981984,7957,0.0720742753623166,48,47,0.9791666666666666,0,TAO-taoyuan-idx6720-0-3|qp12
2.3,50.0,12.0,16.0,26,1.39,0.48,1.2187846075692317,7874,0.0713224637681137,48,48,1.0,0,TAO-taoyuan-idx6720-0-3|qp12
2.3,50.0,12.0,17.0,12,1.39,0.48,1.27500132100401,7570,0.0685688405797079,48,49,1.0208333333333333,0,TAO-taoyuan-idx6720-0-3|qp12
2.3,50.0,12.0,17.0,28,1.39,0.48,1.1776590548296653,8189,0.0741757246376788,48,47,0.9791666666666666,0,TAO-taoyuan-idx6720-0-3|qp12
2.3,50.0,28.0,11.0,14,1.39,0.48,1.1874630659253549,18885,0.1710597826086959,112,106,0.9464285714285714,0,TAO-taoyuan-idx6720-0-3|qp28
2.23,50.0,11.0,11.0,0,1.39,0.48,1.1982289445628982,7504,0.0701046337817614,44,43,0.9772727272727272,0,TAO-taoyuan-idx7044-0-7|qp11
2.23,50.0,11.0,11.0,16,1.39,0.48,1.2965255731922116,6804,0.0635650224215232,44,45,1.0227272727272727,0,TAO-taoyuan-idx7044-0-7|qp11
2.23,50.0,27.0,11.0,2,1.39,0.48,1.1222748519788528,19254,0.179876681614351,108,110,1.0185185185185186,0,TAO-taoyuan-idx7044-0-7|qp27
2.23,50.0,27.0,11.0,18,1.39,0.48,1.169879408782882,18741,0.1750840807174881,108,108,1.0,0,TAO-taoyuan-idx7044-0-7|qp27
1.97,50.0,10.0,9.0,4,1.39,0.48,1.317093539372035,6083,0.0643295262267342,40,40,1.0,0,TAO-taoyuan-idx718-0-1|qp10
1.97,50.0,10.0,9.0,20,1.39,0.48,1.312211822660066,6090,0.0644035532994928,40,39,0.975,0,TAO-taoyuan-idx718-0-1|qp10
1.97,50.0,24.0,7.0,6,1.39,0.48,1.1887726508499925,16059,0.1698286802030452,96,91,0.9479166666666666,0,TAO-taoyuan-idx718-0-1|qp24
1.97,50.0,24.0,7.0,22,1.39,0.48,1.1943021245059644,16192,0.1712351945854473,96,98,1.0208333333333333,0,TAO-taoyuan-idx718-0-1|qp24
3.07,50.0,37.0,13.0,8,1.39,0.48,1.150785060389343,25998,0.176425081433225,148,150,1.0135135135135136,0,TAO-taoyuan-idx9038-0-2|qp37
3.07,50.0,37.0,13.0,24,1.39,0.48,1.2268975468975112,24255,0.1645969055374575,148,147,0.9932432432432432,0,TAO-taoyuan-idx9038-0-2|qp37
3.07,50.0,37.0,14.0,10,1.39,0.48,1.169067156881903,25567,0.1735002714440825,148,146,0.9864864864864864,0,TAO-taoyuan-idx9038-0-2|qp37
3.07,50.0,37.0,14.0,26,1.39,0.48,1.1856925607896944,24922,0.1691232356134631,148,147,0.9932432432432432,0,TAO-taoyuan-idx9038-0-2|qp37
2.69,50.0,40.0,11.0,12,1.39,0.48,1.196205456985218,26828,0.2077757125154862,160,161,1.00625,0,TPE-taipei-idx11047-0-0|qp40
2.69,50.0,40.0,11.0,28,1.39,0.48,1.1753855739628023,27284,0.211307311028499,160,159,0.99375,0,TPE-taipei-idx11047-0-0|qp40
1.99,50.0,10.0,11.0,14,1.39,0.48,1.232811251152771,6506,0.0681113902847568,40,40,1.0,0,TPE-taipei-idx14193-0-0|qp10
1.99,50.0,24.0,7.0,0,1.39,0.48,1.1118791252941582,17423,0.1824015912897801,96,96,1.0,0,TPE-taipei-idx14193-0-0|qp24
1.99,50.0,24.0,7.0,16,1.39,0.48,1.1457992848350378,17059,0.1785908710217729,96,95,0.9895833333333334,0,TPE-taipei-idx14193-0-0|qp24
2.36,50.0,12.0,16.0,2,1.39,0.48,1.220746399499012,7985,0.0704890536723162,48,48,1.0,0,TPE-taipei-idx15074-0-0|qp12
2.36,50.0,12.0,16.0,18,1.39,0.48,1.2636614740149077,7639,0.0674346751412427,48,49,1.0208333333333333,0,TPE-taipei-idx15074-0-0|qp12
2.36,50.0,12.0,17.0,4,1.39,0.48,1.2517746772721534,7669,0.0676995056497165,48,49,1.0208333333333333,0,TPE-taipei-idx15074-0-0|qp12
2.36,50.0,12.0,17.0,20,1.39,0.48,1.2780078636959429,7630,0.0673552259886999,48,46,0.9583333333333334,0,TPE-taipei-idx15074-0-0|qp12
2.36,50.0,28.0,11.0,6,1.39,0.48,1.193972486322904,18827,0.1661987994350268,112,110,0.9821428571428572,0,TPE-taipei-idx15074-0-0|qp28
2.36,50.0,28.0,11.0,22,1.39,0.48,1.2365611135758343,18032,0.1591807909604512,112,109,0.9732142857142856,0,TPE-taipei-idx15074-0-0|qp28
2.48,50.0,37.0,11.0,8,1.39,0.48,1.1572656644524764,25743,0.2162550403225836,148,151,1.0202702702702702,0,TPE-taipei-idx15608-0-1|qp37
2.48,50.0,37.0,11.0,24,1.39,0.48,1.1832399250607617,25087,0.2107442876344094,148,148,1.0,0,TPE-taipei-idx15608-0-1|qp37
1.96,50.0,10.0,11.0,10,1.39,0.48,1.220546769091723,6639,0.0705676020408176,40,41,1.025,0,TPE-taipei-idx1592-0-2|qp10
1.96,50.0,10.0,11.0,26,1.39,0.48,1.2021649639423015,6656,0.0707482993197273,40,40,1.0,0,TPE-taipei-idx1592-0-2|qp10
1.96,50.0,24.0,7.0,12,1.39,0.48,1.1447712952158928,17140,0.1821853741496659,96,97,1.0104166666666667,0,TPE-taipei-idx1592-0-2|qp24
1.96,50.0,24.0,7.0,28,1.39,0.48,1.1129778385460831,17553,0.1865752551020467,96,95,0.9895833333333334,0,TPE-taipei-idx1592-0-2|qp24
2.05,50.0,10.0,9.0,14,1.39,0.48,1.2537752878929127,6426,0.0653048780487808,40,40,1.0,0,TPE-taipei-idx326-0-1|qp10
2.05,50.0,25.0,7.0,0,1.39,0.48,1.1275648327343362,18085,0.1837906504065038,100,99,0.99,0,TPE-taipei-idx326-0-1|qp25
2.05,50.0,25.0,7.0,16,1.39,0.48,1.196595556080892,16922,0.1719715447154463,100,101,1.01,0,TPE-taipei-idx326-0-1|qp25
3.54,50.0,18.0,19.0,2,1.39,0.48,1.2732602377807718,11355,0.0668255649717517,72,74,1.0277777777777777,0,TPE-taipei-idx4344-0-0|qp18
3.54,50.0,18.0,19.0,18,1.39,0.48,1.2213502538070844,11820,0.0695621468926566,72,73,1.0138888888888888,0,TPE-taipei-idx4344-0-0|qp18
3.54,50.0,42.0,11.0,4,1.39,0.48,1.2060992267109274,27674,0.1628648775894558,168,165,0.9821428571428572,0,TPE-taipei-idx4344-0-0|qp42
3.54,50.0,42.0,11.0,20,1.39,0.48,1.192086580396056,27974,0.1646304143126178,168,167,0.9940476190476192,0,TPE-taipei-idx4344-0-0|qp42
2.06,50.0,10.0,11.0,6,1.39,0.48,1.315848105383021,6149,0.0621864886731392,40,40,1.0,0,TPE-taipei-idx674-0-1|qp10
2.06,50.0,10.0,11.0,22,1.39,0.48,1.2552506226649995,6424,0.0649676375404533,40,38,0.95,0,TPE-taipei-idx674-0-1|qp10
2.06,50.0,25.0,7.0,8,1.39,0.48,1.112590941610205,18171,0.1837682038834924,100,98,0.98,0,TPE-taipei-idx674-0-1|qp25
2.06,50.0,25.0,7.0,24,1.39,0.48,1.192328566404914,17062,0.1725525889967612,100,98,0.98,0,TPE-taipei-idx674-0-1|qp25
2.99,50.0,45.0,11.0,10,1.39,0.48,1.1717771045508023,31028,0.2161928651059109,180,182,1.011111111111111,0,TPE-taipei-idx813-0-1|qp45
2.99,50.0,45.0,11.0,26,1.39,0.48,1.1692718367348929,30625,0.2133848940914189,180,180,1.0,0,TPE-taipei-idx813-0-1|qp45
3.55,50.0,18.0,19.0,12,1.39,0.48,1.2650245355765917,11412,0.066971830985915,72,71,0.9861111111111112,0,TPE-taipei-idx9453-0-1|qp18
3.55,50.0,18.0,19.0,28,1.39,0.48,1.231600546028523,11721,0.0687852112676055,72,71,0.9861111111111112,0,TPE-taipei-idx9453-0-1|qp18
3.55,50.0,43.0,11.0,14,1.39,0.48,1.1680741315869043,29623,0.1738438967136165,172,171,0.994186046511628,0,TPE-taipei-idx9453-0-1|qp43
2.098,50.0,10.0,11.0,5,1.39,0.48,1.2427161069651491,6432,0.0638703527168739,40,41,1.025,0,AMS-amsterdam-chain-141619-0|qp10
2.098,50.0,10.0,11.0,21,1.39,0.48,1.227340846786499,6566,0.065200985065142,40,40,1.0,0,AMS-amsterdam-chain-141619-0|qp10
2.098,50.0,25.0,9.0,7,1.39,0.48,1.135893378226654,17820,0.1769542421353639,100,101,1.01,0,AMS-amsterdam-chain-141619-0|qp25
2.098,50.0,25.0,9.0,23,1.39,0.48,1.154245710678795,17427,0.1730517159199236,100,102,1.02,0,AMS-amsterdam-chain-141619-0|qp25
3.89,50.0,19.0,19.0,9,1.39,0.48,1.3096343661488454,11651,0.0623982433590383,76,78,1.0263157894736843,0,AMS-amsterdam-chain-158080-0|qp19
3.89,50.0,19.0,19.0,25,1.39,0.48,1.1998790951637637,12820,0.0686589545844023,76,76,1.0,0,AMS-amsterdam-chain-158080-0|qp19
3.89,50.0,47.0,13.0,11,1.39,0.48,1.1484455800937037,32874,0.1760604113110511,188,193,1.0265957446808511,0,AMS-amsterdam-chain-158080-0|qp47
3.89,50.0,47.0,13.0,27,1.39,0.48,1.1028703918386715,34504,0.1847900599828585,188,192,1.0212765957446808,0,AMS-amsterdam-chain-158080-0|qp47
3.89,50.0,47.0,14.0,13,1.39,0.48,1.0864497446578083,35051,0.1877195801199647,188,186,0.9893617021276596,0,AMS-amsterdam-chain-158080-0|qp47
3.89,50.0,47.0,14.0,29,1.39,0.48,1.1193983816112072,34108,0.1826692373607516,188,189,1.00531914893617,0,AMS-amsterdam-chain-158080-0|qp47
2.267,50.0,11.0,9.0,15,1.39,0.48,1.2062872034014462,7291,0.0670030142626103,44,45,1.0227272727272727,0,AMS-amsterdam-chain-166482-0|qp11
2.267,50.0,27.0,9.0,1,1.39,0.48,1.0663391938880815,20419,0.1876470372004079,108,110,1.0185185185185186,0,AMS-amsterdam-chain-166482-0|qp27
2.267,50.0,27.0,9.0,17,1.39,0.48,1.130186644545874,19288,0.1772533450963042,108,107,0.9907407407407408,0,AMS-amsterdam-chain-166482-0|qp27
2.796,50.0,14.0,19.0,3,1.39,0.48,1.194957282987083,9481,0.070644074868859,56,56,1.0,0,AMS-amsterdam-chain-22812-0|qp14
2.796,50.0,14.0,19.0,19,1.39,0.48,1.2132815366353775,9267,0.0690495350500702,56,57,1.0178571428571428,0,AMS-amsterdam-chain-22812-0|qp14
2.796,50.0,34.0,11.0,5,1.39,0.48,1.2047042689670409,22605,0.1684325822603697,136,133,0.9779411764705882,0,AMS-amsterdam-chain-22812-0|qp34
2.796,50.0,34.0,11.0,21,1.39,0.48,1.1899982559406932,22935,0.1708914520743907,136,138,1.0147058823529411,0,AMS-amsterdam-chain-22812-0|qp34
2.575,50.0,13.0,19.0,7,1.39,0.48,1.1818514750763465,8847,0.0715776699029122,52,54,1.0384615384615383,0,AMS-amsterdam-chain-32802-0|qp13
2.575,50.0,13.0,19.0,23,1.39,0.48,1.1863132006405512,8742,0.0707281553398063,52,52,1.0,0,AMS-amsterdam-chain-32802-0|qp13
2.575,50.0,31.0,13.0,9,1.39,0.48,1.1482036038527192,21699,0.175558252427184,124,123,0.9919354838709676,0,AMS-amsterdam-chain-32802-0|qp31
2.575,50.0,31.0,13.0,25,1.39,0.48,1.119270518090199,22139,0.179118122977345,124,127,1.0241935483870968,0,AMS-amsterdam-chain-32802-0|qp31
2.575,50.0,31.0,14.0,11,1.39,0.48,1.1933810230154904,20899,0.1690857605177978,124,126,1.0161290322580645,0,AMS-amsterdam-chain-32802-0|qp31
2.575,50.0,31.0,14.0,27,1.39,0.48,1.1696641442451696,21408,0.1732038834951432,124,126,1.0161290322580645,0,AMS-amsterdam-chain-32802-0|qp31
2.482,50.0,12.0,19.0,13,1.39,0.48,1.193951792336186,8090,0.0679055868922917,48,49,1.0208333333333333,0,AMS-amsterdam-chain-44642-0|qp12
2.482,50.0,12.0,19.0,29,1.39,0.48,1.2291558275950187,7842,0.0658239323126517,48,47,0.9791666666666666,0,AMS-amsterdam-chain-44642-0|qp12
2.482,50.0,30.0,13.0,15,1.39,0.48,1.2220694022289171,19740,0.1656929895245792,120,118,0.9833333333333332,0,AMS-amsterdam-chain-44642-0|qp30
2.482,50.0,30.0,14.0,1,1.39,0.48,1.133741217522512,21207,0.1780066478646247,120,126,1.05,0,AMS-amsterdam-chain-44642-0|qp30
2.482,50.0,30.0,14.0,17,1.39,0.48,1.1949103659439997,20249,0.1699654176739201,120,118,0.9833333333333332,0,AMS-amsterdam-chain-44642-0|qp30
2.166,50.0,11.0,13.0,3,1.39,0.48,1.186815000660236,7573,0.0728397199138203,44,44,1.0,0,AMS-amsterdam-chain-45268-50|qp11
2.166,50.0,11.0,13.0,19,1.39,0.48,1.2468412811388017,7025,0.0675688673437978,44,43,0.9772727272727272,0,AMS-amsterdam-chain-45268-50|qp11
2.166,50.0,11.0,14.0,5,1.39,0.48,1.2309484564882731,7159,0.068857725453985,44,44,1.0,0,AMS-amsterdam-chain-45268-50|qp11
2.166,50.0,11.0,14.0,21,1.39,0.48,1.186897384305856,7455,0.0717047553093264,44,43,0.9772727272727272,0,AMS-amsterdam-chain-45268-50|qp11
2.166,50.0,26.0,9.0,7,1.39,0.48,1.1103710172541237,18894,0.1817289935364727,104,103,0.9903846153846154,0,AMS-amsterdam-chain-45268-50|qp26
2.166,50.0,26.0,9.0,23,1.39,0.48,1.1367507274490891,18558,0.1784972299168981,104,106,1.0192307692307692,0,AMS-amsterdam-chain-45268-50|qp26
1.662,50.0,20.0,11.0,9,1.39,0.48,1.2510871602623863,12804,0.1604993983152804,80,81,1.0125,0,AMS-amsterdam-chain-79104-0|qp20
1.662,50.0,20.0,11.0,25,1.39,0.48,1.1684160722084458,13738,0.1722071801042902,80,78,0.975,0,AMS-amsterdam-chain-79104-0|qp20
1.662,50.0,8.0,11.0,11,1.39,0.48,1.2976605963577974,4997,0.0626378860810269,32,32,1.0,0,AMS-amsterdam-chain-79104-0|qp8
1.662,50.0,8.0,11.0,27,1.39,0.48,1.2782310030395183,4935,0.0618607099879666,32,33,1.03125,0,AMS-amsterdam-chain-79104-0|qp8
2.408,50.0,43.3,7.0,13,1.39,0.48,1.12654426038566,30908,0.2674072535991114,172,174,1.0116279069767442,0,DC-012|qp43.3
2.408,50.0,43.3,7.0,29,1.39,0.48,1.1483491874752847,30276,0.261939368770757,172,175,1.0174418604651163,0,DC-012|qp43.3
3.719,50.0,66.9,7.0,15,1.39,0.48,1.045299126893865,51082,0.2861544321950342,268,261,0.9738805970149254,0,DC-015|qp66.9
2.722,50.0,49.0,9.0,1,1.39,0.48,1.107657824042897,35736,0.2735121234386488,196,196,1.0,0,DC-048|qp49.0
2.722,50.0,49.0,9.0,17,1.39,0.48,1.1146531134489246,35170,0.2691801371540545,196,196,1.0,0,DC-048|qp49.0
3.609,50.0,65.0,7.0,3,1.39,0.48,1.0377918140474738,49475,0.2855996582617523,260,256,0.9846153846153848,0,DC-051|qp65.0
3.609,50.0,65.0,7.0,19,1.39,0.48,1.1345673422295044,45937,0.265176179920567,260,263,1.0115384615384615,0,DC-051|qp65.0
2.48,50.0,44.6,9.0,5,1.39,0.48,1.131705901015137,31520,0.2647849462365617,178,179,1.0056179775280898,0,DC-066|qp44.6
2.48,50.0,44.6,9.0,21,1.39,0.48,1.105668636124591,32327,0.271564180107526,178,180,1.0112359550561798,0,DC-066|qp44.6
3.54,50.0,63.7,7.0,7,1.39,0.48,1.049811719342938,48757,0.2869409133710029,254,256,1.0078740157480317,0,DC-069|qp63.7
3.54,50.0,63.7,7.0,23,1.39,0.48,1.1162446366097738,45447,0.2674611581920936,254,253,0.9960629921259844,0,DC-069|qp63.7
2.46,50.0,44.3,9.0,9,1.39,0.48,1.1372694910362366,31181,0.264066734417346,178,174,0.9775280898876404,0,DC-084|qp44.3
2.46,50.0,44.3,9.0,25,1.39,0.48,1.0484523984157168,34085,0.2886602303523075,178,180,1.0112359550561798,0,DC-084|qp44.3
4.98,50.0,89.6,7.0,11,1.39,0.48,0.9769664088338612,73174,0.3061161311914396,358,352,0.9832402234636872,0,DC-087|qp89.6
4.98,50.0,89.6,7.0,27,1.39,0.48,1.028443060118564,70311,0.2941390562249035,358,360,1.005586592178771,0,DC-087|qp89.6
2.438,50.0,43.9,7.0,13,1.39,0.48,1.1433728632824351,30947,0.2644500273448239,176,180,1.0227272727272727,0,DC-099|qp43.9
2.438,50.0,43.9,7.0,29,1.39,0.48,1.1748600687147304,29979,0.2561782198523445,176,179,1.0170454545454546,0,DC-099|qp43.9
2.4,50.0,43.2,9.0,15,1.39,0.48,1.1456374711887412,30370,0.2636284722222227,174,172,0.9885057471264368,0,DC-114|qp43.2
1.697,50.0,8.0,7.0,1,1.39,0.48,1.2247047546011978,5216,0.064034570811234,32,31,0.96875,0,MEL-melbourne-1389612-0-2|qp8
1.697,50.0,8.0,7.0,17,1.39,0.48,1.2467538551629986,5123,0.0628928501276746,32,32,1.0,0,MEL-melbourne-1389612-0-2|qp8
2.722,50.0,33.0,13.0,3,1.39,0.48,1.2071266471449853,21856,0.1672789615478817,132,137,1.0378787878787878,0,MEL-melbourne-1389823-0-3|qp33
2.722,50.0,33.0,13.0,19,1.39,0.48,1.2348779803646952,21390,0.1637123438648059,132,135,1.0227272727272727,0,MEL-melbourne-1389823-0-3|qp33
2.722,50.0,33.0,14.0,5,1.39,0.48,1.2235880721221082,21630,0.1655492285084506,132,132,1.0,0,MEL-melbourne-1389823-0-3|qp33
2.722,50.0,33.0,14.0,21,1.39,0.48,1.1830728400018324,22419,0.1715879867744305,132,134,1.0151515151515151,0,MEL-melbourne-1389823-0-3|qp33
2.156,50.0,11.0,13.0,7,1.39,0.48,1.2127277716794984,7288,0.070423623995054,44,45,1.0227272727272727,0,MEL-melbourne-1434605-0-0|qp11
2.156,50.0,11.0,13.0,23,1.39,0.48,1.1959792027729286,7501,0.0724818336425493,44,44,1.0,0,MEL-melbourne-1434605-0-0|qp11
2.156,50.0,11.0,14.0,9,1.39,0.48,1.2109952477935937,7365,0.0711676716141022,44,44,1.0,0,MEL-melbourne-1434605-0-0|qp11
2.156,50.0,11.0,14.0,25,1.39,0.48,1.2401132753142416,7239,0.0699501391465686,44,44,1.0,0,MEL-melbourne-1434605-0-0|qp11
2.156,50.0,26.0,9.0,11,1.39,0.48,1.2003124288640914,17572,0.1697974644403231,104,101,0.971153846153846,0,MEL-melbourne-1434605-0-0|qp26
2.156,50.0,26.0,9.0,27,1.39,0.48,1.19793373527923,17747,0.1714884817563415,104,104,1.0,0,MEL-melbourne-1434605-0-0|qp26
1.749,50.0,9.0,7.0,13,1.39,0.48,1.1916986970684311,6140,0.0731370306842011,36,36,1.0,0,MEL-melbourne-1465622-0-2|qp9
1.749,50.0,9.0,7.0,29,1.39,0.48,1.2649755330304304,5722,0.0681579950447881,36,36,1.0,0,MEL-melbourne-1465622-0-2|qp9
2.348,50.0,12.0,13.0,15,1.39,0.48,1.268788799365976,7571,0.0671759653605905,48,48,1.0,0,MEL-melbourne-1465759-0-1|qp12
2.348,50.0,12.0,14.0,1,1.39,0.48,1.210505747126413,7830,0.0694740204429297,48,46,0.9583333333333334,0,MEL-melbourne-1465759-0-1|qp12
2.348,50.0,12.0,14.0,17,1.39,0.48,1.2626256837718426,7678,0.0681253549119813,48,48,1.0,0,MEL-melbourne-1465759-0-1|qp12
2.348,50.0,28.0,11.0,3,1.39,0.48,1.1871491158617389,18945,0.1680951873935261,112,116,1.0357142857142858,0,MEL-melbourne-1465759-0-1|qp28
2.348,50.0,28.0,11.0,19,1.39,0.48,1.2032440777215088,18785,0.1666755394662112,112,112,1.0,0,MEL-melbourne-1465759-0-1|qp28
1.83,50.0,9.0,9.0,5,1.39,0.48,1.2819079292840765,5713,0.0650387067395243,36,35,0.9722222222222222,0,MEL-melbourne-1477330-0-0|qp9
1.83,50.0,9.0,9.0,21,1.39,0.48,1.1925876623376763,6160,0.0701275045537322,36,36,1.0,0,MEL-melbourne-1477330-0-0|qp9
5.175,50.0,26.0,19.0,7,1.39,0.48,1.1807818576984737,17484,0.070386473429951,104,104,1.0,0,MEL-melbourne-1515142-0-0|qp26
5.175,50.0,26.0,19.0,23,1.39,0.48,1.1379633667684184,18344,0.0738486312399349,104,104,1.0,0,MEL-melbourne-1515142-0-0|qp26
5.175,50.0,62.0,7.0,9,1.39,0.48,1.1211405506575685,44347,0.1785305958132045,248,251,1.0120967741935485,0,MEL-melbourne-1515142-0-0|qp62
5.175,50.0,62.0,7.0,25,1.39,0.48,1.1068490090248888,45208,0.1819967793880849,248,250,1.0080645161290325,0,MEL-melbourne-1515142-0-0|qp62
1.844,50.0,22.0,7.0,11,1.39,0.48,1.1993154901303953,14945,0.1688471619667395,88,88,1.0,0,MEL-melbourne-RPSP02B11034-0-0|qp22
1.844,50.0,22.0,7.0,27,1.39,0.48,1.1688456053928242,15428,0.1743040491684732,88,89,1.0113636363636365,0,MEL-melbourne-RPSP02B11034-0-0|qp22
1.844,50.0,9.0,11.0,13,1.39,0.48,1.168362413958734,6247,0.0705780007230676,36,36,1.0,0,MEL-melbourne-RPSP02B11034-0-0|qp9
1.844,50.0,9.0,11.0,29,1.39,0.48,1.2477781605236402,5806,0.0655956254519179,36,36,1.0,0,MEL-melbourne-RPSP02B11034-0-0|qp9
3.609,50.0,54.0,11.0,15,1.39,0.48,1.0492908213964245,41259,0.2381719312829029,216,216,1.0,0,MEL-melbourne-RPSP03A10530L1-0-0|qp54
3.194,50.0,38.0,13.0,1,1.39,0.48,1.1565034912246617,26495,0.1728175224379078,152,153,1.006578947368421,0,MEL-melbourne-RPSP03A11034L1-0-0|qp38
3.194,50.0,38.0,13.0,17,1.39,0.48,1.2020785101189786,25398,0.1656621790857884,152,153,1.006578947368421,0,MEL-melbourne-RPSP03A11034L1-0-0|qp38
3.194,50.0,38.0,14.0,3,1.39,0.48,1.1760768170330715,26114,0.1703323940722209,152,153,1.006578947368421,0,MEL-melbourne-RPSP03A11034L1-0-0|qp38
3.194,50.0,38.0,14.0,19,1.39,0.48,1.195382241493729,25599,0.1669732310582374,152,152,1.0,0,MEL-melbourne-RPSP03A11034L1-0-0|qp38
3.121,50.0,16.0,19.0,5,1.39,0.48,1.317077573756971,9694,0.0647094948200363,64,64,1.0,0,MEL-melbourne-RPSP07A11127-0-0|qp16
3.121,50.0,16.0,19.0,21,1.39,0.48,1.2267213897108624,10477,0.0699361849834455,64,64,1.0,0,MEL-melbourne-RPSP07A11127-0-0|qp16
3.121,50.0,38.0,11.0,7,1.39,0.48,1.117330966065072,27317,0.182346737156888,152,151,0.993421052631579,0,MEL-melbourne-RPSP07A11127-0-0|qp38
3.121,50.0,38.0,11.0,23,1.39,0.48,1.1430561531044514,26962,0.1799770372743726,152,153,1.006578947368421,0,MEL-melbourne-RPSP07A11127-0-0|qp38
3.499,50.0,52.0,9.0,9,1.39,0.48,1.1196545008273355,37482,0.2231709059731358,208,206,0.9903846153846154,0,MEL-melbourne-RPSP0814955L1-0-0|qp52
3.499,50.0,52.0,9.0,25,1.39,0.48,1.1097003893097597,38016,0.2263503858245194,208,211,1.0144230769230769,0,MEL-melbourne-RPSP0814955L1-0-0|qp52
6.11,50.0,31.0,16.0,11,1.39,0.48,1.2445899417788633,19924,0.0679350791052933,124,123,0.9919354838709676,0,NTP-newtaipei-idx11355-0-2|qp31
6.11,50.0,31.0,16.0,27,1.39,0.48,1.2285531977313005,20452,0.0697354064375349,124,126,1.0161290322580645,0,NTP-newtaipei-idx11355-0-2|qp31
6.11,50.0,31.0,17.0,13,1.39,0.48,1.1482139234669442,21690,0.0739566284779063,124,124,1.0,0,NTP-newtaipei-idx11355-0-2|qp31
6.11,50.0,31.0,17.0,29,1.39,0.48,1.17669606003753,21320,0.0726950354609947,124,126,1.0161290322580645,0,NTP-newtaipei-idx11355-0-2|qp31
4.98,50.0,25.0,19.0,15,1.39,0.48,1.2856998966942204,15488,0.0647925033467201,100,99,0.99,0,NTP-newtaipei-idx11808-0-1|qp25
4.98,50.0,60.0,11.0,1,1.39,0.48,1.0819544490344335,44785,0.1873535809906305,240,235,0.9791666666666666,0,NTP-newtaipei-idx11808-0-1|qp60
4.98,50.0,60.0,11.0,17,1.39,0.48,1.1613115268556824,41425,0.1732973560910349,240,241,1.0041666666666669,0,NTP-newtaipei-idx11808-0-1|qp60
1.78,50.0,9.0,9.0,3,1.39,0.48,1.203208011820728,6091,0.0712897940074878,36,36,1.0,0,NTP-newtaipei-idx11901-0-0|qp9
1.78,50.0,9.0,9.0,19,1.39,0.48,1.2739249510937485,5623,0.0658122659176006,36,36,1.0,0,NTP-newtaipei-idx11901-0-0|qp9
1.8,50.0,9.0,7.0,5,1.39,0.48,1.254582690659798,5835,0.0675347222222223,36,35,0.9722222222222222,0,NTP-newtaipei-idx13763-0-2|qp9
1.8,50.0,9.0,7.0,21,1.39,0.48,1.2011158727542666,6067,0.0702199074074067,36,36,1.0,0,NTP-newtaipei-idx13763-0-2|qp9
1.71,50.0,9.0,7.0,7,1.39,0.48,1.1896047043449325,6122,0.0745857699805085,36,36,1.0,0,NTP-newtaipei-idx13776-0-2|qp9
1.71,50.0,9.0,7.0,23,1.39,0.48,1.177284928848641,6184,0.0753411306042903,36,35,0.9722222222222222,0,NTP-newtaipei-idx13776-0-2|qp9
2.46,50.0,12.0,19.0,9,1.39,0.48,1.2147076499311238,7987,0.0676405826558272,48,50,1.0416666666666667,0,NTP-newtaipei-idx251-0-0|qp12
2.46,50.0,12.0,19.0,25,1.39,0.48,1.2089387857501095,7972,0.0675135501355021,48,48,1.0,0,NTP-newtaipei-idx251-0-0|qp12
2.46,50.0,30.0,11.0,11,1.39,0.48,1.2108048005647578,19831,0.167945460704609,120,117,0.975,0,NTP-newtaipei-idx251-0-0|qp30
2.46,50.0,30.0,11.0,27,1.39,0.48,1.227775132945118,19745,0.1672171409214106,120,121,1.0083333333333333,0,NTP-newtaipei-idx251-0-0|qp30
2.99,50.0,36.0,13.0,13,1.39,0.48,1.1281615348546308,25592,0.1783166109253083,144,146,1.0138888888888888,0,NTP-newtaipei-idx4423-0-0|qp36
2.99,50.0,36.0,13.0,29,1.39,0.48,1.1805334897266375,24724,0.1722686733556305,144,148,1.0277777777777777,0,NTP-newtaipei-idx4423-0-0|qp36
2.99,50.0,36.0,14.0,15,1.39,0.48,1.2011252245853667,23933,0.1667572463768127,144,143,0.9930555555555556,0,NTP-newtaipei-idx4423-0-0|qp36
2.33,50.0,12.0,16.0,1,1.39,0.48,1.2079456535413131,7949,0.0710747496423456,48,46,0.9583333333333334,0,NTP-newtaipei-idx5617-0-0|qp12
2.33,50.0,12.0,16.0,17,1.39,0.48,1.260299935358776,7735,0.0691613018597986,48,48,1.0,0,NTP-newtaipei-idx5617-0-0|qp12
2.33,50.0,12.0,17.0,3,1.39,0.48,1.1741838101035391,8215,0.0734531473533606,48,48,1.0,0,NTP-newtaipei-idx5617-0-0|qp12
2.33,50.0,12.0,17.0,19,1.39,0.48,1.2628547120418774,7640,0.0683118741058651,48,47,0.9791666666666666,0,NTP-newtaipei-idx5617-0-0|qp12
2.33,50.0,28.0,11.0,5,1.39,0.48,1.169467293582753,19354,0.1730507868383385,112,111,0.9910714285714286,0,NTP-newtaipei-idx5617-0-0|qp28
2.33,50.0,28.0,11.0,21,1.39,0.48,1.183880487292642,19044,0.1702789699570792,112,112,1.0,0,NTP-newtaipei-idx5617-0-0|qp28
2.62,50.0,31.0,13.0,7,1.39,0.48,1.1446556588501198,21621,0.1719227099236619,124,123,0.9919354838709676,0,NTP-newtaipei-idx6820-0-0|qp31
2.62,50.0,31.0,13.0,23,1.39,0.48,1.148087524734299,21731,0.1727973918575047,124,125,1.0080645161290325,0,NTP-newtaipei-idx6820-0-0|qp31
2.62,50.0,31.0,14.0,9,1.39,0.48,1.1732248534583898,21325,0.1695690203562307,124,126,1.0161290322580645,0,NTP-newtaipei-idx6820-0-0|qp31
2.62,50.0,31.0,14.0,25,1.39,0.48,1.1729046153845286,21125,0.167978689567431,124,128,1.032258064516129,0,NTP-newtaipei-idx6820-0-0|qp31
2.9,50.0,35.0,11.0,11,1.39,0.48,1.1738296893942817,23921,0.1718462643678106,140,138,0.9857142857142858,0,NTP-newtaipei-idx7804-0-0|qp35
2.9,50.0,35.0,11.0,27,1.39,0.48,1.20632968723302,23404,0.1681321839080397,140,138,0.9857142857142858,0,NTP-newtaipei-idx7804-0-0|qp35
1.91,50.0,10.0,9.0,13,1.39,0.48,1.2123942407600112,6737,0.0734838568935437,40,39,0.975,0,NTP-newtaipei-idx9858-0-0|qp10
1.91,50.0,10.0,9.0,29,1.39,0.48,1.2728990331273122,6309,0.0688154450261795,40,41,1.025,0,NTP-newtaipei-idx9858-0-0|qp10
1.707,50.0,8.0,7.0,15,1.39,0.48,1.189244132323021,5411,0.0660393477836383,32,32,1.0,0,NYC-nyc-110605-0-2|qp8
2.408,50.0,12.0,19.0,1,1.39,0.48,1.210742719063972,7863,0.0680284468438531,48,47,0.9791666666666666,0,NYC-nyc-17655-0-0|qp12
2.408,50.0,12.0,19.0,17,1.39,0.48,1.2412721665381836,7782,0.0673276578073079,48,47,0.9791666666666666,0,NYC-nyc-17655-0-0|qp12
2.408,50.0,29.0,11.0,3,1.39,0.48,1.193138960972925,19653,0.1700321843853854,116,117,1.0086206896551724,0,NYC-nyc-17655-0-0|qp29
2.408,50.0,29.0,11.0,19,1.39,0.48,1.202688399442866,19387,0.1677308277962389,116,115,0.9913793103448276,0,NYC-nyc-17655-0-0|qp29
2.073,50.0,10.0,11.0,5,1.39,0.48,1.2490624513315347,6421,0.0645300691429491,40,40,1.0,0,NYC-nyc-199805-0-0|qp10
2.073,50.0,10.0,11.0,21,1.39,0.48,1.2387897008942548,6486,0.0651833092137006,40,42,1.05,0,NYC-nyc-199805-0-0|qp10
2.073,50.0,25.0,7.0,7,1.39,0.48,1.1487510049385503,17414,0.1750080398777916,100,100,1.0,0,NYC-nyc-199805-0-0|qp25
2.073,50.0,25.0,7.0,23,1.39,0.48,1.143070195237553,17722,0.1781033928284285,100,103,1.03,0,NYC-nyc-199805-0-0|qp25
3.17,50.0,38.0,11.0,9,1.39,0.48,1.2015308817153063,25371,0.1667389589905347,152,153,1.006578947368421,0,NYC-nyc-20131-0-2|qp38
3.17,50.0,38.0,11.0,25,1.39,0.48,1.1326638039534918,27014,0.1775368033648771,152,150,0.986842105263158,0,NYC-nyc-20131-0-2|qp38
2.56,50.0,31.0,13.0,11,1.39,0.48,1.1995905141376717,20831,0.1695231119791666,124,124,1.0,0,NYC-nyc-214464-0-0|qp31
2.56,50.0,31.0,13.0,27,1.39,0.48,1.2169912790697748,20640,0.16796875,124,126,1.0161290322580645,0,NYC-nyc-214464-0-0|qp31
2.56,50.0,31.0,14.0,13,1.39,0.48,1.146330882352908,21760,0.1770833333333333,124,124,1.0,0,NYC-nyc-214464-0-0|qp31
2.56,50.0,31.0,14.0,29,1.39,0.48,1.163564895163943,21319,0.1734944661458333,124,125,1.0080645161290325,0,NYC-nyc-214464-0-0|qp31
2.347,50.0,35.0,9.0,15,1.39,0.48,1.1700888630512392,24082,0.213765800312454,140,137,0.9785714285714284,0,NYC-nyc-267383-0-0|qp35
2.377,50.0,12.0,16.0,1,1.39,0.48,1.2282863759166216,7773,0.0681268405553207,48,46,0.9583333333333334,0,NYC-nyc-27695-0-3|qp12
2.377,50.0,12.0,16.0,17,1.39,0.48,1.2507222722015428,7781,0.0681969569485335,48,48,1.0,0,NYC-nyc-27695-0-3|qp12
2.377,50.0,12.0,17.0,3,1.39,0.48,1.1785762917933802,8225,0.07208841677184,48,49,1.0208333333333333,0,NYC-nyc-27695-0-3|qp12
2.377,50.0,12.0,17.0,19,1.39,0.48,1.2652486842105075,7600,0.0666105735520958,48,48,1.0,0,NYC-nyc-27695-0-3|qp12
2.377,50.0,28.0,11.0,5,1.39,0.48,1.1984232563069677,18868,0.165369513392231,112,113,1.0089285714285714,0,NYC-nyc-27695-0-3|qp28
2.377,50.0,28.0,11.0,21,1.39,0.48,1.177769705205994,19132,0.1676833543682503,112,114,1.0178571428571428,0,NYC-nyc-27695-0-3|qp28
1.676,50.0,8.0,7.0,7,1.39,0.48,1.1867470747074271,5555,0.0690508154335727,32,31,0.96875,0,NYC-nyc-46079-0-1|qp8
1.676,50.0,8.0,7.0,23,1.39,0.48,1.1783429602888071,5540,0.0688643595863177,32,31,0.96875,0,NYC-nyc-46079-0-1|qp8
3.048,50.0,37.0,13.0,9,1.39,0.48,1.1815006740147236,25222,0.1723944663167162,148,151,1.0202702702702702,0,NYC-nyc-59808-0-1|qp37
3.048,50.0,37.0,13.0,25,1.39,0.48,1.0982399791580837,26869,0.1836518482064792,148,148,1.0,0,NYC-nyc-59808-0-1|qp37
3.048,50.0,37.0,14.0,11,1.39,0.48,1.1564304708275697,25572,0.1747867454068297,148,145,0.9797297297297296,0,NYC-nyc-59808-0-1|qp37
3.048,50.0,37.0,14.0,27,1.39,0.48,1.122973227043764,26594,0.1817722003499612,148,145,0.9797297297297296,0,NYC-nyc-59808-0-1|qp37
5.06,50.0,25.0,19.0,13,1.39,0.48,1.187144729785976,16783,0.0690999670619239,100,100,1.0,0,NYC-nyc-62758-0-0|qp25
5.06,50.0,25.0,19.0,29,1.39,0.48,1.2187586165195197,16538,0.0680912384716738,100,100,1.0,0,NYC-nyc-62758-0-0|qp25
5.06,50.0,61.0,9.0,15,1.39,0.48,1.0981977471839304,43945,0.1809329710144936,244,239,0.9795081967213116,0,NYC-nyc-62758-0-0|qp61
3.719,50.0,19.0,19.0,1,1.39,0.48,1.2381943089430625,12300,0.0689029308954035,76,76,1.0,0,NYC-nyc-9648-0-0|qp19
3.719,50.0,19.0,19.0,17,1.39,0.48,1.2810303797468816,11850,0.0663820919602054,76,75,0.986842105263158,0,NYC-nyc-9648-0-0|qp19
3.719,50.0,45.0,11.0,3,1.39,0.48,1.1499419102942718,31503,0.1764755310567385,180,178,0.9888888888888888,0,NYC-nyc-9648-0-0|qp45
3.719,50.0,45.0,11.0,19,1.39,0.48,1.2175214860932009,29554,0.1655574975351822,180,180,1.0,0,NYC-nyc-9648-0-0|qp45
2.103,50.0,32.0,7.0,5,1.39,0.48,1.135757932357093,22944,0.2272943414170194,128,125,0.9765625,0,NYC-nyc-98749-0-2|qp32
2.103,50.0,32.0,7.0,21,1.39,0.48,1.1164877796457542,23199,0.2298204945316213,128,131,1.0234375,0,NYC-nyc-98749-0-2|qp32
4.115,50.0,62.0,7.0,7,1.39,0.48,1.0989562378684954,45336,0.2295261239368168,248,242,0.9758064516129032,0,SEA-seattle-5423808-0-1|qp62
4.115,50.0,62.0,7.0,23,1.39,0.48,1.0595646903930451,47851,0.2422590117456458,248,250,1.0080645161290325,0,SEA-seattle-5423808-0-1|qp62
1.829,50.0,9.0,7.0,9,1.39,0.48,1.3048336630102186,5561,0.0633429014033169,36,36,1.0,0,SEA-seattle-5426480-0-0|qp9
1.829,50.0,9.0,7.0,25,1.39,0.48,1.2263273350470962,5835,0.06646391470749,36,37,1.0277777777777777,0,SEA-seattle-5426480-0-0|qp9
2.54,50.0,38.0,11.0,11,1.39,0.48,1.1599521149241838,26313,0.2158218503937045,152,149,0.9802631578947368,0,SEA-seattle-5426595-0-0|qp38
2.54,50.0,38.0,11.0,27,1.39,0.48,1.1766278667742884,26031,0.2135088582677212,152,151,0.993421052631579,0,SEA-seattle-5426595-0-0|qp38
1.651,50.0,8.0,7.0,13,1.39,0.48,1.2095405101275658,5332,0.0672824550777294,32,31,0.96875,0,SEA-seattle-5432169-0-1|qp8
1.651,50.0,8.0,7.0,29,1.39,0.48,1.2628099652375493,5178,0.0653391883706826,32,32,1.0,0,SEA-seattle-5432169-0-1|qp8
1.829,50.0,9.0,7.0,15,1.39,0.48,1.2281733850565173,5929,0.0675346273008919,36,37,1.0277777777777777,0,SEA-seattle-5433778-0-0|qp9
2.438,50.0,37.0,11.0,1,1.39,0.48,1.1589459943890317,25664,0.2193054416188228,148,152,1.027027027027027,0,SEA-seattle-5434873-0-0|qp37
2.438,50.0,37.0,11.0,17,1.39,0.48,1.172162990918768,25437,0.2173656685808108,148,148,1.0,0,SEA-seattle-5434873-0-0|qp37
1.829,50.0,9.0,11.0,3,1.39,0.48,1.2084187336814751,6128,0.069801348642245,36,36,1.0,0,SEA-seattle-5438086-0-1|qp9
1.829,50.0,9.0,11.0,19,1.39,0.48,1.258735452492651,5757,0.065575451066156,36,36,1.0,0,SEA-seattle-5438086-0-1|qp9
4.064,50.0,61.0,7.0,5,1.39,0.48,1.1470235042232035,42503,0.2178836532152218,244,242,0.9918032786885246,0,SEA-seattle-5445989-0-0|qp61
4.064,50.0,61.0,7.0,21,1.39,0.48,1.0864333940388955,45026,0.2308173392388465,244,244,1.0,0,SEA-seattle-5445989-0-0|qp61
1.829,50.0,9.0,7.0,7,1.39,0.48,1.1856544417277333,6135,0.069881082558775,36,36,1.0,0,SEA-seattle-5449118-0-0|qp9
1.829,50.0,9.0,7.0,23,1.39,0.48,1.1890691967937137,6113,0.0696304902496809,36,36,1.0,0,SEA-seattle-5449118-0-0|qp9
1.829,50.0,22.0,7.0,9,1.39,0.48,1.1409126063418078,15516,0.1767359212684527,88,85,0.9659090909090908,0,SEA-seattle-5449903-0-0|qp22
1.829,50.0,22.0,7.0,25,1.39,0.48,1.129843476083107,15972,0.1819300164024059,88,86,0.9772727272727272,0,SEA-seattle-5449903-0-0|qp22
1.829,50.0,9.0,9.0,11,1.39,0.48,1.2677012491325783,5764,0.0656551849826856,36,37,1.0277777777777777,0,SEA-seattle-5449903-0-0|qp9
1.829,50.0,9.0,9.0,27,1.39,0.48,1.2827131920954182,5617,0.0639807727355576,36,36,1.0,0,SEA-seattle-5449903-0-0|qp9
2.438,50.0,12.0,19.0,13,1.39,0.48,1.2111960341365515,7968,0.0680885972108307,48,49,1.0208333333333333,0,SEA-seattle-5452128-0-1|qp12
2.438,50.0,12.0,19.0,29,1.39,0.48,1.208145645645652,7992,0.0682936833470071,48,47,0.9791666666666666,0,SEA-seattle-5452128-0-1|qp12
2.438,50.0,29.0,13.0,15,1.39,0.48,1.209660564853514,19120,0.1633852884878347,116,116,1.0,0,SEA-seattle-5452128-0-1|qp29
2.438,50.0,29.0,14.0,1,1.39,0.48,1.1391235314359327,20343,0.1738361361771991,116,118,1.0172413793103448,0,SEA-seattle-5452128-0-1|qp29
2.438,50.0,29.0,14.0,17,1.39,0.48,1.1851848833656426,19634,0.1677775499042968,116,114,0.9827586206896552,0,SEA-seattle-5452128-0-1|qp29
1.829,50.0,22.0,9.0,3,1.39,0.48,1.1148556719985083,16317,0.1858597594313802,88,87,0.9886363636363636,0,SEA-seattle-5453813-0-0|qp22
1.829,50.0,22.0,9.0,19,1.39,0.48,1.0772751039809465,16830,0.1917031164570786,88,86,0.9772727272727272,0,SEA-seattle-5453813-0-0|qp22
1.829,50.0,9.0,9.0,5,1.39,0.48,1.241015559645291,5977,0.0680813741570974,36,35,0.9722222222222222,0,SEA-seattle-5453813-0-0|qp9
1.829,50.0,9.0,9.0,21,1.39,0.48,1.192133696697678,6238,0.0710543101877151,36,36,1.0,0,SEA-seattle-5453813-0-0|qp9
2.591,50.0,31.0,13.0,7,1.39,0.48,1.171751566844145,21221,0.1706307088640158,124,122,0.9838709677419356,0,SEA-seattle-5454776-0-1|qp31
2.591,50.0,31.0,13.0,23,1.39,0.48,1.121395055613131,22207,0.1785587932587151,124,124,1.0,0,SEA-seattle-5454776-0-1|qp31
2.591,50.0,31.0,14.0,9,1.39,0.48,1.1547533487297768,21650,0.1740801492345288,124,124,1.0,0,SEA-seattle-5454776-0-1|qp31
2.591,50.0,31.0,14.0,25,1.39,0.48,1.1723547327844046,21013,0.1689582529267945,124,128,1.032258064516129,0,SEA-seattle-5454776-0-1|qp31
1.8,50.0,22.0,7.0,11,1.39,0.48,1.176329370263814,15308,0.177175925925933,88,88,1.0,0,TAO-taoyuan-idx10181-0-0|qp22
1.8,50.0,22.0,7.0,27,1.39,0.48,1.14514051893677,15763,0.182442129629635,88,89,1.0113636363636365,0,TAO-taoyuan-idx10181-0-0|qp22
1.8,50.0,9.0,7.0,13,1.39,0.48,1.2153307782036622,6001,0.0694560185185178,36,36,1.0,0,TAO-taoyuan-idx10181-0-0|qp9
1.8,50.0,9.0,7.0,29,1.39,0.48,1.2636708639384655,5718,0.0661805555555546,36,36,1.0,0,TAO-taoyuan-idx10181-0-0|qp9
3.0,50.0,36.0,11.0,15,1.39,0.48,1.220808200109741,23707,0.1646319444444443,144,143,0.9930555555555556,0,TAO-taoyuan-idx158-0-0|qp36
2.4,50.0,12.0,16.0,1,1.39,0.48,1.2251873869216665,7738,0.0671701388888887,48,46,0.9583333333333334,0,TAO-taoyuan-idx3410-0-9|qp12
2.4,50.0,12.0,16.0,17,1.39,0.48,1.288076256499156,7501,0.0651128472222218,48,49,1.0208333333333333,0,TAO-taoyuan-idx3410-0-9|qp12
2.4,50.0,12.0,17.0,3,1.39,0.48,1.1803987201575712,8126,0.0705381944444445,48,48,1.0,0,TAO-taoyuan-idx3410-0-9|qp12
2.4,50.0,12.0,17.0,19,1.39,0.48,1.2515213406650765,7638,0.0663020833333335,48,48,1.0,0,TAO-taoyuan-idx3410-0-9|qp12
2.4,50.0,29.0,11.0,5,1.39,0.48,1.2077901356477774,19241,0.1670225694444443,116,117,1.0086206896551724,0,TAO-taoyuan-idx3410-0-9|qp29
2.4,50.0,29.0,11.0,21,1.39,0.48,1.1743817623673452,19871,0.1724913194444436,116,118,1.0172413793103448,0,TAO-taoyuan-idx3410-0-9|qp29
2.04,50.0,10.0,9.0,7,1.39,0.48,1.26940547341928,6358,0.064930555555556,40,42,1.05,0,TAO-taoyuan-idx3430-0-3|qp10
2.04,50.0,10.0,9.0,23,1.39,0.48,1.209139576498657,6706,0.068484477124184,40,39,0.975,0,TAO-taoyuan-idx3430-0-3|qp10
2.04,50.0,24.0,9.0,9,1.39,0.48,1.0566384212286646,17938,0.1831903594771242,96,91,0.9479166666666666,0,TAO-taoyuan-idx3430-0-3|qp24
2.04,50.0,24.0,9.0,25,1.39,0.48,1.1416527663573135,17026,0.1738766339869283,96,100,1.0416666666666667,0,TAO-taoyuan-idx3430-0-3|qp24
1.87,50.0,22.0,7.0,11,1.39,0.48,1.1766796385462022,15161,0.1689059714795023,88,88,1.0,0,TAO-taoyuan-idx5160-0-0|qp22
1.87,50.0,22.0,7.0,27,1.39,0.48,1.1989251183570362,14997,0.1670788770053483,88,90,1.0227272727272727,0,TAO-taoyuan-idx5160-0-0|qp22
1.87,50.0,9.0,9.0,13,1.39,0.48,1.2233014112903664,5952,0.0663101604278077,36,36,1.0,0,TAO-taoyuan-idx5160-0-0|qp9
1.87,50.0,9.0,9.0,29,1.39,0.48,1.3019325153374637,5542,0.0617424242424235,36,36,1.0,0,TAO-taoyuan-idx5160-0-0|qp9
6.92,50.0,35.0,13.0,15,1.39,0.48,1.2151057889457253,22923,0.0690119219653171,140,138,0.9857142857142858,0,TAO-taoyuan-idx531-0-1|qp35
6.92,50.0,35.0,14.0,1,1.39,0.48,1.1682076954902496,24170,0.0727661368015401,140,142,1.0142857142857142,0,TAO-taoyuan-idx531-0-1|qp35
6.92,50.0,35.0,14.0,17,1.39,0.48,1.229597796624954,22874,0.0688644026974947,140,137,0.9785714285714284,0,TAO-taoyuan-idx531-0-1|qp35
6.92,50.0,83.0,11.0,3,1.39,0.48,0.9857971548067528,67904,0.2044315992292891,332,325,0.9789156626506024,0,TAO-taoyuan-idx531-0-1|qp83
6.92,50.0,83.0,11.0,19,1.39,0.48,0.9814418723968182,66268,0.1995062620423919,332,329,0.9909638554216867,0,TAO-taoyuan-idx531-0-1|qp83
2.6,50.0,31.0,13.0,5,1.39,0.48,1.218582034875248,20473,0.1640464743589701,124,121,0.9758064516129032,0,TAO-taoyuan-idx5379-0-4|qp31
2.6,50.0,31.0,13.0,21,1.39,0.48,1.1902051111217706,21013,0.1683733974358913,124,126,1.0161290322580645,0,TAO-taoyuan-idx5379-0-4|qp31
2.6,50.0,31.0,14.0,7,1.39,0.48,1.1212063190294983,22092,0.1770192307692245,124,123,0.9919354838709676,0,TAO-taoyuan-idx5379-0-4|qp31
2.6,50.0,31.0,14.0,23,1.39,0.48,1.1062837203060067,22353,0.1791105769230687,124,122,0.9838709677419356,0,TAO-taoyuan-idx5379-0-4|qp31
2.28,50.0,34.0,9.0,9,1.39,0.48,1.1315281203748806,24324,0.2222587719298272,136,133,0.9779411764705882,0,TAO-taoyuan-idx578-0-8|qp34
2.28,50.0,34.0,9.0,25,1.39,0.48,1.1232864674867629,24467,0.2235654239766097,136,132,0.9705882352941176,0,TAO-taoyuan-idx578-0-8|qp34
2.3,50.0,12.0,16.0,11,1.39,0.48,1.251028505392971,7788,0.0705434782608674,48,48,1.0,0,TAO-taoyuan-idx6720-0-3|qp12
2.3,50.0,12.0,16.0,27,1.39,0.48,1.219001771255038,7904,0.0715942028985485,48,46,0.9583333333333334,0,TAO-taoyuan-idx6720-0-3|qp12
2.3,50.0,12.0,17.0,13,1.39,0.48,1.1762843981088635,8249,0.0747192028985482,48,48,1.0,0,TAO-taoyuan-idx6720-0-3|qp12
2.3,50.0,12.0,17.0,29,1.39,0.48,1.204335079840328,8016,0.0726086956521716,48,47,0.9791666666666666,0,TAO-taoyuan-idx6720-0-3|qp12
2.3,50.0,28.0,11.0,15,1.39,0.48,1.190712178676728,18984,0.1719565217391295,112,108,0.9642857142857144,0,TAO-taoyuan-idx6720-0-3|qp28
2.23,50.0,11.0,11.0,1,1.39,0.48,1.2646023856858744,7042,0.0657884902840039,44,45,1.0227272727272727,0,TAO-taoyuan-idx7044-0-7|qp11
2.23,50.0,11.0,11.0,17,1.39,0.48,1.2818345689780593,6879,0.0642656950672624,44,44,1.0,0,TAO-taoyuan-idx7044-0-7|qp11
2.23,50.0,27.0,11.0,3,1.39,0.48,1.1687782973748555,18818,0.1758034379671148,108,109,1.0092592592592593,0,TAO-taoyuan-idx7044-0-7|qp27
2.23,50.0,27.0,11.0,19,1.39,0.48,1.1652625949298865,18698,0.1746823617339296,108,108,1.0,0,TAO-taoyuan-idx7044-0-7|qp27
1.97,50.0,10.0,9.0,5,1.39,0.48,1.2637906249999709,6400,0.0676818950930631,40,40,1.0,0,TAO-taoyuan-idx718-0-1|qp10
1.97,50.0,10.0,9.0,21,1.39,0.48,1.2560538186343482,6429,0.0679885786802039,40,42,1.05,0,TAO-taoyuan-idx718-0-1|qp10
1.97,50.0,24.0,7.0,7,1.39,0.48,1.1478440585226626,16814,0.1778130287648069,96,96,1.0,0,TAO-taoyuan-idx718-0-1|qp24
1.97,50.0,24.0,7.0,23,1.39,0.48,1.1402381092362368,17009,0.1798752115059237,96,94,0.9791666666666666,0,TAO-taoyuan-idx718-0-1|qp24
3.07,50.0,37.0,13.0,9,1.39,0.48,1.2148728399086524,24536,0.1665038002171539,148,153,1.0337837837837838,0,TAO-taoyuan-idx9038-0-2|qp37
3.07,50.0,37.0,13.0,25,1.39,0.48,1.106841592323192,26678,0.1810396308360447,148,147,0.9932432432432432,0,TAO-taoyuan-idx9038-0-2|qp37
3.07,50.0,37.0,14.0,11,1.39,0.48,1.167150003970604,25186,0.1709147665580884,148,145,0.9797297297297296,0,TAO-taoyuan-idx9038-0-2|qp37
3.07,50.0,37.0,14.0,27,1.39,0.48,1.1966981701187491,24865,0.1687364277958723,148,146,0.9864864864864864,0,TAO-taoyuan-idx9038-0-2|qp37
2.69,50.0,40.0,11.0,13,1.39,0.48,1.1430045610033783,28064,0.217348203221805,160,163,1.01875,0,TPE-taipei-idx11047-0-0|qp40
2.69,50.0,40.0,11.0,29,1.39,0.48,1.1670375780594442,27383,0.2120740396530321,160,165,1.03125,0,TPE-taipei-idx11047-0-0|qp40
1.99,50.0,10.0,11.0,15,1.39,0.48,1.238530812970662,6507,0.0681218592964822,40,42,1.05,0,TPE-taipei-idx14193-0-0|qp10
1.99,50.0,24.0,7.0,1,1.39,0.48,1.1698918363647188,16549,0.1732516750418745,96,96,1.0,0,TPE-taipei-idx14193-0-0|qp24
1.99,50.0,24.0,7.0,17,1.39,0.48,1.166463923673213,16770,0.1755653266331631,96,96,1.0,0,TPE-taipei-idx14193-0-0|qp24
2.36,50.0,12.0,16.0,3,1.39,0.48,1.2184058338618151,7885,0.0696062853107342,48,48,1.0,0,TPE-taipei-idx15074-0-0|qp12
2.36,50.0,12.0,16.0,19,1.39,0.48,1.237788250484203,7745,0.0683704096045192,48,48,1.0,0,TPE-taipei-idx15074-0-0|qp12
2.36,50.0,12.0,17.0,5,1.39,0.48,1.2331266811835109,7807,0.0689177259887003,48,49,1.0208333333333333,0,TPE-taipei-idx15074-0-0|qp12
2.36,50.0,12.0,17.0,21,1.39,0.48,1.2334079348932143,7864,0.0694209039548025,48,50,1.0416666666666667,0,TPE-taipei-idx15074-0-0|qp12
2.36,50.0,28.0,11.0,7,1.39,0.48,1.1263194936708554,19750,0.1743467514124294,112,109,0.9732142857142856,0,TPE-taipei-idx15074-0-0|qp28
2.36,50.0,28.0,11.0,23,1.39,0.48,1.1143626677190053,20272,0.178954802259886,112,113,1.0089285714285714,0,TPE-taipei-idx15074-0-0|qp28
2.48,50.0,37.0,11.0,9,1.39,0.48,1.1615081133919154,25575,0.2148437500000022,148,151,1.0202702702702702,0,TPE-taipei-idx15608-0-1|qp37
2.48,50.0,37.0,11.0,25,1.39,0.48,1.1048994843434383,26762,0.2248151881720448,148,149,1.0067567567567568,0,TPE-taipei-idx15608-0-1|qp37
1.96,50.0,10.0,11.0,11,1.39,0.48,1.273729430379797,6320,0.0671768707482988,40,38,0.95,0,TPE-taipei-idx1592-0-2|qp10
1.96,50.0,10.0,11.0,27,1.39,0.48,1.2517177158688342,6497,0.0690582482993196,40,41,1.025,0,TPE-taipei-idx1592-0-2|qp10
1.96,50.0,24.0,7.0,13,1.39,0.48,1.1282368986129452,17231,0.1831526360544275,96,96,1.0,0,TPE-taipei-idx1592-0-2|qp24
1.96,50.0,24.0,7.0,29,1.39,0.48,1.143336495138753,16868,0.1792942176870796,96,96,1.0,0,TPE-taipei-idx1592-0-2|qp24
2.05,50.0,10.0,9.0,15,1.39,0.48,1.2834748973792205,6334,0.0643699186991868,40,41,1.025,0,TPE-taipei-idx326-0-1|qp10
2.05,50.0,25.0,7.0,1,1.39,0.48,1.1564182720036922,17338,0.1761991869918702,100,97,0.97,0,TPE-taipei-idx326-0-1|qp25
2.05,50.0,25.0,7.0,17,1.39,0.48,1.180841707812943,17215,0.1749491869918693,100,99,0.99,0,TPE-taipei-idx326-0-1|qp25
3.54,50.0,18.0,19.0,3,1.39,0.48,1.2407131210846942,11653,0.0685793314500959,72,71,0.9861111111111112,0,TPE-taipei-idx4344-0-0|qp18
3.54,50.0,18.0,19.0,19,1.39,0.48,1.2119829693954554,11861,0.0698034369114875,72,71,0.9861111111111112,0,TPE-taipei-idx4344-0-0|qp18
3.54,50.0,42.0,11.0,5,1.39,0.48,1.1707448933112632,28541,0.1679672787193959,168,162,0.9642857142857144,0,TPE-taipei-idx4344-0-0|qp42
3.54,50.0,42.0,11.0,21,1.39,0.48,1.1694648806217756,28816,0.1695856873822957,168,166,0.988095238095238,0,TPE-taipei-idx4344-0-0|qp42
2.06,50.0,10.0,11.0,7,1.39,0.48,1.2110377073906164,6630,0.0670509708737859,40,43,1.075,0,TPE-taipei-idx674-0-1|qp10
2.06,50.0,10.0,11.0,23,1.39,0.48,1.164177594070703,7016,0.070954692556634,40,40,1.0,0,TPE-taipei-idx674-0-1|qp10
2.06,50.0,25.0,7.0,9,1.39,0.48,1.1579592531638172,17621,0.178205906148866,100,100,1.0,0,TPE-taipei-idx674-0-1|qp25
2.06,50.0,25.0,7.0,25,1.39,0.48,1.185835550038422,16917,0.1710861650485438,100,105,1.05,0,TPE-taipei-idx674-0-1|qp25
2.99,50.0,45.0,11.0,11,1.39,0.48,1.138322091062398,32022,0.2231187290969915,180,182,1.011111111111111,0,TPE-taipei-idx813-0-1|qp45
2.99,50.0,45.0,11.0,27,1.39,0.48,1.158330600403789,31712,0.2209587513935378,180,185,1.0277777777777777,0,TPE-taipei-idx813-0-1|qp45
3.55,50.0,18.0,19.0,13,1.39,0.48,1.1978644040006996,12198,0.0715845070422534,72,71,0.9861111111111112,0,TPE-taipei-idx9453-0-1|qp18
3.55,50.0,18.0,19.0,29,1.39,0.48,1.268331599028783,11532,0.0676760563380277,72,74,1.0277777777777777,0,TPE-taipei-idx9453-0-1|qp18
3.55,50.0,43.0,11.0,15,1.39,0.48,1.2100574753173927,28360,0.1664319248826294,172,172,1.0,0,TPE-taipei-idx9453-0-1|qp43
2.098,50.0,10.0,11.0,6,1.39,0.48,1.2764769303948107,6307,0.0626290911979671,40,39,0.975,0,AMS-amsterdam-chain-141619-0|qp10
2.098,50.0,10.0,11.0,22,1.39,0.48,1.2466646134893644,6494,0.0644860184302524,40,39,0.975,0,AMS-amsterdam-chain-141619-0|qp10
2.098,50.0,25.0,9.0,8,1.39,0.48,1.081789411890233,18738,0.1860700667302174,100,99,0.99,0,AMS-amsterdam-chain-141619-0|qp25
2.098,50.0,25.0,9.0,24,1.39,0.48,1.2743749423378057,10839,0.1076322688274535,13,28,2.1538461538461537,0,AMS-amsterdam-chain-141619-0|qp25
3.89,50.0,19.0,19.0,10,1.39,0.48,1.2231943887776295,12475,0.0668112682090814,76,74,0.9736842105263158,0,AMS-amsterdam-chain-158080-0|qp19
3.89,50.0,19.0,19.0,26,1.39,0.48,1.2763057748234456,12035,0.0644547986289608,76,76,1.0,0,AMS-amsterdam-chain-158080-0|qp19
3.89,50.0,47.0,13.0,12,1.39,0.48,1.1430855671664248,33015,0.1768155526992266,188,182,0.9680851063829788,0,AMS-amsterdam-chain-158080-0|qp47
3.89,50.0,47.0,13.0,28,1.39,0.48,1.0851363886715095,34497,0.1847525706940843,188,185,0.9840425531914894,0,AMS-amsterdam-chain-158080-0|qp47
3.89,50.0,47.0,14.0,14,1.39,0.48,1.1393344642694434,33011,0.1767941302484991,188,187,0.9946808510638298,0,AMS-amsterdam-chain-158080-0|qp47
2.267,50.0,11.0,9.0,0,1.39,0.48,1.1303906544403948,7961,0.0731601970298508,44,44,1.0,0,AMS-amsterdam-chain-166482-0|qp11
2.267,50.0,11.0,9.0,16,1.39,0.48,1.2356043648572912,7148,0.0656888692839304,44,45,1.0227272727272727,0,AMS-amsterdam-chain-166482-0|qp11
2.267,50.0,27.0,9.0,2,1.39,0.48,1.0485886668597737,20718,0.190394794883101,108,108,1.0,0,AMS-amsterdam-chain-166482-0|qp27
2.267,50.0,27.0,9.0,18,1.39,0.48,1.1454303591145647,19019,0.1747812821643832,108,109,1.0092592592592593,0,AMS-amsterdam-chain-166482-0|qp27
2.796,50.0,14.0,19.0,4,1.39,0.48,1.2611358024690968,8910,0.0663894849785396,56,58,1.0357142857142858,0,AMS-amsterdam-chain-22812-0|qp14
2.796,50.0,14.0,19.0,20,1.39,0.48,1.2425587693640916,9231,0.068781294706723,56,56,1.0,0,AMS-amsterdam-chain-22812-0|qp14
2.796,50.0,34.0,11.0,6,1.39,0.48,1.2276041619748208,22201,0.1654223295183575,136,133,0.9779411764705882,0,AMS-amsterdam-chain-22812-0|qp34
2.796,50.0,34.0,11.0,22,1.39,0.48,1.1909964489866582,23092,0.1720612780162108,134,131,0.9776119402985076,0,AMS-amsterdam-chain-22812-0|qp34
2.575,50.0,13.0,19.0,8,1.39,0.48,1.199958819492123,8742,0.0707281553398059,52,54,1.0384615384615383,0,AMS-amsterdam-chain-32802-0|qp13
2.575,50.0,13.0,19.0,24,1.39,0.48,1.2420114873758834,8357,0.0676132686084143,52,52,1.0,0,AMS-amsterdam-chain-32802-0|qp13
2.575,50.0,31.0,13.0,10,1.39,0.48,1.144260818128091,21977,0.1778074433656935,124,127,1.0241935483870968,0,AMS-amsterdam-chain-32802-0|qp31
2.575,50.0,31.0,13.0,26,1.39,0.48,1.1111243891603773,22510,0.1821197411003215,124,125,1.0080645161290325,0,AMS-amsterdam-chain-32802-0|qp31
2.575,50.0,31.0,14.0,12,1.39,0.48,1.1511036913374366,21564,0.1744660194174737,124,127,1.0241935483870968,0,AMS-amsterdam-chain-32802-0|qp31
2.575,50.0,31.0,14.0,28,1.39,0.48,1.1705955646474164,21509,0.1740210355987055,124,125,1.0080645161290325,0,AMS-amsterdam-chain-32802-0|qp31
2.482,50.0,12.0,19.0,14,1.39,0.48,1.2548384987576298,7647,0.0641871474617255,48,47,0.9791666666666666,0,AMS-amsterdam-chain-44642-0|qp12
2.482,50.0,30.0,13.0,0,1.39,0.48,1.12399261140614,21655,0.1817670561375258,120,118,0.9833333333333332,0,AMS-amsterdam-chain-44642-0|qp30
2.482,50.0,30.0,13.0,16,1.39,0.48,1.217846434359835,19744,0.1657265645984426,120,119,0.9916666666666668,0,AMS-amsterdam-chain-44642-0|qp30
2.482,50.0,30.0,14.0,2,1.39,0.48,1.1634346052315985,20835,0.1748841659951674,120,120,1.0,0,AMS-amsterdam-chain-44642-0|qp30
2.482,50.0,30.0,14.0,18,1.39,0.48,1.1801949874440014,20309,0.1704690437818971,120,118,0.9833333333333332,0,AMS-amsterdam-chain-44642-0|qp30
2.166,50.0,11.0,13.0,4,1.39,0.48,1.2414729008705387,7122,0.0685018467220685,44,45,1.0227272727272727,0,AMS-amsterdam-chain-45268-50|qp11
2.166,50.0,11.0,13.0,20,1.39,0.48,1.2634051970302274,7004,0.0673668821175747,44,45,1.0227272727272727,0,AMS-amsterdam-chain-45268-50|qp11
2.166,50.0,11.0,14.0,6,1.39,0.48,1.269456630824407,6975,0.067087950138504,44,43,0.9772727272727272,0,AMS-amsterdam-chain-45268-50|qp11
2.166,50.0,11.0,14.0,22,1.39,0.48,1.2376583251782327,7153,0.0688000153893508,44,44,1.0,0,AMS-amsterdam-chain-45268-50|qp11
2.166,50.0,26.0,9.0,8,1.39,0.48,1.127755856966662,18653,0.1794109726069561,104,102,0.9807692307692308,0,AMS-amsterdam-chain-45268-50|qp26
2.166,50.0,26.0,9.0,24,1.39,0.48,1.1559915725784946,18511,0.1780451677439196,104,102,0.9807692307692308,0,AMS-amsterdam-chain-45268-50|qp26
1.662,50.0,20.0,11.0,10,1.39,0.48,1.2073697975043232,13383,0.1677572202166023,80,80,1.0,0,AMS-amsterdam-chain-79104-0|qp20
1.662,50.0,20.0,11.0,26,1.39,0.48,1.2317553479033292,12949,0.1623169875651803,80,80,1.0,0,AMS-amsterdam-chain-79104-0|qp20
1.662,50.0,8.0,11.0,12,1.39,0.48,1.237531500572781,5238,0.0656588447653437,32,32,1.0,0,AMS-amsterdam-chain-79104-0|qp8
1.662,50.0,8.0,11.0,28,1.39,0.48,1.2897393879565613,5065,0.0634902727637392,32,32,1.0,0,AMS-amsterdam-chain-79104-0|qp8
2.408,50.0,43.3,7.0,14,1.39,0.48,1.1474474159146826,30475,0.2636610603543702,172,173,1.005813953488372,0,DC-012|qp43.3
3.719,50.0,66.9,7.0,0,1.39,0.48,0.973652751423165,54808,0.307026978578473,268,256,0.9552238805970148,0,DC-015|qp66.9
3.719,50.0,66.9,7.0,16,1.39,0.48,1.1013158865481238,48796,0.2733485704042322,268,263,0.9813432835820896,0,DC-015|qp66.9
2.722,50.0,49.0,9.0,2,1.39,0.48,1.1079012241452657,35535,0.2719737325495975,196,198,1.010204081632653,0,DC-048|qp49.0
2.722,50.0,49.0,9.0,18,1.39,0.48,1.0784318008081952,36628,0.280339211364195,196,205,1.0459183673469388,0,DC-048|qp49.0
3.609,50.0,65.0,7.0,4,1.39,0.48,1.145191052101047,45642,0.2634732612912133,260,260,1.0,0,DC-051|qp65.0
3.609,50.0,65.0,7.0,20,1.39,0.48,1.1158424517104797,46335,0.2674736769188117,260,259,0.9961538461538462,0,DC-051|qp65.0
2.48,50.0,44.6,9.0,6,1.39,0.48,1.1699864561310864,30272,0.2543010752688219,178,176,0.9887640449438202,0,DC-066|qp44.6
2.48,50.0,44.6,9.0,22,1.39,0.48,1.1351351179904048,31528,0.2648521505376324,178,181,1.0168539325842696,0,DC-066|qp44.6
3.54,50.0,63.7,7.0,8,1.39,0.48,1.0432441471573397,49036,0.2885828625235442,254,255,1.0039370078740155,0,DC-069|qp63.7
3.54,50.0,63.7,7.0,24,1.39,0.48,1.0705372554812451,47389,0.2788900659133768,254,255,1.0039370078740155,0,DC-069|qp63.7
2.46,50.0,44.3,9.0,10,1.39,0.48,1.1573652597402624,30800,0.2608401084010868,178,180,1.0112359550561798,0,DC-084|qp44.3
2.46,50.0,44.3,9.0,26,1.39,0.48,1.1618832010098872,30103,0.2549373306233061,178,178,1.0,0,DC-084|qp44.3
4.98,50.0,89.6,7.0,12,1.39,0.48,0.9075279376040604,78210,0.3271837349397584,358,360,1.005586592178771,0,DC-087|qp89.6
4.98,50.0,89.6,7.0,28,1.39,0.48,0.9054173389870755,79947,0.3344503012048232,358,358,1.0,0,DC-087|qp89.6
2.438,50.0,43.9,7.0,14,1.39,0.48,1.1595302521561743,30378,0.259587776866294,176,175,0.9943181818181818,0,DC-099|qp43.9
2.4,50.0,43.2,9.0,0,1.39,0.48,1.1014546872563162,32055,0.2782552083333331,174,177,1.0172413793103448,0,DC-114|qp43.2
2.4,50.0,43.2,9.0,16,1.39,0.48,1.146154845587494,30017,0.2605642361111122,174,169,0.971264367816092,0,DC-114|qp43.2
1.697,50.0,8.0,7.0,2,1.39,0.48,1.220626164740928,5366,0.0658760557847164,32,32,1.0,0,MEL-melbourne-1389612-0-2|qp8
1.697,50.0,8.0,7.0,18,1.39,0.48,1.2557452204448185,5126,0.062929679827145,32,33,1.03125,0,MEL-melbourne-1389612-0-2|qp8
2.722,50.0,33.0,13.0,4,1.39,0.48,1.2295470041563747,21413,0.1638883786431543,132,134,1.0151515151515151,0,MEL-melbourne-1389823-0-3|qp33
2.722,50.0,33.0,13.0,20,1.39,0.48,1.2231683913452869,21260,0.1627173646828304,132,135,1.0227272727272727,0,MEL-melbourne-1389823-0-3|qp33
2.722,50.0,33.0,14.0,6,1.39,0.48,1.2165402298851848,21750,0.166467670830274,132,133,1.0075757575757576,0,MEL-melbourne-1389823-0-3|qp33
2.722,50.0,33.0,14.0,22,1.39,0.48,1.1968126142596458,21880,0.1674626500122447,132,128,0.9696969696969696,0,MEL-melbourne-1389823-0-3|qp33
2.156,50.0,11.0,13.0,8,1.39,0.48,1.206503591272531,7379,0.0713029529993832,44,43,0.9772727272727272,0,MEL-melbourne-1434605-0-0|qp11
2.156,50.0,11.0,13.0,24,1.39,0.48,1.2881241858445704,6909,0.0667613636363651,44,43,0.9772727272727272,0,MEL-melbourne-1434605-0-0|qp11
2.156,50.0,11.0,14.0,10,1.39,0.48,1.2187083390955595,7231,0.0698728354978372,44,44,1.0,0,MEL-melbourne-1434605-0-0|qp11
2.156,50.0,11.0,14.0,26,1.39,0.48,1.2205715466189118,7261,0.0701627241805825,44,44,1.0,0,MEL-melbourne-1434605-0-0|qp11
2.156,50.0,26.0,9.0,12,1.39,0.48,1.1793728755949282,17652,0.1705705009276468,104,106,1.0192307692307692,0,MEL-melbourne-1434605-0-0|qp26
2.156,50.0,26.0,9.0,28,1.39,0.48,1.1368819297961572,18489,0.1786583951762545,104,103,0.9903846153846154,0,MEL-melbourne-1434605-0-0|qp26
1.749,50.0,9.0,7.0,14,1.39,0.48,1.2347343405194355,5891,0.0701710501238809,36,37,1.0277777777777777,0,MEL-melbourne-1465622-0-2|qp9
2.348,50.0,12.0,13.0,0,1.39,0.48,1.1928868017795382,8092,0.0717986939239066,48,49,1.0208333333333333,0,MEL-melbourne-1465759-0-1|qp12
2.348,50.0,12.0,13.0,16,1.39,0.48,1.271644970414206,7605,0.0674776405451443,48,49,1.0208333333333333,0,MEL-melbourne-1465759-0-1|qp12
2.348,50.0,12.0,14.0,2,1.39,0.48,1.2200696643444973,7895,0.0700507524134006,48,48,1.0,0,MEL-melbourne-1465759-0-1|qp12
2.348,50.0,12.0,14.0,18,1.39,0.48,1.275607241971728,7567,0.0671404741624074,48,49,1.0208333333333333,0,MEL-melbourne-1465759-0-1|qp12
2.348,50.0,28.0,11.0,4,1.39,0.48,1.194124444919924,18691,0.1658414963089116,112,111,0.9910714285714286,0,MEL-melbourne-1465759-0-1|qp28
2.348,50.0,28.0,11.0,20,1.39,0.48,1.208507510729628,18640,0.1653889835320842,112,111,0.9910714285714286,0,MEL-melbourne-1465759-0-1|qp28
1.83,50.0,9.0,9.0,6,1.39,0.48,1.3184183309558013,5608,0.0638433515482675,36,37,1.0277777777777777,0,MEL-melbourne-1477330-0-0|qp9
1.83,50.0,9.0,9.0,22,1.39,0.48,1.2838576977401115,5664,0.0644808743169386,36,37,1.0277777777777777,0,MEL-melbourne-1477330-0-0|qp9
5.175,50.0,26.0,19.0,8,1.39,0.48,1.181994398079249,17494,0.0704267310789047,104,103,0.9903846153846154,0,MEL-melbourne-1515142-0-0|qp26
5.175,50.0,26.0,19.0,24,1.39,0.48,1.2419286814358443,16882,0.0679629629629629,104,104,1.0,0,MEL-melbourne-1515142-0-0|qp26
5.175,50.0,62.0,7.0,10,1.39,0.48,1.1683959740990149,42624,0.1715942028985498,248,253,1.0201612903225807,0,MEL-melbourne-1515142-0-0|qp62
5.175,50.0,62.0,7.0,26,1.39,0.48,1.1037075161951215,45076,0.1814653784219025,248,237,0.9556451612903226,0,MEL-melbourne-1515142-0-0|qp62
1.844,50.0,22.0,7.0,12,1.39,0.48,1.1947988027934486,15035,0.169863973246565,88,88,1.0,0,MEL-melbourne-RPSP02B11034-0-0|qp22
1.844,50.0,22.0,7.0,28,1.39,0.48,1.0998159546965345,16246,0.1835457339117856,88,90,1.0227272727272727,0,MEL-melbourne-RPSP02B11034-0-0|qp22
1.844,50.0,9.0,11.0,14,1.39,0.48,1.2385059247810364,5823,0.065787689804774,36,35,0.9722222222222222,0,MEL-melbourne-RPSP02B11034-0-0|qp9
3.609,50.0,54.0,11.0,0,1.39,0.48,1.0339175896154356,41985,0.2423628428927675,216,216,1.0,0,MEL-melbourne-RPSP03A10530L1-0-0|qp54
3.609,50.0,54.0,11.0,16,1.39,0.48,1.1264734666108214,38216,0.2206058926757149,216,220,1.0185185185185186,0,MEL-melbourne-RPSP03A10530L1-0-0|qp54
3.194,50.0,38.0,13.0,2,1.39,0.48,1.1549602202028988,26521,0.1729871112502635,152,151,0.993421052631579,0,MEL-melbourne-RPSP03A11034L1-0-0|qp38
3.194,50.0,38.0,13.0,18,1.39,0.48,1.133391067216985,27136,0.176998538927158,152,154,1.013157894736842,0,MEL-melbourne-RPSP03A11034L1-0-0|qp38
3.194,50.0,38.0,14.0,4,1.39,0.48,1.2105061777598725,25090,0.1636532039240273,152,153,1.006578947368421,0,MEL-melbourne-RPSP03A11034L1-0-0|qp38
3.194,50.0,38.0,14.0,20,1.39,0.48,1.216306281156476,25075,0.1635553642245902,152,153,1.006578947368421,0,MEL-melbourne-RPSP03A11034L1-0-0|qp38
3.121,50.0,16.0,19.0,6,1.39,0.48,1.3285277286442974,9611,0.0641554523122931,64,65,1.015625,0,MEL-melbourne-RPSP07A11127-0-0|qp16
3.121,50.0,16.0,19.0,22,1.39,0.48,1.3222941055658306,9738,0.0650032041012496,64,65,1.015625,0,MEL-melbourne-RPSP07A11127-0-0|qp16
3.121,50.0,38.0,11.0,8,1.39,0.48,1.176936916245669,26124,0.1743832105094457,152,152,1.0,0,MEL-melbourne-RPSP07A11127-0-0|qp38
3.121,50.0,38.0,11.0,24,1.39,0.48,1.226732557199377,24738,0.1651313681512285,152,151,0.993421052631579,0,MEL-melbourne-RPSP07A11127-0-0|qp38
3.499,50.0,52.0,9.0,10,1.39,0.48,1.1643835918953764,36226,0.2156925788320471,208,209,1.0048076923076923,0,MEL-melbourne-RPSP0814955L1-0-0|qp52
3.499,50.0,52.0,9.0,26,1.39,0.48,1.147391543561451,36351,0.2164368390968837,208,205,0.9855769230769232,0,MEL-melbourne-RPSP0814955L1-0-0|qp52
6.11,50.0,31.0,16.0,12,1.39,0.48,1.228117507183251,20186,0.0688284233497008,124,124,1.0,0,NTP-newtaipei-idx11355-0-2|qp31
6.11,50.0,31.0,16.0,28,1.39,0.48,1.2409778524818085,20228,0.0689716312056747,124,124,1.0,0,NTP-newtaipei-idx11355-0-2|qp31
6.11,50.0,31.0,17.0,14,1.39,0.48,1.190902730541272,20582,0.0701786688488823,124,124,1.0,0,NTP-newtaipei-idx11355-0-2|qp31
4.98,50.0,25.0,19.0,0,1.39,0.48,1.170717764378543,17248,0.0721552878179393,100,102,1.02,0,NTP-newtaipei-idx11808-0-1|qp25
4.98,50.0,25.0,19.0,16,1.39,0.48,1.2747172343281388,15649,0.0654660307898267,100,101,1.01,0,NTP-newtaipei-idx11808-0-1|qp25
4.98,50.0,60.0,11.0,2,1.39,0.48,1.0565319532347583,45504,0.1903614457831284,240,240,1.0,0,NTP-newtaipei-idx11808-0-1|qp60
4.98,50.0,60.0,11.0,18,1.39,0.48,1.0709955692194832,44236,0.1850568942436369,240,239,0.9958333333333332,0,NTP-newtaipei-idx11808-0-1|qp60
1.78,50.0,9.0,9.0,4,1.39,0.48,1.2225514266755315,6028,0.0705524344569261,36,36,1.0,0,NTP-newtaipei-idx11901-0-0|qp9
1.78,50.0,9.0,9.0,20,1.39,0.48,1.2986031803396914,5534,0.0647705992509339,36,38,1.0555555555555556,0,NTP-newtaipei-idx11901-0-0|qp9
1.8,50.0,9.0,7.0,6,1.39,0.48,1.256310511756595,5784,0.0669444444444445,36,36,1.0,0,NTP-newtaipei-idx13763-0-2|qp9
1.8,50.0,9.0,7.0,22,1.39,0.48,1.292736371760495,5595,0.0647569444444436,36,37,1.0277777777777777,0,NTP-newtaipei-idx13763-0-2|qp9
1.71,50.0,9.0,7.0,8,1.39,0.48,1.2517505133470055,5844,0.0711988304093584,36,37,1.0277777777777777,0,NTP-newtaipei-idx13776-0-2|qp9
1.71,50.0,9.0,7.0,24,1.39,0.48,1.221729978621946,6081,0.0740862573099433,36,36,1.0,0,NTP-newtaipei-idx13776-0-2|qp9
2.46,50.0,12.0,19.0,10,1.39,0.48,1.2291483375958905,7820,0.0662262872628736,48,46,0.9583333333333334,0,NTP-newtaipei-idx251-0-0|qp12
2.46,50.0,12.0,19.0,26,1.39,0.48,1.224522414671405,7852,0.0664972899729006,48,47,0.9791666666666666,0,NTP-newtaipei-idx251-0-0|qp12
2.46,50.0,30.0,11.0,12,1.39,0.48,1.2127518563114577,19932,0.1688008130081319,120,120,1.0,0,NTP-newtaipei-idx251-0-0|qp30
2.46,50.0,30.0,11.0,28,1.39,0.48,1.1995269537795117,20294,0.1718665311653145,120,119,0.9916666666666668,0,NTP-newtaipei-idx251-0-0|qp30
2.99,50.0,36.0,13.0,14,1.39,0.48,1.1675009044498696,24877,0.1733347268673347,144,148,1.0277777777777777,0,NTP-newtaipei-idx4423-0-0|qp36
2.99,50.0,36.0,14.0,0,1.39,0.48,1.1261148321654335,25829,0.1799679487179494,144,144,1.0,0,NTP-newtaipei-idx4423-0-0|qp36
2.99,50.0,36.0,14.0,16,1.39,0.48,1.233013874614571,23352,0.1627090301003352,144,145,1.0069444444444444,0,NTP-newtaipei-idx4423-0-0|qp36
2.33,50.0,12.0,16.0,2,1.39,0.48,1.221920404295605,7915,0.0707707439198853,48,48,1.0,0,NTP-newtaipei-idx5617-0-0|qp12
2.33,50.0,12.0,16.0,18,1.39,0.48,1.255441425042231,7691,0.0687678826895556,48,49,1.0208333333333333,0,NTP-newtaipei-idx5617-0-0|qp12
2.33,50.0,12.0,17.0,4,1.39,0.48,1.2613645300826026,7629,0.0682135193133032,48,48,1.0,0,NTP-newtaipei-idx5617-0-0|qp12
2.33,50.0,12.0,17.0,20,1.39,0.48,1.2902719637381643,7501,0.0670690271816869,48,46,0.9583333333333334,0,NTP-newtaipei-idx5617-0-0|qp12
2.33,50.0,28.0,11.0,6,1.39,0.48,1.197912683237824,18828,0.1683476394849764,112,111,0.9910714285714286,0,NTP-newtaipei-idx5617-0-0|qp28
2.33,50.0,28.0,11.0,22,1.39,0.48,1.2379347164591867,18075,0.1616148068669507,112,114,1.0178571428571428,0,NTP-newtaipei-idx5617-0-0|qp28
2.62,50.0,31.0,13.0,8,1.39,0.48,1.1554691128657686,21530,0.1711991094147553,124,125,1.0080645161290325,0,NTP-newtaipei-idx6820-0-0|qp31
2.62,50.0,31.0,13.0,24,1.39,0.48,1.2197017979827125,20523,0.1631917938931286,124,124,1.0,0,NTP-newtaipei-idx6820-0-0|qp31
2.62,50.0,31.0,14.0,10,1.39,0.48,1.1971338011130228,20665,0.1643209287531783,124,123,0.9919354838709676,0,NTP-newtaipei-idx6820-0-0|qp31
2.62,50.0,31.0,14.0,26,1.39,0.48,1.1959852679216134,20771,0.1651638040712452,124,124,1.0,0,NTP-newtaipei-idx6820-0-0|qp31
2.9,50.0,35.0,11.0,12,1.39,0.48,1.1883064789688254,23584,0.1694252873563187,140,138,0.9857142857142858,0,NTP-newtaipei-idx7804-0-0|qp35
2.9,50.0,35.0,11.0,28,1.39,0.48,1.2135602726723536,23178,0.1665086206896509,140,139,0.9928571428571428,0,NTP-newtaipei-idx7804-0-0|qp35
1.91,50.0,10.0,9.0,14,1.39,0.48,1.2425374045801372,6550,0.0714441535776626,40,41,1.025,0,NTP-newtaipei-idx9858-0-0|qp10
1.707,50.0,8.0,7.0,0,1.39,0.48,1.2019462833365016,5287,0.0645259714899455,32,33,1.03125,0,NYC-nyc-110605-0-2|qp8
1.707,50.0,8.0,7.0,16,1.39,0.48,1.2259744713278722,5249,0.0640621948838137,32,31,0.96875,0,NYC-nyc-110605-0-2|qp8
2.408,50.0,12.0,19.0,2,1.39,0.48,1.1887027954879594,8156,0.0705633997785152,48,47,0.9791666666666666,0,NYC-nyc-17655-0-0|qp12
2.408,50.0,12.0,19.0,18,1.39,0.48,1.195317145688799,8072,0.0698366555924691,48,47,0.9791666666666666,0,NYC-nyc-17655-0-0|qp12
2.408,50.0,29.0,11.0,4,1.39,0.48,1.1946697073745,19513,0.1688209440753069,116,113,0.9741379310344828,0,NYC-nyc-17655-0-0|qp29
2.408,50.0,29.0,11.0,20,1.39,0.48,1.218869738847166,19031,0.1646508167220416,116,116,1.0,0,NYC-nyc-17655-0-0|qp29
2.073,50.0,10.0,11.0,6,1.39,0.48,1.285565312843045,6377,0.0640878758642878,40,40,1.0,0,NYC-nyc-199805-0-0|qp10
2.073,50.0,10.0,11.0,22,1.39,0.48,1.265925054876124,6378,0.0640979257115296,40,39,0.975,0,NYC-nyc-199805-0-0|qp10
2.073,50.0,25.0,7.0,8,1.39,0.48,1.146944948921596,17620,0.1770783084097131,100,100,1.0,0,NYC-nyc-199805-0-0|qp25
2.073,50.0,25.0,7.0,24,1.39,0.48,1.193343832021054,17145,0.1723046309696085,100,100,1.0,0,NYC-nyc-199805-0-0|qp25
3.17,50.0,38.0,11.0,10,1.39,0.48,1.180101534645829,25804,0.1695846477392206,152,152,1.0,0,NYC-nyc-20131-0-2|qp38
3.17,50.0,38.0,11.0,26,1.39,0.48,1.1994875039544275,25288,0.1661934805467917,152,154,1.013157894736842,0,NYC-nyc-20131-0-2|qp38
2.56,50.0,31.0,13.0,12,1.39,0.48,1.2070321765335028,20574,0.167431640625,124,124,1.0,0,NYC-nyc-214464-0-0|qp31
2.56,50.0,31.0,13.0,28,1.39,0.48,1.199198068094958,20912,0.1701822916666666,124,124,1.0,0,NYC-nyc-214464-0-0|qp31
2.56,50.0,31.0,14.0,14,1.39,0.48,1.1440325666028932,21433,0.1744222005208333,124,122,0.9838709677419356,0,NYC-nyc-214464-0-0|qp31
2.347,50.0,35.0,9.0,0,1.39,0.48,1.1300765903408934,25199,0.223680940207355,140,137,0.9785714285714284,0,NYC-nyc-267383-0-0|qp35
2.347,50.0,35.0,9.0,16,1.39,0.48,1.1778844459363311,23833,0.2115555318846756,140,141,1.0071428571428571,0,NYC-nyc-267383-0-0|qp35
2.377,50.0,12.0,16.0,2,1.39,0.48,1.2073648732991813,8011,0.0702128032533997,48,47,0.9791666666666666,0,NYC-nyc-27695-0-3|qp12
2.377,50.0,12.0,16.0,18,1.39,0.48,1.2562111398963562,7720,0.0676623194502865,48,49,1.0208333333333333,0,NYC-nyc-27695-0-3|qp12
2.377,50.0,12.0,17.0,4,1.39,0.48,1.241863329875539,7712,0.0675922030570737,48,50,1.0416666666666667,0,NYC-nyc-27695-0-3|qp12
2.377,50.0,12.0,17.0,20,1.39,0.48,1.2636391912908276,7716,0.0676272612536807,48,46,0.9583333333333334,0,NYC-nyc-27695-0-3|qp12
2.377,50.0,28.0,11.0,6,1.39,0.48,1.1790349857309677,18922,0.1658427990464164,112,111,0.9910714285714286,0,NYC-nyc-27695-0-3|qp28
2.377,50.0,28.0,11.0,22,1.39,0.48,1.2270338890107142,18236,0.1598303183284252,112,110,0.9821428571428572,0,NYC-nyc-27695-0-3|qp28
1.676,50.0,8.0,7.0,8,1.39,0.48,1.218930110549017,5337,0.0663409904534626,32,31,0.96875,0,NYC-nyc-46079-0-1|qp8
1.676,50.0,8.0,7.0,24,1.39,0.48,1.2810302197802357,5096,0.0633452665075596,32,33,1.03125,0,NYC-nyc-46079-0-1|qp8
3.048,50.0,37.0,13.0,10,1.39,0.48,1.1809180275883782,25228,0.1724354768154042,148,147,0.9932432432432432,0,NYC-nyc-59808-0-1|qp37
3.048,50.0,37.0,13.0,26,1.39,0.48,1.1913625156622742,24741,0.1691067913385881,148,146,0.9864864864864864,0,NYC-nyc-59808-0-1|qp37
3.048,50.0,37.0,14.0,12,1.39,0.48,1.1934879145587958,24906,0.1702345800524976,148,149,1.0067567567567568,0,NYC-nyc-59808-0-1|qp37
3.048,50.0,37.0,14.0,28,1.39,0.48,1.1802131283920474,25243,0.1725380030621226,148,146,0.9864864864864864,0,NYC-nyc-59808-0-1|qp37
5.06,50.0,25.0,19.0,14,1.39,0.48,1.198868797308535,16646,0.0685359025032944,100,102,1.02,0,NYC-nyc-62758-0-0|qp25
5.06,50.0,61.0,9.0,0,1.39,0.48,1.0384025954621512,46851,0.1928977272727273,244,241,0.9877049180327868,0,NYC-nyc-62758-0-0|qp61
5.06,50.0,61.0,9.0,16,1.39,0.48,1.1099069375868704,43949,0.1809494400527026,244,237,0.971311475409836,0,NYC-nyc-62758-0-0|qp61
3.719,50.0,19.0,19.0,2,1.39,0.48,1.270060601029444,12046,0.0674800573630912,76,77,1.013157894736842,0,NYC-nyc-9648-0-0|qp19
3.719,50.0,19.0,19.0,18,1.39,0.48,1.2237965993454067,12527,0.0701745540916025,76,75,0.986842105263158,0,NYC-nyc-9648-0-0|qp19
3.719,50.0,45.0,11.0,4,1.39,0.48,1.1694245209735783,30896,0.1730751994263702,180,174,0.9666666666666668,0,NYC-nyc-9648-0-0|qp45
3.719,50.0,45.0,11.0,20,1.39,0.48,1.1782913998170057,30604,0.1714394550506423,180,175,0.9722222222222222,0,NYC-nyc-9648-0-0|qp45
2.103,50.0,32.0,7.0,6,1.39,0.48,1.1125267960915124,23231,0.2301375019812932,128,125,0.9765625,0,NYC-nyc-98749-0-2|qp32
2.103,50.0,32.0,7.0,22,1.39,0.48,1.1409218063140816,22521,0.2231038991916281,128,124,0.96875,0,NYC-nyc-98749-0-2|qp32
4.115,50.0,62.0,7.0,8,1.39,0.48,1.075533607202516,45764,0.2316929931146201,248,245,0.9879032258064516,0,SEA-seattle-5423808-0-1|qp62
4.115,50.0,62.0,7.0,24,1.39,0.48,1.090331273338833,45793,0.2318398136897525,248,250,1.0080645161290325,0,SEA-seattle-5423808-0-1|qp62
1.829,50.0,9.0,7.0,10,1.39,0.48,1.2470853844848024,5891,0.06710178603973,36,37,1.0277777777777777,0,SEA-seattle-5426480-0-0|qp9
1.829,50.0,9.0,7.0,26,1.39,0.48,1.254815644383146,5804,0.0661108073628579,36,37,1.0277777777777777,0,SEA-seattle-5426480-0-0|qp9
2.54,50.0,38.0,11.0,12,1.39,0.48,1.1918505630278775,25576,0.2097769028871439,152,151,0.993421052631579,0,SEA-seattle-5426595-0-0|qp38
2.54,50.0,38.0,11.0,28,1.39,0.48,1.1879527192267685,25761,0.2112942913385885,152,151,0.993421052631579,0,SEA-seattle-5426595-0-0|qp38
1.651,50.0,8.0,7.0,14,1.39,0.48,1.2313172400684236,5261,0.066386533414091,32,33,1.03125,0,SEA-seattle-5432169-0-1|qp8
1.829,50.0,9.0,7.0,0,1.39,0.48,1.1927539799770617,6093,0.0694026790595948,36,35,0.9722222222222222,0,SEA-seattle-5433778-0-0|qp9
1.829,50.0,9.0,7.0,16,1.39,0.48,1.2275538358008,5944,0.0677054856934569,36,35,0.9722222222222222,0,SEA-seattle-5433778-0-0|qp9
2.438,50.0,37.0,11.0,2,1.39,0.48,1.140145419847394,26200,0.2238856986601123,148,149,1.0067567567567568,0,SEA-seattle-5434873-0-0|qp37
2.438,50.0,37.0,11.0,18,1.39,0.48,1.1508945799670238,25498,0.2178869291769277,148,153,1.0337837837837838,0,SEA-seattle-5434873-0-0|qp37
1.829,50.0,9.0,11.0,4,1.39,0.48,1.2450523118461203,5926,0.0675004556223791,36,36,1.0,0,SEA-seattle-5438086-0-1|qp9
1.829,50.0,9.0,11.0,20,1.39,0.48,1.26765107724643,5709,0.06502870420995,36,37,1.0277777777777777,0,SEA-seattle-5438086-0-1|qp9
4.064,50.0,61.0,7.0,6,1.39,0.48,1.1377251162791693,43000,0.2204314304461943,244,244,1.0,0,SEA-seattle-5445989-0-0|qp61
4.064,50.0,61.0,7.0,22,1.39,0.48,1.075186907648248,45370,0.2325807906824148,244,238,0.9754098360655736,0,SEA-seattle-5445989-0-0|qp61
1.829,50.0,9.0,7.0,8,1.39,0.48,1.2366374957926485,5942,0.0676827045744479,36,36,1.0,0,SEA-seattle-5449118-0-0|qp9
1.829,50.0,9.0,7.0,24,1.39,0.48,1.2543916511114954,5893,0.0671245671587387,36,36,1.0,0,SEA-seattle-5449118-0-0|qp9
1.829,50.0,22.0,7.0,10,1.39,0.48,1.1416785396260396,15722,0.1790823765263359,88,88,1.0,0,SEA-seattle-5449903-0-0|qp22
1.829,50.0,22.0,7.0,26,1.39,0.48,1.1336361926260352,15948,0.1816566429743003,88,88,1.0,0,SEA-seattle-5449903-0-0|qp22
1.829,50.0,9.0,9.0,12,1.39,0.48,1.2657575236457923,5815,0.0662361035174037,36,36,1.0,0,SEA-seattle-5449903-0-0|qp9
1.829,50.0,9.0,9.0,28,1.39,0.48,1.307552742616022,5451,0.0620899398578447,36,36,1.0,0,SEA-seattle-5449903-0-0|qp9
2.438,50.0,12.0,19.0,14,1.39,0.48,1.2454567869192268,7706,0.065849740224229,48,47,0.9791666666666666,0,SEA-seattle-5452128-0-1|qp12
2.438,50.0,29.0,13.0,0,1.39,0.48,1.1361412333736651,20675,0.1766731610609829,116,116,1.0,0,SEA-seattle-5452128-0-1|qp29
2.438,50.0,29.0,13.0,16,1.39,0.48,1.2137760593552482,19139,0.163547648345641,116,119,1.0258620689655171,0,SEA-seattle-5452128-0-1|qp29
2.438,50.0,29.0,14.0,2,1.39,0.48,1.1411033505909802,20474,0.1749555646704992,116,116,1.0,0,SEA-seattle-5452128-0-1|qp29
2.438,50.0,29.0,14.0,18,1.39,0.48,1.16614104315272,19767,0.1689140689089451,116,114,0.9827586206896552,0,SEA-seattle-5452128-0-1|qp29
1.829,50.0,22.0,9.0,4,1.39,0.48,1.1159949106256075,16112,0.1835246947330048,88,88,1.0,0,SEA-seattle-5453813-0-0|qp22
1.829,50.0,22.0,9.0,20,1.39,0.48,1.1066578347402818,16229,0.1848573901950034,88,85,0.9659090909090908,0,SEA-seattle-5453813-0-0|qp22
1.829,50.0,9.0,9.0,6,1.39,0.48,1.2489020470309755,5911,0.0673295972298146,36,37,1.0277777777777777,0,SEA-seattle-5453813-0-0|qp9
1.829,50.0,9.0,9.0,22,1.39,0.48,1.2102583936800542,6076,0.0692090395480219,36,37,1.0277777777777777,0,SEA-seattle-5453813-0-0|qp9
2.591,50.0,31.0,13.0,8,1.39,0.48,1.159910739191088,21510,0.1729544577383242,124,124,1.0,0,SEA-seattle-5454776-0-1|qp31
2.591,50.0,31.0,13.0,24,1.39,0.48,1.2381534344334872,20178,0.162244307217288,124,122,0.9838709677419356,0,SEA-seattle-5454776-0-1|qp31
2.591,50.0,31.0,14.0,10,1.39,0.48,1.1898805855162344,20768,0.1669882928084378,124,125,1.0080645161290325,0,SEA-seattle-5454776-0-1|qp31
2.591,50.0,31.0,14.0,26,1.39,0.48,1.1517285892749989,21613,0.1737826450533892,124,123,0.9919354838709676,0,SEA-seattle-5454776-0-1|qp31
1.8,50.0,22.0,7.0,12,1.39,0.48,1.131040931326971,16149,0.1869097222222289,88,90,1.0227272727272727,0,TAO-taoyuan-idx10181-0-0|qp22
1.8,50.0,22.0,7.0,28,1.39,0.48,1.1068129072292834,16115,0.1865162037037089,88,89,1.0113636363636365,0,TAO-taoyuan-idx10181-0-0|qp22
1.8,50.0,9.0,7.0,14,1.39,0.48,1.260430737422466,5804,0.0671759259259259,36,37,1.0277777777777777,0,TAO-taoyuan-idx10181-0-0|qp9
3.0,50.0,36.0,11.0,0,1.39,0.48,1.161335539958534,25076,0.1741388888888889,144,146,1.0138888888888888,0,TAO-taoyuan-idx158-0-0|qp36
3.0,50.0,36.0,11.0,16,1.39,0.48,1.2430866981828224,23057,0.1601180555555549,144,145,1.0069444444444444,0,TAO-taoyuan-idx158-0-0|qp36
2.4,50.0,12.0,16.0,2,1.39,0.48,1.2189156626505733,7885,0.0684461805555556,48,48,1.0,0,TAO-taoyuan-idx3410-0-9|qp12
2.4,50.0,12.0,16.0,18,1.39,0.48,1.2574805699481693,7720,0.0670138888888886,48,48,1.0,0,TAO-taoyuan-idx3410-0-9|qp12
2.4,50.0,12.0,17.0,4,1.39,0.48,1.2593684210526428,7600,0.0659722222222223,48,49,1.0208333333333333,0,TAO-taoyuan-idx3410-0-9|qp12
2.4,50.0,12.0,17.0,20,1.39,0.48,1.2977768860353114,7476,0.0648958333333337,48,46,0.9583333333333334,0,TAO-taoyuan-idx3410-0-9|qp12
2.4,50.0,29.0,11.0,6,1.39,0.48,1.192567609254547,19450,0.1688368055555567,116,115,0.9913793103448276,0,TAO-taoyuan-idx3410-0-9|qp29
2.4,50.0,29.0,11.0,22,1.39,0.48,1.2311769449970666,18599,0.1614496527777779,116,118,1.0172413793103448,0,TAO-taoyuan-idx3410-0-9|qp29
2.04,50.0,10.0,9.0,8,1.39,0.48,1.2766735635842728,6283,0.0641646241830056,40,40,1.0,0,TAO-taoyuan-idx3430-0-3|qp10
2.04,50.0,10.0,9.0,24,1.39,0.48,1.253931728131686,6562,0.0670138888888889,40,40,1.0,0,TAO-taoyuan-idx3430-0-3|qp10
2.04,50.0,24.0,9.0,10,1.39,0.48,1.1393434553110835,16861,0.1721915849673176,96,99,1.03125,0,TAO-taoyuan-idx3430-0-3|qp24
2.04,50.0,24.0,9.0,26,1.39,0.48,1.156533117738623,16698,0.1705269607843137,96,95,0.9895833333333334,0,TAO-taoyuan-idx3430-0-3|qp24
1.87,50.0,22.0,7.0,12,1.39,0.48,1.1906840109122192,15029,0.1674353832442099,88,88,1.0,0,TAO-taoyuan-idx5160-0-0|qp22
1.87,50.0,22.0,7.0,28,1.39,0.48,1.1275519014665574,15751,0.1754790552584672,88,90,1.0227272727272727,0,TAO-taoyuan-idx5160-0-0|qp22
1.87,50.0,9.0,9.0,14,1.39,0.48,1.2483876560332856,5768,0.0642602495543667,36,37,1.0277777777777777,0,TAO-taoyuan-idx5160-0-0|qp9
6.92,50.0,35.0,13.0,0,1.39,0.48,1.1681220386469355,24271,0.0730702071290929,140,137,0.9785714285714284,0,TAO-taoyuan-idx531-0-1|qp35
6.92,50.0,35.0,13.0,16,1.39,0.48,1.2428151970817132,22478,0.0676722061657027,140,139,0.9928571428571428,0,TAO-taoyuan-idx531-0-1|qp35
6.92,50.0,35.0,14.0,2,1.39,0.48,1.1802692372312469,23808,0.0716763005780331,140,137,0.9785714285714284,0,TAO-taoyuan-idx531-0-1|qp35
6.92,50.0,35.0,14.0,18,1.39,0.48,1.1753110047847375,24035,0.0723597061657024,140,138,0.9857142857142858,0,TAO-taoyuan-idx531-0-1|qp35
6.92,50.0,83.0,11.0,4,1.39,0.48,0.9905661711623336,67877,0.2043503131021184,332,332,1.0,0,TAO-taoyuan-idx531-0-1|qp83
6.92,50.0,83.0,11.0,20,1.39,0.48,1.0844407258783917,61553,0.1853112957610773,332,331,0.9969879518072288,0,TAO-taoyuan-idx531-0-1|qp83
2.6,50.0,31.0,13.0,6,1.39,0.48,1.1871978363889473,20891,0.1673958333333277,124,123,0.9919354838709676,0,TAO-taoyuan-idx5379-0-4|qp31
2.6,50.0,31.0,13.0,22,1.39,0.48,1.2277330236236506,20234,0.1621314102564069,124,118,0.9516129032258064,0,TAO-taoyuan-idx5379-0-4|qp31
2.6,50.0,31.0,14.0,8,1.39,0.48,1.170917976056886,21384,0.1713461538461471,124,127,1.0241935483870968,0,TAO-taoyuan-idx5379-0-4|qp31
2.6,50.0,31.0,14.0,24,1.39,0.48,1.2207935186997831,20428,0.1636858974358934,124,124,1.0,0,TAO-taoyuan-idx5379-0-4|qp31
2.28,50.0,34.0,9.0,10,1.39,0.48,1.1543490433970782,23573,0.2153965643274887,136,132,0.9705882352941176,0,TAO-taoyuan-idx578-0-8|qp34
2.28,50.0,34.0,9.0,26,1.39,0.48,1.153849388218461,23783,0.2173154239766094,136,136,1.0,0,TAO-taoyuan-idx578-0-8|qp34
2.3,50.0,12.0,16.0,12,1.39,0.48,1.2592517721187046,7618,0.0690036231884037,48,49,1.0208333333333333,0,TAO-taoyuan-idx6720-0-3|qp12
2.3,50.0,12.0,16.0,28,1.39,0.48,1.209793033821301,7924,0.0717753623188384,48,48,1.0,0,TAO-taoyuan-idx6720-0-3|qp12
2.3,50.0,12.0,17.0,14,1.39,0.48,1.2320908740854168,7791,0.0705706521739108,48,48,1.0,0,TAO-taoyuan-idx6720-0-3|qp12
2.3,50.0,28.0,11.0,0,1.39,0.48,1.1268155368777533,20107,0.1821286231884054,112,110,0.9821428571428572,0,TAO-taoyuan-idx6720-0-3|qp28
2.3,50.0,28.0,11.0,16,1.39,0.48,1.2150568859031303,18458,0.1671920289855066,112,114,1.0178571428571428,0,TAO-taoyuan-idx6720-0-3|qp28
2.23,50.0,11.0,11.0,2,1.39,0.48,1.2123915431081913,7284,0.0680493273542589,44,44,1.0,0,TAO-taoyuan-idx7044-0-7|qp11
2.23,50.0,11.0,11.0,18,1.39,0.48,1.2777862595419658,6943,0.0648636023916276,44,44,1.0,0,TAO-taoyuan-idx7044-0-7|qp11
2.23,50.0,27.0,11.0,4,1.39,0.48,1.18645228557317,18223,0.1702447683109106,108,109,1.0092592592592593,0,TAO-taoyuan-idx7044-0-7|qp27
2.23,50.0,27.0,11.0,20,1.39,0.48,1.1744778626781456,18453,0.1723934977578471,108,107,0.9907407407407408,0,TAO-taoyuan-idx7044-0-7|qp27
1.97,50.0,10.0,9.0,6,1.39,0.48,1.2821799905764195,6367,0.0673329103214893,40,41,1.025,0,TAO-taoyuan-idx718-0-1|qp10
1.97,50.0,10.0,9.0,22,1.39,0.48,1.2251335445903038,6627,0.0700824873096454,40,38,0.95,0,TAO-taoyuan-idx718-0-1|qp10
1.97,50.0,24.0,7.0,8,1.39,0.48,1.1496503454848117,16788,0.1775380710659892,96,95,0.9895833333333334,0,TAO-taoyuan-idx718-0-1|qp24
1.97,50.0,24.0,7.0,24,1.39,0.48,1.2006793802145688,15941,0.1685807952622706,96,96,1.0,0,TAO-taoyuan-idx718-0-1|qp24
3.07,50.0,37.0,13.0,10,1.39,0.48,1.1695696857961135,25493,0.1729980998914222,148,146,0.9864864864864864,0,TAO-taoyuan-idx9038-0-2|qp37
3.07,50.0,37.0,13.0,26,1.39,0.48,1.21632645480807,24230,0.1644272529858819,148,148,1.0,0,TAO-taoyuan-idx9038-0-2|qp37
3.07,50.0,37.0,14.0,12,1.39,0.48,1.1838173283475495,25138,0.1705890336590668,148,147,0.9932432432432432,0,TAO-taoyuan-idx9038-0-2|qp37
3.07,50.0,37.0,14.0,28,1.39,0.48,1.1857642286123542,25143,0.1706229641693791,148,148,1.0,0,TAO-taoyuan-idx9038-0-2|qp37
2.69,50.0,40.0,11.0,14,1.39,0.48,1.15083905525395,27817,0.2154352540272599,160,152,0.95,0,TPE-taipei-idx11047-0-0|qp40
1.99,50.0,10.0,11.0,0,1.39,0.48,1.175689605528376,6946,0.0727177554438857,40,40,1.0,0,TPE-taipei-idx14193-0-0|qp10
1.99,50.0,10.0,11.0,16,1.39,0.48,1.2942319446678092,6217,0.065085845896148,40,40,1.0,0,TPE-taipei-idx14193-0-0|qp10
1.99,50.0,24.0,7.0,2,1.39,0.48,1.1237491293244068,17228,0.1803601340033498,96,92,0.9583333333333334,0,TPE-taipei-idx14193-0-0|qp24
1.99,50.0,24.0,7.0,18,1.39,0.48,1.1308511877038077,17176,0.1798157453936324,96,92,0.9583333333333334,0,TPE-taipei-idx14193-0-0|qp24
2.36,50.0,12.0,16.0,4,1.39,0.48,1.254436178543478,7662,0.067637711864407,48,49,1.0208333333333333,0,TPE-taipei-idx15074-0-0|qp12
2.36,50.0,12.0,16.0,20,1.39,0.48,1.2870834437086234,7550,0.0666490112994342,48,46,0.9583333333333334,0,TPE-taipei-idx15074-0-0|qp12
2.36,50.0,12.0,17.0,6,1.39,0.48,1.2466928412512015,7641,0.0674523305084744,48,49,1.0208333333333333,0,TPE-taipei-idx15074-0-0|qp12
2.36,50.0,12.0,17.0,22,1.39,0.48,1.2854598462761917,7546,0.0666137005649707,48,49,1.0208333333333333,0,TPE-taipei-idx15074-0-0|qp12
2.36,50.0,28.0,11.0,8,1.39,0.48,1.1496676566980917,19528,0.1723870056497181,112,116,1.0357142857142858,0,TPE-taipei-idx15074-0-0|qp28
2.36,50.0,28.0,11.0,24,1.39,0.48,1.2208776031754816,18391,0.1623499293785298,112,114,1.0178571428571428,0,TPE-taipei-idx15074-0-0|qp28
2.48,50.0,37.0,11.0,10,1.39,0.48,1.1498407237019914,25867,0.2172967069892499,148,146,0.9864864864864864,0,TPE-taipei-idx15608-0-1|qp37
2.48,50.0,37.0,11.0,26,1.39,0.48,1.1746405852417323,25152,0.2112903225806479,148,145,0.9797297297297296,0,TPE-taipei-idx15608-0-1|qp37
1.96,50.0,10.0,11.0,12,1.39,0.48,1.2130973319421836,6709,0.0713116496598639,40,40,1.0,0,TPE-taipei-idx1592-0-2|qp10
1.96,50.0,10.0,11.0,28,1.39,0.48,1.2454922360248624,6440,0.0684523809523813,40,39,0.975,0,TPE-taipei-idx1592-0-2|qp10
1.96,50.0,24.0,7.0,14,1.39,0.48,1.1209000402831082,17377,0.1847045068027256,96,97,1.0104166666666667,0,TPE-taipei-idx1592-0-2|qp24
2.05,50.0,10.0,9.0,0,1.39,0.48,1.1994108163564574,6823,0.0693394308943088,40,40,1.0,0,TPE-taipei-idx326-0-1|qp10
2.05,50.0,10.0,9.0,16,1.39,0.48,1.3137068825910698,6175,0.0627540650406509,40,40,1.0,0,TPE-taipei-idx326-0-1|qp10
2.05,50.0,25.0,7.0,2,1.39,0.48,1.128540537520346,17897,0.1818800813008137,100,99,0.99,0,TPE-taipei-idx326-0-1|qp25
2.05,50.0,25.0,7.0,18,1.39,0.48,1.1598200469941882,17449,0.1773272357723576,100,98,0.98,0,TPE-taipei-idx326-0-1|qp25
3.54,50.0,18.0,19.0,4,1.39,0.48,1.3069677360554168,10972,0.0645715630885136,72,74,1.0277777777777777,0,TPE-taipei-idx4344-0-0|qp18
3.54,50.0,18.0,19.0,20,1.39,0.48,1.2668411806043738,11384,0.0669962335216579,72,72,1.0,0,TPE-taipei-idx4344-0-0|qp18
3.54,50.0,42.0,11.0,6,1.39,0.48,1.2307504375729752,27424,0.1613935969868198,168,168,1.0,0,TPE-taipei-idx4344-0-0|qp42
3.54,50.0,42.0,11.0,22,1.39,0.48,1.160968257275878,28794,0.1694562146892635,168,164,0.9761904761904762,0,TPE-taipei-idx4344-0-0|qp42
2.06,50.0,10.0,11.0,8,1.39,0.48,1.2113094170403538,6690,0.0676577669902909,40,39,0.975,0,TPE-taipei-idx674-0-1|qp10
2.06,50.0,10.0,11.0,24,1.39,0.48,1.282363299351256,6474,0.0654733009708732,40,41,1.025,0,TPE-taipei-idx674-0-1|qp10
2.06,50.0,25.0,7.0,10,1.39,0.48,1.1689117817759338,17230,0.174251618122978,100,96,0.96,0,TPE-taipei-idx674-0-1|qp25
2.06,50.0,25.0,7.0,26,1.39,0.48,1.1794763818509988,17169,0.1736347087378628,100,102,1.02,0,TPE-taipei-idx674-0-1|qp25
2.99,50.0,45.0,11.0,12,1.39,0.48,1.1704120870213548,30843,0.2149038461538489,180,179,0.9944444444444444,0,TPE-taipei-idx813-0-1|qp45
2.99,50.0,45.0,11.0,28,1.39,0.48,1.1145606655738567,32333,0.2252856744704586,180,176,0.9777777777777776,0,TPE-taipei-idx813-0-1|qp45
3.55,50.0,18.0,19.0,14,1.39,0.48,1.2665789473683309,11248,0.0660093896713606,72,72,1.0,0,TPE-taipei-idx9453-0-1|qp18
3.55,50.0,43.0,11.0,0,1.39,0.48,1.135003887772978,30866,0.1811384976525838,172,175,1.0174418604651163,0,TPE-taipei-idx9453-0-1|qp43
3.55,50.0,43.0,11.0,16,1.39,0.48,1.178150010331397,29038,0.1704107981220676,172,168,0.9767441860465116,0,TPE-taipei-idx9453-0-1|qp43
2.098,50.0,10.0,11.0,7,1.39,0.48,1.2161544239146422,6657,0.0661046234509072,40,41,1.025,0,AMS-amsterdam-chain-141619-0|qp10
2.098,50.0,10.0,11.0,23,1.39,0.48,1.1969036427732196,6808,0.0676040673657459,40,40,1.0,0,AMS-amsterdam-chain-141619-0|qp10
2.098,50.0,25.0,9.0,9,1.39,0.48,1.1609713011662128,17492,0.1736971719097539,100,100,1.0,0,AMS-amsterdam-chain-141619-0|qp25
2.098,50.0,25.0,9.0,25,1.39,0.48,1.1217932759099691,17995,0.1786920082618346,100,101,1.01,0,AMS-amsterdam-chain-141619-0|qp25
3.89,50.0,19.0,19.0,11,1.39,0.48,1.2558360982082497,12056,0.0645672664952849,76,75,0.986842105263158,0,AMS-amsterdam-chain-158080-0|qp19
3.89,50.0,19.0,19.0,27,1.39,0.48,1.2798319114790615,11839,0.0634050985432714,76,76,1.0,0,AMS-amsterdam-chain-158080-0|qp19
3.89,50.0,47.0,13.0,13,1.39,0.48,1.1232153827977682,33856,0.1813196229648651,188,189,1.00531914893617,0,AMS-amsterdam-chain-158080-0|qp47
3.89,50.0,47.0,13.0,29,1.39,0.48,1.0946246749492914,34610,0.1853577549271617,188,191,1.0159574468085106,0,AMS-amsterdam-chain-158080-0|qp47
3.89,50.0,47.0,14.0,15,1.39,0.48,1.12535463430685,33457,0.1791827335047125,188,187,0.9946808510638298,0,AMS-amsterdam-chain-158080-0|qp47
2.267,50.0,11.0,9.0,1,1.39,0.48,1.1761725459109338,7569,0.0695577856197631,44,46,1.0454545454545454,0,AMS-amsterdam-chain-166482-0|qp11
2.267,50.0,11.0,9.0,17,1.39,0.48,1.2142294449800377,7261,0.066727319511838,44,43,0.9772727272727272,0,AMS-amsterdam-chain-166482-0|qp11
2.267,50.0,27.0,9.0,3,1.39,0.48,1.0731070787443582,20611,0.1894114836053478,108,110,1.0185185185185186,0,AMS-amsterdam-chain-166482-0|qp27
2.267,50.0,27.0,9.0,19,1.39,0.48,1.1296870496190703,19428,0.178539920599908,108,106,0.9814814814814816,0,AMS-amsterdam-chain-166482-0|qp27
2.796,50.0,14.0,19.0,5,1.39,0.48,1.2740621075464658,8759,0.0652643657606098,56,55,0.9821428571428572,0,AMS-amsterdam-chain-22812-0|qp14
2.796,50.0,14.0,19.0,21,1.39,0.48,1.2253267435475077,9105,0.0678424535050066,56,52,0.9285714285714286,0,AMS-amsterdam-chain-22812-0|qp14
2.796,50.0,34.0,11.0,7,1.39,0.48,1.1516892294594163,23490,0.1750268240343325,134,134,1.0,0,AMS-amsterdam-chain-22812-0|qp34
2.796,50.0,34.0,11.0,23,1.39,0.48,1.1762221177677172,23402,0.1743711254172604,136,134,0.9852941176470588,0,AMS-amsterdam-chain-22812-0|qp34
2.575,50.0,13.0,19.0,9,1.39,0.48,1.2119146468746556,8623,0.0697653721682852,52,55,1.0576923076923077,0,AMS-amsterdam-chain-32802-0|qp13
2.575,50.0,13.0,19.0,25,1.39,0.48,1.1948227432324734,8829,0.0714320388349521,52,52,1.0,0,AMS-amsterdam-chain-32802-0|qp13
2.575,50.0,31.0,13.0,11,1.39,0.48,1.1601651806663984,21310,0.1724110032362448,124,125,1.0080645161290325,0,AMS-amsterdam-chain-32802-0|qp31
2.575,50.0,31.0,13.0,27,1.39,0.48,1.1512698121008933,21767,0.1761084142394794,124,124,1.0,0,AMS-amsterdam-chain-32802-0|qp31
2.575,50.0,31.0,14.0,13,1.39,0.48,1.1192500558658975,22375,0.1810275080906144,124,126,1.0161290322580645,0,AMS-amsterdam-chain-32802-0|qp31
2.575,50.0,31.0,14.0,29,1.39,0.48,1.1283542877743515,22191,0.1795388349514566,124,127,1.0241935483870968,0,AMS-amsterdam-chain-32802-0|qp31
2.482,50.0,12.0,19.0,15,1.39,0.48,1.2541987513006911,7688,0.0645312919688425,48,50,1.0416666666666667,0,AMS-amsterdam-chain-44642-0|qp12
2.482,50.0,30.0,13.0,1,1.39,0.48,1.1323422232711886,21185,0.1778219849583688,120,121,1.0083333333333333,0,AMS-amsterdam-chain-44642-0|qp30
2.482,50.0,30.0,13.0,17,1.39,0.48,1.19580269547121,20182,0.1694030351866796,120,119,0.9916666666666668,0,AMS-amsterdam-chain-44642-0|qp30
2.482,50.0,30.0,14.0,3,1.39,0.48,1.1712260517955468,20774,0.1743721461187223,120,119,0.9916666666666668,0,AMS-amsterdam-chain-44642-0|qp30
2.482,50.0,30.0,14.0,19,1.39,0.48,1.187659448527543,20273,0.1701668681171114,120,119,0.9916666666666668,0,AMS-amsterdam-chain-44642-0|qp30
2.166,50.0,11.0,13.0,5,1.39,0.48,1.227924920349021,7219,0.0694348261003382,44,44,1.0,0,AMS-amsterdam-chain-45268-50|qp11
2.166,50.0,11.0,13.0,21,1.39,0.48,1.19493792172741,7410,0.0712719298245615,44,43,0.9772727272727272,0,AMS-amsterdam-chain-45268-50|qp11
2.166,50.0,11.0,14.0,7,1.39,0.48,1.2010580065359435,7344,0.0706371191135741,44,45,1.0227272727272727,0,AMS-amsterdam-chain-45268-50|qp11
2.166,50.0,11.0,14.0,23,1.39,0.48,1.1645617658448024,7747,0.0745133117882433,44,44,1.0,0,AMS-amsterdam-chain-45268-50|qp11
2.166,50.0,26.0,9.0,9,1.39,0.48,1.1298407013416825,18707,0.1799303631886713,104,104,1.0,0,AMS-amsterdam-chain-45268-50|qp26
2.166,50.0,26.0,9.0,25,1.39,0.48,1.1128099435266747,18947,0.182238765774085,104,107,1.0288461538461535,0,AMS-amsterdam-chain-45268-50|qp26
1.662,50.0,20.0,11.0,11,1.39,0.48,1.2085068924182716,13348,0.1673184917769748,80,79,0.9875,0,AMS-amsterdam-chain-79104-0|qp20
1.662,50.0,20.0,11.0,27,1.39,0.48,1.206951807228946,13280,0.1664661050942611,80,82,1.025,0,AMS-amsterdam-chain-79104-0|qp20
1.662,50.0,8.0,11.0,13,1.39,0.48,1.212480780048788,5333,0.0668496791014845,32,32,1.0,0,AMS-amsterdam-chain-79104-0|qp8
1.662,50.0,8.0,11.0,29,1.39,0.48,1.2666445571596028,5126,0.0642549137585249,32,33,1.03125,0,AMS-amsterdam-chain-79104-0|qp8
2.408,50.0,43.3,7.0,15,1.39,0.48,1.1571099624060477,29792,0.2577519379844945,172,176,1.0232558139534884,0,DC-012|qp43.3
3.719,50.0,66.9,7.0,1,1.39,0.48,1.0020583933497524,54013,0.3025734964596243,268,261,0.9738805970149254,0,DC-015|qp66.9
3.719,50.0,66.9,7.0,17,1.39,0.48,1.0200739461222372,51524,0.2886304562158316,268,270,1.007462686567164,0,DC-015|qp66.9
2.722,50.0,49.0,9.0,3,1.39,0.48,1.1739288442328528,34038,0.260516164584863,196,196,1.0,0,DC-048|qp49.0
2.722,50.0,49.0,9.0,19,1.39,0.48,1.169588975145961,33234,0.2543626010286543,196,199,1.0153061224489797,0,DC-048|qp49.0
3.609,50.0,65.0,7.0,5,1.39,0.48,1.0508433808306068,49266,0.2843931837073968,260,255,0.9807692307692308,0,DC-051|qp65.0
3.609,50.0,65.0,7.0,21,1.39,0.48,1.0474727118369571,49472,0.285582340445184,260,255,0.9807692307692308,0,DC-051|qp65.0
2.48,50.0,44.6,9.0,7,1.39,0.48,1.0940032409955402,32706,0.2747479838709691,178,179,1.0056179775280898,0,DC-066|qp44.6
2.48,50.0,44.6,9.0,23,1.39,0.48,1.1219610401715268,32187,0.2703881048387121,178,183,1.0280898876404494,0,DC-066|qp44.6
3.54,50.0,63.7,7.0,9,1.39,0.48,1.0591907574562467,48082,0.2829684557438823,254,259,1.0196850393700787,0,DC-069|qp63.7
3.54,50.0,63.7,7.0,25,1.39,0.48,1.0376432798314033,49344,0.290395480225993,254,250,0.984251968503937,0,DC-069|qp63.7
2.46,50.0,44.3,9.0,11,1.39,0.48,1.1438008136592326,31217,0.2643716124661228,178,177,0.99438202247191,0,DC-084|qp44.3
2.46,50.0,44.3,9.0,27,1.39,0.48,1.139015105740226,31445,0.266302506775069,178,177,0.99438202247191,0,DC-084|qp44.3
4.98,50.0,89.6,7.0,13,1.39,0.48,0.9835230403800176,73675,0.3082120147255804,358,361,1.0083798882681565,0,DC-087|qp89.6
4.98,50.0,89.6,7.0,29,1.39,0.48,0.9797773108097284,73286,0.3065846720214291,358,358,1.0,0,DC-087|qp89.6
2.438,50.0,43.9,7.0,15,1.39,0.48,1.1434182942708695,30720,0.2625102543068149,176,178,1.0113636363636365,0,DC-099|qp43.9
2.4,50.0,43.2,9.0,1,1.39,0.48,1.1041709819868804,31477,0.2732378472222213,174,169,0.971264367816092,0,DC-114|qp43.2
2.4,50.0,43.2,9.0,17,1.39,0.48,1.113759104180834,31167,0.2705468749999989,174,171,0.9827586206896552,0,DC-114|qp43.2
1.697,50.0,8.0,7.0,3,1.39,0.48,1.185573436921963,5406,0.0663671184443121,32,33,1.03125,0,MEL-melbourne-1389612-0-2|qp8
1.697,50.0,8.0,7.0,19,1.39,0.48,1.289059535822401,4955,0.0608303869573745,32,33,1.03125,0,MEL-melbourne-1389612-0-2|qp8
2.722,50.0,33.0,13.0,5,1.39,0.48,1.201281153356396,21988,0.1682892481018857,132,132,1.0,0,MEL-melbourne-1389823-0-3|qp33
2.722,50.0,33.0,13.0,21,1.39,0.48,1.186665470852064,22300,0.1706771981386242,132,134,1.0151515151515151,0,MEL-melbourne-1389823-0-3|qp33
2.722,50.0,33.0,14.0,7,1.39,0.48,1.1231784005467995,23408,0.1791574822434452,132,131,0.9924242424242424,0,MEL-melbourne-1389823-0-3|qp33
2.722,50.0,33.0,14.0,23,1.39,0.48,1.0967722510929612,24246,0.1855712711241707,132,130,0.9848484848484848,0,MEL-melbourne-1389823-0-3|qp33
2.156,50.0,11.0,13.0,9,1.39,0.48,1.2135490035489644,7326,0.0707908163265328,44,43,0.9772727272727272,0,MEL-melbourne-1434605-0-0|qp11
2.156,50.0,11.0,13.0,25,1.39,0.48,1.2275365887019116,7311,0.0706458719851588,44,43,0.9772727272727272,0,MEL-melbourne-1434605-0-0|qp11
2.156,50.0,11.0,14.0,11,1.39,0.48,1.289337562702901,6778,0.0654955163883751,44,45,1.0227272727272727,0,MEL-melbourne-1434605-0-0|qp11
2.156,50.0,11.0,14.0,27,1.39,0.48,1.22636859781693,7146,0.0690514842300566,44,42,0.9545454545454546,0,MEL-melbourne-1434605-0-0|qp11
2.156,50.0,26.0,9.0,13,1.39,0.48,1.1439383580226166,18429,0.1780786178107612,104,106,1.0192307692307692,0,MEL-melbourne-1434605-0-0|qp26
2.156,50.0,26.0,9.0,29,1.39,0.48,1.197971031152992,17398,0.1681161100803971,104,107,1.0288461538461535,0,MEL-melbourne-1434605-0-0|qp26
1.749,50.0,9.0,7.0,15,1.39,0.48,1.1886581829897005,6208,0.0739470173432444,36,35,0.9722222222222222,0,MEL-melbourne-1465622-0-2|qp9
2.348,50.0,12.0,13.0,1,1.39,0.48,1.2393222773569963,7658,0.0679478989210672,48,46,0.9583333333333334,0,MEL-melbourne-1465759-0-1|qp12
2.348,50.0,12.0,13.0,17,1.39,0.48,1.2828414650271496,7563,0.0671049829642246,48,48,1.0,0,MEL-melbourne-1465759-0-1|qp12
2.348,50.0,12.0,14.0,3,1.39,0.48,1.195911926147733,8016,0.0711243611584321,48,49,1.0208333333333333,0,MEL-melbourne-1465759-0-1|qp12
2.348,50.0,12.0,14.0,19,1.39,0.48,1.2786252505010034,7485,0.0664129045996587,48,47,0.9791666666666666,0,MEL-melbourne-1465759-0-1|qp12
2.348,50.0,28.0,11.0,5,1.39,0.48,1.1858693826123885,19048,0.1690090857467337,112,113,1.0089285714285714,0,MEL-melbourne-1465759-0-1|qp28
2.348,50.0,28.0,11.0,21,1.39,0.48,1.166101238277874,19301,0.1712539040317973,112,112,1.0,0,MEL-melbourne-1465759-0-1|qp28
1.83,50.0,9.0,9.0,7,1.39,0.48,1.2414578313252436,5810,0.0661429872495434,36,36,1.0,0,MEL-melbourne-1477330-0-0|qp9
1.83,50.0,9.0,9.0,23,1.39,0.48,1.187066993464058,6120,0.0696721311475392,36,35,0.9722222222222222,0,MEL-melbourne-1477330-0-0|qp9
5.175,50.0,26.0,19.0,9,1.39,0.48,1.208266581410094,17203,0.0692552334943624,104,104,1.0,0,MEL-melbourne-1515142-0-0|qp26
5.175,50.0,26.0,19.0,25,1.39,0.48,1.1614071588366155,17880,0.0719806763285014,104,104,1.0,0,MEL-melbourne-1515142-0-0|qp26
5.175,50.0,62.0,7.0,11,1.39,0.48,1.102089591918239,45138,0.1817149758454128,248,250,1.0080645161290325,0,MEL-melbourne-1515142-0-0|qp62
5.175,50.0,62.0,7.0,27,1.39,0.48,1.1745555555556588,42480,0.1710144927536216,248,253,1.0201612903225807,0,MEL-melbourne-1515142-0-0|qp62
1.844,50.0,22.0,7.0,13,1.39,0.48,1.1480087302606368,15578,0.1759987346348511,88,88,1.0,0,MEL-melbourne-RPSP02B11034-0-0|qp22
1.844,50.0,22.0,7.0,29,1.39,0.48,1.1738407940576947,15213,0.1718750000000024,88,85,0.9659090909090908,0,MEL-melbourne-RPSP02B11034-0-0|qp22
1.844,50.0,9.0,11.0,15,1.39,0.48,1.1758456060851368,6179,0.0698097433116433,36,36,1.0,0,MEL-melbourne-RPSP02B11034-0-0|qp9
3.609,50.0,54.0,11.0,1,1.39,0.48,1.1092049645210462,39319,0.22697307656784,216,214,0.9907407407407408,0,MEL-melbourne-RPSP03A10530L1-0-0|qp54
3.609,50.0,54.0,11.0,17,1.39,0.48,1.092494015672625,39687,0.2290973954003892,216,218,1.0092592592592593,0,MEL-melbourne-RPSP03A10530L1-0-0|qp54
3.194,50.0,38.0,13.0,3,1.39,0.48,1.174262213168389,26017,0.1696996973491985,152,154,1.013157894736842,0,MEL-melbourne-RPSP03A11034L1-0-0|qp38
3.194,50.0,38.0,13.0,19,1.39,0.48,1.187747869868289,25820,0.1684147359632668,152,153,1.006578947368421,0,MEL-melbourne-RPSP03A11034L1-0-0|qp38
3.194,50.0,38.0,14.0,5,1.39,0.48,1.1885115787826026,25564,0.1667449384262188,152,149,0.9802631578947368,0,MEL-melbourne-RPSP03A11034L1-0-0|qp38
3.194,50.0,38.0,14.0,21,1.39,0.48,1.1544434779320325,26441,0.1724652995199355,152,153,1.006578947368421,0,MEL-melbourne-RPSP03A11034L1-0-0|qp38
3.121,50.0,16.0,19.0,7,1.39,0.48,1.2501977066034258,10116,0.0675264338353092,64,63,0.984375,0,MEL-melbourne-RPSP07A11127-0-0|qp16
3.121,50.0,16.0,19.0,23,1.39,0.48,1.2201000944286338,10590,0.0706904838192887,64,64,1.0,0,MEL-melbourne-RPSP07A11127-0-0|qp16
3.121,50.0,38.0,11.0,9,1.39,0.48,1.1903132548896795,25666,0.1713259639004543,152,155,1.019736842105263,0,MEL-melbourne-RPSP07A11127-0-0|qp38
3.121,50.0,38.0,11.0,25,1.39,0.48,1.120506417053598,27349,0.1825603439068615,152,149,0.9802631578947368,0,MEL-melbourne-RPSP07A11127-0-0|qp38
3.499,50.0,52.0,9.0,11,1.39,0.48,1.1491215936959536,36293,0.2160915023339997,208,208,1.0,0,MEL-melbourne-RPSP0814955L1-0-0|qp52
3.499,50.0,52.0,9.0,27,1.39,0.48,1.1611863367882436,35892,0.2137039154044015,208,211,1.0144230769230769,0,MEL-melbourne-RPSP0814955L1-0-0|qp52
6.11,50.0,31.0,16.0,13,1.39,0.48,1.1386574179709517,21913,0.0747169939989097,124,124,1.0,0,NTP-newtaipei-idx11355-0-2|qp31
6.11,50.0,31.0,16.0,29,1.39,0.48,1.175422663978703,21329,0.0727257228587029,124,126,1.0161290322580645,0,NTP-newtaipei-idx11355-0-2|qp31
6.11,50.0,31.0,17.0,15,1.39,0.48,1.223677138905231,20244,0.0690261865793784,124,125,1.0080645161290325,0,NTP-newtaipei-idx11355-0-2|qp31
4.98,50.0,25.0,19.0,1,1.39,0.48,1.1764654264654786,17094,0.0715110441767076,100,100,1.0,0,NTP-newtaipei-idx11808-0-1|qp25
4.98,50.0,25.0,19.0,17,1.39,0.48,1.24142454506466,16321,0.0682772757697463,100,100,1.0,0,NTP-newtaipei-idx11808-0-1|qp25
4.98,50.0,60.0,11.0,3,1.39,0.48,1.0755031030850153,44633,0.186717704149928,240,239,0.9958333333333332,0,NTP-newtaipei-idx11808-0-1|qp60
4.98,50.0,60.0,11.0,19,1.39,0.48,1.0405488084075578,45863,0.1918632864792489,240,235,0.9791666666666666,0,NTP-newtaipei-idx11808-0-1|qp60
1.78,50.0,9.0,9.0,5,1.39,0.48,1.2383502882332904,5898,0.0690308988764018,36,35,0.9722222222222222,0,NTP-newtaipei-idx11901-0-0|qp9
1.78,50.0,9.0,9.0,21,1.39,0.48,1.2258529264632518,5997,0.07018960674157,36,36,1.0,0,NTP-newtaipei-idx11901-0-0|qp9
1.8,50.0,9.0,7.0,7,1.39,0.48,1.2059597806215168,6017,0.0696412037037031,36,36,1.0,0,NTP-newtaipei-idx13763-0-2|qp9
1.8,50.0,9.0,7.0,23,1.39,0.48,1.1935512483574242,6088,0.0704629629629624,36,36,1.0,0,NTP-newtaipei-idx13763-0-2|qp9
1.71,50.0,9.0,7.0,9,1.39,0.48,1.2440051063829534,5875,0.0715765107212492,36,36,1.0,0,NTP-newtaipei-idx13776-0-2|qp9
1.71,50.0,9.0,7.0,25,1.39,0.48,1.218761937244169,5864,0.0714424951267074,36,36,1.0,0,NTP-newtaipei-idx13776-0-2|qp9
2.46,50.0,12.0,19.0,11,1.39,0.48,1.272802464281079,7629,0.0646087398373989,48,49,1.0208333333333333,0,NTP-newtaipei-idx251-0-0|qp12
2.46,50.0,12.0,19.0,27,1.39,0.48,1.2331636969618924,7801,0.0660653794037948,48,46,0.9583333333333334,0,NTP-newtaipei-idx251-0-0|qp12
2.46,50.0,30.0,11.0,13,1.39,0.48,1.1635428348529622,20509,0.1736873306233088,120,120,1.0,0,NTP-newtaipei-idx251-0-0|qp30
2.46,50.0,30.0,11.0,29,1.39,0.48,1.169210918352643,20809,0.1762279810298136,120,121,1.0083333333333333,0,NTP-newtaipei-idx251-0-0|qp30
2.99,50.0,36.0,13.0,15,1.39,0.48,1.1899475054767985,24193,0.1685688405797119,144,139,0.9652777777777778,0,NTP-newtaipei-idx4423-0-0|qp36
2.99,50.0,36.0,14.0,1,1.39,0.48,1.12784096216715,25692,0.1790133779264216,144,147,1.0208333333333333,0,NTP-newtaipei-idx4423-0-0|qp36
2.99,50.0,36.0,14.0,17,1.39,0.48,1.1967668097282549,23766,0.1655936454849507,144,145,1.0069444444444444,0,NTP-newtaipei-idx4423-0-0|qp36
2.33,50.0,12.0,16.0,3,1.39,0.48,1.1915724907063692,8070,0.0721566523605145,48,49,1.0208333333333333,0,NTP-newtaipei-idx5617-0-0|qp12
2.33,50.0,12.0,16.0,19,1.39,0.48,1.2762993486641323,7523,0.0672657367668083,48,48,1.0,0,NTP-newtaipei-idx5617-0-0|qp12
2.33,50.0,12.0,17.0,5,1.39,0.48,1.2379582904222035,7768,0.069456366237481,48,49,1.0208333333333333,0,NTP-newtaipei-idx5617-0-0|qp12
2.33,50.0,12.0,17.0,21,1.39,0.48,1.203049601196433,8024,0.0717453505007146,48,49,1.0208333333333333,0,NTP-newtaipei-idx5617-0-0|qp12
2.33,50.0,28.0,11.0,7,1.39,0.48,1.1404074772067356,19633,0.1755454220314735,112,109,0.9732142857142856,0,NTP-newtaipei-idx5617-0-0|qp28
2.33,50.0,28.0,11.0,23,1.39,0.48,1.1414984370273351,19834,0.1773426323319001,112,114,1.0178571428571428,0,NTP-newtaipei-idx5617-0-0|qp28
2.62,50.0,31.0,13.0,9,1.39,0.48,1.193841797062507,20834,0.1656647582697168,124,125,1.0080645161290325,0,NTP-newtaipei-idx6820-0-0|qp31
2.62,50.0,31.0,13.0,25,1.39,0.48,1.1759934263801266,20993,0.1669290712468193,124,127,1.0241935483870968,0,NTP-newtaipei-idx6820-0-0|qp31
2.62,50.0,31.0,14.0,11,1.39,0.48,1.2018601385055812,20649,0.1641937022900753,124,125,1.0080645161290325,0,NTP-newtaipei-idx6820-0-0|qp31
2.62,50.0,31.0,14.0,27,1.39,0.48,1.2130264242424589,20625,0.1640028625954179,124,124,1.0,0,NTP-newtaipei-idx6820-0-0|qp31
2.9,50.0,35.0,11.0,13,1.39,0.48,1.183852036504932,23668,0.1700287356321782,140,144,1.0285714285714285,0,NTP-newtaipei-idx7804-0-0|qp35
2.9,50.0,35.0,11.0,29,1.39,0.48,1.1976360081605373,23528,0.169022988505741,140,140,1.0,0,NTP-newtaipei-idx7804-0-0|qp35
1.91,50.0,10.0,9.0,15,1.39,0.48,1.2219506692735846,6649,0.0725239965095997,40,41,1.025,0,NTP-newtaipei-idx9858-0-0|qp10
1.707,50.0,8.0,7.0,1,1.39,0.48,1.1968092227593654,5378,0.0656365944151558,32,31,0.96875,0,NYC-nyc-110605-0-2|qp8
1.707,50.0,8.0,7.0,17,1.39,0.48,1.2377586540321073,5171,0.0631102323764911,32,30,0.9375,0,NYC-nyc-110605-0-2|qp8
2.408,50.0,12.0,19.0,3,1.39,0.48,1.1828825622776424,8149,0.070502837763011,48,49,1.0208333333333333,0,NYC-nyc-17655-0-0|qp12
2.408,50.0,12.0,19.0,19,1.39,0.48,1.2318313689936873,7721,0.0667999031007739,48,47,0.9791666666666666,0,NYC-nyc-17655-0-0|qp12
2.408,50.0,29.0,11.0,5,1.39,0.48,1.227605092860537,19007,0.1644431755260265,116,117,1.0086206896551724,0,NYC-nyc-17655-0-0|qp29
2.408,50.0,29.0,11.0,21,1.39,0.48,1.1785153807362942,19830,0.1715635382059844,116,116,1.0,0,NYC-nyc-17655-0-0|qp29
2.073,50.0,10.0,11.0,7,1.39,0.48,1.2283040315246694,6598,0.0663088921048412,40,42,1.05,0,NYC-nyc-199805-0-0|qp10
2.073,50.0,10.0,11.0,23,1.39,0.48,1.2090683874796098,6741,0.0677460202604925,40,40,1.0,0,NYC-nyc-199805-0-0|qp10
2.073,50.0,25.0,7.0,9,1.39,0.48,1.1659500669265723,17183,0.1726865251648174,100,99,0.99,0,NYC-nyc-199805-0-0|qp25
2.073,50.0,25.0,7.0,25,1.39,0.48,1.1658927951891132,17294,0.1738020582087151,100,102,1.02,0,NYC-nyc-199805-0-0|qp25
3.17,50.0,38.0,11.0,11,1.39,0.48,1.1665159116149428,26113,0.1716154048370118,152,149,0.9802631578947368,0,NYC-nyc-20131-0-2|qp38
3.17,50.0,38.0,11.0,27,1.39,0.48,1.2077504532198553,25374,0.1667586750788633,152,152,1.0,0,NYC-nyc-20131-0-2|qp38
2.56,50.0,31.0,13.0,13,1.39,0.48,1.1602097413189787,21455,0.1746012369791666,124,126,1.0161290322580645,0,NYC-nyc-214464-0-0|qp31
2.56,50.0,31.0,13.0,29,1.39,0.48,1.173211254396268,21325,0.1735432942708333,124,125,1.0080645161290325,0,NYC-nyc-214464-0-0|qp31
2.56,50.0,31.0,14.0,15,1.39,0.48,1.2045874411149604,20591,0.1675699869791666,124,124,1.0,0,NYC-nyc-214464-0-0|qp31
2.347,50.0,35.0,9.0,1,1.39,0.48,1.1420035582871575,24731,0.2195267007527318,140,144,1.0285714285714285,0,NYC-nyc-267383-0-0|qp35
2.347,50.0,35.0,9.0,17,1.39,0.48,1.162927772293492,24312,0.2158074137196422,140,141,1.0071428571428571,0,NYC-nyc-267383-0-0|qp35
2.377,50.0,12.0,16.0,3,1.39,0.48,1.224121165839434,7857,0.0688630626840546,48,48,1.0,0,NYC-nyc-27695-0-3|qp12
2.377,50.0,12.0,16.0,19,1.39,0.48,1.2585106661432124,7641,0.0669699200673114,48,48,1.0,0,NYC-nyc-27695-0-3|qp12
2.377,50.0,12.0,17.0,5,1.39,0.48,1.2349897802758891,7828,0.0686088907586582,48,49,1.0208333333333333,0,NYC-nyc-27695-0-3|qp12
2.377,50.0,12.0,17.0,21,1.39,0.48,1.2211529263688068,7945,0.069634343009395,48,48,1.0,0,NYC-nyc-27695-0-3|qp12
2.377,50.0,28.0,11.0,7,1.39,0.48,1.1129603449140453,19947,0.1748264619267971,112,110,0.9821428571428572,0,NYC-nyc-27695-0-3|qp28
2.377,50.0,28.0,11.0,23,1.39,0.48,1.126344962015203,20008,0.1753610994250421,112,114,1.0178571428571428,0,NYC-nyc-27695-0-3|qp28
1.676,50.0,8.0,7.0,9,1.39,0.48,1.2663737551259442,5121,0.0636560262529853,32,33,1.03125,0,NYC-nyc-46079-0-1|qp8
1.676,50.0,8.0,7.0,25,1.39,0.48,1.2191824018126702,5296,0.065831344470964,32,33,1.03125,0,NYC-nyc-46079-0-1|qp8
3.048,50.0,37.0,13.0,11,1.39,0.48,1.1878967762554145,25033,0.1711026356080549,148,145,0.9797297297297296,0,NYC-nyc-59808-0-1|qp37
3.048,50.0,37.0,13.0,27,1.39,0.48,1.1748796628196647,25387,0.1735222550306268,148,145,0.9797297297297296,0,NYC-nyc-59808-0-1|qp37
3.048,50.0,37.0,14.0,13,1.39,0.48,1.148279519937989,25830,0.1765501968503982,148,148,1.0,0,NYC-nyc-59808-0-1|qp37
3.048,50.0,37.0,14.0,29,1.39,0.48,1.1704513752841188,25522,0.1744449912510981,148,153,1.0337837837837838,0,NYC-nyc-59808-0-1|qp37
5.06,50.0,25.0,19.0,15,1.39,0.48,1.2887915212614507,15474,0.0637104743083001,100,100,1.0,0,NYC-nyc-62758-0-0|qp25
5.06,50.0,61.0,9.0,1,1.39,0.48,1.0994148624927589,44434,0.1829463109354421,244,243,0.9959016393442623,0,NYC-nyc-62758-0-0|qp61
5.06,50.0,61.0,9.0,17,1.39,0.48,1.116809280932773,43918,0.1808218050065884,244,246,1.0081967213114753,0,NYC-nyc-62758-0-0|qp61
3.719,50.0,19.0,19.0,3,1.39,0.48,1.223939685595134,12468,0.0698440440978768,76,78,1.0263157894736843,0,NYC-nyc-9648-0-0|qp19
3.719,50.0,19.0,19.0,19,1.39,0.48,1.2119227420248375,12633,0.0707683517074502,76,76,1.0,0,NYC-nyc-9648-0-0|qp19
3.719,50.0,45.0,11.0,5,1.39,0.48,1.163650038819773,30912,0.1731648292551778,180,178,0.9888888888888888,0,NYC-nyc-9648-0-0|qp45
3.719,50.0,45.0,11.0,21,1.39,0.48,1.1581142949129644,31060,0.1739939051716425,180,177,0.9833333333333332,0,NYC-nyc-9648-0-0|qp45
2.103,50.0,32.0,7.0,7,1.39,0.48,1.126568470243282,21827,0.216228800126805,128,115,0.8984375,0,NYC-nyc-98749-0-2|qp32
2.103,50.0,32.0,7.0,23,1.39,0.48,1.0824787172493278,24198,0.2397170708511625,128,123,0.9609375,0,NYC-nyc-98749-0-2|qp32
4.115,50.0,62.0,7.0,9,1.39,0.48,1.0948237851607316,45541,0.230563993519641,248,250,1.0080645161290325,0,SEA-seattle-5423808-0-1|qp62
4.115,50.0,62.0,7.0,25,1.39,0.48,1.0660018302154466,46989,0.2378948967193178,248,247,0.995967741935484,0,SEA-seattle-5423808-0-1|qp62
1.829,50.0,9.0,7.0,11,1.39,0.48,1.2994987468671988,5586,0.0636276653909233,36,36,1.0,0,SEA-seattle-5426480-0-0|qp9
1.829,50.0,9.0,7.0,27,1.39,0.48,1.289638446393412,5587,0.0636390559504286,36,35,0.9722222222222222,0,SEA-seattle-5426480-0-0|qp9
2.54,50.0,38.0,11.0,13,1.39,0.48,1.1439482700199823,26561,0.2178559711286109,152,154,1.013157894736842,0,SEA-seattle-5426595-0-0|qp38
2.54,50.0,38.0,11.0,29,1.39,0.48,1.1831172050507586,25818,0.2117618110236273,152,155,1.019736842105263,0,SEA-seattle-5426595-0-0|qp38
1.651,50.0,8.0,7.0,15,1.39,0.48,1.1925711645101404,5410,0.0682667070462326,32,32,1.0,0,SEA-seattle-5432169-0-1|qp8
1.829,50.0,9.0,7.0,1,1.39,0.48,1.2382237504193003,5962,0.0679105157645341,36,37,1.0277777777777777,0,SEA-seattle-5433778-0-0|qp9
1.829,50.0,9.0,7.0,17,1.39,0.48,1.2406860742254298,5874,0.066908146528157,36,36,1.0,0,SEA-seattle-5433778-0-0|qp9
2.438,50.0,37.0,11.0,3,1.39,0.48,1.1401059962500066,26133,0.2233131665299521,148,149,1.0067567567567568,0,SEA-seattle-5434873-0-0|qp37
2.438,50.0,37.0,11.0,19,1.39,0.48,1.1895500080788075,24756,0.2115463494667847,148,150,1.0135135135135136,0,SEA-seattle-5434873-0-0|qp37
1.829,50.0,9.0,11.0,5,1.39,0.48,1.2130643022870342,6034,0.0687306360488427,36,35,0.9722222222222222,0,SEA-seattle-5438086-0-1|qp9
1.829,50.0,9.0,11.0,21,1.39,0.48,1.2196127751117156,6043,0.0688331510843799,36,36,1.0,0,SEA-seattle-5438086-0-1|qp9
4.064,50.0,61.0,7.0,7,1.39,0.48,1.097243602614819,44823,0.2297766978346428,244,239,0.9795081967213116,0,SEA-seattle-5445989-0-0|qp61
4.064,50.0,61.0,7.0,23,1.39,0.48,1.0867165458141728,45510,0.2332984744094461,244,240,0.9836065573770492,0,SEA-seattle-5445989-0-0|qp61
1.829,50.0,9.0,7.0,9,1.39,0.48,1.304883051457328,5558,0.063308729724804,36,36,1.0,0,SEA-seattle-5449118-0-0|qp9
1.829,50.0,9.0,7.0,25,1.39,0.48,1.2262862039416966,5835,0.06646391470749,36,37,1.0277777777777777,0,SEA-seattle-5449118-0-0|qp9
1.829,50.0,22.0,7.0,11,1.39,0.48,1.16914812419139,15460,0.1760980499362103,88,89,1.0113636363636365,0,SEA-seattle-5449903-0-0|qp22
1.829,50.0,22.0,7.0,27,1.39,0.48,1.1263087838262291,15927,0.1814174412247121,88,90,1.0227272727272727,0,SEA-seattle-5449903-0-0|qp22
1.829,50.0,9.0,9.0,13,1.39,0.48,1.182658372892487,6109,0.0695849280116629,36,36,1.0,0,SEA-seattle-5449903-0-0|qp9
1.829,50.0,9.0,9.0,29,1.39,0.48,1.2790727081138389,5694,0.0648578458173863,36,35,0.9722222222222222,0,SEA-seattle-5449903-0-0|qp9
2.438,50.0,12.0,19.0,15,1.39,0.48,1.2362392172009518,7767,0.0663710008203462,48,50,1.0416666666666667,0,SEA-seattle-5452128-0-1|qp12
2.438,50.0,29.0,13.0,1,1.39,0.48,1.13371821673395,20569,0.1757673639595349,116,116,1.0,0,SEA-seattle-5452128-0-1|qp29
2.438,50.0,29.0,13.0,17,1.39,0.48,1.1852252115316628,19737,0.1686577112387235,116,116,1.0,0,SEA-seattle-5452128-0-1|qp29
2.438,50.0,29.0,14.0,3,1.39,0.48,1.1736322486546606,19883,0.1699053185671352,116,116,1.0,0,SEA-seattle-5452128-0-1|qp29
2.438,50.0,29.0,14.0,19,1.39,0.48,1.1927996504933471,19456,0.1662564943943154,116,114,0.9827586206896552,0,SEA-seattle-5452128-0-1|qp29
1.829,50.0,22.0,9.0,5,1.39,0.48,1.0946306903828655,16585,0.1889124293785293,88,89,1.0113636363636365,0,SEA-seattle-5453813-0-0|qp22
1.829,50.0,22.0,9.0,21,1.39,0.48,1.0752064695775734,16879,0.1922612538727879,88,87,0.9886363636363636,0,SEA-seattle-5453813-0-0|qp22
1.829,50.0,9.0,9.0,7,1.39,0.48,1.1881887713587764,6145,0.0699949881538179,36,36,1.0,0,SEA-seattle-5453813-0-0|qp9
1.829,50.0,9.0,9.0,23,1.39,0.48,1.127692781283676,6497,0.0740044650993249,36,35,0.9722222222222222,0,SEA-seattle-5453813-0-0|qp9
2.591,50.0,31.0,13.0,9,1.39,0.48,1.1840240826233592,21011,0.1689421716197072,124,125,1.0080645161290325,0,SEA-seattle-5454776-0-1|qp31
2.591,50.0,31.0,13.0,25,1.39,0.48,1.1803652924256425,20860,0.1677280329345128,124,127,1.0241935483870968,0,SEA-seattle-5454776-0-1|qp31
2.591,50.0,31.0,14.0,11,1.39,0.48,1.2115087410019785,20421,0.1641981860285583,124,126,1.0161290322580645,0,SEA-seattle-5454776-0-1|qp31
2.591,50.0,31.0,14.0,27,1.39,0.48,1.2083731113463632,20782,0.1671008619580567,124,125,1.0080645161290325,0,SEA-seattle-5454776-0-1|qp31
1.8,50.0,22.0,7.0,13,1.39,0.48,1.0750215233767797,16726,0.1935879629629701,88,87,0.9886363636363636,0,TAO-taoyuan-idx10181-0-0|qp22
1.8,50.0,22.0,7.0,29,1.39,0.48,1.164071990281901,15641,0.1810300925925988,88,91,1.0340909090909092,0,TAO-taoyuan-idx10181-0-0|qp22
1.8,50.0,9.0,7.0,15,1.39,0.48,1.217865131029892,5991,0.0693402777777773,36,36,1.0,0,TAO-taoyuan-idx10181-0-0|qp9
3.0,50.0,36.0,11.0,1,1.39,0.48,1.1954900828831747,24251,0.1684097222222225,144,150,1.0416666666666667,0,TAO-taoyuan-idx158-0-0|qp36
3.0,50.0,36.0,11.0,17,1.39,0.48,1.225842448910368,23586,0.1637916666666674,144,144,1.0,0,TAO-taoyuan-idx158-0-0|qp36
2.4,50.0,12.0,16.0,3,1.39,0.48,1.1922620519159994,8090,0.0702256944444443,48,48,1.0,0,TAO-taoyuan-idx3410-0-9|qp12
2.4,50.0,12.0,16.0,19,1.39,0.48,1.2845173433718915,7438,0.0645659722222224,48,47,0.9791666666666666,0,TAO-taoyuan-idx3410-0-9|qp12
2.4,50.0,12.0,17.0,5,1.39,0.48,1.2473215216257971,7676,0.0666319444444446,48,49,1.0208333333333333,0,TAO-taoyuan-idx3410-0-9|qp12
2.4,50.0,12.0,17.0,21,1.39,0.48,1.2246951602765836,7955,0.0690538194444443,48,49,1.0208333333333333,0,TAO-taoyuan-idx3410-0-9|qp12
2.4,50.0,29.0,11.0,7,1.39,0.48,1.1289682654687327,20703,0.1797135416666671,116,113,0.9741379310344828,0,TAO-taoyuan-idx3410-0-9|qp29
2.4,50.0,29.0,11.0,23,1.39,0.48,1.1401777517335656,20478,0.1777604166666666,116,119,1.0258620689655171,0,TAO-taoyuan-idx3410-0-9|qp29
2.04,50.0,10.0,9.0,9,1.39,0.48,1.3258407517309054,6066,0.0619485294117649,40,41,1.025,0,TAO-taoyuan-idx3430-0-3|qp10
2.04,50.0,10.0,9.0,25,1.39,0.48,1.2153101886791895,6625,0.0676572712418304,40,40,1.0,0,TAO-taoyuan-idx3430-0-3|qp10
2.04,50.0,24.0,9.0,11,1.39,0.48,1.165635815495912,16585,0.1693729575163376,96,96,1.0,0,TAO-taoyuan-idx3430-0-3|qp24
2.04,50.0,24.0,9.0,27,1.39,0.48,1.1244748937148186,17406,0.1777573529411751,96,98,1.0208333333333333,0,TAO-taoyuan-idx3430-0-3|qp24
1.87,50.0,22.0,7.0,13,1.39,0.48,1.1341614867436418,15766,0.1756461675579335,88,88,1.0,0,TAO-taoyuan-idx5160-0-0|qp22
1.87,50.0,22.0,7.0,29,1.39,0.48,1.179049152319575,15218,0.169540998217469,88,92,1.0454545454545454,0,TAO-taoyuan-idx5160-0-0|qp22
1.87,50.0,9.0,9.0,15,1.39,0.48,1.1820555017747776,6198,0.069050802139038,36,36,1.0,0,TAO-taoyuan-idx5160-0-0|qp9
6.92,50.0,35.0,13.0,1,1.39,0.48,1.172056291390679,24160,0.0727360308285153,140,141,1.0071428571428571,0,TAO-taoyuan-idx531-0-1|qp35
6.92,50.0,35.0,13.0,17,1.39,0.48,1.230531058617674,22860,0.0688222543352593,140,139,0.9928571428571428,0,TAO-taoyuan-idx531-0-1|qp35
6.92,50.0,35.0,14.0,3,1.39,0.48,1.1964665698916368,23422,0.0705142100192667,140,141,1.0071428571428571,0,TAO-taoyuan-idx531-0-1|qp35
6.92,50.0,35.0,14.0,19,1.39,0.48,1.2220250032556104,23037,0.0693551300578026,140,140,1.0,0,TAO-taoyuan-idx531-0-1|qp35
6.92,50.0,83.0,11.0,5,1.39,0.48,0.943243020753514,69241,0.2084567678227376,332,325,0.9789156626506024,0,TAO-taoyuan-idx531-0-1|qp83
6.92,50.0,83.0,11.0,21,1.39,0.48,0.947387059145462,69439,0.2090528660886307,332,322,0.9698795180722892,0,TAO-taoyuan-idx531-0-1|qp83
2.6,50.0,31.0,13.0,7,1.39,0.48,1.1329563519098655,22017,0.1764182692307627,124,122,0.9838709677419356,0,TAO-taoyuan-idx5379-0-4|qp31
2.6,50.0,31.0,13.0,23,1.39,0.48,1.1206651171107078,22372,0.179262820512813,124,122,0.9838709677419356,0,TAO-taoyuan-idx5379-0-4|qp31
2.6,50.0,31.0,14.0,9,1.39,0.48,1.1799766722209333,21005,0.168309294871791,124,125,1.0080645161290325,0,TAO-taoyuan-idx5379-0-4|qp31
2.6,50.0,31.0,14.0,25,1.39,0.48,1.1436679287098797,21658,0.1735416666666609,124,128,1.032258064516129,0,TAO-taoyuan-idx5379-0-4|qp31
2.28,50.0,34.0,9.0,11,1.39,0.48,1.1314771533062211,23789,0.2173702485380136,136,139,1.0220588235294117,0,TAO-taoyuan-idx578-0-8|qp34
2.28,50.0,34.0,9.0,27,1.39,0.48,1.1575656385420483,23538,0.2150767543859675,136,136,1.0,0,TAO-taoyuan-idx578-0-8|qp34
2.3,50.0,12.0,16.0,13,1.39,0.48,1.1911089230769152,8125,0.0735960144927513,48,49,1.0208333333333333,0,TAO-taoyuan-idx6720-0-3|qp12
2.3,50.0,12.0,16.0,29,1.39,0.48,1.20941161711201,7971,0.0722010869565194,48,47,0.9791666666666666,0,TAO-taoyuan-idx6720-0-3|qp12
2.3,50.0,12.0,17.0,15,1.39,0.48,1.2296711700229364,7846,0.0710688405797078,48,48,1.0,0,TAO-taoyuan-idx6720-0-3|qp12
2.3,50.0,28.0,11.0,1,1.39,0.48,1.1642959315885677,19295,0.1747735507246364,112,113,1.0089285714285714,0,TAO-taoyuan-idx6720-0-3|qp28
2.3,50.0,28.0,11.0,17,1.39,0.48,1.1797538046018805,19253,0.1743931159420281,112,112,1.0,0,TAO-taoyuan-idx6720-0-3|qp28
2.23,50.0,11.0,11.0,3,1.39,0.48,1.2332999451152664,7288,0.0680866965620306,44,44,1.0,0,TAO-taoyuan-idx7044-0-7|qp11
2.23,50.0,11.0,11.0,19,1.39,0.48,1.3083879618593728,6712,0.0627055306427484,44,43,0.9772727272727272,0,TAO-taoyuan-idx7044-0-7|qp11
2.23,50.0,27.0,11.0,5,1.39,0.48,1.1723492936483002,18546,0.1732623318385648,108,110,1.0185185185185186,0,TAO-taoyuan-idx7044-0-7|qp27
2.23,50.0,27.0,11.0,21,1.39,0.48,1.1185410553411226,19425,0.1814742152466374,108,105,0.9722222222222222,0,TAO-taoyuan-idx7044-0-7|qp27
1.97,50.0,10.0,9.0,7,1.39,0.48,1.251516661476142,6422,0.0679145516074446,40,42,1.05,0,TAO-taoyuan-idx718-0-1|qp10
1.97,50.0,10.0,9.0,23,1.39,0.48,1.2099985198342356,6756,0.0714467005076158,40,40,1.0,0,TAO-taoyuan-idx718-0-1|qp10
1.97,50.0,24.0,7.0,9,1.39,0.48,1.1626649610280675,16807,0.1777390016920463,96,94,0.9791666666666666,0,TAO-taoyuan-idx718-0-1|qp24
1.97,50.0,24.0,7.0,25,1.39,0.48,1.1553805974528903,17039,0.1801924703891724,96,100,1.0416666666666667,0,TAO-taoyuan-idx718-0-1|qp24
3.07,50.0,37.0,13.0,11,1.39,0.48,1.190908359158115,24847,0.1686142779587388,148,145,0.9797297297297296,0,TAO-taoyuan-idx9038-0-2|qp37
3.07,50.0,37.0,13.0,27,1.39,0.48,1.195303643724839,24947,0.169292888165035,148,146,0.9864864864864864,0,TAO-taoyuan-idx9038-0-2|qp37
3.07,50.0,37.0,14.0,13,1.39,0.48,1.16036716557521,25656,0.1741042345276865,148,149,1.0067567567567568,0,TAO-taoyuan-idx9038-0-2|qp37
3.07,50.0,37.0,14.0,29,1.39,0.48,1.1575201581641656,25796,0.1750542888165043,148,150,1.0135135135135136,0,TAO-taoyuan-idx9038-0-2|qp37
2.69,50.0,40.0,11.0,15,1.39,0.48,1.1671009207438845,27695,0.2144903965303565,160,161,1.00625,0,TPE-taipei-idx11047-0-0|qp40
1.99,50.0,10.0,11.0,1,1.39,0.48,1.2370867105061458,6539,0.068456867671692,40,40,1.0,0,TPE-taipei-idx14193-0-0|qp10
1.99,50.0,10.0,11.0,17,1.39,0.48,1.2112595706350446,6661,0.0697340871021765,40,40,1.0,0,TPE-taipei-idx14193-0-0|qp10
1.99,50.0,24.0,7.0,3,1.39,0.48,1.1452698747218804,17082,0.1788316582914566,96,95,0.9895833333333334,0,TPE-taipei-idx14193-0-0|qp24
1.99,50.0,24.0,7.0,19,1.39,0.48,1.1097104753219986,17546,0.1836892797319931,96,93,0.96875,0,TPE-taipei-idx14193-0-0|qp24
2.36,50.0,12.0,16.0,5,1.39,0.48,1.2456966627710222,7701,0.0679819915254233,48,49,1.0208333333333333,0,TPE-taipei-idx15074-0-0|qp12
2.36,50.0,12.0,16.0,21,1.39,0.48,1.2386505410566655,7855,0.0693414548022598,48,47,0.9791666666666666,0,TPE-taipei-idx15074-0-0|qp12
2.36,50.0,12.0,17.0,7,1.39,0.48,1.2285339112697151,7844,0.0692443502824855,48,48,1.0,0,TPE-taipei-idx15074-0-0|qp12
2.36,50.0,12.0,17.0,23,1.39,0.48,1.2169796732759546,8019,0.0707891949152537,48,49,1.0208333333333333,0,TPE-taipei-idx15074-0-0|qp12
2.36,50.0,28.0,11.0,9,1.39,0.48,1.1716560509553977,18997,0.1676995056497172,112,109,0.9732142857142856,0,TPE-taipei-idx15074-0-0|qp28
2.36,50.0,28.0,11.0,25,1.39,0.48,1.1673939393938817,19305,0.170418432203389,112,116,1.0357142857142858,0,TPE-taipei-idx15074-0-0|qp28
2.48,50.0,37.0,11.0,11,1.39,0.48,1.1408177855941684,26156,0.2197244623655938,148,146,0.9864864864864864,0,TPE-taipei-idx15608-0-1|qp37
2.48,50.0,37.0,11.0,27,1.39,0.48,1.1539293453026611,25844,0.2171034946236587,148,144,0.972972972972973,0,TPE-taipei-idx15608-0-1|qp37
1.96,50.0,10.0,11.0,13,1.39,0.48,1.2048413284133206,6775,0.0720131802721087,40,40,1.0,0,TPE-taipei-idx1592-0-2|qp10
1.96,50.0,10.0,11.0,29,1.39,0.48,1.2582505800464396,6465,0.0687181122448985,40,41,1.025,0,TPE-taipei-idx1592-0-2|qp10
1.96,50.0,24.0,7.0,15,1.39,0.48,1.1723808666426383,16662,0.1771045918367403,96,97,1.0104166666666667,0,TPE-taipei-idx1592-0-2|qp24
2.05,50.0,10.0,9.0,1,1.39,0.48,1.233793684855882,6524,0.0663008130081293,40,40,1.0,0,TPE-taipei-idx326-0-1|qp10
2.05,50.0,10.0,9.0,17,1.39,0.48,1.2264760739948064,6541,0.0664735772357718,40,40,1.0,0,TPE-taipei-idx326-0-1|qp10
2.05,50.0,25.0,7.0,3,1.39,0.48,1.1101912688788558,18142,0.1843699186991869,100,101,1.01,0,TPE-taipei-idx326-0-1|qp25
2.05,50.0,25.0,7.0,19,1.39,0.48,1.132672654245243,17926,0.1821747967479674,100,100,1.0,0,TPE-taipei-idx326-0-1|qp25
3.54,50.0,18.0,19.0,5,1.39,0.48,1.2756015743805722,11179,0.0657897834274964,72,71,0.9861111111111112,0,TPE-taipei-idx4344-0-0|qp18
3.54,50.0,18.0,19.0,21,1.39,0.48,1.2276170504151591,11683,0.0687558851224113,72,74,1.0277777777777777,0,TPE-taipei-idx4344-0-0|qp18
3.54,50.0,42.0,11.0,7,1.39,0.48,1.1150230612109266,30354,0.1786370056497159,168,168,1.0,0,TPE-taipei-idx4344-0-0|qp42
3.54,50.0,42.0,11.0,23,1.39,0.48,1.1156906203963044,30545,0.179761064030129,168,170,1.011904761904762,0,TPE-taipei-idx4344-0-0|qp42
2.06,50.0,10.0,11.0,9,1.39,0.48,1.286783831282924,6259,0.0632989482200634,40,40,1.0,0,TPE-taipei-idx674-0-1|qp10
2.06,50.0,10.0,11.0,25,1.39,0.48,1.2196886446885835,6552,0.0662621359223298,40,40,1.0,0,TPE-taipei-idx674-0-1|qp10
2.06,50.0,25.0,7.0,11,1.39,0.48,1.2056527703226496,16767,0.169569174757282,100,100,1.0,0,TPE-taipei-idx674-0-1|qp25
2.06,50.0,25.0,7.0,27,1.39,0.48,1.1844141015832033,16991,0.1718345469255654,100,99,0.99,0,TPE-taipei-idx674-0-1|qp25
2.99,50.0,45.0,11.0,13,1.39,0.48,1.1355711598746083,31900,0.2222686733556337,180,182,1.011111111111111,0,TPE-taipei-idx813-0-1|qp45
2.99,50.0,45.0,11.0,29,1.39,0.48,1.134583463827073,31930,0.222477703455967,180,184,1.022222222222222,0,TPE-taipei-idx813-0-1|qp45
3.55,50.0,18.0,19.0,15,1.39,0.48,1.3025271247739223,11060,0.0649061032863837,72,73,1.0138888888888888,0,TPE-taipei-idx9453-0-1|qp18
3.55,50.0,43.0,11.0,1,1.39,0.48,1.1689316963983007,29486,0.1730399061032876,172,173,1.005813953488372,0,TPE-taipei-idx9453-0-1|qp43
3.55,50.0,43.0,11.0,17,1.39,0.48,1.1864359468578125,29054,0.1705046948356823,172,173,1.005813953488372,0,TPE-taipei-idx9453-0-1|qp43
2.098,50.0,10.0,11.0,8,1.39,0.48,1.2224681818181709,6600,0.0655386081982845,40,38,0.95,0,AMS-amsterdam-chain-141619-0|qp10
2.098,50.0,10.0,11.0,24,1.39,0.48,1.2829746637472668,6394,0.0634930092151261,40,39,0.975,0,AMS-amsterdam-chain-141619-0|qp10
2.098,50.0,25.0,9.0,10,1.39,0.48,1.1165610784422433,18026,0.1789998411185239,100,99,0.99,0,AMS-amsterdam-chain-141619-0|qp25
2.098,50.0,25.0,9.0,26,1.39,0.48,1.153652114049668,17431,0.1730914362885273,100,102,1.02,0,AMS-amsterdam-chain-141619-0|qp25
3.89,50.0,19.0,19.0,12,1.39,0.48,1.2436492427943415,12282,0.0657776349614372,76,74,0.9736842105263158,0,AMS-amsterdam-chain-158080-0|qp19
3.89,50.0,19.0,19.0,28,1.39,0.48,1.2144087743174663,12491,0.066896958011995,76,75,0.986842105263158,0,AMS-amsterdam-chain-158080-0|qp19
3.89,50.0,47.0,13.0,14,1.39,0.48,1.1240970641102652,33380,0.1787703513281901,188,187,0.9946808510638298,0,AMS-amsterdam-chain-158080-0|qp47
3.89,50.0,47.0,14.0,0,1.39,0.48,1.0630765323400206,35436,0.1897814910025692,188,188,1.0,0,AMS-amsterdam-chain-158080-0|qp47
3.89,50.0,47.0,14.0,16,1.39,0.48,1.1487257422712869,32670,0.1749678663239055,188,183,0.973404255319149,0,AMS-amsterdam-chain-158080-0|qp47
2.267,50.0,11.0,9.0,2,1.39,0.48,1.1822526817640109,7551,0.0693923687692988,44,43,0.9772727272727272,0,AMS-amsterdam-chain-166482-0|qp11
2.267,50.0,11.0,9.0,18,1.39,0.48,1.1919763536208348,7443,0.068399867666521,44,45,1.0227272727272727,0,AMS-amsterdam-chain-166482-0|qp11
2.267,50.0,27.0,9.0,4,1.39,0.48,1.0977443380452656,19737,0.1813795765328584,108,106,0.9814814814814816,0,AMS-amsterdam-chain-166482-0|qp27
2.267,50.0,27.0,9.0,20,1.39,0.48,1.0854077380952598,20160,0.1852668725187435,108,111,1.0277777777777777,0,AMS-amsterdam-chain-166482-0|qp27
2.796,50.0,14.0,19.0,6,1.39,0.48,1.257599640732043,8907,0.0663671316165953,56,58,1.0357142857142858,0,AMS-amsterdam-chain-22812-0|qp14
2.796,50.0,14.0,19.0,22,1.39,0.48,1.2700190732637746,8913,0.0664118383404863,56,54,0.9642857142857144,0,AMS-amsterdam-chain-22812-0|qp14
2.796,50.0,34.0,11.0,8,1.39,0.48,1.1877940920181371,22952,0.1710181211254157,136,135,0.9926470588235294,0,AMS-amsterdam-chain-22812-0|qp34
2.796,50.0,34.0,11.0,24,1.39,0.48,1.219865126979088,22169,0.1651838936576052,136,130,0.9558823529411764,0,AMS-amsterdam-chain-22812-0|qp34
2.575,50.0,13.0,19.0,10,1.39,0.48,1.2217977397180355,8583,0.0694417475728153,52,52,1.0,0,AMS-amsterdam-chain-32802-0|qp13
2.575,50.0,13.0,19.0,26,1.39,0.48,1.2118981110474962,8735,0.0706715210355991,52,51,0.9807692307692308,0,AMS-amsterdam-chain-32802-0|qp13
2.575,50.0,31.0,13.0,12,1.39,0.48,1.108708547614858,22556,0.1824919093851108,124,126,1.0161290322580645,0,AMS-amsterdam-chain-32802-0|qp31
2.575,50.0,31.0,13.0,28,1.39,0.48,1.196299678274094,21136,0.1710032362459547,124,126,1.0161290322580645,0,AMS-amsterdam-chain-32802-0|qp31
2.575,50.0,31.0,14.0,14,1.39,0.48,1.1029276816919646,22318,0.1805663430420693,124,125,1.0080645161290325,0,AMS-amsterdam-chain-32802-0|qp31
2.482,50.0,12.0,19.0,0,1.39,0.48,1.1722603824138358,8211,0.068921232876712,48,50,1.0416666666666667,0,AMS-amsterdam-chain-44642-0|qp12
2.482,50.0,12.0,19.0,16,1.39,0.48,1.2685614266843008,7570,0.0635408272898208,48,47,0.9791666666666666,0,AMS-amsterdam-chain-44642-0|qp12
2.482,50.0,30.0,13.0,2,1.39,0.48,1.164216461063994,20752,0.1741874832124639,120,121,1.0083333333333333,0,AMS-amsterdam-chain-44642-0|qp30
2.482,50.0,30.0,13.0,18,1.39,0.48,1.179409660983768,20412,0.1713336019339251,120,119,0.9916666666666668,0,AMS-amsterdam-chain-44642-0|qp30
2.482,50.0,30.0,14.0,4,1.39,0.48,1.1733261990465171,20558,0.1725590921300039,120,120,1.0,0,AMS-amsterdam-chain-44642-0|qp30
2.482,50.0,30.0,14.0,20,1.39,0.48,1.1800564389478188,20376,0.1710314262691387,120,119,0.9916666666666668,0,AMS-amsterdam-chain-44642-0|qp30
2.166,50.0,11.0,13.0,6,1.39,0.48,1.285896647635782,6831,0.0657029085872571,44,44,1.0,0,AMS-amsterdam-chain-45268-50|qp11
2.166,50.0,11.0,13.0,22,1.39,0.48,1.245595254710373,7165,0.0689154355186215,44,44,1.0,0,AMS-amsterdam-chain-45268-50|qp11
2.166,50.0,11.0,14.0,8,1.39,0.48,1.2032577181208293,7450,0.0716566635887967,44,43,0.9772727272727272,0,AMS-amsterdam-chain-45268-50|qp11
2.166,50.0,11.0,14.0,24,1.39,0.48,1.2388003320880037,7227,0.0695117728531856,44,43,0.9772727272727272,0,AMS-amsterdam-chain-45268-50|qp11
2.166,50.0,26.0,9.0,10,1.39,0.48,1.1393992685812555,18594,0.1788434903047091,104,105,1.0096153846153846,0,AMS-amsterdam-chain-45268-50|qp26
2.166,50.0,26.0,9.0,26,1.39,0.48,1.1158209906035952,18837,0.1811807479224366,104,105,1.0096153846153846,0,AMS-amsterdam-chain-45268-50|qp26
1.662,50.0,20.0,11.0,12,1.39,0.48,1.220736280487777,13120,0.164460489370234,80,79,0.9875,0,AMS-amsterdam-chain-79104-0|qp20
1.662,50.0,20.0,11.0,28,1.39,0.48,1.1864028616141171,13419,0.1682084837545104,80,78,0.975,0,AMS-amsterdam-chain-79104-0|qp20
1.662,50.0,8.0,11.0,14,1.39,0.48,1.2338269230769157,5200,0.0651825110308872,32,32,1.0,0,AMS-amsterdam-chain-79104-0|qp8
2.408,50.0,43.3,7.0,0,1.39,0.48,1.138068025877332,30606,0.2647944352159429,172,178,1.0348837209302326,0,DC-012|qp43.3
2.408,50.0,43.3,7.0,16,1.39,0.48,1.1696049432739335,29616,0.2562292358804002,172,169,0.9825581395348836,0,DC-012|qp43.3
3.719,50.0,66.9,7.0,2,1.39,0.48,0.9977415908336328,54286,0.3041028054136436,268,268,1.0,0,DC-015|qp66.9
3.719,50.0,66.9,7.0,18,1.39,0.48,1.0272142335344878,52018,0.2913977771802525,268,265,0.9888059701492538,0,DC-015|qp66.9
2.722,50.0,49.0,9.0,4,1.39,0.48,1.1238479685451328,34335,0.2627893093313719,196,195,0.9948979591836736,0,DC-048|qp49.0
2.722,50.0,49.0,9.0,20,1.39,0.48,1.1301356494863912,34943,0.2674427504286045,196,199,1.0153061224489797,0,DC-048|qp49.0
3.609,50.0,65.0,7.0,6,1.39,0.48,1.046786585243005,49617,0.286419368246051,260,254,0.9769230769230768,0,DC-051|qp65.0
3.609,50.0,65.0,7.0,22,1.39,0.48,1.0218886527335858,50814,0.2933291770573557,260,253,0.9730769230769232,0,DC-051|qp65.0
2.48,50.0,44.6,9.0,8,1.39,0.48,1.0943962676685846,32473,0.2727906586021516,178,177,0.99438202247191,0,DC-066|qp44.6
2.48,50.0,44.6,9.0,24,1.39,0.48,1.1721812975857042,30734,0.2581821236559143,178,176,0.9887640449438202,0,DC-066|qp44.6
3.54,50.0,63.7,7.0,10,1.39,0.48,1.0464328579060729,48658,0.2863582862523566,254,251,0.9881889763779528,0,DC-069|qp63.7
3.54,50.0,63.7,7.0,26,1.39,0.48,1.038168152242718,49027,0.2885298964218495,254,251,0.9881889763779528,0,DC-069|qp63.7
2.46,50.0,44.3,9.0,12,1.39,0.48,1.1549109292248398,31155,0.2638465447154453,178,171,0.9606741573033708,0,DC-084|qp44.3
2.46,50.0,44.3,9.0,28,1.39,0.48,1.133296389215296,31489,0.2666751355013564,178,174,0.9775280898876404,0,DC-084|qp44.3
4.98,50.0,89.6,7.0,14,1.39,0.48,0.9662546505131158,73379,0.3069737282463258,358,342,0.9553072625698324,0,DC-087|qp89.6
2.438,50.0,43.9,7.0,0,1.39,0.48,1.13491097360784,31676,0.2706795187312081,176,178,1.0113636363636365,0,DC-099|qp43.9
2.438,50.0,43.9,7.0,16,1.39,0.48,1.1617237054883105,30301,0.2589297921793864,176,176,1.0,0,DC-099|qp43.9
2.4,50.0,43.2,9.0,2,1.39,0.48,1.125539339689998,30834,0.267656249999999,174,170,0.9770114942528736,0,DC-114|qp43.2
2.4,50.0,43.2,9.0,18,1.39,0.48,1.0964378589913972,31686,0.2750520833333335,174,170,0.9770114942528736,0,DC-114|qp43.2
1.697,50.0,8.0,7.0,4,1.39,0.48,1.2239353150121854,5349,0.0656673541543882,32,31,0.96875,0,MEL-melbourne-1389612-0-2|qp8
1.697,50.0,8.0,7.0,20,1.39,0.48,1.2567759562841656,5124,0.0629051266941648,32,34,1.0625,0,MEL-melbourne-1389612-0-2|qp8
2.722,50.0,33.0,13.0,6,1.39,0.48,1.2265376214157455,21517,0.1646843619887351,132,134,1.0151515151515151,0,MEL-melbourne-1389823-0-3|qp33
2.722,50.0,33.0,13.0,22,1.39,0.48,1.208722219665981,21733,0.1663375581680122,132,126,0.9545454545454546,0,MEL-melbourne-1389823-0-3|qp33
2.722,50.0,33.0,14.0,8,1.39,0.48,1.162446669569032,22970,0.1758051677687954,132,137,1.0378787878787878,0,MEL-melbourne-1389823-0-3|qp33
2.722,50.0,33.0,14.0,24,1.39,0.48,1.2251861800666812,21592,0.1652583884398734,132,135,1.0227272727272727,0,MEL-melbourne-1389823-0-3|qp33
2.156,50.0,11.0,13.0,10,1.39,0.48,1.2650590948399918,6938,0.0670415893630196,44,43,0.9772727272727272,0,MEL-melbourne-1434605-0-0|qp11
2.156,50.0,11.0,13.0,26,1.39,0.48,1.2500719932241564,7084,0.0684523809523818,44,44,1.0,0,MEL-melbourne-1434605-0-0|qp11
2.156,50.0,11.0,14.0,12,1.39,0.48,1.268499351304619,6937,0.0670319264069273,44,46,1.0454545454545454,0,MEL-melbourne-1434605-0-0|qp11
2.156,50.0,11.0,14.0,28,1.39,0.48,1.2578613045331994,7037,0.0679982220160805,44,44,1.0,0,MEL-melbourne-1434605-0-0|qp11
2.156,50.0,26.0,9.0,14,1.39,0.48,1.1734757227055892,17815,0.1721455627705639,104,104,1.0,0,MEL-melbourne-1434605-0-0|qp26
1.749,50.0,9.0,7.0,0,1.39,0.48,1.1838403663722987,6114,0.0728273299028022,36,35,0.9722222222222222,0,MEL-melbourne-1465622-0-2|qp9
1.749,50.0,9.0,7.0,16,1.39,0.48,1.2420166638326702,5881,0.0700519344387275,36,34,0.9444444444444444,0,MEL-melbourne-1465622-0-2|qp9
2.348,50.0,12.0,13.0,2,1.39,0.48,1.2195519736006737,7879,0.0699087876206689,48,46,0.9583333333333334,0,MEL-melbourne-1465759-0-1|qp12
2.348,50.0,12.0,13.0,18,1.39,0.48,1.2845596061734903,7516,0.0666879613855759,48,48,1.0,0,MEL-melbourne-1465759-0-1|qp12
2.348,50.0,12.0,14.0,4,1.39,0.48,1.2339176183754963,7793,0.069145726859738,48,49,1.0208333333333333,0,MEL-melbourne-1465759-0-1|qp12
2.348,50.0,12.0,14.0,20,1.39,0.48,1.2763626792999043,7599,0.0674244037478693,48,46,0.9583333333333334,0,MEL-melbourne-1465759-0-1|qp12
2.348,50.0,28.0,11.0,6,1.39,0.48,1.1913795292251703,18905,0.1677402754116969,112,110,0.9821428571428572,0,MEL-melbourne-1465759-0-1|qp28
2.348,50.0,28.0,11.0,22,1.39,0.48,1.2271403547186182,18268,0.1620883021010775,112,110,0.9821428571428572,0,MEL-melbourne-1465759-0-1|qp28
1.83,50.0,9.0,9.0,8,1.39,0.48,1.2302859545836715,5945,0.0676798724954448,36,37,1.0277777777777777,0,MEL-melbourne-1477330-0-0|qp9
1.83,50.0,9.0,9.0,24,1.39,0.48,1.2610123541523717,5828,0.06634790528233,36,36,1.0,0,MEL-melbourne-1477330-0-0|qp9
5.175,50.0,26.0,19.0,10,1.39,0.48,1.204102371746841,17329,0.0697624798711751,104,104,1.0,0,MEL-melbourne-1515142-0-0|qp26
5.175,50.0,26.0,19.0,26,1.39,0.48,1.235478368647807,16943,0.0682085346215773,104,105,1.0096153846153846,0,MEL-melbourne-1515142-0-0|qp26
5.175,50.0,62.0,7.0,12,1.39,0.48,1.1818150514141654,42109,0.1695209339774546,248,249,1.0040322580645162,0,MEL-melbourne-1515142-0-0|qp62
5.175,50.0,62.0,7.0,28,1.39,0.48,1.0690409212594782,47066,0.1894766505636093,248,253,1.0201612903225807,0,MEL-melbourne-1515142-0-0|qp62
1.844,50.0,22.0,7.0,14,1.39,0.48,1.114234440862872,16132,0.1822577729573385,88,90,1.0227272727272727,0,MEL-melbourne-RPSP02B11034-0-0|qp22
1.844,50.0,9.0,11.0,0,1.39,0.48,1.1789365548981312,6084,0.0687364425162712,36,34,0.9444444444444444,0,MEL-melbourne-RPSP02B11034-0-0|qp9
1.844,50.0,9.0,11.0,16,1.39,0.48,1.2193443997317166,5964,0.067380694143169,36,36,1.0,0,MEL-melbourne-RPSP02B11034-0-0|qp9
3.609,50.0,54.0,11.0,2,1.39,0.48,1.065550518293418,40807,0.2355627135864039,216,216,1.0,0,MEL-melbourne-RPSP03A10530L1-0-0|qp54
3.609,50.0,54.0,11.0,18,1.39,0.48,1.0960655737704883,39650,0.2288838089960269,216,215,0.9953703703703703,0,MEL-melbourne-RPSP03A10530L1-0-0|qp54
3.194,50.0,38.0,13.0,4,1.39,0.48,1.212205823693463,25070,0.1635227509914437,152,153,1.006578947368421,0,MEL-melbourne-RPSP03A11034L1-0-0|qp38
3.194,50.0,38.0,13.0,20,1.39,0.48,1.2175076280712671,24908,0.1624660822375313,152,153,1.006578947368421,0,MEL-melbourne-RPSP03A11034L1-0-0|qp38
3.194,50.0,38.0,14.0,6,1.39,0.48,1.2165690145294514,25328,0.1652055938217519,152,157,1.0328947368421053,0,MEL-melbourne-RPSP03A11034L1-0-0|qp38
3.194,50.0,38.0,14.0,22,1.39,0.48,1.1720404001539575,25990,0.1695235858902131,152,150,0.986842105263158,0,MEL-melbourne-RPSP03A11034L1-0-0|qp38
3.121,50.0,16.0,19.0,8,1.39,0.48,1.2483434323690392,10232,0.0683007583039624,64,64,1.0,0,MEL-melbourne-RPSP07A11127-0-0|qp16
3.121,50.0,16.0,19.0,24,1.39,0.48,1.3015327140549573,9904,0.0661112891167361,64,64,1.0,0,MEL-melbourne-RPSP07A11127-0-0|qp16
3.121,50.0,38.0,11.0,10,1.39,0.48,1.1992196315146264,25347,0.1691965716116582,152,153,1.006578947368421,0,MEL-melbourne-RPSP07A11127-0-0|qp38
3.121,50.0,38.0,11.0,26,1.39,0.48,1.1976931903612822,25273,0.1687026060023443,152,156,1.0263157894736843,0,MEL-melbourne-RPSP07A11127-0-0|qp38
3.499,50.0,52.0,9.0,12,1.39,0.48,1.1654759791411693,36052,0.2146565685433952,208,211,1.0144230769230769,0,MEL-melbourne-RPSP0814955L1-0-0|qp52
3.499,50.0,52.0,9.0,28,1.39,0.48,1.1230555998088332,37662,0.2242426407545011,208,206,0.9903846153846154,0,MEL-melbourne-RPSP0814955L1-0-0|qp52
6.11,50.0,31.0,16.0,14,1.39,0.48,1.1723148103983003,20965,0.0714845881069294,124,120,0.967741935483871,0,NTP-newtaipei-idx11355-0-2|qp31
6.11,50.0,31.0,17.0,0,1.39,0.48,1.1618022557085492,21634,0.0737656846699408,124,125,1.0080645161290325,0,NTP-newtaipei-idx11355-0-2|qp31
6.11,50.0,31.0,17.0,16,1.39,0.48,1.2281029082775516,20115,0.0685863338788876,124,124,1.0,0,NTP-newtaipei-idx11355-0-2|qp31
4.98,50.0,25.0,19.0,2,1.39,0.48,1.1780012970933615,16961,0.0709546519410982,100,97,0.97,0,NTP-newtaipei-idx11808-0-1|qp25
4.98,50.0,25.0,19.0,18,1.39,0.48,1.216177554843899,16547,0.0692227242302547,100,99,0.99,0,NTP-newtaipei-idx11808-0-1|qp25
4.98,50.0,60.0,11.0,4,1.39,0.48,1.0427679234566494,45778,0.1915076974564926,240,236,0.9833333333333332,0,NTP-newtaipei-idx11808-0-1|qp60
4.98,50.0,60.0,11.0,20,1.39,0.48,1.1123795041930726,43404,0.1815763052208855,240,243,1.0125,0,NTP-newtaipei-idx11808-0-1|qp60
1.78,50.0,9.0,9.0,6,1.39,0.48,1.303531487034768,5669,0.0663506554307091,36,37,1.0277777777777777,0,NTP-newtaipei-idx11901-0-0|qp9
1.78,50.0,9.0,9.0,22,1.39,0.48,1.224852071005913,5915,0.069229868913855,36,37,1.0277777777777777,0,NTP-newtaipei-idx11901-0-0|qp9
1.8,50.0,9.0,7.0,8,1.39,0.48,1.2571004685059717,5763,0.0667013888888885,36,37,1.0277777777777777,0,NTP-newtaipei-idx13763-0-2|qp9
1.8,50.0,9.0,7.0,24,1.39,0.48,1.279510076441975,5756,0.06662037037037,36,36,1.0,0,NTP-newtaipei-idx13763-0-2|qp9
1.71,50.0,9.0,7.0,10,1.39,0.48,1.2251338766006916,6013,0.0732577972709569,36,37,1.0277777777777777,0,NTP-newtaipei-idx13776-0-2|qp9
1.71,50.0,9.0,7.0,26,1.39,0.48,1.2473336745137746,5862,0.0714181286549724,36,37,1.0277777777777777,0,NTP-newtaipei-idx13776-0-2|qp9
2.46,50.0,12.0,19.0,12,1.39,0.48,1.2804689160467893,7528,0.0637533875338761,48,50,1.0416666666666667,0,NTP-newtaipei-idx251-0-0|qp12
2.46,50.0,12.0,19.0,28,1.39,0.48,1.2363246554364566,7836,0.0663617886178867,48,46,0.9583333333333334,0,NTP-newtaipei-idx251-0-0|qp12
2.46,50.0,30.0,11.0,14,1.39,0.48,1.1644911248311722,20732,0.1755758807588094,120,121,1.0083333333333333,0,NTP-newtaipei-idx251-0-0|qp30
2.99,50.0,36.0,13.0,0,1.39,0.48,1.1436128096582072,25512,0.1777591973244145,144,143,0.9930555555555556,0,NTP-newtaipei-idx4423-0-0|qp36
2.99,50.0,36.0,13.0,16,1.39,0.48,1.231377979763411,23324,0.1625139353400224,144,145,1.0069444444444444,0,NTP-newtaipei-idx4423-0-0|qp36
2.99,50.0,36.0,14.0,2,1.39,0.48,1.148431144450248,24929,0.173697045707916,144,147,1.0208333333333333,0,NTP-newtaipei-idx4423-0-0|qp36
2.99,50.0,36.0,14.0,18,1.39,0.48,1.1614833013742971,25032,0.1744147157190633,144,145,1.0069444444444444,0,NTP-newtaipei-idx4423-0-0|qp36
2.33,50.0,12.0,16.0,4,1.39,0.48,1.248689700130384,7670,0.0685801144492121,48,49,1.0208333333333333,0,NTP-newtaipei-idx5617-0-0|qp12
2.33,50.0,12.0,16.0,20,1.39,0.48,1.2625832793259963,7715,0.0689824749642331,48,47,0.9791666666666666,0,NTP-newtaipei-idx5617-0-0|qp12
2.33,50.0,12.0,17.0,6,1.39,0.48,1.243565520806491,7738,0.0691881258941335,48,49,1.0208333333333333,0,NTP-newtaipei-idx5617-0-0|qp12
2.33,50.0,12.0,17.0,22,1.39,0.48,1.3012357569180737,7372,0.0659155937052924,48,49,1.0208333333333333,0,NTP-newtaipei-idx5617-0-0|qp12
2.33,50.0,28.0,11.0,8,1.39,0.48,1.1586963229622478,19445,0.1738644492131625,112,114,1.0178571428571428,0,NTP-newtaipei-idx5617-0-0|qp28
2.33,50.0,28.0,11.0,24,1.39,0.48,1.1896904987873205,18966,0.1695815450643762,112,110,0.9821428571428572,0,NTP-newtaipei-idx5617-0-0|qp28
2.62,50.0,31.0,13.0,10,1.39,0.48,1.2078601602331491,20595,0.1637643129770976,124,125,1.0080645161290325,0,NTP-newtaipei-idx6820-0-0|qp31
2.62,50.0,31.0,13.0,26,1.39,0.48,1.211995999219356,20496,0.1629770992366407,124,123,0.9919354838709676,0,NTP-newtaipei-idx6820-0-0|qp31
2.62,50.0,31.0,14.0,12,1.39,0.48,1.2109526601202067,20469,0.1627624045801516,124,125,1.0080645161290325,0,NTP-newtaipei-idx6820-0-0|qp31
2.62,50.0,31.0,14.0,28,1.39,0.48,1.2082300076893917,20808,0.1654580152671755,124,125,1.0080645161290325,0,NTP-newtaipei-idx6820-0-0|qp31
2.9,50.0,35.0,11.0,14,1.39,0.48,1.165808640953459,24164,0.1735919540229836,140,138,0.9857142857142858,0,NTP-newtaipei-idx7804-0-0|qp35
1.91,50.0,10.0,9.0,0,1.39,0.48,1.1752044342067542,6946,0.075763525305411,40,40,1.0,0,NTP-newtaipei-idx9858-0-0|qp10
1.91,50.0,10.0,9.0,16,1.39,0.48,1.2199835008249378,6667,0.0727203315881334,40,40,1.0,0,NTP-newtaipei-idx9858-0-0|qp10
1.707,50.0,8.0,7.0,2,1.39,0.48,1.2312880782248652,5318,0.064904315563369,32,33,1.03125,0,NYC-nyc-110605-0-2|qp8
1.707,50.0,8.0,7.0,18,1.39,0.48,1.2854846526656232,4952,0.0604374145674688,32,33,1.03125,0,NYC-nyc-110605-0-2|qp8
2.408,50.0,12.0,19.0,4,1.39,0.48,1.244995464558793,7717,0.0667652962347719,48,49,1.0208333333333333,0,NYC-nyc-17655-0-0|qp12
2.408,50.0,12.0,19.0,20,1.39,0.48,1.2809030456177857,7519,0.0650522563676635,48,47,0.9791666666666666,0,NYC-nyc-17655-0-0|qp12
2.408,50.0,29.0,11.0,6,1.39,0.48,1.1925006419804391,19471,0.1684575719822856,116,116,1.0,0,NYC-nyc-17655-0-0|qp29
2.408,50.0,29.0,11.0,22,1.39,0.48,1.231349959774784,18645,0.161311254152824,116,115,0.9913793103448276,0,NYC-nyc-17655-0-0|qp29
2.073,50.0,10.0,11.0,8,1.39,0.48,1.235958102279713,6492,0.0652436082971545,40,39,0.975,0,NYC-nyc-199805-0-0|qp10
2.073,50.0,10.0,11.0,24,1.39,0.48,1.3032816455696268,6320,0.0635150345714752,40,40,1.0,0,NYC-nyc-199805-0-0|qp10
2.073,50.0,25.0,7.0,10,1.39,0.48,1.1841862636400315,17137,0.17222423219167,100,97,0.97,0,NYC-nyc-199805-0-0|qp25
2.073,50.0,25.0,7.0,26,1.39,0.48,1.171765829378367,17278,0.1736412606528368,100,100,1.0,0,NYC-nyc-199805-0-0|qp25
3.17,50.0,38.0,11.0,12,1.39,0.48,1.2139396223421532,25208,0.1656677181913763,152,150,0.986842105263158,0,NYC-nyc-20131-0-2|qp38
3.17,50.0,38.0,11.0,28,1.39,0.48,1.1956492642454668,25552,0.1679284963196623,152,151,0.993421052631579,0,NYC-nyc-20131-0-2|qp38
2.56,50.0,31.0,13.0,14,1.39,0.48,1.1461657303371258,21360,0.173828125,124,126,1.0161290322580645,0,NYC-nyc-214464-0-0|qp31
2.56,50.0,31.0,14.0,0,1.39,0.48,1.145923206712539,21929,0.1784586588541666,124,125,1.0080645161290325,0,NYC-nyc-214464-0-0|qp31
2.56,50.0,31.0,14.0,16,1.39,0.48,1.2208032601758687,20367,0.1657470703125,124,123,0.9919354838709676,0,NYC-nyc-214464-0-0|qp31
2.347,50.0,35.0,9.0,2,1.39,0.48,1.1539768639634045,24464,0.2171566538843895,140,139,0.9928571428571428,0,NYC-nyc-267383-0-0|qp35
2.347,50.0,35.0,9.0,18,1.39,0.48,1.1474947445019357,24736,0.2195710836528869,140,137,0.9785714285714284,0,NYC-nyc-267383-0-0|qp35
2.377,50.0,12.0,16.0,4,1.39,0.48,1.2607251153592662,7585,0.0664791053148219,48,49,1.0208333333333333,0,NYC-nyc-27695-0-3|qp12
2.377,50.0,12.0,16.0,20,1.39,0.48,1.2900810200558028,7529,0.0659882905623326,48,46,0.9583333333333334,0,NYC-nyc-27695-0-3|qp12
2.377,50.0,12.0,17.0,6,1.39,0.48,1.2708567228014565,7482,0.065576356752208,48,47,0.9791666666666666,0,NYC-nyc-27695-0-3|qp12
2.377,50.0,12.0,17.0,22,1.39,0.48,1.2868875233769856,7486,0.065611414948814,48,49,1.0208333333333333,0,NYC-nyc-27695-0-3|qp12
2.377,50.0,28.0,11.0,8,1.39,0.48,1.1490369992345166,19595,0.1717413406254372,112,115,1.0267857142857142,0,NYC-nyc-27695-0-3|qp28
2.377,50.0,28.0,11.0,24,1.39,0.48,1.205181230982786,18733,0.1641862992567649,112,113,1.0089285714285714,0,NYC-nyc-27695-0-3|qp28
1.676,50.0,8.0,7.0,10,1.39,0.48,1.1998080826720467,5419,0.0673602824184582,32,32,1.0,0,NYC-nyc-46079-0-1|qp8
1.676,50.0,8.0,7.0,26,1.39,0.48,1.2473378969385545,5259,0.0653714200477344,32,31,0.96875,0,NYC-nyc-46079-0-1|qp8
3.048,50.0,37.0,13.0,12,1.39,0.48,1.1999971734302988,24765,0.1692708333333382,148,148,1.0,0,NYC-nyc-59808-0-1|qp37
3.048,50.0,37.0,13.0,28,1.39,0.48,1.1959404666130389,24860,0.1699201662292258,148,148,1.0,0,NYC-nyc-59808-0-1|qp37
3.048,50.0,37.0,14.0,14,1.39,0.48,1.1704249000119324,25253,0.1726063538932684,148,148,1.0,0,NYC-nyc-59808-0-1|qp37
5.06,50.0,25.0,19.0,0,1.39,0.48,1.1560336688847874,17583,0.0723937747035585,100,102,1.02,0,NYC-nyc-62758-0-0|qp25
5.06,50.0,25.0,19.0,16,1.39,0.48,1.2747821364682268,15652,0.0644433465085645,100,101,1.01,0,NYC-nyc-62758-0-0|qp25
5.06,50.0,61.0,9.0,2,1.39,0.48,1.049219102798976,46946,0.1932888669301736,244,247,1.0122950819672132,0,NYC-nyc-62758-0-0|qp61
5.06,50.0,61.0,9.0,18,1.39,0.48,1.089340504831824,44807,0.1844820487483545,244,239,0.9795081967213116,0,NYC-nyc-62758-0-0|qp61
3.719,50.0,19.0,19.0,4,1.39,0.48,1.2710576282478336,12008,0.0672671865196758,76,76,1.0,0,NYC-nyc-9648-0-0|qp19
3.719,50.0,19.0,19.0,20,1.39,0.48,1.285535191229412,11949,0.0669366765259493,76,75,0.986842105263158,0,NYC-nyc-9648-0-0|qp19
3.719,50.0,45.0,11.0,6,1.39,0.48,1.1885617116819427,30286,0.169658062203103,180,179,0.9944444444444444,0,NYC-nyc-9648-0-0|qp45
3.719,50.0,45.0,11.0,22,1.39,0.48,1.1605125052577443,30907,0.1731368199336742,180,179,0.9944444444444444,0,NYC-nyc-9648-0-0|qp45
2.103,50.0,32.0,7.0,8,1.39,0.48,1.1048754937317642,23292,0.2307417974322362,128,130,1.015625,0,NYC-nyc-98749-0-2|qp32
2.103,50.0,32.0,7.0,24,1.39,0.48,1.1187013603972986,23155,0.2293846092883151,128,128,1.0,0,NYC-nyc-98749-0-2|qp32
4.115,50.0,62.0,7.0,10,1.39,0.48,1.1704127460872151,42617,0.21576042932361,248,253,1.0201612903225807,0,SEA-seattle-5423808-0-1|qp62
4.115,50.0,62.0,7.0,26,1.39,0.48,1.1162559985650382,44594,0.225769542324828,248,241,0.9717741935483872,0,SEA-seattle-5423808-0-1|qp62
1.829,50.0,9.0,7.0,12,1.39,0.48,1.2744869805139316,5799,0.0660538545653366,36,36,1.0,0,SEA-seattle-5426480-0-0|qp9
1.829,50.0,9.0,7.0,28,1.39,0.48,1.2556473877336864,5723,0.0651881720430104,36,36,1.0,0,SEA-seattle-5426480-0-0|qp9
2.54,50.0,38.0,11.0,14,1.39,0.48,1.1462146742231147,26291,0.2156414041994789,152,149,0.9802631578947368,0,SEA-seattle-5426595-0-0|qp38
1.651,50.0,8.0,7.0,0,1.39,0.48,1.2055215996981858,5301,0.0668912780133232,32,32,1.0,0,SEA-seattle-5432169-0-1|qp8
1.651,50.0,8.0,7.0,16,1.39,0.48,1.2161081794195263,5306,0.0669543710882277,32,31,0.96875,0,SEA-seattle-5432169-0-1|qp8
1.829,50.0,9.0,7.0,2,1.39,0.48,1.2759070095103917,5678,0.0646755968653174,36,36,1.0,0,SEA-seattle-5433778-0-0|qp9
1.829,50.0,9.0,7.0,18,1.39,0.48,1.2496749092166377,5783,0.065871605613267,36,36,1.0,0,SEA-seattle-5433778-0-0|qp9
2.438,50.0,37.0,11.0,4,1.39,0.48,1.1695132586916737,25455,0.2175194831829456,148,148,1.0,0,SEA-seattle-5434873-0-0|qp37
2.438,50.0,37.0,11.0,20,1.39,0.48,1.174717842817993,25181,0.2151780831282565,148,148,1.0,0,SEA-seattle-5434873-0-0|qp37
1.829,50.0,9.0,11.0,6,1.39,0.48,1.2691349843041608,5734,0.0653134681975575,36,37,1.0277777777777777,0,SEA-seattle-5438086-0-1|qp9
1.829,50.0,9.0,11.0,22,1.39,0.48,1.2343638204522422,5926,0.0675004556223794,36,37,1.0277777777777777,0,SEA-seattle-5438086-0-1|qp9
4.064,50.0,61.0,7.0,8,1.39,0.48,1.1148742246336591,43689,0.2239634596456684,244,242,0.9918032786885246,0,SEA-seattle-5445989-0-0|qp61
4.064,50.0,61.0,7.0,24,1.39,0.48,1.163586138096587,42101,0.2158228756561672,244,244,1.0,0,SEA-seattle-5445989-0-0|qp61
1.829,50.0,9.0,7.0,10,1.39,0.48,1.2471515871668577,5891,0.06710178603973,36,37,1.0277777777777777,0,SEA-seattle-5449118-0-0|qp9
1.829,50.0,9.0,7.0,26,1.39,0.48,1.2550094713276687,5807,0.0661449790413707,36,37,1.0277777777777777,0,SEA-seattle-5449118-0-0|qp9
1.829,50.0,22.0,7.0,12,1.39,0.48,1.1042663310412286,16288,0.1855294332057576,88,87,0.9886363636363636,0,SEA-seattle-5449903-0-0|qp22
1.829,50.0,22.0,7.0,28,1.39,0.48,1.092269927425762,16397,0.186771004191724,88,90,1.0227272727272727,0,SEA-seattle-5449903-0-0|qp22
1.829,50.0,9.0,9.0,14,1.39,0.48,1.2214346421893576,5883,0.0670106615636954,36,37,1.0277777777777777,0,SEA-seattle-5449903-0-0|qp9
2.438,50.0,12.0,19.0,0,1.39,0.48,1.1293731065019816,8582,0.073335384194697,48,49,1.0208333333333333,0,SEA-seattle-5452128-0-1|qp12
2.438,50.0,12.0,19.0,16,1.39,0.48,1.2710742827197787,7633,0.0652259365600238,48,48,1.0,0,SEA-seattle-5452128-0-1|qp12
2.438,50.0,29.0,13.0,2,1.39,0.48,1.1551559086395171,20140,0.1721014492753663,116,117,1.0086206896551724,0,SEA-seattle-5452128-0-1|qp29
2.438,50.0,29.0,13.0,18,1.39,0.48,1.1805563771737984,19609,0.1675639185124449,116,114,0.9827586206896552,0,SEA-seattle-5452128-0-1|qp29
2.438,50.0,29.0,14.0,4,1.39,0.48,1.1628933110536497,19749,0.1687602543068121,116,114,0.9827586206896552,0,SEA-seattle-5452128-0-1|qp29
2.438,50.0,29.0,14.0,20,1.39,0.48,1.1831300480523763,19562,0.1671622914957649,116,116,1.0,0,SEA-seattle-5452128-0-1|qp29
1.829,50.0,22.0,9.0,6,1.39,0.48,1.1383884738527246,15929,0.1814402223437204,88,86,0.9772727272727272,0,SEA-seattle-5453813-0-0|qp22
1.829,50.0,22.0,9.0,22,1.39,0.48,1.1475354375354536,15873,0.1808023510114793,88,89,1.0113636363636365,0,SEA-seattle-5453813-0-0|qp22
1.829,50.0,9.0,9.0,8,1.39,0.48,1.1853213367609123,6224,0.0708948423546553,36,37,1.0277777777777777,0,SEA-seattle-5453813-0-0|qp9
1.829,50.0,9.0,9.0,24,1.39,0.48,1.2095681818181927,6160,0.0701658465463822,36,36,1.0,0,SEA-seattle-5453813-0-0|qp9
2.591,50.0,31.0,13.0,10,1.39,0.48,1.2148339915168356,20511,0.1649218448475469,124,125,1.0080645161290325,0,SEA-seattle-5454776-0-1|qp31
2.591,50.0,31.0,13.0,26,1.39,0.48,1.2007205504676235,20637,0.1659349671941307,124,123,0.9919354838709676,0,SEA-seattle-5454776-0-1|qp31
2.591,50.0,31.0,14.0,12,1.39,0.48,1.19431887422026,20679,0.1662726746429921,124,125,1.0080645161290325,0,SEA-seattle-5454776-0-1|qp31
2.591,50.0,31.0,14.0,28,1.39,0.48,1.2018049990460151,20964,0.1685642609031226,124,124,1.0,0,SEA-seattle-5454776-0-1|qp31
1.8,50.0,22.0,7.0,14,1.39,0.48,1.1387344371710906,15582,0.1803472222222285,88,87,0.9886363636363636,0,TAO-taoyuan-idx10181-0-0|qp22
1.8,50.0,9.0,7.0,0,1.39,0.48,1.1584369055168424,6308,0.0730092592592587,36,35,0.9722222222222222,0,TAO-taoyuan-idx10181-0-0|qp9
1.8,50.0,9.0,7.0,16,1.39,0.48,1.2655671719811712,5739,0.0664236111111097,36,35,0.9722222222222222,0,TAO-taoyuan-idx10181-0-0|qp9
3.0,50.0,36.0,11.0,2,1.39,0.48,1.1919157833720495,24152,0.1677222222222209,144,147,1.0208333333333333,0,TAO-taoyuan-idx158-0-0|qp36
3.0,50.0,36.0,11.0,18,1.39,0.48,1.2008098969072571,24250,0.1684027777777766,144,147,1.0208333333333333,0,TAO-taoyuan-idx158-0-0|qp36
2.4,50.0,12.0,16.0,4,1.39,0.48,1.2794162234042643,7520,0.0652777777777783,48,48,1.0,0,TAO-taoyuan-idx3410-0-9|qp12
2.4,50.0,12.0,16.0,20,1.39,0.48,1.2601557228133995,7706,0.0668923611111114,48,46,0.9583333333333334,0,TAO-taoyuan-idx3410-0-9|qp12
2.4,50.0,12.0,17.0,6,1.39,0.48,1.2991596180082623,7330,0.0636284722222224,48,48,1.0,0,TAO-taoyuan-idx3410-0-9|qp12
2.4,50.0,12.0,17.0,22,1.39,0.48,1.276953457446814,7520,0.0652777777777779,48,49,1.0208333333333333,0,TAO-taoyuan-idx3410-0-9|qp12
2.4,50.0,29.0,11.0,8,1.39,0.48,1.1661154868810923,19933,0.1730295138888877,116,118,1.0172413793103448,0,TAO-taoyuan-idx3410-0-9|qp29
2.4,50.0,29.0,11.0,24,1.39,0.48,1.2210125184094642,19012,0.1650347222222228,116,115,0.9913793103448276,0,TAO-taoyuan-idx3410-0-9|qp29
2.04,50.0,10.0,9.0,10,1.39,0.48,1.2613129102844618,6398,0.0653390522875815,40,40,1.0,0,TAO-taoyuan-idx3430-0-3|qp10
2.04,50.0,10.0,9.0,26,1.39,0.48,1.2704060509554216,6280,0.064133986928105,40,41,1.025,0,TAO-taoyuan-idx3430-0-3|qp10
2.04,50.0,24.0,9.0,12,1.39,0.48,1.138037225042318,17139,0.175030637254901,96,98,1.0208333333333333,0,TAO-taoyuan-idx3430-0-3|qp24
2.04,50.0,24.0,9.0,28,1.39,0.48,1.1352823764236075,17034,0.1739583333333331,96,96,1.0,0,TAO-taoyuan-idx3430-0-3|qp24
1.87,50.0,22.0,7.0,14,1.39,0.48,1.109991974813242,16199,0.1804701426024976,88,88,1.0,0,TAO-taoyuan-idx5160-0-0|qp22
1.87,50.0,9.0,9.0,0,1.39,0.48,1.1742518542406075,6202,0.0690953654188954,36,35,0.9722222222222222,0,TAO-taoyuan-idx5160-0-0|qp9
1.87,50.0,9.0,9.0,16,1.39,0.48,1.2606575768035742,5794,0.0645499108734406,36,35,0.9722222222222222,0,TAO-taoyuan-idx5160-0-0|qp9
6.92,50.0,35.0,13.0,2,1.39,0.48,1.2079242359018392,23230,0.0699361753371855,140,139,0.9928571428571428,0,TAO-taoyuan-idx531-0-1|qp35
6.92,50.0,35.0,13.0,18,1.39,0.48,1.2000539805330888,23527,0.0708303227360297,140,140,1.0,0,TAO-taoyuan-idx531-0-1|qp35
6.92,50.0,35.0,14.0,4,1.39,0.48,1.2343781664389064,22699,0.0683375481695561,140,141,1.0071428571428571,0,TAO-taoyuan-idx531-0-1|qp35
6.92,50.0,35.0,14.0,20,1.39,0.48,1.2319770975557036,22705,0.0683556117533702,140,138,0.9857142857142858,0,TAO-taoyuan-idx531-0-1|qp35
6.92,50.0,83.0,11.0,6,1.39,0.48,0.913421531569412,71430,0.2150469653179196,332,331,0.9969879518072288,0,TAO-taoyuan-idx531-0-1|qp83
6.92,50.0,83.0,11.0,22,1.39,0.48,0.9249730943604306,70803,0.2131593208092488,332,326,0.9819277108433736,0,TAO-taoyuan-idx531-0-1|qp83
2.6,50.0,31.0,13.0,8,1.39,0.48,1.1482818896913354,21739,0.1741907051281995,124,125,1.0080645161290325,0,TAO-taoyuan-idx5379-0-4|qp31
2.6,50.0,31.0,13.0,24,1.39,0.48,1.238408616058041,20102,0.161073717948714,124,124,1.0,0,TAO-taoyuan-idx5379-0-4|qp31
2.6,50.0,31.0,14.0,10,1.39,0.48,1.2032508436446263,20447,0.1638381410256377,124,127,1.0241935483870968,0,TAO-taoyuan-idx5379-0-4|qp31
2.6,50.0,31.0,14.0,26,1.39,0.48,1.2011487859146792,20674,0.1656570512820459,124,124,1.0,0,TAO-taoyuan-idx5379-0-4|qp31
2.28,50.0,34.0,9.0,12,1.39,0.48,1.1724365832614163,23180,0.2118055555555595,136,136,1.0,0,TAO-taoyuan-idx578-0-8|qp34
2.28,50.0,34.0,9.0,28,1.39,0.48,1.1731302331573084,23289,0.2128015350877248,136,133,0.9779411764705882,0,TAO-taoyuan-idx578-0-8|qp34
2.3,50.0,12.0,16.0,14,1.39,0.48,1.2816908534148943,7511,0.068034420289853,48,47,0.9791666666666666,0,TAO-taoyuan-idx6720-0-3|qp12
2.3,50.0,12.0,17.0,0,1.39,0.48,1.1533007043094146,8377,0.0758786231884035,48,49,1.0208333333333333,0,TAO-taoyuan-idx6720-0-3|qp12
2.3,50.0,12.0,17.0,16,1.39,0.48,1.212599118942751,7945,0.0719655797101426,48,49,1.0208333333333333,0,TAO-taoyuan-idx6720-0-3|qp12
2.3,50.0,28.0,11.0,2,1.39,0.48,1.1510398976982763,19550,0.1770833333333318,112,110,0.9821428571428572,0,TAO-taoyuan-idx6720-0-3|qp28
2.3,50.0,28.0,11.0,18,1.39,0.48,1.16950065087218,19205,0.173958333333332,112,112,1.0,0,TAO-taoyuan-idx6720-0-3|qp28
2.23,50.0,11.0,11.0,4,1.39,0.48,1.2807847730600226,6830,0.0638079222720468,44,44,1.0,0,TAO-taoyuan-idx7044-0-7|qp11
2.23,50.0,11.0,11.0,20,1.39,0.48,1.334910983705451,6628,0.0619207772795199,44,44,1.0,0,TAO-taoyuan-idx7044-0-7|qp11
2.23,50.0,27.0,11.0,6,1.39,0.48,1.1698034451104644,18519,0.1730100896860984,108,111,1.0277777777777777,0,TAO-taoyuan-idx7044-0-7|qp27
2.23,50.0,27.0,11.0,22,1.39,0.48,1.216959776536278,17900,0.1672272047832577,108,107,0.9907407407407408,0,TAO-taoyuan-idx7044-0-7|qp27
1.97,50.0,10.0,9.0,8,1.39,0.48,1.258753918495305,6380,0.0674703891708969,40,39,0.975,0,TAO-taoyuan-idx718-0-1|qp10
1.97,50.0,10.0,9.0,24,1.39,0.48,1.263560257589717,6522,0.0689720812182751,40,41,1.025,0,TAO-taoyuan-idx718-0-1|qp10
1.97,50.0,24.0,7.0,10,1.39,0.48,1.1503529693773549,16687,0.1764699661590533,96,99,1.03125,0,TAO-taoyuan-idx718-0-1|qp24
1.97,50.0,24.0,7.0,26,1.39,0.48,1.1122650602409163,17430,0.1843274111675129,96,96,1.0,0,TAO-taoyuan-idx718-0-1|qp24
3.07,50.0,37.0,13.0,12,1.39,0.48,1.1896451264836736,25023,0.1698086319218244,148,150,1.0135135135135136,0,TAO-taoyuan-idx9038-0-2|qp37
3.07,50.0,37.0,13.0,28,1.39,0.48,1.2038862884351618,24782,0.1681731813246432,148,146,0.9864864864864864,0,TAO-taoyuan-idx9038-0-2|qp37
3.07,50.0,37.0,14.0,14,1.39,0.48,1.1395715168843792,25882,0.1756378935939197,148,147,0.9932432432432432,0,TAO-taoyuan-idx9038-0-2|qp37
2.69,50.0,40.0,11.0,0,1.39,0.48,1.1224580426825177,28958,0.2242719950433689,160,163,1.01875,0,TPE-taipei-idx11047-0-0|qp40
2.69,50.0,40.0,11.0,16,1.39,0.48,1.210560353026283,26287,0.2035858116480776,160,158,0.9875,0,TPE-taipei-idx11047-0-0|qp40
1.99,50.0,10.0,11.0,2,1.39,0.48,1.2550824823252371,6365,0.0666352596314911,40,38,0.95,0,TPE-taipei-idx14193-0-0|qp10
1.99,50.0,10.0,11.0,18,1.39,0.48,1.2728297055057138,6248,0.065410385259631,40,40,1.0,0,TPE-taipei-idx14193-0-0|qp10
1.99,50.0,24.0,7.0,4,1.39,0.48,1.1498755576426691,17036,0.1783500837520913,96,97,1.0104166666666667,0,TPE-taipei-idx14193-0-0|qp24
1.99,50.0,24.0,7.0,20,1.39,0.48,1.1759298055505358,16611,0.1739007537688401,96,95,0.9895833333333334,0,TPE-taipei-idx14193-0-0|qp24
2.36,50.0,12.0,16.0,6,1.39,0.48,1.276378153515899,7452,0.065783898305085,48,48,1.0,0,TPE-taipei-idx15074-0-0|qp12
2.36,50.0,12.0,16.0,22,1.39,0.48,1.2783961021859551,7594,0.06703742937853,48,49,1.0208333333333333,0,TPE-taipei-idx15074-0-0|qp12
2.36,50.0,12.0,17.0,8,1.39,0.48,1.2070236439499034,7909,0.0698181497175137,48,47,0.9791666666666666,0,TPE-taipei-idx15074-0-0|qp12
2.36,50.0,12.0,17.0,24,1.39,0.48,1.2457099856040192,7641,0.0674523305084742,48,48,1.0,0,TPE-taipei-idx15074-0-0|qp12
2.36,50.0,28.0,11.0,10,1.39,0.48,1.1931824949484384,18806,0.1660134180790959,112,111,0.9910714285714286,0,TPE-taipei-idx15074-0-0|qp28
2.36,50.0,28.0,11.0,26,1.39,0.48,1.1807987590051134,19017,0.1678760593220333,112,111,0.9910714285714286,0,TPE-taipei-idx15074-0-0|qp28
2.48,50.0,37.0,11.0,12,1.39,0.48,1.1775611014124612,25204,0.2117271505376382,148,148,1.0,0,TPE-taipei-idx15608-0-1|qp37
2.48,50.0,37.0,11.0,28,1.39,0.48,1.186172086720872,25092,0.2107862903225815,148,148,1.0,0,TPE-taipei-idx15608-0-1|qp37
1.96,50.0,10.0,11.0,14,1.39,0.48,1.26044161559011,6363,0.0676339285714285,40,41,1.025,0,TPE-taipei-idx1592-0-2|qp10
1.96,50.0,24.0,7.0,0,1.39,0.48,1.1228902843188768,17199,0.1828125000000043,96,93,0.96875,0,TPE-taipei-idx1592-0-2|qp24
1.96,50.0,24.0,7.0,16,1.39,0.48,1.1617069262271538,16849,0.1790922619047681,96,95,0.9895833333333334,0,TPE-taipei-idx1592-0-2|qp24
2.05,50.0,10.0,9.0,2,1.39,0.48,1.2410420220189344,6449,0.0655386178861784,40,40,1.0,0,TPE-taipei-idx326-0-1|qp10
2.05,50.0,10.0,9.0,18,1.39,0.48,1.2417653424021808,6469,0.0657418699186989,40,40,1.0,0,TPE-taipei-idx326-0-1|qp10
2.05,50.0,25.0,7.0,4,1.39,0.48,1.156462204993728,17542,0.1782723577235765,100,99,0.99,0,TPE-taipei-idx326-0-1|qp25
2.05,50.0,25.0,7.0,20,1.39,0.48,1.1998416088272112,16857,0.1713109756097553,100,104,1.04,0,TPE-taipei-idx326-0-1|qp25
3.54,50.0,18.0,19.0,6,1.39,0.48,1.3217541777006727,10951,0.0644479755178924,72,73,1.0138888888888888,0,TPE-taipei-idx4344-0-0|qp18
3.54,50.0,18.0,19.0,22,1.39,0.48,1.316132455177493,10932,0.0643361581920915,72,71,0.9861111111111112,0,TPE-taipei-idx4344-0-0|qp18
3.54,50.0,42.0,11.0,8,1.39,0.48,1.18284692115198,28371,0.1669668079096052,168,172,1.0238095238095235,0,TPE-taipei-idx4344-0-0|qp42
3.54,50.0,42.0,11.0,24,1.39,0.48,1.209090088463588,27695,0.1629884651600744,168,163,0.9702380952380952,0,TPE-taipei-idx4344-0-0|qp42
2.06,50.0,10.0,11.0,10,1.39,0.48,1.265911567803207,6423,0.0649575242718445,40,41,1.025,0,TPE-taipei-idx674-0-1|qp10
2.06,50.0,10.0,11.0,26,1.39,0.48,1.2325632325724962,6484,0.0655744336569578,40,41,1.025,0,TPE-taipei-idx674-0-1|qp10
2.06,50.0,25.0,7.0,12,1.39,0.48,1.1985013104599214,16788,0.1697815533980581,100,101,1.01,0,TPE-taipei-idx674-0-1|qp25
2.06,50.0,25.0,7.0,28,1.39,0.48,1.1469188913449797,17643,0.1784283980582515,100,104,1.04,0,TPE-taipei-idx674-0-1|qp25
2.99,50.0,45.0,11.0,14,1.39,0.48,1.1412666960685385,31744,0.221181716833893,180,181,1.0055555555555555,0,TPE-taipei-idx813-0-1|qp45
3.55,50.0,18.0,19.0,0,1.39,0.48,1.18644431506282,12023,0.0705575117370886,72,76,1.0555555555555556,0,TPE-taipei-idx9453-0-1|qp18
3.55,50.0,18.0,19.0,16,1.39,0.48,1.2898915630785062,11343,0.0665669014084501,72,70,0.9722222222222222,0,TPE-taipei-idx9453-0-1|qp18
3.55,50.0,43.0,11.0,2,1.39,0.48,1.1489731846542668,30132,0.1768309859154935,172,174,1.0116279069767442,0,TPE-taipei-idx9453-0-1|qp43
3.55,50.0,43.0,11.0,18,1.39,0.48,1.1476260323754273,30270,0.1776408450704249,172,174,1.0116279069767442,0,TPE-taipei-idx9453-0-1|qp43
2.098,50.0,10.0,11.0,9,1.39,0.48,1.2570554344440692,6422,0.0637710517953606,40,38,0.95,0,AMS-amsterdam-chain-141619-0|qp10
2.098,50.0,10.0,11.0,25,1.39,0.48,1.2003461711373598,6673,0.0662635049253261,40,39,0.975,0,AMS-amsterdam-chain-141619-0|qp10
2.098,50.0,25.0,9.0,11,1.39,0.48,1.188857613944155,16982,0.1686328249126141,100,101,1.01,0,AMS-amsterdam-chain-141619-0|qp25
2.098,50.0,25.0,9.0,27,1.39,0.48,1.1419221811985505,17605,0.1748192723228479,100,99,0.99,0,AMS-amsterdam-chain-141619-0|qp25
3.89,50.0,19.0,19.0,13,1.39,0.48,1.21072784068728,12805,0.068578620394171,76,77,1.013157894736842,0,AMS-amsterdam-chain-158080-0|qp19
3.89,50.0,19.0,19.0,29,1.39,0.48,1.2686658446362036,12165,0.0651510282776318,76,76,1.0,0,AMS-amsterdam-chain-158080-0|qp19
3.89,50.0,47.0,13.0,15,1.39,0.48,1.1318544438771918,33293,0.1783044130248489,188,188,1.0,0,AMS-amsterdam-chain-158080-0|qp47
3.89,50.0,47.0,14.0,1,1.39,0.48,1.1408104039977391,33218,0.1779027420736909,188,190,1.0106382978723405,0,AMS-amsterdam-chain-158080-0|qp47
3.89,50.0,47.0,14.0,17,1.39,0.48,1.0774659995974738,34779,0.1862628534704353,188,186,0.9893617021276596,0,AMS-amsterdam-chain-158080-0|qp47
2.267,50.0,11.0,9.0,3,1.39,0.48,1.1541946180333993,7841,0.0720574180267622,44,44,1.0,0,AMS-amsterdam-chain-166482-0|qp11
2.267,50.0,11.0,9.0,19,1.39,0.48,1.2272434384113493,7201,0.0661759300102938,44,44,1.0,0,AMS-amsterdam-chain-166482-0|qp11
2.267,50.0,27.0,9.0,5,1.39,0.48,1.081767873906878,20239,0.185992868695775,108,110,1.0185185185185186,0,AMS-amsterdam-chain-166482-0|qp27
2.267,50.0,27.0,9.0,21,1.39,0.48,1.041151561237624,21041,0.1933631083664117,108,106,0.9814814814814816,0,AMS-amsterdam-chain-166482-0|qp27
2.796,50.0,14.0,19.0,7,1.39,0.48,1.1872607052896835,9528,0.0709942775393407,56,56,1.0,0,AMS-amsterdam-chain-22812-0|qp14
2.796,50.0,14.0,19.0,23,1.39,0.48,1.1852529590446483,9547,0.0711358488316633,56,57,1.0178571428571428,0,AMS-amsterdam-chain-22812-0|qp14
2.796,50.0,34.0,11.0,9,1.39,0.48,1.20173920775346,22493,0.1675980567477329,136,130,0.9558823529411764,0,AMS-amsterdam-chain-22812-0|qp34
2.796,50.0,34.0,11.0,25,1.39,0.48,1.1587836151628026,23241,0.1731714949928469,136,131,0.9632352941176472,0,AMS-amsterdam-chain-22812-0|qp34
2.575,50.0,13.0,19.0,11,1.39,0.48,1.246933698369275,8401,0.0679692556634311,52,51,0.9807692307692308,0,AMS-amsterdam-chain-32802-0|qp13
2.575,50.0,13.0,19.0,27,1.39,0.48,1.1984908449902902,8793,0.0711407766990289,52,51,0.9807692307692308,0,AMS-amsterdam-chain-32802-0|qp13
2.575,50.0,31.0,13.0,13,1.39,0.48,1.1406721961445263,21943,0.1775323624595472,124,124,1.0,0,AMS-amsterdam-chain-32802-0|qp31
2.575,50.0,31.0,13.0,29,1.39,0.48,1.146727547377118,21846,0.1767475728155342,124,124,1.0,0,AMS-amsterdam-chain-32802-0|qp31
2.575,50.0,31.0,14.0,15,1.39,0.48,1.1852746727810577,20934,0.169368932038834,124,125,1.0080645161290325,0,AMS-amsterdam-chain-32802-0|qp31
2.482,50.0,12.0,19.0,1,1.39,0.48,1.2337176654101076,7693,0.0645732608111739,48,46,0.9583333333333334,0,AMS-amsterdam-chain-44642-0|qp12
2.482,50.0,12.0,19.0,17,1.39,0.48,1.268802007660834,7571,0.0635492210582874,48,48,1.0,0,AMS-amsterdam-chain-44642-0|qp12
2.482,50.0,30.0,13.0,3,1.39,0.48,1.1831721583154742,20516,0.1722065538544196,120,120,1.0,0,AMS-amsterdam-chain-44642-0|qp30
2.482,50.0,30.0,13.0,19,1.39,0.48,1.2069880062226408,19927,0.1672626242277745,120,119,0.9916666666666668,0,AMS-amsterdam-chain-44642-0|qp30
2.482,50.0,30.0,14.0,5,1.39,0.48,1.182539236008323,20262,0.1700745366639827,120,120,1.0,0,AMS-amsterdam-chain-44642-0|qp30
2.482,50.0,30.0,14.0,21,1.39,0.48,1.1417629811784946,21146,0.1774946279881831,120,120,1.0,0,AMS-amsterdam-chain-44642-0|qp30
2.166,50.0,11.0,13.0,7,1.39,0.48,1.2181830695113642,7265,0.0698772699292086,44,45,1.0227272727272727,0,AMS-amsterdam-chain-45268-50|qp11
2.166,50.0,11.0,13.0,23,1.39,0.48,1.1783498349834778,7575,0.0728589566020316,44,44,1.0,0,AMS-amsterdam-chain-45268-50|qp11
2.166,50.0,11.0,14.0,9,1.39,0.48,1.2410722191477377,7228,0.0695213911972909,44,44,1.0,0,AMS-amsterdam-chain-45268-50|qp11
2.166,50.0,11.0,14.0,25,1.39,0.48,1.1973213804259677,7418,0.071348876577409,44,45,1.0227272727272727,0,AMS-amsterdam-chain-45268-50|qp11
2.166,50.0,26.0,9.0,11,1.39,0.48,1.1519091600564582,18406,0.1770352416128011,104,103,0.9903846153846154,0,AMS-amsterdam-chain-45268-50|qp26
2.166,50.0,26.0,9.0,27,1.39,0.48,1.1902878386751956,17753,0.1707544629116641,104,103,0.9903846153846154,0,AMS-amsterdam-chain-45268-50|qp26
1.662,50.0,20.0,11.0,13,1.39,0.48,1.1665074798619404,13904,0.1742880064179673,80,79,0.9875,0,AMS-amsterdam-chain-79104-0|qp20
1.662,50.0,20.0,11.0,29,1.39,0.48,1.2165267924527832,13250,0.1660900521460081,80,81,1.0125,0,AMS-amsterdam-chain-79104-0|qp20
1.662,50.0,8.0,11.0,15,1.39,0.48,1.234956572090305,5181,0.0649443441636587,32,32,1.0,0,AMS-amsterdam-chain-79104-0|qp8
2.408,50.0,43.3,7.0,1,1.39,0.48,1.1365100714962084,30631,0.2650107281284549,172,171,0.994186046511628,0,DC-012|qp43.3
2.408,50.0,43.3,7.0,17,1.39,0.48,1.0983542661901518,31609,0.2734721068659962,172,175,1.0174418604651163,0,DC-012|qp43.3
3.719,50.0,66.9,7.0,3,1.39,0.48,1.0459282029400954,51562,0.2888433270592483,268,263,0.9813432835820896,0,DC-015|qp66.9
3.719,50.0,66.9,7.0,19,1.39,0.48,1.1252474501014915,47747,0.267472214753071,268,266,0.9925373134328358,0,DC-015|qp66.9
2.722,50.0,49.0,9.0,5,1.39,0.48,1.1307265857105189,34669,0.2653456404604446,196,192,0.979591836734694,0,DC-048|qp49.0
2.722,50.0,49.0,9.0,21,1.39,0.48,1.1079368254952766,35489,0.271621662992893,196,193,0.9846938775510204,0,DC-048|qp49.0
3.609,50.0,65.0,7.0,7,1.39,0.48,1.0544771373370294,49688,0.2868292232382021,260,256,0.9846153846153848,0,DC-051|qp65.0
3.609,50.0,65.0,7.0,23,1.39,0.48,1.0241121897753072,51092,0.2949339613928145,260,257,0.9884615384615384,0,DC-051|qp65.0
2.48,50.0,44.6,9.0,9,1.39,0.48,1.129287443030059,31815,0.2672631048387119,178,175,0.9831460674157304,0,DC-066|qp44.6
2.48,50.0,44.6,9.0,25,1.39,0.48,1.066614933507032,33763,0.283627352150538,178,181,1.0168539325842696,0,DC-066|qp44.6
3.54,50.0,63.7,7.0,11,1.39,0.48,1.075923621174809,46924,0.2761534839924686,254,253,0.9960629921259844,0,DC-069|qp63.7
3.54,50.0,63.7,7.0,27,1.39,0.48,1.034686018599012,49573,0.2917431732580078,254,255,1.0039370078740155,0,DC-069|qp63.7
2.46,50.0,44.3,9.0,13,1.39,0.48,1.1068007609068962,32067,0.271570121951219,178,179,1.0056179775280898,0,DC-084|qp44.3
2.46,50.0,44.3,9.0,29,1.39,0.48,1.1675406629942502,30679,0.2598153794037978,178,178,1.0,0,DC-084|qp44.3
4.98,50.0,89.6,7.0,15,1.39,0.48,0.982169458046919,72903,0.3049824297188869,358,358,1.0,0,DC-087|qp89.6
2.438,50.0,43.9,7.0,1,1.39,0.48,1.1334562152788867,31141,0.2661078069455901,176,175,0.9943181818181818,0,DC-099|qp43.9
2.438,50.0,43.9,7.0,17,1.39,0.48,1.1416559202814924,30708,0.2624077112387239,176,175,0.9943181818181818,0,DC-099|qp43.9
2.4,50.0,43.2,9.0,3,1.39,0.48,1.1132868330109644,31541,0.2737934027777784,174,172,0.9885057471264368,0,DC-114|qp43.2
2.4,50.0,43.2,9.0,19,1.39,0.48,1.168039448266517,29507,0.2561371527777775,174,173,0.9942528735632185,0,DC-114|qp43.2
1.697,50.0,8.0,7.0,5,1.39,0.48,1.2460007661367254,5221,0.0640959536436833,32,32,1.0,0,MEL-melbourne-1389612-0-2|qp8
1.697,50.0,8.0,7.0,21,1.39,0.48,1.2743997599039472,4998,0.0613582793164387,32,30,0.9375,0,MEL-melbourne-1389612-0-2|qp8
2.722,50.0,33.0,13.0,7,1.39,0.48,1.1369841201346491,23174,0.1773665197158944,132,132,1.0,0,MEL-melbourne-1389823-0-3|qp33
2.722,50.0,33.0,13.0,23,1.39,0.48,1.1121779460089165,24041,0.1840022654910581,132,131,0.9924242424242424,0,MEL-melbourne-1389823-0-3|qp33
2.722,50.0,33.0,14.0,9,1.39,0.48,1.1604740643465423,22845,0.1748484570168981,132,135,1.0227272727272727,0,MEL-melbourne-1389823-0-3|qp33
2.722,50.0,33.0,14.0,25,1.39,0.48,1.1522439858024724,22821,0.1746647685525366,132,130,0.9848484848484848,0,MEL-melbourne-1389823-0-3|qp33
2.156,50.0,11.0,13.0,11,1.39,0.48,1.267653298459784,6882,0.0665004638218941,44,44,1.0,0,MEL-melbourne-1434605-0-0|qp11
2.156,50.0,11.0,13.0,27,1.39,0.48,1.2392792665726016,7090,0.0685103586889313,44,44,1.0,0,MEL-melbourne-1434605-0-0|qp11
2.156,50.0,11.0,14.0,13,1.39,0.48,1.192929237520541,7292,0.070462275819419,44,43,0.9772727272727272,0,MEL-melbourne-1434605-0-0|qp11
2.156,50.0,11.0,14.0,29,1.39,0.48,1.2270272137035616,7239,0.0699501391465685,44,43,0.9772727272727272,0,MEL-melbourne-1434605-0-0|qp11
2.156,50.0,26.0,9.0,15,1.39,0.48,1.1924205169257824,17488,0.1689857761286375,104,103,0.9903846153846154,0,MEL-melbourne-1434605-0-0|qp26
1.749,50.0,9.0,7.0,1,1.39,0.48,1.2283811748998432,5992,0.0713741185439305,36,37,1.0277777777777777,0,MEL-melbourne-1465622-0-2|qp9
1.749,50.0,9.0,7.0,17,1.39,0.48,1.264135824022376,5728,0.0682294644558801,36,36,1.0,0,MEL-melbourne-1465622-0-2|qp9
2.348,50.0,12.0,13.0,3,1.39,0.48,1.2390397521941623,7748,0.0687464508801812,48,48,1.0,0,MEL-melbourne-1465759-0-1|qp12
2.348,50.0,12.0,13.0,19,1.39,0.48,1.2759888134238873,7509,0.066625851788756,48,47,0.9791666666666666,0,MEL-melbourne-1465759-0-1|qp12
2.348,50.0,12.0,14.0,5,1.39,0.48,1.2659499999999535,7600,0.0674332765474157,48,48,1.0,0,MEL-melbourne-1465759-0-1|qp12
2.348,50.0,12.0,14.0,21,1.39,0.48,1.2575219865494074,7732,0.0686044860874495,48,49,1.0208333333333333,0,MEL-melbourne-1465759-0-1|qp12
2.348,50.0,28.0,11.0,7,1.39,0.48,1.121180800645333,19834,0.1759831061896649,112,109,0.9732142857142856,0,MEL-melbourne-1465759-0-1|qp28
2.348,50.0,28.0,11.0,23,1.39,0.48,1.1152228921617071,20234,0.1795322260079511,112,113,1.0089285714285714,0,MEL-melbourne-1465759-0-1|qp28
1.83,50.0,9.0,9.0,9,1.39,0.48,1.2843808514396575,5661,0.0644467213114744,36,36,1.0,0,MEL-melbourne-1477330-0-0|qp9
1.83,50.0,9.0,9.0,25,1.39,0.48,1.2047375504710307,5944,0.0676684881602893,36,37,1.0277777777777777,0,MEL-melbourne-1477330-0-0|qp9
5.175,50.0,26.0,19.0,11,1.39,0.48,1.2352555391432638,16925,0.0681360708534622,104,102,0.9807692307692308,0,MEL-melbourne-1515142-0-0|qp26
5.175,50.0,26.0,19.0,27,1.39,0.48,1.2520813240460296,16797,0.06762077294686,104,105,1.0096153846153846,0,MEL-melbourne-1515142-0-0|qp26
5.175,50.0,62.0,7.0,13,1.39,0.48,1.120263911894943,44674,0.1798470209339784,248,248,1.0,0,MEL-melbourne-1515142-0-0|qp62
5.175,50.0,62.0,7.0,29,1.39,0.48,1.1177061890729092,44110,0.1775764895330114,248,246,0.9919354838709676,0,MEL-melbourne-1515142-0-0|qp62
1.844,50.0,22.0,7.0,15,1.39,0.48,1.1345766692053991,15756,0.1780097613882861,88,88,1.0,0,MEL-melbourne-RPSP02B11034-0-0|qp22
1.844,50.0,9.0,11.0,1,1.39,0.48,1.2038312974578769,6058,0.0684426970354323,36,37,1.0277777777777777,0,MEL-melbourne-RPSP02B11034-0-0|qp9
1.844,50.0,9.0,11.0,17,1.39,0.48,1.1781106287184773,6219,0.0702616594360109,36,35,0.9722222222222222,0,MEL-melbourne-RPSP02B11034-0-0|qp9
3.609,50.0,54.0,11.0,3,1.39,0.48,1.1290744644854869,38421,0.2217892768079776,216,211,0.976851851851852,0,MEL-melbourne-RPSP03A10530L1-0-0|qp54
3.609,50.0,54.0,11.0,19,1.39,0.48,1.1092603442912443,38572,0.2226609402419882,216,214,0.9907407407407408,0,MEL-melbourne-RPSP03A10530L1-0-0|qp54
3.194,50.0,38.0,13.0,5,1.39,0.48,1.1900541181117512,25315,0.1651207994155728,152,152,1.0,0,MEL-melbourne-RPSP03A11034L1-0-0|qp38
3.194,50.0,38.0,13.0,21,1.39,0.48,1.1712676700324336,26245,0.1711868607806329,152,153,1.006578947368421,0,MEL-melbourne-RPSP03A11034L1-0-0|qp38
3.194,50.0,38.0,14.0,7,1.39,0.48,1.0991602006568175,27709,0.18073601544563,152,149,0.9802631578947368,0,MEL-melbourne-RPSP03A11034L1-0-0|qp38
3.194,50.0,38.0,14.0,23,1.39,0.48,1.076570506071571,28494,0.1858562930494714,152,153,1.006578947368421,0,MEL-melbourne-RPSP03A11034L1-0-0|qp38
3.121,50.0,16.0,19.0,9,1.39,0.48,1.2946760226934164,10047,0.0670658442806793,64,65,1.015625,0,MEL-melbourne-RPSP07A11127-0-0|qp16
3.121,50.0,16.0,19.0,25,1.39,0.48,1.2331818181817622,10450,0.0697559542881555,64,62,0.96875,0,MEL-melbourne-RPSP07A11127-0-0|qp16
3.121,50.0,38.0,11.0,11,1.39,0.48,1.1757242227432447,26021,0.1736956637829698,152,149,0.9802631578947368,0,MEL-melbourne-RPSP07A11127-0-0|qp38
3.121,50.0,38.0,11.0,27,1.39,0.48,1.1921693532725357,25745,0.1718533055644507,152,150,0.986842105263158,0,MEL-melbourne-RPSP07A11127-0-0|qp38
3.499,50.0,52.0,9.0,13,1.39,0.48,1.1237457477299513,37333,0.2222837477374472,208,210,1.0096153846153846,0,MEL-melbourne-RPSP0814955L1-0-0|qp52
3.499,50.0,52.0,9.0,29,1.39,0.48,1.1578313989003284,36014,0.2144303134228839,208,208,1.0,0,MEL-melbourne-RPSP0814955L1-0-0|qp52
6.11,50.0,31.0,16.0,15,1.39,0.48,1.2403287588597904,19893,0.0678293780687402,124,126,1.0161290322580645,0,NTP-newtaipei-idx11355-0-2|qp31
6.11,50.0,31.0,17.0,1,1.39,0.48,1.1648460853675515,21343,0.0727734588106935,124,127,1.0241935483870968,0,NTP-newtaipei-idx11355-0-2|qp31
6.11,50.0,31.0,17.0,17,1.39,0.48,1.2416793055278197,20044,0.0683442444080757,124,125,1.0080645161290325,0,NTP-newtaipei-idx11355-0-2|qp31
4.98,50.0,25.0,19.0,3,1.39,0.48,1.1904879489602145,16928,0.0708165997322635,100,100,1.0,0,NTP-newtaipei-idx11808-0-1|qp25
4.98,50.0,25.0,19.0,19,1.39,0.48,1.2393981057134296,16365,0.0684613453815265,100,102,1.02,0,NTP-newtaipei-idx11808-0-1|qp25
4.98,50.0,60.0,11.0,5,1.39,0.48,1.061351702568239,45402,0.1899347389558233,240,235,0.9791666666666666,0,NTP-newtaipei-idx11808-0-1|qp60
4.98,50.0,60.0,11.0,21,1.39,0.48,1.013560862439626,46983,0.1965486947791135,240,235,0.9791666666666666,0,NTP-newtaipei-idx11808-0-1|qp60
1.78,50.0,9.0,9.0,7,1.39,0.48,1.202434941156914,6033,0.0706109550561773,36,36,1.0,0,NTP-newtaipei-idx11901-0-0|qp9
1.78,50.0,9.0,9.0,23,1.39,0.48,1.1658611907036016,6282,0.0735252808988737,36,35,0.9722222222222222,0,NTP-newtaipei-idx11901-0-0|qp9
1.8,50.0,9.0,7.0,9,1.39,0.48,1.2858997882850842,5668,0.0656018518518508,36,36,1.0,0,NTP-newtaipei-idx13763-0-2|qp9
1.8,50.0,9.0,7.0,25,1.39,0.48,1.2677872491564175,5631,0.0651736111111104,36,37,1.0277777777777777,0,NTP-newtaipei-idx13763-0-2|qp9
1.71,50.0,9.0,7.0,11,1.39,0.48,1.2869311138658002,5647,0.0687987329434714,36,37,1.0277777777777777,0,NTP-newtaipei-idx13776-0-2|qp9
1.71,50.0,9.0,7.0,27,1.39,0.48,1.237636642261195,5873,0.0715521442495144,36,35,0.9722222222222222,0,NTP-newtaipei-idx13776-0-2|qp9
2.46,50.0,12.0,19.0,13,1.39,0.48,1.2216163546044874,7851,0.0664888211382121,48,49,1.0208333333333333,0,NTP-newtaipei-idx251-0-0|qp12
2.46,50.0,12.0,19.0,29,1.39,0.48,1.2182029571591146,7913,0.0670138888888898,48,47,0.9791666666666666,0,NTP-newtaipei-idx251-0-0|qp12
2.46,50.0,30.0,11.0,15,1.39,0.48,1.2150972312948125,19901,0.1685382791327929,120,121,1.0083333333333333,0,NTP-newtaipei-idx251-0-0|qp30
2.99,50.0,36.0,13.0,1,1.39,0.48,1.162080362150413,24962,0.173926978818283,144,150,1.0416666666666667,0,NTP-newtaipei-idx4423-0-0|qp36
2.99,50.0,36.0,13.0,17,1.39,0.48,1.22543735425061,23585,0.1643324972129326,144,146,1.0138888888888888,0,NTP-newtaipei-idx4423-0-0|qp36
2.99,50.0,36.0,14.0,3,1.39,0.48,1.1748955089329782,24404,0.1700390189520633,144,148,1.0277777777777777,0,NTP-newtaipei-idx4423-0-0|qp36
2.99,50.0,36.0,14.0,19,1.39,0.48,1.219359787018249,23664,0.1648829431438125,144,145,1.0069444444444444,0,NTP-newtaipei-idx4423-0-0|qp36
2.33,50.0,12.0,16.0,5,1.39,0.48,1.2361964930376048,7756,0.0693490701001418,48,48,1.0,0,NTP-newtaipei-idx5617-0-0|qp12
2.33,50.0,12.0,16.0,21,1.39,0.48,1.232630845266777,7891,0.0705561516452066,48,48,1.0,0,NTP-newtaipei-idx5617-0-0|qp12
2.33,50.0,12.0,17.0,7,1.39,0.48,1.2176924045849125,7939,0.0709853361945629,48,49,1.0208333333333333,0,NTP-newtaipei-idx5617-0-0|qp12
2.33,50.0,12.0,17.0,23,1.39,0.48,1.2255333248375104,7847,0.0701627324749642,48,49,1.0208333333333333,0,NTP-newtaipei-idx5617-0-0|qp12
2.33,50.0,28.0,11.0,9,1.39,0.48,1.1551125567947456,19368,0.1731759656652351,112,108,0.9642857142857144,0,NTP-newtaipei-idx5617-0-0|qp28
2.33,50.0,28.0,11.0,25,1.39,0.48,1.153746341463348,19475,0.1741326895565099,112,113,1.0089285714285714,0,NTP-newtaipei-idx5617-0-0|qp28
2.62,50.0,31.0,13.0,11,1.39,0.48,1.208009434879889,20562,0.1635019083969457,124,125,1.0080645161290325,0,NTP-newtaipei-idx6820-0-0|qp31
2.62,50.0,31.0,13.0,27,1.39,0.48,1.2124585808820054,20703,0.1646230916030517,124,126,1.0161290322580645,0,NTP-newtaipei-idx6820-0-0|qp31
2.62,50.0,31.0,14.0,13,1.39,0.48,1.1512853517877455,21675,0.1723520992366393,124,123,0.9919354838709676,0,NTP-newtaipei-idx6820-0-0|qp31
2.62,50.0,31.0,14.0,29,1.39,0.48,1.1841504310961262,20993,0.1669290712468179,124,124,1.0,0,NTP-newtaipei-idx6820-0-0|qp31
2.9,50.0,35.0,11.0,15,1.39,0.48,1.225047398540964,22891,0.1644468390804554,140,138,0.9857142857142858,0,NTP-newtaipei-idx7804-0-0|qp35
1.91,50.0,10.0,9.0,1,1.39,0.48,1.2221027752363147,6558,0.071531413612566,40,40,1.0,0,NTP-newtaipei-idx9858-0-0|qp10
1.91,50.0,10.0,9.0,17,1.39,0.48,1.2668032015066046,6372,0.0695026178010483,40,39,0.975,0,NTP-newtaipei-idx9858-0-0|qp10
1.707,50.0,8.0,7.0,3,1.39,0.48,1.2196496266513752,5223,0.0637448740480399,32,33,1.03125,0,NYC-nyc-110605-0-2|qp8
1.707,50.0,8.0,7.0,19,1.39,0.48,1.2383145638480595,5239,0.0639401484085161,32,33,1.03125,0,NYC-nyc-110605-0-2|qp8
2.408,50.0,12.0,19.0,5,1.39,0.48,1.2451373768791605,7716,0.0667566445182712,48,48,1.0,0,NYC-nyc-17655-0-0|qp12
2.408,50.0,12.0,19.0,21,1.39,0.48,1.2231352926273236,7894,0.0682966500553695,48,50,1.0416666666666667,0,NYC-nyc-17655-0-0|qp12
2.408,50.0,29.0,11.0,7,1.39,0.48,1.160904025075829,20099,0.1738908499446323,116,112,0.9655172413793104,0,NYC-nyc-17655-0-0|qp29
2.408,50.0,29.0,11.0,23,1.39,0.48,1.127636407532612,20710,0.179177048726473,116,117,1.0086206896551724,0,NYC-nyc-17655-0-0|qp29
2.073,50.0,10.0,11.0,9,1.39,0.48,1.263209280597917,6422,0.0645401189901925,40,42,1.05,0,NYC-nyc-199805-0-0|qp10
2.073,50.0,10.0,11.0,25,1.39,0.48,1.1679502473086412,6874,0.0690826499437211,40,39,0.975,0,NYC-nyc-199805-0-0|qp10
2.073,50.0,25.0,7.0,11,1.39,0.48,1.2103703481751589,16687,0.1677018009326235,100,98,0.98,0,NYC-nyc-199805-0-0|qp25
2.073,50.0,25.0,7.0,27,1.39,0.48,1.185371105146472,17138,0.1722342820389126,100,98,0.98,0,NYC-nyc-199805-0-0|qp25
3.17,50.0,38.0,11.0,13,1.39,0.48,1.196130739971019,25501,0.1675933228180854,152,153,1.006578947368421,0,NYC-nyc-20131-0-2|qp38
3.17,50.0,38.0,11.0,29,1.39,0.48,1.213151712369582,25199,0.165608569926392,152,157,1.0328947368421053,0,NYC-nyc-20131-0-2|qp38
2.56,50.0,31.0,13.0,15,1.39,0.48,1.2097331240187517,20384,0.1658854166666666,124,125,1.0080645161290325,0,NYC-nyc-214464-0-0|qp31
2.56,50.0,31.0,14.0,1,1.39,0.48,1.1399084552396896,21738,0.176904296875,124,125,1.0080645161290325,0,NYC-nyc-214464-0-0|qp31
2.56,50.0,31.0,14.0,17,1.39,0.48,1.2171650998824513,20424,0.1662109375,124,126,1.0161290322580645,0,NYC-nyc-214464-0-0|qp31
2.347,50.0,35.0,9.0,3,1.39,0.48,1.1918646221620486,23608,0.2095583013776451,140,140,1.0,0,NYC-nyc-267383-0-0|qp35
2.347,50.0,35.0,9.0,19,1.39,0.48,1.19738028289027,23472,0.2083510864933958,140,138,0.9857142857142858,0,NYC-nyc-267383-0-0|qp35
2.377,50.0,12.0,16.0,5,1.39,0.48,1.2756769659195886,7541,0.0660934651521517,48,49,1.0208333333333333,0,NYC-nyc-27695-0-3|qp12
2.377,50.0,12.0,16.0,21,1.39,0.48,1.2533780991735766,7744,0.0678726686299251,48,48,1.0,0,NYC-nyc-27695-0-3|qp12
2.377,50.0,12.0,17.0,7,1.39,0.48,1.2307360081778278,7826,0.0685913616603553,48,49,1.0208333333333333,0,NYC-nyc-27695-0-3|qp12
2.377,50.0,12.0,17.0,23,1.39,0.48,1.197085587801266,8132,0.0712733137007424,48,48,1.0,0,NYC-nyc-27695-0-3|qp12
2.377,50.0,28.0,11.0,9,1.39,0.48,1.1328038428302856,19673,0.17242497545926,112,109,0.9732142857142856,0,NYC-nyc-27695-0-3|qp28
2.377,50.0,28.0,11.0,25,1.39,0.48,1.1561854134565357,19470,0.1706457719814876,112,117,1.0446428571428572,0,NYC-nyc-27695-0-3|qp28
1.676,50.0,8.0,7.0,11,1.39,0.48,1.2700448430493103,5129,0.0637554693715216,32,32,1.0,0,NYC-nyc-46079-0-1|qp8
1.676,50.0,8.0,7.0,27,1.39,0.48,1.2707727453317437,5034,0.0625745823389035,32,33,1.03125,0,NYC-nyc-46079-0-1|qp8
3.048,50.0,37.0,13.0,13,1.39,0.48,1.1359553008596035,26175,0.1789083005249395,148,149,1.0067567567567568,0,NYC-nyc-59808-0-1|qp37
3.048,50.0,37.0,13.0,29,1.39,0.48,1.1669120870519438,25548,0.1746227034120787,148,152,1.027027027027027,0,NYC-nyc-59808-0-1|qp37
3.048,50.0,37.0,14.0,15,1.39,0.48,1.200347432634509,24753,0.1691888123359617,148,148,1.0,0,NYC-nyc-59808-0-1|qp37
5.06,50.0,25.0,19.0,1,1.39,0.48,1.1561699901168243,17201,0.0708209815546779,100,99,0.99,0,NYC-nyc-62758-0-0|qp25
5.06,50.0,25.0,19.0,17,1.39,0.48,1.2532604115022634,16136,0.0664361001317525,100,99,0.99,0,NYC-nyc-62758-0-0|qp25
5.06,50.0,61.0,9.0,3,1.39,0.48,1.1222095703483657,43384,0.1786231884057981,244,244,1.0,0,NYC-nyc-62758-0-0|qp61
5.06,50.0,61.0,9.0,19,1.39,0.48,1.084990272590946,44719,0.1841197299077731,244,240,0.9836065573770492,0,NYC-nyc-62758-0-0|qp61
3.719,50.0,19.0,19.0,5,1.39,0.48,1.2614817572598962,12087,0.0677097337994102,76,75,0.986842105263158,0,NYC-nyc-9648-0-0|qp19
3.719,50.0,19.0,19.0,21,1.39,0.48,1.214348239771613,12612,0.0706507125571406,76,74,0.9736842105263158,0,NYC-nyc-9648-0-0|qp19
3.719,50.0,45.0,11.0,7,1.39,0.48,1.1514041486931983,31528,0.1766155776642485,180,180,1.0,0,NYC-nyc-9648-0-0|qp45
3.719,50.0,45.0,11.0,23,1.39,0.48,1.133938657948115,32115,0.1799038720086058,180,184,1.022222222222222,0,NYC-nyc-9648-0-0|qp45
2.103,50.0,32.0,7.0,9,1.39,0.48,1.1097256728777665,23184,0.2296718972895848,128,125,0.9765625,0,NYC-nyc-98749-0-2|qp32
2.103,50.0,32.0,7.0,25,1.39,0.48,1.1235163577120606,22711,0.2249861309240773,128,129,1.0078125,0,NYC-nyc-98749-0-2|qp32
4.115,50.0,62.0,7.0,11,1.39,0.48,1.1012651949607095,45163,0.2286502632644784,248,247,0.995967741935484,0,SEA-seattle-5423808-0-1|qp62
4.115,50.0,62.0,7.0,27,1.39,0.48,1.1658728857237757,42686,0.216109761036854,248,251,1.0120967741935485,0,SEA-seattle-5423808-0-1|qp62
1.829,50.0,9.0,7.0,13,1.39,0.48,1.1970603588907311,6130,0.0698241297612536,36,35,0.9722222222222222,0,SEA-seattle-5426480-0-0|qp9
1.829,50.0,9.0,7.0,29,1.39,0.48,1.267574222843194,5726,0.0652223437215235,36,36,1.0,0,SEA-seattle-5426480-0-0|qp9
2.54,50.0,38.0,11.0,15,1.39,0.48,1.1823265750020022,25746,0.2111712598425245,152,149,0.9802631578947368,0,SEA-seattle-5426595-0-0|qp38
1.651,50.0,8.0,7.0,1,1.39,0.48,1.209951146185621,5322,0.067156268927921,32,31,0.96875,0,SEA-seattle-5432169-0-1|qp8
1.651,50.0,8.0,7.0,17,1.39,0.48,1.224306835637485,5208,0.0657177468201076,32,32,1.0,0,SEA-seattle-5432169-0-1|qp8
1.829,50.0,9.0,7.0,3,1.39,0.48,1.2145793012957222,6097,0.069448241297612,36,36,1.0,0,SEA-seattle-5433778-0-0|qp9
1.829,50.0,9.0,7.0,19,1.39,0.48,1.231011541072663,5892,0.0671131765992349,36,37,1.0277777777777777,0,SEA-seattle-5433778-0-0|qp9
2.438,50.0,37.0,11.0,5,1.39,0.48,1.17368269461556,24998,0.2136143013399048,148,146,0.9864864864864864,0,SEA-seattle-5434873-0-0|qp37
2.438,50.0,37.0,11.0,21,1.39,0.48,1.1159916054565473,26684,0.2280216024063539,148,147,0.9932432432432432,0,SEA-seattle-5434873-0-0|qp37
1.829,50.0,9.0,11.0,7,1.39,0.48,1.1509901774397444,6312,0.071897211591033,36,37,1.0277777777777777,0,SEA-seattle-5438086-0-1|qp9
1.829,50.0,9.0,11.0,23,1.39,0.48,1.1555009511731258,6308,0.0718516493530154,36,35,0.9722222222222222,0,SEA-seattle-5438086-0-1|qp9
4.064,50.0,61.0,7.0,9,1.39,0.48,1.095644383339699,44368,0.2274442257217848,244,240,0.9836065573770492,0,SEA-seattle-5445989-0-0|qp61
4.064,50.0,61.0,7.0,25,1.39,0.48,1.0642274701293852,46283,0.2372611138451441,244,244,1.0,0,SEA-seattle-5445989-0-0|qp61
1.829,50.0,9.0,7.0,11,1.39,0.48,1.2997117278424672,5585,0.0636162748314191,36,36,1.0,0,SEA-seattle-5449118-0-0|qp9
1.829,50.0,9.0,7.0,27,1.39,0.48,1.2894309234073011,5588,0.0636504465099329,36,35,0.9722222222222222,0,SEA-seattle-5449118-0-0|qp9
1.829,50.0,22.0,7.0,13,1.39,0.48,1.1058169083922529,16134,0.1837752870420978,88,88,1.0,0,SEA-seattle-5449903-0-0|qp22
1.829,50.0,22.0,7.0,29,1.39,0.48,1.1611833483232297,15566,0.1773054492436662,88,88,1.0,0,SEA-seattle-5449903-0-0|qp22
1.829,50.0,9.0,9.0,15,1.39,0.48,1.216819313091107,6027,0.0686509021323128,36,37,1.0277777777777777,0,SEA-seattle-5449903-0-0|qp9
2.438,50.0,12.0,19.0,1,1.39,0.48,1.2045293072824157,7882,0.0673537052228622,48,46,0.9583333333333334,0,SEA-seattle-5452128-0-1|qp12
2.438,50.0,12.0,19.0,17,1.39,0.48,1.2536470893297271,7713,0.0659095570139476,48,48,1.0,0,SEA-seattle-5452128-0-1|qp12
2.438,50.0,29.0,13.0,3,1.39,0.48,1.1662641415400006,20065,0.1714605550998122,116,116,1.0,0,SEA-seattle-5452128-0-1|qp29
2.438,50.0,29.0,13.0,19,1.39,0.48,1.2086177049859652,19294,0.1648721629751201,116,115,0.9913793103448276,0,SEA-seattle-5452128-0-1|qp29
2.438,50.0,29.0,14.0,5,1.39,0.48,1.2035354166666774,19200,0.1640689089417586,116,120,1.0344827586206895,0,SEA-seattle-5452128-0-1|qp29
2.438,50.0,29.0,14.0,21,1.39,0.48,1.146472590911369,20267,0.1731866967459704,116,118,1.0172413793103448,0,SEA-seattle-5452128-0-1|qp29
1.829,50.0,22.0,9.0,7,1.39,0.48,1.121317863397527,15988,0.1821122653544735,88,91,1.0340909090909092,0,SEA-seattle-5453813-0-0|qp22
1.829,50.0,22.0,9.0,23,1.39,0.48,1.0829453753554126,16531,0.1882973391652979,88,89,1.0113636363636365,0,SEA-seattle-5453813-0-0|qp22
1.829,50.0,9.0,9.0,9,1.39,0.48,1.222033532536499,6024,0.0686167304537996,36,36,1.0,0,SEA-seattle-5453813-0-0|qp9
1.829,50.0,9.0,9.0,25,1.39,0.48,1.1714037066881224,6205,0.0706784217240747,36,36,1.0,0,SEA-seattle-5453813-0-0|qp9
2.591,50.0,31.0,13.0,11,1.39,0.48,1.2172520094099524,20404,0.1640614949183038,124,125,1.0080645161290325,0,SEA-seattle-5454776-0-1|qp31
2.591,50.0,31.0,13.0,27,1.39,0.48,1.2042231496138704,20847,0.1676235044384383,124,125,1.0080645161290325,0,SEA-seattle-5454776-0-1|qp31
2.591,50.0,31.0,14.0,13,1.39,0.48,1.1605268556508024,21448,0.1724559372185765,124,124,1.0,0,SEA-seattle-5454776-0-1|qp31
2.591,50.0,31.0,14.0,29,1.39,0.48,1.1854514269379393,20989,0.1687652772417326,124,126,1.0161290322580645,0,SEA-seattle-5454776-0-1|qp31
1.8,50.0,22.0,7.0,15,1.39,0.48,1.1404577555213404,15576,0.1802777777777831,88,89,1.0113636363636365,0,TAO-taoyuan-idx10181-0-0|qp22
1.8,50.0,9.0,7.0,1,1.39,0.48,1.242750841750817,5940,0.0687499999999992,36,37,1.0277777777777777,0,TAO-taoyuan-idx10181-0-0|qp9
1.8,50.0,9.0,7.0,17,1.39,0.48,1.230920516304379,5888,0.0681481481481471,36,36,1.0,0,TAO-taoyuan-idx10181-0-0|qp9
3.0,50.0,36.0,11.0,3,1.39,0.48,1.2023607172644577,23980,0.1665277777777762,144,148,1.0277777777777777,0,TAO-taoyuan-idx158-0-0|qp36
3.0,50.0,36.0,11.0,19,1.39,0.48,1.2439957807723547,23227,0.1612986111111107,144,144,1.0,0,TAO-taoyuan-idx158-0-0|qp36
2.4,50.0,12.0,16.0,5,1.39,0.48,1.261720120434555,7639,0.0663107638888889,48,49,1.0208333333333333,0,TAO-taoyuan-idx3410-0-9|qp12
2.4,50.0,12.0,16.0,21,1.39,0.48,1.2363825998473867,7862,0.0682465277777776,48,48,1.0,0,TAO-taoyuan-idx3410-0-9|qp12
2.4,50.0,12.0,17.0,7,1.39,0.48,1.2347628205128025,7800,0.0677083333333335,48,48,1.0,0,TAO-taoyuan-idx3410-0-9|qp12
2.4,50.0,12.0,17.0,23,1.39,0.48,1.231419494217818,7869,0.0683072916666672,48,48,1.0,0,TAO-taoyuan-idx3410-0-9|qp12
2.4,50.0,29.0,11.0,9,1.39,0.48,1.1911647537187044,19429,0.1686545138888897,116,117,1.0086206896551724,0,TAO-taoyuan-idx3410-0-9|qp29
2.4,50.0,29.0,11.0,25,1.39,0.48,1.1534201874478045,20379,0.1769010416666666,116,119,1.0258620689655171,0,TAO-taoyuan-idx3410-0-9|qp29
2.04,50.0,10.0,9.0,11,1.39,0.48,1.2800526231861478,6271,0.0640420751633997,40,38,0.95,0,TAO-taoyuan-idx3430-0-3|qp10
2.04,50.0,10.0,9.0,27,1.39,0.48,1.2416871354006491,6514,0.0665236928104577,40,40,1.0,0,TAO-taoyuan-idx3430-0-3|qp10
2.04,50.0,24.0,9.0,13,1.39,0.48,1.1031132505411736,17554,0.1792687908496719,96,98,1.0208333333333333,0,TAO-taoyuan-idx3430-0-3|qp24
2.04,50.0,24.0,9.0,29,1.39,0.48,1.162394526795934,16663,0.1701695261437899,96,97,1.0104166666666667,0,TAO-taoyuan-idx3430-0-3|qp24
1.87,50.0,22.0,7.0,15,1.39,0.48,1.1417014199821105,15634,0.1741755793226379,88,88,1.0,0,TAO-taoyuan-idx5160-0-0|qp22
1.87,50.0,9.0,9.0,1,1.39,0.48,1.1975714978186858,6189,0.0689505347593589,36,37,1.0277777777777777,0,TAO-taoyuan-idx5160-0-0|qp9
1.87,50.0,9.0,9.0,17,1.39,0.48,1.2477929014473046,5804,0.064661319073084,36,35,0.9722222222222222,0,TAO-taoyuan-idx5160-0-0|qp9
6.92,50.0,35.0,13.0,3,1.39,0.48,1.202616373767757,23330,0.0702372350674362,140,140,1.0,0,TAO-taoyuan-idx531-0-1|qp35
6.92,50.0,35.0,13.0,19,1.39,0.48,1.2439350706713888,22640,0.0681599229287087,140,138,0.9857142857142858,0,TAO-taoyuan-idx531-0-1|qp35
6.92,50.0,35.0,14.0,5,1.39,0.48,1.2371466360991048,22682,0.0682863680154132,140,141,1.0071428571428571,0,TAO-taoyuan-idx531-0-1|qp35
6.92,50.0,35.0,14.0,21,1.39,0.48,1.1720111383566727,24061,0.0724379816955674,140,139,0.9928571428571428,0,TAO-taoyuan-idx531-0-1|qp35
6.92,50.0,83.0,11.0,7,1.39,0.48,0.9341038257564817,70522,0.2123133429672442,332,327,0.9849397590361446,0,TAO-taoyuan-idx531-0-1|qp83
6.92,50.0,83.0,11.0,23,1.39,0.48,0.9623450438602714,69197,0.2083243015414278,332,333,1.0030120481927711,0,TAO-taoyuan-idx531-0-1|qp83
2.6,50.0,31.0,13.0,9,1.39,0.48,1.186052329474789,20906,0.1675160256410215,124,125,1.0080645161290325,0,TAO-taoyuan-idx5379-0-4|qp31
2.6,50.0,31.0,13.0,25,1.39,0.48,1.1805826636050114,20904,0.1674999999999943,124,126,1.0161290322580645,0,TAO-taoyuan-idx5379-0-4|qp31
2.6,50.0,31.0,14.0,11,1.39,0.48,1.204094725093512,20607,0.1651201923076883,124,124,1.0,0,TAO-taoyuan-idx5379-0-4|qp31
2.6,50.0,31.0,14.0,27,1.39,0.48,1.2039941284050428,20778,0.1664903846153801,124,126,1.0161290322580645,0,TAO-taoyuan-idx5379-0-4|qp31
2.28,50.0,34.0,9.0,13,1.39,0.48,1.1552548887105805,23677,0.2163468567251499,136,135,0.9926470588235294,0,TAO-taoyuan-idx578-0-8|qp34
2.28,50.0,34.0,9.0,29,1.39,0.48,1.1467386753747844,23886,0.2182565789473721,136,140,1.0294117647058822,0,TAO-taoyuan-idx578-0-8|qp34
2.3,50.0,12.0,16.0,15,1.39,0.48,1.2082202753441815,7990,0.0723731884057947,48,47,0.9791666666666666,0,TAO-taoyuan-idx6720-0-3|qp12
2.3,50.0,12.0,17.0,1,1.39,0.48,1.1949623493975556,7968,0.0721739130434759,48,46,0.9583333333333334,0,TAO-taoyuan-idx6720-0-3|qp12
2.3,50.0,12.0,17.0,17,1.39,0.48,1.2269541916549909,7837,0.0709873188405773,48,48,1.0,0,TAO-taoyuan-idx6720-0-3|qp12
2.3,50.0,28.0,11.0,3,1.39,0.48,1.170685928081511,19244,0.1743115942028971,112,116,1.0357142857142858,0,TAO-taoyuan-idx6720-0-3|qp28
2.3,50.0,28.0,11.0,19,1.39,0.48,1.2011096931992398,18807,0.1703532608695644,112,111,0.9910714285714286,0,TAO-taoyuan-idx6720-0-3|qp28
2.23,50.0,11.0,11.0,5,1.39,0.48,1.2848990933020727,6838,0.0638826606875914,44,44,1.0,0,TAO-taoyuan-idx7044-0-7|qp11
2.23,50.0,11.0,11.0,21,1.39,0.48,1.2387581329561568,7070,0.0660500747384136,44,44,1.0,0,TAO-taoyuan-idx7044-0-7|qp11
2.23,50.0,27.0,11.0,7,1.39,0.48,1.1400550125514133,18723,0.1749159192825104,108,109,1.0092592592592593,0,TAO-taoyuan-idx7044-0-7|qp27
2.23,50.0,27.0,11.0,23,1.39,0.48,1.1284781488352629,19404,0.18127802690583,108,109,1.0092592592592593,0,TAO-taoyuan-idx7044-0-7|qp27
1.97,50.0,10.0,9.0,9,1.39,0.48,1.2917202930869212,6278,0.0663917089678505,40,41,1.025,0,TAO-taoyuan-idx718-0-1|qp10
1.97,50.0,10.0,9.0,25,1.39,0.48,1.2174288310114414,6604,0.0698392554991539,40,40,1.0,0,TAO-taoyuan-idx718-0-1|qp10
1.97,50.0,24.0,7.0,11,1.39,0.48,1.1426591272425917,16889,0.1786061759729268,96,95,0.9895833333333334,0,TAO-taoyuan-idx718-0-1|qp24
1.97,50.0,24.0,7.0,27,1.39,0.48,1.1775857463729171,16473,0.1742068527918793,96,95,0.9895833333333334,0,TAO-taoyuan-idx718-0-1|qp24
3.07,50.0,37.0,13.0,13,1.39,0.48,1.1491516342891903,25944,0.1760586319218231,148,150,1.0135135135135136,0,TAO-taoyuan-idx9038-0-2|qp37
3.07,50.0,37.0,13.0,29,1.39,0.48,1.1692742596278,25629,0.1739210097719872,148,152,1.027027027027027,0,TAO-taoyuan-idx9038-0-2|qp37
3.07,50.0,37.0,14.0,15,1.39,0.48,1.1963411113785396,24942,0.1692589576547222,148,149,1.0067567567567568,0,TAO-taoyuan-idx9038-0-2|qp37
2.69,50.0,40.0,11.0,1,1.39,0.48,1.154646147176698,27681,0.2143819702602213,160,165,1.03125,0,TPE-taipei-idx11047-0-0|qp40
2.69,50.0,40.0,11.0,17,1.39,0.48,1.19087685243952,26789,0.2074736679058224,160,161,1.00625,0,TPE-taipei-idx11047-0-0|qp40
1.99,50.0,10.0,11.0,3,1.39,0.48,1.2165581823764524,6514,0.068195142378559,40,39,0.975,0,TPE-taipei-idx14193-0-0|qp10
1.99,50.0,10.0,11.0,19,1.39,0.48,1.23386765372416,6619,0.0692943886097141,40,40,1.0,0,TPE-taipei-idx14193-0-0|qp10
1.99,50.0,24.0,7.0,5,1.39,0.48,1.1448450637972507,17007,0.1780464824120565,96,94,0.9791666666666666,0,TPE-taipei-idx14193-0-0|qp24
1.99,50.0,24.0,7.0,21,1.39,0.48,1.1615360707668678,16731,0.1751570351758756,96,93,0.96875,0,TPE-taipei-idx14193-0-0|qp24
2.36,50.0,12.0,16.0,7,1.39,0.48,1.228550152749447,7856,0.0693502824858751,48,48,1.0,0,TPE-taipei-idx15074-0-0|qp12
2.36,50.0,12.0,16.0,23,1.39,0.48,1.2083822982521162,8067,0.0712129237288136,48,48,1.0,0,TPE-taipei-idx15074-0-0|qp12
2.36,50.0,12.0,17.0,9,1.39,0.48,1.2149279939363409,7916,0.0698799435028245,48,49,1.0208333333333333,0,TPE-taipei-idx15074-0-0|qp12
2.36,50.0,12.0,17.0,25,1.39,0.48,1.2020858283432958,8016,0.0707627118644062,48,47,0.9791666666666666,0,TPE-taipei-idx15074-0-0|qp12
2.36,50.0,28.0,11.0,11,1.39,0.48,1.1915080033698473,18992,0.1676553672316377,112,111,0.9910714285714286,0,TPE-taipei-idx15074-0-0|qp28
2.36,50.0,28.0,11.0,27,1.39,0.48,1.203545678219932,18696,0.1650423728813534,112,111,0.9910714285714286,0,TPE-taipei-idx15074-0-0|qp28
2.48,50.0,37.0,11.0,13,1.39,0.48,1.1505973905300386,25829,0.2169774865591421,148,144,0.972972972972973,0,TPE-taipei-idx15608-0-1|qp37
2.48,50.0,37.0,11.0,29,1.39,0.48,1.1785718800616407,25313,0.2126428091397882,148,153,1.0337837837837838,0,TPE-taipei-idx15608-0-1|qp37
1.96,50.0,10.0,11.0,15,1.39,0.48,1.232593429776978,6636,0.0705357142857134,40,41,1.025,0,TPE-taipei-idx1592-0-2|qp10
1.96,50.0,24.0,7.0,1,1.39,0.48,1.1415238207131595,17023,0.1809417517006833,96,96,1.0,0,TPE-taipei-idx1592-0-2|qp24
1.96,50.0,24.0,7.0,17,1.39,0.48,1.1575519112789094,16952,0.1801870748299361,96,96,1.0,0,TPE-taipei-idx1592-0-2|qp24
2.05,50.0,10.0,9.0,3,1.39,0.48,1.220161216029508,6513,0.0661890243902433,40,40,1.0,0,TPE-taipei-idx326-0-1|qp10
2.05,50.0,10.0,9.0,19,1.39,0.48,1.2730877470355928,6325,0.0642784552845527,40,39,0.975,0,TPE-taipei-idx326-0-1|qp10
2.05,50.0,25.0,7.0,5,1.39,0.48,1.1630477665004086,17439,0.1772256097560968,100,98,0.98,0,TPE-taipei-idx326-0-1|qp25
2.05,50.0,25.0,7.0,21,1.39,0.48,1.1169728890614283,18037,0.1833028455284546,100,99,0.99,0,TPE-taipei-idx326-0-1|qp25
3.54,50.0,18.0,19.0,7,1.39,0.48,1.214427021529064,11798,0.0694326741996239,72,73,1.0138888888888888,0,TPE-taipei-idx4344-0-0|qp18
3.54,50.0,18.0,19.0,23,1.39,0.48,1.197898916370244,12089,0.071145244821093,72,73,1.0138888888888888,0,TPE-taipei-idx4344-0-0|qp18
3.54,50.0,42.0,11.0,9,1.39,0.48,1.1800950336137117,28411,0.1672022128060267,168,167,0.9940476190476192,0,TPE-taipei-idx4344-0-0|qp42
3.54,50.0,42.0,11.0,25,1.39,0.48,1.0819373808009731,31460,0.1851459510357811,168,166,0.988095238095238,0,TPE-taipei-idx4344-0-0|qp42
2.06,50.0,10.0,11.0,11,1.39,0.48,1.2639065916901453,6402,0.0647451456310682,40,39,0.975,0,TPE-taipei-idx674-0-1|qp10
2.06,50.0,10.0,11.0,27,1.39,0.48,1.2923750202232265,6181,0.0625101132686084,40,40,1.0,0,TPE-taipei-idx674-0-1|qp10
2.06,50.0,25.0,7.0,13,1.39,0.48,1.1268087000055234,17977,0.1818062297734617,100,102,1.02,0,TPE-taipei-idx674-0-1|qp25
2.06,50.0,25.0,7.0,29,1.39,0.48,1.197951972351362,16782,0.1697208737864051,100,102,1.02,0,TPE-taipei-idx674-0-1|qp25
2.99,50.0,45.0,11.0,15,1.39,0.48,1.180679461083673,30951,0.2156563545150525,180,182,1.011111111111111,0,TPE-taipei-idx813-0-1|qp45
3.55,50.0,18.0,19.0,1,1.39,0.48,1.2343680137574735,11630,0.0682511737089196,72,73,1.0138888888888888,0,TPE-taipei-idx9453-0-1|qp18
3.55,50.0,18.0,19.0,17,1.39,0.48,1.288289697078014,11191,0.0656748826291067,72,73,1.0138888888888888,0,TPE-taipei-idx9453-0-1|qp18
3.55,50.0,43.0,11.0,3,1.39,0.48,1.159149128383509,29887,0.175393192488262,172,167,0.9709302325581396,0,TPE-taipei-idx9453-0-1|qp43
3.55,50.0,43.0,11.0,19,1.39,0.48,1.20207199084512,28837,0.169231220657281,172,173,1.005813953488372,0,TPE-taipei-idx9453-0-1|qp43
2.098,50.0,10.0,11.0,10,1.39,0.48,1.2224054257724133,6635,0.0658861614235787,40,40,1.0,0,AMS-amsterdam-chain-141619-0|qp10
2.098,50.0,10.0,11.0,26,1.39,0.48,1.2156126482213467,6578,0.0653201461709571,40,40,1.0,0,AMS-amsterdam-chain-141619-0|qp10
2.098,50.0,25.0,9.0,12,1.39,0.48,1.1804497185632674,17233,0.1711252780425811,100,101,1.01,0,AMS-amsterdam-chain-141619-0|qp25
2.098,50.0,25.0,9.0,28,1.39,0.48,1.1377133430264972,17882,0.1775699078487458,100,100,1.0,0,AMS-amsterdam-chain-141619-0|qp25
3.89,50.0,19.0,19.0,14,1.39,0.48,1.258839256334282,12156,0.0651028277634944,76,76,1.0,0,AMS-amsterdam-chain-158080-0|qp19
3.89,50.0,47.0,13.0,0,1.39,0.48,1.106916596216139,34303,0.1837135818337587,188,192,1.0212765957446808,0,AMS-amsterdam-chain-158080-0|qp47
3.89,50.0,47.0,13.0,16,1.39,0.48,1.1438366223039378,32685,0.175048200514138,188,185,0.9840425531914894,0,AMS-amsterdam-chain-158080-0|qp47
3.89,50.0,47.0,14.0,2,1.39,0.48,1.0479824950144765,36104,0.1933590402742068,188,186,0.9893617021276596,0,AMS-amsterdam-chain-158080-0|qp47
3.89,50.0,47.0,14.0,18,1.39,0.48,1.0997096923433936,34584,0.1852185089974272,188,191,1.0159574468085106,0,AMS-amsterdam-chain-158080-0|qp47
2.267,50.0,11.0,9.0,4,1.39,0.48,1.2232639955325963,7163,0.0658267166593157,44,44,1.0,0,AMS-amsterdam-chain-166482-0|qp11
2.267,50.0,11.0,9.0,20,1.39,0.48,1.249207611473977,7042,0.0647147478312023,44,42,0.9545454545454546,0,AMS-amsterdam-chain-166482-0|qp11
2.267,50.0,27.0,9.0,6,1.39,0.48,1.1154048593221464,19797,0.1819309660344039,108,107,0.9907407407407408,0,AMS-amsterdam-chain-166482-0|qp27
2.267,50.0,27.0,9.0,22,1.39,0.48,1.1229529822399946,19482,0.1790361711512994,108,105,0.9722222222222222,0,AMS-amsterdam-chain-166482-0|qp27
2.796,50.0,14.0,19.0,8,1.39,0.48,1.203226590572819,9462,0.0705025035765375,56,55,0.9821428571428572,0,AMS-amsterdam-chain-22812-0|qp14
2.796,50.0,14.0,19.0,24,1.39,0.48,1.2795368129969549,8679,0.0646682761087257,56,55,0.9821428571428572,0,AMS-amsterdam-chain-22812-0|qp14
2.796,50.0,34.0,11.0,10,1.39,0.48,1.177582676136089,22951,0.1710106700047676,134,131,0.9776119402985076,0,AMS-amsterdam-chain-22812-0|qp34
2.796,50.0,34.0,11.0,26,1.39,0.48,1.208264561496582,22611,0.1684772889842624,136,135,0.9926470588235294,0,AMS-amsterdam-chain-22812-0|qp34
2.575,50.0,13.0,19.0,12,1.39,0.48,1.2159338726697484,8529,0.0690048543689317,52,53,1.0192307692307692,0,AMS-amsterdam-chain-32802-0|qp13
2.575,50.0,13.0,19.0,28,1.39,0.48,1.1885574103316106,8866,0.0717313915857614,52,53,1.0192307692307692,0,AMS-amsterdam-chain-32802-0|qp13
2.575,50.0,31.0,13.0,14,1.39,0.48,1.1165255883283198,22139,0.1791181229773452,124,123,0.9919354838709676,0,AMS-amsterdam-chain-32802-0|qp31
2.575,50.0,31.0,14.0,0,1.39,0.48,1.1446453965359975,21940,0.1775080906148863,124,127,1.0241935483870968,0,AMS-amsterdam-chain-32802-0|qp31
2.575,50.0,31.0,14.0,16,1.39,0.48,1.1932928391781583,21073,0.170493527508088,124,125,1.0080645161290325,0,AMS-amsterdam-chain-32802-0|qp31
2.482,50.0,12.0,19.0,2,1.39,0.48,1.216834787005413,7911,0.0664031023368255,48,49,1.0208333333333333,0,AMS-amsterdam-chain-44642-0|qp12
2.482,50.0,12.0,19.0,18,1.39,0.48,1.238822013146006,7759,0.0651272495299492,48,47,0.9791666666666666,0,AMS-amsterdam-chain-44642-0|qp12
2.482,50.0,30.0,13.0,4,1.39,0.48,1.2009853343275818,20115,0.1688406526994366,120,121,1.0083333333333333,0,AMS-amsterdam-chain-44642-0|qp30
2.482,50.0,30.0,13.0,20,1.39,0.48,1.2145052727181154,19819,0.166356097233415,120,121,1.0083333333333333,0,AMS-amsterdam-chain-44642-0|qp30
2.482,50.0,30.0,14.0,6,1.39,0.48,1.1523305793018166,20939,0.1757571179156594,120,117,0.975,0,AMS-amsterdam-chain-44642-0|qp30
2.482,50.0,30.0,14.0,22,1.39,0.48,1.2235964015539134,19564,0.1642156862745104,120,119,0.9916666666666668,0,AMS-amsterdam-chain-44642-0|qp30
2.166,50.0,11.0,13.0,8,1.39,0.48,1.177592469839587,7543,0.0725511695906442,44,43,0.9772727272727272,0,AMS-amsterdam-chain-45268-50|qp11
2.166,50.0,11.0,13.0,24,1.39,0.48,1.244462774957721,7092,0.0682132963988915,44,44,1.0,0,AMS-amsterdam-chain-45268-50|qp11
2.166,50.0,11.0,14.0,10,1.39,0.48,1.2476688760400332,7091,0.0682036780547862,44,43,0.9772727272727272,0,AMS-amsterdam-chain-45268-50|qp11
2.166,50.0,11.0,14.0,26,1.39,0.48,1.2531682746878472,7048,0.0677900892582333,44,45,1.0227272727272727,0,AMS-amsterdam-chain-45268-50|qp11
2.166,50.0,26.0,9.0,12,1.39,0.48,1.1522073264924155,18126,0.1743421052631599,104,102,0.9807692307692308,0,AMS-amsterdam-chain-45268-50|qp26
2.166,50.0,26.0,9.0,28,1.39,0.48,1.1547203640750616,18238,0.1754193598030173,104,101,0.971153846153846,0,AMS-amsterdam-chain-45268-50|qp26
1.662,50.0,20.0,11.0,14,1.39,0.48,1.2010769116112594,13418,0.1681959486562345,80,78,0.975,0,AMS-amsterdam-chain-79104-0|qp20
1.662,50.0,8.0,11.0,0,1.39,0.48,1.1954717688989085,5331,0.0668246089049346,32,33,1.03125,0,AMS-amsterdam-chain-79104-0|qp8
1.662,50.0,8.0,11.0,16,1.39,0.48,1.2476315789473738,5130,0.0643050541516252,32,31,0.96875,0,AMS-amsterdam-chain-79104-0|qp8
2.408,50.0,43.3,7.0,2,1.39,0.48,1.159406810692089,30041,0.2599062153931311,172,170,0.9883720930232558,0,DC-012|qp43.3
2.408,50.0,43.3,7.0,18,1.39,0.48,1.1391208755094808,30428,0.2632544296788454,172,175,1.0174418604651163,0,DC-012|qp43.3
3.719,50.0,66.9,7.0,4,1.39,0.48,1.1042739652979503,48758,0.2731356995608168,268,269,1.0037313432835822,0,DC-015|qp66.9
3.719,50.0,66.9,7.0,20,1.39,0.48,1.091889105374353,49272,0.2760150578112395,268,268,1.0,0,DC-015|qp66.9
2.722,50.0,49.0,9.0,6,1.39,0.48,1.1749147574326189,33434,0.2558933382316903,196,195,0.9948979591836736,0,DC-048|qp49.0
2.722,50.0,49.0,9.0,22,1.39,0.48,1.135877375382876,34626,0.2650165319617935,196,199,1.0153061224489797,0,DC-048|qp49.0
3.609,50.0,65.0,7.0,8,1.39,0.48,1.0625577868855272,48800,0.2817031495335719,260,259,0.9961538461538462,0,DC-051|qp65.0
3.609,50.0,65.0,7.0,24,1.39,0.48,1.07302600376171,48916,0.2823727717742675,260,261,1.0038461538461538,0,DC-051|qp65.0
2.48,50.0,44.6,9.0,10,1.39,0.48,1.1684257866161112,30574,0.2568380376344131,178,181,1.0168539325842696,0,DC-066|qp44.6
2.48,50.0,44.6,9.0,26,1.39,0.48,1.176472341835174,30190,0.253612231182798,178,178,1.0,0,DC-066|qp44.6
3.54,50.0,63.7,7.0,12,1.39,0.48,1.1532390107410548,44316,0.2608050847457647,254,257,1.0118110236220472,0,DC-069|qp63.7
3.54,50.0,63.7,7.0,28,1.39,0.48,1.0680180050562296,48653,0.2863288606403021,254,253,0.9960629921259844,0,DC-069|qp63.7
2.46,50.0,44.3,9.0,14,1.39,0.48,1.1369230522911375,31229,0.2644732384823831,178,177,0.99438202247191,0,DC-084|qp44.3
4.98,50.0,89.6,7.0,0,1.39,0.48,0.9122746890397444,78547,0.3285935408299879,358,348,0.9720670391061452,0,DC-087|qp89.6
4.98,50.0,89.6,7.0,16,1.39,0.48,0.9138453534082404,77842,0.3256442436412387,358,359,1.0027932960893855,0,DC-087|qp89.6
2.438,50.0,43.9,7.0,2,1.39,0.48,1.1689104156318064,30195,0.2580239950779397,176,177,1.005681818181818,0,DC-099|qp43.9
2.438,50.0,43.9,7.0,18,1.39,0.48,1.0959050234510472,32408,0.2769346458846105,176,180,1.0227272727272727,0,DC-099|qp43.9
2.4,50.0,43.2,9.0,4,1.39,0.48,1.1361709090908705,30250,0.2625868055555555,174,171,0.9827586206896552,0,DC-114|qp43.2
2.4,50.0,43.2,9.0,20,1.39,0.48,1.1257761520624563,30619,0.2657899305555545,174,168,0.9655172413793104,0,DC-114|qp43.2
1.697,50.0,8.0,7.0,6,1.39,0.48,1.302066066066086,4995,0.0613214496169696,32,32,1.0,0,MEL-melbourne-1389612-0-2|qp8
1.697,50.0,8.0,7.0,22,1.39,0.48,1.2463074239193572,5159,0.0633348065213104,32,32,1.0,0,MEL-melbourne-1389612-0-2|qp8
2.722,50.0,33.0,13.0,8,1.39,0.48,1.1624173050139393,22976,0.1758510898848851,132,133,1.0075757575757576,0,MEL-melbourne-1389823-0-3|qp33
2.722,50.0,33.0,13.0,24,1.39,0.48,1.236563891101589,21341,0.163337313250063,132,136,1.0303030303030305,0,MEL-melbourne-1389823-0-3|qp33
2.722,50.0,33.0,14.0,10,1.39,0.48,1.1777318943988513,22424,0.1716262552045035,132,131,0.9924242424242424,0,MEL-melbourne-1389823-0-3|qp33
2.722,50.0,33.0,14.0,26,1.39,0.48,1.192939372067808,22168,0.1696669115846188,132,132,1.0,0,MEL-melbourne-1389823-0-3|qp33
2.156,50.0,11.0,13.0,12,1.39,0.48,1.2613360091743315,6976,0.0674087816944974,44,45,1.0227272727272727,0,MEL-melbourne-1434605-0-0|qp11
2.156,50.0,11.0,13.0,28,1.39,0.48,1.266382887394488,6989,0.0675344001236869,44,44,1.0,0,MEL-melbourne-1434605-0-0|qp11
2.156,50.0,11.0,14.0,14,1.39,0.48,1.2177981651375729,7303,0.0705685683364268,44,44,1.0,0,MEL-melbourne-1434605-0-0|qp11
2.156,50.0,26.0,9.0,0,1.39,0.48,1.1327093729659867,18436,0.1781462585034024,104,106,1.0192307692307692,0,MEL-melbourne-1434605-0-0|qp26
2.156,50.0,26.0,9.0,16,1.39,0.48,1.2068989486988018,17407,0.1682030766852221,104,104,1.0,0,MEL-melbourne-1434605-0-0|qp26
1.749,50.0,9.0,7.0,2,1.39,0.48,1.2532934336525354,5848,0.0696588526777212,36,35,0.9722222222222222,0,MEL-melbourne-1465622-0-2|qp9
1.749,50.0,9.0,7.0,18,1.39,0.48,1.2679623168178351,5732,0.0682771107299415,36,36,1.0,0,MEL-melbourne-1465622-0-2|qp9
2.348,50.0,12.0,13.0,4,1.39,0.48,1.252707708360535,7667,0.0680277541169782,48,50,1.0416666666666667,0,MEL-melbourne-1465759-0-1|qp12
2.348,50.0,12.0,13.0,20,1.39,0.48,1.308692297278995,7387,0.0655433702441785,48,46,0.9583333333333334,0,MEL-melbourne-1465759-0-1|qp12
2.348,50.0,12.0,14.0,6,1.39,0.48,1.287184362029805,7469,0.066270939806927,48,49,1.0208333333333333,0,MEL-melbourne-1465759-0-1|qp12
2.348,50.0,12.0,14.0,22,1.39,0.48,1.270579191517579,7545,0.0669452725724013,48,49,1.0208333333333333,0,MEL-melbourne-1465759-0-1|qp12
2.348,50.0,28.0,11.0,8,1.39,0.48,1.1309936235377025,19917,0.1767195485519609,112,116,1.0357142857142858,0,MEL-melbourne-1465759-0-1|qp28
2.348,50.0,28.0,11.0,24,1.39,0.48,1.2178707162579263,18471,0.1638894804088565,112,113,1.0089285714285714,0,MEL-melbourne-1465759-0-1|qp28
1.83,50.0,9.0,9.0,10,1.39,0.48,1.2226908236872989,5961,0.0678620218579216,36,37,1.0277777777777777,0,MEL-melbourne-1477330-0-0|qp9
1.83,50.0,9.0,9.0,26,1.39,0.48,1.246914893616975,5828,0.0663479052823295,36,37,1.0277777777777777,0,MEL-melbourne-1477330-0-0|qp9
5.175,50.0,26.0,19.0,12,1.39,0.48,1.23832557862102,16764,0.0674879227053141,104,104,1.0,0,MEL-melbourne-1515142-0-0|qp26
5.175,50.0,26.0,19.0,28,1.39,0.48,1.1982970931564412,17476,0.0703542673107888,104,105,1.0096153846153846,0,MEL-melbourne-1515142-0-0|qp26
5.175,50.0,62.0,7.0,14,1.39,0.48,1.1339563543592617,43899,0.1767270531400975,248,247,0.995967741935484,0,MEL-melbourne-1515142-0-0|qp62
1.844,50.0,22.0,7.0,0,1.39,0.48,1.127054580274493,15665,0.1769816522053509,88,90,1.0227272727272727,0,MEL-melbourne-RPSP02B11034-0-0|qp22
1.844,50.0,22.0,7.0,16,1.39,0.48,1.1111194866683445,16052,0.1813539407086042,88,87,0.9886363636363636,0,MEL-melbourne-RPSP02B11034-0-0|qp22
1.844,50.0,9.0,11.0,2,1.39,0.48,1.252593674802338,5818,0.0657312002892282,36,35,0.9722222222222222,0,MEL-melbourne-RPSP02B11034-0-0|qp9
1.844,50.0,9.0,11.0,18,1.39,0.48,1.235006002400948,5831,0.0658780730296477,36,37,1.0277777777777777,0,MEL-melbourne-RPSP02B11034-0-0|qp9
3.609,50.0,54.0,11.0,4,1.39,0.48,1.1154239379063828,38909,0.2246063083033142,216,217,1.0046296296296295,0,MEL-melbourne-RPSP03A10530L1-0-0|qp54
3.609,50.0,54.0,11.0,20,1.39,0.48,1.103672560742848,39305,0.2268922600905132,216,208,0.9629629629629628,0,MEL-melbourne-RPSP03A10530L1-0-0|qp54
3.194,50.0,38.0,13.0,6,1.39,0.48,1.2119136435332545,25360,0.1654143185138823,152,155,1.019736842105263,0,MEL-melbourne-RPSP03A11034L1-0-0|qp38
3.194,50.0,38.0,13.0,22,1.39,0.48,1.1879518119337995,25608,0.1670319348778973,152,149,0.9802631578947368,0,MEL-melbourne-RPSP03A11034L1-0-0|qp38
3.194,50.0,38.0,14.0,8,1.39,0.48,1.1844205298013597,25972,0.1694061782508899,152,154,1.013157894736842,0,MEL-melbourne-RPSP03A11034L1-0-0|qp38
3.194,50.0,38.0,14.0,24,1.39,0.48,1.2060004745333233,25288,0.1649446879565873,152,151,0.993421052631579,0,MEL-melbourne-RPSP03A11034L1-0-0|qp38
3.121,50.0,16.0,19.0,10,1.39,0.48,1.2607593434843258,10114,0.0675130834134358,64,64,1.0,0,MEL-melbourne-RPSP07A11127-0-0|qp16
3.121,50.0,16.0,19.0,26,1.39,0.48,1.2671649025620333,10109,0.0674797073587525,64,64,1.0,0,MEL-melbourne-RPSP07A11127-0-0|qp16
3.121,50.0,38.0,11.0,12,1.39,0.48,1.2192119955335987,25076,0.1673875894478219,152,149,0.9802631578947368,0,MEL-melbourne-RPSP07A11127-0-0|qp38
3.121,50.0,38.0,11.0,28,1.39,0.48,1.1873027487417898,25830,0.1724206984940673,152,152,1.0,0,MEL-melbourne-RPSP07A11127-0-0|qp38
3.499,50.0,52.0,9.0,14,1.39,0.48,1.1640352049911105,35904,0.2137753643898246,208,211,1.0144230769230769,0,MEL-melbourne-RPSP0814955L1-0-0|qp52
6.11,50.0,31.0,16.0,0,1.39,0.48,1.1696976473328535,21465,0.0731894435351892,124,125,1.0080645161290325,0,NTP-newtaipei-idx11355-0-2|qp31
6.11,50.0,31.0,16.0,16,1.39,0.48,1.267661261445687,19549,0.0666564375340981,124,124,1.0,0,NTP-newtaipei-idx11355-0-2|qp31
6.11,50.0,31.0,17.0,2,1.39,0.48,1.178279549630204,21227,0.0723779323513372,124,128,1.032258064516129,0,NTP-newtaipei-idx11355-0-2|qp31
6.11,50.0,31.0,17.0,18,1.39,0.48,1.1900809348211978,20881,0.0711981723949821,124,121,0.9758064516129032,0,NTP-newtaipei-idx11355-0-2|qp31
4.98,50.0,25.0,19.0,4,1.39,0.48,1.2291631876228453,16288,0.0681392235609106,100,100,1.0,0,NTP-newtaipei-idx11808-0-1|qp25
4.98,50.0,25.0,19.0,20,1.39,0.48,1.2477050605401994,16105,0.0673736613119147,100,103,1.03,0,NTP-newtaipei-idx11808-0-1|qp25
4.98,50.0,60.0,11.0,6,1.39,0.48,1.1266960136380952,42821,0.1791373828647943,240,244,1.0166666666666666,0,NTP-newtaipei-idx11808-0-1|qp60
4.98,50.0,60.0,11.0,22,1.39,0.48,1.0600440132938436,44532,0.1862951807228868,240,233,0.9708333333333332,0,NTP-newtaipei-idx11808-0-1|qp60
1.78,50.0,9.0,9.0,8,1.39,0.48,1.2055167873600958,6076,0.071114232209735,36,35,0.9722222222222222,0,NTP-newtaipei-idx11901-0-0|qp9
1.78,50.0,9.0,9.0,24,1.39,0.48,1.2724541997926129,5786,0.067720037453181,36,36,1.0,0,NTP-newtaipei-idx11901-0-0|qp9
1.8,50.0,9.0,7.0,10,1.39,0.48,1.2664340013821649,5788,0.0669907407407398,36,37,1.0277777777777777,0,NTP-newtaipei-idx13763-0-2|qp9
1.8,50.0,9.0,7.0,26,1.39,0.48,1.2373518866313382,5857,0.0677893518518515,36,37,1.0277777777777777,0,NTP-newtaipei-idx13763-0-2|qp9
1.71,50.0,9.0,7.0,12,1.39,0.48,1.258772138964626,5872,0.0715399610136469,36,36,1.0,0,NTP-newtaipei-idx13776-0-2|qp9
1.71,50.0,9.0,7.0,28,1.39,0.48,1.279763567974195,5583,0.0680190058479548,36,36,1.0,0,NTP-newtaipei-idx13776-0-2|qp9
2.46,50.0,12.0,19.0,14,1.39,0.48,1.241972850678682,7735,0.065506436314364,48,47,0.9791666666666666,0,NTP-newtaipei-idx251-0-0|qp12
2.46,50.0,30.0,11.0,0,1.39,0.48,1.1568219515662832,21101,0.1787008807588109,120,116,0.9666666666666668,0,NTP-newtaipei-idx251-0-0|qp30
2.46,50.0,30.0,11.0,16,1.39,0.48,1.231048420188798,19496,0.1651084010840123,120,119,0.9916666666666668,0,NTP-newtaipei-idx251-0-0|qp30
2.99,50.0,36.0,13.0,2,1.39,0.48,1.1750699272102914,24454,0.1703874024526209,144,147,1.0208333333333333,0,NTP-newtaipei-idx4423-0-0|qp36
2.99,50.0,36.0,13.0,18,1.39,0.48,1.161584399028022,25101,0.1748954849498342,144,148,1.0277777777777777,0,NTP-newtaipei-idx4423-0-0|qp36
2.99,50.0,36.0,14.0,4,1.39,0.48,1.230630944293393,23552,0.1641025641025645,144,145,1.0069444444444444,0,NTP-newtaipei-idx4423-0-0|qp36
2.99,50.0,36.0,14.0,20,1.39,0.48,1.1755861702995918,24498,0.1706939799331119,144,144,1.0,0,NTP-newtaipei-idx4423-0-0|qp36
2.33,50.0,12.0,16.0,6,1.39,0.48,1.281519935777424,7474,0.0668276108726742,48,49,1.0208333333333333,0,NTP-newtaipei-idx5617-0-0|qp12
2.33,50.0,12.0,16.0,22,1.39,0.48,1.2634753363228846,7582,0.0677932761087252,48,49,1.0208333333333333,0,NTP-newtaipei-idx5617-0-0|qp12
2.33,50.0,12.0,17.0,8,1.39,0.48,1.1881889178132936,8067,0.0721298283261794,48,47,0.9791666666666666,0,NTP-newtaipei-idx5617-0-0|qp12
2.33,50.0,12.0,17.0,24,1.39,0.48,1.2780143636122316,7519,0.0672299713876959,48,49,1.0208333333333333,0,NTP-newtaipei-idx5617-0-0|qp12
2.33,50.0,28.0,11.0,10,1.39,0.48,1.1975802443022825,18911,0.1690897711015724,112,112,1.0,0,NTP-newtaipei-idx5617-0-0|qp28
2.33,50.0,28.0,11.0,26,1.39,0.48,1.177506948450374,19069,0.1705025035765369,112,109,0.9732142857142856,0,NTP-newtaipei-idx5617-0-0|qp28
2.62,50.0,31.0,13.0,12,1.39,0.48,1.2025603398339506,20716,0.164726463104325,124,124,1.0,0,NTP-newtaipei-idx6820-0-0|qp31
2.62,50.0,31.0,13.0,28,1.39,0.48,1.222875517661455,20525,0.1632076972010181,124,123,0.9919354838709676,0,NTP-newtaipei-idx6820-0-0|qp31
2.62,50.0,31.0,14.0,14,1.39,0.48,1.1619611997928228,21237,0.1688692748091592,124,124,1.0,0,NTP-newtaipei-idx6820-0-0|qp31
2.9,50.0,35.0,11.0,0,1.39,0.48,1.1647425718261926,24434,0.1755316091953942,140,137,0.9785714285714284,0,NTP-newtaipei-idx7804-0-0|qp35
2.9,50.0,35.0,11.0,16,1.39,0.48,1.2561515668492869,22274,0.1600143678160885,140,140,1.0,0,NTP-newtaipei-idx7804-0-0|qp35
1.91,50.0,10.0,9.0,2,1.39,0.48,1.2525504300234764,6395,0.0697534904013972,40,38,0.95,0,NTP-newtaipei-idx9858-0-0|qp10
1.91,50.0,10.0,9.0,18,1.39,0.48,1.233215330152332,6497,0.0708660558464236,40,39,0.975,0,NTP-newtaipei-idx9858-0-0|qp10
1.707,50.0,8.0,7.0,4,1.39,0.48,1.2051131554738117,5435,0.066332259324353,32,31,0.96875,0,NYC-nyc-110605-0-2|qp8
1.707,50.0,8.0,7.0,20,1.39,0.48,1.2777432059866245,5078,0.0619752001562213,32,34,1.0625,0,NYC-nyc-110605-0-2|qp8
2.408,50.0,12.0,19.0,6,1.39,0.48,1.2455005843397762,7701,0.066626868770763,48,49,1.0208333333333333,0,NYC-nyc-17655-0-0|qp12
2.408,50.0,12.0,19.0,22,1.39,0.48,1.2693902917702609,7643,0.0661250692137316,48,49,1.0208333333333333,0,NYC-nyc-17655-0-0|qp12
2.408,50.0,29.0,11.0,8,1.39,0.48,1.1552950487214253,20217,0.1749117524916976,116,118,1.0172413793103448,0,NYC-nyc-17655-0-0|qp29
2.408,50.0,29.0,11.0,24,1.39,0.48,1.2104148063544884,19262,0.1666493632336705,116,114,0.9827586206896552,0,NYC-nyc-17655-0-0|qp29
2.073,50.0,10.0,11.0,10,1.39,0.48,1.2627817670933477,6406,0.0643793214343152,40,42,1.05,0,NYC-nyc-199805-0-0|qp10
2.073,50.0,10.0,11.0,26,1.39,0.48,1.256692271515922,6379,0.0641079755587726,40,41,1.025,0,NYC-nyc-199805-0-0|qp10
2.073,50.0,25.0,7.0,12,1.39,0.48,1.1584682625836251,17503,0.1759024762823589,100,101,1.01,0,NYC-nyc-199805-0-0|qp25
2.073,50.0,25.0,7.0,28,1.39,0.48,1.157624038735396,17555,0.1764250683389588,100,101,1.01,0,NYC-nyc-199805-0-0|qp25
3.17,50.0,38.0,11.0,14,1.39,0.48,1.172932482887327,25712,0.1689800210304933,152,155,1.019736842105263,0,NYC-nyc-20131-0-2|qp38
2.56,50.0,31.0,13.0,0,1.39,0.48,1.1632250407260558,21485,0.1748453776041666,124,127,1.0241935483870968,0,NYC-nyc-214464-0-0|qp31
2.56,50.0,31.0,13.0,16,1.39,0.48,1.2250483759503248,20258,0.1648600260416666,124,124,1.0,0,NYC-nyc-214464-0-0|qp31
2.56,50.0,31.0,14.0,2,1.39,0.48,1.174943894389397,21210,0.172607421875,124,127,1.0241935483870968,0,NYC-nyc-214464-0-0|qp31
2.56,50.0,31.0,14.0,18,1.39,0.48,1.1869726478591045,20949,0.1704833984375,124,121,0.9758064516129032,0,NYC-nyc-214464-0-0|qp31
2.347,50.0,35.0,9.0,4,1.39,0.48,1.1778934398367955,23536,0.2089191876153928,140,141,1.0071428571428571,0,NYC-nyc-267383-0-0|qp35
2.347,50.0,35.0,9.0,20,1.39,0.48,1.1860251275349232,23719,0.2105436017611117,140,140,1.0,0,NYC-nyc-267383-0-0|qp35
2.377,50.0,12.0,16.0,6,1.39,0.48,1.2605529037391374,7542,0.0661022297013031,48,48,1.0,0,NYC-nyc-27695-0-3|qp12
2.377,50.0,12.0,16.0,22,1.39,0.48,1.2959105560032471,7446,0.0652608329827502,48,49,1.0208333333333333,0,NYC-nyc-27695-0-3|qp12
2.377,50.0,12.0,17.0,8,1.39,0.48,1.2127026683608364,7870,0.0689770018230252,48,47,0.9791666666666666,0,NYC-nyc-27695-0-3|qp12
2.377,50.0,12.0,17.0,24,1.39,0.48,1.2729925650558218,7532,0.0660145842097882,48,49,1.0208333333333333,0,NYC-nyc-27695-0-3|qp12
2.377,50.0,28.0,11.0,10,1.39,0.48,1.1952268844757876,18732,0.1641775347076143,112,109,0.9732142857142856,0,NYC-nyc-27695-0-3|qp28
2.377,50.0,28.0,11.0,26,1.39,0.48,1.1767965277414834,19123,0.1676044734258856,112,109,0.9732142857142856,0,NYC-nyc-27695-0-3|qp28
1.676,50.0,8.0,7.0,12,1.39,0.48,1.239467614837646,5203,0.0646753182179813,32,33,1.03125,0,NYC-nyc-46079-0-1|qp8
1.676,50.0,8.0,7.0,28,1.39,0.48,1.3083921411387207,4988,0.0620027844073207,32,32,1.0,0,NYC-nyc-46079-0-1|qp8
3.048,50.0,37.0,13.0,14,1.39,0.48,1.1623521526573437,25364,0.1733650481189917,148,148,1.0,0,NYC-nyc-59808-0-1|qp37
3.048,50.0,37.0,14.0,0,1.39,0.48,1.1392105962275705,26349,0.1800976049868839,148,147,0.9932432432432432,0,NYC-nyc-59808-0-1|qp37
3.048,50.0,37.0,14.0,16,1.39,0.48,1.2301803565478904,24008,0.1640966754155771,148,146,0.9864864864864864,0,NYC-nyc-59808-0-1|qp37
5.06,50.0,25.0,19.0,2,1.39,0.48,1.1800400541910256,16977,0.0698987154150198,100,98,0.98,0,NYC-nyc-62758-0-0|qp25
5.06,50.0,25.0,19.0,18,1.39,0.48,1.2195521572912182,16479,0.0678483201581027,100,99,0.99,0,NYC-nyc-62758-0-0|qp25
5.06,50.0,61.0,9.0,4,1.39,0.48,1.1393898328884564,42726,0.1759140316205544,244,246,1.0081967213114753,0,NYC-nyc-62758-0-0|qp61
5.06,50.0,61.0,9.0,20,1.39,0.48,1.1425105795981452,42771,0.1760993083003957,244,242,0.9918032786885246,0,NYC-nyc-62758-0-0|qp61
3.719,50.0,19.0,19.0,6,1.39,0.48,1.3079244310862843,11645,0.0652337097786153,76,78,1.0263157894736843,0,NYC-nyc-9648-0-0|qp19
3.719,50.0,19.0,19.0,22,1.39,0.48,1.298304311073516,11830,0.0662700546741976,76,75,0.986842105263158,0,NYC-nyc-9648-0-0|qp19
3.719,50.0,45.0,11.0,8,1.39,0.48,1.15254825762885,31394,0.175864927847989,180,178,0.9888888888888888,0,NYC-nyc-9648-0-0|qp45
3.719,50.0,45.0,11.0,24,1.39,0.48,1.1805885037983526,30671,0.1718147799587711,180,179,0.9944444444444444,0,NYC-nyc-9648-0-0|qp45
2.103,50.0,32.0,7.0,10,1.39,0.48,1.116439754346503,23122,0.2290576953558401,128,128,1.0,0,NYC-nyc-98749-0-2|qp32
2.103,50.0,32.0,7.0,26,1.39,0.48,1.1176257676727943,22959,0.2274429386590553,128,127,0.9921875,0,NYC-nyc-98749-0-2|qp32
4.115,50.0,62.0,7.0,12,1.39,0.48,1.0836189957521611,45905,0.2324068448764675,248,246,0.9919354838709676,0,SEA-seattle-5423808-0-1|qp62
4.115,50.0,62.0,7.0,28,1.39,0.48,1.1282735008194964,44541,0.2255012150668259,248,254,1.0241935483870968,0,SEA-seattle-5423808-0-1|qp62
1.829,50.0,9.0,7.0,14,1.39,0.48,1.274140969163,5675,0.0646414251868041,36,37,1.0277777777777777,0,SEA-seattle-5426480-0-0|qp9
2.54,50.0,38.0,11.0,0,1.39,0.48,1.129896308280652,27196,0.2230643044619444,152,155,1.019736842105263,0,SEA-seattle-5426595-0-0|qp38
2.54,50.0,38.0,11.0,16,1.39,0.48,1.1990870825557054,25183,0.2065534776902933,152,149,0.9802631578947368,0,SEA-seattle-5426595-0-0|qp38
1.651,50.0,8.0,7.0,2,1.39,0.48,1.2290209394453575,5301,0.0668912780133228,32,32,1.0,0,SEA-seattle-5432169-0-1|qp8
1.651,50.0,8.0,7.0,18,1.39,0.48,1.2341708349365426,5198,0.0655915606702994,32,33,1.03125,0,SEA-seattle-5432169-0-1|qp8
1.829,50.0,9.0,7.0,4,1.39,0.48,1.2305611055611223,6006,0.0684117003827224,36,36,1.0,0,SEA-seattle-5433778-0-0|qp9
1.829,50.0,9.0,7.0,20,1.39,0.48,1.266552145099394,5734,0.0653134681975579,36,38,1.0555555555555556,0,SEA-seattle-5433778-0-0|qp9
2.438,50.0,37.0,11.0,6,1.39,0.48,1.1980637813212798,25023,0.2138279327317565,148,148,1.0,0,SEA-seattle-5434873-0-0|qp37
2.438,50.0,37.0,11.0,22,1.39,0.48,1.1460654028802066,25901,0.2213306672135678,148,149,1.0067567567567568,0,SEA-seattle-5434873-0-0|qp37
1.829,50.0,9.0,11.0,8,1.39,0.48,1.2032457879088063,6054,0.0689584472389273,36,37,1.0277777777777777,0,SEA-seattle-5438086-0-1|qp9
1.829,50.0,9.0,11.0,24,1.39,0.48,1.252603702434012,5834,0.0664525241479862,36,36,1.0,0,SEA-seattle-5438086-0-1|qp9
4.064,50.0,61.0,7.0,10,1.39,0.48,1.152214302517019,42510,0.2179195374015714,244,245,1.0040983606557377,0,SEA-seattle-5445989-0-0|qp61
4.064,50.0,61.0,7.0,26,1.39,0.48,1.0723182949117585,45417,0.2328217273622047,244,234,0.9590163934426228,0,SEA-seattle-5445989-0-0|qp61
1.829,50.0,9.0,7.0,12,1.39,0.48,1.2742931034483267,5800,0.0660652451248409,36,36,1.0,0,SEA-seattle-5449118-0-0|qp9
1.829,50.0,9.0,7.0,28,1.39,0.48,1.2730633677465164,5618,0.0639921632950602,36,36,1.0,0,SEA-seattle-5449118-0-0|qp9
1.829,50.0,22.0,7.0,14,1.39,0.48,1.165339225370406,15388,0.1752779296519023,88,86,0.9772727272727272,0,SEA-seattle-5449903-0-0|qp22
1.829,50.0,9.0,9.0,0,1.39,0.48,1.1729649292149664,6216,0.0708037178786216,36,36,1.0,0,SEA-seattle-5449903-0-0|qp9
1.829,50.0,9.0,9.0,16,1.39,0.48,1.2238911155644483,5988,0.0682066703116457,36,36,1.0,0,SEA-seattle-5449903-0-0|qp9
2.438,50.0,12.0,19.0,2,1.39,0.48,1.1903355044856607,8137,0.0695327454197445,48,47,0.9791666666666666,0,SEA-seattle-5452128-0-1|qp12
2.438,50.0,12.0,19.0,18,1.39,0.48,1.2132425307557095,7966,0.0680715066994816,48,47,0.9791666666666666,0,SEA-seattle-5452128-0-1|qp12
2.438,50.0,29.0,13.0,4,1.39,0.48,1.183313130284162,19634,0.1677775499042966,116,113,0.9741379310344828,0,SEA-seattle-5452128-0-1|qp29
2.438,50.0,29.0,13.0,20,1.39,0.48,1.188221368178332,19515,0.1667606644790841,116,114,0.9827586206896552,0,SEA-seattle-5452128-0-1|qp29
2.438,50.0,29.0,14.0,6,1.39,0.48,1.1674683607875291,19912,0.1701531309816833,116,114,0.9827586206896552,0,SEA-seattle-5452128-0-1|qp29
2.438,50.0,29.0,14.0,22,1.39,0.48,1.2168767210337204,18884,0.1613686081487576,116,117,1.0086206896551724,0,SEA-seattle-5452128-0-1|qp29
1.829,50.0,22.0,9.0,8,1.39,0.48,1.1207812402422732,16013,0.1823970293420781,88,90,1.0227272727272727,0,SEA-seattle-5453813-0-0|qp22
1.829,50.0,22.0,9.0,24,1.39,0.48,1.1122757896038038,16179,0.18428786221979,88,88,1.0,0,SEA-seattle-5453813-0-0|qp22
1.829,50.0,9.0,9.0,10,1.39,0.48,1.196987345879293,6164,0.0702114087843988,36,37,1.0277777777777777,0,SEA-seattle-5453813-0-0|qp9
1.829,50.0,9.0,9.0,26,1.39,0.48,1.2043228655544238,6114,0.0696418808091846,36,37,1.0277777777777777,0,SEA-seattle-5453813-0-0|qp9
2.591,50.0,31.0,13.0,12,1.39,0.48,1.2117532023076216,20454,0.1644635275955198,124,125,1.0080645161290325,0,SEA-seattle-5454776-0-1|qp31
2.591,50.0,31.0,13.0,28,1.39,0.48,1.2122771655066336,20688,0.16634504052489,124,123,0.9919354838709676,0,SEA-seattle-5454776-0-1|qp31
2.591,50.0,31.0,14.0,14,1.39,0.48,1.146224223196758,21434,0.1723433680689557,124,120,0.967741935483871,0,SEA-seattle-5454776-0-1|qp31
1.8,50.0,22.0,7.0,0,1.39,0.48,1.111694947091588,15971,0.1848495370370399,88,89,1.0113636363636365,0,TAO-taoyuan-idx10181-0-0|qp22
1.8,50.0,22.0,7.0,16,1.39,0.48,1.140408599365415,15443,0.1787384259259303,88,86,0.9772727272727272,0,TAO-taoyuan-idx10181-0-0|qp22
1.8,50.0,9.0,7.0,2,1.39,0.48,1.2774092812281943,5732,0.0663425925925924,36,35,0.9722222222222222,0,TAO-taoyuan-idx10181-0-0|qp9
1.8,50.0,9.0,7.0,18,1.39,0.48,1.2583501918381292,5734,0.06636574074074,36,36,1.0,0,TAO-taoyuan-idx10181-0-0|qp9
3.0,50.0,36.0,11.0,4,1.39,0.48,1.2347649925830524,23595,0.1638541666666663,144,141,0.9791666666666666,0,TAO-taoyuan-idx158-0-0|qp36
3.0,50.0,36.0,11.0,20,1.39,0.48,1.2424475644946282,23219,0.1612430555555559,144,144,1.0,0,TAO-taoyuan-idx158-0-0|qp36
2.4,50.0,12.0,16.0,6,1.39,0.48,1.2880650800054485,7437,0.0645572916666666,48,48,1.0,0,TAO-taoyuan-idx3410-0-9|qp12
2.4,50.0,12.0,16.0,22,1.39,0.48,1.2821618757451487,7549,0.0655295138888887,48,50,1.0416666666666667,0,TAO-taoyuan-idx3410-0-9|qp12
2.4,50.0,12.0,17.0,8,1.39,0.48,1.2137760383789549,7921,0.0687586805555555,48,47,0.9791666666666666,0,TAO-taoyuan-idx3410-0-9|qp12
2.4,50.0,12.0,17.0,24,1.39,0.48,1.2711817462411477,7582,0.0658159722222223,48,48,1.0,0,TAO-taoyuan-idx3410-0-9|qp12
2.4,50.0,29.0,11.0,10,1.39,0.48,1.2037230673381836,19261,0.1671961805555546,116,115,0.9913793103448276,0,TAO-taoyuan-idx3410-0-9|qp29
2.4,50.0,29.0,11.0,26,1.39,0.48,1.1675328386644184,19946,0.1731423611111108,116,116,1.0,0,TAO-taoyuan-idx3410-0-9|qp29
2.04,50.0,10.0,9.0,12,1.39,0.48,1.2555974450849248,6419,0.0655535130718954,40,40,1.0,0,TAO-taoyuan-idx3430-0-3|qp10
2.04,50.0,10.0,9.0,28,1.39,0.48,1.245279148673669,6484,0.0662173202614369,40,41,1.025,0,TAO-taoyuan-idx3430-0-3|qp10
2.04,50.0,24.0,9.0,14,1.39,0.48,1.1415256032960592,16990,0.1735089869281041,96,96,1.0,0,TAO-taoyuan-idx3430-0-3|qp24
1.87,50.0,22.0,7.0,0,1.39,0.48,1.1223253600659846,15761,0.175590463458112,88,90,1.0227272727272727,0,TAO-taoyuan-idx5160-0-0|qp22
1.87,50.0,22.0,7.0,16,1.39,0.48,1.1128725471757288,15951,0.1777072192513362,88,87,0.9886363636363636,0,TAO-taoyuan-idx5160-0-0|qp22
1.87,50.0,9.0,9.0,2,1.39,0.48,1.2383884087442845,5901,0.0657419786096254,36,35,0.9722222222222222,0,TAO-taoyuan-idx5160-0-0|qp9
1.87,50.0,9.0,9.0,18,1.39,0.48,1.2431870392593725,5833,0.0649844028520495,36,36,1.0,0,TAO-taoyuan-idx5160-0-0|qp9
6.92,50.0,35.0,13.0,4,1.39,0.48,1.231021730506371,22687,0.0683014210019255,140,139,0.9928571428571428,0,TAO-taoyuan-idx531-0-1|qp35
6.92,50.0,35.0,13.0,20,1.39,0.48,1.2404013822434945,22572,0.0679552023121375,140,139,0.9928571428571428,0,TAO-taoyuan-idx531-0-1|qp35
6.92,50.0,35.0,14.0,6,1.39,0.48,1.231982762411652,22741,0.068463993256261,140,143,1.0214285714285714,0,TAO-taoyuan-idx531-0-1|qp35
6.92,50.0,35.0,14.0,22,1.39,0.48,1.1925259559923311,23405,0.0704630298651248,140,138,0.9857142857142858,0,TAO-taoyuan-idx531-0-1|qp35
6.92,50.0,83.0,11.0,8,1.39,0.48,1.0714812778001728,61825,0.1861301782273602,332,337,1.0150602409638554,0,TAO-taoyuan-idx531-0-1|qp83
6.92,50.0,83.0,11.0,24,1.39,0.48,0.9259775708844764,70890,0.2134212427745682,332,329,0.9909638554216867,0,TAO-taoyuan-idx531-0-1|qp83
2.6,50.0,31.0,13.0,10,1.39,0.48,1.2079771400779284,20560,0.1647435897435849,124,125,1.0080645161290325,0,TAO-taoyuan-idx5379-0-4|qp31
2.6,50.0,31.0,13.0,26,1.39,0.48,1.2140127544763273,20385,0.163341346153841,124,124,1.0,0,TAO-taoyuan-idx5379-0-4|qp31
2.6,50.0,31.0,14.0,12,1.39,0.48,1.1929779058597632,20820,0.1668269230769176,124,125,1.0080645161290325,0,TAO-taoyuan-idx5379-0-4|qp31
2.6,50.0,31.0,14.0,28,1.39,0.48,1.1866844188897123,21218,0.1700160256410181,124,125,1.0080645161290325,0,TAO-taoyuan-idx5379-0-4|qp31
2.28,50.0,34.0,9.0,14,1.39,0.48,1.084021574111079,25030,0.2287097953216394,136,134,0.9852941176470588,0,TAO-taoyuan-idx578-0-8|qp34
2.3,50.0,12.0,16.0,0,1.39,0.48,1.1453498871331709,8417,0.0762409420289831,48,50,1.0416666666666667,0,TAO-taoyuan-idx6720-0-3|qp12
2.3,50.0,12.0,16.0,16,1.39,0.48,1.252464724919108,7725,0.0699728260869543,48,47,0.9791666666666666,0,TAO-taoyuan-idx6720-0-3|qp12
2.3,50.0,12.0,17.0,2,1.39,0.48,1.215819620650627,7961,0.0721105072463745,48,48,1.0,0,TAO-taoyuan-idx6720-0-3|qp12
2.3,50.0,12.0,17.0,18,1.39,0.48,1.2247859424920098,7825,0.0708786231884038,48,49,1.0208333333333333,0,TAO-taoyuan-idx6720-0-3|qp12
2.3,50.0,28.0,11.0,4,1.39,0.48,1.183667020711551,18830,0.170561594202897,112,112,1.0,0,TAO-taoyuan-idx6720-0-3|qp28
2.3,50.0,28.0,11.0,20,1.39,0.48,1.1936068276082292,18806,0.1703442028985496,112,114,1.0178571428571428,0,TAO-taoyuan-idx6720-0-3|qp28
2.23,50.0,11.0,11.0,6,1.39,0.48,1.334193548387107,6634,0.0619768310911788,44,43,0.9772727272727272,0,TAO-taoyuan-idx7044-0-7|qp11
2.23,50.0,11.0,11.0,22,1.39,0.48,1.301632413388103,6812,0.0636397608370686,44,45,1.0227272727272727,0,TAO-taoyuan-idx7044-0-7|qp11
2.23,50.0,27.0,11.0,8,1.39,0.48,1.1201399497616136,19507,0.1822402840059813,108,106,0.9814814814814816,0,TAO-taoyuan-idx7044-0-7|qp27
2.23,50.0,27.0,11.0,24,1.39,0.48,1.1970786948177,18235,0.1703568759342297,108,106,0.9814814814814816,0,TAO-taoyuan-idx7044-0-7|qp27
1.97,50.0,10.0,9.0,10,1.39,0.48,1.2583817814394491,6433,0.068030879864637,40,41,1.025,0,TAO-taoyuan-idx718-0-1|qp10
1.97,50.0,10.0,9.0,26,1.39,0.48,1.2795979497036742,6243,0.0660215736040608,40,42,1.05,0,TAO-taoyuan-idx718-0-1|qp10
1.97,50.0,24.0,7.0,12,1.39,0.48,1.1708268749255069,16774,0.177390016920476,96,98,1.0208333333333333,0,TAO-taoyuan-idx718-0-1|qp24
1.97,50.0,24.0,7.0,28,1.39,0.48,1.167870552476256,16779,0.1774428934010174,96,95,0.9895833333333334,0,TAO-taoyuan-idx718-0-1|qp24
3.07,50.0,37.0,13.0,14,1.39,0.48,1.1903412624692478,24761,0.1680306731813235,148,147,0.9932432432432432,0,TAO-taoyuan-idx9038-0-2|qp37
3.07,50.0,37.0,14.0,0,1.39,0.48,1.126052661148396,26699,0.1811821389793696,148,147,0.9932432432432432,0,TAO-taoyuan-idx9038-0-2|qp37
3.07,50.0,37.0,14.0,16,1.39,0.48,1.2301042839862657,23973,0.1626832247556994,148,149,1.0067567567567568,0,TAO-taoyuan-idx9038-0-2|qp37
2.69,50.0,40.0,11.0,2,1.39,0.48,1.1601144156500225,27706,0.214575588599749,160,160,1.0,0,TPE-taipei-idx11047-0-0|qp40
2.69,50.0,40.0,11.0,18,1.39,0.48,1.1543998280617942,27917,0.2162097273853738,160,163,1.01875,0,TPE-taipei-idx11047-0-0|qp40
1.99,50.0,10.0,11.0,4,1.39,0.48,1.2484621365262092,6431,0.0673262144053599,40,40,1.0,0,TPE-taipei-idx14193-0-0|qp10
1.99,50.0,10.0,11.0,20,1.39,0.48,1.288558356076372,6229,0.0652114740368508,40,39,0.975,0,TPE-taipei-idx14193-0-0|qp10
1.99,50.0,24.0,7.0,6,1.39,0.48,1.1683890726448602,16326,0.1709170854271355,96,97,1.0104166666666667,0,TPE-taipei-idx14193-0-0|qp24
1.99,50.0,24.0,7.0,22,1.39,0.48,1.2021158938358287,16239,0.1700062814070325,96,98,1.0208333333333333,0,TPE-taipei-idx14193-0-0|qp24
2.36,50.0,12.0,16.0,8,1.39,0.48,1.2335490551384578,7726,0.0682026836158187,48,47,0.9791666666666666,0,TPE-taipei-idx15074-0-0|qp12
2.36,50.0,12.0,16.0,24,1.39,0.48,1.284627387678296,7434,0.065624999999999,48,50,1.0416666666666667,0,TPE-taipei-idx15074-0-0|qp12
2.36,50.0,12.0,17.0,10,1.39,0.48,1.229560703886546,7899,0.0697298728813562,48,48,1.0,0,TPE-taipei-idx15074-0-0|qp12
2.36,50.0,12.0,17.0,26,1.39,0.48,1.2050804540351887,8017,0.0707715395480227,48,47,0.9791666666666666,0,TPE-taipei-idx15074-0-0|qp12
2.36,50.0,28.0,11.0,12,1.39,0.48,1.193377808614042,18737,0.1654043079096033,112,114,1.0178571428571428,0,TPE-taipei-idx15074-0-0|qp28
2.36,50.0,28.0,11.0,28,1.39,0.48,1.1620105219724697,19388,0.1711511299435033,112,114,1.0178571428571428,0,TPE-taipei-idx15074-0-0|qp28
2.48,50.0,37.0,11.0,14,1.39,0.48,1.1466359321506614,25704,0.2159274193548412,148,145,0.9797297297297296,0,TPE-taipei-idx15608-0-1|qp37
1.96,50.0,10.0,11.0,0,1.39,0.48,1.1124396200814295,7370,0.0783375850340142,40,40,1.0,0,TPE-taipei-idx1592-0-2|qp10
1.96,50.0,10.0,11.0,16,1.39,0.48,1.2740960407059716,6289,0.0668473639455781,40,41,1.025,0,TPE-taipei-idx1592-0-2|qp10
1.96,50.0,24.0,7.0,2,1.39,0.48,1.1181055183560855,17324,0.1841411564625898,96,93,0.96875,0,TPE-taipei-idx1592-0-2|qp24
1.96,50.0,24.0,7.0,18,1.39,0.48,1.1371309600610229,17051,0.1812393707483047,96,93,0.96875,0,TPE-taipei-idx1592-0-2|qp24
2.05,50.0,10.0,9.0,4,1.39,0.48,1.2584076633165928,6368,0.0647154471544708,40,40,1.0,0,TPE-taipei-idx326-0-1|qp10
2.05,50.0,10.0,9.0,20,1.39,0.48,1.3519017781540648,5905,0.060010162601626,40,40,1.0,0,TPE-taipei-idx326-0-1|qp10
2.05,50.0,25.0,7.0,6,1.39,0.48,1.1602031654676426,17375,0.1765752032520322,100,99,0.99,0,TPE-taipei-idx326-0-1|qp25
2.05,50.0,25.0,7.0,22,1.39,0.48,1.2087596666866645,16681,0.1695223577235749,100,99,0.99,0,TPE-taipei-idx326-0-1|qp25
3.54,50.0,18.0,19.0,8,1.39,0.48,1.2640650690921476,11434,0.0672904896421862,72,73,1.0138888888888888,0,TPE-taipei-idx4344-0-0|qp18
3.54,50.0,18.0,19.0,24,1.39,0.48,1.2838899362599403,11139,0.065554378531074,72,73,1.0138888888888888,0,TPE-taipei-idx4344-0-0|qp18
3.54,50.0,42.0,11.0,10,1.39,0.48,1.1808540925267177,28662,0.168679378531074,168,170,1.011904761904762,0,TPE-taipei-idx4344-0-0|qp42
3.54,50.0,42.0,11.0,26,1.39,0.48,1.1853377999159085,28508,0.1677730696798494,168,166,0.988095238095238,0,TPE-taipei-idx4344-0-0|qp42
2.06,50.0,10.0,11.0,12,1.39,0.48,1.2579147947327844,6455,0.0652811488673135,40,39,0.975,0,TPE-taipei-idx674-0-1|qp10
2.06,50.0,10.0,11.0,28,1.39,0.48,1.250416082281454,6417,0.0648968446601938,40,40,1.0,0,TPE-taipei-idx674-0-1|qp10
2.06,50.0,25.0,7.0,14,1.39,0.48,1.1761840720383592,17102,0.1729571197411004,100,100,1.0,0,TPE-taipei-idx674-0-1|qp25
2.99,50.0,45.0,11.0,0,1.39,0.48,1.0865986190333596,33310,0.2320930880713519,180,181,1.0055555555555555,0,TPE-taipei-idx813-0-1|qp45
2.99,50.0,45.0,11.0,16,1.39,0.48,1.1701126302083311,30720,0.2140468227424773,180,179,0.9944444444444444,0,TPE-taipei-idx813-0-1|qp45
3.55,50.0,18.0,19.0,2,1.39,0.48,1.2759021028450668,11318,0.0664201877934269,72,74,1.0277777777777777,0,TPE-taipei-idx9453-0-1|qp18
3.55,50.0,18.0,19.0,18,1.39,0.48,1.2266814310050915,11740,0.0688967136150231,72,73,1.0138888888888888,0,TPE-taipei-idx9453-0-1|qp18
3.55,50.0,43.0,11.0,4,1.39,0.48,1.1853728754768398,28830,0.1691901408450708,172,170,0.9883720930232558,0,TPE-taipei-idx9453-0-1|qp43
3.55,50.0,43.0,11.0,20,1.39,0.48,1.1892577663492545,28778,0.1688849765258234,172,170,0.9883720930232558,0,TPE-taipei-idx9453-0-1|qp43
2.098,50.0,10.0,11.0,11,1.39,0.48,1.2680031595577157,6330,0.062857483317446,40,39,0.975,0,AMS-amsterdam-chain-141619-0|qp10
2.098,50.0,10.0,11.0,27,1.39,0.48,1.2551693989070765,6405,0.0636022402287909,40,40,1.0,0,AMS-amsterdam-chain-141619-0|qp10
2.098,50.0,25.0,9.0,13,1.39,0.48,1.1080832005275378,18197,0.1806978868763883,100,99,0.99,0,AMS-amsterdam-chain-141619-0|qp25
2.098,50.0,25.0,9.0,29,1.39,0.48,0.3549555092536851,40795,0.4050981093104583,22,40,1.818181818181818,0,AMS-amsterdam-chain-141619-0|qp25
3.89,50.0,19.0,19.0,15,1.39,0.48,1.2753603942202756,11973,0.0641227506426714,76,77,1.013157894736842,0,AMS-amsterdam-chain-158080-0|qp19
3.89,50.0,47.0,13.0,1,1.39,0.48,1.1355035338323076,33533,0.1795897600685492,188,191,1.0159574468085106,0,AMS-amsterdam-chain-158080-0|qp47
3.89,50.0,47.0,13.0,17,1.39,0.48,1.1175260174548896,33343,0.1785721936589524,188,186,0.9893617021276596,0,AMS-amsterdam-chain-158080-0|qp47
3.89,50.0,47.0,14.0,3,1.39,0.48,1.1165119905841043,33985,0.1820104970008538,188,186,0.9893617021276596,0,AMS-amsterdam-chain-158080-0|qp47
3.89,50.0,47.0,14.0,19,1.39,0.48,1.1714255752267435,32422,0.1736396743787455,188,187,0.9946808510638298,0,AMS-amsterdam-chain-158080-0|qp47
2.267,50.0,11.0,9.0,5,1.39,0.48,1.2097804610317722,7288,0.0669754447875334,44,44,1.0,0,AMS-amsterdam-chain-166482-0|qp11
2.267,50.0,11.0,9.0,21,1.39,0.48,1.1720225016545431,7555,0.069429128069403,44,44,1.0,0,AMS-amsterdam-chain-166482-0|qp11
2.267,50.0,27.0,9.0,7,1.39,0.48,1.0474302190346902,20636,0.1896412292309914,108,109,1.0092592592592593,0,AMS-amsterdam-chain-166482-0|qp27
2.267,50.0,27.0,9.0,23,1.39,0.48,1.0488371760670732,20992,0.1929128069401504,108,108,1.0,0,AMS-amsterdam-chain-166482-0|qp27
2.796,50.0,14.0,19.0,9,1.39,0.48,1.2493214682981808,8990,0.0669855746304235,56,56,1.0,0,AMS-amsterdam-chain-22812-0|qp14
2.796,50.0,14.0,19.0,25,1.39,0.48,1.221466768525502,9163,0.0682746185026229,56,55,0.9821428571428572,0,AMS-amsterdam-chain-22812-0|qp14
2.796,50.0,34.0,11.0,11,1.39,0.48,1.202578824794043,22328,0.1663686218407226,134,133,0.9925373134328358,0,AMS-amsterdam-chain-22812-0|qp34
2.796,50.0,34.0,11.0,27,1.39,0.48,1.2110537098067655,22454,0.1673074630424401,136,135,0.9926470588235294,0,AMS-amsterdam-chain-22812-0|qp34
2.575,50.0,13.0,19.0,13,1.39,0.48,1.1731864022662728,8825,0.0713996763754049,52,53,1.0192307692307692,0,AMS-amsterdam-chain-32802-0|qp13
2.575,50.0,13.0,19.0,29,1.39,0.48,1.1847063510129587,8786,0.0710841423948224,52,51,0.9807692307692308,0,AMS-amsterdam-chain-32802-0|qp13
2.575,50.0,31.0,13.0,15,1.39,0.48,1.1861479360533749,20955,0.1695388349514555,124,124,1.0,0,AMS-amsterdam-chain-32802-0|qp31
2.575,50.0,31.0,14.0,1,1.39,0.48,1.1063055654338567,22496,0.1820064724919088,124,127,1.0241935483870968,0,AMS-amsterdam-chain-32802-0|qp31
2.575,50.0,31.0,14.0,17,1.39,0.48,1.2022171792767458,20711,0.1675647249190928,124,125,1.0080645161290325,0,AMS-amsterdam-chain-32802-0|qp31
2.482,50.0,12.0,19.0,3,1.39,0.48,1.1981146828845133,8057,0.0676285925329037,48,48,1.0,0,AMS-amsterdam-chain-44642-0|qp12
2.482,50.0,12.0,19.0,19,1.39,0.48,1.232197157386896,7669,0.0643718103679828,48,47,0.9791666666666666,0,AMS-amsterdam-chain-44642-0|qp12
2.482,50.0,30.0,13.0,5,1.39,0.48,1.216378056840758,19669,0.1650970319634709,120,124,1.0333333333333334,0,AMS-amsterdam-chain-44642-0|qp30
2.482,50.0,30.0,13.0,21,1.39,0.48,1.1740545020231488,20513,0.1721813725490222,120,120,1.0,0,AMS-amsterdam-chain-44642-0|qp30
2.482,50.0,30.0,14.0,7,1.39,0.48,1.1282422646477566,21266,0.1785018802041379,120,117,0.975,0,AMS-amsterdam-chain-44642-0|qp30
2.482,50.0,30.0,14.0,23,1.39,0.48,1.1177083429415384,21683,0.1820020816545815,120,118,0.9833333333333332,0,AMS-amsterdam-chain-44642-0|qp30
2.166,50.0,11.0,13.0,9,1.39,0.48,1.2158043950081012,7372,0.0709064327485382,44,43,0.9772727272727272,0,AMS-amsterdam-chain-45268-50|qp11
2.166,50.0,11.0,13.0,25,1.39,0.48,1.2121893571042548,7404,0.0712142197599263,44,44,1.0,0,AMS-amsterdam-chain-45268-50|qp11
2.166,50.0,11.0,14.0,11,1.39,0.48,1.2234073763621491,7158,0.0688481071098796,44,46,1.0454545454545454,0,AMS-amsterdam-chain-45268-50|qp11
2.166,50.0,11.0,14.0,27,1.39,0.48,1.2454950495049173,7070,0.0680016928285629,44,44,1.0,0,AMS-amsterdam-chain-45268-50|qp11
2.166,50.0,26.0,9.0,13,1.39,0.48,1.105474475579595,19021,0.1829505232379189,104,102,0.9807692307692308,0,AMS-amsterdam-chain-45268-50|qp26
2.166,50.0,26.0,9.0,29,1.39,0.48,1.1646867609042229,18181,0.1748711141889802,104,107,1.0288461538461535,0,AMS-amsterdam-chain-45268-50|qp26
1.662,50.0,20.0,11.0,15,1.39,0.48,1.2103494138863846,13308,0.1668170878459662,80,79,0.9875,0,AMS-amsterdam-chain-79104-0|qp20
1.662,50.0,8.0,11.0,1,1.39,0.48,1.2318926226341924,5178,0.0649067388688338,32,32,1.0,0,AMS-amsterdam-chain-79104-0|qp8
1.662,50.0,8.0,11.0,17,1.39,0.48,1.266557703807058,5017,0.0628885880465311,32,31,0.96875,0,AMS-amsterdam-chain-79104-0|qp8
2.408,50.0,43.3,7.0,3,1.39,0.48,1.13800130314383,30695,0.2655644379844912,172,172,1.0,0,DC-012|qp43.3
2.408,50.0,43.3,7.0,19,1.39,0.48,1.1915618924173357,29317,0.2536423726467309,172,174,1.0116279069767442,0,DC-012|qp43.3
3.719,50.0,66.9,7.0,5,1.39,0.48,1.0204311774460573,52461,0.2938794030653419,268,259,0.9664179104477612,0,DC-015|qp66.9
3.719,50.0,66.9,7.0,21,1.39,0.48,1.0691956880604991,50279,0.2816561351617823,268,266,0.9925373134328358,0,DC-015|qp66.9
2.722,50.0,49.0,9.0,7,1.39,0.48,1.0849766020698102,36328,0.2780431055596372,196,194,0.9897959183673468,0,DC-048|qp49.0
2.722,50.0,49.0,9.0,23,1.39,0.48,1.0421829641447469,38237,0.2926539921626243,196,196,1.0,0,DC-048|qp49.0
3.609,50.0,65.0,7.0,9,1.39,0.48,1.0323187971128347,50013,0.2887053200332507,260,259,0.9961538461538462,0,DC-051|qp65.0
3.609,50.0,65.0,7.0,25,1.39,0.48,1.057643534197648,49901,0.2880587882146489,260,262,1.0076923076923077,0,DC-051|qp65.0
2.48,50.0,44.6,9.0,11,1.39,0.48,1.1429769211098548,31284,0.2628024193548391,178,174,0.9775280898876404,0,DC-066|qp44.6
2.48,50.0,44.6,9.0,27,1.39,0.48,1.1033368564095465,33115,0.2781838037634425,178,183,1.0280898876404494,0,DC-066|qp44.6
3.54,50.0,63.7,7.0,13,1.39,0.48,1.0776387199597466,47686,0.2806379472693063,254,257,1.0118110236220472,0,DC-069|qp63.7
3.54,50.0,63.7,7.0,29,1.39,0.48,1.0182674747475875,49500,0.2913135593220347,254,251,0.9881889763779528,0,DC-069|qp63.7
2.46,50.0,44.3,9.0,15,1.39,0.48,1.1563549199908576,30559,0.2587991192411921,178,175,0.9831460674157304,0,DC-084|qp44.3
4.98,50.0,89.6,7.0,1,1.39,0.48,0.9505033017786146,74051,0.3097849732262477,358,352,0.9832402234636872,0,DC-087|qp89.6
4.98,50.0,89.6,7.0,17,1.39,0.48,0.8975543963296235,79555,0.3328104082998761,358,353,0.9860335195530726,0,DC-087|qp89.6
2.438,50.0,43.9,7.0,3,1.39,0.48,1.1864476966571498,30065,0.2569131118403165,176,176,1.0,0,DC-099|qp43.9
2.438,50.0,43.9,7.0,19,1.39,0.48,1.1943263330151823,29332,0.2506494394312346,176,179,1.0170454545454546,0,DC-099|qp43.9
2.4,50.0,43.2,9.0,5,1.39,0.48,1.125434839044543,30816,0.2674999999999994,174,171,0.9827586206896552,0,DC-114|qp43.2
2.4,50.0,43.2,9.0,21,1.39,0.48,1.1217361065973064,30770,0.2671006944444455,174,174,1.0,0,DC-114|qp43.2
1.697,50.0,8.0,7.0,7,1.39,0.48,1.2040591888929053,5474,0.067201924965624,32,31,0.96875,0,MEL-melbourne-1389612-0-2|qp8
1.697,50.0,8.0,7.0,23,1.39,0.48,1.19062613101701,5526,0.067840306423098,32,32,1.0,0,MEL-melbourne-1389612-0-2|qp8
2.722,50.0,33.0,13.0,9,1.39,0.48,1.1872114219008745,22273,0.1704705486162132,132,132,1.0,0,MEL-melbourne-1389823-0-3|qp33
2.722,50.0,33.0,13.0,25,1.39,0.48,1.156353617843292,22776,0.1743203526818524,132,130,0.9848484848484848,0,MEL-melbourne-1389823-0-3|qp33
2.722,50.0,33.0,14.0,11,1.39,0.48,1.157754569190686,22980,0.1758817046289465,132,128,0.9696969696969696,0,MEL-melbourne-1389823-0-3|qp33
2.722,50.0,33.0,14.0,27,1.39,0.48,1.1992257164709714,22227,0.1701184790595152,132,133,1.0075757575757576,0,MEL-melbourne-1389823-0-3|qp33
2.156,50.0,11.0,13.0,13,1.39,0.48,1.2176701607267375,7155,0.0691384508348806,44,43,0.9772727272727272,0,MEL-melbourne-1434605-0-0|qp11
2.156,50.0,11.0,13.0,29,1.39,0.48,1.2404454815443309,7071,0.0683267625231915,44,44,1.0,0,MEL-melbourne-1434605-0-0|qp11
2.156,50.0,11.0,14.0,15,1.39,0.48,1.268039583935256,6922,0.066886982065554,44,45,1.0227272727272727,0,MEL-melbourne-1434605-0-0|qp11
2.156,50.0,26.0,9.0,1,1.39,0.48,1.1547859243926837,18358,0.1773925479282624,104,103,0.9903846153846154,0,MEL-melbourne-1434605-0-0|qp26
2.156,50.0,26.0,9.0,17,1.39,0.48,1.1870080726539105,17838,0.17236781076067,104,105,1.0096153846153846,0,MEL-melbourne-1434605-0-0|qp26
1.749,50.0,9.0,7.0,3,1.39,0.48,1.179971328448553,6278,0.0747808271393184,36,36,1.0,0,MEL-melbourne-1465622-0-2|qp9
1.749,50.0,9.0,7.0,19,1.39,0.48,1.2614438784472397,5693,0.0678125595578431,36,37,1.0277777777777777,0,MEL-melbourne-1465622-0-2|qp9
2.348,50.0,12.0,13.0,5,1.39,0.48,1.2538818897637198,7620,0.0676107325383297,48,48,1.0,0,MEL-melbourne-1465759-0-1|qp12
2.348,50.0,12.0,13.0,21,1.39,0.48,1.2824153498871524,7531,0.0668210533787615,48,48,1.0,0,MEL-melbourne-1465759-0-1|qp12
2.348,50.0,12.0,14.0,7,1.39,0.48,1.2422174922600262,7752,0.0687819420783641,48,47,0.9791666666666666,0,MEL-melbourne-1465759-0-1|qp12
2.348,50.0,12.0,14.0,23,1.39,0.48,1.2184429412501474,7983,0.0708315587734238,48,48,1.0,0,MEL-melbourne-1465759-0-1|qp12
2.348,50.0,28.0,11.0,9,1.39,0.48,1.1605392131250447,19139,0.1698165105053951,112,111,0.9910714285714286,0,MEL-melbourne-1465759-0-1|qp28
2.348,50.0,28.0,11.0,25,1.39,0.48,1.158005750667454,19476,0.1728066439523004,112,114,1.0178571428571428,0,MEL-melbourne-1465759-0-1|qp28
1.83,50.0,9.0,9.0,11,1.39,0.48,1.3009003042778229,5587,0.0636042805100164,36,37,1.0277777777777777,0,MEL-melbourne-1477330-0-0|qp9
1.83,50.0,9.0,9.0,27,1.39,0.48,1.2521900468181002,5767,0.0656534608378867,36,36,1.0,0,MEL-melbourne-1477330-0-0|qp9
5.175,50.0,26.0,19.0,13,1.39,0.48,1.159542381404593,17897,0.0720491143317224,104,105,1.0096153846153846,0,MEL-melbourne-1515142-0-0|qp26
5.175,50.0,26.0,19.0,29,1.39,0.48,1.189458553491238,17601,0.0708574879227046,104,105,1.0096153846153846,0,MEL-melbourne-1515142-0-0|qp26
5.175,50.0,62.0,7.0,15,1.39,0.48,1.0710756963454269,46026,0.1852898550724661,248,241,0.9717741935483872,0,MEL-melbourne-1515142-0-0|qp62
1.844,50.0,22.0,7.0,1,1.39,0.48,1.1022953921269676,16385,0.1851161424439633,88,88,1.0,0,MEL-melbourne-RPSP02B11034-0-0|qp22
1.844,50.0,22.0,7.0,17,1.39,0.48,1.1439243408483075,15702,0.1773996746203905,88,89,1.0113636363636365,0,MEL-melbourne-RPSP02B11034-0-0|qp22
1.844,50.0,9.0,11.0,3,1.39,0.48,1.1832225226658308,6287,0.0710299168474351,36,36,1.0,0,MEL-melbourne-RPSP02B11034-0-0|qp9
1.844,50.0,9.0,11.0,19,1.39,0.48,1.1789158391665628,6143,0.0694030187997125,36,36,1.0,0,MEL-melbourne-RPSP02B11034-0-0|qp9
3.609,50.0,54.0,11.0,5,1.39,0.48,1.095236156763557,39550,0.2283065484437054,216,215,0.9953703703703703,0,MEL-melbourne-RPSP03A10530L1-0-0|qp54
3.609,50.0,54.0,11.0,21,1.39,0.48,1.061469320944483,41543,0.239811351251502,216,212,0.9814814814814816,0,MEL-melbourne-RPSP03A10530L1-0-0|qp54
3.194,50.0,38.0,13.0,7,1.39,0.48,1.123252396870289,27223,0.1775660091838889,152,151,0.993421052631579,0,MEL-melbourne-RPSP03A11034L1-0-0|qp38
3.194,50.0,38.0,13.0,23,1.39,0.48,1.0905175097276771,28270,0.184395220204553,152,154,1.013157894736842,0,MEL-melbourne-RPSP03A11034L1-0-0|qp38
3.194,50.0,38.0,14.0,9,1.39,0.48,1.1734997693726308,26016,0.1696931747025703,152,157,1.0328947368421053,0,MEL-melbourne-RPSP03A11034L1-0-0|qp38
3.194,50.0,38.0,14.0,25,1.39,0.48,1.0956683749732938,28098,0.1832733249843489,152,149,0.9802631578947368,0,MEL-melbourne-RPSP03A11034L1-0-0|qp38
3.121,50.0,16.0,19.0,11,1.39,0.48,1.2989676440849018,9890,0.0660178361636227,64,64,1.0,0,MEL-melbourne-RPSP07A11127-0-0|qp16
3.121,50.0,16.0,19.0,27,1.39,0.48,1.2713090873054795,10091,0.0673595535618925,64,63,0.984375,0,MEL-melbourne-RPSP07A11127-0-0|qp16
3.121,50.0,38.0,11.0,13,1.39,0.48,1.1659472311704175,26076,0.1740628003844865,152,154,1.013157894736842,0,MEL-melbourne-RPSP07A11127-0-0|qp38
3.121,50.0,38.0,11.0,29,1.39,0.48,1.1914381673461971,25755,0.1719200576738175,152,156,1.0263157894736843,0,MEL-melbourne-RPSP07A11127-0-0|qp38
3.499,50.0,52.0,9.0,15,1.39,0.48,1.1269144334104548,36755,0.2188422882728399,208,206,0.9903846153846154,0,MEL-melbourne-RPSP0814955L1-0-0|qp52
6.11,50.0,31.0,16.0,1,1.39,0.48,1.1541776485485329,21323,0.0727052645935635,124,126,1.0161290322580645,0,NTP-newtaipei-idx11355-0-2|qp31
6.11,50.0,31.0,16.0,17,1.39,0.48,1.2486828187175585,19853,0.0676929896344801,124,127,1.0241935483870968,0,NTP-newtaipei-idx11355-0-2|qp31
6.11,50.0,31.0,17.0,3,1.39,0.48,1.1870900737054382,20894,0.0712424986361174,124,124,1.0,0,NTP-newtaipei-idx11355-0-2|qp31
6.11,50.0,31.0,17.0,19,1.39,0.48,1.2315006929321417,20204,0.0688897981451186,124,122,0.9838709677419356,0,NTP-newtaipei-idx11355-0-2|qp31
4.98,50.0,25.0,19.0,5,1.39,0.48,1.2311279481852622,16366,0.0684655287817951,100,98,0.98,0,NTP-newtaipei-idx11808-0-1|qp25
4.98,50.0,25.0,19.0,21,1.39,0.48,1.1783220806669992,17033,0.0712558567603752,100,99,0.99,0,NTP-newtaipei-idx11808-0-1|qp25
4.98,50.0,60.0,11.0,7,1.39,0.48,1.0247162523737363,46344,0.1938755020080304,240,232,0.9666666666666668,0,NTP-newtaipei-idx11808-0-1|qp60
4.98,50.0,60.0,11.0,23,1.39,0.48,0.9936856087336784,48182,0.2015645917001285,240,236,0.9833333333333332,0,NTP-newtaipei-idx11808-0-1|qp60
1.78,50.0,9.0,9.0,9,1.39,0.48,1.278242934877987,5697,0.066678370786514,36,36,1.0,0,NTP-newtaipei-idx11901-0-0|qp9
1.78,50.0,9.0,9.0,25,1.39,0.48,1.163103559870517,6180,0.0723314606741548,36,37,1.0277777777777777,0,NTP-newtaipei-idx11901-0-0|qp9
1.8,50.0,9.0,7.0,11,1.39,0.48,1.316391882183942,5568,0.0644444444444435,36,37,1.0277777777777777,0,NTP-newtaipei-idx13763-0-2|qp9
1.8,50.0,9.0,7.0,27,1.39,0.48,1.2574054893837467,5793,0.0670486111111095,36,35,0.9722222222222222,0,NTP-newtaipei-idx13763-0-2|qp9
1.71,50.0,9.0,7.0,13,1.39,0.48,1.1846419951729958,6215,0.0757188109161811,36,35,0.9722222222222222,0,NTP-newtaipei-idx13776-0-2|qp9
1.71,50.0,9.0,7.0,29,1.39,0.48,1.2345923773714171,5851,0.0712841130604305,36,36,1.0,0,NTP-newtaipei-idx13776-0-2|qp9
2.46,50.0,12.0,19.0,15,1.39,0.48,1.2516744852749266,7674,0.0649898373983743,48,49,1.0208333333333333,0,NTP-newtaipei-idx251-0-0|qp12
2.46,50.0,30.0,11.0,1,1.39,0.48,1.1849367150948171,20305,0.1719596883468863,120,122,1.0166666666666666,0,NTP-newtaipei-idx251-0-0|qp30
2.46,50.0,30.0,11.0,17,1.39,0.48,1.2342525905406383,19494,0.1650914634146364,120,120,1.0,0,NTP-newtaipei-idx251-0-0|qp30
2.99,50.0,36.0,13.0,3,1.39,0.48,1.1912942829979027,24191,0.1685549052396885,144,148,1.0277777777777777,0,NTP-newtaipei-idx4423-0-0|qp36
2.99,50.0,36.0,13.0,19,1.39,0.48,1.2108629356568348,23872,0.1663322185061315,144,142,0.9861111111111112,0,NTP-newtaipei-idx4423-0-0|qp36
2.99,50.0,36.0,14.0,5,1.39,0.48,1.2154537017506852,23705,0.1651686176142701,144,143,0.9930555555555556,0,NTP-newtaipei-idx4423-0-0|qp36
2.99,50.0,36.0,14.0,21,1.39,0.48,1.1559717541325796,24924,0.1736622073578608,144,143,0.9930555555555556,0,NTP-newtaipei-idx4423-0-0|qp36
2.33,50.0,12.0,16.0,7,1.39,0.48,1.251837985911787,7666,0.0685443490700986,48,49,1.0208333333333333,0,NTP-newtaipei-idx5617-0-0|qp12
2.33,50.0,12.0,16.0,23,1.39,0.48,1.192519442044158,8101,0.0724338340486404,48,49,1.0208333333333333,0,NTP-newtaipei-idx5617-0-0|qp12
2.33,50.0,12.0,17.0,9,1.39,0.48,1.1793158929010097,8142,0.0728004291845491,48,48,1.0,0,NTP-newtaipei-idx5617-0-0|qp12
2.33,50.0,12.0,17.0,25,1.39,0.48,1.1952170677251264,8062,0.0720851216022883,48,48,1.0,0,NTP-newtaipei-idx5617-0-0|qp12
2.33,50.0,28.0,11.0,11,1.39,0.48,1.202457259231415,18659,0.166836552217451,112,109,0.9732142857142856,0,NTP-newtaipei-idx5617-0-0|qp28
2.33,50.0,28.0,11.0,27,1.39,0.48,1.1987205100956198,18820,0.1682761087267487,112,112,1.0,0,NTP-newtaipei-idx5617-0-0|qp28
2.62,50.0,31.0,13.0,13,1.39,0.48,1.1514634933812875,21681,0.1723998091603035,124,124,1.0,0,NTP-newtaipei-idx6820-0-0|qp31
2.62,50.0,31.0,13.0,29,1.39,0.48,1.1740320835489857,21257,0.1690283078880379,124,126,1.0161290322580645,0,NTP-newtaipei-idx6820-0-0|qp31
2.62,50.0,31.0,14.0,15,1.39,0.48,1.227905995632228,20148,0.1602099236641209,124,126,1.0161290322580645,0,NTP-newtaipei-idx6820-0-0|qp31
2.9,50.0,35.0,11.0,1,1.39,0.48,1.1881863448391807,23698,0.1702442528735568,140,141,1.0071428571428571,0,NTP-newtaipei-idx7804-0-0|qp35
2.9,50.0,35.0,11.0,17,1.39,0.48,1.2479577651850362,22588,0.1622701149425252,140,140,1.0,0,NTP-newtaipei-idx7804-0-0|qp35
1.91,50.0,10.0,9.0,3,1.39,0.48,1.221096558026226,6566,0.0716186736474707,40,42,1.05,0,NTP-newtaipei-idx9858-0-0|qp10
1.91,50.0,10.0,9.0,19,1.39,0.48,1.2802031423583708,6301,0.068728184991275,40,40,1.0,0,NTP-newtaipei-idx9858-0-0|qp10
1.707,50.0,8.0,7.0,5,1.39,0.48,1.263366025892472,5098,0.0622192931068172,32,32,1.0,0,NYC-nyc-110605-0-2|qp8
1.707,50.0,8.0,7.0,21,1.39,0.48,1.24553133514985,5138,0.0627074790080083,32,30,0.9375,0,NYC-nyc-110605-0-2|qp8
2.408,50.0,12.0,19.0,7,1.39,0.48,1.2155806900037578,7913,0.0684610326688807,48,49,1.0208333333333333,0,NYC-nyc-17655-0-0|qp12
2.408,50.0,12.0,19.0,23,1.39,0.48,1.2008994185326956,8083,0.0699318244739742,48,49,1.0208333333333333,0,NYC-nyc-17655-0-0|qp12
2.408,50.0,29.0,11.0,9,1.39,0.48,1.177905825936134,19602,0.1695909468438574,116,117,1.0086206896551724,0,NYC-nyc-17655-0-0|qp29
2.408,50.0,29.0,11.0,25,1.39,0.48,1.1637835536858214,19968,0.1727574750830607,116,120,1.0344827586206895,0,NYC-nyc-17655-0-0|qp29
2.073,50.0,10.0,11.0,11,1.39,0.48,1.294463712267237,6228,0.062590448625182,40,38,0.95,0,NYC-nyc-199805-0-0|qp10
2.073,50.0,10.0,11.0,27,1.39,0.48,1.2425974426128168,6491,0.0652335584499128,40,40,1.0,0,NYC-nyc-199805-0-0|qp10
2.073,50.0,25.0,7.0,13,1.39,0.48,1.1488853521286813,17593,0.1768069625341697,100,99,0.99,0,NYC-nyc-199805-0-0|qp25
2.073,50.0,25.0,7.0,29,1.39,0.48,1.161018179706115,17217,0.1730282199710554,100,102,1.02,0,NYC-nyc-199805-0-0|qp25
3.17,50.0,38.0,11.0,15,1.39,0.48,1.19578873294511,25579,0.1681059411146149,152,153,1.006578947368421,0,NYC-nyc-20131-0-2|qp38
2.56,50.0,31.0,13.0,1,1.39,0.48,1.1474335628784211,21637,0.1760823567708333,124,126,1.0161290322580645,0,NYC-nyc-214464-0-0|qp31
2.56,50.0,31.0,13.0,17,1.39,0.48,1.2339545251894888,20187,0.1642822265625,124,126,1.0161290322580645,0,NYC-nyc-214464-0-0|qp31
2.56,50.0,31.0,14.0,3,1.39,0.48,1.1994444982565204,20648,0.1680338541666666,124,126,1.0161290322580645,0,NYC-nyc-214464-0-0|qp31
2.56,50.0,31.0,14.0,19,1.39,0.48,1.2379932277661496,20082,0.163427734375,124,122,0.9838709677419356,0,NYC-nyc-214464-0-0|qp31
2.347,50.0,35.0,9.0,5,1.39,0.48,1.1822850745638511,23671,0.2101175259196139,140,139,0.9928571428571428,0,NYC-nyc-267383-0-0|qp35
2.347,50.0,35.0,9.0,21,1.39,0.48,1.1443638054421283,24733,0.2195444539127956,140,141,1.0071428571428571,0,NYC-nyc-267383-0-0|qp35
2.377,50.0,12.0,16.0,7,1.39,0.48,1.2643306673658945,7627,0.0668472163791888,48,48,1.0,0,NYC-nyc-27695-0-3|qp12
2.377,50.0,12.0,16.0,23,1.39,0.48,1.2090550105550375,8053,0.0705809143177664,48,49,1.0208333333333333,0,NYC-nyc-27695-0-3|qp12
2.377,50.0,12.0,17.0,9,1.39,0.48,1.2019592555332,7952,0.0696956948534559,48,48,1.0,0,NYC-nyc-27695-0-3|qp12
2.377,50.0,12.0,17.0,25,1.39,0.48,1.2255942361642336,7842,0.0687315944467803,48,48,1.0,0,NYC-nyc-27695-0-3|qp12
2.377,50.0,28.0,11.0,11,1.39,0.48,1.1999011993448483,18927,0.1658866217921748,112,111,0.9910714285714286,0,NYC-nyc-27695-0-3|qp28
2.377,50.0,28.0,11.0,27,1.39,0.48,1.2099683289494922,18629,0.1632747861450014,112,111,0.9910714285714286,0,NYC-nyc-27695-0-3|qp28
1.676,50.0,8.0,7.0,13,1.39,0.48,1.2134954179914317,5347,0.0664652943516326,32,32,1.0,0,NYC-nyc-46079-0-1|qp8
1.676,50.0,8.0,7.0,29,1.39,0.48,1.2412044764795234,5272,0.0655330151153556,32,32,1.0,0,NYC-nyc-46079-0-1|qp8
3.048,50.0,37.0,13.0,15,1.39,0.48,1.2114688112345855,24496,0.1674321959755065,148,147,0.9932432432432432,0,NYC-nyc-59808-0-1|qp37
3.048,50.0,37.0,14.0,1,1.39,0.48,1.1597420858418148,25745,0.1759692147856587,148,150,1.0135135135135136,0,NYC-nyc-59808-0-1|qp37
3.048,50.0,37.0,14.0,17,1.39,0.48,1.1835301547205967,25336,0.1731736657917785,148,145,0.9797297297297296,0,NYC-nyc-59808-0-1|qp37
5.06,50.0,25.0,19.0,3,1.39,0.48,1.2016084377059426,16687,0.0687047101449283,100,100,1.0,0,NYC-nyc-62758-0-0|qp25
5.06,50.0,25.0,19.0,19,1.39,0.48,1.2248425506195662,16545,0.068120059288538,100,103,1.03,0,NYC-nyc-62758-0-0|qp25
5.06,50.0,61.0,9.0,5,1.39,0.48,1.0727294482605862,45130,0.1858119235836624,244,240,0.9836065573770492,0,NYC-nyc-62758-0-0|qp61
5.06,50.0,61.0,9.0,21,1.39,0.48,1.1063641906997606,44279,0.1823081357048755,244,248,1.0163934426229508,0,NYC-nyc-62758-0-0|qp61
3.719,50.0,19.0,19.0,7,1.39,0.48,1.1953006390022496,12989,0.072762615398405,76,75,0.986842105263158,0,NYC-nyc-9648-0-0|qp19
3.719,50.0,19.0,19.0,23,1.39,0.48,1.2183264199106911,12536,0.0702249708703062,76,76,1.0,0,NYC-nyc-9648-0-0|qp19
3.719,50.0,45.0,11.0,9,1.39,0.48,1.1522485395984234,31327,0.1754896029398607,180,180,1.0,0,NYC-nyc-9648-0-0|qp45
3.719,50.0,45.0,11.0,25,1.39,0.48,1.1144552690616651,32539,0.1822790624719905,180,182,1.011111111111111,0,NYC-nyc-9648-0-0|qp45
2.103,50.0,32.0,7.0,11,1.39,0.48,1.012436296325506,25391,0.2515355048343626,128,120,0.9375,0,NYC-nyc-98749-0-2|qp32
2.103,50.0,32.0,7.0,27,1.39,0.48,1.157326345709757,22516,0.2230543667776172,128,128,1.0,0,NYC-nyc-98749-0-2|qp32
4.115,50.0,62.0,7.0,13,1.39,0.48,1.161175763182064,43240,0.2189145402997141,248,248,1.0,0,SEA-seattle-5423808-0-1|qp62
4.115,50.0,62.0,7.0,29,1.39,0.48,1.1256630041630027,43959,0.2225546780072884,248,248,1.0,0,SEA-seattle-5423808-0-1|qp62
1.829,50.0,9.0,7.0,15,1.39,0.48,1.2107452081956476,6052,0.0689356661199195,36,37,1.0277777777777777,0,SEA-seattle-5426480-0-0|qp9
2.54,50.0,38.0,11.0,1,1.39,0.48,1.1723259106214048,26136,0.2143700787401629,152,153,1.006578947368421,0,SEA-seattle-5426595-0-0|qp38
2.54,50.0,38.0,11.0,17,1.39,0.48,1.2091794345285325,25324,0.207709973753285,152,153,1.006578947368421,0,SEA-seattle-5426595-0-0|qp38
1.651,50.0,8.0,7.0,3,1.39,0.48,1.1792574166206238,5427,0.0684812235009071,32,32,1.0,0,SEA-seattle-5432169-0-1|qp8
1.651,50.0,8.0,7.0,19,1.39,0.48,1.2972115578904844,4949,0.0624495255400753,32,34,1.0625,0,SEA-seattle-5432169-0-1|qp8
1.829,50.0,9.0,7.0,5,1.39,0.48,1.2466180461329637,5896,0.0671587388372503,36,35,0.9722222222222222,0,SEA-seattle-5433778-0-0|qp9
1.829,50.0,9.0,7.0,21,1.39,0.48,1.236322862422331,5953,0.067808000728994,36,36,1.0,0,SEA-seattle-5433778-0-0|qp9
2.438,50.0,37.0,11.0,7,1.39,0.48,1.0865818274369945,27503,0.2350201668034009,148,146,0.9864864864864864,0,SEA-seattle-5434873-0-0|qp37
2.438,50.0,37.0,11.0,23,1.39,0.48,1.1012620750682005,27122,0.2317644243915898,148,149,1.0067567567567568,0,SEA-seattle-5434873-0-0|qp37
1.829,50.0,9.0,11.0,9,1.39,0.48,1.250722850291168,5838,0.0664980863860033,36,36,1.0,0,SEA-seattle-5438086-0-1|qp9
1.829,50.0,9.0,11.0,25,1.39,0.48,1.2351422694548817,5834,0.0664525241479863,36,36,1.0,0,SEA-seattle-5438086-0-1|qp9
4.064,50.0,61.0,7.0,11,1.39,0.48,1.09777750017051,44027,0.2256961532152246,244,246,1.0081967213114753,0,SEA-seattle-5445989-0-0|qp61
4.064,50.0,61.0,7.0,27,1.39,0.48,1.1255674105069204,43020,0.2205339566929131,244,246,1.0081967213114753,0,SEA-seattle-5445989-0-0|qp61
1.829,50.0,9.0,7.0,13,1.39,0.48,1.1970508640365491,6134,0.0698696919992707,36,35,0.9722222222222222,0,SEA-seattle-5449118-0-0|qp9
1.829,50.0,9.0,7.0,29,1.39,0.48,1.2673310043668369,5725,0.0652109531620192,36,36,1.0,0,SEA-seattle-5449118-0-0|qp9
1.829,50.0,22.0,7.0,15,1.39,0.48,1.083031873230129,16597,0.189049116092582,88,89,1.0113636363636365,0,SEA-seattle-5449903-0-0|qp22
1.829,50.0,9.0,9.0,1,1.39,0.48,1.1963883906733868,6133,0.0698583014397655,36,37,1.0277777777777777,0,SEA-seattle-5449903-0-0|qp9
1.829,50.0,9.0,9.0,17,1.39,0.48,1.2506667818276331,5789,0.0659399489702936,36,38,1.0555555555555556,0,SEA-seattle-5449903-0-0|qp9
2.438,50.0,12.0,19.0,3,1.39,0.48,1.1946063089916106,8052,0.0688063986874503,48,49,1.0208333333333333,0,SEA-seattle-5452128-0-1|qp12
2.438,50.0,12.0,19.0,19,1.39,0.48,1.2147560820277892,7851,0.0670888022969666,48,47,0.9791666666666666,0,SEA-seattle-5452128-0-1|qp12
2.438,50.0,29.0,13.0,5,1.39,0.48,1.1920216662367715,19385,0.1656497812414577,116,119,1.0258620689655171,0,SEA-seattle-5452128-0-1|qp29
2.438,50.0,29.0,13.0,21,1.39,0.48,1.1617746422894426,20128,0.1719989062072777,116,118,1.0172413793103448,0,SEA-seattle-5452128-0-1|qp29
2.438,50.0,29.0,14.0,7,1.39,0.48,1.1219638957635456,20607,0.1760920836751486,116,112,0.9655172413793104,0,SEA-seattle-5452128-0-1|qp29
2.438,50.0,29.0,14.0,23,1.39,0.48,1.1049058304473467,21079,0.1801254443533003,116,119,1.0258620689655171,0,SEA-seattle-5452128-0-1|qp29
1.829,50.0,22.0,9.0,9,1.39,0.48,1.027009683148984,17453,0.198799435028245,88,89,1.0113636363636365,0,SEA-seattle-5453813-0-0|qp22
1.829,50.0,22.0,9.0,25,1.39,0.48,1.0704896633195242,16930,0.1928421724075083,88,85,0.9659090909090908,0,SEA-seattle-5453813-0-0|qp22
1.829,50.0,9.0,9.0,11,1.39,0.48,1.2410498908113887,5953,0.0678080007289953,36,37,1.0277777777777777,0,SEA-seattle-5453813-0-0|qp9
1.829,50.0,9.0,9.0,27,1.39,0.48,1.2376065184179292,5891,0.0671017860397304,36,36,1.0,0,SEA-seattle-5453813-0-0|qp9
2.591,50.0,31.0,13.0,13,1.39,0.48,1.167019055199136,21359,0.1717403190531323,124,123,0.9919354838709676,0,SEA-seattle-5454776-0-1|qp31
2.591,50.0,31.0,13.0,29,1.39,0.48,1.1778079667344166,21163,0.1701643509584451,124,126,1.0161290322580645,0,SEA-seattle-5454776-0-1|qp31
2.591,50.0,31.0,14.0,15,1.39,0.48,1.2308730356696818,20045,0.1611749002958932,124,128,1.032258064516129,0,SEA-seattle-5454776-0-1|qp31
1.8,50.0,22.0,7.0,1,1.39,0.48,1.1433324845629982,15709,0.1818171296296359,88,91,1.0340909090909092,0,TAO-taoyuan-idx10181-0-0|qp22
1.8,50.0,22.0,7.0,17,1.39,0.48,1.1117531548168884,16245,0.188020833333342,88,90,1.0227272727272727,0,TAO-taoyuan-idx10181-0-0|qp22
1.8,50.0,9.0,7.0,3,1.39,0.48,1.2179065915866214,6038,0.0698842592592585,36,36,1.0,0,TAO-taoyuan-idx10181-0-0|qp9
1.8,50.0,9.0,7.0,19,1.39,0.48,1.26649710577094,5701,0.0659837962962957,36,37,1.0277777777777777,0,TAO-taoyuan-idx10181-0-0|qp9
3.0,50.0,36.0,11.0,5,1.39,0.48,1.213488587942462,23703,0.1646041666666668,144,144,1.0,0,TAO-taoyuan-idx158-0-0|qp36
3.0,50.0,36.0,11.0,21,1.39,0.48,1.174032343047007,24673,0.1713402777777772,144,141,0.9791666666666666,0,TAO-taoyuan-idx158-0-0|qp36
2.4,50.0,12.0,16.0,7,1.39,0.48,1.2323165430835892,7822,0.0678993055555555,48,48,1.0,0,TAO-taoyuan-idx3410-0-9|qp12
2.4,50.0,12.0,16.0,23,1.39,0.48,1.2326381620931346,7835,0.0680121527777774,48,49,1.0208333333333333,0,TAO-taoyuan-idx3410-0-9|qp12
2.4,50.0,12.0,17.0,9,1.39,0.48,1.2356742579324564,7816,0.0678472222222228,48,49,1.0208333333333333,0,TAO-taoyuan-idx3410-0-9|qp12
2.4,50.0,12.0,17.0,25,1.39,0.48,1.2239780275932566,7828,0.0679513888888889,48,49,1.0208333333333333,0,TAO-taoyuan-idx3410-0-9|qp12
2.4,50.0,29.0,11.0,11,1.39,0.48,1.191919942226363,19386,0.1682812500000011,116,113,0.9741379310344828,0,TAO-taoyuan-idx3410-0-9|qp29
2.4,50.0,29.0,11.0,27,1.39,0.48,1.1990449954086593,19602,0.1701562499999999,116,114,0.9827586206896552,0,TAO-taoyuan-idx3410-0-9|qp29
2.04,50.0,10.0,9.0,13,1.39,0.48,1.2587445753255002,6452,0.0658905228758182,40,39,0.975,0,TAO-taoyuan-idx3430-0-3|qp10
2.04,50.0,10.0,9.0,29,1.39,0.48,1.2393881888568703,6587,0.0672691993464048,40,39,0.975,0,TAO-taoyuan-idx3430-0-3|qp10
2.04,50.0,24.0,9.0,15,1.39,0.48,1.1452474432819668,17014,0.1737540849673176,96,96,1.0,0,TAO-taoyuan-idx3430-0-3|qp24
1.87,50.0,22.0,7.0,1,1.39,0.48,1.1200118151856366,16081,0.1791555258467052,88,89,1.0113636363636365,0,TAO-taoyuan-idx5160-0-0|qp22
1.87,50.0,22.0,7.0,17,1.39,0.48,1.1249722655032832,16045,0.1787544563279867,88,89,1.0113636363636365,0,TAO-taoyuan-idx5160-0-0|qp22
1.87,50.0,9.0,9.0,3,1.39,0.48,1.2227129969929884,5986,0.0666889483065961,36,36,1.0,0,TAO-taoyuan-idx5160-0-0|qp9
1.87,50.0,9.0,9.0,19,1.39,0.48,1.2978828664969364,5498,0.0612522281639923,36,36,1.0,0,TAO-taoyuan-idx5160-0-0|qp9
6.92,50.0,35.0,13.0,5,1.39,0.48,1.2334431362173095,22677,0.0682713150289009,140,140,1.0,0,TAO-taoyuan-idx531-0-1|qp35
6.92,50.0,35.0,13.0,21,1.39,0.48,1.1866101192994845,23638,0.0711644990366083,140,140,1.0,0,TAO-taoyuan-idx531-0-1|qp35
6.92,50.0,35.0,14.0,7,1.39,0.48,1.129445605853409,24874,0.0748855973025032,140,138,0.9857142857142858,0,TAO-taoyuan-idx531-0-1|qp35
6.92,50.0,35.0,14.0,23,1.39,0.48,1.1873634045399275,23921,0.0720164980732166,140,141,1.0071428571428571,0,TAO-taoyuan-idx531-0-1|qp35
6.92,50.0,83.0,11.0,9,1.39,0.48,1.0509458709340551,63053,0.1898271917148352,332,335,1.0090361445783131,0,TAO-taoyuan-idx531-0-1|qp83
6.92,50.0,83.0,11.0,25,1.39,0.48,0.958117579990014,70165,0.2112385597302505,332,328,0.9879518072289156,0,TAO-taoyuan-idx531-0-1|qp83
2.6,50.0,31.0,13.0,11,1.39,0.48,1.2118800039055704,20484,0.1641346153846126,124,124,1.0,0,TAO-taoyuan-idx5379-0-4|qp31
2.6,50.0,31.0,13.0,27,1.39,0.48,1.2187842889741451,20597,0.1650400641025601,124,126,1.0161290322580645,0,TAO-taoyuan-idx5379-0-4|qp31
2.6,50.0,31.0,14.0,13,1.39,0.48,1.1491883550600788,21709,0.1739503205128165,124,124,1.0,0,TAO-taoyuan-idx5379-0-4|qp31
2.6,50.0,31.0,14.0,29,1.39,0.48,1.182693219535322,21090,0.1689903846153805,124,127,1.0241935483870968,0,TAO-taoyuan-idx5379-0-4|qp31
2.28,50.0,34.0,9.0,15,1.39,0.48,1.1742031283479737,23335,0.2132218567251503,136,136,1.0,0,TAO-taoyuan-idx578-0-8|qp34
2.3,50.0,12.0,16.0,1,1.39,0.48,1.2130506103763727,7864,0.0712318840579688,48,46,0.9583333333333334,0,TAO-taoyuan-idx6720-0-3|qp12
2.3,50.0,12.0,16.0,17,1.39,0.48,1.2552686915888034,7704,0.06978260869565,48,49,1.0208333333333333,0,TAO-taoyuan-idx6720-0-3|qp12
2.3,50.0,12.0,17.0,3,1.39,0.48,1.1592858006042843,8275,0.0749547101449251,48,50,1.0416666666666667,0,TAO-taoyuan-idx6720-0-3|qp12
2.3,50.0,12.0,17.0,19,1.39,0.48,1.2643175560508908,7627,0.069085144927534,48,46,0.9583333333333334,0,TAO-taoyuan-idx6720-0-3|qp12
2.3,50.0,28.0,11.0,5,1.39,0.48,1.1802494378497763,19123,0.1732155797101451,112,109,0.9732142857142856,0,TAO-taoyuan-idx6720-0-3|qp28
2.3,50.0,28.0,11.0,21,1.39,0.48,1.1424627616747864,19872,0.1800000000000001,112,112,1.0,0,TAO-taoyuan-idx6720-0-3|qp28
2.23,50.0,11.0,11.0,7,1.39,0.48,1.2713682699210405,6965,0.0650691330343777,44,45,1.0227272727272727,0,TAO-taoyuan-idx7044-0-7|qp11
2.23,50.0,11.0,11.0,23,1.39,0.48,1.2145953249560495,7401,0.0691423766816121,44,43,0.9772727272727272,0,TAO-taoyuan-idx7044-0-7|qp11
2.23,50.0,27.0,11.0,9,1.39,0.48,1.1545679342020692,18724,0.1749252615844543,108,110,1.0185185185185186,0,TAO-taoyuan-idx7044-0-7|qp27
2.23,50.0,27.0,11.0,25,1.39,0.48,1.136579980116098,19111,0.1785407324364722,108,110,1.0185185185185186,0,TAO-taoyuan-idx7044-0-7|qp27
1.97,50.0,10.0,9.0,11,1.39,0.48,1.281900094846716,6326,0.06689932318105,40,39,0.975,0,TAO-taoyuan-idx718-0-1|qp10
1.97,50.0,10.0,9.0,27,1.39,0.48,1.2654062992125796,6350,0.0671531302876493,40,40,1.0,0,TAO-taoyuan-idx718-0-1|qp10
1.97,50.0,24.0,7.0,13,1.39,0.48,1.1465262410508377,16901,0.1787330795262275,96,94,0.9791666666666666,0,TAO-taoyuan-idx718-0-1|qp24
1.97,50.0,24.0,7.0,29,1.39,0.48,1.1453884815516,16912,0.1788494077834183,96,97,1.0104166666666667,0,TAO-taoyuan-idx718-0-1|qp24
3.07,50.0,37.0,13.0,15,1.39,0.48,1.2019480624874077,24645,0.1672434853420187,148,149,1.0067567567567568,0,TAO-taoyuan-idx9038-0-2|qp37
3.07,50.0,37.0,14.0,1,1.39,0.48,1.1442060052918994,26077,0.1769611834961997,148,149,1.0067567567567568,0,TAO-taoyuan-idx9038-0-2|qp37
3.07,50.0,37.0,14.0,17,1.39,0.48,1.2066589796496456,24717,0.1677320846905519,148,144,0.972972972972973,0,TAO-taoyuan-idx9038-0-2|qp37
2.69,50.0,40.0,11.0,3,1.39,0.48,1.193722603250272,26828,0.2077757125154876,160,163,1.01875,0,TPE-taipei-idx11047-0-0|qp40
2.69,50.0,40.0,11.0,19,1.39,0.48,1.1735872110037235,27336,0.2117100371747197,160,159,0.99375,0,TPE-taipei-idx11047-0-0|qp40
1.99,50.0,10.0,11.0,5,1.39,0.48,1.2828681177976615,6248,0.0654103852596311,40,41,1.025,0,TPE-taipei-idx14193-0-0|qp10
1.99,50.0,10.0,11.0,21,1.39,0.48,1.1976269676269915,6734,0.0704983249581238,40,42,1.05,0,TPE-taipei-idx14193-0-0|qp10
1.99,50.0,24.0,7.0,7,1.39,0.48,1.123228699551561,17171,0.1797634003350092,96,93,0.96875,0,TPE-taipei-idx14193-0-0|qp24
1.99,50.0,24.0,7.0,23,1.39,0.48,1.1156270636621246,17263,0.1807265494137331,96,97,1.0104166666666667,0,TPE-taipei-idx14193-0-0|qp24
2.36,50.0,12.0,16.0,9,1.39,0.48,1.2400606921487682,7744,0.0683615819209038,48,49,1.0208333333333333,0,TPE-taipei-idx15074-0-0|qp12
2.36,50.0,12.0,16.0,25,1.39,0.48,1.199820216243362,7954,0.0702153954802251,48,48,1.0,0,TPE-taipei-idx15074-0-0|qp12
2.36,50.0,12.0,17.0,11,1.39,0.48,1.235438953119108,7871,0.0694826977401128,48,48,1.0,0,TPE-taipei-idx15074-0-0|qp12
2.36,50.0,12.0,17.0,27,1.39,0.48,1.2197170532755337,7846,0.069262005649717,48,47,0.9791666666666666,0,TPE-taipei-idx15074-0-0|qp12
2.36,50.0,28.0,11.0,13,1.39,0.48,1.147193559819784,19751,0.1743555790960454,112,114,1.0178571428571428,0,TPE-taipei-idx15074-0-0|qp28
2.36,50.0,28.0,11.0,29,1.39,0.48,1.1782684937260572,19047,0.1681408898305084,112,116,1.0357142857142858,0,TPE-taipei-idx15074-0-0|qp28
2.48,50.0,37.0,11.0,15,1.39,0.48,1.1372315930388543,26145,0.2196320564516141,148,148,1.0,0,TPE-taipei-idx15608-0-1|qp37
1.96,50.0,10.0,11.0,1,1.39,0.48,1.2339511450381229,6550,0.0696215986394561,40,40,1.0,0,TPE-taipei-idx1592-0-2|qp10
1.96,50.0,10.0,11.0,17,1.39,0.48,1.201899625468166,6675,0.0709502551020417,40,39,0.975,0,TPE-taipei-idx1592-0-2|qp10
1.96,50.0,24.0,7.0,3,1.39,0.48,1.1083485510122817,17633,0.1874255952380998,96,94,0.9791666666666666,0,TPE-taipei-idx1592-0-2|qp24
1.96,50.0,24.0,7.0,19,1.39,0.48,1.0914598052851172,17975,0.191060799319732,96,92,0.9583333333333334,0,TPE-taipei-idx1592-0-2|qp24
2.05,50.0,10.0,9.0,5,1.39,0.48,1.2570644503684858,6377,0.0648069105691052,40,40,1.0,0,TPE-taipei-idx326-0-1|qp10
2.05,50.0,10.0,9.0,21,1.39,0.48,1.268741092636605,6315,0.0641768292682922,40,41,1.025,0,TPE-taipei-idx326-0-1|qp10
2.05,50.0,25.0,7.0,7,1.39,0.48,1.1478657418023133,17444,0.1772764227642271,100,103,1.03,0,TPE-taipei-idx326-0-1|qp25
2.05,50.0,25.0,7.0,23,1.39,0.48,1.096974926733977,18426,0.1872560975609757,100,101,1.01,0,TPE-taipei-idx326-0-1|qp25
3.54,50.0,18.0,19.0,9,1.39,0.48,1.3134678220056335,11079,0.0652012711864417,72,73,1.0138888888888888,0,TPE-taipei-idx4344-0-0|qp18
3.54,50.0,18.0,19.0,25,1.39,0.48,1.2183322186924612,11962,0.0703978342749541,72,72,1.0,0,TPE-taipei-idx4344-0-0|qp18
3.54,50.0,42.0,11.0,11,1.39,0.48,1.1512166503229846,29573,0.1740407250470805,168,168,1.0,0,TPE-taipei-idx4344-0-0|qp42
3.54,50.0,42.0,11.0,27,1.39,0.48,1.1282114581593752,29935,0.1761711393596977,168,168,1.0,0,TPE-taipei-idx4344-0-0|qp42
2.06,50.0,10.0,11.0,13,1.39,0.48,1.2331228176712072,6587,0.0666161003236242,40,40,1.0,0,TPE-taipei-idx674-0-1|qp10
2.06,50.0,10.0,11.0,29,1.39,0.48,1.2787031746032116,6300,0.0637135922330094,40,41,1.025,0,TPE-taipei-idx674-0-1|qp10
2.06,50.0,25.0,7.0,15,1.39,0.48,1.2061025087023654,16662,0.1685072815533973,100,100,1.0,0,TPE-taipei-idx674-0-1|qp25
2.99,50.0,45.0,11.0,1,1.39,0.48,1.1201782558823752,32257,0.2247561315496138,180,177,0.9833333333333332,0,TPE-taipei-idx813-0-1|qp45
2.99,50.0,45.0,11.0,17,1.39,0.48,1.147338508721605,31302,0.2181020066889653,180,177,0.9833333333333332,0,TPE-taipei-idx813-0-1|qp45
3.55,50.0,18.0,19.0,3,1.39,0.48,1.251940749697681,11578,0.0679460093896708,72,72,1.0,0,TPE-taipei-idx9453-0-1|qp18
3.55,50.0,18.0,19.0,19,1.39,0.48,1.211597134428953,11865,0.0696302816901411,72,71,0.9861111111111112,0,TPE-taipei-idx9453-0-1|qp18
3.55,50.0,43.0,11.0,5,1.39,0.48,1.1503655142347673,29821,0.1750058685446016,172,166,0.9651162790697676,0,TPE-taipei-idx9453-0-1|qp43
3.55,50.0,43.0,11.0,21,1.39,0.48,1.1714916675185811,29343,0.1722007042253533,172,173,1.005813953488372,0,TPE-taipei-idx9453-0-1|qp43
2.098,50.0,10.0,11.0,12,1.39,0.48,1.2444454756380805,6465,0.0641980457578651,40,39,0.975,0,AMS-amsterdam-chain-141619-0|qp10
2.098,50.0,10.0,11.0,28,1.39,0.48,1.2848478087649575,6275,0.062311328249127,40,41,1.025,0,AMS-amsterdam-chain-141619-0|qp10
2.098,50.0,25.0,9.0,14,1.39,0.48,1.1297736522272497,17937,0.1781160629170639,100,101,1.01,0,AMS-amsterdam-chain-141619-0|qp25
3.89,50.0,19.0,19.0,0,1.39,0.48,1.188722840900237,12841,0.0687714224507261,76,76,1.0,0,AMS-amsterdam-chain-158080-0|qp19
3.89,50.0,19.0,19.0,16,1.39,0.48,1.303836232498888,11785,0.063115895458439,76,76,1.0,0,AMS-amsterdam-chain-158080-0|qp19
3.89,50.0,47.0,13.0,2,1.39,0.48,1.0715719318022126,35485,0.1900439160239901,188,187,0.9946808510638298,0,AMS-amsterdam-chain-158080-0|qp47
3.89,50.0,47.0,13.0,18,1.39,0.48,1.1128913851053452,33918,0.1816516709511544,188,191,1.0159574468085106,0,AMS-amsterdam-chain-158080-0|qp47
3.89,50.0,47.0,14.0,4,1.39,0.48,1.141612268973626,33059,0.1770511996572396,188,190,1.0106382978723405,0,AMS-amsterdam-chain-158080-0|qp47
3.89,50.0,47.0,14.0,20,1.39,0.48,1.1384392870179885,32876,0.1760711225364157,188,187,0.9946808510638298,0,AMS-amsterdam-chain-158080-0|qp47
2.267,50.0,11.0,9.0,6,1.39,0.48,1.2515948580308116,7079,0.0650547713571542,44,46,1.0454545454545454,0,AMS-amsterdam-chain-166482-0|qp11
2.267,50.0,11.0,9.0,22,1.39,0.48,1.2432840401785497,7168,0.0658726657844448,44,45,1.0227272727272727,0,AMS-amsterdam-chain-166482-0|qp11
2.267,50.0,27.0,9.0,8,1.39,0.48,1.0337769447047638,21340,0.1961108660491073,108,105,0.9722222222222222,0,AMS-amsterdam-chain-166482-0|qp27
2.267,50.0,27.0,9.0,24,1.39,0.48,1.0622776073619886,20864,0.1917365093368546,108,104,0.9629629629629628,0,AMS-amsterdam-chain-166482-0|qp27
2.796,50.0,14.0,19.0,10,1.39,0.48,1.2547890651366922,8889,0.0662330114449217,56,57,1.0178571428571428,0,AMS-amsterdam-chain-22812-0|qp14
2.796,50.0,14.0,19.0,26,1.39,0.48,1.2207771739130195,9200,0.0685503099666184,56,55,0.9821428571428572,0,AMS-amsterdam-chain-22812-0|qp14
2.796,50.0,34.0,11.0,12,1.39,0.48,1.2314330672747835,21925,0.1633658202193607,136,131,0.9632352941176472,0,AMS-amsterdam-chain-22812-0|qp34
2.796,50.0,34.0,11.0,28,1.39,0.48,1.201957096291103,22702,0.1691553409632799,136,136,1.0,0,AMS-amsterdam-chain-22812-0|qp34
2.575,50.0,13.0,19.0,14,1.39,0.48,1.2305422253587373,8502,0.0687864077669899,52,51,0.9807692307692308,0,AMS-amsterdam-chain-32802-0|qp13
2.575,50.0,31.0,13.0,0,1.39,0.48,1.142682670804599,21911,0.1772734627831719,124,127,1.0241935483870968,0,AMS-amsterdam-chain-32802-0|qp31
2.575,50.0,31.0,13.0,16,1.39,0.48,1.2005160390516854,20793,0.1682281553398055,124,123,0.9919354838709676,0,AMS-amsterdam-chain-32802-0|qp31
2.575,50.0,31.0,14.0,2,1.39,0.48,1.1328972977866296,22093,0.1787459546925562,124,125,1.0080645161290325,0,AMS-amsterdam-chain-32802-0|qp31
2.575,50.0,31.0,14.0,18,1.39,0.48,1.1565097765363272,21480,0.1737864077669904,124,123,0.9919354838709676,0,AMS-amsterdam-chain-32802-0|qp31
2.482,50.0,12.0,19.0,4,1.39,0.48,1.261526757607578,7624,0.063994090787,48,49,1.0208333333333333,0,AMS-amsterdam-chain-44642-0|qp12
2.482,50.0,12.0,19.0,20,1.39,0.48,1.3043640026863803,7445,0.0624916062315345,48,46,0.9583333333333334,0,AMS-amsterdam-chain-44642-0|qp12
2.482,50.0,30.0,13.0,6,1.39,0.48,1.1967539971112078,20077,0.1685216894977175,120,120,1.0,0,AMS-amsterdam-chain-44642-0|qp30
2.482,50.0,30.0,13.0,22,1.39,0.48,1.2282211910286558,19395,0.1627971394037076,120,119,0.9916666666666668,0,AMS-amsterdam-chain-44642-0|qp30
2.482,50.0,30.0,14.0,8,1.39,0.48,1.1410078366184162,21055,0.1767307950577497,120,121,1.0083333333333333,0,AMS-amsterdam-chain-44642-0|qp30
2.482,50.0,30.0,14.0,24,1.39,0.48,1.1897224132848208,20354,0.170846763362881,120,119,0.9916666666666668,0,AMS-amsterdam-chain-44642-0|qp30
2.166,50.0,11.0,13.0,10,1.39,0.48,1.2430559864617003,7091,0.0682036780547867,44,43,0.9772727272727272,0,AMS-amsterdam-chain-45268-50|qp11
2.166,50.0,11.0,13.0,26,1.39,0.48,1.2333916035787853,7265,0.069877269929209,44,44,1.0,0,AMS-amsterdam-chain-45268-50|qp11
2.166,50.0,11.0,14.0,12,1.39,0.48,1.255949617888509,7066,0.0679632194521395,44,46,1.0454545454545454,0,AMS-amsterdam-chain-45268-50|qp11
2.166,50.0,11.0,14.0,28,1.39,0.48,1.208545454545456,7260,0.0698291782086807,44,45,1.0227272727272727,0,AMS-amsterdam-chain-45268-50|qp11
2.166,50.0,26.0,9.0,14,1.39,0.48,1.130205070240616,18579,0.1786992151431199,104,101,0.971153846153846,0,AMS-amsterdam-chain-45268-50|qp26
1.662,50.0,20.0,11.0,0,1.39,0.48,1.1651922378079391,13759,0.1724704171680679,80,81,1.0125,0,AMS-amsterdam-chain-79104-0|qp20
1.662,50.0,20.0,11.0,16,1.39,0.48,1.2413835989117592,12865,0.1612640393100661,80,81,1.0125,0,AMS-amsterdam-chain-79104-0|qp20
1.662,50.0,8.0,11.0,2,1.39,0.48,1.264497756972855,5127,0.0642674488567996,32,33,1.03125,0,AMS-amsterdam-chain-79104-0|qp8
1.662,50.0,8.0,11.0,18,1.39,0.48,1.2246538241465006,5243,0.06572152025672,32,32,1.0,0,AMS-amsterdam-chain-79104-0|qp8
2.408,50.0,43.3,7.0,4,1.39,0.48,1.1499970200648022,30202,0.2612991417497233,172,171,0.994186046511628,0,DC-012|qp43.3
2.408,50.0,43.3,7.0,20,1.39,0.48,1.1525597213006105,30140,0.2607627353266862,172,171,0.994186046511628,0,DC-012|qp43.3
3.719,50.0,66.9,7.0,6,1.39,0.48,0.9922447817139344,54424,0.304875862687104,268,267,0.996268656716418,0,DC-015|qp66.9
3.719,50.0,66.9,7.0,22,1.39,0.48,1.047316333320308,51098,0.2862440620238436,268,264,0.9850746268656716,0,DC-015|qp66.9
2.722,50.0,49.0,9.0,8,1.39,0.48,1.1275116937114027,34634,0.2650777614499133,196,197,1.0051020408163265,0,DC-048|qp49.0
2.722,50.0,49.0,9.0,24,1.39,0.48,1.173172557792726,33525,0.2565898236590734,196,198,1.010204081632653,0,DC-048|qp49.0
3.609,50.0,65.0,7.0,10,1.39,0.48,1.0991469711598327,47642,0.2750184723376742,260,255,0.9807692307692308,0,DC-051|qp65.0
3.609,50.0,65.0,7.0,26,1.39,0.48,1.059182029529405,49036,0.2830654844370523,260,255,0.9807692307692308,0,DC-051|qp65.0
2.48,50.0,44.6,9.0,12,1.39,0.48,1.144263700797298,31604,0.2654905913978498,178,180,1.0112359550561798,0,DC-066|qp44.6
2.48,50.0,44.6,9.0,28,1.39,0.48,1.075471927432243,33734,0.2833837365591383,178,175,0.9831460674157304,0,DC-066|qp44.6
3.54,50.0,63.7,7.0,14,1.39,0.48,1.1415906189103175,44643,0.2627295197740124,254,253,0.9960629921259844,0,DC-069|qp63.7
2.46,50.0,44.3,9.0,0,1.39,0.48,1.1314144364869845,31836,0.2696138211382133,178,180,1.0112359550561798,0,DC-084|qp44.3
2.46,50.0,44.3,9.0,16,1.39,0.48,1.133827444956484,31248,0.2646341463414635,178,171,0.9606741573033708,0,DC-084|qp44.3
4.98,50.0,89.6,7.0,2,1.39,0.48,0.9248554704155708,77389,0.3237491633199579,358,355,0.9916201117318436,0,DC-087|qp89.6
4.98,50.0,89.6,7.0,18,1.39,0.48,0.9046356734558592,78899,0.330066097724242,358,358,1.0,0,DC-087|qp89.6
2.438,50.0,43.9,7.0,4,1.39,0.48,1.1692994647072568,30077,0.2570156549084033,176,174,0.9886363636363636,0,DC-099|qp43.9
2.438,50.0,43.9,7.0,20,1.39,0.48,1.1204883233913,31516,0.269312277823356,176,174,0.9886363636363636,0,DC-099|qp43.9
2.4,50.0,43.2,9.0,6,1.39,0.48,1.177144111884382,29602,0.2569618055555545,174,176,1.011494252873563,0,DC-114|qp43.2
2.4,50.0,43.2,9.0,22,1.39,0.48,1.1138930192140657,31071,0.2697135416666669,174,173,0.9942528735632185,0,DC-114|qp43.2
1.697,50.0,8.0,7.0,8,1.39,0.48,1.21157336804912,5377,0.066011098016105,32,32,1.0,0,MEL-melbourne-1389612-0-2|qp8
1.697,50.0,8.0,7.0,24,1.39,0.48,1.2579297632906614,5154,0.0632734236888615,32,33,1.03125,0,MEL-melbourne-1389612-0-2|qp8
2.722,50.0,33.0,13.0,10,1.39,0.48,1.1825916464999482,22314,0.1707843497428351,132,135,1.0227272727272727,0,MEL-melbourne-1389823-0-3|qp33
2.722,50.0,33.0,13.0,26,1.39,0.48,1.195511715046715,22151,0.1695367989223607,132,134,1.0151515151515151,0,MEL-melbourne-1389823-0-3|qp33
2.722,50.0,33.0,14.0,12,1.39,0.48,1.2024190380487676,21893,0.1675621479304432,132,132,1.0,0,MEL-melbourne-1389823-0-3|qp33
2.722,50.0,33.0,14.0,28,1.39,0.48,1.214779452306609,21764,0.1665748224344863,132,136,1.0303030303030305,0,MEL-melbourne-1389823-0-3|qp33
2.156,50.0,11.0,13.0,14,1.39,0.48,1.240925874125833,7150,0.0690901360544233,44,44,1.0,0,MEL-melbourne-1434605-0-0|qp11
2.156,50.0,11.0,14.0,0,1.39,0.48,1.1773937972374116,7674,0.074153525046384,44,44,1.0,0,MEL-melbourne-1434605-0-0|qp11
2.156,50.0,11.0,14.0,16,1.39,0.48,1.238065958636092,7156,0.0691481137909716,44,44,1.0,0,MEL-melbourne-1434605-0-0|qp11
2.156,50.0,26.0,9.0,2,1.39,0.48,1.174346977470499,17932,0.1732761286332725,104,105,1.0096153846153846,0,MEL-melbourne-1434605-0-0|qp26
2.156,50.0,26.0,9.0,18,1.39,0.48,1.18173857086903,17871,0.1726866883116913,104,105,1.0096153846153846,0,MEL-melbourne-1434605-0-0|qp26
1.749,50.0,9.0,7.0,4,1.39,0.48,1.2520920006764908,5913,0.0704331046312184,36,36,1.0,0,MEL-melbourne-1465622-0-2|qp9
1.749,50.0,9.0,7.0,20,1.39,0.48,1.291154120585072,5606,0.0667762530970084,36,38,1.0555555555555556,0,MEL-melbourne-1465622-0-2|qp9
2.348,50.0,12.0,13.0,6,1.39,0.48,1.292891910265194,7355,0.0652594406587162,48,49,1.0208333333333333,0,MEL-melbourne-1465759-0-1|qp12
2.348,50.0,12.0,13.0,22,1.39,0.48,1.284735927263008,7479,0.0663596678023844,48,50,1.0416666666666667,0,MEL-melbourne-1465759-0-1|qp12
2.348,50.0,12.0,14.0,8,1.39,0.48,1.221048915136696,7789,0.0691102356615555,48,47,0.9791666666666666,0,MEL-melbourne-1465759-0-1|qp12
2.348,50.0,12.0,14.0,24,1.39,0.48,1.281477957925822,7463,0.0662177030096529,48,50,1.0416666666666667,0,MEL-melbourne-1465759-0-1|qp12
2.348,50.0,28.0,11.0,10,1.39,0.48,1.1876010354482762,18929,0.1679532226007945,112,113,1.0089285714285714,0,MEL-melbourne-1465759-0-1|qp28
2.348,50.0,28.0,11.0,26,1.39,0.48,1.179830490684882,19055,0.1690711953435553,112,107,0.9553571428571428,0,MEL-melbourne-1465759-0-1|qp28
1.83,50.0,9.0,9.0,12,1.39,0.48,1.2673563811489952,5814,0.0661885245901625,36,36,1.0,0,MEL-melbourne-1477330-0-0|qp9
1.83,50.0,9.0,9.0,28,1.39,0.48,1.2509984262982898,5719,0.0651070127504536,36,36,1.0,0,MEL-melbourne-1477330-0-0|qp9
5.175,50.0,26.0,19.0,14,1.39,0.48,1.2068053292994316,17188,0.0691948470209329,104,103,0.9903846153846154,0,MEL-melbourne-1515142-0-0|qp26
5.175,50.0,62.0,7.0,0,1.39,0.48,1.1205544456666146,44549,0.1793438003220616,248,253,1.0201612903225807,0,MEL-melbourne-1515142-0-0|qp62
5.175,50.0,62.0,7.0,16,1.39,0.48,1.1337986066844798,43924,0.1768276972624817,248,243,0.9798387096774194,0,MEL-melbourne-1515142-0-0|qp62
1.844,50.0,22.0,7.0,2,1.39,0.48,1.147764407441178,15374,0.173693962400578,88,87,0.9886363636363636,0,MEL-melbourne-RPSP02B11034-0-0|qp22
1.844,50.0,22.0,7.0,18,1.39,0.48,1.1380646592710206,15775,0.1782244215473604,88,87,0.9886363636363636,0,MEL-melbourne-RPSP02B11034-0-0|qp22
1.844,50.0,9.0,11.0,4,1.39,0.48,1.2309808811305238,6015,0.0679568872017373,36,36,1.0,0,MEL-melbourne-RPSP02B11034-0-0|qp9
1.844,50.0,9.0,11.0,20,1.39,0.48,1.2158324941255318,5958,0.0673129067245138,36,36,1.0,0,MEL-melbourne-RPSP02B11034-0-0|qp9
3.609,50.0,54.0,11.0,6,1.39,0.48,1.095828668532575,40016,0.2309965826175285,216,222,1.0277777777777777,0,MEL-melbourne-RPSP03A10530L1-0-0|qp54
3.609,50.0,54.0,11.0,22,1.39,0.48,1.1320558679579482,38412,0.2217373233582704,216,219,1.0138888888888888,0,MEL-melbourne-RPSP03A10530L1-0-0|qp54
3.194,50.0,38.0,13.0,8,1.39,0.48,1.1634770125798592,26471,0.1726609789188082,152,152,1.0,0,MEL-melbourne-RPSP03A11034L1-0-0|qp38
3.194,50.0,38.0,13.0,24,1.39,0.48,1.201574678536025,25275,0.1648598935504095,152,151,0.993421052631579,0,MEL-melbourne-RPSP03A11034L1-0-0|qp38
3.194,50.0,38.0,14.0,10,1.39,0.48,1.1528214840347266,26401,0.1722043936547718,152,153,1.006578947368421,0,MEL-melbourne-RPSP03A11034L1-0-0|qp38
3.194,50.0,38.0,14.0,26,1.39,0.48,1.1931933797224454,25437,0.1659165623043224,152,155,1.019736842105263,0,MEL-melbourne-RPSP03A11034L1-0-0|qp38
3.121,50.0,16.0,19.0,12,1.39,0.48,1.276395394997995,10076,0.0672594253978426,64,64,1.0,0,MEL-melbourne-RPSP07A11127-0-0|qp16
3.121,50.0,16.0,19.0,28,1.39,0.48,1.2485478515624886,10240,0.0683541599914557,64,65,1.015625,0,MEL-melbourne-RPSP07A11127-0-0|qp16
3.121,50.0,38.0,11.0,14,1.39,0.48,1.1783683221055994,25532,0.1704314856349408,152,149,0.9802631578947368,0,MEL-melbourne-RPSP07A11127-0-0|qp38
3.499,50.0,52.0,9.0,0,1.39,0.48,1.1171183767310775,37406,0.2227183957321119,208,211,1.0144230769230769,0,MEL-melbourne-RPSP0814955L1-0-0|qp52
3.499,50.0,52.0,9.0,16,1.39,0.48,1.1475501853631052,36415,0.216817900352482,208,206,0.9903846153846154,0,MEL-melbourne-RPSP0814955L1-0-0|qp52
6.11,50.0,31.0,16.0,2,1.39,0.48,1.208777244359202,20830,0.0710242771412991,124,127,1.0241935483870968,0,NTP-newtaipei-idx11355-0-2|qp31
6.11,50.0,31.0,16.0,18,1.39,0.48,1.189144116097606,20879,0.071191352973269,124,122,0.9838709677419356,0,NTP-newtaipei-idx11355-0-2|qp31
6.11,50.0,31.0,17.0,4,1.39,0.48,1.2369061699191315,20292,0.0691898527004925,124,125,1.0080645161290325,0,NTP-newtaipei-idx11355-0-2|qp31
6.11,50.0,31.0,17.0,20,1.39,0.48,1.221664204825229,20310,0.0692512274959095,124,125,1.0080645161290325,0,NTP-newtaipei-idx11355-0-2|qp31
4.98,50.0,25.0,19.0,6,1.39,0.48,1.2403217975849825,16066,0.0672105087014729,100,101,1.01,0,NTP-newtaipei-idx11808-0-1|qp25
4.98,50.0,25.0,19.0,22,1.39,0.48,1.302588388780215,15330,0.0641315261044177,100,99,0.99,0,NTP-newtaipei-idx11808-0-1|qp25
4.98,50.0,60.0,11.0,8,1.39,0.48,1.0859076529583442,44571,0.1864583333333321,240,239,0.9958333333333332,0,NTP-newtaipei-idx11808-0-1|qp60
4.98,50.0,60.0,11.0,24,1.39,0.48,1.1255712897404864,43218,0.1807981927710863,240,236,0.9833333333333332,0,NTP-newtaipei-idx11808-0-1|qp60
1.78,50.0,9.0,9.0,10,1.39,0.48,1.2196278290025089,5965,0.0698150749063646,36,37,1.0277777777777777,0,NTP-newtaipei-idx11901-0-0|qp9
1.78,50.0,9.0,9.0,26,1.39,0.48,1.2418490822569206,5884,0.0688670411984993,36,37,1.0277777777777777,0,NTP-newtaipei-idx11901-0-0|qp9
1.8,50.0,9.0,7.0,12,1.39,0.48,1.29979177789647,5619,0.0650347222222212,36,36,1.0,0,NTP-newtaipei-idx13763-0-2|qp9
1.8,50.0,9.0,7.0,28,1.39,0.48,1.2805299910474373,5585,0.0646412037037032,36,36,1.0,0,NTP-newtaipei-idx13763-0-2|qp9
1.71,50.0,9.0,7.0,14,1.39,0.48,1.2520134343782294,5806,0.0707358674463954,36,37,1.0277777777777777,0,NTP-newtaipei-idx13776-0-2|qp9
2.46,50.0,12.0,19.0,0,1.39,0.48,1.1459608076009613,8420,0.0713075880758817,48,49,1.0208333333333333,0,NTP-newtaipei-idx251-0-0|qp12
2.46,50.0,12.0,19.0,16,1.39,0.48,1.278684696569949,7580,0.06419376693767,48,49,1.0208333333333333,0,NTP-newtaipei-idx251-0-0|qp12
2.46,50.0,30.0,11.0,2,1.39,0.48,1.1813662322448826,20487,0.1735010162601639,120,120,1.0,0,NTP-newtaipei-idx251-0-0|qp30
2.46,50.0,30.0,11.0,18,1.39,0.48,1.206210192685004,19877,0.1683350271002734,120,118,0.9833333333333332,0,NTP-newtaipei-idx251-0-0|qp30
2.99,50.0,36.0,13.0,4,1.39,0.48,1.2262162505288796,23630,0.164646042363434,144,142,0.9861111111111112,0,NTP-newtaipei-idx4423-0-0|qp36
2.99,50.0,36.0,13.0,20,1.39,0.48,1.223939510117147,23475,0.163566053511706,144,144,1.0,0,NTP-newtaipei-idx4423-0-0|qp36
2.99,50.0,36.0,14.0,6,1.39,0.48,1.2179919712303109,23914,0.1666248606466025,144,145,1.0069444444444444,0,NTP-newtaipei-idx4423-0-0|qp36
2.99,50.0,36.0,14.0,22,1.39,0.48,1.2022808988763931,24030,0.1674331103678934,144,142,0.9861111111111112,0,NTP-newtaipei-idx4423-0-0|qp36
2.33,50.0,12.0,16.0,8,1.39,0.48,1.2369473140495564,7744,0.0692417739628033,48,47,0.9791666666666666,0,NTP-newtaipei-idx5617-0-0|qp12
2.33,50.0,12.0,16.0,24,1.39,0.48,1.27850194291844,7463,0.0667292560801139,48,48,1.0,0,NTP-newtaipei-idx5617-0-0|qp12
2.33,50.0,12.0,17.0,10,1.39,0.48,1.2045885131775111,8044,0.0719241773962796,48,46,0.9583333333333334,0,NTP-newtaipei-idx5617-0-0|qp12
2.33,50.0,12.0,17.0,26,1.39,0.48,1.2012222775978214,8026,0.0717632331902706,48,46,0.9583333333333334,0,NTP-newtaipei-idx5617-0-0|qp12
2.33,50.0,28.0,11.0,12,1.39,0.48,1.1876012821187258,19031,0.1701627324749619,112,111,0.9910714285714286,0,NTP-newtaipei-idx5617-0-0|qp28
2.33,50.0,28.0,11.0,28,1.39,0.48,1.1888596491229368,18924,0.1692060085836868,112,113,1.0089285714285714,0,NTP-newtaipei-idx5617-0-0|qp28
2.62,50.0,31.0,13.0,14,1.39,0.48,1.1608730682246546,21224,0.1687659033078866,124,121,0.9758064516129032,0,NTP-newtaipei-idx6820-0-0|qp31
2.62,50.0,31.0,14.0,0,1.39,0.48,1.1709518492672526,21495,0.1709208015267175,124,126,1.0161290322580645,0,NTP-newtaipei-idx6820-0-0|qp31
2.62,50.0,31.0,14.0,16,1.39,0.48,1.261795067767346,19626,0.1560591603053442,124,126,1.0161290322580645,0,NTP-newtaipei-idx6820-0-0|qp31
2.9,50.0,35.0,11.0,2,1.39,0.48,1.200749227600446,23304,0.1674137931034422,140,139,0.9928571428571428,0,NTP-newtaipei-idx7804-0-0|qp35
2.9,50.0,35.0,11.0,18,1.39,0.48,1.198121572597703,23706,0.1703017241379273,140,138,0.9857142857142858,0,NTP-newtaipei-idx7804-0-0|qp35
1.91,50.0,10.0,9.0,4,1.39,0.48,1.267210841474958,6346,0.0692190226876097,40,40,1.0,0,NTP-newtaipei-idx9858-0-0|qp10
1.91,50.0,10.0,9.0,20,1.39,0.48,1.3219001157598491,6047,0.065957678883072,40,40,1.0,0,NTP-newtaipei-idx9858-0-0|qp10
1.707,50.0,8.0,7.0,6,1.39,0.48,1.2816077044025382,5088,0.0620972466315193,32,32,1.0,0,NYC-nyc-110605-0-2|qp8
1.707,50.0,8.0,7.0,22,1.39,0.48,1.2658915030137965,5143,0.0627685022456575,32,33,1.03125,0,NYC-nyc-110605-0-2|qp8
2.408,50.0,12.0,19.0,8,1.39,0.48,1.1960667742335518,8057,0.0697068798449608,48,47,0.9791666666666666,0,NYC-nyc-17655-0-0|qp12
2.408,50.0,12.0,19.0,24,1.39,0.48,1.2489893478826288,7698,0.0666009136212618,48,48,1.0,0,NYC-nyc-17655-0-0|qp12
2.408,50.0,29.0,11.0,10,1.39,0.48,1.2038001867413752,19278,0.1667877906976774,116,117,1.0086206896551724,0,NYC-nyc-17655-0-0|qp29
2.408,50.0,29.0,11.0,26,1.39,0.48,1.1808256741743215,19802,0.1713212901439658,116,118,1.0172413793103448,0,NYC-nyc-17655-0-0|qp29
2.073,50.0,10.0,11.0,12,1.39,0.48,1.2528738865447848,6399,0.0643089725036188,40,40,1.0,0,NYC-nyc-199805-0-0|qp10
2.073,50.0,10.0,11.0,28,1.39,0.48,1.2466707522598532,6527,0.0655953529506353,40,41,1.025,0,NYC-nyc-199805-0-0|qp10
2.073,50.0,25.0,7.0,14,1.39,0.48,1.1784850785493035,17123,0.1720835343302774,100,103,1.03,0,NYC-nyc-199805-0-0|qp25
3.17,50.0,38.0,11.0,0,1.39,0.48,1.131976636723271,27051,0.1777799684542581,152,156,1.0263157894736843,0,NYC-nyc-20131-0-2|qp38
3.17,50.0,38.0,11.0,16,1.39,0.48,1.1952380580706508,25624,0.1684016824395362,152,152,1.0,0,NYC-nyc-20131-0-2|qp38
2.56,50.0,31.0,13.0,2,1.39,0.48,1.1649999999999785,21428,0.1743815104166666,124,127,1.0241935483870968,0,NYC-nyc-214464-0-0|qp31
2.56,50.0,31.0,13.0,18,1.39,0.48,1.192964417413012,20881,0.1699300130208333,124,121,0.9758064516129032,0,NYC-nyc-214464-0-0|qp31
2.56,50.0,31.0,14.0,4,1.39,0.48,1.2129898911352668,20576,0.1674479166666666,124,125,1.0080645161290325,0,NYC-nyc-214464-0-0|qp31
2.56,50.0,31.0,14.0,20,1.39,0.48,1.1926323621178228,20833,0.1695393880208333,124,126,1.0161290322580645,0,NYC-nyc-214464-0-0|qp31
2.347,50.0,35.0,9.0,6,1.39,0.48,1.1729689192568482,24002,0.2130556739099543,140,140,1.0,0,NYC-nyc-267383-0-0|qp35
2.347,50.0,35.0,9.0,22,1.39,0.48,1.1743086172344377,23952,0.2126118449083931,140,135,0.9642857142857144,0,NYC-nyc-267383-0-0|qp35
2.377,50.0,12.0,16.0,8,1.39,0.48,1.2011654513452068,7954,0.0697132239517589,48,47,0.9791666666666666,0,NYC-nyc-27695-0-3|qp12
2.377,50.0,12.0,16.0,24,1.39,0.48,1.2937950101146856,7415,0.0649891319590516,48,50,1.0416666666666667,0,NYC-nyc-27695-0-3|qp12
2.377,50.0,12.0,17.0,10,1.39,0.48,1.2061809357889368,8036,0.0704319169821894,48,47,0.9791666666666666,0,NYC-nyc-27695-0-3|qp12
2.377,50.0,12.0,17.0,26,1.39,0.48,1.2039530528155993,8009,0.0701952741550969,48,48,1.0,0,NYC-nyc-27695-0-3|qp12
2.377,50.0,28.0,11.0,12,1.39,0.48,1.2008231772504685,18708,0.1639671855279765,112,112,1.0,0,NYC-nyc-27695-0-3|qp28
2.377,50.0,28.0,11.0,28,1.39,0.48,1.1635667576335968,19421,0.1702163090730614,112,112,1.0,0,NYC-nyc-27695-0-3|qp28
1.676,50.0,8.0,7.0,14,1.39,0.48,1.2624669517884874,5144,0.063941925218777,32,33,1.03125,0,NYC-nyc-46079-0-1|qp8
3.048,50.0,37.0,13.0,0,1.39,0.48,1.1446430202467082,26276,0.1795986439195173,148,148,1.0,0,NYC-nyc-59808-0-1|qp37
3.048,50.0,37.0,13.0,16,1.39,0.48,1.2098778037479332,24387,0.166687171916014,148,147,0.9932432432432432,0,NYC-nyc-59808-0-1|qp37
3.048,50.0,37.0,14.0,2,1.39,0.48,1.1433662567256937,26020,0.1778488626421757,148,151,1.0202702702702702,0,NYC-nyc-59808-0-1|qp37
3.048,50.0,37.0,14.0,18,1.39,0.48,1.1664009192852876,25237,0.1724969925634343,148,153,1.0337837837837838,0,NYC-nyc-59808-0-1|qp37
5.06,50.0,25.0,19.0,4,1.39,0.48,1.2340695523492886,16218,0.0667737154150197,100,98,0.98,0,NYC-nyc-62758-0-0|qp25
5.06,50.0,25.0,19.0,20,1.39,0.48,1.2624546082805044,15917,0.0655344202898549,100,102,1.02,0,NYC-nyc-62758-0-0|qp25
5.06,50.0,61.0,9.0,6,1.39,0.48,1.1519532978674691,42482,0.1749094202898564,244,248,1.0163934426229508,0,NYC-nyc-62758-0-0|qp61
5.06,50.0,61.0,9.0,22,1.39,0.48,1.1067903454166028,44497,0.1832056982872214,244,246,1.0081967213114753,0,NYC-nyc-62758-0-0|qp61
3.719,50.0,19.0,19.0,8,1.39,0.48,1.2653855639591889,12164,0.0681410773505443,76,77,1.013157894736842,0,NYC-nyc-9648-0-0|qp19
3.719,50.0,19.0,19.0,24,1.39,0.48,1.2449767327945096,12249,0.068617235816081,76,75,0.986842105263158,0,NYC-nyc-9648-0-0|qp19
3.719,50.0,45.0,11.0,10,1.39,0.48,1.1731271377864538,30990,0.1736017746706122,180,182,1.011111111111111,0,NYC-nyc-9648-0-0|qp45
3.719,50.0,45.0,11.0,26,1.39,0.48,1.1720867998690676,30530,0.1710249170924103,180,180,1.0,0,NYC-nyc-9648-0-0|qp45
2.103,50.0,32.0,7.0,12,1.39,0.48,1.1117179763186884,23225,0.2300780630844806,128,127,0.9921875,0,NYC-nyc-98749-0-2|qp32
2.103,50.0,32.0,7.0,28,1.39,0.48,1.134482075222419,22706,0.2249365985100635,128,127,0.9921875,0,NYC-nyc-98749-0-2|qp32
4.115,50.0,62.0,7.0,14,1.39,0.48,1.135609689151505,43719,0.2213396111786148,248,244,0.9838709677419356,0,SEA-seattle-5423808-0-1|qp62
1.829,50.0,9.0,7.0,0,1.39,0.48,1.161489565078899,6277,0.0714985420083819,36,33,0.9166666666666666,0,SEA-seattle-5426480-0-0|qp9
1.829,50.0,9.0,7.0,16,1.39,0.48,1.2324183776506108,5942,0.0676827045744485,36,34,0.9444444444444444,0,SEA-seattle-5426480-0-0|qp9
2.54,50.0,38.0,11.0,2,1.39,0.48,1.1684376310872864,26223,0.2150836614173262,152,151,0.993421052631579,0,SEA-seattle-5426595-0-0|qp38
2.54,50.0,38.0,11.0,18,1.39,0.48,1.1651787354562393,26128,0.2143044619422619,152,155,1.019736842105263,0,SEA-seattle-5426595-0-0|qp38
1.651,50.0,8.0,7.0,4,1.39,0.48,1.2083704528582384,5388,0.0679890975166545,32,31,0.96875,0,SEA-seattle-5432169-0-1|qp8
1.651,50.0,8.0,7.0,20,1.39,0.48,1.2408235745824658,5209,0.0657303654350882,32,34,1.0625,0,SEA-seattle-5432169-0-1|qp8
1.829,50.0,9.0,7.0,6,1.39,0.48,1.3007264653641584,5630,0.0641288500091117,36,37,1.0277777777777777,0,SEA-seattle-5433778-0-0|qp9
1.829,50.0,9.0,7.0,22,1.39,0.48,1.3002248605864326,5559,0.063320120284308,36,37,1.0277777777777777,0,SEA-seattle-5433778-0-0|qp9
2.438,50.0,37.0,11.0,8,1.39,0.48,1.1493976088879103,26013,0.2222877358490652,148,151,1.0202702702702702,0,SEA-seattle-5434873-0-0|qp37
2.438,50.0,37.0,11.0,24,1.39,0.48,1.147004656174203,25987,0.222065559201541,148,149,1.0067567567567568,0,SEA-seattle-5434873-0-0|qp37
1.829,50.0,9.0,11.0,10,1.39,0.48,1.23746794871794,5928,0.0675232367413883,36,37,1.0277777777777777,0,SEA-seattle-5438086-0-1|qp9
1.829,50.0,9.0,11.0,26,1.39,0.48,1.2659620076681322,5738,0.0653590304355742,36,36,1.0,0,SEA-seattle-5438086-0-1|qp9
4.064,50.0,61.0,7.0,12,1.39,0.48,1.18637369540018,41392,0.2121883202099719,244,249,1.0204918032786885,0,SEA-seattle-5445989-0-0|qp61
4.064,50.0,61.0,7.0,28,1.39,0.48,1.1033954995581252,44129,0.22621903707349,244,247,1.0122950819672132,0,SEA-seattle-5445989-0-0|qp61
1.829,50.0,9.0,7.0,14,1.39,0.48,1.274561001410444,5672,0.0646072535082913,36,37,1.0277777777777777,0,SEA-seattle-5449118-0-0|qp9
1.829,50.0,22.0,7.0,0,1.39,0.48,1.096105464177905,16233,0.1849029524330227,88,89,1.0113636363636365,0,SEA-seattle-5449903-0-0|qp22
1.829,50.0,22.0,7.0,16,1.39,0.48,1.170632225197573,15311,0.1744008565700742,88,89,1.0113636363636365,0,SEA-seattle-5449903-0-0|qp22
1.829,50.0,9.0,9.0,2,1.39,0.48,1.2107502873091407,6091,0.0693798979405867,36,35,0.9722222222222222,0,SEA-seattle-5449903-0-0|qp9
1.829,50.0,9.0,9.0,18,1.39,0.48,1.3060374977465152,5547,0.0631834335702564,36,36,1.0,0,SEA-seattle-5449903-0-0|qp9
2.438,50.0,12.0,19.0,4,1.39,0.48,1.2454025368884591,7726,0.0660206453377106,48,50,1.0416666666666667,0,SEA-seattle-5452128-0-1|qp12
2.438,50.0,12.0,19.0,20,1.39,0.48,1.2678589189896876,7641,0.0652942986054158,48,46,0.9583333333333334,0,SEA-seattle-5452128-0-1|qp12
2.438,50.0,29.0,13.0,6,1.39,0.48,1.1805782657088315,19766,0.1689055236532719,116,114,0.9827586206896552,0,SEA-seattle-5452128-0-1|qp29
2.438,50.0,29.0,13.0,22,1.39,0.48,1.2268797232570643,18790,0.1605653541153973,116,119,1.0258620689655171,0,SEA-seattle-5452128-0-1|qp29
2.438,50.0,29.0,14.0,8,1.39,0.48,1.15590415240368,20157,0.1722467186218251,116,115,0.9913793103448276,0,SEA-seattle-5452128-0-1|qp29
2.438,50.0,29.0,14.0,24,1.39,0.48,1.1962861256813715,19446,0.1661710418375746,116,115,0.9913793103448276,0,SEA-seattle-5452128-0-1|qp29
1.829,50.0,22.0,9.0,10,1.39,0.48,1.114696903890328,16117,0.1835816475305252,88,87,0.9886363636363636,0,SEA-seattle-5453813-0-0|qp22
1.829,50.0,22.0,9.0,26,1.39,0.48,1.1055824739122306,16387,0.1866570985966815,88,87,0.9886363636363636,0,SEA-seattle-5453813-0-0|qp22
1.829,50.0,9.0,9.0,12,1.39,0.48,1.2087239243807455,6136,0.0698924731182791,36,36,1.0,0,SEA-seattle-5453813-0-0|qp9
1.829,50.0,9.0,9.0,28,1.39,0.48,1.2173202284946092,5952,0.0677966101694914,36,36,1.0,0,SEA-seattle-5453813-0-0|qp9
2.591,50.0,31.0,13.0,14,1.39,0.48,1.1751821532864202,20889,0.1679612118873013,124,125,1.0080645161290325,0,SEA-seattle-5454776-0-1|qp31
2.591,50.0,31.0,14.0,0,1.39,0.48,1.166316205166337,21524,0.1730670268879434,124,127,1.0241935483870968,0,SEA-seattle-5454776-0-1|qp31
2.591,50.0,31.0,14.0,16,1.39,0.48,1.2452968742211294,20059,0.1612874694455131,124,124,1.0,0,SEA-seattle-5454776-0-1|qp31
1.8,50.0,22.0,7.0,2,1.39,0.48,1.1318275367982669,15354,0.1777083333333391,88,85,0.9659090909090908,0,TAO-taoyuan-idx10181-0-0|qp22
1.8,50.0,22.0,7.0,18,1.39,0.48,1.1287477257042409,15939,0.1844791666666709,88,86,0.9772727272727272,0,TAO-taoyuan-idx10181-0-0|qp22
1.8,50.0,9.0,7.0,4,1.39,0.48,1.254287408913759,5901,0.0682986111111102,36,36,1.0,0,TAO-taoyuan-idx10181-0-0|qp9
1.8,50.0,9.0,7.0,20,1.39,0.48,1.2530903437553793,5789,0.067002314814814,36,38,1.0555555555555556,0,TAO-taoyuan-idx10181-0-0|qp9
3.0,50.0,36.0,11.0,6,1.39,0.48,1.2374278795089684,23537,0.1634513888888876,144,147,1.0208333333333333,0,TAO-taoyuan-idx158-0-0|qp36
3.0,50.0,36.0,11.0,22,1.39,0.48,1.202572355289397,24048,0.1669999999999989,144,142,0.9861111111111112,0,TAO-taoyuan-idx158-0-0|qp36
2.4,50.0,12.0,16.0,8,1.39,0.48,1.2116710775047024,7935,0.0688802083333339,48,47,0.9791666666666666,0,TAO-taoyuan-idx3410-0-9|qp12
2.4,50.0,12.0,16.0,24,1.39,0.48,1.2668000526523957,7597,0.0659461805555555,48,50,1.0416666666666667,0,TAO-taoyuan-idx3410-0-9|qp12
2.4,50.0,12.0,17.0,10,1.39,0.48,1.241987187700175,7805,0.0677517361111111,48,47,0.9791666666666666,0,TAO-taoyuan-idx3410-0-9|qp12
2.4,50.0,12.0,17.0,26,1.39,0.48,1.218672823886657,7904,0.0686111111111116,48,48,1.0,0,TAO-taoyuan-idx3410-0-9|qp12
2.4,50.0,29.0,11.0,12,1.39,0.48,1.1873458746550027,19562,0.1698090277777777,116,116,1.0,0,TAO-taoyuan-idx3410-0-9|qp29
2.4,50.0,29.0,11.0,28,1.39,0.48,1.1865531245241758,19699,0.1709982638888889,116,114,0.9827586206896552,0,TAO-taoyuan-idx3410-0-9|qp29
2.04,50.0,10.0,9.0,14,1.39,0.48,1.2426794185156644,6535,0.0667381535947717,40,40,1.0,0,TAO-taoyuan-idx3430-0-3|qp10
2.04,50.0,24.0,9.0,0,1.39,0.48,1.0863392504931313,17745,0.1812193627450966,96,94,0.9791666666666666,0,TAO-taoyuan-idx3430-0-3|qp24
2.04,50.0,24.0,9.0,16,1.39,0.48,1.1627778109512965,16747,0.1710273692810455,96,96,1.0,0,TAO-taoyuan-idx3430-0-3|qp24
1.87,50.0,22.0,7.0,2,1.39,0.48,1.1602419989507151,15248,0.1698752228163993,88,86,0.9772727272727272,0,TAO-taoyuan-idx5160-0-0|qp22
1.87,50.0,22.0,7.0,18,1.39,0.48,1.1429892966361086,15696,0.1748663101604288,88,87,0.9886363636363636,0,TAO-taoyuan-idx5160-0-0|qp22
1.87,50.0,9.0,9.0,4,1.39,0.48,1.2564796872344184,5883,0.0655414438502674,36,36,1.0,0,TAO-taoyuan-idx5160-0-0|qp9
1.87,50.0,9.0,9.0,20,1.39,0.48,1.326232149395801,5462,0.0608511586452756,36,37,1.0277777777777777,0,TAO-taoyuan-idx5160-0-0|qp9
6.92,50.0,35.0,13.0,6,1.39,0.48,1.2420029291674908,22532,0.0678347784200378,140,142,1.0142857142857142,0,TAO-taoyuan-idx531-0-1|qp35
6.92,50.0,35.0,13.0,22,1.39,0.48,1.213243021346449,23142,0.0696712427745659,140,135,0.9642857142857144,0,TAO-taoyuan-idx531-0-1|qp35
6.92,50.0,35.0,14.0,8,1.39,0.48,1.1903777084563,23722,0.0714173892100181,140,144,1.0285714285714285,0,TAO-taoyuan-idx531-0-1|qp35
6.92,50.0,35.0,14.0,24,1.39,0.48,1.231553723380783,22681,0.0682833574181109,140,141,1.0071428571428571,0,TAO-taoyuan-idx531-0-1|qp35
6.92,50.0,83.0,11.0,10,1.39,0.48,1.0838183267969277,61451,0.1850042148362254,332,328,0.9879518072289156,0,TAO-taoyuan-idx531-0-1|qp83
6.92,50.0,83.0,11.0,26,1.39,0.48,0.9539344756326628,69684,0.2097904624277469,332,332,1.0,0,TAO-taoyuan-idx531-0-1|qp83
2.6,50.0,31.0,13.0,12,1.39,0.48,1.2092970510434011,20414,0.163573717948713,124,124,1.0,0,TAO-taoyuan-idx5379-0-4|qp31
2.6,50.0,31.0,13.0,28,1.39,0.48,1.1978562295781232,21117,0.1692067307692248,124,124,1.0,0,TAO-taoyuan-idx5379-0-4|qp31
2.6,50.0,31.0,14.0,14,1.39,0.48,1.162978329935075,21089,0.1689823717948655,124,126,1.0161290322580645,0,TAO-taoyuan-idx5379-0-4|qp31
2.28,50.0,34.0,9.0,0,1.39,0.48,1.0787390878841234,25545,0.2334155701754386,136,133,0.9779411764705882,0,TAO-taoyuan-idx578-0-8|qp34
2.28,50.0,34.0,9.0,16,1.39,0.48,1.2009527995078348,22754,0.2079130116959092,136,131,0.9632352941176472,0,TAO-taoyuan-idx578-0-8|qp34
2.3,50.0,12.0,16.0,2,1.39,0.48,1.19615898133264,8089,0.0732699275362294,48,47,0.9791666666666666,0,TAO-taoyuan-idx6720-0-3|qp12
2.3,50.0,12.0,16.0,18,1.39,0.48,1.253137407551563,7707,0.0698097826086934,48,49,1.0208333333333333,0,TAO-taoyuan-idx6720-0-3|qp12
2.3,50.0,12.0,17.0,4,1.39,0.48,1.249504282377388,7706,0.0698007246376789,48,49,1.0208333333333333,0,TAO-taoyuan-idx6720-0-3|qp12
2.3,50.0,12.0,17.0,20,1.39,0.48,1.2642514657980195,7675,0.0695199275362295,48,46,0.9583333333333334,0,TAO-taoyuan-idx6720-0-3|qp12
2.3,50.0,28.0,11.0,6,1.39,0.48,1.1775057579565067,19104,0.1730434782608694,112,110,0.9821428571428572,0,TAO-taoyuan-idx6720-0-3|qp28
2.3,50.0,28.0,11.0,22,1.39,0.48,1.2006767763369326,18662,0.1690398550724627,112,110,0.9821428571428572,0,TAO-taoyuan-idx6720-0-3|qp28
2.23,50.0,11.0,11.0,8,1.39,0.48,1.2249016370890162,7269,0.0679091928251108,44,43,0.9772727272727272,0,TAO-taoyuan-idx7044-0-7|qp11
2.23,50.0,11.0,11.0,24,1.39,0.48,1.2804148062797356,6943,0.0648636023916271,44,45,1.0227272727272727,0,TAO-taoyuan-idx7044-0-7|qp11
2.23,50.0,27.0,11.0,10,1.39,0.48,1.1806998858881597,18403,0.1719263826606873,108,109,1.0092592592592593,0,TAO-taoyuan-idx7044-0-7|qp27
2.23,50.0,27.0,11.0,26,1.39,0.48,1.1621000433557565,18452,0.1723841554559043,108,109,1.0092592592592593,0,TAO-taoyuan-idx7044-0-7|qp27
1.97,50.0,10.0,9.0,12,1.39,0.48,1.2559125683060346,6405,0.0677347715736037,40,40,1.0,0,TAO-taoyuan-idx718-0-1|qp10
1.97,50.0,10.0,9.0,28,1.39,0.48,1.2637212960050457,6358,0.0672377326565147,40,41,1.025,0,TAO-taoyuan-idx718-0-1|qp10
1.97,50.0,24.0,7.0,14,1.39,0.48,1.1386727796391023,17013,0.1799175126903567,96,97,1.0104166666666667,0,TAO-taoyuan-idx718-0-1|qp24
3.07,50.0,37.0,13.0,0,1.39,0.48,1.1518351771191362,25943,0.1760518458197595,148,146,0.9864864864864864,0,TAO-taoyuan-idx9038-0-2|qp37
3.07,50.0,37.0,13.0,16,1.39,0.48,1.2469800955078296,23663,0.1605795331161754,148,149,1.0067567567567568,0,TAO-taoyuan-idx9038-0-2|qp37
3.07,50.0,37.0,14.0,2,1.39,0.48,1.150293947459806,25923,0.1759161237785013,148,148,1.0,0,TAO-taoyuan-idx9038-0-2|qp37
3.07,50.0,37.0,14.0,18,1.39,0.48,1.1557926306769977,25674,0.1742263843648197,148,152,1.027027027027027,0,TAO-taoyuan-idx9038-0-2|qp37
2.69,50.0,40.0,11.0,4,1.39,0.48,1.182978484984147,26772,0.2073420074349423,160,159,0.99375,0,TPE-taipei-idx11047-0-0|qp40
2.69,50.0,40.0,11.0,20,1.39,0.48,1.2034168910463048,26369,0.2042208798017309,160,157,0.98125,0,TPE-taipei-idx11047-0-0|qp40
1.99,50.0,10.0,11.0,6,1.39,0.48,1.303248665264535,6181,0.0647089614740368,40,41,1.025,0,TPE-taipei-idx14193-0-0|qp10
1.99,50.0,10.0,11.0,22,1.39,0.48,1.2549867374005248,6409,0.0670958961474039,40,39,0.975,0,TPE-taipei-idx14193-0-0|qp10
1.99,50.0,24.0,7.0,8,1.39,0.48,1.137024249897153,17031,0.1782977386934664,96,93,0.96875,0,TPE-taipei-idx14193-0-0|qp24
1.99,50.0,24.0,7.0,24,1.39,0.48,1.1254295414005684,17379,0.1819409547738659,96,98,1.0208333333333333,0,TPE-taipei-idx14193-0-0|qp24
2.36,50.0,12.0,16.0,10,1.39,0.48,1.247148176682062,7788,0.0687500000000001,48,48,1.0,0,TPE-taipei-idx15074-0-0|qp12
2.36,50.0,12.0,16.0,26,1.39,0.48,1.2523804573804844,7696,0.0679378531073441,48,47,0.9791666666666666,0,TPE-taipei-idx15074-0-0|qp12
2.36,50.0,12.0,17.0,12,1.39,0.48,1.281275455519867,7464,0.065889830508474,48,48,1.0,0,TPE-taipei-idx15074-0-0|qp12
2.36,50.0,12.0,17.0,28,1.39,0.48,1.2044816845252926,8026,0.0708509887005642,48,48,1.0,0,TPE-taipei-idx15074-0-0|qp12
2.36,50.0,28.0,11.0,14,1.39,0.48,1.1592818568906542,19258,0.1700035310734466,112,111,0.9910714285714286,0,TPE-taipei-idx15074-0-0|qp28
2.48,50.0,37.0,11.0,0,1.39,0.48,1.1190604929051522,26780,0.224966397849466,148,147,0.9932432432432432,0,TPE-taipei-idx15608-0-1|qp37
2.48,50.0,37.0,11.0,16,1.39,0.48,1.1909783483580143,24848,0.2087365591397866,148,150,1.0135135135135136,0,TPE-taipei-idx15608-0-1|qp37
1.96,50.0,10.0,11.0,2,1.39,0.48,1.236743898671632,6474,0.0688137755102043,40,39,0.975,0,TPE-taipei-idx1592-0-2|qp10
1.96,50.0,10.0,11.0,18,1.39,0.48,1.2235907510956137,6617,0.0703337585034024,40,39,0.975,0,TPE-taipei-idx1592-0-2|qp10
1.96,50.0,24.0,7.0,4,1.39,0.48,1.133870518621673,17238,0.1832270408163325,96,92,0.9583333333333334,0,TPE-taipei-idx1592-0-2|qp24
1.96,50.0,24.0,7.0,20,1.39,0.48,1.1301152007372717,17361,0.1845344387755164,96,95,0.9895833333333334,0,TPE-taipei-idx1592-0-2|qp24
2.05,50.0,10.0,9.0,6,1.39,0.48,1.3031174943200314,6162,0.062621951219512,40,41,1.025,0,TPE-taipei-idx326-0-1|qp10
2.05,50.0,10.0,9.0,22,1.39,0.48,1.270170886075942,6320,0.0642276422764232,40,39,0.975,0,TPE-taipei-idx326-0-1|qp10
2.05,50.0,25.0,7.0,8,1.39,0.48,1.1332775900900285,17760,0.1804878048780487,100,96,0.96,0,TPE-taipei-idx326-0-1|qp25
2.05,50.0,25.0,7.0,24,1.39,0.48,1.1781581836039536,17309,0.1759044715447146,100,99,0.99,0,TPE-taipei-idx326-0-1|qp25
3.54,50.0,18.0,19.0,10,1.39,0.48,1.25326971898812,11423,0.0672257532956702,72,71,0.9861111111111112,0,TPE-taipei-idx4344-0-0|qp18
3.54,50.0,18.0,19.0,26,1.39,0.48,1.2767459545495274,11309,0.0665548493408671,72,74,1.0277777777777777,0,TPE-taipei-idx4344-0-0|qp18
3.54,50.0,42.0,11.0,12,1.39,0.48,1.1765006336242931,28408,0.1671845574387945,168,165,0.9821428571428572,0,TPE-taipei-idx4344-0-0|qp42
3.54,50.0,42.0,11.0,28,1.39,0.48,1.149829175704969,29504,0.1736346516007534,168,165,0.9821428571428572,0,TPE-taipei-idx4344-0-0|qp42
2.06,50.0,10.0,11.0,14,1.39,0.48,1.2721983575489455,6332,0.0640372168284786,40,41,1.025,0,TPE-taipei-idx674-0-1|qp10
2.06,50.0,25.0,7.0,0,1.39,0.48,1.1203097271975986,18145,0.1835052588996764,100,98,0.98,0,TPE-taipei-idx674-0-1|qp25
2.06,50.0,25.0,7.0,16,1.39,0.48,1.209410849931243,16719,0.1690837378640771,100,102,1.02,0,TPE-taipei-idx674-0-1|qp25
2.99,50.0,45.0,11.0,2,1.39,0.48,1.127262870102855,32187,0.2242683946488323,180,183,1.0166666666666666,0,TPE-taipei-idx813-0-1|qp45
2.99,50.0,45.0,11.0,18,1.39,0.48,1.106163682864525,32844,0.2288461538461566,180,181,1.0055555555555555,0,TPE-taipei-idx813-0-1|qp45
3.55,50.0,18.0,19.0,4,1.39,0.48,1.295513109289133,11099,0.0651349765258204,72,74,1.0277777777777777,0,TPE-taipei-idx9453-0-1|qp18
3.55,50.0,18.0,19.0,20,1.39,0.48,1.269512430817907,11383,0.0668016431924878,72,72,1.0,0,TPE-taipei-idx9453-0-1|qp18
3.55,50.0,43.0,11.0,6,1.39,0.48,1.195329104710432,28851,0.1693133802816897,172,171,0.994186046511628,0,TPE-taipei-idx9453-0-1|qp43
3.55,50.0,43.0,11.0,22,1.39,0.48,1.1915216269227311,29061,0.1705457746478884,172,173,1.005813953488372,0,TPE-taipei-idx9453-0-1|qp43
2.098,50.0,10.0,11.0,13,1.39,0.48,1.196984806018617,6779,0.0673160946933601,40,40,1.0,0,AMS-amsterdam-chain-141619-0|qp10
2.098,50.0,10.0,11.0,29,1.39,0.48,1.2412480857580752,6530,0.0648435017476966,40,41,1.025,0,AMS-amsterdam-chain-141619-0|qp10
2.098,50.0,25.0,9.0,15,1.39,0.48,1.1850842862194555,16966,0.1684739434381942,100,99,0.99,0,AMS-amsterdam-chain-141619-0|qp25
3.89,50.0,19.0,19.0,1,1.39,0.48,1.2265192214893978,12434,0.0665916880891154,76,76,1.0,0,AMS-amsterdam-chain-158080-0|qp19
3.89,50.0,19.0,19.0,17,1.39,0.48,1.2888169945726098,11792,0.063153384747213,76,76,1.0,0,AMS-amsterdam-chain-158080-0|qp19
3.89,50.0,47.0,13.0,3,1.39,0.48,1.1382343393050909,33268,0.1781705227077955,188,187,0.9946808510638298,0,AMS-amsterdam-chain-158080-0|qp47
3.89,50.0,47.0,13.0,19,1.39,0.48,1.1722268608715003,32337,0.1731844473007693,188,183,0.973404255319149,0,AMS-amsterdam-chain-158080-0|qp47
3.89,50.0,47.0,14.0,5,1.39,0.48,1.128870967741869,33046,0.1769815766923723,188,188,1.0,0,AMS-amsterdam-chain-158080-0|qp47
3.89,50.0,47.0,14.0,21,1.39,0.48,1.078541373264723,34793,0.1863378320479846,188,189,1.00531914893617,0,AMS-amsterdam-chain-158080-0|qp47
2.267,50.0,11.0,9.0,7,1.39,0.48,1.2012891844212297,7369,0.0677198206146166,44,45,1.0227272727272727,0,AMS-amsterdam-chain-166482-0|qp11
2.267,50.0,11.0,9.0,23,1.39,0.48,1.1675990645705898,7697,0.0707340832230561,44,43,0.9772727272727272,0,AMS-amsterdam-chain-166482-0|qp11
2.267,50.0,27.0,9.0,9,1.39,0.48,1.0798777628099476,20043,0.1841916629907328,108,110,1.0185185185185186,0,AMS-amsterdam-chain-166482-0|qp27
2.267,50.0,27.0,9.0,25,1.39,0.48,1.0319632188199923,21424,0.1968828113512677,108,109,1.0092592592592593,0,AMS-amsterdam-chain-166482-0|qp27
2.796,50.0,14.0,19.0,11,1.39,0.48,1.276706799678923,8721,0.0649812231759653,56,56,1.0,0,AMS-amsterdam-chain-22812-0|qp14
2.796,50.0,14.0,19.0,27,1.39,0.48,1.2306652598844878,9004,0.0670898903195037,56,54,0.9642857142857144,0,AMS-amsterdam-chain-22812-0|qp14
2.796,50.0,34.0,11.0,13,1.39,0.48,1.1605129973703614,23197,0.1728436456843098,136,136,1.0,0,AMS-amsterdam-chain-22812-0|qp34
2.796,50.0,34.0,11.0,29,1.39,0.48,1.207192052390153,22447,0.1672553051979,136,137,1.0073529411764706,0,AMS-amsterdam-chain-22812-0|qp34
2.575,50.0,13.0,19.0,15,1.39,0.48,1.2301162108228116,8519,0.0689239482200647,52,51,0.9807692307692308,0,AMS-amsterdam-chain-32802-0|qp13
2.575,50.0,31.0,13.0,1,1.39,0.48,1.0981268062001943,22838,0.1847734627831697,124,125,1.0080645161290325,0,AMS-amsterdam-chain-32802-0|qp31
2.575,50.0,31.0,13.0,17,1.39,0.48,1.175095454758638,21319,0.1724838187702249,124,127,1.0241935483870968,0,AMS-amsterdam-chain-32802-0|qp31
2.575,50.0,31.0,14.0,3,1.39,0.48,1.1557624301740366,21661,0.1752508090614875,124,124,1.0,0,AMS-amsterdam-chain-32802-0|qp31
2.575,50.0,31.0,14.0,19,1.39,0.48,1.1647998507044808,21434,0.1734142394821997,124,123,0.9919354838709676,0,AMS-amsterdam-chain-32802-0|qp31
2.482,50.0,12.0,19.0,5,1.39,0.48,1.2624743083003327,7590,0.0637087026591461,48,48,1.0,0,AMS-amsterdam-chain-44642-0|qp12
2.482,50.0,12.0,19.0,21,1.39,0.48,1.2424274711168355,7790,0.0653874563524041,48,49,1.0208333333333333,0,AMS-amsterdam-chain-44642-0|qp12
2.482,50.0,30.0,13.0,7,1.39,0.48,1.1424490764920436,21061,0.1767811576685483,120,117,0.975,0,AMS-amsterdam-chain-44642-0|qp30
2.482,50.0,30.0,13.0,23,1.39,0.48,1.1279071714259967,21502,0.1804828095621829,120,120,1.0,0,AMS-amsterdam-chain-44642-0|qp30
2.482,50.0,30.0,14.0,9,1.39,0.48,1.1616425190766169,20706,0.1738013698630141,120,117,0.975,0,AMS-amsterdam-chain-44642-0|qp30
2.482,50.0,30.0,14.0,25,1.39,0.48,1.144215999618368,20963,0.1759585683588518,120,123,1.025,0,AMS-amsterdam-chain-44642-0|qp30
2.166,50.0,11.0,13.0,11,1.39,0.48,1.2253845068435558,7087,0.0681652046783618,44,45,1.0227272727272727,0,AMS-amsterdam-chain-45268-50|qp11
2.166,50.0,11.0,13.0,27,1.39,0.48,1.2697561683599097,6890,0.0662703908895037,44,45,1.0227272727272727,0,AMS-amsterdam-chain-45268-50|qp11
2.166,50.0,11.0,14.0,13,1.39,0.48,1.2049296551723836,7250,0.069732994767621,44,42,0.9545454545454546,0,AMS-amsterdam-chain-45268-50|qp11
2.166,50.0,11.0,14.0,29,1.39,0.48,1.251098916761702,7016,0.0674823022468451,44,43,0.9772727272727272,0,AMS-amsterdam-chain-45268-50|qp11
2.166,50.0,26.0,9.0,15,1.39,0.48,1.1437698585417682,18380,0.1767851646660501,104,103,0.9903846153846154,0,AMS-amsterdam-chain-45268-50|qp26
1.662,50.0,20.0,11.0,1,1.39,0.48,1.189711602455063,13523,0.1695121339751294,80,78,0.975,0,AMS-amsterdam-chain-79104-0|qp20
1.662,50.0,20.0,11.0,17,1.39,0.48,1.2382554614008998,12863,0.1612389691135157,80,79,0.9875,0,AMS-amsterdam-chain-79104-0|qp20
1.662,50.0,8.0,11.0,3,1.39,0.48,1.213594548551978,5283,0.0662229241877268,32,32,1.0,0,AMS-amsterdam-chain-79104-0|qp8
1.662,50.0,8.0,11.0,19,1.39,0.48,1.2838798798798845,4995,0.062612815884478,32,33,1.03125,0,AMS-amsterdam-chain-79104-0|qp8
2.408,50.0,43.3,7.0,5,1.39,0.48,1.1260840471957034,30935,0.2676408499446299,172,169,0.9825581395348836,0,DC-012|qp43.3
2.408,50.0,43.3,7.0,21,1.39,0.48,1.148861318717722,30105,0.2604599252491667,172,176,1.0232558139534884,0,DC-012|qp43.3
3.719,50.0,66.9,7.0,7,1.39,0.48,0.9827660934019796,54774,0.3068365151922593,268,262,0.9776119402985076,0,DC-015|qp66.9
3.719,50.0,66.9,7.0,23,1.39,0.48,1.0036842990654062,53500,0.2996997400734982,268,262,0.9776119402985076,0,DC-015|qp66.9
2.722,50.0,49.0,9.0,9,1.39,0.48,1.1067057186589009,35935,0.2750352069556702,196,200,1.020408163265306,0,DC-048|qp49.0
2.722,50.0,49.0,9.0,25,1.39,0.48,1.0581570495663208,37364,0.2859723242713677,196,197,1.0051020408163265,0,DC-048|qp49.0
3.609,50.0,65.0,7.0,11,1.39,0.48,1.0320185633255936,50422,0.2910663156922496,260,253,0.9730769230769232,0,DC-051|qp65.0
3.609,50.0,65.0,7.0,27,1.39,0.48,1.1132283565507857,46804,0.2701810289092088,260,264,1.015384615384615,0,DC-051|qp65.0
2.48,50.0,44.6,9.0,13,1.39,0.48,1.1323435900716787,31264,0.2626344086021511,178,177,0.99438202247191,0,DC-066|qp44.6
2.48,50.0,44.6,9.0,29,1.39,0.48,1.1420507981190695,31261,0.2626092069892498,178,183,1.0280898876404494,0,DC-066|qp44.6
3.54,50.0,63.7,7.0,15,1.39,0.48,1.0804225322297725,47239,0.2780072975517906,254,251,0.9881889763779528,0,DC-069|qp63.7
2.46,50.0,44.3,9.0,1,1.39,0.48,1.1251374690456282,31498,0.2667513550135497,178,175,0.9831460674157304,0,DC-084|qp44.3
2.46,50.0,44.3,9.0,17,1.39,0.48,1.1352458279846882,31160,0.2638888888888902,178,177,0.99438202247191,0,DC-084|qp44.3
4.98,50.0,89.6,7.0,3,1.39,0.48,0.9265977118357848,77442,0.3239708835341447,358,351,0.9804469273743016,0,DC-087|qp89.6
4.98,50.0,89.6,7.0,19,1.39,0.48,0.9102096816925764,79263,0.3315888554216927,358,349,0.9748603351955308,0,DC-087|qp89.6
2.438,50.0,43.9,7.0,5,1.39,0.48,1.1699815948866406,29883,0.2553578753076378,176,177,1.005681818181818,0,DC-099|qp43.9
2.438,50.0,43.9,7.0,21,1.39,0.48,1.1429780133489351,30564,0.261177194421664,176,174,0.9886363636363636,0,DC-099|qp43.9
2.4,50.0,43.2,9.0,7,1.39,0.48,1.1008145520748358,31858,0.2765451388888889,174,174,1.0,0,DC-114|qp43.2
2.4,50.0,43.2,9.0,23,1.39,0.48,1.081019540159082,32446,0.2816493055555525,174,172,0.9885057471264368,0,DC-114|qp43.2
1.697,50.0,8.0,7.0,9,1.39,0.48,1.2832746339532963,5054,0.0620457670398723,32,32,1.0,0,MEL-melbourne-1389612-0-2|qp8
1.697,50.0,8.0,7.0,25,1.39,0.48,1.2345887281035623,5252,0.0644765272048698,32,33,1.03125,0,MEL-melbourne-1389612-0-2|qp8
2.722,50.0,33.0,13.0,11,1.39,0.48,1.1836403352354574,22432,0.1716874846926272,132,128,0.9696969696969696,0,MEL-melbourne-1389823-0-3|qp33
2.722,50.0,33.0,13.0,27,1.39,0.48,1.2237294894124602,21818,0.1669881214793043,132,132,1.0,0,MEL-melbourne-1389823-0-3|qp33
2.722,50.0,33.0,14.0,13,1.39,0.48,1.1414884750617782,23037,0.1763179647318128,132,133,1.0075757575757576,0,MEL-melbourne-1389823-0-3|qp33
2.722,50.0,33.0,14.0,29,1.39,0.48,1.1973746031746788,22050,0.1687637766348252,132,133,1.0075757575757576,0,MEL-melbourne-1389823-0-3|qp33
2.156,50.0,11.0,13.0,15,1.39,0.48,1.2456012434647137,7077,0.0683847402597408,44,44,1.0,0,MEL-melbourne-1434605-0-0|qp11
2.156,50.0,11.0,14.0,1,1.39,0.48,1.1995696202531418,7505,0.0725204854669154,44,46,1.0454545454545454,0,MEL-melbourne-1434605-0-0|qp11
2.156,50.0,11.0,14.0,17,1.39,0.48,1.2171965835514584,7259,0.0701433982683997,44,43,0.9772727272727272,0,MEL-melbourne-1434605-0-0|qp11
2.156,50.0,26.0,9.0,3,1.39,0.48,1.155620691556822,18133,0.1752183828076695,104,104,1.0,0,MEL-melbourne-1434605-0-0|qp26
2.156,50.0,26.0,9.0,19,1.39,0.48,1.1676409653395563,17859,0.1725707328385933,104,106,1.0192307692307692,0,MEL-melbourne-1434605-0-0|qp26
1.749,50.0,9.0,7.0,5,1.39,0.48,1.226812729090289,6002,0.0714932342290839,36,35,0.9722222222222222,0,MEL-melbourne-1465622-0-2|qp9
1.749,50.0,9.0,7.0,21,1.39,0.48,1.1997642276422995,6150,0.0732561463693545,36,36,1.0,0,MEL-melbourne-1465622-0-2|qp9
2.348,50.0,12.0,13.0,7,1.39,0.48,1.240391399510708,7767,0.0689150340715496,48,48,1.0,0,MEL-melbourne-1465759-0-1|qp12
2.348,50.0,12.0,13.0,23,1.39,0.48,1.2150218449631554,8011,0.0710799971607038,48,48,1.0,0,MEL-melbourne-1465759-0-1|qp12
2.348,50.0,12.0,14.0,9,1.39,0.48,1.2661414833355291,7591,0.0673534213515049,48,49,1.0208333333333333,0,MEL-melbourne-1465759-0-1|qp12
2.348,50.0,12.0,14.0,25,1.39,0.48,1.232509334363301,7767,0.06891503407155,48,48,1.0,0,MEL-melbourne-1465759-0-1|qp12
2.348,50.0,28.0,11.0,11,1.39,0.48,1.1896140111332625,19042,0.168955848949461,112,109,0.9732142857142856,0,MEL-melbourne-1465759-0-1|qp28
2.348,50.0,28.0,11.0,27,1.39,0.48,1.2081944444444452,18648,0.1654599659284486,112,110,0.9821428571428572,0,MEL-melbourne-1465759-0-1|qp28
1.83,50.0,9.0,9.0,13,1.39,0.48,1.187727568270517,6152,0.070036429872494,36,37,1.0277777777777777,0,MEL-melbourne-1477330-0-0|qp9
1.83,50.0,9.0,9.0,29,1.39,0.48,1.3010026857654866,5585,0.0635815118397065,36,36,1.0,0,MEL-melbourne-1477330-0-0|qp9
5.175,50.0,26.0,19.0,15,1.39,0.48,1.2581612883695477,16517,0.0664935587761668,104,102,0.9807692307692308,0,MEL-melbourne-1515142-0-0|qp26
5.175,50.0,62.0,7.0,1,1.39,0.48,1.1405679254312715,43879,0.1766465378421895,248,251,1.0120967741935485,0,MEL-melbourne-1515142-0-0|qp62
5.175,50.0,62.0,7.0,17,1.39,0.48,1.1101666816023184,44636,0.1796940418679562,248,248,1.0,0,MEL-melbourne-1515142-0-0|qp62
1.844,50.0,22.0,7.0,3,1.39,0.48,1.1022141314409082,16205,0.1830825198843093,88,87,0.9886363636363636,0,MEL-melbourne-RPSP02B11034-0-0|qp22
1.844,50.0,22.0,7.0,19,1.39,0.48,1.1566741645244034,15560,0.1757953723788859,88,90,1.0227272727272727,0,MEL-melbourne-RPSP02B11034-0-0|qp22
1.844,50.0,9.0,11.0,5,1.39,0.48,1.2403001526199655,5897,0.0666237346348536,36,35,0.9722222222222222,0,MEL-melbourne-RPSP02B11034-0-0|qp9
1.844,50.0,9.0,11.0,21,1.39,0.48,1.17701373363145,6262,0.0707474692697058,36,36,1.0,0,MEL-melbourne-RPSP02B11034-0-0|qp9
3.609,50.0,54.0,11.0,7,1.39,0.48,1.0464585342334911,41480,0.2394476771035347,216,211,0.976851851851852,0,MEL-melbourne-RPSP03A10530L1-0-0|qp54
3.609,50.0,54.0,11.0,23,1.39,0.48,1.0627077637723594,41333,0.2385991040916227,216,217,1.0046296296296295,0,MEL-melbourne-RPSP03A10530L1-0-0|qp54
3.194,50.0,38.0,13.0,9,1.39,0.48,1.1802314868578172,25833,0.1684995303694454,152,157,1.0328947368421053,0,MEL-melbourne-RPSP03A11034L1-0-0|qp38
3.194,50.0,38.0,13.0,25,1.39,0.48,1.141710491766413,26659,0.1738872364850786,152,147,0.9671052631578948,0,MEL-melbourne-RPSP03A11034L1-0-0|qp38
3.194,50.0,38.0,14.0,11,1.39,0.48,1.1756416108941097,25849,0.1686038927155111,152,148,0.9736842105263158,0,MEL-melbourne-RPSP03A11034L1-0-0|qp38
3.194,50.0,38.0,14.0,27,1.39,0.48,1.1565216736907016,26576,0.1733458568148643,152,150,0.986842105263158,0,MEL-melbourne-RPSP03A11034L1-0-0|qp38
3.121,50.0,16.0,19.0,13,1.39,0.48,1.189072366582843,10737,0.0716717398269785,64,62,0.96875,0,MEL-melbourne-RPSP07A11127-0-0|qp16
3.121,50.0,16.0,19.0,29,1.39,0.48,1.2732923076922913,10075,0.0672527501869059,64,65,1.015625,0,MEL-melbourne-RPSP07A11127-0-0|qp16
3.121,50.0,38.0,11.0,15,1.39,0.48,1.2169134423615304,25070,0.1673475381822008,152,150,0.986842105263158,0,MEL-melbourne-RPSP07A11127-0-0|qp38
3.499,50.0,52.0,9.0,1,1.39,0.48,1.1303797639304691,37023,0.2204379822806517,208,209,1.0048076923076923,0,MEL-melbourne-RPSP0814955L1-0-0|qp52
3.499,50.0,52.0,9.0,17,1.39,0.48,1.0785450633764275,38579,0.2297025340573457,208,208,1.0,0,MEL-melbourne-RPSP0814955L1-0-0|qp52
6.11,50.0,31.0,16.0,3,1.39,0.48,1.2196625178334215,20327,0.0693091925804706,124,123,0.9919354838709676,0,NTP-newtaipei-idx11355-0-2|qp31
6.11,50.0,31.0,16.0,19,1.39,0.48,1.2440808860379016,19954,0.0680373704309888,124,124,1.0,0,NTP-newtaipei-idx11355-0-2|qp31
6.11,50.0,31.0,17.0,5,1.39,0.48,1.2312911706349128,20160,0.0687397708674311,124,121,0.9758064516129032,0,NTP-newtaipei-idx11355-0-2|qp31
6.11,50.0,31.0,17.0,21,1.39,0.48,1.1762917789439298,21153,0.0721256137479544,124,125,1.0080645161290325,0,NTP-newtaipei-idx11355-0-2|qp31
4.98,50.0,25.0,19.0,7,1.39,0.48,1.1928569720162352,16724,0.0699631860776444,100,100,1.0,0,NTP-newtaipei-idx11808-0-1|qp25
4.98,50.0,25.0,19.0,23,1.39,0.48,1.1360625106165534,17661,0.0738830321285145,100,100,1.0,0,NTP-newtaipei-idx11808-0-1|qp25
4.98,50.0,60.0,11.0,9,1.39,0.48,1.0251912368585894,46513,0.1945824966532741,240,236,0.9833333333333332,0,NTP-newtaipei-idx11808-0-1|qp60
4.98,50.0,60.0,11.0,25,1.39,0.48,1.0685771907272137,45122,0.1887633868808561,240,240,1.0,0,NTP-newtaipei-idx11808-0-1|qp60
1.78,50.0,9.0,9.0,11,1.39,0.48,1.3086793468509228,5573,0.0652270599250913,36,37,1.0277777777777777,0,NTP-newtaipei-idx11901-0-0|qp9
1.78,50.0,9.0,9.0,27,1.39,0.48,1.2752401978099606,5662,0.0662687265917578,36,36,1.0,0,NTP-newtaipei-idx11901-0-0|qp9
1.8,50.0,9.0,7.0,13,1.39,0.48,1.2398814764646395,5906,0.0683564814814815,36,36,1.0,0,NTP-newtaipei-idx13763-0-2|qp9
1.8,50.0,9.0,7.0,29,1.39,0.48,1.2606546472956672,5713,0.0661226851851843,36,36,1.0,0,NTP-newtaipei-idx13763-0-2|qp9
1.71,50.0,9.0,7.0,15,1.39,0.48,1.1913285574731522,6142,0.0748294346978575,36,36,1.0,0,NTP-newtaipei-idx13776-0-2|qp9
2.46,50.0,12.0,19.0,1,1.39,0.48,1.228257956448913,7761,0.0657266260162611,48,46,0.9583333333333334,0,NTP-newtaipei-idx251-0-0|qp12
2.46,50.0,12.0,19.0,17,1.39,0.48,1.28393372528063,7484,0.0633807588075891,48,49,1.0208333333333333,0,NTP-newtaipei-idx251-0-0|qp12
2.46,50.0,30.0,11.0,3,1.39,0.48,1.2079411911288345,20065,0.1699271680216832,120,121,1.0083333333333333,0,NTP-newtaipei-idx251-0-0|qp30
2.46,50.0,30.0,11.0,19,1.39,0.48,1.1962443729902892,20215,0.1711974932249349,120,118,0.9833333333333332,0,NTP-newtaipei-idx251-0-0|qp30
2.99,50.0,36.0,13.0,5,1.39,0.48,1.2015740624608129,23919,0.1666596989966576,144,145,1.0069444444444444,0,NTP-newtaipei-idx4423-0-0|qp36
2.99,50.0,36.0,13.0,21,1.39,0.48,1.1739848921739733,24623,0.1715649386845056,144,142,0.9861111111111112,0,NTP-newtaipei-idx4423-0-0|qp36
2.99,50.0,36.0,14.0,7,1.39,0.48,1.115819742155851,25752,0.1794314381270916,144,144,1.0,0,NTP-newtaipei-idx4423-0-0|qp36
2.99,50.0,36.0,14.0,23,1.39,0.48,1.1239532804727137,25728,0.1792642140468248,144,147,1.0208333333333333,0,NTP-newtaipei-idx4423-0-0|qp36
2.33,50.0,12.0,16.0,9,1.39,0.48,1.2407837802824278,7719,0.0690182403433471,48,48,1.0,0,NTP-newtaipei-idx5617-0-0|qp12
2.33,50.0,12.0,16.0,25,1.39,0.48,1.210491906929664,7908,0.0707081545064368,48,49,1.0208333333333333,0,NTP-newtaipei-idx5617-0-0|qp12
2.33,50.0,12.0,17.0,11,1.39,0.48,1.285147584381278,7555,0.0675518597997127,48,49,1.0208333333333333,0,NTP-newtaipei-idx5617-0-0|qp12
2.33,50.0,12.0,17.0,27,1.39,0.48,1.203963360707493,7915,0.0707707439198854,48,48,1.0,0,NTP-newtaipei-idx5617-0-0|qp12
2.33,50.0,28.0,11.0,13,1.39,0.48,1.149297049847421,19660,0.1757868383404875,112,114,1.0178571428571428,0,NTP-newtaipei-idx5617-0-0|qp28
2.33,50.0,28.0,11.0,29,1.39,0.48,1.1701898899264132,19169,0.1713966380543622,112,114,1.0178571428571428,0,NTP-newtaipei-idx5617-0-0|qp28
2.62,50.0,31.0,13.0,15,1.39,0.48,1.234799020097891,20002,0.1590489821882957,124,126,1.0161290322580645,0,NTP-newtaipei-idx6820-0-0|qp31
2.62,50.0,31.0,14.0,1,1.39,0.48,1.1510701999070003,21510,0.1710400763358777,124,127,1.0241935483870968,0,NTP-newtaipei-idx6820-0-0|qp31
2.62,50.0,31.0,14.0,17,1.39,0.48,1.2262590070081778,20262,0.1611164122137407,124,126,1.0161290322580645,0,NTP-newtaipei-idx6820-0-0|qp31
2.9,50.0,35.0,11.0,3,1.39,0.48,1.1993564525785172,23386,0.1680028735632129,140,141,1.0071428571428571,0,NTP-newtaipei-idx7804-0-0|qp35
2.9,50.0,35.0,11.0,19,1.39,0.48,1.2332024721448442,22976,0.1650574712643635,140,141,1.0071428571428571,0,NTP-newtaipei-idx7804-0-0|qp35
1.91,50.0,10.0,9.0,5,1.39,0.48,1.2720814838300325,6308,0.0688045375218175,40,40,1.0,0,NTP-newtaipei-idx9858-0-0|qp10
1.91,50.0,10.0,9.0,21,1.39,0.48,1.2904153354632906,6260,0.0682809773123924,40,42,1.05,0,NTP-newtaipei-idx9858-0-0|qp10
1.707,50.0,8.0,7.0,7,1.39,0.48,1.2288373392956464,5367,0.0655023432923279,32,31,0.96875,0,NYC-nyc-110605-0-2|qp8
1.707,50.0,8.0,7.0,23,1.39,0.48,1.1937424767463063,5483,0.066918082405782,32,31,0.96875,0,NYC-nyc-110605-0-2|qp8
2.408,50.0,12.0,19.0,9,1.39,0.48,1.1854634865994635,8134,0.0703730620155028,48,48,1.0,0,NYC-nyc-17655-0-0|qp12
2.408,50.0,12.0,19.0,25,1.39,0.48,1.1994027795166924,7987,0.0691012596899215,48,49,1.0208333333333333,0,NYC-nyc-17655-0-0|qp12
2.408,50.0,29.0,11.0,11,1.39,0.48,1.175767928437851,19787,0.171191514396459,116,114,0.9827586206896552,0,NYC-nyc-17655-0-0|qp29
2.408,50.0,29.0,11.0,27,1.39,0.48,1.2105835010060513,19383,0.1676962209302355,116,116,1.0,0,NYC-nyc-17655-0-0|qp29
2.073,50.0,10.0,11.0,13,1.39,0.48,1.2210319963948044,6657,0.0669018330921376,40,40,1.0,0,NYC-nyc-199805-0-0|qp10
2.073,50.0,10.0,11.0,29,1.39,0.48,1.2274672291698394,6637,0.0667008361472908,40,39,0.975,0,NYC-nyc-199805-0-0|qp10
2.073,50.0,25.0,7.0,15,1.39,0.48,1.1904113829849852,16797,0.1688072841292792,100,99,0.99,0,NYC-nyc-199805-0-0|qp25
3.17,50.0,38.0,11.0,1,1.39,0.48,1.171803115930862,26188,0.172108307045215,152,154,1.013157894736842,0,NYC-nyc-20131-0-2|qp38
3.17,50.0,38.0,11.0,17,1.39,0.48,1.2408431436226823,24634,0.1618953732912714,152,154,1.013157894736842,0,NYC-nyc-20131-0-2|qp38
2.56,50.0,31.0,13.0,3,1.39,0.48,1.2046502458258346,20543,0.1671793619791666,124,124,1.0,0,NYC-nyc-214464-0-0|qp31
2.56,50.0,31.0,13.0,19,1.39,0.48,1.217540091216681,20391,0.1659423828125,124,122,0.9838709677419356,0,NYC-nyc-214464-0-0|qp31
2.56,50.0,31.0,14.0,5,1.39,0.48,1.2009141971722086,20652,0.16806640625,124,121,0.9758064516129032,0,NYC-nyc-214464-0-0|qp31
2.56,50.0,31.0,14.0,21,1.39,0.48,1.1671286295413696,21387,0.1740478515625,124,126,1.0161290322580645,0,NYC-nyc-214464-0-0|qp31
2.347,50.0,35.0,9.0,7,1.39,0.48,1.141345654993548,24672,0.2190029825308899,140,140,1.0,0,NYC-nyc-267383-0-0|qp35
2.347,50.0,35.0,9.0,23,1.39,0.48,1.100258600785031,25986,0.230666808691945,140,137,0.9785714285714284,0,NYC-nyc-267383-0-0|qp35
2.377,50.0,12.0,16.0,9,1.39,0.48,1.2383877603497129,7778,0.0681706633010788,48,49,1.0208333333333333,0,NYC-nyc-27695-0-3|qp12
2.377,50.0,12.0,16.0,25,1.39,0.48,1.1944938271604773,8100,0.0709928481278909,48,47,0.9791666666666666,0,NYC-nyc-27695-0-3|qp12
2.377,50.0,12.0,17.0,11,1.39,0.48,1.2392534108136175,7916,0.0693801710839985,48,47,0.9791666666666666,0,NYC-nyc-27695-0-3|qp12
2.377,50.0,12.0,17.0,27,1.39,0.48,1.1954733175767795,8039,0.0704582106296443,48,47,0.9791666666666666,0,NYC-nyc-27695-0-3|qp12
2.377,50.0,28.0,11.0,13,1.39,0.48,1.168130098089842,19370,0.1697693170663289,112,115,1.0267857142857142,0,NYC-nyc-27695-0-3|qp28
2.377,50.0,28.0,11.0,29,1.39,0.48,1.1826713661949746,19009,0.1666053148226056,112,116,1.0357142857142858,0,NYC-nyc-27695-0-3|qp28
1.676,50.0,8.0,7.0,15,1.39,0.48,1.2034600262122943,5341,0.066390712012731,32,32,1.0,0,NYC-nyc-46079-0-1|qp8
3.048,50.0,37.0,13.0,1,1.39,0.48,1.1666680935517095,25697,0.1756411307961572,148,150,1.0135135135135136,0,NYC-nyc-59808-0-1|qp37
3.048,50.0,37.0,13.0,17,1.39,0.48,1.205345782304677,24741,0.1691067913385861,148,146,0.9864864864864864,0,NYC-nyc-59808-0-1|qp37
3.048,50.0,37.0,14.0,3,1.39,0.48,1.173655058304519,25384,0.1735017497812817,148,151,1.0202702702702702,0,NYC-nyc-59808-0-1|qp37
3.048,50.0,37.0,14.0,19,1.39,0.48,1.1712396825396594,25200,0.1722440944881944,148,147,0.9932432432432432,0,NYC-nyc-59808-0-1|qp37
5.06,50.0,25.0,19.0,5,1.39,0.48,1.2402210046786244,16244,0.0668807641633732,100,100,1.0,0,NYC-nyc-62758-0-0|qp25
5.06,50.0,25.0,19.0,21,1.39,0.48,1.189471937414825,16873,0.0694705204216072,100,99,0.99,0,NYC-nyc-62758-0-0|qp25
5.06,50.0,61.0,9.0,7,1.39,0.48,1.070452490664359,45791,0.1885334321475643,244,238,0.9754098360655736,0,NYC-nyc-62758-0-0|qp61
5.06,50.0,61.0,9.0,23,1.39,0.48,1.0883152939105607,45456,0.1871541501976293,244,242,0.9918032786885246,0,NYC-nyc-62758-0-0|qp61
3.719,50.0,19.0,19.0,9,1.39,0.48,1.3075341289602511,11647,0.0652449135072166,76,78,1.0263157894736843,0,NYC-nyc-9648-0-0|qp19
3.719,50.0,19.0,19.0,25,1.39,0.48,1.1903951743870738,12931,0.0724377072689806,76,77,1.013157894736842,0,NYC-nyc-9648-0-0|qp19
3.719,50.0,45.0,11.0,11,1.39,0.48,1.1933188044831826,30514,0.1709352872636028,180,184,1.022222222222222,0,NYC-nyc-9648-0-0|qp45
3.719,50.0,45.0,11.0,27,1.39,0.48,1.1401007727976131,32350,0.1812203101192082,180,183,1.0166666666666666,0,NYC-nyc-9648-0-0|qp45
2.103,50.0,32.0,7.0,13,1.39,0.48,1.1393551547539371,22455,0.2224500713266733,128,130,1.015625,0,NYC-nyc-98749-0-2|qp32
2.103,50.0,32.0,7.0,29,1.39,0.48,1.0920828958972415,23813,0.2359030749722563,128,134,1.046875,0,NYC-nyc-98749-0-2|qp32
4.115,50.0,62.0,7.0,15,1.39,0.48,1.1359756378372363,43428,0.2198663426488441,248,242,0.9758064516129032,0,SEA-seattle-5423808-0-1|qp62
1.829,50.0,9.0,7.0,1,1.39,0.48,1.241846672283045,5935,0.0676029706579176,36,37,1.0277777777777777,0,SEA-seattle-5426480-0-0|qp9
1.829,50.0,9.0,7.0,17,1.39,0.48,1.2231657355679957,5907,0.0672840349917985,36,37,1.0277777777777777,0,SEA-seattle-5426480-0-0|qp9
2.54,50.0,38.0,11.0,3,1.39,0.48,1.174458451841058,26018,0.2134022309711335,152,152,1.0,0,SEA-seattle-5426595-0-0|qp38
2.54,50.0,38.0,11.0,19,1.39,0.48,1.1815048186708932,25837,0.2119176509186401,152,150,0.986842105263158,0,SEA-seattle-5426595-0-0|qp38
1.651,50.0,8.0,7.0,5,1.39,0.48,1.2582040341349576,5156,0.0650615788411043,32,32,1.0,0,SEA-seattle-5432169-0-1|qp8
1.651,50.0,8.0,7.0,21,1.39,0.48,1.2472020123838898,5168,0.0652130022208739,32,32,1.0,0,SEA-seattle-5432169-0-1|qp8
1.829,50.0,9.0,7.0,7,1.39,0.48,1.216505114875004,5963,0.0679219063240385,36,36,1.0,0,SEA-seattle-5433778-0-0|qp9
1.829,50.0,9.0,7.0,23,1.39,0.48,1.195083661417322,6096,0.0694368507381072,36,35,0.9722222222222222,0,SEA-seattle-5433778-0-0|qp9
2.438,50.0,37.0,11.0,9,1.39,0.48,1.16981718608398,25381,0.2168871342630663,148,154,1.0405405405405406,0,SEA-seattle-5434873-0-0|qp37
2.438,50.0,37.0,11.0,25,1.39,0.48,1.1154020081533975,26492,0.2263809133169345,148,150,1.0135135135135136,0,SEA-seattle-5434873-0-0|qp37
1.829,50.0,9.0,11.0,11,1.39,0.48,1.268129009883866,5767,0.0656893566611987,36,38,1.0555555555555556,0,SEA-seattle-5438086-0-1|qp9
1.829,50.0,9.0,11.0,27,1.39,0.48,1.2150126496879754,5929,0.0675346273008926,36,36,1.0,0,SEA-seattle-5438086-0-1|qp9
4.064,50.0,61.0,7.0,13,1.39,0.48,1.1226557548954004,43867,0.2248759432414696,244,248,1.0163934426229508,0,SEA-seattle-5445989-0-0|qp61
4.064,50.0,61.0,7.0,29,1.39,0.48,1.121001316610058,43293,0.2219334399606284,244,247,1.0122950819672132,0,SEA-seattle-5445989-0-0|qp61
1.829,50.0,9.0,7.0,15,1.39,0.48,1.2110312345067042,6051,0.0689242755604153,36,37,1.0277777777777777,0,SEA-seattle-5449118-0-0|qp9
1.829,50.0,22.0,7.0,1,1.39,0.48,1.1260587569200136,15896,0.1810643338800781,88,91,1.0340909090909092,0,SEA-seattle-5449903-0-0|qp22
1.829,50.0,22.0,7.0,17,1.39,0.48,1.126214361469872,16029,0.1825792782941461,88,89,1.0113636363636365,0,SEA-seattle-5449903-0-0|qp22
1.829,50.0,9.0,9.0,3,1.39,0.48,1.1913956133225092,6155,0.0701088937488599,36,36,1.0,0,SEA-seattle-5449903-0-0|qp9
1.829,50.0,9.0,9.0,19,1.39,0.48,1.3005462794918654,5510,0.0627619828685988,36,36,1.0,0,SEA-seattle-5449903-0-0|qp9
2.438,50.0,12.0,19.0,5,1.39,0.48,1.262537450722667,7610,0.0650293956795198,48,49,1.0208333333333333,0,SEA-seattle-5452128-0-1|qp12
2.438,50.0,12.0,19.0,21,1.39,0.48,1.2287980708211828,7879,0.0673280694558398,48,48,1.0,0,SEA-seattle-5452128-0-1|qp12
2.438,50.0,29.0,13.0,7,1.39,0.48,1.126287422239408,20576,0.175827180749253,116,114,0.9827586206896552,0,SEA-seattle-5452128-0-1|qp29
2.438,50.0,29.0,13.0,23,1.39,0.48,1.125061400116037,20684,0.1767500683620502,116,117,1.0086206896551724,0,SEA-seattle-5452128-0-1|qp29
2.438,50.0,29.0,14.0,9,1.39,0.48,1.167533367037411,19780,0.1690251572327077,116,116,1.0,0,SEA-seattle-5452128-0-1|qp29
2.438,50.0,29.0,14.0,25,1.39,0.48,1.141685810645634,20459,0.1748273858353883,116,119,1.0258620689655171,0,SEA-seattle-5452128-0-1|qp29
1.829,50.0,22.0,9.0,11,1.39,0.48,1.143708043065155,15790,0.1798569345726231,88,89,1.0113636363636365,0,SEA-seattle-5453813-0-0|qp22
1.829,50.0,22.0,9.0,27,1.39,0.48,1.1079922015225758,16157,0.1840372699106967,88,89,1.0113636363636365,0,SEA-seattle-5453813-0-0|qp22
1.829,50.0,9.0,9.0,13,1.39,0.48,1.1700906056271203,6291,0.0716580098414427,36,37,1.0277777777777777,0,SEA-seattle-5453813-0-0|qp9
1.829,50.0,9.0,9.0,29,1.39,0.48,1.2064683648315842,6085,0.0693115545835607,36,36,1.0,0,SEA-seattle-5453813-0-0|qp9
2.591,50.0,31.0,13.0,15,1.39,0.48,1.235141627464632,19982,0.1606683391226012,124,125,1.0080645161290325,0,SEA-seattle-5454776-0-1|qp31
2.591,50.0,31.0,14.0,1,1.39,0.48,1.152035295752471,21589,0.173589669368325,124,128,1.032258064516129,0,SEA-seattle-5454776-0-1|qp31
2.591,50.0,31.0,14.0,17,1.39,0.48,1.2230152503309464,20393,0.1639730477293157,124,128,1.032258064516129,0,SEA-seattle-5454776-0-1|qp31
1.8,50.0,22.0,7.0,3,1.39,0.48,1.0879427603315697,16527,0.1912847222222277,88,87,0.9886363636363636,0,TAO-taoyuan-idx10181-0-0|qp22
1.8,50.0,22.0,7.0,19,1.39,0.48,1.0935845078905553,16602,0.1921527777777837,88,90,1.0227272727272727,0,TAO-taoyuan-idx10181-0-0|qp22
1.8,50.0,9.0,7.0,5,1.39,0.48,1.249446237472381,5887,0.0681365740740739,36,35,0.9722222222222222,0,TAO-taoyuan-idx10181-0-0|qp9
1.8,50.0,9.0,7.0,21,1.39,0.48,1.2099967137693224,6086,0.0704398148148146,36,36,1.0,0,TAO-taoyuan-idx10181-0-0|qp9
3.0,50.0,36.0,11.0,7,1.39,0.48,1.133341021932076,25579,0.1776319444444431,144,142,0.9861111111111112,0,TAO-taoyuan-idx158-0-0|qp36
3.0,50.0,36.0,11.0,23,1.39,0.48,1.1564238199561727,25105,0.1743402777777777,144,143,0.9930555555555556,0,TAO-taoyuan-idx158-0-0|qp36
2.4,50.0,12.0,16.0,9,1.39,0.48,1.234747616020372,7865,0.0682725694444442,48,48,1.0,0,TAO-taoyuan-idx3410-0-9|qp12
2.4,50.0,12.0,16.0,25,1.39,0.48,1.2152698773858803,7911,0.0686718750000001,48,48,1.0,0,TAO-taoyuan-idx3410-0-9|qp12
2.4,50.0,12.0,17.0,11,1.39,0.48,1.269667103538742,7630,0.0662326388888886,48,49,1.0208333333333333,0,TAO-taoyuan-idx3410-0-9|qp12
2.4,50.0,12.0,17.0,27,1.39,0.48,1.2378712935387424,7723,0.0670399305555551,48,46,0.9583333333333334,0,TAO-taoyuan-idx3410-0-9|qp12
2.4,50.0,29.0,11.0,13,1.39,0.48,1.1615707986772077,19958,0.1732465277777776,116,119,1.0258620689655171,0,TAO-taoyuan-idx3410-0-9|qp29
2.4,50.0,29.0,11.0,29,1.39,0.48,1.142579834417514,20292,0.1761458333333322,116,116,1.0,0,TAO-taoyuan-idx3410-0-9|qp29
2.04,50.0,10.0,9.0,15,1.39,0.48,1.2453140761118782,6543,0.0668198529411767,40,40,1.0,0,TAO-taoyuan-idx3430-0-3|qp10
2.04,50.0,24.0,9.0,1,1.39,0.48,1.1149791058446976,17469,0.1784007352941176,96,99,1.03125,0,TAO-taoyuan-idx3430-0-3|qp24
2.04,50.0,24.0,9.0,17,1.39,0.48,1.1326415094339517,17225,0.1759089052287579,96,97,1.0104166666666667,0,TAO-taoyuan-idx3430-0-3|qp24
1.87,50.0,22.0,7.0,3,1.39,0.48,1.145403853515339,15674,0.1746212121212123,88,88,1.0,0,TAO-taoyuan-idx5160-0-0|qp22
1.87,50.0,22.0,7.0,19,1.39,0.48,1.1465915781389713,15626,0.1740864527629247,88,89,1.0113636363636365,0,TAO-taoyuan-idx5160-0-0|qp22
1.87,50.0,9.0,9.0,5,1.39,0.48,1.2973850831693694,5591,0.0622883244206767,36,35,0.9722222222222222,0,TAO-taoyuan-idx5160-0-0|qp9
1.87,50.0,9.0,9.0,21,1.39,0.48,1.2294910179640888,6012,0.0669786096256681,36,36,1.0,0,TAO-taoyuan-idx5160-0-0|qp9
6.92,50.0,35.0,13.0,7,1.39,0.48,1.154299745212408,24334,0.073259874759151,140,139,0.9928571428571428,0,TAO-taoyuan-idx531-0-1|qp35
6.92,50.0,35.0,13.0,23,1.39,0.48,1.128470307845128,25175,0.0757917870905579,140,139,0.9928571428571428,0,TAO-taoyuan-idx531-0-1|qp35
6.92,50.0,35.0,14.0,9,1.39,0.48,1.176944746301036,23926,0.0720315510597287,140,140,1.0,0,TAO-taoyuan-idx531-0-1|qp35
6.92,50.0,35.0,14.0,25,1.39,0.48,1.1302067904981108,24711,0.0743948699421957,140,139,0.9928571428571428,0,TAO-taoyuan-idx531-0-1|qp35
6.92,50.0,83.0,11.0,11,1.39,0.48,0.9002993913697995,73115,0.2201198217726399,332,319,0.960843373493976,0,TAO-taoyuan-idx531-0-1|qp83
6.92,50.0,83.0,11.0,27,1.39,0.48,1.029493718240466,64154,0.1931418593448945,332,339,1.0210843373493976,0,TAO-taoyuan-idx531-0-1|qp83
2.6,50.0,31.0,13.0,13,1.39,0.48,1.1690688733648833,21329,0.1709054487179447,124,124,1.0,0,TAO-taoyuan-idx5379-0-4|qp31
2.6,50.0,31.0,13.0,29,1.39,0.48,1.1554335818834935,21726,0.1740865384615336,124,125,1.0080645161290325,0,TAO-taoyuan-idx5379-0-4|qp31
2.6,50.0,31.0,14.0,15,1.39,0.48,1.2388910038067615,19964,0.1599679487179446,124,126,1.0161290322580645,0,TAO-taoyuan-idx5379-0-4|qp31
2.28,50.0,34.0,9.0,1,1.39,0.48,1.125162312281399,24305,0.2220851608187156,136,138,1.0147058823529411,0,TAO-taoyuan-idx578-0-8|qp34
2.28,50.0,34.0,9.0,17,1.39,0.48,1.1816840142249678,23058,0.2106907894736883,136,135,0.9926470588235294,0,TAO-taoyuan-idx578-0-8|qp34
2.3,50.0,12.0,16.0,3,1.39,0.48,1.182189745463453,8211,0.0743749999999975,48,49,1.0208333333333333,0,TAO-taoyuan-idx6720-0-3|qp12
2.3,50.0,12.0,16.0,19,1.39,0.48,1.2276009256878575,7778,0.0704528985507224,48,47,0.9791666666666666,0,TAO-taoyuan-idx6720-0-3|qp12
2.3,50.0,12.0,17.0,5,1.39,0.48,1.2017089868060424,8034,0.0727717391304323,48,48,1.0,0,TAO-taoyuan-idx6720-0-3|qp12
2.3,50.0,12.0,17.0,21,1.39,0.48,1.2350931677018735,7889,0.0714583333333311,48,50,1.0416666666666667,0,TAO-taoyuan-idx6720-0-3|qp12
2.3,50.0,28.0,11.0,7,1.39,0.48,1.1265239525530577,19643,0.1779257246376802,112,110,0.9821428571428572,0,TAO-taoyuan-idx6720-0-3|qp28
2.3,50.0,28.0,11.0,23,1.39,0.48,1.1385911657926675,19832,0.1796376811594198,112,115,1.0267857142857142,0,TAO-taoyuan-idx6720-0-3|qp28
2.23,50.0,11.0,11.0,9,1.39,0.48,1.2625202789241048,7027,0.0656483557548562,44,43,0.9772727272727272,0,TAO-taoyuan-idx7044-0-7|qp11
2.23,50.0,11.0,11.0,25,1.39,0.48,1.2421996380342124,7183,0.0671057548579946,44,43,0.9772727272727272,0,TAO-taoyuan-idx7044-0-7|qp11
2.23,50.0,27.0,11.0,11,1.39,0.48,1.1742778109236331,18437,0.1722440209267559,108,110,1.0185185185185186,0,TAO-taoyuan-idx7044-0-7|qp27
2.23,50.0,27.0,11.0,27,1.39,0.48,1.1740657337408396,18651,0.1742432735426003,108,109,1.0092592592592593,0,TAO-taoyuan-idx7044-0-7|qp27
1.97,50.0,10.0,9.0,13,1.39,0.48,1.2345128593041097,6610,0.0699027072758045,40,40,1.0,0,TAO-taoyuan-idx718-0-1|qp10
1.97,50.0,10.0,9.0,29,1.39,0.48,1.2680492035956803,6341,0.067057952622673,40,39,0.975,0,TAO-taoyuan-idx718-0-1|qp10
1.97,50.0,24.0,7.0,15,1.39,0.48,1.1752398211912405,16554,0.1750634517766511,96,98,1.0208333333333333,0,TAO-taoyuan-idx718-0-1|qp24
3.07,50.0,37.0,13.0,1,1.39,0.48,1.1596652280414863,25719,0.1745317589576549,148,148,1.0,0,TAO-taoyuan-idx9038-0-2|qp37
3.07,50.0,37.0,13.0,17,1.39,0.48,1.218131590733346,24561,0.166673452768728,148,145,0.9797297297297296,0,TAO-taoyuan-idx9038-0-2|qp37
3.07,50.0,37.0,14.0,3,1.39,0.48,1.175303270251091,25258,0.1714033659066226,148,149,1.0067567567567568,0,TAO-taoyuan-idx9038-0-2|qp37
3.07,50.0,37.0,14.0,19,1.39,0.48,1.208096364897345,24511,0.1663341476655799,148,148,1.0,0,TAO-taoyuan-idx9038-0-2|qp37
2.69,50.0,40.0,11.0,5,1.39,0.48,1.186711576290614,26943,0.2086663568773203,160,159,0.99375,0,TPE-taipei-idx11047-0-0|qp40
2.69,50.0,40.0,11.0,21,1.39,0.48,1.1690952311293024,27344,0.2117719950433661,160,162,1.0125,0,TPE-taipei-idx11047-0-0|qp40
1.99,50.0,10.0,11.0,7,1.39,0.48,1.224916730328459,6545,0.0685196817420437,40,42,1.05,0,TPE-taipei-idx14193-0-0|qp10
1.99,50.0,10.0,11.0,23,1.39,0.48,1.1662624821683398,7010,0.0733877721943042,40,40,1.0,0,TPE-taipei-idx14193-0-0|qp10
1.99,50.0,24.0,7.0,9,1.39,0.48,1.1267745284650612,17337,0.1815012562814037,96,94,0.9791666666666666,0,TPE-taipei-idx14193-0-0|qp24
1.99,50.0,24.0,7.0,25,1.39,0.48,1.1356435185184997,17280,0.180904522613062,96,98,1.0208333333333333,0,TPE-taipei-idx14193-0-0|qp24
2.36,50.0,12.0,16.0,11,1.39,0.48,1.2793935381356545,7552,0.0666666666666659,48,48,1.0,0,TPE-taipei-idx15074-0-0|qp12
2.36,50.0,12.0,16.0,27,1.39,0.48,1.2132289579158149,7984,0.0704802259887004,48,48,1.0,0,TPE-taipei-idx15074-0-0|qp12
2.36,50.0,12.0,17.0,13,1.39,0.48,1.2139886863607725,7955,0.0702242231638417,48,49,1.0208333333333333,0,TPE-taipei-idx15074-0-0|qp12
2.36,50.0,12.0,17.0,29,1.39,0.48,1.23134211873083,7816,0.0689971751412427,48,47,0.9791666666666666,0,TPE-taipei-idx15074-0-0|qp12
2.36,50.0,28.0,11.0,15,1.39,0.48,1.210214534727773,18645,0.1645921610169475,112,111,0.9910714285714286,0,TPE-taipei-idx15074-0-0|qp28
2.48,50.0,37.0,11.0,1,1.39,0.48,1.1373392789373546,26350,0.2213541666666674,148,152,1.027027027027027,0,TPE-taipei-idx15608-0-1|qp37
2.48,50.0,37.0,11.0,17,1.39,0.48,1.184658856235122,25180,0.211525537634411,148,147,0.9932432432432432,0,TPE-taipei-idx15608-0-1|qp37
1.96,50.0,10.0,11.0,3,1.39,0.48,1.2128240527688614,6519,0.0692920918367341,40,40,1.0,0,TPE-taipei-idx1592-0-2|qp10
1.96,50.0,10.0,11.0,19,1.39,0.48,1.2372669491525696,6608,0.0702380952380947,40,39,0.975,0,TPE-taipei-idx1592-0-2|qp10
1.96,50.0,24.0,7.0,5,1.39,0.48,1.1210779484207527,17255,0.1834077380952438,96,92,0.9583333333333334,0,TPE-taipei-idx1592-0-2|qp24
1.96,50.0,24.0,7.0,21,1.39,0.48,1.1700243057665871,16457,0.1749255952380999,96,94,0.9791666666666666,0,TPE-taipei-idx1592-0-2|qp24
2.05,50.0,10.0,9.0,7,1.39,0.48,1.220439127801302,6604,0.0671138211382113,40,43,1.075,0,TPE-taipei-idx326-0-1|qp10
2.05,50.0,10.0,9.0,23,1.39,0.48,1.1731339401820615,6921,0.0703353658536588,40,40,1.0,0,TPE-taipei-idx326-0-1|qp10
2.05,50.0,25.0,7.0,9,1.39,0.48,1.14797291196385,17720,0.1800813008130093,100,100,1.0,0,TPE-taipei-idx326-0-1|qp25
2.05,50.0,25.0,7.0,25,1.39,0.48,1.1432040270747152,17581,0.178668699186993,100,103,1.03,0,TPE-taipei-idx326-0-1|qp25
3.54,50.0,18.0,19.0,11,1.39,0.48,1.2827415789938583,11311,0.0665666195856884,72,71,0.9861111111111112,0,TPE-taipei-idx4344-0-0|qp18
3.54,50.0,18.0,19.0,27,1.39,0.48,1.2567591872027908,11565,0.0680614406779668,72,72,1.0,0,TPE-taipei-idx4344-0-0|qp18
3.54,50.0,42.0,11.0,13,1.39,0.48,1.157410855376114,29110,0.1713159133709984,168,173,1.0297619047619049,0,TPE-taipei-idx4344-0-0|qp42
3.54,50.0,42.0,11.0,29,1.39,0.48,1.1828144802716958,28563,0.1680967514124288,168,170,1.011904761904762,0,TPE-taipei-idx4344-0-0|qp42
2.06,50.0,10.0,11.0,15,1.39,0.48,1.2867562838052915,6286,0.0635720064724908,40,42,1.05,0,TPE-taipei-idx674-0-1|qp10
2.06,50.0,25.0,7.0,1,1.39,0.48,1.1514303703279871,17471,0.1766889158576037,100,96,0.96,0,TPE-taipei-idx674-0-1|qp25
2.06,50.0,25.0,7.0,17,1.39,0.48,1.1721893830703405,17425,0.1762237055016179,100,101,1.01,0,TPE-taipei-idx674-0-1|qp25
2.99,50.0,45.0,11.0,3,1.39,0.48,1.144910463316711,31663,0.2206173355629912,180,178,0.9888888888888888,0,TPE-taipei-idx813-0-1|qp45
2.99,50.0,45.0,11.0,19,1.39,0.48,1.1977467498009982,30152,0.2100891861761458,180,181,1.0055555555555555,0,TPE-taipei-idx813-0-1|qp45
3.55,50.0,18.0,19.0,5,1.39,0.48,1.2837484299300597,11146,0.0654107981220646,72,72,1.0,0,TPE-taipei-idx9453-0-1|qp18
3.55,50.0,18.0,19.0,21,1.39,0.48,1.2142783330509994,11806,0.069284037558685,72,72,1.0,0,TPE-taipei-idx9453-0-1|qp18
3.55,50.0,43.0,11.0,7,1.39,0.48,1.1232331680119223,30849,0.1810387323943694,172,171,0.994186046511628,0,TPE-taipei-idx9453-0-1|qp43
3.55,50.0,43.0,11.0,23,1.39,0.48,1.1496450464703685,30342,0.1780633802816927,172,174,1.0116279069767442,0,TPE-taipei-idx9453-0-1|qp43
2.098,50.0,10.0,11.0,14,1.39,0.48,1.2307505686125704,6595,0.0654889577375287,40,40,1.0,0,AMS-amsterdam-chain-141619-0|qp10
2.098,50.0,25.0,9.0,0,1.39,0.48,1.0908546871663745,18732,0.1860104861773098,100,99,0.99,0,AMS-amsterdam-chain-141619-0|qp25
2.098,50.0,25.0,9.0,16,1.39,0.48,1.1709221952066904,17274,0.1715324118207803,100,99,0.99,0,AMS-amsterdam-chain-141619-0|qp25
3.89,50.0,19.0,19.0,2,1.39,0.48,1.2543625040970876,12204,0.0653598971722344,76,77,1.013157894736842,0,AMS-amsterdam-chain-158080-0|qp19
3.89,50.0,19.0,19.0,18,1.39,0.48,1.221023396466654,12566,0.0672986289631515,76,75,0.986842105263158,0,AMS-amsterdam-chain-158080-0|qp19
3.89,50.0,47.0,13.0,4,1.39,0.48,1.132536073196265,33335,0.1785293487574956,188,188,1.0,0,AMS-amsterdam-chain-158080-0|qp47
3.89,50.0,47.0,13.0,20,1.39,0.48,1.1454857733463395,32896,0.1761782347900576,188,187,0.9946808510638298,0,AMS-amsterdam-chain-158080-0|qp47
3.89,50.0,47.0,14.0,6,1.39,0.48,1.0941786969529042,34427,0.1843776778063399,188,189,1.00531914893617,0,AMS-amsterdam-chain-158080-0|qp47
3.89,50.0,47.0,14.0,22,1.39,0.48,1.108621361516267,33874,0.1814160239931438,188,184,0.9787234042553192,0,AMS-amsterdam-chain-158080-0|qp47
2.267,50.0,11.0,9.0,8,1.39,0.48,1.1481144781144836,7722,0.0709638288486993,44,43,0.9772727272727272,0,AMS-amsterdam-chain-166482-0|qp11
2.267,50.0,11.0,9.0,24,1.39,0.48,1.244759479343538,7068,0.0649536832818713,44,44,1.0,0,AMS-amsterdam-chain-166482-0|qp11
2.267,50.0,27.0,9.0,10,1.39,0.48,1.0776078064166144,20291,0.1864707395971125,108,106,0.9814814814814816,0,AMS-amsterdam-chain-166482-0|qp27
2.267,50.0,27.0,9.0,26,1.39,0.48,1.140318684826555,18796,0.1727319511836446,108,109,1.0092592592592593,0,AMS-amsterdam-chain-166482-0|qp27
2.796,50.0,14.0,19.0,12,1.39,0.48,1.2775667010191127,8733,0.0650706366237482,56,56,1.0,0,AMS-amsterdam-chain-22812-0|qp14
2.796,50.0,14.0,19.0,28,1.39,0.48,1.2056749757203116,9267,0.0690495350500712,56,55,0.9821428571428572,0,AMS-amsterdam-chain-22812-0|qp14
2.796,50.0,34.0,11.0,14,1.39,0.48,1.184763779527511,22860,0.1703326180257495,136,135,0.9926470588235294,0,AMS-amsterdam-chain-22812-0|qp34
2.575,50.0,13.0,19.0,0,1.39,0.48,1.1235830066744503,9439,0.0763673139158569,52,53,1.0192307692307692,0,AMS-amsterdam-chain-32802-0|qp13
2.575,50.0,13.0,19.0,16,1.39,0.48,1.2387857394987196,8499,0.0687621359223301,52,51,0.9807692307692308,0,AMS-amsterdam-chain-32802-0|qp13
2.575,50.0,31.0,13.0,2,1.39,0.48,1.1228950320872164,22283,0.1802831715210348,124,125,1.0080645161290325,0,AMS-amsterdam-chain-32802-0|qp31
2.575,50.0,31.0,13.0,18,1.39,0.48,1.1572554588202335,21479,0.1737783171521019,124,123,0.9919354838709676,0,AMS-amsterdam-chain-32802-0|qp31
2.575,50.0,31.0,14.0,4,1.39,0.48,1.1817310476901803,21409,0.1732119741100319,124,126,1.0161290322580645,0,AMS-amsterdam-chain-32802-0|qp31
2.575,50.0,31.0,14.0,20,1.39,0.48,1.19688428722081,20862,0.1687864077669884,124,127,1.0241935483870968,0,AMS-amsterdam-chain-32802-0|qp31
2.482,50.0,12.0,19.0,6,1.39,0.48,1.2803014065640466,7465,0.0626594816008603,48,49,1.0208333333333333,0,AMS-amsterdam-chain-44642-0|qp12
2.482,50.0,12.0,19.0,22,1.39,0.48,1.287533954727049,7510,0.0630372011818435,48,50,1.0416666666666667,0,AMS-amsterdam-chain-44642-0|qp12
2.482,50.0,30.0,13.0,8,1.39,0.48,1.1472255079652918,20966,0.1759837496642506,120,121,1.0083333333333333,0,AMS-amsterdam-chain-44642-0|qp30
2.482,50.0,30.0,13.0,24,1.39,0.48,1.212371092572076,19898,0.1670192049422525,120,120,1.0,0,AMS-amsterdam-chain-44642-0|qp30
2.482,50.0,30.0,14.0,10,1.39,0.48,1.1569180941413697,20841,0.1749345286059636,120,116,0.9666666666666668,0,AMS-amsterdam-chain-44642-0|qp30
2.482,50.0,30.0,14.0,26,1.39,0.48,1.1662092899092151,20603,0.1729368117109873,120,120,1.0,0,AMS-amsterdam-chain-44642-0|qp30
2.166,50.0,11.0,13.0,12,1.39,0.48,1.2951232317340131,6857,0.0659529855340106,44,45,1.0227272727272727,0,AMS-amsterdam-chain-45268-50|qp11
2.166,50.0,11.0,13.0,28,1.39,0.48,1.2134609536973116,7235,0.0695887196060335,44,45,1.0227272727272727,0,AMS-amsterdam-chain-45268-50|qp11
2.166,50.0,11.0,14.0,14,1.39,0.48,1.2353755706183092,7229,0.0695310095413968,44,44,1.0,0,AMS-amsterdam-chain-45268-50|qp11
2.166,50.0,26.0,9.0,0,1.39,0.48,1.0875331864077178,19511,0.1876635118497977,104,105,1.0096153846153846,0,AMS-amsterdam-chain-45268-50|qp26
2.166,50.0,26.0,9.0,16,1.39,0.48,1.1646122583479714,18208,0.1751308094798402,104,104,1.0,0,AMS-amsterdam-chain-45268-50|qp26
1.662,50.0,20.0,11.0,2,1.39,0.48,1.2191282981779958,13227,0.1658017448856779,80,79,0.9875,0,AMS-amsterdam-chain-79104-0|qp20
1.662,50.0,20.0,11.0,18,1.39,0.48,1.2102571985602588,13336,0.1671680705976711,80,81,1.0125,0,AMS-amsterdam-chain-79104-0|qp20
1.662,50.0,8.0,11.0,4,1.39,0.48,1.2657731354939856,5122,0.0642047733654237,32,31,0.96875,0,AMS-amsterdam-chain-79104-0|qp8
1.662,50.0,8.0,11.0,20,1.39,0.48,1.2858011928429665,5030,0.0630515443241085,32,33,1.03125,0,AMS-amsterdam-chain-79104-0|qp8
2.408,50.0,43.3,7.0,6,1.39,0.48,1.194317962170467,28972,0.2506575304540393,172,171,0.994186046511628,0,DC-012|qp43.3
2.408,50.0,43.3,7.0,22,1.39,0.48,1.151115425111931,30392,0.2629429678848229,172,173,1.005813953488372,0,DC-012|qp43.3
3.719,50.0,66.9,7.0,8,1.39,0.48,1.0333460670256138,51831,0.2903502285560623,268,263,0.9813432835820896,0,DC-015|qp66.9
3.719,50.0,66.9,7.0,24,1.39,0.48,1.11479973776426,48811,0.2734325983687382,268,268,1.0,0,DC-015|qp66.9
2.722,50.0,49.0,9.0,10,1.39,0.48,1.1490456191165188,34525,0.2642435096742573,196,197,1.0051020408163265,0,DC-048|qp49.0
2.722,50.0,49.0,9.0,26,1.39,0.48,1.1509482377232405,33905,0.2594982243448433,196,196,1.0,0,DC-048|qp49.0
3.609,50.0,65.0,7.0,12,1.39,0.48,1.118930477844282,46647,0.2692747298420569,260,255,0.9807692307692308,0,DC-051|qp65.0
3.609,50.0,65.0,7.0,28,1.39,0.48,1.0816504550387198,47908,0.2765539854068514,260,260,1.0,0,DC-051|qp65.0
2.48,50.0,44.6,9.0,14,1.39,0.48,1.146293688388198,31244,0.2624663978494643,178,182,1.0224719101123596,0,DC-066|qp44.6
3.54,50.0,63.7,7.0,0,1.39,0.48,1.0563441534027354,47874,0.2817443502824879,254,257,1.0118110236220472,0,DC-069|qp63.7
3.54,50.0,63.7,7.0,16,1.39,0.48,1.0676654841404056,47920,0.2820150659133714,254,248,0.9763779527559056,0,DC-069|qp63.7
2.46,50.0,44.3,9.0,2,1.39,0.48,1.1456139497161892,30825,0.2610518292682954,178,178,1.0,0,DC-084|qp44.3
2.46,50.0,44.3,9.0,18,1.39,0.48,1.1172289836888538,31880,0.2699864498644997,178,180,1.0112359550561798,0,DC-084|qp44.3
4.98,50.0,89.6,7.0,4,1.39,0.48,0.9599616623843124,73557,0.3077183734939869,358,352,0.9832402234636872,0,DC-087|qp89.6
4.98,50.0,89.6,7.0,20,1.39,0.48,0.9788677016073958,72790,0.3045097054886322,358,347,0.9692737430167596,0,DC-087|qp89.6
2.438,50.0,43.9,7.0,6,1.39,0.48,1.1688953758376233,30146,0.2576052775499098,176,174,0.9886363636363636,0,DC-099|qp43.9
2.438,50.0,43.9,7.0,22,1.39,0.48,1.1694009566221104,30315,0.259049425758822,176,175,0.9943181818181818,0,DC-099|qp43.9
2.4,50.0,43.2,9.0,8,1.39,0.48,1.1324144344024811,30649,0.2660503472222211,174,176,1.011494252873563,0,DC-114|qp43.2
2.4,50.0,43.2,9.0,24,1.39,0.48,1.1626250589106306,29706,0.2578645833333324,174,174,1.0,0,DC-114|qp43.2
1.697,50.0,8.0,7.0,10,1.39,0.48,1.234234285714245,5250,0.0644519740718898,32,32,1.0,0,MEL-melbourne-1389612-0-2|qp8
1.697,50.0,8.0,7.0,26,1.39,0.48,1.2483377913641291,5234,0.064255549008052,32,33,1.03125,0,MEL-melbourne-1389612-0-2|qp8
2.722,50.0,33.0,13.0,12,1.39,0.48,1.2103282107076376,22059,0.1688326598089635,132,131,0.9924242424242424,0,MEL-melbourne-1389823-0-3|qp33
2.722,50.0,33.0,13.0,28,1.39,0.48,1.2241365813225218,21716,0.1662074455057577,132,133,1.0075757575757576,0,MEL-melbourne-1389823-0-3|qp33
2.722,50.0,33.0,14.0,14,1.39,0.48,1.1518791509310728,23037,0.1763179647318122,132,130,0.9848484848484848,0,MEL-melbourne-1389823-0-3|qp33
2.156,50.0,11.0,13.0,0,1.39,0.48,1.214019106566198,7432,0.0718150896722338,44,43,0.9772727272727272,0,MEL-melbourne-1434605-0-0|qp11
2.156,50.0,11.0,13.0,16,1.39,0.48,1.2552682648401998,7008,0.0677179962894257,44,45,1.0227272727272727,0,MEL-melbourne-1434605-0-0|qp11
2.156,50.0,11.0,14.0,2,1.39,0.48,1.2338946051168076,7192,0.0694959802102679,44,42,0.9545454545454546,0,MEL-melbourne-1434605-0-0|qp11
2.156,50.0,11.0,14.0,18,1.39,0.48,1.2142300811889264,7267,0.0702207019171313,44,44,1.0,0,MEL-melbourne-1434605-0-0|qp11
2.156,50.0,26.0,9.0,4,1.39,0.48,1.193845802919708,17536,0.1694495980210295,104,104,1.0,0,MEL-melbourne-1434605-0-0|qp26
2.156,50.0,26.0,9.0,20,1.39,0.48,1.1755342419653738,17829,0.1722808441558443,104,105,1.0096153846153846,0,MEL-melbourne-1434605-0-0|qp26
1.749,50.0,9.0,7.0,6,1.39,0.48,1.2934458859072602,5627,0.0670263960358306,36,36,1.0,0,MEL-melbourne-1465622-0-2|qp9
1.749,50.0,9.0,7.0,22,1.39,0.48,1.2550921301876956,5807,0.0691704783685921,36,36,1.0,0,MEL-melbourne-1465622-0-2|qp9
2.348,50.0,12.0,13.0,8,1.39,0.48,1.2319219876415843,7768,0.0689239068710955,48,47,0.9791666666666666,0,MEL-melbourne-1465759-0-1|qp12
2.348,50.0,12.0,13.0,24,1.39,0.48,1.287616145198499,7383,0.0655078790459961,48,49,1.0208333333333333,0,MEL-melbourne-1465759-0-1|qp12
2.348,50.0,12.0,14.0,10,1.39,0.48,1.2556440281030412,7686,0.0681963373083473,48,48,1.0,0,MEL-melbourne-1465759-0-1|qp12
2.348,50.0,12.0,14.0,26,1.39,0.48,1.2358015559240356,7841,0.0695716212379325,48,47,0.9791666666666666,0,MEL-melbourne-1465759-0-1|qp12
2.348,50.0,28.0,11.0,12,1.39,0.48,1.1677264190317682,19168,0.1700738216922212,112,113,1.0089285714285714,0,MEL-melbourne-1465759-0-1|qp28
2.348,50.0,28.0,11.0,28,1.39,0.48,1.1607718466612915,19408,0.1722032935831886,112,114,1.0178571428571428,0,MEL-melbourne-1465759-0-1|qp28
1.83,50.0,9.0,9.0,14,1.39,0.48,1.1824419561995685,6073,0.0691370673952623,36,36,1.0,0,MEL-melbourne-1477330-0-0|qp9
5.175,50.0,26.0,19.0,0,1.39,0.48,1.156175353624418,18169,0.0731441223832522,104,107,1.0288461538461535,0,MEL-melbourne-1515142-0-0|qp26
5.175,50.0,26.0,19.0,16,1.39,0.48,1.2678138488662525,16449,0.0662198067632851,104,102,0.9807692307692308,0,MEL-melbourne-1515142-0-0|qp26
5.175,50.0,62.0,7.0,2,1.39,0.48,1.0309342488984012,48349,0.1946417069243175,248,245,0.9879032258064516,0,MEL-melbourne-1515142-0-0|qp62
5.175,50.0,62.0,7.0,18,1.39,0.48,1.094807019873531,45186,0.1819082125603889,248,249,1.0040322580645162,0,MEL-melbourne-1515142-0-0|qp62
1.844,50.0,22.0,7.0,4,1.39,0.48,1.1668941404985689,15445,0.1744961135213302,88,88,1.0,0,MEL-melbourne-RPSP02B11034-0-0|qp22
1.844,50.0,22.0,7.0,20,1.39,0.48,1.135251684250639,15734,0.1777612075198848,88,85,0.9659090909090908,0,MEL-melbourne-RPSP02B11034-0-0|qp22
1.844,50.0,9.0,11.0,6,1.39,0.48,1.277001553599198,5793,0.0654487527114986,36,36,1.0,0,MEL-melbourne-RPSP02B11034-0-0|qp9
1.844,50.0,9.0,11.0,22,1.39,0.48,1.2467152908872523,5827,0.0658328814172112,36,38,1.0555555555555556,0,MEL-melbourne-RPSP02B11034-0-0|qp9
3.609,50.0,54.0,11.0,8,1.39,0.48,1.066372153286557,40134,0.2316777500692713,216,215,0.9953703703703703,0,MEL-melbourne-RPSP03A10530L1-0-0|qp54
3.609,50.0,54.0,11.0,24,1.39,0.48,1.164477082332897,37482,0.2163688002216668,216,217,1.0046296296296295,0,MEL-melbourne-RPSP03A10530L1-0-0|qp54
3.194,50.0,38.0,13.0,10,1.39,0.48,1.171675683972235,26061,0.1699866938008792,152,153,1.006578947368421,0,MEL-melbourne-RPSP03A11034L1-0-0|qp38
3.194,50.0,38.0,13.0,26,1.39,0.48,1.1873804189757633,25443,0.1659556981840982,152,156,1.0263157894736843,0,MEL-melbourne-RPSP03A11034L1-0-0|qp38
3.194,50.0,38.0,14.0,12,1.39,0.48,1.1718298381802308,25893,0.168890889167191,152,149,0.9802631578947368,0,MEL-melbourne-RPSP03A11034L1-0-0|qp38
3.194,50.0,38.0,14.0,28,1.39,0.48,1.1816778549382851,25920,0.1690670006261767,152,152,1.0,0,MEL-melbourne-RPSP03A11034L1-0-0|qp38
3.121,50.0,16.0,19.0,14,1.39,0.48,1.2680328837255057,10157,0.0678001174837125,64,63,0.984375,0,MEL-melbourne-RPSP07A11127-0-0|qp16
3.121,50.0,38.0,11.0,0,1.39,0.48,1.1699186184235462,26173,0.1747102958453424,152,155,1.019736842105263,0,MEL-melbourne-RPSP07A11127-0-0|qp38
3.121,50.0,38.0,11.0,16,1.39,0.48,1.241087198515868,24255,0.1619072412688196,152,151,0.993421052631579,0,MEL-melbourne-RPSP07A11127-0-0|qp38
3.499,50.0,52.0,9.0,2,1.39,0.48,1.1021341883513598,37738,0.2246951509955214,208,208,1.0,0,MEL-melbourne-RPSP0814955L1-0-0|qp52
3.499,50.0,52.0,9.0,18,1.39,0.48,1.126907177853373,37351,0.2223909212155836,208,209,1.0048076923076923,0,MEL-melbourne-RPSP0814955L1-0-0|qp52
6.11,50.0,31.0,16.0,4,1.39,0.48,1.2452074235808153,20152,0.0687124931805789,124,125,1.0080645161290325,0,NTP-newtaipei-idx11355-0-2|qp31
6.11,50.0,31.0,16.0,20,1.39,0.48,1.238350654541848,20014,0.06824195308238,124,126,1.0161290322580645,0,NTP-newtaipei-idx11355-0-2|qp31
6.11,50.0,31.0,17.0,6,1.39,0.48,1.2161706193650623,20408,0.0695853791598484,124,127,1.0241935483870968,0,NTP-newtaipei-idx11355-0-2|qp31
6.11,50.0,31.0,17.0,22,1.39,0.48,1.2424302242972178,19706,0.067191762138572,124,118,0.9516129032258064,0,NTP-newtaipei-idx11355-0-2|qp31
4.98,50.0,25.0,19.0,8,1.39,0.48,1.1861606239209348,16797,0.07026857429719,100,97,0.97,0,NTP-newtaipei-idx11808-0-1|qp25
4.98,50.0,25.0,19.0,24,1.39,0.48,1.2547856034750564,16115,0.0674154953145923,100,101,1.01,0,NTP-newtaipei-idx11808-0-1|qp25
4.98,50.0,60.0,11.0,10,1.39,0.48,1.1168710753307234,43475,0.1818733266398981,240,240,1.0,0,NTP-newtaipei-idx11808-0-1|qp60
4.98,50.0,60.0,11.0,26,1.39,0.48,1.1070102851800656,42780,0.1789658634538141,240,237,0.9875,0,NTP-newtaipei-idx11808-0-1|qp60
1.78,50.0,9.0,9.0,12,1.39,0.48,1.2580404005525287,5792,0.0677902621722821,36,36,1.0,0,NTP-newtaipei-idx11901-0-0|qp9
1.78,50.0,9.0,9.0,28,1.39,0.48,1.238646031471542,5783,0.0676849250936305,36,36,1.0,0,NTP-newtaipei-idx11901-0-0|qp9
1.8,50.0,9.0,7.0,14,1.39,0.48,1.2433601782042545,5836,0.067546296296296,36,36,1.0,0,NTP-newtaipei-idx13763-0-2|qp9
1.71,50.0,9.0,7.0,0,1.39,0.48,1.1913652773219925,6094,0.07424463937622,36,34,0.9444444444444444,0,NTP-newtaipei-idx13776-0-2|qp9
1.71,50.0,9.0,7.0,16,1.39,0.48,1.221566727910465,5987,0.0729410331384033,36,34,0.9444444444444444,0,NTP-newtaipei-idx13776-0-2|qp9
2.46,50.0,12.0,19.0,2,1.39,0.48,1.208275049603137,8064,0.0682926829268303,48,48,1.0,0,NTP-newtaipei-idx251-0-0|qp12
2.46,50.0,12.0,19.0,18,1.39,0.48,1.221281659666535,7857,0.0665396341463426,48,48,1.0,0,NTP-newtaipei-idx251-0-0|qp12
2.46,50.0,30.0,11.0,4,1.39,0.48,1.2134161896152842,19914,0.1686483739837422,120,121,1.0083333333333333,0,NTP-newtaipei-idx251-0-0|qp30
2.46,50.0,30.0,11.0,20,1.39,0.48,1.2226973350896868,19738,0.1671578590785937,120,121,1.0083333333333333,0,NTP-newtaipei-idx251-0-0|qp30
2.99,50.0,36.0,13.0,6,1.39,0.48,1.2214227727330744,23897,0.1665064102564112,144,148,1.0277777777777777,0,NTP-newtaipei-idx4423-0-0|qp36
2.99,50.0,36.0,13.0,22,1.39,0.48,1.2085431099240391,23962,0.1669593088071355,144,142,0.9861111111111112,0,NTP-newtaipei-idx4423-0-0|qp36
2.99,50.0,36.0,14.0,8,1.39,0.48,1.1401495231741143,25481,0.1775431995540692,144,146,1.0138888888888888,0,NTP-newtaipei-idx4423-0-0|qp36
2.99,50.0,36.0,14.0,24,1.39,0.48,1.2216859771681658,23476,0.1635730211817168,144,144,1.0,0,NTP-newtaipei-idx4423-0-0|qp36
2.33,50.0,12.0,16.0,10,1.39,0.48,1.2225201816347062,7928,0.0708869814020025,48,48,1.0,0,NTP-newtaipei-idx5617-0-0|qp12
2.33,50.0,12.0,16.0,26,1.39,0.48,1.2256052899288024,7864,0.0703147353361944,48,46,0.9583333333333334,0,NTP-newtaipei-idx5617-0-0|qp12
2.33,50.0,12.0,17.0,12,1.39,0.48,1.2591560135664353,7666,0.0685443490700993,48,49,1.0208333333333333,0,NTP-newtaipei-idx5617-0-0|qp12
2.33,50.0,12.0,17.0,28,1.39,0.48,1.191008154188304,8094,0.0723712446351915,48,47,0.9791666666666666,0,NTP-newtaipei-idx5617-0-0|qp12
2.33,50.0,28.0,11.0,14,1.39,0.48,1.1726201898008324,19178,0.171477110157365,112,111,0.9910714285714286,0,NTP-newtaipei-idx5617-0-0|qp28
2.62,50.0,31.0,13.0,0,1.39,0.48,1.150906227173139,21904,0.1741730279898209,124,125,1.0080645161290325,0,NTP-newtaipei-idx6820-0-0|qp31
2.62,50.0,31.0,13.0,16,1.39,0.48,1.2481338650245584,19811,0.1575302162849872,124,124,1.0,0,NTP-newtaipei-idx6820-0-0|qp31
2.62,50.0,31.0,14.0,2,1.39,0.48,1.182126722545756,21117,0.1679150763358758,124,127,1.0241935483870968,0,NTP-newtaipei-idx6820-0-0|qp31
2.62,50.0,31.0,14.0,18,1.39,0.48,1.1651480478236615,21412,0.1702608142493633,124,122,0.9838709677419356,0,NTP-newtaipei-idx6820-0-0|qp31
2.9,50.0,35.0,11.0,4,1.39,0.48,1.2337550022230783,22490,0.1615660919540182,140,139,0.9928571428571428,0,NTP-newtaipei-idx7804-0-0|qp35
2.9,50.0,35.0,11.0,20,1.39,0.48,1.219497357963221,22899,0.1645043103448236,140,139,0.9928571428571428,0,NTP-newtaipei-idx7804-0-0|qp35
1.91,50.0,10.0,9.0,6,1.39,0.48,1.246466420209485,6492,0.0708115183246077,40,40,1.0,0,NTP-newtaipei-idx9858-0-0|qp10
1.91,50.0,10.0,9.0,22,1.39,0.48,1.2243505807814017,6629,0.0723058464223401,40,40,1.0,0,NTP-newtaipei-idx9858-0-0|qp10
1.707,50.0,8.0,7.0,8,1.39,0.48,1.2332622763608918,5254,0.0641232181214627,32,31,0.96875,0,NYC-nyc-110605-0-2|qp8
1.707,50.0,8.0,7.0,24,1.39,0.48,1.2622853239656633,5124,0.0625366139425916,32,32,1.0,0,NYC-nyc-110605-0-2|qp8
2.408,50.0,12.0,19.0,10,1.39,0.48,1.2423198773633002,7828,0.067725636766333,48,48,1.0,0,NYC-nyc-17655-0-0|qp12
2.408,50.0,12.0,19.0,26,1.39,0.48,1.192692690203892,8044,0.0695944075304544,48,48,1.0,0,NYC-nyc-17655-0-0|qp12
2.408,50.0,29.0,11.0,12,1.39,0.48,1.1776590020811508,19701,0.170447466777413,116,114,0.9827586206896552,0,NYC-nyc-17655-0-0|qp29
2.408,50.0,29.0,11.0,28,1.39,0.48,1.1828289908071512,19689,0.170343646179405,116,116,1.0,0,NYC-nyc-17655-0-0|qp29
2.073,50.0,10.0,11.0,14,1.39,0.48,1.2371503147550842,6513,0.0654546550892435,40,40,1.0,0,NYC-nyc-199805-0-0|qp10
2.073,50.0,25.0,7.0,0,1.39,0.48,1.142471922794765,17719,0.1780732432867014,100,100,1.0,0,NYC-nyc-199805-0-0|qp25
2.073,50.0,25.0,7.0,16,1.39,0.48,1.1881859264041723,17039,0.1712393471619209,100,100,1.0,0,NYC-nyc-199805-0-0|qp25
3.17,50.0,38.0,11.0,2,1.39,0.48,1.185122385747546,25820,0.1696898002103029,152,148,0.9736842105263158,0,NYC-nyc-20131-0-2|qp38
3.17,50.0,38.0,11.0,18,1.39,0.48,1.1926430655514442,25705,0.1689340168243941,152,156,1.0263157894736843,0,NYC-nyc-20131-0-2|qp38
2.56,50.0,31.0,13.0,4,1.39,0.48,1.1994206777878036,20921,0.1702555338541666,124,124,1.0,0,NYC-nyc-214464-0-0|qp31
2.56,50.0,31.0,13.0,20,1.39,0.48,1.2198333661030345,20344,0.1655598958333333,124,125,1.0080645161290325,0,NYC-nyc-214464-0-0|qp31
2.56,50.0,31.0,14.0,6,1.39,0.48,1.204980955171499,20478,0.166650390625,124,125,1.0080645161290325,0,NYC-nyc-214464-0-0|qp31
2.56,50.0,31.0,14.0,22,1.39,0.48,1.2098092589882763,20499,0.1668212890625,124,119,0.9596774193548387,0,NYC-nyc-214464-0-0|qp31
2.347,50.0,35.0,9.0,8,1.39,0.48,1.141990381506658,24744,0.2196420962931376,140,143,1.0214285714285714,0,NYC-nyc-267383-0-0|qp35
2.347,50.0,35.0,9.0,24,1.39,0.48,1.1905730074389045,23525,0.2088215452350524,140,141,1.0071428571428571,0,NYC-nyc-267383-0-0|qp35
2.377,50.0,12.0,16.0,10,1.39,0.48,1.2424273460504407,7811,0.0684598934230816,48,48,1.0,0,NYC-nyc-27695-0-3|qp12
2.377,50.0,12.0,16.0,26,1.39,0.48,1.252478232618604,7695,0.0674432057214968,48,48,1.0,0,NYC-nyc-27695-0-3|qp12
2.377,50.0,12.0,17.0,12,1.39,0.48,1.2811432725350576,7566,0.0663125788809414,48,48,1.0,0,NYC-nyc-27695-0-3|qp12
2.377,50.0,12.0,17.0,28,1.39,0.48,1.1960224608169985,8103,0.0710191417753458,48,49,1.0208333333333333,0,NYC-nyc-27695-0-3|qp12
2.377,50.0,28.0,11.0,14,1.39,0.48,1.179427127211433,18992,0.166456317487029,112,111,0.9910714285714286,0,NYC-nyc-27695-0-3|qp28
1.676,50.0,8.0,7.0,0,1.39,0.48,1.1975418469061665,5317,0.0660923826571214,32,33,1.03125,0,NYC-nyc-46079-0-1|qp8
1.676,50.0,8.0,7.0,16,1.39,0.48,1.2371830443159946,5190,0.0645137231503592,32,31,0.96875,0,NYC-nyc-46079-0-1|qp8
3.048,50.0,37.0,13.0,2,1.39,0.48,1.1429348530477237,26233,0.1793047353455879,148,147,0.9932432432432432,0,NYC-nyc-59808-0-1|qp37
3.048,50.0,37.0,13.0,18,1.39,0.48,1.1842810326913071,25022,0.171027449693793,148,153,1.0337837837837838,0,NYC-nyc-59808-0-1|qp37
3.048,50.0,37.0,14.0,4,1.39,0.48,1.1904914880832618,24965,0.1706378499562613,148,148,1.0,0,NYC-nyc-59808-0-1|qp37
3.048,50.0,37.0,14.0,20,1.39,0.48,1.2134736928170955,24461,0.1671929680664968,148,149,1.0067567567567568,0,NYC-nyc-59808-0-1|qp37
5.06,50.0,25.0,19.0,6,1.39,0.48,1.2394471362902315,16098,0.0662796442687747,100,102,1.02,0,NYC-nyc-62758-0-0|qp25
5.06,50.0,25.0,19.0,22,1.39,0.48,1.3039979068551368,15288,0.0629446640316202,100,100,1.0,0,NYC-nyc-62758-0-0|qp25
5.06,50.0,61.0,9.0,8,1.39,0.48,1.1066233236681615,44144,0.1817523056653512,244,242,0.9918032786885246,0,NYC-nyc-62758-0-0|qp61
5.06,50.0,61.0,9.0,24,1.39,0.48,1.1379040532422913,43274,0.1781702898550734,244,242,0.9918032786885246,0,NYC-nyc-62758-0-0|qp61
3.719,50.0,19.0,19.0,10,1.39,0.48,1.2286594290310031,12435,0.0696591825759627,76,74,0.9736842105263158,0,NYC-nyc-9648-0-0|qp19
3.719,50.0,19.0,19.0,26,1.39,0.48,1.2551792144026648,12220,0.0684547817513683,76,76,1.0,0,NYC-nyc-9648-0-0|qp19
3.719,50.0,45.0,11.0,12,1.39,0.48,1.1766489448448805,30659,0.1717475575871666,180,179,0.9944444444444444,0,NYC-nyc-9648-0-0|qp45
3.719,50.0,45.0,11.0,28,1.39,0.48,1.130779126824361,31792,0.1780944698395643,180,176,0.9777777777777776,0,NYC-nyc-9648-0-0|qp45
2.103,50.0,32.0,7.0,14,1.39,0.48,1.117764588225128,22998,0.2278292914883466,128,124,0.96875,0,NYC-nyc-98749-0-2|qp32
4.115,50.0,62.0,7.0,0,1.39,0.48,1.0857970951376286,45923,0.2324979748886164,248,254,1.0241935483870968,0,SEA-seattle-5423808-0-1|qp62
4.115,50.0,62.0,7.0,16,1.39,0.48,1.0989905509716849,45084,0.2282503037667053,248,240,0.967741935483871,0,SEA-seattle-5423808-0-1|qp62
1.829,50.0,9.0,7.0,2,1.39,0.48,1.2757470453342783,5669,0.0645730818297777,36,35,0.9722222222222222,0,SEA-seattle-5426480-0-0|qp9
1.829,50.0,9.0,7.0,18,1.39,0.48,1.2471815341894894,5762,0.0656324038636777,36,36,1.0,0,SEA-seattle-5426480-0-0|qp9
2.54,50.0,38.0,11.0,4,1.39,0.48,1.2089733613877545,25189,0.2066026902887194,152,151,0.993421052631579,0,SEA-seattle-5426595-0-0|qp38
2.54,50.0,38.0,11.0,20,1.39,0.48,1.1935902604846136,25299,0.2075049212598471,152,153,1.006578947368421,0,SEA-seattle-5426595-0-0|qp38
1.651,50.0,8.0,7.0,6,1.39,0.48,1.3159808904249053,4919,0.0620709670906503,32,32,1.0,0,SEA-seattle-5432169-0-1|qp8
1.651,50.0,8.0,7.0,22,1.39,0.48,1.2143198665678172,5396,0.0680900464365013,32,32,1.0,0,SEA-seattle-5432169-0-1|qp8
1.829,50.0,9.0,7.0,8,1.39,0.48,1.2592073700677775,5753,0.0655298888281388,36,35,0.9722222222222222,0,SEA-seattle-5433778-0-0|qp9
1.829,50.0,9.0,7.0,24,1.39,0.48,1.2712073400788957,5831,0.0664183524694734,36,36,1.0,0,SEA-seattle-5433778-0-0|qp9
2.438,50.0,37.0,11.0,10,1.39,0.48,1.1226125411044134,26457,0.226081829368345,148,146,0.9864864864864864,0,SEA-seattle-5434873-0-0|qp37
2.438,50.0,37.0,11.0,26,1.39,0.48,1.168386457342214,25224,0.2155455291222409,148,148,1.0,0,SEA-seattle-5434873-0-0|qp37
1.829,50.0,9.0,11.0,12,1.39,0.48,1.205692536819511,6043,0.0688331510843816,36,36,1.0,0,SEA-seattle-5438086-0-1|qp9
1.829,50.0,9.0,11.0,28,1.39,0.48,1.248988803358986,5716,0.0651084381264799,36,37,1.0277777777777777,0,SEA-seattle-5438086-0-1|qp9
4.064,50.0,61.0,7.0,14,1.39,0.48,1.1392725836067084,43029,0.2205800935039361,244,242,0.9918032786885246,0,SEA-seattle-5445989-0-0|qp61
1.829,50.0,9.0,7.0,0,1.39,0.48,1.1734686287193128,6184,0.0704392199744834,36,33,0.9166666666666666,0,SEA-seattle-5449118-0-0|qp9
1.829,50.0,9.0,7.0,16,1.39,0.48,1.232308986873094,5942,0.0676827045744485,36,34,0.9444444444444444,0,SEA-seattle-5449118-0-0|qp9
1.829,50.0,22.0,7.0,2,1.39,0.48,1.1509050845228193,15203,0.1731706761436106,88,89,1.0113636363636365,0,SEA-seattle-5449903-0-0|qp22
1.829,50.0,22.0,7.0,18,1.39,0.48,1.1766865315852049,15102,0.1720202296336771,88,87,0.9886363636363636,0,SEA-seattle-5449903-0-0|qp22
1.829,50.0,9.0,9.0,4,1.39,0.48,1.200231436837046,6222,0.0708720612356478,36,36,1.0,0,SEA-seattle-5449903-0-0|qp9
1.829,50.0,9.0,9.0,20,1.39,0.48,1.2751599859352758,5688,0.0647895024603597,36,37,1.0277777777777777,0,SEA-seattle-5449903-0-0|qp9
2.438,50.0,12.0,19.0,6,1.39,0.48,1.2504272048225145,7631,0.0652088460486754,48,47,0.9791666666666666,0,SEA-seattle-5452128-0-1|qp12
2.438,50.0,12.0,19.0,22,1.39,0.48,1.284710125567747,7486,0.0639697839759383,48,49,1.0208333333333333,0,SEA-seattle-5452128-0-1|qp12
2.438,50.0,29.0,13.0,8,1.39,0.48,1.1414911127343614,20535,0.1754768252666164,116,116,1.0,0,SEA-seattle-5452128-0-1|qp29
2.438,50.0,29.0,13.0,24,1.39,0.48,1.2192606922514055,19126,0.1634365600218791,116,115,0.9913793103448276,0,SEA-seattle-5452128-0-1|qp29
2.438,50.0,29.0,14.0,10,1.39,0.48,1.1626633191062328,19915,0.1701787667487048,116,116,1.0,0,SEA-seattle-5452128-0-1|qp29
2.438,50.0,29.0,14.0,26,1.39,0.48,1.1621759560110263,20005,0.1709478397593692,116,116,1.0,0,SEA-seattle-5452128-0-1|qp29
1.829,50.0,22.0,9.0,12,1.39,0.48,1.1302297475923264,15887,0.1809618188445407,88,89,1.0113636363636365,0,SEA-seattle-5453813-0-0|qp22
1.829,50.0,22.0,9.0,28,1.39,0.48,1.1043392846111044,16187,0.184378986695826,88,88,1.0,0,SEA-seattle-5453813-0-0|qp22
1.829,50.0,9.0,9.0,14,1.39,0.48,1.2027922926192007,6124,0.0697557864042278,36,37,1.0277777777777777,0,SEA-seattle-5453813-0-0|qp9
2.591,50.0,31.0,13.0,0,1.39,0.48,1.1585474937690323,21666,0.174208799691238,124,125,1.0080645161290325,0,SEA-seattle-5454776-0-1|qp31
2.591,50.0,31.0,13.0,16,1.39,0.48,1.2451351079860298,19910,0.1600894120674095,124,124,1.0,0,SEA-seattle-5454776-0-1|qp31
2.591,50.0,31.0,14.0,2,1.39,0.48,1.1594578900914856,21527,0.1730911488485769,124,128,1.032258064516129,0,SEA-seattle-5454776-0-1|qp31
2.591,50.0,31.0,14.0,18,1.39,0.48,1.1975165881334708,20798,0.1672295124147676,124,121,0.9758064516129032,0,SEA-seattle-5454776-0-1|qp31
1.8,50.0,22.0,7.0,4,1.39,0.48,1.1598625228042858,15348,0.1776388888888942,88,89,1.0113636363636365,0,TAO-taoyuan-idx10181-0-0|qp22
1.8,50.0,22.0,7.0,20,1.39,0.48,1.1305757307351536,15806,0.1829398148148213,88,85,0.9659090909090908,0,TAO-taoyuan-idx10181-0-0|qp22
1.8,50.0,9.0,7.0,6,1.39,0.48,1.2927794402394193,5681,0.0657523148148144,36,37,1.0277777777777777,0,TAO-taoyuan-idx10181-0-0|qp9
1.8,50.0,9.0,7.0,22,1.39,0.48,1.2983051761322733,5564,0.0643981481481467,36,36,1.0,0,TAO-taoyuan-idx10181-0-0|qp9
3.0,50.0,36.0,11.0,8,1.39,0.48,1.1908590938829593,24456,0.1698333333333334,144,146,1.0138888888888888,0,TAO-taoyuan-idx158-0-0|qp36
3.0,50.0,36.0,11.0,24,1.39,0.48,1.2332338052337897,23310,0.161874999999999,144,145,1.0069444444444444,0,TAO-taoyuan-idx158-0-0|qp36
2.4,50.0,12.0,16.0,10,1.39,0.48,1.251624162802667,7764,0.0673958333333337,48,48,1.0,0,TAO-taoyuan-idx3410-0-9|qp12
2.4,50.0,12.0,16.0,26,1.39,0.48,1.2340732206861418,7812,0.0678125000000005,48,47,0.9791666666666666,0,TAO-taoyuan-idx3410-0-9|qp12
2.4,50.0,12.0,17.0,12,1.39,0.48,1.3103203723987351,7304,0.0634027777777778,48,49,1.0208333333333333,0,TAO-taoyuan-idx3410-0-9|qp12
2.4,50.0,12.0,17.0,28,1.39,0.48,1.2091719024880891,7958,0.0690798611111117,48,47,0.9791666666666666,0,TAO-taoyuan-idx3410-0-9|qp12
2.4,50.0,29.0,11.0,14,1.39,0.48,1.1790495362348512,19622,0.1703298611111106,116,115,0.9913793103448276,0,TAO-taoyuan-idx3410-0-9|qp29
2.04,50.0,10.0,9.0,0,1.39,0.48,1.2032100221076087,6785,0.0692912581699348,40,39,0.975,0,TAO-taoyuan-idx3430-0-3|qp10
2.04,50.0,10.0,9.0,16,1.39,0.48,1.2870035009547895,6284,0.0641748366013075,40,40,1.0,0,TAO-taoyuan-idx3430-0-3|qp10
2.04,50.0,24.0,9.0,2,1.39,0.48,1.1114290691597803,17221,0.1758680555555559,96,91,0.9479166666666666,0,TAO-taoyuan-idx3430-0-3|qp24
2.04,50.0,24.0,9.0,18,1.39,0.48,1.1173412352565464,17211,0.1757659313725476,96,93,0.96875,0,TAO-taoyuan-idx3430-0-3|qp24
1.87,50.0,22.0,7.0,4,1.39,0.48,1.148719221225436,15717,0.1751002673796798,88,88,1.0,0,TAO-taoyuan-idx5160-0-0|qp22
1.87,50.0,22.0,7.0,20,1.39,0.48,1.1731233595800317,15240,0.1697860962566865,88,87,0.9886363636363636,0,TAO-taoyuan-idx5160-0-0|qp22
1.87,50.0,9.0,9.0,6,1.39,0.48,1.3054556628621778,5695,0.0634469696969692,36,37,1.0277777777777777,0,TAO-taoyuan-idx5160-0-0|qp9
1.87,50.0,9.0,9.0,22,1.39,0.48,1.2619534641430763,5759,0.0641599821746881,36,37,1.0277777777777777,0,TAO-taoyuan-idx5160-0-0|qp9
6.92,50.0,35.0,13.0,8,1.39,0.48,1.181389494881747,23836,0.0717605973025034,140,141,1.0071428571428571,0,TAO-taoyuan-idx531-0-1|qp35
6.92,50.0,35.0,13.0,24,1.39,0.48,1.2417079152731616,22425,0.0675126445086696,140,141,1.0071428571428571,0,TAO-taoyuan-idx531-0-1|qp35
6.92,50.0,35.0,14.0,10,1.39,0.48,1.17547681281621,23720,0.0714113680154131,140,139,0.9928571428571428,0,TAO-taoyuan-idx531-0-1|qp35
6.92,50.0,35.0,14.0,26,1.39,0.48,1.2214646153845738,22750,0.068491088631983,140,141,1.0071428571428571,0,TAO-taoyuan-idx531-0-1|qp35
6.92,50.0,83.0,11.0,12,1.39,0.48,1.1102469320811477,60057,0.1808074421965307,332,341,1.0271084337349397,0,TAO-taoyuan-idx531-0-1|qp83
6.92,50.0,83.0,11.0,28,1.39,0.48,0.9699348086648956,68414,0.2059670038535637,332,321,0.966867469879518,0,TAO-taoyuan-idx531-0-1|qp83
2.6,50.0,31.0,13.0,14,1.39,0.48,1.1704415832141206,20970,0.1680288461538401,124,121,0.9758064516129032,0,TAO-taoyuan-idx5379-0-4|qp31
2.6,50.0,31.0,14.0,0,1.39,0.48,1.1444547732968475,21945,0.1758413461538408,124,126,1.0161290322580645,0,TAO-taoyuan-idx5379-0-4|qp31
2.6,50.0,31.0,14.0,16,1.39,0.48,1.2308562797148035,20192,0.1617948717948669,124,124,1.0,0,TAO-taoyuan-idx5379-0-4|qp31
2.28,50.0,34.0,9.0,2,1.39,0.48,1.135019425993251,23937,0.2187225877193006,136,134,0.9852941176470588,0,TAO-taoyuan-idx578-0-8|qp34
2.28,50.0,34.0,9.0,18,1.39,0.48,1.144058563443772,23974,0.2190606725146223,136,137,1.0073529411764706,0,TAO-taoyuan-idx578-0-8|qp34
2.3,50.0,12.0,16.0,4,1.39,0.48,1.265842696629226,7565,0.0685235507246357,48,49,1.0208333333333333,0,TAO-taoyuan-idx6720-0-3|qp12
2.3,50.0,12.0,16.0,20,1.39,0.48,1.2786715673405096,7618,0.0690036231884036,48,47,0.9791666666666666,0,TAO-taoyuan-idx6720-0-3|qp12
2.3,50.0,12.0,17.0,6,1.39,0.48,1.246674427629105,7731,0.0700271739130414,48,48,1.0,0,TAO-taoyuan-idx6720-0-3|qp12
2.3,50.0,12.0,17.0,22,1.39,0.48,1.3083731404394818,7327,0.0663677536231863,48,49,1.0208333333333333,0,TAO-taoyuan-idx6720-0-3|qp12
2.3,50.0,28.0,11.0,8,1.39,0.48,1.1499150069120971,19531,0.176911231884057,112,114,1.0178571428571428,0,TAO-taoyuan-idx6720-0-3|qp28
2.3,50.0,28.0,11.0,24,1.39,0.48,1.1946881606765682,18920,0.171376811594202,112,111,0.9910714285714286,0,TAO-taoyuan-idx6720-0-3|qp28
2.23,50.0,11.0,11.0,10,1.39,0.48,1.2619231324952922,6921,0.0646580717488766,44,43,0.9772727272727272,0,TAO-taoyuan-idx7044-0-7|qp11
2.23,50.0,11.0,11.0,26,1.39,0.48,1.2759349477002286,6979,0.0651999252615824,44,43,0.9772727272727272,0,TAO-taoyuan-idx7044-0-7|qp11
2.23,50.0,27.0,11.0,12,1.39,0.48,1.1584673461683956,18543,0.1732343049327356,108,108,1.0,0,TAO-taoyuan-idx7044-0-7|qp27
2.23,50.0,27.0,11.0,28,1.39,0.48,1.1700710594315995,18576,0.1735426008968593,108,109,1.0092592592592593,0,TAO-taoyuan-idx7044-0-7|qp27
1.97,50.0,10.0,9.0,14,1.39,0.48,1.2429596412555926,6467,0.0683904399323182,40,39,0.975,0,TAO-taoyuan-idx718-0-1|qp10
1.97,50.0,24.0,7.0,0,1.39,0.48,1.103779473744183,17558,0.1856810490693739,96,93,0.96875,0,TAO-taoyuan-idx718-0-1|qp24
1.97,50.0,24.0,7.0,16,1.39,0.48,1.2085024244685811,16086,0.1701142131979712,96,96,1.0,0,TAO-taoyuan-idx718-0-1|qp24
3.07,50.0,37.0,13.0,2,1.39,0.48,1.160385349698088,25665,0.1741653094462539,148,148,1.0,0,TAO-taoyuan-idx9038-0-2|qp37
3.07,50.0,37.0,13.0,18,1.39,0.48,1.182647246100053,25128,0.1705211726384342,148,155,1.0472972972972974,0,TAO-taoyuan-idx9038-0-2|qp37
3.07,50.0,37.0,14.0,4,1.39,0.48,1.213568292782898,24373,0.1653976655808893,148,149,1.0067567567567568,0,TAO-taoyuan-idx9038-0-2|qp37
3.07,50.0,37.0,14.0,20,1.39,0.48,1.2244845764177177,24281,0.164773344191096,148,147,0.9932432432432432,0,TAO-taoyuan-idx9038-0-2|qp37
2.69,50.0,40.0,11.0,6,1.39,0.48,1.2393742081622343,26047,0.2017270755885992,160,161,1.00625,0,TPE-taipei-idx11047-0-0|qp40
2.69,50.0,40.0,11.0,22,1.39,0.48,1.185357353374656,27144,0.2102230483271349,160,158,0.9875,0,TPE-taipei-idx11047-0-0|qp40
1.99,50.0,10.0,11.0,8,1.39,0.48,1.215812584880032,6627,0.0693781407035172,40,38,0.95,0,TPE-taipei-idx14193-0-0|qp10
1.99,50.0,10.0,11.0,24,1.39,0.48,1.2701949257425904,6464,0.0676716917922945,40,40,1.0,0,TPE-taipei-idx14193-0-0|qp10
1.99,50.0,24.0,7.0,10,1.39,0.48,1.1594778224596607,16661,0.1744242043551058,96,98,1.0208333333333333,0,TPE-taipei-idx14193-0-0|qp24
1.99,50.0,24.0,7.0,26,1.39,0.48,1.113903055364084,17412,0.1822864321608051,96,94,0.9791666666666666,0,TPE-taipei-idx14193-0-0|qp24
2.36,50.0,12.0,16.0,12,1.39,0.48,1.286978513279088,7493,0.0661458333333325,48,50,1.0416666666666667,0,TPE-taipei-idx15074-0-0|qp12
2.36,50.0,12.0,16.0,28,1.39,0.48,1.18060439560442,8190,0.0722987288135591,48,47,0.9791666666666666,0,TPE-taipei-idx15074-0-0|qp12
2.36,50.0,12.0,17.0,14,1.39,0.48,1.2417346806580578,7719,0.0681408898305074,48,47,0.9791666666666666,0,TPE-taipei-idx15074-0-0|qp12
2.36,50.0,28.0,11.0,0,1.39,0.48,1.161681850752425,19538,0.172475282485874,112,109,0.9732142857142856,0,TPE-taipei-idx15074-0-0|qp28
2.36,50.0,28.0,11.0,16,1.39,0.48,1.2130121261115698,18555,0.1637976694915229,112,114,1.0178571428571428,0,TPE-taipei-idx15074-0-0|qp28
2.48,50.0,37.0,11.0,2,1.39,0.48,1.142982328362799,26087,0.2191448252688204,148,148,1.0,0,TPE-taipei-idx15608-0-1|qp37
2.48,50.0,37.0,11.0,18,1.39,0.48,1.1648410240326257,25507,0.2142725134408618,148,152,1.027027027027027,0,TPE-taipei-idx15608-0-1|qp37
1.96,50.0,10.0,11.0,4,1.39,0.48,1.2616974632007525,6386,0.0678784013605446,40,41,1.025,0,TPE-taipei-idx1592-0-2|qp10
1.96,50.0,10.0,11.0,20,1.39,0.48,1.2776444231076567,6249,0.0664221938775507,40,39,0.975,0,TPE-taipei-idx1592-0-2|qp10
1.96,50.0,24.0,7.0,6,1.39,0.48,1.1463005261898889,16724,0.1777636054421804,96,93,0.96875,0,TPE-taipei-idx1592-0-2|qp24
1.96,50.0,24.0,7.0,22,1.39,0.48,1.155210069136699,16923,0.1798788265306176,96,96,1.0,0,TPE-taipei-idx1592-0-2|qp24
2.05,50.0,10.0,9.0,8,1.39,0.48,1.2266757369614607,6615,0.0672256097560971,40,39,0.975,0,TPE-taipei-idx326-0-1|qp10
2.05,50.0,10.0,9.0,24,1.39,0.48,1.2745852749301274,6438,0.0654268292682929,40,40,1.0,0,TPE-taipei-idx326-0-1|qp10
2.05,50.0,25.0,7.0,10,1.39,0.48,1.200290268855556,16812,0.1708536585365856,100,100,1.0,0,TPE-taipei-idx326-0-1|qp25
2.05,50.0,25.0,7.0,26,1.39,0.48,1.1766174582798288,17138,0.174166666666665,100,102,1.02,0,TPE-taipei-idx326-0-1|qp25
3.54,50.0,18.0,19.0,12,1.39,0.48,1.2702185214556394,11349,0.066790254237289,72,71,0.9861111111111112,0,TPE-taipei-idx4344-0-0|qp18
3.54,50.0,18.0,19.0,28,1.39,0.48,1.2387211001289562,11635,0.0684733992467047,72,71,0.9861111111111112,0,TPE-taipei-idx4344-0-0|qp18
3.54,50.0,42.0,11.0,14,1.39,0.48,1.1713865517241375,29000,0.1706685499058393,168,170,1.011904761904762,0,TPE-taipei-idx4344-0-0|qp42
2.06,50.0,10.0,11.0,0,1.39,0.48,1.1558856088561034,7046,0.0712580906148869,40,40,1.0,0,TPE-taipei-idx674-0-1|qp10
2.06,50.0,10.0,11.0,16,1.39,0.48,1.3032448713773714,6142,0.0621156957928797,40,40,1.0,0,TPE-taipei-idx674-0-1|qp10
2.06,50.0,25.0,7.0,2,1.39,0.48,1.1377019056262248,17632,0.1783171521035585,100,99,0.99,0,TPE-taipei-idx674-0-1|qp25
2.06,50.0,25.0,7.0,18,1.39,0.48,1.189162448499166,16990,0.1718244336569568,100,96,0.96,0,TPE-taipei-idx674-0-1|qp25
2.99,50.0,45.0,11.0,4,1.39,0.48,1.149520952380973,31500,0.2194816053511747,180,175,0.9722222222222222,0,TPE-taipei-idx813-0-1|qp45
2.99,50.0,45.0,11.0,20,1.39,0.48,1.136225184344862,31734,0.2211120401337822,180,179,0.9944444444444444,0,TPE-taipei-idx813-0-1|qp45
3.55,50.0,18.0,19.0,6,1.39,0.48,1.3255823733772287,10938,0.0641901408450689,72,73,1.0138888888888888,0,TPE-taipei-idx9453-0-1|qp18
3.55,50.0,18.0,19.0,22,1.39,0.48,1.3290592366694596,10821,0.0635035211267598,72,72,1.0,0,TPE-taipei-idx9453-0-1|qp18
3.55,50.0,43.0,11.0,8,1.39,0.48,1.163086174370138,29684,0.1742018779342733,172,174,1.0116279069767442,0,TPE-taipei-idx9453-0-1|qp43
3.55,50.0,43.0,11.0,24,1.39,0.48,1.2027246011754686,28584,0.1677464788732413,172,173,1.005813953488372,0,TPE-taipei-idx9453-0-1|qp43
2.098,50.0,10.0,11.0,15,1.39,0.48,1.2157283876757616,6686,0.0663925961232929,40,41,1.025,0,AMS-amsterdam-chain-141619-0|qp10
2.098,50.0,25.0,9.0,1,1.39,0.48,1.1468272002713324,17691,0.1756732602478543,100,100,1.0,0,AMS-amsterdam-chain-141619-0|qp25
2.098,50.0,25.0,9.0,17,1.39,0.48,1.2097958080595623,16651,0.1653459644105492,100,99,0.99,0,AMS-amsterdam-chain-141619-0|qp25
3.89,50.0,19.0,19.0,3,1.39,0.48,1.2406619136352484,12343,0.0661043273350449,76,77,1.013157894736842,0,AMS-amsterdam-chain-158080-0|qp19
3.89,50.0,19.0,19.0,19,1.39,0.48,1.207687327279863,12665,0.067828834618678,76,76,1.0,0,AMS-amsterdam-chain-158080-0|qp19
3.89,50.0,47.0,13.0,5,1.39,0.48,1.1692578088577774,32175,0.172316838046271,188,186,0.9893617021276596,0,AMS-amsterdam-chain-158080-0|qp47
3.89,50.0,47.0,13.0,21,1.39,0.48,1.0866342891937326,34489,0.184709725792629,188,186,0.9893617021276596,0,AMS-amsterdam-chain-158080-0|qp47
3.89,50.0,47.0,14.0,7,1.39,0.48,1.0683629701169572,35204,0.1885389888603248,188,189,1.00531914893617,0,AMS-amsterdam-chain-158080-0|qp47
3.89,50.0,47.0,14.0,23,1.39,0.48,1.0420824544583611,36505,0.1955066409597241,188,190,1.0106382978723405,0,AMS-amsterdam-chain-158080-0|qp47
2.267,50.0,11.0,9.0,9,1.39,0.48,1.1922051144731158,7469,0.0686388031171887,44,43,0.9772727272727272,0,AMS-amsterdam-chain-166482-0|qp11
2.267,50.0,11.0,9.0,25,1.39,0.48,1.1715100316789642,7576,0.0696221143949426,44,43,0.9772727272727272,0,AMS-amsterdam-chain-166482-0|qp11
2.267,50.0,27.0,9.0,11,1.39,0.48,1.1166294734676698,19448,0.178723717100422,108,108,1.0,0,AMS-amsterdam-chain-166482-0|qp27
2.267,50.0,27.0,9.0,27,1.39,0.48,1.1505251344156129,19157,0.1760494780179344,108,108,1.0,0,AMS-amsterdam-chain-166482-0|qp27
2.796,50.0,14.0,19.0,13,1.39,0.48,1.1969644964067383,9323,0.0694667978063886,56,55,0.9821428571428572,0,AMS-amsterdam-chain-22812-0|qp14
2.796,50.0,14.0,19.0,29,1.39,0.48,1.2426027397260513,9271,0.0690793395326642,56,55,0.9821428571428572,0,AMS-amsterdam-chain-22812-0|qp14
2.796,50.0,34.0,11.0,15,1.39,0.48,1.187323043478271,23000,0.1713757749165444,136,135,0.9926470588235294,0,AMS-amsterdam-chain-22812-0|qp34
2.575,50.0,13.0,19.0,1,1.39,0.48,1.1957863296955022,8705,0.0704288025889978,52,50,0.9615384615384616,0,AMS-amsterdam-chain-32802-0|qp13
2.575,50.0,13.0,19.0,17,1.39,0.48,1.245490149537129,8426,0.0681715210355994,52,53,1.0192307692307692,0,AMS-amsterdam-chain-32802-0|qp13
2.575,50.0,31.0,13.0,3,1.39,0.48,1.1727323943661834,21300,0.1723300970873778,124,126,1.0161290322580645,0,AMS-amsterdam-chain-32802-0|qp31
2.575,50.0,31.0,13.0,19,1.39,0.48,1.1592236068003865,21587,0.174652103559871,124,121,0.9758064516129032,0,AMS-amsterdam-chain-32802-0|qp31
2.575,50.0,31.0,14.0,5,1.39,0.48,1.175592884443027,21193,0.1714644012944979,124,125,1.0080645161290325,0,AMS-amsterdam-chain-32802-0|qp31
2.575,50.0,31.0,14.0,21,1.39,0.48,1.117777628213813,22287,0.1803155339805817,124,127,1.0241935483870968,0,AMS-amsterdam-chain-32802-0|qp31
2.482,50.0,12.0,19.0,7,1.39,0.48,1.2433830200906917,7715,0.0647579237174322,48,48,1.0,0,AMS-amsterdam-chain-44642-0|qp12
2.482,50.0,12.0,19.0,23,1.39,0.48,1.2197823899370792,7950,0.0667304593070096,48,49,1.0208333333333333,0,AMS-amsterdam-chain-44642-0|qp12
2.482,50.0,30.0,13.0,9,1.39,0.48,1.169229349779089,20593,0.1728528740263236,120,116,0.9666666666666668,0,AMS-amsterdam-chain-44642-0|qp30
2.482,50.0,30.0,13.0,25,1.39,0.48,1.1725282333300266,20366,0.1709474885844769,120,123,1.025,0,AMS-amsterdam-chain-44642-0|qp30
2.482,50.0,30.0,14.0,11,1.39,0.48,1.174609466303077,20536,0.1723744292237451,120,117,0.975,0,AMS-amsterdam-chain-44642-0|qp30
2.482,50.0,30.0,14.0,27,1.39,0.48,1.1995429841897387,20240,0.169889873757725,120,118,0.9833333333333332,0,AMS-amsterdam-chain-44642-0|qp30
2.166,50.0,11.0,13.0,13,1.39,0.48,1.2021651602300434,7302,0.0702331486611269,44,44,1.0,0,AMS-amsterdam-chain-45268-50|qp11
2.166,50.0,11.0,13.0,29,1.39,0.48,1.200789366607896,7373,0.0709160510926438,44,43,0.9772727272727272,0,AMS-amsterdam-chain-45268-50|qp11
2.166,50.0,11.0,14.0,15,1.39,0.48,1.2305731587100328,7101,0.0682998614958445,44,45,1.0227272727272727,0,AMS-amsterdam-chain-45268-50|qp11
2.166,50.0,26.0,9.0,1,1.39,0.48,1.1270791032149263,18912,0.1819021237303765,104,104,1.0,0,AMS-amsterdam-chain-45268-50|qp26
2.166,50.0,26.0,9.0,17,1.39,0.48,1.1681312083833966,18322,0.1762273007079081,104,104,1.0,0,AMS-amsterdam-chain-45268-50|qp26
1.662,50.0,20.0,11.0,3,1.39,0.48,1.2030145278450357,13216,0.1656638588046506,80,79,0.9875,0,AMS-amsterdam-chain-79104-0|qp20
1.662,50.0,20.0,11.0,19,1.39,0.48,1.1370717717071452,13947,0.1748270156437995,80,79,0.9875,0,AMS-amsterdam-chain-79104-0|qp20
1.662,50.0,8.0,11.0,5,1.39,0.48,1.2796970904742635,5018,0.062901123144806,32,32,1.0,0,AMS-amsterdam-chain-79104-0|qp8
1.662,50.0,8.0,11.0,21,1.39,0.48,1.2607264113699042,5066,0.0635028078620137,32,31,0.96875,0,AMS-amsterdam-chain-79104-0|qp8
2.408,50.0,43.3,7.0,7,1.39,0.48,1.1243102893890484,31100,0.2690683831672162,172,174,1.0116279069767442,0,DC-012|qp43.3
2.408,50.0,43.3,7.0,23,1.39,0.48,1.1110230414747269,31465,0.2722262596899191,172,180,1.0465116279069768,0,DC-012|qp43.3
3.719,50.0,66.9,7.0,9,1.39,0.48,1.0471751567398733,51040,0.2859191538944186,268,268,1.0,0,DC-015|qp66.9
3.719,50.0,66.9,7.0,25,1.39,0.48,1.0407678373165317,51339,0.28759411132025,268,269,1.0037313432835822,0,DC-015|qp66.9
2.722,50.0,49.0,9.0,11,1.39,0.48,1.1420421130613727,35096,0.2686137643889272,196,198,1.010204081632653,0,DC-048|qp49.0
2.722,50.0,49.0,9.0,27,1.39,0.48,1.086179238885827,36867,0.2821684423218211,196,205,1.0459183673469388,0,DC-048|qp49.0
3.609,50.0,65.0,7.0,13,1.39,0.48,1.072252340852723,48807,0.2817435577722338,260,261,1.0038461538461538,0,DC-051|qp65.0
3.609,50.0,65.0,7.0,29,1.39,0.48,1.0676410561761456,48704,0.2811489794033414,260,256,0.9846153846153848,0,DC-051|qp65.0
2.48,50.0,44.6,9.0,15,1.39,0.48,1.1809654625899504,30286,0.2544186827957034,178,174,0.9775280898876404,0,DC-066|qp44.6
3.54,50.0,63.7,7.0,1,1.39,0.48,1.0512351178260104,48716,0.2866996233521685,254,256,1.0078740157480317,0,DC-069|qp63.7
3.54,50.0,63.7,7.0,17,1.39,0.48,1.094678691740284,46902,0.2760240112994382,254,256,1.0078740157480317,0,DC-069|qp63.7
2.46,50.0,44.3,9.0,3,1.39,0.48,1.124910538025139,31913,0.270265921409214,178,179,1.0056179775280898,0,DC-084|qp44.3
2.46,50.0,44.3,9.0,19,1.39,0.48,1.1567319361081234,30489,0.2582063008130103,178,179,1.0056179775280898,0,DC-084|qp44.3
4.98,50.0,89.6,7.0,5,1.39,0.48,1.0143266804636242,70546,0.2951221552878248,358,352,0.9832402234636872,0,DC-087|qp89.6
4.98,50.0,89.6,7.0,21,1.39,0.48,0.9575357251648172,75507,0.3158760040160715,358,356,0.994413407821229,0,DC-087|qp89.6
2.438,50.0,43.9,7.0,7,1.39,0.48,1.1276936810559086,31366,0.2680304894722509,176,178,1.0113636363636365,0,DC-099|qp43.9
2.438,50.0,43.9,7.0,23,1.39,0.48,1.1147839728907667,31871,0.2723458435876514,176,179,1.0170454545454546,0,DC-099|qp43.9
2.4,50.0,43.2,9.0,9,1.39,0.48,1.1190110386675975,30982,0.2689409722222227,174,170,0.9770114942528736,0,DC-114|qp43.2
2.4,50.0,43.2,9.0,25,1.39,0.48,1.0139133220714007,34334,0.2980381944444462,174,169,0.971264367816092,0,DC-114|qp43.2
1.697,50.0,8.0,7.0,11,1.39,0.48,1.2746237194641248,5076,0.0623158515026501,32,32,1.0,0,MEL-melbourne-1389612-0-2|qp8
1.697,50.0,8.0,7.0,27,1.39,0.48,1.2396452670136866,5187,0.0636785503830273,32,33,1.03125,0,MEL-melbourne-1389612-0-2|qp8
2.722,50.0,33.0,13.0,13,1.39,0.48,1.1792279839070323,22370,0.1712129561596862,132,133,1.0075757575757576,0,MEL-melbourne-1389823-0-3|qp33
2.722,50.0,33.0,13.0,29,1.39,0.48,1.20459931895572,22025,0.1685724344844464,132,137,1.0378787878787878,0,MEL-melbourne-1389823-0-3|qp33
2.722,50.0,33.0,14.0,15,1.39,0.48,1.220021188392429,21710,0.1661615233896644,132,130,0.9848484848484848,0,MEL-melbourne-1389823-0-3|qp33
2.156,50.0,11.0,13.0,1,1.39,0.48,1.2301764786984473,7253,0.0700854205318501,44,45,1.0227272727272727,0,MEL-melbourne-1434605-0-0|qp11
2.156,50.0,11.0,13.0,17,1.39,0.48,1.2406752954417568,7108,0.0686842918985785,44,45,1.0227272727272727,0,MEL-melbourne-1434605-0-0|qp11
2.156,50.0,11.0,14.0,3,1.39,0.48,1.2040205087228772,7509,0.0725591372912817,44,44,1.0,0,MEL-melbourne-1434605-0-0|qp11
2.156,50.0,11.0,14.0,19,1.39,0.48,1.2317384679318526,7219,0.069756880024739,44,44,1.0,0,MEL-melbourne-1434605-0-0|qp11
2.156,50.0,26.0,9.0,5,1.39,0.48,1.2030708437571422,17588,0.1699520717377869,104,102,0.9807692307692308,0,MEL-melbourne-1434605-0-0|qp26
2.156,50.0,26.0,9.0,21,1.39,0.48,1.1499478680788602,18223,0.1760880488559094,104,107,1.0288461538461535,0,MEL-melbourne-1434605-0-0|qp26
1.749,50.0,9.0,7.0,7,1.39,0.48,1.1971267978177644,6049,0.072053077949305,36,36,1.0,0,MEL-melbourne-1465622-0-2|qp9
1.749,50.0,9.0,7.0,23,1.39,0.48,1.188374424720581,6084,0.0724699828473419,36,35,0.9722222222222222,0,MEL-melbourne-1465622-0-2|qp9
2.348,50.0,12.0,13.0,9,1.39,0.48,1.2621335440537411,7593,0.0673711669505956,48,50,1.0416666666666667,0,MEL-melbourne-1465759-0-1|qp12
2.348,50.0,12.0,13.0,25,1.39,0.48,1.2575221584984226,7672,0.0680721181147071,48,49,1.0208333333333333,0,MEL-melbourne-1465759-0-1|qp12
2.348,50.0,12.0,14.0,11,1.39,0.48,1.2797808291524375,7574,0.0672025837592276,48,49,1.0208333333333333,0,MEL-melbourne-1465759-0-1|qp12
2.348,50.0,12.0,14.0,27,1.39,0.48,1.2354791880780864,7784,0.0690658716638275,48,48,1.0,0,MEL-melbourne-1465759-0-1|qp12
2.348,50.0,28.0,11.0,13,1.39,0.48,1.1346691710493138,19965,0.1771454429301536,112,112,1.0,0,MEL-melbourne-1465759-0-1|qp28
2.348,50.0,28.0,11.0,29,1.39,0.48,1.1703507856136066,19157,0.1699762208972176,112,113,1.0089285714285714,0,MEL-melbourne-1465759-0-1|qp28
1.83,50.0,9.0,9.0,15,1.39,0.48,1.2199331327315412,5982,0.0681010928961738,36,37,1.0277777777777777,0,MEL-melbourne-1477330-0-0|qp9
5.175,50.0,26.0,19.0,1,1.39,0.48,1.1829224897570545,17817,0.0717270531400959,104,102,0.9807692307692308,0,MEL-melbourne-1515142-0-0|qp26
5.175,50.0,26.0,19.0,17,1.39,0.48,1.252121516296716,16936,0.0681803542673108,104,104,1.0,0,MEL-melbourne-1515142-0-0|qp26
5.175,50.0,62.0,7.0,3,1.39,0.48,1.1193035810688174,44456,0.1789694041867969,248,248,1.0,0,MEL-melbourne-1515142-0-0|qp62
5.175,50.0,62.0,7.0,19,1.39,0.48,1.152500057604893,43399,0.1747141706924322,248,248,1.0,0,MEL-melbourne-1515142-0-0|qp62
1.844,50.0,22.0,7.0,5,1.39,0.48,1.1581433098363376,15463,0.1746994757772947,88,88,1.0,0,MEL-melbourne-RPSP02B11034-0-0|qp22
1.844,50.0,22.0,7.0,21,1.39,0.48,1.0967189582071597,16510,0.1865283803326099,88,85,0.9659090909090908,0,MEL-melbourne-RPSP02B11034-0-0|qp22
1.844,50.0,9.0,11.0,7,1.39,0.48,1.2283012109840787,5863,0.0662396059291416,36,37,1.0277777777777777,0,MEL-melbourne-RPSP02B11034-0-0|qp9
1.844,50.0,9.0,11.0,23,1.39,0.48,1.1604979919678786,6225,0.0703294468546657,36,35,0.9722222222222222,0,MEL-melbourne-RPSP02B11034-0-0|qp9
3.609,50.0,54.0,11.0,9,1.39,0.48,1.0885469611869811,39703,0.2291897570887607,216,216,1.0,0,MEL-melbourne-RPSP03A10530L1-0-0|qp54
3.609,50.0,54.0,11.0,25,1.39,0.48,1.0798039748178725,40505,0.2338193867183874,216,220,1.0185185185185186,0,MEL-melbourne-RPSP03A10530L1-0-0|qp54
3.194,50.0,38.0,13.0,11,1.39,0.48,1.190998706541912,25513,0.1664122834481348,152,148,0.9736842105263158,0,MEL-melbourne-RPSP03A11034L1-0-0|qp38
3.194,50.0,38.0,13.0,27,1.39,0.48,1.1974164145681214,25453,0.1660209246503891,152,150,0.986842105263158,0,MEL-melbourne-RPSP03A11034L1-0-0|qp38
3.194,50.0,38.0,14.0,13,1.39,0.48,1.124535866529459,27212,0.1774942600709697,152,152,1.0,0,MEL-melbourne-RPSP03A11034L1-0-0|qp38
3.194,50.0,38.0,14.0,29,1.39,0.48,1.1748286937901795,26152,0.1705802546441273,152,156,1.0263157894736843,0,MEL-melbourne-RPSP03A11034L1-0-0|qp38
3.121,50.0,16.0,19.0,15,1.39,0.48,1.3043572298944233,9848,0.0657374773042828,64,63,0.984375,0,MEL-melbourne-RPSP07A11127-0-0|qp16
3.121,50.0,38.0,11.0,1,1.39,0.48,1.185473802424191,25823,0.1723739720175098,152,154,1.013157894736842,0,MEL-melbourne-RPSP07A11127-0-0|qp38
3.121,50.0,38.0,11.0,17,1.39,0.48,1.236852233677071,24735,0.1651113425184185,152,153,1.006578947368421,0,MEL-melbourne-RPSP07A11127-0-0|qp38
3.499,50.0,52.0,9.0,3,1.39,0.48,1.158860822189152,36342,0.2163832523578154,208,206,0.9903846153846154,0,MEL-melbourne-RPSP0814955L1-0-0|qp52
3.499,50.0,52.0,9.0,19,1.39,0.48,1.1443908594628949,36453,0.2170441554729914,208,203,0.9759615384615384,0,MEL-melbourne-RPSP0814955L1-0-0|qp52
6.11,50.0,31.0,16.0,5,1.39,0.48,1.2452616498266145,19893,0.0678293780687405,124,122,0.9838709677419356,0,NTP-newtaipei-idx11355-0-2|qp31
6.11,50.0,31.0,16.0,21,1.39,0.48,1.194608633093607,20850,0.0710924713584292,124,127,1.0241935483870968,0,NTP-newtaipei-idx11355-0-2|qp31
6.11,50.0,31.0,17.0,7,1.39,0.48,1.1890559305688655,20740,0.0707174031642129,124,122,0.9838709677419356,0,NTP-newtaipei-idx11355-0-2|qp31
6.11,50.0,31.0,17.0,23,1.39,0.48,1.1220932965692116,22123,0.075433033278778,124,124,1.0,0,NTP-newtaipei-idx11355-0-2|qp31
4.98,50.0,25.0,19.0,9,1.39,0.48,1.2361761619651412,16201,0.0677752677376179,100,100,1.0,0,NTP-newtaipei-idx11808-0-1|qp25
4.98,50.0,25.0,19.0,25,1.39,0.48,1.1588769345836525,17381,0.072711680053549,100,103,1.03,0,NTP-newtaipei-idx11808-0-1|qp25
4.98,50.0,60.0,11.0,11,1.39,0.48,1.088676024192777,43815,0.1832956827309233,240,236,0.9833333333333332,0,NTP-newtaipei-idx11808-0-1|qp60
4.98,50.0,60.0,11.0,27,1.39,0.48,1.0638128607686723,44523,0.1862575301204789,240,240,1.0,0,NTP-newtaipei-idx11808-0-1|qp60
1.78,50.0,9.0,9.0,13,1.39,0.48,1.1682041859722374,6259,0.0732560861423195,36,37,1.0277777777777777,0,NTP-newtaipei-idx11901-0-0|qp9
1.78,50.0,9.0,9.0,29,1.39,0.48,1.2626125021887973,5711,0.066842228464417,36,36,1.0,0,NTP-newtaipei-idx11901-0-0|qp9
1.8,50.0,9.0,7.0,15,1.39,0.48,1.2344560987988658,5911,0.0684143518518516,36,36,1.0,0,NTP-newtaipei-idx13763-0-2|qp9
1.71,50.0,9.0,7.0,1,1.39,0.48,1.2133922378199584,6055,0.0737694931773897,36,37,1.0277777777777777,0,NTP-newtaipei-idx13776-0-2|qp9
1.71,50.0,9.0,7.0,17,1.39,0.48,1.2514873035066765,5789,0.0705287524366488,36,37,1.0277777777777777,0,NTP-newtaipei-idx13776-0-2|qp9
2.46,50.0,12.0,19.0,3,1.39,0.48,1.209089769307983,7976,0.0675474254742555,48,49,1.0208333333333333,0,NTP-newtaipei-idx251-0-0|qp12
2.46,50.0,12.0,19.0,19,1.39,0.48,1.241064469726724,7647,0.0647611788617892,48,47,0.9791666666666666,0,NTP-newtaipei-idx251-0-0|qp12
2.46,50.0,30.0,11.0,5,1.39,0.48,1.2186465210767343,19690,0.1667513550135528,120,120,1.0,0,NTP-newtaipei-idx251-0-0|qp30
2.46,50.0,30.0,11.0,21,1.39,0.48,1.192033613445477,20230,0.17132452574526,120,121,1.0083333333333333,0,NTP-newtaipei-idx251-0-0|qp30
2.99,50.0,36.0,13.0,7,1.39,0.48,1.132423370892683,25382,0.176853400222966,144,141,0.9791666666666666,0,NTP-newtaipei-idx4423-0-0|qp36
2.99,50.0,36.0,13.0,23,1.39,0.48,1.1302323593410066,25736,0.1793199554069146,144,145,1.0069444444444444,0,NTP-newtaipei-idx4423-0-0|qp36
2.99,50.0,36.0,14.0,9,1.39,0.48,1.1767580240923985,24738,0.172366220735788,144,149,1.0347222222222223,0,NTP-newtaipei-idx4423-0-0|qp36
2.99,50.0,36.0,14.0,25,1.39,0.48,1.1132089987177936,25737,0.1793269230769245,144,142,0.9861111111111112,0,NTP-newtaipei-idx4423-0-0|qp36
2.33,50.0,12.0,16.0,11,1.39,0.48,1.2752671451356266,7524,0.067274678111587,48,49,1.0208333333333333,0,NTP-newtaipei-idx5617-0-0|qp12
2.33,50.0,12.0,16.0,27,1.39,0.48,1.2321423076922888,7800,0.0697424892703855,48,48,1.0,0,NTP-newtaipei-idx5617-0-0|qp12
2.33,50.0,12.0,17.0,13,1.39,0.48,1.1934615860448,8083,0.0722728898426316,48,47,0.9791666666666666,0,NTP-newtaipei-idx5617-0-0|qp12
2.33,50.0,12.0,17.0,29,1.39,0.48,1.2119131203434796,7919,0.0708065092989982,48,47,0.9791666666666666,0,NTP-newtaipei-idx5617-0-0|qp12
2.33,50.0,28.0,11.0,15,1.39,0.48,1.1955407909364677,18889,0.1688930615164512,112,110,0.9821428571428572,0,NTP-newtaipei-idx5617-0-0|qp28
2.62,50.0,31.0,13.0,1,1.39,0.48,1.1781964175417086,21047,0.1673584605597964,124,126,1.0161290322580645,0,NTP-newtaipei-idx6820-0-0|qp31
2.62,50.0,31.0,13.0,17,1.39,0.48,1.2390500571655547,20117,0.1599634223918579,124,127,1.0241935483870968,0,NTP-newtaipei-idx6820-0-0|qp31
2.62,50.0,31.0,14.0,3,1.39,0.48,1.1943732043670023,20884,0.1660623409669216,124,124,1.0,0,NTP-newtaipei-idx6820-0-0|qp31
2.62,50.0,31.0,14.0,19,1.39,0.48,1.2453118430273122,19978,0.1588581424936378,124,123,0.9919354838709676,0,NTP-newtaipei-idx6820-0-0|qp31
2.9,50.0,35.0,11.0,5,1.39,0.48,1.2449619847939206,22491,0.1615732758620646,140,140,1.0,0,NTP-newtaipei-idx7804-0-0|qp35
2.9,50.0,35.0,11.0,21,1.39,0.48,1.188162505289889,23630,0.1697557471264325,140,142,1.0142857142857142,0,NTP-newtaipei-idx7804-0-0|qp35
1.91,50.0,10.0,9.0,7,1.39,0.48,1.2310537601469953,6529,0.0712150959860391,40,43,1.075,0,NTP-newtaipei-idx9858-0-0|qp10
1.91,50.0,10.0,9.0,23,1.39,0.48,1.1749448345035165,6979,0.0761234729493899,40,41,1.025,0,NTP-newtaipei-idx9858-0-0|qp10
1.707,50.0,8.0,7.0,9,1.39,0.48,1.2863699582753736,5033,0.0614259910173815,32,32,1.0,0,NYC-nyc-110605-0-2|qp8
1.707,50.0,8.0,7.0,25,1.39,0.48,1.2370808526982728,5207,0.063549599687563,32,33,1.03125,0,NYC-nyc-110605-0-2|qp8
2.408,50.0,12.0,19.0,11,1.39,0.48,1.2636951711571434,7683,0.0664711378737533,48,48,1.0,0,NYC-nyc-17655-0-0|qp12
2.408,50.0,12.0,19.0,27,1.39,0.48,1.2184766957180315,7917,0.0684956395348826,48,47,0.9791666666666666,0,NYC-nyc-17655-0-0|qp12
2.408,50.0,29.0,11.0,13,1.39,0.48,1.1768402619156502,19701,0.1704474667774118,116,118,1.0172413793103448,0,NYC-nyc-17655-0-0|qp29
2.408,50.0,29.0,11.0,29,1.39,0.48,1.176139846743306,19836,0.1716154485049851,116,116,1.0,0,NYC-nyc-17655-0-0|qp29
2.073,50.0,10.0,11.0,15,1.39,0.48,1.2509162424803448,6483,0.065153159671974,40,41,1.025,0,NYC-nyc-199805-0-0|qp10
2.073,50.0,25.0,7.0,1,1.39,0.48,1.1387750367771932,17674,0.1776210001607977,100,98,0.98,0,NYC-nyc-199805-0-0|qp25
2.073,50.0,25.0,7.0,17,1.39,0.48,1.1649496634643195,17383,0.1746964946132806,100,99,0.99,0,NYC-nyc-199805-0-0|qp25
3.17,50.0,38.0,11.0,3,1.39,0.48,1.1886932128107528,25666,0.1686777076761284,152,151,0.993421052631579,0,NYC-nyc-20131-0-2|qp38
3.17,50.0,38.0,11.0,19,1.39,0.48,1.2031792519406548,25506,0.1676261829652978,152,151,0.993421052631579,0,NYC-nyc-20131-0-2|qp38
2.56,50.0,31.0,13.0,5,1.39,0.48,1.2098686706552355,20559,0.1673095703125,124,123,0.9919354838709676,0,NYC-nyc-214464-0-0|qp31
2.56,50.0,31.0,13.0,21,1.39,0.48,1.18999236859684,20966,0.1706217447916666,124,127,1.0241935483870968,0,NYC-nyc-214464-0-0|qp31
2.56,50.0,31.0,14.0,7,1.39,0.48,1.111403611473815,22207,0.1807210286458333,124,123,0.9919354838709676,0,NYC-nyc-214464-0-0|qp31
2.56,50.0,31.0,14.0,23,1.39,0.48,1.1017066453447435,22512,0.183203125,124,123,0.9919354838709676,0,NYC-nyc-214464-0-0|qp31
2.347,50.0,35.0,9.0,9,1.39,0.48,1.1478537688238617,24769,0.2198640107939203,140,139,0.9928571428571428,0,NYC-nyc-267383-0-0|qp35
2.347,50.0,35.0,9.0,25,1.39,0.48,1.1157385776717823,25170,0.2234235193864525,140,140,1.0,0,NYC-nyc-267383-0-0|qp35
2.377,50.0,12.0,16.0,11,1.39,0.48,1.2520824125829364,7693,0.0674256766231939,48,48,1.0,0,NYC-nyc-27695-0-3|qp12
2.377,50.0,12.0,16.0,27,1.39,0.48,1.2144796778658549,7947,0.0696518721076979,48,48,1.0,0,NYC-nyc-27695-0-3|qp12
2.377,50.0,12.0,17.0,13,1.39,0.48,1.2220502729465557,7877,0.0690383536670864,48,50,1.0416666666666667,0,NYC-nyc-27695-0-3|qp12
2.377,50.0,12.0,17.0,29,1.39,0.48,1.2226474326385433,7868,0.068959472724722,48,47,0.9791666666666666,0,NYC-nyc-27695-0-3|qp12
2.377,50.0,28.0,11.0,15,1.39,0.48,1.2131221111469113,18606,0.1630732015145143,112,109,0.9732142857142856,0,NYC-nyc-27695-0-3|qp28
1.676,50.0,8.0,7.0,1,1.39,0.48,1.1900728019413576,5357,0.0665895982498035,32,31,0.96875,0,NYC-nyc-46079-0-1|qp8
1.676,50.0,8.0,7.0,17,1.39,0.48,1.2139573101624537,5294,0.0658064836913308,32,30,0.9375,0,NYC-nyc-46079-0-1|qp8
3.048,50.0,37.0,13.0,3,1.39,0.48,1.1816271646317695,25062,0.1713008530183783,148,150,1.0135135135135136,0,NYC-nyc-59808-0-1|qp37
3.048,50.0,37.0,13.0,19,1.39,0.48,1.2002375958047358,24790,0.1694417104112032,148,147,0.9932432432432432,0,NYC-nyc-59808-0-1|qp37
3.048,50.0,37.0,14.0,5,1.39,0.48,1.189650802590831,24857,0.1698996609798828,148,150,1.0135135135135136,0,NYC-nyc-59808-0-1|qp37
3.048,50.0,37.0,14.0,21,1.39,0.48,1.1494157756082424,25812,0.1764271653543347,148,146,0.9864864864864864,0,NYC-nyc-59808-0-1|qp37
5.06,50.0,25.0,19.0,7,1.39,0.48,1.1834965076358137,16894,0.0695569828722006,100,100,1.0,0,NYC-nyc-62758-0-0|qp25
5.06,50.0,25.0,19.0,23,1.39,0.48,1.1388964500396297,17634,0.0726037549407119,100,100,1.0,0,NYC-nyc-62758-0-0|qp25
5.06,50.0,61.0,9.0,9,1.39,0.48,1.0531757180214227,46273,0.1905179512516484,244,245,1.0040983606557377,0,NYC-nyc-62758-0-0|qp61
5.06,50.0,61.0,9.0,25,1.39,0.48,1.065514978848335,46332,0.1907608695652197,244,242,0.9918032786885246,0,NYC-nyc-62758-0-0|qp61
3.719,50.0,19.0,19.0,11,1.39,0.48,1.2716638795985482,11960,0.0669982970332543,76,76,1.0,0,NYC-nyc-9648-0-0|qp19
3.719,50.0,19.0,19.0,27,1.39,0.48,1.246111156585159,12217,0.068437976158468,76,75,0.986842105263158,0,NYC-nyc-9648-0-0|qp19
3.719,50.0,45.0,11.0,13,1.39,0.48,1.1439836117239657,31730,0.1777471542529366,180,178,0.9888888888888888,0,NYC-nyc-9648-0-0|qp45
3.719,50.0,45.0,11.0,29,1.39,0.48,1.1811364893443816,30735,0.1721732992739999,180,183,1.0166666666666666,0,NYC-nyc-9648-0-0|qp45
2.103,50.0,32.0,7.0,15,1.39,0.48,1.1289141535372729,22913,0.2269872404501494,128,127,0.9921875,0,NYC-nyc-98749-0-2|qp32
4.115,50.0,62.0,7.0,1,1.39,0.48,1.1153598242903373,44619,0.2258961117861472,248,246,0.9919354838709676,0,SEA-seattle-5423808-0-1|qp62
4.115,50.0,62.0,7.0,17,1.39,0.48,1.0998152953077065,45478,0.2302450384771145,248,250,1.0080645161290325,0,SEA-seattle-5423808-0-1|qp62
1.829,50.0,9.0,7.0,3,1.39,0.48,1.2210162466843553,6032,0.0687078549298333,36,36,1.0,0,SEA-seattle-5426480-0-0|qp9
1.829,50.0,9.0,7.0,19,1.39,0.48,1.2684620786517111,5696,0.0648806269363949,36,37,1.0277777777777777,0,SEA-seattle-5426480-0-0|qp9
2.54,50.0,38.0,11.0,5,1.39,0.48,1.1944388702349895,25315,0.2076361548556485,152,151,0.993421052631579,0,SEA-seattle-5426595-0-0|qp38
2.54,50.0,38.0,11.0,21,1.39,0.48,1.1527340992716242,26634,0.2184547244094516,152,154,1.013157894736842,0,SEA-seattle-5426595-0-0|qp38
1.651,50.0,8.0,7.0,7,1.39,0.48,1.2220055762081323,5380,0.067888148596808,32,31,0.96875,0,SEA-seattle-5432169-0-1|qp8
1.651,50.0,8.0,7.0,23,1.39,0.48,1.1765454545454523,5500,0.0694023823945069,32,30,0.9375,0,SEA-seattle-5432169-0-1|qp8
1.829,50.0,9.0,7.0,9,1.39,0.48,1.2657779705116805,5765,0.0656665755421905,36,36,1.0,0,SEA-seattle-5433778-0-0|qp9
1.829,50.0,9.0,7.0,25,1.39,0.48,1.2286869207002695,5826,0.0663613996719516,36,37,1.0277777777777777,0,SEA-seattle-5433778-0-0|qp9
2.438,50.0,37.0,11.0,11,1.39,0.48,1.1299931753554469,26375,0.2253811184030704,148,144,0.972972972972973,0,SEA-seattle-5434873-0-0|qp37
2.438,50.0,37.0,11.0,27,1.39,0.48,1.1272030407430509,26704,0.2281925075198336,148,144,0.972972972972973,0,SEA-seattle-5434873-0-0|qp37
1.829,50.0,9.0,11.0,13,1.39,0.48,1.1641956241956586,6216,0.070803717878622,36,36,1.0,0,SEA-seattle-5438086-0-1|qp9
1.829,50.0,9.0,11.0,29,1.39,0.48,1.2485869004641954,5817,0.0662588846364131,36,36,1.0,0,SEA-seattle-5438086-0-1|qp9
4.064,50.0,61.0,7.0,15,1.39,0.48,1.138130100148327,43136,0.2211286089238847,244,235,0.9631147540983608,0,SEA-seattle-5445989-0-0|qp61
1.829,50.0,9.0,7.0,1,1.39,0.48,1.2417938352703173,5937,0.0676257517769261,36,37,1.0277777777777777,0,SEA-seattle-5449118-0-0|qp9
1.829,50.0,9.0,7.0,17,1.39,0.48,1.222948739637988,5911,0.0673295972298156,36,37,1.0277777777777777,0,SEA-seattle-5449118-0-0|qp9
1.829,50.0,22.0,7.0,3,1.39,0.48,1.07496748015988,16759,0.1908943867322739,88,85,0.9659090909090908,0,SEA-seattle-5449903-0-0|qp22
1.829,50.0,22.0,7.0,19,1.39,0.48,1.1605891513106394,15412,0.1755513030800057,88,90,1.0227272727272727,0,SEA-seattle-5449903-0-0|qp22
1.829,50.0,9.0,9.0,5,1.39,0.48,1.247734123624037,5905,0.0672612538727887,36,34,0.9444444444444444,0,SEA-seattle-5449903-0-0|qp9
1.829,50.0,9.0,9.0,21,1.39,0.48,1.217796807449303,6014,0.0685028248587555,36,36,1.0,0,SEA-seattle-5449903-0-0|qp9
2.438,50.0,12.0,19.0,7,1.39,0.48,1.22782146516392,7808,0.0667213563029821,48,48,1.0,0,SEA-seattle-5452128-0-1|qp12
2.438,50.0,12.0,19.0,23,1.39,0.48,1.187520894788565,8136,0.0695242001640702,48,49,1.0208333333333333,0,SEA-seattle-5452128-0-1|qp12
2.438,50.0,29.0,13.0,9,1.39,0.48,1.1887371452077542,19448,0.1661881323489226,116,116,1.0,0,SEA-seattle-5452128-0-1|qp29
2.438,50.0,29.0,13.0,25,1.39,0.48,1.1483950677932149,20356,0.1739472245009613,116,121,1.043103448275862,0,SEA-seattle-5452128-0-1|qp29
2.438,50.0,29.0,14.0,11,1.39,0.48,1.1975157103121343,19414,0.1658975936560054,116,116,1.0,0,SEA-seattle-5452128-0-1|qp29
2.438,50.0,29.0,14.0,27,1.39,0.48,1.178775397304369,19884,0.1699138638228089,116,115,0.9913793103448276,0,SEA-seattle-5452128-0-1|qp29
1.829,50.0,22.0,9.0,13,1.39,0.48,1.094463259752041,16535,0.1883429014033165,88,88,1.0,0,SEA-seattle-5453813-0-0|qp22
1.829,50.0,22.0,9.0,29,1.39,0.48,1.132120650225561,16179,0.1842878622197918,88,88,1.0,0,SEA-seattle-5453813-0-0|qp22
1.829,50.0,9.0,9.0,15,1.39,0.48,1.180991323907468,6224,0.0708948423546558,36,36,1.0,0,SEA-seattle-5453813-0-0|qp9
2.591,50.0,31.0,13.0,1,1.39,0.48,1.168859095193221,21220,0.1706226682104699,124,127,1.0241935483870968,0,SEA-seattle-5454776-0-1|qp31
2.591,50.0,31.0,13.0,17,1.39,0.48,1.2270640122209375,20293,0.1631689823748834,124,125,1.0080645161290325,0,SEA-seattle-5454776-0-1|qp31
2.591,50.0,31.0,14.0,3,1.39,0.48,1.1949923113887782,20810,0.1673260002572978,124,123,0.9919354838709676,0,SEA-seattle-5454776-0-1|qp31
2.591,50.0,31.0,14.0,19,1.39,0.48,1.218953699612103,20367,0.1637639907371641,124,125,1.0080645161290325,0,SEA-seattle-5454776-0-1|qp31
1.8,50.0,22.0,7.0,5,1.39,0.48,1.1116694636086824,16089,0.1862152777777842,88,88,1.0,0,TAO-taoyuan-idx10181-0-0|qp22
1.8,50.0,22.0,7.0,21,1.39,0.48,1.0708999173846356,16946,0.1961342592592655,88,84,0.9545454545454546,0,TAO-taoyuan-idx10181-0-0|qp22
1.8,50.0,9.0,7.0,7,1.39,0.48,1.2004894640782549,6027,0.0697569444444436,36,36,1.0,0,TAO-taoyuan-idx10181-0-0|qp9
1.8,50.0,9.0,7.0,23,1.39,0.48,1.166699215623499,6247,0.07230324074074,36,35,0.9722222222222222,0,TAO-taoyuan-idx10181-0-0|qp9
3.0,50.0,36.0,11.0,9,1.39,0.48,1.2064418268236434,24195,0.168020833333334,144,148,1.0277777777777777,0,TAO-taoyuan-idx158-0-0|qp36
3.0,50.0,36.0,11.0,25,1.39,0.48,1.1475222858961514,25128,0.1744999999999986,144,142,0.9861111111111112,0,TAO-taoyuan-idx158-0-0|qp36
2.4,50.0,12.0,16.0,11,1.39,0.48,1.2887406914894437,7520,0.0652777777777776,48,49,1.0208333333333333,0,TAO-taoyuan-idx3410-0-9|qp12
2.4,50.0,12.0,16.0,27,1.39,0.48,1.2363748712667073,7768,0.0674305555555551,48,46,0.9583333333333334,0,TAO-taoyuan-idx3410-0-9|qp12
2.4,50.0,12.0,17.0,13,1.39,0.48,1.2297704539625418,7798,0.0676909722222219,48,49,1.0208333333333333,0,TAO-taoyuan-idx3410-0-9|qp12
2.4,50.0,12.0,17.0,29,1.39,0.48,1.2359648221851405,7789,0.067612847222222,48,47,0.9791666666666666,0,TAO-taoyuan-idx3410-0-9|qp12
2.4,50.0,29.0,11.0,15,1.39,0.48,1.205351210622181,19205,0.1667100694444449,116,116,1.0,0,TAO-taoyuan-idx3410-0-9|qp29
2.04,50.0,10.0,9.0,1,1.39,0.48,1.2369525716045184,6494,0.0663194444444439,40,40,1.0,0,TAO-taoyuan-idx3430-0-3|qp10
2.04,50.0,10.0,9.0,17,1.39,0.48,1.2483131030189922,6426,0.0656249999999989,40,39,0.975,0,TAO-taoyuan-idx3430-0-3|qp10
2.04,50.0,24.0,9.0,3,1.39,0.48,1.1289273316361943,17284,0.176511437908496,96,94,0.9791666666666666,0,TAO-taoyuan-idx3430-0-3|qp24
2.04,50.0,24.0,9.0,19,1.39,0.48,1.0995675223214183,17920,0.183006535947712,96,95,0.9895833333333334,0,TAO-taoyuan-idx3430-0-3|qp24
1.87,50.0,22.0,7.0,5,1.39,0.48,1.176342140026422,15140,0.1686720142602504,88,88,1.0,0,TAO-taoyuan-idx5160-0-0|qp22
1.87,50.0,22.0,7.0,21,1.39,0.48,1.1192474854091587,16106,0.1794340463458128,88,87,0.9886363636363636,0,TAO-taoyuan-idx5160-0-0|qp22
1.87,50.0,9.0,9.0,7,1.39,0.48,1.2365539507221155,5885,0.0655637254901968,36,36,1.0,0,TAO-taoyuan-idx5160-0-0|qp9
1.87,50.0,9.0,9.0,23,1.39,0.48,1.199839536807284,6045,0.0673462566844927,36,35,0.9722222222222222,0,TAO-taoyuan-idx5160-0-0|qp9
6.92,50.0,35.0,13.0,9,1.39,0.48,1.1707064585753744,24092,0.0725313102119444,140,138,0.9857142857142858,0,TAO-taoyuan-idx531-0-1|qp35
6.92,50.0,35.0,13.0,25,1.39,0.48,1.158594829369115,24175,0.072781189788053,140,139,0.9928571428571428,0,TAO-taoyuan-idx531-0-1|qp35
6.92,50.0,35.0,14.0,11,1.39,0.48,1.203724870017446,23080,0.0694845857418102,140,139,0.9928571428571428,0,TAO-taoyuan-idx531-0-1|qp35
6.92,50.0,35.0,14.0,27,1.39,0.48,1.224023059050521,22811,0.0686747350674369,140,139,0.9928571428571428,0,TAO-taoyuan-idx531-0-1|qp35
6.92,50.0,83.0,11.0,13,1.39,0.48,0.9135635881645576,72427,0.2180485308285137,332,321,0.966867469879518,0,TAO-taoyuan-idx531-0-1|qp83
6.92,50.0,83.0,11.0,29,1.39,0.48,0.9521396085205996,69480,0.2091763005780351,332,332,1.0,0,TAO-taoyuan-idx531-0-1|qp83
2.6,50.0,31.0,13.0,15,1.39,0.48,1.203199128961924,20665,0.1655849358974338,124,127,1.0241935483870968,0,TAO-taoyuan-idx5379-0-4|qp31
2.6,50.0,31.0,14.0,1,1.39,0.48,1.1293267308741095,22012,0.1763782051281993,124,126,1.0161290322580645,0,TAO-taoyuan-idx5379-0-4|qp31
2.6,50.0,31.0,14.0,17,1.39,0.48,1.2103564636465367,20507,0.1643189102564051,124,128,1.032258064516129,0,TAO-taoyuan-idx5379-0-4|qp31
2.28,50.0,34.0,9.0,3,1.39,0.48,1.1599431263529143,23561,0.2152869152046825,136,139,1.0220588235294117,0,TAO-taoyuan-idx578-0-8|qp34
2.28,50.0,34.0,9.0,19,1.39,0.48,1.1833252856219263,23195,0.2119426169590652,136,136,1.0,0,TAO-taoyuan-idx578-0-8|qp34
2.3,50.0,12.0,16.0,5,1.39,0.48,1.2176637887252038,7876,0.0713405797101426,48,49,1.0208333333333333,0,TAO-taoyuan-idx6720-0-3|qp12
2.3,50.0,12.0,16.0,21,1.39,0.48,1.2077560975610029,7995,0.0724184782608673,48,49,1.0208333333333333,0,TAO-taoyuan-idx6720-0-3|qp12
2.3,50.0,12.0,17.0,7,1.39,0.48,1.2047155388470938,7980,0.0722826086956497,48,49,1.0208333333333333,0,TAO-taoyuan-idx6720-0-3|qp12
2.3,50.0,12.0,17.0,23,1.39,0.48,1.2022063393411988,8045,0.0728713768115918,48,49,1.0208333333333333,0,TAO-taoyuan-idx6720-0-3|qp12
2.3,50.0,28.0,11.0,9,1.39,0.48,1.161145089516734,19326,0.1750543478260854,112,109,0.9732142857142856,0,TAO-taoyuan-idx6720-0-3|qp28
2.3,50.0,28.0,11.0,25,1.39,0.48,1.146400960016278,19583,0.1773822463768117,112,117,1.0446428571428572,0,TAO-taoyuan-idx6720-0-3|qp28
2.23,50.0,11.0,11.0,11,1.39,0.48,1.305254825090511,6632,0.0619581464872926,44,45,1.0227272727272727,0,TAO-taoyuan-idx7044-0-7|qp11
2.23,50.0,11.0,11.0,27,1.39,0.48,1.2922393992932533,6792,0.0634529147982047,44,44,1.0,0,TAO-taoyuan-idx7044-0-7|qp11
2.23,50.0,27.0,11.0,13,1.39,0.48,1.1458041736930558,18976,0.1772795216741415,108,111,1.0277777777777777,0,TAO-taoyuan-idx7044-0-7|qp27
2.23,50.0,27.0,11.0,29,1.39,0.48,1.1683954015544036,18528,0.1730941704035873,108,107,0.9907407407407408,0,TAO-taoyuan-idx7044-0-7|qp27
1.97,50.0,10.0,9.0,15,1.39,0.48,1.261254635352279,6472,0.0684433164128596,40,41,1.025,0,TAO-taoyuan-idx718-0-1|qp10
1.97,50.0,24.0,7.0,1,1.39,0.48,1.157463551625219,16736,0.1769881556683596,96,96,1.0,0,TAO-taoyuan-idx718-0-1|qp24
1.97,50.0,24.0,7.0,17,1.39,0.48,1.1741751675016463,16567,0.1752009306260575,96,95,0.9895833333333334,0,TAO-taoyuan-idx718-0-1|qp24
3.07,50.0,37.0,13.0,3,1.39,0.48,1.1914926208855332,25003,0.1696729098805634,148,152,1.027027027027027,0,TAO-taoyuan-idx9038-0-2|qp37
3.07,50.0,37.0,13.0,19,1.39,0.48,1.214896297811403,24445,0.1658862649294234,148,148,1.0,0,TAO-taoyuan-idx9038-0-2|qp37
3.07,50.0,37.0,14.0,5,1.39,0.48,1.2070555005772603,24252,0.164576547231269,148,145,0.9797297297297296,0,TAO-taoyuan-idx9038-0-2|qp37
3.07,50.0,37.0,14.0,21,1.39,0.48,1.1333832951945286,26220,0.1779315960912057,148,148,1.0,0,TAO-taoyuan-idx9038-0-2|qp37
2.69,50.0,40.0,11.0,7,1.39,0.48,1.112760617091333,28845,0.2233968401486969,160,158,0.9875,0,TPE-taipei-idx11047-0-0|qp40
2.69,50.0,40.0,11.0,23,1.39,0.48,1.1286863177035178,28599,0.2214916356877327,160,159,0.99375,0,TPE-taipei-idx11047-0-0|qp40
1.99,50.0,10.0,11.0,9,1.39,0.48,1.2514711359403814,6444,0.0674623115577896,40,40,1.0,0,TPE-taipei-idx14193-0-0|qp10
1.99,50.0,10.0,11.0,25,1.39,0.48,1.19529455630121,6705,0.0701947236180916,40,42,1.05,0,TPE-taipei-idx14193-0-0|qp10
1.99,50.0,24.0,7.0,11,1.39,0.48,1.1891183663487406,16356,0.1712311557788906,96,97,1.0104166666666667,0,TPE-taipei-idx14193-0-0|qp24
1.99,50.0,24.0,7.0,27,1.39,0.48,1.1759947739427028,16456,0.1722780569514186,96,97,1.0104166666666667,0,TPE-taipei-idx14193-0-0|qp24
2.36,50.0,12.0,16.0,13,1.39,0.48,1.207960567625252,7963,0.0702948446327686,48,48,1.0,0,TPE-taipei-idx15074-0-0|qp12
2.36,50.0,12.0,16.0,29,1.39,0.48,1.2133909205548612,7930,0.0700035310734465,48,47,0.9791666666666666,0,TPE-taipei-idx15074-0-0|qp12
2.36,50.0,12.0,17.0,15,1.39,0.48,1.234289937026071,7781,0.0686882062146892,48,48,1.0,0,TPE-taipei-idx15074-0-0|qp12
2.36,50.0,28.0,11.0,1,1.39,0.48,1.1793514611658784,19197,0.1694650423728804,112,113,1.0089285714285714,0,TPE-taipei-idx15074-0-0|qp28
2.36,50.0,28.0,11.0,17,1.39,0.48,1.1820447784562285,19161,0.169147245762711,112,107,0.9553571428571428,0,TPE-taipei-idx15074-0-0|qp28
2.48,50.0,37.0,11.0,3,1.39,0.48,1.168974641242436,25435,0.2136676747311854,148,148,1.0,0,TPE-taipei-idx15608-0-1|qp37
2.48,50.0,37.0,11.0,19,1.39,0.48,1.1658299515385382,25381,0.2132140456989269,148,150,1.0135135135135136,0,TPE-taipei-idx15608-0-1|qp37
1.96,50.0,10.0,11.0,5,1.39,0.48,1.2547176341041142,6357,0.0675701530612259,40,40,1.0,0,TPE-taipei-idx1592-0-2|qp10
1.96,50.0,10.0,11.0,21,1.39,0.48,1.1758304042179442,6828,0.0725765306122465,40,40,1.0,0,TPE-taipei-idx1592-0-2|qp10
1.96,50.0,24.0,7.0,7,1.39,0.48,1.1303070861579465,17259,0.1834502551020461,96,97,1.0104166666666667,0,TPE-taipei-idx1592-0-2|qp24
1.96,50.0,24.0,7.0,23,1.39,0.48,1.1348484494539108,17123,0.182004676870755,96,95,0.9895833333333334,0,TPE-taipei-idx1592-0-2|qp24
2.05,50.0,10.0,9.0,9,1.39,0.48,1.270106968695876,6357,0.0646036585365849,40,41,1.025,0,TPE-taipei-idx326-0-1|qp10
2.05,50.0,10.0,9.0,25,1.39,0.48,1.218481050883234,6623,0.0673069105691054,40,40,1.0,0,TPE-taipei-idx326-0-1|qp10
2.05,50.0,25.0,7.0,11,1.39,0.48,1.1488213900096325,17597,0.178831300813008,100,98,0.98,0,TPE-taipei-idx326-0-1|qp25
2.05,50.0,25.0,7.0,27,1.39,0.48,1.2082054060562508,16611,0.1688109756097539,100,99,0.99,0,TPE-taipei-idx326-0-1|qp25
3.54,50.0,18.0,19.0,13,1.39,0.48,1.1943679384313317,12214,0.0718808851224113,72,72,1.0,0,TPE-taipei-idx4344-0-0|qp18
3.54,50.0,18.0,19.0,29,1.39,0.48,1.272308226310276,11524,0.0678201506591341,72,72,1.0,0,TPE-taipei-idx4344-0-0|qp18
3.54,50.0,42.0,11.0,15,1.39,0.48,1.2112707261806772,27803,0.1636240583804154,168,172,1.0238095238095235,0,TPE-taipei-idx4344-0-0|qp42
2.06,50.0,10.0,11.0,1,1.39,0.48,1.228145887379788,6553,0.0662722491909381,40,39,0.975,0,TPE-taipei-idx674-0-1|qp10
2.06,50.0,10.0,11.0,17,1.39,0.48,1.2295380641240077,6581,0.0665554207119737,40,40,1.0,0,TPE-taipei-idx674-0-1|qp10
2.06,50.0,25.0,7.0,3,1.39,0.48,1.1490714367095771,17554,0.177528317152104,100,99,0.99,0,TPE-taipei-idx674-0-1|qp25
2.06,50.0,25.0,7.0,19,1.39,0.48,1.1696311142093674,17214,0.174089805825241,100,101,1.01,0,TPE-taipei-idx674-0-1|qp25
2.99,50.0,45.0,11.0,5,1.39,0.48,1.148248446409029,31218,0.2175167224080306,180,175,0.9722222222222222,0,TPE-taipei-idx813-0-1|qp45
2.99,50.0,45.0,11.0,21,1.39,0.48,1.1446763254257986,31405,0.2188196767001148,180,180,1.0,0,TPE-taipei-idx813-0-1|qp45
3.55,50.0,18.0,19.0,7,1.39,0.48,1.2122097251585493,11825,0.0693955399061031,72,73,1.0138888888888888,0,TPE-taipei-idx9453-0-1|qp18
3.55,50.0,18.0,19.0,23,1.39,0.48,1.1945783132529793,12118,0.0711150234741788,72,73,1.0138888888888888,0,TPE-taipei-idx9453-0-1|qp18
3.55,50.0,43.0,11.0,9,1.39,0.48,1.1495741831815711,29872,0.1753051643192506,172,171,0.994186046511628,0,TPE-taipei-idx9453-0-1|qp43
3.55,50.0,43.0,11.0,25,1.39,0.48,1.101116379037819,31638,0.1856690140845078,172,174,1.0116279069767442,0,TPE-taipei-idx9453-0-1|qp43
