W,L,qp,qr,seed,v_ref,r_robot,mean_speed,speed_count,mean_density,inflow_ped,outflow_ped,flow_ratio
1.5,50.0,10.0,0.0,0,1.39,0.48,1.2425216994061503,6567,0.0912083333333307,40,39,0.975
1.5,50.0,10.0,0.0,8,1.39,0.48,1.2744334277620455,6354,0.0882499999999977,40,39,0.975
1.5,50.0,10.0,0.0,16,1.39,0.48,1.2959280870524883,6341,0.0880694444444417,40,40,1.0
1.5,50.0,10.0,0.0,24,1.39,0.48,1.3471710632788616,6179,0.0858194444444417,40,41,1.025
1.5,50.0,20.0,0.0,2,1.39,0.48,1.255990740740783,12960,0.1799999999999985,80,80,1.0
1.5,50.0,20.0,0.0,10,1.39,0.48,1.2405765119120484,13096,0.1818888888888878,80,81,1.0125
1.5,50.0,20.0,0.0,18,1.39,0.48,1.2620980713671592,12807,0.1778749999999988,80,81,1.0125
1.5,50.0,20.0,0.0,26,1.39,0.48,1.2384040682113764,13077,0.1816249999999988,80,80,1.0
1.5,50.0,30.0,0.0,4,1.39,0.48,1.1411587803290366,21514,0.2988055555555531,120,121,1.0083333333333333
1.5,50.0,30.0,0.0,12,1.39,0.48,1.1827696042729072,20595,0.2860416666666659,120,122,1.0166666666666666
1.5,50.0,30.0,0.0,20,1.39,0.48,1.166633653846092,20800,0.288888888888888,120,122,1.0166666666666666
1.5,50.0,30.0,0.0,28,1.39,0.48,1.158934181002339,21392,0.2971111111111086,120,121,1.0083333333333333
1.5,50.0,40.0,0.0,6,1.39,0.48,1.0774689695935704,30454,0.4229722222222144,160,156,0.975
1.5,50.0,40.0,0.0,14,1.39,0.48,1.0699565946532636,30411,0.4223749999999953,160,160,1.0
1.5,50.0,40.0,0.0,22,1.39,0.48,1.0755090891029693,30201,0.4194583333333262,160,153,0.95625
1.5,50.0,50.0,0.0,0,1.39,0.48,1.0265633589711318,39655,0.5507638888888942,200,202,1.01
1.5,50.0,50.0,0.0,8,1.39,0.48,0.954252997086532,41874,0.5815833333333361,200,198,0.99
1.5,50.0,50.0,0.0,16,1.39,0.48,1.0163920062262992,39831,0.5532083333333397,200,200,1.0
1.5,50.0,50.0,0.0,24,1.39,0.48,0.2195480863945648,83246,1.1561944444444527,0,18,1.0
1.5,50.0,60.0,0.0,2,1.39,0.48,0.3556658351152148,67344,0.935333333333325,2,32,16.0
1.5,50.0,60.0,0.0,10,1.39,0.48,0.7823749283832082,43635,0.6060416666666707,57,114,2.0
1.5,50.0,60.0,0.0,18,1.39,0.48,0.6013665229684795,64719,0.8988750000000001,113,168,1.4867256637168142
1.5,50.0,60.0,0.0,26,1.39,0.48,0.7227878227231216,59455,0.8257638888888856,160,183,1.14375
1.8,50.0,10.0,0.0,4,1.39,0.48,1.3339270456786063,6086,0.0704398148148138,40,41,1.025
1.8,50.0,10.0,0.0,12,1.39,0.48,1.3134044285249349,6142,0.0710879629629621,40,41,1.025
1.8,50.0,10.0,0.0,20,1.39,0.48,1.3600169520257293,5899,0.0682754629629621,40,39,0.975
1.8,50.0,10.0,0.0,28,1.39,0.48,1.3307149885208411,6098,0.0705787037037035,40,41,1.025
1.8,50.0,20.0,0.0,6,1.39,0.48,1.2715929409935212,12863,0.1488773148148175,80,78,0.975
1.8,50.0,20.0,0.0,14,1.39,0.48,1.2398176268599763,13105,0.1516782407407447,80,79,0.9875
1.8,50.0,20.0,0.0,22,1.39,0.48,1.2635517672817975,12788,0.1480092592592599,80,79,0.9875
1.8,50.0,30.0,0.0,0,1.39,0.48,1.1568914069877163,21180,0.245138888888889,120,118,0.9833333333333332
1.8,50.0,30.0,0.0,8,1.39,0.48,1.12475730832877,21756,0.2518055555555544,120,121,1.0083333333333333
1.8,50.0,30.0,0.0,16,1.39,0.48,1.1664799164371895,21062,0.2437731481481475,120,117,0.975
1.8,50.0,30.0,0.0,24,1.39,0.48,1.186777820673693,20722,0.2398379629629619,120,117,0.975
1.8,50.0,40.0,0.0,2,1.39,0.48,1.0867698564754962,29751,0.3443402777777776,160,160,1.0
1.8,50.0,40.0,0.0,10,1.39,0.48,1.0886810124883095,29788,0.3447685185185203,160,170,1.0625
1.8,50.0,40.0,0.0,18,1.39,0.48,1.05032309918021,31105,0.3600115740740733,160,165,1.03125
1.8,50.0,40.0,0.0,26,1.39,0.48,1.0918065006276367,30274,0.3503935185185196,160,158,0.9875
1.8,50.0,50.0,0.0,4,1.39,0.48,0.9227606945825976,44228,0.5118981481481459,200,199,0.995
1.8,50.0,50.0,0.0,12,1.39,0.48,0.936016734862669,43502,0.5034953703703788,200,191,0.955
1.8,50.0,50.0,0.0,20,1.39,0.48,0.947267039996242,42679,0.4939699074074079,200,200,1.0
1.8,50.0,50.0,0.0,28,1.39,0.48,0.9755972745033228,41974,0.4858101851851861,200,209,1.045
1.8,50.0,60.0,0.0,6,1.39,0.48,0.8385039842344223,58355,0.6754050925925862,240,228,0.95
1.8,50.0,60.0,0.0,14,1.39,0.48,0.8795038236780011,55444,0.6417129629629672,240,246,1.025
1.8,50.0,60.0,0.0,22,1.39,0.48,0.880710679190011,55257,0.6395486111111158,240,237,0.9875
2.1,50.0,10.0,0.0,0,1.39,0.48,1.2585546814746549,6483,0.0643154761904775,40,40,1.0
2.1,50.0,10.0,0.0,8,1.39,0.48,1.2977102199223831,6184,0.0613492063492078,40,39,0.975
2.1,50.0,10.0,0.0,16,1.39,0.48,1.3191081871344763,6156,0.0610714285714292,40,40,1.0
2.1,50.0,10.0,0.0,24,1.39,0.48,1.3494152237830876,6122,0.0607341269841283,40,41,1.025
2.1,50.0,20.0,0.0,2,1.39,0.48,1.27363881188121,12625,0.1252480158730155,80,79,0.9875
2.1,50.0,20.0,0.0,10,1.39,0.48,1.241157485121338,13106,0.1300198412698409,80,79,0.9875
2.1,50.0,20.0,0.0,18,1.39,0.48,1.2747223969801311,12716,0.1261507936507922,80,82,1.025
2.1,50.0,20.0,0.0,26,1.39,0.48,1.2887520931345438,12541,0.1244146825396837,80,80,1.0
2.1,50.0,30.0,0.0,4,1.39,0.48,1.2243686349269505,19933,0.1977480158730229,120,120,1.0
2.1,50.0,30.0,0.0,12,1.39,0.48,1.222152900267116,19843,0.1968551587301658,120,120,1.0
2.1,50.0,30.0,0.0,20,1.39,0.48,1.230700879914523,19661,0.1950496031746091,120,122,1.0166666666666666
2.1,50.0,30.0,0.0,28,1.39,0.48,1.2120315132297137,20182,0.2002182539682606,120,122,1.0166666666666666
2.1,50.0,40.0,0.0,6,1.39,0.48,1.1636964272980648,28046,0.2782341269841268,160,156,0.975
2.1,50.0,40.0,0.0,14,1.39,0.48,1.1131895223420474,29205,0.289732142857146,160,154,0.9625
2.1,50.0,40.0,0.0,22,1.39,0.48,1.2022408745599018,26985,0.2677083333333329,160,159,0.99375
2.1,50.0,50.0,0.0,0,1.39,0.48,1.0653902832743565,38408,0.3810317460317619,200,205,1.025
2.1,50.0,50.0,0.0,8,1.39,0.48,1.0431689976387586,38539,0.3823313492063646,200,200,1.0
2.1,50.0,50.0,0.0,16,1.39,0.48,1.0900197361307202,36988,0.3669444444444573,200,198,0.99
2.1,50.0,50.0,0.0,24,1.39,0.48,1.0823137003155414,37386,0.3708928571428695,200,202,1.01
2.1,50.0,60.0,0.0,2,1.39,0.48,0.9752481062906287,49374,0.4898214285714344,240,231,0.9625
2.1,50.0,60.0,0.0,10,1.39,0.48,1.077171938126309,44801,0.4444543650793714,240,238,0.9916666666666668
2.1,50.0,60.0,0.0,18,1.39,0.48,0.9724177096878756,49216,0.4882539682539657,240,244,1.0166666666666666
2.1,50.0,60.0,0.0,26,1.39,0.48,0.9512620976484888,50733,0.5033035714285752,240,232,0.9666666666666668
2.4,50.0,10.0,0.0,4,1.39,0.48,1.3370420669095744,6038,0.0524131944444454,40,41,1.025
2.4,50.0,10.0,0.0,12,1.39,0.48,1.3258672376873917,6071,0.0526996527777788,40,41,1.025
2.4,50.0,10.0,0.0,20,1.39,0.48,1.369386250642857,5833,0.0506336805555563,40,40,1.0
2.4,50.0,10.0,0.0,28,1.39,0.48,1.3405265789035317,6001,0.0520920138888898,40,41,1.025
2.4,50.0,20.0,0.0,6,1.39,0.48,1.3485429074741764,11921,0.1034809027777773,80,77,0.9625
2.4,50.0,20.0,0.0,14,1.39,0.48,1.2797504598896376,12503,0.1085329861111102,80,78,0.975
2.4,50.0,20.0,0.0,22,1.39,0.48,1.3300898672602568,12129,0.1052864583333331,80,81,1.0125
2.4,50.0,30.0,0.0,0,1.39,0.48,1.244324920488375,19494,0.169218750000001,120,119,0.9916666666666668
2.4,50.0,30.0,0.0,8,1.39,0.48,1.208058359148657,20014,0.1737326388888888,120,123,1.025
2.4,50.0,30.0,0.0,16,1.39,0.48,1.3088391790639833,18418,0.1598784722222234,120,118,0.9833333333333332
2.4,50.0,30.0,0.0,24,1.39,0.48,1.287854259613325,18828,0.1634375000000016,120,118,0.9833333333333332
2.4,50.0,40.0,0.0,2,1.39,0.48,1.2263120106931908,26185,0.2273003472222234,160,164,1.025
2.4,50.0,40.0,0.0,10,1.39,0.48,1.182535995250148,26948,0.2339236111111114,160,166,1.0375
2.4,50.0,40.0,0.0,18,1.39,0.48,1.2157334432125908,26696,0.2317361111111122,160,165,1.03125
2.4,50.0,40.0,0.0,26,1.39,0.48,1.2028837035654505,26785,0.2325086805555559,160,156,0.975
2.4,50.0,50.0,0.0,4,1.39,0.48,1.1914431529882663,33898,0.2942534722222235,200,195,0.975
2.4,50.0,50.0,0.0,12,1.39,0.48,1.1998404886147205,33728,0.2927777777777757,200,201,1.005
2.4,50.0,50.0,0.0,20,1.39,0.48,1.1911595618709463,33780,0.2932291666666697,200,194,0.97
2.4,50.0,50.0,0.0,28,1.39,0.48,1.185828878576066,34046,0.2955381944444438,200,202,1.01
2.4,50.0,60.0,0.0,6,1.39,0.48,1.1244820004210712,42751,0.3711024305555553,240,239,0.9958333333333332
2.4,50.0,60.0,0.0,14,1.39,0.48,1.1580998846378474,41608,0.361180555555555,240,236,0.9833333333333332
2.4,50.0,60.0,0.0,22,1.39,0.48,1.1806190300798771,40725,0.3535156249999995,240,239,0.9958333333333332
2.7,50.0,10.0,0.0,0,1.39,0.48,1.26358970383008,6449,0.0497608024691369,40,40,1.0
2.7,50.0,10.0,0.0,8,1.39,0.48,1.305616951915245,6135,0.047337962962964,40,39,0.975
2.7,50.0,10.0,0.0,16,1.39,0.48,1.3481049465240362,5984,0.0461728395061738,40,40,1.0
2.7,50.0,10.0,0.0,24,1.39,0.48,1.3639529879159162,6041,0.0466126543209887,40,41,1.025
2.7,50.0,20.0,0.0,2,1.39,0.48,1.3078881734453025,12269,0.0946682098765423,80,80,1.0
2.7,50.0,20.0,0.0,10,1.39,0.48,1.280056068862066,12663,0.0977083333333322,80,80,1.0
2.7,50.0,20.0,0.0,18,1.39,0.48,1.296824999999948,12400,0.0956790123456775,80,81,1.0125
2.7,50.0,20.0,0.0,26,1.39,0.48,1.3209769502092026,12191,0.0940663580246909,80,80,1.0
2.7,50.0,30.0,0.0,4,1.39,0.48,1.28434340222569,18870,0.1456018518518511,120,120,1.0
2.7,50.0,30.0,0.0,12,1.39,0.48,1.2914597953608418,18667,0.1440354938271594,120,122,1.0166666666666666
2.7,50.0,30.0,0.0,20,1.39,0.48,1.293527333083414,18677,0.1441126543209867,120,121,1.0083333333333333
2.7,50.0,30.0,0.0,28,1.39,0.48,1.2910537531299662,18771,0.1448379629629617,120,119,0.9916666666666668
2.7,50.0,40.0,0.0,6,1.39,0.48,1.2800206759443875,25150,0.1940586419753075,160,156,0.975
2.7,50.0,40.0,0.0,14,1.39,0.48,1.2079788634397246,26589,0.2051620370370358,160,156,0.975
2.7,50.0,40.0,0.0,22,1.39,0.48,1.2561513170769278,25549,0.1971373456790101,160,159,0.99375
2.7,50.0,50.0,0.0,0,1.39,0.48,1.1872514292450755,33934,0.2618364197530861,200,202,1.01
2.7,50.0,50.0,0.0,8,1.39,0.48,1.1851180324926116,33423,0.2578935185185164,200,201,1.005
2.7,50.0,50.0,0.0,16,1.39,0.48,1.218410997062999,33027,0.254837962962963,200,199,0.995
2.7,50.0,50.0,0.0,24,1.39,0.48,1.2266576612531277,32573,0.2513348765432095,200,202,1.01
2.7,50.0,60.0,0.0,2,1.39,0.48,1.122182377048931,42944,0.331358024691359,240,238,0.9916666666666668
2.7,50.0,60.0,0.0,10,1.39,0.48,1.193333333333206,40410,0.3118055555555577,240,242,1.0083333333333333
2.7,50.0,60.0,0.0,18,1.39,0.48,1.16712165444152,40763,0.3145293209876563,240,244,1.0166666666666666
2.7,50.0,60.0,0.0,26,1.39,0.48,1.1592665469721075,41216,0.3180246913580235,240,239,0.9958333333333332
3.0,50.0,10.0,0.0,4,1.39,0.48,1.3385918299568274,6022,0.0418194444444433,40,41,1.025
3.0,50.0,10.0,0.0,12,1.39,0.48,1.3286643552914226,6057,0.0420624999999987,40,41,1.025
3.0,50.0,10.0,0.0,20,1.39,0.48,1.3712770339855442,5826,0.0404583333333324,40,40,1.0
3.0,50.0,10.0,0.0,28,1.39,0.48,1.343234753550559,5985,0.0415624999999986,40,41,1.025
3.0,50.0,20.0,0.0,6,1.39,0.48,1.3487776005372842,11911,0.0827152777777774,80,77,0.9625
3.0,50.0,20.0,0.0,14,1.39,0.48,1.2976767758676688,12332,0.0856388888888886,80,79,0.9875
3.0,50.0,20.0,0.0,22,1.39,0.48,1.3419358867609987,12010,0.0834027777777771,80,81,1.0125
3.0,50.0,30.0,0.0,0,1.39,0.48,1.2583345450768786,19256,0.1337222222222223,120,120,1.0
3.0,50.0,30.0,0.0,8,1.39,0.48,1.225757822437072,19655,0.1364930555555551,120,122,1.0166666666666666
3.0,50.0,30.0,0.0,16,1.39,0.48,1.318726834082706,18238,0.1266527777777777,120,118,0.9833333333333332
3.0,50.0,30.0,0.0,24,1.39,0.48,1.307782179292372,18428,0.1279722222222216,120,119,0.9916666666666668
3.0,50.0,40.0,0.0,2,1.39,0.48,1.233986221230181,25982,0.1804305555555535,160,163,1.01875
3.0,50.0,40.0,0.0,10,1.39,0.48,1.2164864348491091,26170,0.181736111111109,160,166,1.0375
3.0,50.0,40.0,0.0,18,1.39,0.48,1.2316375787665954,26185,0.1818402777777766,160,164,1.025
3.0,50.0,40.0,0.0,26,1.39,0.48,1.2378961169166978,25933,0.1800902777777762,160,156,0.975
3.0,50.0,50.0,0.0,4,1.39,0.48,1.2109349666725868,33306,0.2312916666666648,200,195,0.975
3.0,50.0,50.0,0.0,12,1.39,0.48,1.2185708246518954,33117,0.229979166666667,200,200,1.0
3.0,50.0,50.0,0.0,20,1.39,0.48,1.1957122473246642,33640,0.2336111111111097,200,194,0.97
3.0,50.0,50.0,0.0,28,1.39,0.48,1.19797398654687,33598,0.2333194444444451,200,199,0.995
3.0,50.0,60.0,0.0,6,1.39,0.48,1.1982826211966395,39997,0.2777569444444416,240,238,0.9916666666666668
3.0,50.0,60.0,0.0,14,1.39,0.48,1.177214166748605,40828,0.2835277777777792,240,235,0.9791666666666666
3.0,50.0,60.0,0.0,22,1.39,0.48,1.1900685169556124,40282,0.2797361111111102,240,237,0.9875
1.5,50.0,10.0,0.0,1,1.39,0.48,1.2984993634627195,6284,0.0872777777777754,40,40,1.0
1.5,50.0,10.0,0.0,9,1.39,0.48,1.3092000643810862,6213,0.0862916666666644,40,41,1.025
1.5,50.0,10.0,0.0,17,1.39,0.48,1.3143676853056043,6152,0.085444444444442,40,40,1.0
1.5,50.0,10.0,0.0,25,1.39,0.48,1.2744102321174091,6333,0.0879583333333303,40,41,1.025
1.5,50.0,20.0,0.0,3,1.39,0.48,1.20950393405767,13345,0.1853472222222219,80,79,0.9875
1.5,50.0,20.0,0.0,11,1.39,0.48,1.2783050447900708,12726,0.176749999999999,80,81,1.0125
1.5,50.0,20.0,0.0,19,1.39,0.48,1.265239447731717,12675,0.1760416666666665,80,82,1.025
1.5,50.0,20.0,0.0,27,1.39,0.48,1.268307163502887,12801,0.1777916666666648,80,80,1.0
1.5,50.0,30.0,0.0,5,1.39,0.48,1.170965265783951,20844,0.2894999999999987,120,121,1.0083333333333333
1.5,50.0,30.0,0.0,13,1.39,0.48,1.1255667271796357,21483,0.2983749999999987,120,120,1.0
1.5,50.0,30.0,0.0,21,1.39,0.48,1.1440839909808622,21288,0.2956666666666635,120,121,1.0083333333333333
1.5,50.0,30.0,0.0,29,1.39,0.48,1.147487724268209,21180,0.2941666666666658,120,118,0.9833333333333332
1.5,50.0,40.0,0.0,7,1.39,0.48,1.030418887330555,32085,0.4456250000000018,160,163,1.01875
1.5,50.0,40.0,0.0,15,1.39,0.48,1.0630761548869223,31042,0.4311388888888838,160,159,0.99375
1.5,50.0,40.0,0.0,23,1.39,0.48,1.0791164698489044,30231,0.4198749999999989,160,162,1.0125
1.5,50.0,50.0,0.0,1,1.39,0.48,0.9908986112145638,40251,0.5590416666666689,200,202,1.01
1.5,50.0,50.0,0.0,9,1.39,0.48,0.9131830819982512,42440,0.5894444444444301,156,177,1.1346153846153846
1.5,50.0,50.0,0.0,17,1.39,0.48,0.9676660382831748,41376,0.5746666666666702,200,195,0.975
1.5,50.0,50.0,0.0,25,1.39,0.48,0.9853573256012156,41041,0.5700138888888935,200,198,0.99
1.5,50.0,60.0,0.0,3,1.39,0.48,0.7116475374540944,67349,0.9354027777777773,219,214,0.9771689497716894
1.5,50.0,60.0,0.0,11,1.39,0.48,0.5181532439982967,66939,0.9297083333333306,90,134,1.488888888888889
1.5,50.0,60.0,0.0,19,1.39,0.48,0.1516256713392497,148025,2.055902777777787,19,63,3.3157894736842106
1.5,50.0,60.0,0.0,27,1.39,0.48,0.3334904112822157,84735,1.1768750000000088,17,58,3.411764705882353
1.8,50.0,10.0,0.0,5,1.39,0.48,1.3313155717358645,6043,0.0699421296296304,40,39,0.975
1.8,50.0,10.0,0.0,13,1.39,0.48,1.3001278976818884,6255,0.0723958333333319,40,40,1.0
1.8,50.0,10.0,0.0,21,1.39,0.48,1.305212765957475,6204,0.0718055555555558,40,40,1.0
1.8,50.0,10.0,0.0,29,1.39,0.48,1.32014901198578,6174,0.0714583333333333,40,41,1.025
1.8,50.0,20.0,0.0,7,1.39,0.48,1.2158022678425398,13493,0.1561689814814822,80,84,1.05
1.8,50.0,20.0,0.0,15,1.39,0.48,1.2401817633305523,13259,0.1534606481481521,80,80,1.0
1.8,50.0,20.0,0.0,23,1.39,0.48,1.230243273967415,13195,0.1527199074074101,80,81,1.0125
1.8,50.0,30.0,0.0,1,1.39,0.48,1.1765859223301258,20600,0.2384259259259251,120,121,1.0083333333333333
1.8,50.0,30.0,0.0,9,1.39,0.48,1.1352932741234447,21618,0.2502083333333349,120,117,0.975
1.8,50.0,30.0,0.0,17,1.39,0.48,1.1599277944485984,21328,0.2468518518518523,120,118,0.9833333333333332
1.8,50.0,30.0,0.0,25,1.39,0.48,1.161179572446515,21050,0.2436342592592575,120,125,1.0416666666666667
1.8,50.0,40.0,0.0,3,1.39,0.48,1.0436553848107604,31496,0.3645370370370372,160,161,1.00625
1.8,50.0,40.0,0.0,11,1.39,0.48,1.040868744098183,31770,0.3677083333333361,160,162,1.0125
1.8,50.0,40.0,0.0,19,1.39,0.48,1.0665519850014693,30403,0.3518865740740722,160,152,0.95
1.8,50.0,40.0,0.0,27,1.39,0.48,1.100827539655783,29630,0.3429398148148115,160,159,0.99375
1.8,50.0,50.0,0.0,5,1.39,0.48,0.9415830347856587,43265,0.5007523148148262,200,199,0.995
1.8,50.0,50.0,0.0,13,1.39,0.48,0.964188502994069,41750,0.4832175925925897,200,194,0.97
1.8,50.0,50.0,0.0,21,1.39,0.48,0.9864645764766364,40411,0.4677199074074081,200,193,0.965
1.8,50.0,50.0,0.0,29,1.39,0.48,0.9304682358318644,43760,0.5064814814814831,200,204,1.02
1.8,50.0,60.0,0.0,7,1.39,0.48,0.7764423892347369,62497,0.7233449074074054,240,219,0.9125
1.8,50.0,60.0,0.0,15,1.39,0.48,0.7893971054622841,62117,0.7189467592592612,240,225,0.9375
1.8,50.0,60.0,0.0,23,1.39,0.48,0.7848025416356712,64368,0.7450000000000059,240,244,1.0166666666666666
2.1,50.0,10.0,0.0,1,1.39,0.48,1.305208299823026,6217,0.0616765873015884,40,40,1.0
2.1,50.0,10.0,0.0,9,1.39,0.48,1.312117190029081,6178,0.0612896825396843,40,41,1.025
2.1,50.0,10.0,0.0,17,1.39,0.48,1.3017310489736669,6187,0.0613789682539691,40,40,1.0
2.1,50.0,10.0,0.0,25,1.39,0.48,1.285410697230114,6282,0.0623214285714285,40,41,1.025
2.1,50.0,20.0,0.0,3,1.39,0.48,1.2549301708667853,12817,0.1271527777777769,80,81,1.0125
2.1,50.0,20.0,0.0,11,1.39,0.48,1.3113850280418136,12303,0.1220535714285706,80,80,1.0
2.1,50.0,20.0,0.0,19,1.39,0.48,1.2734904985290252,12577,0.1247718253968239,80,83,1.0375
2.1,50.0,20.0,0.0,27,1.39,0.48,1.3137628907836338,12315,0.122172619047619,80,78,0.975
2.1,50.0,30.0,0.0,5,1.39,0.48,1.2101479630093026,20005,0.1984623015873081,120,122,1.0166666666666666
2.1,50.0,30.0,0.0,13,1.39,0.48,1.1681648613202282,20587,0.2042361111111162,120,118,0.9833333333333332
2.1,50.0,30.0,0.0,21,1.39,0.48,1.193706321162209,20376,0.2021428571428637,120,120,1.0
2.1,50.0,30.0,0.0,29,1.39,0.48,1.2236420506561017,19662,0.1950595238095291,120,123,1.025
2.1,50.0,40.0,0.0,7,1.39,0.48,1.0812567235540205,30118,0.2987896825396863,160,161,1.00625
2.1,50.0,40.0,0.0,15,1.39,0.48,1.1575929946961967,28093,0.2787003968253948,160,161,1.00625
2.1,50.0,40.0,0.0,23,1.39,0.48,1.1522675100387725,28141,0.2791765873015881,160,161,1.00625
2.1,50.0,50.0,0.0,1,1.39,0.48,1.080393204402137,37436,0.3713888888889025,200,202,1.01
2.1,50.0,50.0,0.0,9,1.39,0.48,1.0592233872866703,38243,0.3793948412698554,200,200,1.0
2.1,50.0,50.0,0.0,17,1.39,0.48,1.0871041627323923,37067,0.3677281746031828,200,196,0.98
2.1,50.0,50.0,0.0,25,1.39,0.48,1.0776512692246774,37582,0.3728373015873146,200,203,1.015
2.1,50.0,60.0,0.0,3,1.39,0.48,1.0003620849182449,48635,0.4824900793650807,240,240,1.0
2.1,50.0,60.0,0.0,11,1.39,0.48,1.0384995908170935,46434,0.4606547619047672,240,242,1.0083333333333333
2.1,50.0,60.0,0.0,19,1.39,0.48,1.0111379094512407,47930,0.475496031746029,240,238,0.9916666666666668
2.1,50.0,60.0,0.0,27,1.39,0.48,1.031433832137847,46979,0.4660615079365057,240,243,1.0125
2.4,50.0,10.0,0.0,5,1.39,0.48,1.3412275700150644,5963,0.0517621527777782,40,40,1.0
2.4,50.0,10.0,0.0,13,1.39,0.48,1.313162074554334,6170,0.0535590277777788,40,40,1.0
2.4,50.0,10.0,0.0,21,1.39,0.48,1.3203895891308215,6109,0.0530295138888897,40,40,1.0
2.4,50.0,10.0,0.0,29,1.39,0.48,1.3350641658440614,6078,0.0527604166666675,40,41,1.025
2.4,50.0,20.0,0.0,7,1.39,0.48,1.2827005156683216,12605,0.1094184027777782,80,84,1.05
2.4,50.0,20.0,0.0,15,1.39,0.48,1.3085179192621816,12361,0.1073003472222211,80,80,1.0
2.4,50.0,20.0,0.0,23,1.39,0.48,1.2796995058185838,12546,0.1089062499999991,80,81,1.0125
2.4,50.0,30.0,0.0,1,1.39,0.48,1.239325099478083,19351,0.1679774305555559,120,123,1.025
2.4,50.0,30.0,0.0,9,1.39,0.48,1.2467245580383086,19289,0.1674392361111121,120,120,1.0
2.4,50.0,30.0,0.0,17,1.39,0.48,1.2964789713367426,18665,0.1620225694444441,120,120,1.0
2.4,50.0,30.0,0.0,25,1.39,0.48,1.253996339869242,19125,0.1660156250000004,120,122,1.0166666666666666
2.4,50.0,40.0,0.0,3,1.39,0.48,1.2392803903488097,26028,0.2259375000000002,160,162,1.0125
2.4,50.0,40.0,0.0,11,1.39,0.48,1.215498669465128,26681,0.2316059027777789,160,159,0.99375
2.4,50.0,40.0,0.0,19,1.39,0.48,1.261622729935532,25605,0.222265625,160,158,0.9875
2.4,50.0,40.0,0.0,27,1.39,0.48,1.206255666364468,26472,0.2297916666666652,160,162,1.0125
2.4,50.0,50.0,0.0,5,1.39,0.48,1.1882145511847348,33633,0.2919531250000005,200,198,0.99
2.4,50.0,50.0,0.0,13,1.39,0.48,1.1733341080093194,34423,0.2988107638888896,200,195,0.975
2.4,50.0,50.0,0.0,21,1.39,0.48,1.1763888078425828,34274,0.29751736111111,200,196,0.98
2.4,50.0,50.0,0.0,29,1.39,0.48,1.190935314162768,33454,0.290399305555554,200,200,1.0
2.4,50.0,60.0,0.0,7,1.39,0.48,1.1297299186728098,42913,0.3725086805555553,240,240,1.0
2.4,50.0,60.0,0.0,15,1.39,0.48,1.1441129380182298,41722,0.3621701388888884,240,235,0.9791666666666666
2.4,50.0,60.0,0.0,23,1.39,0.48,1.1133823731926216,43570,0.378211805555555,240,240,1.0
2.7,50.0,10.0,0.0,1,1.39,0.48,1.312300386348961,6212,0.0479320987654332,40,40,1.0
2.7,50.0,10.0,0.0,9,1.39,0.48,1.3308342932367392,6077,0.0468904320987664,40,40,1.0
2.7,50.0,10.0,0.0,17,1.39,0.48,1.312700098007196,6122,0.0472376543209887,40,40,1.0
2.7,50.0,10.0,0.0,25,1.39,0.48,1.3019469598964386,6184,0.0477160493827171,40,41,1.025
2.7,50.0,20.0,0.0,3,1.39,0.48,1.2973642405575985,12338,0.095200617283949,80,81,1.0125
2.7,50.0,20.0,0.0,11,1.39,0.48,1.335040198922364,12065,0.0930941358024682,80,81,1.0125
2.7,50.0,20.0,0.0,19,1.39,0.48,1.3013955193482258,12275,0.0947145061728382,80,82,1.025
2.7,50.0,20.0,0.0,27,1.39,0.48,1.3404989172081114,12006,0.0926388888888882,80,79,0.9875
2.7,50.0,30.0,0.0,5,1.39,0.48,1.3000922709509677,18424,0.1421604938271597,120,121,1.0083333333333333
2.7,50.0,30.0,0.0,13,1.39,0.48,1.2429180362080343,19167,0.1478935185185169,120,119,0.9916666666666668
2.7,50.0,30.0,0.0,21,1.39,0.48,1.2492959495112204,19331,0.1491589506172829,120,120,1.0
2.7,50.0,30.0,0.0,29,1.39,0.48,1.276340036174074,18798,0.1450462962962946,120,124,1.0333333333333334
2.7,50.0,40.0,0.0,7,1.39,0.48,1.196376077227505,27037,0.2086188271604933,160,161,1.00625
2.7,50.0,40.0,0.0,15,1.39,0.48,1.2623729746736343,25428,0.1962037037037036,160,161,1.00625
2.7,50.0,40.0,0.0,23,1.39,0.48,1.216737352317549,26408,0.2037654320987638,160,162,1.0125
2.7,50.0,50.0,0.0,1,1.39,0.48,1.2010565440649017,33496,0.2584567901234571,200,199,0.995
2.7,50.0,50.0,0.0,9,1.39,0.48,1.1920818542496363,33523,0.2586651234567897,200,194,0.97
2.7,50.0,50.0,0.0,17,1.39,0.48,1.1988139821465846,33271,0.2567206790123458,200,198,0.99
2.7,50.0,50.0,0.0,25,1.39,0.48,1.173514854374572,34266,0.2643981481481498,200,203,1.015
2.7,50.0,60.0,0.0,3,1.39,0.48,1.1833754246047448,40626,0.3134722222222232,240,243,1.0125
2.7,50.0,60.0,0.0,11,1.39,0.48,1.1799301748089428,40673,0.3138348765432114,240,242,1.0083333333333333
2.7,50.0,60.0,0.0,19,1.39,0.48,1.1828862020265485,40361,0.3114274691358023,240,240,1.0
2.7,50.0,60.0,0.0,27,1.39,0.48,1.2019974801564122,39685,0.3062114197530892,240,249,1.0375
3.0,50.0,10.0,0.0,5,1.39,0.48,1.341947244623629,5952,0.0413333333333321,40,40,1.0
3.0,50.0,10.0,0.0,13,1.39,0.48,1.312724327826407,6174,0.0428749999999987,40,40,1.0
3.0,50.0,10.0,0.0,21,1.39,0.48,1.3270163016631302,6073,0.0421736111111101,40,40,1.0
3.0,50.0,10.0,0.0,29,1.39,0.48,1.336048732301648,6074,0.0421805555555543,40,41,1.025
3.0,50.0,20.0,0.0,7,1.39,0.48,1.2994555850849014,12417,0.0862291666666663,80,84,1.05
3.0,50.0,20.0,0.0,15,1.39,0.48,1.3250016431153282,12172,0.0845277777777774,80,80,1.0
3.0,50.0,20.0,0.0,23,1.39,0.48,1.286124689478327,12479,0.0866597222222215,80,80,1.0
3.0,50.0,30.0,0.0,1,1.39,0.48,1.2504873467258055,19165,0.1330902777777783,120,123,1.025
3.0,50.0,30.0,0.0,9,1.39,0.48,1.2571433810048034,19089,0.1325624999999992,120,120,1.0
3.0,50.0,30.0,0.0,17,1.39,0.48,1.3124684576898176,18388,0.1276944444444448,120,120,1.0
3.0,50.0,30.0,0.0,25,1.39,0.48,1.262306515431232,18955,0.1316319444444446,120,122,1.0166666666666666
3.0,50.0,40.0,0.0,3,1.39,0.48,1.244567762878171,25877,0.1797013888888882,160,162,1.0125
3.0,50.0,40.0,0.0,11,1.39,0.48,1.2264181818181343,26400,0.183333333333332,160,159,0.99375
3.0,50.0,40.0,0.0,19,1.39,0.48,1.2812501991397145,25108,0.1743611111111102,160,156,0.975
3.0,50.0,40.0,0.0,27,1.39,0.48,1.2378069802497005,25873,0.179673611111109,160,163,1.01875
3.0,50.0,50.0,0.0,5,1.39,0.48,1.1993978475227678,33264,0.2309999999999974,200,196,0.98
3.0,50.0,50.0,0.0,13,1.39,0.48,1.188098917627733,33907,0.235465277777775,200,195,0.975
3.0,50.0,50.0,0.0,21,1.39,0.48,1.1963785213358666,33652,0.2336944444444422,200,197,0.985
3.0,50.0,50.0,0.0,29,1.39,0.48,1.2090195660774048,32863,0.2282152777777767,200,196,0.98
3.0,50.0,60.0,0.0,7,1.39,0.48,1.135977225137233,42503,0.2951597222222242,240,240,1.0
3.0,50.0,60.0,0.0,15,1.39,0.48,1.1556784675072886,41240,0.2863888888888948,240,233,0.9708333333333332
3.0,50.0,60.0,0.0,23,1.39,0.48,1.130210786485495,42887,0.2978263888888911,240,240,1.0
1.5,50.0,10.0,0.0,2,1.39,0.48,1.301529621236664,6178,0.0858055555555528,40,40,1.0
1.5,50.0,10.0,0.0,10,1.39,0.48,1.302942307692301,6240,0.0866666666666644,40,41,1.025
1.5,50.0,10.0,0.0,18,1.39,0.48,1.3101666939041814,6119,0.0849861111111087,40,39,0.975
1.5,50.0,10.0,0.0,26,1.39,0.48,1.3002513785274132,6166,0.0856388888888864,40,41,1.025
1.5,50.0,20.0,0.0,4,1.39,0.48,1.2338061808469607,13105,0.1820138888888867,80,79,0.9875
1.5,50.0,20.0,0.0,12,1.39,0.48,1.22927330173771,13293,0.1846249999999999,80,79,0.9875
1.5,50.0,20.0,0.0,20,1.39,0.48,1.2771204556092788,12818,0.1780277777777772,80,82,1.025
1.5,50.0,20.0,0.0,28,1.39,0.48,1.2389564882556807,12985,0.1803472222222223,80,78,0.975
1.5,50.0,30.0,0.0,6,1.39,0.48,1.17223263905679,20693,0.2874027777777753,120,121,1.0083333333333333
1.5,50.0,30.0,0.0,14,1.39,0.48,1.1305460577853732,21701,0.3014027777777767,120,123,1.025
1.5,50.0,30.0,0.0,22,1.39,0.48,1.1591171299596448,21045,0.292291666666666,120,120,1.0
1.5,50.0,40.0,0.0,0,1.39,0.48,1.0030657382127974,32599,0.4527638888888875,160,155,0.96875
1.5,50.0,40.0,0.0,8,1.39,0.48,1.042082919801553,31235,0.4338194444444411,160,157,0.98125
1.5,50.0,40.0,0.0,16,1.39,0.48,1.1219517339142595,28923,0.4017083333333289,160,160,1.0
1.5,50.0,40.0,0.0,24,1.39,0.48,1.0919735103823962,29521,0.4100138888888834,160,159,0.99375
1.5,50.0,50.0,0.0,2,1.39,0.48,0.9917213793103514,39875,0.5538194444444474,200,186,0.93
1.5,50.0,50.0,0.0,10,1.39,0.48,0.9971784365511672,40513,0.5626805555555584,200,192,0.96
1.5,50.0,50.0,0.0,18,1.39,0.48,1.0626791730681968,37101,0.5152916666666657,200,204,1.02
1.5,50.0,50.0,0.0,26,1.39,0.48,0.9762860662808984,40585,0.5636805555555542,200,197,0.985
1.5,50.0,60.0,0.0,4,1.39,0.48,0.2285701259575943,111863,1.553652777777779,17,64,3.764705882352941
1.5,50.0,60.0,0.0,12,1.39,0.48,0.2147072538600893,99933,1.3879583333333372,0,28,1.0
1.5,50.0,60.0,0.0,20,1.39,0.48,0.7991639461334562,39208,0.5445555555555617,116,133,1.146551724137931
1.5,50.0,60.0,0.0,28,1.39,0.48,0.1063575148714886,156676,2.176055555555564,0,20,1.0
1.8,50.0,10.0,0.0,6,1.39,0.48,1.3433266832917825,6015,0.0696180555555544,40,42,1.05
1.8,50.0,10.0,0.0,14,1.39,0.48,1.2972919334186697,6248,0.0723148148148142,40,40,1.0
1.8,50.0,10.0,0.0,22,1.39,0.48,1.3313785162033098,6079,0.0703587962962965,40,40,1.0
1.8,50.0,20.0,0.0,0,1.39,0.48,1.2291859488353831,13095,0.151562500000004,80,79,0.9875
1.8,50.0,20.0,0.0,8,1.39,0.48,1.2375297891841497,13092,0.1515277777777817,80,80,1.0
1.8,50.0,20.0,0.0,16,1.39,0.48,1.2600514040202315,13034,0.1508564814814845,80,80,1.0
1.8,50.0,20.0,0.0,24,1.39,0.48,1.2708484943538338,12752,0.1475925925925942,80,83,1.0375
1.8,50.0,30.0,0.0,2,1.39,0.48,1.1603502495057485,21242,0.2458564814814809,120,120,1.0
1.8,50.0,30.0,0.0,10,1.39,0.48,1.1523641419616653,21217,0.2455671296296317,120,115,0.9583333333333334
1.8,50.0,30.0,0.0,18,1.39,0.48,1.1616216472822498,21065,0.2438078703703727,120,120,1.0
1.8,50.0,30.0,0.0,26,1.39,0.48,1.1526705708708145,21003,0.2430902777777805,120,120,1.0
1.8,50.0,40.0,0.0,4,1.39,0.48,1.0764586088335482,30248,0.3500925925925909,160,165,1.03125
1.8,50.0,40.0,0.0,12,1.39,0.48,1.0608180365817903,30671,0.3549884259259284,160,162,1.0125
1.8,50.0,40.0,0.0,20,1.39,0.48,1.0849539402904356,29744,0.3442592592592616,160,156,0.975
1.8,50.0,40.0,0.0,28,1.39,0.48,1.0448322533278107,31327,0.3625810185185146,160,159,0.99375
1.8,50.0,50.0,0.0,6,1.39,0.48,0.9773485526347702,41351,0.4785995370370396,200,189,0.945
1.8,50.0,50.0,0.0,14,1.39,0.48,0.9572696261682008,42800,0.4953703703703758,200,203,1.015
1.8,50.0,50.0,0.0,22,1.39,0.48,1.0247602056092988,40076,0.4638425925925907,200,201,1.005
1.8,50.0,60.0,0.0,0,1.39,0.48,0.8112071520135987,60067,0.6952199074074062,240,244,1.0166666666666666
1.8,50.0,60.0,0.0,8,1.39,0.48,0.8188826346300124,59515,0.6888310185185189,240,227,0.9458333333333332
1.8,50.0,60.0,0.0,16,1.39,0.48,0.8369218694013022,58607,0.6783217592592491,240,235,0.9791666666666666
1.8,50.0,60.0,0.0,24,1.39,0.48,0.7928401093656577,61811,0.7154050925925927,240,232,0.9666666666666668
2.1,50.0,10.0,0.0,2,1.39,0.48,1.3137164939977162,6081,0.0603273809523823,40,40,1.0
2.1,50.0,10.0,0.0,10,1.39,0.48,1.2995434083601227,6220,0.0617063492063503,40,41,1.025
2.1,50.0,10.0,0.0,18,1.39,0.48,1.3327962245069445,5933,0.0588591269841284,40,39,0.975
2.1,50.0,10.0,0.0,26,1.39,0.48,1.3011981116718268,6143,0.0609424603174609,40,41,1.025
2.1,50.0,20.0,0.0,4,1.39,0.48,1.2827998096446207,12608,0.125079365079366,80,80,1.0
2.1,50.0,20.0,0.0,12,1.39,0.48,1.2667303027931665,12781,0.1267956349206327,80,81,1.0125
2.1,50.0,20.0,0.0,20,1.39,0.48,1.2761750608941405,12727,0.1262599206349201,80,81,1.0125
2.1,50.0,20.0,0.0,28,1.39,0.48,1.2483092350746288,12864,0.1276190476190477,80,79,0.9875
2.1,50.0,30.0,0.0,6,1.39,0.48,1.2103430394895456,20056,0.1989682539682599,120,121,1.0083333333333333
2.1,50.0,30.0,0.0,14,1.39,0.48,1.1955625896434503,20219,0.2005853174603221,120,123,1.025
2.1,50.0,30.0,0.0,22,1.39,0.48,1.2358285391411843,19468,0.193134920634926,120,119,0.9916666666666668
2.1,50.0,40.0,0.0,0,1.39,0.48,1.1305771900597137,28812,0.2858333333333371,160,163,1.01875
2.1,50.0,40.0,0.0,8,1.39,0.48,1.141254224297191,28703,0.2847519841269892,160,160,1.0
2.1,50.0,40.0,0.0,16,1.39,0.48,1.1792776000882843,27201,0.2698511904761904,160,158,0.9875
2.1,50.0,40.0,0.0,24,1.39,0.48,1.169826029989747,27476,0.272579365079365,160,164,1.025
2.1,50.0,50.0,0.0,2,1.39,0.48,1.0600520173215269,37872,0.3757142857142996,200,197,0.985
2.1,50.0,50.0,0.0,10,1.39,0.48,1.085014796448828,37509,0.3721130952381111,200,203,1.015
2.1,50.0,50.0,0.0,18,1.39,0.48,1.1069206017436244,36361,0.3607242063492203,200,203,1.015
2.1,50.0,50.0,0.0,26,1.39,0.48,1.0505133842969454,39113,0.3880257936508061,200,191,0.955
2.1,50.0,60.0,0.0,4,1.39,0.48,0.9880198462726753,49178,0.4878769841269785,240,243,1.0125
2.1,50.0,60.0,0.0,12,1.39,0.48,1.0374926729813891,47086,0.4671230158730209,240,244,1.0166666666666666
2.1,50.0,60.0,0.0,20,1.39,0.48,1.0364201063398204,46831,0.4645932539682527,240,239,0.9958333333333332
2.1,50.0,60.0,0.0,28,1.39,0.48,1.017001936249516,48031,0.476498015873018,240,246,1.025
2.4,50.0,10.0,0.0,6,1.39,0.48,1.3692614601018829,5890,0.0511284722222228,40,42,1.05
2.4,50.0,10.0,0.0,14,1.39,0.48,1.3127835723598182,6136,0.0532638888888897,40,40,1.0
2.4,50.0,10.0,0.0,22,1.39,0.48,1.3417975275643044,5986,0.0519618055555562,40,39,0.975
2.4,50.0,20.0,0.0,0,1.39,0.48,1.2683332014245572,12635,0.1096788194444446,80,80,1.0
2.4,50.0,20.0,0.0,8,1.39,0.48,1.2741878653814978,12658,0.1098784722222206,80,81,1.0125
2.4,50.0,20.0,0.0,16,1.39,0.48,1.3317707470597804,12074,0.1048090277777776,80,80,1.0
2.4,50.0,20.0,0.0,24,1.39,0.48,1.3051983739837565,12300,0.1067708333333333,80,82,1.025
2.4,50.0,30.0,0.0,2,1.39,0.48,1.2495731018186471,19466,0.1689756944444446,120,121,1.0083333333333333
2.4,50.0,30.0,0.0,10,1.39,0.48,1.2580811119178668,19282,0.1673784722222231,120,118,0.9833333333333332
2.4,50.0,30.0,0.0,18,1.39,0.48,1.231738444308702,19644,0.1705208333333332,120,119,0.9916666666666668
2.4,50.0,30.0,0.0,26,1.39,0.48,1.2412166417178607,19373,0.1681684027777778,120,123,1.025
2.4,50.0,40.0,0.0,4,1.39,0.48,1.2488835047077602,25383,0.2203385416666654,160,158,0.9875
2.4,50.0,40.0,0.0,12,1.39,0.48,1.2251377300262591,26247,0.2278385416666648,160,159,0.99375
2.4,50.0,40.0,0.0,20,1.39,0.48,1.2339051349673738,25784,0.2238194444444441,160,158,0.9875
2.4,50.0,40.0,0.0,28,1.39,0.48,1.2114341290225945,26476,0.2298263888888905,160,160,1.0
2.4,50.0,50.0,0.0,6,1.39,0.48,1.1925851952824935,33746,0.2929340277777795,200,199,0.995
2.4,50.0,50.0,0.0,14,1.39,0.48,1.1864688470781035,34122,0.2961979166666683,200,199,0.995
2.4,50.0,50.0,0.0,22,1.39,0.48,1.2091132575074242,33234,0.2884895833333326,200,201,1.005
2.4,50.0,60.0,0.0,0,1.39,0.48,1.154456987435572,41546,0.36064236111111,240,240,1.0
2.4,50.0,60.0,0.0,8,1.39,0.48,1.1174408801393216,43175,0.3747829861111107,240,243,1.0125
2.4,50.0,60.0,0.0,16,1.39,0.48,1.0869756592292703,44370,0.3851562500000032,240,241,1.0041666666666669
2.4,50.0,60.0,0.0,24,1.39,0.48,1.1865861900098924,40840,0.3545138888888907,240,238,0.9916666666666668
2.7,50.0,10.0,0.0,2,1.39,0.48,1.3114662948991491,6097,0.0470447530864208,40,40,1.0
2.7,50.0,10.0,0.0,10,1.39,0.48,1.3150594947025187,6135,0.047337962962964,40,41,1.025
2.7,50.0,10.0,0.0,18,1.39,0.48,1.343612432065165,5888,0.045432098765433,40,39,0.975
2.7,50.0,10.0,0.0,26,1.39,0.48,1.308188073394501,6104,0.0470987654320998,40,41,1.025
2.7,50.0,20.0,0.0,4,1.39,0.48,1.3253863936591272,12112,0.0934567901234559,80,79,0.9875
2.7,50.0,20.0,0.0,12,1.39,0.48,1.2992289059345532,12385,0.0955632716049374,80,81,1.0125
2.7,50.0,20.0,0.0,20,1.39,0.48,1.3124101651019568,12356,0.0953395061728383,80,81,1.0125
2.7,50.0,20.0,0.0,28,1.39,0.48,1.287272873841189,12405,0.0957175925925915,80,78,0.975
2.7,50.0,30.0,0.0,6,1.39,0.48,1.2790461505743584,18808,0.1451234567901232,120,122,1.0166666666666666
2.7,50.0,30.0,0.0,14,1.39,0.48,1.2531373878573184,19172,0.1479320987654317,120,121,1.0083333333333333
2.7,50.0,30.0,0.0,22,1.39,0.48,1.2984653760642226,18441,0.1422916666666659,120,119,0.9916666666666668
2.7,50.0,40.0,0.0,0,1.39,0.48,1.1972700810611772,27140,0.2094135802469132,160,163,1.01875
2.7,50.0,40.0,0.0,8,1.39,0.48,1.2402239667514456,25986,0.2005092592592592,160,161,1.00625
2.7,50.0,40.0,0.0,16,1.39,0.48,1.2680917980443498,25055,0.1933256172839501,160,156,0.975
2.7,50.0,40.0,0.0,24,1.39,0.48,1.234672600619112,25840,0.1993827160493802,160,160,1.0
2.7,50.0,50.0,0.0,2,1.39,0.48,1.1832120290891843,33552,0.2588888888888878,200,199,0.995
2.7,50.0,50.0,0.0,10,1.39,0.48,1.2106296384964796,33416,0.257839506172837,200,199,0.995
2.7,50.0,50.0,0.0,18,1.39,0.48,1.2200144189472328,32596,0.2515123456790133,200,195,0.975
2.7,50.0,50.0,0.0,26,1.39,0.48,1.2002900749734426,33612,0.259351851851852,200,193,0.965
2.7,50.0,60.0,0.0,4,1.39,0.48,1.1925735349054398,40151,0.3098070987654358,240,245,1.0208333333333333
2.7,50.0,60.0,0.0,12,1.39,0.48,1.213840006012909,39914,0.3079783950617309,240,247,1.0291666666666666
2.7,50.0,60.0,0.0,20,1.39,0.48,1.1779899867472303,40746,0.3143981481481517,240,242,1.0083333333333333
2.7,50.0,60.0,0.0,28,1.39,0.48,1.1728363043055663,41064,0.3168518518518547,240,253,1.0541666666666667
3.0,50.0,10.0,0.0,6,1.39,0.48,1.3671394678868136,5901,0.0409791666666654,40,42,1.05
3.0,50.0,10.0,0.0,14,1.39,0.48,1.3141882852014768,6129,0.0425624999999987,40,40,1.0
3.0,50.0,10.0,0.0,22,1.39,0.48,1.3439036628198566,5979,0.0415208333333322,40,39,0.975
3.0,50.0,20.0,0.0,0,1.39,0.48,1.2865165743638538,12459,0.0865208333333333,80,80,1.0
3.0,50.0,20.0,0.0,8,1.39,0.48,1.2935479980703506,12438,0.0863750000000002,80,80,1.0
3.0,50.0,20.0,0.0,16,1.39,0.48,1.3430596203695817,11959,0.0830486111111104,80,81,1.0125
3.0,50.0,20.0,0.0,24,1.39,0.48,1.3146409836065729,12200,0.0847222222222221,80,82,1.025
3.0,50.0,30.0,0.0,2,1.39,0.48,1.2575850605164096,19251,0.1336874999999998,120,121,1.0083333333333333
3.0,50.0,30.0,0.0,10,1.39,0.48,1.2679372056515146,19110,0.1327083333333315,120,118,0.9833333333333332
3.0,50.0,30.0,0.0,18,1.39,0.48,1.2505597924773293,19275,0.1338541666666664,120,120,1.0
3.0,50.0,30.0,0.0,26,1.39,0.48,1.2641352947379547,18966,0.1317083333333333,120,121,1.0083333333333333
3.0,50.0,40.0,0.0,4,1.39,0.48,1.2615811948755686,25057,0.1740069444444447,160,160,1.0
3.0,50.0,40.0,0.0,12,1.39,0.48,1.2506324033665717,25664,0.1782222222222202,160,159,0.99375
3.0,50.0,40.0,0.0,20,1.39,0.48,1.2617533473717295,25169,0.1747847222222211,160,158,0.9875
3.0,50.0,40.0,0.0,28,1.39,0.48,1.2455504282195515,25571,0.1775763888888872,160,161,1.00625
3.0,50.0,50.0,0.0,6,1.39,0.48,1.2230640132062518,32712,0.2271666666666647,200,199,0.995
3.0,50.0,50.0,0.0,14,1.39,0.48,1.2043984603448756,33514,0.2327361111111114,200,199,0.995
3.0,50.0,50.0,0.0,22,1.39,0.48,1.2213407651072823,32832,0.2279999999999989,200,199,0.995
3.0,50.0,60.0,0.0,0,1.39,0.48,1.1726809053235916,40781,0.2832013888888888,240,242,1.0083333333333333
3.0,50.0,60.0,0.0,8,1.39,0.48,1.135572941176771,42500,0.2951388888888949,240,241,1.0041666666666669
3.0,50.0,60.0,0.0,16,1.39,0.48,1.1745084372710428,40890,0.2839583333333307,240,237,0.9875
3.0,50.0,60.0,0.0,24,1.39,0.48,1.200503054079759,40274,0.2796805555555532,240,233,0.9708333333333332
1.5,50.0,10.0,0.0,3,1.39,0.48,1.2870653573728603,6212,0.0862777777777754,40,42,1.05
1.5,50.0,10.0,0.0,11,1.39,0.48,1.3370429488234912,6077,0.0844027777777749,40,39,0.975
1.5,50.0,10.0,0.0,19,1.39,0.48,1.327926928722906,6131,0.0851527777777753,40,39,0.975
1.5,50.0,10.0,0.0,27,1.39,0.48,1.341757384666414,6026,0.0836944444444424,40,40,1.0
1.5,50.0,20.0,0.0,5,1.39,0.48,1.2279993919124608,13156,0.182722222222222,80,81,1.0125
1.5,50.0,20.0,0.0,13,1.39,0.48,1.2361169165531214,13206,0.1834166666666679,80,81,1.0125
1.5,50.0,20.0,0.0,21,1.39,0.48,1.224681171422093,13283,0.1844861111111098,80,82,1.025
1.5,50.0,20.0,0.0,29,1.39,0.48,1.2943027129937497,12606,0.1750833333333322,80,82,1.025
1.5,50.0,30.0,0.0,7,1.39,0.48,1.1521329548142694,21135,0.2935416666666676,120,117,0.975
1.5,50.0,30.0,0.0,15,1.39,0.48,1.1109488033110504,22228,0.3087222222222205,120,119,0.9916666666666668
1.5,50.0,30.0,0.0,23,1.39,0.48,1.1221483249280362,22208,0.3084444444444452,120,117,0.975
1.5,50.0,40.0,0.0,1,1.39,0.48,1.082519203850977,29291,0.4068194444444389,160,165,1.03125
1.5,50.0,40.0,0.0,9,1.39,0.48,1.0441173416407248,30816,0.4279999999999974,160,162,1.0125
1.5,50.0,40.0,0.0,17,1.39,0.48,1.08019571108367,29891,0.4151527777777733,160,160,1.0
1.5,50.0,40.0,0.0,25,1.39,0.48,1.072399308966477,29521,0.4100138888888877,160,157,0.98125
1.5,50.0,50.0,0.0,3,1.39,0.48,0.9764951136981744,42261,0.5869583333333366,200,195,0.975
1.5,50.0,50.0,0.0,11,1.39,0.48,0.8073918851227659,41923,0.582263888888891,97,139,1.4329896907216495
1.5,50.0,50.0,0.0,19,1.39,0.48,0.8786617732526929,46457,0.6452361111111156,200,194,0.97
1.5,50.0,50.0,0.0,27,1.39,0.48,0.9490946048370584,43539,0.6047083333333405,200,204,1.02
1.5,50.0,60.0,0.0,5,1.39,0.48,0.5894865900382219,61335,0.8518749999999999,98,141,1.4387755102040816
1.5,50.0,60.0,0.0,13,1.39,0.48,0.5532866962710231,49317,0.6849583333333323,12,62,5.166666666666667
1.5,50.0,60.0,0.0,21,1.39,0.48,0.8377799700518135,56765,0.7884027777777822,211,218,1.033175355450237
1.5,50.0,60.0,0.0,29,1.39,0.48,0.5567491397963631,56382,0.7830833333333467,63,108,1.7142857142857142
1.8,50.0,10.0,0.0,7,1.39,0.48,1.2855860864040305,6296,0.0728703703703689,40,42,1.05
1.8,50.0,10.0,0.0,15,1.39,0.48,1.3163558361664347,6177,0.0714930555555546,40,42,1.05
1.8,50.0,10.0,0.0,23,1.39,0.48,1.2572470876762916,6524,0.0755092592592588,40,41,1.025
1.8,50.0,20.0,0.0,1,1.39,0.48,1.277272223979703,12644,0.1463425925925954,80,80,1.0
1.8,50.0,20.0,0.0,9,1.39,0.48,1.2785503397641196,12803,0.1481828703703739,80,80,1.0
1.8,50.0,20.0,0.0,17,1.39,0.48,1.2654326733454135,12677,0.1467245370370391,80,80,1.0
1.8,50.0,20.0,0.0,25,1.39,0.48,1.2183272974196095,13254,0.1534027777777792,80,79,0.9875
1.8,50.0,30.0,0.0,3,1.39,0.48,1.126051769629679,21982,0.2544212962962952,120,120,1.0
1.8,50.0,30.0,0.0,11,1.39,0.48,1.1371469807718988,21479,0.2485995370370361,120,117,0.975
1.8,50.0,30.0,0.0,19,1.39,0.48,1.1500637303497594,21183,0.2451736111111131,120,118,0.9833333333333332
1.8,50.0,30.0,0.0,27,1.39,0.48,1.1719750011972974,20881,0.2416782407407442,120,118,0.9833333333333332
1.8,50.0,40.0,0.0,5,1.39,0.48,1.0837224997518933,30227,0.3498495370370376,160,155,0.96875
1.8,50.0,40.0,0.0,13,1.39,0.48,1.0922321307012,29380,0.3400462962963001,160,158,0.9875
1.8,50.0,40.0,0.0,21,1.39,0.48,1.0687317440565935,30538,0.353449074074077,160,162,1.0125
1.8,50.0,40.0,0.0,29,1.39,0.48,1.0860667181260113,29797,0.3448726851851878,160,162,1.0125
1.8,50.0,50.0,0.0,7,1.39,0.48,0.9156376568658366,44146,0.5109490740740736,200,189,0.945
1.8,50.0,50.0,0.0,15,1.39,0.48,0.9127590820900364,44841,0.51899305555555,200,200,1.0
1.8,50.0,50.0,0.0,23,1.39,0.48,0.9850554813646633,41185,0.4766782407407413,200,202,1.01
1.8,50.0,60.0,0.0,1,1.39,0.48,0.8190083398049176,59234,0.6855787037037002,240,234,0.975
1.8,50.0,60.0,0.0,9,1.39,0.48,0.7756487159832022,62616,0.7247222222222177,240,240,1.0
1.8,50.0,60.0,0.0,17,1.39,0.48,0.7945970351294274,60576,0.7011111111111121,240,236,0.9833333333333332
1.8,50.0,60.0,0.0,25,1.39,0.48,0.8130673354871568,58810,0.6806712962962973,240,221,0.9208333333333332
2.1,50.0,10.0,0.0,3,1.39,0.48,1.277438069362348,6257,0.0620734126984134,40,42,1.05
2.1,50.0,10.0,0.0,11,1.39,0.48,1.3311004784689555,6061,0.0601289682539693,40,39,0.975
2.1,50.0,10.0,0.0,19,1.39,0.48,1.3441855053191725,6016,0.0596825396825415,40,39,0.975
2.1,50.0,10.0,0.0,27,1.39,0.48,1.331019867549636,6040,0.0599206349206354,40,40,1.0
2.1,50.0,20.0,0.0,5,1.39,0.48,1.2727142516114016,12567,0.1246726190476203,80,80,1.0
2.1,50.0,20.0,0.0,13,1.39,0.48,1.2639094103866055,12805,0.1270337301587292,80,81,1.0125
2.1,50.0,20.0,0.0,21,1.39,0.48,1.2559317667265073,12809,0.1270734126984138,80,82,1.025
2.1,50.0,20.0,0.0,29,1.39,0.48,1.3163305139882329,12296,0.1219841269841269,80,80,1.0
2.1,50.0,30.0,0.0,7,1.39,0.48,1.1725779555640692,20749,0.2058432539682586,120,117,0.975
2.1,50.0,30.0,0.0,15,1.39,0.48,1.2167998601467225,20021,0.1986210317460377,120,119,0.9916666666666668
2.1,50.0,30.0,0.0,23,1.39,0.48,1.1786723624844844,20834,0.2066865079365135,120,118,0.9833333333333332
2.1,50.0,40.0,0.0,1,1.39,0.48,1.1446235256387265,28063,0.2784027777777833,160,163,1.01875
2.1,50.0,40.0,0.0,9,1.39,0.48,1.1517263623079674,28059,0.2783630952380967,160,157,0.98125
2.1,50.0,40.0,0.0,17,1.39,0.48,1.1504472252835771,28129,0.2790575396825445,160,163,1.01875
2.1,50.0,40.0,0.0,25,1.39,0.48,1.0943381880850018,29593,0.2935813492063546,160,157,0.98125
2.1,50.0,50.0,0.0,3,1.39,0.48,1.111190580744333,36436,0.3614682539682635,200,197,0.985
2.1,50.0,50.0,0.0,11,1.39,0.48,1.1315645039344195,35711,0.3542757936508072,200,199,0.995
2.1,50.0,50.0,0.0,19,1.39,0.48,1.11360617205428,36163,0.3587599206349326,200,200,1.0
2.1,50.0,50.0,0.0,27,1.39,0.48,1.1218850008306458,36122,0.3583531746031853,200,209,1.045
2.1,50.0,60.0,0.0,5,1.39,0.48,0.9826913062935048,49162,0.4877182539682551,240,239,0.9958333333333332
2.1,50.0,60.0,0.0,13,1.39,0.48,1.0183337854474157,47923,0.4754265873015902,240,243,1.0125
2.1,50.0,60.0,0.0,21,1.39,0.48,0.9676850437439124,50407,0.5000694444444449,240,239,0.9958333333333332
2.1,50.0,60.0,0.0,29,1.39,0.48,1.0254012719885257,47013,0.4663988095238115,240,242,1.0083333333333333
2.4,50.0,10.0,0.0,7,1.39,0.48,1.2948811435913563,6226,0.0540451388888895,40,42,1.05
2.4,50.0,10.0,0.0,15,1.39,0.48,1.3241353505775282,6147,0.0533593750000006,40,42,1.05
2.4,50.0,10.0,0.0,23,1.39,0.48,1.2677269200931118,6445,0.0559461805555559,40,40,1.0
2.4,50.0,20.0,0.0,1,1.39,0.48,1.3012333873581332,12340,0.1071180555555551,80,80,1.0
2.4,50.0,20.0,0.0,9,1.39,0.48,1.3356957634817035,12109,0.1051128472222208,80,79,0.9875
2.4,50.0,20.0,0.0,17,1.39,0.48,1.3118387681159285,12144,0.1054166666666659,80,80,1.0
2.4,50.0,20.0,0.0,25,1.39,0.48,1.2612085419273582,12784,0.110972222222222,80,79,0.9875
2.4,50.0,30.0,0.0,3,1.39,0.48,1.274156171284649,19056,0.1654166666666656,120,121,1.0083333333333333
2.4,50.0,30.0,0.0,11,1.39,0.48,1.2600574112734628,19160,0.1663194444444439,120,117,0.975
2.4,50.0,30.0,0.0,19,1.39,0.48,1.2788819908733802,18846,0.1635937499999993,120,121,1.0083333333333333
2.4,50.0,30.0,0.0,27,1.39,0.48,1.2940380313199786,18774,0.1629687500000006,120,120,1.0
2.4,50.0,40.0,0.0,5,1.39,0.48,1.2233218877570118,26211,0.227526041666667,160,153,0.95625
2.4,50.0,40.0,0.0,13,1.39,0.48,1.1588348709816945,27748,0.2408680555555548,160,160,1.0
2.4,50.0,40.0,0.0,21,1.39,0.48,1.1863671672708502,27034,0.23467013888889,160,163,1.01875
2.4,50.0,40.0,0.0,29,1.39,0.48,1.2038034913095386,26523,0.2302343750000014,160,164,1.025
2.4,50.0,50.0,0.0,7,1.39,0.48,1.1630449154753382,34487,0.2993663194444447,200,199,0.995
2.4,50.0,50.0,0.0,15,1.39,0.48,1.2015420923703355,33474,0.2905729166666664,200,202,1.01
2.4,50.0,50.0,0.0,23,1.39,0.48,1.16054152459125,34606,0.3003993055555556,200,202,1.01
2.4,50.0,60.0,0.0,1,1.39,0.48,1.140501847434768,42762,0.3711979166666667,240,238,0.9916666666666668
2.4,50.0,60.0,0.0,9,1.39,0.48,1.1604983709426775,41435,0.3596788194444441,240,241,1.0041666666666669
2.4,50.0,60.0,0.0,17,1.39,0.48,1.1710330037802354,41268,0.3582291666666655,240,245,1.0208333333333333
2.4,50.0,60.0,0.0,25,1.39,0.48,1.1356378629662578,42807,0.3715885416666664,240,240,1.0
2.7,50.0,10.0,0.0,3,1.39,0.48,1.286915374677037,6192,0.0477777777777788,40,42,1.05
2.7,50.0,10.0,0.0,11,1.39,0.48,1.3420857667279062,5993,0.0462422839506183,40,39,0.975
2.7,50.0,10.0,0.0,19,1.39,0.48,1.3512447716245857,5977,0.0461188271604948,40,39,0.975
2.7,50.0,10.0,0.0,27,1.39,0.48,1.3422493315507689,5984,0.0461728395061738,40,40,1.0
2.7,50.0,20.0,0.0,5,1.39,0.48,1.308277704702444,12164,0.0938580246913566,80,79,0.9875
2.7,50.0,20.0,0.0,13,1.39,0.48,1.29264658763221,12484,0.096327160493826,80,81,1.0125
2.7,50.0,20.0,0.0,21,1.39,0.48,1.270072044968704,12631,0.0974614197530858,80,82,1.025
2.7,50.0,20.0,0.0,29,1.39,0.48,1.346983688833071,11955,0.0922453703703701,80,80,1.0
2.7,50.0,30.0,0.0,7,1.39,0.48,1.23761212432564,19465,0.1501929012345668,120,117,0.975
2.7,50.0,30.0,0.0,15,1.39,0.48,1.2788391341255054,18848,0.1454320987654314,120,119,0.9916666666666668
2.7,50.0,30.0,0.0,23,1.39,0.48,1.2379484956655893,19610,0.151311728395061,120,117,0.975
2.7,50.0,40.0,0.0,1,1.39,0.48,1.2259455719556946,26016,0.2007407407407383,160,167,1.04375
2.7,50.0,40.0,0.0,9,1.39,0.48,1.2240654634444537,26152,0.2017901234567889,160,158,0.9875
2.7,50.0,40.0,0.0,17,1.39,0.48,1.242939212794126,25762,0.1987808641975294,160,164,1.025
2.7,50.0,40.0,0.0,25,1.39,0.48,1.1827225111578197,27111,0.2091898148148162,160,159,0.99375
2.7,50.0,50.0,0.0,3,1.39,0.48,1.2255714809608809,32722,0.2524845679012343,200,197,0.985
2.7,50.0,50.0,0.0,11,1.39,0.48,1.24650889040333,32282,0.2490895061728387,200,204,1.02
2.7,50.0,50.0,0.0,19,1.39,0.48,1.2451339424450785,32178,0.2482870370370351,200,200,1.0
2.7,50.0,50.0,0.0,27,1.39,0.48,1.2086157417177972,33173,0.2559645061728393,200,209,1.045
2.7,50.0,60.0,0.0,5,1.39,0.48,1.156996131016778,41613,0.3210879629629639,240,236,0.9833333333333332
2.7,50.0,60.0,0.0,13,1.39,0.48,1.1682352941175769,41412,0.3195370370370399,240,237,0.9875
2.7,50.0,60.0,0.0,21,1.39,0.48,1.170456829380582,41197,0.3178780864197554,240,238,0.9916666666666668
2.7,50.0,60.0,0.0,29,1.39,0.48,1.1697636319375808,41080,0.3169753086419775,240,237,0.9875
3.0,50.0,10.0,0.0,7,1.39,0.48,1.3022211413748055,6168,0.0428333333333322,40,42,1.05
3.0,50.0,10.0,0.0,15,1.39,0.48,1.3283678460786017,6133,0.0425902777777766,40,41,1.025
3.0,50.0,10.0,0.0,23,1.39,0.48,1.2683149557384847,6439,0.0447152777777764,40,39,0.975
3.0,50.0,20.0,0.0,1,1.39,0.48,1.313362259516938,12215,0.0848263888888887,80,79,0.9875
3.0,50.0,20.0,0.0,9,1.39,0.48,1.3542852334875926,11885,0.0825347222222219,80,79,0.9875
3.0,50.0,20.0,0.0,17,1.39,0.48,1.3263596235529111,12007,0.0833819444444437,80,79,0.9875
3.0,50.0,20.0,0.0,25,1.39,0.48,1.2758563273072792,12612,0.0875833333333327,80,79,0.9875
3.0,50.0,30.0,0.0,3,1.39,0.48,1.2864387267904551,18850,0.1309027777777784,120,121,1.0083333333333333
3.0,50.0,30.0,0.0,11,1.39,0.48,1.2751560852140718,18964,0.1316944444444436,120,118,0.9833333333333332
3.0,50.0,30.0,0.0,19,1.39,0.48,1.2960830636461618,18540,0.1287500000000004,120,121,1.0083333333333333
3.0,50.0,30.0,0.0,27,1.39,0.48,1.3156498342121672,18397,0.1277569444444442,120,120,1.0
3.0,50.0,40.0,0.0,5,1.39,0.48,1.2458498285535475,25664,0.17822222222222,160,154,0.9625
3.0,50.0,40.0,0.0,13,1.39,0.48,1.1993658280922674,26712,0.1854999999999995,160,159,0.99375
3.0,50.0,40.0,0.0,21,1.39,0.48,1.2225095624234708,26144,0.1815555555555545,160,163,1.01875
3.0,50.0,40.0,0.0,29,1.39,0.48,1.2428233641579678,25629,0.177979166666666,160,163,1.01875
3.0,50.0,50.0,0.0,7,1.39,0.48,1.176445473857949,33892,0.2353611111111092,200,200,1.0
3.0,50.0,50.0,0.0,15,1.39,0.48,1.2194696762010873,32829,0.2279791666666665,200,202,1.01
3.0,50.0,50.0,0.0,23,1.39,0.48,1.1843327126009506,33831,0.2349374999999995,200,202,1.01
3.0,50.0,60.0,0.0,1,1.39,0.48,1.1569650795162167,42067,0.2921319444444442,240,238,0.9916666666666668
3.0,50.0,60.0,0.0,9,1.39,0.48,1.171124942032458,40971,0.284520833333335,240,238,0.9916666666666668
3.0,50.0,60.0,0.0,17,1.39,0.48,1.1759990255786883,41050,0.2850694444444444,240,243,1.0125
3.0,50.0,60.0,0.0,25,1.39,0.48,1.1551084652933188,41995,0.2916319444444448,240,237,0.9875
1.5,50.0,10.0,0.0,4,1.39,0.48,1.3395553359683792,6072,0.0843333333333309,40,41,1.025
1.5,50.0,10.0,0.0,12,1.39,0.48,1.3027813504823436,6220,0.0863888888888865,40,41,1.025
1.5,50.0,10.0,0.0,20,1.39,0.48,1.3728915868672675,5848,0.0812222222222205,40,40,1.0
1.5,50.0,10.0,0.0,28,1.39,0.48,1.2993606870229162,6288,0.0873333333333306,40,40,1.0
1.5,50.0,20.0,0.0,6,1.39,0.48,1.2871476376384077,12551,0.1743194444444423,80,76,0.95
1.5,50.0,20.0,0.0,14,1.39,0.48,1.2107258727667132,13377,0.1857916666666667,80,78,0.975
1.5,50.0,20.0,0.0,22,1.39,0.48,1.2986912263693349,12378,0.1719166666666657,80,81,1.0125
1.5,50.0,30.0,0.0,0,1.39,0.48,1.1745142884541682,20856,0.2896666666666639,120,115,0.9583333333333334
1.5,50.0,30.0,0.0,8,1.39,0.48,1.1296406966086474,21820,0.3030555555555551,120,118,0.9833333333333332
1.5,50.0,30.0,0.0,16,1.39,0.48,1.2126618988902564,20275,0.2815972222222204,120,120,1.0
1.5,50.0,30.0,0.0,24,1.39,0.48,1.1852581593790474,20743,0.2880972222222222,120,118,0.9833333333333332
1.5,50.0,40.0,0.0,2,1.39,0.48,1.0380403057679377,31658,0.4396944444444405,160,164,1.025
1.5,50.0,40.0,0.0,10,1.39,0.48,1.0441630650245484,30773,0.4274027777777777,160,170,1.0625
1.5,50.0,40.0,0.0,18,1.39,0.48,1.1359369038367129,28306,0.3931388888888872,160,165,1.03125
1.5,50.0,40.0,0.0,26,1.39,0.48,1.088551643584197,29965,0.4161805555555491,160,162,1.0125
1.5,50.0,50.0,0.0,4,1.39,0.48,0.9543889072612836,42334,0.5879722222222264,200,191,0.955
1.5,50.0,50.0,0.0,12,1.39,0.48,0.8864563706061305,46173,0.6412916666666771,200,184,0.92
1.5,50.0,50.0,0.0,20,1.39,0.48,0.9660069716156108,42171,0.5857083333333374,200,196,0.98
1.5,50.0,50.0,0.0,28,1.39,0.48,0.9224144503948992,44068,0.6120555555555635,200,201,1.005
1.5,50.0,60.0,0.0,6,1.39,0.48,0.4932477955018177,60558,0.8410833333333387,43,84,1.9534883720930232
1.5,50.0,60.0,0.0,14,1.39,0.48,0.4738788920339513,59352,0.8243333333333341,59,92,1.5593220338983051
1.5,50.0,60.0,0.0,22,1.39,0.48,0.2917003510768862,84312,1.1709999999999985,4,38,9.5
1.8,50.0,10.0,0.0,0,1.39,0.48,1.2396551200243355,6582,0.0761805555555549,40,39,0.975
1.8,50.0,10.0,0.0,8,1.39,0.48,1.2798809334815109,6299,0.0729050925925925,40,38,0.95
1.8,50.0,10.0,0.0,16,1.39,0.48,1.3090726776832726,6233,0.0721412037037021,40,40,1.0
1.8,50.0,10.0,0.0,24,1.39,0.48,1.3465676728335103,6162,0.0713194444444437,40,41,1.025
1.8,50.0,20.0,0.0,2,1.39,0.48,1.2530714840715114,12870,0.148958333333337,80,79,0.9875
1.8,50.0,20.0,0.0,10,1.39,0.48,1.2052951541850403,13620,0.1576388888888931,80,79,0.9875
1.8,50.0,20.0,0.0,18,1.39,0.48,1.2666711010250753,12779,0.1479050925925949,80,81,1.0125
1.8,50.0,20.0,0.0,26,1.39,0.48,1.251529375671132,13038,0.1509027777777812,80,82,1.025
1.8,50.0,30.0,0.0,4,1.39,0.48,1.1633260818159568,21145,0.2447337962962972,120,120,1.0
1.8,50.0,30.0,0.0,12,1.39,0.48,1.1807745358090478,20735,0.2399884259259267,120,121,1.0083333333333333
1.8,50.0,30.0,0.0,20,1.39,0.48,1.169374094465374,20706,0.2396527777777762,120,121,1.0083333333333333
1.8,50.0,30.0,0.0,28,1.39,0.48,1.147676786461586,21509,0.2489467592592596,120,121,1.0083333333333333
1.8,50.0,40.0,0.0,6,1.39,0.48,1.0789092107431757,30345,0.3512152777777807,160,156,0.975
1.8,50.0,40.0,0.0,14,1.39,0.48,1.0256138270988266,32053,0.3709837962962974,160,157,0.98125
1.8,50.0,40.0,0.0,22,1.39,0.48,1.1207781434251258,29172,0.33763888888889,160,156,0.975
1.8,50.0,50.0,0.0,0,1.39,0.48,0.9191774990325038,43927,0.5084143518518535,200,207,1.035
1.8,50.0,50.0,0.0,8,1.39,0.48,0.9103833574369242,44945,0.520196759259266,200,199,0.995
1.8,50.0,50.0,0.0,16,1.39,0.48,0.9796858788936976,41831,0.4841550925925993,200,199,0.995
1.8,50.0,50.0,0.0,24,1.39,0.48,1.00674705984731,40219,0.4654976851851911,200,201,1.005
1.8,50.0,60.0,0.0,2,1.39,0.48,0.8557664299038035,55752,0.6452777777777774,240,229,0.9541666666666668
1.8,50.0,60.0,0.0,10,1.39,0.48,0.8251582951499691,57835,0.669386574074072,240,230,0.9583333333333334
1.8,50.0,60.0,0.0,18,1.39,0.48,0.7356548241823437,65949,0.7632986111111183,240,231,0.9625
1.8,50.0,60.0,0.0,26,1.39,0.48,0.8053161376769538,59705,0.6910300925925941,240,229,0.9541666666666668
2.1,50.0,10.0,0.0,4,1.39,0.48,1.3298997205326353,6083,0.0603472222222231,40,41,1.025
2.1,50.0,10.0,0.0,12,1.39,0.48,1.3134217377156112,6146,0.0609722222222235,40,41,1.025
2.1,50.0,10.0,0.0,20,1.39,0.48,1.3642120539524978,5857,0.0581051587301604,40,39,0.975
2.1,50.0,10.0,0.0,28,1.39,0.48,1.3327662746397375,6037,0.0598908730158741,40,41,1.025
2.1,50.0,20.0,0.0,6,1.39,0.48,1.3041903764003886,12407,0.123085317460318,80,78,0.975
2.1,50.0,20.0,0.0,14,1.39,0.48,1.2691902961562798,12696,0.1259523809523797,80,79,0.9875
2.1,50.0,20.0,0.0,22,1.39,0.48,1.310894809296275,12349,0.1225099206349202,80,81,1.0125
2.1,50.0,30.0,0.0,0,1.39,0.48,1.1944527472527582,20475,0.2031250000000055,120,117,0.975
2.1,50.0,30.0,0.0,8,1.39,0.48,1.185755289968704,20416,0.2025396825396893,120,122,1.0166666666666666
2.1,50.0,30.0,0.0,16,1.39,0.48,1.2406581231491949,19586,0.1943055555555635,120,118,0.9833333333333332
2.1,50.0,30.0,0.0,24,1.39,0.48,1.2320499621498908,19815,0.1965773809523865,120,117,0.975
2.1,50.0,40.0,0.0,2,1.39,0.48,1.1424577675894958,28355,0.2812996031746053,160,163,1.01875
2.1,50.0,40.0,0.0,10,1.39,0.48,1.1537390580916116,27646,0.2742658730158709,160,168,1.05
2.1,50.0,40.0,0.0,18,1.39,0.48,1.141527335131199,28553,0.2832638888888914,160,165,1.03125
2.1,50.0,40.0,0.0,26,1.39,0.48,1.1321379526681186,28691,0.2846329365079397,160,156,0.975
2.1,50.0,50.0,0.0,4,1.39,0.48,1.051693365026822,38704,0.3839682539682683,200,198,0.99
2.1,50.0,50.0,0.0,12,1.39,0.48,1.0709742671266391,37967,0.3766567460317603,200,201,1.005
2.1,50.0,50.0,0.0,20,1.39,0.48,1.035281569310338,39049,0.3873908730158844,200,196,0.98
2.1,50.0,50.0,0.0,28,1.39,0.48,1.0686825042656771,38095,0.3779265873015978,200,200,1.0
2.1,50.0,60.0,0.0,6,1.39,0.48,1.073171708185091,44960,0.4460317460317508,240,236,0.9833333333333332
2.1,50.0,60.0,0.0,14,1.39,0.48,0.9667852958999243,49510,0.4911706349206317,240,243,1.0125
2.1,50.0,60.0,0.0,22,1.39,0.48,1.0589284779764796,45860,0.4549603174603183,240,237,0.9875
2.4,50.0,10.0,0.0,0,1.39,0.48,1.26213754646843,6456,0.0560416666666665,40,40,1.0
2.4,50.0,10.0,0.0,8,1.39,0.48,1.302340425531917,6157,0.053446180555556,40,39,0.975
2.4,50.0,10.0,0.0,16,1.39,0.48,1.3468852185518558,5994,0.052031250000001,40,40,1.0
2.4,50.0,10.0,0.0,24,1.39,0.48,1.3621410870642747,6053,0.0525434027777783,40,41,1.025
2.4,50.0,20.0,0.0,2,1.39,0.48,1.2953783478541774,12396,0.1076041666666664,80,80,1.0
2.4,50.0,20.0,0.0,10,1.39,0.48,1.2633818719825816,12842,0.1114756944444443,80,79,0.9875
2.4,50.0,20.0,0.0,18,1.39,0.48,1.2938972833949036,12442,0.1080034722222216,80,81,1.0125
2.4,50.0,20.0,0.0,26,1.39,0.48,1.3096072212735144,12297,0.1067447916666661,80,80,1.0
2.4,50.0,30.0,0.0,4,1.39,0.48,1.272500785916325,19086,0.1656770833333339,120,119,0.9916666666666668
2.4,50.0,30.0,0.0,12,1.39,0.48,1.2776494889042342,18881,0.1638975694444454,120,121,1.0083333333333333
2.4,50.0,30.0,0.0,20,1.39,0.48,1.282529302572204,18855,0.1636718750000015,120,122,1.0166666666666666
2.4,50.0,30.0,0.0,28,1.39,0.48,1.2510279605264305,19456,0.1688888888888899,120,119,0.9916666666666668
2.4,50.0,40.0,0.0,6,1.39,0.48,1.261992968750067,25600,0.2222222222222219,160,156,0.975
2.4,50.0,40.0,0.0,14,1.39,0.48,1.19254438308435,26981,0.234210069444444,160,155,0.96875
2.4,50.0,40.0,0.0,22,1.39,0.48,1.2476053877803988,25762,0.2236284722222219,160,159,0.99375
2.4,50.0,50.0,0.0,0,1.39,0.48,1.1630941833036474,34762,0.3017534722222241,200,204,1.02
2.4,50.0,50.0,0.0,8,1.39,0.48,1.1751344547770175,33766,0.29310763888889,200,203,1.015
2.4,50.0,50.0,0.0,16,1.39,0.48,1.2068830701938174,33379,0.2897482638888876,200,199,0.995
2.4,50.0,50.0,0.0,24,1.39,0.48,1.1914017220902144,33680,0.292361111111112,200,202,1.01
2.4,50.0,60.0,0.0,2,1.39,0.48,1.112585841360349,43394,0.376684027777778,240,237,0.9875
2.4,50.0,60.0,0.0,10,1.39,0.48,1.1808606908014347,40909,0.3551128472222233,240,241,1.0041666666666669
2.4,50.0,60.0,0.0,18,1.39,0.48,1.1395875846284846,41948,0.3641319444444447,240,254,1.0583333333333331
2.4,50.0,60.0,0.0,26,1.39,0.48,1.1234710956311271,42779,0.3713454861111114,240,240,1.0
2.7,50.0,10.0,0.0,4,1.39,0.48,1.3386171978751673,6024,0.0464814814814825,40,41,1.025
2.7,50.0,10.0,0.0,12,1.39,0.48,1.3287547481420556,6055,0.0467206790123467,40,41,1.025
2.7,50.0,10.0,0.0,20,1.39,0.48,1.3712613694868332,5827,0.0449614197530874,40,40,1.0
2.7,50.0,10.0,0.0,28,1.39,0.48,1.343151211361754,5985,0.0461805555555566,40,41,1.025
2.7,50.0,20.0,0.0,6,1.39,0.48,1.3482790463397938,11912,0.0919135802469129,80,77,0.9625
2.7,50.0,20.0,0.0,14,1.39,0.48,1.2923947984815556,12381,0.0955324074074064,80,80,1.0
2.7,50.0,20.0,0.0,22,1.39,0.48,1.342069626051437,12007,0.0926466049382711,80,81,1.0125
2.7,50.0,30.0,0.0,0,1.39,0.48,1.256792726519212,19303,0.1489429012345669,120,120,1.0
2.7,50.0,30.0,0.0,8,1.39,0.48,1.2200106269925963,19761,0.1524768518518517,120,123,1.025
2.7,50.0,30.0,0.0,16,1.39,0.48,1.3153563608496073,18268,0.1409567901234553,120,118,0.9833333333333332
2.7,50.0,30.0,0.0,24,1.39,0.48,1.3049699366231495,18461,0.1424459876543209,120,119,0.9916666666666668
2.7,50.0,40.0,0.0,2,1.39,0.48,1.2297991413677571,26088,0.2012962962962961,160,163,1.01875
2.7,50.0,40.0,0.0,10,1.39,0.48,1.211198386421632,26277,0.2027546296296299,160,166,1.0375
2.7,50.0,40.0,0.0,18,1.39,0.48,1.2147694101716502,26584,0.2051234567901231,160,163,1.01875
2.7,50.0,40.0,0.0,26,1.39,0.48,1.2327697800299733,26049,0.2009953703703687,160,156,0.975
2.7,50.0,50.0,0.0,4,1.39,0.48,1.206567932262115,33423,0.257893518518519,200,194,0.97
2.7,50.0,50.0,0.0,12,1.39,0.48,1.2159138003733867,33202,0.2561882716049369,200,202,1.01
2.7,50.0,50.0,0.0,20,1.39,0.48,1.1973752530665849,33588,0.2591666666666683,200,194,0.97
2.7,50.0,50.0,0.0,28,1.39,0.48,1.194616000949677,33698,0.2600154320987661,200,199,0.995
2.7,50.0,60.0,0.0,6,1.39,0.48,1.1875933723003802,40376,0.311543209876545,240,239,0.9958333333333332
2.7,50.0,60.0,0.0,14,1.39,0.48,1.1760868076784856,40895,0.3155478395061772,240,235,0.9791666666666666
2.7,50.0,60.0,0.0,22,1.39,0.48,1.1838505761307911,40529,0.3127237654321016,240,237,0.9875
3.0,50.0,10.0,0.0,0,1.39,0.48,1.2635887096774483,6448,0.0447777777777765,40,40,1.0
3.0,50.0,10.0,0.0,8,1.39,0.48,1.3057489812550973,6135,0.0426041666666654,40,39,0.975
3.0,50.0,10.0,0.0,16,1.39,0.48,1.3483394587370248,5986,0.0415694444444432,40,40,1.0
3.0,50.0,10.0,0.0,24,1.39,0.48,1.364029801324512,6040,0.0419444444444431,40,41,1.025
3.0,50.0,20.0,0.0,2,1.39,0.48,1.3084842551803224,12258,0.0851249999999997,80,80,1.0
3.0,50.0,20.0,0.0,10,1.39,0.48,1.2855765415443514,12601,0.0875069444444443,80,80,1.0
3.0,50.0,20.0,0.0,18,1.39,0.48,1.3074370672097226,12275,0.0852430555555552,80,80,1.0
3.0,50.0,20.0,0.0,26,1.39,0.48,1.3244960921431823,12155,0.0844097222222212,80,80,1.0
3.0,50.0,30.0,0.0,4,1.39,0.48,1.2899861554844945,18780,0.1304166666666665,120,120,1.0
3.0,50.0,30.0,0.0,12,1.39,0.48,1.2941713671770487,18615,0.1292708333333327,120,122,1.0166666666666666
3.0,50.0,30.0,0.0,20,1.39,0.48,1.2996534253219976,18553,0.1288402777777779,120,121,1.0083333333333333
3.0,50.0,30.0,0.0,28,1.39,0.48,1.2954886010918634,18686,0.1297638888888882,120,119,0.9916666666666668
3.0,50.0,40.0,0.0,6,1.39,0.48,1.2804897975450975,25092,0.1742499999999999,160,156,0.975
3.0,50.0,40.0,0.0,14,1.39,0.48,1.212133876996201,26487,0.1839374999999989,160,156,0.975
3.0,50.0,40.0,0.0,22,1.39,0.48,1.257702014264379,25518,0.1772083333333338,160,159,0.99375
3.0,50.0,50.0,0.0,0,1.39,0.48,1.190229154346634,33820,0.2348611111111093,200,202,1.01
3.0,50.0,50.0,0.0,8,1.39,0.48,1.1874510038957202,33370,0.23173611111111,200,200,1.0
3.0,50.0,50.0,0.0,16,1.39,0.48,1.221520106994127,32899,0.2284652777777778,200,198,0.99
3.0,50.0,50.0,0.0,24,1.39,0.48,1.2274196420347527,32573,0.226201388888886,200,203,1.015
3.0,50.0,60.0,0.0,2,1.39,0.48,1.1250485958597745,42802,0.2972361111111128,240,238,0.9916666666666668
3.0,50.0,60.0,0.0,10,1.39,0.48,1.1976164683080612,40247,0.2794930555555566,240,241,1.0041666666666669
3.0,50.0,60.0,0.0,18,1.39,0.48,1.1695954027514683,40633,0.2821736111111125,240,244,1.0166666666666666
3.0,50.0,60.0,0.0,26,1.39,0.48,1.1531431332286377,41395,0.2874652777777806,240,238,0.9916666666666668
1.5,50.0,10.0,0.0,5,1.39,0.48,1.3464108579088183,5968,0.0828888888888865,40,40,1.0
1.5,50.0,10.0,0.0,13,1.39,0.48,1.297724884572553,6281,0.0872361111111087,40,40,1.0
1.5,50.0,10.0,0.0,21,1.39,0.48,1.312884864165619,6184,0.085888888888887,40,41,1.025
1.5,50.0,10.0,0.0,29,1.39,0.48,1.3144317633821267,6221,0.0864027777777751,40,41,1.025
1.5,50.0,20.0,0.0,7,1.39,0.48,1.212407805891472,13477,0.1871805555555557,80,85,1.0625
1.5,50.0,20.0,0.0,15,1.39,0.48,1.2318258006584748,13364,0.1856111111111102,80,79,0.9875
1.5,50.0,20.0,0.0,23,1.39,0.48,1.236522537690359,13067,0.1814861111111105,80,81,1.0125
1.5,50.0,30.0,0.0,1,1.39,0.48,1.1656079380445308,20660,0.2869444444444454,120,119,0.9916666666666668
1.5,50.0,30.0,0.0,9,1.39,0.48,1.1237806564632729,21692,0.3012777777777747,120,115,0.9583333333333334
1.5,50.0,30.0,0.0,17,1.39,0.48,1.1509625220868434,21506,0.298694444444445,120,119,0.9916666666666668
1.5,50.0,30.0,0.0,25,1.39,0.48,1.1482191584772017,20962,0.2911388888888873,120,120,1.0
1.5,50.0,40.0,0.0,3,1.39,0.48,1.0442835960416503,31023,0.430874999999994,160,161,1.00625
1.5,50.0,40.0,0.0,11,1.39,0.48,1.0484656235182706,31635,0.4393749999999972,160,161,1.00625
1.5,50.0,40.0,0.0,19,1.39,0.48,1.089158133484558,29981,0.4164027777777732,160,155,0.96875
1.5,50.0,40.0,0.0,27,1.39,0.48,1.0331743638077246,31830,0.4420833333333299,160,159,0.99375
1.5,50.0,50.0,0.0,5,1.39,0.48,0.9716865046101544,41755,0.5799305555555564,200,204,1.02
1.5,50.0,50.0,0.0,13,1.39,0.48,0.9652320829076484,41106,0.5709166666666649,200,200,1.0
1.5,50.0,50.0,0.0,21,1.39,0.48,0.9959503969231736,40562,0.5633611111111154,200,187,0.935
1.5,50.0,50.0,0.0,29,1.39,0.48,0.9510318552980656,42128,0.5851111111111034,200,200,1.0
1.5,50.0,60.0,0.0,7,1.39,0.48,0.1879653420237919,121819,1.6919305555555593,9,43,4.777777777777778
1.5,50.0,60.0,0.0,15,1.39,0.48,0.5585601317957212,54630,0.7587499999999894,55,105,1.9090909090909087
1.5,50.0,60.0,0.0,23,1.39,0.48,0.6219347458099961,53759,0.746652777777772,56,113,2.017857142857143
1.8,50.0,10.0,0.0,1,1.39,0.48,1.2970122630991767,6279,0.0726736111111102,40,39,0.975
1.8,50.0,10.0,0.0,9,1.39,0.48,1.3161692107826677,6158,0.0712731481481474,40,40,1.0
1.8,50.0,10.0,0.0,17,1.39,0.48,1.279495108867163,6338,0.0733564814814816,40,39,0.975
1.8,50.0,10.0,0.0,25,1.39,0.48,1.2698577902796648,6399,0.0740624999999994,40,41,1.025
1.8,50.0,20.0,0.0,3,1.39,0.48,1.2317550833205566,13082,0.1514120370370395,80,82,1.025
1.8,50.0,20.0,0.0,11,1.39,0.48,1.288781878662949,12626,0.146134259259261,80,82,1.025
1.8,50.0,20.0,0.0,19,1.39,0.48,1.2528850342252116,12856,0.1487962962962994,80,83,1.0375
1.8,50.0,20.0,0.0,27,1.39,0.48,1.274443658651612,12726,0.1472916666666686,80,79,0.9875
1.8,50.0,30.0,0.0,5,1.39,0.48,1.166082134149299,20917,0.2420949074074055,120,125,1.0416666666666667
1.8,50.0,30.0,0.0,13,1.39,0.48,1.1810140274621954,20246,0.2343287037037033,120,119,0.9916666666666668
1.8,50.0,30.0,0.0,21,1.39,0.48,1.157751883239224,21240,0.2458333333333329,120,120,1.0
1.8,50.0,30.0,0.0,29,1.39,0.48,1.1449701025057155,21072,0.2438888888888909,120,118,0.9833333333333332
1.8,50.0,40.0,0.0,7,1.39,0.48,1.0255721393034782,31959,0.3698958333333297,160,160,1.0
1.8,50.0,40.0,0.0,15,1.39,0.48,1.0701356042173489,30825,0.356770833333336,160,161,1.00625
1.8,50.0,40.0,0.0,23,1.39,0.48,1.064123573087462,30573,0.3538541666666654,160,158,0.9875
1.8,50.0,50.0,0.0,1,1.39,0.48,0.9897260742187506,40960,0.474074074074074,200,199,0.995
1.8,50.0,50.0,0.0,9,1.39,0.48,0.9838022280758156,41381,0.4789467592592575,200,196,0.98
1.8,50.0,50.0,0.0,17,1.39,0.48,0.9908184974515304,40611,0.4700347222222203,200,195,0.975
1.8,50.0,50.0,0.0,25,1.39,0.48,0.9713758796408588,41210,0.4769675925925931,200,203,1.015
1.8,50.0,60.0,0.0,3,1.39,0.48,0.7732127988392672,63412,0.7339351851851805,240,232,0.9666666666666668
1.8,50.0,60.0,0.0,11,1.39,0.48,0.7860501660146783,60838,0.7041435185185113,240,240,1.0
1.8,50.0,60.0,0.0,19,1.39,0.48,0.6363957673793854,69177,0.8006597222222149,174,202,1.160919540229885
1.8,50.0,60.0,0.0,27,1.39,0.48,0.804699494783789,60964,0.7056018518518455,240,234,0.975
2.1,50.0,10.0,0.0,5,1.39,0.48,1.3336623938737877,6007,0.0595932539682552,40,40,1.0
2.1,50.0,10.0,0.0,13,1.39,0.48,1.3108357581636343,6186,0.0613690476190478,40,40,1.0
2.1,50.0,10.0,0.0,21,1.39,0.48,1.3123504551365697,6152,0.0610317460317472,40,40,1.0
2.1,50.0,10.0,0.0,29,1.39,0.48,1.325178425941046,6137,0.0608829365079382,40,41,1.025
2.1,50.0,20.0,0.0,7,1.39,0.48,1.2555923841824848,12973,0.1287003968253958,80,85,1.0625
2.1,50.0,20.0,0.0,15,1.39,0.48,1.2800433753943223,12680,0.1257936507936514,80,80,1.0
2.1,50.0,20.0,0.0,23,1.39,0.48,1.2572112983770347,12816,0.1271428571428558,80,81,1.0125
2.1,50.0,30.0,0.0,1,1.39,0.48,1.2101823099268854,19966,0.198075396825403,120,124,1.0333333333333334
2.1,50.0,30.0,0.0,9,1.39,0.48,1.1911729367737345,20308,0.2014682539682598,120,119,0.9916666666666668
2.1,50.0,30.0,0.0,17,1.39,0.48,1.2372763217924752,19727,0.1957043650793718,120,119,0.9916666666666668
2.1,50.0,30.0,0.0,25,1.39,0.48,1.220334331084126,19711,0.1955456349206405,120,123,1.025
2.1,50.0,40.0,0.0,3,1.39,0.48,1.1433586578030777,28431,0.2820535714285714,160,162,1.0125
2.1,50.0,40.0,0.0,11,1.39,0.48,1.136823887276634,28601,0.283740079365081,160,160,1.0
2.1,50.0,40.0,0.0,19,1.39,0.48,1.18616393802072,27364,0.2714682539682549,160,158,0.9875
2.1,50.0,40.0,0.0,27,1.39,0.48,1.179921709999297,27462,0.2724404761904755,160,165,1.03125
2.1,50.0,50.0,0.0,5,1.39,0.48,1.0860958645603682,37094,0.3679960317460405,200,202,1.01
2.1,50.0,50.0,0.0,13,1.39,0.48,1.0738252616081525,38034,0.3773214285714414,200,200,1.0
2.1,50.0,50.0,0.0,21,1.39,0.48,1.048299160624696,38481,0.3817559523809622,200,197,0.985
2.1,50.0,50.0,0.0,29,1.39,0.48,1.107476379910495,36198,0.3591071428571551,200,203,1.015
2.1,50.0,60.0,0.0,7,1.39,0.48,0.9647247392215588,51097,0.5069146825396895,240,235,0.9791666666666666
2.1,50.0,60.0,0.0,15,1.39,0.48,0.9731401762634468,49131,0.4874107142857185,240,229,0.9541666666666668
2.1,50.0,60.0,0.0,23,1.39,0.48,1.0050622125493216,48704,0.4831746031746076,240,243,1.0125
2.4,50.0,10.0,0.0,1,1.39,0.48,1.3089204819276676,6225,0.0540364583333339,40,40,1.0
2.4,50.0,10.0,0.0,9,1.39,0.48,1.3278075217604952,6089,0.0528559027777783,40,40,1.0
2.4,50.0,10.0,0.0,17,1.39,0.48,1.3099674160964592,6138,0.0532812500000006,40,40,1.0
2.4,50.0,10.0,0.0,25,1.39,0.48,1.2987868535523708,6207,0.0538802083333341,40,41,1.025
2.4,50.0,20.0,0.0,3,1.39,0.48,1.2957059679766858,12366,0.107343749999998,80,81,1.0125
2.4,50.0,20.0,0.0,11,1.39,0.48,1.3303403552249806,12105,0.1050781249999996,80,80,1.0
2.4,50.0,20.0,0.0,19,1.39,0.48,1.2985358913909033,12301,0.1067795138888877,80,82,1.025
2.4,50.0,20.0,0.0,27,1.39,0.48,1.330321195607344,12111,0.1051302083333334,80,79,0.9875
2.4,50.0,30.0,0.0,5,1.39,0.48,1.2813223272960688,18717,0.162473958333334,120,122,1.0166666666666666
2.4,50.0,30.0,0.0,13,1.39,0.48,1.2333667614370276,19345,0.1679253472222221,120,119,0.9916666666666668
2.4,50.0,30.0,0.0,21,1.39,0.48,1.2331056280587949,19616,0.1702777777777777,120,120,1.0
2.4,50.0,30.0,0.0,29,1.39,0.48,1.2639873684210785,19000,0.1649305555555546,120,123,1.025
2.4,50.0,40.0,0.0,7,1.39,0.48,1.17717300497626,27531,0.2389843750000018,160,162,1.0125
2.4,50.0,40.0,0.0,15,1.39,0.48,1.2452922492931322,25817,0.224105902777778,160,161,1.00625
2.4,50.0,40.0,0.0,23,1.39,0.48,1.1924358879610395,27062,0.2349131944444453,160,161,1.00625
2.4,50.0,50.0,0.0,1,1.39,0.48,1.1953172438329391,33728,0.292777777777777,200,202,1.01
2.4,50.0,50.0,0.0,9,1.39,0.48,1.1841657540331094,33785,0.2932725694444434,200,194,0.97
2.4,50.0,50.0,0.0,17,1.39,0.48,1.188468626460135,33643,0.2920399305555551,200,198,0.99
2.4,50.0,50.0,0.0,25,1.39,0.48,1.155876841079701,34898,0.3029340277777788,200,203,1.015
2.4,50.0,60.0,0.0,3,1.39,0.48,1.1693115714077165,41326,0.358732638888888,240,243,1.0125
2.4,50.0,60.0,0.0,11,1.39,0.48,1.1642065106817023,41286,0.3583854166666667,240,244,1.0166666666666666
2.4,50.0,60.0,0.0,19,1.39,0.48,1.1815962975794827,40406,0.3507465277777762,240,239,0.9958333333333332
2.4,50.0,60.0,0.0,27,1.39,0.48,1.1960749600481075,40048,0.3476388888888873,240,249,1.0375
2.7,50.0,10.0,0.0,5,1.39,0.48,1.341885810243466,5955,0.045949074074075,40,40,1.0
2.7,50.0,10.0,0.0,13,1.39,0.48,1.312342940414545,6176,0.0476543209876553,40,40,1.0
2.7,50.0,10.0,0.0,21,1.39,0.48,1.326863681264437,6074,0.0468672839506183,40,40,1.0
2.7,50.0,10.0,0.0,29,1.39,0.48,1.3360190977939104,6074,0.0468672839506183,40,41,1.025
2.7,50.0,20.0,0.0,7,1.39,0.48,1.2962087515053566,12455,0.0961033950617276,80,84,1.05
2.7,50.0,20.0,0.0,15,1.39,0.48,1.3183380971825065,12245,0.0944830246913571,80,80,1.0
2.7,50.0,20.0,0.0,23,1.39,0.48,1.2863773222293435,12488,0.0963580246913575,80,81,1.0125
2.7,50.0,30.0,0.0,1,1.39,0.48,1.248497239295776,19198,0.148132716049381,120,123,1.025
2.7,50.0,30.0,0.0,9,1.39,0.48,1.2549307334414057,19129,0.1476003086419757,120,120,1.0
2.7,50.0,30.0,0.0,17,1.39,0.48,1.3096646407640713,18428,0.1421913580246893,120,120,1.0
2.7,50.0,30.0,0.0,25,1.39,0.48,1.2502428198432938,19150,0.1477623456790113,120,122,1.0166666666666666
2.7,50.0,40.0,0.0,3,1.39,0.48,1.24475552294138,25892,0.1997839506172826,160,162,1.0125
2.7,50.0,40.0,0.0,11,1.39,0.48,1.2246955600937466,26442,0.2040277777777762,160,159,0.99375
2.7,50.0,40.0,0.0,19,1.39,0.48,1.27747311614618,25201,0.1944521604938265,160,157,0.98125
2.7,50.0,40.0,0.0,27,1.39,0.48,1.2333807911343793,25988,0.2005246913580243,160,163,1.01875
2.7,50.0,50.0,0.0,5,1.39,0.48,1.199600889583346,33274,0.2567438271604957,200,196,0.98
2.7,50.0,50.0,0.0,13,1.39,0.48,1.184160768304596,34049,0.2627237654321013,200,194,0.97
2.7,50.0,50.0,0.0,21,1.39,0.48,1.190056463771403,33827,0.2610108024691355,200,197,0.985
2.7,50.0,50.0,0.0,29,1.39,0.48,1.2050496999818583,32998,0.2546141975308651,200,198,0.99
2.7,50.0,60.0,0.0,7,1.39,0.48,1.1291970564187688,42805,0.330285493827162,240,240,1.0
2.7,50.0,60.0,0.0,15,1.39,0.48,1.1544517081910628,41301,0.3186805555555571,240,233,0.9708333333333332
2.7,50.0,60.0,0.0,23,1.39,0.48,1.1262323591640546,43011,0.3318749999999995,240,240,1.0
3.0,50.0,10.0,0.0,1,1.39,0.48,1.314471688982054,6199,0.04304861111111,40,40,1.0
3.0,50.0,10.0,0.0,9,1.39,0.48,1.330653605531719,6074,0.0421805555555545,40,40,1.0
3.0,50.0,10.0,0.0,17,1.39,0.48,1.312906387845133,6121,0.0425069444444432,40,40,1.0
3.0,50.0,10.0,0.0,25,1.39,0.48,1.302188612099575,6182,0.042930555555554,40,41,1.025
3.0,50.0,20.0,0.0,3,1.39,0.48,1.3001739130434458,12305,0.0854513888888893,80,81,1.0125
3.0,50.0,20.0,0.0,11,1.39,0.48,1.3408933477644052,12011,0.0834097222222221,80,81,1.0125
3.0,50.0,20.0,0.0,19,1.39,0.48,1.3060529974645867,12227,0.0849097222222223,80,82,1.025
3.0,50.0,20.0,0.0,27,1.39,0.48,1.343155303346453,11983,0.083215277777777,80,79,0.9875
3.0,50.0,30.0,0.0,5,1.39,0.48,1.302158578338171,18401,0.1277847222222217,120,120,1.0
3.0,50.0,30.0,0.0,13,1.39,0.48,1.2448545008097522,19141,0.1329236111111116,120,119,0.9916666666666668
3.0,50.0,30.0,0.0,21,1.39,0.48,1.2528442414491856,19267,0.1337986111111112,120,120,1.0
3.0,50.0,30.0,0.0,29,1.39,0.48,1.281489509369505,18731,0.1300763888888885,120,124,1.0333333333333334
3.0,50.0,40.0,0.0,7,1.39,0.48,1.199411110287032,26966,0.1872638888888874,160,161,1.00625
3.0,50.0,40.0,0.0,15,1.39,0.48,1.269328662470855,25263,0.1754374999999988,160,161,1.00625
3.0,50.0,40.0,0.0,23,1.39,0.48,1.224751096700442,26215,0.18204861111111,160,162,1.0125
3.0,50.0,50.0,0.0,1,1.39,0.48,1.2013671664973309,33478,0.2324861111111083,200,199,0.995
3.0,50.0,50.0,0.0,9,1.39,0.48,1.1957083795203916,33379,0.2317986111111087,200,194,0.97
3.0,50.0,50.0,0.0,17,1.39,0.48,1.2006797988012434,33201,0.2305625000000004,200,198,0.99
3.0,50.0,50.0,0.0,25,1.39,0.48,1.1778896151478595,34117,0.2369236111111113,200,203,1.015
3.0,50.0,60.0,0.0,3,1.39,0.48,1.185464801221524,40598,0.2819305555555549,240,242,1.0083333333333333
3.0,50.0,60.0,0.0,11,1.39,0.48,1.1751274454593243,40841,0.283618055555556,240,240,1.0
3.0,50.0,60.0,0.0,19,1.39,0.48,1.1816031880026403,40276,0.2796944444444437,240,240,1.0
3.0,50.0,60.0,0.0,27,1.39,0.48,1.2012806354011514,39660,0.2754166666666659,240,248,1.0333333333333334
1.5,50.0,10.0,0.0,6,1.39,0.48,1.3454903909874203,6036,0.0838333333333307,40,42,1.05
1.5,50.0,10.0,0.0,14,1.39,0.48,1.325127868852435,6100,0.0847222222222198,40,40,1.0
1.5,50.0,10.0,0.0,22,1.39,0.48,1.32845222513088,6112,0.0848888888888865,40,40,1.0
1.5,50.0,20.0,0.0,0,1.39,0.48,1.2419941212870649,12928,0.1795555555555556,80,79,0.9875
1.5,50.0,20.0,0.0,8,1.39,0.48,1.251150956548598,12911,0.1793194444444462,80,81,1.0125
1.5,50.0,20.0,0.0,16,1.39,0.48,1.258843699546364,13007,0.1806527777777767,80,81,1.0125
1.5,50.0,20.0,0.0,24,1.39,0.48,1.2613996417166566,12839,0.1783194444444443,80,82,1.025
1.5,50.0,30.0,0.0,2,1.39,0.48,1.1176786690975986,21940,0.3047222222222213,120,122,1.0166666666666666
1.5,50.0,30.0,0.0,10,1.39,0.48,1.1851928612550455,20844,0.2895000000000002,120,117,0.975
1.5,50.0,30.0,0.0,18,1.39,0.48,1.1106427272727744,22000,0.3055555555555537,120,117,0.975
1.5,50.0,30.0,0.0,26,1.39,0.48,1.1383842036063716,21296,0.2957777777777764,120,122,1.0166666666666666
1.5,50.0,40.0,0.0,4,1.39,0.48,1.0584418734225929,30511,0.4237638888888882,160,157,0.98125
1.5,50.0,40.0,0.0,12,1.39,0.48,1.0782615767634869,30125,0.4184027777777746,160,159,0.99375
1.5,50.0,40.0,0.0,20,1.39,0.48,1.108458510526053,28453,0.3951805555555465,160,157,0.98125
1.5,50.0,40.0,0.0,28,1.39,0.48,1.0337106236449618,31364,0.4356111111111097,160,161,1.00625
1.5,50.0,50.0,0.0,6,1.39,0.48,0.9246348517715708,44256,0.6146666666666732,200,188,0.94
1.5,50.0,50.0,0.0,14,1.39,0.48,0.9881452050738596,40522,0.5628055555555581,200,206,1.03
1.5,50.0,50.0,0.0,22,1.39,0.48,0.97963520192884,41475,0.576041666666665,200,198,0.99
1.5,50.0,60.0,0.0,0,1.39,0.48,0.1217804486017187,165492,2.298500000000015,6,58,9.666666666666666
1.5,50.0,60.0,0.0,8,1.39,0.48,0.1286271033174127,169197,2.349958333333284,25,75,3.0
1.5,50.0,60.0,0.0,16,1.39,0.48,0.3782945876719066,71836,0.9977222222222202,8,47,5.875
1.5,50.0,60.0,0.0,24,1.39,0.48,0.3547849401457545,79443,1.103374999999996,18,60,3.333333333333333
1.8,50.0,10.0,0.0,2,1.39,0.48,1.3117991151892707,6103,0.0706365740740735,40,41,1.025
1.8,50.0,10.0,0.0,10,1.39,0.48,1.2985529261272712,6254,0.0723842592592581,40,41,1.025
1.8,50.0,10.0,0.0,18,1.39,0.48,1.325147573786842,5997,0.0694097222222229,40,39,0.975
1.8,50.0,10.0,0.0,26,1.39,0.48,1.2989077945227718,6171,0.0714236111111096,40,41,1.025
1.8,50.0,20.0,0.0,4,1.39,0.48,1.2345118276329177,13274,0.1536342592592624,80,80,1.0
1.8,50.0,20.0,0.0,12,1.39,0.48,1.2495773672055035,12990,0.1503472222222251,80,80,1.0
1.8,50.0,20.0,0.0,20,1.39,0.48,1.2759728082512718,12798,0.1481250000000025,80,82,1.025
1.8,50.0,20.0,0.0,28,1.39,0.48,1.2328346937218748,13109,0.1517245370370391,80,79,0.9875
1.8,50.0,30.0,0.0,6,1.39,0.48,1.1725331719129113,20650,0.2390046296296295,120,119,0.9916666666666668
1.8,50.0,30.0,0.0,14,1.39,0.48,1.1544582861457182,21192,0.2452777777777783,120,121,1.0083333333333333
1.8,50.0,30.0,0.0,22,1.39,0.48,1.1628418996808758,20993,0.242974537037037,120,119,0.9916666666666668
1.8,50.0,40.0,0.0,0,1.39,0.48,1.0413812349638776,31175,0.3608217592592597,160,163,1.01875
1.8,50.0,40.0,0.0,8,1.39,0.48,1.0978362455647674,29874,0.3457638888888913,160,157,0.98125
1.8,50.0,40.0,0.0,16,1.39,0.48,1.0615726730857904,30534,0.3534027777777782,160,157,0.98125
1.8,50.0,40.0,0.0,24,1.39,0.48,1.0773054506921105,30198,0.3495138888888888,160,164,1.025
1.8,50.0,50.0,0.0,2,1.39,0.48,0.950047287899892,43140,0.4993055555555556,200,196,0.98
1.8,50.0,50.0,0.0,10,1.39,0.48,0.9424590849916188,43016,0.4978703703703681,200,199,0.995
1.8,50.0,50.0,0.0,18,1.39,0.48,0.936883894783286,43073,0.4985300925925931,200,199,0.995
1.8,50.0,50.0,0.0,26,1.39,0.48,1.021080941107075,40548,0.4693055555555573,200,192,0.96
1.8,50.0,60.0,0.0,4,1.39,0.48,0.8160477122418937,59272,0.6860185185185161,240,232,0.9666666666666668
1.8,50.0,60.0,0.0,12,1.39,0.48,0.7874364813429143,61478,0.7115509259259265,240,231,0.9625
1.8,50.0,60.0,0.0,20,1.39,0.48,0.8354286847232009,58003,0.6713310185185164,240,231,0.9625
1.8,50.0,60.0,0.0,28,1.39,0.48,0.8227788895295759,58966,0.682476851851851,240,237,0.9875
2.1,50.0,10.0,0.0,6,1.39,0.48,1.364726965342365,5915,0.0586805555555557,40,42,1.05
2.1,50.0,10.0,0.0,14,1.39,0.48,1.290829346092481,6270,0.0622023809523819,40,40,1.0
2.1,50.0,10.0,0.0,22,1.39,0.48,1.3324709976798017,6034,0.0598611111111126,40,39,0.975
2.1,50.0,20.0,0.0,0,1.39,0.48,1.249731512376756,12887,0.127847222222222,80,79,0.9875
2.1,50.0,20.0,0.0,8,1.39,0.48,1.2414800337241538,13047,0.1294345238095212,80,81,1.0125
2.1,50.0,20.0,0.0,16,1.39,0.48,1.2874644756687814,12597,0.1249702380952375,80,79,0.9875
2.1,50.0,20.0,0.0,24,1.39,0.48,1.2612509761049466,12806,0.127043650793651,80,82,1.025
2.1,50.0,30.0,0.0,2,1.39,0.48,1.2141077457796208,20140,0.1998015873015924,120,121,1.0083333333333333
2.1,50.0,30.0,0.0,10,1.39,0.48,1.2135737083582865,20052,0.1989285714285779,120,116,0.9666666666666668
2.1,50.0,30.0,0.0,18,1.39,0.48,1.1853993207181086,20610,0.2044642857142911,120,119,0.9916666666666668
2.1,50.0,30.0,0.0,26,1.39,0.48,1.1834229960385343,20447,0.2028472222222274,120,121,1.0083333333333333
2.1,50.0,40.0,0.0,4,1.39,0.48,1.157045084782394,27659,0.2743948412698422,160,156,0.975
2.1,50.0,40.0,0.0,12,1.39,0.48,1.1617166935628704,27885,0.276636904761907,160,158,0.9875
2.1,50.0,40.0,0.0,20,1.39,0.48,1.1372014001838373,28282,0.2805753968254013,160,158,0.9875
2.1,50.0,40.0,0.0,28,1.39,0.48,1.1469200170479057,28156,0.2793253968254001,160,160,1.0
2.1,50.0,50.0,0.0,6,1.39,0.48,1.1003943415806492,36618,0.3632738095238199,200,195,0.975
2.1,50.0,50.0,0.0,14,1.39,0.48,1.0389512245106916,39036,0.3872619047619152,200,202,1.01
2.1,50.0,50.0,0.0,22,1.39,0.48,1.0769113003794333,37689,0.3738988095238237,200,202,1.01
2.1,50.0,60.0,0.0,0,1.39,0.48,0.9924348129593458,48706,0.4831944444444417,240,244,1.0166666666666666
2.1,50.0,60.0,0.0,8,1.39,0.48,1.020102348361405,47778,0.473988095238098,240,238,0.9916666666666668
2.1,50.0,60.0,0.0,16,1.39,0.48,1.028703417300551,47201,0.4682638888888851,240,239,0.9958333333333332
2.1,50.0,60.0,0.0,24,1.39,0.48,1.014805278739148,47966,0.4758531746031719,240,237,0.9875
2.4,50.0,10.0,0.0,2,1.39,0.48,1.3091567054200282,6107,0.0530121527777786,40,40,1.0
2.4,50.0,10.0,0.0,10,1.39,0.48,1.312787178652773,6146,0.0533506944444453,40,41,1.025
2.4,50.0,10.0,0.0,18,1.39,0.48,1.340199966107387,5901,0.0512239583333338,40,39,0.975
2.4,50.0,10.0,0.0,26,1.39,0.48,1.3067130008176664,6115,0.0530815972222228,40,41,1.025
2.4,50.0,20.0,0.0,4,1.39,0.48,1.3087918367346392,12250,0.1063368055555555,80,80,1.0
2.4,50.0,20.0,0.0,12,1.39,0.48,1.2910950893214328,12483,0.1083593749999997,80,81,1.0125
2.4,50.0,20.0,0.0,20,1.39,0.48,1.2992990317676036,12497,0.1084809027777768,80,81,1.0125
2.4,50.0,20.0,0.0,28,1.39,0.48,1.2732608349266978,12552,0.108958333333333,80,78,0.975
2.4,50.0,30.0,0.0,6,1.39,0.48,1.2530685657848064,19237,0.1669878472222223,120,123,1.025
2.4,50.0,30.0,0.0,14,1.39,0.48,1.2393295916791325,19421,0.1685850694444449,120,121,1.0083333333333333
2.4,50.0,30.0,0.0,22,1.39,0.48,1.2918527686595431,18583,0.1613107638888893,120,119,0.9916666666666668
2.4,50.0,40.0,0.0,0,1.39,0.48,1.1864157888982054,27437,0.2381684027777781,160,163,1.01875
2.4,50.0,40.0,0.0,8,1.39,0.48,1.229369695124389,26273,0.228064236111111,160,161,1.00625
2.4,50.0,40.0,0.0,16,1.39,0.48,1.2498512150120171,25473,0.2211197916666657,160,157,0.98125
2.4,50.0,40.0,0.0,24,1.39,0.48,1.232363587250087,25914,0.224947916666667,160,163,1.01875
2.4,50.0,50.0,0.0,2,1.39,0.48,1.1713237550153348,33896,0.2942361111111103,200,198,0.99
2.4,50.0,50.0,0.0,10,1.39,0.48,1.1932198105993326,34002,0.2951562499999988,200,197,0.985
2.4,50.0,50.0,0.0,18,1.39,0.48,1.2088587005907083,33015,0.286588541666666,200,196,0.98
2.4,50.0,50.0,0.0,26,1.39,0.48,1.1826383152017337,34378,0.2984201388888883,200,193,0.965
2.4,50.0,60.0,0.0,4,1.39,0.48,1.1819180848703583,40603,0.3524565972222221,240,249,1.0375
2.4,50.0,60.0,0.0,12,1.39,0.48,1.211000274526399,40069,0.3478211805555571,240,250,1.0416666666666667
2.4,50.0,60.0,0.0,20,1.39,0.48,1.167123931313524,41289,0.3584114583333351,240,243,1.0125
2.4,50.0,60.0,0.0,28,1.39,0.48,1.155823941297847,41702,0.3619965277777768,240,254,1.0583333333333331
2.7,50.0,10.0,0.0,6,1.39,0.48,1.366893631436329,5904,0.0455555555555565,40,42,1.05
2.7,50.0,10.0,0.0,14,1.39,0.48,1.3141230217000897,6129,0.0472916666666676,40,40,1.0
2.7,50.0,10.0,0.0,22,1.39,0.48,1.3437297206890657,5979,0.0461342592592602,40,39,0.975
2.7,50.0,20.0,0.0,0,1.39,0.48,1.280614721379468,12526,0.0966512345679,80,80,1.0
2.7,50.0,20.0,0.0,8,1.39,0.48,1.2909324887747775,12472,0.0962345679012331,80,80,1.0
2.7,50.0,20.0,0.0,16,1.39,0.48,1.3358821091029518,12062,0.0930709876543205,80,81,1.0125
2.7,50.0,20.0,0.0,24,1.39,0.48,1.311233649444095,12232,0.0943827160493819,80,82,1.025
2.7,50.0,30.0,0.0,2,1.39,0.48,1.2548189342990943,19330,0.1491512345679,120,121,1.0083333333333333
2.7,50.0,30.0,0.0,10,1.39,0.48,1.2612121369834877,19214,0.1482561728395066,120,116,0.9666666666666668
2.7,50.0,30.0,0.0,18,1.39,0.48,1.24310842132374,19415,0.1498070987654308,120,120,1.0
2.7,50.0,30.0,0.0,26,1.39,0.48,1.2618828297715594,18998,0.1465895061728384,120,122,1.0166666666666666
2.7,50.0,40.0,0.0,4,1.39,0.48,1.2603670492586003,25092,0.1936111111111092,160,160,1.0
2.7,50.0,40.0,0.0,12,1.39,0.48,1.2483685295375757,25713,0.1984027777777779,160,159,0.99375
2.7,50.0,40.0,0.0,20,1.39,0.48,1.258368962786993,25260,0.1949074074074064,160,158,0.9875
2.7,50.0,40.0,0.0,28,1.39,0.48,1.2454688722040528,25572,0.1973148148148138,160,161,1.00625
2.7,50.0,50.0,0.0,6,1.39,0.48,1.2248820992752758,32697,0.252291666666667,200,199,0.995
2.7,50.0,50.0,0.0,14,1.39,0.48,1.1933324451549576,33777,0.2606249999999994,200,199,0.995
2.7,50.0,50.0,0.0,22,1.39,0.48,1.2179852400765936,32927,0.2540663580246899,200,199,0.995
2.7,50.0,60.0,0.0,0,1.39,0.48,1.1653534566699364,41080,0.316975308641976,240,242,1.0083333333333333
2.7,50.0,60.0,0.0,8,1.39,0.48,1.1298738502588896,42727,0.3296836419753082,240,242,1.0083333333333333
2.7,50.0,60.0,0.0,16,1.39,0.48,1.1646306887028697,41266,0.3184104938271639,240,238,0.9916666666666668
2.7,50.0,60.0,0.0,24,1.39,0.48,1.199545905707335,40300,0.3109567901234605,240,234,0.975
3.0,50.0,10.0,0.0,2,1.39,0.48,1.3116190944882076,6096,0.042333333333332,40,40,1.0
3.0,50.0,10.0,0.0,10,1.39,0.48,1.315054604726969,6135,0.0426041666666655,40,41,1.025
3.0,50.0,10.0,0.0,18,1.39,0.48,1.3435557819663249,5889,0.0408958333333322,40,39,0.975
3.0,50.0,10.0,0.0,26,1.39,0.48,1.3081006227466452,6102,0.0423749999999987,40,41,1.025
3.0,50.0,20.0,0.0,4,1.39,0.48,1.3284073215172567,12074,0.0838472222222219,80,80,1.0
3.0,50.0,20.0,0.0,12,1.39,0.48,1.301783516839333,12352,0.0857777777777773,80,81,1.0125
3.0,50.0,20.0,0.0,20,1.39,0.48,1.3185603841145637,12288,0.0853333333333332,80,81,1.0125
3.0,50.0,20.0,0.0,28,1.39,0.48,1.2895421511627871,12384,0.0859999999999994,80,78,0.975
3.0,50.0,30.0,0.0,6,1.39,0.48,1.2818132395268331,18762,0.1302916666666653,120,120,1.0
3.0,50.0,30.0,0.0,14,1.39,0.48,1.2671936403972008,18932,0.1314722222222208,120,121,1.0083333333333333
3.0,50.0,30.0,0.0,22,1.39,0.48,1.3011262167600377,18389,0.1277013888888884,120,119,0.9916666666666668
3.0,50.0,40.0,0.0,0,1.39,0.48,1.2014061574896604,27024,0.1876666666666643,160,163,1.01875
3.0,50.0,40.0,0.0,8,1.39,0.48,1.242898422128899,25921,0.1800069444444423,160,161,1.00625
3.0,50.0,40.0,0.0,16,1.39,0.48,1.2691011550298237,25021,0.1737569444444431,160,156,0.975
3.0,50.0,40.0,0.0,24,1.39,0.48,1.2456449029031027,25593,0.177729166666666,160,160,1.0
3.0,50.0,50.0,0.0,2,1.39,0.48,1.1852967695706758,33494,0.2325972222222216,200,199,0.995
3.0,50.0,50.0,0.0,10,1.39,0.48,1.2181147936124928,33190,0.230486111111111,200,199,0.995
3.0,50.0,50.0,0.0,18,1.39,0.48,1.2200898580060644,32607,0.2264374999999985,200,195,0.975
3.0,50.0,50.0,0.0,26,1.39,0.48,1.2067673779215176,33462,0.2323749999999985,200,192,0.96
3.0,50.0,60.0,0.0,4,1.39,0.48,1.1864938381806518,40329,0.2800625000000026,240,246,1.025
3.0,50.0,60.0,0.0,12,1.39,0.48,1.2159519742791396,39812,0.2764722222222232,240,245,1.0208333333333333
3.0,50.0,60.0,0.0,20,1.39,0.48,1.1809388630147966,40581,0.2818124999999992,240,243,1.0125
3.0,50.0,60.0,0.0,28,1.39,0.48,1.1692423984639644,41143,0.2857152777777751,240,251,1.0458333333333334
1.5,50.0,10.0,0.0,7,1.39,0.48,1.2989739466065875,6218,0.0863611111111089,40,42,1.05
1.5,50.0,10.0,0.0,15,1.39,0.48,1.3263848539252605,6127,0.08509722222222,40,42,1.05
1.5,50.0,10.0,0.0,23,1.39,0.48,1.257737985919823,6534,0.0907499999999973,40,40,1.0
1.5,50.0,20.0,0.0,1,1.39,0.48,1.2456809458006584,13026,0.1809166666666658,80,81,1.0125
1.5,50.0,20.0,0.0,9,1.39,0.48,1.2681546037204956,12794,0.1776944444444434,80,78,0.975
1.5,50.0,20.0,0.0,17,1.39,0.48,1.2731994328922216,12696,0.1763333333333333,80,80,1.0
1.5,50.0,20.0,0.0,25,1.39,0.48,1.2346658547723743,13138,0.1824722222222202,80,78,0.975
1.5,50.0,30.0,0.0,3,1.39,0.48,1.1529973462451757,21479,0.2983194444444423,120,117,0.975
1.5,50.0,30.0,0.0,11,1.39,0.48,1.1715323892450138,20902,0.2903055555555519,120,119,0.9916666666666668
1.5,50.0,30.0,0.0,19,1.39,0.48,1.1630574821852475,21050,0.2923611111111049,120,122,1.0166666666666666
1.5,50.0,30.0,0.0,27,1.39,0.48,1.1437191764978176,21615,0.3002083333333302,120,119,0.9916666666666668
1.5,50.0,40.0,0.0,5,1.39,0.48,1.082457850632665,29953,0.4160138888888858,160,153,0.95625
1.5,50.0,40.0,0.0,13,1.39,0.48,1.015203440914267,31852,0.4423888888888855,160,156,0.975
1.5,50.0,40.0,0.0,21,1.39,0.48,1.101471526505103,29466,0.4092499999999932,160,167,1.04375
1.5,50.0,40.0,0.0,29,1.39,0.48,1.081660190865774,29340,0.4074999999999905,160,165,1.03125
1.5,50.0,50.0,0.0,7,1.39,0.48,0.9135481785862132,43318,0.6016388888889006,200,194,0.97
1.5,50.0,50.0,0.0,15,1.39,0.48,0.9223074474857532,43988,0.6109444444444395,200,202,1.01
1.5,50.0,50.0,0.0,23,1.39,0.48,0.4977050265617985,61931,0.8601527777777753,85,129,1.5176470588235291
1.5,50.0,60.0,0.0,1,1.39,0.48,0.4542675658719963,76512,1.0626666666666738,70,121,1.7285714285714286
1.5,50.0,60.0,0.0,9,1.39,0.48,0.6418434264524505,48003,0.6667083333333307,29,79,2.7241379310344827
1.5,50.0,60.0,0.0,17,1.39,0.48,0.699943568746401,47137,0.6546805555555553,54,106,1.962962962962963
1.5,50.0,60.0,0.0,25,1.39,0.48,0.4265647504916288,70679,0.981652777777785,79,122,1.5443037974683544
1.8,50.0,10.0,0.0,3,1.39,0.48,1.2716415781968342,6311,0.0730439814814808,40,42,1.05
1.8,50.0,10.0,0.0,11,1.39,0.48,1.351476262372145,5961,0.0689930555555548,40,39,0.975
1.8,50.0,10.0,0.0,19,1.39,0.48,1.3449112327858224,6027,0.0697569444444451,40,39,0.975
1.8,50.0,10.0,0.0,27,1.39,0.48,1.3342339510257757,6044,0.0699537037037032,40,40,1.0
1.8,50.0,20.0,0.0,5,1.39,0.48,1.2522224802601374,12918,0.1495138888888913,80,80,1.0
1.8,50.0,20.0,0.0,13,1.39,0.48,1.2505787607891925,12976,0.1501851851851883,80,81,1.0125
1.8,50.0,20.0,0.0,21,1.39,0.48,1.2519071965295203,12909,0.1494097222222258,80,81,1.0125
1.8,50.0,20.0,0.0,29,1.39,0.48,1.269314704964048,12812,0.1482870370370397,80,80,1.0
1.8,50.0,30.0,0.0,7,1.39,0.48,1.153440637224808,21217,0.2455671296296303,120,118,0.9833333333333332
1.8,50.0,30.0,0.0,15,1.39,0.48,1.140062203381918,21703,0.25119212962963,120,120,1.0
1.8,50.0,30.0,0.0,23,1.39,0.48,1.1732768253666217,20941,0.2423726851851878,120,120,1.0
1.8,50.0,40.0,0.0,1,1.39,0.48,1.0796789021163666,30240,0.3500000000000012,160,165,1.03125
1.8,50.0,40.0,0.0,9,1.39,0.48,1.0776665346273593,30294,0.3506249999999988,160,158,0.9875
1.8,50.0,40.0,0.0,17,1.39,0.48,1.1134404737455053,29214,0.338124999999998,160,162,1.0125
1.8,50.0,40.0,0.0,25,1.39,0.48,1.0757083705985426,30189,0.3494097222222212,160,157,0.98125
1.8,50.0,50.0,0.0,3,1.39,0.48,0.9839815390502108,41818,0.4840046296296255,200,206,1.03
1.8,50.0,50.0,0.0,11,1.39,0.48,1.0242227715202954,39242,0.4541898148148108,200,197,0.985
1.8,50.0,50.0,0.0,19,1.39,0.48,0.9354004200529844,43804,0.5069907407407447,200,197,0.985
1.8,50.0,50.0,0.0,27,1.39,0.48,0.978635485486694,41927,0.4852662037037013,200,210,1.05
1.8,50.0,60.0,0.0,5,1.39,0.48,0.8504137348719979,56848,0.6579629629629636,240,224,0.9333333333333332
1.8,50.0,60.0,0.0,13,1.39,0.48,0.8154232586290837,59479,0.6884143518518555,240,230,0.9583333333333334
1.8,50.0,60.0,0.0,21,1.39,0.48,0.7749740792569721,62884,0.72782407407408,240,227,0.9458333333333332
1.8,50.0,60.0,0.0,29,1.39,0.48,0.817665803556008,57930,0.6704861111111142,240,230,0.9583333333333334
2.1,50.0,10.0,0.0,7,1.39,0.48,1.289120843989734,6256,0.0620634920634934,40,42,1.05
2.1,50.0,10.0,0.0,15,1.39,0.48,1.3211082265130731,6163,0.0611408730158739,40,42,1.05
2.1,50.0,10.0,0.0,23,1.39,0.48,1.2599076496844874,6497,0.0644543650793665,40,41,1.025
2.1,50.0,20.0,0.0,1,1.39,0.48,1.272971225857265,12685,0.1258432539682551,80,81,1.0125
2.1,50.0,20.0,0.0,9,1.39,0.48,1.3074585322437091,12359,0.1226091269841278,80,79,0.9875
2.1,50.0,20.0,0.0,17,1.39,0.48,1.2880567421616735,12407,0.1230853174603162,80,80,1.0
2.1,50.0,20.0,0.0,25,1.39,0.48,1.2346485951419617,13133,0.1302876984126983,80,79,0.9875
2.1,50.0,30.0,0.0,3,1.39,0.48,1.2094728796844112,20280,0.2011904761904828,120,120,1.0
2.1,50.0,30.0,0.0,11,1.39,0.48,1.1845279064099192,20515,0.2035218253968309,120,117,0.975
2.1,50.0,30.0,0.0,19,1.39,0.48,1.2286480599736689,19742,0.1958531746031815,120,119,0.9916666666666668
2.1,50.0,30.0,0.0,27,1.39,0.48,1.233670905314388,19739,0.1958234126984191,120,120,1.0
2.1,50.0,40.0,0.0,5,1.39,0.48,1.1525755246505105,27971,0.2774900793650822,160,156,0.975
2.1,50.0,40.0,0.0,13,1.39,0.48,1.10501248332708,29239,0.2900694444444459,160,161,1.00625
2.1,50.0,40.0,0.0,21,1.39,0.48,1.1286508075534805,28543,0.283164682539679,160,163,1.01875
2.1,50.0,40.0,0.0,29,1.39,0.48,1.156653376436858,27840,0.2761904761904766,160,163,1.01875
2.1,50.0,50.0,0.0,7,1.39,0.48,1.0379931552673205,38862,0.3855357142857276,200,201,1.005
2.1,50.0,50.0,0.0,15,1.39,0.48,1.09802134402346,36919,0.3662599206349317,200,199,0.995
2.1,50.0,50.0,0.0,23,1.39,0.48,1.043126211584777,38689,0.3838194444444582,200,200,1.0
2.1,50.0,60.0,0.0,1,1.39,0.48,0.9673566228254744,50409,0.5000892857142782,240,242,1.0083333333333333
2.1,50.0,60.0,0.0,9,1.39,0.48,1.017320910627573,47923,0.4754265873015852,240,245,1.0208333333333333
2.1,50.0,60.0,0.0,17,1.39,0.48,0.9863157248408768,48859,0.4847123015872973,240,244,1.0166666666666666
2.1,50.0,60.0,0.0,25,1.39,0.48,0.9899033367037344,49450,0.4905753968254036,240,232,0.9666666666666668
2.4,50.0,10.0,0.0,3,1.39,0.48,1.2845480908651865,6207,0.0538802083333343,40,42,1.05
2.4,50.0,10.0,0.0,11,1.39,0.48,1.340076653891078,6001,0.0520920138888894,40,39,0.975
2.4,50.0,10.0,0.0,19,1.39,0.48,1.349736094872248,5987,0.051970486111112,40,39,0.975
2.4,50.0,10.0,0.0,27,1.39,0.48,1.3409879839786047,5992,0.0520138888888896,40,40,1.0
2.4,50.0,20.0,0.0,5,1.39,0.48,1.302750716332422,12215,0.1060329861111112,80,79,0.9875
2.4,50.0,20.0,0.0,13,1.39,0.48,1.282928787156291,12582,0.1092187500000006,80,81,1.0125
2.4,50.0,20.0,0.0,21,1.39,0.48,1.2765596878235133,12557,0.1090017361111117,80,82,1.025
2.4,50.0,20.0,0.0,29,1.39,0.48,1.3344700041373083,12085,0.1049045138888894,80,80,1.0
2.4,50.0,30.0,0.0,7,1.39,0.48,1.226159504844941,19711,0.1711024305555565,120,117,0.975
2.4,50.0,30.0,0.0,15,1.39,0.48,1.2657938500155566,19122,0.1659895833333326,120,119,0.9916666666666668
2.4,50.0,30.0,0.0,23,1.39,0.48,1.2190170255384172,19970,0.1733506944444451,120,117,0.975
2.4,50.0,40.0,0.0,1,1.39,0.48,1.2066789960369906,26495,0.2299913194444447,160,166,1.0375
2.4,50.0,40.0,0.0,9,1.39,0.48,1.2143291436359371,26414,0.2292881944444442,160,158,0.9875
2.4,50.0,40.0,0.0,17,1.39,0.48,1.226008172305868,26186,0.227309027777778,160,164,1.025
2.4,50.0,40.0,0.0,25,1.39,0.48,1.1751660273972218,27375,0.2376302083333338,160,159,0.99375
2.4,50.0,50.0,0.0,3,1.39,0.48,1.2033528708134706,33440,0.290277777777778,200,200,1.0
2.4,50.0,50.0,0.0,11,1.39,0.48,1.2330214198286682,32680,0.2836805555555532,200,204,1.02
2.4,50.0,50.0,0.0,19,1.39,0.48,1.2370829223180722,32440,0.2815972222222194,200,201,1.005
2.4,50.0,50.0,0.0,27,1.39,0.48,1.1820361831478932,34049,0.2955642361111127,200,208,1.04
2.4,50.0,60.0,0.0,5,1.39,0.48,1.1481985180243353,41971,0.3643315972222203,240,239,0.9958333333333332
2.4,50.0,60.0,0.0,13,1.39,0.48,1.1623429818460094,41699,0.3619704861111125,240,237,0.9875
2.4,50.0,60.0,0.0,21,1.39,0.48,1.1530802985856516,41931,0.3639843750000006,240,241,1.0041666666666669
2.4,50.0,60.0,0.0,29,1.39,0.48,1.1522974395787646,41790,0.3627604166666663,240,240,1.0
2.7,50.0,10.0,0.0,7,1.39,0.48,1.3021303501945196,6168,0.0475925925925935,40,42,1.05
2.7,50.0,10.0,0.0,15,1.39,0.48,1.327787740463003,6134,0.0473302469135813,40,41,1.025
2.7,50.0,10.0,0.0,23,1.39,0.48,1.2682637055443553,6439,0.0496836419753097,40,39,0.975
2.7,50.0,20.0,0.0,1,1.39,0.48,1.3092278811622076,12252,0.0945370370370361,80,79,0.9875
2.7,50.0,20.0,0.0,9,1.39,0.48,1.3526854886144055,11901,0.0918287037037025,80,79,0.9875
2.7,50.0,20.0,0.0,17,1.39,0.48,1.319257634693356,12083,0.0932330246913573,80,80,1.0
2.7,50.0,20.0,0.0,25,1.39,0.48,1.27180503989252,12659,0.0976774691358016,80,79,0.9875
2.7,50.0,30.0,0.0,3,1.39,0.48,1.2832800338857409,18887,0.1457330246913558,120,121,1.0083333333333333
2.7,50.0,30.0,0.0,11,1.39,0.48,1.2718074759476226,19021,0.1467669753086415,120,118,0.9833333333333332
2.7,50.0,30.0,0.0,19,1.39,0.48,1.292115219260523,18608,0.1435802469135794,120,121,1.0083333333333333
2.7,50.0,30.0,0.0,27,1.39,0.48,1.3052301570230804,18596,0.143487654320986,120,120,1.0
2.7,50.0,40.0,0.0,5,1.39,0.48,1.2411952809685671,25768,0.1988271604938268,160,154,0.9625
2.7,50.0,40.0,0.0,13,1.39,0.48,1.191358616843304,26895,0.2075231481481468,160,160,1.0
2.7,50.0,40.0,0.0,21,1.39,0.48,1.219627269952667,26212,0.2022530864197516,160,163,1.01875
2.7,50.0,40.0,0.0,29,1.39,0.48,1.236993745872834,25743,0.1986342592592578,160,163,1.01875
2.7,50.0,50.0,0.0,7,1.39,0.48,1.1748989690719889,33950,0.2619598765432116,200,199,0.995
2.7,50.0,50.0,0.0,15,1.39,0.48,1.2233777520279778,32794,0.253040123456791,200,203,1.015
2.7,50.0,50.0,0.0,23,1.39,0.48,1.1828264204379104,33898,0.2615586419753091,200,202,1.01
2.7,50.0,60.0,0.0,1,1.39,0.48,1.1500226511256235,42382,0.3270216049382721,240,238,0.9916666666666668
2.7,50.0,60.0,0.0,9,1.39,0.48,1.1672942006424645,41108,0.3171913580246905,240,237,0.9875
2.7,50.0,60.0,0.0,17,1.39,0.48,1.1813422933804547,40848,0.3151851851851857,240,242,1.0083333333333333
2.7,50.0,60.0,0.0,25,1.39,0.48,1.1513566480021251,42148,0.3252160493827171,240,237,0.9875
3.0,50.0,10.0,0.0,3,1.39,0.48,1.287830021005044,6189,0.0429791666666655,40,42,1.05
3.0,50.0,10.0,0.0,11,1.39,0.48,1.3421632448673586,5991,0.0416041666666653,40,39,0.975
3.0,50.0,10.0,0.0,19,1.39,0.48,1.3512648485862715,5977,0.0415069444444432,40,39,0.975
3.0,50.0,10.0,0.0,27,1.39,0.48,1.3423809523809187,5985,0.0415624999999989,40,40,1.0
3.0,50.0,20.0,0.0,5,1.39,0.48,1.3093649617000698,12141,0.0843125,80,79,0.9875
3.0,50.0,20.0,0.0,13,1.39,0.48,1.295814793992491,12451,0.0864652777777777,80,81,1.0125
3.0,50.0,20.0,0.0,21,1.39,0.48,1.2806654935210176,12502,0.086819444444444,80,82,1.025
3.0,50.0,20.0,0.0,29,1.39,0.48,1.3484445933494729,11939,0.0829097222222215,80,80,1.0
3.0,50.0,30.0,0.0,7,1.39,0.48,1.240573517298116,19424,0.1348888888888883,120,117,0.975
3.0,50.0,30.0,0.0,15,1.39,0.48,1.2897676535144975,18679,0.129715277777777,120,120,1.0
3.0,50.0,30.0,0.0,23,1.39,0.48,1.240211102024242,19564,0.1358611111111107,120,117,0.975
3.0,50.0,40.0,0.0,1,1.39,0.48,1.2345945107768213,25796,0.179138888888889,160,167,1.04375
3.0,50.0,40.0,0.0,9,1.39,0.48,1.2281063568744517,26082,0.1811249999999991,160,158,0.9875
3.0,50.0,40.0,0.0,17,1.39,0.48,1.247128381011864,25658,0.1781805555555551,160,164,1.025
3.0,50.0,40.0,0.0,25,1.39,0.48,1.1893503359691189,26937,0.1870624999999972,160,159,0.99375
3.0,50.0,50.0,0.0,3,1.39,0.48,1.2265701531782722,32707,0.2271319444444438,200,196,0.98
3.0,50.0,50.0,0.0,11,1.39,0.48,1.2501298378580217,32194,0.2235694444444413,200,204,1.02
3.0,50.0,50.0,0.0,19,1.39,0.48,1.2442977466976648,32175,0.2234374999999979,200,200,1.0
3.0,50.0,50.0,0.0,27,1.39,0.48,1.2200152142162426,32864,0.22822222222222,200,212,1.06
3.0,50.0,60.0,0.0,5,1.39,0.48,1.154425702425831,41677,0.2894236111111137,240,236,0.9833333333333332
3.0,50.0,60.0,0.0,13,1.39,0.48,1.166514613954991,41433,0.2877291666666663,240,233,0.9708333333333332
3.0,50.0,60.0,0.0,21,1.39,0.48,1.170834183301558,41178,0.2859583333333312,240,238,0.9916666666666668
3.0,50.0,60.0,0.0,29,1.39,0.48,1.1736887108200162,40933,0.2842569444444473,240,239,0.9958333333333332
1.6,50.0,10.0,0.0,0,1.39,0.48,1.243181402439053,6560,0.0854166666666666,40,39,0.975
1.6,50.0,10.0,0.0,8,1.39,0.48,1.2673530794546364,6381,0.0830859375,40,38,0.95
1.6,50.0,10.0,0.0,16,1.39,0.48,1.3048067440750493,6287,0.0818619791666666,40,40,1.0
1.6,50.0,10.0,0.0,24,1.39,0.48,1.3362279293740065,6230,0.0811197916666666,40,41,1.025
1.6,50.0,20.0,0.0,2,1.39,0.48,1.2725368916797868,12740,0.1658854166666666,80,80,1.0
1.6,50.0,20.0,0.0,10,1.39,0.48,1.2149204933868445,13458,0.175234375,80,79,0.9875
1.6,50.0,20.0,0.0,18,1.39,0.48,1.2653837727876658,12781,0.1664192708333333,80,81,1.0125
1.6,50.0,20.0,0.0,26,1.39,0.48,1.2536871723712733,12972,0.16890625,80,81,1.0125
1.6,50.0,30.0,0.0,4,1.39,0.48,1.1329820617515487,21797,0.2838151041666666,120,119,0.9916666666666668
1.6,50.0,30.0,0.0,12,1.39,0.48,1.1855616251280503,20503,0.2669661458333333,120,124,1.0333333333333334
1.6,50.0,30.0,0.0,20,1.39,0.48,1.1482320835310282,21070,0.2743489583333333,120,122,1.0166666666666666
1.6,50.0,30.0,0.0,28,1.39,0.48,1.1588684986658606,21361,0.2781380208333333,120,122,1.0166666666666666
1.6,50.0,40.0,0.0,6,1.39,0.48,1.0630083226422469,30399,0.3958203125,160,156,0.975
1.6,50.0,40.0,0.0,14,1.39,0.48,1.0544509345794355,30816,0.40125,160,160,1.0
1.6,50.0,40.0,0.0,22,1.39,0.48,1.037462039721865,32073,0.4176171875,160,153,0.95625
1.6,50.0,50.0,0.0,0,1.39,0.48,0.929543685564142,43939,0.5721223958333334,200,199,0.995
1.6,50.0,50.0,0.0,8,1.39,0.48,0.9238850073118648,43081,0.5609505208333333,200,197,0.985
1.6,50.0,50.0,0.0,16,1.39,0.48,0.9036631033944372,44809,0.5834505208333334,200,202,1.01
1.6,50.0,50.0,0.0,24,1.39,0.48,0.9765878755520584,41206,0.5365364583333333,200,208,1.04
1.6,50.0,60.0,0.0,2,1.39,0.48,0.4259011193813315,86387,1.1248307291666666,101,132,1.306930693069307
1.6,50.0,60.0,0.0,10,1.39,0.48,0.3389977275445517,91971,1.1975390625,33,89,2.696969696969697
1.6,50.0,60.0,0.0,18,1.39,0.48,0.563670567560012,50074,0.6520052083333333,11,55,5.0
1.6,50.0,60.0,0.0,26,1.39,0.48,0.3620855525965437,90120,1.1734375,93,87,0.935483870967742
1.7,50.0,10.0,0.0,4,1.39,0.48,1.3390517810026383,6064,0.074313725490199,40,41,1.025
1.7,50.0,10.0,0.0,12,1.39,0.48,1.3040616427303782,6197,0.0759436274509833,40,41,1.025
1.7,50.0,10.0,0.0,20,1.39,0.48,1.365651063829749,5875,0.0719975490196107,40,40,1.0
1.7,50.0,10.0,0.0,28,1.39,0.48,1.3295946832950591,6094,0.0746813725490223,40,41,1.025
1.7,50.0,20.0,0.0,6,1.39,0.48,1.3000972199903404,12446,0.152524509803923,80,76,0.95
1.7,50.0,20.0,0.0,14,1.39,0.48,1.237011319608005,13163,0.1613112745098047,80,79,0.9875
1.7,50.0,20.0,0.0,22,1.39,0.48,1.2679717203456091,12730,0.156004901960786,80,79,0.9875
1.7,50.0,30.0,0.0,0,1.39,0.48,1.1829913701153794,20626,0.2527696078431389,120,118,0.9833333333333332
1.7,50.0,30.0,0.0,8,1.39,0.48,1.1244369174813011,21995,0.2695465686274497,120,119,0.9916666666666668
1.7,50.0,30.0,0.0,16,1.39,0.48,1.134662954953306,21733,0.2663357843137269,120,117,0.975
1.7,50.0,30.0,0.0,24,1.39,0.48,1.1746380851677498,20806,0.2549754901960782,120,116,0.9666666666666668
1.7,50.0,40.0,0.0,2,1.39,0.48,1.1015612783760738,29162,0.3573774509803933,160,162,1.0125
1.7,50.0,40.0,0.0,10,1.39,0.48,1.0536670585162702,30624,0.3752941176470612,160,168,1.05
1.7,50.0,40.0,0.0,18,1.39,0.48,1.041304847672046,31314,0.3837500000000073,160,164,1.025
1.7,50.0,40.0,0.0,26,1.39,0.48,1.0435027269001782,31721,0.3887377450980409,160,159,0.99375
1.7,50.0,50.0,0.0,4,1.39,0.48,0.9563545568040004,42453,0.5202573529411848,200,204,1.02
1.7,50.0,50.0,0.0,12,1.39,0.48,0.9729852917028318,42629,0.5224142156862671,200,197,0.985
1.7,50.0,50.0,0.0,20,1.39,0.48,0.9428684032555158,42881,0.5255024509803936,200,195,0.975
1.7,50.0,50.0,0.0,28,1.39,0.48,0.9699151641127564,41374,0.5070343137254805,200,204,1.02
1.7,50.0,60.0,0.0,6,1.39,0.48,0.165173098922293,149481,1.8318749999999933,28,60,2.142857142857143
1.7,50.0,60.0,0.0,14,1.39,0.48,0.3415934339423357,94425,1.1571691176470702,60,84,1.4
1.7,50.0,60.0,0.0,22,1.39,0.48,0.1098424739041053,184033,2.255306372549038,16,61,3.8125
1.6,50.0,10.0,0.0,1,1.39,0.48,1.2935541785827338,6294,0.081953125,40,40,1.0
1.6,50.0,10.0,0.0,9,1.39,0.48,1.316583427922761,6167,0.0802994791666666,40,41,1.025
1.6,50.0,10.0,0.0,17,1.39,0.48,1.2847336905137192,6346,0.0826302083333333,40,40,1.0
1.6,50.0,10.0,0.0,25,1.39,0.48,1.2747684526631191,6327,0.0823828125,40,41,1.025
1.6,50.0,20.0,0.0,3,1.39,0.48,1.216687415629201,13334,0.1736197916666666,80,81,1.0125
1.6,50.0,20.0,0.0,11,1.39,0.48,1.2684438040344677,12839,0.1671744791666666,80,79,0.9875
1.6,50.0,20.0,0.0,19,1.39,0.48,1.2487517379885271,12946,0.1685677083333333,80,82,1.025
1.6,50.0,20.0,0.0,27,1.39,0.48,1.259668155220245,12988,0.1691145833333333,80,79,0.9875
1.6,50.0,30.0,0.0,5,1.39,0.48,1.170591201613717,20822,0.2711197916666666,120,121,1.0083333333333333
1.6,50.0,30.0,0.0,13,1.39,0.48,1.1223219857495563,21473,0.2795963541666666,120,118,0.9833333333333332
1.6,50.0,30.0,0.0,21,1.39,0.48,1.1390097033288558,21539,0.2804557291666666,120,123,1.025
1.6,50.0,30.0,0.0,29,1.39,0.48,1.1599837793998653,20961,0.2729296875,120,118,0.9833333333333332
1.6,50.0,40.0,0.0,7,1.39,0.48,0.9884423082736128,33081,0.4307421875,160,159,0.99375
1.6,50.0,40.0,0.0,15,1.39,0.48,1.0554848777349253,31080,0.4046875,160,162,1.0125
1.6,50.0,40.0,0.0,23,1.39,0.48,1.0855235689117249,30082,0.3916927083333333,160,162,1.0125
1.6,50.0,50.0,0.0,1,1.39,0.48,0.913373054529776,44141,0.5747526041666666,200,201,1.005
1.6,50.0,50.0,0.0,9,1.39,0.48,0.8882714639665295,46415,0.6043619791666667,200,190,0.95
1.6,50.0,50.0,0.0,17,1.39,0.48,0.9027539304807248,44333,0.5772526041666667,200,193,0.965
1.6,50.0,50.0,0.0,25,1.39,0.48,0.9754548755689368,41308,0.5378645833333333,200,200,1.0
1.6,50.0,60.0,0.0,3,1.39,0.48,0.1882553280737839,123966,1.614140625,29,77,2.655172413793104
1.6,50.0,60.0,0.0,11,1.39,0.48,0.4436503385966155,64531,0.8402473958333333,121,112,0.9256198347107438
1.6,50.0,60.0,0.0,19,1.39,0.48,0.2536097923899431,112904,1.4701041666666668,49,91,1.8571428571428568
1.6,50.0,60.0,0.0,27,1.39,0.48,0.5059703433922697,69192,0.9009375,75,122,1.6266666666666667
1.7,50.0,10.0,0.0,5,1.39,0.48,1.342416387959837,5980,0.0732843137254929,40,40,1.0
1.7,50.0,10.0,0.0,13,1.39,0.48,1.3001950751519382,6254,0.076642156862748,40,40,1.0
1.7,50.0,10.0,0.0,21,1.39,0.48,1.3047025723472965,6220,0.0762254901960816,40,40,1.0
1.7,50.0,10.0,0.0,29,1.39,0.48,1.3336163934426577,6100,0.0747549019607871,40,41,1.025
1.7,50.0,20.0,0.0,7,1.39,0.48,1.2471840712038214,13033,0.1597181372549033,80,84,1.05
1.7,50.0,20.0,0.0,15,1.39,0.48,1.2218193271083333,13494,0.1653676470588253,80,80,1.0
1.7,50.0,20.0,0.0,23,1.39,0.48,1.242438649126839,12999,0.1593014705882354,80,81,1.0125
1.7,50.0,30.0,0.0,1,1.39,0.48,1.1648255561453715,20723,0.2539583333333324,120,121,1.0083333333333333
1.7,50.0,30.0,0.0,9,1.39,0.48,1.1184868091311355,21947,0.2689583333333349,120,115,0.9583333333333334
1.7,50.0,30.0,0.0,17,1.39,0.48,1.1691246809716995,21158,0.2592892156862733,120,118,0.9833333333333332
1.7,50.0,30.0,0.0,25,1.39,0.48,1.1617634336248557,20806,0.2549754901960776,120,122,1.0166666666666666
1.7,50.0,40.0,0.0,3,1.39,0.48,1.1078534312246198,29829,0.3655514705882402,160,161,1.00625
1.7,50.0,40.0,0.0,11,1.39,0.48,1.07065408682046,30684,0.3760294117647113,160,164,1.025
1.7,50.0,40.0,0.0,19,1.39,0.48,1.0467270671733104,31843,0.3902328431372618,160,152,0.95
1.7,50.0,40.0,0.0,27,1.39,0.48,1.1024033664777872,29467,0.3611151960784344,160,165,1.03125
1.7,50.0,50.0,0.0,5,1.39,0.48,0.933803920667271,43513,0.5332475490196097,200,199,0.995
1.7,50.0,50.0,0.0,13,1.39,0.48,0.9348379505580235,42919,0.5259681372549005,200,198,0.99
1.7,50.0,50.0,0.0,21,1.39,0.48,0.9110054106793548,45096,0.5526470588235277,200,188,0.94
1.7,50.0,50.0,0.0,29,1.39,0.48,0.6806615037108431,58881,0.7215808823529409,200,198,0.99
1.7,50.0,60.0,0.0,7,1.39,0.48,0.7509086206897688,63800,0.78186274509805,240,228,0.95
1.7,50.0,60.0,0.0,15,1.39,0.48,0.1463399885909452,157770,1.9334558823529613,24,47,1.9583333333333333
1.7,50.0,60.0,0.0,23,1.39,0.48,0.5612287675107822,67173,0.8231985294117666,101,155,1.534653465346535
1.6,50.0,10.0,0.0,2,1.39,0.48,1.3022094342681323,6169,0.0803255208333333,40,40,1.0
1.6,50.0,10.0,0.0,10,1.39,0.48,1.294905480540104,6295,0.0819661458333333,40,41,1.025
1.6,50.0,10.0,0.0,18,1.39,0.48,1.3129634486149282,6101,0.0794401041666666,40,39,0.975
1.6,50.0,10.0,0.0,26,1.39,0.48,1.300158961881594,6165,0.0802734375,40,41,1.025
1.6,50.0,20.0,0.0,4,1.39,0.48,1.2291148860080008,13422,0.174765625,80,81,1.0125
1.6,50.0,20.0,0.0,12,1.39,0.48,1.2310005258018044,13313,0.1733463541666666,80,79,0.9875
1.6,50.0,20.0,0.0,20,1.39,0.48,1.2769236766196148,12827,0.1670182291666666,80,82,1.025
1.6,50.0,20.0,0.0,28,1.39,0.48,1.2318085106382983,13066,0.1701302083333333,80,78,0.975
1.6,50.0,30.0,0.0,6,1.39,0.48,1.1866249445622647,20293,0.2642317708333333,120,121,1.0083333333333333
1.6,50.0,30.0,0.0,14,1.39,0.48,1.1454282374941718,21390,0.278515625,120,123,1.025
1.6,50.0,30.0,0.0,22,1.39,0.48,1.1958759015907665,20242,0.2635677083333333,120,119,0.9916666666666668
1.6,50.0,40.0,0.0,0,1.39,0.48,1.041838310038102,31480,0.4098958333333333,160,163,1.01875
1.6,50.0,40.0,0.0,8,1.39,0.48,1.0733129055516148,30514,0.3973177083333333,160,157,0.98125
1.6,50.0,40.0,0.0,16,1.39,0.48,1.1218880442295207,28940,0.3768229166666667,160,161,1.00625
1.6,50.0,40.0,0.0,24,1.39,0.48,1.066780695388254,30314,0.3947135416666666,160,157,0.98125
1.6,50.0,50.0,0.0,2,1.39,0.48,0.932301564789867,42306,0.550859375,200,188,0.94
1.6,50.0,50.0,0.0,10,1.39,0.48,0.9414704152452488,42505,0.5534505208333333,200,196,0.98
1.6,50.0,50.0,0.0,18,1.39,0.48,0.9647223086310988,41791,0.5441536458333334,200,200,1.0
1.6,50.0,50.0,0.0,26,1.39,0.48,0.9573512049959184,40996,0.5338020833333333,200,180,0.9
1.6,50.0,60.0,0.0,4,1.39,0.48,0.4820251300331938,85555,1.1139973958333331,158,173,1.0949367088607596
1.6,50.0,60.0,0.0,12,1.39,0.48,0.4107902628625027,59689,0.7772005208333334,87,90,1.0344827586206895
1.6,50.0,60.0,0.0,20,1.39,0.48,0.8291395938193202,56822,0.7398697916666667,222,223,1.0045045045045045
1.6,50.0,60.0,0.0,28,1.39,0.48,0.4956012982575865,70248,0.9146875,120,118,0.9833333333333332
1.7,50.0,10.0,0.0,6,1.39,0.48,1.3443263473054003,6012,0.0736764705882381,40,42,1.05
1.7,50.0,10.0,0.0,14,1.39,0.48,1.311707159054074,6174,0.0756617647058853,40,40,1.0
1.7,50.0,10.0,0.0,22,1.39,0.48,1.330234772615324,6091,0.0746446078431403,40,40,1.0
1.7,50.0,20.0,0.0,0,1.39,0.48,1.2399945853959762,12928,0.1584313725490207,80,80,1.0
1.7,50.0,20.0,0.0,8,1.39,0.48,1.2550556463537146,12849,0.1574632352941174,80,81,1.0125
1.7,50.0,20.0,0.0,16,1.39,0.48,1.2733219444012749,12878,0.157818627450981,80,82,1.025
1.7,50.0,20.0,0.0,24,1.39,0.48,1.2486370608989188,13038,0.1597794117647064,80,84,1.05
1.7,50.0,30.0,0.0,2,1.39,0.48,1.1462108662081427,21369,0.2618749999999978,120,119,0.9916666666666668
1.7,50.0,30.0,0.0,10,1.39,0.48,1.1514477940831815,21329,0.2613848039215689,120,116,0.9666666666666668
1.7,50.0,30.0,0.0,18,1.39,0.48,1.1569599511714292,21299,0.2610171568627461,120,119,0.9916666666666668
1.7,50.0,30.0,0.0,26,1.39,0.48,1.1214851530800716,21688,0.2657843137254866,120,121,1.0083333333333333
1.7,50.0,40.0,0.0,4,1.39,0.48,0.9479035464260877,34711,0.425379901960788,160,153,0.95625
1.7,50.0,40.0,0.0,12,1.39,0.48,1.0584927356830975,30698,0.3762009803921634,160,158,0.9875
1.7,50.0,40.0,0.0,20,1.39,0.48,0.9352608962553574,34209,0.4192279411764745,160,151,0.94375
1.7,50.0,40.0,0.0,28,1.39,0.48,1.070432269084277,30444,0.3730882352941182,160,158,0.9875
1.7,50.0,50.0,0.0,6,1.39,0.48,0.9311274231302696,44003,0.5392524509803946,200,188,0.94
1.7,50.0,50.0,0.0,14,1.39,0.48,0.2751159392841122,110877,1.3587867647058696,45,83,1.8444444444444448
1.7,50.0,50.0,0.0,22,1.39,0.48,0.3229626398316847,83672,1.025392156862747,60,73,1.2166666666666666
1.7,50.0,60.0,0.0,0,1.39,0.48,0.1952922611163282,132125,1.619178921568624,35,92,2.628571428571429
1.7,50.0,60.0,0.0,8,1.39,0.48,0.6854327987810943,63667,0.7802328431372596,195,197,1.0102564102564102
1.7,50.0,60.0,0.0,16,1.39,0.48,0.1658927529079631,166177,2.036482843137229,37,79,2.135135135135135
1.7,50.0,60.0,0.0,24,1.39,0.48,0.8639551528533936,52534,0.6437990196078455,240,210,0.875
1.6,50.0,10.0,0.0,3,1.39,0.48,1.2876105195224614,6198,0.080703125,40,42,1.05
1.6,50.0,10.0,0.0,11,1.39,0.48,1.3300310711366057,6115,0.0796223958333333,40,39,0.975
1.6,50.0,10.0,0.0,19,1.39,0.48,1.3137562149158235,6235,0.0811848958333333,40,39,0.975
1.6,50.0,10.0,0.0,27,1.39,0.48,1.3429835356726774,6013,0.0782942708333333,40,40,1.0
1.6,50.0,20.0,0.0,5,1.39,0.48,1.2383429966432995,13108,0.1706770833333333,80,79,0.9875
1.6,50.0,20.0,0.0,13,1.39,0.48,1.2577302657061322,12909,0.1680859375,80,81,1.0125
1.6,50.0,20.0,0.0,21,1.39,0.48,1.23593548387094,13175,0.1715494791666666,80,81,1.0125
1.6,50.0,20.0,0.0,29,1.39,0.48,1.285161519067067,12692,0.1652604166666666,80,81,1.0125
1.6,50.0,30.0,0.0,7,1.39,0.48,1.1449188655283966,21261,0.2768359375,120,113,0.9416666666666668
1.6,50.0,30.0,0.0,15,1.39,0.48,1.1482706872369255,21390,0.278515625,120,119,0.9916666666666668
1.6,50.0,30.0,0.0,23,1.39,0.48,1.1283051615535378,22067,0.2873307291666667,120,118,0.9833333333333332
1.6,50.0,40.0,0.0,1,1.39,0.48,1.041115419413163,30948,0.40296875,160,165,1.03125
1.6,50.0,40.0,0.0,9,1.39,0.48,1.0210523500911906,31786,0.4138802083333333,160,158,0.9875
1.6,50.0,40.0,0.0,17,1.39,0.48,1.0788213103905349,30220,0.3934895833333333,160,160,1.0
1.6,50.0,40.0,0.0,25,1.39,0.48,1.0150490242741252,31515,0.4103515625,160,155,0.96875
1.6,50.0,50.0,0.0,3,1.39,0.48,0.9226628166663337,44329,0.5772005208333333,200,200,1.0
1.6,50.0,50.0,0.0,11,1.39,0.48,0.9194316604074476,43935,0.5720703125,200,194,0.97
1.6,50.0,50.0,0.0,19,1.39,0.48,0.8962364762134778,45383,0.5909244791666667,200,190,0.95
1.6,50.0,50.0,0.0,27,1.39,0.48,0.9280465876583976,44046,0.573515625,200,201,1.005
1.6,50.0,60.0,0.0,5,1.39,0.48,0.1914538625795521,132062,1.7195572916666666,36,49,1.3611111111111112
1.6,50.0,60.0,0.0,13,1.39,0.48,0.064698413357087,192797,2.5103776041666666,0,0,1.0
1.6,50.0,60.0,0.0,21,1.39,0.48,0.2555439144001223,116636,1.5186979166666668,79,79,1.0
1.6,50.0,60.0,0.0,29,1.39,0.48,0.5575926891073945,55643,0.7245182291666666,30,75,2.5
1.7,50.0,10.0,0.0,7,1.39,0.48,1.2919514144158175,6257,0.0766789215686303,40,42,1.05
1.7,50.0,10.0,0.0,15,1.39,0.48,1.3171541950113488,6174,0.0756617647058854,40,42,1.05
1.7,50.0,10.0,0.0,23,1.39,0.48,1.2488338900698652,6586,0.0807107843137287,40,40,1.0
1.7,50.0,20.0,0.0,1,1.39,0.48,1.2464250651940083,13038,0.1597794117647065,80,81,1.0125
1.7,50.0,20.0,0.0,9,1.39,0.48,1.26722179289027,12940,0.15857843137255,80,80,1.0
1.7,50.0,20.0,0.0,17,1.39,0.48,1.2829944724825657,12483,0.1529779411764721,80,80,1.0
1.7,50.0,20.0,0.0,25,1.39,0.48,1.2219053708439411,13294,0.1629166666666686,80,79,0.9875
1.7,50.0,30.0,0.0,3,1.39,0.48,1.1319599303135648,21812,0.2673039215686287,120,118,0.9833333333333332
1.7,50.0,30.0,0.0,11,1.39,0.48,1.1560621957558923,21159,0.2593014705882382,120,118,0.9833333333333332
1.7,50.0,30.0,0.0,19,1.39,0.48,1.1493830756942165,21283,0.2608210784313746,120,118,0.9833333333333332
1.7,50.0,30.0,0.0,27,1.39,0.48,1.1187559192680865,21751,0.2665563725490224,120,118,0.9833333333333332
1.7,50.0,40.0,0.0,5,1.39,0.48,1.0827542414922324,30237,0.3705514705882394,160,156,0.975
1.7,50.0,40.0,0.0,13,1.39,0.48,1.0763681592040155,29748,0.3645588235294131,160,161,1.00625
1.7,50.0,40.0,0.0,21,1.39,0.48,1.067445257870721,30461,0.3732965686274506,160,166,1.0375
1.7,50.0,40.0,0.0,29,1.39,0.48,1.0648310417152815,30037,0.3681004901960805,160,163,1.01875
1.7,50.0,50.0,0.0,7,1.39,0.48,0.9821659347180126,42125,0.5162377450980337,200,200,1.0
1.7,50.0,50.0,0.0,15,1.39,0.48,0.8974248411676042,45803,0.5613112745098059,200,200,1.0
1.7,50.0,50.0,0.0,23,1.39,0.48,0.939435094033266,28341,0.3473161764705917,102,139,1.3627450980392155
1.7,50.0,60.0,0.0,1,1.39,0.48,0.6908890786767534,57374,0.7031127450980393,101,150,1.4851485148514851
1.7,50.0,60.0,0.0,9,1.39,0.48,0.1249357731973588,141374,1.73252450980392,0,21,1.0
1.7,50.0,60.0,0.0,17,1.39,0.48,0.1817773139371499,140853,1.7261397058823802,44,51,1.1590909090909092
1.7,50.0,60.0,0.0,25,1.39,0.48,0.7390970654627291,63349,0.7763357843137325,207,199,0.961352657004831
1.6,50.0,10.0,0.0,4,1.39,0.48,1.3396261528326734,6072,0.0790625,40,41,1.025
1.6,50.0,10.0,0.0,12,1.39,0.48,1.2999406194832548,6231,0.0811328125,40,41,1.025
1.6,50.0,10.0,0.0,20,1.39,0.48,1.372373374401057,5844,0.07609375,40,40,1.0
1.6,50.0,10.0,0.0,28,1.39,0.48,1.321846053489906,6132,0.07984375,40,40,1.0
1.6,50.0,20.0,0.0,6,1.39,0.48,1.2799422651059595,12644,0.1646354166666666,80,76,0.95
1.6,50.0,20.0,0.0,14,1.39,0.48,1.2145012001200235,13332,0.17359375,80,79,0.9875
1.6,50.0,20.0,0.0,22,1.39,0.48,1.2601037279675262,12822,0.166953125,80,79,0.9875
1.6,50.0,30.0,0.0,0,1.39,0.48,1.169727320398544,20977,0.2731380208333333,120,116,0.9666666666666668
1.6,50.0,30.0,0.0,8,1.39,0.48,1.1246465481604235,21771,0.2834765625,120,120,1.0
1.6,50.0,30.0,0.0,16,1.39,0.48,1.1273572832396437,21879,0.2848828125,120,116,0.9666666666666668
1.6,50.0,30.0,0.0,24,1.39,0.48,1.1768746687226053,20753,0.2702213541666666,120,115,0.9583333333333334
1.6,50.0,40.0,0.0,2,1.39,0.48,1.0850179235712747,29570,0.3850260416666666,160,162,1.0125
1.6,50.0,40.0,0.0,10,1.39,0.48,1.085711071560552,29779,0.3877473958333333,160,169,1.05625
1.6,50.0,40.0,0.0,18,1.39,0.48,1.1029764505119934,29300,0.3815104166666667,160,165,1.03125
1.6,50.0,40.0,0.0,26,1.39,0.48,1.0829720648307228,30356,0.3952604166666666,160,159,0.99375
1.6,50.0,50.0,0.0,4,1.39,0.48,0.92532102458,44467,0.5789973958333333,200,193,0.965
1.6,50.0,50.0,0.0,12,1.39,0.48,0.956795924997543,43092,0.56109375,200,196,0.98
1.6,50.0,50.0,0.0,20,1.39,0.48,0.9822496991724652,40721,0.5302213541666667,200,199,0.995
1.6,50.0,50.0,0.0,28,1.39,0.48,0.972223473323588,41741,0.5435026041666666,200,208,1.04
1.6,50.0,60.0,0.0,6,1.39,0.48,0.3367237509926266,86889,1.1313671875,36,81,2.25
1.6,50.0,60.0,0.0,14,1.39,0.48,0.5935338600286274,67971,0.8850390625,135,178,1.3185185185185184
1.6,50.0,60.0,0.0,22,1.39,0.48,0.7387441055113558,54288,0.706875,130,173,1.3307692307692307
1.7,50.0,10.0,0.0,0,1.39,0.48,1.2383424408014838,6588,0.08073529411765,40,39,0.975
1.7,50.0,10.0,0.0,8,1.39,0.48,1.276254746835448,6320,0.0774509803921598,40,38,0.95
1.7,50.0,10.0,0.0,16,1.39,0.48,1.3064610234337375,6273,0.0768750000000029,40,40,1.0
1.7,50.0,10.0,0.0,24,1.39,0.48,1.3469965925685683,6163,0.0755269607843166,40,41,1.025
1.7,50.0,20.0,0.0,2,1.39,0.48,1.2519658385093535,12880,0.1578431372549028,80,80,1.0
1.7,50.0,20.0,0.0,10,1.39,0.48,1.197375829625868,13711,0.1680269607843157,80,79,0.9875
1.7,50.0,20.0,0.0,18,1.39,0.48,1.2682851985559085,12742,0.156151960784315,80,81,1.0125
1.7,50.0,20.0,0.0,26,1.39,0.48,1.2558235837438558,12992,0.1592156862745113,80,82,1.025
1.7,50.0,30.0,0.0,4,1.39,0.48,1.1414999306870637,21641,0.2652083333333355,120,120,1.0
1.7,50.0,30.0,0.0,12,1.39,0.48,1.1555850336930666,21221,0.2600612745098031,120,121,1.0083333333333333
1.7,50.0,30.0,0.0,20,1.39,0.48,1.1533923738068674,21059,0.2580759803921589,120,121,1.0083333333333333
1.7,50.0,30.0,0.0,28,1.39,0.48,1.1370358200667392,21608,0.2648039215686294,120,120,1.0
1.7,50.0,40.0,0.0,6,1.39,0.48,1.0933056583642071,29991,0.3675367647058837,160,156,0.975
1.7,50.0,40.0,0.0,14,1.39,0.48,1.0251574175394629,31985,0.3919730392156882,160,156,0.975
1.7,50.0,40.0,0.0,22,1.39,0.48,1.1016184660805788,29806,0.3652696078431395,160,155,0.96875
1.7,50.0,50.0,0.0,0,1.39,0.48,0.9819926795646636,42074,0.5156127450980298,200,201,1.005
1.7,50.0,50.0,0.0,8,1.39,0.48,0.9342481255857688,42680,0.5230392156862667,200,197,0.985
1.7,50.0,50.0,0.0,16,1.39,0.48,0.9027016766152338,45568,0.5584313725490159,200,198,0.99
1.7,50.0,50.0,0.0,24,1.39,0.48,0.9770805201001396,41915,0.513664215686275,200,201,1.005
1.7,50.0,60.0,0.0,2,1.39,0.48,0.7496788120075626,59529,0.729522058823537,240,209,0.8708333333333333
1.7,50.0,60.0,0.0,10,1.39,0.48,0.801607186646841,61169,0.749620098039217,240,239,0.9958333333333332
1.7,50.0,60.0,0.0,18,1.39,0.48,0.2547784115462052,115710,1.41801470588235,79,85,1.0759493670886076
1.7,50.0,60.0,0.0,26,1.39,0.48,0.0775446467420528,206846,2.5348774509804985,4,41,10.25
1.6,50.0,10.0,0.0,5,1.39,0.48,1.3094109079138758,6179,0.0804557291666666,40,40,1.0
1.6,50.0,10.0,0.0,13,1.39,0.48,1.2993616342164398,6266,0.0815885416666666,40,40,1.0
1.6,50.0,10.0,0.0,21,1.39,0.48,1.3145209045062949,6147,0.0800390625,40,41,1.025
1.6,50.0,10.0,0.0,29,1.39,0.48,1.340006593044374,6067,0.0789973958333333,40,41,1.025
1.6,50.0,20.0,0.0,7,1.39,0.48,1.254101279481996,12974,0.1689322916666666,80,85,1.0625
1.6,50.0,20.0,0.0,15,1.39,0.48,1.205718674566594,13671,0.1780078125,80,79,0.9875
1.6,50.0,20.0,0.0,23,1.39,0.48,1.2382779780624271,13037,0.1697526041666666,80,81,1.0125
1.6,50.0,30.0,0.0,1,1.39,0.48,1.165367675220231,20888,0.2719791666666666,120,122,1.0166666666666666
1.6,50.0,30.0,0.0,9,1.39,0.48,1.111350675337692,21989,0.2863151041666666,120,115,0.9583333333333334
1.6,50.0,30.0,0.0,17,1.39,0.48,1.1251153950583457,22098,0.287734375,120,118,0.9833333333333332
1.6,50.0,30.0,0.0,25,1.39,0.48,1.1556576559365186,20938,0.2726302083333333,120,120,1.0
1.6,50.0,40.0,0.0,3,1.39,0.48,1.071408781251015,30679,0.3994661458333333,160,160,1.0
1.6,50.0,40.0,0.0,11,1.39,0.48,1.0716288014602529,30679,0.3994661458333333,160,165,1.03125
1.6,50.0,40.0,0.0,19,1.39,0.48,1.0972293509826163,29614,0.3855989583333333,160,154,0.9625
1.6,50.0,40.0,0.0,27,1.39,0.48,1.0894703312097755,29981,0.3903776041666666,160,164,1.025
1.6,50.0,50.0,0.0,5,1.39,0.48,0.9939124450015951,40683,0.5297265625,200,203,1.015
1.6,50.0,50.0,0.0,13,1.39,0.48,0.9753906653231172,40687,0.5297786458333333,200,198,0.99
1.6,50.0,50.0,0.0,21,1.39,0.48,0.9472073582543132,42347,0.5513932291666667,200,193,0.965
1.6,50.0,50.0,0.0,29,1.39,0.48,0.9168672055426546,43300,0.5638020833333334,200,206,1.03
1.6,50.0,60.0,0.0,7,1.39,0.48,0.5404932665427412,70469,0.9175651041666668,132,154,1.1666666666666667
1.6,50.0,60.0,0.0,15,1.39,0.48,0.3427530507386118,93420,1.21640625,64,97,1.515625
1.6,50.0,60.0,0.0,23,1.39,0.48,0.296531601602283,93856,1.2220833333333334,55,82,1.490909090909091
1.7,50.0,10.0,0.0,1,1.39,0.48,1.297054794520506,6278,0.0769362745098069,40,40,1.0
1.7,50.0,10.0,0.0,9,1.39,0.48,1.321009623226173,6131,0.0751348039215715,40,40,1.0
1.7,50.0,10.0,0.0,17,1.39,0.48,1.2904203821656166,6280,0.0769607843137285,40,39,0.975
1.7,50.0,10.0,0.0,25,1.39,0.48,1.2728169235608016,6358,0.0779166666666696,40,41,1.025
1.7,50.0,20.0,0.0,3,1.39,0.48,1.2099184375935106,13364,0.1637745098039215,80,80,1.0
1.7,50.0,20.0,0.0,11,1.39,0.48,1.276800188501291,12732,0.1560294117647074,80,82,1.025
1.7,50.0,20.0,0.0,19,1.39,0.48,1.244091714836176,12975,0.1590073529411768,80,83,1.0375
1.7,50.0,20.0,0.0,27,1.39,0.48,1.2468037710028443,13153,0.161188725490198,80,79,0.9875
1.7,50.0,30.0,0.0,5,1.39,0.48,1.1698062200957005,20900,0.2561274509803923,120,125,1.0416666666666667
1.7,50.0,30.0,0.0,13,1.39,0.48,1.1605696540346386,20609,0.2525612745098043,120,117,0.975
1.7,50.0,30.0,0.0,21,1.39,0.48,1.1450799702436638,21508,0.2635784313725498,120,122,1.0166666666666666
1.7,50.0,30.0,0.0,29,1.39,0.48,1.192713961743252,20284,0.2485784313725518,120,118,0.9833333333333332
1.7,50.0,40.0,0.0,7,1.39,0.48,1.0273005709239034,31703,0.3885171568627494,160,160,1.0
1.7,50.0,40.0,0.0,15,1.39,0.48,1.048719123442207,31213,0.3825122549019638,160,161,1.00625
1.7,50.0,40.0,0.0,23,1.39,0.48,0.8753096883557556,38345,0.4699142156862761,160,160,1.0
1.7,50.0,50.0,0.0,1,1.39,0.48,0.7114446986180847,53769,0.6589338235294129,200,174,0.87
1.7,50.0,50.0,0.0,9,1.39,0.48,0.7930652807377624,45986,0.5635539215686256,168,160,0.9523809523809524
1.7,50.0,50.0,0.0,17,1.39,0.48,0.9951827250790284,40197,0.492610294117645,200,195,0.975
1.7,50.0,50.0,0.0,25,1.39,0.48,0.9347536848925456,43217,0.5296200980392093,200,198,0.99
1.7,50.0,60.0,0.0,3,1.39,0.48,0.1542289561879423,164407,2.01479166666665,29,82,2.827586206896552
1.7,50.0,60.0,0.0,11,1.39,0.48,0.6974191184327975,65497,0.8026593137254889,240,225,0.9375
1.7,50.0,60.0,0.0,19,1.39,0.48,0.7641134672677733,62767,0.7692034313725494,240,206,0.8583333333333333
1.7,50.0,60.0,0.0,27,1.39,0.48,0.4104128211819902,84298,1.0330637254902129,55,90,1.6363636363636365
1.6,50.0,10.0,0.0,6,1.39,0.48,1.3439169435216058,6020,0.0783854166666666,40,42,1.05
1.6,50.0,10.0,0.0,14,1.39,0.48,1.3185120599738998,6136,0.0798958333333333,40,40,1.0
1.6,50.0,10.0,0.0,22,1.39,0.48,1.3285145758270442,6106,0.0795052083333333,40,40,1.0
1.6,50.0,20.0,0.0,0,1.39,0.48,1.242665788658135,12908,0.1680729166666666,80,79,0.9875
1.6,50.0,20.0,0.0,8,1.39,0.48,1.2506423368974808,12906,0.168046875,80,81,1.0125
1.6,50.0,20.0,0.0,16,1.39,0.48,1.2603082113010458,13043,0.1698307291666666,80,82,1.025
1.6,50.0,20.0,0.0,24,1.39,0.48,1.2602281043207504,12845,0.1672526041666666,80,82,1.025
1.6,50.0,30.0,0.0,2,1.39,0.48,1.09849176284034,22702,0.2955989583333333,120,119,0.9916666666666668
1.6,50.0,30.0,0.0,10,1.39,0.48,1.1462886982469418,21448,0.2792708333333333,120,116,0.9666666666666668
1.6,50.0,30.0,0.0,18,1.39,0.48,1.135799489440731,21545,0.2805338541666666,120,118,0.9833333333333332
1.6,50.0,30.0,0.0,26,1.39,0.48,1.13101709919397,21463,0.2794661458333333,120,119,0.9916666666666668
1.6,50.0,40.0,0.0,4,1.39,0.48,1.0296980422165822,31362,0.408359375,160,159,0.99375
1.6,50.0,40.0,0.0,12,1.39,0.48,1.0664936987923943,30391,0.3957161458333333,160,163,1.01875
1.6,50.0,40.0,0.0,20,1.39,0.48,1.0840872786595153,29423,0.3831119791666666,160,155,0.96875
1.6,50.0,40.0,0.0,28,1.39,0.48,1.046969250008056,31187,0.4060807291666666,160,158,0.9875
1.6,50.0,50.0,0.0,6,1.39,0.48,0.912703800406168,44811,0.5834765625,200,192,0.96
1.6,50.0,50.0,0.0,14,1.39,0.48,0.9355733902820292,43548,0.56703125,200,195,0.975
1.6,50.0,50.0,0.0,22,1.39,0.48,0.9821373619705586,41205,0.5365234375,200,199,0.995
1.6,50.0,60.0,0.0,0,1.39,0.48,0.181563046343387,148716,1.93640625,8,54,6.75
1.6,50.0,60.0,0.0,8,1.39,0.48,0.8087934217790453,52537,0.6840755208333333,191,193,1.0104712041884816
1.6,50.0,60.0,0.0,16,1.39,0.48,0.2126973996321877,134904,1.7565625,48,75,1.5625
1.6,50.0,60.0,0.0,24,1.39,0.48,0.553752032140504,53515,0.6968098958333333,84,105,1.25
1.7,50.0,10.0,0.0,2,1.39,0.48,1.3203487415693551,6079,0.0744975490196107,40,40,1.0
1.7,50.0,10.0,0.0,10,1.39,0.48,1.2962949984071297,6278,0.0769362745098069,40,41,1.025
1.7,50.0,10.0,0.0,18,1.39,0.48,1.3237747462983986,6011,0.0736642156862774,40,39,0.975
1.7,50.0,10.0,0.0,26,1.39,0.48,1.3024358557973414,6158,0.0754656862745126,40,41,1.025
1.7,50.0,20.0,0.0,4,1.39,0.48,1.2277044658167002,13413,0.1643750000000012,80,80,1.0
1.7,50.0,20.0,0.0,12,1.39,0.48,1.25868366002941,12907,0.158174019607845,80,80,1.0
1.7,50.0,20.0,0.0,20,1.39,0.48,1.273676997352427,12842,0.1573774509803932,80,82,1.025
1.7,50.0,20.0,0.0,28,1.39,0.48,1.2359494252873595,13050,0.1599264705882359,80,78,0.975
1.7,50.0,30.0,0.0,6,1.39,0.48,1.2025748680251598,20269,0.248394607843139,120,122,1.0166666666666666
1.7,50.0,30.0,0.0,14,1.39,0.48,1.1691048617731272,20980,0.257107843137256,120,121,1.0083333333333333
1.7,50.0,30.0,0.0,22,1.39,0.48,1.1488303130148596,21245,0.2603553921568641,120,119,0.9916666666666668
1.7,50.0,40.0,0.0,0,1.39,0.48,1.037353152871188,31955,0.3916053921568652,160,158,0.9875
1.7,50.0,40.0,0.0,8,1.39,0.48,1.060865656306268,31144,0.3816666666666701,160,160,1.0
1.7,50.0,40.0,0.0,16,1.39,0.48,1.0654905660377902,30740,0.3767156862745127,160,160,1.0
1.7,50.0,40.0,0.0,24,1.39,0.48,1.014433615241893,31807,0.3897916666666698,160,160,1.0
1.7,50.0,50.0,0.0,2,1.39,0.48,0.9666207116095592,40837,0.5004534313725432,200,190,0.95
1.7,50.0,50.0,0.0,10,1.39,0.48,0.9904268606273648,40833,0.5004044117647075,200,192,0.96
1.7,50.0,50.0,0.0,18,1.39,0.48,0.9284976558837824,42660,0.5227941176470572,200,196,0.98
1.7,50.0,50.0,0.0,26,1.39,0.48,1.0154202254870557,40978,0.5021813725490112,200,196,0.98
1.7,50.0,60.0,0.0,4,1.39,0.48,0.6699330837250039,37659,0.4615073529411754,44,74,1.681818181818182
1.7,50.0,60.0,0.0,12,1.39,0.48,0.5302355657021094,78407,0.9608700980392192,155,192,1.238709677419355
1.7,50.0,60.0,0.0,20,1.39,0.48,0.7123486414276449,59511,0.7293014705882263,152,194,1.2763157894736843
1.7,50.0,60.0,0.0,28,1.39,0.48,0.2537574642280753,133135,1.631556372549018,93,129,1.3870967741935485
1.6,50.0,10.0,0.0,7,1.39,0.48,1.2885129756407854,6281,0.0817838541666666,40,42,1.05
1.6,50.0,10.0,0.0,15,1.39,0.48,1.321425089372777,6154,0.0801302083333333,40,42,1.05
1.6,50.0,10.0,0.0,23,1.39,0.48,1.2468466686948765,6574,0.0855989583333333,40,40,1.0
1.6,50.0,20.0,0.0,1,1.39,0.48,1.2552609571007658,12914,0.1681510416666666,80,81,1.0125
1.6,50.0,20.0,0.0,9,1.39,0.48,1.2648443549636106,12914,0.1681510416666666,80,80,1.0
1.6,50.0,20.0,0.0,17,1.39,0.48,1.2752634489295862,12659,0.1648307291666666,80,80,1.0
1.6,50.0,20.0,0.0,25,1.39,0.48,1.2354989335770454,13128,0.1709375,80,78,0.975
1.6,50.0,30.0,0.0,3,1.39,0.48,1.1555243339922792,21246,0.276640625,120,117,0.975
1.6,50.0,30.0,0.0,11,1.39,0.48,1.1413056684891545,21399,0.2786328125,120,119,0.9916666666666668
1.6,50.0,30.0,0.0,19,1.39,0.48,1.1807350828464127,20882,0.2719010416666667,120,118,0.9833333333333332
1.6,50.0,30.0,0.0,27,1.39,0.48,1.138650213704714,21759,0.2833203125,120,119,0.9916666666666668
1.6,50.0,40.0,0.0,5,1.39,0.48,1.0674887995029272,30579,0.3981640625,160,157,0.98125
1.6,50.0,40.0,0.0,13,1.39,0.48,1.0389207463754226,30762,0.400546875,160,153,0.95625
1.6,50.0,40.0,0.0,21,1.39,0.48,1.0642072834581884,30837,0.4015234375,160,166,1.0375
1.6,50.0,40.0,0.0,29,1.39,0.48,1.064555469979646,29863,0.3888411458333333,160,162,1.0125
1.6,50.0,50.0,0.0,7,1.39,0.48,0.9259933941923404,43598,0.5676822916666666,200,196,0.98
1.6,50.0,50.0,0.0,15,1.39,0.48,0.9018944809493744,41547,0.5409765625,200,171,0.855
1.6,50.0,50.0,0.0,23,1.39,0.48,0.9737725414763724,41590,0.5415364583333333,200,193,0.965
1.6,50.0,60.0,0.0,1,1.39,0.48,0.6868991609942044,63170,0.8225260416666667,152,190,1.25
1.6,50.0,60.0,0.0,9,1.39,0.48,0.6391053148531819,45815,0.5965494791666667,111,116,1.045045045045045
1.6,50.0,60.0,0.0,17,1.39,0.48,0.8120767389395308,58067,0.7560807291666667,240,218,0.9083333333333332
1.6,50.0,60.0,0.0,25,1.39,0.48,0.8598052356871365,49239,0.6411328125,189,196,1.037037037037037
1.7,50.0,10.0,0.0,3,1.39,0.48,1.2853983295856437,6226,0.0762990196078461,40,42,1.05
1.7,50.0,10.0,0.0,11,1.39,0.48,1.335276953511432,6066,0.0743382352941205,40,39,0.975
1.7,50.0,10.0,0.0,19,1.39,0.48,1.314172419328968,6229,0.0763357843137284,40,39,0.975
1.7,50.0,10.0,0.0,27,1.39,0.48,1.3340759702724685,6055,0.0742034313725518,40,40,1.0
1.7,50.0,20.0,0.0,5,1.39,0.48,1.2521477237535072,12916,0.1582843137254916,80,79,0.9875
1.7,50.0,20.0,0.0,13,1.39,0.48,1.2528563714903185,12964,0.1588725490196076,80,81,1.0125
1.7,50.0,20.0,0.0,21,1.39,0.48,1.2240516594082875,13318,0.1632107843137267,80,82,1.025
1.7,50.0,20.0,0.0,29,1.39,0.48,1.295342465753372,12556,0.1538725490196089,80,81,1.0125
1.7,50.0,30.0,0.0,7,1.39,0.48,1.1235721525985332,21704,0.265980392156864,120,113,0.9416666666666668
1.7,50.0,30.0,0.0,15,1.39,0.48,1.1219144649479305,21839,0.2676348039215676,120,118,0.9833333333333332
1.7,50.0,30.0,0.0,23,1.39,0.48,1.1457717123892537,21543,0.264007352941175,120,120,1.0
1.7,50.0,40.0,0.0,1,1.39,0.48,1.05846045152378,31139,0.3816053921568673,160,160,1.0
1.7,50.0,40.0,0.0,9,1.39,0.48,1.059459583237938,30569,0.3746200980392168,160,162,1.0125
1.7,50.0,40.0,0.0,17,1.39,0.48,1.0663738348324543,30575,0.3746936274509821,160,161,1.00625
1.7,50.0,40.0,0.0,25,1.39,0.48,0.9739549162093925,33715,0.4131740196078469,160,157,0.98125
1.7,50.0,50.0,0.0,3,1.39,0.48,0.9072919230093552,45512,0.5577450980392152,200,193,0.965
1.7,50.0,50.0,0.0,11,1.39,0.48,0.3871635418881884,65818,0.8065931372549031,32,69,2.15625
1.7,50.0,50.0,0.0,19,1.39,0.48,0.9462436607813614,42592,0.5219607843137227,200,201,1.005
1.7,50.0,50.0,0.0,27,1.39,0.48,0.9995759787003692,40564,0.4971078431372496,200,205,1.025
1.7,50.0,60.0,0.0,5,1.39,0.48,0.321179302895981,99067,1.2140563725490103,33,64,1.9393939393939397
1.7,50.0,60.0,0.0,13,1.39,0.48,0.6372616751907942,71562,0.876985294117645,240,210,0.875
1.7,50.0,60.0,0.0,21,1.39,0.48,0.7970864582807876,59601,0.7304044117647048,240,232,0.9666666666666668
1.7,50.0,60.0,0.0,29,1.39,0.48,0.3147589317408059,95782,1.1737990196078456,59,93,1.576271186440678
