W,L,qp,qr,seed,v_ref,r_robot,mean_speed,speed_count,mean_density,inflow_ped,outflow_ped,flow_ratio,tag
2.0,50.0,50.0,1.0,0,1.39,0.48,0.9726706671373228,42495,0.442656250000001,200,202,1.01,bend0W2.0|qp50
2.0,50.0,50.0,1.0,12,1.39,0.48,0.994885735258106,40870,0.4257291666666657,200,202,1.01,bend0W2.0|qp50
2.0,50.0,50.0,1.0,24,1.39,0.48,0.1963481272212886,109730,1.143020833333334,11,38,3.4545454545454546,bend0W2.0|qp50
2.5,50.0,50.0,1.0,6,1.39,0.48,1.2073102698786995,33126,0.2760499999999999,200,201,1.005,bend0W2.5|qp50
2.5,50.0,50.0,1.0,18,1.39,0.48,1.1794116259875875,33924,0.2826999999999985,200,200,1.0,bend0W2.5|qp50
3.0,50.0,50.0,1.0,0,1.39,0.48,1.187840347989745,34024,0.2362777777777773,200,203,1.015,bend0W3.0|qp50
3.0,50.0,50.0,1.0,12,1.39,0.48,1.2099443625753474,33251,0.2309097222222221,200,200,1.0,bend0W3.0|qp50
3.0,50.0,50.0,1.0,24,1.39,0.48,1.219772506082747,32880,0.2283333333333324,200,204,1.02,bend0W3.0|qp50
2.0,50.0,50.0,1.0,6,1.39,0.48,0.8035617139370491,50807,0.5292395833333352,198,193,0.9747474747474748,bend30W2.0|qp50
2.0,50.0,50.0,1.0,18,1.39,0.48,0.8294207467853427,48528,0.5055000000000007,198,199,1.005050505050505,bend30W2.0|qp50
2.5,50.0,50.0,1.0,0,1.39,0.48,0.8317067258728108,49094,0.4091166666666639,198,199,1.005050505050505,bend30W2.5|qp50
2.5,50.0,50.0,1.0,12,1.39,0.48,0.8646741214056793,46950,0.3912499999999937,198,197,0.9949494949494948,bend30W2.5|qp50
2.5,50.0,50.0,1.0,24,1.39,0.48,0.9176550946798556,44360,0.3696666666666675,198,200,1.0101010101010102,bend30W2.5|qp50
3.0,50.0,50.0,1.0,6,1.39,0.48,0.9170777897364394,43669,0.3032569444444489,198,197,0.9949494949494948,bend30W3.0|qp50
3.0,50.0,50.0,1.0,18,1.39,0.48,0.8866726368159257,45225,0.3140625000000093,198,203,1.0252525252525253,bend30W3.0|qp50
2.0,50.0,50.0,1.0,0,1.39,0.48,0.7902285213325417,51330,0.5346875000000029,198,199,1.005050505050505,bend45W2.0|qp50
2.0,50.0,50.0,1.0,12,1.39,0.48,0.7880843132200146,50431,0.5253229166666633,198,193,0.9747474747474748,bend45W2.0|qp50
2.0,50.0,50.0,1.0,24,1.39,0.48,0.200102573886749,110067,1.1465312500000011,14,42,3.0,bend45W2.0|qp50
2.5,50.0,50.0,1.0,6,1.39,0.48,0.893024606211637,44948,0.3745666666666681,198,197,0.9949494949494948,bend45W2.5|qp50
2.5,50.0,50.0,1.0,18,1.39,0.48,0.8660476241097277,47035,0.391958333333338,198,204,1.0303030303030305,bend45W2.5|qp50
3.0,50.0,50.0,1.0,0,1.39,0.48,0.8658749516898224,46574,0.3234305555555587,198,205,1.0353535353535352,bend45W3.0|qp50
3.0,50.0,50.0,1.0,12,1.39,0.48,0.9115591804895098,43587,0.3026875000000107,198,194,0.9797979797979798,bend45W3.0|qp50
3.0,50.0,50.0,1.0,24,1.39,0.48,0.9263942985191432,43287,0.3006041666666726,200,198,0.99,bend45W3.0|qp50
2.0,50.0,50.0,1.0,6,1.39,0.48,0.9253199576154464,43412,0.4522083333333353,198,197,0.9949494949494948,bend60W2.0|qp50
2.0,50.0,50.0,1.0,18,1.39,0.48,0.9374429557068268,42467,0.4423645833333362,198,202,1.02020202020202,bend60W2.0|qp50
2.5,50.0,50.0,1.0,0,1.39,0.48,0.9420806967567628,42827,0.3568916666666709,200,207,1.035,bend60W2.5|qp50
2.5,50.0,50.0,1.0,12,1.39,0.48,0.936602396106244,42736,0.3561333333333387,200,199,0.995,bend60W2.5|qp50
2.5,50.0,50.0,1.0,24,1.39,0.48,0.9926675932590168,40291,0.3357583333333347,198,204,1.0303030303030305,bend60W2.5|qp50
3.0,50.0,50.0,1.0,6,1.39,0.48,0.9996099812344842,39434,0.273847222222221,198,197,0.9949494949494948,bend60W3.0|qp50
3.0,50.0,50.0,1.0,18,1.39,0.48,0.9843342292331652,39811,0.2764652777777747,198,203,1.0252525252525253,bend60W3.0|qp50
2.0,50.0,50.0,1.0,0,1.39,0.48,0.7353267491231411,54170,0.5642708333333267,198,198,1.0,bend75W2.0|qp50
2.0,50.0,50.0,1.0,12,1.39,0.48,0.5765321186638637,64215,0.668906249999998,176,159,0.9034090909090908,bend75W2.0|qp50
2.0,50.0,50.0,1.0,24,1.39,0.48,0.44283832156032,73473,0.7653437499999982,116,131,1.1293103448275863,bend75W2.0|qp50
2.5,50.0,50.0,1.0,6,1.39,0.48,0.8417731914436347,46515,0.387625000000005,198,192,0.9696969696969696,bend75W2.5|qp50
2.5,50.0,50.0,1.0,18,1.39,0.48,0.8319145141322652,47657,0.3971416666666614,199,202,1.015075376884422,bend75W2.5|qp50
3.0,50.0,50.0,1.0,0,1.39,0.48,0.7777339586867671,50105,0.3479513888888972,198,197,0.9949494949494948,bend75W3.0|qp50
3.0,50.0,50.0,1.0,12,1.39,0.48,0.862879406635547,45301,0.3145902777777817,198,197,0.9949494949494948,bend75W3.0|qp50
3.0,50.0,50.0,1.0,24,1.39,0.48,0.8751999109527866,44920,0.3119444444444514,198,198,1.0,bend75W3.0|qp50
2.5,50.0,50.0,1.0,6,1.39,0.48,0.2079358380053733,127708,1.0642333333333345,61,99,1.6229508196721312,bend90W2.5|qp50
2.5,50.0,50.0,1.0,18,1.39,0.48,0.2603938887778765,110158,0.9179833333333296,76,121,1.5921052631578947,bend90W2.5|qp50
3.0,50.0,50.0,1.0,0,1.39,0.48,0.3058836388562068,107957,0.7497013888888903,90,134,1.488888888888889,bend90W3.0|qp50
3.0,50.0,50.0,1.0,12,1.39,0.48,0.6126393634522881,63216,0.4389999999999991,198,189,0.9545454545454546,bend90W3.0|qp50
3.0,50.0,50.0,1.0,24,1.39,0.48,0.6190281534595692,62479,0.4338819444444485,198,187,0.9444444444444444,bend90W3.0|qp50
2.0,50.0,50.0,1.0,1,1.39,0.48,1.0086930782104102,40033,0.4170104166666655,200,200,1.0,bend0W2.0|qp50
2.0,50.0,50.0,1.0,13,1.39,0.48,1.0145348155388314,40930,0.4263541666666665,200,195,0.975,bend0W2.0|qp50
2.0,50.0,50.0,1.0,25,1.39,0.48,0.9750871343036684,41086,0.4279791666666676,200,189,0.945,bend0W2.0|qp50
2.5,50.0,50.0,1.0,7,1.39,0.48,1.1522072111081505,34641,0.2886749999999964,200,198,0.99,bend0W2.5|qp50
2.5,50.0,50.0,1.0,19,1.39,0.48,1.2456065277647883,32109,0.2675749999999987,200,201,1.005,bend0W2.5|qp50
3.0,50.0,50.0,1.0,1,1.39,0.48,1.176354525799035,34226,0.2376805555555558,200,201,1.005,bend0W3.0|qp50
3.0,50.0,50.0,1.0,13,1.39,0.48,1.1905945387455037,33875,0.2352430555555519,200,198,0.99,bend0W3.0|qp50
3.0,50.0,50.0,1.0,25,1.39,0.48,1.17598853868195,34202,0.2375138888888888,200,203,1.015,bend0W3.0|qp50
2.0,50.0,50.0,1.0,7,1.39,0.48,0.8240610256092861,48537,0.5055937500000003,198,196,0.98989898989899,bend30W2.0|qp50
2.0,50.0,50.0,1.0,19,1.39,0.48,0.5415350807211771,68941,0.718135416666664,139,177,1.2733812949640289,bend30W2.0|qp50
2.5,50.0,50.0,1.0,1,1.39,0.48,0.8739383160450745,46949,0.3912416666666668,198,201,1.0151515151515151,bend30W2.5|qp50
2.5,50.0,50.0,1.0,13,1.39,0.48,0.8570336215177904,46845,0.3903749999999983,198,196,0.98989898989899,bend30W2.5|qp50
2.5,50.0,50.0,1.0,25,1.39,0.48,0.8457038019818746,48238,0.4019833333333291,198,203,1.0252525252525253,bend30W2.5|qp50
3.0,50.0,50.0,1.0,7,1.39,0.48,0.8546856984832276,47009,0.3264513888888976,198,196,0.98989898989899,bend30W3.0|qp50
3.0,50.0,50.0,1.0,19,1.39,0.48,0.902660237589812,44278,0.3074861111111148,198,200,1.0101010101010102,bend30W3.0|qp50
2.0,50.0,50.0,1.0,1,1.39,0.48,0.859422851166471,46851,0.4880312499999987,198,198,1.0,bend45W2.0|qp50
2.0,50.0,50.0,1.0,13,1.39,0.48,0.8816928602525278,45940,0.4785416666666611,198,197,0.9949494949494948,bend45W2.0|qp50
2.0,50.0,50.0,1.0,25,1.39,0.48,0.8585749819295052,47038,0.4899791666666654,198,200,1.0101010101010102,bend45W2.0|qp50
2.5,50.0,50.0,1.0,7,1.39,0.48,0.8984813541033985,44487,0.3707250000000008,198,199,1.005050505050505,bend45W2.5|qp50
2.5,50.0,50.0,1.0,19,1.39,0.48,0.9145367389945503,43183,0.3598583333333324,198,199,1.005050505050505,bend45W2.5|qp50
3.0,50.0,50.0,1.0,1,1.39,0.48,0.9247227826086828,43125,0.2994791666666684,198,199,1.005050505050505,bend45W3.0|qp50
3.0,50.0,50.0,1.0,13,1.39,0.48,0.8006717877664387,49078,0.3408194444444489,198,195,0.9848484848484848,bend45W3.0|qp50
3.0,50.0,50.0,1.0,25,1.39,0.48,0.7771852829891318,50744,0.3523888888888923,198,198,1.0,bend45W3.0|qp50
2.0,50.0,50.0,1.0,7,1.39,0.48,0.9097359645515878,43782,0.4560624999999994,198,195,0.9848484848484848,bend60W2.0|qp50
2.0,50.0,50.0,1.0,19,1.39,0.48,0.9521391411275048,42288,0.4405000000000009,200,203,1.015,bend60W2.0|qp50
2.5,50.0,50.0,1.0,1,1.39,0.48,0.9518884588902842,42119,0.3509916666666694,200,202,1.01,bend60W2.5|qp50
2.5,50.0,50.0,1.0,13,1.39,0.48,0.9511144281002673,41537,0.346141666666669,198,197,0.9949494949494948,bend60W2.5|qp50
2.5,50.0,50.0,1.0,25,1.39,0.48,0.9543407621438338,42223,0.3518583333333344,198,203,1.0252525252525253,bend60W2.5|qp50
3.0,50.0,50.0,1.0,7,1.39,0.48,0.9782938435856569,40137,0.2787291666666649,198,198,1.0,bend60W3.0|qp50
3.0,50.0,50.0,1.0,19,1.39,0.48,0.997398696152368,39115,0.2716319444444492,198,202,1.02020202020202,bend60W3.0|qp50
2.0,50.0,50.0,1.0,1,1.39,0.48,0.7618513374681107,52562,0.547520833333333,198,194,0.9797979797979798,bend75W2.0|qp50
2.0,50.0,50.0,1.0,13,1.39,0.48,0.1207691405639141,153496,1.598916666666662,9,45,5.0,bend75W2.0|qp50
2.0,50.0,50.0,1.0,25,1.39,0.48,0.7571560559302135,52494,0.5468125000000037,198,197,0.9949494949494948,bend75W2.0|qp50
2.5,50.0,50.0,1.0,7,1.39,0.48,0.8442721911192329,46798,0.3899833333333262,198,197,0.9949494949494948,bend75W2.5|qp50
2.5,50.0,50.0,1.0,19,1.39,0.48,0.8400541635569074,46895,0.390791666666666,198,197,0.9949494949494948,bend75W2.5|qp50
3.0,50.0,50.0,1.0,1,1.39,0.48,0.8338465140035631,46988,0.326305555555562,198,198,1.0,bend75W3.0|qp50
3.0,50.0,50.0,1.0,13,1.39,0.48,0.800932742815985,48545,0.3371180555555591,198,195,0.9848484848484848,bend75W3.0|qp50
3.0,50.0,50.0,1.0,25,1.39,0.48,0.8009367239292061,48723,0.3383541666666775,198,199,1.005050505050505,bend75W3.0|qp50
2.5,50.0,50.0,1.0,7,1.39,0.48,0.1777445560504228,145253,1.2104416666666686,53,91,1.7169811320754718,bend90W2.5|qp50
2.5,50.0,50.0,1.0,19,1.39,0.48,0.173360096510948,146719,1.2226583333333363,49,89,1.816326530612245,bend90W2.5|qp50
3.0,50.0,50.0,1.0,1,1.39,0.48,0.6196821725488023,61826,0.4293472222222178,198,183,0.9242424242424242,bend90W3.0|qp50
3.0,50.0,50.0,1.0,13,1.39,0.48,0.6280834190042786,61281,0.4255624999999979,198,189,0.9545454545454546,bend90W3.0|qp50
3.0,50.0,50.0,1.0,25,1.39,0.48,0.6419987313772838,61484,0.4269722222222256,198,193,0.9747474747474748,bend90W3.0|qp50
2.0,50.0,50.0,1.0,2,1.39,0.48,0.9446408220458036,42820,0.446041666666666,200,195,0.975,bend0W2.0|qp50
2.0,50.0,50.0,1.0,14,1.39,0.48,0.0891109609365743,196808,2.0500833333333257,4,31,7.75,bend0W2.0|qp50
2.0,50.0,50.0,1.0,26,1.39,0.48,0.7471695696023258,36687,0.3821562500000014,28,59,2.107142857142857,bend0W2.0|qp50
2.5,50.0,50.0,1.0,8,1.39,0.48,1.1563367174281474,34278,0.2856499999999977,200,201,1.005,bend0W2.5|qp50
2.5,50.0,50.0,1.0,20,1.39,0.48,1.1947103013812734,33811,0.2817583333333297,200,196,0.98,bend0W2.5|qp50
3.0,50.0,50.0,1.0,2,1.39,0.48,1.1647483250801351,34330,0.2384027777777768,200,201,1.005,bend0W3.0|qp50
3.0,50.0,50.0,1.0,14,1.39,0.48,1.1754744187393615,34537,0.2398402777777791,200,202,1.01,bend0W3.0|qp50
3.0,50.0,50.0,1.0,26,1.39,0.48,1.195398091060195,33736,0.234277777777775,200,194,0.97,bend0W3.0|qp50
2.0,50.0,50.0,1.0,8,1.39,0.48,0.7939441552851066,51106,0.5323541666666679,198,197,0.9949494949494948,bend30W2.0|qp50
2.0,50.0,50.0,1.0,20,1.39,0.48,0.841368159203967,47436,0.4941250000000003,198,197,0.9949494949494948,bend30W2.0|qp50
2.5,50.0,50.0,1.0,2,1.39,0.48,0.8455403596821969,47820,0.3984999999999993,198,196,0.98989898989899,bend30W2.5|qp50
2.5,50.0,50.0,1.0,14,1.39,0.48,0.8188884862394087,49671,0.4139250000000024,198,195,0.9848484848484848,bend30W2.5|qp50
2.5,50.0,50.0,1.0,26,1.39,0.48,0.8543913970325365,47379,0.3948250000000006,198,198,1.0,bend30W2.5|qp50
3.0,50.0,50.0,1.0,8,1.39,0.48,0.9225004024746716,43481,0.3019513888888906,198,199,1.005050505050505,bend30W3.0|qp50
3.0,50.0,50.0,1.0,20,1.39,0.48,0.9348745869980284,42978,0.2984583333333344,198,197,0.9949494949494948,bend30W3.0|qp50
2.0,50.0,50.0,1.0,2,1.39,0.48,0.8517984558605568,47146,0.4911041666666618,200,192,0.96,bend45W2.0|qp50
2.0,50.0,50.0,1.0,14,1.39,0.48,0.8206611319226187,49385,0.5144270833333364,198,199,1.005050505050505,bend45W2.0|qp50
2.0,50.0,50.0,1.0,26,1.39,0.48,0.8213761467890519,49159,0.5120729166666641,198,198,1.0,bend45W2.0|qp50
2.5,50.0,50.0,1.0,8,1.39,0.48,0.7894404077001579,50233,0.4186083333333364,198,196,0.98989898989899,bend45W2.5|qp50
2.5,50.0,50.0,1.0,20,1.39,0.48,0.8867024317312588,45482,0.379016666666664,198,198,1.0,bend45W2.5|qp50
3.0,50.0,50.0,1.0,2,1.39,0.48,0.8414979395896736,47078,0.32693055555556,200,195,0.975,bend45W3.0|qp50
3.0,50.0,50.0,1.0,14,1.39,0.48,0.8289315028841716,48367,0.3358819444444542,198,197,0.9949494949494948,bend45W3.0|qp50
3.0,50.0,50.0,1.0,26,1.39,0.48,0.8678855935002854,45417,0.3153958333333326,198,198,1.0,bend45W3.0|qp50
2.0,50.0,50.0,1.0,8,1.39,0.48,0.3666554659859368,61901,0.6448020833333327,15,49,3.2666666666666666,bend60W2.0|qp50
2.0,50.0,50.0,1.0,20,1.39,0.48,0.9195344987869588,44103,0.4594062499999989,200,203,1.015,bend60W2.0|qp50
2.5,50.0,50.0,1.0,2,1.39,0.48,0.9088294184720896,43850,0.3654166666666639,198,195,0.9848484848484848,bend60W2.5|qp50
2.5,50.0,50.0,1.0,14,1.39,0.48,0.9710087708872842,42071,0.3505916666666673,200,200,1.0,bend60W2.5|qp50
2.5,50.0,50.0,1.0,26,1.39,0.48,0.9855002613956928,40169,0.3347416666666621,198,194,0.9797979797979798,bend60W2.5|qp50
3.0,50.0,50.0,1.0,8,1.39,0.48,0.9866010449004636,39621,0.275145833333331,200,199,0.995,bend60W3.0|qp50
3.0,50.0,50.0,1.0,20,1.39,0.48,0.9910516051605496,39996,0.277749999999999,200,198,0.99,bend60W3.0|qp50
2.0,50.0,50.0,1.0,2,1.39,0.48,0.7420385370873142,53455,0.5568229166666636,198,193,0.9747474747474748,bend75W2.0|qp50
2.0,50.0,50.0,1.0,14,1.39,0.48,0.6461608490256364,60964,0.6350416666666625,198,189,0.9545454545454546,bend75W2.0|qp50
2.0,50.0,50.0,1.0,26,1.39,0.48,0.3568372480462933,91237,0.9503854166666612,109,138,1.2660550458715596,bend75W2.0|qp50
2.5,50.0,50.0,1.0,8,1.39,0.48,0.7623369963369941,51870,0.4322500000000125,198,195,0.9848484848484848,bend75W2.5|qp50
2.5,50.0,50.0,1.0,20,1.39,0.48,0.7757926876853815,51256,0.4271333333333349,198,195,0.9848484848484848,bend75W2.5|qp50
3.0,50.0,50.0,1.0,2,1.39,0.48,0.8829174763863316,44254,0.307319444444447,198,198,1.0,bend75W3.0|qp50
3.0,50.0,50.0,1.0,14,1.39,0.48,0.7522230108186574,52132,0.3620277777777763,198,196,0.98989898989899,bend75W3.0|qp50
3.0,50.0,50.0,1.0,26,1.39,0.48,0.8850864118508144,43744,0.3037777777777888,198,197,0.9949494949494948,bend75W3.0|qp50
2.5,50.0,50.0,1.0,8,1.39,0.48,0.274117360691714,110923,0.9243583333333344,85,124,1.4588235294117646,bend90W2.5|qp50
2.5,50.0,50.0,1.0,20,1.39,0.48,0.4701756992441934,77405,0.6450416666666644,187,147,0.786096256684492,bend90W2.5|qp50
3.0,50.0,50.0,1.0,2,1.39,0.48,0.3875470837405975,92070,0.639375000000004,193,136,0.7046632124352331,bend90W3.0|qp50
3.0,50.0,50.0,1.0,14,1.39,0.48,0.5880271561860293,65915,0.4577430555555604,198,185,0.9343434343434344,bend90W3.0|qp50
3.0,50.0,50.0,1.0,26,1.39,0.48,0.5871090296454411,64698,0.4492916666666587,200,184,0.92,bend90W3.0|qp50
2.0,50.0,50.0,1.0,3,1.39,0.48,0.9694033516325464,41532,0.4326250000000013,200,194,0.97,bend0W2.0|qp50
2.0,50.0,50.0,1.0,15,1.39,0.48,1.0126914912215446,40041,0.4170937499999959,200,200,1.0,bend0W2.0|qp50
2.0,50.0,50.0,1.0,27,1.39,0.48,0.988205426638574,41241,0.4295937499999947,200,208,1.04,bend0W2.0|qp50
2.5,50.0,50.0,1.0,9,1.39,0.48,1.1824558131275509,33777,0.2814749999999959,200,194,0.97,bend0W2.5|qp50
2.5,50.0,50.0,1.0,21,1.39,0.48,1.158842211055212,34825,0.2902083333333269,200,198,0.99,bend0W2.5|qp50
3.0,50.0,50.0,1.0,3,1.39,0.48,1.2238391247211384,32721,0.2272291666666658,200,200,1.0,bend0W3.0|qp50
3.0,50.0,50.0,1.0,15,1.39,0.48,1.2226338767785427,32754,0.2274583333333305,200,200,1.0,bend0W3.0|qp50
3.0,50.0,50.0,1.0,27,1.39,0.48,1.2174599245284594,33125,0.2300347222222191,200,211,1.055,bend0W3.0|qp50
2.0,50.0,50.0,1.0,9,1.39,0.48,0.7829685189098579,52063,0.5423229166666735,198,198,1.0,bend30W2.0|qp50
2.0,50.0,50.0,1.0,21,1.39,0.48,0.8414086952883217,47796,0.4978750000000029,198,195,0.9848484848484848,bend30W2.0|qp50
2.5,50.0,50.0,1.0,3,1.39,0.48,0.8762338330867118,46623,0.3885249999999948,198,198,1.0,bend30W2.5|qp50
2.5,50.0,50.0,1.0,15,1.39,0.48,0.8555257437558447,46924,0.3910333333333344,200,197,0.985,bend30W2.5|qp50
2.5,50.0,50.0,1.0,27,1.39,0.48,0.9175827851738878,44543,0.3711916666666698,198,207,1.0454545454545454,bend30W2.5|qp50
3.0,50.0,50.0,1.0,9,1.39,0.48,0.8817585791032313,45605,0.3167013888888911,198,196,0.98989898989899,bend30W3.0|qp50
3.0,50.0,50.0,1.0,21,1.39,0.48,0.8816597272707154,45393,0.3152291666666749,198,198,1.0,bend30W3.0|qp50
2.0,50.0,50.0,1.0,3,1.39,0.48,0.8802090000653163,45933,0.478468749999999,198,196,0.98989898989899,bend45W2.0|qp50
2.0,50.0,50.0,1.0,15,1.39,0.48,0.7852991352663063,51114,0.5324374999999987,198,197,0.9949494949494948,bend45W2.0|qp50
2.0,50.0,50.0,1.0,27,1.39,0.48,0.7511691183360389,53365,0.5558854166666581,198,198,1.0,bend45W2.0|qp50
2.5,50.0,50.0,1.0,9,1.39,0.48,0.9298326175276508,43075,0.3589583333333364,198,196,0.98989898989899,bend45W2.5|qp50
2.5,50.0,50.0,1.0,21,1.39,0.48,0.925549318549306,43290,0.3607499999999951,198,199,1.005050505050505,bend45W2.5|qp50
3.0,50.0,50.0,1.0,3,1.39,0.48,0.844911564911987,47549,0.3302013888888923,198,201,1.0151515151515151,bend45W3.0|qp50
3.0,50.0,50.0,1.0,15,1.39,0.48,0.8677771709448494,45775,0.3178819444444556,198,199,1.005050505050505,bend45W3.0|qp50
3.0,50.0,50.0,1.0,27,1.39,0.48,0.8531617285796967,46813,0.325090277777781,198,205,1.0353535353535352,bend45W3.0|qp50
2.0,50.0,50.0,1.0,9,1.39,0.48,0.9584893820091592,41910,0.4365624999999988,198,196,0.98989898989899,bend60W2.0|qp50
2.0,50.0,50.0,1.0,21,1.39,0.48,0.917271648602398,43825,0.4565104166666677,200,201,1.005,bend60W2.0|qp50
2.5,50.0,50.0,1.0,3,1.39,0.48,0.9495805096878788,41908,0.3492333333333305,200,196,0.98,bend60W2.5|qp50
2.5,50.0,50.0,1.0,15,1.39,0.48,0.9160852066134724,43729,0.3644083333333349,200,199,0.995,bend60W2.5|qp50
2.5,50.0,50.0,1.0,27,1.39,0.48,1.012037569339413,39660,0.3305000000000016,198,209,1.0555555555555556,bend60W2.5|qp50
3.0,50.0,50.0,1.0,9,1.39,0.48,0.9812541676068328,39891,0.2770208333333367,200,196,0.98,bend60W3.0|qp50
3.0,50.0,50.0,1.0,21,1.39,0.48,0.9569083719463254,41221,0.2862569444444421,198,199,1.005050505050505,bend60W3.0|qp50
2.0,50.0,50.0,1.0,3,1.39,0.48,0.1598000681585375,140848,1.467166666666651,45,84,1.8666666666666667,bend75W2.0|qp50
2.0,50.0,50.0,1.0,15,1.39,0.48,0.8089810474831856,49070,0.5111458333333345,198,198,1.0,bend75W2.0|qp50
2.0,50.0,50.0,1.0,27,1.39,0.48,0.1982917730064262,128127,1.3346562499999948,58,102,1.7586206896551724,bend75W2.0|qp50
2.5,50.0,50.0,1.0,9,1.39,0.48,0.7518628943263033,52558,0.4379833333333439,198,195,0.9848484848484848,bend75W2.5|qp50
2.5,50.0,50.0,1.0,21,1.39,0.48,0.8266689675368175,47808,0.3984000000000071,198,197,0.9949494949494948,bend75W2.5|qp50
3.0,50.0,50.0,1.0,3,1.39,0.48,0.8632747267219748,45558,0.3163750000000023,198,199,1.005050505050505,bend75W3.0|qp50
3.0,50.0,50.0,1.0,15,1.39,0.48,0.8906688856465285,43864,0.3046111111111162,198,199,1.005050505050505,bend75W3.0|qp50
3.0,50.0,50.0,1.0,27,1.39,0.48,0.7201874045029152,54321,0.3772291666666665,199,203,1.020100502512563,bend75W3.0|qp50
2.5,50.0,50.0,1.0,9,1.39,0.48,0.1519939991084508,150311,1.252591666666672,40,81,2.025,bend90W2.5|qp50
2.5,50.0,50.0,1.0,21,1.39,0.48,0.3395554255307647,90581,0.7548416666666687,74,115,1.554054054054054,bend90W2.5|qp50
3.0,50.0,50.0,1.0,3,1.39,0.48,0.6684383224823484,57752,0.4010555555555466,198,194,0.9797979797979798,bend90W3.0|qp50
3.0,50.0,50.0,1.0,15,1.39,0.48,0.6099889758571577,63497,0.4409513888888859,198,194,0.9797979797979798,bend90W3.0|qp50
3.0,50.0,50.0,1.0,27,1.39,0.48,0.171524799250611,145206,1.0083749999999956,46,90,1.9565217391304348,bend90W3.0|qp50
2.0,50.0,50.0,1.0,4,1.39,0.48,0.0820165791122826,207490,2.161354166666668,3,28,9.333333333333334,bend0W2.0|qp50
2.0,50.0,50.0,1.0,16,1.39,0.48,1.011151773965285,40277,0.4195520833333311,200,200,1.0,bend0W2.0|qp50
2.0,50.0,50.0,1.0,28,1.39,0.48,0.962651504515818,42738,0.4451874999999964,200,198,0.99,bend0W2.0|qp50
2.5,50.0,50.0,1.0,10,1.39,0.48,1.2158749210359596,33243,0.2770249999999923,200,202,1.01,bend0W2.5|qp50
2.5,50.0,50.0,1.0,22,1.39,0.48,1.2212459684781611,32866,0.2738833333333295,200,199,0.995,bend0W2.5|qp50
3.0,50.0,50.0,1.0,4,1.39,0.48,1.190340791534836,33833,0.2349513888888875,200,197,0.985,bend0W3.0|qp50
3.0,50.0,50.0,1.0,16,1.39,0.48,1.197074829931963,33369,0.2317291666666647,200,197,0.985,bend0W3.0|qp50
3.0,50.0,50.0,1.0,28,1.39,0.48,1.142251972065928,35369,0.2456180555555547,200,198,0.99,bend0W3.0|qp50
2.0,50.0,50.0,1.0,10,1.39,0.48,0.8757465225442518,46442,0.483770833333336,198,196,0.98989898989899,bend30W2.0|qp50
2.0,50.0,50.0,1.0,22,1.39,0.48,0.8058434434434636,49950,0.520312499999995,198,193,0.9747474747474748,bend30W2.0|qp50
2.5,50.0,50.0,1.0,4,1.39,0.48,0.8646467264307325,47074,0.3922833333333312,198,198,1.0,bend30W2.5|qp50
2.5,50.0,50.0,1.0,16,1.39,0.48,0.8845533280576774,45492,0.3790999999999959,198,193,0.9747474747474748,bend30W2.5|qp50
2.5,50.0,50.0,1.0,28,1.39,0.48,0.8525457690036667,47412,0.3950999999999992,198,198,1.0,bend30W2.5|qp50
3.0,50.0,50.0,1.0,10,1.39,0.48,0.9130496725259416,44431,0.3085486111111184,200,200,1.0,bend30W3.0|qp50
3.0,50.0,50.0,1.0,22,1.39,0.48,0.8907206110250215,45170,0.3136805555555622,198,197,0.9949494949494948,bend30W3.0|qp50
2.0,50.0,50.0,1.0,4,1.39,0.48,0.7647114997411497,52149,0.5432187499999992,198,193,0.9747474747474748,bend45W2.0|qp50
2.0,50.0,50.0,1.0,16,1.39,0.48,0.7515043144956105,52961,0.5516770833333343,198,191,0.9646464646464646,bend45W2.0|qp50
2.0,50.0,50.0,1.0,28,1.39,0.48,0.7966675245486873,50512,0.5261666666666609,198,195,0.9848484848484848,bend45W2.0|qp50
2.5,50.0,50.0,1.0,10,1.39,0.48,0.8171337437272708,49221,0.410174999999999,200,196,0.98,bend45W2.5|qp50
2.5,50.0,50.0,1.0,22,1.39,0.48,0.8628891540130331,46100,0.3841666666666632,198,197,0.9949494949494948,bend45W2.5|qp50
3.0,50.0,50.0,1.0,4,1.39,0.48,0.8339418545943923,47536,0.3301111111111182,198,196,0.98989898989899,bend45W3.0|qp50
3.0,50.0,50.0,1.0,16,1.39,0.48,0.8545968266354508,46134,0.3203750000000106,198,194,0.9797979797979798,bend45W3.0|qp50
3.0,50.0,50.0,1.0,28,1.39,0.48,0.8232402142222521,48361,0.3358402777777832,198,198,1.0,bend45W3.0|qp50
2.0,50.0,50.0,1.0,10,1.39,0.48,0.8966378611936254,44436,0.4628749999999992,199,200,1.0050251256281406,bend60W2.0|qp50
2.0,50.0,50.0,1.0,22,1.39,0.48,0.9445196126245364,43059,0.4485312499999955,200,198,0.99,bend60W2.0|qp50
2.5,50.0,50.0,1.0,4,1.39,0.48,0.8735153832552359,45244,0.3770333333333331,198,193,0.9747474747474748,bend60W2.5|qp50
2.5,50.0,50.0,1.0,16,1.39,0.48,0.986998654775522,40142,0.334516666666671,200,197,0.985,bend60W2.5|qp50
2.5,50.0,50.0,1.0,28,1.39,0.48,0.9590389184566082,42088,0.3507333333333376,200,201,1.005,bend60W2.5|qp50
3.0,50.0,50.0,1.0,10,1.39,0.48,0.9602552446702416,41137,0.2856736111111097,198,199,1.005050505050505,bend60W3.0|qp50
3.0,50.0,50.0,1.0,22,1.39,0.48,0.9963637285728708,39436,0.2738611111111109,200,198,0.99,bend60W3.0|qp50
2.0,50.0,50.0,1.0,4,1.39,0.48,0.3507450980391587,77520,0.8074999999999999,48,84,1.75,bend75W2.0|qp50
2.0,50.0,50.0,1.0,16,1.39,0.48,0.79266366717538,50453,0.5255520833333359,198,195,0.9848484848484848,bend75W2.0|qp50
2.0,50.0,50.0,1.0,28,1.39,0.48,0.2092376017764289,125643,1.308781250000008,57,96,1.6842105263157894,bend75W2.0|qp50
2.5,50.0,50.0,1.0,10,1.39,0.48,0.6658912557979656,58210,0.4850833333333312,198,183,0.9242424242424242,bend75W2.5|qp50
2.5,50.0,50.0,1.0,22,1.39,0.48,0.861421811330708,45646,0.3803833333333305,198,196,0.98989898989899,bend75W2.5|qp50
3.0,50.0,50.0,1.0,4,1.39,0.48,0.8544340545829999,45985,0.3193402777777833,198,197,0.9949494949494948,bend75W3.0|qp50
3.0,50.0,50.0,1.0,16,1.39,0.48,0.8619808836869759,45197,0.3138680555555661,198,195,0.9848484848484848,bend75W3.0|qp50
3.0,50.0,50.0,1.0,28,1.39,0.48,0.7490717705189252,52013,0.3612013888888862,198,196,0.98989898989899,bend75W3.0|qp50
2.5,50.0,50.0,1.0,10,1.39,0.48,0.3107854929462571,98104,0.817533333333338,95,118,1.2421052631578948,bend90W2.5|qp50
2.5,50.0,50.0,1.0,22,1.39,0.48,0.4129603175590862,80363,0.6696916666666616,150,142,0.9466666666666668,bend90W2.5|qp50
3.0,50.0,50.0,1.0,4,1.39,0.48,0.6415353060852933,60457,0.419840277777766,198,191,0.9646464646464646,bend90W3.0|qp50
3.0,50.0,50.0,1.0,16,1.39,0.48,0.2932532662575718,108534,0.7537083333333334,86,123,1.430232558139535,bend90W3.0|qp50
3.0,50.0,50.0,1.0,28,1.39,0.48,0.5842002078836137,62535,0.4342708333333349,200,178,0.89,bend90W3.0|qp50
2.0,50.0,50.0,1.0,5,1.39,0.48,0.8364571369121836,48060,0.5006249999999992,200,179,0.895,bend0W2.0|qp50
2.0,50.0,50.0,1.0,17,1.39,0.48,1.0071944071920569,40266,0.4194375000000019,200,204,1.02,bend0W2.0|qp50
2.0,50.0,50.0,1.0,29,1.39,0.48,1.006307944145474,40319,0.4199895833333367,200,200,1.0,bend0W2.0|qp50
2.5,50.0,50.0,1.0,11,1.39,0.48,1.1891469654199462,34008,0.2833999999999959,200,206,1.03,bend0W2.5|qp50
2.5,50.0,50.0,1.0,23,1.39,0.48,1.1541379607303608,34836,0.2902999999999999,200,202,1.01,bend0W2.5|qp50
3.0,50.0,50.0,1.0,5,1.39,0.48,1.177432596048856,33863,0.2351597222222184,200,196,0.98,bend0W3.0|qp50
3.0,50.0,50.0,1.0,17,1.39,0.48,1.180920146045556,33962,0.2358472222222218,200,198,0.99,bend0W3.0|qp50
3.0,50.0,50.0,1.0,29,1.39,0.48,1.1809107090749875,34270,0.2379861111111113,200,197,0.985,bend0W3.0|qp50
2.0,50.0,50.0,1.0,11,1.39,0.48,0.8756801817246466,46664,0.4860833333333361,198,197,0.9949494949494948,bend30W2.0|qp50
2.0,50.0,50.0,1.0,23,1.39,0.48,0.7973379278122186,51366,0.5350625000000039,198,199,1.005050505050505,bend30W2.0|qp50
2.5,50.0,50.0,1.0,5,1.39,0.48,0.8599877600979071,46569,0.3880749999999999,198,196,0.98989898989899,bend30W2.5|qp50
2.5,50.0,50.0,1.0,17,1.39,0.48,0.8170139342922023,48944,0.4078666666666694,198,197,0.9949494949494948,bend30W2.5|qp50
2.5,50.0,50.0,1.0,29,1.39,0.48,0.8815151979677375,45664,0.380533333333336,198,194,0.9797979797979798,bend30W2.5|qp50
3.0,50.0,50.0,1.0,11,1.39,0.48,0.921799509224782,44012,0.3056388888888868,198,203,1.0252525252525253,bend30W3.0|qp50
3.0,50.0,50.0,1.0,23,1.39,0.48,0.908051388015512,44524,0.309194444444444,198,203,1.0252525252525253,bend30W3.0|qp50
2.0,50.0,50.0,1.0,5,1.39,0.48,0.817317428595206,48036,0.5003750000000009,198,193,0.9747474747474748,bend45W2.0|qp50
2.0,50.0,50.0,1.0,17,1.39,0.48,0.8476818337764809,46636,0.4857916666666668,198,191,0.9646464646464646,bend45W2.0|qp50
2.0,50.0,50.0,1.0,29,1.39,0.48,0.8421425756538355,48213,0.5022187500000005,198,198,1.0,bend45W2.0|qp50
2.5,50.0,50.0,1.0,11,1.39,0.48,0.799626734022965,49884,0.4156999999999996,200,195,0.975,bend45W2.5|qp50
2.5,50.0,50.0,1.0,23,1.39,0.48,0.8156458972702759,49528,0.4127333333333321,198,201,1.0151515151515151,bend45W2.5|qp50
3.0,50.0,50.0,1.0,5,1.39,0.48,0.8551934991274284,45840,0.3183333333333384,198,196,0.98989898989899,bend45W3.0|qp50
3.0,50.0,50.0,1.0,17,1.39,0.48,0.9262887945115718,42854,0.2975972222222277,200,194,0.97,bend45W3.0|qp50
3.0,50.0,50.0,1.0,29,1.39,0.48,0.9037045955339292,44021,0.3057013888888909,198,199,1.005050505050505,bend45W3.0|qp50
2.0,50.0,50.0,1.0,11,1.39,0.48,0.9364824922521768,43238,0.4503958333333352,198,198,1.0,bend60W2.0|qp50
2.0,50.0,50.0,1.0,23,1.39,0.48,0.8752172243905868,46887,0.4884062500000006,198,201,1.0151515151515151,bend60W2.0|qp50
2.5,50.0,50.0,1.0,5,1.39,0.48,0.9341367484981594,42282,0.3523500000000023,198,193,0.9747474747474748,bend60W2.5|qp50
2.5,50.0,50.0,1.0,17,1.39,0.48,0.9682609013219998,41073,0.3422750000000032,198,198,1.0,bend60W2.5|qp50
2.5,50.0,50.0,1.0,29,1.39,0.48,0.9489738675143878,42782,0.3565166666666643,198,197,0.9949494949494948,bend60W2.5|qp50
3.0,50.0,50.0,1.0,11,1.39,0.48,0.972874122488528,41310,0.2868749999999994,200,202,1.01,bend60W3.0|qp50
3.0,50.0,50.0,1.0,23,1.39,0.48,0.9570503822685766,41463,0.2879374999999979,198,202,1.02020202020202,bend60W3.0|qp50
2.0,50.0,50.0,1.0,5,1.39,0.48,0.119738516818825,161693,1.6843020833333155,25,63,2.52,bend75W2.0|qp50
2.0,50.0,50.0,1.0,17,1.39,0.48,0.6380445733475925,58959,0.6141562499999977,196,173,0.8826530612244898,bend75W2.0|qp50
2.0,50.0,50.0,1.0,29,1.39,0.48,0.5494697965756027,67691,0.7051145833333327,178,162,0.9101123595505618,bend75W2.0|qp50
2.5,50.0,50.0,1.0,11,1.39,0.48,0.7324146400014757,54153,0.4512750000000076,198,195,0.9848484848484848,bend75W2.5|qp50
2.5,50.0,50.0,1.0,23,1.39,0.48,0.7731005494399247,51507,0.4292250000000123,198,197,0.9949494949494948,bend75W2.5|qp50
3.0,50.0,50.0,1.0,5,1.39,0.48,0.8141538687478814,47664,0.3310000000000072,198,193,0.9747474747474748,bend75W3.0|qp50
3.0,50.0,50.0,1.0,17,1.39,0.48,0.8690916181943531,44871,0.3116041666666663,198,199,1.005050505050505,bend75W3.0|qp50
3.0,50.0,50.0,1.0,29,1.39,0.48,0.8447382712324388,46403,0.3222430555555595,198,197,0.9949494949494948,bend75W3.0|qp50
2.5,50.0,50.0,1.0,11,1.39,0.48,0.1379815182525605,157128,1.3094000000000023,28,58,2.071428571428572,bend90W2.5|qp50
2.5,50.0,50.0,1.0,23,1.39,0.48,0.4370648174355774,81259,0.67715833333334,195,161,0.8256410256410256,bend90W2.5|qp50
3.0,50.0,50.0,1.0,5,1.39,0.48,0.4593761765994977,77554,0.5385694444444475,127,162,1.2755905511811023,bend90W3.0|qp50
3.0,50.0,50.0,1.0,17,1.39,0.48,0.6020794330244978,63777,0.4428958333333268,198,187,0.9444444444444444,bend90W3.0|qp50
3.0,50.0,50.0,1.0,29,1.39,0.48,0.5862325732035675,67927,0.4717152777777849,199,193,0.9698492462311558,bend90W3.0|qp50
2.0,50.0,50.0,1.0,6,1.39,0.48,0.7419449878474739,50607,0.5271562499999993,153,171,1.1176470588235294,bend0W2.0|qp50
2.0,50.0,50.0,1.0,18,1.39,0.48,0.3254894414169558,88080,0.9174999999999938,28,61,2.1785714285714284,bend0W2.0|qp50
2.5,50.0,50.0,1.0,0,1.39,0.48,1.17136987094171,34558,0.2879833333333344,200,205,1.025,bend0W2.5|qp50
2.5,50.0,50.0,1.0,12,1.39,0.48,1.1935278263185565,33763,0.2813583333333297,200,202,1.01,bend0W2.5|qp50
2.5,50.0,50.0,1.0,24,1.39,0.48,1.2029810607197866,33317,0.277641666666663,200,201,1.005,bend0W2.5|qp50
3.0,50.0,50.0,1.0,6,1.39,0.48,1.217522651261824,32890,0.2284027777777757,200,200,1.0,bend0W3.0|qp50
3.0,50.0,50.0,1.0,18,1.39,0.48,1.199047030076421,33149,0.2302013888888881,200,198,0.99,bend0W3.0|qp50
2.0,50.0,50.0,1.0,0,1.39,0.48,0.7971302462746168,51203,0.5333645833333343,198,201,1.0151515151515151,bend30W2.0|qp50
2.0,50.0,50.0,1.0,12,1.39,0.48,0.8506862849476787,46963,0.4891979166666694,198,196,0.98989898989899,bend30W2.0|qp50
2.0,50.0,50.0,1.0,24,1.39,0.48,0.8508486214377257,47477,0.4945520833333293,198,196,0.98989898989899,bend30W2.0|qp50
2.5,50.0,50.0,1.0,6,1.39,0.48,0.9290340856959468,43596,0.3633000000000002,198,199,1.005050505050505,bend30W2.5|qp50
2.5,50.0,50.0,1.0,18,1.39,0.48,0.8935361183447543,45697,0.3808083333333338,198,205,1.0353535353535352,bend30W2.5|qp50
3.0,50.0,50.0,1.0,0,1.39,0.48,0.8757504270547426,46247,0.3211597222222255,198,203,1.0252525252525253,bend30W3.0|qp50
3.0,50.0,50.0,1.0,12,1.39,0.48,0.9286461460886954,43631,0.3029930555555568,198,198,1.0,bend30W3.0|qp50
3.0,50.0,50.0,1.0,24,1.39,0.48,0.9157038939782522,43991,0.3054930555555589,200,199,0.995,bend30W3.0|qp50
2.0,50.0,50.0,1.0,6,1.39,0.48,0.9244174522322588,43387,0.4519479166666684,198,197,0.9949494949494948,bend45W2.0|qp50
2.0,50.0,50.0,1.0,18,1.39,0.48,0.8078420748590986,50201,0.5229270833333358,198,202,1.02020202020202,bend45W2.0|qp50
2.5,50.0,50.0,1.0,0,1.39,0.48,0.8150897105072544,49604,0.413366666666664,198,203,1.0252525252525253,bend45W2.5|qp50
2.5,50.0,50.0,1.0,12,1.39,0.48,0.86178468991006,47067,0.3922249999999993,198,196,0.98989898989899,bend45W2.5|qp50
2.5,50.0,50.0,1.0,24,1.39,0.48,0.9369436835507398,43078,0.3589833333333365,198,200,1.0101010101010102,bend45W2.5|qp50
3.0,50.0,50.0,1.0,6,1.39,0.48,0.9295564949320572,42818,0.2973472222222263,198,200,1.0101010101010102,bend45W3.0|qp50
3.0,50.0,50.0,1.0,18,1.39,0.48,0.7790917441951266,51164,0.3553055555555625,198,201,1.0151515151515151,bend45W3.0|qp50
2.0,50.0,50.0,1.0,0,1.39,0.48,0.909294621716118,44345,0.4619270833333335,198,202,1.02020202020202,bend60W2.0|qp50
2.0,50.0,50.0,1.0,12,1.39,0.48,0.9386763886307908,43064,0.4485833333333347,200,197,0.985,bend60W2.0|qp50
2.0,50.0,50.0,1.0,24,1.39,0.48,0.9687379430841628,41781,0.4352187500000039,198,199,1.005050505050505,bend60W2.0|qp50
2.5,50.0,50.0,1.0,6,1.39,0.48,0.9416887261804132,42612,0.3551000000000014,198,198,1.0,bend60W2.5|qp50
2.5,50.0,50.0,1.0,18,1.39,0.48,0.9850318679112926,39852,0.3321000000000019,200,203,1.015,bend60W2.5|qp50
3.0,50.0,50.0,1.0,0,1.39,0.48,0.981379125301873,40997,0.2847013888888886,198,207,1.0454545454545454,bend60W3.0|qp50
3.0,50.0,50.0,1.0,12,1.39,0.48,0.987146866464421,39907,0.2771319444444443,198,201,1.0151515151515151,bend60W3.0|qp50
3.0,50.0,50.0,1.0,24,1.39,0.48,0.9900617638968502,39991,0.2777152777777825,200,203,1.015,bend60W3.0|qp50
2.0,50.0,50.0,1.0,6,1.39,0.48,0.1868181638821029,126713,1.3199270833333254,53,89,1.679245283018868,bend75W2.0|qp50
2.0,50.0,50.0,1.0,18,1.39,0.48,0.2231109430459187,116357,1.2120520833333384,53,95,1.7924528301886793,bend75W2.0|qp50
2.5,50.0,50.0,1.0,0,1.39,0.48,0.7674046886561132,51358,0.4279833333333448,198,198,1.0,bend75W2.5|qp50
2.5,50.0,50.0,1.0,12,1.39,0.48,0.7475578699304184,52618,0.4384833333333438,198,194,0.9797979797979798,bend75W2.5|qp50
2.5,50.0,50.0,1.0,24,1.39,0.48,0.8196869844849471,47889,0.3990749999999961,199,196,0.984924623115578,bend75W2.5|qp50
3.0,50.0,50.0,1.0,6,1.39,0.48,0.8764569805195083,44352,0.30800000000001,198,196,0.98989898989899,bend75W3.0|qp50
3.0,50.0,50.0,1.0,18,1.39,0.48,0.8659421715185102,45756,0.3177499999999978,198,203,1.0252525252525253,bend75W3.0|qp50
2.5,50.0,50.0,1.0,0,1.39,0.48,0.2027708180430075,118539,0.9878249999999856,8,47,5.875,bend90W2.5|qp50
2.5,50.0,50.0,1.0,12,1.39,0.48,0.4948299509588595,75243,0.6270249999999975,165,181,1.096969696969697,bend90W2.5|qp50
2.5,50.0,50.0,1.0,24,1.39,0.48,0.4235139986066428,84687,0.7057250000000104,127,168,1.3228346456692914,bend90W2.5|qp50
3.0,50.0,50.0,1.0,6,1.39,0.48,0.5416928467153304,68500,0.4756944444444406,173,173,1.0,bend90W3.0|qp50
3.0,50.0,50.0,1.0,18,1.39,0.48,0.6364286424335238,60358,0.4191527777777723,198,192,0.9696969696969696,bend90W3.0|qp50
2.0,50.0,50.0,1.0,7,1.39,0.48,0.9414608771043044,41523,0.4325312499999986,200,174,0.87,bend0W2.0|qp50
2.0,50.0,50.0,1.0,19,1.39,0.48,1.046084255938479,38478,0.4008125,200,189,0.945,bend0W2.0|qp50
2.5,50.0,50.0,1.0,1,1.39,0.48,1.167202351646382,34529,0.287741666666663,200,202,1.01,bend0W2.5|qp50
2.5,50.0,50.0,1.0,13,1.39,0.48,1.188733911914129,33876,0.282299999999998,200,197,0.985,bend0W2.5|qp50
2.5,50.0,50.0,1.0,25,1.39,0.48,1.1704016274338662,34410,0.2867499999999965,200,203,1.015,bend0W2.5|qp50
3.0,50.0,50.0,1.0,7,1.39,0.48,1.1675071666762424,34186,0.2374027777777761,200,199,0.995,bend0W3.0|qp50
3.0,50.0,50.0,1.0,19,1.39,0.48,1.2331130241599049,32409,0.2250624999999977,200,200,1.0,bend0W3.0|qp50
2.0,50.0,50.0,1.0,1,1.39,0.48,0.7983545077924439,50690,0.5280208333333347,198,195,0.9848484848484848,bend30W2.0|qp50
2.0,50.0,50.0,1.0,13,1.39,0.48,0.8143998002995936,50075,0.5216145833333304,198,198,1.0,bend30W2.0|qp50
2.0,50.0,50.0,1.0,25,1.39,0.48,0.807987229979741,50274,0.5236875000000072,198,200,1.0101010101010102,bend30W2.0|qp50
2.5,50.0,50.0,1.0,7,1.39,0.48,0.8689330323550912,46515,0.3876249999999978,198,196,0.98989898989899,bend30W2.5|qp50
2.5,50.0,50.0,1.0,19,1.39,0.48,0.9202594933809986,43662,0.3638500000000007,198,199,1.005050505050505,bend30W2.5|qp50
3.0,50.0,50.0,1.0,1,1.39,0.48,0.8743501773816647,46228,0.3210277777777832,198,198,1.0,bend30W3.0|qp50
3.0,50.0,50.0,1.0,13,1.39,0.48,0.8790747975642544,45817,0.318173611111115,198,194,0.9797979797979798,bend30W3.0|qp50
3.0,50.0,50.0,1.0,25,1.39,0.48,0.8694096850225281,46670,0.3240972222222367,198,203,1.0252525252525253,bend30W3.0|qp50
2.0,50.0,50.0,1.0,7,1.39,0.48,0.8289913299593061,48212,0.5022083333333314,198,194,0.9797979797979798,bend45W2.0|qp50
2.0,50.0,50.0,1.0,19,1.39,0.48,0.86464610306098,46652,0.4859583333333301,198,199,1.005050505050505,bend45W2.0|qp50
2.5,50.0,50.0,1.0,1,1.39,0.48,0.8207990245301678,48797,0.406641666666664,198,199,1.005050505050505,bend45W2.5|qp50
2.5,50.0,50.0,1.0,13,1.39,0.48,0.8697154524808288,45792,0.3815999999999997,198,197,0.9949494949494948,bend45W2.5|qp50
2.5,50.0,50.0,1.0,25,1.39,0.48,0.7983868513773266,49952,0.4162666666666748,198,195,0.9848484848484848,bend45W2.5|qp50
3.0,50.0,50.0,1.0,7,1.39,0.48,0.8839867259633354,44297,0.3076180555555637,198,195,0.9848484848484848,bend45W3.0|qp50
3.0,50.0,50.0,1.0,19,1.39,0.48,0.9251348758861376,42743,0.296826388888894,198,201,1.0151515151515151,bend45W3.0|qp50
2.0,50.0,50.0,1.0,1,1.39,0.48,0.899606799837675,44354,0.4620208333333309,198,196,0.98989898989899,bend60W2.0|qp50
2.0,50.0,50.0,1.0,13,1.39,0.48,0.8754252296306239,45399,0.4729062500000024,198,195,0.9848484848484848,bend60W2.0|qp50
2.0,50.0,50.0,1.0,25,1.39,0.48,0.899701302188243,44694,0.4655624999999988,198,202,1.02020202020202,bend60W2.0|qp50
2.5,50.0,50.0,1.0,7,1.39,0.48,0.9325640785999222,42799,0.3566583333333368,198,198,1.0,bend60W2.5|qp50
2.5,50.0,50.0,1.0,19,1.39,0.48,0.9657566917073984,41133,0.3427749999999979,198,202,1.02020202020202,bend60W2.5|qp50
3.0,50.0,50.0,1.0,1,1.39,0.48,0.9686557770485402,40834,0.2835694444444459,200,202,1.01,bend60W3.0|qp50
3.0,50.0,50.0,1.0,13,1.39,0.48,0.9429978846291092,42073,0.2921736111111107,198,199,1.005050505050505,bend60W3.0|qp50
3.0,50.0,50.0,1.0,25,1.39,0.48,0.9465679488094356,42039,0.2919375000000006,198,203,1.0252525252525253,bend60W3.0|qp50
2.0,50.0,50.0,1.0,7,1.39,0.48,0.16206116512809,146456,1.5255833333333322,27,63,2.333333333333333,bend75W2.0|qp50
2.0,50.0,50.0,1.0,19,1.39,0.48,0.7951439777480116,49973,0.5205520833333328,198,197,0.9949494949494948,bend75W2.0|qp50
2.5,50.0,50.0,1.0,1,1.39,0.48,0.8257930363500683,48308,0.4025666666666639,198,198,1.0,bend75W2.5|qp50
2.5,50.0,50.0,1.0,13,1.39,0.48,0.756679938625316,51487,0.4290583333333316,198,191,0.9646464646464646,bend75W2.5|qp50
2.5,50.0,50.0,1.0,25,1.39,0.48,0.7809195447564634,50786,0.4232166666666749,198,198,1.0,bend75W2.5|qp50
3.0,50.0,50.0,1.0,7,1.39,0.48,0.8709169245841394,44911,0.3118819444444471,198,197,0.9949494949494948,bend75W3.0|qp50
3.0,50.0,50.0,1.0,19,1.39,0.48,0.8443619089221474,45785,0.3179513888888928,198,201,1.0151515151515151,bend75W3.0|qp50
2.5,50.0,50.0,1.0,1,1.39,0.48,0.1768015510395365,140293,1.1691083333333332,48,88,1.8333333333333333,bend90W2.5|qp50
2.5,50.0,50.0,1.0,13,1.39,0.48,0.2539422642427922,115076,0.9589666666666644,59,87,1.4745762711864407,bend90W2.5|qp50
2.5,50.0,50.0,1.0,25,1.39,0.48,0.1888955557155571,138830,1.156916666666654,56,96,1.7142857142857142,bend90W2.5|qp50
3.0,50.0,50.0,1.0,7,1.39,0.48,0.6123260948991947,62951,0.43715972222222,199,184,0.9246231155778896,bend90W3.0|qp50
3.0,50.0,50.0,1.0,19,1.39,0.48,0.5006268179374257,72541,0.5037569444444352,164,166,1.0121951219512195,bend90W3.0|qp50
2.0,50.0,50.0,1.0,8,1.39,0.48,0.5290720575432665,70069,0.7298854166666637,176,159,0.9034090909090908,bend0W2.0|qp50
2.0,50.0,50.0,1.0,20,1.39,0.48,0.6175061932286915,62972,0.6559583333333369,196,172,0.8775510204081632,bend0W2.0|qp50
2.5,50.0,50.0,1.0,2,1.39,0.48,1.1627121718102758,34736,0.2894666666666616,200,201,1.005,bend0W2.5|qp50
2.5,50.0,50.0,1.0,14,1.39,0.48,1.188584548575456,34081,0.284008333333331,200,201,1.005,bend0W2.5|qp50
2.5,50.0,50.0,1.0,26,1.39,0.48,1.1945159380827766,33787,0.2815583333333351,200,195,0.975,bend0W2.5|qp50
3.0,50.0,50.0,1.0,8,1.39,0.48,1.1892721414160523,33207,0.2306041666666639,200,200,1.0,bend0W3.0|qp50
3.0,50.0,50.0,1.0,20,1.39,0.48,1.1996384036190366,33601,0.2333402777777761,200,198,0.99,bend0W3.0|qp50
2.0,50.0,50.0,1.0,2,1.39,0.48,0.7356052121079194,54642,0.5691875000000095,198,194,0.9797979797979798,bend30W2.0|qp50
2.0,50.0,50.0,1.0,14,1.39,0.48,0.8433473131830437,48403,0.5041979166666677,198,198,1.0,bend30W2.0|qp50
2.0,50.0,50.0,1.0,26,1.39,0.48,0.8710838140922738,46281,0.4820937499999997,198,197,0.9949494949494948,bend30W2.0|qp50
2.5,50.0,50.0,1.0,8,1.39,0.48,0.9108138905185464,44318,0.3693166666666701,198,199,1.005050505050505,bend30W2.5|qp50
2.5,50.0,50.0,1.0,20,1.39,0.48,0.8595442919260132,46916,0.3909666666666614,198,197,0.9949494949494948,bend30W2.5|qp50
3.0,50.0,50.0,1.0,2,1.39,0.48,0.9187524720966022,43991,0.3054930555555558,198,199,1.005050505050505,bend30W3.0|qp50
3.0,50.0,50.0,1.0,14,1.39,0.48,0.8700739307225513,45989,0.3193680555555637,198,196,0.98989898989899,bend30W3.0|qp50
3.0,50.0,50.0,1.0,26,1.39,0.48,0.926457951210614,43616,0.3028888888888948,198,197,0.9949494949494948,bend30W3.0|qp50
2.0,50.0,50.0,1.0,8,1.39,0.48,0.8902885772419992,45707,0.4761145833333315,198,199,1.005050505050505,bend45W2.0|qp50
2.0,50.0,50.0,1.0,20,1.39,0.48,0.7992433252427313,49440,0.5150000000000043,198,195,0.9848484848484848,bend45W2.0|qp50
2.5,50.0,50.0,1.0,2,1.39,0.48,0.9107048478016302,44350,0.3695833333333324,198,199,1.005050505050505,bend45W2.5|qp50
2.5,50.0,50.0,1.0,14,1.39,0.48,0.8477943805874605,46980,0.3915000000000024,198,196,0.98989898989899,bend45W2.5|qp50
2.5,50.0,50.0,1.0,26,1.39,0.48,0.9383747215383555,42645,0.3553749999999955,198,199,1.005050505050505,bend45W2.5|qp50
3.0,50.0,50.0,1.0,8,1.39,0.48,0.8935191400580739,44096,0.3062222222222214,200,198,0.99,bend45W3.0|qp50
3.0,50.0,50.0,1.0,20,1.39,0.48,0.8933563507951415,44459,0.3087430555555563,198,199,1.005050505050505,bend45W3.0|qp50
2.0,50.0,50.0,1.0,2,1.39,0.48,0.9307643828633791,43159,0.4495729166666649,198,193,0.9747474747474748,bend60W2.0|qp50
2.0,50.0,50.0,1.0,14,1.39,0.48,0.9674978561219552,41980,0.437291666666667,200,199,0.995,bend60W2.0|qp50
2.0,50.0,50.0,1.0,26,1.39,0.48,0.9591365840839896,41857,0.4360104166666683,200,195,0.975,bend60W2.0|qp50
2.5,50.0,50.0,1.0,8,1.39,0.48,0.9776146360642852,40694,0.339116666666672,200,199,0.995,bend60W2.5|qp50
2.5,50.0,50.0,1.0,20,1.39,0.48,0.9901596469917784,40339,0.3361583333333319,200,198,0.99,bend60W2.5|qp50
3.0,50.0,50.0,1.0,2,1.39,0.48,0.9580047628400506,40732,0.2828611111111103,200,197,0.985,bend60W3.0|qp50
3.0,50.0,50.0,1.0,14,1.39,0.48,0.953496138392304,41563,0.2886319444444482,200,201,1.005,bend60W3.0|qp50
3.0,50.0,50.0,1.0,26,1.39,0.48,1.0174617399343369,38944,0.2704444444444445,200,192,0.96,bend60W3.0|qp50
2.0,50.0,50.0,1.0,8,1.39,0.48,0.6694387058724595,59345,0.618177083333331,198,188,0.9494949494949496,bend75W2.0|qp50
2.0,50.0,50.0,1.0,20,1.39,0.48,0.7629146513017351,51893,0.5405520833333365,198,194,0.9797979797979798,bend75W2.0|qp50
2.5,50.0,50.0,1.0,2,1.39,0.48,0.7784873031945951,50367,0.4197250000000093,198,196,0.98989898989899,bend75W2.5|qp50
2.5,50.0,50.0,1.0,14,1.39,0.48,0.7172201316155186,53945,0.4495416666666629,198,178,0.898989898989899,bend75W2.5|qp50
2.5,50.0,50.0,1.0,26,1.39,0.48,0.8189400835464007,48117,0.4009749999999942,198,193,0.9747474747474748,bend75W2.5|qp50
3.0,50.0,50.0,1.0,8,1.39,0.48,0.8358414225582169,46564,0.32336111111112,198,197,0.9949494949494948,bend75W3.0|qp50
3.0,50.0,50.0,1.0,20,1.39,0.48,0.7837155165439922,49444,0.3433611111111075,198,192,0.9696969696969696,bend75W3.0|qp50
2.5,50.0,50.0,1.0,2,1.39,0.48,0.3651412683062248,86856,0.7238000000000004,91,132,1.4505494505494505,bend90W2.5|qp50
2.5,50.0,50.0,1.0,14,1.39,0.48,0.3266525628140908,99500,0.8291666666666648,109,133,1.220183486238532,bend90W2.5|qp50
2.5,50.0,50.0,1.0,26,1.39,0.48,0.1854764931021062,140044,1.167033333333338,53,93,1.7547169811320755,bend90W2.5|qp50
3.0,50.0,50.0,1.0,8,1.39,0.48,0.3381677260952145,96121,0.667506944444442,96,138,1.4375,bend90W3.0|qp50
3.0,50.0,50.0,1.0,20,1.39,0.48,0.5354549911747605,71386,0.4957361111111152,187,175,0.9358288770053476,bend90W3.0|qp50
2.0,50.0,50.0,1.0,9,1.39,0.48,0.6221385740183967,50197,0.5228854166666662,73,113,1.547945205479452,bend0W2.0|qp50
2.0,50.0,50.0,1.0,21,1.39,0.48,0.9426097202454912,42859,0.4464479166666684,200,198,0.99,bend0W2.0|qp50
2.5,50.0,50.0,1.0,3,1.39,0.48,1.2116328441143354,33114,0.2759500000000004,200,199,0.995,bend0W2.5|qp50
2.5,50.0,50.0,1.0,15,1.39,0.48,1.209099080078592,33155,0.2762916666666676,200,201,1.005,bend0W2.5|qp50
2.5,50.0,50.0,1.0,27,1.39,0.48,1.194022719877035,33803,0.281691666666663,200,210,1.05,bend0W2.5|qp50
3.0,50.0,50.0,1.0,9,1.39,0.48,1.1940307692311365,33475,0.2324652777777749,200,195,0.975,bend0W3.0|qp50
3.0,50.0,50.0,1.0,21,1.39,0.48,1.178559681619898,34173,0.237312499999998,200,197,0.985,bend0W3.0|qp50
2.0,50.0,50.0,1.0,3,1.39,0.48,0.8357142857143023,49119,0.5116562499999946,198,201,1.0151515151515151,bend30W2.0|qp50
2.0,50.0,50.0,1.0,15,1.39,0.48,0.7787950733955078,51638,0.5378958333333369,198,195,0.9848484848484848,bend30W2.0|qp50
2.0,50.0,50.0,1.0,27,1.39,0.48,0.8533066827262648,48154,0.5016041666666681,198,205,1.0353535353535352,bend30W2.0|qp50
2.5,50.0,50.0,1.0,9,1.39,0.48,0.8975641876937573,45180,0.3764999999999988,198,196,0.98989898989899,bend30W2.5|qp50
2.5,50.0,50.0,1.0,21,1.39,0.48,0.8997285736334522,45353,0.3779416666666682,198,199,1.005050505050505,bend30W2.5|qp50
3.0,50.0,50.0,1.0,3,1.39,0.48,0.8710187776377544,46811,0.3250763888888927,198,200,1.0101010101010102,bend30W3.0|qp50
3.0,50.0,50.0,1.0,15,1.39,0.48,0.9033061731181422,44305,0.3076736111111179,198,199,1.005050505050505,bend30W3.0|qp50
3.0,50.0,50.0,1.0,27,1.39,0.48,0.9289739473443064,43604,0.3028055555555538,198,210,1.0606060606060606,bend30W3.0|qp50
2.0,50.0,50.0,1.0,9,1.39,0.48,0.8605594390554089,46493,0.4843020833333319,198,195,0.9848484848484848,bend45W2.0|qp50
2.0,50.0,50.0,1.0,21,1.39,0.48,0.7232903902871964,55267,0.5756979166666679,198,195,0.9848484848484848,bend45W2.0|qp50
2.5,50.0,50.0,1.0,3,1.39,0.48,0.8404354263549841,47953,0.3996083333333289,198,198,1.0,bend45W2.5|qp50
2.5,50.0,50.0,1.0,15,1.39,0.48,0.8747294563018235,45963,0.3830249999999996,200,200,1.0,bend45W2.5|qp50
2.5,50.0,50.0,1.0,27,1.39,0.48,0.8053282494024023,50617,0.4218083333333378,198,204,1.0303030303030305,bend45W2.5|qp50
3.0,50.0,50.0,1.0,9,1.39,0.48,0.8926337122413718,44162,0.3066805555555568,198,195,0.9848484848484848,bend45W3.0|qp50
3.0,50.0,50.0,1.0,21,1.39,0.48,0.903005265567784,43680,0.303333333333345,198,198,1.0,bend45W3.0|qp50
2.0,50.0,50.0,1.0,3,1.39,0.48,0.96163620747247,41914,0.436604166666667,200,202,1.01,bend60W2.0|qp50
2.0,50.0,50.0,1.0,15,1.39,0.48,0.9326015334572424,43040,0.4483333333333323,198,203,1.0252525252525253,bend60W2.0|qp50
2.0,50.0,50.0,1.0,27,1.39,0.48,0.8723346610151423,46949,0.4890520833333361,198,206,1.0404040404040404,bend60W2.0|qp50
2.5,50.0,50.0,1.0,9,1.39,0.48,0.9409746529165024,42569,0.35474166666667,198,196,0.98989898989899,bend60W2.5|qp50
2.5,50.0,50.0,1.0,21,1.39,0.48,0.9412555440218944,42388,0.3532333333333363,198,200,1.0101010101010102,bend60W2.5|qp50
3.0,50.0,50.0,1.0,3,1.39,0.48,0.9894115723270532,39750,0.2760416666666677,200,202,1.01,bend60W3.0|qp50
3.0,50.0,50.0,1.0,15,1.39,0.48,1.0146523054643497,38669,0.2685347222222238,198,200,1.0101010101010102,bend60W3.0|qp50
3.0,50.0,50.0,1.0,27,1.39,0.48,1.004760584677459,39680,0.2755555555555575,200,208,1.04,bend60W3.0|qp50
2.0,50.0,50.0,1.0,9,1.39,0.48,0.4184602279691393,81590,0.849895833333332,96,130,1.3541666666666667,bend75W2.0|qp50
2.0,50.0,50.0,1.0,21,1.39,0.48,0.110950092767477,170857,1.779760416666654,24,62,2.583333333333333,bend75W2.0|qp50
2.5,50.0,50.0,1.0,3,1.39,0.48,0.8087700512820419,48750,0.406250000000001,198,197,0.9949494949494948,bend75W2.5|qp50
2.5,50.0,50.0,1.0,15,1.39,0.48,0.830198328760823,47749,0.3979083333333321,198,198,1.0,bend75W2.5|qp50
2.5,50.0,50.0,1.0,27,1.39,0.48,0.7706177822409751,51782,0.4315166666666679,198,203,1.0252525252525253,bend75W2.5|qp50
3.0,50.0,50.0,1.0,9,1.39,0.48,0.8677637696710235,44736,0.3106666666666683,198,197,0.9949494949494948,bend75W3.0|qp50
3.0,50.0,50.0,1.0,21,1.39,0.48,0.8640225905953679,45063,0.3129375000000122,199,199,1.0,bend75W3.0|qp50
2.5,50.0,50.0,1.0,3,1.39,0.48,0.2425956930594787,116231,0.9685916666666514,52,93,1.7884615384615383,bend90W2.5|qp50
2.5,50.0,50.0,1.0,15,1.39,0.48,0.1463661532159411,141591,1.179925000000016,11,51,4.636363636363637,bend90W2.5|qp50
2.5,50.0,50.0,1.0,27,1.39,0.48,0.2073519080246306,120989,1.0082416666666576,27,70,2.592592592592593,bend90W2.5|qp50
3.0,50.0,50.0,1.0,9,1.39,0.48,0.5792298306923443,66388,0.4610277777777768,200,185,0.925,bend90W3.0|qp50
3.0,50.0,50.0,1.0,21,1.39,0.48,0.1382894604014079,168403,1.1694652777777863,31,72,2.3225806451612905,bend90W3.0|qp50
2.0,50.0,50.0,1.0,10,1.39,0.48,0.2955308074324412,100479,1.046656249999998,70,111,1.5857142857142856,bend0W2.0|qp50
2.0,50.0,50.0,1.0,22,1.39,0.48,1.0368885800909846,39580,0.4122916666666645,200,199,0.995,bend0W2.0|qp50
2.5,50.0,50.0,1.0,4,1.39,0.48,1.1803170795915787,34187,0.2848916666666624,200,198,0.99,bend0W2.5|qp50
2.5,50.0,50.0,1.0,16,1.39,0.48,1.2027999401466034,33415,0.278458333333329,200,198,0.99,bend0W2.5|qp50
2.5,50.0,50.0,1.0,28,1.39,0.48,1.1768091292339162,34395,0.2866249999999998,200,197,0.985,bend0W2.5|qp50
3.0,50.0,50.0,1.0,10,1.39,0.48,1.2202744187448122,33161,0.2302847222222215,200,201,1.005,bend0W3.0|qp50
3.0,50.0,50.0,1.0,22,1.39,0.48,1.2180693250412318,32802,0.2277916666666641,200,198,0.99,bend0W3.0|qp50
2.0,50.0,50.0,1.0,4,1.39,0.48,0.829133710369873,48448,0.5046666666666711,198,199,1.005050505050505,bend30W2.0|qp50
2.0,50.0,50.0,1.0,16,1.39,0.48,0.8335122852162228,48188,0.5019583333333312,198,194,0.9797979797979798,bend30W2.0|qp50
2.0,50.0,50.0,1.0,28,1.39,0.48,0.8175774131119211,49604,0.5167083333333325,198,197,0.9949494949494948,bend30W2.0|qp50
2.5,50.0,50.0,1.0,10,1.39,0.48,0.853847677653181,47452,0.3954333333333245,198,196,0.98989898989899,bend30W2.5|qp50
2.5,50.0,50.0,1.0,22,1.39,0.48,0.8880588943623329,45675,0.3806249999999997,198,200,1.0101010101010102,bend30W2.5|qp50
3.0,50.0,50.0,1.0,4,1.39,0.48,0.9084345378813488,44415,0.3084375000000072,198,197,0.9949494949494948,bend30W3.0|qp50
3.0,50.0,50.0,1.0,16,1.39,0.48,0.9227974481658386,43890,0.3047916666666705,198,197,0.9949494949494948,bend30W3.0|qp50
3.0,50.0,50.0,1.0,28,1.39,0.48,0.8721289677798232,46027,0.3196319444444483,198,199,1.005050505050505,bend30W3.0|qp50
2.0,50.0,50.0,1.0,10,1.39,0.48,0.8394539048737457,47684,0.4967083333333335,198,192,0.9696969696969696,bend45W2.0|qp50
2.0,50.0,50.0,1.0,22,1.39,0.48,0.8703667550763167,45998,0.4791458333333313,198,199,1.005050505050505,bend45W2.0|qp50
2.5,50.0,50.0,1.0,4,1.39,0.48,0.8442751894618976,47371,0.394758333333331,198,198,1.0,bend45W2.5|qp50
2.5,50.0,50.0,1.0,16,1.39,0.48,0.7826825659841361,50694,0.4224500000000096,198,191,0.9646464646464646,bend45W2.5|qp50
2.5,50.0,50.0,1.0,28,1.39,0.48,0.898952226574866,44418,0.3701499999999972,200,196,0.98,bend45W2.5|qp50
3.0,50.0,50.0,1.0,10,1.39,0.48,0.8422041655189811,47197,0.3277569444444525,198,195,0.9848484848484848,bend45W3.0|qp50
3.0,50.0,50.0,1.0,22,1.39,0.48,0.9071814205658774,43898,0.3048472222222312,200,196,0.98,bend45W3.0|qp50
2.0,50.0,50.0,1.0,4,1.39,0.48,0.8433388051319416,46298,0.4822708333333327,200,192,0.96,bend60W2.0|qp50
2.0,50.0,50.0,1.0,16,1.39,0.48,0.93002969818354,43437,0.4524687500000028,200,196,0.98,bend60W2.0|qp50
2.0,50.0,50.0,1.0,28,1.39,0.48,0.9155580026069172,44498,0.4635208333333346,198,201,1.0151515151515151,bend60W2.0|qp50
2.5,50.0,50.0,1.0,10,1.39,0.48,0.97386226456258,41253,0.3437750000000044,198,199,1.005050505050505,bend60W2.5|qp50
2.5,50.0,50.0,1.0,22,1.39,0.48,0.976054486475988,41001,0.3416749999999996,198,198,1.0,bend60W2.5|qp50
3.0,50.0,50.0,1.0,4,1.39,0.48,0.9556848784268084,41292,0.2867500000000058,200,195,0.975,bend60W3.0|qp50
3.0,50.0,50.0,1.0,16,1.39,0.48,0.9934701946471703,39456,0.2739999999999951,198,198,1.0,bend60W3.0|qp50
3.0,50.0,50.0,1.0,28,1.39,0.48,0.9664690956569396,40593,0.2818958333333355,200,196,0.98,bend60W3.0|qp50
2.0,50.0,50.0,1.0,10,1.39,0.48,0.7409788670658074,53613,0.5584687499999936,198,195,0.9848484848484848,bend75W2.0|qp50
2.0,50.0,50.0,1.0,22,1.39,0.48,0.1069719467540201,168501,1.7552187500000005,13,48,3.692307692307693,bend75W2.0|qp50
2.5,50.0,50.0,1.0,4,1.39,0.48,0.773285889522748,51359,0.4279916666666738,198,197,0.9949494949494948,bend75W2.5|qp50
2.5,50.0,50.0,1.0,16,1.39,0.48,0.843513707903193,47272,0.393933333333327,198,196,0.98989898989899,bend75W2.5|qp50
2.5,50.0,50.0,1.0,28,1.39,0.48,0.7580235886206537,52059,0.4338250000000037,200,196,0.98,bend75W2.5|qp50
3.0,50.0,50.0,1.0,10,1.39,0.48,0.7665547727316836,51239,0.3558263888888956,198,198,1.0,bend75W3.0|qp50
3.0,50.0,50.0,1.0,22,1.39,0.48,0.8430663939242312,45953,0.319118055555565,198,196,0.98989898989899,bend75W3.0|qp50
2.5,50.0,50.0,1.0,4,1.39,0.48,0.3892077874372616,89837,0.7486416666666549,159,145,0.9119496855345912,bend90W2.5|qp50
2.5,50.0,50.0,1.0,16,1.39,0.48,0.1597443227296042,131181,1.093175000000015,11,48,4.363636363636363,bend90W2.5|qp50
2.5,50.0,50.0,1.0,28,1.39,0.48,0.436071087231712,77426,0.6452166666666554,122,141,1.1557377049180328,bend90W2.5|qp50
3.0,50.0,50.0,1.0,10,1.39,0.48,0.3330079866367494,95785,0.6651736111111115,92,130,1.4130434782608696,bend90W3.0|qp50
3.0,50.0,50.0,1.0,22,1.39,0.48,0.4659374606135368,79342,0.5509861111111026,138,167,1.210144927536232,bend90W3.0|qp50
2.0,50.0,50.0,1.0,11,1.39,0.48,0.1267279346664135,141183,1.47065624999999,0,13,1.0,bend0W2.0|qp50
2.0,50.0,50.0,1.0,23,1.39,0.48,0.9914389434215264,41871,0.4361562499999977,199,196,0.984924623115578,bend0W2.0|qp50
2.5,50.0,50.0,1.0,5,1.39,0.48,1.1734882489632157,33997,0.2833083333333302,200,196,0.98,bend0W2.5|qp50
2.5,50.0,50.0,1.0,17,1.39,0.48,1.1810222117480318,33946,0.2828833333333321,200,197,0.985,bend0W2.5|qp50
2.5,50.0,50.0,1.0,29,1.39,0.48,1.193554745833609,33482,0.2790166666666662,200,195,0.975,bend0W2.5|qp50
3.0,50.0,50.0,1.0,11,1.39,0.48,1.215857809911157,33195,0.2305208333333302,200,204,1.02,bend0W3.0|qp50
3.0,50.0,50.0,1.0,23,1.39,0.48,1.1586131324128328,34906,0.2424027777777762,200,200,1.0,bend0W3.0|qp50
2.0,50.0,50.0,1.0,5,1.39,0.48,0.8745239237580058,45854,0.4776458333333355,198,196,0.98989898989899,bend30W2.0|qp50
2.0,50.0,50.0,1.0,17,1.39,0.48,0.8041301444700083,49422,0.5148125000000008,198,193,0.9747474747474748,bend30W2.0|qp50
2.0,50.0,50.0,1.0,29,1.39,0.48,0.7157848948707556,57358,0.5974791666666625,198,194,0.9797979797979798,bend30W2.0|qp50
2.5,50.0,50.0,1.0,11,1.39,0.48,0.8696932502286904,47009,0.3917416666666618,198,200,1.0101010101010102,bend30W2.5|qp50
2.5,50.0,50.0,1.0,23,1.39,0.48,0.8369925569537559,48636,0.4052999999999976,198,201,1.0151515151515151,bend30W2.5|qp50
3.0,50.0,50.0,1.0,5,1.39,0.48,0.8888226401671763,44982,0.3123750000000019,198,197,0.9949494949494948,bend30W3.0|qp50
3.0,50.0,50.0,1.0,17,1.39,0.48,0.8753122002267302,45868,0.3185277777777855,198,199,1.005050505050505,bend30W3.0|qp50
3.0,50.0,50.0,1.0,29,1.39,0.48,0.9346489848771988,43246,0.3003194444444437,198,198,1.0,bend30W3.0|qp50
2.0,50.0,50.0,1.0,11,1.39,0.48,0.7994296969337321,50517,0.5262187499999968,198,195,0.9848484848484848,bend45W2.0|qp50
2.0,50.0,50.0,1.0,23,1.39,0.48,0.7385049559472121,54480,0.5674999999999956,198,196,0.98989898989899,bend45W2.0|qp50
2.5,50.0,50.0,1.0,5,1.39,0.48,0.768695837531984,51604,0.4300333333333411,198,194,0.9797979797979798,bend45W2.5|qp50
2.5,50.0,50.0,1.0,17,1.39,0.48,0.9051739567162688,43804,0.3650333333333302,198,196,0.98989898989899,bend45W2.5|qp50
2.5,50.0,50.0,1.0,29,1.39,0.48,0.7988027483765396,50357,0.4196416666666626,198,199,1.005050505050505,bend45W2.5|qp50
3.0,50.0,50.0,1.0,11,1.39,0.48,0.8450370637837226,47081,0.3269513888889,198,195,0.9848484848484848,bend45W3.0|qp50
3.0,50.0,50.0,1.0,23,1.39,0.48,0.7694681469426317,51612,0.3584166666666689,200,197,0.985,bend45W3.0|qp50
2.0,50.0,50.0,1.0,5,1.39,0.48,0.9256968192682284,43512,0.4532500000000011,198,195,0.9848484848484848,bend60W2.0|qp50
2.0,50.0,50.0,1.0,17,1.39,0.48,0.9077276543602156,44069,0.4590520833333369,198,193,0.9747474747474748,bend60W2.0|qp50
2.0,50.0,50.0,1.0,29,1.39,0.48,0.850654035266135,47184,0.491500000000001,200,197,0.985,bend60W2.0|qp50
2.5,50.0,50.0,1.0,11,1.39,0.48,0.9601847387641352,41897,0.3491416666666729,198,201,1.0151515151515151,bend60W2.5|qp50
2.5,50.0,50.0,1.0,23,1.39,0.48,0.9355630283069304,43417,0.3618083333333368,198,204,1.0303030303030305,bend60W2.5|qp50
3.0,50.0,50.0,1.0,5,1.39,0.48,0.9384148101813936,41566,0.2886527777777832,200,196,0.98,bend60W3.0|qp50
3.0,50.0,50.0,1.0,17,1.39,0.48,0.9954064844246512,39325,0.2730902777777748,198,200,1.0101010101010102,bend60W3.0|qp50
3.0,50.0,50.0,1.0,29,1.39,0.48,0.9870085108500798,40184,0.2790555555555569,198,200,1.0101010101010102,bend60W3.0|qp50
2.0,50.0,50.0,1.0,11,1.39,0.48,0.7169251308150338,55804,0.5812916666666683,198,196,0.98989898989899,bend75W2.0|qp50
2.0,50.0,50.0,1.0,23,1.39,0.48,0.5723064858113899,68858,0.7172708333333342,198,189,0.9545454545454546,bend75W2.0|qp50
2.5,50.0,50.0,1.0,5,1.39,0.48,0.768976189060034,50439,0.4203250000000114,198,192,0.9696969696969696,bend75W2.5|qp50
2.5,50.0,50.0,1.0,17,1.39,0.48,0.8126911441713768,48262,0.402183333333336,198,194,0.9797979797979798,bend75W2.5|qp50
2.5,50.0,50.0,1.0,29,1.39,0.48,0.7919627282299551,50333,0.4194416666666711,198,196,0.98989898989899,bend75W2.5|qp50
3.0,50.0,50.0,1.0,11,1.39,0.48,0.8801290351287112,44949,0.312145833333333,198,201,1.0151515151515151,bend75W3.0|qp50
3.0,50.0,50.0,1.0,23,1.39,0.48,0.7655514152218619,51794,0.3596805555555659,198,199,1.005050505050505,bend75W3.0|qp50
2.5,50.0,50.0,1.0,5,1.39,0.48,0.1589363505844609,146270,1.2189166666666624,32,72,2.25,bend90W2.5|qp50
2.5,50.0,50.0,1.0,17,1.39,0.48,0.3646204329949909,89747,0.7478916666666651,118,140,1.1864406779661016,bend90W2.5|qp50
2.5,50.0,50.0,1.0,29,1.39,0.48,0.4486719822645544,79389,0.6615749999999974,124,164,1.3225806451612905,bend90W2.5|qp50
3.0,50.0,50.0,1.0,11,1.39,0.48,0.4138732245071016,84906,0.5896249999999974,120,159,1.325,bend90W3.0|qp50
3.0,50.0,50.0,1.0,23,1.39,0.48,0.3206552599326329,103623,0.7196041666666666,95,139,1.4631578947368422,bend90W3.0|qp50
2.5,50.0,50.0,2.0,0,1.39,0.48,1.1511771114042288,34882,0.2906833333333293,200,203,1.015,bend0W2.5|qp50
2.5,50.0,50.0,2.0,12,1.39,0.48,1.174905830640581,34353,0.2862749999999968,200,201,1.005,bend0W2.5|qp50
2.5,50.0,50.0,2.0,24,1.39,0.48,1.218284715891795,32910,0.2742499999999957,200,201,1.005,bend0W2.5|qp50
3.0,50.0,50.0,2.0,6,1.39,0.48,1.211180013316444,33042,0.2294583333333312,200,199,0.995,bend0W3.0|qp50
3.0,50.0,50.0,2.0,18,1.39,0.48,1.174377863940819,34044,0.2364166666666634,200,198,0.99,bend0W3.0|qp50
2.0,50.0,50.0,2.0,0,1.39,0.48,0.6590517128108472,53275,0.5549479166666702,98,145,1.479591836734694,bend30W2.0|qp50
2.0,50.0,50.0,2.0,12,1.39,0.48,0.4010293681399608,70791,0.7374062499999983,70,106,1.5142857142857142,bend30W2.0|qp50
2.0,50.0,50.0,2.0,24,1.39,0.48,0.7947692762768216,50710,0.5282291666666641,198,196,0.98989898989899,bend30W2.0|qp50
2.5,50.0,50.0,2.0,6,1.39,0.48,0.7745983622538537,51290,0.4274166666666725,200,191,0.955,bend30W2.5|qp50
2.5,50.0,50.0,2.0,18,1.39,0.48,0.7689643224308631,52526,0.4377166666666725,200,199,0.995,bend30W2.5|qp50
3.0,50.0,50.0,2.0,0,1.39,0.48,0.8488395840294064,47888,0.3325555555555614,198,205,1.0353535353535352,bend30W3.0|qp50
3.0,50.0,50.0,2.0,12,1.39,0.48,0.8547258581038305,46527,0.3231041666666719,200,198,0.99,bend30W3.0|qp50
3.0,50.0,50.0,2.0,24,1.39,0.48,0.8616493887952816,46302,0.321541666666673,200,197,0.985,bend30W3.0|qp50
2.0,50.0,50.0,2.0,6,1.39,0.48,0.7129214323501155,54819,0.571031249999999,200,187,0.935,bend45W2.0|qp50
2.0,50.0,50.0,2.0,18,1.39,0.48,0.7483209595583022,53608,0.5584166666666665,200,198,0.99,bend45W2.0|qp50
2.5,50.0,50.0,2.0,0,1.39,0.48,0.7394927934241254,52799,0.4399916666666746,200,195,0.975,bend45W2.5|qp50
2.5,50.0,50.0,2.0,12,1.39,0.48,0.7663791034794264,50841,0.4236750000000073,200,190,0.95,bend45W2.5|qp50
2.5,50.0,50.0,2.0,24,1.39,0.48,0.7522591839865215,52156,0.4346333333333446,200,193,0.965,bend45W2.5|qp50
3.0,50.0,50.0,2.0,6,1.39,0.48,0.8314208775213289,48090,0.3339583333333396,198,196,0.98989898989899,bend45W3.0|qp50
3.0,50.0,50.0,2.0,18,1.39,0.48,0.8961168988077608,43867,0.3046319444444517,200,202,1.01,bend45W3.0|qp50
2.0,50.0,50.0,2.0,0,1.39,0.48,0.9340273258095456,43329,0.4513437500000022,200,203,1.015,bend60W2.0|qp50
2.0,50.0,50.0,2.0,12,1.39,0.48,0.8348097059376525,47847,0.4984062499999984,198,191,0.9646464646464646,bend60W2.0|qp50
2.0,50.0,50.0,2.0,24,1.39,0.48,0.957193535295638,41889,0.4363437500000008,200,200,1.0,bend60W2.0|qp50
2.5,50.0,50.0,2.0,6,1.39,0.48,0.9348562367864894,42570,0.354750000000001,200,194,0.97,bend60W2.5|qp50
2.5,50.0,50.0,2.0,18,1.39,0.48,0.9365874699806664,42889,0.3574083333333384,198,204,1.0303030303030305,bend60W2.5|qp50
3.0,50.0,50.0,2.0,0,1.39,0.48,0.9516961588260612,41706,0.2896250000000002,198,202,1.02020202020202,bend60W3.0|qp50
3.0,50.0,50.0,2.0,12,1.39,0.48,0.943987577345162,42181,0.2929236111111106,198,200,1.0101010101010102,bend60W3.0|qp50
3.0,50.0,50.0,2.0,24,1.39,0.48,0.9638735838391684,40691,0.2825763888888855,198,199,1.005050505050505,bend60W3.0|qp50
3.0,50.0,50.0,2.0,6,1.39,0.48,0.7951110471333614,48628,0.3376944444444513,200,192,0.96,bend75W3.0|qp50
3.0,50.0,50.0,2.0,18,1.39,0.48,0.7572738043521327,50642,0.3516805555555578,200,197,0.985,bend75W3.0|qp50
2.5,50.0,50.0,2.0,1,1.39,0.48,1.1466432272390177,35126,0.2927166666666624,200,200,1.0,bend0W2.5|qp50
2.5,50.0,50.0,2.0,13,1.39,0.48,1.178041471962706,34240,0.2853333333333285,200,199,0.995,bend0W2.5|qp50
2.5,50.0,50.0,2.0,25,1.39,0.48,1.1537158876365927,34958,0.2913166666666627,200,204,1.02,bend0W2.5|qp50
3.0,50.0,50.0,2.0,7,1.39,0.48,1.1673571720950306,34202,0.2375138888888861,200,201,1.005,bend0W3.0|qp50
3.0,50.0,50.0,2.0,19,1.39,0.48,1.2322530692825275,32418,0.2251249999999978,200,200,1.0,bend0W3.0|qp50
2.0,50.0,50.0,2.0,1,1.39,0.48,0.7563114707173251,52403,0.5458645833333344,200,193,0.965,bend30W2.0|qp50
2.0,50.0,50.0,2.0,13,1.39,0.48,0.732751150974909,54519,0.5679062499999997,200,192,0.96,bend30W2.0|qp50
2.0,50.0,50.0,2.0,25,1.39,0.48,0.7517247484159533,53660,0.5589583333333309,200,196,0.98,bend30W2.0|qp50
2.5,50.0,50.0,2.0,7,1.39,0.48,0.8721620272937609,46091,0.384091666666662,198,196,0.98989898989899,bend30W2.5|qp50
2.5,50.0,50.0,2.0,19,1.39,0.48,0.8406847687738424,47140,0.3928333333333362,200,194,0.97,bend30W2.5|qp50
3.0,50.0,50.0,2.0,1,1.39,0.48,0.852831759782979,47557,0.330256944444455,198,199,1.005050505050505,bend30W3.0|qp50
3.0,50.0,50.0,2.0,13,1.39,0.48,0.8124568609685249,49665,0.3448958333333373,200,196,0.98,bend30W3.0|qp50
3.0,50.0,50.0,2.0,25,1.39,0.48,0.8334743401910767,48461,0.3365347222222258,198,198,1.0,bend30W3.0|qp50
2.0,50.0,50.0,2.0,7,1.39,0.48,0.7982356628649984,49452,0.5151249999999998,200,191,0.955,bend45W2.0|qp50
2.0,50.0,50.0,2.0,19,1.39,0.48,0.9167723824328148,43103,0.4489895833333384,198,198,1.0,bend45W2.0|qp50
2.5,50.0,50.0,2.0,1,1.39,0.48,0.761931091755356,51779,0.4314916666666773,200,195,0.975,bend45W2.5|qp50
2.5,50.0,50.0,2.0,13,1.39,0.48,0.8778691543707061,45611,0.3800916666666644,200,196,0.98,bend45W2.5|qp50
2.5,50.0,50.0,2.0,25,1.39,0.48,0.7835014087814332,51108,0.4258999999999976,200,195,0.975,bend45W2.5|qp50
3.0,50.0,50.0,2.0,7,1.39,0.48,0.8950718848036912,44307,0.3076875000000074,200,196,0.98,bend45W3.0|qp50
3.0,50.0,50.0,2.0,19,1.39,0.48,0.8879006025461169,44146,0.3065694444444516,200,198,0.99,bend45W3.0|qp50
2.0,50.0,50.0,2.0,1,1.39,0.48,0.9231638523348992,42935,0.4472395833333359,200,198,0.99,bend60W2.0|qp50
2.0,50.0,50.0,2.0,13,1.39,0.48,0.8098924731182773,49197,0.5124687499999968,198,184,0.9292929292929292,bend60W2.0|qp50
2.0,50.0,50.0,2.0,25,1.39,0.48,0.8661541137589319,45992,0.4790833333333331,198,195,0.9848484848484848,bend60W2.0|qp50
2.5,50.0,50.0,2.0,7,1.39,0.48,0.7909445451397873,49103,0.4091916666666648,200,176,0.88,bend60W2.5|qp50
2.5,50.0,50.0,2.0,19,1.39,0.48,0.8508608724029295,45965,0.3830416666666695,200,197,0.985,bend60W2.5|qp50
3.0,50.0,50.0,2.0,1,1.39,0.48,0.961805881777224,40872,0.2838333333333341,198,201,1.0151515151515151,bend60W3.0|qp50
3.0,50.0,50.0,2.0,13,1.39,0.48,0.954803470039258,41037,0.2849791666666653,198,196,0.98989898989899,bend60W3.0|qp50
3.0,50.0,50.0,2.0,25,1.39,0.48,0.8759460174066334,45385,0.3151736111111118,200,202,1.01,bend60W3.0|qp50
3.0,50.0,50.0,2.0,7,1.39,0.48,0.7698515434605764,49240,0.3419444444444524,200,190,0.95,bend75W3.0|qp50
3.0,50.0,50.0,2.0,19,1.39,0.48,0.7668641038001464,49788,0.3457500000000053,200,197,0.985,bend75W3.0|qp50
2.5,50.0,50.0,2.0,2,1.39,0.48,1.1478732993198049,35280,0.2939999999999942,200,198,0.99,bend0W2.5|qp50
2.5,50.0,50.0,2.0,14,1.39,0.48,1.1699193758127575,34605,0.2883749999999976,200,201,1.005,bend0W2.5|qp50
2.5,50.0,50.0,2.0,26,1.39,0.48,1.1909617205066794,33804,0.2817000000000016,200,195,0.975,bend0W2.5|qp50
3.0,50.0,50.0,2.0,8,1.39,0.48,1.1578997002067437,34357,0.238590277777777,200,200,1.0,bend0W3.0|qp50
3.0,50.0,50.0,2.0,20,1.39,0.48,1.193051244075937,33760,0.2344444444444428,200,199,0.995,bend0W3.0|qp50
2.0,50.0,50.0,2.0,2,1.39,0.48,0.7513298684848021,53682,0.5591875000000011,200,194,0.97,bend30W2.0|qp50
2.0,50.0,50.0,2.0,14,1.39,0.48,0.7428177361936905,53653,0.5588854166666575,200,192,0.96,bend30W2.0|qp50
2.0,50.0,50.0,2.0,26,1.39,0.48,0.7436596614237672,53341,0.5556354166666676,198,190,0.9595959595959596,bend30W2.0|qp50
2.5,50.0,50.0,2.0,8,1.39,0.48,0.8524614604891291,47354,0.3946166666666615,200,197,0.985,bend30W2.5|qp50
2.5,50.0,50.0,2.0,20,1.39,0.48,0.7805742956844584,50723,0.4226916666666752,200,193,0.965,bend30W2.5|qp50
3.0,50.0,50.0,2.0,2,1.39,0.48,0.8761457854783674,45711,0.3174375000000086,198,197,0.9949494949494948,bend30W3.0|qp50
3.0,50.0,50.0,2.0,14,1.39,0.48,0.8126523290225341,49334,0.3425972222222247,200,197,0.985,bend30W3.0|qp50
3.0,50.0,50.0,2.0,26,1.39,0.48,0.9034228914033788,44366,0.3080972222222273,198,194,0.9797979797979798,bend30W3.0|qp50
2.0,50.0,50.0,2.0,8,1.39,0.48,0.7079332546411179,55914,0.5824375000000068,200,192,0.96,bend45W2.0|qp50
2.0,50.0,50.0,2.0,20,1.39,0.48,0.760543268772083,52405,0.5458854166666637,198,194,0.9797979797979798,bend45W2.0|qp50
2.5,50.0,50.0,2.0,2,1.39,0.48,0.7558992160827309,52429,0.436908333333341,200,193,0.965,bend45W2.5|qp50
2.5,50.0,50.0,2.0,14,1.39,0.48,0.7836172180998379,50807,0.4233916666666719,198,199,1.005050505050505,bend45W2.5|qp50
2.5,50.0,50.0,2.0,26,1.39,0.48,0.7654187787569535,51292,0.4274333333333383,200,191,0.955,bend45W2.5|qp50
3.0,50.0,50.0,2.0,8,1.39,0.48,0.7703432165319428,50085,0.347812500000005,200,192,0.96,bend45W3.0|qp50
3.0,50.0,50.0,2.0,20,1.39,0.48,0.8777450637777734,45784,0.3179444444444514,198,198,1.0,bend45W3.0|qp50
2.0,50.0,50.0,2.0,2,1.39,0.48,0.8881434208496064,45363,0.4725312500000031,198,196,0.98989898989899,bend60W2.0|qp50
2.0,50.0,50.0,2.0,14,1.39,0.48,0.8875269251480311,44568,0.4642499999999996,200,196,0.98,bend60W2.0|qp50
2.0,50.0,50.0,2.0,26,1.39,0.48,0.867639925172624,46507,0.484447916666667,200,192,0.96,bend60W2.0|qp50
2.5,50.0,50.0,2.0,8,1.39,0.48,0.8760579990759082,45449,0.3787416666666672,198,199,1.005050505050505,bend60W2.5|qp50
2.5,50.0,50.0,2.0,20,1.39,0.48,0.915424517541888,43838,0.3653166666666679,198,199,1.005050505050505,bend60W2.5|qp50
3.0,50.0,50.0,2.0,2,1.39,0.48,0.9476462601527575,41245,0.2864236111111135,198,200,1.0101010101010102,bend60W3.0|qp50
3.0,50.0,50.0,2.0,14,1.39,0.48,0.9592043783301482,41477,0.2880347222222243,200,201,1.005,bend60W3.0|qp50
3.0,50.0,50.0,2.0,26,1.39,0.48,0.9711043249417264,40278,0.2797083333333374,198,193,0.9747474747474748,bend60W3.0|qp50
3.0,50.0,50.0,2.0,8,1.39,0.48,0.7851731285052653,49212,0.3417500000000025,200,196,0.98,bend75W3.0|qp50
3.0,50.0,50.0,2.0,20,1.39,0.48,0.6463375738225714,60449,0.4197847222222171,200,186,0.93,bend75W3.0|qp50
2.5,50.0,50.0,2.0,3,1.39,0.48,1.2083764402304689,33328,0.2777333333333347,200,200,1.0,bend0W2.5|qp50
2.5,50.0,50.0,2.0,15,1.39,0.48,1.2114992897942918,33089,0.2757416666666671,200,200,1.0,bend0W2.5|qp50
2.5,50.0,50.0,2.0,27,1.39,0.48,1.2082195063504906,33384,0.2781999999999968,200,209,1.045,bend0W2.5|qp50
3.0,50.0,50.0,2.0,9,1.39,0.48,1.186810610551579,33740,0.2343055555555524,200,195,0.975,bend0W3.0|qp50
3.0,50.0,50.0,2.0,21,1.39,0.48,1.169834297508541,34399,0.238881944444444,200,196,0.98,bend0W3.0|qp50
2.0,50.0,50.0,2.0,3,1.39,0.48,0.8062912225266105,50003,0.5208645833333277,200,194,0.97,bend30W2.0|qp50
2.0,50.0,50.0,2.0,15,1.39,0.48,0.7341680700260703,54037,0.5628854166666667,198,193,0.9747474747474748,bend30W2.0|qp50
2.0,50.0,50.0,2.0,27,1.39,0.48,0.7398831819024617,53930,0.5617708333333356,198,197,0.9949494949494948,bend30W2.0|qp50
2.5,50.0,50.0,2.0,9,1.39,0.48,0.7708331574808167,52127,0.4343916666666741,200,197,0.985,bend30W2.5|qp50
2.5,50.0,50.0,2.0,21,1.39,0.48,0.799972257703968,50104,0.4175333333333346,200,193,0.965,bend30W2.5|qp50
3.0,50.0,50.0,2.0,3,1.39,0.48,0.8538367364140275,47457,0.3295625000000059,200,199,0.995,bend30W3.0|qp50
3.0,50.0,50.0,2.0,15,1.39,0.48,0.835220618641936,48364,0.3358611111111152,198,201,1.0151515151515151,bend30W3.0|qp50
3.0,50.0,50.0,2.0,27,1.39,0.48,0.810480957474699,49547,0.3440763888888898,198,199,1.005050505050505,bend30W3.0|qp50
2.0,50.0,50.0,2.0,9,1.39,0.48,0.7811299569051214,50586,0.5269374999999997,200,189,0.945,bend45W2.0|qp50
2.0,50.0,50.0,2.0,21,1.39,0.48,0.3138825365479947,94191,0.9811562499999984,86,127,1.4767441860465116,bend45W2.0|qp50
2.5,50.0,50.0,2.0,3,1.39,0.48,0.756781622408701,52194,0.4349500000000117,200,193,0.965,bend45W2.5|qp50
2.5,50.0,50.0,2.0,15,1.39,0.48,0.8226122811731345,48383,0.4031916666666635,200,197,0.985,bend45W2.5|qp50
2.5,50.0,50.0,2.0,27,1.39,0.48,0.7488363304912764,52661,0.4388416666666735,200,197,0.985,bend45W2.5|qp50
3.0,50.0,50.0,2.0,9,1.39,0.48,0.8244614548040963,47814,0.3320416666666747,200,196,0.98,bend45W3.0|qp50
3.0,50.0,50.0,2.0,21,1.39,0.48,0.8167452479338978,48400,0.3361111111111198,198,197,0.9949494949494948,bend45W3.0|qp50
2.0,50.0,50.0,2.0,3,1.39,0.48,0.887234744842549,46050,0.4796874999999973,198,197,0.9949494949494948,bend60W2.0|qp50
2.0,50.0,50.0,2.0,15,1.39,0.48,0.8430994189117655,47325,0.4929687500000008,198,197,0.9949494949494948,bend60W2.0|qp50
2.0,50.0,50.0,2.0,27,1.39,0.48,0.3374649469137496,86369,0.8996770833333312,89,134,1.5056179775280898,bend60W2.0|qp50
2.5,50.0,50.0,2.0,9,1.39,0.48,0.8197984211720224,48517,0.4043083333333326,200,193,0.965,bend60W2.5|qp50
2.5,50.0,50.0,2.0,21,1.39,0.48,0.912814182504264,43462,0.3621833333333316,198,197,0.9949494949494948,bend60W2.5|qp50
3.0,50.0,50.0,2.0,3,1.39,0.48,0.9360800698722896,42363,0.2941874999999982,200,200,1.0,bend60W3.0|qp50
3.0,50.0,50.0,2.0,15,1.39,0.48,0.9993489418725616,39551,0.2746597222222233,198,200,1.0101010101010102,bend60W3.0|qp50
3.0,50.0,50.0,2.0,27,1.39,0.48,0.9487562391039948,41873,0.2907847222222212,200,208,1.04,bend60W3.0|qp50
3.0,50.0,50.0,2.0,9,1.39,0.48,0.7718716683905787,50276,0.3491388888888964,200,195,0.975,bend75W3.0|qp50
3.0,50.0,50.0,2.0,21,1.39,0.48,0.7621855386128885,50825,0.3529513888888904,198,194,0.9797979797979798,bend75W3.0|qp50
2.5,50.0,50.0,2.0,4,1.39,0.48,1.178138313393524,34270,0.2855833333333307,200,196,0.98,bend0W2.5|qp50
2.5,50.0,50.0,2.0,16,1.39,0.48,1.1999668745710237,33509,0.2792416666666623,200,197,0.985,bend0W2.5|qp50
2.5,50.0,50.0,2.0,28,1.39,0.48,1.1595236321970763,34910,0.2909166666666677,200,197,0.985,bend0W2.5|qp50
3.0,50.0,50.0,2.0,10,1.39,0.48,1.212197403531793,33353,0.2316180555555554,200,201,1.005,bend0W3.0|qp50
3.0,50.0,50.0,2.0,22,1.39,0.48,1.2022169583585316,33140,0.2301388888888872,200,198,0.99,bend0W3.0|qp50
2.0,50.0,50.0,2.0,4,1.39,0.48,0.8031412329509591,49783,0.5185729166666643,198,194,0.9797979797979798,bend30W2.0|qp50
2.0,50.0,50.0,2.0,16,1.39,0.48,0.7175855826201304,54684,0.5696250000000074,200,186,0.93,bend30W2.0|qp50
2.0,50.0,50.0,2.0,28,1.39,0.48,0.7420324964158733,54406,0.5667291666666717,200,196,0.98,bend30W2.0|qp50
2.5,50.0,50.0,2.0,10,1.39,0.48,0.7657794764882653,51804,0.4317000000000093,200,194,0.97,bend30W2.5|qp50
2.5,50.0,50.0,2.0,22,1.39,0.48,0.8625067904270933,46757,0.38964166666666,198,197,0.9949494949494948,bend30W2.5|qp50
3.0,50.0,50.0,2.0,4,1.39,0.48,0.8350478115039259,48001,0.3333402777777848,198,197,0.9949494949494948,bend30W3.0|qp50
3.0,50.0,50.0,2.0,16,1.39,0.48,0.8391577686228125,47576,0.330388888888898,200,196,0.98,bend30W3.0|qp50
3.0,50.0,50.0,2.0,28,1.39,0.48,0.8117402874942341,49601,0.3444513888888972,200,198,0.99,bend30W3.0|qp50
2.0,50.0,50.0,2.0,10,1.39,0.48,0.6653891543102476,52537,0.5472604166666677,121,158,1.3057851239669422,bend45W2.0|qp50
2.0,50.0,50.0,2.0,22,1.39,0.48,0.7601395401819011,52673,0.5486770833333329,200,195,0.975,bend45W2.0|qp50
2.5,50.0,50.0,2.0,4,1.39,0.48,0.7209013934139435,54327,0.4527250000000064,200,190,0.95,bend45W2.5|qp50
2.5,50.0,50.0,2.0,16,1.39,0.48,0.7431254032717072,52694,0.4391166666666724,200,188,0.94,bend45W2.5|qp50
2.5,50.0,50.0,2.0,28,1.39,0.48,0.9411031485506,43258,0.3604833333333344,198,200,1.0101010101010102,bend45W2.5|qp50
3.0,50.0,50.0,2.0,10,1.39,0.48,0.9587675503250306,41381,0.2873680555555575,198,197,0.9949494949494948,bend45W3.0|qp50
3.0,50.0,50.0,2.0,22,1.39,0.48,0.821570307960508,48188,0.3346388888888978,200,196,0.98,bend45W3.0|qp50
2.0,50.0,50.0,2.0,4,1.39,0.48,0.8320211561063607,46795,0.4874479166666661,200,178,0.89,bend60W2.0|qp50
2.0,50.0,50.0,2.0,16,1.39,0.48,0.5468905934058148,59841,0.6233437499999996,116,149,1.2844827586206895,bend60W2.0|qp50
2.0,50.0,50.0,2.0,28,1.39,0.48,0.8682821366099582,46878,0.4883125000000013,198,199,1.005050505050505,bend60W2.0|qp50
2.5,50.0,50.0,2.0,10,1.39,0.48,0.9019260135738338,44792,0.3732666666666707,200,197,0.985,bend60W2.5|qp50
2.5,50.0,50.0,2.0,22,1.39,0.48,0.9562330101758824,41569,0.3464083333333372,198,196,0.98989898989899,bend60W2.5|qp50
3.0,50.0,50.0,2.0,4,1.39,0.48,0.8786207281412338,44799,0.311104166666669,198,195,0.9848484848484848,bend60W3.0|qp50
3.0,50.0,50.0,2.0,16,1.39,0.48,0.9590956330811844,40990,0.2846527777777745,200,197,0.985,bend60W3.0|qp50
3.0,50.0,50.0,2.0,28,1.39,0.48,0.9482976235923378,41912,0.2910555555555537,198,198,1.0,bend60W3.0|qp50
3.0,50.0,50.0,2.0,10,1.39,0.48,0.75438321239459,50990,0.3540972222222244,200,194,0.97,bend75W3.0|qp50
3.0,50.0,50.0,2.0,22,1.39,0.48,0.7249062594496093,52912,0.3674444444444448,200,190,0.95,bend75W3.0|qp50
2.5,50.0,50.0,2.0,5,1.39,0.48,1.1707970313004474,34089,0.2840749999999965,200,198,0.99,bend0W2.5|qp50
2.5,50.0,50.0,2.0,17,1.39,0.48,1.1755006010143478,34109,0.2842416666666649,200,199,0.995,bend0W2.5|qp50
2.5,50.0,50.0,2.0,29,1.39,0.48,1.1742724149070558,34051,0.2837583333333334,200,197,0.985,bend0W2.5|qp50
3.0,50.0,50.0,2.0,11,1.39,0.48,1.1835220254647096,34165,0.2372569444444441,200,203,1.015,bend0W3.0|qp50
3.0,50.0,50.0,2.0,23,1.39,0.48,1.1626302978236829,34920,0.2425000000000008,200,201,1.005,bend0W3.0|qp50
2.0,50.0,50.0,2.0,5,1.39,0.48,0.745875856310579,52697,0.5489270833333367,198,191,0.9646464646464646,bend30W2.0|qp50
2.0,50.0,50.0,2.0,17,1.39,0.48,0.8461119114729944,47895,0.4989062500000044,198,197,0.9949494949494948,bend30W2.0|qp50
2.0,50.0,50.0,2.0,29,1.39,0.48,0.7045110331881521,56466,0.5881875000000011,198,193,0.9747474747474748,bend30W2.0|qp50
2.5,50.0,50.0,2.0,11,1.39,0.48,0.7940686971636378,50628,0.4219000000000016,198,198,1.0,bend30W2.5|qp50
2.5,50.0,50.0,2.0,23,1.39,0.48,0.7897738816654183,50991,0.4249250000000071,200,197,0.985,bend30W2.5|qp50
3.0,50.0,50.0,2.0,5,1.39,0.48,0.8826577113110967,45336,0.3148333333333389,200,197,0.985,bend30W3.0|qp50
3.0,50.0,50.0,2.0,17,1.39,0.48,0.8169113741636476,48575,0.3373263888888961,200,195,0.975,bend30W3.0|qp50
3.0,50.0,50.0,2.0,29,1.39,0.48,0.8383705106329579,48058,0.3337361111111193,198,202,1.02020202020202,bend30W3.0|qp50
2.0,50.0,50.0,2.0,11,1.39,0.48,0.2007705272174635,107394,1.118687500000005,16,52,3.25,bend45W2.0|qp50
2.0,50.0,50.0,2.0,23,1.39,0.48,0.8359135514990641,48098,0.5010208333333291,198,199,1.005050505050505,bend45W2.0|qp50
2.5,50.0,50.0,2.0,5,1.39,0.48,0.7570158868088236,52937,0.4411416666666693,200,191,0.955,bend45W2.5|qp50
2.5,50.0,50.0,2.0,17,1.39,0.48,0.7492156937579489,52403,0.4366916666666764,200,190,0.95,bend45W2.5|qp50
2.5,50.0,50.0,2.0,29,1.39,0.48,0.7703860914060047,51594,0.429950000000005,200,198,0.99,bend45W2.5|qp50
3.0,50.0,50.0,2.0,11,1.39,0.48,0.9209515832951082,43580,0.30263888888889,198,202,1.02020202020202,bend45W3.0|qp50
3.0,50.0,50.0,2.0,23,1.39,0.48,0.8010839273489216,49662,0.3448750000000098,200,200,1.0,bend45W3.0|qp50
2.0,50.0,50.0,2.0,5,1.39,0.48,0.9059545211715868,43053,0.448468749999995,200,197,0.985,bend60W2.0|qp50
2.0,50.0,50.0,2.0,17,1.39,0.48,0.825946529840685,48139,0.5014479166666655,198,198,1.0,bend60W2.0|qp50
2.0,50.0,50.0,2.0,29,1.39,0.48,0.8602231151527547,47285,0.492552083333336,200,201,1.005,bend60W2.0|qp50
2.5,50.0,50.0,2.0,11,1.39,0.48,0.9453729337138091,42407,0.3533916666666696,198,199,1.005050505050505,bend60W2.5|qp50
2.5,50.0,50.0,2.0,23,1.39,0.48,0.7909558318113336,50919,0.424324999999993,198,201,1.0151515151515151,bend60W2.5|qp50
3.0,50.0,50.0,2.0,5,1.39,0.48,0.9778026302680092,40148,0.2788055555555526,198,196,0.98989898989899,bend60W3.0|qp50
3.0,50.0,50.0,2.0,17,1.39,0.48,0.9348987594467176,42078,0.2922083333333358,198,196,0.98989898989899,bend60W3.0|qp50
3.0,50.0,50.0,2.0,29,1.39,0.48,0.9687177346071594,40717,0.2827569444444457,198,197,0.9949494949494948,bend60W3.0|qp50
3.0,50.0,50.0,2.0,11,1.39,0.48,0.7628758717419701,51334,0.3564861111111146,198,198,1.0,bend75W3.0|qp50
3.0,50.0,50.0,2.0,23,1.39,0.48,0.765901537866337,51695,0.3589930555555644,198,198,1.0,bend75W3.0|qp50
2.5,50.0,50.0,2.0,6,1.39,0.48,1.1977702905062273,33390,0.2782499999999981,200,201,1.005,bend0W2.5|qp50
2.5,50.0,50.0,2.0,18,1.39,0.48,1.161096369733262,34295,0.2857916666666646,200,201,1.005,bend0W2.5|qp50
3.0,50.0,50.0,2.0,0,1.39,0.48,1.1861619150869367,34129,0.2370069444444441,200,201,1.005,bend0W3.0|qp50
3.0,50.0,50.0,2.0,12,1.39,0.48,1.1912137140830583,33863,0.2351597222222221,200,199,0.995,bend0W3.0|qp50
3.0,50.0,50.0,2.0,24,1.39,0.48,1.227389188196387,32668,0.226861111111109,200,204,1.02,bend0W3.0|qp50
2.0,50.0,50.0,2.0,6,1.39,0.48,0.770842704162769,52201,0.5437604166666643,198,190,0.9595959595959596,bend30W2.0|qp50
2.0,50.0,50.0,2.0,18,1.39,0.48,0.256480565147696,94984,0.9894166666666592,49,93,1.8979591836734693,bend30W2.0|qp50
2.5,50.0,50.0,2.0,0,1.39,0.48,0.8000198692602803,50329,0.4194083333333345,200,199,0.995,bend30W2.5|qp50
2.5,50.0,50.0,2.0,12,1.39,0.48,0.8251863436572977,48915,0.4076249999999988,200,196,0.98,bend30W2.5|qp50
2.5,50.0,50.0,2.0,24,1.39,0.48,0.8330984050805397,48341,0.4028416666666586,198,199,1.005050505050505,bend30W2.5|qp50
3.0,50.0,50.0,2.0,6,1.39,0.48,0.8131279533974084,49096,0.3409444444444441,200,195,0.975,bend30W3.0|qp50
3.0,50.0,50.0,2.0,18,1.39,0.48,0.855360556589408,47288,0.3283888888888926,198,204,1.0303030303030305,bend30W3.0|qp50
2.0,50.0,50.0,2.0,0,1.39,0.48,0.7262597235022829,54250,0.5651041666666611,200,198,0.99,bend45W2.0|qp50
2.0,50.0,50.0,2.0,12,1.39,0.48,0.7571683915272076,51695,0.5384895833333292,198,191,0.9646464646464646,bend45W2.0|qp50
2.0,50.0,50.0,2.0,24,1.39,0.48,0.7583620904268038,52219,0.5439479166666663,200,193,0.965,bend45W2.0|qp50
2.5,50.0,50.0,2.0,6,1.39,0.48,0.7820671488005102,51438,0.4286500000000043,200,196,0.98,bend45W2.5|qp50
2.5,50.0,50.0,2.0,18,1.39,0.48,0.8357004648032683,47547,0.396225000000002,200,201,1.005,bend45W2.5|qp50
3.0,50.0,50.0,2.0,0,1.39,0.48,0.7716616064035159,50722,0.3522361111111123,200,198,0.99,bend45W3.0|qp50
3.0,50.0,50.0,2.0,12,1.39,0.48,0.7909081803687291,48922,0.339736111111115,200,192,0.96,bend45W3.0|qp50
3.0,50.0,50.0,2.0,24,1.39,0.48,0.8051795487375467,49151,0.3413263888888908,198,197,0.9949494949494948,bend45W3.0|qp50
2.0,50.0,50.0,2.0,6,1.39,0.48,0.8878472953888489,44609,0.4646770833333351,198,192,0.9696969696969696,bend60W2.0|qp50
2.0,50.0,50.0,2.0,18,1.39,0.48,0.0843610714994705,156379,1.6289479166666738,2,33,16.5,bend60W2.0|qp50
2.5,50.0,50.0,2.0,0,1.39,0.48,0.8373131598636816,48116,0.400966666666665,200,203,1.015,bend60W2.5|qp50
2.5,50.0,50.0,2.0,12,1.39,0.48,0.9491242280284284,42100,0.3508333333333404,198,200,1.0101010101010102,bend60W2.5|qp50
2.5,50.0,50.0,2.0,24,1.39,0.48,0.9306110523167076,43466,0.3622166666666656,198,204,1.0303030303030305,bend60W2.5|qp50
3.0,50.0,50.0,2.0,6,1.39,0.48,0.9532725235648144,41057,0.2851180555555529,198,198,1.0,bend60W3.0|qp50
3.0,50.0,50.0,2.0,18,1.39,0.48,0.9732367447595812,40550,0.2815972222222228,198,205,1.0353535353535352,bend60W3.0|qp50
3.0,50.0,50.0,2.0,0,1.39,0.48,0.6914111479426384,55508,0.3854722222222114,200,193,0.965,bend75W3.0|qp50
3.0,50.0,50.0,2.0,12,1.39,0.48,0.7558261888486788,51205,0.3555902777777836,198,194,0.9797979797979798,bend75W3.0|qp50
3.0,50.0,50.0,2.0,24,1.39,0.48,0.7678685484500494,51228,0.3557500000000009,200,198,0.99,bend75W3.0|qp50
2.5,50.0,50.0,2.0,7,1.39,0.48,1.1527211061076532,34644,0.2886999999999965,200,200,1.0,bend0W2.5|qp50
2.5,50.0,50.0,2.0,19,1.39,0.48,1.2218197912214614,32762,0.2730166666666638,200,202,1.01,bend0W2.5|qp50
3.0,50.0,50.0,2.0,1,1.39,0.48,1.185731843904679,33928,0.2356111111111102,200,200,1.0,bend0W3.0|qp50
3.0,50.0,50.0,2.0,13,1.39,0.48,1.1776178935381698,34247,0.2378263888888862,200,198,0.99,bend0W3.0|qp50
3.0,50.0,50.0,2.0,25,1.39,0.48,1.1476484412605046,35317,0.2452569444444466,200,204,1.02,bend0W3.0|qp50
2.0,50.0,50.0,2.0,7,1.39,0.48,0.781191695610341,50961,0.5308437499999953,200,191,0.955,bend30W2.0|qp50
2.0,50.0,50.0,2.0,19,1.39,0.48,0.7272513622715815,53954,0.5620208333333359,200,182,0.91,bend30W2.0|qp50
2.5,50.0,50.0,2.0,1,1.39,0.48,0.8048340162717541,50517,0.4209749999999967,200,201,1.005,bend30W2.5|qp50
2.5,50.0,50.0,2.0,13,1.39,0.48,0.7543162401294007,52555,0.437958333333342,198,192,0.9696969696969696,bend30W2.5|qp50
2.5,50.0,50.0,2.0,25,1.39,0.48,0.7792985824267693,51567,0.4297250000000048,200,196,0.98,bend30W2.5|qp50
3.0,50.0,50.0,2.0,7,1.39,0.48,0.8668035056355644,45869,0.3185347222222336,200,196,0.98,bend30W3.0|qp50
3.0,50.0,50.0,2.0,19,1.39,0.48,0.8190122530633318,47988,0.3332500000000041,200,196,0.98,bend30W3.0|qp50
2.0,50.0,50.0,2.0,1,1.39,0.48,0.7237289857750075,54130,0.563854166666667,200,194,0.97,bend45W2.0|qp50
2.0,50.0,50.0,2.0,13,1.39,0.48,0.8877137664499042,45669,0.4757187499999947,200,197,0.985,bend45W2.0|qp50
2.0,50.0,50.0,2.0,25,1.39,0.48,0.7407573746872357,52748,0.5494583333333365,200,193,0.965,bend45W2.0|qp50
2.5,50.0,50.0,2.0,7,1.39,0.48,0.8373705025974527,46777,0.3898083333333315,200,192,0.96,bend45W2.5|qp50
2.5,50.0,50.0,2.0,19,1.39,0.48,0.8151206645898745,48150,0.4012500000000009,200,195,0.975,bend45W2.5|qp50
3.0,50.0,50.0,2.0,1,1.39,0.48,0.7397625517719603,53359,0.370548611111108,200,193,0.965,bend45W3.0|qp50
3.0,50.0,50.0,2.0,13,1.39,0.48,0.7755828317091847,51001,0.354173611111116,200,194,0.97,bend45W3.0|qp50
3.0,50.0,50.0,2.0,25,1.39,0.48,0.8134126142298019,49024,0.3404444444444584,200,201,1.005,bend45W3.0|qp50
2.0,50.0,50.0,2.0,7,1.39,0.48,0.7703440692808702,51385,0.5352604166666683,200,191,0.955,bend60W2.0|qp50
2.0,50.0,50.0,2.0,19,1.39,0.48,0.3454841041410817,76089,0.7925937499999989,62,104,1.6774193548387095,bend60W2.0|qp50
2.5,50.0,50.0,2.0,1,1.39,0.48,0.9579177310382718,41887,0.3490583333333375,198,205,1.0353535353535352,bend60W2.5|qp50
2.5,50.0,50.0,2.0,13,1.39,0.48,0.8828184022602462,44951,0.3745916666666682,198,196,0.98989898989899,bend60W2.5|qp50
2.5,50.0,50.0,2.0,25,1.39,0.48,0.866699249432742,45832,0.3819333333333276,200,198,0.99,bend60W2.5|qp50
3.0,50.0,50.0,2.0,7,1.39,0.48,0.9397794765544416,41991,0.2916041666666643,198,197,0.9949494949494948,bend60W3.0|qp50
3.0,50.0,50.0,2.0,19,1.39,0.48,0.95707575240236,41002,0.2847361111111142,200,201,1.005,bend60W3.0|qp50
3.0,50.0,50.0,2.0,1,1.39,0.48,0.7227782561697615,54581,0.3790347222222215,198,192,0.9696969696969696,bend75W3.0|qp50
3.0,50.0,50.0,2.0,13,1.39,0.48,0.6483754446010558,59604,0.4139166666666704,200,189,0.945,bend75W3.0|qp50
3.0,50.0,50.0,2.0,25,1.39,0.48,0.7069178695511997,55838,0.3877638888888852,198,197,0.9949494949494948,bend75W3.0|qp50
2.5,50.0,50.0,2.0,8,1.39,0.48,1.1468551349163632,34577,0.2881416666666653,200,199,0.995,bend0W2.5|qp50
2.5,50.0,50.0,2.0,20,1.39,0.48,1.1878274572178362,33951,0.282924999999998,200,197,0.985,bend0W2.5|qp50
3.0,50.0,50.0,2.0,2,1.39,0.48,1.1736946811637117,34030,0.2363194444444426,200,200,1.0,bend0W3.0|qp50
3.0,50.0,50.0,2.0,14,1.39,0.48,1.195968521208163,33737,0.2342847222222232,200,202,1.01,bend0W3.0|qp50
3.0,50.0,50.0,2.0,26,1.39,0.48,1.2028313253015277,33532,0.2328611111111073,200,194,0.97,bend0W3.0|qp50
2.0,50.0,50.0,2.0,8,1.39,0.48,0.7146502455989829,55782,0.5810625000000013,200,192,0.96,bend30W2.0|qp50
2.0,50.0,50.0,2.0,20,1.39,0.48,0.8134110570153155,49706,0.5177708333333313,200,198,0.99,bend30W2.0|qp50
2.5,50.0,50.0,2.0,2,1.39,0.48,0.7854807635365926,50659,0.4221583333333332,200,197,0.985,bend30W2.5|qp50
2.5,50.0,50.0,2.0,14,1.39,0.48,0.7295794965674909,54625,0.4552083333333427,200,191,0.955,bend30W2.5|qp50
2.5,50.0,50.0,2.0,26,1.39,0.48,0.8544852972467349,46998,0.3916499999999985,200,195,0.975,bend30W2.5|qp50
3.0,50.0,50.0,2.0,8,1.39,0.48,0.8468555739303653,47166,0.327541666666672,198,198,1.0,bend30W3.0|qp50
3.0,50.0,50.0,2.0,20,1.39,0.48,0.8535116927698349,46610,0.3236805555555624,200,196,0.98,bend30W3.0|qp50
2.0,50.0,50.0,2.0,2,1.39,0.48,0.7304631010064071,53660,0.5589583333333316,200,191,0.955,bend45W2.0|qp50
2.0,50.0,50.0,2.0,14,1.39,0.48,0.7217958377528207,54682,0.5696041666666627,200,190,0.95,bend45W2.0|qp50
2.0,50.0,50.0,2.0,26,1.39,0.48,0.7195603995042968,54868,0.5715416666666684,200,192,0.96,bend45W2.0|qp50
2.5,50.0,50.0,2.0,8,1.39,0.48,0.7235477910912107,54665,0.455541666666677,200,191,0.955,bend45W2.5|qp50
2.5,50.0,50.0,2.0,20,1.39,0.48,0.8576579369553184,46126,0.3843833333333281,200,198,0.99,bend45W2.5|qp50
3.0,50.0,50.0,2.0,2,1.39,0.48,0.7779290916587346,50939,0.3537430555555633,200,197,0.985,bend45W3.0|qp50
3.0,50.0,50.0,2.0,14,1.39,0.48,0.7959309059575036,49903,0.3465486111111177,200,200,1.0,bend45W3.0|qp50
3.0,50.0,50.0,2.0,26,1.39,0.48,0.7868583779907474,50197,0.3485902777777844,198,191,0.9646464646464646,bend45W3.0|qp50
2.0,50.0,50.0,2.0,8,1.39,0.48,0.8468814520223723,47272,0.4924166666666651,198,197,0.9949494949494948,bend60W2.0|qp50
2.0,50.0,50.0,2.0,20,1.39,0.48,0.9445879230570932,42577,0.4435104166666683,198,201,1.0151515151515151,bend60W2.0|qp50
2.5,50.0,50.0,2.0,2,1.39,0.48,0.8786681116468592,45214,0.3767833333333296,198,196,0.98989898989899,bend60W2.5|qp50
2.5,50.0,50.0,2.0,14,1.39,0.48,0.8509212998547777,46836,0.3903000000000021,198,194,0.9797979797979798,bend60W2.5|qp50
2.5,50.0,50.0,2.0,26,1.39,0.48,0.9107752777906508,43378,0.3614833333333364,198,192,0.9696969696969696,bend60W2.5|qp50
3.0,50.0,50.0,2.0,8,1.39,0.48,0.9055530963249714,43374,0.3012083333333352,198,201,1.0151515151515151,bend60W3.0|qp50
3.0,50.0,50.0,2.0,20,1.39,0.48,0.97782078459735,40097,0.2784513888888861,198,199,1.005050505050505,bend60W3.0|qp50
3.0,50.0,50.0,2.0,2,1.39,0.48,0.7411997451049455,51786,0.359625000000003,200,194,0.97,bend75W3.0|qp50
3.0,50.0,50.0,2.0,14,1.39,0.48,0.7485941603583703,51784,0.359611111111111,198,191,0.9646464646464646,bend75W3.0|qp50
3.0,50.0,50.0,2.0,26,1.39,0.48,0.7655136218426138,50397,0.3499791666666698,200,190,0.95,bend75W3.0|qp50
2.5,50.0,50.0,2.0,9,1.39,0.48,1.1738243750735575,34084,0.2840333333333296,200,193,0.965,bend0W2.5|qp50
2.5,50.0,50.0,2.0,21,1.39,0.48,1.141700791855137,35360,0.2946666666666608,200,198,0.99,bend0W2.5|qp50
3.0,50.0,50.0,2.0,3,1.39,0.48,1.205274655928852,33278,0.2310972222222215,200,200,1.0,bend0W3.0|qp50
3.0,50.0,50.0,2.0,15,1.39,0.48,1.212118733908902,33015,0.2292708333333309,200,199,0.995,bend0W3.0|qp50
3.0,50.0,50.0,2.0,27,1.39,0.48,1.2242183456633318,32847,0.2281041666666629,200,212,1.06,bend0W3.0|qp50
2.0,50.0,50.0,2.0,9,1.39,0.48,0.7156379214340733,55673,0.5799270833333302,200,193,0.965,bend30W2.0|qp50
2.0,50.0,50.0,2.0,21,1.39,0.48,0.7035854838709918,55800,0.5812499999999988,198,190,0.9595959595959596,bend30W2.0|qp50
2.5,50.0,50.0,2.0,3,1.39,0.48,0.8076329075731782,49715,0.4142916666666628,198,195,0.9848484848484848,bend30W2.5|qp50
2.5,50.0,50.0,2.0,15,1.39,0.48,0.7848573157401514,51232,0.4269333333333366,198,196,0.98989898989899,bend30W2.5|qp50
2.5,50.0,50.0,2.0,27,1.39,0.48,0.7485298506053156,52947,0.441225000000014,200,200,1.0,bend30W2.5|qp50
3.0,50.0,50.0,2.0,9,1.39,0.48,0.8213846844274612,49022,0.3404305555555641,200,196,0.98,bend30W3.0|qp50
3.0,50.0,50.0,2.0,21,1.39,0.48,0.802502253831522,49915,0.3466319444444555,200,198,0.99,bend30W3.0|qp50
2.0,50.0,50.0,2.0,3,1.39,0.48,0.7430779080989204,53884,0.5612916666666637,200,193,0.965,bend45W2.0|qp50
2.0,50.0,50.0,2.0,15,1.39,0.48,0.760287234257748,49437,0.5149687500000013,145,174,1.2,bend45W2.0|qp50
2.0,50.0,50.0,2.0,27,1.39,0.48,0.7371254528731036,53271,0.5549062499999988,198,197,0.9949494949494948,bend45W2.0|qp50
2.5,50.0,50.0,2.0,9,1.39,0.48,0.7333876971842259,54264,0.452200000000004,200,193,0.965,bend45W2.5|qp50
2.5,50.0,50.0,2.0,21,1.39,0.48,0.7589050485437748,51500,0.4291666666666758,200,190,0.95,bend45W2.5|qp50
3.0,50.0,50.0,2.0,3,1.39,0.48,0.7884972781112464,50149,0.3482569444444533,200,195,0.975,bend45W3.0|qp50
3.0,50.0,50.0,2.0,15,1.39,0.48,0.7504926013954039,52172,0.3623055555555581,198,197,0.9949494949494948,bend45W3.0|qp50
3.0,50.0,50.0,2.0,27,1.39,0.48,0.8470158077907172,47698,0.3312361111111158,200,205,1.025,bend45W3.0|qp50
2.0,50.0,50.0,2.0,9,1.39,0.48,0.0796551884474969,150546,1.56818749999999,0,15,1.0,bend60W2.0|qp50
2.0,50.0,50.0,2.0,21,1.39,0.48,0.8812753844475761,45845,0.4775520833333355,198,199,1.005050505050505,bend60W2.0|qp50
2.5,50.0,50.0,2.0,3,1.39,0.48,0.990313109131728,40529,0.3377416666666697,198,199,1.005050505050505,bend60W2.5|qp50
2.5,50.0,50.0,2.0,15,1.39,0.48,0.8982936750050753,44253,0.3687749999999952,198,199,1.005050505050505,bend60W2.5|qp50
2.5,50.0,50.0,2.0,27,1.39,0.48,0.8951525742707432,44634,0.3719500000000026,198,205,1.0353535353535352,bend60W2.5|qp50
3.0,50.0,50.0,2.0,9,1.39,0.48,0.9322862780525932,42064,0.2921111111111129,198,195,0.9848484848484848,bend60W3.0|qp50
3.0,50.0,50.0,2.0,21,1.39,0.48,0.945926422365286,41779,0.2901319444444432,200,199,0.995,bend60W3.0|qp50
3.0,50.0,50.0,2.0,3,1.39,0.48,0.7521966469427745,50700,0.3520833333333465,200,194,0.97,bend75W3.0|qp50
3.0,50.0,50.0,2.0,15,1.39,0.48,0.7405167214382186,51730,0.359236111111113,198,194,0.9797979797979798,bend75W3.0|qp50
3.0,50.0,50.0,2.0,27,1.39,0.48,0.7065374988746063,55535,0.3856597222222098,198,197,0.9949494949494948,bend75W3.0|qp50
2.5,50.0,50.0,2.0,10,1.39,0.48,1.1861232697070667,34315,0.2859583333333248,200,201,1.005,bend0W2.5|qp50
2.5,50.0,50.0,2.0,22,1.39,0.48,1.1935691078721946,33549,0.2795749999999944,200,196,0.98,bend0W2.5|qp50
3.0,50.0,50.0,2.0,4,1.39,0.48,1.1530163540713518,34976,0.2428888888888896,200,196,0.98,bend0W3.0|qp50
3.0,50.0,50.0,2.0,16,1.39,0.48,1.2057387284624386,33314,0.2313472222222226,200,197,0.985,bend0W3.0|qp50
3.0,50.0,50.0,2.0,28,1.39,0.48,1.1681416414250594,34665,0.2407291666666662,200,197,0.985,bend0W3.0|qp50
2.0,50.0,50.0,2.0,10,1.39,0.48,0.8255000202847983,49298,0.5135208333333307,198,196,0.98989898989899,bend30W2.0|qp50
2.0,50.0,50.0,2.0,22,1.39,0.48,0.7866578698597468,50776,0.5289166666666625,200,191,0.955,bend30W2.0|qp50
2.5,50.0,50.0,2.0,4,1.39,0.48,0.8379135467009399,48211,0.4017583333333248,200,197,0.985,bend30W2.5|qp50
2.5,50.0,50.0,2.0,16,1.39,0.48,0.8363635223281419,47832,0.3985999999999983,200,192,0.96,bend30W2.5|qp50
2.5,50.0,50.0,2.0,28,1.39,0.48,0.8091408811065868,50028,0.4169000000000021,198,197,0.9949494949494948,bend30W2.5|qp50
3.0,50.0,50.0,2.0,10,1.39,0.48,0.8494338111298686,47440,0.3294444444444532,200,197,0.985,bend30W3.0|qp50
3.0,50.0,50.0,2.0,22,1.39,0.48,0.866749784482762,46400,0.322222222222231,198,195,0.9848484848484848,bend30W3.0|qp50
2.0,50.0,50.0,2.0,4,1.39,0.48,0.4384350877191331,79800,0.8312500000000022,90,119,1.3222222222222222,bend45W2.0|qp50
2.0,50.0,50.0,2.0,16,1.39,0.48,0.8475907822716395,46953,0.4890937499999914,198,194,0.9797979797979798,bend45W2.0|qp50
2.0,50.0,50.0,2.0,28,1.39,0.48,0.7595346752810437,53554,0.557854166666668,198,199,1.005050505050505,bend45W2.0|qp50
2.5,50.0,50.0,2.0,10,1.39,0.48,0.8487159061942365,47076,0.3922999999999983,200,196,0.98,bend45W2.5|qp50
2.5,50.0,50.0,2.0,22,1.39,0.48,0.8992549359658901,44976,0.3748000000000016,198,199,1.005050505050505,bend45W2.5|qp50
3.0,50.0,50.0,2.0,4,1.39,0.48,0.8470887072745311,46986,0.3262916666666738,198,197,0.9949494949494948,bend45W3.0|qp50
3.0,50.0,50.0,2.0,16,1.39,0.48,0.8595606893051857,45321,0.3147291666666759,200,191,0.955,bend45W3.0|qp50
3.0,50.0,50.0,2.0,28,1.39,0.48,0.7599536593773017,52222,0.3626527777777802,200,199,0.995,bend45W3.0|qp50
2.0,50.0,50.0,2.0,10,1.39,0.48,0.9120395482788098,44098,0.4593541666666668,198,196,0.98989898989899,bend60W2.0|qp50
2.0,50.0,50.0,2.0,22,1.39,0.48,0.8157459385638218,49059,0.5110312499999987,196,196,1.0,bend60W2.0|qp50
2.5,50.0,50.0,2.0,4,1.39,0.48,0.9060988723088872,43895,0.3657916666666651,198,196,0.98989898989899,bend60W2.5|qp50
2.5,50.0,50.0,2.0,16,1.39,0.48,0.8834055679631684,45223,0.3768583333333289,198,192,0.9696969696969696,bend60W2.5|qp50
2.5,50.0,50.0,2.0,28,1.39,0.48,0.9215811579070076,43095,0.3591249999999967,198,198,1.0,bend60W2.5|qp50
3.0,50.0,50.0,2.0,10,1.39,0.48,0.9884089453721492,40602,0.2819583333333324,198,200,1.0101010101010102,bend60W3.0|qp50
3.0,50.0,50.0,2.0,22,1.39,0.48,0.9250020156031588,42171,0.2928541666666647,198,197,0.9949494949494948,bend60W3.0|qp50
3.0,50.0,50.0,2.0,4,1.39,0.48,0.7492950224311203,51491,0.3575763888888943,200,196,0.98,bend75W3.0|qp50
3.0,50.0,50.0,2.0,16,1.39,0.48,0.8121499483590846,47443,0.3294652777777877,200,193,0.965,bend75W3.0|qp50
3.0,50.0,50.0,2.0,28,1.39,0.48,0.7326982994857542,53278,0.3699861111111115,200,195,0.975,bend75W3.0|qp50
2.5,50.0,50.0,2.0,11,1.39,0.48,1.1836186520010548,34184,0.2848666666666624,200,206,1.03,bend0W2.5|qp50
2.5,50.0,50.0,2.0,23,1.39,0.48,1.164430843846553,34639,0.2886583333333296,200,203,1.015,bend0W2.5|qp50
3.0,50.0,50.0,2.0,5,1.39,0.48,1.1799905263781552,33778,0.2345694444444413,200,196,0.98,bend0W3.0|qp50
3.0,50.0,50.0,2.0,17,1.39,0.48,1.198976342538523,33351,0.2316041666666661,200,198,0.99,bend0W3.0|qp50
3.0,50.0,50.0,2.0,29,1.39,0.48,1.18317702227428,34120,0.2369444444444433,200,199,0.995,bend0W3.0|qp50
2.0,50.0,50.0,2.0,11,1.39,0.48,0.784715188646306,51578,0.5372708333333367,200,195,0.975,bend30W2.0|qp50
2.0,50.0,50.0,2.0,23,1.39,0.48,0.7380185855749141,54128,0.5638333333333321,198,191,0.9646464646464646,bend30W2.0|qp50
2.5,50.0,50.0,2.0,5,1.39,0.48,0.859586922811846,46432,0.3869333333333328,200,194,0.97,bend30W2.5|qp50
2.5,50.0,50.0,2.0,17,1.39,0.48,0.7852331240188064,50960,0.4246666666666727,200,193,0.965,bend30W2.5|qp50
2.5,50.0,50.0,2.0,29,1.39,0.48,0.7726201761624412,52111,0.4342583333333406,200,196,0.98,bend30W2.5|qp50
3.0,50.0,50.0,2.0,11,1.39,0.48,0.8612009040897391,46898,0.3256805555555628,198,198,1.0,bend30W3.0|qp50
3.0,50.0,50.0,2.0,23,1.39,0.48,0.8554810171694937,47701,0.3312569444444461,198,200,1.0101010101010102,bend30W3.0|qp50
2.0,50.0,50.0,2.0,5,1.39,0.48,0.7136772024958374,53848,0.5609166666666685,200,183,0.915,bend45W2.0|qp50
2.0,50.0,50.0,2.0,17,1.39,0.48,0.7266031341503084,36884,0.3842083333333285,22,57,2.590909090909091,bend45W2.0|qp50
2.0,50.0,50.0,2.0,29,1.39,0.48,0.7148556806184572,55883,0.5821145833333318,200,193,0.965,bend45W2.0|qp50
2.5,50.0,50.0,2.0,11,1.39,0.48,0.7912917661098096,50280,0.4190000000000058,200,197,0.985,bend45W2.5|qp50
2.5,50.0,50.0,2.0,23,1.39,0.48,0.8420793162969454,47506,0.395883333333333,200,200,1.0,bend45W2.5|qp50
3.0,50.0,50.0,2.0,5,1.39,0.48,0.8895173386464972,44669,0.3102013888888853,198,199,1.005050505050505,bend45W3.0|qp50
3.0,50.0,50.0,2.0,17,1.39,0.48,0.7643542378143348,51536,0.3578888888888858,198,191,0.9646464646464646,bend45W3.0|qp50
3.0,50.0,50.0,2.0,29,1.39,0.48,0.7984576562026691,49535,0.3439930555555583,200,201,1.005,bend45W3.0|qp50
2.0,50.0,50.0,2.0,11,1.39,0.48,0.9080716553498416,43151,0.4494895833333343,200,191,0.955,bend60W2.0|qp50
2.0,50.0,50.0,2.0,23,1.39,0.48,0.0588134563622119,190958,1.9891458333332956,0,20,1.0,bend60W2.0|qp50
2.5,50.0,50.0,2.0,5,1.39,0.48,0.898139371080606,44012,0.3667666666666692,198,195,0.9848484848484848,bend60W2.5|qp50
2.5,50.0,50.0,2.0,17,1.39,0.48,0.9193091982886588,43008,0.3583999999999994,198,198,1.0,bend60W2.5|qp50
2.5,50.0,50.0,2.0,29,1.39,0.48,0.9488004553431518,42166,0.351383333333339,198,197,0.9949494949494948,bend60W2.5|qp50
3.0,50.0,50.0,2.0,11,1.39,0.48,0.9448766594482912,42484,0.2950277777777789,198,201,1.0151515151515151,bend60W3.0|qp50
3.0,50.0,50.0,2.0,23,1.39,0.48,0.9451405143852004,41953,0.2913402777777765,198,201,1.0151515151515151,bend60W3.0|qp50
3.0,50.0,50.0,2.0,5,1.39,0.48,0.7161164206676852,53049,0.3683958333333281,200,188,0.94,bend75W3.0|qp50
3.0,50.0,50.0,2.0,17,1.39,0.48,0.7169662334756122,53633,0.372451388888883,200,190,0.95,bend75W3.0|qp50
3.0,50.0,50.0,2.0,29,1.39,0.48,0.7376860436687591,53173,0.3692569444444407,198,196,0.98989898989899,bend75W3.0|qp50
2.5,50.0,50.0,3.0,0,1.39,0.48,1.1750144826787732,34524,0.287699999999997,200,204,1.02,bend0W2.5|qp50
2.5,50.0,50.0,3.0,12,1.39,0.48,1.2042618401025538,33509,0.2792416666666631,200,202,1.01,bend0W2.5|qp50
2.5,50.0,50.0,3.0,24,1.39,0.48,1.2042242001442762,33256,0.2771333333333303,200,201,1.005,bend0W2.5|qp50
3.0,50.0,50.0,3.0,6,1.39,0.48,1.204273168965284,33137,0.2301180555555535,200,200,1.0,bend0W3.0|qp50
3.0,50.0,50.0,3.0,18,1.39,0.48,1.189997313913927,33506,0.2326805555555537,200,199,0.995,bend0W3.0|qp50
2.5,50.0,50.0,3.0,0,1.39,0.48,0.7906416961699695,49712,0.414266666666663,200,200,1.0,bend60W2.5|qp50
2.5,50.0,50.0,3.0,12,1.39,0.48,0.8066220217114926,49651,0.4137583333333313,200,197,0.985,bend60W2.5|qp50
2.5,50.0,50.0,3.0,24,1.39,0.48,0.8387861577909728,47189,0.3932416666666637,198,195,0.9848484848484848,bend60W2.5|qp50
3.0,50.0,50.0,3.0,6,1.39,0.48,0.8354346047873328,46456,0.3226111111111164,198,193,0.9747474747474748,bend60W3.0|qp50
3.0,50.0,50.0,3.0,18,1.39,0.48,0.8932049518569554,44347,0.3079652777777766,200,204,1.02,bend60W3.0|qp50
2.5,50.0,50.0,3.0,1,1.39,0.48,1.1364578613501215,35312,0.2942666666666644,200,200,1.0,bend0W2.5|qp50
2.5,50.0,50.0,3.0,13,1.39,0.48,1.1670637768390155,34558,0.2879833333333316,200,196,0.98,bend0W2.5|qp50
2.5,50.0,50.0,3.0,25,1.39,0.48,1.145417933778564,35185,0.2932083333333266,200,204,1.02,bend0W2.5|qp50
3.0,50.0,50.0,3.0,7,1.39,0.48,1.160510091636526,34484,0.2394722222222225,200,197,0.985,bend0W3.0|qp50
3.0,50.0,50.0,3.0,19,1.39,0.48,1.225159108378136,32525,0.2258680555555527,200,201,1.005,bend0W3.0|qp50
2.5,50.0,50.0,3.0,1,1.39,0.48,0.844262044028479,47015,0.3917916666666622,198,201,1.0151515151515151,bend60W2.5|qp50
2.5,50.0,50.0,3.0,13,1.39,0.48,0.8517574230543873,46039,0.3836583333333329,198,191,0.9646464646464646,bend60W2.5|qp50
2.5,50.0,50.0,3.0,25,1.39,0.48,0.7936603660366215,49995,0.4166250000000019,198,194,0.9797979797979798,bend60W2.5|qp50
3.0,50.0,50.0,3.0,7,1.39,0.48,0.8462153337199562,46551,0.3232708333333412,200,194,0.97,bend60W3.0|qp50
3.0,50.0,50.0,3.0,19,1.39,0.48,0.9105741592920602,42375,0.2942708333333389,200,198,0.99,bend60W3.0|qp50
2.5,50.0,50.0,3.0,2,1.39,0.48,1.1421796349933988,35561,0.2963416666666625,200,201,1.005,bend0W2.5|qp50
2.5,50.0,50.0,3.0,14,1.39,0.48,1.1889356253494987,33973,0.2831083333333321,200,200,1.0,bend0W2.5|qp50
2.5,50.0,50.0,3.0,26,1.39,0.48,1.1496970641579347,35288,0.2940666666666675,200,194,0.97,bend0W2.5|qp50
3.0,50.0,50.0,3.0,8,1.39,0.48,1.171872514689319,33698,0.2340138888888885,200,199,0.995,bend0W3.0|qp50
3.0,50.0,50.0,3.0,20,1.39,0.48,1.191888277412915,33798,0.2347083333333315,200,204,1.02,bend0W3.0|qp50
2.5,50.0,50.0,3.0,2,1.39,0.48,0.7948452351937729,49236,0.4102999999999949,199,195,0.9798994974874372,bend60W2.5|qp50
2.5,50.0,50.0,3.0,14,1.39,0.48,0.8263364544319274,48060,0.4005000000000015,198,194,0.9797979797979798,bend60W2.5|qp50
2.5,50.0,50.0,3.0,26,1.39,0.48,0.9223235163187746,42681,0.3556750000000012,200,194,0.97,bend60W2.5|qp50
3.0,50.0,50.0,3.0,8,1.39,0.48,0.7677656654379994,51004,0.3541944444444534,198,195,0.9848484848484848,bend60W3.0|qp50
3.0,50.0,50.0,3.0,20,1.39,0.48,0.8777945030576076,44643,0.3100208333333372,200,198,0.99,bend60W3.0|qp50
2.5,50.0,50.0,3.0,3,1.39,0.48,1.1958677415516596,33616,0.2801333333333316,200,202,1.01,bend0W2.5|qp50
2.5,50.0,50.0,3.0,15,1.39,0.48,1.198469311489216,33449,0.2787416666666655,200,198,0.99,bend0W2.5|qp50
2.5,50.0,50.0,3.0,27,1.39,0.48,1.169349404589097,34430,0.28691666666666,200,209,1.045,bend0W2.5|qp50
3.0,50.0,50.0,3.0,9,1.39,0.48,1.174099862036866,34067,0.2365763888888868,200,193,0.965,bend0W3.0|qp50
3.0,50.0,50.0,3.0,21,1.39,0.48,1.147009991435772,35030,0.2432638888888874,200,197,0.985,bend0W3.0|qp50
2.5,50.0,50.0,3.0,3,1.39,0.48,0.8923547352604748,44591,0.3715916666666669,198,198,1.0,bend60W2.5|qp50
2.5,50.0,50.0,3.0,15,1.39,0.48,0.8223185263157856,47500,0.3958333333333323,198,192,0.9696969696969696,bend60W2.5|qp50
2.5,50.0,50.0,3.0,27,1.39,0.48,0.8692583983861246,45604,0.3800333333333336,200,206,1.03,bend60W2.5|qp50
3.0,50.0,50.0,3.0,9,1.39,0.48,0.8930187744811992,44422,0.3084861111111101,200,196,0.98,bend60W3.0|qp50
3.0,50.0,50.0,3.0,21,1.39,0.48,0.7787505273943336,49773,0.3456458333333368,198,192,0.9696969696969696,bend60W3.0|qp50
2.5,50.0,50.0,3.0,4,1.39,0.48,1.181332651869139,34240,0.2853333333333275,200,196,0.98,bend0W2.5|qp50
2.5,50.0,50.0,3.0,16,1.39,0.48,1.1920739817122947,33684,0.2806999999999974,200,198,0.99,bend0W2.5|qp50
2.5,50.0,50.0,3.0,28,1.39,0.48,1.1424523722164712,35431,0.2952583333333296,200,200,1.0,bend0W2.5|qp50
3.0,50.0,50.0,3.0,10,1.39,0.48,1.2217444323407964,33048,0.2294999999999978,200,201,1.005,bend0W3.0|qp50
3.0,50.0,50.0,3.0,22,1.39,0.48,1.205161241983035,33366,0.2317083333333335,200,197,0.985,bend0W3.0|qp50
2.5,50.0,50.0,3.0,4,1.39,0.48,0.8237024617819783,48014,0.4001166666666649,200,194,0.97,bend60W2.5|qp50
2.5,50.0,50.0,3.0,16,1.39,0.48,0.85073337572075,45611,0.3800916666666695,198,190,0.9595959595959596,bend60W2.5|qp50
2.5,50.0,50.0,3.0,28,1.39,0.48,0.8426980543911132,46515,0.3876249999999968,198,195,0.9848484848484848,bend60W2.5|qp50
3.0,50.0,50.0,3.0,10,1.39,0.48,0.8962146684759054,43481,0.3019513888888959,200,197,0.985,bend60W3.0|qp50
3.0,50.0,50.0,3.0,22,1.39,0.48,0.8829456435755543,44245,0.3072569444444487,199,194,0.9748743718592964,bend60W3.0|qp50
2.5,50.0,50.0,3.0,5,1.39,0.48,1.1535337044621858,34669,0.2889083333333287,200,198,0.99,bend0W2.5|qp50
2.5,50.0,50.0,3.0,17,1.39,0.48,1.1726393303974512,34289,0.2857416666666645,200,199,0.995,bend0W2.5|qp50
2.5,50.0,50.0,3.0,29,1.39,0.48,1.1682616280788058,33819,0.2818249999999966,200,200,1.0,bend0W2.5|qp50
3.0,50.0,50.0,3.0,11,1.39,0.48,1.1676057273173912,34641,0.2405625000000012,200,201,1.005,bend0W3.0|qp50
3.0,50.0,50.0,3.0,23,1.39,0.48,1.144267650158136,35113,0.2438402777777765,200,200,1.0,bend0W3.0|qp50
2.5,50.0,50.0,3.0,5,1.39,0.48,0.8795224189055437,44516,0.3709666666666673,200,193,0.965,bend60W2.5|qp50
2.5,50.0,50.0,3.0,17,1.39,0.48,0.8050666391156084,48395,0.4032916666666652,198,191,0.9646464646464646,bend60W2.5|qp50
2.5,50.0,50.0,3.0,29,1.39,0.48,0.8183839715421365,47790,0.3982499999999999,200,197,0.985,bend60W2.5|qp50
3.0,50.0,50.0,3.0,11,1.39,0.48,0.8172320147571351,48790,0.3388194444444525,200,200,1.0,bend60W3.0|qp50
3.0,50.0,50.0,3.0,23,1.39,0.48,0.863022201002668,46079,0.3199930555555582,198,201,1.0151515151515151,bend60W3.0|qp50
2.5,50.0,50.0,3.0,6,1.39,0.48,1.1981996091989486,33265,0.2772083333333307,200,202,1.01,bend0W2.5|qp50
2.5,50.0,50.0,3.0,18,1.39,0.48,1.1795027526194952,33786,0.2815499999999945,200,203,1.015,bend0W2.5|qp50
3.0,50.0,50.0,3.0,0,1.39,0.48,1.1824350971356048,34282,0.2380694444444423,200,202,1.01,bend0W3.0|qp50
3.0,50.0,50.0,3.0,12,1.39,0.48,1.2062733959216705,33446,0.2322638888888893,200,200,1.0,bend0W3.0|qp50
3.0,50.0,50.0,3.0,24,1.39,0.48,1.2001597033226703,33437,0.2322013888888878,200,205,1.025,bend0W3.0|qp50
2.5,50.0,50.0,3.0,6,1.39,0.48,0.8641971133655819,45243,0.3770249999999978,198,193,0.9747474747474748,bend60W2.5|qp50
2.5,50.0,50.0,3.0,18,1.39,0.48,0.8629972369632805,45602,0.3800166666666635,200,201,1.005,bend60W2.5|qp50
3.0,50.0,50.0,3.0,0,1.39,0.48,0.8609287613655849,46632,0.3238333333333341,198,204,1.0303030303030305,bend60W3.0|qp50
3.0,50.0,50.0,3.0,12,1.39,0.48,0.885551403139147,44151,0.3066041666666745,198,197,0.9949494949494948,bend60W3.0|qp50
3.0,50.0,50.0,3.0,24,1.39,0.48,0.9077235679288976,43678,0.3033194444444466,200,202,1.01,bend60W3.0|qp50
2.5,50.0,50.0,3.0,7,1.39,0.48,1.140875770723868,35032,0.2919333333333274,200,201,1.005,bend0W2.5|qp50
2.5,50.0,50.0,3.0,19,1.39,0.48,1.217821643225422,32777,0.2731416666666649,200,201,1.005,bend0W2.5|qp50
3.0,50.0,50.0,3.0,1,1.39,0.48,1.1732299892187823,34319,0.2383263888888861,200,202,1.01,bend0W3.0|qp50
3.0,50.0,50.0,3.0,13,1.39,0.48,1.181998826979517,34100,0.2368055555555545,200,198,0.99,bend0W3.0|qp50
3.0,50.0,50.0,3.0,25,1.39,0.48,1.1669053137857557,34514,0.2396805555555553,200,204,1.02,bend0W3.0|qp50
2.5,50.0,50.0,3.0,7,1.39,0.48,0.6927215657977406,55435,0.4619583333333317,200,183,0.915,bend60W2.5|qp50
2.5,50.0,50.0,3.0,19,1.39,0.48,0.8400557235421472,46300,0.3858333333333333,198,195,0.9848484848484848,bend60W2.5|qp50
3.0,50.0,50.0,3.0,1,1.39,0.48,0.8937447414845856,44214,0.3070416666666671,198,200,1.0101010101010102,bend60W3.0|qp50
3.0,50.0,50.0,3.0,13,1.39,0.48,0.9196093313466384,42952,0.2982777777777794,200,198,0.99,bend60W3.0|qp50
3.0,50.0,50.0,3.0,25,1.39,0.48,0.8760981329085986,45204,0.3139166666666651,200,201,1.005,bend60W3.0|qp50
2.5,50.0,50.0,3.0,8,1.39,0.48,1.1707566371681677,33900,0.2824999999999973,200,199,0.995,bend0W2.5|qp50
2.5,50.0,50.0,3.0,20,1.39,0.48,1.1752467804907794,34322,0.2860166666666634,200,196,0.98,bend0W2.5|qp50
3.0,50.0,50.0,3.0,2,1.39,0.48,1.1121867862514854,35902,0.2493194444444445,200,196,0.98,bend0W3.0|qp50
3.0,50.0,50.0,3.0,14,1.39,0.48,1.1933292946008585,33839,0.2349930555555567,200,200,1.0,bend0W3.0|qp50
3.0,50.0,50.0,3.0,26,1.39,0.48,1.1816652000471493,34092,0.2367499999999981,200,193,0.965,bend0W3.0|qp50
2.5,50.0,50.0,3.0,8,1.39,0.48,0.8354650052009399,47107,0.3925583333333307,200,193,0.965,bend60W2.5|qp50
2.5,50.0,50.0,3.0,20,1.39,0.48,0.9589985762892216,41441,0.3453416666666708,198,202,1.02020202020202,bend60W2.5|qp50
3.0,50.0,50.0,3.0,2,1.39,0.48,0.9303850733473326,41992,0.2916111111111155,200,196,0.98,bend60W3.0|qp50
3.0,50.0,50.0,3.0,14,1.39,0.48,0.8772151589784565,45069,0.3129791666666706,198,199,1.005050505050505,bend60W3.0|qp50
3.0,50.0,50.0,3.0,26,1.39,0.48,0.8826746425577991,44133,0.3064791666666707,198,195,0.9848484848484848,bend60W3.0|qp50
2.5,50.0,50.0,3.0,9,1.39,0.48,1.1623927988816494,34328,0.286066666666663,200,194,0.97,bend0W2.5|qp50
2.5,50.0,50.0,3.0,21,1.39,0.48,1.162974777232679,34453,0.2871083333333296,200,198,0.99,bend0W2.5|qp50
3.0,50.0,50.0,3.0,3,1.39,0.48,1.2082066088218988,33077,0.2297013888888867,200,201,1.005,bend0W3.0|qp50
3.0,50.0,50.0,3.0,15,1.39,0.48,1.2109482160630722,33157,0.2302569444444435,200,201,1.005,bend0W3.0|qp50
3.0,50.0,50.0,3.0,27,1.39,0.48,1.1671163929704609,34710,0.2410416666666673,200,209,1.045,bend0W3.0|qp50
2.5,50.0,50.0,3.0,9,1.39,0.48,0.8162426208917947,47770,0.3980833333333301,199,194,0.9748743718592964,bend60W2.5|qp50
2.5,50.0,50.0,3.0,21,1.39,0.48,0.832385674115735,47299,0.3941583333333298,198,195,0.9848484848484848,bend60W2.5|qp50
3.0,50.0,50.0,3.0,3,1.39,0.48,0.900084782758542,43523,0.3022430555555578,200,198,0.99,bend60W3.0|qp50
3.0,50.0,50.0,3.0,15,1.39,0.48,0.8937480736107206,44124,0.3064166666666703,200,198,0.99,bend60W3.0|qp50
3.0,50.0,50.0,3.0,27,1.39,0.48,0.928326072700044,42696,0.2964999999999998,198,209,1.0555555555555556,bend60W3.0|qp50
2.5,50.0,50.0,3.0,10,1.39,0.48,1.1691432096639214,34851,0.2904249999999931,200,202,1.01,bend0W2.5|qp50
2.5,50.0,50.0,3.0,22,1.39,0.48,1.188604245506311,33824,0.2818666666666623,200,199,0.995,bend0W2.5|qp50
3.0,50.0,50.0,3.0,4,1.39,0.48,1.1918120726243462,33928,0.2356111111111089,200,196,0.98,bend0W3.0|qp50
3.0,50.0,50.0,3.0,16,1.39,0.48,1.2151750431177402,33049,0.229506944444444,200,199,0.995,bend0W3.0|qp50
3.0,50.0,50.0,3.0,28,1.39,0.48,1.1675830711048056,34639,0.2405486111111102,200,198,0.99,bend0W3.0|qp50
2.5,50.0,50.0,3.0,10,1.39,0.48,0.8462204256582968,47127,0.3927249999999946,198,199,1.005050505050505,bend60W2.5|qp50
2.5,50.0,50.0,3.0,22,1.39,0.48,0.9159658907582552,43390,0.3615833333333347,198,196,0.98989898989899,bend60W2.5|qp50
3.0,50.0,50.0,3.0,4,1.39,0.48,0.7727137228368441,50252,0.3489722222222226,198,191,0.9646464646464646,bend60W3.0|qp50
3.0,50.0,50.0,3.0,16,1.39,0.48,0.9399435001081602,41593,0.2888402777777783,200,193,0.965,bend60W3.0|qp50
3.0,50.0,50.0,3.0,28,1.39,0.48,0.9122595939444376,42605,0.2958680555555641,198,196,0.98989898989899,bend60W3.0|qp50
2.5,50.0,50.0,3.0,11,1.39,0.48,1.1701220537501216,34493,0.287441666666661,200,205,1.025,bend0W2.5|qp50
2.5,50.0,50.0,3.0,23,1.39,0.48,1.149665348690674,34902,0.2908500000000018,200,201,1.005,bend0W2.5|qp50
3.0,50.0,50.0,3.0,5,1.39,0.48,1.1757121870960303,34036,0.2363611111111082,200,198,0.99,bend0W3.0|qp50
3.0,50.0,50.0,3.0,17,1.39,0.48,1.1649572079259796,34469,0.2393680555555554,200,198,0.99,bend0W3.0|qp50
3.0,50.0,50.0,3.0,29,1.39,0.48,1.1372842501926497,35029,0.2432569444444448,200,199,0.995,bend0W3.0|qp50
2.5,50.0,50.0,3.0,11,1.39,0.48,0.8383389482935341,47789,0.3982416666666648,198,194,0.9797979797979798,bend60W2.5|qp50
2.5,50.0,50.0,3.0,23,1.39,0.48,0.8659283521425415,46254,0.3854499999999968,198,200,1.0101010101010102,bend60W2.5|qp50
3.0,50.0,50.0,3.0,5,1.39,0.48,0.8740046573519448,45090,0.3131249999999989,200,197,0.985,bend60W3.0|qp50
3.0,50.0,50.0,3.0,17,1.39,0.48,0.8975418579843059,43122,0.2994583333333379,198,193,0.9747474747474748,bend60W3.0|qp50
3.0,50.0,50.0,3.0,29,1.39,0.48,0.8633854910665275,45503,0.3159930555555583,200,199,0.995,bend60W3.0|qp50
2.5,50.0,50.0,4.0,0,1.39,0.48,1.1499346629986211,34896,0.2907999999999969,200,203,1.015,bend0W2.5|qp50
2.5,50.0,50.0,4.0,12,1.39,0.48,1.1949188058117053,33931,0.2827583333333288,200,203,1.015,bend0W2.5|qp50
2.5,50.0,50.0,4.0,24,1.39,0.48,1.197794495961673,33430,0.2785833333333281,200,201,1.005,bend0W2.5|qp50
3.0,50.0,50.0,4.0,6,1.39,0.48,1.1999235331306282,33217,0.2306736111111092,200,199,0.995,bend0W3.0|qp50
3.0,50.0,50.0,4.0,18,1.39,0.48,1.2080404593003111,33268,0.2310277777777767,200,203,1.015,bend0W3.0|qp50
2.5,50.0,50.0,4.0,1,1.39,0.48,1.1522042702174735,34846,0.2903833333333291,200,200,1.0,bend0W2.5|qp50
2.5,50.0,50.0,4.0,13,1.39,0.48,1.174742448562671,34265,0.2855416666666642,200,198,0.99,bend0W2.5|qp50
2.5,50.0,50.0,4.0,25,1.39,0.48,1.1222952465967464,35848,0.2987333333333288,200,202,1.01,bend0W2.5|qp50
3.0,50.0,50.0,4.0,7,1.39,0.48,1.1478028225920982,34649,0.240618055555554,200,200,1.0,bend0W3.0|qp50
3.0,50.0,50.0,4.0,19,1.39,0.48,1.21404621644595,32932,0.228694444444443,200,201,1.005,bend0W3.0|qp50
2.5,50.0,50.0,4.0,2,1.39,0.48,1.1115313294861189,36563,0.3046916666666616,200,198,0.99,bend0W2.5|qp50
2.5,50.0,50.0,4.0,14,1.39,0.48,1.1661976911976926,34650,0.2887499999999972,200,201,1.005,bend0W2.5|qp50
2.5,50.0,50.0,4.0,26,1.39,0.48,1.174898440915277,34315,0.2859583333333336,200,195,0.975,bend0W2.5|qp50
3.0,50.0,50.0,4.0,8,1.39,0.48,1.1486953005401968,34621,0.2404236111111104,200,199,0.995,bend0W3.0|qp50
3.0,50.0,50.0,4.0,20,1.39,0.48,1.175174562501926,34343,0.2384930555555557,200,201,1.005,bend0W3.0|qp50
2.5,50.0,50.0,4.0,3,1.39,0.48,1.185132623654653,34006,0.2833833333333307,200,199,0.995,bend0W2.5|qp50
2.5,50.0,50.0,4.0,15,1.39,0.48,1.1666160938320622,34274,0.2856166666666645,200,200,1.0,bend0W2.5|qp50
2.5,50.0,50.0,4.0,27,1.39,0.48,1.189429440964545,33844,0.2820333333333281,200,209,1.045,bend0W2.5|qp50
3.0,50.0,50.0,4.0,9,1.39,0.48,1.1756994864271617,34075,0.236631944444442,200,195,0.975,bend0W3.0|qp50
3.0,50.0,50.0,4.0,21,1.39,0.48,1.1683293873071303,34634,0.2405138888888874,200,198,0.99,bend0W3.0|qp50
2.5,50.0,50.0,4.0,4,1.39,0.48,1.1882251324308033,33980,0.2831666666666623,200,197,0.985,bend0W2.5|qp50
2.5,50.0,50.0,4.0,16,1.39,0.48,1.1581046351536035,34864,0.2905333333333313,200,198,0.99,bend0W2.5|qp50
2.5,50.0,50.0,4.0,28,1.39,0.48,1.144365601106009,35443,0.2953583333333361,200,198,0.99,bend0W2.5|qp50
3.0,50.0,50.0,4.0,10,1.39,0.48,1.1469048495314662,35323,0.2452986111111126,200,201,1.005,bend0W3.0|qp50
3.0,50.0,50.0,4.0,22,1.39,0.48,1.175593473111843,34197,0.2374791666666669,200,199,0.995,bend0W3.0|qp50
2.5,50.0,50.0,4.0,5,1.39,0.48,1.15016409932172,34796,0.2899666666666635,200,197,0.985,bend0W2.5|qp50
2.5,50.0,50.0,4.0,17,1.39,0.48,1.178879568426248,33737,0.2811416666666641,200,198,0.99,bend0W2.5|qp50
2.5,50.0,50.0,4.0,29,1.39,0.48,1.1369973205632475,35082,0.2923499999999998,200,202,1.01,bend0W2.5|qp50
3.0,50.0,50.0,4.0,11,1.39,0.48,1.1772180232558629,34400,0.2388888888888874,200,204,1.02,bend0W3.0|qp50
3.0,50.0,50.0,4.0,23,1.39,0.48,1.1640406740268787,34420,0.2390277777777759,200,202,1.01,bend0W3.0|qp50
2.5,50.0,50.0,4.0,6,1.39,0.48,1.1439926094372048,35180,0.2931666666666635,200,197,0.985,bend0W2.5|qp50
2.5,50.0,50.0,4.0,18,1.39,0.48,1.1852697461213844,34032,0.2835999999999958,200,201,1.005,bend0W2.5|qp50
3.0,50.0,50.0,4.0,0,1.39,0.48,1.1661425167236217,34831,0.2418819444444427,200,203,1.015,bend0W3.0|qp50
3.0,50.0,50.0,4.0,12,1.39,0.48,1.1734225198297676,34796,0.2416388888888896,200,200,1.0,bend0W3.0|qp50
3.0,50.0,50.0,4.0,24,1.39,0.48,1.2142242586615926,32846,0.2280972222222192,200,202,1.01,bend0W3.0|qp50
2.5,50.0,50.0,4.0,7,1.39,0.48,1.1374713694130332,35015,0.2917916666666619,200,201,1.005,bend0W2.5|qp50
2.5,50.0,50.0,4.0,19,1.39,0.48,1.1967995783767047,33205,0.2767083333333284,200,203,1.015,bend0W2.5|qp50
3.0,50.0,50.0,4.0,1,1.39,0.48,1.157712108139217,34770,0.2414583333333343,200,199,0.995,bend0W3.0|qp50
3.0,50.0,50.0,4.0,13,1.39,0.48,1.1837994761779458,33981,0.2359791666666628,200,199,0.995,bend0W3.0|qp50
3.0,50.0,50.0,4.0,25,1.39,0.48,1.1208002109471034,36028,0.2501944444444463,200,203,1.015,bend0W3.0|qp50
2.5,50.0,50.0,4.0,8,1.39,0.48,1.1497135289206433,34733,0.2894416666666597,200,200,1.0,bend0W2.5|qp50
2.5,50.0,50.0,4.0,20,1.39,0.48,1.1750864809684558,34285,0.28570833333333,200,196,0.98,bend0W2.5|qp50
3.0,50.0,50.0,4.0,2,1.39,0.48,1.15394694394842,34718,0.2410972222222238,200,200,1.0,bend0W3.0|qp50
3.0,50.0,50.0,4.0,14,1.39,0.48,1.1944874856283871,33921,0.2355625000000007,200,203,1.015,bend0W3.0|qp50
3.0,50.0,50.0,4.0,26,1.39,0.48,1.1805197875322833,34264,0.2379444444444419,200,193,0.965,bend0W3.0|qp50
2.5,50.0,50.0,4.0,9,1.39,0.48,1.1498897960362915,34663,0.2888583333333288,200,194,0.97,bend0W2.5|qp50
2.5,50.0,50.0,4.0,21,1.39,0.48,1.1647883889693975,34450,0.2870833333333277,200,197,0.985,bend0W2.5|qp50
3.0,50.0,50.0,4.0,3,1.39,0.48,1.2022167134580584,33482,0.2325138888888877,200,199,0.995,bend0W3.0|qp50
3.0,50.0,50.0,4.0,15,1.39,0.48,1.2017491144865171,33314,0.2313472222222206,200,199,0.995,bend0W3.0|qp50
3.0,50.0,50.0,4.0,27,1.39,0.48,1.204114872780899,33289,0.2311736111111101,200,213,1.065,bend0W3.0|qp50
2.5,50.0,50.0,4.0,10,1.39,0.48,1.1316427582386894,36110,0.3009166666666626,200,203,1.015,bend0W2.5|qp50
2.5,50.0,50.0,4.0,22,1.39,0.48,1.165424800580287,34475,0.2872916666666645,200,196,0.98,bend0W2.5|qp50
3.0,50.0,50.0,4.0,4,1.39,0.48,1.195829648315785,33695,0.2339930555555541,200,198,0.99,bend0W3.0|qp50
3.0,50.0,50.0,4.0,16,1.39,0.48,1.2035286555651294,33449,0.2322847222222208,200,198,0.99,bend0W3.0|qp50
3.0,50.0,50.0,4.0,28,1.39,0.48,1.182529276056378,34243,0.2377986111111106,200,198,0.99,bend0W3.0|qp50
2.5,50.0,50.0,4.0,11,1.39,0.48,1.184206874246596,34011,0.2834249999999944,200,203,1.015,bend0W2.5|qp50
2.5,50.0,50.0,4.0,23,1.39,0.48,1.1357292931575798,35411,0.2950916666666631,200,202,1.01,bend0W2.5|qp50
3.0,50.0,50.0,4.0,5,1.39,0.48,1.171216528635381,34171,0.2372986111111094,200,197,0.985,bend0W3.0|qp50
3.0,50.0,50.0,4.0,17,1.39,0.48,1.1368712367491447,35375,0.2456597222222173,200,194,0.97,bend0W3.0|qp50
3.0,50.0,50.0,4.0,29,1.39,0.48,1.1685217111798305,34222,0.2376527777777785,200,203,1.015,bend0W3.0|qp50
2.5,50.0,50.0,5.0,0,1.39,0.48,1.1265650366816569,35849,0.2987416666666687,200,203,1.015,bend0W2.5|qp50
2.5,50.0,50.0,5.0,12,1.39,0.48,1.1669010995352684,34651,0.2887583333333279,200,204,1.02,bend0W2.5|qp50
2.5,50.0,50.0,5.0,24,1.39,0.48,1.1769266393321105,33901,0.2825083333333289,200,198,0.99,bend0W2.5|qp50
3.0,50.0,50.0,5.0,6,1.39,0.48,1.170724148957879,34399,0.238881944444445,200,199,0.995,bend0W3.0|qp50
3.0,50.0,50.0,5.0,18,1.39,0.48,1.1540836791147489,34704,0.2409999999999968,200,202,1.01,bend0W3.0|qp50
2.5,50.0,50.0,5.0,1,1.39,0.48,1.1307952359397535,35348,0.294566666666663,200,200,1.0,bend0W2.5|qp50
2.5,50.0,50.0,5.0,13,1.39,0.48,1.148599043443678,35126,0.292716666666664,200,202,1.01,bend0W2.5|qp50
2.5,50.0,50.0,5.0,25,1.39,0.48,1.1218519139892955,35763,0.2980249999999939,200,202,1.01,bend0W2.5|qp50
3.0,50.0,50.0,5.0,7,1.39,0.48,1.1450330765484735,34919,0.2424930555555569,200,198,0.99,bend0W3.0|qp50
3.0,50.0,50.0,5.0,19,1.39,0.48,1.2139841880470696,33013,0.2292569444444419,200,199,0.995,bend0W3.0|qp50
2.5,50.0,50.0,5.0,2,1.39,0.48,1.1101969456730512,35949,0.2995749999999977,200,193,0.965,bend0W2.5|qp50
2.5,50.0,50.0,5.0,14,1.39,0.48,1.1570437237957023,35061,0.2921749999999985,200,201,1.005,bend0W2.5|qp50
2.5,50.0,50.0,5.0,26,1.39,0.48,1.1597839825348766,34812,0.2900999999999984,200,195,0.975,bend0W2.5|qp50
3.0,50.0,50.0,5.0,8,1.39,0.48,1.1444406720641052,34461,0.2393125000000007,200,201,1.005,bend0W3.0|qp50
3.0,50.0,50.0,5.0,20,1.39,0.48,1.1406145551039992,35424,0.2459999999999997,200,195,0.975,bend0W3.0|qp50
2.5,50.0,50.0,5.0,3,1.39,0.48,1.1370342572850782,35175,0.2931250000000006,200,200,1.0,bend0W2.5|qp50
2.5,50.0,50.0,5.0,15,1.39,0.48,1.1863398406723888,34269,0.2855749999999948,200,202,1.01,bend0W2.5|qp50
2.5,50.0,50.0,5.0,27,1.39,0.48,1.1542329417081243,35408,0.2950666666666673,200,212,1.06,bend0W2.5|qp50
3.0,50.0,50.0,5.0,9,1.39,0.48,1.177669034932226,33780,0.2345833333333301,200,195,0.975,bend0W3.0|qp50
3.0,50.0,50.0,5.0,21,1.39,0.48,1.1243167400757652,36099,0.2506874999999983,200,198,0.99,bend0W3.0|qp50
2.5,50.0,50.0,5.0,4,1.39,0.48,1.1450194030702323,35046,0.2920500000000017,200,193,0.965,bend0W2.5|qp50
2.5,50.0,50.0,5.0,16,1.39,0.48,1.153725830300254,35168,0.2930666666666633,200,201,1.005,bend0W2.5|qp50
2.5,50.0,50.0,5.0,28,1.39,0.48,1.1185373688145188,36113,0.3009416666666678,200,197,0.985,bend0W2.5|qp50
3.0,50.0,50.0,5.0,10,1.39,0.48,1.202919433246369,33736,0.234277777777777,200,203,1.015,bend0W3.0|qp50
3.0,50.0,50.0,5.0,22,1.39,0.48,1.1589637320602495,34769,0.2414513888888917,200,199,0.995,bend0W3.0|qp50
2.5,50.0,50.0,5.0,5,1.39,0.48,1.090272878535756,36060,0.3004999999999967,200,193,0.965,bend0W2.5|qp50
2.5,50.0,50.0,5.0,17,1.39,0.48,1.173656837568973,33879,0.2823249999999989,200,203,1.015,bend0W2.5|qp50
2.5,50.0,50.0,5.0,29,1.39,0.48,1.126835143805906,35534,0.2961166666666647,200,201,1.005,bend0W2.5|qp50
3.0,50.0,50.0,5.0,11,1.39,0.48,1.1493065004860703,34982,0.2429305555555557,200,204,1.02,bend0W3.0|qp50
3.0,50.0,50.0,5.0,23,1.39,0.48,1.1367538577870535,35707,0.2479652777777767,200,202,1.01,bend0W3.0|qp50
2.5,50.0,50.0,5.0,6,1.39,0.48,1.142268328363317,35546,0.2962166666666652,200,200,1.0,bend0W2.5|qp50
2.5,50.0,50.0,5.0,18,1.39,0.48,1.15194875485827,34735,0.2894583333333301,200,209,1.045,bend0W2.5|qp50
3.0,50.0,50.0,5.0,0,1.39,0.48,1.1606008583691363,34950,0.2427083333333315,200,203,1.015,bend0W3.0|qp50
3.0,50.0,50.0,5.0,12,1.39,0.48,1.1465013306153304,35322,0.2452916666666695,200,201,1.005,bend0W3.0|qp50
3.0,50.0,50.0,5.0,24,1.39,0.48,1.175225398490595,34317,0.2383124999999985,200,202,1.01,bend0W3.0|qp50
2.5,50.0,50.0,5.0,7,1.39,0.48,1.1078267969332432,36131,0.301091666666665,200,197,0.985,bend0W2.5|qp50
2.5,50.0,50.0,5.0,19,1.39,0.48,1.194872919276876,33522,0.2793499999999975,200,203,1.015,bend0W2.5|qp50
3.0,50.0,50.0,5.0,1,1.39,0.48,1.1656714381114446,34441,0.2391736111111115,200,202,1.01,bend0W3.0|qp50
3.0,50.0,50.0,5.0,13,1.39,0.48,1.1720670244415308,34286,0.238097222222219,200,198,0.99,bend0W3.0|qp50
3.0,50.0,50.0,5.0,25,1.39,0.48,1.1194929444706432,36071,0.2504930555555571,200,202,1.01,bend0W3.0|qp50
2.5,50.0,50.0,5.0,8,1.39,0.48,1.1278613619583224,35214,0.2934499999999954,200,201,1.005,bend0W2.5|qp50
2.5,50.0,50.0,5.0,20,1.39,0.48,1.0796334033615138,38080,0.3173333333333287,200,198,0.99,bend0W2.5|qp50
3.0,50.0,50.0,5.0,2,1.39,0.48,1.1622750246905913,34426,0.2390694444444444,200,203,1.015,bend0W3.0|qp50
3.0,50.0,50.0,5.0,14,1.39,0.48,1.1822120369015154,34145,0.2371180555555562,200,201,1.005,bend0W3.0|qp50
3.0,50.0,50.0,5.0,26,1.39,0.48,1.1893659040593645,33875,0.2352430555555544,200,196,0.98,bend0W3.0|qp50
2.5,50.0,50.0,5.0,9,1.39,0.48,1.1251649525095806,35586,0.296549999999998,200,194,0.97,bend0W2.5|qp50
2.5,50.0,50.0,5.0,21,1.39,0.48,1.1331801944004454,36111,0.3009249999999934,200,199,0.995,bend0W2.5|qp50
3.0,50.0,50.0,5.0,3,1.39,0.48,1.1787550189034046,34121,0.2369513888888856,200,206,1.03,bend0W3.0|qp50
3.0,50.0,50.0,5.0,15,1.39,0.48,1.2066327629533171,33428,0.2321388888888879,200,198,0.99,bend0W3.0|qp50
3.0,50.0,50.0,5.0,27,1.39,0.48,1.1678034982394272,34646,0.2405972222222202,200,211,1.055,bend0W3.0|qp50
2.5,50.0,50.0,5.0,10,1.39,0.48,1.141567556974017,35718,0.2976499999999961,200,205,1.025,bend0W2.5|qp50
2.5,50.0,50.0,5.0,22,1.39,0.48,1.1593041519894869,34634,0.2886166666666618,200,203,1.015,bend0W2.5|qp50
3.0,50.0,50.0,5.0,4,1.39,0.48,1.170209535466508,34314,0.2382916666666646,200,195,0.975,bend0W3.0|qp50
3.0,50.0,50.0,5.0,16,1.39,0.48,1.1484084101218042,35053,0.2434236111111102,200,197,0.985,bend0W3.0|qp50
3.0,50.0,50.0,5.0,28,1.39,0.48,1.1764605488105495,34511,0.2396597222222219,200,197,0.985,bend0W3.0|qp50
2.5,50.0,50.0,5.0,11,1.39,0.48,1.1347571106343683,36354,0.3029499999999964,200,205,1.025,bend0W2.5|qp50
2.5,50.0,50.0,5.0,23,1.39,0.48,1.1226714000444316,36056,0.3004666666666625,200,200,1.0,bend0W2.5|qp50
3.0,50.0,50.0,5.0,5,1.39,0.48,1.1396589195800089,35153,0.2441180555555543,200,195,0.975,bend0W3.0|qp50
3.0,50.0,50.0,5.0,17,1.39,0.48,1.1575646045418622,34479,0.2394374999999984,200,199,0.995,bend0W3.0|qp50
3.0,50.0,50.0,5.0,29,1.39,0.48,1.148919650831127,34711,0.2410486111111126,200,205,1.025,bend0W3.0|qp50
2.5,50.0,50.0,6.0,0,1.39,0.48,1.1294656681252526,35652,0.2971000000000032,200,202,1.01,bend0W2.5|qp50
2.5,50.0,50.0,6.0,12,1.39,0.48,1.158998712262046,34945,0.2912083333333298,200,200,1.0,bend0W2.5|qp50
2.5,50.0,50.0,6.0,24,1.39,0.48,1.1543606359080512,34722,0.2893499999999946,200,201,1.005,bend0W2.5|qp50
3.0,50.0,50.0,6.0,6,1.39,0.48,1.1684790454016458,34360,0.2386111111111103,200,197,0.985,bend0W3.0|qp50
3.0,50.0,50.0,6.0,18,1.39,0.48,1.1782642829839738,34009,0.2361736111111103,200,201,1.005,bend0W3.0|qp50
2.5,50.0,50.0,6.0,1,1.39,0.48,1.1240949048151885,35720,0.2976666666666622,200,201,1.005,bend0W2.5|qp50
2.5,50.0,50.0,6.0,13,1.39,0.48,1.1681658001155726,34620,0.2884999999999934,200,202,1.01,bend0W2.5|qp50
2.5,50.0,50.0,6.0,25,1.39,0.48,1.0971245928338886,36840,0.3070000000000004,200,200,1.0,bend0W2.5|qp50
3.0,50.0,50.0,6.0,7,1.39,0.48,1.1562838287648791,34549,0.2399236111111101,200,199,0.995,bend0W3.0|qp50
3.0,50.0,50.0,6.0,19,1.39,0.48,1.2065837860425588,33502,0.2326527777777748,200,202,1.01,bend0W3.0|qp50
2.5,50.0,50.0,6.0,2,1.39,0.48,1.1325094328996992,35514,0.2959499999999946,200,200,1.0,bend0W2.5|qp50
2.5,50.0,50.0,6.0,14,1.39,0.48,1.1695160539785765,34384,0.2865333333333344,200,201,1.005,bend0W2.5|qp50
2.5,50.0,50.0,6.0,26,1.39,0.48,1.1660568846668509,34526,0.287716666666666,200,193,0.965,bend0W2.5|qp50
3.0,50.0,50.0,6.0,8,1.39,0.48,1.121817566042053,35432,0.2460555555555561,200,200,1.0,bend0W3.0|qp50
3.0,50.0,50.0,6.0,20,1.39,0.48,1.1627740247794245,34787,0.241576388888887,200,198,0.99,bend0W3.0|qp50
2.5,50.0,50.0,6.0,3,1.39,0.48,1.1631644727326127,34565,0.2880416666666662,200,202,1.01,bend0W2.5|qp50
2.5,50.0,50.0,6.0,15,1.39,0.48,1.1576533595809284,34543,0.2878583333333311,200,198,0.99,bend0W2.5|qp50
2.5,50.0,50.0,6.0,27,1.39,0.48,1.1351206969229437,35585,0.2965416666666668,200,204,1.02,bend0W2.5|qp50
3.0,50.0,50.0,6.0,9,1.39,0.48,1.1420873869262966,35154,0.244124999999999,200,196,0.98,bend0W3.0|qp50
3.0,50.0,50.0,6.0,21,1.39,0.48,1.1290879460521135,35590,0.2471527777777767,200,197,0.985,bend0W3.0|qp50
2.5,50.0,50.0,6.0,4,1.39,0.48,1.1278355648998883,36148,0.3012333333333323,200,193,0.965,bend0W2.5|qp50
2.5,50.0,50.0,6.0,16,1.39,0.48,1.1513483788029022,35005,0.291708333333329,200,198,0.99,bend0W2.5|qp50
2.5,50.0,50.0,6.0,28,1.39,0.48,1.0982637961576036,36695,0.3057916666666669,200,195,0.975,bend0W2.5|qp50
3.0,50.0,50.0,6.0,10,1.39,0.48,1.160675753228109,34850,0.2420138888888887,200,201,1.005,bend0W3.0|qp50
3.0,50.0,50.0,6.0,22,1.39,0.48,1.145961383979941,34856,0.2420555555555553,200,199,0.995,bend0W3.0|qp50
2.5,50.0,50.0,6.0,5,1.39,0.48,1.1332103321033835,35230,0.2935833333333318,200,196,0.98,bend0W2.5|qp50
2.5,50.0,50.0,6.0,17,1.39,0.48,1.132617375545049,35314,0.2942833333333351,200,195,0.975,bend0W2.5|qp50
2.5,50.0,50.0,6.0,29,1.39,0.48,1.148587018954592,34820,0.2901666666666641,200,204,1.02,bend0W2.5|qp50
3.0,50.0,50.0,6.0,11,1.39,0.48,1.1525490865631365,35142,0.2440416666666685,200,203,1.015,bend0W3.0|qp50
3.0,50.0,50.0,6.0,23,1.39,0.48,1.1196852710166276,36031,0.2502152777777768,200,201,1.005,bend0W3.0|qp50
2.5,50.0,50.0,6.0,6,1.39,0.48,1.1664288195449743,34546,0.2878833333333257,200,199,0.995,bend0W2.5|qp50
2.5,50.0,50.0,6.0,18,1.39,0.48,1.141155952887828,35235,0.2936249999999942,200,208,1.04,bend0W2.5|qp50
3.0,50.0,50.0,6.0,0,1.39,0.48,1.160498734468588,34768,0.2414444444444424,200,200,1.0,bend0W3.0|qp50
3.0,50.0,50.0,6.0,12,1.39,0.48,1.1874599595934925,34153,0.2371736111111108,200,199,0.995,bend0W3.0|qp50
3.0,50.0,50.0,6.0,24,1.39,0.48,1.1943005041411314,33324,0.2314166666666648,200,201,1.005,bend0W3.0|qp50
2.5,50.0,50.0,6.0,7,1.39,0.48,1.1318701099896795,35276,0.2939666666666616,200,198,0.99,bend0W2.5|qp50
2.5,50.0,50.0,6.0,19,1.39,0.48,1.1724228028504022,34101,0.2841749999999974,200,201,1.005,bend0W2.5|qp50
3.0,50.0,50.0,6.0,1,1.39,0.48,1.1311473095814768,35422,0.2459861111111127,200,198,0.99,bend0W3.0|qp50
3.0,50.0,50.0,6.0,13,1.39,0.48,1.1868098376088732,33992,0.2360555555555519,200,199,0.995,bend0W3.0|qp50
3.0,50.0,50.0,6.0,25,1.39,0.48,1.136063232901276,35646,0.2475416666666702,200,203,1.015,bend0W3.0|qp50
2.5,50.0,50.0,6.0,8,1.39,0.48,1.129092550660736,34889,0.2907416666666625,200,198,0.99,bend0W2.5|qp50
2.5,50.0,50.0,6.0,20,1.39,0.48,1.1202210143923752,36061,0.3005083333333339,200,197,0.985,bend0W2.5|qp50
3.0,50.0,50.0,6.0,2,1.39,0.48,1.155695575323767,34511,0.2396597222222258,200,201,1.005,bend0W3.0|qp50
3.0,50.0,50.0,6.0,14,1.39,0.48,1.1533576147721465,35418,0.2459583333333347,200,202,1.01,bend0W3.0|qp50
3.0,50.0,50.0,6.0,26,1.39,0.48,1.1548564276673572,34756,0.241361111111108,200,193,0.965,bend0W3.0|qp50
2.5,50.0,50.0,6.0,9,1.39,0.48,1.131106904231803,35920,0.299333333333328,200,195,0.975,bend0W2.5|qp50
2.5,50.0,50.0,6.0,21,1.39,0.48,1.1121525742409628,36166,0.3013833333333315,200,195,0.975,bend0W2.5|qp50
3.0,50.0,50.0,6.0,3,1.39,0.48,1.1751242472081622,34206,0.2375416666666669,200,201,1.005,bend0W3.0|qp50
3.0,50.0,50.0,6.0,15,1.39,0.48,1.1783553463745753,33995,0.2360763888888894,200,197,0.985,bend0W3.0|qp50
3.0,50.0,50.0,6.0,27,1.39,0.48,1.1962203195340626,33987,0.236020833333334,200,205,1.025,bend0W3.0|qp50
2.5,50.0,50.0,6.0,10,1.39,0.48,1.156880571428508,35000,0.2916666666666599,200,206,1.03,bend0W2.5|qp50
2.5,50.0,50.0,6.0,22,1.39,0.48,1.1565684069065556,34229,0.2852416666666651,200,198,0.99,bend0W2.5|qp50
3.0,50.0,50.0,6.0,4,1.39,0.48,1.1453061166671905,35297,0.2451180555555537,200,194,0.97,bend0W3.0|qp50
3.0,50.0,50.0,6.0,16,1.39,0.48,1.1346576920914782,35582,0.2470972222222248,200,195,0.975,bend0W3.0|qp50
3.0,50.0,50.0,6.0,28,1.39,0.48,1.136881111827181,35689,0.2478402777777764,200,198,0.99,bend0W3.0|qp50
2.5,50.0,50.0,6.0,11,1.39,0.48,1.1518231342441396,35428,0.2952333333333277,200,200,1.0,bend0W2.5|qp50
2.5,50.0,50.0,6.0,23,1.39,0.48,1.1012121047041132,36713,0.3059416666666623,200,200,1.0,bend0W2.5|qp50
3.0,50.0,50.0,6.0,5,1.39,0.48,1.1528470242722668,34731,0.2411874999999984,200,198,0.99,bend0W3.0|qp50
3.0,50.0,50.0,6.0,17,1.39,0.48,1.143499398039293,34886,0.2422638888888868,200,195,0.975,bend0W3.0|qp50
3.0,50.0,50.0,6.0,29,1.39,0.48,1.1723469716966757,34095,0.2367708333333324,200,203,1.015,bend0W3.0|qp50
2.5,50.0,50.0,8.0,0,1.39,0.48,1.076297978712024,37204,0.310033333333333,191,199,1.0418848167539267,bend0W2.5|qp50
2.5,50.0,50.0,8.0,12,1.39,0.48,1.147032564219044,35192,0.2932666666666654,200,197,0.985,bend0W2.5|qp50
2.5,50.0,50.0,8.0,24,1.39,0.48,0.8359881045547128,31945,0.2662083333333336,38,68,1.7894736842105263,bend0W2.5|qp50
3.0,50.0,50.0,8.0,6,1.39,0.48,1.1474179499587926,35131,0.2439652777777777,200,201,1.005,bend0W3.0|qp50
3.0,50.0,50.0,8.0,18,1.39,0.48,1.1613168700311969,34339,0.2384652777777756,200,203,1.015,bend0W3.0|qp50
2.5,50.0,50.0,8.0,1,1.39,0.48,1.1292423177485422,35569,0.2964083333333283,200,204,1.02,bend0W2.5|qp50
2.5,50.0,50.0,8.0,13,1.39,0.48,1.1213740097290383,35975,0.2997916666666638,200,204,1.02,bend0W2.5|qp50
2.5,50.0,50.0,8.0,25,1.39,0.48,1.086701648737161,34208,0.2850666666666637,168,176,1.0476190476190477,bend0W2.5|qp50
3.0,50.0,50.0,8.0,7,1.39,0.48,1.1091716386845158,36035,0.2502430555555572,200,197,0.985,bend0W3.0|qp50
3.0,50.0,50.0,8.0,19,1.39,0.48,1.182222222222225,33723,0.234187499999998,200,201,1.005,bend0W3.0|qp50
2.5,50.0,50.0,8.0,2,1.39,0.48,1.1111704658626131,36148,0.3012333333333296,200,201,1.005,bend0W2.5|qp50
2.5,50.0,50.0,8.0,14,1.39,0.48,1.1076091638399603,37146,0.3095500000000007,200,199,0.995,bend0W2.5|qp50
2.5,50.0,50.0,8.0,26,1.39,0.48,1.1384273364684545,35513,0.2959416666666661,200,191,0.955,bend0W2.5|qp50
3.0,50.0,50.0,8.0,8,1.39,0.48,1.1268933140442234,35253,0.2448125000000005,200,201,1.005,bend0W3.0|qp50
3.0,50.0,50.0,8.0,20,1.39,0.48,1.14006997545227,35441,0.2461180555555538,200,198,0.99,bend0W3.0|qp50
2.5,50.0,50.0,8.0,3,1.39,0.48,1.1416949632144298,35340,0.2945000000000004,200,203,1.015,bend0W2.5|qp50
2.5,50.0,50.0,8.0,15,1.39,0.48,1.0883538612458574,36698,0.3058166666666639,200,193,0.965,bend0W2.5|qp50
2.5,50.0,50.0,8.0,27,1.39,0.48,1.1297943020262482,35732,0.2977666666666607,200,205,1.025,bend0W2.5|qp50
3.0,50.0,50.0,8.0,9,1.39,0.48,1.1322707386605726,35429,0.2460347222222222,200,193,0.965,bend0W3.0|qp50
3.0,50.0,50.0,8.0,21,1.39,0.48,1.0965783020923772,36704,0.2548888888888876,200,197,0.985,bend0W3.0|qp50
2.5,50.0,50.0,8.0,4,1.39,0.48,1.0910311750599373,37530,0.3127500000000008,200,197,0.985,bend0W2.5|qp50
2.5,50.0,50.0,8.0,16,1.39,0.48,1.167586508213854,34332,0.2860999999999966,200,194,0.97,bend0W2.5|qp50
2.5,50.0,50.0,8.0,28,1.39,0.48,1.0657984664773468,37691,0.3140916666666702,200,198,0.99,bend0W2.5|qp50
3.0,50.0,50.0,8.0,10,1.39,0.48,1.185754132834823,34238,0.2377638888888881,200,207,1.035,bend0W3.0|qp50
3.0,50.0,50.0,8.0,22,1.39,0.48,1.1303555416833198,35242,0.2447361111111119,200,197,0.985,bend0W3.0|qp50
2.5,50.0,50.0,8.0,5,1.39,0.48,1.074604938271507,37260,0.3104999999999974,200,194,0.97,bend0W2.5|qp50
2.5,50.0,50.0,8.0,17,1.39,0.48,1.070299616490888,37548,0.3129,200,196,0.98,bend0W2.5|qp50
2.5,50.0,50.0,8.0,29,1.39,0.48,1.150712544103748,34861,0.2905083333333298,200,202,1.01,bend0W2.5|qp50
3.0,50.0,50.0,8.0,11,1.39,0.48,1.1781798373040475,34420,0.2390277777777782,200,203,1.015,bend0W3.0|qp50
3.0,50.0,50.0,8.0,23,1.39,0.48,1.079345640261837,37594,0.2610694444444448,200,204,1.02,bend0W3.0|qp50
2.5,50.0,50.0,8.0,6,1.39,0.48,1.115337290715394,32850,0.2737500000000007,128,159,1.2421875,bend0W2.5|qp50
2.5,50.0,50.0,8.0,18,1.39,0.48,0.998813521267329,40085,0.3340416666666677,200,199,0.995,bend0W2.5|qp50
3.0,50.0,50.0,8.0,0,1.39,0.48,1.1320183511904756,35747,0.2482430555555545,200,202,1.01,bend0W3.0|qp50
3.0,50.0,50.0,8.0,12,1.39,0.48,1.1872193018722668,33862,0.2351527777777771,200,200,1.0,bend0W3.0|qp50
3.0,50.0,50.0,8.0,24,1.39,0.48,1.1863705704278995,33694,0.2339861111111081,200,202,1.01,bend0W3.0|qp50
2.5,50.0,50.0,8.0,7,1.39,0.48,1.1133414219172466,35853,0.2987749999999963,200,200,1.0,bend0W2.5|qp50
2.5,50.0,50.0,8.0,19,1.39,0.48,1.154335343927634,34484,0.2873666666666614,200,199,0.995,bend0W2.5|qp50
3.0,50.0,50.0,8.0,1,1.39,0.48,1.11932078628176,35865,0.2490625000000003,200,201,1.005,bend0W3.0|qp50
3.0,50.0,50.0,8.0,13,1.39,0.48,1.1630399172343246,34797,0.2416458333333312,200,200,1.0,bend0W3.0|qp50
3.0,50.0,50.0,8.0,25,1.39,0.48,1.0838732394366102,37346,0.2593472222222201,200,201,1.005,bend0W3.0|qp50
2.5,50.0,50.0,8.0,8,1.39,0.48,1.1172566074674763,35755,0.2979583333333273,200,198,0.99,bend0W2.5|qp50
2.5,50.0,50.0,8.0,20,1.39,0.48,1.1188349301944622,36530,0.3044166666666614,200,202,1.01,bend0W2.5|qp50
3.0,50.0,50.0,8.0,2,1.39,0.48,1.119330453563743,35651,0.2475763888888916,200,202,1.01,bend0W3.0|qp50
3.0,50.0,50.0,8.0,14,1.39,0.48,1.1490348349547332,35051,0.2434097222222226,200,199,0.995,bend0W3.0|qp50
3.0,50.0,50.0,8.0,26,1.39,0.48,1.1714210510925789,34193,0.237451388888886,200,195,0.975,bend0W3.0|qp50
2.5,50.0,50.0,8.0,9,1.39,0.48,1.1059063175995416,36058,0.3004833333333309,200,195,0.975,bend0W2.5|qp50
2.5,50.0,50.0,8.0,21,1.39,0.48,1.0988145639288127,36611,0.3050916666666643,200,199,0.995,bend0W2.5|qp50
3.0,50.0,50.0,8.0,3,1.39,0.48,1.18192418116831,34134,0.2370416666666672,200,201,1.005,bend0W3.0|qp50
3.0,50.0,50.0,8.0,15,1.39,0.48,1.153069451607485,34902,0.2423749999999999,200,196,0.98,bend0W3.0|qp50
3.0,50.0,50.0,8.0,27,1.39,0.48,1.1524651850168262,35186,0.2443472222222224,200,207,1.035,bend0W3.0|qp50
2.5,50.0,50.0,8.0,10,1.39,0.48,1.1313445213347562,35693,0.2974416666666666,200,202,1.01,bend0W2.5|qp50
2.5,50.0,50.0,8.0,22,1.39,0.48,1.1145046143613695,36083,0.3006916666666624,200,199,0.995,bend0W2.5|qp50
3.0,50.0,50.0,8.0,4,1.39,0.48,1.167677149334448,34406,0.2389305555555544,200,195,0.975,bend0W3.0|qp50
3.0,50.0,50.0,8.0,16,1.39,0.48,1.1630264446621317,34714,0.2410694444444463,200,197,0.985,bend0W3.0|qp50
3.0,50.0,50.0,8.0,28,1.39,0.48,1.1349449564413947,35699,0.2479097222222214,200,197,0.985,bend0W3.0|qp50
2.5,50.0,50.0,8.0,11,1.39,0.48,1.1396140901952856,35656,0.2971333333333278,200,202,1.01,bend0W2.5|qp50
2.5,50.0,50.0,8.0,23,1.39,0.48,1.094895785211617,36799,0.306658333333329,200,203,1.015,bend0W2.5|qp50
3.0,50.0,50.0,8.0,5,1.39,0.48,1.1511830807352037,34706,0.2410138888888882,200,195,0.975,bend0W3.0|qp50
3.0,50.0,50.0,8.0,17,1.39,0.48,1.1325997523777982,35538,0.2467916666666671,200,198,0.99,bend0W3.0|qp50
3.0,50.0,50.0,8.0,29,1.39,0.48,1.144442272870921,34793,0.2416180555555561,200,202,1.01,bend0W3.0|qp50
2.5,50.0,50.0,10.0,0,1.39,0.48,1.0622463844058545,38168,0.3180666666666655,200,201,1.005,bend0W2.5|qp50
2.5,50.0,50.0,10.0,12,1.39,0.48,1.0330545605564387,38526,0.3210499999999993,200,197,0.985,bend0W2.5|qp50
2.5,50.0,50.0,10.0,24,1.39,0.48,1.0949145146683072,36439,0.303658333333332,200,199,0.995,bend0W2.5|qp50
3.0,50.0,50.0,10.0,6,1.39,0.48,1.107141324678033,36356,0.2524722222222232,200,202,1.01,bend0W3.0|qp50
3.0,50.0,50.0,10.0,18,1.39,0.48,1.129737843551795,35475,0.2463541666666662,200,205,1.025,bend0W3.0|qp50
2.5,50.0,50.0,10.0,1,1.39,0.48,1.1150278011793822,35610,0.2967499999999961,200,202,1.01,bend0W2.5|qp50
2.5,50.0,50.0,10.0,13,1.39,0.48,1.0943179767601932,36575,0.3047916666666632,200,203,1.015,bend0W2.5|qp50
2.5,50.0,50.0,10.0,25,1.39,0.48,0.1257311416553655,152638,1.2719833333333337,20,60,3.0,bend0W2.5|qp50
3.0,50.0,50.0,10.0,7,1.39,0.48,1.0808945908459588,37492,0.2603611111111121,200,201,1.005,bend0W3.0|qp50
3.0,50.0,50.0,10.0,19,1.39,0.48,1.147587978867793,34639,0.2405486111111119,200,200,1.0,bend0W3.0|qp50
2.5,50.0,50.0,10.0,2,1.39,0.48,1.0659752657844188,36872,0.3072666666666645,200,195,0.975,bend0W2.5|qp50
2.5,50.0,50.0,10.0,14,1.39,0.48,1.0510731298749043,38206,0.3183833333333328,200,198,0.99,bend0W2.5|qp50
2.5,50.0,50.0,10.0,26,1.39,0.48,1.0677215291751794,37275,0.3106249999999993,200,190,0.95,bend0W2.5|qp50
3.0,50.0,50.0,10.0,8,1.39,0.48,1.1395161012076531,34780,0.2415277777777779,200,201,1.005,bend0W3.0|qp50
3.0,50.0,50.0,10.0,20,1.39,0.48,1.1355613833338496,35653,0.2475902777777759,200,201,1.005,bend0W3.0|qp50
2.5,50.0,50.0,10.0,3,1.39,0.48,1.1186506949625474,36189,0.301574999999995,200,203,1.015,bend0W2.5|qp50
2.5,50.0,50.0,10.0,15,1.39,0.48,1.0551643857165425,38142,0.3178499999999973,200,195,0.975,bend0W2.5|qp50
2.5,50.0,50.0,10.0,27,1.39,0.48,1.111149504978004,36059,0.3004916666666584,200,203,1.015,bend0W2.5|qp50
3.0,50.0,50.0,10.0,9,1.39,0.48,1.1102195502987324,35846,0.2489305555555565,200,198,0.99,bend0W3.0|qp50
3.0,50.0,50.0,10.0,21,1.39,0.48,1.1096712358992162,36257,0.2517847222222207,200,197,0.985,bend0W3.0|qp50
2.5,50.0,50.0,10.0,4,1.39,0.48,1.0844323222304977,36297,0.302475,200,186,0.93,bend0W2.5|qp50
2.5,50.0,50.0,10.0,16,1.39,0.48,1.0841482620068477,37083,0.3090249999999955,200,194,0.97,bend0W2.5|qp50
2.5,50.0,50.0,10.0,28,1.39,0.48,1.0637113928130886,37234,0.3102833333333319,200,195,0.975,bend0W2.5|qp50
3.0,50.0,50.0,10.0,10,1.39,0.48,1.144231127942687,35383,0.2457152777777785,200,205,1.025,bend0W3.0|qp50
3.0,50.0,50.0,10.0,22,1.39,0.48,1.1154467060504565,35717,0.2480347222222222,200,199,0.995,bend0W3.0|qp50
2.5,50.0,50.0,10.0,5,1.39,0.48,1.0980311988230544,36027,0.300224999999998,200,193,0.965,bend0W2.5|qp50
2.5,50.0,50.0,10.0,17,1.39,0.48,1.0479766088005034,38134,0.3177833333333373,200,200,1.0,bend0W2.5|qp50
2.5,50.0,50.0,10.0,29,1.39,0.48,1.0901800968496476,36758,0.3063166666666624,200,202,1.01,bend0W2.5|qp50
3.0,50.0,50.0,10.0,11,1.39,0.48,1.1349141744333042,35945,0.2496180555555564,200,204,1.02,bend0W3.0|qp50
3.0,50.0,50.0,10.0,23,1.39,0.48,1.0818985561101109,37676,0.2616388888888912,200,202,1.01,bend0W3.0|qp50
2.5,50.0,50.0,10.0,6,1.39,0.48,1.1294742779783091,35456,0.2954666666666615,200,199,0.995,bend0W2.5|qp50
2.5,50.0,50.0,10.0,18,1.39,0.48,1.0611251526251777,32760,0.2729999999999968,128,148,1.15625,bend0W2.5|qp50
3.0,50.0,50.0,10.0,0,1.39,0.48,1.116096898906055,36471,0.2532708333333343,200,203,1.015,bend0W3.0|qp50
3.0,50.0,50.0,10.0,12,1.39,0.48,1.1591622271867443,34914,0.2424583333333322,200,201,1.005,bend0W3.0|qp50
3.0,50.0,50.0,10.0,24,1.39,0.48,1.1852106495893249,33729,0.234229166666667,200,201,1.005,bend0W3.0|qp50
2.5,50.0,50.0,10.0,7,1.39,0.48,1.0523730204315611,36561,0.3046749999999989,200,191,0.955,bend0W2.5|qp50
2.5,50.0,50.0,10.0,19,1.39,0.48,1.0996846708822463,35899,0.2991583333333327,200,202,1.01,bend0W2.5|qp50
3.0,50.0,50.0,10.0,1,1.39,0.48,1.129100743745688,35496,0.2465000000000028,200,201,1.005,bend0W3.0|qp50
3.0,50.0,50.0,10.0,13,1.39,0.48,1.1199363466317322,35819,0.2487430555555541,200,199,0.995,bend0W3.0|qp50
3.0,50.0,50.0,10.0,25,1.39,0.48,1.038479255604674,39119,0.2716597222222205,200,198,0.99,bend0W3.0|qp50
2.5,50.0,50.0,10.0,8,1.39,0.48,1.0607990671742475,37306,0.3108833333333307,200,194,0.97,bend0W2.5|qp50
2.5,50.0,50.0,10.0,20,1.39,0.48,1.0834769724322195,36782,0.3065166666666623,200,199,0.995,bend0W2.5|qp50
3.0,50.0,50.0,10.0,2,1.39,0.48,1.0895556162140725,36635,0.2544097222222241,200,202,1.01,bend0W3.0|qp50
3.0,50.0,50.0,10.0,14,1.39,0.48,1.1431926397735472,35325,0.2453125000000024,200,202,1.01,bend0W3.0|qp50
3.0,50.0,50.0,10.0,26,1.39,0.48,1.1353436688131426,35412,0.2459166666666641,200,197,0.985,bend0W3.0|qp50
2.5,50.0,50.0,10.0,9,1.39,0.48,1.0798159459240635,36837,0.3069749999999988,200,196,0.98,bend0W2.5|qp50
2.5,50.0,50.0,10.0,21,1.39,0.48,1.075004572104757,37182,0.3098499999999978,200,195,0.975,bend0W2.5|qp50
3.0,50.0,50.0,10.0,3,1.39,0.48,1.1523519592587783,35345,0.2454513888888876,200,203,1.015,bend0W3.0|qp50
3.0,50.0,50.0,10.0,15,1.39,0.48,1.1522748165701635,35027,0.2432430555555541,200,199,0.995,bend0W3.0|qp50
3.0,50.0,50.0,10.0,27,1.39,0.48,1.1630980045106427,35029,0.2432569444444465,200,208,1.04,bend0W3.0|qp50
2.5,50.0,50.0,10.0,10,1.39,0.48,1.0919466252244374,37321,0.311008333333333,200,203,1.015,bend0W2.5|qp50
2.5,50.0,50.0,10.0,22,1.39,0.48,0.9965187973624904,40644,0.3387000000000004,200,200,1.0,bend0W2.5|qp50
3.0,50.0,50.0,10.0,4,1.39,0.48,1.1453690911166603,35032,0.243277777777775,200,193,0.965,bend0W3.0|qp50
3.0,50.0,50.0,10.0,16,1.39,0.48,1.1378138350545817,35345,0.2454513888888869,200,196,0.98,bend0W3.0|qp50
3.0,50.0,50.0,10.0,28,1.39,0.48,1.0682398411647578,37775,0.2623263888888856,200,198,0.99,bend0W3.0|qp50
2.5,50.0,50.0,10.0,11,1.39,0.48,1.048120453220425,39451,0.328758333333332,200,206,1.03,bend0W2.5|qp50
2.5,50.0,50.0,10.0,23,1.39,0.48,1.0630074380165568,36300,0.3024999999999976,200,184,0.92,bend0W2.5|qp50
3.0,50.0,50.0,10.0,5,1.39,0.48,1.1211453063518655,35580,0.2470833333333335,200,194,0.97,bend0W3.0|qp50
3.0,50.0,50.0,10.0,17,1.39,0.48,1.078743603555017,37130,0.2578472222222232,200,199,0.995,bend0W3.0|qp50
3.0,50.0,50.0,10.0,29,1.39,0.48,1.1431310748593158,35186,0.2443472222222228,200,203,1.015,bend0W3.0|qp50
3.0,50.0,50.0,12.0,0,1.39,0.48,1.0549344253797404,38582,0.267930555555555,200,197,0.985,bend0W3.0|qp50
3.0,50.0,50.0,12.0,12,1.39,0.48,1.0880996649010033,37004,0.2569722222222194,200,198,0.99,bend0W3.0|qp50
3.0,50.0,50.0,12.0,24,1.39,0.48,1.1210327391882002,35401,0.2458402777777801,200,200,1.0,bend0W3.0|qp50
3.0,50.0,50.0,12.0,1,1.39,0.48,1.091595362508099,36744,0.2551666666666662,200,200,1.0,bend0W3.0|qp50
3.0,50.0,50.0,12.0,13,1.39,0.48,1.0618919205017698,37787,0.2624097222222221,200,196,0.98,bend0W3.0|qp50
3.0,50.0,50.0,12.0,25,1.39,0.48,1.0332655428394928,38796,0.2694166666666638,200,198,0.99,bend0W3.0|qp50
3.0,50.0,50.0,12.0,2,1.39,0.48,1.066773499734508,37660,0.2615277777777791,200,198,0.99,bend0W3.0|qp50
3.0,50.0,50.0,12.0,14,1.39,0.48,1.10054656755578,36592,0.2541111111111112,200,199,0.995,bend0W3.0|qp50
3.0,50.0,50.0,12.0,26,1.39,0.48,1.1196316666667656,36000,0.2500000000000004,200,192,0.96,bend0W3.0|qp50
3.0,50.0,50.0,12.0,3,1.39,0.48,1.08027457736618,37148,0.2579722222222216,200,200,1.0,bend0W3.0|qp50
3.0,50.0,50.0,12.0,15,1.39,0.48,1.0916064289573837,37020,0.2570833333333342,200,196,0.98,bend0W3.0|qp50
3.0,50.0,50.0,12.0,27,1.39,0.48,1.0733945756780272,37719,0.2619375000000001,200,203,1.015,bend0W3.0|qp50
3.0,50.0,50.0,12.0,4,1.39,0.48,1.1226670207413414,35774,0.2484305555555567,200,196,0.98,bend0W3.0|qp50
3.0,50.0,50.0,12.0,16,1.39,0.48,1.1035279865642242,36321,0.2522291666666658,200,196,0.98,bend0W3.0|qp50
3.0,50.0,50.0,12.0,28,1.39,0.48,1.0343072289157496,38844,0.2697499999999969,200,193,0.965,bend0W3.0|qp50
3.0,50.0,50.0,12.0,5,1.39,0.48,1.0970194295162878,36285,0.2519791666666661,200,194,0.97,bend0W3.0|qp50
3.0,50.0,50.0,12.0,17,1.39,0.48,1.074619496939372,37411,0.2597986111111098,200,194,0.97,bend0W3.0|qp50
3.0,50.0,50.0,12.0,29,1.39,0.48,1.055570791819562,38140,0.2648611111111113,200,199,0.995,bend0W3.0|qp50
3.0,50.0,50.0,12.0,6,1.39,0.48,1.0707309879364593,37634,0.2613472222222259,200,201,1.005,bend0W3.0|qp50
3.0,50.0,50.0,12.0,18,1.39,0.48,1.146881350976026,27358,0.1899861111111081,113,129,1.1415929203539823,bend0W3.0|qp50
3.0,50.0,50.0,12.0,7,1.39,0.48,1.082556804463807,37277,0.2588680555555578,200,199,0.995,bend0W3.0|qp50
3.0,50.0,50.0,12.0,19,1.39,0.48,1.122985620550129,35815,0.2487152777777785,200,198,0.99,bend0W3.0|qp50
3.0,50.0,50.0,12.0,8,1.39,0.48,1.057097875973973,37476,0.2602500000000002,200,195,0.975,bend0W3.0|qp50
3.0,50.0,50.0,12.0,20,1.39,0.48,1.0980140371958085,36617,0.2542847222222198,200,195,0.975,bend0W3.0|qp50
3.0,50.0,50.0,12.0,9,1.39,0.48,1.1025796815480091,36489,0.2533958333333346,200,195,0.975,bend0W3.0|qp50
3.0,50.0,50.0,12.0,21,1.39,0.48,1.054204217594276,38126,0.2647638888888877,200,195,0.975,bend0W3.0|qp50
3.0,50.0,50.0,12.0,10,1.39,0.48,1.0891734417345005,36900,0.2562499999999979,200,197,0.985,bend0W3.0|qp50
3.0,50.0,50.0,12.0,22,1.39,0.48,1.0826386737329194,36795,0.2555208333333327,200,196,0.98,bend0W3.0|qp50
3.0,50.0,50.0,12.0,11,1.39,0.48,1.116984000658754,36439,0.2530486111111111,200,198,0.99,bend0W3.0|qp50
3.0,50.0,50.0,12.0,23,1.39,0.48,1.0384015348562134,38831,0.2696597222222209,200,202,1.01,bend0W3.0|qp50
