W,L,qp,qr,seed,v_ref,r_robot,mean_speed,speed_count,mean_density,inflow_ped,outflow_ped,flow_ratio,tag
2.5,50.0,50.0,1.0,0,1.39,0.48,1.1575776433139169,34871,0.2905916666666659,200,206,1.03,bpentry15|qp50
2.5,50.0,50.0,1.0,12,1.39,0.48,1.1633577399826849,34690,0.2890833333333292,200,199,0.995,bpentry15|qp50
2.5,50.0,50.0,1.0,24,1.39,0.48,1.178027898454301,33837,0.2819749999999971,200,198,0.99,bpentry15|qp50
2.5,50.0,50.0,1.0,6,1.39,0.48,1.183997690736326,33777,0.2814749999999976,200,196,0.98,bpentry20|qp50
2.5,50.0,50.0,1.0,18,1.39,0.48,1.1603184973459506,34286,0.2857166666666628,200,202,1.01,bpentry20|qp50
2.5,50.0,50.0,1.0,0,1.39,0.48,1.1468997906411609,35346,0.2945500000000009,200,203,1.015,bpentry30|qp50
2.5,50.0,50.0,1.0,12,1.39,0.48,1.1670961960918709,34596,0.2882999999999955,200,198,0.99,bpentry30|qp50
2.5,50.0,50.0,1.0,24,1.39,0.48,1.1696502333722152,34280,0.2856666666666679,200,200,1.0,bpentry30|qp50
2.5,50.0,50.0,1.0,6,1.39,0.48,1.1849882862311376,33721,0.2810083333333319,200,196,0.98,bpentry45|qp50
2.5,50.0,50.0,1.0,18,1.39,0.48,1.1674210587416185,34456,0.287133333333333,200,202,1.01,bpentry45|qp50
2.5,50.0,50.0,1.0,0,1.39,0.48,1.167232980289205,34651,0.2887583333333322,198,205,1.0353535353535352,bpentry60|qp50
2.5,50.0,50.0,1.0,12,1.39,0.48,1.1724557142009393,33758,0.2813166666666631,200,194,0.97,bpentry60|qp50
2.5,50.0,50.0,1.0,24,1.39,0.48,1.2111238164383429,33057,0.2754749999999993,200,202,1.01,bpentry60|qp50
2.5,50.0,50.0,1.0,6,1.39,0.48,0.6753499430714596,29862,0.2488499999999986,0,0,1.0,bpentry90|qp50
2.5,50.0,50.0,1.0,18,1.39,0.48,0.6545107676389161,30926,0.2577166666666644,0,0,1.0,bpentry90|qp50
2.5,50.0,50.0,1.0,0,1.39,0.48,1.1639159317375602,34924,0.2910333333333337,200,207,1.035,bpexit15|qp50
2.5,50.0,50.0,1.0,12,1.39,0.48,0.9878806903571788,41254,0.3437833333333336,200,195,0.975,bpexit15|qp50
2.5,50.0,50.0,1.0,24,1.39,0.48,1.1852218359650963,33944,0.2828666666666651,200,204,1.02,bpexit15|qp50
2.5,50.0,50.0,1.0,6,1.39,0.48,1.160381969430959,34741,0.2895083333333278,200,198,0.99,bpexit20|qp50
2.5,50.0,50.0,1.0,18,1.39,0.48,1.129552794677944,35174,0.2931166666666669,200,205,1.025,bpexit20|qp50
2.5,50.0,50.0,1.0,0,1.39,0.48,1.1694812538058266,34487,0.2873916666666653,200,203,1.015,bpexit30|qp50
2.5,50.0,50.0,1.0,12,1.39,0.48,1.03703220839205,38965,0.324708333333334,200,189,0.945,bpexit30|qp50
2.5,50.0,50.0,1.0,24,1.39,0.48,1.1938913797225923,33456,0.2787999999999936,200,201,1.005,bpexit30|qp50
2.5,50.0,50.0,1.0,6,1.39,0.48,1.1707619747281608,34030,0.2835833333333301,200,199,0.995,bpexit45|qp50
2.5,50.0,50.0,1.0,18,1.39,0.48,1.1568396690389684,34566,0.2880499999999985,200,205,1.025,bpexit45|qp50
2.5,50.0,50.0,1.0,0,1.39,0.48,1.1624157142037392,34822,0.2901833333333329,200,203,1.015,bpexit60|qp50
2.5,50.0,50.0,1.0,12,1.39,0.48,1.1761333177949376,34324,0.2860333333333278,200,202,1.01,bpexit60|qp50
2.5,50.0,50.0,1.0,24,1.39,0.48,1.199131741024433,33285,0.2773749999999937,200,200,1.0,bpexit60|qp50
2.5,50.0,50.0,1.0,6,1.39,0.48,0.403115811246498,49313,0.4109416666666662,0,2,1.0,bpexit90|qp50
2.5,50.0,50.0,1.0,18,1.39,0.48,0.3929009964641317,49776,0.4148000000000026,0,3,1.0,bpexit90|qp50
2.5,50.0,50.0,1.0,0,1.39,0.48,1.17136987094171,34558,0.2879833333333344,200,205,1.025,bpmiddle0|qp50
2.5,50.0,50.0,1.0,12,1.39,0.48,1.1935278263185565,33763,0.2813583333333297,200,202,1.01,bpmiddle0|qp50
2.5,50.0,50.0,1.0,24,1.39,0.48,1.2029810607197866,33317,0.277641666666663,200,201,1.005,bpmiddle0|qp50
2.5,50.0,50.0,1.0,6,1.39,0.48,0.9368235807659736,43527,0.3627250000000012,200,197,0.985,bpmiddle15|qp50
2.5,50.0,50.0,1.0,18,1.39,0.48,0.9877500724148148,41428,0.345233333333335,200,203,1.015,bpmiddle15|qp50
2.5,50.0,50.0,1.0,0,1.39,0.48,0.7973136745964959,51241,0.4270083333333342,200,202,1.01,bpmiddle20|qp50
2.5,50.0,50.0,1.0,12,1.39,0.48,0.9311513592276384,43922,0.3660166666666678,200,197,0.985,bpmiddle20|qp50
2.5,50.0,50.0,1.0,24,1.39,0.48,0.954275764399934,43073,0.3589416666666691,200,199,0.995,bpmiddle20|qp50
2.5,50.0,50.0,1.0,6,1.39,0.48,0.9290340856959468,43596,0.3633000000000002,198,199,1.005050505050505,bpmiddle30|qp50
2.5,50.0,50.0,1.0,18,1.39,0.48,0.8935361183447543,45697,0.3808083333333338,198,205,1.0353535353535352,bpmiddle30|qp50
2.5,50.0,50.0,1.0,0,1.39,0.48,0.8150897105072544,49604,0.413366666666664,198,203,1.0252525252525253,bpmiddle45|qp50
2.5,50.0,50.0,1.0,12,1.39,0.48,0.86178468991006,47067,0.3922249999999993,198,196,0.98989898989899,bpmiddle45|qp50
2.5,50.0,50.0,1.0,24,1.39,0.48,0.9369436835507398,43078,0.3589833333333365,198,200,1.0101010101010102,bpmiddle45|qp50
2.5,50.0,50.0,1.0,6,1.39,0.48,0.9416887261804132,42612,0.3551000000000014,198,198,1.0,bpmiddle60|qp50
2.5,50.0,50.0,1.0,18,1.39,0.48,0.9850318679112926,39852,0.3321000000000019,200,203,1.015,bpmiddle60|qp50
2.5,50.0,50.0,1.0,0,1.39,0.48,0.7674046886561132,51358,0.4279833333333448,198,198,1.0,bpmiddle75|qp50
2.5,50.0,50.0,1.0,12,1.39,0.48,0.7475578699304184,52618,0.4384833333333438,198,194,0.9797979797979798,bpmiddle75|qp50
2.5,50.0,50.0,1.0,24,1.39,0.48,0.8196869844849471,47889,0.3990749999999961,199,196,0.984924623115578,bpmiddle75|qp50
2.5,50.0,50.0,1.0,6,1.39,0.48,0.2079358380053733,127708,1.0642333333333345,61,99,1.6229508196721312,bpmiddle90|qp50
2.5,50.0,50.0,1.0,18,1.39,0.48,0.2603938887778765,110158,0.9179833333333296,76,121,1.5921052631578947,bpmiddle90|qp50
2.5,50.0,50.0,1.0,1,1.39,0.48,1.1343935476617852,35584,0.2965333333333307,200,203,1.015,bpentry15|qp50
2.5,50.0,50.0,1.0,13,1.39,0.48,1.1536795555052612,35276,0.2939666666666677,200,195,0.975,bpentry15|qp50
2.5,50.0,50.0,1.0,25,1.39,0.48,1.1425919216507576,35329,0.2944083333333283,200,203,1.015,bpentry15|qp50
2.5,50.0,50.0,1.0,7,1.39,0.48,1.1683534853762252,34157,0.2846416666666608,200,199,0.995,bpentry20|qp50
2.5,50.0,50.0,1.0,19,1.39,0.48,1.2141950870498806,33544,0.2795333333333294,200,200,1.0,bpentry20|qp50
2.5,50.0,50.0,1.0,1,1.39,0.48,1.159431112651187,34629,0.2885749999999956,200,198,0.99,bpentry30|qp50
2.5,50.0,50.0,1.0,13,1.39,0.48,1.160134316792606,34843,0.2903583333333364,200,197,0.985,bpentry30|qp50
2.5,50.0,50.0,1.0,25,1.39,0.48,1.1525797606466752,35011,0.2917583333333272,200,205,1.025,bpentry30|qp50
2.5,50.0,50.0,1.0,7,1.39,0.48,1.154360672733452,34724,0.2893666666666635,200,198,0.99,bpentry45|qp50
2.5,50.0,50.0,1.0,19,1.39,0.48,1.2005944957429082,33356,0.2779666666666661,200,201,1.005,bpentry45|qp50
2.5,50.0,50.0,1.0,1,1.39,0.48,1.1596782911191257,34783,0.2898583333333279,200,202,1.01,bpentry60|qp50
2.5,50.0,50.0,1.0,13,1.39,0.48,1.1676682006174992,34334,0.286116666666663,198,197,0.9949494949494948,bpentry60|qp50
2.5,50.0,50.0,1.0,25,1.39,0.48,1.152717561155767,35197,0.2933083333333288,200,207,1.035,bpentry60|qp50
2.5,50.0,50.0,1.0,7,1.39,0.48,0.6764014003905751,29706,0.2475499999999992,0,0,1.0,bpentry90|qp50
2.5,50.0,50.0,1.0,19,1.39,0.48,0.6684955545157125,29918,0.2493166666666634,0,0,1.0,bpentry90|qp50
2.5,50.0,50.0,1.0,1,1.39,0.48,1.1687417777518652,34358,0.2863166666666635,200,203,1.015,bpexit15|qp50
2.5,50.0,50.0,1.0,13,1.39,0.48,1.1595641492529836,34599,0.288324999999999,200,198,0.99,bpexit15|qp50
2.5,50.0,50.0,1.0,25,1.39,0.48,1.072551549145405,37440,0.3119999999999971,200,195,0.975,bpexit15|qp50
2.5,50.0,50.0,1.0,7,1.39,0.48,1.1205299604294658,35380,0.2948333333333309,200,199,0.995,bpexit20|qp50
2.5,50.0,50.0,1.0,19,1.39,0.48,1.1780539884744663,32970,0.2747499999999975,200,201,1.005,bpexit20|qp50
2.5,50.0,50.0,1.0,1,1.39,0.48,1.167956030552031,34433,0.2869416666666631,200,203,1.015,bpexit30|qp50
2.5,50.0,50.0,1.0,13,1.39,0.48,1.1520246934899978,34746,0.2895499999999973,200,199,0.995,bpexit30|qp50
2.5,50.0,50.0,1.0,25,1.39,0.48,1.1321598485703777,35396,0.2949666666666655,200,200,1.0,bpexit30|qp50
2.5,50.0,50.0,1.0,7,1.39,0.48,1.1328626648474762,35184,0.2931999999999951,200,197,0.985,bpexit45|qp50
2.5,50.0,50.0,1.0,19,1.39,0.48,1.1818150705494028,33310,0.2775833333333302,200,201,1.005,bpexit45|qp50
2.5,50.0,50.0,1.0,1,1.39,0.48,1.1567741843240755,34971,0.2914249999999963,200,203,1.015,bpexit60|qp50
2.5,50.0,50.0,1.0,13,1.39,0.48,1.1688926047635442,34387,0.2865583333333298,200,199,0.995,bpexit60|qp50
2.5,50.0,50.0,1.0,25,1.39,0.48,1.1229012794010536,35798,0.2983166666666645,200,202,1.01,bpexit60|qp50
2.5,50.0,50.0,1.0,7,1.39,0.48,0.4393810279051326,46658,0.3888166666666663,0,4,1.0,bpexit90|qp50
2.5,50.0,50.0,1.0,19,1.39,0.48,0.4227674413791614,48319,0.4026583333333344,0,3,1.0,bpexit90|qp50
2.5,50.0,50.0,1.0,1,1.39,0.48,1.167202351646382,34529,0.287741666666663,200,202,1.01,bpmiddle0|qp50
2.5,50.0,50.0,1.0,13,1.39,0.48,1.188733911914129,33876,0.282299999999998,200,197,0.985,bpmiddle0|qp50
2.5,50.0,50.0,1.0,25,1.39,0.48,1.1704016274338662,34410,0.2867499999999965,200,203,1.015,bpmiddle0|qp50
2.5,50.0,50.0,1.0,7,1.39,0.48,0.9574198729138048,42963,0.358024999999998,200,199,0.995,bpmiddle15|qp50
2.5,50.0,50.0,1.0,19,1.39,0.48,0.9818203754645612,41442,0.3453500000000009,200,199,0.995,bpmiddle15|qp50
2.5,50.0,50.0,1.0,1,1.39,0.48,0.9049441751299856,45589,0.3799083333333327,200,201,1.005,bpmiddle20|qp50
2.5,50.0,50.0,1.0,13,1.39,0.48,0.8542524427223886,47488,0.3957333333333314,200,195,0.975,bpmiddle20|qp50
2.5,50.0,50.0,1.0,25,1.39,0.48,0.8586855740387389,47671,0.3972583333333332,200,202,1.01,bpmiddle20|qp50
2.5,50.0,50.0,1.0,7,1.39,0.48,0.8689330323550912,46515,0.3876249999999978,198,196,0.98989898989899,bpmiddle30|qp50
2.5,50.0,50.0,1.0,19,1.39,0.48,0.9202594933809986,43662,0.3638500000000007,198,199,1.005050505050505,bpmiddle30|qp50
2.5,50.0,50.0,1.0,1,1.39,0.48,0.8207990245301678,48797,0.406641666666664,198,199,1.005050505050505,bpmiddle45|qp50
2.5,50.0,50.0,1.0,13,1.39,0.48,0.8697154524808288,45792,0.3815999999999997,198,197,0.9949494949494948,bpmiddle45|qp50
2.5,50.0,50.0,1.0,25,1.39,0.48,0.7983868513773266,49952,0.4162666666666748,198,195,0.9848484848484848,bpmiddle45|qp50
2.5,50.0,50.0,1.0,7,1.39,0.48,0.9325640785999222,42799,0.3566583333333368,198,198,1.0,bpmiddle60|qp50
2.5,50.0,50.0,1.0,19,1.39,0.48,0.9657566917073984,41133,0.3427749999999979,198,202,1.02020202020202,bpmiddle60|qp50
2.5,50.0,50.0,1.0,1,1.39,0.48,0.8257930363500683,48308,0.4025666666666639,198,198,1.0,bpmiddle75|qp50
2.5,50.0,50.0,1.0,13,1.39,0.48,0.756679938625316,51487,0.4290583333333316,198,191,0.9646464646464646,bpmiddle75|qp50
2.5,50.0,50.0,1.0,25,1.39,0.48,0.7809195447564634,50786,0.4232166666666749,198,198,1.0,bpmiddle75|qp50
2.5,50.0,50.0,1.0,7,1.39,0.48,0.1777445560504228,145253,1.2104416666666686,53,91,1.7169811320754718,bpmiddle90|qp50
2.5,50.0,50.0,1.0,19,1.39,0.48,0.173360096510948,146719,1.2226583333333363,49,89,1.816326530612245,bpmiddle90|qp50
2.5,50.0,50.0,1.0,2,1.39,0.48,1.1289481884366532,35301,0.2941749999999993,200,199,0.995,bpentry15|qp50
2.5,50.0,50.0,1.0,14,1.39,0.48,1.183722344001179,34215,0.2851249999999973,200,203,1.015,bpentry15|qp50
2.5,50.0,50.0,1.0,26,1.39,0.48,1.166404895608495,34725,0.2893750000000006,200,196,0.98,bpentry15|qp50
2.5,50.0,50.0,1.0,8,1.39,0.48,1.1514757236498847,34478,0.2873166666666621,200,198,0.99,bpentry20|qp50
2.5,50.0,50.0,1.0,20,1.39,0.48,1.1718770933451237,34335,0.2861249999999951,200,196,0.98,bpentry20|qp50
2.5,50.0,50.0,1.0,2,1.39,0.48,1.1462228995342345,34778,0.2898166666666643,200,199,0.995,bpentry30|qp50
2.5,50.0,50.0,1.0,14,1.39,0.48,1.1654782059743394,34849,0.29040833333333,200,200,1.0,bpentry30|qp50
2.5,50.0,50.0,1.0,26,1.39,0.48,1.1750158168154228,34457,0.2871416666666666,200,194,0.97,bpentry30|qp50
2.5,50.0,50.0,1.0,8,1.39,0.48,1.1667665870840327,33927,0.2827249999999957,200,198,0.99,bpentry45|qp50
2.5,50.0,50.0,1.0,20,1.39,0.48,1.1760436382755488,34236,0.2852999999999993,200,198,0.99,bpentry45|qp50
2.5,50.0,50.0,1.0,2,1.39,0.48,1.166841370078327,34363,0.2863583333333277,200,199,0.995,bpentry60|qp50
2.5,50.0,50.0,1.0,14,1.39,0.48,1.1718625495127943,34587,0.2882249999999953,200,200,1.0,bpentry60|qp50
2.5,50.0,50.0,1.0,26,1.39,0.48,1.167447620148753,34603,0.2883583333333314,200,197,0.985,bpentry60|qp50
2.5,50.0,50.0,1.0,8,1.39,0.48,0.6638801773190445,30228,0.2518999999999973,0,0,1.0,bpentry90|qp50
2.5,50.0,50.0,1.0,20,1.39,0.48,0.6713363139592485,30195,0.2516249999999982,0,0,1.0,bpentry90|qp50
2.5,50.0,50.0,1.0,2,1.39,0.48,1.1468928012066433,34478,0.2873166666666619,200,201,1.005,bpexit15|qp50
2.5,50.0,50.0,1.0,14,1.39,0.48,1.1207428134639548,36631,0.3052583333333302,200,196,0.98,bpexit15|qp50
2.5,50.0,50.0,1.0,26,1.39,0.48,1.130263548107648,35743,0.2978583333333343,200,195,0.975,bpexit15|qp50
2.5,50.0,50.0,1.0,8,1.39,0.48,1.1497764891013382,34316,0.2859666666666611,200,202,1.01,bpexit20|qp50
2.5,50.0,50.0,1.0,20,1.39,0.48,1.1335847268673775,35880,0.2989999999999946,200,199,0.995,bpexit20|qp50
2.5,50.0,50.0,1.0,2,1.39,0.48,1.1511173700782955,34617,0.2884749999999952,200,202,1.01,bpexit30|qp50
2.5,50.0,50.0,1.0,14,1.39,0.48,1.1705377181595962,34665,0.2888749999999981,200,200,1.0,bpexit30|qp50
2.5,50.0,50.0,1.0,26,1.39,0.48,1.1721682012788468,34102,0.2841833333333315,200,193,0.965,bpexit30|qp50
2.5,50.0,50.0,1.0,8,1.39,0.48,1.1327089956182554,34917,0.2909749999999967,200,200,1.0,bpexit45|qp50
2.5,50.0,50.0,1.0,20,1.39,0.48,1.168956526782941,34481,0.2873416666666624,200,199,0.995,bpexit45|qp50
2.5,50.0,50.0,1.0,2,1.39,0.48,1.1579056356487625,34335,0.2861249999999932,200,201,1.005,bpexit60|qp50
2.5,50.0,50.0,1.0,14,1.39,0.48,1.168874914049954,34904,0.2908666666666671,200,199,0.995,bpexit60|qp50
2.5,50.0,50.0,1.0,26,1.39,0.48,1.167642981438901,34480,0.2873333333333313,200,195,0.975,bpexit60|qp50
2.5,50.0,50.0,1.0,8,1.39,0.48,0.4296366778222061,45717,0.3809750000000019,0,1,1.0,bpexit90|qp50
2.5,50.0,50.0,1.0,20,1.39,0.48,0.4451619879943503,45312,0.3776000000000024,0,4,1.0,bpexit90|qp50
2.5,50.0,50.0,1.0,2,1.39,0.48,1.1627121718102758,34736,0.2894666666666616,200,201,1.005,bpmiddle0|qp50
2.5,50.0,50.0,1.0,14,1.39,0.48,1.188584548575456,34081,0.284008333333331,200,201,1.005,bpmiddle0|qp50
2.5,50.0,50.0,1.0,26,1.39,0.48,1.1945159380827766,33787,0.2815583333333351,200,195,0.975,bpmiddle0|qp50
2.5,50.0,50.0,1.0,8,1.39,0.48,0.9697906126697714,41311,0.3442583333333368,200,199,0.995,bpmiddle15|qp50
2.5,50.0,50.0,1.0,20,1.39,0.48,0.9332670753465664,43718,0.3643166666666638,200,196,0.98,bpmiddle15|qp50
2.5,50.0,50.0,1.0,2,1.39,0.48,0.9237903005464766,43920,0.3659999999999995,200,200,1.0,bpmiddle20|qp50
2.5,50.0,50.0,1.0,14,1.39,0.48,0.8427064229551399,48965,0.4080416666666636,200,198,0.99,bpmiddle20|qp50
2.5,50.0,50.0,1.0,26,1.39,0.48,0.9285530125466102,43518,0.3626499999999999,200,194,0.97,bpmiddle20|qp50
2.5,50.0,50.0,1.0,8,1.39,0.48,0.9108138905185464,44318,0.3693166666666701,198,199,1.005050505050505,bpmiddle30|qp50
2.5,50.0,50.0,1.0,20,1.39,0.48,0.8595442919260132,46916,0.3909666666666614,198,197,0.9949494949494948,bpmiddle30|qp50
2.5,50.0,50.0,1.0,2,1.39,0.48,0.9107048478016302,44350,0.3695833333333324,198,199,1.005050505050505,bpmiddle45|qp50
2.5,50.0,50.0,1.0,14,1.39,0.48,0.8477943805874605,46980,0.3915000000000024,198,196,0.98989898989899,bpmiddle45|qp50
2.5,50.0,50.0,1.0,26,1.39,0.48,0.9383747215383555,42645,0.3553749999999955,198,199,1.005050505050505,bpmiddle45|qp50
2.5,50.0,50.0,1.0,8,1.39,0.48,0.9776146360642852,40694,0.339116666666672,200,199,0.995,bpmiddle60|qp50
2.5,50.0,50.0,1.0,20,1.39,0.48,0.9901596469917784,40339,0.3361583333333319,200,198,0.99,bpmiddle60|qp50
2.5,50.0,50.0,1.0,2,1.39,0.48,0.7784873031945951,50367,0.4197250000000093,198,196,0.98989898989899,bpmiddle75|qp50
2.5,50.0,50.0,1.0,14,1.39,0.48,0.7172201316155186,53945,0.4495416666666629,198,178,0.898989898989899,bpmiddle75|qp50
2.5,50.0,50.0,1.0,26,1.39,0.48,0.8189400835464007,48117,0.4009749999999942,198,193,0.9747474747474748,bpmiddle75|qp50
2.5,50.0,50.0,1.0,8,1.39,0.48,0.274117360691714,110923,0.9243583333333344,85,124,1.4588235294117646,bpmiddle90|qp50
2.5,50.0,50.0,1.0,20,1.39,0.48,0.4701756992441934,77405,0.6450416666666644,187,147,0.786096256684492,bpmiddle90|qp50
2.5,50.0,50.0,1.0,3,1.39,0.48,1.1889964094929906,34257,0.2854749999999997,200,199,0.995,bpentry15|qp50
2.5,50.0,50.0,1.0,15,1.39,0.48,1.1754837866868266,34447,0.2870583333333311,200,199,0.995,bpentry15|qp50
2.5,50.0,50.0,1.0,27,1.39,0.48,1.1918670999285796,33544,0.2795333333333312,200,212,1.06,bpentry15|qp50
2.5,50.0,50.0,1.0,9,1.39,0.48,1.1644594868822984,34495,0.2874583333333316,200,194,0.97,bpentry20|qp50
2.5,50.0,50.0,1.0,21,1.39,0.48,1.1446980833380105,35374,0.2947833333333315,200,198,0.99,bpentry20|qp50
2.5,50.0,50.0,1.0,3,1.39,0.48,1.17488010501753,34280,0.2856666666666653,200,195,0.975,bpentry30|qp50
2.5,50.0,50.0,1.0,15,1.39,0.48,1.187510493644834,33830,0.2819166666666649,200,200,1.0,bpentry30|qp50
2.5,50.0,50.0,1.0,27,1.39,0.48,1.1959066400549525,33569,0.2797416666666644,200,209,1.045,bpentry30|qp50
2.5,50.0,50.0,1.0,9,1.39,0.48,1.159578674586692,34344,0.2861999999999955,200,194,0.97,bpentry45|qp50
2.5,50.0,50.0,1.0,21,1.39,0.48,1.1692909222947516,34425,0.286874999999996,200,200,1.0,bpentry45|qp50
2.5,50.0,50.0,1.0,3,1.39,0.48,1.2154801617009925,33395,0.2782916666666661,200,202,1.01,bpentry60|qp50
2.5,50.0,50.0,1.0,15,1.39,0.48,1.1904427685758208,21614,0.1801166666666681,32,70,2.1875,bpentry60|qp50
2.5,50.0,50.0,1.0,27,1.39,0.48,1.1906135404058886,33869,0.2822416666666659,200,211,1.055,bpentry60|qp50
2.5,50.0,50.0,1.0,9,1.39,0.48,0.6634735949375264,30657,0.2554749999999974,0,0,1.0,bpentry90|qp50
2.5,50.0,50.0,1.0,21,1.39,0.48,0.6755578835345392,30069,0.2505749999999961,0,0,1.0,bpentry90|qp50
2.5,50.0,50.0,1.0,3,1.39,0.48,1.189191405901842,33651,0.2804249999999958,200,202,1.01,bpexit15|qp50
2.5,50.0,50.0,1.0,15,1.39,0.48,1.1775401962221166,34145,0.2845416666666654,200,201,1.005,bpexit15|qp50
2.5,50.0,50.0,1.0,27,1.39,0.48,1.168164251207851,34983,0.2915249999999956,200,211,1.055,bpexit15|qp50
2.5,50.0,50.0,1.0,9,1.39,0.48,1.1363900803911482,35203,0.293358333333333,200,194,0.97,bpexit20|qp50
2.5,50.0,50.0,1.0,21,1.39,0.48,1.157629391490629,34527,0.287724999999999,200,198,0.99,bpexit20|qp50
2.5,50.0,50.0,1.0,3,1.39,0.48,1.2088763875936457,33241,0.2770083333333318,200,202,1.01,bpexit30|qp50
2.5,50.0,50.0,1.0,15,1.39,0.48,1.1673925908735052,34471,0.2872583333333324,200,200,1.0,bpexit30|qp50
2.5,50.0,50.0,1.0,27,1.39,0.48,1.1668430457088002,34698,0.2891499999999967,200,210,1.05,bpexit30|qp50
2.5,50.0,50.0,1.0,9,1.39,0.48,1.139767860202432,35022,0.2918499999999963,200,193,0.965,bpexit45|qp50
2.5,50.0,50.0,1.0,21,1.39,0.48,1.1528661728111549,34963,0.2913583333333331,200,197,0.985,bpexit45|qp50
2.5,50.0,50.0,1.0,3,1.39,0.48,1.1850683881618205,33924,0.2827000000000014,200,203,1.015,bpexit60|qp50
2.5,50.0,50.0,1.0,15,1.39,0.48,1.1918211377264525,33523,0.279358333333335,200,196,0.98,bpexit60|qp50
2.5,50.0,50.0,1.0,27,1.39,0.48,1.1706956521740983,34615,0.2884583333333291,200,205,1.025,bpexit60|qp50
2.5,50.0,50.0,1.0,9,1.39,0.48,0.4057932184993679,49753,0.4146083333333334,0,3,1.0,bpexit90|qp50
2.5,50.0,50.0,1.0,21,1.39,0.48,0.3931117848564833,50794,0.4232833333333323,0,2,1.0,bpexit90|qp50
2.5,50.0,50.0,1.0,3,1.39,0.48,1.2116328441143354,33114,0.2759500000000004,200,199,0.995,bpmiddle0|qp50
2.5,50.0,50.0,1.0,15,1.39,0.48,1.209099080078592,33155,0.2762916666666676,200,201,1.005,bpmiddle0|qp50
2.5,50.0,50.0,1.0,27,1.39,0.48,1.194022719877035,33803,0.281691666666663,200,210,1.05,bpmiddle0|qp50
2.5,50.0,50.0,1.0,9,1.39,0.48,0.946778185364123,43072,0.3589333333333366,200,195,0.975,bpmiddle15|qp50
2.5,50.0,50.0,1.0,21,1.39,0.48,0.939390577263194,43533,0.3627750000000043,200,200,1.0,bpmiddle15|qp50
2.5,50.0,50.0,1.0,3,1.39,0.48,0.9332179994058076,43757,0.3646416666666653,200,199,0.995,bpmiddle20|qp50
2.5,50.0,50.0,1.0,15,1.39,0.48,0.9369990189143924,43829,0.3652416666666699,200,199,0.995,bpmiddle20|qp50
2.5,50.0,50.0,1.0,27,1.39,0.48,0.921806612379316,44946,0.3745500000000011,200,210,1.05,bpmiddle20|qp50
2.5,50.0,50.0,1.0,9,1.39,0.48,0.8975641876937573,45180,0.3764999999999988,198,196,0.98989898989899,bpmiddle30|qp50
2.5,50.0,50.0,1.0,21,1.39,0.48,0.8997285736334522,45353,0.3779416666666682,198,199,1.005050505050505,bpmiddle30|qp50
2.5,50.0,50.0,1.0,3,1.39,0.48,0.8404354263549841,47953,0.3996083333333289,198,198,1.0,bpmiddle45|qp50
2.5,50.0,50.0,1.0,15,1.39,0.48,0.8747294563018235,45963,0.3830249999999996,200,200,1.0,bpmiddle45|qp50
2.5,50.0,50.0,1.0,27,1.39,0.48,0.8053282494024023,50617,0.4218083333333378,198,204,1.0303030303030305,bpmiddle45|qp50
2.5,50.0,50.0,1.0,9,1.39,0.48,0.9409746529165024,42569,0.35474166666667,198,196,0.98989898989899,bpmiddle60|qp50
2.5,50.0,50.0,1.0,21,1.39,0.48,0.9412555440218944,42388,0.3532333333333363,198,200,1.0101010101010102,bpmiddle60|qp50
2.5,50.0,50.0,1.0,3,1.39,0.48,0.8087700512820419,48750,0.406250000000001,198,197,0.9949494949494948,bpmiddle75|qp50
2.5,50.0,50.0,1.0,15,1.39,0.48,0.830198328760823,47749,0.3979083333333321,198,198,1.0,bpmiddle75|qp50
2.5,50.0,50.0,1.0,27,1.39,0.48,0.7706177822409751,51782,0.4315166666666679,198,203,1.0252525252525253,bpmiddle75|qp50
2.5,50.0,50.0,1.0,9,1.39,0.48,0.1519939991084508,150311,1.252591666666672,40,81,2.025,bpmiddle90|qp50
2.5,50.0,50.0,1.0,21,1.39,0.48,0.3395554255307647,90581,0.7548416666666687,74,115,1.554054054054054,bpmiddle90|qp50
2.5,50.0,50.0,1.0,4,1.39,0.48,1.1300086800693734,35714,0.2976166666666617,200,194,0.97,bpentry15|qp50
2.5,50.0,50.0,1.0,16,1.39,0.48,1.1589120775162234,34883,0.2906916666666642,200,197,0.985,bpentry15|qp50
2.5,50.0,50.0,1.0,28,1.39,0.48,1.1666431945288886,34509,0.2875749999999984,200,202,1.01,bpentry15|qp50
2.5,50.0,50.0,1.0,10,1.39,0.48,1.172282882676433,34912,0.2909333333333283,200,196,0.98,bpentry20|qp50
2.5,50.0,50.0,1.0,22,1.39,0.48,1.181646355753527,34136,0.2844666666666647,200,195,0.975,bpentry20|qp50
2.5,50.0,50.0,1.0,4,1.39,0.48,1.1803463101478149,33958,0.2829833333333316,200,195,0.975,bpentry30|qp50
2.5,50.0,50.0,1.0,16,1.39,0.48,1.1853906318915766,34009,0.2834083333333309,200,198,0.99,bpentry30|qp50
2.5,50.0,50.0,1.0,28,1.39,0.48,1.1686067708333914,34560,0.2880000000000006,200,198,0.99,bpentry30|qp50
2.5,50.0,50.0,1.0,10,1.39,0.48,1.1779230657990232,34575,0.2881249999999933,200,199,0.995,bpentry45|qp50
2.5,50.0,50.0,1.0,22,1.39,0.48,1.183070371240704,34048,0.2837333333333263,200,197,0.985,bpentry45|qp50
2.5,50.0,50.0,1.0,4,1.39,0.48,1.1546766654239438,34871,0.2905916666666681,200,196,0.98,bpentry60|qp50
2.5,50.0,50.0,1.0,16,1.39,0.48,1.1829964806434707,33813,0.281774999999997,198,194,0.9797979797979798,bpentry60|qp50
2.5,50.0,50.0,1.0,28,1.39,0.48,1.164382227104509,34592,0.2882666666666656,200,200,1.0,bpentry60|qp50
2.5,50.0,50.0,1.0,10,1.39,0.48,0.6749715188831719,30371,0.2530916666666636,0,0,1.0,bpentry90|qp50
2.5,50.0,50.0,1.0,22,1.39,0.48,0.6782302451406336,29942,0.2495166666666643,0,0,1.0,bpentry90|qp50
2.5,50.0,50.0,1.0,4,1.39,0.48,1.1382881962186522,35226,0.2935499999999987,200,196,0.98,bpexit15|qp50
2.5,50.0,50.0,1.0,16,1.39,0.48,1.1788250356447003,34367,0.2863916666666632,200,198,0.99,bpexit15|qp50
2.5,50.0,50.0,1.0,28,1.39,0.48,1.1064970823181643,35302,0.2941833333333343,200,198,0.99,bpexit15|qp50
2.5,50.0,50.0,1.0,10,1.39,0.48,1.0496201374193492,38277,0.3189749999999975,200,198,0.99,bpexit20|qp50
2.5,50.0,50.0,1.0,22,1.39,0.48,1.125918623809634,35809,0.2984083333333334,200,198,0.99,bpexit20|qp50
2.5,50.0,50.0,1.0,4,1.39,0.48,1.144713460936789,35161,0.2930083333333355,200,202,1.01,bpexit30|qp50
2.5,50.0,50.0,1.0,16,1.39,0.48,1.177872584150831,34046,0.28371666666666,200,197,0.985,bpexit30|qp50
2.5,50.0,50.0,1.0,28,1.39,0.48,1.1184209929399354,35269,0.2939083333333346,200,198,0.99,bpexit30|qp50
2.5,50.0,50.0,1.0,10,1.39,0.48,1.1816681296816935,34176,0.2847999999999962,200,202,1.01,bpexit45|qp50
2.5,50.0,50.0,1.0,22,1.39,0.48,1.1879039816098416,33931,0.2827583333333294,200,200,1.0,bpexit45|qp50
2.5,50.0,50.0,1.0,4,1.39,0.48,1.1207051407212971,35851,0.2987583333333346,200,195,0.975,bpexit60|qp50
2.5,50.0,50.0,1.0,16,1.39,0.48,1.1771809227882768,34114,0.2842833333333281,198,196,0.98989898989899,bpexit60|qp50
2.5,50.0,50.0,1.0,28,1.39,0.48,1.148356328051626,35153,0.2929416666666612,200,199,0.995,bpexit60|qp50
2.5,50.0,50.0,1.0,10,1.39,0.48,0.4315826165296922,46619,0.388491666666668,0,2,1.0,bpexit90|qp50
2.5,50.0,50.0,1.0,22,1.39,0.48,0.4366726586772871,45060,0.3755000000000006,0,2,1.0,bpexit90|qp50
2.5,50.0,50.0,1.0,4,1.39,0.48,1.1803170795915787,34187,0.2848916666666624,200,198,0.99,bpmiddle0|qp50
2.5,50.0,50.0,1.0,16,1.39,0.48,1.2027999401466034,33415,0.278458333333329,200,198,0.99,bpmiddle0|qp50
2.5,50.0,50.0,1.0,28,1.39,0.48,1.1768091292339162,34395,0.2866249999999998,200,197,0.985,bpmiddle0|qp50
2.5,50.0,50.0,1.0,10,1.39,0.48,0.9901796436297978,41137,0.3428083333333357,200,200,1.0,bpmiddle15|qp50
2.5,50.0,50.0,1.0,22,1.39,0.48,0.9314386402266136,44125,0.3677083333333327,200,199,0.995,bpmiddle15|qp50
2.5,50.0,50.0,1.0,4,1.39,0.48,0.8881088674275432,45560,0.3796666666666637,200,194,0.97,bpmiddle20|qp50
2.5,50.0,50.0,1.0,16,1.39,0.48,0.9215986945705829,43817,0.3651416666666621,200,193,0.965,bpmiddle20|qp50
2.5,50.0,50.0,1.0,28,1.39,0.48,0.9182497757848148,44600,0.3716666666666676,200,198,0.99,bpmiddle20|qp50
2.5,50.0,50.0,1.0,10,1.39,0.48,0.853847677653181,47452,0.3954333333333245,198,196,0.98989898989899,bpmiddle30|qp50
2.5,50.0,50.0,1.0,22,1.39,0.48,0.8880588943623329,45675,0.3806249999999997,198,200,1.0101010101010102,bpmiddle30|qp50
2.5,50.0,50.0,1.0,4,1.39,0.48,0.8442751894618976,47371,0.394758333333331,198,198,1.0,bpmiddle45|qp50
2.5,50.0,50.0,1.0,16,1.39,0.48,0.7826825659841361,50694,0.4224500000000096,198,191,0.9646464646464646,bpmiddle45|qp50
2.5,50.0,50.0,1.0,28,1.39,0.48,0.898952226574866,44418,0.3701499999999972,200,196,0.98,bpmiddle45|qp50
2.5,50.0,50.0,1.0,10,1.39,0.48,0.97386226456258,41253,0.3437750000000044,198,199,1.005050505050505,bpmiddle60|qp50
2.5,50.0,50.0,1.0,22,1.39,0.48,0.976054486475988,41001,0.3416749999999996,198,198,1.0,bpmiddle60|qp50
2.5,50.0,50.0,1.0,4,1.39,0.48,0.773285889522748,51359,0.4279916666666738,198,197,0.9949494949494948,bpmiddle75|qp50
2.5,50.0,50.0,1.0,16,1.39,0.48,0.843513707903193,47272,0.393933333333327,198,196,0.98989898989899,bpmiddle75|qp50
2.5,50.0,50.0,1.0,28,1.39,0.48,0.7580235886206537,52059,0.4338250000000037,200,196,0.98,bpmiddle75|qp50
2.5,50.0,50.0,1.0,10,1.39,0.48,0.3107854929462571,98104,0.817533333333338,95,118,1.2421052631578948,bpmiddle90|qp50
2.5,50.0,50.0,1.0,22,1.39,0.48,0.4129603175590862,80363,0.6696916666666616,150,142,0.9466666666666668,bpmiddle90|qp50
2.5,50.0,50.0,1.0,5,1.39,0.48,1.1275880992840626,35897,0.299141666666661,200,196,0.98,bpentry15|qp50
2.5,50.0,50.0,1.0,17,1.39,0.48,1.1478895046563258,35006,0.2917166666666631,200,198,0.99,bpentry15|qp50
2.5,50.0,50.0,1.0,29,1.39,0.48,1.1805735586776327,33667,0.2805583333333333,200,196,0.98,bpentry15|qp50
2.5,50.0,50.0,1.0,11,1.39,0.48,1.1801052631579312,34295,0.2857916666666632,200,202,1.01,bpentry20|qp50
2.5,50.0,50.0,1.0,23,1.39,0.48,1.1362599625270198,35759,0.2979916666666672,200,200,1.0,bpentry20|qp50
2.5,50.0,50.0,1.0,5,1.39,0.48,1.1658856244358764,34343,0.2861916666666587,200,199,0.995,bpentry30|qp50
2.5,50.0,50.0,1.0,17,1.39,0.48,1.1471511396577938,35186,0.2932166666666613,200,199,0.995,bpentry30|qp50
2.5,50.0,50.0,1.0,29,1.39,0.48,1.1680486107082884,34478,0.2873166666666665,200,199,0.995,bpentry30|qp50
2.5,50.0,50.0,1.0,11,1.39,0.48,1.1902994544592769,33728,0.2810666666666629,200,201,1.005,bpentry45|qp50
2.5,50.0,50.0,1.0,23,1.39,0.48,1.164215240138098,34501,0.2875083333333268,200,203,1.015,bpentry45|qp50
2.5,50.0,50.0,1.0,5,1.39,0.48,1.1512193938701725,35042,0.2920166666666615,198,197,0.9949494949494948,bpentry60|qp50
2.5,50.0,50.0,1.0,17,1.39,0.48,1.1342753031879704,35539,0.2961583333333302,200,198,0.99,bpentry60|qp50
2.5,50.0,50.0,1.0,29,1.39,0.48,1.1780679467382404,34321,0.2860083333333319,200,200,1.0,bpentry60|qp50
2.5,50.0,50.0,1.0,11,1.39,0.48,0.6509667721519219,31600,0.263333333333333,0,0,1.0,bpentry90|qp50
2.5,50.0,50.0,1.0,23,1.39,0.48,0.6702655596191439,30351,0.252924999999998,0,0,1.0,bpentry90|qp50
2.5,50.0,50.0,1.0,5,1.39,0.48,1.1639826674501186,34040,0.2836666666666635,200,197,0.985,bpexit15|qp50
2.5,50.0,50.0,1.0,17,1.39,0.48,1.0472197543769646,38270,0.3189166666666687,200,190,0.95,bpexit15|qp50
2.5,50.0,50.0,1.0,29,1.39,0.48,1.1578792681169672,34705,0.2892083333333329,200,202,1.01,bpexit15|qp50
2.5,50.0,50.0,1.0,11,1.39,0.48,1.19912658303123,33638,0.2803166666666631,200,201,1.005,bpexit20|qp50
2.5,50.0,50.0,1.0,23,1.39,0.48,0.8849379212487277,45104,0.3758666666666665,200,193,0.965,bpexit20|qp50
2.5,50.0,50.0,1.0,5,1.39,0.48,1.1447492920684157,34961,0.2913416666666624,200,195,0.975,bpexit30|qp50
2.5,50.0,50.0,1.0,17,1.39,0.48,1.146831382872151,34949,0.2912416666666632,200,197,0.985,bpexit30|qp50
2.5,50.0,50.0,1.0,29,1.39,0.48,1.1561694394372812,33841,0.2820083333333339,200,197,0.985,bpexit30|qp50
2.5,50.0,50.0,1.0,11,1.39,0.48,1.1647207118142142,34391,0.2865916666666678,200,202,1.01,bpexit45|qp50
2.5,50.0,50.0,1.0,23,1.39,0.48,1.1543902228861895,34816,0.2901333333333301,200,202,1.01,bpexit45|qp50
2.5,50.0,50.0,1.0,5,1.39,0.48,1.1428188205843317,35153,0.292941666666665,200,195,0.975,bpexit60|qp50
2.5,50.0,50.0,1.0,17,1.39,0.48,1.1461837142856746,35000,0.2916666666666634,200,197,0.985,bpexit60|qp50
2.5,50.0,50.0,1.0,29,1.39,0.48,1.168892965292306,34344,0.2861999999999986,200,202,1.01,bpexit60|qp50
2.5,50.0,50.0,1.0,11,1.39,0.48,0.4319524863760047,46976,0.3914666666666671,0,4,1.0,bpexit90|qp50
2.5,50.0,50.0,1.0,23,1.39,0.48,0.3944258585063099,50815,0.4234583333333328,0,3,1.0,bpexit90|qp50
2.5,50.0,50.0,1.0,5,1.39,0.48,1.1734882489632157,33997,0.2833083333333302,200,196,0.98,bpmiddle0|qp50
2.5,50.0,50.0,1.0,17,1.39,0.48,1.1810222117480318,33946,0.2828833333333321,200,197,0.985,bpmiddle0|qp50
2.5,50.0,50.0,1.0,29,1.39,0.48,1.193554745833609,33482,0.2790166666666662,200,195,0.975,bpmiddle0|qp50
2.5,50.0,50.0,1.0,11,1.39,0.48,0.9306924213157814,44005,0.3667083333333361,200,200,1.0,bpmiddle15|qp50
2.5,50.0,50.0,1.0,23,1.39,0.48,0.916540844575342,45514,0.3792833333333352,200,200,1.0,bpmiddle15|qp50
2.5,50.0,50.0,1.0,5,1.39,0.48,0.9015248657843964,45263,0.3771916666666652,200,195,0.975,bpmiddle20|qp50
2.5,50.0,50.0,1.0,17,1.39,0.48,0.9692801356612172,41869,0.3489083333333384,200,199,0.995,bpmiddle20|qp50
2.5,50.0,50.0,1.0,29,1.39,0.48,0.9402015403772286,43366,0.3613833333333385,200,197,0.985,bpmiddle20|qp50
2.5,50.0,50.0,1.0,11,1.39,0.48,0.8696932502286904,47009,0.3917416666666618,198,200,1.0101010101010102,bpmiddle30|qp50
2.5,50.0,50.0,1.0,23,1.39,0.48,0.8369925569537559,48636,0.4052999999999976,198,201,1.0151515151515151,bpmiddle30|qp50
2.5,50.0,50.0,1.0,5,1.39,0.48,0.768695837531984,51604,0.4300333333333411,198,194,0.9797979797979798,bpmiddle45|qp50
2.5,50.0,50.0,1.0,17,1.39,0.48,0.9051739567162688,43804,0.3650333333333302,198,196,0.98989898989899,bpmiddle45|qp50
2.5,50.0,50.0,1.0,29,1.39,0.48,0.7988027483765396,50357,0.4196416666666626,198,199,1.005050505050505,bpmiddle45|qp50
2.5,50.0,50.0,1.0,11,1.39,0.48,0.9601847387641352,41897,0.3491416666666729,198,201,1.0151515151515151,bpmiddle60|qp50
2.5,50.0,50.0,1.0,23,1.39,0.48,0.9355630283069304,43417,0.3618083333333368,198,204,1.0303030303030305,bpmiddle60|qp50
2.5,50.0,50.0,1.0,5,1.39,0.48,0.768976189060034,50439,0.4203250000000114,198,192,0.9696969696969696,bpmiddle75|qp50
2.5,50.0,50.0,1.0,17,1.39,0.48,0.8126911441713768,48262,0.402183333333336,198,194,0.9797979797979798,bpmiddle75|qp50
2.5,50.0,50.0,1.0,29,1.39,0.48,0.7919627282299551,50333,0.4194416666666711,198,196,0.98989898989899,bpmiddle75|qp50
2.5,50.0,50.0,1.0,11,1.39,0.48,0.1379815182525605,157128,1.3094000000000023,28,58,2.071428571428572,bpmiddle90|qp50
2.5,50.0,50.0,1.0,23,1.39,0.48,0.4370648174355774,81259,0.67715833333334,195,161,0.8256410256410256,bpmiddle90|qp50
2.5,50.0,50.0,1.0,6,1.39,0.48,1.198913258723751,33329,0.2777416666666644,200,193,0.965,bpentry15|qp50
2.5,50.0,50.0,1.0,18,1.39,0.48,1.139832433967702,35210,0.2934166666666652,200,204,1.02,bpentry15|qp50
2.5,50.0,50.0,1.0,0,1.39,0.48,1.1428575475172142,35303,0.2941916666666639,200,206,1.03,bpentry20|qp50
2.5,50.0,50.0,1.0,12,1.39,0.48,1.159016074595156,34962,0.2913499999999961,200,199,0.995,bpentry20|qp50
2.5,50.0,50.0,1.0,24,1.39,0.48,1.195241976414385,33495,0.2791249999999968,200,203,1.015,bpentry20|qp50
2.5,50.0,50.0,1.0,6,1.39,0.48,1.2072906433812098,32982,0.274849999999998,200,192,0.96,bpentry30|qp50
2.5,50.0,50.0,1.0,18,1.39,0.48,1.1584011611030969,34450,0.2870833333333301,200,199,0.995,bpentry30|qp50
2.5,50.0,50.0,1.0,0,1.39,0.48,1.1729023539668992,34410,0.28675,198,206,1.0404040404040404,bpentry45|qp50
2.5,50.0,50.0,1.0,12,1.39,0.48,1.1781941203918556,34288,0.2857333333333295,200,199,0.995,bpentry45|qp50
2.5,50.0,50.0,1.0,24,1.39,0.48,1.192992523142608,33704,0.2808666666666649,200,202,1.01,bpentry45|qp50
2.5,50.0,50.0,1.0,6,1.39,0.48,1.1796445176858423,33982,0.283183333333332,200,195,0.975,bpentry60|qp50
2.5,50.0,50.0,1.0,18,1.39,0.48,1.1672738624154595,34437,0.2869749999999961,200,203,1.015,bpentry60|qp50
2.5,50.0,50.0,1.0,0,1.39,0.48,0.6807761053622189,29764,0.2480333333333306,0,0,1.0,bpentry90|qp50
2.5,50.0,50.0,1.0,12,1.39,0.48,0.6694279924168365,30594,0.2549499999999974,0,0,1.0,bpentry90|qp50
2.5,50.0,50.0,1.0,24,1.39,0.48,0.6719599064484375,29930,0.2494166666666646,0,0,1.0,bpentry90|qp50
2.5,50.0,50.0,1.0,6,1.39,0.48,1.1968773871463123,33251,0.2770916666666652,200,197,0.985,bpexit15|qp50
2.5,50.0,50.0,1.0,18,1.39,0.48,1.1536793383633517,34460,0.2871666666666667,200,202,1.01,bpexit15|qp50
2.5,50.0,50.0,1.0,0,1.39,0.48,1.141646188883005,35567,0.2963916666666693,200,206,1.03,bpexit20|qp50
2.5,50.0,50.0,1.0,12,1.39,0.48,0.981384366002849,41333,0.3444416666666672,200,196,0.98,bpexit20|qp50
2.5,50.0,50.0,1.0,24,1.39,0.48,1.160727680391333,34342,0.2861833333333325,200,202,1.01,bpexit20|qp50
2.5,50.0,50.0,1.0,6,1.39,0.48,1.1929094750624911,33604,0.2800333333333289,200,199,0.995,bpexit30|qp50
2.5,50.0,50.0,1.0,18,1.39,0.48,1.1290804436333948,35615,0.2967916666666661,200,205,1.025,bpexit30|qp50
2.5,50.0,50.0,1.0,0,1.39,0.48,1.1522348127164663,34947,0.2912250000000005,200,203,1.015,bpexit45|qp50
2.5,50.0,50.0,1.0,12,1.39,0.48,1.1640410006947897,34536,0.2877999999999941,200,199,0.995,bpexit45|qp50
2.5,50.0,50.0,1.0,24,1.39,0.48,1.1849989608383782,33681,0.2806749999999927,200,200,1.0,bpexit45|qp50
2.5,50.0,50.0,1.0,6,1.39,0.48,1.1943108208401785,33685,0.2807083333333295,200,202,1.01,bpexit60|qp50
2.5,50.0,50.0,1.0,18,1.39,0.48,1.117258804236026,35977,0.2998083333333338,200,205,1.025,bpexit60|qp50
2.5,50.0,50.0,1.0,0,1.39,0.48,0.4074514744674967,50798,0.4233166666666673,0,3,1.0,bpexit90|qp50
2.5,50.0,50.0,1.0,12,1.39,0.48,0.4362795907377307,46425,0.3868750000000001,0,4,1.0,bpexit90|qp50
2.5,50.0,50.0,1.0,24,1.39,0.48,0.4188313789769597,47586,0.396550000000001,0,2,1.0,bpexit90|qp50
2.5,50.0,50.0,1.0,6,1.39,0.48,1.2073102698786995,33126,0.2760499999999999,200,201,1.005,bpmiddle0|qp50
2.5,50.0,50.0,1.0,18,1.39,0.48,1.1794116259875875,33924,0.2826999999999985,200,200,1.0,bpmiddle0|qp50
2.5,50.0,50.0,1.0,0,1.39,0.48,0.8740022846022124,47273,0.3939416666666665,200,203,1.015,bpmiddle15|qp50
2.5,50.0,50.0,1.0,12,1.39,0.48,0.9892243262927276,41190,0.3432500000000033,200,198,0.99,bpmiddle15|qp50
2.5,50.0,50.0,1.0,24,1.39,0.48,0.9512292428441376,42937,0.3578083333333345,200,197,0.985,bpmiddle15|qp50
2.5,50.0,50.0,1.0,6,1.39,0.48,0.9503626711765722,42573,0.3547749999999987,200,195,0.975,bpmiddle20|qp50
2.5,50.0,50.0,1.0,18,1.39,0.48,0.919327759272134,44731,0.3727583333333383,200,204,1.02,bpmiddle20|qp50
2.5,50.0,50.0,1.0,0,1.39,0.48,0.8317067258728108,49094,0.4091166666666639,198,199,1.005050505050505,bpmiddle30|qp50
2.5,50.0,50.0,1.0,12,1.39,0.48,0.8646741214056793,46950,0.3912499999999937,198,197,0.9949494949494948,bpmiddle30|qp50
2.5,50.0,50.0,1.0,24,1.39,0.48,0.9176550946798556,44360,0.3696666666666675,198,200,1.0101010101010102,bpmiddle30|qp50
2.5,50.0,50.0,1.0,6,1.39,0.48,0.893024606211637,44948,0.3745666666666681,198,197,0.9949494949494948,bpmiddle45|qp50
2.5,50.0,50.0,1.0,18,1.39,0.48,0.8660476241097277,47035,0.391958333333338,198,204,1.0303030303030305,bpmiddle45|qp50
2.5,50.0,50.0,1.0,0,1.39,0.48,0.9420806967567628,42827,0.3568916666666709,200,207,1.035,bpmiddle60|qp50
2.5,50.0,50.0,1.0,12,1.39,0.48,0.936602396106244,42736,0.3561333333333387,200,199,0.995,bpmiddle60|qp50
2.5,50.0,50.0,1.0,24,1.39,0.48,0.9926675932590168,40291,0.3357583333333347,198,204,1.0303030303030305,bpmiddle60|qp50
2.5,50.0,50.0,1.0,6,1.39,0.48,0.8417731914436347,46515,0.387625000000005,198,192,0.9696969696969696,bpmiddle75|qp50
2.5,50.0,50.0,1.0,18,1.39,0.48,0.8319145141322652,47657,0.3971416666666614,199,202,1.015075376884422,bpmiddle75|qp50
2.5,50.0,50.0,1.0,0,1.39,0.48,0.2027708180430075,118539,0.9878249999999856,8,47,5.875,bpmiddle90|qp50
2.5,50.0,50.0,1.0,12,1.39,0.48,0.4948299509588595,75243,0.6270249999999975,165,181,1.096969696969697,bpmiddle90|qp50
2.5,50.0,50.0,1.0,24,1.39,0.48,0.4235139986066428,84687,0.7057250000000104,127,168,1.3228346456692914,bpmiddle90|qp50
2.5,50.0,50.0,1.0,7,1.39,0.48,1.1595056880520724,34634,0.2886166666666633,200,197,0.985,bpentry15|qp50
2.5,50.0,50.0,1.0,19,1.39,0.48,1.2007687712801425,33482,0.2790166666666661,200,199,0.995,bpentry15|qp50
2.5,50.0,50.0,1.0,1,1.39,0.48,1.1075558115297806,36462,0.3038499999999944,200,197,0.985,bpentry20|qp50
2.5,50.0,50.0,1.0,13,1.39,0.48,1.163035647387722,34701,0.2891749999999977,200,195,0.975,bpentry20|qp50
2.5,50.0,50.0,1.0,25,1.39,0.48,1.150228987993183,34980,0.2914999999999975,200,202,1.01,bpentry20|qp50
2.5,50.0,50.0,1.0,7,1.39,0.48,1.152016335451857,34771,0.2897583333333278,200,199,0.995,bpentry30|qp50
2.5,50.0,50.0,1.0,19,1.39,0.48,1.1772299371437285,34205,0.2850416666666699,200,201,1.005,bpentry30|qp50
2.5,50.0,50.0,1.0,1,1.39,0.48,1.1723818320431252,34104,0.2841999999999969,200,199,0.995,bpentry45|qp50
2.5,50.0,50.0,1.0,13,1.39,0.48,1.142163576513055,35543,0.2961916666666652,198,197,0.9949494949494948,bpentry45|qp50
2.5,50.0,50.0,1.0,25,1.39,0.48,1.1411560317774787,35371,0.2947583333333288,200,205,1.025,bpentry45|qp50
2.5,50.0,50.0,1.0,7,1.39,0.48,1.1622930658525137,34395,0.2866249999999987,198,199,1.005050505050505,bpentry60|qp50
2.5,50.0,50.0,1.0,19,1.39,0.48,1.189653057596621,33752,0.2812666666666667,200,204,1.02,bpentry60|qp50
2.5,50.0,50.0,1.0,1,1.39,0.48,0.669977252497229,30333,0.2527749999999993,0,0,1.0,bpentry90|qp50
2.5,50.0,50.0,1.0,13,1.39,0.48,0.6669490014853701,30295,0.25245833333333,0,0,1.0,bpentry90|qp50
2.5,50.0,50.0,1.0,25,1.39,0.48,0.6566218000322249,31055,0.2587916666666655,0,0,1.0,bpentry90|qp50
2.5,50.0,50.0,1.0,7,1.39,0.48,1.14293912944251,35058,0.2921499999999969,200,196,0.98,bpexit15|qp50
2.5,50.0,50.0,1.0,19,1.39,0.48,1.184493358184701,33801,0.2816749999999995,200,202,1.01,bpexit15|qp50
2.5,50.0,50.0,1.0,1,1.39,0.48,1.166878661330483,34482,0.2873499999999959,200,203,1.015,bpexit20|qp50
2.5,50.0,50.0,1.0,13,1.39,0.48,1.149529391680596,35146,0.2928833333333318,200,200,1.0,bpexit20|qp50
2.5,50.0,50.0,1.0,25,1.39,0.48,1.0540809701881115,38508,0.3209000000000009,200,202,1.01,bpexit20|qp50
2.5,50.0,50.0,1.0,7,1.39,0.48,1.1466159455655407,34831,0.2902583333333289,200,197,0.985,bpexit30|qp50
2.5,50.0,50.0,1.0,19,1.39,0.48,1.1924396062327145,33116,0.2759666666666653,200,202,1.01,bpexit30|qp50
2.5,50.0,50.0,1.0,1,1.39,0.48,1.163393736855742,34711,0.2892583333333329,200,201,1.005,bpexit45|qp50
2.5,50.0,50.0,1.0,13,1.39,0.48,1.1465671854920394,35015,0.291791666666665,200,198,0.99,bpexit45|qp50
2.5,50.0,50.0,1.0,25,1.39,0.48,1.144173136535583,35163,0.2930249999999946,200,202,1.01,bpexit45|qp50
2.5,50.0,50.0,1.0,7,1.39,0.48,1.1397082334130688,35028,0.2918999999999942,200,198,0.99,bpexit60|qp50
2.5,50.0,50.0,1.0,19,1.39,0.48,1.2049472279510238,32972,0.274766666666666,200,202,1.01,bpexit60|qp50
2.5,50.0,50.0,1.0,1,1.39,0.48,0.4219325879375885,49012,0.40843333333333,0,3,1.0,bpexit90|qp50
2.5,50.0,50.0,1.0,13,1.39,0.48,0.4213379841732171,48020,0.4001666666666649,0,4,1.0,bpexit90|qp50
2.5,50.0,50.0,1.0,25,1.39,0.48,0.4015863095237743,50400,0.4199999999999996,0,5,1.0,bpexit90|qp50
2.5,50.0,50.0,1.0,7,1.39,0.48,1.1522072111081505,34641,0.2886749999999964,200,198,0.99,bpmiddle0|qp50
2.5,50.0,50.0,1.0,19,1.39,0.48,1.2456065277647883,32109,0.2675749999999987,200,201,1.005,bpmiddle0|qp50
2.5,50.0,50.0,1.0,1,1.39,0.48,0.9586632695797848,42978,0.3581500000000052,200,203,1.015,bpmiddle15|qp50
2.5,50.0,50.0,1.0,13,1.39,0.48,0.9226463133119208,44186,0.3682166666666708,200,195,0.975,bpmiddle15|qp50
2.5,50.0,50.0,1.0,25,1.39,0.48,0.9194615129028668,45145,0.3762083333333347,200,201,1.005,bpmiddle15|qp50
2.5,50.0,50.0,1.0,7,1.39,0.48,0.916516894646199,44156,0.3679666666666671,200,196,0.98,bpmiddle20|qp50
2.5,50.0,50.0,1.0,19,1.39,0.48,0.954429553912138,42458,0.3538166666666676,200,200,1.0,bpmiddle20|qp50
2.5,50.0,50.0,1.0,1,1.39,0.48,0.8739383160450745,46949,0.3912416666666668,198,201,1.0151515151515151,bpmiddle30|qp50
2.5,50.0,50.0,1.0,13,1.39,0.48,0.8570336215177904,46845,0.3903749999999983,198,196,0.98989898989899,bpmiddle30|qp50
2.5,50.0,50.0,1.0,25,1.39,0.48,0.8457038019818746,48238,0.4019833333333291,198,203,1.0252525252525253,bpmiddle30|qp50
2.5,50.0,50.0,1.0,7,1.39,0.48,0.8984813541033985,44487,0.3707250000000008,198,199,1.005050505050505,bpmiddle45|qp50
2.5,50.0,50.0,1.0,19,1.39,0.48,0.9145367389945503,43183,0.3598583333333324,198,199,1.005050505050505,bpmiddle45|qp50
2.5,50.0,50.0,1.0,1,1.39,0.48,0.9518884588902842,42119,0.3509916666666694,200,202,1.01,bpmiddle60|qp50
2.5,50.0,50.0,1.0,13,1.39,0.48,0.9511144281002673,41537,0.346141666666669,198,197,0.9949494949494948,bpmiddle60|qp50
2.5,50.0,50.0,1.0,25,1.39,0.48,0.9543407621438338,42223,0.3518583333333344,198,203,1.0252525252525253,bpmiddle60|qp50
2.5,50.0,50.0,1.0,7,1.39,0.48,0.8442721911192329,46798,0.3899833333333262,198,197,0.9949494949494948,bpmiddle75|qp50
2.5,50.0,50.0,1.0,19,1.39,0.48,0.8400541635569074,46895,0.390791666666666,198,197,0.9949494949494948,bpmiddle75|qp50
2.5,50.0,50.0,1.0,1,1.39,0.48,0.1768015510395365,140293,1.1691083333333332,48,88,1.8333333333333333,bpmiddle90|qp50
2.5,50.0,50.0,1.0,13,1.39,0.48,0.2539422642427922,115076,0.9589666666666644,59,87,1.4745762711864407,bpmiddle90|qp50
2.5,50.0,50.0,1.0,25,1.39,0.48,0.1888955557155571,138830,1.156916666666654,56,96,1.7142857142857142,bpmiddle90|qp50
2.5,50.0,50.0,1.0,8,1.39,0.48,1.1504077190946589,34460,0.2871666666666611,200,199,0.995,bpentry15|qp50
2.5,50.0,50.0,1.0,20,1.39,0.48,1.1411612921460323,35383,0.2948583333333322,200,194,0.97,bpentry15|qp50
2.5,50.0,50.0,1.0,2,1.39,0.48,1.1638943672275073,34175,0.2847916666666614,200,203,1.015,bpentry20|qp50
2.5,50.0,50.0,1.0,14,1.39,0.48,1.1481241573033756,35600,0.2966666666666664,200,200,1.0,bpentry20|qp50
2.5,50.0,50.0,1.0,26,1.39,0.48,1.1495120849334717,35416,0.2951333333333306,200,195,0.975,bpentry20|qp50
2.5,50.0,50.0,1.0,8,1.39,0.48,1.14286303961481,34886,0.290716666666664,200,201,1.005,bpentry30|qp50
2.5,50.0,50.0,1.0,20,1.39,0.48,1.1774037647746238,34265,0.285541666666663,200,197,0.985,bpentry30|qp50
2.5,50.0,50.0,1.0,2,1.39,0.48,1.158860203723195,34164,0.284699999999995,200,197,0.985,bpentry45|qp50
2.5,50.0,50.0,1.0,14,1.39,0.48,1.1552097149010163,35286,0.2940499999999977,200,200,1.0,bpentry45|qp50
2.5,50.0,50.0,1.0,26,1.39,0.48,1.15897791889177,34645,0.2887083333333331,200,196,0.98,bpentry45|qp50
2.5,50.0,50.0,1.0,8,1.39,0.48,1.1526140477915314,34525,0.2877083333333298,200,198,0.99,bpentry60|qp50
2.5,50.0,50.0,1.0,20,1.39,0.48,1.1705207973268772,34716,0.2893000000000003,198,197,0.9949494949494948,bpentry60|qp50
2.5,50.0,50.0,1.0,2,1.39,0.48,0.6597273768614592,30555,0.2546249999999989,0,0,1.0,bpentry90|qp50
2.5,50.0,50.0,1.0,14,1.39,0.48,0.6782600762979295,30145,0.2512083333333317,0,0,1.0,bpentry90|qp50
2.5,50.0,50.0,1.0,26,1.39,0.48,0.6662458067486686,30406,0.2533833333333309,0,0,1.0,bpentry90|qp50
2.5,50.0,50.0,1.0,8,1.39,0.48,1.1392085792429385,34735,0.2894583333333267,200,202,1.01,bpexit15|qp50
2.5,50.0,50.0,1.0,20,1.39,0.48,1.1471868044062463,35042,0.292016666666667,200,197,0.985,bpexit15|qp50
2.5,50.0,50.0,1.0,2,1.39,0.48,1.1579850268003622,34328,0.2860666666666594,200,202,1.01,bpexit20|qp50
2.5,50.0,50.0,1.0,14,1.39,0.48,1.1584778127683728,34930,0.2910833333333334,200,199,0.995,bpexit20|qp50
2.5,50.0,50.0,1.0,26,1.39,0.48,1.0451628340104595,38659,0.3221583333333345,200,194,0.97,bpexit20|qp50
2.5,50.0,50.0,1.0,8,1.39,0.48,1.1172985192721654,35388,0.2948999999999966,200,203,1.015,bpexit30|qp50
2.5,50.0,50.0,1.0,20,1.39,0.48,1.172638682407852,34305,0.2858749999999944,200,197,0.985,bpexit30|qp50
2.5,50.0,50.0,1.0,2,1.39,0.48,1.1610693312297389,34227,0.2852249999999951,200,198,0.99,bpexit45|qp50
2.5,50.0,50.0,1.0,14,1.39,0.48,1.1693855835240117,34960,0.2913333333333309,200,199,0.995,bpexit45|qp50
2.5,50.0,50.0,1.0,26,1.39,0.48,1.175594383138033,34254,0.2854499999999984,200,192,0.96,bpexit45|qp50
2.5,50.0,50.0,1.0,8,1.39,0.48,1.140795359682332,34739,0.2894916666666627,200,198,0.99,bpexit60|qp50
2.5,50.0,50.0,1.0,20,1.39,0.48,1.173123620309139,34428,0.2868999999999946,200,198,0.99,bpexit60|qp50
2.5,50.0,50.0,1.0,2,1.39,0.48,0.4097839499803796,48461,0.4038416666666679,0,5,1.0,bpexit90|qp50
2.5,50.0,50.0,1.0,14,1.39,0.48,0.4370351232912235,45867,0.382225,0,1,1.0,bpexit90|qp50
2.5,50.0,50.0,1.0,26,1.39,0.48,0.4225076413920942,47439,0.3953250000000014,0,2,1.0,bpexit90|qp50
2.5,50.0,50.0,1.0,8,1.39,0.48,1.1563367174281474,34278,0.2856499999999977,200,201,1.005,bpmiddle0|qp50
2.5,50.0,50.0,1.0,20,1.39,0.48,1.1947103013812734,33811,0.2817583333333297,200,196,0.98,bpmiddle0|qp50
2.5,50.0,50.0,1.0,2,1.39,0.48,0.9992363743784376,40622,0.3385166666666712,200,198,0.99,bpmiddle15|qp50
2.5,50.0,50.0,1.0,14,1.39,0.48,0.972434425067321,42318,0.3526500000000032,200,202,1.01,bpmiddle15|qp50
2.5,50.0,50.0,1.0,26,1.39,0.48,0.9081635785306728,44957,0.374641666666663,200,194,0.97,bpmiddle15|qp50
2.5,50.0,50.0,1.0,8,1.39,0.48,0.9192419759221224,44273,0.3689416666666679,200,198,0.99,bpmiddle20|qp50
2.5,50.0,50.0,1.0,20,1.39,0.48,0.8978292666857242,45533,0.3794416666666635,200,198,0.99,bpmiddle20|qp50
2.5,50.0,50.0,1.0,2,1.39,0.48,0.8455403596821969,47820,0.3984999999999993,198,196,0.98989898989899,bpmiddle30|qp50
2.5,50.0,50.0,1.0,14,1.39,0.48,0.8188884862394087,49671,0.4139250000000024,198,195,0.9848484848484848,bpmiddle30|qp50
2.5,50.0,50.0,1.0,26,1.39,0.48,0.8543913970325365,47379,0.3948250000000006,198,198,1.0,bpmiddle30|qp50
2.5,50.0,50.0,1.0,8,1.39,0.48,0.7894404077001579,50233,0.4186083333333364,198,196,0.98989898989899,bpmiddle45|qp50
2.5,50.0,50.0,1.0,20,1.39,0.48,0.8867024317312588,45482,0.379016666666664,198,198,1.0,bpmiddle45|qp50
2.5,50.0,50.0,1.0,2,1.39,0.48,0.9088294184720896,43850,0.3654166666666639,198,195,0.9848484848484848,bpmiddle60|qp50
2.5,50.0,50.0,1.0,14,1.39,0.48,0.9710087708872842,42071,0.3505916666666673,200,200,1.0,bpmiddle60|qp50
2.5,50.0,50.0,1.0,26,1.39,0.48,0.9855002613956928,40169,0.3347416666666621,198,194,0.9797979797979798,bpmiddle60|qp50
2.5,50.0,50.0,1.0,8,1.39,0.48,0.7623369963369941,51870,0.4322500000000125,198,195,0.9848484848484848,bpmiddle75|qp50
2.5,50.0,50.0,1.0,20,1.39,0.48,0.7757926876853815,51256,0.4271333333333349,198,195,0.9848484848484848,bpmiddle75|qp50
2.5,50.0,50.0,1.0,2,1.39,0.48,0.3651412683062248,86856,0.7238000000000004,91,132,1.4505494505494505,bpmiddle90|qp50
2.5,50.0,50.0,1.0,14,1.39,0.48,0.3266525628140908,99500,0.8291666666666648,109,133,1.220183486238532,bpmiddle90|qp50
2.5,50.0,50.0,1.0,26,1.39,0.48,0.1854764931021062,140044,1.167033333333338,53,93,1.7547169811320755,bpmiddle90|qp50
2.5,50.0,50.0,1.0,9,1.39,0.48,1.1800772438911122,34048,0.28373333333333,200,194,0.97,bpentry15|qp50
2.5,50.0,50.0,1.0,21,1.39,0.48,1.1515523207595582,34967,0.291391666666662,200,199,0.995,bpentry15|qp50
2.5,50.0,50.0,1.0,3,1.39,0.48,1.2136636237228338,33082,0.2756833333333314,200,201,1.005,bpentry20|qp50
2.5,50.0,50.0,1.0,15,1.39,0.48,1.226138529715354,32946,0.2745499999999979,200,199,0.995,bpentry20|qp50
2.5,50.0,50.0,1.0,27,1.39,0.48,1.1830839068679002,34145,0.2845416666666626,200,208,1.04,bpentry20|qp50
2.5,50.0,50.0,1.0,9,1.39,0.48,1.1723198481088868,34235,0.285291666666662,200,196,0.98,bpentry30|qp50
2.5,50.0,50.0,1.0,21,1.39,0.48,1.1490520158283326,34874,0.2906166666666642,200,197,0.985,bpentry30|qp50
2.5,50.0,50.0,1.0,3,1.39,0.48,1.194512336332128,33681,0.2806749999999962,200,199,0.995,bpentry45|qp50
2.5,50.0,50.0,1.0,15,1.39,0.48,1.1842889982613058,33931,0.2827583333333319,200,200,1.0,bpentry45|qp50
2.5,50.0,50.0,1.0,27,1.39,0.48,1.192731646840273,33877,0.2823083333333295,200,207,1.035,bpentry45|qp50
2.5,50.0,50.0,1.0,9,1.39,0.48,1.1625220761812411,34313,0.2859416666666636,198,196,0.98989898989899,bpentry60|qp50
2.5,50.0,50.0,1.0,21,1.39,0.48,1.1617673488317484,34498,0.2874833333333256,200,199,0.995,bpentry60|qp50
2.5,50.0,50.0,1.0,3,1.39,0.48,0.6736842456609591,29960,0.2496666666666642,0,0,1.0,bpentry90|qp50
2.5,50.0,50.0,1.0,15,1.39,0.48,0.6800316530289158,29697,0.2474749999999983,0,0,1.0,bpentry90|qp50
2.5,50.0,50.0,1.0,27,1.39,0.48,0.6607679558011536,30770,0.2564166666666641,0,0,1.0,bpentry90|qp50
2.5,50.0,50.0,1.0,9,1.39,0.48,1.1596011778085482,34301,0.2858416666666636,200,193,0.965,bpexit15|qp50
2.5,50.0,50.0,1.0,21,1.39,0.48,1.15471718218989,34722,0.2893499999999988,200,197,0.985,bpexit15|qp50
2.5,50.0,50.0,1.0,3,1.39,0.48,1.177003808843678,33606,0.2800500000000013,200,203,1.015,bpexit20|qp50
2.5,50.0,50.0,1.0,15,1.39,0.48,1.1694266833363502,33594,0.2799499999999996,200,200,1.0,bpexit20|qp50
2.5,50.0,50.0,1.0,27,1.39,0.48,0.9304574816593664,43346,0.3612166666666666,200,198,0.99,bpexit20|qp50
2.5,50.0,50.0,1.0,9,1.39,0.48,1.134172348963436,35637,0.2969749999999971,200,194,0.97,bpexit30|qp50
2.5,50.0,50.0,1.0,21,1.39,0.48,1.1542330900522448,34802,0.2900166666666648,200,197,0.985,bpexit30|qp50
2.5,50.0,50.0,1.0,3,1.39,0.48,1.189715359351326,33797,0.2816416666666653,200,203,1.015,bpexit45|qp50
2.5,50.0,50.0,1.0,15,1.39,0.48,1.18639808310523,33596,0.279966666666668,200,198,0.99,bpexit45|qp50
2.5,50.0,50.0,1.0,27,1.39,0.48,1.1620699340787002,34890,0.2907499999999972,200,206,1.03,bpexit45|qp50
2.5,50.0,50.0,1.0,9,1.39,0.48,1.1551490289454591,34859,0.2904916666666645,200,193,0.965,bpexit60|qp50
2.5,50.0,50.0,1.0,21,1.39,0.48,1.163067461580585,34553,0.28794166666666,200,197,0.985,bpexit60|qp50
2.5,50.0,50.0,1.0,3,1.39,0.48,0.4573629397184742,43977,0.3664749999999982,0,0,1.0,bpexit90|qp50
2.5,50.0,50.0,1.0,15,1.39,0.48,0.4297850410982223,46474,0.3872833333333312,0,2,1.0,bpexit90|qp50
2.5,50.0,50.0,1.0,27,1.39,0.48,0.4157599512591093,49240,0.410333333333331,0,4,1.0,bpexit90|qp50
2.5,50.0,50.0,1.0,9,1.39,0.48,1.1824558131275509,33777,0.2814749999999959,200,194,0.97,bpmiddle0|qp50
2.5,50.0,50.0,1.0,21,1.39,0.48,1.158842211055212,34825,0.2902083333333269,200,198,0.99,bpmiddle0|qp50
2.5,50.0,50.0,1.0,3,1.39,0.48,1.0146387411347346,40608,0.3383999999999985,200,201,1.005,bpmiddle15|qp50
2.5,50.0,50.0,1.0,15,1.39,0.48,0.9759153616258288,41825,0.3485416666666683,200,199,0.995,bpmiddle15|qp50
2.5,50.0,50.0,1.0,27,1.39,0.48,0.9359609820056364,44236,0.3686333333333369,200,209,1.045,bpmiddle15|qp50
2.5,50.0,50.0,1.0,9,1.39,0.48,0.9614216047768386,42037,0.3503083333333387,200,195,0.975,bpmiddle20|qp50
2.5,50.0,50.0,1.0,21,1.39,0.48,0.8710676095940011,46946,0.3912166666666626,200,200,1.0,bpmiddle20|qp50
2.5,50.0,50.0,1.0,3,1.39,0.48,0.8762338330867118,46623,0.3885249999999948,198,198,1.0,bpmiddle30|qp50
2.5,50.0,50.0,1.0,15,1.39,0.48,0.8555257437558447,46924,0.3910333333333344,200,197,0.985,bpmiddle30|qp50
2.5,50.0,50.0,1.0,27,1.39,0.48,0.9175827851738878,44543,0.3711916666666698,198,207,1.0454545454545454,bpmiddle30|qp50
2.5,50.0,50.0,1.0,9,1.39,0.48,0.9298326175276508,43075,0.3589583333333364,198,196,0.98989898989899,bpmiddle45|qp50
2.5,50.0,50.0,1.0,21,1.39,0.48,0.925549318549306,43290,0.3607499999999951,198,199,1.005050505050505,bpmiddle45|qp50
2.5,50.0,50.0,1.0,3,1.39,0.48,0.9495805096878788,41908,0.3492333333333305,200,196,0.98,bpmiddle60|qp50
2.5,50.0,50.0,1.0,15,1.39,0.48,0.9160852066134724,43729,0.3644083333333349,200,199,0.995,bpmiddle60|qp50
2.5,50.0,50.0,1.0,27,1.39,0.48,1.012037569339413,39660,0.3305000000000016,198,209,1.0555555555555556,bpmiddle60|qp50
2.5,50.0,50.0,1.0,9,1.39,0.48,0.7518628943263033,52558,0.4379833333333439,198,195,0.9848484848484848,bpmiddle75|qp50
2.5,50.0,50.0,1.0,21,1.39,0.48,0.8266689675368175,47808,0.3984000000000071,198,197,0.9949494949494948,bpmiddle75|qp50
2.5,50.0,50.0,1.0,3,1.39,0.48,0.2425956930594787,116231,0.9685916666666514,52,93,1.7884615384615383,bpmiddle90|qp50
2.5,50.0,50.0,1.0,15,1.39,0.48,0.1463661532159411,141591,1.179925000000016,11,51,4.636363636363637,bpmiddle90|qp50
2.5,50.0,50.0,1.0,27,1.39,0.48,0.2073519080246306,120989,1.0082416666666576,27,70,2.592592592592593,bpmiddle90|qp50
2.5,50.0,50.0,1.0,10,1.39,0.48,1.1532238621000548,35504,0.2958666666666654,200,198,0.99,bpentry15|qp50
2.5,50.0,50.0,1.0,22,1.39,0.48,1.1837066967735288,33658,0.2804833333333312,200,196,0.98,bpentry15|qp50
2.5,50.0,50.0,1.0,4,1.39,0.48,1.152872158605327,35106,0.2925499999999969,200,200,1.0,bpentry20|qp50
2.5,50.0,50.0,1.0,16,1.39,0.48,1.1408797786436382,35418,0.2951499999999972,200,193,0.965,bpentry20|qp50
2.5,50.0,50.0,1.0,28,1.39,0.48,1.1404945349789202,35407,0.2950583333333342,200,203,1.015,bpentry20|qp50
2.5,50.0,50.0,1.0,10,1.39,0.48,1.1622639304546347,35085,0.2923749999999925,200,200,1.0,bpentry30|qp50
2.5,50.0,50.0,1.0,22,1.39,0.48,1.1947623729926389,33561,0.2796749999999959,200,198,0.99,bpentry30|qp50
2.5,50.0,50.0,1.0,4,1.39,0.48,1.16138649487827,34461,0.2871749999999997,200,198,0.99,bpentry45|qp50
2.5,50.0,50.0,1.0,16,1.39,0.48,1.1749635786876882,34046,0.2837166666666631,200,196,0.98,bpentry45|qp50
2.5,50.0,50.0,1.0,28,1.39,0.48,1.1571523406203832,34948,0.2912333333333332,200,197,0.985,bpentry45|qp50
2.5,50.0,50.0,1.0,10,1.39,0.48,1.194718910705986,34224,0.2851999999999924,200,204,1.02,bpentry60|qp50
2.5,50.0,50.0,1.0,22,1.39,0.48,1.194847395693026,33387,0.2782249999999986,200,196,0.98,bpentry60|qp50
2.5,50.0,50.0,1.0,4,1.39,0.48,0.635421900261151,32164,0.2680333333333324,0,0,1.0,bpentry90|qp50
2.5,50.0,50.0,1.0,16,1.39,0.48,0.6588649177122546,30685,0.2557083333333305,0,0,1.0,bpentry90|qp50
2.5,50.0,50.0,1.0,28,1.39,0.48,0.6461481126039801,31260,0.2604999999999965,0,0,1.0,bpentry90|qp50
2.5,50.0,50.0,1.0,10,1.39,0.48,1.1269069488260597,35819,0.2984916666666614,200,197,0.985,bpexit15|qp50
2.5,50.0,50.0,1.0,22,1.39,0.48,1.1974685243750325,33518,0.2793166666666638,200,198,0.99,bpexit15|qp50
2.5,50.0,50.0,1.0,4,1.39,0.48,1.137816056337931,35500,0.2958333333333368,200,204,1.02,bpexit20|qp50
2.5,50.0,50.0,1.0,16,1.39,0.48,1.1851437314267366,33987,0.2832249999999934,200,197,0.985,bpexit20|qp50
2.5,50.0,50.0,1.0,28,1.39,0.48,1.0894205622532978,37243,0.3103583333333345,200,198,0.99,bpexit20|qp50
2.5,50.0,50.0,1.0,10,1.39,0.48,1.162291275594183,34627,0.2885583333333303,200,201,1.005,bpexit30|qp50
2.5,50.0,50.0,1.0,22,1.39,0.48,1.1974905829597542,33450,0.2787499999999954,200,198,0.99,bpexit30|qp50
2.5,50.0,50.0,1.0,4,1.39,0.48,1.1447915541787532,35189,0.2932416666666664,200,196,0.98,bpexit45|qp50
2.5,50.0,50.0,1.0,16,1.39,0.48,1.19307548402421,33676,0.2806333333333278,200,196,0.98,bpexit45|qp50
2.5,50.0,50.0,1.0,28,1.39,0.48,1.1474472675656406,35225,0.293541666666665,200,196,0.98,bpexit45|qp50
2.5,50.0,50.0,1.0,10,1.39,0.48,1.1708734294482428,34542,0.2878499999999975,200,200,1.0,bpexit60|qp50
2.5,50.0,50.0,1.0,22,1.39,0.48,1.1666558252991854,34436,0.2869666666666649,200,198,0.99,bpexit60|qp50
2.5,50.0,50.0,1.0,4,1.39,0.48,0.473153866143789,42329,0.3527416666666667,0,0,1.0,bpexit90|qp50
2.5,50.0,50.0,1.0,16,1.39,0.48,0.481327187378994,41328,0.3443999999999986,0,0,1.0,bpexit90|qp50
2.5,50.0,50.0,1.0,28,1.39,0.48,0.4515049762600399,43808,0.3650666666666677,0,1,1.0,bpexit90|qp50
2.5,50.0,50.0,1.0,10,1.39,0.48,1.2158749210359596,33243,0.2770249999999923,200,202,1.01,bpmiddle0|qp50
2.5,50.0,50.0,1.0,22,1.39,0.48,1.2212459684781611,32866,0.2738833333333295,200,199,0.995,bpmiddle0|qp50
2.5,50.0,50.0,1.0,4,1.39,0.48,0.9716520299453022,41676,0.3473000000000033,200,195,0.975,bpmiddle15|qp50
2.5,50.0,50.0,1.0,16,1.39,0.48,0.9926701672975572,40945,0.3412083333333375,200,197,0.985,bpmiddle15|qp50
2.5,50.0,50.0,1.0,28,1.39,0.48,1.0299944748606544,39818,0.3318166666666647,200,197,0.985,bpmiddle15|qp50
2.5,50.0,50.0,1.0,10,1.39,0.48,0.9323269200262904,44127,0.3677250000000058,200,201,1.005,bpmiddle20|qp50
2.5,50.0,50.0,1.0,22,1.39,0.48,0.951762107291404,42557,0.3546416666666726,200,197,0.985,bpmiddle20|qp50
2.5,50.0,50.0,1.0,4,1.39,0.48,0.8646467264307325,47074,0.3922833333333312,198,198,1.0,bpmiddle30|qp50
2.5,50.0,50.0,1.0,16,1.39,0.48,0.8845533280576774,45492,0.3790999999999959,198,193,0.9747474747474748,bpmiddle30|qp50
2.5,50.0,50.0,1.0,28,1.39,0.48,0.8525457690036667,47412,0.3950999999999992,198,198,1.0,bpmiddle30|qp50
2.5,50.0,50.0,1.0,10,1.39,0.48,0.8171337437272708,49221,0.410174999999999,200,196,0.98,bpmiddle45|qp50
2.5,50.0,50.0,1.0,22,1.39,0.48,0.8628891540130331,46100,0.3841666666666632,198,197,0.9949494949494948,bpmiddle45|qp50
2.5,50.0,50.0,1.0,4,1.39,0.48,0.8735153832552359,45244,0.3770333333333331,198,193,0.9747474747474748,bpmiddle60|qp50
2.5,50.0,50.0,1.0,16,1.39,0.48,0.986998654775522,40142,0.334516666666671,200,197,0.985,bpmiddle60|qp50
2.5,50.0,50.0,1.0,28,1.39,0.48,0.9590389184566082,42088,0.3507333333333376,200,201,1.005,bpmiddle60|qp50
2.5,50.0,50.0,1.0,10,1.39,0.48,0.6658912557979656,58210,0.4850833333333312,198,183,0.9242424242424242,bpmiddle75|qp50
2.5,50.0,50.0,1.0,22,1.39,0.48,0.861421811330708,45646,0.3803833333333305,198,196,0.98989898989899,bpmiddle75|qp50
2.5,50.0,50.0,1.0,4,1.39,0.48,0.3892077874372616,89837,0.7486416666666549,159,145,0.9119496855345912,bpmiddle90|qp50
2.5,50.0,50.0,1.0,16,1.39,0.48,0.1597443227296042,131181,1.093175000000015,11,48,4.363636363636363,bpmiddle90|qp50
2.5,50.0,50.0,1.0,28,1.39,0.48,0.436071087231712,77426,0.6452166666666554,122,141,1.1557377049180328,bpmiddle90|qp50
2.5,50.0,50.0,1.0,11,1.39,0.48,1.160481146953437,34875,0.2906249999999958,200,197,0.985,bpentry15|qp50
2.5,50.0,50.0,1.0,23,1.39,0.48,1.1271419803031109,35843,0.2986916666666662,200,202,1.01,bpentry15|qp50
2.5,50.0,50.0,1.0,5,1.39,0.48,1.1535163564906292,34604,0.28836666666666,200,197,0.985,bpentry20|qp50
2.5,50.0,50.0,1.0,17,1.39,0.48,1.1490920988988296,35147,0.2928916666666672,200,199,0.995,bpentry20|qp50
2.5,50.0,50.0,1.0,29,1.39,0.48,1.1528264779254092,34474,0.2872833333333339,200,196,0.98,bpentry20|qp50
2.5,50.0,50.0,1.0,11,1.39,0.48,1.2022233131025593,33612,0.2800999999999968,200,201,1.005,bpentry30|qp50
2.5,50.0,50.0,1.0,23,1.39,0.48,1.1512011316873507,34992,0.2915999999999989,200,200,1.0,bpentry30|qp50
2.5,50.0,50.0,1.0,5,1.39,0.48,1.1628615473274555,34705,0.2892083333333258,200,199,0.995,bpentry45|qp50
2.5,50.0,50.0,1.0,17,1.39,0.48,1.176362378161756,33959,0.2829916666666628,200,200,1.0,bpentry45|qp50
2.5,50.0,50.0,1.0,29,1.39,0.48,1.1871684320453688,33515,0.279291666666666,200,199,0.995,bpentry45|qp50
2.5,50.0,50.0,1.0,11,1.39,0.48,1.1700986440086767,34366,0.2863833333333269,200,201,1.005,bpentry60|qp50
2.5,50.0,50.0,1.0,23,1.39,0.48,1.133258822866254,35476,0.2956333333333277,200,203,1.015,bpentry60|qp50
2.5,50.0,50.0,1.0,5,1.39,0.48,0.6664603179872018,30127,0.2510583333333308,0,0,1.0,bpentry90|qp50
2.5,50.0,50.0,1.0,17,1.39,0.48,0.646733762919463,31348,0.2612333333333326,0,0,1.0,bpentry90|qp50
2.5,50.0,50.0,1.0,29,1.39,0.48,0.6739142637575828,29929,0.2494083333333322,0,0,1.0,bpentry90|qp50
2.5,50.0,50.0,1.0,11,1.39,0.48,1.1681634709422153,33743,0.281191666666661,200,202,1.01,bpexit15|qp50
2.5,50.0,50.0,1.0,23,1.39,0.48,1.151799164377398,34944,0.2911999999999986,200,201,1.005,bpexit15|qp50
2.5,50.0,50.0,1.0,5,1.39,0.48,1.1535817715979686,34737,0.2894749999999992,200,198,0.99,bpexit20|qp50
2.5,50.0,50.0,1.0,17,1.39,0.48,1.137170440731673,35373,0.2947749999999981,200,199,0.995,bpexit20|qp50
2.5,50.0,50.0,1.0,29,1.39,0.48,1.1723453441056109,33914,0.2826166666666628,200,198,0.99,bpexit20|qp50
2.5,50.0,50.0,1.0,11,1.39,0.48,1.2062060376906645,33324,0.2776999999999962,200,201,1.005,bpexit30|qp50
2.5,50.0,50.0,1.0,23,1.39,0.48,1.1481645750144076,35060,0.2921666666666618,200,201,1.005,bpexit30|qp50
2.5,50.0,50.0,1.0,5,1.39,0.48,1.1387609565143362,35253,0.2937749999999985,200,198,0.99,bpexit45|qp50
2.5,50.0,50.0,1.0,17,1.39,0.48,1.1283132155477265,35375,0.2947916666666682,200,197,0.985,bpexit45|qp50
2.5,50.0,50.0,1.0,29,1.39,0.48,1.1768504489747975,34189,0.2849083333333331,200,202,1.01,bpexit45|qp50
2.5,50.0,50.0,1.0,11,1.39,0.48,1.1771302293017425,34278,0.2856499999999977,200,199,0.995,bpexit60|qp50
2.5,50.0,50.0,1.0,23,1.39,0.48,1.1375738223742664,35389,0.2949083333333286,200,200,1.0,bpexit60|qp50
2.5,50.0,50.0,1.0,5,1.39,0.48,0.4047723830187438,48854,0.4071166666666667,0,0,1.0,bpexit90|qp50
2.5,50.0,50.0,1.0,17,1.39,0.48,0.4237857066323565,46665,0.3888750000000008,0,3,1.0,bpexit90|qp50
2.5,50.0,50.0,1.0,29,1.39,0.48,0.4445150083079605,46341,0.386175,0,5,1.0,bpexit90|qp50
2.5,50.0,50.0,1.0,11,1.39,0.48,1.1891469654199462,34008,0.2833999999999959,200,206,1.03,bpmiddle0|qp50
2.5,50.0,50.0,1.0,23,1.39,0.48,1.1541379607303608,34836,0.2902999999999999,200,202,1.01,bpmiddle0|qp50
2.5,50.0,50.0,1.0,5,1.39,0.48,0.9428169506538144,42901,0.3575083333333311,200,196,0.98,bpmiddle15|qp50
2.5,50.0,50.0,1.0,17,1.39,0.48,0.9526203208556058,42823,0.3568583333333366,200,200,1.0,bpmiddle15|qp50
2.5,50.0,50.0,1.0,29,1.39,0.48,0.9285814572201274,44729,0.3727416666666712,200,198,0.99,bpmiddle15|qp50
2.5,50.0,50.0,1.0,11,1.39,0.48,0.9138006113227826,45148,0.3762333333333359,200,200,1.0,bpmiddle20|qp50
2.5,50.0,50.0,1.0,23,1.39,0.48,0.8678785965355766,47511,0.3959249999999982,200,200,1.0,bpmiddle20|qp50
2.5,50.0,50.0,1.0,5,1.39,0.48,0.8599877600979071,46569,0.3880749999999999,198,196,0.98989898989899,bpmiddle30|qp50
2.5,50.0,50.0,1.0,17,1.39,0.48,0.8170139342922023,48944,0.4078666666666694,198,197,0.9949494949494948,bpmiddle30|qp50
2.5,50.0,50.0,1.0,29,1.39,0.48,0.8815151979677375,45664,0.380533333333336,198,194,0.9797979797979798,bpmiddle30|qp50
2.5,50.0,50.0,1.0,11,1.39,0.48,0.799626734022965,49884,0.4156999999999996,200,195,0.975,bpmiddle45|qp50
2.5,50.0,50.0,1.0,23,1.39,0.48,0.8156458972702759,49528,0.4127333333333321,198,201,1.0151515151515151,bpmiddle45|qp50
2.5,50.0,50.0,1.0,5,1.39,0.48,0.9341367484981594,42282,0.3523500000000023,198,193,0.9747474747474748,bpmiddle60|qp50
2.5,50.0,50.0,1.0,17,1.39,0.48,0.9682609013219998,41073,0.3422750000000032,198,198,1.0,bpmiddle60|qp50
2.5,50.0,50.0,1.0,29,1.39,0.48,0.9489738675143878,42782,0.3565166666666643,198,197,0.9949494949494948,bpmiddle60|qp50
2.5,50.0,50.0,1.0,11,1.39,0.48,0.7324146400014757,54153,0.4512750000000076,198,195,0.9848484848484848,bpmiddle75|qp50
2.5,50.0,50.0,1.0,23,1.39,0.48,0.7731005494399247,51507,0.4292250000000123,198,197,0.9949494949494948,bpmiddle75|qp50
2.5,50.0,50.0,1.0,5,1.39,0.48,0.1589363505844609,146270,1.2189166666666624,32,72,2.25,bpmiddle90|qp50
2.5,50.0,50.0,1.0,17,1.39,0.48,0.3646204329949909,89747,0.7478916666666651,118,140,1.1864406779661016,bpmiddle90|qp50
2.5,50.0,50.0,1.0,29,1.39,0.48,0.4486719822645544,79389,0.6615749999999974,124,164,1.3225806451612905,bpmiddle90|qp50
2.5,50.0,50.0,2.0,0,1.39,0.48,1.1818395286116634,34112,0.2842666666666662,200,206,1.03,bpentry15|qp50
2.5,50.0,50.0,2.0,12,1.39,0.48,1.1349675078064931,35547,0.2962249999999962,200,200,1.0,bpentry15|qp50
2.5,50.0,50.0,2.0,24,1.39,0.48,1.1564302470387202,34529,0.2877416666666658,200,194,0.97,bpentry15|qp50
2.5,50.0,50.0,2.0,6,1.39,0.48,1.196973256611354,33541,0.2795083333333276,200,198,0.99,bpentry20|qp50
2.5,50.0,50.0,2.0,18,1.39,0.48,1.1404253262445785,35173,0.2931083333333337,200,204,1.02,bpentry20|qp50
2.5,50.0,50.0,2.0,0,1.39,0.48,1.1580150760998795,34757,0.2896416666666651,200,209,1.045,bpentry30|qp50
2.5,50.0,50.0,2.0,12,1.39,0.48,1.1734740910806702,34409,0.2867416666666598,200,196,0.98,bpentry30|qp50
2.5,50.0,50.0,2.0,24,1.39,0.48,1.1939836912691488,33479,0.2789916666666636,200,198,0.99,bpentry30|qp50
2.5,50.0,50.0,2.0,6,1.39,0.48,1.1724036227134906,33566,0.2797166666666656,199,191,0.9597989949748744,bpentry45|qp50
2.5,50.0,50.0,2.0,18,1.39,0.48,1.1805196649995673,33791,0.2815916666666652,200,203,1.015,bpentry45|qp50
2.5,50.0,50.0,2.0,0,1.39,0.48,1.150747393472394,35296,0.2941333333333333,200,204,1.02,bpentry60|qp50
2.5,50.0,50.0,2.0,12,1.39,0.48,1.155978542253817,34766,0.2897166666666655,200,197,0.985,bpentry60|qp50
2.5,50.0,50.0,2.0,24,1.39,0.48,1.1939511602580224,23874,0.1989500000000027,46,82,1.7826086956521738,bpentry60|qp50
2.5,50.0,50.0,2.0,6,1.39,0.48,0.6790185098249597,29822,0.2485166666666647,0,0,1.0,bpentry90|qp50
2.5,50.0,50.0,2.0,18,1.39,0.48,0.6433471795034652,31537,0.2628083333333328,0,0,1.0,bpentry90|qp50
2.5,50.0,50.0,2.0,0,1.39,0.48,1.1565657464272618,34846,0.2903833333333335,200,203,1.015,bpexit15|qp50
2.5,50.0,50.0,2.0,12,1.39,0.48,1.1269920186231162,36084,0.3006999999999955,200,204,1.02,bpexit15|qp50
2.5,50.0,50.0,2.0,24,1.39,0.48,1.155367979062989,34771,0.2897583333333289,200,204,1.02,bpexit15|qp50
2.5,50.0,50.0,2.0,6,1.39,0.48,1.157923601792889,35027,0.291891666666662,200,202,1.01,bpexit20|qp50
2.5,50.0,50.0,2.0,18,1.39,0.48,1.1036584759801489,36220,0.3018333333333314,200,204,1.02,bpexit20|qp50
2.5,50.0,50.0,2.0,0,1.39,0.48,1.1200694674165883,36276,0.3023000000000019,200,204,1.02,bpexit30|qp50
2.5,50.0,50.0,2.0,12,1.39,0.48,1.1724743988032238,34764,0.2896999999999955,200,204,1.02,bpexit30|qp50
2.5,50.0,50.0,2.0,24,1.39,0.48,0.915113665508615,42889,0.3574083333333349,200,191,0.955,bpexit30|qp50
2.5,50.0,50.0,2.0,6,1.39,0.48,1.1609796407886237,34186,0.2848833333333323,200,199,0.995,bpexit45|qp50
2.5,50.0,50.0,2.0,18,1.39,0.48,1.0865994758032722,37009,0.3084083333333301,200,207,1.035,bpexit45|qp50
2.5,50.0,50.0,2.0,0,1.39,0.48,1.1741594207113462,34387,0.2865583333333324,200,200,1.0,bpexit60|qp50
2.5,50.0,50.0,2.0,12,1.39,0.48,1.1825959169304712,34092,0.284099999999995,200,203,1.015,bpexit60|qp50
2.5,50.0,50.0,2.0,24,1.39,0.48,1.2018438995214602,33440,0.27866666666666,200,203,1.015,bpexit60|qp50
2.5,50.0,50.0,2.0,6,1.39,0.48,1.1977702905062273,33390,0.2782499999999981,200,201,1.005,bpmiddle0|qp50
2.5,50.0,50.0,2.0,18,1.39,0.48,1.161096369733262,34295,0.2857916666666646,200,201,1.005,bpmiddle0|qp50
2.5,50.0,50.0,2.0,0,1.39,0.48,0.8541360538563461,48128,0.4010666666666637,200,203,1.015,bpmiddle15|qp50
2.5,50.0,50.0,2.0,12,1.39,0.48,0.9741955730961266,42061,0.3505083333333347,200,194,0.97,bpmiddle15|qp50
2.5,50.0,50.0,2.0,24,1.39,0.48,0.8516295871315369,47061,0.3921750000000022,200,192,0.96,bpmiddle15|qp50
2.5,50.0,50.0,2.0,6,1.39,0.48,0.85034245846891,47013,0.3917749999999982,200,196,0.98,bpmiddle20|qp50
2.5,50.0,50.0,2.0,18,1.39,0.48,0.8366449867855922,48432,0.4035999999999963,200,199,0.995,bpmiddle20|qp50
2.5,50.0,50.0,2.0,0,1.39,0.48,0.8000198692602803,50329,0.4194083333333345,200,199,0.995,bpmiddle30|qp50
2.5,50.0,50.0,2.0,12,1.39,0.48,0.8251863436572977,48915,0.4076249999999988,200,196,0.98,bpmiddle30|qp50
2.5,50.0,50.0,2.0,24,1.39,0.48,0.8330984050805397,48341,0.4028416666666586,198,199,1.005050505050505,bpmiddle30|qp50
2.5,50.0,50.0,2.0,6,1.39,0.48,0.7820671488005102,51438,0.4286500000000043,200,196,0.98,bpmiddle45|qp50
2.5,50.0,50.0,2.0,18,1.39,0.48,0.8357004648032683,47547,0.396225000000002,200,201,1.005,bpmiddle45|qp50
2.5,50.0,50.0,2.0,0,1.39,0.48,0.8373131598636816,48116,0.400966666666665,200,203,1.015,bpmiddle60|qp50
2.5,50.0,50.0,2.0,12,1.39,0.48,0.9491242280284284,42100,0.3508333333333404,198,200,1.0101010101010102,bpmiddle60|qp50
2.5,50.0,50.0,2.0,24,1.39,0.48,0.9306110523167076,43466,0.3622166666666656,198,204,1.0303030303030305,bpmiddle60|qp50
2.5,50.0,50.0,2.0,1,1.39,0.48,1.1063895761173623,36378,0.3031499999999968,200,200,1.0,bpentry15|qp50
2.5,50.0,50.0,2.0,13,1.39,0.48,1.1406396474782234,35629,0.2969083333333286,200,200,1.0,bpentry15|qp50
2.5,50.0,50.0,2.0,25,1.39,0.48,1.1308943271546583,35714,0.2976166666666662,200,203,1.015,bpentry15|qp50
2.5,50.0,50.0,2.0,7,1.39,0.48,1.1116329807851355,36118,0.3009833333333332,200,196,0.98,bpentry20|qp50
2.5,50.0,50.0,2.0,19,1.39,0.48,1.17883420675118,34157,0.2846416666666672,200,201,1.005,bpentry20|qp50
2.5,50.0,50.0,2.0,1,1.39,0.48,1.134550185242771,35359,0.2946583333333268,200,197,0.985,bpentry30|qp50
2.5,50.0,50.0,2.0,13,1.39,0.48,1.1571258464364418,34852,0.2904333333333328,200,195,0.975,bpentry30|qp50
2.5,50.0,50.0,2.0,25,1.39,0.48,1.135695781007507,35435,0.295291666666662,200,203,1.015,bpentry30|qp50
2.5,50.0,50.0,2.0,7,1.39,0.48,1.153185822755303,34506,0.2875499999999957,200,199,0.995,bpentry45|qp50
2.5,50.0,50.0,2.0,19,1.39,0.48,1.197563264571921,33352,0.2779333333333312,200,200,1.0,bpentry45|qp50
2.5,50.0,50.0,2.0,1,1.39,0.48,1.1656718010845293,34668,0.2888999999999944,200,201,1.005,bpentry60|qp50
2.5,50.0,50.0,2.0,13,1.39,0.48,1.150431098430836,35050,0.2920833333333347,198,195,0.9848484848484848,bpentry60|qp50
2.5,50.0,50.0,2.0,25,1.39,0.48,1.1068475117183794,20054,0.167116666666667,2,47,23.5,bpentry60|qp50
2.5,50.0,50.0,2.0,7,1.39,0.48,0.6727666120456871,29903,0.2491916666666657,0,0,1.0,bpentry90|qp50
2.5,50.0,50.0,2.0,19,1.39,0.48,0.6676688467699297,29968,0.2497333333333297,0,0,1.0,bpentry90|qp50
2.5,50.0,50.0,2.0,1,1.39,0.48,1.1518097148588309,34895,0.2907916666666626,200,203,1.015,bpexit15|qp50
2.5,50.0,50.0,2.0,13,1.39,0.48,1.006950636942751,40192,0.3349333333333354,200,193,0.965,bpexit15|qp50
2.5,50.0,50.0,2.0,25,1.39,0.48,0.998001394839206,40148,0.334566666666666,200,197,0.985,bpexit15|qp50
2.5,50.0,50.0,2.0,7,1.39,0.48,1.1434079060439708,34910,0.2909166666666607,200,197,0.985,bpexit20|qp50
2.5,50.0,50.0,2.0,19,1.39,0.48,1.1899077697886202,32961,0.2746749999999979,200,201,1.005,bpexit20|qp50
2.5,50.0,50.0,2.0,1,1.39,0.48,1.1488338575921584,34970,0.2914166666666624,200,200,1.0,bpexit30|qp50
2.5,50.0,50.0,2.0,13,1.39,0.48,1.1424185822398494,35281,0.2940083333333297,200,198,0.99,bpexit30|qp50
2.5,50.0,50.0,2.0,25,1.39,0.48,1.0483862550057987,38705,0.3225416666666653,200,198,0.99,bpexit30|qp50
2.5,50.0,50.0,2.0,7,1.39,0.48,1.145859625975001,34864,0.2905333333333286,200,198,0.99,bpexit45|qp50
2.5,50.0,50.0,2.0,19,1.39,0.48,1.185087137429918,33166,0.2763833333333299,200,198,0.99,bpexit45|qp50
2.5,50.0,50.0,2.0,1,1.39,0.48,1.1374278001180644,35561,0.2963416666666623,200,203,1.015,bpexit60|qp50
2.5,50.0,50.0,2.0,13,1.39,0.48,1.1539843277348698,34711,0.2892583333333314,200,199,0.995,bpexit60|qp50
2.5,50.0,50.0,2.0,25,1.39,0.48,1.0531012063292882,38298,0.3191499999999966,200,199,0.995,bpexit60|qp50
2.5,50.0,50.0,2.0,7,1.39,0.48,1.1527211061076532,34644,0.2886999999999965,200,200,1.0,bpmiddle0|qp50
2.5,50.0,50.0,2.0,19,1.39,0.48,1.2218197912214614,32762,0.2730166666666638,200,202,1.01,bpmiddle0|qp50
2.5,50.0,50.0,2.0,1,1.39,0.48,0.9195692678894376,44761,0.3730083333333335,200,203,1.015,bpmiddle15|qp50
2.5,50.0,50.0,2.0,13,1.39,0.48,0.8786931781719289,46747,0.3895583333333319,200,195,0.975,bpmiddle15|qp50
2.5,50.0,50.0,2.0,25,1.39,0.48,0.7419870732516264,54306,0.4525500000000088,200,196,0.98,bpmiddle15|qp50
2.5,50.0,50.0,2.0,7,1.39,0.48,0.8921803375582238,45681,0.3806749999999971,200,197,0.985,bpmiddle20|qp50
2.5,50.0,50.0,2.0,19,1.39,0.48,0.876741624498365,45848,0.3820666666666695,200,197,0.985,bpmiddle20|qp50
2.5,50.0,50.0,2.0,1,1.39,0.48,0.8048340162717541,50517,0.4209749999999967,200,201,1.005,bpmiddle30|qp50
2.5,50.0,50.0,2.0,13,1.39,0.48,0.7543162401294007,52555,0.437958333333342,198,192,0.9696969696969696,bpmiddle30|qp50
2.5,50.0,50.0,2.0,25,1.39,0.48,0.7792985824267693,51567,0.4297250000000048,200,196,0.98,bpmiddle30|qp50
2.5,50.0,50.0,2.0,7,1.39,0.48,0.8373705025974527,46777,0.3898083333333315,200,192,0.96,bpmiddle45|qp50
2.5,50.0,50.0,2.0,19,1.39,0.48,0.8151206645898745,48150,0.4012500000000009,200,195,0.975,bpmiddle45|qp50
2.5,50.0,50.0,2.0,1,1.39,0.48,0.9579177310382718,41887,0.3490583333333375,198,205,1.0353535353535352,bpmiddle60|qp50
2.5,50.0,50.0,2.0,13,1.39,0.48,0.8828184022602462,44951,0.3745916666666682,198,196,0.98989898989899,bpmiddle60|qp50
2.5,50.0,50.0,2.0,25,1.39,0.48,0.866699249432742,45832,0.3819333333333276,200,198,0.99,bpmiddle60|qp50
2.5,50.0,50.0,2.0,2,1.39,0.48,1.1495538217020609,34605,0.2883749999999989,200,200,1.0,bpentry15|qp50
2.5,50.0,50.0,2.0,14,1.39,0.48,1.180877991484344,34055,0.2837916666666643,200,198,0.99,bpentry15|qp50
2.5,50.0,50.0,2.0,26,1.39,0.48,1.1554006520249374,34968,0.2914000000000016,200,196,0.98,bpentry15|qp50
2.5,50.0,50.0,2.0,8,1.39,0.48,1.1349327956989237,34968,0.2913999999999976,200,199,0.995,bpentry20|qp50
2.5,50.0,50.0,2.0,20,1.39,0.48,1.1666684029285912,34557,0.2879749999999951,200,200,1.0,bpentry20|qp50
2.5,50.0,50.0,2.0,2,1.39,0.48,1.1376990593818863,34977,0.2914749999999975,200,197,0.985,bpentry30|qp50
2.5,50.0,50.0,2.0,14,1.39,0.48,1.155844325676539,35176,0.2931333333333331,200,197,0.985,bpentry30|qp50
2.5,50.0,50.0,2.0,26,1.39,0.48,1.1735024777583591,34507,0.2875583333333318,200,195,0.975,bpentry30|qp50
2.5,50.0,50.0,2.0,8,1.39,0.48,1.1385277081352363,34701,0.2891749999999958,200,196,0.98,bpentry45|qp50
2.5,50.0,50.0,2.0,20,1.39,0.48,1.178867444081208,34559,0.287991666666665,200,197,0.985,bpentry45|qp50
2.5,50.0,50.0,2.0,2,1.39,0.48,1.152334391229065,34660,0.2888333333333301,200,196,0.98,bpentry60|qp50
2.5,50.0,50.0,2.0,14,1.39,0.48,1.178046397636441,29786,0.2482166666666643,130,159,1.2230769230769232,bpentry60|qp50
2.5,50.0,50.0,2.0,26,1.39,0.48,1.1618462335570354,34741,0.2895083333333329,200,196,0.98,bpentry60|qp50
2.5,50.0,50.0,2.0,8,1.39,0.48,0.6623482754080873,30384,0.2531999999999991,0,0,1.0,bpentry90|qp50
2.5,50.0,50.0,2.0,20,1.39,0.48,0.67751719740945,29801,0.2483416666666649,0,0,1.0,bpentry90|qp50
2.5,50.0,50.0,2.0,2,1.39,0.48,1.1391122402375498,35032,0.291933333333328,200,203,1.015,bpexit15|qp50
2.5,50.0,50.0,2.0,14,1.39,0.48,1.14436630710484,35877,0.298974999999998,200,198,0.99,bpexit15|qp50
2.5,50.0,50.0,2.0,26,1.39,0.48,1.1659231901206837,34657,0.2888083333333341,200,197,0.985,bpexit15|qp50
2.5,50.0,50.0,2.0,8,1.39,0.48,1.0877787206088645,36533,0.3044416666666677,200,193,0.965,bpexit20|qp50
2.5,50.0,50.0,2.0,20,1.39,0.48,1.0009454265949842,40331,0.3360916666666687,200,194,0.97,bpexit20|qp50
2.5,50.0,50.0,2.0,2,1.39,0.48,1.1451443304908888,34712,0.2892666666666624,200,200,1.0,bpexit30|qp50
2.5,50.0,50.0,2.0,14,1.39,0.48,1.1452639742794488,35458,0.2954833333333311,200,201,1.005,bpexit30|qp50
2.5,50.0,50.0,2.0,26,1.39,0.48,1.1741953074341451,33926,0.282716666666666,200,195,0.975,bpexit30|qp50
2.5,50.0,50.0,2.0,8,1.39,0.48,1.1184653882922393,35566,0.2963833333333309,200,199,0.995,bpexit45|qp50
2.5,50.0,50.0,2.0,20,1.39,0.48,1.1636297173901844,34606,0.2883833333333288,200,199,0.995,bpexit45|qp50
2.5,50.0,50.0,2.0,2,1.39,0.48,1.1382410207667433,34719,0.2893249999999931,200,199,0.995,bpexit60|qp50
2.5,50.0,50.0,2.0,14,1.39,0.48,1.1731156565071457,34516,0.2876333333333312,200,197,0.985,bpexit60|qp50
2.5,50.0,50.0,2.0,26,1.39,0.48,1.168952439166704,34356,0.2862999999999971,200,193,0.965,bpexit60|qp50
2.5,50.0,50.0,2.0,8,1.39,0.48,1.1468551349163632,34577,0.2881416666666653,200,199,0.995,bpmiddle0|qp50
2.5,50.0,50.0,2.0,20,1.39,0.48,1.1878274572178362,33951,0.282924999999998,200,197,0.985,bpmiddle0|qp50
2.5,50.0,50.0,2.0,2,1.39,0.48,0.8789159938527091,46199,0.3849916666666634,200,196,0.98,bpmiddle15|qp50
2.5,50.0,50.0,2.0,14,1.39,0.48,0.9842666699101934,41107,0.3425583333333303,200,199,0.995,bpmiddle15|qp50
2.5,50.0,50.0,2.0,26,1.39,0.48,0.9988240041083862,40893,0.340775000000001,200,196,0.98,bpmiddle15|qp50
2.5,50.0,50.0,2.0,8,1.39,0.48,0.8792094990240923,46110,0.3842499999999951,200,197,0.985,bpmiddle20|qp50
2.5,50.0,50.0,2.0,20,1.39,0.48,0.9546946528859728,42378,0.3531500000000045,200,198,0.99,bpmiddle20|qp50
2.5,50.0,50.0,2.0,2,1.39,0.48,0.7854807635365926,50659,0.4221583333333332,200,197,0.985,bpmiddle30|qp50
2.5,50.0,50.0,2.0,14,1.39,0.48,0.7295794965674909,54625,0.4552083333333427,200,191,0.955,bpmiddle30|qp50
2.5,50.0,50.0,2.0,26,1.39,0.48,0.8544852972467349,46998,0.3916499999999985,200,195,0.975,bpmiddle30|qp50
2.5,50.0,50.0,2.0,8,1.39,0.48,0.7235477910912107,54665,0.455541666666677,200,191,0.955,bpmiddle45|qp50
2.5,50.0,50.0,2.0,20,1.39,0.48,0.8576579369553184,46126,0.3843833333333281,200,198,0.99,bpmiddle45|qp50
2.5,50.0,50.0,2.0,2,1.39,0.48,0.8786681116468592,45214,0.3767833333333296,198,196,0.98989898989899,bpmiddle60|qp50
2.5,50.0,50.0,2.0,14,1.39,0.48,0.8509212998547777,46836,0.3903000000000021,198,194,0.9797979797979798,bpmiddle60|qp50
2.5,50.0,50.0,2.0,26,1.39,0.48,0.9107752777906508,43378,0.3614833333333364,198,192,0.9696969696969696,bpmiddle60|qp50
2.5,50.0,50.0,2.0,3,1.39,0.48,1.1903559822747205,33850,0.2820833333333339,200,202,1.01,bpentry15|qp50
2.5,50.0,50.0,2.0,15,1.39,0.48,1.182751086573529,34052,0.2837666666666651,200,201,1.005,bpentry15|qp50
2.5,50.0,50.0,2.0,27,1.39,0.48,1.1665842057946,34481,0.2873416666666662,200,207,1.035,bpentry15|qp50
2.5,50.0,50.0,2.0,9,1.39,0.48,1.1399598599370353,35127,0.2927249999999944,200,193,0.965,bpentry20|qp50
2.5,50.0,50.0,2.0,21,1.39,0.48,1.121025797672783,36011,0.3000916666666652,200,197,0.985,bpentry20|qp50
2.5,50.0,50.0,2.0,3,1.39,0.48,1.2056817569791445,33421,0.2785083333333314,200,197,0.985,bpentry30|qp50
2.5,50.0,50.0,2.0,15,1.39,0.48,1.1764289049732486,34264,0.2855333333333288,200,201,1.005,bpentry30|qp50
2.5,50.0,50.0,2.0,27,1.39,0.48,1.1909160169568025,33733,0.2811083333333313,200,207,1.035,bpentry30|qp50
2.5,50.0,50.0,2.0,9,1.39,0.48,1.1662206524608094,34117,0.2843083333333313,200,195,0.975,bpentry45|qp50
2.5,50.0,50.0,2.0,21,1.39,0.48,1.1483023789944615,35267,0.2938916666666625,200,202,1.01,bpentry45|qp50
2.5,50.0,50.0,2.0,3,1.39,0.48,1.1917085447210043,25033,0.2086083333333356,53,89,1.679245283018868,bpentry60|qp50
2.5,50.0,50.0,2.0,15,1.39,0.48,1.1787984477083582,20357,0.169641666666668,8,42,5.25,bpentry60|qp50
2.5,50.0,50.0,2.0,27,1.39,0.48,1.170373522321395,34429,0.2869083333333349,200,206,1.03,bpentry60|qp50
2.5,50.0,50.0,2.0,9,1.39,0.48,0.6573005638001321,30862,0.2571833333333299,0,0,1.0,bpentry90|qp50
2.5,50.0,50.0,2.0,21,1.39,0.48,0.6726324678765531,30196,0.2516333333333302,0,0,1.0,bpentry90|qp50
2.5,50.0,50.0,2.0,3,1.39,0.48,1.203053389855706,33733,0.2811083333333353,200,204,1.02,bpexit15|qp50
2.5,50.0,50.0,2.0,15,1.39,0.48,1.188745963561061,33755,0.2812916666666666,200,201,1.005,bpexit15|qp50
2.5,50.0,50.0,2.0,27,1.39,0.48,1.0336526448363637,39700,0.3308333333333291,200,211,1.055,bpexit15|qp50
2.5,50.0,50.0,2.0,9,1.39,0.48,1.1261465808211342,35257,0.2938083333333315,200,195,0.975,bpexit20|qp50
2.5,50.0,50.0,2.0,21,1.39,0.48,1.1370211370054215,35057,0.2921416666666664,200,196,0.98,bpexit20|qp50
2.5,50.0,50.0,2.0,3,1.39,0.48,1.1722670355271414,34340,0.286166666666668,200,199,0.995,bpexit30|qp50
2.5,50.0,50.0,2.0,15,1.39,0.48,1.1430370874833484,35241,0.2936749999999966,200,201,1.005,bpexit30|qp50
2.5,50.0,50.0,2.0,27,1.39,0.48,1.1553117284827423,35239,0.2936583333333317,200,208,1.04,bpexit30|qp50
2.5,50.0,50.0,2.0,9,1.39,0.48,1.148208220597806,34742,0.2895166666666651,200,193,0.965,bpexit45|qp50
2.5,50.0,50.0,2.0,21,1.39,0.48,1.1575452543681315,34969,0.2914083333333282,200,198,0.99,bpexit45|qp50
2.5,50.0,50.0,2.0,3,1.39,0.48,1.2003715853512935,33532,0.2794333333333333,200,204,1.02,bpexit60|qp50
2.5,50.0,50.0,2.0,15,1.39,0.48,1.1926145969759852,33596,0.2799666666666658,200,196,0.98,bpexit60|qp50
2.5,50.0,50.0,2.0,27,1.39,0.48,0.913691064837353,28718,0.2393166666666682,37,79,2.135135135135135,bpexit60|qp50
2.5,50.0,50.0,2.0,9,1.39,0.48,1.1738243750735575,34084,0.2840333333333296,200,193,0.965,bpmiddle0|qp50
2.5,50.0,50.0,2.0,21,1.39,0.48,1.141700791855137,35360,0.2946666666666608,200,198,0.99,bpmiddle0|qp50
2.5,50.0,50.0,2.0,3,1.39,0.48,0.8658959271280329,47755,0.3979583333333295,200,198,0.99,bpmiddle15|qp50
2.5,50.0,50.0,2.0,15,1.39,0.48,0.9676415653369522,42189,0.3515750000000049,200,199,0.995,bpmiddle15|qp50
2.5,50.0,50.0,2.0,27,1.39,0.48,0.922774375251504,44738,0.3728166666666669,200,208,1.04,bpmiddle15|qp50
2.5,50.0,50.0,2.0,9,1.39,0.48,0.859786921850141,47025,0.3918749999999956,200,194,0.97,bpmiddle20|qp50
2.5,50.0,50.0,2.0,21,1.39,0.48,0.8322845270992086,49577,0.4131416666666715,200,193,0.965,bpmiddle20|qp50
2.5,50.0,50.0,2.0,3,1.39,0.48,0.8076329075731782,49715,0.4142916666666628,198,195,0.9848484848484848,bpmiddle30|qp50
2.5,50.0,50.0,2.0,15,1.39,0.48,0.7848573157401514,51232,0.4269333333333366,198,196,0.98989898989899,bpmiddle30|qp50
2.5,50.0,50.0,2.0,27,1.39,0.48,0.7485298506053156,52947,0.441225000000014,200,200,1.0,bpmiddle30|qp50
2.5,50.0,50.0,2.0,9,1.39,0.48,0.7333876971842259,54264,0.452200000000004,200,193,0.965,bpmiddle45|qp50
2.5,50.0,50.0,2.0,21,1.39,0.48,0.7589050485437748,51500,0.4291666666666758,200,190,0.95,bpmiddle45|qp50
2.5,50.0,50.0,2.0,3,1.39,0.48,0.990313109131728,40529,0.3377416666666697,198,199,1.005050505050505,bpmiddle60|qp50
2.5,50.0,50.0,2.0,15,1.39,0.48,0.8982936750050753,44253,0.3687749999999952,198,199,1.005050505050505,bpmiddle60|qp50
2.5,50.0,50.0,2.0,27,1.39,0.48,0.8951525742707432,44634,0.3719500000000026,198,205,1.0353535353535352,bpmiddle60|qp50
2.5,50.0,50.0,2.0,4,1.39,0.48,1.1374050579616564,35627,0.296891666666665,200,192,0.96,bpentry15|qp50
2.5,50.0,50.0,2.0,16,1.39,0.48,1.1691994114592072,34662,0.2888499999999988,200,197,0.985,bpentry15|qp50
2.5,50.0,50.0,2.0,28,1.39,0.48,1.1707777907248176,34328,0.2860666666666656,200,202,1.01,bpentry15|qp50
2.5,50.0,50.0,2.0,10,1.39,0.48,1.166500443452756,34953,0.2912749999999947,200,196,0.98,bpentry20|qp50
2.5,50.0,50.0,2.0,22,1.39,0.48,1.1755459744830996,34095,0.2841249999999961,200,198,0.99,bpentry20|qp50
2.5,50.0,50.0,2.0,4,1.39,0.48,1.14496940721129,35139,0.2928249999999947,200,197,0.985,bpentry30|qp50
2.5,50.0,50.0,2.0,16,1.39,0.48,1.1743491505565464,34140,0.2844999999999951,200,195,0.975,bpentry30|qp50
2.5,50.0,50.0,2.0,28,1.39,0.48,1.15150744187368,35139,0.292825,200,199,0.995,bpentry30|qp50
2.5,50.0,50.0,2.0,10,1.39,0.48,1.1817485282488407,34143,0.2845249999999925,200,199,0.995,bpentry45|qp50
2.5,50.0,50.0,2.0,22,1.39,0.48,1.171778808523086,34495,0.2874583333333294,200,197,0.985,bpentry45|qp50
2.5,50.0,50.0,2.0,4,1.39,0.48,1.140312056334813,35218,0.2934833333333333,200,198,0.99,bpentry60|qp50
2.5,50.0,50.0,2.0,16,1.39,0.48,1.157948069852946,34816,0.2901333333333313,200,194,0.97,bpentry60|qp50
2.5,50.0,50.0,2.0,28,1.39,0.48,1.1697230184264549,34190,0.2849166666666654,199,196,0.984924623115578,bpentry60|qp50
2.5,50.0,50.0,2.0,10,1.39,0.48,0.6804812905371875,30065,0.2505416666666639,0,0,1.0,bpentry90|qp50
2.5,50.0,50.0,2.0,22,1.39,0.48,0.671666611400359,30157,0.2513083333333311,0,0,1.0,bpentry90|qp50
2.5,50.0,50.0,2.0,4,1.39,0.48,1.1329245283018698,35298,0.294149999999999,200,196,0.98,bpexit15|qp50
2.5,50.0,50.0,2.0,16,1.39,0.48,1.1677032127935352,34705,0.2892083333333279,200,201,1.005,bpexit15|qp50
2.5,50.0,50.0,2.0,28,1.39,0.48,1.091321606390505,36554,0.3046166666666652,200,196,0.98,bpexit15|qp50
2.5,50.0,50.0,2.0,10,1.39,0.48,1.0005412060177794,40613,0.3384416666666683,200,193,0.965,bpexit20|qp50
2.5,50.0,50.0,2.0,22,1.39,0.48,1.1815386854515413,34354,0.2862833333333278,200,203,1.015,bpexit20|qp50
2.5,50.0,50.0,2.0,4,1.39,0.48,1.123528885908916,35796,0.2982999999999994,200,203,1.015,bpexit30|qp50
2.5,50.0,50.0,2.0,16,1.39,0.48,1.1593975001439063,34722,0.2893499999999955,200,198,0.99,bpexit30|qp50
2.5,50.0,50.0,2.0,28,1.39,0.48,1.1201349863036674,35411,0.2950916666666663,200,198,0.99,bpexit30|qp50
2.5,50.0,50.0,2.0,10,1.39,0.48,1.1734972267159818,34616,0.2884666666666621,200,199,0.995,bpexit45|qp50
2.5,50.0,50.0,2.0,22,1.39,0.48,1.1685414191755226,34513,0.2876083333333296,200,198,0.99,bpexit45|qp50
2.5,50.0,50.0,2.0,4,1.39,0.48,1.1500079722111023,35122,0.2926833333333328,200,197,0.985,bpexit60|qp50
2.5,50.0,50.0,2.0,16,1.39,0.48,1.146891360136892,35070,0.2922499999999939,200,198,0.99,bpexit60|qp50
2.5,50.0,50.0,2.0,28,1.39,0.48,1.1322504125989636,35749,0.2979083333333358,200,194,0.97,bpexit60|qp50
2.5,50.0,50.0,2.0,10,1.39,0.48,1.1861232697070667,34315,0.2859583333333248,200,201,1.005,bpmiddle0|qp50
2.5,50.0,50.0,2.0,22,1.39,0.48,1.1935691078721946,33549,0.2795749999999944,200,196,0.98,bpmiddle0|qp50
2.5,50.0,50.0,2.0,4,1.39,0.48,0.962174212551696,42098,0.3508166666666697,200,198,0.99,bpmiddle15|qp50
2.5,50.0,50.0,2.0,16,1.39,0.48,0.9784333397646068,41464,0.3455333333333361,200,199,0.995,bpmiddle15|qp50
2.5,50.0,50.0,2.0,28,1.39,0.48,0.8216698303595078,50047,0.4170583333333335,200,199,0.995,bpmiddle15|qp50
2.5,50.0,50.0,2.0,10,1.39,0.48,0.9455408224766892,43138,0.3594833333333327,200,199,0.995,bpmiddle20|qp50
2.5,50.0,50.0,2.0,22,1.39,0.48,0.8512195224571196,47535,0.3961250000000005,200,195,0.975,bpmiddle20|qp50
2.5,50.0,50.0,2.0,4,1.39,0.48,0.8379135467009399,48211,0.4017583333333248,200,197,0.985,bpmiddle30|qp50
2.5,50.0,50.0,2.0,16,1.39,0.48,0.8363635223281419,47832,0.3985999999999983,200,192,0.96,bpmiddle30|qp50
2.5,50.0,50.0,2.0,28,1.39,0.48,0.8091408811065868,50028,0.4169000000000021,198,197,0.9949494949494948,bpmiddle30|qp50
2.5,50.0,50.0,2.0,10,1.39,0.48,0.8487159061942365,47076,0.3922999999999983,200,196,0.98,bpmiddle45|qp50
2.5,50.0,50.0,2.0,22,1.39,0.48,0.8992549359658901,44976,0.3748000000000016,198,199,1.005050505050505,bpmiddle45|qp50
2.5,50.0,50.0,2.0,4,1.39,0.48,0.9060988723088872,43895,0.3657916666666651,198,196,0.98989898989899,bpmiddle60|qp50
2.5,50.0,50.0,2.0,16,1.39,0.48,0.8834055679631684,45223,0.3768583333333289,198,192,0.9696969696969696,bpmiddle60|qp50
2.5,50.0,50.0,2.0,28,1.39,0.48,0.9215811579070076,43095,0.3591249999999967,198,198,1.0,bpmiddle60|qp50
2.5,50.0,50.0,2.0,5,1.39,0.48,1.1090555433105491,36296,0.3024666666666647,200,195,0.975,bpentry15|qp50
2.5,50.0,50.0,2.0,17,1.39,0.48,1.140105844192754,35146,0.2928833333333324,200,194,0.97,bpentry15|qp50
2.5,50.0,50.0,2.0,29,1.39,0.48,1.1468222355187538,35097,0.2924749999999989,200,198,0.99,bpentry15|qp50
2.5,50.0,50.0,2.0,11,1.39,0.48,1.1936035216435228,34075,0.2839583333333285,200,204,1.02,bpentry20|qp50
2.5,50.0,50.0,2.0,23,1.39,0.48,1.1651635236523783,34521,0.2876749999999953,200,202,1.01,bpentry20|qp50
2.5,50.0,50.0,2.0,5,1.39,0.48,1.1545207022001307,34634,0.2886166666666656,200,197,0.985,bpentry30|qp50
2.5,50.0,50.0,2.0,17,1.39,0.48,1.1305792640268333,35735,0.2977916666666651,200,196,0.98,bpentry30|qp50
2.5,50.0,50.0,2.0,29,1.39,0.48,1.15464060639503,34433,0.2869416666666654,200,200,1.0,bpentry30|qp50
2.5,50.0,50.0,2.0,11,1.39,0.48,1.1638036315502496,34751,0.2895916666666641,200,203,1.015,bpentry45|qp50
2.5,50.0,50.0,2.0,23,1.39,0.48,1.155069022162131,34699,0.2891583333333323,200,197,0.985,bpentry45|qp50
2.5,50.0,50.0,2.0,5,1.39,0.48,1.134408974983465,34897,0.2908083333333331,199,192,0.964824120603015,bpentry60|qp50
2.5,50.0,50.0,2.0,17,1.39,0.48,1.133721999661398,35446,0.2953833333333324,200,196,0.98,bpentry60|qp50
2.5,50.0,50.0,2.0,29,1.39,0.48,1.1505565581049193,34911,0.2909249999999987,200,197,0.985,bpentry60|qp50
2.5,50.0,50.0,2.0,11,1.39,0.48,0.6488093355681616,31621,0.2635083333333314,0,0,1.0,bpentry90|qp50
2.5,50.0,50.0,2.0,23,1.39,0.48,0.6701895734597353,30384,0.2531999999999974,0,0,1.0,bpentry90|qp50
2.5,50.0,50.0,2.0,5,1.39,0.48,1.1185620071282585,35633,0.296941666666664,200,197,0.985,bpexit15|qp50
2.5,50.0,50.0,2.0,17,1.39,0.48,1.0473055257159474,38167,0.3180583333333312,200,197,0.985,bpexit15|qp50
2.5,50.0,50.0,2.0,29,1.39,0.48,1.1138775222634436,35484,0.2956999999999999,200,207,1.035,bpexit15|qp50
2.5,50.0,50.0,2.0,11,1.39,0.48,1.0383161091123083,39189,0.3265749999999958,200,199,0.995,bpexit20|qp50
2.5,50.0,50.0,2.0,23,1.39,0.48,1.1336708360392962,35417,0.2951416666666619,200,199,0.995,bpexit20|qp50
2.5,50.0,50.0,2.0,5,1.39,0.48,1.1329319118693129,35175,0.2931250000000008,200,195,0.975,bpexit30|qp50
2.5,50.0,50.0,2.0,17,1.39,0.48,1.1340926377930751,35234,0.2936166666666633,200,197,0.985,bpexit30|qp50
2.5,50.0,50.0,2.0,29,1.39,0.48,1.153317837962685,34634,0.2886166666666652,200,200,1.0,bpexit30|qp50
2.5,50.0,50.0,2.0,11,1.39,0.48,1.1324418181309497,35707,0.297558333333331,200,202,1.01,bpexit45|qp50
2.5,50.0,50.0,2.0,23,1.39,0.48,1.1294644606814983,35721,0.2976749999999976,200,202,1.01,bpexit45|qp50
2.5,50.0,50.0,2.0,5,1.39,0.48,1.120944336209308,35930,0.2994166666666639,200,193,0.965,bpexit60|qp50
2.5,50.0,50.0,2.0,17,1.39,0.48,1.125577187036095,35699,0.2974916666666641,200,196,0.98,bpexit60|qp50
2.5,50.0,50.0,2.0,29,1.39,0.48,1.1511255744911275,35031,0.2919249999999995,200,201,1.005,bpexit60|qp50
2.5,50.0,50.0,2.0,11,1.39,0.48,1.1836186520010548,34184,0.2848666666666624,200,206,1.03,bpmiddle0|qp50
2.5,50.0,50.0,2.0,23,1.39,0.48,1.164430843846553,34639,0.2886583333333296,200,203,1.015,bpmiddle0|qp50
2.5,50.0,50.0,2.0,5,1.39,0.48,0.9194690934065548,43680,0.3639999999999999,200,193,0.965,bpmiddle15|qp50
2.5,50.0,50.0,2.0,17,1.39,0.48,0.924687272064162,43872,0.3655999999999981,200,201,1.005,bpmiddle15|qp50
2.5,50.0,50.0,2.0,29,1.39,0.48,0.8464119890555876,48244,0.4020333333333317,200,196,0.98,bpmiddle15|qp50
2.5,50.0,50.0,2.0,11,1.39,0.48,0.9005675232367187,45725,0.3810416666666673,200,197,0.985,bpmiddle20|qp50
2.5,50.0,50.0,2.0,23,1.39,0.48,0.9211050777481692,44567,0.3713916666666694,200,201,1.005,bpmiddle20|qp50
2.5,50.0,50.0,2.0,5,1.39,0.48,0.859586922811846,46432,0.3869333333333328,200,194,0.97,bpmiddle30|qp50
2.5,50.0,50.0,2.0,17,1.39,0.48,0.7852331240188064,50960,0.4246666666666727,200,193,0.965,bpmiddle30|qp50
2.5,50.0,50.0,2.0,29,1.39,0.48,0.7726201761624412,52111,0.4342583333333406,200,196,0.98,bpmiddle30|qp50
2.5,50.0,50.0,2.0,11,1.39,0.48,0.7912917661098096,50280,0.4190000000000058,200,197,0.985,bpmiddle45|qp50
2.5,50.0,50.0,2.0,23,1.39,0.48,0.8420793162969454,47506,0.395883333333333,200,200,1.0,bpmiddle45|qp50
2.5,50.0,50.0,2.0,5,1.39,0.48,0.898139371080606,44012,0.3667666666666692,198,195,0.9848484848484848,bpmiddle60|qp50
2.5,50.0,50.0,2.0,17,1.39,0.48,0.9193091982886588,43008,0.3583999999999994,198,198,1.0,bpmiddle60|qp50
2.5,50.0,50.0,2.0,29,1.39,0.48,0.9488004553431518,42166,0.351383333333339,198,197,0.9949494949494948,bpmiddle60|qp50
2.5,50.0,50.0,2.0,6,1.39,0.48,1.1764753352702282,34077,0.2839749999999989,200,197,0.985,bpentry15|qp50
2.5,50.0,50.0,2.0,18,1.39,0.48,1.1503663687826082,34801,0.2900083333333271,200,203,1.015,bpentry15|qp50
2.5,50.0,50.0,2.0,0,1.39,0.48,1.1510313413166993,34906,0.2908833333333342,200,206,1.03,bpentry20|qp50
2.5,50.0,50.0,2.0,12,1.39,0.48,1.1386853150792091,35499,0.2958249999999968,200,196,0.98,bpentry20|qp50
2.5,50.0,50.0,2.0,24,1.39,0.48,1.177783761513706,33981,0.2831749999999959,200,201,1.005,bpentry20|qp50
2.5,50.0,50.0,2.0,6,1.39,0.48,1.204968848294253,33064,0.2755333333333337,200,193,0.965,bpentry30|qp50
2.5,50.0,50.0,2.0,18,1.39,0.48,1.1626352525487844,34528,0.2877333333333322,200,199,0.995,bpentry30|qp50
2.5,50.0,50.0,2.0,0,1.39,0.48,1.1505565335908494,35218,0.293483333333332,200,206,1.03,bpentry45|qp50
2.5,50.0,50.0,2.0,12,1.39,0.48,1.1614018154657852,34812,0.2900999999999955,200,198,0.99,bpentry45|qp50
2.5,50.0,50.0,2.0,24,1.39,0.48,1.1934931506848652,33434,0.278616666666665,200,200,1.0,bpentry45|qp50
2.5,50.0,50.0,2.0,6,1.39,0.48,1.1507333603660326,34526,0.2877166666666651,200,192,0.96,bpentry60|qp50
2.5,50.0,50.0,2.0,18,1.39,0.48,1.1500527333450778,34134,0.2844499999999967,200,200,1.0,bpentry60|qp50
2.5,50.0,50.0,2.0,0,1.39,0.48,0.6670911779201663,30435,0.2536249999999976,0,0,1.0,bpentry90|qp50
2.5,50.0,50.0,2.0,12,1.39,0.48,0.6701466976653033,30539,0.2544916666666637,0,0,1.0,bpentry90|qp50
2.5,50.0,50.0,2.0,24,1.39,0.48,0.6713491297548008,30049,0.2504083333333309,0,0,1.0,bpentry90|qp50
2.5,50.0,50.0,2.0,6,1.39,0.48,1.15128353858905,34997,0.2916416666666636,200,200,1.0,bpexit15|qp50
2.5,50.0,50.0,2.0,18,1.39,0.48,1.1211532425313149,35682,0.2973499999999998,200,201,1.005,bpexit15|qp50
2.5,50.0,50.0,2.0,0,1.39,0.48,1.0623070631382752,37901,0.3158416666666689,200,199,0.995,bpexit20|qp50
2.5,50.0,50.0,2.0,12,1.39,0.48,0.977759796388628,41648,0.3470666666666701,200,194,0.97,bpexit20|qp50
2.5,50.0,50.0,2.0,24,1.39,0.48,1.1901252999200005,33759,0.2813249999999939,200,202,1.01,bpexit20|qp50
2.5,50.0,50.0,2.0,6,1.39,0.48,1.198512832813692,33352,0.2779333333333312,200,200,1.0,bpexit30|qp50
2.5,50.0,50.0,2.0,18,1.39,0.48,0.96321000383657,41704,0.3475333333333344,200,200,1.0,bpexit30|qp50
2.5,50.0,50.0,2.0,0,1.39,0.48,1.1071319406267774,36380,0.3031666666666657,200,201,1.005,bpexit45|qp50
2.5,50.0,50.0,2.0,12,1.39,0.48,1.1567807167234363,35160,0.2929999999999971,200,202,1.01,bpexit45|qp50
2.5,50.0,50.0,2.0,24,1.39,0.48,1.1741783324078328,34217,0.2851416666666636,200,204,1.02,bpexit45|qp50
2.5,50.0,50.0,2.0,6,1.39,0.48,1.0849193744429408,37023,0.3085249999999966,200,199,0.995,bpexit60|qp50
2.5,50.0,50.0,2.0,18,1.39,0.48,1.1423937906178914,35237,0.2936416666666632,200,207,1.035,bpexit60|qp50
2.5,50.0,50.0,2.0,0,1.39,0.48,1.1511771114042288,34882,0.2906833333333293,200,203,1.015,bpmiddle0|qp50
2.5,50.0,50.0,2.0,12,1.39,0.48,1.174905830640581,34353,0.2862749999999968,200,201,1.005,bpmiddle0|qp50
2.5,50.0,50.0,2.0,24,1.39,0.48,1.218284715891795,32910,0.2742499999999957,200,201,1.005,bpmiddle0|qp50
2.5,50.0,50.0,2.0,6,1.39,0.48,1.0115192427450788,40145,0.3345416666666697,200,200,1.0,bpmiddle15|qp50
2.5,50.0,50.0,2.0,18,1.39,0.48,0.9193970541725064,44266,0.3688833333333321,200,204,1.02,bpmiddle15|qp50
2.5,50.0,50.0,2.0,0,1.39,0.48,0.827390749665907,49382,0.4115166666666708,200,199,0.995,bpmiddle20|qp50
2.5,50.0,50.0,2.0,12,1.39,0.48,0.8691507909507761,47032,0.3919333333333302,200,196,0.98,bpmiddle20|qp50
2.5,50.0,50.0,2.0,24,1.39,0.48,0.9109202371928468,44858,0.373816666666664,200,198,0.99,bpmiddle20|qp50
2.5,50.0,50.0,2.0,6,1.39,0.48,0.7745983622538537,51290,0.4274166666666725,200,191,0.955,bpmiddle30|qp50
2.5,50.0,50.0,2.0,18,1.39,0.48,0.7689643224308631,52526,0.4377166666666725,200,199,0.995,bpmiddle30|qp50
2.5,50.0,50.0,2.0,0,1.39,0.48,0.7394927934241254,52799,0.4399916666666746,200,195,0.975,bpmiddle45|qp50
2.5,50.0,50.0,2.0,12,1.39,0.48,0.7663791034794264,50841,0.4236750000000073,200,190,0.95,bpmiddle45|qp50
2.5,50.0,50.0,2.0,24,1.39,0.48,0.7522591839865215,52156,0.4346333333333446,200,193,0.965,bpmiddle45|qp50
2.5,50.0,50.0,2.0,6,1.39,0.48,0.9348562367864894,42570,0.354750000000001,200,194,0.97,bpmiddle60|qp50
2.5,50.0,50.0,2.0,18,1.39,0.48,0.9365874699806664,42889,0.3574083333333384,198,204,1.0303030303030305,bpmiddle60|qp50
2.5,50.0,50.0,2.0,7,1.39,0.48,1.1531515938264962,34665,0.2888749999999968,200,198,0.99,bpentry15|qp50
2.5,50.0,50.0,2.0,19,1.39,0.48,1.1805361120881626,34116,0.2842999999999992,200,199,0.995,bpentry15|qp50
2.5,50.0,50.0,2.0,1,1.39,0.48,1.1350289814293886,35540,0.2961666666666646,200,199,0.995,bpentry20|qp50
2.5,50.0,50.0,2.0,13,1.39,0.48,1.1469094728475686,35227,0.2935583333333345,200,197,0.985,bpentry20|qp50
2.5,50.0,50.0,2.0,25,1.39,0.48,1.1604346448528329,34718,0.2893166666666615,200,204,1.02,bpentry20|qp50
2.5,50.0,50.0,2.0,7,1.39,0.48,1.1441296781059014,34763,0.2896916666666612,200,196,0.98,bpentry30|qp50
2.5,50.0,50.0,2.0,19,1.39,0.48,1.1803812093132655,34102,0.2841833333333314,200,200,1.0,bpentry30|qp50
2.5,50.0,50.0,2.0,1,1.39,0.48,1.1275352831150507,35286,0.2940499999999967,200,196,0.98,bpentry45|qp50
2.5,50.0,50.0,2.0,13,1.39,0.48,1.1565883595467024,35033,0.2919416666666635,200,200,1.0,bpentry45|qp50
2.5,50.0,50.0,2.0,25,1.39,0.48,1.1291959630879072,35869,0.2989083333333271,200,205,1.025,bpentry45|qp50
2.5,50.0,50.0,2.0,7,1.39,0.48,1.1478727184158397,34899,0.2908249999999963,200,197,0.985,bpentry60|qp50
2.5,50.0,50.0,2.0,19,1.39,0.48,1.2061456527124932,32296,0.2691333333333358,184,184,1.0,bpentry60|qp50
2.5,50.0,50.0,2.0,1,1.39,0.48,0.675785944295006,30123,0.2510249999999988,0,0,1.0,bpentry90|qp50
2.5,50.0,50.0,2.0,13,1.39,0.48,0.665742375997082,30463,0.2538583333333317,0,0,1.0,bpentry90|qp50
2.5,50.0,50.0,2.0,25,1.39,0.48,0.6562714212086135,31044,0.2586999999999964,0,0,1.0,bpentry90|qp50
2.5,50.0,50.0,2.0,7,1.39,0.48,1.1074153022060529,36217,0.3018083333333314,200,199,0.995,bpexit15|qp50
2.5,50.0,50.0,2.0,19,1.39,0.48,1.1814745767809112,33257,0.277141666666664,200,200,1.0,bpexit15|qp50
2.5,50.0,50.0,2.0,1,1.39,0.48,1.157686382709609,34794,0.289949999999995,200,203,1.015,bpexit20|qp50
2.5,50.0,50.0,2.0,13,1.39,0.48,1.1352030557765305,35212,0.2934333333333314,200,199,0.995,bpexit20|qp50
2.5,50.0,50.0,2.0,25,1.39,0.48,1.0431189857949674,39282,0.3273499999999967,200,197,0.985,bpexit20|qp50
2.5,50.0,50.0,2.0,7,1.39,0.48,1.117146240213796,35893,0.2991083333333301,200,198,0.99,bpexit30|qp50
2.5,50.0,50.0,2.0,19,1.39,0.48,1.1842782769084643,33614,0.2801166666666674,200,202,1.01,bpexit30|qp50
2.5,50.0,50.0,2.0,1,1.39,0.48,1.133191148352232,35564,0.296366666666667,200,198,0.99,bpexit45|qp50
2.5,50.0,50.0,2.0,13,1.39,0.48,1.1443678324870812,35054,0.2921166666666651,200,199,0.995,bpexit45|qp50
2.5,50.0,50.0,2.0,25,1.39,0.48,1.0857346035515891,37054,0.3087833333333322,200,202,1.01,bpexit45|qp50
2.5,50.0,50.0,2.0,7,1.39,0.48,1.1160894351899169,35959,0.2996583333333337,200,197,0.985,bpexit60|qp50
2.5,50.0,50.0,2.0,19,1.39,0.48,1.2003831614600606,33067,0.2755583333333335,200,200,1.0,bpexit60|qp50
2.5,50.0,50.0,2.0,1,1.39,0.48,1.1466432272390177,35126,0.2927166666666624,200,200,1.0,bpmiddle0|qp50
2.5,50.0,50.0,2.0,13,1.39,0.48,1.178041471962706,34240,0.2853333333333285,200,199,0.995,bpmiddle0|qp50
2.5,50.0,50.0,2.0,25,1.39,0.48,1.1537158876365927,34958,0.2913166666666627,200,204,1.02,bpmiddle0|qp50
2.5,50.0,50.0,2.0,7,1.39,0.48,0.8845685334973836,45496,0.3791333333333319,200,192,0.96,bpmiddle15|qp50
2.5,50.0,50.0,2.0,19,1.39,0.48,0.9383110425635166,43441,0.3620083333333334,200,200,1.0,bpmiddle15|qp50
2.5,50.0,50.0,2.0,1,1.39,0.48,0.920457415712787,44817,0.3734750000000024,200,203,1.015,bpmiddle20|qp50
2.5,50.0,50.0,2.0,13,1.39,0.48,0.8062056569487249,50628,0.4219000000000052,200,198,0.99,bpmiddle20|qp50
2.5,50.0,50.0,2.0,25,1.39,0.48,0.7903934592767784,51187,0.4265583333333362,200,195,0.975,bpmiddle20|qp50
2.5,50.0,50.0,2.0,7,1.39,0.48,0.8721620272937609,46091,0.384091666666662,198,196,0.98989898989899,bpmiddle30|qp50
2.5,50.0,50.0,2.0,19,1.39,0.48,0.8406847687738424,47140,0.3928333333333362,200,194,0.97,bpmiddle30|qp50
2.5,50.0,50.0,2.0,1,1.39,0.48,0.761931091755356,51779,0.4314916666666773,200,195,0.975,bpmiddle45|qp50
2.5,50.0,50.0,2.0,13,1.39,0.48,0.8778691543707061,45611,0.3800916666666644,200,196,0.98,bpmiddle45|qp50
2.5,50.0,50.0,2.0,25,1.39,0.48,0.7835014087814332,51108,0.4258999999999976,200,195,0.975,bpmiddle45|qp50
2.5,50.0,50.0,2.0,7,1.39,0.48,0.7909445451397873,49103,0.4091916666666648,200,176,0.88,bpmiddle60|qp50
2.5,50.0,50.0,2.0,19,1.39,0.48,0.8508608724029295,45965,0.3830416666666695,200,197,0.985,bpmiddle60|qp50
2.5,50.0,50.0,2.0,8,1.39,0.48,1.1654440357330873,34254,0.2854499999999958,200,199,0.995,bpentry15|qp50
2.5,50.0,50.0,2.0,20,1.39,0.48,1.178669281658102,34162,0.284683333333331,200,196,0.98,bpentry15|qp50
2.5,50.0,50.0,2.0,2,1.39,0.48,1.16144534460491,34068,0.2838999999999954,200,201,1.005,bpentry20|qp50
2.5,50.0,50.0,2.0,14,1.39,0.48,1.1642194687212817,34784,0.2898666666666659,200,200,1.0,bpentry20|qp50
2.5,50.0,50.0,2.0,26,1.39,0.48,1.1427232867355028,35123,0.2926916666666666,200,190,0.95,bpentry20|qp50
2.5,50.0,50.0,2.0,8,1.39,0.48,1.126665345301143,35317,0.2943083333333303,200,198,0.99,bpentry30|qp50
2.5,50.0,50.0,2.0,20,1.39,0.48,1.1699257331658242,34201,0.2850083333333286,200,199,0.995,bpentry30|qp50
2.5,50.0,50.0,2.0,2,1.39,0.48,1.1574780720798952,34545,0.287874999999994,200,198,0.99,bpentry45|qp50
2.5,50.0,50.0,2.0,14,1.39,0.48,1.161060791397608,35153,0.2929416666666653,200,203,1.015,bpentry45|qp50
2.5,50.0,50.0,2.0,26,1.39,0.48,1.180406366109958,34181,0.2848416666666625,200,196,0.98,bpentry45|qp50
2.5,50.0,50.0,2.0,8,1.39,0.48,1.13772038116913,35155,0.2929583333333297,200,198,0.99,bpentry60|qp50
2.5,50.0,50.0,2.0,20,1.39,0.48,1.1690043525571745,34922,0.2910166666666648,198,199,1.005050505050505,bpentry60|qp50
2.5,50.0,50.0,2.0,2,1.39,0.48,0.6604840818461695,30594,0.2549499999999982,0,0,1.0,bpentry90|qp50
2.5,50.0,50.0,2.0,14,1.39,0.48,0.6699465536907483,30685,0.2557083333333316,0,0,1.0,bpentry90|qp50
2.5,50.0,50.0,2.0,26,1.39,0.48,0.6706424266508012,30198,0.251649999999997,0,0,1.0,bpentry90|qp50
2.5,50.0,50.0,2.0,8,1.39,0.48,1.1182436075716398,35237,0.2936416666666622,200,201,1.005,bpexit15|qp50
2.5,50.0,50.0,2.0,20,1.39,0.48,1.1398356503631195,35534,0.2961166666666658,200,198,0.99,bpexit15|qp50
2.5,50.0,50.0,2.0,2,1.39,0.48,1.138611748703601,35289,0.2940750000000001,200,204,1.02,bpexit20|qp50
2.5,50.0,50.0,2.0,14,1.39,0.48,1.1103976813532277,35883,0.2990249999999974,200,198,0.99,bpexit20|qp50
2.5,50.0,50.0,2.0,26,1.39,0.48,1.120672997065805,36122,0.3010166666666668,200,197,0.985,bpexit20|qp50
2.5,50.0,50.0,2.0,8,1.39,0.48,1.079161232230127,36649,0.3054083333333287,200,199,0.995,bpexit30|qp50
2.5,50.0,50.0,2.0,20,1.39,0.48,1.1437538583524964,35313,0.294274999999997,200,197,0.985,bpexit30|qp50
2.5,50.0,50.0,2.0,2,1.39,0.48,1.1211168229578634,35404,0.2950333333333287,200,199,0.995,bpexit45|qp50
2.5,50.0,50.0,2.0,14,1.39,0.48,1.1484364083503589,35783,0.2981916666666635,200,200,1.0,bpexit45|qp50
2.5,50.0,50.0,2.0,26,1.39,0.48,1.1537839099238787,34282,0.2856833333333348,200,191,0.955,bpexit45|qp50
2.5,50.0,50.0,2.0,8,1.39,0.48,1.1356356004798258,35022,0.2918499999999933,200,194,0.97,bpexit60|qp50
2.5,50.0,50.0,2.0,20,1.39,0.48,1.1668784154981031,34585,0.288208333333328,200,196,0.98,bpexit60|qp50
2.5,50.0,50.0,2.0,2,1.39,0.48,1.1478732993198049,35280,0.2939999999999942,200,198,0.99,bpmiddle0|qp50
2.5,50.0,50.0,2.0,14,1.39,0.48,1.1699193758127575,34605,0.2883749999999976,200,201,1.005,bpmiddle0|qp50
2.5,50.0,50.0,2.0,26,1.39,0.48,1.1909617205066794,33804,0.2817000000000016,200,195,0.975,bpmiddle0|qp50
2.5,50.0,50.0,2.0,8,1.39,0.48,0.8579092481647113,47404,0.3950333333333286,200,197,0.985,bpmiddle15|qp50
2.5,50.0,50.0,2.0,20,1.39,0.48,0.9513929827012434,42951,0.3579250000000013,200,198,0.99,bpmiddle15|qp50
2.5,50.0,50.0,2.0,2,1.39,0.48,0.8319118193452829,48446,0.4037166666666668,200,197,0.985,bpmiddle20|qp50
2.5,50.0,50.0,2.0,14,1.39,0.48,0.8622529908809075,47812,0.3984333333333325,200,202,1.01,bpmiddle20|qp50
2.5,50.0,50.0,2.0,26,1.39,0.48,0.9071878991597112,44625,0.3718750000000005,200,196,0.98,bpmiddle20|qp50
2.5,50.0,50.0,2.0,8,1.39,0.48,0.8524614604891291,47354,0.3946166666666615,200,197,0.985,bpmiddle30|qp50
2.5,50.0,50.0,2.0,20,1.39,0.48,0.7805742956844584,50723,0.4226916666666752,200,193,0.965,bpmiddle30|qp50
2.5,50.0,50.0,2.0,2,1.39,0.48,0.7558992160827309,52429,0.436908333333341,200,193,0.965,bpmiddle45|qp50
2.5,50.0,50.0,2.0,14,1.39,0.48,0.7836172180998379,50807,0.4233916666666719,198,199,1.005050505050505,bpmiddle45|qp50
2.5,50.0,50.0,2.0,26,1.39,0.48,0.7654187787569535,51292,0.4274333333333383,200,191,0.955,bpmiddle45|qp50
2.5,50.0,50.0,2.0,8,1.39,0.48,0.8760579990759082,45449,0.3787416666666672,198,199,1.005050505050505,bpmiddle60|qp50
2.5,50.0,50.0,2.0,20,1.39,0.48,0.915424517541888,43838,0.3653166666666679,198,199,1.005050505050505,bpmiddle60|qp50
2.5,50.0,50.0,2.0,9,1.39,0.48,1.173938630907234,34154,0.2846166666666614,200,193,0.965,bpentry15|qp50
2.5,50.0,50.0,2.0,21,1.39,0.48,1.1499014990521572,34822,0.2901833333333308,200,199,0.995,bpentry15|qp50
2.5,50.0,50.0,2.0,3,1.39,0.48,1.206782675947449,33618,0.2801499999999986,200,199,0.995,bpentry20|qp50
2.5,50.0,50.0,2.0,15,1.39,0.48,1.2072622994893325,33477,0.278974999999997,200,198,0.99,bpentry20|qp50
2.5,50.0,50.0,2.0,27,1.39,0.48,1.2224077899982595,32914,0.2742833333333311,200,211,1.055,bpentry20|qp50
2.5,50.0,50.0,2.0,9,1.39,0.48,1.1672656659104228,34374,0.2864499999999972,200,197,0.985,bpentry30|qp50
2.5,50.0,50.0,2.0,21,1.39,0.48,1.1521594349141768,34685,0.2890416666666646,200,197,0.985,bpentry30|qp50
2.5,50.0,50.0,2.0,3,1.39,0.48,1.2009427086445612,33478,0.2789833333333332,200,199,0.995,bpentry45|qp50
2.5,50.0,50.0,2.0,15,1.39,0.48,1.147201971280589,35307,0.2942249999999961,200,200,1.0,bpentry45|qp50
2.5,50.0,50.0,2.0,27,1.39,0.48,1.2108108919512877,33309,0.2775749999999969,200,209,1.045,bpentry45|qp50
2.5,50.0,50.0,2.0,9,1.39,0.48,1.1600092874766894,34455,0.2871249999999959,200,196,0.98,bpentry60|qp50
2.5,50.0,50.0,2.0,21,1.39,0.48,1.1321681616895782,35228,0.2935666666666617,198,199,1.005050505050505,bpentry60|qp50
2.5,50.0,50.0,2.0,3,1.39,0.48,0.6752404571199205,29839,0.2486583333333316,0,0,1.0,bpentry90|qp50
2.5,50.0,50.0,2.0,15,1.39,0.48,0.67601505520241,29890,0.2490833333333321,0,0,1.0,bpentry90|qp50
2.5,50.0,50.0,2.0,27,1.39,0.48,0.6543459697244756,30916,0.2576333333333304,0,0,1.0,bpentry90|qp50
2.5,50.0,50.0,2.0,9,1.39,0.48,1.1582099927591487,34525,0.2877083333333309,200,194,0.97,bpexit15|qp50
2.5,50.0,50.0,2.0,21,1.39,0.48,0.9650657347310792,42063,0.3505249999999993,200,199,0.995,bpexit15|qp50
2.5,50.0,50.0,2.0,3,1.39,0.48,1.2042353717422445,33343,0.2778583333333341,200,202,1.01,bpexit20|qp50
2.5,50.0,50.0,2.0,15,1.39,0.48,1.1720350467290233,34240,0.2853333333333319,200,201,1.005,bpexit20|qp50
2.5,50.0,50.0,2.0,27,1.39,0.48,1.1287386747707753,35209,0.2934083333333322,200,211,1.055,bpexit20|qp50
2.5,50.0,50.0,2.0,9,1.39,0.48,1.101463647785231,36614,0.3051166666666622,200,194,0.97,bpexit30|qp50
2.5,50.0,50.0,2.0,21,1.39,0.48,1.1350970641943852,35595,0.2966249999999982,200,196,0.98,bpexit30|qp50
2.5,50.0,50.0,2.0,3,1.39,0.48,1.1843566332971214,34063,0.2838583333333332,200,201,1.005,bpexit45|qp50
2.5,50.0,50.0,2.0,15,1.39,0.48,1.1684403803951549,34175,0.2847916666666684,200,195,0.975,bpexit45|qp50
2.5,50.0,50.0,2.0,27,1.39,0.48,1.1443017597466207,35346,0.2945499999999982,200,205,1.025,bpexit45|qp50
2.5,50.0,50.0,2.0,9,1.39,0.48,1.0854997441354834,37129,0.3094083333333316,200,194,0.97,bpexit60|qp50
2.5,50.0,50.0,2.0,21,1.39,0.48,1.1441877883463971,35114,0.2926166666666611,200,196,0.98,bpexit60|qp50
2.5,50.0,50.0,2.0,3,1.39,0.48,1.2083764402304689,33328,0.2777333333333347,200,200,1.0,bpmiddle0|qp50
2.5,50.0,50.0,2.0,15,1.39,0.48,1.2114992897942918,33089,0.2757416666666671,200,200,1.0,bpmiddle0|qp50
2.5,50.0,50.0,2.0,27,1.39,0.48,1.2082195063504906,33384,0.2781999999999968,200,209,1.045,bpmiddle0|qp50
2.5,50.0,50.0,2.0,9,1.39,0.48,0.9780685767054244,41151,0.342924999999999,200,195,0.975,bpmiddle15|qp50
2.5,50.0,50.0,2.0,21,1.39,0.48,0.8850828814530666,45366,0.3780499999999958,200,189,0.945,bpmiddle15|qp50
2.5,50.0,50.0,2.0,3,1.39,0.48,0.8917697382890071,45470,0.3789166666666682,200,197,0.985,bpmiddle20|qp50
2.5,50.0,50.0,2.0,15,1.39,0.48,0.8925686909345353,45712,0.3809333333333309,200,196,0.98,bpmiddle20|qp50
2.5,50.0,50.0,2.0,27,1.39,0.48,0.8930523779548014,46069,0.3839083333333343,200,208,1.04,bpmiddle20|qp50
2.5,50.0,50.0,2.0,9,1.39,0.48,0.7708331574808167,52127,0.4343916666666741,200,197,0.985,bpmiddle30|qp50
2.5,50.0,50.0,2.0,21,1.39,0.48,0.799972257703968,50104,0.4175333333333346,200,193,0.965,bpmiddle30|qp50
2.5,50.0,50.0,2.0,3,1.39,0.48,0.756781622408701,52194,0.4349500000000117,200,193,0.965,bpmiddle45|qp50
2.5,50.0,50.0,2.0,15,1.39,0.48,0.8226122811731345,48383,0.4031916666666635,200,197,0.985,bpmiddle45|qp50
2.5,50.0,50.0,2.0,27,1.39,0.48,0.7488363304912764,52661,0.4388416666666735,200,197,0.985,bpmiddle45|qp50
2.5,50.0,50.0,2.0,9,1.39,0.48,0.8197984211720224,48517,0.4043083333333326,200,193,0.965,bpmiddle60|qp50
2.5,50.0,50.0,2.0,21,1.39,0.48,0.912814182504264,43462,0.3621833333333316,198,197,0.9949494949494948,bpmiddle60|qp50
2.5,50.0,50.0,2.0,10,1.39,0.48,1.1494471682163865,35490,0.2957499999999949,200,199,0.995,bpentry15|qp50
2.5,50.0,50.0,2.0,22,1.39,0.48,1.163419971056502,34550,0.2879166666666611,200,196,0.98,bpentry15|qp50
2.5,50.0,50.0,2.0,4,1.39,0.48,1.1297677012744112,35859,0.2988249999999987,200,194,0.97,bpentry20|qp50
2.5,50.0,50.0,2.0,16,1.39,0.48,1.173843241524787,34601,0.2883416666666644,200,193,0.965,bpentry20|qp50
2.5,50.0,50.0,2.0,28,1.39,0.48,1.1549938181086477,34779,0.2898249999999971,200,203,1.015,bpentry20|qp50
2.5,50.0,50.0,2.0,10,1.39,0.48,1.1821688790129798,34202,0.2850166666666612,200,200,1.0,bpentry30|qp50
2.5,50.0,50.0,2.0,22,1.39,0.48,1.1807151919276828,33893,0.2824416666666615,200,199,0.995,bpentry30|qp50
2.5,50.0,50.0,2.0,4,1.39,0.48,1.1386602206028251,35267,0.2938916666666682,200,198,0.99,bpentry45|qp50
2.5,50.0,50.0,2.0,16,1.39,0.48,1.1638244004413552,34442,0.2870166666666629,200,191,0.955,bpentry45|qp50
2.5,50.0,50.0,2.0,28,1.39,0.48,1.1264873258351398,35742,0.2978500000000008,200,199,0.995,bpentry45|qp50
2.5,50.0,50.0,2.0,10,1.39,0.48,1.180352450951949,34558,0.2879833333333266,200,202,1.01,bpentry60|qp50
2.5,50.0,50.0,2.0,22,1.39,0.48,1.1851599090453722,33863,0.2821916666666619,200,200,1.0,bpentry60|qp50
2.5,50.0,50.0,2.0,4,1.39,0.48,0.6502377315256864,31422,0.2618499999999972,0,0,1.0,bpentry90|qp50
2.5,50.0,50.0,2.0,16,1.39,0.48,0.6681145426889711,30242,0.2520166666666629,0,0,1.0,bpentry90|qp50
2.5,50.0,50.0,2.0,28,1.39,0.48,0.6549213679077835,30967,0.2580583333333299,0,0,1.0,bpentry90|qp50
2.5,50.0,50.0,2.0,10,1.39,0.48,1.118900441257515,36260,0.3021666666666686,200,203,1.015,bpexit15|qp50
2.5,50.0,50.0,2.0,22,1.39,0.48,1.1638830903791026,34300,0.2858333333333293,200,200,1.0,bpexit15|qp50
2.5,50.0,50.0,2.0,4,1.39,0.48,1.1195926942685264,35698,0.2974833333333317,200,202,1.01,bpexit20|qp50
2.5,50.0,50.0,2.0,16,1.39,0.48,1.1668742794557456,34696,0.2891333333333287,200,201,1.005,bpexit20|qp50
2.5,50.0,50.0,2.0,28,1.39,0.48,1.0705773048519478,37779,0.3148249999999984,200,197,0.985,bpexit20|qp50
2.5,50.0,50.0,2.0,10,1.39,0.48,1.1184058851133023,36227,0.3018916666666635,200,204,1.02,bpexit30|qp50
2.5,50.0,50.0,2.0,22,1.39,0.48,1.1801001270048177,33857,0.2821416666666621,200,197,0.985,bpexit30|qp50
2.5,50.0,50.0,2.0,4,1.39,0.48,1.0774494813053723,37016,0.3084666666666675,200,188,0.94,bpexit45|qp50
2.5,50.0,50.0,2.0,16,1.39,0.48,1.1589425999363214,34547,0.2878916666666613,200,193,0.965,bpexit45|qp50
2.5,50.0,50.0,2.0,28,1.39,0.48,1.1174935821348684,36227,0.3018916666666664,200,196,0.98,bpexit45|qp50
2.5,50.0,50.0,2.0,10,1.39,0.48,1.1424829028429848,35386,0.2948833333333314,200,198,0.99,bpexit60|qp50
2.5,50.0,50.0,2.0,22,1.39,0.48,1.138143650145223,35489,0.295741666666664,200,196,0.98,bpexit60|qp50
2.5,50.0,50.0,2.0,4,1.39,0.48,1.178138313393524,34270,0.2855833333333307,200,196,0.98,bpmiddle0|qp50
2.5,50.0,50.0,2.0,16,1.39,0.48,1.1999668745710237,33509,0.2792416666666623,200,197,0.985,bpmiddle0|qp50
2.5,50.0,50.0,2.0,28,1.39,0.48,1.1595236321970763,34910,0.2909166666666677,200,197,0.985,bpmiddle0|qp50
2.5,50.0,50.0,2.0,10,1.39,0.48,0.9240719320440968,44264,0.3688666666666642,200,199,0.995,bpmiddle15|qp50
2.5,50.0,50.0,2.0,22,1.39,0.48,0.9206661385242372,44180,0.3681666666666661,200,201,1.005,bpmiddle15|qp50
2.5,50.0,50.0,2.0,4,1.39,0.48,0.9105599258555864,44238,0.3686499999999998,200,194,0.97,bpmiddle20|qp50
2.5,50.0,50.0,2.0,16,1.39,0.48,0.8517416426785392,47593,0.3966083333333323,200,193,0.965,bpmiddle20|qp50
2.5,50.0,50.0,2.0,28,1.39,0.48,0.78621167333217,51759,0.4313250000000065,200,198,0.99,bpmiddle20|qp50
2.5,50.0,50.0,2.0,10,1.39,0.48,0.7657794764882653,51804,0.4317000000000093,200,194,0.97,bpmiddle30|qp50
2.5,50.0,50.0,2.0,22,1.39,0.48,0.8625067904270933,46757,0.38964166666666,198,197,0.9949494949494948,bpmiddle30|qp50
2.5,50.0,50.0,2.0,4,1.39,0.48,0.7209013934139435,54327,0.4527250000000064,200,190,0.95,bpmiddle45|qp50
2.5,50.0,50.0,2.0,16,1.39,0.48,0.7431254032717072,52694,0.4391166666666724,200,188,0.94,bpmiddle45|qp50
2.5,50.0,50.0,2.0,28,1.39,0.48,0.9411031485506,43258,0.3604833333333344,198,200,1.0101010101010102,bpmiddle45|qp50
2.5,50.0,50.0,2.0,10,1.39,0.48,0.9019260135738338,44792,0.3732666666666707,200,197,0.985,bpmiddle60|qp50
2.5,50.0,50.0,2.0,22,1.39,0.48,0.9562330101758824,41569,0.3464083333333372,198,196,0.98989898989899,bpmiddle60|qp50
2.5,50.0,50.0,2.0,11,1.39,0.48,1.1837752610678904,33995,0.283291666666663,200,201,1.005,bpentry15|qp50
2.5,50.0,50.0,2.0,23,1.39,0.48,1.112015932052959,36028,0.3002333333333278,200,203,1.015,bpentry15|qp50
2.5,50.0,50.0,2.0,5,1.39,0.48,1.1326176064862816,35521,0.2960083333333296,200,190,0.95,bpentry20|qp50
2.5,50.0,50.0,2.0,17,1.39,0.48,1.1702125476399483,34110,0.2842499999999999,200,198,0.99,bpentry20|qp50
2.5,50.0,50.0,2.0,29,1.39,0.48,1.1227586782376433,35952,0.2995999999999992,200,196,0.98,bpentry20|qp50
2.5,50.0,50.0,2.0,11,1.39,0.48,1.1851283632946306,34044,0.2836999999999957,200,200,1.0,bpentry30|qp50
2.5,50.0,50.0,2.0,23,1.39,0.48,1.1389015953692765,35415,0.295124999999998,200,199,0.995,bpentry30|qp50
2.5,50.0,50.0,2.0,5,1.39,0.48,1.123623428844568,35563,0.2963583333333305,200,196,0.98,bpentry45|qp50
2.5,50.0,50.0,2.0,17,1.39,0.48,1.1415334963603634,35168,0.2930666666666637,200,200,1.0,bpentry45|qp50
2.5,50.0,50.0,2.0,29,1.39,0.48,1.1771666813212254,34119,0.2843249999999958,200,199,0.995,bpentry45|qp50
2.5,50.0,50.0,2.0,11,1.39,0.48,1.1770391355141523,34240,0.2853333333333299,200,203,1.015,bpentry60|qp50
2.5,50.0,50.0,2.0,23,1.39,0.48,1.1579154497875768,34583,0.2881916666666631,200,200,1.0,bpentry60|qp50
2.5,50.0,50.0,2.0,5,1.39,0.48,0.6628303754041148,30314,0.2526166666666646,0,0,1.0,bpentry90|qp50
2.5,50.0,50.0,2.0,17,1.39,0.48,0.6595731230448268,30688,0.2557333333333317,0,0,1.0,bpentry90|qp50
2.5,50.0,50.0,2.0,29,1.39,0.48,0.6788134003350528,29850,0.2487499999999984,0,0,1.0,bpentry90|qp50
2.5,50.0,50.0,2.0,11,1.39,0.48,1.187447191409085,33896,0.2824666666666635,200,200,1.0,bpexit15|qp50
2.5,50.0,50.0,2.0,23,1.39,0.48,1.1003370293117642,36436,0.3036333333333305,200,200,1.0,bpexit15|qp50
2.5,50.0,50.0,2.0,5,1.39,0.48,1.1606921039611748,34359,0.2863249999999974,200,194,0.97,bpexit20|qp50
2.5,50.0,50.0,2.0,17,1.39,0.48,1.121429292221508,35675,0.2972916666666655,200,197,0.985,bpexit20|qp50
2.5,50.0,50.0,2.0,29,1.39,0.48,1.1003431874117793,36161,0.3013416666666662,200,199,0.995,bpexit20|qp50
2.5,50.0,50.0,2.0,11,1.39,0.48,1.1972822724569556,33620,0.2801666666666653,200,201,1.005,bpexit30|qp50
2.5,50.0,50.0,2.0,23,1.39,0.48,1.1030851966393131,36539,0.3044916666666611,200,199,0.995,bpexit30|qp50
2.5,50.0,50.0,2.0,5,1.39,0.48,1.143660765114397,35132,0.2927666666666619,200,195,0.975,bpexit45|qp50
2.5,50.0,50.0,2.0,17,1.39,0.48,1.1457911136757355,34660,0.2888333333333323,200,195,0.975,bpexit45|qp50
2.5,50.0,50.0,2.0,29,1.39,0.48,1.1600397797699245,34691,0.2890916666666647,200,202,1.01,bpexit45|qp50
2.5,50.0,50.0,2.0,11,1.39,0.48,1.1843336270192066,34050,0.2837499999999979,200,198,0.99,bpexit60|qp50
2.5,50.0,50.0,2.0,23,1.39,0.48,1.0952195863417602,36842,0.307016666666662,200,202,1.01,bpexit60|qp50
2.5,50.0,50.0,2.0,5,1.39,0.48,1.1707970313004474,34089,0.2840749999999965,200,198,0.99,bpmiddle0|qp50
2.5,50.0,50.0,2.0,17,1.39,0.48,1.1755006010143478,34109,0.2842416666666649,200,199,0.995,bpmiddle0|qp50
2.5,50.0,50.0,2.0,29,1.39,0.48,1.1742724149070558,34051,0.2837583333333334,200,197,0.985,bpmiddle0|qp50
2.5,50.0,50.0,2.0,11,1.39,0.48,0.9623673622157825,42748,0.3562333333333358,200,197,0.985,bpmiddle15|qp50
2.5,50.0,50.0,2.0,23,1.39,0.48,0.8848558271647692,46472,0.3872666666666646,200,201,1.005,bpmiddle15|qp50
2.5,50.0,50.0,2.0,5,1.39,0.48,0.8691847791034885,46515,0.3876249999999994,200,193,0.965,bpmiddle20|qp50
2.5,50.0,50.0,2.0,17,1.39,0.48,0.9155048158639856,44125,0.3677083333333308,200,196,0.98,bpmiddle20|qp50
2.5,50.0,50.0,2.0,29,1.39,0.48,0.8974793117036697,45678,0.3806500000000037,200,197,0.985,bpmiddle20|qp50
2.5,50.0,50.0,2.0,11,1.39,0.48,0.7940686971636378,50628,0.4219000000000016,198,198,1.0,bpmiddle30|qp50
2.5,50.0,50.0,2.0,23,1.39,0.48,0.7897738816654183,50991,0.4249250000000071,200,197,0.985,bpmiddle30|qp50
2.5,50.0,50.0,2.0,5,1.39,0.48,0.7570158868088236,52937,0.4411416666666693,200,191,0.955,bpmiddle45|qp50
2.5,50.0,50.0,2.0,17,1.39,0.48,0.7492156937579489,52403,0.4366916666666764,200,190,0.95,bpmiddle45|qp50
2.5,50.0,50.0,2.0,29,1.39,0.48,0.7703860914060047,51594,0.429950000000005,200,198,0.99,bpmiddle45|qp50
2.5,50.0,50.0,2.0,11,1.39,0.48,0.9453729337138091,42407,0.3533916666666696,198,199,1.005050505050505,bpmiddle60|qp50
2.5,50.0,50.0,2.0,23,1.39,0.48,0.7909558318113336,50919,0.424324999999993,198,201,1.0151515151515151,bpmiddle60|qp50
2.5,50.0,50.0,3.0,0,1.39,0.48,1.1693557358053648,34520,0.2876666666666636,200,201,1.005,bpentry15|qp50
2.5,50.0,50.0,3.0,12,1.39,0.48,1.1596557259566338,34885,0.2907083333333304,200,199,0.995,bpentry15|qp50
2.5,50.0,50.0,3.0,24,1.39,0.48,1.188594431992385,33908,0.2825666666666628,200,198,0.99,bpentry15|qp50
2.5,50.0,50.0,3.0,6,1.39,0.48,1.1903780130390744,33438,0.2786499999999968,200,194,0.97,bpentry20|qp50
2.5,50.0,50.0,3.0,18,1.39,0.48,1.1340431728628169,35022,0.2918499999999977,200,204,1.02,bpentry20|qp50
2.5,50.0,50.0,3.0,0,1.39,0.48,1.1566261947816805,34839,0.2903249999999958,200,202,1.01,bpentry30|qp50
2.5,50.0,50.0,3.0,12,1.39,0.48,1.1668094827584898,34800,0.2899999999999972,200,197,0.985,bpentry30|qp50
2.5,50.0,50.0,3.0,24,1.39,0.48,1.1748525437668955,34044,0.2836999999999959,200,200,1.0,bpentry30|qp50
2.5,50.0,50.0,3.0,6,1.39,0.48,1.1648663791837914,34089,0.2840749999999951,200,193,0.965,bpentry45|qp50
2.5,50.0,50.0,3.0,18,1.39,0.48,1.1368580659789729,35284,0.2940333333333279,200,204,1.02,bpentry45|qp50
2.5,50.0,50.0,3.0,0,1.39,0.48,0.6745562817238018,30143,0.2511916666666644,0,0,1.0,bpentry90|qp50
2.5,50.0,50.0,3.0,12,1.39,0.48,0.6676592284171915,30742,0.2561833333333296,0,0,1.0,bpentry90|qp50
2.5,50.0,50.0,3.0,24,1.39,0.48,0.6752285253394753,29756,0.2479666666666644,0,0,1.0,bpentry90|qp50
2.5,50.0,50.0,3.0,6,1.39,0.48,1.150534441805276,34522,0.2876833333333313,200,201,1.005,bpexit15|qp50
2.5,50.0,50.0,3.0,18,1.39,0.48,1.0599553748250918,37871,0.3155916666666648,200,206,1.03,bpexit15|qp50
2.5,50.0,50.0,3.0,0,1.39,0.48,1.1354357172966827,35585,0.2965416666666661,200,206,1.03,bpexit20|qp50
2.5,50.0,50.0,3.0,12,1.39,0.48,0.9555650012773732,43053,0.3587749999999993,200,207,1.035,bpexit20|qp50
2.5,50.0,50.0,3.0,24,1.39,0.48,0.9845443481647492,41084,0.3423666666666658,200,206,1.03,bpexit20|qp50
2.5,50.0,50.0,3.0,6,1.39,0.48,1.0782879754502013,37149,0.3095749999999979,200,195,0.975,bpexit30|qp50
2.5,50.0,50.0,3.0,18,1.39,0.48,1.094549822549853,36630,0.3052499999999985,200,203,1.015,bpexit30|qp50
2.5,50.0,50.0,3.0,0,1.39,0.48,1.1129169312316491,36223,0.301858333333333,200,203,1.015,bpexit45|qp50
2.5,50.0,50.0,3.0,12,1.39,0.48,1.0902243417516235,37220,0.3101666666666655,200,194,0.97,bpexit45|qp50
2.5,50.0,50.0,3.0,24,1.39,0.48,1.165471725541516,34395,0.286624999999995,200,203,1.015,bpexit45|qp50
2.5,50.0,50.0,3.0,6,1.39,0.48,1.0394873000941134,38268,0.3188999999999985,200,198,0.99,bpexit60|qp50
2.5,50.0,50.0,3.0,18,1.39,0.48,0.8208434056350751,48731,0.4060916666666669,200,200,1.0,bpexit60|qp50
2.5,50.0,50.0,3.0,0,1.39,0.48,1.1750144826787732,34524,0.287699999999997,200,204,1.02,bpmiddle0|qp50
2.5,50.0,50.0,3.0,12,1.39,0.48,1.2042618401025538,33509,0.2792416666666631,200,202,1.01,bpmiddle0|qp50
2.5,50.0,50.0,3.0,24,1.39,0.48,1.2042242001442762,33256,0.2771333333333303,200,201,1.005,bpmiddle0|qp50
2.5,50.0,50.0,3.0,6,1.39,0.48,0.8271395248023358,48443,0.4036916666666645,200,195,0.975,bpmiddle15|qp50
2.5,50.0,50.0,3.0,18,1.39,0.48,0.8792121807465632,45810,0.3817499999999965,200,199,0.995,bpmiddle15|qp50
2.5,50.0,50.0,3.0,0,1.39,0.48,0.7811045568218666,52383,0.4365250000000054,200,203,1.015,bpmiddle20|qp50
2.5,50.0,50.0,3.0,12,1.39,0.48,0.7966305079377242,50518,0.4209833333333379,200,194,0.97,bpmiddle20|qp50
2.5,50.0,50.0,3.0,24,1.39,0.48,0.8731738613004187,46215,0.3851249999999933,200,196,0.98,bpmiddle20|qp50
2.5,50.0,50.0,3.0,6,1.39,0.48,0.8641971133655819,45243,0.3770249999999978,198,193,0.9747474747474748,bpmiddle60|qp50
2.5,50.0,50.0,3.0,18,1.39,0.48,0.8629972369632805,45602,0.3800166666666635,200,201,1.005,bpmiddle60|qp50
2.5,50.0,50.0,3.0,1,1.39,0.48,1.1210543858674098,36002,0.3000166666666681,200,204,1.02,bpentry15|qp50
2.5,50.0,50.0,3.0,13,1.39,0.48,1.1297147767275906,36077,0.3006416666666677,200,194,0.97,bpentry15|qp50
2.5,50.0,50.0,3.0,25,1.39,0.48,1.1509272015320529,34987,0.29155833333333,200,201,1.005,bpentry15|qp50
2.5,50.0,50.0,3.0,7,1.39,0.48,1.1275065008478262,35380,0.2948333333333307,200,199,0.995,bpentry20|qp50
2.5,50.0,50.0,3.0,19,1.39,0.48,1.184856839560056,33913,0.2826083333333307,200,203,1.015,bpentry20|qp50
2.5,50.0,50.0,3.0,1,1.39,0.48,1.1582183078255377,34630,0.2885833333333256,200,198,0.99,bpentry30|qp50
2.5,50.0,50.0,3.0,13,1.39,0.48,1.1437413725380603,35642,0.2970166666666672,200,198,0.99,bpentry30|qp50
2.5,50.0,50.0,3.0,25,1.39,0.48,1.0845807486631038,37400,0.3116666666666645,200,203,1.015,bpentry30|qp50
2.5,50.0,50.0,3.0,7,1.39,0.48,1.143126574307162,34936,0.2911333333333283,200,196,0.98,bpentry45|qp50
2.5,50.0,50.0,3.0,19,1.39,0.48,1.1936090873947671,33629,0.2802416666666646,200,202,1.01,bpentry45|qp50
2.5,50.0,50.0,3.0,1,1.39,0.48,0.678540590959037,30019,0.250158333333333,0,0,1.0,bpentry90|qp50
2.5,50.0,50.0,3.0,13,1.39,0.48,0.6640392891166043,30441,0.253674999999998,0,0,1.0,bpentry90|qp50
2.5,50.0,50.0,3.0,25,1.39,0.48,0.655887967605107,31116,0.2592999999999986,0,0,1.0,bpentry90|qp50
2.5,50.0,50.0,3.0,7,1.39,0.48,1.1226898316042038,35571,0.2964249999999974,200,198,0.99,bpexit15|qp50
2.5,50.0,50.0,3.0,19,1.39,0.48,1.1898669019560737,33434,0.2786166666666663,200,200,1.0,bpexit15|qp50
2.5,50.0,50.0,3.0,1,1.39,0.48,1.1373397463423838,34929,0.2910749999999947,200,207,1.035,bpexit20|qp50
2.5,50.0,50.0,3.0,13,1.39,0.48,1.1562945183822777,34789,0.2899083333333301,200,197,0.985,bpexit20|qp50
2.5,50.0,50.0,3.0,25,1.39,0.48,0.9793683544611932,41099,0.3424916666666696,200,195,0.975,bpexit20|qp50
2.5,50.0,50.0,3.0,7,1.39,0.48,1.0549176483128448,37522,0.3126833333333328,200,194,0.97,bpexit30|qp50
2.5,50.0,50.0,3.0,19,1.39,0.48,1.1165370770339038,34725,0.2893749999999974,200,204,1.02,bpexit30|qp50
2.5,50.0,50.0,3.0,1,1.39,0.48,1.1349034565623344,35787,0.2982249999999979,200,203,1.015,bpexit45|qp50
2.5,50.0,50.0,3.0,13,1.39,0.48,1.115471635427406,36119,0.3009916666666639,200,197,0.985,bpexit45|qp50
2.5,50.0,50.0,3.0,25,1.39,0.48,1.0317790869688723,38531,0.3210916666666633,200,199,0.995,bpexit45|qp50
2.5,50.0,50.0,3.0,7,1.39,0.48,1.1083693232411735,35936,0.2994666666666602,200,193,0.965,bpexit60|qp50
2.5,50.0,50.0,3.0,19,1.39,0.48,1.091731096123279,36474,0.303949999999996,200,195,0.975,bpexit60|qp50
2.5,50.0,50.0,3.0,1,1.39,0.48,1.1364578613501215,35312,0.2942666666666644,200,200,1.0,bpmiddle0|qp50
2.5,50.0,50.0,3.0,13,1.39,0.48,1.1670637768390155,34558,0.2879833333333316,200,196,0.98,bpmiddle0|qp50
2.5,50.0,50.0,3.0,25,1.39,0.48,1.145417933778564,35185,0.2932083333333266,200,204,1.02,bpmiddle0|qp50
2.5,50.0,50.0,3.0,7,1.39,0.48,0.8419334560267449,48359,0.4029916666666612,200,194,0.97,bpmiddle15|qp50
2.5,50.0,50.0,3.0,19,1.39,0.48,0.8641670624811303,46318,0.385983333333335,200,193,0.965,bpmiddle15|qp50
2.5,50.0,50.0,3.0,1,1.39,0.48,0.8049620188228161,50683,0.4223583333333391,200,199,0.995,bpmiddle20|qp50
2.5,50.0,50.0,3.0,13,1.39,0.48,0.7900204622520371,51314,0.427616666666665,200,194,0.97,bpmiddle20|qp50
2.5,50.0,50.0,3.0,25,1.39,0.48,0.7668441791958573,52278,0.4356500000000088,200,194,0.97,bpmiddle20|qp50
2.5,50.0,50.0,3.0,7,1.39,0.48,0.6927215657977406,55435,0.4619583333333317,200,183,0.915,bpmiddle60|qp50
2.5,50.0,50.0,3.0,19,1.39,0.48,0.8400557235421472,46300,0.3858333333333333,198,195,0.9848484848484848,bpmiddle60|qp50
2.5,50.0,50.0,3.0,2,1.39,0.48,1.1482703765835276,34574,0.2881166666666621,200,202,1.01,bpentry15|qp50
2.5,50.0,50.0,3.0,14,1.39,0.48,1.1594723076480786,34793,0.2899416666666635,200,203,1.015,bpentry15|qp50
2.5,50.0,50.0,3.0,26,1.39,0.48,1.1481871561727288,35083,0.2923583333333323,200,194,0.97,bpentry15|qp50
2.5,50.0,50.0,3.0,8,1.39,0.48,1.139386872188649,34903,0.2908583333333285,200,200,1.0,bpentry20|qp50
2.5,50.0,50.0,3.0,20,1.39,0.48,1.1543518039012837,34758,0.2896499999999975,200,200,1.0,bpentry20|qp50
2.5,50.0,50.0,3.0,2,1.39,0.48,1.158089956331897,34350,0.2862499999999963,200,198,0.99,bpentry30|qp50
2.5,50.0,50.0,3.0,14,1.39,0.48,1.1531302967602794,35281,0.2940083333333318,200,199,0.995,bpentry30|qp50
2.5,50.0,50.0,3.0,26,1.39,0.48,1.1586559309851112,34775,0.2897916666666671,200,195,0.975,bpentry30|qp50
2.5,50.0,50.0,3.0,8,1.39,0.48,1.1467444539627385,33853,0.2821083333333316,160,187,1.16875,bpentry45|qp50
2.5,50.0,50.0,3.0,20,1.39,0.48,1.1553793262176928,34759,0.2896583333333302,200,199,0.995,bpentry45|qp50
2.5,50.0,50.0,3.0,2,1.39,0.48,0.6716285419372653,30033,0.2502749999999986,0,0,1.0,bpentry90|qp50
2.5,50.0,50.0,3.0,14,1.39,0.48,0.6776864535768935,30222,0.2518499999999991,0,0,1.0,bpentry90|qp50
2.5,50.0,50.0,3.0,26,1.39,0.48,0.6709322146315606,30154,0.2512833333333304,0,0,1.0,bpentry90|qp50
2.5,50.0,50.0,3.0,8,1.39,0.48,1.1212878191430466,35564,0.296366666666667,200,203,1.015,bpexit15|qp50
2.5,50.0,50.0,3.0,20,1.39,0.48,1.161720707548689,34881,0.2906749999999997,200,204,1.02,bpexit15|qp50
2.5,50.0,50.0,3.0,2,1.39,0.48,1.0554889178618954,38350,0.3195833333333313,200,206,1.03,bpexit20|qp50
2.5,50.0,50.0,3.0,14,1.39,0.48,1.0174925977102325,40528,0.3377333333333322,200,197,0.985,bpexit20|qp50
2.5,50.0,50.0,3.0,26,1.39,0.48,0.9445620577550792,41832,0.3485999999999973,200,200,1.0,bpexit20|qp50
2.5,50.0,50.0,3.0,8,1.39,0.48,0.9747360926990556,40734,0.339450000000004,200,197,0.985,bpexit30|qp50
2.5,50.0,50.0,3.0,20,1.39,0.48,1.0810221542753673,37284,0.3106999999999973,200,196,0.98,bpexit30|qp50
2.5,50.0,50.0,3.0,2,1.39,0.48,1.1151020638640996,35419,0.2951583333333288,200,199,0.995,bpexit45|qp50
2.5,50.0,50.0,3.0,14,1.39,0.48,1.10652295158155,36577,0.304808333333333,200,198,0.99,bpexit45|qp50
2.5,50.0,50.0,3.0,26,1.39,0.48,1.0966360194703038,36980,0.3081666666666662,200,194,0.97,bpexit45|qp50
2.5,50.0,50.0,3.0,8,1.39,0.48,1.0417783893245736,38518,0.320983333333333,200,191,0.955,bpexit60|qp50
2.5,50.0,50.0,3.0,20,1.39,0.48,1.1015351407831957,36368,0.303066666666663,200,196,0.98,bpexit60|qp50
2.5,50.0,50.0,3.0,2,1.39,0.48,1.1421796349933988,35561,0.2963416666666625,200,201,1.005,bpmiddle0|qp50
2.5,50.0,50.0,3.0,14,1.39,0.48,1.1889356253494987,33973,0.2831083333333321,200,200,1.0,bpmiddle0|qp50
2.5,50.0,50.0,3.0,26,1.39,0.48,1.1496970641579347,35288,0.2940666666666675,200,194,0.97,bpmiddle0|qp50
2.5,50.0,50.0,3.0,8,1.39,0.48,0.8587913989659522,46227,0.3852249999999985,200,196,0.98,bpmiddle15|qp50
2.5,50.0,50.0,3.0,20,1.39,0.48,0.8674748964410772,46109,0.384241666666666,200,194,0.97,bpmiddle15|qp50
2.5,50.0,50.0,3.0,2,1.39,0.48,0.7762688739665838,51526,0.4293833333333388,200,196,0.98,bpmiddle20|qp50
2.5,50.0,50.0,3.0,14,1.39,0.48,0.7623955124548405,52590,0.4382500000000058,200,191,0.955,bpmiddle20|qp50
2.5,50.0,50.0,3.0,26,1.39,0.48,0.7980470337363401,49709,0.4142416666666647,200,189,0.945,bpmiddle20|qp50
2.5,50.0,50.0,3.0,8,1.39,0.48,0.8354650052009399,47107,0.3925583333333307,200,193,0.965,bpmiddle60|qp50
2.5,50.0,50.0,3.0,20,1.39,0.48,0.9589985762892216,41441,0.3453416666666708,198,202,1.02020202020202,bpmiddle60|qp50
2.5,50.0,50.0,3.0,3,1.39,0.48,1.1825473181528243,34342,0.286183333333329,200,201,1.005,bpentry15|qp50
2.5,50.0,50.0,3.0,15,1.39,0.48,1.1725079328113557,34351,0.2862583333333291,200,199,0.995,bpentry15|qp50
2.5,50.0,50.0,3.0,27,1.39,0.48,1.168535299088169,34321,0.2860083333333338,200,202,1.01,bpentry15|qp50
2.5,50.0,50.0,3.0,9,1.39,0.48,1.1133632718085462,36408,0.3033999999999986,200,191,0.955,bpentry20|qp50
2.5,50.0,50.0,3.0,21,1.39,0.48,1.1272569336899807,35515,0.2959583333333318,200,198,0.99,bpentry20|qp50
2.5,50.0,50.0,3.0,3,1.39,0.48,1.1829142068317493,34047,0.2837249999999977,200,201,1.005,bpentry30|qp50
2.5,50.0,50.0,3.0,15,1.39,0.48,1.1808843216466016,33913,0.2826083333333326,200,198,0.99,bpentry30|qp50
2.5,50.0,50.0,3.0,27,1.39,0.48,1.143307635200865,35022,0.2918499999999944,200,209,1.045,bpentry30|qp50
2.5,50.0,50.0,3.0,9,1.39,0.48,1.1424956896552634,34800,0.2899999999999978,199,191,0.9597989949748744,bpentry45|qp50
2.5,50.0,50.0,3.0,21,1.39,0.48,1.1555294290004157,27303,0.2275250000000005,76,114,1.5,bpentry45|qp50
2.5,50.0,50.0,3.0,3,1.39,0.48,0.6685746501293892,30154,0.2512833333333312,0,0,1.0,bpentry90|qp50
2.5,50.0,50.0,3.0,15,1.39,0.48,0.677627344949591,29958,0.2496499999999981,0,0,1.0,bpentry90|qp50
2.5,50.0,50.0,3.0,27,1.39,0.48,0.6684717030625518,30498,0.254149999999997,0,0,1.0,bpentry90|qp50
2.5,50.0,50.0,3.0,9,1.39,0.48,1.111270121712002,35658,0.2971499999999987,200,195,0.975,bpexit15|qp50
2.5,50.0,50.0,3.0,21,1.39,0.48,1.1136994235905109,35565,0.2963749999999996,200,200,1.0,bpexit15|qp50
2.5,50.0,50.0,3.0,3,1.39,0.48,1.1749106197813175,34012,0.2834333333333317,200,201,1.005,bpexit20|qp50
2.5,50.0,50.0,3.0,15,1.39,0.48,1.1239102741623666,36110,0.3009166666666653,200,202,1.01,bpexit20|qp50
2.5,50.0,50.0,3.0,27,1.39,0.48,1.0165928496530818,40054,0.3337833333333327,200,203,1.015,bpexit20|qp50
2.5,50.0,50.0,3.0,9,1.39,0.48,1.0807341422618733,37663,0.3138583333333299,200,198,0.99,bpexit30|qp50
2.5,50.0,50.0,3.0,21,1.39,0.48,1.0740832127739013,37326,0.3110499999999954,200,195,0.975,bpexit30|qp50
2.5,50.0,50.0,3.0,3,1.39,0.48,1.10495076855754,36562,0.3046833333333327,200,199,0.995,bpexit45|qp50
2.5,50.0,50.0,3.0,15,1.39,0.48,1.117944458427817,35757,0.2979749999999982,200,201,1.005,bpexit45|qp50
2.5,50.0,50.0,3.0,27,1.39,0.48,1.104589597560148,37049,0.3087416666666615,200,210,1.05,bpexit45|qp50
2.5,50.0,50.0,3.0,9,1.39,0.48,1.0997382128305122,37053,0.3087749999999947,200,197,0.985,bpexit60|qp50
2.5,50.0,50.0,3.0,21,1.39,0.48,1.1406231352823593,35193,0.2932749999999961,200,197,0.985,bpexit60|qp50
2.5,50.0,50.0,3.0,3,1.39,0.48,1.1958677415516596,33616,0.2801333333333316,200,202,1.01,bpmiddle0|qp50
2.5,50.0,50.0,3.0,15,1.39,0.48,1.198469311489216,33449,0.2787416666666655,200,198,0.99,bpmiddle0|qp50
2.5,50.0,50.0,3.0,27,1.39,0.48,1.169349404589097,34430,0.28691666666666,200,209,1.045,bpmiddle0|qp50
2.5,50.0,50.0,3.0,9,1.39,0.48,0.940411189596398,42754,0.3562833333333345,200,195,0.975,bpmiddle15|qp50
2.5,50.0,50.0,3.0,21,1.39,0.48,0.8910371469728117,45818,0.3818166666666625,200,198,0.99,bpmiddle15|qp50
2.5,50.0,50.0,3.0,3,1.39,0.48,0.8181334630665814,49332,0.4110999999999967,200,197,0.985,bpmiddle20|qp50
2.5,50.0,50.0,3.0,15,1.39,0.48,0.812401777598185,49505,0.4125416666666671,200,194,0.97,bpmiddle20|qp50
2.5,50.0,50.0,3.0,27,1.39,0.48,0.8398598472538122,49232,0.4102666666666669,200,206,1.03,bpmiddle20|qp50
2.5,50.0,50.0,3.0,9,1.39,0.48,0.8162426208917947,47770,0.3980833333333301,199,194,0.9748743718592964,bpmiddle60|qp50
2.5,50.0,50.0,3.0,21,1.39,0.48,0.832385674115735,47299,0.3941583333333298,198,195,0.9848484848484848,bpmiddle60|qp50
2.5,50.0,50.0,3.0,4,1.39,0.48,1.090243750676271,36964,0.308033333333333,200,193,0.965,bpentry15|qp50
2.5,50.0,50.0,3.0,16,1.39,0.48,1.1387516729867628,35864,0.2988666666666691,200,191,0.955,bpentry15|qp50
2.5,50.0,50.0,3.0,28,1.39,0.48,1.1089047724997072,35956,0.2996333333333354,200,201,1.005,bpentry15|qp50
2.5,50.0,50.0,3.0,10,1.39,0.48,1.1645335916575887,35098,0.2924833333333302,200,194,0.97,bpentry20|qp50
2.5,50.0,50.0,3.0,22,1.39,0.48,1.1621857180074546,34547,0.28789166666666,200,198,0.99,bpentry20|qp50
2.5,50.0,50.0,3.0,4,1.39,0.48,1.1336518220913745,35344,0.2945333333333347,200,194,0.97,bpentry30|qp50
2.5,50.0,50.0,3.0,16,1.39,0.48,1.1687571595558264,34220,0.2851666666666628,200,192,0.96,bpentry30|qp50
2.5,50.0,50.0,3.0,28,1.39,0.48,1.138018094670807,35259,0.293825000000001,200,197,0.985,bpentry30|qp50
2.5,50.0,50.0,3.0,10,1.39,0.48,1.1633666494341677,34818,0.2901499999999959,200,198,0.99,bpentry45|qp50
2.5,50.0,50.0,3.0,22,1.39,0.48,1.1775839064246127,34026,0.2835499999999937,200,198,0.99,bpentry45|qp50
2.5,50.0,50.0,3.0,4,1.39,0.48,0.6263098159508993,32600,0.2716666666666648,0,0,1.0,bpentry90|qp50
2.5,50.0,50.0,3.0,16,1.39,0.48,0.667741860925856,30286,0.2523833333333302,0,0,1.0,bpentry90|qp50
2.5,50.0,50.0,3.0,28,1.39,0.48,0.6566772789292713,30782,0.2565166666666644,0,0,1.0,bpentry90|qp50
2.5,50.0,50.0,3.0,10,1.39,0.48,1.139207174127929,35405,0.2950416666666618,200,203,1.015,bpexit15|qp50
2.5,50.0,50.0,3.0,22,1.39,0.48,1.1516899713468365,34900,0.2908333333333296,200,194,0.97,bpexit15|qp50
2.5,50.0,50.0,3.0,4,1.39,0.48,0.9910492837947764,40561,0.338008333333334,200,200,1.0,bpexit20|qp50
2.5,50.0,50.0,3.0,16,1.39,0.48,1.1004939308551522,36908,0.307566666666671,200,197,0.985,bpexit20|qp50
2.5,50.0,50.0,3.0,28,1.39,0.48,1.0770478309828664,37298,0.3108166666666654,200,193,0.965,bpexit20|qp50
2.5,50.0,50.0,3.0,10,1.39,0.48,1.1314179503787491,35509,0.2959083333333301,200,199,0.995,bpexit30|qp50
2.5,50.0,50.0,3.0,22,1.39,0.48,1.063122027269974,37844,0.315366666666668,200,196,0.98,bpexit30|qp50
2.5,50.0,50.0,3.0,4,1.39,0.48,1.0685407953970243,37541,0.3128416666666651,200,197,0.985,bpexit45|qp50
2.5,50.0,50.0,3.0,16,1.39,0.48,1.1505489362923822,34831,0.2902583333333285,200,196,0.98,bpexit45|qp50
2.5,50.0,50.0,3.0,28,1.39,0.48,1.126988140523563,35752,0.2979333333333323,200,194,0.97,bpexit45|qp50
2.5,50.0,50.0,3.0,10,1.39,0.48,1.128429370904663,35559,0.2963249999999945,200,200,1.0,bpexit60|qp50
2.5,50.0,50.0,3.0,22,1.39,0.48,1.0838170464856045,37474,0.3122833333333326,200,194,0.97,bpexit60|qp50
2.5,50.0,50.0,3.0,4,1.39,0.48,1.181332651869139,34240,0.2853333333333275,200,196,0.98,bpmiddle0|qp50
2.5,50.0,50.0,3.0,16,1.39,0.48,1.1920739817122947,33684,0.2806999999999974,200,198,0.99,bpmiddle0|qp50
2.5,50.0,50.0,3.0,28,1.39,0.48,1.1424523722164712,35431,0.2952583333333296,200,200,1.0,bpmiddle0|qp50
2.5,50.0,50.0,3.0,10,1.39,0.48,0.8376637610019974,47264,0.3938666666666671,200,195,0.975,bpmiddle15|qp50
2.5,50.0,50.0,3.0,22,1.39,0.48,0.8187949679982186,49841,0.4153416666666671,200,197,0.985,bpmiddle15|qp50
2.5,50.0,50.0,3.0,4,1.39,0.48,0.8012685265910435,50468,0.420566666666668,200,195,0.975,bpmiddle20|qp50
2.5,50.0,50.0,3.0,16,1.39,0.48,0.8178412717898699,48876,0.4073000000000024,200,192,0.96,bpmiddle20|qp50
2.5,50.0,50.0,3.0,28,1.39,0.48,0.805871233203525,50308,0.4192333333333334,200,197,0.985,bpmiddle20|qp50
2.5,50.0,50.0,3.0,10,1.39,0.48,0.8462204256582968,47127,0.3927249999999946,198,199,1.005050505050505,bpmiddle60|qp50
2.5,50.0,50.0,3.0,22,1.39,0.48,0.9159658907582552,43390,0.3615833333333347,198,196,0.98989898989899,bpmiddle60|qp50
2.5,50.0,50.0,3.0,5,1.39,0.48,1.108700137931019,36250,0.3020833333333306,200,195,0.975,bpentry15|qp50
2.5,50.0,50.0,3.0,17,1.39,0.48,1.1664885363593538,34544,0.2878666666666644,200,195,0.975,bpentry15|qp50
2.5,50.0,50.0,3.0,29,1.39,0.48,1.1494191208472002,34465,0.2872083333333327,200,201,1.005,bpentry15|qp50
2.5,50.0,50.0,3.0,11,1.39,0.48,1.1455343909381055,35489,0.2957416666666631,200,200,1.0,bpentry20|qp50
2.5,50.0,50.0,3.0,23,1.39,0.48,1.0968464021264472,36869,0.3072416666666642,200,201,1.005,bpentry20|qp50
2.5,50.0,50.0,3.0,5,1.39,0.48,1.1194655761581762,35702,0.2975166666666626,200,199,0.995,bpentry30|qp50
2.5,50.0,50.0,3.0,17,1.39,0.48,1.1333479101841608,35673,0.2972749999999967,200,193,0.965,bpentry30|qp50
2.5,50.0,50.0,3.0,29,1.39,0.48,1.1538285664609749,34509,0.2875749999999995,200,198,0.99,bpentry30|qp50
2.5,50.0,50.0,3.0,11,1.39,0.48,1.189386297635337,33746,0.2812166666666622,200,202,1.01,bpentry45|qp50
2.5,50.0,50.0,3.0,23,1.39,0.48,1.1483576454437054,34962,0.2913499999999955,200,201,1.005,bpentry45|qp50
2.5,50.0,50.0,3.0,5,1.39,0.48,0.6655145817471848,30209,0.2517416666666648,0,0,1.0,bpentry90|qp50
2.5,50.0,50.0,3.0,17,1.39,0.48,0.6674541503407753,30371,0.2530916666666647,0,0,1.0,bpentry90|qp50
2.5,50.0,50.0,3.0,29,1.39,0.48,0.672515446014127,29943,0.2495249999999985,0,0,1.0,bpentry90|qp50
2.5,50.0,50.0,3.0,11,1.39,0.48,1.1018687518830097,36511,0.3042583333333306,200,200,1.0,bpexit15|qp50
2.5,50.0,50.0,3.0,23,1.39,0.48,1.0145191231818511,39324,0.3277000000000018,200,195,0.975,bpexit15|qp50
2.5,50.0,50.0,3.0,5,1.39,0.48,1.1292290063376669,35344,0.2945333333333272,200,193,0.965,bpexit20|qp50
2.5,50.0,50.0,3.0,17,1.39,0.48,1.1025497050469977,36616,0.3051333333333308,200,199,0.995,bpexit20|qp50
2.5,50.0,50.0,3.0,29,1.39,0.48,0.9998418229218552,39892,0.3324333333333296,200,197,0.985,bpexit20|qp50
2.5,50.0,50.0,3.0,11,1.39,0.48,1.045824485028653,37672,0.3139333333333297,200,203,1.015,bpexit30|qp50
2.5,50.0,50.0,3.0,23,1.39,0.48,1.0542132389308028,38417,0.3201416666666637,200,199,0.995,bpexit30|qp50
2.5,50.0,50.0,3.0,5,1.39,0.48,1.101743539148801,36489,0.3040750000000013,200,190,0.95,bpexit45|qp50
2.5,50.0,50.0,3.0,17,1.39,0.48,1.0777914882226387,37360,0.3113333333333352,200,194,0.97,bpexit45|qp50
2.5,50.0,50.0,3.0,29,1.39,0.48,1.1265765102380627,35309,0.294241666666665,200,203,1.015,bpexit45|qp50
2.5,50.0,50.0,3.0,11,1.39,0.48,1.0141629310561502,39931,0.3327583333333371,200,194,0.97,bpexit60|qp50
2.5,50.0,50.0,3.0,23,1.39,0.48,1.0335452429073222,39089,0.325741666666667,200,196,0.98,bpexit60|qp50
2.5,50.0,50.0,3.0,5,1.39,0.48,1.1535337044621858,34669,0.2889083333333287,200,198,0.99,bpmiddle0|qp50
2.5,50.0,50.0,3.0,17,1.39,0.48,1.1726393303974512,34289,0.2857416666666645,200,199,0.995,bpmiddle0|qp50
2.5,50.0,50.0,3.0,29,1.39,0.48,1.1682616280788058,33819,0.2818249999999966,200,200,1.0,bpmiddle0|qp50
2.5,50.0,50.0,3.0,11,1.39,0.48,0.8973641837792485,45337,0.3778083333333305,200,196,0.98,bpmiddle15|qp50
2.5,50.0,50.0,3.0,23,1.39,0.48,0.8341260238660015,48102,0.400849999999996,200,198,0.99,bpmiddle15|qp50
2.5,50.0,50.0,3.0,5,1.39,0.48,0.8327695308489543,48705,0.4058749999999982,200,195,0.975,bpmiddle20|qp50
2.5,50.0,50.0,3.0,17,1.39,0.48,0.802274401658605,49679,0.4139916666666696,200,193,0.965,bpmiddle20|qp50
2.5,50.0,50.0,3.0,29,1.39,0.48,0.7982973854908352,50258,0.4188166666666661,198,195,0.9848484848484848,bpmiddle20|qp50
2.5,50.0,50.0,3.0,11,1.39,0.48,0.8383389482935341,47789,0.3982416666666648,198,194,0.9797979797979798,bpmiddle60|qp50
2.5,50.0,50.0,3.0,23,1.39,0.48,0.8659283521425415,46254,0.3854499999999968,198,200,1.0101010101010102,bpmiddle60|qp50
2.5,50.0,50.0,3.0,6,1.39,0.48,1.194526962538753,33528,0.2793999999999987,200,195,0.975,bpentry15|qp50
2.5,50.0,50.0,3.0,18,1.39,0.48,1.1169925483520111,35831,0.2985916666666679,200,204,1.02,bpentry15|qp50
2.5,50.0,50.0,3.0,0,1.39,0.48,1.1428627217931495,35337,0.2944749999999989,200,206,1.03,bpentry20|qp50
2.5,50.0,50.0,3.0,12,1.39,0.48,1.132345575022407,35616,0.2967999999999925,200,194,0.97,bpentry20|qp50
2.5,50.0,50.0,3.0,24,1.39,0.48,1.181659774325038,33854,0.2821166666666626,200,204,1.02,bpentry20|qp50
2.5,50.0,50.0,3.0,6,1.39,0.48,1.166778345970635,34026,0.2835499999999975,200,194,0.97,bpentry30|qp50
2.5,50.0,50.0,3.0,18,1.39,0.48,1.129992399290589,35523,0.2960249999999949,200,202,1.01,bpentry30|qp50
2.5,50.0,50.0,3.0,0,1.39,0.48,1.1589393332953102,34978,0.2914833333333343,200,206,1.03,bpentry45|qp50
2.5,50.0,50.0,3.0,12,1.39,0.48,1.1267437865394834,36091,0.3007583333333306,200,198,0.99,bpentry45|qp50
2.5,50.0,50.0,3.0,24,1.39,0.48,1.1750094267365436,33946,0.2828833333333289,200,202,1.01,bpentry45|qp50
2.5,50.0,50.0,3.0,6,1.39,0.48,0.6694934607979719,30126,0.2510499999999976,0,0,1.0,bpentry90|qp50
2.5,50.0,50.0,3.0,18,1.39,0.48,0.657088180963834,30857,0.2571416666666656,0,0,1.0,bpentry90|qp50
2.5,50.0,50.0,3.0,0,1.39,0.48,1.0926816519973457,36925,0.3077083333333336,200,203,1.015,bpexit15|qp50
2.5,50.0,50.0,3.0,12,1.39,0.48,1.0683567875288524,37591,0.3132583333333323,200,202,1.01,bpexit15|qp50
2.5,50.0,50.0,3.0,24,1.39,0.48,1.121654396327266,35723,0.2976916666666641,200,205,1.025,bpexit15|qp50
2.5,50.0,50.0,3.0,6,1.39,0.48,1.1035257469458766,36917,0.3076416666666677,200,200,1.0,bpexit20|qp50
2.5,50.0,50.0,3.0,18,1.39,0.48,1.074000161851648,37071,0.3089249999999989,200,202,1.01,bpexit20|qp50
2.5,50.0,50.0,3.0,0,1.39,0.48,1.1093437671609707,36420,0.3034999999999979,200,196,0.98,bpexit30|qp50
2.5,50.0,50.0,3.0,12,1.39,0.48,1.148421815082884,35205,0.2933749999999945,200,204,1.02,bpexit30|qp50
2.5,50.0,50.0,3.0,24,1.39,0.48,1.0747630254828475,36966,0.3080499999999999,200,196,0.98,bpexit30|qp50
2.5,50.0,50.0,3.0,6,1.39,0.48,1.1403124108416998,35050,0.2920833333333298,200,199,0.995,bpexit45|qp50
2.5,50.0,50.0,3.0,18,1.39,0.48,1.143503154083402,35351,0.294591666666665,200,207,1.035,bpexit45|qp50
2.5,50.0,50.0,3.0,0,1.39,0.48,1.0876825627370603,37179,0.3098249999999979,200,198,0.99,bpexit60|qp50
2.5,50.0,50.0,3.0,12,1.39,0.48,1.055555555555419,38259,0.3188250000000042,200,199,0.995,bpexit60|qp50
2.5,50.0,50.0,3.0,24,1.39,0.48,1.0921245278103364,30708,0.2559000000000049,98,136,1.3877551020408163,bpexit60|qp50
2.5,50.0,50.0,3.0,6,1.39,0.48,1.1981996091989486,33265,0.2772083333333307,200,202,1.01,bpmiddle0|qp50
2.5,50.0,50.0,3.0,18,1.39,0.48,1.1795027526194952,33786,0.2815499999999945,200,203,1.015,bpmiddle0|qp50
2.5,50.0,50.0,3.0,0,1.39,0.48,0.823295670813584,49917,0.4159749999999985,200,202,1.01,bpmiddle15|qp50
2.5,50.0,50.0,3.0,12,1.39,0.48,0.8953073893597837,44943,0.3745250000000013,200,193,0.965,bpmiddle15|qp50
2.5,50.0,50.0,3.0,24,1.39,0.48,0.8267311819166162,48929,0.4077416666666644,200,196,0.98,bpmiddle15|qp50
2.5,50.0,50.0,3.0,6,1.39,0.48,0.7909785980757867,50930,0.4244166666666674,200,195,0.975,bpmiddle20|qp50
2.5,50.0,50.0,3.0,18,1.39,0.48,0.780612336697218,51132,0.4261000000000023,200,200,1.0,bpmiddle20|qp50
2.5,50.0,50.0,3.0,0,1.39,0.48,0.7906416961699695,49712,0.414266666666663,200,200,1.0,bpmiddle60|qp50
2.5,50.0,50.0,3.0,12,1.39,0.48,0.8066220217114926,49651,0.4137583333333313,200,197,0.985,bpmiddle60|qp50
2.5,50.0,50.0,3.0,24,1.39,0.48,0.8387861577909728,47189,0.3932416666666637,198,195,0.9848484848484848,bpmiddle60|qp50
2.5,50.0,50.0,3.0,7,1.39,0.48,1.133055414048744,35334,0.2944499999999959,200,198,0.99,bpentry15|qp50
2.5,50.0,50.0,3.0,19,1.39,0.48,1.1631198894392325,34732,0.2894333333333326,200,200,1.0,bpentry15|qp50
2.5,50.0,50.0,3.0,1,1.39,0.48,1.1392041659590906,35334,0.2944499999999972,200,199,0.995,bpentry20|qp50
2.5,50.0,50.0,3.0,13,1.39,0.48,1.126753387684771,35939,0.2994916666666679,200,197,0.985,bpentry20|qp50
2.5,50.0,50.0,3.0,25,1.39,0.48,1.106591021893809,36266,0.3022166666666617,200,204,1.02,bpentry20|qp50
2.5,50.0,50.0,3.0,7,1.39,0.48,1.1043246968025573,36280,0.302333333333329,200,193,0.965,bpentry30|qp50
2.5,50.0,50.0,3.0,19,1.39,0.48,1.187760450637411,33730,0.2810833333333321,200,195,0.975,bpentry30|qp50
2.5,50.0,50.0,3.0,1,1.39,0.48,1.1505327001200796,34954,0.2912833333333277,200,202,1.01,bpentry45|qp50
2.5,50.0,50.0,3.0,13,1.39,0.48,1.1463549167497165,35135,0.2927916666666668,200,195,0.975,bpentry45|qp50
2.5,50.0,50.0,3.0,25,1.39,0.48,1.1312842599842683,35756,0.2979666666666618,200,200,1.0,bpentry45|qp50
2.5,50.0,50.0,3.0,7,1.39,0.48,0.6710886921664211,29935,0.2494583333333319,0,0,1.0,bpentry90|qp50
2.5,50.0,50.0,3.0,19,1.39,0.48,0.6713495641719768,29943,0.2495249999999979,0,0,1.0,bpentry90|qp50
2.5,50.0,50.0,3.0,1,1.39,0.48,1.122525928589149,36157,0.3013083333333325,200,200,1.0,bpexit15|qp50
2.5,50.0,50.0,3.0,13,1.39,0.48,1.0665701842903017,37658,0.3138166666666661,200,202,1.01,bpexit15|qp50
2.5,50.0,50.0,3.0,25,1.39,0.48,1.068308420857773,37799,0.3149916666666677,200,202,1.01,bpexit15|qp50
2.5,50.0,50.0,3.0,7,1.39,0.48,1.0733687245680286,37109,0.3092416666666623,200,195,0.975,bpexit20|qp50
2.5,50.0,50.0,3.0,19,1.39,0.48,1.130764552069189,35184,0.2931999999999998,200,205,1.025,bpexit20|qp50
2.5,50.0,50.0,3.0,1,1.39,0.48,1.099819809951465,36517,0.304308333333329,200,199,0.995,bpexit30|qp50
2.5,50.0,50.0,3.0,13,1.39,0.48,1.120940242373543,35895,0.2991249999999973,200,195,0.975,bpexit30|qp50
2.5,50.0,50.0,3.0,25,1.39,0.48,1.0314103844233071,40060,0.3338333333333348,200,195,0.975,bpexit30|qp50
2.5,50.0,50.0,3.0,7,1.39,0.48,1.1070447528716698,35953,0.2996083333333287,200,200,1.0,bpexit45|qp50
2.5,50.0,50.0,3.0,19,1.39,0.48,1.177982198486873,33705,0.2808749999999987,200,200,1.0,bpexit45|qp50
2.5,50.0,50.0,3.0,1,1.39,0.48,1.1257555654248728,36026,0.3002166666666654,200,202,1.01,bpexit60|qp50
2.5,50.0,50.0,3.0,13,1.39,0.48,0.9900928731555384,40593,0.3382749999999984,200,192,0.96,bpexit60|qp50
2.5,50.0,50.0,3.0,25,1.39,0.48,1.0040126594896666,40128,0.3344000000000022,200,196,0.98,bpexit60|qp50
2.5,50.0,50.0,3.0,7,1.39,0.48,1.140875770723868,35032,0.2919333333333274,200,201,1.005,bpmiddle0|qp50
2.5,50.0,50.0,3.0,19,1.39,0.48,1.217821643225422,32777,0.2731416666666649,200,201,1.005,bpmiddle0|qp50
2.5,50.0,50.0,3.0,1,1.39,0.48,0.8277700997475987,49926,0.4160500000000037,200,198,0.99,bpmiddle15|qp50
2.5,50.0,50.0,3.0,13,1.39,0.48,0.7720694330398985,52367,0.4363916666666685,200,194,0.97,bpmiddle15|qp50
2.5,50.0,50.0,3.0,25,1.39,0.48,0.88173149282463,45712,0.3809333333333289,200,197,0.985,bpmiddle15|qp50
2.5,50.0,50.0,3.0,7,1.39,0.48,0.8276631926529342,48455,0.403791666666666,200,192,0.96,bpmiddle20|qp50
2.5,50.0,50.0,3.0,19,1.39,0.48,0.8104064566707379,49747,0.4145583333333389,200,196,0.98,bpmiddle20|qp50
2.5,50.0,50.0,3.0,1,1.39,0.48,0.844262044028479,47015,0.3917916666666622,198,201,1.0151515151515151,bpmiddle60|qp50
2.5,50.0,50.0,3.0,13,1.39,0.48,0.8517574230543873,46039,0.3836583333333329,198,191,0.9646464646464646,bpmiddle60|qp50
2.5,50.0,50.0,3.0,25,1.39,0.48,0.7936603660366215,49995,0.4166250000000019,198,194,0.9797979797979798,bpmiddle60|qp50
2.5,50.0,50.0,3.0,8,1.39,0.48,1.1475051083547434,34747,0.2895583333333289,200,199,0.995,bpentry15|qp50
2.5,50.0,50.0,3.0,20,1.39,0.48,1.1231764082839977,35877,0.2989749999999966,200,199,0.995,bpentry15|qp50
2.5,50.0,50.0,3.0,2,1.39,0.48,1.1444563315646916,34865,0.2905416666666657,200,204,1.02,bpentry20|qp50
2.5,50.0,50.0,3.0,14,1.39,0.48,1.1581865255328645,34955,0.2912916666666651,200,200,1.0,bpentry20|qp50
2.5,50.0,50.0,3.0,26,1.39,0.48,1.1517053645196274,35101,0.2925083333333338,200,194,0.97,bpentry20|qp50
2.5,50.0,50.0,3.0,8,1.39,0.48,1.1574627170582528,34265,0.285541666666662,200,198,0.99,bpentry30|qp50
2.5,50.0,50.0,3.0,20,1.39,0.48,1.1512078249413429,34914,0.2909499999999998,200,203,1.015,bpentry30|qp50
2.5,50.0,50.0,3.0,2,1.39,0.48,1.150195398311996,34596,0.2882999999999946,200,193,0.965,bpentry45|qp50
2.5,50.0,50.0,3.0,14,1.39,0.48,1.1636723147616814,34820,0.2901666666666645,199,197,0.9899497487437184,bpentry45|qp50
2.5,50.0,50.0,3.0,26,1.39,0.48,1.1444371500840111,35187,0.2932250000000011,200,195,0.975,bpentry45|qp50
2.5,50.0,50.0,3.0,8,1.39,0.48,0.662059831312599,30352,0.2529333333333332,0,0,1.0,bpentry90|qp50
2.5,50.0,50.0,3.0,20,1.39,0.48,0.6627499754524655,30553,0.2546083333333306,0,0,1.0,bpentry90|qp50
2.5,50.0,50.0,3.0,2,1.39,0.48,1.1254700297576885,35285,0.2940416666666631,200,206,1.03,bpexit15|qp50
2.5,50.0,50.0,3.0,14,1.39,0.48,1.1604778736038377,35365,0.2947083333333313,200,199,0.995,bpexit15|qp50
2.5,50.0,50.0,3.0,26,1.39,0.48,1.093431580666362,36744,0.3061999999999982,200,195,0.975,bpexit15|qp50
2.5,50.0,50.0,3.0,8,1.39,0.48,1.1081632540882984,36385,0.3032083333333312,200,201,1.005,bpexit20|qp50
2.5,50.0,50.0,3.0,20,1.39,0.48,0.9984854127871085,40275,0.335625000000002,200,198,0.99,bpexit20|qp50
2.5,50.0,50.0,3.0,2,1.39,0.48,1.0767817209528403,37026,0.3085499999999994,200,197,0.985,bpexit30|qp50
2.5,50.0,50.0,3.0,14,1.39,0.48,1.0493529882948494,38701,0.3225083333333357,200,196,0.98,bpexit30|qp50
2.5,50.0,50.0,3.0,26,1.39,0.48,1.106850720270122,36167,0.3013916666666625,200,198,0.99,bpexit30|qp50
2.5,50.0,50.0,3.0,8,1.39,0.48,1.1479439252337686,34561,0.288008333333327,200,199,0.995,bpexit45|qp50
2.5,50.0,50.0,3.0,20,1.39,0.48,1.1583721465126469,34782,0.2898499999999959,200,198,0.99,bpexit45|qp50
2.5,50.0,50.0,3.0,2,1.39,0.48,1.085225014450472,36331,0.3027583333333313,200,196,0.98,bpexit60|qp50
2.5,50.0,50.0,3.0,14,1.39,0.48,1.1212876953554451,36344,0.3028666666666644,200,194,0.97,bpexit60|qp50
2.5,50.0,50.0,3.0,26,1.39,0.48,1.1119596156526292,35905,0.2992083333333348,200,197,0.985,bpexit60|qp50
2.5,50.0,50.0,3.0,8,1.39,0.48,1.1707566371681677,33900,0.2824999999999973,200,199,0.995,bpmiddle0|qp50
2.5,50.0,50.0,3.0,20,1.39,0.48,1.1752467804907794,34322,0.2860166666666634,200,196,0.98,bpmiddle0|qp50
2.5,50.0,50.0,3.0,2,1.39,0.48,0.9118238344295552,44549,0.3712416666666671,200,199,0.995,bpmiddle15|qp50
2.5,50.0,50.0,3.0,14,1.39,0.48,0.8181011610339358,48319,0.4026583333333334,200,192,0.96,bpmiddle15|qp50
2.5,50.0,50.0,3.0,26,1.39,0.48,0.9068189060011522,45192,0.3765999999999938,200,195,0.975,bpmiddle15|qp50
2.5,50.0,50.0,3.0,8,1.39,0.48,0.8470435094228327,47438,0.395316666666662,200,198,0.99,bpmiddle20|qp50
2.5,50.0,50.0,3.0,20,1.39,0.48,0.8995287495861893,45305,0.3775416666666618,200,201,1.005,bpmiddle20|qp50
2.5,50.0,50.0,3.0,2,1.39,0.48,0.7948452351937729,49236,0.4102999999999949,199,195,0.9798994974874372,bpmiddle60|qp50
2.5,50.0,50.0,3.0,14,1.39,0.48,0.8263364544319274,48060,0.4005000000000015,198,194,0.9797979797979798,bpmiddle60|qp50
2.5,50.0,50.0,3.0,26,1.39,0.48,0.9223235163187746,42681,0.3556750000000012,200,194,0.97,bpmiddle60|qp50
2.5,50.0,50.0,3.0,9,1.39,0.48,1.1391620032385317,35203,0.2933583333333314,200,191,0.955,bpentry15|qp50
2.5,50.0,50.0,3.0,21,1.39,0.48,1.1209937197799027,35986,0.2998833333333305,200,200,1.0,bpentry15|qp50
2.5,50.0,50.0,3.0,3,1.39,0.48,1.1970231935771765,33630,0.2802499999999974,200,202,1.01,bpentry20|qp50
2.5,50.0,50.0,3.0,15,1.39,0.48,1.184011407967868,33836,0.2819666666666657,200,199,0.995,bpentry20|qp50
2.5,50.0,50.0,3.0,27,1.39,0.48,1.1961498884759387,33625,0.2802083333333313,200,205,1.025,bpentry20|qp50
2.5,50.0,50.0,3.0,9,1.39,0.48,1.122810228197822,35627,0.2968916666666588,200,197,0.985,bpentry30|qp50
2.5,50.0,50.0,3.0,21,1.39,0.48,1.1510964435026625,34922,0.2910166666666617,200,197,0.985,bpentry30|qp50
2.5,50.0,50.0,3.0,3,1.39,0.48,1.1863040180829096,33623,0.280191666666663,199,193,0.9698492462311558,bpentry45|qp50
2.5,50.0,50.0,3.0,15,1.39,0.48,1.1504161577139205,35203,0.2933583333333329,200,200,1.0,bpentry45|qp50
2.5,50.0,50.0,3.0,27,1.39,0.48,1.185599195507024,26352,0.2196000000000004,134,148,1.1044776119402986,bpentry45|qp50
2.5,50.0,50.0,3.0,9,1.39,0.48,0.6562329680335552,30751,0.2562583333333306,0,0,1.0,bpentry90|qp50
2.5,50.0,50.0,3.0,21,1.39,0.48,0.6683600239218555,30098,0.2508166666666639,0,0,1.0,bpentry90|qp50
2.5,50.0,50.0,3.0,3,1.39,0.48,1.1682140397198966,34844,0.2903666666666659,200,205,1.025,bpexit15|qp50
2.5,50.0,50.0,3.0,15,1.39,0.48,1.1208216216217337,36075,0.3006249999999989,200,202,1.01,bpexit15|qp50
2.5,50.0,50.0,3.0,27,1.39,0.48,0.977584447029326,42127,0.3510583333333306,200,207,1.035,bpexit15|qp50
2.5,50.0,50.0,3.0,9,1.39,0.48,1.1212765113976355,35315,0.2942916666666624,200,197,0.985,bpexit20|qp50
2.5,50.0,50.0,3.0,21,1.39,0.48,1.0787842349556032,36841,0.3070083333333298,200,201,1.005,bpexit20|qp50
2.5,50.0,50.0,3.0,3,1.39,0.48,1.16356964064789,34757,0.2896416666666637,200,201,1.005,bpexit30|qp50
2.5,50.0,50.0,3.0,15,1.39,0.48,1.1465478129197526,35001,0.2916750000000002,200,195,0.975,bpexit30|qp50
2.5,50.0,50.0,3.0,27,1.39,0.48,1.0310961664400973,39702,0.3308499999999977,200,203,1.015,bpexit30|qp50
2.5,50.0,50.0,3.0,9,1.39,0.48,1.10201031071497,35885,0.2990416666666622,200,194,0.97,bpexit45|qp50
2.5,50.0,50.0,3.0,21,1.39,0.48,1.074385461373316,37280,0.3106666666666697,200,195,0.975,bpexit45|qp50
2.5,50.0,50.0,3.0,3,1.39,0.48,1.0756540996291508,37479,0.3123249999999988,200,198,0.99,bpexit60|qp50
2.5,50.0,50.0,3.0,15,1.39,0.48,1.1234797344613068,35701,0.2975083333333325,200,198,0.99,bpexit60|qp50
2.5,50.0,50.0,3.0,27,1.39,0.48,0.956080221168388,41959,0.3496583333333393,200,201,1.005,bpexit60|qp50
2.5,50.0,50.0,3.0,9,1.39,0.48,1.1623927988816494,34328,0.286066666666663,200,194,0.97,bpmiddle0|qp50
2.5,50.0,50.0,3.0,21,1.39,0.48,1.162974777232679,34453,0.2871083333333296,200,198,0.99,bpmiddle0|qp50
2.5,50.0,50.0,3.0,3,1.39,0.48,0.8935102864751051,46566,0.388050000000003,200,201,1.005,bpmiddle15|qp50
2.5,50.0,50.0,3.0,15,1.39,0.48,0.8732124453297396,46186,0.3848833333333373,200,196,0.98,bpmiddle15|qp50
2.5,50.0,50.0,3.0,27,1.39,0.48,0.7753266255626537,52874,0.4406166666666664,200,193,0.965,bpmiddle15|qp50
2.5,50.0,50.0,3.0,9,1.39,0.48,0.8051740551006925,49582,0.4131833333333343,200,192,0.96,bpmiddle20|qp50
2.5,50.0,50.0,3.0,21,1.39,0.48,0.8464115339104659,48171,0.4014249999999992,200,196,0.98,bpmiddle20|qp50
2.5,50.0,50.0,3.0,3,1.39,0.48,0.8923547352604748,44591,0.3715916666666669,198,198,1.0,bpmiddle60|qp50
2.5,50.0,50.0,3.0,15,1.39,0.48,0.8223185263157856,47500,0.3958333333333323,198,192,0.9696969696969696,bpmiddle60|qp50
2.5,50.0,50.0,3.0,27,1.39,0.48,0.8692583983861246,45604,0.3800333333333336,200,206,1.03,bpmiddle60|qp50
2.5,50.0,50.0,3.0,10,1.39,0.48,1.203778079522909,33877,0.2823083333333277,200,197,0.985,bpentry15|qp50
2.5,50.0,50.0,3.0,22,1.39,0.48,1.1506925207757428,35017,0.2918083333333271,200,197,0.985,bpentry15|qp50
2.5,50.0,50.0,3.0,4,1.39,0.48,1.1003899233296115,36520,0.3043333333333344,200,195,0.975,bpentry20|qp50
2.5,50.0,50.0,3.0,16,1.39,0.48,1.141883464655241,35663,0.2971916666666651,200,192,0.96,bpentry20|qp50
2.5,50.0,50.0,3.0,28,1.39,0.48,1.132018122142135,35647,0.2970583333333357,200,202,1.01,bpentry20|qp50
2.5,50.0,50.0,3.0,10,1.39,0.48,1.124546779204292,36373,0.3031083333333296,200,194,0.97,bpentry30|qp50
2.5,50.0,50.0,3.0,22,1.39,0.48,1.178090799847688,34119,0.2843249999999957,200,198,0.99,bpentry30|qp50
2.5,50.0,50.0,3.0,4,1.39,0.48,1.155474005227954,34430,0.2869166666666651,200,196,0.98,bpentry45|qp50
2.5,50.0,50.0,3.0,16,1.39,0.48,1.1663508445504305,34397,0.2866416666666625,200,193,0.965,bpentry45|qp50
2.5,50.0,50.0,3.0,28,1.39,0.48,1.1400034153976883,35135,0.292791666666667,200,198,0.99,bpentry45|qp50
2.5,50.0,50.0,3.0,10,1.39,0.48,0.6718125965108503,30437,0.2536416666666643,0,0,1.0,bpentry90|qp50
2.5,50.0,50.0,3.0,22,1.39,0.48,0.6718999406371893,30322,0.2526833333333308,0,0,1.0,bpentry90|qp50
2.5,50.0,50.0,3.0,4,1.39,0.48,1.0707177528447227,37701,0.3141750000000021,200,199,0.995,bpexit15|qp50
2.5,50.0,50.0,3.0,16,1.39,0.48,1.0691047908903764,38114,0.3176166666666645,200,198,0.99,bpexit15|qp50
2.5,50.0,50.0,3.0,28,1.39,0.48,0.9756867108509488,41342,0.3445166666666643,200,198,0.99,bpexit15|qp50
2.5,50.0,50.0,3.0,10,1.39,0.48,1.0459941826346315,39193,0.3266083333333301,200,204,1.02,bpexit20|qp50
2.5,50.0,50.0,3.0,22,1.39,0.48,0.9664286052793556,42202,0.351683333333331,200,194,0.97,bpexit20|qp50
2.5,50.0,50.0,3.0,4,1.39,0.48,0.972892171129094,41232,0.343600000000001,200,198,0.99,bpexit30|qp50
2.5,50.0,50.0,3.0,16,1.39,0.48,1.1575709613363283,34244,0.2853666666666638,200,197,0.985,bpexit30|qp50
2.5,50.0,50.0,3.0,28,1.39,0.48,1.035957214808635,38518,0.3209833333333298,200,194,0.97,bpexit30|qp50
2.5,50.0,50.0,3.0,10,1.39,0.48,1.1164829389026625,35959,0.2996583333333302,200,197,0.985,bpexit45|qp50
2.5,50.0,50.0,3.0,22,1.39,0.48,1.0908593581155184,37016,0.3084666666666654,200,191,0.955,bpexit45|qp50
2.5,50.0,50.0,3.0,4,1.39,0.48,1.040894073172499,38621,0.3218416666666658,200,191,0.955,bpexit60|qp50
2.5,50.0,50.0,3.0,16,1.39,0.48,1.0688810909961757,37617,0.3134750000000002,200,194,0.97,bpexit60|qp50
2.5,50.0,50.0,3.0,28,1.39,0.48,0.9309848781123582,30684,0.2557000000000022,52,87,1.6730769230769231,bpexit60|qp50
2.5,50.0,50.0,3.0,10,1.39,0.48,1.1691432096639214,34851,0.2904249999999931,200,202,1.01,bpmiddle0|qp50
2.5,50.0,50.0,3.0,22,1.39,0.48,1.188604245506311,33824,0.2818666666666623,200,199,0.995,bpmiddle0|qp50
2.5,50.0,50.0,3.0,4,1.39,0.48,0.9194963739819688,44815,0.3734583333333303,200,201,1.005,bpmiddle15|qp50
2.5,50.0,50.0,3.0,16,1.39,0.48,0.8810227593852403,46003,0.383358333333339,200,191,0.955,bpmiddle15|qp50
2.5,50.0,50.0,3.0,28,1.39,0.48,0.9413228458244832,43671,0.3639250000000024,200,201,1.005,bpmiddle15|qp50
2.5,50.0,50.0,3.0,10,1.39,0.48,0.8001904267635661,50098,0.4174833333333299,200,195,0.975,bpmiddle20|qp50
2.5,50.0,50.0,3.0,22,1.39,0.48,0.7547860927026393,52663,0.4388583333333319,200,188,0.94,bpmiddle20|qp50
2.5,50.0,50.0,3.0,4,1.39,0.48,0.8237024617819783,48014,0.4001166666666649,200,194,0.97,bpmiddle60|qp50
2.5,50.0,50.0,3.0,16,1.39,0.48,0.85073337572075,45611,0.3800916666666695,198,190,0.9595959595959596,bpmiddle60|qp50
2.5,50.0,50.0,3.0,28,1.39,0.48,0.8426980543911132,46515,0.3876249999999968,198,195,0.9848484848484848,bpmiddle60|qp50
2.5,50.0,50.0,3.0,11,1.39,0.48,1.167651299343092,34402,0.2866833333333293,200,197,0.985,bpentry15|qp50
2.5,50.0,50.0,3.0,23,1.39,0.48,1.1350920560614823,35033,0.2919416666666639,200,202,1.01,bpentry15|qp50
2.5,50.0,50.0,3.0,5,1.39,0.48,1.1377138630479686,35151,0.292924999999996,200,196,0.98,bpentry20|qp50
2.5,50.0,50.0,3.0,17,1.39,0.48,1.168751420827084,34311,0.2859249999999986,200,197,0.985,bpentry20|qp50
2.5,50.0,50.0,3.0,29,1.39,0.48,1.1001308734981612,36371,0.3030916666666642,200,197,0.985,bpentry20|qp50
2.5,50.0,50.0,3.0,11,1.39,0.48,1.1693648156245833,34305,0.2858749999999953,200,203,1.015,bpentry30|qp50
2.5,50.0,50.0,3.0,23,1.39,0.48,1.1288822484707624,35473,0.2956083333333295,200,201,1.005,bpentry30|qp50
2.5,50.0,50.0,3.0,5,1.39,0.48,1.1682029096477913,26120,0.217666666666668,66,100,1.5151515151515151,bpentry45|qp50
2.5,50.0,50.0,3.0,17,1.39,0.48,1.1490370306775486,34944,0.2911999999999941,200,201,1.005,bpentry45|qp50
2.5,50.0,50.0,3.0,29,1.39,0.48,1.187025102211232,22747,0.1895583333333371,35,72,2.057142857142857,bpentry45|qp50
2.5,50.0,50.0,3.0,11,1.39,0.48,0.6734261213720687,30320,0.2526666666666634,0,0,1.0,bpentry90|qp50
2.5,50.0,50.0,3.0,23,1.39,0.48,0.6749037923889247,30403,0.2533583333333309,0,0,1.0,bpentry90|qp50
2.5,50.0,50.0,3.0,5,1.39,0.48,1.054593359893757,37650,0.3137499999999993,200,192,0.96,bpexit15|qp50
2.5,50.0,50.0,3.0,17,1.39,0.48,1.1584719016847418,34664,0.2888666666666655,200,198,0.99,bpexit15|qp50
2.5,50.0,50.0,3.0,29,1.39,0.48,1.0530279311637396,37306,0.3108833333333322,200,208,1.04,bpexit15|qp50
2.5,50.0,50.0,3.0,11,1.39,0.48,1.1722909450767791,34357,0.2863083333333326,200,204,1.02,bpexit20|qp50
2.5,50.0,50.0,3.0,23,1.39,0.48,0.8351354569191278,47875,0.3989583333333337,200,188,0.94,bpexit20|qp50
2.5,50.0,50.0,3.0,5,1.39,0.48,0.9287948181411833,42533,0.3544416666666668,200,185,0.925,bpexit30|qp50
2.5,50.0,50.0,3.0,17,1.39,0.48,1.0943707137762888,36454,0.3037833333333288,200,194,0.97,bpexit30|qp50
2.5,50.0,50.0,3.0,29,1.39,0.48,1.1443281706604271,34220,0.2851666666666656,200,197,0.985,bpexit30|qp50
2.5,50.0,50.0,3.0,11,1.39,0.48,1.0377785785992657,38849,0.3237416666666646,200,196,0.98,bpexit45|qp50
2.5,50.0,50.0,3.0,23,1.39,0.48,1.1013101699075616,36667,0.3055583333333301,200,196,0.98,bpexit45|qp50
2.5,50.0,50.0,3.0,5,1.39,0.48,1.118438644180672,36052,0.300433333333331,200,193,0.965,bpexit60|qp50
2.5,50.0,50.0,3.0,17,1.39,0.48,1.0996061690994543,36310,0.302583333333329,200,193,0.965,bpexit60|qp50
2.5,50.0,50.0,3.0,29,1.39,0.48,1.126348430480549,35393,0.2949416666666639,200,202,1.01,bpexit60|qp50
2.5,50.0,50.0,3.0,11,1.39,0.48,1.1701220537501216,34493,0.287441666666661,200,205,1.025,bpmiddle0|qp50
2.5,50.0,50.0,3.0,23,1.39,0.48,1.149665348690674,34902,0.2908500000000018,200,201,1.005,bpmiddle0|qp50
2.5,50.0,50.0,3.0,5,1.39,0.48,0.9412301009680576,43281,0.3606750000000026,200,198,0.99,bpmiddle15|qp50
2.5,50.0,50.0,3.0,17,1.39,0.48,0.8678048572645906,46940,0.3911666666666677,200,197,0.985,bpmiddle15|qp50
2.5,50.0,50.0,3.0,29,1.39,0.48,0.7982434578882442,50366,0.4197166666666701,200,194,0.97,bpmiddle15|qp50
2.5,50.0,50.0,3.0,11,1.39,0.48,0.8141876660494407,49684,0.414033333333335,200,194,0.97,bpmiddle20|qp50
2.5,50.0,50.0,3.0,23,1.39,0.48,0.7612260479042386,53440,0.445333333333337,200,197,0.985,bpmiddle20|qp50
2.5,50.0,50.0,3.0,5,1.39,0.48,0.8795224189055437,44516,0.3709666666666673,200,193,0.965,bpmiddle60|qp50
2.5,50.0,50.0,3.0,17,1.39,0.48,0.8050666391156084,48395,0.4032916666666652,198,191,0.9646464646464646,bpmiddle60|qp50
2.5,50.0,50.0,3.0,29,1.39,0.48,0.8183839715421365,47790,0.3982499999999999,200,197,0.985,bpmiddle60|qp50
2.5,50.0,50.0,4.0,0,1.39,0.48,1.1521107514252074,34907,0.2908916666666652,200,203,1.015,bpentry15|qp50
2.5,50.0,50.0,4.0,12,1.39,0.48,1.1383649394833817,35858,0.2988166666666689,200,194,0.97,bpentry15|qp50
2.5,50.0,50.0,4.0,24,1.39,0.48,1.1612225959865623,34484,0.2873666666666628,200,200,1.0,bpentry15|qp50
2.5,50.0,50.0,4.0,6,1.39,0.48,1.1766558431974576,33877,0.282308333333332,200,191,0.955,bpentry20|qp50
2.5,50.0,50.0,4.0,18,1.39,0.48,1.1357523949473127,35387,0.2948916666666652,200,202,1.01,bpentry20|qp50
2.5,50.0,50.0,4.0,0,1.39,0.48,1.1503711522551812,35053,0.2921083333333303,200,204,1.02,bpentry30|qp50
2.5,50.0,50.0,4.0,12,1.39,0.48,1.173511796733093,34162,0.2846833333333273,200,196,0.98,bpentry30|qp50
2.5,50.0,50.0,4.0,24,1.39,0.48,1.1809653553600847,33656,0.2804666666666636,200,200,1.0,bpentry30|qp50
2.5,50.0,50.0,4.0,6,1.39,0.48,1.1600832316057026,27033,0.2252750000000003,83,116,1.3975903614457832,bpentry45|qp50
2.5,50.0,50.0,4.0,18,1.39,0.48,1.176425042781979,30971,0.2580916666666631,124,165,1.3306451612903225,bpentry45|qp50
2.5,50.0,50.0,4.0,0,1.39,0.48,0.6702984729292292,30254,0.252116666666663,0,0,1.0,bpentry90|qp50
2.5,50.0,50.0,4.0,12,1.39,0.48,0.6667261246012928,30722,0.256016666666664,0,0,1.0,bpentry90|qp50
2.5,50.0,50.0,4.0,24,1.39,0.48,0.6708792411529146,30151,0.2512583333333315,0,0,1.0,bpentry90|qp50
2.5,50.0,50.0,4.0,6,1.39,0.48,1.0015191300643167,39911,0.3325916666666673,200,193,0.965,bpexit15|qp50
2.5,50.0,50.0,4.0,18,1.39,0.48,1.0835403173575688,37056,0.3087999999999987,200,206,1.03,bpexit15|qp50
2.5,50.0,50.0,4.0,0,1.39,0.48,0.9344026329449124,42386,0.3532166666666659,200,191,0.955,bpexit30|qp50
2.5,50.0,50.0,4.0,12,1.39,0.48,1.080719662099963,36934,0.3077833333333336,200,198,0.99,bpexit30|qp50
2.5,50.0,50.0,4.0,24,1.39,0.48,1.0830130826945306,36919,0.3076583333333355,200,196,0.98,bpexit30|qp50
2.5,50.0,50.0,4.0,6,1.39,0.48,1.0619446217683013,37596,0.3133000000000029,200,195,0.975,bpexit45|qp50
2.5,50.0,50.0,4.0,18,1.39,0.48,0.8881530683708158,45692,0.3807666666666631,200,199,0.995,bpexit45|qp50
2.5,50.0,50.0,4.0,0,1.39,0.48,0.9069017540669776,44012,0.3667666666666683,200,193,0.965,bpexit60|qp50
2.5,50.0,50.0,4.0,12,1.39,0.48,0.8909643249052196,44653,0.3721083333333316,200,191,0.955,bpexit60|qp50
2.5,50.0,50.0,4.0,24,1.39,0.48,1.0440275121184002,38165,0.3180416666666669,200,196,0.98,bpexit60|qp50
2.5,50.0,50.0,4.0,6,1.39,0.48,1.1439926094372048,35180,0.2931666666666635,200,197,0.985,bpmiddle0|qp50
2.5,50.0,50.0,4.0,18,1.39,0.48,1.1852697461213844,34032,0.2835999999999958,200,201,1.005,bpmiddle0|qp50
2.5,50.0,50.0,4.0,1,1.39,0.48,1.1278424878610216,35629,0.2969083333333323,200,194,0.97,bpentry15|qp50
2.5,50.0,50.0,4.0,13,1.39,0.48,1.1310795279343366,35673,0.2972749999999999,200,197,0.985,bpentry15|qp50
2.5,50.0,50.0,4.0,25,1.39,0.48,1.0993621354478578,36826,0.3068833333333299,200,199,0.995,bpentry15|qp50
2.5,50.0,50.0,4.0,7,1.39,0.48,1.1508006315486257,34835,0.2902916666666598,200,194,0.97,bpentry20|qp50
2.5,50.0,50.0,4.0,19,1.39,0.48,1.163947659847328,34314,0.2859499999999986,200,196,0.98,bpentry20|qp50
2.5,50.0,50.0,4.0,1,1.39,0.48,1.146572831610804,35026,0.2918833333333261,200,199,0.995,bpentry30|qp50
2.5,50.0,50.0,4.0,13,1.39,0.48,1.1185021003759557,36184,0.3015333333333311,200,199,0.995,bpentry30|qp50
2.5,50.0,50.0,4.0,25,1.39,0.48,1.0945440774703217,36969,0.3080749999999976,200,201,1.005,bpentry30|qp50
2.5,50.0,50.0,4.0,7,1.39,0.48,1.1413296477828494,35092,0.2924333333333308,200,197,0.985,bpentry45|qp50
2.5,50.0,50.0,4.0,19,1.39,0.48,1.1779865073704778,33648,0.2803999999999979,199,197,0.9899497487437184,bpentry45|qp50
2.5,50.0,50.0,4.0,1,1.39,0.48,0.6678348462090572,30626,0.2552166666666661,0,0,1.0,bpentry90|qp50
2.5,50.0,50.0,4.0,13,1.39,0.48,0.6691727049125482,30086,0.2507166666666637,0,0,1.0,bpentry90|qp50
2.5,50.0,50.0,4.0,25,1.39,0.48,0.6458707998857768,31517,0.2626416666666651,0,0,1.0,bpentry90|qp50
2.5,50.0,50.0,4.0,7,1.39,0.48,1.0142871932127946,39604,0.33003333333333,200,192,0.96,bpexit15|qp50
2.5,50.0,50.0,4.0,19,1.39,0.48,1.1390388385373476,35197,0.293308333333332,200,195,0.975,bpexit15|qp50
2.5,50.0,50.0,4.0,1,1.39,0.48,0.9614254645169912,42302,0.3525166666666685,200,194,0.97,bpexit30|qp50
2.5,50.0,50.0,4.0,13,1.39,0.48,0.9404798478016696,42576,0.3548000000000014,200,192,0.96,bpexit30|qp50
2.5,50.0,50.0,4.0,25,1.39,0.48,0.8781349478008077,46744,0.3895333333333312,200,193,0.965,bpexit30|qp50
2.5,50.0,50.0,4.0,7,1.39,0.48,0.9976221368330196,40078,0.3339833333333331,200,192,0.96,bpexit45|qp50
2.5,50.0,50.0,4.0,19,1.39,0.48,1.0859336642845596,36662,0.3055166666666632,200,197,0.985,bpexit45|qp50
2.5,50.0,50.0,4.0,1,1.39,0.48,0.979421048785816,41057,0.3421416666666677,200,197,0.985,bpexit60|qp50
2.5,50.0,50.0,4.0,13,1.39,0.48,0.9820703564269754,40906,0.3408833333333344,200,195,0.975,bpexit60|qp50
2.5,50.0,50.0,4.0,25,1.39,0.48,0.9232215655529986,41455,0.3454583333333323,168,186,1.1071428571428572,bpexit60|qp50
2.5,50.0,50.0,4.0,7,1.39,0.48,1.1374713694130332,35015,0.2917916666666619,200,201,1.005,bpmiddle0|qp50
2.5,50.0,50.0,4.0,19,1.39,0.48,1.1967995783767047,33205,0.2767083333333284,200,203,1.015,bpmiddle0|qp50
2.5,50.0,50.0,4.0,2,1.39,0.48,1.112935779816551,35970,0.2997499999999948,200,196,0.98,bpentry15|qp50
2.5,50.0,50.0,4.0,14,1.39,0.48,1.1487211644865498,35243,0.2936916666666645,200,203,1.015,bpentry15|qp50
2.5,50.0,50.0,4.0,26,1.39,0.48,1.1724593894011108,34720,0.2893333333333304,200,195,0.975,bpentry15|qp50
2.5,50.0,50.0,4.0,8,1.39,0.48,1.1191350741003252,35425,0.2952083333333269,200,196,0.98,bpentry20|qp50
2.5,50.0,50.0,4.0,20,1.39,0.48,1.1530564479118883,34864,0.2905333333333311,200,199,0.995,bpentry20|qp50
2.5,50.0,50.0,4.0,2,1.39,0.48,1.1232182574493017,35339,0.2944916666666612,200,198,0.99,bpentry30|qp50
2.5,50.0,50.0,4.0,14,1.39,0.48,1.1356588369694358,35889,0.2990749999999973,200,194,0.97,bpentry30|qp50
2.5,50.0,50.0,4.0,26,1.39,0.48,1.1669657470190495,34216,0.28513333333333,200,196,0.98,bpentry30|qp50
2.5,50.0,50.0,4.0,8,1.39,0.48,1.1175471645064363,35567,0.2963916666666623,199,192,0.964824120603015,bpentry45|qp50
2.5,50.0,50.0,4.0,20,1.39,0.48,1.168967076281084,34504,0.2875333333333301,200,198,0.99,bpentry45|qp50
2.5,50.0,50.0,4.0,2,1.39,0.48,0.6692112330493386,30161,0.2513416666666626,0,0,1.0,bpentry90|qp50
2.5,50.0,50.0,4.0,14,1.39,0.48,0.6737464788732542,30530,0.2544166666666652,0,0,1.0,bpentry90|qp50
2.5,50.0,50.0,4.0,26,1.39,0.48,0.672730825274873,30196,0.2516333333333307,0,0,1.0,bpentry90|qp50
2.5,50.0,50.0,4.0,8,1.39,0.48,0.9858940565846094,39304,0.3275333333333319,200,192,0.96,bpexit15|qp50
2.5,50.0,50.0,4.0,20,1.39,0.48,0.9742061573769162,40959,0.3413250000000009,200,199,0.995,bpexit15|qp50
2.5,50.0,50.0,4.0,2,1.39,0.48,0.9476866050082996,41411,0.3450916666666632,200,195,0.975,bpexit30|qp50
2.5,50.0,50.0,4.0,14,1.39,0.48,0.9592906582652602,41898,0.3491499999999986,200,195,0.975,bpexit30|qp50
2.5,50.0,50.0,4.0,26,1.39,0.48,0.978742538313618,41043,0.3420249999999987,200,193,0.965,bpexit30|qp50
2.5,50.0,50.0,4.0,8,1.39,0.48,1.1225736191964748,35215,0.293458333333329,200,198,0.99,bpexit45|qp50
2.5,50.0,50.0,4.0,20,1.39,0.48,1.0537295861225564,38393,0.3199416666666673,200,200,1.0,bpexit45|qp50
2.5,50.0,50.0,4.0,2,1.39,0.48,0.6195008556759629,38566,0.3213833333333279,12,40,3.333333333333333,bpexit60|qp50
2.5,50.0,50.0,4.0,14,1.39,0.48,0.993958235859016,40609,0.3384083333333355,200,193,0.965,bpexit60|qp50
2.5,50.0,50.0,4.0,26,1.39,0.48,1.007860272943757,39935,0.3327916666666696,200,195,0.975,bpexit60|qp50
2.5,50.0,50.0,4.0,8,1.39,0.48,1.1497135289206433,34733,0.2894416666666597,200,200,1.0,bpmiddle0|qp50
2.5,50.0,50.0,4.0,20,1.39,0.48,1.1750864809684558,34285,0.28570833333333,200,196,0.98,bpmiddle0|qp50
2.5,50.0,50.0,4.0,3,1.39,0.48,1.1920363539001582,33614,0.2801166666666659,200,197,0.985,bpentry15|qp50
2.5,50.0,50.0,4.0,15,1.39,0.48,1.105278667871796,36513,0.3042749999999959,200,201,1.005,bpentry15|qp50
2.5,50.0,50.0,4.0,27,1.39,0.48,1.1319177734541197,35463,0.2955250000000031,200,205,1.025,bpentry15|qp50
2.5,50.0,50.0,4.0,9,1.39,0.48,1.112474149223873,35879,0.2989916666666602,200,198,0.99,bpentry20|qp50
2.5,50.0,50.0,4.0,21,1.39,0.48,1.1212346713594978,35799,0.2983249999999969,200,196,0.98,bpentry20|qp50
2.5,50.0,50.0,4.0,3,1.39,0.48,1.1693204421501118,34287,0.285725,200,201,1.005,bpentry30|qp50
2.5,50.0,50.0,4.0,15,1.39,0.48,1.1721495709031802,34258,0.2854833333333319,200,200,1.0,bpentry30|qp50
2.5,50.0,50.0,4.0,27,1.39,0.48,1.1967380491437796,33575,0.2797916666666622,200,208,1.04,bpentry30|qp50
2.5,50.0,50.0,4.0,9,1.39,0.48,1.111524891679333,22618,0.1884833333333369,15,45,3.0,bpentry45|qp50
2.5,50.0,50.0,4.0,21,1.39,0.48,1.119937709497116,35800,0.2983333333333255,200,197,0.985,bpentry45|qp50
2.5,50.0,50.0,4.0,3,1.39,0.48,0.6674373056309731,30226,0.2518833333333319,0,0,1.0,bpentry90|qp50
2.5,50.0,50.0,4.0,15,1.39,0.48,0.6788356510320356,29699,0.2474916666666644,0,0,1.0,bpentry90|qp50
2.5,50.0,50.0,4.0,27,1.39,0.48,0.6512079359510542,31351,0.261258333333331,0,0,1.0,bpentry90|qp50
2.5,50.0,50.0,4.0,9,1.39,0.48,1.081986466246152,37388,0.3115666666666614,200,196,0.98,bpexit15|qp50
2.5,50.0,50.0,4.0,21,1.39,0.48,1.0832263396426758,37510,0.312583333333333,200,202,1.01,bpexit15|qp50
2.5,50.0,50.0,4.0,3,1.39,0.48,1.0174735560460395,39423,0.3285249999999953,200,196,0.98,bpexit30|qp50
2.5,50.0,50.0,4.0,15,1.39,0.48,1.116344535473505,35886,0.2990499999999969,200,195,0.975,bpexit30|qp50
2.5,50.0,50.0,4.0,27,1.39,0.48,0.8577400412976036,46492,0.3874333333333341,200,199,0.995,bpexit30|qp50
2.5,50.0,50.0,4.0,9,1.39,0.48,1.0353890467974538,39404,0.3283666666666683,200,198,0.99,bpexit45|qp50
2.5,50.0,50.0,4.0,21,1.39,0.48,1.0890069436790335,36292,0.3024333333333333,200,196,0.98,bpexit45|qp50
2.5,50.0,50.0,4.0,3,1.39,0.48,0.9525226268403278,42317,0.3526416666666656,200,197,0.985,bpexit60|qp50
2.5,50.0,50.0,4.0,15,1.39,0.48,1.0412590780123574,38417,0.3201416666666668,200,195,0.975,bpexit60|qp50
2.5,50.0,50.0,4.0,27,1.39,0.48,0.8806892608151857,45469,0.3789083333333325,200,197,0.985,bpexit60|qp50
2.5,50.0,50.0,4.0,9,1.39,0.48,1.1498897960362915,34663,0.2888583333333288,200,194,0.97,bpmiddle0|qp50
2.5,50.0,50.0,4.0,21,1.39,0.48,1.1647883889693975,34450,0.2870833333333277,200,197,0.985,bpmiddle0|qp50
2.5,50.0,50.0,4.0,4,1.39,0.48,1.1085812092715868,36369,0.3030749999999994,200,195,0.975,bpentry15|qp50
2.5,50.0,50.0,4.0,16,1.39,0.48,1.1358765924013732,35638,0.2969833333333306,200,194,0.97,bpentry15|qp50
2.5,50.0,50.0,4.0,28,1.39,0.48,1.1327371135481474,35289,0.2940749999999991,200,200,1.0,bpentry15|qp50
2.5,50.0,50.0,4.0,10,1.39,0.48,1.1520392379870097,35170,0.2930833333333299,200,200,1.0,bpentry20|qp50
2.5,50.0,50.0,4.0,22,1.39,0.48,1.14887588824533,35041,0.2920083333333304,200,196,0.98,bpentry20|qp50
2.5,50.0,50.0,4.0,4,1.39,0.48,1.1466765434912631,35099,0.2924916666666657,200,199,0.995,bpentry30|qp50
2.5,50.0,50.0,4.0,16,1.39,0.48,1.164417519348389,34499,0.2874916666666612,200,194,0.97,bpentry30|qp50
2.5,50.0,50.0,4.0,28,1.39,0.48,1.1336593705333302,35681,0.2973416666666665,200,197,0.985,bpentry30|qp50
2.5,50.0,50.0,4.0,10,1.39,0.48,1.1454005466482662,35489,0.2957416666666676,200,199,0.995,bpentry45|qp50
2.5,50.0,50.0,4.0,22,1.39,0.48,1.1939702556158884,32275,0.2689583333333335,152,176,1.1578947368421053,bpentry45|qp50
2.5,50.0,50.0,4.0,4,1.39,0.48,0.6354550302725761,31877,0.2656416666666648,0,0,1.0,bpentry90|qp50
2.5,50.0,50.0,4.0,16,1.39,0.48,0.6660135112868854,30345,0.2528749999999973,0,0,1.0,bpentry90|qp50
2.5,50.0,50.0,4.0,28,1.39,0.48,0.6486906059634728,31190,0.259916666666664,0,0,1.0,bpentry90|qp50
2.5,50.0,50.0,4.0,10,1.39,0.48,1.0096623066593933,40214,0.3351166666666692,200,196,0.98,bpexit15|qp50
2.5,50.0,50.0,4.0,22,1.39,0.48,1.0826371330910194,36862,0.3071833333333304,200,197,0.985,bpexit15|qp50
2.5,50.0,50.0,4.0,4,1.39,0.48,0.9962275805611126,40311,0.3359249999999998,200,192,0.96,bpexit30|qp50
2.5,50.0,50.0,4.0,16,1.39,0.48,1.0223922386389743,39323,0.3276916666666691,200,194,0.97,bpexit30|qp50
2.5,50.0,50.0,4.0,28,1.39,0.48,0.9390126534197696,42123,0.3510250000000002,200,188,0.94,bpexit30|qp50
2.5,50.0,50.0,4.0,10,1.39,0.48,1.0620600925707842,38241,0.3186750000000005,200,197,0.985,bpexit45|qp50
2.5,50.0,50.0,4.0,22,1.39,0.48,1.0830615640600274,37262,0.3105166666666631,200,195,0.975,bpexit45|qp50
2.5,50.0,50.0,4.0,4,1.39,0.48,1.0577565939989235,38027,0.3168916666666664,200,195,0.975,bpexit60|qp50
2.5,50.0,50.0,4.0,16,1.39,0.48,0.9983214196138128,31896,0.2657999999999986,82,118,1.4390243902439024,bpexit60|qp50
2.5,50.0,50.0,4.0,28,1.39,0.48,0.9000812570146025,44550,0.3712499999999956,199,188,0.9447236180904522,bpexit60|qp50
2.5,50.0,50.0,4.0,10,1.39,0.48,1.1316427582386894,36110,0.3009166666666626,200,203,1.015,bpmiddle0|qp50
2.5,50.0,50.0,4.0,22,1.39,0.48,1.165424800580287,34475,0.2872916666666645,200,196,0.98,bpmiddle0|qp50
2.5,50.0,50.0,4.0,5,1.39,0.48,1.121027789414795,35805,0.2983749999999982,200,201,1.005,bpentry15|qp50
2.5,50.0,50.0,4.0,17,1.39,0.48,1.1439113680153687,35292,0.2940999999999981,200,196,0.98,bpentry15|qp50
2.5,50.0,50.0,4.0,29,1.39,0.48,1.1232650761907592,35503,0.2958583333333369,200,198,0.99,bpentry15|qp50
2.5,50.0,50.0,4.0,11,1.39,0.48,1.1406416659612582,35439,0.2953249999999952,200,202,1.01,bpentry20|qp50
2.5,50.0,50.0,4.0,23,1.39,0.48,1.1329796271973531,35783,0.2981916666666626,200,199,0.995,bpentry20|qp50
2.5,50.0,50.0,4.0,5,1.39,0.48,1.1400691284060218,34718,0.2893166666666645,200,199,0.995,bpentry30|qp50
2.5,50.0,50.0,4.0,17,1.39,0.48,1.0895355894545544,36907,0.3075583333333304,200,194,0.97,bpentry30|qp50
2.5,50.0,50.0,4.0,29,1.39,0.48,1.1431819616167214,34859,0.2904916666666684,200,201,1.005,bpentry30|qp50
2.5,50.0,50.0,4.0,11,1.39,0.48,1.1535458327356722,34855,0.2904583333333281,200,201,1.005,bpentry45|qp50
2.5,50.0,50.0,4.0,23,1.39,0.48,1.1310881956978205,34911,0.2909249999999989,200,192,0.96,bpentry45|qp50
2.5,50.0,50.0,4.0,5,1.39,0.48,0.6617654044069219,30316,0.252633333333331,0,0,1.0,bpentry90|qp50
2.5,50.0,50.0,4.0,17,1.39,0.48,0.6554627575786708,31107,0.2592249999999987,0,0,1.0,bpentry90|qp50
2.5,50.0,50.0,4.0,29,1.39,0.48,0.6724898013776631,29906,0.2492166666666646,0,0,1.0,bpentry90|qp50
2.5,50.0,50.0,4.0,11,1.39,0.48,1.105612565445086,37245,0.3103749999999999,200,199,0.995,bpexit15|qp50
2.5,50.0,50.0,4.0,23,1.39,0.48,0.930991910764969,43391,0.3615916666666667,200,203,1.015,bpexit15|qp50
2.5,50.0,50.0,4.0,5,1.39,0.48,1.0321043771044014,38610,0.3217500000000017,200,193,0.965,bpexit30|qp50
2.5,50.0,50.0,4.0,17,1.39,0.48,0.997343039126544,40663,0.338858333333333,200,193,0.965,bpexit30|qp50
2.5,50.0,50.0,4.0,29,1.39,0.48,0.992024747186124,40247,0.3353916666666657,200,194,0.97,bpexit30|qp50
2.5,50.0,50.0,4.0,11,1.39,0.48,1.1134184131126943,36789,0.306574999999995,200,200,1.0,bpexit45|qp50
2.5,50.0,50.0,4.0,23,1.39,0.48,1.0366745059946023,39119,0.3259916666666665,200,197,0.985,bpexit45|qp50
2.5,50.0,50.0,4.0,5,1.39,0.48,0.9148812460034632,43788,0.3648999999999988,200,190,0.95,bpexit60|qp50
2.5,50.0,50.0,4.0,17,1.39,0.48,0.8003392594680497,49667,0.4138916666666745,200,189,0.945,bpexit60|qp50
2.5,50.0,50.0,4.0,29,1.39,0.48,1.004110548109404,36708,0.3058999999999949,134,167,1.2462686567164178,bpexit60|qp50
2.5,50.0,50.0,4.0,11,1.39,0.48,1.184206874246596,34011,0.2834249999999944,200,203,1.015,bpmiddle0|qp50
2.5,50.0,50.0,4.0,23,1.39,0.48,1.1357292931575798,35411,0.2950916666666631,200,202,1.01,bpmiddle0|qp50
2.5,50.0,50.0,4.0,6,1.39,0.48,1.1511271350539782,34601,0.2883416666666619,200,194,0.97,bpentry15|qp50
2.5,50.0,50.0,4.0,18,1.39,0.48,1.1225808772658377,36135,0.3011249999999991,200,205,1.025,bpentry15|qp50
2.5,50.0,50.0,4.0,0,1.39,0.48,1.1339743985629034,35623,0.2968583333333336,200,205,1.025,bpentry20|qp50
2.5,50.0,50.0,4.0,12,1.39,0.48,1.1546120763804124,34878,0.2906499999999972,200,196,0.98,bpentry20|qp50
2.5,50.0,50.0,4.0,24,1.39,0.48,1.1644074722708784,34260,0.2854999999999968,200,202,1.01,bpentry20|qp50
2.5,50.0,50.0,4.0,6,1.39,0.48,1.179905121646456,33622,0.2801833333333284,200,193,0.965,bpentry30|qp50
2.5,50.0,50.0,4.0,18,1.39,0.48,1.11753735687961,36071,0.300591666666662,200,201,1.005,bpentry30|qp50
2.5,50.0,50.0,4.0,0,1.39,0.48,1.133674775475606,28282,0.2356833333333362,85,129,1.5176470588235291,bpentry45|qp50
2.5,50.0,50.0,4.0,12,1.39,0.48,1.1550270474637012,34384,0.2865333333333298,199,189,0.949748743718593,bpentry45|qp50
2.5,50.0,50.0,4.0,24,1.39,0.48,1.1674555919130174,34228,0.285233333333328,200,196,0.98,bpentry45|qp50
2.5,50.0,50.0,4.0,6,1.39,0.48,0.6679652351738031,30318,0.2526499999999995,0,0,1.0,bpentry90|qp50
2.5,50.0,50.0,4.0,18,1.39,0.48,0.6578918079461602,30908,0.2575666666666662,0,0,1.0,bpentry90|qp50
2.5,50.0,50.0,4.0,0,1.39,0.48,1.0875671109938616,37885,0.3157083333333325,200,202,1.01,bpexit15|qp50
2.5,50.0,50.0,4.0,12,1.39,0.48,1.0023109054526889,39980,0.3331666666666702,200,197,0.985,bpexit15|qp50
2.5,50.0,50.0,4.0,24,1.39,0.48,1.1286204371338615,35504,0.2958666666666662,200,200,1.0,bpexit15|qp50
2.5,50.0,50.0,4.0,6,1.39,0.48,0.9926318679948928,40059,0.3338250000000001,200,193,0.965,bpexit30|qp50
2.5,50.0,50.0,4.0,18,1.39,0.48,0.950365893575307,42772,0.3564333333333343,200,201,1.005,bpexit30|qp50
2.5,50.0,50.0,4.0,0,1.39,0.48,0.9734539202866964,41298,0.3441500000000019,200,198,0.99,bpexit45|qp50
2.5,50.0,50.0,4.0,12,1.39,0.48,1.0420734147341624,38984,0.3248666666666659,200,199,0.995,bpexit45|qp50
2.5,50.0,50.0,4.0,24,1.39,0.48,1.0817704530814023,37256,0.3104666666666659,200,201,1.005,bpexit45|qp50
2.5,50.0,50.0,4.0,6,1.39,0.48,0.934891390666564,42814,0.3567833333333334,200,196,0.98,bpexit60|qp50
2.5,50.0,50.0,4.0,18,1.39,0.48,0.8545799682034738,47175,0.3931250000000014,200,198,0.99,bpexit60|qp50
2.5,50.0,50.0,4.0,0,1.39,0.48,1.1499346629986211,34896,0.2907999999999969,200,203,1.015,bpmiddle0|qp50
2.5,50.0,50.0,4.0,12,1.39,0.48,1.1949188058117053,33931,0.2827583333333288,200,203,1.015,bpmiddle0|qp50
2.5,50.0,50.0,4.0,24,1.39,0.48,1.197794495961673,33430,0.2785833333333281,200,201,1.005,bpmiddle0|qp50
2.5,50.0,50.0,4.0,7,1.39,0.48,1.1310239700798042,35294,0.2941166666666615,200,197,0.985,bpentry15|qp50
2.5,50.0,50.0,4.0,19,1.39,0.48,1.1647833396133358,34501,0.2875083333333322,200,203,1.015,bpentry15|qp50
2.5,50.0,50.0,4.0,1,1.39,0.48,1.158504114335123,34635,0.2886249999999967,200,197,0.985,bpentry20|qp50
2.5,50.0,50.0,4.0,13,1.39,0.48,1.1202473284125531,36308,0.3025666666666648,200,196,0.98,bpentry20|qp50
2.5,50.0,50.0,4.0,25,1.39,0.48,1.1085730149917474,36020,0.300166666666661,200,202,1.01,bpentry20|qp50
2.5,50.0,50.0,4.0,7,1.39,0.48,1.1265390660079542,35632,0.2969333333333307,200,193,0.965,bpentry30|qp50
2.5,50.0,50.0,4.0,19,1.39,0.48,1.190097229701418,33426,0.2785499999999991,200,199,0.995,bpentry30|qp50
2.5,50.0,50.0,4.0,1,1.39,0.48,1.1599895905620572,34584,0.2881999999999944,200,196,0.98,bpentry45|qp50
2.5,50.0,50.0,4.0,13,1.39,0.48,1.1431274024418008,32519,0.2709916666666666,138,171,1.2391304347826086,bpentry45|qp50
2.5,50.0,50.0,4.0,25,1.39,0.48,1.1310169491525517,32981,0.2748416666666636,135,171,1.2666666666666666,bpentry45|qp50
2.5,50.0,50.0,4.0,7,1.39,0.48,0.6748217579396428,29819,0.2484916666666662,0,0,1.0,bpentry90|qp50
2.5,50.0,50.0,4.0,19,1.39,0.48,0.6718599357257996,29872,0.2489333333333301,0,0,1.0,bpentry90|qp50
2.5,50.0,50.0,4.0,1,1.39,0.48,1.096110824951848,36887,0.307391666666664,200,203,1.015,bpexit15|qp50
2.5,50.0,50.0,4.0,13,1.39,0.48,1.0942345675654648,36757,0.3063083333333337,200,200,1.0,bpexit15|qp50
2.5,50.0,50.0,4.0,25,1.39,0.48,1.0665004827289597,37288,0.310733333333332,200,202,1.01,bpexit15|qp50
2.5,50.0,50.0,4.0,7,1.39,0.48,1.0863782876024537,36919,0.3076583333333318,200,197,0.985,bpexit30|qp50
2.5,50.0,50.0,4.0,19,1.39,0.48,1.0689882219766664,37103,0.3091916666666654,200,199,0.995,bpexit30|qp50
2.5,50.0,50.0,4.0,1,1.39,0.48,1.0942691571655463,37101,0.3091749999999996,200,200,1.0,bpexit45|qp50
2.5,50.0,50.0,4.0,13,1.39,0.48,0.9660854671784628,41162,0.3430166666666664,200,190,0.95,bpexit45|qp50
2.5,50.0,50.0,4.0,25,1.39,0.48,0.9793336726779108,41256,0.3438000000000031,200,197,0.985,bpexit45|qp50
2.5,50.0,50.0,4.0,7,1.39,0.48,0.9614443988509204,41429,0.3452416666666674,200,193,0.965,bpexit60|qp50
2.5,50.0,50.0,4.0,19,1.39,0.48,0.9745843137255172,40800,0.3400000000000003,200,194,0.97,bpexit60|qp50
2.5,50.0,50.0,4.0,1,1.39,0.48,1.1522042702174735,34846,0.2903833333333291,200,200,1.0,bpmiddle0|qp50
2.5,50.0,50.0,4.0,13,1.39,0.48,1.174742448562671,34265,0.2855416666666642,200,198,0.99,bpmiddle0|qp50
2.5,50.0,50.0,4.0,25,1.39,0.48,1.1222952465967464,35848,0.2987333333333288,200,202,1.01,bpmiddle0|qp50
2.5,50.0,50.0,4.0,8,1.39,0.48,1.1025142543860569,36480,0.3039999999999985,200,193,0.965,bpentry15|qp50
2.5,50.0,50.0,4.0,20,1.39,0.48,1.1346098331078758,35472,0.2955999999999988,200,194,0.97,bpentry15|qp50
2.5,50.0,50.0,4.0,2,1.39,0.48,1.1224098035380177,35783,0.2981916666666657,200,197,0.985,bpentry20|qp50
2.5,50.0,50.0,4.0,14,1.39,0.48,1.158743668544774,35142,0.2928499999999974,200,201,1.005,bpentry20|qp50
2.5,50.0,50.0,4.0,26,1.39,0.48,1.1131905687764825,36517,0.3043083333333314,200,193,0.965,bpentry20|qp50
2.5,50.0,50.0,4.0,8,1.39,0.48,1.1184234474623205,35603,0.2966916666666639,200,198,0.99,bpentry30|qp50
2.5,50.0,50.0,4.0,20,1.39,0.48,1.147879955475712,35037,0.2919749999999989,200,200,1.0,bpentry30|qp50
2.5,50.0,50.0,4.0,2,1.39,0.48,1.1414175053549471,34081,0.2840083333333304,199,188,0.9447236180904522,bpentry45|qp50
2.5,50.0,50.0,4.0,14,1.39,0.48,1.1682189992749032,27580,0.2298333333333342,136,148,1.088235294117647,bpentry45|qp50
2.5,50.0,50.0,4.0,26,1.39,0.48,1.1498796356541074,33814,0.2817833333333309,163,174,1.0674846625766872,bpentry45|qp50
2.5,50.0,50.0,4.0,8,1.39,0.48,0.6648756796180927,30164,0.2513666666666663,0,0,1.0,bpentry90|qp50
2.5,50.0,50.0,4.0,20,1.39,0.48,0.6750715071506928,29997,0.2499749999999978,0,0,1.0,bpentry90|qp50
2.5,50.0,50.0,4.0,2,1.39,0.48,1.0549597904387202,38175,0.3181249999999956,200,200,1.0,bpexit15|qp50
2.5,50.0,50.0,4.0,14,1.39,0.48,0.9728513401817848,42345,0.3528750000000034,200,197,0.985,bpexit15|qp50
2.5,50.0,50.0,4.0,26,1.39,0.48,1.106974182917012,36410,0.303416666666668,200,197,0.985,bpexit15|qp50
2.5,50.0,50.0,4.0,8,1.39,0.48,1.044025101087208,38086,0.3173833333333288,200,196,0.98,bpexit30|qp50
2.5,50.0,50.0,4.0,20,1.39,0.48,1.0801742693254115,36610,0.305083333333332,200,204,1.02,bpexit30|qp50
2.5,50.0,50.0,4.0,2,1.39,0.48,1.0085557892602717,39461,0.3288416666666688,200,196,0.98,bpexit45|qp50
2.5,50.0,50.0,4.0,14,1.39,0.48,1.1170137880986426,35828,0.2985666666666653,200,198,0.99,bpexit45|qp50
2.5,50.0,50.0,4.0,26,1.39,0.48,1.0177709425079011,39501,0.3291750000000031,200,193,0.965,bpexit45|qp50
2.5,50.0,50.0,4.0,8,1.39,0.48,0.9346875586855988,42600,0.3550000000000006,200,193,0.965,bpexit60|qp50
2.5,50.0,50.0,4.0,20,1.39,0.48,0.4386081404313078,50587,0.4215583333333323,11,52,4.727272727272728,bpexit60|qp50
2.5,50.0,50.0,4.0,2,1.39,0.48,1.1115313294861189,36563,0.3046916666666616,200,198,0.99,bpmiddle0|qp50
2.5,50.0,50.0,4.0,14,1.39,0.48,1.1661976911976926,34650,0.2887499999999972,200,201,1.005,bpmiddle0|qp50
2.5,50.0,50.0,4.0,26,1.39,0.48,1.174898440915277,34315,0.2859583333333336,200,195,0.975,bpmiddle0|qp50
2.5,50.0,50.0,4.0,9,1.39,0.48,1.130593558239,35363,0.2946916666666643,200,197,0.985,bpentry15|qp50
2.5,50.0,50.0,4.0,21,1.39,0.48,1.094518288567962,37045,0.3087083333333335,200,199,0.995,bpentry15|qp50
2.5,50.0,50.0,4.0,3,1.39,0.48,1.134690011644132,35211,0.2934249999999978,200,199,0.995,bpentry20|qp50
2.5,50.0,50.0,4.0,15,1.39,0.48,1.1519274493002694,35010,0.2917499999999992,200,200,1.0,bpentry20|qp50
2.5,50.0,50.0,4.0,27,1.39,0.48,1.180413880835542,33802,0.28168333333333,200,208,1.04,bpentry20|qp50
2.5,50.0,50.0,4.0,9,1.39,0.48,1.14047320866946,34974,0.2914499999999947,200,197,0.985,bpentry30|qp50
2.5,50.0,50.0,4.0,21,1.39,0.48,1.124673879530215,35677,0.2973083333333308,200,197,0.985,bpentry30|qp50
2.5,50.0,50.0,4.0,3,1.39,0.48,1.167349825378366,34360,0.2863333333333315,200,197,0.985,bpentry45|qp50
2.5,50.0,50.0,4.0,15,1.39,0.48,1.1623447636701152,34528,0.2877333333333317,198,200,1.0101010101010102,bpentry45|qp50
2.5,50.0,50.0,4.0,27,1.39,0.48,1.179657935285133,29205,0.2433750000000002,106,151,1.4245283018867925,bpentry45|qp50
2.5,50.0,50.0,4.0,9,1.39,0.48,0.6601084400313355,30616,0.2551333333333307,0,0,1.0,bpentry90|qp50
2.5,50.0,50.0,4.0,21,1.39,0.48,0.6660533421139255,30370,0.2530833333333298,0,0,1.0,bpentry90|qp50
2.5,50.0,50.0,4.0,3,1.39,0.48,1.0001273080906947,39589,0.3299083333333318,200,205,1.025,bpexit15|qp50
2.5,50.0,50.0,4.0,15,1.39,0.48,1.0907357097774677,36441,0.3036750000000013,200,192,0.96,bpexit15|qp50
2.5,50.0,50.0,4.0,27,1.39,0.48,1.0948857395452087,37327,0.3110583333333335,200,210,1.05,bpexit15|qp50
2.5,50.0,50.0,4.0,9,1.39,0.48,1.087554958216038,37574,0.3131166666666626,200,198,0.99,bpexit30|qp50
2.5,50.0,50.0,4.0,21,1.39,0.48,0.977426910582968,40943,0.3411916666666686,200,193,0.965,bpexit30|qp50
2.5,50.0,50.0,4.0,3,1.39,0.48,1.177580947362283,34158,0.2846499999999997,200,200,1.0,bpexit45|qp50
2.5,50.0,50.0,4.0,15,1.39,0.48,1.0904105148461305,36710,0.3059166666666654,200,196,0.98,bpexit45|qp50
2.5,50.0,50.0,4.0,27,1.39,0.48,0.9521820286842348,42323,0.3526916666666687,200,200,1.0,bpexit45|qp50
2.5,50.0,50.0,4.0,9,1.39,0.48,0.9299767570305366,43454,0.3621166666666623,200,194,0.97,bpexit60|qp50
2.5,50.0,50.0,4.0,21,1.39,0.48,0.9938242518421864,39898,0.3324833333333325,200,194,0.97,bpexit60|qp50
2.5,50.0,50.0,4.0,3,1.39,0.48,1.185132623654653,34006,0.2833833333333307,200,199,0.995,bpmiddle0|qp50
2.5,50.0,50.0,4.0,15,1.39,0.48,1.1666160938320622,34274,0.2856166666666645,200,200,1.0,bpmiddle0|qp50
2.5,50.0,50.0,4.0,27,1.39,0.48,1.189429440964545,33844,0.2820333333333281,200,209,1.045,bpmiddle0|qp50
2.5,50.0,50.0,4.0,10,1.39,0.48,1.1375057891359823,35843,0.2986916666666648,200,201,1.005,bpentry15|qp50
2.5,50.0,50.0,4.0,22,1.39,0.48,1.1224071243992464,35989,0.2999083333333285,200,199,0.995,bpentry15|qp50
2.5,50.0,50.0,4.0,4,1.39,0.48,1.140370716246407,35337,0.2944749999999978,200,196,0.98,bpentry20|qp50
2.5,50.0,50.0,4.0,16,1.39,0.48,1.161970136396249,34825,0.2902083333333317,200,192,0.96,bpentry20|qp50
2.5,50.0,50.0,4.0,28,1.39,0.48,1.1140795107033548,35970,0.2997500000000025,200,199,0.995,bpentry20|qp50
2.5,50.0,50.0,4.0,10,1.39,0.48,1.145041651473958,35653,0.2971083333333327,200,202,1.01,bpentry30|qp50
2.5,50.0,50.0,4.0,22,1.39,0.48,1.1408667290621373,35259,0.2938249999999955,200,194,0.97,bpentry30|qp50
2.5,50.0,50.0,4.0,4,1.39,0.48,1.124548903643353,35846,0.2987166666666674,200,198,0.99,bpentry45|qp50
2.5,50.0,50.0,4.0,16,1.39,0.48,1.1596315095205325,34872,0.2905999999999963,200,195,0.975,bpentry45|qp50
2.5,50.0,50.0,4.0,28,1.39,0.48,1.1677186749563562,30399,0.2533249999999977,144,154,1.0694444444444444,bpentry45|qp50
2.5,50.0,50.0,4.0,10,1.39,0.48,0.6700774535115709,30599,0.2549916666666645,0,0,1.0,bpentry90|qp50
2.5,50.0,50.0,4.0,22,1.39,0.48,0.6743224648519575,30087,0.250724999999998,0,0,1.0,bpentry90|qp50
2.5,50.0,50.0,4.0,4,1.39,0.48,1.0034797399455977,39684,0.3306999999999988,200,189,0.945,bpexit15|qp50
2.5,50.0,50.0,4.0,16,1.39,0.48,1.0598709592984454,38205,0.3183749999999997,200,194,0.97,bpexit15|qp50
2.5,50.0,50.0,4.0,28,1.39,0.48,0.956569103773546,42400,0.3533333333333348,200,202,1.01,bpexit15|qp50
2.5,50.0,50.0,4.0,10,1.39,0.48,1.0093355299286295,40062,0.3338499999999969,200,197,0.985,bpexit30|qp50
2.5,50.0,50.0,4.0,22,1.39,0.48,1.0208340085072054,39496,0.3291333333333346,200,196,0.98,bpexit30|qp50
2.5,50.0,50.0,4.0,4,1.39,0.48,0.9800348806009574,40997,0.3416416666666695,200,188,0.94,bpexit45|qp50
2.5,50.0,50.0,4.0,16,1.39,0.48,1.1085497752439186,36484,0.3040333333333315,200,196,0.98,bpexit45|qp50
2.5,50.0,50.0,4.0,28,1.39,0.48,1.0006344188781915,40809,0.3400750000000029,200,195,0.975,bpexit45|qp50
2.5,50.0,50.0,4.0,10,1.39,0.48,0.6589078539903971,41011,0.3417583333333304,43,81,1.8837209302325584,bpexit60|qp50
2.5,50.0,50.0,4.0,22,1.39,0.48,0.923945738041032,43419,0.3618249999999977,200,192,0.96,bpexit60|qp50
2.5,50.0,50.0,4.0,4,1.39,0.48,1.1882251324308033,33980,0.2831666666666623,200,197,0.985,bpmiddle0|qp50
2.5,50.0,50.0,4.0,16,1.39,0.48,1.1581046351536035,34864,0.2905333333333313,200,198,0.99,bpmiddle0|qp50
2.5,50.0,50.0,4.0,28,1.39,0.48,1.144365601106009,35443,0.2953583333333361,200,198,0.99,bpmiddle0|qp50
2.5,50.0,50.0,4.0,11,1.39,0.48,1.183651474530898,33570,0.2797499999999967,200,200,1.0,bpentry15|qp50
2.5,50.0,50.0,4.0,23,1.39,0.48,1.1008679779872763,36706,0.3058833333333315,200,204,1.02,bpentry15|qp50
2.5,50.0,50.0,4.0,5,1.39,0.48,1.100719279339052,36189,0.3015749999999953,200,199,0.995,bpentry20|qp50
2.5,50.0,50.0,4.0,17,1.39,0.48,1.115923699229798,36094,0.3007833333333313,200,197,0.985,bpentry20|qp50
2.5,50.0,50.0,4.0,29,1.39,0.48,1.1329244937617593,35507,0.2958916666666677,200,202,1.01,bpentry20|qp50
2.5,50.0,50.0,4.0,11,1.39,0.48,1.158351905311832,34640,0.2886666666666646,200,204,1.02,bpentry30|qp50
2.5,50.0,50.0,4.0,23,1.39,0.48,1.0918040481876643,36856,0.3071333333333291,200,199,0.995,bpentry30|qp50
2.5,50.0,50.0,4.0,5,1.39,0.48,1.1596566881637191,31167,0.259725000000001,188,165,0.8776595744680851,bpentry45|qp50
2.5,50.0,50.0,4.0,17,1.39,0.48,1.1258231151267006,35639,0.2969916666666645,200,197,0.985,bpentry45|qp50
2.5,50.0,50.0,4.0,29,1.39,0.48,1.1597597773545527,34135,0.2844583333333342,199,195,0.9798994974874372,bpentry45|qp50
2.5,50.0,50.0,4.0,11,1.39,0.48,0.6585768733850433,30960,0.2579999999999985,0,0,1.0,bpentry90|qp50
2.5,50.0,50.0,4.0,23,1.39,0.48,0.6714741611399355,30458,0.253816666666665,0,0,1.0,bpentry90|qp50
2.5,50.0,50.0,4.0,5,1.39,0.48,1.092487326158287,36887,0.3073916666666627,200,196,0.98,bpexit15|qp50
2.5,50.0,50.0,4.0,17,1.39,0.48,1.067618174675926,38185,0.3182083333333308,200,200,1.0,bpexit15|qp50
2.5,50.0,50.0,4.0,29,1.39,0.48,1.0807685032559753,37007,0.3083916666666646,200,208,1.04,bpexit15|qp50
2.5,50.0,50.0,4.0,11,1.39,0.48,1.0243506477109556,39601,0.3300083333333318,200,197,0.985,bpexit30|qp50
2.5,50.0,50.0,4.0,23,1.39,0.48,1.0245652844944326,38876,0.3239666666666717,200,195,0.975,bpexit30|qp50
2.5,50.0,50.0,4.0,5,1.39,0.48,1.0059737058340374,40161,0.3346749999999993,200,195,0.975,bpexit45|qp50
2.5,50.0,50.0,4.0,17,1.39,0.48,1.1003936486933057,36276,0.3022999999999939,200,198,0.99,bpexit45|qp50
2.5,50.0,50.0,4.0,29,1.39,0.48,1.0247881886743104,39115,0.3259583333333331,200,198,0.99,bpexit45|qp50
2.5,50.0,50.0,4.0,11,1.39,0.48,0.9751127855984024,41273,0.3439416666666641,200,192,0.96,bpexit60|qp50
2.5,50.0,50.0,4.0,23,1.39,0.48,0.9587528940020916,41897,0.3491416666666633,200,192,0.96,bpexit60|qp50
2.5,50.0,50.0,4.0,5,1.39,0.48,1.15016409932172,34796,0.2899666666666635,200,197,0.985,bpmiddle0|qp50
2.5,50.0,50.0,4.0,17,1.39,0.48,1.178879568426248,33737,0.2811416666666641,200,198,0.99,bpmiddle0|qp50
2.5,50.0,50.0,4.0,29,1.39,0.48,1.1369973205632475,35082,0.2923499999999998,200,202,1.01,bpmiddle0|qp50
2.5,50.0,50.0,5.0,0,1.39,0.48,1.126269594219058,35980,0.2998333333333327,200,201,1.005,bpentry15|qp50
2.5,50.0,50.0,5.0,12,1.39,0.48,1.1632422591742009,34880,0.2906666666666625,200,197,0.985,bpentry15|qp50
2.5,50.0,50.0,5.0,24,1.39,0.48,1.1663280524605222,34464,0.2871999999999948,200,198,0.99,bpentry15|qp50
2.5,50.0,50.0,5.0,6,1.39,0.48,1.1403737390910007,35292,0.2940999999999993,200,195,0.975,bpentry20|qp50
2.5,50.0,50.0,5.0,18,1.39,0.48,1.093570199164039,36603,0.3050249999999975,200,205,1.025,bpentry20|qp50
2.5,50.0,50.0,5.0,0,1.39,0.48,1.13954320849006,35618,0.2968166666666665,200,203,1.015,bpentry30|qp50
2.5,50.0,50.0,5.0,12,1.39,0.48,1.1546354883079937,34896,0.2907999999999943,200,195,0.975,bpentry30|qp50
2.5,50.0,50.0,5.0,24,1.39,0.48,1.1242128534414624,35508,0.2958999999999969,200,198,0.99,bpentry30|qp50
2.5,50.0,50.0,5.0,6,1.39,0.48,1.1780046204425056,33763,0.2813583333333357,200,191,0.955,bpentry45|qp50
2.5,50.0,50.0,5.0,18,1.39,0.48,1.1534678493795267,28522,0.2376833333333327,98,143,1.4591836734693877,bpentry45|qp50
2.5,50.0,50.0,5.0,0,1.39,0.48,0.674276144771045,30006,0.250049999999997,0,0,1.0,bpentry90|qp50
2.5,50.0,50.0,5.0,12,1.39,0.48,0.6682631869739448,30769,0.2564083333333311,0,0,1.0,bpentry90|qp50
2.5,50.0,50.0,5.0,24,1.39,0.48,0.677903670341563,29752,0.2479333333333312,0,0,1.0,bpentry90|qp50
2.5,50.0,50.0,5.0,6,1.39,0.48,1.142268328363317,35546,0.2962166666666652,200,200,1.0,bpmiddle0|qp50
2.5,50.0,50.0,5.0,18,1.39,0.48,1.15194875485827,34735,0.2894583333333301,200,209,1.045,bpmiddle0|qp50
2.5,50.0,50.0,5.0,1,1.39,0.48,1.1422553712885095,35094,0.2924499999999945,200,198,0.99,bpentry15|qp50
2.5,50.0,50.0,5.0,13,1.39,0.48,1.102501827831909,36929,0.3077416666666658,200,196,0.98,bpentry15|qp50
2.5,50.0,50.0,5.0,25,1.39,0.48,1.0782102758768386,37408,0.3117333333333301,200,206,1.03,bpentry15|qp50
2.5,50.0,50.0,5.0,7,1.39,0.48,1.1089646330926546,35881,0.29900833333333,200,193,0.965,bpentry20|qp50
2.5,50.0,50.0,5.0,19,1.39,0.48,1.161018287492285,34067,0.2838916666666649,200,201,1.005,bpentry20|qp50
2.5,50.0,50.0,5.0,1,1.39,0.48,1.125747881770549,35761,0.2980083333333295,200,201,1.005,bpentry30|qp50
2.5,50.0,50.0,5.0,13,1.39,0.48,1.1396036654562485,35248,0.2937333333333305,200,194,0.97,bpentry30|qp50
2.5,50.0,50.0,5.0,25,1.39,0.48,1.1054764873777505,36087,0.3007249999999949,200,202,1.01,bpentry30|qp50
2.5,50.0,50.0,5.0,7,1.39,0.48,1.1665670267398978,28235,0.2352916666666663,112,142,1.2678571428571428,bpentry45|qp50
2.5,50.0,50.0,5.0,19,1.39,0.48,1.1909581603322612,28179,0.2348249999999989,105,144,1.3714285714285714,bpentry45|qp50
2.5,50.0,50.0,5.0,1,1.39,0.48,0.6648817119858388,30561,0.2546749999999997,0,0,1.0,bpentry90|qp50
2.5,50.0,50.0,5.0,13,1.39,0.48,0.6712999900764197,30231,0.2519249999999967,0,0,1.0,bpentry90|qp50
2.5,50.0,50.0,5.0,25,1.39,0.48,0.6474532799389937,31464,0.2621999999999992,0,0,1.0,bpentry90|qp50
2.5,50.0,50.0,5.0,7,1.39,0.48,1.1078267969332432,36131,0.301091666666665,200,197,0.985,bpmiddle0|qp50
2.5,50.0,50.0,5.0,19,1.39,0.48,1.194872919276876,33522,0.2793499999999975,200,203,1.015,bpmiddle0|qp50
2.5,50.0,50.0,5.0,2,1.39,0.48,1.118183884819372,35631,0.2969249999999982,200,197,0.985,bpentry15|qp50
2.5,50.0,50.0,5.0,14,1.39,0.48,1.1244629378749138,36169,0.3014083333333309,200,201,1.005,bpentry15|qp50
2.5,50.0,50.0,5.0,26,1.39,0.48,1.1221756119346122,35829,0.2985749999999997,200,192,0.96,bpentry15|qp50
2.5,50.0,50.0,5.0,8,1.39,0.48,1.0552628373189783,37761,0.3146749999999979,200,196,0.98,bpentry20|qp50
2.5,50.0,50.0,5.0,20,1.39,0.48,1.1288625645950203,35413,0.2951083333333317,200,203,1.015,bpentry20|qp50
2.5,50.0,50.0,5.0,2,1.39,0.48,1.1326691088772072,35214,0.2934499999999983,200,194,0.97,bpentry30|qp50
2.5,50.0,50.0,5.0,14,1.39,0.48,1.130542814946882,35887,0.2990583333333319,200,197,0.985,bpentry30|qp50
2.5,50.0,50.0,5.0,26,1.39,0.48,1.114054623596382,36065,0.3005416666666659,200,196,0.98,bpentry30|qp50
2.5,50.0,50.0,5.0,8,1.39,0.48,1.1606395719650395,28222,0.2351833333333346,104,141,1.3557692307692308,bpentry45|qp50
2.5,50.0,50.0,5.0,20,1.39,0.48,1.140645845651011,28753,0.2396083333333304,86,125,1.4534883720930232,bpentry45|qp50
2.5,50.0,50.0,5.0,2,1.39,0.48,0.6761915092450931,29962,0.2496833333333292,0,0,1.0,bpentry90|qp50
2.5,50.0,50.0,5.0,14,1.39,0.48,0.6715418994413787,30430,0.2535833333333327,0,0,1.0,bpentry90|qp50
2.5,50.0,50.0,5.0,26,1.39,0.48,0.6771030380001014,29921,0.2493416666666645,0,0,1.0,bpentry90|qp50
2.5,50.0,50.0,5.0,8,1.39,0.48,1.1278613619583224,35214,0.2934499999999954,200,201,1.005,bpmiddle0|qp50
2.5,50.0,50.0,5.0,20,1.39,0.48,1.0796334033615138,38080,0.3173333333333287,200,198,0.99,bpmiddle0|qp50
2.5,50.0,50.0,5.0,3,1.39,0.48,1.1632948060601112,34521,0.2876749999999974,200,204,1.02,bpentry15|qp50
2.5,50.0,50.0,5.0,15,1.39,0.48,1.1058651374879631,36185,0.3015416666666639,200,197,0.985,bpentry15|qp50
2.5,50.0,50.0,5.0,27,1.39,0.48,1.1268026697944868,35808,0.2983999999999981,200,205,1.025,bpentry15|qp50
2.5,50.0,50.0,5.0,9,1.39,0.48,1.131971771467308,35496,0.2957999999999963,200,196,0.98,bpentry20|qp50
2.5,50.0,50.0,5.0,21,1.39,0.48,1.087365647767137,37197,0.3099749999999992,200,201,1.005,bpentry20|qp50
2.5,50.0,50.0,5.0,3,1.39,0.48,1.1633346830171587,34576,0.2881333333333309,200,200,1.0,bpentry30|qp50
2.5,50.0,50.0,5.0,15,1.39,0.48,1.1537601655220524,34799,0.2899916666666617,200,194,0.97,bpentry30|qp50
2.5,50.0,50.0,5.0,27,1.39,0.48,1.1614420314834664,34812,0.2900999999999937,200,206,1.03,bpentry30|qp50
2.5,50.0,50.0,5.0,9,1.39,0.48,1.178236597110915,31150,0.2595833333333331,133,168,1.263157894736842,bpentry45|qp50
2.5,50.0,50.0,5.0,21,1.39,0.48,1.1422219643340517,25851,0.2154250000000027,63,105,1.6666666666666667,bpentry45|qp50
2.5,50.0,50.0,5.0,3,1.39,0.48,0.6719091270104295,30218,0.2518166666666643,0,0,1.0,bpentry90|qp50
2.5,50.0,50.0,5.0,15,1.39,0.48,0.6805722070844781,29727,0.2477249999999978,0,0,1.0,bpentry90|qp50
2.5,50.0,50.0,5.0,27,1.39,0.48,0.6488953636479816,31404,0.2616999999999987,0,0,1.0,bpentry90|qp50
2.5,50.0,50.0,5.0,9,1.39,0.48,1.1251649525095806,35586,0.296549999999998,200,194,0.97,bpmiddle0|qp50
2.5,50.0,50.0,5.0,21,1.39,0.48,1.1331801944004454,36111,0.3009249999999934,200,199,0.995,bpmiddle0|qp50
2.5,50.0,50.0,5.0,4,1.39,0.48,1.1096302246349852,36103,0.3008583333333327,200,199,0.995,bpentry15|qp50
2.5,50.0,50.0,5.0,16,1.39,0.48,1.1101039933444403,36060,0.3005000000000021,200,190,0.95,bpentry15|qp50
2.5,50.0,50.0,5.0,28,1.39,0.48,1.1034870965086965,36463,0.3038583333333321,200,197,0.985,bpentry15|qp50
2.5,50.0,50.0,5.0,10,1.39,0.48,1.1148232171200312,36542,0.3045166666666638,200,198,0.99,bpentry20|qp50
2.5,50.0,50.0,5.0,22,1.39,0.48,1.123700488485793,35825,0.2985416666666634,200,197,0.985,bpentry20|qp50
2.5,50.0,50.0,5.0,4,1.39,0.48,1.085366624009558,36727,0.3060583333333314,200,197,0.985,bpentry30|qp50
2.5,50.0,50.0,5.0,16,1.39,0.48,1.1284890194432744,35745,0.297874999999995,200,195,0.975,bpentry30|qp50
2.5,50.0,50.0,5.0,28,1.39,0.48,1.1052819890842962,36278,0.3023166666666693,200,194,0.97,bpentry30|qp50
2.5,50.0,50.0,5.0,10,1.39,0.48,1.1483779004571963,23186,0.1932166666666688,26,67,2.576923076923077,bpentry45|qp50
2.5,50.0,50.0,5.0,22,1.39,0.48,1.1692572289543564,31194,0.259949999999997,125,153,1.224,bpentry45|qp50
2.5,50.0,50.0,5.0,4,1.39,0.48,0.6268602143912987,32464,0.270533333333332,0,0,1.0,bpentry90|qp50
2.5,50.0,50.0,5.0,16,1.39,0.48,0.6662936003425514,30361,0.2530083333333306,0,0,1.0,bpentry90|qp50
2.5,50.0,50.0,5.0,28,1.39,0.48,0.6567148318538477,30866,0.257216666666665,0,0,1.0,bpentry90|qp50
2.5,50.0,50.0,5.0,10,1.39,0.48,1.141567556974017,35718,0.2976499999999961,200,205,1.025,bpmiddle0|qp50
2.5,50.0,50.0,5.0,22,1.39,0.48,1.1593041519894869,34634,0.2886166666666618,200,203,1.015,bpmiddle0|qp50
2.5,50.0,50.0,5.0,5,1.39,0.48,1.1402289270116577,35033,0.291941666666665,200,197,0.985,bpentry15|qp50
2.5,50.0,50.0,5.0,17,1.39,0.48,1.1346925897501423,35181,0.2931749999999997,200,203,1.015,bpentry15|qp50
2.5,50.0,50.0,5.0,29,1.39,0.48,1.1333139302629904,35046,0.2920499999999961,200,198,0.99,bpentry15|qp50
2.5,50.0,50.0,5.0,11,1.39,0.48,1.1677321990444407,34324,0.2860333333333321,200,200,1.0,bpentry20|qp50
2.5,50.0,50.0,5.0,23,1.39,0.48,1.0827870385211995,37434,0.3119499999999987,200,194,0.97,bpentry20|qp50
2.5,50.0,50.0,5.0,5,1.39,0.48,1.1018118351977022,36383,0.3031916666666632,200,195,0.975,bpentry30|qp50
2.5,50.0,50.0,5.0,17,1.39,0.48,1.1180981167818604,35896,0.2991333333333304,200,198,0.99,bpentry30|qp50
2.5,50.0,50.0,5.0,29,1.39,0.48,1.1453851044767296,34601,0.2883416666666647,200,200,1.0,bpentry30|qp50
2.5,50.0,50.0,5.0,11,1.39,0.48,1.181769167892858,30585,0.2548749999999967,118,155,1.3135593220338984,bpentry45|qp50
2.5,50.0,50.0,5.0,23,1.39,0.48,1.1439700770228411,29342,0.2445166666666654,105,147,1.4,bpentry45|qp50
2.5,50.0,50.0,5.0,5,1.39,0.48,0.6606608770025356,30399,0.2533249999999985,0,0,1.0,bpentry90|qp50
2.5,50.0,50.0,5.0,17,1.39,0.48,0.6520973337616398,31130,0.2594166666666662,0,0,1.0,bpentry90|qp50
2.5,50.0,50.0,5.0,29,1.39,0.48,0.6788523650585127,29661,0.2471749999999977,0,0,1.0,bpentry90|qp50
2.5,50.0,50.0,5.0,11,1.39,0.48,1.1347571106343683,36354,0.3029499999999964,200,205,1.025,bpmiddle0|qp50
2.5,50.0,50.0,5.0,23,1.39,0.48,1.1226714000444316,36056,0.3004666666666625,200,200,1.0,bpmiddle0|qp50
2.5,50.0,50.0,5.0,6,1.39,0.48,1.1694390760570124,34461,0.2871749999999957,200,196,0.98,bpentry15|qp50
2.5,50.0,50.0,5.0,18,1.39,0.48,1.1318071648475363,35730,0.297749999999998,200,204,1.02,bpentry15|qp50
2.5,50.0,50.0,5.0,0,1.39,0.48,1.1455830378749912,35538,0.2961499999999964,200,201,1.005,bpentry20|qp50
2.5,50.0,50.0,5.0,12,1.39,0.48,1.1508526040618352,34811,0.2900916666666612,200,197,0.985,bpentry20|qp50
2.5,50.0,50.0,5.0,24,1.39,0.48,1.1899149279126129,33501,0.2791749999999964,200,200,1.0,bpentry20|qp50
2.5,50.0,50.0,5.0,6,1.39,0.48,1.1514021171652051,34669,0.2889083333333309,200,193,0.965,bpentry30|qp50
2.5,50.0,50.0,5.0,18,1.39,0.48,1.143920322829912,34941,0.2911750000000002,200,201,1.005,bpentry30|qp50
2.5,50.0,50.0,5.0,0,1.39,0.48,1.153533393816775,28658,0.2388166666666702,96,140,1.4583333333333333,bpentry45|qp50
2.5,50.0,50.0,5.0,12,1.39,0.48,1.1825738223792348,26855,0.2237916666666676,125,142,1.136,bpentry45|qp50
2.5,50.0,50.0,5.0,24,1.39,0.48,1.180070712618374,29132,0.2427666666666665,102,141,1.3823529411764706,bpentry45|qp50
2.5,50.0,50.0,5.0,6,1.39,0.48,0.6641652119495244,30361,0.2530083333333319,0,0,1.0,bpentry90|qp50
2.5,50.0,50.0,5.0,18,1.39,0.48,0.6722365541481897,30158,0.2513166666666641,0,0,1.0,bpentry90|qp50
2.5,50.0,50.0,5.0,0,1.39,0.48,1.1265650366816569,35849,0.2987416666666687,200,203,1.015,bpmiddle0|qp50
2.5,50.0,50.0,5.0,12,1.39,0.48,1.1669010995352684,34651,0.2887583333333279,200,204,1.02,bpmiddle0|qp50
2.5,50.0,50.0,5.0,24,1.39,0.48,1.1769266393321105,33901,0.2825083333333289,200,198,0.99,bpmiddle0|qp50
2.5,50.0,50.0,5.0,7,1.39,0.48,1.115074676402228,36156,0.3012999999999968,200,199,0.995,bpentry15|qp50
2.5,50.0,50.0,5.0,19,1.39,0.48,1.173560743294545,34226,0.2852166666666689,200,201,1.005,bpentry15|qp50
2.5,50.0,50.0,5.0,1,1.39,0.48,1.092552065044151,37021,0.3085083333333379,200,199,0.995,bpentry20|qp50
2.5,50.0,50.0,5.0,13,1.39,0.48,1.137930071114151,35436,0.2953,200,196,0.98,bpentry20|qp50
2.5,50.0,50.0,5.0,25,1.39,0.48,1.1155835543766437,36192,0.301599999999995,200,203,1.015,bpentry20|qp50
2.5,50.0,50.0,5.0,7,1.39,0.48,1.1366622124925077,35173,0.2931083333333279,200,194,0.97,bpentry30|qp50
2.5,50.0,50.0,5.0,19,1.39,0.48,1.1696308408461784,33942,0.2828499999999997,200,201,1.005,bpentry30|qp50
2.5,50.0,50.0,5.0,1,1.39,0.48,1.1563849168903677,27554,0.2296166666666677,82,119,1.451219512195122,bpentry45|qp50
2.5,50.0,50.0,5.0,13,1.39,0.48,1.1282169475977857,26163,0.2180250000000026,52,92,1.7692307692307692,bpentry45|qp50
2.5,50.0,50.0,5.0,25,1.39,0.48,1.148689733631474,25491,0.212425000000003,54,95,1.7592592592592593,bpentry45|qp50
2.5,50.0,50.0,5.0,7,1.39,0.48,0.6752230046949048,29820,0.2484999999999983,0,0,1.0,bpentry90|qp50
2.5,50.0,50.0,5.0,19,1.39,0.48,0.6762541760875089,29633,0.2469416666666631,0,0,1.0,bpentry90|qp50
2.5,50.0,50.0,5.0,1,1.39,0.48,1.1307952359397535,35348,0.294566666666663,200,200,1.0,bpmiddle0|qp50
2.5,50.0,50.0,5.0,13,1.39,0.48,1.148599043443678,35126,0.292716666666664,200,202,1.01,bpmiddle0|qp50
2.5,50.0,50.0,5.0,25,1.39,0.48,1.1218519139892955,35763,0.2980249999999939,200,202,1.01,bpmiddle0|qp50
2.5,50.0,50.0,5.0,8,1.39,0.48,1.0958793317835505,36994,0.3082833333333296,200,197,0.985,bpentry15|qp50
2.5,50.0,50.0,5.0,20,1.39,0.48,1.1326848293014475,35384,0.2948666666666656,200,197,0.985,bpentry15|qp50
2.5,50.0,50.0,5.0,2,1.39,0.48,1.1172891700573973,35882,0.2990166666666638,200,192,0.96,bpentry20|qp50
2.5,50.0,50.0,5.0,14,1.39,0.48,1.1069830359351684,36371,0.303091666666668,200,194,0.97,bpentry20|qp50
2.5,50.0,50.0,5.0,26,1.39,0.48,1.1235298059473289,35815,0.2984583333333303,200,194,0.97,bpentry20|qp50
2.5,50.0,50.0,5.0,8,1.39,0.48,1.1316427186681233,35076,0.2922999999999952,200,198,0.99,bpentry30|qp50
2.5,50.0,50.0,5.0,20,1.39,0.48,1.1406423399120529,35215,0.2934583333333305,200,199,0.995,bpentry30|qp50
2.5,50.0,50.0,5.0,2,1.39,0.48,1.1451695839311686,34850,0.2904166666666642,199,191,0.9597989949748744,bpentry45|qp50
2.5,50.0,50.0,5.0,14,1.39,0.48,1.1164502266904712,25365,0.2113750000000058,37,76,2.054054054054054,bpentry45|qp50
2.5,50.0,50.0,5.0,26,1.39,0.48,1.1800463548251316,21357,0.1779750000000004,15,48,3.2,bpentry45|qp50
2.5,50.0,50.0,5.0,8,1.39,0.48,0.6590977171949185,30445,0.2537083333333322,0,0,1.0,bpentry90|qp50
2.5,50.0,50.0,5.0,20,1.39,0.48,0.6686792889241204,30264,0.2521999999999976,0,0,1.0,bpentry90|qp50
2.5,50.0,50.0,5.0,2,1.39,0.48,1.1101969456730512,35949,0.2995749999999977,200,193,0.965,bpmiddle0|qp50
2.5,50.0,50.0,5.0,14,1.39,0.48,1.1570437237957023,35061,0.2921749999999985,200,201,1.005,bpmiddle0|qp50
2.5,50.0,50.0,5.0,26,1.39,0.48,1.1597839825348766,34812,0.2900999999999984,200,195,0.975,bpmiddle0|qp50
2.5,50.0,50.0,5.0,9,1.39,0.48,1.1229986526695648,35626,0.2968833333333311,200,197,0.985,bpentry15|qp50
2.5,50.0,50.0,5.0,21,1.39,0.48,1.078846824272746,36716,0.3059666666666659,200,199,0.995,bpentry15|qp50
2.5,50.0,50.0,5.0,3,1.39,0.48,1.1355269320843415,35441,0.2953416666666662,200,196,0.98,bpentry20|qp50
2.5,50.0,50.0,5.0,15,1.39,0.48,1.1862038378522843,33821,0.2818416666666681,200,198,0.99,bpentry20|qp50
2.5,50.0,50.0,5.0,27,1.39,0.48,1.1493823361824802,35100,0.2924999999999997,200,207,1.035,bpentry20|qp50
2.5,50.0,50.0,5.0,9,1.39,0.48,1.1340953428465068,34549,0.2879083333333305,200,197,0.985,bpentry30|qp50
2.5,50.0,50.0,5.0,21,1.39,0.48,1.1114807330306102,36124,0.3010333333333349,200,194,0.97,bpentry30|qp50
2.5,50.0,50.0,5.0,3,1.39,0.48,0.9532207419554288,24395,0.2032916666666673,3,29,9.666666666666666,bpentry45|qp50
2.5,50.0,50.0,5.0,15,1.39,0.48,1.1785294899044023,30112,0.2509333333333364,112,150,1.3392857142857142,bpentry45|qp50
2.5,50.0,50.0,5.0,27,1.39,0.48,1.1857790623852018,29927,0.2493916666666693,149,154,1.0335570469798658,bpentry45|qp50
2.5,50.0,50.0,5.0,9,1.39,0.48,0.661380020260773,30601,0.2550083333333304,0,0,1.0,bpentry90|qp50
2.5,50.0,50.0,5.0,21,1.39,0.48,0.6664271819051188,30329,0.2527416666666628,0,0,1.0,bpentry90|qp50
2.5,50.0,50.0,5.0,3,1.39,0.48,1.1370342572850782,35175,0.2931250000000006,200,200,1.0,bpmiddle0|qp50
2.5,50.0,50.0,5.0,15,1.39,0.48,1.1863398406723888,34269,0.2855749999999948,200,202,1.01,bpmiddle0|qp50
2.5,50.0,50.0,5.0,27,1.39,0.48,1.1542329417081243,35408,0.2950666666666673,200,212,1.06,bpmiddle0|qp50
2.5,50.0,50.0,5.0,10,1.39,0.48,1.091289616319062,37453,0.3121083333333291,200,202,1.01,bpentry15|qp50
2.5,50.0,50.0,5.0,22,1.39,0.48,1.159771651270323,34640,0.2886666666666619,200,196,0.98,bpentry15|qp50
2.5,50.0,50.0,5.0,4,1.39,0.48,1.09634584101506,36884,0.3073666666666662,200,193,0.965,bpentry20|qp50
2.5,50.0,50.0,5.0,16,1.39,0.48,1.1127848451326754,36160,0.3013333333333332,200,192,0.96,bpentry20|qp50
2.5,50.0,50.0,5.0,28,1.39,0.48,1.097508177794917,36379,0.3031583333333344,200,198,0.99,bpentry20|qp50
2.5,50.0,50.0,5.0,10,1.39,0.48,1.1579042790857672,34914,0.2909499999999957,200,201,1.005,bpentry30|qp50
2.5,50.0,50.0,5.0,22,1.39,0.48,1.1458430290445425,35153,0.2929416666666623,200,199,0.995,bpentry30|qp50
2.5,50.0,50.0,5.0,4,1.39,0.48,1.0848805678339857,23528,0.1960666666666692,16,47,2.9375,bpentry45|qp50
2.5,50.0,50.0,5.0,16,1.39,0.48,1.1664276293592764,32603,0.2716916666666658,158,165,1.0443037974683544,bpentry45|qp50
2.5,50.0,50.0,5.0,28,1.39,0.48,1.1686494773004603,27071,0.2255916666666688,68,110,1.6176470588235294,bpentry45|qp50
2.5,50.0,50.0,5.0,10,1.39,0.48,0.67761541257726,30261,0.2521749999999979,0,0,1.0,bpentry90|qp50
2.5,50.0,50.0,5.0,22,1.39,0.48,0.6777005169251551,29985,0.2498749999999981,0,0,1.0,bpentry90|qp50
2.5,50.0,50.0,5.0,4,1.39,0.48,1.1450194030702323,35046,0.2920500000000017,200,193,0.965,bpmiddle0|qp50
2.5,50.0,50.0,5.0,16,1.39,0.48,1.153725830300254,35168,0.2930666666666633,200,201,1.005,bpmiddle0|qp50
2.5,50.0,50.0,5.0,28,1.39,0.48,1.1185373688145188,36113,0.3009416666666678,200,197,0.985,bpmiddle0|qp50
2.5,50.0,50.0,5.0,11,1.39,0.48,1.1500524052291767,35111,0.2925916666666606,200,196,0.98,bpentry15|qp50
2.5,50.0,50.0,5.0,23,1.39,0.48,1.0825678820792055,37381,0.3115083333333293,200,204,1.02,bpentry15|qp50
2.5,50.0,50.0,5.0,5,1.39,0.48,1.1226349964862714,35575,0.2964583333333277,200,199,0.995,bpentry20|qp50
2.5,50.0,50.0,5.0,17,1.39,0.48,1.1584815548691765,34318,0.285983333333334,200,201,1.005,bpentry20|qp50
2.5,50.0,50.0,5.0,29,1.39,0.48,1.1218285794972684,35410,0.2950833333333291,200,197,0.985,bpentry20|qp50
2.5,50.0,50.0,5.0,11,1.39,0.48,1.0621002423958656,38367,0.3197249999999971,200,201,1.005,bpentry30|qp50
2.5,50.0,50.0,5.0,23,1.39,0.48,1.0959247945502215,36992,0.3082666666666647,200,198,0.99,bpentry30|qp50
2.5,50.0,50.0,5.0,5,1.39,0.48,0.9250149677418424,38750,0.3229166666666632,198,149,0.7525252525252525,bpentry45|qp50
2.5,50.0,50.0,5.0,17,1.39,0.48,1.1516132565451926,28303,0.2358583333333316,93,130,1.3978494623655917,bpentry45|qp50
2.5,50.0,50.0,5.0,29,1.39,0.48,1.1615370476738076,26115,0.2176250000000009,69,113,1.6376811594202898,bpentry45|qp50
2.5,50.0,50.0,5.0,11,1.39,0.48,0.6565625099945959,31267,0.2605583333333318,0,0,1.0,bpentry90|qp50
2.5,50.0,50.0,5.0,23,1.39,0.48,0.6721771242045558,30329,0.252741666666664,0,0,1.0,bpentry90|qp50
2.5,50.0,50.0,5.0,5,1.39,0.48,1.090272878535756,36060,0.3004999999999967,200,193,0.965,bpmiddle0|qp50
2.5,50.0,50.0,5.0,17,1.39,0.48,1.173656837568973,33879,0.2823249999999989,200,203,1.015,bpmiddle0|qp50
2.5,50.0,50.0,5.0,29,1.39,0.48,1.126835143805906,35534,0.2961166666666647,200,201,1.005,bpmiddle0|qp50
2.5,50.0,50.0,6.0,0,1.39,0.48,1.0952697807435547,36715,0.3059583333333338,200,198,0.99,bpentry15|qp50
2.5,50.0,50.0,6.0,12,1.39,0.48,1.121793901624619,35944,0.2995333333333285,200,198,0.99,bpentry15|qp50
2.5,50.0,50.0,6.0,24,1.39,0.48,1.1859210954366686,33813,0.2817749999999972,200,200,1.0,bpentry15|qp50
2.5,50.0,50.0,6.0,6,1.39,0.48,1.143431508032448,34734,0.2894499999999959,200,199,0.995,bpentry20|qp50
2.5,50.0,50.0,6.0,18,1.39,0.48,1.058691857313365,36892,0.3074333333333339,200,194,0.97,bpentry20|qp50
2.5,50.0,50.0,6.0,0,1.39,0.48,1.0684172016483984,35671,0.2972583333333319,200,185,0.925,bpentry30|qp50
2.5,50.0,50.0,6.0,12,1.39,0.48,1.151904925445641,34941,0.2911749999999951,200,196,0.98,bpentry30|qp50
2.5,50.0,50.0,6.0,24,1.39,0.48,1.1477319617088064,34995,0.2916249999999959,200,201,1.005,bpentry30|qp50
2.5,50.0,50.0,6.0,6,1.39,0.48,0.6749631826208599,30013,0.2501083333333313,0,0,1.0,bpentry90|qp50
2.5,50.0,50.0,6.0,18,1.39,0.48,0.6810755951177235,29658,0.2471499999999973,0,0,1.0,bpentry90|qp50
2.5,50.0,50.0,6.0,0,1.39,0.48,1.1294656681252526,35652,0.2971000000000032,200,202,1.01,bpmiddle0|qp50
2.5,50.0,50.0,6.0,12,1.39,0.48,1.158998712262046,34945,0.2912083333333298,200,200,1.0,bpmiddle0|qp50
2.5,50.0,50.0,6.0,24,1.39,0.48,1.1543606359080512,34722,0.2893499999999946,200,201,1.005,bpmiddle0|qp50
2.5,50.0,50.0,6.0,1,1.39,0.48,1.112507355798504,36026,0.3002166666666682,200,200,1.0,bpentry15|qp50
2.5,50.0,50.0,6.0,13,1.39,0.48,1.1320025595371048,35944,0.2995333333333312,200,197,0.985,bpentry15|qp50
2.5,50.0,50.0,6.0,25,1.39,0.48,1.0629530325934984,37707,0.314225000000002,200,198,0.99,bpentry15|qp50
2.5,50.0,50.0,6.0,7,1.39,0.48,1.1103054938956445,36040,0.3003333333333323,200,197,0.985,bpentry20|qp50
2.5,50.0,50.0,6.0,19,1.39,0.48,1.1248786901934476,35364,0.2947000000000003,200,199,0.995,bpentry20|qp50
2.5,50.0,50.0,6.0,1,1.39,0.48,1.0958956583203991,36783,0.3065249999999991,200,201,1.005,bpentry30|qp50
2.5,50.0,50.0,6.0,13,1.39,0.48,1.0880462828577318,37206,0.3100499999999984,200,198,0.99,bpentry30|qp50
2.5,50.0,50.0,6.0,25,1.39,0.48,1.1362296521841668,34156,0.2846333333333294,171,181,1.0584795321637428,bpentry30|qp50
2.5,50.0,50.0,6.0,7,1.39,0.48,0.6760964381721181,29760,0.2479999999999978,0,0,1.0,bpentry90|qp50
2.5,50.0,50.0,6.0,19,1.39,0.48,0.6683984518368115,29971,0.2497583333333312,0,0,1.0,bpentry90|qp50
2.5,50.0,50.0,6.0,1,1.39,0.48,1.1240949048151885,35720,0.2976666666666622,200,201,1.005,bpmiddle0|qp50
2.5,50.0,50.0,6.0,13,1.39,0.48,1.1681658001155726,34620,0.2884999999999934,200,202,1.01,bpmiddle0|qp50
2.5,50.0,50.0,6.0,25,1.39,0.48,1.0971245928338886,36840,0.3070000000000004,200,200,1.0,bpmiddle0|qp50
2.5,50.0,50.0,6.0,2,1.39,0.48,1.1173500685640974,35733,0.2977749999999976,200,196,0.98,bpentry15|qp50
2.5,50.0,50.0,6.0,14,1.39,0.48,1.1121690140844644,36210,0.3017499999999969,200,198,0.99,bpentry15|qp50
2.5,50.0,50.0,6.0,26,1.39,0.48,1.109637858737777,36726,0.3060499999999995,200,192,0.96,bpentry15|qp50
2.5,50.0,50.0,6.0,8,1.39,0.48,1.1166132168522425,35485,0.2957083333333348,200,198,0.99,bpentry20|qp50
2.5,50.0,50.0,6.0,20,1.39,0.48,1.1037705544932996,36610,0.3050833333333363,200,200,1.0,bpentry20|qp50
2.5,50.0,50.0,6.0,2,1.39,0.48,1.0870944600529215,36661,0.305508333333331,200,197,0.985,bpentry30|qp50
2.5,50.0,50.0,6.0,14,1.39,0.48,1.1476855193413578,35468,0.2955666666666624,200,201,1.005,bpentry30|qp50
2.5,50.0,50.0,6.0,26,1.39,0.48,1.1538715525957397,28681,0.2390083333333323,90,129,1.4333333333333331,bpentry30|qp50
2.5,50.0,50.0,6.0,8,1.39,0.48,0.661732509744321,30274,0.2522833333333313,0,0,1.0,bpentry90|qp50
2.5,50.0,50.0,6.0,20,1.39,0.48,0.6756773526369869,29977,0.2498083333333316,0,0,1.0,bpentry90|qp50
2.5,50.0,50.0,6.0,2,1.39,0.48,1.1325094328996992,35514,0.2959499999999946,200,200,1.0,bpmiddle0|qp50
2.5,50.0,50.0,6.0,14,1.39,0.48,1.1695160539785765,34384,0.2865333333333344,200,201,1.005,bpmiddle0|qp50
2.5,50.0,50.0,6.0,26,1.39,0.48,1.1660568846668509,34526,0.287716666666666,200,193,0.965,bpmiddle0|qp50
2.5,50.0,50.0,6.0,3,1.39,0.48,1.126136807454113,35846,0.2987166666666661,200,203,1.015,bpentry15|qp50
2.5,50.0,50.0,6.0,15,1.39,0.48,1.167300834431343,34155,0.2846249999999989,200,197,0.985,bpentry15|qp50
2.5,50.0,50.0,6.0,27,1.39,0.48,1.1579691126329246,34901,0.2908416666666646,200,200,1.0,bpentry15|qp50
2.5,50.0,50.0,6.0,9,1.39,0.48,1.1133519724887528,35767,0.2980583333333352,200,195,0.975,bpentry20|qp50
2.5,50.0,50.0,6.0,21,1.39,0.48,1.10819259711762,36013,0.30010833333333,200,196,0.98,bpentry20|qp50
2.5,50.0,50.0,6.0,3,1.39,0.48,1.1392242202866494,35590,0.2965833333333299,200,200,1.0,bpentry30|qp50
2.5,50.0,50.0,6.0,15,1.39,0.48,1.1239437210082714,35786,0.298216666666664,200,196,0.98,bpentry30|qp50
2.5,50.0,50.0,6.0,27,1.39,0.48,1.1541625857003246,33693,0.2807749999999986,200,196,0.98,bpentry30|qp50
2.5,50.0,50.0,6.0,9,1.39,0.48,0.6609871062510129,30635,0.2552916666666641,0,0,1.0,bpentry90|qp50
2.5,50.0,50.0,6.0,21,1.39,0.48,0.6606317542198644,30629,0.2552416666666629,0,0,1.0,bpentry90|qp50
2.5,50.0,50.0,6.0,3,1.39,0.48,1.1631644727326127,34565,0.2880416666666662,200,202,1.01,bpmiddle0|qp50
2.5,50.0,50.0,6.0,15,1.39,0.48,1.1576533595809284,34543,0.2878583333333311,200,198,0.99,bpmiddle0|qp50
2.5,50.0,50.0,6.0,27,1.39,0.48,1.1351206969229437,35585,0.2965416666666668,200,204,1.02,bpmiddle0|qp50
2.5,50.0,50.0,6.0,4,1.39,0.48,1.1214956772333178,34700,0.2891666666666608,200,189,0.945,bpentry15|qp50
2.5,50.0,50.0,6.0,16,1.39,0.48,1.1286968862175204,35937,0.2994749999999982,200,191,0.955,bpentry15|qp50
2.5,50.0,50.0,6.0,28,1.39,0.48,1.1807335861579202,33752,0.2812666666666668,200,202,1.01,bpentry15|qp50
2.5,50.0,50.0,6.0,10,1.39,0.48,1.13633276311727,35659,0.297158333333329,200,200,1.0,bpentry20|qp50
2.5,50.0,50.0,6.0,22,1.39,0.48,1.1369514750014806,35322,0.2943499999999961,200,199,0.995,bpentry20|qp50
2.5,50.0,50.0,6.0,4,1.39,0.48,1.12760834402362,35858,0.2988166666666673,200,196,0.98,bpentry30|qp50
2.5,50.0,50.0,6.0,16,1.39,0.48,1.1494745815691532,35191,0.29325833333333,200,195,0.975,bpentry30|qp50
2.5,50.0,50.0,6.0,28,1.39,0.48,1.1174333361314197,35739,0.297825000000004,200,192,0.96,bpentry30|qp50
2.5,50.0,50.0,6.0,10,1.39,0.48,0.6731039690095774,30461,0.2538416666666641,0,0,1.0,bpentry90|qp50
2.5,50.0,50.0,6.0,22,1.39,0.48,0.6748011260142757,30195,0.2516249999999975,0,0,1.0,bpentry90|qp50
2.5,50.0,50.0,6.0,4,1.39,0.48,1.1278355648998883,36148,0.3012333333333323,200,193,0.965,bpmiddle0|qp50
2.5,50.0,50.0,6.0,16,1.39,0.48,1.1513483788029022,35005,0.291708333333329,200,198,0.99,bpmiddle0|qp50
2.5,50.0,50.0,6.0,28,1.39,0.48,1.0982637961576036,36695,0.3057916666666669,200,195,0.975,bpmiddle0|qp50
2.5,50.0,50.0,6.0,5,1.39,0.48,1.0640071608539552,37705,0.3142083333333347,200,196,0.98,bpentry15|qp50
2.5,50.0,50.0,6.0,17,1.39,0.48,1.104032152814847,33714,0.2809499999999979,199,174,0.8743718592964824,bpentry15|qp50
2.5,50.0,50.0,6.0,29,1.39,0.48,1.1315861581919917,35400,0.2950000000000012,200,198,0.99,bpentry15|qp50
2.5,50.0,50.0,6.0,11,1.39,0.48,1.1315555618407218,35357,0.2946416666666619,200,207,1.035,bpentry20|qp50
2.5,50.0,50.0,6.0,23,1.39,0.48,1.0776449100188763,37230,0.310249999999998,200,198,0.99,bpentry20|qp50
2.5,50.0,50.0,6.0,5,1.39,0.48,1.0973954330881333,36436,0.3036333333333321,200,194,0.97,bpentry30|qp50
2.5,50.0,50.0,6.0,17,1.39,0.48,1.1114468597680751,35698,0.2974833333333317,200,192,0.96,bpentry30|qp50
2.5,50.0,50.0,6.0,29,1.39,0.48,1.147063301282095,32448,0.2703999999999983,185,190,1.027027027027027,bpentry30|qp50
2.5,50.0,50.0,6.0,11,1.39,0.48,0.6529378027020363,31384,0.2615333333333314,0,0,1.0,bpentry90|qp50
2.5,50.0,50.0,6.0,23,1.39,0.48,0.6743429756145894,30387,0.2532249999999965,0,0,1.0,bpentry90|qp50
2.5,50.0,50.0,6.0,5,1.39,0.48,1.1332103321033835,35230,0.2935833333333318,200,196,0.98,bpmiddle0|qp50
2.5,50.0,50.0,6.0,17,1.39,0.48,1.132617375545049,35314,0.2942833333333351,200,195,0.975,bpmiddle0|qp50
2.5,50.0,50.0,6.0,29,1.39,0.48,1.148587018954592,34820,0.2901666666666641,200,204,1.02,bpmiddle0|qp50
2.5,50.0,50.0,6.0,6,1.39,0.48,1.14085354464416,35335,0.2944583333333289,200,196,0.98,bpentry15|qp50
2.5,50.0,50.0,6.0,18,1.39,0.48,1.0619744449431134,37879,0.3156583333333315,200,199,0.995,bpentry15|qp50
2.5,50.0,50.0,6.0,0,1.39,0.48,1.0804303025307038,36393,0.3032749999999975,200,191,0.955,bpentry20|qp50
2.5,50.0,50.0,6.0,12,1.39,0.48,1.138833309729384,35305,0.2942083333333321,200,199,0.995,bpentry20|qp50
2.5,50.0,50.0,6.0,24,1.39,0.48,1.1757077041207953,27349,0.2279083333333328,90,126,1.4,bpentry20|qp50
2.5,50.0,50.0,6.0,6,1.39,0.48,1.1445258966425844,34908,0.2908999999999933,200,193,0.965,bpentry30|qp50
2.5,50.0,50.0,6.0,18,1.39,0.48,1.1396128810254913,34873,0.2906083333333321,200,195,0.975,bpentry30|qp50
2.5,50.0,50.0,6.0,0,1.39,0.48,0.681182353334686,29898,0.2491499999999977,0,0,1.0,bpentry90|qp50
2.5,50.0,50.0,6.0,12,1.39,0.48,0.6736505849875549,30428,0.2535666666666636,0,0,1.0,bpentry90|qp50
2.5,50.0,50.0,6.0,24,1.39,0.48,0.6725262594501222,29894,0.249116666666665,0,0,1.0,bpentry90|qp50
2.5,50.0,50.0,6.0,6,1.39,0.48,1.1664288195449743,34546,0.2878833333333257,200,199,0.995,bpmiddle0|qp50
2.5,50.0,50.0,6.0,18,1.39,0.48,1.141155952887828,35235,0.2936249999999942,200,208,1.04,bpmiddle0|qp50
2.5,50.0,50.0,6.0,7,1.39,0.48,1.1156789579488369,36313,0.3026083333333336,200,195,0.975,bpentry15|qp50
2.5,50.0,50.0,6.0,19,1.39,0.48,1.1552451914746191,34626,0.2885499999999986,200,205,1.025,bpentry15|qp50
2.5,50.0,50.0,6.0,1,1.39,0.48,1.1252973946316125,35542,0.2961833333333306,200,200,1.0,bpentry20|qp50
2.5,50.0,50.0,6.0,13,1.39,0.48,1.1182499722746089,36068,0.3005666666666663,200,198,0.99,bpentry20|qp50
2.5,50.0,50.0,6.0,25,1.39,0.48,1.10216124993198,36738,0.3061499999999988,200,198,0.99,bpentry20|qp50
2.5,50.0,50.0,6.0,7,1.39,0.48,1.1301714008669013,35064,0.292199999999998,200,196,0.98,bpentry30|qp50
2.5,50.0,50.0,6.0,19,1.39,0.48,1.1653285183777584,34199,0.284991666666662,200,197,0.985,bpentry30|qp50
2.5,50.0,50.0,6.0,1,1.39,0.48,0.6744427470775151,30112,0.2509333333333326,0,0,1.0,bpentry90|qp50
2.5,50.0,50.0,6.0,13,1.39,0.48,0.6663070580474498,30320,0.252666666666664,0,0,1.0,bpentry90|qp50
2.5,50.0,50.0,6.0,25,1.39,0.48,0.6464516743374307,31505,0.2625416666666644,0,0,1.0,bpentry90|qp50
2.5,50.0,50.0,6.0,7,1.39,0.48,1.1318701099896795,35276,0.2939666666666616,200,198,0.99,bpmiddle0|qp50
2.5,50.0,50.0,6.0,19,1.39,0.48,1.1724228028504022,34101,0.2841749999999974,200,201,1.005,bpmiddle0|qp50
2.5,50.0,50.0,6.0,8,1.39,0.48,1.136750759438797,34565,0.2880416666666607,200,199,0.995,bpentry15|qp50
2.5,50.0,50.0,6.0,20,1.39,0.48,1.1324398249453946,35646,0.2970499999999962,200,194,0.97,bpentry15|qp50
2.5,50.0,50.0,6.0,2,1.39,0.48,1.150590768872638,34362,0.2863499999999973,200,204,1.02,bpentry20|qp50
2.5,50.0,50.0,6.0,14,1.39,0.48,1.124641213710019,35857,0.2988083333333324,200,200,1.0,bpentry20|qp50
2.5,50.0,50.0,6.0,26,1.39,0.48,1.1147508636177097,36185,0.3015416666666632,200,195,0.975,bpentry20|qp50
2.5,50.0,50.0,6.0,8,1.39,0.48,1.109629825195258,35983,0.2998583333333285,200,199,0.995,bpentry30|qp50
2.5,50.0,50.0,6.0,20,1.39,0.48,1.1300658480156909,33714,0.2809499999999992,200,196,0.98,bpentry30|qp50
2.5,50.0,50.0,6.0,2,1.39,0.48,0.6749606088931067,29956,0.2496333333333301,0,0,1.0,bpentry90|qp50
2.5,50.0,50.0,6.0,14,1.39,0.48,0.6683233435403176,30698,0.2558166666666652,0,0,1.0,bpentry90|qp50
2.5,50.0,50.0,6.0,26,1.39,0.48,0.6689399795197025,30273,0.252274999999997,0,0,1.0,bpentry90|qp50
2.5,50.0,50.0,6.0,8,1.39,0.48,1.129092550660736,34889,0.2907416666666625,200,198,0.99,bpmiddle0|qp50
2.5,50.0,50.0,6.0,20,1.39,0.48,1.1202210143923752,36061,0.3005083333333339,200,197,0.985,bpmiddle0|qp50
2.5,50.0,50.0,6.0,9,1.39,0.48,1.1080497786688237,35919,0.2993249999999974,200,197,0.985,bpentry15|qp50
2.5,50.0,50.0,6.0,21,1.39,0.48,1.0872895238094669,36750,0.3062499999999987,200,198,0.99,bpentry15|qp50
2.5,50.0,50.0,6.0,3,1.39,0.48,1.156272983222299,34808,0.2900666666666649,200,195,0.975,bpentry20|qp50
2.5,50.0,50.0,6.0,15,1.39,0.48,1.1584530578083698,34649,0.2887416666666658,200,201,1.005,bpentry20|qp50
2.5,50.0,50.0,6.0,27,1.39,0.48,1.1061338535085556,36398,0.3033166666666637,200,205,1.025,bpentry20|qp50
2.5,50.0,50.0,6.0,9,1.39,0.48,1.0887394157206591,36729,0.3060750000000009,200,194,0.97,bpentry30|qp50
2.5,50.0,50.0,6.0,21,1.39,0.48,1.11287646779908,35853,0.2987749999999989,200,198,0.99,bpentry30|qp50
2.5,50.0,50.0,6.0,3,1.39,0.48,0.665288975390962,30314,0.2526166666666631,0,0,1.0,bpentry90|qp50
2.5,50.0,50.0,6.0,15,1.39,0.48,0.6737963272120245,29950,0.2495833333333317,0,0,1.0,bpentry90|qp50
2.5,50.0,50.0,6.0,27,1.39,0.48,0.655348575471137,31098,0.259149999999998,0,0,1.0,bpentry90|qp50
2.5,50.0,50.0,6.0,9,1.39,0.48,1.131106904231803,35920,0.299333333333328,200,195,0.975,bpmiddle0|qp50
2.5,50.0,50.0,6.0,21,1.39,0.48,1.1121525742409628,36166,0.3013833333333315,200,195,0.975,bpmiddle0|qp50
2.5,50.0,50.0,6.0,10,1.39,0.48,1.098289572999724,37096,0.3091333333333341,200,198,0.99,bpentry15|qp50
2.5,50.0,50.0,6.0,22,1.39,0.48,1.1293527654057578,35474,0.2956166666666666,200,198,0.99,bpentry15|qp50
2.5,50.0,50.0,6.0,4,1.39,0.48,1.093409158209298,37147,0.3095583333333371,200,199,0.995,bpentry20|qp50
2.5,50.0,50.0,6.0,16,1.39,0.48,1.141428776318005,34862,0.2905166666666629,200,188,0.94,bpentry20|qp50
2.5,50.0,50.0,6.0,28,1.39,0.48,1.152990637539061,33645,0.2803749999999979,200,193,0.965,bpentry20|qp50
2.5,50.0,50.0,6.0,10,1.39,0.48,1.0652212085151682,37815,0.3151249999999985,200,198,0.99,bpentry30|qp50
2.5,50.0,50.0,6.0,22,1.39,0.48,1.1192704666108624,35790,0.2982499999999987,200,197,0.985,bpentry30|qp50
2.5,50.0,50.0,6.0,4,1.39,0.48,0.6398201270059611,31967,0.2663916666666641,0,0,1.0,bpentry90|qp50
2.5,50.0,50.0,6.0,16,1.39,0.48,0.6637684196738496,30538,0.2544833333333308,0,0,1.0,bpentry90|qp50
2.5,50.0,50.0,6.0,28,1.39,0.48,0.6512375249501069,31062,0.2588499999999973,0,0,1.0,bpentry90|qp50
2.5,50.0,50.0,6.0,10,1.39,0.48,1.156880571428508,35000,0.2916666666666599,200,206,1.03,bpmiddle0|qp50
2.5,50.0,50.0,6.0,22,1.39,0.48,1.1565684069065556,34229,0.2852416666666651,200,198,0.99,bpmiddle0|qp50
2.5,50.0,50.0,6.0,11,1.39,0.48,1.062000686523073,37872,0.3156000000000026,200,208,1.04,bpentry15|qp50
2.5,50.0,50.0,6.0,23,1.39,0.48,1.0791360171192117,37385,0.3115416666666646,200,199,0.995,bpentry15|qp50
2.5,50.0,50.0,6.0,5,1.39,0.48,1.1223576509973137,35845,0.2987083333333327,200,200,1.0,bpentry20|qp50
2.5,50.0,50.0,6.0,17,1.39,0.48,1.1334804256287674,35148,0.292899999999994,200,200,1.0,bpentry20|qp50
2.5,50.0,50.0,6.0,29,1.39,0.48,1.149105969805189,34708,0.2892333333333325,200,199,0.995,bpentry20|qp50
2.5,50.0,50.0,6.0,11,1.39,0.48,1.1166674036814428,36182,0.3015166666666672,200,203,1.015,bpentry30|qp50
2.5,50.0,50.0,6.0,23,1.39,0.48,1.1131135276450144,35956,0.2996333333333312,200,194,0.97,bpentry30|qp50
2.5,50.0,50.0,6.0,5,1.39,0.48,0.6630222633894651,30229,0.2519083333333322,0,0,1.0,bpentry90|qp50
2.5,50.0,50.0,6.0,17,1.39,0.48,0.655773439523438,30888,0.2573999999999984,0,0,1.0,bpentry90|qp50
2.5,50.0,50.0,6.0,29,1.39,0.48,0.6741763938593565,29899,0.249158333333331,0,0,1.0,bpentry90|qp50
2.5,50.0,50.0,6.0,11,1.39,0.48,1.1518231342441396,35428,0.2952333333333277,200,200,1.0,bpmiddle0|qp50
2.5,50.0,50.0,6.0,23,1.39,0.48,1.1012121047041132,36713,0.3059416666666623,200,200,1.0,bpmiddle0|qp50
2.5,50.0,50.0,8.0,0,1.39,0.48,1.0547814050666144,38290,0.3190833333333356,200,200,1.0,bpentry15|qp50
2.5,50.0,50.0,8.0,12,1.39,0.48,1.0995163696529644,36867,0.3072250000000016,200,193,0.965,bpentry15|qp50
2.5,50.0,50.0,8.0,24,1.39,0.48,1.0766355165649255,36704,0.3058666666666649,200,194,0.97,bpentry15|qp50
2.5,50.0,50.0,8.0,6,1.39,0.48,1.1221795090642002,29291,0.2440916666666651,86,126,1.4651162790697674,bpentry20|qp50
2.5,50.0,50.0,8.0,18,1.39,0.48,1.0351925436023337,37498,0.3124833333333323,155,186,1.2,bpentry20|qp50
2.5,50.0,50.0,8.0,0,1.39,0.48,1.0963255076322098,35311,0.2942583333333315,200,193,0.965,bpentry30|qp50
2.5,50.0,50.0,8.0,12,1.39,0.48,1.144036757466251,30470,0.2539166666666605,101,140,1.386138613861386,bpentry30|qp50
2.5,50.0,50.0,8.0,24,1.39,0.48,1.1462135296825375,21730,0.1810833333333394,17,53,3.117647058823529,bpentry30|qp50
2.5,50.0,50.0,8.0,6,1.39,0.48,0.6728810055679579,29993,0.2499416666666641,0,0,1.0,bpentry90|qp50
2.5,50.0,50.0,8.0,18,1.39,0.48,0.6796237332352562,29899,0.2491583333333321,0,0,1.0,bpentry90|qp50
2.5,50.0,50.0,8.0,0,1.39,0.48,1.076297978712024,37204,0.310033333333333,191,199,1.0418848167539267,bpmiddle0|qp50
2.5,50.0,50.0,8.0,12,1.39,0.48,1.147032564219044,35192,0.2932666666666654,200,197,0.985,bpmiddle0|qp50
2.5,50.0,50.0,8.0,24,1.39,0.48,0.8359881045547128,31945,0.2662083333333336,38,68,1.7894736842105263,bpmiddle0|qp50
2.5,50.0,50.0,8.0,1,1.39,0.48,1.1297959819783114,35291,0.2940916666666606,200,198,0.99,bpentry15|qp50
2.5,50.0,50.0,8.0,13,1.39,0.48,1.062437684833106,37872,0.3155999999999981,200,198,0.99,bpentry15|qp50
2.5,50.0,50.0,8.0,25,1.39,0.48,1.0892242523867155,31634,0.2636166666666614,150,159,1.06,bpentry15|qp50
2.5,50.0,50.0,8.0,7,1.39,0.48,1.1544282744284622,21164,0.1763666666666671,10,38,3.8,bpentry20|qp50
2.5,50.0,50.0,8.0,19,1.39,0.48,1.1125712786426725,34302,0.2858499999999949,200,186,0.93,bpentry20|qp50
2.5,50.0,50.0,8.0,1,1.39,0.48,1.0597059766061958,24964,0.2080333333333389,20,61,3.05,bpentry30|qp50
2.5,50.0,50.0,8.0,13,1.39,0.48,1.0785217150079056,32443,0.2703583333333347,97,136,1.402061855670103,bpentry30|qp50
2.5,50.0,50.0,8.0,25,1.39,0.48,1.041470528009445,34185,0.2848749999999993,103,146,1.4174757281553398,bpentry30|qp50
2.5,50.0,50.0,8.0,7,1.39,0.48,0.6743581728346049,29751,0.2479249999999994,0,0,1.0,bpentry90|qp50
2.5,50.0,50.0,8.0,19,1.39,0.48,0.6754827400216236,29664,0.2471999999999981,0,0,1.0,bpentry90|qp50
2.5,50.0,50.0,8.0,1,1.39,0.48,1.1292423177485422,35569,0.2964083333333283,200,204,1.02,bpmiddle0|qp50
2.5,50.0,50.0,8.0,13,1.39,0.48,1.1213740097290383,35975,0.2997916666666638,200,204,1.02,bpmiddle0|qp50
2.5,50.0,50.0,8.0,25,1.39,0.48,1.086701648737161,34208,0.2850666666666637,168,176,1.0476190476190477,bpmiddle0|qp50
2.5,50.0,50.0,8.0,2,1.39,0.48,0.9443801220989948,42097,0.3508083333333329,200,188,0.94,bpentry15|qp50
2.5,50.0,50.0,8.0,14,1.39,0.48,1.0168793259883573,38575,0.3214583333333326,200,177,0.885,bpentry15|qp50
2.5,50.0,50.0,8.0,26,1.39,0.48,1.091708363893184,36813,0.3067749999999967,200,192,0.96,bpentry15|qp50
2.5,50.0,50.0,8.0,8,1.39,0.48,0.9479671998379904,24695,0.205791666666664,4,29,7.25,bpentry20|qp50
2.5,50.0,50.0,8.0,20,1.39,0.48,1.063445651016803,37572,0.3130999999999981,200,192,0.96,bpentry20|qp50
2.5,50.0,50.0,8.0,2,1.39,0.48,1.1168943512171656,29617,0.2468083333333292,99,143,1.4444444444444444,bpentry30|qp50
2.5,50.0,50.0,8.0,14,1.39,0.48,1.1734139707398927,24265,0.2022083333333356,31,72,2.3225806451612905,bpentry30|qp50
2.5,50.0,50.0,8.0,26,1.39,0.48,1.1513347913863023,29720,0.2476666666666636,98,138,1.4081632653061225,bpentry30|qp50
2.5,50.0,50.0,8.0,8,1.39,0.48,0.6551859992126907,30484,0.2540333333333314,0,0,1.0,bpentry90|qp50
2.5,50.0,50.0,8.0,20,1.39,0.48,0.6775794048812979,29910,0.2492499999999979,0,0,1.0,bpentry90|qp50
2.5,50.0,50.0,8.0,2,1.39,0.48,1.1111704658626131,36148,0.3012333333333296,200,201,1.005,bpmiddle0|qp50
2.5,50.0,50.0,8.0,14,1.39,0.48,1.1076091638399603,37146,0.3095500000000007,200,199,0.995,bpmiddle0|qp50
2.5,50.0,50.0,8.0,26,1.39,0.48,1.1384273364684545,35513,0.2959416666666661,200,191,0.955,bpmiddle0|qp50
2.5,50.0,50.0,8.0,3,1.39,0.48,1.1042616069900095,35022,0.291849999999999,200,197,0.985,bpentry15|qp50
2.5,50.0,50.0,8.0,15,1.39,0.48,1.096970611423829,36783,0.306524999999998,200,191,0.955,bpentry15|qp50
2.5,50.0,50.0,8.0,27,1.39,0.48,1.1009814250069871,36070,0.3005833333333312,200,201,1.005,bpentry15|qp50
2.5,50.0,50.0,8.0,9,1.39,0.48,1.009564002236005,39358,0.3279833333333321,200,191,0.955,bpentry20|qp50
2.5,50.0,50.0,8.0,21,1.39,0.48,1.1257599661005304,30679,0.2556583333333339,94,136,1.446808510638298,bpentry20|qp50
2.5,50.0,50.0,8.0,3,1.39,0.48,1.1613231509642894,29921,0.2493416666666686,199,152,0.7638190954773869,bpentry30|qp50
2.5,50.0,50.0,8.0,15,1.39,0.48,0.9435564627484296,33314,0.277616666666667,83,122,1.4698795180722892,bpentry30|qp50
2.5,50.0,50.0,8.0,27,1.39,0.48,1.0840917243147008,35127,0.2927250000000005,189,174,0.9206349206349206,bpentry30|qp50
2.5,50.0,50.0,8.0,9,1.39,0.48,0.659276532040203,30727,0.2560583333333308,0,0,1.0,bpentry90|qp50
2.5,50.0,50.0,8.0,21,1.39,0.48,0.6697479378224629,30429,0.2535749999999956,0,0,1.0,bpentry90|qp50
2.5,50.0,50.0,8.0,3,1.39,0.48,1.1416949632144298,35340,0.2945000000000004,200,203,1.015,bpmiddle0|qp50
2.5,50.0,50.0,8.0,15,1.39,0.48,1.0883538612458574,36698,0.3058166666666639,200,193,0.965,bpmiddle0|qp50
2.5,50.0,50.0,8.0,27,1.39,0.48,1.1297943020262482,35732,0.2977666666666607,200,205,1.025,bpmiddle0|qp50
2.5,50.0,50.0,8.0,4,1.39,0.48,1.004544344703762,27850,0.2320833333333359,38,79,2.0789473684210527,bpentry15|qp50
2.5,50.0,50.0,8.0,16,1.39,0.48,1.096968756863606,36424,0.3035333333333332,200,193,0.965,bpentry15|qp50
2.5,50.0,50.0,8.0,28,1.39,0.48,1.1162659354123563,34279,0.2856583333333347,144,163,1.1319444444444444,bpentry15|qp50
2.5,50.0,50.0,8.0,10,1.39,0.48,0.9752049963262336,34025,0.2835416666666655,158,153,0.9683544303797468,bpentry20|qp50
2.5,50.0,50.0,8.0,22,1.39,0.48,1.1088037434627978,36330,0.3027499999999939,200,193,0.965,bpentry20|qp50
2.5,50.0,50.0,8.0,4,1.39,0.48,1.1197524431801895,35507,0.2958916666666633,200,189,0.945,bpentry30|qp50
2.5,50.0,50.0,8.0,16,1.39,0.48,1.1305321047243824,34185,0.284874999999995,162,179,1.1049382716049383,bpentry30|qp50
2.5,50.0,50.0,8.0,28,1.39,0.48,1.1077527997138497,36343,0.3028583333333336,200,191,0.955,bpentry30|qp50
2.5,50.0,50.0,8.0,10,1.39,0.48,0.67071860001961,30629,0.2552416666666643,0,0,1.0,bpentry90|qp50
2.5,50.0,50.0,8.0,22,1.39,0.48,0.6756442632730417,30174,0.2514499999999985,0,0,1.0,bpentry90|qp50
2.5,50.0,50.0,8.0,4,1.39,0.48,1.0910311750599373,37530,0.3127500000000008,200,197,0.985,bpmiddle0|qp50
2.5,50.0,50.0,8.0,16,1.39,0.48,1.167586508213854,34332,0.2860999999999966,200,194,0.97,bpmiddle0|qp50
2.5,50.0,50.0,8.0,28,1.39,0.48,1.0657984664773468,37691,0.3140916666666702,200,198,0.99,bpmiddle0|qp50
2.5,50.0,50.0,8.0,5,1.39,0.48,1.0967177585496064,36405,0.3033749999999985,200,201,1.005,bpentry15|qp50
2.5,50.0,50.0,8.0,17,1.39,0.48,0.4870566004569973,68268,0.568899999999998,132,144,1.0909090909090908,bpentry15|qp50
2.5,50.0,50.0,8.0,29,1.39,0.48,1.1185704637549738,35536,0.2961333333333276,200,192,0.96,bpentry15|qp50
2.5,50.0,50.0,8.0,11,1.39,0.48,1.0471972181087466,37816,0.315133333333331,200,196,0.98,bpentry20|qp50
2.5,50.0,50.0,8.0,23,1.39,0.48,1.0474815334998626,38448,0.3204000000000021,200,200,1.0,bpentry20|qp50
2.5,50.0,50.0,8.0,5,1.39,0.48,1.1095996839609283,30376,0.2531333333333287,93,133,1.4301075268817205,bpentry30|qp50
2.5,50.0,50.0,8.0,17,1.39,0.48,1.0930906642728262,33420,0.278499999999996,131,155,1.183206106870229,bpentry30|qp50
2.5,50.0,50.0,8.0,29,1.39,0.48,1.1613369643407607,19462,0.1621833333333359,5,31,6.2,bpentry30|qp50
2.5,50.0,50.0,8.0,11,1.39,0.48,0.6673059301381454,30775,0.2564583333333303,0,0,1.0,bpentry90|qp50
2.5,50.0,50.0,8.0,23,1.39,0.48,0.6733843514975678,30316,0.2526333333333311,0,0,1.0,bpentry90|qp50
2.5,50.0,50.0,8.0,5,1.39,0.48,1.074604938271507,37260,0.3104999999999974,200,194,0.97,bpmiddle0|qp50
2.5,50.0,50.0,8.0,17,1.39,0.48,1.070299616490888,37548,0.3129,200,196,0.98,bpmiddle0|qp50
2.5,50.0,50.0,8.0,29,1.39,0.48,1.150712544103748,34861,0.2905083333333298,200,202,1.01,bpmiddle0|qp50
2.5,50.0,50.0,8.0,6,1.39,0.48,1.1538967771665332,34721,0.2893416666666654,200,188,0.94,bpentry15|qp50
2.5,50.0,50.0,8.0,18,1.39,0.48,1.0805840896957075,37460,0.3121666666666682,200,203,1.015,bpentry15|qp50
2.5,50.0,50.0,8.0,0,1.39,0.48,1.0812115188310203,37226,0.3102166666666672,200,201,1.005,bpentry20|qp50
2.5,50.0,50.0,8.0,12,1.39,0.48,1.1389503218822308,35106,0.2925499999999929,200,201,1.005,bpentry20|qp50
2.5,50.0,50.0,8.0,24,1.39,0.48,1.132896364932291,35075,0.2922916666666624,200,198,0.99,bpentry20|qp50
2.5,50.0,50.0,8.0,6,1.39,0.48,1.1441550914360072,30021,0.2501749999999976,106,144,1.3584905660377358,bpentry30|qp50
2.5,50.0,50.0,8.0,18,1.39,0.48,1.0935963919693124,30931,0.2577583333333313,146,152,1.0410958904109588,bpentry30|qp50
2.5,50.0,50.0,8.0,0,1.39,0.48,0.6721636006786306,30061,0.25050833333333,0,0,1.0,bpentry90|qp50
2.5,50.0,50.0,8.0,12,1.39,0.48,0.6732321534506983,30342,0.2528499999999972,0,0,1.0,bpentry90|qp50
2.5,50.0,50.0,8.0,24,1.39,0.48,0.6782798637115565,29643,0.2470249999999983,0,0,1.0,bpentry90|qp50
2.5,50.0,50.0,8.0,6,1.39,0.48,1.115337290715394,32850,0.2737500000000007,128,159,1.2421875,bpmiddle0|qp50
2.5,50.0,50.0,8.0,18,1.39,0.48,0.998813521267329,40085,0.3340416666666677,200,199,0.995,bpmiddle0|qp50
2.5,50.0,50.0,8.0,7,1.39,0.48,0.6502160160195737,56431,0.4702583333333343,147,164,1.1156462585034013,bpentry15|qp50
2.5,50.0,50.0,8.0,19,1.39,0.48,1.0363720978334074,38678,0.3223166666666642,200,194,0.97,bpentry15|qp50
2.5,50.0,50.0,8.0,1,1.39,0.48,1.049373722551178,38162,0.3180166666666659,200,194,0.97,bpentry20|qp50
2.5,50.0,50.0,8.0,13,1.39,0.48,1.1142524330733112,36271,0.3022583333333289,200,202,1.01,bpentry20|qp50
2.5,50.0,50.0,8.0,25,1.39,0.48,1.0789599578503557,28470,0.2372499999999989,57,97,1.7017543859649122,bpentry20|qp50
2.5,50.0,50.0,8.0,7,1.39,0.48,0.9863544934760756,34105,0.2842083333333284,93,130,1.3978494623655917,bpentry30|qp50
2.5,50.0,50.0,8.0,19,1.39,0.48,1.1505739398612893,32425,0.270208333333331,200,188,0.94,bpentry30|qp50
2.5,50.0,50.0,8.0,1,1.39,0.48,0.6643251212160525,30524,0.2543666666666666,0,0,1.0,bpentry90|qp50
2.5,50.0,50.0,8.0,13,1.39,0.48,0.6629007534000798,30661,0.2555083333333283,0,0,1.0,bpentry90|qp50
2.5,50.0,50.0,8.0,25,1.39,0.48,0.6504506403500464,31311,0.2609249999999972,0,0,1.0,bpentry90|qp50
2.5,50.0,50.0,8.0,7,1.39,0.48,1.1133414219172466,35853,0.2987749999999963,200,200,1.0,bpmiddle0|qp50
2.5,50.0,50.0,8.0,19,1.39,0.48,1.154335343927634,34484,0.2873666666666614,200,199,0.995,bpmiddle0|qp50
2.5,50.0,50.0,8.0,8,1.39,0.48,1.1016972067039963,35800,0.2983333333333303,200,198,0.99,bpentry15|qp50
2.5,50.0,50.0,8.0,20,1.39,0.48,1.0831203517724928,36842,0.307016666666666,200,191,0.955,bpentry15|qp50
2.5,50.0,50.0,8.0,2,1.39,0.48,1.0774872835498517,36960,0.3079999999999986,200,201,1.005,bpentry20|qp50
2.5,50.0,50.0,8.0,14,1.39,0.48,1.069469279717672,37402,0.3116833333333345,200,192,0.96,bpentry20|qp50
2.5,50.0,50.0,8.0,26,1.39,0.48,1.1155842455642977,35901,0.2991749999999981,200,196,0.98,bpentry20|qp50
2.5,50.0,50.0,8.0,8,1.39,0.48,1.161346706832766,29212,0.2434333333333335,100,135,1.35,bpentry30|qp50
2.5,50.0,50.0,8.0,20,1.39,0.48,1.1234984852927747,30699,0.2558250000000003,99,136,1.3737373737373737,bpentry30|qp50
2.5,50.0,50.0,8.0,2,1.39,0.48,0.666997281707938,30166,0.2513833333333309,0,0,1.0,bpentry90|qp50
2.5,50.0,50.0,8.0,14,1.39,0.48,0.6716873384167497,30557,0.2546416666666658,0,0,1.0,bpentry90|qp50
2.5,50.0,50.0,8.0,26,1.39,0.48,0.6707615608851375,30188,0.2515666666666635,0,0,1.0,bpentry90|qp50
2.5,50.0,50.0,8.0,8,1.39,0.48,1.1172566074674763,35755,0.2979583333333273,200,198,0.99,bpmiddle0|qp50
2.5,50.0,50.0,8.0,20,1.39,0.48,1.1188349301944622,36530,0.3044166666666614,200,202,1.01,bpmiddle0|qp50
2.5,50.0,50.0,8.0,9,1.39,0.48,1.1209536700223923,35463,0.2955249999999976,200,195,0.975,bpentry15|qp50
2.5,50.0,50.0,8.0,21,1.39,0.48,1.0784344108275905,36721,0.3060083333333326,200,202,1.01,bpentry15|qp50
2.5,50.0,50.0,8.0,3,1.39,0.48,1.0787242437528062,34215,0.2851249999999984,135,159,1.1777777777777778,bpentry20|qp50
2.5,50.0,50.0,8.0,15,1.39,0.48,0.8628646784801,43792,0.3649333333333338,181,180,0.994475138121547,bpentry20|qp50
2.5,50.0,50.0,8.0,27,1.39,0.48,1.144881556950517,31703,0.2641916666666621,132,171,1.2954545454545454,bpentry20|qp50
2.5,50.0,50.0,8.0,9,1.39,0.48,1.1561598606022525,22382,0.1865166666666692,21,52,2.4761904761904763,bpentry30|qp50
2.5,50.0,50.0,8.0,21,1.39,0.48,1.0137493729306808,39868,0.3322333333333344,200,194,0.97,bpentry30|qp50
2.5,50.0,50.0,8.0,3,1.39,0.48,0.6713836394873116,30268,0.2522333333333305,0,0,1.0,bpentry90|qp50
2.5,50.0,50.0,8.0,15,1.39,0.48,0.6715811738058735,30022,0.2501833333333311,0,0,1.0,bpentry90|qp50
2.5,50.0,50.0,8.0,27,1.39,0.48,0.6569762641899323,31008,0.2583999999999965,0,0,1.0,bpentry90|qp50
2.5,50.0,50.0,8.0,9,1.39,0.48,1.1059063175995416,36058,0.3004833333333309,200,195,0.975,bpmiddle0|qp50
2.5,50.0,50.0,8.0,21,1.39,0.48,1.0988145639288127,36611,0.3050916666666643,200,199,0.995,bpmiddle0|qp50
2.5,50.0,50.0,8.0,10,1.39,0.48,1.0971903248099275,36175,0.3014583333333328,188,184,0.9787234042553192,bpentry15|qp50
2.5,50.0,50.0,8.0,22,1.39,0.48,1.1247561999664606,35726,0.2977166666666651,200,193,0.965,bpentry15|qp50
2.5,50.0,50.0,8.0,4,1.39,0.48,1.0393729690383624,38467,0.320558333333334,200,196,0.98,bpentry20|qp50
2.5,50.0,50.0,8.0,16,1.39,0.48,1.14376866736414,31539,0.2628249999999948,190,166,0.8736842105263158,bpentry20|qp50
2.5,50.0,50.0,8.0,28,1.39,0.48,1.080215680318155,36211,0.3017583333333342,200,198,0.99,bpentry20|qp50
2.5,50.0,50.0,8.0,10,1.39,0.48,1.0282154359003357,35398,0.294983333333332,178,154,0.8651685393258427,bpentry30|qp50
2.5,50.0,50.0,8.0,22,1.39,0.48,1.1878878119200762,24245,0.2020416666666688,45,81,1.8,bpentry30|qp50
2.5,50.0,50.0,8.0,4,1.39,0.48,0.6446243490410035,31492,0.2624333333333311,0,0,1.0,bpentry90|qp50
2.5,50.0,50.0,8.0,16,1.39,0.48,0.6703463246503758,30174,0.2514499999999972,0,0,1.0,bpentry90|qp50
2.5,50.0,50.0,8.0,28,1.39,0.48,0.6490889252591542,31161,0.2596749999999976,0,0,1.0,bpentry90|qp50
2.5,50.0,50.0,8.0,10,1.39,0.48,1.1313445213347562,35693,0.2974416666666666,200,202,1.01,bpmiddle0|qp50
2.5,50.0,50.0,8.0,22,1.39,0.48,1.1145046143613695,36083,0.3006916666666624,200,199,0.995,bpmiddle0|qp50
2.5,50.0,50.0,8.0,11,1.39,0.48,1.0220503624766208,39037,0.3253083333333348,200,200,1.0,bpentry15|qp50
2.5,50.0,50.0,8.0,23,1.39,0.48,1.0605816169368854,38307,0.3192249999999968,200,200,1.0,bpentry15|qp50
2.5,50.0,50.0,8.0,5,1.39,0.48,1.052005286296022,37077,0.3089749999999994,200,195,0.975,bpentry20|qp50
2.5,50.0,50.0,8.0,17,1.39,0.48,1.0476517072910387,37457,0.3121416666666654,200,188,0.94,bpentry20|qp50
2.5,50.0,50.0,8.0,29,1.39,0.48,1.166663927950777,31645,0.2637083333333337,194,174,0.8969072164948454,bpentry20|qp50
2.5,50.0,50.0,8.0,11,1.39,0.48,0.3925295785793955,75815,0.6317916666666663,64,106,1.65625,bpentry30|qp50
2.5,50.0,50.0,8.0,23,1.39,0.48,1.1308591774258396,30052,0.2504333333333273,92,137,1.4891304347826086,bpentry30|qp50
2.5,50.0,50.0,8.0,5,1.39,0.48,0.6662027879190215,30130,0.251083333333331,0,0,1.0,bpentry90|qp50
2.5,50.0,50.0,8.0,17,1.39,0.48,0.6690976673494802,30266,0.2522166666666645,0,0,1.0,bpentry90|qp50
2.5,50.0,50.0,8.0,29,1.39,0.48,0.6756059587060504,29738,0.2478166666666635,0,0,1.0,bpentry90|qp50
2.5,50.0,50.0,8.0,11,1.39,0.48,1.1396140901952856,35656,0.2971333333333278,200,202,1.01,bpmiddle0|qp50
2.5,50.0,50.0,8.0,23,1.39,0.48,1.094895785211617,36799,0.306658333333329,200,203,1.015,bpmiddle0|qp50
2.5,50.0,50.0,10.0,0,1.39,0.48,0.6679350683491124,30432,0.2535999999999971,0,0,1.0,bpentry90|qp50
2.5,50.0,50.0,10.0,12,1.39,0.48,0.6655262902128961,30867,0.2572249999999979,0,0,1.0,bpentry90|qp50
2.5,50.0,50.0,10.0,24,1.39,0.48,0.6730117623471702,29926,0.2493833333333315,0,0,1.0,bpentry90|qp50
2.5,50.0,50.0,10.0,6,1.39,0.48,1.1294742779783091,35456,0.2954666666666615,200,199,0.995,bpmiddle0|qp50
2.5,50.0,50.0,10.0,18,1.39,0.48,1.0611251526251777,32760,0.2729999999999968,128,148,1.15625,bpmiddle0|qp50
2.5,50.0,50.0,10.0,1,1.39,0.48,0.6620229032467515,30738,0.2561499999999995,0,0,1.0,bpentry90|qp50
2.5,50.0,50.0,10.0,13,1.39,0.48,0.6738692561818055,29967,0.2497249999999982,0,0,1.0,bpentry90|qp50
2.5,50.0,50.0,10.0,25,1.39,0.48,0.6523657153838823,31221,0.2601749999999967,0,0,1.0,bpentry90|qp50
2.5,50.0,50.0,10.0,7,1.39,0.48,1.0523730204315611,36561,0.3046749999999989,200,191,0.955,bpmiddle0|qp50
2.5,50.0,50.0,10.0,19,1.39,0.48,1.0996846708822463,35899,0.2991583333333327,200,202,1.01,bpmiddle0|qp50
2.5,50.0,50.0,10.0,2,1.39,0.48,0.6711803343949636,30144,0.2511999999999968,0,0,1.0,bpentry90|qp50
2.5,50.0,50.0,10.0,14,1.39,0.48,0.6652586290872546,30797,0.2566416666666662,0,0,1.0,bpentry90|qp50
2.5,50.0,50.0,10.0,26,1.39,0.48,0.6793870935400927,29923,0.2493583333333305,0,0,1.0,bpentry90|qp50
2.5,50.0,50.0,10.0,8,1.39,0.48,1.0607990671742475,37306,0.3108833333333307,200,194,0.97,bpmiddle0|qp50
2.5,50.0,50.0,10.0,20,1.39,0.48,1.0834769724322195,36782,0.3065166666666623,200,199,0.995,bpmiddle0|qp50
2.5,50.0,50.0,10.0,3,1.39,0.48,0.6719159002184207,30226,0.2518833333333307,0,0,1.0,bpentry90|qp50
2.5,50.0,50.0,10.0,15,1.39,0.48,0.671204811292629,30179,0.2514916666666651,0,0,1.0,bpentry90|qp50
2.5,50.0,50.0,10.0,27,1.39,0.48,0.6523613337608715,31190,0.2599166666666644,0,0,1.0,bpentry90|qp50
2.5,50.0,50.0,10.0,9,1.39,0.48,1.0798159459240635,36837,0.3069749999999988,200,196,0.98,bpmiddle0|qp50
2.5,50.0,50.0,10.0,21,1.39,0.48,1.075004572104757,37182,0.3098499999999978,200,195,0.975,bpmiddle0|qp50
2.5,50.0,50.0,10.0,4,1.39,0.48,0.665047653241068,30638,0.2553166666666634,0,0,1.0,bpentry90|qp50
2.5,50.0,50.0,10.0,16,1.39,0.48,0.6732472803486546,30059,0.2504916666666639,0,0,1.0,bpentry90|qp50
2.5,50.0,50.0,10.0,28,1.39,0.48,0.6569523438514532,30804,0.2566999999999976,0,0,1.0,bpentry90|qp50
2.5,50.0,50.0,10.0,10,1.39,0.48,1.0919466252244374,37321,0.311008333333333,200,203,1.015,bpmiddle0|qp50
2.5,50.0,50.0,10.0,22,1.39,0.48,0.9965187973624904,40644,0.3387000000000004,200,200,1.0,bpmiddle0|qp50
2.5,50.0,50.0,10.0,5,1.39,0.48,0.6600902615945283,30467,0.2538916666666641,0,0,1.0,bpentry90|qp50
2.5,50.0,50.0,10.0,17,1.39,0.48,0.6738266188006787,30084,0.2506999999999996,0,0,1.0,bpentry90|qp50
2.5,50.0,50.0,10.0,29,1.39,0.48,0.6712807257446107,29983,0.249858333333331,0,0,1.0,bpentry90|qp50
2.5,50.0,50.0,10.0,11,1.39,0.48,1.048120453220425,39451,0.328758333333332,200,206,1.03,bpmiddle0|qp50
2.5,50.0,50.0,10.0,23,1.39,0.48,1.0630074380165568,36300,0.3024999999999976,200,184,0.92,bpmiddle0|qp50
2.5,50.0,50.0,10.0,6,1.39,0.48,0.6737251495205259,29929,0.2494083333333317,0,0,1.0,bpentry90|qp50
2.5,50.0,50.0,10.0,18,1.39,0.48,0.6451894589612042,31458,0.2621500000000005,0,0,1.0,bpentry90|qp50
2.5,50.0,50.0,10.0,0,1.39,0.48,1.0622463844058545,38168,0.3180666666666655,200,201,1.005,bpmiddle0|qp50
2.5,50.0,50.0,10.0,12,1.39,0.48,1.0330545605564387,38526,0.3210499999999993,200,197,0.985,bpmiddle0|qp50
2.5,50.0,50.0,10.0,24,1.39,0.48,1.0949145146683072,36439,0.303658333333332,200,199,0.995,bpmiddle0|qp50
2.5,50.0,50.0,10.0,7,1.39,0.48,0.6744303371165656,29693,0.2474416666666657,0,0,1.0,bpentry90|qp50
2.5,50.0,50.0,10.0,19,1.39,0.48,0.6655852742798595,30097,0.2508083333333304,0,0,1.0,bpentry90|qp50
2.5,50.0,50.0,10.0,1,1.39,0.48,1.1150278011793822,35610,0.2967499999999961,200,202,1.01,bpmiddle0|qp50
2.5,50.0,50.0,10.0,13,1.39,0.48,1.0943179767601932,36575,0.3047916666666632,200,203,1.015,bpmiddle0|qp50
2.5,50.0,50.0,10.0,25,1.39,0.48,0.1257311416553655,152638,1.2719833333333337,20,60,3.0,bpmiddle0|qp50
2.5,50.0,50.0,10.0,8,1.39,0.48,0.6551212698829927,30428,0.253566666666666,0,0,1.0,bpentry90|qp50
2.5,50.0,50.0,10.0,20,1.39,0.48,0.6690785298783608,30256,0.2521333333333314,0,0,1.0,bpentry90|qp50
2.5,50.0,50.0,10.0,2,1.39,0.48,1.0659752657844188,36872,0.3072666666666645,200,195,0.975,bpmiddle0|qp50
2.5,50.0,50.0,10.0,14,1.39,0.48,1.0510731298749043,38206,0.3183833333333328,200,198,0.99,bpmiddle0|qp50
2.5,50.0,50.0,10.0,26,1.39,0.48,1.0677215291751794,37275,0.3106249999999993,200,190,0.95,bpmiddle0|qp50
2.5,50.0,50.0,10.0,9,1.39,0.48,0.6603816171433885,30659,0.2554916666666645,0,0,1.0,bpentry90|qp50
2.5,50.0,50.0,10.0,21,1.39,0.48,0.6760130262851979,30093,0.2507749999999968,0,0,1.0,bpentry90|qp50
2.5,50.0,50.0,10.0,3,1.39,0.48,1.1186506949625474,36189,0.301574999999995,200,203,1.015,bpmiddle0|qp50
2.5,50.0,50.0,10.0,15,1.39,0.48,1.0551643857165425,38142,0.3178499999999973,200,195,0.975,bpmiddle0|qp50
2.5,50.0,50.0,10.0,27,1.39,0.48,1.111149504978004,36059,0.3004916666666584,200,203,1.015,bpmiddle0|qp50
2.5,50.0,50.0,10.0,10,1.39,0.48,0.676292175635546,30290,0.2524166666666645,0,0,1.0,bpentry90|qp50
2.5,50.0,50.0,10.0,22,1.39,0.48,0.6760428271238692,29981,0.2498416666666649,0,0,1.0,bpentry90|qp50
2.5,50.0,50.0,10.0,4,1.39,0.48,1.0844323222304977,36297,0.302475,200,186,0.93,bpmiddle0|qp50
2.5,50.0,50.0,10.0,16,1.39,0.48,1.0841482620068477,37083,0.3090249999999955,200,194,0.97,bpmiddle0|qp50
2.5,50.0,50.0,10.0,28,1.39,0.48,1.0637113928130886,37234,0.3102833333333319,200,195,0.975,bpmiddle0|qp50
2.5,50.0,50.0,10.0,11,1.39,0.48,0.6667575197118958,30819,0.2568249999999974,0,0,1.0,bpentry90|qp50
2.5,50.0,50.0,10.0,23,1.39,0.48,0.6701105570500598,30482,0.2540166666666643,0,0,1.0,bpentry90|qp50
2.5,50.0,50.0,10.0,5,1.39,0.48,1.0980311988230544,36027,0.300224999999998,200,193,0.965,bpmiddle0|qp50
2.5,50.0,50.0,10.0,17,1.39,0.48,1.0479766088005034,38134,0.3177833333333373,200,200,1.0,bpmiddle0|qp50
2.5,50.0,50.0,10.0,29,1.39,0.48,1.0901800968496476,36758,0.3063166666666624,200,202,1.01,bpmiddle0|qp50
2.5,50.0,50.0,12.0,0,1.39,0.48,0.6829351982290471,29814,0.2484499999999964,0,0,1.0,bpentry90|qp50
2.5,50.0,50.0,12.0,12,1.39,0.48,0.6754535587422976,30404,0.253366666666664,0,0,1.0,bpentry90|qp50
2.5,50.0,50.0,12.0,24,1.39,0.48,0.6697719707057846,30040,0.2503333333333318,0,0,1.0,bpentry90|qp50
2.5,50.0,50.0,12.0,1,1.39,0.48,0.6748609957816758,30107,0.2508916666666654,0,0,1.0,bpentry90|qp50
2.5,50.0,50.0,12.0,13,1.39,0.48,0.6608497545007643,30550,0.2545833333333308,0,0,1.0,bpentry90|qp50
2.5,50.0,50.0,12.0,25,1.39,0.48,0.6491312096235541,31423,0.2618583333333333,0,0,1.0,bpentry90|qp50
2.5,50.0,50.0,12.0,2,1.39,0.48,0.6623132807364015,30420,0.2534999999999986,0,0,1.0,bpentry90|qp50
2.5,50.0,50.0,12.0,14,1.39,0.48,0.6715173476749835,30494,0.2541166666666664,0,0,1.0,bpentry90|qp50
2.5,50.0,50.0,12.0,26,1.39,0.48,0.6769408499682377,29907,0.2492249999999973,0,0,1.0,bpentry90|qp50
2.5,50.0,50.0,12.0,3,1.39,0.48,0.6694509014066451,30286,0.2523833333333298,0,0,1.0,bpentry90|qp50
2.5,50.0,50.0,12.0,15,1.39,0.48,0.6823221137664102,29710,0.2475833333333311,0,0,1.0,bpentry90|qp50
2.5,50.0,50.0,12.0,27,1.39,0.48,0.6485392360556672,31285,0.2607083333333311,0,0,1.0,bpentry90|qp50
2.5,50.0,50.0,12.0,4,1.39,0.48,0.6447907492475611,31565,0.2630416666666647,0,0,1.0,bpentry90|qp50
2.5,50.0,50.0,12.0,16,1.39,0.48,0.6613908841582892,30628,0.2552333333333315,0,0,1.0,bpentry90|qp50
2.5,50.0,50.0,12.0,28,1.39,0.48,0.6482543082776582,31277,0.260641666666665,0,0,1.0,bpentry90|qp50
2.5,50.0,50.0,12.0,5,1.39,0.48,0.6605709188224835,30267,0.2522249999999978,0,0,1.0,bpentry90|qp50
2.5,50.0,50.0,12.0,17,1.39,0.48,0.6563566367959645,30911,0.2575916666666659,0,0,1.0,bpentry90|qp50
2.5,50.0,50.0,12.0,29,1.39,0.48,0.6800902972708174,29569,0.2464083333333311,0,0,1.0,bpentry90|qp50
2.5,50.0,50.0,12.0,6,1.39,0.48,0.6740735053576559,29957,0.249641666666665,0,0,1.0,bpentry90|qp50
2.5,50.0,50.0,12.0,18,1.39,0.48,0.6795160209143538,29836,0.2486333333333308,0,0,1.0,bpentry90|qp50
2.5,50.0,50.0,12.0,7,1.39,0.48,0.6789022252192399,29660,0.2471666666666666,0,0,1.0,bpentry90|qp50
2.5,50.0,50.0,12.0,19,1.39,0.48,0.6744987439290376,29855,0.2487916666666637,0,0,1.0,bpentry90|qp50
2.5,50.0,50.0,12.0,8,1.39,0.48,0.6643326155375235,30185,0.2515416666666653,0,0,1.0,bpentry90|qp50
2.5,50.0,50.0,12.0,20,1.39,0.48,0.6774038268548506,29894,0.2491166666666645,0,0,1.0,bpentry90|qp50
2.5,50.0,50.0,12.0,9,1.39,0.48,0.6647217858077917,30552,0.2545999999999971,0,0,1.0,bpentry90|qp50
2.5,50.0,50.0,12.0,21,1.39,0.48,0.6702766642570855,30434,0.2536166666666629,0,0,1.0,bpentry90|qp50
2.5,50.0,50.0,12.0,10,1.39,0.48,0.6721742406867626,30521,0.2543416666666641,0,0,1.0,bpentry90|qp50
2.5,50.0,50.0,12.0,22,1.39,0.48,0.6768066890969272,30019,0.2501583333333309,0,0,1.0,bpentry90|qp50
2.5,50.0,50.0,12.0,11,1.39,0.48,0.6635315251165466,30896,0.257466666666664,0,0,1.0,bpentry90|qp50
2.5,50.0,50.0,12.0,23,1.39,0.48,0.6713702130483779,30134,0.2511166666666638,0,0,1.0,bpentry90|qp50
2.5,50.0,50.0,15.0,0,1.39,0.48,0.6722802197802372,30212,0.2517666666666642,0,0,1.0,bpentry90|qp50
2.5,50.0,50.0,15.0,12,1.39,0.48,0.6727977875814924,30374,0.253116666666664,0,0,1.0,bpentry90|qp50
2.5,50.0,50.0,15.0,24,1.39,0.48,0.6745168816452379,30003,0.2500249999999975,0,0,1.0,bpentry90|qp50
2.5,50.0,50.0,15.0,1,1.39,0.48,0.6780001333466305,29997,0.2499749999999986,0,0,1.0,bpentry90|qp50
2.5,50.0,50.0,15.0,13,1.39,0.48,0.65908431135372,30589,0.2549083333333301,0,0,1.0,bpentry90|qp50
2.5,50.0,50.0,15.0,25,1.39,0.48,0.6416431229110127,31714,0.2642833333333314,0,0,1.0,bpentry90|qp50
2.5,50.0,50.0,15.0,2,1.39,0.48,0.6646502735843408,30338,0.2528166666666644,0,0,1.0,bpentry90|qp50
2.5,50.0,50.0,15.0,14,1.39,0.48,0.6782010984648337,30224,0.2518666666666649,0,0,1.0,bpentry90|qp50
2.5,50.0,50.0,15.0,26,1.39,0.48,0.6703760418044793,30236,0.2519666666666639,0,0,1.0,bpentry90|qp50
2.5,50.0,50.0,15.0,3,1.39,0.48,0.6663475621825414,30314,0.2526166666666644,0,0,1.0,bpentry90|qp50
2.5,50.0,50.0,15.0,15,1.39,0.48,0.6778899912851132,29834,0.2486166666666651,0,0,1.0,bpentry90|qp50
2.5,50.0,50.0,15.0,27,1.39,0.48,0.6496348877925074,31415,0.2617916666666636,0,0,1.0,bpentry90|qp50
2.5,50.0,50.0,15.0,4,1.39,0.48,0.6421302573760009,31860,0.2654999999999973,0,0,1.0,bpentry90|qp50
2.5,50.0,50.0,15.0,16,1.39,0.48,0.6675324375946661,30366,0.2530499999999977,0,0,1.0,bpentry90|qp50
2.5,50.0,50.0,15.0,28,1.39,0.48,0.642707830176701,31468,0.2622333333333309,0,0,1.0,bpentry90|qp50
2.5,50.0,50.0,15.0,5,1.39,0.48,0.6651152302948148,30157,0.2513083333333314,0,0,1.0,bpentry90|qp50
2.5,50.0,50.0,15.0,17,1.39,0.48,0.6490376180566475,31235,0.2602916666666668,0,0,1.0,bpentry90|qp50
2.5,50.0,50.0,15.0,29,1.39,0.48,0.6763697755678258,29764,0.2480333333333322,0,0,1.0,bpentry90|qp50
2.5,50.0,50.0,15.0,6,1.39,0.48,0.6761877990830565,29883,0.2490249999999986,0,0,1.0,bpentry90|qp50
2.5,50.0,50.0,15.0,18,1.39,0.48,0.6606416326530768,30625,0.255208333333332,0,0,1.0,bpentry90|qp50
2.5,50.0,50.0,15.0,7,1.39,0.48,0.6812518087290825,29717,0.247641666666666,0,0,1.0,bpentry90|qp50
2.5,50.0,50.0,15.0,19,1.39,0.48,0.6713628011092634,29931,0.2494249999999962,0,0,1.0,bpentry90|qp50
2.5,50.0,50.0,15.0,8,1.39,0.48,0.6694542777796084,29887,0.249058333333332,0,0,1.0,bpentry90|qp50
2.5,50.0,50.0,15.0,20,1.39,0.48,0.669113365390929,30362,0.2530166666666652,0,0,1.0,bpentry90|qp50
2.5,50.0,50.0,15.0,9,1.39,0.48,0.6623932381421237,30465,0.2538749999999974,0,0,1.0,bpentry90|qp50
2.5,50.0,50.0,15.0,21,1.39,0.48,0.6656779939529384,30428,0.253566666666663,0,0,1.0,bpentry90|qp50
2.5,50.0,50.0,15.0,10,1.39,0.48,0.6737956925509098,30366,0.2530499999999963,0,0,1.0,bpentry90|qp50
2.5,50.0,50.0,15.0,22,1.39,0.48,0.6939712053495609,29311,0.2442583333333302,0,0,1.0,bpentry90|qp50
2.5,50.0,50.0,15.0,11,1.39,0.48,0.6511605839416307,31510,0.2625833333333316,0,0,1.0,bpentry90|qp50
2.5,50.0,50.0,15.0,23,1.39,0.48,0.6721012450852099,30520,0.2543333333333295,0,0,1.0,bpentry90|qp50
2.5,50.0,50.0,18.0,0,1.39,0.48,0.6637787776281744,30449,0.2537416666666641,0,0,1.0,bpentry90|qp50
2.5,50.0,50.0,18.0,12,1.39,0.48,0.6697060849598541,30485,0.2540416666666642,0,0,1.0,bpentry90|qp50
2.5,50.0,50.0,18.0,24,1.39,0.48,0.6696293330664791,29973,0.2497749999999983,0,0,1.0,bpentry90|qp50
2.5,50.0,50.0,18.0,1,1.39,0.48,0.6588618971636605,30709,0.2559083333333319,0,0,1.0,bpentry90|qp50
2.5,50.0,50.0,18.0,13,1.39,0.48,0.6642477442134266,30588,0.2548999999999971,0,0,1.0,bpentry90|qp50
2.5,50.0,50.0,18.0,25,1.39,0.48,0.6497016401812794,31338,0.2611499999999959,0,0,1.0,bpentry90|qp50
2.5,50.0,50.0,18.0,2,1.39,0.48,0.6688452855246185,30120,0.250999999999997,0,0,1.0,bpentry90|qp50
2.5,50.0,50.0,18.0,14,1.39,0.48,0.6621702622400468,30964,0.2580333333333309,0,0,1.0,bpentry90|qp50
2.5,50.0,50.0,18.0,26,1.39,0.48,0.6835521170442437,29664,0.2471999999999973,0,0,1.0,bpentry90|qp50
2.5,50.0,50.0,18.0,3,1.39,0.48,0.6671886062130468,30227,0.2518916666666645,0,0,1.0,bpentry90|qp50
2.5,50.0,50.0,18.0,15,1.39,0.48,0.6752783608196004,30015,0.2501249999999985,0,0,1.0,bpentry90|qp50
2.5,50.0,50.0,18.0,27,1.39,0.48,0.6513793323546674,31334,0.2611166666666637,0,0,1.0,bpentry90|qp50
2.5,50.0,50.0,18.0,4,1.39,0.48,0.6457213883082804,31578,0.2631499999999974,0,0,1.0,bpentry90|qp50
2.5,50.0,50.0,18.0,16,1.39,0.48,0.6570410318053319,30781,0.2565083333333311,0,0,1.0,bpentry90|qp50
2.5,50.0,50.0,18.0,28,1.39,0.48,0.6483462019030706,31213,0.26010833333333,0,0,1.0,bpentry90|qp50
2.5,50.0,50.0,18.0,5,1.39,0.48,0.6585533459802592,30574,0.2547833333333314,0,0,1.0,bpentry90|qp50
2.5,50.0,50.0,18.0,17,1.39,0.48,0.6531400935031177,31015,0.2584583333333332,0,0,1.0,bpentry90|qp50
2.5,50.0,50.0,18.0,29,1.39,0.48,0.6777596836885486,29844,0.2486999999999967,0,0,1.0,bpentry90|qp50
2.5,50.0,50.0,18.0,6,1.39,0.48,0.6803875446518598,29674,0.2472833333333325,0,0,1.0,bpentry90|qp50
2.5,50.0,50.0,18.0,18,1.39,0.48,0.6529215445314314,30922,0.2576833333333318,0,0,1.0,bpentry90|qp50
2.5,50.0,50.0,18.0,7,1.39,0.48,0.6797889450647148,29471,0.245591666666666,0,0,1.0,bpentry90|qp50
2.5,50.0,50.0,18.0,19,1.39,0.48,0.6684317657676203,29919,0.2493249999999979,0,0,1.0,bpentry90|qp50
2.5,50.0,50.0,18.0,8,1.39,0.48,0.6642168794232315,30238,0.2519833333333323,0,0,1.0,bpentry90|qp50
2.5,50.0,50.0,18.0,20,1.39,0.48,0.6704029000860514,30206,0.2517166666666652,0,0,1.0,bpentry90|qp50
2.5,50.0,50.0,18.0,9,1.39,0.48,0.6704604173567249,30190,0.2515833333333304,0,0,1.0,bpentry90|qp50
2.5,50.0,50.0,18.0,21,1.39,0.48,0.6725291043788946,30236,0.2519666666666644,0,0,1.0,bpentry90|qp50
2.5,50.0,50.0,18.0,10,1.39,0.48,0.6727274520115852,30424,0.2535333333333309,0,0,1.0,bpentry90|qp50
2.5,50.0,50.0,18.0,22,1.39,0.48,0.6753663412521433,30013,0.2501083333333312,0,0,1.0,bpentry90|qp50
2.5,50.0,50.0,18.0,11,1.39,0.48,0.6568714601133115,31251,0.2604249999999993,0,0,1.0,bpentry90|qp50
2.5,50.0,50.0,18.0,23,1.39,0.48,0.6700645732266999,30508,0.2542333333333308,0,0,1.0,bpentry90|qp50
2.5,50.0,50.0,20.0,0,1.39,0.48,0.6793220509047393,29899,0.24915833333333,0,0,1.0,bpentry90|qp50
2.5,50.0,50.0,20.0,12,1.39,0.48,0.6714032152231437,30480,0.2539999999999973,0,0,1.0,bpentry90|qp50
2.5,50.0,50.0,20.0,24,1.39,0.48,0.6673319209507623,30209,0.2517416666666646,0,0,1.0,bpentry90|qp50
2.5,50.0,50.0,20.0,1,1.39,0.48,0.6759808707780763,30111,0.250924999999999,0,0,1.0,bpentry90|qp50
2.5,50.0,50.0,20.0,13,1.39,0.48,0.6596647606600378,30605,0.2550416666666634,0,0,1.0,bpentry90|qp50
2.5,50.0,50.0,20.0,25,1.39,0.48,0.6459832476680158,31518,0.2626499999999985,0,0,1.0,bpentry90|qp50
2.5,50.0,50.0,20.0,2,1.39,0.48,0.6671559299637364,30270,0.2522499999999982,0,0,1.0,bpentry90|qp50
2.5,50.0,50.0,20.0,14,1.39,0.48,0.6737942819586115,30430,0.2535833333333319,0,0,1.0,bpentry90|qp50
2.5,50.0,50.0,20.0,26,1.39,0.48,0.670231581036822,30227,0.251891666666663,0,0,1.0,bpentry90|qp50
2.5,50.0,50.0,20.0,3,1.39,0.48,0.6690839339688938,30107,0.2508916666666641,0,0,1.0,bpentry90|qp50
2.5,50.0,50.0,20.0,15,1.39,0.48,0.6839481541802448,29472,0.2455999999999984,0,0,1.0,bpentry90|qp50
2.5,50.0,50.0,20.0,27,1.39,0.48,0.666753693451726,30527,0.2543916666666643,0,0,1.0,bpentry90|qp50
2.5,50.0,50.0,20.0,4,1.39,0.48,0.6432119738545127,31669,0.2639083333333309,0,0,1.0,bpentry90|qp50
2.5,50.0,50.0,20.0,16,1.39,0.48,0.6672452035410007,30387,0.2532249999999958,0,0,1.0,bpentry90|qp50
2.5,50.0,50.0,20.0,28,1.39,0.48,0.6508020187084355,31109,0.2592416666666632,0,0,1.0,bpentry90|qp50
2.5,50.0,50.0,20.0,5,1.39,0.48,0.6629024502700553,30364,0.253033333333331,0,0,1.0,bpentry90|qp50
2.5,50.0,50.0,20.0,17,1.39,0.48,0.6643743858499578,30530,0.2544166666666649,0,0,1.0,bpentry90|qp50
2.5,50.0,50.0,20.0,29,1.39,0.48,0.6759728173540575,29872,0.2489333333333311,0,0,1.0,bpentry90|qp50
2.5,50.0,50.0,20.0,6,1.39,0.48,0.667807032051064,30233,0.251941666666665,0,0,1.0,bpentry90|qp50
2.5,50.0,50.0,20.0,18,1.39,0.48,0.6596788036411316,30760,0.2563333333333312,0,0,1.0,bpentry90|qp50
2.5,50.0,50.0,20.0,7,1.39,0.48,0.6739636547199136,29715,0.2476249999999987,0,0,1.0,bpentry90|qp50
2.5,50.0,50.0,20.0,19,1.39,0.48,0.673851380753184,29875,0.2489583333333302,0,0,1.0,bpentry90|qp50
2.5,50.0,50.0,20.0,8,1.39,0.48,0.6622832121612546,30260,0.2521666666666656,0,0,1.0,bpentry90|qp50
2.5,50.0,50.0,20.0,20,1.39,0.48,0.6666622799802351,30395,0.2532916666666637,0,0,1.0,bpentry90|qp50
2.5,50.0,50.0,20.0,9,1.39,0.48,0.6615667481662524,30675,0.255624999999997,0,0,1.0,bpentry90|qp50
2.5,50.0,50.0,20.0,21,1.39,0.48,0.66204143854702,30503,0.2541916666666632,0,0,1.0,bpentry90|qp50
2.5,50.0,50.0,20.0,10,1.39,0.48,0.6706739765602043,30461,0.253841666666663,0,0,1.0,bpentry90|qp50
2.5,50.0,50.0,20.0,22,1.39,0.48,0.6753163459293919,29983,0.2498583333333297,0,0,1.0,bpentry90|qp50
2.5,50.0,50.0,20.0,11,1.39,0.48,0.6625765015771939,30751,0.2562583333333313,0,0,1.0,bpentry90|qp50
2.5,50.0,50.0,20.0,23,1.39,0.48,0.6694301518722021,30552,0.2545999999999971,0,0,1.0,bpentry90|qp50
