dataset,tag,configuration,qr,seed_block,n_seed_rows,unique_seeds,exact_seed_block_complete,baseline_complete,configuration_matched,scientific_config_sha256,configuration_evidence,geometry_id,baseline_mean_speed,technical_failures,missing_metric_rows,passing,service_status,reuse_valid,source,raw_xml_present,wall_seconds
Development,AMS-amsterdam-chain-138895-0|qp52,historical,0.0,0-29,30,30,True,True,False,,no preserved run_spec,AMS-amsterdam-chain-138895-0,,0,0,,MISSING_CONFIGURATION_PROOF,False,data/submission/raw_final.csv,False,534.9989417002071
Development,AMS-amsterdam-chain-138895-0|qp52,historical,1.0,0-29,30,30,True,True,False,,no preserved run_spec,AMS-amsterdam-chain-138895-0,,0,0,,MISSING_CONFIGURATION_PROOF,False,data/submission/raw_final.csv,False,605.4771414995193
Development,AMS-amsterdam-chain-138895-0|qp52,historical,2.0,0-29,30,30,True,True,False,,no preserved run_spec,AMS-amsterdam-chain-138895-0,,0,0,,MISSING_CONFIGURATION_PROOF,False,data/submission/raw_final.csv,False,585.5212622003164
Development,AMS-amsterdam-chain-138895-0|qp52,historical,3.0,0-29,30,30,True,True,False,,no preserved run_spec,AMS-amsterdam-chain-138895-0,,0,0,,MISSING_CONFIGURATION_PROOF,False,data/submission/raw_final.csv,False,564.758254700806
Development,AMS-amsterdam-chain-138895-0|qp52,historical,4.0,0-29,30,30,True,True,False,,no preserved run_spec,AMS-amsterdam-chain-138895-0,,0,0,,MISSING_CONFIGURATION_PROOF,False,data/submission/raw_final.csv,False,611.2772634993307
Development,AMS-amsterdam-chain-138895-0|qp87,historical,0.0,0-29,30,30,True,True,False,,no preserved run_spec,AMS-amsterdam-chain-138895-0,,0,0,,MISSING_CONFIGURATION_PROOF,False,data/submission/raw_final.csv,False,1907.5505047994664
Development,AMS-amsterdam-chain-141619-0|qp10,historical,0.0,0-29,30,30,True,True,True,7bdc5cb15f546af051643441211e69f94d7a5246d18e113150c6571248ea3809,frozen run_specs plus configuration-labelled raw_final records,AMS-amsterdam-chain-141619-0,1.310945016101922,0,0,30.0,PASS,True,data/submission/raw_final.csv,False,93.1388910994865
Development,AMS-amsterdam-chain-141619-0|qp10,historical,1.0,0-29,30,30,True,True,True,7bdc5cb15f546af051643441211e69f94d7a5246d18e113150c6571248ea3809,frozen run_specs plus configuration-labelled raw_final records,AMS-amsterdam-chain-141619-0,1.310945016101922,0,0,30.0,PASS,True,data/submission/raw_final.csv,False,92.00403310125694
Development,AMS-amsterdam-chain-141619-0|qp10,historical,2.0,0-29,30,30,True,True,True,7bdc5cb15f546af051643441211e69f94d7a5246d18e113150c6571248ea3809,frozen run_specs plus configuration-labelled raw_final records,AMS-amsterdam-chain-141619-0,1.310945016101922,0,0,30.0,PASS,True,data/submission/raw_final.csv,False,91.43437109957448
Development,AMS-amsterdam-chain-141619-0|qp10,historical,3.0,0-29,30,30,True,True,True,7bdc5cb15f546af051643441211e69f94d7a5246d18e113150c6571248ea3809,frozen run_specs plus configuration-labelled raw_final records,AMS-amsterdam-chain-141619-0,1.310945016101922,0,0,30.0,PASS,True,data/submission/raw_final.csv,False,93.69601359916852
Development,AMS-amsterdam-chain-141619-0|qp10,historical,4.0,0-29,30,30,True,True,True,7bdc5cb15f546af051643441211e69f94d7a5246d18e113150c6571248ea3809,frozen run_specs plus configuration-labelled raw_final records,AMS-amsterdam-chain-141619-0,1.310945016101922,0,0,30.0,PASS,True,data/submission/raw_final.csv,False,101.00733210076578
Development,AMS-amsterdam-chain-141619-0|qp10,historical,5.0,0-29,30,30,True,True,True,7bdc5cb15f546af051643441211e69f94d7a5246d18e113150c6571248ea3809,frozen run_specs plus configuration-labelled raw_final records,AMS-amsterdam-chain-141619-0,1.310945016101922,0,0,30.0,PASS,True,data/submission/raw_final.csv,False,101.3870309998747
Development,AMS-amsterdam-chain-141619-0|qp10,historical,6.0,0-29,30,30,True,True,True,7bdc5cb15f546af051643441211e69f94d7a5246d18e113150c6571248ea3809,frozen run_specs plus configuration-labelled raw_final records,AMS-amsterdam-chain-141619-0,1.310945016101922,0,0,30.0,PASS,True,data/submission/raw_final.csv,False,107.48164589866064
Development,AMS-amsterdam-chain-141619-0|qp10,historical,7.0,0-29,30,30,True,True,True,7bdc5cb15f546af051643441211e69f94d7a5246d18e113150c6571248ea3809,frozen run_specs plus configuration-labelled raw_final records,AMS-amsterdam-chain-141619-0,1.310945016101922,0,0,30.0,PASS,True,new package,True,64.55760820006253
Development,AMS-amsterdam-chain-141619-0|qp10,historical,8.0,0-29,30,30,True,True,True,7bdc5cb15f546af051643441211e69f94d7a5246d18e113150c6571248ea3809,frozen run_specs plus configuration-labelled raw_final records,AMS-amsterdam-chain-141619-0,1.310945016101922,0,0,30.0,PASS,True,data/submission/raw_final.csv,False,120.58614549972116
Development,AMS-amsterdam-chain-141619-0|qp10,historical,9.0,0-29,30,30,True,True,True,7bdc5cb15f546af051643441211e69f94d7a5246d18e113150c6571248ea3809,frozen run_specs plus configuration-labelled raw_final records,AMS-amsterdam-chain-141619-0,1.310945016101922,0,0,30.0,PASS,True,data/submission/raw_final.csv,False,79.17399999941699
Development,AMS-amsterdam-chain-141619-0|qp10,historical,10.0,0-29,30,30,True,True,True,7bdc5cb15f546af051643441211e69f94d7a5246d18e113150c6571248ea3809,frozen run_specs plus configuration-labelled raw_final records,AMS-amsterdam-chain-141619-0,1.310945016101922,0,0,29.0,PASS,True,data/submission/raw_final.csv,False,133.4021494006738
Development,AMS-amsterdam-chain-141619-0|qp10,historical,11.0,0-29,30,30,True,True,True,7bdc5cb15f546af051643441211e69f94d7a5246d18e113150c6571248ea3809,frozen run_specs plus configuration-labelled raw_final records,AMS-amsterdam-chain-141619-0,1.310945016101922,0,0,30.0,PASS,True,data/submission/raw_final.csv,False,131.1401796999853
Development,AMS-amsterdam-chain-141619-0|qp10,historical,12.0,0-29,30,30,True,True,True,7bdc5cb15f546af051643441211e69f94d7a5246d18e113150c6571248ea3809,frozen run_specs plus configuration-labelled raw_final records,AMS-amsterdam-chain-141619-0,1.310945016101922,0,0,28.0,FAIL,True,data/submission/raw_final.csv,False,144.45201449957676
Development,AMS-amsterdam-chain-141619-0|qp10,historical,15.0,0-29,30,30,True,True,True,7bdc5cb15f546af051643441211e69f94d7a5246d18e113150c6571248ea3809,frozen run_specs plus configuration-labelled raw_final records,AMS-amsterdam-chain-141619-0,1.310945016101922,0,0,24.0,FAIL,True,data/submission/raw_final.csv,False,171.53392000007443
Development,AMS-amsterdam-chain-141619-0|qp10,historical,18.0,0-29,30,30,True,True,True,7bdc5cb15f546af051643441211e69f94d7a5246d18e113150c6571248ea3809,frozen run_specs plus configuration-labelled raw_final records,AMS-amsterdam-chain-141619-0,1.310945016101922,0,0,10.0,FAIL,True,data/submission/raw_final.csv,False,182.5928599999752
Development,AMS-amsterdam-chain-141619-0|qp25,historical,0.0,0-29,30,30,True,True,True,ef5b1eb59b58d7d8e9315faa4c23557e76c891d3bc5b74bd2e9e1898649d389b,frozen run_specs plus configuration-labelled raw_final records,AMS-amsterdam-chain-141619-0,1.2385816103779277,0,0,30.0,PASS,True,data/submission/raw_final.csv,False,179.9904316009488
Development,AMS-amsterdam-chain-141619-0|qp25,historical,1.0,0-29,30,30,True,True,True,ef5b1eb59b58d7d8e9315faa4c23557e76c891d3bc5b74bd2e9e1898649d389b,frozen run_specs plus configuration-labelled raw_final records,AMS-amsterdam-chain-141619-0,1.2385816103779277,0,0,30.0,PASS,True,data/submission/raw_final.csv,False,175.80658380081877
Development,AMS-amsterdam-chain-141619-0|qp25,historical,2.0,0-29,30,30,True,True,True,ef5b1eb59b58d7d8e9315faa4c23557e76c891d3bc5b74bd2e9e1898649d389b,frozen run_specs plus configuration-labelled raw_final records,AMS-amsterdam-chain-141619-0,1.2385816103779277,0,0,30.0,PASS,True,data/submission/raw_final.csv,False,168.6923983010929
Development,AMS-amsterdam-chain-141619-0|qp25,historical,3.0,0-29,30,30,True,True,True,ef5b1eb59b58d7d8e9315faa4c23557e76c891d3bc5b74bd2e9e1898649d389b,frozen run_specs plus configuration-labelled raw_final records,AMS-amsterdam-chain-141619-0,1.2385816103779277,0,0,30.0,PASS,True,data/submission/raw_final.csv,False,178.9700404002797
Development,AMS-amsterdam-chain-141619-0|qp25,historical,4.0,0-29,30,30,True,True,True,ef5b1eb59b58d7d8e9315faa4c23557e76c891d3bc5b74bd2e9e1898649d389b,frozen run_specs plus configuration-labelled raw_final records,AMS-amsterdam-chain-141619-0,1.2385816103779277,0,0,30.0,PASS,True,data/submission/raw_final.csv,False,191.9235336997081
Development,AMS-amsterdam-chain-141619-0|qp25,historical,5.0,0-29,30,30,True,True,True,ef5b1eb59b58d7d8e9315faa4c23557e76c891d3bc5b74bd2e9e1898649d389b,frozen run_specs plus configuration-labelled raw_final records,AMS-amsterdam-chain-141619-0,1.2385816103779277,0,0,30.0,PASS,True,data/submission/raw_final.csv,False,189.1739046003204
Development,AMS-amsterdam-chain-141619-0|qp25,historical,6.0,0-29,30,30,True,True,True,ef5b1eb59b58d7d8e9315faa4c23557e76c891d3bc5b74bd2e9e1898649d389b,frozen run_specs plus configuration-labelled raw_final records,AMS-amsterdam-chain-141619-0,1.2385816103779277,0,0,30.0,PASS,True,data/submission/raw_final.csv,False,210.78272260003723
Development,AMS-amsterdam-chain-141619-0|qp25,historical,8.0,0-29,30,30,True,True,True,ef5b1eb59b58d7d8e9315faa4c23557e76c891d3bc5b74bd2e9e1898649d389b,frozen run_specs plus configuration-labelled raw_final records,AMS-amsterdam-chain-141619-0,1.2385816103779277,0,0,29.0,PASS,True,data/submission/raw_final.csv,False,248.46837069978935
Development,AMS-amsterdam-chain-141619-0|qp25,historical,9.0,0-29,30,30,True,True,True,ef5b1eb59b58d7d8e9315faa4c23557e76c891d3bc5b74bd2e9e1898649d389b,frozen run_specs plus configuration-labelled raw_final records,AMS-amsterdam-chain-141619-0,1.2385816103779277,0,0,24.0,FAIL,True,data/submission/raw_final.csv,False,272.9719961010851
Development,AMS-amsterdam-chain-141619-0|qp25,historical,10.0,0-29,30,30,True,True,True,ef5b1eb59b58d7d8e9315faa4c23557e76c891d3bc5b74bd2e9e1898649d389b,frozen run_specs plus configuration-labelled raw_final records,AMS-amsterdam-chain-141619-0,1.2385816103779277,0,0,21.0,FAIL,True,data/submission/raw_final.csv,False,274.22500589932315
Development,AMS-amsterdam-chain-141619-0|qp25,historical,12.0,0-29,30,30,True,True,True,ef5b1eb59b58d7d8e9315faa4c23557e76c891d3bc5b74bd2e9e1898649d389b,frozen run_specs plus configuration-labelled raw_final records,AMS-amsterdam-chain-141619-0,1.2385816103779277,0,0,7.0,FAIL,True,data/submission/raw_final.csv,False,361.71763339964673
Development,AMS-amsterdam-chain-142287-0|qp18,historical,0.0,0-29,30,30,True,True,False,,no preserved run_spec,AMS-amsterdam-chain-142287-0,,0,0,,MISSING_CONFIGURATION_PROOF,False,data/submission/raw_final.csv,False,335.6507256994955
Development,AMS-amsterdam-chain-142287-0|qp44,historical,0.0,0-29,30,30,True,True,False,,no preserved run_spec,AMS-amsterdam-chain-142287-0,,0,0,,MISSING_CONFIGURATION_PROOF,False,data/submission/raw_final.csv,False,600.3750775002409
Development,AMS-amsterdam-chain-15655-200|qp16,historical,0.0,0-29,30,30,True,True,False,,no preserved run_spec,AMS-amsterdam-chain-15655-200,,0,0,,MISSING_CONFIGURATION_PROOF,False,data/submission/raw_final.csv,False,115.78207590081728
Development,AMS-amsterdam-chain-15655-200|qp16,historical,1.0,0-29,30,30,True,True,False,,no preserved run_spec,AMS-amsterdam-chain-15655-200,,0,0,,MISSING_CONFIGURATION_PROOF,False,data/submission/raw_final.csv,False,606.2630836998578
Development,AMS-amsterdam-chain-15655-200|qp7,historical,0.0,0-29,30,30,True,True,False,,no preserved run_spec,AMS-amsterdam-chain-15655-200,,0,0,,MISSING_CONFIGURATION_PROOF,False,data/submission/raw_final.csv,False,74.04236090020277
Development,AMS-amsterdam-chain-15655-200|qp7,historical,1.0,0-29,30,30,True,True,False,,no preserved run_spec,AMS-amsterdam-chain-15655-200,,0,0,,MISSING_CONFIGURATION_PROOF,False,data/submission/raw_final.csv,False,307.5416706001852
Development,AMS-amsterdam-chain-158080-0|qp19,historical,0.0,0-29,30,30,True,True,False,,no preserved run_spec,AMS-amsterdam-chain-158080-0,,0,0,,MISSING_CONFIGURATION_PROOF,False,data/submission/raw_final.csv,False,150.57121889968403
Development,AMS-amsterdam-chain-158080-0|qp19,historical,1.0,0-29,30,30,True,True,False,,no preserved run_spec,AMS-amsterdam-chain-158080-0,,0,0,,MISSING_CONFIGURATION_PROOF,False,data/submission/raw_final.csv,False,114.22717660013586
Development,AMS-amsterdam-chain-158080-0|qp19,historical,2.0,0-29,30,30,True,True,False,,no preserved run_spec,AMS-amsterdam-chain-158080-0,,0,0,,MISSING_CONFIGURATION_PROOF,False,data/submission/raw_final.csv,False,117.7681350002531
Development,AMS-amsterdam-chain-158080-0|qp19,historical,3.0,0-29,30,30,True,True,False,,no preserved run_spec,AMS-amsterdam-chain-158080-0,,0,0,,MISSING_CONFIGURATION_PROOF,False,data/submission/raw_final.csv,False,117.10361990099771
Development,AMS-amsterdam-chain-158080-0|qp19,historical,4.0,0-29,30,30,True,True,False,,no preserved run_spec,AMS-amsterdam-chain-158080-0,,0,0,,MISSING_CONFIGURATION_PROOF,False,data/submission/raw_final.csv,False,134.72821709979326
Development,AMS-amsterdam-chain-158080-0|qp19,historical,5.0,0-29,30,30,True,True,False,,no preserved run_spec,AMS-amsterdam-chain-158080-0,,0,0,,MISSING_CONFIGURATION_PROOF,False,data/submission/raw_final.csv,False,135.85391089948826
Development,AMS-amsterdam-chain-158080-0|qp19,historical,6.0,0-29,30,30,True,True,False,,no preserved run_spec,AMS-amsterdam-chain-158080-0,,0,0,,MISSING_CONFIGURATION_PROOF,False,data/submission/raw_final.csv,False,139.71936889993958
Development,AMS-amsterdam-chain-158080-0|qp19,historical,8.0,0-29,30,30,True,True,False,,no preserved run_spec,AMS-amsterdam-chain-158080-0,,0,0,,MISSING_CONFIGURATION_PROOF,False,data/submission/raw_final.csv,False,150.6926850010641
Development,AMS-amsterdam-chain-158080-0|qp19,historical,10.0,0-29,30,30,True,True,False,,no preserved run_spec,AMS-amsterdam-chain-158080-0,,0,0,,MISSING_CONFIGURATION_PROOF,False,data/submission/raw_final.csv,False,152.38844189909287
Development,AMS-amsterdam-chain-158080-0|qp19,historical,12.0,0-29,30,30,True,True,False,,no preserved run_spec,AMS-amsterdam-chain-158080-0,,0,0,,MISSING_CONFIGURATION_PROOF,False,data/submission/raw_final.csv,False,187.29805910005237
Development,AMS-amsterdam-chain-158080-0|qp19,historical,15.0,0-29,30,30,True,True,False,,no preserved run_spec,AMS-amsterdam-chain-158080-0,,0,0,,MISSING_CONFIGURATION_PROOF,False,data/submission/raw_final.csv,False,202.5896108995657
Development,AMS-amsterdam-chain-158080-0|qp19,historical,18.0,0-29,30,30,True,True,False,,no preserved run_spec,AMS-amsterdam-chain-158080-0,,0,0,,MISSING_CONFIGURATION_PROOF,False,data/submission/raw_final.csv,False,221.8068678993732
Development,AMS-amsterdam-chain-158080-0|qp19,historical,19.0,0-29,30,30,True,True,False,,no preserved run_spec,AMS-amsterdam-chain-158080-0,,0,0,,MISSING_CONFIGURATION_PROOF,False,data/submission/raw_final.csv,False,212.32030249922536
Development,AMS-amsterdam-chain-158080-0|qp19,historical,20.0,0-29,30,30,True,True,False,,no preserved run_spec,AMS-amsterdam-chain-158080-0,,0,0,,MISSING_CONFIGURATION_PROOF,False,data/submission/raw_final.csv,False,224.85857710032724
Development,AMS-amsterdam-chain-158080-0|qp47,historical,0.0,0-29,30,30,True,True,False,,no preserved run_spec,AMS-amsterdam-chain-158080-0,,0,0,,MISSING_CONFIGURATION_PROOF,False,data/submission/raw_final.csv,False,282.21042379993014
Development,AMS-amsterdam-chain-158080-0|qp47,historical,1.0,0-29,30,30,True,True,False,,no preserved run_spec,AMS-amsterdam-chain-158080-0,,0,0,,MISSING_CONFIGURATION_PROOF,False,data/submission/raw_final.csv,False,266.405522700632
Development,AMS-amsterdam-chain-158080-0|qp47,historical,2.0,0-29,30,30,True,True,False,,no preserved run_spec,AMS-amsterdam-chain-158080-0,,0,0,,MISSING_CONFIGURATION_PROOF,False,data/submission/raw_final.csv,False,267.4581929999404
Development,AMS-amsterdam-chain-158080-0|qp47,historical,3.0,0-29,30,30,True,True,False,,no preserved run_spec,AMS-amsterdam-chain-158080-0,,0,0,,MISSING_CONFIGURATION_PROOF,False,data/submission/raw_final.csv,False,251.3246798994951
Development,AMS-amsterdam-chain-158080-0|qp47,historical,4.0,0-29,30,30,True,True,False,,no preserved run_spec,AMS-amsterdam-chain-158080-0,,0,0,,MISSING_CONFIGURATION_PROOF,False,data/submission/raw_final.csv,False,276.107940700138
Development,AMS-amsterdam-chain-158080-0|qp47,historical,5.0,0-29,30,30,True,True,False,,no preserved run_spec,AMS-amsterdam-chain-158080-0,,0,0,,MISSING_CONFIGURATION_PROOF,False,data/submission/raw_final.csv,False,340.41620529978536
Development,AMS-amsterdam-chain-158080-0|qp47,historical,6.0,0-29,30,30,True,True,False,,no preserved run_spec,AMS-amsterdam-chain-158080-0,,0,0,,MISSING_CONFIGURATION_PROOF,False,data/submission/raw_final.csv,False,333.3842817989644
Development,AMS-amsterdam-chain-158080-0|qp47,historical,8.0,0-29,30,30,True,True,False,,no preserved run_spec,AMS-amsterdam-chain-158080-0,,0,0,,MISSING_CONFIGURATION_PROOF,False,data/submission/raw_final.csv,False,341.4881740002893
Development,AMS-amsterdam-chain-158080-0|qp47,historical,10.0,0-29,30,30,True,True,False,,no preserved run_spec,AMS-amsterdam-chain-158080-0,,0,0,,MISSING_CONFIGURATION_PROOF,False,data/submission/raw_final.csv,False,356.0911416001618
Development,AMS-amsterdam-chain-158080-0|qp47,historical,12.0,0-29,30,30,True,True,False,,no preserved run_spec,AMS-amsterdam-chain-158080-0,,0,0,,MISSING_CONFIGURATION_PROOF,False,data/submission/raw_final.csv,False,412.018048000522
Development,AMS-amsterdam-chain-158080-0|qp47,historical,13.0,0-29,30,30,True,True,False,,no preserved run_spec,AMS-amsterdam-chain-158080-0,,0,0,,MISSING_CONFIGURATION_PROOF,False,data/submission/raw_final.csv,False,385.3011140995659
Development,AMS-amsterdam-chain-158080-0|qp47,historical,14.0,0-29,30,30,True,True,False,,no preserved run_spec,AMS-amsterdam-chain-158080-0,,0,0,,MISSING_CONFIGURATION_PROOF,False,data/submission/raw_final.csv,False,389.5325462007895
Development,AMS-amsterdam-chain-158080-0|qp47,historical,15.0,0-29,30,30,True,True,False,,no preserved run_spec,AMS-amsterdam-chain-158080-0,,0,0,,MISSING_CONFIGURATION_PROOF,False,data/submission/raw_final.csv,False,448.39020380051807
Development,AMS-amsterdam-chain-166482-0|qp11,historical,0.0,0-29,30,30,True,True,True,8b73b3373d7548b2fa4e8cfbc819926a5a3df3c50c7667e83af65b150470515a,frozen run_specs plus configuration-labelled raw_final records,AMS-amsterdam-chain-166482-0,1.2732753261824143,0,0,30.0,PASS,True,data/submission/raw_final.csv,False,148.50296470010653
Development,AMS-amsterdam-chain-166482-0|qp11,historical,0.0,10000-10029,30,30,True,True,True,8b73b3373d7548b2fa4e8cfbc819926a5a3df3c50c7667e83af65b150470515a,frozen run_specs plus configuration-labelled raw_final records,AMS-amsterdam-chain-166482-0,1.2705030426802884,0,0,30.0,PASS,True,new package,True,66.62159370008158
Development,AMS-amsterdam-chain-166482-0|qp11,historical,1.0,0-29,30,30,True,True,True,8b73b3373d7548b2fa4e8cfbc819926a5a3df3c50c7667e83af65b150470515a,frozen run_specs plus configuration-labelled raw_final records,AMS-amsterdam-chain-166482-0,1.2732753261824143,0,0,30.0,PASS,True,data/submission/raw_final.csv,False,121.33422360033728
Development,AMS-amsterdam-chain-166482-0|qp11,historical,2.0,0-29,30,30,True,True,True,8b73b3373d7548b2fa4e8cfbc819926a5a3df3c50c7667e83af65b150470515a,frozen run_specs plus configuration-labelled raw_final records,AMS-amsterdam-chain-166482-0,1.2732753261824143,0,0,30.0,PASS,True,data/submission/raw_final.csv,False,118.8122444995679
Development,AMS-amsterdam-chain-166482-0|qp11,historical,3.0,0-29,30,30,True,True,True,8b73b3373d7548b2fa4e8cfbc819926a5a3df3c50c7667e83af65b150470515a,frozen run_specs plus configuration-labelled raw_final records,AMS-amsterdam-chain-166482-0,1.2732753261824143,0,0,30.0,PASS,True,data/submission/raw_final.csv,False,122.01927140005864
Development,AMS-amsterdam-chain-166482-0|qp11,historical,4.0,0-29,30,30,True,True,True,8b73b3373d7548b2fa4e8cfbc819926a5a3df3c50c7667e83af65b150470515a,frozen run_specs plus configuration-labelled raw_final records,AMS-amsterdam-chain-166482-0,1.2732753261824143,0,0,30.0,PASS,True,data/submission/raw_final.csv,False,144.68964570038952
Development,AMS-amsterdam-chain-166482-0|qp11,historical,5.0,0-29,30,30,True,True,True,8b73b3373d7548b2fa4e8cfbc819926a5a3df3c50c7667e83af65b150470515a,frozen run_specs plus configuration-labelled raw_final records,AMS-amsterdam-chain-166482-0,1.2732753261824143,0,0,30.0,PASS,True,data/submission/raw_final.csv,False,159.10839960025623
Development,AMS-amsterdam-chain-166482-0|qp11,historical,6.0,0-29,30,30,True,True,True,8b73b3373d7548b2fa4e8cfbc819926a5a3df3c50c7667e83af65b150470515a,frozen run_specs plus configuration-labelled raw_final records,AMS-amsterdam-chain-166482-0,1.2732753261824143,0,0,30.0,PASS,True,data/submission/raw_final.csv,False,160.79187779966742
Development,AMS-amsterdam-chain-166482-0|qp11,historical,7.0,0-29,30,30,True,True,True,8b73b3373d7548b2fa4e8cfbc819926a5a3df3c50c7667e83af65b150470515a,frozen run_specs plus configuration-labelled raw_final records,AMS-amsterdam-chain-166482-0,1.2732753261824143,0,0,29.0,PASS,True,new package,True,92.31177929995464
Development,AMS-amsterdam-chain-166482-0|qp11,historical,8.0,0-29,30,30,True,True,True,8b73b3373d7548b2fa4e8cfbc819926a5a3df3c50c7667e83af65b150470515a,frozen run_specs plus configuration-labelled raw_final records,AMS-amsterdam-chain-166482-0,1.2732753261824143,0,0,30.0,PASS,True,data/submission/raw_final.csv,False,178.38625399954617
Development,AMS-amsterdam-chain-166482-0|qp11,historical,9.0,0-29,30,30,True,True,True,8b73b3373d7548b2fa4e8cfbc819926a5a3df3c50c7667e83af65b150470515a,frozen run_specs plus configuration-labelled raw_final records,AMS-amsterdam-chain-166482-0,1.2732753261824143,0,0,29.0,PASS,True,data/submission/raw_final.csv,False,180.51232670014724
Development,AMS-amsterdam-chain-166482-0|qp11,historical,9.0,10000-10029,30,30,True,True,True,8b73b3373d7548b2fa4e8cfbc819926a5a3df3c50c7667e83af65b150470515a,frozen run_specs plus configuration-labelled raw_final records,AMS-amsterdam-chain-166482-0,1.2705030426802884,0,0,30.0,PASS,True,new package,True,104.85405329996138
Development,AMS-amsterdam-chain-166482-0|qp11,historical,10.0,0-29,30,30,True,True,True,8b73b3373d7548b2fa4e8cfbc819926a5a3df3c50c7667e83af65b150470515a,frozen run_specs plus configuration-labelled raw_final records,AMS-amsterdam-chain-166482-0,1.2732753261824143,0,0,28.0,FAIL,True,data/submission/raw_final.csv,False,192.8603703987319
Development,AMS-amsterdam-chain-166482-0|qp11,historical,12.0,0-29,30,30,True,True,True,8b73b3373d7548b2fa4e8cfbc819926a5a3df3c50c7667e83af65b150470515a,frozen run_specs plus configuration-labelled raw_final records,AMS-amsterdam-chain-166482-0,1.2732753261824143,0,0,25.0,FAIL,True,data/submission/raw_final.csv,False,219.96842820080929
Development,AMS-amsterdam-chain-166482-0|qp11,historical,12.0,10000-10029,30,30,True,True,True,8b73b3373d7548b2fa4e8cfbc819926a5a3df3c50c7667e83af65b150470515a,frozen run_specs plus configuration-labelled raw_final records,AMS-amsterdam-chain-166482-0,1.2705030426802884,0,0,28.0,FAIL,True,new package,True,118.263689699932
Development,AMS-amsterdam-chain-166482-0|qp11,historical,15.0,0-29,30,30,True,True,True,8b73b3373d7548b2fa4e8cfbc819926a5a3df3c50c7667e83af65b150470515a,frozen run_specs plus configuration-labelled raw_final records,AMS-amsterdam-chain-166482-0,1.2732753261824143,0,0,18.0,FAIL,True,data/submission/raw_final.csv,False,246.25842049974017
Development,AMS-amsterdam-chain-166482-0|qp11,historical,18.0,0-29,30,30,True,True,True,8b73b3373d7548b2fa4e8cfbc819926a5a3df3c50c7667e83af65b150470515a,frozen run_specs plus configuration-labelled raw_final records,AMS-amsterdam-chain-166482-0,1.2732753261824143,0,0,5.0,FAIL,True,data/submission/raw_final.csv,False,276.23499210039154
Development,AMS-amsterdam-chain-166482-0|qp27,historical,0.0,0-29,30,30,True,True,True,85efc7dea1ad81e594bf21320f4f5c4b052c8ef9b6697d8cda605251fd1db5a5,frozen run_specs plus configuration-labelled raw_final records,AMS-amsterdam-chain-166482-0,1.1697772985082204,0,0,30.0,PASS,True,data/submission/raw_final.csv,False,279.50173660041764
Development,AMS-amsterdam-chain-166482-0|qp27,historical,1.0,0-29,30,30,True,True,True,85efc7dea1ad81e594bf21320f4f5c4b052c8ef9b6697d8cda605251fd1db5a5,frozen run_specs plus configuration-labelled raw_final records,AMS-amsterdam-chain-166482-0,1.1697772985082204,0,0,30.0,PASS,True,data/submission/raw_final.csv,False,228.2518406000454
Development,AMS-amsterdam-chain-166482-0|qp27,historical,2.0,0-29,30,30,True,True,True,85efc7dea1ad81e594bf21320f4f5c4b052c8ef9b6697d8cda605251fd1db5a5,frozen run_specs plus configuration-labelled raw_final records,AMS-amsterdam-chain-166482-0,1.1697772985082204,0,0,30.0,PASS,True,data/submission/raw_final.csv,False,251.08714779978615
Development,AMS-amsterdam-chain-166482-0|qp27,historical,3.0,0-29,30,30,True,True,True,85efc7dea1ad81e594bf21320f4f5c4b052c8ef9b6697d8cda605251fd1db5a5,frozen run_specs plus configuration-labelled raw_final records,AMS-amsterdam-chain-166482-0,1.1697772985082204,0,0,30.0,PASS,True,data/submission/raw_final.csv,False,239.8623378006741
Development,AMS-amsterdam-chain-166482-0|qp27,historical,4.0,0-29,30,30,True,True,True,85efc7dea1ad81e594bf21320f4f5c4b052c8ef9b6697d8cda605251fd1db5a5,frozen run_specs plus configuration-labelled raw_final records,AMS-amsterdam-chain-166482-0,1.1697772985082204,0,0,30.0,PASS,True,data/submission/raw_final.csv,False,265.4175545000471
Development,AMS-amsterdam-chain-166482-0|qp27,historical,5.0,0-29,30,30,True,True,True,85efc7dea1ad81e594bf21320f4f5c4b052c8ef9b6697d8cda605251fd1db5a5,frozen run_specs plus configuration-labelled raw_final records,AMS-amsterdam-chain-166482-0,1.1697772985082204,0,0,30.0,PASS,True,data/submission/raw_final.csv,False,332.4600647983607
Development,AMS-amsterdam-chain-166482-0|qp27,historical,6.0,0-29,30,30,True,True,True,85efc7dea1ad81e594bf21320f4f5c4b052c8ef9b6697d8cda605251fd1db5a5,frozen run_specs plus configuration-labelled raw_final records,AMS-amsterdam-chain-166482-0,1.1697772985082204,0,0,30.0,PASS,True,data/submission/raw_final.csv,False,325.1704664987046
Development,AMS-amsterdam-chain-166482-0|qp27,historical,8.0,0-29,30,30,True,True,True,85efc7dea1ad81e594bf21320f4f5c4b052c8ef9b6697d8cda605251fd1db5a5,frozen run_specs plus configuration-labelled raw_final records,AMS-amsterdam-chain-166482-0,1.1697772985082204,0,0,29.0,PASS,True,data/submission/raw_final.csv,False,343.5005930995103
Development,AMS-amsterdam-chain-166482-0|qp27,historical,9.0,0-29,30,30,True,True,True,85efc7dea1ad81e594bf21320f4f5c4b052c8ef9b6697d8cda605251fd1db5a5,frozen run_specs plus configuration-labelled raw_final records,AMS-amsterdam-chain-166482-0,1.1697772985082204,0,0,23.0,FAIL,True,data/submission/raw_final.csv,False,354.75879209977575
Development,AMS-amsterdam-chain-166482-0|qp27,historical,10.0,0-29,30,30,True,True,True,85efc7dea1ad81e594bf21320f4f5c4b052c8ef9b6697d8cda605251fd1db5a5,frozen run_specs plus configuration-labelled raw_final records,AMS-amsterdam-chain-166482-0,1.1697772985082204,0,0,24.0,FAIL,True,data/submission/raw_final.csv,False,364.9401303001214
Development,AMS-amsterdam-chain-166482-0|qp27,historical,12.0,0-29,30,30,True,True,True,85efc7dea1ad81e594bf21320f4f5c4b052c8ef9b6697d8cda605251fd1db5a5,frozen run_specs plus configuration-labelled raw_final records,AMS-amsterdam-chain-166482-0,1.1697772985082204,0,0,17.0,FAIL,True,data/submission/raw_final.csv,False,414.215285399463
Development,AMS-amsterdam-chain-166482-0|qp27,historical,15.0,0-29,30,30,True,True,True,85efc7dea1ad81e594bf21320f4f5c4b052c8ef9b6697d8cda605251fd1db5a5,frozen run_specs plus configuration-labelled raw_final records,AMS-amsterdam-chain-166482-0,1.1697772985082204,0,0,2.0,FAIL,True,data/submission/raw_final.csv,False,483.6597242997959
Development,AMS-amsterdam-chain-173340-0|qp10,historical,0.0,0-29,30,30,True,True,False,,no preserved run_spec,AMS-amsterdam-chain-173340-0,,0,0,,MISSING_CONFIGURATION_PROOF,False,data/submission/raw_final.csv,False,166.70351150003262
Development,AMS-amsterdam-chain-173340-0|qp24,historical,0.0,0-29,30,30,True,True,False,,no preserved run_spec,AMS-amsterdam-chain-173340-0,,0,0,,MISSING_CONFIGURATION_PROOF,False,data/submission/raw_final.csv,False,304.35129349981435
Development,AMS-amsterdam-chain-22812-0|qp14,historical,0.0,0-29,30,30,True,True,False,,no preserved run_spec,AMS-amsterdam-chain-22812-0,,0,0,,MISSING_CONFIGURATION_PROOF,False,data/submission/raw_final.csv,False,126.94953299942426
Development,AMS-amsterdam-chain-22812-0|qp14,historical,1.0,0-29,30,30,True,True,False,,no preserved run_spec,AMS-amsterdam-chain-22812-0,,0,0,,MISSING_CONFIGURATION_PROOF,False,data/submission/raw_final.csv,False,105.85671960003674
Development,AMS-amsterdam-chain-22812-0|qp14,historical,2.0,0-29,30,30,True,True,False,,no preserved run_spec,AMS-amsterdam-chain-22812-0,,0,0,,MISSING_CONFIGURATION_PROOF,False,data/submission/raw_final.csv,False,122.9113974000793
Development,AMS-amsterdam-chain-22812-0|qp14,historical,3.0,0-29,30,30,True,True,False,,no preserved run_spec,AMS-amsterdam-chain-22812-0,,0,0,,MISSING_CONFIGURATION_PROOF,False,data/submission/raw_final.csv,False,122.09404849959536
Development,AMS-amsterdam-chain-22812-0|qp14,historical,4.0,0-29,30,30,True,True,False,,no preserved run_spec,AMS-amsterdam-chain-22812-0,,0,0,,MISSING_CONFIGURATION_PROOF,False,data/submission/raw_final.csv,False,136.22048220061697
Development,AMS-amsterdam-chain-22812-0|qp14,historical,5.0,0-29,30,30,True,True,False,,no preserved run_spec,AMS-amsterdam-chain-22812-0,,0,0,,MISSING_CONFIGURATION_PROOF,False,data/submission/raw_final.csv,False,148.87668290105648
Development,AMS-amsterdam-chain-22812-0|qp14,historical,6.0,0-29,30,30,True,True,False,,no preserved run_spec,AMS-amsterdam-chain-22812-0,,0,0,,MISSING_CONFIGURATION_PROOF,False,data/submission/raw_final.csv,False,152.0033671008423
Development,AMS-amsterdam-chain-22812-0|qp14,historical,8.0,0-29,30,30,True,True,False,,no preserved run_spec,AMS-amsterdam-chain-22812-0,,0,0,,MISSING_CONFIGURATION_PROOF,False,data/submission/raw_final.csv,False,165.45987880066969
Development,AMS-amsterdam-chain-22812-0|qp14,historical,10.0,0-29,30,30,True,True,False,,no preserved run_spec,AMS-amsterdam-chain-22812-0,,0,0,,MISSING_CONFIGURATION_PROOF,False,data/submission/raw_final.csv,False,177.06691540032625
Development,AMS-amsterdam-chain-22812-0|qp14,historical,12.0,0-29,30,30,True,True,False,,no preserved run_spec,AMS-amsterdam-chain-22812-0,,0,0,,MISSING_CONFIGURATION_PROOF,False,data/submission/raw_final.csv,False,198.29223769903183
Development,AMS-amsterdam-chain-22812-0|qp14,historical,15.0,0-29,30,30,True,True,False,,no preserved run_spec,AMS-amsterdam-chain-22812-0,,0,0,,MISSING_CONFIGURATION_PROOF,False,data/submission/raw_final.csv,False,233.7633056994528
Development,AMS-amsterdam-chain-22812-0|qp14,historical,18.0,0-29,30,30,True,True,False,,no preserved run_spec,AMS-amsterdam-chain-22812-0,,0,0,,MISSING_CONFIGURATION_PROOF,False,data/submission/raw_final.csv,False,261.523342999164
Development,AMS-amsterdam-chain-22812-0|qp14,historical,19.0,0-29,30,30,True,True,False,,no preserved run_spec,AMS-amsterdam-chain-22812-0,,0,0,,MISSING_CONFIGURATION_PROOF,False,data/submission/raw_final.csv,False,251.29505089996383
Development,AMS-amsterdam-chain-22812-0|qp14,historical,20.0,0-29,30,30,True,True,False,,no preserved run_spec,AMS-amsterdam-chain-22812-0,,0,0,,MISSING_CONFIGURATION_PROOF,False,data/submission/raw_final.csv,False,303.99682790017687
Development,AMS-amsterdam-chain-22812-0|qp34,historical,0.0,0-29,30,30,True,True,False,,no preserved run_spec,AMS-amsterdam-chain-22812-0,,0,0,,MISSING_CONFIGURATION_PROOF,False,data/submission/raw_final.csv,False,269.68898670049384
Development,AMS-amsterdam-chain-22812-0|qp34,historical,1.0,0-29,30,30,True,True,False,,no preserved run_spec,AMS-amsterdam-chain-22812-0,,0,0,,MISSING_CONFIGURATION_PROOF,False,data/submission/raw_final.csv,False,242.5214744000696
Development,AMS-amsterdam-chain-22812-0|qp34,historical,2.0,0-29,30,30,True,True,False,,no preserved run_spec,AMS-amsterdam-chain-22812-0,,0,0,,MISSING_CONFIGURATION_PROOF,False,data/submission/raw_final.csv,False,267.02208650065586
Development,AMS-amsterdam-chain-22812-0|qp34,historical,3.0,0-29,30,30,True,True,False,,no preserved run_spec,AMS-amsterdam-chain-22812-0,,0,0,,MISSING_CONFIGURATION_PROOF,False,data/submission/raw_final.csv,False,254.9413586994633
Development,AMS-amsterdam-chain-22812-0|qp34,historical,4.0,0-29,30,30,True,True,False,,no preserved run_spec,AMS-amsterdam-chain-22812-0,,0,0,,MISSING_CONFIGURATION_PROOF,False,data/submission/raw_final.csv,False,248.32865930045955
Development,AMS-amsterdam-chain-22812-0|qp34,historical,5.0,0-29,30,30,True,True,False,,no preserved run_spec,AMS-amsterdam-chain-22812-0,,0,0,,MISSING_CONFIGURATION_PROOF,False,data/submission/raw_final.csv,False,328.3091189004481
Development,AMS-amsterdam-chain-22812-0|qp34,historical,6.0,0-29,30,30,True,True,False,,no preserved run_spec,AMS-amsterdam-chain-22812-0,,0,0,,MISSING_CONFIGURATION_PROOF,False,data/submission/raw_final.csv,False,317.19331580004655
Development,AMS-amsterdam-chain-22812-0|qp34,historical,8.0,0-29,30,30,True,True,False,,no preserved run_spec,AMS-amsterdam-chain-22812-0,,0,0,,MISSING_CONFIGURATION_PROOF,False,data/submission/raw_final.csv,False,326.2183781999629
Development,AMS-amsterdam-chain-22812-0|qp34,historical,10.0,0-29,30,30,True,True,False,,no preserved run_spec,AMS-amsterdam-chain-22812-0,,0,0,,MISSING_CONFIGURATION_PROOF,False,data/submission/raw_final.csv,False,374.14239380043
Development,AMS-amsterdam-chain-22812-0|qp34,historical,11.0,0-29,30,30,True,True,False,,no preserved run_spec,AMS-amsterdam-chain-22812-0,,0,0,,MISSING_CONFIGURATION_PROOF,False,data/submission/raw_final.csv,False,396.36782249994576
Development,AMS-amsterdam-chain-22812-0|qp34,historical,12.0,0-29,30,30,True,True,False,,no preserved run_spec,AMS-amsterdam-chain-22812-0,,0,0,,MISSING_CONFIGURATION_PROOF,False,data/submission/raw_final.csv,False,472.9774675995577
Development,AMS-amsterdam-chain-22812-0|qp34,historical,15.0,0-29,30,30,True,True,False,,no preserved run_spec,AMS-amsterdam-chain-22812-0,,0,0,,MISSING_CONFIGURATION_PROOF,False,data/submission/raw_final.csv,False,1302.5247039010285
Development,AMS-amsterdam-chain-32447-100|qp16,historical,0.0,0-29,30,30,True,True,False,,no preserved run_spec,AMS-amsterdam-chain-32447-100,,0,0,,MISSING_CONFIGURATION_PROOF,False,data/submission/raw_final.csv,False,270.2048917999491
Development,AMS-amsterdam-chain-32447-100|qp7,historical,0.0,0-29,30,30,True,True,False,,no preserved run_spec,AMS-amsterdam-chain-32447-100,,0,0,,MISSING_CONFIGURATION_PROOF,False,data/submission/raw_final.csv,False,152.4024667988997
Development,AMS-amsterdam-chain-32674-0|qp16,historical,0.0,0-29,30,30,True,True,False,,no preserved run_spec,AMS-amsterdam-chain-32674-0,,0,0,,MISSING_CONFIGURATION_PROOF,False,data/submission/raw_final.csv,False,303.19972390006296
Development,AMS-amsterdam-chain-32674-0|qp7,historical,0.0,0-29,30,30,True,True,False,,no preserved run_spec,AMS-amsterdam-chain-32674-0,,0,0,,MISSING_CONFIGURATION_PROOF,False,data/submission/raw_final.csv,False,172.54066210146993
Development,AMS-amsterdam-chain-32802-0|qp13,historical,0.0,0-29,30,30,True,True,True,97b85f75ba5d82559ed30e2a67af0377118a797f6922232716d8c356958b38ba,frozen run_specs plus configuration-labelled raw_final records,AMS-amsterdam-chain-32802-0,1.300244329857349,0,0,30.0,PASS,True,data/submission/raw_final.csv,False,108.25861149979757
Development,AMS-amsterdam-chain-32802-0|qp13,historical,1.0,0-29,30,30,True,True,True,97b85f75ba5d82559ed30e2a67af0377118a797f6922232716d8c356958b38ba,frozen run_specs plus configuration-labelled raw_final records,AMS-amsterdam-chain-32802-0,1.300244329857349,0,0,30.0,PASS,True,data/submission/raw_final.csv,False,105.856697099749
Development,AMS-amsterdam-chain-32802-0|qp13,historical,2.0,0-29,30,30,True,True,True,97b85f75ba5d82559ed30e2a67af0377118a797f6922232716d8c356958b38ba,frozen run_specs plus configuration-labelled raw_final records,AMS-amsterdam-chain-32802-0,1.300244329857349,0,0,30.0,PASS,True,data/submission/raw_final.csv,False,108.43213809933512
Development,AMS-amsterdam-chain-32802-0|qp13,historical,3.0,0-29,30,30,True,True,True,97b85f75ba5d82559ed30e2a67af0377118a797f6922232716d8c356958b38ba,frozen run_specs plus configuration-labelled raw_final records,AMS-amsterdam-chain-32802-0,1.300244329857349,0,0,30.0,PASS,True,data/submission/raw_final.csv,False,108.0190588994883
Development,AMS-amsterdam-chain-32802-0|qp13,historical,4.0,0-29,30,30,True,True,True,97b85f75ba5d82559ed30e2a67af0377118a797f6922232716d8c356958b38ba,frozen run_specs plus configuration-labelled raw_final records,AMS-amsterdam-chain-32802-0,1.300244329857349,0,0,30.0,PASS,True,data/submission/raw_final.csv,False,106.65704709966668
Development,AMS-amsterdam-chain-32802-0|qp13,historical,5.0,0-29,30,30,True,True,True,97b85f75ba5d82559ed30e2a67af0377118a797f6922232716d8c356958b38ba,frozen run_specs plus configuration-labelled raw_final records,AMS-amsterdam-chain-32802-0,1.300244329857349,0,0,30.0,PASS,True,data/submission/raw_final.csv,False,119.13356310105884
Development,AMS-amsterdam-chain-32802-0|qp13,historical,6.0,0-29,30,30,True,True,True,97b85f75ba5d82559ed30e2a67af0377118a797f6922232716d8c356958b38ba,frozen run_specs plus configuration-labelled raw_final records,AMS-amsterdam-chain-32802-0,1.300244329857349,0,0,30.0,PASS,True,data/submission/raw_final.csv,False,123.29705809964798
Development,AMS-amsterdam-chain-32802-0|qp13,historical,8.0,0-29,30,30,True,True,True,97b85f75ba5d82559ed30e2a67af0377118a797f6922232716d8c356958b38ba,frozen run_specs plus configuration-labelled raw_final records,AMS-amsterdam-chain-32802-0,1.300244329857349,0,0,30.0,PASS,True,data/submission/raw_final.csv,False,137.69126590015367
Development,AMS-amsterdam-chain-32802-0|qp13,historical,9.0,0-29,30,30,True,True,True,97b85f75ba5d82559ed30e2a67af0377118a797f6922232716d8c356958b38ba,frozen run_specs plus configuration-labelled raw_final records,AMS-amsterdam-chain-32802-0,1.300244329857349,0,0,30.0,PASS,True,new package,True,81.77906190004433
Development,AMS-amsterdam-chain-32802-0|qp13,historical,10.0,0-29,30,30,True,True,True,97b85f75ba5d82559ed30e2a67af0377118a797f6922232716d8c356958b38ba,frozen run_specs plus configuration-labelled raw_final records,AMS-amsterdam-chain-32802-0,1.300244329857349,0,0,30.0,PASS,True,data/submission/raw_final.csv,False,148.42860509990714
Development,AMS-amsterdam-chain-32802-0|qp13,historical,11.0,0-29,30,30,True,True,True,97b85f75ba5d82559ed30e2a67af0377118a797f6922232716d8c356958b38ba,frozen run_specs plus configuration-labelled raw_final records,AMS-amsterdam-chain-32802-0,1.300244329857349,0,0,30.0,PASS,True,new package,True,88.87358659997699
Development,AMS-amsterdam-chain-32802-0|qp13,historical,12.0,0-29,30,30,True,True,True,97b85f75ba5d82559ed30e2a67af0377118a797f6922232716d8c356958b38ba,frozen run_specs plus configuration-labelled raw_final records,AMS-amsterdam-chain-32802-0,1.300244329857349,0,0,30.0,PASS,True,data/submission/raw_final.csv,False,163.8849531991873
Development,AMS-amsterdam-chain-32802-0|qp13,historical,13.0,0-29,30,30,True,True,True,97b85f75ba5d82559ed30e2a67af0377118a797f6922232716d8c356958b38ba,frozen run_specs plus configuration-labelled raw_final records,AMS-amsterdam-chain-32802-0,1.300244329857349,0,0,30.0,PASS,True,data/submission/raw_final.csv,False,83.79399999976158
Development,AMS-amsterdam-chain-32802-0|qp13,historical,15.0,0-29,30,30,True,True,True,97b85f75ba5d82559ed30e2a67af0377118a797f6922232716d8c356958b38ba,frozen run_specs plus configuration-labelled raw_final records,AMS-amsterdam-chain-32802-0,1.300244329857349,0,0,30.0,PASS,True,data/submission/raw_final.csv,False,187.5511510001961
Development,AMS-amsterdam-chain-32802-0|qp13,historical,18.0,0-29,30,30,True,True,True,97b85f75ba5d82559ed30e2a67af0377118a797f6922232716d8c356958b38ba,frozen run_specs plus configuration-labelled raw_final records,AMS-amsterdam-chain-32802-0,1.300244329857349,0,0,29.0,PASS,True,data/submission/raw_final.csv,False,207.9239943001885
Development,AMS-amsterdam-chain-32802-0|qp13,historical,19.0,0-29,30,30,True,True,True,97b85f75ba5d82559ed30e2a67af0377118a797f6922232716d8c356958b38ba,frozen run_specs plus configuration-labelled raw_final records,AMS-amsterdam-chain-32802-0,1.300244329857349,0,0,29.0,PASS,True,data/submission/raw_final.csv,False,195.51529010012743
Development,AMS-amsterdam-chain-32802-0|qp13,historical,20.0,0-29,30,30,True,True,True,97b85f75ba5d82559ed30e2a67af0377118a797f6922232716d8c356958b38ba,frozen run_specs plus configuration-labelled raw_final records,AMS-amsterdam-chain-32802-0,1.300244329857349,0,0,24.0,FAIL,True,data/submission/raw_final.csv,False,202.8093612000812
Development,AMS-amsterdam-chain-32802-0|qp31,historical,0.0,0-29,30,30,True,True,True,7bb250eea07a13da86b1f356d2a3ac4796013e41b8ed21986dfb09b8e3e25165,frozen run_specs plus configuration-labelled raw_final records,AMS-amsterdam-chain-32802-0,1.218367069064492,0,0,30.0,PASS,True,data/submission/raw_final.csv,False,215.68560109869577
Development,AMS-amsterdam-chain-32802-0|qp31,historical,1.0,0-29,30,30,True,True,True,7bb250eea07a13da86b1f356d2a3ac4796013e41b8ed21986dfb09b8e3e25165,frozen run_specs plus configuration-labelled raw_final records,AMS-amsterdam-chain-32802-0,1.218367069064492,0,0,30.0,PASS,True,data/submission/raw_final.csv,False,211.75833020033315
Development,AMS-amsterdam-chain-32802-0|qp31,historical,2.0,0-29,30,30,True,True,True,7bb250eea07a13da86b1f356d2a3ac4796013e41b8ed21986dfb09b8e3e25165,frozen run_specs plus configuration-labelled raw_final records,AMS-amsterdam-chain-32802-0,1.218367069064492,0,0,30.0,PASS,True,data/submission/raw_final.csv,False,196.39477150025775
Development,AMS-amsterdam-chain-32802-0|qp31,historical,3.0,0-29,30,30,True,True,True,7bb250eea07a13da86b1f356d2a3ac4796013e41b8ed21986dfb09b8e3e25165,frozen run_specs plus configuration-labelled raw_final records,AMS-amsterdam-chain-32802-0,1.218367069064492,0,0,30.0,PASS,True,data/submission/raw_final.csv,False,196.90464690024965
Development,AMS-amsterdam-chain-32802-0|qp31,historical,4.0,0-29,30,30,True,True,True,7bb250eea07a13da86b1f356d2a3ac4796013e41b8ed21986dfb09b8e3e25165,frozen run_specs plus configuration-labelled raw_final records,AMS-amsterdam-chain-32802-0,1.218367069064492,0,0,30.0,PASS,True,data/submission/raw_final.csv,False,197.3170617995784
Development,AMS-amsterdam-chain-32802-0|qp31,historical,5.0,0-29,30,30,True,True,True,7bb250eea07a13da86b1f356d2a3ac4796013e41b8ed21986dfb09b8e3e25165,frozen run_specs plus configuration-labelled raw_final records,AMS-amsterdam-chain-32802-0,1.218367069064492,0,0,30.0,PASS,True,data/submission/raw_final.csv,False,237.3838801998645
Development,AMS-amsterdam-chain-32802-0|qp31,historical,6.0,0-29,30,30,True,True,True,7bb250eea07a13da86b1f356d2a3ac4796013e41b8ed21986dfb09b8e3e25165,frozen run_specs plus configuration-labelled raw_final records,AMS-amsterdam-chain-32802-0,1.218367069064492,0,0,30.0,PASS,True,data/submission/raw_final.csv,False,228.97971489978957
Development,AMS-amsterdam-chain-32802-0|qp31,historical,8.0,0-29,30,30,True,True,True,7bb250eea07a13da86b1f356d2a3ac4796013e41b8ed21986dfb09b8e3e25165,frozen run_specs plus configuration-labelled raw_final records,AMS-amsterdam-chain-32802-0,1.218367069064492,0,0,30.0,PASS,True,data/submission/raw_final.csv,False,235.7925086002797
Development,AMS-amsterdam-chain-32802-0|qp31,historical,10.0,0-29,30,30,True,True,True,7bb250eea07a13da86b1f356d2a3ac4796013e41b8ed21986dfb09b8e3e25165,frozen run_specs plus configuration-labelled raw_final records,AMS-amsterdam-chain-32802-0,1.218367069064492,0,0,30.0,PASS,True,data/submission/raw_final.csv,False,253.53245250019245
Development,AMS-amsterdam-chain-32802-0|qp31,historical,12.0,0-29,30,30,True,True,True,7bb250eea07a13da86b1f356d2a3ac4796013e41b8ed21986dfb09b8e3e25165,frozen run_specs plus configuration-labelled raw_final records,AMS-amsterdam-chain-32802-0,1.218367069064492,0,0,29.0,PASS,True,data/submission/raw_final.csv,False,272.7080218989868
Development,AMS-amsterdam-chain-32802-0|qp31,historical,13.0,0-29,30,30,True,True,True,7bb250eea07a13da86b1f356d2a3ac4796013e41b8ed21986dfb09b8e3e25165,frozen run_specs plus configuration-labelled raw_final records,AMS-amsterdam-chain-32802-0,1.218367069064492,0,0,28.0,FAIL,True,data/submission/raw_final.csv,False,293.29007779899985
Development,AMS-amsterdam-chain-32802-0|qp31,historical,14.0,0-29,30,30,True,True,True,7bb250eea07a13da86b1f356d2a3ac4796013e41b8ed21986dfb09b8e3e25165,frozen run_specs plus configuration-labelled raw_final records,AMS-amsterdam-chain-32802-0,1.218367069064492,0,0,28.0,FAIL,True,data/submission/raw_final.csv,False,293.1776249008253
Development,AMS-amsterdam-chain-32802-0|qp31,historical,15.0,0-29,30,30,True,True,True,7bb250eea07a13da86b1f356d2a3ac4796013e41b8ed21986dfb09b8e3e25165,frozen run_specs plus configuration-labelled raw_final records,AMS-amsterdam-chain-32802-0,1.218367069064492,0,0,26.0,FAIL,True,data/submission/raw_final.csv,False,332.8824145991821
Development,AMS-amsterdam-chain-32802-0|qp31,historical,18.0,0-29,30,30,True,True,True,7bb250eea07a13da86b1f356d2a3ac4796013e41b8ed21986dfb09b8e3e25165,frozen run_specs plus configuration-labelled raw_final records,AMS-amsterdam-chain-32802-0,1.218367069064492,0,0,16.0,FAIL,True,data/submission/raw_final.csv,False,365.72504600090906
Development,AMS-amsterdam-chain-32802-0|qp31,historical,20.0,0-29,30,30,True,True,True,7bb250eea07a13da86b1f356d2a3ac4796013e41b8ed21986dfb09b8e3e25165,frozen run_specs plus configuration-labelled raw_final records,AMS-amsterdam-chain-32802-0,1.218367069064492,0,0,2.0,FAIL,True,data/submission/raw_final.csv,False,550.719496198697
Development,AMS-amsterdam-chain-3511-0|qp10,historical,0.0,0-29,30,30,True,True,False,,no preserved run_spec,AMS-amsterdam-chain-3511-0,,0,0,,MISSING_CONFIGURATION_PROOF,False,data/submission/raw_final.csv,False,194.09058769932017
Development,AMS-amsterdam-chain-3511-0|qp24,historical,0.0,0-29,30,30,True,True,False,,no preserved run_spec,AMS-amsterdam-chain-3511-0,,0,0,,MISSING_CONFIGURATION_PROOF,False,data/submission/raw_final.csv,False,376.7482187997084
Development,AMS-amsterdam-chain-44642-0|qp12,historical,0.0,0-29,30,30,True,True,True,bf6b04178ca5605b6d5e187904c259909d2ac062552efb0bba906e25d8f1649c,frozen run_specs plus configuration-labelled raw_final records,AMS-amsterdam-chain-44642-0,1.3244448911399929,0,0,30.0,PASS,True,data/submission/raw_final.csv,False,100.27718350035138
Development,AMS-amsterdam-chain-44642-0|qp12,historical,1.0,0-29,30,30,True,True,True,bf6b04178ca5605b6d5e187904c259909d2ac062552efb0bba906e25d8f1649c,frozen run_specs plus configuration-labelled raw_final records,AMS-amsterdam-chain-44642-0,1.3244448911399929,0,0,30.0,PASS,True,data/submission/raw_final.csv,False,94.37940699979664
Development,AMS-amsterdam-chain-44642-0|qp12,historical,2.0,0-29,30,30,True,True,True,bf6b04178ca5605b6d5e187904c259909d2ac062552efb0bba906e25d8f1649c,frozen run_specs plus configuration-labelled raw_final records,AMS-amsterdam-chain-44642-0,1.3244448911399929,0,0,30.0,PASS,True,data/submission/raw_final.csv,False,94.98149100062436
Development,AMS-amsterdam-chain-44642-0|qp12,historical,3.0,0-29,30,30,True,True,True,bf6b04178ca5605b6d5e187904c259909d2ac062552efb0bba906e25d8f1649c,frozen run_specs plus configuration-labelled raw_final records,AMS-amsterdam-chain-44642-0,1.3244448911399929,0,0,30.0,PASS,True,data/submission/raw_final.csv,False,97.8554807996843
Development,AMS-amsterdam-chain-44642-0|qp12,historical,4.0,0-29,30,30,True,True,True,bf6b04178ca5605b6d5e187904c259909d2ac062552efb0bba906e25d8f1649c,frozen run_specs plus configuration-labelled raw_final records,AMS-amsterdam-chain-44642-0,1.3244448911399929,0,0,30.0,PASS,True,data/submission/raw_final.csv,False,103.86814090050756
Development,AMS-amsterdam-chain-44642-0|qp12,historical,5.0,0-29,30,30,True,True,True,bf6b04178ca5605b6d5e187904c259909d2ac062552efb0bba906e25d8f1649c,frozen run_specs plus configuration-labelled raw_final records,AMS-amsterdam-chain-44642-0,1.3244448911399929,0,0,30.0,PASS,True,data/submission/raw_final.csv,False,102.07387499930336
Development,AMS-amsterdam-chain-44642-0|qp12,historical,6.0,0-29,30,30,True,True,True,bf6b04178ca5605b6d5e187904c259909d2ac062552efb0bba906e25d8f1649c,frozen run_specs plus configuration-labelled raw_final records,AMS-amsterdam-chain-44642-0,1.3244448911399929,0,0,30.0,PASS,True,data/submission/raw_final.csv,False,102.71622660011052
Development,AMS-amsterdam-chain-44642-0|qp12,historical,8.0,0-29,30,30,True,True,True,bf6b04178ca5605b6d5e187904c259909d2ac062552efb0bba906e25d8f1649c,frozen run_specs plus configuration-labelled raw_final records,AMS-amsterdam-chain-44642-0,1.3244448911399929,0,0,30.0,PASS,True,data/submission/raw_final.csv,False,108.3769320002757
Development,AMS-amsterdam-chain-44642-0|qp12,historical,9.0,0-29,30,30,True,True,True,bf6b04178ca5605b6d5e187904c259909d2ac062552efb0bba906e25d8f1649c,frozen run_specs plus configuration-labelled raw_final records,AMS-amsterdam-chain-44642-0,1.3244448911399929,0,0,30.0,PASS,True,new package,True,70.93099880003138
Development,AMS-amsterdam-chain-44642-0|qp12,historical,10.0,0-29,30,30,True,True,True,bf6b04178ca5605b6d5e187904c259909d2ac062552efb0bba906e25d8f1649c,frozen run_specs plus configuration-labelled raw_final records,AMS-amsterdam-chain-44642-0,1.3244448911399929,0,0,30.0,PASS,True,data/submission/raw_final.csv,False,117.30172839970328
Development,AMS-amsterdam-chain-44642-0|qp12,historical,11.0,0-29,30,30,True,True,True,bf6b04178ca5605b6d5e187904c259909d2ac062552efb0bba906e25d8f1649c,frozen run_specs plus configuration-labelled raw_final records,AMS-amsterdam-chain-44642-0,1.3244448911399929,0,0,30.0,PASS,True,new package,True,77.90539460006403
Development,AMS-amsterdam-chain-44642-0|qp12,historical,12.0,0-29,30,30,True,True,True,bf6b04178ca5605b6d5e187904c259909d2ac062552efb0bba906e25d8f1649c,frozen run_specs plus configuration-labelled raw_final records,AMS-amsterdam-chain-44642-0,1.3244448911399929,0,0,30.0,PASS,True,data/submission/raw_final.csv,False,135.8720206003636
Development,AMS-amsterdam-chain-44642-0|qp12,historical,13.0,0-29,30,30,True,True,True,bf6b04178ca5605b6d5e187904c259909d2ac062552efb0bba906e25d8f1649c,frozen run_specs plus configuration-labelled raw_final records,AMS-amsterdam-chain-44642-0,1.3244448911399929,0,0,30.0,PASS,True,data/submission/raw_final.csv,False,69.77199999894947
Development,AMS-amsterdam-chain-44642-0|qp12,historical,15.0,0-29,30,30,True,True,True,bf6b04178ca5605b6d5e187904c259909d2ac062552efb0bba906e25d8f1649c,frozen run_specs plus configuration-labelled raw_final records,AMS-amsterdam-chain-44642-0,1.3244448911399929,0,0,29.0,PASS,True,data/submission/raw_final.csv,False,157.1413573997561
Development,AMS-amsterdam-chain-44642-0|qp12,historical,18.0,0-29,30,30,True,True,True,bf6b04178ca5605b6d5e187904c259909d2ac062552efb0bba906e25d8f1649c,frozen run_specs plus configuration-labelled raw_final records,AMS-amsterdam-chain-44642-0,1.3244448911399929,0,0,29.0,PASS,True,data/submission/raw_final.csv,False,189.7183986010496
Development,AMS-amsterdam-chain-44642-0|qp12,historical,19.0,0-29,30,30,True,True,True,bf6b04178ca5605b6d5e187904c259909d2ac062552efb0bba906e25d8f1649c,frozen run_specs plus configuration-labelled raw_final records,AMS-amsterdam-chain-44642-0,1.3244448911399929,0,0,29.0,PASS,True,data/submission/raw_final.csv,False,168.34508480038494
Development,AMS-amsterdam-chain-44642-0|qp12,historical,20.0,0-29,30,30,True,True,True,bf6b04178ca5605b6d5e187904c259909d2ac062552efb0bba906e25d8f1649c,frozen run_specs plus configuration-labelled raw_final records,AMS-amsterdam-chain-44642-0,1.3244448911399929,0,0,28.0,FAIL,True,data/submission/raw_final.csv,False,186.90116190025583
Development,AMS-amsterdam-chain-44642-0|qp30,historical,0.0,0-29,30,30,True,True,True,b298a6ad6d7b7af1c4c306d503b1195535cd202bf68f138c1b5a9cac1f183b5b,frozen run_specs plus configuration-labelled raw_final records,AMS-amsterdam-chain-44642-0,1.262087488681393,0,0,30.0,PASS,True,data/submission/raw_final.csv,False,186.31270590005445
Development,AMS-amsterdam-chain-44642-0|qp30,historical,0.0,10000-10029,30,30,True,True,True,b298a6ad6d7b7af1c4c306d503b1195535cd202bf68f138c1b5a9cac1f183b5b,frozen run_specs plus configuration-labelled raw_final records,AMS-amsterdam-chain-44642-0,1.2616465664539245,0,0,30.0,PASS,True,new package,True,104.29689609998604
Development,AMS-amsterdam-chain-44642-0|qp30,historical,1.0,0-29,30,30,True,True,True,b298a6ad6d7b7af1c4c306d503b1195535cd202bf68f138c1b5a9cac1f183b5b,frozen run_specs plus configuration-labelled raw_final records,AMS-amsterdam-chain-44642-0,1.262087488681393,0,0,30.0,PASS,True,data/submission/raw_final.csv,False,185.352637500735
Development,AMS-amsterdam-chain-44642-0|qp30,historical,2.0,0-29,30,30,True,True,True,b298a6ad6d7b7af1c4c306d503b1195535cd202bf68f138c1b5a9cac1f183b5b,frozen run_specs plus configuration-labelled raw_final records,AMS-amsterdam-chain-44642-0,1.262087488681393,0,0,30.0,PASS,True,data/submission/raw_final.csv,False,174.29606879944913
Development,AMS-amsterdam-chain-44642-0|qp30,historical,2.0,10000-10029,30,30,True,True,True,b298a6ad6d7b7af1c4c306d503b1195535cd202bf68f138c1b5a9cac1f183b5b,frozen run_specs plus configuration-labelled raw_final records,AMS-amsterdam-chain-44642-0,1.2616465664539245,0,0,30.0,PASS,True,new package,True,114.37466180004412
Development,AMS-amsterdam-chain-44642-0|qp30,historical,3.0,0-29,30,30,True,True,True,b298a6ad6d7b7af1c4c306d503b1195535cd202bf68f138c1b5a9cac1f183b5b,frozen run_specs plus configuration-labelled raw_final records,AMS-amsterdam-chain-44642-0,1.262087488681393,0,0,30.0,PASS,True,data/submission/raw_final.csv,False,174.6318186991848
Development,AMS-amsterdam-chain-44642-0|qp30,historical,4.0,0-29,30,30,True,True,True,b298a6ad6d7b7af1c4c306d503b1195535cd202bf68f138c1b5a9cac1f183b5b,frozen run_specs plus configuration-labelled raw_final records,AMS-amsterdam-chain-44642-0,1.262087488681393,0,0,30.0,PASS,True,data/submission/raw_final.csv,False,182.6541795001831
Development,AMS-amsterdam-chain-44642-0|qp30,historical,5.0,0-29,30,30,True,True,True,b298a6ad6d7b7af1c4c306d503b1195535cd202bf68f138c1b5a9cac1f183b5b,frozen run_specs plus configuration-labelled raw_final records,AMS-amsterdam-chain-44642-0,1.262087488681393,0,0,30.0,PASS,True,data/submission/raw_final.csv,False,204.8296631013509
Development,AMS-amsterdam-chain-44642-0|qp30,historical,5.0,10000-10029,30,30,True,True,True,b298a6ad6d7b7af1c4c306d503b1195535cd202bf68f138c1b5a9cac1f183b5b,frozen run_specs plus configuration-labelled raw_final records,AMS-amsterdam-chain-44642-0,1.2616465664539245,0,0,30.0,PASS,True,new package,True,125.03605160006556
Development,AMS-amsterdam-chain-44642-0|qp30,historical,6.0,0-29,30,30,True,True,True,b298a6ad6d7b7af1c4c306d503b1195535cd202bf68f138c1b5a9cac1f183b5b,frozen run_specs plus configuration-labelled raw_final records,AMS-amsterdam-chain-44642-0,1.262087488681393,0,0,30.0,PASS,True,data/submission/raw_final.csv,False,198.73584959981963
Development,AMS-amsterdam-chain-44642-0|qp30,historical,8.0,0-29,30,30,True,True,True,b298a6ad6d7b7af1c4c306d503b1195535cd202bf68f138c1b5a9cac1f183b5b,frozen run_specs plus configuration-labelled raw_final records,AMS-amsterdam-chain-44642-0,1.262087488681393,0,0,30.0,PASS,True,data/submission/raw_final.csv,False,209.14760339958596
Development,AMS-amsterdam-chain-44642-0|qp30,historical,10.0,0-29,30,30,True,True,True,b298a6ad6d7b7af1c4c306d503b1195535cd202bf68f138c1b5a9cac1f183b5b,frozen run_specs plus configuration-labelled raw_final records,AMS-amsterdam-chain-44642-0,1.262087488681393,0,0,30.0,PASS,True,data/submission/raw_final.csv,False,223.13285139924847
Development,AMS-amsterdam-chain-44642-0|qp30,historical,12.0,0-29,30,30,True,True,True,b298a6ad6d7b7af1c4c306d503b1195535cd202bf68f138c1b5a9cac1f183b5b,frozen run_specs plus configuration-labelled raw_final records,AMS-amsterdam-chain-44642-0,1.262087488681393,0,0,30.0,PASS,True,data/submission/raw_final.csv,False,233.67137450026348
Development,AMS-amsterdam-chain-44642-0|qp30,historical,13.0,0-29,30,30,True,True,True,b298a6ad6d7b7af1c4c306d503b1195535cd202bf68f138c1b5a9cac1f183b5b,frozen run_specs plus configuration-labelled raw_final records,AMS-amsterdam-chain-44642-0,1.262087488681393,0,0,27.0,FAIL,True,data/submission/raw_final.csv,False,237.42128490004689
Development,AMS-amsterdam-chain-44642-0|qp30,historical,14.0,0-29,30,30,True,True,True,b298a6ad6d7b7af1c4c306d503b1195535cd202bf68f138c1b5a9cac1f183b5b,frozen run_specs plus configuration-labelled raw_final records,AMS-amsterdam-chain-44642-0,1.262087488681393,0,0,25.0,FAIL,True,data/submission/raw_final.csv,False,234.6824981002137
Development,AMS-amsterdam-chain-44642-0|qp30,historical,15.0,0-29,30,30,True,True,True,b298a6ad6d7b7af1c4c306d503b1195535cd202bf68f138c1b5a9cac1f183b5b,frozen run_specs plus configuration-labelled raw_final records,AMS-amsterdam-chain-44642-0,1.262087488681393,0,0,22.0,FAIL,True,data/submission/raw_final.csv,False,273.6147875005845
Development,AMS-amsterdam-chain-44642-0|qp30,historical,18.0,0-29,30,30,True,True,True,b298a6ad6d7b7af1c4c306d503b1195535cd202bf68f138c1b5a9cac1f183b5b,frozen run_specs plus configuration-labelled raw_final records,AMS-amsterdam-chain-44642-0,1.262087488681393,0,0,14.0,FAIL,True,data/submission/raw_final.csv,False,319.51610820018686
Development,AMS-amsterdam-chain-45268-50|qp11,historical,0.0,0-29,30,30,True,True,True,5d629989f168afaf35f9af04d10c378db03993997f0440d1b287959f122d0b60,frozen run_specs plus configuration-labelled raw_final records,AMS-amsterdam-chain-45268-50,1.2981453043289393,0,0,30.0,PASS,True,data/submission/raw_final.csv,False,80.34115670016035
Development,AMS-amsterdam-chain-45268-50|qp11,historical,1.0,0-29,30,30,True,True,True,5d629989f168afaf35f9af04d10c378db03993997f0440d1b287959f122d0b60,frozen run_specs plus configuration-labelled raw_final records,AMS-amsterdam-chain-45268-50,1.2981453043289393,0,0,30.0,PASS,True,data/submission/raw_final.csv,False,96.04714080039412
Development,AMS-amsterdam-chain-45268-50|qp11,historical,2.0,0-29,30,30,True,True,True,5d629989f168afaf35f9af04d10c378db03993997f0440d1b287959f122d0b60,frozen run_specs plus configuration-labelled raw_final records,AMS-amsterdam-chain-45268-50,1.2981453043289393,0,0,30.0,PASS,True,data/submission/raw_final.csv,False,92.57922680000776
Development,AMS-amsterdam-chain-45268-50|qp11,historical,3.0,0-29,30,30,True,True,True,5d629989f168afaf35f9af04d10c378db03993997f0440d1b287959f122d0b60,frozen run_specs plus configuration-labelled raw_final records,AMS-amsterdam-chain-45268-50,1.2981453043289393,0,0,30.0,PASS,True,data/submission/raw_final.csv,False,93.4380171999801
Development,AMS-amsterdam-chain-45268-50|qp11,historical,4.0,0-29,30,30,True,True,True,5d629989f168afaf35f9af04d10c378db03993997f0440d1b287959f122d0b60,frozen run_specs plus configuration-labelled raw_final records,AMS-amsterdam-chain-45268-50,1.2981453043289393,0,0,30.0,PASS,True,data/submission/raw_final.csv,False,101.48067930014804
Development,AMS-amsterdam-chain-45268-50|qp11,historical,5.0,0-29,30,30,True,True,True,5d629989f168afaf35f9af04d10c378db03993997f0440d1b287959f122d0b60,frozen run_specs plus configuration-labelled raw_final records,AMS-amsterdam-chain-45268-50,1.2981453043289393,0,0,30.0,PASS,True,data/submission/raw_final.csv,False,100.36253869882783
Development,AMS-amsterdam-chain-45268-50|qp11,historical,6.0,0-29,30,30,True,True,True,5d629989f168afaf35f9af04d10c378db03993997f0440d1b287959f122d0b60,frozen run_specs plus configuration-labelled raw_final records,AMS-amsterdam-chain-45268-50,1.2981453043289393,0,0,30.0,PASS,True,data/submission/raw_final.csv,False,103.42411780008116
Development,AMS-amsterdam-chain-45268-50|qp11,historical,8.0,0-29,30,30,True,True,True,5d629989f168afaf35f9af04d10c378db03993997f0440d1b287959f122d0b60,frozen run_specs plus configuration-labelled raw_final records,AMS-amsterdam-chain-45268-50,1.2981453043289393,0,0,29.0,PASS,True,data/submission/raw_final.csv,False,115.5498052991461
Development,AMS-amsterdam-chain-45268-50|qp11,historical,9.0,0-29,30,30,True,True,True,5d629989f168afaf35f9af04d10c378db03993997f0440d1b287959f122d0b60,frozen run_specs plus configuration-labelled raw_final records,AMS-amsterdam-chain-45268-50,1.2981453043289393,0,0,30.0,PASS,True,new package,True,73.52580229999148
Development,AMS-amsterdam-chain-45268-50|qp11,historical,10.0,0-29,30,30,True,True,True,5d629989f168afaf35f9af04d10c378db03993997f0440d1b287959f122d0b60,frozen run_specs plus configuration-labelled raw_final records,AMS-amsterdam-chain-45268-50,1.2981453043289393,0,0,29.0,PASS,True,data/submission/raw_final.csv,False,122.7399804003071
Development,AMS-amsterdam-chain-45268-50|qp11,historical,11.0,0-29,30,30,True,True,True,5d629989f168afaf35f9af04d10c378db03993997f0440d1b287959f122d0b60,frozen run_specs plus configuration-labelled raw_final records,AMS-amsterdam-chain-45268-50,1.2981453043289393,0,0,30.0,PASS,True,data/submission/raw_final.csv,False,72.0640000004787
Development,AMS-amsterdam-chain-45268-50|qp11,historical,12.0,0-29,30,30,True,True,True,5d629989f168afaf35f9af04d10c378db03993997f0440d1b287959f122d0b60,frozen run_specs plus configuration-labelled raw_final records,AMS-amsterdam-chain-45268-50,1.2981453043289393,0,0,30.0,PASS,True,data/submission/raw_final.csv,False,137.69219100032933
Development,AMS-amsterdam-chain-45268-50|qp11,historical,13.0,0-29,30,30,True,True,True,5d629989f168afaf35f9af04d10c378db03993997f0440d1b287959f122d0b60,frozen run_specs plus configuration-labelled raw_final records,AMS-amsterdam-chain-45268-50,1.2981453043289393,0,0,29.0,PASS,True,data/submission/raw_final.csv,False,138.17759320116602
Development,AMS-amsterdam-chain-45268-50|qp11,historical,14.0,0-29,30,30,True,True,True,5d629989f168afaf35f9af04d10c378db03993997f0440d1b287959f122d0b60,frozen run_specs plus configuration-labelled raw_final records,AMS-amsterdam-chain-45268-50,1.2981453043289393,0,0,27.0,FAIL,True,data/submission/raw_final.csv,False,141.46362290042453
Development,AMS-amsterdam-chain-45268-50|qp11,historical,15.0,0-29,30,30,True,True,True,5d629989f168afaf35f9af04d10c378db03993997f0440d1b287959f122d0b60,frozen run_specs plus configuration-labelled raw_final records,AMS-amsterdam-chain-45268-50,1.2981453043289393,0,0,27.0,FAIL,True,data/submission/raw_final.csv,False,157.46122150006704
Development,AMS-amsterdam-chain-45268-50|qp11,historical,18.0,0-29,30,30,True,True,True,5d629989f168afaf35f9af04d10c378db03993997f0440d1b287959f122d0b60,frozen run_specs plus configuration-labelled raw_final records,AMS-amsterdam-chain-45268-50,1.2981453043289393,0,0,18.0,FAIL,True,data/submission/raw_final.csv,False,191.3056368001271
Development,AMS-amsterdam-chain-45268-50|qp11,historical,20.0,0-29,30,30,True,True,True,5d629989f168afaf35f9af04d10c378db03993997f0440d1b287959f122d0b60,frozen run_specs plus configuration-labelled raw_final records,AMS-amsterdam-chain-45268-50,1.2981453043289393,0,0,9.0,FAIL,True,data/submission/raw_final.csv,False,193.84011989994903
Development,AMS-amsterdam-chain-45268-50|qp26,historical,0.0,0-29,30,30,True,True,True,7c5da0f504bf38ca1ba04c6ec7b027fb6bb4a2d814e4bec78f68df0a00c28fe4,frozen run_specs plus configuration-labelled raw_final records,AMS-amsterdam-chain-45268-50,1.2085221382177846,0,0,30.0,PASS,True,data/submission/raw_final.csv,False,167.92670850106515
Development,AMS-amsterdam-chain-45268-50|qp26,historical,1.0,0-29,30,30,True,True,True,7c5da0f504bf38ca1ba04c6ec7b027fb6bb4a2d814e4bec78f68df0a00c28fe4,frozen run_specs plus configuration-labelled raw_final records,AMS-amsterdam-chain-45268-50,1.2085221382177846,0,0,30.0,PASS,True,data/submission/raw_final.csv,False,172.4797071001958
Development,AMS-amsterdam-chain-45268-50|qp26,historical,2.0,0-29,30,30,True,True,True,7c5da0f504bf38ca1ba04c6ec7b027fb6bb4a2d814e4bec78f68df0a00c28fe4,frozen run_specs plus configuration-labelled raw_final records,AMS-amsterdam-chain-45268-50,1.2085221382177846,0,0,30.0,PASS,True,data/submission/raw_final.csv,False,165.64808790036477
Development,AMS-amsterdam-chain-45268-50|qp26,historical,3.0,0-29,30,30,True,True,True,7c5da0f504bf38ca1ba04c6ec7b027fb6bb4a2d814e4bec78f68df0a00c28fe4,frozen run_specs plus configuration-labelled raw_final records,AMS-amsterdam-chain-45268-50,1.2085221382177846,0,0,30.0,PASS,True,data/submission/raw_final.csv,False,167.90588580071926
Development,AMS-amsterdam-chain-45268-50|qp26,historical,4.0,0-29,30,30,True,True,True,7c5da0f504bf38ca1ba04c6ec7b027fb6bb4a2d814e4bec78f68df0a00c28fe4,frozen run_specs plus configuration-labelled raw_final records,AMS-amsterdam-chain-45268-50,1.2085221382177846,0,0,30.0,PASS,True,data/submission/raw_final.csv,False,173.0567490993999
Development,AMS-amsterdam-chain-45268-50|qp26,historical,5.0,0-29,30,30,True,True,True,7c5da0f504bf38ca1ba04c6ec7b027fb6bb4a2d814e4bec78f68df0a00c28fe4,frozen run_specs plus configuration-labelled raw_final records,AMS-amsterdam-chain-45268-50,1.2085221382177846,0,0,30.0,PASS,True,data/submission/raw_final.csv,False,193.2804118001368
Development,AMS-amsterdam-chain-45268-50|qp26,historical,6.0,0-29,30,30,True,True,True,7c5da0f504bf38ca1ba04c6ec7b027fb6bb4a2d814e4bec78f68df0a00c28fe4,frozen run_specs plus configuration-labelled raw_final records,AMS-amsterdam-chain-45268-50,1.2085221382177846,0,0,30.0,PASS,True,data/submission/raw_final.csv,False,192.72639190009795
Development,AMS-amsterdam-chain-45268-50|qp26,historical,8.0,0-29,30,30,True,True,True,7c5da0f504bf38ca1ba04c6ec7b027fb6bb4a2d814e4bec78f68df0a00c28fe4,frozen run_specs plus configuration-labelled raw_final records,AMS-amsterdam-chain-45268-50,1.2085221382177846,0,0,29.0,PASS,True,data/submission/raw_final.csv,False,213.66320000006817
Development,AMS-amsterdam-chain-45268-50|qp26,historical,9.0,0-29,30,30,True,True,True,7c5da0f504bf38ca1ba04c6ec7b027fb6bb4a2d814e4bec78f68df0a00c28fe4,frozen run_specs plus configuration-labelled raw_final records,AMS-amsterdam-chain-45268-50,1.2085221382177846,0,0,28.0,FAIL,True,data/submission/raw_final.csv,False,212.9118578999769
Development,AMS-amsterdam-chain-45268-50|qp26,historical,10.0,0-29,30,30,True,True,True,7c5da0f504bf38ca1ba04c6ec7b027fb6bb4a2d814e4bec78f68df0a00c28fe4,frozen run_specs plus configuration-labelled raw_final records,AMS-amsterdam-chain-45268-50,1.2085221382177846,0,0,27.0,FAIL,True,data/submission/raw_final.csv,False,224.43812389997763
Development,AMS-amsterdam-chain-45268-50|qp26,historical,12.0,0-29,30,30,True,True,True,7c5da0f504bf38ca1ba04c6ec7b027fb6bb4a2d814e4bec78f68df0a00c28fe4,frozen run_specs plus configuration-labelled raw_final records,AMS-amsterdam-chain-45268-50,1.2085221382177846,0,0,20.0,FAIL,True,data/submission/raw_final.csv,False,238.8704232003074
Development,AMS-amsterdam-chain-45268-50|qp26,historical,15.0,0-29,30,30,True,True,True,7c5da0f504bf38ca1ba04c6ec7b027fb6bb4a2d814e4bec78f68df0a00c28fe4,frozen run_specs plus configuration-labelled raw_final records,AMS-amsterdam-chain-45268-50,1.2085221382177846,0,0,4.0,FAIL,True,data/submission/raw_final.csv,False,289.037837800337
Development,AMS-amsterdam-chain-66173-0|qp14,historical,0.0,0-29,30,30,True,True,False,,no preserved run_spec,AMS-amsterdam-chain-66173-0,,0,0,,MISSING_CONFIGURATION_PROOF,False,data/submission/raw_final.csv,False,101.68538990058003
Development,AMS-amsterdam-chain-66173-0|qp14,historical,1.0,0-29,30,30,True,True,False,,no preserved run_spec,AMS-amsterdam-chain-66173-0,,0,0,,MISSING_CONFIGURATION_PROOF,False,data/submission/raw_final.csv,False,510.0079206989613
Development,AMS-amsterdam-chain-66173-0|qp6,historical,0.0,0-29,30,30,True,True,False,,no preserved run_spec,AMS-amsterdam-chain-66173-0,,0,0,,MISSING_CONFIGURATION_PROOF,False,data/submission/raw_final.csv,False,68.98201919998974
Development,AMS-amsterdam-chain-66173-0|qp6,historical,1.0,0-29,30,30,True,True,False,,no preserved run_spec,AMS-amsterdam-chain-66173-0,,0,0,,MISSING_CONFIGURATION_PROOF,False,data/submission/raw_final.csv,False,272.9692839994095
Development,AMS-amsterdam-chain-75190-0|qp11,historical,0.0,0-29,30,30,True,True,False,,no preserved run_spec,AMS-amsterdam-chain-75190-0,,0,0,,MISSING_CONFIGURATION_PROOF,False,data/submission/raw_final.csv,False,485.2697320997249
Development,AMS-amsterdam-chain-75190-0|qp4,historical,0.0,0-29,30,30,True,True,False,,no preserved run_spec,AMS-amsterdam-chain-75190-0,,0,0,,MISSING_CONFIGURATION_PROOF,False,data/submission/raw_final.csv,False,189.6451863993425
Development,AMS-amsterdam-chain-7530-50|qp18,historical,0.0,0-29,30,30,True,True,False,,no preserved run_spec,AMS-amsterdam-chain-7530-50,,0,0,,MISSING_CONFIGURATION_PROOF,False,data/submission/raw_final.csv,False,111.5092476005666
Development,AMS-amsterdam-chain-7530-50|qp18,historical,1.0,0-29,30,30,True,True,False,,no preserved run_spec,AMS-amsterdam-chain-7530-50,,0,0,,MISSING_CONFIGURATION_PROOF,False,data/submission/raw_final.csv,False,162.5810247005429
Development,AMS-amsterdam-chain-7530-50|qp8,historical,0.0,0-29,30,30,True,True,False,,no preserved run_spec,AMS-amsterdam-chain-7530-50,,0,0,,MISSING_CONFIGURATION_PROOF,False,data/submission/raw_final.csv,False,68.28613299969584
Development,AMS-amsterdam-chain-7530-50|qp8,historical,1.0,0-29,30,30,True,True,False,,no preserved run_spec,AMS-amsterdam-chain-7530-50,,0,0,,MISSING_CONFIGURATION_PROOF,False,data/submission/raw_final.csv,False,81.98790539964102
Development,AMS-amsterdam-chain-77474-550|qp3,historical,0.0,0-29,30,30,True,True,False,,no preserved run_spec,AMS-amsterdam-chain-77474-550,,0,0,,MISSING_CONFIGURATION_PROOF,False,data/submission/raw_final.csv,False,151.67813379969448
Development,AMS-amsterdam-chain-77474-550|qp3,historical,1.0,0-29,1,1,False,True,False,,no preserved run_spec,AMS-amsterdam-chain-77474-550,,0,0,,MISSING_CONFIGURATION_PROOF,False,data/submission/raw_final.csv,False,4.014702300075442
Development,AMS-amsterdam-chain-77474-550|qp8,historical,0.0,0-29,30,30,True,True,False,,no preserved run_spec,AMS-amsterdam-chain-77474-550,,0,0,,MISSING_CONFIGURATION_PROOF,False,data/submission/raw_final.csv,False,312.43166000093333
Development,AMS-amsterdam-chain-79104-0|qp20,historical,0.0,0-29,30,30,True,True,True,17566399276e3f453d7227f016d1b96e7840130388f1bd106a7a1d590cb6994f,frozen run_specs plus configuration-labelled raw_final records,AMS-amsterdam-chain-79104-0,1.3124164516375214,0,0,30.0,PASS,True,data/submission/raw_final.csv,False,124.47975680069068
Development,AMS-amsterdam-chain-79104-0|qp20,historical,1.0,0-29,30,30,True,True,True,17566399276e3f453d7227f016d1b96e7840130388f1bd106a7a1d590cb6994f,frozen run_specs plus configuration-labelled raw_final records,AMS-amsterdam-chain-79104-0,1.3124164516375214,0,0,30.0,PASS,True,data/submission/raw_final.csv,False,131.0394056001678
Development,AMS-amsterdam-chain-79104-0|qp20,historical,2.0,0-29,30,30,True,True,True,17566399276e3f453d7227f016d1b96e7840130388f1bd106a7a1d590cb6994f,frozen run_specs plus configuration-labelled raw_final records,AMS-amsterdam-chain-79104-0,1.3124164516375214,0,0,30.0,PASS,True,data/submission/raw_final.csv,False,141.28640979947522
Development,AMS-amsterdam-chain-79104-0|qp20,historical,3.0,0-29,30,30,True,True,True,17566399276e3f453d7227f016d1b96e7840130388f1bd106a7a1d590cb6994f,frozen run_specs plus configuration-labelled raw_final records,AMS-amsterdam-chain-79104-0,1.3124164516375214,0,0,30.0,PASS,True,data/submission/raw_final.csv,False,143.87501719989814
Development,AMS-amsterdam-chain-79104-0|qp20,historical,4.0,0-29,30,30,True,True,True,17566399276e3f453d7227f016d1b96e7840130388f1bd106a7a1d590cb6994f,frozen run_specs plus configuration-labelled raw_final records,AMS-amsterdam-chain-79104-0,1.3124164516375214,0,0,30.0,PASS,True,data/submission/raw_final.csv,False,152.9282623999752
Development,AMS-amsterdam-chain-79104-0|qp20,historical,5.0,0-29,30,30,True,True,True,17566399276e3f453d7227f016d1b96e7840130388f1bd106a7a1d590cb6994f,frozen run_specs plus configuration-labelled raw_final records,AMS-amsterdam-chain-79104-0,1.3124164516375214,0,0,30.0,PASS,True,data/submission/raw_final.csv,False,158.55772610055283
Development,AMS-amsterdam-chain-79104-0|qp20,historical,6.0,0-29,30,30,True,True,True,17566399276e3f453d7227f016d1b96e7840130388f1bd106a7a1d590cb6994f,frozen run_specs plus configuration-labelled raw_final records,AMS-amsterdam-chain-79104-0,1.3124164516375214,0,0,30.0,PASS,True,data/submission/raw_final.csv,False,165.93263970059343
Development,AMS-amsterdam-chain-79104-0|qp20,historical,8.0,0-29,30,30,True,True,True,17566399276e3f453d7227f016d1b96e7840130388f1bd106a7a1d590cb6994f,frozen run_specs plus configuration-labelled raw_final records,AMS-amsterdam-chain-79104-0,1.3124164516375214,0,0,29.0,PASS,True,data/submission/raw_final.csv,False,183.25390909938145
Development,AMS-amsterdam-chain-79104-0|qp20,historical,10.0,0-29,30,30,True,True,True,17566399276e3f453d7227f016d1b96e7840130388f1bd106a7a1d590cb6994f,frozen run_specs plus configuration-labelled raw_final records,AMS-amsterdam-chain-79104-0,1.3124164516375214,0,0,29.0,PASS,True,data/submission/raw_final.csv,False,200.50358490017243
Development,AMS-amsterdam-chain-79104-0|qp20,historical,11.0,0-29,30,30,True,True,True,17566399276e3f453d7227f016d1b96e7840130388f1bd106a7a1d590cb6994f,frozen run_specs plus configuration-labelled raw_final records,AMS-amsterdam-chain-79104-0,1.3124164516375214,0,0,25.0,FAIL,True,data/submission/raw_final.csv,False,200.48171059973535
Development,AMS-amsterdam-chain-79104-0|qp20,historical,12.0,0-29,30,30,True,True,True,17566399276e3f453d7227f016d1b96e7840130388f1bd106a7a1d590cb6994f,frozen run_specs plus configuration-labelled raw_final records,AMS-amsterdam-chain-79104-0,1.3124164516375214,0,0,23.0,FAIL,True,data/submission/raw_final.csv,False,217.15720489970408
Development,AMS-amsterdam-chain-79104-0|qp20,historical,15.0,0-29,30,30,True,True,True,17566399276e3f453d7227f016d1b96e7840130388f1bd106a7a1d590cb6994f,frozen run_specs plus configuration-labelled raw_final records,AMS-amsterdam-chain-79104-0,1.3124164516375214,0,0,13.0,FAIL,True,data/submission/raw_final.csv,False,226.84912099991925
Development,AMS-amsterdam-chain-79104-0|qp8,historical,0.0,0-29,30,30,True,True,True,483900251cf55a9f4d53f718182627af80e9b69dfdb6e6be68cd4cbf5827aa54,frozen run_specs plus configuration-labelled raw_final records,AMS-amsterdam-chain-79104-0,1.3337240877432808,0,0,30.0,PASS,True,data/submission/raw_final.csv,False,71.1724258987233
Development,AMS-amsterdam-chain-79104-0|qp8,historical,1.0,0-29,30,30,True,True,True,483900251cf55a9f4d53f718182627af80e9b69dfdb6e6be68cd4cbf5827aa54,frozen run_specs plus configuration-labelled raw_final records,AMS-amsterdam-chain-79104-0,1.3337240877432808,0,0,30.0,PASS,True,data/submission/raw_final.csv,False,71.19008419988677
Development,AMS-amsterdam-chain-79104-0|qp8,historical,2.0,0-29,30,30,True,True,True,483900251cf55a9f4d53f718182627af80e9b69dfdb6e6be68cd4cbf5827aa54,frozen run_specs plus configuration-labelled raw_final records,AMS-amsterdam-chain-79104-0,1.3337240877432808,0,0,30.0,PASS,True,data/submission/raw_final.csv,False,80.7108901005704
Development,AMS-amsterdam-chain-79104-0|qp8,historical,3.0,0-29,30,30,True,True,True,483900251cf55a9f4d53f718182627af80e9b69dfdb6e6be68cd4cbf5827aa54,frozen run_specs plus configuration-labelled raw_final records,AMS-amsterdam-chain-79104-0,1.3337240877432808,0,0,30.0,PASS,True,data/submission/raw_final.csv,False,84.41197959892452
Development,AMS-amsterdam-chain-79104-0|qp8,historical,4.0,0-29,30,30,True,True,True,483900251cf55a9f4d53f718182627af80e9b69dfdb6e6be68cd4cbf5827aa54,frozen run_specs plus configuration-labelled raw_final records,AMS-amsterdam-chain-79104-0,1.3337240877432808,0,0,30.0,PASS,True,data/submission/raw_final.csv,False,92.88301520049572
Development,AMS-amsterdam-chain-79104-0|qp8,historical,5.0,0-29,30,30,True,True,True,483900251cf55a9f4d53f718182627af80e9b69dfdb6e6be68cd4cbf5827aa54,frozen run_specs plus configuration-labelled raw_final records,AMS-amsterdam-chain-79104-0,1.3337240877432808,0,0,30.0,PASS,True,data/submission/raw_final.csv,False,93.96084659988992
Development,AMS-amsterdam-chain-79104-0|qp8,historical,6.0,0-29,30,30,True,True,True,483900251cf55a9f4d53f718182627af80e9b69dfdb6e6be68cd4cbf5827aa54,frozen run_specs plus configuration-labelled raw_final records,AMS-amsterdam-chain-79104-0,1.3337240877432808,0,0,30.0,PASS,True,data/submission/raw_final.csv,False,101.23397530056536
Development,AMS-amsterdam-chain-79104-0|qp8,historical,8.0,0-29,30,30,True,True,True,483900251cf55a9f4d53f718182627af80e9b69dfdb6e6be68cd4cbf5827aa54,frozen run_specs plus configuration-labelled raw_final records,AMS-amsterdam-chain-79104-0,1.3337240877432808,0,0,30.0,PASS,True,data/submission/raw_final.csv,False,113.3342860992998
Development,AMS-amsterdam-chain-79104-0|qp8,historical,10.0,0-29,30,30,True,True,True,483900251cf55a9f4d53f718182627af80e9b69dfdb6e6be68cd4cbf5827aa54,frozen run_specs plus configuration-labelled raw_final records,AMS-amsterdam-chain-79104-0,1.3337240877432808,0,0,29.0,PASS,True,data/submission/raw_final.csv,False,120.43538829986936
Development,AMS-amsterdam-chain-79104-0|qp8,historical,11.0,0-29,30,30,True,True,True,483900251cf55a9f4d53f718182627af80e9b69dfdb6e6be68cd4cbf5827aa54,frozen run_specs plus configuration-labelled raw_final records,AMS-amsterdam-chain-79104-0,1.3337240877432808,0,0,29.0,PASS,True,data/submission/raw_final.csv,False,118.9310669999104
Development,AMS-amsterdam-chain-79104-0|qp8,historical,12.0,0-29,30,30,True,True,True,483900251cf55a9f4d53f718182627af80e9b69dfdb6e6be68cd4cbf5827aa54,frozen run_specs plus configuration-labelled raw_final records,AMS-amsterdam-chain-79104-0,1.3337240877432808,0,0,28.0,FAIL,True,data/submission/raw_final.csv,False,140.72047310019843
Development,AMS-amsterdam-chain-79104-0|qp8,historical,15.0,0-29,30,30,True,True,True,483900251cf55a9f4d53f718182627af80e9b69dfdb6e6be68cd4cbf5827aa54,frozen run_specs plus configuration-labelled raw_final records,AMS-amsterdam-chain-79104-0,1.3337240877432808,0,0,25.0,FAIL,True,data/submission/raw_final.csv,False,142.78328999970108
Development,AMS-amsterdam-chain-79104-0|qp8,historical,18.0,0-29,30,30,True,True,True,483900251cf55a9f4d53f718182627af80e9b69dfdb6e6be68cd4cbf5827aa54,frozen run_specs plus configuration-labelled raw_final records,AMS-amsterdam-chain-79104-0,1.3337240877432808,0,0,18.0,FAIL,True,data/submission/raw_final.csv,False,180.9364485999104
Development,AMS-amsterdam-chain-79104-0|qp8,historical,20.0,0-29,30,30,True,True,True,483900251cf55a9f4d53f718182627af80e9b69dfdb6e6be68cd4cbf5827aa54,frozen run_specs plus configuration-labelled raw_final records,AMS-amsterdam-chain-79104-0,1.3337240877432808,0,0,15.0,FAIL,True,data/submission/raw_final.csv,False,191.36417239974253
Development,AMS-amsterdam-chain-95719-50|qp10,historical,0.0,0-29,30,30,True,True,False,,no preserved run_spec,AMS-amsterdam-chain-95719-50,,0,0,,MISSING_CONFIGURATION_PROOF,False,data/submission/raw_final.csv,False,200.98455489985645
Development,AMS-amsterdam-chain-95719-50|qp25,historical,0.0,0-29,30,30,True,True,False,,no preserved run_spec,AMS-amsterdam-chain-95719-50,,0,0,,MISSING_CONFIGURATION_PROOF,False,data/submission/raw_final.csv,False,374.8588217010256
Development,DC-000|qp13.7,historical,0.0,0-29,30,30,True,True,False,,no preserved run_spec,DC-000,,0,0,,MISSING_CONFIGURATION_PROOF,False,data/submission/raw_final.csv,False,562.7075756997801
Development,DC-001|qp18.3,historical,0.0,0-29,30,30,True,True,False,,no preserved run_spec,DC-001,,0,0,,MISSING_CONFIGURATION_PROOF,False,data/submission/raw_final.csv,False,814.9298815992661
Development,DC-002|qp22.9,historical,0.0,0-29,30,30,True,True,False,,no preserved run_spec,DC-002,,0,0,,MISSING_CONFIGURATION_PROOF,False,data/submission/raw_final.csv,False,1046.7789746997878
Development,DC-003|qp15.4,historical,0.0,0-29,30,30,True,True,False,,no preserved run_spec,DC-003,,0,0,,MISSING_CONFIGURATION_PROOF,False,data/submission/raw_final.csv,False,718.0271114003845
Development,DC-004|qp20.5,historical,0.0,0-29,30,30,True,True,False,,no preserved run_spec,DC-004,,0,0,,MISSING_CONFIGURATION_PROOF,False,data/submission/raw_final.csv,False,918.7976933999452
Development,DC-005|qp25.6,historical,0.0,0-29,30,30,True,True,False,,no preserved run_spec,DC-005,,0,0,,MISSING_CONFIGURATION_PROOF,False,data/submission/raw_final.csv,False,1130.6361048999242
Development,DC-006|qp30.2,historical,0.0,0-29,30,30,True,True,True,3d70cc311d113ef6af4cbef23f2bad35be7cb242e88d3770355e4a6fff205d44,frozen run_specs plus configuration-labelled raw_final records,DC-006,1.1798168062364758,0,0,30.0,PASS,True,data/submission/raw_final.csv,False,202.90811889991164
Development,DC-006|qp30.2,historical,1.0,0-29,30,30,True,True,True,3d70cc311d113ef6af4cbef23f2bad35be7cb242e88d3770355e4a6fff205d44,frozen run_specs plus configuration-labelled raw_final records,DC-006,1.1798168062364758,0,0,29.0,PASS,True,data/submission/raw_final.csv,False,197.74953279900365
Development,DC-006|qp30.2,historical,2.0,0-29,30,30,True,True,True,3d70cc311d113ef6af4cbef23f2bad35be7cb242e88d3770355e4a6fff205d44,frozen run_specs plus configuration-labelled raw_final records,DC-006,1.1798168062364758,0,0,28.0,FAIL,True,data/submission/raw_final.csv,False,207.08288359967992
Development,DC-006|qp30.2,historical,3.0,0-29,30,30,True,True,True,3d70cc311d113ef6af4cbef23f2bad35be7cb242e88d3770355e4a6fff205d44,frozen run_specs plus configuration-labelled raw_final records,DC-006,1.1798168062364758,0,0,28.0,FAIL,True,data/submission/raw_final.csv,False,183.85628740023824
Development,DC-006|qp30.2,historical,4.0,0-29,30,30,True,True,True,3d70cc311d113ef6af4cbef23f2bad35be7cb242e88d3770355e4a6fff205d44,frozen run_specs plus configuration-labelled raw_final records,DC-006,1.1798168062364758,0,0,20.0,FAIL,True,data/submission/raw_final.csv,False,200.5769909992814
Development,DC-006|qp30.2,historical,5.0,0-29,30,30,True,True,True,3d70cc311d113ef6af4cbef23f2bad35be7cb242e88d3770355e4a6fff205d44,frozen run_specs plus configuration-labelled raw_final records,DC-006,1.1798168062364758,0,0,13.0,FAIL,True,data/submission/raw_final.csv,False,229.70500509999687
Development,DC-007|qp40.2,historical,0.0,0-29,30,30,True,True,False,,no preserved run_spec,DC-007,,0,0,,MISSING_CONFIGURATION_PROOF,False,data/submission/raw_final.csv,False,290.5132561000064
Development,DC-007|qp40.2,historical,1.0,0-29,30,30,True,True,False,,no preserved run_spec,DC-007,,0,0,,MISSING_CONFIGURATION_PROOF,False,data/submission/raw_final.csv,False,342.9635926997289
Development,DC-008|qp50.3,historical,0.0,0-29,30,30,True,True,False,,no preserved run_spec,DC-008,,0,0,,MISSING_CONFIGURATION_PROOF,False,data/submission/raw_final.csv,False,519.5395057008136
Development,DC-008|qp50.3,historical,1.0,0-29,30,30,True,True,False,,no preserved run_spec,DC-008,,0,0,,MISSING_CONFIGURATION_PROOF,False,data/submission/raw_final.csv,False,619.469107599929
Development,DC-009|qp30.7,historical,0.0,0-29,30,30,True,True,True,4c7fd6c9307fee979cfd74e4103ff1cae8b3988dfd342991393c2157344b6576,frozen run_specs plus configuration-labelled raw_final records,DC-009,1.1775718161590931,0,0,30.0,PASS,True,data/submission/raw_final.csv,False,184.55655100010333
Development,DC-009|qp30.7,historical,1.0,0-29,30,30,True,True,True,4c7fd6c9307fee979cfd74e4103ff1cae8b3988dfd342991393c2157344b6576,frozen run_specs plus configuration-labelled raw_final records,DC-009,1.1775718161590931,0,0,30.0,PASS,True,data/submission/raw_final.csv,False,204.1991326995194
Development,DC-009|qp30.7,historical,2.0,0-29,30,30,True,True,True,4c7fd6c9307fee979cfd74e4103ff1cae8b3988dfd342991393c2157344b6576,frozen run_specs plus configuration-labelled raw_final records,DC-009,1.1775718161590931,0,0,29.0,PASS,True,data/submission/raw_final.csv,False,204.60625719977543
Development,DC-009|qp30.7,historical,3.0,0-29,30,30,True,True,True,4c7fd6c9307fee979cfd74e4103ff1cae8b3988dfd342991393c2157344b6576,frozen run_specs plus configuration-labelled raw_final records,DC-009,1.1775718161590931,0,0,26.0,FAIL,True,data/submission/raw_final.csv,False,205.85787810012695
Development,DC-009|qp30.7,historical,4.0,0-29,30,30,True,True,True,4c7fd6c9307fee979cfd74e4103ff1cae8b3988dfd342991393c2157344b6576,frozen run_specs plus configuration-labelled raw_final records,DC-009,1.1775718161590931,0,0,24.0,FAIL,True,data/submission/raw_final.csv,False,173.7275721996557
Development,DC-010|qp41.0,historical,0.0,0-29,30,30,True,True,False,,no preserved run_spec,DC-010,,0,0,,MISSING_CONFIGURATION_PROOF,False,data/submission/raw_final.csv,False,262.65348510001786
Development,DC-010|qp41.0,historical,1.0,0-29,30,30,True,True,False,,no preserved run_spec,DC-010,,0,0,,MISSING_CONFIGURATION_PROOF,False,data/submission/raw_final.csv,False,343.7128811995499
Development,DC-010|qp41.0,historical,2.0,0-29,30,30,True,True,False,,no preserved run_spec,DC-010,,0,0,,MISSING_CONFIGURATION_PROOF,False,data/submission/raw_final.csv,False,352.7614914001897
Development,DC-011|qp51.2,historical,0.0,0-29,30,30,True,True,False,,no preserved run_spec,DC-011,,0,0,,MISSING_CONFIGURATION_PROOF,False,data/submission/raw_final.csv,False,528.9313289995771
Development,DC-011|qp51.2,historical,1.0,0-29,30,30,True,True,False,,no preserved run_spec,DC-011,,0,0,,MISSING_CONFIGURATION_PROOF,False,data/submission/raw_final.csv,False,674.6422156002373
Development,DC-012|qp43.3,historical,0.0,0-29,30,30,True,True,True,b05db1ae3a1577c13d02eee00ec98f51cafdaebc1d5e02bf91cc98f256912e6e,frozen run_specs plus configuration-labelled raw_final records,DC-012,1.2009122896604567,0,0,30.0,PASS,True,data/submission/raw_final.csv,False,288.3564716002438
Development,DC-012|qp43.3,historical,1.0,0-29,30,30,True,True,True,b05db1ae3a1577c13d02eee00ec98f51cafdaebc1d5e02bf91cc98f256912e6e,frozen run_specs plus configuration-labelled raw_final records,DC-012,1.2009122896604567,0,0,30.0,PASS,True,data/submission/raw_final.csv,False,278.3986712000333
Development,DC-012|qp43.3,historical,2.0,0-29,30,30,True,True,True,b05db1ae3a1577c13d02eee00ec98f51cafdaebc1d5e02bf91cc98f256912e6e,frozen run_specs plus configuration-labelled raw_final records,DC-012,1.2009122896604567,0,0,30.0,PASS,True,data/submission/raw_final.csv,False,266.9402875001542
Development,DC-012|qp43.3,historical,3.0,0-29,30,30,True,True,True,b05db1ae3a1577c13d02eee00ec98f51cafdaebc1d5e02bf91cc98f256912e6e,frozen run_specs plus configuration-labelled raw_final records,DC-012,1.2009122896604567,0,0,30.0,PASS,True,data/submission/raw_final.csv,False,269.94839269970544
Development,DC-012|qp43.3,historical,4.0,0-29,30,30,True,True,True,b05db1ae3a1577c13d02eee00ec98f51cafdaebc1d5e02bf91cc98f256912e6e,frozen run_specs plus configuration-labelled raw_final records,DC-012,1.2009122896604567,0,0,30.0,PASS,True,data/submission/raw_final.csv,False,177.47269009961747
Development,DC-012|qp43.3,historical,5.0,0-29,30,30,True,True,True,b05db1ae3a1577c13d02eee00ec98f51cafdaebc1d5e02bf91cc98f256912e6e,frozen run_specs plus configuration-labelled raw_final records,DC-012,1.2009122896604567,0,0,29.0,PASS,True,data/submission/raw_final.csv,False,241.40064099966548
Development,DC-012|qp43.3,historical,6.0,0-29,30,30,True,True,True,b05db1ae3a1577c13d02eee00ec98f51cafdaebc1d5e02bf91cc98f256912e6e,frozen run_specs plus configuration-labelled raw_final records,DC-012,1.2009122896604567,0,0,30.0,PASS,True,data/submission/raw_final.csv,False,288.8066773992032
Development,DC-012|qp43.3,historical,7.0,0-29,30,30,True,True,True,b05db1ae3a1577c13d02eee00ec98f51cafdaebc1d5e02bf91cc98f256912e6e,frozen run_specs plus configuration-labelled raw_final records,DC-012,1.2009122896604567,0,0,30.0,PASS,True,data/submission/raw_final.csv,False,320.1564166008029
Development,DC-012|qp43.3,historical,8.0,0-29,30,30,True,True,True,b05db1ae3a1577c13d02eee00ec98f51cafdaebc1d5e02bf91cc98f256912e6e,frozen run_specs plus configuration-labelled raw_final records,DC-012,1.2009122896604567,0,0,28.0,FAIL,True,data/submission/raw_final.csv,False,312.9027941003442
Development,DC-012|qp43.3,historical,10.0,0-29,30,30,True,True,True,b05db1ae3a1577c13d02eee00ec98f51cafdaebc1d5e02bf91cc98f256912e6e,frozen run_specs plus configuration-labelled raw_final records,DC-012,1.2009122896604567,0,0,27.0,FAIL,True,data/submission/raw_final.csv,False,322.11235540010966
Development,DC-012|qp43.3,historical,12.0,0-29,30,30,True,True,True,b05db1ae3a1577c13d02eee00ec98f51cafdaebc1d5e02bf91cc98f256912e6e,frozen run_specs plus configuration-labelled raw_final records,DC-012,1.2009122896604567,0,0,13.0,FAIL,True,data/submission/raw_final.csv,False,343.8454846001696
Development,DC-013|qp57.8,historical,0.0,0-29,30,30,True,True,False,,no preserved run_spec,DC-013,,0,0,,MISSING_CONFIGURATION_PROOF,False,data/submission/raw_final.csv,False,398.7146509001032
Development,DC-013|qp57.8,historical,1.0,0-29,30,30,True,True,False,,no preserved run_spec,DC-013,,0,0,,MISSING_CONFIGURATION_PROOF,False,data/submission/raw_final.csv,False,387.493426500354
Development,DC-013|qp57.8,historical,2.0,0-29,30,30,True,True,False,,no preserved run_spec,DC-013,,0,0,,MISSING_CONFIGURATION_PROOF,False,data/submission/raw_final.csv,False,371.7574087004177
Development,DC-013|qp57.8,historical,3.0,0-29,30,30,True,True,False,,no preserved run_spec,DC-013,,0,0,,MISSING_CONFIGURATION_PROOF,False,data/submission/raw_final.csv,False,442.4639378993306
Development,DC-013|qp57.8,historical,4.0,0-29,30,30,True,True,False,,no preserved run_spec,DC-013,,0,0,,MISSING_CONFIGURATION_PROOF,False,data/submission/raw_final.csv,False,429.8352918000892
Development,DC-014|qp72.2,historical,0.0,0-29,30,30,True,True,False,,no preserved run_spec,DC-014,,0,0,,MISSING_CONFIGURATION_PROOF,False,data/submission/raw_final.csv,False,523.7783931999002
Development,DC-014|qp72.2,historical,1.0,0-29,30,30,True,True,False,,no preserved run_spec,DC-014,,0,0,,MISSING_CONFIGURATION_PROOF,False,data/submission/raw_final.csv,False,1078.1086905000266
Development,DC-015|qp66.9,historical,0.0,0-29,30,30,True,True,False,,no preserved run_spec,DC-015,,0,0,,MISSING_CONFIGURATION_PROOF,False,data/submission/raw_final.csv,False,514.0938262997661
Development,DC-015|qp66.9,historical,1.0,0-29,30,30,True,True,False,,no preserved run_spec,DC-015,,0,0,,MISSING_CONFIGURATION_PROOF,False,data/submission/raw_final.csv,False,474.6122960003559
Development,DC-015|qp66.9,historical,2.0,0-29,30,30,True,True,False,,no preserved run_spec,DC-015,,0,0,,MISSING_CONFIGURATION_PROOF,False,data/submission/raw_final.csv,False,445.1047125994228
Development,DC-015|qp66.9,historical,3.0,0-29,30,30,True,True,False,,no preserved run_spec,DC-015,,0,0,,MISSING_CONFIGURATION_PROOF,False,data/submission/raw_final.csv,False,465.3734495996032
Development,DC-015|qp66.9,historical,4.0,0-29,30,30,True,True,False,,no preserved run_spec,DC-015,,0,0,,MISSING_CONFIGURATION_PROOF,False,data/submission/raw_final.csv,False,474.390652500093
Development,DC-015|qp66.9,historical,5.0,0-29,30,30,True,True,False,,no preserved run_spec,DC-015,,0,0,,MISSING_CONFIGURATION_PROOF,False,data/submission/raw_final.csv,False,429.85446430020966
Development,DC-015|qp66.9,historical,6.0,0-29,30,30,True,True,False,,no preserved run_spec,DC-015,,0,0,,MISSING_CONFIGURATION_PROOF,False,data/submission/raw_final.csv,False,473.21336599998176
Development,DC-015|qp66.9,historical,7.0,0-29,30,30,True,True,False,,no preserved run_spec,DC-015,,0,0,,MISSING_CONFIGURATION_PROOF,False,data/submission/raw_final.csv,False,552.9836411997676
Development,DC-015|qp66.9,historical,8.0,0-29,30,30,True,True,False,,no preserved run_spec,DC-015,,0,0,,MISSING_CONFIGURATION_PROOF,False,data/submission/raw_final.csv,False,496.8405129001476
Development,DC-015|qp66.9,historical,10.0,0-29,30,30,True,True,False,,no preserved run_spec,DC-015,,0,0,,MISSING_CONFIGURATION_PROOF,False,data/submission/raw_final.csv,False,539.7103269998915
Development,DC-016|qp89.3,historical,0.0,0-29,30,30,True,True,False,,no preserved run_spec,DC-016,,0,0,,MISSING_CONFIGURATION_PROOF,False,data/submission/raw_final.csv,False,805.8189579001628
Development,DC-016|qp89.3,historical,1.0,0-29,30,30,True,True,False,,no preserved run_spec,DC-016,,0,0,,MISSING_CONFIGURATION_PROOF,False,data/submission/raw_final.csv,False,707.8148586007301
Development,DC-016|qp89.3,historical,2.0,0-29,30,30,True,True,False,,no preserved run_spec,DC-016,,0,0,,MISSING_CONFIGURATION_PROOF,False,data/submission/raw_final.csv,False,710.5535265994258
Development,DC-016|qp89.3,historical,3.0,0-29,30,30,True,True,False,,no preserved run_spec,DC-016,,0,0,,MISSING_CONFIGURATION_PROOF,False,data/submission/raw_final.csv,False,717.0709055000916
Development,DC-016|qp89.3,historical,4.0,0-29,30,30,True,True,False,,no preserved run_spec,DC-016,,0,0,,MISSING_CONFIGURATION_PROOF,False,data/submission/raw_final.csv,False,827.4531416001264
Development,DC-016|qp89.3,historical,5.0,0-29,30,30,True,True,False,,no preserved run_spec,DC-016,,0,0,,MISSING_CONFIGURATION_PROOF,False,data/submission/raw_final.csv,False,710.4924063999206
Development,DC-016|qp89.3,historical,6.0,0-29,30,30,True,True,False,,no preserved run_spec,DC-016,,0,0,,MISSING_CONFIGURATION_PROOF,False,data/submission/raw_final.csv,False,813.5245433009695
Development,DC-016|qp89.3,historical,8.0,0-29,30,30,True,True,False,,no preserved run_spec,DC-016,,0,0,,MISSING_CONFIGURATION_PROOF,False,data/submission/raw_final.csv,False,989.8521547003184
Development,DC-017|qp111.6,historical,0.0,0-29,30,30,True,True,False,,no preserved run_spec,DC-017,,0,0,,MISSING_CONFIGURATION_PROOF,False,data/submission/raw_final.csv,False,1161.415281899739
Development,DC-017|qp111.6,historical,1.0,0-29,30,30,True,True,False,,no preserved run_spec,DC-017,,0,0,,MISSING_CONFIGURATION_PROOF,False,data/submission/raw_final.csv,False,1126.0762275990564
Development,DC-018|qp11.6,historical,0.0,0-29,30,30,True,True,False,,no preserved run_spec,DC-018,,0,0,,MISSING_CONFIGURATION_PROOF,False,data/submission/raw_final.csv,False,585.0551705001853
Development,DC-019|qp15.4,historical,0.0,0-29,30,30,True,True,False,,no preserved run_spec,DC-019,,0,0,,MISSING_CONFIGURATION_PROOF,False,data/submission/raw_final.csv,False,804.7832378002349
Development,DC-020|qp19.3,historical,0.0,0-29,30,30,True,True,False,,no preserved run_spec,DC-020,,0,0,,MISSING_CONFIGURATION_PROOF,False,data/submission/raw_final.csv,False,1053.7556559990626
Development,DC-021|qp16.4,historical,0.0,0-29,30,30,True,True,False,,no preserved run_spec,DC-021,,0,0,,MISSING_CONFIGURATION_PROOF,False,data/submission/raw_final.csv,False,902.1331192990764
Development,DC-022|qp21.8,historical,0.0,0-29,30,30,True,True,False,,no preserved run_spec,DC-022,,0,0,,MISSING_CONFIGURATION_PROOF,False,data/submission/raw_final.csv,False,1192.9304710000288
Development,DC-023|qp27.3,historical,0.0,0-29,30,30,True,True,False,,no preserved run_spec,DC-023,,0,0,,MISSING_CONFIGURATION_PROOF,False,data/submission/raw_final.csv,False,1496.0092146000825
Development,DC-024|qp35.3,historical,0.0,0-29,30,30,True,True,False,,no preserved run_spec,DC-024,,0,0,,MISSING_CONFIGURATION_PROOF,False,data/submission/raw_final.csv,False,651.3201390998438
Development,DC-025|qp47.0,historical,0.0,0-29,30,30,True,True,False,,no preserved run_spec,DC-025,,0,0,,MISSING_CONFIGURATION_PROOF,False,data/submission/raw_final.csv,False,843.8097369004972
Development,DC-026|qp58.8,historical,0.0,0-29,30,30,True,True,False,,no preserved run_spec,DC-026,,0,0,,MISSING_CONFIGURATION_PROOF,False,data/submission/raw_final.csv,False,1011.1546492006164
Development,DC-027|qp35.4,historical,0.0,0-29,30,30,True,True,False,,no preserved run_spec,DC-027,,0,0,,MISSING_CONFIGURATION_PROOF,False,data/submission/raw_final.csv,False,653.3622539991047
Development,DC-028|qp47.3,historical,0.0,0-29,30,30,True,True,False,,no preserved run_spec,DC-028,,0,0,,MISSING_CONFIGURATION_PROOF,False,data/submission/raw_final.csv,False,814.3130568999331
Development,DC-029|qp59.1,historical,0.0,0-29,30,30,True,True,False,,no preserved run_spec,DC-029,,0,0,,MISSING_CONFIGURATION_PROOF,False,data/submission/raw_final.csv,False,1013.2326365003828
Development,DC-030|qp50.3,historical,0.0,0-29,30,30,True,True,False,,no preserved run_spec,DC-030,,0,0,,MISSING_CONFIGURATION_PROOF,False,data/submission/raw_final.csv,False,479.6906706003938
Development,DC-030|qp50.3,historical,1.0,0-29,30,30,True,True,False,,no preserved run_spec,DC-030,,0,0,,MISSING_CONFIGURATION_PROOF,False,data/submission/raw_final.csv,False,473.8609334994108
Development,DC-030|qp50.3,historical,2.0,0-29,30,30,True,True,False,,no preserved run_spec,DC-030,,0,0,,MISSING_CONFIGURATION_PROOF,False,data/submission/raw_final.csv,False,463.5523032995407
Development,DC-030|qp50.3,historical,3.0,0-29,30,30,True,True,False,,no preserved run_spec,DC-030,,0,0,,MISSING_CONFIGURATION_PROOF,False,data/submission/raw_final.csv,False,511.48057930055074
Development,DC-030|qp50.3,historical,4.0,0-29,30,30,True,True,False,,no preserved run_spec,DC-030,,0,0,,MISSING_CONFIGURATION_PROOF,False,data/submission/raw_final.csv,False,543.5579660006333
Development,DC-030|qp50.3,historical,5.0,0-29,30,30,True,True,False,,no preserved run_spec,DC-030,,0,0,,MISSING_CONFIGURATION_PROOF,False,data/submission/raw_final.csv,False,599.4361537997611
Development,DC-030|qp50.3,historical,6.0,0-29,30,30,True,True,False,,no preserved run_spec,DC-030,,0,0,,MISSING_CONFIGURATION_PROOF,False,data/submission/raw_final.csv,False,766.9829537004698
Development,DC-030|qp50.3,historical,8.0,0-29,30,30,True,True,False,,no preserved run_spec,DC-030,,0,0,,MISSING_CONFIGURATION_PROOF,False,data/submission/raw_final.csv,False,1615.080055998871
Development,DC-031|qp67.1,historical,0.0,0-29,30,30,True,True,False,,no preserved run_spec,DC-031,,0,0,,MISSING_CONFIGURATION_PROOF,False,data/submission/raw_final.csv,False,1645.850557000842
Development,DC-032|qp83.9,historical,0.0,0-29,30,30,True,True,False,,no preserved run_spec,DC-032,,0,0,,MISSING_CONFIGURATION_PROOF,False,data/submission/raw_final.csv,False,3735.661362600047
Development,DC-033|qp65.7,historical,0.0,0-29,30,30,True,True,False,,no preserved run_spec,DC-033,,0,0,,MISSING_CONFIGURATION_PROOF,False,data/submission/raw_final.csv,False,1190.9710886990651
Development,DC-034|qp87.6,historical,0.0,0-29,30,30,True,True,False,,no preserved run_spec,DC-034,,0,0,,MISSING_CONFIGURATION_PROOF,False,data/submission/raw_final.csv,False,1461.80024889973
Development,DC-035|qp109.5,historical,0.0,0-29,30,30,True,True,False,,no preserved run_spec,DC-035,,0,0,,MISSING_CONFIGURATION_PROOF,False,data/submission/raw_final.csv,False,1696.9523674999364
Development,DC-036|qp3.8,historical,0.0,0-29,30,30,True,True,False,,no preserved run_spec,DC-036,,0,0,,MISSING_CONFIGURATION_PROOF,False,data/submission/raw_final.csv,False,359.75046539935283
Development,DC-037|qp5.0,historical,0.0,0-29,30,30,True,True,False,,no preserved run_spec,DC-037,,0,0,,MISSING_CONFIGURATION_PROOF,False,data/submission/raw_final.csv,False,435.5927357999608
Development,DC-038|qp6.3,historical,0.0,0-29,30,30,True,True,False,,no preserved run_spec,DC-038,,0,0,,MISSING_CONFIGURATION_PROOF,False,data/submission/raw_final.csv,False,477.4020749006886
Development,DC-039|qp5.5,historical,0.0,0-29,30,30,True,True,False,,no preserved run_spec,DC-039,,0,0,,MISSING_CONFIGURATION_PROOF,False,data/submission/raw_final.csv,False,382.1421746008564
Development,DC-040|qp7.3,historical,0.0,0-29,30,30,True,True,False,,no preserved run_spec,DC-040,,0,0,,MISSING_CONFIGURATION_PROOF,False,data/submission/raw_final.csv,False,461.4132025002036
Development,DC-041|qp9.2,historical,0.0,0-29,30,30,True,True,False,,no preserved run_spec,DC-041,,0,0,,MISSING_CONFIGURATION_PROOF,False,data/submission/raw_final.csv,False,560.4668643001933
Development,DC-042|qp30.5,historical,0.0,0-29,30,30,True,True,True,cb7b4de91d7c44a19f6d3065a2b10e27ed534e7fec5116913019ea34ebd9ea56,frozen run_specs plus configuration-labelled raw_final records,DC-042,1.1520433363670302,0,0,30.0,PASS,True,data/submission/raw_final.csv,False,188.46631480008364
Development,DC-042|qp30.5,historical,1.0,0-29,30,30,True,True,True,cb7b4de91d7c44a19f6d3065a2b10e27ed534e7fec5116913019ea34ebd9ea56,frozen run_specs plus configuration-labelled raw_final records,DC-042,1.1520433363670302,0,0,30.0,PASS,True,data/submission/raw_final.csv,False,204.9325737995096
Development,DC-042|qp30.5,historical,2.0,0-29,30,30,True,True,True,cb7b4de91d7c44a19f6d3065a2b10e27ed534e7fec5116913019ea34ebd9ea56,frozen run_specs plus configuration-labelled raw_final records,DC-042,1.1520433363670302,0,0,27.0,FAIL,True,data/submission/raw_final.csv,False,234.69999480061236
Development,DC-042|qp30.5,historical,3.0,0-29,30,30,True,True,True,cb7b4de91d7c44a19f6d3065a2b10e27ed534e7fec5116913019ea34ebd9ea56,frozen run_specs plus configuration-labelled raw_final records,DC-042,1.1520433363670302,0,0,20.0,FAIL,True,data/submission/raw_final.csv,False,233.46785580017604
Development,DC-043|qp40.7,historical,0.0,0-29,30,30,True,True,False,,no preserved run_spec,DC-043,,0,0,,MISSING_CONFIGURATION_PROOF,False,data/submission/raw_final.csv,False,280.02365359966643
Development,DC-043|qp40.7,historical,1.0,0-29,30,30,True,True,False,,no preserved run_spec,DC-043,,0,0,,MISSING_CONFIGURATION_PROOF,False,data/submission/raw_final.csv,False,321.73347409954295
Development,DC-043|qp40.7,historical,2.0,0-29,30,30,True,True,False,,no preserved run_spec,DC-043,,0,0,,MISSING_CONFIGURATION_PROOF,False,data/submission/raw_final.csv,False,467.7631245995872
Development,DC-044|qp50.9,historical,0.0,0-29,30,30,True,True,False,,no preserved run_spec,DC-044,,0,0,,MISSING_CONFIGURATION_PROOF,False,data/submission/raw_final.csv,False,611.5407547999639
Development,DC-044|qp50.9,historical,1.0,0-29,30,30,True,True,False,,no preserved run_spec,DC-044,,0,0,,MISSING_CONFIGURATION_PROOF,False,data/submission/raw_final.csv,False,851.11440600059
Development,DC-045|qp31.5,historical,0.0,0-29,30,30,True,True,True,fbf7290c9746b5c7eb1f7bf73e41f8dc8bb6d1a9d97b3904d4fcf4477279a7e5,frozen run_specs plus configuration-labelled raw_final records,DC-045,1.1584073670435566,0,0,30.0,PASS,True,data/submission/raw_final.csv,False,217.8936539988499
Development,DC-045|qp31.5,historical,1.0,0-29,30,30,True,True,True,fbf7290c9746b5c7eb1f7bf73e41f8dc8bb6d1a9d97b3904d4fcf4477279a7e5,frozen run_specs plus configuration-labelled raw_final records,DC-045,1.1584073670435566,0,0,30.0,PASS,True,data/submission/raw_final.csv,False,200.8744730001781
Development,DC-045|qp31.5,historical,2.0,0-29,30,30,True,True,True,fbf7290c9746b5c7eb1f7bf73e41f8dc8bb6d1a9d97b3904d4fcf4477279a7e5,frozen run_specs plus configuration-labelled raw_final records,DC-045,1.1584073670435566,0,0,26.0,FAIL,True,data/submission/raw_final.csv,False,224.58694810094312
Development,DC-045|qp31.5,historical,3.0,0-29,30,30,True,True,True,fbf7290c9746b5c7eb1f7bf73e41f8dc8bb6d1a9d97b3904d4fcf4477279a7e5,frozen run_specs plus configuration-labelled raw_final records,DC-045,1.1584073670435566,0,0,26.0,FAIL,True,data/submission/raw_final.csv,False,216.5682738006581
Development,DC-045|qp31.5,historical,4.0,0-29,30,30,True,True,True,fbf7290c9746b5c7eb1f7bf73e41f8dc8bb6d1a9d97b3904d4fcf4477279a7e5,frozen run_specs plus configuration-labelled raw_final records,DC-045,1.1584073670435566,0,0,24.0,FAIL,True,data/submission/raw_final.csv,False,222.12457850039937
Development,DC-045|qp31.5,historical,5.0,0-29,30,30,True,True,True,fbf7290c9746b5c7eb1f7bf73e41f8dc8bb6d1a9d97b3904d4fcf4477279a7e5,frozen run_specs plus configuration-labelled raw_final records,DC-045,1.1584073670435566,0,0,19.0,FAIL,True,data/submission/raw_final.csv,False,278.714173900662
Development,DC-046|qp42.0,historical,0.0,0-29,30,30,True,True,False,,no preserved run_spec,DC-046,,0,0,,MISSING_CONFIGURATION_PROOF,False,data/submission/raw_final.csv,False,301.1121711996384
Development,DC-046|qp42.0,historical,1.0,0-29,30,30,True,True,False,,no preserved run_spec,DC-046,,0,0,,MISSING_CONFIGURATION_PROOF,False,data/submission/raw_final.csv,False,308.0080954998266
Development,DC-046|qp42.0,historical,2.0,0-29,30,30,True,True,False,,no preserved run_spec,DC-046,,0,0,,MISSING_CONFIGURATION_PROOF,False,data/submission/raw_final.csv,False,383.74678539996967
Development,DC-047|qp52.5,historical,0.0,0-29,30,30,True,True,False,,no preserved run_spec,DC-047,,0,0,,MISSING_CONFIGURATION_PROOF,False,data/submission/raw_final.csv,False,442.63610689970665
Development,DC-047|qp52.5,historical,1.0,0-29,30,30,True,True,False,,no preserved run_spec,DC-047,,0,0,,MISSING_CONFIGURATION_PROOF,False,data/submission/raw_final.csv,False,604.1557284009177
Development,DC-048|qp49.0,historical,0.0,0-29,30,30,True,True,True,f19571100f9fcf405ff1120db2709f8e1dc112b5fefdcc25739e9fc1c87e089f,frozen run_specs plus configuration-labelled raw_final records,DC-048,1.200211499417246,0,0,30.0,PASS,True,data/submission/raw_final.csv,False,333.91339869983494
Development,DC-048|qp49.0,historical,1.0,0-29,30,30,True,True,True,f19571100f9fcf405ff1120db2709f8e1dc112b5fefdcc25739e9fc1c87e089f,frozen run_specs plus configuration-labelled raw_final records,DC-048,1.200211499417246,0,0,30.0,PASS,True,data/submission/raw_final.csv,False,309.4029891991522
Development,DC-048|qp49.0,historical,2.0,0-29,30,30,True,True,True,f19571100f9fcf405ff1120db2709f8e1dc112b5fefdcc25739e9fc1c87e089f,frozen run_specs plus configuration-labelled raw_final records,DC-048,1.200211499417246,0,0,30.0,PASS,True,data/submission/raw_final.csv,False,277.13239889987744
Development,DC-048|qp49.0,historical,3.0,0-29,30,30,True,True,True,f19571100f9fcf405ff1120db2709f8e1dc112b5fefdcc25739e9fc1c87e089f,frozen run_specs plus configuration-labelled raw_final records,DC-048,1.200211499417246,0,0,30.0,PASS,True,data/submission/raw_final.csv,False,301.8917633011006
Development,DC-048|qp49.0,historical,4.0,0-29,30,30,True,True,True,f19571100f9fcf405ff1120db2709f8e1dc112b5fefdcc25739e9fc1c87e089f,frozen run_specs plus configuration-labelled raw_final records,DC-048,1.200211499417246,0,0,30.0,PASS,True,data/submission/raw_final.csv,False,317.0266051995568
Development,DC-048|qp49.0,historical,5.0,0-29,30,30,True,True,True,f19571100f9fcf405ff1120db2709f8e1dc112b5fefdcc25739e9fc1c87e089f,frozen run_specs plus configuration-labelled raw_final records,DC-048,1.200211499417246,0,0,30.0,PASS,True,data/submission/raw_final.csv,False,315.40370470122434
Development,DC-048|qp49.0,historical,6.0,0-29,30,30,True,True,True,f19571100f9fcf405ff1120db2709f8e1dc112b5fefdcc25739e9fc1c87e089f,frozen run_specs plus configuration-labelled raw_final records,DC-048,1.200211499417246,0,0,30.0,PASS,True,data/submission/raw_final.csv,False,316.4150452991016
Development,DC-048|qp49.0,historical,8.0,0-29,30,30,True,True,True,f19571100f9fcf405ff1120db2709f8e1dc112b5fefdcc25739e9fc1c87e089f,frozen run_specs plus configuration-labelled raw_final records,DC-048,1.200211499417246,0,0,30.0,PASS,True,data/submission/raw_final.csv,False,332.3828950002789
Development,DC-048|qp49.0,historical,9.0,0-29,30,30,True,True,True,f19571100f9fcf405ff1120db2709f8e1dc112b5fefdcc25739e9fc1c87e089f,frozen run_specs plus configuration-labelled raw_final records,DC-048,1.200211499417246,0,0,27.0,FAIL,True,data/submission/raw_final.csv,False,383.7624242997263
Development,DC-048|qp49.0,historical,10.0,0-29,30,30,True,True,True,f19571100f9fcf405ff1120db2709f8e1dc112b5fefdcc25739e9fc1c87e089f,frozen run_specs plus configuration-labelled raw_final records,DC-048,1.200211499417246,0,0,22.0,FAIL,True,data/submission/raw_final.csv,False,360.4956175989937
Development,DC-048|qp49.0,historical,12.0,0-29,30,30,True,True,True,f19571100f9fcf405ff1120db2709f8e1dc112b5fefdcc25739e9fc1c87e089f,frozen run_specs plus configuration-labelled raw_final records,DC-048,1.200211499417246,0,0,6.0,FAIL,True,data/submission/raw_final.csv,False,395.8117120002862
Development,DC-049|qp65.3,historical,0.0,0-29,30,30,True,True,False,,no preserved run_spec,DC-049,,0,0,,MISSING_CONFIGURATION_PROOF,False,data/submission/raw_final.csv,False,463.4508016994223
Development,DC-049|qp65.3,historical,1.0,0-29,30,30,True,True,False,,no preserved run_spec,DC-049,,0,0,,MISSING_CONFIGURATION_PROOF,False,data/submission/raw_final.csv,False,455.2766673001461
Development,DC-049|qp65.3,historical,2.0,0-29,30,30,True,True,False,,no preserved run_spec,DC-049,,0,0,,MISSING_CONFIGURATION_PROOF,False,data/submission/raw_final.csv,False,433.06038519972935
Development,DC-049|qp65.3,historical,3.0,0-29,30,30,True,True,False,,no preserved run_spec,DC-049,,0,0,,MISSING_CONFIGURATION_PROOF,False,data/submission/raw_final.csv,False,414.94614729937166
Development,DC-049|qp65.3,historical,4.0,0-29,30,30,True,True,False,,no preserved run_spec,DC-049,,0,0,,MISSING_CONFIGURATION_PROOF,False,data/submission/raw_final.csv,False,486.4754334001336
Development,DC-050|qp81.7,historical,0.0,0-29,30,30,True,True,False,,no preserved run_spec,DC-050,,0,0,,MISSING_CONFIGURATION_PROOF,False,data/submission/raw_final.csv,False,626.3716607000679
Development,DC-050|qp81.7,historical,1.0,0-29,30,30,True,True,False,,no preserved run_spec,DC-050,,0,0,,MISSING_CONFIGURATION_PROOF,False,data/submission/raw_final.csv,False,1250.025305399904
Development,DC-051|qp65.0,historical,0.0,0-29,30,30,True,True,False,,no preserved run_spec,DC-051,,0,0,,MISSING_CONFIGURATION_PROOF,False,data/submission/raw_final.csv,False,448.87625059997663
Development,DC-051|qp65.0,historical,1.0,0-29,30,30,True,True,False,,no preserved run_spec,DC-051,,0,0,,MISSING_CONFIGURATION_PROOF,False,data/submission/raw_final.csv,False,477.00086749880575
Development,DC-051|qp65.0,historical,2.0,0-29,30,30,True,True,False,,no preserved run_spec,DC-051,,0,0,,MISSING_CONFIGURATION_PROOF,False,data/submission/raw_final.csv,False,429.07399020018056
Development,DC-051|qp65.0,historical,3.0,0-29,30,30,True,True,False,,no preserved run_spec,DC-051,,0,0,,MISSING_CONFIGURATION_PROOF,False,data/submission/raw_final.csv,False,392.16664739954285
Development,DC-051|qp65.0,historical,4.0,0-29,30,30,True,True,False,,no preserved run_spec,DC-051,,0,0,,MISSING_CONFIGURATION_PROOF,False,data/submission/raw_final.csv,False,442.6340564999264
Development,DC-051|qp65.0,historical,5.0,0-29,30,30,True,True,False,,no preserved run_spec,DC-051,,0,0,,MISSING_CONFIGURATION_PROOF,False,data/submission/raw_final.csv,False,451.885017500259
Development,DC-051|qp65.0,historical,6.0,0-29,30,30,True,True,False,,no preserved run_spec,DC-051,,0,0,,MISSING_CONFIGURATION_PROOF,False,data/submission/raw_final.csv,False,455.6954517005943
Development,DC-051|qp65.0,historical,7.0,0-29,30,30,True,True,False,,no preserved run_spec,DC-051,,0,0,,MISSING_CONFIGURATION_PROOF,False,data/submission/raw_final.csv,False,524.7976579007227
Development,DC-051|qp65.0,historical,8.0,0-29,30,30,True,True,False,,no preserved run_spec,DC-051,,0,0,,MISSING_CONFIGURATION_PROOF,False,data/submission/raw_final.csv,False,478.4513119007461
Development,DC-051|qp65.0,historical,10.0,0-29,30,30,True,True,False,,no preserved run_spec,DC-051,,0,0,,MISSING_CONFIGURATION_PROOF,False,data/submission/raw_final.csv,False,542.4805242002476
Development,DC-052|qp86.6,historical,0.0,0-29,30,30,True,True,False,,no preserved run_spec,DC-052,,0,0,,MISSING_CONFIGURATION_PROOF,False,data/submission/raw_final.csv,False,672.3001536005177
Development,DC-052|qp86.6,historical,1.0,0-29,30,30,True,True,False,,no preserved run_spec,DC-052,,0,0,,MISSING_CONFIGURATION_PROOF,False,data/submission/raw_final.csv,False,786.5096043003723
Development,DC-052|qp86.6,historical,2.0,0-29,30,30,True,True,False,,no preserved run_spec,DC-052,,0,0,,MISSING_CONFIGURATION_PROOF,False,data/submission/raw_final.csv,False,631.8488011001609
Development,DC-052|qp86.6,historical,3.0,0-29,30,30,True,True,False,,no preserved run_spec,DC-052,,0,0,,MISSING_CONFIGURATION_PROOF,False,data/submission/raw_final.csv,False,624.0603262004443
Development,DC-052|qp86.6,historical,4.0,0-29,30,30,True,True,False,,no preserved run_spec,DC-052,,0,0,,MISSING_CONFIGURATION_PROOF,False,data/submission/raw_final.csv,False,706.9986788001843
Development,DC-052|qp86.6,historical,5.0,0-29,30,30,True,True,False,,no preserved run_spec,DC-052,,0,0,,MISSING_CONFIGURATION_PROOF,False,data/submission/raw_final.csv,False,726.8801946993917
Development,DC-052|qp86.6,historical,6.0,0-29,30,30,True,True,False,,no preserved run_spec,DC-052,,0,0,,MISSING_CONFIGURATION_PROOF,False,data/submission/raw_final.csv,False,732.6044408997986
Development,DC-052|qp86.6,historical,8.0,0-29,30,30,True,True,False,,no preserved run_spec,DC-052,,0,0,,MISSING_CONFIGURATION_PROOF,False,data/submission/raw_final.csv,False,884.3085570007097
Development,DC-053|qp108.3,historical,0.0,0-29,30,30,True,True,False,,no preserved run_spec,DC-053,,0,0,,MISSING_CONFIGURATION_PROOF,False,data/submission/raw_final.csv,False,876.7744210003875
Development,DC-053|qp108.3,historical,1.0,0-29,30,30,True,True,False,,no preserved run_spec,DC-053,,0,0,,MISSING_CONFIGURATION_PROOF,False,data/submission/raw_final.csv,False,1342.1063932001125
Development,DC-054|qp21.4,historical,0.0,0-29,30,30,True,True,False,,no preserved run_spec,DC-054,,0,0,,MISSING_CONFIGURATION_PROOF,False,data/submission/raw_final.csv,False,148.61571060074493
Development,DC-054|qp21.4,historical,1.0,0-29,30,30,True,True,False,,no preserved run_spec,DC-054,,0,0,,MISSING_CONFIGURATION_PROOF,False,data/submission/raw_final.csv,False,1095.556091601029
Development,DC-055|qp28.6,historical,0.0,0-29,30,30,True,True,False,,no preserved run_spec,DC-055,,0,0,,MISSING_CONFIGURATION_PROOF,False,data/submission/raw_final.csv,False,199.67831590026617
Development,DC-055|qp28.6,historical,1.0,0-29,30,30,True,True,False,,no preserved run_spec,DC-055,,0,0,,MISSING_CONFIGURATION_PROOF,False,data/submission/raw_final.csv,False,1445.0151126999408
Development,DC-056|qp35.7,historical,0.0,0-29,30,30,True,True,False,,no preserved run_spec,DC-056,,0,0,,MISSING_CONFIGURATION_PROOF,False,data/submission/raw_final.csv,False,249.0346464000177
Development,DC-056|qp35.7,historical,1.0,0-29,30,30,True,True,False,,no preserved run_spec,DC-056,,0,0,,MISSING_CONFIGURATION_PROOF,False,data/submission/raw_final.csv,False,1840.698542899685
Development,DC-057|qp21.6,historical,0.0,0-29,30,30,True,True,False,,no preserved run_spec,DC-057,,0,0,,MISSING_CONFIGURATION_PROOF,False,data/submission/raw_final.csv,False,141.78265820024535
Development,DC-057|qp21.6,historical,1.0,0-29,30,30,True,True,False,,no preserved run_spec,DC-057,,0,0,,MISSING_CONFIGURATION_PROOF,False,data/submission/raw_final.csv,False,1097.4417179999873
Development,DC-058|qp28.8,historical,0.0,0-29,30,30,True,True,False,,no preserved run_spec,DC-058,,0,0,,MISSING_CONFIGURATION_PROOF,False,data/submission/raw_final.csv,False,180.5526690997649
Development,DC-058|qp28.8,historical,1.0,0-29,30,30,True,True,False,,no preserved run_spec,DC-058,,0,0,,MISSING_CONFIGURATION_PROOF,False,data/submission/raw_final.csv,False,1355.4990736003963
Development,DC-059|qp36.0,historical,0.0,0-29,30,30,True,True,False,,no preserved run_spec,DC-059,,0,0,,MISSING_CONFIGURATION_PROOF,False,data/submission/raw_final.csv,False,241.8159898007289
Development,DC-059|qp36.0,historical,1.0,0-29,30,30,True,True,False,,no preserved run_spec,DC-059,,0,0,,MISSING_CONFIGURATION_PROOF,False,data/submission/raw_final.csv,False,1543.7565596997738
Development,DC-060|qp31.5,historical,0.0,0-29,30,30,True,True,True,67ad7734c728bdbbbb0c00b06228330c01c418f32e1643a838bc64e3b37b1881,frozen run_specs plus configuration-labelled raw_final records,DC-060,1.1534690148443956,0,0,30.0,PASS,True,data/submission/raw_final.csv,False,201.81348949903625
Development,DC-060|qp31.5,historical,1.0,0-29,30,30,True,True,True,67ad7734c728bdbbbb0c00b06228330c01c418f32e1643a838bc64e3b37b1881,frozen run_specs plus configuration-labelled raw_final records,DC-060,1.1534690148443956,0,0,29.0,PASS,True,data/submission/raw_final.csv,False,214.0796699002385
Development,DC-060|qp31.5,historical,2.0,0-29,30,30,True,True,True,67ad7734c728bdbbbb0c00b06228330c01c418f32e1643a838bc64e3b37b1881,frozen run_specs plus configuration-labelled raw_final records,DC-060,1.1534690148443956,0,0,29.0,PASS,True,data/submission/raw_final.csv,False,213.186899199849
Development,DC-060|qp31.5,historical,3.0,0-29,30,30,True,True,True,67ad7734c728bdbbbb0c00b06228330c01c418f32e1643a838bc64e3b37b1881,frozen run_specs plus configuration-labelled raw_final records,DC-060,1.1534690148443956,0,0,27.0,FAIL,True,data/submission/raw_final.csv,False,219.16316069941968
Development,DC-060|qp31.5,historical,4.0,0-29,30,30,True,True,True,67ad7734c728bdbbbb0c00b06228330c01c418f32e1643a838bc64e3b37b1881,frozen run_specs plus configuration-labelled raw_final records,DC-060,1.1534690148443956,0,0,26.0,FAIL,True,data/submission/raw_final.csv,False,225.82350239995867
Development,DC-060|qp31.5,historical,5.0,0-29,30,30,True,True,True,67ad7734c728bdbbbb0c00b06228330c01c418f32e1643a838bc64e3b37b1881,frozen run_specs plus configuration-labelled raw_final records,DC-060,1.1534690148443956,0,0,14.0,FAIL,True,data/submission/raw_final.csv,False,233.62459760089405
Development,DC-061|qp42.0,historical,0.0,0-29,30,30,True,True,False,,no preserved run_spec,DC-061,,0,0,,MISSING_CONFIGURATION_PROOF,False,data/submission/raw_final.csv,False,278.1999668001663
Development,DC-061|qp42.0,historical,1.0,0-29,30,30,True,True,False,,no preserved run_spec,DC-061,,0,0,,MISSING_CONFIGURATION_PROOF,False,data/submission/raw_final.csv,False,332.6204054001719
Development,DC-061|qp42.0,historical,2.0,0-29,30,30,True,True,False,,no preserved run_spec,DC-061,,0,0,,MISSING_CONFIGURATION_PROOF,False,data/submission/raw_final.csv,False,406.371995900292
Development,DC-062|qp52.5,historical,0.0,0-29,30,30,True,True,False,,no preserved run_spec,DC-062,,0,0,,MISSING_CONFIGURATION_PROOF,False,data/submission/raw_final.csv,False,414.0885097996797
Development,DC-062|qp52.5,historical,1.0,0-29,30,30,True,True,False,,no preserved run_spec,DC-062,,0,0,,MISSING_CONFIGURATION_PROOF,False,data/submission/raw_final.csv,False,898.5060233997647
Development,DC-063|qp35.3,historical,0.0,0-29,30,30,True,True,True,b667c6bba6dbe448829b973b166f4c8b889ca5034e1dd5fca8c66bb7d0058c76,frozen run_specs plus configuration-labelled raw_final records,DC-063,1.1332036218318733,0,0,30.0,PASS,True,data/submission/raw_final.csv,False,228.7809943002649
Development,DC-063|qp35.3,historical,0.0,10000-10029,30,30,True,True,True,b667c6bba6dbe448829b973b166f4c8b889ca5034e1dd5fca8c66bb7d0058c76,frozen run_specs plus configuration-labelled raw_final records,DC-063,1.1417655529009627,0,0,30.0,PASS,True,data/diagnostics/independent_replication.csv,False,159.34400000050664
Development,DC-063|qp35.3,historical,1.0,0-29,30,30,True,True,True,b667c6bba6dbe448829b973b166f4c8b889ca5034e1dd5fca8c66bb7d0058c76,frozen run_specs plus configuration-labelled raw_final records,DC-063,1.1332036218318733,0,0,30.0,PASS,True,data/submission/raw_final.csv,False,222.17684499989264
Development,DC-063|qp35.3,historical,1.0,10000-10029,30,30,True,True,True,b667c6bba6dbe448829b973b166f4c8b889ca5034e1dd5fca8c66bb7d0058c76,frozen run_specs plus configuration-labelled raw_final records,DC-063,1.1417655529009627,0,0,28.0,FAIL,True,data/diagnostics/independent_replication.csv,False,147.24900000053458
Development,DC-063|qp35.3,historical,2.0,0-29,30,30,True,True,True,b667c6bba6dbe448829b973b166f4c8b889ca5034e1dd5fca8c66bb7d0058c76,frozen run_specs plus configuration-labelled raw_final records,DC-063,1.1332036218318733,0,0,28.0,FAIL,True,data/submission/raw_final.csv,False,248.9758748007007
Development,DC-063|qp35.3,historical,2.0,10000-10029,30,30,True,True,True,b667c6bba6dbe448829b973b166f4c8b889ca5034e1dd5fca8c66bb7d0058c76,frozen run_specs plus configuration-labelled raw_final records,DC-063,1.1417655529009627,0,0,29.0,PASS,True,data/diagnostics/independent_replication.csv,False,138.0590000017546
Development,DC-063|qp35.3,historical,3.0,0-29,30,30,True,True,True,b667c6bba6dbe448829b973b166f4c8b889ca5034e1dd5fca8c66bb7d0058c76,frozen run_specs plus configuration-labelled raw_final records,DC-063,1.1332036218318733,0,0,29.0,PASS,True,data/submission/raw_final.csv,False,256.57082639890723
Development,DC-063|qp35.3,historical,3.0,10000-10029,30,30,True,True,True,b667c6bba6dbe448829b973b166f4c8b889ca5034e1dd5fca8c66bb7d0058c76,frozen run_specs plus configuration-labelled raw_final records,DC-063,1.1417655529009627,0,0,27.0,FAIL,True,data/diagnostics/independent_replication.csv,False,185.38899999973364
Development,DC-063|qp35.3,historical,4.0,0-29,30,30,True,True,True,b667c6bba6dbe448829b973b166f4c8b889ca5034e1dd5fca8c66bb7d0058c76,frozen run_specs plus configuration-labelled raw_final records,DC-063,1.1332036218318733,0,0,26.0,FAIL,True,data/submission/raw_final.csv,False,273.30282750027254
Development,DC-063|qp35.3,historical,4.0,10000-10029,30,30,True,True,True,b667c6bba6dbe448829b973b166f4c8b889ca5034e1dd5fca8c66bb7d0058c76,frozen run_specs plus configuration-labelled raw_final records,DC-063,1.1417655529009627,0,0,25.0,FAIL,True,data/diagnostics/independent_replication.csv,False,197.10800000000745
Development,DC-064|qp47.0,historical,0.0,0-29,30,30,True,True,False,,no preserved run_spec,DC-064,,0,0,,MISSING_CONFIGURATION_PROOF,False,data/submission/raw_final.csv,False,356.6799530000426
Development,DC-064|qp47.0,historical,1.0,0-29,30,30,True,True,False,,no preserved run_spec,DC-064,,0,0,,MISSING_CONFIGURATION_PROOF,False,data/submission/raw_final.csv,False,351.5172360991128
Development,DC-064|qp47.0,historical,2.0,0-29,30,30,True,True,False,,no preserved run_spec,DC-064,,0,0,,MISSING_CONFIGURATION_PROOF,False,data/submission/raw_final.csv,False,566.9068506001495
Development,DC-065|qp58.8,historical,0.0,0-29,30,30,True,True,False,,no preserved run_spec,DC-065,,0,0,,MISSING_CONFIGURATION_PROOF,False,data/submission/raw_final.csv,False,491.206400399562
Development,DC-065|qp58.8,historical,1.0,0-29,30,30,True,True,False,,no preserved run_spec,DC-065,,0,0,,MISSING_CONFIGURATION_PROOF,False,data/submission/raw_final.csv,False,1576.1032429006882
Development,DC-066|qp44.6,historical,0.0,0-29,30,30,True,True,True,915fc13a10433b04d47a6654140b9066a292fadc05be4285562d9b71cde48459,frozen run_specs plus configuration-labelled raw_final records,DC-066,1.2079955893148286,0,0,30.0,PASS,True,data/submission/raw_final.csv,False,311.64445629972033
Development,DC-066|qp44.6,historical,1.0,0-29,30,30,True,True,True,915fc13a10433b04d47a6654140b9066a292fadc05be4285562d9b71cde48459,frozen run_specs plus configuration-labelled raw_final records,DC-066,1.2079955893148286,0,0,30.0,PASS,True,data/submission/raw_final.csv,False,274.8067810998764
Development,DC-066|qp44.6,historical,2.0,0-29,30,30,True,True,True,915fc13a10433b04d47a6654140b9066a292fadc05be4285562d9b71cde48459,frozen run_specs plus configuration-labelled raw_final records,DC-066,1.2079955893148286,0,0,30.0,PASS,True,data/submission/raw_final.csv,False,255.629218199756
Development,DC-066|qp44.6,historical,3.0,0-29,30,30,True,True,True,915fc13a10433b04d47a6654140b9066a292fadc05be4285562d9b71cde48459,frozen run_specs plus configuration-labelled raw_final records,DC-066,1.2079955893148286,0,0,30.0,PASS,True,data/submission/raw_final.csv,False,275.7524819003884
Development,DC-066|qp44.6,historical,4.0,0-29,30,30,True,True,True,915fc13a10433b04d47a6654140b9066a292fadc05be4285562d9b71cde48459,frozen run_specs plus configuration-labelled raw_final records,DC-066,1.2079955893148286,0,0,30.0,PASS,True,data/submission/raw_final.csv,False,254.5223391989712
Development,DC-066|qp44.6,historical,5.0,0-29,30,30,True,True,True,915fc13a10433b04d47a6654140b9066a292fadc05be4285562d9b71cde48459,frozen run_specs plus configuration-labelled raw_final records,DC-066,1.2079955893148286,0,0,30.0,PASS,True,data/submission/raw_final.csv,False,280.2849993002601
Development,DC-066|qp44.6,historical,6.0,0-29,30,30,True,True,True,915fc13a10433b04d47a6654140b9066a292fadc05be4285562d9b71cde48459,frozen run_specs plus configuration-labelled raw_final records,DC-066,1.2079955893148286,0,0,30.0,PASS,True,data/submission/raw_final.csv,False,288.0266918009147
Development,DC-066|qp44.6,historical,8.0,0-29,30,30,True,True,True,915fc13a10433b04d47a6654140b9066a292fadc05be4285562d9b71cde48459,frozen run_specs plus configuration-labelled raw_final records,DC-066,1.2079955893148286,0,0,30.0,PASS,True,data/submission/raw_final.csv,False,303.7406795001589
Development,DC-066|qp44.6,historical,9.0,0-29,30,30,True,True,True,915fc13a10433b04d47a6654140b9066a292fadc05be4285562d9b71cde48459,frozen run_specs plus configuration-labelled raw_final records,DC-066,1.2079955893148286,0,0,28.0,FAIL,True,data/submission/raw_final.csv,False,353.0729281995445
Development,DC-066|qp44.6,historical,10.0,0-29,30,30,True,True,True,915fc13a10433b04d47a6654140b9066a292fadc05be4285562d9b71cde48459,frozen run_specs plus configuration-labelled raw_final records,DC-066,1.2079955893148286,0,0,28.0,FAIL,True,data/submission/raw_final.csv,False,323.3285698008258
Development,DC-066|qp44.6,historical,12.0,0-29,30,30,True,True,True,915fc13a10433b04d47a6654140b9066a292fadc05be4285562d9b71cde48459,frozen run_specs plus configuration-labelled raw_final records,DC-066,1.2079955893148286,0,0,18.0,FAIL,True,data/submission/raw_final.csv,False,373.4740763003938
Development,DC-067|qp59.5,historical,0.0,0-29,30,30,True,True,True,7e0f42f955487742abecad48135bbee8eb765f463ddd2c172487d7dc72520438,frozen run_specs plus configuration-labelled raw_final records,DC-067,1.1625953198145245,0,0,30.0,PASS,True,data/submission/raw_final.csv,False,426.903833298944
Development,DC-067|qp59.5,historical,1.0,0-29,30,30,True,True,True,7e0f42f955487742abecad48135bbee8eb765f463ddd2c172487d7dc72520438,frozen run_specs plus configuration-labelled raw_final records,DC-067,1.1625953198145245,0,0,30.0,PASS,True,data/submission/raw_final.csv,False,429.7755118997302
Development,DC-067|qp59.5,historical,2.0,0-29,30,30,True,True,True,7e0f42f955487742abecad48135bbee8eb765f463ddd2c172487d7dc72520438,frozen run_specs plus configuration-labelled raw_final records,DC-067,1.1625953198145245,0,0,29.0,PASS,True,data/submission/raw_final.csv,False,381.2268303995952
Development,DC-067|qp59.5,historical,3.0,0-29,30,30,True,True,True,7e0f42f955487742abecad48135bbee8eb765f463ddd2c172487d7dc72520438,frozen run_specs plus configuration-labelled raw_final records,DC-067,1.1625953198145245,0,0,27.0,FAIL,True,data/submission/raw_final.csv,False,394.4421164996456
Development,DC-067|qp59.5,historical,4.0,0-29,30,30,True,True,True,7e0f42f955487742abecad48135bbee8eb765f463ddd2c172487d7dc72520438,frozen run_specs plus configuration-labelled raw_final records,DC-067,1.1625953198145245,0,0,20.0,FAIL,True,data/submission/raw_final.csv,False,393.6795260994695
Development,DC-068|qp74.4,historical,0.0,0-29,30,30,True,True,False,,no preserved run_spec,DC-068,,0,0,,MISSING_CONFIGURATION_PROOF,False,data/submission/raw_final.csv,False,567.8292462995742
Development,DC-068|qp74.4,historical,1.0,0-29,30,30,True,True,False,,no preserved run_spec,DC-068,,0,0,,MISSING_CONFIGURATION_PROOF,False,data/submission/raw_final.csv,False,942.8824926000088
Development,DC-069|qp63.7,historical,0.0,0-29,30,30,True,True,False,,no preserved run_spec,DC-069,,0,0,,MISSING_CONFIGURATION_PROOF,False,data/submission/raw_final.csv,False,444.9069292002823
Development,DC-069|qp63.7,historical,1.0,0-29,30,30,True,True,False,,no preserved run_spec,DC-069,,0,0,,MISSING_CONFIGURATION_PROOF,False,data/submission/raw_final.csv,False,430.1922990996391
Development,DC-069|qp63.7,historical,2.0,0-29,30,30,True,True,False,,no preserved run_spec,DC-069,,0,0,,MISSING_CONFIGURATION_PROOF,False,data/submission/raw_final.csv,False,399.9490071998444
Development,DC-069|qp63.7,historical,3.0,0-29,30,30,True,True,False,,no preserved run_spec,DC-069,,0,0,,MISSING_CONFIGURATION_PROOF,False,data/submission/raw_final.csv,False,399.8667936001439
Development,DC-069|qp63.7,historical,4.0,0-29,30,30,True,True,False,,no preserved run_spec,DC-069,,0,0,,MISSING_CONFIGURATION_PROOF,False,data/submission/raw_final.csv,False,404.0124598999973
Development,DC-069|qp63.7,historical,5.0,0-29,30,30,True,True,False,,no preserved run_spec,DC-069,,0,0,,MISSING_CONFIGURATION_PROOF,False,data/submission/raw_final.csv,False,413.1839977004565
Development,DC-069|qp63.7,historical,6.0,0-29,30,30,True,True,False,,no preserved run_spec,DC-069,,0,0,,MISSING_CONFIGURATION_PROOF,False,data/submission/raw_final.csv,False,412.4129468000028
Development,DC-069|qp63.7,historical,7.0,0-29,30,30,True,True,False,,no preserved run_spec,DC-069,,0,0,,MISSING_CONFIGURATION_PROOF,False,data/submission/raw_final.csv,False,485.3326680997852
Development,DC-069|qp63.7,historical,8.0,0-29,30,30,True,True,False,,no preserved run_spec,DC-069,,0,0,,MISSING_CONFIGURATION_PROOF,False,data/submission/raw_final.csv,False,427.574701000005
Development,DC-069|qp63.7,historical,10.0,0-29,30,30,True,True,False,,no preserved run_spec,DC-069,,0,0,,MISSING_CONFIGURATION_PROOF,False,data/submission/raw_final.csv,False,507.39219170087017
Development,DC-070|qp85.0,historical,0.0,0-29,30,30,True,True,False,,no preserved run_spec,DC-070,,0,0,,MISSING_CONFIGURATION_PROOF,False,data/submission/raw_final.csv,False,647.7630758001469
Development,DC-070|qp85.0,historical,1.0,0-29,30,30,True,True,False,,no preserved run_spec,DC-070,,0,0,,MISSING_CONFIGURATION_PROOF,False,data/submission/raw_final.csv,False,686.3517153002322
Development,DC-070|qp85.0,historical,2.0,0-29,30,30,True,True,False,,no preserved run_spec,DC-070,,0,0,,MISSING_CONFIGURATION_PROOF,False,data/submission/raw_final.csv,False,586.3887433996424
Development,DC-070|qp85.0,historical,3.0,0-29,30,30,True,True,False,,no preserved run_spec,DC-070,,0,0,,MISSING_CONFIGURATION_PROOF,False,data/submission/raw_final.csv,False,631.5700266996864
Development,DC-070|qp85.0,historical,4.0,0-29,30,30,True,True,False,,no preserved run_spec,DC-070,,0,0,,MISSING_CONFIGURATION_PROOF,False,data/submission/raw_final.csv,False,693.8606204993557
Development,DC-070|qp85.0,historical,5.0,0-29,30,30,True,True,False,,no preserved run_spec,DC-070,,0,0,,MISSING_CONFIGURATION_PROOF,False,data/submission/raw_final.csv,False,688.710076399846
Development,DC-070|qp85.0,historical,6.0,0-29,30,30,True,True,False,,no preserved run_spec,DC-070,,0,0,,MISSING_CONFIGURATION_PROOF,False,data/submission/raw_final.csv,False,653.4711093993392
Development,DC-070|qp85.0,historical,8.0,0-29,30,30,True,True,False,,no preserved run_spec,DC-070,,0,0,,MISSING_CONFIGURATION_PROOF,False,data/submission/raw_final.csv,False,778.3894931003451
Development,DC-071|qp106.2,historical,0.0,0-29,30,30,True,True,False,,no preserved run_spec,DC-071,,0,0,,MISSING_CONFIGURATION_PROOF,False,data/submission/raw_final.csv,False,840.7892333003692
Development,DC-071|qp106.2,historical,1.0,0-29,30,30,True,True,False,,no preserved run_spec,DC-071,,0,0,,MISSING_CONFIGURATION_PROOF,False,data/submission/raw_final.csv,False,1152.603521899553
Development,DC-072|qp20.2,historical,0.0,0-29,30,30,True,True,False,,no preserved run_spec,DC-072,,0,0,,MISSING_CONFIGURATION_PROOF,False,data/submission/raw_final.csv,False,154.56588339968584
Development,DC-072|qp20.2,historical,1.0,0-29,30,30,True,True,False,,no preserved run_spec,DC-072,,0,0,,MISSING_CONFIGURATION_PROOF,False,data/submission/raw_final.csv,False,968.418003599858
Development,DC-073|qp26.9,historical,0.0,0-29,30,30,True,True,False,,no preserved run_spec,DC-073,,0,0,,MISSING_CONFIGURATION_PROOF,False,data/submission/raw_final.csv,False,218.82784739951603
Development,DC-073|qp26.9,historical,1.0,0-29,30,30,True,True,False,,no preserved run_spec,DC-073,,0,0,,MISSING_CONFIGURATION_PROOF,False,data/submission/raw_final.csv,False,1319.9834293001331
Development,DC-074|qp33.6,historical,0.0,0-29,30,30,True,True,False,,no preserved run_spec,DC-074,,0,0,,MISSING_CONFIGURATION_PROOF,False,data/submission/raw_final.csv,False,281.1724396997597
Development,DC-074|qp33.6,historical,1.0,0-29,30,30,True,True,False,,no preserved run_spec,DC-074,,0,0,,MISSING_CONFIGURATION_PROOF,False,data/submission/raw_final.csv,False,1722.4701797007583
Development,DC-075|qp25.2,historical,0.0,0-29,30,30,True,True,False,,no preserved run_spec,DC-075,,0,0,,MISSING_CONFIGURATION_PROOF,False,data/submission/raw_final.csv,False,154.6935023998376
Development,DC-075|qp25.2,historical,1.0,0-29,30,30,True,True,False,,no preserved run_spec,DC-075,,0,0,,MISSING_CONFIGURATION_PROOF,False,data/submission/raw_final.csv,False,1318.355789600639
Development,DC-076|qp33.6,historical,0.0,0-29,30,30,True,True,False,,no preserved run_spec,DC-076,,0,0,,MISSING_CONFIGURATION_PROOF,False,data/submission/raw_final.csv,False,203.32837870065123
Development,DC-076|qp33.6,historical,1.0,0-29,30,30,True,True,False,,no preserved run_spec,DC-076,,0,0,,MISSING_CONFIGURATION_PROOF,False,data/submission/raw_final.csv,False,1695.7110827008728
Development,DC-077|qp42.0,historical,0.0,0-29,30,30,True,True,False,,no preserved run_spec,DC-077,,0,0,,MISSING_CONFIGURATION_PROOF,False,data/submission/raw_final.csv,False,257.71435129945166
Development,DC-077|qp42.0,historical,1.0,0-29,30,30,True,True,False,,no preserved run_spec,DC-077,,0,0,,MISSING_CONFIGURATION_PROOF,False,data/submission/raw_final.csv,False,2041.7970474001488
Development,DC-078|qp30.8,historical,0.0,0-29,30,30,True,True,True,a8ecac558032e0dc20dd696c2daac98669e049b2e8c44cdd38309c45426500ac,frozen run_specs plus configuration-labelled raw_final records,DC-078,1.1571805437473912,0,0,30.0,PASS,True,data/submission/raw_final.csv,False,197.4354792998638
Development,DC-078|qp30.8,historical,1.0,0-29,30,30,True,True,True,a8ecac558032e0dc20dd696c2daac98669e049b2e8c44cdd38309c45426500ac,frozen run_specs plus configuration-labelled raw_final records,DC-078,1.1571805437473912,0,0,30.0,PASS,True,data/submission/raw_final.csv,False,219.38015229976736
Development,DC-078|qp30.8,historical,2.0,0-29,30,30,True,True,True,a8ecac558032e0dc20dd696c2daac98669e049b2e8c44cdd38309c45426500ac,frozen run_specs plus configuration-labelled raw_final records,DC-078,1.1571805437473912,0,0,29.0,PASS,True,data/submission/raw_final.csv,False,208.7528684991412
Development,DC-078|qp30.8,historical,3.0,0-29,30,30,True,True,True,a8ecac558032e0dc20dd696c2daac98669e049b2e8c44cdd38309c45426500ac,frozen run_specs plus configuration-labelled raw_final records,DC-078,1.1571805437473912,0,0,29.0,PASS,True,data/submission/raw_final.csv,False,220.3980761009734
Development,DC-078|qp30.8,historical,4.0,0-29,30,30,True,True,True,a8ecac558032e0dc20dd696c2daac98669e049b2e8c44cdd38309c45426500ac,frozen run_specs plus configuration-labelled raw_final records,DC-078,1.1571805437473912,0,0,24.0,FAIL,True,data/submission/raw_final.csv,False,254.42944740038365
Development,DC-079|qp41.0,historical,0.0,0-29,30,30,True,True,False,,no preserved run_spec,DC-079,,0,0,,MISSING_CONFIGURATION_PROOF,False,data/submission/raw_final.csv,False,281.1738789998926
Development,DC-079|qp41.0,historical,1.0,0-29,30,30,True,True,False,,no preserved run_spec,DC-079,,0,0,,MISSING_CONFIGURATION_PROOF,False,data/submission/raw_final.csv,False,359.2814682992175
Development,DC-079|qp41.0,historical,2.0,0-29,30,30,True,True,False,,no preserved run_spec,DC-079,,0,0,,MISSING_CONFIGURATION_PROOF,False,data/submission/raw_final.csv,False,452.4908445996698
Development,DC-080|qp51.3,historical,0.0,0-29,30,30,True,True,False,,no preserved run_spec,DC-080,,0,0,,MISSING_CONFIGURATION_PROOF,False,data/submission/raw_final.csv,False,568.3624878006522
Development,DC-080|qp51.3,historical,1.0,0-29,30,30,True,True,False,,no preserved run_spec,DC-080,,0,0,,MISSING_CONFIGURATION_PROOF,False,data/submission/raw_final.csv,False,726.994567701593
Development,DC-081|qp31.3,historical,0.0,0-29,30,30,True,True,True,3d36b69d878163d2e7df764f26ddee576a609b988bd8cbee4e43ea37b1e6c081,frozen run_specs plus configuration-labelled raw_final records,DC-081,1.1634553964998977,0,0,30.0,PASS,True,data/submission/raw_final.csv,False,209.3503785002977
Development,DC-081|qp31.3,historical,1.0,0-29,30,30,True,True,True,3d36b69d878163d2e7df764f26ddee576a609b988bd8cbee4e43ea37b1e6c081,frozen run_specs plus configuration-labelled raw_final records,DC-081,1.1634553964998977,0,0,30.0,PASS,True,data/submission/raw_final.csv,False,195.39611450047232
Development,DC-081|qp31.3,historical,2.0,0-29,30,30,True,True,True,3d36b69d878163d2e7df764f26ddee576a609b988bd8cbee4e43ea37b1e6c081,frozen run_specs plus configuration-labelled raw_final records,DC-081,1.1634553964998977,0,0,29.0,PASS,True,data/submission/raw_final.csv,False,215.08803650015037
Development,DC-081|qp31.3,historical,3.0,0-29,30,30,True,True,True,3d36b69d878163d2e7df764f26ddee576a609b988bd8cbee4e43ea37b1e6c081,frozen run_specs plus configuration-labelled raw_final records,DC-081,1.1634553964998977,0,0,26.0,FAIL,True,data/submission/raw_final.csv,False,230.59481739928012
Development,DC-081|qp31.3,historical,4.0,0-29,30,30,True,True,True,3d36b69d878163d2e7df764f26ddee576a609b988bd8cbee4e43ea37b1e6c081,frozen run_specs plus configuration-labelled raw_final records,DC-081,1.1634553964998977,0,0,21.0,FAIL,True,data/submission/raw_final.csv,False,248.14008990023285
Development,DC-082|qp41.8,historical,0.0,0-29,30,30,True,True,False,,no preserved run_spec,DC-082,,0,0,,MISSING_CONFIGURATION_PROOF,False,data/submission/raw_final.csv,False,299.7025256003253
Development,DC-082|qp41.8,historical,1.0,0-29,30,30,True,True,False,,no preserved run_spec,DC-082,,0,0,,MISSING_CONFIGURATION_PROOF,False,data/submission/raw_final.csv,False,307.02162320073694
Development,DC-082|qp41.8,historical,2.0,0-29,30,30,True,True,False,,no preserved run_spec,DC-082,,0,0,,MISSING_CONFIGURATION_PROOF,False,data/submission/raw_final.csv,False,420.809750299668
Development,DC-083|qp52.2,historical,0.0,0-29,30,30,True,True,False,,no preserved run_spec,DC-083,,0,0,,MISSING_CONFIGURATION_PROOF,False,data/submission/raw_final.csv,False,498.4338109004311
Development,DC-083|qp52.2,historical,1.0,0-29,30,30,True,True,False,,no preserved run_spec,DC-083,,0,0,,MISSING_CONFIGURATION_PROOF,False,data/submission/raw_final.csv,False,726.9830090005416
Development,DC-084|qp44.3,historical,0.0,0-29,30,30,True,True,True,4b450f455f63d9a6efae02ed99b730274e193cec4f1ad49e531f6f96f0f5fd8c,frozen run_specs plus configuration-labelled raw_final records,DC-084,1.2042275813726382,0,0,30.0,PASS,True,data/submission/raw_final.csv,False,296.26936830044724
Development,DC-084|qp44.3,historical,1.0,0-29,30,30,True,True,True,4b450f455f63d9a6efae02ed99b730274e193cec4f1ad49e531f6f96f0f5fd8c,frozen run_specs plus configuration-labelled raw_final records,DC-084,1.2042275813726382,0,0,30.0,PASS,True,data/submission/raw_final.csv,False,268.40473849885166
Development,DC-084|qp44.3,historical,2.0,0-29,30,30,True,True,True,4b450f455f63d9a6efae02ed99b730274e193cec4f1ad49e531f6f96f0f5fd8c,frozen run_specs plus configuration-labelled raw_final records,DC-084,1.2042275813726382,0,0,30.0,PASS,True,data/submission/raw_final.csv,False,264.95369009976275
Development,DC-084|qp44.3,historical,3.0,0-29,30,30,True,True,True,4b450f455f63d9a6efae02ed99b730274e193cec4f1ad49e531f6f96f0f5fd8c,frozen run_specs plus configuration-labelled raw_final records,DC-084,1.2042275813726382,0,0,30.0,PASS,True,data/submission/raw_final.csv,False,282.8079533998389
Development,DC-084|qp44.3,historical,4.0,0-29,30,30,True,True,True,4b450f455f63d9a6efae02ed99b730274e193cec4f1ad49e531f6f96f0f5fd8c,frozen run_specs plus configuration-labelled raw_final records,DC-084,1.2042275813726382,0,0,30.0,PASS,True,data/submission/raw_final.csv,False,264.05169319943525
Development,DC-084|qp44.3,historical,5.0,0-29,30,30,True,True,True,4b450f455f63d9a6efae02ed99b730274e193cec4f1ad49e531f6f96f0f5fd8c,frozen run_specs plus configuration-labelled raw_final records,DC-084,1.2042275813726382,0,0,30.0,PASS,True,data/submission/raw_final.csv,False,276.5330042997375
Development,DC-084|qp44.3,historical,6.0,0-29,30,30,True,True,True,4b450f455f63d9a6efae02ed99b730274e193cec4f1ad49e531f6f96f0f5fd8c,frozen run_specs plus configuration-labelled raw_final records,DC-084,1.2042275813726382,0,0,30.0,PASS,True,data/submission/raw_final.csv,False,282.5625418005511
Development,DC-084|qp44.3,historical,8.0,0-29,30,30,True,True,True,4b450f455f63d9a6efae02ed99b730274e193cec4f1ad49e531f6f96f0f5fd8c,frozen run_specs plus configuration-labelled raw_final records,DC-084,1.2042275813726382,0,0,30.0,PASS,True,data/submission/raw_final.csv,False,276.3932479007635
Development,DC-084|qp44.3,historical,9.0,0-29,30,30,True,True,True,4b450f455f63d9a6efae02ed99b730274e193cec4f1ad49e531f6f96f0f5fd8c,frozen run_specs plus configuration-labelled raw_final records,DC-084,1.2042275813726382,0,0,29.0,PASS,True,data/submission/raw_final.csv,False,351.70839720079675
Development,DC-084|qp44.3,historical,10.0,0-29,30,30,True,True,True,4b450f455f63d9a6efae02ed99b730274e193cec4f1ad49e531f6f96f0f5fd8c,frozen run_specs plus configuration-labelled raw_final records,DC-084,1.2042275813726382,0,0,23.0,FAIL,True,data/submission/raw_final.csv,False,341.4870358002372
Development,DC-084|qp44.3,historical,12.0,0-29,30,30,True,True,True,4b450f455f63d9a6efae02ed99b730274e193cec4f1ad49e531f6f96f0f5fd8c,frozen run_specs plus configuration-labelled raw_final records,DC-084,1.2042275813726382,0,0,12.0,FAIL,True,data/submission/raw_final.csv,False,343.6944038004149
Development,DC-085|qp59.0,historical,0.0,0-29,30,30,True,True,True,41de47a69d2c883be43f49e4c8abdc70bfbb749b59d6ce374341be9acb2c05cb,frozen run_specs plus configuration-labelled raw_final records,DC-085,1.1572116468099067,0,0,30.0,PASS,True,data/submission/raw_final.csv,False,417.1739594000392
Development,DC-085|qp59.0,historical,1.0,0-29,30,30,True,True,True,41de47a69d2c883be43f49e4c8abdc70bfbb749b59d6ce374341be9acb2c05cb,frozen run_specs plus configuration-labelled raw_final records,DC-085,1.1572116468099067,0,0,30.0,PASS,True,data/submission/raw_final.csv,False,406.9080075996462
Development,DC-085|qp59.0,historical,2.0,0-29,30,30,True,True,True,41de47a69d2c883be43f49e4c8abdc70bfbb749b59d6ce374341be9acb2c05cb,frozen run_specs plus configuration-labelled raw_final records,DC-085,1.1572116468099067,0,0,30.0,PASS,True,data/submission/raw_final.csv,False,375.9386410997249
Development,DC-085|qp59.0,historical,3.0,0-29,30,30,True,True,True,41de47a69d2c883be43f49e4c8abdc70bfbb749b59d6ce374341be9acb2c05cb,frozen run_specs plus configuration-labelled raw_final records,DC-085,1.1572116468099067,0,0,26.0,FAIL,True,data/submission/raw_final.csv,False,392.89770699990913
Development,DC-085|qp59.0,historical,4.0,0-29,30,30,True,True,True,41de47a69d2c883be43f49e4c8abdc70bfbb749b59d6ce374341be9acb2c05cb,frozen run_specs plus configuration-labelled raw_final records,DC-085,1.1572116468099067,0,0,24.0,FAIL,True,data/submission/raw_final.csv,False,438.4182268001605
Development,DC-085|qp59.0,historical,5.0,0-29,30,30,True,True,True,41de47a69d2c883be43f49e4c8abdc70bfbb749b59d6ce374341be9acb2c05cb,frozen run_specs plus configuration-labelled raw_final records,DC-085,1.1572116468099067,0,0,16.0,FAIL,True,data/submission/raw_final.csv,False,546.6497346994001
Development,DC-086|qp73.8,historical,0.0,0-29,30,30,True,True,False,,no preserved run_spec,DC-086,,0,0,,MISSING_CONFIGURATION_PROOF,False,data/submission/raw_final.csv,False,537.9897831999697
Development,DC-086|qp73.8,historical,1.0,0-29,30,30,True,True,False,,no preserved run_spec,DC-086,,0,0,,MISSING_CONFIGURATION_PROOF,False,data/submission/raw_final.csv,False,1145.8980189000722
Development,DC-087|qp89.6,historical,0.0,0-29,30,30,True,True,False,,no preserved run_spec,DC-087,,0,0,,MISSING_CONFIGURATION_PROOF,False,data/submission/raw_final.csv,False,694.3558614999056
Development,DC-087|qp89.6,historical,1.0,0-29,30,30,True,True,False,,no preserved run_spec,DC-087,,0,0,,MISSING_CONFIGURATION_PROOF,False,data/submission/raw_final.csv,False,767.046386100119
Development,DC-087|qp89.6,historical,2.0,0-29,30,30,True,True,False,,no preserved run_spec,DC-087,,0,0,,MISSING_CONFIGURATION_PROOF,False,data/submission/raw_final.csv,False,670.2132961994503
Development,DC-087|qp89.6,historical,3.0,0-29,30,30,True,True,False,,no preserved run_spec,DC-087,,0,0,,MISSING_CONFIGURATION_PROOF,False,data/submission/raw_final.csv,False,673.845057599945
Development,DC-087|qp89.6,historical,4.0,0-29,30,30,True,True,False,,no preserved run_spec,DC-087,,0,0,,MISSING_CONFIGURATION_PROOF,False,data/submission/raw_final.csv,False,681.9543789005838
Development,DC-087|qp89.6,historical,5.0,0-29,30,30,True,True,False,,no preserved run_spec,DC-087,,0,0,,MISSING_CONFIGURATION_PROOF,False,data/submission/raw_final.csv,False,699.4479684992693
Development,DC-087|qp89.6,historical,6.0,0-29,30,30,True,True,False,,no preserved run_spec,DC-087,,0,0,,MISSING_CONFIGURATION_PROOF,False,data/submission/raw_final.csv,False,641.8521193000488
Development,DC-087|qp89.6,historical,7.0,0-29,30,30,True,True,False,,no preserved run_spec,DC-087,,0,0,,MISSING_CONFIGURATION_PROOF,False,data/submission/raw_final.csv,False,714.8086397000588
Development,DC-087|qp89.6,historical,8.0,0-29,30,30,True,True,False,,no preserved run_spec,DC-087,,0,0,,MISSING_CONFIGURATION_PROOF,False,data/submission/raw_final.csv,False,636.0540254998486
Development,DC-087|qp89.6,historical,10.0,0-29,30,30,True,True,False,,no preserved run_spec,DC-087,,0,0,,MISSING_CONFIGURATION_PROOF,False,data/submission/raw_final.csv,False,795.6037008999847
Development,DC-087|qp89.6,historical,12.0,0-29,30,30,True,True,False,,no preserved run_spec,DC-087,,0,0,,MISSING_CONFIGURATION_PROOF,False,data/submission/raw_final.csv,False,734.5926491001155
Development,DC-087|qp89.6,historical,15.0,0-29,30,30,True,True,False,,no preserved run_spec,DC-087,,0,0,,MISSING_CONFIGURATION_PROOF,False,data/submission/raw_final.csv,False,948.0840240991674
Development,DC-087|qp89.6,historical,18.0,0-29,30,30,True,True,False,,no preserved run_spec,DC-087,,0,0,,MISSING_CONFIGURATION_PROOF,False,data/submission/raw_final.csv,False,1028.5466597001068
Development,DC-088|qp119.5,historical,0.0,0-29,30,30,True,True,False,,no preserved run_spec,DC-088,,0,0,,MISSING_CONFIGURATION_PROOF,False,data/submission/raw_final.csv,False,957.031432300806
Development,DC-088|qp119.5,historical,1.0,0-29,30,30,True,True,False,,no preserved run_spec,DC-088,,0,0,,MISSING_CONFIGURATION_PROOF,False,data/submission/raw_final.csv,False,1260.3488037001807
Development,DC-088|qp119.5,historical,2.0,0-29,30,30,True,True,False,,no preserved run_spec,DC-088,,0,0,,MISSING_CONFIGURATION_PROOF,False,data/submission/raw_final.csv,False,1009.2514094002544
Development,DC-088|qp119.5,historical,3.0,0-29,30,30,True,True,False,,no preserved run_spec,DC-088,,0,0,,MISSING_CONFIGURATION_PROOF,False,data/submission/raw_final.csv,False,1026.9243091999087
Development,DC-088|qp119.5,historical,4.0,0-29,30,30,True,True,False,,no preserved run_spec,DC-088,,0,0,,MISSING_CONFIGURATION_PROOF,False,data/submission/raw_final.csv,False,1148.8964484001044
Development,DC-088|qp119.5,historical,5.0,0-29,30,30,True,True,False,,no preserved run_spec,DC-088,,0,0,,MISSING_CONFIGURATION_PROOF,False,data/submission/raw_final.csv,False,1093.8452577998396
Development,DC-088|qp119.5,historical,6.0,0-29,30,30,True,True,False,,no preserved run_spec,DC-088,,0,0,,MISSING_CONFIGURATION_PROOF,False,data/submission/raw_final.csv,False,1007.646774000721
Development,DC-088|qp119.5,historical,8.0,0-29,30,30,True,True,False,,no preserved run_spec,DC-088,,0,0,,MISSING_CONFIGURATION_PROOF,False,data/submission/raw_final.csv,False,1023.6131644996348
Development,DC-089|qp149.4,historical,0.0,0-29,30,30,True,True,False,,no preserved run_spec,DC-089,,0,0,,MISSING_CONFIGURATION_PROOF,False,data/submission/raw_final.csv,False,1392.9475300996564
Development,DC-089|qp149.4,historical,1.0,0-29,30,30,True,True,False,,no preserved run_spec,DC-089,,0,0,,MISSING_CONFIGURATION_PROOF,False,data/submission/raw_final.csv,False,2186.789615299785
Development,DC-089|qp149.4,historical,2.0,0-29,30,30,True,True,False,,no preserved run_spec,DC-089,,0,0,,MISSING_CONFIGURATION_PROOF,False,data/submission/raw_final.csv,False,1588.8098394004628
Development,DC-089|qp149.4,historical,3.0,0-29,30,30,True,True,False,,no preserved run_spec,DC-089,,0,0,,MISSING_CONFIGURATION_PROOF,False,data/submission/raw_final.csv,False,1548.1520640004892
Development,DC-089|qp149.4,historical,4.0,0-29,30,30,True,True,False,,no preserved run_spec,DC-089,,0,0,,MISSING_CONFIGURATION_PROOF,False,data/submission/raw_final.csv,False,1847.146638799226
Development,DC-089|qp149.4,historical,5.0,0-29,30,30,True,True,False,,no preserved run_spec,DC-089,,0,0,,MISSING_CONFIGURATION_PROOF,False,data/submission/raw_final.csv,False,1877.6338228997772
Development,DC-090|qp21.0,historical,0.0,0-29,30,30,True,True,False,,no preserved run_spec,DC-090,,0,0,,MISSING_CONFIGURATION_PROOF,False,data/submission/raw_final.csv,False,144.95484809949994
Development,DC-090|qp21.0,historical,1.0,0-29,30,30,True,True,False,,no preserved run_spec,DC-090,,0,0,,MISSING_CONFIGURATION_PROOF,False,data/submission/raw_final.csv,False,1090.610302799847
Development,DC-091|qp28.0,historical,0.0,0-29,30,30,True,True,False,,no preserved run_spec,DC-091,,0,0,,MISSING_CONFIGURATION_PROOF,False,data/submission/raw_final.csv,False,195.1230063000694
Development,DC-091|qp28.0,historical,1.0,0-29,30,30,True,True,False,,no preserved run_spec,DC-091,,0,0,,MISSING_CONFIGURATION_PROOF,False,data/submission/raw_final.csv,False,1469.5875557004474
Development,DC-092|qp35.0,historical,0.0,0-29,30,30,True,True,False,,no preserved run_spec,DC-092,,0,0,,MISSING_CONFIGURATION_PROOF,False,data/submission/raw_final.csv,False,248.0337870004587
Development,DC-092|qp35.0,historical,1.0,0-29,30,30,True,True,False,,no preserved run_spec,DC-092,,0,0,,MISSING_CONFIGURATION_PROOF,False,data/submission/raw_final.csv,False,1822.6859945992476
Development,DC-093|qp27.4,historical,0.0,0-29,30,30,True,True,False,,no preserved run_spec,DC-093,,0,0,,MISSING_CONFIGURATION_PROOF,False,data/submission/raw_final.csv,False,158.1404988009017
Development,DC-093|qp27.4,historical,1.0,0-29,30,30,True,True,False,,no preserved run_spec,DC-093,,0,0,,MISSING_CONFIGURATION_PROOF,False,data/submission/raw_final.csv,False,991.9010234996676
Development,DC-094|qp36.6,historical,0.0,0-29,30,30,True,True,False,,no preserved run_spec,DC-094,,0,0,,MISSING_CONFIGURATION_PROOF,False,data/submission/raw_final.csv,False,209.8670871003997
Development,DC-094|qp36.6,historical,1.0,0-29,30,30,True,True,False,,no preserved run_spec,DC-094,,0,0,,MISSING_CONFIGURATION_PROOF,False,data/submission/raw_final.csv,False,1444.7702238007914
Development,DC-095|qp45.7,historical,0.0,0-29,30,30,True,True,False,,no preserved run_spec,DC-095,,0,0,,MISSING_CONFIGURATION_PROOF,False,data/submission/raw_final.csv,False,279.7968592005782
Development,DC-095|qp45.7,historical,1.0,0-29,30,30,True,True,False,,no preserved run_spec,DC-095,,0,0,,MISSING_CONFIGURATION_PROOF,False,data/submission/raw_final.csv,False,1859.0631947007496
Development,DC-096|qp29.7,historical,0.0,0-29,30,30,True,True,True,73ca79a9847f2196876c94f9f23c4d3a642efa8e08389c7fd9e457fd88ce2ff2,frozen run_specs plus configuration-labelled raw_final records,DC-096,1.1545245096692591,0,0,30.0,PASS,True,data/submission/raw_final.csv,False,202.36578330001797
Development,DC-096|qp29.7,historical,1.0,0-29,30,30,True,True,True,73ca79a9847f2196876c94f9f23c4d3a642efa8e08389c7fd9e457fd88ce2ff2,frozen run_specs plus configuration-labelled raw_final records,DC-096,1.1545245096692591,0,0,30.0,PASS,True,data/submission/raw_final.csv,False,206.51465429901145
Development,DC-096|qp29.7,historical,2.0,0-29,30,30,True,True,True,73ca79a9847f2196876c94f9f23c4d3a642efa8e08389c7fd9e457fd88ce2ff2,frozen run_specs plus configuration-labelled raw_final records,DC-096,1.1545245096692591,0,0,29.0,PASS,True,data/submission/raw_final.csv,False,205.4712994999718
Development,DC-096|qp29.7,historical,3.0,0-29,30,30,True,True,True,73ca79a9847f2196876c94f9f23c4d3a642efa8e08389c7fd9e457fd88ce2ff2,frozen run_specs plus configuration-labelled raw_final records,DC-096,1.1545245096692591,0,0,28.0,FAIL,True,data/submission/raw_final.csv,False,213.2451111995615
Development,DC-096|qp29.7,historical,4.0,0-29,30,30,True,True,True,73ca79a9847f2196876c94f9f23c4d3a642efa8e08389c7fd9e457fd88ce2ff2,frozen run_specs plus configuration-labelled raw_final records,DC-096,1.1545245096692591,0,0,20.0,FAIL,True,data/submission/raw_final.csv,False,307.4065611998085
Development,DC-097|qp39.6,historical,0.0,0-29,30,30,True,True,False,,no preserved run_spec,DC-097,,0,0,,MISSING_CONFIGURATION_PROOF,False,data/submission/raw_final.csv,False,266.22659570071846
Development,DC-097|qp39.6,historical,1.0,0-29,30,30,True,True,False,,no preserved run_spec,DC-097,,0,0,,MISSING_CONFIGURATION_PROOF,False,data/submission/raw_final.csv,False,361.6726456005126
Development,DC-098|qp49.5,historical,0.0,0-29,30,30,True,True,False,,no preserved run_spec,DC-098,,0,0,,MISSING_CONFIGURATION_PROOF,False,data/submission/raw_final.csv,False,467.7499631997198
Development,DC-098|qp49.5,historical,1.0,0-29,30,30,True,True,False,,no preserved run_spec,DC-098,,0,0,,MISSING_CONFIGURATION_PROOF,False,data/submission/raw_final.csv,False,857.3949906995986
Development,DC-099|qp43.9,historical,0.0,0-29,30,30,True,True,True,2fe7648ed0160d75d5f604ecf3d700964ee5e897b35efc5490ea70fb451ef119,frozen run_specs plus configuration-labelled raw_final records,DC-099,1.2092750685751588,0,0,30.0,PASS,True,data/submission/raw_final.csv,False,276.272173400037
Development,DC-099|qp43.9,historical,1.0,0-29,30,30,True,True,True,2fe7648ed0160d75d5f604ecf3d700964ee5e897b35efc5490ea70fb451ef119,frozen run_specs plus configuration-labelled raw_final records,DC-099,1.2092750685751588,0,0,30.0,PASS,True,data/submission/raw_final.csv,False,278.0794492003042
Development,DC-099|qp43.9,historical,2.0,0-29,30,30,True,True,True,2fe7648ed0160d75d5f604ecf3d700964ee5e897b35efc5490ea70fb451ef119,frozen run_specs plus configuration-labelled raw_final records,DC-099,1.2092750685751588,0,0,30.0,PASS,True,data/submission/raw_final.csv,False,276.57534999982454
Development,DC-099|qp43.9,historical,3.0,0-29,30,30,True,True,True,2fe7648ed0160d75d5f604ecf3d700964ee5e897b35efc5490ea70fb451ef119,frozen run_specs plus configuration-labelled raw_final records,DC-099,1.2092750685751588,0,0,30.0,PASS,True,data/submission/raw_final.csv,False,280.2594683999196
Development,DC-099|qp43.9,historical,4.0,0-29,30,30,True,True,True,2fe7648ed0160d75d5f604ecf3d700964ee5e897b35efc5490ea70fb451ef119,frozen run_specs plus configuration-labelled raw_final records,DC-099,1.2092750685751588,0,0,30.0,PASS,True,data/submission/raw_final.csv,False,275.504968599882
Development,DC-099|qp43.9,historical,5.0,0-29,30,30,True,True,True,2fe7648ed0160d75d5f604ecf3d700964ee5e897b35efc5490ea70fb451ef119,frozen run_specs plus configuration-labelled raw_final records,DC-099,1.2092750685751588,0,0,29.0,PASS,True,data/submission/raw_final.csv,False,288.2761867006775
Development,DC-099|qp43.9,historical,6.0,0-29,30,30,True,True,True,2fe7648ed0160d75d5f604ecf3d700964ee5e897b35efc5490ea70fb451ef119,frozen run_specs plus configuration-labelled raw_final records,DC-099,1.2092750685751588,0,0,30.0,PASS,True,data/submission/raw_final.csv,False,281.9102786995936
Development,DC-099|qp43.9,historical,7.0,0-29,30,30,True,True,True,2fe7648ed0160d75d5f604ecf3d700964ee5e897b35efc5490ea70fb451ef119,frozen run_specs plus configuration-labelled raw_final records,DC-099,1.2092750685751588,0,0,30.0,PASS,True,data/submission/raw_final.csv,False,313.0199992998969
Development,DC-099|qp43.9,historical,8.0,0-29,30,30,True,True,True,2fe7648ed0160d75d5f604ecf3d700964ee5e897b35efc5490ea70fb451ef119,frozen run_specs plus configuration-labelled raw_final records,DC-099,1.2092750685751588,0,0,27.0,FAIL,True,data/submission/raw_final.csv,False,296.09596710046753
Development,DC-099|qp43.9,historical,10.0,0-29,30,30,True,True,True,2fe7648ed0160d75d5f604ecf3d700964ee5e897b35efc5490ea70fb451ef119,frozen run_specs plus configuration-labelled raw_final records,DC-099,1.2092750685751588,0,0,23.0,FAIL,True,data/submission/raw_final.csv,False,328.7560984999873
Development,DC-099|qp43.9,historical,12.0,0-29,30,30,True,True,True,2fe7648ed0160d75d5f604ecf3d700964ee5e897b35efc5490ea70fb451ef119,frozen run_specs plus configuration-labelled raw_final records,DC-099,1.2092750685751588,0,0,14.0,FAIL,True,data/submission/raw_final.csv,False,357.3917775000445
Development,DC-100|qp58.5,historical,0.0,0-29,30,30,True,True,True,89d743a25ba48c158ef0c97fed072431be688fbec08cd8438095d7aedaa621a3,frozen run_specs plus configuration-labelled raw_final records,DC-100,1.16419547335158,0,0,30.0,PASS,True,data/submission/raw_final.csv,False,399.7285726002883
Development,DC-100|qp58.5,historical,1.0,0-29,30,30,True,True,True,89d743a25ba48c158ef0c97fed072431be688fbec08cd8438095d7aedaa621a3,frozen run_specs plus configuration-labelled raw_final records,DC-100,1.16419547335158,0,0,30.0,PASS,True,data/submission/raw_final.csv,False,381.56387110007927
Development,DC-100|qp58.5,historical,2.0,0-29,30,30,True,True,True,89d743a25ba48c158ef0c97fed072431be688fbec08cd8438095d7aedaa621a3,frozen run_specs plus configuration-labelled raw_final records,DC-100,1.16419547335158,0,0,29.0,PASS,True,data/submission/raw_final.csv,False,370.4545781000052
Development,DC-100|qp58.5,historical,3.0,0-29,30,30,True,True,True,89d743a25ba48c158ef0c97fed072431be688fbec08cd8438095d7aedaa621a3,frozen run_specs plus configuration-labelled raw_final records,DC-100,1.16419547335158,0,0,29.0,PASS,True,data/submission/raw_final.csv,False,383.7396931005642
Development,DC-100|qp58.5,historical,4.0,0-29,30,30,True,True,True,89d743a25ba48c158ef0c97fed072431be688fbec08cd8438095d7aedaa621a3,frozen run_specs plus configuration-labelled raw_final records,DC-100,1.16419547335158,0,0,23.0,FAIL,True,data/submission/raw_final.csv,False,419.5665802997537
Development,DC-100|qp58.5,historical,5.0,0-29,30,30,True,True,True,89d743a25ba48c158ef0c97fed072431be688fbec08cd8438095d7aedaa621a3,frozen run_specs plus configuration-labelled raw_final records,DC-100,1.16419547335158,0,0,17.0,FAIL,True,data/submission/raw_final.csv,False,544.8933736993931
Development,DC-101|qp73.1,historical,0.0,0-29,30,30,True,True,False,,no preserved run_spec,DC-101,,0,0,,MISSING_CONFIGURATION_PROOF,False,data/submission/raw_final.csv,False,574.7049510995857
Development,DC-101|qp73.1,historical,1.0,0-29,30,30,True,True,False,,no preserved run_spec,DC-101,,0,0,,MISSING_CONFIGURATION_PROOF,False,data/submission/raw_final.csv,False,892.1979410992935
Development,DC-102|qp73.2,historical,0.0,0-29,30,30,True,True,False,,no preserved run_spec,DC-102,,0,0,,MISSING_CONFIGURATION_PROOF,False,data/submission/raw_final.csv,False,576.0700343993958
Development,DC-102|qp73.2,historical,1.0,0-29,30,30,True,True,False,,no preserved run_spec,DC-102,,0,0,,MISSING_CONFIGURATION_PROOF,False,data/submission/raw_final.csv,False,492.7431077007204
Development,DC-102|qp73.2,historical,2.0,0-29,30,30,True,True,False,,no preserved run_spec,DC-102,,0,0,,MISSING_CONFIGURATION_PROOF,False,data/submission/raw_final.csv,False,457.2965151995886
Development,DC-102|qp73.2,historical,3.0,0-29,30,30,True,True,False,,no preserved run_spec,DC-102,,0,0,,MISSING_CONFIGURATION_PROOF,False,data/submission/raw_final.csv,False,466.1245657003019
Development,DC-102|qp73.2,historical,4.0,0-29,30,30,True,True,False,,no preserved run_spec,DC-102,,0,0,,MISSING_CONFIGURATION_PROOF,False,data/submission/raw_final.csv,False,481.73252669908106
Development,DC-102|qp73.2,historical,5.0,0-29,30,30,True,True,False,,no preserved run_spec,DC-102,,0,0,,MISSING_CONFIGURATION_PROOF,False,data/submission/raw_final.csv,False,510.0263063008897
Development,DC-102|qp73.2,historical,6.0,0-29,30,30,True,True,False,,no preserved run_spec,DC-102,,0,0,,MISSING_CONFIGURATION_PROOF,False,data/submission/raw_final.csv,False,527.7895033999812
Development,DC-102|qp73.2,historical,8.0,0-29,30,30,True,True,False,,no preserved run_spec,DC-102,,0,0,,MISSING_CONFIGURATION_PROOF,False,data/submission/raw_final.csv,False,523.0437040000688
Development,DC-102|qp73.2,historical,10.0,0-29,30,30,True,True,False,,no preserved run_spec,DC-102,,0,0,,MISSING_CONFIGURATION_PROOF,False,data/submission/raw_final.csv,False,599.3424389003776
Development,DC-103|qp97.5,historical,0.0,0-29,30,30,True,True,False,,no preserved run_spec,DC-103,,0,0,,MISSING_CONFIGURATION_PROOF,False,data/submission/raw_final.csv,False,943.2305220002308
Development,DC-103|qp97.5,historical,1.0,0-29,30,30,True,True,False,,no preserved run_spec,DC-103,,0,0,,MISSING_CONFIGURATION_PROOF,False,data/submission/raw_final.csv,False,735.0441671994049
Development,DC-103|qp97.5,historical,2.0,0-29,30,30,True,True,False,,no preserved run_spec,DC-103,,0,0,,MISSING_CONFIGURATION_PROOF,False,data/submission/raw_final.csv,False,656.1060728996526
Development,DC-103|qp97.5,historical,3.0,0-29,30,30,True,True,False,,no preserved run_spec,DC-103,,0,0,,MISSING_CONFIGURATION_PROOF,False,data/submission/raw_final.csv,False,607.6390190008096
Development,DC-103|qp97.5,historical,4.0,0-29,30,30,True,True,False,,no preserved run_spec,DC-103,,0,0,,MISSING_CONFIGURATION_PROOF,False,data/submission/raw_final.csv,False,713.212998200208
Development,DC-103|qp97.5,historical,5.0,0-29,30,30,True,True,False,,no preserved run_spec,DC-103,,0,0,,MISSING_CONFIGURATION_PROOF,False,data/submission/raw_final.csv,False,731.7220574994572
Development,DC-103|qp97.5,historical,6.0,0-29,30,30,True,True,False,,no preserved run_spec,DC-103,,0,0,,MISSING_CONFIGURATION_PROOF,False,data/submission/raw_final.csv,False,798.5935129004065
Development,DC-103|qp97.5,historical,8.0,0-29,30,30,True,True,False,,no preserved run_spec,DC-103,,0,0,,MISSING_CONFIGURATION_PROOF,False,data/submission/raw_final.csv,False,919.2212364997248
Development,DC-104|qp121.9,historical,0.0,0-29,30,30,True,True,False,,no preserved run_spec,DC-104,,0,0,,MISSING_CONFIGURATION_PROOF,False,data/submission/raw_final.csv,False,1355.732010700507
Development,DC-104|qp121.9,historical,1.0,0-29,30,30,True,True,False,,no preserved run_spec,DC-104,,0,0,,MISSING_CONFIGURATION_PROOF,False,data/submission/raw_final.csv,False,1067.694001799449
Development,DC-104|qp121.9,historical,2.0,0-29,30,30,True,True,False,,no preserved run_spec,DC-104,,0,0,,MISSING_CONFIGURATION_PROOF,False,data/submission/raw_final.csv,False,1002.4350630999544
Development,DC-105|qp7.7,historical,0.0,0-29,30,30,True,True,False,,no preserved run_spec,DC-105,,0,0,,MISSING_CONFIGURATION_PROOF,False,data/submission/raw_final.csv,False,699.8252769003157
Development,DC-106|qp10.3,historical,0.0,0-29,30,30,True,True,False,,no preserved run_spec,DC-106,,0,0,,MISSING_CONFIGURATION_PROOF,False,data/submission/raw_final.csv,False,918.7050449999516
Development,DC-107|qp12.9,historical,0.0,0-29,30,30,True,True,False,,no preserved run_spec,DC-107,,0,0,,MISSING_CONFIGURATION_PROOF,False,data/submission/raw_final.csv,False,1069.3980267001316
Development,DC-108|qp9.2,historical,0.0,0-29,30,30,True,True,False,,no preserved run_spec,DC-108,,0,0,,MISSING_CONFIGURATION_PROOF,False,data/submission/raw_final.csv,False,827.4905984990764
Development,DC-109|qp12.2,historical,0.0,0-29,30,30,True,True,False,,no preserved run_spec,DC-109,,0,0,,MISSING_CONFIGURATION_PROOF,False,data/submission/raw_final.csv,False,979.1093767997808
Development,DC-110|qp15.3,historical,0.0,0-29,30,30,True,True,False,,no preserved run_spec,DC-110,,0,0,,MISSING_CONFIGURATION_PROOF,False,data/submission/raw_final.csv,False,1159.9191528994124
Development,DC-111|qp32.4,historical,0.0,0-29,30,30,True,True,True,b97adb7cb70fc172095f4ee66b861c73074af060a55b1c87bbdcdc6e6e42ac9c,frozen run_specs plus configuration-labelled raw_final records,DC-111,1.1362044201698775,0,0,30.0,PASS,True,data/submission/raw_final.csv,False,218.9368807997089
Development,DC-111|qp32.4,historical,0.0,10000-10029,30,30,True,True,True,b97adb7cb70fc172095f4ee66b861c73074af060a55b1c87bbdcdc6e6e42ac9c,frozen run_specs plus configuration-labelled raw_final records,DC-111,1.1359795084585345,0,0,30.0,PASS,True,new package,True,113.86105180007873
Development,DC-111|qp32.4,historical,1.0,0-29,30,30,True,True,True,b97adb7cb70fc172095f4ee66b861c73074af060a55b1c87bbdcdc6e6e42ac9c,frozen run_specs plus configuration-labelled raw_final records,DC-111,1.1362044201698775,0,0,29.0,PASS,True,data/submission/raw_final.csv,False,232.6488060003612
Development,DC-111|qp32.4,historical,2.0,0-29,30,30,True,True,True,b97adb7cb70fc172095f4ee66b861c73074af060a55b1c87bbdcdc6e6e42ac9c,frozen run_specs plus configuration-labelled raw_final records,DC-111,1.1362044201698775,0,0,28.0,FAIL,True,data/submission/raw_final.csv,False,232.62403640034609
Development,DC-111|qp32.4,historical,2.0,10000-10029,30,30,True,True,True,b97adb7cb70fc172095f4ee66b861c73074af060a55b1c87bbdcdc6e6e42ac9c,frozen run_specs plus configuration-labelled raw_final records,DC-111,1.1359795084585345,0,0,29.0,PASS,True,new package,True,132.22123620007187
Development,DC-111|qp32.4,historical,3.0,0-29,30,30,True,True,True,b97adb7cb70fc172095f4ee66b861c73074af060a55b1c87bbdcdc6e6e42ac9c,frozen run_specs plus configuration-labelled raw_final records,DC-111,1.1362044201698775,0,0,22.0,FAIL,True,data/submission/raw_final.csv,False,229.65994899906215
Development,DC-112|qp43.2,historical,0.0,0-29,30,30,True,True,True,f0c908d6855edaa828d846cd44af86dd22b1b18c5d029de5c0ee8d820e719340,frozen run_specs plus configuration-labelled raw_final records,DC-112,1.0316617404206878,0,0,30.0,PASS,True,data/submission/raw_final.csv,False,306.599575600354
Development,DC-112|qp43.2,historical,0.0,10000-10029,30,30,True,True,True,f0c908d6855edaa828d846cd44af86dd22b1b18c5d029de5c0ee8d820e719340,frozen run_specs plus configuration-labelled raw_final records,DC-112,1.0404844188292988,0,0,30.0,PASS,True,new package,True,147.47843479999574
Development,DC-112|qp43.2,historical,1.0,0-29,30,30,True,True,True,f0c908d6855edaa828d846cd44af86dd22b1b18c5d029de5c0ee8d820e719340,frozen run_specs plus configuration-labelled raw_final records,DC-112,1.0316617404206878,0,0,22.0,FAIL,True,data/submission/raw_final.csv,False,424.25550199951977
Development,DC-112|qp43.2,historical,2.0,0-29,30,30,True,True,True,f0c908d6855edaa828d846cd44af86dd22b1b18c5d029de5c0ee8d820e719340,frozen run_specs plus configuration-labelled raw_final records,DC-112,1.0316617404206878,0,0,16.0,FAIL,True,data/submission/raw_final.csv,False,259.24800000037067
Development,DC-112|qp43.2,historical,2.0,10000-10029,30,30,True,True,True,f0c908d6855edaa828d846cd44af86dd22b1b18c5d029de5c0ee8d820e719340,frozen run_specs plus configuration-labelled raw_final records,DC-112,1.0404844188292988,0,0,19.0,FAIL,True,new package,True,228.85291889999644
Development,DC-113|qp54.0,historical,0.0,0-29,30,30,True,True,False,,no preserved run_spec,DC-113,,0,0,,MISSING_CONFIGURATION_PROOF,False,data/submission/raw_final.csv,False,403.5914982007816
Development,DC-113|qp54.0,historical,1.0,0-29,30,30,True,True,False,,no preserved run_spec,DC-113,,0,0,,MISSING_CONFIGURATION_PROOF,False,data/submission/raw_final.csv,False,801.9779550000094
Development,DC-114|qp43.2,assumption-direction075-v1,0.0,0-29,30,30,True,True,False,,no preserved run_spec,DC-114,,0,0,,MISSING_CONFIGURATION_PROOF,False,data/submission/raw_final.csv,False,159.40300000016578
Development,DC-114|qp43.2,assumption-direction075-v1,4.0,0-29,30,30,True,True,False,,no preserved run_spec,DC-114,,0,0,,MISSING_CONFIGURATION_PROOF,False,data/submission/raw_final.csv,False,187.5989999994636
Development,DC-114|qp43.2,assumption-reference-v1,0.0,0-29,30,30,True,True,False,,no preserved run_spec,DC-114,,0,0,,MISSING_CONFIGURATION_PROOF,False,data/submission/raw_final.csv,False,150.93900000024587
Development,DC-114|qp43.2,assumption-reference-v1,4.0,0-29,30,30,True,True,False,,no preserved run_spec,DC-114,,0,0,,MISSING_CONFIGURATION_PROOF,False,data/submission/raw_final.csv,False,165.4499999997206
Development,DC-114|qp43.2,assumption-size080-v1,0.0,0-29,30,30,True,True,False,,no preserved run_spec,DC-114,,0,0,,MISSING_CONFIGURATION_PROOF,False,data/submission/raw_final.csv,False,153.09500000043772
Development,DC-114|qp43.2,assumption-size080-v1,4.0,0-29,30,30,True,True,False,,no preserved run_spec,DC-114,,0,0,,MISSING_CONFIGURATION_PROOF,False,data/submission/raw_final.csv,False,166.6749999995809
Development,DC-114|qp43.2,assumption-size120-v1,0.0,0-29,30,30,True,True,False,,no preserved run_spec,DC-114,,0,0,,MISSING_CONFIGURATION_PROOF,False,data/submission/raw_final.csv,False,153.26500000036322
Development,DC-114|qp43.2,assumption-size120-v1,4.0,0-29,30,30,True,True,False,,no preserved run_spec,DC-114,,0,0,,MISSING_CONFIGURATION_PROOF,False,data/submission/raw_final.csv,False,167.15899999858811
Development,DC-114|qp43.2,historical,0.0,0-29,30,30,True,True,False,,no preserved run_spec,DC-114,,0,0,,MISSING_CONFIGURATION_PROOF,False,data/submission/raw_final.csv,False,280.02993559930474
Development,DC-114|qp43.2,historical,1.0,0-29,30,30,True,True,False,,no preserved run_spec,DC-114,,0,0,,MISSING_CONFIGURATION_PROOF,False,data/submission/raw_final.csv,False,281.86913110036403
Development,DC-114|qp43.2,historical,2.0,0-29,30,30,True,True,False,,no preserved run_spec,DC-114,,0,0,,MISSING_CONFIGURATION_PROOF,False,data/submission/raw_final.csv,False,250.0799162008334
Development,DC-114|qp43.2,historical,3.0,0-29,30,30,True,True,False,,no preserved run_spec,DC-114,,0,0,,MISSING_CONFIGURATION_PROOF,False,data/submission/raw_final.csv,False,237.04862289922312
Development,DC-114|qp43.2,historical,4.0,0-29,30,30,True,True,False,,no preserved run_spec,DC-114,,0,0,,MISSING_CONFIGURATION_PROOF,False,data/submission/raw_final.csv,False,287.5177899999544
Development,DC-114|qp43.2,historical,5.0,0-29,30,30,True,True,False,,no preserved run_spec,DC-114,,0,0,,MISSING_CONFIGURATION_PROOF,False,data/submission/raw_final.csv,False,258.3969315998256
Development,DC-114|qp43.2,historical,6.0,0-29,30,30,True,True,False,,no preserved run_spec,DC-114,,0,0,,MISSING_CONFIGURATION_PROOF,False,data/submission/raw_final.csv,False,289.82422419963405
Development,DC-114|qp43.2,historical,8.0,0-29,30,30,True,True,False,,no preserved run_spec,DC-114,,0,0,,MISSING_CONFIGURATION_PROOF,False,data/submission/raw_final.csv,False,308.7483895998448
Development,DC-114|qp43.2,historical,9.0,0-29,30,30,True,True,False,,no preserved run_spec,DC-114,,0,0,,MISSING_CONFIGURATION_PROOF,False,data/submission/raw_final.csv,False,320.7734235008247
Development,DC-114|qp43.2,historical,10.0,0-29,30,30,True,True,False,,no preserved run_spec,DC-114,,0,0,,MISSING_CONFIGURATION_PROOF,False,data/submission/raw_final.csv,False,322.1185358006041
Development,DC-114|qp43.2,historical,12.0,0-29,30,30,True,True,False,,no preserved run_spec,DC-114,,0,0,,MISSING_CONFIGURATION_PROOF,False,data/submission/raw_final.csv,False,381.5329222995788
Development,DC-115|qp57.6,historical,0.0,0-29,30,30,True,True,False,,no preserved run_spec,DC-115,,0,0,,MISSING_CONFIGURATION_PROOF,False,data/submission/raw_final.csv,False,378.5866039004177
Development,DC-115|qp57.6,historical,1.0,0-29,30,30,True,True,False,,no preserved run_spec,DC-115,,0,0,,MISSING_CONFIGURATION_PROOF,False,data/submission/raw_final.csv,False,367.0730538996868
Development,DC-115|qp57.6,historical,2.0,0-29,30,30,True,True,False,,no preserved run_spec,DC-115,,0,0,,MISSING_CONFIGURATION_PROOF,False,data/submission/raw_final.csv,False,326.18008330021985
Development,DC-115|qp57.6,historical,3.0,0-29,30,30,True,True,False,,no preserved run_spec,DC-115,,0,0,,MISSING_CONFIGURATION_PROOF,False,data/submission/raw_final.csv,False,339.2681341005955
Development,DC-115|qp57.6,historical,4.0,0-29,30,30,True,True,False,,no preserved run_spec,DC-115,,0,0,,MISSING_CONFIGURATION_PROOF,False,data/submission/raw_final.csv,False,453.2009884996805
Development,DC-115|qp57.6,historical,5.0,0-29,30,30,True,True,False,,no preserved run_spec,DC-115,,0,0,,MISSING_CONFIGURATION_PROOF,False,data/submission/raw_final.csv,False,428.00800770008937
Development,DC-115|qp57.6,historical,6.0,0-29,30,30,True,True,False,,no preserved run_spec,DC-115,,0,0,,MISSING_CONFIGURATION_PROOF,False,data/submission/raw_final.csv,False,684.2592149998527
Development,DC-116|qp72.0,historical,0.0,0-29,30,30,True,True,False,,no preserved run_spec,DC-116,,0,0,,MISSING_CONFIGURATION_PROOF,False,data/submission/raw_final.csv,False,467.6330476007424
Development,DC-116|qp72.0,historical,1.0,0-29,30,30,True,True,False,,no preserved run_spec,DC-116,,0,0,,MISSING_CONFIGURATION_PROOF,False,data/submission/raw_final.csv,False,881.5634286014829
Development,MEL-melbourne-1385129-0-0|qp20,historical,0.0,0-29,30,30,True,True,False,,no preserved run_spec,MEL-melbourne-1385129-0-0,,0,0,,MISSING_CONFIGURATION_PROOF,False,data/submission/raw_final.csv,False,137.670288100373
Development,MEL-melbourne-1385129-0-0|qp20,historical,1.0,0-29,30,30,True,True,False,,no preserved run_spec,MEL-melbourne-1385129-0-0,,0,0,,MISSING_CONFIGURATION_PROOF,False,data/submission/raw_final.csv,False,774.0221479001921
Development,MEL-melbourne-1385129-0-0|qp34,historical,0.0,0-29,30,30,True,True,False,,no preserved run_spec,MEL-melbourne-1385129-0-0,,0,0,,MISSING_CONFIGURATION_PROOF,False,data/submission/raw_final.csv,False,221.9146845007781
Development,MEL-melbourne-1385129-0-0|qp34,historical,1.0,0-29,30,30,True,True,False,,no preserved run_spec,MEL-melbourne-1385129-0-0,,0,0,,MISSING_CONFIGURATION_PROOF,False,data/submission/raw_final.csv,False,1178.8868469996378
Development,MEL-melbourne-1385230-0-1|qp102,historical,0.0,0-29,30,30,True,True,False,,no preserved run_spec,MEL-melbourne-1385230-0-1,,0,0,,MISSING_CONFIGURATION_PROOF,False,data/submission/raw_final.csv,False,2776.170137899928
Development,MEL-melbourne-1385230-0-1|qp68,historical,0.0,0-29,30,30,True,True,False,,no preserved run_spec,MEL-melbourne-1385230-0-1,,0,0,,MISSING_CONFIGURATION_PROOF,False,data/submission/raw_final.csv,False,419.3283299994655
Development,MEL-melbourne-1385230-0-1|qp68,historical,1.0,0-29,30,30,True,True,False,,no preserved run_spec,MEL-melbourne-1385230-0-1,,0,0,,MISSING_CONFIGURATION_PROOF,False,data/submission/raw_final.csv,False,754.4609604005236
Development,MEL-melbourne-1389612-0-2|qp20,historical,0.0,0-29,30,30,True,True,True,6b7201a2761e00d9a6cfba3091f6725ce965bc4df1174618a71b537b8b6822d7,frozen run_specs plus configuration-labelled raw_final records,MEL-melbourne-1389612-0-2,1.2492122343700098,0,0,30.0,PASS,True,data/submission/raw_final.csv,False,105.37412529904395
Development,MEL-melbourne-1389612-0-2|qp20,historical,1.0,0-29,30,30,True,True,True,6b7201a2761e00d9a6cfba3091f6725ce965bc4df1174618a71b537b8b6822d7,frozen run_specs plus configuration-labelled raw_final records,MEL-melbourne-1389612-0-2,1.2492122343700098,0,0,30.0,PASS,True,data/submission/raw_final.csv,False,124.30778889986686
Development,MEL-melbourne-1389612-0-2|qp20,historical,2.0,0-29,30,30,True,True,True,6b7201a2761e00d9a6cfba3091f6725ce965bc4df1174618a71b537b8b6822d7,frozen run_specs plus configuration-labelled raw_final records,MEL-melbourne-1389612-0-2,1.2492122343700098,0,0,30.0,PASS,True,data/submission/raw_final.csv,False,132.98140390007757
Development,MEL-melbourne-1389612-0-2|qp20,historical,3.0,0-29,30,30,True,True,True,6b7201a2761e00d9a6cfba3091f6725ce965bc4df1174618a71b537b8b6822d7,frozen run_specs plus configuration-labelled raw_final records,MEL-melbourne-1389612-0-2,1.2492122343700098,0,0,30.0,PASS,True,data/submission/raw_final.csv,False,137.4672166998498
Development,MEL-melbourne-1389612-0-2|qp20,historical,4.0,0-29,30,30,True,True,True,6b7201a2761e00d9a6cfba3091f6725ce965bc4df1174618a71b537b8b6822d7,frozen run_specs plus configuration-labelled raw_final records,MEL-melbourne-1389612-0-2,1.2492122343700098,0,0,30.0,PASS,True,data/submission/raw_final.csv,False,141.13637859933078
Development,MEL-melbourne-1389612-0-2|qp20,historical,5.0,0-29,30,30,True,True,True,6b7201a2761e00d9a6cfba3091f6725ce965bc4df1174618a71b537b8b6822d7,frozen run_specs plus configuration-labelled raw_final records,MEL-melbourne-1389612-0-2,1.2492122343700098,0,0,29.0,PASS,True,data/submission/raw_final.csv,False,153.06264040037058
Development,MEL-melbourne-1389612-0-2|qp20,historical,6.0,0-29,30,30,True,True,True,6b7201a2761e00d9a6cfba3091f6725ce965bc4df1174618a71b537b8b6822d7,frozen run_specs plus configuration-labelled raw_final records,MEL-melbourne-1389612-0-2,1.2492122343700098,0,0,28.0,FAIL,True,data/submission/raw_final.csv,False,156.23661930090748
Development,MEL-melbourne-1389612-0-2|qp20,historical,8.0,0-29,30,30,True,True,True,6b7201a2761e00d9a6cfba3091f6725ce965bc4df1174618a71b537b8b6822d7,frozen run_specs plus configuration-labelled raw_final records,MEL-melbourne-1389612-0-2,1.2492122343700098,0,0,16.0,FAIL,True,data/submission/raw_final.csv,False,171.86145109985955
Development,MEL-melbourne-1389612-0-2|qp8,historical,0.0,0-29,30,30,True,True,True,9c29408909aef672ee8335606ad0e5adf82b7f4049996e86cf20615ba94771e1,frozen run_specs plus configuration-labelled raw_final records,MEL-melbourne-1389612-0-2,1.3193928126341667,0,0,30.0,PASS,True,data/submission/raw_final.csv,False,61.06023140042089
Development,MEL-melbourne-1389612-0-2|qp8,historical,1.0,0-29,30,30,True,True,True,9c29408909aef672ee8335606ad0e5adf82b7f4049996e86cf20615ba94771e1,frozen run_specs plus configuration-labelled raw_final records,MEL-melbourne-1389612-0-2,1.3193928126341667,0,0,30.0,PASS,True,data/submission/raw_final.csv,False,70.544908399228
Development,MEL-melbourne-1389612-0-2|qp8,historical,2.0,0-29,30,30,True,True,True,9c29408909aef672ee8335606ad0e5adf82b7f4049996e86cf20615ba94771e1,frozen run_specs plus configuration-labelled raw_final records,MEL-melbourne-1389612-0-2,1.3193928126341667,0,0,30.0,PASS,True,data/submission/raw_final.csv,False,77.13224689941853
Development,MEL-melbourne-1389612-0-2|qp8,historical,3.0,0-29,30,30,True,True,True,9c29408909aef672ee8335606ad0e5adf82b7f4049996e86cf20615ba94771e1,frozen run_specs plus configuration-labelled raw_final records,MEL-melbourne-1389612-0-2,1.3193928126341667,0,0,30.0,PASS,True,data/submission/raw_final.csv,False,78.59091139910743
Development,MEL-melbourne-1389612-0-2|qp8,historical,4.0,0-29,30,30,True,True,True,9c29408909aef672ee8335606ad0e5adf82b7f4049996e86cf20615ba94771e1,frozen run_specs plus configuration-labelled raw_final records,MEL-melbourne-1389612-0-2,1.3193928126341667,0,0,30.0,PASS,True,data/submission/raw_final.csv,False,87.18605109956115
Development,MEL-melbourne-1389612-0-2|qp8,historical,5.0,0-29,30,30,True,True,True,9c29408909aef672ee8335606ad0e5adf82b7f4049996e86cf20615ba94771e1,frozen run_specs plus configuration-labelled raw_final records,MEL-melbourne-1389612-0-2,1.3193928126341667,0,0,30.0,PASS,True,data/submission/raw_final.csv,False,88.5553463997785
Development,MEL-melbourne-1389612-0-2|qp8,historical,6.0,0-29,30,30,True,True,True,9c29408909aef672ee8335606ad0e5adf82b7f4049996e86cf20615ba94771e1,frozen run_specs plus configuration-labelled raw_final records,MEL-melbourne-1389612-0-2,1.3193928126341667,0,0,29.0,PASS,True,data/submission/raw_final.csv,False,93.00756249995902
Development,MEL-melbourne-1389612-0-2|qp8,historical,7.0,0-29,30,30,True,True,True,9c29408909aef672ee8335606ad0e5adf82b7f4049996e86cf20615ba94771e1,frozen run_specs plus configuration-labelled raw_final records,MEL-melbourne-1389612-0-2,1.3193928126341667,0,0,29.0,PASS,True,data/submission/raw_final.csv,False,88.12764329975471
Development,MEL-melbourne-1389612-0-2|qp8,historical,8.0,0-29,30,30,True,True,True,9c29408909aef672ee8335606ad0e5adf82b7f4049996e86cf20615ba94771e1,frozen run_specs plus configuration-labelled raw_final records,MEL-melbourne-1389612-0-2,1.3193928126341667,0,0,27.0,FAIL,True,data/submission/raw_final.csv,False,104.40131969959477
Development,MEL-melbourne-1389612-0-2|qp8,historical,10.0,0-29,30,30,True,True,True,9c29408909aef672ee8335606ad0e5adf82b7f4049996e86cf20615ba94771e1,frozen run_specs plus configuration-labelled raw_final records,MEL-melbourne-1389612-0-2,1.3193928126341667,0,0,19.0,FAIL,True,data/submission/raw_final.csv,False,114.11450749984942
Development,MEL-melbourne-1389612-0-2|qp8,historical,12.0,0-29,30,30,True,True,True,9c29408909aef672ee8335606ad0e5adf82b7f4049996e86cf20615ba94771e1,frozen run_specs plus configuration-labelled raw_final records,MEL-melbourne-1389612-0-2,1.3193928126341667,0,0,16.0,FAIL,True,data/submission/raw_final.csv,False,132.00940809957683
Development,MEL-melbourne-1389823-0-3|qp14,historical,0.0,0-29,30,30,True,True,True,6e773646f2d53e19078ce72c9dc36c5042bd9a5574299e139f57d216e0a10c8f,frozen run_specs plus configuration-labelled raw_final records,MEL-melbourne-1389823-0-3,1.3269813388000826,0,0,30.0,PASS,True,data/submission/raw_final.csv,False,103.9147772998549
Development,MEL-melbourne-1389823-0-3|qp14,historical,1.0,0-29,30,30,True,True,True,6e773646f2d53e19078ce72c9dc36c5042bd9a5574299e139f57d216e0a10c8f,frozen run_specs plus configuration-labelled raw_final records,MEL-melbourne-1389823-0-3,1.3269813388000826,0,0,30.0,PASS,True,data/submission/raw_final.csv,False,95.71917720069176
Development,MEL-melbourne-1389823-0-3|qp14,historical,2.0,0-29,30,30,True,True,True,6e773646f2d53e19078ce72c9dc36c5042bd9a5574299e139f57d216e0a10c8f,frozen run_specs plus configuration-labelled raw_final records,MEL-melbourne-1389823-0-3,1.3269813388000826,0,0,30.0,PASS,True,data/submission/raw_final.csv,False,102.04628729983231
Development,MEL-melbourne-1389823-0-3|qp14,historical,3.0,0-29,30,30,True,True,True,6e773646f2d53e19078ce72c9dc36c5042bd9a5574299e139f57d216e0a10c8f,frozen run_specs plus configuration-labelled raw_final records,MEL-melbourne-1389823-0-3,1.3269813388000826,0,0,30.0,PASS,True,data/submission/raw_final.csv,False,101.08564600115642
Development,MEL-melbourne-1389823-0-3|qp14,historical,4.0,0-29,30,30,True,True,True,6e773646f2d53e19078ce72c9dc36c5042bd9a5574299e139f57d216e0a10c8f,frozen run_specs plus configuration-labelled raw_final records,MEL-melbourne-1389823-0-3,1.3269813388000826,0,0,30.0,PASS,True,data/submission/raw_final.csv,False,108.8860847998876
Development,MEL-melbourne-1389823-0-3|qp14,historical,5.0,0-29,30,30,True,True,True,6e773646f2d53e19078ce72c9dc36c5042bd9a5574299e139f57d216e0a10c8f,frozen run_specs plus configuration-labelled raw_final records,MEL-melbourne-1389823-0-3,1.3269813388000826,0,0,30.0,PASS,True,data/submission/raw_final.csv,False,110.9801532998681
Development,MEL-melbourne-1389823-0-3|qp14,historical,6.0,0-29,30,30,True,True,True,6e773646f2d53e19078ce72c9dc36c5042bd9a5574299e139f57d216e0a10c8f,frozen run_specs plus configuration-labelled raw_final records,MEL-melbourne-1389823-0-3,1.3269813388000826,0,0,30.0,PASS,True,data/submission/raw_final.csv,False,116.61219030036592
Development,MEL-melbourne-1389823-0-3|qp14,historical,7.0,0-29,30,30,True,True,True,6e773646f2d53e19078ce72c9dc36c5042bd9a5574299e139f57d216e0a10c8f,frozen run_specs plus configuration-labelled raw_final records,MEL-melbourne-1389823-0-3,1.3269813388000826,0,0,30.0,PASS,True,new package,True,77.08461819993681
Development,MEL-melbourne-1389823-0-3|qp14,historical,8.0,0-29,30,30,True,True,True,6e773646f2d53e19078ce72c9dc36c5042bd9a5574299e139f57d216e0a10c8f,frozen run_specs plus configuration-labelled raw_final records,MEL-melbourne-1389823-0-3,1.3269813388000826,0,0,30.0,PASS,True,data/submission/raw_final.csv,False,127.4981761998497
Development,MEL-melbourne-1389823-0-3|qp14,historical,10.0,0-29,30,30,True,True,True,6e773646f2d53e19078ce72c9dc36c5042bd9a5574299e139f57d216e0a10c8f,frozen run_specs plus configuration-labelled raw_final records,MEL-melbourne-1389823-0-3,1.3269813388000826,0,0,30.0,PASS,True,data/submission/raw_final.csv,False,136.76099690049887
Development,MEL-melbourne-1389823-0-3|qp14,historical,11.0,0-29,30,30,True,True,True,6e773646f2d53e19078ce72c9dc36c5042bd9a5574299e139f57d216e0a10c8f,frozen run_specs plus configuration-labelled raw_final records,MEL-melbourne-1389823-0-3,1.3269813388000826,0,0,30.0,PASS,True,data/submission/raw_final.csv,False,70.39300000038929
Development,MEL-melbourne-1389823-0-3|qp14,historical,12.0,0-29,30,30,True,True,True,6e773646f2d53e19078ce72c9dc36c5042bd9a5574299e139f57d216e0a10c8f,frozen run_specs plus configuration-labelled raw_final records,MEL-melbourne-1389823-0-3,1.3269813388000826,0,0,30.0,PASS,True,data/submission/raw_final.csv,False,154.61143189901486
Development,MEL-melbourne-1389823-0-3|qp14,historical,13.0,0-29,30,30,True,True,True,6e773646f2d53e19078ce72c9dc36c5042bd9a5574299e139f57d216e0a10c8f,frozen run_specs plus configuration-labelled raw_final records,MEL-melbourne-1389823-0-3,1.3269813388000826,0,0,30.0,PASS,True,data/submission/raw_final.csv,False,120.03706950112246
Development,MEL-melbourne-1389823-0-3|qp14,historical,14.0,0-29,30,30,True,True,True,6e773646f2d53e19078ce72c9dc36c5042bd9a5574299e139f57d216e0a10c8f,frozen run_specs plus configuration-labelled raw_final records,MEL-melbourne-1389823-0-3,1.3269813388000826,0,0,30.0,PASS,True,data/submission/raw_final.csv,False,83.70200000028126
Development,MEL-melbourne-1389823-0-3|qp14,historical,15.0,0-29,30,30,True,True,True,6e773646f2d53e19078ce72c9dc36c5042bd9a5574299e139f57d216e0a10c8f,frozen run_specs plus configuration-labelled raw_final records,MEL-melbourne-1389823-0-3,1.3269813388000826,0,0,30.0,PASS,True,data/submission/raw_final.csv,False,154.33280010009184
Development,MEL-melbourne-1389823-0-3|qp14,historical,18.0,0-29,30,30,True,True,True,6e773646f2d53e19078ce72c9dc36c5042bd9a5574299e139f57d216e0a10c8f,frozen run_specs plus configuration-labelled raw_final records,MEL-melbourne-1389823-0-3,1.3269813388000826,0,0,30.0,PASS,True,data/submission/raw_final.csv,False,195.5713422000408
Development,MEL-melbourne-1389823-0-3|qp14,historical,20.0,0-29,30,30,True,True,True,6e773646f2d53e19078ce72c9dc36c5042bd9a5574299e139f57d216e0a10c8f,frozen run_specs plus configuration-labelled raw_final records,MEL-melbourne-1389823-0-3,1.3269813388000826,0,0,30.0,PASS,True,data/submission/raw_final.csv,False,196.3633499003481
Development,MEL-melbourne-1389823-0-3|qp33,historical,0.0,0-29,30,30,True,True,True,2c46c3fc48671dc7ff02b79c4545ca195696246f2df5efeaaf0345de922010e4,frozen run_specs plus configuration-labelled raw_final records,MEL-melbourne-1389823-0-3,1.2582755202329543,0,0,30.0,PASS,True,data/submission/raw_final.csv,False,216.21145179937596
Development,MEL-melbourne-1389823-0-3|qp33,historical,1.0,0-29,30,30,True,True,True,2c46c3fc48671dc7ff02b79c4545ca195696246f2df5efeaaf0345de922010e4,frozen run_specs plus configuration-labelled raw_final records,MEL-melbourne-1389823-0-3,1.2582755202329543,0,0,30.0,PASS,True,data/submission/raw_final.csv,False,169.3295258996077
Development,MEL-melbourne-1389823-0-3|qp33,historical,2.0,0-29,30,30,True,True,True,2c46c3fc48671dc7ff02b79c4545ca195696246f2df5efeaaf0345de922010e4,frozen run_specs plus configuration-labelled raw_final records,MEL-melbourne-1389823-0-3,1.2582755202329543,0,0,30.0,PASS,True,data/submission/raw_final.csv,False,208.4468660999555
Development,MEL-melbourne-1389823-0-3|qp33,historical,3.0,0-29,30,30,True,True,True,2c46c3fc48671dc7ff02b79c4545ca195696246f2df5efeaaf0345de922010e4,frozen run_specs plus configuration-labelled raw_final records,MEL-melbourne-1389823-0-3,1.2582755202329543,0,0,30.0,PASS,True,data/submission/raw_final.csv,False,208.35859120055105
Development,MEL-melbourne-1389823-0-3|qp33,historical,4.0,0-29,30,30,True,True,True,2c46c3fc48671dc7ff02b79c4545ca195696246f2df5efeaaf0345de922010e4,frozen run_specs plus configuration-labelled raw_final records,MEL-melbourne-1389823-0-3,1.2582755202329543,0,0,30.0,PASS,True,data/submission/raw_final.csv,False,211.60567590035495
Development,MEL-melbourne-1389823-0-3|qp33,historical,5.0,0-29,30,30,True,True,True,2c46c3fc48671dc7ff02b79c4545ca195696246f2df5efeaaf0345de922010e4,frozen run_specs plus configuration-labelled raw_final records,MEL-melbourne-1389823-0-3,1.2582755202329543,0,0,30.0,PASS,True,data/submission/raw_final.csv,False,219.9981679006014
Development,MEL-melbourne-1389823-0-3|qp33,historical,6.0,0-29,30,30,True,True,True,2c46c3fc48671dc7ff02b79c4545ca195696246f2df5efeaaf0345de922010e4,frozen run_specs plus configuration-labelled raw_final records,MEL-melbourne-1389823-0-3,1.2582755202329543,0,0,30.0,PASS,True,data/submission/raw_final.csv,False,225.63312379992567
Development,MEL-melbourne-1389823-0-3|qp33,historical,8.0,0-29,30,30,True,True,True,2c46c3fc48671dc7ff02b79c4545ca195696246f2df5efeaaf0345de922010e4,frozen run_specs plus configuration-labelled raw_final records,MEL-melbourne-1389823-0-3,1.2582755202329543,0,0,30.0,PASS,True,data/submission/raw_final.csv,False,245.13637290033512
Development,MEL-melbourne-1389823-0-3|qp33,historical,10.0,0-29,30,30,True,True,True,2c46c3fc48671dc7ff02b79c4545ca195696246f2df5efeaaf0345de922010e4,frozen run_specs plus configuration-labelled raw_final records,MEL-melbourne-1389823-0-3,1.2582755202329543,0,0,30.0,PASS,True,data/submission/raw_final.csv,False,259.4587230992038
Development,MEL-melbourne-1389823-0-3|qp33,historical,12.0,0-29,30,30,True,True,True,2c46c3fc48671dc7ff02b79c4545ca195696246f2df5efeaaf0345de922010e4,frozen run_specs plus configuration-labelled raw_final records,MEL-melbourne-1389823-0-3,1.2582755202329543,0,0,30.0,PASS,True,data/submission/raw_final.csv,False,278.9507807004265
Development,MEL-melbourne-1389823-0-3|qp33,historical,13.0,0-29,30,30,True,True,True,2c46c3fc48671dc7ff02b79c4545ca195696246f2df5efeaaf0345de922010e4,frozen run_specs plus configuration-labelled raw_final records,MEL-melbourne-1389823-0-3,1.2582755202329543,0,0,29.0,PASS,True,data/submission/raw_final.csv,False,247.44369550026025
Development,MEL-melbourne-1389823-0-3|qp33,historical,14.0,0-29,30,30,True,True,True,2c46c3fc48671dc7ff02b79c4545ca195696246f2df5efeaaf0345de922010e4,frozen run_specs plus configuration-labelled raw_final records,MEL-melbourne-1389823-0-3,1.2582755202329543,0,0,28.0,FAIL,True,data/submission/raw_final.csv,False,243.92650229972787
Development,MEL-melbourne-1389823-0-3|qp33,historical,15.0,0-29,30,30,True,True,True,2c46c3fc48671dc7ff02b79c4545ca195696246f2df5efeaaf0345de922010e4,frozen run_specs plus configuration-labelled raw_final records,MEL-melbourne-1389823-0-3,1.2582755202329543,0,0,27.0,FAIL,True,data/submission/raw_final.csv,False,267.09776509949006
Development,MEL-melbourne-1389823-0-3|qp33,historical,18.0,0-29,30,30,True,True,True,2c46c3fc48671dc7ff02b79c4545ca195696246f2df5efeaaf0345de922010e4,frozen run_specs plus configuration-labelled raw_final records,MEL-melbourne-1389823-0-3,1.2582755202329543,0,0,15.0,FAIL,True,data/submission/raw_final.csv,False,350.05024150013924
Development,MEL-melbourne-1434605-0-0|qp11,historical,0.0,0-29,30,30,True,True,True,90c56c15d9228608148d528aeed4a4c006eba16ca195f1f64624bbc86cb83f34,frozen run_specs plus configuration-labelled raw_final records,MEL-melbourne-1434605-0-0,1.3199683624005654,0,0,30.0,PASS,True,data/submission/raw_final.csv,False,99.24732470000164
Development,MEL-melbourne-1434605-0-0|qp11,historical,1.0,0-29,30,30,True,True,True,90c56c15d9228608148d528aeed4a4c006eba16ca195f1f64624bbc86cb83f34,frozen run_specs plus configuration-labelled raw_final records,MEL-melbourne-1434605-0-0,1.3199683624005654,0,0,30.0,PASS,True,data/submission/raw_final.csv,False,72.7856592994649
Development,MEL-melbourne-1434605-0-0|qp11,historical,2.0,0-29,30,30,True,True,True,90c56c15d9228608148d528aeed4a4c006eba16ca195f1f64624bbc86cb83f34,frozen run_specs plus configuration-labelled raw_final records,MEL-melbourne-1434605-0-0,1.3199683624005654,0,0,30.0,PASS,True,data/submission/raw_final.csv,False,91.52947680046782
Development,MEL-melbourne-1434605-0-0|qp11,historical,3.0,0-29,30,30,True,True,True,90c56c15d9228608148d528aeed4a4c006eba16ca195f1f64624bbc86cb83f34,frozen run_specs plus configuration-labelled raw_final records,MEL-melbourne-1434605-0-0,1.3199683624005654,0,0,30.0,PASS,True,data/submission/raw_final.csv,False,94.08088070130908
Development,MEL-melbourne-1434605-0-0|qp11,historical,4.0,0-29,30,30,True,True,True,90c56c15d9228608148d528aeed4a4c006eba16ca195f1f64624bbc86cb83f34,frozen run_specs plus configuration-labelled raw_final records,MEL-melbourne-1434605-0-0,1.3199683624005654,0,0,30.0,PASS,True,data/submission/raw_final.csv,False,99.35527700115928
Development,MEL-melbourne-1434605-0-0|qp11,historical,5.0,0-29,30,30,True,True,True,90c56c15d9228608148d528aeed4a4c006eba16ca195f1f64624bbc86cb83f34,frozen run_specs plus configuration-labelled raw_final records,MEL-melbourne-1434605-0-0,1.3199683624005654,0,0,30.0,PASS,True,data/submission/raw_final.csv,False,102.37185639957896
Development,MEL-melbourne-1434605-0-0|qp11,historical,6.0,0-29,30,30,True,True,True,90c56c15d9228608148d528aeed4a4c006eba16ca195f1f64624bbc86cb83f34,frozen run_specs plus configuration-labelled raw_final records,MEL-melbourne-1434605-0-0,1.3199683624005654,0,0,30.0,PASS,True,data/submission/raw_final.csv,False,110.44016150059178
Development,MEL-melbourne-1434605-0-0|qp11,historical,7.0,0-29,30,30,True,True,True,90c56c15d9228608148d528aeed4a4c006eba16ca195f1f64624bbc86cb83f34,frozen run_specs plus configuration-labelled raw_final records,MEL-melbourne-1434605-0-0,1.3199683624005654,0,0,30.0,PASS,True,data/submission/raw_final.csv,False,79.98098280047998
Development,MEL-melbourne-1434605-0-0|qp11,historical,8.0,0-29,30,30,True,True,True,90c56c15d9228608148d528aeed4a4c006eba16ca195f1f64624bbc86cb83f34,frozen run_specs plus configuration-labelled raw_final records,MEL-melbourne-1434605-0-0,1.3199683624005654,0,0,30.0,PASS,True,data/submission/raw_final.csv,False,119.0666271999944
Development,MEL-melbourne-1434605-0-0|qp11,historical,9.0,0-29,30,30,True,True,True,90c56c15d9228608148d528aeed4a4c006eba16ca195f1f64624bbc86cb83f34,frozen run_specs plus configuration-labelled raw_final records,MEL-melbourne-1434605-0-0,1.3199683624005654,0,0,30.0,PASS,True,new package,True,73.15600200011977
Development,MEL-melbourne-1434605-0-0|qp11,historical,10.0,0-29,30,30,True,True,True,90c56c15d9228608148d528aeed4a4c006eba16ca195f1f64624bbc86cb83f34,frozen run_specs plus configuration-labelled raw_final records,MEL-melbourne-1434605-0-0,1.3199683624005654,0,0,30.0,PASS,True,data/submission/raw_final.csv,False,130.08920930000022
Development,MEL-melbourne-1434605-0-0|qp11,historical,11.0,0-29,30,30,True,True,True,90c56c15d9228608148d528aeed4a4c006eba16ca195f1f64624bbc86cb83f34,frozen run_specs plus configuration-labelled raw_final records,MEL-melbourne-1434605-0-0,1.3199683624005654,0,0,29.0,PASS,True,data/submission/raw_final.csv,False,77.01699999929406
Development,MEL-melbourne-1434605-0-0|qp11,historical,12.0,0-29,30,30,True,True,True,90c56c15d9228608148d528aeed4a4c006eba16ca195f1f64624bbc86cb83f34,frozen run_specs plus configuration-labelled raw_final records,MEL-melbourne-1434605-0-0,1.3199683624005654,0,0,30.0,PASS,True,data/submission/raw_final.csv,False,146.5989769003354
Development,MEL-melbourne-1434605-0-0|qp11,historical,13.0,0-29,30,30,True,True,True,90c56c15d9228608148d528aeed4a4c006eba16ca195f1f64624bbc86cb83f34,frozen run_specs plus configuration-labelled raw_final records,MEL-melbourne-1434605-0-0,1.3199683624005654,0,0,30.0,PASS,True,data/submission/raw_final.csv,False,134.21515129948966
Development,MEL-melbourne-1434605-0-0|qp11,historical,14.0,0-29,30,30,True,True,True,90c56c15d9228608148d528aeed4a4c006eba16ca195f1f64624bbc86cb83f34,frozen run_specs plus configuration-labelled raw_final records,MEL-melbourne-1434605-0-0,1.3199683624005654,0,0,29.0,PASS,True,data/submission/raw_final.csv,False,138.2342801997438
Development,MEL-melbourne-1434605-0-0|qp11,historical,15.0,0-29,30,30,True,True,True,90c56c15d9228608148d528aeed4a4c006eba16ca195f1f64624bbc86cb83f34,frozen run_specs plus configuration-labelled raw_final records,MEL-melbourne-1434605-0-0,1.3199683624005654,0,0,25.0,FAIL,True,data/submission/raw_final.csv,False,165.11564770014957
Development,MEL-melbourne-1434605-0-0|qp11,historical,18.0,0-29,30,30,True,True,True,90c56c15d9228608148d528aeed4a4c006eba16ca195f1f64624bbc86cb83f34,frozen run_specs plus configuration-labelled raw_final records,MEL-melbourne-1434605-0-0,1.3199683624005654,0,0,16.0,FAIL,True,data/submission/raw_final.csv,False,189.6336672999896
Development,MEL-melbourne-1434605-0-0|qp11,historical,20.0,0-29,30,30,True,True,True,90c56c15d9228608148d528aeed4a4c006eba16ca195f1f64624bbc86cb83f34,frozen run_specs plus configuration-labelled raw_final records,MEL-melbourne-1434605-0-0,1.3199683624005654,0,0,10.0,FAIL,True,data/submission/raw_final.csv,False,189.99431129964069
Development,MEL-melbourne-1434605-0-0|qp26,historical,0.0,0-29,30,30,True,True,True,5a2ef9145f64352a45a30cabed065772b06469f68d99b6b674c0368d31df9d3c,frozen run_specs plus configuration-labelled raw_final records,MEL-melbourne-1434605-0-0,1.2504876665234987,0,0,30.0,PASS,True,data/submission/raw_final.csv,False,171.16147679951973
Development,MEL-melbourne-1434605-0-0|qp26,historical,1.0,0-29,30,30,True,True,True,5a2ef9145f64352a45a30cabed065772b06469f68d99b6b674c0368d31df9d3c,frozen run_specs plus configuration-labelled raw_final records,MEL-melbourne-1434605-0-0,1.2504876665234987,0,0,30.0,PASS,True,data/submission/raw_final.csv,False,136.7148348002229
Development,MEL-melbourne-1434605-0-0|qp26,historical,2.0,0-29,30,30,True,True,True,5a2ef9145f64352a45a30cabed065772b06469f68d99b6b674c0368d31df9d3c,frozen run_specs plus configuration-labelled raw_final records,MEL-melbourne-1434605-0-0,1.2504876665234987,0,0,30.0,PASS,True,data/submission/raw_final.csv,False,173.5974114004057
Development,MEL-melbourne-1434605-0-0|qp26,historical,3.0,0-29,30,30,True,True,True,5a2ef9145f64352a45a30cabed065772b06469f68d99b6b674c0368d31df9d3c,frozen run_specs plus configuration-labelled raw_final records,MEL-melbourne-1434605-0-0,1.2504876665234987,0,0,30.0,PASS,True,data/submission/raw_final.csv,False,178.52304429956712
Development,MEL-melbourne-1434605-0-0|qp26,historical,4.0,0-29,30,30,True,True,True,5a2ef9145f64352a45a30cabed065772b06469f68d99b6b674c0368d31df9d3c,frozen run_specs plus configuration-labelled raw_final records,MEL-melbourne-1434605-0-0,1.2504876665234987,0,0,30.0,PASS,True,data/submission/raw_final.csv,False,180.42566199973223
Development,MEL-melbourne-1434605-0-0|qp26,historical,5.0,0-29,30,30,True,True,True,5a2ef9145f64352a45a30cabed065772b06469f68d99b6b674c0368d31df9d3c,frozen run_specs plus configuration-labelled raw_final records,MEL-melbourne-1434605-0-0,1.2504876665234987,0,0,30.0,PASS,True,data/submission/raw_final.csv,False,178.9627197002992
Development,MEL-melbourne-1434605-0-0|qp26,historical,6.0,0-29,30,30,True,True,True,5a2ef9145f64352a45a30cabed065772b06469f68d99b6b674c0368d31df9d3c,frozen run_specs plus configuration-labelled raw_final records,MEL-melbourne-1434605-0-0,1.2504876665234987,0,0,30.0,PASS,True,data/submission/raw_final.csv,False,194.09265829925425
Development,MEL-melbourne-1434605-0-0|qp26,historical,8.0,0-29,30,30,True,True,True,5a2ef9145f64352a45a30cabed065772b06469f68d99b6b674c0368d31df9d3c,frozen run_specs plus configuration-labelled raw_final records,MEL-melbourne-1434605-0-0,1.2504876665234987,0,0,30.0,PASS,True,data/submission/raw_final.csv,False,211.42456150031649
Development,MEL-melbourne-1434605-0-0|qp26,historical,9.0,0-29,30,30,True,True,True,5a2ef9145f64352a45a30cabed065772b06469f68d99b6b674c0368d31df9d3c,frozen run_specs plus configuration-labelled raw_final records,MEL-melbourne-1434605-0-0,1.2504876665234987,0,0,29.0,PASS,True,data/submission/raw_final.csv,False,182.13274049945176
Development,MEL-melbourne-1434605-0-0|qp26,historical,10.0,0-29,30,30,True,True,True,5a2ef9145f64352a45a30cabed065772b06469f68d99b6b674c0368d31df9d3c,frozen run_specs plus configuration-labelled raw_final records,MEL-melbourne-1434605-0-0,1.2504876665234987,0,0,26.0,FAIL,True,data/submission/raw_final.csv,False,237.60450329980813
Development,MEL-melbourne-1434605-0-0|qp26,historical,12.0,0-29,30,30,True,True,True,5a2ef9145f64352a45a30cabed065772b06469f68d99b6b674c0368d31df9d3c,frozen run_specs plus configuration-labelled raw_final records,MEL-melbourne-1434605-0-0,1.2504876665234987,0,0,17.0,FAIL,True,data/submission/raw_final.csv,False,248.74231029953808
Development,MEL-melbourne-1434605-0-0|qp26,historical,15.0,0-29,30,30,True,True,True,5a2ef9145f64352a45a30cabed065772b06469f68d99b6b674c0368d31df9d3c,frozen run_specs plus configuration-labelled raw_final records,MEL-melbourne-1434605-0-0,1.2504876665234987,0,0,3.0,FAIL,True,data/submission/raw_final.csv,False,276.1392375996802
Development,MEL-melbourne-1465622-0-2|qp21,historical,0.0,0-29,30,30,True,True,True,0bec83eabc9ca6c98870f0e1ee91d4ac1cbb605cb1106947e787b9f284c671ea,frozen run_specs plus configuration-labelled raw_final records,MEL-melbourne-1465622-0-2,1.2532343809425466,0,0,30.0,PASS,True,data/submission/raw_final.csv,False,115.94886299991047
Development,MEL-melbourne-1465622-0-2|qp21,historical,1.0,0-29,30,30,True,True,True,0bec83eabc9ca6c98870f0e1ee91d4ac1cbb605cb1106947e787b9f284c671ea,frozen run_specs plus configuration-labelled raw_final records,MEL-melbourne-1465622-0-2,1.2532343809425466,0,0,30.0,PASS,True,data/submission/raw_final.csv,False,114.0619358997792
Development,MEL-melbourne-1465622-0-2|qp21,historical,2.0,0-29,30,30,True,True,True,0bec83eabc9ca6c98870f0e1ee91d4ac1cbb605cb1106947e787b9f284c671ea,frozen run_specs plus configuration-labelled raw_final records,MEL-melbourne-1465622-0-2,1.2532343809425466,0,0,30.0,PASS,True,data/submission/raw_final.csv,False,142.47544620092958
Development,MEL-melbourne-1465622-0-2|qp21,historical,3.0,0-29,30,30,True,True,True,0bec83eabc9ca6c98870f0e1ee91d4ac1cbb605cb1106947e787b9f284c671ea,frozen run_specs plus configuration-labelled raw_final records,MEL-melbourne-1465622-0-2,1.2532343809425466,0,0,30.0,PASS,True,data/submission/raw_final.csv,False,140.29938569967635
Development,MEL-melbourne-1465622-0-2|qp21,historical,4.0,0-29,30,30,True,True,True,0bec83eabc9ca6c98870f0e1ee91d4ac1cbb605cb1106947e787b9f284c671ea,frozen run_specs plus configuration-labelled raw_final records,MEL-melbourne-1465622-0-2,1.2532343809425466,0,0,30.0,PASS,True,data/submission/raw_final.csv,False,147.23950809962116
Development,MEL-melbourne-1465622-0-2|qp21,historical,5.0,0-29,30,30,True,True,True,0bec83eabc9ca6c98870f0e1ee91d4ac1cbb605cb1106947e787b9f284c671ea,frozen run_specs plus configuration-labelled raw_final records,MEL-melbourne-1465622-0-2,1.2532343809425466,0,0,28.0,FAIL,True,data/submission/raw_final.csv,False,155.1185754998587
Development,MEL-melbourne-1465622-0-2|qp21,historical,6.0,0-29,30,30,True,True,True,0bec83eabc9ca6c98870f0e1ee91d4ac1cbb605cb1106947e787b9f284c671ea,frozen run_specs plus configuration-labelled raw_final records,MEL-melbourne-1465622-0-2,1.2532343809425466,0,0,23.0,FAIL,True,data/submission/raw_final.csv,False,165.64914150047116
Development,MEL-melbourne-1465622-0-2|qp21,historical,8.0,0-29,30,30,True,True,True,0bec83eabc9ca6c98870f0e1ee91d4ac1cbb605cb1106947e787b9f284c671ea,frozen run_specs plus configuration-labelled raw_final records,MEL-melbourne-1465622-0-2,1.2532343809425466,0,0,17.0,FAIL,True,data/submission/raw_final.csv,False,179.3029086990282
Development,MEL-melbourne-1465622-0-2|qp21,historical,10.0,0-29,30,30,True,True,True,0bec83eabc9ca6c98870f0e1ee91d4ac1cbb605cb1106947e787b9f284c671ea,frozen run_specs plus configuration-labelled raw_final records,MEL-melbourne-1465622-0-2,1.2532343809425466,0,0,7.0,FAIL,True,data/submission/raw_final.csv,False,201.81681410060264
Development,MEL-melbourne-1465622-0-2|qp9,historical,0.0,0-29,30,30,True,True,True,2506baac0a7c01ac25536683336f886d8682397a315151bd9a70ce64a96f58c2,frozen run_specs plus configuration-labelled raw_final records,MEL-melbourne-1465622-0-2,1.321816762603898,0,0,30.0,PASS,True,data/submission/raw_final.csv,False,68.08157039899379
Development,MEL-melbourne-1465622-0-2|qp9,historical,1.0,0-29,30,30,True,True,True,2506baac0a7c01ac25536683336f886d8682397a315151bd9a70ce64a96f58c2,frozen run_specs plus configuration-labelled raw_final records,MEL-melbourne-1465622-0-2,1.321816762603898,0,0,30.0,PASS,True,data/submission/raw_final.csv,False,65.53804910019971
Development,MEL-melbourne-1465622-0-2|qp9,historical,2.0,0-29,30,30,True,True,True,2506baac0a7c01ac25536683336f886d8682397a315151bd9a70ce64a96f58c2,frozen run_specs plus configuration-labelled raw_final records,MEL-melbourne-1465622-0-2,1.321816762603898,0,0,30.0,PASS,True,data/submission/raw_final.csv,False,83.14171939971857
Development,MEL-melbourne-1465622-0-2|qp9,historical,3.0,0-29,30,30,True,True,True,2506baac0a7c01ac25536683336f886d8682397a315151bd9a70ce64a96f58c2,frozen run_specs plus configuration-labelled raw_final records,MEL-melbourne-1465622-0-2,1.321816762603898,0,0,29.0,PASS,True,data/submission/raw_final.csv,False,84.31650749989785
Development,MEL-melbourne-1465622-0-2|qp9,historical,4.0,0-29,30,30,True,True,True,2506baac0a7c01ac25536683336f886d8682397a315151bd9a70ce64a96f58c2,frozen run_specs plus configuration-labelled raw_final records,MEL-melbourne-1465622-0-2,1.321816762603898,0,0,30.0,PASS,True,data/submission/raw_final.csv,False,90.11677149916068
Development,MEL-melbourne-1465622-0-2|qp9,historical,5.0,0-29,30,30,True,True,True,2506baac0a7c01ac25536683336f886d8682397a315151bd9a70ce64a96f58c2,frozen run_specs plus configuration-labelled raw_final records,MEL-melbourne-1465622-0-2,1.321816762603898,0,0,30.0,PASS,True,data/submission/raw_final.csv,False,96.62129359948447
Development,MEL-melbourne-1465622-0-2|qp9,historical,6.0,0-29,30,30,True,True,True,2506baac0a7c01ac25536683336f886d8682397a315151bd9a70ce64a96f58c2,frozen run_specs plus configuration-labelled raw_final records,MEL-melbourne-1465622-0-2,1.321816762603898,0,0,29.0,PASS,True,data/submission/raw_final.csv,False,101.21065360074864
Development,MEL-melbourne-1465622-0-2|qp9,historical,7.0,0-29,30,30,True,True,True,2506baac0a7c01ac25536683336f886d8682397a315151bd9a70ce64a96f58c2,frozen run_specs plus configuration-labelled raw_final records,MEL-melbourne-1465622-0-2,1.321816762603898,0,0,26.0,FAIL,True,data/submission/raw_final.csv,False,98.24674910050815
Development,MEL-melbourne-1465622-0-2|qp9,historical,8.0,0-29,30,30,True,True,True,2506baac0a7c01ac25536683336f886d8682397a315151bd9a70ce64a96f58c2,frozen run_specs plus configuration-labelled raw_final records,MEL-melbourne-1465622-0-2,1.321816762603898,0,0,27.0,FAIL,True,data/submission/raw_final.csv,False,111.71508419979364
Development,MEL-melbourne-1465622-0-2|qp9,historical,10.0,0-29,30,30,True,True,True,2506baac0a7c01ac25536683336f886d8682397a315151bd9a70ce64a96f58c2,frozen run_specs plus configuration-labelled raw_final records,MEL-melbourne-1465622-0-2,1.321816762603898,0,0,23.0,FAIL,True,data/submission/raw_final.csv,False,118.1072551982943
Development,MEL-melbourne-1465622-0-2|qp9,historical,12.0,0-29,30,30,True,True,True,2506baac0a7c01ac25536683336f886d8682397a315151bd9a70ce64a96f58c2,frozen run_specs plus configuration-labelled raw_final records,MEL-melbourne-1465622-0-2,1.321816762603898,0,0,19.0,FAIL,True,data/submission/raw_final.csv,False,135.25498079974204
Development,MEL-melbourne-1465622-0-2|qp9,historical,15.0,0-29,30,30,True,True,True,2506baac0a7c01ac25536683336f886d8682397a315151bd9a70ce64a96f58c2,frozen run_specs plus configuration-labelled raw_final records,MEL-melbourne-1465622-0-2,1.321816762603898,0,0,6.0,FAIL,True,data/submission/raw_final.csv,False,157.9074391988106
Development,MEL-melbourne-1465759-0-1|qp12,historical,0.0,0-29,30,30,True,True,True,6f98d12e398855c7ec21c37f006737197d7c69d6f83e1b52df70b23826cf8f91,frozen run_specs plus configuration-labelled raw_final records,MEL-melbourne-1465759-0-1,1.3205356687528744,0,0,30.0,PASS,True,data/submission/raw_final.csv,False,93.2062414989341
Development,MEL-melbourne-1465759-0-1|qp12,historical,1.0,0-29,30,30,True,True,True,6f98d12e398855c7ec21c37f006737197d7c69d6f83e1b52df70b23826cf8f91,frozen run_specs plus configuration-labelled raw_final records,MEL-melbourne-1465759-0-1,1.3205356687528744,0,0,30.0,PASS,True,data/submission/raw_final.csv,False,77.5372633994557
Development,MEL-melbourne-1465759-0-1|qp12,historical,2.0,0-29,30,30,True,True,True,6f98d12e398855c7ec21c37f006737197d7c69d6f83e1b52df70b23826cf8f91,frozen run_specs plus configuration-labelled raw_final records,MEL-melbourne-1465759-0-1,1.3205356687528744,0,0,30.0,PASS,True,data/submission/raw_final.csv,False,94.02224409999326
Development,MEL-melbourne-1465759-0-1|qp12,historical,3.0,0-29,30,30,True,True,True,6f98d12e398855c7ec21c37f006737197d7c69d6f83e1b52df70b23826cf8f91,frozen run_specs plus configuration-labelled raw_final records,MEL-melbourne-1465759-0-1,1.3205356687528744,0,0,30.0,PASS,True,data/submission/raw_final.csv,False,93.0322212013416
Development,MEL-melbourne-1465759-0-1|qp12,historical,4.0,0-29,30,30,True,True,True,6f98d12e398855c7ec21c37f006737197d7c69d6f83e1b52df70b23826cf8f91,frozen run_specs plus configuration-labelled raw_final records,MEL-melbourne-1465759-0-1,1.3205356687528744,0,0,30.0,PASS,True,data/submission/raw_final.csv,False,99.16558240074664
Development,MEL-melbourne-1465759-0-1|qp12,historical,5.0,0-29,30,30,True,True,True,6f98d12e398855c7ec21c37f006737197d7c69d6f83e1b52df70b23826cf8f91,frozen run_specs plus configuration-labelled raw_final records,MEL-melbourne-1465759-0-1,1.3205356687528744,0,0,30.0,PASS,True,data/submission/raw_final.csv,False,108.07207120023668
Development,MEL-melbourne-1465759-0-1|qp12,historical,6.0,0-29,30,30,True,True,True,6f98d12e398855c7ec21c37f006737197d7c69d6f83e1b52df70b23826cf8f91,frozen run_specs plus configuration-labelled raw_final records,MEL-melbourne-1465759-0-1,1.3205356687528744,0,0,30.0,PASS,True,data/submission/raw_final.csv,False,112.41365670063531
Development,MEL-melbourne-1465759-0-1|qp12,historical,8.0,0-29,30,30,True,True,True,6f98d12e398855c7ec21c37f006737197d7c69d6f83e1b52df70b23826cf8f91,frozen run_specs plus configuration-labelled raw_final records,MEL-melbourne-1465759-0-1,1.3205356687528744,0,0,30.0,PASS,True,data/submission/raw_final.csv,False,121.35714410059154
Development,MEL-melbourne-1465759-0-1|qp12,historical,9.0,0-29,30,30,True,True,True,6f98d12e398855c7ec21c37f006737197d7c69d6f83e1b52df70b23826cf8f91,frozen run_specs plus configuration-labelled raw_final records,MEL-melbourne-1465759-0-1,1.3205356687528744,0,0,30.0,PASS,True,data/submission/raw_final.csv,False,67.45500000054017
Development,MEL-melbourne-1465759-0-1|qp12,historical,10.0,0-29,30,30,True,True,True,6f98d12e398855c7ec21c37f006737197d7c69d6f83e1b52df70b23826cf8f91,frozen run_specs plus configuration-labelled raw_final records,MEL-melbourne-1465759-0-1,1.3205356687528744,0,0,30.0,PASS,True,data/submission/raw_final.csv,False,127.23712010029703
Development,MEL-melbourne-1465759-0-1|qp12,historical,12.0,0-29,30,30,True,True,True,6f98d12e398855c7ec21c37f006737197d7c69d6f83e1b52df70b23826cf8f91,frozen run_specs plus configuration-labelled raw_final records,MEL-melbourne-1465759-0-1,1.3205356687528744,0,0,30.0,PASS,True,data/submission/raw_final.csv,False,146.94350530020893
Development,MEL-melbourne-1465759-0-1|qp12,historical,13.0,0-29,30,30,True,True,True,6f98d12e398855c7ec21c37f006737197d7c69d6f83e1b52df70b23826cf8f91,frozen run_specs plus configuration-labelled raw_final records,MEL-melbourne-1465759-0-1,1.3205356687528744,0,0,30.0,PASS,True,data/submission/raw_final.csv,False,128.23857429996133
Development,MEL-melbourne-1465759-0-1|qp12,historical,14.0,0-29,30,30,True,True,True,6f98d12e398855c7ec21c37f006737197d7c69d6f83e1b52df70b23826cf8f91,frozen run_specs plus configuration-labelled raw_final records,MEL-melbourne-1465759-0-1,1.3205356687528744,0,0,29.0,PASS,True,data/submission/raw_final.csv,False,127.28125309874304
Development,MEL-melbourne-1465759-0-1|qp12,historical,15.0,0-29,30,30,True,True,True,6f98d12e398855c7ec21c37f006737197d7c69d6f83e1b52df70b23826cf8f91,frozen run_specs plus configuration-labelled raw_final records,MEL-melbourne-1465759-0-1,1.3205356687528744,0,0,28.0,FAIL,True,data/submission/raw_final.csv,False,169.7360131999012
Development,MEL-melbourne-1465759-0-1|qp12,historical,18.0,0-29,30,30,True,True,True,6f98d12e398855c7ec21c37f006737197d7c69d6f83e1b52df70b23826cf8f91,frozen run_specs plus configuration-labelled raw_final records,MEL-melbourne-1465759-0-1,1.3205356687528744,0,0,24.0,FAIL,True,data/submission/raw_final.csv,False,185.9482686009724
Development,MEL-melbourne-1465759-0-1|qp12,historical,20.0,0-29,30,30,True,True,True,6f98d12e398855c7ec21c37f006737197d7c69d6f83e1b52df70b23826cf8f91,frozen run_specs plus configuration-labelled raw_final records,MEL-melbourne-1465759-0-1,1.3205356687528744,0,0,21.0,FAIL,True,data/submission/raw_final.csv,False,173.72253280039877
Development,MEL-melbourne-1465759-0-1|qp28,historical,0.0,0-29,30,30,True,True,True,837ff5abfb80fbf413a9e1270845949a2c41a62d28d2c05b91c40d9b7caa3d4c,frozen run_specs plus configuration-labelled raw_final records,MEL-melbourne-1465759-0-1,1.2625327827046584,0,0,30.0,PASS,True,data/submission/raw_final.csv,False,175.01539249974303
Development,MEL-melbourne-1465759-0-1|qp28,historical,0.0,10000-10029,30,30,True,True,True,837ff5abfb80fbf413a9e1270845949a2c41a62d28d2c05b91c40d9b7caa3d4c,frozen run_specs plus configuration-labelled raw_final records,MEL-melbourne-1465759-0-1,1.2608587206591977,0,0,30.0,PASS,True,new package,True,99.74254970008042
Development,MEL-melbourne-1465759-0-1|qp28,historical,1.0,0-29,30,30,True,True,True,837ff5abfb80fbf413a9e1270845949a2c41a62d28d2c05b91c40d9b7caa3d4c,frozen run_specs plus configuration-labelled raw_final records,MEL-melbourne-1465759-0-1,1.2625327827046584,0,0,30.0,PASS,True,data/submission/raw_final.csv,False,153.5390928001143
Development,MEL-melbourne-1465759-0-1|qp28,historical,1.0,10000-10029,30,30,True,True,True,837ff5abfb80fbf413a9e1270845949a2c41a62d28d2c05b91c40d9b7caa3d4c,frozen run_specs plus configuration-labelled raw_final records,MEL-melbourne-1465759-0-1,1.2608587206591977,0,0,30.0,PASS,True,new package,True,103.5041043998208
Development,MEL-melbourne-1465759-0-1|qp28,historical,2.0,0-29,30,30,True,True,True,837ff5abfb80fbf413a9e1270845949a2c41a62d28d2c05b91c40d9b7caa3d4c,frozen run_specs plus configuration-labelled raw_final records,MEL-melbourne-1465759-0-1,1.2625327827046584,0,0,30.0,PASS,True,data/submission/raw_final.csv,False,176.98507920117115
Development,MEL-melbourne-1465759-0-1|qp28,historical,3.0,0-29,30,30,True,True,True,837ff5abfb80fbf413a9e1270845949a2c41a62d28d2c05b91c40d9b7caa3d4c,frozen run_specs plus configuration-labelled raw_final records,MEL-melbourne-1465759-0-1,1.2625327827046584,0,0,30.0,PASS,True,data/submission/raw_final.csv,False,178.71559120016173
Development,MEL-melbourne-1465759-0-1|qp28,historical,4.0,0-29,30,30,True,True,True,837ff5abfb80fbf413a9e1270845949a2c41a62d28d2c05b91c40d9b7caa3d4c,frozen run_specs plus configuration-labelled raw_final records,MEL-melbourne-1465759-0-1,1.2625327827046584,0,0,30.0,PASS,True,data/submission/raw_final.csv,False,183.61502510029823
Development,MEL-melbourne-1465759-0-1|qp28,historical,5.0,0-29,30,30,True,True,True,837ff5abfb80fbf413a9e1270845949a2c41a62d28d2c05b91c40d9b7caa3d4c,frozen run_specs plus configuration-labelled raw_final records,MEL-melbourne-1465759-0-1,1.2625327827046584,0,0,30.0,PASS,True,data/submission/raw_final.csv,False,191.8149897996336
Development,MEL-melbourne-1465759-0-1|qp28,historical,5.0,10000-10029,30,30,True,True,True,837ff5abfb80fbf413a9e1270845949a2c41a62d28d2c05b91c40d9b7caa3d4c,frozen run_specs plus configuration-labelled raw_final records,MEL-melbourne-1465759-0-1,1.2608587206591977,0,0,30.0,PASS,True,new package,True,119.95967349997954
Development,MEL-melbourne-1465759-0-1|qp28,historical,6.0,0-29,30,30,True,True,True,837ff5abfb80fbf413a9e1270845949a2c41a62d28d2c05b91c40d9b7caa3d4c,frozen run_specs plus configuration-labelled raw_final records,MEL-melbourne-1465759-0-1,1.2625327827046584,0,0,30.0,PASS,True,data/submission/raw_final.csv,False,199.06362670008093
Development,MEL-melbourne-1465759-0-1|qp28,historical,8.0,0-29,30,30,True,True,True,837ff5abfb80fbf413a9e1270845949a2c41a62d28d2c05b91c40d9b7caa3d4c,frozen run_specs plus configuration-labelled raw_final records,MEL-melbourne-1465759-0-1,1.2625327827046584,0,0,30.0,PASS,True,data/submission/raw_final.csv,False,212.1652600003872
Development,MEL-melbourne-1465759-0-1|qp28,historical,10.0,0-29,30,30,True,True,True,837ff5abfb80fbf413a9e1270845949a2c41a62d28d2c05b91c40d9b7caa3d4c,frozen run_specs plus configuration-labelled raw_final records,MEL-melbourne-1465759-0-1,1.2625327827046584,0,0,30.0,PASS,True,data/submission/raw_final.csv,False,229.46139619965103
Development,MEL-melbourne-1465759-0-1|qp28,historical,11.0,0-29,30,30,True,True,True,837ff5abfb80fbf413a9e1270845949a2c41a62d28d2c05b91c40d9b7caa3d4c,frozen run_specs plus configuration-labelled raw_final records,MEL-melbourne-1465759-0-1,1.2625327827046584,0,0,26.0,FAIL,True,data/submission/raw_final.csv,False,203.34314889949744
Development,MEL-melbourne-1465759-0-1|qp28,historical,12.0,0-29,30,30,True,True,True,837ff5abfb80fbf413a9e1270845949a2c41a62d28d2c05b91c40d9b7caa3d4c,frozen run_specs plus configuration-labelled raw_final records,MEL-melbourne-1465759-0-1,1.2625327827046584,0,0,25.0,FAIL,True,data/submission/raw_final.csv,False,238.2834660988301
Development,MEL-melbourne-1465759-0-1|qp28,historical,15.0,0-29,30,30,True,True,True,837ff5abfb80fbf413a9e1270845949a2c41a62d28d2c05b91c40d9b7caa3d4c,frozen run_specs plus configuration-labelled raw_final records,MEL-melbourne-1465759-0-1,1.2625327827046584,0,0,14.0,FAIL,True,data/submission/raw_final.csv,False,282.72698609973304
Development,MEL-melbourne-1477330-0-0|qp22,historical,0.0,0-29,30,30,True,True,True,a08a2ac6fb807acb37af5ea02ee5e1e42e24bca008a5e71ecdfe62cac9c725e9,frozen run_specs plus configuration-labelled raw_final records,MEL-melbourne-1477330-0-0,1.2393897009257189,0,0,30.0,PASS,True,data/submission/raw_final.csv,False,135.21211839979514
Development,MEL-melbourne-1477330-0-0|qp22,historical,1.0,0-29,30,30,True,True,True,a08a2ac6fb807acb37af5ea02ee5e1e42e24bca008a5e71ecdfe62cac9c725e9,frozen run_specs plus configuration-labelled raw_final records,MEL-melbourne-1477330-0-0,1.2393897009257189,0,0,30.0,PASS,True,data/submission/raw_final.csv,False,137.62899149977602
Development,MEL-melbourne-1477330-0-0|qp22,historical,2.0,0-29,30,30,True,True,True,a08a2ac6fb807acb37af5ea02ee5e1e42e24bca008a5e71ecdfe62cac9c725e9,frozen run_specs plus configuration-labelled raw_final records,MEL-melbourne-1477330-0-0,1.2393897009257189,0,0,30.0,PASS,True,data/submission/raw_final.csv,False,145.27096029976383
Development,MEL-melbourne-1477330-0-0|qp22,historical,3.0,0-29,30,30,True,True,True,a08a2ac6fb807acb37af5ea02ee5e1e42e24bca008a5e71ecdfe62cac9c725e9,frozen run_specs plus configuration-labelled raw_final records,MEL-melbourne-1477330-0-0,1.2393897009257189,0,0,30.0,PASS,True,data/submission/raw_final.csv,False,150.7231379011646
Development,MEL-melbourne-1477330-0-0|qp22,historical,4.0,0-29,30,30,True,True,True,a08a2ac6fb807acb37af5ea02ee5e1e42e24bca008a5e71ecdfe62cac9c725e9,frozen run_specs plus configuration-labelled raw_final records,MEL-melbourne-1477330-0-0,1.2393897009257189,0,0,30.0,PASS,True,data/submission/raw_final.csv,False,156.27252420037985
Development,MEL-melbourne-1477330-0-0|qp22,historical,5.0,0-29,30,30,True,True,True,a08a2ac6fb807acb37af5ea02ee5e1e42e24bca008a5e71ecdfe62cac9c725e9,frozen run_specs plus configuration-labelled raw_final records,MEL-melbourne-1477330-0-0,1.2393897009257189,0,0,28.0,FAIL,True,data/submission/raw_final.csv,False,166.16549409995787
Development,MEL-melbourne-1477330-0-0|qp22,historical,6.0,0-29,30,30,True,True,True,a08a2ac6fb807acb37af5ea02ee5e1e42e24bca008a5e71ecdfe62cac9c725e9,frozen run_specs plus configuration-labelled raw_final records,MEL-melbourne-1477330-0-0,1.2393897009257189,0,0,27.0,FAIL,True,data/submission/raw_final.csv,False,173.75197400106117
Development,MEL-melbourne-1477330-0-0|qp22,historical,8.0,0-29,30,30,True,True,True,a08a2ac6fb807acb37af5ea02ee5e1e42e24bca008a5e71ecdfe62cac9c725e9,frozen run_specs plus configuration-labelled raw_final records,MEL-melbourne-1477330-0-0,1.2393897009257189,0,0,22.0,FAIL,True,data/submission/raw_final.csv,False,184.72270629997365
Development,MEL-melbourne-1477330-0-0|qp22,historical,10.0,0-29,30,30,True,True,True,a08a2ac6fb807acb37af5ea02ee5e1e42e24bca008a5e71ecdfe62cac9c725e9,frozen run_specs plus configuration-labelled raw_final records,MEL-melbourne-1477330-0-0,1.2393897009257189,0,0,7.0,FAIL,True,data/submission/raw_final.csv,False,206.29392499965616
Development,MEL-melbourne-1477330-0-0|qp9,historical,0.0,0-29,30,30,True,True,True,089a9e0d463388494a79e0f07d8bf71350bd00d323757c828c5b71db3bf8166f,frozen run_specs plus configuration-labelled raw_final records,MEL-melbourne-1477330-0-0,1.3201843373368738,0,0,30.0,PASS,True,data/submission/raw_final.csv,False,79.47251439932734
Development,MEL-melbourne-1477330-0-0|qp9,historical,0.0,10000-10029,30,30,True,True,True,089a9e0d463388494a79e0f07d8bf71350bd00d323757c828c5b71db3bf8166f,frozen run_specs plus configuration-labelled raw_final records,MEL-melbourne-1477330-0-0,1.3130650920832927,0,0,30.0,PASS,True,new package,True,36.07051479999791
Development,MEL-melbourne-1477330-0-0|qp9,historical,1.0,0-29,30,30,True,True,True,089a9e0d463388494a79e0f07d8bf71350bd00d323757c828c5b71db3bf8166f,frozen run_specs plus configuration-labelled raw_final records,MEL-melbourne-1477330-0-0,1.3201843373368738,0,0,30.0,PASS,True,data/submission/raw_final.csv,False,79.93000620091334
Development,MEL-melbourne-1477330-0-0|qp9,historical,2.0,0-29,30,30,True,True,True,089a9e0d463388494a79e0f07d8bf71350bd00d323757c828c5b71db3bf8166f,frozen run_specs plus configuration-labelled raw_final records,MEL-melbourne-1477330-0-0,1.3201843373368738,0,0,30.0,PASS,True,data/submission/raw_final.csv,False,77.85690320003778
Development,MEL-melbourne-1477330-0-0|qp9,historical,3.0,0-29,30,30,True,True,True,089a9e0d463388494a79e0f07d8bf71350bd00d323757c828c5b71db3bf8166f,frozen run_specs plus configuration-labelled raw_final records,MEL-melbourne-1477330-0-0,1.3201843373368738,0,0,30.0,PASS,True,data/submission/raw_final.csv,False,82.36147479969077
Development,MEL-melbourne-1477330-0-0|qp9,historical,4.0,0-29,30,30,True,True,True,089a9e0d463388494a79e0f07d8bf71350bd00d323757c828c5b71db3bf8166f,frozen run_specs plus configuration-labelled raw_final records,MEL-melbourne-1477330-0-0,1.3201843373368738,0,0,30.0,PASS,True,data/submission/raw_final.csv,False,85.56320959934965
Development,MEL-melbourne-1477330-0-0|qp9,historical,5.0,0-29,30,30,True,True,True,089a9e0d463388494a79e0f07d8bf71350bd00d323757c828c5b71db3bf8166f,frozen run_specs plus configuration-labelled raw_final records,MEL-melbourne-1477330-0-0,1.3201843373368738,0,0,30.0,PASS,True,data/submission/raw_final.csv,False,90.05641189962626
Development,MEL-melbourne-1477330-0-0|qp9,historical,6.0,0-29,30,30,True,True,True,089a9e0d463388494a79e0f07d8bf71350bd00d323757c828c5b71db3bf8166f,frozen run_specs plus configuration-labelled raw_final records,MEL-melbourne-1477330-0-0,1.3201843373368738,0,0,29.0,PASS,True,data/submission/raw_final.csv,False,96.94368809950538
Development,MEL-melbourne-1477330-0-0|qp9,historical,6.0,10000-10029,30,30,True,True,True,089a9e0d463388494a79e0f07d8bf71350bd00d323757c828c5b71db3bf8166f,frozen run_specs plus configuration-labelled raw_final records,MEL-melbourne-1477330-0-0,1.3130650920832927,0,0,30.0,PASS,True,new package,True,55.42258300003596
Development,MEL-melbourne-1477330-0-0|qp9,historical,7.0,0-29,30,30,True,True,True,089a9e0d463388494a79e0f07d8bf71350bd00d323757c828c5b71db3bf8166f,frozen run_specs plus configuration-labelled raw_final records,MEL-melbourne-1477330-0-0,1.3201843373368738,0,0,29.0,PASS,True,data/submission/raw_final.csv,False,69.50299999979325
Development,MEL-melbourne-1477330-0-0|qp9,historical,8.0,0-29,30,30,True,True,True,089a9e0d463388494a79e0f07d8bf71350bd00d323757c828c5b71db3bf8166f,frozen run_specs plus configuration-labelled raw_final records,MEL-melbourne-1477330-0-0,1.3201843373368738,0,0,29.0,PASS,True,data/submission/raw_final.csv,False,107.37424449971876
Development,MEL-melbourne-1477330-0-0|qp9,historical,8.0,10000-10029,30,30,True,True,True,089a9e0d463388494a79e0f07d8bf71350bd00d323757c828c5b71db3bf8166f,frozen run_specs plus configuration-labelled raw_final records,MEL-melbourne-1477330-0-0,1.3130650920832927,0,0,27.0,FAIL,True,new package,True,61.21363089993247
Development,MEL-melbourne-1477330-0-0|qp9,historical,9.0,0-29,30,30,True,True,True,089a9e0d463388494a79e0f07d8bf71350bd00d323757c828c5b71db3bf8166f,frozen run_specs plus configuration-labelled raw_final records,MEL-melbourne-1477330-0-0,1.3201843373368738,0,0,26.0,FAIL,True,data/submission/raw_final.csv,False,102.86078149988316
Development,MEL-melbourne-1477330-0-0|qp9,historical,10.0,0-29,30,30,True,True,True,089a9e0d463388494a79e0f07d8bf71350bd00d323757c828c5b71db3bf8166f,frozen run_specs plus configuration-labelled raw_final records,MEL-melbourne-1477330-0-0,1.3201843373368738,0,0,28.0,FAIL,True,data/submission/raw_final.csv,False,113.97696910006924
Development,MEL-melbourne-1477330-0-0|qp9,historical,12.0,0-29,30,30,True,True,True,089a9e0d463388494a79e0f07d8bf71350bd00d323757c828c5b71db3bf8166f,frozen run_specs plus configuration-labelled raw_final records,MEL-melbourne-1477330-0-0,1.3201843373368738,0,0,22.0,FAIL,True,data/submission/raw_final.csv,False,128.31352930143476
Development,MEL-melbourne-1477330-0-0|qp9,historical,15.0,0-29,30,30,True,True,True,089a9e0d463388494a79e0f07d8bf71350bd00d323757c828c5b71db3bf8166f,frozen run_specs plus configuration-labelled raw_final records,MEL-melbourne-1477330-0-0,1.3201843373368738,0,0,17.0,FAIL,True,data/submission/raw_final.csv,False,153.25517729949206
Development,MEL-melbourne-1477330-0-0|qp9,historical,18.0,0-29,30,30,True,True,True,089a9e0d463388494a79e0f07d8bf71350bd00d323757c828c5b71db3bf8166f,frozen run_specs plus configuration-labelled raw_final records,MEL-melbourne-1477330-0-0,1.3201843373368738,0,0,6.0,FAIL,True,data/submission/raw_final.csv,False,176.87066419888288
Development,MEL-melbourne-1515142-0-0|qp26,historical,0.0,0-29,30,30,True,True,False,,no preserved run_spec,MEL-melbourne-1515142-0-0,,0,0,,MISSING_CONFIGURATION_PROOF,False,data/submission/raw_final.csv,False,176.72887689922936
Development,MEL-melbourne-1515142-0-0|qp26,historical,1.0,0-29,30,30,True,True,False,,no preserved run_spec,MEL-melbourne-1515142-0-0,,0,0,,MISSING_CONFIGURATION_PROOF,False,data/submission/raw_final.csv,False,158.47392000001855
Development,MEL-melbourne-1515142-0-0|qp26,historical,2.0,0-29,30,30,True,True,False,,no preserved run_spec,MEL-melbourne-1515142-0-0,,0,0,,MISSING_CONFIGURATION_PROOF,False,data/submission/raw_final.csv,False,167.26859339978546
Development,MEL-melbourne-1515142-0-0|qp26,historical,3.0,0-29,30,30,True,True,False,,no preserved run_spec,MEL-melbourne-1515142-0-0,,0,0,,MISSING_CONFIGURATION_PROOF,False,data/submission/raw_final.csv,False,166.7710402002558
Development,MEL-melbourne-1515142-0-0|qp26,historical,4.0,0-29,30,30,True,True,False,,no preserved run_spec,MEL-melbourne-1515142-0-0,,0,0,,MISSING_CONFIGURATION_PROOF,False,data/submission/raw_final.csv,False,173.306357199559
Development,MEL-melbourne-1515142-0-0|qp26,historical,5.0,0-29,30,30,True,True,False,,no preserved run_spec,MEL-melbourne-1515142-0-0,,0,0,,MISSING_CONFIGURATION_PROOF,False,data/submission/raw_final.csv,False,182.76391299976967
Development,MEL-melbourne-1515142-0-0|qp26,historical,6.0,0-29,30,30,True,True,False,,no preserved run_spec,MEL-melbourne-1515142-0-0,,0,0,,MISSING_CONFIGURATION_PROOF,False,data/submission/raw_final.csv,False,186.49263820052147
Development,MEL-melbourne-1515142-0-0|qp26,historical,8.0,0-29,30,30,True,True,False,,no preserved run_spec,MEL-melbourne-1515142-0-0,,0,0,,MISSING_CONFIGURATION_PROOF,False,data/submission/raw_final.csv,False,203.5180710996501
Development,MEL-melbourne-1515142-0-0|qp26,historical,10.0,0-29,30,30,True,True,False,,no preserved run_spec,MEL-melbourne-1515142-0-0,,0,0,,MISSING_CONFIGURATION_PROOF,False,data/submission/raw_final.csv,False,212.00121160084385
Development,MEL-melbourne-1515142-0-0|qp26,historical,12.0,0-29,30,30,True,True,False,,no preserved run_spec,MEL-melbourne-1515142-0-0,,0,0,,MISSING_CONFIGURATION_PROOF,False,data/submission/raw_final.csv,False,227.6284821997397
Development,MEL-melbourne-1515142-0-0|qp26,historical,15.0,0-29,30,30,True,True,False,,no preserved run_spec,MEL-melbourne-1515142-0-0,,0,0,,MISSING_CONFIGURATION_PROOF,False,data/submission/raw_final.csv,False,262.23095849948004
Development,MEL-melbourne-1515142-0-0|qp26,historical,18.0,0-29,30,30,True,True,False,,no preserved run_spec,MEL-melbourne-1515142-0-0,,0,0,,MISSING_CONFIGURATION_PROOF,False,data/submission/raw_final.csv,False,292.8739909003489
Development,MEL-melbourne-1515142-0-0|qp26,historical,19.0,0-29,30,30,True,True,False,,no preserved run_spec,MEL-melbourne-1515142-0-0,,0,0,,MISSING_CONFIGURATION_PROOF,False,data/submission/raw_final.csv,False,250.19349439977668
Development,MEL-melbourne-1515142-0-0|qp26,historical,20.0,0-29,30,30,True,True,False,,no preserved run_spec,MEL-melbourne-1515142-0-0,,0,0,,MISSING_CONFIGURATION_PROOF,False,data/submission/raw_final.csv,False,253.1970571000129
Development,MEL-melbourne-1515142-0-0|qp62,historical,0.0,0-29,30,30,True,True,False,,no preserved run_spec,MEL-melbourne-1515142-0-0,,0,0,,MISSING_CONFIGURATION_PROOF,False,data/submission/raw_final.csv,False,364.7831096989103
Development,MEL-melbourne-1515142-0-0|qp62,historical,1.0,0-29,30,30,True,True,False,,no preserved run_spec,MEL-melbourne-1515142-0-0,,0,0,,MISSING_CONFIGURATION_PROOF,False,data/submission/raw_final.csv,False,406.6446141002234
Development,MEL-melbourne-1515142-0-0|qp62,historical,2.0,0-29,30,30,True,True,False,,no preserved run_spec,MEL-melbourne-1515142-0-0,,0,0,,MISSING_CONFIGURATION_PROOF,False,data/submission/raw_final.csv,False,391.4281722996384
Development,MEL-melbourne-1515142-0-0|qp62,historical,3.0,0-29,30,30,True,True,False,,no preserved run_spec,MEL-melbourne-1515142-0-0,,0,0,,MISSING_CONFIGURATION_PROOF,False,data/submission/raw_final.csv,False,401.6278542005457
Development,MEL-melbourne-1515142-0-0|qp62,historical,4.0,0-29,30,30,True,True,False,,no preserved run_spec,MEL-melbourne-1515142-0-0,,0,0,,MISSING_CONFIGURATION_PROOF,False,data/submission/raw_final.csv,False,408.5371838996653
Development,MEL-melbourne-1515142-0-0|qp62,historical,5.0,0-29,30,30,True,True,False,,no preserved run_spec,MEL-melbourne-1515142-0-0,,0,0,,MISSING_CONFIGURATION_PROOF,False,data/submission/raw_final.csv,False,454.81232350016944
Development,MEL-melbourne-1515142-0-0|qp62,historical,6.0,0-29,30,30,True,True,False,,no preserved run_spec,MEL-melbourne-1515142-0-0,,0,0,,MISSING_CONFIGURATION_PROOF,False,data/submission/raw_final.csv,False,418.10912640043534
Development,MEL-melbourne-1515142-0-0|qp62,historical,7.0,0-29,30,30,True,True,False,,no preserved run_spec,MEL-melbourne-1515142-0-0,,0,0,,MISSING_CONFIGURATION_PROOF,False,data/submission/raw_final.csv,False,450.324836499989
Development,MEL-melbourne-1515142-0-0|qp62,historical,8.0,0-29,30,30,True,True,False,,no preserved run_spec,MEL-melbourne-1515142-0-0,,0,0,,MISSING_CONFIGURATION_PROOF,False,data/submission/raw_final.csv,False,451.867680700263
Development,MEL-melbourne-1515142-0-0|qp62,historical,10.0,0-29,30,30,True,True,False,,no preserved run_spec,MEL-melbourne-1515142-0-0,,0,0,,MISSING_CONFIGURATION_PROOF,False,data/submission/raw_final.csv,False,476.17714950139634
Development,MEL-melbourne-1515142-0-0|qp62,historical,12.0,0-29,30,30,True,True,False,,no preserved run_spec,MEL-melbourne-1515142-0-0,,0,0,,MISSING_CONFIGURATION_PROOF,False,data/submission/raw_final.csv,False,526.9951960009057
Development,MEL-melbourne-RPSP02B11034-0-0|qp22,historical,0.0,0-29,30,30,True,True,True,9670145f308dbfd6ee761f373ccb4d66a23e0995232c03fd89f49f74643205dc,frozen run_specs plus configuration-labelled raw_final records,MEL-melbourne-RPSP02B11034-0-0,1.235033477082988,0,0,30.0,PASS,True,data/submission/raw_final.csv,False,147.841266999254
Development,MEL-melbourne-RPSP02B11034-0-0|qp22,historical,1.0,0-29,30,30,True,True,True,9670145f308dbfd6ee761f373ccb4d66a23e0995232c03fd89f49f74643205dc,frozen run_specs plus configuration-labelled raw_final records,MEL-melbourne-RPSP02B11034-0-0,1.235033477082988,0,0,30.0,PASS,True,data/submission/raw_final.csv,False,145.47221529996023
Development,MEL-melbourne-RPSP02B11034-0-0|qp22,historical,2.0,0-29,30,30,True,True,True,9670145f308dbfd6ee761f373ccb4d66a23e0995232c03fd89f49f74643205dc,frozen run_specs plus configuration-labelled raw_final records,MEL-melbourne-RPSP02B11034-0-0,1.235033477082988,0,0,30.0,PASS,True,data/submission/raw_final.csv,False,155.3314332002774
Development,MEL-melbourne-RPSP02B11034-0-0|qp22,historical,3.0,0-29,30,30,True,True,True,9670145f308dbfd6ee761f373ccb4d66a23e0995232c03fd89f49f74643205dc,frozen run_specs plus configuration-labelled raw_final records,MEL-melbourne-RPSP02B11034-0-0,1.235033477082988,0,0,30.0,PASS,True,data/submission/raw_final.csv,False,156.4205403001979
Development,MEL-melbourne-RPSP02B11034-0-0|qp22,historical,4.0,0-29,30,30,True,True,True,9670145f308dbfd6ee761f373ccb4d66a23e0995232c03fd89f49f74643205dc,frozen run_specs plus configuration-labelled raw_final records,MEL-melbourne-RPSP02B11034-0-0,1.235033477082988,0,0,30.0,PASS,True,data/submission/raw_final.csv,False,163.9529600001406
Development,MEL-melbourne-RPSP02B11034-0-0|qp22,historical,5.0,0-29,30,30,True,True,True,9670145f308dbfd6ee761f373ccb4d66a23e0995232c03fd89f49f74643205dc,frozen run_specs plus configuration-labelled raw_final records,MEL-melbourne-RPSP02B11034-0-0,1.235033477082988,0,0,29.0,PASS,True,data/submission/raw_final.csv,False,175.9400648009032
Development,MEL-melbourne-RPSP02B11034-0-0|qp22,historical,6.0,0-29,30,30,True,True,True,9670145f308dbfd6ee761f373ccb4d66a23e0995232c03fd89f49f74643205dc,frozen run_specs plus configuration-labelled raw_final records,MEL-melbourne-RPSP02B11034-0-0,1.235033477082988,0,0,30.0,PASS,True,data/submission/raw_final.csv,False,179.3112186002545
Development,MEL-melbourne-RPSP02B11034-0-0|qp22,historical,7.0,0-29,30,30,True,True,True,9670145f308dbfd6ee761f373ccb4d66a23e0995232c03fd89f49f74643205dc,frozen run_specs plus configuration-labelled raw_final records,MEL-melbourne-RPSP02B11034-0-0,1.235033477082988,0,0,23.0,FAIL,True,data/submission/raw_final.csv,False,183.6876535997726
Development,MEL-melbourne-RPSP02B11034-0-0|qp22,historical,8.0,0-29,30,30,True,True,True,9670145f308dbfd6ee761f373ccb4d66a23e0995232c03fd89f49f74643205dc,frozen run_specs plus configuration-labelled raw_final records,MEL-melbourne-RPSP02B11034-0-0,1.235033477082988,0,0,18.0,FAIL,True,data/submission/raw_final.csv,False,221.30784290051088
Development,MEL-melbourne-RPSP02B11034-0-0|qp9,historical,0.0,0-29,30,30,True,True,True,e0f940c8c643d85937e78604d9827a91d64058474ea970827dcf55e77e453e19,frozen run_specs plus configuration-labelled raw_final records,MEL-melbourne-RPSP02B11034-0-0,1.315305723974853,0,0,30.0,PASS,True,data/submission/raw_final.csv,False,82.49909889930859
Development,MEL-melbourne-RPSP02B11034-0-0|qp9,historical,1.0,0-29,30,30,True,True,True,e0f940c8c643d85937e78604d9827a91d64058474ea970827dcf55e77e453e19,frozen run_specs plus configuration-labelled raw_final records,MEL-melbourne-RPSP02B11034-0-0,1.315305723974853,0,0,30.0,PASS,True,data/submission/raw_final.csv,False,79.83848040015437
Development,MEL-melbourne-RPSP02B11034-0-0|qp9,historical,2.0,0-29,30,30,True,True,True,e0f940c8c643d85937e78604d9827a91d64058474ea970827dcf55e77e453e19,frozen run_specs plus configuration-labelled raw_final records,MEL-melbourne-RPSP02B11034-0-0,1.315305723974853,0,0,30.0,PASS,True,data/submission/raw_final.csv,False,82.32260320032947
Development,MEL-melbourne-RPSP02B11034-0-0|qp9,historical,3.0,0-29,30,30,True,True,True,e0f940c8c643d85937e78604d9827a91d64058474ea970827dcf55e77e453e19,frozen run_specs plus configuration-labelled raw_final records,MEL-melbourne-RPSP02B11034-0-0,1.315305723974853,0,0,30.0,PASS,True,data/submission/raw_final.csv,False,85.3641396004241
Development,MEL-melbourne-RPSP02B11034-0-0|qp9,historical,4.0,0-29,30,30,True,True,True,e0f940c8c643d85937e78604d9827a91d64058474ea970827dcf55e77e453e19,frozen run_specs plus configuration-labelled raw_final records,MEL-melbourne-RPSP02B11034-0-0,1.315305723974853,0,0,30.0,PASS,True,data/submission/raw_final.csv,False,92.03323389939032
Development,MEL-melbourne-RPSP02B11034-0-0|qp9,historical,5.0,0-29,30,30,True,True,True,e0f940c8c643d85937e78604d9827a91d64058474ea970827dcf55e77e453e19,frozen run_specs plus configuration-labelled raw_final records,MEL-melbourne-RPSP02B11034-0-0,1.315305723974853,0,0,30.0,PASS,True,data/submission/raw_final.csv,False,96.96936440095304
Development,MEL-melbourne-RPSP02B11034-0-0|qp9,historical,6.0,0-29,30,30,True,True,True,e0f940c8c643d85937e78604d9827a91d64058474ea970827dcf55e77e453e19,frozen run_specs plus configuration-labelled raw_final records,MEL-melbourne-RPSP02B11034-0-0,1.315305723974853,0,0,30.0,PASS,True,data/submission/raw_final.csv,False,101.49990609963425
Development,MEL-melbourne-RPSP02B11034-0-0|qp9,historical,7.0,0-29,30,30,True,True,True,e0f940c8c643d85937e78604d9827a91d64058474ea970827dcf55e77e453e19,frozen run_specs plus configuration-labelled raw_final records,MEL-melbourne-RPSP02B11034-0-0,1.315305723974853,0,0,30.0,PASS,True,data/submission/raw_final.csv,False,57.03300000075251
Development,MEL-melbourne-RPSP02B11034-0-0|qp9,historical,8.0,0-29,30,30,True,True,True,e0f940c8c643d85937e78604d9827a91d64058474ea970827dcf55e77e453e19,frozen run_specs plus configuration-labelled raw_final records,MEL-melbourne-RPSP02B11034-0-0,1.315305723974853,0,0,30.0,PASS,True,data/submission/raw_final.csv,False,113.41842030081898
Development,MEL-melbourne-RPSP02B11034-0-0|qp9,historical,10.0,0-29,30,30,True,True,True,e0f940c8c643d85937e78604d9827a91d64058474ea970827dcf55e77e453e19,frozen run_specs plus configuration-labelled raw_final records,MEL-melbourne-RPSP02B11034-0-0,1.315305723974853,0,0,29.0,PASS,True,data/submission/raw_final.csv,False,119.95151099865323
Development,MEL-melbourne-RPSP02B11034-0-0|qp9,historical,11.0,0-29,30,30,True,True,True,e0f940c8c643d85937e78604d9827a91d64058474ea970827dcf55e77e453e19,frozen run_specs plus configuration-labelled raw_final records,MEL-melbourne-RPSP02B11034-0-0,1.315305723974853,0,0,21.0,FAIL,True,data/submission/raw_final.csv,False,125.44363109976985
Development,MEL-melbourne-RPSP02B11034-0-0|qp9,historical,12.0,0-29,30,30,True,True,True,e0f940c8c643d85937e78604d9827a91d64058474ea970827dcf55e77e453e19,frozen run_specs plus configuration-labelled raw_final records,MEL-melbourne-RPSP02B11034-0-0,1.315305723974853,0,0,20.0,FAIL,True,data/submission/raw_final.csv,False,139.4024598998949
Development,MEL-melbourne-RPSP02B11034-0-0|qp9,historical,15.0,0-29,30,30,True,True,True,e0f940c8c643d85937e78604d9827a91d64058474ea970827dcf55e77e453e19,frozen run_specs plus configuration-labelled raw_final records,MEL-melbourne-RPSP02B11034-0-0,1.315305723974853,0,0,17.0,FAIL,True,data/submission/raw_final.csv,False,161.07849940052256
Development,MEL-melbourne-RPSP02B11034-0-0|qp9,historical,18.0,0-29,30,30,True,True,True,e0f940c8c643d85937e78604d9827a91d64058474ea970827dcf55e77e453e19,frozen run_specs plus configuration-labelled raw_final records,MEL-melbourne-RPSP02B11034-0-0,1.315305723974853,0,0,7.0,FAIL,True,data/submission/raw_final.csv,False,189.46380789973773
Development,MEL-melbourne-RPSP03A10434L1-0-0|qp16,historical,0.0,0-29,30,30,True,True,False,,no preserved run_spec,MEL-melbourne-RPSP03A10434L1-0-0,,0,0,,MISSING_CONFIGURATION_PROOF,False,data/submission/raw_final.csv,False,106.39977980032565
Development,MEL-melbourne-RPSP03A10434L1-0-0|qp16,historical,1.0,0-29,30,30,True,True,False,,no preserved run_spec,MEL-melbourne-RPSP03A10434L1-0-0,,0,0,,MISSING_CONFIGURATION_PROOF,False,data/submission/raw_final.csv,False,693.9964278996922
Development,MEL-melbourne-RPSP03A10434L1-0-0|qp7,historical,0.0,0-29,30,30,True,True,False,,no preserved run_spec,MEL-melbourne-RPSP03A10434L1-0-0,,0,0,,MISSING_CONFIGURATION_PROOF,False,data/submission/raw_final.csv,False,67.86022850009613
Development,MEL-melbourne-RPSP03A10434L1-0-0|qp7,historical,1.0,0-29,30,30,True,True,False,,no preserved run_spec,MEL-melbourne-RPSP03A10434L1-0-0,,0,0,,MISSING_CONFIGURATION_PROOF,False,data/submission/raw_final.csv,False,345.48855729959905
Development,MEL-melbourne-RPSP03A10530L1-0-0|qp54,historical,0.0,0-29,30,30,True,True,False,,no preserved run_spec,MEL-melbourne-RPSP03A10530L1-0-0,,0,0,,MISSING_CONFIGURATION_PROOF,False,data/submission/raw_final.csv,False,330.68014110042714
Development,MEL-melbourne-RPSP03A10530L1-0-0|qp54,historical,1.0,0-29,30,30,True,True,False,,no preserved run_spec,MEL-melbourne-RPSP03A10530L1-0-0,,0,0,,MISSING_CONFIGURATION_PROOF,False,data/submission/raw_final.csv,False,343.2345748997759
Development,MEL-melbourne-RPSP03A10530L1-0-0|qp54,historical,2.0,0-29,30,30,True,True,False,,no preserved run_spec,MEL-melbourne-RPSP03A10530L1-0-0,,0,0,,MISSING_CONFIGURATION_PROOF,False,data/submission/raw_final.csv,False,327.94869289943017
Development,MEL-melbourne-RPSP03A10530L1-0-0|qp54,historical,3.0,0-29,30,30,True,True,False,,no preserved run_spec,MEL-melbourne-RPSP03A10530L1-0-0,,0,0,,MISSING_CONFIGURATION_PROOF,False,data/submission/raw_final.csv,False,328.92493679979816
Development,MEL-melbourne-RPSP03A10530L1-0-0|qp54,historical,4.0,0-29,30,30,True,True,False,,no preserved run_spec,MEL-melbourne-RPSP03A10530L1-0-0,,0,0,,MISSING_CONFIGURATION_PROOF,False,data/submission/raw_final.csv,False,351.21626540110447
Development,MEL-melbourne-RPSP03A10530L1-0-0|qp54,historical,5.0,0-29,30,30,True,True,False,,no preserved run_spec,MEL-melbourne-RPSP03A10530L1-0-0,,0,0,,MISSING_CONFIGURATION_PROOF,False,data/submission/raw_final.csv,False,390.6573950999882
Development,MEL-melbourne-RPSP03A10530L1-0-0|qp54,historical,6.0,0-29,30,30,True,True,False,,no preserved run_spec,MEL-melbourne-RPSP03A10530L1-0-0,,0,0,,MISSING_CONFIGURATION_PROOF,False,data/submission/raw_final.csv,False,349.4360170997679
Development,MEL-melbourne-RPSP03A10530L1-0-0|qp54,historical,8.0,0-29,30,30,True,True,False,,no preserved run_spec,MEL-melbourne-RPSP03A10530L1-0-0,,0,0,,MISSING_CONFIGURATION_PROOF,False,data/submission/raw_final.csv,False,374.830340298824
Development,MEL-melbourne-RPSP03A10530L1-0-0|qp54,historical,10.0,0-29,30,30,True,True,False,,no preserved run_spec,MEL-melbourne-RPSP03A10530L1-0-0,,0,0,,MISSING_CONFIGURATION_PROOF,False,data/submission/raw_final.csv,False,418.79867199994624
Development,MEL-melbourne-RPSP03A10530L1-0-0|qp54,historical,11.0,0-29,30,30,True,True,False,,no preserved run_spec,MEL-melbourne-RPSP03A10530L1-0-0,,0,0,,MISSING_CONFIGURATION_PROOF,False,data/submission/raw_final.csv,False,445.3420812997501
Development,MEL-melbourne-RPSP03A10530L1-0-0|qp54,historical,12.0,0-29,30,30,True,True,False,,no preserved run_spec,MEL-melbourne-RPSP03A10530L1-0-0,,0,0,,MISSING_CONFIGURATION_PROOF,False,data/submission/raw_final.csv,False,463.02828059974127
Development,MEL-melbourne-RPSP03A10530L1-0-0|qp90,historical,0.0,0-29,30,30,True,True,False,,no preserved run_spec,MEL-melbourne-RPSP03A10530L1-0-0,,0,0,,MISSING_CONFIGURATION_PROOF,False,data/submission/raw_final.csv,False,598.7376177997794
Development,MEL-melbourne-RPSP03A10530L1-0-0|qp90,historical,1.0,0-29,30,30,True,True,False,,no preserved run_spec,MEL-melbourne-RPSP03A10530L1-0-0,,0,0,,MISSING_CONFIGURATION_PROOF,False,data/submission/raw_final.csv,False,647.9895635999274
Development,MEL-melbourne-RPSP03A10530L1-0-0|qp90,historical,2.0,0-29,30,30,True,True,False,,no preserved run_spec,MEL-melbourne-RPSP03A10530L1-0-0,,0,0,,MISSING_CONFIGURATION_PROOF,False,data/submission/raw_final.csv,False,677.2744031993207
Development,MEL-melbourne-RPSP03A10530L1-0-0|qp90,historical,3.0,0-29,30,30,True,True,False,,no preserved run_spec,MEL-melbourne-RPSP03A10530L1-0-0,,0,0,,MISSING_CONFIGURATION_PROOF,False,data/submission/raw_final.csv,False,698.6007546007168
Development,MEL-melbourne-RPSP03A10530L1-0-0|qp90,historical,4.0,0-29,30,30,True,True,False,,no preserved run_spec,MEL-melbourne-RPSP03A10530L1-0-0,,0,0,,MISSING_CONFIGURATION_PROOF,False,data/submission/raw_final.csv,False,724.7208746003453
Development,MEL-melbourne-RPSP03A10530L1-0-0|qp90,historical,5.0,0-29,30,30,True,True,False,,no preserved run_spec,MEL-melbourne-RPSP03A10530L1-0-0,,0,0,,MISSING_CONFIGURATION_PROOF,False,data/submission/raw_final.csv,False,782.2666006006766
Development,MEL-melbourne-RPSP03A11034L1-0-0|qp16,historical,0.0,0-29,30,30,True,True,False,,no preserved run_spec,MEL-melbourne-RPSP03A11034L1-0-0,,0,0,,MISSING_CONFIGURATION_PROOF,False,data/submission/raw_final.csv,False,117.91703310003504
Development,MEL-melbourne-RPSP03A11034L1-0-0|qp16,historical,1.0,0-29,30,30,True,True,False,,no preserved run_spec,MEL-melbourne-RPSP03A11034L1-0-0,,0,0,,MISSING_CONFIGURATION_PROOF,False,data/submission/raw_final.csv,False,107.24749760050328
Development,MEL-melbourne-RPSP03A11034L1-0-0|qp16,historical,2.0,0-29,30,30,True,True,False,,no preserved run_spec,MEL-melbourne-RPSP03A11034L1-0-0,,0,0,,MISSING_CONFIGURATION_PROOF,False,data/submission/raw_final.csv,False,105.45332710002548
Development,MEL-melbourne-RPSP03A11034L1-0-0|qp16,historical,3.0,0-29,30,30,True,True,False,,no preserved run_spec,MEL-melbourne-RPSP03A11034L1-0-0,,0,0,,MISSING_CONFIGURATION_PROOF,False,data/submission/raw_final.csv,False,107.1571180995088
Development,MEL-melbourne-RPSP03A11034L1-0-0|qp16,historical,4.0,0-29,30,30,True,True,False,,no preserved run_spec,MEL-melbourne-RPSP03A11034L1-0-0,,0,0,,MISSING_CONFIGURATION_PROOF,False,data/submission/raw_final.csv,False,114.1184377009049
Development,MEL-melbourne-RPSP03A11034L1-0-0|qp16,historical,5.0,0-29,30,30,True,True,False,,no preserved run_spec,MEL-melbourne-RPSP03A11034L1-0-0,,0,0,,MISSING_CONFIGURATION_PROOF,False,data/submission/raw_final.csv,False,120.82562440051696
Development,MEL-melbourne-RPSP03A11034L1-0-0|qp16,historical,6.0,0-29,30,30,True,True,False,,no preserved run_spec,MEL-melbourne-RPSP03A11034L1-0-0,,0,0,,MISSING_CONFIGURATION_PROOF,False,data/submission/raw_final.csv,False,123.72778770094736
Development,MEL-melbourne-RPSP03A11034L1-0-0|qp16,historical,8.0,0-29,30,30,True,True,False,,no preserved run_spec,MEL-melbourne-RPSP03A11034L1-0-0,,0,0,,MISSING_CONFIGURATION_PROOF,False,data/submission/raw_final.csv,False,140.03166640060954
Development,MEL-melbourne-RPSP03A11034L1-0-0|qp16,historical,10.0,0-29,30,30,True,True,False,,no preserved run_spec,MEL-melbourne-RPSP03A11034L1-0-0,,0,0,,MISSING_CONFIGURATION_PROOF,False,data/submission/raw_final.csv,False,149.13558890018612
Development,MEL-melbourne-RPSP03A11034L1-0-0|qp16,historical,12.0,0-29,30,30,True,True,False,,no preserved run_spec,MEL-melbourne-RPSP03A11034L1-0-0,,0,0,,MISSING_CONFIGURATION_PROOF,False,data/submission/raw_final.csv,False,169.80762160010636
Development,MEL-melbourne-RPSP03A11034L1-0-0|qp16,historical,15.0,0-29,30,30,True,True,False,,no preserved run_spec,MEL-melbourne-RPSP03A11034L1-0-0,,0,0,,MISSING_CONFIGURATION_PROOF,False,data/submission/raw_final.csv,False,186.21279389970005
Development,MEL-melbourne-RPSP03A11034L1-0-0|qp16,historical,18.0,0-29,30,30,True,True,False,,no preserved run_spec,MEL-melbourne-RPSP03A11034L1-0-0,,0,0,,MISSING_CONFIGURATION_PROOF,False,data/submission/raw_final.csv,False,213.9020850996021
Development,MEL-melbourne-RPSP03A11034L1-0-0|qp16,historical,20.0,0-29,30,30,True,True,False,,no preserved run_spec,MEL-melbourne-RPSP03A11034L1-0-0,,0,0,,MISSING_CONFIGURATION_PROOF,False,data/submission/raw_final.csv,False,192.42921220045537
Development,MEL-melbourne-RPSP03A11034L1-0-0|qp38,historical,0.0,0-29,30,30,True,True,False,,no preserved run_spec,MEL-melbourne-RPSP03A11034L1-0-0,,0,0,,MISSING_CONFIGURATION_PROOF,False,data/submission/raw_final.csv,False,235.6033502004575
Development,MEL-melbourne-RPSP03A11034L1-0-0|qp38,historical,1.0,0-29,30,30,True,True,False,,no preserved run_spec,MEL-melbourne-RPSP03A11034L1-0-0,,0,0,,MISSING_CONFIGURATION_PROOF,False,data/submission/raw_final.csv,False,208.37215840024876
Development,MEL-melbourne-RPSP03A11034L1-0-0|qp38,historical,2.0,0-29,30,30,True,True,False,,no preserved run_spec,MEL-melbourne-RPSP03A11034L1-0-0,,0,0,,MISSING_CONFIGURATION_PROOF,False,data/submission/raw_final.csv,False,213.92651649937036
Development,MEL-melbourne-RPSP03A11034L1-0-0|qp38,historical,3.0,0-29,30,30,True,True,False,,no preserved run_spec,MEL-melbourne-RPSP03A11034L1-0-0,,0,0,,MISSING_CONFIGURATION_PROOF,False,data/submission/raw_final.csv,False,212.7884108000435
Development,MEL-melbourne-RPSP03A11034L1-0-0|qp38,historical,4.0,0-29,30,30,True,True,False,,no preserved run_spec,MEL-melbourne-RPSP03A11034L1-0-0,,0,0,,MISSING_CONFIGURATION_PROOF,False,data/submission/raw_final.csv,False,223.5358218997717
Development,MEL-melbourne-RPSP03A11034L1-0-0|qp38,historical,5.0,0-29,30,30,True,True,False,,no preserved run_spec,MEL-melbourne-RPSP03A11034L1-0-0,,0,0,,MISSING_CONFIGURATION_PROOF,False,data/submission/raw_final.csv,False,247.55999479978345
Development,MEL-melbourne-RPSP03A11034L1-0-0|qp38,historical,6.0,0-29,30,30,True,True,False,,no preserved run_spec,MEL-melbourne-RPSP03A11034L1-0-0,,0,0,,MISSING_CONFIGURATION_PROOF,False,data/submission/raw_final.csv,False,234.0099065003451
Development,MEL-melbourne-RPSP03A11034L1-0-0|qp38,historical,8.0,0-29,30,30,True,True,False,,no preserved run_spec,MEL-melbourne-RPSP03A11034L1-0-0,,0,0,,MISSING_CONFIGURATION_PROOF,False,data/submission/raw_final.csv,False,248.81981079978868
Development,MEL-melbourne-RPSP03A11034L1-0-0|qp38,historical,10.0,0-29,30,30,True,True,False,,no preserved run_spec,MEL-melbourne-RPSP03A11034L1-0-0,,0,0,,MISSING_CONFIGURATION_PROOF,False,data/submission/raw_final.csv,False,274.8750458001159
Development,MEL-melbourne-RPSP03A11034L1-0-0|qp38,historical,12.0,0-29,30,30,True,True,False,,no preserved run_spec,MEL-melbourne-RPSP03A11034L1-0-0,,0,0,,MISSING_CONFIGURATION_PROOF,False,data/submission/raw_final.csv,False,308.84432910056785
Development,MEL-melbourne-RPSP03A11034L1-0-0|qp38,historical,13.0,0-29,30,30,True,True,False,,no preserved run_spec,MEL-melbourne-RPSP03A11034L1-0-0,,0,0,,MISSING_CONFIGURATION_PROOF,False,data/submission/raw_final.csv,False,303.04448389983736
Development,MEL-melbourne-RPSP03A11034L1-0-0|qp38,historical,14.0,0-29,30,30,True,True,False,,no preserved run_spec,MEL-melbourne-RPSP03A11034L1-0-0,,0,0,,MISSING_CONFIGURATION_PROOF,False,data/submission/raw_final.csv,False,313.8059540996328
Development,MEL-melbourne-RPSP03A11034L1-0-0|qp38,historical,15.0,0-29,30,30,True,True,False,,no preserved run_spec,MEL-melbourne-RPSP03A11034L1-0-0,,0,0,,MISSING_CONFIGURATION_PROOF,False,data/submission/raw_final.csv,False,365.7420719002839
Development,MEL-melbourne-RPSP03A11034L1-0-0|qp38,historical,18.0,0-29,30,30,True,True,False,,no preserved run_spec,MEL-melbourne-RPSP03A11034L1-0-0,,0,0,,MISSING_CONFIGURATION_PROOF,False,data/submission/raw_final.csv,False,420.8334356993437
Development,MEL-melbourne-RPSP03A13291L1-0-0|qp5,historical,0.0,0-29,30,30,True,True,False,,no preserved run_spec,MEL-melbourne-RPSP03A13291L1-0-0,,0,0,,MISSING_CONFIGURATION_PROOF,False,data/submission/raw_final.csv,False,356.5220688006375
Development,MEL-melbourne-RPSP03A13291L1-0-0|qp8,historical,0.0,0-29,30,30,True,True,False,,no preserved run_spec,MEL-melbourne-RPSP03A13291L1-0-0,,0,0,,MISSING_CONFIGURATION_PROOF,False,data/submission/raw_final.csv,False,483.0466390000656
Development,MEL-melbourne-RPSP07A11127-0-0|qp16,historical,0.0,0-29,30,30,True,True,False,,no preserved run_spec,MEL-melbourne-RPSP07A11127-0-0,,0,0,,MISSING_CONFIGURATION_PROOF,False,data/submission/raw_final.csv,False,117.36200950061902
Development,MEL-melbourne-RPSP07A11127-0-0|qp16,historical,1.0,0-29,30,30,True,True,False,,no preserved run_spec,MEL-melbourne-RPSP07A11127-0-0,,0,0,,MISSING_CONFIGURATION_PROOF,False,data/submission/raw_final.csv,False,99.0923380004242
Development,MEL-melbourne-RPSP07A11127-0-0|qp16,historical,2.0,0-29,30,30,True,True,False,,no preserved run_spec,MEL-melbourne-RPSP07A11127-0-0,,0,0,,MISSING_CONFIGURATION_PROOF,False,data/submission/raw_final.csv,False,110.64517269982024
Development,MEL-melbourne-RPSP07A11127-0-0|qp16,historical,3.0,0-29,30,30,True,True,False,,no preserved run_spec,MEL-melbourne-RPSP07A11127-0-0,,0,0,,MISSING_CONFIGURATION_PROOF,False,data/submission/raw_final.csv,False,110.92296550003812
Development,MEL-melbourne-RPSP07A11127-0-0|qp16,historical,4.0,0-29,30,30,True,True,False,,no preserved run_spec,MEL-melbourne-RPSP07A11127-0-0,,0,0,,MISSING_CONFIGURATION_PROOF,False,data/submission/raw_final.csv,False,120.45834479993208
Development,MEL-melbourne-RPSP07A11127-0-0|qp16,historical,5.0,0-29,30,30,True,True,False,,no preserved run_spec,MEL-melbourne-RPSP07A11127-0-0,,0,0,,MISSING_CONFIGURATION_PROOF,False,data/submission/raw_final.csv,False,126.3873028997332
Development,MEL-melbourne-RPSP07A11127-0-0|qp16,historical,6.0,0-29,30,30,True,True,False,,no preserved run_spec,MEL-melbourne-RPSP07A11127-0-0,,0,0,,MISSING_CONFIGURATION_PROOF,False,data/submission/raw_final.csv,False,123.00093990145253
Development,MEL-melbourne-RPSP07A11127-0-0|qp16,historical,8.0,0-29,30,30,True,True,False,,no preserved run_spec,MEL-melbourne-RPSP07A11127-0-0,,0,0,,MISSING_CONFIGURATION_PROOF,False,data/submission/raw_final.csv,False,137.1483373993542
Development,MEL-melbourne-RPSP07A11127-0-0|qp16,historical,10.0,0-29,30,30,True,True,False,,no preserved run_spec,MEL-melbourne-RPSP07A11127-0-0,,0,0,,MISSING_CONFIGURATION_PROOF,False,data/submission/raw_final.csv,False,143.6227016998455
Development,MEL-melbourne-RPSP07A11127-0-0|qp16,historical,12.0,0-29,30,30,True,True,False,,no preserved run_spec,MEL-melbourne-RPSP07A11127-0-0,,0,0,,MISSING_CONFIGURATION_PROOF,False,data/submission/raw_final.csv,False,173.00492790085264
Development,MEL-melbourne-RPSP07A11127-0-0|qp16,historical,15.0,0-29,30,30,True,True,False,,no preserved run_spec,MEL-melbourne-RPSP07A11127-0-0,,0,0,,MISSING_CONFIGURATION_PROOF,False,data/submission/raw_final.csv,False,186.7666414005216
Development,MEL-melbourne-RPSP07A11127-0-0|qp16,historical,18.0,0-29,30,30,True,True,False,,no preserved run_spec,MEL-melbourne-RPSP07A11127-0-0,,0,0,,MISSING_CONFIGURATION_PROOF,False,data/submission/raw_final.csv,False,213.40924860001545
Development,MEL-melbourne-RPSP07A11127-0-0|qp16,historical,19.0,0-29,30,30,True,True,False,,no preserved run_spec,MEL-melbourne-RPSP07A11127-0-0,,0,0,,MISSING_CONFIGURATION_PROOF,False,data/submission/raw_final.csv,False,194.6081079996657
Development,MEL-melbourne-RPSP07A11127-0-0|qp16,historical,20.0,0-29,30,30,True,True,False,,no preserved run_spec,MEL-melbourne-RPSP07A11127-0-0,,0,0,,MISSING_CONFIGURATION_PROOF,False,data/submission/raw_final.csv,False,206.46572530060075
Development,MEL-melbourne-RPSP07A11127-0-0|qp38,historical,0.0,0-29,30,30,True,True,False,,no preserved run_spec,MEL-melbourne-RPSP07A11127-0-0,,0,0,,MISSING_CONFIGURATION_PROOF,False,data/submission/raw_final.csv,False,229.84484169911596
Development,MEL-melbourne-RPSP07A11127-0-0|qp38,historical,1.0,0-29,30,30,True,True,False,,no preserved run_spec,MEL-melbourne-RPSP07A11127-0-0,,0,0,,MISSING_CONFIGURATION_PROOF,False,data/submission/raw_final.csv,False,214.79149770061483
Development,MEL-melbourne-RPSP07A11127-0-0|qp38,historical,2.0,0-29,30,30,True,True,False,,no preserved run_spec,MEL-melbourne-RPSP07A11127-0-0,,0,0,,MISSING_CONFIGURATION_PROOF,False,data/submission/raw_final.csv,False,218.1215471997857
Development,MEL-melbourne-RPSP07A11127-0-0|qp38,historical,3.0,0-29,30,30,True,True,False,,no preserved run_spec,MEL-melbourne-RPSP07A11127-0-0,,0,0,,MISSING_CONFIGURATION_PROOF,False,data/submission/raw_final.csv,False,223.31534689920957
Development,MEL-melbourne-RPSP07A11127-0-0|qp38,historical,4.0,0-29,30,30,True,True,False,,no preserved run_spec,MEL-melbourne-RPSP07A11127-0-0,,0,0,,MISSING_CONFIGURATION_PROOF,False,data/submission/raw_final.csv,False,224.4202147005126
Development,MEL-melbourne-RPSP07A11127-0-0|qp38,historical,5.0,0-29,30,30,True,True,False,,no preserved run_spec,MEL-melbourne-RPSP07A11127-0-0,,0,0,,MISSING_CONFIGURATION_PROOF,False,data/submission/raw_final.csv,False,236.18771280022335
Development,MEL-melbourne-RPSP07A11127-0-0|qp38,historical,6.0,0-29,30,30,True,True,False,,no preserved run_spec,MEL-melbourne-RPSP07A11127-0-0,,0,0,,MISSING_CONFIGURATION_PROOF,False,data/submission/raw_final.csv,False,249.31418300024237
Development,MEL-melbourne-RPSP07A11127-0-0|qp38,historical,8.0,0-29,30,30,True,True,False,,no preserved run_spec,MEL-melbourne-RPSP07A11127-0-0,,0,0,,MISSING_CONFIGURATION_PROOF,False,data/submission/raw_final.csv,False,262.73413880029693
Development,MEL-melbourne-RPSP07A11127-0-0|qp38,historical,10.0,0-29,30,30,True,True,False,,no preserved run_spec,MEL-melbourne-RPSP07A11127-0-0,,0,0,,MISSING_CONFIGURATION_PROOF,False,data/submission/raw_final.csv,False,266.06858490081504
Development,MEL-melbourne-RPSP07A11127-0-0|qp38,historical,11.0,0-29,30,30,True,True,False,,no preserved run_spec,MEL-melbourne-RPSP07A11127-0-0,,0,0,,MISSING_CONFIGURATION_PROOF,False,data/submission/raw_final.csv,False,287.76552510028705
Development,MEL-melbourne-RPSP07A11127-0-0|qp38,historical,12.0,0-29,30,30,True,True,False,,no preserved run_spec,MEL-melbourne-RPSP07A11127-0-0,,0,0,,MISSING_CONFIGURATION_PROOF,False,data/submission/raw_final.csv,False,293.0299810001161
Development,MEL-melbourne-RPSP07A11127-0-0|qp38,historical,15.0,0-29,30,30,True,True,False,,no preserved run_spec,MEL-melbourne-RPSP07A11127-0-0,,0,0,,MISSING_CONFIGURATION_PROOF,False,data/submission/raw_final.csv,False,382.37753800000064
Development,MEL-melbourne-RPSP07A11127-0-0|qp38,historical,18.0,0-29,30,30,True,True,False,,no preserved run_spec,MEL-melbourne-RPSP07A11127-0-0,,0,0,,MISSING_CONFIGURATION_PROOF,False,data/submission/raw_final.csv,False,416.9808808993548
Development,MEL-melbourne-RPSP0813145L1-0-1|qp19,historical,0.0,0-29,30,30,True,True,False,,no preserved run_spec,MEL-melbourne-RPSP0813145L1-0-1,,0,0,,MISSING_CONFIGURATION_PROOF,False,data/submission/raw_final.csv,False,148.36785170063376
Development,MEL-melbourne-RPSP0813145L1-0-1|qp19,historical,1.0,0-29,30,30,True,True,False,,no preserved run_spec,MEL-melbourne-RPSP0813145L1-0-1,,0,0,,MISSING_CONFIGURATION_PROOF,False,data/submission/raw_final.csv,False,823.9747968001757
Development,MEL-melbourne-RPSP0813145L1-0-1|qp32,historical,0.0,0-29,30,30,True,True,False,,no preserved run_spec,MEL-melbourne-RPSP0813145L1-0-1,,0,0,,MISSING_CONFIGURATION_PROOF,False,data/submission/raw_final.csv,False,214.40176299982704
Development,MEL-melbourne-RPSP0813145L1-0-1|qp32,historical,1.0,0-29,30,30,True,True,False,,no preserved run_spec,MEL-melbourne-RPSP0813145L1-0-1,,0,0,,MISSING_CONFIGURATION_PROOF,False,data/submission/raw_final.csv,False,1187.0083644005936
Development,MEL-melbourne-RPSP0813599L1-0-0|qp15,historical,0.0,0-29,30,30,True,True,False,,no preserved run_spec,MEL-melbourne-RPSP0813599L1-0-0,,0,0,,MISSING_CONFIGURATION_PROOF,False,data/submission/raw_final.csv,False,538.6242926989216
Development,MEL-melbourne-RPSP0813599L1-0-0|qp9,historical,0.0,0-29,30,30,True,True,False,,no preserved run_spec,MEL-melbourne-RPSP0813599L1-0-0,,0,0,,MISSING_CONFIGURATION_PROOF,False,data/submission/raw_final.csv,False,400.03713750094175
Development,MEL-melbourne-RPSP0814955L1-0-0|qp52,historical,0.0,0-29,30,30,True,True,False,,no preserved run_spec,MEL-melbourne-RPSP0814955L1-0-0,,0,0,,MISSING_CONFIGURATION_PROOF,False,data/submission/raw_final.csv,False,339.45980609953403
Development,MEL-melbourne-RPSP0814955L1-0-0|qp52,historical,1.0,0-29,30,30,True,True,False,,no preserved run_spec,MEL-melbourne-RPSP0814955L1-0-0,,0,0,,MISSING_CONFIGURATION_PROOF,False,data/submission/raw_final.csv,False,334.75854320055805
Development,MEL-melbourne-RPSP0814955L1-0-0|qp52,historical,2.0,0-29,30,30,True,True,False,,no preserved run_spec,MEL-melbourne-RPSP0814955L1-0-0,,0,0,,MISSING_CONFIGURATION_PROOF,False,data/submission/raw_final.csv,False,284.4407910001464
Development,MEL-melbourne-RPSP0814955L1-0-0|qp52,historical,3.0,0-29,30,30,True,True,False,,no preserved run_spec,MEL-melbourne-RPSP0814955L1-0-0,,0,0,,MISSING_CONFIGURATION_PROOF,False,data/submission/raw_final.csv,False,291.7405577006284
Development,MEL-melbourne-RPSP0814955L1-0-0|qp52,historical,4.0,0-29,30,30,True,True,False,,no preserved run_spec,MEL-melbourne-RPSP0814955L1-0-0,,0,0,,MISSING_CONFIGURATION_PROOF,False,data/submission/raw_final.csv,False,282.21985569945537
Development,MEL-melbourne-RPSP0814955L1-0-0|qp52,historical,5.0,0-29,30,30,True,True,False,,no preserved run_spec,MEL-melbourne-RPSP0814955L1-0-0,,0,0,,MISSING_CONFIGURATION_PROOF,False,data/submission/raw_final.csv,False,242.1556483001914
Development,MEL-melbourne-RPSP0814955L1-0-0|qp52,historical,6.0,0-29,30,30,True,True,False,,no preserved run_spec,MEL-melbourne-RPSP0814955L1-0-0,,0,0,,MISSING_CONFIGURATION_PROOF,False,data/submission/raw_final.csv,False,345.04401189950295
Development,MEL-melbourne-RPSP0814955L1-0-0|qp52,historical,8.0,0-29,30,30,True,True,False,,no preserved run_spec,MEL-melbourne-RPSP0814955L1-0-0,,0,0,,MISSING_CONFIGURATION_PROOF,False,data/submission/raw_final.csv,False,367.3862842998933
Development,MEL-melbourne-RPSP0814955L1-0-0|qp52,historical,9.0,0-29,30,30,True,True,False,,no preserved run_spec,MEL-melbourne-RPSP0814955L1-0-0,,0,0,,MISSING_CONFIGURATION_PROOF,False,data/submission/raw_final.csv,False,371.4858474996872
Development,MEL-melbourne-RPSP0814955L1-0-0|qp52,historical,10.0,0-29,30,30,True,True,False,,no preserved run_spec,MEL-melbourne-RPSP0814955L1-0-0,,0,0,,MISSING_CONFIGURATION_PROOF,False,data/submission/raw_final.csv,False,372.138415500056
Development,MEL-melbourne-RPSP0814955L1-0-0|qp52,historical,12.0,0-29,30,30,True,True,False,,no preserved run_spec,MEL-melbourne-RPSP0814955L1-0-0,,0,0,,MISSING_CONFIGURATION_PROOF,False,data/submission/raw_final.csv,False,421.2191197995562
Development,MEL-melbourne-RPSP0814955L1-0-0|qp52,historical,15.0,0-29,30,30,True,True,False,,no preserved run_spec,MEL-melbourne-RPSP0814955L1-0-0,,0,0,,MISSING_CONFIGURATION_PROOF,False,data/submission/raw_final.csv,False,512.382622299483
Development,MEL-melbourne-RPSP0814955L1-0-0|qp88,historical,0.0,0-29,30,30,True,True,False,,no preserved run_spec,MEL-melbourne-RPSP0814955L1-0-0,,0,0,,MISSING_CONFIGURATION_PROOF,False,data/submission/raw_final.csv,False,645.9290012998972
Development,MEL-melbourne-RPSP0814955L1-0-0|qp88,historical,1.0,0-29,30,30,True,True,False,,no preserved run_spec,MEL-melbourne-RPSP0814955L1-0-0,,0,0,,MISSING_CONFIGURATION_PROOF,False,data/submission/raw_final.csv,False,668.3075583993923
Development,MEL-melbourne-RPSP0814955L1-0-0|qp88,historical,2.0,0-29,30,30,True,True,False,,no preserved run_spec,MEL-melbourne-RPSP0814955L1-0-0,,0,0,,MISSING_CONFIGURATION_PROOF,False,data/submission/raw_final.csv,False,612.525430399226
Development,MEL-melbourne-RPSP0814955L1-0-0|qp88,historical,3.0,0-29,30,30,True,True,False,,no preserved run_spec,MEL-melbourne-RPSP0814955L1-0-0,,0,0,,MISSING_CONFIGURATION_PROOF,False,data/submission/raw_final.csv,False,614.8047793994192
Development,MEL-melbourne-RPSP0814955L1-0-0|qp88,historical,4.0,0-29,30,30,True,True,False,,no preserved run_spec,MEL-melbourne-RPSP0814955L1-0-0,,0,0,,MISSING_CONFIGURATION_PROOF,False,data/submission/raw_final.csv,False,600.5603539003059
Development,MEL-melbourne-RPSP0814955L1-0-0|qp88,historical,5.0,0-29,30,30,True,True,False,,no preserved run_spec,MEL-melbourne-RPSP0814955L1-0-0,,0,0,,MISSING_CONFIGURATION_PROOF,False,data/submission/raw_final.csv,False,640.1896122002508
Development,MEL-melbourne-RPSP1011231-0-5|qp1,historical,0.0,0-29,30,30,True,True,False,,no preserved run_spec,MEL-melbourne-RPSP1011231-0-5,,0,0,,MISSING_CONFIGURATION_PROOF,False,data/submission/raw_final.csv,False,115.9968100003898
Development,MEL-melbourne-RPSP1011231-0-5|qp2,historical,0.0,0-29,30,30,True,True,False,,no preserved run_spec,MEL-melbourne-RPSP1011231-0-5,,0,0,,MISSING_CONFIGURATION_PROOF,False,data/submission/raw_final.csv,False,166.41969030024484
Development,MEL-melbourne-idx7418-0-6|qp3,historical,0.0,0-29,30,30,True,True,False,,no preserved run_spec,MEL-melbourne-idx7418-0-6,,0,0,,MISSING_CONFIGURATION_PROOF,False,data/submission/raw_final.csv,False,158.69146910007112
Development,MEL-melbourne-idx7418-0-6|qp7,historical,0.0,0-29,30,30,True,True,False,,no preserved run_spec,MEL-melbourne-idx7418-0-6,,0,0,,MISSING_CONFIGURATION_PROOF,False,data/submission/raw_final.csv,False,275.48195190075785
Development,NTP-newtaipei-idx11355-0-2|qp31,historical,0.0,0-29,30,30,True,True,False,,no preserved run_spec,NTP-newtaipei-idx11355-0-2,,0,0,,MISSING_CONFIGURATION_PROOF,False,data/submission/raw_final.csv,False,180.87348529999144
Development,NTP-newtaipei-idx11355-0-2|qp31,historical,0.0,10000-10029,30,30,True,True,False,,no preserved run_spec,NTP-newtaipei-idx11355-0-2,,0,0,,MISSING_CONFIGURATION_PROOF,False,data/diagnostics/independent_replication.csv,False,98.46800000034273
Development,NTP-newtaipei-idx11355-0-2|qp31,historical,1.0,0-29,30,30,True,True,False,,no preserved run_spec,NTP-newtaipei-idx11355-0-2,,0,0,,MISSING_CONFIGURATION_PROOF,False,data/submission/raw_final.csv,False,197.82915249979123
Development,NTP-newtaipei-idx11355-0-2|qp31,historical,2.0,0-29,30,30,True,True,False,,no preserved run_spec,NTP-newtaipei-idx11355-0-2,,0,0,,MISSING_CONFIGURATION_PROOF,False,data/submission/raw_final.csv,False,190.55054790060967
Development,NTP-newtaipei-idx11355-0-2|qp31,historical,3.0,0-29,30,30,True,True,False,,no preserved run_spec,NTP-newtaipei-idx11355-0-2,,0,0,,MISSING_CONFIGURATION_PROOF,False,data/submission/raw_final.csv,False,192.85843990091237
Development,NTP-newtaipei-idx11355-0-2|qp31,historical,4.0,0-29,30,30,True,True,False,,no preserved run_spec,NTP-newtaipei-idx11355-0-2,,0,0,,MISSING_CONFIGURATION_PROOF,False,data/submission/raw_final.csv,False,190.43632979970425
Development,NTP-newtaipei-idx11355-0-2|qp31,historical,5.0,0-29,30,30,True,True,False,,no preserved run_spec,NTP-newtaipei-idx11355-0-2,,0,0,,MISSING_CONFIGURATION_PROOF,False,data/submission/raw_final.csv,False,163.09772049961612
Development,NTP-newtaipei-idx11355-0-2|qp31,historical,6.0,0-29,30,30,True,True,False,,no preserved run_spec,NTP-newtaipei-idx11355-0-2,,0,0,,MISSING_CONFIGURATION_PROOF,False,data/submission/raw_final.csv,False,217.1667353999801
Development,NTP-newtaipei-idx11355-0-2|qp31,historical,8.0,0-29,30,30,True,True,False,,no preserved run_spec,NTP-newtaipei-idx11355-0-2,,0,0,,MISSING_CONFIGURATION_PROOF,False,data/submission/raw_final.csv,False,231.729027599562
Development,NTP-newtaipei-idx11355-0-2|qp31,historical,10.0,0-29,30,30,True,True,False,,no preserved run_spec,NTP-newtaipei-idx11355-0-2,,0,0,,MISSING_CONFIGURATION_PROOF,False,data/submission/raw_final.csv,False,229.90917590120807
Development,NTP-newtaipei-idx11355-0-2|qp31,historical,12.0,0-29,30,30,True,True,False,,no preserved run_spec,NTP-newtaipei-idx11355-0-2,,0,0,,MISSING_CONFIGURATION_PROOF,False,data/submission/raw_final.csv,False,259.466947500594
Development,NTP-newtaipei-idx11355-0-2|qp31,historical,15.0,0-29,30,30,True,True,False,,no preserved run_spec,NTP-newtaipei-idx11355-0-2,,0,0,,MISSING_CONFIGURATION_PROOF,False,data/submission/raw_final.csv,False,303.37404590076767
Development,NTP-newtaipei-idx11355-0-2|qp31,historical,15.0,10000-10029,30,30,True,True,False,,no preserved run_spec,NTP-newtaipei-idx11355-0-2,,0,0,,MISSING_CONFIGURATION_PROOF,False,data/diagnostics/independent_replication.csv,False,155.5820000001695
Development,NTP-newtaipei-idx11355-0-2|qp31,historical,16.0,0-29,30,30,True,True,False,,no preserved run_spec,NTP-newtaipei-idx11355-0-2,,0,0,,MISSING_CONFIGURATION_PROOF,False,data/submission/raw_final.csv,False,263.31210129964165
Development,NTP-newtaipei-idx11355-0-2|qp31,historical,16.0,10000-10029,30,30,True,True,False,,no preserved run_spec,NTP-newtaipei-idx11355-0-2,,0,0,,MISSING_CONFIGURATION_PROOF,False,data/diagnostics/independent_replication.csv,False,169.34499999973923
Development,NTP-newtaipei-idx11355-0-2|qp31,historical,17.0,0-29,30,30,True,True,False,,no preserved run_spec,NTP-newtaipei-idx11355-0-2,,0,0,,MISSING_CONFIGURATION_PROOF,False,data/submission/raw_final.csv,False,263.9965083997231
Development,NTP-newtaipei-idx11355-0-2|qp31,historical,17.0,10000-10029,30,30,True,True,False,,no preserved run_spec,NTP-newtaipei-idx11355-0-2,,0,0,,MISSING_CONFIGURATION_PROOF,False,data/diagnostics/independent_replication.csv,False,181.29599999985655
Development,NTP-newtaipei-idx11355-0-2|qp31,historical,18.0,0-29,30,30,True,True,False,,no preserved run_spec,NTP-newtaipei-idx11355-0-2,,0,0,,MISSING_CONFIGURATION_PROOF,False,data/submission/raw_final.csv,False,331.9877574003767
Development,NTP-newtaipei-idx11355-0-2|qp31,historical,18.0,10000-10029,30,30,True,True,False,,no preserved run_spec,NTP-newtaipei-idx11355-0-2,,0,0,,MISSING_CONFIGURATION_PROOF,False,data/diagnostics/independent_replication.csv,False,199.2189999995753
Development,NTP-newtaipei-idx11355-0-2|qp31,historical,20.0,0-29,30,30,True,True,False,,no preserved run_spec,NTP-newtaipei-idx11355-0-2,,0,0,,MISSING_CONFIGURATION_PROOF,False,data/submission/raw_final.csv,False,303.2938511988614
Development,NTP-newtaipei-idx11355-0-2|qp73,historical,0.0,0-29,30,30,True,True,False,,no preserved run_spec,NTP-newtaipei-idx11355-0-2,,0,0,,MISSING_CONFIGURATION_PROOF,False,data/submission/raw_final.csv,False,489.468975499738
Development,NTP-newtaipei-idx11355-0-2|qp73,historical,1.0,0-29,30,30,True,True,False,,no preserved run_spec,NTP-newtaipei-idx11355-0-2,,0,0,,MISSING_CONFIGURATION_PROOF,False,data/submission/raw_final.csv,False,494.1709829010069
Development,NTP-newtaipei-idx11355-0-2|qp73,historical,2.0,0-29,30,30,True,True,False,,no preserved run_spec,NTP-newtaipei-idx11355-0-2,,0,0,,MISSING_CONFIGURATION_PROOF,False,data/submission/raw_final.csv,False,441.9693272002041
Development,NTP-newtaipei-idx11355-0-2|qp73,historical,3.0,0-29,30,30,True,True,False,,no preserved run_spec,NTP-newtaipei-idx11355-0-2,,0,0,,MISSING_CONFIGURATION_PROOF,False,data/submission/raw_final.csv,False,440.9743450006936
Development,NTP-newtaipei-idx11355-0-2|qp73,historical,4.0,0-29,30,30,True,True,False,,no preserved run_spec,NTP-newtaipei-idx11355-0-2,,0,0,,MISSING_CONFIGURATION_PROOF,False,data/submission/raw_final.csv,False,424.1811689995229
Development,NTP-newtaipei-idx11355-0-2|qp73,historical,5.0,0-29,30,30,True,True,False,,no preserved run_spec,NTP-newtaipei-idx11355-0-2,,0,0,,MISSING_CONFIGURATION_PROOF,False,data/submission/raw_final.csv,False,430.2197214993648
Development,NTP-newtaipei-idx11355-0-2|qp73,historical,6.0,0-29,30,30,True,True,False,,no preserved run_spec,NTP-newtaipei-idx11355-0-2,,0,0,,MISSING_CONFIGURATION_PROOF,False,data/submission/raw_final.csv,False,469.8644295001868
Development,NTP-newtaipei-idx11355-0-2|qp73,historical,8.0,0-29,30,30,True,True,False,,no preserved run_spec,NTP-newtaipei-idx11355-0-2,,0,0,,MISSING_CONFIGURATION_PROOF,False,data/submission/raw_final.csv,False,506.5235137993004
Development,NTP-newtaipei-idx11355-0-2|qp73,historical,10.0,0-29,30,30,True,True,False,,no preserved run_spec,NTP-newtaipei-idx11355-0-2,,0,0,,MISSING_CONFIGURATION_PROOF,False,data/submission/raw_final.csv,False,520.1884158006869
Development,NTP-newtaipei-idx11355-0-2|qp73,historical,12.0,0-29,30,30,True,True,False,,no preserved run_spec,NTP-newtaipei-idx11355-0-2,,0,0,,MISSING_CONFIGURATION_PROOF,False,data/submission/raw_final.csv,False,589.4414042993449
Development,NTP-newtaipei-idx11808-0-1|qp25,historical,0.0,0-29,30,30,True,True,False,,no preserved run_spec,NTP-newtaipei-idx11808-0-1,,0,0,,MISSING_CONFIGURATION_PROOF,False,data/submission/raw_final.csv,False,165.58231430058368
Development,NTP-newtaipei-idx11808-0-1|qp25,historical,1.0,0-29,30,30,True,True,False,,no preserved run_spec,NTP-newtaipei-idx11808-0-1,,0,0,,MISSING_CONFIGURATION_PROOF,False,data/submission/raw_final.csv,False,146.92252350016497
Development,NTP-newtaipei-idx11808-0-1|qp25,historical,2.0,0-29,30,30,True,True,False,,no preserved run_spec,NTP-newtaipei-idx11808-0-1,,0,0,,MISSING_CONFIGURATION_PROOF,False,data/submission/raw_final.csv,False,154.8557448007632
Development,NTP-newtaipei-idx11808-0-1|qp25,historical,3.0,0-29,30,30,True,True,False,,no preserved run_spec,NTP-newtaipei-idx11808-0-1,,0,0,,MISSING_CONFIGURATION_PROOF,False,data/submission/raw_final.csv,False,156.67884999979287
Development,NTP-newtaipei-idx11808-0-1|qp25,historical,4.0,0-29,30,30,True,True,False,,no preserved run_spec,NTP-newtaipei-idx11808-0-1,,0,0,,MISSING_CONFIGURATION_PROOF,False,data/submission/raw_final.csv,False,154.27180469990708
Development,NTP-newtaipei-idx11808-0-1|qp25,historical,5.0,0-29,30,30,True,True,False,,no preserved run_spec,NTP-newtaipei-idx11808-0-1,,0,0,,MISSING_CONFIGURATION_PROOF,False,data/submission/raw_final.csv,False,176.09910460049286
Development,NTP-newtaipei-idx11808-0-1|qp25,historical,6.0,0-29,30,30,True,True,False,,no preserved run_spec,NTP-newtaipei-idx11808-0-1,,0,0,,MISSING_CONFIGURATION_PROOF,False,data/submission/raw_final.csv,False,186.6008796999231
Development,NTP-newtaipei-idx11808-0-1|qp25,historical,8.0,0-29,30,30,True,True,False,,no preserved run_spec,NTP-newtaipei-idx11808-0-1,,0,0,,MISSING_CONFIGURATION_PROOF,False,data/submission/raw_final.csv,False,200.9616226004437
Development,NTP-newtaipei-idx11808-0-1|qp25,historical,10.0,0-29,30,30,True,True,False,,no preserved run_spec,NTP-newtaipei-idx11808-0-1,,0,0,,MISSING_CONFIGURATION_PROOF,False,data/submission/raw_final.csv,False,201.3928109004628
Development,NTP-newtaipei-idx11808-0-1|qp25,historical,12.0,0-29,30,30,True,True,False,,no preserved run_spec,NTP-newtaipei-idx11808-0-1,,0,0,,MISSING_CONFIGURATION_PROOF,False,data/submission/raw_final.csv,False,224.50431210035455
Development,NTP-newtaipei-idx11808-0-1|qp25,historical,15.0,0-29,30,30,True,True,False,,no preserved run_spec,NTP-newtaipei-idx11808-0-1,,0,0,,MISSING_CONFIGURATION_PROOF,False,data/submission/raw_final.csv,False,259.80831659934483
Development,NTP-newtaipei-idx11808-0-1|qp25,historical,18.0,0-29,30,30,True,True,False,,no preserved run_spec,NTP-newtaipei-idx11808-0-1,,0,0,,MISSING_CONFIGURATION_PROOF,False,data/submission/raw_final.csv,False,280.89748069946654
Development,NTP-newtaipei-idx11808-0-1|qp25,historical,19.0,0-29,30,30,True,True,False,,no preserved run_spec,NTP-newtaipei-idx11808-0-1,,0,0,,MISSING_CONFIGURATION_PROOF,False,data/submission/raw_final.csv,False,237.79130150028504
Development,NTP-newtaipei-idx11808-0-1|qp25,historical,20.0,0-29,30,30,True,True,False,,no preserved run_spec,NTP-newtaipei-idx11808-0-1,,0,0,,MISSING_CONFIGURATION_PROOF,False,data/submission/raw_final.csv,False,243.17906679981388
Development,NTP-newtaipei-idx11808-0-1|qp60,historical,0.0,0-29,30,30,True,True,False,,no preserved run_spec,NTP-newtaipei-idx11808-0-1,,0,0,,MISSING_CONFIGURATION_PROOF,False,data/submission/raw_final.csv,False,393.616985399276
Development,NTP-newtaipei-idx11808-0-1|qp60,historical,1.0,0-29,30,30,True,True,False,,no preserved run_spec,NTP-newtaipei-idx11808-0-1,,0,0,,MISSING_CONFIGURATION_PROOF,False,data/submission/raw_final.csv,False,324.19833709904924
Development,NTP-newtaipei-idx11808-0-1|qp60,historical,2.0,0-29,30,30,True,True,False,,no preserved run_spec,NTP-newtaipei-idx11808-0-1,,0,0,,MISSING_CONFIGURATION_PROOF,False,data/submission/raw_final.csv,False,321.3020322001539
Development,NTP-newtaipei-idx11808-0-1|qp60,historical,3.0,0-29,30,30,True,True,False,,no preserved run_spec,NTP-newtaipei-idx11808-0-1,,0,0,,MISSING_CONFIGURATION_PROOF,False,data/submission/raw_final.csv,False,320.9281125999987
Development,NTP-newtaipei-idx11808-0-1|qp60,historical,4.0,0-29,30,30,True,True,False,,no preserved run_spec,NTP-newtaipei-idx11808-0-1,,0,0,,MISSING_CONFIGURATION_PROOF,False,data/submission/raw_final.csv,False,327.9076326994691
Development,NTP-newtaipei-idx11808-0-1|qp60,historical,5.0,0-29,30,30,True,True,False,,no preserved run_spec,NTP-newtaipei-idx11808-0-1,,0,0,,MISSING_CONFIGURATION_PROOF,False,data/submission/raw_final.csv,False,355.3730252000969
Development,NTP-newtaipei-idx11808-0-1|qp60,historical,6.0,0-29,30,30,True,True,False,,no preserved run_spec,NTP-newtaipei-idx11808-0-1,,0,0,,MISSING_CONFIGURATION_PROOF,False,data/submission/raw_final.csv,False,379.0271830002312
Development,NTP-newtaipei-idx11808-0-1|qp60,historical,8.0,0-29,30,30,True,True,False,,no preserved run_spec,NTP-newtaipei-idx11808-0-1,,0,0,,MISSING_CONFIGURATION_PROOF,False,data/submission/raw_final.csv,False,399.7626822006423
Development,NTP-newtaipei-idx11808-0-1|qp60,historical,10.0,0-29,30,30,True,True,False,,no preserved run_spec,NTP-newtaipei-idx11808-0-1,,0,0,,MISSING_CONFIGURATION_PROOF,False,data/submission/raw_final.csv,False,398.7196378996596
Development,NTP-newtaipei-idx11808-0-1|qp60,historical,11.0,0-29,30,30,True,True,False,,no preserved run_spec,NTP-newtaipei-idx11808-0-1,,0,0,,MISSING_CONFIGURATION_PROOF,False,data/submission/raw_final.csv,False,429.2111910998356
Development,NTP-newtaipei-idx11808-0-1|qp60,historical,12.0,0-29,30,30,True,True,False,,no preserved run_spec,NTP-newtaipei-idx11808-0-1,,0,0,,MISSING_CONFIGURATION_PROOF,False,data/submission/raw_final.csv,False,448.78402230050415
Development,NTP-newtaipei-idx11808-0-1|qp60,historical,15.0,0-29,30,30,True,True,False,,no preserved run_spec,NTP-newtaipei-idx11808-0-1,,0,0,,MISSING_CONFIGURATION_PROOF,False,data/submission/raw_final.csv,False,533.7775910999626
Development,NTP-newtaipei-idx11901-0-0|qp21,historical,0.0,0-29,30,30,True,True,True,dac5397e387d42e0aeabcfd4daa12cb4d386237e233132fffbe408f006696f06,frozen run_specs plus configuration-labelled raw_final records,NTP-newtaipei-idx11901-0-0,1.2435853982295586,0,0,30.0,PASS,True,data/submission/raw_final.csv,False,128.8965256998781
Development,NTP-newtaipei-idx11901-0-0|qp21,historical,1.0,0-29,30,30,True,True,True,dac5397e387d42e0aeabcfd4daa12cb4d386237e233132fffbe408f006696f06,frozen run_specs plus configuration-labelled raw_final records,NTP-newtaipei-idx11901-0-0,1.2435853982295586,0,0,30.0,PASS,True,data/submission/raw_final.csv,False,116.01287380000576
Development,NTP-newtaipei-idx11901-0-0|qp21,historical,2.0,0-29,30,30,True,True,True,dac5397e387d42e0aeabcfd4daa12cb4d386237e233132fffbe408f006696f06,frozen run_specs plus configuration-labelled raw_final records,NTP-newtaipei-idx11901-0-0,1.2435853982295586,0,0,30.0,PASS,True,data/submission/raw_final.csv,False,144.76752649992704
Development,NTP-newtaipei-idx11901-0-0|qp21,historical,3.0,0-29,30,30,True,True,True,dac5397e387d42e0aeabcfd4daa12cb4d386237e233132fffbe408f006696f06,frozen run_specs plus configuration-labelled raw_final records,NTP-newtaipei-idx11901-0-0,1.2435853982295586,0,0,30.0,PASS,True,data/submission/raw_final.csv,False,145.41298690065742
Development,NTP-newtaipei-idx11901-0-0|qp21,historical,4.0,0-29,30,30,True,True,True,dac5397e387d42e0aeabcfd4daa12cb4d386237e233132fffbe408f006696f06,frozen run_specs plus configuration-labelled raw_final records,NTP-newtaipei-idx11901-0-0,1.2435853982295586,0,0,30.0,PASS,True,data/submission/raw_final.csv,False,145.96947600040585
Development,NTP-newtaipei-idx11901-0-0|qp21,historical,5.0,0-29,30,30,True,True,True,dac5397e387d42e0aeabcfd4daa12cb4d386237e233132fffbe408f006696f06,frozen run_specs plus configuration-labelled raw_final records,NTP-newtaipei-idx11901-0-0,1.2435853982295586,0,0,30.0,PASS,True,data/submission/raw_final.csv,False,167.68610070017166
Development,NTP-newtaipei-idx11901-0-0|qp21,historical,6.0,0-29,30,30,True,True,True,dac5397e387d42e0aeabcfd4daa12cb4d386237e233132fffbe408f006696f06,frozen run_specs plus configuration-labelled raw_final records,NTP-newtaipei-idx11901-0-0,1.2435853982295586,0,0,27.0,FAIL,True,data/submission/raw_final.csv,False,174.1362068997696
Development,NTP-newtaipei-idx11901-0-0|qp21,historical,8.0,0-29,30,30,True,True,True,dac5397e387d42e0aeabcfd4daa12cb4d386237e233132fffbe408f006696f06,frozen run_specs plus configuration-labelled raw_final records,NTP-newtaipei-idx11901-0-0,1.2435853982295586,0,0,16.0,FAIL,True,data/submission/raw_final.csv,False,210.6982693998143
Development,NTP-newtaipei-idx11901-0-0|qp9,historical,0.0,0-29,30,30,True,True,True,2bc8b96e59ba9fb6974989c6a5edc8be6b07d8f96925d5c0c825ddaf4e3fd3b2,frozen run_specs plus configuration-labelled raw_final records,NTP-newtaipei-idx11901-0-0,1.3166131789988176,0,0,30.0,PASS,True,data/submission/raw_final.csv,False,80.5205671004951
Development,NTP-newtaipei-idx11901-0-0|qp9,historical,1.0,0-29,30,30,True,True,True,2bc8b96e59ba9fb6974989c6a5edc8be6b07d8f96925d5c0c825ddaf4e3fd3b2,frozen run_specs plus configuration-labelled raw_final records,NTP-newtaipei-idx11901-0-0,1.3166131789988176,0,0,30.0,PASS,True,data/submission/raw_final.csv,False,66.08914779871702
Development,NTP-newtaipei-idx11901-0-0|qp9,historical,2.0,0-29,30,30,True,True,True,2bc8b96e59ba9fb6974989c6a5edc8be6b07d8f96925d5c0c825ddaf4e3fd3b2,frozen run_specs plus configuration-labelled raw_final records,NTP-newtaipei-idx11901-0-0,1.3166131789988176,0,0,30.0,PASS,True,data/submission/raw_final.csv,False,79.1852783006616
Development,NTP-newtaipei-idx11901-0-0|qp9,historical,3.0,0-29,30,30,True,True,True,2bc8b96e59ba9fb6974989c6a5edc8be6b07d8f96925d5c0c825ddaf4e3fd3b2,frozen run_specs plus configuration-labelled raw_final records,NTP-newtaipei-idx11901-0-0,1.3166131789988176,0,0,30.0,PASS,True,data/submission/raw_final.csv,False,79.94616089970805
Development,NTP-newtaipei-idx11901-0-0|qp9,historical,4.0,0-29,30,30,True,True,True,2bc8b96e59ba9fb6974989c6a5edc8be6b07d8f96925d5c0c825ddaf4e3fd3b2,frozen run_specs plus configuration-labelled raw_final records,NTP-newtaipei-idx11901-0-0,1.3166131789988176,0,0,30.0,PASS,True,data/submission/raw_final.csv,False,89.82803080021404
Development,NTP-newtaipei-idx11901-0-0|qp9,historical,5.0,0-29,30,30,True,True,True,2bc8b96e59ba9fb6974989c6a5edc8be6b07d8f96925d5c0c825ddaf4e3fd3b2,frozen run_specs plus configuration-labelled raw_final records,NTP-newtaipei-idx11901-0-0,1.3166131789988176,0,0,30.0,PASS,True,data/submission/raw_final.csv,False,95.46720479940996
Development,NTP-newtaipei-idx11901-0-0|qp9,historical,6.0,0-29,30,30,True,True,True,2bc8b96e59ba9fb6974989c6a5edc8be6b07d8f96925d5c0c825ddaf4e3fd3b2,frozen run_specs plus configuration-labelled raw_final records,NTP-newtaipei-idx11901-0-0,1.3166131789988176,0,0,30.0,PASS,True,data/submission/raw_final.csv,False,101.29677589982748
Development,NTP-newtaipei-idx11901-0-0|qp9,historical,7.0,0-29,30,30,True,True,True,2bc8b96e59ba9fb6974989c6a5edc8be6b07d8f96925d5c0c825ddaf4e3fd3b2,frozen run_specs plus configuration-labelled raw_final records,NTP-newtaipei-idx11901-0-0,1.3166131789988176,0,0,28.0,FAIL,True,data/submission/raw_final.csv,False,59.29699999978766
Development,NTP-newtaipei-idx11901-0-0|qp9,historical,8.0,0-29,30,30,True,True,True,2bc8b96e59ba9fb6974989c6a5edc8be6b07d8f96925d5c0c825ddaf4e3fd3b2,frozen run_specs plus configuration-labelled raw_final records,NTP-newtaipei-idx11901-0-0,1.3166131789988176,0,0,29.0,PASS,True,data/submission/raw_final.csv,False,110.02625539992005
Development,NTP-newtaipei-idx11901-0-0|qp9,historical,9.0,0-29,30,30,True,True,True,2bc8b96e59ba9fb6974989c6a5edc8be6b07d8f96925d5c0c825ddaf4e3fd3b2,frozen run_specs plus configuration-labelled raw_final records,NTP-newtaipei-idx11901-0-0,1.3166131789988176,0,0,25.0,FAIL,True,data/submission/raw_final.csv,False,112.37703820038588
Development,NTP-newtaipei-idx11901-0-0|qp9,historical,10.0,0-29,30,30,True,True,True,2bc8b96e59ba9fb6974989c6a5edc8be6b07d8f96925d5c0c825ddaf4e3fd3b2,frozen run_specs plus configuration-labelled raw_final records,NTP-newtaipei-idx11901-0-0,1.3166131789988176,0,0,25.0,FAIL,True,data/submission/raw_final.csv,False,125.37347400002182
Development,NTP-newtaipei-idx11901-0-0|qp9,historical,12.0,0-29,30,30,True,True,True,2bc8b96e59ba9fb6974989c6a5edc8be6b07d8f96925d5c0c825ddaf4e3fd3b2,frozen run_specs plus configuration-labelled raw_final records,NTP-newtaipei-idx11901-0-0,1.3166131789988176,0,0,18.0,FAIL,True,data/submission/raw_final.csv,False,142.07627719989978
Development,NTP-newtaipei-idx11901-0-0|qp9,historical,15.0,0-29,30,30,True,True,True,2bc8b96e59ba9fb6974989c6a5edc8be6b07d8f96925d5c0c825ddaf4e3fd3b2,frozen run_specs plus configuration-labelled raw_final records,NTP-newtaipei-idx11901-0-0,1.3166131789988176,0,0,12.0,FAIL,True,data/submission/raw_final.csv,False,159.35245870007202
Development,NTP-newtaipei-idx11985-0-0|qp23,historical,0.0,0-29,30,30,True,True,False,,no preserved run_spec,NTP-newtaipei-idx11985-0-0,,0,0,,MISSING_CONFIGURATION_PROOF,False,data/submission/raw_final.csv,False,127.43764620041476
Development,NTP-newtaipei-idx11985-0-0|qp23,historical,1.0,0-29,30,30,True,True,False,,no preserved run_spec,NTP-newtaipei-idx11985-0-0,,0,0,,MISSING_CONFIGURATION_PROOF,False,data/submission/raw_final.csv,False,141.3551848991774
Development,NTP-newtaipei-idx11985-0-0|qp23,historical,2.0,0-29,30,30,True,True,False,,no preserved run_spec,NTP-newtaipei-idx11985-0-0,,0,0,,MISSING_CONFIGURATION_PROOF,False,data/submission/raw_final.csv,False,150.01061359979212
Development,NTP-newtaipei-idx11985-0-0|qp23,historical,3.0,0-29,30,30,True,True,False,,no preserved run_spec,NTP-newtaipei-idx11985-0-0,,0,0,,MISSING_CONFIGURATION_PROOF,False,data/submission/raw_final.csv,False,153.64079209975898
Development,NTP-newtaipei-idx11985-0-0|qp39,historical,0.0,0-29,30,30,True,True,False,,no preserved run_spec,NTP-newtaipei-idx11985-0-0,,0,0,,MISSING_CONFIGURATION_PROOF,False,data/submission/raw_final.csv,False,184.08487070002596
Development,NTP-newtaipei-idx11985-0-0|qp39,historical,1.0,0-29,30,30,True,True,False,,no preserved run_spec,NTP-newtaipei-idx11985-0-0,,0,0,,MISSING_CONFIGURATION_PROOF,False,data/submission/raw_final.csv,False,420.3892638997641
Development,NTP-newtaipei-idx12775-0-0|qp22,historical,0.0,0-29,30,30,True,True,False,,no preserved run_spec,NTP-newtaipei-idx12775-0-0,,0,0,,MISSING_CONFIGURATION_PROOF,False,data/submission/raw_final.csv,False,148.88929100101814
Development,NTP-newtaipei-idx12775-0-0|qp22,historical,1.0,0-29,30,30,True,True,False,,no preserved run_spec,NTP-newtaipei-idx12775-0-0,,0,0,,MISSING_CONFIGURATION_PROOF,False,data/submission/raw_final.csv,False,758.5622276011854
Development,NTP-newtaipei-idx12775-0-0|qp38,historical,0.0,0-29,30,30,True,True,False,,no preserved run_spec,NTP-newtaipei-idx12775-0-0,,0,0,,MISSING_CONFIGURATION_PROOF,False,data/submission/raw_final.csv,False,240.3564171998296
Development,NTP-newtaipei-idx12775-0-0|qp38,historical,1.0,0-29,30,30,True,True,False,,no preserved run_spec,NTP-newtaipei-idx12775-0-0,,0,0,,MISSING_CONFIGURATION_PROOF,False,data/submission/raw_final.csv,False,1190.4497532001697
Development,NTP-newtaipei-idx12919-0-1|qp13,historical,0.0,0-29,30,30,True,True,False,,no preserved run_spec,NTP-newtaipei-idx12919-0-1,,0,0,,MISSING_CONFIGURATION_PROOF,False,data/submission/raw_final.csv,False,94.50869959988631
Development,NTP-newtaipei-idx12919-0-1|qp13,historical,1.0,0-29,30,30,True,True,False,,no preserved run_spec,NTP-newtaipei-idx12919-0-1,,0,0,,MISSING_CONFIGURATION_PROOF,False,data/submission/raw_final.csv,False,534.8040191002656
Development,NTP-newtaipei-idx12919-0-1|qp6,historical,0.0,0-29,30,30,True,True,False,,no preserved run_spec,NTP-newtaipei-idx12919-0-1,,0,0,,MISSING_CONFIGURATION_PROOF,False,data/submission/raw_final.csv,False,57.81284539960325
Development,NTP-newtaipei-idx12919-0-1|qp6,historical,1.0,0-29,30,30,True,True,False,,no preserved run_spec,NTP-newtaipei-idx12919-0-1,,0,0,,MISSING_CONFIGURATION_PROOF,False,data/submission/raw_final.csv,False,291.828093000222
Development,NTP-newtaipei-idx133-0-2|qp18,historical,0.0,0-29,30,30,True,True,False,,no preserved run_spec,NTP-newtaipei-idx133-0-2,,0,0,,MISSING_CONFIGURATION_PROOF,False,data/submission/raw_final.csv,False,114.71679039904848
Development,NTP-newtaipei-idx133-0-2|qp18,historical,1.0,0-29,30,30,True,True,False,,no preserved run_spec,NTP-newtaipei-idx133-0-2,,0,0,,MISSING_CONFIGURATION_PROOF,False,data/submission/raw_final.csv,False,128.3704347000457
Development,NTP-newtaipei-idx133-0-2|qp18,historical,2.0,0-29,30,30,True,True,False,,no preserved run_spec,NTP-newtaipei-idx133-0-2,,0,0,,MISSING_CONFIGURATION_PROOF,False,data/submission/raw_final.csv,False,118.14814299996942
Development,NTP-newtaipei-idx133-0-2|qp8,historical,0.0,0-29,30,30,True,True,False,,no preserved run_spec,NTP-newtaipei-idx133-0-2,,0,0,,MISSING_CONFIGURATION_PROOF,False,data/submission/raw_final.csv,False,77.29106069961563
Development,NTP-newtaipei-idx133-0-2|qp8,historical,1.0,0-29,30,30,True,True,False,,no preserved run_spec,NTP-newtaipei-idx133-0-2,,0,0,,MISSING_CONFIGURATION_PROOF,False,data/submission/raw_final.csv,False,69.072799699381
Development,NTP-newtaipei-idx133-0-2|qp8,historical,2.0,0-29,30,30,True,True,False,,no preserved run_spec,NTP-newtaipei-idx133-0-2,,0,0,,MISSING_CONFIGURATION_PROOF,False,data/submission/raw_final.csv,False,66.65777309960686
Development,NTP-newtaipei-idx133-0-2|qp8,historical,3.0,0-29,30,30,True,True,False,,no preserved run_spec,NTP-newtaipei-idx133-0-2,,0,0,,MISSING_CONFIGURATION_PROOF,False,data/submission/raw_final.csv,False,73.83530900068581
Development,NTP-newtaipei-idx133-0-2|qp8,historical,4.0,0-29,30,30,True,True,False,,no preserved run_spec,NTP-newtaipei-idx133-0-2,,0,0,,MISSING_CONFIGURATION_PROOF,False,data/submission/raw_final.csv,False,83.9580867998302
Development,NTP-newtaipei-idx13763-0-2|qp22,historical,0.0,0-29,30,30,True,True,True,c2ebc59295d4c7f84c144417d198d792f7f9dc1ccc40231de0766bf6b70cef09,frozen run_specs plus configuration-labelled raw_final records,NTP-newtaipei-idx13763-0-2,1.2444956621540848,0,0,30.0,PASS,True,data/submission/raw_final.csv,False,135.30592349986546
Development,NTP-newtaipei-idx13763-0-2|qp22,historical,1.0,0-29,30,30,True,True,True,c2ebc59295d4c7f84c144417d198d792f7f9dc1ccc40231de0766bf6b70cef09,frozen run_specs plus configuration-labelled raw_final records,NTP-newtaipei-idx13763-0-2,1.2444956621540848,0,0,30.0,PASS,True,data/submission/raw_final.csv,False,117.14534190041012
Development,NTP-newtaipei-idx13763-0-2|qp22,historical,2.0,0-29,30,30,True,True,True,c2ebc59295d4c7f84c144417d198d792f7f9dc1ccc40231de0766bf6b70cef09,frozen run_specs plus configuration-labelled raw_final records,NTP-newtaipei-idx13763-0-2,1.2444956621540848,0,0,30.0,PASS,True,data/submission/raw_final.csv,False,128.3251750995405
Development,NTP-newtaipei-idx13763-0-2|qp22,historical,3.0,0-29,30,30,True,True,True,c2ebc59295d4c7f84c144417d198d792f7f9dc1ccc40231de0766bf6b70cef09,frozen run_specs plus configuration-labelled raw_final records,NTP-newtaipei-idx13763-0-2,1.2444956621540848,0,0,30.0,PASS,True,data/submission/raw_final.csv,False,127.82100229989736
Development,NTP-newtaipei-idx13763-0-2|qp22,historical,4.0,0-29,30,30,True,True,True,c2ebc59295d4c7f84c144417d198d792f7f9dc1ccc40231de0766bf6b70cef09,frozen run_specs plus configuration-labelled raw_final records,NTP-newtaipei-idx13763-0-2,1.2444956621540848,0,0,30.0,PASS,True,data/submission/raw_final.csv,False,126.2863652992528
Development,NTP-newtaipei-idx13763-0-2|qp22,historical,5.0,0-29,30,30,True,True,True,c2ebc59295d4c7f84c144417d198d792f7f9dc1ccc40231de0766bf6b70cef09,frozen run_specs plus configuration-labelled raw_final records,NTP-newtaipei-idx13763-0-2,1.2444956621540848,0,0,29.0,PASS,True,data/submission/raw_final.csv,False,140.35101930075325
Development,NTP-newtaipei-idx13763-0-2|qp22,historical,6.0,0-29,30,30,True,True,True,c2ebc59295d4c7f84c144417d198d792f7f9dc1ccc40231de0766bf6b70cef09,frozen run_specs plus configuration-labelled raw_final records,NTP-newtaipei-idx13763-0-2,1.2444956621540848,0,0,26.0,FAIL,True,data/submission/raw_final.csv,False,151.17869229940698
Development,NTP-newtaipei-idx13763-0-2|qp22,historical,8.0,0-29,30,30,True,True,True,c2ebc59295d4c7f84c144417d198d792f7f9dc1ccc40231de0766bf6b70cef09,frozen run_specs plus configuration-labelled raw_final records,NTP-newtaipei-idx13763-0-2,1.2444956621540848,0,0,16.0,FAIL,True,data/submission/raw_final.csv,False,164.24491230002604
Development,NTP-newtaipei-idx13763-0-2|qp22,historical,10.0,0-29,30,30,True,True,True,c2ebc59295d4c7f84c144417d198d792f7f9dc1ccc40231de0766bf6b70cef09,frozen run_specs plus configuration-labelled raw_final records,NTP-newtaipei-idx13763-0-2,1.2444956621540848,0,0,5.0,FAIL,True,data/submission/raw_final.csv,False,217.92546860082075
Development,NTP-newtaipei-idx13763-0-2|qp9,historical,0.0,0-29,30,30,True,True,True,e8ac4998da90b3b1678c1cc8c2af34eedbc1c190e3d7bd1a6177e44dae2c5bba,frozen run_specs plus configuration-labelled raw_final records,NTP-newtaipei-idx13763-0-2,1.3181299117420329,0,0,30.0,PASS,True,data/submission/raw_final.csv,False,83.40975170047022
Development,NTP-newtaipei-idx13763-0-2|qp9,historical,0.0,10000-10029,30,30,True,True,True,e8ac4998da90b3b1678c1cc8c2af34eedbc1c190e3d7bd1a6177e44dae2c5bba,frozen run_specs plus configuration-labelled raw_final records,NTP-newtaipei-idx13763-0-2,1.312024485324159,0,0,30.0,PASS,True,new package,True,36.93802590004634
Development,NTP-newtaipei-idx13763-0-2|qp9,historical,1.0,0-29,30,30,True,True,True,e8ac4998da90b3b1678c1cc8c2af34eedbc1c190e3d7bd1a6177e44dae2c5bba,frozen run_specs plus configuration-labelled raw_final records,NTP-newtaipei-idx13763-0-2,1.3181299117420329,0,0,30.0,PASS,True,data/submission/raw_final.csv,False,59.35882969968952
Development,NTP-newtaipei-idx13763-0-2|qp9,historical,2.0,0-29,30,30,True,True,True,e8ac4998da90b3b1678c1cc8c2af34eedbc1c190e3d7bd1a6177e44dae2c5bba,frozen run_specs plus configuration-labelled raw_final records,NTP-newtaipei-idx13763-0-2,1.3181299117420329,0,0,30.0,PASS,True,data/submission/raw_final.csv,False,81.12680029985495
Development,NTP-newtaipei-idx13763-0-2|qp9,historical,3.0,0-29,30,30,True,True,True,e8ac4998da90b3b1678c1cc8c2af34eedbc1c190e3d7bd1a6177e44dae2c5bba,frozen run_specs plus configuration-labelled raw_final records,NTP-newtaipei-idx13763-0-2,1.3181299117420329,0,0,30.0,PASS,True,data/submission/raw_final.csv,False,73.71886919997633
Development,NTP-newtaipei-idx13763-0-2|qp9,historical,4.0,0-29,30,30,True,True,True,e8ac4998da90b3b1678c1cc8c2af34eedbc1c190e3d7bd1a6177e44dae2c5bba,frozen run_specs plus configuration-labelled raw_final records,NTP-newtaipei-idx13763-0-2,1.3181299117420329,0,0,30.0,PASS,True,data/submission/raw_final.csv,False,82.37964260065928
Development,NTP-newtaipei-idx13763-0-2|qp9,historical,5.0,0-29,30,30,True,True,True,e8ac4998da90b3b1678c1cc8c2af34eedbc1c190e3d7bd1a6177e44dae2c5bba,frozen run_specs plus configuration-labelled raw_final records,NTP-newtaipei-idx13763-0-2,1.3181299117420329,0,0,30.0,PASS,True,data/submission/raw_final.csv,False,86.53972400026396
Development,NTP-newtaipei-idx13763-0-2|qp9,historical,6.0,0-29,30,30,True,True,True,e8ac4998da90b3b1678c1cc8c2af34eedbc1c190e3d7bd1a6177e44dae2c5bba,frozen run_specs plus configuration-labelled raw_final records,NTP-newtaipei-idx13763-0-2,1.3181299117420329,0,0,29.0,PASS,True,data/submission/raw_final.csv,False,87.75327720004134
Development,NTP-newtaipei-idx13763-0-2|qp9,historical,6.0,10000-10029,30,30,True,True,True,e8ac4998da90b3b1678c1cc8c2af34eedbc1c190e3d7bd1a6177e44dae2c5bba,frozen run_specs plus configuration-labelled raw_final records,NTP-newtaipei-idx13763-0-2,1.312024485324159,0,0,29.0,PASS,True,new package,True,54.21690160004073
Development,NTP-newtaipei-idx13763-0-2|qp9,historical,7.0,0-29,30,30,True,True,True,e8ac4998da90b3b1678c1cc8c2af34eedbc1c190e3d7bd1a6177e44dae2c5bba,frozen run_specs plus configuration-labelled raw_final records,NTP-newtaipei-idx13763-0-2,1.3181299117420329,0,0,29.0,PASS,True,data/submission/raw_final.csv,False,97.13501129974613
Development,NTP-newtaipei-idx13763-0-2|qp9,historical,8.0,0-29,30,30,True,True,True,e8ac4998da90b3b1678c1cc8c2af34eedbc1c190e3d7bd1a6177e44dae2c5bba,frozen run_specs plus configuration-labelled raw_final records,NTP-newtaipei-idx13763-0-2,1.3181299117420329,0,0,28.0,FAIL,True,data/submission/raw_final.csv,False,96.4282586001791
Development,NTP-newtaipei-idx13763-0-2|qp9,historical,8.0,10000-10029,30,30,True,True,True,e8ac4998da90b3b1678c1cc8c2af34eedbc1c190e3d7bd1a6177e44dae2c5bba,frozen run_specs plus configuration-labelled raw_final records,NTP-newtaipei-idx13763-0-2,1.312024485324159,0,0,29.0,PASS,True,new package,True,60.30683969994425
Development,NTP-newtaipei-idx13763-0-2|qp9,historical,10.0,0-29,30,30,True,True,True,e8ac4998da90b3b1678c1cc8c2af34eedbc1c190e3d7bd1a6177e44dae2c5bba,frozen run_specs plus configuration-labelled raw_final records,NTP-newtaipei-idx13763-0-2,1.3181299117420329,0,0,25.0,FAIL,True,data/submission/raw_final.csv,False,107.16593049908988
Development,NTP-newtaipei-idx13763-0-2|qp9,historical,12.0,0-29,30,30,True,True,True,e8ac4998da90b3b1678c1cc8c2af34eedbc1c190e3d7bd1a6177e44dae2c5bba,frozen run_specs plus configuration-labelled raw_final records,NTP-newtaipei-idx13763-0-2,1.3181299117420329,0,0,26.0,FAIL,True,data/submission/raw_final.csv,False,131.51150939962827
Development,NTP-newtaipei-idx13763-0-2|qp9,historical,15.0,0-29,30,30,True,True,True,e8ac4998da90b3b1678c1cc8c2af34eedbc1c190e3d7bd1a6177e44dae2c5bba,frozen run_specs plus configuration-labelled raw_final records,NTP-newtaipei-idx13763-0-2,1.3181299117420329,0,0,13.0,FAIL,True,data/submission/raw_final.csv,False,143.256282299757
Development,NTP-newtaipei-idx13776-0-2|qp20,historical,0.0,0-29,30,30,True,True,True,dec5f7c35f67d1e3e773108ea95e5bbed4aa50687c287cb00e55214d7fd42202,frozen run_specs plus configuration-labelled raw_final records,NTP-newtaipei-idx13776-0-2,1.2561807238268228,0,0,30.0,PASS,True,data/submission/raw_final.csv,False,128.1210250996519
Development,NTP-newtaipei-idx13776-0-2|qp20,historical,1.0,0-29,30,30,True,True,True,dec5f7c35f67d1e3e773108ea95e5bbed4aa50687c287cb00e55214d7fd42202,frozen run_specs plus configuration-labelled raw_final records,NTP-newtaipei-idx13776-0-2,1.2561807238268228,0,0,30.0,PASS,True,data/submission/raw_final.csv,False,108.08263839944266
Development,NTP-newtaipei-idx13776-0-2|qp20,historical,2.0,0-29,30,30,True,True,True,dec5f7c35f67d1e3e773108ea95e5bbed4aa50687c287cb00e55214d7fd42202,frozen run_specs plus configuration-labelled raw_final records,NTP-newtaipei-idx13776-0-2,1.2561807238268228,0,0,30.0,PASS,True,data/submission/raw_final.csv,False,134.910821900703
Development,NTP-newtaipei-idx13776-0-2|qp20,historical,3.0,0-29,30,30,True,True,True,dec5f7c35f67d1e3e773108ea95e5bbed4aa50687c287cb00e55214d7fd42202,frozen run_specs plus configuration-labelled raw_final records,NTP-newtaipei-idx13776-0-2,1.2561807238268228,0,0,30.0,PASS,True,data/submission/raw_final.csv,False,137.67756280093454
Development,NTP-newtaipei-idx13776-0-2|qp20,historical,4.0,0-29,30,30,True,True,True,dec5f7c35f67d1e3e773108ea95e5bbed4aa50687c287cb00e55214d7fd42202,frozen run_specs plus configuration-labelled raw_final records,NTP-newtaipei-idx13776-0-2,1.2561807238268228,0,0,30.0,PASS,True,data/submission/raw_final.csv,False,137.29191919998266
Development,NTP-newtaipei-idx13776-0-2|qp20,historical,5.0,0-29,30,30,True,True,True,dec5f7c35f67d1e3e773108ea95e5bbed4aa50687c287cb00e55214d7fd42202,frozen run_specs plus configuration-labelled raw_final records,NTP-newtaipei-idx13776-0-2,1.2561807238268228,0,0,29.0,PASS,True,data/submission/raw_final.csv,False,160.866598501103
Development,NTP-newtaipei-idx13776-0-2|qp20,historical,6.0,0-29,30,30,True,True,True,dec5f7c35f67d1e3e773108ea95e5bbed4aa50687c287cb00e55214d7fd42202,frozen run_specs plus configuration-labelled raw_final records,NTP-newtaipei-idx13776-0-2,1.2561807238268228,0,0,25.0,FAIL,True,data/submission/raw_final.csv,False,155.6300046998076
Development,NTP-newtaipei-idx13776-0-2|qp9,historical,0.0,0-29,30,30,True,True,True,71920613caa076bc44e67d7b1cca6605115e070da7814ddec8b9dcd91f156670,frozen run_specs plus configuration-labelled raw_final records,NTP-newtaipei-idx13776-0-2,1.321143794298039,0,0,30.0,PASS,True,data/submission/raw_final.csv,False,73.64224109984934
Development,NTP-newtaipei-idx13776-0-2|qp9,historical,1.0,0-29,30,30,True,True,True,71920613caa076bc44e67d7b1cca6605115e070da7814ddec8b9dcd91f156670,frozen run_specs plus configuration-labelled raw_final records,NTP-newtaipei-idx13776-0-2,1.321143794298039,0,0,30.0,PASS,True,data/submission/raw_final.csv,False,62.31810680031776
Development,NTP-newtaipei-idx13776-0-2|qp9,historical,2.0,0-29,30,30,True,True,True,71920613caa076bc44e67d7b1cca6605115e070da7814ddec8b9dcd91f156670,frozen run_specs plus configuration-labelled raw_final records,NTP-newtaipei-idx13776-0-2,1.321143794298039,0,0,30.0,PASS,True,data/submission/raw_final.csv,False,80.87224640022032
Development,NTP-newtaipei-idx13776-0-2|qp9,historical,3.0,0-29,30,30,True,True,True,71920613caa076bc44e67d7b1cca6605115e070da7814ddec8b9dcd91f156670,frozen run_specs plus configuration-labelled raw_final records,NTP-newtaipei-idx13776-0-2,1.321143794298039,0,0,30.0,PASS,True,data/submission/raw_final.csv,False,88.31820200011134
Development,NTP-newtaipei-idx13776-0-2|qp9,historical,4.0,0-29,30,30,True,True,True,71920613caa076bc44e67d7b1cca6605115e070da7814ddec8b9dcd91f156670,frozen run_specs plus configuration-labelled raw_final records,NTP-newtaipei-idx13776-0-2,1.321143794298039,0,0,30.0,PASS,True,data/submission/raw_final.csv,False,87.96894980082288
Development,NTP-newtaipei-idx13776-0-2|qp9,historical,5.0,0-29,30,30,True,True,True,71920613caa076bc44e67d7b1cca6605115e070da7814ddec8b9dcd91f156670,frozen run_specs plus configuration-labelled raw_final records,NTP-newtaipei-idx13776-0-2,1.321143794298039,0,0,30.0,PASS,True,data/submission/raw_final.csv,False,96.70875959913246
Development,NTP-newtaipei-idx13776-0-2|qp9,historical,6.0,0-29,30,30,True,True,True,71920613caa076bc44e67d7b1cca6605115e070da7814ddec8b9dcd91f156670,frozen run_specs plus configuration-labelled raw_final records,NTP-newtaipei-idx13776-0-2,1.321143794298039,0,0,29.0,PASS,True,data/submission/raw_final.csv,False,95.23275589966217
Development,NTP-newtaipei-idx13776-0-2|qp9,historical,7.0,0-29,30,30,True,True,True,71920613caa076bc44e67d7b1cca6605115e070da7814ddec8b9dcd91f156670,frozen run_specs plus configuration-labelled raw_final records,NTP-newtaipei-idx13776-0-2,1.321143794298039,0,0,28.0,FAIL,True,data/submission/raw_final.csv,False,100.07397839962503
Development,NTP-newtaipei-idx13776-0-2|qp9,historical,8.0,0-29,30,30,True,True,True,71920613caa076bc44e67d7b1cca6605115e070da7814ddec8b9dcd91f156670,frozen run_specs plus configuration-labelled raw_final records,NTP-newtaipei-idx13776-0-2,1.321143794298039,0,0,26.0,FAIL,True,data/submission/raw_final.csv,False,103.2057125007268
Development,NTP-newtaipei-idx13776-0-2|qp9,historical,10.0,0-29,30,30,True,True,True,71920613caa076bc44e67d7b1cca6605115e070da7814ddec8b9dcd91f156670,frozen run_specs plus configuration-labelled raw_final records,NTP-newtaipei-idx13776-0-2,1.321143794298039,0,0,19.0,FAIL,True,data/submission/raw_final.csv,False,109.08592949970624
Development,NTP-newtaipei-idx13776-0-2|qp9,historical,12.0,0-29,30,30,True,True,True,71920613caa076bc44e67d7b1cca6605115e070da7814ddec8b9dcd91f156670,frozen run_specs plus configuration-labelled raw_final records,NTP-newtaipei-idx13776-0-2,1.321143794298039,0,0,12.0,FAIL,True,data/submission/raw_final.csv,False,128.2890262999572
Development,NTP-newtaipei-idx251-0-0|qp12,historical,0.0,0-29,30,30,True,True,True,6e721f1fd90e67554c05e939e6b36fc272b54d53def03d6c03f28238a6490b1d,frozen run_specs plus configuration-labelled raw_final records,NTP-newtaipei-idx251-0-0,1.3233646988369818,0,0,30.0,PASS,True,data/submission/raw_final.csv,False,87.12239460018463
Development,NTP-newtaipei-idx251-0-0|qp12,historical,1.0,0-29,30,30,True,True,True,6e721f1fd90e67554c05e939e6b36fc272b54d53def03d6c03f28238a6490b1d,frozen run_specs plus configuration-labelled raw_final records,NTP-newtaipei-idx251-0-0,1.3233646988369818,0,0,30.0,PASS,True,data/submission/raw_final.csv,False,76.11004959908314
Development,NTP-newtaipei-idx251-0-0|qp12,historical,2.0,0-29,30,30,True,True,True,6e721f1fd90e67554c05e939e6b36fc272b54d53def03d6c03f28238a6490b1d,frozen run_specs plus configuration-labelled raw_final records,NTP-newtaipei-idx251-0-0,1.3233646988369818,0,0,30.0,PASS,True,data/submission/raw_final.csv,False,100.04727379977705
Development,NTP-newtaipei-idx251-0-0|qp12,historical,3.0,0-29,30,30,True,True,True,6e721f1fd90e67554c05e939e6b36fc272b54d53def03d6c03f28238a6490b1d,frozen run_specs plus configuration-labelled raw_final records,NTP-newtaipei-idx251-0-0,1.3233646988369818,0,0,30.0,PASS,True,data/submission/raw_final.csv,False,100.71678380016236
Development,NTP-newtaipei-idx251-0-0|qp12,historical,4.0,0-29,30,30,True,True,True,6e721f1fd90e67554c05e939e6b36fc272b54d53def03d6c03f28238a6490b1d,frozen run_specs plus configuration-labelled raw_final records,NTP-newtaipei-idx251-0-0,1.3233646988369818,0,0,30.0,PASS,True,data/submission/raw_final.csv,False,93.09373609977774
Development,NTP-newtaipei-idx251-0-0|qp12,historical,5.0,0-29,30,30,True,True,True,6e721f1fd90e67554c05e939e6b36fc272b54d53def03d6c03f28238a6490b1d,frozen run_specs plus configuration-labelled raw_final records,NTP-newtaipei-idx251-0-0,1.3233646988369818,0,0,30.0,PASS,True,data/submission/raw_final.csv,False,104.65569490077904
Development,NTP-newtaipei-idx251-0-0|qp12,historical,6.0,0-29,30,30,True,True,True,6e721f1fd90e67554c05e939e6b36fc272b54d53def03d6c03f28238a6490b1d,frozen run_specs plus configuration-labelled raw_final records,NTP-newtaipei-idx251-0-0,1.3233646988369818,0,0,30.0,PASS,True,data/submission/raw_final.csv,False,106.8930561991874
Development,NTP-newtaipei-idx251-0-0|qp12,historical,8.0,0-29,30,30,True,True,True,6e721f1fd90e67554c05e939e6b36fc272b54d53def03d6c03f28238a6490b1d,frozen run_specs plus configuration-labelled raw_final records,NTP-newtaipei-idx251-0-0,1.3233646988369818,0,0,30.0,PASS,True,data/submission/raw_final.csv,False,107.3262566998601
Development,NTP-newtaipei-idx251-0-0|qp12,historical,10.0,0-29,30,30,True,True,True,6e721f1fd90e67554c05e939e6b36fc272b54d53def03d6c03f28238a6490b1d,frozen run_specs plus configuration-labelled raw_final records,NTP-newtaipei-idx251-0-0,1.3233646988369818,0,0,30.0,PASS,True,data/submission/raw_final.csv,False,117.45034729968756
Development,NTP-newtaipei-idx251-0-0|qp12,historical,11.0,0-29,30,30,True,True,True,6e721f1fd90e67554c05e939e6b36fc272b54d53def03d6c03f28238a6490b1d,frozen run_specs plus configuration-labelled raw_final records,NTP-newtaipei-idx251-0-0,1.3233646988369818,0,0,30.0,PASS,True,data/submission/raw_final.csv,False,73.77900000032969
Development,NTP-newtaipei-idx251-0-0|qp12,historical,12.0,0-29,30,30,True,True,True,6e721f1fd90e67554c05e939e6b36fc272b54d53def03d6c03f28238a6490b1d,frozen run_specs plus configuration-labelled raw_final records,NTP-newtaipei-idx251-0-0,1.3233646988369818,0,0,30.0,PASS,True,data/submission/raw_final.csv,False,127.88747890060768
Development,NTP-newtaipei-idx251-0-0|qp12,historical,13.0,0-29,30,30,True,True,True,6e721f1fd90e67554c05e939e6b36fc272b54d53def03d6c03f28238a6490b1d,frozen run_specs plus configuration-labelled raw_final records,NTP-newtaipei-idx251-0-0,1.3233646988369818,0,0,30.0,PASS,True,data/submission/raw_final.csv,False,77.70499999960884
Development,NTP-newtaipei-idx251-0-0|qp12,historical,14.0,0-29,30,30,True,True,True,6e721f1fd90e67554c05e939e6b36fc272b54d53def03d6c03f28238a6490b1d,frozen run_specs plus configuration-labelled raw_final records,NTP-newtaipei-idx251-0-0,1.3233646988369818,0,0,29.0,PASS,True,data/submission/raw_final.csv,False,78.26799999992363
Development,NTP-newtaipei-idx251-0-0|qp12,historical,15.0,0-29,30,30,True,True,True,6e721f1fd90e67554c05e939e6b36fc272b54d53def03d6c03f28238a6490b1d,frozen run_specs plus configuration-labelled raw_final records,NTP-newtaipei-idx251-0-0,1.3233646988369818,0,0,29.0,PASS,True,data/submission/raw_final.csv,False,144.65271700033918
Development,NTP-newtaipei-idx251-0-0|qp12,historical,18.0,0-29,30,30,True,True,True,6e721f1fd90e67554c05e939e6b36fc272b54d53def03d6c03f28238a6490b1d,frozen run_specs plus configuration-labelled raw_final records,NTP-newtaipei-idx251-0-0,1.3233646988369818,0,0,29.0,PASS,True,data/submission/raw_final.csv,False,189.39616569969803
Development,NTP-newtaipei-idx251-0-0|qp12,historical,19.0,0-29,30,30,True,True,True,6e721f1fd90e67554c05e939e6b36fc272b54d53def03d6c03f28238a6490b1d,frozen run_specs plus configuration-labelled raw_final records,NTP-newtaipei-idx251-0-0,1.3233646988369818,0,0,29.0,PASS,True,data/submission/raw_final.csv,False,161.7575800002087
Development,NTP-newtaipei-idx251-0-0|qp12,historical,20.0,0-29,30,30,True,True,True,6e721f1fd90e67554c05e939e6b36fc272b54d53def03d6c03f28238a6490b1d,frozen run_specs plus configuration-labelled raw_final records,NTP-newtaipei-idx251-0-0,1.3233646988369818,0,0,28.0,FAIL,True,data/submission/raw_final.csv,False,182.61119490046983
Development,NTP-newtaipei-idx251-0-0|qp30,historical,0.0,0-29,30,30,True,True,True,b7ac7c05ff4c8f1c0cf9d71c831cd1a442b8b43fd955142efd60640602bc3370,frozen run_specs plus configuration-labelled raw_final records,NTP-newtaipei-idx251-0-0,1.2597113349344575,0,0,30.0,PASS,True,data/submission/raw_final.csv,False,164.0140256001614
Development,NTP-newtaipei-idx251-0-0|qp30,historical,0.0,10000-10029,30,30,True,True,True,b7ac7c05ff4c8f1c0cf9d71c831cd1a442b8b43fd955142efd60640602bc3370,frozen run_specs plus configuration-labelled raw_final records,NTP-newtaipei-idx251-0-0,1.2563985433283733,0,0,30.0,PASS,True,new package,True,107.14208540003165
Development,NTP-newtaipei-idx251-0-0|qp30,historical,1.0,0-29,30,30,True,True,True,b7ac7c05ff4c8f1c0cf9d71c831cd1a442b8b43fd955142efd60640602bc3370,frozen run_specs plus configuration-labelled raw_final records,NTP-newtaipei-idx251-0-0,1.2597113349344575,0,0,30.0,PASS,True,data/submission/raw_final.csv,False,169.3514007993508
Development,NTP-newtaipei-idx251-0-0|qp30,historical,2.0,0-29,30,30,True,True,True,b7ac7c05ff4c8f1c0cf9d71c831cd1a442b8b43fd955142efd60640602bc3370,frozen run_specs plus configuration-labelled raw_final records,NTP-newtaipei-idx251-0-0,1.2597113349344575,0,0,30.0,PASS,True,data/submission/raw_final.csv,False,199.472978499718
Development,NTP-newtaipei-idx251-0-0|qp30,historical,2.0,10000-10029,30,30,True,True,True,b7ac7c05ff4c8f1c0cf9d71c831cd1a442b8b43fd955142efd60640602bc3370,frozen run_specs plus configuration-labelled raw_final records,NTP-newtaipei-idx251-0-0,1.2563985433283733,0,0,30.0,PASS,True,new package,True,114.8054330999148
Development,NTP-newtaipei-idx251-0-0|qp30,historical,3.0,0-29,30,30,True,True,True,b7ac7c05ff4c8f1c0cf9d71c831cd1a442b8b43fd955142efd60640602bc3370,frozen run_specs plus configuration-labelled raw_final records,NTP-newtaipei-idx251-0-0,1.2597113349344575,0,0,30.0,PASS,True,data/submission/raw_final.csv,False,200.71606409945525
Development,NTP-newtaipei-idx251-0-0|qp30,historical,4.0,0-29,30,30,True,True,True,b7ac7c05ff4c8f1c0cf9d71c831cd1a442b8b43fd955142efd60640602bc3370,frozen run_specs plus configuration-labelled raw_final records,NTP-newtaipei-idx251-0-0,1.2597113349344575,0,0,30.0,PASS,True,data/submission/raw_final.csv,False,192.93977800011635
Development,NTP-newtaipei-idx251-0-0|qp30,historical,5.0,0-29,30,30,True,True,True,b7ac7c05ff4c8f1c0cf9d71c831cd1a442b8b43fd955142efd60640602bc3370,frozen run_specs plus configuration-labelled raw_final records,NTP-newtaipei-idx251-0-0,1.2597113349344575,0,0,30.0,PASS,True,data/submission/raw_final.csv,False,202.0147705001291
Development,NTP-newtaipei-idx251-0-0|qp30,historical,5.0,10000-10029,30,30,True,True,True,b7ac7c05ff4c8f1c0cf9d71c831cd1a442b8b43fd955142efd60640602bc3370,frozen run_specs plus configuration-labelled raw_final records,NTP-newtaipei-idx251-0-0,1.2563985433283733,0,0,30.0,PASS,True,new package,True,126.64794320001964
Development,NTP-newtaipei-idx251-0-0|qp30,historical,6.0,0-29,30,30,True,True,True,b7ac7c05ff4c8f1c0cf9d71c831cd1a442b8b43fd955142efd60640602bc3370,frozen run_specs plus configuration-labelled raw_final records,NTP-newtaipei-idx251-0-0,1.2597113349344575,0,0,30.0,PASS,True,data/submission/raw_final.csv,False,206.1387085001916
Development,NTP-newtaipei-idx251-0-0|qp30,historical,8.0,0-29,30,30,True,True,True,b7ac7c05ff4c8f1c0cf9d71c831cd1a442b8b43fd955142efd60640602bc3370,frozen run_specs plus configuration-labelled raw_final records,NTP-newtaipei-idx251-0-0,1.2597113349344575,0,0,30.0,PASS,True,data/submission/raw_final.csv,False,209.4574939000886
Development,NTP-newtaipei-idx251-0-0|qp30,historical,10.0,0-29,30,30,True,True,True,b7ac7c05ff4c8f1c0cf9d71c831cd1a442b8b43fd955142efd60640602bc3370,frozen run_specs plus configuration-labelled raw_final records,NTP-newtaipei-idx251-0-0,1.2597113349344575,0,0,30.0,PASS,True,data/submission/raw_final.csv,False,218.9939379992429
Development,NTP-newtaipei-idx251-0-0|qp30,historical,11.0,0-29,30,30,True,True,True,b7ac7c05ff4c8f1c0cf9d71c831cd1a442b8b43fd955142efd60640602bc3370,frozen run_specs plus configuration-labelled raw_final records,NTP-newtaipei-idx251-0-0,1.2597113349344575,0,0,30.0,PASS,True,data/submission/raw_final.csv,False,221.68122939905152
Development,NTP-newtaipei-idx251-0-0|qp30,historical,12.0,0-29,30,30,True,True,True,b7ac7c05ff4c8f1c0cf9d71c831cd1a442b8b43fd955142efd60640602bc3370,frozen run_specs plus configuration-labelled raw_final records,NTP-newtaipei-idx251-0-0,1.2597113349344575,0,0,28.0,FAIL,True,data/submission/raw_final.csv,False,233.86320239980705
Development,NTP-newtaipei-idx251-0-0|qp30,historical,15.0,0-29,30,30,True,True,True,b7ac7c05ff4c8f1c0cf9d71c831cd1a442b8b43fd955142efd60640602bc3370,frozen run_specs plus configuration-labelled raw_final records,NTP-newtaipei-idx251-0-0,1.2597113349344575,0,0,19.0,FAIL,True,data/submission/raw_final.csv,False,283.8731035992969
Development,NTP-newtaipei-idx251-0-0|qp30,historical,18.0,0-29,30,30,True,True,True,b7ac7c05ff4c8f1c0cf9d71c831cd1a442b8b43fd955142efd60640602bc3370,frozen run_specs plus configuration-labelled raw_final records,NTP-newtaipei-idx251-0-0,1.2597113349344575,0,0,9.0,FAIL,True,data/submission/raw_final.csv,False,325.48868609941565
Development,NTP-newtaipei-idx3820-0-0|qp22,historical,0.0,0-29,30,30,True,True,False,,no preserved run_spec,NTP-newtaipei-idx3820-0-0,,0,0,,MISSING_CONFIGURATION_PROOF,False,data/submission/raw_final.csv,False,141.6598981008865
Development,NTP-newtaipei-idx3820-0-0|qp22,historical,1.0,0-29,30,30,True,True,False,,no preserved run_spec,NTP-newtaipei-idx3820-0-0,,0,0,,MISSING_CONFIGURATION_PROOF,False,data/submission/raw_final.csv,False,665.9146974002942
Development,NTP-newtaipei-idx3820-0-0|qp38,historical,0.0,0-29,30,30,True,True,False,,no preserved run_spec,NTP-newtaipei-idx3820-0-0,,0,0,,MISSING_CONFIGURATION_PROOF,False,data/submission/raw_final.csv,False,202.21339030051604
Development,NTP-newtaipei-idx3820-0-0|qp38,historical,1.0,0-29,30,30,True,True,False,,no preserved run_spec,NTP-newtaipei-idx3820-0-0,,0,0,,MISSING_CONFIGURATION_PROOF,False,data/submission/raw_final.csv,False,1199.464780499693
Development,NTP-newtaipei-idx3916-0-1|qp42,historical,0.0,0-29,30,30,True,True,False,,no preserved run_spec,NTP-newtaipei-idx3916-0-1,,0,0,,MISSING_CONFIGURATION_PROOF,False,data/submission/raw_final.csv,False,254.84271219954823
Development,NTP-newtaipei-idx3916-0-1|qp42,historical,1.0,0-29,30,30,True,True,False,,no preserved run_spec,NTP-newtaipei-idx3916-0-1,,0,0,,MISSING_CONFIGURATION_PROOF,False,data/submission/raw_final.csv,False,1424.396171400091
Development,NTP-newtaipei-idx3916-0-1|qp63,historical,0.0,0-29,30,30,True,True,False,,no preserved run_spec,NTP-newtaipei-idx3916-0-1,,0,0,,MISSING_CONFIGURATION_PROOF,False,data/submission/raw_final.csv,False,815.0626737992279
Development,NTP-newtaipei-idx4423-0-0|qp15,historical,0.0,0-29,30,30,True,True,True,803a72145733d683e52a296f4d93b6a4b97884e6b31ebfacae5792a21d1a0133,frozen run_specs plus configuration-labelled raw_final records,NTP-newtaipei-idx4423-0-0,1.3219176593093844,0,0,30.0,PASS,True,data/submission/raw_final.csv,False,112.1533622003626
Development,NTP-newtaipei-idx4423-0-0|qp15,historical,1.0,0-29,30,30,True,True,True,803a72145733d683e52a296f4d93b6a4b97884e6b31ebfacae5792a21d1a0133,frozen run_specs plus configuration-labelled raw_final records,NTP-newtaipei-idx4423-0-0,1.3219176593093844,0,0,30.0,PASS,True,data/submission/raw_final.csv,False,108.53024899959564
Development,NTP-newtaipei-idx4423-0-0|qp15,historical,2.0,0-29,30,30,True,True,True,803a72145733d683e52a296f4d93b6a4b97884e6b31ebfacae5792a21d1a0133,frozen run_specs plus configuration-labelled raw_final records,NTP-newtaipei-idx4423-0-0,1.3219176593093844,0,0,30.0,PASS,True,data/submission/raw_final.csv,False,110.5064227001276
Development,NTP-newtaipei-idx4423-0-0|qp15,historical,3.0,0-29,30,30,True,True,True,803a72145733d683e52a296f4d93b6a4b97884e6b31ebfacae5792a21d1a0133,frozen run_specs plus configuration-labelled raw_final records,NTP-newtaipei-idx4423-0-0,1.3219176593093844,0,0,30.0,PASS,True,data/submission/raw_final.csv,False,114.098749300465
Development,NTP-newtaipei-idx4423-0-0|qp15,historical,4.0,0-29,30,30,True,True,True,803a72145733d683e52a296f4d93b6a4b97884e6b31ebfacae5792a21d1a0133,frozen run_specs plus configuration-labelled raw_final records,NTP-newtaipei-idx4423-0-0,1.3219176593093844,0,0,30.0,PASS,True,data/submission/raw_final.csv,False,113.34887449909002
Development,NTP-newtaipei-idx4423-0-0|qp15,historical,5.0,0-29,30,30,True,True,True,803a72145733d683e52a296f4d93b6a4b97884e6b31ebfacae5792a21d1a0133,frozen run_specs plus configuration-labelled raw_final records,NTP-newtaipei-idx4423-0-0,1.3219176593093844,0,0,30.0,PASS,True,data/submission/raw_final.csv,False,99.78888719994576
Development,NTP-newtaipei-idx4423-0-0|qp15,historical,6.0,0-29,30,30,True,True,True,803a72145733d683e52a296f4d93b6a4b97884e6b31ebfacae5792a21d1a0133,frozen run_specs plus configuration-labelled raw_final records,NTP-newtaipei-idx4423-0-0,1.3219176593093844,0,0,30.0,PASS,True,data/submission/raw_final.csv,False,121.82861759979278
Development,NTP-newtaipei-idx4423-0-0|qp15,historical,8.0,0-29,30,30,True,True,True,803a72145733d683e52a296f4d93b6a4b97884e6b31ebfacae5792a21d1a0133,frozen run_specs plus configuration-labelled raw_final records,NTP-newtaipei-idx4423-0-0,1.3219176593093844,0,0,30.0,PASS,True,data/submission/raw_final.csv,False,125.93839100003242
Development,NTP-newtaipei-idx4423-0-0|qp15,historical,10.0,0-29,30,30,True,True,True,803a72145733d683e52a296f4d93b6a4b97884e6b31ebfacae5792a21d1a0133,frozen run_specs plus configuration-labelled raw_final records,NTP-newtaipei-idx4423-0-0,1.3219176593093844,0,0,30.0,PASS,True,data/submission/raw_final.csv,False,137.05159159982577
Development,NTP-newtaipei-idx4423-0-0|qp15,historical,12.0,0-29,30,30,True,True,True,803a72145733d683e52a296f4d93b6a4b97884e6b31ebfacae5792a21d1a0133,frozen run_specs plus configuration-labelled raw_final records,NTP-newtaipei-idx4423-0-0,1.3219176593093844,0,0,30.0,PASS,True,data/submission/raw_final.csv,False,152.11907719960436
Development,NTP-newtaipei-idx4423-0-0|qp15,historical,13.0,0-29,30,30,True,True,True,803a72145733d683e52a296f4d93b6a4b97884e6b31ebfacae5792a21d1a0133,frozen run_specs plus configuration-labelled raw_final records,NTP-newtaipei-idx4423-0-0,1.3219176593093844,0,0,30.0,PASS,True,data/submission/raw_final.csv,False,87.15500000002794
Development,NTP-newtaipei-idx4423-0-0|qp15,historical,14.0,0-29,30,30,True,True,True,803a72145733d683e52a296f4d93b6a4b97884e6b31ebfacae5792a21d1a0133,frozen run_specs plus configuration-labelled raw_final records,NTP-newtaipei-idx4423-0-0,1.3219176593093844,0,0,30.0,PASS,True,data/submission/raw_final.csv,False,90.76300000073388
Development,NTP-newtaipei-idx4423-0-0|qp15,historical,15.0,0-29,30,30,True,True,True,803a72145733d683e52a296f4d93b6a4b97884e6b31ebfacae5792a21d1a0133,frozen run_specs plus configuration-labelled raw_final records,NTP-newtaipei-idx4423-0-0,1.3219176593093844,0,0,30.0,PASS,True,data/submission/raw_final.csv,False,175.5234163987916
Development,NTP-newtaipei-idx4423-0-0|qp15,historical,16.0,0-29,30,30,True,True,True,803a72145733d683e52a296f4d93b6a4b97884e6b31ebfacae5792a21d1a0133,frozen run_specs plus configuration-labelled raw_final records,NTP-newtaipei-idx4423-0-0,1.3219176593093844,0,0,30.0,PASS,True,data/submission/raw_final.csv,False,93.20300000021234
Development,NTP-newtaipei-idx4423-0-0|qp15,historical,17.0,0-29,30,30,True,True,True,803a72145733d683e52a296f4d93b6a4b97884e6b31ebfacae5792a21d1a0133,frozen run_specs plus configuration-labelled raw_final records,NTP-newtaipei-idx4423-0-0,1.3219176593093844,0,0,30.0,PASS,True,data/submission/raw_final.csv,False,98.42000000085682
Development,NTP-newtaipei-idx4423-0-0|qp15,historical,18.0,0-29,30,30,True,True,True,803a72145733d683e52a296f4d93b6a4b97884e6b31ebfacae5792a21d1a0133,frozen run_specs plus configuration-labelled raw_final records,NTP-newtaipei-idx4423-0-0,1.3219176593093844,0,0,30.0,PASS,True,data/submission/raw_final.csv,False,189.20589300012216
Development,NTP-newtaipei-idx4423-0-0|qp15,historical,20.0,0-29,30,30,True,True,True,803a72145733d683e52a296f4d93b6a4b97884e6b31ebfacae5792a21d1a0133,frozen run_specs plus configuration-labelled raw_final records,NTP-newtaipei-idx4423-0-0,1.3219176593093844,0,0,30.0,PASS,True,data/submission/raw_final.csv,False,204.0310485006776
Development,NTP-newtaipei-idx4423-0-0|qp36,historical,0.0,0-29,30,30,True,True,True,29d3945ccb2bfea33894f9b4d87a4ad4797d37d76023917259e1ac733f5b4028,frozen run_specs plus configuration-labelled raw_final records,NTP-newtaipei-idx4423-0-0,1.2530786286832858,0,0,30.0,PASS,True,data/submission/raw_final.csv,False,220.12236039992425
Development,NTP-newtaipei-idx4423-0-0|qp36,historical,1.0,0-29,30,30,True,True,True,29d3945ccb2bfea33894f9b4d87a4ad4797d37d76023917259e1ac733f5b4028,frozen run_specs plus configuration-labelled raw_final records,NTP-newtaipei-idx4423-0-0,1.2530786286832858,0,0,30.0,PASS,True,data/submission/raw_final.csv,False,211.93066120077856
Development,NTP-newtaipei-idx4423-0-0|qp36,historical,2.0,0-29,30,30,True,True,True,29d3945ccb2bfea33894f9b4d87a4ad4797d37d76023917259e1ac733f5b4028,frozen run_specs plus configuration-labelled raw_final records,NTP-newtaipei-idx4423-0-0,1.2530786286832858,0,0,30.0,PASS,True,data/submission/raw_final.csv,False,231.58338420046493
Development,NTP-newtaipei-idx4423-0-0|qp36,historical,3.0,0-29,30,30,True,True,True,29d3945ccb2bfea33894f9b4d87a4ad4797d37d76023917259e1ac733f5b4028,frozen run_specs plus configuration-labelled raw_final records,NTP-newtaipei-idx4423-0-0,1.2530786286832858,0,0,30.0,PASS,True,data/submission/raw_final.csv,False,229.2236281998921
Development,NTP-newtaipei-idx4423-0-0|qp36,historical,4.0,0-29,30,30,True,True,True,29d3945ccb2bfea33894f9b4d87a4ad4797d37d76023917259e1ac733f5b4028,frozen run_specs plus configuration-labelled raw_final records,NTP-newtaipei-idx4423-0-0,1.2530786286832858,0,0,30.0,PASS,True,data/submission/raw_final.csv,False,230.6089195995592
Development,NTP-newtaipei-idx4423-0-0|qp36,historical,5.0,0-29,30,30,True,True,True,29d3945ccb2bfea33894f9b4d87a4ad4797d37d76023917259e1ac733f5b4028,frozen run_specs plus configuration-labelled raw_final records,NTP-newtaipei-idx4423-0-0,1.2530786286832858,0,0,30.0,PASS,True,data/submission/raw_final.csv,False,224.0490329999011
Development,NTP-newtaipei-idx4423-0-0|qp36,historical,6.0,0-29,30,30,True,True,True,29d3945ccb2bfea33894f9b4d87a4ad4797d37d76023917259e1ac733f5b4028,frozen run_specs plus configuration-labelled raw_final records,NTP-newtaipei-idx4423-0-0,1.2530786286832858,0,0,30.0,PASS,True,data/submission/raw_final.csv,False,251.8459369998891
Development,NTP-newtaipei-idx4423-0-0|qp36,historical,7.0,0-29,30,30,True,True,True,29d3945ccb2bfea33894f9b4d87a4ad4797d37d76023917259e1ac733f5b4028,frozen run_specs plus configuration-labelled raw_final records,NTP-newtaipei-idx4423-0-0,1.2530786286832858,0,0,30.0,PASS,True,data/submission/raw_final.csv,False,162.1879999996163
Development,NTP-newtaipei-idx4423-0-0|qp36,historical,8.0,0-29,30,30,True,True,True,29d3945ccb2bfea33894f9b4d87a4ad4797d37d76023917259e1ac733f5b4028,frozen run_specs plus configuration-labelled raw_final records,NTP-newtaipei-idx4423-0-0,1.2530786286832858,0,0,30.0,PASS,True,data/submission/raw_final.csv,False,256.78315429971553
Development,NTP-newtaipei-idx4423-0-0|qp36,historical,10.0,0-29,30,30,True,True,True,29d3945ccb2bfea33894f9b4d87a4ad4797d37d76023917259e1ac733f5b4028,frozen run_specs plus configuration-labelled raw_final records,NTP-newtaipei-idx4423-0-0,1.2530786286832858,0,0,30.0,PASS,True,data/submission/raw_final.csv,False,267.2480695005506
Development,NTP-newtaipei-idx4423-0-0|qp36,historical,12.0,0-29,30,30,True,True,True,29d3945ccb2bfea33894f9b4d87a4ad4797d37d76023917259e1ac733f5b4028,frozen run_specs plus configuration-labelled raw_final records,NTP-newtaipei-idx4423-0-0,1.2530786286832858,0,0,29.0,PASS,True,data/submission/raw_final.csv,False,282.93978380039334
Development,NTP-newtaipei-idx4423-0-0|qp36,historical,13.0,0-29,30,30,True,True,True,29d3945ccb2bfea33894f9b4d87a4ad4797d37d76023917259e1ac733f5b4028,frozen run_specs plus configuration-labelled raw_final records,NTP-newtaipei-idx4423-0-0,1.2530786286832858,0,0,30.0,PASS,True,data/submission/raw_final.csv,False,260.2712642995175
Development,NTP-newtaipei-idx4423-0-0|qp36,historical,14.0,0-29,30,30,True,True,True,29d3945ccb2bfea33894f9b4d87a4ad4797d37d76023917259e1ac733f5b4028,frozen run_specs plus configuration-labelled raw_final records,NTP-newtaipei-idx4423-0-0,1.2530786286832858,0,0,26.0,FAIL,True,data/submission/raw_final.csv,False,253.21569440001625
Development,NTP-newtaipei-idx4423-0-0|qp36,historical,15.0,0-29,30,30,True,True,True,29d3945ccb2bfea33894f9b4d87a4ad4797d37d76023917259e1ac733f5b4028,frozen run_specs plus configuration-labelled raw_final records,NTP-newtaipei-idx4423-0-0,1.2530786286832858,0,0,25.0,FAIL,True,data/submission/raw_final.csv,False,312.6146745004225
Development,NTP-newtaipei-idx4423-0-0|qp36,historical,18.0,0-29,30,30,True,True,True,29d3945ccb2bfea33894f9b4d87a4ad4797d37d76023917259e1ac733f5b4028,frozen run_specs plus configuration-labelled raw_final records,NTP-newtaipei-idx4423-0-0,1.2530786286832858,0,0,8.0,FAIL,True,data/submission/raw_final.csv,False,394.0285912998952
Development,NTP-newtaipei-idx5617-0-0|qp12,historical,0.0,0-29,30,30,True,True,True,32d4ed7cce63eb922288a28cf9998d58939332a384e0d0c84f58b39bd2ff1026,frozen run_specs plus configuration-labelled raw_final records,NTP-newtaipei-idx5617-0-0,1.321814588340663,0,0,30.0,PASS,True,data/submission/raw_final.csv,False,89.90991329937242
Development,NTP-newtaipei-idx5617-0-0|qp12,historical,1.0,0-29,30,30,True,True,True,32d4ed7cce63eb922288a28cf9998d58939332a384e0d0c84f58b39bd2ff1026,frozen run_specs plus configuration-labelled raw_final records,NTP-newtaipei-idx5617-0-0,1.321814588340663,0,0,30.0,PASS,True,data/submission/raw_final.csv,False,88.51243690028787
Development,NTP-newtaipei-idx5617-0-0|qp12,historical,2.0,0-29,30,30,True,True,True,32d4ed7cce63eb922288a28cf9998d58939332a384e0d0c84f58b39bd2ff1026,frozen run_specs plus configuration-labelled raw_final records,NTP-newtaipei-idx5617-0-0,1.321814588340663,0,0,30.0,PASS,True,data/submission/raw_final.csv,False,95.41576570109464
Development,NTP-newtaipei-idx5617-0-0|qp12,historical,3.0,0-29,30,30,True,True,True,32d4ed7cce63eb922288a28cf9998d58939332a384e0d0c84f58b39bd2ff1026,frozen run_specs plus configuration-labelled raw_final records,NTP-newtaipei-idx5617-0-0,1.321814588340663,0,0,30.0,PASS,True,data/submission/raw_final.csv,False,98.87647040025333
Development,NTP-newtaipei-idx5617-0-0|qp12,historical,4.0,0-29,30,30,True,True,True,32d4ed7cce63eb922288a28cf9998d58939332a384e0d0c84f58b39bd2ff1026,frozen run_specs plus configuration-labelled raw_final records,NTP-newtaipei-idx5617-0-0,1.321814588340663,0,0,30.0,PASS,True,data/submission/raw_final.csv,False,101.59670979971996
Development,NTP-newtaipei-idx5617-0-0|qp12,historical,5.0,0-29,30,30,True,True,True,32d4ed7cce63eb922288a28cf9998d58939332a384e0d0c84f58b39bd2ff1026,frozen run_specs plus configuration-labelled raw_final records,NTP-newtaipei-idx5617-0-0,1.321814588340663,0,0,30.0,PASS,True,data/submission/raw_final.csv,False,104.82214309996924
Development,NTP-newtaipei-idx5617-0-0|qp12,historical,6.0,0-29,30,30,True,True,True,32d4ed7cce63eb922288a28cf9998d58939332a384e0d0c84f58b39bd2ff1026,frozen run_specs plus configuration-labelled raw_final records,NTP-newtaipei-idx5617-0-0,1.321814588340663,0,0,30.0,PASS,True,data/submission/raw_final.csv,False,114.375472699292
Development,NTP-newtaipei-idx5617-0-0|qp12,historical,8.0,0-29,30,30,True,True,True,32d4ed7cce63eb922288a28cf9998d58939332a384e0d0c84f58b39bd2ff1026,frozen run_specs plus configuration-labelled raw_final records,NTP-newtaipei-idx5617-0-0,1.321814588340663,0,0,30.0,PASS,True,data/submission/raw_final.csv,False,124.15398540068418
Development,NTP-newtaipei-idx5617-0-0|qp12,historical,9.0,0-29,30,30,True,True,True,32d4ed7cce63eb922288a28cf9998d58939332a384e0d0c84f58b39bd2ff1026,frozen run_specs plus configuration-labelled raw_final records,NTP-newtaipei-idx5617-0-0,1.321814588340663,0,0,30.0,PASS,True,data/submission/raw_final.csv,False,77.11200000043027
Development,NTP-newtaipei-idx5617-0-0|qp12,historical,10.0,0-29,30,30,True,True,True,32d4ed7cce63eb922288a28cf9998d58939332a384e0d0c84f58b39bd2ff1026,frozen run_specs plus configuration-labelled raw_final records,NTP-newtaipei-idx5617-0-0,1.321814588340663,0,0,30.0,PASS,True,data/submission/raw_final.csv,False,126.52228909987024
Development,NTP-newtaipei-idx5617-0-0|qp12,historical,11.0,0-29,30,30,True,True,True,32d4ed7cce63eb922288a28cf9998d58939332a384e0d0c84f58b39bd2ff1026,frozen run_specs plus configuration-labelled raw_final records,NTP-newtaipei-idx5617-0-0,1.321814588340663,0,0,30.0,PASS,True,new package,True,78.84476710003219
Development,NTP-newtaipei-idx5617-0-0|qp12,historical,12.0,0-29,30,30,True,True,True,32d4ed7cce63eb922288a28cf9998d58939332a384e0d0c84f58b39bd2ff1026,frozen run_specs plus configuration-labelled raw_final records,NTP-newtaipei-idx5617-0-0,1.321814588340663,0,0,30.0,PASS,True,data/submission/raw_final.csv,False,141.70147869968787
Development,NTP-newtaipei-idx5617-0-0|qp12,historical,13.0,0-29,30,30,True,True,True,32d4ed7cce63eb922288a28cf9998d58939332a384e0d0c84f58b39bd2ff1026,frozen run_specs plus configuration-labelled raw_final records,NTP-newtaipei-idx5617-0-0,1.321814588340663,0,0,30.0,PASS,True,data/submission/raw_final.csv,False,83.8890000001993
Development,NTP-newtaipei-idx5617-0-0|qp12,historical,15.0,0-29,30,30,True,True,True,32d4ed7cce63eb922288a28cf9998d58939332a384e0d0c84f58b39bd2ff1026,frozen run_specs plus configuration-labelled raw_final records,NTP-newtaipei-idx5617-0-0,1.321814588340663,0,0,29.0,PASS,True,data/submission/raw_final.csv,False,157.88401460065506
Development,NTP-newtaipei-idx5617-0-0|qp12,historical,16.0,0-29,30,30,True,True,True,32d4ed7cce63eb922288a28cf9998d58939332a384e0d0c84f58b39bd2ff1026,frozen run_specs plus configuration-labelled raw_final records,NTP-newtaipei-idx5617-0-0,1.321814588340663,0,0,28.0,FAIL,True,data/submission/raw_final.csv,False,144.9508726997301
Development,NTP-newtaipei-idx5617-0-0|qp12,historical,17.0,0-29,30,30,True,True,True,32d4ed7cce63eb922288a28cf9998d58939332a384e0d0c84f58b39bd2ff1026,frozen run_specs plus configuration-labelled raw_final records,NTP-newtaipei-idx5617-0-0,1.321814588340663,0,0,26.0,FAIL,True,data/submission/raw_final.csv,False,154.4271487998776
Development,NTP-newtaipei-idx5617-0-0|qp12,historical,18.0,0-29,30,30,True,True,True,32d4ed7cce63eb922288a28cf9998d58939332a384e0d0c84f58b39bd2ff1026,frozen run_specs plus configuration-labelled raw_final records,NTP-newtaipei-idx5617-0-0,1.321814588340663,0,0,26.0,FAIL,True,data/submission/raw_final.csv,False,190.0815438996069
Development,NTP-newtaipei-idx5617-0-0|qp12,historical,20.0,0-29,30,30,True,True,True,32d4ed7cce63eb922288a28cf9998d58939332a384e0d0c84f58b39bd2ff1026,frozen run_specs plus configuration-labelled raw_final records,NTP-newtaipei-idx5617-0-0,1.321814588340663,0,0,17.0,FAIL,True,data/submission/raw_final.csv,False,194.18136040028185
Development,NTP-newtaipei-idx5617-0-0|qp28,historical,0.0,0-29,30,30,True,True,True,29ee5a7bb3e6a4e81d68fe1b76ba8dcb5d87b50f5a59fedb1d0c9a380966a1dc,frozen run_specs plus configuration-labelled raw_final records,NTP-newtaipei-idx5617-0-0,1.2599292860720213,0,0,30.0,PASS,True,data/submission/raw_final.csv,False,160.52456320053898
Development,NTP-newtaipei-idx5617-0-0|qp28,historical,1.0,0-29,30,30,True,True,True,29ee5a7bb3e6a4e81d68fe1b76ba8dcb5d87b50f5a59fedb1d0c9a380966a1dc,frozen run_specs plus configuration-labelled raw_final records,NTP-newtaipei-idx5617-0-0,1.2599292860720213,0,0,30.0,PASS,True,data/submission/raw_final.csv,False,146.68948119948618
Development,NTP-newtaipei-idx5617-0-0|qp28,historical,2.0,0-29,30,30,True,True,True,29ee5a7bb3e6a4e81d68fe1b76ba8dcb5d87b50f5a59fedb1d0c9a380966a1dc,frozen run_specs plus configuration-labelled raw_final records,NTP-newtaipei-idx5617-0-0,1.2599292860720213,0,0,30.0,PASS,True,data/submission/raw_final.csv,False,180.1508200999815
Development,NTP-newtaipei-idx5617-0-0|qp28,historical,3.0,0-29,30,30,True,True,True,29ee5a7bb3e6a4e81d68fe1b76ba8dcb5d87b50f5a59fedb1d0c9a380966a1dc,frozen run_specs plus configuration-labelled raw_final records,NTP-newtaipei-idx5617-0-0,1.2599292860720213,0,0,30.0,PASS,True,data/submission/raw_final.csv,False,176.2412391998805
Development,NTP-newtaipei-idx5617-0-0|qp28,historical,4.0,0-29,30,30,True,True,True,29ee5a7bb3e6a4e81d68fe1b76ba8dcb5d87b50f5a59fedb1d0c9a380966a1dc,frozen run_specs plus configuration-labelled raw_final records,NTP-newtaipei-idx5617-0-0,1.2599292860720213,0,0,30.0,PASS,True,data/submission/raw_final.csv,False,179.1556244008243
Development,NTP-newtaipei-idx5617-0-0|qp28,historical,5.0,0-29,30,30,True,True,True,29ee5a7bb3e6a4e81d68fe1b76ba8dcb5d87b50f5a59fedb1d0c9a380966a1dc,frozen run_specs plus configuration-labelled raw_final records,NTP-newtaipei-idx5617-0-0,1.2599292860720213,0,0,30.0,PASS,True,data/submission/raw_final.csv,False,175.90584159991704
Development,NTP-newtaipei-idx5617-0-0|qp28,historical,6.0,0-29,30,30,True,True,True,29ee5a7bb3e6a4e81d68fe1b76ba8dcb5d87b50f5a59fedb1d0c9a380966a1dc,frozen run_specs plus configuration-labelled raw_final records,NTP-newtaipei-idx5617-0-0,1.2599292860720213,0,0,30.0,PASS,True,data/submission/raw_final.csv,False,194.75986540061425
Development,NTP-newtaipei-idx5617-0-0|qp28,historical,8.0,0-29,30,30,True,True,True,29ee5a7bb3e6a4e81d68fe1b76ba8dcb5d87b50f5a59fedb1d0c9a380966a1dc,frozen run_specs plus configuration-labelled raw_final records,NTP-newtaipei-idx5617-0-0,1.2599292860720213,0,0,30.0,PASS,True,data/submission/raw_final.csv,False,213.85857109958303
Development,NTP-newtaipei-idx5617-0-0|qp28,historical,10.0,0-29,30,30,True,True,True,29ee5a7bb3e6a4e81d68fe1b76ba8dcb5d87b50f5a59fedb1d0c9a380966a1dc,frozen run_specs plus configuration-labelled raw_final records,NTP-newtaipei-idx5617-0-0,1.2599292860720213,0,0,30.0,PASS,True,data/submission/raw_final.csv,False,222.4083909005858
Development,NTP-newtaipei-idx5617-0-0|qp28,historical,11.0,0-29,30,30,True,True,True,29ee5a7bb3e6a4e81d68fe1b76ba8dcb5d87b50f5a59fedb1d0c9a380966a1dc,frozen run_specs plus configuration-labelled raw_final records,NTP-newtaipei-idx5617-0-0,1.2599292860720213,0,0,30.0,PASS,True,data/submission/raw_final.csv,False,220.66112939990128
Development,NTP-newtaipei-idx5617-0-0|qp28,historical,12.0,0-29,30,30,True,True,True,29ee5a7bb3e6a4e81d68fe1b76ba8dcb5d87b50f5a59fedb1d0c9a380966a1dc,frozen run_specs plus configuration-labelled raw_final records,NTP-newtaipei-idx5617-0-0,1.2599292860720213,0,0,25.0,FAIL,True,data/submission/raw_final.csv,False,246.6668550998438
Development,NTP-newtaipei-idx5617-0-0|qp28,historical,15.0,0-29,30,30,True,True,True,29ee5a7bb3e6a4e81d68fe1b76ba8dcb5d87b50f5a59fedb1d0c9a380966a1dc,frozen run_specs plus configuration-labelled raw_final records,NTP-newtaipei-idx5617-0-0,1.2599292860720213,0,0,15.0,FAIL,True,data/submission/raw_final.csv,False,274.08003679895774
Development,NTP-newtaipei-idx672-0-2|qp19,historical,0.0,0-29,30,30,True,True,False,,no preserved run_spec,NTP-newtaipei-idx672-0-2,,0,0,,MISSING_CONFIGURATION_PROOF,False,data/submission/raw_final.csv,False,110.28230930073188
Development,NTP-newtaipei-idx672-0-2|qp19,historical,1.0,0-29,30,30,True,True,False,,no preserved run_spec,NTP-newtaipei-idx672-0-2,,0,0,,MISSING_CONFIGURATION_PROOF,False,data/submission/raw_final.csv,False,103.9980307999067
Development,NTP-newtaipei-idx672-0-2|qp19,historical,2.0,0-29,30,30,True,True,False,,no preserved run_spec,NTP-newtaipei-idx672-0-2,,0,0,,MISSING_CONFIGURATION_PROOF,False,data/submission/raw_final.csv,False,135.1786863994785
Development,NTP-newtaipei-idx672-0-2|qp19,historical,3.0,0-29,30,30,True,True,False,,no preserved run_spec,NTP-newtaipei-idx672-0-2,,0,0,,MISSING_CONFIGURATION_PROOF,False,data/submission/raw_final.csv,False,142.1943900010083
Development,NTP-newtaipei-idx672-0-2|qp19,historical,4.0,0-29,30,30,True,True,False,,no preserved run_spec,NTP-newtaipei-idx672-0-2,,0,0,,MISSING_CONFIGURATION_PROOF,False,data/submission/raw_final.csv,False,148.15965610044077
Development,NTP-newtaipei-idx672-0-2|qp8,historical,0.0,0-29,30,30,True,True,False,,no preserved run_spec,NTP-newtaipei-idx672-0-2,,0,0,,MISSING_CONFIGURATION_PROOF,False,data/submission/raw_final.csv,False,71.9884060008917
Development,NTP-newtaipei-idx672-0-2|qp8,historical,1.0,0-29,30,30,True,True,False,,no preserved run_spec,NTP-newtaipei-idx672-0-2,,0,0,,MISSING_CONFIGURATION_PROOF,False,data/submission/raw_final.csv,False,59.56684810016304
Development,NTP-newtaipei-idx672-0-2|qp8,historical,2.0,0-29,30,30,True,True,False,,no preserved run_spec,NTP-newtaipei-idx672-0-2,,0,0,,MISSING_CONFIGURATION_PROOF,False,data/submission/raw_final.csv,False,75.92000159947202
Development,NTP-newtaipei-idx672-0-2|qp8,historical,3.0,0-29,30,30,True,True,False,,no preserved run_spec,NTP-newtaipei-idx672-0-2,,0,0,,MISSING_CONFIGURATION_PROOF,False,data/submission/raw_final.csv,False,79.69757440057583
Development,NTP-newtaipei-idx672-0-2|qp8,historical,4.0,0-29,30,30,True,True,False,,no preserved run_spec,NTP-newtaipei-idx672-0-2,,0,0,,MISSING_CONFIGURATION_PROOF,False,data/submission/raw_final.csv,False,89.3616593000479
Development,NTP-newtaipei-idx672-0-2|qp8,historical,5.0,0-29,30,30,True,True,False,,no preserved run_spec,NTP-newtaipei-idx672-0-2,,0,0,,MISSING_CONFIGURATION_PROOF,False,data/submission/raw_final.csv,False,93.9095926003065
Development,NTP-newtaipei-idx672-0-2|qp8,historical,6.0,0-29,30,30,True,True,False,,no preserved run_spec,NTP-newtaipei-idx672-0-2,,0,0,,MISSING_CONFIGURATION_PROOF,False,data/submission/raw_final.csv,False,102.29174349922688
Development,NTP-newtaipei-idx672-0-2|qp8,historical,8.0,0-29,30,30,True,True,False,,no preserved run_spec,NTP-newtaipei-idx672-0-2,,0,0,,MISSING_CONFIGURATION_PROOF,False,data/submission/raw_final.csv,False,116.27648549992593
Development,NTP-newtaipei-idx6820-0-0|qp13,historical,0.0,0-29,30,30,True,True,True,fd41eb30c47314d65af619fe15860adb68bb9203ba7c6a0f141fd376664d9cd5,frozen run_specs plus configuration-labelled raw_final records,NTP-newtaipei-idx6820-0-0,1.3235193418291544,0,0,30.0,PASS,True,data/submission/raw_final.csv,False,103.06868119956926
Development,NTP-newtaipei-idx6820-0-0|qp13,historical,1.0,0-29,30,30,True,True,True,fd41eb30c47314d65af619fe15860adb68bb9203ba7c6a0f141fd376664d9cd5,frozen run_specs plus configuration-labelled raw_final records,NTP-newtaipei-idx6820-0-0,1.3235193418291544,0,0,30.0,PASS,True,data/submission/raw_final.csv,False,78.43414929928258
Development,NTP-newtaipei-idx6820-0-0|qp13,historical,2.0,0-29,30,30,True,True,True,fd41eb30c47314d65af619fe15860adb68bb9203ba7c6a0f141fd376664d9cd5,frozen run_specs plus configuration-labelled raw_final records,NTP-newtaipei-idx6820-0-0,1.3235193418291544,0,0,30.0,PASS,True,data/submission/raw_final.csv,False,90.13690999988468
Development,NTP-newtaipei-idx6820-0-0|qp13,historical,3.0,0-29,30,30,True,True,True,fd41eb30c47314d65af619fe15860adb68bb9203ba7c6a0f141fd376664d9cd5,frozen run_specs plus configuration-labelled raw_final records,NTP-newtaipei-idx6820-0-0,1.3235193418291544,0,0,30.0,PASS,True,data/submission/raw_final.csv,False,95.64831659919582
Development,NTP-newtaipei-idx6820-0-0|qp13,historical,4.0,0-29,30,30,True,True,True,fd41eb30c47314d65af619fe15860adb68bb9203ba7c6a0f141fd376664d9cd5,frozen run_specs plus configuration-labelled raw_final records,NTP-newtaipei-idx6820-0-0,1.3235193418291544,0,0,30.0,PASS,True,data/submission/raw_final.csv,False,98.26838109991512
Development,NTP-newtaipei-idx6820-0-0|qp13,historical,5.0,0-29,30,30,True,True,True,fd41eb30c47314d65af619fe15860adb68bb9203ba7c6a0f141fd376664d9cd5,frozen run_specs plus configuration-labelled raw_final records,NTP-newtaipei-idx6820-0-0,1.3235193418291544,0,0,30.0,PASS,True,data/submission/raw_final.csv,False,101.50145550072192
Development,NTP-newtaipei-idx6820-0-0|qp13,historical,6.0,0-29,30,30,True,True,True,fd41eb30c47314d65af619fe15860adb68bb9203ba7c6a0f141fd376664d9cd5,frozen run_specs plus configuration-labelled raw_final records,NTP-newtaipei-idx6820-0-0,1.3235193418291544,0,0,30.0,PASS,True,data/submission/raw_final.csv,False,109.6814740006812
Development,NTP-newtaipei-idx6820-0-0|qp13,historical,8.0,0-29,30,30,True,True,True,fd41eb30c47314d65af619fe15860adb68bb9203ba7c6a0f141fd376664d9cd5,frozen run_specs plus configuration-labelled raw_final records,NTP-newtaipei-idx6820-0-0,1.3235193418291544,0,0,30.0,PASS,True,data/submission/raw_final.csv,False,122.1839339993894
Development,NTP-newtaipei-idx6820-0-0|qp13,historical,10.0,0-29,30,30,True,True,True,fd41eb30c47314d65af619fe15860adb68bb9203ba7c6a0f141fd376664d9cd5,frozen run_specs plus configuration-labelled raw_final records,NTP-newtaipei-idx6820-0-0,1.3235193418291544,0,0,30.0,PASS,True,data/submission/raw_final.csv,False,131.90175849967636
Development,NTP-newtaipei-idx6820-0-0|qp13,historical,11.0,0-29,30,30,True,True,True,fd41eb30c47314d65af619fe15860adb68bb9203ba7c6a0f141fd376664d9cd5,frozen run_specs plus configuration-labelled raw_final records,NTP-newtaipei-idx6820-0-0,1.3235193418291544,0,0,30.0,PASS,True,data/submission/raw_final.csv,False,76.90400000102818
Development,NTP-newtaipei-idx6820-0-0|qp13,historical,12.0,0-29,30,30,True,True,True,fd41eb30c47314d65af619fe15860adb68bb9203ba7c6a0f141fd376664d9cd5,frozen run_specs plus configuration-labelled raw_final records,NTP-newtaipei-idx6820-0-0,1.3235193418291544,0,0,30.0,PASS,True,data/submission/raw_final.csv,False,149.51198190031573
Development,NTP-newtaipei-idx6820-0-0|qp13,historical,13.0,0-29,30,30,True,True,True,fd41eb30c47314d65af619fe15860adb68bb9203ba7c6a0f141fd376664d9cd5,frozen run_specs plus configuration-labelled raw_final records,NTP-newtaipei-idx6820-0-0,1.3235193418291544,0,0,30.0,PASS,True,new package,True,85.9905499999586
Development,NTP-newtaipei-idx6820-0-0|qp13,historical,14.0,0-29,30,30,True,True,True,fd41eb30c47314d65af619fe15860adb68bb9203ba7c6a0f141fd376664d9cd5,frozen run_specs plus configuration-labelled raw_final records,NTP-newtaipei-idx6820-0-0,1.3235193418291544,0,0,30.0,PASS,True,data/submission/raw_final.csv,False,82.81300000031479
Development,NTP-newtaipei-idx6820-0-0|qp13,historical,15.0,0-29,30,30,True,True,True,fd41eb30c47314d65af619fe15860adb68bb9203ba7c6a0f141fd376664d9cd5,frozen run_specs plus configuration-labelled raw_final records,NTP-newtaipei-idx6820-0-0,1.3235193418291544,0,0,30.0,PASS,True,data/submission/raw_final.csv,False,166.53823899989948
Development,NTP-newtaipei-idx6820-0-0|qp13,historical,18.0,0-29,30,30,True,True,True,fd41eb30c47314d65af619fe15860adb68bb9203ba7c6a0f141fd376664d9cd5,frozen run_specs plus configuration-labelled raw_final records,NTP-newtaipei-idx6820-0-0,1.3235193418291544,0,0,29.0,PASS,True,data/submission/raw_final.csv,False,187.3121226001531
Development,NTP-newtaipei-idx6820-0-0|qp13,historical,20.0,0-29,30,30,True,True,True,fd41eb30c47314d65af619fe15860adb68bb9203ba7c6a0f141fd376664d9cd5,frozen run_specs plus configuration-labelled raw_final records,NTP-newtaipei-idx6820-0-0,1.3235193418291544,0,0,29.0,PASS,True,data/submission/raw_final.csv,False,190.16430599917655
Development,NTP-newtaipei-idx6820-0-0|qp31,historical,0.0,0-29,30,30,True,True,True,ab08d410f57eada075d94d05dc1c83837fc41aa3b99eeb6b2a92604544b87154,frozen run_specs plus configuration-labelled raw_final records,NTP-newtaipei-idx6820-0-0,1.2677725784304996,0,0,30.0,PASS,True,data/submission/raw_final.csv,False,178.2423353001941
Development,NTP-newtaipei-idx6820-0-0|qp31,historical,1.0,0-29,30,30,True,True,True,ab08d410f57eada075d94d05dc1c83837fc41aa3b99eeb6b2a92604544b87154,frozen run_specs plus configuration-labelled raw_final records,NTP-newtaipei-idx6820-0-0,1.2677725784304996,0,0,30.0,PASS,True,data/submission/raw_final.csv,False,152.59289580001496
Development,NTP-newtaipei-idx6820-0-0|qp31,historical,2.0,0-29,30,30,True,True,True,ab08d410f57eada075d94d05dc1c83837fc41aa3b99eeb6b2a92604544b87154,frozen run_specs plus configuration-labelled raw_final records,NTP-newtaipei-idx6820-0-0,1.2677725784304996,0,0,30.0,PASS,True,data/submission/raw_final.csv,False,187.3855722998269
Development,NTP-newtaipei-idx6820-0-0|qp31,historical,3.0,0-29,30,30,True,True,True,ab08d410f57eada075d94d05dc1c83837fc41aa3b99eeb6b2a92604544b87154,frozen run_specs plus configuration-labelled raw_final records,NTP-newtaipei-idx6820-0-0,1.2677725784304996,0,0,30.0,PASS,True,data/submission/raw_final.csv,False,189.46067739999853
Development,NTP-newtaipei-idx6820-0-0|qp31,historical,4.0,0-29,30,30,True,True,True,ab08d410f57eada075d94d05dc1c83837fc41aa3b99eeb6b2a92604544b87154,frozen run_specs plus configuration-labelled raw_final records,NTP-newtaipei-idx6820-0-0,1.2677725784304996,0,0,30.0,PASS,True,data/submission/raw_final.csv,False,194.09755800035785
Development,NTP-newtaipei-idx6820-0-0|qp31,historical,5.0,0-29,30,30,True,True,True,ab08d410f57eada075d94d05dc1c83837fc41aa3b99eeb6b2a92604544b87154,frozen run_specs plus configuration-labelled raw_final records,NTP-newtaipei-idx6820-0-0,1.2677725784304996,0,0,30.0,PASS,True,data/submission/raw_final.csv,False,176.9606616999954
Development,NTP-newtaipei-idx6820-0-0|qp31,historical,6.0,0-29,30,30,True,True,True,ab08d410f57eada075d94d05dc1c83837fc41aa3b99eeb6b2a92604544b87154,frozen run_specs plus configuration-labelled raw_final records,NTP-newtaipei-idx6820-0-0,1.2677725784304996,0,0,30.0,PASS,True,data/submission/raw_final.csv,False,198.98118159989824
Development,NTP-newtaipei-idx6820-0-0|qp31,historical,8.0,0-29,30,30,True,True,True,ab08d410f57eada075d94d05dc1c83837fc41aa3b99eeb6b2a92604544b87154,frozen run_specs plus configuration-labelled raw_final records,NTP-newtaipei-idx6820-0-0,1.2677725784304996,0,0,30.0,PASS,True,data/submission/raw_final.csv,False,217.81485059997067
Development,NTP-newtaipei-idx6820-0-0|qp31,historical,10.0,0-29,30,30,True,True,True,ab08d410f57eada075d94d05dc1c83837fc41aa3b99eeb6b2a92604544b87154,frozen run_specs plus configuration-labelled raw_final records,NTP-newtaipei-idx6820-0-0,1.2677725784304996,0,0,30.0,PASS,True,data/submission/raw_final.csv,False,221.816069500288
Development,NTP-newtaipei-idx6820-0-0|qp31,historical,12.0,0-29,30,30,True,True,True,ab08d410f57eada075d94d05dc1c83837fc41aa3b99eeb6b2a92604544b87154,frozen run_specs plus configuration-labelled raw_final records,NTP-newtaipei-idx6820-0-0,1.2677725784304996,0,0,30.0,PASS,True,data/submission/raw_final.csv,False,249.2586346003227
Development,NTP-newtaipei-idx6820-0-0|qp31,historical,13.0,0-29,30,30,True,True,True,ab08d410f57eada075d94d05dc1c83837fc41aa3b99eeb6b2a92604544b87154,frozen run_specs plus configuration-labelled raw_final records,NTP-newtaipei-idx6820-0-0,1.2677725784304996,0,0,30.0,PASS,True,data/submission/raw_final.csv,False,238.24973479984328
Development,NTP-newtaipei-idx6820-0-0|qp31,historical,14.0,0-29,30,30,True,True,True,ab08d410f57eada075d94d05dc1c83837fc41aa3b99eeb6b2a92604544b87154,frozen run_specs plus configuration-labelled raw_final records,NTP-newtaipei-idx6820-0-0,1.2677725784304996,0,0,28.0,FAIL,True,data/submission/raw_final.csv,False,241.2797018988058
Development,NTP-newtaipei-idx6820-0-0|qp31,historical,15.0,0-29,30,30,True,True,True,ab08d410f57eada075d94d05dc1c83837fc41aa3b99eeb6b2a92604544b87154,frozen run_specs plus configuration-labelled raw_final records,NTP-newtaipei-idx6820-0-0,1.2677725784304996,0,0,27.0,FAIL,True,data/submission/raw_final.csv,False,278.39804550027475
Development,NTP-newtaipei-idx6820-0-0|qp31,historical,18.0,0-29,30,30,True,True,True,ab08d410f57eada075d94d05dc1c83837fc41aa3b99eeb6b2a92604544b87154,frozen run_specs plus configuration-labelled raw_final records,NTP-newtaipei-idx6820-0-0,1.2677725784304996,0,0,16.0,FAIL,True,data/submission/raw_final.csv,False,321.23032220010646
Development,NTP-newtaipei-idx6820-0-0|qp31,historical,20.0,0-29,30,30,True,True,True,ab08d410f57eada075d94d05dc1c83837fc41aa3b99eeb6b2a92604544b87154,frozen run_specs plus configuration-labelled raw_final records,NTP-newtaipei-idx6820-0-0,1.2677725784304996,0,0,8.0,FAIL,True,data/submission/raw_final.csv,False,415.9031888996251
Development,NTP-newtaipei-idx6919-0-0|qp21,historical,0.0,0-29,30,30,True,True,True,d02b5bfcfb6109e00e775165a069ae3047946f7965416c9b5d46d20087b37eb3,frozen run_specs plus configuration-labelled raw_final records,NTP-newtaipei-idx6919-0-0,1.2469957365151094,0,0,30.0,PASS,True,data/submission/raw_final.csv,False,129.6512267002836
Development,NTP-newtaipei-idx6919-0-0|qp21,historical,1.0,0-29,30,30,True,True,True,d02b5bfcfb6109e00e775165a069ae3047946f7965416c9b5d46d20087b37eb3,frozen run_specs plus configuration-labelled raw_final records,NTP-newtaipei-idx6919-0-0,1.2469957365151094,0,0,30.0,PASS,True,data/submission/raw_final.csv,False,114.94865970010868
Development,NTP-newtaipei-idx6919-0-0|qp21,historical,2.0,0-29,30,30,True,True,True,d02b5bfcfb6109e00e775165a069ae3047946f7965416c9b5d46d20087b37eb3,frozen run_specs plus configuration-labelled raw_final records,NTP-newtaipei-idx6919-0-0,1.2469957365151094,0,0,30.0,PASS,True,data/submission/raw_final.csv,False,137.07627409975976
Development,NTP-newtaipei-idx6919-0-0|qp21,historical,3.0,0-29,30,30,True,True,True,d02b5bfcfb6109e00e775165a069ae3047946f7965416c9b5d46d20087b37eb3,frozen run_specs plus configuration-labelled raw_final records,NTP-newtaipei-idx6919-0-0,1.2469957365151094,0,0,30.0,PASS,True,data/submission/raw_final.csv,False,144.01826930022798
Development,NTP-newtaipei-idx6919-0-0|qp21,historical,4.0,0-29,30,30,True,True,True,d02b5bfcfb6109e00e775165a069ae3047946f7965416c9b5d46d20087b37eb3,frozen run_specs plus configuration-labelled raw_final records,NTP-newtaipei-idx6919-0-0,1.2469957365151094,0,0,30.0,PASS,True,data/submission/raw_final.csv,False,150.67265369882807
Development,NTP-newtaipei-idx6919-0-0|qp21,historical,5.0,0-29,30,30,True,True,True,d02b5bfcfb6109e00e775165a069ae3047946f7965416c9b5d46d20087b37eb3,frozen run_specs plus configuration-labelled raw_final records,NTP-newtaipei-idx6919-0-0,1.2469957365151094,0,0,28.0,FAIL,True,data/submission/raw_final.csv,False,137.65826880023815
Development,NTP-newtaipei-idx6919-0-0|qp21,historical,6.0,0-29,30,30,True,True,True,d02b5bfcfb6109e00e775165a069ae3047946f7965416c9b5d46d20087b37eb3,frozen run_specs plus configuration-labelled raw_final records,NTP-newtaipei-idx6919-0-0,1.2469957365151094,0,0,23.0,FAIL,True,data/submission/raw_final.csv,False,157.7300028996542
Development,NTP-newtaipei-idx6919-0-0|qp21,historical,8.0,0-29,30,30,True,True,True,d02b5bfcfb6109e00e775165a069ae3047946f7965416c9b5d46d20087b37eb3,frozen run_specs plus configuration-labelled raw_final records,NTP-newtaipei-idx6919-0-0,1.2469957365151094,0,0,13.0,FAIL,True,data/submission/raw_final.csv,False,183.6536763999611
Development,NTP-newtaipei-idx6919-0-0|qp9,historical,0.0,0-29,30,30,True,True,True,60cb573fe1399deba7610a57bd3d6dc584080f855953feeade582a2b0757bb00,frozen run_specs plus configuration-labelled raw_final records,NTP-newtaipei-idx6919-0-0,1.3164705435265474,0,0,30.0,PASS,True,data/submission/raw_final.csv,False,81.0807700001169
Development,NTP-newtaipei-idx6919-0-0|qp9,historical,0.0,10000-10029,30,30,True,True,True,60cb573fe1399deba7610a57bd3d6dc584080f855953feeade582a2b0757bb00,frozen run_specs plus configuration-labelled raw_final records,NTP-newtaipei-idx6919-0-0,1.3161695728339484,0,0,30.0,PASS,True,data/diagnostics/independent_replication.csv,False,44.59700000099838
Development,NTP-newtaipei-idx6919-0-0|qp9,historical,1.0,0-29,30,30,True,True,True,60cb573fe1399deba7610a57bd3d6dc584080f855953feeade582a2b0757bb00,frozen run_specs plus configuration-labelled raw_final records,NTP-newtaipei-idx6919-0-0,1.3164705435265474,0,0,30.0,PASS,True,data/submission/raw_final.csv,False,71.50577280065045
Development,NTP-newtaipei-idx6919-0-0|qp9,historical,2.0,0-29,30,30,True,True,True,60cb573fe1399deba7610a57bd3d6dc584080f855953feeade582a2b0757bb00,frozen run_specs plus configuration-labelled raw_final records,NTP-newtaipei-idx6919-0-0,1.3164705435265474,0,0,30.0,PASS,True,data/submission/raw_final.csv,False,78.52941359905526
Development,NTP-newtaipei-idx6919-0-0|qp9,historical,3.0,0-29,30,30,True,True,True,60cb573fe1399deba7610a57bd3d6dc584080f855953feeade582a2b0757bb00,frozen run_specs plus configuration-labelled raw_final records,NTP-newtaipei-idx6919-0-0,1.3164705435265474,0,0,30.0,PASS,True,data/submission/raw_final.csv,False,81.27604699903168
Development,NTP-newtaipei-idx6919-0-0|qp9,historical,4.0,0-29,30,30,True,True,True,60cb573fe1399deba7610a57bd3d6dc584080f855953feeade582a2b0757bb00,frozen run_specs plus configuration-labelled raw_final records,NTP-newtaipei-idx6919-0-0,1.3164705435265474,0,0,30.0,PASS,True,data/submission/raw_final.csv,False,87.58736610016786
Development,NTP-newtaipei-idx6919-0-0|qp9,historical,5.0,0-29,30,30,True,True,True,60cb573fe1399deba7610a57bd3d6dc584080f855953feeade582a2b0757bb00,frozen run_specs plus configuration-labelled raw_final records,NTP-newtaipei-idx6919-0-0,1.3164705435265474,0,0,30.0,PASS,True,data/submission/raw_final.csv,False,96.01871540001594
Development,NTP-newtaipei-idx6919-0-0|qp9,historical,5.0,10000-10029,30,30,True,True,True,60cb573fe1399deba7610a57bd3d6dc584080f855953feeade582a2b0757bb00,frozen run_specs plus configuration-labelled raw_final records,NTP-newtaipei-idx6919-0-0,1.3161695728339484,0,0,29.0,PASS,True,data/diagnostics/independent_replication.csv,False,53.96999999927357
Development,NTP-newtaipei-idx6919-0-0|qp9,historical,6.0,0-29,30,30,True,True,True,60cb573fe1399deba7610a57bd3d6dc584080f855953feeade582a2b0757bb00,frozen run_specs plus configuration-labelled raw_final records,NTP-newtaipei-idx6919-0-0,1.3164705435265474,0,0,27.0,FAIL,True,data/submission/raw_final.csv,False,101.40046779997648
Development,NTP-newtaipei-idx6919-0-0|qp9,historical,6.0,10000-10029,30,30,True,True,True,60cb573fe1399deba7610a57bd3d6dc584080f855953feeade582a2b0757bb00,frozen run_specs plus configuration-labelled raw_final records,NTP-newtaipei-idx6919-0-0,1.3161695728339484,0,0,29.0,PASS,True,data/diagnostics/independent_replication.csv,False,57.79600000102073
Development,NTP-newtaipei-idx6919-0-0|qp9,historical,7.0,10000-10029,30,30,True,True,True,60cb573fe1399deba7610a57bd3d6dc584080f855953feeade582a2b0757bb00,frozen run_specs plus configuration-labelled raw_final records,NTP-newtaipei-idx6919-0-0,1.3161695728339484,0,0,27.0,FAIL,True,data/diagnostics/independent_replication.csv,False,71.93600000091828
Development,NTP-newtaipei-idx6919-0-0|qp9,historical,8.0,0-29,30,30,True,True,True,60cb573fe1399deba7610a57bd3d6dc584080f855953feeade582a2b0757bb00,frozen run_specs plus configuration-labelled raw_final records,NTP-newtaipei-idx6919-0-0,1.3164705435265474,0,0,26.0,FAIL,True,data/submission/raw_final.csv,False,105.8380734999664
Development,NTP-newtaipei-idx6919-0-0|qp9,historical,10.0,0-29,30,30,True,True,True,60cb573fe1399deba7610a57bd3d6dc584080f855953feeade582a2b0757bb00,frozen run_specs plus configuration-labelled raw_final records,NTP-newtaipei-idx6919-0-0,1.3164705435265474,0,0,22.0,FAIL,True,data/submission/raw_final.csv,False,117.5065941005014
Development,NTP-newtaipei-idx6919-0-0|qp9,historical,12.0,0-29,30,30,True,True,True,60cb573fe1399deba7610a57bd3d6dc584080f855953feeade582a2b0757bb00,frozen run_specs plus configuration-labelled raw_final records,NTP-newtaipei-idx6919-0-0,1.3164705435265474,0,0,19.0,FAIL,True,data/submission/raw_final.csv,False,129.70133489975706
Development,NTP-newtaipei-idx6919-0-0|qp9,historical,15.0,0-29,30,30,True,True,True,60cb573fe1399deba7610a57bd3d6dc584080f855953feeade582a2b0757bb00,frozen run_specs plus configuration-labelled raw_final records,NTP-newtaipei-idx6919-0-0,1.3164705435265474,0,0,8.0,FAIL,True,data/submission/raw_final.csv,False,154.78927869931795
Development,NTP-newtaipei-idx7317-0-1|qp21,historical,0.0,0-29,30,30,True,True,True,b998d26aac4211ebd413a9b44e0dcd875014f8c93cb4e54c2c68a1fb33bc01f5,frozen run_specs plus configuration-labelled raw_final records,NTP-newtaipei-idx7317-0-1,1.238277221751935,0,0,30.0,PASS,True,data/submission/raw_final.csv,False,128.77535390062258
Development,NTP-newtaipei-idx7317-0-1|qp21,historical,1.0,0-29,30,30,True,True,True,b998d26aac4211ebd413a9b44e0dcd875014f8c93cb4e54c2c68a1fb33bc01f5,frozen run_specs plus configuration-labelled raw_final records,NTP-newtaipei-idx7317-0-1,1.238277221751935,0,0,30.0,PASS,True,data/submission/raw_final.csv,False,131.6474929996766
Development,NTP-newtaipei-idx7317-0-1|qp21,historical,2.0,0-29,30,30,True,True,True,b998d26aac4211ebd413a9b44e0dcd875014f8c93cb4e54c2c68a1fb33bc01f5,frozen run_specs plus configuration-labelled raw_final records,NTP-newtaipei-idx7317-0-1,1.238277221751935,0,0,30.0,PASS,True,data/submission/raw_final.csv,False,137.2080081005115
Development,NTP-newtaipei-idx7317-0-1|qp21,historical,3.0,0-29,30,30,True,True,True,b998d26aac4211ebd413a9b44e0dcd875014f8c93cb4e54c2c68a1fb33bc01f5,frozen run_specs plus configuration-labelled raw_final records,NTP-newtaipei-idx7317-0-1,1.238277221751935,0,0,30.0,PASS,True,data/submission/raw_final.csv,False,144.55490139941685
Development,NTP-newtaipei-idx7317-0-1|qp21,historical,4.0,0-29,30,30,True,True,True,b998d26aac4211ebd413a9b44e0dcd875014f8c93cb4e54c2c68a1fb33bc01f5,frozen run_specs plus configuration-labelled raw_final records,NTP-newtaipei-idx7317-0-1,1.238277221751935,0,0,29.0,PASS,True,data/submission/raw_final.csv,False,149.91448960080743
Development,NTP-newtaipei-idx7317-0-1|qp21,historical,5.0,0-29,30,30,True,True,True,b998d26aac4211ebd413a9b44e0dcd875014f8c93cb4e54c2c68a1fb33bc01f5,frozen run_specs plus configuration-labelled raw_final records,NTP-newtaipei-idx7317-0-1,1.238277221751935,0,0,29.0,PASS,True,data/submission/raw_final.csv,False,163.09526700014248
Development,NTP-newtaipei-idx7317-0-1|qp21,historical,6.0,0-29,30,30,True,True,True,b998d26aac4211ebd413a9b44e0dcd875014f8c93cb4e54c2c68a1fb33bc01f5,frozen run_specs plus configuration-labelled raw_final records,NTP-newtaipei-idx7317-0-1,1.238277221751935,0,0,26.0,FAIL,True,data/submission/raw_final.csv,False,166.3440028997138
Development,NTP-newtaipei-idx7317-0-1|qp21,historical,8.0,0-29,30,30,True,True,True,b998d26aac4211ebd413a9b44e0dcd875014f8c93cb4e54c2c68a1fb33bc01f5,frozen run_specs plus configuration-labelled raw_final records,NTP-newtaipei-idx7317-0-1,1.238277221751935,0,0,11.0,FAIL,True,data/submission/raw_final.csv,False,184.7932980004698
Development,NTP-newtaipei-idx7317-0-1|qp9,historical,0.0,0-29,30,30,True,True,True,c0d4e1ac22cd40203df001effe7aa610ebf8e96626227931d8775a7ff4ddab67,frozen run_specs plus configuration-labelled raw_final records,NTP-newtaipei-idx7317-0-1,1.3116151809356869,0,0,30.0,PASS,True,data/submission/raw_final.csv,False,78.58740319986828
Development,NTP-newtaipei-idx7317-0-1|qp9,historical,1.0,0-29,30,30,True,True,True,c0d4e1ac22cd40203df001effe7aa610ebf8e96626227931d8775a7ff4ddab67,frozen run_specs plus configuration-labelled raw_final records,NTP-newtaipei-idx7317-0-1,1.3116151809356869,0,0,30.0,PASS,True,data/submission/raw_final.csv,False,78.87664749938995
Development,NTP-newtaipei-idx7317-0-1|qp9,historical,2.0,0-29,30,30,True,True,True,c0d4e1ac22cd40203df001effe7aa610ebf8e96626227931d8775a7ff4ddab67,frozen run_specs plus configuration-labelled raw_final records,NTP-newtaipei-idx7317-0-1,1.3116151809356869,0,0,30.0,PASS,True,data/submission/raw_final.csv,False,81.1945041990839
Development,NTP-newtaipei-idx7317-0-1|qp9,historical,3.0,0-29,30,30,True,True,True,c0d4e1ac22cd40203df001effe7aa610ebf8e96626227931d8775a7ff4ddab67,frozen run_specs plus configuration-labelled raw_final records,NTP-newtaipei-idx7317-0-1,1.3116151809356869,0,0,30.0,PASS,True,data/submission/raw_final.csv,False,84.57137250038795
Development,NTP-newtaipei-idx7317-0-1|qp9,historical,4.0,0-29,30,30,True,True,True,c0d4e1ac22cd40203df001effe7aa610ebf8e96626227931d8775a7ff4ddab67,frozen run_specs plus configuration-labelled raw_final records,NTP-newtaipei-idx7317-0-1,1.3116151809356869,0,0,29.0,PASS,True,data/submission/raw_final.csv,False,90.51673560007475
Development,NTP-newtaipei-idx7317-0-1|qp9,historical,5.0,0-29,30,30,True,True,True,c0d4e1ac22cd40203df001effe7aa610ebf8e96626227931d8775a7ff4ddab67,frozen run_specs plus configuration-labelled raw_final records,NTP-newtaipei-idx7317-0-1,1.3116151809356869,0,0,30.0,PASS,True,data/submission/raw_final.csv,False,95.55090629961342
Development,NTP-newtaipei-idx7317-0-1|qp9,historical,6.0,0-29,30,30,True,True,True,c0d4e1ac22cd40203df001effe7aa610ebf8e96626227931d8775a7ff4ddab67,frozen run_specs plus configuration-labelled raw_final records,NTP-newtaipei-idx7317-0-1,1.3116151809356869,0,0,28.0,FAIL,True,data/submission/raw_final.csv,False,100.38955229893328
Development,NTP-newtaipei-idx7317-0-1|qp9,historical,8.0,0-29,30,30,True,True,True,c0d4e1ac22cd40203df001effe7aa610ebf8e96626227931d8775a7ff4ddab67,frozen run_specs plus configuration-labelled raw_final records,NTP-newtaipei-idx7317-0-1,1.3116151809356869,0,0,28.0,FAIL,True,data/submission/raw_final.csv,False,110.63273530034348
Development,NTP-newtaipei-idx7317-0-1|qp9,historical,10.0,0-29,30,30,True,True,True,c0d4e1ac22cd40203df001effe7aa610ebf8e96626227931d8775a7ff4ddab67,frozen run_specs plus configuration-labelled raw_final records,NTP-newtaipei-idx7317-0-1,1.3116151809356869,0,0,24.0,FAIL,True,data/submission/raw_final.csv,False,113.63008099957368
Development,NTP-newtaipei-idx7317-0-1|qp9,historical,12.0,0-29,30,30,True,True,True,c0d4e1ac22cd40203df001effe7aa610ebf8e96626227931d8775a7ff4ddab67,frozen run_specs plus configuration-labelled raw_final records,NTP-newtaipei-idx7317-0-1,1.3116151809356869,0,0,19.0,FAIL,True,data/submission/raw_final.csv,False,131.7520072008483
Development,NTP-newtaipei-idx7317-0-1|qp9,historical,15.0,0-29,30,30,True,True,True,c0d4e1ac22cd40203df001effe7aa610ebf8e96626227931d8775a7ff4ddab67,frozen run_specs plus configuration-labelled raw_final records,NTP-newtaipei-idx7317-0-1,1.3116151809356869,0,0,4.0,FAIL,True,data/submission/raw_final.csv,False,151.1789420004934
Development,NTP-newtaipei-idx7804-0-0|qp14,historical,0.0,0-29,30,30,True,True,True,0ff9d74f6cbdf0de4155e350ebd07f6867abd985ecdf9fa7a3f5542be6c28422,frozen run_specs plus configuration-labelled raw_final records,NTP-newtaipei-idx7804-0-0,1.326622146118024,0,0,30.0,PASS,True,data/submission/raw_final.csv,False,110.0803336990066
Development,NTP-newtaipei-idx7804-0-0|qp14,historical,1.0,0-29,30,30,True,True,True,0ff9d74f6cbdf0de4155e350ebd07f6867abd985ecdf9fa7a3f5542be6c28422,frozen run_specs plus configuration-labelled raw_final records,NTP-newtaipei-idx7804-0-0,1.326622146118024,0,0,30.0,PASS,True,data/submission/raw_final.csv,False,98.47828730056062
Development,NTP-newtaipei-idx7804-0-0|qp14,historical,2.0,0-29,30,30,True,True,True,0ff9d74f6cbdf0de4155e350ebd07f6867abd985ecdf9fa7a3f5542be6c28422,frozen run_specs plus configuration-labelled raw_final records,NTP-newtaipei-idx7804-0-0,1.326622146118024,0,0,30.0,PASS,True,data/submission/raw_final.csv,False,100.40686089987868
Development,NTP-newtaipei-idx7804-0-0|qp14,historical,3.0,0-29,30,30,True,True,True,0ff9d74f6cbdf0de4155e350ebd07f6867abd985ecdf9fa7a3f5542be6c28422,frozen run_specs plus configuration-labelled raw_final records,NTP-newtaipei-idx7804-0-0,1.326622146118024,0,0,30.0,PASS,True,data/submission/raw_final.csv,False,103.44701839867048
Development,NTP-newtaipei-idx7804-0-0|qp14,historical,4.0,0-29,30,30,True,True,True,0ff9d74f6cbdf0de4155e350ebd07f6867abd985ecdf9fa7a3f5542be6c28422,frozen run_specs plus configuration-labelled raw_final records,NTP-newtaipei-idx7804-0-0,1.326622146118024,0,0,30.0,PASS,True,data/submission/raw_final.csv,False,107.08112679934128
Development,NTP-newtaipei-idx7804-0-0|qp14,historical,5.0,0-29,30,30,True,True,True,0ff9d74f6cbdf0de4155e350ebd07f6867abd985ecdf9fa7a3f5542be6c28422,frozen run_specs plus configuration-labelled raw_final records,NTP-newtaipei-idx7804-0-0,1.326622146118024,0,0,30.0,PASS,True,data/submission/raw_final.csv,False,114.5241667004302
Development,NTP-newtaipei-idx7804-0-0|qp14,historical,6.0,0-29,30,30,True,True,True,0ff9d74f6cbdf0de4155e350ebd07f6867abd985ecdf9fa7a3f5542be6c28422,frozen run_specs plus configuration-labelled raw_final records,NTP-newtaipei-idx7804-0-0,1.326622146118024,0,0,30.0,PASS,True,data/submission/raw_final.csv,False,115.34377760021016
Development,NTP-newtaipei-idx7804-0-0|qp14,historical,8.0,0-29,30,30,True,True,True,0ff9d74f6cbdf0de4155e350ebd07f6867abd985ecdf9fa7a3f5542be6c28422,frozen run_specs plus configuration-labelled raw_final records,NTP-newtaipei-idx7804-0-0,1.326622146118024,0,0,30.0,PASS,True,data/submission/raw_final.csv,False,128.05278770020232
Development,NTP-newtaipei-idx7804-0-0|qp14,historical,10.0,0-29,30,30,True,True,True,0ff9d74f6cbdf0de4155e350ebd07f6867abd985ecdf9fa7a3f5542be6c28422,frozen run_specs plus configuration-labelled raw_final records,NTP-newtaipei-idx7804-0-0,1.326622146118024,0,0,30.0,PASS,True,data/submission/raw_final.csv,False,132.8818517997861
Development,NTP-newtaipei-idx7804-0-0|qp14,historical,11.0,0-29,30,30,True,True,True,0ff9d74f6cbdf0de4155e350ebd07f6867abd985ecdf9fa7a3f5542be6c28422,frozen run_specs plus configuration-labelled raw_final records,NTP-newtaipei-idx7804-0-0,1.326622146118024,0,0,30.0,PASS,True,new package,True,83.69223599991528
Development,NTP-newtaipei-idx7804-0-0|qp14,historical,12.0,0-29,30,30,True,True,True,0ff9d74f6cbdf0de4155e350ebd07f6867abd985ecdf9fa7a3f5542be6c28422,frozen run_specs plus configuration-labelled raw_final records,NTP-newtaipei-idx7804-0-0,1.326622146118024,0,0,30.0,PASS,True,data/submission/raw_final.csv,False,150.28573160036467
Development,NTP-newtaipei-idx7804-0-0|qp14,historical,13.0,0-29,30,30,True,True,True,0ff9d74f6cbdf0de4155e350ebd07f6867abd985ecdf9fa7a3f5542be6c28422,frozen run_specs plus configuration-labelled raw_final records,NTP-newtaipei-idx7804-0-0,1.326622146118024,0,0,30.0,PASS,True,data/submission/raw_final.csv,False,84.79799999995157
Development,NTP-newtaipei-idx7804-0-0|qp14,historical,14.0,0-29,30,30,True,True,True,0ff9d74f6cbdf0de4155e350ebd07f6867abd985ecdf9fa7a3f5542be6c28422,frozen run_specs plus configuration-labelled raw_final records,NTP-newtaipei-idx7804-0-0,1.326622146118024,0,0,30.0,PASS,True,data/submission/raw_final.csv,False,92.17099999962376
Development,NTP-newtaipei-idx7804-0-0|qp14,historical,15.0,0-29,30,30,True,True,True,0ff9d74f6cbdf0de4155e350ebd07f6867abd985ecdf9fa7a3f5542be6c28422,frozen run_specs plus configuration-labelled raw_final records,NTP-newtaipei-idx7804-0-0,1.326622146118024,0,0,30.0,PASS,True,data/submission/raw_final.csv,False,175.4570200999733
Development,NTP-newtaipei-idx7804-0-0|qp14,historical,16.0,0-29,30,30,True,True,True,0ff9d74f6cbdf0de4155e350ebd07f6867abd985ecdf9fa7a3f5542be6c28422,frozen run_specs plus configuration-labelled raw_final records,NTP-newtaipei-idx7804-0-0,1.326622146118024,0,0,30.0,PASS,True,data/submission/raw_final.csv,False,100.52900000009686
Development,NTP-newtaipei-idx7804-0-0|qp14,historical,17.0,0-29,30,30,True,True,True,0ff9d74f6cbdf0de4155e350ebd07f6867abd985ecdf9fa7a3f5542be6c28422,frozen run_specs plus configuration-labelled raw_final records,NTP-newtaipei-idx7804-0-0,1.326622146118024,0,0,30.0,PASS,True,data/submission/raw_final.csv,False,113.15299999993294
Development,NTP-newtaipei-idx7804-0-0|qp14,historical,18.0,0-29,30,30,True,True,True,0ff9d74f6cbdf0de4155e350ebd07f6867abd985ecdf9fa7a3f5542be6c28422,frozen run_specs plus configuration-labelled raw_final records,NTP-newtaipei-idx7804-0-0,1.326622146118024,0,0,30.0,PASS,True,data/submission/raw_final.csv,False,195.9921121993102
Development,NTP-newtaipei-idx7804-0-0|qp14,historical,20.0,0-29,30,30,True,True,True,0ff9d74f6cbdf0de4155e350ebd07f6867abd985ecdf9fa7a3f5542be6c28422,frozen run_specs plus configuration-labelled raw_final records,NTP-newtaipei-idx7804-0-0,1.326622146118024,0,0,30.0,PASS,True,data/submission/raw_final.csv,False,198.73890100000423
Development,NTP-newtaipei-idx7804-0-0|qp35,historical,0.0,0-29,30,30,True,True,True,37ce56d27228d3e210fc5571361328fc8d53758cb2d536a3fc508e384a91bee0,frozen run_specs plus configuration-labelled raw_final records,NTP-newtaipei-idx7804-0-0,1.254539450597775,0,0,30.0,PASS,True,data/submission/raw_final.csv,False,217.286734799156
Development,NTP-newtaipei-idx7804-0-0|qp35,historical,1.0,0-29,30,30,True,True,True,37ce56d27228d3e210fc5571361328fc8d53758cb2d536a3fc508e384a91bee0,frozen run_specs plus configuration-labelled raw_final records,NTP-newtaipei-idx7804-0-0,1.254539450597775,0,0,30.0,PASS,True,data/submission/raw_final.csv,False,206.9416496003978
Development,NTP-newtaipei-idx7804-0-0|qp35,historical,2.0,0-29,30,30,True,True,True,37ce56d27228d3e210fc5571361328fc8d53758cb2d536a3fc508e384a91bee0,frozen run_specs plus configuration-labelled raw_final records,NTP-newtaipei-idx7804-0-0,1.254539450597775,0,0,30.0,PASS,True,data/submission/raw_final.csv,False,217.35467709973452
Development,NTP-newtaipei-idx7804-0-0|qp35,historical,3.0,0-29,30,30,True,True,True,37ce56d27228d3e210fc5571361328fc8d53758cb2d536a3fc508e384a91bee0,frozen run_specs plus configuration-labelled raw_final records,NTP-newtaipei-idx7804-0-0,1.254539450597775,0,0,30.0,PASS,True,data/submission/raw_final.csv,False,224.21869599982165
Development,NTP-newtaipei-idx7804-0-0|qp35,historical,4.0,0-29,30,30,True,True,True,37ce56d27228d3e210fc5571361328fc8d53758cb2d536a3fc508e384a91bee0,frozen run_specs plus configuration-labelled raw_final records,NTP-newtaipei-idx7804-0-0,1.254539450597775,0,0,30.0,PASS,True,data/submission/raw_final.csv,False,225.44126220047477
Development,NTP-newtaipei-idx7804-0-0|qp35,historical,5.0,0-29,30,30,True,True,True,37ce56d27228d3e210fc5571361328fc8d53758cb2d536a3fc508e384a91bee0,frozen run_specs plus configuration-labelled raw_final records,NTP-newtaipei-idx7804-0-0,1.254539450597775,0,0,30.0,PASS,True,data/submission/raw_final.csv,False,237.91304489946924
Development,NTP-newtaipei-idx7804-0-0|qp35,historical,6.0,0-29,30,30,True,True,True,37ce56d27228d3e210fc5571361328fc8d53758cb2d536a3fc508e384a91bee0,frozen run_specs plus configuration-labelled raw_final records,NTP-newtaipei-idx7804-0-0,1.254539450597775,0,0,30.0,PASS,True,data/submission/raw_final.csv,False,238.7425178992562
Development,NTP-newtaipei-idx7804-0-0|qp35,historical,8.0,0-29,30,30,True,True,True,37ce56d27228d3e210fc5571361328fc8d53758cb2d536a3fc508e384a91bee0,frozen run_specs plus configuration-labelled raw_final records,NTP-newtaipei-idx7804-0-0,1.254539450597775,0,0,30.0,PASS,True,data/submission/raw_final.csv,False,254.59575980040245
Development,NTP-newtaipei-idx7804-0-0|qp35,historical,10.0,0-29,30,30,True,True,True,37ce56d27228d3e210fc5571361328fc8d53758cb2d536a3fc508e384a91bee0,frozen run_specs plus configuration-labelled raw_final records,NTP-newtaipei-idx7804-0-0,1.254539450597775,0,0,30.0,PASS,True,data/submission/raw_final.csv,False,252.97490250016563
Development,NTP-newtaipei-idx7804-0-0|qp35,historical,11.0,0-29,30,30,True,True,True,37ce56d27228d3e210fc5571361328fc8d53758cb2d536a3fc508e384a91bee0,frozen run_specs plus configuration-labelled raw_final records,NTP-newtaipei-idx7804-0-0,1.254539450597775,0,0,29.0,PASS,True,data/submission/raw_final.csv,False,252.25136070000008
Development,NTP-newtaipei-idx7804-0-0|qp35,historical,12.0,0-29,30,30,True,True,True,37ce56d27228d3e210fc5571361328fc8d53758cb2d536a3fc508e384a91bee0,frozen run_specs plus configuration-labelled raw_final records,NTP-newtaipei-idx7804-0-0,1.254539450597775,0,0,28.0,FAIL,True,data/submission/raw_final.csv,False,300.76506909984164
Development,NTP-newtaipei-idx7804-0-0|qp35,historical,15.0,0-29,30,30,True,True,True,37ce56d27228d3e210fc5571361328fc8d53758cb2d536a3fc508e384a91bee0,frozen run_specs plus configuration-labelled raw_final records,NTP-newtaipei-idx7804-0-0,1.254539450597775,0,0,25.0,FAIL,True,data/submission/raw_final.csv,False,323.92875729943626
Development,NTP-newtaipei-idx7804-0-0|qp35,historical,18.0,0-29,30,30,True,True,True,37ce56d27228d3e210fc5571361328fc8d53758cb2d536a3fc508e384a91bee0,frozen run_specs plus configuration-labelled raw_final records,NTP-newtaipei-idx7804-0-0,1.254539450597775,0,0,12.0,FAIL,True,data/submission/raw_final.csv,False,359.73374120076187
Development,NTP-newtaipei-idx9858-0-0|qp10,historical,0.0,0-29,30,30,True,True,True,fdd05caed0cd9b0f2ea3173c94966b1c5ec615a32d5c4b9a08784b2d85048493,frozen run_specs plus configuration-labelled raw_final records,NTP-newtaipei-idx9858-0-0,1.3132734372066717,0,0,30.0,PASS,True,data/submission/raw_final.csv,False,78.90790780051611
Development,NTP-newtaipei-idx9858-0-0|qp10,historical,1.0,0-29,30,30,True,True,True,fdd05caed0cd9b0f2ea3173c94966b1c5ec615a32d5c4b9a08784b2d85048493,frozen run_specs plus configuration-labelled raw_final records,NTP-newtaipei-idx9858-0-0,1.3132734372066717,0,0,30.0,PASS,True,data/submission/raw_final.csv,False,83.82728799968027
Development,NTP-newtaipei-idx9858-0-0|qp10,historical,2.0,0-29,30,30,True,True,True,fdd05caed0cd9b0f2ea3173c94966b1c5ec615a32d5c4b9a08784b2d85048493,frozen run_specs plus configuration-labelled raw_final records,NTP-newtaipei-idx9858-0-0,1.3132734372066717,0,0,30.0,PASS,True,data/submission/raw_final.csv,False,84.57864490011707
Development,NTP-newtaipei-idx9858-0-0|qp10,historical,3.0,0-29,30,30,True,True,True,fdd05caed0cd9b0f2ea3173c94966b1c5ec615a32d5c4b9a08784b2d85048493,frozen run_specs plus configuration-labelled raw_final records,NTP-newtaipei-idx9858-0-0,1.3132734372066717,0,0,30.0,PASS,True,data/submission/raw_final.csv,False,87.02850369992666
Development,NTP-newtaipei-idx9858-0-0|qp10,historical,4.0,0-29,30,30,True,True,True,fdd05caed0cd9b0f2ea3173c94966b1c5ec615a32d5c4b9a08784b2d85048493,frozen run_specs plus configuration-labelled raw_final records,NTP-newtaipei-idx9858-0-0,1.3132734372066717,0,0,30.0,PASS,True,data/submission/raw_final.csv,False,91.73242960008793
Development,NTP-newtaipei-idx9858-0-0|qp10,historical,5.0,0-29,30,30,True,True,True,fdd05caed0cd9b0f2ea3173c94966b1c5ec615a32d5c4b9a08784b2d85048493,frozen run_specs plus configuration-labelled raw_final records,NTP-newtaipei-idx9858-0-0,1.3132734372066717,0,0,30.0,PASS,True,data/submission/raw_final.csv,False,103.81944780074993
Development,NTP-newtaipei-idx9858-0-0|qp10,historical,6.0,0-29,30,30,True,True,True,fdd05caed0cd9b0f2ea3173c94966b1c5ec615a32d5c4b9a08784b2d85048493,frozen run_specs plus configuration-labelled raw_final records,NTP-newtaipei-idx9858-0-0,1.3132734372066717,0,0,30.0,PASS,True,data/submission/raw_final.csv,False,106.36634519905785
Development,NTP-newtaipei-idx9858-0-0|qp10,historical,7.0,0-29,30,30,True,True,True,fdd05caed0cd9b0f2ea3173c94966b1c5ec615a32d5c4b9a08784b2d85048493,frozen run_specs plus configuration-labelled raw_final records,NTP-newtaipei-idx9858-0-0,1.3132734372066717,0,0,30.0,PASS,True,data/submission/raw_final.csv,False,63.71600000024773
Development,NTP-newtaipei-idx9858-0-0|qp10,historical,8.0,0-29,30,30,True,True,True,fdd05caed0cd9b0f2ea3173c94966b1c5ec615a32d5c4b9a08784b2d85048493,frozen run_specs plus configuration-labelled raw_final records,NTP-newtaipei-idx9858-0-0,1.3132734372066717,0,0,30.0,PASS,True,data/submission/raw_final.csv,False,115.02113000000828
Development,NTP-newtaipei-idx9858-0-0|qp10,historical,9.0,0-29,30,30,True,True,True,fdd05caed0cd9b0f2ea3173c94966b1c5ec615a32d5c4b9a08784b2d85048493,frozen run_specs plus configuration-labelled raw_final records,NTP-newtaipei-idx9858-0-0,1.3132734372066717,0,0,28.0,FAIL,True,data/submission/raw_final.csv,False,113.1407726004254
Development,NTP-newtaipei-idx9858-0-0|qp10,historical,10.0,0-29,30,30,True,True,True,fdd05caed0cd9b0f2ea3173c94966b1c5ec615a32d5c4b9a08784b2d85048493,frozen run_specs plus configuration-labelled raw_final records,NTP-newtaipei-idx9858-0-0,1.3132734372066717,0,0,27.0,FAIL,True,data/submission/raw_final.csv,False,124.51720570027828
Development,NTP-newtaipei-idx9858-0-0|qp10,historical,12.0,0-29,30,30,True,True,True,fdd05caed0cd9b0f2ea3173c94966b1c5ec615a32d5c4b9a08784b2d85048493,frozen run_specs plus configuration-labelled raw_final records,NTP-newtaipei-idx9858-0-0,1.3132734372066717,0,0,26.0,FAIL,True,data/submission/raw_final.csv,False,144.4760343011003
Development,NTP-newtaipei-idx9858-0-0|qp10,historical,15.0,0-29,30,30,True,True,True,fdd05caed0cd9b0f2ea3173c94966b1c5ec615a32d5c4b9a08784b2d85048493,frozen run_specs plus configuration-labelled raw_final records,NTP-newtaipei-idx9858-0-0,1.3132734372066717,0,0,16.0,FAIL,True,data/submission/raw_final.csv,False,166.22971829981543
Development,NTP-newtaipei-idx9858-0-0|qp23,historical,0.0,0-29,30,30,True,True,True,b3992f338e6d5faa6b64133964531835bce08e9e7f835130349d91807402c4fd,frozen run_specs plus configuration-labelled raw_final records,NTP-newtaipei-idx9858-0-0,1.233930443984417,0,0,30.0,PASS,True,data/submission/raw_final.csv,False,123.3830010991078
Development,NTP-newtaipei-idx9858-0-0|qp23,historical,1.0,0-29,30,30,True,True,True,b3992f338e6d5faa6b64133964531835bce08e9e7f835130349d91807402c4fd,frozen run_specs plus configuration-labelled raw_final records,NTP-newtaipei-idx9858-0-0,1.233930443984417,0,0,30.0,PASS,True,data/submission/raw_final.csv,False,148.2063788997475
Development,NTP-newtaipei-idx9858-0-0|qp23,historical,2.0,0-29,30,30,True,True,True,b3992f338e6d5faa6b64133964531835bce08e9e7f835130349d91807402c4fd,frozen run_specs plus configuration-labelled raw_final records,NTP-newtaipei-idx9858-0-0,1.233930443984417,0,0,30.0,PASS,True,data/submission/raw_final.csv,False,152.79787500062957
Development,NTP-newtaipei-idx9858-0-0|qp23,historical,3.0,0-29,30,30,True,True,True,b3992f338e6d5faa6b64133964531835bce08e9e7f835130349d91807402c4fd,frozen run_specs plus configuration-labelled raw_final records,NTP-newtaipei-idx9858-0-0,1.233930443984417,0,0,30.0,PASS,True,data/submission/raw_final.csv,False,157.96683139912784
Development,NTP-newtaipei-idx9858-0-0|qp23,historical,4.0,0-29,30,30,True,True,True,b3992f338e6d5faa6b64133964531835bce08e9e7f835130349d91807402c4fd,frozen run_specs plus configuration-labelled raw_final records,NTP-newtaipei-idx9858-0-0,1.233930443984417,0,0,29.0,PASS,True,data/submission/raw_final.csv,False,165.18185829999857
Development,NTP-newtaipei-idx9858-0-0|qp23,historical,5.0,0-29,30,30,True,True,True,b3992f338e6d5faa6b64133964531835bce08e9e7f835130349d91807402c4fd,frozen run_specs plus configuration-labelled raw_final records,NTP-newtaipei-idx9858-0-0,1.233930443984417,0,0,29.0,PASS,True,data/submission/raw_final.csv,False,169.04659790010192
Development,NTP-newtaipei-idx9858-0-0|qp23,historical,6.0,0-29,30,30,True,True,True,b3992f338e6d5faa6b64133964531835bce08e9e7f835130349d91807402c4fd,frozen run_specs plus configuration-labelled raw_final records,NTP-newtaipei-idx9858-0-0,1.233930443984417,0,0,25.0,FAIL,True,data/submission/raw_final.csv,False,184.04148010048084
Development,NTP-newtaipei-idx9858-0-0|qp23,historical,8.0,0-29,30,30,True,True,True,b3992f338e6d5faa6b64133964531835bce08e9e7f835130349d91807402c4fd,frozen run_specs plus configuration-labelled raw_final records,NTP-newtaipei-idx9858-0-0,1.233930443984417,0,0,15.0,FAIL,True,data/submission/raw_final.csv,False,211.88728910009377
Development,NYC-nyc-10517-0-3|qp4,historical,0.0,0-29,30,30,True,True,False,,no preserved run_spec,NYC-nyc-10517-0-3,,0,0,,MISSING_CONFIGURATION_PROOF,False,data/submission/raw_final.csv,False,183.30725229997188
Development,NYC-nyc-10517-0-3|qp9,historical,0.0,0-29,30,30,True,True,False,,no preserved run_spec,NYC-nyc-10517-0-3,,0,0,,MISSING_CONFIGURATION_PROOF,False,data/submission/raw_final.csv,False,330.6160861996468
Development,NYC-nyc-110605-0-2|qp20,historical,0.0,0-29,30,30,True,True,True,2103c2dbb3aa118c666b280470a03c5d44da5719ba04006521791ae20e8aae7f,frozen run_specs plus configuration-labelled raw_final records,NYC-nyc-110605-0-2,1.2620738539826817,0,0,30.0,PASS,True,data/submission/raw_final.csv,False,126.1144262002781
Development,NYC-nyc-110605-0-2|qp20,historical,1.0,0-29,30,30,True,True,True,2103c2dbb3aa118c666b280470a03c5d44da5719ba04006521791ae20e8aae7f,frozen run_specs plus configuration-labelled raw_final records,NYC-nyc-110605-0-2,1.2620738539826817,0,0,30.0,PASS,True,data/submission/raw_final.csv,False,129.4922664994374
Development,NYC-nyc-110605-0-2|qp20,historical,2.0,0-29,30,30,True,True,True,2103c2dbb3aa118c666b280470a03c5d44da5719ba04006521791ae20e8aae7f,frozen run_specs plus configuration-labelled raw_final records,NYC-nyc-110605-0-2,1.2620738539826817,0,0,30.0,PASS,True,data/submission/raw_final.csv,False,136.21551079978235
Development,NYC-nyc-110605-0-2|qp20,historical,3.0,0-29,30,30,True,True,True,2103c2dbb3aa118c666b280470a03c5d44da5719ba04006521791ae20e8aae7f,frozen run_specs plus configuration-labelled raw_final records,NYC-nyc-110605-0-2,1.2620738539826817,0,0,30.0,PASS,True,data/submission/raw_final.csv,False,143.13573460001498
Development,NYC-nyc-110605-0-2|qp20,historical,4.0,0-29,30,30,True,True,True,2103c2dbb3aa118c666b280470a03c5d44da5719ba04006521791ae20e8aae7f,frozen run_specs plus configuration-labelled raw_final records,NYC-nyc-110605-0-2,1.2620738539826817,0,0,30.0,PASS,True,data/submission/raw_final.csv,False,148.6944960008841
Development,NYC-nyc-110605-0-2|qp20,historical,5.0,0-29,30,30,True,True,True,2103c2dbb3aa118c666b280470a03c5d44da5719ba04006521791ae20e8aae7f,frozen run_specs plus configuration-labelled raw_final records,NYC-nyc-110605-0-2,1.2620738539826817,0,0,27.0,FAIL,True,data/submission/raw_final.csv,False,157.2780487013515
Development,NYC-nyc-110605-0-2|qp20,historical,6.0,0-29,30,30,True,True,True,2103c2dbb3aa118c666b280470a03c5d44da5719ba04006521791ae20e8aae7f,frozen run_specs plus configuration-labelled raw_final records,NYC-nyc-110605-0-2,1.2620738539826817,0,0,28.0,FAIL,True,data/submission/raw_final.csv,False,164.00258559943177
Development,NYC-nyc-110605-0-2|qp20,historical,8.0,0-29,30,30,True,True,True,2103c2dbb3aa118c666b280470a03c5d44da5719ba04006521791ae20e8aae7f,frozen run_specs plus configuration-labelled raw_final records,NYC-nyc-110605-0-2,1.2620738539826817,0,0,12.0,FAIL,True,data/submission/raw_final.csv,False,180.8859902005643
Development,NYC-nyc-110605-0-2|qp8,historical,0.0,0-29,30,30,True,True,True,90e07d9f28f6ee27330081e40f26a6c1aecb60e09a4e969565886dfc34739a9d,frozen run_specs plus configuration-labelled raw_final records,NYC-nyc-110605-0-2,1.3197781828949686,0,0,30.0,PASS,True,data/submission/raw_final.csv,False,66.95925149926916
Development,NYC-nyc-110605-0-2|qp8,historical,1.0,0-29,30,30,True,True,True,90e07d9f28f6ee27330081e40f26a6c1aecb60e09a4e969565886dfc34739a9d,frozen run_specs plus configuration-labelled raw_final records,NYC-nyc-110605-0-2,1.3197781828949686,0,0,30.0,PASS,True,data/submission/raw_final.csv,False,70.65140209998935
Development,NYC-nyc-110605-0-2|qp8,historical,2.0,0-29,30,30,True,True,True,90e07d9f28f6ee27330081e40f26a6c1aecb60e09a4e969565886dfc34739a9d,frozen run_specs plus configuration-labelled raw_final records,NYC-nyc-110605-0-2,1.3197781828949686,0,0,30.0,PASS,True,data/submission/raw_final.csv,False,79.9787727999501
Development,NYC-nyc-110605-0-2|qp8,historical,3.0,0-29,30,30,True,True,True,90e07d9f28f6ee27330081e40f26a6c1aecb60e09a4e969565886dfc34739a9d,frozen run_specs plus configuration-labelled raw_final records,NYC-nyc-110605-0-2,1.3197781828949686,0,0,30.0,PASS,True,data/submission/raw_final.csv,False,83.55248460057192
Development,NYC-nyc-110605-0-2|qp8,historical,4.0,0-29,30,30,True,True,True,90e07d9f28f6ee27330081e40f26a6c1aecb60e09a4e969565886dfc34739a9d,frozen run_specs plus configuration-labelled raw_final records,NYC-nyc-110605-0-2,1.3197781828949686,0,0,30.0,PASS,True,data/submission/raw_final.csv,False,88.30285779945552
Development,NYC-nyc-110605-0-2|qp8,historical,5.0,0-29,30,30,True,True,True,90e07d9f28f6ee27330081e40f26a6c1aecb60e09a4e969565886dfc34739a9d,frozen run_specs plus configuration-labelled raw_final records,NYC-nyc-110605-0-2,1.3197781828949686,0,0,30.0,PASS,True,data/submission/raw_final.csv,False,92.14882869948632
Development,NYC-nyc-110605-0-2|qp8,historical,6.0,0-29,30,30,True,True,True,90e07d9f28f6ee27330081e40f26a6c1aecb60e09a4e969565886dfc34739a9d,frozen run_specs plus configuration-labelled raw_final records,NYC-nyc-110605-0-2,1.3197781828949686,0,0,30.0,PASS,True,data/submission/raw_final.csv,False,99.14920369931497
Development,NYC-nyc-110605-0-2|qp8,historical,7.0,0-29,30,30,True,True,True,90e07d9f28f6ee27330081e40f26a6c1aecb60e09a4e969565886dfc34739a9d,frozen run_specs plus configuration-labelled raw_final records,NYC-nyc-110605-0-2,1.3197781828949686,0,0,30.0,PASS,True,data/submission/raw_final.csv,False,102.46311289956792
Development,NYC-nyc-110605-0-2|qp8,historical,8.0,0-29,30,30,True,True,True,90e07d9f28f6ee27330081e40f26a6c1aecb60e09a4e969565886dfc34739a9d,frozen run_specs plus configuration-labelled raw_final records,NYC-nyc-110605-0-2,1.3197781828949686,0,0,28.0,FAIL,True,data/submission/raw_final.csv,False,108.9946963994298
Development,NYC-nyc-110605-0-2|qp8,historical,10.0,0-29,30,30,True,True,True,90e07d9f28f6ee27330081e40f26a6c1aecb60e09a4e969565886dfc34739a9d,frozen run_specs plus configuration-labelled raw_final records,NYC-nyc-110605-0-2,1.3197781828949686,0,0,27.0,FAIL,True,data/submission/raw_final.csv,False,118.51723480015062
Development,NYC-nyc-110605-0-2|qp8,historical,12.0,0-29,30,30,True,True,True,90e07d9f28f6ee27330081e40f26a6c1aecb60e09a4e969565886dfc34739a9d,frozen run_specs plus configuration-labelled raw_final records,NYC-nyc-110605-0-2,1.3197781828949686,0,0,17.0,FAIL,True,data/submission/raw_final.csv,False,137.4680427000858
Development,NYC-nyc-110605-0-2|qp8,historical,15.0,0-29,30,30,True,True,True,90e07d9f28f6ee27330081e40f26a6c1aecb60e09a4e969565886dfc34739a9d,frozen run_specs plus configuration-labelled raw_final records,NYC-nyc-110605-0-2,1.3197781828949686,0,0,4.0,FAIL,True,data/submission/raw_final.csv,False,154.1707763010636
Development,NYC-nyc-17655-0-0|qp12,historical,0.0,0-29,30,30,True,True,True,7b5377fcd1569610904e37084cbc89b5794b3d4732124aea685cb7756cf88464,frozen run_specs plus configuration-labelled raw_final records,NYC-nyc-17655-0-0,1.323628758643079,0,0,30.0,PASS,True,data/submission/raw_final.csv,False,95.5973632996902
Development,NYC-nyc-17655-0-0|qp12,historical,1.0,0-29,30,30,True,True,True,7b5377fcd1569610904e37084cbc89b5794b3d4732124aea685cb7756cf88464,frozen run_specs plus configuration-labelled raw_final records,NYC-nyc-17655-0-0,1.323628758643079,0,0,30.0,PASS,True,data/submission/raw_final.csv,False,84.53933450044133
Development,NYC-nyc-17655-0-0|qp12,historical,2.0,0-29,30,30,True,True,True,7b5377fcd1569610904e37084cbc89b5794b3d4732124aea685cb7756cf88464,frozen run_specs plus configuration-labelled raw_final records,NYC-nyc-17655-0-0,1.323628758643079,0,0,30.0,PASS,True,data/submission/raw_final.csv,False,93.95303179998882
Development,NYC-nyc-17655-0-0|qp12,historical,3.0,0-29,30,30,True,True,True,7b5377fcd1569610904e37084cbc89b5794b3d4732124aea685cb7756cf88464,frozen run_specs plus configuration-labelled raw_final records,NYC-nyc-17655-0-0,1.323628758643079,0,0,30.0,PASS,True,data/submission/raw_final.csv,False,96.77969710133038
Development,NYC-nyc-17655-0-0|qp12,historical,4.0,0-29,30,30,True,True,True,7b5377fcd1569610904e37084cbc89b5794b3d4732124aea685cb7756cf88464,frozen run_specs plus configuration-labelled raw_final records,NYC-nyc-17655-0-0,1.323628758643079,0,0,30.0,PASS,True,data/submission/raw_final.csv,False,99.60734110046178
Development,NYC-nyc-17655-0-0|qp12,historical,5.0,0-29,30,30,True,True,True,7b5377fcd1569610904e37084cbc89b5794b3d4732124aea685cb7756cf88464,frozen run_specs plus configuration-labelled raw_final records,NYC-nyc-17655-0-0,1.323628758643079,0,0,30.0,PASS,True,data/submission/raw_final.csv,False,104.24772410024887
Development,NYC-nyc-17655-0-0|qp12,historical,6.0,0-29,30,30,True,True,True,7b5377fcd1569610904e37084cbc89b5794b3d4732124aea685cb7756cf88464,frozen run_specs plus configuration-labelled raw_final records,NYC-nyc-17655-0-0,1.323628758643079,0,0,30.0,PASS,True,data/submission/raw_final.csv,False,110.29351529944688
Development,NYC-nyc-17655-0-0|qp12,historical,7.0,0-29,30,30,True,True,True,7b5377fcd1569610904e37084cbc89b5794b3d4732124aea685cb7756cf88464,frozen run_specs plus configuration-labelled raw_final records,NYC-nyc-17655-0-0,1.323628758643079,0,0,30.0,PASS,True,new package,True,65.91265200002817
Development,NYC-nyc-17655-0-0|qp12,historical,8.0,0-29,30,30,True,True,True,7b5377fcd1569610904e37084cbc89b5794b3d4732124aea685cb7756cf88464,frozen run_specs plus configuration-labelled raw_final records,NYC-nyc-17655-0-0,1.323628758643079,0,0,30.0,PASS,True,data/submission/raw_final.csv,False,120.43101980024947
Development,NYC-nyc-17655-0-0|qp12,historical,9.0,0-29,30,30,True,True,True,7b5377fcd1569610904e37084cbc89b5794b3d4732124aea685cb7756cf88464,frozen run_specs plus configuration-labelled raw_final records,NYC-nyc-17655-0-0,1.323628758643079,0,0,30.0,PASS,True,data/submission/raw_final.csv,False,75.84500000067055
Development,NYC-nyc-17655-0-0|qp12,historical,10.0,0-29,30,30,True,True,True,7b5377fcd1569610904e37084cbc89b5794b3d4732124aea685cb7756cf88464,frozen run_specs plus configuration-labelled raw_final records,NYC-nyc-17655-0-0,1.323628758643079,0,0,30.0,PASS,True,data/submission/raw_final.csv,False,128.90318150119856
Development,NYC-nyc-17655-0-0|qp12,historical,11.0,0-29,30,30,True,True,True,7b5377fcd1569610904e37084cbc89b5794b3d4732124aea685cb7756cf88464,frozen run_specs plus configuration-labelled raw_final records,NYC-nyc-17655-0-0,1.323628758643079,0,0,30.0,PASS,True,new package,True,79.25441060011508
Development,NYC-nyc-17655-0-0|qp12,historical,12.0,0-29,30,30,True,True,True,7b5377fcd1569610904e37084cbc89b5794b3d4732124aea685cb7756cf88464,frozen run_specs plus configuration-labelled raw_final records,NYC-nyc-17655-0-0,1.323628758643079,0,0,30.0,PASS,True,data/submission/raw_final.csv,False,147.6725359002594
Development,NYC-nyc-17655-0-0|qp12,historical,13.0,0-29,30,30,True,True,True,7b5377fcd1569610904e37084cbc89b5794b3d4732124aea685cb7756cf88464,frozen run_specs plus configuration-labelled raw_final records,NYC-nyc-17655-0-0,1.323628758643079,0,0,29.0,PASS,True,data/submission/raw_final.csv,False,97.622999999905
Development,NYC-nyc-17655-0-0|qp12,historical,15.0,0-29,30,30,True,True,True,7b5377fcd1569610904e37084cbc89b5794b3d4732124aea685cb7756cf88464,frozen run_specs plus configuration-labelled raw_final records,NYC-nyc-17655-0-0,1.323628758643079,0,0,30.0,PASS,True,data/submission/raw_final.csv,False,166.08293110015802
Development,NYC-nyc-17655-0-0|qp12,historical,18.0,0-29,30,30,True,True,True,7b5377fcd1569610904e37084cbc89b5794b3d4732124aea685cb7756cf88464,frozen run_specs plus configuration-labelled raw_final records,NYC-nyc-17655-0-0,1.323628758643079,0,0,29.0,PASS,True,data/submission/raw_final.csv,False,183.61829880112785
Development,NYC-nyc-17655-0-0|qp12,historical,19.0,0-29,30,30,True,True,True,7b5377fcd1569610904e37084cbc89b5794b3d4732124aea685cb7756cf88464,frozen run_specs plus configuration-labelled raw_final records,NYC-nyc-17655-0-0,1.323628758643079,0,0,25.0,FAIL,True,data/submission/raw_final.csv,False,167.21626080130227
Development,NYC-nyc-17655-0-0|qp12,historical,20.0,0-29,30,30,True,True,True,7b5377fcd1569610904e37084cbc89b5794b3d4732124aea685cb7756cf88464,frozen run_specs plus configuration-labelled raw_final records,NYC-nyc-17655-0-0,1.323628758643079,0,0,22.0,FAIL,True,data/submission/raw_final.csv,False,191.43651739973572
Development,NYC-nyc-17655-0-0|qp29,historical,0.0,0-29,30,30,True,True,True,4d48ad4c96c3b6ae18ab6ed305b373dcf4a4340c21679b2cd9334cad2c53638f,frozen run_specs plus configuration-labelled raw_final records,NYC-nyc-17655-0-0,1.260043348573549,0,0,30.0,PASS,True,data/submission/raw_final.csv,False,188.8914555998053
Development,NYC-nyc-17655-0-0|qp29,historical,1.0,0-29,30,30,True,True,True,4d48ad4c96c3b6ae18ab6ed305b373dcf4a4340c21679b2cd9334cad2c53638f,frozen run_specs plus configuration-labelled raw_final records,NYC-nyc-17655-0-0,1.260043348573549,0,0,30.0,PASS,True,data/submission/raw_final.csv,False,178.0867862990126
Development,NYC-nyc-17655-0-0|qp29,historical,2.0,0-29,30,30,True,True,True,4d48ad4c96c3b6ae18ab6ed305b373dcf4a4340c21679b2cd9334cad2c53638f,frozen run_specs plus configuration-labelled raw_final records,NYC-nyc-17655-0-0,1.260043348573549,0,0,30.0,PASS,True,data/submission/raw_final.csv,False,177.6053291996941
Development,NYC-nyc-17655-0-0|qp29,historical,3.0,0-29,30,30,True,True,True,4d48ad4c96c3b6ae18ab6ed305b373dcf4a4340c21679b2cd9334cad2c53638f,frozen run_specs plus configuration-labelled raw_final records,NYC-nyc-17655-0-0,1.260043348573549,0,0,30.0,PASS,True,data/submission/raw_final.csv,False,188.30774489953183
Development,NYC-nyc-17655-0-0|qp29,historical,4.0,0-29,30,30,True,True,True,4d48ad4c96c3b6ae18ab6ed305b373dcf4a4340c21679b2cd9334cad2c53638f,frozen run_specs plus configuration-labelled raw_final records,NYC-nyc-17655-0-0,1.260043348573549,0,0,30.0,PASS,True,data/submission/raw_final.csv,False,193.69562639994547
Development,NYC-nyc-17655-0-0|qp29,historical,5.0,0-29,30,30,True,True,True,4d48ad4c96c3b6ae18ab6ed305b373dcf4a4340c21679b2cd9334cad2c53638f,frozen run_specs plus configuration-labelled raw_final records,NYC-nyc-17655-0-0,1.260043348573549,0,0,30.0,PASS,True,data/submission/raw_final.csv,False,201.50693130050783
Development,NYC-nyc-17655-0-0|qp29,historical,6.0,0-29,30,30,True,True,True,4d48ad4c96c3b6ae18ab6ed305b373dcf4a4340c21679b2cd9334cad2c53638f,frozen run_specs plus configuration-labelled raw_final records,NYC-nyc-17655-0-0,1.260043348573549,0,0,30.0,PASS,True,data/submission/raw_final.csv,False,199.23434360092503
Development,NYC-nyc-17655-0-0|qp29,historical,8.0,0-29,30,30,True,True,True,4d48ad4c96c3b6ae18ab6ed305b373dcf4a4340c21679b2cd9334cad2c53638f,frozen run_specs plus configuration-labelled raw_final records,NYC-nyc-17655-0-0,1.260043348573549,0,0,30.0,PASS,True,data/submission/raw_final.csv,False,212.51569910044785
Development,NYC-nyc-17655-0-0|qp29,historical,10.0,0-29,30,30,True,True,True,4d48ad4c96c3b6ae18ab6ed305b373dcf4a4340c21679b2cd9334cad2c53638f,frozen run_specs plus configuration-labelled raw_final records,NYC-nyc-17655-0-0,1.260043348573549,0,0,30.0,PASS,True,data/submission/raw_final.csv,False,226.369767799275
Development,NYC-nyc-17655-0-0|qp29,historical,11.0,0-29,30,30,True,True,True,4d48ad4c96c3b6ae18ab6ed305b373dcf4a4340c21679b2cd9334cad2c53638f,frozen run_specs plus configuration-labelled raw_final records,NYC-nyc-17655-0-0,1.260043348573549,0,0,29.0,PASS,True,data/submission/raw_final.csv,False,222.10936210025105
Development,NYC-nyc-17655-0-0|qp29,historical,12.0,0-29,30,30,True,True,True,4d48ad4c96c3b6ae18ab6ed305b373dcf4a4340c21679b2cd9334cad2c53638f,frozen run_specs plus configuration-labelled raw_final records,NYC-nyc-17655-0-0,1.260043348573549,0,0,28.0,FAIL,True,data/submission/raw_final.csv,False,268.33426580089144
Development,NYC-nyc-17655-0-0|qp29,historical,15.0,0-29,30,30,True,True,True,4d48ad4c96c3b6ae18ab6ed305b373dcf4a4340c21679b2cd9334cad2c53638f,frozen run_specs plus configuration-labelled raw_final records,NYC-nyc-17655-0-0,1.260043348573549,0,0,17.0,FAIL,True,data/submission/raw_final.csv,False,289.9396731995512
Development,NYC-nyc-17655-0-0|qp29,historical,18.0,0-29,30,30,True,True,True,4d48ad4c96c3b6ae18ab6ed305b373dcf4a4340c21679b2cd9334cad2c53638f,frozen run_specs plus configuration-labelled raw_final records,NYC-nyc-17655-0-0,1.260043348573549,0,0,9.0,FAIL,True,data/submission/raw_final.csv,False,383.7808429999277
Development,NYC-nyc-182996-0-0|qp19,historical,0.0,0-29,30,30,True,True,False,,no preserved run_spec,NYC-nyc-182996-0-0,,0,0,,MISSING_CONFIGURATION_PROOF,False,data/submission/raw_final.csv,False,119.99161940068008
Development,NYC-nyc-182996-0-0|qp19,historical,1.0,0-29,30,30,True,True,False,,no preserved run_spec,NYC-nyc-182996-0-0,,0,0,,MISSING_CONFIGURATION_PROOF,False,data/submission/raw_final.csv,False,121.28272869973443
Development,NYC-nyc-182996-0-0|qp19,historical,2.0,0-29,30,30,True,True,False,,no preserved run_spec,NYC-nyc-182996-0-0,,0,0,,MISSING_CONFIGURATION_PROOF,False,data/submission/raw_final.csv,False,126.70523329940625
Development,NYC-nyc-182996-0-0|qp19,historical,3.0,0-29,30,30,True,True,False,,no preserved run_spec,NYC-nyc-182996-0-0,,0,0,,MISSING_CONFIGURATION_PROOF,False,data/submission/raw_final.csv,False,134.29003230086528
Development,NYC-nyc-182996-0-0|qp19,historical,4.0,0-29,30,30,True,True,False,,no preserved run_spec,NYC-nyc-182996-0-0,,0,0,,MISSING_CONFIGURATION_PROOF,False,data/submission/raw_final.csv,False,141.8837296012789
Development,NYC-nyc-182996-0-0|qp19,historical,5.0,0-29,30,30,True,True,False,,no preserved run_spec,NYC-nyc-182996-0-0,,0,0,,MISSING_CONFIGURATION_PROOF,False,data/submission/raw_final.csv,False,148.10656119976193
Development,NYC-nyc-182996-0-0|qp8,historical,0.0,0-29,30,30,True,True,False,,no preserved run_spec,NYC-nyc-182996-0-0,,0,0,,MISSING_CONFIGURATION_PROOF,False,data/submission/raw_final.csv,False,75.19195530028082
Development,NYC-nyc-182996-0-0|qp8,historical,1.0,0-29,30,30,True,True,False,,no preserved run_spec,NYC-nyc-182996-0-0,,0,0,,MISSING_CONFIGURATION_PROOF,False,data/submission/raw_final.csv,False,68.09336130041629
Development,NYC-nyc-182996-0-0|qp8,historical,2.0,0-29,30,30,True,True,False,,no preserved run_spec,NYC-nyc-182996-0-0,,0,0,,MISSING_CONFIGURATION_PROOF,False,data/submission/raw_final.csv,False,76.75490749976598
Development,NYC-nyc-182996-0-0|qp8,historical,3.0,0-29,30,30,True,True,False,,no preserved run_spec,NYC-nyc-182996-0-0,,0,0,,MISSING_CONFIGURATION_PROOF,False,data/submission/raw_final.csv,False,76.76749459956773
Development,NYC-nyc-182996-0-0|qp8,historical,4.0,0-29,30,30,True,True,False,,no preserved run_spec,NYC-nyc-182996-0-0,,0,0,,MISSING_CONFIGURATION_PROOF,False,data/submission/raw_final.csv,False,85.44865099922754
Development,NYC-nyc-182996-0-0|qp8,historical,5.0,0-29,30,30,True,True,False,,no preserved run_spec,NYC-nyc-182996-0-0,,0,0,,MISSING_CONFIGURATION_PROOF,False,data/submission/raw_final.csv,False,81.54906370025128
Development,NYC-nyc-182996-0-0|qp8,historical,6.0,0-29,30,30,True,True,False,,no preserved run_spec,NYC-nyc-182996-0-0,,0,0,,MISSING_CONFIGURATION_PROOF,False,data/submission/raw_final.csv,False,89.66363349999301
Development,NYC-nyc-182996-0-0|qp8,historical,8.0,0-29,30,30,True,True,False,,no preserved run_spec,NYC-nyc-182996-0-0,,0,0,,MISSING_CONFIGURATION_PROOF,False,data/submission/raw_final.csv,False,104.13768179994076
Development,NYC-nyc-199805-0-0|qp10,historical,0.0,0-29,30,30,True,True,True,8858c8a9db3347136ad44a86d6322c1e65e5fc495ebfffe82baadd346f4f7c05,frozen run_specs plus configuration-labelled raw_final records,NYC-nyc-199805-0-0,1.316447191996631,0,0,30.0,PASS,True,data/submission/raw_final.csv,False,85.9211039005313
Development,NYC-nyc-199805-0-0|qp10,historical,1.0,0-29,30,30,True,True,True,8858c8a9db3347136ad44a86d6322c1e65e5fc495ebfffe82baadd346f4f7c05,frozen run_specs plus configuration-labelled raw_final records,NYC-nyc-199805-0-0,1.316447191996631,0,0,30.0,PASS,True,data/submission/raw_final.csv,False,79.13643149985
Development,NYC-nyc-199805-0-0|qp10,historical,2.0,0-29,30,30,True,True,True,8858c8a9db3347136ad44a86d6322c1e65e5fc495ebfffe82baadd346f4f7c05,frozen run_specs plus configuration-labelled raw_final records,NYC-nyc-199805-0-0,1.316447191996631,0,0,30.0,PASS,True,data/submission/raw_final.csv,False,87.06424060137942
Development,NYC-nyc-199805-0-0|qp10,historical,3.0,0-29,30,30,True,True,True,8858c8a9db3347136ad44a86d6322c1e65e5fc495ebfffe82baadd346f4f7c05,frozen run_specs plus configuration-labelled raw_final records,NYC-nyc-199805-0-0,1.316447191996631,0,0,30.0,PASS,True,data/submission/raw_final.csv,False,89.07252950011753
Development,NYC-nyc-199805-0-0|qp10,historical,4.0,0-29,30,30,True,True,True,8858c8a9db3347136ad44a86d6322c1e65e5fc495ebfffe82baadd346f4f7c05,frozen run_specs plus configuration-labelled raw_final records,NYC-nyc-199805-0-0,1.316447191996631,0,0,30.0,PASS,True,data/submission/raw_final.csv,False,96.70384509954602
Development,NYC-nyc-199805-0-0|qp10,historical,5.0,0-29,30,30,True,True,True,8858c8a9db3347136ad44a86d6322c1e65e5fc495ebfffe82baadd346f4f7c05,frozen run_specs plus configuration-labelled raw_final records,NYC-nyc-199805-0-0,1.316447191996631,0,0,30.0,PASS,True,data/submission/raw_final.csv,False,106.47807189985178
Development,NYC-nyc-199805-0-0|qp10,historical,6.0,0-29,30,30,True,True,True,8858c8a9db3347136ad44a86d6322c1e65e5fc495ebfffe82baadd346f4f7c05,frozen run_specs plus configuration-labelled raw_final records,NYC-nyc-199805-0-0,1.316447191996631,0,0,30.0,PASS,True,data/submission/raw_final.csv,False,102.5996273001656
Development,NYC-nyc-199805-0-0|qp10,historical,8.0,0-29,30,30,True,True,True,8858c8a9db3347136ad44a86d6322c1e65e5fc495ebfffe82baadd346f4f7c05,frozen run_specs plus configuration-labelled raw_final records,NYC-nyc-199805-0-0,1.316447191996631,0,0,30.0,PASS,True,data/submission/raw_final.csv,False,110.12566760042682
Development,NYC-nyc-199805-0-0|qp10,historical,9.0,0-29,30,30,True,True,True,8858c8a9db3347136ad44a86d6322c1e65e5fc495ebfffe82baadd346f4f7c05,frozen run_specs plus configuration-labelled raw_final records,NYC-nyc-199805-0-0,1.316447191996631,0,0,29.0,PASS,True,data/submission/raw_final.csv,False,76.0140000001993
Development,NYC-nyc-199805-0-0|qp10,historical,10.0,0-29,30,30,True,True,True,8858c8a9db3347136ad44a86d6322c1e65e5fc495ebfffe82baadd346f4f7c05,frozen run_specs plus configuration-labelled raw_final records,NYC-nyc-199805-0-0,1.316447191996631,0,0,29.0,PASS,True,data/submission/raw_final.csv,False,125.66314770001918
Development,NYC-nyc-199805-0-0|qp10,historical,11.0,0-29,30,30,True,True,True,8858c8a9db3347136ad44a86d6322c1e65e5fc495ebfffe82baadd346f4f7c05,frozen run_specs plus configuration-labelled raw_final records,NYC-nyc-199805-0-0,1.316447191996631,0,0,28.0,FAIL,True,data/submission/raw_final.csv,False,125.12580859963782
Development,NYC-nyc-199805-0-0|qp10,historical,12.0,0-29,30,30,True,True,True,8858c8a9db3347136ad44a86d6322c1e65e5fc495ebfffe82baadd346f4f7c05,frozen run_specs plus configuration-labelled raw_final records,NYC-nyc-199805-0-0,1.316447191996631,0,0,28.0,FAIL,True,data/submission/raw_final.csv,False,140.68689860100858
Development,NYC-nyc-199805-0-0|qp10,historical,15.0,0-29,30,30,True,True,True,8858c8a9db3347136ad44a86d6322c1e65e5fc495ebfffe82baadd346f4f7c05,frozen run_specs plus configuration-labelled raw_final records,NYC-nyc-199805-0-0,1.316447191996631,0,0,23.0,FAIL,True,data/submission/raw_final.csv,False,166.1903057997115
Development,NYC-nyc-199805-0-0|qp10,historical,18.0,0-29,30,30,True,True,True,8858c8a9db3347136ad44a86d6322c1e65e5fc495ebfffe82baadd346f4f7c05,frozen run_specs plus configuration-labelled raw_final records,NYC-nyc-199805-0-0,1.316447191996631,0,0,9.0,FAIL,True,data/submission/raw_final.csv,False,187.5661093010567
Development,NYC-nyc-199805-0-0|qp25,historical,0.0,0-29,30,30,True,True,True,bc272d5b26214278df38653f40b715a6dabdea0dd0d508b37cee4749ad9f6227,frozen run_specs plus configuration-labelled raw_final records,NYC-nyc-199805-0-0,1.2405696863200382,0,0,30.0,PASS,True,data/submission/raw_final.csv,False,158.07258969871327
Development,NYC-nyc-199805-0-0|qp25,historical,1.0,0-29,30,30,True,True,True,bc272d5b26214278df38653f40b715a6dabdea0dd0d508b37cee4749ad9f6227,frozen run_specs plus configuration-labelled raw_final records,NYC-nyc-199805-0-0,1.2405696863200382,0,0,30.0,PASS,True,data/submission/raw_final.csv,False,162.37869879999198
Development,NYC-nyc-199805-0-0|qp25,historical,2.0,0-29,30,30,True,True,True,bc272d5b26214278df38653f40b715a6dabdea0dd0d508b37cee4749ad9f6227,frozen run_specs plus configuration-labelled raw_final records,NYC-nyc-199805-0-0,1.2405696863200382,0,0,30.0,PASS,True,data/submission/raw_final.csv,False,172.25684209936298
Development,NYC-nyc-199805-0-0|qp25,historical,3.0,0-29,30,30,True,True,True,bc272d5b26214278df38653f40b715a6dabdea0dd0d508b37cee4749ad9f6227,frozen run_specs plus configuration-labelled raw_final records,NYC-nyc-199805-0-0,1.2405696863200382,0,0,30.0,PASS,True,data/submission/raw_final.csv,False,179.12371560023166
Development,NYC-nyc-199805-0-0|qp25,historical,4.0,0-29,30,30,True,True,True,bc272d5b26214278df38653f40b715a6dabdea0dd0d508b37cee4749ad9f6227,frozen run_specs plus configuration-labelled raw_final records,NYC-nyc-199805-0-0,1.2405696863200382,0,0,30.0,PASS,True,data/submission/raw_final.csv,False,185.8019434006419
Development,NYC-nyc-199805-0-0|qp25,historical,5.0,0-29,30,30,True,True,True,bc272d5b26214278df38653f40b715a6dabdea0dd0d508b37cee4749ad9f6227,frozen run_specs plus configuration-labelled raw_final records,NYC-nyc-199805-0-0,1.2405696863200382,0,0,29.0,PASS,True,data/submission/raw_final.csv,False,206.28811340034008
Development,NYC-nyc-199805-0-0|qp25,historical,6.0,0-29,30,30,True,True,True,bc272d5b26214278df38653f40b715a6dabdea0dd0d508b37cee4749ad9f6227,frozen run_specs plus configuration-labelled raw_final records,NYC-nyc-199805-0-0,1.2405696863200382,0,0,30.0,PASS,True,data/submission/raw_final.csv,False,191.99859810061756
Development,NYC-nyc-199805-0-0|qp25,historical,7.0,0-29,30,30,True,True,True,bc272d5b26214278df38653f40b715a6dabdea0dd0d508b37cee4749ad9f6227,frozen run_specs plus configuration-labelled raw_final records,NYC-nyc-199805-0-0,1.2405696863200382,0,0,30.0,PASS,True,data/submission/raw_final.csv,False,188.4392731001135
Development,NYC-nyc-199805-0-0|qp25,historical,8.0,0-29,30,30,True,True,True,bc272d5b26214278df38653f40b715a6dabdea0dd0d508b37cee4749ad9f6227,frozen run_specs plus configuration-labelled raw_final records,NYC-nyc-199805-0-0,1.2405696863200382,0,0,27.0,FAIL,True,data/submission/raw_final.csv,False,204.29749360051937
Development,NYC-nyc-199805-0-0|qp25,historical,10.0,0-29,30,30,True,True,True,bc272d5b26214278df38653f40b715a6dabdea0dd0d508b37cee4749ad9f6227,frozen run_specs plus configuration-labelled raw_final records,NYC-nyc-199805-0-0,1.2405696863200382,0,0,20.0,FAIL,True,data/submission/raw_final.csv,False,239.706358600175
Development,NYC-nyc-20131-0-2|qp16,historical,0.0,0-29,30,30,True,True,False,,no preserved run_spec,NYC-nyc-20131-0-2,,0,0,,MISSING_CONFIGURATION_PROOF,False,data/submission/raw_final.csv,False,103.60756589937957
Development,NYC-nyc-20131-0-2|qp16,historical,1.0,0-29,30,30,True,True,False,,no preserved run_spec,NYC-nyc-20131-0-2,,0,0,,MISSING_CONFIGURATION_PROOF,False,data/submission/raw_final.csv,False,107.5290528999176
Development,NYC-nyc-20131-0-2|qp16,historical,2.0,0-29,30,30,True,True,False,,no preserved run_spec,NYC-nyc-20131-0-2,,0,0,,MISSING_CONFIGURATION_PROOF,False,data/submission/raw_final.csv,False,114.0792596996762
Development,NYC-nyc-20131-0-2|qp16,historical,3.0,0-29,30,30,True,True,False,,no preserved run_spec,NYC-nyc-20131-0-2,,0,0,,MISSING_CONFIGURATION_PROOF,False,data/submission/raw_final.csv,False,114.65840679989196
Development,NYC-nyc-20131-0-2|qp16,historical,4.0,0-29,30,30,True,True,False,,no preserved run_spec,NYC-nyc-20131-0-2,,0,0,,MISSING_CONFIGURATION_PROOF,False,data/submission/raw_final.csv,False,122.87092480040155
Development,NYC-nyc-20131-0-2|qp16,historical,5.0,0-29,30,30,True,True,False,,no preserved run_spec,NYC-nyc-20131-0-2,,0,0,,MISSING_CONFIGURATION_PROOF,False,data/submission/raw_final.csv,False,128.57842260040343
Development,NYC-nyc-20131-0-2|qp16,historical,6.0,0-29,30,30,True,True,False,,no preserved run_spec,NYC-nyc-20131-0-2,,0,0,,MISSING_CONFIGURATION_PROOF,False,data/submission/raw_final.csv,False,129.93303900025785
Development,NYC-nyc-20131-0-2|qp16,historical,8.0,0-29,30,30,True,True,False,,no preserved run_spec,NYC-nyc-20131-0-2,,0,0,,MISSING_CONFIGURATION_PROOF,False,data/submission/raw_final.csv,False,142.66203190013766
Development,NYC-nyc-20131-0-2|qp16,historical,10.0,0-29,30,30,True,True,False,,no preserved run_spec,NYC-nyc-20131-0-2,,0,0,,MISSING_CONFIGURATION_PROOF,False,data/submission/raw_final.csv,False,151.7460385004524
Development,NYC-nyc-20131-0-2|qp16,historical,12.0,0-29,30,30,True,True,False,,no preserved run_spec,NYC-nyc-20131-0-2,,0,0,,MISSING_CONFIGURATION_PROOF,False,data/submission/raw_final.csv,False,165.75688040046953
Development,NYC-nyc-20131-0-2|qp16,historical,15.0,0-29,30,30,True,True,False,,no preserved run_spec,NYC-nyc-20131-0-2,,0,0,,MISSING_CONFIGURATION_PROOF,False,data/submission/raw_final.csv,False,182.04477260028943
Development,NYC-nyc-20131-0-2|qp16,historical,18.0,0-29,30,30,True,True,False,,no preserved run_spec,NYC-nyc-20131-0-2,,0,0,,MISSING_CONFIGURATION_PROOF,False,data/submission/raw_final.csv,False,214.55578039959076
Development,NYC-nyc-20131-0-2|qp16,historical,20.0,0-29,30,30,True,True,False,,no preserved run_spec,NYC-nyc-20131-0-2,,0,0,,MISSING_CONFIGURATION_PROOF,False,data/submission/raw_final.csv,False,216.03221059963107
Development,NYC-nyc-20131-0-2|qp38,historical,0.0,0-29,30,30,True,True,False,,no preserved run_spec,NYC-nyc-20131-0-2,,0,0,,MISSING_CONFIGURATION_PROOF,False,data/submission/raw_final.csv,False,220.3406162993051
Development,NYC-nyc-20131-0-2|qp38,historical,1.0,0-29,30,30,True,True,False,,no preserved run_spec,NYC-nyc-20131-0-2,,0,0,,MISSING_CONFIGURATION_PROOF,False,data/submission/raw_final.csv,False,244.27363089961
Development,NYC-nyc-20131-0-2|qp38,historical,2.0,0-29,30,30,True,True,False,,no preserved run_spec,NYC-nyc-20131-0-2,,0,0,,MISSING_CONFIGURATION_PROOF,False,data/submission/raw_final.csv,False,249.4949399002362
Development,NYC-nyc-20131-0-2|qp38,historical,3.0,0-29,30,30,True,True,False,,no preserved run_spec,NYC-nyc-20131-0-2,,0,0,,MISSING_CONFIGURATION_PROOF,False,data/submission/raw_final.csv,False,252.5191344995983
Development,NYC-nyc-20131-0-2|qp38,historical,4.0,0-29,30,30,True,True,False,,no preserved run_spec,NYC-nyc-20131-0-2,,0,0,,MISSING_CONFIGURATION_PROOF,False,data/submission/raw_final.csv,False,258.6199403998908
Development,NYC-nyc-20131-0-2|qp38,historical,5.0,0-29,30,30,True,True,False,,no preserved run_spec,NYC-nyc-20131-0-2,,0,0,,MISSING_CONFIGURATION_PROOF,False,data/submission/raw_final.csv,False,270.95695259957574
Development,NYC-nyc-20131-0-2|qp38,historical,6.0,0-29,30,30,True,True,False,,no preserved run_spec,NYC-nyc-20131-0-2,,0,0,,MISSING_CONFIGURATION_PROOF,False,data/submission/raw_final.csv,False,268.93953189929016
Development,NYC-nyc-20131-0-2|qp38,historical,8.0,0-29,30,30,True,True,False,,no preserved run_spec,NYC-nyc-20131-0-2,,0,0,,MISSING_CONFIGURATION_PROOF,False,data/submission/raw_final.csv,False,288.0404639993794
Development,NYC-nyc-20131-0-2|qp38,historical,10.0,0-29,30,30,True,True,False,,no preserved run_spec,NYC-nyc-20131-0-2,,0,0,,MISSING_CONFIGURATION_PROOF,False,data/submission/raw_final.csv,False,291.5378485005349
Development,NYC-nyc-20131-0-2|qp38,historical,11.0,0-29,30,30,True,True,False,,no preserved run_spec,NYC-nyc-20131-0-2,,0,0,,MISSING_CONFIGURATION_PROOF,False,data/submission/raw_final.csv,False,289.8860153998248
Development,NYC-nyc-20131-0-2|qp38,historical,12.0,0-29,30,30,True,True,False,,no preserved run_spec,NYC-nyc-20131-0-2,,0,0,,MISSING_CONFIGURATION_PROOF,False,data/submission/raw_final.csv,False,340.2926413996611
Development,NYC-nyc-20131-0-2|qp38,historical,15.0,0-29,30,30,True,True,False,,no preserved run_spec,NYC-nyc-20131-0-2,,0,0,,MISSING_CONFIGURATION_PROOF,False,data/submission/raw_final.csv,False,356.12017890042625
Development,NYC-nyc-20131-0-2|qp38,historical,18.0,0-29,30,30,True,True,False,,no preserved run_spec,NYC-nyc-20131-0-2,,0,0,,MISSING_CONFIGURATION_PROOF,False,data/submission/raw_final.csv,False,418.7969619997312
Development,NYC-nyc-214464-0-0|qp13,historical,0.0,0-29,30,30,True,True,True,0efb316a4060d3df59277f5944de453a420a04e4c2449f209c7b0b093c8cf88f,frozen run_specs plus configuration-labelled raw_final records,NYC-nyc-214464-0-0,1.323956645918592,0,0,30.0,PASS,True,data/submission/raw_final.csv,False,100.32706230063924
Development,NYC-nyc-214464-0-0|qp13,historical,1.0,0-29,30,30,True,True,True,0efb316a4060d3df59277f5944de453a420a04e4c2449f209c7b0b093c8cf88f,frozen run_specs plus configuration-labelled raw_final records,NYC-nyc-214464-0-0,1.323956645918592,0,0,30.0,PASS,True,data/submission/raw_final.csv,False,96.5532918991521
Development,NYC-nyc-214464-0-0|qp13,historical,2.0,0-29,30,30,True,True,True,0efb316a4060d3df59277f5944de453a420a04e4c2449f209c7b0b093c8cf88f,frozen run_specs plus configuration-labelled raw_final records,NYC-nyc-214464-0-0,1.323956645918592,0,0,30.0,PASS,True,data/submission/raw_final.csv,False,99.84701770031825
Development,NYC-nyc-214464-0-0|qp13,historical,3.0,0-29,30,30,True,True,True,0efb316a4060d3df59277f5944de453a420a04e4c2449f209c7b0b093c8cf88f,frozen run_specs plus configuration-labelled raw_final records,NYC-nyc-214464-0-0,1.323956645918592,0,0,30.0,PASS,True,data/submission/raw_final.csv,False,99.83176919980906
Development,NYC-nyc-214464-0-0|qp13,historical,4.0,0-29,30,30,True,True,True,0efb316a4060d3df59277f5944de453a420a04e4c2449f209c7b0b093c8cf88f,frozen run_specs plus configuration-labelled raw_final records,NYC-nyc-214464-0-0,1.323956645918592,0,0,30.0,PASS,True,data/submission/raw_final.csv,False,104.9284364997875
Development,NYC-nyc-214464-0-0|qp13,historical,5.0,0-29,30,30,True,True,True,0efb316a4060d3df59277f5944de453a420a04e4c2449f209c7b0b093c8cf88f,frozen run_specs plus configuration-labelled raw_final records,NYC-nyc-214464-0-0,1.323956645918592,0,0,30.0,PASS,True,data/submission/raw_final.csv,False,114.01716320053674
Development,NYC-nyc-214464-0-0|qp13,historical,6.0,0-29,30,30,True,True,True,0efb316a4060d3df59277f5944de453a420a04e4c2449f209c7b0b093c8cf88f,frozen run_specs plus configuration-labelled raw_final records,NYC-nyc-214464-0-0,1.323956645918592,0,0,30.0,PASS,True,data/submission/raw_final.csv,False,115.1616472012829
Development,NYC-nyc-214464-0-0|qp13,historical,7.0,0-29,30,30,True,True,True,0efb316a4060d3df59277f5944de453a420a04e4c2449f209c7b0b093c8cf88f,frozen run_specs plus configuration-labelled raw_final records,NYC-nyc-214464-0-0,1.323956645918592,0,0,30.0,PASS,True,new package,True,71.35291649991996
Development,NYC-nyc-214464-0-0|qp13,historical,8.0,0-29,30,30,True,True,True,0efb316a4060d3df59277f5944de453a420a04e4c2449f209c7b0b093c8cf88f,frozen run_specs plus configuration-labelled raw_final records,NYC-nyc-214464-0-0,1.323956645918592,0,0,30.0,PASS,True,data/submission/raw_final.csv,False,127.36906409915537
Development,NYC-nyc-214464-0-0|qp13,historical,9.0,0-29,30,30,True,True,True,0efb316a4060d3df59277f5944de453a420a04e4c2449f209c7b0b093c8cf88f,frozen run_specs plus configuration-labelled raw_final records,NYC-nyc-214464-0-0,1.323956645918592,0,0,30.0,PASS,True,data/submission/raw_final.csv,False,98.10003610001876
Development,NYC-nyc-214464-0-0|qp13,historical,10.0,0-29,30,30,True,True,True,0efb316a4060d3df59277f5944de453a420a04e4c2449f209c7b0b093c8cf88f,frozen run_specs plus configuration-labelled raw_final records,NYC-nyc-214464-0-0,1.323956645918592,0,0,30.0,PASS,True,data/submission/raw_final.csv,False,132.29743049992248
Development,NYC-nyc-214464-0-0|qp13,historical,11.0,0-29,30,30,True,True,True,0efb316a4060d3df59277f5944de453a420a04e4c2449f209c7b0b093c8cf88f,frozen run_specs plus configuration-labelled raw_final records,NYC-nyc-214464-0-0,1.323956645918592,0,0,30.0,PASS,True,new package,True,81.54845019997447
Development,NYC-nyc-214464-0-0|qp13,historical,12.0,0-29,30,30,True,True,True,0efb316a4060d3df59277f5944de453a420a04e4c2449f209c7b0b093c8cf88f,frozen run_specs plus configuration-labelled raw_final records,NYC-nyc-214464-0-0,1.323956645918592,0,0,30.0,PASS,True,data/submission/raw_final.csv,False,153.98828229983337
Development,NYC-nyc-214464-0-0|qp13,historical,13.0,0-29,30,30,True,True,True,0efb316a4060d3df59277f5944de453a420a04e4c2449f209c7b0b093c8cf88f,frozen run_specs plus configuration-labelled raw_final records,NYC-nyc-214464-0-0,1.323956645918592,0,0,30.0,PASS,True,data/submission/raw_final.csv,False,87.76599999936298
Development,NYC-nyc-214464-0-0|qp13,historical,15.0,0-29,30,30,True,True,True,0efb316a4060d3df59277f5944de453a420a04e4c2449f209c7b0b093c8cf88f,frozen run_specs plus configuration-labelled raw_final records,NYC-nyc-214464-0-0,1.323956645918592,0,0,30.0,PASS,True,data/submission/raw_final.csv,False,173.78056949889287
Development,NYC-nyc-214464-0-0|qp13,historical,18.0,0-29,30,30,True,True,True,0efb316a4060d3df59277f5944de453a420a04e4c2449f209c7b0b093c8cf88f,frozen run_specs plus configuration-labelled raw_final records,NYC-nyc-214464-0-0,1.323956645918592,0,0,29.0,PASS,True,data/submission/raw_final.csv,False,195.54696340020743
Development,NYC-nyc-214464-0-0|qp13,historical,20.0,0-29,30,30,True,True,True,0efb316a4060d3df59277f5944de453a420a04e4c2449f209c7b0b093c8cf88f,frozen run_specs plus configuration-labelled raw_final records,NYC-nyc-214464-0-0,1.323956645918592,0,0,29.0,PASS,True,data/submission/raw_final.csv,False,190.4001620998606
Development,NYC-nyc-214464-0-0|qp31,historical,0.0,0-29,30,30,True,True,True,3d6be704b2bdda5469d0ab7556f2aa1c27d932cd78012aa4b4a351ad99e1ca3c,frozen run_specs plus configuration-labelled raw_final records,NYC-nyc-214464-0-0,1.262154050064651,0,0,30.0,PASS,True,data/submission/raw_final.csv,False,189.67694079922512
Development,NYC-nyc-214464-0-0|qp31,historical,1.0,0-29,30,30,True,True,True,3d6be704b2bdda5469d0ab7556f2aa1c27d932cd78012aa4b4a351ad99e1ca3c,frozen run_specs plus configuration-labelled raw_final records,NYC-nyc-214464-0-0,1.262154050064651,0,0,30.0,PASS,True,data/submission/raw_final.csv,False,199.02414309978485
Development,NYC-nyc-214464-0-0|qp31,historical,2.0,0-29,30,30,True,True,True,3d6be704b2bdda5469d0ab7556f2aa1c27d932cd78012aa4b4a351ad99e1ca3c,frozen run_specs plus configuration-labelled raw_final records,NYC-nyc-214464-0-0,1.262154050064651,0,0,30.0,PASS,True,data/submission/raw_final.csv,False,199.1011762993876
Development,NYC-nyc-214464-0-0|qp31,historical,3.0,0-29,30,30,True,True,True,3d6be704b2bdda5469d0ab7556f2aa1c27d932cd78012aa4b4a351ad99e1ca3c,frozen run_specs plus configuration-labelled raw_final records,NYC-nyc-214464-0-0,1.262154050064651,0,0,30.0,PASS,True,data/submission/raw_final.csv,False,203.4566436002497
Development,NYC-nyc-214464-0-0|qp31,historical,4.0,0-29,30,30,True,True,True,3d6be704b2bdda5469d0ab7556f2aa1c27d932cd78012aa4b4a351ad99e1ca3c,frozen run_specs plus configuration-labelled raw_final records,NYC-nyc-214464-0-0,1.262154050064651,0,0,30.0,PASS,True,data/submission/raw_final.csv,False,208.67112780036405
Development,NYC-nyc-214464-0-0|qp31,historical,5.0,0-29,30,30,True,True,True,3d6be704b2bdda5469d0ab7556f2aa1c27d932cd78012aa4b4a351ad99e1ca3c,frozen run_specs plus configuration-labelled raw_final records,NYC-nyc-214464-0-0,1.262154050064651,0,0,30.0,PASS,True,data/submission/raw_final.csv,False,214.9807684996631
Development,NYC-nyc-214464-0-0|qp31,historical,6.0,0-29,30,30,True,True,True,3d6be704b2bdda5469d0ab7556f2aa1c27d932cd78012aa4b4a351ad99e1ca3c,frozen run_specs plus configuration-labelled raw_final records,NYC-nyc-214464-0-0,1.262154050064651,0,0,30.0,PASS,True,data/submission/raw_final.csv,False,223.8510956997052
Development,NYC-nyc-214464-0-0|qp31,historical,8.0,0-29,30,30,True,True,True,3d6be704b2bdda5469d0ab7556f2aa1c27d932cd78012aa4b4a351ad99e1ca3c,frozen run_specs plus configuration-labelled raw_final records,NYC-nyc-214464-0-0,1.262154050064651,0,0,30.0,PASS,True,data/submission/raw_final.csv,False,235.6625844996888
Development,NYC-nyc-214464-0-0|qp31,historical,10.0,0-29,30,30,True,True,True,3d6be704b2bdda5469d0ab7556f2aa1c27d932cd78012aa4b4a351ad99e1ca3c,frozen run_specs plus configuration-labelled raw_final records,NYC-nyc-214464-0-0,1.262154050064651,0,0,30.0,PASS,True,data/submission/raw_final.csv,False,239.9930102999788
Development,NYC-nyc-214464-0-0|qp31,historical,12.0,0-29,30,30,True,True,True,3d6be704b2bdda5469d0ab7556f2aa1c27d932cd78012aa4b4a351ad99e1ca3c,frozen run_specs plus configuration-labelled raw_final records,NYC-nyc-214464-0-0,1.262154050064651,0,0,29.0,PASS,True,data/submission/raw_final.csv,False,285.4878549000714
Development,NYC-nyc-214464-0-0|qp31,historical,13.0,0-29,30,30,True,True,True,3d6be704b2bdda5469d0ab7556f2aa1c27d932cd78012aa4b4a351ad99e1ca3c,frozen run_specs plus configuration-labelled raw_final records,NYC-nyc-214464-0-0,1.262154050064651,0,0,28.0,FAIL,True,data/submission/raw_final.csv,False,258.6779361001681
Development,NYC-nyc-214464-0-0|qp31,historical,14.0,0-29,30,30,True,True,True,3d6be704b2bdda5469d0ab7556f2aa1c27d932cd78012aa4b4a351ad99e1ca3c,frozen run_specs plus configuration-labelled raw_final records,NYC-nyc-214464-0-0,1.262154050064651,0,0,28.0,FAIL,True,data/submission/raw_final.csv,False,266.6748693007976
Development,NYC-nyc-214464-0-0|qp31,historical,15.0,0-29,30,30,True,True,True,3d6be704b2bdda5469d0ab7556f2aa1c27d932cd78012aa4b4a351ad99e1ca3c,frozen run_specs plus configuration-labelled raw_final records,NYC-nyc-214464-0-0,1.262154050064651,0,0,27.0,FAIL,True,data/submission/raw_final.csv,False,299.5669638009276
Development,NYC-nyc-214464-0-0|qp31,historical,18.0,0-29,30,30,True,True,True,3d6be704b2bdda5469d0ab7556f2aa1c27d932cd78012aa4b4a351ad99e1ca3c,frozen run_specs plus configuration-labelled raw_final records,NYC-nyc-214464-0-0,1.262154050064651,0,0,20.0,FAIL,True,data/submission/raw_final.csv,False,358.6484830998816
Development,NYC-nyc-214464-0-0|qp31,historical,20.0,0-29,30,30,True,True,True,3d6be704b2bdda5469d0ab7556f2aa1c27d932cd78012aa4b4a351ad99e1ca3c,frozen run_specs plus configuration-labelled raw_final records,NYC-nyc-214464-0-0,1.262154050064651,0,0,6.0,FAIL,True,data/submission/raw_final.csv,False,428.5569773998577
Development,NYC-nyc-267383-0-0|qp35,historical,0.0,0-29,30,30,True,True,True,f52a8e14d10d3a044630f7299d343e1f768b881ebb6e3ac68888cadd8b167207,frozen run_specs plus configuration-labelled raw_final records,NYC-nyc-267383-0-0,1.2289994790387146,0,0,30.0,PASS,True,data/submission/raw_final.csv,False,244.7057328999508
Development,NYC-nyc-267383-0-0|qp35,historical,1.0,0-29,30,30,True,True,True,f52a8e14d10d3a044630f7299d343e1f768b881ebb6e3ac68888cadd8b167207,frozen run_specs plus configuration-labelled raw_final records,NYC-nyc-267383-0-0,1.2289994790387146,0,0,30.0,PASS,True,data/submission/raw_final.csv,False,227.07728699967265
Development,NYC-nyc-267383-0-0|qp35,historical,2.0,0-29,30,30,True,True,True,f52a8e14d10d3a044630f7299d343e1f768b881ebb6e3ac68888cadd8b167207,frozen run_specs plus configuration-labelled raw_final records,NYC-nyc-267383-0-0,1.2289994790387146,0,0,30.0,PASS,True,data/submission/raw_final.csv,False,227.03124090027995
Development,NYC-nyc-267383-0-0|qp35,historical,3.0,0-29,30,30,True,True,True,f52a8e14d10d3a044630f7299d343e1f768b881ebb6e3ac68888cadd8b167207,frozen run_specs plus configuration-labelled raw_final records,NYC-nyc-267383-0-0,1.2289994790387146,0,0,30.0,PASS,True,data/submission/raw_final.csv,False,232.08001769986004
Development,NYC-nyc-267383-0-0|qp35,historical,4.0,0-29,30,30,True,True,True,f52a8e14d10d3a044630f7299d343e1f768b881ebb6e3ac68888cadd8b167207,frozen run_specs plus configuration-labelled raw_final records,NYC-nyc-267383-0-0,1.2289994790387146,0,0,30.0,PASS,True,data/submission/raw_final.csv,False,239.8068156002555
Development,NYC-nyc-267383-0-0|qp35,historical,5.0,0-29,30,30,True,True,True,f52a8e14d10d3a044630f7299d343e1f768b881ebb6e3ac68888cadd8b167207,frozen run_specs plus configuration-labelled raw_final records,NYC-nyc-267383-0-0,1.2289994790387146,0,0,30.0,PASS,True,data/submission/raw_final.csv,False,243.5348340999335
Development,NYC-nyc-267383-0-0|qp35,historical,6.0,0-29,30,30,True,True,True,f52a8e14d10d3a044630f7299d343e1f768b881ebb6e3ac68888cadd8b167207,frozen run_specs plus configuration-labelled raw_final records,NYC-nyc-267383-0-0,1.2289994790387146,0,0,30.0,PASS,True,data/submission/raw_final.csv,False,257.90573370060883
Development,NYC-nyc-267383-0-0|qp35,historical,8.0,0-29,30,30,True,True,True,f52a8e14d10d3a044630f7299d343e1f768b881ebb6e3ac68888cadd8b167207,frozen run_specs plus configuration-labelled raw_final records,NYC-nyc-267383-0-0,1.2289994790387146,0,0,30.0,PASS,True,data/submission/raw_final.csv,False,269.412885699654
Development,NYC-nyc-267383-0-0|qp35,historical,9.0,0-29,30,30,True,True,True,f52a8e14d10d3a044630f7299d343e1f768b881ebb6e3ac68888cadd8b167207,frozen run_specs plus configuration-labelled raw_final records,NYC-nyc-267383-0-0,1.2289994790387146,0,0,29.0,PASS,True,data/submission/raw_final.csv,False,258.5797506996896
Development,NYC-nyc-267383-0-0|qp35,historical,10.0,0-29,30,30,True,True,True,f52a8e14d10d3a044630f7299d343e1f768b881ebb6e3ac68888cadd8b167207,frozen run_specs plus configuration-labelled raw_final records,NYC-nyc-267383-0-0,1.2289994790387146,0,0,26.0,FAIL,True,data/submission/raw_final.csv,False,275.5220930001233
Development,NYC-nyc-267383-0-0|qp35,historical,12.0,0-29,30,30,True,True,True,f52a8e14d10d3a044630f7299d343e1f768b881ebb6e3ac68888cadd8b167207,frozen run_specs plus configuration-labelled raw_final records,NYC-nyc-267383-0-0,1.2289994790387146,0,0,22.0,FAIL,True,data/submission/raw_final.csv,False,308.6042857989669
Development,NYC-nyc-267383-0-0|qp35,historical,15.0,0-29,30,30,True,True,True,f52a8e14d10d3a044630f7299d343e1f768b881ebb6e3ac68888cadd8b167207,frozen run_specs plus configuration-labelled raw_final records,NYC-nyc-267383-0-0,1.2289994790387146,0,0,8.0,FAIL,True,data/submission/raw_final.csv,False,353.4367199004628
Development,NYC-nyc-267383-0-0|qp59,historical,0.0,0-29,30,30,True,True,False,,no preserved run_spec,NYC-nyc-267383-0-0,,0,0,,MISSING_CONFIGURATION_PROOF,False,data/submission/raw_final.csv,False,378.00908090011217
Development,NYC-nyc-267383-0-0|qp59,historical,1.0,0-29,30,30,True,True,False,,no preserved run_spec,NYC-nyc-267383-0-0,,0,0,,MISSING_CONFIGURATION_PROOF,False,data/submission/raw_final.csv,False,409.1832799995318
Development,NYC-nyc-267383-0-0|qp59,historical,2.0,0-29,30,30,True,True,False,,no preserved run_spec,NYC-nyc-267383-0-0,,0,0,,MISSING_CONFIGURATION_PROOF,False,data/submission/raw_final.csv,False,408.9521771003492
Development,NYC-nyc-267383-0-0|qp59,historical,3.0,0-29,30,30,True,True,False,,no preserved run_spec,NYC-nyc-267383-0-0,,0,0,,MISSING_CONFIGURATION_PROOF,False,data/submission/raw_final.csv,False,460.78782809968106
Development,NYC-nyc-26803-0-0|qp14,historical,0.0,0-29,30,30,True,True,False,,no preserved run_spec,NYC-nyc-26803-0-0,,0,0,,MISSING_CONFIGURATION_PROOF,False,data/submission/raw_final.csv,False,104.57280329870991
Development,NYC-nyc-26803-0-0|qp14,historical,1.0,0-29,30,30,True,True,False,,no preserved run_spec,NYC-nyc-26803-0-0,,0,0,,MISSING_CONFIGURATION_PROOF,False,data/submission/raw_final.csv,False,597.9655460999347
Development,NYC-nyc-26803-0-0|qp6,historical,0.0,0-29,30,30,True,True,False,,no preserved run_spec,NYC-nyc-26803-0-0,,0,0,,MISSING_CONFIGURATION_PROOF,False,data/submission/raw_final.csv,False,62.34416009997949
Development,NYC-nyc-26803-0-0|qp6,historical,1.0,0-29,30,30,True,True,False,,no preserved run_spec,NYC-nyc-26803-0-0,,0,0,,MISSING_CONFIGURATION_PROOF,False,data/submission/raw_final.csv,False,304.20441070059314
Development,NYC-nyc-27695-0-3|qp12,historical,0.0,0-29,30,30,True,True,True,acbfe9f2b150beb7d521ee1edb424ceb40bbf977be62190fe32de0a8a42d2d21,frozen run_specs plus configuration-labelled raw_final records,NYC-nyc-27695-0-3,1.323392083415857,0,0,30.0,PASS,True,data/submission/raw_final.csv,False,90.60759420064278
Development,NYC-nyc-27695-0-3|qp12,historical,1.0,0-29,30,30,True,True,True,acbfe9f2b150beb7d521ee1edb424ceb40bbf977be62190fe32de0a8a42d2d21,frozen run_specs plus configuration-labelled raw_final records,NYC-nyc-27695-0-3,1.323392083415857,0,0,30.0,PASS,True,data/submission/raw_final.csv,False,84.93064530030824
Development,NYC-nyc-27695-0-3|qp12,historical,2.0,0-29,30,30,True,True,True,acbfe9f2b150beb7d521ee1edb424ceb40bbf977be62190fe32de0a8a42d2d21,frozen run_specs plus configuration-labelled raw_final records,NYC-nyc-27695-0-3,1.323392083415857,0,0,30.0,PASS,True,data/submission/raw_final.csv,False,92.80913750012404
Development,NYC-nyc-27695-0-3|qp12,historical,3.0,0-29,30,30,True,True,True,acbfe9f2b150beb7d521ee1edb424ceb40bbf977be62190fe32de0a8a42d2d21,frozen run_specs plus configuration-labelled raw_final records,NYC-nyc-27695-0-3,1.323392083415857,0,0,30.0,PASS,True,data/submission/raw_final.csv,False,96.25941439974122
Development,NYC-nyc-27695-0-3|qp12,historical,4.0,0-29,30,30,True,True,True,acbfe9f2b150beb7d521ee1edb424ceb40bbf977be62190fe32de0a8a42d2d21,frozen run_specs plus configuration-labelled raw_final records,NYC-nyc-27695-0-3,1.323392083415857,0,0,30.0,PASS,True,data/submission/raw_final.csv,False,98.49491169978864
Development,NYC-nyc-27695-0-3|qp12,historical,5.0,0-29,30,30,True,True,True,acbfe9f2b150beb7d521ee1edb424ceb40bbf977be62190fe32de0a8a42d2d21,frozen run_specs plus configuration-labelled raw_final records,NYC-nyc-27695-0-3,1.323392083415857,0,0,30.0,PASS,True,data/submission/raw_final.csv,False,104.26633410016076
Development,NYC-nyc-27695-0-3|qp12,historical,6.0,0-29,30,30,True,True,True,acbfe9f2b150beb7d521ee1edb424ceb40bbf977be62190fe32de0a8a42d2d21,frozen run_specs plus configuration-labelled raw_final records,NYC-nyc-27695-0-3,1.323392083415857,0,0,30.0,PASS,True,data/submission/raw_final.csv,False,108.00918739917688
Development,NYC-nyc-27695-0-3|qp12,historical,8.0,0-29,30,30,True,True,True,acbfe9f2b150beb7d521ee1edb424ceb40bbf977be62190fe32de0a8a42d2d21,frozen run_specs plus configuration-labelled raw_final records,NYC-nyc-27695-0-3,1.323392083415857,0,0,30.0,PASS,True,data/submission/raw_final.csv,False,116.3727607994806
Development,NYC-nyc-27695-0-3|qp12,historical,9.0,0-29,30,30,True,True,True,acbfe9f2b150beb7d521ee1edb424ceb40bbf977be62190fe32de0a8a42d2d21,frozen run_specs plus configuration-labelled raw_final records,NYC-nyc-27695-0-3,1.323392083415857,0,0,30.0,PASS,True,data/submission/raw_final.csv,False,80.79799999832176
Development,NYC-nyc-27695-0-3|qp12,historical,10.0,0-29,30,30,True,True,True,acbfe9f2b150beb7d521ee1edb424ceb40bbf977be62190fe32de0a8a42d2d21,frozen run_specs plus configuration-labelled raw_final records,NYC-nyc-27695-0-3,1.323392083415857,0,0,30.0,PASS,True,data/submission/raw_final.csv,False,124.79695989983156
Development,NYC-nyc-27695-0-3|qp12,historical,12.0,0-29,30,30,True,True,True,acbfe9f2b150beb7d521ee1edb424ceb40bbf977be62190fe32de0a8a42d2d21,frozen run_specs plus configuration-labelled raw_final records,NYC-nyc-27695-0-3,1.323392083415857,0,0,30.0,PASS,True,data/submission/raw_final.csv,False,150.10280289989896
Development,NYC-nyc-27695-0-3|qp12,historical,15.0,0-29,30,30,True,True,True,acbfe9f2b150beb7d521ee1edb424ceb40bbf977be62190fe32de0a8a42d2d21,frozen run_specs plus configuration-labelled raw_final records,NYC-nyc-27695-0-3,1.323392083415857,0,0,29.0,PASS,True,data/submission/raw_final.csv,False,162.43422970105894
Development,NYC-nyc-27695-0-3|qp12,historical,16.0,0-29,30,30,True,True,True,acbfe9f2b150beb7d521ee1edb424ceb40bbf977be62190fe32de0a8a42d2d21,frozen run_specs plus configuration-labelled raw_final records,NYC-nyc-27695-0-3,1.323392083415857,0,0,29.0,PASS,True,data/submission/raw_final.csv,False,153.47209019958973
Development,NYC-nyc-27695-0-3|qp12,historical,17.0,0-29,30,30,True,True,True,acbfe9f2b150beb7d521ee1edb424ceb40bbf977be62190fe32de0a8a42d2d21,frozen run_specs plus configuration-labelled raw_final records,NYC-nyc-27695-0-3,1.323392083415857,0,0,28.0,FAIL,True,data/submission/raw_final.csv,False,161.0043368996121
Development,NYC-nyc-27695-0-3|qp12,historical,18.0,0-29,30,30,True,True,True,acbfe9f2b150beb7d521ee1edb424ceb40bbf977be62190fe32de0a8a42d2d21,frozen run_specs plus configuration-labelled raw_final records,NYC-nyc-27695-0-3,1.323392083415857,0,0,28.0,FAIL,True,data/submission/raw_final.csv,False,178.52329950011335
Development,NYC-nyc-27695-0-3|qp12,historical,20.0,0-29,30,30,True,True,True,acbfe9f2b150beb7d521ee1edb424ceb40bbf977be62190fe32de0a8a42d2d21,frozen run_specs plus configuration-labelled raw_final records,NYC-nyc-27695-0-3,1.323392083415857,0,0,20.0,FAIL,True,data/submission/raw_final.csv,False,178.9820707004983
Development,NYC-nyc-27695-0-3|qp28,historical,0.0,0-29,30,30,True,True,True,30ca846c84d52c6af85752d1f079bdda722527552bfa8436d24ee7b7d7b44da6,frozen run_specs plus configuration-labelled raw_final records,NYC-nyc-27695-0-3,1.265137953049072,0,0,30.0,PASS,True,data/submission/raw_final.csv,False,152.6302610996645
Development,NYC-nyc-27695-0-3|qp28,historical,1.0,0-29,30,30,True,True,True,30ca846c84d52c6af85752d1f079bdda722527552bfa8436d24ee7b7d7b44da6,frozen run_specs plus configuration-labelled raw_final records,NYC-nyc-27695-0-3,1.265137953049072,0,0,30.0,PASS,True,data/submission/raw_final.csv,False,168.24203899852
Development,NYC-nyc-27695-0-3|qp28,historical,2.0,0-29,30,30,True,True,True,30ca846c84d52c6af85752d1f079bdda722527552bfa8436d24ee7b7d7b44da6,frozen run_specs plus configuration-labelled raw_final records,NYC-nyc-27695-0-3,1.265137953049072,0,0,30.0,PASS,True,data/submission/raw_final.csv,False,173.92513860040344
Development,NYC-nyc-27695-0-3|qp28,historical,3.0,0-29,30,30,True,True,True,30ca846c84d52c6af85752d1f079bdda722527552bfa8436d24ee7b7d7b44da6,frozen run_specs plus configuration-labelled raw_final records,NYC-nyc-27695-0-3,1.265137953049072,0,0,30.0,PASS,True,data/submission/raw_final.csv,False,176.319673799444
Development,NYC-nyc-27695-0-3|qp28,historical,4.0,0-29,30,30,True,True,True,30ca846c84d52c6af85752d1f079bdda722527552bfa8436d24ee7b7d7b44da6,frozen run_specs plus configuration-labelled raw_final records,NYC-nyc-27695-0-3,1.265137953049072,0,0,30.0,PASS,True,data/submission/raw_final.csv,False,187.80752189969644
Development,NYC-nyc-27695-0-3|qp28,historical,5.0,0-29,30,30,True,True,True,30ca846c84d52c6af85752d1f079bdda722527552bfa8436d24ee7b7d7b44da6,frozen run_specs plus configuration-labelled raw_final records,NYC-nyc-27695-0-3,1.265137953049072,0,0,30.0,PASS,True,data/submission/raw_final.csv,False,191.4024060999509
Development,NYC-nyc-27695-0-3|qp28,historical,6.0,0-29,30,30,True,True,True,30ca846c84d52c6af85752d1f079bdda722527552bfa8436d24ee7b7d7b44da6,frozen run_specs plus configuration-labelled raw_final records,NYC-nyc-27695-0-3,1.265137953049072,0,0,30.0,PASS,True,data/submission/raw_final.csv,False,201.9767895997502
Development,NYC-nyc-27695-0-3|qp28,historical,8.0,0-29,30,30,True,True,True,30ca846c84d52c6af85752d1f079bdda722527552bfa8436d24ee7b7d7b44da6,frozen run_specs plus configuration-labelled raw_final records,NYC-nyc-27695-0-3,1.265137953049072,0,0,30.0,PASS,True,data/submission/raw_final.csv,False,208.8659997000359
Development,NYC-nyc-27695-0-3|qp28,historical,10.0,0-29,30,30,True,True,True,30ca846c84d52c6af85752d1f079bdda722527552bfa8436d24ee7b7d7b44da6,frozen run_specs plus configuration-labelled raw_final records,NYC-nyc-27695-0-3,1.265137953049072,0,0,30.0,PASS,True,data/submission/raw_final.csv,False,213.31195099907927
Development,NYC-nyc-27695-0-3|qp28,historical,11.0,0-29,30,30,True,True,True,30ca846c84d52c6af85752d1f079bdda722527552bfa8436d24ee7b7d7b44da6,frozen run_specs plus configuration-labelled raw_final records,NYC-nyc-27695-0-3,1.265137953049072,0,0,27.0,FAIL,True,data/submission/raw_final.csv,False,225.91199170053005
Development,NYC-nyc-27695-0-3|qp28,historical,12.0,0-29,30,30,True,True,True,30ca846c84d52c6af85752d1f079bdda722527552bfa8436d24ee7b7d7b44da6,frozen run_specs plus configuration-labelled raw_final records,NYC-nyc-27695-0-3,1.265137953049072,0,0,28.0,FAIL,True,data/submission/raw_final.csv,False,246.17067360063083
Development,NYC-nyc-27695-0-3|qp28,historical,15.0,0-29,30,30,True,True,True,30ca846c84d52c6af85752d1f079bdda722527552bfa8436d24ee7b7d7b44da6,frozen run_specs plus configuration-labelled raw_final records,NYC-nyc-27695-0-3,1.265137953049072,0,0,14.0,FAIL,True,data/submission/raw_final.csv,False,291.5324994002003
Development,NYC-nyc-27695-0-3|qp28,historical,18.0,0-29,30,30,True,True,True,30ca846c84d52c6af85752d1f079bdda722527552bfa8436d24ee7b7d7b44da6,frozen run_specs plus configuration-labelled raw_final records,NYC-nyc-27695-0-3,1.265137953049072,0,0,5.0,FAIL,True,data/submission/raw_final.csv,False,315.5399513002485
Development,NYC-nyc-31649-0-0|qp28,historical,0.0,0-29,30,30,True,True,True,6fa5542b84a59c7c623b127ebe97ccba6595b76ef07b543ada26cc1865df53bb,frozen run_specs plus configuration-labelled raw_final records,NYC-nyc-31649-0-0,1.1954393117320412,0,0,30.0,PASS,True,data/submission/raw_final.csv,False,180.50837040063925
Development,NYC-nyc-31649-0-0|qp28,historical,1.0,0-29,30,30,True,True,True,6fa5542b84a59c7c623b127ebe97ccba6595b76ef07b543ada26cc1865df53bb,frozen run_specs plus configuration-labelled raw_final records,NYC-nyc-31649-0-0,1.1954393117320412,0,0,30.0,PASS,True,data/submission/raw_final.csv,False,173.55615029972978
Development,NYC-nyc-31649-0-0|qp28,historical,2.0,0-29,30,30,True,True,True,6fa5542b84a59c7c623b127ebe97ccba6595b76ef07b543ada26cc1865df53bb,frozen run_specs plus configuration-labelled raw_final records,NYC-nyc-31649-0-0,1.1954393117320412,0,0,29.0,PASS,True,data/submission/raw_final.csv,False,182.23889679997228
Development,NYC-nyc-31649-0-0|qp28,historical,3.0,0-29,30,30,True,True,True,6fa5542b84a59c7c623b127ebe97ccba6595b76ef07b543ada26cc1865df53bb,frozen run_specs plus configuration-labelled raw_final records,NYC-nyc-31649-0-0,1.1954393117320412,0,0,29.0,PASS,True,data/submission/raw_final.csv,False,182.40468759974465
Development,NYC-nyc-31649-0-0|qp28,historical,4.0,0-29,30,30,True,True,True,6fa5542b84a59c7c623b127ebe97ccba6595b76ef07b543ada26cc1865df53bb,frozen run_specs plus configuration-labelled raw_final records,NYC-nyc-31649-0-0,1.1954393117320412,0,0,28.0,FAIL,True,data/submission/raw_final.csv,False,200.05258560040969
Development,NYC-nyc-31649-0-0|qp28,historical,5.0,0-29,30,30,True,True,True,6fa5542b84a59c7c623b127ebe97ccba6595b76ef07b543ada26cc1865df53bb,frozen run_specs plus configuration-labelled raw_final records,NYC-nyc-31649-0-0,1.1954393117320412,0,0,26.0,FAIL,True,data/submission/raw_final.csv,False,208.1967817996629
Development,NYC-nyc-31649-0-0|qp28,historical,6.0,0-29,30,30,True,True,True,6fa5542b84a59c7c623b127ebe97ccba6595b76ef07b543ada26cc1865df53bb,frozen run_specs plus configuration-labelled raw_final records,NYC-nyc-31649-0-0,1.1954393117320412,0,0,23.0,FAIL,True,data/submission/raw_final.csv,False,233.6092089996673
Development,NYC-nyc-31649-0-0|qp46,historical,0.0,0-29,30,30,True,True,False,,no preserved run_spec,NYC-nyc-31649-0-0,,0,0,,MISSING_CONFIGURATION_PROOF,False,data/submission/raw_final.csv,False,285.6229328990448
Development,NYC-nyc-31649-0-0|qp46,historical,1.0,0-29,30,30,True,True,False,,no preserved run_spec,NYC-nyc-31649-0-0,,0,0,,MISSING_CONFIGURATION_PROOF,False,data/submission/raw_final.csv,False,342.12839299906045
Development,NYC-nyc-42824-0-0|qp16,historical,0.0,0-29,30,30,True,True,False,,no preserved run_spec,NYC-nyc-42824-0-0,,0,0,,MISSING_CONFIGURATION_PROOF,False,data/submission/raw_final.csv,False,112.167912799865
Development,NYC-nyc-42824-0-0|qp16,historical,1.0,0-29,30,30,True,True,False,,no preserved run_spec,NYC-nyc-42824-0-0,,0,0,,MISSING_CONFIGURATION_PROOF,False,data/submission/raw_final.csv,False,648.4612162995618
Development,NYC-nyc-42824-0-0|qp7,historical,0.0,0-29,30,30,True,True,False,,no preserved run_spec,NYC-nyc-42824-0-0,,0,0,,MISSING_CONFIGURATION_PROOF,False,data/submission/raw_final.csv,False,68.72297329967842
Development,NYC-nyc-42824-0-0|qp7,historical,1.0,0-29,30,30,True,True,False,,no preserved run_spec,NYC-nyc-42824-0-0,,0,0,,MISSING_CONFIGURATION_PROOF,False,data/submission/raw_final.csv,False,303.5811587984208
Development,NYC-nyc-46079-0-1|qp20,historical,0.0,0-29,30,30,True,True,True,1764d75b183ca0901ed51a5787c0a71c17392ebe47be0fee3ef0aba225eb8401,frozen run_specs plus configuration-labelled raw_final records,NYC-nyc-46079-0-1,1.2564331472334878,0,0,30.0,PASS,True,data/submission/raw_final.csv,False,115.63380980025975
Development,NYC-nyc-46079-0-1|qp20,historical,1.0,0-29,30,30,True,True,True,1764d75b183ca0901ed51a5787c0a71c17392ebe47be0fee3ef0aba225eb8401,frozen run_specs plus configuration-labelled raw_final records,NYC-nyc-46079-0-1,1.2564331472334878,0,0,30.0,PASS,True,data/submission/raw_final.csv,False,123.39998449920677
Development,NYC-nyc-46079-0-1|qp20,historical,2.0,0-29,30,30,True,True,True,1764d75b183ca0901ed51a5787c0a71c17392ebe47be0fee3ef0aba225eb8401,frozen run_specs plus configuration-labelled raw_final records,NYC-nyc-46079-0-1,1.2564331472334878,0,0,30.0,PASS,True,data/submission/raw_final.csv,False,129.52846959908493
Development,NYC-nyc-46079-0-1|qp20,historical,3.0,0-29,30,30,True,True,True,1764d75b183ca0901ed51a5787c0a71c17392ebe47be0fee3ef0aba225eb8401,frozen run_specs plus configuration-labelled raw_final records,NYC-nyc-46079-0-1,1.2564331472334878,0,0,30.0,PASS,True,data/submission/raw_final.csv,False,131.04301540087909
Development,NYC-nyc-46079-0-1|qp20,historical,4.0,0-29,30,30,True,True,True,1764d75b183ca0901ed51a5787c0a71c17392ebe47be0fee3ef0aba225eb8401,frozen run_specs plus configuration-labelled raw_final records,NYC-nyc-46079-0-1,1.2564331472334878,0,0,30.0,PASS,True,data/submission/raw_final.csv,False,144.8732862996403
Development,NYC-nyc-46079-0-1|qp20,historical,5.0,0-29,30,30,True,True,True,1764d75b183ca0901ed51a5787c0a71c17392ebe47be0fee3ef0aba225eb8401,frozen run_specs plus configuration-labelled raw_final records,NYC-nyc-46079-0-1,1.2564331472334878,0,0,29.0,PASS,True,data/submission/raw_final.csv,False,154.6101641994901
Development,NYC-nyc-46079-0-1|qp20,historical,6.0,0-29,30,30,True,True,True,1764d75b183ca0901ed51a5787c0a71c17392ebe47be0fee3ef0aba225eb8401,frozen run_specs plus configuration-labelled raw_final records,NYC-nyc-46079-0-1,1.2564331472334878,0,0,28.0,FAIL,True,data/submission/raw_final.csv,False,161.43482669931836
Development,NYC-nyc-46079-0-1|qp20,historical,8.0,0-29,30,30,True,True,True,1764d75b183ca0901ed51a5787c0a71c17392ebe47be0fee3ef0aba225eb8401,frozen run_specs plus configuration-labelled raw_final records,NYC-nyc-46079-0-1,1.2564331472334878,0,0,8.0,FAIL,True,data/submission/raw_final.csv,False,174.23947659996338
Development,NYC-nyc-46079-0-1|qp8,historical,0.0,0-29,30,30,True,True,True,fcbe27f21906e43ffb41df933f7ad83046917c23049dfb1dd20fcf912a66aeb5,frozen run_specs plus configuration-labelled raw_final records,NYC-nyc-46079-0-1,1.319838699259485,0,0,30.0,PASS,True,data/submission/raw_final.csv,False,69.57064790045843
Development,NYC-nyc-46079-0-1|qp8,historical,1.0,0-29,30,30,True,True,True,fcbe27f21906e43ffb41df933f7ad83046917c23049dfb1dd20fcf912a66aeb5,frozen run_specs plus configuration-labelled raw_final records,NYC-nyc-46079-0-1,1.319838699259485,0,0,30.0,PASS,True,data/submission/raw_final.csv,False,69.96173949958757
Development,NYC-nyc-46079-0-1|qp8,historical,2.0,0-29,30,30,True,True,True,fcbe27f21906e43ffb41df933f7ad83046917c23049dfb1dd20fcf912a66aeb5,frozen run_specs plus configuration-labelled raw_final records,NYC-nyc-46079-0-1,1.319838699259485,0,0,30.0,PASS,True,data/submission/raw_final.csv,False,74.83751119999215
Development,NYC-nyc-46079-0-1|qp8,historical,3.0,0-29,30,30,True,True,True,fcbe27f21906e43ffb41df933f7ad83046917c23049dfb1dd20fcf912a66aeb5,frozen run_specs plus configuration-labelled raw_final records,NYC-nyc-46079-0-1,1.319838699259485,0,0,30.0,PASS,True,data/submission/raw_final.csv,False,74.4513807008043
Development,NYC-nyc-46079-0-1|qp8,historical,4.0,0-29,30,30,True,True,True,fcbe27f21906e43ffb41df933f7ad83046917c23049dfb1dd20fcf912a66aeb5,frozen run_specs plus configuration-labelled raw_final records,NYC-nyc-46079-0-1,1.319838699259485,0,0,30.0,PASS,True,data/submission/raw_final.csv,False,81.57624990027398
Development,NYC-nyc-46079-0-1|qp8,historical,5.0,0-29,30,30,True,True,True,fcbe27f21906e43ffb41df933f7ad83046917c23049dfb1dd20fcf912a66aeb5,frozen run_specs plus configuration-labelled raw_final records,NYC-nyc-46079-0-1,1.319838699259485,0,0,30.0,PASS,True,data/submission/raw_final.csv,False,80.30226990068331
Development,NYC-nyc-46079-0-1|qp8,historical,6.0,0-29,30,30,True,True,True,fcbe27f21906e43ffb41df933f7ad83046917c23049dfb1dd20fcf912a66aeb5,frozen run_specs plus configuration-labelled raw_final records,NYC-nyc-46079-0-1,1.319838699259485,0,0,29.0,PASS,True,data/submission/raw_final.csv,False,92.4341449001804
Development,NYC-nyc-46079-0-1|qp8,historical,7.0,0-29,30,30,True,True,True,fcbe27f21906e43ffb41df933f7ad83046917c23049dfb1dd20fcf912a66aeb5,frozen run_specs plus configuration-labelled raw_final records,NYC-nyc-46079-0-1,1.319838699259485,0,0,27.0,FAIL,True,data/submission/raw_final.csv,False,95.83967709960416
Development,NYC-nyc-46079-0-1|qp8,historical,8.0,0-29,30,30,True,True,True,fcbe27f21906e43ffb41df933f7ad83046917c23049dfb1dd20fcf912a66aeb5,frozen run_specs plus configuration-labelled raw_final records,NYC-nyc-46079-0-1,1.319838699259485,0,0,28.0,FAIL,True,data/submission/raw_final.csv,False,98.7424788007047
Development,NYC-nyc-46079-0-1|qp8,historical,10.0,0-29,30,30,True,True,True,fcbe27f21906e43ffb41df933f7ad83046917c23049dfb1dd20fcf912a66aeb5,frozen run_specs plus configuration-labelled raw_final records,NYC-nyc-46079-0-1,1.319838699259485,0,0,25.0,FAIL,True,data/submission/raw_final.csv,False,108.52307619946076
Development,NYC-nyc-46079-0-1|qp8,historical,12.0,0-29,30,30,True,True,True,fcbe27f21906e43ffb41df933f7ad83046917c23049dfb1dd20fcf912a66aeb5,frozen run_specs plus configuration-labelled raw_final records,NYC-nyc-46079-0-1,1.319838699259485,0,0,13.0,FAIL,True,data/submission/raw_final.csv,False,128.40358290006407
Development,NYC-nyc-46079-0-1|qp8,historical,15.0,0-29,30,30,True,True,True,fcbe27f21906e43ffb41df933f7ad83046917c23049dfb1dd20fcf912a66aeb5,frozen run_specs plus configuration-labelled raw_final records,NYC-nyc-46079-0-1,1.319838699259485,0,0,2.0,FAIL,True,data/submission/raw_final.csv,False,136.10931579978205
Development,NYC-nyc-49961-0-0|qp15,historical,0.0,0-29,30,30,True,True,False,,no preserved run_spec,NYC-nyc-49961-0-0,,0,0,,MISSING_CONFIGURATION_PROOF,False,data/submission/raw_final.csv,False,108.02289460087196
Development,NYC-nyc-49961-0-0|qp15,historical,1.0,0-29,30,30,True,True,False,,no preserved run_spec,NYC-nyc-49961-0-0,,0,0,,MISSING_CONFIGURATION_PROOF,False,data/submission/raw_final.csv,False,583.1915109993424
Development,NYC-nyc-49961-0-0|qp6,historical,0.0,0-29,30,30,True,True,False,,no preserved run_spec,NYC-nyc-49961-0-0,,0,0,,MISSING_CONFIGURATION_PROOF,False,data/submission/raw_final.csv,False,60.39771490031853
Development,NYC-nyc-49961-0-0|qp6,historical,1.0,0-29,30,30,True,True,False,,no preserved run_spec,NYC-nyc-49961-0-0,,0,0,,MISSING_CONFIGURATION_PROOF,False,data/submission/raw_final.csv,False,267.45278539997526
Development,NYC-nyc-53282-0-0|qp10,historical,0.0,0-29,30,30,True,True,False,,no preserved run_spec,NYC-nyc-53282-0-0,,0,0,,MISSING_CONFIGURATION_PROOF,False,data/submission/raw_final.csv,False,391.0651070994791
Development,NYC-nyc-53282-0-0|qp4,historical,0.0,0-29,30,30,True,True,False,,no preserved run_spec,NYC-nyc-53282-0-0,,0,0,,MISSING_CONFIGURATION_PROOF,False,data/submission/raw_final.csv,False,189.97570210066624
Development,NYC-nyc-59808-0-1|qp15,historical,0.0,0-29,30,30,True,True,False,,no preserved run_spec,NYC-nyc-59808-0-1,,0,0,,MISSING_CONFIGURATION_PROOF,False,data/submission/raw_final.csv,False,104.40098310052416
Development,NYC-nyc-59808-0-1|qp15,historical,1.0,0-29,30,30,True,True,False,,no preserved run_spec,NYC-nyc-59808-0-1,,0,0,,MISSING_CONFIGURATION_PROOF,False,data/submission/raw_final.csv,False,97.15313200023957
Development,NYC-nyc-59808-0-1|qp15,historical,2.0,0-29,30,30,True,True,False,,no preserved run_spec,NYC-nyc-59808-0-1,,0,0,,MISSING_CONFIGURATION_PROOF,False,data/submission/raw_final.csv,False,98.89444949966855
Development,NYC-nyc-59808-0-1|qp15,historical,3.0,0-29,30,30,True,True,False,,no preserved run_spec,NYC-nyc-59808-0-1,,0,0,,MISSING_CONFIGURATION_PROOF,False,data/submission/raw_final.csv,False,100.1177991000004
Development,NYC-nyc-59808-0-1|qp15,historical,4.0,0-29,30,30,True,True,False,,no preserved run_spec,NYC-nyc-59808-0-1,,0,0,,MISSING_CONFIGURATION_PROOF,False,data/submission/raw_final.csv,False,114.40155129996128
Development,NYC-nyc-59808-0-1|qp15,historical,5.0,0-29,30,30,True,True,False,,no preserved run_spec,NYC-nyc-59808-0-1,,0,0,,MISSING_CONFIGURATION_PROOF,False,data/submission/raw_final.csv,False,120.2449135996867
Development,NYC-nyc-59808-0-1|qp15,historical,6.0,0-29,30,30,True,True,False,,no preserved run_spec,NYC-nyc-59808-0-1,,0,0,,MISSING_CONFIGURATION_PROOF,False,data/submission/raw_final.csv,False,123.44905340019614
Development,NYC-nyc-59808-0-1|qp15,historical,8.0,0-29,30,30,True,True,False,,no preserved run_spec,NYC-nyc-59808-0-1,,0,0,,MISSING_CONFIGURATION_PROOF,False,data/submission/raw_final.csv,False,131.0203678002581
Development,NYC-nyc-59808-0-1|qp15,historical,10.0,0-29,30,30,True,True,False,,no preserved run_spec,NYC-nyc-59808-0-1,,0,0,,MISSING_CONFIGURATION_PROOF,False,data/submission/raw_final.csv,False,138.18715929915197
Development,NYC-nyc-59808-0-1|qp15,historical,12.0,0-29,30,30,True,True,False,,no preserved run_spec,NYC-nyc-59808-0-1,,0,0,,MISSING_CONFIGURATION_PROOF,False,data/submission/raw_final.csv,False,156.24547699978575
Development,NYC-nyc-59808-0-1|qp15,historical,15.0,0-29,30,30,True,True,False,,no preserved run_spec,NYC-nyc-59808-0-1,,0,0,,MISSING_CONFIGURATION_PROOF,False,data/submission/raw_final.csv,False,170.59613609989174
Development,NYC-nyc-59808-0-1|qp15,historical,18.0,0-29,30,30,True,True,False,,no preserved run_spec,NYC-nyc-59808-0-1,,0,0,,MISSING_CONFIGURATION_PROOF,False,data/submission/raw_final.csv,False,204.19566620048136
Development,NYC-nyc-59808-0-1|qp15,historical,20.0,0-29,30,30,True,True,False,,no preserved run_spec,NYC-nyc-59808-0-1,,0,0,,MISSING_CONFIGURATION_PROOF,False,data/submission/raw_final.csv,False,196.02670189924535
Development,NYC-nyc-59808-0-1|qp37,historical,0.0,0-29,30,30,True,True,False,,no preserved run_spec,NYC-nyc-59808-0-1,,0,0,,MISSING_CONFIGURATION_PROOF,False,data/submission/raw_final.csv,False,227.4143568999134
Development,NYC-nyc-59808-0-1|qp37,historical,1.0,0-29,30,30,True,True,False,,no preserved run_spec,NYC-nyc-59808-0-1,,0,0,,MISSING_CONFIGURATION_PROOF,False,data/submission/raw_final.csv,False,211.67399319983087
Development,NYC-nyc-59808-0-1|qp37,historical,2.0,0-29,30,30,True,True,False,,no preserved run_spec,NYC-nyc-59808-0-1,,0,0,,MISSING_CONFIGURATION_PROOF,False,data/submission/raw_final.csv,False,207.53662830009125
Development,NYC-nyc-59808-0-1|qp37,historical,3.0,0-29,30,30,True,True,False,,no preserved run_spec,NYC-nyc-59808-0-1,,0,0,,MISSING_CONFIGURATION_PROOF,False,data/submission/raw_final.csv,False,211.87556430045515
Development,NYC-nyc-59808-0-1|qp37,historical,4.0,0-29,30,30,True,True,False,,no preserved run_spec,NYC-nyc-59808-0-1,,0,0,,MISSING_CONFIGURATION_PROOF,False,data/submission/raw_final.csv,False,254.90638240030967
Development,NYC-nyc-59808-0-1|qp37,historical,5.0,0-29,30,30,True,True,False,,no preserved run_spec,NYC-nyc-59808-0-1,,0,0,,MISSING_CONFIGURATION_PROOF,False,data/submission/raw_final.csv,False,265.2488425995689
Development,NYC-nyc-59808-0-1|qp37,historical,6.0,0-29,30,30,True,True,False,,no preserved run_spec,NYC-nyc-59808-0-1,,0,0,,MISSING_CONFIGURATION_PROOF,False,data/submission/raw_final.csv,False,264.7811794001609
Development,NYC-nyc-59808-0-1|qp37,historical,8.0,0-29,30,30,True,True,False,,no preserved run_spec,NYC-nyc-59808-0-1,,0,0,,MISSING_CONFIGURATION_PROOF,False,data/submission/raw_final.csv,False,281.5325163991656
Development,NYC-nyc-59808-0-1|qp37,historical,10.0,0-29,30,30,True,True,False,,no preserved run_spec,NYC-nyc-59808-0-1,,0,0,,MISSING_CONFIGURATION_PROOF,False,data/submission/raw_final.csv,False,279.6794353998266
Development,NYC-nyc-59808-0-1|qp37,historical,12.0,0-29,30,30,True,True,False,,no preserved run_spec,NYC-nyc-59808-0-1,,0,0,,MISSING_CONFIGURATION_PROOF,False,data/submission/raw_final.csv,False,326.8232437998522
Development,NYC-nyc-59808-0-1|qp37,historical,13.0,0-29,30,30,True,True,False,,no preserved run_spec,NYC-nyc-59808-0-1,,0,0,,MISSING_CONFIGURATION_PROOF,False,data/submission/raw_final.csv,False,302.56784189958125
Development,NYC-nyc-59808-0-1|qp37,historical,14.0,0-29,30,30,True,True,False,,no preserved run_spec,NYC-nyc-59808-0-1,,0,0,,MISSING_CONFIGURATION_PROOF,False,data/submission/raw_final.csv,False,309.0538118996192
Development,NYC-nyc-59808-0-1|qp37,historical,15.0,0-29,30,30,True,True,False,,no preserved run_spec,NYC-nyc-59808-0-1,,0,0,,MISSING_CONFIGURATION_PROOF,False,data/submission/raw_final.csv,False,348.76870309980586
Development,NYC-nyc-59808-0-1|qp37,historical,18.0,0-29,30,30,True,True,False,,no preserved run_spec,NYC-nyc-59808-0-1,,0,0,,MISSING_CONFIGURATION_PROOF,False,data/submission/raw_final.csv,False,388.0295421001501
Development,NYC-nyc-62758-0-0|qp25,historical,0.0,0-29,30,30,True,True,False,,no preserved run_spec,NYC-nyc-62758-0-0,,0,0,,MISSING_CONFIGURATION_PROOF,False,data/submission/raw_final.csv,False,172.4899376993999
Development,NYC-nyc-62758-0-0|qp25,historical,1.0,0-29,30,30,True,True,False,,no preserved run_spec,NYC-nyc-62758-0-0,,0,0,,MISSING_CONFIGURATION_PROOF,False,data/submission/raw_final.csv,False,154.52790690003894
Development,NYC-nyc-62758-0-0|qp25,historical,2.0,0-29,30,30,True,True,False,,no preserved run_spec,NYC-nyc-62758-0-0,,0,0,,MISSING_CONFIGURATION_PROOF,False,data/submission/raw_final.csv,False,148.43759130081162
Development,NYC-nyc-62758-0-0|qp25,historical,3.0,0-29,30,30,True,True,False,,no preserved run_spec,NYC-nyc-62758-0-0,,0,0,,MISSING_CONFIGURATION_PROOF,False,data/submission/raw_final.csv,False,153.28775890078396
Development,NYC-nyc-62758-0-0|qp25,historical,4.0,0-29,30,30,True,True,False,,no preserved run_spec,NYC-nyc-62758-0-0,,0,0,,MISSING_CONFIGURATION_PROOF,False,data/submission/raw_final.csv,False,172.00946619967
Development,NYC-nyc-62758-0-0|qp25,historical,5.0,0-29,30,30,True,True,False,,no preserved run_spec,NYC-nyc-62758-0-0,,0,0,,MISSING_CONFIGURATION_PROOF,False,data/submission/raw_final.csv,False,184.08797239954583
Development,NYC-nyc-62758-0-0|qp25,historical,6.0,0-29,30,30,True,True,False,,no preserved run_spec,NYC-nyc-62758-0-0,,0,0,,MISSING_CONFIGURATION_PROOF,False,data/submission/raw_final.csv,False,178.09345859964378
Development,NYC-nyc-62758-0-0|qp25,historical,8.0,0-29,30,30,True,True,False,,no preserved run_spec,NYC-nyc-62758-0-0,,0,0,,MISSING_CONFIGURATION_PROOF,False,data/submission/raw_final.csv,False,196.9390926992055
Development,NYC-nyc-62758-0-0|qp25,historical,10.0,0-29,30,30,True,True,False,,no preserved run_spec,NYC-nyc-62758-0-0,,0,0,,MISSING_CONFIGURATION_PROOF,False,data/submission/raw_final.csv,False,201.20539680006917
Development,NYC-nyc-62758-0-0|qp25,historical,12.0,0-29,30,30,True,True,False,,no preserved run_spec,NYC-nyc-62758-0-0,,0,0,,MISSING_CONFIGURATION_PROOF,False,data/submission/raw_final.csv,False,232.3450218997896
Development,NYC-nyc-62758-0-0|qp25,historical,15.0,0-29,30,30,True,True,False,,no preserved run_spec,NYC-nyc-62758-0-0,,0,0,,MISSING_CONFIGURATION_PROOF,False,data/submission/raw_final.csv,False,245.28856130037457
Development,NYC-nyc-62758-0-0|qp25,historical,18.0,0-29,30,30,True,True,False,,no preserved run_spec,NYC-nyc-62758-0-0,,0,0,,MISSING_CONFIGURATION_PROOF,False,data/submission/raw_final.csv,False,265.1311962006148
Development,NYC-nyc-62758-0-0|qp25,historical,19.0,0-29,30,30,True,True,False,,no preserved run_spec,NYC-nyc-62758-0-0,,0,0,,MISSING_CONFIGURATION_PROOF,False,data/submission/raw_final.csv,False,258.14902359992266
Development,NYC-nyc-62758-0-0|qp25,historical,20.0,0-29,30,30,True,True,False,,no preserved run_spec,NYC-nyc-62758-0-0,,0,0,,MISSING_CONFIGURATION_PROOF,False,data/submission/raw_final.csv,False,245.9241984009277
Development,NYC-nyc-62758-0-0|qp61,historical,0.0,0-29,30,30,True,True,False,,no preserved run_spec,NYC-nyc-62758-0-0,,0,0,,MISSING_CONFIGURATION_PROOF,False,data/submission/raw_final.csv,False,384.5385339995846
Development,NYC-nyc-62758-0-0|qp61,historical,1.0,0-29,30,30,True,True,False,,no preserved run_spec,NYC-nyc-62758-0-0,,0,0,,MISSING_CONFIGURATION_PROOF,False,data/submission/raw_final.csv,False,361.6291155994404
Development,NYC-nyc-62758-0-0|qp61,historical,2.0,0-29,30,30,True,True,False,,no preserved run_spec,NYC-nyc-62758-0-0,,0,0,,MISSING_CONFIGURATION_PROOF,False,data/submission/raw_final.csv,False,400.3945730994456
Development,NYC-nyc-62758-0-0|qp61,historical,3.0,0-29,30,30,True,True,False,,no preserved run_spec,NYC-nyc-62758-0-0,,0,0,,MISSING_CONFIGURATION_PROOF,False,data/submission/raw_final.csv,False,368.5313126007095
Development,NYC-nyc-62758-0-0|qp61,historical,4.0,0-29,30,30,True,True,False,,no preserved run_spec,NYC-nyc-62758-0-0,,0,0,,MISSING_CONFIGURATION_PROOF,False,data/submission/raw_final.csv,False,421.44959740014747
Development,NYC-nyc-62758-0-0|qp61,historical,5.0,0-29,30,30,True,True,False,,no preserved run_spec,NYC-nyc-62758-0-0,,0,0,,MISSING_CONFIGURATION_PROOF,False,data/submission/raw_final.csv,False,464.06463940022513
Development,NYC-nyc-62758-0-0|qp61,historical,6.0,0-29,30,30,True,True,False,,no preserved run_spec,NYC-nyc-62758-0-0,,0,0,,MISSING_CONFIGURATION_PROOF,False,data/submission/raw_final.csv,False,441.10473650111817
Development,NYC-nyc-62758-0-0|qp61,historical,8.0,0-29,30,30,True,True,False,,no preserved run_spec,NYC-nyc-62758-0-0,,0,0,,MISSING_CONFIGURATION_PROOF,False,data/submission/raw_final.csv,False,460.2646941994317
Development,NYC-nyc-62758-0-0|qp61,historical,9.0,0-29,30,30,True,True,False,,no preserved run_spec,NYC-nyc-62758-0-0,,0,0,,MISSING_CONFIGURATION_PROOF,False,data/submission/raw_final.csv,False,436.2134829999413
Development,NYC-nyc-62758-0-0|qp61,historical,10.0,0-29,30,30,True,True,False,,no preserved run_spec,NYC-nyc-62758-0-0,,0,0,,MISSING_CONFIGURATION_PROOF,False,data/submission/raw_final.csv,False,492.3867399995215
Development,NYC-nyc-62758-0-0|qp61,historical,12.0,0-29,30,30,True,True,False,,no preserved run_spec,NYC-nyc-62758-0-0,,0,0,,MISSING_CONFIGURATION_PROOF,False,data/submission/raw_final.csv,False,525.0702804005705
Development,NYC-nyc-62758-0-0|qp61,historical,15.0,0-29,30,30,True,True,False,,no preserved run_spec,NYC-nyc-62758-0-0,,0,0,,MISSING_CONFIGURATION_PROOF,False,data/submission/raw_final.csv,False,549.7796289999969
Development,NYC-nyc-72803-0-0|qp16,historical,0.0,0-29,30,30,True,True,False,,no preserved run_spec,NYC-nyc-72803-0-0,,0,0,,MISSING_CONFIGURATION_PROOF,False,data/submission/raw_final.csv,False,113.30053590005264
Development,NYC-nyc-72803-0-0|qp16,historical,1.0,0-29,30,30,True,True,False,,no preserved run_spec,NYC-nyc-72803-0-0,,0,0,,MISSING_CONFIGURATION_PROOF,False,data/submission/raw_final.csv,False,695.8708901007194
Development,NYC-nyc-72803-0-0|qp7,historical,0.0,0-29,30,30,True,True,False,,no preserved run_spec,NYC-nyc-72803-0-0,,0,0,,MISSING_CONFIGURATION_PROOF,False,data/submission/raw_final.csv,False,65.90282440115698
Development,NYC-nyc-72803-0-0|qp7,historical,1.0,0-29,30,30,True,True,False,,no preserved run_spec,NYC-nyc-72803-0-0,,0,0,,MISSING_CONFIGURATION_PROOF,False,data/submission/raw_final.csv,False,341.4844520990737
Development,NYC-nyc-9648-0-0|qp19,historical,0.0,0-29,30,30,True,True,False,,no preserved run_spec,NYC-nyc-9648-0-0,,0,0,,MISSING_CONFIGURATION_PROOF,False,data/submission/raw_final.csv,False,104.40819990006275
Development,NYC-nyc-9648-0-0|qp19,historical,1.0,0-29,30,30,True,True,False,,no preserved run_spec,NYC-nyc-9648-0-0,,0,0,,MISSING_CONFIGURATION_PROOF,False,data/submission/raw_final.csv,False,129.7421368996147
Development,NYC-nyc-9648-0-0|qp19,historical,2.0,0-29,30,30,True,True,False,,no preserved run_spec,NYC-nyc-9648-0-0,,0,0,,MISSING_CONFIGURATION_PROOF,False,data/submission/raw_final.csv,False,130.97964060050435
Development,NYC-nyc-9648-0-0|qp19,historical,3.0,0-29,30,30,True,True,False,,no preserved run_spec,NYC-nyc-9648-0-0,,0,0,,MISSING_CONFIGURATION_PROOF,False,data/submission/raw_final.csv,False,130.31571519980207
Development,NYC-nyc-9648-0-0|qp19,historical,4.0,0-29,30,30,True,True,False,,no preserved run_spec,NYC-nyc-9648-0-0,,0,0,,MISSING_CONFIGURATION_PROOF,False,data/submission/raw_final.csv,False,141.70788440015167
Development,NYC-nyc-9648-0-0|qp19,historical,5.0,0-29,30,30,True,True,False,,no preserved run_spec,NYC-nyc-9648-0-0,,0,0,,MISSING_CONFIGURATION_PROOF,False,data/submission/raw_final.csv,False,151.2061495995149
Development,NYC-nyc-9648-0-0|qp19,historical,6.0,0-29,30,30,True,True,False,,no preserved run_spec,NYC-nyc-9648-0-0,,0,0,,MISSING_CONFIGURATION_PROOF,False,data/submission/raw_final.csv,False,154.1133475007955
Development,NYC-nyc-9648-0-0|qp19,historical,8.0,0-29,30,30,True,True,False,,no preserved run_spec,NYC-nyc-9648-0-0,,0,0,,MISSING_CONFIGURATION_PROOF,False,data/submission/raw_final.csv,False,168.3105666001793
Development,NYC-nyc-9648-0-0|qp19,historical,10.0,0-29,30,30,True,True,False,,no preserved run_spec,NYC-nyc-9648-0-0,,0,0,,MISSING_CONFIGURATION_PROOF,False,data/submission/raw_final.csv,False,178.96882949932478
Development,NYC-nyc-9648-0-0|qp19,historical,12.0,0-29,30,30,True,True,False,,no preserved run_spec,NYC-nyc-9648-0-0,,0,0,,MISSING_CONFIGURATION_PROOF,False,data/submission/raw_final.csv,False,201.9940669008065
Development,NYC-nyc-9648-0-0|qp19,historical,15.0,0-29,30,30,True,True,False,,no preserved run_spec,NYC-nyc-9648-0-0,,0,0,,MISSING_CONFIGURATION_PROOF,False,data/submission/raw_final.csv,False,219.87570349988528
Development,NYC-nyc-9648-0-0|qp19,historical,18.0,0-29,30,30,True,True,False,,no preserved run_spec,NYC-nyc-9648-0-0,,0,0,,MISSING_CONFIGURATION_PROOF,False,data/submission/raw_final.csv,False,238.7889000999276
Development,NYC-nyc-9648-0-0|qp19,historical,19.0,0-29,30,30,True,True,False,,no preserved run_spec,NYC-nyc-9648-0-0,,0,0,,MISSING_CONFIGURATION_PROOF,False,data/submission/raw_final.csv,False,229.42755090049468
Development,NYC-nyc-9648-0-0|qp19,historical,20.0,0-29,30,30,True,True,False,,no preserved run_spec,NYC-nyc-9648-0-0,,0,0,,MISSING_CONFIGURATION_PROOF,False,data/submission/raw_final.csv,False,222.7590590994805
Development,NYC-nyc-9648-0-0|qp45,historical,0.0,0-29,30,30,True,True,False,,no preserved run_spec,NYC-nyc-9648-0-0,,0,0,,MISSING_CONFIGURATION_PROOF,False,data/submission/raw_final.csv,False,256.78670759964734
Development,NYC-nyc-9648-0-0|qp45,historical,1.0,0-29,30,30,True,True,False,,no preserved run_spec,NYC-nyc-9648-0-0,,0,0,,MISSING_CONFIGURATION_PROOF,False,data/submission/raw_final.csv,False,291.48958590091206
Development,NYC-nyc-9648-0-0|qp45,historical,2.0,0-29,30,30,True,True,False,,no preserved run_spec,NYC-nyc-9648-0-0,,0,0,,MISSING_CONFIGURATION_PROOF,False,data/submission/raw_final.csv,False,299.31730860006064
Development,NYC-nyc-9648-0-0|qp45,historical,3.0,0-29,30,30,True,True,False,,no preserved run_spec,NYC-nyc-9648-0-0,,0,0,,MISSING_CONFIGURATION_PROOF,False,data/submission/raw_final.csv,False,277.571989799384
Development,NYC-nyc-9648-0-0|qp45,historical,4.0,0-29,30,30,True,True,False,,no preserved run_spec,NYC-nyc-9648-0-0,,0,0,,MISSING_CONFIGURATION_PROOF,False,data/submission/raw_final.csv,False,316.44613200076856
Development,NYC-nyc-9648-0-0|qp45,historical,5.0,0-29,30,30,True,True,False,,no preserved run_spec,NYC-nyc-9648-0-0,,0,0,,MISSING_CONFIGURATION_PROOF,False,data/submission/raw_final.csv,False,346.7125336001627
Development,NYC-nyc-9648-0-0|qp45,historical,6.0,0-29,30,30,True,True,False,,no preserved run_spec,NYC-nyc-9648-0-0,,0,0,,MISSING_CONFIGURATION_PROOF,False,data/submission/raw_final.csv,False,338.38848710013554
Development,NYC-nyc-9648-0-0|qp45,historical,8.0,0-29,30,30,True,True,False,,no preserved run_spec,NYC-nyc-9648-0-0,,0,0,,MISSING_CONFIGURATION_PROOF,False,data/submission/raw_final.csv,False,346.8650790003594
Development,NYC-nyc-9648-0-0|qp45,historical,10.0,0-29,30,30,True,True,False,,no preserved run_spec,NYC-nyc-9648-0-0,,0,0,,MISSING_CONFIGURATION_PROOF,False,data/submission/raw_final.csv,False,368.0481216986664
Development,NYC-nyc-9648-0-0|qp45,historical,11.0,0-29,30,30,True,True,False,,no preserved run_spec,NYC-nyc-9648-0-0,,0,0,,MISSING_CONFIGURATION_PROOF,False,data/submission/raw_final.csv,False,351.0201195003465
Development,NYC-nyc-9648-0-0|qp45,historical,12.0,0-29,30,30,True,True,False,,no preserved run_spec,NYC-nyc-9648-0-0,,0,0,,MISSING_CONFIGURATION_PROOF,False,data/submission/raw_final.csv,False,407.5744637001772
Development,NYC-nyc-9648-0-0|qp45,historical,15.0,0-29,30,30,True,True,False,,no preserved run_spec,NYC-nyc-9648-0-0,,0,0,,MISSING_CONFIGURATION_PROOF,False,data/submission/raw_final.csv,False,430.7665869002231
Development,NYC-nyc-9648-0-0|qp45,historical,18.0,0-29,30,30,True,True,False,,no preserved run_spec,NYC-nyc-9648-0-0,,0,0,,MISSING_CONFIGURATION_PROOF,False,data/submission/raw_final.csv,False,485.934026599396
Development,NYC-nyc-98749-0-2|qp32,historical,0.0,0-29,30,30,True,True,True,7c07f6508c2af218f67cc8685f7a068c0a50a506d3006c83c0003abb48cacecf,frozen run_specs plus configuration-labelled raw_final records,NYC-nyc-98749-0-2,1.2032382232412702,0,0,30.0,PASS,True,data/submission/raw_final.csv,False,225.93967749970037
Development,NYC-nyc-98749-0-2|qp32,historical,1.0,0-29,30,30,True,True,True,7c07f6508c2af218f67cc8685f7a068c0a50a506d3006c83c0003abb48cacecf,frozen run_specs plus configuration-labelled raw_final records,NYC-nyc-98749-0-2,1.2032382232412702,0,0,30.0,PASS,True,data/submission/raw_final.csv,False,204.55210139928383
Development,NYC-nyc-98749-0-2|qp32,historical,2.0,0-29,30,30,True,True,True,7c07f6508c2af218f67cc8685f7a068c0a50a506d3006c83c0003abb48cacecf,frozen run_specs plus configuration-labelled raw_final records,NYC-nyc-98749-0-2,1.2032382232412702,0,0,30.0,PASS,True,data/submission/raw_final.csv,False,213.02593570039608
Development,NYC-nyc-98749-0-2|qp32,historical,3.0,0-29,30,30,True,True,True,7c07f6508c2af218f67cc8685f7a068c0a50a506d3006c83c0003abb48cacecf,frozen run_specs plus configuration-labelled raw_final records,NYC-nyc-98749-0-2,1.2032382232412702,0,0,30.0,PASS,True,data/submission/raw_final.csv,False,208.57764030061665
Development,NYC-nyc-98749-0-2|qp32,historical,4.0,0-29,30,30,True,True,True,7c07f6508c2af218f67cc8685f7a068c0a50a506d3006c83c0003abb48cacecf,frozen run_specs plus configuration-labelled raw_final records,NYC-nyc-98749-0-2,1.2032382232412702,0,0,30.0,PASS,True,data/submission/raw_final.csv,False,228.42932039895092
Development,NYC-nyc-98749-0-2|qp32,historical,5.0,0-29,30,30,True,True,True,7c07f6508c2af218f67cc8685f7a068c0a50a506d3006c83c0003abb48cacecf,frozen run_specs plus configuration-labelled raw_final records,NYC-nyc-98749-0-2,1.2032382232412702,0,0,27.0,FAIL,True,data/submission/raw_final.csv,False,273.5540225007571
Development,NYC-nyc-98749-0-2|qp32,historical,6.0,0-29,30,30,True,True,True,7c07f6508c2af218f67cc8685f7a068c0a50a506d3006c83c0003abb48cacecf,frozen run_specs plus configuration-labelled raw_final records,NYC-nyc-98749-0-2,1.2032382232412702,0,0,29.0,PASS,True,data/submission/raw_final.csv,False,254.76894030021504
Development,NYC-nyc-98749-0-2|qp32,historical,7.0,0-29,30,30,True,True,True,7c07f6508c2af218f67cc8685f7a068c0a50a506d3006c83c0003abb48cacecf,frozen run_specs plus configuration-labelled raw_final records,NYC-nyc-98749-0-2,1.2032382232412702,0,0,27.0,FAIL,True,data/submission/raw_final.csv,False,236.38348580012095
Development,NYC-nyc-98749-0-2|qp32,historical,8.0,0-29,30,30,True,True,True,7c07f6508c2af218f67cc8685f7a068c0a50a506d3006c83c0003abb48cacecf,frozen run_specs plus configuration-labelled raw_final records,NYC-nyc-98749-0-2,1.2032382232412702,0,0,24.0,FAIL,True,data/submission/raw_final.csv,False,261.7980582008604
Development,NYC-nyc-98749-0-2|qp32,historical,10.0,0-29,30,30,True,True,True,7c07f6508c2af218f67cc8685f7a068c0a50a506d3006c83c0003abb48cacecf,frozen run_specs plus configuration-labelled raw_final records,NYC-nyc-98749-0-2,1.2032382232412702,0,0,13.0,FAIL,True,data/submission/raw_final.csv,False,351.35471670050174
Development,NYC-nyc-98749-0-2|qp53,historical,0.0,0-29,30,30,True,True,False,,no preserved run_spec,NYC-nyc-98749-0-2,,0,0,,MISSING_CONFIGURATION_PROOF,False,data/submission/raw_final.csv,False,356.65819330047816
Development,NYC-nyc-98749-0-2|qp53,historical,1.0,0-29,30,30,True,True,False,,no preserved run_spec,NYC-nyc-98749-0-2,,0,0,,MISSING_CONFIGURATION_PROOF,False,data/submission/raw_final.csv,False,533.5577201000415
Development,SEA-seattle-5423808-0-1|qp103,historical,0.0,0-29,30,30,True,True,False,,no preserved run_spec,SEA-seattle-5423808-0-1,,0,0,,MISSING_CONFIGURATION_PROOF,False,data/submission/raw_final.csv,False,725.2352492993232
Development,SEA-seattle-5423808-0-1|qp103,historical,1.0,0-29,30,30,True,True,False,,no preserved run_spec,SEA-seattle-5423808-0-1,,0,0,,MISSING_CONFIGURATION_PROOF,False,data/submission/raw_final.csv,False,673.7413585002068
Development,SEA-seattle-5423808-0-1|qp103,historical,2.0,0-29,30,30,True,True,False,,no preserved run_spec,SEA-seattle-5423808-0-1,,0,0,,MISSING_CONFIGURATION_PROOF,False,data/submission/raw_final.csv,False,695.380389499478
Development,SEA-seattle-5423808-0-1|qp103,historical,3.0,0-29,30,30,True,True,False,,no preserved run_spec,SEA-seattle-5423808-0-1,,0,0,,MISSING_CONFIGURATION_PROOF,False,data/submission/raw_final.csv,False,678.3006211996544
Development,SEA-seattle-5423808-0-1|qp103,historical,4.0,0-29,30,30,True,True,False,,no preserved run_spec,SEA-seattle-5423808-0-1,,0,0,,MISSING_CONFIGURATION_PROOF,False,data/submission/raw_final.csv,False,713.4286917995196
Development,SEA-seattle-5423808-0-1|qp103,historical,5.0,0-29,30,30,True,True,False,,no preserved run_spec,SEA-seattle-5423808-0-1,,0,0,,MISSING_CONFIGURATION_PROOF,False,data/submission/raw_final.csv,False,682.9528741997201
Development,SEA-seattle-5423808-0-1|qp103,historical,6.0,0-29,30,30,True,True,False,,no preserved run_spec,SEA-seattle-5423808-0-1,,0,0,,MISSING_CONFIGURATION_PROOF,False,data/submission/raw_final.csv,False,739.8245440996252
Development,SEA-seattle-5423808-0-1|qp62,historical,0.0,0-29,30,30,True,True,False,,no preserved run_spec,SEA-seattle-5423808-0-1,,0,0,,MISSING_CONFIGURATION_PROOF,False,data/submission/raw_final.csv,False,370.4889792005997
Development,SEA-seattle-5423808-0-1|qp62,historical,1.0,0-29,30,30,True,True,False,,no preserved run_spec,SEA-seattle-5423808-0-1,,0,0,,MISSING_CONFIGURATION_PROOF,False,data/submission/raw_final.csv,False,318.6474077999592
Development,SEA-seattle-5423808-0-1|qp62,historical,2.0,0-29,30,30,True,True,False,,no preserved run_spec,SEA-seattle-5423808-0-1,,0,0,,MISSING_CONFIGURATION_PROOF,False,data/submission/raw_final.csv,False,367.27203579992056
Development,SEA-seattle-5423808-0-1|qp62,historical,3.0,0-29,30,30,True,True,False,,no preserved run_spec,SEA-seattle-5423808-0-1,,0,0,,MISSING_CONFIGURATION_PROOF,False,data/submission/raw_final.csv,False,363.1741488000844
Development,SEA-seattle-5423808-0-1|qp62,historical,4.0,0-29,30,30,True,True,False,,no preserved run_spec,SEA-seattle-5423808-0-1,,0,0,,MISSING_CONFIGURATION_PROOF,False,data/submission/raw_final.csv,False,380.62568359985016
Development,SEA-seattle-5423808-0-1|qp62,historical,5.0,0-29,30,30,True,True,False,,no preserved run_spec,SEA-seattle-5423808-0-1,,0,0,,MISSING_CONFIGURATION_PROOF,False,data/submission/raw_final.csv,False,396.8875173998531
Development,SEA-seattle-5423808-0-1|qp62,historical,6.0,0-29,30,30,True,True,False,,no preserved run_spec,SEA-seattle-5423808-0-1,,0,0,,MISSING_CONFIGURATION_PROOF,False,data/submission/raw_final.csv,False,398.4677284006029
Development,SEA-seattle-5423808-0-1|qp62,historical,7.0,0-29,30,30,True,True,False,,no preserved run_spec,SEA-seattle-5423808-0-1,,0,0,,MISSING_CONFIGURATION_PROOF,False,data/submission/raw_final.csv,False,404.5719586000778
Development,SEA-seattle-5423808-0-1|qp62,historical,8.0,0-29,30,30,True,True,False,,no preserved run_spec,SEA-seattle-5423808-0-1,,0,0,,MISSING_CONFIGURATION_PROOF,False,data/submission/raw_final.csv,False,415.0284090000205
Development,SEA-seattle-5423808-0-1|qp62,historical,10.0,0-29,30,30,True,True,False,,no preserved run_spec,SEA-seattle-5423808-0-1,,0,0,,MISSING_CONFIGURATION_PROOF,False,data/submission/raw_final.csv,False,455.8923756992445
Development,SEA-seattle-5423808-0-1|qp62,historical,12.0,0-29,30,30,True,True,False,,no preserved run_spec,SEA-seattle-5423808-0-1,,0,0,,MISSING_CONFIGURATION_PROOF,False,data/submission/raw_final.csv,False,499.0003458007705
Development,SEA-seattle-5426480-0-0|qp22,historical,0.0,0-29,30,30,True,True,True,d0aacfd263439565a012077eef253fc27770abc7eab6526df0dd033d8368badf,frozen run_specs plus configuration-labelled raw_final records,SEA-seattle-5426480-0-0,1.2314837895695747,0,0,30.0,PASS,True,data/submission/raw_final.csv,False,136.45681750006042
Development,SEA-seattle-5426480-0-0|qp22,historical,1.0,0-29,30,30,True,True,True,d0aacfd263439565a012077eef253fc27770abc7eab6526df0dd033d8368badf,frozen run_specs plus configuration-labelled raw_final records,SEA-seattle-5426480-0-0,1.2314837895695747,0,0,30.0,PASS,True,data/submission/raw_final.csv,False,133.51876979973167
Development,SEA-seattle-5426480-0-0|qp22,historical,2.0,0-29,30,30,True,True,True,d0aacfd263439565a012077eef253fc27770abc7eab6526df0dd033d8368badf,frozen run_specs plus configuration-labelled raw_final records,SEA-seattle-5426480-0-0,1.2314837895695747,0,0,30.0,PASS,True,data/submission/raw_final.csv,False,143.16333029977977
Development,SEA-seattle-5426480-0-0|qp22,historical,3.0,0-29,30,30,True,True,True,d0aacfd263439565a012077eef253fc27770abc7eab6526df0dd033d8368badf,frozen run_specs plus configuration-labelled raw_final records,SEA-seattle-5426480-0-0,1.2314837895695747,0,0,29.0,PASS,True,data/submission/raw_final.csv,False,146.73937710002065
Development,SEA-seattle-5426480-0-0|qp22,historical,4.0,0-29,30,30,True,True,True,d0aacfd263439565a012077eef253fc27770abc7eab6526df0dd033d8368badf,frozen run_specs plus configuration-labelled raw_final records,SEA-seattle-5426480-0-0,1.2314837895695747,0,0,30.0,PASS,True,data/submission/raw_final.csv,False,150.95781759987585
Development,SEA-seattle-5426480-0-0|qp22,historical,5.0,0-29,30,30,True,True,True,d0aacfd263439565a012077eef253fc27770abc7eab6526df0dd033d8368badf,frozen run_specs plus configuration-labelled raw_final records,SEA-seattle-5426480-0-0,1.2314837895695747,0,0,29.0,PASS,True,data/submission/raw_final.csv,False,165.25566780078225
Development,SEA-seattle-5426480-0-0|qp22,historical,6.0,0-29,30,30,True,True,True,d0aacfd263439565a012077eef253fc27770abc7eab6526df0dd033d8368badf,frozen run_specs plus configuration-labelled raw_final records,SEA-seattle-5426480-0-0,1.2314837895695747,0,0,27.0,FAIL,True,data/submission/raw_final.csv,False,167.4932524007745
Development,SEA-seattle-5426480-0-0|qp22,historical,8.0,0-29,30,30,True,True,True,d0aacfd263439565a012077eef253fc27770abc7eab6526df0dd033d8368badf,frozen run_specs plus configuration-labelled raw_final records,SEA-seattle-5426480-0-0,1.2314837895695747,0,0,20.0,FAIL,True,data/submission/raw_final.csv,False,196.3009531002026
Development,SEA-seattle-5426480-0-0|qp9,historical,0.0,0-29,30,30,True,True,True,5a1119b6ea8e8d6c1906c89fcffbfba1eec5fdd10d9896507175496b666ce84b,frozen run_specs plus configuration-labelled raw_final records,SEA-seattle-5426480-0-0,1.31533734858785,0,0,30.0,PASS,True,data/submission/raw_final.csv,False,80.47854559961706
Development,SEA-seattle-5426480-0-0|qp9,historical,0.0,10000-10029,30,30,True,True,True,5a1119b6ea8e8d6c1906c89fcffbfba1eec5fdd10d9896507175496b666ce84b,frozen run_specs plus configuration-labelled raw_final records,SEA-seattle-5426480-0-0,1.3102527415920835,0,0,30.0,PASS,True,new package,True,36.41308989998652
Development,SEA-seattle-5426480-0-0|qp9,historical,1.0,0-29,30,30,True,True,True,5a1119b6ea8e8d6c1906c89fcffbfba1eec5fdd10d9896507175496b666ce84b,frozen run_specs plus configuration-labelled raw_final records,SEA-seattle-5426480-0-0,1.31533734858785,0,0,30.0,PASS,True,data/submission/raw_final.csv,False,75.17865659995005
Development,SEA-seattle-5426480-0-0|qp9,historical,2.0,0-29,30,30,True,True,True,5a1119b6ea8e8d6c1906c89fcffbfba1eec5fdd10d9896507175496b666ce84b,frozen run_specs plus configuration-labelled raw_final records,SEA-seattle-5426480-0-0,1.31533734858785,0,0,30.0,PASS,True,data/submission/raw_final.csv,False,72.87829420017079
Development,SEA-seattle-5426480-0-0|qp9,historical,3.0,0-29,30,30,True,True,True,5a1119b6ea8e8d6c1906c89fcffbfba1eec5fdd10d9896507175496b666ce84b,frozen run_specs plus configuration-labelled raw_final records,SEA-seattle-5426480-0-0,1.31533734858785,0,0,30.0,PASS,True,data/submission/raw_final.csv,False,81.27456970023923
Development,SEA-seattle-5426480-0-0|qp9,historical,4.0,0-29,30,30,True,True,True,5a1119b6ea8e8d6c1906c89fcffbfba1eec5fdd10d9896507175496b666ce84b,frozen run_specs plus configuration-labelled raw_final records,SEA-seattle-5426480-0-0,1.31533734858785,0,0,30.0,PASS,True,data/submission/raw_final.csv,False,80.33424310083501
Development,SEA-seattle-5426480-0-0|qp9,historical,5.0,0-29,30,30,True,True,True,5a1119b6ea8e8d6c1906c89fcffbfba1eec5fdd10d9896507175496b666ce84b,frozen run_specs plus configuration-labelled raw_final records,SEA-seattle-5426480-0-0,1.31533734858785,0,0,30.0,PASS,True,data/submission/raw_final.csv,False,86.46349770016968
Development,SEA-seattle-5426480-0-0|qp9,historical,6.0,0-29,30,30,True,True,True,5a1119b6ea8e8d6c1906c89fcffbfba1eec5fdd10d9896507175496b666ce84b,frozen run_specs plus configuration-labelled raw_final records,SEA-seattle-5426480-0-0,1.31533734858785,0,0,30.0,PASS,True,data/submission/raw_final.csv,False,90.63214479968885
Development,SEA-seattle-5426480-0-0|qp9,historical,6.0,10000-10029,30,30,True,True,True,5a1119b6ea8e8d6c1906c89fcffbfba1eec5fdd10d9896507175496b666ce84b,frozen run_specs plus configuration-labelled raw_final records,SEA-seattle-5426480-0-0,1.3102527415920835,0,0,29.0,PASS,True,new package,True,53.95021579990862
Development,SEA-seattle-5426480-0-0|qp9,historical,7.0,0-29,30,30,True,True,True,5a1119b6ea8e8d6c1906c89fcffbfba1eec5fdd10d9896507175496b666ce84b,frozen run_specs plus configuration-labelled raw_final records,SEA-seattle-5426480-0-0,1.31533734858785,0,0,29.0,PASS,True,data/submission/raw_final.csv,False,98.07579670031556
Development,SEA-seattle-5426480-0-0|qp9,historical,8.0,0-29,30,30,True,True,True,5a1119b6ea8e8d6c1906c89fcffbfba1eec5fdd10d9896507175496b666ce84b,frozen run_specs plus configuration-labelled raw_final records,SEA-seattle-5426480-0-0,1.31533734858785,0,0,28.0,FAIL,True,data/submission/raw_final.csv,False,101.95468739978968
Development,SEA-seattle-5426480-0-0|qp9,historical,8.0,10000-10029,30,30,True,True,True,5a1119b6ea8e8d6c1906c89fcffbfba1eec5fdd10d9896507175496b666ce84b,frozen run_specs plus configuration-labelled raw_final records,SEA-seattle-5426480-0-0,1.3102527415920835,0,0,29.0,PASS,True,new package,True,59.69151940001757
Development,SEA-seattle-5426480-0-0|qp9,historical,10.0,0-29,30,30,True,True,True,5a1119b6ea8e8d6c1906c89fcffbfba1eec5fdd10d9896507175496b666ce84b,frozen run_specs plus configuration-labelled raw_final records,SEA-seattle-5426480-0-0,1.31533734858785,0,0,26.0,FAIL,True,data/submission/raw_final.csv,False,112.55230989982374
Development,SEA-seattle-5426480-0-0|qp9,historical,12.0,0-29,30,30,True,True,True,5a1119b6ea8e8d6c1906c89fcffbfba1eec5fdd10d9896507175496b666ce84b,frozen run_specs plus configuration-labelled raw_final records,SEA-seattle-5426480-0-0,1.31533734858785,0,0,25.0,FAIL,True,data/submission/raw_final.csv,False,127.27131929947063
Development,SEA-seattle-5426480-0-0|qp9,historical,15.0,0-29,30,30,True,True,True,5a1119b6ea8e8d6c1906c89fcffbfba1eec5fdd10d9896507175496b666ce84b,frozen run_specs plus configuration-labelled raw_final records,SEA-seattle-5426480-0-0,1.31533734858785,0,0,16.0,FAIL,True,data/submission/raw_final.csv,False,147.80491830036044
Development,SEA-seattle-5426480-0-0|qp9,historical,18.0,0-29,30,30,True,True,True,5a1119b6ea8e8d6c1906c89fcffbfba1eec5fdd10d9896507175496b666ce84b,frozen run_specs plus configuration-labelled raw_final records,SEA-seattle-5426480-0-0,1.31533734858785,0,0,5.0,FAIL,True,data/submission/raw_final.csv,False,164.9472419004887
Development,SEA-seattle-5426595-0-0|qp38,historical,0.0,0-29,30,30,True,True,True,ee258bcc2b47885258f525e42b848eab21279fef91a917c17232be39155a4a84,frozen run_specs plus configuration-labelled raw_final records,SEA-seattle-5426595-0-0,1.2384744842133038,0,0,30.0,PASS,True,data/submission/raw_final.csv,False,235.13066430017352
Development,SEA-seattle-5426595-0-0|qp38,historical,1.0,0-29,30,30,True,True,True,ee258bcc2b47885258f525e42b848eab21279fef91a917c17232be39155a4a84,frozen run_specs plus configuration-labelled raw_final records,SEA-seattle-5426595-0-0,1.2384744842133038,0,0,30.0,PASS,True,data/submission/raw_final.csv,False,202.5516635994427
Development,SEA-seattle-5426595-0-0|qp38,historical,2.0,0-29,30,30,True,True,True,ee258bcc2b47885258f525e42b848eab21279fef91a917c17232be39155a4a84,frozen run_specs plus configuration-labelled raw_final records,SEA-seattle-5426595-0-0,1.2384744842133038,0,0,30.0,PASS,True,data/submission/raw_final.csv,False,209.65033559966832
Development,SEA-seattle-5426595-0-0|qp38,historical,3.0,0-29,30,30,True,True,True,ee258bcc2b47885258f525e42b848eab21279fef91a917c17232be39155a4a84,frozen run_specs plus configuration-labelled raw_final records,SEA-seattle-5426595-0-0,1.2384744842133038,0,0,30.0,PASS,True,data/submission/raw_final.csv,False,214.0336192997638
Development,SEA-seattle-5426595-0-0|qp38,historical,4.0,0-29,30,30,True,True,True,ee258bcc2b47885258f525e42b848eab21279fef91a917c17232be39155a4a84,frozen run_specs plus configuration-labelled raw_final records,SEA-seattle-5426595-0-0,1.2384744842133038,0,0,30.0,PASS,True,data/submission/raw_final.csv,False,222.60532680014148
Development,SEA-seattle-5426595-0-0|qp38,historical,5.0,0-29,30,30,True,True,True,ee258bcc2b47885258f525e42b848eab21279fef91a917c17232be39155a4a84,frozen run_specs plus configuration-labelled raw_final records,SEA-seattle-5426595-0-0,1.2384744842133038,0,0,30.0,PASS,True,data/submission/raw_final.csv,False,209.4274283000268
Development,SEA-seattle-5426595-0-0|qp38,historical,6.0,0-29,30,30,True,True,True,ee258bcc2b47885258f525e42b848eab21279fef91a917c17232be39155a4a84,frozen run_specs plus configuration-labelled raw_final records,SEA-seattle-5426595-0-0,1.2384744842133038,0,0,30.0,PASS,True,data/submission/raw_final.csv,False,231.20301200007088
Development,SEA-seattle-5426595-0-0|qp38,historical,8.0,0-29,30,30,True,True,True,ee258bcc2b47885258f525e42b848eab21279fef91a917c17232be39155a4a84,frozen run_specs plus configuration-labelled raw_final records,SEA-seattle-5426595-0-0,1.2384744842133038,0,0,30.0,PASS,True,data/submission/raw_final.csv,False,242.0868086013943
Development,SEA-seattle-5426595-0-0|qp38,historical,10.0,0-29,30,30,True,True,True,ee258bcc2b47885258f525e42b848eab21279fef91a917c17232be39155a4a84,frozen run_specs plus configuration-labelled raw_final records,SEA-seattle-5426595-0-0,1.2384744842133038,0,0,30.0,PASS,True,data/submission/raw_final.csv,False,263.179524700623
Development,SEA-seattle-5426595-0-0|qp38,historical,11.0,0-29,30,30,True,True,True,ee258bcc2b47885258f525e42b848eab21279fef91a917c17232be39155a4a84,frozen run_specs plus configuration-labelled raw_final records,SEA-seattle-5426595-0-0,1.2384744842133038,0,0,29.0,PASS,True,data/submission/raw_final.csv,False,243.2136809004005
Development,SEA-seattle-5426595-0-0|qp38,historical,12.0,0-29,30,30,True,True,True,ee258bcc2b47885258f525e42b848eab21279fef91a917c17232be39155a4a84,frozen run_specs plus configuration-labelled raw_final records,SEA-seattle-5426595-0-0,1.2384744842133038,0,0,26.0,FAIL,True,data/submission/raw_final.csv,False,280.3692048997618
Development,SEA-seattle-5426595-0-0|qp38,historical,15.0,0-29,30,30,True,True,True,ee258bcc2b47885258f525e42b848eab21279fef91a917c17232be39155a4a84,frozen run_specs plus configuration-labelled raw_final records,SEA-seattle-5426595-0-0,1.2384744842133038,0,0,16.0,FAIL,True,data/submission/raw_final.csv,False,341.1478612998035
Development,SEA-seattle-5426595-0-0|qp38,historical,18.0,0-29,30,30,True,True,True,ee258bcc2b47885258f525e42b848eab21279fef91a917c17232be39155a4a84,frozen run_specs plus configuration-labelled raw_final records,SEA-seattle-5426595-0-0,1.2384744842133038,0,0,2.0,FAIL,True,data/submission/raw_final.csv,False,678.0691902998369
Development,SEA-seattle-5426595-0-0|qp64,historical,0.0,0-29,30,30,True,True,False,,no preserved run_spec,SEA-seattle-5426595-0-0,,0,0,,MISSING_CONFIGURATION_PROOF,False,data/submission/raw_final.csv,False,358.3485010000877
Development,SEA-seattle-5426595-0-0|qp64,historical,1.0,0-29,30,30,True,True,False,,no preserved run_spec,SEA-seattle-5426595-0-0,,0,0,,MISSING_CONFIGURATION_PROOF,False,data/submission/raw_final.csv,False,320.80334800085984
Development,SEA-seattle-5426595-0-0|qp64,historical,2.0,0-29,30,30,True,True,False,,no preserved run_spec,SEA-seattle-5426595-0-0,,0,0,,MISSING_CONFIGURATION_PROOF,False,data/submission/raw_final.csv,False,342.1566275001969
Development,SEA-seattle-5426595-0-0|qp64,historical,3.0,0-29,30,30,True,True,False,,no preserved run_spec,SEA-seattle-5426595-0-0,,0,0,,MISSING_CONFIGURATION_PROOF,False,data/submission/raw_final.csv,False,364.0685329993721
Development,SEA-seattle-5426595-0-0|qp64,historical,4.0,0-29,30,30,True,True,False,,no preserved run_spec,SEA-seattle-5426595-0-0,,0,0,,MISSING_CONFIGURATION_PROOF,False,data/submission/raw_final.csv,False,615.973880500067
Development,SEA-seattle-5432169-0-1|qp20,historical,0.0,0-29,30,30,True,True,True,23044bfa9c98732378bf8ce455b0ed61fbc5a1a2a0e053193d332546efe98296,frozen run_specs plus configuration-labelled raw_final records,SEA-seattle-5432169-0-1,1.2500199403288128,0,0,30.0,PASS,True,data/submission/raw_final.csv,False,127.36028600018471
Development,SEA-seattle-5432169-0-1|qp20,historical,1.0,0-29,30,30,True,True,True,23044bfa9c98732378bf8ce455b0ed61fbc5a1a2a0e053193d332546efe98296,frozen run_specs plus configuration-labelled raw_final records,SEA-seattle-5432169-0-1,1.2500199403288128,0,0,30.0,PASS,True,data/submission/raw_final.csv,False,123.31614069989882
Development,SEA-seattle-5432169-0-1|qp20,historical,2.0,0-29,30,30,True,True,True,23044bfa9c98732378bf8ce455b0ed61fbc5a1a2a0e053193d332546efe98296,frozen run_specs plus configuration-labelled raw_final records,SEA-seattle-5432169-0-1,1.2500199403288128,0,0,30.0,PASS,True,data/submission/raw_final.csv,False,124.28190749883652
Development,SEA-seattle-5432169-0-1|qp20,historical,3.0,0-29,30,30,True,True,True,23044bfa9c98732378bf8ce455b0ed61fbc5a1a2a0e053193d332546efe98296,frozen run_specs plus configuration-labelled raw_final records,SEA-seattle-5432169-0-1,1.2500199403288128,0,0,30.0,PASS,True,data/submission/raw_final.csv,False,128.77721510035917
Development,SEA-seattle-5432169-0-1|qp20,historical,4.0,0-29,30,30,True,True,True,23044bfa9c98732378bf8ce455b0ed61fbc5a1a2a0e053193d332546efe98296,frozen run_specs plus configuration-labelled raw_final records,SEA-seattle-5432169-0-1,1.2500199403288128,0,0,30.0,PASS,True,data/submission/raw_final.csv,False,138.66163160046565
Development,SEA-seattle-5432169-0-1|qp20,historical,5.0,0-29,30,30,True,True,True,23044bfa9c98732378bf8ce455b0ed61fbc5a1a2a0e053193d332546efe98296,frozen run_specs plus configuration-labelled raw_final records,SEA-seattle-5432169-0-1,1.2500199403288128,0,0,29.0,PASS,True,data/submission/raw_final.csv,False,130.86446400010027
Development,SEA-seattle-5432169-0-1|qp20,historical,6.0,0-29,30,30,True,True,True,23044bfa9c98732378bf8ce455b0ed61fbc5a1a2a0e053193d332546efe98296,frozen run_specs plus configuration-labelled raw_final records,SEA-seattle-5432169-0-1,1.2500199403288128,0,0,25.0,FAIL,True,data/submission/raw_final.csv,False,151.30014189938083
Development,SEA-seattle-5432169-0-1|qp20,historical,8.0,0-29,30,30,True,True,True,23044bfa9c98732378bf8ce455b0ed61fbc5a1a2a0e053193d332546efe98296,frozen run_specs plus configuration-labelled raw_final records,SEA-seattle-5432169-0-1,1.2500199403288128,0,0,4.0,FAIL,True,data/submission/raw_final.csv,False,175.05239250091836
Development,SEA-seattle-5432169-0-1|qp8,historical,0.0,0-29,30,30,True,True,True,48191f39d9f4b0e22cb114e0bc9f16b5a21cc95e5d5584b71e99a2968c23f470,frozen run_specs plus configuration-labelled raw_final records,SEA-seattle-5432169-0-1,1.3156969484752326,0,0,30.0,PASS,True,data/submission/raw_final.csv,False,67.45856349985115
Development,SEA-seattle-5432169-0-1|qp8,historical,1.0,0-29,30,30,True,True,True,48191f39d9f4b0e22cb114e0bc9f16b5a21cc95e5d5584b71e99a2968c23f470,frozen run_specs plus configuration-labelled raw_final records,SEA-seattle-5432169-0-1,1.3156969484752326,0,0,30.0,PASS,True,data/submission/raw_final.csv,False,67.94401709991507
Development,SEA-seattle-5432169-0-1|qp8,historical,2.0,0-29,30,30,True,True,True,48191f39d9f4b0e22cb114e0bc9f16b5a21cc95e5d5584b71e99a2968c23f470,frozen run_specs plus configuration-labelled raw_final records,SEA-seattle-5432169-0-1,1.3156969484752326,0,0,30.0,PASS,True,data/submission/raw_final.csv,False,71.98863150016405
Development,SEA-seattle-5432169-0-1|qp8,historical,3.0,0-29,30,30,True,True,True,48191f39d9f4b0e22cb114e0bc9f16b5a21cc95e5d5584b71e99a2968c23f470,frozen run_specs plus configuration-labelled raw_final records,SEA-seattle-5432169-0-1,1.3156969484752326,0,0,30.0,PASS,True,data/submission/raw_final.csv,False,73.72004800057039
Development,SEA-seattle-5432169-0-1|qp8,historical,4.0,0-29,30,30,True,True,True,48191f39d9f4b0e22cb114e0bc9f16b5a21cc95e5d5584b71e99a2968c23f470,frozen run_specs plus configuration-labelled raw_final records,SEA-seattle-5432169-0-1,1.3156969484752326,0,0,30.0,PASS,True,data/submission/raw_final.csv,False,83.39305870048702
Development,SEA-seattle-5432169-0-1|qp8,historical,5.0,0-29,30,30,True,True,True,48191f39d9f4b0e22cb114e0bc9f16b5a21cc95e5d5584b71e99a2968c23f470,frozen run_specs plus configuration-labelled raw_final records,SEA-seattle-5432169-0-1,1.3156969484752326,0,0,30.0,PASS,True,data/submission/raw_final.csv,False,82.72577990079299
Development,SEA-seattle-5432169-0-1|qp8,historical,6.0,0-29,30,30,True,True,True,48191f39d9f4b0e22cb114e0bc9f16b5a21cc95e5d5584b71e99a2968c23f470,frozen run_specs plus configuration-labelled raw_final records,SEA-seattle-5432169-0-1,1.3156969484752326,0,0,30.0,PASS,True,data/submission/raw_final.csv,False,82.69035780057311
Development,SEA-seattle-5432169-0-1|qp8,historical,7.0,0-29,30,30,True,True,True,48191f39d9f4b0e22cb114e0bc9f16b5a21cc95e5d5584b71e99a2968c23f470,frozen run_specs plus configuration-labelled raw_final records,SEA-seattle-5432169-0-1,1.3156969484752326,0,0,28.0,FAIL,True,data/submission/raw_final.csv,False,90.94341329997404
Development,SEA-seattle-5432169-0-1|qp8,historical,8.0,0-29,30,30,True,True,True,48191f39d9f4b0e22cb114e0bc9f16b5a21cc95e5d5584b71e99a2968c23f470,frozen run_specs plus configuration-labelled raw_final records,SEA-seattle-5432169-0-1,1.3156969484752326,0,0,28.0,FAIL,True,data/submission/raw_final.csv,False,102.67138979933225
Development,SEA-seattle-5432169-0-1|qp8,historical,10.0,0-29,30,30,True,True,True,48191f39d9f4b0e22cb114e0bc9f16b5a21cc95e5d5584b71e99a2968c23f470,frozen run_specs plus configuration-labelled raw_final records,SEA-seattle-5432169-0-1,1.3156969484752326,0,0,17.0,FAIL,True,data/submission/raw_final.csv,False,109.31163860089146
Development,SEA-seattle-5432169-0-1|qp8,historical,12.0,0-29,30,30,True,True,True,48191f39d9f4b0e22cb114e0bc9f16b5a21cc95e5d5584b71e99a2968c23f470,frozen run_specs plus configuration-labelled raw_final records,SEA-seattle-5432169-0-1,1.3156969484752326,0,0,17.0,FAIL,True,data/submission/raw_final.csv,False,127.46690810029396
Development,SEA-seattle-5433778-0-0|qp22,historical,0.0,0-29,30,30,True,True,True,b8a0b55dff82e4fe7cc33c651d91324dc580efadabe3617ea6836f894c8eed6e,frozen run_specs plus configuration-labelled raw_final records,SEA-seattle-5433778-0-0,1.2373757063538755,0,0,30.0,PASS,True,data/submission/raw_final.csv,False,136.31796700018458
Development,SEA-seattle-5433778-0-0|qp22,historical,1.0,0-29,30,30,True,True,True,b8a0b55dff82e4fe7cc33c651d91324dc580efadabe3617ea6836f894c8eed6e,frozen run_specs plus configuration-labelled raw_final records,SEA-seattle-5433778-0-0,1.2373757063538755,0,0,30.0,PASS,True,data/submission/raw_final.csv,False,134.17252579936758
Development,SEA-seattle-5433778-0-0|qp22,historical,2.0,0-29,30,30,True,True,True,b8a0b55dff82e4fe7cc33c651d91324dc580efadabe3617ea6836f894c8eed6e,frozen run_specs plus configuration-labelled raw_final records,SEA-seattle-5433778-0-0,1.2373757063538755,0,0,30.0,PASS,True,data/submission/raw_final.csv,False,137.16477119922638
Development,SEA-seattle-5433778-0-0|qp22,historical,3.0,0-29,30,30,True,True,True,b8a0b55dff82e4fe7cc33c651d91324dc580efadabe3617ea6836f894c8eed6e,frozen run_specs plus configuration-labelled raw_final records,SEA-seattle-5433778-0-0,1.2373757063538755,0,0,30.0,PASS,True,data/submission/raw_final.csv,False,139.60000220034271
Development,SEA-seattle-5433778-0-0|qp22,historical,4.0,0-29,30,30,True,True,True,b8a0b55dff82e4fe7cc33c651d91324dc580efadabe3617ea6836f894c8eed6e,frozen run_specs plus configuration-labelled raw_final records,SEA-seattle-5433778-0-0,1.2373757063538755,0,0,30.0,PASS,True,data/submission/raw_final.csv,False,145.20649869996123
Development,SEA-seattle-5433778-0-0|qp22,historical,5.0,0-29,30,30,True,True,True,b8a0b55dff82e4fe7cc33c651d91324dc580efadabe3617ea6836f894c8eed6e,frozen run_specs plus configuration-labelled raw_final records,SEA-seattle-5433778-0-0,1.2373757063538755,0,0,29.0,PASS,True,data/submission/raw_final.csv,False,185.1564156000968
Development,SEA-seattle-5433778-0-0|qp22,historical,6.0,0-29,30,30,True,True,True,b8a0b55dff82e4fe7cc33c651d91324dc580efadabe3617ea6836f894c8eed6e,frozen run_specs plus configuration-labelled raw_final records,SEA-seattle-5433778-0-0,1.2373757063538755,0,0,25.0,FAIL,True,data/submission/raw_final.csv,False,144.776532799704
Development,SEA-seattle-5433778-0-0|qp22,historical,8.0,0-29,30,30,True,True,True,b8a0b55dff82e4fe7cc33c651d91324dc580efadabe3617ea6836f894c8eed6e,frozen run_specs plus configuration-labelled raw_final records,SEA-seattle-5433778-0-0,1.2373757063538755,0,0,16.0,FAIL,True,data/submission/raw_final.csv,False,178.58524679904804
Development,SEA-seattle-5433778-0-0|qp9,historical,0.0,0-29,30,30,True,True,True,1b25956310de259a9d409ae932209630b49a6b69841bcccb0f6ebc317f834ca6,frozen run_specs plus configuration-labelled raw_final records,SEA-seattle-5433778-0-0,1.3135326466367698,0,0,30.0,PASS,True,data/submission/raw_final.csv,False,78.54045839980245
Development,SEA-seattle-5433778-0-0|qp9,historical,1.0,0-29,30,30,True,True,True,1b25956310de259a9d409ae932209630b49a6b69841bcccb0f6ebc317f834ca6,frozen run_specs plus configuration-labelled raw_final records,SEA-seattle-5433778-0-0,1.3135326466367698,0,0,30.0,PASS,True,data/submission/raw_final.csv,False,69.46124889981002
Development,SEA-seattle-5433778-0-0|qp9,historical,2.0,0-29,30,30,True,True,True,1b25956310de259a9d409ae932209630b49a6b69841bcccb0f6ebc317f834ca6,frozen run_specs plus configuration-labelled raw_final records,SEA-seattle-5433778-0-0,1.3135326466367698,0,0,30.0,PASS,True,data/submission/raw_final.csv,False,74.12401549960487
Development,SEA-seattle-5433778-0-0|qp9,historical,3.0,0-29,30,30,True,True,True,1b25956310de259a9d409ae932209630b49a6b69841bcccb0f6ebc317f834ca6,frozen run_specs plus configuration-labelled raw_final records,SEA-seattle-5433778-0-0,1.3135326466367698,0,0,30.0,PASS,True,data/submission/raw_final.csv,False,76.61637720046565
Development,SEA-seattle-5433778-0-0|qp9,historical,4.0,0-29,30,30,True,True,True,1b25956310de259a9d409ae932209630b49a6b69841bcccb0f6ebc317f834ca6,frozen run_specs plus configuration-labelled raw_final records,SEA-seattle-5433778-0-0,1.3135326466367698,0,0,30.0,PASS,True,data/submission/raw_final.csv,False,76.45485300035216
Development,SEA-seattle-5433778-0-0|qp9,historical,5.0,0-29,30,30,True,True,True,1b25956310de259a9d409ae932209630b49a6b69841bcccb0f6ebc317f834ca6,frozen run_specs plus configuration-labelled raw_final records,SEA-seattle-5433778-0-0,1.3135326466367698,0,0,30.0,PASS,True,data/submission/raw_final.csv,False,96.0539881994482
Development,SEA-seattle-5433778-0-0|qp9,historical,6.0,0-29,30,30,True,True,True,1b25956310de259a9d409ae932209630b49a6b69841bcccb0f6ebc317f834ca6,frozen run_specs plus configuration-labelled raw_final records,SEA-seattle-5433778-0-0,1.3135326466367698,0,0,29.0,PASS,True,data/submission/raw_final.csv,False,89.73540440038778
Development,SEA-seattle-5433778-0-0|qp9,historical,7.0,0-29,30,30,True,True,True,1b25956310de259a9d409ae932209630b49a6b69841bcccb0f6ebc317f834ca6,frozen run_specs plus configuration-labelled raw_final records,SEA-seattle-5433778-0-0,1.3135326466367698,0,0,30.0,PASS,True,data/submission/raw_final.csv,False,92.75763639924116
Development,SEA-seattle-5433778-0-0|qp9,historical,8.0,0-29,30,30,True,True,True,1b25956310de259a9d409ae932209630b49a6b69841bcccb0f6ebc317f834ca6,frozen run_specs plus configuration-labelled raw_final records,SEA-seattle-5433778-0-0,1.3135326466367698,0,0,28.0,FAIL,True,data/submission/raw_final.csv,False,109.67449319991285
Development,SEA-seattle-5433778-0-0|qp9,historical,10.0,0-29,30,30,True,True,True,1b25956310de259a9d409ae932209630b49a6b69841bcccb0f6ebc317f834ca6,frozen run_specs plus configuration-labelled raw_final records,SEA-seattle-5433778-0-0,1.3135326466367698,0,0,25.0,FAIL,True,data/submission/raw_final.csv,False,110.61264579975978
Development,SEA-seattle-5433778-0-0|qp9,historical,12.0,0-29,30,30,True,True,True,1b25956310de259a9d409ae932209630b49a6b69841bcccb0f6ebc317f834ca6,frozen run_specs plus configuration-labelled raw_final records,SEA-seattle-5433778-0-0,1.3135326466367698,0,0,24.0,FAIL,True,data/submission/raw_final.csv,False,123.06046049995348
Development,SEA-seattle-5433778-0-0|qp9,historical,15.0,0-29,30,30,True,True,True,1b25956310de259a9d409ae932209630b49a6b69841bcccb0f6ebc317f834ca6,frozen run_specs plus configuration-labelled raw_final records,SEA-seattle-5433778-0-0,1.3135326466367698,0,0,14.0,FAIL,True,data/submission/raw_final.csv,False,146.2237598998472
Development,SEA-seattle-5434873-0-0|qp37,historical,0.0,0-29,30,30,True,True,True,86990fdf477dde75bd1eb0b01d73ed2babd2a8d1c4a2d86f611ebe1b8705718d,frozen run_specs plus configuration-labelled raw_final records,SEA-seattle-5434873-0-0,1.2322751330031665,0,0,30.0,PASS,True,data/submission/raw_final.csv,False,201.8637777008116
Development,SEA-seattle-5434873-0-0|qp37,historical,1.0,0-29,30,30,True,True,True,86990fdf477dde75bd1eb0b01d73ed2babd2a8d1c4a2d86f611ebe1b8705718d,frozen run_specs plus configuration-labelled raw_final records,SEA-seattle-5434873-0-0,1.2322751330031665,0,0,30.0,PASS,True,data/submission/raw_final.csv,False,211.00033910037016
Development,SEA-seattle-5434873-0-0|qp37,historical,2.0,0-29,30,30,True,True,True,86990fdf477dde75bd1eb0b01d73ed2babd2a8d1c4a2d86f611ebe1b8705718d,frozen run_specs plus configuration-labelled raw_final records,SEA-seattle-5434873-0-0,1.2322751330031665,0,0,30.0,PASS,True,data/submission/raw_final.csv,False,205.9800472992938
Development,SEA-seattle-5434873-0-0|qp37,historical,3.0,0-29,30,30,True,True,True,86990fdf477dde75bd1eb0b01d73ed2babd2a8d1c4a2d86f611ebe1b8705718d,frozen run_specs plus configuration-labelled raw_final records,SEA-seattle-5434873-0-0,1.2322751330031665,0,0,30.0,PASS,True,data/submission/raw_final.csv,False,210.16573319979943
Development,SEA-seattle-5434873-0-0|qp37,historical,4.0,0-29,30,30,True,True,True,86990fdf477dde75bd1eb0b01d73ed2babd2a8d1c4a2d86f611ebe1b8705718d,frozen run_specs plus configuration-labelled raw_final records,SEA-seattle-5434873-0-0,1.2322751330031665,0,0,30.0,PASS,True,data/submission/raw_final.csv,False,201.8807860990055
Development,SEA-seattle-5434873-0-0|qp37,historical,5.0,0-29,30,30,True,True,True,86990fdf477dde75bd1eb0b01d73ed2babd2a8d1c4a2d86f611ebe1b8705718d,frozen run_specs plus configuration-labelled raw_final records,SEA-seattle-5434873-0-0,1.2322751330031665,0,0,30.0,PASS,True,data/submission/raw_final.csv,False,262.37996850023046
Development,SEA-seattle-5434873-0-0|qp37,historical,6.0,0-29,30,30,True,True,True,86990fdf477dde75bd1eb0b01d73ed2babd2a8d1c4a2d86f611ebe1b8705718d,frozen run_specs plus configuration-labelled raw_final records,SEA-seattle-5434873-0-0,1.2322751330031665,0,0,30.0,PASS,True,data/submission/raw_final.csv,False,220.92537770071067
Development,SEA-seattle-5434873-0-0|qp37,historical,8.0,0-29,30,30,True,True,True,86990fdf477dde75bd1eb0b01d73ed2babd2a8d1c4a2d86f611ebe1b8705718d,frozen run_specs plus configuration-labelled raw_final records,SEA-seattle-5434873-0-0,1.2322751330031665,0,0,30.0,PASS,True,data/submission/raw_final.csv,False,255.35667639947496
Development,SEA-seattle-5434873-0-0|qp37,historical,10.0,0-29,30,30,True,True,True,86990fdf477dde75bd1eb0b01d73ed2babd2a8d1c4a2d86f611ebe1b8705718d,frozen run_specs plus configuration-labelled raw_final records,SEA-seattle-5434873-0-0,1.2322751330031665,0,0,29.0,PASS,True,data/submission/raw_final.csv,False,245.1562102006283
Development,SEA-seattle-5434873-0-0|qp37,historical,11.0,0-29,30,30,True,True,True,86990fdf477dde75bd1eb0b01d73ed2babd2a8d1c4a2d86f611ebe1b8705718d,frozen run_specs plus configuration-labelled raw_final records,SEA-seattle-5434873-0-0,1.2322751330031665,0,0,28.0,FAIL,True,data/submission/raw_final.csv,False,258.7570718000643
Development,SEA-seattle-5434873-0-0|qp37,historical,12.0,0-29,30,30,True,True,True,86990fdf477dde75bd1eb0b01d73ed2babd2a8d1c4a2d86f611ebe1b8705718d,frozen run_specs plus configuration-labelled raw_final records,SEA-seattle-5434873-0-0,1.2322751330031665,0,0,26.0,FAIL,True,data/submission/raw_final.csv,False,285.9111878008116
Development,SEA-seattle-5434873-0-0|qp37,historical,15.0,0-29,30,30,True,True,True,86990fdf477dde75bd1eb0b01d73ed2babd2a8d1c4a2d86f611ebe1b8705718d,frozen run_specs plus configuration-labelled raw_final records,SEA-seattle-5434873-0-0,1.2322751330031665,0,0,11.0,FAIL,True,data/submission/raw_final.csv,False,307.9032697000075
Development,SEA-seattle-5434873-0-0|qp61,historical,0.0,0-29,30,30,True,True,False,,no preserved run_spec,SEA-seattle-5434873-0-0,,0,0,,MISSING_CONFIGURATION_PROOF,False,data/submission/raw_final.csv,False,317.1164836003445
Development,SEA-seattle-5434873-0-0|qp61,historical,1.0,0-29,30,30,True,True,False,,no preserved run_spec,SEA-seattle-5434873-0-0,,0,0,,MISSING_CONFIGURATION_PROOF,False,data/submission/raw_final.csv,False,388.30978389969096
Development,SEA-seattle-5434873-0-0|qp61,historical,2.0,0-29,30,30,True,True,False,,no preserved run_spec,SEA-seattle-5434873-0-0,,0,0,,MISSING_CONFIGURATION_PROOF,False,data/submission/raw_final.csv,False,370.4620242998935
Development,SEA-seattle-5434873-0-0|qp61,historical,3.0,0-29,30,30,True,True,False,,no preserved run_spec,SEA-seattle-5434873-0-0,,0,0,,MISSING_CONFIGURATION_PROOF,False,data/submission/raw_final.csv,False,399.9818827998824
Development,SEA-seattle-5434873-0-0|qp61,historical,4.0,0-29,30,30,True,True,False,,no preserved run_spec,SEA-seattle-5434873-0-0,,0,0,,MISSING_CONFIGURATION_PROOF,False,data/submission/raw_final.csv,False,560.5121052996255
Development,SEA-seattle-5438086-0-1|qp22,historical,0.0,0-29,30,30,True,True,True,15177dacd9ec2d75969ac0d746edc438a21c9e6414e61d3224254c9442840e12,frozen run_specs plus configuration-labelled raw_final records,SEA-seattle-5438086-0-1,1.2411326648047232,0,0,30.0,PASS,True,data/submission/raw_final.csv,False,131.8118690997362
Development,SEA-seattle-5438086-0-1|qp22,historical,1.0,0-29,30,30,True,True,True,15177dacd9ec2d75969ac0d746edc438a21c9e6414e61d3224254c9442840e12,frozen run_specs plus configuration-labelled raw_final records,SEA-seattle-5438086-0-1,1.2411326648047232,0,0,30.0,PASS,True,data/submission/raw_final.csv,False,141.49764329986647
Development,SEA-seattle-5438086-0-1|qp22,historical,2.0,0-29,30,30,True,True,True,15177dacd9ec2d75969ac0d746edc438a21c9e6414e61d3224254c9442840e12,frozen run_specs plus configuration-labelled raw_final records,SEA-seattle-5438086-0-1,1.2411326648047232,0,0,30.0,PASS,True,data/submission/raw_final.csv,False,145.84471049974672
Development,SEA-seattle-5438086-0-1|qp22,historical,3.0,0-29,30,30,True,True,True,15177dacd9ec2d75969ac0d746edc438a21c9e6414e61d3224254c9442840e12,frozen run_specs plus configuration-labelled raw_final records,SEA-seattle-5438086-0-1,1.2411326648047232,0,0,30.0,PASS,True,data/submission/raw_final.csv,False,150.38108119927347
Development,SEA-seattle-5438086-0-1|qp22,historical,4.0,0-29,30,30,True,True,True,15177dacd9ec2d75969ac0d746edc438a21c9e6414e61d3224254c9442840e12,frozen run_specs plus configuration-labelled raw_final records,SEA-seattle-5438086-0-1,1.2411326648047232,0,0,30.0,PASS,True,data/submission/raw_final.csv,False,154.83972849952988
Development,SEA-seattle-5438086-0-1|qp22,historical,5.0,0-29,30,30,True,True,True,15177dacd9ec2d75969ac0d746edc438a21c9e6414e61d3224254c9442840e12,frozen run_specs plus configuration-labelled raw_final records,SEA-seattle-5438086-0-1,1.2411326648047232,0,0,28.0,FAIL,True,data/submission/raw_final.csv,False,176.0592666999437
Development,SEA-seattle-5438086-0-1|qp22,historical,6.0,0-29,30,30,True,True,True,15177dacd9ec2d75969ac0d746edc438a21c9e6414e61d3224254c9442840e12,frozen run_specs plus configuration-labelled raw_final records,SEA-seattle-5438086-0-1,1.2411326648047232,0,0,28.0,FAIL,True,data/submission/raw_final.csv,False,178.74817500053905
Development,SEA-seattle-5438086-0-1|qp9,historical,0.0,0-29,30,30,True,True,True,79e9b3ea1c5226232e7db9bb4692d1c91edb5c503f50fb6fdad75dc7281f7772,frozen run_specs plus configuration-labelled raw_final records,SEA-seattle-5438086-0-1,1.320860928760499,0,0,30.0,PASS,True,data/submission/raw_final.csv,False,82.75702299992554
Development,SEA-seattle-5438086-0-1|qp9,historical,0.0,10000-10029,30,30,True,True,True,79e9b3ea1c5226232e7db9bb4692d1c91edb5c503f50fb6fdad75dc7281f7772,frozen run_specs plus configuration-labelled raw_final records,SEA-seattle-5438086-0-1,1.3136828376488234,0,0,30.0,PASS,True,new package,True,36.57268749998184
Development,SEA-seattle-5438086-0-1|qp9,historical,1.0,0-29,30,30,True,True,True,79e9b3ea1c5226232e7db9bb4692d1c91edb5c503f50fb6fdad75dc7281f7772,frozen run_specs plus configuration-labelled raw_final records,SEA-seattle-5438086-0-1,1.320860928760499,0,0,30.0,PASS,True,data/submission/raw_final.csv,False,79.40227740048431
Development,SEA-seattle-5438086-0-1|qp9,historical,2.0,0-29,30,30,True,True,True,79e9b3ea1c5226232e7db9bb4692d1c91edb5c503f50fb6fdad75dc7281f7772,frozen run_specs plus configuration-labelled raw_final records,SEA-seattle-5438086-0-1,1.320860928760499,0,0,30.0,PASS,True,data/submission/raw_final.csv,False,84.81229539983906
Development,SEA-seattle-5438086-0-1|qp9,historical,3.0,0-29,30,30,True,True,True,79e9b3ea1c5226232e7db9bb4692d1c91edb5c503f50fb6fdad75dc7281f7772,frozen run_specs plus configuration-labelled raw_final records,SEA-seattle-5438086-0-1,1.320860928760499,0,0,30.0,PASS,True,data/submission/raw_final.csv,False,85.9613457985688
Development,SEA-seattle-5438086-0-1|qp9,historical,4.0,0-29,30,30,True,True,True,79e9b3ea1c5226232e7db9bb4692d1c91edb5c503f50fb6fdad75dc7281f7772,frozen run_specs plus configuration-labelled raw_final records,SEA-seattle-5438086-0-1,1.320860928760499,0,0,30.0,PASS,True,data/submission/raw_final.csv,False,90.97950409934856
Development,SEA-seattle-5438086-0-1|qp9,historical,5.0,0-29,30,30,True,True,True,79e9b3ea1c5226232e7db9bb4692d1c91edb5c503f50fb6fdad75dc7281f7772,frozen run_specs plus configuration-labelled raw_final records,SEA-seattle-5438086-0-1,1.320860928760499,0,0,30.0,PASS,True,data/submission/raw_final.csv,False,94.48059759987518
Development,SEA-seattle-5438086-0-1|qp9,historical,6.0,0-29,30,30,True,True,True,79e9b3ea1c5226232e7db9bb4692d1c91edb5c503f50fb6fdad75dc7281f7772,frozen run_specs plus configuration-labelled raw_final records,SEA-seattle-5438086-0-1,1.320860928760499,0,0,29.0,PASS,True,data/submission/raw_final.csv,False,99.82968039950356
Development,SEA-seattle-5438086-0-1|qp9,historical,6.0,10000-10029,30,30,True,True,True,79e9b3ea1c5226232e7db9bb4692d1c91edb5c503f50fb6fdad75dc7281f7772,frozen run_specs plus configuration-labelled raw_final records,SEA-seattle-5438086-0-1,1.3136828376488234,0,0,30.0,PASS,True,new package,True,54.267023399996106
Development,SEA-seattle-5438086-0-1|qp9,historical,7.0,0-29,30,30,True,True,True,79e9b3ea1c5226232e7db9bb4692d1c91edb5c503f50fb6fdad75dc7281f7772,frozen run_specs plus configuration-labelled raw_final records,SEA-seattle-5438086-0-1,1.320860928760499,0,0,30.0,PASS,True,data/submission/raw_final.csv,False,67.5769999998156
Development,SEA-seattle-5438086-0-1|qp9,historical,8.0,0-29,30,30,True,True,True,79e9b3ea1c5226232e7db9bb4692d1c91edb5c503f50fb6fdad75dc7281f7772,frozen run_specs plus configuration-labelled raw_final records,SEA-seattle-5438086-0-1,1.320860928760499,0,0,29.0,PASS,True,data/submission/raw_final.csv,False,101.3607982005924
Development,SEA-seattle-5438086-0-1|qp9,historical,8.0,10000-10029,30,30,True,True,True,79e9b3ea1c5226232e7db9bb4692d1c91edb5c503f50fb6fdad75dc7281f7772,frozen run_specs plus configuration-labelled raw_final records,SEA-seattle-5438086-0-1,1.3136828376488234,0,0,28.0,FAIL,True,new package,True,61.69213540008059
Development,SEA-seattle-5438086-0-1|qp9,historical,10.0,0-29,30,30,True,True,True,79e9b3ea1c5226232e7db9bb4692d1c91edb5c503f50fb6fdad75dc7281f7772,frozen run_specs plus configuration-labelled raw_final records,SEA-seattle-5438086-0-1,1.320860928760499,0,0,29.0,PASS,True,data/submission/raw_final.csv,False,106.28123560058884
Development,SEA-seattle-5438086-0-1|qp9,historical,11.0,0-29,30,30,True,True,True,79e9b3ea1c5226232e7db9bb4692d1c91edb5c503f50fb6fdad75dc7281f7772,frozen run_specs plus configuration-labelled raw_final records,SEA-seattle-5438086-0-1,1.320860928760499,0,0,26.0,FAIL,True,data/submission/raw_final.csv,False,109.89008340029976
Development,SEA-seattle-5438086-0-1|qp9,historical,12.0,0-29,30,30,True,True,True,79e9b3ea1c5226232e7db9bb4692d1c91edb5c503f50fb6fdad75dc7281f7772,frozen run_specs plus configuration-labelled raw_final records,SEA-seattle-5438086-0-1,1.320860928760499,0,0,23.0,FAIL,True,data/submission/raw_final.csv,False,118.74570850026794
Development,SEA-seattle-5438086-0-1|qp9,historical,15.0,0-29,30,30,True,True,True,79e9b3ea1c5226232e7db9bb4692d1c91edb5c503f50fb6fdad75dc7281f7772,frozen run_specs plus configuration-labelled raw_final records,SEA-seattle-5438086-0-1,1.320860928760499,0,0,13.0,FAIL,True,data/submission/raw_final.csv,False,135.80863640015014
Development,SEA-seattle-5439807-0-1|qp18,historical,0.0,0-29,30,30,True,True,False,,no preserved run_spec,SEA-seattle-5439807-0-1,,0,0,,MISSING_CONFIGURATION_PROOF,False,data/submission/raw_final.csv,False,110.93873929977416
Development,SEA-seattle-5439807-0-1|qp18,historical,1.0,0-29,30,30,True,True,False,,no preserved run_spec,SEA-seattle-5439807-0-1,,0,0,,MISSING_CONFIGURATION_PROOF,False,data/submission/raw_final.csv,False,513.9374899980612
Development,SEA-seattle-5439807-0-1|qp8,historical,0.0,0-29,30,30,True,True,False,,no preserved run_spec,SEA-seattle-5439807-0-1,,0,0,,MISSING_CONFIGURATION_PROOF,False,data/submission/raw_final.csv,False,81.30639589950442
Development,SEA-seattle-5439807-0-1|qp8,historical,1.0,0-29,30,30,True,True,False,,no preserved run_spec,SEA-seattle-5439807-0-1,,0,0,,MISSING_CONFIGURATION_PROOF,False,data/submission/raw_final.csv,False,133.0306674996391
Development,SEA-seattle-5441957-0-1|qp18,historical,0.0,0-29,30,30,True,True,False,,no preserved run_spec,SEA-seattle-5441957-0-1,,0,0,,MISSING_CONFIGURATION_PROOF,False,data/submission/raw_final.csv,False,119.97229319904
Development,SEA-seattle-5441957-0-1|qp18,historical,1.0,0-29,30,30,True,True,False,,no preserved run_spec,SEA-seattle-5441957-0-1,,0,0,,MISSING_CONFIGURATION_PROOF,False,data/submission/raw_final.csv,False,790.6008285991848
Development,SEA-seattle-5441957-0-1|qp29,historical,0.0,0-29,30,30,True,True,False,,no preserved run_spec,SEA-seattle-5441957-0-1,,0,0,,MISSING_CONFIGURATION_PROOF,False,data/submission/raw_final.csv,False,201.04563659941775
Development,SEA-seattle-5441957-0-1|qp29,historical,1.0,0-29,30,30,True,True,False,,no preserved run_spec,SEA-seattle-5441957-0-1,,0,0,,MISSING_CONFIGURATION_PROOF,False,data/submission/raw_final.csv,False,1084.9919783000369
Development,SEA-seattle-5442697-0-2|qp18,historical,0.0,0-29,30,30,True,True,False,,no preserved run_spec,SEA-seattle-5442697-0-2,,0,0,,MISSING_CONFIGURATION_PROOF,False,data/submission/raw_final.csv,False,121.15176479984076
Development,SEA-seattle-5442697-0-2|qp18,historical,1.0,0-29,30,30,True,True,False,,no preserved run_spec,SEA-seattle-5442697-0-2,,0,0,,MISSING_CONFIGURATION_PROOF,False,data/submission/raw_final.csv,False,432.4859174990561
Development,SEA-seattle-5442697-0-2|qp8,historical,0.0,0-29,30,30,True,True,False,,no preserved run_spec,SEA-seattle-5442697-0-2,,0,0,,MISSING_CONFIGURATION_PROOF,False,data/submission/raw_final.csv,False,76.47776939999312
Development,SEA-seattle-5442697-0-2|qp8,historical,1.0,0-29,30,30,True,True,False,,no preserved run_spec,SEA-seattle-5442697-0-2,,0,0,,MISSING_CONFIGURATION_PROOF,False,data/submission/raw_final.csv,False,100.21011380036362
Development,SEA-seattle-5445989-0-0|qp102,historical,0.0,0-29,30,30,True,True,False,,no preserved run_spec,SEA-seattle-5445989-0-0,,0,0,,MISSING_CONFIGURATION_PROOF,False,data/submission/raw_final.csv,False,753.1157374007162
Development,SEA-seattle-5445989-0-0|qp102,historical,1.0,0-29,30,30,True,True,False,,no preserved run_spec,SEA-seattle-5445989-0-0,,0,0,,MISSING_CONFIGURATION_PROOF,False,data/submission/raw_final.csv,False,729.0655486998148
Development,SEA-seattle-5445989-0-0|qp102,historical,2.0,0-29,30,30,True,True,False,,no preserved run_spec,SEA-seattle-5445989-0-0,,0,0,,MISSING_CONFIGURATION_PROOF,False,data/submission/raw_final.csv,False,642.0860999999568
Development,SEA-seattle-5445989-0-0|qp102,historical,3.0,0-29,30,30,True,True,False,,no preserved run_spec,SEA-seattle-5445989-0-0,,0,0,,MISSING_CONFIGURATION_PROOF,False,data/submission/raw_final.csv,False,634.9928005996626
Development,SEA-seattle-5445989-0-0|qp102,historical,4.0,0-29,30,30,True,True,False,,no preserved run_spec,SEA-seattle-5445989-0-0,,0,0,,MISSING_CONFIGURATION_PROOF,False,data/submission/raw_final.csv,False,656.6547514006961
Development,SEA-seattle-5445989-0-0|qp102,historical,5.0,0-29,30,30,True,True,False,,no preserved run_spec,SEA-seattle-5445989-0-0,,0,0,,MISSING_CONFIGURATION_PROOF,False,data/submission/raw_final.csv,False,650.7628143997863
Development,SEA-seattle-5445989-0-0|qp102,historical,6.0,0-29,30,30,True,True,False,,no preserved run_spec,SEA-seattle-5445989-0-0,,0,0,,MISSING_CONFIGURATION_PROOF,False,data/submission/raw_final.csv,False,704.5173551996704
Development,SEA-seattle-5445989-0-0|qp61,historical,0.0,0-29,30,30,True,True,False,,no preserved run_spec,SEA-seattle-5445989-0-0,,0,0,,MISSING_CONFIGURATION_PROOF,False,data/submission/raw_final.csv,False,401.1472284998745
Development,SEA-seattle-5445989-0-0|qp61,historical,1.0,0-29,30,30,True,True,False,,no preserved run_spec,SEA-seattle-5445989-0-0,,0,0,,MISSING_CONFIGURATION_PROOF,False,data/submission/raw_final.csv,False,370.7067555009853
Development,SEA-seattle-5445989-0-0|qp61,historical,2.0,0-29,30,30,True,True,False,,no preserved run_spec,SEA-seattle-5445989-0-0,,0,0,,MISSING_CONFIGURATION_PROOF,False,data/submission/raw_final.csv,False,349.5077543994412
Development,SEA-seattle-5445989-0-0|qp61,historical,3.0,0-29,30,30,True,True,False,,no preserved run_spec,SEA-seattle-5445989-0-0,,0,0,,MISSING_CONFIGURATION_PROOF,False,data/submission/raw_final.csv,False,343.65825530001894
Development,SEA-seattle-5445989-0-0|qp61,historical,4.0,0-29,30,30,True,True,False,,no preserved run_spec,SEA-seattle-5445989-0-0,,0,0,,MISSING_CONFIGURATION_PROOF,False,data/submission/raw_final.csv,False,346.2446804998908
Development,SEA-seattle-5445989-0-0|qp61,historical,5.0,0-29,30,30,True,True,False,,no preserved run_spec,SEA-seattle-5445989-0-0,,0,0,,MISSING_CONFIGURATION_PROOF,False,data/submission/raw_final.csv,False,329.52738059987314
Development,SEA-seattle-5445989-0-0|qp61,historical,6.0,0-29,30,30,True,True,False,,no preserved run_spec,SEA-seattle-5445989-0-0,,0,0,,MISSING_CONFIGURATION_PROOF,False,data/submission/raw_final.csv,False,384.89232070045546
Development,SEA-seattle-5445989-0-0|qp61,historical,7.0,0-29,30,30,True,True,False,,no preserved run_spec,SEA-seattle-5445989-0-0,,0,0,,MISSING_CONFIGURATION_PROOF,False,data/submission/raw_final.csv,False,384.2474373001605
Development,SEA-seattle-5445989-0-0|qp61,historical,8.0,0-29,30,30,True,True,False,,no preserved run_spec,SEA-seattle-5445989-0-0,,0,0,,MISSING_CONFIGURATION_PROOF,False,data/submission/raw_final.csv,False,389.5967633994296
Development,SEA-seattle-5445989-0-0|qp61,historical,10.0,0-29,30,30,True,True,False,,no preserved run_spec,SEA-seattle-5445989-0-0,,0,0,,MISSING_CONFIGURATION_PROOF,False,data/submission/raw_final.csv,False,400.5036076004617
Development,SEA-seattle-5445989-0-0|qp61,historical,12.0,0-29,30,30,True,True,False,,no preserved run_spec,SEA-seattle-5445989-0-0,,0,0,,MISSING_CONFIGURATION_PROOF,False,data/submission/raw_final.csv,False,452.2748535994906
Development,SEA-seattle-5449118-0-0|qp22,historical,0.0,0-29,30,30,True,True,True,9e9098eab634edc86756e68cad9cf49170ffff6a7bafff7a223fcdb96375a2b6,frozen run_specs plus configuration-labelled raw_final records,SEA-seattle-5449118-0-0,1.233443455735477,0,0,30.0,PASS,True,data/submission/raw_final.csv,False,127.19657900021411
Development,SEA-seattle-5449118-0-0|qp22,historical,1.0,0-29,30,30,True,True,True,9e9098eab634edc86756e68cad9cf49170ffff6a7bafff7a223fcdb96375a2b6,frozen run_specs plus configuration-labelled raw_final records,SEA-seattle-5449118-0-0,1.233443455735477,0,0,30.0,PASS,True,data/submission/raw_final.csv,False,126.56088319979608
Development,SEA-seattle-5449118-0-0|qp22,historical,2.0,0-29,30,30,True,True,True,9e9098eab634edc86756e68cad9cf49170ffff6a7bafff7a223fcdb96375a2b6,frozen run_specs plus configuration-labelled raw_final records,SEA-seattle-5449118-0-0,1.233443455735477,0,0,29.0,PASS,True,data/submission/raw_final.csv,False,144.48284559883177
Development,SEA-seattle-5449118-0-0|qp22,historical,3.0,0-29,30,30,True,True,True,9e9098eab634edc86756e68cad9cf49170ffff6a7bafff7a223fcdb96375a2b6,frozen run_specs plus configuration-labelled raw_final records,SEA-seattle-5449118-0-0,1.233443455735477,0,0,30.0,PASS,True,data/submission/raw_final.csv,False,144.25577770010568
Development,SEA-seattle-5449118-0-0|qp22,historical,4.0,0-29,30,30,True,True,True,9e9098eab634edc86756e68cad9cf49170ffff6a7bafff7a223fcdb96375a2b6,frozen run_specs plus configuration-labelled raw_final records,SEA-seattle-5449118-0-0,1.233443455735477,0,0,30.0,PASS,True,data/submission/raw_final.csv,False,146.6462942995131
Development,SEA-seattle-5449118-0-0|qp22,historical,5.0,0-29,30,30,True,True,True,9e9098eab634edc86756e68cad9cf49170ffff6a7bafff7a223fcdb96375a2b6,frozen run_specs plus configuration-labelled raw_final records,SEA-seattle-5449118-0-0,1.233443455735477,0,0,29.0,PASS,True,data/submission/raw_final.csv,False,163.36343569983728
Development,SEA-seattle-5449118-0-0|qp22,historical,6.0,0-29,30,30,True,True,True,9e9098eab634edc86756e68cad9cf49170ffff6a7bafff7a223fcdb96375a2b6,frozen run_specs plus configuration-labelled raw_final records,SEA-seattle-5449118-0-0,1.233443455735477,0,0,26.0,FAIL,True,data/submission/raw_final.csv,False,169.01852359971963
Development,SEA-seattle-5449118-0-0|qp22,historical,8.0,0-29,30,30,True,True,True,9e9098eab634edc86756e68cad9cf49170ffff6a7bafff7a223fcdb96375a2b6,frozen run_specs plus configuration-labelled raw_final records,SEA-seattle-5449118-0-0,1.233443455735477,0,0,15.0,FAIL,True,data/submission/raw_final.csv,False,194.3757204003632
Development,SEA-seattle-5449118-0-0|qp9,historical,0.0,0-29,30,30,True,True,True,86e7af12d7433f6dc3b7e2725fdf5608d172076a18ac47cb41f0ba6ec2429c01,frozen run_specs plus configuration-labelled raw_final records,SEA-seattle-5449118-0-0,1.3160075209542563,0,0,30.0,PASS,True,data/submission/raw_final.csv,False,76.80748770013452
Development,SEA-seattle-5449118-0-0|qp9,historical,1.0,0-29,30,30,True,True,True,86e7af12d7433f6dc3b7e2725fdf5608d172076a18ac47cb41f0ba6ec2429c01,frozen run_specs plus configuration-labelled raw_final records,SEA-seattle-5449118-0-0,1.3160075209542563,0,0,30.0,PASS,True,data/submission/raw_final.csv,False,64.48556800023653
Development,SEA-seattle-5449118-0-0|qp9,historical,2.0,0-29,30,30,True,True,True,86e7af12d7433f6dc3b7e2725fdf5608d172076a18ac47cb41f0ba6ec2429c01,frozen run_specs plus configuration-labelled raw_final records,SEA-seattle-5449118-0-0,1.3160075209542563,0,0,30.0,PASS,True,data/submission/raw_final.csv,False,77.32293779961765
Development,SEA-seattle-5449118-0-0|qp9,historical,3.0,0-29,30,30,True,True,True,86e7af12d7433f6dc3b7e2725fdf5608d172076a18ac47cb41f0ba6ec2429c01,frozen run_specs plus configuration-labelled raw_final records,SEA-seattle-5449118-0-0,1.3160075209542563,0,0,30.0,PASS,True,data/submission/raw_final.csv,False,76.38902969961055
Development,SEA-seattle-5449118-0-0|qp9,historical,4.0,0-29,30,30,True,True,True,86e7af12d7433f6dc3b7e2725fdf5608d172076a18ac47cb41f0ba6ec2429c01,frozen run_specs plus configuration-labelled raw_final records,SEA-seattle-5449118-0-0,1.3160075209542563,0,0,30.0,PASS,True,data/submission/raw_final.csv,False,79.3623079995159
Development,SEA-seattle-5449118-0-0|qp9,historical,5.0,0-29,30,30,True,True,True,86e7af12d7433f6dc3b7e2725fdf5608d172076a18ac47cb41f0ba6ec2429c01,frozen run_specs plus configuration-labelled raw_final records,SEA-seattle-5449118-0-0,1.3160075209542563,0,0,30.0,PASS,True,data/submission/raw_final.csv,False,89.73781459964812
Development,SEA-seattle-5449118-0-0|qp9,historical,6.0,0-29,30,30,True,True,True,86e7af12d7433f6dc3b7e2725fdf5608d172076a18ac47cb41f0ba6ec2429c01,frozen run_specs plus configuration-labelled raw_final records,SEA-seattle-5449118-0-0,1.3160075209542563,0,0,30.0,PASS,True,data/submission/raw_final.csv,False,97.84719429980032
Development,SEA-seattle-5449118-0-0|qp9,historical,7.0,0-29,30,30,True,True,True,86e7af12d7433f6dc3b7e2725fdf5608d172076a18ac47cb41f0ba6ec2429c01,frozen run_specs plus configuration-labelled raw_final records,SEA-seattle-5449118-0-0,1.3160075209542563,0,0,29.0,PASS,True,data/submission/raw_final.csv,False,90.86785089946352
Development,SEA-seattle-5449118-0-0|qp9,historical,8.0,0-29,30,30,True,True,True,86e7af12d7433f6dc3b7e2725fdf5608d172076a18ac47cb41f0ba6ec2429c01,frozen run_specs plus configuration-labelled raw_final records,SEA-seattle-5449118-0-0,1.3160075209542563,0,0,27.0,FAIL,True,data/submission/raw_final.csv,False,107.48170730029231
Development,SEA-seattle-5449118-0-0|qp9,historical,10.0,0-29,30,30,True,True,True,86e7af12d7433f6dc3b7e2725fdf5608d172076a18ac47cb41f0ba6ec2429c01,frozen run_specs plus configuration-labelled raw_final records,SEA-seattle-5449118-0-0,1.3160075209542563,0,0,26.0,FAIL,True,data/submission/raw_final.csv,False,112.8320897000376
Development,SEA-seattle-5449118-0-0|qp9,historical,12.0,0-29,30,30,True,True,True,86e7af12d7433f6dc3b7e2725fdf5608d172076a18ac47cb41f0ba6ec2429c01,frozen run_specs plus configuration-labelled raw_final records,SEA-seattle-5449118-0-0,1.3160075209542563,0,0,26.0,FAIL,True,data/submission/raw_final.csv,False,133.28974860021845
Development,SEA-seattle-5449118-0-0|qp9,historical,15.0,0-29,30,30,True,True,True,86e7af12d7433f6dc3b7e2725fdf5608d172076a18ac47cb41f0ba6ec2429c01,frozen run_specs plus configuration-labelled raw_final records,SEA-seattle-5449118-0-0,1.3160075209542563,0,0,17.0,FAIL,True,data/submission/raw_final.csv,False,137.255982599454
Development,SEA-seattle-5449118-0-0|qp9,historical,18.0,0-29,30,30,True,True,True,86e7af12d7433f6dc3b7e2725fdf5608d172076a18ac47cb41f0ba6ec2429c01,frozen run_specs plus configuration-labelled raw_final records,SEA-seattle-5449118-0-0,1.3160075209542563,0,0,6.0,FAIL,True,data/submission/raw_final.csv,False,165.7492526001297
Development,SEA-seattle-5449903-0-0|qp22,historical,0.0,0-29,30,30,True,True,True,c20a2d29a69dbe6fa6e333a94aae0dc8df59bb86e027436b9b6a04181df84efb,frozen run_specs plus configuration-labelled raw_final records,SEA-seattle-5449903-0-0,1.226959086031313,0,0,30.0,PASS,True,data/submission/raw_final.csv,False,127.3638792007696
Development,SEA-seattle-5449903-0-0|qp22,historical,1.0,0-29,30,30,True,True,True,c20a2d29a69dbe6fa6e333a94aae0dc8df59bb86e027436b9b6a04181df84efb,frozen run_specs plus configuration-labelled raw_final records,SEA-seattle-5449903-0-0,1.226959086031313,0,0,30.0,PASS,True,data/submission/raw_final.csv,False,113.20145189971664
Development,SEA-seattle-5449903-0-0|qp22,historical,2.0,0-29,30,30,True,True,True,c20a2d29a69dbe6fa6e333a94aae0dc8df59bb86e027436b9b6a04181df84efb,frozen run_specs plus configuration-labelled raw_final records,SEA-seattle-5449903-0-0,1.226959086031313,0,0,30.0,PASS,True,data/submission/raw_final.csv,False,130.36955589917488
Development,SEA-seattle-5449903-0-0|qp22,historical,3.0,0-29,30,30,True,True,True,c20a2d29a69dbe6fa6e333a94aae0dc8df59bb86e027436b9b6a04181df84efb,frozen run_specs plus configuration-labelled raw_final records,SEA-seattle-5449903-0-0,1.226959086031313,0,0,30.0,PASS,True,data/submission/raw_final.csv,False,129.29891559993848
Development,SEA-seattle-5449903-0-0|qp22,historical,4.0,0-29,30,30,True,True,True,c20a2d29a69dbe6fa6e333a94aae0dc8df59bb86e027436b9b6a04181df84efb,frozen run_specs plus configuration-labelled raw_final records,SEA-seattle-5449903-0-0,1.226959086031313,0,0,29.0,PASS,True,data/submission/raw_final.csv,False,145.48604790051468
Development,SEA-seattle-5449903-0-0|qp22,historical,5.0,0-29,30,30,True,True,True,c20a2d29a69dbe6fa6e333a94aae0dc8df59bb86e027436b9b6a04181df84efb,frozen run_specs plus configuration-labelled raw_final records,SEA-seattle-5449903-0-0,1.226959086031313,0,0,29.0,PASS,True,data/submission/raw_final.csv,False,143.81842990056612
Development,SEA-seattle-5449903-0-0|qp22,historical,6.0,0-29,30,30,True,True,True,c20a2d29a69dbe6fa6e333a94aae0dc8df59bb86e027436b9b6a04181df84efb,frozen run_specs plus configuration-labelled raw_final records,SEA-seattle-5449903-0-0,1.226959086031313,0,0,29.0,PASS,True,data/submission/raw_final.csv,False,159.20904890052043
Development,SEA-seattle-5449903-0-0|qp22,historical,7.0,0-29,30,30,True,True,True,c20a2d29a69dbe6fa6e333a94aae0dc8df59bb86e027436b9b6a04181df84efb,frozen run_specs plus configuration-labelled raw_final records,SEA-seattle-5449903-0-0,1.226959086031313,0,0,24.0,FAIL,True,data/submission/raw_final.csv,False,157.795704300981
Development,SEA-seattle-5449903-0-0|qp22,historical,8.0,0-29,30,30,True,True,True,c20a2d29a69dbe6fa6e333a94aae0dc8df59bb86e027436b9b6a04181df84efb,frozen run_specs plus configuration-labelled raw_final records,SEA-seattle-5449903-0-0,1.226959086031313,0,0,17.0,FAIL,True,data/submission/raw_final.csv,False,179.8913486006204
Development,SEA-seattle-5449903-0-0|qp9,historical,0.0,0-29,30,30,True,True,True,ad55b6e12f61f4ebb1e8770769fa7812ab831ec9c75f9d4a76a889ba04997d6b,frozen run_specs plus configuration-labelled raw_final records,SEA-seattle-5449903-0-0,1.313310092772771,0,0,30.0,PASS,True,data/submission/raw_final.csv,False,74.78964100009762
Development,SEA-seattle-5449903-0-0|qp9,historical,1.0,0-29,30,30,True,True,True,ad55b6e12f61f4ebb1e8770769fa7812ab831ec9c75f9d4a76a889ba04997d6b,frozen run_specs plus configuration-labelled raw_final records,SEA-seattle-5449903-0-0,1.313310092772771,0,0,30.0,PASS,True,data/submission/raw_final.csv,False,64.35318389930762
Development,SEA-seattle-5449903-0-0|qp9,historical,2.0,0-29,30,30,True,True,True,ad55b6e12f61f4ebb1e8770769fa7812ab831ec9c75f9d4a76a889ba04997d6b,frozen run_specs plus configuration-labelled raw_final records,SEA-seattle-5449903-0-0,1.313310092772771,0,0,30.0,PASS,True,data/submission/raw_final.csv,False,71.00728509994224
Development,SEA-seattle-5449903-0-0|qp9,historical,3.0,0-29,30,30,True,True,True,ad55b6e12f61f4ebb1e8770769fa7812ab831ec9c75f9d4a76a889ba04997d6b,frozen run_specs plus configuration-labelled raw_final records,SEA-seattle-5449903-0-0,1.313310092772771,0,0,30.0,PASS,True,data/submission/raw_final.csv,False,73.5016840994358
Development,SEA-seattle-5449903-0-0|qp9,historical,4.0,0-29,30,30,True,True,True,ad55b6e12f61f4ebb1e8770769fa7812ab831ec9c75f9d4a76a889ba04997d6b,frozen run_specs plus configuration-labelled raw_final records,SEA-seattle-5449903-0-0,1.313310092772771,0,0,30.0,PASS,True,data/submission/raw_final.csv,False,86.38689249940217
Development,SEA-seattle-5449903-0-0|qp9,historical,5.0,0-29,30,30,True,True,True,ad55b6e12f61f4ebb1e8770769fa7812ab831ec9c75f9d4a76a889ba04997d6b,frozen run_specs plus configuration-labelled raw_final records,SEA-seattle-5449903-0-0,1.313310092772771,0,0,30.0,PASS,True,data/submission/raw_final.csv,False,75.41746780090034
Development,SEA-seattle-5449903-0-0|qp9,historical,6.0,0-29,30,30,True,True,True,ad55b6e12f61f4ebb1e8770769fa7812ab831ec9c75f9d4a76a889ba04997d6b,frozen run_specs plus configuration-labelled raw_final records,SEA-seattle-5449903-0-0,1.313310092772771,0,0,29.0,PASS,True,data/submission/raw_final.csv,False,90.33454669988714
Development,SEA-seattle-5449903-0-0|qp9,historical,7.0,0-29,30,30,True,True,True,ad55b6e12f61f4ebb1e8770769fa7812ab831ec9c75f9d4a76a889ba04997d6b,frozen run_specs plus configuration-labelled raw_final records,SEA-seattle-5449903-0-0,1.313310092772771,0,0,29.0,PASS,True,data/submission/raw_final.csv,False,66.71899999957532
Development,SEA-seattle-5449903-0-0|qp9,historical,8.0,0-29,30,30,True,True,True,ad55b6e12f61f4ebb1e8770769fa7812ab831ec9c75f9d4a76a889ba04997d6b,frozen run_specs plus configuration-labelled raw_final records,SEA-seattle-5449903-0-0,1.313310092772771,0,0,29.0,PASS,True,data/submission/raw_final.csv,False,105.62870229990222
Development,SEA-seattle-5449903-0-0|qp9,historical,9.0,0-29,30,30,True,True,True,ad55b6e12f61f4ebb1e8770769fa7812ab831ec9c75f9d4a76a889ba04997d6b,frozen run_specs plus configuration-labelled raw_final records,SEA-seattle-5449903-0-0,1.313310092772771,0,0,29.0,PASS,True,data/submission/raw_final.csv,False,101.185337200528
Development,SEA-seattle-5449903-0-0|qp9,historical,10.0,0-29,30,30,True,True,True,ad55b6e12f61f4ebb1e8770769fa7812ab831ec9c75f9d4a76a889ba04997d6b,frozen run_specs plus configuration-labelled raw_final records,SEA-seattle-5449903-0-0,1.313310092772771,0,0,27.0,FAIL,True,data/submission/raw_final.csv,False,108.4336776996497
Development,SEA-seattle-5449903-0-0|qp9,historical,12.0,0-29,30,30,True,True,True,ad55b6e12f61f4ebb1e8770769fa7812ab831ec9c75f9d4a76a889ba04997d6b,frozen run_specs plus configuration-labelled raw_final records,SEA-seattle-5449903-0-0,1.313310092772771,0,0,24.0,FAIL,True,data/submission/raw_final.csv,False,131.99782350007445
Development,SEA-seattle-5449903-0-0|qp9,historical,15.0,0-29,30,30,True,True,True,ad55b6e12f61f4ebb1e8770769fa7812ab831ec9c75f9d4a76a889ba04997d6b,frozen run_specs plus configuration-labelled raw_final records,SEA-seattle-5449903-0-0,1.313310092772771,0,0,15.0,FAIL,True,data/submission/raw_final.csv,False,135.81969610019587
Development,SEA-seattle-5449903-0-0|qp9,historical,18.0,0-29,30,30,True,True,True,ad55b6e12f61f4ebb1e8770769fa7812ab831ec9c75f9d4a76a889ba04997d6b,frozen run_specs plus configuration-labelled raw_final records,SEA-seattle-5449903-0-0,1.313310092772771,0,0,9.0,FAIL,True,data/submission/raw_final.csv,False,167.9148737997748
Development,SEA-seattle-5451525-0-0|qp23,historical,0.0,0-29,30,30,True,True,False,,no preserved run_spec,SEA-seattle-5451525-0-0,,0,0,,MISSING_CONFIGURATION_PROOF,False,data/submission/raw_final.csv,False,209.5904879998416
Development,SEA-seattle-5451525-0-0|qp23,historical,1.0,0-29,30,30,True,True,False,,no preserved run_spec,SEA-seattle-5451525-0-0,,0,0,,MISSING_CONFIGURATION_PROOF,False,data/submission/raw_final.csv,False,714.3569738005754
Development,SEA-seattle-5451525-0-0|qp38,historical,0.0,0-29,30,30,True,True,False,,no preserved run_spec,SEA-seattle-5451525-0-0,,0,0,,MISSING_CONFIGURATION_PROOF,False,data/submission/raw_final.csv,False,293.6626994991675
Development,SEA-seattle-5451525-0-0|qp38,historical,1.0,0-29,30,30,True,True,False,,no preserved run_spec,SEA-seattle-5451525-0-0,,0,0,,MISSING_CONFIGURATION_PROOF,False,data/submission/raw_final.csv,False,1265.4344411001075
Development,SEA-seattle-5452128-0-1|qp12,historical,0.0,0-29,30,30,True,True,True,639014a38db23f93a32074869c3d54895506915bdf5e3ae2c97abc23717ecdf8,frozen run_specs plus configuration-labelled raw_final records,SEA-seattle-5452128-0-1,1.3238506092928275,0,0,30.0,PASS,True,data/submission/raw_final.csv,False,92.88173509994522
Development,SEA-seattle-5452128-0-1|qp12,historical,1.0,0-29,30,30,True,True,True,639014a38db23f93a32074869c3d54895506915bdf5e3ae2c97abc23717ecdf8,frozen run_specs plus configuration-labelled raw_final records,SEA-seattle-5452128-0-1,1.3238506092928275,0,0,30.0,PASS,True,data/submission/raw_final.csv,False,89.2786671994254
Development,SEA-seattle-5452128-0-1|qp12,historical,2.0,0-29,30,30,True,True,True,639014a38db23f93a32074869c3d54895506915bdf5e3ae2c97abc23717ecdf8,frozen run_specs plus configuration-labelled raw_final records,SEA-seattle-5452128-0-1,1.3238506092928275,0,0,30.0,PASS,True,data/submission/raw_final.csv,False,77.2507969995495
Development,SEA-seattle-5452128-0-1|qp12,historical,3.0,0-29,30,30,True,True,True,639014a38db23f93a32074869c3d54895506915bdf5e3ae2c97abc23717ecdf8,frozen run_specs plus configuration-labelled raw_final records,SEA-seattle-5452128-0-1,1.3238506092928275,0,0,30.0,PASS,True,data/submission/raw_final.csv,False,80.884360099677
Development,SEA-seattle-5452128-0-1|qp12,historical,4.0,0-29,30,30,True,True,True,639014a38db23f93a32074869c3d54895506915bdf5e3ae2c97abc23717ecdf8,frozen run_specs plus configuration-labelled raw_final records,SEA-seattle-5452128-0-1,1.3238506092928275,0,0,30.0,PASS,True,data/submission/raw_final.csv,False,93.73999779997392
Development,SEA-seattle-5452128-0-1|qp12,historical,5.0,0-29,30,30,True,True,True,639014a38db23f93a32074869c3d54895506915bdf5e3ae2c97abc23717ecdf8,frozen run_specs plus configuration-labelled raw_final records,SEA-seattle-5452128-0-1,1.3238506092928275,0,0,30.0,PASS,True,data/submission/raw_final.csv,False,64.79923770064488
Development,SEA-seattle-5452128-0-1|qp12,historical,6.0,0-29,30,30,True,True,True,639014a38db23f93a32074869c3d54895506915bdf5e3ae2c97abc23717ecdf8,frozen run_specs plus configuration-labelled raw_final records,SEA-seattle-5452128-0-1,1.3238506092928275,0,0,30.0,PASS,True,data/submission/raw_final.csv,False,89.86847819923423
Development,SEA-seattle-5452128-0-1|qp12,historical,7.0,0-29,30,30,True,True,True,639014a38db23f93a32074869c3d54895506915bdf5e3ae2c97abc23717ecdf8,frozen run_specs plus configuration-labelled raw_final records,SEA-seattle-5452128-0-1,1.3238506092928275,0,0,30.0,PASS,True,new package,True,65.83090659996378
Development,SEA-seattle-5452128-0-1|qp12,historical,8.0,0-29,30,30,True,True,True,639014a38db23f93a32074869c3d54895506915bdf5e3ae2c97abc23717ecdf8,frozen run_specs plus configuration-labelled raw_final records,SEA-seattle-5452128-0-1,1.3238506092928275,0,0,30.0,PASS,True,data/submission/raw_final.csv,False,112.20833029970528
Development,SEA-seattle-5452128-0-1|qp12,historical,9.0,0-29,30,30,True,True,True,639014a38db23f93a32074869c3d54895506915bdf5e3ae2c97abc23717ecdf8,frozen run_specs plus configuration-labelled raw_final records,SEA-seattle-5452128-0-1,1.3238506092928275,0,0,30.0,PASS,True,data/submission/raw_final.csv,False,80.82900000014342
Development,SEA-seattle-5452128-0-1|qp12,historical,10.0,0-29,30,30,True,True,True,639014a38db23f93a32074869c3d54895506915bdf5e3ae2c97abc23717ecdf8,frozen run_specs plus configuration-labelled raw_final records,SEA-seattle-5452128-0-1,1.3238506092928275,0,0,30.0,PASS,True,data/submission/raw_final.csv,False,116.62391260033472
Development,SEA-seattle-5452128-0-1|qp12,historical,11.0,0-29,30,30,True,True,True,639014a38db23f93a32074869c3d54895506915bdf5e3ae2c97abc23717ecdf8,frozen run_specs plus configuration-labelled raw_final records,SEA-seattle-5452128-0-1,1.3238506092928275,0,0,30.0,PASS,True,new package,True,77.95126650002203
Development,SEA-seattle-5452128-0-1|qp12,historical,12.0,0-29,30,30,True,True,True,639014a38db23f93a32074869c3d54895506915bdf5e3ae2c97abc23717ecdf8,frozen run_specs plus configuration-labelled raw_final records,SEA-seattle-5452128-0-1,1.3238506092928275,0,0,30.0,PASS,True,data/submission/raw_final.csv,False,145.04773899982683
Development,SEA-seattle-5452128-0-1|qp12,historical,13.0,0-29,30,30,True,True,True,639014a38db23f93a32074869c3d54895506915bdf5e3ae2c97abc23717ecdf8,frozen run_specs plus configuration-labelled raw_final records,SEA-seattle-5452128-0-1,1.3238506092928275,0,0,30.0,PASS,True,data/submission/raw_final.csv,False,88.1380000016652
Development,SEA-seattle-5452128-0-1|qp12,historical,15.0,0-29,30,30,True,True,True,639014a38db23f93a32074869c3d54895506915bdf5e3ae2c97abc23717ecdf8,frozen run_specs plus configuration-labelled raw_final records,SEA-seattle-5452128-0-1,1.3238506092928275,0,0,29.0,PASS,True,data/submission/raw_final.csv,False,160.22501909988932
Development,SEA-seattle-5452128-0-1|qp12,historical,18.0,0-29,30,30,True,True,True,639014a38db23f93a32074869c3d54895506915bdf5e3ae2c97abc23717ecdf8,frozen run_specs plus configuration-labelled raw_final records,SEA-seattle-5452128-0-1,1.3238506092928275,0,0,29.0,PASS,True,data/submission/raw_final.csv,False,172.90457979985513
Development,SEA-seattle-5452128-0-1|qp12,historical,19.0,0-29,30,30,True,True,True,639014a38db23f93a32074869c3d54895506915bdf5e3ae2c97abc23717ecdf8,frozen run_specs plus configuration-labelled raw_final records,SEA-seattle-5452128-0-1,1.3238506092928275,0,0,27.0,FAIL,True,data/submission/raw_final.csv,False,163.80989390122704
Development,SEA-seattle-5452128-0-1|qp12,historical,20.0,0-29,30,30,True,True,True,639014a38db23f93a32074869c3d54895506915bdf5e3ae2c97abc23717ecdf8,frozen run_specs plus configuration-labelled raw_final records,SEA-seattle-5452128-0-1,1.3238506092928275,0,0,26.0,FAIL,True,data/submission/raw_final.csv,False,175.59909149981104
Development,SEA-seattle-5452128-0-1|qp29,historical,0.0,0-29,30,30,True,True,True,f4fd2b6f263b167dbd148b9fc3a5b62cbb45288c4a6fce15560113f08da86658,frozen run_specs plus configuration-labelled raw_final records,SEA-seattle-5452128-0-1,1.2638317630758518,0,0,30.0,PASS,True,data/submission/raw_final.csv,False,164.67946019978262
Development,SEA-seattle-5452128-0-1|qp29,historical,1.0,0-29,30,30,True,True,True,f4fd2b6f263b167dbd148b9fc3a5b62cbb45288c4a6fce15560113f08da86658,frozen run_specs plus configuration-labelled raw_final records,SEA-seattle-5452128-0-1,1.2638317630758518,0,0,30.0,PASS,True,data/submission/raw_final.csv,False,168.2018796999473
Development,SEA-seattle-5452128-0-1|qp29,historical,2.0,0-29,30,30,True,True,True,f4fd2b6f263b167dbd148b9fc3a5b62cbb45288c4a6fce15560113f08da86658,frozen run_specs plus configuration-labelled raw_final records,SEA-seattle-5452128-0-1,1.2638317630758518,0,0,30.0,PASS,True,data/submission/raw_final.csv,False,152.98838470014744
Development,SEA-seattle-5452128-0-1|qp29,historical,3.0,0-29,30,30,True,True,True,f4fd2b6f263b167dbd148b9fc3a5b62cbb45288c4a6fce15560113f08da86658,frozen run_specs plus configuration-labelled raw_final records,SEA-seattle-5452128-0-1,1.2638317630758518,0,0,30.0,PASS,True,data/submission/raw_final.csv,False,150.85088059981354
Development,SEA-seattle-5452128-0-1|qp29,historical,4.0,0-29,30,30,True,True,True,f4fd2b6f263b167dbd148b9fc3a5b62cbb45288c4a6fce15560113f08da86658,frozen run_specs plus configuration-labelled raw_final records,SEA-seattle-5452128-0-1,1.2638317630758518,0,0,30.0,PASS,True,data/submission/raw_final.csv,False,167.5301894985605
Development,SEA-seattle-5452128-0-1|qp29,historical,5.0,0-29,30,30,True,True,True,f4fd2b6f263b167dbd148b9fc3a5b62cbb45288c4a6fce15560113f08da86658,frozen run_specs plus configuration-labelled raw_final records,SEA-seattle-5452128-0-1,1.2638317630758518,0,0,30.0,PASS,True,data/submission/raw_final.csv,False,172.80856819986366
Development,SEA-seattle-5452128-0-1|qp29,historical,6.0,0-29,30,30,True,True,True,f4fd2b6f263b167dbd148b9fc3a5b62cbb45288c4a6fce15560113f08da86658,frozen run_specs plus configuration-labelled raw_final records,SEA-seattle-5452128-0-1,1.2638317630758518,0,0,30.0,PASS,True,data/submission/raw_final.csv,False,153.94891500030644
Development,SEA-seattle-5452128-0-1|qp29,historical,8.0,0-29,30,30,True,True,True,f4fd2b6f263b167dbd148b9fc3a5b62cbb45288c4a6fce15560113f08da86658,frozen run_specs plus configuration-labelled raw_final records,SEA-seattle-5452128-0-1,1.2638317630758518,0,0,30.0,PASS,True,data/submission/raw_final.csv,False,177.5913205004763
Development,SEA-seattle-5452128-0-1|qp29,historical,10.0,0-29,30,30,True,True,True,f4fd2b6f263b167dbd148b9fc3a5b62cbb45288c4a6fce15560113f08da86658,frozen run_specs plus configuration-labelled raw_final records,SEA-seattle-5452128-0-1,1.2638317630758518,0,0,30.0,PASS,True,data/submission/raw_final.csv,False,202.89110650029036
Development,SEA-seattle-5452128-0-1|qp29,historical,12.0,0-29,30,30,True,True,True,f4fd2b6f263b167dbd148b9fc3a5b62cbb45288c4a6fce15560113f08da86658,frozen run_specs plus configuration-labelled raw_final records,SEA-seattle-5452128-0-1,1.2638317630758518,0,0,29.0,PASS,True,data/submission/raw_final.csv,False,230.5523133003153
Development,SEA-seattle-5452128-0-1|qp29,historical,13.0,0-29,30,30,True,True,True,f4fd2b6f263b167dbd148b9fc3a5b62cbb45288c4a6fce15560113f08da86658,frozen run_specs plus configuration-labelled raw_final records,SEA-seattle-5452128-0-1,1.2638317630758518,0,0,26.0,FAIL,True,data/submission/raw_final.csv,False,221.63653320004232
Development,SEA-seattle-5452128-0-1|qp29,historical,14.0,0-29,30,30,True,True,True,f4fd2b6f263b167dbd148b9fc3a5b62cbb45288c4a6fce15560113f08da86658,frozen run_specs plus configuration-labelled raw_final records,SEA-seattle-5452128-0-1,1.2638317630758518,0,0,26.0,FAIL,True,data/submission/raw_final.csv,False,222.86846829997376
Development,SEA-seattle-5452128-0-1|qp29,historical,15.0,0-29,30,30,True,True,True,f4fd2b6f263b167dbd148b9fc3a5b62cbb45288c4a6fce15560113f08da86658,frozen run_specs plus configuration-labelled raw_final records,SEA-seattle-5452128-0-1,1.2638317630758518,0,0,19.0,FAIL,True,data/submission/raw_final.csv,False,273.85240540024824
Development,SEA-seattle-5453813-0-0|qp22,historical,0.0,0-29,30,30,True,True,True,41c8f53f407a42874da8fb7237ff24a4294e872bbfaa5b48e65b9ea5adcea4bd,frozen run_specs plus configuration-labelled raw_final records,SEA-seattle-5453813-0-0,1.195090049763326,0,0,30.0,PASS,True,data/submission/raw_final.csv,False,158.66337680001743
Development,SEA-seattle-5453813-0-0|qp22,historical,1.0,0-29,30,30,True,True,True,41c8f53f407a42874da8fb7237ff24a4294e872bbfaa5b48e65b9ea5adcea4bd,frozen run_specs plus configuration-labelled raw_final records,SEA-seattle-5453813-0-0,1.195090049763326,0,0,30.0,PASS,True,data/submission/raw_final.csv,False,150.5863798998762
Development,SEA-seattle-5453813-0-0|qp22,historical,2.0,0-29,30,30,True,True,True,41c8f53f407a42874da8fb7237ff24a4294e872bbfaa5b48e65b9ea5adcea4bd,frozen run_specs plus configuration-labelled raw_final records,SEA-seattle-5453813-0-0,1.195090049763326,0,0,30.0,PASS,True,data/submission/raw_final.csv,False,148.64471969893202
Development,SEA-seattle-5453813-0-0|qp22,historical,3.0,0-29,30,30,True,True,True,41c8f53f407a42874da8fb7237ff24a4294e872bbfaa5b48e65b9ea5adcea4bd,frozen run_specs plus configuration-labelled raw_final records,SEA-seattle-5453813-0-0,1.195090049763326,0,0,30.0,PASS,True,data/submission/raw_final.csv,False,143.8892857998144
Development,SEA-seattle-5453813-0-0|qp22,historical,4.0,0-29,30,30,True,True,True,41c8f53f407a42874da8fb7237ff24a4294e872bbfaa5b48e65b9ea5adcea4bd,frozen run_specs plus configuration-labelled raw_final records,SEA-seattle-5453813-0-0,1.195090049763326,0,0,30.0,PASS,True,data/submission/raw_final.csv,False,152.78378939954564
Development,SEA-seattle-5453813-0-0|qp22,historical,5.0,0-29,30,30,True,True,True,41c8f53f407a42874da8fb7237ff24a4294e872bbfaa5b48e65b9ea5adcea4bd,frozen run_specs plus configuration-labelled raw_final records,SEA-seattle-5453813-0-0,1.195090049763326,0,0,30.0,PASS,True,data/submission/raw_final.csv,False,168.22319919988513
Development,SEA-seattle-5453813-0-0|qp22,historical,6.0,0-29,30,30,True,True,True,41c8f53f407a42874da8fb7237ff24a4294e872bbfaa5b48e65b9ea5adcea4bd,frozen run_specs plus configuration-labelled raw_final records,SEA-seattle-5453813-0-0,1.195090049763326,0,0,30.0,PASS,True,data/submission/raw_final.csv,False,143.2156142995227
Development,SEA-seattle-5453813-0-0|qp22,historical,8.0,0-29,30,30,True,True,True,41c8f53f407a42874da8fb7237ff24a4294e872bbfaa5b48e65b9ea5adcea4bd,frozen run_specs plus configuration-labelled raw_final records,SEA-seattle-5453813-0-0,1.195090049763326,0,0,30.0,PASS,True,data/submission/raw_final.csv,False,171.4513320995029
Development,SEA-seattle-5453813-0-0|qp22,historical,9.0,0-29,30,30,True,True,True,41c8f53f407a42874da8fb7237ff24a4294e872bbfaa5b48e65b9ea5adcea4bd,frozen run_specs plus configuration-labelled raw_final records,SEA-seattle-5453813-0-0,1.195090049763326,0,0,27.0,FAIL,True,data/submission/raw_final.csv,False,183.5162982000038
Development,SEA-seattle-5453813-0-0|qp22,historical,10.0,0-29,30,30,True,True,True,41c8f53f407a42874da8fb7237ff24a4294e872bbfaa5b48e65b9ea5adcea4bd,frozen run_specs plus configuration-labelled raw_final records,SEA-seattle-5453813-0-0,1.195090049763326,0,0,23.0,FAIL,True,data/submission/raw_final.csv,False,194.67261489946395
Development,SEA-seattle-5453813-0-0|qp22,historical,12.0,0-29,30,30,True,True,True,41c8f53f407a42874da8fb7237ff24a4294e872bbfaa5b48e65b9ea5adcea4bd,frozen run_specs plus configuration-labelled raw_final records,SEA-seattle-5453813-0-0,1.195090049763326,0,0,14.0,FAIL,True,data/submission/raw_final.csv,False,246.01387529983185
Development,SEA-seattle-5453813-0-0|qp9,historical,0.0,0-29,30,30,True,True,True,da719b8b0c0b0d34f0301df4947157a3dfa054b1ee0af6b0f237c08487d86567,frozen run_specs plus configuration-labelled raw_final records,SEA-seattle-5453813-0-0,1.2618330055704798,0,0,30.0,PASS,True,data/submission/raw_final.csv,False,86.62855680054054
Development,SEA-seattle-5453813-0-0|qp9,historical,1.0,0-29,30,30,True,True,True,da719b8b0c0b0d34f0301df4947157a3dfa054b1ee0af6b0f237c08487d86567,frozen run_specs plus configuration-labelled raw_final records,SEA-seattle-5453813-0-0,1.2618330055704798,0,0,30.0,PASS,True,data/submission/raw_final.csv,False,83.73545959987678
Development,SEA-seattle-5453813-0-0|qp9,historical,2.0,0-29,30,30,True,True,True,da719b8b0c0b0d34f0301df4947157a3dfa054b1ee0af6b0f237c08487d86567,frozen run_specs plus configuration-labelled raw_final records,SEA-seattle-5453813-0-0,1.2618330055704798,0,0,30.0,PASS,True,data/submission/raw_final.csv,False,83.19082690007053
Development,SEA-seattle-5453813-0-0|qp9,historical,3.0,0-29,30,30,True,True,True,da719b8b0c0b0d34f0301df4947157a3dfa054b1ee0af6b0f237c08487d86567,frozen run_specs plus configuration-labelled raw_final records,SEA-seattle-5453813-0-0,1.2618330055704798,0,0,30.0,PASS,True,data/submission/raw_final.csv,False,84.61755470000207
Development,SEA-seattle-5453813-0-0|qp9,historical,4.0,0-29,30,30,True,True,True,da719b8b0c0b0d34f0301df4947157a3dfa054b1ee0af6b0f237c08487d86567,frozen run_specs plus configuration-labelled raw_final records,SEA-seattle-5453813-0-0,1.2618330055704798,0,0,30.0,PASS,True,data/submission/raw_final.csv,False,86.29877119977027
Development,SEA-seattle-5453813-0-0|qp9,historical,5.0,0-29,30,30,True,True,True,da719b8b0c0b0d34f0301df4947157a3dfa054b1ee0af6b0f237c08487d86567,frozen run_specs plus configuration-labelled raw_final records,SEA-seattle-5453813-0-0,1.2618330055704798,0,0,30.0,PASS,True,data/submission/raw_final.csv,False,103.76161070005035
Development,SEA-seattle-5453813-0-0|qp9,historical,6.0,0-29,30,30,True,True,True,da719b8b0c0b0d34f0301df4947157a3dfa054b1ee0af6b0f237c08487d86567,frozen run_specs plus configuration-labelled raw_final records,SEA-seattle-5453813-0-0,1.2618330055704798,0,0,30.0,PASS,True,data/submission/raw_final.csv,False,88.49815779970959
Development,SEA-seattle-5453813-0-0|qp9,historical,7.0,0-29,30,30,True,True,True,da719b8b0c0b0d34f0301df4947157a3dfa054b1ee0af6b0f237c08487d86567,frozen run_specs plus configuration-labelled raw_final records,SEA-seattle-5453813-0-0,1.2618330055704798,0,0,30.0,PASS,True,data/submission/raw_final.csv,False,74.14200000022538
Development,SEA-seattle-5453813-0-0|qp9,historical,8.0,0-29,30,30,True,True,True,da719b8b0c0b0d34f0301df4947157a3dfa054b1ee0af6b0f237c08487d86567,frozen run_specs plus configuration-labelled raw_final records,SEA-seattle-5453813-0-0,1.2618330055704798,0,0,29.0,PASS,True,data/submission/raw_final.csv,False,106.54139549983664
Development,SEA-seattle-5453813-0-0|qp9,historical,9.0,0-29,30,30,True,True,True,da719b8b0c0b0d34f0301df4947157a3dfa054b1ee0af6b0f237c08487d86567,frozen run_specs plus configuration-labelled raw_final records,SEA-seattle-5453813-0-0,1.2618330055704798,0,0,28.0,FAIL,True,data/submission/raw_final.csv,False,108.28528679930604
Development,SEA-seattle-5453813-0-0|qp9,historical,10.0,0-29,30,30,True,True,True,da719b8b0c0b0d34f0301df4947157a3dfa054b1ee0af6b0f237c08487d86567,frozen run_specs plus configuration-labelled raw_final records,SEA-seattle-5453813-0-0,1.2618330055704798,0,0,27.0,FAIL,True,data/submission/raw_final.csv,False,114.6002071001567
Development,SEA-seattle-5453813-0-0|qp9,historical,12.0,0-29,30,30,True,True,True,da719b8b0c0b0d34f0301df4947157a3dfa054b1ee0af6b0f237c08487d86567,frozen run_specs plus configuration-labelled raw_final records,SEA-seattle-5453813-0-0,1.2618330055704798,0,0,27.0,FAIL,True,data/submission/raw_final.csv,False,134.05269459984265
Development,SEA-seattle-5453813-0-0|qp9,historical,15.0,0-29,30,30,True,True,True,da719b8b0c0b0d34f0301df4947157a3dfa054b1ee0af6b0f237c08487d86567,frozen run_specs plus configuration-labelled raw_final records,SEA-seattle-5453813-0-0,1.2618330055704798,0,0,24.0,FAIL,True,data/submission/raw_final.csv,False,168.71139740012586
Development,SEA-seattle-5453813-0-0|qp9,historical,18.0,0-29,30,30,True,True,True,da719b8b0c0b0d34f0301df4947157a3dfa054b1ee0af6b0f237c08487d86567,frozen run_specs plus configuration-labelled raw_final records,SEA-seattle-5453813-0-0,1.2618330055704798,0,0,16.0,FAIL,True,data/submission/raw_final.csv,False,174.59993869927712
Development,SEA-seattle-5454776-0-1|qp13,historical,0.0,0-29,30,30,True,True,True,ec2ec6f109a846c21af8783dcd19863bddedaf541ac92be9704bfcaa6a9f827c,frozen run_specs plus configuration-labelled raw_final records,SEA-seattle-5454776-0-1,1.3227763888175617,0,0,30.0,PASS,True,data/submission/raw_final.csv,False,90.56357309990562
Development,SEA-seattle-5454776-0-1|qp13,historical,1.0,0-29,30,30,True,True,True,ec2ec6f109a846c21af8783dcd19863bddedaf541ac92be9704bfcaa6a9f827c,frozen run_specs plus configuration-labelled raw_final records,SEA-seattle-5454776-0-1,1.3227763888175617,0,0,30.0,PASS,True,data/submission/raw_final.csv,False,83.73293150006793
Development,SEA-seattle-5454776-0-1|qp13,historical,2.0,0-29,30,30,True,True,True,ec2ec6f109a846c21af8783dcd19863bddedaf541ac92be9704bfcaa6a9f827c,frozen run_specs plus configuration-labelled raw_final records,SEA-seattle-5454776-0-1,1.3227763888175617,0,0,30.0,PASS,True,data/submission/raw_final.csv,False,97.10225849878044
Development,SEA-seattle-5454776-0-1|qp13,historical,3.0,0-29,30,30,True,True,True,ec2ec6f109a846c21af8783dcd19863bddedaf541ac92be9704bfcaa6a9f827c,frozen run_specs plus configuration-labelled raw_final records,SEA-seattle-5454776-0-1,1.3227763888175617,0,0,30.0,PASS,True,data/submission/raw_final.csv,False,91.93700190004893
Development,SEA-seattle-5454776-0-1|qp13,historical,4.0,0-29,30,30,True,True,True,ec2ec6f109a846c21af8783dcd19863bddedaf541ac92be9704bfcaa6a9f827c,frozen run_specs plus configuration-labelled raw_final records,SEA-seattle-5454776-0-1,1.3227763888175617,0,0,30.0,PASS,True,data/submission/raw_final.csv,False,94.22086860099807
Development,SEA-seattle-5454776-0-1|qp13,historical,5.0,0-29,30,30,True,True,True,ec2ec6f109a846c21af8783dcd19863bddedaf541ac92be9704bfcaa6a9f827c,frozen run_specs plus configuration-labelled raw_final records,SEA-seattle-5454776-0-1,1.3227763888175617,0,0,30.0,PASS,True,data/submission/raw_final.csv,False,112.38279330008665
Development,SEA-seattle-5454776-0-1|qp13,historical,6.0,0-29,30,30,True,True,True,ec2ec6f109a846c21af8783dcd19863bddedaf541ac92be9704bfcaa6a9f827c,frozen run_specs plus configuration-labelled raw_final records,SEA-seattle-5454776-0-1,1.3227763888175617,0,0,30.0,PASS,True,data/submission/raw_final.csv,False,102.58098719990812
Development,SEA-seattle-5454776-0-1|qp13,historical,7.0,0-29,30,30,True,True,True,ec2ec6f109a846c21af8783dcd19863bddedaf541ac92be9704bfcaa6a9f827c,frozen run_specs plus configuration-labelled raw_final records,SEA-seattle-5454776-0-1,1.3227763888175617,0,0,30.0,PASS,True,new package,True,68.84485609992407
Development,SEA-seattle-5454776-0-1|qp13,historical,8.0,0-29,30,30,True,True,True,ec2ec6f109a846c21af8783dcd19863bddedaf541ac92be9704bfcaa6a9f827c,frozen run_specs plus configuration-labelled raw_final records,SEA-seattle-5454776-0-1,1.3227763888175617,0,0,30.0,PASS,True,data/submission/raw_final.csv,False,118.98238450055942
Development,SEA-seattle-5454776-0-1|qp13,historical,10.0,0-29,30,30,True,True,True,ec2ec6f109a846c21af8783dcd19863bddedaf541ac92be9704bfcaa6a9f827c,frozen run_specs plus configuration-labelled raw_final records,SEA-seattle-5454776-0-1,1.3227763888175617,0,0,30.0,PASS,True,data/submission/raw_final.csv,False,128.54522450035438
Development,SEA-seattle-5454776-0-1|qp13,historical,11.0,0-29,30,30,True,True,True,ec2ec6f109a846c21af8783dcd19863bddedaf541ac92be9704bfcaa6a9f827c,frozen run_specs plus configuration-labelled raw_final records,SEA-seattle-5454776-0-1,1.3227763888175617,0,0,30.0,PASS,True,new package,True,81.00729950008099
Development,SEA-seattle-5454776-0-1|qp13,historical,12.0,0-29,30,30,True,True,True,ec2ec6f109a846c21af8783dcd19863bddedaf541ac92be9704bfcaa6a9f827c,frozen run_specs plus configuration-labelled raw_final records,SEA-seattle-5454776-0-1,1.3227763888175617,0,0,30.0,PASS,True,data/submission/raw_final.csv,False,143.27282180055045
Development,SEA-seattle-5454776-0-1|qp13,historical,13.0,0-29,30,30,True,True,True,ec2ec6f109a846c21af8783dcd19863bddedaf541ac92be9704bfcaa6a9f827c,frozen run_specs plus configuration-labelled raw_final records,SEA-seattle-5454776-0-1,1.3227763888175617,0,0,30.0,PASS,True,data/submission/raw_final.csv,False,113.65400000102818
Development,SEA-seattle-5454776-0-1|qp13,historical,15.0,0-29,30,30,True,True,True,ec2ec6f109a846c21af8783dcd19863bddedaf541ac92be9704bfcaa6a9f827c,frozen run_specs plus configuration-labelled raw_final records,SEA-seattle-5454776-0-1,1.3227763888175617,0,0,30.0,PASS,True,data/submission/raw_final.csv,False,167.30943760019727
Development,SEA-seattle-5454776-0-1|qp13,historical,18.0,0-29,30,30,True,True,True,ec2ec6f109a846c21af8783dcd19863bddedaf541ac92be9704bfcaa6a9f827c,frozen run_specs plus configuration-labelled raw_final records,SEA-seattle-5454776-0-1,1.3227763888175617,0,0,29.0,PASS,True,data/submission/raw_final.csv,False,169.062556700781
Development,SEA-seattle-5454776-0-1|qp13,historical,20.0,0-29,30,30,True,True,True,ec2ec6f109a846c21af8783dcd19863bddedaf541ac92be9704bfcaa6a9f827c,frozen run_specs plus configuration-labelled raw_final records,SEA-seattle-5454776-0-1,1.3227763888175617,0,0,29.0,PASS,True,data/submission/raw_final.csv,False,182.97793980012648
Development,SEA-seattle-5454776-0-1|qp31,historical,0.0,0-29,30,30,True,True,True,fb088c4eb7871f2f1a44779b73e4d06e83ed0ca9c60548a06e3aeaf177c7a103,frozen run_specs plus configuration-labelled raw_final records,SEA-seattle-5454776-0-1,1.2656791346199496,0,0,30.0,PASS,True,data/submission/raw_final.csv,False,162.86603250005282
Development,SEA-seattle-5454776-0-1|qp31,historical,1.0,0-29,30,30,True,True,True,fb088c4eb7871f2f1a44779b73e4d06e83ed0ca9c60548a06e3aeaf177c7a103,frozen run_specs plus configuration-labelled raw_final records,SEA-seattle-5454776-0-1,1.2656791346199496,0,0,30.0,PASS,True,data/submission/raw_final.csv,False,146.6265496998094
Development,SEA-seattle-5454776-0-1|qp31,historical,2.0,0-29,30,30,True,True,True,fb088c4eb7871f2f1a44779b73e4d06e83ed0ca9c60548a06e3aeaf177c7a103,frozen run_specs plus configuration-labelled raw_final records,SEA-seattle-5454776-0-1,1.2656791346199496,0,0,30.0,PASS,True,data/submission/raw_final.csv,False,178.37953260052018
Development,SEA-seattle-5454776-0-1|qp31,historical,3.0,0-29,30,30,True,True,True,fb088c4eb7871f2f1a44779b73e4d06e83ed0ca9c60548a06e3aeaf177c7a103,frozen run_specs plus configuration-labelled raw_final records,SEA-seattle-5454776-0-1,1.2656791346199496,0,0,30.0,PASS,True,data/submission/raw_final.csv,False,180.68976810062304
Development,SEA-seattle-5454776-0-1|qp31,historical,4.0,0-29,30,30,True,True,True,fb088c4eb7871f2f1a44779b73e4d06e83ed0ca9c60548a06e3aeaf177c7a103,frozen run_specs plus configuration-labelled raw_final records,SEA-seattle-5454776-0-1,1.2656791346199496,0,0,30.0,PASS,True,data/submission/raw_final.csv,False,187.0012991996482
Development,SEA-seattle-5454776-0-1|qp31,historical,5.0,0-29,30,30,True,True,True,fb088c4eb7871f2f1a44779b73e4d06e83ed0ca9c60548a06e3aeaf177c7a103,frozen run_specs plus configuration-labelled raw_final records,SEA-seattle-5454776-0-1,1.2656791346199496,0,0,30.0,PASS,True,data/submission/raw_final.csv,False,192.3825112003833
Development,SEA-seattle-5454776-0-1|qp31,historical,6.0,0-29,30,30,True,True,True,fb088c4eb7871f2f1a44779b73e4d06e83ed0ca9c60548a06e3aeaf177c7a103,frozen run_specs plus configuration-labelled raw_final records,SEA-seattle-5454776-0-1,1.2656791346199496,0,0,30.0,PASS,True,data/submission/raw_final.csv,False,201.55692170048133
Development,SEA-seattle-5454776-0-1|qp31,historical,8.0,0-29,30,30,True,True,True,fb088c4eb7871f2f1a44779b73e4d06e83ed0ca9c60548a06e3aeaf177c7a103,frozen run_specs plus configuration-labelled raw_final records,SEA-seattle-5454776-0-1,1.2656791346199496,0,0,30.0,PASS,True,data/submission/raw_final.csv,False,209.98222770076245
Development,SEA-seattle-5454776-0-1|qp31,historical,10.0,0-29,30,30,True,True,True,fb088c4eb7871f2f1a44779b73e4d06e83ed0ca9c60548a06e3aeaf177c7a103,frozen run_specs plus configuration-labelled raw_final records,SEA-seattle-5454776-0-1,1.2656791346199496,0,0,30.0,PASS,True,data/submission/raw_final.csv,False,226.47353900037703
Development,SEA-seattle-5454776-0-1|qp31,historical,12.0,0-29,30,30,True,True,True,fb088c4eb7871f2f1a44779b73e4d06e83ed0ca9c60548a06e3aeaf177c7a103,frozen run_specs plus configuration-labelled raw_final records,SEA-seattle-5454776-0-1,1.2656791346199496,0,0,29.0,PASS,True,data/submission/raw_final.csv,False,230.5967168000061
Development,SEA-seattle-5454776-0-1|qp31,historical,13.0,0-29,30,30,True,True,True,fb088c4eb7871f2f1a44779b73e4d06e83ed0ca9c60548a06e3aeaf177c7a103,frozen run_specs plus configuration-labelled raw_final records,SEA-seattle-5454776-0-1,1.2656791346199496,0,0,29.0,PASS,True,data/submission/raw_final.csv,False,228.08908540057016
Development,SEA-seattle-5454776-0-1|qp31,historical,14.0,0-29,30,30,True,True,True,fb088c4eb7871f2f1a44779b73e4d06e83ed0ca9c60548a06e3aeaf177c7a103,frozen run_specs plus configuration-labelled raw_final records,SEA-seattle-5454776-0-1,1.2656791346199496,0,0,28.0,FAIL,True,data/submission/raw_final.csv,False,243.8758350003045
Development,SEA-seattle-5454776-0-1|qp31,historical,15.0,0-29,30,30,True,True,True,fb088c4eb7871f2f1a44779b73e4d06e83ed0ca9c60548a06e3aeaf177c7a103,frozen run_specs plus configuration-labelled raw_final records,SEA-seattle-5454776-0-1,1.2656791346199496,0,0,28.0,FAIL,True,data/submission/raw_final.csv,False,300.08596120006405
Development,SEA-seattle-5454776-0-1|qp31,historical,18.0,0-29,30,30,True,True,True,fb088c4eb7871f2f1a44779b73e4d06e83ed0ca9c60548a06e3aeaf177c7a103,frozen run_specs plus configuration-labelled raw_final records,SEA-seattle-5454776-0-1,1.2656791346199496,0,0,19.0,FAIL,True,data/submission/raw_final.csv,False,245.5570548006799
Development,SEA-seattle-5454776-0-1|qp31,historical,20.0,0-29,30,30,True,True,True,fb088c4eb7871f2f1a44779b73e4d06e83ed0ca9c60548a06e3aeaf177c7a103,frozen run_specs plus configuration-labelled raw_final records,SEA-seattle-5454776-0-1,1.2656791346199496,0,0,6.0,FAIL,True,data/submission/raw_final.csv,False,436.10981809999794
Development,SEA-seattle-5455466-0-0|qp18,historical,0.0,0-29,30,30,True,True,False,,no preserved run_spec,SEA-seattle-5455466-0-0,,0,0,,MISSING_CONFIGURATION_PROOF,False,data/submission/raw_final.csv,False,115.24697700003162
Development,SEA-seattle-5455466-0-0|qp18,historical,1.0,0-29,30,30,True,True,False,,no preserved run_spec,SEA-seattle-5455466-0-0,,0,0,,MISSING_CONFIGURATION_PROOF,False,data/submission/raw_final.csv,False,368.9826142999809
Development,SEA-seattle-5455466-0-0|qp8,historical,0.0,0-29,30,30,True,True,False,,no preserved run_spec,SEA-seattle-5455466-0-0,,0,0,,MISSING_CONFIGURATION_PROOF,False,data/submission/raw_final.csv,False,79.15096260001883
Development,SEA-seattle-5455466-0-0|qp8,historical,1.0,0-29,30,30,True,True,False,,no preserved run_spec,SEA-seattle-5455466-0-0,,0,0,,MISSING_CONFIGURATION_PROOF,False,data/submission/raw_final.csv,False,111.28868070011958
Development,SEA-seattle-5455998-0-0|qp18,historical,0.0,0-29,30,30,True,True,False,,no preserved run_spec,SEA-seattle-5455998-0-0,,0,0,,MISSING_CONFIGURATION_PROOF,False,data/submission/raw_final.csv,False,126.60344369942322
Development,SEA-seattle-5455998-0-0|qp18,historical,1.0,0-29,30,30,True,True,False,,no preserved run_spec,SEA-seattle-5455998-0-0,,0,0,,MISSING_CONFIGURATION_PROOF,False,data/submission/raw_final.csv,False,679.5804791997653
Development,SEA-seattle-5455998-0-0|qp8,historical,0.0,0-29,30,30,True,True,False,,no preserved run_spec,SEA-seattle-5455998-0-0,,0,0,,MISSING_CONFIGURATION_PROOF,False,data/submission/raw_final.csv,False,78.45531190093607
Development,SEA-seattle-5455998-0-0|qp8,historical,1.0,0-29,30,30,True,True,False,,no preserved run_spec,SEA-seattle-5455998-0-0,,0,0,,MISSING_CONFIGURATION_PROOF,False,data/submission/raw_final.csv,False,302.6711307996884
Development,SEA-seattle-5457277-0-2|qp18,historical,0.0,0-29,30,30,True,True,False,,no preserved run_spec,SEA-seattle-5457277-0-2,,0,0,,MISSING_CONFIGURATION_PROOF,False,data/submission/raw_final.csv,False,118.29167240019888
Development,SEA-seattle-5457277-0-2|qp18,historical,1.0,0-29,30,30,True,True,False,,no preserved run_spec,SEA-seattle-5457277-0-2,,0,0,,MISSING_CONFIGURATION_PROOF,False,data/submission/raw_final.csv,False,366.403645100072
Development,SEA-seattle-5457277-0-2|qp8,historical,0.0,0-29,30,30,True,True,False,,no preserved run_spec,SEA-seattle-5457277-0-2,,0,0,,MISSING_CONFIGURATION_PROOF,False,data/submission/raw_final.csv,False,76.21675200015306
Development,SEA-seattle-5457277-0-2|qp8,historical,1.0,0-29,30,30,True,True,False,,no preserved run_spec,SEA-seattle-5457277-0-2,,0,0,,MISSING_CONFIGURATION_PROOF,False,data/submission/raw_final.csv,False,138.80081999883987
Development,TAO-taoyuan-idx10181-0-0|qp22,historical,0.0,0-29,30,30,True,True,True,3e1e219710744fd635c08597ed44fe081e6b762a3f5345e1476b0e5ebaf15eaf,frozen run_specs plus configuration-labelled raw_final records,TAO-taoyuan-idx10181-0-0,1.225183366039171,0,0,30.0,PASS,True,data/submission/raw_final.csv,False,137.59712619986385
Development,TAO-taoyuan-idx10181-0-0|qp22,historical,1.0,0-29,30,30,True,True,True,3e1e219710744fd635c08597ed44fe081e6b762a3f5345e1476b0e5ebaf15eaf,frozen run_specs plus configuration-labelled raw_final records,TAO-taoyuan-idx10181-0-0,1.225183366039171,0,0,30.0,PASS,True,data/submission/raw_final.csv,False,137.62109269970097
Development,TAO-taoyuan-idx10181-0-0|qp22,historical,2.0,0-29,30,30,True,True,True,3e1e219710744fd635c08597ed44fe081e6b762a3f5345e1476b0e5ebaf15eaf,frozen run_specs plus configuration-labelled raw_final records,TAO-taoyuan-idx10181-0-0,1.225183366039171,0,0,30.0,PASS,True,data/submission/raw_final.csv,False,150.43497159914114
Development,TAO-taoyuan-idx10181-0-0|qp22,historical,3.0,0-29,30,30,True,True,True,3e1e219710744fd635c08597ed44fe081e6b762a3f5345e1476b0e5ebaf15eaf,frozen run_specs plus configuration-labelled raw_final records,TAO-taoyuan-idx10181-0-0,1.225183366039171,0,0,30.0,PASS,True,data/submission/raw_final.csv,False,146.05678869970143
Development,TAO-taoyuan-idx10181-0-0|qp22,historical,4.0,0-29,30,30,True,True,True,3e1e219710744fd635c08597ed44fe081e6b762a3f5345e1476b0e5ebaf15eaf,frozen run_specs plus configuration-labelled raw_final records,TAO-taoyuan-idx10181-0-0,1.225183366039171,0,0,30.0,PASS,True,data/submission/raw_final.csv,False,151.09252799977548
Development,TAO-taoyuan-idx10181-0-0|qp22,historical,5.0,0-29,30,30,True,True,True,3e1e219710744fd635c08597ed44fe081e6b762a3f5345e1476b0e5ebaf15eaf,frozen run_specs plus configuration-labelled raw_final records,TAO-taoyuan-idx10181-0-0,1.225183366039171,0,0,30.0,PASS,True,data/submission/raw_final.csv,False,160.99619249929674
Development,TAO-taoyuan-idx10181-0-0|qp22,historical,6.0,0-29,30,30,True,True,True,3e1e219710744fd635c08597ed44fe081e6b762a3f5345e1476b0e5ebaf15eaf,frozen run_specs plus configuration-labelled raw_final records,TAO-taoyuan-idx10181-0-0,1.225183366039171,0,0,29.0,PASS,True,data/submission/raw_final.csv,False,170.68488279986195
Development,TAO-taoyuan-idx10181-0-0|qp22,historical,7.0,0-29,30,30,True,True,True,3e1e219710744fd635c08597ed44fe081e6b762a3f5345e1476b0e5ebaf15eaf,frozen run_specs plus configuration-labelled raw_final records,TAO-taoyuan-idx10181-0-0,1.225183366039171,0,0,25.0,FAIL,True,data/submission/raw_final.csv,False,176.01870410121046
Development,TAO-taoyuan-idx10181-0-0|qp22,historical,8.0,0-29,30,30,True,True,True,3e1e219710744fd635c08597ed44fe081e6b762a3f5345e1476b0e5ebaf15eaf,frozen run_specs plus configuration-labelled raw_final records,TAO-taoyuan-idx10181-0-0,1.225183366039171,0,0,18.0,FAIL,True,data/submission/raw_final.csv,False,183.3305338986684
Development,TAO-taoyuan-idx10181-0-0|qp9,historical,0.0,0-29,30,30,True,True,True,8de4c147e42b51e93542808a13c4c3fb2ceb60e7cec4bcb81de855748142d4c6,frozen run_specs plus configuration-labelled raw_final records,TAO-taoyuan-idx10181-0-0,1.3175015099797982,0,0,30.0,PASS,True,data/submission/raw_final.csv,False,70.2912496002391
Development,TAO-taoyuan-idx10181-0-0|qp9,historical,0.0,10000-10029,30,30,True,True,True,8de4c147e42b51e93542808a13c4c3fb2ceb60e7cec4bcb81de855748142d4c6,frozen run_specs plus configuration-labelled raw_final records,TAO-taoyuan-idx10181-0-0,1.3105776811865852,0,0,30.0,PASS,True,new package,True,36.78469639993273
Development,TAO-taoyuan-idx10181-0-0|qp9,historical,1.0,0-29,30,30,True,True,True,8de4c147e42b51e93542808a13c4c3fb2ceb60e7cec4bcb81de855748142d4c6,frozen run_specs plus configuration-labelled raw_final records,TAO-taoyuan-idx10181-0-0,1.3175015099797982,0,0,30.0,PASS,True,data/submission/raw_final.csv,False,78.28748160065152
Development,TAO-taoyuan-idx10181-0-0|qp9,historical,2.0,0-29,30,30,True,True,True,8de4c147e42b51e93542808a13c4c3fb2ceb60e7cec4bcb81de855748142d4c6,frozen run_specs plus configuration-labelled raw_final records,TAO-taoyuan-idx10181-0-0,1.3175015099797982,0,0,30.0,PASS,True,data/submission/raw_final.csv,False,84.63943400024436
Development,TAO-taoyuan-idx10181-0-0|qp9,historical,3.0,0-29,30,30,True,True,True,8de4c147e42b51e93542808a13c4c3fb2ceb60e7cec4bcb81de855748142d4c6,frozen run_specs plus configuration-labelled raw_final records,TAO-taoyuan-idx10181-0-0,1.3175015099797982,0,0,30.0,PASS,True,data/submission/raw_final.csv,False,89.1128791004885
Development,TAO-taoyuan-idx10181-0-0|qp9,historical,4.0,0-29,30,30,True,True,True,8de4c147e42b51e93542808a13c4c3fb2ceb60e7cec4bcb81de855748142d4c6,frozen run_specs plus configuration-labelled raw_final records,TAO-taoyuan-idx10181-0-0,1.3175015099797982,0,0,30.0,PASS,True,data/submission/raw_final.csv,False,88.90144879976287
Development,TAO-taoyuan-idx10181-0-0|qp9,historical,5.0,0-29,30,30,True,True,True,8de4c147e42b51e93542808a13c4c3fb2ceb60e7cec4bcb81de855748142d4c6,frozen run_specs plus configuration-labelled raw_final records,TAO-taoyuan-idx10181-0-0,1.3175015099797982,0,0,30.0,PASS,True,data/submission/raw_final.csv,False,94.1009461004287
Development,TAO-taoyuan-idx10181-0-0|qp9,historical,6.0,0-29,30,30,True,True,True,8de4c147e42b51e93542808a13c4c3fb2ceb60e7cec4bcb81de855748142d4c6,frozen run_specs plus configuration-labelled raw_final records,TAO-taoyuan-idx10181-0-0,1.3175015099797982,0,0,29.0,PASS,True,data/submission/raw_final.csv,False,99.46436159987934
Development,TAO-taoyuan-idx10181-0-0|qp9,historical,6.0,10000-10029,30,30,True,True,True,8de4c147e42b51e93542808a13c4c3fb2ceb60e7cec4bcb81de855748142d4c6,frozen run_specs plus configuration-labelled raw_final records,TAO-taoyuan-idx10181-0-0,1.3105776811865852,0,0,29.0,PASS,True,new package,True,53.90681719992426
Development,TAO-taoyuan-idx10181-0-0|qp9,historical,7.0,0-29,30,30,True,True,True,8de4c147e42b51e93542808a13c4c3fb2ceb60e7cec4bcb81de855748142d4c6,frozen run_specs plus configuration-labelled raw_final records,TAO-taoyuan-idx10181-0-0,1.3175015099797982,0,0,28.0,FAIL,True,data/submission/raw_final.csv,False,98.18220069888048
Development,TAO-taoyuan-idx10181-0-0|qp9,historical,8.0,0-29,30,30,True,True,True,8de4c147e42b51e93542808a13c4c3fb2ceb60e7cec4bcb81de855748142d4c6,frozen run_specs plus configuration-labelled raw_final records,TAO-taoyuan-idx10181-0-0,1.3175015099797982,0,0,27.0,FAIL,True,data/submission/raw_final.csv,False,110.1362276992295
Development,TAO-taoyuan-idx10181-0-0|qp9,historical,8.0,10000-10029,30,30,True,True,True,8de4c147e42b51e93542808a13c4c3fb2ceb60e7cec4bcb81de855748142d4c6,frozen run_specs plus configuration-labelled raw_final records,TAO-taoyuan-idx10181-0-0,1.3105776811865852,0,0,29.0,PASS,True,new package,True,60.34562090010149
Development,TAO-taoyuan-idx10181-0-0|qp9,historical,10.0,0-29,30,30,True,True,True,8de4c147e42b51e93542808a13c4c3fb2ceb60e7cec4bcb81de855748142d4c6,frozen run_specs plus configuration-labelled raw_final records,TAO-taoyuan-idx10181-0-0,1.3175015099797982,0,0,26.0,FAIL,True,data/submission/raw_final.csv,False,113.0977315006312
Development,TAO-taoyuan-idx10181-0-0|qp9,historical,12.0,0-29,30,30,True,True,True,8de4c147e42b51e93542808a13c4c3fb2ceb60e7cec4bcb81de855748142d4c6,frozen run_specs plus configuration-labelled raw_final records,TAO-taoyuan-idx10181-0-0,1.3175015099797982,0,0,19.0,FAIL,True,data/submission/raw_final.csv,False,130.570495900698
Development,TAO-taoyuan-idx10181-0-0|qp9,historical,15.0,0-29,30,30,True,True,True,8de4c147e42b51e93542808a13c4c3fb2ceb60e7cec4bcb81de855748142d4c6,frozen run_specs plus configuration-labelled raw_final records,TAO-taoyuan-idx10181-0-0,1.3175015099797982,0,0,9.0,FAIL,True,data/submission/raw_final.csv,False,156.75179119920358
Development,TAO-taoyuan-idx158-0-0|qp15,historical,0.0,0-29,30,30,True,True,True,28b37ca823fabfce3ae880f2f96faec8f7ab8f38b2d6591a4c759765f8b43212,frozen run_specs plus configuration-labelled raw_final records,TAO-taoyuan-idx158-0-0,1.3224356042415384,0,0,30.0,PASS,True,data/submission/raw_final.csv,False,104.15830239956269
Development,TAO-taoyuan-idx158-0-0|qp15,historical,1.0,0-29,30,30,True,True,True,28b37ca823fabfce3ae880f2f96faec8f7ab8f38b2d6591a4c759765f8b43212,frozen run_specs plus configuration-labelled raw_final records,TAO-taoyuan-idx158-0-0,1.3224356042415384,0,0,30.0,PASS,True,data/submission/raw_final.csv,False,103.30162150040267
Development,TAO-taoyuan-idx158-0-0|qp15,historical,2.0,0-29,30,30,True,True,True,28b37ca823fabfce3ae880f2f96faec8f7ab8f38b2d6591a4c759765f8b43212,frozen run_specs plus configuration-labelled raw_final records,TAO-taoyuan-idx158-0-0,1.3224356042415384,0,0,30.0,PASS,True,data/submission/raw_final.csv,False,108.181396800559
Development,TAO-taoyuan-idx158-0-0|qp15,historical,3.0,0-29,30,30,True,True,True,28b37ca823fabfce3ae880f2f96faec8f7ab8f38b2d6591a4c759765f8b43212,frozen run_specs plus configuration-labelled raw_final records,TAO-taoyuan-idx158-0-0,1.3224356042415384,0,0,30.0,PASS,True,data/submission/raw_final.csv,False,112.87247989932077
Development,TAO-taoyuan-idx158-0-0|qp15,historical,4.0,0-29,30,30,True,True,True,28b37ca823fabfce3ae880f2f96faec8f7ab8f38b2d6591a4c759765f8b43212,frozen run_specs plus configuration-labelled raw_final records,TAO-taoyuan-idx158-0-0,1.3224356042415384,0,0,30.0,PASS,True,data/submission/raw_final.csv,False,111.12419350026175
Development,TAO-taoyuan-idx158-0-0|qp15,historical,5.0,0-29,30,30,True,True,True,28b37ca823fabfce3ae880f2f96faec8f7ab8f38b2d6591a4c759765f8b43212,frozen run_specs plus configuration-labelled raw_final records,TAO-taoyuan-idx158-0-0,1.3224356042415384,0,0,30.0,PASS,True,data/submission/raw_final.csv,False,120.05273829959332
Development,TAO-taoyuan-idx158-0-0|qp15,historical,6.0,0-29,30,30,True,True,True,28b37ca823fabfce3ae880f2f96faec8f7ab8f38b2d6591a4c759765f8b43212,frozen run_specs plus configuration-labelled raw_final records,TAO-taoyuan-idx158-0-0,1.3224356042415384,0,0,30.0,PASS,True,data/submission/raw_final.csv,False,120.0170154008083
Development,TAO-taoyuan-idx158-0-0|qp15,historical,8.0,0-29,30,30,True,True,True,28b37ca823fabfce3ae880f2f96faec8f7ab8f38b2d6591a4c759765f8b43212,frozen run_specs plus configuration-labelled raw_final records,TAO-taoyuan-idx158-0-0,1.3224356042415384,0,0,30.0,PASS,True,data/submission/raw_final.csv,False,130.07314910017885
Development,TAO-taoyuan-idx158-0-0|qp15,historical,10.0,0-29,30,30,True,True,True,28b37ca823fabfce3ae880f2f96faec8f7ab8f38b2d6591a4c759765f8b43212,frozen run_specs plus configuration-labelled raw_final records,TAO-taoyuan-idx158-0-0,1.3224356042415384,0,0,30.0,PASS,True,data/submission/raw_final.csv,False,135.9973813004326
Development,TAO-taoyuan-idx158-0-0|qp15,historical,12.0,0-29,30,30,True,True,True,28b37ca823fabfce3ae880f2f96faec8f7ab8f38b2d6591a4c759765f8b43212,frozen run_specs plus configuration-labelled raw_final records,TAO-taoyuan-idx158-0-0,1.3224356042415384,0,0,30.0,PASS,True,data/submission/raw_final.csv,False,157.23349999939092
Development,TAO-taoyuan-idx158-0-0|qp15,historical,13.0,0-29,30,30,True,True,True,28b37ca823fabfce3ae880f2f96faec8f7ab8f38b2d6591a4c759765f8b43212,frozen run_specs plus configuration-labelled raw_final records,TAO-taoyuan-idx158-0-0,1.3224356042415384,0,0,30.0,PASS,True,data/submission/raw_final.csv,False,111.53199999942444
Development,TAO-taoyuan-idx158-0-0|qp15,historical,14.0,0-29,30,30,True,True,True,28b37ca823fabfce3ae880f2f96faec8f7ab8f38b2d6591a4c759765f8b43212,frozen run_specs plus configuration-labelled raw_final records,TAO-taoyuan-idx158-0-0,1.3224356042415384,0,0,30.0,PASS,True,new package,True,96.39878699998371
Development,TAO-taoyuan-idx158-0-0|qp15,historical,15.0,0-29,30,30,True,True,True,28b37ca823fabfce3ae880f2f96faec8f7ab8f38b2d6591a4c759765f8b43212,frozen run_specs plus configuration-labelled raw_final records,TAO-taoyuan-idx158-0-0,1.3224356042415384,0,0,30.0,PASS,True,data/submission/raw_final.csv,False,181.11076090089043
Development,TAO-taoyuan-idx158-0-0|qp15,historical,16.0,0-29,30,30,True,True,True,28b37ca823fabfce3ae880f2f96faec8f7ab8f38b2d6591a4c759765f8b43212,frozen run_specs plus configuration-labelled raw_final records,TAO-taoyuan-idx158-0-0,1.3224356042415384,0,0,30.0,PASS,True,data/submission/raw_final.csv,False,110.9699999995064
Development,TAO-taoyuan-idx158-0-0|qp15,historical,18.0,0-29,30,30,True,True,True,28b37ca823fabfce3ae880f2f96faec8f7ab8f38b2d6591a4c759765f8b43212,frozen run_specs plus configuration-labelled raw_final records,TAO-taoyuan-idx158-0-0,1.3224356042415384,0,0,30.0,PASS,True,data/submission/raw_final.csv,False,164.73412290099077
Development,TAO-taoyuan-idx158-0-0|qp15,historical,20.0,0-29,30,30,True,True,True,28b37ca823fabfce3ae880f2f96faec8f7ab8f38b2d6591a4c759765f8b43212,frozen run_specs plus configuration-labelled raw_final records,TAO-taoyuan-idx158-0-0,1.3224356042415384,0,0,30.0,PASS,True,data/submission/raw_final.csv,False,195.82128650066443
Development,TAO-taoyuan-idx158-0-0|qp36,historical,0.0,0-29,30,30,True,True,True,c12a8c055e025f9be9a91fd0a6d8446816a8f7f5ecda2e8a9a0dccaf52997663,frozen run_specs plus configuration-labelled raw_final records,TAO-taoyuan-idx158-0-0,1.253589780558996,0,0,30.0,PASS,True,data/submission/raw_final.csv,False,200.1513309001457
Development,TAO-taoyuan-idx158-0-0|qp36,historical,1.0,0-29,30,30,True,True,True,c12a8c055e025f9be9a91fd0a6d8446816a8f7f5ecda2e8a9a0dccaf52997663,frozen run_specs plus configuration-labelled raw_final records,TAO-taoyuan-idx158-0-0,1.253589780558996,0,0,30.0,PASS,True,data/submission/raw_final.csv,False,196.72826189966872
Development,TAO-taoyuan-idx158-0-0|qp36,historical,2.0,0-29,30,30,True,True,True,c12a8c055e025f9be9a91fd0a6d8446816a8f7f5ecda2e8a9a0dccaf52997663,frozen run_specs plus configuration-labelled raw_final records,TAO-taoyuan-idx158-0-0,1.253589780558996,0,0,30.0,PASS,True,data/submission/raw_final.csv,False,222.92866679979488
Development,TAO-taoyuan-idx158-0-0|qp36,historical,3.0,0-29,30,30,True,True,True,c12a8c055e025f9be9a91fd0a6d8446816a8f7f5ecda2e8a9a0dccaf52997663,frozen run_specs plus configuration-labelled raw_final records,TAO-taoyuan-idx158-0-0,1.253589780558996,0,0,30.0,PASS,True,data/submission/raw_final.csv,False,226.06230250070803
Development,TAO-taoyuan-idx158-0-0|qp36,historical,4.0,0-29,30,30,True,True,True,c12a8c055e025f9be9a91fd0a6d8446816a8f7f5ecda2e8a9a0dccaf52997663,frozen run_specs plus configuration-labelled raw_final records,TAO-taoyuan-idx158-0-0,1.253589780558996,0,0,30.0,PASS,True,data/submission/raw_final.csv,False,222.51269119954668
Development,TAO-taoyuan-idx158-0-0|qp36,historical,5.0,0-29,30,30,True,True,True,c12a8c055e025f9be9a91fd0a6d8446816a8f7f5ecda2e8a9a0dccaf52997663,frozen run_specs plus configuration-labelled raw_final records,TAO-taoyuan-idx158-0-0,1.253589780558996,0,0,30.0,PASS,True,data/submission/raw_final.csv,False,252.93409519968557
Development,TAO-taoyuan-idx158-0-0|qp36,historical,6.0,0-29,30,30,True,True,True,c12a8c055e025f9be9a91fd0a6d8446816a8f7f5ecda2e8a9a0dccaf52997663,frozen run_specs plus configuration-labelled raw_final records,TAO-taoyuan-idx158-0-0,1.253589780558996,0,0,30.0,PASS,True,data/submission/raw_final.csv,False,237.7611535002943
Development,TAO-taoyuan-idx158-0-0|qp36,historical,7.0,0-29,30,30,True,True,True,c12a8c055e025f9be9a91fd0a6d8446816a8f7f5ecda2e8a9a0dccaf52997663,frozen run_specs plus configuration-labelled raw_final records,TAO-taoyuan-idx158-0-0,1.253589780558996,0,0,30.0,PASS,True,data/submission/raw_final.csv,False,203.38739010016437
Development,TAO-taoyuan-idx158-0-0|qp36,historical,8.0,0-29,30,30,True,True,True,c12a8c055e025f9be9a91fd0a6d8446816a8f7f5ecda2e8a9a0dccaf52997663,frozen run_specs plus configuration-labelled raw_final records,TAO-taoyuan-idx158-0-0,1.253589780558996,0,0,30.0,PASS,True,data/submission/raw_final.csv,False,250.91361790010703
Development,TAO-taoyuan-idx158-0-0|qp36,historical,10.0,0-29,30,30,True,True,True,c12a8c055e025f9be9a91fd0a6d8446816a8f7f5ecda2e8a9a0dccaf52997663,frozen run_specs plus configuration-labelled raw_final records,TAO-taoyuan-idx158-0-0,1.253589780558996,0,0,30.0,PASS,True,data/submission/raw_final.csv,False,266.35471639968455
Development,TAO-taoyuan-idx158-0-0|qp36,historical,11.0,0-29,30,30,True,True,True,c12a8c055e025f9be9a91fd0a6d8446816a8f7f5ecda2e8a9a0dccaf52997663,frozen run_specs plus configuration-labelled raw_final records,TAO-taoyuan-idx158-0-0,1.253589780558996,0,0,30.0,PASS,True,data/submission/raw_final.csv,False,251.31113040074703
Development,TAO-taoyuan-idx158-0-0|qp36,historical,12.0,0-29,30,30,True,True,True,c12a8c055e025f9be9a91fd0a6d8446816a8f7f5ecda2e8a9a0dccaf52997663,frozen run_specs plus configuration-labelled raw_final records,TAO-taoyuan-idx158-0-0,1.253589780558996,0,0,28.0,FAIL,True,data/submission/raw_final.csv,False,284.1941563000437
Development,TAO-taoyuan-idx158-0-0|qp36,historical,15.0,0-29,30,30,True,True,True,c12a8c055e025f9be9a91fd0a6d8446816a8f7f5ecda2e8a9a0dccaf52997663,frozen run_specs plus configuration-labelled raw_final records,TAO-taoyuan-idx158-0-0,1.253589780558996,0,0,24.0,FAIL,True,data/submission/raw_final.csv,False,325.7759491999168
Development,TAO-taoyuan-idx158-0-0|qp36,historical,18.0,0-29,30,30,True,True,True,c12a8c055e025f9be9a91fd0a6d8446816a8f7f5ecda2e8a9a0dccaf52997663,frozen run_specs plus configuration-labelled raw_final records,TAO-taoyuan-idx158-0-0,1.253589780558996,0,0,11.0,FAIL,True,data/submission/raw_final.csv,False,306.7907980992459
Development,TAO-taoyuan-idx1898-0-4|qp18,historical,0.0,0-29,30,30,True,True,False,,no preserved run_spec,TAO-taoyuan-idx1898-0-4,,0,0,,MISSING_CONFIGURATION_PROOF,False,data/submission/raw_final.csv,False,117.48642639955506
Development,TAO-taoyuan-idx1898-0-4|qp18,historical,1.0,0-29,30,30,True,True,False,,no preserved run_spec,TAO-taoyuan-idx1898-0-4,,0,0,,MISSING_CONFIGURATION_PROOF,False,data/submission/raw_final.csv,False,679.39786909963
Development,TAO-taoyuan-idx1898-0-4|qp7,historical,0.0,0-29,30,30,True,True,False,,no preserved run_spec,TAO-taoyuan-idx1898-0-4,,0,0,,MISSING_CONFIGURATION_PROOF,False,data/submission/raw_final.csv,False,69.17144920001738
Development,TAO-taoyuan-idx1898-0-4|qp7,historical,1.0,0-29,30,30,True,True,False,,no preserved run_spec,TAO-taoyuan-idx1898-0-4,,0,0,,MISSING_CONFIGURATION_PROOF,False,data/submission/raw_final.csv,False,293.1277713002637
Development,TAO-taoyuan-idx2361-0-3|qp2,historical,0.0,0-29,30,30,True,True,False,,no preserved run_spec,TAO-taoyuan-idx2361-0-3,,0,0,,MISSING_CONFIGURATION_PROOF,False,data/submission/raw_final.csv,False,172.08114170026963
Development,TAO-taoyuan-idx2361-0-3|qp6,historical,0.0,0-29,30,30,True,True,False,,no preserved run_spec,TAO-taoyuan-idx2361-0-3,,0,0,,MISSING_CONFIGURATION_PROOF,False,data/submission/raw_final.csv,False,358.8946328000165
Development,TAO-taoyuan-idx3410-0-9|qp12,historical,0.0,0-29,30,30,True,True,True,2ac4b0266611e7f36bfe32cb4c597169812fd6773972b518afce18cefe0a2d3e,frozen run_specs plus configuration-labelled raw_final records,TAO-taoyuan-idx3410-0-9,1.3239261377177691,0,0,30.0,PASS,True,data/submission/raw_final.csv,False,92.40879340004176
Development,TAO-taoyuan-idx3410-0-9|qp12,historical,1.0,0-29,30,30,True,True,True,2ac4b0266611e7f36bfe32cb4c597169812fd6773972b518afce18cefe0a2d3e,frozen run_specs plus configuration-labelled raw_final records,TAO-taoyuan-idx3410-0-9,1.3239261377177691,0,0,30.0,PASS,True,data/submission/raw_final.csv,False,88.76178600033745
Development,TAO-taoyuan-idx3410-0-9|qp12,historical,2.0,0-29,30,30,True,True,True,2ac4b0266611e7f36bfe32cb4c597169812fd6773972b518afce18cefe0a2d3e,frozen run_specs plus configuration-labelled raw_final records,TAO-taoyuan-idx3410-0-9,1.3239261377177691,0,0,30.0,PASS,True,data/submission/raw_final.csv,False,96.25498929992318
Development,TAO-taoyuan-idx3410-0-9|qp12,historical,3.0,0-29,30,30,True,True,True,2ac4b0266611e7f36bfe32cb4c597169812fd6773972b518afce18cefe0a2d3e,frozen run_specs plus configuration-labelled raw_final records,TAO-taoyuan-idx3410-0-9,1.3239261377177691,0,0,30.0,PASS,True,data/submission/raw_final.csv,False,100.71762159978972
Development,TAO-taoyuan-idx3410-0-9|qp12,historical,4.0,0-29,30,30,True,True,True,2ac4b0266611e7f36bfe32cb4c597169812fd6773972b518afce18cefe0a2d3e,frozen run_specs plus configuration-labelled raw_final records,TAO-taoyuan-idx3410-0-9,1.3239261377177691,0,0,30.0,PASS,True,data/submission/raw_final.csv,False,102.50240920088254
Development,TAO-taoyuan-idx3410-0-9|qp12,historical,5.0,0-29,30,30,True,True,True,2ac4b0266611e7f36bfe32cb4c597169812fd6773972b518afce18cefe0a2d3e,frozen run_specs plus configuration-labelled raw_final records,TAO-taoyuan-idx3410-0-9,1.3239261377177691,0,0,30.0,PASS,True,data/submission/raw_final.csv,False,107.40072630043142
Development,TAO-taoyuan-idx3410-0-9|qp12,historical,6.0,0-29,30,30,True,True,True,2ac4b0266611e7f36bfe32cb4c597169812fd6773972b518afce18cefe0a2d3e,frozen run_specs plus configuration-labelled raw_final records,TAO-taoyuan-idx3410-0-9,1.3239261377177691,0,0,30.0,PASS,True,data/submission/raw_final.csv,False,110.72366979997604
Development,TAO-taoyuan-idx3410-0-9|qp12,historical,7.0,0-29,30,30,True,True,True,2ac4b0266611e7f36bfe32cb4c597169812fd6773972b518afce18cefe0a2d3e,frozen run_specs plus configuration-labelled raw_final records,TAO-taoyuan-idx3410-0-9,1.3239261377177691,0,0,30.0,PASS,True,new package,True,66.39720689988462
Development,TAO-taoyuan-idx3410-0-9|qp12,historical,8.0,0-29,30,30,True,True,True,2ac4b0266611e7f36bfe32cb4c597169812fd6773972b518afce18cefe0a2d3e,frozen run_specs plus configuration-labelled raw_final records,TAO-taoyuan-idx3410-0-9,1.3239261377177691,0,0,30.0,PASS,True,data/submission/raw_final.csv,False,121.3539323010482
Development,TAO-taoyuan-idx3410-0-9|qp12,historical,9.0,0-29,30,30,True,True,True,2ac4b0266611e7f36bfe32cb4c597169812fd6773972b518afce18cefe0a2d3e,frozen run_specs plus configuration-labelled raw_final records,TAO-taoyuan-idx3410-0-9,1.3239261377177691,0,0,30.0,PASS,True,data/submission/raw_final.csv,False,88.00200000032783
Development,TAO-taoyuan-idx3410-0-9|qp12,historical,10.0,0-29,30,30,True,True,True,2ac4b0266611e7f36bfe32cb4c597169812fd6773972b518afce18cefe0a2d3e,frozen run_specs plus configuration-labelled raw_final records,TAO-taoyuan-idx3410-0-9,1.3239261377177691,0,0,30.0,PASS,True,data/submission/raw_final.csv,False,132.03730619931594
Development,TAO-taoyuan-idx3410-0-9|qp12,historical,11.0,0-29,30,30,True,True,True,2ac4b0266611e7f36bfe32cb4c597169812fd6773972b518afce18cefe0a2d3e,frozen run_specs plus configuration-labelled raw_final records,TAO-taoyuan-idx3410-0-9,1.3239261377177691,0,0,30.0,PASS,True,new package,True,78.28665820005699
Development,TAO-taoyuan-idx3410-0-9|qp12,historical,12.0,0-29,30,30,True,True,True,2ac4b0266611e7f36bfe32cb4c597169812fd6773972b518afce18cefe0a2d3e,frozen run_specs plus configuration-labelled raw_final records,TAO-taoyuan-idx3410-0-9,1.3239261377177691,0,0,30.0,PASS,True,data/submission/raw_final.csv,False,149.6339253000915
Development,TAO-taoyuan-idx3410-0-9|qp12,historical,13.0,0-29,30,30,True,True,True,2ac4b0266611e7f36bfe32cb4c597169812fd6773972b518afce18cefe0a2d3e,frozen run_specs plus configuration-labelled raw_final records,TAO-taoyuan-idx3410-0-9,1.3239261377177691,0,0,29.0,PASS,True,data/submission/raw_final.csv,False,86.24417309951968
Development,TAO-taoyuan-idx3410-0-9|qp12,historical,15.0,0-29,30,30,True,True,True,2ac4b0266611e7f36bfe32cb4c597169812fd6773972b518afce18cefe0a2d3e,frozen run_specs plus configuration-labelled raw_final records,TAO-taoyuan-idx3410-0-9,1.3239261377177691,0,0,29.0,PASS,True,data/submission/raw_final.csv,False,166.17920279991813
Development,TAO-taoyuan-idx3410-0-9|qp12,historical,16.0,0-29,30,30,True,True,True,2ac4b0266611e7f36bfe32cb4c597169812fd6773972b518afce18cefe0a2d3e,frozen run_specs plus configuration-labelled raw_final records,TAO-taoyuan-idx3410-0-9,1.3239261377177691,0,0,29.0,PASS,True,data/submission/raw_final.csv,False,152.68954910011962
Development,TAO-taoyuan-idx3410-0-9|qp12,historical,17.0,0-29,30,30,True,True,True,2ac4b0266611e7f36bfe32cb4c597169812fd6773972b518afce18cefe0a2d3e,frozen run_specs plus configuration-labelled raw_final records,TAO-taoyuan-idx3410-0-9,1.3239261377177691,0,0,28.0,FAIL,True,data/submission/raw_final.csv,False,159.21413970016874
Development,TAO-taoyuan-idx3410-0-9|qp12,historical,18.0,0-29,30,30,True,True,True,2ac4b0266611e7f36bfe32cb4c597169812fd6773972b518afce18cefe0a2d3e,frozen run_specs plus configuration-labelled raw_final records,TAO-taoyuan-idx3410-0-9,1.3239261377177691,0,0,28.0,FAIL,True,data/submission/raw_final.csv,False,173.19290879974142
Development,TAO-taoyuan-idx3410-0-9|qp12,historical,20.0,0-29,30,30,True,True,True,2ac4b0266611e7f36bfe32cb4c597169812fd6773972b518afce18cefe0a2d3e,frozen run_specs plus configuration-labelled raw_final records,TAO-taoyuan-idx3410-0-9,1.3239261377177691,0,0,24.0,FAIL,True,data/submission/raw_final.csv,False,183.64571589999832
Development,TAO-taoyuan-idx3410-0-9|qp29,historical,0.0,0-29,30,30,True,True,True,b7074966ddaf0c88cfde58a540072bc219ff8513a668dd71c13ba3df282fd15b,frozen run_specs plus configuration-labelled raw_final records,TAO-taoyuan-idx3410-0-9,1.2598499788695925,0,0,30.0,PASS,True,data/submission/raw_final.csv,False,170.4817415003199
Development,TAO-taoyuan-idx3410-0-9|qp29,historical,1.0,0-29,30,30,True,True,True,b7074966ddaf0c88cfde58a540072bc219ff8513a668dd71c13ba3df282fd15b,frozen run_specs plus configuration-labelled raw_final records,TAO-taoyuan-idx3410-0-9,1.2598499788695925,0,0,30.0,PASS,True,data/submission/raw_final.csv,False,161.76954529969953
Development,TAO-taoyuan-idx3410-0-9|qp29,historical,2.0,0-29,30,30,True,True,True,b7074966ddaf0c88cfde58a540072bc219ff8513a668dd71c13ba3df282fd15b,frozen run_specs plus configuration-labelled raw_final records,TAO-taoyuan-idx3410-0-9,1.2598499788695925,0,0,30.0,PASS,True,data/submission/raw_final.csv,False,181.91030970029533
Development,TAO-taoyuan-idx3410-0-9|qp29,historical,3.0,0-29,30,30,True,True,True,b7074966ddaf0c88cfde58a540072bc219ff8513a668dd71c13ba3df282fd15b,frozen run_specs plus configuration-labelled raw_final records,TAO-taoyuan-idx3410-0-9,1.2598499788695925,0,0,30.0,PASS,True,data/submission/raw_final.csv,False,186.77675779978745
Development,TAO-taoyuan-idx3410-0-9|qp29,historical,4.0,0-29,30,30,True,True,True,b7074966ddaf0c88cfde58a540072bc219ff8513a668dd71c13ba3df282fd15b,frozen run_specs plus configuration-labelled raw_final records,TAO-taoyuan-idx3410-0-9,1.2598499788695925,0,0,30.0,PASS,True,data/submission/raw_final.csv,False,183.17059739958492
Development,TAO-taoyuan-idx3410-0-9|qp29,historical,5.0,0-29,30,30,True,True,True,b7074966ddaf0c88cfde58a540072bc219ff8513a668dd71c13ba3df282fd15b,frozen run_specs plus configuration-labelled raw_final records,TAO-taoyuan-idx3410-0-9,1.2598499788695925,0,0,30.0,PASS,True,data/submission/raw_final.csv,False,215.77084239991385
Development,TAO-taoyuan-idx3410-0-9|qp29,historical,6.0,0-29,30,30,True,True,True,b7074966ddaf0c88cfde58a540072bc219ff8513a668dd71c13ba3df282fd15b,frozen run_specs plus configuration-labelled raw_final records,TAO-taoyuan-idx3410-0-9,1.2598499788695925,0,0,30.0,PASS,True,data/submission/raw_final.csv,False,198.24862810061316
Development,TAO-taoyuan-idx3410-0-9|qp29,historical,8.0,0-29,30,30,True,True,True,b7074966ddaf0c88cfde58a540072bc219ff8513a668dd71c13ba3df282fd15b,frozen run_specs plus configuration-labelled raw_final records,TAO-taoyuan-idx3410-0-9,1.2598499788695925,0,0,30.0,PASS,True,data/submission/raw_final.csv,False,214.20830100006424
Development,TAO-taoyuan-idx3410-0-9|qp29,historical,10.0,0-29,30,30,True,True,True,b7074966ddaf0c88cfde58a540072bc219ff8513a668dd71c13ba3df282fd15b,frozen run_specs plus configuration-labelled raw_final records,TAO-taoyuan-idx3410-0-9,1.2598499788695925,0,0,30.0,PASS,True,data/submission/raw_final.csv,False,232.5766678999644
Development,TAO-taoyuan-idx3410-0-9|qp29,historical,11.0,0-29,30,30,True,True,True,b7074966ddaf0c88cfde58a540072bc219ff8513a668dd71c13ba3df282fd15b,frozen run_specs plus configuration-labelled raw_final records,TAO-taoyuan-idx3410-0-9,1.2598499788695925,0,0,29.0,PASS,True,data/submission/raw_final.csv,False,222.28649010020308
Development,TAO-taoyuan-idx3410-0-9|qp29,historical,12.0,0-29,30,30,True,True,True,b7074966ddaf0c88cfde58a540072bc219ff8513a668dd71c13ba3df282fd15b,frozen run_specs plus configuration-labelled raw_final records,TAO-taoyuan-idx3410-0-9,1.2598499788695925,0,0,27.0,FAIL,True,data/submission/raw_final.csv,False,254.7272143994924
Development,TAO-taoyuan-idx3410-0-9|qp29,historical,15.0,0-29,30,30,True,True,True,b7074966ddaf0c88cfde58a540072bc219ff8513a668dd71c13ba3df282fd15b,frozen run_specs plus configuration-labelled raw_final records,TAO-taoyuan-idx3410-0-9,1.2598499788695925,0,0,18.0,FAIL,True,data/submission/raw_final.csv,False,274.7117456996348
Development,TAO-taoyuan-idx3410-0-9|qp29,historical,18.0,0-29,30,30,True,True,True,b7074966ddaf0c88cfde58a540072bc219ff8513a668dd71c13ba3df282fd15b,frozen run_specs plus configuration-labelled raw_final records,TAO-taoyuan-idx3410-0-9,1.2598499788695925,0,0,6.0,FAIL,True,data/submission/raw_final.csv,False,284.24649899988435
Development,TAO-taoyuan-idx3430-0-3|qp10,historical,0.0,0-29,30,30,True,True,True,5649782ad8547bb15833e018fecd1e2aae23b1e9c98333d035cb68747dd7a1ff,frozen run_specs plus configuration-labelled raw_final records,TAO-taoyuan-idx3430-0-3,1.316568709012731,0,0,30.0,PASS,True,data/submission/raw_final.csv,False,83.68060869956389
Development,TAO-taoyuan-idx3430-0-3|qp10,historical,1.0,0-29,30,30,True,True,True,5649782ad8547bb15833e018fecd1e2aae23b1e9c98333d035cb68747dd7a1ff,frozen run_specs plus configuration-labelled raw_final records,TAO-taoyuan-idx3430-0-3,1.316568709012731,0,0,30.0,PASS,True,data/submission/raw_final.csv,False,82.71946059982292
Development,TAO-taoyuan-idx3430-0-3|qp10,historical,2.0,0-29,30,30,True,True,True,5649782ad8547bb15833e018fecd1e2aae23b1e9c98333d035cb68747dd7a1ff,frozen run_specs plus configuration-labelled raw_final records,TAO-taoyuan-idx3430-0-3,1.316568709012731,0,0,30.0,PASS,True,data/submission/raw_final.csv,False,84.12720520049334
Development,TAO-taoyuan-idx3430-0-3|qp10,historical,3.0,0-29,30,30,True,True,True,5649782ad8547bb15833e018fecd1e2aae23b1e9c98333d035cb68747dd7a1ff,frozen run_specs plus configuration-labelled raw_final records,TAO-taoyuan-idx3430-0-3,1.316568709012731,0,0,30.0,PASS,True,data/submission/raw_final.csv,False,89.05861310078762
Development,TAO-taoyuan-idx3430-0-3|qp10,historical,4.0,0-29,30,30,True,True,True,5649782ad8547bb15833e018fecd1e2aae23b1e9c98333d035cb68747dd7a1ff,frozen run_specs plus configuration-labelled raw_final records,TAO-taoyuan-idx3430-0-3,1.316568709012731,0,0,30.0,PASS,True,data/submission/raw_final.csv,False,92.94186990032904
Development,TAO-taoyuan-idx3430-0-3|qp10,historical,5.0,0-29,30,30,True,True,True,5649782ad8547bb15833e018fecd1e2aae23b1e9c98333d035cb68747dd7a1ff,frozen run_specs plus configuration-labelled raw_final records,TAO-taoyuan-idx3430-0-3,1.316568709012731,0,0,30.0,PASS,True,data/submission/raw_final.csv,False,104.42947239917704
Development,TAO-taoyuan-idx3430-0-3|qp10,historical,6.0,0-29,30,30,True,True,True,5649782ad8547bb15833e018fecd1e2aae23b1e9c98333d035cb68747dd7a1ff,frozen run_specs plus configuration-labelled raw_final records,TAO-taoyuan-idx3430-0-3,1.316568709012731,0,0,30.0,PASS,True,data/submission/raw_final.csv,False,102.21357370004988
Development,TAO-taoyuan-idx3430-0-3|qp10,historical,7.0,0-29,30,30,True,True,True,5649782ad8547bb15833e018fecd1e2aae23b1e9c98333d035cb68747dd7a1ff,frozen run_specs plus configuration-labelled raw_final records,TAO-taoyuan-idx3430-0-3,1.316568709012731,0,0,30.0,PASS,True,data/submission/raw_final.csv,False,77.28735970053822
Development,TAO-taoyuan-idx3430-0-3|qp10,historical,8.0,0-29,30,30,True,True,True,5649782ad8547bb15833e018fecd1e2aae23b1e9c98333d035cb68747dd7a1ff,frozen run_specs plus configuration-labelled raw_final records,TAO-taoyuan-idx3430-0-3,1.316568709012731,0,0,30.0,PASS,True,data/submission/raw_final.csv,False,113.05595080088824
Development,TAO-taoyuan-idx3430-0-3|qp10,historical,9.0,0-29,30,30,True,True,True,5649782ad8547bb15833e018fecd1e2aae23b1e9c98333d035cb68747dd7a1ff,frozen run_specs plus configuration-labelled raw_final records,TAO-taoyuan-idx3430-0-3,1.316568709012731,0,0,30.0,PASS,True,data/submission/raw_final.csv,False,115.59831689926796
Development,TAO-taoyuan-idx3430-0-3|qp10,historical,10.0,0-29,30,30,True,True,True,5649782ad8547bb15833e018fecd1e2aae23b1e9c98333d035cb68747dd7a1ff,frozen run_specs plus configuration-labelled raw_final records,TAO-taoyuan-idx3430-0-3,1.316568709012731,0,0,28.0,FAIL,True,data/submission/raw_final.csv,False,123.01903380057774
Development,TAO-taoyuan-idx3430-0-3|qp10,historical,12.0,0-29,30,30,True,True,True,5649782ad8547bb15833e018fecd1e2aae23b1e9c98333d035cb68747dd7a1ff,frozen run_specs plus configuration-labelled raw_final records,TAO-taoyuan-idx3430-0-3,1.316568709012731,0,0,28.0,FAIL,True,data/submission/raw_final.csv,False,138.39558070036583
Development,TAO-taoyuan-idx3430-0-3|qp10,historical,15.0,0-29,30,30,True,True,True,5649782ad8547bb15833e018fecd1e2aae23b1e9c98333d035cb68747dd7a1ff,frozen run_specs plus configuration-labelled raw_final records,TAO-taoyuan-idx3430-0-3,1.316568709012731,0,0,22.0,FAIL,True,data/submission/raw_final.csv,False,153.9964551005978
Development,TAO-taoyuan-idx3430-0-3|qp10,historical,18.0,0-29,30,30,True,True,True,5649782ad8547bb15833e018fecd1e2aae23b1e9c98333d035cb68747dd7a1ff,frozen run_specs plus configuration-labelled raw_final records,TAO-taoyuan-idx3430-0-3,1.316568709012731,0,0,11.0,FAIL,True,data/submission/raw_final.csv,False,169.51203240035102
Development,TAO-taoyuan-idx3430-0-3|qp24,historical,0.0,0-29,30,30,True,True,True,d77d88647d2d50c3911250c7a9ff5ee63d40d7a9c0709dd81c675e5ead3bf0b0,frozen run_specs plus configuration-labelled raw_final records,TAO-taoyuan-idx3430-0-3,1.2387846125732933,0,0,30.0,PASS,True,data/submission/raw_final.csv,False,149.17593289981596
Development,TAO-taoyuan-idx3430-0-3|qp24,historical,0.0,10000-10029,30,30,True,True,True,d77d88647d2d50c3911250c7a9ff5ee63d40d7a9c0709dd81c675e5ead3bf0b0,frozen run_specs plus configuration-labelled raw_final records,TAO-taoyuan-idx3430-0-3,1.2295104182944816,0,0,30.0,PASS,True,new package,True,85.37784229996032
Development,TAO-taoyuan-idx3430-0-3|qp24,historical,1.0,0-29,30,30,True,True,True,d77d88647d2d50c3911250c7a9ff5ee63d40d7a9c0709dd81c675e5ead3bf0b0,frozen run_specs plus configuration-labelled raw_final records,TAO-taoyuan-idx3430-0-3,1.2387846125732933,0,0,30.0,PASS,True,data/submission/raw_final.csv,False,149.50632169866003
Development,TAO-taoyuan-idx3430-0-3|qp24,historical,1.0,10000-10029,30,30,True,True,True,d77d88647d2d50c3911250c7a9ff5ee63d40d7a9c0709dd81c675e5ead3bf0b0,frozen run_specs plus configuration-labelled raw_final records,TAO-taoyuan-idx3430-0-3,1.2295104182944816,0,0,30.0,PASS,True,new package,True,90.66335010004696
Development,TAO-taoyuan-idx3430-0-3|qp24,historical,2.0,0-29,30,30,True,True,True,d77d88647d2d50c3911250c7a9ff5ee63d40d7a9c0709dd81c675e5ead3bf0b0,frozen run_specs plus configuration-labelled raw_final records,TAO-taoyuan-idx3430-0-3,1.2387846125732933,0,0,30.0,PASS,True,data/submission/raw_final.csv,False,157.9154685998801
Development,TAO-taoyuan-idx3430-0-3|qp24,historical,3.0,0-29,30,30,True,True,True,d77d88647d2d50c3911250c7a9ff5ee63d40d7a9c0709dd81c675e5ead3bf0b0,frozen run_specs plus configuration-labelled raw_final records,TAO-taoyuan-idx3430-0-3,1.2387846125732933,0,0,30.0,PASS,True,data/submission/raw_final.csv,False,162.58119449974038
Development,TAO-taoyuan-idx3430-0-3|qp24,historical,4.0,0-29,30,30,True,True,True,d77d88647d2d50c3911250c7a9ff5ee63d40d7a9c0709dd81c675e5ead3bf0b0,frozen run_specs plus configuration-labelled raw_final records,TAO-taoyuan-idx3430-0-3,1.2387846125732933,0,0,30.0,PASS,True,data/submission/raw_final.csv,False,158.28950620046817
Development,TAO-taoyuan-idx3430-0-3|qp24,historical,4.0,10000-10029,30,30,True,True,True,d77d88647d2d50c3911250c7a9ff5ee63d40d7a9c0709dd81c675e5ead3bf0b0,frozen run_specs plus configuration-labelled raw_final records,TAO-taoyuan-idx3430-0-3,1.2295104182944816,0,0,30.0,PASS,True,new package,True,101.31750630002352
Development,TAO-taoyuan-idx3430-0-3|qp24,historical,5.0,0-29,30,30,True,True,True,d77d88647d2d50c3911250c7a9ff5ee63d40d7a9c0709dd81c675e5ead3bf0b0,frozen run_specs plus configuration-labelled raw_final records,TAO-taoyuan-idx3430-0-3,1.2387846125732933,0,0,30.0,PASS,True,data/submission/raw_final.csv,False,188.9783439997118
Development,TAO-taoyuan-idx3430-0-3|qp24,historical,6.0,0-29,30,30,True,True,True,d77d88647d2d50c3911250c7a9ff5ee63d40d7a9c0709dd81c675e5ead3bf0b0,frozen run_specs plus configuration-labelled raw_final records,TAO-taoyuan-idx3430-0-3,1.2387846125732933,0,0,30.0,PASS,True,data/submission/raw_final.csv,False,178.88506999984384
Development,TAO-taoyuan-idx3430-0-3|qp24,historical,8.0,0-29,30,30,True,True,True,d77d88647d2d50c3911250c7a9ff5ee63d40d7a9c0709dd81c675e5ead3bf0b0,frozen run_specs plus configuration-labelled raw_final records,TAO-taoyuan-idx3430-0-3,1.2387846125732933,0,0,29.0,PASS,True,data/submission/raw_final.csv,False,192.44461989984848
Development,TAO-taoyuan-idx3430-0-3|qp24,historical,9.0,0-29,30,30,True,True,True,d77d88647d2d50c3911250c7a9ff5ee63d40d7a9c0709dd81c675e5ead3bf0b0,frozen run_specs plus configuration-labelled raw_final records,TAO-taoyuan-idx3430-0-3,1.2387846125732933,0,0,23.0,FAIL,True,data/submission/raw_final.csv,False,194.20228219940327
Development,TAO-taoyuan-idx3430-0-3|qp24,historical,10.0,0-29,30,30,True,True,True,d77d88647d2d50c3911250c7a9ff5ee63d40d7a9c0709dd81c675e5ead3bf0b0,frozen run_specs plus configuration-labelled raw_final records,TAO-taoyuan-idx3430-0-3,1.2387846125732933,0,0,18.0,FAIL,True,data/submission/raw_final.csv,False,208.15452250046656
Development,TAO-taoyuan-idx3430-0-3|qp24,historical,12.0,0-29,30,30,True,True,True,d77d88647d2d50c3911250c7a9ff5ee63d40d7a9c0709dd81c675e5ead3bf0b0,frozen run_specs plus configuration-labelled raw_final records,TAO-taoyuan-idx3430-0-3,1.2387846125732933,0,0,6.0,FAIL,True,data/submission/raw_final.csv,False,236.7248430994805
Development,TAO-taoyuan-idx3665-0-0|qp14,historical,0.0,0-29,30,30,True,True,False,,no preserved run_spec,TAO-taoyuan-idx3665-0-0,,0,0,,MISSING_CONFIGURATION_PROOF,False,data/submission/raw_final.csv,False,102.48908020020464
Development,TAO-taoyuan-idx3665-0-0|qp14,historical,1.0,0-29,30,30,True,True,False,,no preserved run_spec,TAO-taoyuan-idx3665-0-0,,0,0,,MISSING_CONFIGURATION_PROOF,False,data/submission/raw_final.csv,False,557.468390399823
Development,TAO-taoyuan-idx3665-0-0|qp6,historical,0.0,0-29,30,30,True,True,False,,no preserved run_spec,TAO-taoyuan-idx3665-0-0,,0,0,,MISSING_CONFIGURATION_PROOF,False,data/submission/raw_final.csv,False,66.07946789986454
Development,TAO-taoyuan-idx3665-0-0|qp6,historical,1.0,0-29,30,30,True,True,False,,no preserved run_spec,TAO-taoyuan-idx3665-0-0,,0,0,,MISSING_CONFIGURATION_PROOF,False,data/submission/raw_final.csv,False,292.4668910999317
Development,TAO-taoyuan-idx373-0-1|qp18,historical,0.0,0-29,30,30,True,True,False,,no preserved run_spec,TAO-taoyuan-idx373-0-1,,0,0,,MISSING_CONFIGURATION_PROOF,False,data/submission/raw_final.csv,False,139.07593610021286
Development,TAO-taoyuan-idx373-0-1|qp18,historical,1.0,0-29,30,30,True,True,False,,no preserved run_spec,TAO-taoyuan-idx373-0-1,,0,0,,MISSING_CONFIGURATION_PROOF,False,data/submission/raw_final.csv,False,712.3846075998154
Development,TAO-taoyuan-idx373-0-1|qp30,historical,0.0,0-29,30,30,True,True,False,,no preserved run_spec,TAO-taoyuan-idx373-0-1,,0,0,,MISSING_CONFIGURATION_PROOF,False,data/submission/raw_final.csv,False,213.04177340003665
Development,TAO-taoyuan-idx373-0-1|qp30,historical,1.0,0-29,30,30,True,True,False,,no preserved run_spec,TAO-taoyuan-idx373-0-1,,0,0,,MISSING_CONFIGURATION_PROOF,False,data/submission/raw_final.csv,False,1037.258127899142
Development,TAO-taoyuan-idx5160-0-0|qp22,historical,0.0,0-29,30,30,True,True,True,1e76fec1adeb4b2d739890db5d45fde73319945dfd6250bce21bdb54b467d711,frozen run_specs plus configuration-labelled raw_final records,TAO-taoyuan-idx5160-0-0,1.2349396180637695,0,0,30.0,PASS,True,data/submission/raw_final.csv,False,119.61837999965064
Development,TAO-taoyuan-idx5160-0-0|qp22,historical,1.0,0-29,30,30,True,True,True,1e76fec1adeb4b2d739890db5d45fde73319945dfd6250bce21bdb54b467d711,frozen run_specs plus configuration-labelled raw_final records,TAO-taoyuan-idx5160-0-0,1.2349396180637695,0,0,30.0,PASS,True,data/submission/raw_final.csv,False,136.80085550039075
Development,TAO-taoyuan-idx5160-0-0|qp22,historical,2.0,0-29,30,30,True,True,True,1e76fec1adeb4b2d739890db5d45fde73319945dfd6250bce21bdb54b467d711,frozen run_specs plus configuration-labelled raw_final records,TAO-taoyuan-idx5160-0-0,1.2349396180637695,0,0,30.0,PASS,True,data/submission/raw_final.csv,False,142.98590559978038
Development,TAO-taoyuan-idx5160-0-0|qp22,historical,3.0,0-29,30,30,True,True,True,1e76fec1adeb4b2d739890db5d45fde73319945dfd6250bce21bdb54b467d711,frozen run_specs plus configuration-labelled raw_final records,TAO-taoyuan-idx5160-0-0,1.2349396180637695,0,0,30.0,PASS,True,data/submission/raw_final.csv,False,148.97254130081274
Development,TAO-taoyuan-idx5160-0-0|qp22,historical,4.0,0-29,30,30,True,True,True,1e76fec1adeb4b2d739890db5d45fde73319945dfd6250bce21bdb54b467d711,frozen run_specs plus configuration-labelled raw_final records,TAO-taoyuan-idx5160-0-0,1.2349396180637695,0,0,28.0,FAIL,True,data/submission/raw_final.csv,False,157.4381140996702
Development,TAO-taoyuan-idx5160-0-0|qp22,historical,5.0,0-29,30,30,True,True,True,1e76fec1adeb4b2d739890db5d45fde73319945dfd6250bce21bdb54b467d711,frozen run_specs plus configuration-labelled raw_final records,TAO-taoyuan-idx5160-0-0,1.2349396180637695,0,0,28.0,FAIL,True,data/submission/raw_final.csv,False,165.53687569941394
Development,TAO-taoyuan-idx5160-0-0|qp22,historical,6.0,0-29,30,30,True,True,True,1e76fec1adeb4b2d739890db5d45fde73319945dfd6250bce21bdb54b467d711,frozen run_specs plus configuration-labelled raw_final records,TAO-taoyuan-idx5160-0-0,1.2349396180637695,0,0,29.0,PASS,True,data/submission/raw_final.csv,False,164.398859400535
Development,TAO-taoyuan-idx5160-0-0|qp22,historical,7.0,0-29,30,30,True,True,True,1e76fec1adeb4b2d739890db5d45fde73319945dfd6250bce21bdb54b467d711,frozen run_specs plus configuration-labelled raw_final records,TAO-taoyuan-idx5160-0-0,1.2349396180637695,0,0,28.0,FAIL,True,data/submission/raw_final.csv,False,172.61337399994954
Development,TAO-taoyuan-idx5160-0-0|qp22,historical,8.0,0-29,30,30,True,True,True,1e76fec1adeb4b2d739890db5d45fde73319945dfd6250bce21bdb54b467d711,frozen run_specs plus configuration-labelled raw_final records,TAO-taoyuan-idx5160-0-0,1.2349396180637695,0,0,19.0,FAIL,True,data/submission/raw_final.csv,False,179.82219880027696
Development,TAO-taoyuan-idx5160-0-0|qp22,historical,10.0,0-29,30,30,True,True,True,1e76fec1adeb4b2d739890db5d45fde73319945dfd6250bce21bdb54b467d711,frozen run_specs plus configuration-labelled raw_final records,TAO-taoyuan-idx5160-0-0,1.2349396180637695,0,0,11.0,FAIL,True,data/submission/raw_final.csv,False,214.9525899994187
Development,TAO-taoyuan-idx5160-0-0|qp9,historical,0.0,0-29,30,30,True,True,True,40272a02e819bb287c32bc07f19a2bf3f76ae5f0f1b9523935677002cbdd4ad8,frozen run_specs plus configuration-labelled raw_final records,TAO-taoyuan-idx5160-0-0,1.3162348502114114,0,0,30.0,PASS,True,data/submission/raw_final.csv,False,75.07713240059093
Development,TAO-taoyuan-idx5160-0-0|qp9,historical,1.0,0-29,30,30,True,True,True,40272a02e819bb287c32bc07f19a2bf3f76ae5f0f1b9523935677002cbdd4ad8,frozen run_specs plus configuration-labelled raw_final records,TAO-taoyuan-idx5160-0-0,1.3162348502114114,0,0,30.0,PASS,True,data/submission/raw_final.csv,False,75.63375509972684
Development,TAO-taoyuan-idx5160-0-0|qp9,historical,2.0,0-29,30,30,True,True,True,40272a02e819bb287c32bc07f19a2bf3f76ae5f0f1b9523935677002cbdd4ad8,frozen run_specs plus configuration-labelled raw_final records,TAO-taoyuan-idx5160-0-0,1.3162348502114114,0,0,30.0,PASS,True,data/submission/raw_final.csv,False,76.68954059993848
Development,TAO-taoyuan-idx5160-0-0|qp9,historical,3.0,0-29,30,30,True,True,True,40272a02e819bb287c32bc07f19a2bf3f76ae5f0f1b9523935677002cbdd4ad8,frozen run_specs plus configuration-labelled raw_final records,TAO-taoyuan-idx5160-0-0,1.3162348502114114,0,0,30.0,PASS,True,data/submission/raw_final.csv,False,81.52971340017393
Development,TAO-taoyuan-idx5160-0-0|qp9,historical,4.0,0-29,30,30,True,True,True,40272a02e819bb287c32bc07f19a2bf3f76ae5f0f1b9523935677002cbdd4ad8,frozen run_specs plus configuration-labelled raw_final records,TAO-taoyuan-idx5160-0-0,1.3162348502114114,0,0,30.0,PASS,True,data/submission/raw_final.csv,False,82.83747650054283
Development,TAO-taoyuan-idx5160-0-0|qp9,historical,5.0,0-29,30,30,True,True,True,40272a02e819bb287c32bc07f19a2bf3f76ae5f0f1b9523935677002cbdd4ad8,frozen run_specs plus configuration-labelled raw_final records,TAO-taoyuan-idx5160-0-0,1.3162348502114114,0,0,30.0,PASS,True,data/submission/raw_final.csv,False,91.6052494002506
Development,TAO-taoyuan-idx5160-0-0|qp9,historical,6.0,0-29,30,30,True,True,True,40272a02e819bb287c32bc07f19a2bf3f76ae5f0f1b9523935677002cbdd4ad8,frozen run_specs plus configuration-labelled raw_final records,TAO-taoyuan-idx5160-0-0,1.3162348502114114,0,0,30.0,PASS,True,data/submission/raw_final.csv,False,92.70611550007015
Development,TAO-taoyuan-idx5160-0-0|qp9,historical,7.0,0-29,30,30,True,True,True,40272a02e819bb287c32bc07f19a2bf3f76ae5f0f1b9523935677002cbdd4ad8,frozen run_specs plus configuration-labelled raw_final records,TAO-taoyuan-idx5160-0-0,1.3162348502114114,0,0,30.0,PASS,True,data/submission/raw_final.csv,False,75.75000000069849
Development,TAO-taoyuan-idx5160-0-0|qp9,historical,8.0,0-29,30,30,True,True,True,40272a02e819bb287c32bc07f19a2bf3f76ae5f0f1b9523935677002cbdd4ad8,frozen run_specs plus configuration-labelled raw_final records,TAO-taoyuan-idx5160-0-0,1.3162348502114114,0,0,30.0,PASS,True,data/submission/raw_final.csv,False,105.21839769976214
Development,TAO-taoyuan-idx5160-0-0|qp9,historical,9.0,0-29,30,30,True,True,True,40272a02e819bb287c32bc07f19a2bf3f76ae5f0f1b9523935677002cbdd4ad8,frozen run_specs plus configuration-labelled raw_final records,TAO-taoyuan-idx5160-0-0,1.3162348502114114,0,0,28.0,FAIL,True,data/submission/raw_final.csv,False,110.85885529848748
Development,TAO-taoyuan-idx5160-0-0|qp9,historical,10.0,0-29,30,30,True,True,True,40272a02e819bb287c32bc07f19a2bf3f76ae5f0f1b9523935677002cbdd4ad8,frozen run_specs plus configuration-labelled raw_final records,TAO-taoyuan-idx5160-0-0,1.3162348502114114,0,0,28.0,FAIL,True,data/submission/raw_final.csv,False,109.05072379973716
Development,TAO-taoyuan-idx5160-0-0|qp9,historical,12.0,0-29,30,30,True,True,True,40272a02e819bb287c32bc07f19a2bf3f76ae5f0f1b9523935677002cbdd4ad8,frozen run_specs plus configuration-labelled raw_final records,TAO-taoyuan-idx5160-0-0,1.3162348502114114,0,0,23.0,FAIL,True,data/submission/raw_final.csv,False,127.06079059978948
Development,TAO-taoyuan-idx5160-0-0|qp9,historical,15.0,0-29,30,30,True,True,True,40272a02e819bb287c32bc07f19a2bf3f76ae5f0f1b9523935677002cbdd4ad8,frozen run_specs plus configuration-labelled raw_final records,TAO-taoyuan-idx5160-0-0,1.3162348502114114,0,0,15.0,FAIL,True,data/submission/raw_final.csv,False,153.03925580065695
Development,TAO-taoyuan-idx5160-0-0|qp9,historical,18.0,0-29,30,30,True,True,True,40272a02e819bb287c32bc07f19a2bf3f76ae5f0f1b9523935677002cbdd4ad8,frozen run_specs plus configuration-labelled raw_final records,TAO-taoyuan-idx5160-0-0,1.3162348502114114,0,0,11.0,FAIL,True,data/submission/raw_final.csv,False,170.40757650043815
Development,TAO-taoyuan-idx531-0-1|qp35,historical,0.0,0-29,30,30,True,True,False,,no preserved run_spec,TAO-taoyuan-idx531-0-1,,0,0,,MISSING_CONFIGURATION_PROOF,False,data/submission/raw_final.csv,False,218.13019339973107
Development,TAO-taoyuan-idx531-0-1|qp35,historical,1.0,0-29,30,30,True,True,False,,no preserved run_spec,TAO-taoyuan-idx531-0-1,,0,0,,MISSING_CONFIGURATION_PROOF,False,data/submission/raw_final.csv,False,195.2249395991676
Development,TAO-taoyuan-idx531-0-1|qp35,historical,2.0,0-29,30,30,True,True,False,,no preserved run_spec,TAO-taoyuan-idx531-0-1,,0,0,,MISSING_CONFIGURATION_PROOF,False,data/submission/raw_final.csv,False,224.91335590020756
Development,TAO-taoyuan-idx531-0-1|qp35,historical,3.0,0-29,30,30,True,True,False,,no preserved run_spec,TAO-taoyuan-idx531-0-1,,0,0,,MISSING_CONFIGURATION_PROOF,False,data/submission/raw_final.csv,False,222.39946760004383
Development,TAO-taoyuan-idx531-0-1|qp35,historical,4.0,0-29,30,30,True,True,False,,no preserved run_spec,TAO-taoyuan-idx531-0-1,,0,0,,MISSING_CONFIGURATION_PROOF,False,data/submission/raw_final.csv,False,228.9109631003812
Development,TAO-taoyuan-idx531-0-1|qp35,historical,5.0,0-29,30,30,True,True,False,,no preserved run_spec,TAO-taoyuan-idx531-0-1,,0,0,,MISSING_CONFIGURATION_PROOF,False,data/submission/raw_final.csv,False,245.1945113008842
Development,TAO-taoyuan-idx531-0-1|qp35,historical,6.0,0-29,30,30,True,True,False,,no preserved run_spec,TAO-taoyuan-idx531-0-1,,0,0,,MISSING_CONFIGURATION_PROOF,False,data/submission/raw_final.csv,False,243.2973908002023
Development,TAO-taoyuan-idx531-0-1|qp35,historical,8.0,0-29,30,30,True,True,False,,no preserved run_spec,TAO-taoyuan-idx531-0-1,,0,0,,MISSING_CONFIGURATION_PROOF,False,data/submission/raw_final.csv,False,263.15481489896774
Development,TAO-taoyuan-idx531-0-1|qp35,historical,10.0,0-29,30,30,True,True,False,,no preserved run_spec,TAO-taoyuan-idx531-0-1,,0,0,,MISSING_CONFIGURATION_PROOF,False,data/submission/raw_final.csv,False,264.2360789999366
Development,TAO-taoyuan-idx531-0-1|qp35,historical,12.0,0-29,30,30,True,True,False,,no preserved run_spec,TAO-taoyuan-idx531-0-1,,0,0,,MISSING_CONFIGURATION_PROOF,False,data/submission/raw_final.csv,False,291.6515043997206
Development,TAO-taoyuan-idx531-0-1|qp35,historical,13.0,0-29,30,30,True,True,False,,no preserved run_spec,TAO-taoyuan-idx531-0-1,,0,0,,MISSING_CONFIGURATION_PROOF,False,data/submission/raw_final.csv,False,282.46307240077294
Development,TAO-taoyuan-idx531-0-1|qp35,historical,14.0,0-29,30,30,True,True,False,,no preserved run_spec,TAO-taoyuan-idx531-0-1,,0,0,,MISSING_CONFIGURATION_PROOF,False,data/submission/raw_final.csv,False,292.54568019974977
Development,TAO-taoyuan-idx531-0-1|qp35,historical,15.0,0-29,30,30,True,True,False,,no preserved run_spec,TAO-taoyuan-idx531-0-1,,0,0,,MISSING_CONFIGURATION_PROOF,False,data/submission/raw_final.csv,False,325.2641766995657
Development,TAO-taoyuan-idx531-0-1|qp35,historical,18.0,0-29,30,30,True,True,False,,no preserved run_spec,TAO-taoyuan-idx531-0-1,,0,0,,MISSING_CONFIGURATION_PROOF,False,data/submission/raw_final.csv,False,348.3796074995771
Development,TAO-taoyuan-idx531-0-1|qp35,historical,20.0,0-29,30,30,True,True,False,,no preserved run_spec,TAO-taoyuan-idx531-0-1,,0,0,,MISSING_CONFIGURATION_PROOF,False,data/submission/raw_final.csv,False,345.15362920006737
Development,TAO-taoyuan-idx531-0-1|qp83,historical,0.0,0-29,30,30,True,True,False,,no preserved run_spec,TAO-taoyuan-idx531-0-1,,0,0,,MISSING_CONFIGURATION_PROOF,False,data/submission/raw_final.csv,False,566.2682473005261
Development,TAO-taoyuan-idx531-0-1|qp83,historical,1.0,0-29,30,30,True,True,False,,no preserved run_spec,TAO-taoyuan-idx531-0-1,,0,0,,MISSING_CONFIGURATION_PROOF,False,data/submission/raw_final.csv,False,476.23833090043627
Development,TAO-taoyuan-idx531-0-1|qp83,historical,2.0,0-29,30,30,True,True,False,,no preserved run_spec,TAO-taoyuan-idx531-0-1,,0,0,,MISSING_CONFIGURATION_PROOF,False,data/submission/raw_final.csv,False,498.7532763003837
Development,TAO-taoyuan-idx531-0-1|qp83,historical,3.0,0-29,30,30,True,True,False,,no preserved run_spec,TAO-taoyuan-idx531-0-1,,0,0,,MISSING_CONFIGURATION_PROOF,False,data/submission/raw_final.csv,False,505.6597233982757
Development,TAO-taoyuan-idx531-0-1|qp83,historical,4.0,0-29,30,30,True,True,False,,no preserved run_spec,TAO-taoyuan-idx531-0-1,,0,0,,MISSING_CONFIGURATION_PROOF,False,data/submission/raw_final.csv,False,514.2079100003466
Development,TAO-taoyuan-idx531-0-1|qp83,historical,5.0,0-29,30,30,True,True,False,,no preserved run_spec,TAO-taoyuan-idx531-0-1,,0,0,,MISSING_CONFIGURATION_PROOF,False,data/submission/raw_final.csv,False,564.2067621997558
Development,TAO-taoyuan-idx531-0-1|qp83,historical,6.0,0-29,30,30,True,True,False,,no preserved run_spec,TAO-taoyuan-idx531-0-1,,0,0,,MISSING_CONFIGURATION_PROOF,False,data/submission/raw_final.csv,False,506.9551020001527
Development,TAO-taoyuan-idx531-0-1|qp83,historical,8.0,0-29,30,30,True,True,False,,no preserved run_spec,TAO-taoyuan-idx531-0-1,,0,0,,MISSING_CONFIGURATION_PROOF,False,data/submission/raw_final.csv,False,544.1584797005635
Development,TAO-taoyuan-idx531-0-1|qp83,historical,10.0,0-29,30,30,True,True,False,,no preserved run_spec,TAO-taoyuan-idx531-0-1,,0,0,,MISSING_CONFIGURATION_PROOF,False,data/submission/raw_final.csv,False,556.1596133003477
Development,TAO-taoyuan-idx531-0-1|qp83,historical,11.0,0-29,30,30,True,True,False,,no preserved run_spec,TAO-taoyuan-idx531-0-1,,0,0,,MISSING_CONFIGURATION_PROOF,False,data/submission/raw_final.csv,False,599.4945015003905
Development,TAO-taoyuan-idx531-0-1|qp83,historical,12.0,0-29,30,30,True,True,False,,no preserved run_spec,TAO-taoyuan-idx531-0-1,,0,0,,MISSING_CONFIGURATION_PROOF,False,data/submission/raw_final.csv,False,646.1671547002625
Development,TAO-taoyuan-idx531-0-1|qp83,historical,15.0,0-29,30,30,True,True,False,,no preserved run_spec,TAO-taoyuan-idx531-0-1,,0,0,,MISSING_CONFIGURATION_PROOF,False,data/submission/raw_final.csv,False,684.5774143002927
Development,TAO-taoyuan-idx531-0-1|qp83,historical,18.0,0-29,30,30,True,True,False,,no preserved run_spec,TAO-taoyuan-idx531-0-1,,0,0,,MISSING_CONFIGURATION_PROOF,False,data/submission/raw_final.csv,False,717.757813599892
Development,TAO-taoyuan-idx531-0-1|qp83,historical,20.0,0-29,30,30,True,True,False,,no preserved run_spec,TAO-taoyuan-idx531-0-1,,0,0,,MISSING_CONFIGURATION_PROOF,False,data/submission/raw_final.csv,False,724.7318653992843
Development,TAO-taoyuan-idx5379-0-4|qp13,historical,0.0,0-29,30,30,True,True,True,e266049af508d0fc9b840bd49b68b61cbb7fa084af980a3586aed1e1bf40869b,frozen run_specs plus configuration-labelled raw_final records,TAO-taoyuan-idx5379-0-4,1.3243125477594784,0,0,30.0,PASS,True,data/submission/raw_final.csv,False,98.8038956008386
Development,TAO-taoyuan-idx5379-0-4|qp13,historical,1.0,0-29,30,30,True,True,True,e266049af508d0fc9b840bd49b68b61cbb7fa084af980a3586aed1e1bf40869b,frozen run_specs plus configuration-labelled raw_final records,TAO-taoyuan-idx5379-0-4,1.3243125477594784,0,0,30.0,PASS,True,data/submission/raw_final.csv,False,84.18641639943235
Development,TAO-taoyuan-idx5379-0-4|qp13,historical,2.0,0-29,30,30,True,True,True,e266049af508d0fc9b840bd49b68b61cbb7fa084af980a3586aed1e1bf40869b,frozen run_specs plus configuration-labelled raw_final records,TAO-taoyuan-idx5379-0-4,1.3243125477594784,0,0,30.0,PASS,True,data/submission/raw_final.csv,False,98.46512190019712
Development,TAO-taoyuan-idx5379-0-4|qp13,historical,3.0,0-29,30,30,True,True,True,e266049af508d0fc9b840bd49b68b61cbb7fa084af980a3586aed1e1bf40869b,frozen run_specs plus configuration-labelled raw_final records,TAO-taoyuan-idx5379-0-4,1.3243125477594784,0,0,30.0,PASS,True,data/submission/raw_final.csv,False,100.8002515998669
Development,TAO-taoyuan-idx5379-0-4|qp13,historical,4.0,0-29,30,30,True,True,True,e266049af508d0fc9b840bd49b68b61cbb7fa084af980a3586aed1e1bf40869b,frozen run_specs plus configuration-labelled raw_final records,TAO-taoyuan-idx5379-0-4,1.3243125477594784,0,0,30.0,PASS,True,data/submission/raw_final.csv,False,104.62484359997325
Development,TAO-taoyuan-idx5379-0-4|qp13,historical,5.0,0-29,30,30,True,True,True,e266049af508d0fc9b840bd49b68b61cbb7fa084af980a3586aed1e1bf40869b,frozen run_specs plus configuration-labelled raw_final records,TAO-taoyuan-idx5379-0-4,1.3243125477594784,0,0,30.0,PASS,True,data/submission/raw_final.csv,False,106.9781350006815
Development,TAO-taoyuan-idx5379-0-4|qp13,historical,6.0,0-29,30,30,True,True,True,e266049af508d0fc9b840bd49b68b61cbb7fa084af980a3586aed1e1bf40869b,frozen run_specs plus configuration-labelled raw_final records,TAO-taoyuan-idx5379-0-4,1.3243125477594784,0,0,30.0,PASS,True,data/submission/raw_final.csv,False,115.26482899929395
Development,TAO-taoyuan-idx5379-0-4|qp13,historical,8.0,0-29,30,30,True,True,True,e266049af508d0fc9b840bd49b68b61cbb7fa084af980a3586aed1e1bf40869b,frozen run_specs plus configuration-labelled raw_final records,TAO-taoyuan-idx5379-0-4,1.3243125477594784,0,0,30.0,PASS,True,data/submission/raw_final.csv,False,123.196141600376
Development,TAO-taoyuan-idx5379-0-4|qp13,historical,10.0,0-29,30,30,True,True,True,e266049af508d0fc9b840bd49b68b61cbb7fa084af980a3586aed1e1bf40869b,frozen run_specs plus configuration-labelled raw_final records,TAO-taoyuan-idx5379-0-4,1.3243125477594784,0,0,30.0,PASS,True,data/submission/raw_final.csv,False,132.25421869941056
Development,TAO-taoyuan-idx5379-0-4|qp13,historical,11.0,0-29,30,30,True,True,True,e266049af508d0fc9b840bd49b68b61cbb7fa084af980a3586aed1e1bf40869b,frozen run_specs plus configuration-labelled raw_final records,TAO-taoyuan-idx5379-0-4,1.3243125477594784,0,0,30.0,PASS,True,data/submission/raw_final.csv,False,88.20200000004843
Development,TAO-taoyuan-idx5379-0-4|qp13,historical,12.0,0-29,30,30,True,True,True,e266049af508d0fc9b840bd49b68b61cbb7fa084af980a3586aed1e1bf40869b,frozen run_specs plus configuration-labelled raw_final records,TAO-taoyuan-idx5379-0-4,1.3243125477594784,0,0,30.0,PASS,True,data/submission/raw_final.csv,False,150.8386022001505
Development,TAO-taoyuan-idx5379-0-4|qp13,historical,13.0,0-29,30,30,True,True,True,e266049af508d0fc9b840bd49b68b61cbb7fa084af980a3586aed1e1bf40869b,frozen run_specs plus configuration-labelled raw_final records,TAO-taoyuan-idx5379-0-4,1.3243125477594784,0,0,30.0,PASS,True,data/submission/raw_final.csv,False,111.76035610004328
Development,TAO-taoyuan-idx5379-0-4|qp13,historical,14.0,0-29,30,30,True,True,True,e266049af508d0fc9b840bd49b68b61cbb7fa084af980a3586aed1e1bf40869b,frozen run_specs plus configuration-labelled raw_final records,TAO-taoyuan-idx5379-0-4,1.3243125477594784,0,0,30.0,PASS,True,data/submission/raw_final.csv,False,103.70000000088476
Development,TAO-taoyuan-idx5379-0-4|qp13,historical,15.0,0-29,30,30,True,True,True,e266049af508d0fc9b840bd49b68b61cbb7fa084af980a3586aed1e1bf40869b,frozen run_specs plus configuration-labelled raw_final records,TAO-taoyuan-idx5379-0-4,1.3243125477594784,0,0,30.0,PASS,True,data/submission/raw_final.csv,False,165.9482704999391
Development,TAO-taoyuan-idx5379-0-4|qp13,historical,18.0,0-29,30,30,True,True,True,e266049af508d0fc9b840bd49b68b61cbb7fa084af980a3586aed1e1bf40869b,frozen run_specs plus configuration-labelled raw_final records,TAO-taoyuan-idx5379-0-4,1.3243125477594784,0,0,30.0,PASS,True,data/submission/raw_final.csv,False,187.8981820000336
Development,TAO-taoyuan-idx5379-0-4|qp13,historical,20.0,0-29,30,30,True,True,True,e266049af508d0fc9b840bd49b68b61cbb7fa084af980a3586aed1e1bf40869b,frozen run_specs plus configuration-labelled raw_final records,TAO-taoyuan-idx5379-0-4,1.3243125477594784,0,0,29.0,PASS,True,data/submission/raw_final.csv,False,188.67390010040253
Development,TAO-taoyuan-idx5379-0-4|qp31,historical,0.0,0-29,30,30,True,True,True,ff4b5ab18f407f0d0d36903985982b55b6f02fe76979ec5209b162d7afe7ebea,frozen run_specs plus configuration-labelled raw_final records,TAO-taoyuan-idx5379-0-4,1.2630217979951863,0,0,30.0,PASS,True,data/submission/raw_final.csv,False,169.5844765007496
Development,TAO-taoyuan-idx5379-0-4|qp31,historical,1.0,0-29,30,30,True,True,True,ff4b5ab18f407f0d0d36903985982b55b6f02fe76979ec5209b162d7afe7ebea,frozen run_specs plus configuration-labelled raw_final records,TAO-taoyuan-idx5379-0-4,1.2630217979951863,0,0,30.0,PASS,True,data/submission/raw_final.csv,False,159.3022941001691
Development,TAO-taoyuan-idx5379-0-4|qp31,historical,2.0,0-29,30,30,True,True,True,ff4b5ab18f407f0d0d36903985982b55b6f02fe76979ec5209b162d7afe7ebea,frozen run_specs plus configuration-labelled raw_final records,TAO-taoyuan-idx5379-0-4,1.2630217979951863,0,0,30.0,PASS,True,data/submission/raw_final.csv,False,194.7604366990272
Development,TAO-taoyuan-idx5379-0-4|qp31,historical,3.0,0-29,30,30,True,True,True,ff4b5ab18f407f0d0d36903985982b55b6f02fe76979ec5209b162d7afe7ebea,frozen run_specs plus configuration-labelled raw_final records,TAO-taoyuan-idx5379-0-4,1.2630217979951863,0,0,30.0,PASS,True,data/submission/raw_final.csv,False,196.45774219953452
Development,TAO-taoyuan-idx5379-0-4|qp31,historical,4.0,0-29,30,30,True,True,True,ff4b5ab18f407f0d0d36903985982b55b6f02fe76979ec5209b162d7afe7ebea,frozen run_specs plus configuration-labelled raw_final records,TAO-taoyuan-idx5379-0-4,1.2630217979951863,0,0,30.0,PASS,True,data/submission/raw_final.csv,False,203.71997900027785
Development,TAO-taoyuan-idx5379-0-4|qp31,historical,5.0,0-29,30,30,True,True,True,ff4b5ab18f407f0d0d36903985982b55b6f02fe76979ec5209b162d7afe7ebea,frozen run_specs plus configuration-labelled raw_final records,TAO-taoyuan-idx5379-0-4,1.2630217979951863,0,0,30.0,PASS,True,data/submission/raw_final.csv,False,212.77395549975336
Development,TAO-taoyuan-idx5379-0-4|qp31,historical,6.0,0-29,30,30,True,True,True,ff4b5ab18f407f0d0d36903985982b55b6f02fe76979ec5209b162d7afe7ebea,frozen run_specs plus configuration-labelled raw_final records,TAO-taoyuan-idx5379-0-4,1.2630217979951863,0,0,30.0,PASS,True,data/submission/raw_final.csv,False,214.99230409995653
Development,TAO-taoyuan-idx5379-0-4|qp31,historical,8.0,0-29,30,30,True,True,True,ff4b5ab18f407f0d0d36903985982b55b6f02fe76979ec5209b162d7afe7ebea,frozen run_specs plus configuration-labelled raw_final records,TAO-taoyuan-idx5379-0-4,1.2630217979951863,0,0,30.0,PASS,True,data/submission/raw_final.csv,False,231.24682189989835
Development,TAO-taoyuan-idx5379-0-4|qp31,historical,10.0,0-29,30,30,True,True,True,ff4b5ab18f407f0d0d36903985982b55b6f02fe76979ec5209b162d7afe7ebea,frozen run_specs plus configuration-labelled raw_final records,TAO-taoyuan-idx5379-0-4,1.2630217979951863,0,0,30.0,PASS,True,data/submission/raw_final.csv,False,240.35336799942888
Development,TAO-taoyuan-idx5379-0-4|qp31,historical,12.0,0-29,30,30,True,True,True,ff4b5ab18f407f0d0d36903985982b55b6f02fe76979ec5209b162d7afe7ebea,frozen run_specs plus configuration-labelled raw_final records,TAO-taoyuan-idx5379-0-4,1.2630217979951863,0,0,29.0,PASS,True,data/submission/raw_final.csv,False,268.75462790066376
Development,TAO-taoyuan-idx5379-0-4|qp31,historical,13.0,0-29,30,30,True,True,True,ff4b5ab18f407f0d0d36903985982b55b6f02fe76979ec5209b162d7afe7ebea,frozen run_specs plus configuration-labelled raw_final records,TAO-taoyuan-idx5379-0-4,1.2630217979951863,0,0,28.0,FAIL,True,data/submission/raw_final.csv,False,258.77082390058786
Development,TAO-taoyuan-idx5379-0-4|qp31,historical,14.0,0-29,30,30,True,True,True,ff4b5ab18f407f0d0d36903985982b55b6f02fe76979ec5209b162d7afe7ebea,frozen run_specs plus configuration-labelled raw_final records,TAO-taoyuan-idx5379-0-4,1.2630217979951863,0,0,27.0,FAIL,True,data/submission/raw_final.csv,False,269.0904878000729
Development,TAO-taoyuan-idx5379-0-4|qp31,historical,15.0,0-29,30,30,True,True,True,ff4b5ab18f407f0d0d36903985982b55b6f02fe76979ec5209b162d7afe7ebea,frozen run_specs plus configuration-labelled raw_final records,TAO-taoyuan-idx5379-0-4,1.2630217979951863,0,0,27.0,FAIL,True,data/submission/raw_final.csv,False,294.5836363006383
Development,TAO-taoyuan-idx5379-0-4|qp31,historical,18.0,0-29,30,30,True,True,True,ff4b5ab18f407f0d0d36903985982b55b6f02fe76979ec5209b162d7afe7ebea,frozen run_specs plus configuration-labelled raw_final records,TAO-taoyuan-idx5379-0-4,1.2630217979951863,0,0,19.0,FAIL,True,data/submission/raw_final.csv,False,311.7840366002638
Development,TAO-taoyuan-idx5379-0-4|qp31,historical,20.0,0-29,30,30,True,True,True,ff4b5ab18f407f0d0d36903985982b55b6f02fe76979ec5209b162d7afe7ebea,frozen run_specs plus configuration-labelled raw_final records,TAO-taoyuan-idx5379-0-4,1.2630217979951863,0,0,9.0,FAIL,True,data/submission/raw_final.csv,False,380.9935418998357
Development,TAO-taoyuan-idx578-0-8|qp34,historical,0.0,0-29,30,30,True,True,True,ab7139e233ba12bf03c13d0811dd00fe95ae5115677e5eef4565b6d79663cda5,frozen run_specs plus configuration-labelled raw_final records,TAO-taoyuan-idx578-0-8,1.2236530613627017,0,0,30.0,PASS,True,data/submission/raw_final.csv,False,208.87385810050185
Development,TAO-taoyuan-idx578-0-8|qp34,historical,1.0,0-29,30,30,True,True,True,ab7139e233ba12bf03c13d0811dd00fe95ae5115677e5eef4565b6d79663cda5,frozen run_specs plus configuration-labelled raw_final records,TAO-taoyuan-idx578-0-8,1.2236530613627017,0,0,30.0,PASS,True,data/submission/raw_final.csv,False,196.59381610015407
Development,TAO-taoyuan-idx578-0-8|qp34,historical,2.0,0-29,30,30,True,True,True,ab7139e233ba12bf03c13d0811dd00fe95ae5115677e5eef4565b6d79663cda5,frozen run_specs plus configuration-labelled raw_final records,TAO-taoyuan-idx578-0-8,1.2236530613627017,0,0,30.0,PASS,True,data/submission/raw_final.csv,False,216.6164641000796
Development,TAO-taoyuan-idx578-0-8|qp34,historical,3.0,0-29,30,30,True,True,True,ab7139e233ba12bf03c13d0811dd00fe95ae5115677e5eef4565b6d79663cda5,frozen run_specs plus configuration-labelled raw_final records,TAO-taoyuan-idx578-0-8,1.2236530613627017,0,0,30.0,PASS,True,data/submission/raw_final.csv,False,214.0684347997885
Development,TAO-taoyuan-idx578-0-8|qp34,historical,4.0,0-29,30,30,True,True,True,ab7139e233ba12bf03c13d0811dd00fe95ae5115677e5eef4565b6d79663cda5,frozen run_specs plus configuration-labelled raw_final records,TAO-taoyuan-idx578-0-8,1.2236530613627017,0,0,30.0,PASS,True,data/submission/raw_final.csv,False,224.1767087997869
Development,TAO-taoyuan-idx578-0-8|qp34,historical,5.0,0-29,30,30,True,True,True,ab7139e233ba12bf03c13d0811dd00fe95ae5115677e5eef4565b6d79663cda5,frozen run_specs plus configuration-labelled raw_final records,TAO-taoyuan-idx578-0-8,1.2236530613627017,0,0,30.0,PASS,True,data/submission/raw_final.csv,False,237.8525350994896
Development,TAO-taoyuan-idx578-0-8|qp34,historical,6.0,0-29,30,30,True,True,True,ab7139e233ba12bf03c13d0811dd00fe95ae5115677e5eef4565b6d79663cda5,frozen run_specs plus configuration-labelled raw_final records,TAO-taoyuan-idx578-0-8,1.2236530613627017,0,0,30.0,PASS,True,data/submission/raw_final.csv,False,233.89336539851504
Development,TAO-taoyuan-idx578-0-8|qp34,historical,8.0,0-29,30,30,True,True,True,ab7139e233ba12bf03c13d0811dd00fe95ae5115677e5eef4565b6d79663cda5,frozen run_specs plus configuration-labelled raw_final records,TAO-taoyuan-idx578-0-8,1.2236530613627017,0,0,29.0,PASS,True,data/submission/raw_final.csv,False,256.44191529997624
Development,TAO-taoyuan-idx578-0-8|qp34,historical,9.0,0-29,30,30,True,True,True,ab7139e233ba12bf03c13d0811dd00fe95ae5115677e5eef4565b6d79663cda5,frozen run_specs plus configuration-labelled raw_final records,TAO-taoyuan-idx578-0-8,1.2236530613627017,0,0,28.0,FAIL,True,data/submission/raw_final.csv,False,256.4985541992355
Development,TAO-taoyuan-idx578-0-8|qp34,historical,10.0,0-29,30,30,True,True,True,ab7139e233ba12bf03c13d0811dd00fe95ae5115677e5eef4565b6d79663cda5,frozen run_specs plus configuration-labelled raw_final records,TAO-taoyuan-idx578-0-8,1.2236530613627017,0,0,26.0,FAIL,True,data/submission/raw_final.csv,False,262.7915800008923
Development,TAO-taoyuan-idx578-0-8|qp34,historical,12.0,0-29,30,30,True,True,True,ab7139e233ba12bf03c13d0811dd00fe95ae5115677e5eef4565b6d79663cda5,frozen run_specs plus configuration-labelled raw_final records,TAO-taoyuan-idx578-0-8,1.2236530613627017,0,0,19.0,FAIL,True,data/submission/raw_final.csv,False,301.05452139978297
Development,TAO-taoyuan-idx578-0-8|qp34,historical,15.0,0-29,30,30,True,True,True,ab7139e233ba12bf03c13d0811dd00fe95ae5115677e5eef4565b6d79663cda5,frozen run_specs plus configuration-labelled raw_final records,TAO-taoyuan-idx578-0-8,1.2236530613627017,0,0,6.0,FAIL,True,data/submission/raw_final.csv,False,358.6447417002637
Development,TAO-taoyuan-idx578-0-8|qp57,historical,0.0,0-29,30,30,True,True,False,,no preserved run_spec,TAO-taoyuan-idx578-0-8,,0,0,,MISSING_CONFIGURATION_PROOF,False,data/submission/raw_final.csv,False,324.74944060016423
Development,TAO-taoyuan-idx578-0-8|qp57,historical,1.0,0-29,30,30,True,True,False,,no preserved run_spec,TAO-taoyuan-idx578-0-8,,0,0,,MISSING_CONFIGURATION_PROOF,False,data/submission/raw_final.csv,False,325.7554375000764
Development,TAO-taoyuan-idx578-0-8|qp57,historical,2.0,0-29,30,30,True,True,False,,no preserved run_spec,TAO-taoyuan-idx578-0-8,,0,0,,MISSING_CONFIGURATION_PROOF,False,data/submission/raw_final.csv,False,387.0798203996383
Development,TAO-taoyuan-idx578-0-8|qp57,historical,3.0,0-29,30,30,True,True,False,,no preserved run_spec,TAO-taoyuan-idx578-0-8,,0,0,,MISSING_CONFIGURATION_PROOF,False,data/submission/raw_final.csv,False,376.2657620003447
Development,TAO-taoyuan-idx578-0-8|qp57,historical,4.0,0-29,30,30,True,True,False,,no preserved run_spec,TAO-taoyuan-idx578-0-8,,0,0,,MISSING_CONFIGURATION_PROOF,False,data/submission/raw_final.csv,False,417.8158122997265
Development,TAO-taoyuan-idx578-0-8|qp57,historical,5.0,0-29,30,30,True,True,False,,no preserved run_spec,TAO-taoyuan-idx578-0-8,,0,0,,MISSING_CONFIGURATION_PROOF,False,data/submission/raw_final.csv,False,675.5875885002315
Development,TAO-taoyuan-idx6197-0-0|qp14,historical,0.0,0-29,30,30,True,True,False,,no preserved run_spec,TAO-taoyuan-idx6197-0-0,,0,0,,MISSING_CONFIGURATION_PROOF,False,data/submission/raw_final.csv,False,96.78155560046434
Development,TAO-taoyuan-idx6197-0-0|qp14,historical,1.0,0-29,30,30,True,True,False,,no preserved run_spec,TAO-taoyuan-idx6197-0-0,,0,0,,MISSING_CONFIGURATION_PROOF,False,data/submission/raw_final.csv,False,476.47626039921306
Development,TAO-taoyuan-idx6197-0-0|qp6,historical,0.0,0-29,30,30,True,True,False,,no preserved run_spec,TAO-taoyuan-idx6197-0-0,,0,0,,MISSING_CONFIGURATION_PROOF,False,data/submission/raw_final.csv,False,56.56460810056888
Development,TAO-taoyuan-idx6197-0-0|qp6,historical,1.0,0-29,30,30,True,True,False,,no preserved run_spec,TAO-taoyuan-idx6197-0-0,,0,0,,MISSING_CONFIGURATION_PROOF,False,data/submission/raw_final.csv,False,258.06001950008795
Development,TAO-taoyuan-idx6720-0-3|qp12,historical,0.0,0-29,30,30,True,True,True,476fcbeb11c008b398a93b1548a99c5995241d924c8812ad66c006f0e0ba8db5,frozen run_specs plus configuration-labelled raw_final records,TAO-taoyuan-idx6720-0-3,1.32152286162787,0,0,30.0,PASS,True,data/submission/raw_final.csv,False,96.45820969971828
Development,TAO-taoyuan-idx6720-0-3|qp12,historical,1.0,0-29,30,30,True,True,True,476fcbeb11c008b398a93b1548a99c5995241d924c8812ad66c006f0e0ba8db5,frozen run_specs plus configuration-labelled raw_final records,TAO-taoyuan-idx6720-0-3,1.32152286162787,0,0,30.0,PASS,True,data/submission/raw_final.csv,False,94.43405680032448
Development,TAO-taoyuan-idx6720-0-3|qp12,historical,2.0,0-29,30,30,True,True,True,476fcbeb11c008b398a93b1548a99c5995241d924c8812ad66c006f0e0ba8db5,frozen run_specs plus configuration-labelled raw_final records,TAO-taoyuan-idx6720-0-3,1.32152286162787,0,0,30.0,PASS,True,data/submission/raw_final.csv,False,89.06716679851525
Development,TAO-taoyuan-idx6720-0-3|qp12,historical,3.0,0-29,30,30,True,True,True,476fcbeb11c008b398a93b1548a99c5995241d924c8812ad66c006f0e0ba8db5,frozen run_specs plus configuration-labelled raw_final records,TAO-taoyuan-idx6720-0-3,1.32152286162787,0,0,30.0,PASS,True,data/submission/raw_final.csv,False,93.54861719999462
Development,TAO-taoyuan-idx6720-0-3|qp12,historical,4.0,0-29,30,30,True,True,True,476fcbeb11c008b398a93b1548a99c5995241d924c8812ad66c006f0e0ba8db5,frozen run_specs plus configuration-labelled raw_final records,TAO-taoyuan-idx6720-0-3,1.32152286162787,0,0,30.0,PASS,True,data/submission/raw_final.csv,False,98.94862419972196
Development,TAO-taoyuan-idx6720-0-3|qp12,historical,5.0,0-29,30,30,True,True,True,476fcbeb11c008b398a93b1548a99c5995241d924c8812ad66c006f0e0ba8db5,frozen run_specs plus configuration-labelled raw_final records,TAO-taoyuan-idx6720-0-3,1.32152286162787,0,0,30.0,PASS,True,data/submission/raw_final.csv,False,107.2541118003428
Development,TAO-taoyuan-idx6720-0-3|qp12,historical,6.0,0-29,30,30,True,True,True,476fcbeb11c008b398a93b1548a99c5995241d924c8812ad66c006f0e0ba8db5,frozen run_specs plus configuration-labelled raw_final records,TAO-taoyuan-idx6720-0-3,1.32152286162787,0,0,30.0,PASS,True,data/submission/raw_final.csv,False,114.38261179975234
Development,TAO-taoyuan-idx6720-0-3|qp12,historical,8.0,0-29,30,30,True,True,True,476fcbeb11c008b398a93b1548a99c5995241d924c8812ad66c006f0e0ba8db5,frozen run_specs plus configuration-labelled raw_final records,TAO-taoyuan-idx6720-0-3,1.32152286162787,0,0,30.0,PASS,True,data/submission/raw_final.csv,False,121.76915890001692
Development,TAO-taoyuan-idx6720-0-3|qp12,historical,9.0,0-29,30,30,True,True,True,476fcbeb11c008b398a93b1548a99c5995241d924c8812ad66c006f0e0ba8db5,frozen run_specs plus configuration-labelled raw_final records,TAO-taoyuan-idx6720-0-3,1.32152286162787,0,0,30.0,PASS,True,new package,True,71.60782719997223
Development,TAO-taoyuan-idx6720-0-3|qp12,historical,10.0,0-29,30,30,True,True,True,476fcbeb11c008b398a93b1548a99c5995241d924c8812ad66c006f0e0ba8db5,frozen run_specs plus configuration-labelled raw_final records,TAO-taoyuan-idx6720-0-3,1.32152286162787,0,0,30.0,PASS,True,data/submission/raw_final.csv,False,130.6210062005557
Development,TAO-taoyuan-idx6720-0-3|qp12,historical,11.0,0-29,30,30,True,True,True,476fcbeb11c008b398a93b1548a99c5995241d924c8812ad66c006f0e0ba8db5,frozen run_specs plus configuration-labelled raw_final records,TAO-taoyuan-idx6720-0-3,1.32152286162787,0,0,30.0,PASS,True,data/submission/raw_final.csv,False,86.46500000054948
Development,TAO-taoyuan-idx6720-0-3|qp12,historical,12.0,0-29,30,30,True,True,True,476fcbeb11c008b398a93b1548a99c5995241d924c8812ad66c006f0e0ba8db5,frozen run_specs plus configuration-labelled raw_final records,TAO-taoyuan-idx6720-0-3,1.32152286162787,0,0,30.0,PASS,True,data/submission/raw_final.csv,False,151.53673420031555
Development,TAO-taoyuan-idx6720-0-3|qp12,historical,15.0,0-29,30,30,True,True,True,476fcbeb11c008b398a93b1548a99c5995241d924c8812ad66c006f0e0ba8db5,frozen run_specs plus configuration-labelled raw_final records,TAO-taoyuan-idx6720-0-3,1.32152286162787,0,0,29.0,PASS,True,data/submission/raw_final.csv,False,163.47870229976252
Development,TAO-taoyuan-idx6720-0-3|qp12,historical,16.0,0-29,30,30,True,True,True,476fcbeb11c008b398a93b1548a99c5995241d924c8812ad66c006f0e0ba8db5,frozen run_specs plus configuration-labelled raw_final records,TAO-taoyuan-idx6720-0-3,1.32152286162787,0,0,28.0,FAIL,True,data/submission/raw_final.csv,False,156.8910574002657
Development,TAO-taoyuan-idx6720-0-3|qp12,historical,17.0,0-29,30,30,True,True,True,476fcbeb11c008b398a93b1548a99c5995241d924c8812ad66c006f0e0ba8db5,frozen run_specs plus configuration-labelled raw_final records,TAO-taoyuan-idx6720-0-3,1.32152286162787,0,0,22.0,FAIL,True,data/submission/raw_final.csv,False,161.4733253007289
Development,TAO-taoyuan-idx6720-0-3|qp12,historical,18.0,0-29,30,30,True,True,True,476fcbeb11c008b398a93b1548a99c5995241d924c8812ad66c006f0e0ba8db5,frozen run_specs plus configuration-labelled raw_final records,TAO-taoyuan-idx6720-0-3,1.32152286162787,0,0,24.0,FAIL,True,data/submission/raw_final.csv,False,188.27632930036637
Development,TAO-taoyuan-idx6720-0-3|qp12,historical,20.0,0-29,30,30,True,True,True,476fcbeb11c008b398a93b1548a99c5995241d924c8812ad66c006f0e0ba8db5,frozen run_specs plus configuration-labelled raw_final records,TAO-taoyuan-idx6720-0-3,1.32152286162787,0,0,13.0,FAIL,True,data/submission/raw_final.csv,False,185.43975410074927
Development,TAO-taoyuan-idx6720-0-3|qp28,historical,0.0,0-29,30,30,True,True,True,908e3da9c0c29e31490f5d54ad91f7932999f70c39875be32a9a700404e9de54,frozen run_specs plus configuration-labelled raw_final records,TAO-taoyuan-idx6720-0-3,1.2598004869567003,0,0,30.0,PASS,True,data/submission/raw_final.csv,False,170.94433059892617
Development,TAO-taoyuan-idx6720-0-3|qp28,historical,1.0,0-29,30,30,True,True,True,908e3da9c0c29e31490f5d54ad91f7932999f70c39875be32a9a700404e9de54,frozen run_specs plus configuration-labelled raw_final records,TAO-taoyuan-idx6720-0-3,1.2598004869567003,0,0,30.0,PASS,True,data/submission/raw_final.csv,False,163.76665609958582
Development,TAO-taoyuan-idx6720-0-3|qp28,historical,2.0,0-29,30,30,True,True,True,908e3da9c0c29e31490f5d54ad91f7932999f70c39875be32a9a700404e9de54,frozen run_specs plus configuration-labelled raw_final records,TAO-taoyuan-idx6720-0-3,1.2598004869567003,0,0,30.0,PASS,True,data/submission/raw_final.csv,False,159.4965603996534
Development,TAO-taoyuan-idx6720-0-3|qp28,historical,3.0,0-29,30,30,True,True,True,908e3da9c0c29e31490f5d54ad91f7932999f70c39875be32a9a700404e9de54,frozen run_specs plus configuration-labelled raw_final records,TAO-taoyuan-idx6720-0-3,1.2598004869567003,0,0,30.0,PASS,True,data/submission/raw_final.csv,False,157.67067860020325
Development,TAO-taoyuan-idx6720-0-3|qp28,historical,4.0,0-29,30,30,True,True,True,908e3da9c0c29e31490f5d54ad91f7932999f70c39875be32a9a700404e9de54,frozen run_specs plus configuration-labelled raw_final records,TAO-taoyuan-idx6720-0-3,1.2598004869567003,0,0,30.0,PASS,True,data/submission/raw_final.csv,False,161.57140030059963
Development,TAO-taoyuan-idx6720-0-3|qp28,historical,5.0,0-29,30,30,True,True,True,908e3da9c0c29e31490f5d54ad91f7932999f70c39875be32a9a700404e9de54,frozen run_specs plus configuration-labelled raw_final records,TAO-taoyuan-idx6720-0-3,1.2598004869567003,0,0,30.0,PASS,True,data/submission/raw_final.csv,False,184.25629310007207
Development,TAO-taoyuan-idx6720-0-3|qp28,historical,6.0,0-29,30,30,True,True,True,908e3da9c0c29e31490f5d54ad91f7932999f70c39875be32a9a700404e9de54,frozen run_specs plus configuration-labelled raw_final records,TAO-taoyuan-idx6720-0-3,1.2598004869567003,0,0,30.0,PASS,True,data/submission/raw_final.csv,False,179.78992530028336
Development,TAO-taoyuan-idx6720-0-3|qp28,historical,8.0,0-29,30,30,True,True,True,908e3da9c0c29e31490f5d54ad91f7932999f70c39875be32a9a700404e9de54,frozen run_specs plus configuration-labelled raw_final records,TAO-taoyuan-idx6720-0-3,1.2598004869567003,0,0,30.0,PASS,True,data/submission/raw_final.csv,False,199.7468403999228
Development,TAO-taoyuan-idx6720-0-3|qp28,historical,10.0,0-29,30,30,True,True,True,908e3da9c0c29e31490f5d54ad91f7932999f70c39875be32a9a700404e9de54,frozen run_specs plus configuration-labelled raw_final records,TAO-taoyuan-idx6720-0-3,1.2598004869567003,0,0,29.0,PASS,True,data/submission/raw_final.csv,False,209.71288300002925
Development,TAO-taoyuan-idx6720-0-3|qp28,historical,11.0,0-29,30,30,True,True,True,908e3da9c0c29e31490f5d54ad91f7932999f70c39875be32a9a700404e9de54,frozen run_specs plus configuration-labelled raw_final records,TAO-taoyuan-idx6720-0-3,1.2598004869567003,0,0,28.0,FAIL,True,data/submission/raw_final.csv,False,213.32182189985176
Development,TAO-taoyuan-idx6720-0-3|qp28,historical,12.0,0-29,30,30,True,True,True,908e3da9c0c29e31490f5d54ad91f7932999f70c39875be32a9a700404e9de54,frozen run_specs plus configuration-labelled raw_final records,TAO-taoyuan-idx6720-0-3,1.2598004869567003,0,0,24.0,FAIL,True,data/submission/raw_final.csv,False,243.9081429003272
Development,TAO-taoyuan-idx6720-0-3|qp28,historical,15.0,0-29,30,30,True,True,True,908e3da9c0c29e31490f5d54ad91f7932999f70c39875be32a9a700404e9de54,frozen run_specs plus configuration-labelled raw_final records,TAO-taoyuan-idx6720-0-3,1.2598004869567003,0,0,10.0,FAIL,True,data/submission/raw_final.csv,False,262.477010600036
Development,TAO-taoyuan-idx7044-0-7|qp11,historical,0.0,0-29,30,30,True,True,True,dc78ff7a59f0f7c2dd9e7381e991106a11891c6f3cb43b37e3a3057584ef24b2,frozen run_specs plus configuration-labelled raw_final records,TAO-taoyuan-idx7044-0-7,1.3235872890421343,0,0,30.0,PASS,True,data/submission/raw_final.csv,False,93.186908100266
Development,TAO-taoyuan-idx7044-0-7|qp11,historical,1.0,0-29,30,30,True,True,True,dc78ff7a59f0f7c2dd9e7381e991106a11891c6f3cb43b37e3a3057584ef24b2,frozen run_specs plus configuration-labelled raw_final records,TAO-taoyuan-idx7044-0-7,1.3235872890421343,0,0,30.0,PASS,True,data/submission/raw_final.csv,False,84.67433139961213
Development,TAO-taoyuan-idx7044-0-7|qp11,historical,2.0,0-29,30,30,True,True,True,dc78ff7a59f0f7c2dd9e7381e991106a11891c6f3cb43b37e3a3057584ef24b2,frozen run_specs plus configuration-labelled raw_final records,TAO-taoyuan-idx7044-0-7,1.3235872890421343,0,0,30.0,PASS,True,data/submission/raw_final.csv,False,80.98373269918375
Development,TAO-taoyuan-idx7044-0-7|qp11,historical,3.0,0-29,30,30,True,True,True,dc78ff7a59f0f7c2dd9e7381e991106a11891c6f3cb43b37e3a3057584ef24b2,frozen run_specs plus configuration-labelled raw_final records,TAO-taoyuan-idx7044-0-7,1.3235872890421343,0,0,30.0,PASS,True,data/submission/raw_final.csv,False,84.1883999996353
Development,TAO-taoyuan-idx7044-0-7|qp11,historical,4.0,0-29,30,30,True,True,True,dc78ff7a59f0f7c2dd9e7381e991106a11891c6f3cb43b37e3a3057584ef24b2,frozen run_specs plus configuration-labelled raw_final records,TAO-taoyuan-idx7044-0-7,1.3235872890421343,0,0,30.0,PASS,True,data/submission/raw_final.csv,False,87.86766349896789
Development,TAO-taoyuan-idx7044-0-7|qp11,historical,5.0,0-29,30,30,True,True,True,dc78ff7a59f0f7c2dd9e7381e991106a11891c6f3cb43b37e3a3057584ef24b2,frozen run_specs plus configuration-labelled raw_final records,TAO-taoyuan-idx7044-0-7,1.3235872890421343,0,0,30.0,PASS,True,data/submission/raw_final.csv,False,89.74550229986198
Development,TAO-taoyuan-idx7044-0-7|qp11,historical,6.0,0-29,30,30,True,True,True,dc78ff7a59f0f7c2dd9e7381e991106a11891c6f3cb43b37e3a3057584ef24b2,frozen run_specs plus configuration-labelled raw_final records,TAO-taoyuan-idx7044-0-7,1.3235872890421343,0,0,30.0,PASS,True,data/submission/raw_final.csv,False,92.47435119980946
Development,TAO-taoyuan-idx7044-0-7|qp11,historical,8.0,0-29,30,30,True,True,True,dc78ff7a59f0f7c2dd9e7381e991106a11891c6f3cb43b37e3a3057584ef24b2,frozen run_specs plus configuration-labelled raw_final records,TAO-taoyuan-idx7044-0-7,1.3235872890421343,0,0,30.0,PASS,True,data/submission/raw_final.csv,False,105.8554290002212
Development,TAO-taoyuan-idx7044-0-7|qp11,historical,9.0,0-29,30,30,True,True,True,dc78ff7a59f0f7c2dd9e7381e991106a11891c6f3cb43b37e3a3057584ef24b2,frozen run_specs plus configuration-labelled raw_final records,TAO-taoyuan-idx7044-0-7,1.3235872890421343,0,0,29.0,PASS,True,data/submission/raw_final.csv,False,78.2819999998901
Development,TAO-taoyuan-idx7044-0-7|qp11,historical,10.0,0-29,30,30,True,True,True,dc78ff7a59f0f7c2dd9e7381e991106a11891c6f3cb43b37e3a3057584ef24b2,frozen run_specs plus configuration-labelled raw_final records,TAO-taoyuan-idx7044-0-7,1.3235872890421343,0,0,30.0,PASS,True,data/submission/raw_final.csv,False,112.74207930010743
Development,TAO-taoyuan-idx7044-0-7|qp11,historical,11.0,0-29,30,30,True,True,True,dc78ff7a59f0f7c2dd9e7381e991106a11891c6f3cb43b37e3a3057584ef24b2,frozen run_specs plus configuration-labelled raw_final records,TAO-taoyuan-idx7044-0-7,1.3235872890421343,0,0,30.0,PASS,True,data/submission/raw_final.csv,False,117.49231920065358
Development,TAO-taoyuan-idx7044-0-7|qp11,historical,12.0,0-29,30,30,True,True,True,dc78ff7a59f0f7c2dd9e7381e991106a11891c6f3cb43b37e3a3057584ef24b2,frozen run_specs plus configuration-labelled raw_final records,TAO-taoyuan-idx7044-0-7,1.3235872890421343,0,0,28.0,FAIL,True,data/submission/raw_final.csv,False,127.70684750028886
Development,TAO-taoyuan-idx7044-0-7|qp11,historical,15.0,0-29,30,30,True,True,True,dc78ff7a59f0f7c2dd9e7381e991106a11891c6f3cb43b37e3a3057584ef24b2,frozen run_specs plus configuration-labelled raw_final records,TAO-taoyuan-idx7044-0-7,1.3235872890421343,0,0,28.0,FAIL,True,data/submission/raw_final.csv,False,146.97190860006958
Development,TAO-taoyuan-idx7044-0-7|qp11,historical,18.0,0-29,30,30,True,True,True,dc78ff7a59f0f7c2dd9e7381e991106a11891c6f3cb43b37e3a3057584ef24b2,frozen run_specs plus configuration-labelled raw_final records,TAO-taoyuan-idx7044-0-7,1.3235872890421343,0,0,23.0,FAIL,True,data/submission/raw_final.csv,False,177.66101520019583
Development,TAO-taoyuan-idx7044-0-7|qp11,historical,20.0,0-29,30,30,True,True,True,dc78ff7a59f0f7c2dd9e7381e991106a11891c6f3cb43b37e3a3057584ef24b2,frozen run_specs plus configuration-labelled raw_final records,TAO-taoyuan-idx7044-0-7,1.3235872890421343,0,0,19.0,FAIL,True,data/submission/raw_final.csv,False,177.87762120063417
Development,TAO-taoyuan-idx7044-0-7|qp27,historical,0.0,0-29,30,30,True,True,True,9e103537d3a5dce1e3a8c7608e1a37180cd64768dbf95311f830198d386e33ac,frozen run_specs plus configuration-labelled raw_final records,TAO-taoyuan-idx7044-0-7,1.2554120563480236,0,0,30.0,PASS,True,data/submission/raw_final.csv,False,172.5907715996727
Development,TAO-taoyuan-idx7044-0-7|qp27,historical,1.0,0-29,30,30,True,True,True,9e103537d3a5dce1e3a8c7608e1a37180cd64768dbf95311f830198d386e33ac,frozen run_specs plus configuration-labelled raw_final records,TAO-taoyuan-idx7044-0-7,1.2554120563480236,0,0,30.0,PASS,True,data/submission/raw_final.csv,False,150.53069010027684
Development,TAO-taoyuan-idx7044-0-7|qp27,historical,2.0,0-29,30,30,True,True,True,9e103537d3a5dce1e3a8c7608e1a37180cd64768dbf95311f830198d386e33ac,frozen run_specs plus configuration-labelled raw_final records,TAO-taoyuan-idx7044-0-7,1.2554120563480236,0,0,30.0,PASS,True,data/submission/raw_final.csv,False,151.31262250058353
Development,TAO-taoyuan-idx7044-0-7|qp27,historical,3.0,0-29,30,30,True,True,True,9e103537d3a5dce1e3a8c7608e1a37180cd64768dbf95311f830198d386e33ac,frozen run_specs plus configuration-labelled raw_final records,TAO-taoyuan-idx7044-0-7,1.2554120563480236,0,0,30.0,PASS,True,data/submission/raw_final.csv,False,154.2324674995616
Development,TAO-taoyuan-idx7044-0-7|qp27,historical,4.0,0-29,30,30,True,True,True,9e103537d3a5dce1e3a8c7608e1a37180cd64768dbf95311f830198d386e33ac,frozen run_specs plus configuration-labelled raw_final records,TAO-taoyuan-idx7044-0-7,1.2554120563480236,0,0,30.0,PASS,True,data/submission/raw_final.csv,False,167.7681799007114
Development,TAO-taoyuan-idx7044-0-7|qp27,historical,5.0,0-29,30,30,True,True,True,9e103537d3a5dce1e3a8c7608e1a37180cd64768dbf95311f830198d386e33ac,frozen run_specs plus configuration-labelled raw_final records,TAO-taoyuan-idx7044-0-7,1.2554120563480236,0,0,30.0,PASS,True,data/submission/raw_final.csv,False,139.7541114995256
Development,TAO-taoyuan-idx7044-0-7|qp27,historical,6.0,0-29,30,30,True,True,True,9e103537d3a5dce1e3a8c7608e1a37180cd64768dbf95311f830198d386e33ac,frozen run_specs plus configuration-labelled raw_final records,TAO-taoyuan-idx7044-0-7,1.2554120563480236,0,0,30.0,PASS,True,data/submission/raw_final.csv,False,168.71688629942946
Development,TAO-taoyuan-idx7044-0-7|qp27,historical,8.0,0-29,30,30,True,True,True,9e103537d3a5dce1e3a8c7608e1a37180cd64768dbf95311f830198d386e33ac,frozen run_specs plus configuration-labelled raw_final records,TAO-taoyuan-idx7044-0-7,1.2554120563480236,0,0,30.0,PASS,True,data/submission/raw_final.csv,False,184.76124449935745
Development,TAO-taoyuan-idx7044-0-7|qp27,historical,10.0,0-29,30,30,True,True,True,9e103537d3a5dce1e3a8c7608e1a37180cd64768dbf95311f830198d386e33ac,frozen run_specs plus configuration-labelled raw_final records,TAO-taoyuan-idx7044-0-7,1.2554120563480236,0,0,29.0,PASS,True,data/submission/raw_final.csv,False,192.71740489965305
Development,TAO-taoyuan-idx7044-0-7|qp27,historical,11.0,0-29,30,30,True,True,True,9e103537d3a5dce1e3a8c7608e1a37180cd64768dbf95311f830198d386e33ac,frozen run_specs plus configuration-labelled raw_final records,TAO-taoyuan-idx7044-0-7,1.2554120563480236,0,0,25.0,FAIL,True,data/submission/raw_final.csv,False,187.8933917009272
Development,TAO-taoyuan-idx7044-0-7|qp27,historical,12.0,0-29,30,30,True,True,True,9e103537d3a5dce1e3a8c7608e1a37180cd64768dbf95311f830198d386e33ac,frozen run_specs plus configuration-labelled raw_final records,TAO-taoyuan-idx7044-0-7,1.2554120563480236,0,0,21.0,FAIL,True,data/submission/raw_final.csv,False,215.61870980099772
Development,TAO-taoyuan-idx7044-0-7|qp27,historical,15.0,0-29,30,30,True,True,True,9e103537d3a5dce1e3a8c7608e1a37180cd64768dbf95311f830198d386e33ac,frozen run_specs plus configuration-labelled raw_final records,TAO-taoyuan-idx7044-0-7,1.2554120563480236,0,0,4.0,FAIL,True,data/submission/raw_final.csv,False,239.19762140046805
Development,TAO-taoyuan-idx718-0-1|qp10,historical,0.0,0-29,30,30,True,True,True,6b82e13d84e3212b153ee25930bf2ace38c78b384b88c91dee68c1219ca40c69,frozen run_specs plus configuration-labelled raw_final records,TAO-taoyuan-idx718-0-1,1.317390789969602,0,0,30.0,PASS,True,data/submission/raw_final.csv,False,81.28429880039766
Development,TAO-taoyuan-idx718-0-1|qp10,historical,1.0,0-29,30,30,True,True,True,6b82e13d84e3212b153ee25930bf2ace38c78b384b88c91dee68c1219ca40c69,frozen run_specs plus configuration-labelled raw_final records,TAO-taoyuan-idx718-0-1,1.317390789969602,0,0,30.0,PASS,True,data/submission/raw_final.csv,False,77.76181109971367
Development,TAO-taoyuan-idx718-0-1|qp10,historical,2.0,0-29,30,30,True,True,True,6b82e13d84e3212b153ee25930bf2ace38c78b384b88c91dee68c1219ca40c69,frozen run_specs plus configuration-labelled raw_final records,TAO-taoyuan-idx718-0-1,1.317390789969602,0,0,30.0,PASS,True,data/submission/raw_final.csv,False,81.62877309951
Development,TAO-taoyuan-idx718-0-1|qp10,historical,3.0,0-29,30,30,True,True,True,6b82e13d84e3212b153ee25930bf2ace38c78b384b88c91dee68c1219ca40c69,frozen run_specs plus configuration-labelled raw_final records,TAO-taoyuan-idx718-0-1,1.317390789969602,0,0,30.0,PASS,True,data/submission/raw_final.csv,False,79.72380149923265
Development,TAO-taoyuan-idx718-0-1|qp10,historical,4.0,0-29,30,30,True,True,True,6b82e13d84e3212b153ee25930bf2ace38c78b384b88c91dee68c1219ca40c69,frozen run_specs plus configuration-labelled raw_final records,TAO-taoyuan-idx718-0-1,1.317390789969602,0,0,30.0,PASS,True,data/submission/raw_final.csv,False,83.9030955999624
Development,TAO-taoyuan-idx718-0-1|qp10,historical,5.0,0-29,30,30,True,True,True,6b82e13d84e3212b153ee25930bf2ace38c78b384b88c91dee68c1219ca40c69,frozen run_specs plus configuration-labelled raw_final records,TAO-taoyuan-idx718-0-1,1.317390789969602,0,0,30.0,PASS,True,data/submission/raw_final.csv,False,87.80742599908262
Development,TAO-taoyuan-idx718-0-1|qp10,historical,6.0,0-29,30,30,True,True,True,6b82e13d84e3212b153ee25930bf2ace38c78b384b88c91dee68c1219ca40c69,frozen run_specs plus configuration-labelled raw_final records,TAO-taoyuan-idx718-0-1,1.317390789969602,0,0,30.0,PASS,True,data/submission/raw_final.csv,False,90.70474599977024
Development,TAO-taoyuan-idx718-0-1|qp10,historical,7.0,0-29,30,30,True,True,True,6b82e13d84e3212b153ee25930bf2ace38c78b384b88c91dee68c1219ca40c69,frozen run_specs plus configuration-labelled raw_final records,TAO-taoyuan-idx718-0-1,1.317390789969602,0,0,30.0,PASS,True,data/submission/raw_final.csv,False,55.37199999997392
Development,TAO-taoyuan-idx718-0-1|qp10,historical,8.0,0-29,30,30,True,True,True,6b82e13d84e3212b153ee25930bf2ace38c78b384b88c91dee68c1219ca40c69,frozen run_specs plus configuration-labelled raw_final records,TAO-taoyuan-idx718-0-1,1.317390789969602,0,0,30.0,PASS,True,data/submission/raw_final.csv,False,99.7705146993976
Development,TAO-taoyuan-idx718-0-1|qp10,historical,9.0,0-29,30,30,True,True,True,6b82e13d84e3212b153ee25930bf2ace38c78b384b88c91dee68c1219ca40c69,frozen run_specs plus configuration-labelled raw_final records,TAO-taoyuan-idx718-0-1,1.317390789969602,0,0,29.0,PASS,True,data/submission/raw_final.csv,False,101.86679050093517
Development,TAO-taoyuan-idx718-0-1|qp10,historical,10.0,0-29,30,30,True,True,True,6b82e13d84e3212b153ee25930bf2ace38c78b384b88c91dee68c1219ca40c69,frozen run_specs plus configuration-labelled raw_final records,TAO-taoyuan-idx718-0-1,1.317390789969602,0,0,28.0,FAIL,True,data/submission/raw_final.csv,False,108.59117229981348
Development,TAO-taoyuan-idx718-0-1|qp10,historical,12.0,0-29,30,30,True,True,True,6b82e13d84e3212b153ee25930bf2ace38c78b384b88c91dee68c1219ca40c69,frozen run_specs plus configuration-labelled raw_final records,TAO-taoyuan-idx718-0-1,1.317390789969602,0,0,26.0,FAIL,True,data/submission/raw_final.csv,False,125.35977559979074
Development,TAO-taoyuan-idx718-0-1|qp10,historical,15.0,0-29,30,30,True,True,True,6b82e13d84e3212b153ee25930bf2ace38c78b384b88c91dee68c1219ca40c69,frozen run_specs plus configuration-labelled raw_final records,TAO-taoyuan-idx718-0-1,1.317390789969602,0,0,23.0,FAIL,True,data/submission/raw_final.csv,False,143.60397419938818
Development,TAO-taoyuan-idx718-0-1|qp10,historical,18.0,0-29,30,30,True,True,True,6b82e13d84e3212b153ee25930bf2ace38c78b384b88c91dee68c1219ca40c69,frozen run_specs plus configuration-labelled raw_final records,TAO-taoyuan-idx718-0-1,1.317390789969602,0,0,11.0,FAIL,True,data/submission/raw_final.csv,False,167.38702949951403
Development,TAO-taoyuan-idx718-0-1|qp24,historical,0.0,0-29,30,30,True,True,True,7175a0e429d89812209ce358e679568aef346264820c876fc5550d567e1f75ce,frozen run_specs plus configuration-labelled raw_final records,TAO-taoyuan-idx718-0-1,1.2354953430440132,0,0,30.0,PASS,True,data/submission/raw_final.csv,False,140.97696040035223
Development,TAO-taoyuan-idx718-0-1|qp24,historical,1.0,0-29,30,30,True,True,True,7175a0e429d89812209ce358e679568aef346264820c876fc5550d567e1f75ce,frozen run_specs plus configuration-labelled raw_final records,TAO-taoyuan-idx718-0-1,1.2354953430440132,0,0,30.0,PASS,True,data/submission/raw_final.csv,False,135.94502150034532
Development,TAO-taoyuan-idx718-0-1|qp24,historical,2.0,0-29,30,30,True,True,True,7175a0e429d89812209ce358e679568aef346264820c876fc5550d567e1f75ce,frozen run_specs plus configuration-labelled raw_final records,TAO-taoyuan-idx718-0-1,1.2354953430440132,0,0,30.0,PASS,True,data/submission/raw_final.csv,False,141.3807255004067
Development,TAO-taoyuan-idx718-0-1|qp24,historical,3.0,0-29,30,30,True,True,True,7175a0e429d89812209ce358e679568aef346264820c876fc5550d567e1f75ce,frozen run_specs plus configuration-labelled raw_final records,TAO-taoyuan-idx718-0-1,1.2354953430440132,0,0,30.0,PASS,True,data/submission/raw_final.csv,False,146.25989380083047
Development,TAO-taoyuan-idx718-0-1|qp24,historical,4.0,0-29,30,30,True,True,True,7175a0e429d89812209ce358e679568aef346264820c876fc5550d567e1f75ce,frozen run_specs plus configuration-labelled raw_final records,TAO-taoyuan-idx718-0-1,1.2354953430440132,0,0,30.0,PASS,True,data/submission/raw_final.csv,False,148.91171620041132
Development,TAO-taoyuan-idx718-0-1|qp24,historical,5.0,0-29,30,30,True,True,True,7175a0e429d89812209ce358e679568aef346264820c876fc5550d567e1f75ce,frozen run_specs plus configuration-labelled raw_final records,TAO-taoyuan-idx718-0-1,1.2354953430440132,0,0,30.0,PASS,True,data/submission/raw_final.csv,False,175.18165629939176
Development,TAO-taoyuan-idx718-0-1|qp24,historical,6.0,0-29,30,30,True,True,True,7175a0e429d89812209ce358e679568aef346264820c876fc5550d567e1f75ce,frozen run_specs plus configuration-labelled raw_final records,TAO-taoyuan-idx718-0-1,1.2354953430440132,0,0,30.0,PASS,True,data/submission/raw_final.csv,False,166.79054869967513
Development,TAO-taoyuan-idx718-0-1|qp24,historical,7.0,0-29,30,30,True,True,True,7175a0e429d89812209ce358e679568aef346264820c876fc5550d567e1f75ce,frozen run_specs plus configuration-labelled raw_final records,TAO-taoyuan-idx718-0-1,1.2354953430440132,0,0,29.0,PASS,True,data/submission/raw_final.csv,False,165.1574457003735
Development,TAO-taoyuan-idx718-0-1|qp24,historical,8.0,0-29,30,30,True,True,True,7175a0e429d89812209ce358e679568aef346264820c876fc5550d567e1f75ce,frozen run_specs plus configuration-labelled raw_final records,TAO-taoyuan-idx718-0-1,1.2354953430440132,0,0,23.0,FAIL,True,data/submission/raw_final.csv,False,190.0720378998667
Development,TAO-taoyuan-idx718-0-1|qp24,historical,10.0,0-29,30,30,True,True,True,7175a0e429d89812209ce358e679568aef346264820c876fc5550d567e1f75ce,frozen run_specs plus configuration-labelled raw_final records,TAO-taoyuan-idx718-0-1,1.2354953430440132,0,0,9.0,FAIL,True,data/submission/raw_final.csv,False,181.5055154992733
Development,TAO-taoyuan-idx8762-0-0|qp2,historical,0.0,0-29,30,30,True,True,False,,no preserved run_spec,TAO-taoyuan-idx8762-0-0,,0,0,,MISSING_CONFIGURATION_PROOF,False,data/submission/raw_final.csv,False,171.17542859981768
Development,TAO-taoyuan-idx8762-0-0|qp5,historical,0.0,0-29,30,30,True,True,False,,no preserved run_spec,TAO-taoyuan-idx8762-0-0,,0,0,,MISSING_CONFIGURATION_PROOF,False,data/submission/raw_final.csv,False,357.23724739975296
Development,TAO-taoyuan-idx9038-0-2|qp15,historical,0.0,0-29,30,30,True,True,False,,no preserved run_spec,TAO-taoyuan-idx9038-0-2,,0,0,,MISSING_CONFIGURATION_PROOF,False,data/submission/raw_final.csv,False,92.0576154005248
Development,TAO-taoyuan-idx9038-0-2|qp15,historical,1.0,0-29,30,30,True,True,False,,no preserved run_spec,TAO-taoyuan-idx9038-0-2,,0,0,,MISSING_CONFIGURATION_PROOF,False,data/submission/raw_final.csv,False,97.83245079987682
Development,TAO-taoyuan-idx9038-0-2|qp15,historical,2.0,0-29,30,30,True,True,False,,no preserved run_spec,TAO-taoyuan-idx9038-0-2,,0,0,,MISSING_CONFIGURATION_PROOF,False,data/submission/raw_final.csv,False,104.00974780065008
Development,TAO-taoyuan-idx9038-0-2|qp15,historical,3.0,0-29,30,30,True,True,False,,no preserved run_spec,TAO-taoyuan-idx9038-0-2,,0,0,,MISSING_CONFIGURATION_PROOF,False,data/submission/raw_final.csv,False,113.42411520006137
Development,TAO-taoyuan-idx9038-0-2|qp15,historical,4.0,0-29,30,30,True,True,False,,no preserved run_spec,TAO-taoyuan-idx9038-0-2,,0,0,,MISSING_CONFIGURATION_PROOF,False,data/submission/raw_final.csv,False,116.0202914008405
Development,TAO-taoyuan-idx9038-0-2|qp15,historical,5.0,0-29,30,30,True,True,False,,no preserved run_spec,TAO-taoyuan-idx9038-0-2,,0,0,,MISSING_CONFIGURATION_PROOF,False,data/submission/raw_final.csv,False,126.8021758000832
Development,TAO-taoyuan-idx9038-0-2|qp15,historical,6.0,0-29,30,30,True,True,False,,no preserved run_spec,TAO-taoyuan-idx9038-0-2,,0,0,,MISSING_CONFIGURATION_PROOF,False,data/submission/raw_final.csv,False,120.47583720018156
Development,TAO-taoyuan-idx9038-0-2|qp15,historical,8.0,0-29,30,30,True,True,False,,no preserved run_spec,TAO-taoyuan-idx9038-0-2,,0,0,,MISSING_CONFIGURATION_PROOF,False,data/submission/raw_final.csv,False,134.82235989975743
Development,TAO-taoyuan-idx9038-0-2|qp15,historical,10.0,0-29,30,30,True,True,False,,no preserved run_spec,TAO-taoyuan-idx9038-0-2,,0,0,,MISSING_CONFIGURATION_PROOF,False,data/submission/raw_final.csv,False,140.58843290037476
Development,TAO-taoyuan-idx9038-0-2|qp15,historical,12.0,0-29,30,30,True,True,False,,no preserved run_spec,TAO-taoyuan-idx9038-0-2,,0,0,,MISSING_CONFIGURATION_PROOF,False,data/submission/raw_final.csv,False,157.24179909937084
Development,TAO-taoyuan-idx9038-0-2|qp15,historical,15.0,0-29,30,30,True,True,False,,no preserved run_spec,TAO-taoyuan-idx9038-0-2,,0,0,,MISSING_CONFIGURATION_PROOF,False,data/submission/raw_final.csv,False,176.88776879990473
Development,TAO-taoyuan-idx9038-0-2|qp15,historical,18.0,0-29,30,30,True,True,False,,no preserved run_spec,TAO-taoyuan-idx9038-0-2,,0,0,,MISSING_CONFIGURATION_PROOF,False,data/submission/raw_final.csv,False,176.81362340017222
Development,TAO-taoyuan-idx9038-0-2|qp15,historical,20.0,0-29,30,30,True,True,False,,no preserved run_spec,TAO-taoyuan-idx9038-0-2,,0,0,,MISSING_CONFIGURATION_PROOF,False,data/submission/raw_final.csv,False,190.8488717994187
Development,TAO-taoyuan-idx9038-0-2|qp37,historical,0.0,0-29,30,30,True,True,False,,no preserved run_spec,TAO-taoyuan-idx9038-0-2,,0,0,,MISSING_CONFIGURATION_PROOF,False,data/submission/raw_final.csv,False,173.54262610035948
Development,TAO-taoyuan-idx9038-0-2|qp37,historical,1.0,0-29,30,30,True,True,False,,no preserved run_spec,TAO-taoyuan-idx9038-0-2,,0,0,,MISSING_CONFIGURATION_PROOF,False,data/submission/raw_final.csv,False,200.6313672012184
Development,TAO-taoyuan-idx9038-0-2|qp37,historical,2.0,0-29,30,30,True,True,False,,no preserved run_spec,TAO-taoyuan-idx9038-0-2,,0,0,,MISSING_CONFIGURATION_PROOF,False,data/submission/raw_final.csv,False,234.49224590067752
Development,TAO-taoyuan-idx9038-0-2|qp37,historical,3.0,0-29,30,30,True,True,False,,no preserved run_spec,TAO-taoyuan-idx9038-0-2,,0,0,,MISSING_CONFIGURATION_PROOF,False,data/submission/raw_final.csv,False,236.68987259990536
Development,TAO-taoyuan-idx9038-0-2|qp37,historical,4.0,0-29,30,30,True,True,False,,no preserved run_spec,TAO-taoyuan-idx9038-0-2,,0,0,,MISSING_CONFIGURATION_PROOF,False,data/submission/raw_final.csv,False,236.09677579975687
Development,TAO-taoyuan-idx9038-0-2|qp37,historical,5.0,0-29,30,30,True,True,False,,no preserved run_spec,TAO-taoyuan-idx9038-0-2,,0,0,,MISSING_CONFIGURATION_PROOF,False,data/submission/raw_final.csv,False,238.90836829994805
Development,TAO-taoyuan-idx9038-0-2|qp37,historical,6.0,0-29,30,30,True,True,False,,no preserved run_spec,TAO-taoyuan-idx9038-0-2,,0,0,,MISSING_CONFIGURATION_PROOF,False,data/submission/raw_final.csv,False,236.21248089941216
Development,TAO-taoyuan-idx9038-0-2|qp37,historical,8.0,0-29,30,30,True,True,False,,no preserved run_spec,TAO-taoyuan-idx9038-0-2,,0,0,,MISSING_CONFIGURATION_PROOF,False,data/submission/raw_final.csv,False,267.31827349960804
Development,TAO-taoyuan-idx9038-0-2|qp37,historical,10.0,0-29,30,30,True,True,False,,no preserved run_spec,TAO-taoyuan-idx9038-0-2,,0,0,,MISSING_CONFIGURATION_PROOF,False,data/submission/raw_final.csv,False,259.6986509000417
Development,TAO-taoyuan-idx9038-0-2|qp37,historical,12.0,0-29,30,30,True,True,False,,no preserved run_spec,TAO-taoyuan-idx9038-0-2,,0,0,,MISSING_CONFIGURATION_PROOF,False,data/submission/raw_final.csv,False,276.6469763997011
Development,TAO-taoyuan-idx9038-0-2|qp37,historical,13.0,0-29,30,30,True,True,False,,no preserved run_spec,TAO-taoyuan-idx9038-0-2,,0,0,,MISSING_CONFIGURATION_PROOF,False,data/submission/raw_final.csv,False,253.2212908999063
Development,TAO-taoyuan-idx9038-0-2|qp37,historical,14.0,0-29,30,30,True,True,False,,no preserved run_spec,TAO-taoyuan-idx9038-0-2,,0,0,,MISSING_CONFIGURATION_PROOF,False,data/submission/raw_final.csv,False,264.33797000022605
Development,TAO-taoyuan-idx9038-0-2|qp37,historical,15.0,0-29,30,30,True,True,False,,no preserved run_spec,TAO-taoyuan-idx9038-0-2,,0,0,,MISSING_CONFIGURATION_PROOF,False,data/submission/raw_final.csv,False,320.9494845001027
Development,TAO-taoyuan-idx9038-0-2|qp37,historical,18.0,0-29,30,30,True,True,False,,no preserved run_spec,TAO-taoyuan-idx9038-0-2,,0,0,,MISSING_CONFIGURATION_PROOF,False,data/submission/raw_final.csv,False,288.5915897001978
Development,TAO-taoyuan-idx9342-0-2|qp16,historical,0.0,0-29,30,30,True,True,False,,no preserved run_spec,TAO-taoyuan-idx9342-0-2,,0,0,,MISSING_CONFIGURATION_PROOF,False,data/submission/raw_final.csv,False,114.5085791000165
Development,TAO-taoyuan-idx9342-0-2|qp16,historical,1.0,0-29,30,30,True,True,False,,no preserved run_spec,TAO-taoyuan-idx9342-0-2,,0,0,,MISSING_CONFIGURATION_PROOF,False,data/submission/raw_final.csv,False,664.5170462005772
Development,TAO-taoyuan-idx9342-0-2|qp7,historical,0.0,0-29,30,30,True,True,False,,no preserved run_spec,TAO-taoyuan-idx9342-0-2,,0,0,,MISSING_CONFIGURATION_PROOF,False,data/submission/raw_final.csv,False,71.99286320013925
Development,TAO-taoyuan-idx9342-0-2|qp7,historical,1.0,0-29,30,30,True,True,False,,no preserved run_spec,TAO-taoyuan-idx9342-0-2,,0,0,,MISSING_CONFIGURATION_PROOF,False,data/submission/raw_final.csv,False,342.57781040132977
Development,TPE-taipei-idx11047-0-0|qp40,historical,0.0,0-29,30,30,True,True,True,4e1a3e3e68fa90aa44197b869387f2eb8b36d18a7f7bb9e40d73a63dc31c5cbe,frozen run_specs plus configuration-labelled raw_final records,TPE-taipei-idx11047-0-0,1.2348164781117883,0,0,30.0,PASS,True,data/submission/raw_final.csv,False,241.72547899978235
Development,TPE-taipei-idx11047-0-0|qp40,historical,1.0,0-29,30,30,True,True,True,4e1a3e3e68fa90aa44197b869387f2eb8b36d18a7f7bb9e40d73a63dc31c5cbe,frozen run_specs plus configuration-labelled raw_final records,TPE-taipei-idx11047-0-0,1.2348164781117883,0,0,30.0,PASS,True,data/submission/raw_final.csv,False,243.03629480022937
Development,TPE-taipei-idx11047-0-0|qp40,historical,2.0,0-29,30,30,True,True,True,4e1a3e3e68fa90aa44197b869387f2eb8b36d18a7f7bb9e40d73a63dc31c5cbe,frozen run_specs plus configuration-labelled raw_final records,TPE-taipei-idx11047-0-0,1.2348164781117883,0,0,30.0,PASS,True,data/submission/raw_final.csv,False,252.02327190036883
Development,TPE-taipei-idx11047-0-0|qp40,historical,3.0,0-29,30,30,True,True,True,4e1a3e3e68fa90aa44197b869387f2eb8b36d18a7f7bb9e40d73a63dc31c5cbe,frozen run_specs plus configuration-labelled raw_final records,TPE-taipei-idx11047-0-0,1.2348164781117883,0,0,30.0,PASS,True,data/submission/raw_final.csv,False,241.768903800752
Development,TPE-taipei-idx11047-0-0|qp40,historical,4.0,0-29,30,30,True,True,True,4e1a3e3e68fa90aa44197b869387f2eb8b36d18a7f7bb9e40d73a63dc31c5cbe,frozen run_specs plus configuration-labelled raw_final records,TPE-taipei-idx11047-0-0,1.2348164781117883,0,0,30.0,PASS,True,data/submission/raw_final.csv,False,256.73676360026
Development,TPE-taipei-idx11047-0-0|qp40,historical,5.0,0-29,30,30,True,True,True,4e1a3e3e68fa90aa44197b869387f2eb8b36d18a7f7bb9e40d73a63dc31c5cbe,frozen run_specs plus configuration-labelled raw_final records,TPE-taipei-idx11047-0-0,1.2348164781117883,0,0,30.0,PASS,True,data/submission/raw_final.csv,False,254.7998933994677
Development,TPE-taipei-idx11047-0-0|qp40,historical,6.0,0-29,30,30,True,True,True,4e1a3e3e68fa90aa44197b869387f2eb8b36d18a7f7bb9e40d73a63dc31c5cbe,frozen run_specs plus configuration-labelled raw_final records,TPE-taipei-idx11047-0-0,1.2348164781117883,0,0,30.0,PASS,True,data/submission/raw_final.csv,False,262.6443342999555
Development,TPE-taipei-idx11047-0-0|qp40,historical,8.0,0-29,30,30,True,True,True,4e1a3e3e68fa90aa44197b869387f2eb8b36d18a7f7bb9e40d73a63dc31c5cbe,frozen run_specs plus configuration-labelled raw_final records,TPE-taipei-idx11047-0-0,1.2348164781117883,0,0,30.0,PASS,True,data/submission/raw_final.csv,False,295.0684100992512
Development,TPE-taipei-idx11047-0-0|qp40,historical,10.0,0-29,30,30,True,True,True,4e1a3e3e68fa90aa44197b869387f2eb8b36d18a7f7bb9e40d73a63dc31c5cbe,frozen run_specs plus configuration-labelled raw_final records,TPE-taipei-idx11047-0-0,1.2348164781117883,0,0,30.0,PASS,True,data/submission/raw_final.csv,False,297.1907305994537
Development,TPE-taipei-idx11047-0-0|qp40,historical,11.0,0-29,30,30,True,True,True,4e1a3e3e68fa90aa44197b869387f2eb8b36d18a7f7bb9e40d73a63dc31c5cbe,frozen run_specs plus configuration-labelled raw_final records,TPE-taipei-idx11047-0-0,1.2348164781117883,0,0,29.0,PASS,True,data/submission/raw_final.csv,False,265.5206407995429
Development,TPE-taipei-idx11047-0-0|qp40,historical,12.0,0-29,30,30,True,True,True,4e1a3e3e68fa90aa44197b869387f2eb8b36d18a7f7bb9e40d73a63dc31c5cbe,frozen run_specs plus configuration-labelled raw_final records,TPE-taipei-idx11047-0-0,1.2348164781117883,0,0,27.0,FAIL,True,data/submission/raw_final.csv,False,291.30513400025666
Development,TPE-taipei-idx11047-0-0|qp40,historical,15.0,0-29,30,30,True,True,True,4e1a3e3e68fa90aa44197b869387f2eb8b36d18a7f7bb9e40d73a63dc31c5cbe,frozen run_specs plus configuration-labelled raw_final records,TPE-taipei-idx11047-0-0,1.2348164781117883,0,0,15.0,FAIL,True,data/submission/raw_final.csv,False,378.46247579948977
Development,TPE-taipei-idx11047-0-0|qp40,historical,18.0,0-29,30,30,True,True,True,4e1a3e3e68fa90aa44197b869387f2eb8b36d18a7f7bb9e40d73a63dc31c5cbe,frozen run_specs plus configuration-labelled raw_final records,TPE-taipei-idx11047-0-0,1.2348164781117883,0,0,0.0,FAIL,True,data/submission/raw_final.csv,False,517.1712788003497
Development,TPE-taipei-idx11047-0-0|qp67,historical,0.0,0-29,30,30,True,True,False,,no preserved run_spec,TPE-taipei-idx11047-0-0,,0,0,,MISSING_CONFIGURATION_PROOF,False,data/submission/raw_final.csv,False,381.96390779921785
Development,TPE-taipei-idx11047-0-0|qp67,historical,1.0,0-29,30,30,True,True,False,,no preserved run_spec,TPE-taipei-idx11047-0-0,,0,0,,MISSING_CONFIGURATION_PROOF,False,data/submission/raw_final.csv,False,415.9954490012024
Development,TPE-taipei-idx11047-0-0|qp67,historical,2.0,0-29,30,30,True,True,False,,no preserved run_spec,TPE-taipei-idx11047-0-0,,0,0,,MISSING_CONFIGURATION_PROOF,False,data/submission/raw_final.csv,False,403.9292322997935
Development,TPE-taipei-idx11047-0-0|qp67,historical,3.0,0-29,30,30,True,True,False,,no preserved run_spec,TPE-taipei-idx11047-0-0,,0,0,,MISSING_CONFIGURATION_PROOF,False,data/submission/raw_final.csv,False,429.50523749995045
Development,TPE-taipei-idx11047-0-0|qp67,historical,4.0,0-29,30,30,True,True,False,,no preserved run_spec,TPE-taipei-idx11047-0-0,,0,0,,MISSING_CONFIGURATION_PROOF,False,data/submission/raw_final.csv,False,570.0068538007326
Development,TPE-taipei-idx12521-0-5|qp21,assumption-direction075-v1,0.0,0-29,30,30,True,True,False,,no preserved run_spec,TPE-taipei-idx12521-0-5,,0,0,,MISSING_CONFIGURATION_PROOF,False,data/submission/raw_final.csv,False,89.93400000035763
Development,TPE-taipei-idx12521-0-5|qp21,assumption-direction075-v1,4.0,0-29,30,30,True,True,False,,no preserved run_spec,TPE-taipei-idx12521-0-5,,0,0,,MISSING_CONFIGURATION_PROOF,False,data/submission/raw_final.csv,False,107.78400000045076
Development,TPE-taipei-idx12521-0-5|qp21,assumption-reference-v1,0.0,0-29,30,30,True,True,False,,no preserved run_spec,TPE-taipei-idx12521-0-5,,0,0,,MISSING_CONFIGURATION_PROOF,False,data/submission/raw_final.csv,False,93.33499999926426
Development,TPE-taipei-idx12521-0-5|qp21,assumption-reference-v1,4.0,0-29,30,30,True,True,False,,no preserved run_spec,TPE-taipei-idx12521-0-5,,0,0,,MISSING_CONFIGURATION_PROOF,False,data/submission/raw_final.csv,False,110.95100000035018
Development,TPE-taipei-idx12521-0-5|qp21,assumption-size080-v1,0.0,0-29,30,30,True,True,False,,no preserved run_spec,TPE-taipei-idx12521-0-5,,0,0,,MISSING_CONFIGURATION_PROOF,False,data/submission/raw_final.csv,False,86.51600000052713
Development,TPE-taipei-idx12521-0-5|qp21,assumption-size080-v1,4.0,0-29,30,30,True,True,False,,no preserved run_spec,TPE-taipei-idx12521-0-5,,0,0,,MISSING_CONFIGURATION_PROOF,False,data/submission/raw_final.csv,False,86.77900000009686
Development,TPE-taipei-idx12521-0-5|qp21,assumption-size120-v1,0.0,0-29,30,30,True,True,False,,no preserved run_spec,TPE-taipei-idx12521-0-5,,0,0,,MISSING_CONFIGURATION_PROOF,False,data/submission/raw_final.csv,False,86.73700000043027
Development,TPE-taipei-idx12521-0-5|qp21,assumption-size120-v1,4.0,0-29,30,30,True,True,False,,no preserved run_spec,TPE-taipei-idx12521-0-5,,0,0,,MISSING_CONFIGURATION_PROOF,False,data/submission/raw_final.csv,False,112.65900000045076
Development,TPE-taipei-idx12521-0-5|qp21,historical,0.0,0-29,30,30,True,True,False,,no preserved run_spec,TPE-taipei-idx12521-0-5,,0,0,,MISSING_CONFIGURATION_PROOF,False,data/submission/raw_final.csv,False,116.1311716013588
Development,TPE-taipei-idx12521-0-5|qp21,historical,1.0,0-29,30,30,True,True,False,,no preserved run_spec,TPE-taipei-idx12521-0-5,,0,0,,MISSING_CONFIGURATION_PROOF,False,data/submission/raw_final.csv,False,137.74663950013928
Development,TPE-taipei-idx12521-0-5|qp21,historical,2.0,0-29,30,30,True,True,False,,no preserved run_spec,TPE-taipei-idx12521-0-5,,0,0,,MISSING_CONFIGURATION_PROOF,False,data/submission/raw_final.csv,False,138.7263454995118
Development,TPE-taipei-idx12521-0-5|qp21,historical,3.0,0-29,30,30,True,True,False,,no preserved run_spec,TPE-taipei-idx12521-0-5,,0,0,,MISSING_CONFIGURATION_PROOF,False,data/submission/raw_final.csv,False,143.9265155007597
Development,TPE-taipei-idx12521-0-5|qp21,historical,4.0,0-29,30,30,True,True,False,,no preserved run_spec,TPE-taipei-idx12521-0-5,,0,0,,MISSING_CONFIGURATION_PROOF,False,data/submission/raw_final.csv,False,149.41572580020875
Development,TPE-taipei-idx12521-0-5|qp21,historical,5.0,0-29,30,30,True,True,False,,no preserved run_spec,TPE-taipei-idx12521-0-5,,0,0,,MISSING_CONFIGURATION_PROOF,False,data/submission/raw_final.csv,False,163.8221739004366
Development,TPE-taipei-idx12521-0-5|qp21,historical,6.0,0-29,30,30,True,True,False,,no preserved run_spec,TPE-taipei-idx12521-0-5,,0,0,,MISSING_CONFIGURATION_PROOF,False,data/submission/raw_final.csv,False,160.13569479971193
Development,TPE-taipei-idx12521-0-5|qp21,historical,8.0,0-29,30,30,True,True,False,,no preserved run_spec,TPE-taipei-idx12521-0-5,,0,0,,MISSING_CONFIGURATION_PROOF,False,data/submission/raw_final.csv,False,183.78100840048864
Development,TPE-taipei-idx12521-0-5|qp9,historical,0.0,0-29,30,30,True,True,True,490263cbc0e0b08b4169232434ace1092555a83e1b6ec0e9285de8b6c471d7b2,frozen run_specs plus configuration-labelled raw_final records,TPE-taipei-idx12521-0-5,1.3169069684514478,0,0,30.0,PASS,True,data/submission/raw_final.csv,False,72.4053172999993
Development,TPE-taipei-idx12521-0-5|qp9,historical,0.0,10000-10029,30,30,True,True,True,490263cbc0e0b08b4169232434ace1092555a83e1b6ec0e9285de8b6c471d7b2,frozen run_specs plus configuration-labelled raw_final records,TPE-taipei-idx12521-0-5,1.3121241925116387,0,0,30.0,PASS,True,new package,True,28.92077689993312
Development,TPE-taipei-idx12521-0-5|qp9,historical,1.0,0-29,30,30,True,True,True,490263cbc0e0b08b4169232434ace1092555a83e1b6ec0e9285de8b6c471d7b2,frozen run_specs plus configuration-labelled raw_final records,TPE-taipei-idx12521-0-5,1.3169069684514478,0,0,30.0,PASS,True,data/submission/raw_final.csv,False,75.43468979932368
Development,TPE-taipei-idx12521-0-5|qp9,historical,2.0,0-29,30,30,True,True,True,490263cbc0e0b08b4169232434ace1092555a83e1b6ec0e9285de8b6c471d7b2,frozen run_specs plus configuration-labelled raw_final records,TPE-taipei-idx12521-0-5,1.3169069684514478,0,0,30.0,PASS,True,data/submission/raw_final.csv,False,80.54926560004242
Development,TPE-taipei-idx12521-0-5|qp9,historical,3.0,0-29,30,30,True,True,True,490263cbc0e0b08b4169232434ace1092555a83e1b6ec0e9285de8b6c471d7b2,frozen run_specs plus configuration-labelled raw_final records,TPE-taipei-idx12521-0-5,1.3169069684514478,0,0,30.0,PASS,True,data/submission/raw_final.csv,False,85.18716800073162
Development,TPE-taipei-idx12521-0-5|qp9,historical,4.0,0-29,30,30,True,True,True,490263cbc0e0b08b4169232434ace1092555a83e1b6ec0e9285de8b6c471d7b2,frozen run_specs plus configuration-labelled raw_final records,TPE-taipei-idx12521-0-5,1.3169069684514478,0,0,30.0,PASS,True,data/submission/raw_final.csv,False,88.1167224003002
Development,TPE-taipei-idx12521-0-5|qp9,historical,5.0,0-29,30,30,True,True,True,490263cbc0e0b08b4169232434ace1092555a83e1b6ec0e9285de8b6c471d7b2,frozen run_specs plus configuration-labelled raw_final records,TPE-taipei-idx12521-0-5,1.3169069684514478,0,0,30.0,PASS,True,data/submission/raw_final.csv,False,81.70210509980097
Development,TPE-taipei-idx12521-0-5|qp9,historical,5.0,10000-10029,30,30,True,True,True,490263cbc0e0b08b4169232434ace1092555a83e1b6ec0e9285de8b6c471d7b2,frozen run_specs plus configuration-labelled raw_final records,TPE-taipei-idx12521-0-5,1.3121241925116387,0,0,30.0,PASS,True,new package,True,39.886593800009
Development,TPE-taipei-idx12521-0-5|qp9,historical,6.0,0-29,30,30,True,True,True,490263cbc0e0b08b4169232434ace1092555a83e1b6ec0e9285de8b6c471d7b2,frozen run_specs plus configuration-labelled raw_final records,TPE-taipei-idx12521-0-5,1.3169069684514478,0,0,28.0,FAIL,True,data/submission/raw_final.csv,False,102.47110310010612
Development,TPE-taipei-idx12521-0-5|qp9,historical,7.0,0-29,30,30,True,True,True,490263cbc0e0b08b4169232434ace1092555a83e1b6ec0e9285de8b6c471d7b2,frozen run_specs plus configuration-labelled raw_final records,TPE-taipei-idx12521-0-5,1.3169069684514478,0,0,28.0,FAIL,True,data/submission/raw_final.csv,False,66.76799999922514
Development,TPE-taipei-idx12521-0-5|qp9,historical,7.0,10000-10029,30,30,True,True,True,490263cbc0e0b08b4169232434ace1092555a83e1b6ec0e9285de8b6c471d7b2,frozen run_specs plus configuration-labelled raw_final records,TPE-taipei-idx12521-0-5,1.3121241925116387,0,0,29.0,PASS,True,new package,True,44.54980379997869
Development,TPE-taipei-idx12521-0-5|qp9,historical,8.0,0-29,30,30,True,True,True,490263cbc0e0b08b4169232434ace1092555a83e1b6ec0e9285de8b6c471d7b2,frozen run_specs plus configuration-labelled raw_final records,TPE-taipei-idx12521-0-5,1.3169069684514478,0,0,28.0,FAIL,True,data/submission/raw_final.csv,False,111.1916547003202
Development,TPE-taipei-idx12521-0-5|qp9,historical,10.0,0-29,30,30,True,True,True,490263cbc0e0b08b4169232434ace1092555a83e1b6ec0e9285de8b6c471d7b2,frozen run_specs plus configuration-labelled raw_final records,TPE-taipei-idx12521-0-5,1.3169069684514478,0,0,22.0,FAIL,True,data/submission/raw_final.csv,False,119.18185270088723
Development,TPE-taipei-idx12521-0-5|qp9,historical,12.0,0-29,30,30,True,True,True,490263cbc0e0b08b4169232434ace1092555a83e1b6ec0e9285de8b6c471d7b2,frozen run_specs plus configuration-labelled raw_final records,TPE-taipei-idx12521-0-5,1.3169069684514478,0,0,14.0,FAIL,True,data/submission/raw_final.csv,False,139.91444610082544
Development,TPE-taipei-idx12764-0-0|qp22,historical,0.0,0-29,30,30,True,True,False,,no preserved run_spec,TPE-taipei-idx12764-0-0,,0,0,,MISSING_CONFIGURATION_PROOF,False,data/submission/raw_final.csv,False,129.3467384998221
Development,TPE-taipei-idx12764-0-0|qp22,historical,1.0,0-29,30,30,True,True,False,,no preserved run_spec,TPE-taipei-idx12764-0-0,,0,0,,MISSING_CONFIGURATION_PROOF,False,data/submission/raw_final.csv,False,712.7477705995552
Development,TPE-taipei-idx12764-0-0|qp37,historical,0.0,0-29,30,30,True,True,False,,no preserved run_spec,TPE-taipei-idx12764-0-0,,0,0,,MISSING_CONFIGURATION_PROOF,False,data/submission/raw_final.csv,False,174.83162149926648
Development,TPE-taipei-idx12764-0-0|qp37,historical,1.0,0-29,30,30,True,True,False,,no preserved run_spec,TPE-taipei-idx12764-0-0,,0,0,,MISSING_CONFIGURATION_PROOF,False,data/submission/raw_final.csv,False,1210.955084498506
Development,TPE-taipei-idx14193-0-0|qp10,historical,0.0,0-29,30,30,True,True,True,d31ad96409e7454a47064fd56f8ce08db0986d2100def71320c856a37b1346f6,frozen run_specs plus configuration-labelled raw_final records,TPE-taipei-idx14193-0-0,1.3141265178131891,0,0,30.0,PASS,True,data/submission/raw_final.csv,False,81.05537210055627
Development,TPE-taipei-idx14193-0-0|qp10,historical,1.0,0-29,30,30,True,True,True,d31ad96409e7454a47064fd56f8ce08db0986d2100def71320c856a37b1346f6,frozen run_specs plus configuration-labelled raw_final records,TPE-taipei-idx14193-0-0,1.3141265178131891,0,0,30.0,PASS,True,data/submission/raw_final.csv,False,75.21002560015768
Development,TPE-taipei-idx14193-0-0|qp10,historical,2.0,0-29,30,30,True,True,True,d31ad96409e7454a47064fd56f8ce08db0986d2100def71320c856a37b1346f6,frozen run_specs plus configuration-labelled raw_final records,TPE-taipei-idx14193-0-0,1.3141265178131891,0,0,30.0,PASS,True,data/submission/raw_final.csv,False,85.50440369918942
Development,TPE-taipei-idx14193-0-0|qp10,historical,3.0,0-29,30,30,True,True,True,d31ad96409e7454a47064fd56f8ce08db0986d2100def71320c856a37b1346f6,frozen run_specs plus configuration-labelled raw_final records,TPE-taipei-idx14193-0-0,1.3141265178131891,0,0,30.0,PASS,True,data/submission/raw_final.csv,False,86.34161780052818
Development,TPE-taipei-idx14193-0-0|qp10,historical,4.0,0-29,30,30,True,True,True,d31ad96409e7454a47064fd56f8ce08db0986d2100def71320c856a37b1346f6,frozen run_specs plus configuration-labelled raw_final records,TPE-taipei-idx14193-0-0,1.3141265178131891,0,0,30.0,PASS,True,data/submission/raw_final.csv,False,88.57331020012498
Development,TPE-taipei-idx14193-0-0|qp10,historical,5.0,0-29,30,30,True,True,True,d31ad96409e7454a47064fd56f8ce08db0986d2100def71320c856a37b1346f6,frozen run_specs plus configuration-labelled raw_final records,TPE-taipei-idx14193-0-0,1.3141265178131891,0,0,30.0,PASS,True,data/submission/raw_final.csv,False,95.01268289936706
Development,TPE-taipei-idx14193-0-0|qp10,historical,6.0,0-29,30,30,True,True,True,d31ad96409e7454a47064fd56f8ce08db0986d2100def71320c856a37b1346f6,frozen run_specs plus configuration-labelled raw_final records,TPE-taipei-idx14193-0-0,1.3141265178131891,0,0,30.0,PASS,True,data/submission/raw_final.csv,False,104.90937599935567
Development,TPE-taipei-idx14193-0-0|qp10,historical,7.0,0-29,30,30,True,True,True,d31ad96409e7454a47064fd56f8ce08db0986d2100def71320c856a37b1346f6,frozen run_specs plus configuration-labelled raw_final records,TPE-taipei-idx14193-0-0,1.3141265178131891,0,0,30.0,PASS,True,data/submission/raw_final.csv,False,74.43900000001304
Development,TPE-taipei-idx14193-0-0|qp10,historical,8.0,0-29,30,30,True,True,True,d31ad96409e7454a47064fd56f8ce08db0986d2100def71320c856a37b1346f6,frozen run_specs plus configuration-labelled raw_final records,TPE-taipei-idx14193-0-0,1.3141265178131891,0,0,30.0,PASS,True,data/submission/raw_final.csv,False,112.31401589885354
Development,TPE-taipei-idx14193-0-0|qp10,historical,9.0,0-29,30,30,True,True,True,d31ad96409e7454a47064fd56f8ce08db0986d2100def71320c856a37b1346f6,frozen run_specs plus configuration-labelled raw_final records,TPE-taipei-idx14193-0-0,1.3141265178131891,0,0,29.0,PASS,True,data/submission/raw_final.csv,False,79.17399999988265
Development,TPE-taipei-idx14193-0-0|qp10,historical,10.0,0-29,30,30,True,True,True,d31ad96409e7454a47064fd56f8ce08db0986d2100def71320c856a37b1346f6,frozen run_specs plus configuration-labelled raw_final records,TPE-taipei-idx14193-0-0,1.3141265178131891,0,0,29.0,PASS,True,data/submission/raw_final.csv,False,125.53728959988804
Development,TPE-taipei-idx14193-0-0|qp10,historical,11.0,0-29,30,30,True,True,True,d31ad96409e7454a47064fd56f8ce08db0986d2100def71320c856a37b1346f6,frozen run_specs plus configuration-labelled raw_final records,TPE-taipei-idx14193-0-0,1.3141265178131891,0,0,28.0,FAIL,True,data/submission/raw_final.csv,False,120.92432879912668
Development,TPE-taipei-idx14193-0-0|qp10,historical,12.0,0-29,30,30,True,True,True,d31ad96409e7454a47064fd56f8ce08db0986d2100def71320c856a37b1346f6,frozen run_specs plus configuration-labelled raw_final records,TPE-taipei-idx14193-0-0,1.3141265178131891,0,0,26.0,FAIL,True,data/submission/raw_final.csv,False,140.1549713006243
Development,TPE-taipei-idx14193-0-0|qp10,historical,15.0,0-29,30,30,True,True,True,d31ad96409e7454a47064fd56f8ce08db0986d2100def71320c856a37b1346f6,frozen run_specs plus configuration-labelled raw_final records,TPE-taipei-idx14193-0-0,1.3141265178131891,0,0,19.0,FAIL,True,data/submission/raw_final.csv,False,168.79551289975643
Development,TPE-taipei-idx14193-0-0|qp10,historical,18.0,0-29,30,30,True,True,True,d31ad96409e7454a47064fd56f8ce08db0986d2100def71320c856a37b1346f6,frozen run_specs plus configuration-labelled raw_final records,TPE-taipei-idx14193-0-0,1.3141265178131891,0,0,8.0,FAIL,True,data/submission/raw_final.csv,False,168.71808000048622
Development,TPE-taipei-idx14193-0-0|qp24,historical,0.0,0-29,30,30,True,True,True,9ca1c1bc391b16d033f5b2d00ad2fdf3346a0b65363658e60c5685ebad487a96,frozen run_specs plus configuration-labelled raw_final records,TPE-taipei-idx14193-0-0,1.2310587710207634,0,0,30.0,PASS,True,data/submission/raw_final.csv,False,152.9442957995925
Development,TPE-taipei-idx14193-0-0|qp24,historical,1.0,0-29,30,30,True,True,True,9ca1c1bc391b16d033f5b2d00ad2fdf3346a0b65363658e60c5685ebad487a96,frozen run_specs plus configuration-labelled raw_final records,TPE-taipei-idx14193-0-0,1.2310587710207634,0,0,30.0,PASS,True,data/submission/raw_final.csv,False,141.5878424004186
Development,TPE-taipei-idx14193-0-0|qp24,historical,2.0,0-29,30,30,True,True,True,9ca1c1bc391b16d033f5b2d00ad2fdf3346a0b65363658e60c5685ebad487a96,frozen run_specs plus configuration-labelled raw_final records,TPE-taipei-idx14193-0-0,1.2310587710207634,0,0,30.0,PASS,True,data/submission/raw_final.csv,False,140.11226500058547
Development,TPE-taipei-idx14193-0-0|qp24,historical,3.0,0-29,30,30,True,True,True,9ca1c1bc391b16d033f5b2d00ad2fdf3346a0b65363658e60c5685ebad487a96,frozen run_specs plus configuration-labelled raw_final records,TPE-taipei-idx14193-0-0,1.2310587710207634,0,0,30.0,PASS,True,data/submission/raw_final.csv,False,143.6815399993211
Development,TPE-taipei-idx14193-0-0|qp24,historical,4.0,0-29,30,30,True,True,True,9ca1c1bc391b16d033f5b2d00ad2fdf3346a0b65363658e60c5685ebad487a96,frozen run_specs plus configuration-labelled raw_final records,TPE-taipei-idx14193-0-0,1.2310587710207634,0,0,30.0,PASS,True,data/submission/raw_final.csv,False,148.6621581001673
Development,TPE-taipei-idx14193-0-0|qp24,historical,5.0,0-29,30,30,True,True,True,9ca1c1bc391b16d033f5b2d00ad2fdf3346a0b65363658e60c5685ebad487a96,frozen run_specs plus configuration-labelled raw_final records,TPE-taipei-idx14193-0-0,1.2310587710207634,0,0,30.0,PASS,True,data/submission/raw_final.csv,False,181.75864889961667
Development,TPE-taipei-idx14193-0-0|qp24,historical,6.0,0-29,30,30,True,True,True,9ca1c1bc391b16d033f5b2d00ad2fdf3346a0b65363658e60c5685ebad487a96,frozen run_specs plus configuration-labelled raw_final records,TPE-taipei-idx14193-0-0,1.2310587710207634,0,0,30.0,PASS,True,data/submission/raw_final.csv,False,178.47352590062656
Development,TPE-taipei-idx14193-0-0|qp24,historical,7.0,0-29,30,30,True,True,True,9ca1c1bc391b16d033f5b2d00ad2fdf3346a0b65363658e60c5685ebad487a96,frozen run_specs plus configuration-labelled raw_final records,TPE-taipei-idx14193-0-0,1.2310587710207634,0,0,30.0,PASS,True,data/submission/raw_final.csv,False,176.53035850008018
Development,TPE-taipei-idx14193-0-0|qp24,historical,8.0,0-29,30,30,True,True,True,9ca1c1bc391b16d033f5b2d00ad2fdf3346a0b65363658e60c5685ebad487a96,frozen run_specs plus configuration-labelled raw_final records,TPE-taipei-idx14193-0-0,1.2310587710207634,0,0,22.0,FAIL,True,data/submission/raw_final.csv,False,214.8998906009365
Development,TPE-taipei-idx15074-0-0|qp12,historical,0.0,0-29,30,30,True,True,True,b41e3bea246bfa67ecd3e33c0ba15d66d087c54aca84e18fbde74ab86675a9cb,frozen run_specs plus configuration-labelled raw_final records,TPE-taipei-idx15074-0-0,1.3226700544473255,0,0,30.0,PASS,True,data/submission/raw_final.csv,False,74.21756419958547
Development,TPE-taipei-idx15074-0-0|qp12,historical,1.0,0-29,30,30,True,True,True,b41e3bea246bfa67ecd3e33c0ba15d66d087c54aca84e18fbde74ab86675a9cb,frozen run_specs plus configuration-labelled raw_final records,TPE-taipei-idx15074-0-0,1.3226700544473255,0,0,30.0,PASS,True,data/submission/raw_final.csv,False,85.11131520033814
Development,TPE-taipei-idx15074-0-0|qp12,historical,2.0,0-29,30,30,True,True,True,b41e3bea246bfa67ecd3e33c0ba15d66d087c54aca84e18fbde74ab86675a9cb,frozen run_specs plus configuration-labelled raw_final records,TPE-taipei-idx15074-0-0,1.3226700544473255,0,0,30.0,PASS,True,data/submission/raw_final.csv,False,83.18745549954474
Development,TPE-taipei-idx15074-0-0|qp12,historical,3.0,0-29,30,30,True,True,True,b41e3bea246bfa67ecd3e33c0ba15d66d087c54aca84e18fbde74ab86675a9cb,frozen run_specs plus configuration-labelled raw_final records,TPE-taipei-idx15074-0-0,1.3226700544473255,0,0,30.0,PASS,True,data/submission/raw_final.csv,False,87.54961049929261
Development,TPE-taipei-idx15074-0-0|qp12,historical,4.0,0-29,30,30,True,True,True,b41e3bea246bfa67ecd3e33c0ba15d66d087c54aca84e18fbde74ab86675a9cb,frozen run_specs plus configuration-labelled raw_final records,TPE-taipei-idx15074-0-0,1.3226700544473255,0,0,30.0,PASS,True,data/submission/raw_final.csv,False,88.88195070135407
Development,TPE-taipei-idx15074-0-0|qp12,historical,5.0,0-29,30,30,True,True,True,b41e3bea246bfa67ecd3e33c0ba15d66d087c54aca84e18fbde74ab86675a9cb,frozen run_specs plus configuration-labelled raw_final records,TPE-taipei-idx15074-0-0,1.3226700544473255,0,0,30.0,PASS,True,data/submission/raw_final.csv,False,104.79029090073892
Development,TPE-taipei-idx15074-0-0|qp12,historical,6.0,0-29,30,30,True,True,True,b41e3bea246bfa67ecd3e33c0ba15d66d087c54aca84e18fbde74ab86675a9cb,frozen run_specs plus configuration-labelled raw_final records,TPE-taipei-idx15074-0-0,1.3226700544473255,0,0,30.0,PASS,True,data/submission/raw_final.csv,False,106.57438290072604
Development,TPE-taipei-idx15074-0-0|qp12,historical,8.0,0-29,30,30,True,True,True,b41e3bea246bfa67ecd3e33c0ba15d66d087c54aca84e18fbde74ab86675a9cb,frozen run_specs plus configuration-labelled raw_final records,TPE-taipei-idx15074-0-0,1.3226700544473255,0,0,30.0,PASS,True,data/submission/raw_final.csv,False,114.35449300031178
Development,TPE-taipei-idx15074-0-0|qp12,historical,9.0,0-29,30,30,True,True,True,b41e3bea246bfa67ecd3e33c0ba15d66d087c54aca84e18fbde74ab86675a9cb,frozen run_specs plus configuration-labelled raw_final records,TPE-taipei-idx15074-0-0,1.3226700544473255,0,0,30.0,PASS,True,data/submission/raw_final.csv,False,84.2960000000894
Development,TPE-taipei-idx15074-0-0|qp12,historical,10.0,0-29,30,30,True,True,True,b41e3bea246bfa67ecd3e33c0ba15d66d087c54aca84e18fbde74ab86675a9cb,frozen run_specs plus configuration-labelled raw_final records,TPE-taipei-idx15074-0-0,1.3226700544473255,0,0,30.0,PASS,True,data/submission/raw_final.csv,False,125.94144780002534
Development,TPE-taipei-idx15074-0-0|qp12,historical,12.0,0-29,30,30,True,True,True,b41e3bea246bfa67ecd3e33c0ba15d66d087c54aca84e18fbde74ab86675a9cb,frozen run_specs plus configuration-labelled raw_final records,TPE-taipei-idx15074-0-0,1.3226700544473255,0,0,30.0,PASS,True,data/submission/raw_final.csv,False,150.80661210021935
Development,TPE-taipei-idx15074-0-0|qp12,historical,15.0,0-29,30,30,True,True,True,b41e3bea246bfa67ecd3e33c0ba15d66d087c54aca84e18fbde74ab86675a9cb,frozen run_specs plus configuration-labelled raw_final records,TPE-taipei-idx15074-0-0,1.3226700544473255,0,0,29.0,PASS,True,data/submission/raw_final.csv,False,162.5510929999873
Development,TPE-taipei-idx15074-0-0|qp12,historical,16.0,0-29,30,30,True,True,True,b41e3bea246bfa67ecd3e33c0ba15d66d087c54aca84e18fbde74ab86675a9cb,frozen run_specs plus configuration-labelled raw_final records,TPE-taipei-idx15074-0-0,1.3226700544473255,0,0,28.0,FAIL,True,data/submission/raw_final.csv,False,152.18823710014112
Development,TPE-taipei-idx15074-0-0|qp12,historical,17.0,0-29,30,30,True,True,True,b41e3bea246bfa67ecd3e33c0ba15d66d087c54aca84e18fbde74ab86675a9cb,frozen run_specs plus configuration-labelled raw_final records,TPE-taipei-idx15074-0-0,1.3226700544473255,0,0,28.0,FAIL,True,data/submission/raw_final.csv,False,157.03602470015176
Development,TPE-taipei-idx15074-0-0|qp12,historical,18.0,0-29,30,30,True,True,True,b41e3bea246bfa67ecd3e33c0ba15d66d087c54aca84e18fbde74ab86675a9cb,frozen run_specs plus configuration-labelled raw_final records,TPE-taipei-idx15074-0-0,1.3226700544473255,0,0,24.0,FAIL,True,data/submission/raw_final.csv,False,174.8411009006668
Development,TPE-taipei-idx15074-0-0|qp12,historical,20.0,0-29,30,30,True,True,True,b41e3bea246bfa67ecd3e33c0ba15d66d087c54aca84e18fbde74ab86675a9cb,frozen run_specs plus configuration-labelled raw_final records,TPE-taipei-idx15074-0-0,1.3226700544473255,0,0,19.0,FAIL,True,data/submission/raw_final.csv,False,169.70194650022313
Development,TPE-taipei-idx15074-0-0|qp28,historical,0.0,0-29,30,30,True,True,True,63e57e9a1935542b25cc649defd87bd5409a4dd8a12a80251ed55e9c99570d49,frozen run_specs plus configuration-labelled raw_final records,TPE-taipei-idx15074-0-0,1.2640290817745263,0,0,30.0,PASS,True,data/submission/raw_final.csv,False,136.2717615000438
Development,TPE-taipei-idx15074-0-0|qp28,historical,1.0,0-29,30,30,True,True,True,63e57e9a1935542b25cc649defd87bd5409a4dd8a12a80251ed55e9c99570d49,frozen run_specs plus configuration-labelled raw_final records,TPE-taipei-idx15074-0-0,1.2640290817745263,0,0,30.0,PASS,True,data/submission/raw_final.csv,False,159.15248460043222
Development,TPE-taipei-idx15074-0-0|qp28,historical,2.0,0-29,30,30,True,True,True,63e57e9a1935542b25cc649defd87bd5409a4dd8a12a80251ed55e9c99570d49,frozen run_specs plus configuration-labelled raw_final records,TPE-taipei-idx15074-0-0,1.2640290817745263,0,0,30.0,PASS,True,data/submission/raw_final.csv,False,142.80349199962802
Development,TPE-taipei-idx15074-0-0|qp28,historical,3.0,0-29,30,30,True,True,True,63e57e9a1935542b25cc649defd87bd5409a4dd8a12a80251ed55e9c99570d49,frozen run_specs plus configuration-labelled raw_final records,TPE-taipei-idx15074-0-0,1.2640290817745263,0,0,30.0,PASS,True,data/submission/raw_final.csv,False,148.98441069899127
Development,TPE-taipei-idx15074-0-0|qp28,historical,4.0,0-29,30,30,True,True,True,63e57e9a1935542b25cc649defd87bd5409a4dd8a12a80251ed55e9c99570d49,frozen run_specs plus configuration-labelled raw_final records,TPE-taipei-idx15074-0-0,1.2640290817745263,0,0,30.0,PASS,True,data/submission/raw_final.csv,False,164.19594390015118
Development,TPE-taipei-idx15074-0-0|qp28,historical,5.0,0-29,30,30,True,True,True,63e57e9a1935542b25cc649defd87bd5409a4dd8a12a80251ed55e9c99570d49,frozen run_specs plus configuration-labelled raw_final records,TPE-taipei-idx15074-0-0,1.2640290817745263,0,0,30.0,PASS,True,data/submission/raw_final.csv,False,196.900220399024
Development,TPE-taipei-idx15074-0-0|qp28,historical,6.0,0-29,30,30,True,True,True,63e57e9a1935542b25cc649defd87bd5409a4dd8a12a80251ed55e9c99570d49,frozen run_specs plus configuration-labelled raw_final records,TPE-taipei-idx15074-0-0,1.2640290817745263,0,0,30.0,PASS,True,data/submission/raw_final.csv,False,195.625616901787
Development,TPE-taipei-idx15074-0-0|qp28,historical,8.0,0-29,30,30,True,True,True,63e57e9a1935542b25cc649defd87bd5409a4dd8a12a80251ed55e9c99570d49,frozen run_specs plus configuration-labelled raw_final records,TPE-taipei-idx15074-0-0,1.2640290817745263,0,0,30.0,PASS,True,data/submission/raw_final.csv,False,217.4688381003216
Development,TPE-taipei-idx15074-0-0|qp28,historical,10.0,0-29,30,30,True,True,True,63e57e9a1935542b25cc649defd87bd5409a4dd8a12a80251ed55e9c99570d49,frozen run_specs plus configuration-labelled raw_final records,TPE-taipei-idx15074-0-0,1.2640290817745263,0,0,29.0,PASS,True,data/submission/raw_final.csv,False,214.12103450018915
Development,TPE-taipei-idx15074-0-0|qp28,historical,11.0,0-29,30,30,True,True,True,63e57e9a1935542b25cc649defd87bd5409a4dd8a12a80251ed55e9c99570d49,frozen run_specs plus configuration-labelled raw_final records,TPE-taipei-idx15074-0-0,1.2640290817745263,0,0,28.0,FAIL,True,data/submission/raw_final.csv,False,216.39400080009364
Development,TPE-taipei-idx15074-0-0|qp28,historical,12.0,0-29,30,30,True,True,True,63e57e9a1935542b25cc649defd87bd5409a4dd8a12a80251ed55e9c99570d49,frozen run_specs plus configuration-labelled raw_final records,TPE-taipei-idx15074-0-0,1.2640290817745263,0,0,25.0,FAIL,True,data/submission/raw_final.csv,False,252.01212090067563
Development,TPE-taipei-idx15074-0-0|qp28,historical,15.0,0-29,30,30,True,True,True,63e57e9a1935542b25cc649defd87bd5409a4dd8a12a80251ed55e9c99570d49,frozen run_specs plus configuration-labelled raw_final records,TPE-taipei-idx15074-0-0,1.2640290817745263,0,0,15.0,FAIL,True,data/submission/raw_final.csv,False,272.45156479929574
Development,TPE-taipei-idx15608-0-1|qp37,historical,0.0,0-29,30,30,True,True,True,46016db1ae3ed4426a5f6c6218df648dc4a7f82c2fd283a5a9a7e37b051349ed,frozen run_specs plus configuration-labelled raw_final records,TPE-taipei-idx15608-0-1,1.237358649445842,0,0,30.0,PASS,True,data/submission/raw_final.csv,False,240.6331566995941
Development,TPE-taipei-idx15608-0-1|qp37,historical,1.0,0-29,30,30,True,True,True,46016db1ae3ed4426a5f6c6218df648dc4a7f82c2fd283a5a9a7e37b051349ed,frozen run_specs plus configuration-labelled raw_final records,TPE-taipei-idx15608-0-1,1.237358649445842,0,0,30.0,PASS,True,data/submission/raw_final.csv,False,186.0342620993033
Development,TPE-taipei-idx15608-0-1|qp37,historical,2.0,0-29,30,30,True,True,True,46016db1ae3ed4426a5f6c6218df648dc4a7f82c2fd283a5a9a7e37b051349ed,frozen run_specs plus configuration-labelled raw_final records,TPE-taipei-idx15608-0-1,1.237358649445842,0,0,30.0,PASS,True,data/submission/raw_final.csv,False,184.22410540049896
Development,TPE-taipei-idx15608-0-1|qp37,historical,3.0,0-29,30,30,True,True,True,46016db1ae3ed4426a5f6c6218df648dc4a7f82c2fd283a5a9a7e37b051349ed,frozen run_specs plus configuration-labelled raw_final records,TPE-taipei-idx15608-0-1,1.237358649445842,0,0,30.0,PASS,True,data/submission/raw_final.csv,False,196.31950169918127
Development,TPE-taipei-idx15608-0-1|qp37,historical,4.0,0-29,30,30,True,True,True,46016db1ae3ed4426a5f6c6218df648dc4a7f82c2fd283a5a9a7e37b051349ed,frozen run_specs plus configuration-labelled raw_final records,TPE-taipei-idx15608-0-1,1.237358649445842,0,0,30.0,PASS,True,data/submission/raw_final.csv,False,207.2692733996082
Development,TPE-taipei-idx15608-0-1|qp37,historical,5.0,0-29,30,30,True,True,True,46016db1ae3ed4426a5f6c6218df648dc4a7f82c2fd283a5a9a7e37b051349ed,frozen run_specs plus configuration-labelled raw_final records,TPE-taipei-idx15608-0-1,1.237358649445842,0,0,30.0,PASS,True,data/submission/raw_final.csv,False,263.4827454998158
Development,TPE-taipei-idx15608-0-1|qp37,historical,6.0,0-29,30,30,True,True,True,46016db1ae3ed4426a5f6c6218df648dc4a7f82c2fd283a5a9a7e37b051349ed,frozen run_specs plus configuration-labelled raw_final records,TPE-taipei-idx15608-0-1,1.237358649445842,0,0,30.0,PASS,True,data/submission/raw_final.csv,False,254.78646680014208
Development,TPE-taipei-idx15608-0-1|qp37,historical,8.0,0-29,30,30,True,True,True,46016db1ae3ed4426a5f6c6218df648dc4a7f82c2fd283a5a9a7e37b051349ed,frozen run_specs plus configuration-labelled raw_final records,TPE-taipei-idx15608-0-1,1.237358649445842,0,0,30.0,PASS,True,data/submission/raw_final.csv,False,277.7200027995277
Development,TPE-taipei-idx15608-0-1|qp37,historical,10.0,0-29,30,30,True,True,True,46016db1ae3ed4426a5f6c6218df648dc4a7f82c2fd283a5a9a7e37b051349ed,frozen run_specs plus configuration-labelled raw_final records,TPE-taipei-idx15608-0-1,1.237358649445842,0,0,29.0,PASS,True,data/submission/raw_final.csv,False,279.7063021999784
Development,TPE-taipei-idx15608-0-1|qp37,historical,11.0,0-29,30,30,True,True,True,46016db1ae3ed4426a5f6c6218df648dc4a7f82c2fd283a5a9a7e37b051349ed,frozen run_specs plus configuration-labelled raw_final records,TPE-taipei-idx15608-0-1,1.237358649445842,0,0,28.0,FAIL,True,data/submission/raw_final.csv,False,274.0198327000253
Development,TPE-taipei-idx15608-0-1|qp37,historical,12.0,0-29,30,30,True,True,True,46016db1ae3ed4426a5f6c6218df648dc4a7f82c2fd283a5a9a7e37b051349ed,frozen run_specs plus configuration-labelled raw_final records,TPE-taipei-idx15608-0-1,1.237358649445842,0,0,26.0,FAIL,True,data/submission/raw_final.csv,False,312.2096754994709
Development,TPE-taipei-idx15608-0-1|qp37,historical,15.0,0-29,30,30,True,True,True,46016db1ae3ed4426a5f6c6218df648dc4a7f82c2fd283a5a9a7e37b051349ed,frozen run_specs plus configuration-labelled raw_final records,TPE-taipei-idx15608-0-1,1.237358649445842,0,0,13.0,FAIL,True,data/submission/raw_final.csv,False,343.11277519981377
Development,TPE-taipei-idx15608-0-1|qp62,historical,0.0,0-29,30,30,True,True,False,,no preserved run_spec,TPE-taipei-idx15608-0-1,,0,0,,MISSING_CONFIGURATION_PROOF,False,data/submission/raw_final.csv,False,344.5806769002229
Development,TPE-taipei-idx15608-0-1|qp62,historical,1.0,0-29,30,30,True,True,False,,no preserved run_spec,TPE-taipei-idx15608-0-1,,0,0,,MISSING_CONFIGURATION_PROOF,False,data/submission/raw_final.csv,False,303.936750999419
Development,TPE-taipei-idx15608-0-1|qp62,historical,2.0,0-29,30,30,True,True,False,,no preserved run_spec,TPE-taipei-idx15608-0-1,,0,0,,MISSING_CONFIGURATION_PROOF,False,data/submission/raw_final.csv,False,403.2210227001924
Development,TPE-taipei-idx15608-0-1|qp62,historical,3.0,0-29,30,30,True,True,False,,no preserved run_spec,TPE-taipei-idx15608-0-1,,0,0,,MISSING_CONFIGURATION_PROOF,False,data/submission/raw_final.csv,False,407.3823052996304
Development,TPE-taipei-idx15608-0-1|qp62,historical,4.0,0-29,30,30,True,True,False,,no preserved run_spec,TPE-taipei-idx15608-0-1,,0,0,,MISSING_CONFIGURATION_PROOF,False,data/submission/raw_final.csv,False,434.91574749932624
Development,TPE-taipei-idx1592-0-2|qp10,historical,0.0,0-29,30,30,True,True,True,494620a8edc27762b135c3d3f86d52b7a5c0a64fa39153078fdcd74ed7dd80d6,frozen run_specs plus configuration-labelled raw_final records,TPE-taipei-idx1592-0-2,1.3110271803936762,0,0,30.0,PASS,True,data/submission/raw_final.csv,False,75.4546047996264
Development,TPE-taipei-idx1592-0-2|qp10,historical,1.0,0-29,30,30,True,True,True,494620a8edc27762b135c3d3f86d52b7a5c0a64fa39153078fdcd74ed7dd80d6,frozen run_specs plus configuration-labelled raw_final records,TPE-taipei-idx1592-0-2,1.3110271803936762,0,0,30.0,PASS,True,data/submission/raw_final.csv,False,73.42020100005902
Development,TPE-taipei-idx1592-0-2|qp10,historical,2.0,0-29,30,30,True,True,True,494620a8edc27762b135c3d3f86d52b7a5c0a64fa39153078fdcd74ed7dd80d6,frozen run_specs plus configuration-labelled raw_final records,TPE-taipei-idx1592-0-2,1.3110271803936762,0,0,30.0,PASS,True,data/submission/raw_final.csv,False,83.56925329985097
Development,TPE-taipei-idx1592-0-2|qp10,historical,3.0,0-29,30,30,True,True,True,494620a8edc27762b135c3d3f86d52b7a5c0a64fa39153078fdcd74ed7dd80d6,frozen run_specs plus configuration-labelled raw_final records,TPE-taipei-idx1592-0-2,1.3110271803936762,0,0,30.0,PASS,True,data/submission/raw_final.csv,False,86.41962830047123
Development,TPE-taipei-idx1592-0-2|qp10,historical,4.0,0-29,30,30,True,True,True,494620a8edc27762b135c3d3f86d52b7a5c0a64fa39153078fdcd74ed7dd80d6,frozen run_specs plus configuration-labelled raw_final records,TPE-taipei-idx1592-0-2,1.3110271803936762,0,0,29.0,PASS,True,data/submission/raw_final.csv,False,86.7318814008031
Development,TPE-taipei-idx1592-0-2|qp10,historical,5.0,0-29,30,30,True,True,True,494620a8edc27762b135c3d3f86d52b7a5c0a64fa39153078fdcd74ed7dd80d6,frozen run_specs plus configuration-labelled raw_final records,TPE-taipei-idx1592-0-2,1.3110271803936762,0,0,30.0,PASS,True,data/submission/raw_final.csv,False,101.30274099996312
Development,TPE-taipei-idx1592-0-2|qp10,historical,6.0,0-29,30,30,True,True,True,494620a8edc27762b135c3d3f86d52b7a5c0a64fa39153078fdcd74ed7dd80d6,frozen run_specs plus configuration-labelled raw_final records,TPE-taipei-idx1592-0-2,1.3110271803936762,0,0,30.0,PASS,True,data/submission/raw_final.csv,False,101.09108179970644
Development,TPE-taipei-idx1592-0-2|qp10,historical,7.0,0-29,30,30,True,True,True,494620a8edc27762b135c3d3f86d52b7a5c0a64fa39153078fdcd74ed7dd80d6,frozen run_specs plus configuration-labelled raw_final records,TPE-taipei-idx1592-0-2,1.3110271803936762,0,0,29.0,PASS,True,data/submission/raw_final.csv,False,79.19099999917671
Development,TPE-taipei-idx1592-0-2|qp10,historical,8.0,0-29,30,30,True,True,True,494620a8edc27762b135c3d3f86d52b7a5c0a64fa39153078fdcd74ed7dd80d6,frozen run_specs plus configuration-labelled raw_final records,TPE-taipei-idx1592-0-2,1.3110271803936762,0,0,29.0,PASS,True,data/submission/raw_final.csv,False,112.34721529949456
Development,TPE-taipei-idx1592-0-2|qp10,historical,9.0,0-29,30,30,True,True,True,494620a8edc27762b135c3d3f86d52b7a5c0a64fa39153078fdcd74ed7dd80d6,frozen run_specs plus configuration-labelled raw_final records,TPE-taipei-idx1592-0-2,1.3110271803936762,0,0,29.0,PASS,True,data/submission/raw_final.csv,False,79.04700000095181
Development,TPE-taipei-idx1592-0-2|qp10,historical,10.0,0-29,30,30,True,True,True,494620a8edc27762b135c3d3f86d52b7a5c0a64fa39153078fdcd74ed7dd80d6,frozen run_specs plus configuration-labelled raw_final records,TPE-taipei-idx1592-0-2,1.3110271803936762,0,0,29.0,PASS,True,data/submission/raw_final.csv,False,125.04063169891016
Development,TPE-taipei-idx1592-0-2|qp10,historical,11.0,0-29,30,30,True,True,True,494620a8edc27762b135c3d3f86d52b7a5c0a64fa39153078fdcd74ed7dd80d6,frozen run_specs plus configuration-labelled raw_final records,TPE-taipei-idx1592-0-2,1.3110271803936762,0,0,27.0,FAIL,True,data/submission/raw_final.csv,False,125.8437752998434
Development,TPE-taipei-idx1592-0-2|qp10,historical,12.0,0-29,30,30,True,True,True,494620a8edc27762b135c3d3f86d52b7a5c0a64fa39153078fdcd74ed7dd80d6,frozen run_specs plus configuration-labelled raw_final records,TPE-taipei-idx1592-0-2,1.3110271803936762,0,0,25.0,FAIL,True,data/submission/raw_final.csv,False,137.36865489999764
Development,TPE-taipei-idx1592-0-2|qp10,historical,15.0,0-29,30,30,True,True,True,494620a8edc27762b135c3d3f86d52b7a5c0a64fa39153078fdcd74ed7dd80d6,frozen run_specs plus configuration-labelled raw_final records,TPE-taipei-idx1592-0-2,1.3110271803936762,0,0,16.0,FAIL,True,data/submission/raw_final.csv,False,159.61852220096625
Development,TPE-taipei-idx1592-0-2|qp10,historical,18.0,0-29,30,30,True,True,True,494620a8edc27762b135c3d3f86d52b7a5c0a64fa39153078fdcd74ed7dd80d6,frozen run_specs plus configuration-labelled raw_final records,TPE-taipei-idx1592-0-2,1.3110271803936762,0,0,4.0,FAIL,True,data/submission/raw_final.csv,False,170.03424719977193
Development,TPE-taipei-idx1592-0-2|qp24,historical,0.0,0-29,30,30,True,True,True,98c71c6c07795a1f62c9fea2841d1317c643a7b88e6f386f6bb6333c5c7864eb,frozen run_specs plus configuration-labelled raw_final records,TPE-taipei-idx1592-0-2,1.2254224276159538,0,0,30.0,PASS,True,data/submission/raw_final.csv,False,133.32411210075952
Development,TPE-taipei-idx1592-0-2|qp24,historical,1.0,0-29,30,30,True,True,True,98c71c6c07795a1f62c9fea2841d1317c643a7b88e6f386f6bb6333c5c7864eb,frozen run_specs plus configuration-labelled raw_final records,TPE-taipei-idx1592-0-2,1.2254224276159538,0,0,30.0,PASS,True,data/submission/raw_final.csv,False,135.7084733005613
Development,TPE-taipei-idx1592-0-2|qp24,historical,2.0,0-29,30,30,True,True,True,98c71c6c07795a1f62c9fea2841d1317c643a7b88e6f386f6bb6333c5c7864eb,frozen run_specs plus configuration-labelled raw_final records,TPE-taipei-idx1592-0-2,1.2254224276159538,0,0,30.0,PASS,True,data/submission/raw_final.csv,False,147.93075569998473
Development,TPE-taipei-idx1592-0-2|qp24,historical,3.0,0-29,30,30,True,True,True,98c71c6c07795a1f62c9fea2841d1317c643a7b88e6f386f6bb6333c5c7864eb,frozen run_specs plus configuration-labelled raw_final records,TPE-taipei-idx1592-0-2,1.2254224276159538,0,0,30.0,PASS,True,data/submission/raw_final.csv,False,152.97096540103666
Development,TPE-taipei-idx1592-0-2|qp24,historical,4.0,0-29,30,30,True,True,True,98c71c6c07795a1f62c9fea2841d1317c643a7b88e6f386f6bb6333c5c7864eb,frozen run_specs plus configuration-labelled raw_final records,TPE-taipei-idx1592-0-2,1.2254224276159538,0,0,30.0,PASS,True,data/submission/raw_final.csv,False,151.87277650041506
Development,TPE-taipei-idx1592-0-2|qp24,historical,5.0,0-29,30,30,True,True,True,98c71c6c07795a1f62c9fea2841d1317c643a7b88e6f386f6bb6333c5c7864eb,frozen run_specs plus configuration-labelled raw_final records,TPE-taipei-idx1592-0-2,1.2254224276159538,0,0,30.0,PASS,True,data/submission/raw_final.csv,False,177.46465500048362
Development,TPE-taipei-idx1592-0-2|qp24,historical,6.0,0-29,30,30,True,True,True,98c71c6c07795a1f62c9fea2841d1317c643a7b88e6f386f6bb6333c5c7864eb,frozen run_specs plus configuration-labelled raw_final records,TPE-taipei-idx1592-0-2,1.2254224276159538,0,0,30.0,PASS,True,data/submission/raw_final.csv,False,184.00579880014996
Development,TPE-taipei-idx1592-0-2|qp24,historical,7.0,0-29,30,30,True,True,True,98c71c6c07795a1f62c9fea2841d1317c643a7b88e6f386f6bb6333c5c7864eb,frozen run_specs plus configuration-labelled raw_final records,TPE-taipei-idx1592-0-2,1.2254224276159538,0,0,29.0,PASS,True,data/submission/raw_final.csv,False,184.31496960041116
Development,TPE-taipei-idx1592-0-2|qp24,historical,8.0,0-29,30,30,True,True,True,98c71c6c07795a1f62c9fea2841d1317c643a7b88e6f386f6bb6333c5c7864eb,frozen run_specs plus configuration-labelled raw_final records,TPE-taipei-idx1592-0-2,1.2254224276159538,0,0,20.0,FAIL,True,data/submission/raw_final.csv,False,204.6183066002559
Development,TPE-taipei-idx1592-0-2|qp24,historical,10.0,0-29,30,30,True,True,True,98c71c6c07795a1f62c9fea2841d1317c643a7b88e6f386f6bb6333c5c7864eb,frozen run_specs plus configuration-labelled raw_final records,TPE-taipei-idx1592-0-2,1.2254224276159538,0,0,12.0,FAIL,True,data/submission/raw_final.csv,False,238.94249839894476
Development,TPE-taipei-idx16266-0-0|qp144,historical,0.0,0-29,30,30,True,True,False,,no preserved run_spec,TPE-taipei-idx16266-0-0,,0,0,,MISSING_CONFIGURATION_PROOF,False,data/submission/raw_final.csv,False,4035.4148080998566
Development,TPE-taipei-idx16266-0-0|qp96,historical,0.0,0-29,30,30,True,True,False,,no preserved run_spec,TPE-taipei-idx16266-0-0,,0,0,,MISSING_CONFIGURATION_PROOF,False,data/submission/raw_final.csv,False,762.2820627992041
Development,TPE-taipei-idx16266-0-0|qp96,historical,1.0,0-29,30,30,True,True,False,,no preserved run_spec,TPE-taipei-idx16266-0-0,,0,0,,MISSING_CONFIGURATION_PROOF,False,data/submission/raw_final.csv,False,884.1780306000728
Development,TPE-taipei-idx2314-0-0|qp19,historical,0.0,0-29,30,30,True,True,False,,no preserved run_spec,TPE-taipei-idx2314-0-0,,0,0,,MISSING_CONFIGURATION_PROOF,False,data/submission/raw_final.csv,False,132.52457629935816
Development,TPE-taipei-idx2314-0-0|qp19,historical,1.0,0-29,30,30,True,True,False,,no preserved run_spec,TPE-taipei-idx2314-0-0,,0,0,,MISSING_CONFIGURATION_PROOF,False,data/submission/raw_final.csv,False,747.0279513990972
Development,TPE-taipei-idx2314-0-0|qp32,historical,0.0,0-29,30,30,True,True,False,,no preserved run_spec,TPE-taipei-idx2314-0-0,,0,0,,MISSING_CONFIGURATION_PROOF,False,data/submission/raw_final.csv,False,212.91146620037037
Development,TPE-taipei-idx2314-0-0|qp32,historical,1.0,0-29,30,30,True,True,False,,no preserved run_spec,TPE-taipei-idx2314-0-0,,0,0,,MISSING_CONFIGURATION_PROOF,False,data/submission/raw_final.csv,False,1254.9894663998855
Development,TPE-taipei-idx326-0-1|qp10,historical,0.0,0-29,30,30,True,True,True,b482068f1c7050ad25ecfc86c8454f5616fefd9e65e1be2c4fe501668900330f,frozen run_specs plus configuration-labelled raw_final records,TPE-taipei-idx326-0-1,1.3140250523217156,0,0,30.0,PASS,True,data/submission/raw_final.csv,False,86.72733080107719
Development,TPE-taipei-idx326-0-1|qp10,historical,1.0,0-29,30,30,True,True,True,b482068f1c7050ad25ecfc86c8454f5616fefd9e65e1be2c4fe501668900330f,frozen run_specs plus configuration-labelled raw_final records,TPE-taipei-idx326-0-1,1.3140250523217156,0,0,30.0,PASS,True,data/submission/raw_final.csv,False,88.95795010006987
Development,TPE-taipei-idx326-0-1|qp10,historical,2.0,0-29,30,30,True,True,True,b482068f1c7050ad25ecfc86c8454f5616fefd9e65e1be2c4fe501668900330f,frozen run_specs plus configuration-labelled raw_final records,TPE-taipei-idx326-0-1,1.3140250523217156,0,0,30.0,PASS,True,data/submission/raw_final.csv,False,88.75988389970735
Development,TPE-taipei-idx326-0-1|qp10,historical,3.0,0-29,30,30,True,True,True,b482068f1c7050ad25ecfc86c8454f5616fefd9e65e1be2c4fe501668900330f,frozen run_specs plus configuration-labelled raw_final records,TPE-taipei-idx326-0-1,1.3140250523217156,0,0,30.0,PASS,True,data/submission/raw_final.csv,False,87.68695500027388
Development,TPE-taipei-idx326-0-1|qp10,historical,4.0,0-29,30,30,True,True,True,b482068f1c7050ad25ecfc86c8454f5616fefd9e65e1be2c4fe501668900330f,frozen run_specs plus configuration-labelled raw_final records,TPE-taipei-idx326-0-1,1.3140250523217156,0,0,30.0,PASS,True,data/submission/raw_final.csv,False,86.73353069997393
Development,TPE-taipei-idx326-0-1|qp10,historical,5.0,0-29,30,30,True,True,True,b482068f1c7050ad25ecfc86c8454f5616fefd9e65e1be2c4fe501668900330f,frozen run_specs plus configuration-labelled raw_final records,TPE-taipei-idx326-0-1,1.3140250523217156,0,0,30.0,PASS,True,data/submission/raw_final.csv,False,97.8680817990098
Development,TPE-taipei-idx326-0-1|qp10,historical,6.0,0-29,30,30,True,True,True,b482068f1c7050ad25ecfc86c8454f5616fefd9e65e1be2c4fe501668900330f,frozen run_specs plus configuration-labelled raw_final records,TPE-taipei-idx326-0-1,1.3140250523217156,0,0,30.0,PASS,True,data/submission/raw_final.csv,False,99.3610295006074
Development,TPE-taipei-idx326-0-1|qp10,historical,7.0,0-29,30,30,True,True,True,b482068f1c7050ad25ecfc86c8454f5616fefd9e65e1be2c4fe501668900330f,frozen run_specs plus configuration-labelled raw_final records,TPE-taipei-idx326-0-1,1.3140250523217156,0,0,30.0,PASS,True,data/submission/raw_final.csv,False,68.62800000002608
Development,TPE-taipei-idx326-0-1|qp10,historical,8.0,0-29,30,30,True,True,True,b482068f1c7050ad25ecfc86c8454f5616fefd9e65e1be2c4fe501668900330f,frozen run_specs plus configuration-labelled raw_final records,TPE-taipei-idx326-0-1,1.3140250523217156,0,0,30.0,PASS,True,data/submission/raw_final.csv,False,113.87977310060523
Development,TPE-taipei-idx326-0-1|qp10,historical,9.0,0-29,30,30,True,True,True,b482068f1c7050ad25ecfc86c8454f5616fefd9e65e1be2c4fe501668900330f,frozen run_specs plus configuration-labelled raw_final records,TPE-taipei-idx326-0-1,1.3140250523217156,0,0,29.0,PASS,True,data/submission/raw_final.csv,False,115.55036090081558
Development,TPE-taipei-idx326-0-1|qp10,historical,10.0,0-29,30,30,True,True,True,b482068f1c7050ad25ecfc86c8454f5616fefd9e65e1be2c4fe501668900330f,frozen run_specs plus configuration-labelled raw_final records,TPE-taipei-idx326-0-1,1.3140250523217156,0,0,27.0,FAIL,True,data/submission/raw_final.csv,False,121.76307240012102
Development,TPE-taipei-idx326-0-1|qp10,historical,12.0,0-29,30,30,True,True,True,b482068f1c7050ad25ecfc86c8454f5616fefd9e65e1be2c4fe501668900330f,frozen run_specs plus configuration-labelled raw_final records,TPE-taipei-idx326-0-1,1.3140250523217156,0,0,26.0,FAIL,True,data/submission/raw_final.csv,False,135.98611950036138
Development,TPE-taipei-idx326-0-1|qp10,historical,15.0,0-29,30,30,True,True,True,b482068f1c7050ad25ecfc86c8454f5616fefd9e65e1be2c4fe501668900330f,frozen run_specs plus configuration-labelled raw_final records,TPE-taipei-idx326-0-1,1.3140250523217156,0,0,23.0,FAIL,True,data/submission/raw_final.csv,False,156.12226609908976
Development,TPE-taipei-idx326-0-1|qp10,historical,18.0,0-29,30,30,True,True,True,b482068f1c7050ad25ecfc86c8454f5616fefd9e65e1be2c4fe501668900330f,frozen run_specs plus configuration-labelled raw_final records,TPE-taipei-idx326-0-1,1.3140250523217156,0,0,5.0,FAIL,True,data/submission/raw_final.csv,False,178.99665980041027
Development,TPE-taipei-idx326-0-1|qp25,historical,0.0,0-29,30,30,True,True,True,6f42ca9f11058492e00d738b3b391e472a9c25d33b825d6c3127bc9da77fff3c,frozen run_specs plus configuration-labelled raw_final records,TPE-taipei-idx326-0-1,1.2356604371419957,0,0,30.0,PASS,True,data/submission/raw_final.csv,False,149.078682199819
Development,TPE-taipei-idx326-0-1|qp25,historical,1.0,0-29,30,30,True,True,True,6f42ca9f11058492e00d738b3b391e472a9c25d33b825d6c3127bc9da77fff3c,frozen run_specs plus configuration-labelled raw_final records,TPE-taipei-idx326-0-1,1.2356604371419957,0,0,30.0,PASS,True,data/submission/raw_final.csv,False,154.1067321994342
Development,TPE-taipei-idx326-0-1|qp25,historical,2.0,0-29,30,30,True,True,True,6f42ca9f11058492e00d738b3b391e472a9c25d33b825d6c3127bc9da77fff3c,frozen run_specs plus configuration-labelled raw_final records,TPE-taipei-idx326-0-1,1.2356604371419957,0,0,30.0,PASS,True,data/submission/raw_final.csv,False,157.0079756001942
Development,TPE-taipei-idx326-0-1|qp25,historical,3.0,0-29,30,30,True,True,True,6f42ca9f11058492e00d738b3b391e472a9c25d33b825d6c3127bc9da77fff3c,frozen run_specs plus configuration-labelled raw_final records,TPE-taipei-idx326-0-1,1.2356604371419957,0,0,30.0,PASS,True,data/submission/raw_final.csv,False,159.96719720005058
Development,TPE-taipei-idx326-0-1|qp25,historical,4.0,0-29,30,30,True,True,True,6f42ca9f11058492e00d738b3b391e472a9c25d33b825d6c3127bc9da77fff3c,frozen run_specs plus configuration-labelled raw_final records,TPE-taipei-idx326-0-1,1.2356604371419957,0,0,30.0,PASS,True,data/submission/raw_final.csv,False,165.37629540124908
Development,TPE-taipei-idx326-0-1|qp25,historical,5.0,0-29,30,30,True,True,True,6f42ca9f11058492e00d738b3b391e472a9c25d33b825d6c3127bc9da77fff3c,frozen run_specs plus configuration-labelled raw_final records,TPE-taipei-idx326-0-1,1.2356604371419957,0,0,30.0,PASS,True,data/submission/raw_final.csv,False,177.43176520010456
Development,TPE-taipei-idx326-0-1|qp25,historical,6.0,0-29,30,30,True,True,True,6f42ca9f11058492e00d738b3b391e472a9c25d33b825d6c3127bc9da77fff3c,frozen run_specs plus configuration-labelled raw_final records,TPE-taipei-idx326-0-1,1.2356604371419957,0,0,30.0,PASS,True,data/submission/raw_final.csv,False,182.481244799681
Development,TPE-taipei-idx326-0-1|qp25,historical,7.0,0-29,30,30,True,True,True,6f42ca9f11058492e00d738b3b391e472a9c25d33b825d6c3127bc9da77fff3c,frozen run_specs plus configuration-labelled raw_final records,TPE-taipei-idx326-0-1,1.2356604371419957,0,0,27.0,FAIL,True,data/submission/raw_final.csv,False,192.457637200132
Development,TPE-taipei-idx326-0-1|qp25,historical,8.0,0-29,30,30,True,True,True,6f42ca9f11058492e00d738b3b391e472a9c25d33b825d6c3127bc9da77fff3c,frozen run_specs plus configuration-labelled raw_final records,TPE-taipei-idx326-0-1,1.2356604371419957,0,0,27.0,FAIL,True,data/submission/raw_final.csv,False,199.8972339001484
Development,TPE-taipei-idx326-0-1|qp25,historical,10.0,0-29,30,30,True,True,True,6f42ca9f11058492e00d738b3b391e472a9c25d33b825d6c3127bc9da77fff3c,frozen run_specs plus configuration-labelled raw_final records,TPE-taipei-idx326-0-1,1.2356604371419957,0,0,17.0,FAIL,True,data/submission/raw_final.csv,False,236.7609786996618
Development,TPE-taipei-idx326-0-1|qp25,historical,12.0,0-29,30,30,True,True,True,6f42ca9f11058492e00d738b3b391e472a9c25d33b825d6c3127bc9da77fff3c,frozen run_specs plus configuration-labelled raw_final records,TPE-taipei-idx326-0-1,1.2356604371419957,0,0,7.0,FAIL,True,data/submission/raw_final.csv,False,266.913024100475
Development,TPE-taipei-idx4344-0-0|qp18,historical,0.0,0-29,30,30,True,True,False,,no preserved run_spec,TPE-taipei-idx4344-0-0,,0,0,,MISSING_CONFIGURATION_PROOF,False,data/submission/raw_final.csv,False,121.91375769930892
Development,TPE-taipei-idx4344-0-0|qp18,historical,1.0,0-29,30,30,True,True,False,,no preserved run_spec,TPE-taipei-idx4344-0-0,,0,0,,MISSING_CONFIGURATION_PROOF,False,data/submission/raw_final.csv,False,115.73217690060848
Development,TPE-taipei-idx4344-0-0|qp18,historical,2.0,0-29,30,30,True,True,False,,no preserved run_spec,TPE-taipei-idx4344-0-0,,0,0,,MISSING_CONFIGURATION_PROOF,False,data/submission/raw_final.csv,False,116.35135739971884
Development,TPE-taipei-idx4344-0-0|qp18,historical,3.0,0-29,30,30,True,True,False,,no preserved run_spec,TPE-taipei-idx4344-0-0,,0,0,,MISSING_CONFIGURATION_PROOF,False,data/submission/raw_final.csv,False,120.28699079924264
Development,TPE-taipei-idx4344-0-0|qp18,historical,4.0,0-29,30,30,True,True,False,,no preserved run_spec,TPE-taipei-idx4344-0-0,,0,0,,MISSING_CONFIGURATION_PROOF,False,data/submission/raw_final.csv,False,124.42661190079524
Development,TPE-taipei-idx4344-0-0|qp18,historical,5.0,0-29,30,30,True,True,False,,no preserved run_spec,TPE-taipei-idx4344-0-0,,0,0,,MISSING_CONFIGURATION_PROOF,False,data/submission/raw_final.csv,False,127.30124189984052
Development,TPE-taipei-idx4344-0-0|qp18,historical,6.0,0-29,30,30,True,True,False,,no preserved run_spec,TPE-taipei-idx4344-0-0,,0,0,,MISSING_CONFIGURATION_PROOF,False,data/submission/raw_final.csv,False,127.98864250048064
Development,TPE-taipei-idx4344-0-0|qp18,historical,8.0,0-29,30,30,True,True,False,,no preserved run_spec,TPE-taipei-idx4344-0-0,,0,0,,MISSING_CONFIGURATION_PROOF,False,data/submission/raw_final.csv,False,145.2154639000073
Development,TPE-taipei-idx4344-0-0|qp18,historical,10.0,0-29,30,30,True,True,False,,no preserved run_spec,TPE-taipei-idx4344-0-0,,0,0,,MISSING_CONFIGURATION_PROOF,False,data/submission/raw_final.csv,False,159.44602969987318
Development,TPE-taipei-idx4344-0-0|qp18,historical,12.0,0-29,30,30,True,True,False,,no preserved run_spec,TPE-taipei-idx4344-0-0,,0,0,,MISSING_CONFIGURATION_PROOF,False,data/submission/raw_final.csv,False,181.33234060066752
Development,TPE-taipei-idx4344-0-0|qp18,historical,15.0,0-29,30,30,True,True,False,,no preserved run_spec,TPE-taipei-idx4344-0-0,,0,0,,MISSING_CONFIGURATION_PROOF,False,data/submission/raw_final.csv,False,198.7668039998971
Development,TPE-taipei-idx4344-0-0|qp18,historical,18.0,0-29,30,30,True,True,False,,no preserved run_spec,TPE-taipei-idx4344-0-0,,0,0,,MISSING_CONFIGURATION_PROOF,False,data/submission/raw_final.csv,False,216.72969230008312
Development,TPE-taipei-idx4344-0-0|qp18,historical,19.0,0-29,30,30,True,True,False,,no preserved run_spec,TPE-taipei-idx4344-0-0,,0,0,,MISSING_CONFIGURATION_PROOF,False,data/submission/raw_final.csv,False,205.23943080031316
Development,TPE-taipei-idx4344-0-0|qp18,historical,20.0,0-29,30,30,True,True,False,,no preserved run_spec,TPE-taipei-idx4344-0-0,,0,0,,MISSING_CONFIGURATION_PROOF,False,data/submission/raw_final.csv,False,209.0500903003849
Development,TPE-taipei-idx4344-0-0|qp42,historical,0.0,0-29,30,30,True,True,False,,no preserved run_spec,TPE-taipei-idx4344-0-0,,0,0,,MISSING_CONFIGURATION_PROOF,False,data/submission/raw_final.csv,False,254.211826200597
Development,TPE-taipei-idx4344-0-0|qp42,historical,1.0,0-29,30,30,True,True,False,,no preserved run_spec,TPE-taipei-idx4344-0-0,,0,0,,MISSING_CONFIGURATION_PROOF,False,data/submission/raw_final.csv,False,246.17110929987396
Development,TPE-taipei-idx4344-0-0|qp42,historical,2.0,0-29,30,30,True,True,False,,no preserved run_spec,TPE-taipei-idx4344-0-0,,0,0,,MISSING_CONFIGURATION_PROOF,False,data/submission/raw_final.csv,False,228.2489904996473
Development,TPE-taipei-idx4344-0-0|qp42,historical,3.0,0-29,30,30,True,True,False,,no preserved run_spec,TPE-taipei-idx4344-0-0,,0,0,,MISSING_CONFIGURATION_PROOF,False,data/submission/raw_final.csv,False,239.968773199711
Development,TPE-taipei-idx4344-0-0|qp42,historical,4.0,0-29,30,30,True,True,False,,no preserved run_spec,TPE-taipei-idx4344-0-0,,0,0,,MISSING_CONFIGURATION_PROOF,False,data/submission/raw_final.csv,False,247.53983469982632
Development,TPE-taipei-idx4344-0-0|qp42,historical,5.0,0-29,30,30,True,True,False,,no preserved run_spec,TPE-taipei-idx4344-0-0,,0,0,,MISSING_CONFIGURATION_PROOF,False,data/submission/raw_final.csv,False,292.0199016991537
Development,TPE-taipei-idx4344-0-0|qp42,historical,6.0,0-29,30,30,True,True,False,,no preserved run_spec,TPE-taipei-idx4344-0-0,,0,0,,MISSING_CONFIGURATION_PROOF,False,data/submission/raw_final.csv,False,292.4968405996915
Development,TPE-taipei-idx4344-0-0|qp42,historical,8.0,0-29,30,30,True,True,False,,no preserved run_spec,TPE-taipei-idx4344-0-0,,0,0,,MISSING_CONFIGURATION_PROOF,False,data/submission/raw_final.csv,False,304.5656174996402
Development,TPE-taipei-idx4344-0-0|qp42,historical,10.0,0-29,30,30,True,True,False,,no preserved run_spec,TPE-taipei-idx4344-0-0,,0,0,,MISSING_CONFIGURATION_PROOF,False,data/submission/raw_final.csv,False,322.145128200762
Development,TPE-taipei-idx4344-0-0|qp42,historical,11.0,0-29,30,30,True,True,False,,no preserved run_spec,TPE-taipei-idx4344-0-0,,0,0,,MISSING_CONFIGURATION_PROOF,False,data/submission/raw_final.csv,False,323.3778929989785
Development,TPE-taipei-idx4344-0-0|qp42,historical,12.0,0-29,30,30,True,True,False,,no preserved run_spec,TPE-taipei-idx4344-0-0,,0,0,,MISSING_CONFIGURATION_PROOF,False,data/submission/raw_final.csv,False,369.6555197988637
Development,TPE-taipei-idx4344-0-0|qp42,historical,15.0,0-29,30,30,True,True,False,,no preserved run_spec,TPE-taipei-idx4344-0-0,,0,0,,MISSING_CONFIGURATION_PROOF,False,data/submission/raw_final.csv,False,405.5271984997671
Development,TPE-taipei-idx4344-0-0|qp42,historical,18.0,0-29,30,30,True,True,False,,no preserved run_spec,TPE-taipei-idx4344-0-0,,0,0,,MISSING_CONFIGURATION_PROOF,False,data/submission/raw_final.csv,False,348.54219559929334
Development,TPE-taipei-idx5150-0-0|qp18,historical,0.0,0-29,30,30,True,True,False,,no preserved run_spec,TPE-taipei-idx5150-0-0,,0,0,,MISSING_CONFIGURATION_PROOF,False,data/submission/raw_final.csv,False,134.41438950016163
Development,TPE-taipei-idx5150-0-0|qp18,historical,1.0,0-29,30,30,True,True,False,,no preserved run_spec,TPE-taipei-idx5150-0-0,,0,0,,MISSING_CONFIGURATION_PROOF,False,data/submission/raw_final.csv,False,708.8097678003833
Development,TPE-taipei-idx5150-0-0|qp30,historical,0.0,0-29,30,30,True,True,False,,no preserved run_spec,TPE-taipei-idx5150-0-0,,0,0,,MISSING_CONFIGURATION_PROOF,False,data/submission/raw_final.csv,False,197.5064574002754
Development,TPE-taipei-idx5150-0-0|qp30,historical,1.0,0-29,30,30,True,True,False,,no preserved run_spec,TPE-taipei-idx5150-0-0,,0,0,,MISSING_CONFIGURATION_PROOF,False,data/submission/raw_final.csv,False,1213.1483080992475
Development,TPE-taipei-idx5185-0-1|qp14,historical,0.0,0-29,30,30,True,True,False,,no preserved run_spec,TPE-taipei-idx5185-0-1,,0,0,,MISSING_CONFIGURATION_PROOF,False,data/submission/raw_final.csv,False,90.74490190017968
Development,TPE-taipei-idx5185-0-1|qp14,historical,1.0,0-29,30,30,True,True,False,,no preserved run_spec,TPE-taipei-idx5185-0-1,,0,0,,MISSING_CONFIGURATION_PROOF,False,data/submission/raw_final.csv,False,579.8914641998708
Development,TPE-taipei-idx5185-0-1|qp6,historical,0.0,0-29,30,30,True,True,False,,no preserved run_spec,TPE-taipei-idx5185-0-1,,0,0,,MISSING_CONFIGURATION_PROOF,False,data/submission/raw_final.csv,False,51.52091920096427
Development,TPE-taipei-idx5185-0-1|qp6,historical,1.0,0-29,30,30,True,True,False,,no preserved run_spec,TPE-taipei-idx5185-0-1,,0,0,,MISSING_CONFIGURATION_PROOF,False,data/submission/raw_final.csv,False,281.0698818999808
Development,TPE-taipei-idx5283-0-0|qp18,historical,0.0,0-29,30,30,True,True,False,,no preserved run_spec,TPE-taipei-idx5283-0-0,,0,0,,MISSING_CONFIGURATION_PROOF,False,data/submission/raw_final.csv,False,139.73103090072982
Development,TPE-taipei-idx5283-0-0|qp18,historical,1.0,0-29,30,30,True,True,False,,no preserved run_spec,TPE-taipei-idx5283-0-0,,0,0,,MISSING_CONFIGURATION_PROOF,False,data/submission/raw_final.csv,False,774.91285910015
Development,TPE-taipei-idx5283-0-0|qp30,historical,0.0,0-29,30,30,True,True,False,,no preserved run_spec,TPE-taipei-idx5283-0-0,,0,0,,MISSING_CONFIGURATION_PROOF,False,data/submission/raw_final.csv,False,191.57341649988663
Development,TPE-taipei-idx5283-0-0|qp30,historical,1.0,0-29,30,30,True,True,False,,no preserved run_spec,TPE-taipei-idx5283-0-0,,0,0,,MISSING_CONFIGURATION_PROOF,False,data/submission/raw_final.csv,False,1250.2414481001906
Development,TPE-taipei-idx5349-0-1|qp18,historical,0.0,0-29,30,30,True,True,False,,no preserved run_spec,TPE-taipei-idx5349-0-1,,0,0,,MISSING_CONFIGURATION_PROOF,False,data/submission/raw_final.csv,False,132.31629480049014
Development,TPE-taipei-idx5349-0-1|qp18,historical,1.0,0-29,30,30,True,True,False,,no preserved run_spec,TPE-taipei-idx5349-0-1,,0,0,,MISSING_CONFIGURATION_PROOF,False,data/submission/raw_final.csv,False,772.9432120991405
Development,TPE-taipei-idx5349-0-1|qp30,historical,0.0,0-29,30,30,True,True,False,,no preserved run_spec,TPE-taipei-idx5349-0-1,,0,0,,MISSING_CONFIGURATION_PROOF,False,data/submission/raw_final.csv,False,207.6879297003616
Development,TPE-taipei-idx5349-0-1|qp30,historical,1.0,0-29,30,30,True,True,False,,no preserved run_spec,TPE-taipei-idx5349-0-1,,0,0,,MISSING_CONFIGURATION_PROOF,False,data/submission/raw_final.csv,False,1190.70829769969
Development,TPE-taipei-idx674-0-1|qp10,historical,0.0,0-29,30,30,True,True,True,cd0933b90cca0cd4ed68280b5f5dc41ecf87a13b11b8a385a150e9c3310c3af4,frozen run_specs plus configuration-labelled raw_final records,TPE-taipei-idx674-0-1,1.3147703982900962,0,0,30.0,PASS,True,data/submission/raw_final.csv,False,84.86108320020139
Development,TPE-taipei-idx674-0-1|qp10,historical,1.0,0-29,30,30,True,True,True,cd0933b90cca0cd4ed68280b5f5dc41ecf87a13b11b8a385a150e9c3310c3af4,frozen run_specs plus configuration-labelled raw_final records,TPE-taipei-idx674-0-1,1.3147703982900962,0,0,30.0,PASS,True,data/submission/raw_final.csv,False,85.82129380013794
Development,TPE-taipei-idx674-0-1|qp10,historical,2.0,0-29,30,30,True,True,True,cd0933b90cca0cd4ed68280b5f5dc41ecf87a13b11b8a385a150e9c3310c3af4,frozen run_specs plus configuration-labelled raw_final records,TPE-taipei-idx674-0-1,1.3147703982900962,0,0,30.0,PASS,True,data/submission/raw_final.csv,False,90.28702920000067
Development,TPE-taipei-idx674-0-1|qp10,historical,3.0,0-29,30,30,True,True,True,cd0933b90cca0cd4ed68280b5f5dc41ecf87a13b11b8a385a150e9c3310c3af4,frozen run_specs plus configuration-labelled raw_final records,TPE-taipei-idx674-0-1,1.3147703982900962,0,0,30.0,PASS,True,data/submission/raw_final.csv,False,89.62512509990484
Development,TPE-taipei-idx674-0-1|qp10,historical,4.0,0-29,30,30,True,True,True,cd0933b90cca0cd4ed68280b5f5dc41ecf87a13b11b8a385a150e9c3310c3af4,frozen run_specs plus configuration-labelled raw_final records,TPE-taipei-idx674-0-1,1.3147703982900962,0,0,30.0,PASS,True,data/submission/raw_final.csv,False,91.98428789968602
Development,TPE-taipei-idx674-0-1|qp10,historical,5.0,0-29,30,30,True,True,True,cd0933b90cca0cd4ed68280b5f5dc41ecf87a13b11b8a385a150e9c3310c3af4,frozen run_specs plus configuration-labelled raw_final records,TPE-taipei-idx674-0-1,1.3147703982900962,0,0,30.0,PASS,True,data/submission/raw_final.csv,False,95.94561189995149
Development,TPE-taipei-idx674-0-1|qp10,historical,6.0,0-29,30,30,True,True,True,cd0933b90cca0cd4ed68280b5f5dc41ecf87a13b11b8a385a150e9c3310c3af4,frozen run_specs plus configuration-labelled raw_final records,TPE-taipei-idx674-0-1,1.3147703982900962,0,0,30.0,PASS,True,data/submission/raw_final.csv,False,103.7695171998348
Development,TPE-taipei-idx674-0-1|qp10,historical,7.0,0-29,30,30,True,True,True,cd0933b90cca0cd4ed68280b5f5dc41ecf87a13b11b8a385a150e9c3310c3af4,frozen run_specs plus configuration-labelled raw_final records,TPE-taipei-idx674-0-1,1.3147703982900962,0,0,30.0,PASS,True,data/submission/raw_final.csv,False,76.09899999946356
Development,TPE-taipei-idx674-0-1|qp10,historical,8.0,0-29,30,30,True,True,True,cd0933b90cca0cd4ed68280b5f5dc41ecf87a13b11b8a385a150e9c3310c3af4,frozen run_specs plus configuration-labelled raw_final records,TPE-taipei-idx674-0-1,1.3147703982900962,0,0,30.0,PASS,True,data/submission/raw_final.csv,False,115.23566440003924
Development,TPE-taipei-idx674-0-1|qp10,historical,9.0,0-29,30,30,True,True,True,cd0933b90cca0cd4ed68280b5f5dc41ecf87a13b11b8a385a150e9c3310c3af4,frozen run_specs plus configuration-labelled raw_final records,TPE-taipei-idx674-0-1,1.3147703982900962,0,0,29.0,PASS,True,data/submission/raw_final.csv,False,83.419999999227
Development,TPE-taipei-idx674-0-1|qp10,historical,10.0,0-29,30,30,True,True,True,cd0933b90cca0cd4ed68280b5f5dc41ecf87a13b11b8a385a150e9c3310c3af4,frozen run_specs plus configuration-labelled raw_final records,TPE-taipei-idx674-0-1,1.3147703982900962,0,0,29.0,PASS,True,data/submission/raw_final.csv,False,127.29897419991904
Development,TPE-taipei-idx674-0-1|qp10,historical,11.0,0-29,30,30,True,True,True,cd0933b90cca0cd4ed68280b5f5dc41ecf87a13b11b8a385a150e9c3310c3af4,frozen run_specs plus configuration-labelled raw_final records,TPE-taipei-idx674-0-1,1.3147703982900962,0,0,28.0,FAIL,True,data/submission/raw_final.csv,False,126.47389459959231
Development,TPE-taipei-idx674-0-1|qp10,historical,12.0,0-29,30,30,True,True,True,cd0933b90cca0cd4ed68280b5f5dc41ecf87a13b11b8a385a150e9c3310c3af4,frozen run_specs plus configuration-labelled raw_final records,TPE-taipei-idx674-0-1,1.3147703982900962,0,0,28.0,FAIL,True,data/submission/raw_final.csv,False,144.2111506005749
Development,TPE-taipei-idx674-0-1|qp10,historical,15.0,0-29,30,30,True,True,True,cd0933b90cca0cd4ed68280b5f5dc41ecf87a13b11b8a385a150e9c3310c3af4,frozen run_specs plus configuration-labelled raw_final records,TPE-taipei-idx674-0-1,1.3147703982900962,0,0,22.0,FAIL,True,data/submission/raw_final.csv,False,159.5720678002108
Development,TPE-taipei-idx674-0-1|qp10,historical,18.0,0-29,30,30,True,True,True,cd0933b90cca0cd4ed68280b5f5dc41ecf87a13b11b8a385a150e9c3310c3af4,frozen run_specs plus configuration-labelled raw_final records,TPE-taipei-idx674-0-1,1.3147703982900962,0,0,14.0,FAIL,True,data/submission/raw_final.csv,False,178.96838509920053
Development,TPE-taipei-idx674-0-1|qp25,historical,0.0,0-29,30,30,True,True,True,7f5997632bddb14807ab121d84bcef6fd8e3b3a5b3a6b61025e574cbe8b3b5be,frozen run_specs plus configuration-labelled raw_final records,TPE-taipei-idx674-0-1,1.237997851750034,0,0,30.0,PASS,True,data/submission/raw_final.csv,False,161.56682080053724
Development,TPE-taipei-idx674-0-1|qp25,historical,1.0,0-29,30,30,True,True,True,7f5997632bddb14807ab121d84bcef6fd8e3b3a5b3a6b61025e574cbe8b3b5be,frozen run_specs plus configuration-labelled raw_final records,TPE-taipei-idx674-0-1,1.237997851750034,0,0,30.0,PASS,True,data/submission/raw_final.csv,False,161.6816004998982
Development,TPE-taipei-idx674-0-1|qp25,historical,2.0,0-29,30,30,True,True,True,7f5997632bddb14807ab121d84bcef6fd8e3b3a5b3a6b61025e574cbe8b3b5be,frozen run_specs plus configuration-labelled raw_final records,TPE-taipei-idx674-0-1,1.237997851750034,0,0,30.0,PASS,True,data/submission/raw_final.csv,False,165.58310419949703
Development,TPE-taipei-idx674-0-1|qp25,historical,3.0,0-29,30,30,True,True,True,7f5997632bddb14807ab121d84bcef6fd8e3b3a5b3a6b61025e574cbe8b3b5be,frozen run_specs plus configuration-labelled raw_final records,TPE-taipei-idx674-0-1,1.237997851750034,0,0,30.0,PASS,True,data/submission/raw_final.csv,False,169.99336449918337
Development,TPE-taipei-idx674-0-1|qp25,historical,4.0,0-29,30,30,True,True,True,7f5997632bddb14807ab121d84bcef6fd8e3b3a5b3a6b61025e574cbe8b3b5be,frozen run_specs plus configuration-labelled raw_final records,TPE-taipei-idx674-0-1,1.237997851750034,0,0,30.0,PASS,True,data/submission/raw_final.csv,False,167.0055731004104
Development,TPE-taipei-idx674-0-1|qp25,historical,5.0,0-29,30,30,True,True,True,7f5997632bddb14807ab121d84bcef6fd8e3b3a5b3a6b61025e574cbe8b3b5be,frozen run_specs plus configuration-labelled raw_final records,TPE-taipei-idx674-0-1,1.237997851750034,0,0,30.0,PASS,True,data/submission/raw_final.csv,False,187.2482819999568
Development,TPE-taipei-idx674-0-1|qp25,historical,6.0,0-29,30,30,True,True,True,7f5997632bddb14807ab121d84bcef6fd8e3b3a5b3a6b61025e574cbe8b3b5be,frozen run_specs plus configuration-labelled raw_final records,TPE-taipei-idx674-0-1,1.237997851750034,0,0,29.0,PASS,True,data/submission/raw_final.csv,False,196.2955320996698
Development,TPE-taipei-idx674-0-1|qp25,historical,7.0,0-29,30,30,True,True,True,7f5997632bddb14807ab121d84bcef6fd8e3b3a5b3a6b61025e574cbe8b3b5be,frozen run_specs plus configuration-labelled raw_final records,TPE-taipei-idx674-0-1,1.237997851750034,0,0,28.0,FAIL,True,data/submission/raw_final.csv,False,200.9073807001114
Development,TPE-taipei-idx674-0-1|qp25,historical,8.0,0-29,30,30,True,True,True,7f5997632bddb14807ab121d84bcef6fd8e3b3a5b3a6b61025e574cbe8b3b5be,frozen run_specs plus configuration-labelled raw_final records,TPE-taipei-idx674-0-1,1.237997851750034,0,0,26.0,FAIL,True,data/submission/raw_final.csv,False,214.29429949983023
Development,TPE-taipei-idx674-0-1|qp25,historical,10.0,0-29,30,30,True,True,True,7f5997632bddb14807ab121d84bcef6fd8e3b3a5b3a6b61025e574cbe8b3b5be,frozen run_specs plus configuration-labelled raw_final records,TPE-taipei-idx674-0-1,1.237997851750034,0,0,17.0,FAIL,True,data/submission/raw_final.csv,False,251.91090269992128
Development,TPE-taipei-idx813-0-1|qp45,historical,0.0,0-29,30,30,True,True,True,ee7bd37805d2bf76252e37ea039fd4558fa5fe72545993d7cd78a2031befcc5d,frozen run_specs plus configuration-labelled raw_final records,TPE-taipei-idx813-0-1,1.2178948768273123,0,0,30.0,PASS,True,data/submission/raw_final.csv,False,294.6393722007051
Development,TPE-taipei-idx813-0-1|qp45,historical,0.0,10000-10029,30,30,True,True,True,ee7bd37805d2bf76252e37ea039fd4558fa5fe72545993d7cd78a2031befcc5d,frozen run_specs plus configuration-labelled raw_final records,TPE-taipei-idx813-0-1,1.21537930421293,0,0,30.0,PASS,True,new package,True,131.1190983999404
Development,TPE-taipei-idx813-0-1|qp45,historical,1.0,0-29,30,30,True,True,True,ee7bd37805d2bf76252e37ea039fd4558fa5fe72545993d7cd78a2031befcc5d,frozen run_specs plus configuration-labelled raw_final records,TPE-taipei-idx813-0-1,1.2178948768273123,0,0,30.0,PASS,True,data/submission/raw_final.csv,False,266.23588099936023
Development,TPE-taipei-idx813-0-1|qp45,historical,2.0,0-29,30,30,True,True,True,ee7bd37805d2bf76252e37ea039fd4558fa5fe72545993d7cd78a2031befcc5d,frozen run_specs plus configuration-labelled raw_final records,TPE-taipei-idx813-0-1,1.2178948768273123,0,0,30.0,PASS,True,data/submission/raw_final.csv,False,294.44158370024525
Development,TPE-taipei-idx813-0-1|qp45,historical,2.0,10000-10029,30,30,True,True,True,ee7bd37805d2bf76252e37ea039fd4558fa5fe72545993d7cd78a2031befcc5d,frozen run_specs plus configuration-labelled raw_final records,TPE-taipei-idx813-0-1,1.21537930421293,0,0,30.0,PASS,True,new package,True,176.90640900007566
Development,TPE-taipei-idx813-0-1|qp45,historical,3.0,0-29,30,30,True,True,True,ee7bd37805d2bf76252e37ea039fd4558fa5fe72545993d7cd78a2031befcc5d,frozen run_specs plus configuration-labelled raw_final records,TPE-taipei-idx813-0-1,1.2178948768273123,0,0,30.0,PASS,True,data/submission/raw_final.csv,False,295.75730890012346
Development,TPE-taipei-idx813-0-1|qp45,historical,4.0,0-29,30,30,True,True,True,ee7bd37805d2bf76252e37ea039fd4558fa5fe72545993d7cd78a2031befcc5d,frozen run_specs plus configuration-labelled raw_final records,TPE-taipei-idx813-0-1,1.2178948768273123,0,0,30.0,PASS,True,data/submission/raw_final.csv,False,293.052291699918
Development,TPE-taipei-idx813-0-1|qp45,historical,5.0,0-29,30,30,True,True,True,ee7bd37805d2bf76252e37ea039fd4558fa5fe72545993d7cd78a2031befcc5d,frozen run_specs plus configuration-labelled raw_final records,TPE-taipei-idx813-0-1,1.2178948768273123,0,0,30.0,PASS,True,data/submission/raw_final.csv,False,300.94479699921794
Development,TPE-taipei-idx813-0-1|qp45,historical,5.0,10000-10029,30,30,True,True,True,ee7bd37805d2bf76252e37ea039fd4558fa5fe72545993d7cd78a2031befcc5d,frozen run_specs plus configuration-labelled raw_final records,TPE-taipei-idx813-0-1,1.21537930421293,0,0,30.0,PASS,True,new package,True,190.28300319999107
Development,TPE-taipei-idx813-0-1|qp45,historical,6.0,0-29,30,30,True,True,True,ee7bd37805d2bf76252e37ea039fd4558fa5fe72545993d7cd78a2031befcc5d,frozen run_specs plus configuration-labelled raw_final records,TPE-taipei-idx813-0-1,1.2178948768273123,0,0,30.0,PASS,True,data/submission/raw_final.csv,False,334.38538219965994
Development,TPE-taipei-idx813-0-1|qp45,historical,8.0,0-29,30,30,True,True,True,ee7bd37805d2bf76252e37ea039fd4558fa5fe72545993d7cd78a2031befcc5d,frozen run_specs plus configuration-labelled raw_final records,TPE-taipei-idx813-0-1,1.2178948768273123,0,0,30.0,PASS,True,data/submission/raw_final.csv,False,353.40368209942244
Development,TPE-taipei-idx813-0-1|qp45,historical,10.0,0-29,30,30,True,True,True,ee7bd37805d2bf76252e37ea039fd4558fa5fe72545993d7cd78a2031befcc5d,frozen run_specs plus configuration-labelled raw_final records,TPE-taipei-idx813-0-1,1.2178948768273123,0,0,29.0,PASS,True,data/submission/raw_final.csv,False,356.5678816
Development,TPE-taipei-idx813-0-1|qp45,historical,11.0,0-29,30,30,True,True,True,ee7bd37805d2bf76252e37ea039fd4558fa5fe72545993d7cd78a2031befcc5d,frozen run_specs plus configuration-labelled raw_final records,TPE-taipei-idx813-0-1,1.2178948768273123,0,0,27.0,FAIL,True,data/submission/raw_final.csv,False,368.80931840022095
Development,TPE-taipei-idx813-0-1|qp45,historical,12.0,0-29,30,30,True,True,True,ee7bd37805d2bf76252e37ea039fd4558fa5fe72545993d7cd78a2031befcc5d,frozen run_specs plus configuration-labelled raw_final records,TPE-taipei-idx813-0-1,1.2178948768273123,0,0,26.0,FAIL,True,data/submission/raw_final.csv,False,423.5331789001357
Development,TPE-taipei-idx813-0-1|qp45,historical,15.0,0-29,30,30,True,True,True,ee7bd37805d2bf76252e37ea039fd4558fa5fe72545993d7cd78a2031befcc5d,frozen run_specs plus configuration-labelled raw_final records,TPE-taipei-idx813-0-1,1.2178948768273123,0,0,4.0,FAIL,True,data/submission/raw_final.csv,False,472.9606404004153
Development,TPE-taipei-idx813-0-1|qp75,historical,0.0,0-29,30,30,True,True,False,,no preserved run_spec,TPE-taipei-idx813-0-1,,0,0,,MISSING_CONFIGURATION_PROOF,False,data/submission/raw_final.csv,False,500.2898730994202
Development,TPE-taipei-idx813-0-1|qp75,historical,1.0,0-29,30,30,True,True,False,,no preserved run_spec,TPE-taipei-idx813-0-1,,0,0,,MISSING_CONFIGURATION_PROOF,False,data/submission/raw_final.csv,False,478.44521530065686
Development,TPE-taipei-idx813-0-1|qp75,historical,2.0,0-29,30,30,True,True,False,,no preserved run_spec,TPE-taipei-idx813-0-1,,0,0,,MISSING_CONFIGURATION_PROOF,False,data/submission/raw_final.csv,False,551.4137790999375
Development,TPE-taipei-idx813-0-1|qp75,historical,3.0,0-29,30,30,True,True,False,,no preserved run_spec,TPE-taipei-idx813-0-1,,0,0,,MISSING_CONFIGURATION_PROOF,False,data/submission/raw_final.csv,False,626.2842590997461
Development,TPE-taipei-idx9453-0-1|qp18,historical,0.0,0-29,30,30,True,True,False,,no preserved run_spec,TPE-taipei-idx9453-0-1,,0,0,,MISSING_CONFIGURATION_PROOF,False,data/submission/raw_final.csv,False,113.52892739977688
Development,TPE-taipei-idx9453-0-1|qp18,historical,1.0,0-29,30,30,True,True,False,,no preserved run_spec,TPE-taipei-idx9453-0-1,,0,0,,MISSING_CONFIGURATION_PROOF,False,data/submission/raw_final.csv,False,111.33668769989164
Development,TPE-taipei-idx9453-0-1|qp18,historical,2.0,0-29,30,30,True,True,False,,no preserved run_spec,TPE-taipei-idx9453-0-1,,0,0,,MISSING_CONFIGURATION_PROOF,False,data/submission/raw_final.csv,False,124.98764040041716
Development,TPE-taipei-idx9453-0-1|qp18,historical,3.0,0-29,30,30,True,True,False,,no preserved run_spec,TPE-taipei-idx9453-0-1,,0,0,,MISSING_CONFIGURATION_PROOF,False,data/submission/raw_final.csv,False,127.97336980002
Development,TPE-taipei-idx9453-0-1|qp18,historical,4.0,0-29,30,30,True,True,False,,no preserved run_spec,TPE-taipei-idx9453-0-1,,0,0,,MISSING_CONFIGURATION_PROOF,False,data/submission/raw_final.csv,False,120.56362719973548
Development,TPE-taipei-idx9453-0-1|qp18,historical,5.0,0-29,30,30,True,True,False,,no preserved run_spec,TPE-taipei-idx9453-0-1,,0,0,,MISSING_CONFIGURATION_PROOF,False,data/submission/raw_final.csv,False,136.44110869965516
Development,TPE-taipei-idx9453-0-1|qp18,historical,6.0,0-29,30,30,True,True,False,,no preserved run_spec,TPE-taipei-idx9453-0-1,,0,0,,MISSING_CONFIGURATION_PROOF,False,data/submission/raw_final.csv,False,138.7937132003717
Development,TPE-taipei-idx9453-0-1|qp18,historical,8.0,0-29,30,30,True,True,False,,no preserved run_spec,TPE-taipei-idx9453-0-1,,0,0,,MISSING_CONFIGURATION_PROOF,False,data/submission/raw_final.csv,False,153.428407500498
Development,TPE-taipei-idx9453-0-1|qp18,historical,10.0,0-29,30,30,True,True,False,,no preserved run_spec,TPE-taipei-idx9453-0-1,,0,0,,MISSING_CONFIGURATION_PROOF,False,data/submission/raw_final.csv,False,161.9502789003309
Development,TPE-taipei-idx9453-0-1|qp18,historical,12.0,0-29,30,30,True,True,False,,no preserved run_spec,TPE-taipei-idx9453-0-1,,0,0,,MISSING_CONFIGURATION_PROOF,False,data/submission/raw_final.csv,False,179.9384592003189
Development,TPE-taipei-idx9453-0-1|qp18,historical,15.0,0-29,30,30,True,True,False,,no preserved run_spec,TPE-taipei-idx9453-0-1,,0,0,,MISSING_CONFIGURATION_PROOF,False,data/submission/raw_final.csv,False,201.25916879926808
Development,TPE-taipei-idx9453-0-1|qp18,historical,18.0,0-29,30,30,True,True,False,,no preserved run_spec,TPE-taipei-idx9453-0-1,,0,0,,MISSING_CONFIGURATION_PROOF,False,data/submission/raw_final.csv,False,212.93117639957927
Development,TPE-taipei-idx9453-0-1|qp18,historical,19.0,0-29,30,30,True,True,False,,no preserved run_spec,TPE-taipei-idx9453-0-1,,0,0,,MISSING_CONFIGURATION_PROOF,False,data/submission/raw_final.csv,False,209.53961370000616
Development,TPE-taipei-idx9453-0-1|qp18,historical,20.0,0-29,30,30,True,True,False,,no preserved run_spec,TPE-taipei-idx9453-0-1,,0,0,,MISSING_CONFIGURATION_PROOF,False,data/submission/raw_final.csv,False,215.38867680029944
Development,TPE-taipei-idx9453-0-1|qp43,historical,0.0,0-29,30,30,True,True,False,,no preserved run_spec,TPE-taipei-idx9453-0-1,,0,0,,MISSING_CONFIGURATION_PROOF,False,data/submission/raw_final.csv,False,241.5451335008256
Development,TPE-taipei-idx9453-0-1|qp43,historical,1.0,0-29,30,30,True,True,False,,no preserved run_spec,TPE-taipei-idx9453-0-1,,0,0,,MISSING_CONFIGURATION_PROOF,False,data/submission/raw_final.csv,False,239.25109220016748
Development,TPE-taipei-idx9453-0-1|qp43,historical,2.0,0-29,30,30,True,True,False,,no preserved run_spec,TPE-taipei-idx9453-0-1,,0,0,,MISSING_CONFIGURATION_PROOF,False,data/submission/raw_final.csv,False,274.6851469995454
Development,TPE-taipei-idx9453-0-1|qp43,historical,3.0,0-29,30,30,True,True,False,,no preserved run_spec,TPE-taipei-idx9453-0-1,,0,0,,MISSING_CONFIGURATION_PROOF,False,data/submission/raw_final.csv,False,275.7644281995017
Development,TPE-taipei-idx9453-0-1|qp43,historical,4.0,0-29,30,30,True,True,False,,no preserved run_spec,TPE-taipei-idx9453-0-1,,0,0,,MISSING_CONFIGURATION_PROOF,False,data/submission/raw_final.csv,False,266.14759040018544
Development,TPE-taipei-idx9453-0-1|qp43,historical,5.0,0-29,30,30,True,True,False,,no preserved run_spec,TPE-taipei-idx9453-0-1,,0,0,,MISSING_CONFIGURATION_PROOF,False,data/submission/raw_final.csv,False,276.76004100055434
Development,TPE-taipei-idx9453-0-1|qp43,historical,6.0,0-29,30,30,True,True,False,,no preserved run_spec,TPE-taipei-idx9453-0-1,,0,0,,MISSING_CONFIGURATION_PROOF,False,data/submission/raw_final.csv,False,294.9826532006264
Development,TPE-taipei-idx9453-0-1|qp43,historical,8.0,0-29,30,30,True,True,False,,no preserved run_spec,TPE-taipei-idx9453-0-1,,0,0,,MISSING_CONFIGURATION_PROOF,False,data/submission/raw_final.csv,False,313.3041143999435
Development,TPE-taipei-idx9453-0-1|qp43,historical,10.0,0-29,30,30,True,True,False,,no preserved run_spec,TPE-taipei-idx9453-0-1,,0,0,,MISSING_CONFIGURATION_PROOF,False,data/submission/raw_final.csv,False,318.073146100156
Development,TPE-taipei-idx9453-0-1|qp43,historical,11.0,0-29,30,30,True,True,False,,no preserved run_spec,TPE-taipei-idx9453-0-1,,0,0,,MISSING_CONFIGURATION_PROOF,False,data/submission/raw_final.csv,False,332.2522134000901
Development,TPE-taipei-idx9453-0-1|qp43,historical,12.0,0-29,30,30,True,True,False,,no preserved run_spec,TPE-taipei-idx9453-0-1,,0,0,,MISSING_CONFIGURATION_PROOF,False,data/submission/raw_final.csv,False,365.02292479993775
Development,TPE-taipei-idx9453-0-1|qp43,historical,15.0,0-29,30,30,True,True,False,,no preserved run_spec,TPE-taipei-idx9453-0-1,,0,0,,MISSING_CONFIGURATION_PROOF,False,data/submission/raw_final.csv,False,404.0304634994827
Development,TPE-taipei-idx9453-0-1|qp43,historical,18.0,0-29,30,30,True,True,False,,no preserved run_spec,TPE-taipei-idx9453-0-1,,0,0,,MISSING_CONFIGURATION_PROOF,False,data/submission/raw_final.csv,False,413.0142562005203
Development,TPE-taipei-idx9524-0-2|qp14,historical,0.0,0-29,30,30,True,True,False,,no preserved run_spec,TPE-taipei-idx9524-0-2,,0,0,,MISSING_CONFIGURATION_PROOF,False,data/submission/raw_final.csv,False,89.43861759919673
Development,TPE-taipei-idx9524-0-2|qp14,historical,1.0,0-29,30,30,True,True,False,,no preserved run_spec,TPE-taipei-idx9524-0-2,,0,0,,MISSING_CONFIGURATION_PROOF,False,data/submission/raw_final.csv,False,546.3489813001361
Development,TPE-taipei-idx9524-0-2|qp6,historical,0.0,0-29,30,30,True,True,False,,no preserved run_spec,TPE-taipei-idx9524-0-2,,0,0,,MISSING_CONFIGURATION_PROOF,False,data/submission/raw_final.csv,False,54.93475820007734
Development,TPE-taipei-idx9524-0-2|qp6,historical,1.0,0-29,30,30,True,True,False,,no preserved run_spec,TPE-taipei-idx9524-0-2,,0,0,,MISSING_CONFIGURATION_PROOF,False,data/submission/raw_final.csv,False,286.5596947998274
Development,TPE-taipei-idx9590-0-0|qp31,historical,0.0,0-29,30,30,True,True,True,83d1e9c71b67e8f4d797f633c5eec135ee0fb163a9eae2dc69eca1cefad9d039,frozen run_specs plus configuration-labelled raw_final records,TPE-taipei-idx9590-0-0,1.1947151114765158,0,0,30.0,PASS,True,data/submission/raw_final.csv,False,204.1284952992573
Development,TPE-taipei-idx9590-0-0|qp31,historical,1.0,0-29,30,30,True,True,True,83d1e9c71b67e8f4d797f633c5eec135ee0fb163a9eae2dc69eca1cefad9d039,frozen run_specs plus configuration-labelled raw_final records,TPE-taipei-idx9590-0-0,1.1947151114765158,0,0,30.0,PASS,True,data/submission/raw_final.csv,False,197.0919771993067
Development,TPE-taipei-idx9590-0-0|qp31,historical,2.0,0-29,30,30,True,True,True,83d1e9c71b67e8f4d797f633c5eec135ee0fb163a9eae2dc69eca1cefad9d039,frozen run_specs plus configuration-labelled raw_final records,TPE-taipei-idx9590-0-0,1.1947151114765158,0,0,30.0,PASS,True,data/submission/raw_final.csv,False,205.598913500784
Development,TPE-taipei-idx9590-0-0|qp31,historical,3.0,0-29,30,30,True,True,True,83d1e9c71b67e8f4d797f633c5eec135ee0fb163a9eae2dc69eca1cefad9d039,frozen run_specs plus configuration-labelled raw_final records,TPE-taipei-idx9590-0-0,1.1947151114765158,0,0,30.0,PASS,True,data/submission/raw_final.csv,False,211.43028020020571
Development,TPE-taipei-idx9590-0-0|qp31,historical,4.0,0-29,30,30,True,True,True,83d1e9c71b67e8f4d797f633c5eec135ee0fb163a9eae2dc69eca1cefad9d039,frozen run_specs plus configuration-labelled raw_final records,TPE-taipei-idx9590-0-0,1.1947151114765158,0,0,30.0,PASS,True,data/submission/raw_final.csv,False,207.39110119943507
Development,TPE-taipei-idx9590-0-0|qp31,historical,5.0,0-29,30,30,True,True,True,83d1e9c71b67e8f4d797f633c5eec135ee0fb163a9eae2dc69eca1cefad9d039,frozen run_specs plus configuration-labelled raw_final records,TPE-taipei-idx9590-0-0,1.1947151114765158,0,0,28.0,FAIL,True,data/submission/raw_final.csv,False,233.7272919996176
Development,TPE-taipei-idx9590-0-0|qp31,historical,6.0,0-29,30,30,True,True,True,83d1e9c71b67e8f4d797f633c5eec135ee0fb163a9eae2dc69eca1cefad9d039,frozen run_specs plus configuration-labelled raw_final records,TPE-taipei-idx9590-0-0,1.1947151114765158,0,0,27.0,FAIL,True,data/submission/raw_final.csv,False,248.4109192001633
Development,TPE-taipei-idx9590-0-0|qp31,historical,8.0,0-29,30,30,True,True,True,83d1e9c71b67e8f4d797f633c5eec135ee0fb163a9eae2dc69eca1cefad9d039,frozen run_specs plus configuration-labelled raw_final records,TPE-taipei-idx9590-0-0,1.1947151114765158,0,0,22.0,FAIL,True,data/submission/raw_final.csv,False,267.43838849966414
Development,TPE-taipei-idx9590-0-0|qp51,historical,0.0,0-29,30,30,True,True,False,,no preserved run_spec,TPE-taipei-idx9590-0-0,,0,0,,MISSING_CONFIGURATION_PROOF,False,data/submission/raw_final.csv,False,288.8585522999056
Development,TPE-taipei-idx9590-0-0|qp51,historical,1.0,0-29,30,30,True,True,False,,no preserved run_spec,TPE-taipei-idx9590-0-0,,0,0,,MISSING_CONFIGURATION_PROOF,False,data/submission/raw_final.csv,False,550.612544199219
Hong Kong,HK-ST-05,historical,0.0,0-29,30,30,True,True,False,,no preserved run_spec,HK-ST-05,,0,0,,MISSING_CONFIGURATION_PROOF,False,data/submission/raw_final.csv,False,1537.4946256007534
Hong Kong,HK-ST-05,nearest-safe-anchor-v1,0.0,0-29,30,30,True,True,True,9f8c04175881b6e2d12df8800121cb9a553ca8d0273410094bbd0475dfca6839,frozen run_specs plus configuration-labelled raw_final records,HK-ST-05,1.294898529744673,0,0,30.0,PASS,True,data/submission/raw_final.csv,False,70.09200000180863
Hong Kong,HK-ST-05,nearest-safe-anchor-v1,1.0,0-29,30,30,True,True,True,9f8c04175881b6e2d12df8800121cb9a553ca8d0273410094bbd0475dfca6839,frozen run_specs plus configuration-labelled raw_final records,HK-ST-05,1.294898529744673,0,0,30.0,PASS,True,data/submission/raw_final.csv,False,80.09700000029989
Hong Kong,HK-ST-05,nearest-safe-anchor-v1,2.0,0-29,30,30,True,True,True,9f8c04175881b6e2d12df8800121cb9a553ca8d0273410094bbd0475dfca6839,frozen run_specs plus configuration-labelled raw_final records,HK-ST-05,1.294898529744673,0,0,30.0,PASS,True,data/submission/raw_final.csv,False,80.28100000112318
Hong Kong,HK-ST-05,nearest-safe-anchor-v1,3.0,0-29,30,30,True,True,True,9f8c04175881b6e2d12df8800121cb9a553ca8d0273410094bbd0475dfca6839,frozen run_specs plus configuration-labelled raw_final records,HK-ST-05,1.294898529744673,0,0,30.0,PASS,True,data/submission/raw_final.csv,False,81.60899999877438
Hong Kong,HK-ST-05,nearest-safe-anchor-v1,4.0,0-29,30,30,True,True,True,9f8c04175881b6e2d12df8800121cb9a553ca8d0273410094bbd0475dfca6839,frozen run_specs plus configuration-labelled raw_final records,HK-ST-05,1.294898529744673,0,0,30.0,PASS,True,data/submission/raw_final.csv,False,89.89299999899231
Hong Kong,HK-ST-05,nearest-safe-anchor-v1,5.0,0-29,30,30,True,True,True,9f8c04175881b6e2d12df8800121cb9a553ca8d0273410094bbd0475dfca6839,frozen run_specs plus configuration-labelled raw_final records,HK-ST-05,1.294898529744673,0,0,30.0,PASS,True,data/submission/raw_final.csv,False,87.0769999998156
Hong Kong,HK-ST-05,nearest-safe-anchor-v1,6.0,0-29,30,30,True,True,True,9f8c04175881b6e2d12df8800121cb9a553ca8d0273410094bbd0475dfca6839,frozen run_specs plus configuration-labelled raw_final records,HK-ST-05,1.294898529744673,0,0,30.0,PASS,True,data/submission/raw_final.csv,False,88.28299999935552
Hong Kong,HK-ST-05,nearest-safe-anchor-v1,8.0,0-29,30,30,True,True,True,9f8c04175881b6e2d12df8800121cb9a553ca8d0273410094bbd0475dfca6839,frozen run_specs plus configuration-labelled raw_final records,HK-ST-05,1.294898529744673,0,0,29.0,PASS,True,data/submission/raw_final.csv,False,87.10900000017136
Hong Kong,HK-ST-05,nearest-safe-anchor-v1,10.0,0-29,30,30,True,True,True,9f8c04175881b6e2d12df8800121cb9a553ca8d0273410094bbd0475dfca6839,frozen run_specs plus configuration-labelled raw_final records,HK-ST-05,1.294898529744673,0,0,19.0,FAIL,True,data/submission/raw_final.csv,False,94.42200000025332
Hong Kong,HK-ST-05,nearest-safe-anchor-v1,12.0,0-29,30,30,True,True,True,9f8c04175881b6e2d12df8800121cb9a553ca8d0273410094bbd0475dfca6839,frozen run_specs plus configuration-labelled raw_final records,HK-ST-05,1.294898529744673,0,0,0.0,FAIL,True,data/submission/raw_final.csv,False,99.1889999997802
Hong Kong,HK-ST-05,nearest-safe-anchor-v1,15.0,0-29,30,30,True,True,True,9f8c04175881b6e2d12df8800121cb9a553ca8d0273410094bbd0475dfca6839,frozen run_specs plus configuration-labelled raw_final records,HK-ST-05,1.294898529744673,0,0,0.0,FAIL,True,data/submission/raw_final.csv,False,98.95100000011736
Hong Kong,HK-ST-05,nearest-safe-anchor-v1,18.0,0-29,30,30,True,True,True,9f8c04175881b6e2d12df8800121cb9a553ca8d0273410094bbd0475dfca6839,frozen run_specs plus configuration-labelled raw_final records,HK-ST-05,1.294898529744673,0,0,0.0,FAIL,True,data/submission/raw_final.csv,False,142.40899999975227
Hong Kong,HK-ST-05,nearest-safe-anchor-v1,20.0,0-29,30,30,True,True,True,9f8c04175881b6e2d12df8800121cb9a553ca8d0273410094bbd0475dfca6839,frozen run_specs plus configuration-labelled raw_final records,HK-ST-05,1.294898529744673,0,0,0.0,FAIL,True,data/submission/raw_final.csv,False,472.8240000000224
Hong Kong,HK-ST-06,historical,0.0,0-29,30,30,True,True,False,,no preserved run_spec,HK-ST-06,,0,0,,MISSING_CONFIGURATION_PROOF,False,data/submission/raw_final.csv,False,506.9853422008455
Hong Kong,HK-ST-06,historical,1.0,0-29,30,30,True,True,False,,no preserved run_spec,HK-ST-06,,0,0,,MISSING_CONFIGURATION_PROOF,False,data/submission/raw_final.csv,False,768.0815694003832
Hong Kong,HK-ST-06,historical,2.0,0-29,30,30,True,True,False,,no preserved run_spec,HK-ST-06,,0,0,,MISSING_CONFIGURATION_PROOF,False,data/submission/raw_final.csv,False,1195.4106601006351
Hong Kong,HK-ST-06,historical,3.0,0-29,30,30,True,True,False,,no preserved run_spec,HK-ST-06,,0,0,,MISSING_CONFIGURATION_PROOF,False,data/submission/raw_final.csv,False,1411.647191600874
Hong Kong,HK-ST-06,historical,4.0,0-29,30,30,True,True,False,,no preserved run_spec,HK-ST-06,,0,0,,MISSING_CONFIGURATION_PROOF,False,data/submission/raw_final.csv,False,1302.1736161003355
Hong Kong,HK-ST-06,historical,5.0,0-29,30,30,True,True,False,,no preserved run_spec,HK-ST-06,,0,0,,MISSING_CONFIGURATION_PROOF,False,data/submission/raw_final.csv,False,1277.214225201169
Hong Kong,HK-ST-06,historical,6.0,0-29,30,30,True,True,False,,no preserved run_spec,HK-ST-06,,0,0,,MISSING_CONFIGURATION_PROOF,False,data/submission/raw_final.csv,False,1709.555148899788
Hong Kong,HK-ST-06,historical,8.0,0-29,30,30,True,True,False,,no preserved run_spec,HK-ST-06,,0,0,,MISSING_CONFIGURATION_PROOF,False,data/submission/raw_final.csv,False,2048.363214799436
Hong Kong,HK-ST-06,historical,10.0,0-29,30,30,True,True,False,,no preserved run_spec,HK-ST-06,,0,0,,MISSING_CONFIGURATION_PROOF,False,data/submission/raw_final.csv,False,2962.690420500003
Hong Kong,HK-ST-06,historical,12.0,0-29,30,30,True,True,False,,no preserved run_spec,HK-ST-06,,0,0,,MISSING_CONFIGURATION_PROOF,False,data/submission/raw_final.csv,False,3368.1637892997824
Hong Kong,HK-ST-06,historical,15.0,0-29,30,30,True,True,False,,no preserved run_spec,HK-ST-06,,0,0,,MISSING_CONFIGURATION_PROOF,False,data/submission/raw_final.csv,False,3752.5106266005896
Hong Kong,HK-ST-06,historical,18.0,0-29,30,30,True,True,False,,no preserved run_spec,HK-ST-06,,0,0,,MISSING_CONFIGURATION_PROOF,False,data/submission/raw_final.csv,False,4174.594794899924
Hong Kong,HK-ST-06,historical,20.0,0-29,30,30,True,True,False,,no preserved run_spec,HK-ST-06,,0,0,,MISSING_CONFIGURATION_PROOF,False,data/submission/raw_final.csv,False,3443.5801479998045
Hong Kong,HK-ST-08,historical,0.0,0-29,30,30,True,True,True,c56b139f96af4978ed4ad966577003abb22e494f1a6369561beb81c2380466c8,frozen run_specs plus configuration-labelled raw_final records,HK-ST-08,1.0853594420470658,0,0,30.0,PASS,True,data/submission/raw_final.csv,False,396.8123444998637
Hong Kong,HK-ST-08,historical,1.0,0-29,30,30,True,True,True,c56b139f96af4978ed4ad966577003abb22e494f1a6369561beb81c2380466c8,frozen run_specs plus configuration-labelled raw_final records,HK-ST-08,1.0853594420470658,0,0,28.0,FAIL,True,data/submission/raw_final.csv,False,346.8653158999514
Hong Kong,HK-ST-08,historical,2.0,0-29,30,30,True,True,True,c56b139f96af4978ed4ad966577003abb22e494f1a6369561beb81c2380466c8,frozen run_specs plus configuration-labelled raw_final records,HK-ST-08,1.0853594420470658,0,0,26.0,FAIL,True,data/submission/raw_final.csv,False,412.9551018998027
Hong Kong,HK-ST-08,historical,3.0,0-29,30,30,True,True,True,c56b139f96af4978ed4ad966577003abb22e494f1a6369561beb81c2380466c8,frozen run_specs plus configuration-labelled raw_final records,HK-ST-08,1.0853594420470658,0,0,23.0,FAIL,True,data/submission/raw_final.csv,False,533.8059418012854
Hong Kong,HK-ST-08,historical,4.0,0-29,30,30,True,True,True,c56b139f96af4978ed4ad966577003abb22e494f1a6369561beb81c2380466c8,frozen run_specs plus configuration-labelled raw_final records,HK-ST-08,1.0853594420470658,0,0,17.0,FAIL,True,data/submission/raw_final.csv,False,709.2536633994896
Hong Kong,HK-ST-08,historical,5.0,0-29,30,30,True,True,True,c56b139f96af4978ed4ad966577003abb22e494f1a6369561beb81c2380466c8,frozen run_specs plus configuration-labelled raw_final records,HK-ST-08,1.0853594420470658,0,0,8.0,FAIL,True,data/submission/raw_final.csv,False,1117.696568499785
Hong Kong,HK-ST-08,historical,6.0,0-29,30,30,True,True,True,c56b139f96af4978ed4ad966577003abb22e494f1a6369561beb81c2380466c8,frozen run_specs plus configuration-labelled raw_final records,HK-ST-08,1.0853594420470658,0,0,2.0,FAIL,True,data/submission/raw_final.csv,False,1167.8426748993809
Hong Kong,HK-ST-08,historical,8.0,0-29,30,30,True,True,True,c56b139f96af4978ed4ad966577003abb22e494f1a6369561beb81c2380466c8,frozen run_specs plus configuration-labelled raw_final records,HK-ST-08,1.0853594420470658,0,0,0.0,FAIL,True,data/submission/raw_final.csv,False,1466.6984948003665
Hong Kong,HK-ST-08,historical,10.0,0-29,30,30,True,True,True,c56b139f96af4978ed4ad966577003abb22e494f1a6369561beb81c2380466c8,frozen run_specs plus configuration-labelled raw_final records,HK-ST-08,1.0853594420470658,0,0,0.0,FAIL,True,data/submission/raw_final.csv,False,1223.8903002003208
Hong Kong,HK-ST-08,historical,12.0,0-29,30,30,True,True,True,c56b139f96af4978ed4ad966577003abb22e494f1a6369561beb81c2380466c8,frozen run_specs plus configuration-labelled raw_final records,HK-ST-08,1.0853594420470658,0,0,0.0,FAIL,True,data/submission/raw_final.csv,False,1737.1172350991983
Hong Kong,HK-ST-08,historical,15.0,0-29,30,30,True,True,True,c56b139f96af4978ed4ad966577003abb22e494f1a6369561beb81c2380466c8,frozen run_specs plus configuration-labelled raw_final records,HK-ST-08,1.0853594420470658,0,0,3.0,FAIL,True,data/submission/raw_final.csv,False,2567.186960200779
Hong Kong,HK-ST-08,historical,18.0,0-29,30,30,True,True,True,c56b139f96af4978ed4ad966577003abb22e494f1a6369561beb81c2380466c8,frozen run_specs plus configuration-labelled raw_final records,HK-ST-08,1.0853594420470658,0,0,2.0,FAIL,True,data/submission/raw_final.csv,False,3761.5903209003154
Hong Kong,HK-ST-08,historical,20.0,0-29,30,30,True,True,True,c56b139f96af4978ed4ad966577003abb22e494f1a6369561beb81c2380466c8,frozen run_specs plus configuration-labelled raw_final records,HK-ST-08,1.0853594420470658,0,0,2.0,FAIL,True,data/submission/raw_final.csv,False,3337.402526400285
Hong Kong,HK-ST-09,historical,0.0,0-29,30,30,True,True,True,386fb084b21b50ab43f4de2480637029d8a1bae0c1f50b93c2a1515e8c11dbfa,frozen run_specs plus configuration-labelled raw_final records,HK-ST-09,1.186375095876136,0,0,30.0,PASS,True,data/submission/raw_final.csv,False,246.8177172006108
Hong Kong,HK-ST-09,historical,1.0,0-29,30,30,True,True,True,386fb084b21b50ab43f4de2480637029d8a1bae0c1f50b93c2a1515e8c11dbfa,frozen run_specs plus configuration-labelled raw_final records,HK-ST-09,1.186375095876136,0,0,29.0,PASS,True,data/submission/raw_final.csv,False,277.99585200008005
Hong Kong,HK-ST-09,historical,2.0,0-29,30,30,True,True,True,386fb084b21b50ab43f4de2480637029d8a1bae0c1f50b93c2a1515e8c11dbfa,frozen run_specs plus configuration-labelled raw_final records,HK-ST-09,1.186375095876136,0,0,30.0,PASS,True,data/submission/raw_final.csv,False,288.38864499982446
Hong Kong,HK-ST-09,historical,3.0,0-29,30,30,True,True,True,386fb084b21b50ab43f4de2480637029d8a1bae0c1f50b93c2a1515e8c11dbfa,frozen run_specs plus configuration-labelled raw_final records,HK-ST-09,1.186375095876136,0,0,30.0,PASS,True,data/submission/raw_final.csv,False,306.7204816986341
Hong Kong,HK-ST-09,historical,4.0,0-29,30,30,True,True,True,386fb084b21b50ab43f4de2480637029d8a1bae0c1f50b93c2a1515e8c11dbfa,frozen run_specs plus configuration-labelled raw_final records,HK-ST-09,1.186375095876136,0,0,29.0,PASS,True,data/submission/raw_final.csv,False,307.2590897998307
Hong Kong,HK-ST-09,historical,5.0,0-29,30,30,True,True,True,386fb084b21b50ab43f4de2480637029d8a1bae0c1f50b93c2a1515e8c11dbfa,frozen run_specs plus configuration-labelled raw_final records,HK-ST-09,1.186375095876136,0,0,28.0,FAIL,True,data/submission/raw_final.csv,False,349.16729259933345
Hong Kong,HK-ST-09,historical,6.0,0-29,30,30,True,True,True,386fb084b21b50ab43f4de2480637029d8a1bae0c1f50b93c2a1515e8c11dbfa,frozen run_specs plus configuration-labelled raw_final records,HK-ST-09,1.186375095876136,0,0,24.0,FAIL,True,data/submission/raw_final.csv,False,388.4011056004092
Hong Kong,HK-ST-09,historical,8.0,0-29,30,30,True,True,True,386fb084b21b50ab43f4de2480637029d8a1bae0c1f50b93c2a1515e8c11dbfa,frozen run_specs plus configuration-labelled raw_final records,HK-ST-09,1.186375095876136,0,0,10.0,FAIL,True,data/submission/raw_final.csv,False,501.3941818003077
Hong Kong,HK-ST-09,historical,10.0,0-29,30,30,True,True,True,386fb084b21b50ab43f4de2480637029d8a1bae0c1f50b93c2a1515e8c11dbfa,frozen run_specs plus configuration-labelled raw_final records,HK-ST-09,1.186375095876136,0,0,0.0,FAIL,True,data/submission/raw_final.csv,False,622.4334703998175
Hong Kong,HK-ST-09,historical,12.0,0-29,30,30,True,True,True,386fb084b21b50ab43f4de2480637029d8a1bae0c1f50b93c2a1515e8c11dbfa,frozen run_specs plus configuration-labelled raw_final records,HK-ST-09,1.186375095876136,0,0,0.0,FAIL,True,data/submission/raw_final.csv,False,919.9233627000358
Hong Kong,HK-ST-09,historical,15.0,0-29,30,30,True,True,True,386fb084b21b50ab43f4de2480637029d8a1bae0c1f50b93c2a1515e8c11dbfa,frozen run_specs plus configuration-labelled raw_final records,HK-ST-09,1.186375095876136,0,0,1.0,FAIL,True,data/submission/raw_final.csv,False,1295.536367799854
Hong Kong,HK-ST-09,historical,18.0,0-29,30,30,True,True,True,386fb084b21b50ab43f4de2480637029d8a1bae0c1f50b93c2a1515e8c11dbfa,frozen run_specs plus configuration-labelled raw_final records,HK-ST-09,1.186375095876136,0,0,0.0,FAIL,True,data/submission/raw_final.csv,False,1978.5650150009897
Hong Kong,HK-ST-09,historical,20.0,0-29,30,30,True,True,True,386fb084b21b50ab43f4de2480637029d8a1bae0c1f50b93c2a1515e8c11dbfa,frozen run_specs plus configuration-labelled raw_final records,HK-ST-09,1.186375095876136,0,0,0.0,FAIL,True,data/submission/raw_final.csv,False,2148.0678699000277
Hong Kong,HK-ST-11,historical,0.0,0-29,30,30,True,True,True,2c27686948caa08da63b7a8e906445fadba1ddf2c987e229b8362df912dfd3d0,frozen run_specs plus configuration-labelled raw_final records,HK-ST-11,1.2558318069707255,0,0,30.0,PASS,True,data/submission/raw_final.csv,False,127.34180700033905
Hong Kong,HK-ST-11,historical,1.0,0-29,30,30,True,True,True,2c27686948caa08da63b7a8e906445fadba1ddf2c987e229b8362df912dfd3d0,frozen run_specs plus configuration-labelled raw_final records,HK-ST-11,1.2558318069707255,0,0,30.0,PASS,True,data/submission/raw_final.csv,False,123.02957380050792
Hong Kong,HK-ST-11,historical,2.0,0-29,30,30,True,True,True,2c27686948caa08da63b7a8e906445fadba1ddf2c987e229b8362df912dfd3d0,frozen run_specs plus configuration-labelled raw_final records,HK-ST-11,1.2558318069707255,0,0,30.0,PASS,True,data/submission/raw_final.csv,False,141.53574600000866
Hong Kong,HK-ST-11,historical,3.0,0-29,30,30,True,True,True,2c27686948caa08da63b7a8e906445fadba1ddf2c987e229b8362df912dfd3d0,frozen run_specs plus configuration-labelled raw_final records,HK-ST-11,1.2558318069707255,0,0,30.0,PASS,True,data/submission/raw_final.csv,False,142.78115860000253
Hong Kong,HK-ST-11,historical,4.0,0-29,30,30,True,True,True,2c27686948caa08da63b7a8e906445fadba1ddf2c987e229b8362df912dfd3d0,frozen run_specs plus configuration-labelled raw_final records,HK-ST-11,1.2558318069707255,0,0,30.0,PASS,True,data/submission/raw_final.csv,False,151.23176630027592
Hong Kong,HK-ST-11,historical,5.0,0-29,30,30,True,True,True,2c27686948caa08da63b7a8e906445fadba1ddf2c987e229b8362df912dfd3d0,frozen run_specs plus configuration-labelled raw_final records,HK-ST-11,1.2558318069707255,0,0,30.0,PASS,True,data/submission/raw_final.csv,False,162.0029190997593
Hong Kong,HK-ST-11,historical,6.0,0-29,30,30,True,True,True,2c27686948caa08da63b7a8e906445fadba1ddf2c987e229b8362df912dfd3d0,frozen run_specs plus configuration-labelled raw_final records,HK-ST-11,1.2558318069707255,0,0,30.0,PASS,True,data/submission/raw_final.csv,False,168.53668810031377
Hong Kong,HK-ST-11,historical,8.0,0-29,30,30,True,True,True,2c27686948caa08da63b7a8e906445fadba1ddf2c987e229b8362df912dfd3d0,frozen run_specs plus configuration-labelled raw_final records,HK-ST-11,1.2558318069707255,0,0,29.0,PASS,True,data/submission/raw_final.csv,False,183.34051720029677
Hong Kong,HK-ST-11,historical,10.0,0-29,30,30,True,True,True,2c27686948caa08da63b7a8e906445fadba1ddf2c987e229b8362df912dfd3d0,frozen run_specs plus configuration-labelled raw_final records,HK-ST-11,1.2558318069707255,0,0,22.0,FAIL,True,data/submission/raw_final.csv,False,206.90241600037552
Hong Kong,HK-ST-11,historical,12.0,0-29,30,30,True,True,True,2c27686948caa08da63b7a8e906445fadba1ddf2c987e229b8362df912dfd3d0,frozen run_specs plus configuration-labelled raw_final records,HK-ST-11,1.2558318069707255,0,0,8.0,FAIL,True,data/submission/raw_final.csv,False,247.61945410072803
Hong Kong,HK-ST-11,historical,15.0,0-29,30,30,True,True,True,2c27686948caa08da63b7a8e906445fadba1ddf2c987e229b8362df912dfd3d0,frozen run_specs plus configuration-labelled raw_final records,HK-ST-11,1.2558318069707255,0,0,0.0,FAIL,True,data/submission/raw_final.csv,False,251.11755160056052
Hong Kong,HK-ST-11,historical,18.0,0-29,30,30,True,True,True,2c27686948caa08da63b7a8e906445fadba1ddf2c987e229b8362df912dfd3d0,frozen run_specs plus configuration-labelled raw_final records,HK-ST-11,1.2558318069707255,0,0,0.0,FAIL,True,data/submission/raw_final.csv,False,302.98745959997177
Hong Kong,HK-ST-11,historical,20.0,0-29,30,30,True,True,True,2c27686948caa08da63b7a8e906445fadba1ddf2c987e229b8362df912dfd3d0,frozen run_specs plus configuration-labelled raw_final records,HK-ST-11,1.2558318069707255,0,0,0.0,FAIL,True,data/submission/raw_final.csv,False,315.60022840090096
Hong Kong,HK-ST-12,historical,0.0,0-29,30,30,True,True,True,e92fa3ee0cf8684b56a48f0a4de2e9b5bf02b024b4e8dc11a6995116a90e9530,frozen run_specs plus configuration-labelled raw_final records,HK-ST-12,1.2012101806490725,0,0,30.0,PASS,True,data/submission/raw_final.csv,False,211.87023020046763
Hong Kong,HK-ST-12,historical,1.0,0-29,30,30,True,True,True,e92fa3ee0cf8684b56a48f0a4de2e9b5bf02b024b4e8dc11a6995116a90e9530,frozen run_specs plus configuration-labelled raw_final records,HK-ST-12,1.2012101806490725,0,0,30.0,PASS,True,data/submission/raw_final.csv,False,207.0869302011561
Hong Kong,HK-ST-12,historical,2.0,0-29,30,30,True,True,True,e92fa3ee0cf8684b56a48f0a4de2e9b5bf02b024b4e8dc11a6995116a90e9530,frozen run_specs plus configuration-labelled raw_final records,HK-ST-12,1.2012101806490725,0,0,30.0,PASS,True,data/submission/raw_final.csv,False,209.9115352998488
Hong Kong,HK-ST-12,historical,3.0,0-29,30,30,True,True,True,e92fa3ee0cf8684b56a48f0a4de2e9b5bf02b024b4e8dc11a6995116a90e9530,frozen run_specs plus configuration-labelled raw_final records,HK-ST-12,1.2012101806490725,0,0,30.0,PASS,True,data/submission/raw_final.csv,False,227.06658390001397
Hong Kong,HK-ST-12,historical,4.0,0-29,30,30,True,True,True,e92fa3ee0cf8684b56a48f0a4de2e9b5bf02b024b4e8dc11a6995116a90e9530,frozen run_specs plus configuration-labelled raw_final records,HK-ST-12,1.2012101806490725,0,0,30.0,PASS,True,data/submission/raw_final.csv,False,239.470991700422
Hong Kong,HK-ST-12,historical,5.0,0-29,30,30,True,True,True,e92fa3ee0cf8684b56a48f0a4de2e9b5bf02b024b4e8dc11a6995116a90e9530,frozen run_specs plus configuration-labelled raw_final records,HK-ST-12,1.2012101806490725,0,0,30.0,PASS,True,data/submission/raw_final.csv,False,248.35148599930108
Hong Kong,HK-ST-12,historical,6.0,0-29,30,30,True,True,True,e92fa3ee0cf8684b56a48f0a4de2e9b5bf02b024b4e8dc11a6995116a90e9530,frozen run_specs plus configuration-labelled raw_final records,HK-ST-12,1.2012101806490725,0,0,28.0,FAIL,True,data/submission/raw_final.csv,False,269.2191428998485
Hong Kong,HK-ST-12,historical,8.0,0-29,30,30,True,True,True,e92fa3ee0cf8684b56a48f0a4de2e9b5bf02b024b4e8dc11a6995116a90e9530,frozen run_specs plus configuration-labelled raw_final records,HK-ST-12,1.2012101806490725,0,0,25.0,FAIL,True,data/submission/raw_final.csv,False,311.2844503002707
Hong Kong,HK-ST-12,historical,10.0,0-29,30,30,True,True,True,e92fa3ee0cf8684b56a48f0a4de2e9b5bf02b024b4e8dc11a6995116a90e9530,frozen run_specs plus configuration-labelled raw_final records,HK-ST-12,1.2012101806490725,0,0,24.0,FAIL,True,data/submission/raw_final.csv,False,394.8407310994808
Hong Kong,HK-ST-12,historical,12.0,0-29,30,30,True,True,True,e92fa3ee0cf8684b56a48f0a4de2e9b5bf02b024b4e8dc11a6995116a90e9530,frozen run_specs plus configuration-labelled raw_final records,HK-ST-12,1.2012101806490725,0,0,10.0,FAIL,True,data/submission/raw_final.csv,False,382.5018299003132
Hong Kong,HK-ST-12,historical,15.0,0-29,30,30,True,True,True,e92fa3ee0cf8684b56a48f0a4de2e9b5bf02b024b4e8dc11a6995116a90e9530,frozen run_specs plus configuration-labelled raw_final records,HK-ST-12,1.2012101806490725,0,0,2.0,FAIL,True,data/submission/raw_final.csv,False,660.9013982003089
Hong Kong,HK-ST-12,historical,18.0,0-29,30,30,True,True,True,e92fa3ee0cf8684b56a48f0a4de2e9b5bf02b024b4e8dc11a6995116a90e9530,frozen run_specs plus configuration-labelled raw_final records,HK-ST-12,1.2012101806490725,0,0,2.0,FAIL,True,data/submission/raw_final.csv,False,1192.6137818007264
Hong Kong,HK-ST-12,historical,20.0,0-29,30,30,True,True,True,e92fa3ee0cf8684b56a48f0a4de2e9b5bf02b024b4e8dc11a6995116a90e9530,frozen run_specs plus configuration-labelled raw_final records,HK-ST-12,1.2012101806490725,0,0,1.0,FAIL,True,data/submission/raw_final.csv,False,1733.165838898858
Hong Kong,HK-ST-13,historical,0.0,0-29,30,30,True,True,False,,no preserved run_spec,HK-ST-13,,0,0,,MISSING_CONFIGURATION_PROOF,False,data/submission/raw_final.csv,False,395.4280954999849
Hong Kong,HK-ST-13,historical,1.0,0-29,30,30,True,True,False,,no preserved run_spec,HK-ST-13,,0,0,,MISSING_CONFIGURATION_PROOF,False,data/submission/raw_final.csv,False,682.8612927999347
Hong Kong,HK-ST-13,historical,2.0,0-29,30,30,True,True,False,,no preserved run_spec,HK-ST-13,,0,0,,MISSING_CONFIGURATION_PROOF,False,data/submission/raw_final.csv,False,769.4725620993413
Hong Kong,HK-ST-13,historical,3.0,0-29,30,30,True,True,False,,no preserved run_spec,HK-ST-13,,0,0,,MISSING_CONFIGURATION_PROOF,False,data/submission/raw_final.csv,False,892.3214911001269
Hong Kong,HK-ST-13,historical,4.0,0-29,30,30,True,True,False,,no preserved run_spec,HK-ST-13,,0,0,,MISSING_CONFIGURATION_PROOF,False,data/submission/raw_final.csv,False,1030.3808814000804
Hong Kong,HK-ST-13,historical,5.0,0-29,30,30,True,True,False,,no preserved run_spec,HK-ST-13,,0,0,,MISSING_CONFIGURATION_PROOF,False,data/submission/raw_final.csv,False,1238.8845635005273
Hong Kong,HK-ST-13,historical,6.0,0-29,30,30,True,True,False,,no preserved run_spec,HK-ST-13,,0,0,,MISSING_CONFIGURATION_PROOF,False,data/submission/raw_final.csv,False,1683.466362899169
Hong Kong,HK-ST-13,historical,8.0,0-29,30,30,True,True,False,,no preserved run_spec,HK-ST-13,,0,0,,MISSING_CONFIGURATION_PROOF,False,data/submission/raw_final.csv,False,2060.9855614991397
Hong Kong,HK-ST-13,historical,10.0,0-29,30,30,True,True,False,,no preserved run_spec,HK-ST-13,,0,0,,MISSING_CONFIGURATION_PROOF,False,data/submission/raw_final.csv,False,1812.5961539000275
Hong Kong,HK-ST-13,historical,12.0,0-29,30,30,True,True,False,,no preserved run_spec,HK-ST-13,,0,0,,MISSING_CONFIGURATION_PROOF,False,data/submission/raw_final.csv,False,2356.96410309989
Hong Kong,HK-ST-13,historical,15.0,0-29,30,30,True,True,False,,no preserved run_spec,HK-ST-13,,0,0,,MISSING_CONFIGURATION_PROOF,False,data/submission/raw_final.csv,False,2651.746927100001
Hong Kong,HK-ST-13,historical,18.0,0-29,30,30,True,True,False,,no preserved run_spec,HK-ST-13,,0,0,,MISSING_CONFIGURATION_PROOF,False,data/submission/raw_final.csv,False,2999.6614405007567
Hong Kong,HK-ST-13,historical,20.0,0-29,30,30,True,True,False,,no preserved run_spec,HK-ST-13,,0,0,,MISSING_CONFIGURATION_PROOF,False,data/submission/raw_final.csv,False,2470.8584138003644
Hong Kong,HK-ST-15,historical,0.0,0-29,30,30,True,True,True,72a8163ddbeaefdb5f41800cb72fa02afe6a199114b6d44da2a0b551a0319fd6,frozen run_specs plus configuration-labelled raw_final records,HK-ST-15,1.1994497229467918,0,0,30.0,PASS,True,data/submission/raw_final.csv,False,246.1217638999224
Hong Kong,HK-ST-15,historical,1.0,0-29,30,30,True,True,True,72a8163ddbeaefdb5f41800cb72fa02afe6a199114b6d44da2a0b551a0319fd6,frozen run_specs plus configuration-labelled raw_final records,HK-ST-15,1.1994497229467918,0,0,30.0,PASS,True,data/submission/raw_final.csv,False,244.0505198000465
Hong Kong,HK-ST-15,historical,2.0,0-29,30,30,True,True,True,72a8163ddbeaefdb5f41800cb72fa02afe6a199114b6d44da2a0b551a0319fd6,frozen run_specs plus configuration-labelled raw_final records,HK-ST-15,1.1994497229467918,0,0,30.0,PASS,True,data/submission/raw_final.csv,False,273.84306689933874
Hong Kong,HK-ST-15,historical,3.0,0-29,30,30,True,True,True,72a8163ddbeaefdb5f41800cb72fa02afe6a199114b6d44da2a0b551a0319fd6,frozen run_specs plus configuration-labelled raw_final records,HK-ST-15,1.1994497229467918,0,0,30.0,PASS,True,data/submission/raw_final.csv,False,265.43438259954564
Hong Kong,HK-ST-15,historical,4.0,0-29,30,30,True,True,True,72a8163ddbeaefdb5f41800cb72fa02afe6a199114b6d44da2a0b551a0319fd6,frozen run_specs plus configuration-labelled raw_final records,HK-ST-15,1.1994497229467918,0,0,30.0,PASS,True,data/submission/raw_final.csv,False,295.4643517008517
Hong Kong,HK-ST-15,historical,5.0,0-29,30,30,True,True,True,72a8163ddbeaefdb5f41800cb72fa02afe6a199114b6d44da2a0b551a0319fd6,frozen run_specs plus configuration-labelled raw_final records,HK-ST-15,1.1994497229467918,0,0,30.0,PASS,True,data/submission/raw_final.csv,False,300.6621058008168
Hong Kong,HK-ST-15,historical,6.0,0-29,30,30,True,True,True,72a8163ddbeaefdb5f41800cb72fa02afe6a199114b6d44da2a0b551a0319fd6,frozen run_specs plus configuration-labelled raw_final records,HK-ST-15,1.1994497229467918,0,0,30.0,PASS,True,data/submission/raw_final.csv,False,318.40763969998807
Hong Kong,HK-ST-15,historical,8.0,0-29,30,30,True,True,True,72a8163ddbeaefdb5f41800cb72fa02afe6a199114b6d44da2a0b551a0319fd6,frozen run_specs plus configuration-labelled raw_final records,HK-ST-15,1.1994497229467918,0,0,27.0,FAIL,True,data/submission/raw_final.csv,False,349.70650690048933
Hong Kong,HK-ST-15,historical,10.0,0-29,30,30,True,True,True,72a8163ddbeaefdb5f41800cb72fa02afe6a199114b6d44da2a0b551a0319fd6,frozen run_specs plus configuration-labelled raw_final records,HK-ST-15,1.1994497229467918,0,0,22.0,FAIL,True,data/submission/raw_final.csv,False,372.6021977995988
Hong Kong,HK-ST-15,historical,12.0,0-29,30,30,True,True,True,72a8163ddbeaefdb5f41800cb72fa02afe6a199114b6d44da2a0b551a0319fd6,frozen run_specs plus configuration-labelled raw_final records,HK-ST-15,1.1994497229467918,0,0,11.0,FAIL,True,data/submission/raw_final.csv,False,469.4153447004501
Hong Kong,HK-ST-15,historical,15.0,0-29,30,30,True,True,True,72a8163ddbeaefdb5f41800cb72fa02afe6a199114b6d44da2a0b551a0319fd6,frozen run_specs plus configuration-labelled raw_final records,HK-ST-15,1.1994497229467918,0,0,5.0,FAIL,True,data/submission/raw_final.csv,False,1288.6943896997254
Hong Kong,HK-ST-15,historical,18.0,0-29,30,30,True,True,True,72a8163ddbeaefdb5f41800cb72fa02afe6a199114b6d44da2a0b551a0319fd6,frozen run_specs plus configuration-labelled raw_final records,HK-ST-15,1.1994497229467918,0,0,2.0,FAIL,True,data/submission/raw_final.csv,False,2471.640837399522
Hong Kong,HK-ST-15,historical,20.0,0-29,30,30,True,True,True,72a8163ddbeaefdb5f41800cb72fa02afe6a199114b6d44da2a0b551a0319fd6,frozen run_specs plus configuration-labelled raw_final records,HK-ST-15,1.1994497229467918,0,0,4.0,FAIL,True,data/submission/raw_final.csv,False,2100.1726169995964
Hong Kong,HK-ST-16,historical,0.0,0-29,30,30,True,True,False,,no preserved run_spec,HK-ST-16,,0,0,,MISSING_CONFIGURATION_PROOF,False,data/submission/raw_final.csv,False,841.1907255994156
Hong Kong,HK-ST-16,nearest-safe-anchor-v1,0.0,0-29,30,30,True,True,True,8276ec193a2366cd1b84473465d4e405951ba66f4b1ee44c0ac16b12181359d0,frozen run_specs plus configuration-labelled raw_final records,HK-ST-16,1.2576415173289837,0,0,30.0,PASS,True,data/submission/raw_final.csv,False,74.60900000017136
Hong Kong,HK-ST-16,nearest-safe-anchor-v1,1.0,0-29,30,30,True,True,True,8276ec193a2366cd1b84473465d4e405951ba66f4b1ee44c0ac16b12181359d0,frozen run_specs plus configuration-labelled raw_final records,HK-ST-16,1.2576415173289837,0,0,30.0,PASS,True,data/submission/raw_final.csv,False,64.5160000002943
Hong Kong,HK-ST-16,nearest-safe-anchor-v1,2.0,0-29,30,30,True,True,True,8276ec193a2366cd1b84473465d4e405951ba66f4b1ee44c0ac16b12181359d0,frozen run_specs plus configuration-labelled raw_final records,HK-ST-16,1.2576415173289837,0,0,30.0,PASS,True,data/submission/raw_final.csv,False,73.25099999969825
Hong Kong,HK-ST-16,nearest-safe-anchor-v1,3.0,0-29,30,30,True,True,True,8276ec193a2366cd1b84473465d4e405951ba66f4b1ee44c0ac16b12181359d0,frozen run_specs plus configuration-labelled raw_final records,HK-ST-16,1.2576415173289837,0,0,30.0,PASS,True,data/submission/raw_final.csv,False,88.03200000035577
Hong Kong,HK-ST-16,nearest-safe-anchor-v1,4.0,0-29,30,30,True,True,True,8276ec193a2366cd1b84473465d4e405951ba66f4b1ee44c0ac16b12181359d0,frozen run_specs plus configuration-labelled raw_final records,HK-ST-16,1.2576415173289837,0,0,30.0,PASS,True,data/submission/raw_final.csv,False,84.0949999988079
Hong Kong,HK-ST-16,nearest-safe-anchor-v1,5.0,0-29,30,30,True,True,True,8276ec193a2366cd1b84473465d4e405951ba66f4b1ee44c0ac16b12181359d0,frozen run_specs plus configuration-labelled raw_final records,HK-ST-16,1.2576415173289837,0,0,30.0,PASS,True,data/submission/raw_final.csv,False,102.5260000017006
Hong Kong,HK-ST-16,nearest-safe-anchor-v1,6.0,0-29,30,30,True,True,True,8276ec193a2366cd1b84473465d4e405951ba66f4b1ee44c0ac16b12181359d0,frozen run_specs plus configuration-labelled raw_final records,HK-ST-16,1.2576415173289837,0,0,30.0,PASS,True,data/submission/raw_final.csv,False,94.93900000071152
Hong Kong,HK-ST-16,nearest-safe-anchor-v1,8.0,0-29,30,30,True,True,True,8276ec193a2366cd1b84473465d4e405951ba66f4b1ee44c0ac16b12181359d0,frozen run_specs plus configuration-labelled raw_final records,HK-ST-16,1.2576415173289837,0,0,30.0,PASS,True,data/submission/raw_final.csv,False,101.99999999976716
Hong Kong,HK-ST-16,nearest-safe-anchor-v1,10.0,0-29,30,30,True,True,True,8276ec193a2366cd1b84473465d4e405951ba66f4b1ee44c0ac16b12181359d0,frozen run_specs plus configuration-labelled raw_final records,HK-ST-16,1.2576415173289837,0,0,30.0,PASS,True,data/submission/raw_final.csv,False,106.18600000068544
Hong Kong,HK-ST-16,nearest-safe-anchor-v1,12.0,0-29,30,30,True,True,True,8276ec193a2366cd1b84473465d4e405951ba66f4b1ee44c0ac16b12181359d0,frozen run_specs plus configuration-labelled raw_final records,HK-ST-16,1.2576415173289837,0,0,23.0,FAIL,True,data/submission/raw_final.csv,False,101.2320000003092
Hong Kong,HK-ST-16,nearest-safe-anchor-v1,15.0,0-29,30,30,True,True,True,8276ec193a2366cd1b84473465d4e405951ba66f4b1ee44c0ac16b12181359d0,frozen run_specs plus configuration-labelled raw_final records,HK-ST-16,1.2576415173289837,0,0,2.0,FAIL,True,data/submission/raw_final.csv,False,114.7340000004042
Hong Kong,HK-ST-16,nearest-safe-anchor-v1,18.0,0-29,30,30,True,True,True,8276ec193a2366cd1b84473465d4e405951ba66f4b1ee44c0ac16b12181359d0,frozen run_specs plus configuration-labelled raw_final records,HK-ST-16,1.2576415173289837,0,0,0.0,FAIL,True,data/submission/raw_final.csv,False,122.3130000003148
Hong Kong,HK-ST-16,nearest-safe-anchor-v1,20.0,0-29,30,30,True,True,True,8276ec193a2366cd1b84473465d4e405951ba66f4b1ee44c0ac16b12181359d0,frozen run_specs plus configuration-labelled raw_final records,HK-ST-16,1.2576415173289837,0,0,0.0,FAIL,True,data/submission/raw_final.csv,False,204.4219999997877
Hong Kong,HK-ST-18,historical,0.0,0-29,30,30,True,True,True,fca675fa045a3d84dfbefddf5c9be81689bc480a0b261bed80b880ba8e4253d9,frozen run_specs plus configuration-labelled raw_final records,HK-ST-18,1.319375870073326,0,0,30.0,PASS,True,data/submission/raw_final.csv,False,69.63850279944018
Hong Kong,HK-ST-18,historical,1.0,0-29,30,30,True,True,True,fca675fa045a3d84dfbefddf5c9be81689bc480a0b261bed80b880ba8e4253d9,frozen run_specs plus configuration-labelled raw_final records,HK-ST-18,1.319375870073326,0,0,30.0,PASS,True,data/submission/raw_final.csv,False,65.52414699993096
Hong Kong,HK-ST-18,historical,2.0,0-29,30,30,True,True,True,fca675fa045a3d84dfbefddf5c9be81689bc480a0b261bed80b880ba8e4253d9,frozen run_specs plus configuration-labelled raw_final records,HK-ST-18,1.319375870073326,0,0,30.0,PASS,True,data/submission/raw_final.csv,False,76.33917989977635
Hong Kong,HK-ST-18,historical,3.0,0-29,30,30,True,True,True,fca675fa045a3d84dfbefddf5c9be81689bc480a0b261bed80b880ba8e4253d9,frozen run_specs plus configuration-labelled raw_final records,HK-ST-18,1.319375870073326,0,0,30.0,PASS,True,data/submission/raw_final.csv,False,79.578178900294
Hong Kong,HK-ST-18,historical,4.0,0-29,30,30,True,True,True,fca675fa045a3d84dfbefddf5c9be81689bc480a0b261bed80b880ba8e4253d9,frozen run_specs plus configuration-labelled raw_final records,HK-ST-18,1.319375870073326,0,0,30.0,PASS,True,data/submission/raw_final.csv,False,85.63234690087847
Hong Kong,HK-ST-18,historical,5.0,0-29,30,30,True,True,True,fca675fa045a3d84dfbefddf5c9be81689bc480a0b261bed80b880ba8e4253d9,frozen run_specs plus configuration-labelled raw_final records,HK-ST-18,1.319375870073326,0,0,30.0,PASS,True,data/submission/raw_final.csv,False,88.60949250101112
Hong Kong,HK-ST-18,historical,6.0,0-29,30,30,True,True,True,fca675fa045a3d84dfbefddf5c9be81689bc480a0b261bed80b880ba8e4253d9,frozen run_specs plus configuration-labelled raw_final records,HK-ST-18,1.319375870073326,0,0,30.0,PASS,True,data/submission/raw_final.csv,False,98.18614349910058
Hong Kong,HK-ST-18,historical,8.0,0-29,30,30,True,True,True,fca675fa045a3d84dfbefddf5c9be81689bc480a0b261bed80b880ba8e4253d9,frozen run_specs plus configuration-labelled raw_final records,HK-ST-18,1.319375870073326,0,0,30.0,PASS,True,data/submission/raw_final.csv,False,103.42376980069092
Hong Kong,HK-ST-18,historical,9.0,0-29,30,30,True,True,True,fca675fa045a3d84dfbefddf5c9be81689bc480a0b261bed80b880ba8e4253d9,frozen run_specs plus configuration-labelled raw_final records,HK-ST-18,1.319375870073326,0,0,30.0,PASS,True,data/submission/raw_final.csv,False,90.0822014999576
Hong Kong,HK-ST-18,historical,10.0,0-29,30,30,True,True,True,fca675fa045a3d84dfbefddf5c9be81689bc480a0b261bed80b880ba8e4253d9,frozen run_specs plus configuration-labelled raw_final records,HK-ST-18,1.319375870073326,0,0,30.0,PASS,True,data/submission/raw_final.csv,False,118.90336989983916
Hong Kong,HK-ST-18,historical,12.0,0-29,30,30,True,True,True,fca675fa045a3d84dfbefddf5c9be81689bc480a0b261bed80b880ba8e4253d9,frozen run_specs plus configuration-labelled raw_final records,HK-ST-18,1.319375870073326,0,0,30.0,PASS,True,data/submission/raw_final.csv,False,120.91434349981137
Hong Kong,HK-ST-18,historical,13.0,0-29,30,30,True,True,True,fca675fa045a3d84dfbefddf5c9be81689bc480a0b261bed80b880ba8e4253d9,frozen run_specs plus configuration-labelled raw_final records,HK-ST-18,1.319375870073326,0,0,29.0,PASS,True,data/submission/raw_final.csv,False,89.45299999974668
Hong Kong,HK-ST-18,historical,15.0,0-29,30,30,True,True,True,fca675fa045a3d84dfbefddf5c9be81689bc480a0b261bed80b880ba8e4253d9,frozen run_specs plus configuration-labelled raw_final records,HK-ST-18,1.319375870073326,0,0,27.0,FAIL,True,data/submission/raw_final.csv,False,139.90500160027295
Hong Kong,HK-ST-18,historical,18.0,0-29,30,30,True,True,True,fca675fa045a3d84dfbefddf5c9be81689bc480a0b261bed80b880ba8e4253d9,frozen run_specs plus configuration-labelled raw_final records,HK-ST-18,1.319375870073326,0,0,24.0,FAIL,True,data/submission/raw_final.csv,False,159.70400049933232
Hong Kong,HK-ST-18,historical,20.0,0-29,30,30,True,True,True,fca675fa045a3d84dfbefddf5c9be81689bc480a0b261bed80b880ba8e4253d9,frozen run_specs plus configuration-labelled raw_final records,HK-ST-18,1.319375870073326,0,0,19.0,FAIL,True,data/submission/raw_final.csv,False,175.17810530005954
Hong Kong,HK-ST-19,historical,0.0,0-29,30,30,True,True,False,,no preserved run_spec,HK-ST-19,,0,0,,MISSING_CONFIGURATION_PROOF,False,data/submission/raw_final.csv,False,541.0264961000066
Hong Kong,HK-ST-19,nearest-safe-anchor-v1,0.0,0-29,30,30,True,True,True,4eb77c199db3d8338b3e6a1cef9ba02d1ebf0f738763a8a329298034136fcebf,frozen run_specs plus configuration-labelled raw_final records,HK-ST-19,1.300859771809912,0,0,30.0,PASS,True,data/submission/raw_final.csv,False,95.1120000006631
Hong Kong,HK-ST-19,nearest-safe-anchor-v1,1.0,0-29,30,30,True,True,True,4eb77c199db3d8338b3e6a1cef9ba02d1ebf0f738763a8a329298034136fcebf,frozen run_specs plus configuration-labelled raw_final records,HK-ST-19,1.300859771809912,0,0,30.0,PASS,True,data/submission/raw_final.csv,False,86.73399999993853
Hong Kong,HK-ST-19,nearest-safe-anchor-v1,2.0,0-29,30,30,True,True,True,4eb77c199db3d8338b3e6a1cef9ba02d1ebf0f738763a8a329298034136fcebf,frozen run_specs plus configuration-labelled raw_final records,HK-ST-19,1.300859771809912,0,0,30.0,PASS,True,data/submission/raw_final.csv,False,89.32999999984168
Hong Kong,HK-ST-19,nearest-safe-anchor-v1,3.0,0-29,30,30,True,True,True,4eb77c199db3d8338b3e6a1cef9ba02d1ebf0f738763a8a329298034136fcebf,frozen run_specs plus configuration-labelled raw_final records,HK-ST-19,1.300859771809912,0,0,30.0,PASS,True,data/submission/raw_final.csv,False,97.70499999984168
Hong Kong,HK-ST-19,nearest-safe-anchor-v1,4.0,0-29,30,30,True,True,True,4eb77c199db3d8338b3e6a1cef9ba02d1ebf0f738763a8a329298034136fcebf,frozen run_specs plus configuration-labelled raw_final records,HK-ST-19,1.300859771809912,0,0,30.0,PASS,True,data/submission/raw_final.csv,False,105.454999999376
Hong Kong,HK-ST-19,nearest-safe-anchor-v1,5.0,0-29,30,30,True,True,True,4eb77c199db3d8338b3e6a1cef9ba02d1ebf0f738763a8a329298034136fcebf,frozen run_specs plus configuration-labelled raw_final records,HK-ST-19,1.300859771809912,0,0,30.0,PASS,True,data/submission/raw_final.csv,False,120.27200000011362
Hong Kong,HK-ST-19,nearest-safe-anchor-v1,6.0,0-29,30,30,True,True,True,4eb77c199db3d8338b3e6a1cef9ba02d1ebf0f738763a8a329298034136fcebf,frozen run_specs plus configuration-labelled raw_final records,HK-ST-19,1.300859771809912,0,0,30.0,PASS,True,data/submission/raw_final.csv,False,125.90699999872596
Hong Kong,HK-ST-19,nearest-safe-anchor-v1,8.0,0-29,30,30,True,True,True,4eb77c199db3d8338b3e6a1cef9ba02d1ebf0f738763a8a329298034136fcebf,frozen run_specs plus configuration-labelled raw_final records,HK-ST-19,1.300859771809912,0,0,30.0,PASS,True,data/submission/raw_final.csv,False,136.91700000013225
Hong Kong,HK-ST-19,nearest-safe-anchor-v1,10.0,0-29,30,30,True,True,True,4eb77c199db3d8338b3e6a1cef9ba02d1ebf0f738763a8a329298034136fcebf,frozen run_specs plus configuration-labelled raw_final records,HK-ST-19,1.300859771809912,0,0,30.0,PASS,True,data/submission/raw_final.csv,False,130.06599999964237
Hong Kong,HK-ST-19,nearest-safe-anchor-v1,12.0,0-29,30,30,True,True,True,4eb77c199db3d8338b3e6a1cef9ba02d1ebf0f738763a8a329298034136fcebf,frozen run_specs plus configuration-labelled raw_final records,HK-ST-19,1.300859771809912,0,0,30.0,PASS,True,data/submission/raw_final.csv,False,134.32900000014342
Hong Kong,HK-ST-19,nearest-safe-anchor-v1,15.0,0-29,30,30,True,True,True,4eb77c199db3d8338b3e6a1cef9ba02d1ebf0f738763a8a329298034136fcebf,frozen run_specs plus configuration-labelled raw_final records,HK-ST-19,1.300859771809912,0,0,25.0,FAIL,True,data/submission/raw_final.csv,False,148.98799999943003
Hong Kong,HK-ST-19,nearest-safe-anchor-v1,18.0,0-29,30,30,True,True,True,4eb77c199db3d8338b3e6a1cef9ba02d1ebf0f738763a8a329298034136fcebf,frozen run_specs plus configuration-labelled raw_final records,HK-ST-19,1.300859771809912,0,0,14.0,FAIL,True,data/submission/raw_final.csv,False,154.2210000003688
Hong Kong,HK-ST-19,nearest-safe-anchor-v1,20.0,0-29,30,30,True,True,True,4eb77c199db3d8338b3e6a1cef9ba02d1ebf0f738763a8a329298034136fcebf,frozen run_specs plus configuration-labelled raw_final records,HK-ST-19,1.300859771809912,0,0,3.0,FAIL,True,data/submission/raw_final.csv,False,165.63800000050105
Hong Kong,HK-ST-21,historical,0.0,0-29,30,30,True,True,True,9a6b97c885f3b025ebe6cff5b47d874af35e61c625ef937d36250c519d57735f,frozen run_specs plus configuration-labelled raw_final records,HK-ST-21,1.2642656035656437,0,0,30.0,PASS,True,data/submission/raw_final.csv,False,182.5564731999766
Hong Kong,HK-ST-21,historical,1.0,0-29,30,30,True,True,True,9a6b97c885f3b025ebe6cff5b47d874af35e61c625ef937d36250c519d57735f,frozen run_specs plus configuration-labelled raw_final records,HK-ST-21,1.2642656035656437,0,0,30.0,PASS,True,data/submission/raw_final.csv,False,180.46290840022263
Hong Kong,HK-ST-21,historical,2.0,0-29,30,30,True,True,True,9a6b97c885f3b025ebe6cff5b47d874af35e61c625ef937d36250c519d57735f,frozen run_specs plus configuration-labelled raw_final records,HK-ST-21,1.2642656035656437,0,0,30.0,PASS,True,data/submission/raw_final.csv,False,195.3013633005321
Hong Kong,HK-ST-21,historical,3.0,0-29,30,30,True,True,True,9a6b97c885f3b025ebe6cff5b47d874af35e61c625ef937d36250c519d57735f,frozen run_specs plus configuration-labelled raw_final records,HK-ST-21,1.2642656035656437,0,0,30.0,PASS,True,data/submission/raw_final.csv,False,202.97071499936283
Hong Kong,HK-ST-21,historical,4.0,0-29,30,30,True,True,True,9a6b97c885f3b025ebe6cff5b47d874af35e61c625ef937d36250c519d57735f,frozen run_specs plus configuration-labelled raw_final records,HK-ST-21,1.2642656035656437,0,0,30.0,PASS,True,data/submission/raw_final.csv,False,208.8573055996094
Hong Kong,HK-ST-21,historical,5.0,0-29,30,30,True,True,True,9a6b97c885f3b025ebe6cff5b47d874af35e61c625ef937d36250c519d57735f,frozen run_specs plus configuration-labelled raw_final records,HK-ST-21,1.2642656035656437,0,0,30.0,PASS,True,data/submission/raw_final.csv,False,222.6626530005597
Hong Kong,HK-ST-21,historical,6.0,0-29,30,30,True,True,True,9a6b97c885f3b025ebe6cff5b47d874af35e61c625ef937d36250c519d57735f,frozen run_specs plus configuration-labelled raw_final records,HK-ST-21,1.2642656035656437,0,0,30.0,PASS,True,data/submission/raw_final.csv,False,223.3073278006632
Hong Kong,HK-ST-21,historical,8.0,0-29,30,30,True,True,True,9a6b97c885f3b025ebe6cff5b47d874af35e61c625ef937d36250c519d57735f,frozen run_specs plus configuration-labelled raw_final records,HK-ST-21,1.2642656035656437,0,0,30.0,PASS,True,data/submission/raw_final.csv,False,236.72290260042064
Hong Kong,HK-ST-21,historical,10.0,0-29,30,30,True,True,True,9a6b97c885f3b025ebe6cff5b47d874af35e61c625ef937d36250c519d57735f,frozen run_specs plus configuration-labelled raw_final records,HK-ST-21,1.2642656035656437,0,0,30.0,PASS,True,data/submission/raw_final.csv,False,250.7292651014868
Hong Kong,HK-ST-21,historical,12.0,0-29,30,30,True,True,True,9a6b97c885f3b025ebe6cff5b47d874af35e61c625ef937d36250c519d57735f,frozen run_specs plus configuration-labelled raw_final records,HK-ST-21,1.2642656035656437,0,0,29.0,PASS,True,data/submission/raw_final.csv,False,266.01790439873
Hong Kong,HK-ST-21,historical,15.0,0-29,30,30,True,True,True,9a6b97c885f3b025ebe6cff5b47d874af35e61c625ef937d36250c519d57735f,frozen run_specs plus configuration-labelled raw_final records,HK-ST-21,1.2642656035656437,0,0,24.0,FAIL,True,data/submission/raw_final.csv,False,294.354602400912
Hong Kong,HK-ST-21,historical,18.0,0-29,30,30,True,True,True,9a6b97c885f3b025ebe6cff5b47d874af35e61c625ef937d36250c519d57735f,frozen run_specs plus configuration-labelled raw_final records,HK-ST-21,1.2642656035656437,0,0,10.0,FAIL,True,data/submission/raw_final.csv,False,346.32104329997674
Hong Kong,HK-ST-21,historical,20.0,0-29,30,30,True,True,True,9a6b97c885f3b025ebe6cff5b47d874af35e61c625ef937d36250c519d57735f,frozen run_specs plus configuration-labelled raw_final records,HK-ST-21,1.2642656035656437,0,0,3.0,FAIL,True,data/submission/raw_final.csv,False,537.1734827007167
Hong Kong,HK-ST-22,historical,0.0,0-29,30,30,True,True,False,,no preserved run_spec,HK-ST-22,,0,0,,MISSING_CONFIGURATION_PROOF,False,data/submission/raw_final.csv,False,791.0168392998166
Hong Kong,HK-ST-22,nearest-safe-anchor-v1,0.0,0-29,30,30,True,True,True,4eb4adba96bcb1feccb17827b40c76e7e295fe90f926821f5feb3cb45906ee4a,frozen run_specs plus configuration-labelled raw_final records,HK-ST-22,1.188782251199283,0,0,30.0,PASS,True,data/submission/raw_final.csv,False,148.37600000109524
Hong Kong,HK-ST-22,nearest-safe-anchor-v1,1.0,0-29,30,30,True,True,True,4eb4adba96bcb1feccb17827b40c76e7e295fe90f926821f5feb3cb45906ee4a,frozen run_specs plus configuration-labelled raw_final records,HK-ST-22,1.188782251199283,0,0,30.0,PASS,True,data/submission/raw_final.csv,False,141.7079999994021
Hong Kong,HK-ST-22,nearest-safe-anchor-v1,2.0,0-29,30,30,True,True,True,4eb4adba96bcb1feccb17827b40c76e7e295fe90f926821f5feb3cb45906ee4a,frozen run_specs plus configuration-labelled raw_final records,HK-ST-22,1.188782251199283,0,0,30.0,PASS,True,data/submission/raw_final.csv,False,157.5130000000354
Hong Kong,HK-ST-22,nearest-safe-anchor-v1,3.0,0-29,30,30,True,True,True,4eb4adba96bcb1feccb17827b40c76e7e295fe90f926821f5feb3cb45906ee4a,frozen run_specs plus configuration-labelled raw_final records,HK-ST-22,1.188782251199283,0,0,30.0,PASS,True,data/submission/raw_final.csv,False,162.8629999991972
Hong Kong,HK-ST-22,nearest-safe-anchor-v1,4.0,0-29,30,30,True,True,True,4eb4adba96bcb1feccb17827b40c76e7e295fe90f926821f5feb3cb45906ee4a,frozen run_specs plus configuration-labelled raw_final records,HK-ST-22,1.188782251199283,0,0,30.0,PASS,True,data/submission/raw_final.csv,False,161.17199999978766
Hong Kong,HK-ST-22,nearest-safe-anchor-v1,5.0,0-29,30,30,True,True,True,4eb4adba96bcb1feccb17827b40c76e7e295fe90f926821f5feb3cb45906ee4a,frozen run_specs plus configuration-labelled raw_final records,HK-ST-22,1.188782251199283,0,0,30.0,PASS,True,data/submission/raw_final.csv,False,167.00099999993108
Hong Kong,HK-ST-22,nearest-safe-anchor-v1,6.0,0-29,30,30,True,True,True,4eb4adba96bcb1feccb17827b40c76e7e295fe90f926821f5feb3cb45906ee4a,frozen run_specs plus configuration-labelled raw_final records,HK-ST-22,1.188782251199283,0,0,30.0,PASS,True,data/submission/raw_final.csv,False,180.5800000003073
Hong Kong,HK-ST-22,nearest-safe-anchor-v1,8.0,0-29,30,30,True,True,True,4eb4adba96bcb1feccb17827b40c76e7e295fe90f926821f5feb3cb45906ee4a,frozen run_specs plus configuration-labelled raw_final records,HK-ST-22,1.188782251199283,0,0,30.0,PASS,True,data/submission/raw_final.csv,False,194.6260000008624
Hong Kong,HK-ST-22,nearest-safe-anchor-v1,10.0,0-29,30,30,True,True,True,4eb4adba96bcb1feccb17827b40c76e7e295fe90f926821f5feb3cb45906ee4a,frozen run_specs plus configuration-labelled raw_final records,HK-ST-22,1.188782251199283,0,0,29.0,PASS,True,data/submission/raw_final.csv,False,212.2510000001639
Hong Kong,HK-ST-22,nearest-safe-anchor-v1,12.0,0-29,30,30,True,True,True,4eb4adba96bcb1feccb17827b40c76e7e295fe90f926821f5feb3cb45906ee4a,frozen run_specs plus configuration-labelled raw_final records,HK-ST-22,1.188782251199283,0,0,29.0,PASS,True,data/submission/raw_final.csv,False,219.9209999993909
Hong Kong,HK-ST-22,nearest-safe-anchor-v1,15.0,0-29,30,30,True,True,True,4eb4adba96bcb1feccb17827b40c76e7e295fe90f926821f5feb3cb45906ee4a,frozen run_specs plus configuration-labelled raw_final records,HK-ST-22,1.188782251199283,0,0,16.0,FAIL,True,data/submission/raw_final.csv,False,248.25099999993108
Hong Kong,HK-ST-22,nearest-safe-anchor-v1,18.0,0-29,30,30,True,True,True,4eb4adba96bcb1feccb17827b40c76e7e295fe90f926821f5feb3cb45906ee4a,frozen run_specs plus configuration-labelled raw_final records,HK-ST-22,1.188782251199283,0,0,2.0,FAIL,True,data/submission/raw_final.csv,False,294.67299999971874
Hong Kong,HK-ST-22,nearest-safe-anchor-v1,20.0,0-29,30,30,True,True,True,4eb4adba96bcb1feccb17827b40c76e7e295fe90f926821f5feb3cb45906ee4a,frozen run_specs plus configuration-labelled raw_final records,HK-ST-22,1.188782251199283,0,0,0.0,FAIL,True,data/submission/raw_final.csv,False,373.5150000005961
Hong Kong,HK-ST-24,historical,0.0,0-29,30,30,True,True,False,,no preserved run_spec,HK-ST-24,,0,0,,MISSING_CONFIGURATION_PROOF,False,data/submission/raw_final.csv,False,820.8488836011384
Hong Kong,HK-ST-24,nearest-safe-anchor-v1,0.0,0-29,30,30,True,True,True,1ba450955a07f75b6e59f79be6239b8dc4443f7b7993f95c49f53993ee9b61fd,frozen run_specs plus configuration-labelled raw_final records,HK-ST-24,1.3366013347453776,0,0,30.0,PASS,True,data/submission/raw_final.csv,False,41.46799999941141
Hong Kong,HK-ST-24,nearest-safe-anchor-v1,1.0,0-29,30,30,True,True,True,1ba450955a07f75b6e59f79be6239b8dc4443f7b7993f95c49f53993ee9b61fd,frozen run_specs plus configuration-labelled raw_final records,HK-ST-24,1.3366013347453776,0,0,30.0,PASS,True,data/submission/raw_final.csv,False,42.4739999989979
Hong Kong,HK-ST-24,nearest-safe-anchor-v1,2.0,0-29,30,30,True,True,True,1ba450955a07f75b6e59f79be6239b8dc4443f7b7993f95c49f53993ee9b61fd,frozen run_specs plus configuration-labelled raw_final records,HK-ST-24,1.3366013347453776,0,0,30.0,PASS,True,data/submission/raw_final.csv,False,47.60500000021421
Hong Kong,HK-ST-24,nearest-safe-anchor-v1,3.0,0-29,30,30,True,True,True,1ba450955a07f75b6e59f79be6239b8dc4443f7b7993f95c49f53993ee9b61fd,frozen run_specs plus configuration-labelled raw_final records,HK-ST-24,1.3366013347453776,0,0,30.0,PASS,True,data/submission/raw_final.csv,False,50.5769999998156
Hong Kong,HK-ST-24,nearest-safe-anchor-v1,4.0,0-29,30,30,True,True,True,1ba450955a07f75b6e59f79be6239b8dc4443f7b7993f95c49f53993ee9b61fd,frozen run_specs plus configuration-labelled raw_final records,HK-ST-24,1.3366013347453776,0,0,30.0,PASS,True,data/submission/raw_final.csv,False,55.31300000101328
Hong Kong,HK-ST-24,nearest-safe-anchor-v1,5.0,0-29,30,30,True,True,True,1ba450955a07f75b6e59f79be6239b8dc4443f7b7993f95c49f53993ee9b61fd,frozen run_specs plus configuration-labelled raw_final records,HK-ST-24,1.3366013347453776,0,0,30.0,PASS,True,data/submission/raw_final.csv,False,63.22399999969639
Hong Kong,HK-ST-24,nearest-safe-anchor-v1,6.0,0-29,30,30,True,True,True,1ba450955a07f75b6e59f79be6239b8dc4443f7b7993f95c49f53993ee9b61fd,frozen run_specs plus configuration-labelled raw_final records,HK-ST-24,1.3366013347453776,0,0,30.0,PASS,True,data/submission/raw_final.csv,False,65.26599999982864
Hong Kong,HK-ST-24,nearest-safe-anchor-v1,8.0,0-29,30,30,True,True,True,1ba450955a07f75b6e59f79be6239b8dc4443f7b7993f95c49f53993ee9b61fd,frozen run_specs plus configuration-labelled raw_final records,HK-ST-24,1.3366013347453776,0,0,30.0,PASS,True,data/submission/raw_final.csv,False,66.99699999950826
Hong Kong,HK-ST-24,nearest-safe-anchor-v1,10.0,0-29,30,30,True,True,True,1ba450955a07f75b6e59f79be6239b8dc4443f7b7993f95c49f53993ee9b61fd,frozen run_specs plus configuration-labelled raw_final records,HK-ST-24,1.3366013347453776,0,0,30.0,PASS,True,data/submission/raw_final.csv,False,72.50499999942258
Hong Kong,HK-ST-24,nearest-safe-anchor-v1,12.0,0-29,30,30,True,True,True,1ba450955a07f75b6e59f79be6239b8dc4443f7b7993f95c49f53993ee9b61fd,frozen run_specs plus configuration-labelled raw_final records,HK-ST-24,1.3366013347453776,0,0,30.0,PASS,True,data/submission/raw_final.csv,False,70.03000000026077
Hong Kong,HK-ST-24,nearest-safe-anchor-v1,13.0,0-29,30,30,True,True,True,1ba450955a07f75b6e59f79be6239b8dc4443f7b7993f95c49f53993ee9b61fd,frozen run_specs plus configuration-labelled raw_final records,HK-ST-24,1.3366013347453776,0,0,30.0,PASS,True,data/submission/raw_final.csv,False,74.71899999841116
Hong Kong,HK-ST-24,nearest-safe-anchor-v1,15.0,0-29,30,30,True,True,True,1ba450955a07f75b6e59f79be6239b8dc4443f7b7993f95c49f53993ee9b61fd,frozen run_specs plus configuration-labelled raw_final records,HK-ST-24,1.3366013347453776,0,0,30.0,PASS,True,data/submission/raw_final.csv,False,77.5159999995958
Hong Kong,HK-ST-24,nearest-safe-anchor-v1,16.0,0-29,30,30,True,True,True,1ba450955a07f75b6e59f79be6239b8dc4443f7b7993f95c49f53993ee9b61fd,frozen run_specs plus configuration-labelled raw_final records,HK-ST-24,1.3366013347453776,0,0,30.0,PASS,True,data/submission/raw_final.csv,False,83.20299999951385
Hong Kong,HK-ST-24,nearest-safe-anchor-v1,18.0,0-29,30,30,True,True,True,1ba450955a07f75b6e59f79be6239b8dc4443f7b7993f95c49f53993ee9b61fd,frozen run_specs plus configuration-labelled raw_final records,HK-ST-24,1.3366013347453776,0,0,30.0,PASS,True,data/submission/raw_final.csv,False,92.01300000026822
Hong Kong,HK-ST-24,nearest-safe-anchor-v1,20.0,0-29,30,30,True,True,True,1ba450955a07f75b6e59f79be6239b8dc4443f7b7993f95c49f53993ee9b61fd,frozen run_specs plus configuration-labelled raw_final records,HK-ST-24,1.3366013347453776,0,0,29.0,PASS,True,data/submission/raw_final.csv,False,90.67200000071898
Hong Kong,HK-ST-25,historical,0.0,0-29,30,30,True,True,True,ec443349c1b1ddfd80dab5d9720f458f45298a5290769632831ca065d210dc0e,frozen run_specs plus configuration-labelled raw_final records,HK-ST-25,1.1795007958649506,0,0,30.0,PASS,True,data/submission/raw_final.csv,False,319.5325691998005
Hong Kong,HK-ST-25,historical,1.0,0-29,30,30,True,True,True,ec443349c1b1ddfd80dab5d9720f458f45298a5290769632831ca065d210dc0e,frozen run_specs plus configuration-labelled raw_final records,HK-ST-25,1.1795007958649506,0,0,30.0,PASS,True,data/submission/raw_final.csv,False,324.4394892998971
Hong Kong,HK-ST-25,historical,2.0,0-29,30,30,True,True,True,ec443349c1b1ddfd80dab5d9720f458f45298a5290769632831ca065d210dc0e,frozen run_specs plus configuration-labelled raw_final records,HK-ST-25,1.1795007958649506,0,0,30.0,PASS,True,data/submission/raw_final.csv,False,339.32947860029526
Hong Kong,HK-ST-25,historical,3.0,0-29,30,30,True,True,True,ec443349c1b1ddfd80dab5d9720f458f45298a5290769632831ca065d210dc0e,frozen run_specs plus configuration-labelled raw_final records,HK-ST-25,1.1795007958649506,0,0,29.0,PASS,True,data/submission/raw_final.csv,False,350.93108690110967
Hong Kong,HK-ST-25,historical,4.0,0-29,30,30,True,True,True,ec443349c1b1ddfd80dab5d9720f458f45298a5290769632831ca065d210dc0e,frozen run_specs plus configuration-labelled raw_final records,HK-ST-25,1.1795007958649506,0,0,29.0,PASS,True,data/submission/raw_final.csv,False,369.69086429895833
Hong Kong,HK-ST-25,historical,5.0,0-29,30,30,True,True,True,ec443349c1b1ddfd80dab5d9720f458f45298a5290769632831ca065d210dc0e,frozen run_specs plus configuration-labelled raw_final records,HK-ST-25,1.1795007958649506,0,0,29.0,PASS,True,data/submission/raw_final.csv,False,381.1284261003602
Hong Kong,HK-ST-25,historical,6.0,0-29,30,30,True,True,True,ec443349c1b1ddfd80dab5d9720f458f45298a5290769632831ca065d210dc0e,frozen run_specs plus configuration-labelled raw_final records,HK-ST-25,1.1795007958649506,0,0,29.0,PASS,True,data/submission/raw_final.csv,False,395.34121930017136
Hong Kong,HK-ST-25,historical,8.0,0-29,30,30,True,True,True,ec443349c1b1ddfd80dab5d9720f458f45298a5290769632831ca065d210dc0e,frozen run_specs plus configuration-labelled raw_final records,HK-ST-25,1.1795007958649506,0,0,11.0,FAIL,True,data/submission/raw_final.csv,False,440.1771891999524
Hong Kong,HK-ST-25,historical,10.0,0-29,30,30,True,True,True,ec443349c1b1ddfd80dab5d9720f458f45298a5290769632831ca065d210dc0e,frozen run_specs plus configuration-labelled raw_final records,HK-ST-25,1.1795007958649506,0,0,0.0,FAIL,True,data/submission/raw_final.csv,False,533.8967027007602
Hong Kong,HK-ST-25,historical,12.0,0-29,30,30,True,True,True,ec443349c1b1ddfd80dab5d9720f458f45298a5290769632831ca065d210dc0e,frozen run_specs plus configuration-labelled raw_final records,HK-ST-25,1.1795007958649506,0,0,0.0,FAIL,True,data/submission/raw_final.csv,False,649.5707660000771
Hong Kong,HK-ST-25,historical,15.0,0-29,30,30,True,True,True,ec443349c1b1ddfd80dab5d9720f458f45298a5290769632831ca065d210dc0e,frozen run_specs plus configuration-labelled raw_final records,HK-ST-25,1.1795007958649506,0,0,0.0,FAIL,True,data/submission/raw_final.csv,False,948.199901299784
Hong Kong,HK-ST-25,historical,18.0,0-29,30,30,True,True,True,ec443349c1b1ddfd80dab5d9720f458f45298a5290769632831ca065d210dc0e,frozen run_specs plus configuration-labelled raw_final records,HK-ST-25,1.1795007958649506,0,0,0.0,FAIL,True,data/submission/raw_final.csv,False,1254.2277658001983
Hong Kong,HK-ST-25,historical,20.0,0-29,30,30,True,True,True,ec443349c1b1ddfd80dab5d9720f458f45298a5290769632831ca065d210dc0e,frozen run_specs plus configuration-labelled raw_final records,HK-ST-25,1.1795007958649506,0,0,0.0,FAIL,True,data/submission/raw_final.csv,False,1083.4337231002282
Hong Kong,HK-ST-27,historical,0.0,0-29,30,30,True,True,True,92bdeb54eec728dbccce8b6983541983dcc68b1dc8e1224b7a56cc9d0c2db89f,frozen run_specs plus configuration-labelled raw_final records,HK-ST-27,1.2916094514894978,0,0,30.0,PASS,True,data/submission/raw_final.csv,False,136.19144560070708
Hong Kong,HK-ST-27,historical,1.0,0-29,30,30,True,True,True,92bdeb54eec728dbccce8b6983541983dcc68b1dc8e1224b7a56cc9d0c2db89f,frozen run_specs plus configuration-labelled raw_final records,HK-ST-27,1.2916094514894978,0,0,30.0,PASS,True,data/submission/raw_final.csv,False,133.56794910039753
Hong Kong,HK-ST-27,historical,2.0,0-29,30,30,True,True,True,92bdeb54eec728dbccce8b6983541983dcc68b1dc8e1224b7a56cc9d0c2db89f,frozen run_specs plus configuration-labelled raw_final records,HK-ST-27,1.2916094514894978,0,0,30.0,PASS,True,data/submission/raw_final.csv,False,140.0063664005138
Hong Kong,HK-ST-27,historical,3.0,0-29,30,30,True,True,True,92bdeb54eec728dbccce8b6983541983dcc68b1dc8e1224b7a56cc9d0c2db89f,frozen run_specs plus configuration-labelled raw_final records,HK-ST-27,1.2916094514894978,0,0,30.0,PASS,True,data/submission/raw_final.csv,False,151.9903177996166
Hong Kong,HK-ST-27,historical,4.0,0-29,30,30,True,True,True,92bdeb54eec728dbccce8b6983541983dcc68b1dc8e1224b7a56cc9d0c2db89f,frozen run_specs plus configuration-labelled raw_final records,HK-ST-27,1.2916094514894978,0,0,30.0,PASS,True,data/submission/raw_final.csv,False,164.56492069899105
Hong Kong,HK-ST-27,historical,5.0,0-29,30,30,True,True,True,92bdeb54eec728dbccce8b6983541983dcc68b1dc8e1224b7a56cc9d0c2db89f,frozen run_specs plus configuration-labelled raw_final records,HK-ST-27,1.2916094514894978,0,0,30.0,PASS,True,data/submission/raw_final.csv,False,176.21979570086114
Hong Kong,HK-ST-27,historical,6.0,0-29,30,30,True,True,True,92bdeb54eec728dbccce8b6983541983dcc68b1dc8e1224b7a56cc9d0c2db89f,frozen run_specs plus configuration-labelled raw_final records,HK-ST-27,1.2916094514894978,0,0,30.0,PASS,True,data/submission/raw_final.csv,False,181.4241890006233
Hong Kong,HK-ST-27,historical,7.0,0-29,30,30,True,True,True,92bdeb54eec728dbccce8b6983541983dcc68b1dc8e1224b7a56cc9d0c2db89f,frozen run_specs plus configuration-labelled raw_final records,HK-ST-27,1.2916094514894978,0,0,30.0,PASS,True,data/submission/raw_final.csv,False,109.78100000042468
Hong Kong,HK-ST-27,historical,8.0,0-29,30,30,True,True,True,92bdeb54eec728dbccce8b6983541983dcc68b1dc8e1224b7a56cc9d0c2db89f,frozen run_specs plus configuration-labelled raw_final records,HK-ST-27,1.2916094514894978,0,0,30.0,PASS,True,data/submission/raw_final.csv,False,192.24932289985009
Hong Kong,HK-ST-27,historical,10.0,0-29,30,30,True,True,True,92bdeb54eec728dbccce8b6983541983dcc68b1dc8e1224b7a56cc9d0c2db89f,frozen run_specs plus configuration-labelled raw_final records,HK-ST-27,1.2916094514894978,0,0,30.0,PASS,True,data/submission/raw_final.csv,False,211.50764060067013
Hong Kong,HK-ST-27,historical,12.0,0-29,30,30,True,True,True,92bdeb54eec728dbccce8b6983541983dcc68b1dc8e1224b7a56cc9d0c2db89f,frozen run_specs plus configuration-labelled raw_final records,HK-ST-27,1.2916094514894978,0,0,26.0,FAIL,True,data/submission/raw_final.csv,False,224.9635652003344
Hong Kong,HK-ST-27,historical,15.0,0-29,30,30,True,True,True,92bdeb54eec728dbccce8b6983541983dcc68b1dc8e1224b7a56cc9d0c2db89f,frozen run_specs plus configuration-labelled raw_final records,HK-ST-27,1.2916094514894978,0,0,19.0,FAIL,True,data/submission/raw_final.csv,False,249.4371588996146
Hong Kong,HK-ST-27,historical,18.0,0-29,30,30,True,True,True,92bdeb54eec728dbccce8b6983541983dcc68b1dc8e1224b7a56cc9d0c2db89f,frozen run_specs plus configuration-labelled raw_final records,HK-ST-27,1.2916094514894978,0,0,9.0,FAIL,True,data/submission/raw_final.csv,False,273.9865608990658
Hong Kong,HK-ST-27,historical,20.0,0-29,30,30,True,True,True,92bdeb54eec728dbccce8b6983541983dcc68b1dc8e1224b7a56cc9d0c2db89f,frozen run_specs plus configuration-labelled raw_final records,HK-ST-27,1.2916094514894978,0,0,1.0,FAIL,True,data/submission/raw_final.csv,False,297.9042293007951
Hong Kong,HK-ST-28,historical,0.0,0-29,30,30,True,True,True,53b35b2c89b213548a01bfc54fabcae4b040352694340550e94a4878443ce9ff,frozen run_specs plus configuration-labelled raw_final records,HK-ST-28,1.213115986557577,0,0,30.0,PASS,True,data/submission/raw_final.csv,False,271.63589440030046
Hong Kong,HK-ST-28,historical,1.0,0-29,30,30,True,True,True,53b35b2c89b213548a01bfc54fabcae4b040352694340550e94a4878443ce9ff,frozen run_specs plus configuration-labelled raw_final records,HK-ST-28,1.213115986557577,0,0,30.0,PASS,True,data/submission/raw_final.csv,False,278.58791700028814
Hong Kong,HK-ST-28,historical,2.0,0-29,30,30,True,True,True,53b35b2c89b213548a01bfc54fabcae4b040352694340550e94a4878443ce9ff,frozen run_specs plus configuration-labelled raw_final records,HK-ST-28,1.213115986557577,0,0,30.0,PASS,True,data/submission/raw_final.csv,False,281.6917953991797
Hong Kong,HK-ST-28,historical,3.0,0-29,30,30,True,True,True,53b35b2c89b213548a01bfc54fabcae4b040352694340550e94a4878443ce9ff,frozen run_specs plus configuration-labelled raw_final records,HK-ST-28,1.213115986557577,0,0,30.0,PASS,True,data/submission/raw_final.csv,False,286.2972364004236
Hong Kong,HK-ST-28,historical,4.0,0-29,30,30,True,True,True,53b35b2c89b213548a01bfc54fabcae4b040352694340550e94a4878443ce9ff,frozen run_specs plus configuration-labelled raw_final records,HK-ST-28,1.213115986557577,0,0,30.0,PASS,True,data/submission/raw_final.csv,False,303.08744840021245
Hong Kong,HK-ST-28,historical,5.0,0-29,30,30,True,True,True,53b35b2c89b213548a01bfc54fabcae4b040352694340550e94a4878443ce9ff,frozen run_specs plus configuration-labelled raw_final records,HK-ST-28,1.213115986557577,0,0,30.0,PASS,True,data/submission/raw_final.csv,False,312.1961160004139
Hong Kong,HK-ST-28,historical,6.0,0-29,30,30,True,True,True,53b35b2c89b213548a01bfc54fabcae4b040352694340550e94a4878443ce9ff,frozen run_specs plus configuration-labelled raw_final records,HK-ST-28,1.213115986557577,0,0,30.0,PASS,True,data/submission/raw_final.csv,False,323.81883140001446
Hong Kong,HK-ST-28,historical,8.0,0-29,30,30,True,True,True,53b35b2c89b213548a01bfc54fabcae4b040352694340550e94a4878443ce9ff,frozen run_specs plus configuration-labelled raw_final records,HK-ST-28,1.213115986557577,0,0,29.0,PASS,True,data/submission/raw_final.csv,False,344.7074549999088
Hong Kong,HK-ST-28,historical,10.0,0-29,30,30,True,True,True,53b35b2c89b213548a01bfc54fabcae4b040352694340550e94a4878443ce9ff,frozen run_specs plus configuration-labelled raw_final records,HK-ST-28,1.213115986557577,0,0,30.0,PASS,True,data/submission/raw_final.csv,False,366.9853788993787
Hong Kong,HK-ST-28,historical,12.0,0-29,30,30,True,True,True,53b35b2c89b213548a01bfc54fabcae4b040352694340550e94a4878443ce9ff,frozen run_specs plus configuration-labelled raw_final records,HK-ST-28,1.213115986557577,0,0,24.0,FAIL,True,data/submission/raw_final.csv,False,391.3036820990965
Hong Kong,HK-ST-28,historical,15.0,0-29,30,30,True,True,True,53b35b2c89b213548a01bfc54fabcae4b040352694340550e94a4878443ce9ff,frozen run_specs plus configuration-labelled raw_final records,HK-ST-28,1.213115986557577,0,0,12.0,FAIL,True,data/submission/raw_final.csv,False,521.602683799807
Hong Kong,HK-ST-28,historical,18.0,0-29,30,30,True,True,True,53b35b2c89b213548a01bfc54fabcae4b040352694340550e94a4878443ce9ff,frozen run_specs plus configuration-labelled raw_final records,HK-ST-28,1.213115986557577,0,0,5.0,FAIL,True,data/submission/raw_final.csv,False,743.1391431991942
Hong Kong,HK-ST-28,historical,20.0,0-29,30,30,True,True,True,53b35b2c89b213548a01bfc54fabcae4b040352694340550e94a4878443ce9ff,frozen run_specs plus configuration-labelled raw_final records,HK-ST-28,1.213115986557577,0,0,8.0,FAIL,True,data/submission/raw_final.csv,False,748.2205944000743
Hong Kong,HK-ST-30,historical,0.0,0-29,30,30,True,True,True,b8632b32176b04dfc35a4a74fd76e1d5e83bacf8ab457cd98b49f1537c9351e2,frozen run_specs plus configuration-labelled raw_final records,HK-ST-30,1.267496500913209,0,0,30.0,PASS,True,data/submission/raw_final.csv,False,186.60803280072287
Hong Kong,HK-ST-30,historical,1.0,0-29,30,30,True,True,True,b8632b32176b04dfc35a4a74fd76e1d5e83bacf8ab457cd98b49f1537c9351e2,frozen run_specs plus configuration-labelled raw_final records,HK-ST-30,1.267496500913209,0,0,30.0,PASS,True,data/submission/raw_final.csv,False,178.6264523002319
Hong Kong,HK-ST-30,historical,2.0,0-29,30,30,True,True,True,b8632b32176b04dfc35a4a74fd76e1d5e83bacf8ab457cd98b49f1537c9351e2,frozen run_specs plus configuration-labelled raw_final records,HK-ST-30,1.267496500913209,0,0,30.0,PASS,True,data/submission/raw_final.csv,False,193.678113399772
Hong Kong,HK-ST-30,historical,3.0,0-29,30,30,True,True,True,b8632b32176b04dfc35a4a74fd76e1d5e83bacf8ab457cd98b49f1537c9351e2,frozen run_specs plus configuration-labelled raw_final records,HK-ST-30,1.267496500913209,0,0,30.0,PASS,True,data/submission/raw_final.csv,False,204.0222386000678
Hong Kong,HK-ST-30,historical,4.0,0-29,30,30,True,True,True,b8632b32176b04dfc35a4a74fd76e1d5e83bacf8ab457cd98b49f1537c9351e2,frozen run_specs plus configuration-labelled raw_final records,HK-ST-30,1.267496500913209,0,0,30.0,PASS,True,data/submission/raw_final.csv,False,226.1132112003397
Hong Kong,HK-ST-30,historical,5.0,0-29,30,30,True,True,True,b8632b32176b04dfc35a4a74fd76e1d5e83bacf8ab457cd98b49f1537c9351e2,frozen run_specs plus configuration-labelled raw_final records,HK-ST-30,1.267496500913209,0,0,30.0,PASS,True,data/submission/raw_final.csv,False,240.95002690027468
Hong Kong,HK-ST-30,historical,6.0,0-29,30,30,True,True,True,b8632b32176b04dfc35a4a74fd76e1d5e83bacf8ab457cd98b49f1537c9351e2,frozen run_specs plus configuration-labelled raw_final records,HK-ST-30,1.267496500913209,0,0,30.0,PASS,True,data/submission/raw_final.csv,False,235.3569272994064
Hong Kong,HK-ST-30,historical,8.0,0-29,30,30,True,True,True,b8632b32176b04dfc35a4a74fd76e1d5e83bacf8ab457cd98b49f1537c9351e2,frozen run_specs plus configuration-labelled raw_final records,HK-ST-30,1.267496500913209,0,0,30.0,PASS,True,data/submission/raw_final.csv,False,251.74853620002975
Hong Kong,HK-ST-30,historical,10.0,0-29,30,30,True,True,True,b8632b32176b04dfc35a4a74fd76e1d5e83bacf8ab457cd98b49f1537c9351e2,frozen run_specs plus configuration-labelled raw_final records,HK-ST-30,1.267496500913209,0,0,30.0,PASS,True,data/submission/raw_final.csv,False,267.0461949999444
Hong Kong,HK-ST-30,historical,12.0,0-29,30,30,True,True,True,b8632b32176b04dfc35a4a74fd76e1d5e83bacf8ab457cd98b49f1537c9351e2,frozen run_specs plus configuration-labelled raw_final records,HK-ST-30,1.267496500913209,0,0,29.0,PASS,True,data/submission/raw_final.csv,False,280.0068880007602
Hong Kong,HK-ST-30,historical,15.0,0-29,30,30,True,True,True,b8632b32176b04dfc35a4a74fd76e1d5e83bacf8ab457cd98b49f1537c9351e2,frozen run_specs plus configuration-labelled raw_final records,HK-ST-30,1.267496500913209,0,0,24.0,FAIL,True,data/submission/raw_final.csv,False,308.9404710005037
Hong Kong,HK-ST-30,historical,18.0,0-29,30,30,True,True,True,b8632b32176b04dfc35a4a74fd76e1d5e83bacf8ab457cd98b49f1537c9351e2,frozen run_specs plus configuration-labelled raw_final records,HK-ST-30,1.267496500913209,0,0,14.0,FAIL,True,data/submission/raw_final.csv,False,343.2553985004779
Hong Kong,HK-ST-30,historical,20.0,0-29,30,30,True,True,True,b8632b32176b04dfc35a4a74fd76e1d5e83bacf8ab457cd98b49f1537c9351e2,frozen run_specs plus configuration-labelled raw_final records,HK-ST-30,1.267496500913209,0,0,5.0,FAIL,True,data/submission/raw_final.csv,False,394.0503585997503
