spec_hash,result_sha256
00052d7966ac4ccfd4bd0fa6f40c2d80dddde288ae5003657fa60de4a0ed8ef0,926bb8e0be50c489890ab3878deafcb07209a1ccb95d75698314e9ad6fc17380
002431a7edf542570ebe19fe2d3f99cf697b11dfa41db61044e4de3d496ec88a,484987ff0af070b97fb4f7fa79b578ec912f95ca77fc682edfdd918cc180ff65
0033c44f5cd95f7d5d80cf49aa2e053eabf0a1dc33f5a020d968dc65c782d011,babd0d948c33409bb6065327c294b7b3795e4a562eb992d8804e3a12675bbd57
0044367f2c882fdc622cbab608bbb1139d4735f97fc30dbc6cd128129e231e82,e44358bacb3093f1b5970c041c52fbf6d29373f206dfe8fd0bd62e783fd8c018
0068c3ecbb1e7f8e53bfd4d9235cbca4c9ac4b8dddd73b3ec8a8935864c4a996,506998dac487e74a1c93d5026a4afa1c31cceae0fd35171fd80757d95a0ce7d3
0096c5b5258207bb35e214fb263cccaa85303be2769d34d5cf6d53afcc53e804,6bd76e44bc4b9dead689a2478820f4f389b4ec6d2660926baadeaa49330b9323
00c33b99247f3cc79242f29ab7f138d844c48d72dcd29b5c28ba93c3d89e735b,1b1a4a3cd52fcba4afe05dd0bdc8dc9c25e4ccd95c3bc2212f5d2410b6bec354
00e6c7aacdfbe120b5577e875bc03b95440babf06d5d4bfd417010ffc3c46fe7,977972137f073781f0c3ad56df39798e894da10b2bb1ddbb9eb464875a86f031
00eef7a6fd6e6044791a71692972d27da804e95630e01dc650ee1f06005bcbbf,664d82370d9ac8c36c3538b7c203883c18a79dc6c0becb71439d139a68b0fd95
011ea86d589bb6060eb79b5e03fb3e0852a2aae2c194f5c8e89bfadb0a780b46,77134740bd68b437db5a0c14146420507774b88bbb53efa3747a6db50356d6fc
01695f8ae17d92148e34345ecfb20fa97a9372cfc6745b6b28ba7ce64b0bad30,1f163b494ee10aa2a1ac813143d2a83ecc67c0d6ebaae5ff204849f0a11a0635
018d22d2e3182eb357264e2e10ac0b25a14a3749474a96d2ea844369ab50da12,8cb046f917bd3467dba072f87b496ff21f8f2b5312195b587a32b2fe723900c9
01a508708dfe11b81aef7f06c3483cce1c58bc9b7eef1c52aa89ca89c80ad34a,c9bac9630de4945da152235c0b890eff8c735ab4f5ca84d0a7e549d0d674454a
01ed1a10997270df955bf3363185d50f893c1d3584026502d648ee55d2ca55a4,893ab74ccd8248a661e5ef20d68bab653b05b7cd804515f9c42b2dfc3d4578de
021808d1b777d2121c749f5eb7f2c610763b725cbbacbd71fd78926ff1e09aa6,a4d3b0e07b9d75d0f6e2b32ff3dccd908e683d72b89aaa96247024502df26fc3
02201ef8c35e365b566dade259fb0f41329dd1538bad3824fae0ec0e64c05461,6abb10b48bde15a820c9cc44806fb33f740e4bd88f62bbfab85350a72bfbd034
022b2ea3104c1adcc94b794e1513466101321c80cf9f0cceb2bf481a9cad4f80,f154c1336c060fe2746614aa043874cd48f20ec4d3aea286f657e04c9bfecd05
0287815adeb8fd614fd3e0d941cd49219b5dcbe385a9f91aa9eda508036e5890,3711ac4baec8ba22416c373d8e042f36c21aaedfa5f625938e140e57d444ba4a
02999dbfb1aef0d19d9c7bc6142f0ac036130a439217554f8beb913027f95172,70186a27fa323b5db4cd2fdfd04823bf35f70d5691f39590b8262b9d2227f03d
02af3a0a7765cd25e56efb85e0d9da41be97e3400faa204c8e3dc7f0004fbfc3,6bcf59317ed6a78c8c32be63652c0ee7d619b53eecec02a1c1e14cb94619c1e1
02c480c0ac6a14fe0dca67bd4305339eeec6f003db54e0b44038619b1e772118,7038b1bc5f6e33aef63b4bdf6531c9ab1c5c5f83a8d3db82ce31e5d6055eb61b
02e96f718b319a0b413686c02a7f5c0e71e074863e8b6a535a2bc5aa6f718b90,c16abcd67defe672bdd7ea4aab99425f2bf4a9c3498d6c97c202486103f96e00
02ef4ea15d0a9bcf5c4aeb758891f7b24881a74521907745109c84c4c7353972,d99af65f6a43fbf909e7d2ea09df7a1c97b0bc7b4d9abd46b04c3b16da79cce0
031089776da9ae71ff0844b21c3490e5c200669ebb504f5e671b705b85289ed7,5c47fcd6c72e84f50595f2f9292357ae7c59877878d09aac52ed0ca2df6c8a3d
0319d73297e28b3e586487652e199f5ca86a9f79cafcc6b3303d3e2c5215c150,e8c7eaa5636545d108076d2e19e11def99cc5c73e279d9a798e0fb6b8e9b5fbc
031ba7063bb0435aae96b92d3ffeacfa96293347f440d71ec0afa772c7525c73,22f47fa0de55e31dd558278747824740d442b3b3c48242a421fe44b75e5afee0
038a6cb16494c20ce74b86fb24fa158708fe29accbfa1d77c97b94a201c4bbb9,0831601db5cbf4b04aa0ea966b5e5bc2f3a8b68b46b73e7d04ff05119352b4a5
03a01550a31914c33dd0ef5f3f1b9357334df7cd4c7f2c88768de31f632a760e,a4393840912b4719811394ac144e146f9bc543fe10eed759b727af20d8862610
03a18e9b5f65a5fd295d0f8cfd805b911f15f05b123576fd82ad56b11e03c187,8c80e9d9974d7327f4fc266f1e3c927b3aa0d523b26aa56b4d876ac58dc00547
03bdc367aec34de2101a5398ae6732c4fba45ff4724324c6d688a82695d4d1db,712b728e39be57523d520ecce2c86eae755bb5022758cbb158706ccf3cc96768
03c85932f77a557c62310fe861d98680991303dd89dc7ed169fa8db9b721c7f9,4bc84c84fbdbdbfb2ed07aadc98b71d9262453e6794ec4787a57d8f4580a58b6
03c977559295472bbcdfd31f8739af255493c331d7a3c6f022579c61a4767238,bcbaa3aded2618a9812a2f25b0c79662910ea989f38d69f9d35793a52d1730c9
03d8a2a2516c8c17fec4c8ecd7598bf98fd9a3b1dd02caf6210524a76db44a3a,1c6879a2889f5ea657cbf548d458fae3826ce3fcd2c7167ec2652b3c72f0b207
03e26d08521b6e5ec5e5d25b2ba24033489ac3116e59b806f39111eadbc02fc5,06297f43517fec7571992bba97c4880cfd1af9d0626fb74b9c13dd763dbcf255
03f4e5a27923903cde0b68b6745668366e0b5b6b0916d212fc13fcd775732d55,09625b452c816c87f958ce75f2bb3eb6ec069193c9d062b0de90dd34947d5fb3
0403ef652f2eab719861e3a29835726f1241d4d235c59ba086803e7e7b4d5847,536ea1170d613c273633fc4aa0e570a9655ca41625e67faa5532b313baac0beb
0413efde741da1102cdb6acbcc35665ee971cdf3a71e978b112f821cc5b4825b,67de3a2009b055c45e6f5853a45aaeb6f9737839115532b703009db9412f932a
041d51ac4c6fbc04acfd48481c7f42632d23eafc775ebbb1ef399ad3ba060132,04281a0281d0506dcd3c972ea493a13f1634ff1c2e7b31d8d8e15c55c34c632c
0439816d8cd9648e0342ccd9445bf073421f28b5e2096ba8841008eb5527c88a,a3c9aba022aab95693ef12aa6160c6b2e53196ae34935955c82a73517581caab
046ef7e931b4b935e82c8f12be84b59077a3830b71df3b75dfb944b9d4fd6434,c524f3697780841ad296c7338653893b455915ff1e9f063349944f7d8d3b964e
047c6df7217b9fd024f888b7e02d0abf32bf4968f8c744274a5b794c590cfc6e,c3622d4b1bc8395af4d7618aadce317608bc28de51e344127e7fa288307bc4d6
0496f82b625f4c60fee4469e423089e07bb2e4890ff53357ed41d2e753239edf,4bc5ab65da38ae6bdf8efdd331790d648211cea19e0c29bd0060dcda8f7c976e
04c6c92ea5029335b412924a5fc1b4dfe8074da3993a7c6b4e958fc19c843d61,e193c4c07ebe36d8d7e51f1aba4c6e7a2fd0421b28ca4dd6e3b98702aaf74aec
04f196792c528736cd24c3fcc5c9fc5302572763d8623ae123cf0038bdc7d596,2129f7520a4a5e606dff29debdd5da66346bc85a4eb0fa843dc0329aa27e8897
05188873bb7293c8ad652aaaab073eeedebeaa63d9e37448983f4e4f455e95f1,d76b884c7c1dce9e19bf2a105e2fb0edffad0e68a9bf082e8919be46cd37ef05
0549e209d89d0b7c2a6f04e618b82009d2730b1da49f5f528893449d330ccaa5,05af39896048b4e65f03b237b7624dd9f19a04c7654b2c5874109728058c3975
057a41929a1eb87d2ff796052c3ed20dfa8e2b43e53444773d42e9b5710ffebc,c05896dce8c5db9c70db70af3be15df0a975ef51933838d94b6f4f8c54c10a21
05c06d402a2aef8619df2b461bfe3a71351765551be552b6bf456dac37dd71de,f4f454fc77aca1c290f65bf06a1794b4f91755cdf134b85e058b1e8626153121
05de54fdad2e4bbc92753fb2369a31226a341d253a35d92c1a28d25c6e9763c9,7dad7216a5e14166d88edb340696e5b12a79e8996d66c13d9f0b0bde1f4a1963
0654ea70327a0571050a3efd380a2f9bec38b8865902f34ef323ef09641f5584,644613aeaf632fa713716753e1224dbb45775bffc7737bc86bb1dfd9355508fc
0660556bcc0fae58295dad10a086954884ad707560cd11a9078973f1dd74e06d,a37cfccd11d5e7d51b3c1d2340aff53b5e3dc2b9d6163692fde74550abaac353
0662220287f8d9312e6c2b388a75395d8ba2d3be90e75f4af2c23054c9e79bd7,bacf4bed9050ce9e59490c825adc741cc81b6d104119e893f98d262d1a22daec
0686efcd0f4c10e45ca1088e43ae842991e1f0d570ada8f6e78f5203e4a2abdb,4dc3b5965d9be4f2e9863c3ff846bd964df6a628582bae942a9fc213b6ea2637
068c5059830c5a6295d15ec71589766514def19161e5b13428896d5753314577,c8caec87aef7a0eed5716c95169ea3e1ba9949aab7c90b779f88cf5cd952d0b1
06b35c148ff63ddcdfb7ec4269156ce3e9fc96de6c8a3cdc284f71cbce81ebd6,6007374d9ef856d3c951b9813b692ca9524a9d0703b03d94c1e4c1c29e584dba
06f6893f6fa1ff7a35f7d466804a1d98469108e53b030a3d07efc4dc542c1e73,b3669cd8c35cc2ca750324454b34aa4f6acf240c49ad4ca13bd2c93953738eb7
0704fb673d7b730cc8864902871b7ba6bc4f826e450d482cbb4b7a71a4a4a5a0,be134d0dae3dd6e97b4f91019d2e09a2511175923b9f7e3bcde5ce366c8b7e54
073955e0163fbe20b20e4fe054213be76d89804f69c9c217880c922c8df27d56,cd35fe4cb18e85798916ac73ea143947c85a65dd730a3862fcb3563de848c37d
075271c7c16a3184de22754d4c14c2e118a1162b83d507f265567dd8351dc352,78e1e4b9848f4fa3b0a79bac1b3856b8966aa4ffddace71f543c387fbc24914f
078421da834729dfcb85ca4a7118d02ce16bbabb5e5bcd951a8b75c5a2537408,6ce242c08cb191664d7e5492f65b646c40535bc44266809b0a7f8c82b5fb24fe
07a8beb217e679c3ef7c311f6f07038beb13cae70bd0e7729f4bd061f0101d07,f92c627d22f567360701b649ffc33baf49283a24bb68df98538bdaf263e7f9ec
07a9d1f1b5545418134059f1a2073ceeeaf83e05c225c347239b8c45bdabe134,ab675ce62b89863fa3e5f31567af48d74aa041f16610488fef937856e2e24e83
07b3b0826521f00cde0142992da503aa4092478e06b9d2746e09cb88f40efa37,a67b02b02d04bd721d93cf28315ebd60ec8067ec1c90109f92d1e2004562a50d
07d194f741d4766421be50a14e3131fecd5e24fd04e69f553e275e5539ca90c2,b3a040a219606a1e22a1fb36d5de62ccaa3f8fb99b6653243374d853606842f4
07e7b707f40d340268b38d96d4d43c02ffa44ff620b2f90433af5b52c545a468,9eb7723a2ba6df4a86a7f25bbdf8286c7ebbcac827e8dd768b30e184d04be0b3
07f6eb3872cbffa878d89611e8010c16efe4c34c411941af15f900591c9a0937,ca3af888599289c864a8520194415e960484dd51fc041986309eb20c20e0a1f8
082dde843047e16745f8f9939f34e54fc6ba7b8f05b9650ad530286436d79ef7,cd6bea5087b5923068334dbe9a6b8e1ef7cbe80a781b602105ee5f021caa0823
0835fe9e8ac5bb8484f4d86f56e2e1fa17643d1088c7be1d3d5a09d8ad20441a,4a8d3b2b12829a2aaf11c8f19f5da3d2ccf137d68b0e1c92a8ebee2f415b4b40
089820c12484849c78e1b32968ee8fd67066a4c86365d886e2710578af006d9c,2b8743b481bf7a0126fc810586ab8d67136854affbd999432f6b99b736662744
08ca61c97684edf62e30372063eed751594264540baaa04d5f51e4cea85d5925,348d7ce09cbbf5df1d791bcafcc00c80b51b4687d5295a091d9cba9e6e116a83
08cef17d3595b57b4a18d5f8d744df21d19afec77e13b3fc16d1ab05e8949624,d2fe58207f9d310f8d3d16cdddd75b2ebd11e4619d5cbed9913b79bc3eeae2ca
08e2fded2fb61f1119c4f432217f629766dc27a7229e9c21678ad58220b819c1,b6cf32e2dc8179f111a5edb7e124f62715ef35a14d6391905b7c1eada4590179
094ec564d8ea95e15bda88f935f1fc3c2196d53ec0f025da89fa9b37d184b60c,5c5a163bb85b72c755afa89c0d99bdac95d15a908e1cb3b6409201273804fc5b
0954ec9d8a97529e8855218d19caf4325d55e23897ea248edf293935944dd3de,d331cebef4f313cffd473286284da73e1542f65ddcc1948dd1979f7edac6a011
09645baa49f38eaa36de268fd17f38bf42f832c727a81a70a4afa5165b4e3520,810fe459526995aa49b83161b0179120c8a47efe8d3eeacf3347a9df4a36dd75
098285868f5cb6c39cbb1b6bda9ce441be72023b9a58668d66c994e6165c5972,7143786ac4b2cd7c0d12b8ebc71cfc7ee3576914d30b28a356f2dd20ff0f6c38
09a1fe10117b5c20a6b3368736c52bc51cf9e245eb0f6167482bb1f624bf67e1,31fa70b1e257ee724e15a7b987f6e3aa2273634641e69a5c5b5a1fcdcb077f72
09a758c38ee84732ee71ee8c5ecc73eca680250c008d820c630371ab217bc2d7,dc2c3f50dc5272779b206ac839b42efbf970b3e100b0e6f6e626ca02ea17ff62
09ab4cd76847c116f53e281c83959c427b0132fa89e463e0cc550a520c81bd4e,5e9ef15c461d9559cd2cea433defd0274a4de94dd675dc278904cf0c58b6f83a
09ad0601ed32647376683c3952fb27c4f61e1793284bf273505fba49a625e36d,a58697371c1d5b5525be1d6eba16f17363ca0c8860d74d12a4cbaaa4c09fc7c7
0a043809052a851f6e362f3dfbd97d1bfe8030a93d54556eb7cc8f656052d89d,8bcc43ad878db054198be32786e3d1871524e0a8aad2e4e514862d0fc30f19ff
0a0bc445ed1781b75375bdb714f8d81758238642046afca74cde62b8ef17847d,8b1420710b596ea0314516d1cc77b0205fcb2bdbf2827cac6f023df9264b39a7
0a0c8ac53a90bbf3759f3e34fd75d2a31b6c3d7749278c32d161122188f56ea7,e532345aa1233fdc340eefa12d7446c78d09af84ede3c2c88fc686d34c555165
0a11abd30d2a3f3a437da64a5956c50992e42ca521458dac80124caee885f2ab,53da8c42d53e109eb6c6f6273b353249c6730ac4eb7521b3e4e6cdf0a3354d5a
0a1f249ef29e02edf6011b707922bcbbc09df75463aac060c6506bb32dc7aea5,56a0281fdd61af19b7869c78815bcbc7f9367ffc01e15befce9d0593d572bb5c
0a6308cbd926769e9d684325b2b75b816cc75930e9c3a80429e2b5e847aa5cc5,42cb6dcef52696ab9362ba9d7be1f1ef3310fe91f02c86b18759f8e73cf22b7f
0b18d4fa37c063e99586333223850d5536e5d54001ad5bda62bae374c03a69cd,e02dc86efa8f0d4c84a1d7f6162193c7925562d755db7ad7df73452e64446cf3
0b201dfd0aae1b2c742da9e2a91b60fab30d8bf214c7f081cc4870f1b7ec4675,0b25b01e48e0b6a0783df7532b943571e77ebdf5f478635fd8819ae6ddd7bccd
0b226d6ea753ae311bb3023d6a1a6262c2442788adec54f6386a3937d9e9cbca,e37655b57da5a036992a12f8f0227b72129d417e1d0bd86b524253da3172c79d
0b53a9654d84ef5ebfa8beea3616f393aee20ec04e2df583095b30682ee4a275,39c14a6ab984ab8b9f67e26ba7dfe84f2fbfb70e858b7b4273c2132caea4f69a
0b8482d8ca92924d48a9aa692493fee35bc1ac5373540f67a8d7d534138580ef,10900d7b9a25fe89301160dfe092d50119f576b70b22d5db29df3e1481f0a950
0b96684db7a0f3d7391649552c522a9e9e329899066de51a4954f82bcbf4b2de,e3b34dc15853fa3b8191e7cd1bdce30d6e78a69581526224651854953639333c
0ba8893a10bd8d023eeeacbdd9f105c0ebdb225992c970dcc604cf8bbf759004,0fc47b4cbab4fb3621de64108132b627ecaedda95f7b50e29ec5ec613df8e2b0
0bf7d8e5747a5f4c533210d101801c185bbde9fbbf54622bd659a39b9b9d268c,2a4d050aab7be8b7c9f5c979bfc20c5c56a3558ea12b7f4b910010f863e8f3ba
0c291e7e887e3a2fd60ef87f6f1e243be6b54b029f825cdc7c982889913f0b1e,6ce497e469ffe50b12e4fa7336b2af5ca382db24077079fe29bcef4deff73312
0c7b132770f476d5eae16eb7b32c51f42a960df0338db5ff3a70dba394187775,f14ecb2af7abb5e48d5b97ae4f979252096d0b8f60272a109b9e314e334eb5be
0c7e0badc0c5980425681fdbc4ec8fc5390652631eaf85cb2cb24fcc9b269623,0eec1b4eacd394a4e5665f81a4c6fc0e537f2ff32fc82c494c9176a2d822a0c8
0c8739499ed0d6bb2d0d60b8096e1b2895b4343ca2f3019f9192d3fb9b786525,bacce7447dbefa50cca1e0ee7351137b78c058015352cc9e09edc46158d5ce4c
0c9b540310a084f1f5f1de8d740bb6afaae0c563dff14e61e385534cc761a0ce,5ecc2ffddada03faee5914b4b1c2ed36da5cddac6a214993e7224213493966af
0cb9113561242c58c4c23d475df6f0bb883f5b15a773d31ba9542b2f801f6177,26da682486f37b9008bb44d98c321bb24cff7875b6232542b88f922678223881
0cba6aacf9c787a5a8dd1d6f3ee56b4aca89a03edba57274c520ae4eb661c2aa,5ab17092292f2331a860508f17271fc3bde642ba25911545a7f99a1a2b6f198a
0d28431673a4e39017219d9d8513e6f22cb6fbf98333b0a3bbc6650b35f27731,2e2026f89e3b1785696ba90c000b468ebc0b712fc7542bddfe4cc4319c0c9374
0d4f8d4522b29149f80f58774646758156d3a2c4a5b60f196625980304ab063f,21f83f3473f8a0d4c0500e9a0aae05d4ce8d2fcfb9a01ea9437268cc7dde652e
0d7fd58e1fff8784603bc9e1223a8b3fd1920cec8f0b3c2ada748820aade2e13,55033fc48f01efa3e09a83e3f06a5291a0db37068ea96ab8836ab12c01c46e21
0db1d3da5641fcdad49697580a620ee0a845c130245196973618273bec5d280c,79762548c9166f919485965966c078f93d8672aa548e66f3f9f3dd8b8156f6cc
0dbd191ddfa25538ed5477ff9649465fdbe995b3167340e2f4764b4f73a0a7dd,dfda5f3a6bf003fbaf6a311c6b83d10b6e090f42d3af2de5cf70f69337cebe4b
0dc9e7f573154ef8c5bab6498352cdb98491a706b56a0322d43a562b6181f65a,f5f3ac53121d4fb1d7b488d4edef40f5832f16bfd1a17fa591596e3b54bded4b
0dde8845f640865a3f49436981b256b7d29f18d42650b124cf1ffe817e8cf67b,bacf7ec8e067c629f0959b9a72a708aa5383ce8844bf28ad6a8aaa9d255ac81c
0de2eb27e87ec3105d398b444d077348ead509aa8eeea6102fe017132f503e06,e8c8b538f0ea301c730a04ecaeb28728c51189932a5edd04cb98624a5160c947
0df5218441c68c8f4e8ce4707d9a187531b7a8580bdc0b196e648021689a1239,ae8e22ba0be6ceb0aab0375318b14d2955eb58e685bf5db6946feab9f1951059
0e1a417c4878e10d9eca9351a46bc9948e34d4f27f75e56dbaa2b362d447cd7f,809621ab28b5a1b64992d266e644845f737963ef3f6f7751a72a617af2941384
0e244ee2a37a36602cf5f6dfa7bda20cf8984bf276628e02e9b0d79011578c5e,df798e0550932416359560d02c342d8576c60c57f8d80f058a2a391d49fb437c
0e92b4b9eb6f22501ce93a4dfd8bb4f2d5ebe0dc3b516e314f705b0f2b4dabe8,6e5c4020638e283a7e0887f8851c371607dd5c4797cdb018644e2d28e7d00e20
0e983f19af3a8196c42713c1dc23f7e6746ab92f374630a238e23f4905a6bd1d,535d63fb1cd87d41223bac517051df04d8b91383114526fac3e6cf823f201c22
0ec2e233cf21f7d2b9fd14fb5d124ca9b7931b16e0c9915c289d70372f82ca4d,6c2e8562d1024f6852192d64cbcb55911c10cfeefa0780dc9bf460a8be07c706
0ef36538def5282eca54b28164f0a7a05f3c56666c220d41c5032d9fc090aed9,573e9f746aa38fdd98000f1e308df3fe69ce228c72c4fa78c0bbbac774a8ab4f
0f0962059dc7c1686eb6409efb30a3a1dc8d666f7d631b5fd24b3e36c8215812,bf2fde7e38537c31288fdc52f2509cfa0b8214e2690f826a7ceb93bc458c2a26
0f586022862fbf9fe492c609dc7f4d6af1245475b74af53ecc54e7dc2e0fe390,3961e0de87c119974fe13264662c61b8943a81cdee8223e42a9dbcc0873efec8
0f62ee1e04bc19094f027e51e7548649af3cf9f7e1398fa5846304ffb9ca828d,332d1aef02317d5dc212bcf9bad8a5aad144dbe9e2bd1d2484745003d67c257c
0f7dab7c6c5529ea61cbd1e788112dfe8b016a1ba6dae142d5f058ead8642094,165a80d2fc6c5d277611a9b5e73e791bb7f3c1059478c9c0ae84146e4fac38bb
0f927ca9294c7b93c270d3f245f0684a79ba209985c44852b5cb8895c77a91b0,e20ffa9cda481fa4941f5ceff35be1ef4c2e1132ff1e5b78a0f910722bd46edf
0f92b47099460b0b5673c10eb96baca4f343eb712608689f40f085e965faf901,ad778a6c27fb938539b73604ab794de67b008037e99501c73cb171b6aa2f94b9
0fa31cada2f619d960f2115d1be12f84b0ac915fea5200a4987db677f817a281,7bea38021d1a04c73dc26bdebed1f6ad821c7c9ecbb035a168480318679b0db1
0fbcee151f24ebf13523d48b3857362ce77a97cc55e7e55d7a90f23491ac9342,3f7c8c78e0532802dda734927a6d8e141ad10863bf076cd808238dcb37a44b54
0fc3324b28e2582de7ab5619a598cd7e60c3adeb80979b0d88549923220e1c38,0c411a296846cc982804b71359d1c66f65039f3af6a06882017a3ca445463f5a
102270315f3d874e30c09cbaf27173aa86f9a4ea9a9063a225c6d02846028495,779ed824308c16d4f99ef0e4106d15dad6c9a06ff07fd7355097e843d978c864
10613fb4966cb46c68152c4acfb17a3ef39fc5137cca8bd14e6fd0b8d28c89cc,2775d752c9bbc508d430b864fb48233d140823f92395c9c5c3e0d9341682d95d
1093fcd248028a601a67434523207519041ad5c08359491cf49bf951622dcecd,59cfe1bbd4d805e2805335f80346d3befc6628850d5e4ff0cb13e988c089f8ed
10ae607678f1e837181a0e2a5ca76d79aa5ccc1708d2d0cdc03c2a8dd9ce331c,c25283709fafd87c1f41b606111a22a67048fa36862a680d6d38908de23b2d02
10cbe0918a589624879cc7d6575a9987982a55d599f7da484a2361d34188f89f,eaa7c57200b3a624041f7c6cf8b48dd3feb19d1687dcd081b4fc89b21e36be9f
10d9176fb37025bd44370e14a602b16b0b4e78aa9c0e833e60b237be256db0d5,5a15601feb66067a2753febd29ea8e98bf6522c621d1acca6c210178bb28884a
10eafea237752e6e20c7e5defedc6ac95e812969589cb5622778a485fa674623,57cb7014938117c2c5854b1c70db5c3f2c5132311716b3c1bc2fd3570d062a6c
1129fda211fe8b94099b97e608f1d2f27c7e5776f4feb62fbca61f2962b7d77b,085435cc199c1c92e8ebff42255ecb2a094444984b307b5f7c6c6547bb1858d9
112e6861986d1b54982951b3c0450341629f22166c28a614d21306a3a3ea39e0,468fb688f20fbcfc66d70dc63d743bcd3fcfa974f18ff43dea85de38edea8ab4
114d68774f6d47a2bb93d904e72b6eef60592b5bd7ac4bf81b7cd05dc43c1e3e,1f9677bc00561d4c49ae78d13bc44512c56bf7f64bf0099d94f38dfc4762edae
11c70ffa6b8471db04eaff82d1638c8e92269ac0d2d188d011edfb211227fe62,26dacc44f7177e78ef1de6114051e4e4829589534b4dbdc40ee2f8dd2f4e5b04
12330c1a378c0682c6a8c3464e27f74bd049d35388cf030c57f72cdf17323537,966544ad9d8342fc0712269a116833cf861c6b34a09a75421aba7b9db5050af3
123621e49e70b7f9a2490f6450bfb5f8e55d8113d28c348597c520a4c55d6cae,22b824c2beef9f6b35390758a9735df088a7bd5acd6f85b92b0f0a771ac37272
1247f823b50bdc3930fe17ed2225ff75e419005f62cfc6c98d8a13eb46ef8470,a32edc7f29b4af40fc0a804e49f44a8ffa450f748093a82aa97b40b65818e93a
124ab524945e15e673922b1b36395f32a8513b981bcf0ce525ca4ed8f81db95d,270e71df7f3aba69a76d15fd8d5a86a3d0503b0c3ff7dff48b33cf1bfe96df45
12b31a97fad59a39b43958c27a2956e1974248a9a9f29d60044c3edd92415831,07c72154d125e3208bc6c97b2155c922ae53f4f1e0c6c15e617cfc4f1f76f6c7
12b89f1c81bb9920d0d764e76d94ee8b240bb1f983cf9971dd02eccd447ba4e9,ddd1533d1e3aa64f5cb2e6de2903b37e5abfe050ce274437801d3ecfcfa03e82
12e51d4d3b1b526536524586c725c5534e662f000ed30df58947d26d11cde52f,3e30431753d27ec8562629a283dd79e8e3934edb90c43e90056d3399cd2dba89
132431e6929baa80b2eefc01efabbf69ee7d27638305e2ece4da82bf1b306e80,44d38af55651395f628c7aa7f7c4905ae47ed53bf75718a2a6300c3ffe807b0d
135a91ca59aeebbb6c6d974a47889e2f8f9540cbdea20e3ad1decfab5d85a4e4,f75e5b012f79f1d2ee3c977765ef2400473cf1e81803e32a40bd9984de9edade
1374603d5994d87159ea8614b16df77ba279d656185375053474b4ba652d24e5,b2eb32d3933e52fe5cab7418d1b792adadf56f1c53a52d93a2f511b230392d0c
1386758c64362674b3c315fe844a04f5dfc6fcecfd333caa7f1f5050e911ae1f,21ca83e051564953fbc3de58f3e32c7aa7721762de79917432dade27effa0075
139680f7696f41c6b8ab149f8d2b9d5d35c217a3d34a6a5d825082e4f5327132,ade2be79f0092ac4b13da308ca64f65ed10b1e8e5fc2d9ce68813bb425665602
13b5557aa0496f619d6b5fc3d987f7dd2a0be6bd03857909835bc5b2c445c5c8,ec14bfd53fb127b7fa60d1771bd908d529568ed7eec310c812729a15c6404a2f
13e80bbfba7adc70404edfa9149a4059fbbab1013f115e24558b54d2aa1395b7,64a2d7c050630775f6cc7b7da2596e8e3cdac58e9a564003c072ab2b7ab36d4c
13f3e50b7db36051c6a0b5132c28f45e62048caecf7faf4d2eb46455327e3119,b1284668c6064cbf45388aa307db07084036fe146b7f770247b841b43efc49a5
13f791f139b93aaa5c61d5d8d66be121b6e89dfdc144296c8f1b4107d8583a11,62d0e5485be0a5ae3e140eb479cd1404daf408a22228c84c88bfd9854d7875e0
13fc857e1be53bc363b00a742b9d35f7960e04b03e9567ca941f9a2b1b512834,2596da08b004eefc329592f0b0d6d5a98f77445150cc19a286663afe54cda141
144b4395340ce480ea64b87d90ab93b5d4644a5468f7018d581e925262772b65,e69cbb5ebb42bb2932f1310886928ef279146e62d5f8d1ac17bd491d738e22aa
147f17472ecd83d2a9e148ef4fd2005d5fb863d52656102571f38dee8d93daf2,b5d726b53014f72ebe1cd73edc8f4c6cc74e8e743577c5ea166f22a60ad2c7ad
1485c0d5da763a959086214711c2101b158be2d40e25b559f4775c38804fe11c,4bcc83be2c23f691ffc66a1dea3a8090eefb4fadbda56ae1402e953fdbafbd5b
149ccddd1ad261fc98d5c074d6704da5d7f8145c475860b5f38350739f652d59,0b4339d261619e1026a181f095b5c6d9c5a6f9430683c6cbd55766b2d6a60eea
14b4327b239a5cb3c30539dbc4c3f05f0d124c50a94c6fd61f51e0812b70d947,143e6b733221bdd4266bc77634033a9d69dff9e0339ea13edee5fb490de2eaf2
150f41d319cb41a25242619949f8cc1f0b9f16c4cdccc19823ae312b9dcf6757,ac9e1ee6174749fdca776781076a673f6a5fdf902430d1883635bf7bb3c8bd79
152eb79c010ad4b5780adc29e11ef7ffd3b30e1350b9412d44a4701e56f7c3b4,53784af1681eef62255ea9459d36004bd65d04300d3a48455bf619217e461a5a
15d460736924fa4a928cbbb3adafb8e434f7f5bc559601268b996f5988ba7a6b,8007c6e3d8b641732e7035f266173898ce7d8002d0d623127e4d28bd782bf771
15eed92a612105461d684a02b350d5b3fcb30795e8a36f4873bb1aab5de64f0b,b1238cd4c4f9e22180dd03515853bb4bfbd124278215e01b6c292d688e08cd70
15f095fc7d5dd4b74d630516d8b822ec6603701152b0d8f3c9e51edd825b8813,24d4fffa2f3fef9ea83f7f24c42732d6dac2d7320f2a68caaed8ce50cec7929f
15fb12822b15aeedb34a0a783b35206fe12e8f455162fd16eb6ece67a13d628d,be24119ab545fed3bcf11ea446d6bd34cacf100b0d58e447b862ec3ac5598c8a
15fe8c2ef1696a779e2d51d42ef7f06d21d8bb80ee7e0757bfb9f8a96ea7311e,ef48b8017c8b7bfe6a439b4a8ee9db1c569de7f859277325c432f4e18ae79c3c
164ed8e21a429a4e2e1beaff6b74e16e8dce9bf2b2ca532267e9295288655ad9,7c86e0b99eeba5bf3dbb7f38cc65308d76ad68c85105ca372e81086e54eb6089
167a8d982bcde8ea8a0a0f2915e2c9738c282de98ce72547d17198cb1d09fa4f,1292980f91752863a34371012496f171abbefe89f4700e411dafc0000ff42bb1
168801404849db40cb45f70f53e8e3dc1483b4a9de3af98ce3ee7bb88d8e2c1f,0bace9a8803baccb41ddecdfdb49d493e06d93438502adf54dd99e512eac5d6d
169d3a95369f8f5fedd7f40a2f1796ca54507a73d1c4c908fb67b9399b220357,fb966dc3f38a1ca7491652854179ee4cf2b4b59a784987448f28311b5d90fc69
16c061f5309151837527485750113de476b7d4b3f34cac21c63ce1099dd31155,d19ceda222633e6880030c43faffacb1c7205cccc8b26e0c6d8010da8a16030a
16d6fe24ed1eebabb084a183f1a9deaf1b3eb2c43d72738b0370f6ffd1ca224f,8e9970f509c2de19b16061a159ac6edb69cfb314e23c320c1028f28b7c34d229
17142c781fd53b1e50bd44c31632a33734c68b5611667df687a51ebd8be063a2,bcd76ca17f27d3bc643a08582ba12ed94365feeb7bdcf4719c4f0d6e4ca716ac
1730844c0d1875ba2fc4b7a95f4bceeb61bfd95042e17856b25b490c337e8da9,4bb4bccf149106b38e7c8cc3083f529bcaacb6f2770b6ef4cbd626ab90e21a2a
1734420927d7e8e4ab9b21a7a526c216b256107c66222e8a63bd47369e077018,f083bb4c45e242c68b813f3326071456cdb23fe531576d8ca2cf1db403ce327c
17cd59acb4d311a5996a01f92cbae7c5b97e397f98052c23a5b3b056a3779ea8,b36fffc5d4cf40bde08d938e189eb77a595865e449a63cb6f278652457540c8d
17d212e78071c752d07bb5ff6f5d487b1230373d53c9a471f668fb863507c98e,0a1f186f990ae155fa87222aa231fa7352fb6c5b57285e49ba59829c771a9191
17ff51cca3dd56a1d947bdec66bca134b04fa7f96026029b84a1d3ca4b3c8b1a,0510e9ef1c32f64fffa7ee446484dba1767b75d938f91043b1ddcd13148e9f2f
1821c8d4641922691f55a596f0a7b15e58d2fbcc3a8770813490efd1e17b3b12,a0973a7105c556f188bce1271191f74a9a152a3c4c824079ab65250708ce6fb7
183ee31e525d5b2006548444cceefff2df6847d9362aba4a88ae0e0b4970a9c7,24b54ca65d6f7e8ccc8404fe32503b51807077e61ce087e43eb7c633d2230761
183eff9d1c4796d91da1d956d12fac87d34168f082a7c108b7d68d9f2d192228,b6b8735f9d1aa99528182d417b9c09edeb531a3f5c3c769b2c422d52ba6c95a9
1882e4d4c65380b51723cb8eed12dedc2ef486ead00a18fd059fa11dc67d313f,fada90e808fe7f3262ed08f27bb734ca0649c8b4a91b9126a72f46da22b60c08
188f66c5171c9e3d45829ea59cdc514b86612a4025503e6d0a5147a596135c7f,18cea965b5f2cc4c225d69756b1ecb7a96015eb80523bb4a04337db2d7ffe7a5
18a9f4bd744b12a2ea0860ea8aa2a7a892c6ccc6a8a3b1e3343d218d8db6cf20,1c307a9fc2c6f6612841da02f1ac35a2434b2a44f2e686523a518f83dcd43c76
18bacf37e5cb03b966d324258d5711dfe83e0c8986093ef4ffc7fbfcd816c035,7fba5d9670810e133205025b390bf63cb9d26b3b117f773dd4ca6400fb569722
18d0c8562a537bab30bafb4d619f2c98bae5fd24290563546ee538d04fc2f41d,ca4b8cad7befb8f44d9bcbac1490ff57e02f6c02395f11c3dc719e39406942bf
18d252b8db51656f5dd7271860c51172d8185b673a63cca6fbc520921ba00dac,0b04f945388b856686840d9f90f9e77ec9c3bd8eda7c6a1bbd135a0be8666b3b
18dcb626a799225cb62e79fea8a652edde259153dc74eec1d4d75044df6bf687,e59801d5621c6fda70c45f0024e39c9b0199c2dc6017523fdc94cc58cb58ae8b
18fd48fe9173cd3c392e4a48718dd623d5b49e4ba3b7031a6d00b54ae82ea333,e744c88578ada288c1805a7ae29523d11d47df997bb7b4547a0fa70ee9f9a346
190497108c18061e123f18fab8f912b7408c257c0d1406bfcd8c721793f09745,76384a23f56f86ac46426eb712ab0207d70b86d21fa03ddc43cbf9e9a505c623
1913c89706945545b3a12e9e4626262725787e7347fe3af869bb98976f37895c,5195e38ededb0f6cbf51be848e6c3c61ceae46ec61e7bebc513f7340532369ab
19325832f19e4858f4d5f3d484510b0b6388fd2e203468a8540b9513950e2a93,72aaa9ed6e92f1f2b28d69d7deda6ce50425a95935dfb0d458d76624a39657fc
193d2ad6cb733d86b303889b2cfacd0b8572aa5c9a866a505520ef3c15ba1041,326435913dfce7a4aa37437cb97c860dd5e8a5ff9a85557b111951ef364245e6
194ce8fecee67ccf36f81eb51e80ad1bc6d5280741627693711342ec1386215f,3cc3b784cb44cb30d24686c2efcfbb98f473c35f5302a442e510f86a717ec2b8
19504387bcdb9291de8fc7d03bfa5a57c9b05fc63ffe66f938d821dfcb60f56d,3a50f609207074e7f913542f5732cbcad9924777771ea944310e8232f46c8294
19901cd6385f22786079ccd24e90c97e584ba80acc0af9c1e366b59f0251bbea,f40be59b1782611cc6138cf2e65d73a200bec3bd4abbcb6cd776420dd339a12f
19bf62a990688bb56d443a16a8c0b0b052996450602f39ca5a54a74997ec4342,eb09106025fee89646d62cc3a4a8e2b681bbd616eb010ead078efceb0ebc07e0
1a147d7250ac154ad48ebb9077afe53c7632a0f2aaf09ccd40e983ed2edb742d,96804c34cf8db496a65955dcf101ab440d20cdb589f5b090b4847d38dc92323f
1a1fc22a95767ab13ab97820b4589a4a3c9566f6901944f15584be0b067a8ffb,d0af493da7a0f63968bb69b7b155cd864176acbf29c4847b8b7bc44d205494c0
1a5ead25f2ec04278cdc37a2873fd5f7f39f3f889f254628cd4e1ba26852abb7,b8241634e0b31e0f309015bac7c58d532601feaeb81557fe5484b2f109e96760
1aca243ff33f254283dc9391e23569db7a73685f60fe777d1cfec6d49c8aae03,4ce60c63e85617f0141a4ee25297e3e5ea1bb09838979eb061257bd3c9207036
1af2b170a8ef3aaf4c7d2a92202676cd3db1cef596603e7cda97ea9ed4212d85,b984ae3900f972f00a443990ce468796307c8b674d7efe94ed259e65e46a91f2
1af5772d492152b80fc31096e9e511a9ebfd442d23118219b42bec7f3d0169e6,13bbde72b0f42ae52101cfe5f8f0c2a505e5742979b3250c13c7061eafa741f3
1b0edd098e7418ab779f080616bdd366a4e74e2d43a721065b449d2da1e556b3,0a8353d590f0666e92ccccda8e2a49d1055f5638df14fc83b87dff5c76e9aa10
1b276b25c89e495284978cc4161ecb7c521d82592dc8ec257f420163a316203b,52e9a4ef2590425c348dc27180fd7d48cb3a2125e3a3627ac9808a6b2f59d030
1b49d65945af8d044f1c017fbe96918646877c6d9bb6325a42c08a66f6f80318,6d94df7b056ae8bb73ce8412ea60d6d4f49225989a765d631fbf4e5039d32320
1be1373aa43833486d10e96677b0363c0ce5afffd806b4a85649edd4fdf9e79e,98643c5bf1cb987c8cc47783494f38d7f50bcde19c0c51fd0eeae3041f1e6bb9
1bee9641a3d00f0e038e29417127c72e37a1131985f817feba44b8bd98004cdc,029047230a65727eb3d5c5d23caf61e1b88ad672f08a1321baae441a487ab5ba
1c0e6d0bf4881e01fc6a11d0fb86ca528c1d9560d2bf32893f463562ee81d6f4,99ede2cd60a22cb713818e11414c40839fd0fae2507b5dd8eb663491aa721315
1c74ff107406d6c9081875fc7cebaf346f7d6e25a2bd32cd9ee39ef8342d5d52,bf5f2ac38049e7cceebf9b0e68cf4f3aaca12a1490409bc1a4afa3b6167ef61d
1cac87e2d30a9c5f74dcbe974c374bd91de9e65d8c3b54abffebbaab5c86755d,c83ae194ab3811b2c5d98c9adddb8a582c5b80a350dd93288be42541f46a1565
1cae7dc38b4f93788d80bd0cd1811174dbd25a20e0e6724ca816f36aef86a89f,9260a3f2cda9ee81d96221a8fd34c63bc9e1aa52c8173ebbf167ede6668e88fb
1cb40d379f6718775f00afc24807cf4197ddbb9e8af69477438854b523ca2a26,296cbb0ac2ad1c076e5d6bdd60c67029ba6de3f47c795cfb5679dcdf6e9aece6
1d34b0c8056dde746ee7e051ce093bba1b93bd5f69d66ba7cff5a44e4692385b,10b8d4a7856ef8b5dbb3a67529d8a88fe803d16de6f993ff5b0a6e534977ca82
1d35285b4656f6f9169f19eddc860692f21a82fb32f7a977c481cc0f3007e549,700e696bce29987e3d541b11492f0f6618b9963ae579a377d84054d07dd2a790
1d3a57db5613352e2ee7e8c968ebdcc91cc75f907b39281df090dfd0090186d9,139443af393ae407a4c561cb12f7091ea78719a547396f9d62165ca39a19af84
1d549d77a50457bda7d5e27c06d2861896c15d20a429ae487bcaf68b955aa97b,8904922ce2aeef89058f6bedddc86cf464863378484abcf9ee79630b98ed85cf
1d7516e7420bdf2d212c2a94594254949e15d0b2d15b8f1a6c29d98bfd6b3db3,fe4bdb77be121a32d84490d8d94eb5fa4d2058db29361542cf943c1e4395321b
1dca3d24165383876b1e643e2cc22819d551f0dd25240422874c1a24cff086f6,7f797b2cdafd3b3425c4f6c78e4122304a3df2cdceb3ec77ff26fbfeeccaaa0e
1dcd6d6b438b70eb9b7908bd2adc391585508a7a7af0ab6d6236304256cfff69,f11173a357e247dac356b36cc464fafd40156dcd5862f95b47891a6bfd1d28c5
1dcebb294f180397da6ff07a2f569e262df06d5368b16de38651979cdb804a1b,dbf7a2f7bbb0f27f9b7e3eaf3ffbf3e66919741a718b0a814464bfc0adfb5f82
1dd1cd9fcb5fbb404569df9010b62e0ff88540bca95db1a15524d3a83ef17837,88ee6719ede72e272693996133719bbe4ac80461021772c394aeb244b453c3c1
1de71c58a9ad5583e896d0d64d7468e4eb1047f58fdbc5c6f240be7a5518b787,e9f7a7de33cc0dd1b1fbf231fafc10bb68f7e7d0f3f85644e20d4cc9618a6c47
1df0fcac477958aea1c449aeca8e866e187d149a9c9c89d7349f58f2d8dd2d10,9fc3e3f194c0847188401f2e5d569e7fe49f34dc149b7387b38e87b26f0089fc
1e124a5fab3c324e28dd4d4d35d3d7e23795e01527e669864a3285f0bc322626,2ffa2ea1710d9558e9a7ec80ed183acf1023c406006acf6376e9bc97159dc15a
1e1a6e5a6e742e3397f3f4fb01181f7cadd8ccb5cc3549f048af80e11f1b0384,fb81e96d14d1c89db3ecb93d976bacafedeae935edf75d79ad09b5e596eb0d66
1e352fde290b39b7bd3c05df2553681b98e54af759b41d0a9eda39985a6bc07c,fb82e057668a9e6745ab0273055a85adc3dcbe2584824bac31d2d8dabc8d8db0
1e3b3049ff1b735c4c4439d22db4e00e572b8d13fb97458015962cafc356ad71,db5dfa10ff1ba3d389de37b92769381b02184dc0fe62002c495c6b4867924eaa
1e8dece6ecccd487b7526f6bee191661b446e24bd447ca21e5fcb1714f9346f5,c960efa1765edb4529cc1ad3882d3322a43268c9fe2456df4324aa6081beb028
1e927f3c869254031ee9a44980119b1e96e0590ef38d66a539dc8ed8617777a5,f321de83930de46d918e9ea595e579e41f84e4c33a938412428670ac53f29c58
1e9be97b0fd4b301c01c070b40b627612bcc9566191e747c9f9232bd6bf3b496,13a378330fa8fdc1b7dcc26ea64333e9bb368f05c029449cb5db77f7543a5a21
1eaa07ab8b546c34539f06479344c7be50d7a774a2e3b96eb62e4367e129a935,e492805faa2442f1650852ef7e46910726f2b6c3901a37a7a66dbdf6f4174bc7
1ece51d2a37990c87a888179ab5abfa70a23d367f4f490bf69d0578ab99d602e,cce2cc772d02c2d3e7ce86e0dcb6f847e0972221406fa2f57410a0a5a46b8357
1ece5d25a46f6598a41ac80b4a60a19e353a79b75145c80377c045cc236536ec,d11a3a19a3ccfe2bfcccfc3de97fb2d9c97a5819de96c641744a67394940e78c
1ecea256c1668ee541b908a99c6b5d163bbb6e668027f01991bef0a3d6d2ffae,fa54edb112bf56fffe28f87a60c3cdd8bc97b4467695288fe3fc3c8cc5dd4b0c
1ed4972482876cd8d941ecc2dd926a7a69797924dec7d2edc4d8ebbb9a9cdcc5,73b1c2319c01e0ce971b6739b15b1a2c8e875f24536b04c324ee4aeb25f866b4
1edbef2a7242cb806f9e01ffb4057a5d72f3f8962e3d4ec69cc7b65d5aba8f41,06c8871aaf00ce82d89b068e112ad7ab4ff63ffa5291d32bdba9ac7b9910cfae
1ef8c8982e53312de63878e0918dcaf608eb1f8b4a209b1b1a2c25a45d7321c8,22f511d4f7e19f55959ae6ebbe60f60309af85d05dc799421daf618d456dab9a
1efeb499ae4be09b843b64cbf94e6c031ad9ffb711a2c479166066170ea8b35a,c801f4425168a6b74d8e9679e7962464956d3cf6f395d881ff0591a3c82957d1
1f36b538fb930eb33ce27fe3b25bd06dbae5b1e96029ec53e089cbde532a5ee7,238eb9f9525ae0e60957657330b17138292250c78462c4075b38e0fd7162e8c7
1f54192b3530a3ff3063a6d57d58fd98ef779599ecff0f04171c8c5c307d89d8,bb52483a2a39878fb54ce2f32705d0e2e0efefd10d2ce1f1390d75f30739d104
1f7be06c29ba731df6b85e1036d18425c7ab89028ed86911126034d7fae06779,2b78ea00e9f57824543e369dfb21f012c1ed1b4e61ce4aefb94f25d8753b59d0
1f879c73131440fdcaf82a084a2ea238da41d527ca49295c33cd89d5003081c9,f6ca32db3085a67417af6880f9b2268bea571874d497db3873273b538282b0b2
1f8c5634844b619c34de46024f698b35fcb212ae84d3dc351761ff65585b6b17,826749de71e8dacd60e533886962fad82a933fe2a00c6e98b8175cb2e9dc96dd
1f9b7c9ba7ffe40db6796d977c8d25c9e98e076cf15e90b95dda7cc29d355e8d,91e0a3df0e078299ae0d47c7d03482dddc88c1558f249897f77d2b3c95797a96
1ffdbfcb7a6555dc34f33dc3c1fd49fe7628084d61cde92a9998bdf36a84e9af,26f0c936d4d0294ca7488ee95f2e1b58299e7f2215a22cd593bd8982095a0d0d
2011baafbacb5f4bcebddcbed5264b621b4dd2c7bf847dc4c1df17955e3a8652,8f405e839bd3145cc54b4191c473bf94dc9af9f40a16030471892a4524fdd400
20208caee254b3e395c0fb8a249ba1f004d0e997791a984a35a210f2465c33cf,4b08ded2a4f348ac5a6ed87ef2353775533d78c21a64ea99abf79f51df2bdc6e
203129437991ee74e454dbd32b7519a7906bc71732ef574a916fd84f438bed26,9a903aca988d233a3aa9250a3741e6176d55b7b76d818392a3f26bbef22d6c87
20ac18d474af33d21777c4915b1ef8d22bb159dd9fb2d635b6410d7bc3662222,3e98dec5e9acb7225e0599faedee8bc18d208390536e670be0ce56047057fca6
20ac325d560b1b2ef82d4726b9582a513d729329f40919871484e51fd68b2a84,e6e3cea1469c5bcd16cf47d923c2d5b05582d50f9fa128d5c226941d4fcea0d1
20b110135846ab0021cb52e2c6d0e3fd29e4396f8f5f328bb268cbe914187080,92ab431450e028a9364545293425616f6b1e52403dc18036e4b4eae32f9d828e
20c7ec964a91654ebcde767dea0d8f587034580d83df0a0a9043e0f937358bba,7ef2b86044e166de51ea33f09fbe36b48776ff8534d50721d8e963a9551430fd
211f0b7db0fc3f77b285c70126e09cb197b6c910c26da6d21e4e9531f543f983,6a3836cf8888f52b1fa0bfc7cf7d6fd4a526d08329c8aa3ca1de7a70b2050e58
2124594d42d8a12b4fefe611dddd4eb5a4412c7106bea8610b8a8673b9cf83fe,ae47d2fe538b4caf6b6a4ed9cea0530895aed3d6376ea0bab33d3f5cbd560120
214f7d9df44228d02e0af4ed52ff76b5e83565150933c823335739f5cd300096,bc103c77c189dd5c4841966c49f51d25e54f2e06e98058466abf2848056baf71
21793bc7779ff1cbf80750b7311bb1d2e172223951959afdfc6ef106ecc7c260,0fc1a4cbe7431eae98e0dcf111442736629b8fb1dbd6970624d9edb17fe6068a
21841437ee814379f603550a802ddea49d847b259a2b88c81a6f33d9e095f1d4,287c216ccb889fdf211e9b989833b38994417e9660e17ca7c32a8fe85fb3bbf7
2191a9ba3bfcd4f8e57a2855d1e267173df2aff173e79c9f1a1a617bbc828fd7,1406bf25bd7f8db3ae7c306a77c819116a6b793f58b0d2f6a5b9b0f4e7fbef92
21982984e3ac1c2b0b06c198885f3a3166d57de552254809ae20eef991185e75,fde28b1231c5c0f94ceb846f5187f02e5aa7c955f46a3a829efc3d3320388e99
21b92fb71d8443447862e6bb50096388e0aa1754f0da0e46d72a731368253e42,5c9d133bb2c060a4fc8ffce6e79ae9bb6461f203a972db96df8559a851cc5921
21e71b3f111724f1551ece841e5e6022ed55285e885686e3ffa0fefddd2ceeaa,4ef4ad44e15d3b9068c6e65862e52603eefdd0476670c8481cb5a878778ed82d
21f03dc79f1146988cd2326a209c3dbdb0e231824eb8fa42f9703db31990baee,b82244159d650157cdad997069b3518bd3bfb4a1c3bbb1cdca97bf8722d0541f
21f4a300b2d9b99241fc419c3030af562c417075bbf061e50de679c8a826d275,a93d17c1c2ac6939f30279866a669ba8b24af67e6e59d8fa695f0677ad56c3a2
220663b42bdc9c71a860120ae3db465ee7c29efab44ad358c6a417ffe9cf7999,5bfa042bf3c4cfc0c1456de82c40301ddac97a962948c46945431ec9ca8b8eef
2211c823d0486cb944a5e9b05edc29e913cb31f8f9a27863169e069e6ca68391,e628aeac1d98d1ca32d1e12314ae189bd7a861a661c8863870600d8f946e2f7c
221e845aac14d01d56c20b1a89b4f8372d7e7e39b19ce09edf94d279c361ed13,cc3559391f4ec5d1607ecab01577a9a05a0aaa4aae44e66e659964e2cdc533bc
223a46c45410c3394cec160c1c7fc3ca1e423d4e3b31cbb9f3246998f6928169,a98e06eae4677e5fc689adbdfc869851cf1f390db74bcb2d3b8e501f29ea5af5
225dbcf7491953dd61e8757fe65a496bcfc30f8f02e3b22f34a67c452cdceed8,17bf9b7be5d1eac66c8d8a097f03ce748083aaa0a238088dcd007c242e64427e
226ea7cf7f052cfedf37a677b9cf0ab76ae17480891487e41451b0fd5458f511,d86cc345c36f09ea9bb0e8a91c849ec63c790d4b4992e1920a642a6594d79d35
22a41ca3f562ee781485a0491d40eabbe07cf1170b5e5e054028ffbb3e0cf2b9,f8b51dd9be1b32fd0b766962e2c6fd4685fb77ec16fc9129d12750aaf64c9cd4
22ad8a62742d436afe040e67b4cebddec229df7765e4347dc7788aac2b2e7e1a,5f87c378b9d10248996f20984f2771e7da9dcff8d0e5f81e258617b8a8e35e57
22de9511f8c112dc138d57bb59bde8f70d44c02fed82c086faec94c37b05a939,092dd0c47f5a35eab561d6e4879416ac45713caa899ce12d0ed1c5b6dc9cc84c
2307c6b49a43da2afdff34fee697a585666fcdfa11f87e42f2369fcb51689d2c,41be46ffc864ce61100a78ae018146feb9e8f8a4800f3b0f8db76439b27f9df3
23125882d7928db1045f316c240832f1802de5ea834aa6b1b0c9498afd6c9272,3dc48df49b3d8f1176597c41f360b16f1927d72585c11e5750bc6e62f6f30656
234572d0206b7da84439b27dc70a6acb2148f0be9ff83ded7d9f31263913218c,b788f6e9a131076238a4efcc25cca48e221448066b9c1ed02fcf4ed1f93117c4
23592084fffb3fe7ed498b50fafc46b4c1000249d63d37981d8d7f639352c435,bfc1e45d670037124126994c406c2b8f5ee40b8d6aa4c4efff3bc3dca9f86761
2362130696dc70f774395df319ab6922eae20bf43009407ac6fb40f55d823329,5295dc1e10d89f04a5d973ed03e98dfbae0512aee7a839e2777b56649eea08fc
2394bcb167347199c81ffdc9cf8927823058e0bdf8a8e86db1efb05487991b81,3d4ff98f83099a11cebcc852eeaa3626cd7f4f7bb948e27c4d1457c878cc7999
23a1723f42236dccd803c9fd887d1d62973566c1480f54b494c6c5a46f3aaf5e,bafd9c7b8983f8ac0d867bdea4f7934c4b863a6882cd49e5458c22e7b6db02f8
23c2c3710ed30c9c13aa9d8953d3a64268bcfeb923c592812204f5cb86e66026,631e239aac270b04e121425e2fa6cf2013f26b4a6a21e357bcfe4d86e4848028
23eca9e71ce1f2d38e4ccc4e066b1d5098dc1e07424e58e58c309f4ded47d33d,2a50d3e06de4f5ed722a36926fc7ab039356acfb9855f57855d72a08b85c5e78
23edd35b5f09997fe2902459d9d1a73c236b0af8fb6ead0905e6b611692de6fb,e9e402d7d5e5f41c62f68c20c608b5d2fae2307714f1080bc12cc13595acdb5d
23f2e40ad773bd3695788eda01e27454aab0be02614acf1325c54f8b4f63111f,860af246aba7884e14b9d1f73a0cfb08dce9726c2a5aaba6fc9c0b25729fc7c8
241502778139a3be16971a26614b740f91740b6da1491431feb9e7164d8f0209,e6c588490b6be4b777cdd526c345c2c76dff99321f72f7c575de0d9fe345d08d
241e9764e0b2af1ba781c13cf9c9d0466ef97d8d147bb9bdda9fdcad89f53a86,9a1a27d75424123c2081c9a41f2b20909128b42ca9864354a960122bf3e6f7eb
2432c40f1593321ffeaf748bd29df544372308bcdf49985145e074ff53557da2,e7bcdafe414d603d92a241ed6d3428f95c1d65fa196504c64527d083117260af
2435fb78658f292af744638e40b57fae653e80563e9cd3b17fae1e7b8972f90c,b6e938810fd85ddbaf560d2b586181cdb39ccecce9f553792695c98af33875e1
243e8cee0f8ddaef6c38aae095afbae4151c5cb9554dd1bf800c087e4a582c36,094781b79362b5a1a1fa5c7915b8f2b650442b323fa7dd1ef15224d0da4f6a2a
244f9d5b4b1417141a32fa4ad64a7bf28db4f4e7ce045d670a0dec04ee701a9f,675958d592b29003a662181ececab9c8f979ab187b94bb865ab066883f065c05
245503d1137e37c02a8c3fd0084b7b267eb556de0b7514e0be29939dcff0c240,bc53ff220dd5adc52bcf2f45c2bc848adb86a8e043ce17acc901d12e3d9a61fe
247edfcc8bfd39a1751ecf7cd11f5533dfc8c9dfd5ff1219fbd25cc01e419fd1,d94a39f17c4a639303034e1290520817f927167e055f8f0feb7b29c2eab4a28f
248f9430584c03e22c1a902040a4de151ec592c24be9f3da999e75fcc90992f9,8f12235410e8ad4e5c79573bd798c20035e7abb3129c526356d6ba243563dbab
24adc09e7bfcc40911958d5633a628007ae554bd03c26933cf8414e38dbf940f,642b0ed90a96bfa900b897371f35e870fa3205741c190903acafe55eb8e64e9b
24c893e687d97bf51a4c86982328f77c47b2306835466d1fdc8b2ae1137f70b5,83991e6e96e012c17123f1472eafc5c30bb9a2f9981e5eda2bd9212b3ebbd6a5
24cfd7e674b52a2e88f88077bdaed8b2b9e378c49011c46a93038abba73b0f5a,733636caf74c73c9c515e356c14591e1b706b43b2daa785397baacb1a5d0e1aa
2551e89f80933e1dd6e7532854fb723cc20b95a26df45e5c12016184d2b6fc11,cf866b154bc21213ccde0a862b7d624432b142dbe47b857219db9f8787eedc56
255a9e99ee1f93b60015934ee6acfba3a17a40d4799866b804b2f50bcd0ce0e9,ce3cdadb8c1b17b5ee6f8472df2faefaa1b540101bc9fbf4b3b3ecf9d78bb6a0
2561388eab2bf13b1da4bc280642c12701a47bc232679ed6c2d68fd6802b0ea9,0bb26b3fce19f5c12ea2a6f6b6f40dd0d813108fbc67d130f940a522f0616d96
256337045a4226c0f2f448f52c7afdc7619f61c189b90fa51cd27edf84b7577f,792a0a4187d1e5011744b3b8130283e0d52497d6e73ee69c5701c77bb2551b21
2563962c07bcb378cf606479f33cb967606f408135565ec302fa64fcd2c690cb,de1ddfdab7d6b30434f8dc0df48403b40fa48bfab824b18000d7b6e9dd849612
25848d5773633a79880b62cd7a35304464434a0e3b97d4c3a583c7c7983b11bf,d512800ebc3f8d56b058b5d22924f3862374f073a9cace85ad973981073e1866
25b87d67838bc767ced9346b56395dd5f73dd1f61edaadb82fec567077cf91d6,b70bba34636a07069470784c6b0f8a817173b62be4b235fbd82c83744d9c3208
25d795fba30f58a75440175ed423861ea9ff8db7cfd7caec07882303d7bfb228,db1dd030cf3da0bdf28a5b9a52c5e5ede125cd5723dc94babf9b79fa6b56629b
25e8c0b7588b2cebe96ea5beecbd8bbeec59be83ce5ac7b08c1eef6a95ac8e94,b9f4dc2b1174e3e5b6c7122574318d8cea3eff92da59cb9436bf054af8b5f87c
261f01d2c203a97b4e04035d3a4d51a95feafd5105b21a51fc33ffb5c4252931,89ecc1e4d32b6686e67415a46ead77d6947ee3ad9e1a9d61d62d28f53a35346b
262b7bc9b7cece5c7b5da43f3137a20ca2e1cdae0b64af267a842be325609297,34b3f40a2bc1406021fe3d07c3b26b6a28629ff1a21754a2493a11117033e755
2643247cbfd0f456d29c0d7f30b9bd17b3d47386d1d0be23bcfebf18c4918d45,fda9678f6731bcba75e621fc075617e0e24cd99944f86dce69444da4d61c7676
2644187c3ffd16109512949674262a29425a5f679f3ac82d843b3f6b1e8e9206,006ccb5b7ae3ff2fc52bb7c5df07026f2ee178a1a0d6422d684f0d9be5259f8b
26948f4b4d21a8350e03220cfb415c808429858dda04b221aad75e35d4fb8545,20cfe054270eb8cf6775407ed07a81409b70367db09cfc8e038e75b6dcaff2dc
26bdf6c77ecbbe5a58a6d63e6e0935dca02be3437ec15854561dd9dc08a7971a,e8b323af22b2c77ba37a199b8c1deb2716b53b4a422fbf5cfe45e8fb5a9ed920
2711e59c5fc672b1be7b46341dfc9b76918c64c94dc6d919f6204221c7c2e1e4,097f875b3790a08b88fb5830ebb5dedd03770defd562399de8da3ca80ae0916e
27209c1c2bab1fa5ac70995f978a16a7d2a3bab6be43974d92f5958522b2fa8c,9d8f4e615ae1a625d93a9ac95d04a181730b5df52fdd4d02bb657d139d4d7e77
27778c1af1cd2225e964517d794a55a6c4bd565ea7fbf8b2723606df59c0e2ea,cbb6ccf60c3387630703f1742a1be8604e1c522c0712e2f5ed2e9ed521067649
278f0375da6901689bf6139af697825e4cd011b4ae8044e62c67b02b62c265cc,a8a7b748c1f0afe35da48a9e7022a1c4db781b89a55a39ff9904aebd902d5288
27b92b7cab0531bfa192b4014ba8bce4ae3fd056d34a124afbedb641bc308593,cdd22051482ef5fdbf364912801f6ced7f09197bf78c2e26b044802b71986a8e
285cc0760d2630e90c568e5018dca342482bce78f6132222fe94029d83a6f8f1,7bce45319ea3c0b66cf935744f2712ae344bf2b352cfb856fa11a99517cd7bf6
2860625066313b5e0a7041b9e764bdd18c9da9ab21aecf28bc5577e13e496296,cd725d57b30dc397a56b6c0cd23b31a2744d0458b7cbcf41168480875a679c4f
286d61e08db99dae7735698f5f6f2fbfecf0e7ac26c2cdb1c07cf73e2b6acccd,419b9f0627593e75d35b684b2af4aa7bed08e1184724adefdcdc0b232ea5fe40
28759a6932fd386600a4031436ebe63148e665e6c2f647abaa7ca394ac0ab891,415a9be101bac795eb55d0a33db47aa688cc5c0682cc85cc4cd7563d83dc614e
28f7d9e76f54c729de7426b9432338aaa0fd625014594f4277849b9511f895c0,3e715e91e7c34c790d5c0b81815a1c032455041facd08e7d349af63466be777d
28fa9d654386780c3b2f16ebc3e5589f71d392f941de459e1e8fe5e2e837ce2f,69422834b262ff44b43b3927340c6278f6ea6123c2fc7f51f350bcedd87d1303
290dfa258916ede7716d046104d0f693e18ecf9bc27547cbe3f804b9e57d79e3,953bcc0ab5a7a0566e55f193d6fb1cf4ddfce15874e1a2aff318a0d4fe1006f2
2918a537e94835e709df556866ee623dcbd789eb6937541a74f8145f9026b943,6bb68f221906fc10da91dec76a535a6320a95ea7abfdaf9d2a2126dc61fd3418
29281df518cc5e0ff0857d6bf5be14207d62b8a3ca3d09d35049b418170b82ca,79bb24069b59862d3a35f3562139042b67da932a9d81ba78a7e459c2c1f14f6e
2992d5af751f80c6c687085a545ba5ce4f616b77064ef1acb062e35537996703,ed7da2aa5c31d4c2127b99566791aa0fd3aebcb661e1f062fdeba659fee6af31
2997627f00d9c96bf0cba45d83c747e5afb43d016961fd7a7fe90c898d0f5acc,bdd3975f51e66868937d3e06d1eda37dff81e8ed3f61d98d04969eb29136ab21
29ad80250816c79fcacc14d816dfb5496a601f9209d4befb5c56dcac63a910d4,73c6ce7d8987d0782bda9557b7f4ba04f9e852fc52b4f1c5b4e05523c3de9776
29ae79ab8ef66d5b158cbff95d8c9b02cb1c520efed37000326651582ad4a90c,75f363fb371fc10cc61957c186aa7870592c72982a1ce94e27f89e332cf7193a
29d32302fe52f8acd1bf01bb8ccd438b5f48d979d7fd785f36464236fe54a346,c092f1798d46c502db5aa2daa4fc29d04c3e6f799911d3d3e4d58d2e6e08b097
29d8b4c6fe584f6f093ed5ec6e2fa5fce2016051ffe3bbbf3de557dd15c180f0,a0540166b97749324003bf19b6de0b269c6718399f50a6924c4560cb9ed90546
29e82b736023f01868a71460698582aa6483eb3224e332bb7086cc040c402c45,391dfb460a21704580a242db100c21b1a770e8adb32500ef7eb16751fc1fc5ac
29fdb9fe53f772100cb9bf7eaebee783f3133f8ff451a54c4ab1d6c2f638bf07,0ab9f23d00658fac8df90d7876c46028f729f5767acac1b8cb8c33f12405875e
2a013a2af6cd20800d827fdcdaa086f8c2439af7fc6048f83ae77588ae9b555f,6d643425ab670938fc3f4f81c252da757eb78065f53db28fba0f1c5fd3feab87
2a1687dc77185a2371a2fb8579d6d0a7d72998988774ca8828f3276cd403196a,c9781f320e9437cefa36919046d9da58280e7ba7983bd626589a7409601974d8
2a3fcdc93680781218460d02eaf4dd8c9ec7c3321645cd6158e490af8d1e82fd,91ec1e8f81c1375de3bba3d1df1243d5d197ba5d08bee6844430b07bb6a7e739
2a478fab6b31c5fd4bd2d9c66588d956dd88ed1ead925c48a8632bf6eed4223f,65c602c0f704c2ed4122462aaf3428b66d48ea3aea064b0c53d6ac7e7b312dee
2a68fd6b2925dd011411ffa7739caa8629d899f4af090aac899e779b05f83af9,9dc2a9de1fc6080f9f91f965284b81633c494f0b736723c0cd1c999aa772f00e
2a7cff65b7c0a73b864c7fcff37737aae26ed7b111c5a10e4aaeb01c4de7856e,be85f42b56e85e27f489ee7a8fdf662d12df6f182c703780770aa980fb8a6dd1
2ac4b0a4fa2fca7e34bd013fcac7bd6bc6c0f141d79f277229bae318859108b7,9a1c7b0b25d4e9131002bc6ea5957ea60ea6dda86b2f8939209e44a334068af0
2acdbc699c6f4d9a6e72e73ed638da05e16225830de243589ea683322d827072,373f87d44ff3e08e18ba80ea4c02fc8d22a571620131e39b4834733c2d335f45
2ad5bd447d083e05495641782cc1c691ceb8eddcfcec1491ea9c406ba463f516,6ef457b26200e4f937172d1488eed8cace91d32a3281b377558b43dbae51801a
2b301a430eb72ccad46023e7aa829f671c3d6fdc81c0e883db22b85f4d8a1f30,5f5a73097a50a17203a25739d0a219b29d2d7a7ddfef41728907e4af88fdc54d
2b59db872bb42042d26607f5e3bf672a0572a2a7df23ba85cfd7dc3222f29f12,81d094fd0262d6cc388b04314d68b121a6d2a4ef6e8db5f862707c1189362248
2b5a8d421b2edcd2a93155fc2ae05a5bfb44a587b118728eb423f919464c6b96,1cb3ca5052984101adbf2c1c48f147bf35db4f5017d7120771d62b62fd026989
2b935149b4b9613500357673b832da0c3e7fe810d5e6fb1198653ea1fb0ab082,76077154c276f9c725f721baa5a0b7537ebc36d505fca6a9eae949a2251b5a53
2c318e978fc7c733638caa70b424f064574fb1f3ab5b17a7bccf628ad801eaa5,4f1cc3635e0d0bd133a1019752bb57561b8f3dd57adcb8f6934ae269cedf69aa
2c5d456c14777a97a86205dd0c7a1d1c71a68aa0666589e6d27bfee60d128326,d3bf4c0633d9b8260a161ae9d8c6e9a0cefb46f3a901f35d86902443d447bb20
2c8fc5e02b1b49610de0a7135f686497ff3a2fb65ac299f26e2de29d60bc5140,816b2907fbc4a9f0c2241389e003e2b03d06bacfd326e884cead22093f8d8fd9
2c9271b87fce09de2c3b6530218afdbb52bab4ca846f89973d0c7ab0d21cecb7,910c8e92a740fa5cb0660ef3337d22930f5579767cb825a20be89116b908c5e5
2cff157aadae891927f057354907460e4f490ad02c262c0c534d8e7709a0cfaa,1057737648757cc7b7c768b6d7b7e00f21cdebf340c5e25270d51439c06abe09
2d31e1827f572b7c10ba840f48d355d061dc5538946332da20ed7b0fad324905,ab5f0a09dd3503d3dfb5dcd691b30b3da6938805e65dab6f97324593c31890f5
2d392307bbe76c52ce4f1b95b31d4f326dffe9317b6970395fe71d100e81e9f4,f515a164e41497cdacabac7ba24f2af9dd775fb9322327291b05e1a0d9be8de1
2d56cc4b2a4d2ca4b83a6c082a10d1969647919c1195b5f733eee17e3661bf92,5bbf17d4634536e78a22ddbd4296151ca55d891ea2123d4a2ac86fa2a1e84765
2d5941396211dd54b7d0aff1a348623143666a854cfb4c9851d42438bb278504,d59256a25e3cbc4ca84704a1c737c1fb867ec7e1e053c80c894bca8f8b269460
2d86ca4be02a51b4b475d5d66a963a180d74c87c3c0ebbd14eb1612e7c0199b4,b1522f2e48c36a0de5d5dacacbb70bb557d18988fa1e7321b5dd99cca4a61634
2d89311cfe9ac1d31ba0126f3f3ccfa04a54b01e51762ad123250579af951bdd,9ff5306d73c16f60d082e40d9c8c8c2c411e47777557cb98b3cd984dd7c57f25
2d90190ed1ec0f3880b38bdd68b99094961ac180434ab5c2d5458c8efb299e50,6e19a59fbe153ea82905bc930d81512387573c3f2809c632b6480f8788072f65
2dcd0e617c73f77768f2b1f9c3e270e9f60f33eb741adbb976623901a9ce747d,3fe6d14a3d80d3a1e3824a31fa7e58599955ca2ed9959ddbcc3ec5a54c85b916
2dcd9440dec1a345102e565b1c9569d953c6c612c57cdd26aa88a907c8c5381e,8a87a02c9f136f9e07b8288ceba3e087a53931f3b82f729ef350710b468579fd
2ddadd312f439eb4993e81ccf6fcca856f9bc6d7b52402d7282cd3f753bc7f5c,9adf61346bf8ad6a4ee725eeed2e7c63e4d23e42faae1b884d607f1033e3d924
2def8be85b311e9de98051958a1a3bc83003696775414b209b06c2a649ae3b34,c8cd4a01fdd26e66ac172fc77ec7482398d2c847583399742162a8655cb0b2ca
2e08b821a37617ca839304f9cdc1c6e0118894c995de1ddf2c944007c361d26f,d4cfcf5fc181b426689373fd0742dd505effe1d19a01bccb7494bf74ef8b86da
2e475de0d7cbc05f0a1383fd0de961694426593c8967c5b5775f40d3d1216f4b,c2389ab5733568c367326f3746e8e1ad741d8d474741424b220f66f2700391c2
2e5611e81ba93fa8ec60794dad9559f427aab548fad8d6c863b09da9f5dd114c,f7011595c73597dbe623ca130d233a4f0ce3ada3c6ef21da959b85505a1971f7
2e7a619fb7e06b5ddebffd7f576436a79d01b92d8bc365b89c61c4655b7dc95a,3c9d2a31ad59bdb00b7e49eb7a7a2795b2eab71206c2dfbf5991f79ddfe5c3b6
2e7c85d9c2957afee418910fbc1c201832be7f15e5ecaa9c051bdb842a70fc47,68dd238b77d5c70c939404401e214258da728ed1d70153c10c52b6f10fb6d26c
2e90613fbdf1b15ed72fc716e41a486ae92b9ef4f27d995e70c85ec830b040bc,c2acdc6550f4139f105aa4647d8b2c98975ca78007df267e57b5bc81e9d887b9
2eb8ebbd5e054a8757960f23dc5d256fe412f235e63c8a266b4238dca52e4c36,db211c044ef6c965765082ae643c803cf58decfff6aa9f60539ba551d8f28bb1
2f11e8cb4e5b8bac70eaea89eb56c5e1d491bead1225e259108ace784cd633a7,123d5b3767c75756f912b517621a955e7614e7614787a42a9a9cb9a7b1887ff1
2f3a978caf8287ac12125360512a4294dd27e54b0c696f255755376e2ebaa30e,bf9ae750870ad02f5a59716a98c40fa3b48130504bc917cdd83557624765e902
2f573c9161a3a1062645a35ef7ed44e878e692b44b8d718cbe3fd5ee154183bf,0862da685e6e314cc1ba6a91ef23bfdd8bb7c3efa4e7b758368cb7b97d0973a8
2f6c5fdfcba49f44e42fa889a3e57e645245e619f239469770b89773939d414b,0eaafd999098f903905418330efc1fdae73a04ddc5354fde288b3d63ebeda1af
2ff8a49af8d0c070b6e250400c0414cd2cb449d9b9062b02676334e8ed201101,51503b425010d9f9b4ec50eb446d7aa7ebe3a5dac5a6e8b067ea702995a6171f
302ec25315d612495e2effa94d8f42b6b86d0e9b7b3c6ae2c0386ca68972fac6,4524005d7b81c530cf57583a98baf392ecbed95eb00f15d9b519c16c99b79d85
304f56577a925acfa6fb125e0e8a7b4b71b51b0351267517a306c4d2268f4b90,d07c54a2149e4fc071f5903f96560378bbf58bb4fde80dc974a10dc605772b5d
30759c2767353e69b752a2b448374fbcaa55ee50f12f9dde5fb7d2ec359d696b,16f98957596624fa4008db42e080a999c9c02c66396c996c1c19e39976221325
30aacfad712a20acd1e644ebecf51e6e607d4a827b416bdef0c7b034458c88d1,efad330181518d6e59acc2baf7373cc34d96ca323a36dbe13ac230882915adee
30db299adc4680cb2e3d3307dc4a95c7e3d09ad37a6a32cf3f3a2dda745ee669,2e4dcebeb2a7c745f7ea8790628d024a2abed4cff6551517cec3a86365105a9f
30f73c029e9dd3ddd9c5c558bdaf6d5903dc292149a3efe0c5774d2ee60c7f60,aa83d8df2a66afece10f5f4ec9f96b470144df2da3d06f0917aa407db6244e47
311c341fbbb7e2a8a6a376074108dd851ce95e5acd35e44c903ecf66b37650d2,d3ec556005ecaf13f2b917f684b42b5d9ca88da2c80beaab4a216295544f6653
31393be7ac4c712428eb18324fd68c23dfc6dc6187f64a34be7ced708982ebb7,073e2139c4b9b4233b06646a4ad4827dc0b8cd41ca599a0cb12e5210cf3324b7
315593fad9a4022536cefde36adddba7477cd7be97f27ecf8636d60fc74f3cad,9cd9631e499c5eea91e2c8fff307a058cdb44d64fa0a93f72afab5029d7cb390
31cee02789d19fdc4ba13401950a9787efa635bfd5e8095777e8f660c124df78,ccb13594276d0257d27aaf2c1446cb083951159e5b10e527246958a3a2426a88
31f6257b1755bc371d0a3c5e6f5766390c0fd55c8be1b46ae4b9ca1b0201d560,f931990817dac6675f6b81f9f32945e9e4ccfd032ea1169adb1500a143791008
322eff94280b8293263afde8af6b8c9e2ad32f648e5abaab46a5627277454753,09d6432edcb55f5fc3e66f0068e618673ce7f8cb9fba1b21f1653f3f76fff248
3274f9445b2fab26d383286d527f2bc89222a8aca16447fd5dcc87ef0c9598b7,2724075d1156774758dc7d43fdf438c92532ce7ed51b8faeba85cc2fc013e2f4
328a168a1ab7be2e368adef828ea46ad8ea71128c2d407855bc6b6c1ab2199a9,f6c1fca6674b248a13f2f39ea64ba7aed7e76f4e1a2e0c10afcb58b9aefd2a7e
32cc37d2bce3d81e82d5d5f89fc625aef8c74998e2803039c8fd4f0450cfa060,50679fa2015f928916f1a04b0015395967220faed0fc16edfcb9289439735402
32ea5473424c954b3150529461373c35322a929ebd72dea33fa9feeb07364637,8d6e94441ab4329a9af75b5705318ce7271e36d09187fbacea85d67ec8b88531
32f0708e814ca97a3397888b223db5274b63f5d86c5f4770b1453fcf04aa73bb,6a948b3bd283d57119949852489ae88441bcdbbeecc40144167e9089ad196168
332173781f109f087b237e4acfec993f1724f228ab5703414a1cefcf95ea8606,d5c9e928e5fb60d11399c387a374ae190a529b79cc342995a3b552da05d84645
333b6bce5582253a56ca7041c4cbaacad036f8c7b4dac1902ebf5b944e69be4a,6ebb4badc94936a29855dcbbe91e4cbbea227f278d9438c62c2dc25ab3981152
33544d81cda2f6206925cb008f425cda3c0b715dd2e518f6b0b7b011dd7e0767,d689abfd14bbc549e584873b2952dc176cbf6e83ef5a70abd2b729f10dd35294
339ad01ce2b1b55f15e899b2c1bf5e06ac9c059ba8cb17f0814efd0120328279,b8e1f516edc191988baa4309a651bfe43a6cbfaa020554082f1c0e38daae2cf8
33a7a5a3801c115b877953485be0df89a3f7db714d4a788f02dc808ea0ce6349,dd1856992df4649aaefccf0b78b5076e447f485303fe1d0efbce91e78f24a3e4
33b7d7adefee5841d3254f90d9353fef03fc195309e95d1d9435954c83b9e9d8,2334e3919c4c41398895178ffe2eb9551c911d61728e7cdbf7a270e22fd57333
33dfb68194826ca9e152b44e15572e674d83d0df1c1fd9350a1047d661942e38,d337ef6ec90ad3d408c8db670329157af3284121f04115ad894b2f81f20226bd
3411fff5b1fc5a6c6a2e7c43bc9c01940ff1d587213219c9c9c27017f20b227d,18335470ddf15d565fe1003dca88cc92682aa6338fb83b91109705b9b71d0e95
34296d060dd3304d794e38ade9c2fa06fa1e84655f81d8c523e2399b9cd2f4ba,42a48e3a3cad3c9335b4461d5189c9fafb5931607b1fb44ce9ed03420a871dd5
343e748791f3aa24c6361f55e71b29d4a08446b08cfd7396f6ff44be444d14be,d4736750ee1d449f3cded472be1bf1b825d43051782dcede60b612dce45a13a3
345f88b64feed567b5c42c755ac508252a04f48125a77cd9fa25da1761a55810,2e5f059c9e3d1191a995d8c1ca3a9e701a226b09a39b8067770340e00ad95284
34662746706257ac81997733124d157e516d40db6ba3ea1dca6746e8dc4e8e84,c8d0661ad07e044a9841ad5c8504a515c27ef14636434bb93c533069ad315268
346e3083164127849be9536988c4c9922e9c2fb8008217b7334cbec562efa006,8cbc8452e18923c2844ae3970ae2d4a3699314b5190be29d0ee52d1544636edb
34dc5d6193c96c99551d87ace231aefcd2cd84dd93d9c2ffed09213306aabba9,1179f5b312bacad775ff7ddf08b44a54c3ad12bffa6c1619700b386c406e7027
34ec3012eccd43535ceca67701390bea163d55b65d32e62225ab8721449a46f8,9f815d446b64b49095e635a33f8d8d43c4130cbe81678d07d83affccea1c91f0
3515ffb9a63787b7166c35c310465d83f66229c186b72ddc02af4d4908412e7a,bafae91d552ee8756a4c942c1518c6dc79506df30e49302f0d8b9278a29576a9
35209a2cc3fc2b77f7bc13cd08f7151457717fa3a09386c8960c9347a773a2f4,3f59a5844c92ab3c8f5765a0fc9563c77dd3080322bab54a89d356ca495d9b35
35d0a7a29d35583bfd271716cc08e69cc04043eba60d8f791f3ee7360294196c,46589f1fd768d939465fac034c32282dd626b467e4185c61f25c43b088273bf8
35d0f10a0c664a3bf3bf2c159dc0b950d8067a0b848fd03a953f69c8bbc022de,d75582dff436596154927a545054cbb189699cf0867067b2b5a4a5d9c6c30537
35f93cd28b213c53ff8f13a10629153be5c3d7c9d5e5b640f61c7d63249234bc,83397340fb1251b331e203e57c0595154164816ba203a52e842c71cfb38f6e3b
3612fe224a01f4927032c3691cd79a43189566538f7f5f9f580f5a6c9e658e3d,113e5087abede76ee9c41af8089295264d6b8b7387481b52e8cd87f6d5e2bcc9
36288c20e59ab7c4c4ed5f4a33b1dde71f83b0f00724d77bfc7f7d2930da2cf3,82c81ad41b8294bcf13bed963368e01e8ee31a3bed8c3bcc99da578feeca6902
3645487fde471aed2503d8e98f16a3c6caa0d1bf5ead51a4d0ae820de433d33d,ab67d055502e50cd46ceebffd268e70daf9de9aa7a85eeb74793246f0a509780
3661bb45b34b330ee59957373a701cde367f56c9a7fa2735154527c05b06466c,f918ea7ed51c6423432318237865c8d4a37e76cdd75a1e512572ed44ad929878
366f104017cd6490f5d74e2213f3bea63be1d2d48d151ca57500ed6d3579d617,4870304f54305031afbf0b6feea815c9161ea7226ac15c6cc580e4617efbc0f2
368f44468c6ec9a840260ed060e00c4cb260a7fb531638517bfe8f3c5e20f4ea,edb31ca9f899140520e40e1506ca239787b8f92465bce56dcdac1bbee00e69a5
3693c9c0e2beb9f2a28647d712d132db33bac21044f8bae25affb0aea0d56569,8501dc430ff9e862f4694958fda7213de4fec159c073857fde9a98db0d4c8baf
36b8d424ab92a40f6ec87041f5a15794faef1f082a8c155224c3dce72a4f2349,3934abcc7025e969f58ddf43a5bd44401416d166a51fd641462db9db03c3a0f7
36c7d479692b954b45740945988b66cd7b71c7866dc8a54ab96896e26efa6812,e03d0d07ab40fa45d8a40248a771f35a63007d83190535c3e1489869400dcaff
36c9d80e4c732c4e63a6252f22d60b08317645fdcb5f370290636537212b3b4a,6a0af738e0b4b2b8d0d87dd2fabcd05c4e1d09ea57c30684855663e30d0f2d68
36d8615c4e44e243d53d3f5598faf6518ea3859bff749bce7e490158017cae00,9bf179c9ddcd9b751b06986126192cb26cd8c6f326a3cc1334476c308d8cc19c
36e775fdfb43527edba02f721c24c9b0560a557e4daad46ee8b647ee97bede8b,1fc9f5e14085646ad7283a592b8b480130458f71b0c3d936db30a60321cf913f
3715abfef55b24201f16937d9c4bad03159a031dfe7c533e88b536f5bcca5e44,44edda99e248f4ec091d74905ba6d3608d584b73aadc232df055709e61598257
374dce8a8965962c997007adf8f81d4ee1c06b015f962016e24f4c8bb0a11d11,44944f9cfbd8d7412efd657982cd3272c591572e66e52ac4fa5bcc0d24cbe99b
375244292c0e97c947ca859d63974c37d74c5016097fe2d4d42abe045260587e,7b2b84ad196b0231c9a3fb574178a9b860db3da83bd4433986de7ca3a1215ba5
37953ab08eab0e6745447463be15aff6576f53f225b689332030897bda401f06,afbcdeac8dc1633c730c244ae11977c27cb7c42bab8f97bd938d9765d540766d
3809b28b3acc681df3dbb01405bd2d9c01c0368767f47c8c17c2f973d65e00e6,8e5f005e4a56be505a713984c2bad81056ba0a246be3b7be32068f5b11c53488
380d564049c44ff65aadbb5c0f5bf12ddb23cd1d1870833492225a73838cc0f8,b03158921c970ef565b37815d3034ad691d4c150292ddd0251dc99c1fb0d2f73
384e9da96759c30663e2b1506bb7d62cc14316fd739e82eb9ed689abf58ee42a,779c0798e512feca265841f4729c233aa2367e2e1ed2acfeecad93eb23719e87
386e7a13d7d6823f8d1a9fb73cccf9a5524462e838fccf9e21aa2380c6525e56,23da763bd45949e721273dbd4de5cfc7dc09aa2e2e0614c515e03f0a8d9af077
388c7ae78aa34211878341761908382ce7e50ed2963e3975e2af86c21c5a523f,07830f3027689e2adb3413f87b9e21a5a232a019344ee1bbf14857fc020e3311
389fb7520148550231496193bc0187a28f68405a85850b95b938473e8d325f8d,8fd69f06cf76e3e0322420cff639cda46fccdea7f5d536d751c5e0d17ed0c900
38aabbd3fff5a0ba3a8653bc853756816587fb96299ba34134c73ff28d4858da,09daaf5d93074e399b8754df1ed0603ee177eae8ff18072967263a291c5e5e2b
390befacc7acb0058d8a4570859072fa9c012e526a2d47083d8805447128e0b1,3909ffbc5775af4ead629a0f280a73889da41d9be8cde371edbf8c26ea7961c0
393eaaa7bf6288c44695d50a1d6d334b14661f602b425ef4d59bedd5e996017b,3b71c702f28b60a73b0990c7f4f3123c643b3014cd8b5ec948b9f122de749d5c
393fcac24c627394c001b66f605114c3203ab02261fba812cdd1a49c66329c60,ef4db1e437bb1f0742adcd06d08bb67ab2e1dc57454c982a59a54c5b03b99113
394f2f348559444c6db10293fca6ccf0ce4ce99b41008cac09941b4c603eaf1e,d5c5e0c7f790b21cea981d09beb1cdc521c7c2eaef9bb6e80e08647bd4704d45
397addeef30311b142307b1f41b71c6d574a7775a0c2a6738228466cd0d6101d,9716c67191325f077c54506bb09e8aa5b1f001a14fad5ab077cca18a53665084
39862a077f2fc64be375fe4f1bafacae4a661c6f16d54c3ab1a7cd882e8cc16d,1713c9652c17c5f8cfbf509ea3f01a1dd39eaa0aacbbc0d16a357672c7370910
3a26aa416fb38332bda02cd6dbf8a9e2e7ade0ec27d28e33769ef65e86271bd5,ec468a55f76c021e0ab9aa94eae920de9680b4084837651f0b7db4e9056c1e40
3a2f5ca64c0424563bd49be44b8ee804d05ed69410b4f64ad18a1156e1a7c7e1,6e3cfdbce1e079026ca9ee14f1d6272613c596b24c2d6928757c9d6e4a139608
3a464025c61c7e6e8f6c693be2d5b6a1646ec238415c6c281e9185eb0112b8f0,8f5ac97bee8486f078e240b09fe134cc9b336b241754487483da1369f743a0ae
3a4d41db0c57d528c333816f586e2864a168983c2b57027903eb5a9b3eb00734,2a5dcc9173baaff5ee918ad3183418adfa971a582ccd5ac9fe69e1063b56e6ae
3a546ed7f8685ff0acacefb49f8bcb7146822db55418d764e0ed868c652ed949,1b3237100ecb36efa97115beac2293c05398b5b4143109a6b65d06de01b41c8a
3a6d5226c721da349b598a9353e4cea32de04e43cd91d63cbb1d5b324979273e,b8f69e489ec6e236674052a5704895f1b1ce9b0b83887987b0fc13738276aff3
3a740af9a0c8d1c6d020b1c075902621e8600e40c652852a2e6c09180054cc5a,5e169ffd55f9a56497deadd4a1a52234f277c0caaa6c848ccdf8073445c51d64
3a7cef1c60e1b3387c20f02aeacf1ac53e82f0b354c691d3d5bcc5174c4c37d6,de18a2ab4e74ef9ad49822a9ad9f5f0acac43d0ca9d7d4bd13ae926ba8209557
3ab1bf159d524ec2d117cb6d16795c442be74b5c347c3e07ca18c96bc50c15d4,eb9754608b892255cfadb14623bbabf15824ca2883dd754c739c4c1d7df63cfe
3ae79cea0ccffc592c2f98cbe796ea3795ef0af9192937e8995ef136f0601f1f,062df79cf3128f8c4f6ace3caa6be8831cf25db6895ee2c04c904dc21ff2c7da
3af1cccb1d86f7423ee223e8f576bbf95855ab1d1d617e285b7e6c4e77d24e74,755c20f34f8fe28130272d5ba3614a2bff63ece3dd2970f0d64ec54181a4fa2e
3b517996bfa6f338f75542ba69f401282d3bf9a40b1f2ea9d5bc818b1b75f514,273bd45e5548da882b4f9c0171135855d46aeedf8c68c4549ce3ff2ada5f5178
3b6acf2f4f718b9228d8caffcb86d149cebb7057a23dee09e9e9768233df6297,0bc859f4a64c64fc767ccb681a0bb5f306ef1bcd41f7131d8e7eee3a55fc11cc
3ba23637505235d4b146eca68204d7c6d229d23589f60b8346e18b747e5f7c41,9a39714046605d1ca0b7133394a7fc9f19947ef0e1845a9805725e6a34a61da5
3bd98e821fd318949d445d19f52be365b81d35747f01be0f3cf774f46085d0d6,4b78f173b09d8cda09196b41a425c799fdff903fdc981bbb93ffe6aa51968f36
3beece4d239a0b25cf593915c9ad5899487e505ba9926aa156c075f1d88e9355,1e9dd7bd0dff007d5ee65a5fd3c511c3ee4d6547f4a634663b06d02b4bf4855f
3c219a7ee4da73065256fac12610c7abc84349db38af87fa3c4fa3483544e3dc,796b8ffa943c0d48cefe8b952d813d9f750ef4a05b950c1aa7b7bc580c6c4eee
3c297b39e9f4261eecc950d5f37721fe4b7797d207265767afb2a9bf8bfac46a,7692e8ce7c76d7224a8dfa733b3872acd880d385f64dd5ca8444ca2fe3dd29e6
3c4ba650164ffdcf638a70274b6128479ceb75641e8930bd26bb84a22e28135f,e393b41692583e5f3d44db786b3e40720fa56eac3da032e810f0932c151fc838
3c5a9ec1d2c87150a5746308ee837de371b489f07d46cb24ccd53f0d820d5233,b93435f463d157bcf2c390afecf3824e915784186b8912ede4275cba3c02db20
3c7fe3abc4ddbfe00137f0d89a43782bad4d49faf4fd91065c96a37dcd55b7f4,d3c6373f5733f9d827ec8d402564bd49e0ca8fe77f3ec8adc4d4f449d988978e
3ca1689be4b2cfa8dc568e8ee98468bcdae17f02132c2c052cc590f9b3c95dd5,2c4ab83c9b87d71a43c69b21401599b4db371966654ac102e80812d28ca1ee23
3caaf4a51687ceef16e982e2b77e6f24385e0782447d56e4f8d8673a50d7f436,907e32ab0bda6c74081b71813c11bc1445cfbb50a179eb0c583af0398ad52ca9
3cf14ad0798ff2eced05d1cfc12befa86e8ff2544cf50801566de92d28eaee39,d1b46f0ec9ad196f939178d4b36e8125a05b93d2f9a7f36025d1cba1286a9ca4
3d22897e81c1bb4dffcfc96aecf7f004f9b0fda687564d60a7aa6e9a92d9d2b5,f5c14bb8ec84668bc733de8f8e9440fa7e08c1d639c50d15b77ee945e8ef98cb
3d449e1206772c4e32e2a3c86b14555e120a600a0a53d3a576433e523024ed25,2f0adf20c951f37d21e49e350446ff63e497c6e9e24f1edad26f0815200b70a2
3d93fd28b4bdd0f3922d6f2674d758c8205e3d020c436bb8d5a13aef926473f3,68eb038ee82bf2b307eea4734c1313d74d000a6a6208486ec921f95a9f82326d
3d9bf14681475a353a31e6493757af7d6718c4a00df2403c873c744c7490d1e2,d0028f96eb3d7ae3d619bb59a7c6319a1a4fa9565b51d50fa33f15d51c1916ad
3da17c6012a1ef67f8d5367081a4faff5015f6cf04489c2fc6c01c108d5bcb47,e766eda511cfb9c0114f4da48dd20b1e5f2344946e47fd34ffc398b3cac8e308
3db6994d9ed2f1b54a590b6da11a87ea758cf5ecf59e193e250b0fcbf7aeea4d,979e1b4f686740853133db2a25c2b88938833da2f1c663a57aab035a9e8ece7b
3db7f4cefaf364f55fe1a6d74251f7d4408f11c89e7b36563927e107ef8d2e54,90b07eeaad55fb9d9eb277746e0456785dfcbb5f70d8fa036c051c82573f57de
3de8ad30c18b0522743b7c604247624becb96b517b7501ea8e4b50934ab1c283,f326fb10cb415aef11361944ef1843bcbcfdef746aa9c0e6a4bf1047e679e1e3
3e1c7bdacce881c68ee43b5e3aa434dc469a0cb716518b5547564a0ba987a455,f267acb26a80ab9580b1911af1a92dd6fe3a0d8b3fbb54ecdad9802098b316c1
3e259c81bbf4db90cac005a17d9ffb742657e3cf270cea0d419795656df4b581,9d50b0329549481790ed8cbe23d9d215075f562ca2cb87526f65256775db0ed2
3e30ab5e615b56672b26d70028b253af6c2cdda6ff55436ee89e987fea5870a6,64fc4a7229c64960f557d52ee544dd0c7c526f37060ce23ea7a769ddef806558
3e4d45a7539dea45270245f407db888c00ba902743507613d2a9c57c9861c3e8,9fad94ae55d436d64169d4f06bab926a8dd66d3e788bec829e62826bd2763b1c
3e5558feb4189a313298b25c0db96fea0fdc30036f60c055d7f0e5f6a58a90cf,811a234f60bd3e13c3d202efb3c2d8c840f01866f21a6a4b28ef8e9ee8204495
3e6b11abbdb1a53b71baa2aaaa4f3c8ad2001232ab6ff1e66c59ea3f55de53f6,7be6a196a359359518c65da36afca84002674a2d156b4a8f4d5a6eaa44b7a916
3e814ed0229362020d2912afc80f545def63df5e1e22739d18eddf5df29b578e,dbe0778270ac287d07388f73af9e38f09a2bb97932f4ec14a6947f80eaf62dc6
3e913f393ddb788583acbde5611d2ecba26de92919fa515b94b42073cb69f096,98c592d7aea72ea2277a748e3fa45afca8dd27b53a113fba9695e3c1d43c6f89
3ebc09e9805e5cf8025831bc42474dbd522aae26af8908fd1fddd616065f9ecf,89fd7af0c2c87343907c8505933b681289a07d397df2d4e1295b46023ecd2931
3ec2227f1e3f82abf653cf35af92fb1b93ae8dff3b67ad490c8e8e957aa0a779,e729e461417454f804a6d8575f16d96a87a4fab70941c4d1cab7c77b808dfdc8
3ec4b148e2ce411655f90a3782da9cf39f79a0f04084d721086a49101f132fd2,cf06b1fcc86ef1ad79ce0756014b6c5401f658e237d3f0da65f8e1717926ccfc
3ee8b511eda2e81dd4fa9f4bb192e2cf1709eb7cd75011999e790eec635f1f6d,8462838ee49fd3351639d1be6ca7d065968b5bc33862e34e39bb30f5dcd10003
3ee9c985bc033fc7d8db44287f8b1c7b82f8631861ca3412a410582396a14ab3,29e4fba79094b259ae2abb190a2f5303bb8cf3730344a0cf2a3dcada3cb765c5
3f011753cdb37c508344d329aee9cbef2230baab3c72c4e09b68e73542864bab,88b6c919411920c77f7e4b0983253b511219f38bd70cc1a471ae3a4fd90885d2
3f0a09d6f180e27cd8354212e942faa23541ab6b0a20c2b1c42a58ee50558d81,c8a228932da9b3528cbe8db6203a2c74f69d33be1df5f8b4b8888a7a0e77cb85
3f6f77a0b3891acb26c3c3536bdfc59459627e4cf986da24e4b14d61d8dfbe23,56d1d3b5372495b11cfbd116a0fe339c76f08b3361d3890625e46c8ef28e65e0
3f83a7b6d9afe258d20ee7014b501b33852ab9ff0e2b43c728ec370e221e8eab,b749407c8beb1589cdf444a1f5ffb11fb4ac984dd60b1c15d2e2ad4c23abaea9
3f83af0676b99dea8b9e036c7939b874addc0fcf1407b29154aa7f37f4778db7,3f2f760c96429cb7800db8baccca00401a5e47c33010e23f69e53edabc52c2f2
3fcbd95989291ac956c0a4aa9c625b263fafad9881ec5bc549b740c9d8de3a88,25ed31b1ca74528e5dc843c413134ed2e1470f45abda93f11e2cc9118e47069d
3fcd97419f5653323fe58fbdf3b2838ac8f7d1b25ed2bc68f96adffb3cf97f71,057d06d9b71f79aa99bd3491aa918dbf7bb9f19c2fdf6737d9c6ff7173aadcf2
400c7d22e31719e67e32f8776373e789c4c3af4524dd4a524b201854a6c90b87,7de12a05b04f0e720c4ee3ee54fa1e7e8f2be25ffadbb8013ebabcbd926d2bc0
4022aa6e1fb60f88f7bcbd77100c9af00e0e70b839340acdf97c30fde7e40e4b,4ddd8caf00272184227f1816d4a31895d527305fe5dbd437ef93ee4f62ec8ef9
404acf8a6f6469a0258e1e3a3b1cacfea8897c4a0d9ea50f454dc44138539f00,08babfb50b74edde794b00f6eeb7e2173016fa41f9f7c25aa7f684e7aa4404be
405340011302405d064940f38386f2646867466172abac42ddd3bae5969af450,f9deb1b98faf63655e68b6777efc503f041264490a431c2c565ffa919d320e25
4075551e9301a915b80fd20547aaa582940f42e43e2def4b954b2bbc95aa431c,3d5a4993e12f0f7eabcf13d2f3aa752515e6b1fb1e69071fbec4d3bb0bdb304b
4075836b30eb0683f5b43d168c25a86c8e177c613c9925ebf5e57d2add2ae55a,159e3fa59183d1668c8be36d903246f2f3a3a79a56357ad3244a15cdbb45b5b1
4075969e8e028f4d1b2eb2a8d6abe46ca8c4291e4a4018b4022044e496b3fc17,167571a4279ce1c91e8ca046f4747ca3b644f0a840a4702a32edfc75bcf01924
40df89fdacd1e4bf684f025accd67ecf4f4ebca7e422cb31d92933b27596b70f,76fa21d8ce6bd2ac04e85a099a580a2f691b6aa20f02c83065dbdd8ba94d2c91
40e32598cb22156f0719914e19d96f3f251dba87ffaff2dcfd792fe99b308b4a,9ee67d0d67e755c48e4261effa4436b44a0e3af3fbe83006cd96e4ebd092f434
40e5ef18c7eb8a1398447525085381973466311e97fdf7355db427559a44d43b,404f3bae3d1700d9305a520a604b2d1291523dc8ca87043317e50623e3e65144
414abdf3e990ac4b175f3e458235a80f16af2b98d09acb89fa1f09f61a849af2,ad694428d7d5c5e16239795de999d458812bc2156e06d076812e86ae09daae75
415c335aa4022c9a5092fc6bd0c886a0b557b034a8e38827923381b374549899,70781cfdf2e5f57265db360c7a859d32f6a3fdcc1bf65f450e4b344891efdc33
415cf791257e8c8061d52349baacef99b8c9bef11e9df22186caaa31aa1b7b41,7f88923b3c03f1a9f92f54a150d25e34aa5451252697f3c4f66de4f2633af468
415d2aee9a9224ef54e110758bda9029a51a48e1d82a0f6d9236a49e2bdf3b8d,e4ac0a5d5c210e0ffc6913ce7f971f66bb36c8e528b1f75f6996344d8b985b79
417b999de4d699665e95a5f916a6a931d3f69fe51aecb9236810d5c5ac66ff3b,2313a0120359e45e1205e41c083fef9eec103039c397eaeb1bc11a0c9bdbd0e1
41b65dab672ea854744055546e443e21abf3cd9ef1862f9dedf77613d5691fed,b000cb50e30a1e6e773502c528c63a65d46d07ef7ac1ae7b284203bd9d8bbf88
41ba5a6a2ec8eb8b24bd975b304a49739bd379602721155c8fc1b0f1e78bacf5,12495ed08f8bffe83119bc313cf239529d9babc597a8bca050f47ae500c8fe0f
41bc1b3551e977bb79cdfeca910ced730bb74d734a0aca8db77c022d2cd13510,9d016cf63b1fc9d3a916862d4778f91500cc97bb9af5cd04223e47641fb1383e
41bfc257122ec301ea4cd3a67b6f849b4d0300e7253f475f9091f9d376a5e3a0,b98598ba8221fe75960928448330ee5a6146a2a681914f7e5b608ceca630612a
41d27625642b0f6de1c077b7d64b4fd560fe90cc918b9d4cf5b5480adc8c6dc5,1a2d9ff3ad6db0b187b59833ab5818df54bd45a6cb9df385314fc13c22f36fb5
4200563c586b03f9440055b33f7352d9f4b3686454fd3cfd2187e580cf1c5915,17b953b35db85dd34c87145ac50082bb3a259884b92c84cef566543c2e161d9c
420138907f9a6c500cc3723a872afbcf8f4d87522e186b42f20607698491af78,836d485643c863cc52ed5e7e13e2d9a82a411653b54c458feaa493ca90de4dc6
4201e090675db36003202ab36fd2b5c7aa176dbb6d4c4c46607197f6331a4da5,e963da8921990ea6ae333a1dc92c7393eab0522a823df09a6b1ae48e1e089b11
420ca47e44bedf0bcddf8af476f796986a0a8b2dd6f2c4f2c53176610c677a86,0b3b47de1a3a1a517185f3b7f585effe1167c6e1c46ab8064cb7f908b69db1bd
421151c6800d2a3da31012da6f2cef9b439aa7997d8227c431dece23375ff125,5c019f75f64cca53f26293aea2d481bddfb394a4c8741c7bd47ed8e55dd26209
4216e62b39c62be8c12e738c6cbac1e8abfa108f7f464eae328e17ec0a3b03af,1f91ade1849b8cd18f0c6e1cc09daae56ab1f5740b2be871395bec22b0ea0ea7
421ef5617f1a5dd8e9df261beffeccc9f748033ea97c93200eef101a399c3e82,2cb0c53a1167eed63247b7781c4afd7b01fbbf2680e390c044c60f670381ab1c
422cc3748f71ac85e1562e5fecf5a8d29348868e5d4a7d2adef8880055d4e7b5,483790cff7bcfca5e60737017925ad27aac79b37a960dfdd616a910b9c3b6f58
42b01dcf621abb25a86ddc837f6ac58bfe27bbf959f67ddc145c1670a2ba64c8,4b981913df91d72f6ad87a7fd06ae25b3c3442348dec86924d6d67b5c685b146
43074ade80f2333a622f822c68e76e5ab7dfe5abcd3450c102864dc1aed53e49,01aac8a3b6a27b3805a335c17885134671f1dddd2f0fd6895a2262bd55d2d3a6
43286cc4d805751f701bbd0d6daf20ecdd9da10c5d05beaf825a742db9a08bf4,9e2eb02f527831d99a5373766b3ea068ceb3efd8a3579e547a0ee49ea5b353f9
432ad9bf62532e94566a854c43082bafb3f493b0ffd99b030c164b1ac3230243,8cdc47c39dc1dba45654913302e85b9eb5d24f4fdb56d64c8fba74a4e94e8b4f
43437a7c9d69f087c0eac5d532989ba57af52f4ee590f23ed54f0af8928d177c,dd0508ad7bc572708f355a64b6272458542ba09a0b8c004f9cd69f5a602a0c52
435e3589ff990eccc0e84ea5eaa478e1c71dd9d249aeefa0ac8a68e36d025d96,ee34ee96810bca82d13873232d7a6b45bc668d711194e27f6cd41b784cd0a12d
436dccaf01f2de459a5a0555e2df8345f77eef47e095834a19ba491c5336f05b,f7c4917e77def8e53bc500ebffb7c7eaebfd7563d0f8fa3f84e0984b07624a3d
436ef837380e2cecebbd112e1ddc062a9e7c5f49bf441106fb4e9643120e3131,41df4279262bfe07e1f24cdf356e6aea99b7e650a64325a552e2e7ba5cfd0e3e
43e01d94be48b5747ca93b775a867003d2b163d08121bc875672736ab67ba284,3a3490e61c64a628d79da554cdcebc6623641b095249e649ae1cff06a838d12f
440bf99a7769f0643b8786cf4ad6a183b07eb23ed0bf83e20e32e7cd3ce6beb6,eee369c1ce2c095a26467aeb40be79801725a2f3dc8db005a80e840f0899b286
4415c44bdd24f0628f50ee8ffc1730b506c23987f69fda90c5edc84afbda05dc,2fe1549e070643cc68c490c135f685eefc6db1d50c73508590e37326a8f0f370
441fa2ecdfcdbe5a147201ee652b007d1af3350684e7c15844d222c2cdac2fed,1f3d59b6581c090f141f7701fb9b7e9f0c25d1c42ada05ec3607e0938b4b39fb
44289ba05699dfd72a684203c35ffd872db59cc78d5ffcdfc121025ec28747b2,c4da375c673aa2a3e5af64b1952f54e679209a97fd1b75415bec047eea3e9d84
442f1a5967dae93dcd3e4b58a3504a0a195db7080e183982e062233f5c653a49,9db35208d9cbc15528cd04dcddf8e797356eb0cba3b71918f0a832d2ec9b0c48
443e824665ff3f0de6ee32f5fefd1b02befb84caabc7392da1cb7db631fcb031,e011ccc8048240dd009f6905d332905942470858eabce5379b5570ae5985622e
445cb0d3de910455b96cd294681cbe8890c68ae8b3750f550c1f3c7ecf360ed9,1403ec403c4771ae13b5cd2d2b1a245f0b4cefd4b918e353f73b914063369dfb
4486ca456453982cb6e564094306b3532bc357d386ff6a51cfbd3453158bd82e,ce9d5ed0f17ae831768ad0c9d954e0486e2cf7dab02308eba332b16e70e003fe
448b19b3219aaae4241dc675fa18981957b972b6e82699455caece4cad6872a3,c93f5f4b16b8296936ddbcb9e45b5347764b9c3246db485fcd37191371e825c7
44a1285441fb6d14a6dde4c6eeb81a0843b2bb93c9c1f2e0340dd551a849b2cf,518e227ef72e87dd029fd15458aa6b5abcb09a730041aac5e475319d4fac7080
44bc6f73d516c3a78b9c15a02ab780a343f2312f8c18b398b8b16bcac50173b9,cb6b69da24f86a492c4d19acfb066380d7c7fb714310b4aecfbf4c477986e253
4569c88f0789019c542af4b613255ea4a4afb1622d1a566125d94c9271f62578,fb1115a63c168189b2b45711d919b0142cce443bd5213c1fddf514a0e0714e59
4583c0703193d01b64519501480456200bc1c8df8df033fd36cdf27a95949424,18ff35ec69e8cddc79a80c99330754da4bbaad82d56e99f1a0f4871c8d1de477
45f873746f85fd5e569340a77934769b43e42435109684ab78ac2ef1102c770f,8109e478100a09c2dc4e4f5f61324c12ddc10a8fda78e84b5d3466ba873adde7
46804a1fe1d4f72cf67494b433f9c80e859bd3f59aa941f290c6f3ac55366c42,4ec0c75d322d528946b07d42da6a1cab64c70ff043d9ff2b111989be712d7120
4684ccd2b7dd16a09ae5cc3c957e829aff0b2e57dc4cfa6f2ff7badde80533d4,44118e2fd00b5b93f45c07c9a2f8263e31e91ea8542219a29579c66f4ed5a78a
469480b7d4a1c0a64abfd51d90d93443ed97403c054daf60e7efbf78683dc190,fc5f4f59936cdd092602aea16131df84c041c967b5a9b440f34d130a6c36cd0a
46c0f38e8b829c2cbbec0440b234d00de49f97897e867fe7340e665434c002dc,021019f71fa2e92a03d99711b5ac06621d86de667f77aaecc0301d4e1e19fc6c
46cca321410a339b6fe9b69e473b16a8401c0cff626fcd9e7b734490b8869c40,585387d83ce3e9a4792e4d4940a833ff4d26c3d6f2afc3e25f0effea86bd7b92
46d4311f682372c12b03462819cc18957d770f1231c9e315fc6efa8e629a7510,ad1d73f42bb1539254b7b854e3e3807046673c69e2b5b5fa5329e1bc03b7fbad
46d643a0d5b8be6c237afc6edb33107bd9cd97c5c92d218b45ae5d024be8bbbe,2feeb0476e2e0a83ab87cbe741f39a7d781c91bc30cf02a93d480ec81e459bd3
46e92ac75ade14c6f8f58007fbd96c77fc2713e0d884f8d84a8295fc5923a4d6,0711c463b0c42cfd1d77b121d3e2531703e6bb97ff2dad1c7dc0e8de51fee5a9
47267eb3d604d197b0ceecab5b5f3148e23c35c86860e7f2f172160653ce0765,3016c827c09e0eac58f664952ec9aab9413a0117c02b2e6fe9734c6f7d0f3ae9
47352124ebbad9c111dd3710b11b1db0a9db6826d8239826d43163a0cc597698,833f36dc30e44b0b0014b3bfd8634ca58eb8aa6db6b55570b2bb9642bb43490c
474a883ac1bc452714db36234798196300e77ee851ef610606dcb0c0c1ba2849,147979886aed1cd1293adca047663ec08e9f39781a0c81f634b4c37268523862
474e7c8422795e9b68b4c1942d3ea6b57238a277832b30b52d3652fbb6c2dfbb,e612813b22e46c6f3d5aeccb9e10972f27a8ef889a76e3875e86f35ba69f76cf
47890b548c54fd2b0bc9ed81305428fac532fca052edcf46a965404c36792d83,b98b229ac6d78941106cd2b43384dd4d047a353ddaa835823448b363c8be1690
47a3cdc23bc178be8fa712f3d89af9c55e015fdbfa1dd8f5639a187a4fae6326,ccfdfb02d198691268a61e85903940546316fc3d62c9678369d71136f9b9bd0e
48104117b64ce0f37992d44cb1a6928fbb89f0e9ac81bb6b81fedc75a181f9a1,ba70298f1bc815ace051664fbce1d35a8fb99fd81407abf60ee06e71140585d0
48164f6f6cb2d9bfd87ef8ea329598f7e575e324d2162026a7f1dcb9116df0e1,a16e92c8349d64c0f7715d0a6f483d4297a6d9bc209b9257b6bf61289007717c
48398050f69a06c8515db21f456552f5f9d1d6cb22f24bbeeeff7db6adbe0dbe,94eed1252ee1eb5ca56b19b2ddad3bf2a222e31055adea4c6a375170d0039248
4850edf5562017e1a8073dbacb3bac8ec8bdbe003fe4703d142dab786e27eb71,7d475256da83601c05f91a19b0c484f4e575d608cd4e2eda66fdc18af9a925d8
4875a39e221a45dee0db3355624e125b1b4bd84e822da5c8b9a3e7357b975586,cc99c16b6c7dc38bd07c6cb75cfdb187a0805bb5edcf33fecb013a144c14596d
487b0ad5800274f34e435613dfc19dd39dcdd8bd62a6d5368f9c3f4207823c38,f5a81e3e88bf5fa82c4a97f8e8c5dd177814a4a6ce6d7badaf0100b5e47af38b
4899c8d070eaecb84a92c46e052896c4f59ac23ada35802b0ea21e5177f86cdc,3013dbb635cbb7060d7327ad4f0ff43b66ebf48ef77f8d2add53e7dda872f5fc
492d4a5b71f7d0c328216819c7cfff56447a8a52a298938b2c186d661d565bcb,a060e96c6a0f5124d2d3da4da98204236f19c79c7b7670b32913add9795bbc92
493467148b9da2366241196d6e036863f32ae9e3a28753906ee3fa1c29300e0f,dd17d1ec83da2d79fe853714b407bb6eed6a250890129d1f4e9483d0a44fe2b6
4951d797b8eb4ee2e62c7f1c57440e0e90d2c7722947f0cce2ea2f2ebe611874,deb4752950c207508d57045f206856602fb4a19b045e4bbe0b98159c9e8ff9c9
49865f71ed1f1b19c4d3265323a746af28514e114b9501eaaa15258ea1b948b1,c9ac629e941d53afde3429fb03d9658fdfbfc912e26feee2e6ca9c42af8e0172
499c445d425b2fbf964d61593bd8e4fc8ba58956cd288f41abdc7f2efd529ba8,b05728e0b2062d1d279faaefbd176162a3dd67f89d530e679ed10338aa12458b
49a20511c3531eb56c392204cdfd5863f03510fd0842171e2e15f46121691bf8,d4875ef7f9ca421a90807021c798dca15102b8c8ea58b23146b6ad96b57d6a43
49cf875d907822c79fb30d5bfff7320f9a678788c04984c684edcb79798e381c,13fcea2dcc1cab9b6e92899d0bc763f8fb55924bd3523a2f4d70cf5aec0ea42d
49f85bc77d649567ec6917e685042b395503a2cecfabcbe8476769092760eae0,24463d4a1cb2f7e8a4a6fc5b68776d762dbb1380d77fd77792ea54a393759b80
49fc7890379d2f0a687544087ac35e1d0f3595679efddc41d6f5a6e91a66f171,2a7be31948aba676c8a5123acbe7fcf0b21d5f96489a0b21979bb5cd2e0b5e27
4a441bff40b62a17f3719a7804e89ad2d48444cc9f82e22a3165cdfa3bb21e6f,0ad0e1984ddc7f32a1877ed788662e748eb1dd990bef6cda80f2afd381fb46ac
4a674ff3b67c88390baeed13569847650cb2cb1504b981d8ba751bfa3e4d9422,55c6b828cb85f5d23a049049afe22039f4e2afb283e4066b09a4a6fff8ae2834
4a99e27168f0715e8dec757d6433c764f7fd7c3d270b5024679bffa7cc7a05bf,5321fb8f8261027e7f631aceb6f8b75bb51c6f1f538645bc36be479ceec7e826
4a9c7c65e41019eb33114a6e85ce8c36dbfa7e07220838975df82c031199abb3,dbb61fc813b6cd316c0605bb97a2a1ce76974e9bbbeea8c70980951f68029968
4ac963521959b22b80215476adbb37c856f50b9a722346cddc92541fd1fbddd4,3c9c8bfd00e37d58f74429a3abde5354d7ad339661c8ca345c23429116ae715d
4accf2a4584238a4b7ed6eb647d2da80b0c5a8b10d9d53fcff00ab5f2280c3f8,f45cf339c1b5508cc9c6bfa7784f7960da201144ac82f9ee9dbaf145a0e953fb
4ae626ccfaca996abf5fe6b24271daf9b99e2fa881aeae9ae02ead7bebb8a1b1,1e468ccb57d1d0e7aa234acdc698effe7c4ee9e22fbb4e4d0de85a732c29d3f5
4ae669d06b46a8b88ee19236feca5b0d99ff22858f25ded0df03186212962606,be5fb118b2bc348cab980796b8e07f259e635291356b603e66a6ae6708de3daf
4af19f541e34533e3041550bd95bc003de0d59f8ba7017a61f9c2e26d53864ff,d2c14b061ca1aa92da2061c96403e5b9f3b46c8841e103433bc363c754faf175
4b2043f0a4999302deb8c89694002880cbece781eee73976f3e7a2daf42da777,9fdb42185c4e64a5f556f5a377568953871b1558006e77db5ec19f009d7af667
4b2ddd7273abaaec6aa98d1f24fae4caee4d880c2c66eb282ef0773ce6695858,1806a1098475a73bbdbd7820cac669cefa7bb36cce5773b67ebb6a861e1d6bd5
4b5312af483c4c4e4d4a2607185ea2fa88407d8ebf87f42ef41e1ac558f218dc,6ffd3ce960436a72342ad76eebd7fb2d04993214394a5e48d93b2f0e1fd51b7d
4b64f460af07c9cb31a11062c3b0913b87aa176d7aaccf4cbc8594a15fdfc079,4402d5ab69369685ddd30ea1f0802250f126808a8f81e2f90a90a23fb9cf7f03
4b6bf673c833f30c3b402bb7fdeaaf176f3901c3dc52f4e981d0dbfe77ecfa8f,6b836e4e235a0f25b195f12015c1fc2fff78b89c4e70aad2452ba7403f8016f9
4b8aa9d49dec95a26fc449a2d133b3d6ad8b5a27df168786d2a61751ad790b1e,dbfcf5feaa853eff1bf113ca484f7230b19c7ef742b705be532564487eb709ba
4ba7b5529b81338326ccccf9770cec9546ebbfbf730fac3064af3ff4513db343,09f094ac27a0efa40f7788f123fedafac11181cdbacdf6cce04ef0d938f235da
4ba95da5f64ece867a83f599c581cc3533b4abd4404adda5492034e5c8e036af,2ddb7570a1dec8ad5a21702b0f07536888ade44c0967a06f412ff93403cead92
4bd209e89d6df0c3d6a23c07cc9c2d652de6127e8da9141f05e7616aad344cb1,b2e023289a65e40e574ec2b18f424a0ddfc6859f46ceb0b92045b9c42876d3bf
4bdfe702a37f09e44d6952824e96b94d9bb49fd6494823778eb0d5f16ae25b4d,c59e60167b1794ce27111760db335bdbe156e98f166f9335b13e181178f8b9a3
4c050a781d861c6fa25df743f11faf7f307e348405d554bf1ff9c7b800d7d2b7,248eda6ecf8ec644ff00fd0c3d6cfb86855fb5c5299ece89f4b1a9fdfcac5518
4c2c981e4723cf245507000704d6efce54cfb95e942420d597b0d415968081fb,acbf02070995b22e4711a96befe107252ef7c72b76a5da2470e57d7004093872
4c466e11ce4b82c4c9eec8b1efad16ff0e36ac7bc4576a8c1e6410a3726c9922,f996f89bbab19fdc7249800b826ab253880c9c907a12e3e9ea0428ff9eb24d80
4c66a86fd2c28dfe38b6303a7a948e52bfda1cf44f49aeeca0c0622da6bd67ed,adf77800c9b6da5813122c398c4718e518634039063ef201698479d7cf3c52b5
4ca498b1fec9faf79f7e2e8637906408073c1742f120d027bebc31a5c215b13c,bf3caa46625793d9b0e75a0eefb990792a531c7d42f2935352320542653875c0
4ca93a41009420a794fdf9df4b29dd4e45e20a211bc2a3720391b3916d04e613,3a46f099d6b76efecad69c36d7fbc5e9986e2983742406d0326496c69864d197
4cb08a3bfa2cc2a7afddee4315388b0a96c4f9ad964174d1b85cdb5ffaf3b5b2,0584a1ee66d834f315a816092b9c494306f7611261e03641313ef596e4377633
4cd235892d8623dab480c734f461d39bb31258a701c4c9157e2d950914d0c45b,78bdeeb53f09ec7299c77dc1cac8985af57e928f8bafb4d612e9dcd9f4beb85e
4d43593cebfdbbbb7bce357beeffa559f221eef8a0653334e128a3e97ae9da18,22dc0d6f51b8fd59b15caea43e5be650dbc53a0ca24a6cd2d7adac97cf452453
4d54a94b5f9696808cb882dc32ecde7362a551034ce90bc84ef130ea25f7f997,f418f8a61253e22389eef0b4e26cf0e0b1c9215a4382441999f5b5489dceab3b
4d5cd3db77235d7330e07e8c62344926ccc986e8505ce141c21ec4a0e3820091,399044de600ce7415232f5b4e8573a3487ec5706fc529307d03d732c47a4e1f2
4daef53644c252b85d7db55bb70841c697ca2c1d0d1b01757c0a92f10ae8bffb,437c99f8c27c0f08ba2e050de280602385af2897dfad71c22208fb06fbddbab4
4dc20fc1e56fa233bb23cbe4f3ee030fa304c6f66d700005dc06b39fcda5a3c1,df6fae0cb66cd56962996331253f60610389f1c1c50b5e2eb6b929b4998ca3a5
4dcf14a9fd183b087b1fd64e4d221e0d8358a19a1571ba93567992a6fa489450,94b3acaff3f7b65fc0e6f8df0ed8bf9fe53d72f600d6888dab07aeef5c2eb211
4e0bdc192b853e61e422eb7b77a930391b6234312175a2eaa494e0f07158796c,a9510c40dac3fda863b5281e30ceab5cb345d9ab3e988dd812775f9a6cce9ab8
4e2e7c50e69d745dde00e2f60ff93a87b8a947f9d6e2ddfe058b1afb82596c1f,5a856a9f621a8924d40120b94823b69421b89b3a1fcfceef5f7b7d0b4922524c
4e59ffb64784ebc18e9c4276428453ff61f0acc2268b9ae5047c8d290222b4ec,7cc918691e5fae2f8bbbb84774f9a2467a31d9b9c01dce3928f0732c63f9c5ca
4eac2e69c6e39bf661e8126490b0479cdbde0c33a6ac0bd00931875167f3d784,99d82e5b785ebbc1e39d1a6963908b164b40b8396578a6ac6b400b1e0069a443
4f0baaea33fdf5d2010c0ccb4b8fff238039b7ec1622bc9157065e0b5f1ceff5,607049bac6b1f1cd456f92b73d99ac5b4a17916e0be7bed805abc3a22907e16f
4f1416a2924e29da8ceb294bf811636d8afed5ae036cbfd5bb7489693abaee58,ad6350ab7fe6d80b5ffffd0130acdd97c3005b282363ad34f04e006d80695554
4f38cc17e147b25b0ac2b7c338b9cea3ac0d603b8c07ffc5cca572fdfffadb05,e909bb7d2b7e85427d0d786c46059cd44507ecf5db29a642224bbc6da09bd64a
4f4a4bed7b23a48d4c24777f59a1d5f7882eda146ff32ae2fcd279628d1dda32,8f962811f7e38af0ca14f2a9e7e4eabdea39051e95573eb7a117c8648802aa22
4f69ac3344f9c401c74153905b715493b33b810abf5f1f70069932d60a9ba1a3,474de326a4b2119921faa9e9dfb28bbbdf9265bc97b497d012e41fde94a376fb
4f6a36312fd880aa50b6bd528cee91ba304e5f2b477209637adc8f0451bf7123,a8ced46b72bb0b3f53d5b873a531e1bc408837d18c21e2475c125171a5c43a5d
4f87f441896a28e97605f8e69444c40daacd86599ec657672094e19a7a196896,3b0a9b34ef5949c58d2c817bc2a043179caf18031b8b82e553655d2bf8b8d1c0
4fde87fb93ddeb4d0e226b303188b880167fd9631b09885808a68b98395804ee,45d142abaa8278adf1b2d6bf5507d9fcd29784a760fffee021339aaec24a77ed
501001b0b01b2978535897845b849166beaba60a1a70a905da33ebf45449d47d,ecd1c1507ad3c81aeb38f07e582bcdea0e2c6b2c124c9771d9e22548086a3c69
505a62595bc4a6851b04c7f5984de1529f860371c76a6b9c7668e91cea4d5170,5a1a4aeae3b7ed6a97b47a3570ed794a2eecbb827507db37269033d214bb2480
506a37b119cb0bfa3e231788707eb217cbc7cf3b4db0dde74194c65215a349f3,bff3e76dc23ee43ef8a73b25f879d9272259f6343182c8708f266e30b7da249c
506a5199bc7d2efa568735d64b81c530d7e9bfcad6bc7f4671c6f37604b6afea,1d05622d418ddf4ee6a0522d1eb703a15d61b2b6c67b881b7109cbed85daf968
509ebe46f0c85650569076b67487c2edd970b0947cc7c5fa8314c02dba6485c2,db6bd08e6ade3917e82aed356abb971ae409ec1704f08f319c13403d82e7b759
50ac1c575483ce0e4cf70e30ef499b96f28d168f0e6eb96c70e993b84ba398d5,25cae05a7d34c6d51e7a22974a2712444ec15d698a72ebc14e0ec35bc3110e1d
50bd77ca308f0686798e5019c917dd1bfdba4a2c071f908564cf23def5569df0,22959d2a581df09c8cd3af6b4ab38f33844baf83550a2c6257d3ee4aa475cb73
50d1758c99a1b59caf4c33970d97a21718a6ded7eb83c88fe6380191a84ff518,f4964a68b4dd18a58ffad87524847ca31c4fafe49028caae830852905481fcc2
510b08cbc19d53523370eaee47c5c715d29dfd2db0044a8140c1af82534e477b,43ee4d37a998db5b7367515d79e8f67bc1d52821180b0fe208c64b1e919a11f1
5117c1609ce21a42437341c276d6ee730b042c19c9e579706582d8a5104caba4,f594b55aac1df275681fd7bf3ec629986a43e833d1050b5b622bff7bc781f41c
51287ca2f8b8d4945ea61063af46592162759771c9985316acfe52db7c8b990e,cf0a1593676bf9a18e827a6fcab3abb86f4b0a234bc6c36cf509d3a9ae984571
5135ff86e9d90614f45822e1b379632336bf765cb729cc68d41c9f4da76a409b,f653a6630d79715af554af78ec718e78d734f2be2cdd310bea0dd30c0c095e03
51b2bd4438aa097e50fa9c6c71287faea20533bbc0e838ed44b111210795d1a6,4453ee1bfea26d5a9a26a707d308085cb932578b914ffc639def4f546ee36d63
51eab25847f8a6d784e057c1a5899fa20d433fb8b9da35dba0edbc7b2bb5908d,d09a8968515d774873636370b655f9122a6853ede9fd0cd62b8e8dd039c5e170
51ed94d1b808db8b7be8208d5949f210f700c613a81f9ab2869199a266b15294,56883363886b493b1b860e71dd699e85fdc8de6ad93ad415e9276429eb45d518
51edcb416811f78b6aa8db8bfe1be9c071355dd96a178dbcb38bdf0143a44909,041ad0e108cadd404480d8a731446f0b0f453550b41533dce57eff91acb040b8
51f19235775d49622899828a06d5250a3707b239db5c5140f5fa4a226f81abb0,c2c6aea75c0d288e3bda172c5d4cd8547eb2623a10504bc3249722a75a5fec44
52140aaa349e0478845d52ea47ff4f414dd3a0ec910f30bb750ece2286c09ded,bf2a7c7d503e60e07066c6eb14ceeef52321e4a2fbfe66eb8f97b2e04974215b
524e3f99ca863f181a858bf9e87a9c1b76013652aad521202f7a889091605b94,9a3caab8eeb3f174e19f4f594b4e816e69e9c678860e95db86d2034140d512b0
5258179fa7a0701368b182b9b3ad437e6529700c147eaa44c3254d0588c0b256,d245b593f1d1f31fecd11ba512b0f0a41bbca6bf833521527d763ff471c31195
5261c9e2963b387b9da2c412ac6be4b1013279b6d700db6f304cd9b370053b88,7426c7afbc148cbe437bd2b15b280d3976068a9d4a6c30eed2fef8011b716667
5261ce920a5dec195c149fb7b7c758f0d9063ab382f1e5666c3a984631fab71c,d52ea08d1ad3932ee530aa9d4273fbd01b78d9370eb09b2b8dca18839dd39a39
52a0003d1da7fbd698bcb562855bacc40ad720d21cd2cbffb6c1d70ebdb340f8,a2d8bf5ce6a83970724c59317780af085abebc52b304161c6dc74bc3945f03bf
52b559b0a559004d907175abff79b54e674d0762a8e6bb7da49b75e4784c073a,9db39ccd6613f681fdb7ec35c4932f824ae1008b43e4a0500a85006a6b4dd300
52b852f7476f18078bc29c8e6f6f277fe7abb3836412a1894af4680713029af1,bebb4e52195529cb07ba707d8020b1c0ff2da41005136f18e7d913792ad8db5d
52be49169c2acc8f4ab84b0b18515590f3830d381cec7630bfd86aa2d1e54407,87977d03934e53d2f81a5398fa7fd8615d57ad5067eddcc568a7500310352b45
52cdd614744d1d8a10b2a4451c1006fc036a0e7b821b36bd0fef31b7d692083c,ccc4855242131e9814a30bb29aff2d764b12f9edd15ac1fd286a707ff52ea91e
52ed9f4734818e55c0fc69e8dfb67fc43c3b39d4dfdca72624fc45aeb4494650,2d73f070a9ef804c6ac7097f5b29e10f6bf0b3bf84e893aa75d4547a83931eef
534ff6a6a29db808e1d3de0cb1563be70831574d237f0d1bf4c71c981fc39a9c,11abe31350d68b41f8467c338e20ddff69aad56b4efee533916bebedf96e5401
53614a51c76232cedc2d0ccc0e65f6f0146b15f2096e4547805afc171925cf2c,f58eb205b9340bd1330771c168c1bf395fa1ab68037f3d8a3b46a70c9972e881
53b8e29f4a0ec444f020594cb356265db4917ea04c6f21640294ffee60f2e211,99cacd3f10ad36797219c19fbcc6d88fd6e91c9ed94de5e9b16a8ad43cebe2e4
53f7dca39b410cb0fafc7c042df2d861910cb619fd9c66cc054200b5339ef0da,16969c44ffdb5f994e8eaab0d8cae90a369215d0ba1c64925bc0a326fe1b8c74
5490159f427f7b3d6351a6ca4ba7000117264f03efffb3e8d959839955b38f1e,daf28defd309ba9ecabc0d28606f8e5c568678ea3a3d96a43241f30fe724753c
54909f4751cef3cf1d489079085dbf13e184a45aefd8d94e880b045bff03b982,15c1968e74f077a106da2c30d3844bc04642695116c7afbeb7c85230d69de772
54a1eea48d7e0f06fc99ac92c511d66bc128209ce6b3ebea2aba7bcaa86f4563,c1dec04114ce2e586f37c53499ad49adcf653588e991f72ebd94320334e276a9
54f9c6e65778fa5ee0e93be8a4c1755bad290250b8ef567772de83eda08e5702,8a6f6bacd8f1c9181a6ab5da98e6f4ca44f6feffbe9756e46529ad7b2c705958
54fb3bbd904022fa086c95dee35b30faccaa6854d312cb967e1647ba0bbf5918,d1c5603c2e105d247640acbf36cdf7a070682377244669bd6a0af4dcbcca1ebb
55162f3c4bc1dd310d5b64b44a230c0e397e8bf6f6e683d1f66922ba042b0976,4449d87c3438570d9e52979242e27b3c4fdf33f334f723fdc7819d9c6773d58b
5536f941c102716b39f2ac4a271dc969d5e9fdc054d052c03d2eba760ddea755,79bd52cfd19d2edcd15e1bd6014e697c431fe56aad7107e392c33287735282c0
55c28aa71b938c055ac55bbad331170fa5c6a0f0af03aed5f6d8ae7497f30bc3,2f81cbad5063ea75be5ef8880e45b890b944f44355161ea3d6acfab8ee67c08c
55c55bb8bc39611b4abcd1d3076f4356447428d90558af703cc3894587dbfdf8,0b17e2020dd8b9398f1975a4e2cab5a997c293fd47c9ea1584f650f06cf5d08a
55e64dd7e76efdcbf9a27541d8f8dc4f72f2bf36b05b73234d2899de9e64c608,cb695c3a5586dff5a7cda942675c125d187f8ea61d97d105440772fc9cab814b
55ef79aba4300195b1cd3283cae5e15394340640d7f1734e5dd5c6527279344d,c529af400fa7de22f4793cd70386240f827002e20c7cd4bf0c770f092aedb5f8
55f01f9da1a18ab12d8bcc7beadde628e63008fabb0fb6ca8a6e2c643c2a1709,1e988bc8466a98ce198ba13db41b75a72a8bcd9dcbe9b27750601dd7bcf08d52
560559fe56c55950a18549c9b6cd9d3f4d5dc80104d2de4d5006a173547252c7,afd1cf9f8690ecbc33f078efde1763dc1c7efedb258049e242cfd5fc4b1fe7ad
5615a2b410e51ec3d442593afee027a11d1d7a9537288f648895529e3fdb3feb,21d758a4103b5bf618674732ddc5a15ccfe08f08344c84e03a3299305224e86f
562a853a6081041e0de417ae7c3e14a4f3461ea32c3796b8a5fb68dd2d171719,d2ccc4c71f5102416d15c665a51616436f8b4fe9accd28ecab5f1e9aef49185e
56f26bd4e6da45451c89fc81904b9f9a37fe9dd33c0ab30a28559fb1eac82b22,91182671e05cb86d23974243fa80a1c98203e34440a42bb534c320fe851d6461
56f840bfbc179d75a80b7da2dda49aa36e2000e704b3fdf9701e1f138ea4bcda,8c54fad9d91fd6c8a32ea13a366e15cdce288b25bbcd9dbf477ee6dea1aaf322
57147adb3ae2d31dc79c73b22cc3152272d8e6f92586d8b2756cdc1909a8b6c9,86145bece478cfcfd9c3c674ea1157ddcd7d56ea1d4568a6b1b3b5fb1b34972e
574cd59ff22dab9d45bdd9c21f60cc06c26c046cbcbece66fa62bae4c840808f,5389171935405f573ea7ba9668c52da07956fdb16edab1352f3028b0192e364f
5751ec73de51a1bb5ea20038a4dab3f5f6c328be5935f21eafbe0553c6868b45,3cece5eb97974255fe21c415618c38370ae7a9371a6484fe4cd604a40f2153ec
57a190ef9297ac4ad512ae2fd99c89baa28be353d9c4b710f327c34e1bc91533,4fc4854649d4bb4ff651cb0db05968f512c9b7eec7b8b803b7188fc2fba0fdb0
57c69432b03f47a7896464e0d03c8743cdda842aa9e8523143e434d1a01bc554,bf9930c0a03e24a8cd46e25c6064528452876dc32196970cc51d932684da26dd
580c93f61829f6886e7902c3a8966d57ecd89c9d7ec6482e3fb596e3799e08e4,9bd12a171f6fe5848999c6e27e43a255ea64fc7e96901954617f9d3d95f609d4
580f3c534dfe875770de9c53a3a7e84c4a7f15b19327a2576ec662a3a2aa19d0,24e4bc95822e4478a7f4ff3835423b6f9fc25394b1d2ee6474caec115ddc7a36
58398d970f5638be3f80736375893f5aa55083afc868caa7456bd40bba7afb44,c54e2f84cfbe624a9a780b9c734ccf0ec2d5d1c37879f060309e404154e6ea2d
588d7cd99d19d0cc77045d308a25323d0ac0af355660994612b6406cc1954c75,0c28c5a24e15fb399b77eec36fc09ad73be5b0e4ac4cc7e19e91962e0b72da49
58cacc861997f3a9a1da3059a1028d263c203b7fe91c3067cb3fa771e32233ba,764a0b0fa0455e74ffa4a3237c166189e429a852ee163960dca062c59a12a22c
58e8f12a9cee8658cd72e5ad4aef1e66b6cc9656e3bc632813c83d3b81ecd563,adf5d976007785d63c67611acd20e632a306fcd7b71f612df07910a1db4f9a36
58f8a10e38ce40a374298b6a4ebab4389ca6cca882178e658fdab6fbf43e55f7,558494c1097ab47a84926cf13fcbed4f42ddb0ff1328d7a065a75813682986a1
5915f47b723ea7e9021dc4e57c832c916537a98621410105e3eab021a4e5229d,4726bcb29cdb02212271de0adad961bec80d557dcc183541a9598d5f81cd1bb8
594bcb4c8a56d7d768f8a4af37177d25dcb6af205f19f5b72b7b50ac00a53ef5,d5bfe1c1ae1834cdaa7cd7dc67b015923fd0ff10d92577eab293283de32df865
594ceec1ed27b2bdf04affea25587d7ea85395628b28099e7600c3ff7104415d,e4818c7e5e16bed977cbe5fd4b5c1d71b608014a68952f533b0d6f552e28ee85
595b03b0cebb7ed62cbdaee5771104cf0965ff7a73b3fe440b2ecc8b6f06054c,7faaf7e9b0b9183b91012369b5384b5d1fe704ff9505aa31f49b66e78a8508aa
596d7e60f35d0112de05940d051c30b88b7953f940db72537467883d6cfabf3e,748ad2b2dc69289fc30fcdb208d6bb685f8bf49196ef06045bf4f976a4b5ca56
599b099726b4f42ce86c432ba2313bcd0569df263b0beb72ab19416239fae08f,38ec4b0c72a59db234b358d96d41d40abc73da813093f1a33522aca2e94cfe9d
59ceb8ac82157da3acc748850f0917d177ed54be422c81366b9bf1baa7c92d0c,b04a8f59a201ec8269adcf1f9f305e8271fcff9535333ffd594f275c2f8b24e9
5a9f4596e9c9ad65faa7d26304bd541cf5a1a7aebeaec02ee731c91f2cf93a49,a94500c4a73b80c7bd2b045d629b6b046d83828c132ee27cf253161a40133a0c
5ac093630935111c3f9e20918e775622425f70469174ef88bbbac09f76a33a7e,fb9582291488063e7f83c388491260490540216a4584e244fb65e6e8018fa918
5ae879c64c9be5c9e5bcf77255c0c4d0639836d359ff088ceaaac82e0b6ea3fe,3f0fde770836de62f1549169529eba95b71cd930cdd3696280771b67535b80d1
5b0785340da9d8e789484da7d727582d9b7b26b612b78072827e1d08f9951d2c,39a1cc3549ebb7f164f8c76b8e2928dc6a21832f4dffc674f96954a913713a6f
5b234a5f342487c38aba6ff96cf02273d6b781d388a6b3e9b33c45c155fb3850,5989a7bec54976237011b7ad351bb67d9bb12a2f31b32c4b79c8f1ea4e82f829
5b2c8e854514f3a2856ce2450142271f35854c08c7ade0684f1041180e88a293,e6e7381569cbcf629b9d082830ac4a051120132ed8e8462090383962131d45d1
5b77d9f4ab9f46e0d42af2e549b28b1adcde2747b70de5a68beb47a75202ba0c,fc137408e305bf7df6f6450e0dd1ce0912a6dd0ded7b9f335141acac056fc6bc
5b79c6192c74304037f2e41f03e8770e815be2821cf8a25fbcb2ae461ad91baf,f8ea916bdeed05c71b9b06dbf003c67c98fa591f904e1d0534b856646e4fec53
5ba3ff712e6093c2be918df4eed158af01caf8704572072bc63690a459363eee,43b5ee01f20ade83f80692f13d18512d088eed4f74236328ad5720638cc736d7
5c0038657b5fabfadcf9059e66609a63200da92a7a11309984344a52f9829621,ce5cd77f26d1bea601306800d19cb415f4d34fd86345d928e8bc487deea2b71b
5c16976f5032e15a4c94094eccb9213ca2266d606fbdc160d3faf4539c1b46ad,ff57be6c712788eb43bc83830fc99fb0a9275ca7fb583d8c816579d8f12f9c92
5c7fa39c56296b80ebe958975fe300879a0e51274c38a5cd73889dbe968804c7,d88aea9a9941736835257f2824b6af4e760c29ea8dc1c22397c94b1ff3332485
5cc803b4cda1845acc4ee617e459aa4e4a36b87ae1f24bce39b2119e2b266cd0,9872f3587434f5b5fe92799fd9a6293b96de75fdbbc5a2f251e9a944c72834e0
5ccfc70bc3c202bd334f6b90f41767118b418470c852dd0b88e2d07858b959ab,f82cb4521c853573ae510536121023ba790fcb32f6476147be7ee760d2dbe149
5d30da0c9bd8e32d70b6a99688309f285b3609845c380b10d2f62a7e9abf8da1,d7f2ec7057d23f47802e11d3965fb9a21c10f41c8ebfe2ceffdd527fd4e9b720
5d31c2080c76358b3593ca8f87a91a9b9c93e966c67b9a096896a912f05647b7,fc3051a17d5845bd4c330499447db638698c23d72c5ff838bd6e031d9f141f66
5d5b47ee4844a7df62a2a5ee34176e1b3b9607448f6e733bfaec7a87bda63232,debfeca7afe4cf4a262abd980571eacde286f6509704792bd3d30dff592b621f
5d5f1def5a75f294fe90d1669e9734b99af6e98400c4d4b1c10ef8a8d3f9ad59,d245101a5a45851aaa1a138b794db8a04469680f07f0f9d67115ae4e9776aab4
5d7663004162480a56acc4abd2174358399431321e125872a4adfe29abdf3fce,a1df9a7650a9bbfad38f05db6890fe699cb00cb73ed72aa98202a0976b3a317d
5dd2d0d1e0b3bbfc23115e4c0ac273aa79492270f8c28cc7f468946cacab271a,8d7e36e2721e6ee0ccc614684e0fed35525691df192f8bea5d4d9758b208127b
5e2c8b5819b58a20334b1626b8bdf35061fb96da446deae7ce4c61f5c6a0ebf9,69d6e5f84a142c3c3571cbc427de9ab668a22d143346cc3f2b5236ed5bbc0822
5e58b951a65275a74151d9aa487bf15b0033f5cb4c13c25965e5f12d6d332db2,e4b1ea5a70712347fa373449bcf6482c57e65af92c8d95defb7b7cda124de876
5e63c86d818e9b8b8bb4a1462d17fc734eb2dea65db8e87a4ff0d10772420abc,5f10f5ec20bff41762315cb52917bebee6a523391e42cf2fd43464cca2ba02ce
5e8fa022688db3c752595a935a7e094ea8172346ae63038adb66ccaa42f505c4,e899741c2ba68e6c4d5bae01807d19efe7e1efd448ac19efe5f29793c545b77e
5eb7f165c634836f784e72dd0f4be1dbf3f605b0710505c7c9031c8203f34f6f,70a830e24c8554aef1da0c1116858a9b5a36134b022eb0df22a715d2a718560e
5ef179bc2090c370f9b52e5ff699b5c23fe8ffe28a1fad0fe166f0b5f29debf8,9b96ab4b7f7efb1d6d46565726ab2673713388988ed510731e153e343ba8e9db
5f109ca857de82f819788b3b873b138246f2fd008c757db29e9c15365f7e11bf,a353e5e79325f1b8275211b47b3cb99446b7a6d835c0c32f54b03ae6d691732c
5f266cd52089f8510eccaa69d7e9940a1151f2acd9ddeda621bcd9db16331e9b,a7cb29ca0316658944110640b0111a3cc76c43707be3c99639d1aa464bf530d6
5fb41b6bc16c3ca3ddd065300d0635f32c94b8b5333c0440fa9f848bac210a2a,2e40d54b0a8b38435a2668871ec3fe73939a8d516ccf7393de0ec67fdd5ac446
5fd8751052d8e8da5c7bfc5a7f5a8a4542273a3e742740689b403ecc2abd5bb9,7529ce660bf9fe36a23a84217c4e9704eb9ca6da83790d1bf6bca9e267b0f033
5fd9b94c5026ada0a0f3f3dc4c2122ee2d83cc8f1dbf92d266910d454f3542a5,d9c0b4d79e0ef4e687781fcd592fd93a9574bf437f14d27bba9bd678cac3795f
5fda5c50b1e9c3eb87b54991c8e302f889b5c2394b2ab567b7b6af4c509a203e,e375a1b89d0ef9c1520a1402556825ab7a70d37199591c9c1f5c0f5e054fbeb3
5fe4904d90e81bc2e9aae34b221135ed1fccaa0a3ca5ad5c56bfc93cca9b549f,b217a151017d0c55a17a8d113a2d7d6300339dece0a5e475aba63381a13b9a99
602ac0515db89e6eba843be979eddae9c91ceb943c5f98e4e9df8cc2f5c7ecd2,233b4f5ddc0d8e30ccdf288a9ac32b47020cb49d8f3f4c73ca46e1185f27793e
604da0906fb08706d2067dc0c47019f69c0d4d310f380eab43e4e1d281938f53,a41f2e35d40b269742b85635cbb96335e5d939b2c685685488fe7e38ec60cea0
6078ca719c89fdf57bcb18880cfd8e12b35d5a284ac4ea0573cc611d4385fdd0,f673e283fd1dc0cd37aa5818f5684e53bd0c0645c96bc48bfb99bb6044287828
60a81944aa16f2a571fc006eb0fdb33c5200e595e376822f59a5e6f995d27434,e7686230a98ff9500b6624dbdbe330fc70cddfa64bd80452c635066aa8539806
60a8701087969d8586ebf7e5b73a56f2cc891478e2b9296e07004ae4b3f1915b,70d0b6113361bef8d37228f6bfbe077d5825d146e0ecc512ea1299a8e70e63ca
60df8c4656bac3f83e686440506268ca93eab57de70354893d771ac40a47effe,d1d30d002386aef49644fcdb721a8cc9f6c2450802b9e626febe8da4398a512a
61b481889b0f9d89d71ab12f1a3caec53d3e88f12a2c82f5bd94ce7047f0043f,033194324c68d81779c428a0efec51af92128b75e8933aad9f549f0a3e709217
61ec9a55f62e3bf6471d0fb1c1201f0beacbe85e2beaf0d8b8a58ce6dad61551,3000694d45b30efdb7fdfbffce74feefe3a0dfec7247834322f39d37e004bee9
61ff275063207db1ead0b9bb19ca3d13a4086692d63711f7a98f885c2b77a8dc,1246356c6d1df9e2a1b11d5a23f8b6ebdaef4bd5f9a655b8fcc6fd860fde2729
6211fac38ebde242fe83f0e9c5e908b5816c260b688f7b3ada6f30750ca53e47,30399eef6413f621f5526b0cddb3f5688746316434ff897c90fd218e78f722a1
6237758e4d63c4289a78f52b84afe9fddb15e0698050f84580016bc16c9532d6,32b1988f7043b3cf6ebca3acb2568d50e2845ca1749f7d73ee10bdbbd0eecdb8
6243d706b156f3366441b9953a31e59fa8a911eda281387cd5f54a6bd29ec2a3,d9e1fca0166a8f7d9c09fa527cf267a9598baf0e3fb46d22cc6246f3ae99a781
62543425ba26f0cf3788a201a3249cf0f88bc9cb520d392a2fb3f42c6a1ded58,de6c0993dd3d43bc6b86bdf23c401f0956336fe1e2320916f0c63684b30f715b
6267d8bfca8dc98e07a4137d9dc19cee69d15b0e0b41c8ac600a3e2810d21d6c,661830847a4ba0eccfb0bc25a24696cc7d46c9f4d477afe4da4368440607de09
626b4c9b084ee72e43e8c7fbb12648176cc0bb5cab9084020b12c76a86827231,3478cf6acdaf0f9187ec7778fab179d7235af36c3081f4bc7afade1e4530b728
627e3b8302516f415306d5b38d513247f49f103672632511d8a08b652398dda8,0110801843ddb4c6bad4849a06c2fac6b0beac6992efa47d9e3ef0a9d9f4a559
62edb1d835980214004eaef19b0a0571ad999a8db447e5e449fbb55d98547688,a7f1999d15be0d4a232b8ab10d4d16ee2b1d9aa614cd7be6fa93b60579fca234
62fff811e322a6ceb954da43787420cf60a335cc77b717fbe1e661d05d45a3d7,be8c55005c6d9544b13a1f52e9c71d62239af88901fc4e7c0a6fc62476af616b
63163dba7220e4fb938ca8d1521b68f2e466434c45f6f984b288f08db46ec148,328725cbeb94112187deb37e6db0718171631a0e889423d3a7b147ea5afe1f7a
631ca61d85419b5a3f8ed8a5c089e8f6a8095c605eea5b7f5f3074db11a87208,cdd908e706d857b1c658d9fdf64a1774db43d6de9f4dc5c1ac96ddc6b99fd59f
63210efc21c92c499234a6308a581131f5937f67eeeef69ad08394ebc6cc9337,24ed9aaa3a05aaaebf32c4eb0cd19ee53c18e155879673447f65a10721d49846
632ea06d9d7cc21d54cb7db9b297f226e096f26f652f6c48f4ef2cf92c1691a7,c5be4ed57db3c3900f64dcdecb16374d316312d2888d7c1227765d73292d4356
633141c4144bc95e797d0e2e36483d09ccc4717d8876301ccaac3621299195ae,cc2a8de943741d9771777f32865887a46c040bf7ac24cc22373d1f8d1eff3758
6353b034c8d4e045aa976a436bd748839d2d639615e274daaf4e29ab99ee35a7,6441bfd8d01fed1f53955a31b42e3bc8b9ce705e401ee31322c14206fcf5d8d2
63610884fc7987b2d3e080c1e60f1391030060a7b50c452e66505d97e32de76f,9d734b8938e9393b5a8094ebece61a5e4da1d88b3a3210e7122e1f90e4a62def
637baac9ef48c63f639a54a2860e4109e8068b518c9ef609df365b4cb9344255,f9e587c11e2a3cba697ece676b318de1ab285a76ee7dacae3a0b54bfcae2e490
63cdc8d9722db40547022ad25c91446a7cb90b49a585cd9a753ab960c4f3b67b,5bbadf42b7934f41cc5d39d6c81b3abec640257dd28906500a096430164838f9
63d4965527ce6dfbacc5aea16a47865a33c008f0f67e02661faf344f08901441,1d711d461efbbae4d6fd33cea89a6ca244034b3f5165e33ce48e4f729641710e
63f0027555177d6f4584d7c2b7b9347c394b90cb5ddbc7d22821152c305adddf,bfb764998c5666101c744af52e8bb16c7516a60480e2d9c5d3c1fd9ef388445a
643005f903b7a62c61c5d04131194448860053d0cd4aa9d08d38cb1b803c1ae5,879aa5d6d449a2b5cc086490d87e51c2e048113e2c95a96b3e0a12b0844df5c8
6446fc9da450b1175012976881f459b4c0062fcb8f878fea62b2791a075e32fe,e64eabe5d8a4e31e9652368d64b78277d2c2d340ccb2923a961e3bdf15527333
6446fcdc7281a7e09697e78c12ba75971971002d4d7b9e9968e51de00817e419,900aadc0416f7ccb620445bd36b5f6a8997a61115bec3365984aca721ec8754c
65047726578e7b109951de8c707161a9de25289f239de459e5ce4c26b778d6d5,efe8c788db30b4919db4d1e715ded780de74632d92df4f06db57abbc6dc31a55
6517b0f71ede5889e73c2c9dc367bce55ca48b413cf9794302b530849a698fc1,cc66212ac71e82e675f212a29443639ab158505251265e5e6aaacd653ea1fe38
651865ee24eac9f46dceb221a3ca90c0c9124661d5de81a1b0bb13380cac2ce2,ea58da7233ac22b4830513d1fc740de0e131166aca8fe37a2388b8126f3d49f6
65251a1ad731636c6aa25c313f9fac0b8ad2b21ffdeb0ec141a918b6539c6a95,9484cca3c26aa1b8de579ffbf72294e653270d87fbdde444c6b3a267adc0ee3b
652fa42669759d54375238ed8a2b3811477071a4f5bd3a8f2de244766bf3a048,86708ae7e6a8eb709a1d7a272d2938fa3d726e8fc50970a7fcdb46dfcc797a9e
655b6970d195e3f38c4644b1b948de7c0c3f78638ca4476bd3a6d7b9a179ab79,f2d9c5eb5260de6c9660b115287f674a95ffed4f16aa9eb69a1d8bcf040ecee0
6564856b45049679479c82ad7e5e6d2cfd3c784ea9f3de697d92224c410f2b41,69a01c291ffa8ceb857d6041770d91fcc703529bb307589d589773671fcc9707
65c4aa29ecf224c48f9d89edb2807ce8fd79a320bfaca45c79a3293528d4a5a6,697f4fd2350db4699685571e193da057483a4cf0f15944beec808449475ddd62
65e6e39a8bee89bf6892ad99360e77d1e63b59807409d9a6a49d5e40a09ce517,adf39cb6d61e67e965feb8e5a6e079e171ff4c437467395d40fc4ad2edde74f7
66095469a8a866a1084b45ce9ef1500eeb11cd84c4a11618ec45135ad7ed6a89,5fefe81e4bbd4eb4e158b90e70f15199a35c51552d40d92ab62defbc476193cb
661a461e1d2e46114fc6c42ba88786adf56c7a6a106961716a8680306e79f607,fd9706a2af895ab2bced4caf824cfcc62edc68a8c91ebb65ff59f3b012362dfd
663d607aaf2114d9e3d8c6ed3a64c3efbfe2432eb510ef379eeebfe31cb667f2,c7f75f5130f861c49addf4886a3bf7abf87653b81b8e02982bb85df2b856d8a6
66974442cfbaed74c67c798b705e49ef1a8cc6659c048b3cc313995567aeaed1,6bc1f4808efa267a75c40bfc4445d3e8d637226de7032c1a1037f9ee8f107f2a
66aceeea9e455f09ea59350228e7f26d2527299a115f7825bf52efac5893d23b,ad09df8807c8dbc4c678970602a8609c3b0fb8f123c8e4911714e77cd500b86d
66b7a46ccf66958c9a1cd8f46ba179a0801fc60a0dc4d9b7833f1ba8ce8e65bb,be81c3ab225755b19b3bdeea81bd8575790aaae7dbe4ac3ccd08ca3cf6c0370d
66f287489a3ac1ddf7e556915801767d15a141173a10914b0a620d23f2569533,ccd1a1dcf6a72263884dcfdf5c690b330c24eb333978d22542d78698e6e9131a
670e019126cee1874726207cdd80d6acd944d4cbb4b1d3aee72266478c0cc587,5e64220133342e726642ecde8f6349d8600175887aba1bf36219e18e892ceaaa
675df370c87292dbc05a3a5128dbe4e4b32bac504fd8bee2591e1ecc70760e7a,a137776bbb1498b60714d0e29cb4bf3e0615afc0da544299f56998223d673f82
678a3029f73606c03f7d51f32f3e9963df25b8022314c84b5b3aa00ad4e85c65,060d0f5466234e628f851b6b349f7fa535aef5799d07a09471e1c63f7f018465
67926302d3d422c86f0a456fa782e5e4c153a3b36df3b16a56873a230404ce3e,85fe3dd1e55282d16475a4caa1eab5f38bb5eeb953c04acd66c2e2735fb7d5fe
67a3c2a154b4d682e5767d84b23d84ef2a220a043c6a693ff0921f753bc1a282,ae62cbe20195af8dc1e4d43a4cf50f3beec1659d10c6d39eaa2a53914bfd8703
67a6701220cc1d3265b6168e171f4696ebd3cf73f000b42e012af7be2559f15c,da0d83ca0a9e8a5ba267298fec4be51c4649a9a009ed1a185e448b6de4f67c2a
67b1bc0921f5f86aed801b2dff8c71ba987d23fb1ee891f87dba6806f10e53c1,fc53f6f99b1639fcb633103de54906097fc6b434b306a43cadbd35d051edac5c
67bcdfd6e7010748c2531d7810d1bc116fbc1065dae87992ffaa5936dd77f54a,ec89dc6b42702f8c2cc4b329bdc37bbd4865f29c771ef454c6c3b0d087faafcb
680a288175de7c1fdcd8b05f942ec32b9f51ee630e1fed17e59dfc66f31e4de2,88b6cbc14803a55e9b1c2018c4542f9521deab87547c3992a36864b681fd760c
682f5ac693b63027a14aa12c58a962e0d3e675c5d42da70e54c437afa1fc6f52,1d3fcdd7f39733163b9639bacba97ae365a5f93952f5ebddb6cfbf647ef8dcf7
6837294a66a7196d18c278461e3627f64892bffafc816ec0629dab01b7a7d26a,5a221c52e45a94614a41a448044a8ed354f8b2e66bab7315676de28d32408e86
68d537c56ccd087abe6f65359d7183ffc49d78190c8061e2ecf98076326717a5,cb7c1cc41380180465ca30018fb226aa15e09e6cda58d060ca17b6b0c734b039
68d8b9e03ea8124061dd2c02cdc2df63f34ecefe1226e3222fd0ef940c5b08eb,adf32d3635849d109049badb3fecb6ce5825f55d236a313574d3d64371f0ebcc
68de8b6d6ac332c8c8d07294399b05022c4dbbad29fda6c328710ae3d1629663,1d1f8fb2352aaf00bd23527deb89a431bc702277bc0018062e3b1078b2c46fd3
68ece31deae75155ba3fd33665b494f9cc3b7d29585abb07d70dd787571fd002,aab2361a4536ad34bf909cd18de1a270a87680b79666c567099a7b4222438507
68f7f0e0fe8d166e52d3c0097231b34f40386ab825c8115fa9c587780d44eefe,feb5ab152f027862eb63295b0ac4919e74049ea00bdfc8a8349180f2dd3a862f
6954d691517091c6c44ca18cfdf29275d97c8570b93e12f773eb9bf1da1c1faa,44d371c52a7a237ee1f750d5d2051c63af352cdd31d8724ee524ba71cbd1bb0e
6990e766a1ecf99fd6207f70699c9b55f7884f256c9f1b26a668d19789d9e74f,6812f3f34c3faef502a5703a2d07732435818293d6a6fd6d4c5c49c653e3415e
69c2b6c0f7b3f9bb146eb45179f60479fdb765e35d53a625a3be5eedaf029163,4908c3c621a55e2c280f359266a5f6558dd1ec6931759cb10426edb431f735f9
69f3ad476cfd274590b2cbd221b69e3d94d18a50df4221c2dc6eb10e4ceb6bd1,27948baeae08d6472cb9ab87885dbaa6b1668622697b768098df82afcce88915
6a16b345954d641b5b460067ac9ebd8be3e78b3d23d3a6d036c94dcc37b9cdf7,031a27a909e82238e477fb145996180a3ae39a90d5c07f1e09a81614088a7d1f
6a1b3fe70d7308fdab515138ed728112b2a093ccbd3d11deccc2dfd394802fa4,1c4824c1c33f7dd8fea782ea10e39905d0a94cc716127f6752df17e257673908
6a2b37aeeb4e03432ba357380db6e286a2e073d36ca27b775a460e89287f1d08,3085727e2ba79bcfc33d3a22e9ed46df15426a0bc7c4b1923c45a35f7f77c439
6a3075f18776dbf645f80aeb4d371faf5ebe5bbafe778a40206d55cc30e69379,349d9769ce2da644eb8ca0683d82174ea43eda63def6ca390bbfba661037f208
6a6fed3f36ed66c0f5ae9e63c4f4f126ac4673c9d01890ae7921b88d64e12446,4499f4e31de001c893828002d5b7ec419018a84c42376241d18d796ea9cdc979
6a730b0808220674e47b27f8ffefeb2f45c4b1519c30cd1989d5711f800e0401,8d7a6dee9969596e7a12990f79db7e10398c107ae092b17658e0f80ecc5d58b1
6a93811b429bb9931e9863f7282da4ef852c680bd7fe6bfcc3348476e89559fd,3256b373316d137b5aeb5c42acb6696b38580bcf452bb615f3ef17a189239704
6aadc8a35ef8659a194f626dc408965b69709daa739fbcfeebdc0296de82fcba,646788605fa9705185bfb66a803ba004106a0159e8d3e63e5411427b8e4c1ea5
6ab10a2f811fd8bf6aeebe466f02adbc051a047b9a0347ecf4e189385cdbd595,f039c946bb0c7e1459bf5730b87a27e3fe0c93829ba184fb6ea68d8936f4f133
6ac21d17d28a67764403dc070fada672c396b562f904d306f2963af71afc10e7,966a61160e8202c8f3d1f6810315f29dc84349b46d226299812697fb15a2134a
6ad7365fe937a92a877685c11124e378c2b3c9602439d428a7ce6251aea1df97,634e877e82350b7d802c56bbc52c8ecf86e7a43fcc5f90d7db6392ec9c3bb281
6ae6f9062f1ca866f9d31db1bb7fbaaa92750bc5d4aa2a9ca9460d1edd158b39,e6246e9970751e44f1d6b594feb96b5c9da90e89b61613c481ca51840abe49fe
6b0ac121500e183081ab2447fd22886707cfe26708040033b9705c3cd5608d3d,30c8d53fcf3d8c2453c36d4e74fc1da8b27e3ade2a7d2ef5b0bec27a8fc1ad80
6b1091adc86055a926fcdf729537ff3bac39dd7b6a12c0de766306ce105960d6,42983b40892706c8dc965f477e92381b4092e490a087c5474dbb5bd31ba1a53e
6b1f03620fab4d4af2e077b477a558f77cfeca2f42373bc3e09b1b807cdc4230,869b12819d4164867e411795abf33d5c6e0b1a0fa9b70f92a7a7c206c20371d0
6b502d9b0073beafad3cebf80be005722d52428307a60415c03d22a9a3a03d32,e2f24f123027382b2338a98e6b6a4a7f08aa66085462d4fa37fd1ad44b7cfe70
6ba99ceab0afa1447435a842b25f6e0869b440b0c66b86d71be803f837edd611,942006940a2545f544f12d05f64bc4a146d4360ebbe58d4788ed18ccc3045531
6be15917695d80ee8585d5c42546a30a27cee05acd9ed4c82918f25d47f6c5f1,856dfc80084a13ed0d675faf0fb89d1f0f7e52ef4a5323f937eb5012f3b18f14
6c0cba44bcb2e92c78c8c1f99ff3026089fc193ee811274212f3a25b5cd80347,aab89f26f1df06e2f4d9509d360304b72f3ffed835db2cab4d44a9072d20dd77
6c2ae9955f8e7cdc6bcd186079dd33f02458499c8ea19255cd9364980124707f,18fd0a04332aecf0aa72d7247b2fa4044c467ec88c630d88020269050286d886
6c4689265d808a54646b6ab2ba9784f5d3ab5bf94257a5c08215739b8ff97346,7518cb90227e15a38c71779742da26bd3dffa8295c23c48193cb39337c77a15c
6c4fda6209731d33dc3c6b0962b7d64830024523bacf48f31e48c12dba919377,3ea1defde6e71cc304a6e494c00512c819b0de1337e7e2a146b72c932397f16f
6c5e3d38842fa0fe902dd370945b29ea9309082d359eca5cb09cff91050e1326,012d62a1ccfd0f3d61e899ae809149a261e7348721931a5de72ccae3315bbb62
6c989c344b280f8edc751a8d6b837034406a2953910c1b431d34b0de7646f277,328ae9c73abb18ee5efe06281cfa14267caab53d158e395a791ec3d49abe50ba
6cbe06758ea438bc09c28c91ba78e10264a8a6d7eed182054eef78c6732f3a05,5e809c6d7636b189feb72e82227545b1f8e3414a4447cb36fbfe7be0fdd90453
6cdba5080f124d6b28b4c4f89b177f71ab01cacfbdf32f5e2269e154f88f275f,b257249e72d513e776707f50a733a506d7286afe435ec2705ebbc3f39469ff3d
6cf07e839608f5a438fc81b3e1f6ab348c065951dc48890ad7c8400ad00f1148,0c800b08b596bb9da8d6ebf64e6906b5ab8256f045b409fe2e21b85d47b03d30
6d1bccbbb225df332d8b49f5c4d9ad4f723c4fb83d67aa923936f0035df814d4,bf3b74e1978626b426e00f6d6eabc2c4936f0a4be9e2885bcf8dcbe1103993c6
6d243da297e522be40b68179f38722929c69ec903dd585a6fc53c8cfb4b7c6b3,f388d597b1217522250965e6c25c26062ebd014ffd7a062f8d1accc67dbccdcc
6d2d1bd3589e3c0ff52d0b8c6856abc0371d3ffcc7e804a1d580270d5650d636,c9229f0b67903879a446d2be7c7abd0f8f568be12aceca3c32fe5abf5b9860d7
6d597793d2443581720f8c24cbedd66b114961a7070066619c670311c5dfb681,d4056969519986019316472e2afc1c76f029966cfccb8167f62904bb655b4cea
6da23212734867ddf67a8ffc6f769ce2420c5223ed66be06b8061e4e18c42e73,a9f15d3c8587ac87420755716f53d0f1080316a6820af299895af60d43b9831b
6deb3d90a379f61953138f890b8437e772d3a4554150eefcd7b0ca4a00864a19,d0a841145b4bc294a8df242c7de7ea835c140224c8fc5adcde7ba1d24e842c2d
6deec00841322d883a9f8b8564cf73ff40cef7bc23b7dc890616635166e75e2e,991469db553c139a9342c21025f93c821ea82588d3cfc83ca15676a7387097fc
6df5738fc15ee8fc44174536002cd00237eab2d16733786d9efa504e3d2ad81e,d088f4e623ec5930c01aa71239ad0a0908555f834ad6eac8064db0c88da9b2fe
6dfec192e01e8981670052bd2f161080fb5acfafcf706ad055fba02fdafcc6d8,12df63a5d47d894ddf8f434844295fd65a6b00e86c0583fc9dbd11640021f181
6e341021ce29dfef4ef25bc46f59fd40966d61af14661347bfa8a96959d10105,a8e0673adaaf9e3086c7b64ffd837624e06f6f000871eb5992345239e044131c
6e407f107b1f3e300151c86668d13e02ee58a082dba90ce09e4e75639908d19c,1db8da3d5f91183ffb69d71ffe29fa555471fd4ed352288a805d6162c7c4ed2e
6e4debed35768f1cdd7ae580d41e8b64f9fcb9d5651329a2521c3a37e0caf93e,cff6839dc61d863396ae0e53f128c84e712dc8511ad09b9bec3b7d566246f8d9
6e6954b6f9c2544b639d582cee71cee8a3bbab59e4c8f22859ce7e0d7226701c,3e0b39689a9e4a6f6c736fae43ffcb643b4b75486db5fb639a751f55d2a32b46
6eb03f2f7f4fbb6cf44d1771923ac50138d441436c6664310156a3dd5d4c9bbc,9e4bed64ce9605b15e909649312d6c93abed3975505c7fd17420358392d752f5
6ed9bef9d67e7f52caa0be434d2bdfe2ac4f8947a19d267acca96e2cb7849f88,71acb26e7a370786e9100a0ecedea465ba7db6f38832b342ca6ee764988c5ccd
6eea94cb0b96220e44bd13e65eadd58d83093c31e21bc2ae65788872c0106dff,a6bab9a387a3af4e52da87120dd89f384d1f349b2ebb5e5c6f38be1c52e887d1
6f40bbd4fc3ec2eb323a333cbcdf29ce51f26b8794f49a848baa446a4f26f8cb,ce6e6edecb47e847bb83a3cb7e9435008596411475b0dd0cf1243ec352abdc75
6fbfca269e3c5f14645e80c19d52f5eda54be63e95d6409fe860fb77ffc39f72,8f438a0352fb6abb690a368cda4ff5dd43ee04a180ead18a8338ce8d2bb53ee1
6ff309a9c24207f95b888d23601e3b2df2288871900b5db9923d99f3e9cea063,74968afb7a954bd80f5ad87a2fd79d635ad2c664f591fd4a42bd08db2fc076c8
701d4ef78382f11b810b8d7bd05deb2ba3bf222f6287785ba6769ea9092a96c4,47de643784e362b1744a4f51546194ebe49a126a2753ad5dfa9443daa62d8952
701dc9c388cc92e65b4227248d961ef3961caea68b5d09b3d1f9957dd446b841,dd1f39cc89b06b08e460e58f56e3ddadb6eb15fb81b56f41fd325d44385b2f07
70397ed43a788b95cb9bb54bebb2bb055b379eec0d1f03129b229d3d09c0c448,29e04b63547e3a503460835b47cd47f13994ca863c3cd18dc4f0cd587ab8b6c0
703cdce9b1c86c8c624ba94aec795f603c7d37cd6281abc5fcc2e8fbd605e9fb,e89030ca7d0977c3a68169d4b5ed9d90d0225f993340125c448e39227d47c52a
704aee89437f12745c1afe3563c6c8abb4eae157038bf1786ffd6018113dc286,47a50cfba4bb7b81ac597a2b2140b4133d495eaaaede13834f052b6283cd03f7
704e21fb914dd4c4a1f28f629466818993ad7398435b5f0107809a54eec9f89e,dec597ec40ff3679c9669aab1967bb359790a0edca21852c8c9806bd01b93ae5
705800b60276bce129568b977e776f2469113452a3331f5828af036d41385ce6,90d73049e7499ec52400792e1147f4eb87ab67f6be8c4c194d82a12a88f88065
708ac361803e9f0c002c0c0ae248779f24025f0c32fbe6f20f0d6e1e735b015f,42a79c95c30aeaac44d3f853223e52b4f3cd711f58685f9b2c5fb23d2487e626
708dd1ae60ceda56bf3ed7ac5b874099ebf3b3ed37acb50f517ea0b1357fadd2,84a94a1f2696053b97c109811f793f836cf420b60fe75732dbd811fcf58679ed
70a6a07e7cb5542279f3f312334459bcd4611a967c2f74813b2a299bbc5f4e40,b0862ffce4ff2e61f3a28cc4bfb6eedbf615f2416e0016a94304a888720ec2c9
70c4001f0367295a155114a79136af9c1112541422e4e79257afb9e76e533f66,232127b9c885301e636c486308bc7550697504e246aa42fcb320a7479cf9dd2f
7103dc94f8423e85e2d3fff443132ea88cd9f26cc5f92bd9aa9d2c39828205e6,c7cb235ca0167f7e1594c29567b9c899a06859e33b6568b2310eaf8f552cd33e
7110bc659b63454a9fb0099f513ed3a98d1dc89b9539b5113b5764455f88ab44,d70fa9252d7516a7c141c3e8bef30335759568da3ab66f21a4abfc46f1844c14
7126a829ee5e95279873479ba7910e0ab9379331e94df104c80427ec9d08b588,92155f8d909acdab08f455a6d95d69239b38265e2eb69236a8367e27dce6c241
7145090f164172e7d79d057d86bb030bfd9c29a994b85ab5f986548d74b0360d,685cf888537cd4a981a4baf5059a13c5a49c8252b3503f468c1872349b228772
71534c5b5148926d275b30c651c498c7b7a3561c08a51593fe3542cb9a49d2ec,4ab38b98b4a5f592438725187d69325514b527879db3020ea9b77b2afc1f7b61
7160b8b07c5345237cf74f9967b53448c1eb930332f6f4ee9bee7eb02c390743,2e6c3d3eecb84dd1164b61621cc206c3f22a1105d47d41a688aea670a5537c03
71669565bcf49964dfc799c35e83950dc6fde9949e871d3f606ba942f139ead8,8434b55663893a17c45db75005c5cc6c449fe0752e736e3326665172e4aaac89
71b231aa3934b4435cf07e513d407a7f3dce4bda06efda6f46efd7aa61428b11,df8697c2a1019c86898aa7c934825cda1e7afc634b4124ed1a827827fc6dd26c
72094802778f67ac154312b53cbcc8984838868a796b34196b336b4473643bf2,6ba6648b81e960dd5a9771692cdbe9fca3b9576bc843b4ffe6203f079b94ce4c
7214bd511abf2612e33b729c623945c645645209603c383847ca9fa11195a646,1768c6749d9e12b77653ab677e0991946f6c5aa54e1bb8dc1cd5a4e774e49392
721a914534ff61f1880148dcac1e72e40927a02bff3fe7b51ded03a108bef120,a175f0ec45f84ae738295f973efe3e3c96f6fe4f02deabd25342433ab969dd6b
72362918d65b1f221b13c4b71a045d9350bf8945842ddec3a07bd48c12d92ae5,e55f31925fde516606703c67abb7722a28200cb50f4c47cc9736e8d3a5e44e0e
724baa2d04b5053ab325c88374845f44c99d06f84e77bad17619d3b928c9bbd6,c31fd4bc4a1ced4a0383f8464dafbe377cd26664a53347272b9fab02a1bd8302
725066b05858183b60e40b4e01427411d2fddfa39ff1753e2dab4a71a3e79e27,217d30aec76f18ec4df17bab4fcef8cd9c189f15314a96596dbc73d306d6fb1c
725092aa8f6d8ad556673a829c3f7f7fc0568bfef5e6941612929f432f46e4e5,54201f66c14e7474369df6b171bbf167a2ca94e85639b766ece82a9ea7b63f8b
725195e301932b99950af3f56661adc1ad54aa3c4df8e928410425d5bc88d095,e5726ec81c7914011f8cd206ed0bb7e5ef6276d48deea5cc9825dc52d2f0933c
72677dbf1dcfbad0caeec04a9c436ffbfff5db462df6026c0e28c3a338d8b605,78e53a055ca1e6273fd275f6563ce8f9c8508a43db56ddef02092a7fcb5c43c8
72ace94e85f7eac06dd3db9e2a220e491c75adf6a4c7926572ef2b2a2beaeb1c,bceb909c16af38aee4e072fa679b35c7740e7ed098d63c35c9004848ff8ce495
7319c2977307e418fbe10ac11427935ea4588fa2584b2b08d5a2266643df17f5,62233693ffea5ca65571457026ce2e8c7fb327f7df4fad3b96dfdc0b52a3987a
73302a212c6bed2ffba93c5fb0b721371b3a1d3c7b5676b4dca0c0f765b0735d,8c847fa219a20a1350c272e3692ae855108be387e2ac1b437e99c293fa6379f8
7364a0b0c53db9f1d1b24b4c715d2b4e1fb58d001df90ee394a36326009e3727,0fa33f4c5319d6252ccbfc1ec9b6781c80e21e0148944659dfc58f702fc8aaa1
736a69361e70281bded57891642d7b98dff31abf03274fc453fedc320436d231,a611c28118843f55b945f5d1c08ae5f4c22c1dd224344820fa8f3d1c3c125bf4
73d62bc27ad9b105dc31cd5a0b31c938531f604d5a473f4d20db39415519a62a,f94123daf75be33470e889c2027d96e56099d02742bc36d4e44cfdcdedba6fd2
73ed556d43f5c2eebab9097d6c32c023ff43bcc24cdf03249fa6846bf6ee5d79,cd000d20175b5e28f1b3d1214e4a13f4d3d0461559f42ef9413800874e57a516
745d89a560f2cd739185b96d93b57c9f21869fce3c62a7679f232ee888b39e26,ec8d841ef89b68dc2b0d52a33d28697cf8f82364e942b44e0ce70ee23303fcea
748570df5d12a6aaeeb78a01508c5e6da1c8bb3cf1f35633094cb5d2dacff5a7,5433f20bf655ea81e44ea2d43e0bd2261c635de73ba98ebf1a60e20485002cda
74cdc33738fff7cb2026bf162e944417091e7e0d23e7192565f01f6d5dd6512f,d5a9e50a2a4dfac63f0c960e49c48502f4a14cfecd9cb6a7d8fba55779034cbb
74ee658d517b1c4578c0c48b33422ae8fb5650de070d44167575bec2c8ae5f46,5157e7b04d6475c1a4469fcab97d6e705141d7545a335ea6cb999b81f75ebb12
75018f02d5a1ab806972f69365ad59500bc7ed59857145d540b30fcccd121fa8,a03bddfed959be3205dc505a8fea69cffb3c960412c4c8b1d713419d17e9202b
7523ace6b2acf6bed41ca9e591687e377dddc35a303e3cd4b86a86f95aa39003,5f69986b71a4134c9ee21c89199eb3ca3109f81c93044b8af705145d35136507
7563a5c546098b2b478fd69b20e961310dc84a8146e6e6d6aca27ae7f6316763,d42d1293011a9d33809beac61f509fe7306ec6373af58491ba184999cea9e2e6
75b9ead6cbefd3498b4fc59c7abab8c108ef333fc7ddeb552ac60844cc9cb908,9a7ccfae8ccced7a476ab46a3b296f165a5dcfd2152d3e51ea430d565ef7c22c
75d280ec6304240017bebc49fe57b90b7520f2a0854efc201822771eda876983,1c91ad5108d090735e21a7e28a648cb9c735356adde5c13055edd594151837d7
75d6ef3e606b63e8342f30dc81cbb9a4d04f3f39d81547574709c4faed316149,35d7e85d9c9a4c8d376dd8fef1e202240b71d6007178b525bd82e0cdbd97e86f
760b75a08c277a985545f1d8d13f2c1b727c302f6aef79f6f0d6985be0a15bf4,dc5cb5b346eddf2006e222e4ad5cff47ded61ab5463fe08b34bd4a31dd825130
76161ece6df407944f604f876a4e16bac246fd17394c179abd1572c59e2aaf8e,3c9cbad790cbc9d407aa10167b2b15d9df6feba665f32e46b07e859d9080bbd8
763c12d5f64778ee2980429b22c111586767eacfc1dee7ea64f2ba21861a0aff,682d62ba0e5344f629cc2a488fa92836bcd26817771aeaaf0c323140466baa3e
7643dc0152a72ec1d2190333711d3db3b8a43dc57abb3cc203b8836bfe090ed3,983bdb62a93b895f9b3fe0e8f672f65cf691a75a6d25f7af8eecdf467840277e
7654eadcfb4fa8d0609448c3a967b103196c4f646ff17004623ab7dabd7b2d9e,17aef088fd76076f3c2114e5fd08f5310a810d51aba6905e2a0069496bae9637
76af3d767714db64bd0c96837df7a38d1a09e68aa0afdd50cb620850892463a9,0a6e57c058758d04acb20247ce4590c8767f1956450702d38b79d8e547f2ed52
76b2d9799c03fad96216e989b0a0aef65a5617f58f4a57abb8429c97f55f94c7,6a3ee54d0ed8967c7a6ebb8d35d27a7b1ba0f8423ad4ab66b60650ba204727e9
76b35c93ce4a038a675e1dd514389dc71953f3bcc0367c7c88b1657b1c1c8ceb,b35c267fdedffedba2e08dd5948013dd607cd5dbf8007593d53dd812ffb388af
76c47d65e0109b9eedae4c128b5f76ae02ff8da583c7b5dfe685f153e2132cf4,7c1e8e78069628d8a3e9d43279597998765f3372bd8e7fe26d3892d3871b9f1c
76fd99046c8a78e47099728ce7fb658a700008cf8ce646eea08b81e6263f2217,8e892d3056f9d7f4e979bb3c92231d382e5fdaed638b66e63d5f97ecbbad5d61
7703a46f7f6714eedda206a9f941e81dc9867d076d5003bc92b55b04f969f8e2,d3b01c239ca9e43633eb0fb3e3191c8f1603d3ef2d9386d2f3d4f85ef18626c2
77263399264d3cd995622f2533a5a17c92578eeb015b2fae0b9078aec613f650,d4b52dafd3b123a6bdd5f00ecd6fc6339b79f9eb42bcca1e6485069cade258c0
7726815c9724624c5a979706ccc52a48e52f91edd49898dad56c27565663305d,a560ed7150b91a60e6ede07afd9cd16e3108396eb78a54cf03723abfa11b78b5
774704812d439427a634ac8eed68366ae2d9e244aa3f7fa16dd33014b86074f2,5ed72f8516ee80165767a50bda0ba86f70bca40174b29756abb03c8256057b54
774e86b5af1583dabb6a5ef60294bb49787a17e0dfd96295dfd167a187f189e4,9a70057fbc2ca883d93c29e6b25ed7939cceeb97954844f30bf5036e70b96d23
7750c3f07626668d1c74a4afdff197980c056ea688a680ef6bf9450905412484,581dbea6ed5c17706d292338ced37a48e90efd473f57c2754ec7042eb640bd05
777b4cb34607b343382dd2a3451a6c09c24727ee387a6133f2ce339154a2c98f,8c38196bf190c81d4bea4f0945f8578a09d41ba1f7fbbbc3a7f2ac2b06aedd88
77850ec0402cdf60e683a89177f99301f8075cc644dd31ecf3ad37d435c02d37,79a65ecacdfe7946f791fa90fac5fff0c97ddf5481199d683f958a9289c0ef4f
77a996ca4caf420e7d91262f4b34c68cb7f751b85e57707cc12aca42d2f0688d,a32dd061e01477225de4437f1228b94b14a99abf98cff100464a7f3b5cc41c02
7805f84e8b7015dd7991c7185c3d189e5e1a722ce8a26ee4abddc66766cf2b84,5c09cca9eeb0337f17819482411e226693528665411f24534dcc1fa0134ab559
785823ec60a59553c9a5871f28a9eb5d2202282364df4e0708abfc772d6c5159,1018603a7a908c08ab9289e678c5b9f28d6e38146297bd4d79c1bd34366e0626
788d0b94838adfd756caa1433ff721bcdf11db5ccecdf8b1a6dc757d5e86f306,06f47785b5ed16fccd8eb894af1bf6b4885ad72d6546f8fd1cdc68610740f3ce
78f0838ec3a9e2f83411698d3c52775115ae430e7a4cea9751f8a0f7114e8005,9b0015338970b21bd4829b3f1f5e4ab0cb2e1d85e943a1f2e2eb175acffefb5d
78ff17475743406222947ba2b9f86abc9d703bc1032a8fc4bb10f4b66beb3ee5,b0ddca57165854914b992c1cf6f3043394c9db6fc03840f6fd66277492a991b5
7901d5ad4623c145d7269eb98b3ccf1f184ebd00f538474e44070bb24f0e0311,a64f05098b841b0210f0ebac819a90a49df84dfbfc89eb850c9216b1fc9ec3b4
7922cb3e38d9896a38ba3051e5a4702a83372e752b4d82e3fcb6545cb0808cd5,08b8d95cb0da7dc846a305359b4b6c1bf786c97563c77d2a1941b60df7c5d00e
7954b8e5285d4abb920e983988d5a219440bcbd168904e1c8af8830826996620,5ae7d7fb7e38fbe1a24ebc6918fecde6550b3432095cf155ba3b71c91ba90b0d
79609581df4a5dfacd9f43876cbae0eeb86a709d5ded081b1deba2a2c6a32204,75f8b821b5098999eb0e9312326e6a1702ed0dcc243d7295bcd763b53ae26ca9
7960b94472a09689603d005c70f5a3d10cbb6906f40604a19707753494cc576f,83d97eaac17b1d9646e86f93510a15af256ad2d29dc9ac73a6d4414cb2384bc8
79703baebcf0bf95aaa8aea8851e387cbf5b9842bf204b48c3d35f9f989095bb,ed9498fee1722c8d5fa03179e6508b37463a6a71acfcc5af55bf9e276f795666
798323f2fe6ddff9d2a2442a2a88092aadfe5f786c7198ab441040615ea63045,1cffaf8e03762a7b680752c65323184ff3aec26217f1f4b566fbbc35603458cb
79975e48fb3315c14795b056b34db8b9756aa552dd737e65bec3f146a26df6af,23f44f87aa5eeeae212a83dd5d8c06a23ef548fa11d0a6c8ec3f783ec6ac2ece
79ad385533886d2306474c2dd187b92d16ddf52f4a2f2ca439aee6873884d6dd,7daa5556845b8bc1dc19c0f45f7598f28144be233881a5dd1041cc17a7100c91
79d8b4317a3cd804cdcd71c226fa3ec79dee5bda9ae3d443982a20564274b844,9434639403449f433be3836f75b35cde051ba1d9f514b422c983287646675f44
79e0e44fbc98c95f59ac99d46e35d534dbae3e9e92dee9496b06b0ab9a8353f8,3ab5b943c1a3f81e89b16ddc6e7c78496124045627a8726dcbd67307ead91f05
79f21712e85cdc1dfa407fd0f24a8d9b292dac4a4a1a3d6f12d96ccb4f3f0951,a4414bc612972dfb9fa90f89c6a748c67592116ecc9f69decc39751f6d48c021
79ff231c12951f0fed8cc22fb8cfb139b1e4e32528ec1175774b65be937224a5,8fdf62dd01fbdc6bd78f6a83ec583d118a1139d63df4f644fb43c6a92db4aff5
7a0c01670c478531669297b77241d368e9ed684967e82df2f38b554430162367,3262a9a39e51563d46510f8c81dedbd3e32a29ffffe86223fd8401e3d8613072
7a39485865ca4e70dd6dcf0eda2f5d30bb969a37dfe1b99e07eeafa2b7c1b120,ae5d7e3776e1f1d4ee7c2180e5e52039b3cbbb5e82fdb524c0b8b88a8dea1796
7a77204e686d28337f6bf17b549dcd978676af8b5ff7cc1af8b3eaab83958a98,e7f039662e41c719ec1ec58f6902be1ba3f9c91b8e7a96c2ed089f79a5f88102
7a7d29def86549da508e544754124ecd2ed1c64927ec814a833d96a7d1f5323a,7a4a863e781597d29a35e3db370a403d0c7f39a670199ce3a01063bf16088eae
7a97b91f3f2ffbbc5d636a0e95d56cd7474bd9a5ca49850b1d4c1efe9cc7a6b8,fd5b949c2ff98d9df2f1cd8a91c84c8d94208050b2303c380a596f104b42efc3
7abdb75755e72ea3d7af768928a63463f0073cb4c94f121c4c90c7edabd92255,e02b79d4f8ac8f98c54a516955c8620d7a502cc2a96df4dd6e7f79979e3dd654
7ad24d5936b6bd6bcb6c881657f946a4619072d130b69d68606219bff0eaa1f0,543c573d04001a4b35438b0910b2ed856793c50da5e97886855c744615c1c106
7ade389bf4dda5380a3559c6f2dcba89c8389480f4938cbaf4cc26730419a65a,e4340adf6cbd0768e26f0cc975a319f83d34129e505af24b3bff921b1bb5ca02
7b0c10120e2ea0454f602a85cf0f0bc3916f0701475461de8c29ceb4da9918e7,aacebd63cfd2493308e208f30af56a6c22846a95aa48a28201fbd3140b105c3c
7b3044dd1fd02536050c2a1b780529bb7eec7b58393e93df878330d5f263c9e4,772df21a6e2853d2fc57aa430639b42e148cd9b047aaacbd4e32fcad6f1adf42
7b546edc14acdc4f91321ac23b8ae168f2de247faec2cf0c04338e296f093228,033c10df2feaa70f23ac54926b81e9d075f5355dc420e4c75780f9d501a411a6
7b59c9baabb5e9db4e2cf76a6adcbe1b3556f765cbc9d1099596892920f012e9,29516f8b10ef7a45fe94bd8b7ddb515983d0040d8654f7cb55d6039a2bc0f326
7b5cb899a50c6c1b14eceb334291b11ed6ce9679c65f14fc34057f2f3783c063,b73455615701ddfd288ddf6d0b02648795d0550ce2858317fd3e472359a38c01
7b78239c65714ddb48d7c266f863a4fecaf14b5fdcb25bc47989307f8bf5b8b1,c06f2edf231ac040a38c86e2e8c29de9a06fdad00db4c3bbe1f7147d63b73d40
7b855be0e7d233a43fc68c9df12e0eb3a02d7fbecc2d7f810ece416b6cf77108,6d9aec3f47e3932eac4755b856f7a32e64c4901c348151184f9dd412df1e48dd
7b98af670d3b2dfba90c209271a34bcf1384018cace9f29540ad370a6b847c2b,b26a9999c005277ca0ba2841d393f9208316f10d9d1f3b9228854ca6b9757985
7bbd3672733d1e63ed992bead8ab6fedc07783d95991f1f5dce463501d7fd677,00d51f6696c97081c7bf43d6360ea4c3992d2a3edb24a99585b24b790f3f1fc8
7beab7e1570aa151ea620949a559830ef6794ce225ff53579e9db66e23bfe2de,922657a3bc1762d38db13461d80b0a49b33c4422dc47cfc2c9450bdb1114beaf
7c30693cddba235167c290d455c0d6295c036c18cd08ee129c03743188812f30,b475c78fe1f39dfb4ec9facb59171bae699151841aca9b819072f2fe9d98c95e
7c503738f5cda7cea732c5fc04c32a7ef667cbf26c5aee0c37ee577f5ffbb709,c3f5c0fa47f3be1d950acfd39a02d3d2ac01992a1b5f8409c30cfedea9578ac9
7c5201e32f0816bb3cae774b499b5f6e945d509fce97343e0274bd24526ce25c,059238c9f82fcdc36f646201a487d1f446741a089b124c45718ec0adb286c65a
7c70979df5269f2f70268a3b1babb00b48c8434488ed2103064bd7fe36952615,965372c6374bc173beacd56c95170ba68479da79e61d5a12b4d783c3ba4cd5f8
7ca0fac6ef275a364cc341a9b000ee20c0bd4b5faff274f8a72a1bc605df9ec5,e8ad74e6443ba6b18bf523bb4006789bff9e2ad87a770edb84a9e21d54f2944b
7cc7155ba7a3c04d85fd21e131cdb757c52b29d771fc25f352f793efcdbc1160,ca4e13a62bb0dbbec3dcb8931e91bc092e712c332fbd229e9b2acfbf71f22c02
7d02d24269f5af75d43c0027cc704ec878d154065821feed0cba2e8cce353b8f,25b34d4918e3b0a9fab4e9fda15ef176cab3f4c88eea35755634a7c8965b089d
7d0e7fec29516351000dbb73f135cbba6bc965c37de7ea1141270e31cb24c8cb,dbb8ffc85d7804d62a1e02bf5f59373635b948cda0993b6bbecfbe52349090af
7d7e665537104e0f37fe9d0036dd5c4053e148857067b6c76477fff41c746e3f,fd4fb27d304b5871181728c618a40b3130cf1e9b6c98018bd2a1dbe8ce7fdb38
7df7fdc15aebcf34f30071ac93e5f9c9339044500a71b81988be9a4484bc5d33,5b3297ba6bea9ed15c960b4b7f2f94c2587f5382856f04cc6643118a42dc8f86
7e25f8304d09189efeb2d6dc1ad0187604858b936686d4483044cc2127a82b9f,a2819851185ff935ee69741f2be3baeec12094ff54a66abc8904225babe6bfd2
7e27303281c874d770d02dc2576e4f915dd9dda5029278c9615b9a8e90b79991,3c4690cb5ad2d95f116bc6c93b107ea82b4e4e74bb1fc860fb22c5142fa14d7c
7e38255d2bbb3542b0cef4ac4cc52dedf470ee6a4a16c01dbc379fb104471e83,ea1668bb880552b87710b8d910cad3a96cc3e869bd80fe8c097891fcc4f81bfa
7e43f62b28e9bbc85586365926f8fe5db8ee649e6cc86b3a67a80a49067ee5b6,d594338bd69c953f461789015ab92bf5e6395e86a55a9c98aaf022736ccccd52
7e5f29dc09054781af886468bacf1f2b7b573ba1176448305fc0fbecbc982afd,63d9a0cbe18b7ed51e059fb0feb2eef100a8b9d4d39369ec88d1b90c6bf7a534
7e6252a94a531e8cce55170c3c4777730d8192e583b29b69455e8571fbe0d1cb,e7419acb31a128ce58e126750f626462c49fe0568fe07bc1ebfb71ebbd046e23
7e79473a1cc6421b511b3b08efa3bfe8caa5a47c558e55ba6831cfe04af6a535,32264ae36999059d23a21dc152fbac35b648d01ecec97045c523edad21119a30
7e872a9f6ea247dbf6c70afc6cea3c5a92a73378338e49c6aedee3fb429a10bb,9385980e3dd3bbb66c96c24cfb854eb3c263a75078a5a5c7cfec3b816537666b
7ea2802613ff70820473e6fc8306fbc5597eb845f99af9957f8e7d11c330451f,a1d1e53cd5cadc612a8903eafbcdac1c1eae9612261baf2c57a66b64cc72004d
7f443a2d540356ecd0f5111c59cbfecdf6c30d8ac01b734cb7159aa60a13446c,f3e8a35a7dd679f34360066ed82b8165a53d9e3a323bccaaccfb2cff064a4074
7f788293931aab78dab7618da5d84367e693a8af3de9f869cf52ab6e5b3c8514,7366d09c210e953f9ef2fbb917a53dcbcffb2676d3737fbc1c6cc6ff95c7b524
7f7f50b9fe9426146c058644257e4c0c5fce48d69ffe7d6487045296be7caa73,df19d6036a3242d95d0d533084b18dfe26c355fa57e5a7adbfeae622345f7efe
7fb3e067b5feb267b77f894e2948819f6c20649dcdeb7cd23cdfe23c2b353fff,42d8e239c2667f8fa49e80592d608bd97aa1b26e7773034492eb56f15aa8dbe5
7fd1ac21a978d2a8c095e4c04623ec8ea777daf5ca2eccd695dd86a6bb6d1bf3,7c73062d18dc55333b0a6ccb60133a30dc11cd4778e093d26f6667c70ee69b05
7fead857517064b3d42f6f952d5ad34cbf9ecee07eb5039dfa8e1cf2a3834493,d0ce7944ebd15046261474b66aafff8e6f99599c1d3875b31ca752a6a2dee839
7ff736f3ef954a2c60aba4c198c597fc8283735099e5b4af4f9ce436ba2c510b,ac102262ba517af0553d41fa8fd29986c1a87c5bf60cb999d8a341ca82ff0d0c
80a995f9a83d21f6f792d6313885c723c21b6e94b9e94e031298f77584690219,cc338928bd4be2a13671e6be991b4b9b55f968c871ce1dcefbea994fce9bf3b4
80c115e352d12187fa13d87f99a6b085b2a2d44baaf0dfdea67b2c9f6b6ee3d1,e2d74b0acdf6a1414a1183a503ef13fbc220c54185b00343b223006f5e3d58f6
81715c53b65c2b7d3a038d8dd4d197df744e093e1579aa142d53359eb5497fb0,382634455086fb919f184c1c5de0ce373bc27373662a01324cf742f0c19395fe
81721a5cc9214a4be0de2348e9fb26c312233ad04b65018b9deb97c274001032,6b2b5bf2fae8b0e2ef7e783a97fdee34344a5847d360be16d170fa0c9a24c408
81876cfae99c1a426e1161e4bc94b41922dfb34538fc61160d5fc6e75e5366df,1730be026f7180a21e3a6b50650b68ea0382b76adc93d0fff90ca228d905cf25
81d98d050d44883c1cdfeae7263ffacdae64cb874095ce61435dbdc4d24900eb,e72c3d1ab98e68930f01876a49c933ea2bcb4cd68088bd889acb07047b88039d
8201554421ef8407f7da763baec20a3cf6dcdbd6e5475f74d927420a66d5b527,ebec098977410df6bc2a144e55c43593432c60ebbdf8845fb031001ede1324a0
82075f0ff43ebced3fc97e14c76342413d76fe70944db58beef4be8ce392992e,eeb5fc34f6cac326378e7a90266bddcab99f9f6f0b1e95a544a5e3250d4ef246
8253cbdba295cb8cc90486320792f85034b3375ed0b84432499a0cd8aad2f82d,4bae97d9a919208a85c9203be023fbd8210f3f509a5006fda563f60969cc723f
828a7565c86f686b547c416216edc2186c78e3f0ab5b96d52da885ff098525bf,9e9e87818dd96c39f2833668398ec4f2755b7fee0a4c9fa5ed0321a9bbae5379
8293341bfe6a15969e62c985612d23927f9d33fb219bf1f64cbdf113878e3df4,767f7a0d2fcfa4fefd82ad17e032a367daf911f0185c3db0287c5ec944da4973
829688a600077035190b758ce2644b6a2b75838b1f768608c6cac68fe9aa9ff9,c878037e55473cd46120202b174d9af0bd9a008466301c7d9fd635b463704cd0
830fb29d11890cc70c799b0dd1dc3ec43a6770b03a40d3394274de8439d301eb,7bde840c48dcc2451a6f322f31542b927f120889548fe4a0b2c10122e1f242cb
8339e1a04deb52e0841608dfec0b80489bbf4e30f5da28e5efd263ca54a25b61,42bb06dc6eb2ba40f3219785dd263c05a177a31976026e9d86a6190a3a0535e9
8378d8288990196799800b5bb2c74640faed7aef084f386e5af6dd0221ef520f,36a3c152352da06b7dbd49ed02ccea93a55e9f095447c8994e6d5d29c0c80cae
83f0f24e9c3b7d22dbdaa271d491ee068d3478c21a85edbbe4d81c4b514eeaab,a1313e541af3baa86a08f5602aad27a392a7de94c458e70545442e9ab6b2eff2
83f3ed7977ba6e279eda13656a6cbb0e9f7713fdddbd73db631cd0ab7c946fe9,e2572e08e35104c5d427cb2212c006a02054a89f71547ed2d0deb95673e2cef2
842279d137662ed92cfbe881768de867f83fb9fa552421c3acb17d0c216e55e5,97c56dc222424cfe9b7f84d87f55a0b6e6a1befe3ddbc3dc132afb69169f2dd0
84419ba676a28c01e101005405000f90b14b4113a13e945bdfcb351c24e6b200,ea2a67fe007102f94384d0a1846bfaf1920847a4ab69ed73cf36fdd8c6a4d2e5
844b90d27f7ccea7cf705cb2e4cc2cc5d9bdf1e74d10ffd8c18eb1a57ce5a326,7445e29e9354a2115112997f2d2920d9eb90be357fec4f962f9628129040948b
847521364665ed65a11c172984a52823060982423e4774782df048fd01af7536,002d46f2f472cba0c3e235936729ec40b69f1d791ed9b1a376d05cdc53d0a065
84a337a3266adbdf11b24f799da82ed2bcbc5b62fff902f2ab6d459be9901409,882059a7ae2d47ad10d1babc20c657b6498b53f66d3240d5eec64fde29abc370
84a3de2cc75f240ac5d85c1181736db5d1c4dfad756b4eda236d4ec0468f1db7,6965401ea03f043f437b8127251ba9d634e682edcef6f6b22ced3dd1143aa500
84a961cf0e1c96e0d718849c08b632ec4a03f67fe85fca69c600a565d7310628,4e611e1df835be37b68b9ecbebbdb2c7603f458c176bd2cca70aaeb34a32dcf3
84c0fe9d2bffd947e099e5ee4dad6ee67ae19b37df6c7822e9b57c6aeb2fdc37,58b781f789a40738b9a29d524a3148704808fbeb6ba4692c5831ecd89d538067
84d43419f9ee18fecfe6d42a03f71f0049c764a902a0df9d8e0883f13b15a79d,8ae727da22d42ff8c0dcaf08f449f17044900a00eda3eba4b93f975b0330974c
84f7fb52fe143ed357e1fc74e968601d1778794df649d660325e3ea7937334ea,5d7da0d541e988749159cd2ad30a1dc053490b4251cbf17ae27129d1eb52b270
85142b6b1192fe2ce9f3a7d6f2d4dd0c8cceee8f4602a0fbdaa17746a3e79c54,ebc90df978fcca7420aeaf5146199906fef24ad821595d281687ace4d1f766fa
852dd5d1b4cca9b6b747710fad9e8075ebe389a553dcc79b2c46ba7f1c3643d4,f0a4e52b9d11ecc45f7d0040e01b8e3d5430fcb3e4ae78ceed9190304eaef7d1
85360be9bfaac1653c5532fd71702091fb38247e5af5898524474ecdfbb48d69,07cd8bb8a2701d39713d1630c083b5465eb0809f921332de8a733c9b1a8ee756
853a8bbff89a9b40cc92dffe056202bf800d84b69008001bc3477dce905ef7c7,0741e38fdb059ddfe5d5d24c0a370ed24afede26f58541894505770630e79461
856603bc0361b263c36487252ae9b32cb2777cd8b23f4768a21601a15608555b,2cfe2974c511b0889c59f88d069112f070a7c63a7640b71bc9e2cdc904ed3dd4
856aa0501f116c7edbb1cf6662319f08c3cce85c37d299660aa33892e94b75a2,6f94f7988f5634167747a06cc9daf6f63fec88b203d7359523c9331a25608ada
856adb619ab1207e707c3bab5c43f1576e13d9987a3c7837a04e1804cb30b5af,3f2dc9f62b2f4998c389c1e2e0aabbf0b2a6c63469e4bf7fcacd4e9e0b20b8bf
858b45a66d47f91c70db3587f3002dd0a8000978be3d7c92117287ef5a65f1df,3da3658265448109e121906b408f5f038067f31e7258f0a952d740ca91d88e16
85e516385b41bf4d5fdb53b2df04a488690d52b052bdbcc52b8bc5391e1cf0c6,7e8492568006e643d11208778668115fbe41b04a6d81db955af08fbf47e2f5f1
85f74a6fa37c4dc8ee1b454328e2ce2e0750478c5a2d6d46d2e116e5d898b1fc,026f126adba846f19f49898088ef9d88b68dab75c236fce0754ca5fed2f8c003
8609edd1937efd3260871bd077f8a0fac3040ab22547403e89f003836d92fa68,e26fe9c44488091d47148a8c84f1a724ba87474ab7e29c99b4fe10c92c055080
8611884db353cdacd02d9769d4edfc6bc12cf9dc3fe04f2829339a7a8b8e66f2,a8a38e0edd63a8f1fefc8065c6a88b6b822f60764f44c97c5b5f32ef1023ae15
865faf6f25df5e3575118d310208c802210afc633f92fff6cdb17a1a1f80b079,a6cce336b054f9e014739846cec4b57196612ad19c5c480f770d56483c024494
86965e7824cd65d762b2656ac87b419bf5702bad36c9182670fa22980d956437,95cfd1caee63fc81ac3837043cedb597108952d19bd65e9ff72ecd159b237bf3
86b6a2757209ccbbfd9db251340d14f0981c7de124de42191f83266c287c5b95,16b6f29f7a8e3b52569044123ccfaf4c29dc40573839377097901959bba22a4e
86b7382398f540f4d4f9076e8fd6af3d23c01440d84d5995d390fd5f4f4e2809,347f9f9a0b39e0f7c7acc51fd936359330111e07304e78379247c46c2ab94d1a
871161ca1184aafe50f6e82aaf2c0a7a243330374ce8ff1ca499d03dd8752d35,b4e234b4c85532626cbbe11f972bb4d7c088e4cd026fbbb53e469ccf2fc252d8
87bf6bad1a87fc5c5048011b4e5950fef3886f5a4bd81420c7bbe1094782da85,49abbee3c0596e4ef5ec43311f38ae3053d40de012ba126d734dac1758829e44
87e6448d299f3a212ddecd964607521494f48c19abe7e508cdbc312a94ab39f8,9998a795c0c1936a6a82f5a7295e4ddb331cfd67d67e6b952926616f59528a17
881a298669b5888eb5a3f2f660806a72a9977e62a751bbd2a58025cbac2fdcda,58d7e33cd6eeeca8fc38c94872e957b16dd01c1da0f0d3a7c794540de63820cf
8821696ff92fa2b5b40b77bd267c74a2dbe30088849d43fbae6ca710b40425d8,00333246f17d356e0760cfdabcf3aec34e2cb312baad45e85084cdabfcf2b676
883a0f0065c5ee810c5cd036c195bdf17598eabeaf9f868f69586611c012b372,5a52b2c92b0245d336e2e2546c58e44f42117a9577d9c3095e8758a7d1233902
885237afc5ccf6c7eb4745525bf9b9381e88e3840ad377cc9d3eadbc19d6be3b,dc7e13d42b33dc553836420420a916c21b2585eb55963dab8e050bef85dd1020
8868b62a6a24cd17aa73c32436951248050e6d7598cf12901be515d8e0a3f68b,2187fa6ab2238473f121ff2a89e78c78e52b5768c54e92dc9c47e04ebb32d96c
88d35fbb87533cc31e6dd1d5edd7cea8706a1f1c63c3d31fc23c5c9fe9699a07,4af74fd32c234dce12d218f1e10b6be72f0d7253a6012902aef4446f7245d4c8
88e80213bc108c9478287400bc6bdff214622b7030050f019b1514fbde704ca8,caaf2d7fadb2405fb31a80d4e0f97b5985c4da85d65af1edb4daeecef9167158
89247a424931a836d235ac9d5ff6e53a4bb6ba92fdb8ca5d786c7d41915b93a0,c74e0a6976cb97f6723270d6774fd9a58782f0a637c7add91aa9db1ffd74cda2
893cd249761826bd68b2c3239faa8040869e715fcd15ebe278f473610545c1be,548028f73dee1b0769f1e011580da5f5bbee2d58e02bea27326e3d12300e1b36
894c87b684d3b7b5edbafe8dcd889b80d38457c2ddf81f26b8206019ae35c6c5,109825563c80b06b9fd6b3c29ade2d4f10af28e03d3c93b0ea8d7e5f0bf98c41
8950a8bfdbf0be34623914615d5b3eb09c8f1cdcfa0f4db19887f09dd0c505b8,39184b4d53ed4a8ec23949711b8060f5b63ee580e5cf4cde9d47ce8070aae1fd
8971042179be3647999685442b982ae1ddbe0754eff0f31169a522fdb8549794,bafa2c84d94ab3dadddb9c48eae4ba70c217d628cd049ec6b95a2a09f98b216d
899e494ce0f66d772c3c722022a9cc566f7778cfc1a3b8e627e8ce4d8b6085c1,81804d2fa989f6ddae536a7208b0ad9e8a3ecaf045c72b08cb4a0be732bbe428
89c17ff56b4b1df2c6bc6567f44b2ffc57f8aa95cff95f31ec9ee528a2f621b1,32c35257f08e3717285ded5e243c607520f289387ba288a69ac894dc791be835
89c4064dbf975a7b3be17f53edb604fa9b41d7e2ac985cb20aaae74bbc3c9611,5270955e72ed24b68db4cfd028ce934d2f3e30eec16f3c680d475c4329a1e50b
89d06c6c233dce894c530aab61a8c491923063ff3d805283587ae1372179d8ca,42f2bae6d122ec989763ef5a6765417170448f344146dcd6043b19744d2c7d5d
89dceba50ef10f24c1426755502b3475da16d283dbef1ed5c002fe211e7d797a,5b1812a23bf16aee184db01c3d7164cb90494ee42b890a5bd9f12a5aa6e80f67
8a0eafbbd934cf47167ab358bf58682ab312eef91b5956eb829423025a59e1ea,8c09c5da06cf14b6fd911889e2906779d2570ec56c1cb4f80257258212539589
8a1169ca357b0282388d6512ac7463c5063107beff551edc4a968684b5a55a5a,2373ee91534c12130aba5d5aec0c0a8a212d5dbbbf5c339e90f53097cb1348ad
8a38d551dc20e986672573971563e46bcf08665e9c74967623e4e982d75f9ef2,747bebffe1036415401ebcc8d3bf748a29c8de82333063e02b9ed9d3a1bd8f0b
8a59d8fbee337d03a8a9d7040050785db025891f568a20b8c9ad5fb82de19892,2ef82aa84332b117212ab34d54e52e2fc9bf81224b7bd85085f76872049a5c45
8a8ba88cf5082b9b9d3eef3108cb79d6e80c52538547a922581b1f9dd5f48a95,b4d3bdbb89427b0b53e65ab33998be869208d233a489f7168ed9144b59447f16
8a953c415b3ab8999240f8d41399d297d894a20568b7d5a333a8ea974e682ea7,05caad4feded0a0aca601dcbded6f0eea43413c914f05ca7b73bab3bdab417b8
8a9d40119c9017bdd008e0abd03d4ab57d77963f238b090c88082c526f8f08d9,174a98f005ae694d291cc00985153168de3b8efe8de4e41d7d7d72eb674f243d
8abefdf9213544fb0eb4988ebc6ba0444e40070ceb4679080bd9f65ac138c7e3,9b61a4fa321d03add53adee9234d823144a3883fe8ca625a0e9d39b65655fe8a
8b30e6dec2064722a98f8d838c056fc2e098a61322564ce362ff6dd41ce1a8a1,0bd1f8c10cf701493d3128e5ac50b5d0c356d02504e4a51d410e50fe18d66964
8b418790e4aae215eff80137f94d7367b2ed620fbff153c7cbd6c748b1dd80f9,f71ee58c00f62cd178076d4322fb21679490a7a095a88181c0926e4c15a67ea6
8b6692e118e59e7e6f631ea9310ce757ec8164e26c91513bb4a733e5c146c9ed,d0f53c0179799e8cb10bf96463668af656c59b6fa73fa59674d75086b8306d19
8b95a78288538b7aaa76ac1d385f7d0cdc7d08ae85ab374caa0f11cc40120262,9dfb5b8054ee594bd1cb1c0cd6d2ed36a5461c77ad2a8fe1ecf34ad953dd3fba
8bd74763ee0b50e31db300bb20b1bd998fca0dff0787fc80437dad524cb82084,e4372c8ba641bf03f959658aae49b0923edd34d42302b80ae78106ced5db79b6
8bebf5cc12f8bd00f23cbf81b8fcab51fa15a88d322ea48d81f933b98c5ac32f,081d83afb3fe729dcf73d39c0149b7a6c95b7875124141c95e5f2d719b501509
8c0a797795d1d4d879242bfab935fbfa3369ecd6b010a6607cc4f60d3ec09a2b,8a9a09ce6c1dcda5dfaa0016cf9defe7de01f035f3bdfdb1a6707832b0a1ff40
8c3ee26a3147e51577ff3f0cf10294cd4ec7417aa68cfda5ae79707996b3ba7f,62831e503ffc11811f7f2e5fc8fe951fa6f0a96cdcc7f6cc76e1799beefc3e1e
8c518baaf5f6c3afb0b90e9d512251afa479ebf8816e908eb85f4c63376432cd,a63502575fde45690b5417bbc32bab4a9c33e73fab1ee6b557ee14f458cd18ea
8c6e86dcc9afcecb60004e1d3efb55c253144417e71bf844826cebf7dfa55bd0,61e661d565f51307a161e9b946a061bd3cbf38f5cbb6251eea9e8890dbfb1bbb
8cb3f3dc0356be523945542e634d949dd6da2c544b6ca4ce3f41d3a9e841835b,65928ae6f24c5662567b815461aa49b9100ca815999686e35807d4df7b4be6b1
8ccb8a652bf1870915c720aed47bd8c29dad7df8de8ee4bd53cd11e8a167484a,c8f4219fea8c56df7a661319689cebf6796bcdb29a5d85dc07e5150dfbae0c01
8cd6ab31064d1866d1e131963b0460aa2085b8b8da02982f5323b5d9d4beb6f9,1313b6d70cca48e7829ffc6806f08ea37fcdb7bf86de84f0e4deeb413315690a
8cdeec754b77db67cece57fc60b29f7a29ed73b18591531966a5ba3d2765a354,d67dfa1083176a093b99a4e567282561aab55dc63491b0be53fda817a1276af2
8cdf2e279c8eda10911eaa7d990a9da65407431c5349e522241133b48fbc8b31,298c14deaf551f7c48a555ef1c75f28c6aba29e9e7a61c453122317957a1faed
8ce190bbc1e47211d51d4803b031ef6bcb159b02dc46fc6071282bbd3a2d3419,f2d5dac26d9f7516b4b9f04fd40e96091135547200b240c9037d3da767a56721
8cf28d8a99ac70d48cf29c99e783b3c059c66886c5e76894f4d5aa8df680f557,9877ec25510c74f62cf01bff0ad7c0554e5a60e1fda4b43aeea595179ead093c
8cf9dc40c11babd2d321b72714af526face631808b663f351569c92a1381f83d,e1a33af136b6a0feff61c4b90a1d35e6c1704ac00c501890b73227c4f9f52df2
8d3099def4c3108bbf4f9d761212a1c63acc5572e26abc98568e91b0bb470dfe,49ce8483849a699da1295b3a9d3130ef144d330cff09ac9e749f4911a25251a3
8d3d0d8fddf85ed865001f7e1fc2ec38054a22c6fa065a7d206210a1e128680a,92d994847fa28f82f14b7239e82f70bbabb6c72004aecb60b5852329ed020dc6
8d627e7d8efcd2ddcc6553461b9dfe6afd882db7c5a49873f0c0a68ba152247f,72e6a563f517b32e2b66c2acd9de6501850140b4f1125e03c65bc78c59a03c18
8da661f73bd9d4b9fa1401570ad15a18084dffdda5c073031f0c16f55f2a1ff0,cab73219b59f25b1189c86199d0cf82533db7a874461d827c55f8f69a84c25a0
8dbb9beaf3c6ff3a924a8048bc5292cae4fcf55261354e08d48c90d0b6a7af3b,5622c85df01a1eee821da429f425c867abca4f5cbe803355d178d4262c3212fb
8dc2db0e8dd4dc4af7483bd33da1f6ffc708d834ee2d2e1990f90aa2c7b9a042,8e8fa3ec3942cf362a5d7349ac7de467e58ee9a88a1ebaf6328798cfdf5e2565
8dc91f52943d2d240fa05c30017a910d1a0d5f19036bc1410c3660f64d444f5a,92a474a4de42b5f90a27b92fbce31010c42f5b4759b5f83d732419b5a6ba0e2f
8de83ed7b405697bb45763315a34230d745e4b5173bf5d6a6a712a1e1049a96b,3862ea84ebb0c89c639ab5bc5f1295ae932a144854ab77670258697af6613cb8
8def3e4b9127cc0452d05188bf734ca420999aa49bf5407b0a440f6b9e0f065c,21c7f2a11a746da061d2bf7a1b71da07b31f95cb5690b5d3cfdc68937832281b
8df0447ea08cdfad02a52ce981bd32eff612f0ed390aa5ac363e3d464dd1fd42,2a4a33ebe5b0a1407c3cdfac5f057d5323c4526f2d72f68427de0942af072bbf
8e1f21a57796e1bf4ab23f54c501ed9c80c38b8abfbf7b0b49d9934b4c0a70a4,f7c8c9ee5bfdcff794e7b123b9ee1219183f929365e2fdb9515dcbc9dce2ff87
8e48d330c1aa6219815c787fc791f50bfee384a7b264b17427c385c1c2d909ff,39f52b86fef04cc73e64cb07495bf261044e4cdc41f9303228761b0cb6075f0c
8e5abd51256094a16c5af5e7d15785822a9b6dee885d6280569138299db794e7,15665ad01c67042be03d3d86b8c0d9c6bd4677284d13180869a73d56d51fdc28
8e5df4c3a2d02fec43cec86e8daf03fd47841cd084759988a47a55e1bba095a0,34f1f465f80f220109deb1d5c4c54be07f9cd584833d9da38bdf4c7539398e7e
8e675a51dcf7da3c14341ad9ef4d82dbf0ce7e0171a1b6acd2b351f8abe98ae0,854f696fe6e5f79fdcaeb02042a3a47bbf4633ec80ca9230965e487bdda4abae
8e7b8b66091e758c93a7a76c5471ec538d62f5c5166b79fe4ef87a9df17e834f,c0f48cb693d6968c3931b4f46783c98a41d1f9e0a848df227c70f843075b3bdc
8eb08daf4b6039c90728c9b7513079420ed3bf7a8e643af0f1fae54813fd677b,e11655777364716d5b22326cc0286ace685dbb384ff1f2e058efb07644d0efdc
8edeab42ed5dd62599b9868cdbb3c07b4218ee398cb442272b1a0141eb616392,bd74aff46b29189e331de73b20f09bef2689be7efbefc76649891b66a233b60b
8eeb50418454c7dd74ffba8a6cfad9e9aeec39ddef73d276f50154164a6c5611,60cdc5a6edc92ecd1a9ceb0d870908e73188a13635a116da4970dbaa204e523d
8f04ea95d65c97ccddbcbb618956b84841f2babe6e3ad4fab358e5ab811c6f74,47585fb2c85afcdadfedd833c3c3074174fb391a54f71268eb56e88fe6667530
8f08927b30b1d164029392e74a3b739f90ddb077810e6da2f96a6eb159ed54ae,19b5fd02b6136d0321a663002e1110caccb456ded03cf49252d861fbdf599f8b
8f392e6dc3ae9d7606a6e75872f06e003debc0603dc46de4fb79157239cb78be,533349a341351ca39b9a2f6a66b8c40f715eafe4bc80fbbc932b2380d01867bb
8f4108be53e54e4a3bfd686d6dbed4ac0fb1eec486014e7ed49f6a813a0c2f53,ea27408000310a26a01510beb44a10a971329d011cb3a5a453f59f3c0ab51813
8f416fd90511b5b674db32ab9d2b6a14a0e7e169ea69cd1258b7bac86187497f,7c00b84b36bed9f9d4349c688b1110224d34d738746aa5348ce10a9d1325085b
8f4930c083d617663f47e20c76bc6886428f530c910f538b618736214d7d08d1,e677ca5162d094a750be6eba6d2b26091244329fb38f99e4e7286527cf55c702
8f615a44343f8c9d37723672e2165e2c338e45e38421f04455084dd3b3da564d,0e27aa31f7aec81572211bf76d73f0a041f46a429a695030ef5dbbc6a511f0b7
8f7efcff0dfc24863d2921daa3708611de461be35f876f8f45d0946554296330,80e24fe7d9e180f1efb87df5f05514a4172405619eed17b4075b4ede4dfd918d
8f8cf26740d651389aa4d95abed5d536554262138f809181f6c03394b47732ae,02e0839cde207e3060ef09d41f9e0995dab11103b75e435a44c5fcb1d13aee5b
8f9aaf1f6693d3eba810054a2f16a45e9aafecc3f229c15f0b733a2d9b14c49d,df1590824edd48f7b9c6ae2409780ce0e8b15421790451d1209308df218c2bd2
8fb1bc51b6d5570949feeefbc25f98c04e3cbe94c4b2363434ba030148d1c51b,da071c63f46333d902f902c0452684ed8aaa21fb13d84e94b4290d2bd9e041ec
8fd6bec902b9720e931210fa8f5a953912b1792116b5d61ac497b395b1e5c6b4,3684573f1a42afdacc51b063123a040d455143f24d014f5d5c8a766cca3eca68
8fe551f15bed2292255ab6709050949f3a55af79d441394af7074516a938434b,0aa6d3478112dd0010322951019e534a6f9244bdb31c5cff33d54c5f68a07661
902694678f0c7c04597e1824bd042e8b26fc9f73296345584a3a78dd625df9aa,b24877c889a215d5a6dbb0c843cc6a41e924b7843d80d03fcc26f5f573d9c4c5
902716cf51387a52ca6c91576ac230edd932eee40d3960ac85dd7698201b23f6,822e855cc4f07c5c413028afb39abf42420d7cdf5835401c5c87ed6889735b54
9041b6c4752a0bad81575db41767bcf3b36a44d723ed298070a1506b11450804,98355bcb8ddb3f76e6248c20966413a5dc3ead99dae4aa517b74edc0fc007267
906e46b39f19b00158bb352c039f6d3dfe2f77355b406370ea58e7a773e7181a,8dae346ced591e46fa2fe45572f5b20a1899b72337154552970c557c807c9a90
9084655e821184f9bbfad86e805645ae47bfed4cb0cdea285cb9ceb4d7db6f06,2fcf2ad76d7bed1ececa6c78bfe8c5fe0cd50e06ae7bf882521c7a9f0729258d
90f6ac4c1c144bca5d6fc832eb4c336239ad5f1dc836fcfb8f993c61da6bf835,f300f89c1890ddc969b4bf1be4ddf989ba03ed71754e2fe64cc6b8d072b94f64
911a3b1c4f74f0a56809f87fee17ef5c65aa4d3a810b99d49fc02a48c05d375c,f35f057ddeb2bdccbd1deafa51a1013cefc7e682f6805a066771f144c7bb02d3
912616e02ace396aa2a67c6d75c7f51daf62bb4969bc86c585e40bd20cf4d9f7,ec42a4b539b55bb694c8a0fb0b36fc81c61c04a08f21f23eb8e726cc0f1d62e8
91a1ae5c3104a594bfa021d0595da793991df21f70ff8b8580c7f925aeaa371c,3f0e92c01d1a304094716c6c274056a77cdcca37c96385dce2d14019f11ef105
91aa9688f582fd963d1972b7bb55d11624c014da6571540290c053e6544e7957,0096db1721214880542374f1c0dbde9cd9a39e0acc4e9611af9d92fd03705eb6
91c2f1e2976e0fce59a27f7dc479468be51e6a226dfa17a922536222dad1cef5,329ae36e48bbaec1d0a33bec9365cf35c0794b0a6e0dbc8a6533d909e75f0437
91e718b762d9c6aaf2cd6d6124a4563a4b10a5f15bf78d2e6cf7f24cc8d161ff,c9127e280131d9544e1b39a85c8169e59cfa2fb5f94aae8b0642d250d783a8ea
9212a84edca22e31423f2b192ffa0a93026665f103bf470069b2d241158f8f65,1d1b22eaea05d0b73ca04597b3bddb4b261a72eecfb8e94b0e32ab1c0c250d77
9234ee8499b55ffd2e50a7433c0d07d87a3e1741559a105ab91c1e363e5a2536,98e211f0d38b02134f05aba525258361e271d02d58fd1989c3a82b37bb49b788
92434fe4bfb9b535aad48d8aa0da2e0d2e737c3b6b57c259ac0f2abbe46c379c,2b4f1957a53f6053f699aad6a1ff129662ef09930cb75c89dd2d694052887f97
929c196655385b8a9da9f6e8ad5c6c73589f6b959dbcef38d4d02cdb53264d4d,1d04bb169380f4bd47d5a47f9c38f6ced552ea22347af39dcb4c5de259465e51
92e74ea5f9358af82de489020881c1f942893a3a9e645566c6a66b5532868ca4,e3b2121ac3811248be73886e85d07ac03d1eb96b7cc30770dea7a7ce0e1f4cd0
93179767372fc08157b14f6480823cc32a6973895e398c4d30f6a42b33e05b55,b8ee675967684974a752a2e8fdf074d997bf035c2e7c46ba27cd48943af6415a
93637da313767b041d599bc0bfaba56efa5c5703b620966117fcf9460a8d804e,b986691730d947df1870fe7f8aa237bfc2df2ecf7f6c6c6fe3e297fa240492b3
93cec391360f9ff973b4a7bd8909c977c521d71ad76433fda5ae0286a9f614c8,69278044da2cc0541ea411c14cc66317bdfefd6c45be5f9fe6d2f71d5d1be9b3
93dfa3a1dda94082fd9d29739844e5af1d161995706700223c9e22ca55c2ed15,c51db29da50ced06a67b1756576e4584793ddba990436c996665023d89cbe711
93e8861bdfa91d2ab181ec36f21263e195fdf826fc712d2e9b3ea1cc1d188cd9,0b4d804d03c84affe023cfb092d1fc7f0dfb2e6c4ad772035b0fd0a0c2f38dea
9416fa66fdc1964dbe062e5c002219e2bee1ae17a210b779a89f096884adc2c3,2a3aaa9e4ce370020bbc51522b47516e8fb80e96fa9f74ab9daf3bd850081098
941c6eada531f78ddc8e5947063afa3876f9e4c91be9989909b7ab9208de6832,6786ca776691efc4be09f876a02cf267ebc01c6f33ca9f7ba0baf70790926e93
943acf841b77e9063dcddcb52657db28b2a31bfe16cb6f4b73d60fcfc4ca71c9,ea590899e1389ef2d03cd0f16fa7e4c344ae1c9001a122de07d6fc66047a8310
9454a55be931f942c03d95e895b0f4c1c0e586b4b9c5337239b6cab62f938fbb,16f92c59e4961ed9d05ae21012e70132fce95820804829e7848aa175e041e5f7
94d0789d08238e435214a416da1322c8cdbf482703befe3116e79c98364605f8,2ad464eb5394ad2ac9cc20c095fb8e4df66f00162f24782e94f6a690e8cb3589
95189846fe14bca2ddb5d19e3e6c10a0f65407d3289d378441851803dfa752e9,e318c12a4f53678eb3108c57cf6df8dcbc8ad6f7735f19b2eed18082f1de18db
955349f101b2fb0b8f790b781e0492db9cad268b71abdc7d7321252435769ce4,a684023af2ce1d8e2aa77b7bc654e100225322ee98a33457e2889418a0b0efee
95cef44fb6f9daef9f3cb6bbe0fa4f567860606df76f1da2c87a394170ba8cec,98843e6500e0d5f3bb8887d46d33476712db134b8397786031420600d4a565d6
960116754e5f35293d9ccd9f5fc763a0fb61fe09727ca75115049edc8893fed7,5ab98250e72176260790a024ac6591698e1e0b703a80494680f367e4a157f100
960f10040784053aa5c42bb2d9734c38b2dd8afc2c37ff37de15b30f99c6a928,35432357a46e58f35677ff181117db5660bbce4e6370b837dd693d52003508b5
96122c35b58293bfdb3694798597705a3661bd4049b1e4382177670207466028,651c44bcaad731de3702fac8938a0967b939ed9e6535d959018ef6e760c55dfa
9641d7422dea3f8a16e727d4d2124b30ce44493d90f9f7dc1906f5b2c3338677,c1967da93842e51fd685278b0c988742c981108d9f9d23e2d6774bda70ec508d
964cebf5ce3bb9b9a2dafa2a8138d3c29f192d2135cfe1aaa3814fe802736c58,2812c0b46ab65f16cb2deee238e3925cf2d01f1b3b34bd41bde573d050e8c155
96b6d739e5e8619559ea44608ff1f0c9b51af9c4012e0d74a4b0f65f18daf6dc,7867949b0a9b189f4983b5c400629941cbbd933aeca9f1873fa5b2ef15a8bd49
970da4652defa6fc76d014de430829deb32b50c8915fbb323487188acb43d24e,b1984273b35054ebb94feb6f1d88311cc0cd757fc73d50731ed5e9069cf68b3e
974eddd2eeb183b63dd23f4aa77d5e9aefdc6b4d66c88062ca22de8a51ee1efa,a8a35a8cf51f895e7623e289ed9ecabad5bfe118592da218cf3be8a3e0a76216
9762853dbb276b621a11afa03397d168e42597ac9891c736a3e43ddc105afabc,c664dfe6336333325ad3b4787047beb321f9ac6c26af69aed2bff7c9c2ad670d
978cd750707014597bcb38fe026d391e47120d296139a1933d6b9b58653f49e3,72138d05e58e62530ed1b8e97ccc9e44a08a583bdd5eb88a8d737712d413cf49
979ff3f0b41648d1fe056d88421cfb6535c31eea78aacfec34f3c2da22e7611f,92b24502141f755dbead09ae8d2e6c5db89948eaf5935101315652ba77a0a9df
97c9375c43f7c0d636630a2efb84c62ab8d68d8c05b455977856e2f21fa7016f,8686f16976cd8032b16394ef41e52d71a7b129d7d74e0269282e6359af0f0414
9820215b0fd76db652da5a71b942b615a0e2646db20547a01159f43cfee6a1a0,a22a903c8e2bde6b8f9b71220a95d06ea39361bb85b6bc1f19d7e645d5cf2d1d
983c01ba820df119706d10381602104a839d7047888c3d9f8b33c18cbf419eab,6298659dd4ca2d8c9f4c94722e51f841e3cc580431a6abc41840b25268da2133
983ce8e883e27aedd0da998a815031c4ccd378e98805b224017416851c6fb65b,decf24f1c833575635ee68c918df408f1612d16b592d24293178b60ea325d86c
985d898728552f8b5f31134571c9acb7acc73f15ee28f44ff5f604312282323c,6484e22a7fc3d00909468d55956ded0fb57bf2cfdb448086e7164150ced8996c
9881bafecc5eeabf1101765c7a4e141eeb797d848d68251dc6bdcb1488a369f0,07b2ef10fafec13bbcd41c66afcda686f68a6a0eecefa73438103f5bd79bfc8e
989e8de60d1bceb77f3d0e931eb21dbcb17d4596110fea9447b20ae35e04928e,f9c189124d2d20c80ac0cd3d449aeebc2295b1175c646c324037eb91801667ca
98a0bb78fb83da146624e0bc78347231a7dd95ab909186ab654564986a069554,e461b49257b44cef2f16ad10f96e1c0da649050d4a5672a499cef55f2f405d83
98a8d5b4f8a3af3984ef5738ecde6be66da68e27fd1878c21194365ec22cffd3,dcee973ed8f0d9ed651911615ea564ad457edc38affb272dcb6afc2cdaac735c
98aac1c47904ede4c8d721062ac47e9499629754d117db11e10ab281d40ea7ba,8d6ab45a771987a200e9aa21e1e7887e4336d9aaca512c7b5b85318e2c7d5108
98be37a9ddb3e9e50aaf8f54a4f1fa09687bbe5b490c34621e882dee7d90e462,0e982f97c4a05c38ee12f95c4c88cd55db3d35631cccbc97830c6538f1943fc8
98d615c0c63dcc861cc4b9df291cd0b3f89a0fc61654190bd62428ea27756e53,c5fa4a50fed2a09ef4f1772bce39e8bdbcf52ecef4880b49ae1b93ecabf4b860
9901e9fc28c52376614f7cd244bee7ef8d32664c5a52251d88d874f313348596,1bf183573036a882afcdc27fdc899f6abef194a98b8b53c6aa165616d31f513e
9902eddeb6d36d97804027c052ce3a9254d41e4cd663c0a7730c79964ab9abe4,c776de1df0fe5d1bf1c3f2323f07ad66c6495e4b2447278c24af828c366c3dba
9906e73ecacbfaa76df50a48f87638b4e93350e9cc38e5fb1b0c77bbd0ad4fa7,d30af6e430ce79fe6ece91fedc4e1e30fe6eb39b86ae9964725c5f6bedfec0fa
993dfd0c812d9ffc319f02c156c8aafad18dadaf0150dd27505a2a36f0565b4a,9ab8282dc60def3dae8d0075cb91405f5eafbe8587bfc81390a5587e86b7a1e9
994172b90a83ee6c7e84d95c1a494f26fbe527dbf9a9866bd2f81bc8ab864be1,f73e31f3c5ef22fe01cf09caf7664821e38bc50d24152cac06ae54587d1ed354
995e6e412c7b1037c77de76dc0ecdecf09dc78de3d7bfe630aefa688a3393336,af5c5a401a9c7f4fe59ffc04a35b9b95c3cf0c774d8d0b4699e050a06fbc6df2
997b6ce512717ccfdf6a155794913493c3280b871ef2a9e058393e7982235015,bec8d7622cb6d0c0aa83dea7bc172e728f56f2cc2aec9f658c78b2697ebd1781
999d3baf2b1fd085eb5a4cb80cfde42c0be6b08004feecd92fbcf6eec588f2e5,19301e9663ad322e4a68ed2b27ba806e0d848ecfe735ddbe824bf141f37394a5
99bdb3e9bb87f247e130c9c807c9c34919964e7f2ad395be20c1d2fd9d4e027d,93210abb9da86a0c7210adacc10b75342d1051ebc57113e770ac259545067736
99e9184017aab274d480f6b30804334df5c41d1808b096f183f7466296e1fb4a,b44a2cf7d345910195f10114c5a1c7e99001e63d0729ec139fdcde5a602ab555
99f6dc92da45c986052a08aa554d6c59fe0ca38962e0da96091421a9ec0da7ba,9efa2a1ee3699d954a3944c605effd0716fc51c05240e68a947e22fcd01343ed
9a3229adf6dd9d7fd567937a112915df8ef2ddd27b85cf6030b46992c0263001,49dbdc8080a2a41f162dea5cec3ff8589fce957a47b3a39d7c3ae10b6f089043
9a3694a95c2e82343a440b844aa611d950a6b86d67d29c9bbf96562071a3edc0,194e3fe391bad96e881e63095dcca9e0bfce391fdcd7fc8e358de869665359b9
9a4795173303926295aa77058ce87a7e51f65a6d5e38333c191613b98b72c3ba,fc44df2400108f7e7e574cea33c0a3f57f5b009734644268421da48aa2f2ac29
9ac103a8e16e84e6637129ffc9f036d84b958c808acc84f68fca13f7dc868543,0479c9c71e7627774068bac6532d9eaeae172aa10a9316f1ac02e778a6d718af
9ac72d60cbc57da58295ea18ce6860ac603709d849d2a8f5d1f48eebf998bb74,40c9810f367bb2207761a6255802b1bd6556a920431bd63237d21066d06d5c34
9b0b61a2a67aa959a1a59ed4c9cf7eb09ac36933aa4d58f0f6157349f1543711,a43b060e1e642e392b2effa2090e198fbc37e27bc8e3c9b1b77e2be7f4fe6d40
9b1b2ef5fc071231311dd232ab3b5d7b7e530a9eafa82a36d19bd43f0347377f,3857322a6e5950fbc3526cb13bfd8b744a52df98d7205eaa4298e179f8c9739b
9b247f5aa7a678c1c2a98d17f2f3d0454f08bd57612df19149112ded18b015d5,c047d6ccfa6e173d370399ae660719de6bef161d53ca63f3dd2668119cd930db
9b4d368b0cf5fda725c23633534bf6c041fb2edece7327503485120f771604fe,33e4bc2613e478dee162fd6b7531ccb40cad0ddbb237bcea517ab00bc8990524
9b626680c6f26baa146bd3c2d30a4b38723897967a26007faa6d20bc3db911ca,306b07ab403a8927c1b9983f5db98ef0db893288e47be7c9792077a1bb694a79
9b70a79b0a302aeb28febdb995cf578f59336c10c18639da4211de97f849e277,728a500d9a650413f14be3f0279a00d57cf41164268f5b89d7beb4cba501f916
9b8ec7ed9e0e0d70b22dfa90c38fb2be1506aa3011739e881c3fd78e4ad89dfa,7fcbaa2b52a3bd9b89372f800be890132ff10a88744c0aa45391bbab886a9961
9ba1bc37ea3a7741b1c5b8f1c3edcfd03c508be1a912302b2de01db781f908fa,000651a84cc72b3e5f06183d73be3e76fad4b756c01f3dd2f6689ea065baaf4d
9bbe43f8b5cae41275461ecffc3c5c66453c17b796beb9cf6fa39e35de11a03f,f7cbfab318b503e83a92ce51d92d3a4d2c677f6f69c2e278fbded097a0af33bf
9be86f82b91e68612eb0623944e2e7cb003e58c6acc339326d49ff1fa55e812d,9ffa3b853ef81862cad278c4392f2120f77239bbdc37aef596aca8ad775bb76d
9be88825310242c4658502ff4db9823b2600d0fc4d926ae67d7a88db4da8e8db,1e1268890f8b5273edef8c7c274a1055ef9e7783faa192ad74eb523ea94b1fe6
9bfa86fe5d23ed57a7537b194ca15c61ff52ea08b3ce116d98f969f15b1ce856,01d1e08b68cfa7e485e9b973bc2a3adb5ae9b08f55d16dc85e909687888b84b6
9bfaf6a51a5f75d077376e15ba1cc38db72254333386801c440d7595044eb9a1,00237e9fce05c1ae9d05b1a5972d9b90284ea475e804154946fa9c04e9b449f0
9c1865c530dff2f773fd1c1e731217e8b952b0504c092fd532f497fa7373ebb7,74d21db3cbed5c3009825aa0e8d8e8f6700e7d12570c71214060982dc6f3ce9c
9c6dcb4715ace26f3c720f22983d5efd36f33888eb5bfa8e2f2c7ccd102261f0,b3cb665de92c3ffeb798c81c58b13ce0283c556102f8a5755fd7bc36d9f54047
9c85021d0407ef77374ba3804234dea97385e2acdf0e3231eb99b4ef9e49d905,01fc5d5dbb5c74be19a345d6c787a5cd30749315127abfd78d451ff81ca3441e
9c90d572e66c4c0abf5f634ca38b6000299c8dcdb9413ea83de7a175166925aa,b12f55d355fa8628d99f9d5badf09e74ab2f9f7e0dfe76293cae9f33bad0282c
9c91d8d4b461f527baad0e49aac2362bdf35bf85cc6adc01de700302a209d07f,3513372c05f80dd2a272de6775714fd3480897013dba8201441cd5eb8980853d
9ca9d3f68b10e9607d302bcebee3ded5abd2377dddbeaf06721014bc3feb1d88,a88953e2191ca1738e9b9dd11838196b730e04c2b49d38908a7919c64558753a
9cc3942dce859bf464d198ea8ff66aa62f189a4869af16063135804f32679653,d37101264ed4fc1c17b95963568c39998b0880a547aae7b580d75a07c94737a5
9d0e4dbe3600dd7ff3c7ce351bbd32875ec71b6fa3e387e7944bf821d201a042,5448637c605ddd265e8b19c4539c0bfd2268c997b6734d90ee967379381f11ed
9d3349484f165f23e87d5db42a0955be2d24caf272684ae32f218e2c55a19f4e,f4a3d01bb0001531c63ef93ca0a98df0e79bee9d3c1fbaa30497b662076547bd
9d7f79ff6def0fbfa6222fe53a78f4a94ce8b536d353ba57959d0478a777604a,e121d982340949d95cd9b3bbde15beb399b8d18f6b4a3db33692faa2879c5ab2
9da8cfa37307bc87a528b2360808bb34134ae851a2a51324f8a403a88ccdfe8a,fa39ecc527e6f36932bc47a25d3edabd33b00f45da33361733f00b8d7f8ed39d
9dbfcf6afbb983e90c5e6d4f8e6c415aee77375b618e0ec8b28bce5d0e51fc6b,f6f6ba6454b904e5c494db5c1503a92188bcb877751436fdad822b58fed744f0
9dd85f51cb37b2e823dbb4316792f77803a7c334edf46ed6c882feea76dcc784,fb3b426051114b7ce92c0b9d68d0b6a7582ba24067bf8c7534c3c7c5bf1f255d
9de829298e0445cd2dd7fe920ae652f984cdd9ad3192184fb345bfdbe9e5aa40,d441a3fad90d0dac7bdb09b8fa25be4e7b983ef9e566c8d5a011b49a07df9e2a
9e18969f435853b2db40dacccc0806b3a1b1ed0d35897aaef3aa77b2c41d623e,3f9ed5f1b8731cac72e58626e0d2e50429530c29c13479c73ad95709dccafdae
9e363c451312c9c370c7c4d2462b44fdfb3471c80b4a7397583aeb48a0c84009,99f05a5a136e0ce85b72b388ffe7a6ba4fedc6a8ea0a0e947bc9dadec41764d5
9e3ac8cbeef33d60579fa0c9d8c160f22e8756b3bff99d3df5e8a616cd7784e1,ce9892cd3e6de0c4e3a4688b83b1debde0c69ed7f39f03fe86bdee4257590874
9e52c5eb4928eb36b0b34040afc1e25295673165333335622a85119ced58d2fe,cf78b220e48055377209f7be60f1c7d9d51342c48b7161ed1911f9868645d375
9ea06416f76d9bd0d47e88ca10749c9c7c8e5ac43bc3499a412231e92d5507b4,4ae98724f9f3f13564c0de41a92e53597079d3a5500066129fc4a1996b3fe9b0
9f077daf154e22628a81633e8801ce079d8a794bdec6d3f41f0e22a4ed04ba76,792e59d590eb21339fc01703e738b437d3144f393ff4ba8145eca67f63244c31
9f1c03adeaaecbca11c63d427f2153eea8af942badd6bf4fb4ebd45171a8510f,2b431c56c6f9f11c161d2c437bcb556a2c3913f93d8aa6649e4531c4e1fed393
9f32ca88be81ab623ef0410e58c8a455c0db39b219b88e479be476f5422e4a4f,fcb943faff3caf626d52c5503ed4a6ab233a144b4b4c4b14b2f8c21c93cd6dd1
9f78a0c5e4aafa9b10845ef78ec6b25438cea166b840db9a7fb044609bcef5c8,85fad8e79fb0320ea81f2441409a5af075001735b89da49be6e609d661bc06c3
9f7d765c206ab12a60848c1566d7f197130d1cf0ef18669f0bdc64de764f065b,d0764530906d982a1ced7fd30d51479fd96c71877a8dd33a8259bcc156cd18d9
9fa7411ca8da84b887d7ba1d035b3b8de3f2c05036ee1493b96624e4d8e36a79,1b586e1c0957e3001768256c5d47382a77a76d93daef81ac5d5cc0d46ca98855
9fc97a2e77283cfc27b53ffe3255d58a2c071818d796e8acc17dfc433a750ab9,d144eea024736e5df35f8400240dd295523a295410878c0ef55e97e294352a04
a00ad70a345569d014ea26e04eb2d5344ee5620473cf850b37ac699a7dcf3d8e,f5ac47637183f950bbfe3c709cc9911cd83df9d70d69af8e369022184c2a17d0
a0212c47f10a64395c2c5c8cc2a78b0bec4c026fe742fa3ffbd27f9e1cad6ef6,1b03a6cf07784787eced92b55be9c510d572997efcc5f226d0951f7d786c30bb
a022dcc988f203566f0558c3dbdbc6842013a6685ae9735fcb2455684b470514,a4b5747449ada501fd17d9d1b34f5303d2f0a54522809348e750dd40f5ede07b
a037a52f7f078231acef7aeaa875418165074eb33a1188765642abc3d953e322,c2bbd76251e653ee8eb9135472cc6882e70677cca88a88235fcb6aaa474c3ba7
a0623f40e339c9b7b4e3721177dceef96db16108d282b320b1639ef8309a8979,2ff21bedf3e44e294ed9679764a34c29a3b0d8f38a805b6c860cee58cd7b8f83
a0690aa62480f3134f6b97c747e76873ca577780a5e85ac90b3aadab7d282291,f8b56a58b190f4706c24eaf9d05deba7fe5d846a0de95263c4abcc96dd5deb16
a08c6d1fb0f78404815489fc8ff9bb5d0a26faa71026a30f345c32550b2e1888,e5fab77f38059bec952a7bfe2941ff2d31c752277d8c34d5509280d4824789a4
a09687e2be5b9e087cdc578ddc141a4b627a210675dad6aa7806a38a0bd82555,e5d46f152bfb3ae5fe96618241784df5cf85babde9a8f562903b6ddf4f7ab6da
a0b08894529346ca2a726c27c21505bb22339f35a15dceea417f7f85dfbc5be8,bb2244a4bb269570f0c4589cae5580af3c8e619f39e4b786e82d90260417eb99
a0dbac7b03caf405df41f006b479919cdef0de3d4f61515028d1d57b95fd110f,13fb596c7c35d75dfd835eedbd40c5b3689a26d5b330dc5a551dee779c6d899a
a0dc4c2dacf5d3ab48a04901cbeb3cdc9c61d6a584e7ca56a3d09177087fce0e,16ff1c19904dd6eda76d7cb52796007a2c161505b7e729f77ec2b8850f5d77e4
a0f45044218e8703e99d765a1540623e9ea8323a493f8b728c5bccfa30beb450,ba4b337b4634f81f98832ac053193c24a604206a111376760cdb2021b202e34a
a0f6e2006c38bd880ff33bb069623095e78e8fab9f6078a24d806559d39b1ed3,71f3c9278de73c8f48608db196305a84a2e9bd4cd7064c92026ec8ffd6f4172f
a113694a48598fdaefe3e4cb76fc5be406b46e9a51bd9ddbdaa6a3a71b279f69,e0e0898c687bb96e841d07ed36334a9c20f7ed019fed5aa71961fb7b7873d552
a1196cf940cee058ad4dbac3424102eb65a76c8ff1a24ae75605f1c3c838ed6e,45809f17c82217b11a562a9bf325f22b54c90b5fe1e3694c45c5f8e2fac1b45d
a12e69595b472159df21050c3f330d99208e41bef29a6ed4aa84a7cc7e86c905,26559072d2bb9f733293f63202c0091ed6520bb014a9b4f80a413934546c844f
a16878fb0df5b7a4854dfd2dec1a7abf59c108c811989801fb1d284b1660d3c9,5e96c81875696a08eda9fd75029d97d73fa399ac832f98323ef69af03e9b8afa
a180bbb3d163ab64dd569e186e0a78b32dca729c2b6b27a92c5dd5371487d848,1dd49170cd97bdd43195ba2a7c16f882c42a40e3e1f6371c36588ea2c85d6fe9
a19274e936b9ea42bc54779ad8872e65ee2fa0b858b31e6c9f8ff04b0d6bc7b8,985e5084d2e2dd18b8c4f7120d24b2acf220c441b35458a579cc9ff366215d45
a195525ca0b1e4707be54fa85c7ac01c2cd1b78adb9c85d403e42effa1d03b79,2470f1ab9c25d1431bfaf83c9720f8b21f1d51fbbdf472e52965beb15d7ea1f8
a1d293aa363829642b9435202b46283b0c87284e6e33f219307dca60e9b6ad18,e69069493537a5838dd93bf6d7ef999a4c825b5a8981c7b552337c5a1163decf
a1e232f561cc75ad372b030beefe61fe307b34f5887df214bfd9bd01bc9e6831,f9f2bb467d351eaa31a86bf32edf6b67433eaedc367a8a5bc811b2ae549556fc
a204421d625beca74d4877a0ec016fd4b27af8d32ee61d7b1f2cb9078eee95aa,ac41d8bfec35f6024aafe91b15e69ea08d099ab581a3e4423a134ea30b057473
a24bd3f12fb8a22b98168f8eeb30d58060b0c43be5332235bfda78f3445f319e,52345f6eef061f2e82d70e6812ee28a5b2028eb12fbba9d55ce3d34a60939117
a2636b5f28f7470faf44a7a9e48535fd34faa9692ad3e66195a2e3d69baa7750,9b03090338670df5e68374a4b31029af1cbf3c824b24807bba077cab70bac4d0
a26a32c4f3040b2343a7feb196e0d1015e8bc5d61ea7697ac885817746a45dd4,e0afcb223906ee9f77f581307a7fb63c7fc16d872ebc1a9163390b47e093dcd3
a278f6a6ed9cdbc4c9e3db17a07f835a53a250f393a2d544f389d3f88da83361,0f4742be5d4c103426ed2c56234a1d1c5179ad1479cc4feb42fd328ee16ff115
a2b48b4749cbc0e22bea5f4277dac5f200d31c5641746363522b313bac5aca7a,13f8f853d9d8c705d0551054a8f61c1de5e83f2813b01e6f6ca68752c0b260ff
a2b7f07a9fc7a287b5c67b2692aa98a0844b887e8fcdbcadbb8b3974b39247ae,22d7c603bdd07b9cdbd624b08dcd65273acf0829013ffcbd50030ba027ac9e86
a2f871066b8c0e40d910b834d12a1080dde29c0f27a3f86c5e6e366ad3eba814,e3150051fe6997f83d94389a348e98d0f38f6ffa25fdbdb59f2fccb6bfd70a8a
a2fb433d8e93c42048c9e787077eef623108fc12ac1326e8d042142c4d0c670d,51e03866da30b480c350ad4afa1b417ad3f7f2e4518fefecca853eb14947c237
a3973564455f7b631d6ba4ecb4491d41c58ef3250a305c3cb1f38d8a75af21cf,db6c3600c9c375c67b4a2ba181cb66c5a53524d13a1ae4d505727813cfab9d9c
a3ae7237a34eef498a1e636b33e4ae0c1f74e2813895521f8a7bac59fde63a2a,2bfb016ff86039da33872f8fad676e8e8c1f8239ac7a403e56c1a01d372815fc
a3b31b490d32fd1dc66fbf8ec9da198debc4464b7667c8db07ca5027beb7cc75,d00c7a35dcf30b3fd6b75fa67ae4ea504aaaecc0afa0945b04492998ad5960ac
a3bf65bdafa911b147b292a6e964105380bfd86faba7acd6e3e4f437b65a995e,d0e28e4679307c39f1e49249a0e4748256499eb92b59f63814f3fdfb19876583
a3c7874ec49e0bb8b6952d633afc5a880dcbb67608c8416bcba82a6cc20ab68e,fb11db74f77466fa9f20228d564d71a22927cf7bfef4eaf8dfb73e5c8812e9e1
a3c9d69f062a73030bd56432b5facae75631789ebfd259fc20016f6747255d40,21e80855b3538f066e02a223256ccc0bfdbcd1d3292ba6be7631f5f5d33be3dd
a3cc5bb8801af36b3e3400dad7b2ea6791b4f6254662a8c3540eac1fae844e63,544f0d5c8106963296b33b192085ada4238432ea9e0d58ab850dcea8a2ea9607
a3e8c7eedc1d16787fab8833522ab098431caa2b4f2dbac24e660f04a191a2e9,3a4eccb31eeb25a42301e88fc342beb7c209d831204d661040e3c53264aade09
a3f2933bb055d2e1eebadc55ef00bea0018372cf05b5296a36b688c6db911f23,5592a3d818ef9553a3e25db1b0e5d6d6f6b21fcf90bd79f6224528b861286d48
a3fb2b8836aa80c7dc1997d41b942170ba051a3b58ed10989da3b8f6c4c24627,6d7ff64b16dc2d80f89275874b8d726cf5be35fae1c1e57bf7877711757f9a42
a41070631051ead0b4e44c2f314e8fbcd39117346f536a39d17b2faec694cb8e,44d06c6a13cc967141ff2b159978a3711bd46d9562671f8e291e3ffce3f5723d
a4246a24dcd565bdd4f58f85f22c4125db6f7c7dc659380a6bc8daca62e88dff,8ccd423105caa905ae7167e04ce0aeb1e8fa99770c86bdac94bedc5eaf4541ba
a42c8d528d349937e5cb9be01f535ff35fa2920b79956240d35453fe60e3a59e,9909bd7367048b92f1fbc4c229b15cb74a1166858e13e3b8cfd1f0b3990bec06
a463a2aaed6884aa8a7f339435b5b2dca4294826d945784809b613eece2b8c07,35e1df65fdf8628fb21fcb0788f5a7560e31117657f01073237196cda3ea8c97
a481c43c33141e1c2d058dafb47ffa73198d405975d1275ee1c93cb31dc6f102,a4d69c0cf3577b1f340d0c112560f901c7d682ebf0c1ceca8b648edb5a3b6111
a4b449df7b8bf84702f11ec6c3dfe15b921b35c8937668d64262016f326c009d,5e563da51c7e3665073973104f922f711a7ef16d472921acfd647ab907ffb7e2
a4c4786f3cc3a30f88feea4f40bfa36871c9515c04e7964c42fb903d7a57794b,57903469ff492f0ba9a1246562c5d1f01e840843fcb9db47090bcc971dbf22bc
a5b15d17bf6d893af72689799a8ea5fb196d640a95e4fd01434434b12b3dd96a,e5b91a9b2864b177f8cbb6bb242e79b90a1770039a67381669594a33621eefc4
a5cd905e22069fed1e0d257459e791b5ea5ff5481b919145b652958420c6630e,dd78aaca68ad4324c719b0cb4e2019680cfae3b9109d8f89ca03bca533c82add
a5f3b7cbc4694ee13c8cacc0b6f156ab0554ce5761cc12f804bfbac7c0ec1a40,3531fb04d7172b63fe352ed9b1e346467935b3cf260961ed447710f620892447
a61c4732ed7c6a41bf1ca5bdf65807379f94ebf0b266674b843ffa3c7a12c5c5,bd2486f0fa521aaaaaaae090b43e78c9515aa8b34a8c0d378a57fa1e733792a5
a630b0d71c5b2bce77b4444eda314d7eb5c5536e4a553fc22c744e126da8b5a4,06301d545892fa4cbfa440dfb11798928983854fe08e6f319f33adb0aaf9cbc5
a65907e1a0cab03f1b9ee84a0790290dc50131dce55af38958d3bb4e823bc57e,4665e3e63dab417ae46f8996d2885a79dfe1a94b44a2f2edb96ed91288051748
a65e034c995138ce592996603ba9301add0f3a260e34c867256e3dc67d6ddfbc,08717cfcd300ba224cebdfa9f303b6aa85377b7c190bbfd7450ed604a07a26f9
a67fd9fd81220f649a5662668c43598bbb1a60fd1b72bd3e72d7d274cae8c4b2,0f621799c508796fb9225b80c71825993c65895c966deb59870e4440d6bf3a91
a68b0598a6bd0282650d786bbbefaf046f39ae1ffb8f1031a036931b218a0b25,6566ef3b418b632a2d429bd6ae9e0e5fe0ce8d457ec553ae0b351ac1576a43ca
a6c5351c689ad8e846f9820b878da5f1e2ab3d49d455c298c0c35aec50e42f64,bfc2454588560274ae3b62ee557f90e1d7ca86bd82b092f31d38393ec63f03aa
a6cbbf1d43399dd1d20ea720cc0b84a4a17a56ec370cb7fce95453bff6203d4f,d4a915b7a44863ca6b5366d15a31703e35d43d5678d34c4c555f14688fb4aac0
a6d3f2bdf327c2aa448c55e0dc50c4d5cfda15d7597fe62dc5dfef1cafa77f61,5274966088aba8a3c6a5f721282eb8a53953f48e2de127dead54cf870f616a25
a74e5b7a8081cfef58905952fa9ad86dd41a8286f1edcd0650281be04f9a1480,282778afa97a95fce76690a42c9735b85386bb5220cdeb2ab2bf5bfd1c189ee8
a76af24eae8e719ec0c0e5462f49eaed8c952f820e7921b30e3530d8111cfcb2,7404166663d82884d2ad5e4e6c3761b0ed00671af640544ec49202fbde28e896
a7d6f8c0af3cdd0ea02af964525126977b9045ed5fde7529ba2933bcb02f6ef6,203ace1d6bd3a167fab1a716158fd9e15f8b62dedb1072c16f2760990c636d63
a7dd09a83e5a8bc6bffccfd35e49d7f34cd2161e3a5515b7f9dd0ff7d124a40f,3fcb84671fb523c7081d51e596f96af629743dd6a51717bf1b9213a74d823873
a7ebb5e348237236fac640da1fdf0a41ce08f149fbe29ff75f1f9fc8ec274a88,55e31d59b0ecfd9035d6db39e305e5f2148bc7600d55fce82281aab100658c49
a7f28ff56121bc7eed7b7d2352e14ef18c9bfcbfbc98d34a19fce943709cd0e5,aeb7bd3b9864579d93731f8f89d93f766a676dcd3b933739de432fe696953ccc
a80e8408b2319f8c24cd841a91affe8516df1a3e636e00665cefa87ef4c7fae9,da003ac53db299c60365d31909760a5bce02ffb30f88f817881db79a0134f38c
a8308911e7656259f8e9718ff3f46fb9bd3d9b972b487ae2cdd970f7c6a742d0,0c9ab51746cc270f31d88b6898626ccea1ef19b01fcf052fa5267ab1b45b7fb4
a872dd9ac862408683ddc5a420967ae84f07c2cb06682deac634f91a127249ef,029c26c0e349baa912e08bf34a9718fc745bde12753586ca794d76628bc98c63
a8ce186eb9b34c1289e8cd0e159f14170142a4d2a21f987779fbe1c91f0eac39,4bee3c90bdb1870734f679af56459caa0483ee2a38ccff114336b9ba786427f3
a8f5955da701aebfabde0abedb1ca72f382e7c563b816de3fd69eb2b9d96413c,08e8ec5854fd29df65e3cf2252f77899b5dd14d6dc6961bd621d612d8de09fdd
a92f40b64ca04c757bd07f8fc47f2022bd01eda23ca5dd5bc4d00380e9ba4ee1,b4c21fbc65487f063d46d0f7dd262e47ec4a99ddc9dca20e70d51dd590886f2d
a936316c1264656ef2749e6e1b6494805255de0c3bbd3bf51505eb2af70e747f,ee261511b508ef67b89d5d5a93d42f1ef632a90e7e8a8bc4f7784c764b217379
a95b5bc42e60569a05b6498d79bf07826115bc5e1bedbd64a2c8454494e7235d,9bea015ade494a38ff4cd0bb384407b4618c9b293d04e946807fd07fe032e50a
a95c0ef8a60dc196304fbdf079c10052e200af0ec5b2306927c4fbfd1bd28326,663e2069210df8ec752d7ebf55aef7315b79ce7a45a51e3e7497e1999950e89b
a97981faab5417ea74814c2d59ef635f75f0ab382f21fc61366a16bc941b784f,62414e09152a9fc5e33dada40eae6ba928d400b67621c8f26c5191dee1995909
a993ba51933e7f7ad4dcb944ef1f2f9a096472e11f1e970cd626c284204d42d4,8797c2a8517cab2b87779d4453c3f99753779aeccc0b016fc46a66c1f227afc8
a99520820355f42f3e56a3c0edd030dbc349a3ac797c5a48841cfb0b48845862,c7da06ea4bdf5a6fe7cf722c197087e72945dcc6b0419212660df44595233e6c
a9c126a90482339fa67bd35fa942784d2c9aa73c97911437ff2e251f4390951e,0cf94078be7198ba2a88a1b1b15fb74ff51cbacd9233f7e92d4b6479e03e2294
a9c563dffc66e681d94b23270b7d0d21dcad780089b1e5608873c5fe64a468d7,f6b067a4a57db559a8c27d22173b6296fd215fd9e654cd2fe5918ea8c3fb4a4e
a9ed59dc2c4bda24846a609f6171ee733ca310a739e8ec41693885b052f1f9c2,4a7f9284ce52c463cf743a13d746145f62d06e2f9bbd4619f8ef865ff1f67550
a9fd4d3900e0a66ff1a39f20d744c41e03e32789843958808f56f0f91fd871d0,db6378f422169749034dce6caa42713d3ddd126386b8be85ba377b964b7eb8e3
aa043633003c988f5723134d59dc3818881d1d0ed64fdb72dec217c774d6fa8d,cff221326fe3e0272bcc29c718bd44870f3f26c580cb660a952848bb631d5f08
aa31dd1b7d70aa8dd607fb444b2c9df238e9a59a0d678582ed75465aaf4dc6d6,9941fd266d8a48ecc325e977d07438fa11baecb85b0e0ef54705a7f65140a127
aa3a475d8c299dbac966237723b93daa607809567d7b1018f44757ca481c09de,b2315e5e8009fc1ccf1d3cb124fb50839e714f1476343cdb13796ce11c10591d
aa632a4aa572576043d1e8fb32908d62ba8f12979ac6fa36646b8a05446118b7,6f89403d00ada63915f6113d5225e8da63daf9cf423cf7d5d4d44430f4c58375
aa71fb8db1e69d19adef144eb4f03b0e68b43bd0d8356d25ac6afa88dbc3f5fb,e20558be4eba314416d77b81c0609cd7469d857c8e3b2d0bdb7cbc233a915301
aa8332bb86fb60c3fd79df459662583c5a96e0f86bef1ea65ab7add3160c32e6,14e30a47cae0cb71038d0947aa17b31247ceaa8f89c0bca8bf77db42b6573a55
aad93e2e4660b91b435a97e4cc035bb5976ef3ccd75d523381f6279672524ece,5eb55e811d944c8313752611c41756c2752e28cd56f7213fd5f85f25e2c8d2eb
aaf0b93fc86ec740e7ea50c321f01d7f247e34611bde46ea9b32880f1d18598a,a71a168bd4e15356cd8b97f244ee896c8bdd78206fa7ed438e5c4ad75b091fb1
aaf2509a39bba0dc254301e52b8d2e8ab9eb69f0e6d70d6e0d195e97983d1a6c,64851fe6a4fff214f006b206183a1eaefc08d5811f60dc31e0c72b6c65d5199a
aaf5a08266d57df533ae03c14c990b5be3316ad8135bfe0dc1e41f19f3333df2,2ba1ffb30ea4add68871036a74a07ffd1c2ad17cab068ba2db26d9b657fadb4b
ab048640f4442fb289e4bdfe2215e952ec0d54318ff5cef8991938cac025707d,b27077179639908216a6ceaa2a174062093c78af059d0a878ad48d2673aca82b
ab663d5fed61b13bd798f790a8f04ef41d37152dd6610979ce101c2911daab8b,964a2577df0a9cb9299f3176703291f13b82203e64c39c5fd4d6907d831bd8d6
ab757501b2ea601b2d340ac2003da20818ace8875475f100d97f5f628b85c0f5,9f7fad896b4666ae7bbb730924a0b6f291c20d5287991200aab748ec012699ce
ab974cc2859cb9b7b749afa78195ca3ebab7613d3976adf0bea65488eb9ef338,32618dd0262b9ea76d3736b29431604e4012a916da759fc842f242321de22bb8
aba7675ddbe4dd8ef6846b0c9eb6cf9c6722a5fcee75c74260e520f7becaeebf,f4e6e400181c263491421c18e9b6700e508274b0b4618d2f4aec527c35f28231
abd1f4473a9e60b5197cb87ffcbc4d9329c8107040be78125bb15e3836a801b1,9e2668c7b0baf14eef4cc2e1cd910a0a7053a8edec8555dfac111818d61e86c9
abe2f1a0c3a68f4b4166b593624e52cb23ec58234911216c104e3dad9c862171,a724ced7b95cd67a7d6472eed5c42d57d4fd394c016b47544ef8413db15751cc
abfb5c66dbe85afb6d4c3ae047d62cc0e02134df30ecac6b8eb9a04190e25c84,e77fbf5b97f514116727eb5dc88e1a5af93302dc9aae6bf391938f8992a87709
ac096a9df20b47cc04755d099297d0ff2afa1b9a0a5585dd309f2df75cee12f4,89640f8ae73eb5320b75aa2acf651c48f6769eaef4f74e1df7befed6419392b5
ac0a32bb677c97eb9dee063e83ab77e63b62be46c97a6f64caeeb33b2239aa96,d7b2f30d0a7bfa96e919261d70a9992e75970f314f45e9fe7b90aae32fe40433
ac2e18966f5f42eb2a9c9de387931d221890b914e281f7b502168455bfd46593,13f84b9506bc75cfd2eeb67a41975cedd5b67807b16464b4c892a635c4fd1a7c
ac5f10064340564d45533129aeac5bfdae60d8096a5dbc75f036e9016586f794,bf76b77a30b72c46cbd460257fc3e844f8bd489430286e75d5edcef8386b5ec6
ac76bb00084dcf6a016d433a533b8b105931a739a3270c28992d48bf46ce5042,3773ed86d7e9cca57469ffdedf1c68afbf9cab035a3c9cf751cd3d8ef798f751
ac976f034162e2887a16f85ce72b17b97b9fe4cae375406d783b24c4e003f4f9,a22b9304a526f8e11cf97bc43fba47a67e3cc7e7ef1e4b673fd57bb737d923e8
acf5bc0627946656d2a061bfe471310d3b5234fd04f1ce649711d4e44f7b75e1,d6d4617356bf7c4ebe219b8bde2e41ff7e43b1008761f1b60bcd2a69de5d49c0
acfdcabb9fc3fd1d86edf75075a2f68f29687253dc3bdac3cb9b2983eadaadff,b740f7e4e7409efa08d2ab811d19952f805e1b2bb324bb9df003b60811ceea79
acfde247dbc81e003c78f83d01fefc8da80db9d14bc8756d14ead0cab231996b,2eaa2590e738a5fac507a32c47be4ea9cb866469db0b6b293567965c1bdb9fdc
ad603e29925bbce1fc32dbe95ae4b4a2b379534dbe549d37b03777b0361b1789,2e52602186d08b321313eaf2e08481b7e7cf897c7ef2b972c0dd0c444af77e6f
ad6e10ec196603b29128afc3b923d2c09786933b825149ac3a013079cc394fd4,9ef302571df75d1837f88c2b71cabec7e4dc97457d3d885bd6da2443e3971b25
ad977ce6d5bb01f3fd63706f1140d8fa50c1f5318b5ef21b8b74eed0e2d3c366,8fb258f58beacd2d5b1c5bf2ff97e4bbcdd8dda1d1d7f99c8d0da0ddb5486577
adf1b1869518156e6791cd910136ca7716ba15e302b2e842e55b1549c58e6a6f,3e463ab068724f51d2cdffd5ec7d9a409bfda7cf02e7d9ceeeaa13d382d454dd
adf3581a48e6eee297bf6c5bb2b81e8e24ad23be6922f6e421f0aed9d87adc6f,c7eec9aa3bdf6ff2e85234ea1fbb9bf7b9928752e23deb7493bde08a3fb5b5c6
ae05405335821568c4f4070a4ea633c09821e0f3175ffd7cba804a1d323a17a4,c2a37c4161fd7250720b83a190d40644a597c15e149abf07f6281117a7ab08e8
ae1b4d3c236ff85adff2b9673538e632a3c60a8963c0decbef9a159761cc725d,6647343c317b93cb13894397f29dde7dfa9109ceb3a34359e87e77af86d3cb66
ae2aea705fa3b1ae81d6308c73959885c130bd5878846ef93e8fea54c804a935,b2b1cc85a638eff6e94c0a7aad1f2bdbafc793fd14452f6c5074dfd903ddb387
ae547e31e01d63a83348a7b4a89d1afeecf4510ebfd822a837abb35aec2b295e,a0573ccfe300cb430e0adc7c53855bda4977855185eabb8627eee8c54fd4f227
ae67999f71bb4ed4867f6af71927f9e5ec12e8f845c862b38b067f33380db35a,7ff31b577df25a5bb8d3f209e28acea00d6bd96b85d673994de3c7aa39c15c96
ae7d0ec7f43cf6c0017cb7b021c964ea823cc605d1c80619447c116377c3e411,766c6df58740ca5e0ce7b5e45029dae1ac26be1dbdb69ee57c882016418bb4c4
ae9b132783d44cea7d5cfce6546320137a648e9f99da41bdfd195dcb895acc52,e66b7eb926e9969dcced67a4cde796c8ddaeab8ad8f7978ded5acf9a8c3f1753
ae9da7d5115a8733fdbec5d0c0ecc2a471af95459763015d2c1b42249ccec81c,606d4ab1b7519076f8fe2569396d3adeb50931ff4295c7ce2d3560000cc7a035
aec15a71578b2a6842ada3222b6318fac7f1b869ff8bcf10a8035b4e21b7769a,8a3a25c07cd42fdf01cfde5d0c323018e59b5b6d6cef0d15435cb48ccb029fc9
aef326305c947c2de2725318e2c7bd56a978ff778d4e63f7fd7ad5e68e175b1c,2710775132482d7cc602020a25ca6f9a9c27740e0de2103a706beb0eb62a5f4e
aef63088fd9209a56c81742b731247c47fadf4a1102576d0fbfcad4fd376fb90,8f33b11569d7b6587d38b4bae0bc730264c75e73e797c9606f260be042430d4f
af0d27528be269ed3eb243f11f47a39468271909ba58502a18dd77e150910e77,82c76f962a0f41108bea653d689364d6d1d962b16987a88ab800e7d689a7f85e
af14cb3a6b9cb13e835e45774161ef2dd9057df7ea5757694f5e67f5d297663e,8896f677299a9b1ecedb53a6c9c633ca59a64be8f32bae0111fd612e2ca6f66f
af6a1fcd5610d16d68d5b301d3f96be54b8e564de80a48b2f4543b68be2251e6,38e2d6ac952d5388739a4e7ca08875927417bed1ba2bd2ac15237ccd973d4d2b
af8938fab22abc21db7c7788da1c6aeeae9228c66604a0aa86d215efd1943815,054b6689f87b570dcfe6510aca591c320054d0b773a83b9cacc93f84d0f89151
af8ad2643c07c5b68e215e4f363093a11f9c4d461cd485f76ccb73360837fe3b,7a730b866cad47209f0bcaf6f7658a5393257d1b4dff0a28b6235b0c1cb9bdff
af912e8ce07497666ae23ff01737ab0073d5253011ddd0d34a4e77bd878ef085,94ab7c2ab12dad9e24da07f13bb5689f503451366a290721036d2e11777a03d9
afaf055c168d6cbddc8845d81bcf359d0aeec19b7b658b0aaffc30c6f52ae083,84b837c5dbd8fcb8505ad57888a788ebce81aef173ef2eacef55fbb9d7094a3f
afd9040b42eafeb12d9e3bfb72cb96479f92e29ee0110f5546fb6c56dc84d8b5,7e2c50d5534920b5a2e88dc05c0fbd50179a75e3d340d84ab5a859067d70aa1b
b012ea2c35fc501d251aae327eeda527836bb40b8ecb796ae3682d30da2f3c96,6cadaf7bd771bf0fc3af4967240ab45e1a284531534c503496ba1bc34cb66f7f
b01aa05d102f676aa3572177403e7903719905e73e5ec68f89cfdceda355d923,25febaf4ed8c49b1bd375f0e4c8b2742059bd5bade940b09c4c78ccf60830de2
b069127448f6e96107ced98b197232cd582a9203d0d03e6c7d3ff42248344fa0,c07686bfae48db9e507ff32b8d135f098210540fbee28464d87abc30ea87f94f
b083083cd4da8e97f088c0a48633d1119de1ebf21eac0d0cc9a78515b25bb85a,cf0a1017602bc06f814ce14f4d9e11ff0cd8ff1abf213533150e1f0003a80c46
b0ac3f2e7de92fe7cf9c0d2d889d9c5c8d4c4f0d6f35e5668a4d8234ad8b4943,79b0360d97755abe7997c30ed56d207715a8edfccc71d2e252c44a3ec2ef6e3e
b0ca13afdae7944311dc3e82449a20179299b2292fe237d255c35d93c660e4b8,bbe0c97bc52fa784fd5c55761670dbd33d3921d6a5426498ae4bcccede339622
b0de4badc098d9403495089ced802ce5247731adbb1836d210dfa74787876501,7fcb065840adb8f648d49963b1bf9eb0d3cf339d19edd8f791f8d3f1c302879b
b11a25e5a50d801dfe663d9d23ab280b7adcad0b55540382878628590f606622,44c1d4b31e707c60d76919469bb4b4fc3c3219015aff868325998727dd30cd62
b14f5b5c801902a4d54ec29ef29b442676bf0ebe022af904cdfab14986f5ec99,bd9d971dfc7fb84d9ac286886026058c71bf0a4247a92b301881ae3186f54777
b174255cc267bed8b043976a38d2962a31f8c4663a0e84a49a16ef1afef50135,7a28f245c3e6f79639f9187a6a21f04b45960f27915da7fa5ef773d737a4e6a1
b17fde50facc578c61dcfbe9a4e07dcd6b4cd63bf9f5e527d1fac04ff333040d,eced7ca7a399ededabc8b0d57e9a6692eb1cee40b7c061602930e73ef0238e7c
b1a233ef632cb1f9294df89491bb84ab2f69c3089b37a71903af6c782924e395,1d474fc865857f44f6ef44636f8df6590ea5a61f523e87690ef988c09623ecf1
b1b4550b2b180ee2fcaebdea32e0cb4b454a56dd509b191b8472da3271aab301,e0b22b427f23916fd9a962a9265ab645aa3d696e493a0a764a671278a167e1ff
b1df0e8418d2973311b6d3ab36b9ccbc74ddba33ce5dd1e5dea4cc5a027b8cfa,f1f2bdb636c4f1cd589176ec302988a30fda84ffa4e98cad1a7967a6277b17e0
b1e8782d7bd636a214bbc5723369d0d313ae3e11e3e40671698bac9f2bac3408,d0ee51a264158df5a1858f1785d14e2af1788093f70c1111004b682157a6d98f
b1f766bc4a6c5ab45e15b50a89d0ddc31b47b085449782ed3e75df6f70ba2f7b,f2b632a09fda20cc2268736eaacb12782afcf644eb29a274256b5ca4234fd319
b20596818ba23fd0ee729128bcaf904e29825a78cc3d3b814aeb42565d773475,16226eaee901238fd474188d8234e07bc05214dfd3ac747741db13dd3eb979cf
b20c3f29d3966e979c8c6a48b53c79af456135ca849b6be006104eb411b2e204,28ad0073e3849b49ccd447818ecbe4ab8419743d86d82a412e28f90018010646
b2551cb8a26e88f189843fbeb55c56a6ad2c05c90c90a83249ceba0da34f3850,f3f2d229b53269fb5051aacbb6e2a727b7c58ad64e7edd716cf582518d4eb91f
b26d200047690cf3b08b75d710cdbe53d98c8f3f47118f2844a25d7c98d318c6,0c64eafb2b959831576999a68e44606865ffa521334e203f4b02ec36387f95e3
b2716479a2e244d68ffba1e7aebb74ce5bd015fa3a19ff514f1ed0e57478781c,145e7362b4d4f9b41388f481d92764889ad640c5a64f4f7a9fd87437a4f5def2
b286cb69168f815dc2d60bd9fb2c594b22bc4b7da53d20b9f250d7d46524d3a7,1fa7cbdbae3cfb73fce53fa2e33f0464bc95369d09d4fe7280c99c782b7f49ef
b295c488d30186eed8947266997ce2effa9686cc8d695d9fcf79d73caabfcccb,097c1ae8d507e11ac9b1cde3d785641fd961fdc48700d49bd14e732bf1060bef
b315c74f945528b942eddbb5ddc7006668fae8800ac259858c51018f8b168c1a,2cb24626472380e2695cfc391e46d27f9ed6d5ec1443baf62d88f3c172963b0b
b328c4d0f15010165a6dc3765779b288438701b7f9e1a0eb1c5213b5a45b9058,648a637796f00ee9f04c89922b796d4b4687f1958bf81eedc06d4d150431600f
b3580034c2ce685397d6c5d92f1365cee0a6012f0a01c95b93289d8c4c18f1cf,e0ea39100ade99a41ab1e55ccfcb742a703471b01e977243d805f56a7e81049c
b35cb276ebbf03a0fb73afb7ffdd630f0593648f6332e0f6ec1d0fc486f97d56,ae083396015800df9be5cbbe64a2a8dbd035f0bf1f84d0907832804d714bd68d
b36838b62a3003f617564a213d3202a6ea09186673412dedfb17b03d2c6ef07c,f889d8a06f043d24b89dee94c8a5fc3b5b079ff7d4a94c92d18be86db370f7ee
b3745b64ff54d9397f235d3279675ee87acbd2ab8dbda5d7ec5d640027169172,390e0df8703171ab0f9e84a667e3eef9c2a90611aaf8041cd2303055a8fd808b
b3938326329212925236960e08e36625b70eedc1dc9d62c604ebc0798f0324ec,ca9a77d87e4e83b38032a71f72da8e42002c8ddabbc9ecd03c6561a501c788bb
b3b4c37b4ff02602e4f1f3b2d8d5aaced8ce3f55c80428d032149d68be57bd1a,067d6c50821c6d505b884e160522b50eaf18c958454ba0021e91b2c2cf34d45c
b3b4ef47c8805aeb8ccc4d3d421c4f7a3cd9440005f4d51ba5b95ae534029167,05ab7515d839b7e5794500f077a05a1128177669e8fcf8d04ef92790035803b6
b3c45a482c82771eef526ca2ac997dd2ad9ae1a6b36dd97ffe698817b5560989,5e3e55614dd332c83910e95cacd0c7a6b39cd49463f165681da47f27dd119bd0
b3e5975271cb391efb4b9f77e086ec737baecf8fe1bb7069aa217bffb12d34d6,ea22be002210cf9206a139a289dd770e3cbfd5acca3a7265bcd3cc67547a9c02
b401d5295f124fc9d0fd80fa93c556a8537cb75f27d58e6680d9d14b3240af2a,27c65d3c146c6e42ae9a1a0cdbb81b6376c190ba56624a0dcf4b9ec9d2695c41
b43347deca482d3db21f352de26fae9721cea1575ce59825f6e628b0f3b01093,fd10ecca35b909895a01318fb95ba0322dc818ff060ce6908e5129cb681819cc
b462279f752c2bbcffc7c77d3e4ccbe1ed85fd4dac3c20690983e41a03e4fd5a,12ecc44266f1d90e89f9295cebb417904ac1980091527a507637985f8b2485d2
b4aa3032cdbd613ef9df875b8364d1e8c58f9f918c7c7109953cae806dfcc4b3,7ae28ab00ed520d82c34d993605f7c3142771c12a58e1e51fff26b8f484314a1
b512b88fcfa46dcb7ae1b61c78938db2e5cf46333c1a58e8c9a7fd5e1baded6e,af49bc1001cefbaed88641f3a716c0680e0134d9cca3a79b4106d0d8eac8bcf2
b5234bd4e29219aaa16c9c9aa7796699730db4ed5f24826a2f67e9174230928c,e2b9100a83e795afbc8dd50ccc38076457df2621168a4c36c8e173e3e8ea8bc6
b524a7bfe6e5e63b5bab5241ebccaef8315f911f75cbc5ef473a2985309eb6b2,c643a83296ab341fb94813f6b1d1abc7ead7c45fd6b8376d9d477f73d9121087
b526741df840dd827c6e9853bfe2200c2471d50fbe42e67b45bd93a1a33b80c3,76b306d1b589f309b319d60875b6c82e8f4675c3add22c65c8e06123e205c698
b52e908800e4c337354ae44e0db3bb9f12876e79cc1104972ddf1ff16fa23c4b,54c2b400027bf37c9cb49a0c65c334fdaf9da79d201ba82dac14bcdddc2e72d0
b548802e5b3b4b5111dcbf2b9792a5e47ee46cb17854383ecc3dfa1595f6c8b1,42b8843438bed8191b05de986c00f3b10809dc240fbeb880b34a4691c38ac4ee
b5606694dbc27bac77a5812486b7d6051ff2bde62e7b6e42e5bd5b8eda811057,6cb4326a7c7719924f7032936c6ebbc5ed9de2b533e0913a0a2d5e88f290c78c
b63783b1dada2286a4ac0d11d3be8f23db2409a0376de8f9d04a219bc9b9bddd,041c1b796b9fb4bf8e0b94a45f2d4d3674723b88c83512c2591bac984ab31ec1
b6544bc1d6d0c915b9929686f9859dd39dfbbefc47ca44d0380539d80e22a043,f672343e52099e3267270019d9639df0b99920e6f8bcb54456b2dc642b1eed03
b6846d4fe5455bb181ce19c281b8f7c368f37ede9cc11d546fdea4c350707570,ff051a8f1bae1d77a7101a873b020e3b7e940747daca353da5568df0dd2845ed
b6ed622e9ba313f727203bec4b30f79413db28d0b2ccc2f320c82b81a7cd1cc3,9bfe98fa2ef00584e50c9529cfa0f8a5f98be1157f77ed577ce1e5e571268443
b6ed6301af0a87b6fef1d8a3be71b1400e18097096383fda37ccac9ee0853c98,dee2eed6e8b39c467e4f41fc7c9366993b4b98c242e016192abfa267dac4df86
b6fc061e0c695aed0ab36578858ce9818a95c99a373fc8ab8639d8ca9f027275,45b2168be2b6ba742debe69f758f41e97c68f6dcc33a44fb9e1a1a32b98f522e
b71e1b9987f77480e23b96f269d7c697763f0a9b1b9b8dffe24c46e634d2baae,fe0ae7d93cf894f93aaf40e93add810ef451780ea78cd6ee347e70ec94eda99d
b73bf85852b925c9c5a7ae1e9facf2a4467468e94742030eddf81f44ae788e9d,01aa0e7a6b35a4d903e35f113bd846985fdbfa203d9ea10be88ccc95e908fe7e
b7610a6d3a8a8ffcfe9627acfd9cefeecc5757da643e2a7cef899f9ff336cfca,2502b4018eaca292fd4e3ca5e17ae6076fbe0d051d04a60315d8398ca3314660
b78274432b8731a42c7297829caef7b96c1e614193d6b213cc41144c487a7a89,a967270965b9db1fd264fba21174b058bff4b473c9871dff56368cae10d87b00
b7d5a6e086120b5c7e721546bee413d1b90f81bb21f0fdc65895d437ceb351f2,1088d47690f292d39e377283e4a838b33773b695eddc4c33ba4145223e9d53ea
b83a54610ed43e9e5b296a837c1646b49e5ba77ecf21e4c13b7893456c621506,62889c129294cd8720ae3f54c43da1202f0f0c16352771ba3fa5b0aa794e17a4
b85b5e21cd36000bc072e3a62f4800daadeffc2033511c8e281ab778e4c2b49a,6cd8cc5c5e1f03b49baee411c37b8e4d4e2d72598e9e202f3cd2d2f1b1f3e54b
b8ccbc668b720af4b1c3bd783753337421e4ae8145d56534dafcf309499d4dd8,9c9116d87fd65ea4a59908b0ed3907d17802b84e479977e11a8c85b93977e944
b915a3a5eee743388198f6faf35e9e5c3118b7e902c824a7c1331859e947a114,ff6320a9c1a03805b30d94e3b9d415bb71acfd737e35811c1d4872da8b677c18
b93cb9f96a42bd0a008deed0b854b7e5de3d9320a2fbcb84a5005f84c0fa6de4,5b2d9dab174caf0d44bb5fd5742c2a1504cb2ae28407452307e3bc854cb3428d
b93cc22c629be8514390c6e90ef85d4840cd381876b15ed1f3e240c4480738a8,ab8db5a3f6ce37cd2a42616fd16241611e0aab7764934e48416627a1e38a9305
b94f626e20dbcadfbdfc3a1a6c0bfed1e260350c7d89eb24647b7642e367db23,8b8ad4dd90476a3bb29d645a5bf2ea6256c47f3b2846ae808981e9c151ffc811
b99c3b2be5dcc2ff44997a58c5bab3d608eaf7310d037552cf0b82b1f2a614bb,7029c8e8018ed3f249020d7369f9535790fc77b2514b21bf7521ba81e7951cb6
b9ab1fe8ca75e24f8b773e3c41c523db71e5338981afeede0045fa4d98138544,b0fc8189f6ba75042d5d50f9083ac0af4931418a409553cb90c406b0e05a4e7e
b9d5ab174c4231745e26f1dca090b2e42b3c1249c53834f3e79aef02c07f6afe,2b55e467fa1a4ad22103452bb44dcf0ab4e7bbb376e6cc5bfd57d3b996f79697
b9fdaf390be48d115bb2665d506e350c5e615ba508d4a219f72527cd22c05dec,5bd917b64788af81aba483a55a84e93f24536a3a3a1480a4525bcd54a91afab6
ba0adbed6c17b32267e5ba2b15728d6528d5f07195c8db7158d69f1a734bbc15,d79436d2f92c754ae15ce8df4af106aae8231690eac0b209c2be541f0a9ad377
ba3c12718421c6b42fb02d9888af993d3584e56bec91eea5861542e85125c603,1140fe4441cea7611f5e80a1c3cbfb2647f2fcc87d80e4f2416928cda20ab8ac
ba3d6c7f7acb73ee4d1b3673db8e88761e835b1bb463e95bb06ce1f3c983b246,1c325d7602d0236437c9fa7c056a8339561ca2846a2f8b2bec84e69c220e455b
ba949160ffcad3942f6cbfa0f8f6cfc148918767c5744615b8b92ed7dbbe1b86,e90eb36ef41247ac80f5ab3a612d9789368930e1bdb7223af3ede9a7006fe524
badb948d6655a5c508c1f60637e42a9dd675c98792d4930019aa64f859c623d3,16f93beffc6da0da363bc13efeb28912a0b57836651dc8f6a713d465668f5ba6
bbeab205956d9774e183884db7636d96e2c7450d3443b171bd4645d662d92d19,4cbc8fc2ce156177c2064f3743c8ecbf163b169bf316017f58168f7c6402fa84
bbee811fc33611d31f38a2a02ea9cb74c7e830ad534dee607d8135b621b9a975,048e08fe237ddd2f90aeb5c2bfd9e0936cedd349849e093bf36face6606edae6
bbf0e9f7c10f82de47ffc34e818166dc7475e86d7faf8d402398c2bff22bc6c3,09b6a4a866defa7d29ee19333aa4292a24d0ed69fa5b08bad9656d1822b19833
bbfef08a8b532fa68d1e4138d882d253c7fa0f5d4220073217dab653b1cd0dd2,a7781622111092e332aa37b8b901be3c7706aa12bf80c568830a7e55d33c7833
bc3b907c1712075f330207967e06d7ba022219094449ea50dff032c7e4b64f79,b9fa5273312fbaa26c350c1f417564ba15848b87f3501cc906eb760f8f113de1
bc4f4b2e6c9194b215b8fa8f504df456ea4294695ddbbb7dc9995860b5cb4f16,5209fd60911c53f8b41162046f53c77354d58943cd4e0d6c310ab164891a7c88
bc5e8d2481982feeca021ba53becfae9f3fcddd5fed5b027508c883fabae6733,ebb8d19c41337ced3ca7f244921c9601b0b238035b345b6f93d593bb58fde1ae
bc7f8c7cbb09bd09c9fab1dfa5aa291578e9f38a15e9edcf4f06eba65af20a09,37ca5b852b88f5115475a6291687db3f28320479db78477c937f7bff421d3894
bc8acffbc641091c3c56b45ecef4b984fab97c306843f2ed29cd64b20710c6ed,7de4cfb91c0cae3f2606cbe43dfc43ea787cedcb42b0e0aca61e9d27de5d0326
bc9b96f9cdad5096a4f1e1e1392472d234271319d7059208732eee51fc572fba,9b228910338e4b5ecb31b7c6377634fac3515b9e3401da04bae452c16e21d1d0
bca78004352358d4ebfe425c1aa5b4723da560cf5b4cbe951764f064f2891f51,feeaf7483d5756238a29803e9f41ad6908d243e1fec515e66dd8dce039655029
bcb18596fd9ea0b04bb9d2173da6e4d398e6531107b36f41de6145e8eb018d08,69f1464df067d018092363950f68d181bd9ecf9fae1c6a8adc370b3e4bfda9f7
bcf01af561957ba045d630c5798ebcef627fc7f1225b86bf6d2c2385c61ca167,ceb6e2e9d2251a270e97742fa647c45398da5f7ca1300a9dd4a2f5650383185d
bd0e545e84bccad41b61c3e7d95cf100118dcc816d77cad6f4164b1887ab43a0,b290e0819a80cf0000ffcd2cf88b00f323d4cdf6b2a0654de8eac4eed785d17f
bd929f8ec0d983c18ccc8e48b847397648bc18c54c84000d15309237b6389936,a711a2191027fba42e2bfa0f9bf33b6d0d92cdb481309f930cd0f207fa02e229
bde6eb6d2c54611706fd68a425841428de09a80abc7b576c13d5032a74b4bfe3,cee400496d14c2ccbaa56716284cc8dce0265dfd74dbb1c4a496054d186cc085
bdfed69e3ad4cc80ad25e51e05879d0a8f4be628c4c8f4834d50544e721cbe89,b7783ad87722cc583823fe2e8bcadfc7af12357423221462b22cd33909876e41
be718c188ef8c64280d5f5ea2d4393fdf8871a137e9db0edb499871dc1019fe6,ab3a1e305d918cc04cc0d5710fe9c403a164b30259b23a222cd0e96df0393657
bebdef72cf76d84b92630f7a74292ead885a2afaa5897e66967f22c502b54015,b1670fc87271eddc3a892214d6ff2ae7d6d34bd2b015652e51674cbac78d77aa
bedebb9ee72b0d4042ac6e15075f8d2cc8f2ab6fc5887609c088172686771c4e,b96f1e6f212fe2d99e2702e0729e7e7ed4a04ae903324ed322f048295491f36c
bee91ff69f616b58c05e4b704ee9eed20b82aebb027e2dda09be4b0cfedee2f7,a14c1628f6fe5176d74b7d5cd965c467444bd6d42f88bfada8f2ed5a6609fb16
bf1ba34cbcaaf550a4ebf2f6512ffc4d836a29fc6419fa71a9d1f042fcfc12b6,34174595fa1cd94b811e20d67ab888b124c83d948d06bec9cd653e690e197f06
bf26908911b218be0177239f08e6b687f359f8597aff47ecb63e7e3c3cf3ad27,c6c0d80e3434c34d2c8a47d9d9f198d442895685543a85228b6c2e0715b7ff1e
bf324754224a170d2c1fd0c1232762f83253b55066e89503479c102267e51e08,8af819cc83873865b29427ce4e2e54b6a63ecfa8735232fd41b51819036f95e8
bf3cbad88850c2ecc3c69d664b1ea452d93b51037c16a71b5f74a1f2676eb564,1a46065d12899d3a1f2bfc46c9c7aabf1f82ec66dc59c951d15d2f65921c377d
bfffce61d1c0f66a9ea6958b63e271d4e03156ddb9802440f666e10ddcf35f0f,d22f4d48a032d951fa823a1850b98d74ce629dec00c1f8cc3b027f345b2194d6
c00b3b085cf780a846aec389c6a20ae3883223826bf1c2e7362c60fa4d0ff94c,be4fa4bb671680f1495268b528d38a937cf799ccb382640183aace0ea94f21c9
c04afcc0ccdd9e2ed46654ddd4c3993616975f2fba331db450a768e911192c50,2b68e2a690f0f45ef8bd7b24a4f1b647d786f3ce5dee195a21e5191ee34a6aca
c0ab9ea2d9767acf553b6f0785368beb1aa62b63192aa6529d7deb265876b7cf,77995de8371d734edbb39723b5ae2595fdc370a48d1704d46e9697151b8eaa64
c0c5f58c9938f898f5d160759313dea415b58c74921e1520aee11c947323dbfd,68daae580928b7fbda1afca04dcb8f4a0f95360af51aa9c2345d4b01c016c036
c0cc9b0c31a8803e1ca93e9f4c895aaf27ba479b0db92e54df2af3af09fdbe21,2c989402afd17bf2b0d5574bab781d9c9c196c15c92d7eb0663cee3bae322f00
c0d2b5b87ec83ed2deded7f199269f78a824d947825a21dcd7738444e1ac165c,46d85f473b6942844592c46f95368c7c47ed2e221361b44b885c7dd81b7f723e
c11cfdfb7daa00a3ecdf42712762995c3852742d164bed5a8caf162af0e435f6,7151f3d9c3e4641cda09bcbad8c60cddaff8719c55ca87c56023a5a39d94523e
c1431794ac47a1bad2d7c356f90fc6d2abe80a23130bfbfaada852ebd38fb254,2675ccc80100616b5db7ec954c4fd1fceb162c81ff4903e0c06109f04d295b8e
c14c98731feb593d96abd5844b6a2167e2151ea3d851d7b95c2c9cd37c8a476d,d2dc99f6289d8b0c5737d51963fc9c90a9ba903b53ffb8ea6ae310fb2caf0555
c14cb5d782342ea895f24b606590d9a3a92b4f14d44e14bf298add419be15207,9fc11e9d94c099b24cf378d904203329a53112910eb559df3eb99d58b9fb8ee3
c16d29833cda584d99d0a853d0b384ea662943369acab2ec384d5446262cd929,3a68fbc9bb9243935174ce5af42edef6c6b0f16d53e6abe160419ce20fcf0574
c1822ff987dc858beabf213dd41a1a192b3b48adfe07a26147dba5d7bf26c1d9,e877148f7cc4d8159d34292ac83fe784c9242eae96a6b07e7e0ad914afde2f86
c1b33e38a661c46a936d0e745beb9d085bdcbad6896329fcf0b99d6dc04403c9,5ac179d31bd9d08adbd9d0a1109c2b0016932fc9399f2d3ce4dbf007bc139280
c1f598bd2d16ed623c8d8db502a0359a84cdffb0f2b6e566daeaad9b92488e23,cc765d88f9f76287d9cbd6c9d08eee206f117b05450c1cab6af0cea1ec7b8efe
c217b8415b69f01b35fc142262119a6a390c8c427ca45ed737a8e0f5a7089a1c,ba5291c804afa18592d1c03a6d7410757ece46aa3aee4ce1b01a34876621418e
c24582682f68828bdb11e413aeb328b5c80134836bdab7d7f49c61f8a9c36006,6707b8aa79a5c9702015c258236bd2b9338aae437e74e600158e021dd3a0e0f7
c265a24f72cb278c68d5d4da1903183c3a832f2fb779a703b13f47eff2d24621,f361db7bce284e755974bcf9fb294bc755e5d65aeb618fe943dd4087d8c82489
c27d41ed8fe292731f4772339cd4766e198c0d32ac66dea9da490cbf0bb1d1cc,39e4ec732bdc489c51beca4b67821cfbb0cf017fbc4176279c535376adeb2240
c29339ea9991c563e87eca67671cdab8db5db3b5fda2fc1e90d90034bad3b0bc,e03f89d77cbc00a0d789e98a874aa1a682cdcd3b535070a9c0e80c20b82b3e98
c298bc7d46b6fba1804097d8b6d4ba3ebe6f89d86aee16fb313be41128f01cbd,e331e66d25311a4c14df89ac0a38b2a73c402b9888ebd07531bee4249f7d11ac
c2a54bc11ddbbf7622ed135280cee727b8ec680c393b6b505d21c1411d7bc6fd,e510ef505085313fd204f93357e688adfb8157e7ca40c56c71533de223bbfaf6
c2cdd449892c30430610161788cfd4d65e19f6c401c4d737b499aaabb77ed4b0,7b185725cb8d18c7725e890e6909408a97c4c9d624506f4d1ec54e2dde7a2b4d
c2d18dc332c23cfe462f491d69c6d89f1b67d673f38a55990200adaa67c2dcd0,9b8d56652e9360d1fff6380502f21a77dd76d63fd796f88104d8f4d83f5703a1
c2dbaf808b35a5e85016ffd1acc9a9110abd97467264e7017383e9f835d26245,8f21e0ac990a3b29f7270469ae91da351a30ade4070a986ffccf8237d8ccd871
c2f061f86d4a9a3151b826466c066f273bd7d311c60385d17bab3925a7ed3234,3b29e6b753ee8d135c9d5b828d4e40f0a699aaacb14184f3642350111aaff9fe
c329b6decc07d75bafe444e8ef493e64c4a6dabb8a0bd7912ef5263b1b1925ca,8e5418003c09368c6441e5d5d9fa2ff171c5d1e7b3d399dca9cd0570064ffdd6
c3474c33ecf2dc07821af6e2ab6c8de1db2575ee039f6bab44e99ad4bc46e2d3,16f364de7d82b37d22f3e96aa68e3fcc2da364c45b3b8682a23393370fcd58a8
c3580e0bf5d5bc862fd00de0317f90e6ade5a2375ae57178bb84925ba29e4d2c,bcd6247879e82b039b25d66e740bce4c5938d53a0c9f7e3d5f0dd36f8e120736
c3718202d862250d387be1d8793925a691983d5b05c7d884aca5c6016ce465e5,622757233af0bb3596bd0a17ac4a0cb6e54337d7ff9293a0f05affde8938bdfe
c3a04d41fa231204fa942016bdbb1d69ec44644599dfbbcc5f24a0044342f061,1fa848d9b9aeeae4a69fb17a211c1e857a7cc76be5cd14b35bf5fb605bc1fdc2
c3a2cca0fe0687479794da4ab2ad9d4e54f03be535b5863d2a43cc9202f2273f,1bd86bf84ca9f7c049eb8c03718f5559de9c6772246549b86fe6421bf8f9e189
c3a6f2888993280cf1642f1c5660a803a8cdf7ddf656f6e6c110df3c9fd2977e,a8d2f1d60b4f04ce8b8be20841cbf0c3dbdd7d87dc5aef2fec0d721fb6c6cd70
c3ce22275b4ab51fd3750e07805746a6970b2da65b5d720499bea639c9870fc7,66ee58c40d19f6e6bb698b732338015edb29d5e7ff964738ab08965c911f9262
c3d62fb1a385e8f990c321fd353fd16fd531d6b44b85cdb770b92af61cb9c6bf,4b0795824589f554a36a6efe4bfaa9e407f1f64feb34c1e959465c29936d26c0
c40ded653d7eb85bf3067df3543704628b81b8325d5a09c1845404bb6c7a87f5,775d024cd9f39bb30004514a0f4a37f066aaa1f7ff64c53b42bc4f0aab7540d8
c40e81e16d12bf8793aaf74eba222aa537b1f4055ed30b12b463c97aa4f5b189,ca7e5d473cb7b656577fd5698d68bade677067b6f746020694545b67e31a349f
c423a75f06fe2e9d9275813c1eecb883ff4123e722da0f5f1632d346ba941d3d,86df38795fa7e9fdb5012725c2d50a6fef022f8f3901e97f95c67cb6b2f6dc3b
c442858a827d2ff8f8197a069771493d3e26508183b5eafd525274be8ebbfe54,04c1b5cfea041e873d9adc5328d00f4e1578756e6872db4f525017f6af1edcf3
c446431b64b4cda893754ab77a72266ea74ee630e1477465ff7daa6c61a81b85,da0bc9e5aabe7e0474ac4fcd0b4e89552cd3ebf4f6e6b09df1c1df87bce54fab
c458b11fa071b3bed8fe587b3ab8393df3e8477e43268074189e7009036286b5,b06e9268ea82f9c4438282dfcb101c539ec4efb0bcc7522ddfb26637094810b3
c47014a0ab09815a3497b68a5f975b6a2000fa6c273e30bfc491acdc74df5fcb,829d7834cb7c4d5d9cb1dbcd17e48d17df1dffa6f1f67e86eedc6ff21c2aa4d1
c4736994a2cb72653bf3b8028dc9eda1dc7332a07db4e6b1567531e70aa1244e,7474854745a09b0d71cbfb67745fca4ef43d9d80f7fc30cbe13e3bc165579871
c49266690611a5ff36e669ee4d83b80bb122c00508074e9b261848a4ad63d485,a42bed4a3b9759ddc56a4943973c95c2a94346260425e3c3c64972e1214ddb1b
c4941fc4febdf58f9fa99a06ff6314bd5981c6007729fa4b8e1c39cc9bfdb8cc,1f1d3cbed72c0530961ad2eb47883cda9ff547b5537464da4571c911ed7bc7eb
c4a266aa3b738a9d81ac5f6e8b6c10a79b86f99dddf3d7166b1e9b8bf388222e,8ea0fc2f8f09bd151d89da3a4ce21a179b761ceb7c647efb50d55b6e42af97b7
c4af8cbb8c391823a5adad738d12a8602c4bfb629b81c448d7e8e0d6964ef833,13107fea6ef7fc55fb3da3173a84cd2ce67e64eb27274e51f0eebf613cf10ac9
c4ef122dfbb7517d2802e962981f1b999ab728ff7a72a65f9ab809590988d502,b621ddd3ea5800860c60a8aa40b1759d4f769b79440750dbcccab4dc3db36659
c53803163f19c9e4dbef47c276c9c7f65b117359c917539ddb58042e4d3851f2,f2500de2e6130fa20e4c0b0a3f133b42f5f8642447634ecac37d5a83e68e903c
c53b30e6ea95b7551b5f85e67120da51babdcf9622e4f062d7a79c45962b2e67,c0d09f72dc987487fd6465ca241e7ac4dcfcd04ae5a571658c483ab351191e4e
c56ac75b0e0018901b7f0eaf7a6ec3d49e4a5469f10c9dfb412b36fe091c685e,cffe7a8ed7a7f68eb1e4bb302aaaab7aa6495921b496728518ed88aa1be512f8
c56df524684752955f111624f947d5d50b692955a5503bf7010a7c7ae7e5913d,e5390f2acdce4960e948b49e6784359c86fcc4004840adf303176d5f11002af2
c5ad364f713179d4df5a0a9b3c2cc6e05f2f4fdebec3cb5ecf017e46777102ea,9f852548a8ffd22ae914a267bfe483e0ed64694017b0179cf47891e8dc510e9f
c5b2365a402bd662ebec32ffcdde89e17eeb617e5e940eebbe7ab8c660d1cbf8,5e9aed27462883d7714fbc1670da8de07fd3e4896c688f604fb4bc48eadf7848
c5d6771fa0a9f333173dcda865e776369b830fd83f05b0c47622d03ef49b7447,5479489dd4845e62fa602e30f6d9ee15438e2b718aca533e0930a9a59fdf1f17
c62a4f4fd825056f0da87504ed193cadfa3a8e03b9e3f9e288b409db520fe8e3,b523ab47c7d41a667fd4b97537ed30a900ef1d4e44e6e729a34cb3d8f46e18fa
c653271f6b8d7ee4f170b3564e80cf43ad26ad066e2c6086f282ec863a5db498,8c28d821b1a9dec5e56107876f902dd217f11702c167da855d5f9c0a8020cb2e
c6834ac1a9997f3cc9db204d7305840f1dea676b684b1a8f220ae3cec08d4005,8f1402e35c64dd09ed087a3971b8b9e7d4fb2107466d645d6b900ff1530f7efc
c6eac97ee791d731de24369438876281e1c1350f2a5fb1795023c08a06398b00,9a0dff7f931507f8ad7551d6b720bae3298cb24f14a626138b3fc6c82514a868
c6f66033e76e4cf521e686aedb8b317a1038e9dee6d0f2777c8acbcab7297f79,5360dbe689105e1c158b1bffc14d25288bc7ded7f259c324046cb9102ffd1e01
c6f9d169219a5f4c90fc1c33ac91f2d0667796974cfb0fb6b61620e9d6da8910,bfd9c471fd8aa85050aff2c318a0bd53537f957213778a71b82b7a591022e826
c704e259c806fb3488850bfe660fdee9afb4a9d7adf5975b06a34495daf666b2,16675b51db49f7b4f24d4689d1e09e726b77b850e3b06b74d0124ebaa991fdcc
c72fd9cb8177282ff223be67dadc4f3399bfe571805f7977f2bbcac0f9816ad7,95f72bbd88610e8e658e53ffbeaecb3f2db67490a04385f2429175a2756a559c
c736f05c110c608734a08703a5a5c8880f7826046abc90b71b1557cf5433c968,8cd5d4826f46765ada3e1c2a0a011e62c11eafe70785398966e7e2f127b591f9
c74f620d2369a6669a3b4fbf032186bb38808d715d85dc5dc60ae3e6460fba70,64ec6ee056880d55552f2ffa6ee7b6f66e963c749adcec92b02eaf5d6344e4a0
c75f6f95ec1285971a584ee4ae02f699dc034dee4e6950884e5600d36c78eb34,295e952c376e271ed3fe7bf43e76524816fbc1f579fcbeb6597017aa5a743ca2
c77057d1fd019a523dd7e724b1386732ef3083fa652458e1792c285e737644e3,5481cc894ee2466cbd6129d8614c619c3fc9616e54c39ca984a57fdc76fe81c5
c777a9308002827fbd4d52b9fe66e3614f96930619da28e38823630064ddfaf7,770fc3b5c24073623ded98b8ccb43cc84cc0e4008e7ee0957907d07d8966e05a
c780035b8f3d3bb0578a9bb3fc883f5464dce363fdf98fa4fe74b020222afe29,f477ece093f65aeef5fdf603fc0147bd2341fc6b1350bd2cf027c50df696994f
c793ea22cf1edcf80b91806171f7ac66d84d582e0d1556e4f3d9706ec06ffbe3,a1d6667beab7c72701089cd5604d9e1cc0716571cc357e8e1781e9b94b46ef26
c80109d99b8dcff73f73ff143397ab5cc5229f48670492ee4e976dc57dc5436a,0491cb8d60307753976b6c3dd11f84e60ef01464b97c69e4d2b41e8cc96ba5e3
c84ba5b3ac07de375c30ed12aa709ebf62eba963c8c97c01cd875e4f6dd0dbc9,352b45455a69c2bfa31ccdba50c7986436e2a7961b34f9c6e5eb6a7e08c23beb
c84ed60221e53ba29e2cee1a222c66456861b1479394f7941404190532eeca92,a4277cf517ce9c81e1d244f97ddba4d0e897cd3f96c31ad8186c2a506011b0b3
c86e82e1190826cdf96519b68c7e2455b97b4fbe120ab081958d14393d507a70,239a96ca47f2787a96672ed7eaec215e322bcb5050b2f6cb33750f7d733db61e
c87fd9a4714263c5438a414a3c1771aa472ecee44295ba5afc02fd0371899ef6,9c5170a71c3a7ff2dcbaf3dd8fd126ea71c236aaed0c5974b88f61fd8721906f
c8909cbd7ded3abd41da8b8de889aa6f876098779ff55c2dc38cef4a0de1550b,72a1ee0e8191551eb4b46089ee6ff6b5d80130f2379185c27463521cae8b48e8
c8a825bf72cc75cc23c13f9f6884fb1bd74fe9d75436845842a0fdb60373d2cf,7930f2ccab02c0c29f1dbe4d85ea1cb901103131755c675957480f3fb25e8e95
c8ffeb9beba3f1c17d81ea907cda67adf48d31293f33e5d3d6d4033a999c23b5,ba00e411e36eb341771d870c28b68f2618305c64f8cbc9868814d07125444843
c90fd97b7e4db8c1d3b8bbbd9539935bd70f8006d025e7c7ccc051f7b7155e09,733db56ed763475293d4e9cff0f30f43160f33f9706008b83a5a1face98f1ae2
c9113263fed83eab1c5c792782525adcfdd80565d9b9dddede2989d349df4cc2,8198673c76d54069821e4272901046a5814f06e25a8ff75121123167a910ba2f
c93798830724e5a1db3614acce20eb1c9b1ac1af2cfa7967deb99a4d0717ef46,84c1c4f81a4de1fc159338c9560dd8ebb7b4d1c46ca84bf1e8631718dc0e339b
c94861b5a36a04efa82d4c7bfefac38b2768092ea9b760dc805b865790d40856,2e4cfae2d28db206250b2a853e76b96823780c6c1d89c722ea256e7a26b3f47b
c95260ce44f4b2c1e01414708b6723551c6c11f08233383ac4bee7fdceeda5ee,7449bc12434eeec12b520a6f78dab19400c0382985c40a696df75410b9606a4c
c96567e4ea05129b1c5e1a6fc4e0c729b9733b0c8ee1c041c0eae42f1940a5d8,8219aa3103e81fec9a907b0fd1249d100cd7a363cc60a14642bd5361d1220465
c9a84db63be37492870df926126955bc48176ba02059472fa969a5a159452e60,c38610251979507d740f0423f5cfea429f304737d104f1b4159fb54ffff17722
c9c14d2d5cc144212881e1a6a2b0cd9edf3601eb84221c6e8df3c7f4ffcf2746,ec3b36d270439935f734d7655f4c204bdb76979f40ca5ef2e785108e2b8fa708
c9e74fe30d08ff8d9530906af6d2740596d98ff8bf57e3ae93f88e8f322d84fc,9fd9d14871c69e31d02f34b9423d2573da1d0eb849f91f67f16e599263733b43
c9fc3bc41e120ee45dd374d5249f187cde474410904d46acb60cb3f43d9ecbe4,7cc79e578adbf756e445dd5562c675af724144dd25177177255500bcc4adf587
ca2f7f384c48fb01406d790c5a221665626058fa31eed6fc00a49e061e47a3eb,d6647f3fdf43e009221f026ad5ef548a531859a69c1e0ba1582a91952d04ce5a
ca465cc4065cb14ef444b47bca069662b6b86c6279d1d833f83672a81cf81c6e,42ff0edd1a434e16f7981d778dc014fe016b0346cc40815d179f174bb36031fd
ca5847b2e88437c89511c734ea36c03cbfc9365e96b40701628c57bc0aecf73c,b40c0d73b49c776c8168b7f9aba5912c067a54197ddc859ab5efe98c863b8c2c
ca74e156d60374e28ce3201c472f5dae61e4c26ee088b4ed952bbc97633c8dc5,c2745c3ca8b24909688d0bcee75f9cd38ac75aa3732f6dcb9965b59cc0fe8ad2
ca75c6b9adf4a12d37aa4a0cb9638687137188fddc8b0cbd1d6fbf9ff9fc623d,f0ad030afd7527be50d3f5a26af91b7f0e14ba8531ec318777a99768d76d5336
ca7d9739257f4e349cfbc8af28eeb56126b6a8f123f945d0c1e60f9a0a3c7251,9d817c05b5d25edaba82e2f7b3ad59624da8bbc7ddbc913eb52a655bde75b454
ca82de3e039baadd58bd9a730bed618bf29580038ed1dc819eb9ea83e77123c8,7725475dc4edf33d0fe2040525f2e424b654e75d9c1233e5744614f8328312dd
caa8f1279ad16c4a8ef38928de5d77c35b2f994a29c769576260e543532038cb,45ac6ee9c95c17ff6746d32d5c51ee173ccaafc296f064822f320c42ac720937
caaa16d6ba3a395b1fcee91e579c84626b0a2f1e5b139d1a20bce7f544f74cf1,18f2a70990f200bb5a6ea6b22616e209064ce08bc361d874b735e93a071e2c65
cad27986fd6c6550e294d10b72ccd812a750b3f058941c3ba85d5ec4904ff0bc,aaca5ff3e3f37cb0eac817d576a182b1b386c9c524a698455dca3c3def4e9eb3
cae264da5833910f11df5f70ebe374ffc9e7f5da10d92bebc2b62265c6d861a5,9d08ad911fc75db99b30fafd31a954d5646bcd4fe7365d0f9ba0e9a1b30601f1
cb5478e76273f77d7682a6de3edee0e9827ffcaedb072982f3d676ab27edecc7,564da68a9e347d7ec8cdad9612bf2f2426366e4d4b679cdbcfa28786380868ae
cb5b26b25380fc5248fe9c151bd7f2a87c15bd54140c11eadfd18a90bfa4ec2f,c07f576bd5ac90174f0cd9898edb1e764aedaafddf221dc03a626186806c1f92
cb651810a22345edbf949de849afe7f4805d5223c15ed01e8b68c2144bf5b96c,109775b715283703aaa7bdb6601e32dcef2bc6f5750c2022d998798165098eb9
cb6dfbac3c11da79c4126522521f10ec40008ef1d6f3caed475c73f80e5d1d17,0fd632dc58544ebcf1db51f378a99499cda04ee9c74de28b33b8807d91697807
cb81b1e0a3bc488d857ba98d05a1ade4d813762fe41bace3cf679ff81ef9ec01,303db306def62f4e991ba43d070ac954edbeadb9433868957cf3edadb4473c02
cb9f060f01bafa1c08bf7ecb147208842a42353ebd50ac3ebc9e9ca156b11078,98de896f4f4846306b902916c60bb77b93d9e06435f869a4968b9e892ec0e342
cba23a74856a474577bd98b80460b9a9d7f1bd5dcb59ec9c28c3b5a549d09b6d,cc21a92d93f3f05bebc83b7da656d02587a59efdf7cd44f68fdc1753c37a9d7a
cbb0e0e6daeaa501835633a3bb1545f4b7e14141f7e08cad7abc4074c8e2887f,f8c12100a0a6e0e2db2c6ad5827231f225c643d0c697083ea3f815ea579d0e8a
cbb9226dca7db817f27ea159b20a237b6e9b289c476a5c947c7427a211e91267,ead7a773613f4506749974da7fb91d094ec6b376e5bcc08f1572d06f200f4c92
cc0809712563cf38ec40d37edc4ad9213d9c5582302d5ee5d71a29073bc80eec,beb4d8edc9bb5a6cac5ae672da7c9272bf2bb2a923015a4a2c6a7351776a584e
cc4eb4a13dba1a8a6dd912fc989024e901e4c253be8fd425350807de8cb65096,c1bd72f44c3eed4961a88d9dfabcdf535192f00fc58f19d6a6c4bae3fc09c4e2
cc5c874c331188bf7cea4b679be4d852b7afb949b0f6af6cbad6031edbabff2a,0c82fb12792234dcd87e9e01d1cad411719ffe352b1c62e3c70cd105bcab4388
cc5ec3bac2ac75482e4dc18831d6eb04e8656fd96cfc2752c5d0d7ac53abe99f,bb94e9716f94bd5e6d1e8521e88468556a72c57371b85864cf117fb523f4ac13
cc9e49c9d59e1b285a5c71458ca388a31ea70a4952de059f09accd4265e554ac,5140fbffaee0afb7bd4b1422d1da2879459146b68640937c0f0ad55d20e1a51a
ccfbdd9b6f36663998f679e3e4e2f2ff99f0f64dac94dbd26ad4be9c6daf0cd7,9b2ebbbd3f2510038aee41a82df16a37b3084059ee228e03981a4b962b546bcf
ccfca934cced1f7f61e3b217900542cdbdf3f442978bc292526038ab0eb6c2eb,546f3fff890c9dc34305b0a9041f8b5fa4fc30d6d5c6071f6527f0d407f1edf3
cd2715228c3e5e4edec9a4b0556cd3736c8e57ebbd741bec075bd55d10f84615,001e66871906a5872a362831ff0d11e830fbbbd93c0ef7ebebbcbb217e1eb985
cd35864c983d25117d117a9637ce2a95264bb9242704b2540e9b0846ba5f6b0e,f797c522d6b825c5ca353edcccadb19ada4ce1d5d2041acb4c8df980068ab3ce
cd47e021915bf1139c6dbf2989fcb3aa8440316bd5279cc6b9073bafbe4a3e92,328c370f86ff70416ced1dfab0fbdbc0420de0d517432d50f11d9dc7529e5470
cd4aeeb3f91593469ac6a9d3e164a09276d0b75cfae653734e15680870c49ef3,92d8bb1ea6744c6240b861a43cb890a35d6cc51437a74d6fce53f072d2db3bb2
cd550f92defc16e3e3dad41aa5c56cc1a5a5a3e9a9f71b27b0df05e5130845c6,48d0652ae32a207c7ab674a8dbd6a76fd0a9cace4f59ab5d97f061d1176923d1
cd76a878a85dc8e88cbe5729c49c0e0842a4487a1bd264be30db1131fa578534,68b1a0a120e688ca056c8a0396144979f78dade85a40f291bf59e483a8653b58
cd9664ad63510584175654a896ad54068377813e9bfb4eeaaeff298c88322619,a670ccb34a41dfaaf26057b10bdd07d3b0c84db2ec4629f0bb54e0df210808c6
cdb5ce67002372699e1165653beb251f0a7ebda437443068a96e4863642f8395,3187cdd97e885b79e2d5184fdb655c6d8d72bb94cebfebb20e51700064723520
cdd45452f4957b2ef5fbfeadc0ca2f5450fcbc4ed5c201b2e8f76efc91621362,dbbd09ea82ea09e38b6d38eec7cf5ba8747f3f9313a61277172979b266da0e0f
cde85a1aa3d8f8f3411748f134270958a4cdf5726a3e628eafb1837e9311ff94,e2c7772a8504c151cb9f571452e52d4f64e57c0aa0517f03044342eec6afa08a
cdec1841467f6da9927eb2c4f04ad18b3f7c38f5542152b0d3455c584a517c0a,96226b3d608e71e56423f78f8b561f95859bf3b7acb71c8616e0954fcaf701c7
cdfa36bffef845dc833620db2051cc225addd6a333660092bea18696940a058f,f3f9b71dbaef8054ae2fc3886e40fdb29f8bd019df3357817a8010f33444c79d
ce19199d437873fdc519c27bb37d95fcd0fcd6d1cdc527794bccc0685d411b89,a41f54da8a77f3000f3f8fa3e4ce044f19794b06577fb31630bb178bc3721322
ce335bfd4453a42bbd480dac3e58ee8b3c477274ec952a645b5feadfa623f76f,0dd36f0057a51b7d51f0ce5ff945a1db8105804f63a9699de384e07e8420c036
ce8eaf546eb8b9d407cf8f64ea4b6fbd10c07db802d648854394a00a49a6d5f8,6ea0b69b505106cd78894c256e1201f18b47b3278583d8e5a9107e2278793f71
cea2486a0a3e23ab047a703654352d4ba9e1410f6b298710708df3ab9722268c,d98e2e255f2b5f1005fd29875357d3ea3fc3b36d56793299ad89b49fd38ea6c1
ceba6e2a2eecff60a987eae57190548b1215041d86c5d4af9317f710c51a3670,23bd7b6d45ec1676762aab1e38d527040681365120fca168593dd8e056ccc9f7
cec3b48dffa210023f85ee63842cc4c53e96c7e295912700d4c07e0757838ccf,c887b403390c22db1174c580566bd5b2e30f3c7e0345dbb7efc01a330e85d469
cee6c31ae3b647100ff6d31fa5bd4b89c3402e489c6104a895fc1615970a2521,bf8773a55c57c2609be7a1250f98fae6a265877697c72da0527c41a28e7e5887
cf285f801f36f458a3c4f702d8bf6849794ef4f3a49478af7e45385672feedb6,86d20349315f8458484823691153f083c76b25eb73afa74852e2b201b6138c63
cf2ba6daba5164cf24e65e1a90594f769591f6348c9a47d1afc3c9158aa5a369,71ad72aabb978c083cdcb73d6f49b1d99e1a08836aa4e554c2f8c6b92b2866f5
cf84d5071e132660acb6ecf153a095eef4a6e0073e150876bee30f4de0fec4da,77e185b08944db95642038d4e612693b8e3a37b644092e11841c9f850fc5c450
cf8d7bf3c5ed83b55657cb00c7f18d9256c41397ebbf41b7b4666a52fbe75c69,b5a043706d4490c313f51980a6fda38fc7ebf02916c21841140d1f07a69cf2f1
cfad80b4e537f677d5d35de02fe201c3c2638e0c30d74d8402d925b621511668,2511f074f8fc28c44e5a8bba12b734822960a788247abdf90949f22a879512eb
cfb1e056c3c1236aca717e5dd029d8c2f663d9215ef6f8c6225d212da2270b79,96caf30e11fbbfdb932f9b3ee4e7ef5c53c34e883beb8d9919f2ede2710f6296
d00e8b8ea806feb1a9fc40bd959539469a5f086f325d9af2a18d9168543889e9,3f317d961a6e1d1a65ea90e817bf8f72d12cb02faf38c838a43d8f729f8b90c9
d01307bf44607b0b6022c3ff4d75fb6f849b41d7ee442ca3ca62fe4f43da8657,fabdb5e1c604b73d96a74623ff7017a51386b5dcf332af685c69471e99dec3f5
d0233939f0dbc932bacad5b5ccbc09b6e3d862b99863ffbfba33aef2ab42ee5a,11fb2b658afbeaad88d9a2685b0ea52731799a6aa909ee797626c6fb61ae70a5
d0249838bcd6f2f64635192ea230c0156e3996b2bf77fecd80ecf332839f6b95,c1078403f597b952447146b0c8f9b6674d87a50a75caadc9b0b7094abaeb9224
d02e45b986111b118841a7ba542bdb174cd2aee03243e3b98198e18fc270fe54,02e499dfacb006dcde732ad72aeb548d1976e1a1c48b55965d447130c2cb95c4
d050102b90fad574e25e4ca277711668ea4da813d9e66a29f4dc21f949425431,28c72d5f2db3909111bb86d4b39d7f68fa6ad6b89d56b64d7424675043b5b7ae
d058faf8402cebfda0cdd5d374b35c7c656fcea02ad9f25da3e8a2138330190e,99ad8059474f4ec8105a65f897534e0a3cbb628860f5535fe14d2359b603e315
d0599af247323c318c85158efcd24ee71541884de5d1a5d502df74fcb010422a,055ef7e25821e6421d083bb094d5e4cffca7c44a5e19ff201a8ebadbf93a43e7
d0bb06137d2fd737223826724bac87e1af7b38baf1dd1f0ca1021f16fcb27b5b,bccafd50e335536356804313c5a93efdd55d9e74a4c41e92ea04a494abf21cb4
d0d129deed47c45959135247cd30a0024212ff9cd10d4a527f380201fcbe9658,6b7143b267422033291e75bec8677993ada631eea76b80c78640e32c0a05edfb
d0d4f7be836d055279a99435bba3f939caadb76793cc28f54898d630606ea79e,38dcc6c54696b973741b1b8954db37f708637f1db446e409462ebae4b632bb03
d0da841750eba9c5005bdaf157d32dcc04b363a123d5a1492d299eb41a30190b,8d78f307ba41244f11bc59190c36f6fe62fe256d86e8ca8f0081c61d8204042e
d1824b8bead034330a1c101928ba0d743b550457aecab16b3ace42de081988e8,ad2d15d6a95a9b9c9470ec1806c91f6f5c4cbfc741a670bb9359598816d74dda
d18a4e84925e85f9c7aa85ef05ee7e7df64ade69e1f16aa0235f2a9c00da6750,2122efa54dd7ca12b521b2cbf81d5bd39db8a62c970fc5b27a6a6c029918ce64
d1cd370700a8e0ab1c1a59fb3d0a90bcfed4926f7923e7f231cda04d8828e484,a009276c1690f3702c0a090bb8a1a0b256d62463ce8009d9302f30fa78c54e11
d1f9ac3d691ecb9f509a17b4933ca970c5eef94e1626b023fe9fdeb9be1eeb40,dc65ce73d03c1b63df93b3b34e2c694ecd93c3d5241b1c698e37cc578d7d0156
d2036f2f4cc745c331a86a51e8e26c4b2e8b03ad7c1a46aa237d24e2bddaeda2,94a4413e72a0f5788cd6316e188839e309232bd3c60e40e1916f95de3e86da4b
d2055e46f3bae5991ea4481624e87cd495e17bae172a35dd3934699bd0e16ccb,d78ab558612a1c59dc166fec26586cf3c713e0c06ddbb92d1519adefdccd86fc
d21bae92e42d04e0ea3c952ac66daee125f9ae639666d088e85433e282dfadcc,3ddefcd1135e853badac03dd9eddbd4b536ace5393679e0ea97fbca7ffe515fb
d220e0bf5de43521c4283c87379d9bd892c50f727c3ebddb4b9edda06b796347,31d7af90be8116c41c194ee91d4dc3541c046f4fe49c8329d1442d6d28093fff
d22353b739b5b78dcc1525cbade2d42df4435ae2d08348e99bbfbe848e04206b,995e243c1bb714348f18bd900cecf8897ede8ef08b5e85d1bcccaa649f6a7b3a
d2365badfa224b5176ff33e2ddd898b9e8053744c2f0b5f524127a0aa6871ed1,d1e558cbd10192afa840d4f990da8e1874df059d71155694ef80b2ab59533960
d2ae9ab796bfe83ce79931302c89000dabed5214ce8498c6b3ab956e8ec6ae53,fb99e732114c973ebb1e2620d20edea80bda267e34a5199f8f00a0f6631aaaf2
d2b5d27a692b75eb06d3fdb1062ff7ca1328ce4ae776768f2bd2216fa958a320,3e499e2d5b0d186b88d8ea0187a7d55bc7d211cf64cd283d0cdf5ad293cb4ad6
d2d9cd9eb9eab81534bf1e3bbd960b21503848f9dcc138115478045370b20921,c16789c50f93edfe1881bb81f22332eea96c9f7c5f2b6395e92204e8ce033049
d3751dcf1026ae3c3e33f80a2fa72663086f11b262ca088dac47f0f385a74eba,e748d320e6230416c5921abcd4b34bbd9afe2aa402f11b3131c8762dfbdd0ef6
d38182d6e0eb221504ef05ed193affefe6c4993e72f64f455fb7b59ecd32fa80,cbc7655c050251a080ab1d50c056d085fed306fd1a663158adfe9a497b50a5b3
d3966275090a60f3177d857bf51b7255f48795184053964e5a541a11667fadff,b9dcc9c17ef0551ed438fddb579f53634bfce8d6ffce91f2fbd5932f6d1fdbe0
d3981b9fb417a7b1bb29c69a92d84737b5b3ff594c71b2385f749c86d060b09b,5bcdda6477cbd41ae7fb2fd9e8b3e29a93bc3a50d32cea19f285a84bd8b8f778
d3c34af0b15512e8c1de7c5c8a67a4d0b307de6bffc3e624efe1d2ccb335fb44,e2161bd27ce2eba78c7be2028d4539f26658f1b99cc72881e1cb120aed4818bb
d3d00cfc3f518a91771d61702097c4e023d91843e3d4fd896005f69e6c7d3ba8,2e5b38e8351229facd67f09d9a10dc349eac26c3990cb56b4776d25cf3054b10
d3d0681fa5fe120bc3f34e4a875939820f5ec9844cb2d6de400ee4e2278a784c,1fda3b214ea527c265ddba4213c3fce21a18d5feaa9cce8a910e9d0f02f1be67
d4382f4a000787ea13da369c52e1191ff2a7ee836464ee84767310c490333036,624b04abfb2ae41759549b4ad5675109fa3e734d41a88b63c7a3a05aacd153e0
d43a8005baa2fc8f7175fd5fbda80a0cf681fe05511a3db5ddf48cee5c0afb3f,3871d5ac4cfadb8fc05fb208dc09c32166b76fb8598fdbb38707e40b979c1a40
d445af54b8e0c6d01fe710b807a969dec48a3e8c42c3ef317e4fdc9e4f8db661,4227a8adaf259eadcce5dfbf416b3773d0d28f987470a7897bf581b2d8e184e5
d45e5df2c8fdb546d9c94aec8778cf95c8d50f83eec5a451ae3ae4f02aef915b,e2ebdc87e130ba891363b47c81056a3768bf8f295b03279a2d72650bca1b1c68
d4651ae4c4799c3b4e18738aab2a3b64800d87e2874c3551fc2af9cfe3478621,9bd5c4e53d4a2a6f775ecd4fe973c306da9563c78e905f81d9ec685a4e6d2510
d46b87ab72a2ed788213c5f80082ded7083361c7d2443e81c97b7cd7993dd741,994bdee60b7c5c44181f675458724dc3f57cb4d9ace9b51feec7bddaf7813f0d
d47b6fecd7eea746b481ab46e52242ed4a2818c5fe7f09eb7f7ea65841807554,5046929a72da97702e9e4e61b775d60a8aab9588b92774e67f096313f250d709
d4c8f2423b950f7ce812278a53f75ab626ff330a1a7e123ead04812ee4af885c,5c8e7fb549afa0f0115c84decb0d30ef019198b2256262e28528de851c05f8c3
d4cc71d6aa413e4322f49067a3044302645683d3c3dfc5ba1983c5c52a64b3d9,7c7e843317917862ef0a14d274c282a581da95793bdb924d71e41e227b3cdd25
d51b9289901e480c01c7b5bf59b60d5aba88774100dbe4f250054851884d0c2e,fe7b8173b4ef64d97405a43d9004368902d43b2cedf21b297ad357449c388fc2
d548bf7e1a7d9f2f85e06e47a9d55e9bea8eade6823032c6f697a6ab769f07b1,b57df46a2c389aa17f25c0738d8587c852f3d0c7c31fdb424f5d9d27f2737b48
d54ff891da50108e5cde71ca2ca2b36034618de3b4348ff3b37740669651f677,d98630a277a7c4a2688b6c810d75ce8b72b6088c11b2012fa749b03376d15362
d57e5198bfa2fbfce2193ffa1711d7216136733c6fe8e86101c04d0affeac911,3ad502dc4c5ae46bb9d0e2c79cf1ba8436d497c710ca63914bcbd3e23f6e9247
d58289e5a9ecac8d8d614bfc475b3a9219080b1d1c596c8168105d4dd7cff682,bb7b79fcf48634ecf8b1aa20d16417a6ce716c7dc94d43034ab8157591e9e1a7
d59a7b6ea000acf0e9700ab00bb8cf49de6e674467fcd61848e97fa1fa731999,5d845c7ce4905cb9983df06ebe83301e3ed4516476b83ebe98865ec2d3c5cdf3
d5daa73d4f686bf10c5a5088335257d9959b8b4d87ed771ba993cdd3384367f4,9a1c12acb37c7ca7ab0c2dcf87dd02f1269a62eeefd7a635d43e54541f2fb8b1
d5de0c46552c344cb376a366d9ac505f233bb54a22a00604c808de296b1cda35,20ae017615f802d6cb35d46076071299e1b127a2c7365507b9f5a2603f2d9c72
d5e33fd59c2ada56fa89172e3949e7c09779026dc76c684b3db447991d2247b7,8a93ae4fe1d5778243654e93424004b93c194f2a9ca726e2dc3ccd4ddb8a95b6
d632e2c026a62b0b66c837e5417182aeaa9cab6b2974e531b7b2ffc6a23c35f6,70711e2d4b7204fd8a4361513cef03db58eba01dfba4627ffa20bf63f695f00f
d65e5a247f97cfbd03d3eb4c3eae9b22e6bbb95dbbc42704e972c77f5fbbd4c0,5fe93a057691e0497e0671f72be04617e1f85b4a1796f9402a00b8c24cd918ad
d6b0cbcd5519fbd654ed1edd39af38fbee2fcbbf2322a825715a4e65e4236888,701f098bdef44098857cde0cdab95ef4185792b80558ed5b71a483b871af81a9
d6ef81bce966eebfca3a4883806d47fd4bdd5d4e8b44df4c072f5c5aac4afc31,b8761bbe9d3336882b7ea89378ea5f555d3735582e9d3c2e84aaa19beb1b3272
d726cefdde7edd71182e824b31197d350404658d450ffc1d230561a8d50f7a18,934f42de3a5b0526f7e63cfb0a5408f6451813d220c54b147b9078d8c6b00bae
d72f380255c8921e14eb690deff4896d96755514deb13fd038d229c142c13b66,90b8548f1f9b2326149be42c24dfaa65b90d6bae758bb5c6a6c7457228ed286a
d739bfd3e31812fcf173f87169322a48db627580083b46ae6cd60b91b87fb8a4,abc686fdf54f0705d3e0da2d563b19664921204cf1a23931c7bba2f940d238dd
d75a3b1d6077ca57e44eab09ce7c3c56305aa0db8e32d4f80d1749d357799770,fc4f6168b2de0247923332d947eea86c6f1df8928c2e7368e2dfb2a85e3e46f8
d780683ef68962d4b26ee14c6d21d19874e27f3f08b7121ab4e202a06271ce5e,7d935e8da68104e731288f3e5e29e77deacabcb957d7be330e8d0b20ecd3165b
d781db90fee10df0a1fd39abea8462eb12a5c7ce41537982ee0c3be87b56ced0,c05d9e7804d2141dab47ff7110761a28125deda784df40ebb7aca78005aad91d
d7bbbede4079da042047359693e75bfdf92b55d7a7c42c268a85a1bbd790f2f9,6f36aeca696f675724e5d110747e2e965299f2adc7e5866d6335253f89cb7a89
d7bfb3cdfa01d4483bacf8c4a2bec8b63b4af50f64973dd8426e0797743b73b8,3e354470e0a88a1e4e460baaf30296497dbbecd812071301268f3adeb0a81203
d7c8cea9fe3d66a94b2de244f343e4cb77ff9bddfd2089fca31934a49b80ad46,db704170196dccdcd82105391338bbce4e1b094285889466751f7666473266a2
d7f85490349ba0c2f7bd8884f0705015458b60b054b86383b169e3d363d5f1ce,400e013100507e83618eaf7b504a8614c76937fde8df95f201d1f31b379326a1
d852af57e110bfa0bba8fc25c1561df5eead3af9ca5aa37c3c4da7b62db03f34,06c3a8acdcc185d7205af4c0618052547b0a9daa02ce3019d82bec93e436c19b
d8716475bd64b53a32a9eb27021c06ca7d0cd6df42ad5660d8389942dbfc0b0b,3b46dc5591528653de2dee6efebe6873553e4442a3713a4620293288273c7ba7
d8ad47c037b8ad71a9da98e058dfd99fb4c1fa41c6ceb4309df4666a92096a30,449b517bffb91cbb0cc652d70596f10b4f70c6121d031071a6a32e5c52e786a4
d8b314d30926fcede2dc70720db81a4e0a5c19e6d465bc357391e0cf26985071,4a85e5f62d9761639d4fa0ee068c2fbebc7ea40296103af90972c6edf71ce0d9
d8d01c081c69566b7b129191911fd2f9bce5a8f21bbff1bc8d5984ffb6a216ea,376a65e3538e7cd921cb52e2761c965b69d9a7c49df4958f1d0383d3a2ff13aa
d8d5386e549ac6409ebf48551690a3e31ea5350065137045de860fba34587676,acdf5a456bb9ee1d5c9fcf86ee75c0d3194c4185b12421bda4ef31642301e993
d8dd60136cf5160ea15408ce9eb31a560f50bb98574e24b1c73286c386eee7a3,9dbbdc4969dfc012004fdf80c174564ca17be8d3b5c5b211a84a987fd3784c6f
d8f328ef53e48203a87e9eb864cb79df2991b3fbb404abdb865bf889760ce142,2c7cd02a93b1020191a1db761f6f38d76a2191c16504514da32c927e081c83eb
d8fd38a5b35265eb057b1f7df63664beaddaa5103981f04f660df7bd7edd3de2,e48b2d6eef87aa941debee5ee390b4fb6c16b13376e6590c3fdb728729fdf060
d93497b62d0457e65b2236ed578c13f7383cfa799926c2d56ba1041a2b0b8fe6,3c26689dd8b9a5f920fc0a141beb655b656a1defb7fe48048cb3f4ac6e346823
d93a589324921f9935290ede0052b3286c3299aa4609cd77c3baf855d7cf9de1,9111e37086812e1f96d6fd67e9f1c6095c35e7efb168273e3be68f30ceefaada
d945d8d9d9f9dbad7aa13330c9c131b7f412482d82cf3c2828b3b75ec68d022c,356f9a420ac43d6a4b7983f482f5e6f8703ee8b0e5fdc004764984baa484aaf0
d9772f5dd2db834eff9dafc5efdc9e8264598aa71366a0687bef9be1ea47d030,44af71a6e685fe8cbab43a92cbac17163e3baa21db87f52e253d482e20c5d1a8
d98327e07ac754fc282c9578c8fffc5c658eac127ac56d1ab5668c1debfea732,4f762cf072e206df584c6b42c91032cc6ad5be59d3f657b490686c5194618e9a
d98465d45734f50f3bde7675c95f0f3381b31738c54fea1df67e5e771cff933e,97d9d73dd2e610851ea1128a5eb76b41f020ed86ca8ab092353013edcc95a6df
d9bac5889fb3522f1fbd5055036b41ef7ee781500d864908e3c4b5b138aae424,c67b563e0c689d4e2ba9a5f88dedc700eb7250250deb8aaa7cb51086d4db0a27
d9cadb8d260caa8f8441d85dcc814aa905b6900d641f4bb80cb2331eb439e0ba,06b627540e9585c8b13d25c30d8a261dcc7168e473337d6f0b432f2d636ed3c0
d9df0877e5d5cf78d615203fcc958361da4f2348c590680287d620408f4249a5,50e3c6d2ea245829432db97df5847ccb971a88a3cc592e66d3d1e02d15942132
da11a128fd16f8ddf0cfab9cdf8389e209848a7240d9171096972ac6c42d966d,de146c6af24961077a9beec7a2bfc9cc9ae138723590b59147f62d4717f88d61
da5822fad458ef84da2d32604bee4d3021ac3d00ed8b4672a2cf0834cb15eb6c,6510d3a6e1aadee2bb0955d3c9c9ad653effdac8cfd952633ec0361c77a441ef
da5dfc27dffdc058409b39bc61b6a1bf8d953b80f958e3264e53b889a7b76edd,c8a57b62d20fd71b6285feecf00f1598abf2da7d142532aa92aede1c1c2f50a4
da64e0dd8eeb188084e941c20b5184e183072f51a31a0c46a0dce2f5bd0de6b8,fecd14bb3266c00ca30787c1dfc1e5d836a426d0069319bf8d3e41046fa81f4a
dac2779ccab346aff12b11bb18c4d228161cbb34a96636d8d2c6d0b85dc692da,cc71b833a730ac1b43a05cbd455b34298c78f4e254df21e56d73c6ff4bdc4337
dafe2df34aeb179d76db8410eb1c78b034c63ba2f1e1f34e4ffc4ded06ae7be8,1084f73d18e665028a20e95f65127cf1dc2436ba0ef50c806b1ba2f1f3e72650
db070d111fad77b2d022543b7746d97178ce41342b1c14dab7ed2fce6a238f57,0cac04bf77a02115f2cbf089241bfe01363be813c08a8dfcd773be36c0bac258
db10323cec86855db9c2d6d34c3ce1d4de0115e49e992d71a83c9f895883fb26,ec7ee2cc1d26fe3398db773196c145afea952887ef789189d21537549ebff24c
dbae24550b85346f2d2e7453799c411345028c12fac3919e481b6f5a624ed7c4,06786f803f9a798136e283b6bb86e6637ace5c769f0e4b90c0e95ba2b7101ddc
dbbdab6b31e021d64feb9aa6b36212d82011d3e028daaba3c881ee20b53a6b87,e7e548b9c133179657d5019d6c1a64b4b0f654c0c4c8af8d411f02e654c8734c
dbc6a87ee84031d6c2082913cf0486cd8ea4b33af99c917ce5a36f23b0f82bbc,e1c9ee0c2f7dfc9cd703a74634978eea2bdb8ff3d1e1998b6e40c2d2d0d9a5b7
dbcae2393482d8fdc3f0525ed2744ddd5a82b2955150344c9cbb358b597e6947,6988419a8d1d6de7ddebd7c9e12d2b8fcb8501556dc67b40d45bad7007b830a1
dc21ecdb995326ba7a7ea3ddebb8549c69efbba2fd8b8ac093d93c6a4e927dd9,38d38078302f13a16f845571cbc075d5b83cd21b48a8be9c88d42ee47aac582e
dc33279b83c8a6c601aa78d142b65c60eb0927e977e25780a4f2d60748556c37,024db6171ebc392f6ff622f9ff6e28167990040a77d719b22eaba23a2ecd2954
dc3f4f95fe2097f1ccec04c3ad13026c25202f3c096b6032dc2fbd14d33e0309,d5c425350cb37830195b05f0d4370b3e1397507aa627088088efb34caa5c9889
dc81760779e51e3e48f660878d432d5bf3b50c376d3f1c5df17a5b8ca8298b49,8cc5063df52cb3da7477d2c89c815194fb065593ad44d52864cad4876bfdc69d
dca3327cd9b16913a713fb757081f2405639149c505ec382b53407d2583100d6,6d30c4d35d81c68f8d6d37596ba082f3b0b4013ecdd0a71f35fcfd28670328a2
dcbd1fd767a6c1ba5f96c83cc2a27db2e1a7e5a8984c31a934aab5d3f1ea3ec5,0659600edfc49fea8d271cdaf03811bbb736e7b37171879c40351ef2563f6d73
dcdd573bb288f599cf9dac664e2ba8978ab235e52491fdceace8941845d364f5,6b4796308e99f18e8beb6e7910cac6a6aec107552efb4535ccde29db5096f33b
dceb4b8811ba54a861ff340d1f76d191fe79673944726c5a60044ac1c6048ad8,58faf5732689bc118db6f1244593cd0e644481cb4a798f761e928e233cdab35a
dcf7646d7df47d0ee30e6cdc21b3f600ceab6444442e0f742c57f391623de8a4,d70f986738fb526c45261820e82ced4000eeb09d9b2b7b23da904fff9eec2e51
dd326afe43ed56287d3bdb6bcdd99053233eaaff18ef35ee8684202221f2164a,85eb98d70a1f0a97d827e118ab32d18332b8fa16b404709fd519991af09a842e
dda5d32f990e98aefb89752c43096d45bfb201eaf274bc1e9041fdb8d567f7b4,3e61c8d0600542e7099a3ca3997aebf77a0769b0562a0dfa202bb982b3b4566e
ddbe464e6a4ad8a3a38f2d8bc4f05d06fafb7e4f7f151cde82dcea30bac5ebcf,83189b94da840d854e234ef02b85dd815ae4820b1d3532c6d499cb35caac9455
de33341c0be321ea1e61eced0dbed2a5381ced39ea29087466e11f8365381543,c301ff0209dee83b805242e42e7ef273a6c667c59db5ffef7adf3361d75c9416
de5e32293ae784edfd6951c86c895a2c47ee4eedbc262f27dbbaf4acbc491e2d,5d3d9ffe3993f5f191a35e951563e56c78d6129566c758d03f7648d46ee9bb09
de6c23d300d7b47ed47623bfa32801a02a5dec72db33a40edf7d4fda4b47dc87,85c8b519a9cf36d949a7b4402351a9e499dec1d78434aecd14ade62893968992
de926ada048437306454e0395f8da3a29e9960a6cf4c41b9c790e5e4227b3049,f6931f12ecc01768ca7a66bbc476b496c04a90d8a735b4585ef5e0bcf6857fbb
de92aac93e0bf7531dbf25492e5f47595342c0f7f4b853d4c24470bf50d9cab7,72245d4a757e5a4d64e7931afaa334b2397527ed3aee289c2fd63ee0835a1fe3
de94e7a070a0a029ec18176968000221015d980368a39fb9f97ea2ffdfc31218,eca4f1f72f1b55c2d83d887fc264f00d3066156722d985aa11c684ea596e47ce
defd2c14e805764f64770ba97c80b613540f0d939270cfc13acf367d5c8882f1,5a012156f7720da3eba71a9bfc79096d83e9130ead424ff40e6f193b9cfcd614
df2aa4636753c49047bb93da3a59996cb941e5042fa91a72e36884cbeec8af60,c5595dc69eccf7483cf737877a25e6e1aaacea6c33a506971cacdef2adc01093
df3b9496a5e560251f028f2f203035f62901f2471bc4e69e19393b41e02dd634,e95ed87372e1e0c26cb9b226db677723a65ed3db6d4e743510fd550fccd5d555
df4f4f1ec78c603a82ea05d5ede060ab96de0369ecc2cbbd840e891a0986b723,7f2634ebf0be72f8f9713389828eb02aaf8536fcec9d2edc9acbdd0e076d74f7
dfa9407e988d96aa6f50d0fa0ce69a0289d2ecb51ac3cb0864a065667a1b6ea8,515fc1e012820f1f926bf3a714869c166c6f5d4844b2679be4ccfd1f97052de2
dfbcf38e3db586613a4dba5247a141aa6386ca5f840bb7c2d0c56665ed42561c,6a9da8e48b8d9ef76c46937cde1e50af47e42821b3f11d9e6eaade722a21ad42
dfc58c2cd0f20502d5d5356e81ca11e41aa22f243f5111c66ec74b5749c3440a,c1c45eff16da8acb1d6cdf5c3692206ef9d644ac3395cd9932a65f482b400b12
dfcc9582d9cc5a3fb3c1295d6d54f86a6c377d4c14544536a94df6ef5f628305,76f8006db113dd21273566c328b10910e7b273296c1dec06701b1192cf2429bd
dfdc111e1d25e122df66e364646bc1f4afa428d13da263b53b3f5dff23fc9b04,188143e8cc26e7d7226b7c95de15ad94e71e13677031aacf6e7bf3239a00872a
dff566d574873ddfc083295666a65cdc6d5ecc95d2bb1056da2085f66be1e71f,b7094db350fbd3c16aa5464954b3c703115fde01674812ace59cccb500d405d7
e042c163d2e3333201332065c29b543c54f6b470289fdda9a18945292e248a3a,4c23bd75a9dbae2c5e5d6dfe71d64dacf5cec34547eaf7b5f591977049e23056
e04c7d2985954485b2d110c0eea8a1d89029812c70368d2fe3abdc5364d32c1d,30de1d5a2a06e26fedd06d0ddb4873734a5577ccd8f8ae19df079008d91b92aa
e09719a2913c59048735aed67e68f8e784a6cd8a8b5b2e4d7308137d53444d8c,88cdcbe899c295c95db8a8d40a2c97c682042f65487169f66bc0d60dac873bb6
e0a6cb66cb5bd1fb16b2d851a5877d546b21865e625a14fd1b6f4a276fe55732,7df7bab71cc3861dcae229d4469ac29190adb5f9025c06619bdd532f248c8e93
e0ad718a88f66be016bb48ed3472f65566b2c0dec0dd290f3f1dad46eb7ab2ab,aa743cec39a5c8514c03aeceb75b166ae998168dc18468a465542e905b88d0b6
e0b21a65942500d80f1c7981b9289fd89960430c9f5342ba98d9ff198d2078eb,df6f773f8ee68728d601fd949984123709fe7e2779d5fbf4186bb97a0b8bc84e
e0d9d84307a3fb29a25085917569c5aa4906f22f92da8c045d6aadbfc27704ca,fc7a8d7fc69a1757fc0e5159734409f080921e28b46e3f406f0e75592b3106c6
e0e0796c818a5d6397c992bb6b06a55420d691e5a02d3144986952bf8d026254,08629e86d39274400c6ecf0cb55384aac1462739eb359984cb077745b67e3d35
e0e473e22dc02541d49571dee553f551712f58071eab36a8d04a00a2b4f64688,dfaa9f0d82953dcc8eebb19e26f5a3246dfe70c6542c11ac27506cfc9d51a7fd
e0f5d7b42091796f2889910d1b0994636db5582863d9644307186fb430d81295,71222e5bd064dc76ff77f4dd88d236191da7b928812e5ee330c04eec0d82bd69
e12cbaca174719128b3a0be002e73d24a4ce6d904c6eb1d3f2149a3889146691,c3f38c53572977ce84094d81e8ccde3ee4918dddac04837270af7eec2a32f738
e18dde51b4d2555ee611ea2b8574622a54c1fa3133cb93cae61b338e50bd360e,10bde290e3b5f873243d5be98542651ebe1296ce04aa03803660353ff4130dfe
e1c89070b5bc24ac4a0322f92a26a262d9e97c043e04b0f6b20e40bc09c2221e,2a2827d497d1bbf9ca83ab161b496257a929194e7e5b1398e57a2eef13524a4f
e1e52deb0e29032ec45b2196c12ae385c112476ee0e4a71a5df76fe7d192e4a8,d28e0d52306124f41e256be7d32919919f9eef88e100972620310260e5194c73
e205cbaf0ca46f45ca3a918f63e9866363cb81952b1ce1f388471350e0c9cb24,59e001ebe57d711d4a08118e9dfe753dd3627a1a363d262505087d4899816a15
e2163f7f512971e833e4bc112e5262421090772f9eaf17c1c350ae7c2f6c40af,f07e09a5aac31723a14a2564323c2cf2a36d3990c1f23a0442e19a17f5aa71e1
e2726e7a4c0b4448490aa4e5c52e0f37e8922f1bb92ee17903c12cfa0b138a1b,b4cf1bcfdf17bcba124a83edc2057c45fecc6e847368965a37150bf132e7730c
e2c7f9a4affd477710f779ff2bc0ccbff050adfb62db75134eb20bcd55179965,04e8c20c2dcca93210e2eb432b68b681701ccb4d7e67783e3d96702c4155b05c
e2d70cd5eeb1c6864a6394097db4174e532fbb09436e166862366d37af12fb20,06dd886d8f23acdeb34abe79df9d2eaced8996431b0a6d194eb6848794596ef7
e2e6d7bb55f7c67425c667183515d1488a287138bc5b67373a34279c561495fe,45569b3cfe2ea014a65fde92a5f400a2cd07e6686024fba34c3652adc495ef3f
e31d9410407b6c5d5729ab067bded4891981cde32aa2592c49d2493edc652403,0e31d0d44eb810b6b6f6943c717e80cbe9b550f6a1fc32e8766bacfeeb376f8d
e331c3689ce02066a8141f5a6c666bf43d3e319353b6ffc36f5d9cd04864191e,399e86e30ebbd3419f96f505f434a336a43fdfc969ddf30624fc1ef03391481b
e3818bb704b75270c6faa167a4e3b840f0756523e033b80aaeeab8f9a42f44d1,d6bac1dd7dc682002d76e12c8bac8e65babba5f0dd230572de176a9fbb4fbbb2
e382e012f85b179d40310fc3d847fb3e28543c09e1547d6519bc60249151085d,37e2c3f90da9f8677e9b31518484f9f08e0085b994c8b3881e83cc16ff3e9f56
e3a3a62bf5455d8de374b6c96f016258ac874d756ae290b7a98494c8a3b66ab6,ad2ac701d4fb22b15c510540fdebf8f437d386482106de6666ee0962cd7e5394
e3a3be82b1aa8243bbc5a93baf69b049c92dbad894272a6a5d4481f5d7ec48b5,271c1af60022e85f0c8c1fcaf85d8359060587ff5f8b453b6bd88124f24e6496
e3e8cbb7d2482ac67547323bccb51f68189eed7a5034997d3385e2a8983382b6,46836162b000e6b24eb3cbdd0ee6119e8e8467c3bec89009965f34ffdd0e0e85
e3f675a68bb0e9829ac8a70438e1afdee90662fd22b04563d6a949393b31b973,d92fa05093fa4f716eb9c3a7372cab5bf7d2d1599dfc23deb23733ab637bc9fc
e4231b81328fec305370cbdcf78687657aecd591734a8b36aae02964c1af94fe,96ae7d52014fe297bdce1c99a329ca5e7a251ba26b7f71b015b3ba71f9e536e5
e45a02a8e9885f98b0258a0f46b54d24a543c3c2573fb3c31c6d9bfef89e66a6,891feddbe1db4596101c92786a07dfbc3605551e6b6f8f860d9f4348e42a7602
e49a0b2dcfc17286ba9d5b174a70d24802ee656a9c5d707914ac316374f48cf4,a8424af167c067fc8f8a5879b933954efbb732d7bb71b88af39b357cdb64ec12
e4c17c0f5e11c0bbcc7534f55206cd6085f63d139b8dcbd91d22bb4cc88cf103,3811e4d9c09fcb23c5d13afa3a88bf92ff386f979b016372c03791b8df9fc60a
e4efecb5501b2048d5da544d5799dfda0a304ec43e210d938d8838622d1a217c,a94fd80175e4bb5b40e40a489bc93d18c9a225eb3a338f3223bdf8e8f45e9747
e512fda40d2f328a5f629dbdfa358ee33fa6563cec463a762d4206e883c92ed9,7936b25c22b9114ebd9932ce76c56a7e61cf812906a93709f9556ffe650ba686
e53ae3dcfb750dd663389c73d15801cfad7abd865c3d8f6dfa2d0c98d993f38e,d7d7558a815c83945254e01f03a5c47790e67332cad67dd7ce62ab630cb41628
e54450c44684252075fd8f9fcf2ad1d29626c4dc76c0b1e1d02764ebb903ba12,4798e5d3feea8e56c9890639f0d4bf2e5d447f84e27fb8f7d718a71c833ea1b8
e55ac8963f1c96a62f5798103cde654e87e950554bb1d11c4413ad185d9c928a,b4c6c469c648143bb23d1d1cee06e042157b425ac25f5cdbf5a5de1c1bbf1fb0
e57761b81c2729263a776af424f5c71658172a3342178020c4da93c18fc142ef,9a82a7858e0772bc678aa1cb914c0632e011eba25291d02ae8f8cc2b7104214c
e577bb54e7df4ae6c0eb9c166a28800e6cb342a328a0a7f8a3dab1aca30f00dd,e8fbc70b200081e94463550884076d3f18b5553003d8cb4d9b93971fe34555ce
e57fa31dce56d19ec0417b448392aaa4edc0afb506732eacf5bf37a21fc1df37,db5364400d370a2d75d4dc8cc7eb789d066c9282b18174deb71c4966badf0703
e5a4ff888a01b5cc29564626c534a92cd299589387ae7c1f0223f99fb3fa34a9,04424ea762ae48a1ea7e3e1a81dcccdf62ca45ea2b2b6aab2052abee43fcdccd
e5a9f6fc369dbeba9e27d6c05ee0b97491ad899d877f3748d06726c6fb843e90,dedfc0387610b0255dfea9f1542bf1f0a5562a13ec6c33de69b52d94ec280be6
e5e4b003c52d23a436a3b70d8ec2312ecc3442e9756bb55d876ba56a8e72199c,01f960eccb367379af66f4d7b5a946a71855b50c56ca8f6f7693b0c42ec2d7c8
e5fd91ba68753f982f886f0a6857ff7fd947e2f469cc70435228e79359e1e734,d724c57accab0525a40fbf583b3470a84f23e82f5e49b9760a84343cc600e376
e60447c411c84ed1a68408f6d61975e0a5a9b2d1fa978a28565f983bffa2f571,4cff9bc1212dac19ded9aee2bd73a7a349124bc0df1c5cbe2603356f21e29cab
e6458d163156b91eefb03e80edd90b7ade9e5f33a21a5c08a1fb58b69841c2e4,fe85a9082b597925feafdf4c479745a88729227395bfdbb755fe27e2e289c47d
e64e2ce6da013d09f9fc8706f9171bf8f9e365b5d0dbfe54e0bde682d5e1b783,8666c065d7c1f44ddad0dc181ef6bcbe09c68272d9ff68f3e29abb5eaeeaab14
e657c82b63b5c3e07c8336bce68f0c9da3510d53f4d6082e04032b44a49ece5a,f8c9008477816e96f7d4241448b849f16023826ea3614f9eb984593a110f11eb
e6745471535e07714a473ff289d9380b757218fdc0e6c376f79efcb60c83b094,1d3ebf1a80f8ad7f9ca06269a9bfecc4dc02a5749d5084220b234511286d15be
e6bdbb4d79797899ab5688708c3314187fd4e9e4da16dcba8d9c07a3c31fe2d9,a59a5f64bdd2ffb09e321196e880df9cff6b1077956045c7d6e46a0781fb9428
e6ccc6fefa510084b926d0c4ac2f9185e84080c06956058c4c3fa113e5985322,cb8a9e8a14671e20276629372977678ca8b8a547002919af316ed1df1618a3bf
e6feaeb2b946e6368c230a52601843c6b13f72c2cc2677ef90d6ff8c60be965c,18dc4dc0728f0c86f6266da67c7bd35114f7af12fc250d438525a1d785eac6ee
e713a297e2a5c2a9198a0f93cddad4279ddd4981b93ddb4491bef9a9590dedaf,845d97d550abfa5af78ef373121086b7eb64130db30532c4bb74420f687bbdcf
e750d0f5934f6be47d7cfd8764ce55c7c12eafa9aa9832d9b9976206bdc9e3a3,8677c12324cebf0f586e994103ab963772cfbbc72bb706e7e3a82f8eabb61bfa
e759ffc17f445e1fc61b012f7ca316c074d1b0c82208c3329ea1a11667142f33,4733210992d64f8b9533441c220fc6d15d5886339e1576d933d93583b27e85bb
e75e65c5b63f81ebbc417aa5afa8ab4a2d852a64ed783a80f333a231b283b860,d7d6aa384bd8446a31c1eff1a37d8792067882ff18c1300687dbeb9ca71765a7
e79e264482a48966bcc3b22bf9d655e93a09e709d199d1937d03e92ef4a80f5d,e75a5115d8d4dfb4e78226028f6ab059e1f138cee630759811ec1e861666f808
e7a0ca6e8f89b03d5123379c949b42cc487349a2dff22948af1533c5d4fce657,502b954564f5a0bfc5832366e9b5590e5c96165149bc51ea8899ef7e3e70d935
e7b2e6c6879c4ea4daf43770135356788f5ff150a8535c01b0a06768d925eac5,c84297d1c6faa28d2a11bad40c3db77a324d875679ea724c6e09d1e212f27736
e7b977a15242b09393d4716a8b9df054f5e8eb8d54df88201847b496ea4f231d,d99008353dcb22d68504c804821216292b165368fa36c5a411d8f7fa4b6ffeb5
e7ed4943e20aa6c0f2d4266c185302281a4be957e66e1c2dcb7bea3dd8a23df4,152d08320d2e884250e87407c457c06262fb5a2cb2912830d2a399e27f653097
e833faaae56d1cbba0c96540193add5394441783320403fe0cea356bdce8a807,1b3b926f97003ebcd103a7e814c25a6dc3c3b98e47bc1789601d701f168fc897
e835967582021a9e2332492426889b2749a8faf4f9a5023626be77a9801d91a9,ee148e4e52e7bba834aead7ca2e905f394a7b6e649229d7a6def8f84b310869e
e876e4d73f15ccee28e73c73666b7eb39bf61724d36fba42014fb411b7d644f8,a8af5e3fb02f600f8c8a2b9eede2c43adba51f349bb89cac63f4b6b1f226bf02
e8837f657399a10ef5f6424fbcbbf5ec309c48a3943f378f4afd2890e095e88b,1537a557f9d3688503cad515618662b3e187b48e9a90f606b142ac268a165474
e8a368a623b5b619a296b79f6a863b4180feeafe2eed9237032029984046f919,3149078f14ab6a40fcaeda6baccdadd1edb872df0c7301aac2ba951fb94ae015
e8a63b04d42df5f5ec53a34a89e6b5add505a503c6c0e97e73c7dc41ed693584,3472d92df0569f16305f261aeb88bb8301c8524d04ad57f7fbed2f2cf32b6293
e8d2566d9a6befc8834a84776c07f9bda66c65d188475b78d854f273222f6da9,ebfc2b4cc6872cdc29cc4f6eafeec854b19e9036bc5709e18262d1e5bc953d85
e8d98617518c65a03f6db8e76bec6ea595539592a5c692da9230a1d1fe38c437,a9f5ae96e4d9b34cbcb19d069393bcdf110b047d59ff9e2e24fd4e5a84015d72
e8db6fd368a1a1585e62eab049dba9d59b3f9eeac8ee62ee0c303395600b738e,b2cb7b6ceb713ad7f6bf6a0e923cacfd7ad01540b11c33f6cac36d7b41edbd3a
e8dd354e93a0ba36f02f56545fda8f68bcbcf79a9f48c06189344a501cd4b528,7f557cc12f0bebb9a56eee695fc95539d636050c1c6b82cd56ae1621680546a6
e911a8d7ee41fac2890a287d5e17805abfc0800c41f105a3534844d38bba4f76,5ba776b90f65c97fce7a01bfd08e07a7a1b433705d5cb12f9575cbe4803ebc72
e93c0c4c967ffcc47b485a79d574b9703c5306f9fa8d2e7fcad53d4fc9d1ed46,a2765a3d3f328cc38c23ba5827bb5b4be3f4580a20cd0d2c677c28b2afa848fa
e95ede85a046982b102f44def16677e55f3ad686d275c6e56622db855ed36582,ff5908a0f341ca206cb504cc4c81cb7523d90e9767984b284e044a82968a79be
e96f26e7d7921faf63e647c9aadf145d9802fe0c8ec5534cf4255c4747e29355,40c0254fb4c0d877aa32cd8054a49869231f1a199d0241c6d9ba9a0324780fdd
e9aa9772f4b0142ff5399aa56f8f0e95f2a5b604dda7bd01164901c1e223f055,8daa832f2bbc421b4c1e310a6617d5f967e16f12d5b88d4bf912c88126084e23
e9d3dfd440250f217aec4c08ff7701f2979498d3e1670d4981b04a00e82d3554,5cf889fae99ec7a9dad423f57b91db991594b6d5d837dfb72471382e4a2d3697
e9fe94ba8f580c3cdec351a54fe61f34a4627412d392f966b103187e957352be,8d64a3c9a5f7c62f445a34d774ec1ef3e8bc0912d79c0b212db94d3f82063190
ea0182702b9db17c83c7f44df86881a2a0a0e0a8649a0164940be3d59fd0756a,f03bce87a4f76b79a44f503194d165eab0a29de481ceb252c6ba5bff25542657
ea081e19c144cada08b579daedb0fe33689c2d4ca10a99d3b3df75e4734559ba,057128168519754fc7dbde24f9b1cbdd2132e9453ef2392c87a55687112d4a58
ea2092c7abac37e9ee2f0991205ef10d6b75ede0bd0d5539d585fdea4dc3c175,d33af34c3d67fbc4a0cb118318dbc05edb53018f38431f9ef5a8d60d0c1efc70
ea23218e2e7edd491c26be83d43c3a5f00886ecce91f587ffa6078322f4e2df2,09ca41635b38c52d297c3223187a880e4144a34ba1ab6f98da193e9b8b5c8863
ea81242320c93be340962d0b932cedb540d707ef6dcd9af7759673cab37f8669,cd14feb7ed799f0dfbe46254204cdb0f40ab78e74f255a5c45735f12acac1f59
ea893cb934063b11f68373358185e105865ab41cf1216a30155c0ee51402bb50,477ef528e741a7310b2b2f991cfd44afd4edd53fa81d1b0ce135bae2099066d5
ea9d11b2f5963eaa9896f268f534c8ca1bbdfe8d36804df33550d960a4d7d1bf,f90a254f0aea558a73851e9ed4f97e44ffceece5b42ce38d2c7f4c05c8a9efff
eaa678ca93fad66b48ffd684852485350b1c45788f008ef152d9d463ce758330,7c6756efc0629293b7be65c9b3d8f17da5a0b6d7dc1b4ff3622491fb1bd267ca
eaa96cb15bddf33612e7648c64770e9d350711d51c53932ef159e606b63ba9ab,9f3c781e42f551295e34565e03cbbd21c1a267636ec2f10de26464f768110d64
eab5e984627368435548ff3918f75ceef34bad9db5ee101e8de25307450741a2,36780fe71e1473b114c9794b72aaedf12669a3895fc52113ed776d0983315b55
ead0b27651c091a41b62acea3f62fd1f902e90e4511c4a37f81affa20ce35e06,9cdded3b04ac343e5e6f9bf0ed79fb88f6644e45ee1d563c391d9e6eaa748678
eae62654590a7edc2e2ea098c43a8fcb8173b3b9abcb90263237bab4378e1e0c,3725f4b7b5cbdb430f7c7b9885612d5dd938aebac3978b71d4f586ca42435e10
eb10119e6b2dab6e519e4bd6999b6c5d3da640f1533fc58a49f4142fd9ea9350,0fe9beb688a1a1ab0093a26c630a10e0cb2afc04e90dc4de70cda686130176c4
eb9f1b9b03168a878ce57bc3a1bbd3f4ef33cea763a1ac43ada82bee9ae4da6f,a40f0ae6355d99b3e443027a95e6e5617e2bb78e1756745b6ce9405f50777858
ebb188125c30f389f6b9ca9b75d4620d59e5bdb943ea2458c9bdc569956ca59c,047a6e600f0a7a9b4638ab526702f2858a84193dd7baec1e00b9e1e8481915aa
ec21d79c88924aeb09f13405360f546eab2ccf8385f7652267e90dee3b259687,394a9cf687a7cce36f6632209bb18744978a61a80f56bb4aefff5030c6731d28
ec43d21b911ec1a3ad1255ad173965fb7a55ea2a1373ee6faf86a96aa216b87e,ded1284d9e73b2c11e67f367a7f088ba4de36f7d416d8c2f4b4c6a002d9d50ed
ec48b1d7b22e73c211d55776b0092ce042cc4e67193938706dd7a089d555cccc,494202384b0c46f410dc54186bcd297d76163af797fc8b8e85d78f004d298923
ec5506f459bee24af49ac07c9c207be012e7e8ee2e269ee49983b958872942d1,e7a74563ad525fce1cdac177c79e7b9eabf48103bbad7ce6c05905fd7da33759
ec5dcb2453754677df03d39909a574471457a72c53bbfe22e602558214b98486,8496d69c3119466e7635a5e01ede87708f448769384102eae0f26d8ae539c0c2
ecb280d26c04e5951fca0d48ab49550ea1aca29cb5aeee4877e3124456c3eea2,d9cb651e1d2283e0c868130eb24eae53e703b74588abedfafde520a9f6c62883
ecd77d36ae3cafb4fcb571ea402e8c3d3afd6ccdd705c8cf0b8fac44f3bafec6,f49c1d0c25e9b4a678f21e9b8ef9941a5b0905d0e0a6ee7311a0f3e0f4336732
ecdf8fe8c1399b53e18bd7203ba7bbeb5aa5d5867304257ff485474d3ef96b42,3b0f4d4dda7b74413ca2ed2c0cd76014963382bb868be122cb0e907f38eb1294
ed089365b454ea5a87a1e809c823480618ae8ab982d621fc7732f6ecafb11135,8430570f3d1cb47f3cbda912bf0c8d117a6cb2b7f3e9d25e039f0ae00d68c844
ed5bf8c066b5473c552a581f8e8d63ace81083a25a04868101dc7f6b21d7e7fc,bc232149c86fc4ef3477aef420de1c83a7d7a47cd1d323be2121fab17aa9bcdd
eda58fc0cd8454917787c05309b75da38a052219eb5bae7047a2b763bc18bc59,7a4c2e7dc365ea032c26e4d523b70f7e69d37896d2aa6e92f67ca4bb124d6ff9
edaea69ed43315de78322339eef7a1a4394e85ef6d04a9f9c57bd3c21896a0ce,1637c0ddc70b793c39260f8924e1c7d7b4ea298e7312275d08656c7db1b44c1e
edb4a4c4f6cb93e6f2bc3a82d1f7004a843d736265b12788a2de957b29644e9a,7ad5bdfa3fdf1d6742f0849de34c541b08087b96c6b796bd47daae894ace3fb3
edbba81fc08dfac57d98332d27950e1bf0cbe4ee4fa989dc2ee0c1eba87bf1d5,37bcd3f4c714925ef6ddb74b71654769b8ef6951069ce9d3d23026a84288414c
edc19182c61e78a102e1059e36b360b08dca72be0c29647716bb68a56a1a3079,9235e3bc4f5d001a9559aa9008f3e69d14ebfa85a0ae90f391d76b66f7acd6f6
ede864b4944d09b651b5dfcb7474765c3fa9f03b07cc8cde8d8cc2eff58392d7,213fbe9abc1183a24c4f1dc50d3d9ad3d366371d732749b71990fd9998fa070f
ee568c1d81b98809b36d6874f23c628606df7e90bb409d7fb7cfae46ce8f4131,66c708b8f2144640e6ee681e28e1f4e0fc10449e6ef9c54eb80237b17e2e418b
ee575aed2a078240fd4d29f6ad81a5f87999017cbdfc1da5f0b0a9a22a0e0e8b,bb8edf7c2defe68c6eb2f89109eda6e0bb9fbdbe4b924a2f296d3cf0794abd35
ee8c07ef44fe7b1bc38fb862cfc6bd5bfaff28142707671e816ea5a53c152502,0207bc246894ddb3276afacbb4d0bca791c30b495e692f46915a9e0ca4140bb7
ee9abdfe8433c06990191913ebe9912bee7a66364ea87ae4dd01bcaa41144d0c,afbbe346204aa66d51b046b2495a2983d6b39ef52442ad61bd971926e89c7d91
eeb093caf9aa521c207ecfdf286479cfa132c7b43e182098662bee8a4d02f6e1,6ea1106951f4bf57a072f51cdb1f531e071bd4ab7af750ec6358f5a1169efd07
eeb95b3b50f1319c031ae5ef9c3a7f1e3d8a82a389b7d5da0616e268e7ada795,55121b550743d7e0fb69694879ff4b7bd449852ec25ef01e7e3f0d3be3918908
eebd2a8857f8de6c04402388f26cc00ad28f9dd0c860a7e6f1920c5aa2c6e4c9,10a601b8ad28488bf78867c4fb3ab34cb726e6986b936f3cfe2746ef6edd75fc
eebd6164816aa50efd649fe20017fca7d84e5229a29d60579256f85514c2e7aa,29d6bf08106244bb3739998a6ef40443531002e8a79e757f689aadd3e10d4b94
eec91df556c0cd900032130a234660ff8b8e94cb0f00587aa7ced0277765ad3c,7fbb74de6295ad3eec89d0f409a1b237a67f6f429569abf44a456be965118f95
eed34e428271773c45aa7520c5a52aa4b61a8fd1c1a4884c0cb63bf884524632,6493b126cbc06230d9b65291ca722f6dc75fd2562971252c02f817e077d8d898
eedba4a9f000ef4fdcdb9caa740278fcc99ebac1c27d538b849b8d0574afe7ae,41f7f8f2584fd18a02b5913df4d82cfc507f1f347cfc057943962905ec1802ad
eef2181dd1ba4e76cbdf043f1d070959ffbb15e3ab7edfdaa2241d9e06ce418c,d64d523b26517be55a22f3fede9d3c8ba0c435143b44f7690c33ef87ce595a88
eef8137730dc2d7acd9546dab8d1c41631553ef393e65e5e3b068f7867dd558f,c51932bd1d80f6a0c158326b3808d338033a8818ea3a7968d7e39c0054a36ac9
eefbd8a50ddb1a24ca29cabfad7a24f12dbec78b3f3654131cec28ff4c94a048,1c3dc7b76ed5b9a84a2c2f56d7c94012ee29fe4e2646fe191347228f6a0c1677
ef4a8bdd95d61cd25487d4a740c815e177b8e4c99b6ed6791bdd3535c26a66e1,64bd7b805e301589d5b6021a6a5a60814c8fac56a9113fd87ab0b3c53b4d296a
ef6cf52097d50976543962bd9c65c988f4a5561b595041a5cfa37ef0100c1e81,b86ca0969124a7c3fa8cca51b07e68e6233cdada1d72397d911cf60f28b7bf64
ef8b879fa61223acf64fe05831561789921fa20613880699d237584beba3b7e9,52f92cf10b394dd2e595436a7694f0e1300925aa73666d4adef8232bebb22239
ef9ab9d3f3ecc7738f53db58f4a42352808c4bcebeb98752ac41c6214b56cee2,b8435ea44632e92cf3c2d07253c9eb7d1365e7619d9dfb7b182578f4710f73d6
ef9d942ffbf8b41078eb5f1b224a3efc607c98d757b219f970e15ed12bd018be,e0e3fc9904757372b24aae1eab6046975c5acc5ec9818ee5ba543a4fff29c07b
efad79c7444cc3bc335561181b53ded9152d2de81f8191982324d97b98d5696c,7e13ad46e7e44164f5d5a27f4f09e9167756aea1cb2c4bfb8d0ad6f6614a7f6b
efdb408dc0b228285e1244885145fc078f74f3cb7f54e7261c6e216fac3397d8,cff046faa3995d98ab93b8d6df29155d462e4c5be9073c7108f7f047859641bd
f0101399ae47838ff6aa60f6e9be1b50173e8d466b79dc67a9c83e351010c2a0,c5d210178b6186051bb75e6b79701437d8d067edf974251e93940cc5ff60388a
f08ad856dd00104f4d1a4e931dc38877b9345f0a4300825dad2f4343c10cec07,b2bf6c5b438c8aa323188a93e5ff1158c990a6ac6a0286bf747c7a71c0ac61e2
f0dc47800c839ff4bedcb5c4b491074d2bfeeab14538f582c44dc2f3c4ea33ce,ccaf785a439edcc896314149207692ff4e73573247043c67efd570be310a1b6a
f12f22af40880c6b441d9b85d6af48d6ed9bb233d64fcf3c09b7ea81a85bc880,44cd6d9a64e3988fc4d8de66e5a004f998853b54c4d5bde5075581a6b3b34aa9
f156c190935f58744fdb693411ca0b28b0e8baad3064fbd6a892ad1f40790265,f430b303ae3f1dd1e394b239d5d1b96f2c6e69c24e12fc2fa6a1e534a32d24e1
f16503ffd9f9200fba1856808e2d482a58fd1007da78e2d7c13685a4df2a9f4f,0255929329d9f98a2225e1708363842f28a3ab6a62ad5888a45d04d11eb56343
f17cbe07b48ccc605b4f296dc72437a9e17f15ddbc172b1d41aacb6a05117189,ada543ce2ce8b171f171d548ec41541c8ca8ac87f352d4ca4da8ee11985220fa
f1a8905519cd951ba43c88ef5fc68f68cc377f7661ef68f5f3320a024c97befe,cb9841b161684f7ca1f2e015893fb314f2e334b9fb445b68393d98e88d0754df
f1c4fd213a590793474e11e1e5127c2946744f9d93b55e5b8517026245b20834,8f4f6885086ede6f50ecfde66af571f66345ff1c66687b541a049081e2adfe55
f1d54fc5e11c5aa9b4481264b4a61e8dc8096e1da0ef5246545f986c496b179b,e67275eb21abfb936cb229fcc8c90e46fca3bfa79041ed851e18c60d5f3f2488
f22b23a944f43ce180042f1da2a5b3e385d85a85a76096ab0bbe3065271c8117,37b66b42c567807cfb08a60d3f7a7d7840bc1c68f42117a8c9350eb743ed4efe
f22e426edf6a93d3ee02f11780b1e0d908353da6679e253f3edafb11014b8614,1cfacf986f3a22f9e347c8eb84e2979441294c5b7fb9a5338c6026383edcbc16
f25e270ba5a0567873836dce6d6916b3bce1db4a79617b1b346d9131902aafa1,98067fae415d5283310332a9c6721a1189ede6ad7d383bed3c86f4ebc5109dc4
f2c88aaa320927f9ad859b16f55d86e2ea3495cc4c2ad921a4bb3b50e2927998,8217c34d61ce51eed5d0b0f65a2ff9b4a9406cb97c4a3f61c1533fe58df04016
f2d1fc0e26da8e57730e36478954307dcb72fa65db4d3cf39847c5cee037ded0,dd366dd3d00635714788e1ee40fe7cef3fe046b4971528e173dfeb9bf93f0121
f2e6901391b1efce64061396fbd415f2a3bd728526cce9a2f9c08ff8625fddaf,58821ccf5c1ecde51b1aee58b7ab58c16b12d4a5965f3a09d8c02f9c47035040
f2fccffa37fbefd11f2627658aa19a1046351efc4ad830435971c65ef4fc9aad,40b99fb639e7f549a5fdb7d6d44db3d5ab8bf95f9b4c3426f9b0fd5bf8f8e0f5
f30a6eef4863b51b1a599749761678e4ea015313360978095ea7cdb77dba496c,1c1cc4abc307e0b4f196230ef48c4b7271e0d518eb51d55a6808e9ab26d63631
f33a364bb7392ec1c9000b940f50804f7a4c2d4eb74ef9d601f93aa9272cec15,6bffb4e69dd7edf17b319c915ba143acb757212253e814a22aad955fd458c33e
f352c1c36e46319797041d8a0f06014e0b14547ef18ce79fd4857bf6e07f2ee3,3ef6e99cbe8e3d041aba511800ccf882e94888315f40407e4060b74af677bbb0
f3555fcdf20aef05c632577cdbc2b46306b3bcf59e94ffc41ba3f361c2f342c4,d484d70ee2ff66a5d7399991bfdd89e59398d4321c200a5402d1c30b60c2948f
f3a6b8c9e73ecfe2e5f935044d930bac06591b30eff5b90d0747970a3a336862,af719342a2c52cb0aaa29e3662465b60c0e7b02f067ed13607a0ee4003df27cd
f3c98aafd75c25a1ddf35ac4430e2232e3a4ca17da4855f07865c8912b5c0f22,7e2bcbdbc3a769cb5bf38781f25adc979ca21d986e311d2a69c53beadef84715
f3e4b5a4d38ddf157f25a13d7ec8009c6c70457da448520f64740d17f9f1df2d,c34b48c442b84cd246f86583fbd6aea2bb7eb75e08ce60626f4bfad242390364
f42c6f91a7fc4236bec44535c69bb13286bce7091e438c1afee0b82fd15a4575,8bc3c5ac01168aca83b75c54c95a7b8ad68121c1b7ca05da282a120bdec2bf1d
f46700aa9ea2e77712ff1decf2d0e8d001123a626374bcc231fc2ed2658e6b8b,ea66119bf6ba7cce2fd9b112df952f14ebc6396972727e50f245c355b4ab5be4
f47e83171e6a6273ffee78795668a266a7d27452260169f105b22ca6c1e24e4d,37044769cf438dcb74a66446a72ea985bc3a43353889cc27fecee4da6d4b6803
f4855ff5a5b89fc2de43dc800dabb8ee99efb579f4addbb51438dd6f7e1183dd,14b088e5231392b4c23ea08e4c573c827206a33991624c0ee5984d9bc1dab2e9
f495e33ebf56579af8b59c178f5155c75121df6fc303fcc6a82559dcee1bc3cf,9004c140ef41aba728329f7fa2022c7da71222aac18a9c667da87fa22f71c62e
f49e797aa41a0a76bd836f18b06193efce407dd745228c1e2cd296e9cebe3fbb,e02a7bc001a479b89e59aac6b5f451a14c0fef4825340a536426229591e9692d
f4a9f15bbf691f74f19888712860c2c57bf88fffcc51e37fd5847f656c5fcea8,5b52df9d620df89383e9e45bc5995dcffb8f33c403a929a1695130302ed7df27
f4c6cd9d1124664f98abf8b86b1ba46c8a673e09b22b893a6324c097dcffbf92,0df08d91a801cec971aba1258fe646c4dcd88da942bb79dcca59e8e7227e29da
f50eb1e7eaca81bb320b80312167123aad57b7bc762d83f68bb3b7e836f807bd,935c1f80905e7b7c3b220884f891c44be79af49db23fe7a68138fce2dfdb7861
f51a51391e16e0189af601080f07cbd1c20faf6562b4b1848c61c0b68defc384,5cb8b36cc10f9e424e1cd49ab25087023201ee6de60f18dae8125a2059ea7f13
f54fd74978a53e95d47f51f3081b1e03277f9e72dfeaaec65736c2d30063a49a,4d542888db5694a91e5e354aad622a82ce7780b7f750aacd0a6ede54b3ccbfc4
f57a0e98731649786a844f20f3b260eefb7de2a70974cfb013256e4cfb4195f3,c039c170c99fac56d1f2826dc69fe51e7b5b4daf5e2a1910c88eee00785a3c28
f57ff98e52fe1f1018d0a68b7658503dc78ca23532958269ab0c16c238b35236,a42f5c84cb966480863e6c61dd6f755e822cfc5e43748b1da4cc88f901c89f1c
f5a1d80d34897144da4bbb14da7da062e03743a44863abd9f5a00906de0bfc5d,eb7455553c6b82808b6285fa5367e6d3cd98e75828e4a6f2038baa34b4db8d06
f5c53d2209aea1486454ed9e2c3086a0d56bc757a0fd509958795bd33664bfb4,37540963a6b35984c2a557af7a3f2b883db7db8ad8dc0e2e510bba60f3f69834
f5d059838a980de712e02bb2e7c613c7d4c53538f75bd2ea63bf32cd7abcdb9a,39d6c389aed8a5cba89de8cab4d345a6e86808dc16ee06e7a54e8e075e55aa4b
f655f5ea777538bc3d1d51dc3d6cc27152d39fbfffd1d569f17067147c0d034e,d115f193994d049228411faf9632363490832bb1a07690c355fbec44ccca8858
f675b239f19e33ada332c9d2f6be546b3c72cfba2262875884bba92b82716787,fb91e5c9122bd48d79ef10c9737c4add1309f549ec49571aae12937d2db4ef58
f6b5311f79ca739617dab78fc54bf3ad75891feac7672c95e50d313805384755,366ba85dc1fefac4614108100600f3ac9be6dd172b4480083f4803a2ed55a1a0
f75862721ce4f57f4f83ecf92b9cac7a80830895c1db8a75f05197de692da7a0,c5dd1ba9c44962ebefeebe28428a14ea4b854207a2c6a4c8b40e2da6e20c6b52
f78019dbc30fead105de4499013565d425446887c851dce0ddb83c90e396d43c,4875049e209585c208a29d08a5d54f8a6ed04b3efa5442085b6ce4e72fff2ee6
f78dccf6c057f7044c2d0661817c32099411fe42227f6b4746ac7dd92fe2f9e5,244dc7d461bfd5f42c1b5db584e68fdd15d2cc2a55eaa96da40b21c2ee94c465
f7bec9cd24db0b36a9abe03f4fffd59ea88803941ae2141a818fc53bef286099,32d2fe748e22b46c46d62384a80cf535b8d0a230335c2fe84b60b98c950bbc7a
f7bfec002744d6a7090d4587b5f5d0bc757f41b3ce23b31541497e7333281cee,949fbd856740bd121bbe6e1f23e0087f03462b21df764f261e9b77488a7c709d
f835915d2104da78268d77ed6c8e4d3b27d40793088b2ef6fb8ab0efbdf23139,446f3c63b90750f24f1c66554d86d97d7ae62dc6f3190740be3e94f9d5d0e205
f851711ffc26f2b7411d378284eb3e78fc5882e3d90835612de97600df1cadb9,0f857e35916c2fb181a5c431b7a32d510baee9054f8fe18fd1197a3b19156250
f854208fe1a57cc5317572976a0b7e57ac08a170c3b976891050bad44c944d41,0b8e00edcc353f761c90ab0908f2cf4cfc46e03da25d18511edc9ef02a05a849
f8589f24dc11809a80e7c3769b499f208fd7d3727c240edcea0290919a438cd8,cadec58333ffe6802d001580cab4211c9dfa5a846fa9d03a3aa75e3e40ef432f
f8a9466b2ea21b4277bb3fd87b207119b9abb7b6bc015f81ea9e9c10fe3004e0,69a1cba7d5e7e1367ab6cb50b4520f2acba8019332e8dc9d5bf7d70ced407120
f8cd37b51ec2c0c21de312b4727b4b401f5dad116d1596d0d526910cf5ef9641,32d6272ab7ae4c478af7b5bf51bbfab77cd9576a0290e4a4ab9f7c9ac02c1fd6
f8e6b48dcdc825296de9c3f417ecc53e1f127574254fe6d3f0282442d1d2c290,30dc10d525d49315bd22588c6e38bb5607f4b4aada8c4c9171e6f206db2b208b
f8f2be9e2561c346bfab943c83a1cefd70aab4dff401d3ad114386f951567f83,4d9cf3cd62cdfd5ceee83403ba58c91b31f3350bd1a6af1e99800381bc9a404e
f8f6378683b67403aed9878e5066b907fe4e75be0cdb237ddea326ae7660dbb7,63dbadee2c36b23cfb219b32c77d53d619e810bf3b2b4c2f1c4afba6647814a1
f8f767d88f238cb45b33692cc6d6b543aafdca4f6493f7ab3710463b6d1f3c53,192e412cb74aa919137e3edfdbcc478d05679a60a29184f67e62e5f2347985e6
f930c1988802854802388be7371502daf248596ecc731667a37f8ebe792eb9c7,204da7f57956bb25c48bbd1ad31d41d00ca7b003c305d330da13575dbb5607d1
f93aad247b46e78d149a63875af3a7fea3e752ad24c55db663a6bd7c7ded0d46,9b97eb55d9363167779563ca24a853b5edf0611de58bf857846f9e6693b02d3c
f9514b91b6c46bc937ca87179605f552f4557a40951380bf2bb0039a2b02b9ee,01ea0dc07616e31919cf3a9d064edfc8d30c63fd06e924e6760b46f02027ad1c
f952f4376e76c6d4f0216fda046b4500c4385963297e1831c9d50b9e1774499f,1bd7e4a11eef1c877a1b108b1da6889971584541049146d4e487bfe6986e93d7
f96164a409b5046eaeaa5a8e3d91dd4adccd1b6eed5d717acadc4685a366ac86,3b5af152fc32e9fbcd8b540403a2b07a1c467061fdfae5323db841446ace4eaf
f96f431a0f86959af5c4fd9a2c5ed2627ef9c3b085bb288e7491f20ed7f12304,ac61e962cdf2511fa9d749eafd068ff3c42f72fd3a164f8d8ca570d28fca205f
f989c0eebe39bcdabcd9f572a04a57bc2acabffd56621cc42141e594e1460dbe,32d24029ac8f6950c24c5c491743b34c023f4165bca658473bd8eb1a5dc98329
f9915034cb50402c875035cd94d83f4a2a7884742d49f5d25d1364e5a1be0eda,0debe783ea5ea8a634a52114518f6dba4eef599b5752452b6677820fea64e495
f9de9828193cd1bd7b98de8aa1d5f02548b4419f40284c889a9b758fdaab46a2,e9ae54da050beb0f21103af291c1b55d03f6a39d1b769b23f06975fe3f061a27
f9e39b3015cb4560ab2f440844f070694d365131b32b8d21dede743e25ce4620,028385894e20b3db260cc5f1d677949006d876d29bf9efd1b5a0277c4fbf2a33
f9edf47be6ddda61aab09f36d8e19189802d92557e4d97e16b4dcbdddb74696b,fcb643c56a03433b46175c247031f698ca48784ade2b967bd010f05afe2b6d5c
fa181a86b1f2cedadd3f89ef6990f274198cbabf99fe0b87e4c0321b7727ba43,a9c34e0d5512fc6bb00127a6e504162106f744fffbc9aabe625cd464a87509c4
fa476b4cfed8cdcce018b19e1c4507933902365b96742b21ccf678cea203aff9,01cdec8adf530f52429006ca51f7b17cad0e7e9ce3462cb17efc5030eb0eeb38
fa66d5c08e1d953497e02fcb2995b45d97f81d7287eb12acf925e68e16af8fc4,2499eb29c8fb697c209361ea088254a7139e4a7dbb12e5b78eb696467d421ab2
fa73409a1aa5f211dd375331286783118ea02682b8282e2a8f9a300a51246610,5697d0d762228aaa9926edc83e41adb36f6e0d8722770ab971c12766b6b8ad81
fac9195fa6c84e35ec263e6f869a0693da5946165ede5f72100df3de99ba61c2,d3c783db24b593a02ab6b46f8a2cb2d4f08067ca60dba1aac10c37aeb9e393c8
facd368f58d8e9ed05c621e1408ea0aaa2fa9f46d048703017149355410e9f82,f26a3604d24dd1920db52ad7e6c04536d7c9c00578ca5db49a37c1c182849624
fad7fd9264772479c1d257892bd80d57f93dd83c03e07319c9746577f4a8a178,a1a755eaddee26ee1df961b086f678f83dfc9b133efb16826c91fde0ec629728
faf8326fd77535089714c926b2bda687c937e895ea8bdc1dbc23659095dcc449,37fdafc073e3a6b8d23c178f57e548234f163d77e526f09ace79f9456104e5f5
faf96597396ba6b61de133151d01289c38a815cb648dbbb7be63a979a8ae3213,6a843e379b0f8f15e23b3896369928248095bced5dff21dd517e4b13ac1ad0fe
fb39e60c6ab7e7501fb999f4398a5840cb459da41cc6e475819a5c90c8353757,a45dae46d07de3bc405da64c220b0266c73630c4b12b264c9e84243a2a92743b
fb9b28aaad5d4604855d64689a6fe109d52ad0cfb969726e97abcab0e33fe204,4a8002f65078a6196dc58133390198fe42da4768de3e018aa8356c5af19f9a2f
fbfb6334452240961ebd9832d2eecc833b5860465a767a42e933440c000d03b9,58fb084b8e9a26aaf058632677a7ff641c896adb2be5a26e9b0eaadd13e90ae4
fc412998a20820155f48ca0f191194c7673ae0302a0738701077fe6969630638,70ab00657fd8e18bbe58e1dab37367ab9f63c83dfb1a4ab51b2ecfde26de7cb7
fc46d73e6d1a7da85f9fb65b390055bf7162e3ce113c302cdcd41f6452cf02d9,76b4624ab9f66299b5c95a348eda40eb3f30392220bb772d337e5cc2e65fe045
fc4e2f0a0d5730724c2b5668d926305aaff7c109d5905987d2208588211be45c,3d932e876fc595818d9fcb1fae4f4592d8f6293a6bfc5c9eb7a9c8f0db6ddca5
fc513d91b477a6209b9d016706e2269c03cf1daa001fa164ea6ec0663d5c0347,f349f169cf8fcbf6b4cbb98e4231c3ef551bf1536e12d69e0c8f11f4f90e1d53
fc5e081cf5efba690b72c593287c4019b142d2d39c359a92f7632bf631bd8a82,25e83c2f5b3cf7e5d1ea21fe6731eaefb833b3a52ad8146e2e68ebced0212ecf
fc5ede89b7942f16319e14698571a7c4d4f26b3b898f64499a9058153e9f671f,ac6225bab6ab9c4d656b0b114e55971e404588fa9e52930c588874d9eea1e744
fc699a1e70989ff95193137ecb728082068a8758f77a5d896d08ece7c7fdff19,99541114f2cab898576b77ee7dbb88f1371283fc659e9d56954ba63640e6882b
fcabe0bd7d71fe0341773df3dc4228be046ce74a3b34f7938e23e4c39d6d328f,68bd61a1a9b72e7992f44586f3265774f1fa7add7652eb01490b9b73d6ec7829
fcd7cf88d32e1ab886937a6e4d13374ec2f26052a37f971473ff4b4b75d7a857,c8cfc8c635edbdcbc2ce376c21a5f2b579dbfa9d46a06d7ab88931e41033dd2d
fd360f61bd63ecfb0c1c4149217954d21f5213457dcf71b1343a21b90feb5598,5ab65a3ab500c977a4f92d9a13bd2fc312eb61423c771066553b79c7fc860e09
fd5fe4fccaf04dec47f720db5eceec702f37988b62ef32b5331f7409058d2464,bd860c37ff08c761b7b2c052417db2563ef4a8e80751b8b3c0af6e1d4003c553
fd62a9342fe48ea48e5c24a90f0569f53c61e56e0a972788f5b1573202228d32,769a4a2548c1f42932d363118f712179bd2477cb63143c6b2ab0e4ea752c6a53
fd69d7243f2a29b1ab60af0a9f63b2ac992c3a2ebe831a9229b28c4d8e763a2a,2503e9ed07ec67b3418bd6eddef5a1f591915b9b2a65cb565a07dbd465906022
fda9e6f862f60af109f701df6abe0462283991c25138c4123ead7f1e8d19daab,b755e57692fd31cbbfbc5745f748b0c302515c397d093a7e1e5b489a8b0ac586
fdd1a01c3e7d11b7e5601f401d0d7658d9495d4ada0bfc70ff2bd84f5894bfce,adf7e9025185454bf7b331b3927e7e4bf4f175cb7ee5210372e8d20fd9f0b470
fdd2a9bf9da4c68d86898bd5f199c7708cf6bb1944dd19dca4c4badae1fbf5bb,bf652f9fa1289f398ba241b27da45a0431a93f1829eaec63f8ca6d1299cc88dc
fdfab533d82787705850fdba0a19aec066fbd62d52c691bb738b6d54f9bf2f6f,577dd88053a0a90abb53452e8f4bdcac68f35db23163e3ae5cd306b7cdd6dc6d
fe13c1c3c78d4558b2076d35a9fbf3e6790d3ec0437b6e6f84c1abf0cddef85d,8f1e871a248a59751196ba3b40daad9f57d1742b8805d502698757d9124191a6
fe8786e18579b52c3c2d992aee48ef7a5742e768923750eb4d6d0805db06005f,fcd2a17af1005c5e1344e4bc0bb5a52cb408ba4709ba3ae1d736deb61204f0e7
fed39852e82d4b9b102c45ddca4182704c323668f8a619325dcfa70156c9cb17,1bed1469871d2c41477b8eba7c6638bec01a2f6f89ac05385e13e95d097eb81e
fed5b9931551a9035d36d635b083801b504ecb2e5b1a854d4ba7121ef72b03ab,7bd5ae9678357dc4e4feaa291b81351a8601dc79e2e8abbc7fabd1fa7df984e2
ff2902eee8aae7210d0ecbc0d7e59dac46c5933e543d68c4c4439305f19daebd,d2cb5dae60dfda75f276a5828edadff4ff82ff24fbf6db7d04a91d421dabcdeb
ff2fd4812d20ba9873ff1351b7fa27f98273e6586af521af8a3746d2ac62be5b,5051b3f4a7187f3dc6ee7867459da48ce7d23a5a3528c1025fe8fd1d07d54acd
ff4760599f5026a1c018affcbec9e436d7831fac71066aebe9eb2794880156a4,db5988e3644620c8165d50720fca9ccc996e9b9e47f543f5d17505c95069e219
ff68d4a7632adf1d56a44735e7b49ff4c7a62c7fef7e6cd8fd5f918eea72efc0,b04c46672704a93e0dc83a1c1a5354c1260cb8f9b14c5243ea65ef6dbb75e414
ff73ffa509f2dbf5ffe02b2b4afaaede8a1e61c466e9cb25f90c9205878479ff,4fccb234f85e24ab953f8eb008d86d6a78533231538c103db019cc495b01954b
ff8e8b4b92d2ebf51d8cd260c916d9f0476cd5e054ce995fdc9a6a371542ebe6,a06b5eb4207deff7f55fc61e101ffb59f8be5fd0af0b65906cf9a9837e891d89
ff95421250bf1cf41097f15a0ef3452e3cdeb4c472a1e328cf5fa044af292a32,0a09b3a4d9b0159a8b7fc54c429157423ac8ab45b2d68c612c348b0014b15026
ffe150683cbd3d7e599521f33fbb8f437345aa7bfa594fc6514328c935909c50,4b9358bf622afcc3206708d3be93c38b5060972961dcaa3de1b15cff8f4c3f4f
ffe708d80304236f1f6ef51700a057090ebd2ed09d1dfd8f91e3869e8a26dba2,de8c92cf1e52108fc614872a1775ccb048d3dfd9677592084e43e2cda97ab766
