dataset,tag,qr,seed,spec_hash,status,exit_code,entrance_version,mean_speed,speed_count,mean_density,inflow_ped,outflow_ped,flow_ratio,ped_planned_window,ped_cohort_observed_by_end,ped_fcd_first_window,ped_never_observed,ped_stock_100,ped_stock_339,robot_planned_window,robot_cohort_observed_by_end,robot_fcd_first_window,robot_never_observed,robot_stock_100,robot_stock_339,count_caveat,wall_seconds,peak_sumo_rss_bytes
Development,DC-063|qp35.3,0,10001,bd45ec864a74c39a9255e4dfc73413dc0535e6802629f872d1725f819cd9440c,COMPLETED_DIAGNOSTIC,0,historical,1.1481329290672642,25066,0.2664328231292541,142,139,0.9788732394366196,142,142,142,0,24,26,0,0,0,0,0,0,"FCD first observation is presence, not verified JuPedSim insertion; saved timestamps use the actual engine output step despite the requested 1-second device period. See per-agent first-position-update audit. Schedule inferred from deterministic personFlow.",5.75,21983232
Development,DC-063|qp35.3,0,10000,5d3335e73ef8ec306b1b0fa150aac914fb9fc72fc19f462f6e4213e52d2e0602,COMPLETED_DIAGNOSTIC,0,historical,1.1584474327627996,24540,0.2608418367346961,142,141,0.9929577464788732,142,142,142,0,27,26,0,0,0,0,0,0,"FCD first observation is presence, not verified JuPedSim insertion; saved timestamps use the actual engine output step despite the requested 1-second device period. See per-agent first-position-update audit. Schedule inferred from deterministic personFlow.",5.765000000130385,22089728
Development,DC-063|qp35.3,0,10002,4f6aa55efd9e6cb3c1deb03bcee60f110dee783dd0d8647de1f98f527a5f1447,COMPLETED_DIAGNOSTIC,0,historical,1.1388846184642447,24978,0.2654974489795935,142,142,1.0,142,142,142,0,29,28,0,0,0,0,0,0,"FCD first observation is presence, not verified JuPedSim insertion; saved timestamps use the actual engine output step despite the requested 1-second device period. See per-agent first-position-update audit. Schedule inferred from deterministic personFlow.",5.780999999959022,22089728
Development,DC-063|qp35.3,0,10003,69d96d3dcd191071de43baf246f7e7a49b9629d361110cd6536b956dfbd48813,COMPLETED_DIAGNOSTIC,0,historical,1.134971093750026,25600,0.2721088435374176,142,140,0.9859154929577464,142,142,142,0,24,25,0,0,0,0,0,0,"FCD first observation is presence, not verified JuPedSim insertion; saved timestamps use the actual engine output step despite the requested 1-second device period. See per-agent first-position-update audit. Schedule inferred from deterministic personFlow.",5.780999999959022,21995520
Development,DC-063|qp35.3,0,10007,d7942a84c3c61531f0f0544d32bfa150769d5d9145b256fcce742b420e27c63e,COMPLETED_DIAGNOSTIC,0,historical,1.1388331546129855,25179,0.2676339285714301,142,141,0.9929577464788732,142,142,142,0,25,24,0,0,0,0,0,0,"FCD first observation is presence, not verified JuPedSim insertion; saved timestamps use the actual engine output step despite the requested 1-second device period. See per-agent first-position-update audit. Schedule inferred from deterministic personFlow.",5.219000000040978,22011904
Development,DC-063|qp35.3,0,10004,dc04dfab6ef7713399ca4c3056befbdb0e56d46a93d5773b2afc4e5b8909c590,COMPLETED_DIAGNOSTIC,0,historical,1.1309021816177558,25394,0.269919217687078,142,141,0.9929577464788732,142,142,142,0,27,27,0,0,0,0,0,0,"FCD first observation is presence, not verified JuPedSim insertion; saved timestamps use the actual engine output step despite the requested 1-second device period. See per-agent first-position-update audit. Schedule inferred from deterministic personFlow.",5.312000000150874,22028288
Development,DC-063|qp35.3,0,10006,ddadd9ce2630d3c78638df7a02b7d3bb162593cc4eebc6103c71dd463b0e64db,COMPLETED_DIAGNOSTIC,0,historical,1.1212176297747662,25525,0.2713116496598651,142,140,0.9859154929577464,142,142,142,0,26,27,0,0,0,0,0,0,"FCD first observation is presence, not verified JuPedSim insertion; saved timestamps use the actual engine output step despite the requested 1-second device period. See per-agent first-position-update audit. Schedule inferred from deterministic personFlow.",5.437000000150874,22114304
Development,DC-063|qp35.3,0,10005,4afdb38b91bebf2904f28d5247a3749b2d400db2ac1162493ace7762b76b0550,COMPLETED_DIAGNOSTIC,0,historical,1.1186653177166397,25699,0.2731611394557842,142,142,1.0,142,142,142,0,25,24,0,0,0,0,0,0,"FCD first observation is presence, not verified JuPedSim insertion; saved timestamps use the actual engine output step despite the requested 1-second device period. See per-agent first-position-update audit. Schedule inferred from deterministic personFlow.",5.437000000150874,22011904
Development,DC-063|qp35.3,0,10009,42546c07b940e2c37d28735ecbccb34ab2147b013996863aea6fe3c86e243319,COMPLETED_DIAGNOSTIC,0,historical,1.125166718847879,25552,0.2715986394557843,142,139,0.9788732394366196,142,142,142,0,24,26,0,0,0,0,0,0,"FCD first observation is presence, not verified JuPedSim insertion; saved timestamps use the actual engine output step despite the requested 1-second device period. See per-agent first-position-update audit. Schedule inferred from deterministic personFlow.",5.094000000040978,22056960
Development,DC-063|qp35.3,0,10011,a8bc8583b1abde730a7d2839e835300a98ff4b324aaffea1fd7566c9c35ab9c8,COMPLETED_DIAGNOSTIC,0,historical,1.1759538024458236,24287,0.2581526360544235,142,144,1.0140845070422535,142,142,142,0,27,24,0,0,0,0,0,0,"FCD first observation is presence, not verified JuPedSim insertion; saved timestamps use the actual engine output step despite the requested 1-second device period. See per-agent first-position-update audit. Schedule inferred from deterministic personFlow.",5.187999999849126,21999616
Development,DC-063|qp35.3,0,10008,ed05a32605bbf93e21c0d209c3b8f8018550564fd57a33ed04c230993a3a8a2a,COMPLETED_DIAGNOSTIC,0,historical,1.1443375507280416,25134,0.2671556122449003,142,143,1.0070422535211268,142,142,142,0,27,24,0,0,0,0,0,0,"FCD first observation is presence, not verified JuPedSim insertion; saved timestamps use the actual engine output step despite the requested 1-second device period. See per-agent first-position-update audit. Schedule inferred from deterministic personFlow.",5.233999999938533,22212608
Development,DC-063|qp35.3,0,10010,cef08cfdca5b6122bad8d8a72fbf51c17171dc07e85a43f4a4a18df1fa6ab582,COMPLETED_DIAGNOSTIC,0,historical,1.1403583691834178,25337,0.2693133503401377,142,137,0.9647887323943662,142,142,142,0,25,29,0,0,0,0,0,0,"FCD first observation is presence, not verified JuPedSim insertion; saved timestamps use the actual engine output step despite the requested 1-second device period. See per-agent first-position-update audit. Schedule inferred from deterministic personFlow.",5.219000000040978,22036480
Development,DC-063|qp35.3,0,10012,e9f78f740e201a64d8ccc0b55ea66bcc76e044fd8e9fe88460d6e96e49ef8e34,COMPLETED_DIAGNOSTIC,0,historical,1.1445638579331967,24946,0.2651573129251718,142,140,0.9859154929577464,142,142,142,0,25,26,0,0,0,0,0,0,"FCD first observation is presence, not verified JuPedSim insertion; saved timestamps use the actual engine output step despite the requested 1-second device period. See per-agent first-position-update audit. Schedule inferred from deterministic personFlow.",4.9530000002123415,22056960
Development,DC-063|qp35.3,0,10015,943960dffa720cf4675eaf4fc77a01d22c5322d3c1ce2cb18974c6d8f46ccdf8,COMPLETED_DIAGNOSTIC,0,historical,1.1770119392037433,24541,0.2608524659863952,142,143,1.0070422535211268,142,142,142,0,26,23,0,0,0,0,0,0,"FCD first observation is presence, not verified JuPedSim insertion; saved timestamps use the actual engine output step despite the requested 1-second device period. See per-agent first-position-update audit. Schedule inferred from deterministic personFlow.",5.016000000061467,22028288
Development,DC-063|qp35.3,0,10014,173e8c7da884ef535b37d6281823854818726a116cabc6d48ce144e63bff851f,COMPLETED_DIAGNOSTIC,0,historical,1.13984406993214,25396,0.269940476190478,142,142,1.0,142,142,142,0,22,21,0,0,0,0,0,0,"FCD first observation is presence, not verified JuPedSim insertion; saved timestamps use the actual engine output step despite the requested 1-second device period. See per-agent first-position-update audit. Schedule inferred from deterministic personFlow.",5.078999999910593,22036480
Development,DC-063|qp35.3,0,10013,726da7dc77b27b029998def73ffbceb6f20156614ec3f18307a3094a5695c6dd,COMPLETED_DIAGNOSTIC,0,historical,1.108167433943317,25849,0.2747555272108865,142,137,0.9647887323943662,142,142,142,0,22,27,0,0,0,0,0,0,"FCD first observation is presence, not verified JuPedSim insertion; saved timestamps use the actual engine output step despite the requested 1-second device period. See per-agent first-position-update audit. Schedule inferred from deterministic personFlow.",5.140999999828637,22011904
Development,DC-063|qp35.3,0,10018,136b8143586bfc51d2f5dc6108c38e0fb4ee307d6c90c5c5a83f9c5cf2a1478a,COMPLETED_DIAGNOSTIC,0,historical,1.1508942242174391,24949,0.2651892006802745,142,139,0.9788732394366196,142,142,142,0,22,24,0,0,0,0,0,0,"FCD first observation is presence, not verified JuPedSim insertion; saved timestamps use the actual engine output step despite the requested 1-second device period. See per-agent first-position-update audit. Schedule inferred from deterministic personFlow.",4.843999999808148,22011904
Development,DC-063|qp35.3,0,10016,488ebc06dc8bea99f5073081cad99d1f7bfaf24edb5187fa27bc082e202fc51f,COMPLETED_DIAGNOSTIC,0,historical,1.1254410784966835,25517,0.2712266156462606,142,142,1.0,142,142,142,0,28,26,0,0,0,0,0,0,"FCD first observation is presence, not verified JuPedSim insertion; saved timestamps use the actual engine output step despite the requested 1-second device period. See per-agent first-position-update audit. Schedule inferred from deterministic personFlow.",5.3280000002123415,22040576
Development,DC-063|qp35.3,0,10019,25c3a364c38bd5668322b60b8689b5e1d2a50608bf04abdc85496bf348aa62b6,COMPLETED_DIAGNOSTIC,0,historical,1.186024071555196,24261,0.2578762755102037,142,142,1.0,142,142,142,0,25,23,0,0,0,0,0,0,"FCD first observation is presence, not verified JuPedSim insertion; saved timestamps use the actual engine output step despite the requested 1-second device period. See per-agent first-position-update audit. Schedule inferred from deterministic personFlow.",5.25,22097920
Development,DC-063|qp35.3,0,10017,22b688dc5b613a75ecc9eb6dc03c1606c98c7fcfd72967dc361119abc2514958,COMPLETED_DIAGNOSTIC,0,historical,1.1278834259766404,25546,0.2715348639455794,142,139,0.9788732394366196,142,142,142,0,25,27,0,0,0,0,0,0,"FCD first observation is presence, not verified JuPedSim insertion; saved timestamps use the actual engine output step despite the requested 1-second device period. See per-agent first-position-update audit. Schedule inferred from deterministic personFlow.",5.313000000081956,22085632
Development,DC-063|qp35.3,0,10020,4f505ef5195bf67b4d8113fef6165db8d98e1cd7f4b1851c734fb9389d12f099,COMPLETED_DIAGNOSTIC,0,historical,1.0996946096297515,26065,0.2770514455782336,142,138,0.971830985915493,142,142,142,0,23,26,0,0,0,0,0,0,"FCD first observation is presence, not verified JuPedSim insertion; saved timestamps use the actual engine output step despite the requested 1-second device period. See per-agent first-position-update audit. Schedule inferred from deterministic personFlow.",5.516000000061467,22020096
Development,DC-063|qp35.3,0,10021,639b55b379a598a6e91be87830f34bbc84e742d5c7ff3ca9a71d1460d59eeb1a,COMPLETED_DIAGNOSTIC,0,historical,1.1435095447871402,25197,0.2678252551020441,142,144,1.0140845070422535,142,142,142,0,28,25,0,0,0,0,0,0,"FCD first observation is presence, not verified JuPedSim insertion; saved timestamps use the actual engine output step despite the requested 1-second device period. See per-agent first-position-update audit. Schedule inferred from deterministic personFlow.",5.405999999959022,22016000
Development,DC-063|qp35.3,0,10023,43ac7f42d821ad68867a85ed1785b854dde9dcd4c67c51bdd76b24d70b36981f,COMPLETED_DIAGNOSTIC,0,historical,1.152831922905606,24697,0.2625106292517017,142,144,1.0140845070422535,142,142,142,0,28,24,0,0,0,0,0,0,"FCD first observation is presence, not verified JuPedSim insertion; saved timestamps use the actual engine output step despite the requested 1-second device period. See per-agent first-position-update audit. Schedule inferred from deterministic personFlow.",5.609000000171363,22073344
Development,DC-063|qp35.3,0,10022,5c77e528e27a3aa5aa1f99849496b3a392f7f40991043dc65d22ff16e7108bf1,COMPLETED_DIAGNOSTIC,0,historical,1.1506139785811704,24838,0.264009353741499,142,142,1.0,142,142,142,0,26,25,0,0,0,0,0,0,"FCD first observation is presence, not verified JuPedSim insertion; saved timestamps use the actual engine output step despite the requested 1-second device period. See per-agent first-position-update audit. Schedule inferred from deterministic personFlow.",5.640999999828637,22069248
Development,DC-063|qp35.3,0,10024,56c75530c1a2e30fca362e7abd5b7044d48c417e6ad7dcd5deebef91403bd0c8,COMPLETED_DIAGNOSTIC,0,historical,1.1658443749484966,24302,0.2583120748299333,142,142,1.0,142,142,142,0,26,25,0,0,0,0,0,0,"FCD first observation is presence, not verified JuPedSim insertion; saved timestamps use the actual engine output step despite the requested 1-second device period. See per-agent first-position-update audit. Schedule inferred from deterministic personFlow.",5.140999999828637,22011904
Development,DC-063|qp35.3,0,10026,47cbc4bb4c5ccd5cbb14d019d55927768bfedcaf31a0236d8ebbfd7dd23b4baf,COMPLETED_DIAGNOSTIC,0,historical,1.1509826104337966,25015,0.2658907312925189,142,143,1.0070422535211268,142,142,142,0,26,23,0,0,0,0,0,0,"FCD first observation is presence, not verified JuPedSim insertion; saved timestamps use the actual engine output step despite the requested 1-second device period. See per-agent first-position-update audit. Schedule inferred from deterministic personFlow.",5.311999999918044,21970944
Development,DC-063|qp35.3,0,10027,8447cc1dde70cfad25ad08aa85365f7a4d0d798a9df7ff1a60f95b9cb639c865,COMPLETED_DIAGNOSTIC,0,historical,1.1482254129504488,25003,0.2657631802721098,142,139,0.9788732394366196,142,142,142,0,27,28,0,0,0,0,0,0,"FCD first observation is presence, not verified JuPedSim insertion; saved timestamps use the actual engine output step despite the requested 1-second device period. See per-agent first-position-update audit. Schedule inferred from deterministic personFlow.",5.312000000150874,21975040
Development,DC-063|qp35.3,0,10025,ebcf017dd7b950c65c913ffdf820ed6da7343cc5386940cdda8917d9d8edec5c,COMPLETED_DIAGNOSTIC,0,historical,1.132175239755912,25234,0.2682185374149667,142,141,0.9929577464788732,142,142,142,0,26,26,0,0,0,0,0,0,"FCD first observation is presence, not verified JuPedSim insertion; saved timestamps use the actual engine output step despite the requested 1-second device period. See per-agent first-position-update audit. Schedule inferred from deterministic personFlow.",5.453999999910593,22007808
Development,DC-063|qp35.3,0,10029,42170fe7837fc7ea10df7811874c7d148392b0d6a33d0d3dd90d77db0da4048c,COMPLETED_DIAGNOSTIC,0,historical,1.1437035258333914,24987,0.2655931122448983,142,143,1.0070422535211268,142,142,142,0,25,23,0,0,0,0,0,0,"FCD first observation is presence, not verified JuPedSim insertion; saved timestamps use the actual engine output step despite the requested 1-second device period. See per-agent first-position-update audit. Schedule inferred from deterministic personFlow.",4.765000000130385,22003712
Development,DC-063|qp35.3,0,10028,564059c84660000f9a11873d792aa9895e41915b0e5f3701950e66fdd110a1f8,COMPLETED_DIAGNOSTIC,0,historical,1.1296844669731565,25449,0.2705038265306125,142,137,0.9647887323943662,142,142,142,0,22,27,0,0,0,0,0,0,"FCD first observation is presence, not verified JuPedSim insertion; saved timestamps use the actual engine output step despite the requested 1-second device period. See per-agent first-position-update audit. Schedule inferred from deterministic personFlow.",5.047000000020489,22073344
Development,DC-063|qp35.3,1,10000,4d8655d32ec78751d63bac368df63dec721b5567d1f5a074894b9a3678aec029,COMPLETED_DIAGNOSTIC,0,historical,1.155337015238237,24806,0.2636692176870773,142,140,0.9859154929577464,142,142,142,0,27,28,4,4,4,0,1,1,"FCD first observation is presence, not verified JuPedSim insertion; saved timestamps use the actual engine output step despite the requested 1-second device period. See per-agent first-position-update audit. Schedule inferred from deterministic personFlow.",5.094000000040978,22048768
Development,DC-063|qp35.3,1,10001,2ca06df144294380b76e581bde07aa2592a395cff43e3715cec07d2a3adcc687,COMPLETED_DIAGNOSTIC,0,historical,1.1380295585865488,25441,0.2704187925170087,142,139,0.9788732394366196,142,142,142,0,25,27,4,4,4,0,1,1,"FCD first observation is presence, not verified JuPedSim insertion; saved timestamps use the actual engine output step despite the requested 1-second device period. See per-agent first-position-update audit. Schedule inferred from deterministic personFlow.",5.047000000020489,22081536
Development,DC-063|qp35.3,1,10002,ddcd907fe63ed53ef8e1fcfbf96097e230115d6ef7e74171e7335c0e6db5fe7f,COMPLETED_DIAGNOSTIC,0,historical,1.118254687499992,25600,0.272108843537418,142,141,0.9929577464788732,142,142,142,0,28,27,4,4,4,0,1,1,"FCD first observation is presence, not verified JuPedSim insertion; saved timestamps use the actual engine output step despite the requested 1-second device period. See per-agent first-position-update audit. Schedule inferred from deterministic personFlow.",5.452999999979511,22081536
Development,DC-063|qp35.3,1,10003,0c79fd6b1c71586491ed6d84c391b5ee663b33b34016520a9417494c205c758a,COMPLETED_DIAGNOSTIC,0,historical,1.126874902874941,25740,0.273596938775513,142,142,1.0,142,142,142,0,26,24,4,4,4,0,1,1,"FCD first observation is presence, not verified JuPedSim insertion; saved timestamps use the actual engine output step despite the requested 1-second device period. See per-agent first-position-update audit. Schedule inferred from deterministic personFlow.",5.562999999849126,22048768
Development,DC-063|qp35.3,1,10005,31b94a66671b14de973bb17cb961de0e77bb9fe8d46d279ebb05401fa9934aba,COMPLETED_DIAGNOSTIC,0,historical,1.1046563209981022,25969,0.276031037414968,142,139,0.9788732394366196,142,142,142,0,24,26,4,4,4,0,1,1,"FCD first observation is presence, not verified JuPedSim insertion; saved timestamps use the actual engine output step despite the requested 1-second device period. See per-agent first-position-update audit. Schedule inferred from deterministic personFlow.",5.516000000061467,21991424
Development,DC-063|qp35.3,1,10004,2436481f34b511bb0354c6e8242d905ca46d1c2c1239767472cdb7d2feed173c,COMPLETED_DIAGNOSTIC,0,historical,1.1100904327576877,25765,0.2738626700680289,142,137,0.9647887323943662,142,142,142,0,26,29,4,4,4,0,0,1,"FCD first observation is presence, not verified JuPedSim insertion; saved timestamps use the actual engine output step despite the requested 1-second device period. See per-agent first-position-update audit. Schedule inferred from deterministic personFlow.",5.563000000081956,22032384
Development,DC-063|qp35.3,1,10006,1277a47961aa1dc165c2cf0d96966a09ef27e9706c3040bb5c4dc2a65665bd52,COMPLETED_DIAGNOSTIC,0,historical,1.1486038162088064,24789,0.2634885204081659,142,137,0.9647887323943662,142,142,142,0,25,29,4,4,4,0,1,1,"FCD first observation is presence, not verified JuPedSim insertion; saved timestamps use the actual engine output step despite the requested 1-second device period. See per-agent first-position-update audit. Schedule inferred from deterministic personFlow.",5.0780000002123415,22142976
Development,DC-063|qp35.3,1,10008,f1e6580c4ad5622f8075b724ea014dee79e99a3376e3591dd7fe1d964b447b01,COMPLETED_DIAGNOSTIC,0,historical,1.0800306198655478,26780,0.2846513605442194,142,144,1.0140845070422535,142,142,142,0,28,24,4,4,4,0,0,1,"FCD first observation is presence, not verified JuPedSim insertion; saved timestamps use the actual engine output step despite the requested 1-second device period. See per-agent first-position-update audit. Schedule inferred from deterministic personFlow.",5.483999999938533,22048768
Development,DC-063|qp35.3,1,10009,4d1675ce7317134cb2682c1a97e8ac507991f37aab7f049bdaf440d14066f7d0,COMPLETED_DIAGNOSTIC,0,historical,1.1432829295684932,24932,0.2650085034013628,142,141,0.9929577464788732,142,142,142,0,26,26,4,4,4,0,1,1,"FCD first observation is presence, not verified JuPedSim insertion; saved timestamps use the actual engine output step despite the requested 1-second device period. See per-agent first-position-update audit. Schedule inferred from deterministic personFlow.",5.5,22020096
Development,DC-063|qp35.3,1,10007,43b4a0a1fa6c220733ff27d1c638e0dd14431c732251d51ecdec5ec642e70e63,COMPLETED_DIAGNOSTIC,0,historical,1.1456128648005102,25185,0.2676977040816312,142,140,0.9859154929577464,142,142,142,0,24,24,4,4,4,0,1,1,"FCD first observation is presence, not verified JuPedSim insertion; saved timestamps use the actual engine output step despite the requested 1-second device period. See per-agent first-position-update audit. Schedule inferred from deterministic personFlow.",5.577999999979511,22011904
Development,DC-063|qp35.3,1,10010,152909da60380a6bb6eebd12b0a68f7c4c670466d18d9dace9ea90226517dce4,COMPLETED_DIAGNOSTIC,0,historical,1.1091000498906172,26057,0.2769664115646285,142,139,0.9788732394366196,142,142,142,0,24,26,4,4,4,0,0,1,"FCD first observation is presence, not verified JuPedSim insertion; saved timestamps use the actual engine output step despite the requested 1-second device period. See per-agent first-position-update audit. Schedule inferred from deterministic personFlow.",4.547000000020489,22032384
Development,DC-063|qp35.3,1,10013,3d1ce9eff096dc1a5ca32bd0a351b0e71118a35b7a4de4f1532767a0b7a785ff,COMPLETED_DIAGNOSTIC,0,historical,1.1295273788859106,25348,0.2694302721088429,142,138,0.971830985915493,142,142,142,0,23,26,4,4,4,0,0,1,"FCD first observation is presence, not verified JuPedSim insertion; saved timestamps use the actual engine output step despite the requested 1-second device period. See per-agent first-position-update audit. Schedule inferred from deterministic personFlow.",5.186999999918044,22167552
Development,DC-063|qp35.3,1,10011,7b2687d26db31753f18243635e0690f55dd3e0c1d946d1b063796eb3bd26db5d,COMPLETED_DIAGNOSTIC,0,historical,1.153386797775471,24814,0.2637542517006812,142,144,1.0140845070422535,142,142,142,0,26,22,4,4,4,0,1,1,"FCD first observation is presence, not verified JuPedSim insertion; saved timestamps use the actual engine output step despite the requested 1-second device period. See per-agent first-position-update audit. Schedule inferred from deterministic personFlow.",5.327999999979511,22036480
Development,DC-063|qp35.3,1,10012,ebd6e50393e5a6d1070199f35ec6ae12736377718f6f57676f47cd34f72d16d7,COMPLETED_DIAGNOSTIC,0,historical,1.1094141304768996,25859,0.2748618197278908,142,145,1.0211267605633805,142,142,142,0,28,24,4,4,4,0,1,1,"FCD first observation is presence, not verified JuPedSim insertion; saved timestamps use the actual engine output step despite the requested 1-second device period. See per-agent first-position-update audit. Schedule inferred from deterministic personFlow.",5.375,21975040
Development,DC-063|qp35.3,1,10014,e634ff8ce5a12f6bf97376d7802f93e71aeeae720ab988ea94385382ba61d5c7,COMPLETED_DIAGNOSTIC,0,historical,1.1249986310477078,25567,0.2717580782312929,142,142,1.0,142,142,142,0,23,21,4,4,4,0,0,1,"FCD first observation is presence, not verified JuPedSim insertion; saved timestamps use the actual engine output step despite the requested 1-second device period. See per-agent first-position-update audit. Schedule inferred from deterministic personFlow.",3.6399999998975545,22142976
Development,DC-063|qp35.3,1,10015,0de9c2852451c6448a4fb501f5ece315b8c594709b15464599e70e982e3c6e61,COMPLETED_DIAGNOSTIC,0,historical,1.1390503455083705,25325,0.2691857993197288,142,145,1.0211267605633805,142,142,142,0,28,23,4,4,4,0,1,1,"FCD first observation is presence, not verified JuPedSim insertion; saved timestamps use the actual engine output step despite the requested 1-second device period. See per-agent first-position-update audit. Schedule inferred from deterministic personFlow.",4.062000000150874,22056960
Development,DC-063|qp35.3,1,10017,6f0d3058bf3a0a8a2e2153a5e2602bd86c8e5beee22d0f95bd576ce6f3a73d6c,COMPLETED_DIAGNOSTIC,0,historical,0.9953443722063896,29532,0.3139030612244969,142,142,1.0,142,142,142,0,26,24,4,4,4,0,1,1,"FCD first observation is presence, not verified JuPedSim insertion; saved timestamps use the actual engine output step despite the requested 1-second device period. See per-agent first-position-update audit. Schedule inferred from deterministic personFlow.",4.375,22044672
Development,DC-063|qp35.3,1,10018,ae95a3fb787f3be8306eda98ff51eb3c22f4be47d5937a871abc1d1759dc38b6,COMPLETED_DIAGNOSTIC,0,historical,1.1148700971851395,25827,0.2745216836734711,142,142,1.0,142,142,142,0,26,24,4,4,4,0,1,1,"FCD first observation is presence, not verified JuPedSim insertion; saved timestamps use the actual engine output step despite the requested 1-second device period. See per-agent first-position-update audit. Schedule inferred from deterministic personFlow.",4.141000000061467,22003712
Development,DC-063|qp35.3,1,10019,a9e7aca9e98adfa489c2b3f2fc6a873fba5848a8134a41ccc41af7116a6a9f94,COMPLETED_DIAGNOSTIC,0,historical,1.1734795453613405,24371,0.2590454931972784,142,144,1.0140845070422535,142,142,142,0,26,23,4,4,4,0,0,0,"FCD first observation is presence, not verified JuPedSim insertion; saved timestamps use the actual engine output step despite the requested 1-second device period. See per-agent first-position-update audit. Schedule inferred from deterministic personFlow.",4.375,21975040
Development,DC-063|qp35.3,1,10020,35f120fa670e5e9a230aa429f791d12f20dacabab868d55582bf633e4855a117,COMPLETED_DIAGNOSTIC,0,historical,1.049514838521974,27496,0.2922619047619084,142,139,0.9788732394366196,142,142,142,0,24,26,4,4,4,0,0,1,"FCD first observation is presence, not verified JuPedSim insertion; saved timestamps use the actual engine output step despite the requested 1-second device period. See per-agent first-position-update audit. Schedule inferred from deterministic personFlow.",4.625,22077440
Development,DC-063|qp35.3,1,10016,86fc9afd91418dc576a33733b6e4b22c3c2bbc90541d6d4cdf288075b902a6cb,COMPLETED_DIAGNOSTIC,0,historical,0.4050213690062868,57560,0.6118197278911559,63,90,1.4285714285714286,142,142,142,0,27,77,4,4,4,0,1,3,"FCD first observation is presence, not verified JuPedSim insertion; saved timestamps use the actual engine output step despite the requested 1-second device period. See per-agent first-position-update audit. Schedule inferred from deterministic personFlow.",11.016000000061467,22126592
Development,DC-063|qp35.3,1,10021,cad8847f14bf4116a9ba289b4a5117a92ea32a374c887bff997894db7b7cec06,COMPLETED_DIAGNOSTIC,0,historical,1.101275666564527,26104,0.277465986394559,142,141,0.9929577464788732,142,142,142,0,25,25,4,4,4,0,1,1,"FCD first observation is presence, not verified JuPedSim insertion; saved timestamps use the actual engine output step despite the requested 1-second device period. See per-agent first-position-update audit. Schedule inferred from deterministic personFlow.",4.2030000002123415,22028288
Development,DC-063|qp35.3,1,10022,f265f0a6aa2fa67aac2fcf0a016c6eec83469ae3a22a1cdcb98216f1d95639c1,COMPLETED_DIAGNOSTIC,0,historical,1.1407833752143917,25071,0.2664859693877566,142,143,1.0070422535211268,142,142,142,0,25,24,4,4,4,0,1,1,"FCD first observation is presence, not verified JuPedSim insertion; saved timestamps use the actual engine output step despite the requested 1-second device period. See per-agent first-position-update audit. Schedule inferred from deterministic personFlow.",3.906999999890104,22118400
Development,DC-063|qp35.3,1,10023,b128d0f8f99e8b42b9cd58a181e1e0a8c6a6057ed8c69a520ad64329b2b39295,COMPLETED_DIAGNOSTIC,0,historical,1.172316735822962,24582,0.261288265306125,142,146,1.028169014084507,142,142,142,0,29,23,4,4,4,0,1,1,"FCD first observation is presence, not verified JuPedSim insertion; saved timestamps use the actual engine output step despite the requested 1-second device period. See per-agent first-position-update audit. Schedule inferred from deterministic personFlow.",3.875,22044672
Development,DC-063|qp35.3,1,10025,719f25728f6e20a67f0974a8bf296b102b64e2009e27a01bf588d437280abf22,COMPLETED_DIAGNOSTIC,0,historical,1.1016492821677824,25981,0.2761585884353767,142,144,1.0140845070422535,142,142,142,0,27,24,4,4,4,0,1,1,"FCD first observation is presence, not verified JuPedSim insertion; saved timestamps use the actual engine output step despite the requested 1-second device period. See per-agent first-position-update audit. Schedule inferred from deterministic personFlow.",4.280999999959022,21979136
Development,DC-063|qp35.3,1,10024,1792e14d3885a9502740ae47fc249c4f9eeb41b4e607914a5cdba14151722d94,COMPLETED_DIAGNOSTIC,0,historical,1.123446002303623,25177,0.2676126700680278,142,141,0.9929577464788732,142,142,142,0,26,25,4,4,4,0,0,1,"FCD first observation is presence, not verified JuPedSim insertion; saved timestamps use the actual engine output step despite the requested 1-second device period. See per-agent first-position-update audit. Schedule inferred from deterministic personFlow.",4.297000000020489,22089728
Development,DC-063|qp35.3,1,10026,5198e7c01bea2d312f4a5328ad8c6f5c16c50b29b9d71f9388e148e78ec46553,COMPLETED_DIAGNOSTIC,0,historical,1.1472342724507918,24988,0.2656037414966012,142,142,1.0,142,142,142,0,26,24,4,4,4,0,1,1,"FCD first observation is presence, not verified JuPedSim insertion; saved timestamps use the actual engine output step despite the requested 1-second device period. See per-agent first-position-update audit. Schedule inferred from deterministic personFlow.",3.843000000109896,21983232
Development,DC-063|qp35.3,1,10027,47b845587aa926c429cc701c6554c70f05fdbc0d320976c5a03049e0aa31b971,COMPLETED_DIAGNOSTIC,0,historical,1.0798427068009664,26511,0.2817920918367348,142,142,1.0,142,142,142,0,29,28,4,4,4,0,1,1,"FCD first observation is presence, not verified JuPedSim insertion; saved timestamps use the actual engine output step despite the requested 1-second device period. See per-agent first-position-update audit. Schedule inferred from deterministic personFlow.",3.875,22036480
Development,DC-063|qp35.3,1,10029,07a857d2c281833e814185903512792bce49f8b6041aeb1cff33814ebb5c2736,COMPLETED_DIAGNOSTIC,0,historical,1.1211504459861266,25225,0.2681228741496617,142,137,0.9647887323943662,142,142,142,0,23,26,4,4,4,0,0,1,"FCD first observation is presence, not verified JuPedSim insertion; saved timestamps use the actual engine output step despite the requested 1-second device period. See per-agent first-position-update audit. Schedule inferred from deterministic personFlow.",4.171000000089407,22028288
Development,DC-063|qp35.3,1,10028,0cf7577239d3aad37b96c0e7b283a45cf12cf7c0dc7b1b26b1178b0aa8ede283,COMPLETED_DIAGNOSTIC,0,historical,1.1283204124197812,25411,0.2700999149659877,142,140,0.9859154929577464,142,142,142,0,25,26,4,4,4,0,1,1,"FCD first observation is presence, not verified JuPedSim insertion; saved timestamps use the actual engine output step despite the requested 1-second device period. See per-agent first-position-update audit. Schedule inferred from deterministic personFlow.",4.25,22081536
Development,DC-063|qp35.3,2,10000,9be2c13a243fd6d898270b728fd5848956610774b884054bc80032e1b31ee0fa,COMPLETED_DIAGNOSTIC,0,historical,1.1485471961684224,25055,0.2663159013605466,142,141,0.9929577464788732,142,142,142,0,27,26,8,8,8,0,2,2,"FCD first observation is presence, not verified JuPedSim insertion; saved timestamps use the actual engine output step despite the requested 1-second device period. See per-agent first-position-update audit. Schedule inferred from deterministic personFlow.",4.234000000171363,22102016
Development,DC-063|qp35.3,2,10001,2f021d8d2d27d4086debec8f2b55b579dc24ce9f064ab3773297a60a19011ce5,COMPLETED_DIAGNOSTIC,0,historical,1.121643333718995,25929,0.2756058673469407,142,140,0.9859154929577464,142,142,142,0,25,26,8,8,8,0,2,2,"FCD first observation is presence, not verified JuPedSim insertion; saved timestamps use the actual engine output step despite the requested 1-second device period. See per-agent first-position-update audit. Schedule inferred from deterministic personFlow.",4.015000000130385,22081536
Development,DC-063|qp35.3,2,10002,b22dfca4e5cb6d13e0f5025ad03d7fa80a175d9a865d4bd45936baa3b0b2aacc,COMPLETED_DIAGNOSTIC,0,historical,1.1104804477960153,25726,0.2734481292517016,142,141,0.9929577464788732,142,142,142,0,28,27,8,8,8,0,2,2,"FCD first observation is presence, not verified JuPedSim insertion; saved timestamps use the actual engine output step despite the requested 1-second device period. See per-agent first-position-update audit. Schedule inferred from deterministic personFlow.",4.875,22106112
Development,DC-063|qp35.3,2,10003,21ac725463d7388e2b6a6a0262c11c53ca9bb02d0d4a710ce7c678c084a12bf5,COMPLETED_DIAGNOSTIC,0,historical,1.1207835734648262,25958,0.2759141156462601,142,140,0.9859154929577464,142,142,142,0,26,26,8,8,8,0,2,1,"FCD first observation is presence, not verified JuPedSim insertion; saved timestamps use the actual engine output step despite the requested 1-second device period. See per-agent first-position-update audit. Schedule inferred from deterministic personFlow.",5.108999999938533,21995520
Development,DC-063|qp35.3,2,10004,b9baf83742a9634a5510c1800d22aac05e5e178a991380822c22e37045be255b,COMPLETED_DIAGNOSTIC,0,historical,1.0947866108786877,26290,0.2794430272108815,142,138,0.971830985915493,142,142,142,0,26,28,8,8,8,0,2,2,"FCD first observation is presence, not verified JuPedSim insertion; saved timestamps use the actual engine output step despite the requested 1-second device period. See per-agent first-position-update audit. Schedule inferred from deterministic personFlow.",4.905999999959022,22089728
Development,DC-063|qp35.3,2,10005,c74175eb59cd847ae764781d112f3adda16d1a1e124919aa91bbb1f945f139e7,COMPLETED_DIAGNOSTIC,0,historical,1.074794095665178,26760,0.2844387755102042,142,141,0.9929577464788732,142,142,142,0,24,23,8,8,8,0,2,1,"FCD first observation is presence, not verified JuPedSim insertion; saved timestamps use the actual engine output step despite the requested 1-second device period. See per-agent first-position-update audit. Schedule inferred from deterministic personFlow.",4.891000000061467,22097920
Development,DC-063|qp35.3,2,10006,0b9367081cfff6f4e5de5b17dc98d824c67624216b70d7473e776f2605dc55a3,COMPLETED_DIAGNOSTIC,0,historical,1.0971221309587704,26054,0.2769345238095254,142,138,0.971830985915493,142,142,142,0,26,29,8,8,8,0,2,2,"FCD first observation is presence, not verified JuPedSim insertion; saved timestamps use the actual engine output step despite the requested 1-second device period. See per-agent first-position-update audit. Schedule inferred from deterministic personFlow.",4.077999999979511,22040576
Development,DC-063|qp35.3,2,10007,d80c4b0fe45173ebc081276aa0964ab51d0bb870565a195a0aef9804f7ef3473,COMPLETED_DIAGNOSTIC,0,historical,1.135493303748312,25238,0.2682610544217682,142,140,0.9859154929577464,142,142,142,0,24,24,8,8,8,0,2,2,"FCD first observation is presence, not verified JuPedSim insertion; saved timestamps use the actual engine output step despite the requested 1-second device period. See per-agent first-position-update audit. Schedule inferred from deterministic personFlow.",4.562000000150874,22044672
Development,DC-063|qp35.3,2,10008,162eaa24214382ebb9b235a10a729fee39f6a5191b1e54d99eb4282fa56233d1,COMPLETED_DIAGNOSTIC,0,historical,1.077267043763008,26872,0.2856292517006851,142,143,1.0070422535211268,142,142,142,0,28,25,8,8,8,0,2,2,"FCD first observation is presence, not verified JuPedSim insertion; saved timestamps use the actual engine output step despite the requested 1-second device period. See per-agent first-position-update audit. Schedule inferred from deterministic personFlow.",4.547000000020489,22056960
Development,DC-063|qp35.3,2,10009,d58a450bbfd16de3051863ffa6cf62fe82685152bffa65f77182c33127c5fd83,COMPLETED_DIAGNOSTIC,0,historical,1.1199817404818408,25740,0.2735969387755128,142,143,1.0070422535211268,142,142,142,0,26,24,8,8,8,0,2,2,"FCD first observation is presence, not verified JuPedSim insertion; saved timestamps use the actual engine output step despite the requested 1-second device period. See per-agent first-position-update audit. Schedule inferred from deterministic personFlow.",4.515000000130385,21975040
Development,DC-063|qp35.3,2,10010,133631d2c8af4e86fe20cda5e8e3673377ee1c67a6bd3ff1c832eabc84a74401,COMPLETED_DIAGNOSTIC,0,historical,1.1154615680245914,26020,0.2765731292517008,142,140,0.9859154929577464,142,142,142,0,24,26,8,8,8,0,1,2,"FCD first observation is presence, not verified JuPedSim insertion; saved timestamps use the actual engine output step despite the requested 1-second device period. See per-agent first-position-update audit. Schedule inferred from deterministic personFlow.",3.593000000109896,22065152
Development,DC-063|qp35.3,2,10012,a35e3b46d5f8310274d4bc72edbdc3dfff605cd04bf69cee2c762248dfc80191,COMPLETED_DIAGNOSTIC,0,historical,1.1329676810569171,25434,0.2703443877551041,142,146,1.028169014084507,142,142,142,0,29,23,8,8,8,0,1,2,"FCD first observation is presence, not verified JuPedSim insertion; saved timestamps use the actual engine output step despite the requested 1-second device period. See per-agent first-position-update audit. Schedule inferred from deterministic personFlow.",4.4530000002123415,21987328
Development,DC-063|qp35.3,2,10013,941e395f7d482b074a8d10f79d3a75c2923002ef229e68409572fa9230222246,COMPLETED_DIAGNOSTIC,0,historical,1.1096795194729678,25805,0.2742878401360556,142,137,0.9647887323943662,142,142,142,0,23,27,8,8,8,0,1,2,"FCD first observation is presence, not verified JuPedSim insertion; saved timestamps use the actual engine output step despite the requested 1-second device period. See per-agent first-position-update audit. Schedule inferred from deterministic personFlow.",4.813000000081956,21983232
Development,DC-063|qp35.3,2,10011,bbdaf96138f1b5da215dccf63e517d52910ba9fe05205f4e0e0a8342ed3544ac,COMPLETED_DIAGNOSTIC,0,historical,0.7119298327137548,43040,0.4574829931972918,142,146,1.028169014084507,142,142,142,0,30,24,8,8,8,0,2,2,"FCD first observation is presence, not verified JuPedSim insertion; saved timestamps use the actual engine output step despite the requested 1-second device period. See per-agent first-position-update audit. Schedule inferred from deterministic personFlow.",5.733999999938533,22134784
Development,DC-063|qp35.3,2,10014,157f6b445d2c2c5c60426c08af02e7b0923d7854c170ed45f45c7d205ee57a23,COMPLETED_DIAGNOSTIC,0,historical,1.121748328314922,25573,0.2718218537414996,142,141,0.9929577464788732,142,142,142,0,24,23,8,8,8,0,1,2,"FCD first observation is presence, not verified JuPedSim insertion; saved timestamps use the actual engine output step despite the requested 1-second device period. See per-agent first-position-update audit. Schedule inferred from deterministic personFlow.",3.4380000000819564,22171648
Development,DC-063|qp35.3,2,10015,4ead14ab3bc9d87c04ffe76719ff6c8746e0af093e427d0e0a29f4a78ddc4884,COMPLETED_DIAGNOSTIC,0,historical,1.1340946211228755,25470,0.2707270408163279,142,145,1.0211267605633805,142,142,142,0,28,23,8,8,8,0,2,2,"FCD first observation is presence, not verified JuPedSim insertion; saved timestamps use the actual engine output step despite the requested 1-second device period. See per-agent first-position-update audit. Schedule inferred from deterministic personFlow.",4.3600000001024455,22056960
Development,DC-063|qp35.3,2,10016,8d15c74697e62e73fb8428edb5f4a95ff0ef03cd3ef3328daeb96d1f83ab7892,COMPLETED_DIAGNOSTIC,0,historical,1.1225955426508567,25486,0.2708971088435382,142,142,1.0,142,142,142,0,26,25,8,8,8,0,2,2,"FCD first observation is presence, not verified JuPedSim insertion; saved timestamps use the actual engine output step despite the requested 1-second device period. See per-agent first-position-update audit. Schedule inferred from deterministic personFlow.",4.891000000061467,22077440
Development,DC-063|qp35.3,2,10017,74131f5e50d8d4724fae90cf0722fab6a5991af05a2ecdde144c7c3f7f380f1d,COMPLETED_DIAGNOSTIC,0,historical,1.1057549057329463,25990,0.2762542517006821,142,140,0.9859154929577464,142,142,142,0,26,26,8,8,8,0,2,2,"FCD first observation is presence, not verified JuPedSim insertion; saved timestamps use the actual engine output step despite the requested 1-second device period. See per-agent first-position-update audit. Schedule inferred from deterministic personFlow.",4.906999999890104,22192128
Development,DC-063|qp35.3,2,10018,a3813e36daecf557048899e8c7b2ae5d8b160e6dad804d2c030f32bae3a63af6,COMPLETED_DIAGNOSTIC,0,historical,1.1012577287914769,26039,0.2767750850340151,142,141,0.9929577464788732,142,142,142,0,26,26,8,8,8,0,2,2,"FCD first observation is presence, not verified JuPedSim insertion; saved timestamps use the actual engine output step despite the requested 1-second device period. See per-agent first-position-update audit. Schedule inferred from deterministic personFlow.",4.5310000001918525,22122496
Development,DC-063|qp35.3,2,10019,48534b7d635be5d51d7fb0f8a4b6e1232fceb58492f0af286348ee0c30f9b75c,COMPLETED_DIAGNOSTIC,0,historical,1.1393231187742754,24997,0.2656994047619062,142,144,1.0140845070422535,142,142,142,0,26,22,8,8,8,0,1,2,"FCD first observation is presence, not verified JuPedSim insertion; saved timestamps use the actual engine output step despite the requested 1-second device period. See per-agent first-position-update audit. Schedule inferred from deterministic personFlow.",3.625,22151168
Development,DC-063|qp35.3,2,10020,3d187f8b92a81a0129a49dbf5b29e46cf018605cfbb7d0335517a53682ce7bef,COMPLETED_DIAGNOSTIC,0,historical,1.053680008788893,27307,0.2902529761904754,142,139,0.9788732394366196,142,142,142,0,24,25,8,8,8,0,2,2,"FCD first observation is presence, not verified JuPedSim insertion; saved timestamps use the actual engine output step despite the requested 1-second device period. See per-agent first-position-update audit. Schedule inferred from deterministic personFlow.",5.0149999998975545,22077440
Development,DC-063|qp35.3,2,10021,97141138de579cee4fe977e839414ac3dd1bdcbecfae3539e078557a6430ce99,COMPLETED_DIAGNOSTIC,0,historical,1.1003957984472954,26276,0.2792942176870763,142,143,1.0070422535211268,142,142,142,0,26,24,8,8,8,0,2,2,"FCD first observation is presence, not verified JuPedSim insertion; saved timestamps use the actual engine output step despite the requested 1-second device period. See per-agent first-position-update audit. Schedule inferred from deterministic personFlow.",4.827999999979511,22065152
Development,DC-063|qp35.3,2,10022,f6076573a16b704a4147a34caec90279e8a5a694f5d1d5c10193048e90824d23,COMPLETED_DIAGNOSTIC,0,historical,1.123956491118285,25558,0.271662414965989,142,142,1.0,142,142,142,0,25,24,8,8,8,0,2,2,"FCD first observation is presence, not verified JuPedSim insertion; saved timestamps use the actual engine output step despite the requested 1-second device period. See per-agent first-position-update audit. Schedule inferred from deterministic personFlow.",4.734000000171363,22110208
Development,DC-063|qp35.3,2,10023,167111de4571fcefe4ac2b2d403df34b6c3b354786a38c7b96b8ef3c256004bf,COMPLETED_DIAGNOSTIC,0,historical,1.1335782103014174,25278,0.2686862244897969,142,146,1.028169014084507,142,142,142,0,29,23,8,8,8,0,2,2,"FCD first observation is presence, not verified JuPedSim insertion; saved timestamps use the actual engine output step despite the requested 1-second device period. See per-agent first-position-update audit. Schedule inferred from deterministic personFlow.",3.406999999890104,22290432
Development,DC-063|qp35.3,2,10024,a2af08a4b437230cd97af67f69aae6ab37ccf97e4757ec720c8a3a2d7012b120,COMPLETED_DIAGNOSTIC,0,historical,1.1125757277346136,25387,0.2698448129251702,142,142,1.0,142,142,142,0,26,24,8,8,8,0,2,2,"FCD first observation is presence, not verified JuPedSim insertion; saved timestamps use the actual engine output step despite the requested 1-second device period. See per-agent first-position-update audit. Schedule inferred from deterministic personFlow.",4.937000000150874,22224896
Development,DC-063|qp35.3,2,10025,a7911781f6a2b2b5f0baca9f3f71da0b5f308b4b5cf05ffb9abff532becddec5,COMPLETED_DIAGNOSTIC,0,historical,1.0959323527158835,26106,0.2774872448979611,142,142,1.0,142,142,142,0,27,25,8,8,8,0,2,2,"FCD first observation is presence, not verified JuPedSim insertion; saved timestamps use the actual engine output step despite the requested 1-second device period. See per-agent first-position-update audit. Schedule inferred from deterministic personFlow.",5.093000000109896,22298624
Development,DC-063|qp35.3,2,10026,586de0c92411f25282b0ae76b4d2fccc1a7039d2f5c0f4cf1ea5ce27e507a1d2,COMPLETED_DIAGNOSTIC,0,historical,1.1302340794451695,25376,0.2697278911564622,142,143,1.0070422535211268,142,142,142,0,26,23,8,8,8,0,2,2,"FCD first observation is presence, not verified JuPedSim insertion; saved timestamps use the actual engine output step despite the requested 1-second device period. See per-agent first-position-update audit. Schedule inferred from deterministic personFlow.",5.155999999959022,22306816
Development,DC-063|qp35.3,2,10027,281c6c3cd1d05a33abb928c66d0dfa6ab9bec311df9151b4987b398c8e1faa0f,COMPLETED_DIAGNOSTIC,0,historical,1.0846520104795605,26337,0.279942602040817,142,143,1.0070422535211268,142,142,142,0,31,29,8,8,8,0,2,2,"FCD first observation is presence, not verified JuPedSim insertion; saved timestamps use the actual engine output step despite the requested 1-second device period. See per-agent first-position-update audit. Schedule inferred from deterministic personFlow.",4.344000000040978,22409216
Development,DC-063|qp35.3,2,10028,6fff332849fda537f427c6553bdb6096e2b36ad82462a13085f703b995886823,COMPLETED_DIAGNOSTIC,0,historical,1.0956445342277596,26236,0.2788690476190472,142,137,0.9647887323943662,142,142,142,0,25,29,8,8,8,0,2,2,"FCD first observation is presence, not verified JuPedSim insertion; saved timestamps use the actual engine output step despite the requested 1-second device period. See per-agent first-position-update audit. Schedule inferred from deterministic personFlow.",5.140000000130385,22159360
Development,DC-063|qp35.3,2,10029,f3d86dcdeb8f25cf3263698820cadf4cd930ff77704174e766685babe79e0f62,COMPLETED_DIAGNOSTIC,0,historical,1.1093897191142972,25562,0.2717049319727904,142,142,1.0,142,142,142,0,24,23,8,8,8,0,1,2,"FCD first observation is presence, not verified JuPedSim insertion; saved timestamps use the actual engine output step despite the requested 1-second device period. See per-agent first-position-update audit. Schedule inferred from deterministic personFlow.",5.3280000002123415,21966848
Development,DC-063|qp35.3,3,10001,7c233c5cc3c1165d3f4b9c99aed58143d813a6fa2ee67de6b30bd1523e2a8d68,COMPLETED_DIAGNOSTIC,0,historical,1.1141576055634883,26027,0.2766475340136041,142,140,0.9859154929577464,142,142,142,0,26,26,12,12,12,0,3,2,"FCD first observation is presence, not verified JuPedSim insertion; saved timestamps use the actual engine output step despite the requested 1-second device period. See per-agent first-position-update audit. Schedule inferred from deterministic personFlow.",5.094000000040978,22052864
Development,DC-063|qp35.3,3,10002,afcc966e59f5a1ca88ef77b580445102529c89ad96d782773efa9ef8b7b99429,COMPLETED_DIAGNOSTIC,0,historical,1.0982531304180174,25955,0.2758822278911593,142,141,0.9929577464788732,142,142,142,0,28,27,12,12,12,0,3,2,"FCD first observation is presence, not verified JuPedSim insertion; saved timestamps use the actual engine output step despite the requested 1-second device period. See per-agent first-position-update audit. Schedule inferred from deterministic personFlow.",5.686999999918044,22134784
Development,DC-063|qp35.3,3,10003,dff15cdc054e7527f776f877010e3e5b0d3fe1b527ad9e26ab9a7da439073903,COMPLETED_DIAGNOSTIC,0,historical,1.0265125564779345,28551,0.3034757653061196,142,137,0.9647887323943662,142,142,142,0,25,28,12,12,12,0,3,2,"FCD first observation is presence, not verified JuPedSim insertion; saved timestamps use the actual engine output step despite the requested 1-second device period. See per-agent first-position-update audit. Schedule inferred from deterministic personFlow.",5.922000000020489,22183936
Development,DC-063|qp35.3,3,10004,d06370f9885388956651bb473c69fb3725c0adf5620a51e5a3e3938085195561,COMPLETED_DIAGNOSTIC,0,historical,1.0919843696908436,26487,0.2815369897959203,142,139,0.9788732394366196,142,142,142,0,26,28,12,12,12,0,3,2,"FCD first observation is presence, not verified JuPedSim insertion; saved timestamps use the actual engine output step despite the requested 1-second device period. See per-agent first-position-update audit. Schedule inferred from deterministic personFlow.",5.827999999979511,22183936
Development,DC-063|qp35.3,3,10000,39609ef1c3e3dd3f28c740d475e728d156a240c21993aea0b2dc2b1440c7bfcb,COMPLETED_DIAGNOSTIC,0,historical,0.4197420510524052,55825,0.5933779761904755,69,95,1.3768115942028984,142,142,142,0,27,73,12,12,12,0,3,6,"FCD first observation is presence, not verified JuPedSim insertion; saved timestamps use the actual engine output step despite the requested 1-second device period. See per-agent first-position-update audit. Schedule inferred from deterministic personFlow.",12.0,22138880
Development,DC-063|qp35.3,3,10005,2dae497d22ce5250b750bcc1b69803ddfcde494a8ea3dcc8376141f04a3c46f9,COMPLETED_DIAGNOSTIC,0,historical,1.0760280812403813,26637,0.2831313775510207,142,144,1.0140845070422535,142,142,142,0,26,22,12,12,12,0,3,2,"FCD first observation is presence, not verified JuPedSim insertion; saved timestamps use the actual engine output step despite the requested 1-second device period. See per-agent first-position-update audit. Schedule inferred from deterministic personFlow.",4.875,22138880
Development,DC-063|qp35.3,3,10006,72481ed5782988d85c41bb697ad0ea874b31680c94985d2a212c98c627816b42,COMPLETED_DIAGNOSTIC,0,historical,1.0976903329629586,26099,0.2774128401360554,142,139,0.9788732394366196,142,142,142,0,26,28,12,12,12,0,3,2,"FCD first observation is presence, not verified JuPedSim insertion; saved timestamps use the actual engine output step despite the requested 1-second device period. See per-agent first-position-update audit. Schedule inferred from deterministic personFlow.",5.125,22122496
Development,DC-063|qp35.3,3,10007,8bdf0026a6778241099b8763d972e16568b1bae69c56fbc3cd126f59b7275634,COMPLETED_DIAGNOSTIC,0,historical,1.1062965241464628,26008,0.2764455782312907,142,137,0.9647887323943662,142,142,142,0,24,28,12,12,12,0,3,2,"FCD first observation is presence, not verified JuPedSim insertion; saved timestamps use the actual engine output step despite the requested 1-second device period. See per-agent first-position-update audit. Schedule inferred from deterministic personFlow.",5.187999999849126,22069248
Development,DC-063|qp35.3,3,10009,3abc68412ed15277d123a08d8355b59eb4238b7f2ef700ae7b2b19beb171d290,COMPLETED_DIAGNOSTIC,0,historical,1.084679584407774,26372,0.2803146258503433,142,141,0.9929577464788732,142,142,142,0,25,25,12,12,12,0,3,2,"FCD first observation is presence, not verified JuPedSim insertion; saved timestamps use the actual engine output step despite the requested 1-second device period. See per-agent first-position-update audit. Schedule inferred from deterministic personFlow.",5.483999999938533,22167552
Development,DC-063|qp35.3,3,10008,5840a25893d2c1c34431a372f372b1f30a6ba8a4174210e744aa503383b31192,COMPLETED_DIAGNOSTIC,0,historical,1.0855801714625042,23562,0.250446428571426,107,118,1.102803738317757,142,142,142,0,27,49,12,12,12,0,2,5,"FCD first observation is presence, not verified JuPedSim insertion; saved timestamps use the actual engine output step despite the requested 1-second device period. See per-agent first-position-update audit. Schedule inferred from deterministic personFlow.",9.625,22294528
Development,DC-063|qp35.3,3,10010,5fba389ffb0882f3e03dca6b390b0b3580a03c6d493b02bbafcf5122da3dc3d1,COMPLETED_DIAGNOSTIC,0,historical,1.108543805020521,26013,0.2764987244897967,142,139,0.9788732394366196,142,142,142,0,24,26,12,12,12,0,2,2,"FCD first observation is presence, not verified JuPedSim insertion; saved timestamps use the actual engine output step despite the requested 1-second device period. See per-agent first-position-update audit. Schedule inferred from deterministic personFlow.",5.327999999979511,22073344
Development,DC-063|qp35.3,3,10011,f17a2763d52e16692736922224542f1564cd1b2ed221d3f055c5f10d312e928a,COMPLETED_DIAGNOSTIC,0,historical,1.143407725663412,25137,0.2671874999999992,142,147,1.0352112676056338,142,142,142,0,30,24,12,12,12,0,3,2,"FCD first observation is presence, not verified JuPedSim insertion; saved timestamps use the actual engine output step despite the requested 1-second device period. See per-agent first-position-update audit. Schedule inferred from deterministic personFlow.",5.281999999890104,22056960
Development,DC-063|qp35.3,3,10012,6633243e29ea3ab02c691b1534d9b6044a1ef25c9758b2ac19db5b3e245d9659,COMPLETED_DIAGNOSTIC,0,historical,1.1103403559329343,25679,0.2729485544217671,142,146,1.028169014084507,142,142,142,0,29,24,12,12,12,0,2,2,"FCD first observation is presence, not verified JuPedSim insertion; saved timestamps use the actual engine output step despite the requested 1-second device period. See per-agent first-position-update audit. Schedule inferred from deterministic personFlow.",6.0,22007808
Development,DC-063|qp35.3,3,10015,2fddeee5ff2974a37c17de3939653ed5fce1d942161e0a2899734ea24d411f8a,COMPLETED_DIAGNOSTIC,0,historical,1.1223975625952096,25601,0.2721194727891181,142,144,1.0140845070422535,142,142,142,0,28,24,12,12,12,0,3,2,"FCD first observation is presence, not verified JuPedSim insertion; saved timestamps use the actual engine output step despite the requested 1-second device period. See per-agent first-position-update audit. Schedule inferred from deterministic personFlow.",5.875,22089728
Development,DC-063|qp35.3,3,10013,3213ddef6285d27b6540f94be1850332b4c7f6d4453641d51c1f32867ed40225,COMPLETED_DIAGNOSTIC,0,historical,1.0585846424901044,27244,0.2895833333333334,142,138,0.971830985915493,142,142,142,0,24,26,12,12,12,0,2,2,"FCD first observation is presence, not verified JuPedSim insertion; saved timestamps use the actual engine output step despite the requested 1-second device period. See per-agent first-position-update audit. Schedule inferred from deterministic personFlow.",6.141000000061467,22110208
Development,DC-063|qp35.3,3,10014,309a81a349b6db01434a8c61d1b848c64c5219c42a2242a89d88ecf834cf6ab9,COMPLETED_DIAGNOSTIC,0,historical,1.090236533868984,26381,0.280410289115647,142,141,0.9929577464788732,142,142,142,0,23,24,12,12,12,0,2,2,"FCD first observation is presence, not verified JuPedSim insertion; saved timestamps use the actual engine output step despite the requested 1-second device period. See per-agent first-position-update audit. Schedule inferred from deterministic personFlow.",5.983999999938533,22069248
Development,DC-063|qp35.3,3,10016,82f73c6f7cd3afdcd5dc5c9168498eb5eab91931474194b90575f14dfb8641e7,COMPLETED_DIAGNOSTIC,0,historical,1.1302525651144426,25340,0.2693452380952406,142,142,1.0,142,142,142,0,27,25,12,12,12,0,3,2,"FCD first observation is presence, not verified JuPedSim insertion; saved timestamps use the actual engine output step despite the requested 1-second device period. See per-agent first-position-update audit. Schedule inferred from deterministic personFlow.",5.9219999997876585,22020096
Development,DC-063|qp35.3,3,10017,cb485e664838a33453a09a2845ce8b5292c25c1548885fa1950c578391d5a58b,COMPLETED_DIAGNOSTIC,0,historical,1.1109721204642569,25933,0.275648384353743,142,142,1.0,142,142,142,0,26,24,12,12,12,0,3,2,"FCD first observation is presence, not verified JuPedSim insertion; saved timestamps use the actual engine output step despite the requested 1-second device period. See per-agent first-position-update audit. Schedule inferred from deterministic personFlow.",5.9060000001918525,22118400
Development,DC-063|qp35.3,3,10019,5a0bba4e26c78b0741f8f2193279c48a5e90638c7e940566e3e177646fbdac6b,COMPLETED_DIAGNOSTIC,0,historical,1.138952294087335,25217,0.2680378401360552,142,143,1.0070422535211268,142,142,142,0,26,26,12,12,12,0,2,1,"FCD first observation is presence, not verified JuPedSim insertion; saved timestamps use the actual engine output step despite the requested 1-second device period. See per-agent first-position-update audit. Schedule inferred from deterministic personFlow.",5.968999999808148,22048768
Development,DC-063|qp35.3,3,10018,ee9a9cda3f26f57448c28d1f038c129215d4cb6d8b0e1e833a6bc5b61c2d559e,COMPLETED_DIAGNOSTIC,0,historical,1.0834593742967178,26658,0.2833545918367366,142,143,1.0070422535211268,142,142,142,0,27,24,12,12,12,0,3,2,"FCD first observation is presence, not verified JuPedSim insertion; saved timestamps use the actual engine output step despite the requested 1-second device period. See per-agent first-position-update audit. Schedule inferred from deterministic personFlow.",6.015000000130385,22052864
Development,DC-063|qp35.3,3,10021,668f4ed155d0576ef3df956646e85b978e63e82fe6e40355f89139ab83f10a76,COMPLETED_DIAGNOSTIC,0,historical,1.0850545015652835,26513,0.2818133503401365,142,141,0.9929577464788732,142,142,142,0,25,26,12,12,12,0,3,2,"FCD first observation is presence, not verified JuPedSim insertion; saved timestamps use the actual engine output step despite the requested 1-second device period. See per-agent first-position-update audit. Schedule inferred from deterministic personFlow.",5.156999999890104,22110208
Development,DC-063|qp35.3,3,10022,cce12d21faa18d6ab319d150774601c8732eb302b1472e4c80e5650f7ad02bd8,COMPLETED_DIAGNOSTIC,0,historical,1.0938768902601703,26253,0.2790497448979578,142,141,0.9929577464788732,142,142,142,0,25,24,12,12,12,0,3,2,"FCD first observation is presence, not verified JuPedSim insertion; saved timestamps use the actual engine output step despite the requested 1-second device period. See per-agent first-position-update audit. Schedule inferred from deterministic personFlow.",5.343000000109896,22147072
Development,DC-063|qp35.3,3,10023,dac9005b57b39b3953fb61e7e230bcc207cc82e2b87552cdb446377ac83ef792,COMPLETED_DIAGNOSTIC,0,historical,1.0994676820489486,26394,0.280548469387755,142,144,1.0140845070422535,142,142,142,0,28,24,12,12,12,0,3,2,"FCD first observation is presence, not verified JuPedSim insertion; saved timestamps use the actual engine output step despite the requested 1-second device period. See per-agent first-position-update audit. Schedule inferred from deterministic personFlow.",5.327999999979511,22024192
Development,DC-063|qp35.3,3,10024,32235dc3483e9dd3775cdbaa6d571f34c4c68ffb0d57bbbed16d4e013afcde85,COMPLETED_DIAGNOSTIC,0,historical,1.10193573454552,25737,0.2735650510204074,142,139,0.9788732394366196,142,142,142,0,26,27,12,12,12,0,2,2,"FCD first observation is presence, not verified JuPedSim insertion; saved timestamps use the actual engine output step despite the requested 1-second device period. See per-agent first-position-update audit. Schedule inferred from deterministic personFlow.",5.344000000040978,22102016
Development,DC-063|qp35.3,3,10026,2157fe96991592f32187a5f0fe113ad08fb59fb3e329174aead4871058bd4bf6,COMPLETED_DIAGNOSTIC,0,historical,1.1407359307359348,24948,0.2651785714285737,142,142,1.0,142,142,142,0,24,23,12,12,12,0,2,2,"FCD first observation is presence, not verified JuPedSim insertion; saved timestamps use the actual engine output step despite the requested 1-second device period. See per-agent first-position-update audit. Schedule inferred from deterministic personFlow.",5.359000000171363,22089728
Development,DC-063|qp35.3,3,10025,3e3f585caf617a6801bb36e99c18ab703c882a5a7f4bc95b7d79cc782405c1ba,COMPLETED_DIAGNOSTIC,0,historical,1.0747396975215011,26911,0.2860437925170079,142,144,1.0140845070422535,142,142,142,0,27,24,12,12,12,0,2,2,"FCD first observation is presence, not verified JuPedSim insertion; saved timestamps use the actual engine output step despite the requested 1-second device period. See per-agent first-position-update audit. Schedule inferred from deterministic personFlow.",5.5,22130688
Development,DC-063|qp35.3,3,10020,03c33b4b7df32d11b7731d82378e1183b081bd72d307a08a1845c99e052ead82,COMPLETED_DIAGNOSTIC,0,historical,0.3136706781735825,66974,0.7118835034013654,39,63,1.6153846153846154,142,142,142,0,24,101,12,12,12,0,2,7,"FCD first observation is presence, not verified JuPedSim insertion; saved timestamps use the actual engine output step despite the requested 1-second device period. See per-agent first-position-update audit. Schedule inferred from deterministic personFlow.",14.077999999979513,22319104
Development,DC-063|qp35.3,3,10028,6969dc73d88a423a933e2f2a5885f58fa1fc473047518a93a01c53ea3242888c,COMPLETED_DIAGNOSTIC,0,historical,1.0883765467351805,26265,0.2791772959183677,142,139,0.9788732394366196,142,142,142,0,25,27,12,12,12,0,2,2,"FCD first observation is presence, not verified JuPedSim insertion; saved timestamps use the actual engine output step despite the requested 1-second device period. See per-agent first-position-update audit. Schedule inferred from deterministic personFlow.",5.077999999979511,22097920
Development,DC-063|qp35.3,3,10029,c866ff71b9919fe0ac327d5e4c3cb062507c51a8d8f2d46476dd7cc3e3d75ce1,COMPLETED_DIAGNOSTIC,0,historical,1.0848673306469827,26306,0.2796130952380952,142,143,1.0070422535211268,142,142,142,0,25,23,12,12,12,0,2,2,"FCD first observation is presence, not verified JuPedSim insertion; saved timestamps use the actual engine output step despite the requested 1-second device period. See per-agent first-position-update audit. Schedule inferred from deterministic personFlow.",5.108999999938533,22142976
Development,DC-063|qp35.3,3,10027,f55240b43cb6e25d71be082c166b419f02f2784a5cd8665519c5a0229e6ec10d,COMPLETED_DIAGNOSTIC,0,historical,1.0911071876961558,25488,0.270918367346937,137,133,0.9708029197080292,142,142,142,0,31,38,12,12,12,0,3,2,"FCD first observation is presence, not verified JuPedSim insertion; saved timestamps use the actual engine output step despite the requested 1-second device period. See per-agent first-position-update audit. Schedule inferred from deterministic personFlow.",5.843000000109896,22061056
Development,DC-063|qp35.3,4,10000,3cecee8f139977feae874a0de6f2be7fea1869768dc745bdf704f991c1b28041,COMPLETED_DIAGNOSTIC,0,historical,1.1168510488690635,25599,0.2720982142857158,142,141,0.9929577464788732,142,142,142,0,27,26,16,16,16,0,3,3,"FCD first observation is presence, not verified JuPedSim insertion; saved timestamps use the actual engine output step despite the requested 1-second device period. See per-agent first-position-update audit. Schedule inferred from deterministic personFlow.",3.9839999999385327,22171648
Development,DC-063|qp35.3,4,10002,630f53bebdc267d6d391d0c651ea40686c1956c270528b0a46b47c4fcf2115c2,COMPLETED_DIAGNOSTIC,0,historical,1.0740545447667902,26437,0.2810055272108864,142,142,1.0,142,142,142,0,29,28,16,16,16,0,3,3,"FCD first observation is presence, not verified JuPedSim insertion; saved timestamps use the actual engine output step despite the requested 1-second device period. See per-agent first-position-update audit. Schedule inferred from deterministic personFlow.",5.094000000040978,22114304
Development,DC-063|qp35.3,4,10001,53b9038fd8062b0507f99a7cf183e3bf7eef926d86c2b832d32e75c7d4ec4a75,COMPLETED_DIAGNOSTIC,0,historical,1.0930701292844467,26608,0.2828231292517026,142,142,1.0,142,142,142,0,26,25,16,16,16,0,3,3,"FCD first observation is presence, not verified JuPedSim insertion; saved timestamps use the actual engine output step despite the requested 1-second device period. See per-agent first-position-update audit. Schedule inferred from deterministic personFlow.",5.281999999890104,22138880
Development,DC-063|qp35.3,4,10003,0aa4f12b6c4a02a0d9d7193d2266f55cf5ba1e31c4f57118a271bebe73c8e1cc,COMPLETED_DIAGNOSTIC,0,historical,1.0711331120944134,27120,0.2882653061224478,142,142,1.0,142,142,142,0,27,25,16,16,16,0,3,3,"FCD first observation is presence, not verified JuPedSim insertion; saved timestamps use the actual engine output step despite the requested 1-second device period. See per-agent first-position-update audit. Schedule inferred from deterministic personFlow.",5.390000000130385,22081536
Development,DC-063|qp35.3,4,10004,13a0a21b561c8cc01845e5167a8e84cb78c188d80a852f85650d102bb79dd2e1,COMPLETED_DIAGNOSTIC,0,historical,1.089613284804414,26376,0.280357142857143,142,141,0.9929577464788732,142,142,142,0,26,26,16,16,16,0,3,3,"FCD first observation is presence, not verified JuPedSim insertion; saved timestamps use the actual engine output step despite the requested 1-second device period. See per-agent first-position-update audit. Schedule inferred from deterministic personFlow.",4.280999999959022,22126592
Development,DC-063|qp35.3,4,10005,c7eb2a40557a57fb979414c559d5fc6925c0d963c3539632f85f4c34f1e37a4c,COMPLETED_DIAGNOSTIC,0,historical,1.049809036034411,27335,0.290550595238096,142,141,0.9929577464788732,142,142,142,0,25,26,16,16,16,0,3,3,"FCD first observation is presence, not verified JuPedSim insertion; saved timestamps use the actual engine output step despite the requested 1-second device period. See per-agent first-position-update audit. Schedule inferred from deterministic personFlow.",5.484999999869615,22081536
Development,DC-063|qp35.3,4,10006,a00fab3b1dc4b751c1dc1ce5ff664771d13c86a1401991eea7c4f3fd744226f2,COMPLETED_DIAGNOSTIC,0,historical,1.0674976854423632,27003,0.2870216836734736,142,143,1.0070422535211268,142,142,142,0,27,25,16,16,16,0,3,3,"FCD first observation is presence, not verified JuPedSim insertion; saved timestamps use the actual engine output step despite the requested 1-second device period. See per-agent first-position-update audit. Schedule inferred from deterministic personFlow.",5.672000000020489,22151168
Development,DC-063|qp35.3,4,10007,d4b7fdc6f725ceab8ad2e6e14baaecba85c512b309f3bc49b85224142531d46b,COMPLETED_DIAGNOSTIC,0,historical,1.0789675174013638,26722,0.2840348639455792,142,140,0.9859154929577464,142,142,142,0,25,25,16,16,16,0,3,3,"FCD first observation is presence, not verified JuPedSim insertion; saved timestamps use the actual engine output step despite the requested 1-second device period. See per-agent first-position-update audit. Schedule inferred from deterministic personFlow.",5.562000000150874,22147072
Development,DC-063|qp35.3,4,10008,2c0dd9eb2b8e8af76b9263d74ff9bf5f7fd243f034e7b6d27728671cd366810a,COMPLETED_DIAGNOSTIC,0,historical,1.0646071879409211,26934,0.2862882653061249,142,139,0.9788732394366196,142,142,142,0,26,29,16,16,16,0,2,3,"FCD first observation is presence, not verified JuPedSim insertion; saved timestamps use the actual engine output step despite the requested 1-second device period. See per-agent first-position-update audit. Schedule inferred from deterministic personFlow.",5.343999999808148,22114304
Development,DC-063|qp35.3,4,10010,79606b8397a262f539dac3a7ecbe0466362d3555fbf3c5c38d3745da5e49018e,COMPLETED_DIAGNOSTIC,0,historical,1.0939629601746323,26566,0.2823767006802732,142,139,0.9788732394366196,142,142,142,0,24,26,16,16,16,0,2,3,"FCD first observation is presence, not verified JuPedSim insertion; saved timestamps use the actual engine output step despite the requested 1-second device period. See per-agent first-position-update audit. Schedule inferred from deterministic personFlow.",4.297000000020489,22233088
Development,DC-063|qp35.3,4,10011,def82e97efdd4c57dc1b2aae483f2931f73756284e7ad3264850f54499182037,COMPLETED_DIAGNOSTIC,0,historical,1.0892554629421458,26634,0.2830994897959214,142,145,1.0211267605633805,142,142,142,0,30,25,16,16,16,0,3,3,"FCD first observation is presence, not verified JuPedSim insertion; saved timestamps use the actual engine output step despite the requested 1-second device period. See per-agent first-position-update audit. Schedule inferred from deterministic personFlow.",4.437999999849126,22175744
Development,DC-063|qp35.3,4,10014,69ea7e9939929ec749896a40618fc1b2294b4c556bb12fcc33f904480b85f0b0,COMPLETED_DIAGNOSTIC,0,historical,1.0744835689506596,26809,0.2849596088435392,142,143,1.0070422535211268,142,142,142,0,24,22,16,16,16,0,2,3,"FCD first observation is presence, not verified JuPedSim insertion; saved timestamps use the actual engine output step despite the requested 1-second device period. See per-agent first-position-update audit. Schedule inferred from deterministic personFlow.",4.156999999890104,22032384
Development,DC-063|qp35.3,4,10015,19ea3ff870510136a3980dd980bb20d299835cef66356894e02e02bf2c45cfa3,COMPLETED_DIAGNOSTIC,0,historical,1.0850270290704034,26453,0.2811755952380965,142,143,1.0070422535211268,142,142,142,0,28,26,16,16,16,0,3,2,"FCD first observation is presence, not verified JuPedSim insertion; saved timestamps use the actual engine output step despite the requested 1-second device period. See per-agent first-position-update audit. Schedule inferred from deterministic personFlow.",4.093000000109896,22155264
Development,DC-063|qp35.3,4,10016,5ca20cdd9343eb578bf239ebc9cc4d372e563b83eb20726eae3da2ae862bba3b,COMPLETED_DIAGNOSTIC,0,historical,1.099567283737678,26091,0.2773278061224505,142,142,1.0,142,142,142,0,27,25,16,16,16,0,3,3,"FCD first observation is presence, not verified JuPedSim insertion; saved timestamps use the actual engine output step despite the requested 1-second device period. See per-agent first-position-update audit. Schedule inferred from deterministic personFlow.",5.593999999808148,22228992
Development,DC-063|qp35.3,4,10009,95e9035ee7a92b19a23c326ae07451c48817570a0f3eaa69397a3715afc2b927,COMPLETED_DIAGNOSTIC,0,historical,0.1902306939511862,90943,0.9666560374149638,22,49,2.227272727272727,142,142,142,0,27,118,16,16,16,0,3,13,"FCD first observation is presence, not verified JuPedSim insertion; saved timestamps use the actual engine output step despite the requested 1-second device period. See per-agent first-position-update audit. Schedule inferred from deterministic personFlow.",19.65600000019185,22384640
Development,DC-063|qp35.3,4,10013,f0e33b005fbf83a7d644fb5e89f99b558b204ddb59bddc8e8a2108d501e9137b,COMPLETED_DIAGNOSTIC,0,historical,0.9908368253968126,23625,0.2511160714285718,59,80,1.3559322033898304,142,142,142,0,24,84,16,16,16,0,3,8,"FCD first observation is presence, not verified JuPedSim insertion; saved timestamps use the actual engine output step despite the requested 1-second device period. See per-agent first-position-update audit. Schedule inferred from deterministic personFlow.",15.187000000150874,22470656
Development,DC-063|qp35.3,4,10017,203388bd7a42483808ed030cafbff905fd443f06f8248d6a18d0d6cc2a614c91,COMPLETED_DIAGNOSTIC,0,historical,1.0638238119872645,27062,0.2876488095238099,142,141,0.9929577464788732,142,142,142,0,28,28,16,16,16,0,3,3,"FCD first observation is presence, not verified JuPedSim insertion; saved timestamps use the actual engine output step despite the requested 1-second device period. See per-agent first-position-update audit. Schedule inferred from deterministic personFlow.",5.922000000020489,22085632
Development,DC-063|qp35.3,4,10019,6802dc8ec39bec0169e19fad7ce916c70acebbd3e86fd23292748479801110c8,COMPLETED_DIAGNOSTIC,0,historical,1.1187431286320624,25468,0.2707057823129236,142,145,1.0211267605633805,142,142,142,0,26,23,16,16,16,0,2,2,"FCD first observation is presence, not verified JuPedSim insertion; saved timestamps use the actual engine output step despite the requested 1-second device period. See per-agent first-position-update audit. Schedule inferred from deterministic personFlow.",5.827999999979511,22142976
Development,DC-063|qp35.3,4,10018,35f14b65433b34b59c30ecff44d5bbff1f9f94904a1c917156200833a59ec474,COMPLETED_DIAGNOSTIC,0,historical,1.037332565588266,27787,0.2953550170068022,142,145,1.0211267605633805,142,142,142,0,28,24,16,16,16,0,3,3,"FCD first observation is presence, not verified JuPedSim insertion; saved timestamps use the actual engine output step despite the requested 1-second device period. See per-agent first-position-update audit. Schedule inferred from deterministic personFlow.",6.202999999979511,22089728
Development,DC-063|qp35.3,4,10012,830f92485bdab90bc8078c1ac784c2d09510383af6319e664a5706b5a2fc8451,COMPLETED_DIAGNOSTIC,0,historical,0.0731137653737705,135296,1.4380952380952428,0,15,1.0,142,142,142,0,33,158,16,16,16,0,4,19,"FCD first observation is presence, not verified JuPedSim insertion; saved timestamps use the actual engine output step despite the requested 1-second device period. See per-agent first-position-update audit. Schedule inferred from deterministic personFlow.",27.296000000089407,22552576
Development,DC-063|qp35.3,4,10020,d82d401840d5d3b6f6a23ca2d03f8172c1db653b98178d9b4969d0f0aea59a0d,COMPLETED_DIAGNOSTIC,0,historical,1.0298720812914015,27752,0.2949829931972815,142,141,0.9929577464788732,142,142,142,0,26,25,16,16,16,0,3,3,"FCD first observation is presence, not verified JuPedSim insertion; saved timestamps use the actual engine output step despite the requested 1-second device period. See per-agent first-position-update audit. Schedule inferred from deterministic personFlow.",4.984999999869615,22110208
Development,DC-063|qp35.3,4,10021,a02eade516a8fc9596118f8f259b8096889c4893df5732659319650436f9db45,COMPLETED_DIAGNOSTIC,0,historical,1.0954296209338577,26407,0.2806866496598655,142,143,1.0070422535211268,142,142,142,0,26,23,16,16,16,0,3,3,"FCD first observation is presence, not verified JuPedSim insertion; saved timestamps use the actual engine output step despite the requested 1-second device period. See per-agent first-position-update audit. Schedule inferred from deterministic personFlow.",5.188000000081956,22077440
Development,DC-063|qp35.3,4,10022,36eb4ddc97bc9936a1d2cb719d4a53cbb4d271d7ad9b97cc68712806b0a71f26,COMPLETED_DIAGNOSTIC,0,historical,1.0950570881225823,26100,0.2774234693877578,142,139,0.9788732394366196,142,142,142,0,25,26,16,16,16,0,3,3,"FCD first observation is presence, not verified JuPedSim insertion; saved timestamps use the actual engine output step despite the requested 1-second device period. See per-agent first-position-update audit. Schedule inferred from deterministic personFlow.",5.188000000081956,22052864
Development,DC-063|qp35.3,4,10023,54f032a2accab82887bfa78b65f039b63bcf85920701967779adac5238be4e1b,COMPLETED_DIAGNOSTIC,0,historical,1.103241601967821,26018,0.2765518707482998,142,147,1.0352112676056338,142,142,142,0,30,23,16,16,16,0,3,3,"FCD first observation is presence, not verified JuPedSim insertion; saved timestamps use the actual engine output step despite the requested 1-second device period. See per-agent first-position-update audit. Schedule inferred from deterministic personFlow.",4.437000000150874,22216704
Development,DC-063|qp35.3,4,10024,d6efe58c1f9432310d4d23e695d0cbdfa9820f28b7feaf3353da957ddb1ba0ab,COMPLETED_DIAGNOSTIC,0,historical,1.06464890767077,26503,0.2817070578231282,142,142,1.0,142,142,142,0,26,25,16,16,16,0,3,3,"FCD first observation is presence, not verified JuPedSim insertion; saved timestamps use the actual engine output step despite the requested 1-second device period. See per-agent first-position-update audit. Schedule inferred from deterministic personFlow.",4.343999999808148,22110208
Development,DC-063|qp35.3,4,10025,66b6e3d1ac8fde322878636c86b46ee8ace64f63914cc012785f028d76a7f5e5,COMPLETED_DIAGNOSTIC,0,historical,1.035422413170652,27698,0.2944090136054425,142,140,0.9859154929577464,142,142,142,0,27,28,16,16,16,0,3,3,"FCD first observation is presence, not verified JuPedSim insertion; saved timestamps use the actual engine output step despite the requested 1-second device period. See per-agent first-position-update audit. Schedule inferred from deterministic personFlow.",5.233999999938533,22228992
Development,DC-063|qp35.3,4,10026,0b68db6efaec31e9021831b680d6d7f9ac663cf9586030024ac8ff30071fb087,COMPLETED_DIAGNOSTIC,0,historical,1.020057914371994,28145,0.2991602891156427,142,132,0.9295774647887324,142,142,142,0,24,32,16,16,16,0,3,4,"FCD first observation is presence, not verified JuPedSim insertion; saved timestamps use the actual engine output step despite the requested 1-second device period. See per-agent first-position-update audit. Schedule inferred from deterministic personFlow.",5.312000000150874,22163456
Development,DC-063|qp35.3,4,10027,ce799d98434063c5f4b76dc082c66670e3568a5460e2657f4e7fb2e0bc1d1950,COMPLETED_DIAGNOSTIC,0,historical,0.9751681629371572,29852,0.3173044217687075,142,145,1.0211267605633805,142,142,142,0,32,27,16,16,16,0,3,3,"FCD first observation is presence, not verified JuPedSim insertion; saved timestamps use the actual engine output step despite the requested 1-second device period. See per-agent first-position-update audit. Schedule inferred from deterministic personFlow.",4.812000000150874,22171648
Development,DC-063|qp35.3,4,10028,227c7d6d227da04ad0938efafdfcae2f12f623fbdf8c578a39b967fd923c344c,COMPLETED_DIAGNOSTIC,0,historical,1.0688429444195733,26844,0.28533163265306,142,137,0.9647887323943662,142,142,142,0,25,28,16,16,16,0,2,3,"FCD first observation is presence, not verified JuPedSim insertion; saved timestamps use the actual engine output step despite the requested 1-second device period. See per-agent first-position-update audit. Schedule inferred from deterministic personFlow.",4.1399999998975545,22122496
Development,NTP-newtaipei-idx11355-0-2|qp31,0,10000,0773a8e8ac5a85d771427202dfd3edfcea901383eb5ab71e9a29ac870d5901b0,COMPLETED_DIAGNOSTIC,0,historical,1.313603088966392,18906,0.0644639934533563,124,123,0.9919354838709676,124,124,124,0,18,19,0,0,0,0,0,0,"FCD first observation is presence, not verified JuPedSim insertion; saved timestamps use the actual engine output step despite the requested 1-second device period. See per-agent first-position-update audit. Schedule inferred from deterministic personFlow.",3.577999999979511,21983232
Development,NTP-newtaipei-idx11355-0-2|qp31,0,10001,ec68d7874d2634597d372daf52be5afdbac9bfd6b4dff5ac4fac08700679e8fa,COMPLETED_DIAGNOSTIC,0,historical,1.307123752807686,19143,0.0652720949263507,124,125,1.0080645161290325,124,124,124,0,21,21,0,0,0,0,0,0,"FCD first observation is presence, not verified JuPedSim insertion; saved timestamps use the actual engine output step despite the requested 1-second device period. See per-agent first-position-update audit. Schedule inferred from deterministic personFlow.",3.375,21917696
Development,DC-063|qp35.3,4,10029,bad4b0d1fdc88c75b8339ceaea1a4ac30c325b8a0cb59b1d6cc6d869ce9097bf,COMPLETED_DIAGNOSTIC,0,historical,1.1036110786945088,25707,0.2732461734693898,142,141,0.9929577464788732,142,142,142,0,25,24,16,16,16,0,2,3,"FCD first observation is presence, not verified JuPedSim insertion; saved timestamps use the actual engine output step despite the requested 1-second device period. See per-agent first-position-update audit. Schedule inferred from deterministic personFlow.",4.702999999979511,22069248
Development,NTP-newtaipei-idx11355-0-2|qp31,0,10002,674069737d95822f93025faccbc72bb201065206bfb03a41b1eaf7ff17aa10f7,COMPLETED_DIAGNOSTIC,0,historical,1.237011653855617,20165,0.0687568194217134,124,127,1.0241935483870968,124,124,124,0,23,20,0,0,0,0,0,0,"FCD first observation is presence, not verified JuPedSim insertion; saved timestamps use the actual engine output step despite the requested 1-second device period. See per-agent first-position-update audit. Schedule inferred from deterministic personFlow.",3.047000000020489,22138880
Development,NTP-newtaipei-idx11355-0-2|qp31,0,10003,f3ad8cb57321653c7e1b1ff6c5a704f84c2b9df8de9142f675fca104f41856ad,COMPLETED_DIAGNOSTIC,0,historical,1.2610939790708573,19781,0.0674474904528099,124,127,1.0241935483870968,124,124,124,0,21,19,0,0,0,0,0,0,"FCD first observation is presence, not verified JuPedSim insertion; saved timestamps use the actual engine output step despite the requested 1-second device period. See per-agent first-position-update audit. Schedule inferred from deterministic personFlow.",3.202999999979511,22245376
Development,NTP-newtaipei-idx11355-0-2|qp31,0,10004,6a428887fa9675324e0bef5840bea3ee86c3a4943b18852e5b9a2a14f4fb1cfa,COMPLETED_DIAGNOSTIC,0,historical,1.2550679769845767,19639,0.0669633115111844,124,124,1.0,124,124,124,0,19,19,0,0,0,0,0,0,"FCD first observation is presence, not verified JuPedSim insertion; saved timestamps use the actual engine output step despite the requested 1-second device period. See per-agent first-position-update audit. Schedule inferred from deterministic personFlow.",3.515000000130385,22122496
Development,NTP-newtaipei-idx11355-0-2|qp31,0,10005,9617bb6aa708773f875ecc78db39d602152bb374a73b0549de07fa4f74c3792c,COMPLETED_DIAGNOSTIC,0,historical,1.2047717038687182,20653,0.0704207583196953,124,125,1.0080645161290325,124,124,124,0,19,19,0,0,0,0,0,0,"FCD first observation is presence, not verified JuPedSim insertion; saved timestamps use the actual engine output step despite the requested 1-second device period. See per-agent first-position-update audit. Schedule inferred from deterministic personFlow.",3.375,22118400
Development,NTP-newtaipei-idx11355-0-2|qp31,0,10006,bb61973b6b0c1e117180a6efacf7942a7880c6533f343e854c6d1dce8af37d71,COMPLETED_DIAGNOSTIC,0,historical,1.2717809762843642,19523,0.0665677850518288,124,127,1.0241935483870968,124,124,124,0,22,19,0,0,0,0,0,0,"FCD first observation is presence, not verified JuPedSim insertion; saved timestamps use the actual engine output step despite the requested 1-second device period. See per-agent first-position-update audit. Schedule inferred from deterministic personFlow.",2.922000000020489,22188032
Development,NTP-newtaipei-idx11355-0-2|qp31,0,10007,e7aa34c03a565791227079a795d6908781eb9077c5ca0501afe4a85d91e53970,COMPLETED_DIAGNOSTIC,0,historical,1.2638699408821557,19791,0.0674815875613757,124,121,0.9758064516129032,124,124,124,0,18,21,0,0,0,0,0,0,"FCD first observation is presence, not verified JuPedSim insertion; saved timestamps use the actual engine output step despite the requested 1-second device period. See per-agent first-position-update audit. Schedule inferred from deterministic personFlow.",2.905999999959022,22106112
Development,NTP-newtaipei-idx11355-0-2|qp31,0,10008,76af4fa3e787c3bda6ac93479b53cdb56aa889de7daa50710f7384b4532d2c57,COMPLETED_DIAGNOSTIC,0,historical,1.238426775738316,20048,0.0683578832515014,124,122,0.9838709677419356,124,124,124,0,19,22,0,0,0,0,0,0,"FCD first observation is presence, not verified JuPedSim insertion; saved timestamps use the actual engine output step despite the requested 1-second device period. See per-agent first-position-update audit. Schedule inferred from deterministic personFlow.",3.094000000040978,22167552
Development,NTP-newtaipei-idx11355-0-2|qp31,0,10009,a96e77fdb9c9d349351dddf43882e532a996f898cdc80907a0f0018857977cbe,COMPLETED_DIAGNOSTIC,0,historical,1.273680423497951,19457,0.066342744135298,124,122,0.9838709677419356,124,124,124,0,19,21,0,0,0,0,0,0,"FCD first observation is presence, not verified JuPedSim insertion; saved timestamps use the actual engine output step despite the requested 1-second device period. See per-agent first-position-update audit. Schedule inferred from deterministic personFlow.",3.343000000109896,22126592
Development,NTP-newtaipei-idx11355-0-2|qp31,0,10010,05156cdd58091b5ba304630474f8b807616809c74c663a2d01c7321e5e83ecc7,COMPLETED_DIAGNOSTIC,0,historical,1.2596225938464305,19793,0.0674884069830887,124,120,0.967741935483871,124,124,124,0,19,23,0,0,0,0,0,0,"FCD first observation is presence, not verified JuPedSim insertion; saved timestamps use the actual engine output step despite the requested 1-second device period. See per-agent first-position-update audit. Schedule inferred from deterministic personFlow.",3.1410000000614677,22114304
Development,NTP-newtaipei-idx11355-0-2|qp31,0,10011,a5501161ab823d31d064befd9f9b5ab06530a3f87f7f2ac3b7d5e89be3257fb1,COMPLETED_DIAGNOSTIC,0,historical,1.2984151502326946,18904,0.0644571740316429,124,126,1.0161290322580645,124,124,124,0,22,20,0,0,0,0,0,0,"FCD first observation is presence, not verified JuPedSim insertion; saved timestamps use the actual engine output step despite the requested 1-second device period. See per-agent first-position-update audit. Schedule inferred from deterministic personFlow.",3.0,22188032
Development,NTP-newtaipei-idx11355-0-2|qp31,0,10012,51c09f74af55478ebc3f528c3db47fedef136899c829d774c33cce0d6ac434f3,COMPLETED_DIAGNOSTIC,0,historical,1.277847204525814,19621,0.0669019367157674,124,124,1.0,124,124,124,0,19,20,0,0,0,0,0,0,"FCD first observation is presence, not verified JuPedSim insertion; saved timestamps use the actual engine output step despite the requested 1-second device period. See per-agent first-position-update audit. Schedule inferred from deterministic personFlow.",3.25,22151168
Development,NTP-newtaipei-idx11355-0-2|qp31,0,10014,954392cd0f73965bc1036252f4c2e8c3ae79aafd97a1accbc33cd7766538241d,COMPLETED_DIAGNOSTIC,0,historical,1.27569796248543,19779,0.0674406710310976,124,119,0.9596774193548387,124,124,124,0,17,23,0,0,0,0,0,0,"FCD first observation is presence, not verified JuPedSim insertion; saved timestamps use the actual engine output step despite the requested 1-second device period. See per-agent first-position-update audit. Schedule inferred from deterministic personFlow.",3.4839999999385327,22089728
Development,NTP-newtaipei-idx11355-0-2|qp31,0,10013,486e3c3d996d8bb4bf16090454923c4cc21005a2f8979841dbee54e3a3995817,COMPLETED_DIAGNOSTIC,0,historical,1.2593732006667346,19799,0.0675088652482274,124,124,1.0,124,124,124,0,19,19,0,0,0,0,0,0,"FCD first observation is presence, not verified JuPedSim insertion; saved timestamps use the actual engine output step despite the requested 1-second device period. See per-agent first-position-update audit. Schedule inferred from deterministic personFlow.",3.718000000109896,22118400
Development,NTP-newtaipei-idx11355-0-2|qp31,0,10015,91834bc671ba2499731efa17d522ef325cab56dd40f1e048c89f72c3b811f378,COMPLETED_DIAGNOSTIC,0,historical,1.2756741283267463,19388,0.066107474086198,124,125,1.0080645161290325,124,124,124,0,20,19,0,0,0,0,0,0,"FCD first observation is presence, not verified JuPedSim insertion; saved timestamps use the actual engine output step despite the requested 1-second device period. See per-agent first-position-update audit. Schedule inferred from deterministic personFlow.",3.0620000001508743,22269952
Development,NTP-newtaipei-idx11355-0-2|qp31,0,10016,a6dce3b8dae674ffd124b7fe58ea7da022979df84a9b3e7e0db5baaaee1cdab8,COMPLETED_DIAGNOSTIC,0,historical,1.3056915823489468,18877,0.0643651118385172,124,127,1.0241935483870968,124,124,124,0,21,20,0,0,0,0,0,0,"FCD first observation is presence, not verified JuPedSim insertion; saved timestamps use the actual engine output step despite the requested 1-second device period. See per-agent first-position-update audit. Schedule inferred from deterministic personFlow.",2.828999999910593,22130688
Development,NTP-newtaipei-idx11355-0-2|qp31,0,10017,0eb826aff962b4b75497d884ffbadc8c6cc44334c4e81bcf27888afff0e1519d,COMPLETED_DIAGNOSTIC,0,historical,1.234977386809717,20121,0.0686067921440271,124,122,0.9838709677419356,124,124,124,0,20,22,0,0,0,0,0,0,"FCD first observation is presence, not verified JuPedSim insertion; saved timestamps use the actual engine output step despite the requested 1-second device period. See per-agent first-position-update audit. Schedule inferred from deterministic personFlow.",3.25,22179840
Development,NTP-newtaipei-idx11355-0-2|qp31,0,10018,23ca6bfbcf3b30844d374c39f636424011c05a991cfb579e3e40f66148e5ad24,COMPLETED_DIAGNOSTIC,0,historical,1.2821346972686851,19258,0.0656642116748508,124,123,0.9919354838709676,124,124,124,0,20,21,0,0,0,0,0,0,"FCD first observation is presence, not verified JuPedSim insertion; saved timestamps use the actual engine output step despite the requested 1-second device period. See per-agent first-position-update audit. Schedule inferred from deterministic personFlow.",3.484000000171364,22069248
Development,NTP-newtaipei-idx11355-0-2|qp31,0,10019,e150147814e0416bca9ecdac8d0ca5d80e6a3d469910d145ae2ab95687ab96cc,COMPLETED_DIAGNOSTIC,0,historical,1.2738561855671164,19400,0.0661483906164763,124,124,1.0,124,124,124,0,19,19,0,0,0,0,0,0,"FCD first observation is presence, not verified JuPedSim insertion; saved timestamps use the actual engine output step despite the requested 1-second device period. See per-agent first-position-update audit. Schedule inferred from deterministic personFlow.",3.0629999998491257,22163456
Development,NTP-newtaipei-idx11355-0-2|qp31,0,10020,cc2860a8979bc5d6c105a8ed4000bbd9a3810ea9dae57d033813cf83175086dd,COMPLETED_DIAGNOSTIC,0,historical,1.2106520577229505,20581,0.0701752591380261,124,125,1.0080645161290325,124,124,124,0,20,20,0,0,0,0,0,0,"FCD first observation is presence, not verified JuPedSim insertion; saved timestamps use the actual engine output step despite the requested 1-second device period. See per-agent first-position-update audit. Schedule inferred from deterministic personFlow.",3.1409999998286366,22208512
Development,NTP-newtaipei-idx11355-0-2|qp31,0,10021,b008702cb76b4e28c76beb64997be2a2200435104b2096739cddf40b5395d513,COMPLETED_DIAGNOSTIC,0,historical,1.2598444915682665,19806,0.067532733224224,124,128,1.032258064516129,124,124,124,0,21,18,0,0,0,0,0,0,"FCD first observation is presence, not verified JuPedSim insertion; saved timestamps use the actual engine output step despite the requested 1-second device period. See per-agent first-position-update audit. Schedule inferred from deterministic personFlow.",3.4370000001508743,22122496
Development,NTP-newtaipei-idx11355-0-2|qp31,0,10022,06b03d617d18f5444473b25f55fa66946f0c7a5dc5671a96e6537784738d83d0,COMPLETED_DIAGNOSTIC,0,historical,1.281264546159724,19335,0.0659267594108033,124,125,1.0080645161290325,124,124,124,0,22,21,0,0,0,0,0,0,"FCD first observation is presence, not verified JuPedSim insertion; saved timestamps use the actual engine output step despite the requested 1-second device period. See per-agent first-position-update audit. Schedule inferred from deterministic personFlow.",3.844000000040978,22228992
Development,NTP-newtaipei-idx11355-0-2|qp31,0,10023,45b6c9275834cc6c416369ed5b98e1a5c07971478a0dff3f4c85c4c8c2ff6357,COMPLETED_DIAGNOSTIC,0,historical,1.2715277635750384,19558,0.0666871249318064,124,127,1.0241935483870968,124,124,124,0,22,19,0,0,0,0,0,0,"FCD first observation is presence, not verified JuPedSim insertion; saved timestamps use the actual engine output step despite the requested 1-second device period. See per-agent first-position-update audit. Schedule inferred from deterministic personFlow.",3.593000000109896,22138880
Development,NTP-newtaipei-idx11355-0-2|qp31,0,10024,bfa03eaf83dc5dabffac0ccdcd41db22c934fd2a975fafd6ed20dce152e5c51d,COMPLETED_DIAGNOSTIC,0,historical,1.285160770869053,19251,0.0656403436988551,124,124,1.0,124,124,124,0,19,20,0,0,0,0,0,0,"FCD first observation is presence, not verified JuPedSim insertion; saved timestamps use the actual engine output step despite the requested 1-second device period. See per-agent first-position-update audit. Schedule inferred from deterministic personFlow.",3.093000000109896,22188032
Development,NTP-newtaipei-idx11355-0-2|qp31,0,10025,1822c075edbcd8aa0501fd4da15a822e8aa8355666105ac226f522694cb8e529,COMPLETED_DIAGNOSTIC,0,historical,1.2775598880017167,19286,0.065759683578833,124,123,0.9919354838709676,124,124,124,0,18,20,0,0,0,0,0,0,"FCD first observation is presence, not verified JuPedSim insertion; saved timestamps use the actual engine output step despite the requested 1-second device period. See per-agent first-position-update audit. Schedule inferred from deterministic personFlow.",3.078999999910593,22159360
Development,NTP-newtaipei-idx11355-0-2|qp31,0,10027,10de0ac4b1e2e91698b80f8e47926d7e3ad72220b0299e5adcbe06d0d4daaa88,COMPLETED_DIAGNOSTIC,0,historical,1.245349244471134,19986,0.0681464811783967,124,126,1.0161290322580645,124,124,124,0,22,21,0,0,0,0,0,0,"FCD first observation is presence, not verified JuPedSim insertion; saved timestamps use the actual engine output step despite the requested 1-second device period. See per-agent first-position-update audit. Schedule inferred from deterministic personFlow.",3.5160000000614677,22077440
Development,NTP-newtaipei-idx11355-0-2|qp31,0,10026,29270677e5373e8ab4f249dea22dd66f08e2350319b0b6c5b33e15903f40d2de,COMPLETED_DIAGNOSTIC,0,historical,1.3004911931222654,19076,0.0650436442989642,124,125,1.0080645161290325,124,124,124,0,19,18,0,0,0,0,0,0,"FCD first observation is presence, not verified JuPedSim insertion; saved timestamps use the actual engine output step despite the requested 1-second device period. See per-agent first-position-update audit. Schedule inferred from deterministic personFlow.",3.827999999979511,22183936
Development,NTP-newtaipei-idx11355-0-2|qp31,0,10028,18692b18ec33b8aebe40e2825dcbea22022ce44bf88ca5cc2c837fb41ef8b59f,COMPLETED_DIAGNOSTIC,0,historical,1.2882458677685975,19360,0.0660120021822159,124,125,1.0080645161290325,124,124,124,0,19,19,0,0,0,0,0,0,"FCD first observation is presence, not verified JuPedSim insertion; saved timestamps use the actual engine output step despite the requested 1-second device period. See per-agent first-position-update audit. Schedule inferred from deterministic personFlow.",3.3439999998081475,22224896
Development,NTP-newtaipei-idx11355-0-2|qp31,0,10029,15d337fa0ecd9a90ab8b26572155919ddf6f4d41b00caf29c0eeb1eee9afcc7b,COMPLETED_DIAGNOSTIC,0,historical,1.2679352992283308,19567,0.0667178123295156,124,124,1.0,124,124,124,0,20,20,0,0,0,0,0,0,"FCD first observation is presence, not verified JuPedSim insertion; saved timestamps use the actual engine output step despite the requested 1-second device period. See per-agent first-position-update audit. Schedule inferred from deterministic personFlow.",2.953999999910593,22102016
Development,NTP-newtaipei-idx11355-0-2|qp31,15,10000,e9898513e64141404da99402026801482cc46b86905b60324cd7b395428d8c92,COMPLETED_DIAGNOSTIC,0,historical,1.2684600449621422,19572,0.0667348608837974,124,123,0.9919354838709676,124,124,124,0,19,20,60,60,60,0,11,11,"FCD first observation is presence, not verified JuPedSim insertion; saved timestamps use the actual engine output step despite the requested 1-second device period. See per-agent first-position-update audit. Schedule inferred from deterministic personFlow.",5.203999999910593,22499328
Development,NTP-newtaipei-idx11355-0-2|qp31,15,10001,c0d8c9d52c4da87b3bf84c8508a1101344dc61b451a23c6f248dca22e032658c,COMPLETED_DIAGNOSTIC,0,historical,1.2642907189276371,19696,0.0671576650300067,124,124,1.0,124,124,124,0,21,21,60,60,60,0,10,10,"FCD first observation is presence, not verified JuPedSim insertion; saved timestamps use the actual engine output step despite the requested 1-second device period. See per-agent first-position-update audit. Schedule inferred from deterministic personFlow.",5.469000000040978,22491136
Development,NTP-newtaipei-idx11355-0-2|qp31,15,10002,8844f09e8e3730f73f34af5254bf4fc67643688d2174af3328b4aaa8f0fda7ec,COMPLETED_DIAGNOSTIC,0,historical,1.1633515871542284,21548,0.0734724495362804,124,128,1.032258064516129,124,124,124,0,25,22,60,60,60,0,13,10,"FCD first observation is presence, not verified JuPedSim insertion; saved timestamps use the actual engine output step despite the requested 1-second device period. See per-agent first-position-update audit. Schedule inferred from deterministic personFlow.",5.844000000040978,22630400
Development,NTP-newtaipei-idx11355-0-2|qp31,15,10003,42912ea57e1c1925b1bfcdd5f9cef969d86b9a3140f099da834032558515a0df,COMPLETED_DIAGNOSTIC,0,historical,1.2152595206588157,20403,0.0695683306055653,124,124,1.0,124,124,124,0,21,22,60,60,60,0,11,11,"FCD first observation is presence, not verified JuPedSim insertion; saved timestamps use the actual engine output step despite the requested 1-second device period. See per-agent first-position-update audit. Schedule inferred from deterministic personFlow.",4.781999999890104,22609920
Development,NTP-newtaipei-idx11355-0-2|qp31,15,10004,8698ee31a449896f4015373f53ad906c3f625be0243d42e2c9eea80bd304628b,COMPLETED_DIAGNOSTIC,0,historical,1.208640215527807,20415,0.0696092471358436,124,124,1.0,124,124,124,0,19,19,60,60,60,0,10,9,"FCD first observation is presence, not verified JuPedSim insertion; saved timestamps use the actual engine output step despite the requested 1-second device period. See per-agent first-position-update audit. Schedule inferred from deterministic personFlow.",4.577999999979511,22282240
Development,NTP-newtaipei-idx11355-0-2|qp31,15,10005,9ff2837d7e554375803abf1384f1f5090cb278d5d1e5ae58e857ad2803ac1710,COMPLETED_DIAGNOSTIC,0,historical,1.1720077002535223,21298,0.07262002182215,124,126,1.0161290322580645,124,124,124,0,21,20,60,60,60,0,13,9,"FCD first observation is presence, not verified JuPedSim insertion; saved timestamps use the actual engine output step despite the requested 1-second device period. See per-agent first-position-update audit. Schedule inferred from deterministic personFlow.",5.891000000061467,22306816
Development,NTP-newtaipei-idx11355-0-2|qp31,15,10006,bc64131bf213b3cfb78dad677462a7925caa0ce242396d52b991c6c1c5edfe25,COMPLETED_DIAGNOSTIC,0,historical,1.1712379428785762,21253,0.0724665848336066,124,126,1.0161290322580645,124,124,124,0,21,20,60,60,60,0,12,10,"FCD first observation is presence, not verified JuPedSim insertion; saved timestamps use the actual engine output step despite the requested 1-second device period. See per-agent first-position-update audit. Schedule inferred from deterministic personFlow.",5.9060000001918525,22282240
Development,NTP-newtaipei-idx11355-0-2|qp31,15,10007,e3b619080a1da0e913ded91b43d5913a6ba6d33b00769b9101df67df9d242180,COMPLETED_DIAGNOSTIC,0,historical,1.2062477653766113,20697,0.0705707855973819,124,124,1.0,124,124,124,0,20,21,60,60,60,0,11,10,"FCD first observation is presence, not verified JuPedSim insertion; saved timestamps use the actual engine output step despite the requested 1-second device period. See per-agent first-position-update audit. Schedule inferred from deterministic personFlow.",5.7030000002123415,22446080
Development,NTP-newtaipei-idx11355-0-2|qp31,15,10008,e01609a16536c639049dafbf1aff22e03dae3bc2c7dac69c853daf73cd0b92a5,COMPLETED_DIAGNOSTIC,0,historical,1.1872488038278486,20900,0.0712629569012558,124,123,0.9919354838709676,124,124,124,0,20,23,60,60,60,0,10,11,"FCD first observation is presence, not verified JuPedSim insertion; saved timestamps use the actual engine output step despite the requested 1-second device period. See per-agent first-position-update audit. Schedule inferred from deterministic personFlow.",4.187999999849126,22388736
Development,NTP-newtaipei-idx11355-0-2|qp31,15,10009,fdd77578ecd597cc9720d5688d31f676b54db8a803b77a95c074c1840c5ac6cd,COMPLETED_DIAGNOSTIC,0,historical,1.2249105239676767,20173,0.0687840971085659,124,123,0.9919354838709676,124,124,124,0,20,22,60,60,60,0,11,10,"FCD first observation is presence, not verified JuPedSim insertion; saved timestamps use the actual engine output step despite the requested 1-second device period. See per-agent first-position-update audit. Schedule inferred from deterministic personFlow.",5.188000000081956,22364160
Development,NTP-newtaipei-idx11355-0-2|qp31,15,10011,e3f13244f50e9897a6c87d7b6853e7705658064a3e5c3042d296f0a189addffe,COMPLETED_DIAGNOSTIC,0,historical,1.2147872913300453,20427,0.0696501636661217,124,125,1.0080645161290325,124,124,124,0,22,22,60,60,60,0,11,10,"FCD first observation is presence, not verified JuPedSim insertion; saved timestamps use the actual engine output step despite the requested 1-second device period. See per-agent first-position-update audit. Schedule inferred from deterministic personFlow.",5.437000000150874,22335488
Development,NTP-newtaipei-idx11355-0-2|qp31,15,10010,1f204dd1d94ef6d3274cb3885f2eda5ebb8fc804fd2b3f1a94bd51f808a19f4a,COMPLETED_DIAGNOSTIC,0,historical,1.1889569171853094,20890,0.0712288597926913,124,121,0.9758064516129032,124,124,124,0,20,23,60,60,60,0,10,10,"FCD first observation is presence, not verified JuPedSim insertion; saved timestamps use the actual engine output step despite the requested 1-second device period. See per-agent first-position-update audit. Schedule inferred from deterministic personFlow.",5.5,22380544
Development,NTP-newtaipei-idx11355-0-2|qp31,15,10012,1295f8c9130304b5139cd3eb5c9fbb73a6857c27eab9402ed294ac69287413d5,COMPLETED_DIAGNOSTIC,0,historical,1.2201264714467477,20558,0.0700968357883259,124,120,0.967741935483871,124,124,124,0,19,23,60,60,60,0,10,11,"FCD first observation is presence, not verified JuPedSim insertion; saved timestamps use the actual engine output step despite the requested 1-second device period. See per-agent first-position-update audit. Schedule inferred from deterministic personFlow.",4.25,22290432
Development,NTP-newtaipei-idx11355-0-2|qp31,15,10013,e2ba36847e0d27911d434f8f8c9ffcf576fc094835431b1a6a050827648d6e34,COMPLETED_DIAGNOSTIC,0,historical,1.2329867234716996,20186,0.068828423349701,124,127,1.0241935483870968,124,124,124,0,21,19,60,60,60,0,12,9,"FCD first observation is presence, not verified JuPedSim insertion; saved timestamps use the actual engine output step despite the requested 1-second device period. See per-agent first-position-update audit. Schedule inferred from deterministic personFlow.",4.875,22364160
Development,NTP-newtaipei-idx11355-0-2|qp31,15,10014,21113cd48d9f4f0d56506b400a80b096eeddf3521ea9634c2424a858ef044a8e,COMPLETED_DIAGNOSTIC,0,historical,1.2317282688093212,20535,0.0700184124386264,124,120,0.967741935483871,124,124,124,0,18,24,60,60,60,0,9,9,"FCD first observation is presence, not verified JuPedSim insertion; saved timestamps use the actual engine output step despite the requested 1-second device period. See per-agent first-position-update audit. Schedule inferred from deterministic personFlow.",5.468999999808148,22405120
Development,NTP-newtaipei-idx11355-0-2|qp31,15,10015,4dbbd74f3db212bdc4a9a18c505c78b00a85a00da4a5cfbdc45e031817ef2f12,COMPLETED_DIAGNOSTIC,0,historical,1.2221802613342925,20204,0.0688897981451181,124,125,1.0080645161290325,124,124,124,0,20,19,60,60,60,0,10,9,"FCD first observation is presence, not verified JuPedSim insertion; saved timestamps use the actual engine output step despite the requested 1-second device period. See per-agent first-position-update audit. Schedule inferred from deterministic personFlow.",5.734999999869615,22315008
Development,NTP-newtaipei-idx11355-0-2|qp31,15,10016,8be9eb696bd11d64380ea9d59d6b758a90be8fa67a955d546fbd71f70a6d3f5e,COMPLETED_DIAGNOSTIC,0,historical,1.254843607190154,19694,0.0671508456082937,124,127,1.0241935483870968,124,124,124,0,21,19,60,60,60,0,11,10,"FCD first observation is presence, not verified JuPedSim insertion; saved timestamps use the actual engine output step despite the requested 1-second device period. See per-agent first-position-update audit. Schedule inferred from deterministic personFlow.",5.172000000020489,22298624
Development,NTP-newtaipei-idx11355-0-2|qp31,15,10017,804a5c6b1c06aa0bce4f46f466b7e253cd8f5fad4f7ea389413defa27478a63b,COMPLETED_DIAGNOSTIC,0,historical,1.2050041005353436,20729,0.0706798963447912,124,122,0.9838709677419356,124,124,124,0,19,22,60,60,60,0,11,11,"FCD first observation is presence, not verified JuPedSim insertion; saved timestamps use the actual engine output step despite the requested 1-second device period. See per-agent first-position-update audit. Schedule inferred from deterministic personFlow.",4.516000000061467,22278144
Development,NTP-newtaipei-idx11355-0-2|qp31,15,10018,b06fce6970318c1be5b550c6ea503d91e0d1155afdf6ce78e130afc514f1a05b,COMPLETED_DIAGNOSTIC,0,historical,1.2204085275161132,20170,0.0687738679759964,124,126,1.0161290322580645,124,124,124,0,21,21,60,60,60,0,10,10,"FCD first observation is presence, not verified JuPedSim insertion; saved timestamps use the actual engine output step despite the requested 1-second device period. See per-agent first-position-update audit. Schedule inferred from deterministic personFlow.",5.438000000081956,22347776
Development,NTP-newtaipei-idx11355-0-2|qp31,15,10019,e33e4161113a00c03ef6af933cba99cb4fe2346a7711a9c943c42a1f62ffe5f2,COMPLETED_DIAGNOSTIC,0,historical,1.2233377784364123,20247,0.0690364157119482,124,124,1.0,124,124,124,0,20,20,60,60,60,0,11,10,"FCD first observation is presence, not verified JuPedSim insertion; saved timestamps use the actual engine output step despite the requested 1-second device period. See per-agent first-position-update audit. Schedule inferred from deterministic personFlow.",5.734000000171363,22327296
Development,NTP-newtaipei-idx11355-0-2|qp31,15,10020,930268248c6e0f91e80df227bcb337c017dc5af48a50b5896b91f38bb6dd03ad,COMPLETED_DIAGNOSTIC,0,historical,1.1534096374397187,21624,0.0737315875613758,124,121,0.9758064516129032,124,124,124,0,20,25,60,60,60,0,10,11,"FCD first observation is presence, not verified JuPedSim insertion; saved timestamps use the actual engine output step despite the requested 1-second device period. See per-agent first-position-update audit. Schedule inferred from deterministic personFlow.",5.765999999828637,22401024
Development,NTP-newtaipei-idx11355-0-2|qp31,15,10021,456dfd5264f5879a609f2cf7404aa5e4bcd4186ca570b043e6f3b2a3773b020f,COMPLETED_DIAGNOSTIC,0,historical,1.2162804997072525,20492,0.0698717948717952,124,125,1.0080645161290325,124,124,124,0,21,21,60,60,60,0,11,10,"FCD first observation is presence, not verified JuPedSim insertion; saved timestamps use the actual engine output step despite the requested 1-second device period. See per-agent first-position-update audit. Schedule inferred from deterministic personFlow.",4.468000000109896,22355968
Development,NTP-newtaipei-idx11355-0-2|qp31,15,10022,7c9e5142b889780c86dd7896bcd2a225b655d7c72caaddb4112c3dcba1b99cb1,COMPLETED_DIAGNOSTIC,0,historical,1.2027540119992612,20501,0.0699024822695048,124,121,0.9758064516129032,124,124,124,0,21,25,60,60,60,0,12,13,"FCD first observation is presence, not verified JuPedSim insertion; saved timestamps use the actual engine output step despite the requested 1-second device period. See per-agent first-position-update audit. Schedule inferred from deterministic personFlow.",4.609999999869615,22392832
Development,NTP-newtaipei-idx11355-0-2|qp31,15,10024,c43eeec763e5763bdc8f0356f143ca472be3529fb6dea721cd55568d52dfa53b,COMPLETED_DIAGNOSTIC,0,historical,1.2264647866382956,20177,0.0687977359519922,124,124,1.0,124,124,124,0,20,21,60,60,60,0,12,11,"FCD first observation is presence, not verified JuPedSim insertion; saved timestamps use the actual engine output step despite the requested 1-second device period. See per-agent first-position-update audit. Schedule inferred from deterministic personFlow.",5.406999999890104,22294528
Development,NTP-newtaipei-idx11355-0-2|qp31,15,10023,7695d856ac3ca1c62488d8108fe79aee0908b18fa63bf8b9793995c96afb16b4,COMPLETED_DIAGNOSTIC,0,historical,1.21319980624842,20645,0.0703934806328424,124,128,1.032258064516129,124,124,124,0,23,20,60,60,60,0,13,9,"FCD first observation is presence, not verified JuPedSim insertion; saved timestamps use the actual engine output step despite the requested 1-second device period. See per-agent first-position-update audit. Schedule inferred from deterministic personFlow.",5.655999999959022,22376448
Development,NTP-newtaipei-idx11355-0-2|qp31,15,10025,1b46afe54ac03d379d3f6e9705a95141e2dfcf88bd1c3fae887634bf3eba9ab9,COMPLETED_DIAGNOSTIC,0,historical,1.2383899964847584,19913,0.0678975722858714,124,127,1.0241935483870968,124,124,124,0,23,20,60,60,60,0,12,10,"FCD first observation is presence, not verified JuPedSim insertion; saved timestamps use the actual engine output step despite the requested 1-second device period. See per-agent first-position-update audit. Schedule inferred from deterministic personFlow.",4.405999999959022,22306816
Development,NTP-newtaipei-idx11355-0-2|qp31,15,10026,69865f5e5759fa2d159fc4ad72f5da5da51f23e3f52b4506dfa5b2f6d50c03f9,COMPLETED_DIAGNOSTIC,0,historical,1.2382283799329918,19993,0.0681703491543929,124,126,1.0161290322580645,124,124,124,0,20,18,60,60,60,0,11,9,"FCD first observation is presence, not verified JuPedSim insertion; saved timestamps use the actual engine output step despite the requested 1-second device period. See per-agent first-position-update audit. Schedule inferred from deterministic personFlow.",4.202999999979511,22396928
Development,NTP-newtaipei-idx11355-0-2|qp31,15,10028,653e1776d04935ad5c1f81368e6a50b5ace08dbd6d21ab536a6d56d9723a27cd,COMPLETED_DIAGNOSTIC,0,historical,1.2379685869078645,20119,0.0685999727223146,124,123,0.9919354838709676,124,124,124,0,19,21,60,60,60,0,10,10,"FCD first observation is presence, not verified JuPedSim insertion; saved timestamps use the actual engine output step despite the requested 1-second device period. See per-agent first-position-update audit. Schedule inferred from deterministic personFlow.",5.1560000001918525,22351872
Development,NTP-newtaipei-idx11355-0-2|qp31,15,10027,fb9bd2273ffd6640c92638d2fe6fabb131e1abd83cade9fbfe050c00f3903095,COMPLETED_DIAGNOSTIC,0,historical,1.222899990261984,20538,0.0700286415711954,124,127,1.0241935483870968,124,124,124,0,22,21,60,60,60,0,12,9,"FCD first observation is presence, not verified JuPedSim insertion; saved timestamps use the actual engine output step despite the requested 1-second device period. See per-agent first-position-update audit. Schedule inferred from deterministic personFlow.",5.75,22433792
Development,NTP-newtaipei-idx11355-0-2|qp31,15,10029,75322bd04760460e0fa37cf153fe061796c4673395359569d55c3768cecb3e38,COMPLETED_DIAGNOSTIC,0,historical,1.2390181908797313,20065,0.0684158483360623,124,124,1.0,124,124,124,0,20,20,60,60,60,0,11,10,"FCD first observation is presence, not verified JuPedSim insertion; saved timestamps use the actual engine output step despite the requested 1-second device period. See per-agent first-position-update audit. Schedule inferred from deterministic personFlow.",5.280999999959022,22335488
Development,NTP-newtaipei-idx11355-0-2|qp31,16,10000,fa4800d6c626500bb38a6a17a01cc69e3d1cdab3cb4a28de2dce0deaa9ae99fc,COMPLETED_DIAGNOSTIC,0,historical,1.2601192772306882,19702,0.0671781232951457,124,123,0.9919354838709676,124,124,124,0,19,20,64,64,64,0,11,12,"FCD first observation is presence, not verified JuPedSim insertion; saved timestamps use the actual engine output step despite the requested 1-second device period. See per-agent first-position-update audit. Schedule inferred from deterministic personFlow.",4.047000000020489,22413312
Development,NTP-newtaipei-idx11355-0-2|qp31,16,10001,e347190085d6ee7d6ccdda63d7d0c44b4984e01d70d27d7dc01f9c6df162f71e,COMPLETED_DIAGNOSTIC,0,historical,1.256469639707701,19845,0.0676657119476274,124,125,1.0080645161290325,124,124,124,0,21,21,64,64,64,0,10,10,"FCD first observation is presence, not verified JuPedSim insertion; saved timestamps use the actual engine output step despite the requested 1-second device period. See per-agent first-position-update audit. Schedule inferred from deterministic personFlow.",4.641000000061467,22286336
Development,NTP-newtaipei-idx11355-0-2|qp31,16,10002,8a13167a9202ea06a09bf1f5e2427c597b99b023178438181024ccfff1f8f65e,COMPLETED_DIAGNOSTIC,0,historical,1.1541565153193365,21672,0.0738952536824891,124,124,1.0,124,124,124,0,23,23,64,64,64,0,13,12,"FCD first observation is presence, not verified JuPedSim insertion; saved timestamps use the actual engine output step despite the requested 1-second device period. See per-agent first-position-update audit. Schedule inferred from deterministic personFlow.",5.952999999979511,22306816
Development,NTP-newtaipei-idx11355-0-2|qp31,16,10003,ce01fe12aa5776bd2f28e774781d264f2a3bc184d240c79a592d8d98a584f35b,COMPLETED_DIAGNOSTIC,0,historical,1.1984400521916023,20693,0.070557146753956,124,126,1.0161290322580645,124,124,124,0,22,21,64,64,64,0,11,12,"FCD first observation is presence, not verified JuPedSim insertion; saved timestamps use the actual engine output step despite the requested 1-second device period. See per-agent first-position-update audit. Schedule inferred from deterministic personFlow.",5.937999999849126,22401024
Development,NTP-newtaipei-idx11355-0-2|qp31,16,10004,41806afa71d95d99baf5eca92a8e0e255a59cd4750ed9022ebfbb8ec5d45f3ed,COMPLETED_DIAGNOSTIC,0,historical,1.244483420946251,19784,0.0674577195853794,124,126,1.0161290322580645,124,124,124,0,21,19,64,64,64,0,10,10,"FCD first observation is presence, not verified JuPedSim insertion; saved timestamps use the actual engine output step despite the requested 1-second device period. See per-agent first-position-update audit. Schedule inferred from deterministic personFlow.",5.25,22511616
Development,NTP-newtaipei-idx11355-0-2|qp31,16,10005,939e93472df8cdcfa093e159b4a6376ad374e756a5979ef9bc29b6d954157e09,COMPLETED_DIAGNOSTIC,0,historical,1.1683199739025445,21458,0.0731655755591936,124,126,1.0161290322580645,124,124,124,0,21,19,64,64,64,0,13,10,"FCD first observation is presence, not verified JuPedSim insertion; saved timestamps use the actual engine output step despite the requested 1-second device period. See per-agent first-position-update audit. Schedule inferred from deterministic personFlow.",4.562999999849126,22376448
Development,NTP-newtaipei-idx11355-0-2|qp31,16,10006,7fa3f18ec8e9c868e4cb54504257af2086b9a50280678c4c9c57e8d618079ec2,COMPLETED_DIAGNOSTIC,0,historical,1.1639439917579617,21354,0.0728109656301153,124,125,1.0080645161290325,124,124,124,0,21,20,64,64,64,0,12,12,"FCD first observation is presence, not verified JuPedSim insertion; saved timestamps use the actual engine output step despite the requested 1-second device period. See per-agent first-position-update audit. Schedule inferred from deterministic personFlow.",5.75,22310912
Development,NTP-newtaipei-idx11355-0-2|qp31,16,10007,60969ec7318af3cdefcdc203e5bf4bda8fc4f5115f2f55a2e9c1f3b02101fe23,COMPLETED_DIAGNOSTIC,0,historical,1.2087374177312404,20664,0.0704582651391176,124,123,0.9919354838709676,124,124,124,0,20,21,64,64,64,0,11,11,"FCD first observation is presence, not verified JuPedSim insertion; saved timestamps use the actual engine output step despite the requested 1-second device period. See per-agent first-position-update audit. Schedule inferred from deterministic personFlow.",5.969000000040978,22319104
Development,NTP-newtaipei-idx11355-0-2|qp31,16,10008,e7f3ca9e075b3ff8fc7b9253fdea11796d28dfc2ac391aa79c3440bed2ba839e,COMPLETED_DIAGNOSTIC,0,historical,1.1570480239186614,21406,0.0729882705946541,124,124,1.0,124,124,124,0,20,20,64,64,64,0,10,12,"FCD first observation is presence, not verified JuPedSim insertion; saved timestamps use the actual engine output step despite the requested 1-second device period. See per-agent first-position-update audit. Schedule inferred from deterministic personFlow.",5.8280000002123415,22437888
Development,NTP-newtaipei-idx11355-0-2|qp31,16,10009,af372eabe5c09997dac5f696bf94931058b65ff9a0a4a15e5f9b2d2c9283ab0f,COMPLETED_DIAGNOSTIC,0,historical,1.229111288233402,20074,0.0684465357337706,124,123,0.9919354838709676,124,124,124,0,20,21,64,64,64,0,11,11,"FCD first observation is presence, not verified JuPedSim insertion; saved timestamps use the actual engine output step despite the requested 1-second device period. See per-agent first-position-update audit. Schedule inferred from deterministic personFlow.",4.156999999890104,22392832
Development,NTP-newtaipei-idx11355-0-2|qp31,16,10010,e6243265a1032b1cfd6f1e4f1432c92080f7bd184c6ef36d8b1b09bee6d36c2a,COMPLETED_DIAGNOSTIC,0,historical,1.163550534408473,21332,0.0727359519912718,124,124,1.0,124,124,124,0,21,21,64,64,64,0,10,11,"FCD first observation is presence, not verified JuPedSim insertion; saved timestamps use the actual engine output step despite the requested 1-second device period. See per-agent first-position-update audit. Schedule inferred from deterministic personFlow.",5.797000000020489,22351872
Development,NTP-newtaipei-idx11355-0-2|qp31,16,10011,33de74e296ac809bb0b01bf7a5bb610f6095950316b210a6810eb01e5abd9004,COMPLETED_DIAGNOSTIC,0,historical,1.2032388132294876,20560,0.0701036552100392,124,125,1.0080645161290325,124,124,124,0,22,22,64,64,64,0,11,11,"FCD first observation is presence, not verified JuPedSim insertion; saved timestamps use the actual engine output step despite the requested 1-second device period. See per-agent first-position-update audit. Schedule inferred from deterministic personFlow.",6.5469999997876585,22360064
Development,NTP-newtaipei-idx11355-0-2|qp31,16,10012,0683f46b9c69b8d710b4c5c34babd084a52b9874a3d9c069ae736bce70abec49,COMPLETED_DIAGNOSTIC,0,historical,1.204683970199553,20805,0.0709390343698867,124,120,0.967741935483871,124,124,124,0,19,23,64,64,64,0,10,11,"FCD first observation is presence, not verified JuPedSim insertion; saved timestamps use the actual engine output step despite the requested 1-second device period. See per-agent first-position-update audit. Schedule inferred from deterministic personFlow.",6.515000000130385,22339584
Development,NTP-newtaipei-idx11355-0-2|qp31,16,10013,c15ee6e74650a61c3079d64ec2e315624a3757e329e93c57577a24df4b7fafae,COMPLETED_DIAGNOSTIC,0,historical,1.2314230444918242,20161,0.068743180578288,124,125,1.0080645161290325,124,124,124,0,20,19,64,64,64,0,12,11,"FCD first observation is presence, not verified JuPedSim insertion; saved timestamps use the actual engine output step despite the requested 1-second device period. See per-agent first-position-update audit. Schedule inferred from deterministic personFlow.",5.891000000061467,22401024
Development,NTP-newtaipei-idx11355-0-2|qp31,16,10014,7714daa5aa101d183451603c630976c01e7e107ebcbc83b6cb90960ad4f5fdb3,COMPLETED_DIAGNOSTIC,0,historical,1.231690490081724,20568,0.0701309328968911,124,121,0.9758064516129032,124,124,124,0,17,22,64,64,64,0,9,10,"FCD first observation is presence, not verified JuPedSim insertion; saved timestamps use the actual engine output step despite the requested 1-second device period. See per-agent first-position-update audit. Schedule inferred from deterministic personFlow.",4.219000000040978,22360064
Development,NTP-newtaipei-idx11355-0-2|qp31,16,10015,0ebb5d63b6e2fac6d1c3b2a3efc2cc1c8c2e8f36b77118433ce3033aa29dd411,COMPLETED_DIAGNOSTIC,0,historical,1.2062248035530232,20489,0.069861565739226,124,124,1.0,124,124,124,0,20,20,64,64,64,0,10,10,"FCD first observation is presence, not verified JuPedSim insertion; saved timestamps use the actual engine output step despite the requested 1-second device period. See per-agent first-position-update audit. Schedule inferred from deterministic personFlow.",5.6100000001024455,22331392
Development,NTP-newtaipei-idx11355-0-2|qp31,16,10016,3336f1844c002ec45232ab4b6457bc6d7f44ad5c421b0fcb33c99efb26678bfb,COMPLETED_DIAGNOSTIC,0,historical,1.2478392974310843,19813,0.0675566012002196,124,127,1.0241935483870968,124,124,124,0,21,18,64,64,64,0,11,11,"FCD first observation is presence, not verified JuPedSim insertion; saved timestamps use the actual engine output step despite the requested 1-second device period. See per-agent first-position-update audit. Schedule inferred from deterministic personFlow.",5.625,22351872
Development,NTP-newtaipei-idx11355-0-2|qp31,16,10017,ddc135f1d9ac263d30ec508b3a60fb6165804ee5bebf3018be0cb20d8dfb0726,COMPLETED_DIAGNOSTIC,0,historical,1.1851014314151898,21098,0.0719380796508468,124,122,0.9838709677419356,124,124,124,0,20,22,64,64,64,0,10,12,"FCD first observation is presence, not verified JuPedSim insertion; saved timestamps use the actual engine output step despite the requested 1-second device period. See per-agent first-position-update audit. Schedule inferred from deterministic personFlow.",5.593000000109896,22372352
Development,NTP-newtaipei-idx11355-0-2|qp31,16,10018,8cdb9be543b29bcbe09078cf3c54f417ae4501bfea9a026e6bb706ffd63913eb,COMPLETED_DIAGNOSTIC,0,historical,1.215077287767346,20249,0.0690432351336612,124,124,1.0,124,124,124,0,21,21,64,64,64,0,9,11,"FCD first observation is presence, not verified JuPedSim insertion; saved timestamps use the actual engine output step despite the requested 1-second device period. See per-agent first-position-update audit. Schedule inferred from deterministic personFlow.",4.108999999938533,22548480
Development,NTP-newtaipei-idx11355-0-2|qp31,16,10021,b94962312940b0321d0731c9b7b4f082eed2b357a3fba71cd9c1e4704d11c297,COMPLETED_DIAGNOSTIC,0,historical,1.2284841795438113,20385,0.069506955810148,124,125,1.0080645161290325,124,124,124,0,21,21,64,64,64,0,12,11,"FCD first observation is presence, not verified JuPedSim insertion; saved timestamps use the actual engine output step despite the requested 1-second device period. See per-agent first-position-update audit. Schedule inferred from deterministic personFlow.",6.047000000020489,22487040
Development,NTP-newtaipei-idx11355-0-2|qp31,16,10019,55c6aae04a0ef63f9d5ef3ea3542975ae875cba776a43c970f30f14a8167aafe,COMPLETED_DIAGNOSTIC,0,historical,1.2127722481000482,20395,0.0695410529187131,124,123,0.9919354838709676,124,124,124,0,19,20,64,64,64,0,11,11,"FCD first observation is presence, not verified JuPedSim insertion; saved timestamps use the actual engine output step despite the requested 1-second device period. See per-agent first-position-update audit. Schedule inferred from deterministic personFlow.",6.280999999959022,22614016
Development,NTP-newtaipei-idx11355-0-2|qp31,16,10020,e182ca51d8d2e2263480c3bc83a64e6b18ca6af262aa5a1d792a27084684fd2c,COMPLETED_DIAGNOSTIC,0,historical,1.151529710982529,21625,0.0737349972722325,124,124,1.0,124,124,124,0,20,23,64,64,64,0,9,12,"FCD first observation is presence, not verified JuPedSim insertion; saved timestamps use the actual engine output step despite the requested 1-second device period. See per-agent first-position-update audit. Schedule inferred from deterministic personFlow.",6.297000000020489,22544384
Development,NTP-newtaipei-idx11355-0-2|qp31,16,10022,ae182859a80d237554acc1608b0ce853922de1c3de18948d3cecc8666f1f2344,COMPLETED_DIAGNOSTIC,0,historical,1.1970409152606698,20628,0.0703355155482831,124,123,0.9919354838709676,124,124,124,0,21,23,64,64,64,0,12,13,"FCD first observation is presence, not verified JuPedSim insertion; saved timestamps use the actual engine output step despite the requested 1-second device period. See per-agent first-position-update audit. Schedule inferred from deterministic personFlow.",4.983999999938533,22511616
Development,NTP-newtaipei-idx11355-0-2|qp31,16,10023,84c6930ef2b96daae4f32843ce2673d2338457092a805c71c1c820b77957794b,COMPLETED_DIAGNOSTIC,0,historical,1.198127963220133,20881,0.0711981723949813,124,128,1.032258064516129,124,124,124,0,23,19,64,64,64,0,13,10,"FCD first observation is presence, not verified JuPedSim insertion; saved timestamps use the actual engine output step despite the requested 1-second device period. See per-agent first-position-update audit. Schedule inferred from deterministic personFlow.",6.483999999938533,22466560
Development,NTP-newtaipei-idx11355-0-2|qp31,16,10024,8092ef6c90bbb591a4d8efdbccf3f7f623ecae9a8300905f44d0cfe08a697fb3,COMPLETED_DIAGNOSTIC,0,historical,1.2305693844090162,20127,0.0686272504091662,124,124,1.0,124,124,124,0,21,21,64,64,64,0,12,12,"FCD first observation is presence, not verified JuPedSim insertion; saved timestamps use the actual engine output step despite the requested 1-second device period. See per-agent first-position-update audit. Schedule inferred from deterministic personFlow.",6.468999999808148,22335488
Development,NTP-newtaipei-idx11355-0-2|qp31,16,10025,dcaeca60bbfc3b081b079c56f4f33f276103c89a433f4b84dd6a75d0283f5aa0,COMPLETED_DIAGNOSTIC,0,historical,1.2226181782295673,20266,0.0691012002182226,124,124,1.0,124,124,124,0,21,21,64,64,64,0,12,12,"FCD first observation is presence, not verified JuPedSim insertion; saved timestamps use the actual engine output step despite the requested 1-second device period. See per-agent first-position-update audit. Schedule inferred from deterministic personFlow.",6.577999999979511,22462464
Development,NTP-newtaipei-idx11355-0-2|qp31,16,10026,eb38ac0d6cec801daa77c5bb3862bd69cb6dc7a2211221d612311a94768de0be,COMPLETED_DIAGNOSTIC,0,historical,1.250061433103426,19859,0.0677134478996188,124,126,1.0161290322580645,124,124,124,0,20,18,64,64,64,0,10,10,"FCD first observation is presence, not verified JuPedSim insertion; saved timestamps use the actual engine output step despite the requested 1-second device period. See per-agent first-position-update audit. Schedule inferred from deterministic personFlow.",6.172000000020489,22282240
Development,NTP-newtaipei-idx11355-0-2|qp31,16,10028,1fbd72c12da4937652f6b754d369839f6e0f0538a47026ff18168d79194f0d6f,COMPLETED_DIAGNOSTIC,0,historical,1.2354338760921095,20144,0.0686852154937277,124,124,1.0,124,124,124,0,19,20,64,64,64,0,10,10,"FCD first observation is presence, not verified JuPedSim insertion; saved timestamps use the actual engine output step despite the requested 1-second device period. See per-agent first-position-update audit. Schedule inferred from deterministic personFlow.",5.672000000020489,22327296
Development,NTP-newtaipei-idx11355-0-2|qp31,16,10029,d834ea532cf28cc13a2e453b37306512022da51cefe250a3e80e42d74cc418e9,COMPLETED_DIAGNOSTIC,0,historical,1.2406969864113877,19943,0.0679998636115669,124,125,1.0080645161290325,124,124,124,0,21,20,64,64,64,0,12,11,"FCD first observation is presence, not verified JuPedSim insertion; saved timestamps use the actual engine output step despite the requested 1-second device period. See per-agent first-position-update audit. Schedule inferred from deterministic personFlow.",6.125,22241280
Development,NTP-newtaipei-idx11355-0-2|qp31,16,10027,cbc99e8b2d0b420455f920a0b3b7324f338b589db61386d6aba0eb4b23b3b104,COMPLETED_DIAGNOSTIC,0,historical,1.212302304236538,20701,0.0705844244408084,124,128,1.032258064516129,124,124,124,0,22,19,64,64,64,0,12,10,"FCD first observation is presence, not verified JuPedSim insertion; saved timestamps use the actual engine output step despite the requested 1-second device period. See per-agent first-position-update audit. Schedule inferred from deterministic personFlow.",6.233999999938533,22376448
Development,NTP-newtaipei-idx11355-0-2|qp31,17,10000,a37a92657a1732e89cba84da16a50efc940605ad2e1bbfd5aae553864c336cc2,COMPLETED_DIAGNOSTIC,0,historical,1.2448471943887331,19960,0.0680578286961275,124,123,0.9919354838709676,124,124,124,0,19,20,68,68,68,0,13,13,"FCD first observation is presence, not verified JuPedSim insertion; saved timestamps use the actual engine output step despite the requested 1-second device period. See per-agent first-position-update audit. Schedule inferred from deterministic personFlow.",6.187999999849126,22339584
Development,NTP-newtaipei-idx11355-0-2|qp31,17,10001,fcdb924f87fb905b3f9eb0fcf71f888c04d227cda0edcd3225b858ea1d466175,COMPLETED_DIAGNOSTIC,0,historical,1.2186182190378276,20517,0.0699570376432083,124,124,1.0,124,124,124,0,21,21,68,68,68,0,11,12,"FCD first observation is presence, not verified JuPedSim insertion; saved timestamps use the actual engine output step despite the requested 1-second device period. See per-agent first-position-update audit. Schedule inferred from deterministic personFlow.",5.078999999910593,22392832
Development,NTP-newtaipei-idx11355-0-2|qp31,17,10004,0a58cffba673870896eda9212c0fbcf97b227670239129ed2ebc6ba9a3926ecf,COMPLETED_DIAGNOSTIC,0,historical,1.1750123585892,21038,0.0717334969994555,124,128,1.032258064516129,124,124,124,0,23,20,68,68,68,0,12,12,"FCD first observation is presence, not verified JuPedSim insertion; saved timestamps use the actual engine output step despite the requested 1-second device period. See per-agent first-position-update audit. Schedule inferred from deterministic personFlow.",6.281999999890104,22433792
Development,NTP-newtaipei-idx11355-0-2|qp31,17,10003,00d3399ff3c02fdc350fa7b391f1309b87f42ef1e1ac3f2906c5b75091dcb65a,COMPLETED_DIAGNOSTIC,0,historical,1.189487449703096,20876,0.0711811238406985,124,126,1.0161290322580645,124,124,124,0,22,20,68,68,68,0,12,13,"FCD first observation is presence, not verified JuPedSim insertion; saved timestamps use the actual engine output step despite the requested 1-second device period. See per-agent first-position-update audit. Schedule inferred from deterministic personFlow.",6.405999999959022,22315008
Development,NTP-newtaipei-idx11355-0-2|qp31,17,10002,70ad4f9bf4bb4d6302129664323b4c8fed3800120e1e9dd910380934c904c4fd,COMPLETED_DIAGNOSTIC,0,historical,1.1399352735952797,21784,0.0742771412984191,124,124,1.0,124,124,124,0,23,24,68,68,68,0,14,14,"FCD first observation is presence, not verified JuPedSim insertion; saved timestamps use the actual engine output step despite the requested 1-second device period. See per-agent first-position-update audit. Schedule inferred from deterministic personFlow.",6.438000000081956,22405120
Development,NTP-newtaipei-idx11355-0-2|qp31,17,10005,22e274ef24ac3a48ceb43744b70ad480d3d82fa625169b742cfebfa808eed0e8,COMPLETED_DIAGNOSTIC,0,historical,1.1792968749999715,21248,0.0724495362793243,124,126,1.0161290322580645,124,124,124,0,21,19,68,68,68,0,14,11,"FCD first observation is presence, not verified JuPedSim insertion; saved timestamps use the actual engine output step despite the requested 1-second device period. See per-agent first-position-update audit. Schedule inferred from deterministic personFlow.",4.3600000001024455,22368256
Development,NTP-newtaipei-idx11355-0-2|qp31,17,10007,741ab7534308708a059e799bc8710b5db9ce14d00f18c80cda2a1d569242daaa,COMPLETED_DIAGNOSTIC,0,historical,1.2017656114692186,20786,0.070874249863613,124,122,0.9838709677419356,124,124,124,0,20,22,68,68,68,0,12,13,"FCD first observation is presence, not verified JuPedSim insertion; saved timestamps use the actual engine output step despite the requested 1-second device period. See per-agent first-position-update audit. Schedule inferred from deterministic personFlow.",5.922000000020489,22413312
Development,NTP-newtaipei-idx11355-0-2|qp31,17,10008,ff02a382eaf3b5f6e0c5403515b3154bcde84efd9272e6158543d9944d245c48,COMPLETED_DIAGNOSTIC,0,historical,1.1897457341986286,20805,0.0709390343698863,124,123,0.9919354838709676,124,124,124,0,20,22,68,68,68,0,11,13,"FCD first observation is presence, not verified JuPedSim insertion; saved timestamps use the actual engine output step despite the requested 1-second device period. See per-agent first-position-update audit. Schedule inferred from deterministic personFlow.",5.952999999979511,22282240
Development,NTP-newtaipei-idx11355-0-2|qp31,17,10006,09d7d7729009b0b099897cf44688909f5f07b001d0e1b791ee6c323e884adf60,COMPLETED_DIAGNOSTIC,0,historical,1.1528253061975997,21718,0.0740521003818881,124,125,1.0080645161290325,124,124,124,0,22,21,68,68,68,0,13,13,"FCD first observation is presence, not verified JuPedSim insertion; saved timestamps use the actual engine output step despite the requested 1-second device period. See per-agent first-position-update audit. Schedule inferred from deterministic personFlow.",6.061999999918044,22364160
Development,NTP-newtaipei-idx11355-0-2|qp31,17,10009,683a334490131fff1211595a11cbfb9dca9550a14ae76a925d6c0c8f5eb0c84c,COMPLETED_DIAGNOSTIC,0,historical,1.204536798639766,20585,0.0701888979814521,124,120,0.967741935483871,124,124,124,0,20,24,68,68,68,0,12,14,"FCD first observation is presence, not verified JuPedSim insertion; saved timestamps use the actual engine output step despite the requested 1-second device period. See per-agent first-position-update audit. Schedule inferred from deterministic personFlow.",4.0,22368256
Development,NTP-newtaipei-idx11355-0-2|qp31,17,10011,5f4e338c7d2dbaec57ed0fad307a48d003d9833772d48c51c43b2623b9259e2e,COMPLETED_DIAGNOSTIC,0,historical,1.2288605323495978,20062,0.0684056192034927,124,125,1.0080645161290325,124,124,124,0,22,21,68,68,68,0,12,12,"FCD first observation is presence, not verified JuPedSim insertion; saved timestamps use the actual engine output step despite the requested 1-second device period. See per-agent first-position-update audit. Schedule inferred from deterministic personFlow.",6.187999999849126,22360064
Development,NTP-newtaipei-idx11355-0-2|qp31,17,10012,6aa20de55a229f22c6e5a892e4d3126b1e9ac2b2b092e02bee73045a8bdb7ecc,COMPLETED_DIAGNOSTIC,0,historical,1.1893387104383055,21201,0.0722892798690677,124,121,0.9758064516129032,124,124,124,0,19,22,68,68,68,0,11,12,"FCD first observation is presence, not verified JuPedSim insertion; saved timestamps use the actual engine output step despite the requested 1-second device period. See per-agent first-position-update audit. Schedule inferred from deterministic personFlow.",6.468000000109896,22409216
Development,NTP-newtaipei-idx11355-0-2|qp31,17,10010,05ae67e6794d1b184b083cc969313580e73bb85ff313d5864c4c9071e1411af3,COMPLETED_DIAGNOSTIC,0,historical,1.1610874120989911,21473,0.0732167212220409,124,122,0.9838709677419356,124,124,124,0,21,23,68,68,68,0,11,12,"FCD first observation is presence, not verified JuPedSim insertion; saved timestamps use the actual engine output step despite the requested 1-second device period. See per-agent first-position-update audit. Schedule inferred from deterministic personFlow.",6.530999999959022,22347776
Development,NTP-newtaipei-idx11355-0-2|qp31,17,10013,84daf1df630dbd5fb67de76122ddb6a249b64f2a12df8c9029dfa9754ab209e6,COMPLETED_DIAGNOSTIC,0,historical,1.2149403573688873,20539,0.0700320512820526,124,128,1.032258064516129,124,124,124,0,22,19,68,68,68,0,13,11,"FCD first observation is presence, not verified JuPedSim insertion; saved timestamps use the actual engine output step despite the requested 1-second device period. See per-agent first-position-update audit. Schedule inferred from deterministic personFlow.",5.827999999979511,22323200
Development,NTP-newtaipei-idx11355-0-2|qp31,17,10014,7c8285c7679b5c40dfda2c52df6bf19d91e251cdcd5a7d73a228a91bc4e5b78e,COMPLETED_DIAGNOSTIC,0,historical,1.2218852379567815,20634,0.0703559738134212,124,124,1.0,124,124,124,0,19,20,68,68,68,0,10,11,"FCD first observation is presence, not verified JuPedSim insertion; saved timestamps use the actual engine output step despite the requested 1-second device period. See per-agent first-position-update audit. Schedule inferred from deterministic personFlow.",6.046000000089407,22433792
Development,NTP-newtaipei-idx11355-0-2|qp31,17,10016,fe80c4af8b577273982a5a146427c884869db04c085e5bc82edee81ca59cceb6,COMPLETED_DIAGNOSTIC,0,historical,1.2508316511911126,19816,0.0675668303327889,124,126,1.0161290322580645,124,124,124,0,21,20,68,68,68,0,12,12,"FCD first observation is presence, not verified JuPedSim insertion; saved timestamps use the actual engine output step despite the requested 1-second device period. See per-agent first-position-update audit. Schedule inferred from deterministic personFlow.",6.531999999890104,22351872
Development,NTP-newtaipei-idx11355-0-2|qp31,17,10015,75aafd498d5d057cc83c5af0f8c366d2d7dc11b815528403c5fcd34ea8343797,COMPLETED_DIAGNOSTIC,0,historical,1.1922077483474447,20727,0.0706730769230779,124,125,1.0080645161290325,124,124,124,0,20,21,68,68,68,0,11,12,"FCD first observation is presence, not verified JuPedSim insertion; saved timestamps use the actual engine output step despite the requested 1-second device period. See per-agent first-position-update audit. Schedule inferred from deterministic personFlow.",6.655999999959022,22347776
Development,NTP-newtaipei-idx11355-0-2|qp31,17,10017,01762f1eeac2fcbd52daead769576efa8dabd98c0dd76d7ec5e1c540178d3969,COMPLETED_DIAGNOSTIC,0,historical,1.1902524844275992,21031,0.07170962902346,124,123,0.9919354838709676,124,124,124,0,21,22,68,68,68,0,12,13,"FCD first observation is presence, not verified JuPedSim insertion; saved timestamps use the actual engine output step despite the requested 1-second device period. See per-agent first-position-update audit. Schedule inferred from deterministic personFlow.",6.561999999918044,22327296
Development,NTP-newtaipei-idx11355-0-2|qp31,17,10018,219a330d888e95629d917090e730da8786f599880c9e7950c60a006511ea673d,COMPLETED_DIAGNOSTIC,0,historical,1.20226173680369,20555,0.0700866066557562,124,124,1.0,124,124,124,0,21,21,68,68,68,0,10,13,"FCD first observation is presence, not verified JuPedSim insertion; saved timestamps use the actual engine output step despite the requested 1-second device period. See per-agent first-position-update audit. Schedule inferred from deterministic personFlow.",4.375,22351872
Development,NTP-newtaipei-idx11355-0-2|qp31,17,10021,2581237a89fc5af3ceabbef06195342673d573d9afe2c59efabe8494d5c7040a,COMPLETED_DIAGNOSTIC,0,historical,1.21831420233461,20560,0.0701036552100388,124,125,1.0080645161290325,124,124,124,0,22,21,68,68,68,0,13,13,"FCD first observation is presence, not verified JuPedSim insertion; saved timestamps use the actual engine output step despite the requested 1-second device period. See per-agent first-position-update audit. Schedule inferred from deterministic personFlow.",6.062000000150874,22413312
Development,NTP-newtaipei-idx11355-0-2|qp31,17,10019,da1d48c512eb810e91c52537e58c1c445c90ce29afe751fd7c0fcb23ddfc7721,COMPLETED_DIAGNOSTIC,0,historical,1.224534832125486,20283,0.0691591653027831,124,125,1.0080645161290325,124,124,124,0,21,20,68,68,68,0,12,11,"FCD first observation is presence, not verified JuPedSim insertion; saved timestamps use the actual engine output step despite the requested 1-second device period. See per-agent first-position-update audit. Schedule inferred from deterministic personFlow.",6.3600000001024455,22380544
Development,NTP-newtaipei-idx11355-0-2|qp31,17,10020,3ebf553704494e65270d51f59cc9ea170363e47e1c7b8acc961b79df65d427ec,COMPLETED_DIAGNOSTIC,0,historical,1.1717072137780191,21251,0.0724597654118944,124,123,0.9919354838709676,124,124,124,0,20,23,68,68,68,0,11,13,"FCD first observation is presence, not verified JuPedSim insertion; saved timestamps use the actual engine output step despite the requested 1-second device period. See per-agent first-position-update audit. Schedule inferred from deterministic personFlow.",6.343000000109896,22364160
Development,NTP-newtaipei-idx11355-0-2|qp31,17,10022,9def7f411be5dcefe85d06b44801fd9016d05325af02efbea97debd5b2f2748d,COMPLETED_DIAGNOSTIC,0,historical,1.1674596793264276,21143,0.0720915166393902,124,121,0.9758064516129032,124,124,124,0,21,24,68,68,68,0,13,14,"FCD first observation is presence, not verified JuPedSim insertion; saved timestamps use the actual engine output step despite the requested 1-second device period. See per-agent first-position-update audit. Schedule inferred from deterministic personFlow.",5.0,22290432
Development,NTP-newtaipei-idx11355-0-2|qp31,17,10023,0f7e5c33493a6ef10d3b1d03c23a5370c6a67768e4f9d1d0468ff536cd7bd4ac,COMPLETED_DIAGNOSTIC,0,historical,1.2040909528392545,20780,0.0708537915984726,124,128,1.032258064516129,124,124,124,0,23,20,68,68,68,0,14,11,"FCD first observation is presence, not verified JuPedSim insertion; saved timestamps use the actual engine output step despite the requested 1-second device period. See per-agent first-position-update audit. Schedule inferred from deterministic personFlow.",6.437000000150874,22347776
Development,NTP-newtaipei-idx11355-0-2|qp31,17,10025,dbe5de8df5075134fc454439b5e4ab66f419387ae884b68713a7392dde669b64,COMPLETED_DIAGNOSTIC,0,historical,1.2146172766627288,20328,0.0693126022913268,124,126,1.0161290322580645,124,124,124,0,22,21,68,68,68,0,13,12,"FCD first observation is presence, not verified JuPedSim insertion; saved timestamps use the actual engine output step despite the requested 1-second device period. See per-agent first-position-update audit. Schedule inferred from deterministic personFlow.",6.405999999959022,22401024
Development,NTP-newtaipei-idx11355-0-2|qp31,17,10024,406b84b79669035486bd29ea0a22eddec18148aeb5130b36b01bfe873e8c5166,COMPLETED_DIAGNOSTIC,0,historical,1.2196166854566224,20401,0.0695615111838527,124,123,0.9919354838709676,124,124,124,0,21,23,68,68,68,0,13,14,"FCD first observation is presence, not verified JuPedSim insertion; saved timestamps use the actual engine output step despite the requested 1-second device period. See per-agent first-position-update audit. Schedule inferred from deterministic personFlow.",6.6719999997876585,22257664
Development,NTP-newtaipei-idx11355-0-2|qp31,17,10026,141d00c54db76e8b5ba6a23ae67144fea1dd8ef06ca73436f15b1eb967401348,COMPLETED_DIAGNOSTIC,0,historical,1.230173973212053,20233,0.0689886797599572,124,125,1.0080645161290325,124,124,124,0,20,20,68,68,68,0,11,12,"FCD first observation is presence, not verified JuPedSim insertion; saved timestamps use the actual engine output step despite the requested 1-second device period. See per-agent first-position-update audit. Schedule inferred from deterministic personFlow.",4.875,22396928
Development,NTP-newtaipei-idx11355-0-2|qp31,17,10029,c292a64bc42fe3e0e87088e1be1443698e2f14667c67426d9c0ce13f6cf415cc,COMPLETED_DIAGNOSTIC,0,historical,1.222465821035598,20261,0.0690841516639404,124,125,1.0080645161290325,124,124,124,0,21,20,68,68,68,0,13,12,"FCD first observation is presence, not verified JuPedSim insertion; saved timestamps use the actual engine output step despite the requested 1-second device period. See per-agent first-position-update audit. Schedule inferred from deterministic personFlow.",6.8280000002123415,22286336
Development,NTP-newtaipei-idx11355-0-2|qp31,17,10028,0dfb2abe3ca12b4356b9ec427cad3f1512e8c877522e87b818c89af88ae8449d,COMPLETED_DIAGNOSTIC,0,historical,1.2280023640661843,20304,0.0692307692307708,124,123,0.9919354838709676,124,124,124,0,19,20,68,68,68,0,11,12,"FCD first observation is presence, not verified JuPedSim insertion; saved timestamps use the actual engine output step despite the requested 1-second device period. See per-agent first-position-update audit. Schedule inferred from deterministic personFlow.",7.077999999979511,22343680
Development,NTP-newtaipei-idx11355-0-2|qp31,17,10027,c944c0590c31ad8e75579043b9230752a05343249c1e51452c83f399a067b367,COMPLETED_DIAGNOSTIC,0,historical,1.167290955830792,21395,0.0729507637752329,124,127,1.0241935483870968,124,124,124,0,22,19,68,68,68,0,13,12,"FCD first observation is presence, not verified JuPedSim insertion; saved timestamps use the actual engine output step despite the requested 1-second device period. See per-agent first-position-update audit. Schedule inferred from deterministic personFlow.",7.358999999938533,22298624
Development,NTP-newtaipei-idx11355-0-2|qp31,18,10000,56662b143d33fb9b9d0079c81324d71609df2e170bd65da98fce6ce4ed349425,COMPLETED_DIAGNOSTIC,0,historical,1.2387068577992757,20021,0.0682658210583751,124,123,0.9919354838709676,124,124,124,0,19,20,72,72,72,0,13,13,"FCD first observation is presence, not verified JuPedSim insertion; saved timestamps use the actual engine output step despite the requested 1-second device period. See per-agent first-position-update audit. Schedule inferred from deterministic personFlow.",6.594000000040978,22396928
Development,NTP-newtaipei-idx11355-0-2|qp31,18,10001,c2e7d1a5709e98750305b92a3d981fd86602aa36064f10f1dfa1733498c2a21e,COMPLETED_DIAGNOSTIC,0,historical,1.2274134379597064,20390,0.0695240043644308,124,124,1.0,124,124,124,0,21,22,72,72,72,0,13,12,"FCD first observation is presence, not verified JuPedSim insertion; saved timestamps use the actual engine output step despite the requested 1-second device period. See per-agent first-position-update audit. Schedule inferred from deterministic personFlow.",6.202999999979511,22401024
Development,NTP-newtaipei-idx11355-0-2|qp31,18,10003,b6cf931adc6efe4b8c5d2fe1cf0bb8842862e1ae43293ee917cb0128b908817b,COMPLETED_DIAGNOSTIC,0,historical,1.193144756348408,20911,0.0713004637206768,124,127,1.0241935483870968,124,124,124,0,23,21,72,72,72,0,14,12,"FCD first observation is presence, not verified JuPedSim insertion; saved timestamps use the actual engine output step despite the requested 1-second device period. See per-agent first-position-update audit. Schedule inferred from deterministic personFlow.",7.062999999849126,22396928
Development,NTP-newtaipei-idx11355-0-2|qp31,18,10004,47ee62604881f63033c80646e8d795e149170a355769b727225110758e1e9ef6,COMPLETED_DIAGNOSTIC,0,historical,1.1825002387546366,20942,0.0714061647572297,124,123,0.9919354838709676,124,124,124,0,19,21,72,72,72,0,12,13,"FCD first observation is presence, not verified JuPedSim insertion; saved timestamps use the actual engine output step despite the requested 1-second device period. See per-agent first-position-update audit. Schedule inferred from deterministic personFlow.",7.047000000020489,22310912
Development,NTP-newtaipei-idx11355-0-2|qp31,18,10002,d03b8de6b2f4ef41e4a169940580b8f49af1926e0a98a9a475cb26b7bec540b5,COMPLETED_DIAGNOSTIC,0,historical,1.1312172721041138,21885,0.074621522094928,124,125,1.0080645161290325,124,124,124,0,25,24,72,72,72,0,14,14,"FCD first observation is presence, not verified JuPedSim insertion; saved timestamps use the actual engine output step despite the requested 1-second device period. See per-agent first-position-update audit. Schedule inferred from deterministic personFlow.",7.405999999959022,22401024
Development,NTP-newtaipei-idx11355-0-2|qp31,18,10005,687c44ffac999c6aa47ae8642f0e81a5ee93f6fc2431869b11a99097ec75001e,COMPLETED_DIAGNOSTIC,0,historical,1.1715575410675425,21489,0.0732712765957454,124,125,1.0080645161290325,124,124,124,0,20,19,72,72,72,0,13,11,"FCD first observation is presence, not verified JuPedSim insertion; saved timestamps use the actual engine output step despite the requested 1-second device period. See per-agent first-position-update audit. Schedule inferred from deterministic personFlow.",5.391000000061467,22413312
Development,NTP-newtaipei-idx11355-0-2|qp31,18,10007,45f3fb708ad98e7dee8c5e6fff9b640644b30a2f34bc231625b12173b4c747b4,COMPLETED_DIAGNOSTIC,0,historical,1.1802851755833117,21215,0.072337015821059,124,122,0.9838709677419356,124,124,124,0,19,21,72,72,72,0,12,12,"FCD first observation is presence, not verified JuPedSim insertion; saved timestamps use the actual engine output step despite the requested 1-second device period. See per-agent first-position-update audit. Schedule inferred from deterministic personFlow.",6.375,22429696
Development,NTP-newtaipei-idx11355-0-2|qp31,18,10008,ada5ad089d52188f77f944bc84a3187f9510d02a781c413c370bc2e60b9d164d,COMPLETED_DIAGNOSTIC,0,historical,1.1541943150047638,21460,0.0731723949809062,124,124,1.0,124,124,124,0,20,22,72,72,72,0,13,13,"FCD first observation is presence, not verified JuPedSim insertion; saved timestamps use the actual engine output step despite the requested 1-second device period. See per-agent first-position-update audit. Schedule inferred from deterministic personFlow.",6.547000000020489,22458368
Development,NTP-newtaipei-idx11355-0-2|qp31,18,10006,f7f22988e703962530fe3cb1dc34f46bbb1bf42cb9252bcf116ff250c11a041b,COMPLETED_DIAGNOSTIC,0,historical,1.1557473976404309,21615,0.0737009001636671,124,125,1.0080645161290325,124,124,124,0,22,22,72,72,72,0,14,13,"FCD first observation is presence, not verified JuPedSim insertion; saved timestamps use the actual engine output step despite the requested 1-second device period. See per-agent first-position-update audit. Schedule inferred from deterministic personFlow.",6.656999999890104,22392832
Development,NTP-newtaipei-idx11355-0-2|qp31,18,10009,1d9e1b9fcba89fe9b8b92b030aafce59c45742475ee4b7a06e7ab94baa7f3d60,COMPLETED_DIAGNOSTIC,0,historical,1.2113756121450026,20420,0.0696262956901265,124,122,0.9838709677419356,124,124,124,0,20,23,72,72,72,0,13,13,"FCD first observation is presence, not verified JuPedSim insertion; saved timestamps use the actual engine output step despite the requested 1-second device period. See per-agent first-position-update audit. Schedule inferred from deterministic personFlow.",4.671000000089407,22401024
Development,NTP-newtaipei-idx11355-0-2|qp31,18,10011,a24b5cd34c6982a1bb4253903e322dbd1498a59d87b38b0829c69a910899b712,COMPLETED_DIAGNOSTIC,0,historical,1.203533424283743,20524,0.0699809056192041,124,125,1.0080645161290325,124,124,124,0,22,23,72,72,72,0,13,12,"FCD first observation is presence, not verified JuPedSim insertion; saved timestamps use the actual engine output step despite the requested 1-second device period. See per-agent first-position-update audit. Schedule inferred from deterministic personFlow.",6.484000000171363,22388736
Development,NTP-newtaipei-idx11355-0-2|qp31,18,10010,0b6643c66d3c3096b3d137411b3ac1b52a7d6e5345f46d1309bd728491212fd2,COMPLETED_DIAGNOSTIC,0,historical,1.1685048095059116,21208,0.0723131478450635,124,124,1.0,124,124,124,0,21,22,72,72,72,0,12,12,"FCD first observation is presence, not verified JuPedSim insertion; saved timestamps use the actual engine output step despite the requested 1-second device period. See per-agent first-position-update audit. Schedule inferred from deterministic personFlow.",6.641000000061467,22417408
Development,NTP-newtaipei-idx11355-0-2|qp31,18,10012,3d952daa90c3a497d8856abaa91ec50f3ef259d562aee6f000627965c5105c70,COMPLETED_DIAGNOSTIC,0,historical,1.1900656955156768,21006,0.0716243862520466,124,120,0.967741935483871,124,124,124,0,19,23,72,72,72,0,12,13,"FCD first observation is presence, not verified JuPedSim insertion; saved timestamps use the actual engine output step despite the requested 1-second device period. See per-agent first-position-update audit. Schedule inferred from deterministic personFlow.",6.6560000001918525,22351872
Development,NTP-newtaipei-idx11355-0-2|qp31,18,10013,3584cde6928a04e321d87e9a73ff575d492b8157b3ee878db4dafccc52857bda,COMPLETED_DIAGNOSTIC,0,historical,1.1986852608800516,20795,0.0709049372613213,124,126,1.0161290322580645,124,124,124,0,20,19,72,72,72,0,13,10,"FCD first observation is presence, not verified JuPedSim insertion; saved timestamps use the actual engine output step despite the requested 1-second device period. See per-agent first-position-update audit. Schedule inferred from deterministic personFlow.",4.687000000150874,22421504
Development,NTP-newtaipei-idx11355-0-2|qp31,18,10016,40628500a719abec251d0839b4714be603358aa2bcbe8a6d48eaf704683bdebd,COMPLETED_DIAGNOSTIC,0,historical,1.22551001189543,20176,0.0687943262411362,124,127,1.0241935483870968,124,124,124,0,21,19,72,72,72,0,13,12,"FCD first observation is presence, not verified JuPedSim insertion; saved timestamps use the actual engine output step despite the requested 1-second device period. See per-agent first-position-update audit. Schedule inferred from deterministic personFlow.",6.2969999997876585,22310912
Development,NTP-newtaipei-idx11355-0-2|qp31,18,10015,f547f7d2b719a6c31deef05ed63853ab4cd276190759a74d74a0cc30861e982c,COMPLETED_DIAGNOSTIC,0,historical,1.2017832354509903,20603,0.0702502727768692,124,125,1.0080645161290325,124,124,124,0,20,20,72,72,72,0,12,12,"FCD first observation is presence, not verified JuPedSim insertion; saved timestamps use the actual engine output step despite the requested 1-second device period. See per-agent first-position-update audit. Schedule inferred from deterministic personFlow.",6.516000000061467,22425600
Development,NTP-newtaipei-idx11355-0-2|qp31,18,10014,0a329c5fb7782c1ef34e982580edff351cd0c2ef7ad3d9f8782428abc16e28ef,COMPLETED_DIAGNOSTIC,0,historical,1.1821597716211694,21368,0.072858701582107,124,118,0.9516129032258064,124,124,124,0,18,25,72,72,72,0,12,12,"FCD first observation is presence, not verified JuPedSim insertion; saved timestamps use the actual engine output step despite the requested 1-second device period. See per-agent first-position-update audit. Schedule inferred from deterministic personFlow.",6.593999999808148,22450176
Development,NTP-newtaipei-idx11355-0-2|qp31,18,10017,d98b2e7195b117bd2d0413b09a4e175cb681368e1aff05123e9d0afa6ae51215,COMPLETED_DIAGNOSTIC,0,historical,1.1528426279250414,21751,0.0741646208401539,124,122,0.9838709677419356,124,124,124,0,20,22,72,72,72,0,13,13,"FCD first observation is presence, not verified JuPedSim insertion; saved timestamps use the actual engine output step despite the requested 1-second device period. See per-agent first-position-update audit. Schedule inferred from deterministic personFlow.",6.140999999828637,22437888
Development,NTP-newtaipei-idx11355-0-2|qp31,18,10018,3777e0159df73a8ae13ec50eaf38db11d2c85371cf23ada488fa390fc6bcb6ed,COMPLETED_DIAGNOSTIC,0,historical,1.185311105780651,20845,0.0710754228041474,124,124,1.0,124,124,124,0,21,21,72,72,72,0,12,13,"FCD first observation is presence, not verified JuPedSim insertion; saved timestamps use the actual engine output step despite the requested 1-second device period. See per-agent first-position-update audit. Schedule inferred from deterministic personFlow.",6.436999999918044,22335488
Development,NTP-newtaipei-idx11355-0-2|qp31,18,10020,723474a28f12796324f2bae65efbc43ccbb7116dbe853955e389072aa4feef21,COMPLETED_DIAGNOSTIC,0,historical,1.1867175755253463,20887,0.0712186306601211,124,124,1.0,124,124,124,0,20,21,72,72,72,0,12,12,"FCD first observation is presence, not verified JuPedSim insertion; saved timestamps use the actual engine output step despite the requested 1-second device period. See per-agent first-position-update audit. Schedule inferred from deterministic personFlow.",6.702999999979511,22294528
Development,NTP-newtaipei-idx11355-0-2|qp31,18,10021,9bd421c60b1efda5084f1b20cc8b346bd9978e9d6037e9f6a31968497f591e6f,COMPLETED_DIAGNOSTIC,0,historical,1.212219110617606,20711,0.0706185215493739,124,126,1.0161290322580645,124,124,124,0,22,20,72,72,72,0,15,11,"FCD first observation is presence, not verified JuPedSim insertion; saved timestamps use the actual engine output step despite the requested 1-second device period. See per-agent first-position-update audit. Schedule inferred from deterministic personFlow.",6.5,22331392
Development,NTP-newtaipei-idx11355-0-2|qp31,18,10019,bf5d0950f9679f3ee5b1151c27f2e449e0b7c14e458e4efd1f7da5fd83736a21,COMPLETED_DIAGNOSTIC,0,historical,1.179046275934629,20918,0.071324331696673,124,121,0.9758064516129032,124,124,124,0,19,22,72,72,72,0,12,13,"FCD first observation is presence, not verified JuPedSim insertion; saved timestamps use the actual engine output step despite the requested 1-second device period. See per-agent first-position-update audit. Schedule inferred from deterministic personFlow.",6.733999999938533,22310912
Development,NTP-newtaipei-idx11355-0-2|qp31,18,10022,92de00097be3b848f16c101ab60ed03a654fda687486f0fad7d4d41c986bc478,COMPLETED_DIAGNOSTIC,0,historical,1.1543972063372048,21334,0.0727427714129853,124,123,0.9919354838709676,124,124,124,0,21,22,72,72,72,0,13,15,"FCD first observation is presence, not verified JuPedSim insertion; saved timestamps use the actual engine output step despite the requested 1-second device period. See per-agent first-position-update audit. Schedule inferred from deterministic personFlow.",7.578000000212341,22343680
Development,NTP-newtaipei-idx11355-0-2|qp31,18,10024,71f4ffdee213dafa06c2dd6fe12586c259b5439bae6bdf064b38cde481089a3e,COMPLETED_DIAGNOSTIC,0,historical,1.21018043127483,20451,0.0697319967266787,124,125,1.0080645161290325,124,124,124,0,22,22,72,72,72,0,15,13,"FCD first observation is presence, not verified JuPedSim insertion; saved timestamps use the actual engine output step despite the requested 1-second device period. See per-agent first-position-update audit. Schedule inferred from deterministic personFlow.",7.546999999787658,22405120
Development,NTP-newtaipei-idx11355-0-2|qp31,18,10025,507e86b6f979be9ad9437bf148633304dc4a05c3446dad1260d968093bd805d9,COMPLETED_DIAGNOSTIC,0,historical,1.1938269639065957,20724,0.0706628477905083,124,127,1.0241935483870968,124,124,124,0,23,21,72,72,72,0,15,12,"FCD first observation is presence, not verified JuPedSim insertion; saved timestamps use the actual engine output step despite the requested 1-second device period. See per-agent first-position-update audit. Schedule inferred from deterministic personFlow.",7.5939999998081475,22437888
Development,NTP-newtaipei-idx11355-0-2|qp31,18,10023,d8f28e1fb57d310b73484a56bd04f369da8427e052e39137da8ed51f5abdb696,COMPLETED_DIAGNOSTIC,0,historical,1.2047476788377227,20787,0.070877659574469,124,128,1.032258064516129,124,124,124,0,23,19,72,72,72,0,15,11,"FCD first observation is presence, not verified JuPedSim insertion; saved timestamps use the actual engine output step despite the requested 1-second device period. See per-agent first-position-update audit. Schedule inferred from deterministic personFlow.",7.608999999938533,22384640
Development,NTP-newtaipei-idx11355-0-2|qp31,18,10026,6443bd4bca93a5fae27ee35aa8519313099bccf4a696d8d707909f69cd81e47d,COMPLETED_DIAGNOSTIC,0,historical,1.2018982491876793,20619,0.0703048281505737,124,125,1.0080645161290325,124,124,124,0,20,19,72,72,72,0,13,12,"FCD first observation is presence, not verified JuPedSim insertion; saved timestamps use the actual engine output step despite the requested 1-second device period. See per-agent first-position-update audit. Schedule inferred from deterministic personFlow.",7.016000000061467,22437888
Development,NTP-newtaipei-idx11355-0-2|qp31,18,10029,578ad01444eb89b8149748f502887f7ad8a8c36649287c563427c0e854c94934,COMPLETED_DIAGNOSTIC,0,historical,1.224447904310095,20232,0.0689852700491012,124,125,1.0080645161290325,124,124,124,0,21,20,72,72,72,0,14,12,"FCD first observation is presence, not verified JuPedSim insertion; saved timestamps use the actual engine output step despite the requested 1-second device period. See per-agent first-position-update audit. Schedule inferred from deterministic personFlow.",7.047000000020489,22401024
Development,NTP-newtaipei-idx11355-0-2|qp31,18,10028,5a52c7db7004538f0ff37a5e75c313eb06b453264c6e31531e41f32f3d20c01e,COMPLETED_DIAGNOSTIC,0,historical,1.193356736877342,20937,0.0713891162029472,124,123,0.9919354838709676,124,124,124,0,20,22,72,72,72,0,12,12,"FCD first observation is presence, not verified JuPedSim insertion; saved timestamps use the actual engine output step despite the requested 1-second device period. See per-agent first-position-update audit. Schedule inferred from deterministic personFlow.",7.219000000040978,22454272
Development,NTP-newtaipei-idx11355-0-2|qp31,18,10027,e8b82fe713b95690850251437fe455e914177e8ff63fc8006cffbe173aa0029e,COMPLETED_DIAGNOSTIC,0,historical,1.1770095336012825,21398,0.072960992907803,124,122,0.9838709677419356,124,124,124,0,22,25,72,72,72,0,14,13,"FCD first observation is presence, not verified JuPedSim insertion; saved timestamps use the actual engine output step despite the requested 1-second device period. See per-agent first-position-update audit. Schedule inferred from deterministic personFlow.",7.264999999897554,22384640
Development,NTP-newtaipei-idx6919-0-0|qp9,0,10000,8aa9ebbc1f5e57c0d64e85a009111f0b483593372eb1d1e25d6c8659505d8427,COMPLETED_DIAGNOSTIC,0,historical,1.3035094408133086,5508,0.0659482758620695,36,36,1.0,36,36,36,0,6,6,0,0,0,0,0,0,"FCD first observation is presence, not verified JuPedSim insertion; saved timestamps use the actual engine output step despite the requested 1-second device period. See per-agent first-position-update audit. Schedule inferred from deterministic personFlow.",1.4840000001713634,21585920
Development,NTP-newtaipei-idx6919-0-0|qp9,0,10001,acff18bf27708a709c812532dd0fc376a90e1e14fecae87be4009597fb1ff567,COMPLETED_DIAGNOSTIC,0,historical,1.309730116175143,5595,0.066989942528736,36,36,1.0,36,36,36,0,6,6,0,0,0,0,0,0,"FCD first observation is presence, not verified JuPedSim insertion; saved timestamps use the actual engine output step despite the requested 1-second device period. See per-agent first-position-update audit. Schedule inferred from deterministic personFlow.",1.5309999999590218,21561344
Development,NTP-newtaipei-idx6919-0-0|qp9,0,10002,9914bd67d83ffebbe6b0aac23d03abd9b198fe928a00ca08a48ceab06fe1f5c2,COMPLETED_DIAGNOSTIC,0,historical,1.300295602018739,5548,0.0664272030651352,36,35,0.9722222222222222,36,36,36,0,5,6,0,0,0,0,0,0,"FCD first observation is presence, not verified JuPedSim insertion; saved timestamps use the actual engine output step despite the requested 1-second device period. See per-agent first-position-update audit. Schedule inferred from deterministic personFlow.",1.5,21594112
Development,NTP-newtaipei-idx6919-0-0|qp9,0,10003,255344260f3e23e2c661cc68d66eef73f0622cd1ee8bc167300803f2d7b70b01,COMPLETED_DIAGNOSTIC,0,historical,1.2533929492691795,5815,0.0696240421455945,36,37,1.0277777777777777,36,36,36,0,7,6,0,0,0,0,0,0,"FCD first observation is presence, not verified JuPedSim insertion; saved timestamps use the actual engine output step despite the requested 1-second device period. See per-agent first-position-update audit. Schedule inferred from deterministic personFlow.",1.5,21569536
Development,NTP-newtaipei-idx6919-0-0|qp9,0,10004,5fa5c09ea5f54111a6ebc8d92c7f32a9c9e9a1aee6f0e4d0edcfed79dbc8c9df,COMPLETED_DIAGNOSTIC,0,historical,1.3690513983371482,5292,0.063362068965518,36,36,1.0,36,36,36,0,6,6,0,0,0,0,0,0,"FCD first observation is presence, not verified JuPedSim insertion; saved timestamps use the actual engine output step despite the requested 1-second device period. See per-agent first-position-update audit. Schedule inferred from deterministic personFlow.",1.343000000109896,21643264
Development,NTP-newtaipei-idx6919-0-0|qp9,0,10006,7d2fa99d7f8f88a1094631866066069f2a1a1a846f73e521085c970fdf655c5f,COMPLETED_DIAGNOSTIC,0,historical,1.285641209085987,5591,0.0669420498084301,36,36,1.0,36,36,36,0,6,6,0,0,0,0,0,0,"FCD first observation is presence, not verified JuPedSim insertion; saved timestamps use the actual engine output step despite the requested 1-second device period. See per-agent first-position-update audit. Schedule inferred from deterministic personFlow.",1.4370000001508745,21614592
Development,NTP-newtaipei-idx6919-0-0|qp9,0,10007,6b5f1166e35da200f3d45068a6fa7d190102ca0e4c7a1d3d0602d0deff2934c6,COMPLETED_DIAGNOSTIC,0,historical,1.2890149625935232,5614,0.0672174329501927,36,35,0.9722222222222222,36,36,36,0,5,6,0,0,0,0,0,0,"FCD first observation is presence, not verified JuPedSim insertion; saved timestamps use the actual engine output step despite the requested 1-second device period. See per-agent first-position-update audit. Schedule inferred from deterministic personFlow.",1.421000000089407,21577728
Development,NTP-newtaipei-idx6919-0-0|qp9,0,10005,5a52cafcbaeeab8da70c6dbe994d75401fdfa254b34a975109088dea1be373c6,COMPLETED_DIAGNOSTIC,0,historical,1.2879048981051204,5594,0.0669779693486598,36,36,1.0,36,36,36,0,6,6,0,0,0,0,0,0,"FCD first observation is presence, not verified JuPedSim insertion; saved timestamps use the actual engine output step despite the requested 1-second device period. See per-agent first-position-update audit. Schedule inferred from deterministic personFlow.",1.531999999890104,21618688
Development,NTP-newtaipei-idx6919-0-0|qp9,0,10008,9e574d4e14577abb9e95adb9052d6bfcfc4a6724c58c76ffb841e9e2f14e55d9,COMPLETED_DIAGNOSTIC,0,historical,1.3310534904805242,5515,0.0660320881226063,36,36,1.0,36,36,36,0,6,6,0,0,0,0,0,0,"FCD first observation is presence, not verified JuPedSim insertion; saved timestamps use the actual engine output step despite the requested 1-second device period. See per-agent first-position-update audit. Schedule inferred from deterministic personFlow.",1.375,21549056
Development,NTP-newtaipei-idx6919-0-0|qp9,0,10009,8efd2e28e24348d94a4d506b4824a2ad388d6639868e891e70aa29f3068df129,COMPLETED_DIAGNOSTIC,0,historical,1.3051835930503417,5583,0.0668462643678165,36,36,1.0,36,36,36,0,6,6,0,0,0,0,0,0,"FCD first observation is presence, not verified JuPedSim insertion; saved timestamps use the actual engine output step despite the requested 1-second device period. See per-agent first-position-update audit. Schedule inferred from deterministic personFlow.",1.422000000020489,21569536
Development,NTP-newtaipei-idx6919-0-0|qp9,0,10010,8420c5a8be56633b4abe3af67d669a558e6ac925f5cf8f7e8dd3e83859b91668,COMPLETED_DIAGNOSTIC,0,historical,1.3276384785819708,5416,0.0648467432950198,36,36,1.0,36,36,36,0,5,5,0,0,0,0,0,0,"FCD first observation is presence, not verified JuPedSim insertion; saved timestamps use the actual engine output step despite the requested 1-second device period. See per-agent first-position-update audit. Schedule inferred from deterministic personFlow.",1.4380000000819564,21590016
Development,NTP-newtaipei-idx6919-0-0|qp9,0,10011,f49acaed663ebc9ed643221559a9504bd3b9f9b27e2931ebde3f412afc1be379,COMPLETED_DIAGNOSTIC,0,historical,1.3235927601810098,5525,0.0661518199233726,36,38,1.0555555555555556,36,36,36,0,6,5,0,0,0,0,0,0,"FCD first observation is presence, not verified JuPedSim insertion; saved timestamps use the actual engine output step despite the requested 1-second device period. See per-agent first-position-update audit. Schedule inferred from deterministic personFlow.",1.4849999998696148,21708800
Development,NTP-newtaipei-idx6919-0-0|qp9,0,10012,3bbc7ab2cd4601bf2efc330e301a84f15e3075a70a139fade269f828582a5ede,COMPLETED_DIAGNOSTIC,0,historical,1.3091830422125148,5496,0.0658045977011498,36,34,0.9444444444444444,36,36,36,0,5,7,0,0,0,0,0,0,"FCD first observation is presence, not verified JuPedSim insertion; saved timestamps use the actual engine output step despite the requested 1-second device period. See per-agent first-position-update audit. Schedule inferred from deterministic personFlow.",1.3900000001303852,21594112
Development,NTP-newtaipei-idx6919-0-0|qp9,0,10013,eb79f6c817540585238496cdc0f1ec05af9f66e22681d08c2f187bf3f6ad0e98,COMPLETED_DIAGNOSTIC,0,historical,1.3035421948570054,5522,0.0661159003831425,36,37,1.0277777777777777,36,36,36,0,6,6,0,0,0,0,0,0,"FCD first observation is presence, not verified JuPedSim insertion; saved timestamps use the actual engine output step despite the requested 1-second device period. See per-agent first-position-update audit. Schedule inferred from deterministic personFlow.",1.4379999998491255,21540864
Development,NTP-newtaipei-idx6919-0-0|qp9,0,10014,d368eb37b89f001236a3adcbe29c1c33cc7251608e7a9c4ea4a003452da7c2b1,COMPLETED_DIAGNOSTIC,0,historical,1.3439737910668024,5418,0.0648706896551735,36,36,1.0,36,36,36,0,6,6,0,0,0,0,0,0,"FCD first observation is presence, not verified JuPedSim insertion; saved timestamps use the actual engine output step despite the requested 1-second device period. See per-agent first-position-update audit. Schedule inferred from deterministic personFlow.",1.422000000020489,21655552
Development,NTP-newtaipei-idx6919-0-0|qp9,0,10015,2426c58dcf7d8c2ba4fab85e142b926c69a0dfc875333d37aecd637280602b4d,COMPLETED_DIAGNOSTIC,0,historical,1.3520030007502029,5332,0.0638409961685832,36,37,1.0277777777777777,36,36,36,0,6,6,0,0,0,0,0,0,"FCD first observation is presence, not verified JuPedSim insertion; saved timestamps use the actual engine output step despite the requested 1-second device period. See per-agent first-position-update audit. Schedule inferred from deterministic personFlow.",1.4689999998081475,21680128
Development,NTP-newtaipei-idx6919-0-0|qp9,0,10018,431685a7731cca22b7bee0de5aca76262156602d627288823a0a014b7f9233df,COMPLETED_DIAGNOSTIC,0,historical,1.351805453205611,5428,0.0649904214559391,36,36,1.0,36,36,36,0,5,5,0,0,0,0,0,0,"FCD first observation is presence, not verified JuPedSim insertion; saved timestamps use the actual engine output step despite the requested 1-second device period. See per-agent first-position-update audit. Schedule inferred from deterministic personFlow.",1.422000000020489,21585920
Development,NTP-newtaipei-idx6919-0-0|qp9,0,10019,04045ae84a2252f081c4b56a07336d6cd53717c3b3a7f8957dd8e62e667ae1c3,COMPLETED_DIAGNOSTIC,0,historical,1.3560613905325472,5408,0.0647509578544064,36,37,1.0277777777777777,36,36,36,0,6,6,0,0,0,0,0,0,"FCD first observation is presence, not verified JuPedSim insertion; saved timestamps use the actual engine output step despite the requested 1-second device period. See per-agent first-position-update audit. Schedule inferred from deterministic personFlow.",1.4690000000409782,21561344
Development,NTP-newtaipei-idx6919-0-0|qp9,0,10016,2153de42b469825109b8440b7124caa8a367cd2c7a9ce8f66889e9811f5bc093,COMPLETED_DIAGNOSTIC,0,historical,1.2991470641048295,5569,0.0666786398467438,36,37,1.0277777777777777,36,36,36,0,6,6,0,0,0,0,0,0,"FCD first observation is presence, not verified JuPedSim insertion; saved timestamps use the actual engine output step despite the requested 1-second device period. See per-agent first-position-update audit. Schedule inferred from deterministic personFlow.",1.6560000001918525,21524480
Development,NTP-newtaipei-idx6919-0-0|qp9,0,10017,716f7767537741dd8e38164220df48cdb85744006e0e3702af4178f5c325e3be,COMPLETED_DIAGNOSTIC,0,historical,1.314342629482053,5522,0.0661159003831422,36,35,0.9722222222222222,36,36,36,0,5,6,0,0,0,0,0,0,"FCD first observation is presence, not verified JuPedSim insertion; saved timestamps use the actual engine output step despite the requested 1-second device period. See per-agent first-position-update audit. Schedule inferred from deterministic personFlow.",1.6560000001918525,21663744
Development,NTP-newtaipei-idx6919-0-0|qp9,0,10022,21cd9dc9ca271581f188f8a1d041642e1f252e8c9efdf3b55c58bb0471648a8a,COMPLETED_DIAGNOSTIC,0,historical,1.3344663958641074,5416,0.0648467432950196,36,36,1.0,36,36,36,0,6,6,0,0,0,0,0,0,"FCD first observation is presence, not verified JuPedSim insertion; saved timestamps use the actual engine output step despite the requested 1-second device period. See per-agent first-position-update audit. Schedule inferred from deterministic personFlow.",1.3440000000409782,21626880
Development,NTP-newtaipei-idx6919-0-0|qp9,0,10020,f864b3a5c8329d54432d63e0dfc97363efeb7f6d0e139a3f86c8eca6e4c4449f,COMPLETED_DIAGNOSTIC,0,historical,1.3458998348926636,5451,0.0652658045977017,36,36,1.0,36,36,36,0,6,6,0,0,0,0,0,0,"FCD first observation is presence, not verified JuPedSim insertion; saved timestamps use the actual engine output step despite the requested 1-second device period. See per-agent first-position-update audit. Schedule inferred from deterministic personFlow.",1.5160000000614673,21524480
Development,NTP-newtaipei-idx6919-0-0|qp9,0,10021,1fb5a68928494e102eafe8614f3e5444fafa9a186441867292a5b012c635c70a,COMPLETED_DIAGNOSTIC,0,historical,1.3049683487068429,5529,0.0661997126436789,36,36,1.0,36,36,36,0,6,6,0,0,0,0,0,0,"FCD first observation is presence, not verified JuPedSim insertion; saved timestamps use the actual engine output step despite the requested 1-second device period. See per-agent first-position-update audit. Schedule inferred from deterministic personFlow.",1.625,21512192
Development,NTP-newtaipei-idx6919-0-0|qp9,0,10023,780aee5ff0bf11a1d78f3e54789c521bd27cc4f15fe034616b1e550a25950f83,COMPLETED_DIAGNOSTIC,0,historical,1.2370108228827128,5821,0.0696958812260544,36,37,1.0277777777777777,36,36,36,0,7,6,0,0,0,0,0,0,"FCD first observation is presence, not verified JuPedSim insertion; saved timestamps use the actual engine output step despite the requested 1-second device period. See per-agent first-position-update audit. Schedule inferred from deterministic personFlow.",1.6100000001024457,21590016
Development,NTP-newtaipei-idx6919-0-0|qp9,0,10024,07e909e4a09c1fa7aa139b4a12de26a0170249803404b5b7a23fc7184b606a9d,COMPLETED_DIAGNOSTIC,0,historical,1.2847144358794944,5708,0.0683429118773957,36,35,0.9722222222222222,36,36,36,0,5,6,0,0,0,0,0,0,"FCD first observation is presence, not verified JuPedSim insertion; saved timestamps use the actual engine output step despite the requested 1-second device period. See per-agent first-position-update audit. Schedule inferred from deterministic personFlow.",1.672000000020489,21598208
Development,NTP-newtaipei-idx6919-0-0|qp9,0,10025,23894b447c3889cc16b9c635c16b8ef39cbd733969a75c819e24faed72858757,COMPLETED_DIAGNOSTIC,0,historical,1.336109882005874,5424,0.0649425287356327,36,36,1.0,36,36,36,0,6,6,0,0,0,0,0,0,"FCD first observation is presence, not verified JuPedSim insertion; saved timestamps use the actual engine output step despite the requested 1-second device period. See per-agent first-position-update audit. Schedule inferred from deterministic personFlow.",1.6880000000819564,21684224
Development,NTP-newtaipei-idx6919-0-0|qp9,0,10026,786508a4de2e3a8a3d60021c8bb97b2046d5d2466600c57269eab98e8d523525,COMPLETED_DIAGNOSTIC,0,historical,1.298210318882108,5582,0.0668342911877406,36,35,0.9722222222222222,36,36,36,0,5,6,0,0,0,0,0,0,"FCD first observation is presence, not verified JuPedSim insertion; saved timestamps use the actual engine output step despite the requested 1-second device period. See per-agent first-position-update audit. Schedule inferred from deterministic personFlow.",1.703999999910593,21639168
Development,NTP-newtaipei-idx6919-0-0|qp9,0,10027,9973afd1b05d9b64a4867863c078ad3760cfe8ca30ca23e30d9bc5b4570847e9,COMPLETED_DIAGNOSTIC,0,historical,1.3200345328971643,5502,0.0658764367816098,36,37,1.0277777777777777,36,36,36,0,7,6,0,0,0,0,0,0,"FCD first observation is presence, not verified JuPedSim insertion; saved timestamps use the actual engine output step despite the requested 1-second device period. See per-agent first-position-update audit. Schedule inferred from deterministic personFlow.",1.6880000000819564,21639168
Development,NTP-newtaipei-idx6919-0-0|qp9,0,10029,5851355e033b561dc34738d6e7caa902aef6a382f37fc0d7ecbb4520a09b80ce,COMPLETED_DIAGNOSTIC,0,historical,1.3517736832309764,5373,0.0643318965517249,36,35,0.9722222222222222,36,36,36,0,5,6,0,0,0,0,0,0,"FCD first observation is presence, not verified JuPedSim insertion; saved timestamps use the actual engine output step despite the requested 1-second device period. See per-agent first-position-update audit. Schedule inferred from deterministic personFlow.",1.125,21606400
Development,NTP-newtaipei-idx6919-0-0|qp9,0,10028,403c28fd81c71737b5489dce7228431b38316d00956046b05cb16ee8c58b993b,COMPLETED_DIAGNOSTIC,0,historical,1.3558314648729552,5352,0.0640804597701158,36,37,1.0277777777777777,36,36,36,0,6,5,0,0,0,0,0,0,"FCD first observation is presence, not verified JuPedSim insertion; saved timestamps use the actual engine output step despite the requested 1-second device period. See per-agent first-position-update audit. Schedule inferred from deterministic personFlow.",1.2350000001024457,21573632
Development,NTP-newtaipei-idx6919-0-0|qp9,5,10000,cd52c2d50b7de794d5b79fa3aa5a7edf918ddb3f6bd9b1d693eaefb12a6eac65,COMPLETED_DIAGNOSTIC,0,historical,1.2342710472278753,5844,0.0699712643678166,36,36,1.0,36,36,36,0,6,6,20,20,20,0,3,3,"FCD first observation is presence, not verified JuPedSim insertion; saved timestamps use the actual engine output step despite the requested 1-second device period. See per-agent first-position-update audit. Schedule inferred from deterministic personFlow.",1.828999999910593,21815296
Development,NTP-newtaipei-idx6919-0-0|qp9,5,10001,f8b1fc7349e754dfd53c1366af3f78d0c161295c071a991058e3be6e2bc1ae11,COMPLETED_DIAGNOSTIC,0,historical,1.2429805725971264,5868,0.0702586206896559,36,36,1.0,36,36,36,0,6,7,20,20,20,0,3,4,"FCD first observation is presence, not verified JuPedSim insertion; saved timestamps use the actual engine output step despite the requested 1-second device period. See per-agent first-position-update audit. Schedule inferred from deterministic personFlow.",1.828999999910593,21774336
Development,NTP-newtaipei-idx6919-0-0|qp9,5,10002,eed36a95639fd971cfb427748932f641a428649f2934a492d2d00f30ea922ef3,COMPLETED_DIAGNOSTIC,0,historical,1.2511912549492117,5809,0.0695522030651347,36,37,1.0277777777777777,36,36,36,0,6,6,20,20,20,0,3,3,"FCD first observation is presence, not verified JuPedSim insertion; saved timestamps use the actual engine output step despite the requested 1-second device period. See per-agent first-position-update audit. Schedule inferred from deterministic personFlow.",1.7339999999385327,21696512
Development,NTP-newtaipei-idx6919-0-0|qp9,5,10003,512e0e40056886924a2803cbc8a3ea2ce143e0f0d74baf13a2beb5da8d6ac2b6,COMPLETED_DIAGNOSTIC,0,historical,1.2160304704504084,5973,0.0715158045977017,36,37,1.0277777777777777,36,36,36,0,7,6,20,20,20,0,4,3,"FCD first observation is presence, not verified JuPedSim insertion; saved timestamps use the actual engine output step despite the requested 1-second device period. See per-agent first-position-update audit. Schedule inferred from deterministic personFlow.",1.75,21688320
Development,NTP-newtaipei-idx6919-0-0|qp9,5,10004,f56e77ec612f696e8ac6d2e57cb3d272d902d504127e910acf68f21e880b9de4,COMPLETED_DIAGNOSTIC,0,historical,1.3011033369214624,5574,0.0667385057471273,36,36,1.0,36,36,36,0,6,6,20,20,20,0,3,3,"FCD first observation is presence, not verified JuPedSim insertion; saved timestamps use the actual engine output step despite the requested 1-second device period. See per-agent first-position-update audit. Schedule inferred from deterministic personFlow.",1.797000000020489,21692416
Development,NTP-newtaipei-idx6919-0-0|qp9,5,10005,6b18048ba9689bbc5fe7f949fd470e58dc0ded7a4dba5c84150221c51b166884,COMPLETED_DIAGNOSTIC,0,historical,1.2178930606771745,5966,0.0714319923371652,36,36,1.0,36,36,36,0,6,6,20,20,20,0,3,3,"FCD first observation is presence, not verified JuPedSim insertion; saved timestamps use the actual engine output step despite the requested 1-second device period. See per-agent first-position-update audit. Schedule inferred from deterministic personFlow.",1.8129999998491255,21663744
Development,NTP-newtaipei-idx6919-0-0|qp9,5,10006,0e03e6e426adb9442595e029df4a86dfb5b65d7ecf76b702d0ddcfa70614968c,COMPLETED_DIAGNOSTIC,0,historical,1.1953604344963495,6076,0.0727490421455942,36,36,1.0,36,36,36,0,6,6,20,20,20,0,3,3,"FCD first observation is presence, not verified JuPedSim insertion; saved timestamps use the actual engine output step despite the requested 1-second device period. See per-agent first-position-update audit. Schedule inferred from deterministic personFlow.",1.8130000000819564,21893120
Development,NTP-newtaipei-idx6919-0-0|qp9,5,10007,92ef83e3df18856ab409b066f53062a5cbc52bcdf4f2d93af1afc9ef2b1aa9be,COMPLETED_DIAGNOSTIC,0,historical,1.2319769217716023,5893,0.0705579501915719,36,34,0.9444444444444444,36,36,36,0,5,7,20,20,20,0,3,3,"FCD first observation is presence, not verified JuPedSim insertion; saved timestamps use the actual engine output step despite the requested 1-second device period. See per-agent first-position-update audit. Schedule inferred from deterministic personFlow.",1.7969999997876585,21897216
Development,NTP-newtaipei-idx6919-0-0|qp9,5,10009,bf6a0073eb55b3000d39fc6974d0f51bc21d5c5e55ca8556aa1c8b9ce4009cb6,COMPLETED_DIAGNOSTIC,0,historical,1.2712780898876457,5696,0.0681992337164754,36,36,1.0,36,36,36,0,6,6,20,20,20,0,3,4,"FCD first observation is presence, not verified JuPedSim insertion; saved timestamps use the actual engine output step despite the requested 1-second device period. See per-agent first-position-update audit. Schedule inferred from deterministic personFlow.",1.7809999999590218,21929984
Development,NTP-newtaipei-idx6919-0-0|qp9,5,10008,aeabfe2f7808765c8de9bce7938ec9b4d778f4bc71b5d81d742d6d58c4db7e2e,COMPLETED_DIAGNOSTIC,0,historical,1.2895170354759498,5694,0.0681752873563227,36,36,1.0,36,36,36,0,6,6,20,20,20,0,3,3,"FCD first observation is presence, not verified JuPedSim insertion; saved timestamps use the actual engine output step despite the requested 1-second device period. See per-agent first-position-update audit. Schedule inferred from deterministic personFlow.",1.7809999999590218,21897216
Development,NTP-newtaipei-idx6919-0-0|qp9,5,10011,7fc8982dd53b6e038941429276a6cb71a4f877346e36a89f18be59bd260c295a,COMPLETED_DIAGNOSTIC,0,historical,1.2759255393180375,5748,0.0688218390804608,36,37,1.0277777777777777,36,36,36,0,6,6,20,20,20,0,3,3,"FCD first observation is presence, not verified JuPedSim insertion; saved timestamps use the actual engine output step despite the requested 1-second device period. See per-agent first-position-update audit. Schedule inferred from deterministic personFlow.",1.4839999999385327,21696512
Development,NTP-newtaipei-idx6919-0-0|qp9,5,10010,f99bc3e266b561c6a77a89b2b86309e777ef99a32d6334258c1a28ad17acf18e,COMPLETED_DIAGNOSTIC,0,historical,1.282822940861172,5597,0.0670138888888895,36,36,1.0,36,36,36,0,5,6,20,20,20,0,3,4,"FCD first observation is presence, not verified JuPedSim insertion; saved timestamps use the actual engine output step despite the requested 1-second device period. See per-agent first-position-update audit. Schedule inferred from deterministic personFlow.",1.577999999979511,21716992
Development,NTP-newtaipei-idx6919-0-0|qp9,5,10012,6252b5d80926d38e4b5cdc4f95442891eebd70fe031811b33983d8360b76b3c3,COMPLETED_DIAGNOSTIC,0,historical,1.2237184237116872,5938,0.0710967432950201,36,34,0.9444444444444444,36,36,36,0,5,7,20,20,20,0,3,3,"FCD first observation is presence, not verified JuPedSim insertion; saved timestamps use the actual engine output step despite the requested 1-second device period. See per-agent first-position-update audit. Schedule inferred from deterministic personFlow.",1.8590000001713636,21692416
Development,NTP-newtaipei-idx6919-0-0|qp9,5,10013,6f3c987d5d7413adcd13d2ecd23eff4d79d1b0f20e09cb5fa4db4ae4c5341ac3,COMPLETED_DIAGNOSTIC,0,historical,1.2548842471715218,5745,0.0687859195402307,36,37,1.0277777777777777,36,36,36,0,6,5,20,20,20,0,3,3,"FCD first observation is presence, not verified JuPedSim insertion; saved timestamps use the actual engine output step despite the requested 1-second device period. See per-agent first-position-update audit. Schedule inferred from deterministic personFlow.",1.8910000000614675,21680128
Development,NTP-newtaipei-idx6919-0-0|qp9,5,10014,034d176ac5040b5204e4e39a15d284d2ca521123f5c2b96a58e2508e0c987826,COMPLETED_DIAGNOSTIC,0,historical,1.289373335700332,5633,0.0674449233716484,36,37,1.0277777777777777,36,36,36,0,7,6,20,20,20,0,3,3,"FCD first observation is presence, not verified JuPedSim insertion; saved timestamps use the actual engine output step despite the requested 1-second device period. See per-agent first-position-update audit. Schedule inferred from deterministic personFlow.",1.8589999999385327,21676032
Development,NTP-newtaipei-idx6919-0-0|qp9,5,10015,d7e5ff23f26345f6228e060fb36703f4d4a0fe8ddc25adabdce94ccdb9dcaa63,COMPLETED_DIAGNOSTIC,0,historical,1.276523044322806,5663,0.0678041187739469,36,36,1.0,36,36,36,0,6,6,20,20,20,0,3,3,"FCD first observation is presence, not verified JuPedSim insertion; saved timestamps use the actual engine output step despite the requested 1-second device period. See per-agent first-position-update audit. Schedule inferred from deterministic personFlow.",2.093000000109896,21737472
Development,NTP-newtaipei-idx6919-0-0|qp9,5,10016,cdf9d559d5ec890fd428bf0517f72e3cfbb2c8650374a08bb8fe53f4ccc3cc20,COMPLETED_DIAGNOSTIC,0,historical,1.252444020135364,5761,0.0689774904214567,36,36,1.0,36,36,36,0,6,6,20,20,20,0,3,3,"FCD first observation is presence, not verified JuPedSim insertion; saved timestamps use the actual engine output step despite the requested 1-second device period. See per-agent first-position-update audit. Schedule inferred from deterministic personFlow.",2.0,21753856
Development,NTP-newtaipei-idx6919-0-0|qp9,5,10017,318348dc2d26b3f5634f1cd8f6bf58e867041a877a0a49c9b1dab41581553d26,COMPLETED_DIAGNOSTIC,0,historical,1.2592361111110908,5760,0.0689655172413798,36,35,0.9722222222222222,36,36,36,0,5,6,20,20,20,0,3,3,"FCD first observation is presence, not verified JuPedSim insertion; saved timestamps use the actual engine output step despite the requested 1-second device period. See per-agent first-position-update audit. Schedule inferred from deterministic personFlow.",2.0,21835776
Development,NTP-newtaipei-idx6919-0-0|qp9,5,10018,1bbb13a1c8f85f1eeba16f67952db1dbbe80c419bdb08f5fff9f54ce5b99fda5,COMPLETED_DIAGNOSTIC,0,historical,1.3039793373708677,5614,0.067217432950192,36,37,1.0277777777777777,36,36,36,0,6,6,20,20,20,0,3,3,"FCD first observation is presence, not verified JuPedSim insertion; saved timestamps use the actual engine output step despite the requested 1-second device period. See per-agent first-position-update audit. Schedule inferred from deterministic personFlow.",1.6409999998286366,21782528
Development,NTP-newtaipei-idx6919-0-0|qp9,5,10019,3912fcfd3fc5d19c2a89d44b5e8a76131a5b11ae29fdbda87b272315f51f6c07,COMPLETED_DIAGNOSTIC,0,historical,1.2847636426833489,5754,0.0688936781609195,36,36,1.0,36,36,36,0,6,6,20,20,20,0,3,3,"FCD first observation is presence, not verified JuPedSim insertion; saved timestamps use the actual engine output step despite the requested 1-second device period. See per-agent first-position-update audit. Schedule inferred from deterministic personFlow.",1.5469999997876585,21823488
Development,NTP-newtaipei-idx6919-0-0|qp9,5,10021,24f8079f19c0d0537f3768d2ed4472e1c9fbf0e3e161cfae037f4dae9af3f157,COMPLETED_DIAGNOSTIC,0,historical,1.2682896818421707,5689,0.068115421455939,36,36,1.0,36,36,36,0,6,6,20,20,20,0,3,3,"FCD first observation is presence, not verified JuPedSim insertion; saved timestamps use the actual engine output step despite the requested 1-second device period. See per-agent first-position-update audit. Schedule inferred from deterministic personFlow.",1.6410000000614673,21852160
Development,NTP-newtaipei-idx6919-0-0|qp9,5,10020,1c51d6df0f3b458e049debdb6ef5ff60a7abf8cae5e3b68fc6e8dd7e16081996,COMPLETED_DIAGNOSTIC,0,historical,1.269807692307679,5772,0.069109195402299,36,36,1.0,36,36,36,0,6,7,20,20,20,0,3,3,"FCD first observation is presence, not verified JuPedSim insertion; saved timestamps use the actual engine output step despite the requested 1-second device period. See per-agent first-position-update audit. Schedule inferred from deterministic personFlow.",1.8439999998081475,21913600
Development,NTP-newtaipei-idx6919-0-0|qp9,5,10022,6b1022ae5fd53e8bd1d21e7109d5b765b886472b5965351bb5a316e998c17a22,COMPLETED_DIAGNOSTIC,0,historical,1.2561803392177242,5778,0.0691810344827598,36,36,1.0,36,36,36,0,6,6,20,20,20,0,3,3,"FCD first observation is presence, not verified JuPedSim insertion; saved timestamps use the actual engine output step despite the requested 1-second device period. See per-agent first-position-update audit. Schedule inferred from deterministic personFlow.",2.077999999979511,21848064
Development,NTP-newtaipei-idx6919-0-0|qp9,5,10023,3d1ece40f87afdd488b2b49faeef6be0d5fcd7628d308a6fa94430c120924630,COMPLETED_DIAGNOSTIC,0,historical,1.173774898785457,6175,0.0739343869731806,36,37,1.0277777777777777,36,36,36,0,7,6,20,20,20,0,4,3,"FCD first observation is presence, not verified JuPedSim insertion; saved timestamps use the actual engine output step despite the requested 1-second device period. See per-agent first-position-update audit. Schedule inferred from deterministic personFlow.",2.094000000040978,21880832
Development,NTP-newtaipei-idx6919-0-0|qp9,5,10024,1b8a941899012bb79e223da9543271a1d79648cf4361872aab36c8a938c1ae74,COMPLETED_DIAGNOSTIC,0,historical,1.2138364571239149,6029,0.0721863026819931,36,35,0.9722222222222222,36,36,36,0,5,6,20,20,20,0,3,3,"FCD first observation is presence, not verified JuPedSim insertion; saved timestamps use the actual engine output step despite the requested 1-second device period. See per-agent first-position-update audit. Schedule inferred from deterministic personFlow.",1.6870000001508745,21893120
Development,NTP-newtaipei-idx6919-0-0|qp9,5,10025,79ce96786f7b0fd8cf9928b627b140bcea64874b9b2e7c5a219590565ee2b2a7,COMPLETED_DIAGNOSTIC,0,historical,1.2508272464752654,5887,0.0704861111111116,36,36,1.0,36,36,36,0,6,6,20,20,20,0,3,3,"FCD first observation is presence, not verified JuPedSim insertion; saved timestamps use the actual engine output step despite the requested 1-second device period. See per-agent first-position-update audit. Schedule inferred from deterministic personFlow.",1.6870000001508745,21901312
Development,NTP-newtaipei-idx6919-0-0|qp9,5,10026,26eabaedcc7988f44dc2d68dc6f898f1d555aa7cfab8d6c87409e88364be85e9,COMPLETED_DIAGNOSTIC,0,historical,1.270318942731263,5675,0.0679477969348668,36,36,1.0,36,36,36,0,6,6,20,20,20,0,3,3,"FCD first observation is presence, not verified JuPedSim insertion; saved timestamps use the actual engine output step despite the requested 1-second device period. See per-agent first-position-update audit. Schedule inferred from deterministic personFlow.",1.7659999998286366,21909504
Development,NTP-newtaipei-idx6919-0-0|qp9,5,10027,5ea9c11d56dd93608324038e467a895e24701ab23121065e0df7eb0127484b67,COMPLETED_DIAGNOSTIC,0,historical,1.2543775790921845,5816,0.0696360153256717,36,37,1.0277777777777777,36,36,36,0,7,6,20,20,20,0,4,3,"FCD first observation is presence, not verified JuPedSim insertion; saved timestamps use the actual engine output step despite the requested 1-second device period. See per-agent first-position-update audit. Schedule inferred from deterministic personFlow.",1.797000000020489,21843968
Development,NTP-newtaipei-idx6919-0-0|qp9,5,10028,37a5eede5b56576eebe02ae4a644bae792256b614f7cf4133d6b3968b455d525,COMPLETED_DIAGNOSTIC,0,historical,1.2824284705051312,5662,0.0677921455938706,36,36,1.0,36,36,36,0,6,7,20,20,20,0,3,3,"FCD first observation is presence, not verified JuPedSim insertion; saved timestamps use the actual engine output step despite the requested 1-second device period. See per-agent first-position-update audit. Schedule inferred from deterministic personFlow.",1.75,21889024
Development,NTP-newtaipei-idx6919-0-0|qp9,5,10029,c0162e0d08643783904dc3345ce889ef4689b7ed98f78f09534e12483077daea,COMPLETED_DIAGNOSTIC,0,historical,1.297401251117079,5595,0.0669899425287358,36,36,1.0,36,36,36,0,6,6,20,20,20,0,3,4,"FCD first observation is presence, not verified JuPedSim insertion; saved timestamps use the actual engine output step despite the requested 1-second device period. See per-agent first-position-update audit. Schedule inferred from deterministic personFlow.",1.75,21925888
Development,NTP-newtaipei-idx6919-0-0|qp9,6,10000,361047690303374554e2db3f12baca87ad0d4f5ad3bdd26db939858e49e03986,COMPLETED_DIAGNOSTIC,0,historical,1.2494927785419032,5816,0.0696360153256711,36,36,1.0,36,36,36,0,6,6,24,24,24,0,4,3,"FCD first observation is presence, not verified JuPedSim insertion; saved timestamps use the actual engine output step despite the requested 1-second device period. See per-agent first-position-update audit. Schedule inferred from deterministic personFlow.",1.625,21725184
Development,NTP-newtaipei-idx6919-0-0|qp9,6,10001,55ac65a41059ece22707aaa31cba4785cbb3d91bad2410152e6ea66a9e73c179,COMPLETED_DIAGNOSTIC,0,historical,1.249758256724541,5874,0.0703304597701152,36,36,1.0,36,36,36,0,6,6,24,24,24,0,4,3,"FCD first observation is presence, not verified JuPedSim insertion; saved timestamps use the actual engine output step despite the requested 1-second device period. See per-agent first-position-update audit. Schedule inferred from deterministic personFlow.",1.9380000000819564,21766144
Development,NTP-newtaipei-idx6919-0-0|qp9,6,10002,c1cbfe69d05b706efa68fac8151aa204086fc5ad60cdcbc4ef2f7c5e9dbdab06,COMPLETED_DIAGNOSTIC,0,historical,1.2440943396226367,5830,0.0698036398467438,36,37,1.0277777777777777,36,36,36,0,7,6,24,24,24,0,4,3,"FCD first observation is presence, not verified JuPedSim insertion; saved timestamps use the actual engine output step despite the requested 1-second device period. See per-agent first-position-update audit. Schedule inferred from deterministic personFlow.",1.922000000020489,21745664
Development,NTP-newtaipei-idx6919-0-0|qp9,6,10003,6fe93ba173ddfaac9bdf726010eaead54568ab4eded07bb757b4144afd75187e,COMPLETED_DIAGNOSTIC,0,historical,1.200816896778482,6084,0.0728448275862071,36,37,1.0277777777777777,36,36,36,0,7,6,24,24,24,0,5,3,"FCD first observation is presence, not verified JuPedSim insertion; saved timestamps use the actual engine output step despite the requested 1-second device period. See per-agent first-position-update audit. Schedule inferred from deterministic personFlow.",2.0310000001918525,21737472
Development,NTP-newtaipei-idx6919-0-0|qp9,6,10004,5e156f68f4eada75351daab459c51aa05c4849d9c07ba8d449f1d3877b5678a2,COMPLETED_DIAGNOSTIC,0,historical,1.2730718038529287,5710,0.068366858237549,36,36,1.0,36,36,36,0,6,6,24,24,24,0,5,3,"FCD first observation is presence, not verified JuPedSim insertion; saved timestamps use the actual engine output step despite the requested 1-second device period. See per-agent first-position-update audit. Schedule inferred from deterministic personFlow.",1.5620000001508745,21745664
Development,NTP-newtaipei-idx6919-0-0|qp9,6,10005,fc7061a8eb8c5b4694786e785b89fb60bee559020ef2086bd700933dcb8f445c,COMPLETED_DIAGNOSTIC,0,historical,1.220291786135952,5929,0.0709889846743299,36,36,1.0,36,36,36,0,6,6,24,24,24,0,4,3,"FCD first observation is presence, not verified JuPedSim insertion; saved timestamps use the actual engine output step despite the requested 1-second device period. See per-agent first-position-update audit. Schedule inferred from deterministic personFlow.",1.577999999979511,21921792
Development,NTP-newtaipei-idx6919-0-0|qp9,6,10006,dfbb3fa958f89b0b080cf3b964a69d85747708bddfcbb979265cb5bf85831d27,COMPLETED_DIAGNOSTIC,0,historical,1.219983099543653,5917,0.0708453065134112,36,36,1.0,36,36,36,0,6,6,24,24,24,0,4,3,"FCD first observation is presence, not verified JuPedSim insertion; saved timestamps use the actual engine output step despite the requested 1-second device period. See per-agent first-position-update audit. Schedule inferred from deterministic personFlow.",1.75,21925888
Development,NTP-newtaipei-idx6919-0-0|qp9,6,10007,dacbd21cfbbfdc5bedaf8fc98c50b902f87359eb2d5a4a34394637ded94a1fcf,COMPLETED_DIAGNOSTIC,0,historical,1.2053717779246598,6052,0.0724616858237554,36,35,0.9722222222222222,36,36,36,0,6,7,24,24,24,0,4,3,"FCD first observation is presence, not verified JuPedSim insertion; saved timestamps use the actual engine output step despite the requested 1-second device period. See per-agent first-position-update audit. Schedule inferred from deterministic personFlow.",1.7650000001303852,21893120
Development,NTP-newtaipei-idx6919-0-0|qp9,6,10008,ed6f7144d36e1a12326c23676499ffaf9107429e05b4cdfa44e5c778b7cc9a06,COMPLETED_DIAGNOSTIC,0,historical,1.26126143226921,5795,0.0693845785440624,36,36,1.0,36,36,36,0,6,6,24,24,24,0,4,3,"FCD first observation is presence, not verified JuPedSim insertion; saved timestamps use the actual engine output step despite the requested 1-second device period. See per-agent first-position-update audit. Schedule inferred from deterministic personFlow.",1.6400000001303852,21876736
Development,NTP-newtaipei-idx6919-0-0|qp9,6,10009,243f617d6c9c9b8ed91cf0e25d20668a58380d602d088ca2cff313fdd22c04ef,COMPLETED_DIAGNOSTIC,0,historical,1.2451460290350187,5855,0.07010296934866,36,36,1.0,36,36,36,0,6,6,24,24,24,0,4,3,"FCD first observation is presence, not verified JuPedSim insertion; saved timestamps use the actual engine output step despite the requested 1-second device period. See per-agent first-position-update audit. Schedule inferred from deterministic personFlow.",1.702999999979511,21839872
Development,NTP-newtaipei-idx6919-0-0|qp9,6,10010,e7959363f0eaa16ef49e535c1bcad7bee03319eb96d2bb382075f0bb356df42f,COMPLETED_DIAGNOSTIC,0,historical,1.266246705324189,5691,0.0681393678160931,36,36,1.0,36,36,36,0,6,6,24,24,24,0,4,3,"FCD first observation is presence, not verified JuPedSim insertion; saved timestamps use the actual engine output step despite the requested 1-second device period. See per-agent first-position-update audit. Schedule inferred from deterministic personFlow.",2.031999999890104,21925888
Development,NTP-newtaipei-idx6919-0-0|qp9,6,10011,3e779bfae81db1e4b73b0df29f4f652d68b62a86de75638d0d737f147f8ab2c3,COMPLETED_DIAGNOSTIC,0,historical,1.2406161377447775,5924,0.0709291187739474,36,36,1.0,36,36,36,0,6,6,24,24,24,0,4,3,"FCD first observation is presence, not verified JuPedSim insertion; saved timestamps use the actual engine output step despite the requested 1-second device period. See per-agent first-position-update audit. Schedule inferred from deterministic personFlow.",2.094000000040978,21954560
Development,NTP-newtaipei-idx6919-0-0|qp9,6,10012,f2e5957dd661dafa9f8da1bf9e7943ed23ec1362ed43f7a423b8e79d315bf617,COMPLETED_DIAGNOSTIC,0,historical,1.259449764931219,5743,0.0687619731800775,36,34,0.9444444444444444,36,36,36,0,5,7,24,24,24,0,4,3,"FCD first observation is presence, not verified JuPedSim insertion; saved timestamps use the actual engine output step despite the requested 1-second device period. See per-agent first-position-update audit. Schedule inferred from deterministic personFlow.",2.0630000000819564,21958656
Development,NTP-newtaipei-idx6919-0-0|qp9,6,10013,10e0e5afce7008fbc2d2efe28f03459d30df02f7c2f62eeea2c13e8c81092d88,COMPLETED_DIAGNOSTIC,0,historical,1.1941332236842683,6080,0.0727969348659008,36,36,1.0,36,36,36,0,6,6,24,24,24,0,4,4,"FCD first observation is presence, not verified JuPedSim insertion; saved timestamps use the actual engine output step despite the requested 1-second device period. See per-agent first-position-update audit. Schedule inferred from deterministic personFlow.",1.7340000001713634,21897216
Development,NTP-newtaipei-idx6919-0-0|qp9,6,10014,67abeed792bb09cf35c4731d8432605f4a54cc3d86d1e0764602df57b7f1f29d,COMPLETED_DIAGNOSTIC,0,historical,1.298617059243385,5604,0.0670977011494254,36,37,1.0277777777777777,36,36,36,0,7,6,24,24,24,0,4,3,"FCD first observation is presence, not verified JuPedSim insertion; saved timestamps use the actual engine output step despite the requested 1-second device period. See per-agent first-position-update audit. Schedule inferred from deterministic personFlow.",1.7339999999385327,21712896
Development,NTP-newtaipei-idx6919-0-0|qp9,6,10015,ba12e78237866d98e1e9dafeb99275228a5c6e5f73261b35216f140c793f602e,COMPLETED_DIAGNOSTIC,0,historical,1.2745231416549885,5704,0.0682950191570885,36,36,1.0,36,36,36,0,6,6,24,24,24,0,4,3,"FCD first observation is presence, not verified JuPedSim insertion; saved timestamps use the actual engine output step despite the requested 1-second device period. See per-agent first-position-update audit. Schedule inferred from deterministic personFlow.",1.9839999999385327,21704704
Development,NTP-newtaipei-idx6919-0-0|qp9,6,10016,d61afd6cdd2ba6ddfa847e16b2bee1cc9c375b101e93f8eb344800676e6c282b,COMPLETED_DIAGNOSTIC,0,historical,1.2028295978905443,6068,0.0726532567049816,36,36,1.0,36,36,36,0,6,6,24,24,24,0,4,3,"FCD first observation is presence, not verified JuPedSim insertion; saved timestamps use the actual engine output step despite the requested 1-second device period. See per-agent first-position-update audit. Schedule inferred from deterministic personFlow.",2.031999999890104,21737472
Development,NTP-newtaipei-idx6919-0-0|qp9,6,10017,169f62ed214937c6134427478bfb78dd4d6cf4c1f8617cc97fa7c00b5afaf4c2,COMPLETED_DIAGNOSTIC,0,historical,1.2649483633817458,5713,0.0684027777777779,36,35,0.9722222222222222,36,36,36,0,5,6,24,24,24,0,4,3,"FCD first observation is presence, not verified JuPedSim insertion; saved timestamps use the actual engine output step despite the requested 1-second device period. See per-agent first-position-update audit. Schedule inferred from deterministic personFlow.",2.0159999998286366,21704704
Development,NTP-newtaipei-idx6919-0-0|qp9,6,10018,9b107ea76ca5336ebab1e9f70018f13b6e7a1ef0057d36484514076224a0906a,COMPLETED_DIAGNOSTIC,0,historical,1.3013045032165889,5596,0.0670019157088129,36,37,1.0277777777777777,36,36,36,0,6,5,24,24,24,0,4,3,"FCD first observation is presence, not verified JuPedSim insertion; saved timestamps use the actual engine output step despite the requested 1-second device period. See per-agent first-position-update audit. Schedule inferred from deterministic personFlow.",1.625,21798912
Development,NTP-newtaipei-idx6919-0-0|qp9,6,10020,da22e993f4e79a80106c2ce84f3a920562514f5863fc98f9752199f1958d8187,COMPLETED_DIAGNOSTIC,0,historical,1.2505732591468457,5931,0.0710129310344829,36,36,1.0,36,36,36,0,6,6,24,24,24,0,4,3,"FCD first observation is presence, not verified JuPedSim insertion; saved timestamps use the actual engine output step despite the requested 1-second device period. See per-agent first-position-update audit. Schedule inferred from deterministic personFlow.",1.8440000000409784,21692416
Development,NTP-newtaipei-idx6919-0-0|qp9,6,10019,5bde488683fbbdd755417c195c71fc38b479718c12ec87da858b07f51a459233,COMPLETED_DIAGNOSTIC,0,historical,1.3261758875473106,5549,0.0664391762452106,36,36,1.0,36,36,36,0,6,6,24,24,24,0,4,3,"FCD first observation is presence, not verified JuPedSim insertion; saved timestamps use the actual engine output step despite the requested 1-second device period. See per-agent first-position-update audit. Schedule inferred from deterministic personFlow.",2.094000000040978,21794816
Development,NTP-newtaipei-idx6919-0-0|qp9,6,10021,53631dab93e905c2a332bf4c83d1a12fe9ce84945a3422307d65383710d42572,COMPLETED_DIAGNOSTIC,0,historical,1.2433888984361785,5819,0.0696719348659008,36,36,1.0,36,36,36,0,6,6,24,24,24,0,4,3,"FCD first observation is presence, not verified JuPedSim insertion; saved timestamps use the actual engine output step despite the requested 1-second device period. See per-agent first-position-update audit. Schedule inferred from deterministic personFlow.",2.0620000001508743,21704704
Development,NTP-newtaipei-idx6919-0-0|qp9,6,10022,3be56e8684693e126f9191426fb943fcecc2a23ab916423336a40acff28cbc09,COMPLETED_DIAGNOSTIC,0,historical,1.2543551175656922,5784,0.0692528735632194,36,36,1.0,36,36,36,0,6,6,24,24,24,0,4,3,"FCD first observation is presence, not verified JuPedSim insertion; saved timestamps use the actual engine output step despite the requested 1-second device period. See per-agent first-position-update audit. Schedule inferred from deterministic personFlow.",1.9380000000819564,21975040
Development,NTP-newtaipei-idx6919-0-0|qp9,6,10023,b34d297bbdbecf6cd2ef0086d829222dbda860c7104466656509ec2e16f7e7a1,COMPLETED_DIAGNOSTIC,0,historical,1.1623158742949595,6205,0.0742935823754797,36,37,1.0277777777777777,36,36,36,0,7,6,24,24,24,0,5,3,"FCD first observation is presence, not verified JuPedSim insertion; saved timestamps use the actual engine output step despite the requested 1-second device period. See per-agent first-position-update audit. Schedule inferred from deterministic personFlow.",2.296000000089407,21983232
Development,NTP-newtaipei-idx6919-0-0|qp9,6,10024,de74c610d1b7a07f19928d680553b04814a263cf907f004d8d49e97cf7ce2d44,COMPLETED_DIAGNOSTIC,0,historical,1.198925998690252,6108,0.0731321839080463,36,35,0.9722222222222222,36,36,36,0,5,6,24,24,24,0,4,3,"FCD first observation is presence, not verified JuPedSim insertion; saved timestamps use the actual engine output step despite the requested 1-second device period. See per-agent first-position-update audit. Schedule inferred from deterministic personFlow.",2.375,21942272
Development,NTP-newtaipei-idx6919-0-0|qp9,6,10025,c3d9dd38adfc2db5f81587a48d6193461c698c46c4758616e7e360a981867b2b,COMPLETED_DIAGNOSTIC,0,historical,1.2549138525154868,5804,0.0694923371647518,36,36,1.0,36,36,36,0,6,7,24,24,24,0,4,3,"FCD first observation is presence, not verified JuPedSim insertion; saved timestamps use the actual engine output step despite the requested 1-second device period. See per-agent first-position-update audit. Schedule inferred from deterministic personFlow.",2.3120000001508743,21934080
Development,NTP-newtaipei-idx6919-0-0|qp9,6,10026,7e78e9d706945d74b64073db5e8d22dc2c341788e3b3fa10da26b2c929921c8d,COMPLETED_DIAGNOSTIC,0,historical,1.2622309573724555,5724,0.0685344827586215,36,35,0.9722222222222222,36,36,36,0,5,6,24,24,24,0,4,4,"FCD first observation is presence, not verified JuPedSim insertion; saved timestamps use the actual engine output step despite the requested 1-second device period. See per-agent first-position-update audit. Schedule inferred from deterministic personFlow.",1.625,21880832
Development,NTP-newtaipei-idx6919-0-0|qp9,6,10027,261a7ae443723cd7b79e3ea061591bc64ed12b97d975bdef0d99ded9eb415136,COMPLETED_DIAGNOSTIC,0,historical,1.2545976422347784,5853,0.0700790229885071,36,37,1.0277777777777777,36,36,36,0,7,6,24,24,24,0,4,3,"FCD first observation is presence, not verified JuPedSim insertion; saved timestamps use the actual engine output step despite the requested 1-second device period. See per-agent first-position-update audit. Schedule inferred from deterministic personFlow.",2.077999999979511,21704704
Development,NTP-newtaipei-idx6919-0-0|qp9,6,10028,8fb47379136a8960ee4b6ce7171c5cbd21f6c3d01d747d1b71f050b3832a9220,COMPLETED_DIAGNOSTIC,0,historical,1.2593779160186716,5787,0.069288793103449,36,35,0.9722222222222222,36,36,36,0,6,7,24,24,24,0,4,3,"FCD first observation is presence, not verified JuPedSim insertion; saved timestamps use the actual engine output step despite the requested 1-second device period. See per-agent first-position-update audit. Schedule inferred from deterministic personFlow.",2.172000000020489,21704704
Development,NTP-newtaipei-idx6919-0-0|qp9,6,10029,05a6ed447d35b5e5bfec78527a4492a60631d78bc15f6350ea307ae323ee6a93,COMPLETED_DIAGNOSTIC,0,historical,1.27386203246296,5668,0.0678639846743295,36,35,0.9722222222222222,36,36,36,0,5,6,24,24,24,0,4,4,"FCD first observation is presence, not verified JuPedSim insertion; saved timestamps use the actual engine output step despite the requested 1-second device period. See per-agent first-position-update audit. Schedule inferred from deterministic personFlow.",2.172000000020489,21716992
Development,NTP-newtaipei-idx6919-0-0|qp9,7,10000,29cf611726b8dcafcf027b1f030f12794feee7541d4ec829ad03d46fa93c1ea5,COMPLETED_DIAGNOSTIC,0,historical,1.2055945810335833,5979,0.071587643678161,36,36,1.0,36,36,36,0,6,6,28,28,28,0,4,4,"FCD first observation is presence, not verified JuPedSim insertion; saved timestamps use the actual engine output step despite the requested 1-second device period. See per-agent first-position-update audit. Schedule inferred from deterministic personFlow.",1.9690000000409784,21762048
Development,NTP-newtaipei-idx6919-0-0|qp9,7,10003,e3046e88bc3337d8b5ab1291be17fda6f6954a948bb3fd15eb196e93d90e8600,COMPLETED_DIAGNOSTIC,0,historical,1.184345481287833,6119,0.0732638888888893,36,37,1.0277777777777777,36,36,36,0,7,7,28,28,28,0,5,4,"FCD first observation is presence, not verified JuPedSim insertion; saved timestamps use the actual engine output step despite the requested 1-second device period. See per-agent first-position-update audit. Schedule inferred from deterministic personFlow.",2.390000000130385,21729280
Development,NTP-newtaipei-idx6919-0-0|qp9,7,10001,66c9b6e48308b6029f639ae9b84b1205a0d72adc141f00f515d1750e5231e41b,COMPLETED_DIAGNOSTIC,0,historical,1.232018810883428,5954,0.0712883141762458,36,36,1.0,36,36,36,0,6,6,28,28,28,0,4,4,"FCD first observation is presence, not verified JuPedSim insertion; saved timestamps use the actual engine output step despite the requested 1-second device period. See per-agent first-position-update audit. Schedule inferred from deterministic personFlow.",2.577999999979511,21716992
Development,NTP-newtaipei-idx6919-0-0|qp9,7,10004,8477810d3206218efcf8014e67bd66cb5f3a68e0fdb40da6e80a06f2b2570719,COMPLETED_DIAGNOSTIC,0,historical,1.2755635660278073,5687,0.0680914750957863,36,36,1.0,36,36,36,0,6,6,28,28,28,0,4,4,"FCD first observation is presence, not verified JuPedSim insertion; saved timestamps use the actual engine output step despite the requested 1-second device period. See per-agent first-position-update audit. Schedule inferred from deterministic personFlow.",2.468000000109896,21770240
Development,NTP-newtaipei-idx6919-0-0|qp9,7,10002,38aad45663ca30114e83224b00832d72c02d34cdcc61878aa5ca3f0feb5f595a,COMPLETED_DIAGNOSTIC,0,historical,1.181093189964154,6138,0.0734913793103456,36,36,1.0,36,36,36,0,6,6,28,28,28,0,4,4,"FCD first observation is presence, not verified JuPedSim insertion; saved timestamps use the actual engine output step despite the requested 1-second device period. See per-agent first-position-update audit. Schedule inferred from deterministic personFlow.",2.594000000040978,21770240
Development,NTP-newtaipei-idx6919-0-0|qp9,7,10007,8fcc8f5d8dff4eb4e8c4d08929638b103b40f66c3276e71593c91824597b1808,COMPLETED_DIAGNOSTIC,0,historical,1.2522449687716934,5764,0.0690134099616871,36,35,0.9722222222222222,36,36,36,0,5,6,28,28,28,0,4,5,"FCD first observation is presence, not verified JuPedSim insertion; saved timestamps use the actual engine output step despite the requested 1-second device period. See per-agent first-position-update audit. Schedule inferred from deterministic personFlow.",2.109000000171364,21778432
Development,NTP-newtaipei-idx6919-0-0|qp9,7,10008,e449adb5bfa118130bcf92b0e3a6d5ca9f91111b26a6711290e227e772a3ae50,COMPLETED_DIAGNOSTIC,0,historical,1.268585086042077,5753,0.0688817049808438,36,36,1.0,36,36,36,0,6,6,28,28,28,0,4,4,"FCD first observation is presence, not verified JuPedSim insertion; saved timestamps use the actual engine output step despite the requested 1-second device period. See per-agent first-position-update audit. Schedule inferred from deterministic personFlow.",2.172000000020489,21716992
Development,NTP-newtaipei-idx6919-0-0|qp9,7,10005,66ef2f03068bd81f3f8084c79307120953b7f7ce57fb95d862aabeeca4b04540,COMPLETED_DIAGNOSTIC,0,historical,1.2334811416921805,5886,0.070474137931035,36,36,1.0,36,36,36,0,6,6,28,28,28,0,5,4,"FCD first observation is presence, not verified JuPedSim insertion; saved timestamps use the actual engine output step despite the requested 1-second device period. See per-agent first-position-update audit. Schedule inferred from deterministic personFlow.",2.4060000001918525,21741568
Development,NTP-newtaipei-idx6919-0-0|qp9,7,10006,272f2342c0a8f236a535436d6b0346f28514c592376d88b52c63f73e56cbae92,COMPLETED_DIAGNOSTIC,0,historical,1.2029403929403557,6006,0.0719109195402307,36,36,1.0,36,36,36,0,6,6,28,28,28,0,4,4,"FCD first observation is presence, not verified JuPedSim insertion; saved timestamps use the actual engine output step despite the requested 1-second device period. See per-agent first-position-update audit. Schedule inferred from deterministic personFlow.",2.3909999998286366,21741568
Development,NTP-newtaipei-idx6919-0-0|qp9,7,10010,59f67a598c55b65fdb08bc695d12bcaa038fd746472843c96dfbb36a18c77723,COMPLETED_DIAGNOSTIC,0,historical,1.25949194113525,5708,0.0683429118773952,36,35,0.9722222222222222,36,36,36,0,5,7,28,28,28,0,4,4,"FCD first observation is presence, not verified JuPedSim insertion; saved timestamps use the actual engine output step despite the requested 1-second device period. See per-agent first-position-update audit. Schedule inferred from deterministic personFlow.",2.0939999998081475,21798912
Development,NTP-newtaipei-idx6919-0-0|qp9,7,10011,d566d8c0974ab3a0d2f0155bfe82f64762c7f148c3d33fc3b1cc373bd6fd3c85,COMPLETED_DIAGNOSTIC,0,historical,1.2585052342543437,5827,0.0697677203065146,36,37,1.0277777777777777,36,36,36,0,6,6,28,28,28,0,4,4,"FCD first observation is presence, not verified JuPedSim insertion; saved timestamps use the actual engine output step despite the requested 1-second device period. See per-agent first-position-update audit. Schedule inferred from deterministic personFlow.",2.25,21733376
Development,NTP-newtaipei-idx6919-0-0|qp9,7,10012,5dd93db13c5ec0ac50d7c662b641ff28cee42ab734994edbe10f888d6621f9d5,COMPLETED_DIAGNOSTIC,0,historical,1.2300376196990384,5848,0.0700191570881233,36,34,0.9444444444444444,36,36,36,0,5,7,28,28,28,0,4,4,"FCD first observation is presence, not verified JuPedSim insertion; saved timestamps use the actual engine output step despite the requested 1-second device period. See per-agent first-position-update audit. Schedule inferred from deterministic personFlow.",2.2660000000614677,21733376
Development,NTP-newtaipei-idx6919-0-0|qp9,7,10009,19ffebb20e3939f763284a84ef8119ed9e9893ac7d215b0f65dbccabc741a969,COMPLETED_DIAGNOSTIC,0,historical,1.2529888027562548,5805,0.0695043103448279,36,37,1.0277777777777777,36,36,36,0,6,6,28,28,28,0,4,4,"FCD first observation is presence, not verified JuPedSim insertion; saved timestamps use the actual engine output step despite the requested 1-second device period. See per-agent first-position-update audit. Schedule inferred from deterministic personFlow.",2.422000000020489,21848064
Development,NTP-newtaipei-idx6919-0-0|qp9,7,10013,e5055513051e6147d098f443c681254de62321a862cb8597e83bf568d4634b5d,COMPLETED_DIAGNOSTIC,0,historical,1.2264347530969577,5893,0.070557950191572,36,36,1.0,36,36,36,0,6,6,28,28,28,0,5,4,"FCD first observation is presence, not verified JuPedSim insertion; saved timestamps use the actual engine output step despite the requested 1-second device period. See per-agent first-position-update audit. Schedule inferred from deterministic personFlow.",2.468000000109896,21729280
Development,NTP-newtaipei-idx6919-0-0|qp9,7,10014,5c1fc624e5b04b60d70ef6a8ee68d078ef5bede97b1e89f6bc92c68854088271,COMPLETED_DIAGNOSTIC,0,historical,1.2669627307558295,5742,0.0687500000000007,36,37,1.0277777777777777,36,36,36,0,7,6,28,28,28,0,5,4,"FCD first observation is presence, not verified JuPedSim insertion; saved timestamps use the actual engine output step despite the requested 1-second device period. See per-agent first-position-update audit. Schedule inferred from deterministic personFlow.",2.484000000171364,21692416
Development,NTP-newtaipei-idx6919-0-0|qp9,7,10015,6ac04e5ea80da9359acd871c398dc926dd8223bfaab850fabfcad9631ae04a25,COMPLETED_DIAGNOSTIC,0,historical,1.2649868949851577,5723,0.0685225095785444,36,36,1.0,36,36,36,0,6,6,28,28,28,0,4,4,"FCD first observation is presence, not verified JuPedSim insertion; saved timestamps use the actual engine output step despite the requested 1-second device period. See per-agent first-position-update audit. Schedule inferred from deterministic personFlow.",2.5,21721088
Development,NTP-newtaipei-idx6919-0-0|qp9,7,10016,24d59e1d0e7ee2729d1119f9caad67b989267bd5aa58be1653c30e244a93c7dd,COMPLETED_DIAGNOSTIC,0,historical,1.1958621256992183,6078,0.0727729885057475,36,36,1.0,36,36,36,0,6,6,28,28,28,0,4,4,"FCD first observation is presence, not verified JuPedSim insertion; saved timestamps use the actual engine output step despite the requested 1-second device period. See per-agent first-position-update audit. Schedule inferred from deterministic personFlow.",2.5159999998286366,21831680
Development,NTP-newtaipei-idx6919-0-0|qp9,7,10018,8bc8955d04219da27d1a16413b8d26697039750aa8ba9892ef7340b08915c3c6,COMPLETED_DIAGNOSTIC,0,historical,1.297267885673722,5633,0.0674449233716479,36,37,1.0277777777777777,36,36,36,0,6,5,28,28,28,0,4,4,"FCD first observation is presence, not verified JuPedSim insertion; saved timestamps use the actual engine output step despite the requested 1-second device period. See per-agent first-position-update audit. Schedule inferred from deterministic personFlow.",2.453000000212341,21766144
Development,NTP-newtaipei-idx6919-0-0|qp9,7,10019,6dcd1053cf0c1c58c745db00552968150dcd2be6113977e27bd7b5d03332801d,COMPLETED_DIAGNOSTIC,0,historical,1.2834641430803997,5759,0.0689535440613026,36,36,1.0,36,36,36,0,6,6,28,28,28,0,5,4,"FCD first observation is presence, not verified JuPedSim insertion; saved timestamps use the actual engine output step despite the requested 1-second device period. See per-agent first-position-update audit. Schedule inferred from deterministic personFlow.",2.469000000040978,21667840
Development,NTP-newtaipei-idx6919-0-0|qp9,7,10020,a7bc06f236d475cae6cd11aa33666305f8fb411444cfa2957ef67bee45aa4b86,COMPLETED_DIAGNOSTIC,0,historical,1.2432536609998257,5941,0.0711326628352496,36,35,0.9722222222222222,36,36,36,0,6,7,28,28,28,0,4,5,"FCD first observation is presence, not verified JuPedSim insertion; saved timestamps use the actual engine output step despite the requested 1-second device period. See per-agent first-position-update audit. Schedule inferred from deterministic personFlow.",2.484999999869615,21757952
Development,NTP-newtaipei-idx6919-0-0|qp9,7,10017,f8d9c70b7dbb80127c4d6f183cb68d733c16ac34c926ef903c4214a2833ebdf1,COMPLETED_DIAGNOSTIC,0,historical,1.2553701141473386,5782,0.0692289272030653,36,35,0.9722222222222222,36,36,36,0,5,6,28,28,28,0,4,4,"FCD first observation is presence, not verified JuPedSim insertion; saved timestamps use the actual engine output step despite the requested 1-second device period. See per-agent first-position-update audit. Schedule inferred from deterministic personFlow.",2.5620000001508743,21766144
Development,NTP-newtaipei-idx6919-0-0|qp9,7,10022,8f5318d0459ac013701bcb1b86c43b70f4d07e279ee65452ca4ccddcf4bd017e,COMPLETED_DIAGNOSTIC,0,historical,1.221633271594539,5939,0.0711087164750967,36,36,1.0,36,36,36,0,6,6,28,28,28,0,4,4,"FCD first observation is presence, not verified JuPedSim insertion; saved timestamps use the actual engine output step despite the requested 1-second device period. See per-agent first-position-update audit. Schedule inferred from deterministic personFlow.",2.5,21762048
Development,NTP-newtaipei-idx6919-0-0|qp9,7,10021,cbf8de6cfcc3ed32f8d14947a36123e69c2029bdbfba0cb24336f65d35913031,COMPLETED_DIAGNOSTIC,0,historical,1.2575472024943932,5773,0.0691211685823761,36,37,1.0277777777777777,36,36,36,0,7,6,28,28,28,0,5,4,"FCD first observation is presence, not verified JuPedSim insertion; saved timestamps use the actual engine output step despite the requested 1-second device period. See per-agent first-position-update audit. Schedule inferred from deterministic personFlow.",2.561999999918044,21737472
Development,NTP-newtaipei-idx6919-0-0|qp9,7,10024,831124ad2b499c45cd8edfe31b776c405dd7325ee3cdde83253c47b00b2c25e8,COMPLETED_DIAGNOSTIC,0,historical,1.2242168268420297,5931,0.0710129310344831,36,35,0.9722222222222222,36,36,36,0,5,6,28,28,28,0,4,4,"FCD first observation is presence, not verified JuPedSim insertion; saved timestamps use the actual engine output step despite the requested 1-second device period. See per-agent first-position-update audit. Schedule inferred from deterministic personFlow.",2.5620000001508743,21819392
Development,NTP-newtaipei-idx6919-0-0|qp9,7,10023,13aeeee023b12be5100efc7c75c5bc4d0b761687121c6725f230560b77387e3b,COMPLETED_DIAGNOSTIC,0,historical,1.1507344096233296,6318,0.0756465517241384,36,37,1.0277777777777777,36,36,36,0,7,6,28,28,28,0,5,5,"FCD first observation is presence, not verified JuPedSim insertion; saved timestamps use the actual engine output step despite the requested 1-second device period. See per-agent first-position-update audit. Schedule inferred from deterministic personFlow.",2.577999999979511,21827584
Development,NTP-newtaipei-idx6919-0-0|qp9,7,10025,b74b3b933e05ab17338ef76f0885f70bc085a988d9d46987cff52afd7af9c084,COMPLETED_DIAGNOSTIC,0,historical,1.2353527040644647,5954,0.0712883141762459,36,36,1.0,36,36,36,0,6,6,28,28,28,0,4,4,"FCD first observation is presence, not verified JuPedSim insertion; saved timestamps use the actual engine output step despite the requested 1-second device period. See per-agent first-position-update audit. Schedule inferred from deterministic personFlow.",2.547000000020489,21770240
Development,NTP-newtaipei-idx6919-0-0|qp9,7,10026,fb65856aa7361b381400481ec099d1d034132c154874bdcb9085be733f9dc1ab,COMPLETED_DIAGNOSTIC,0,historical,1.252380705394185,5784,0.0692528735632191,36,35,0.9722222222222222,36,36,36,0,5,6,28,28,28,0,4,4,"FCD first observation is presence, not verified JuPedSim insertion; saved timestamps use the actual engine output step despite the requested 1-second device period. See per-agent first-position-update audit. Schedule inferred from deterministic personFlow.",2.5629999998491257,21741568
Development,NTP-newtaipei-idx6919-0-0|qp9,7,10028,4c1046d520ab184fd569342425cd1a01d8e2a5e2d60824b75bbf0e27e401cf2f,COMPLETED_DIAGNOSTIC,0,historical,1.2652651646447246,5770,0.0690852490421469,36,35,0.9722222222222222,36,36,36,0,6,7,28,28,28,0,4,4,"FCD first observation is presence, not verified JuPedSim insertion; saved timestamps use the actual engine output step despite the requested 1-second device period. See per-agent first-position-update audit. Schedule inferred from deterministic personFlow.",2.594000000040978,21721088
Development,NTP-newtaipei-idx6919-0-0|qp9,7,10027,a4556a4e0caf90ec117e7e07deaf3fe2cbaf2fb188b19c2b3f93382815b67e78,COMPLETED_DIAGNOSTIC,0,historical,1.238955147808379,5886,0.0704741379310358,36,37,1.0277777777777777,36,36,36,0,7,6,28,28,28,0,4,4,"FCD first observation is presence, not verified JuPedSim insertion; saved timestamps use the actual engine output step despite the requested 1-second device period. See per-agent first-position-update audit. Schedule inferred from deterministic personFlow.",2.672000000020489,21770240
Development,NTP-newtaipei-idx6919-0-0|qp9,7,10029,c184d6b002b5ba63b1e9ac63904afca00f48039e20739d6393c9c810807dfd76,COMPLETED_DIAGNOSTIC,0,historical,1.2858552515445747,5665,0.0678280651340998,36,37,1.0277777777777777,36,36,36,0,6,6,28,28,28,0,4,4,"FCD first observation is presence, not verified JuPedSim insertion; saved timestamps use the actual engine output step despite the requested 1-second device period. See per-agent first-position-update audit. Schedule inferred from deterministic personFlow.",1.3120000001508745,21671936
